Oct 03 10:03:16 fim-host fim-agent[73116]: {"event_id": "29a6d834-1c35-48f4-a5f0-08b590da366d", "path": "/srv/fim-watch/mmap_C_escritura_convencional_005.bin", "action": "alert_only", "action_failed": false, "event": "decision.evaluated", "level": "info", "timestamp": "2026-10-03T13:03:16.202070Z"}
Oct 03 10:03:16 fim-host fim-agent[73116]: {"event_id": "29a6d834-1c35-48f4-a5f0-08b590da366d", "deferred": false, "event": "publisher.event_published", "level": "info", "timestamp": "2026-10-03T13:03:16.211077Z"}
Oct 03 10:03:16 fim-host fim-agent[73116]: {"path": "/srv/fim-watch/mmap_C_escritura_convencional_005.bin", "event_type": "file_modified", "event_id": "29a6d834-1c35-48f4-a5f0-08b590da366d", "event": "detector.change_detected", "level": "info", "timestamp": "2026-10-03T13:03:16.214240Z"}
Oct 03 10:03:16 fim-host fim-agent[73116]: {"event_id": "29a6d834-1c35-48f4-a5f0-08b590da366d", "event": "publisher.event_acked", "level": "info", "timestamp": "2026-10-03T13:03:16.217879Z"}
Oct 03 10:03:16 fim-host fim-agent[73116]: {"event_id": "86a15a52-8f7b-4b9b-9893-322de30e6a35", "path": "/srv/fim-watch/mmap_C_escritura_convencional_001.bin", "action": "alert_only", "action_failed": false, "event": "decision.evaluated", "level": "info", "timestamp": "2026-10-03T13:03:16.418127Z"}
Oct 03 10:03:16 fim-host fim-agent[73116]: {"event_id": "86a15a52-8f7b-4b9b-9893-322de30e6a35", "deferred": false, "event": "publisher.event_published", "level": "info", "timestamp": "2026-10-03T13:03:16.425581Z"}
Oct 03 10:03:16 fim-host fim-agent[73116]: {"path": "/srv/fim-watch/mmap_C_escritura_convencional_001.bin", "event_type": "file_modified", "event_id": "86a15a52-8f7b-4b9b-9893-322de30e6a35", "event": "detector.change_detected", "level": "info", "timestamp": "2026-10-03T13:03:16.429862Z"}
Oct 03 10:03:16 fim-host fim-agent[73116]: {"event_id": "86a15a52-8f7b-4b9b-9893-322de30e6a35", "event": "publisher.event_acked", "level": "info", "timestamp": "2026-10-03T13:03:16.436421Z"}
Oct 03 10:03:21 fim-host fim-agent[73116]: {"event_id": "9843af13-c486-4de5-a84d-616527746a60", "path": "/srv/fim-watch/mmap_C_escritura_convencional_006.bin", "action": "alert_only", "action_failed": false, "event": "decision.evaluated", "level": "info", "timestamp": "2026-10-03T13:03:21.212886Z"}
Oct 03 10:03:21 fim-host fim-agent[73116]: {"event_id": "9843af13-c486-4de5-a84d-616527746a60", "deferred": false, "event": "publisher.event_published", "level": "info", "timestamp": "2026-10-03T13:03:21.225373Z"}
Oct 03 10:03:21 fim-host fim-agent[73116]: {"path": "/srv/fim-watch/mmap_C_escritura_convencional_006.bin", "event_type": "file_modified", "event_id": "9843af13-c486-4de5-a84d-616527746a60", "event": "detector.change_detected", "level": "info", "timestamp": "2026-10-03T13:03:21.230884Z"}
Oct 03 10:03:21 fim-host fim-agent[73116]: {"event_id": "9843af13-c486-4de5-a84d-616527746a60", "event": "publisher.event_acked", "level": "info", "timestamp": "2026-10-03T13:03:21.237637Z"}
Oct 03 10:03:21 fim-host fim-agent[73116]: {"event_id": "34bbf109-a115-4987-84dd-8dcbfd91b0a4", "path": "/srv/fim-watch/mmap_C_escritura_convencional_001.bin", "action": "alert_only", "action_failed": false, "event": "decision.evaluated", "level": "info", "timestamp": "2026-10-03T13:03:21.422887Z"}
Oct 03 10:03:21 fim-host fim-agent[73116]: {"event_id": "34bbf109-a115-4987-84dd-8dcbfd91b0a4", "deferred": false, "event": "publisher.event_published", "level": "info", "timestamp": "2026-10-03T13:03:21.435154Z"}
Oct 03 10:03:21 fim-host fim-agent[73116]: {"path": "/srv/fim-watch/mmap_C_escritura_convencional_001.bin", "event_type": "file_modified", "event_id": "34bbf109-a115-4987-84dd-8dcbfd91b0a4", "event": "detector.change_detected", "level": "info", "timestamp": "2026-10-03T13:03:21.440363Z"}
Oct 03 10:03:21 fim-host fim-agent[73116]: {"event_id": "34bbf109-a115-4987-84dd-8dcbfd91b0a4", "event": "publisher.event_acked", "level": "info", "timestamp": "2026-10-03T13:03:21.446269Z"}
Oct 03 10:03:26 fim-host fim-agent[73116]: {"event_id": "bc91f4ea-e926-453c-8083-5b8327039a9f", "path": "/srv/fim-watch/mmap_C_escritura_convencional_006.bin", "action": "alert_only", "action_failed": false, "event": "decision.evaluated", "level": "info", "timestamp": "2026-10-03T13:03:26.209874Z"}
Oct 03 10:03:26 fim-host fim-agent[73116]: {"event_id": "bc91f4ea-e926-453c-8083-5b8327039a9f", "deferred": false, "event": "publisher.event_published", "level": "info", "timestamp": "2026-10-03T13:03:26.223464Z"}
Oct 03 10:03:26 fim-host fim-agent[73116]: {"path": "/srv/fim-watch/mmap_C_escritura_convencional_006.bin", "event_type": "file_modified", "event_id": "bc91f4ea-e926-453c-8083-5b8327039a9f", "event": "detector.change_detected", "level": "info", "timestamp": "2026-10-03T13:03:26.228181Z"}
Oct 03 10:03:26 fim-host fim-agent[73116]: {"event_id": "bc91f4ea-e926-453c-8083-5b8327039a9f", "event": "publisher.event_acked", "level": "info", "timestamp": "2026-10-03T13:03:26.231409Z"}
Oct 03 10:03:26 fim-host fim-agent[73116]: {"event_id": "4a97a626-b407-46fc-9b9a-209f4fd5bbb9", "path": "/srv/fim-watch/mmap_C_escritura_convencional_002.bin", "action": "alert_only", "action_failed": false, "event": "decision.evaluated", "level": "info", "timestamp": "2026-10-03T13:03:26.424831Z"}
Oct 03 10:03:26 fim-host fim-agent[73116]: {"event_id": "4a97a626-b407-46fc-9b9a-209f4fd5bbb9", "deferred": false, "event": "publisher.event_published", "level": "info", "timestamp": "2026-10-03T13:03:26.436330Z"}
Oct 03 10:03:26 fim-host fim-agent[73116]: {"path": "/srv/fim-watch/mmap_C_escritura_convencional_002.bin", "event_type": "file_modified", "event_id": "4a97a626-b407-46fc-9b9a-209f4fd5bbb9", "event": "detector.change_detected", "level": "info", "timestamp": "2026-10-03T13:03:26.442363Z"}
Oct 03 10:03:26 fim-host fim-agent[73116]: {"event_id": "4a97a626-b407-46fc-9b9a-209f4fd5bbb9", "event": "publisher.event_acked", "level": "info", "timestamp": "2026-10-03T13:03:26.450959Z"}
Oct 03 10:03:31 fim-host fim-agent[73116]: {"event_id": "562ab7da-429e-4ab9-ab89-30b7c2903ee4", "path": "/srv/fim-watch/mmap_C_escritura_convencional_007.bin", "action": "alert_only", "action_failed": false, "event": "decision.evaluated", "level": "info", "timestamp": "2026-10-03T13:03:31.206801Z"}
Oct 03 10:03:31 fim-host fim-agent[73116]: {"event_id": "562ab7da-429e-4ab9-ab89-30b7c2903ee4", "deferred": false, "event": "publisher.event_published", "level": "info", "timestamp": "2026-10-03T13:03:31.218631Z"}
Oct 03 10:03:31 fim-host fim-agent[73116]: {"path": "/srv/fim-watch/mmap_C_escritura_convencional_007.bin", "event_type": "file_modified", "event_id": "562ab7da-429e-4ab9-ab89-30b7c2903ee4", "event": "detector.change_detected", "level": "info", "timestamp": "2026-10-03T13:03:31.224020Z"}
Oct 03 10:03:31 fim-host fim-agent[73116]: {"event_id": "562ab7da-429e-4ab9-ab89-30b7c2903ee4", "event": "publisher.event_acked", "level": "info", "timestamp": "2026-10-03T13:03:31.228656Z"}
Oct 03 10:03:31 fim-host fim-agent[73116]: {"event_id": "de42c79f-0ead-4d33-a30b-a390fa716d67", "path": "/srv/fim-watch/mmap_C_escritura_convencional_002.bin", "action": "alert_only", "action_failed": false, "event": "decision.evaluated", "level": "info", "timestamp": "2026-10-03T13:03:31.425477Z"}
Oct 03 10:03:31 fim-host fim-agent[73116]: {"event_id": "de42c79f-0ead-4d33-a30b-a390fa716d67", "deferred": false, "event": "publisher.event_published", "level": "info", "timestamp": "2026-10-03T13:03:31.438269Z"}
Oct 03 10:03:31 fim-host fim-agent[73116]: {"path": "/srv/fim-watch/mmap_C_escritura_convencional_002.bin", "event_type": "file_modified", "event_id": "de42c79f-0ead-4d33-a30b-a390fa716d67", "event": "detector.change_detected", "level": "info", "timestamp": "2026-10-03T13:03:31.444030Z"}
Oct 03 10:03:31 fim-host fim-agent[73116]: {"event_id": "de42c79f-0ead-4d33-a30b-a390fa716d67", "event": "publisher.event_acked", "level": "info", "timestamp": "2026-10-03T13:03:31.446945Z"}
Oct 03 10:03:36 fim-host fim-agent[73116]: {"event_id": "83584c8f-f9cc-41e8-b81d-dd15c890ddf7", "path": "/srv/fim-watch/mmap_C_escritura_convencional_007.bin", "action": "alert_only", "action_failed": false, "event": "decision.evaluated", "level": "info", "timestamp": "2026-10-03T13:03:36.213043Z"}
Oct 03 10:03:36 fim-host fim-agent[73116]: {"event_id": "83584c8f-f9cc-41e8-b81d-dd15c890ddf7", "deferred": false, "event": "publisher.event_published", "level": "info", "timestamp": "2026-10-03T13:03:36.225537Z"}
Oct 03 10:03:36 fim-host fim-agent[73116]: {"path": "/srv/fim-watch/mmap_C_escritura_convencional_007.bin", "event_type": "file_modified", "event_id": "83584c8f-f9cc-41e8-b81d-dd15c890ddf7", "event": "detector.change_detected", "level": "info", "timestamp": "2026-10-03T13:03:36.229204Z"}
Oct 03 10:03:36 fim-host fim-agent[73116]: {"event_id": "83584c8f-f9cc-41e8-b81d-dd15c890ddf7", "event": "publisher.event_acked", "level": "info", "timestamp": "2026-10-03T13:03:36.236941Z"}
Oct 03 10:03:36 fim-host fim-agent[73116]: {"event_id": "3ffce7d1-e9d5-4301-b8ee-246e7147dc50", "path": "/srv/fim-watch/mmap_C_escritura_convencional_003.bin", "action": "alert_only", "action_failed": false, "event": "decision.evaluated", "level": "info", "timestamp": "2026-10-03T13:03:36.421856Z"}
Oct 03 10:03:36 fim-host fim-agent[73116]: {"event_id": "3ffce7d1-e9d5-4301-b8ee-246e7147dc50", "deferred": false, "event": "publisher.event_published", "level": "info", "timestamp": "2026-10-03T13:03:36.428360Z"}
Oct 03 10:03:36 fim-host fim-agent[73116]: {"path": "/srv/fim-watch/mmap_C_escritura_convencional_003.bin", "event_type": "file_modified", "event_id": "3ffce7d1-e9d5-4301-b8ee-246e7147dc50", "event": "detector.change_detected", "level": "info", "timestamp": "2026-10-03T13:03:36.431145Z"}
Oct 03 10:03:36 fim-host fim-agent[73116]: {"event_id": "3ffce7d1-e9d5-4301-b8ee-246e7147dc50", "event": "publisher.event_acked", "level": "info", "timestamp": "2026-10-03T13:03:36.432695Z"}
Oct 03 10:03:41 fim-host fim-agent[73116]: {"event_id": "2e5fa355-040d-4fc1-b3b7-586de83dd70c", "path": "/srv/fim-watch/mmap_C_escritura_convencional_008.bin", "action": "alert_only", "action_failed": false, "event": "decision.evaluated", "level": "info", "timestamp": "2026-10-03T13:03:41.213321Z"}
Oct 03 10:03:41 fim-host fim-agent[73116]: {"event_id": "2e5fa355-040d-4fc1-b3b7-586de83dd70c", "deferred": false, "event": "publisher.event_published", "level": "info", "timestamp": "2026-10-03T13:03:41.225410Z"}
Oct 03 10:03:41 fim-host fim-agent[73116]: {"path": "/srv/fim-watch/mmap_C_escritura_convencional_008.bin", "event_type": "file_modified", "event_id": "2e5fa355-040d-4fc1-b3b7-586de83dd70c", "event": "detector.change_detected", "level": "info", "timestamp": "2026-10-03T13:03:41.231477Z"}
Oct 03 10:03:41 fim-host fim-agent[73116]: {"event_id": "2e5fa355-040d-4fc1-b3b7-586de83dd70c", "event": "publisher.event_acked", "level": "info", "timestamp": "2026-10-03T13:03:41.236052Z"}
Oct 03 10:03:41 fim-host fim-agent[73116]: {"event_id": "4bfb932f-ba57-4cd5-9e48-911318f0b838", "path": "/srv/fim-watch/mmap_C_escritura_convencional_003.bin", "action": "alert_only", "action_failed": false, "event": "decision.evaluated", "level": "info", "timestamp": "2026-10-03T13:03:41.423682Z"}
Oct 03 10:03:41 fim-host fim-agent[73116]: {"event_id": "4bfb932f-ba57-4cd5-9e48-911318f0b838", "deferred": false, "event": "publisher.event_published", "level": "info", "timestamp": "2026-10-03T13:03:41.433222Z"}
Oct 03 10:03:41 fim-host fim-agent[73116]: {"path": "/srv/fim-watch/mmap_C_escritura_convencional_003.bin", "event_type": "file_modified", "event_id": "4bfb932f-ba57-4cd5-9e48-911318f0b838", "event": "detector.change_detected", "level": "info", "timestamp": "2026-10-03T13:03:41.439031Z"}
Oct 03 10:03:41 fim-host fim-agent[73116]: {"event_id": "4bfb932f-ba57-4cd5-9e48-911318f0b838", "event": "publisher.event_acked", "level": "info", "timestamp": "2026-10-03T13:03:41.447360Z"}
Oct 03 10:03:46 fim-host fim-agent[73116]: {"event_id": "b43cce2d-d276-4206-85f6-538461538da9", "path": "/srv/fim-watch/mmap_C_escritura_convencional_008.bin", "action": "alert_only", "action_failed": false, "event": "decision.evaluated", "level": "info", "timestamp": "2026-10-03T13:03:46.215322Z"}
Oct 03 10:03:46 fim-host fim-agent[73116]: {"event_id": "b43cce2d-d276-4206-85f6-538461538da9", "deferred": false, "event": "publisher.event_published", "level": "info", "timestamp": "2026-10-03T13:03:46.227901Z"}
Oct 03 10:03:46 fim-host fim-agent[73116]: {"path": "/srv/fim-watch/mmap_C_escritura_convencional_008.bin", "event_type": "file_modified", "event_id": "b43cce2d-d276-4206-85f6-538461538da9", "event": "detector.change_detected", "level": "info", "timestamp": "2026-10-03T13:03:46.233457Z"}
Oct 03 10:03:46 fim-host fim-agent[73116]: {"event_id": "b43cce2d-d276-4206-85f6-538461538da9", "event": "publisher.event_acked", "level": "info", "timestamp": "2026-10-03T13:03:46.239169Z"}
Oct 03 10:03:46 fim-host fim-agent[73116]: {"event_id": "436ab867-3428-4200-b287-3884046c0244", "path": "/srv/fim-watch/mmap_C_escritura_convencional_004.bin", "action": "alert_only", "action_failed": false, "event": "decision.evaluated", "level": "info", "timestamp": "2026-10-03T13:03:46.428966Z"}
Oct 03 10:03:46 fim-host fim-agent[73116]: {"event_id": "436ab867-3428-4200-b287-3884046c0244", "deferred": false, "event": "publisher.event_published", "level": "info", "timestamp": "2026-10-03T13:03:46.442490Z"}
Oct 03 10:03:46 fim-host fim-agent[73116]: {"path": "/srv/fim-watch/mmap_C_escritura_convencional_004.bin", "event_type": "file_modified", "event_id": "436ab867-3428-4200-b287-3884046c0244", "event": "detector.change_detected", "level": "info", "timestamp": "2026-10-03T13:03:46.448523Z"}
Oct 03 10:03:46 fim-host fim-agent[73116]: {"event_id": "436ab867-3428-4200-b287-3884046c0244", "event": "publisher.event_acked", "level": "info", "timestamp": "2026-10-03T13:03:46.456632Z"}
Oct 03 10:03:51 fim-host fim-agent[73116]: {"event_id": "888cfaa8-2ade-441a-b8cf-b1b1cb5a5d31", "path": "/srv/fim-watch/mmap_C_escritura_convencional_009.bin", "action": "alert_only", "action_failed": false, "event": "decision.evaluated", "level": "info", "timestamp": "2026-10-03T13:03:51.216651Z"}
Oct 03 10:03:51 fim-host fim-agent[73116]: {"event_id": "888cfaa8-2ade-441a-b8cf-b1b1cb5a5d31", "deferred": false, "event": "publisher.event_published", "level": "info", "timestamp": "2026-10-03T13:03:51.229814Z"}
Oct 03 10:03:51 fim-host fim-agent[73116]: {"path": "/srv/fim-watch/mmap_C_escritura_convencional_009.bin", "event_type": "file_modified", "event_id": "888cfaa8-2ade-441a-b8cf-b1b1cb5a5d31", "event": "detector.change_detected", "level": "info", "timestamp": "2026-10-03T13:03:51.235488Z"}
Oct 03 10:03:51 fim-host fim-agent[73116]: {"event_id": "888cfaa8-2ade-441a-b8cf-b1b1cb5a5d31", "event": "publisher.event_acked", "level": "info", "timestamp": "2026-10-03T13:03:51.240559Z"}
Oct 03 10:03:51 fim-host fim-agent[73116]: {"event_id": "31593fed-fb8f-43b3-9674-5249782451e8", "path": "/srv/fim-watch/mmap_C_escritura_convencional_004.bin", "action": "alert_only", "action_failed": false, "event": "decision.evaluated", "level": "info", "timestamp": "2026-10-03T13:03:51.427584Z"}
Oct 03 10:03:51 fim-host fim-agent[73116]: {"event_id": "31593fed-fb8f-43b3-9674-5249782451e8", "deferred": false, "event": "publisher.event_published", "level": "info", "timestamp": "2026-10-03T13:03:51.440070Z"}
Oct 03 10:03:51 fim-host fim-agent[73116]: {"path": "/srv/fim-watch/mmap_C_escritura_convencional_004.bin", "event_type": "file_modified", "event_id": "31593fed-fb8f-43b3-9674-5249782451e8", "event": "detector.change_detected", "level": "info", "timestamp": "2026-10-03T13:03:51.445430Z"}
Oct 03 10:03:51 fim-host fim-agent[73116]: {"event_id": "31593fed-fb8f-43b3-9674-5249782451e8", "event": "publisher.event_acked", "level": "info", "timestamp": "2026-10-03T13:03:51.451185Z"}
Oct 03 10:03:56 fim-host fim-agent[73116]: {"event_id": "f0ae640b-7384-4488-a676-c8bdbb0a8aef", "path": "/srv/fim-watch/mmap_C_escritura_convencional_009.bin", "action": "alert_only", "action_failed": false, "event": "decision.evaluated", "level": "info", "timestamp": "2026-10-03T13:03:56.219466Z"}
Oct 03 10:03:56 fim-host fim-agent[73116]: {"event_id": "f0ae640b-7384-4488-a676-c8bdbb0a8aef", "deferred": false, "event": "publisher.event_published", "level": "info", "timestamp": "2026-10-03T13:03:56.231805Z"}
Oct 03 10:03:56 fim-host fim-agent[73116]: {"path": "/srv/fim-watch/mmap_C_escritura_convencional_009.bin", "event_type": "file_modified", "event_id": "f0ae640b-7384-4488-a676-c8bdbb0a8aef", "event": "detector.change_detected", "level": "info", "timestamp": "2026-10-03T13:03:56.237584Z"}
Oct 03 10:03:56 fim-host fim-agent[73116]: {"event_id": "f0ae640b-7384-4488-a676-c8bdbb0a8aef", "event": "publisher.event_acked", "level": "info", "timestamp": "2026-10-03T13:03:56.246674Z"}
Oct 03 10:03:56 fim-host fim-agent[73116]: {"event_id": "c130b1c2-3d86-4188-8c53-3edf0e5d1ddb", "path": "/srv/fim-watch/mmap_C_escritura_convencional_005.bin", "action": "alert_only", "action_failed": false, "event": "decision.evaluated", "level": "info", "timestamp": "2026-10-03T13:03:56.429414Z"}
Oct 03 10:03:56 fim-host fim-agent[73116]: {"event_id": "c130b1c2-3d86-4188-8c53-3edf0e5d1ddb", "deferred": false, "event": "publisher.event_published", "level": "info", "timestamp": "2026-10-03T13:03:56.442952Z"}
Oct 03 10:03:56 fim-host fim-agent[73116]: {"path": "/srv/fim-watch/mmap_C_escritura_convencional_005.bin", "event_type": "file_modified", "event_id": "c130b1c2-3d86-4188-8c53-3edf0e5d1ddb", "event": "detector.change_detected", "level": "info", "timestamp": "2026-10-03T13:03:56.448904Z"}
Oct 03 10:03:56 fim-host fim-agent[73116]: {"event_id": "c130b1c2-3d86-4188-8c53-3edf0e5d1ddb", "event": "publisher.event_acked", "level": "info", "timestamp": "2026-10-03T13:03:56.453136Z"}
Oct 03 10:04:01 fim-host fim-agent[73116]: {"event_id": "270dd856-f563-4517-894e-fa42133f3efb", "path": "/srv/fim-watch/mmap_C_escritura_convencional_010.bin", "action": "alert_only", "action_failed": false, "event": "decision.evaluated", "level": "info", "timestamp": "2026-10-03T13:04:01.215923Z"}
Oct 03 10:04:01 fim-host fim-agent[73116]: {"event_id": "270dd856-f563-4517-894e-fa42133f3efb", "deferred": false, "event": "publisher.event_published", "level": "info", "timestamp": "2026-10-03T13:04:01.224495Z"}
Oct 03 10:04:01 fim-host fim-agent[73116]: {"path": "/srv/fim-watch/mmap_C_escritura_convencional_010.bin", "event_type": "file_modified", "event_id": "270dd856-f563-4517-894e-fa42133f3efb", "event": "detector.change_detected", "level": "info", "timestamp": "2026-10-03T13:04:01.228878Z"}
Oct 03 10:04:01 fim-host fim-agent[73116]: {"event_id": "270dd856-f563-4517-894e-fa42133f3efb", "event": "publisher.event_acked", "level": "info", "timestamp": "2026-10-03T13:04:01.232027Z"}
Oct 03 10:04:01 fim-host fim-agent[73116]: {"event_id": "8cdcaf11-5b25-40fc-b9c1-aea41000019d", "path": "/srv/fim-watch/mmap_C_escritura_convencional_005.bin", "action": "alert_only", "action_failed": false, "event": "decision.evaluated", "level": "info", "timestamp": "2026-10-03T13:04:01.430184Z"}
Oct 03 10:04:01 fim-host fim-agent[73116]: {"event_id": "8cdcaf11-5b25-40fc-b9c1-aea41000019d", "deferred": false, "event": "publisher.event_published", "level": "info", "timestamp": "2026-10-03T13:04:01.441924Z"}
Oct 03 10:04:01 fim-host fim-agent[73116]: {"path": "/srv/fim-watch/mmap_C_escritura_convencional_005.bin", "event_type": "file_modified", "event_id": "8cdcaf11-5b25-40fc-b9c1-aea41000019d", "event": "detector.change_detected", "level": "info", "timestamp": "2026-10-03T13:04:01.447256Z"}
Oct 03 10:04:01 fim-host fim-agent[73116]: {"event_id": "8cdcaf11-5b25-40fc-b9c1-aea41000019d", "event": "publisher.event_acked", "level": "info", "timestamp": "2026-10-03T13:04:01.455421Z"}
Oct 03 10:04:06 fim-host fim-agent[73116]: {"event_id": "e0cde2ee-2ad5-4d36-8856-e67aa5b948ec", "path": "/srv/fim-watch/mmap_C_escritura_convencional_010.bin", "action": "alert_only", "action_failed": false, "event": "decision.evaluated", "level": "info", "timestamp": "2026-10-03T13:04:06.217460Z"}
Oct 03 10:04:06 fim-host fim-agent[73116]: {"event_id": "e0cde2ee-2ad5-4d36-8856-e67aa5b948ec", "deferred": false, "event": "publisher.event_published", "level": "info", "timestamp": "2026-10-03T13:04:06.227999Z"}
Oct 03 10:04:06 fim-host fim-agent[73116]: {"path": "/srv/fim-watch/mmap_C_escritura_convencional_010.bin", "event_type": "file_modified", "event_id": "e0cde2ee-2ad5-4d36-8856-e67aa5b948ec", "event": "detector.change_detected", "level": "info", "timestamp": "2026-10-03T13:04:06.231534Z"}
Oct 03 10:04:06 fim-host fim-agent[73116]: {"event_id": "e0cde2ee-2ad5-4d36-8856-e67aa5b948ec", "event": "publisher.event_acked", "level": "info", "timestamp": "2026-10-03T13:04:06.235061Z"}
Oct 03 10:04:06 fim-host fim-agent[73116]: {"event_id": "e1b0bb2b-db96-4c82-b086-7d42ec789398", "path": "/srv/fim-watch/mmap_C_escritura_convencional_006.bin", "action": "alert_only", "action_failed": false, "event": "decision.evaluated", "level": "info", "timestamp": "2026-10-03T13:04:06.427458Z"}
Oct 03 10:04:06 fim-host fim-agent[73116]: {"event_id": "e1b0bb2b-db96-4c82-b086-7d42ec789398", "deferred": false, "event": "publisher.event_published", "level": "info", "timestamp": "2026-10-03T13:04:06.437120Z"}
Oct 03 10:04:06 fim-host fim-agent[73116]: {"path": "/srv/fim-watch/mmap_C_escritura_convencional_006.bin", "event_type": "file_modified", "event_id": "e1b0bb2b-db96-4c82-b086-7d42ec789398", "event": "detector.change_detected", "level": "info", "timestamp": "2026-10-03T13:04:06.441376Z"}
Oct 03 10:04:06 fim-host fim-agent[73116]: {"event_id": "e1b0bb2b-db96-4c82-b086-7d42ec789398", "event": "publisher.event_acked", "level": "info", "timestamp": "2026-10-03T13:04:06.446658Z"}
Oct 03 10:04:11 fim-host fim-agent[73116]: {"event_id": "98ce7cac-1720-4072-8b87-12bb8cee676b", "path": "/srv/fim-watch/mmap_D_mmap_close_retardo_000ms_001.bin", "action": "alert_only", "action_failed": false, "event": "decision.evaluated", "level": "info", "timestamp": "2026-10-03T13:04:11.219929Z"}
Oct 03 10:04:11 fim-host fim-agent[73116]: {"event_id": "98ce7cac-1720-4072-8b87-12bb8cee676b", "deferred": false, "event": "publisher.event_published", "level": "info", "timestamp": "2026-10-03T13:04:11.231650Z"}
Oct 03 10:04:11 fim-host fim-agent[73116]: {"path": "/srv/fim-watch/mmap_D_mmap_close_retardo_000ms_001.bin", "event_type": "file_modified", "event_id": "98ce7cac-1720-4072-8b87-12bb8cee676b", "event": "detector.change_detected", "level": "info", "timestamp": "2026-10-03T13:04:11.237352Z"}
Oct 03 10:04:11 fim-host fim-agent[73116]: {"event_id": "98ce7cac-1720-4072-8b87-12bb8cee676b", "event": "publisher.event_acked", "level": "info", "timestamp": "2026-10-03T13:04:11.247917Z"}
Oct 03 10:04:11 fim-host fim-agent[73116]: {"event_id": "a5cdf560-c27a-499a-aca3-b822d14fffe8", "path": "/srv/fim-watch/mmap_C_escritura_convencional_006.bin", "action": "alert_only", "action_failed": false, "event": "decision.evaluated", "level": "info", "timestamp": "2026-10-03T13:04:11.431839Z"}
Oct 03 10:04:11 fim-host fim-agent[73116]: {"event_id": "a5cdf560-c27a-499a-aca3-b822d14fffe8", "deferred": false, "event": "publisher.event_published", "level": "info", "timestamp": "2026-10-03T13:04:11.439786Z"}
Oct 03 10:04:11 fim-host fim-agent[73116]: {"path": "/srv/fim-watch/mmap_C_escritura_convencional_006.bin", "event_type": "file_modified", "event_id": "a5cdf560-c27a-499a-aca3-b822d14fffe8", "event": "detector.change_detected", "level": "info", "timestamp": "2026-10-03T13:04:11.445616Z"}
Oct 03 10:04:11 fim-host fim-agent[73116]: {"event_id": "a5cdf560-c27a-499a-aca3-b822d14fffe8", "event": "publisher.event_acked", "level": "info", "timestamp": "2026-10-03T13:04:11.451832Z"}
Oct 03 10:04:16 fim-host fim-agent[73116]: {"event_id": "95b8cf5e-8b5d-4400-8b12-db91e383a806", "path": "/srv/fim-watch/mmap_D_mmap_close_retardo_000ms_001.bin", "action": "alert_only", "action_failed": false, "event": "decision.evaluated", "level": "info", "timestamp": "2026-10-03T13:04:16.224567Z"}
Oct 03 10:04:16 fim-host fim-agent[73116]: {"event_id": "95b8cf5e-8b5d-4400-8b12-db91e383a806", "deferred": false, "event": "publisher.event_published", "level": "info", "timestamp": "2026-10-03T13:04:16.235192Z"}
Oct 03 10:04:16 fim-host fim-agent[73116]: {"path": "/srv/fim-watch/mmap_D_mmap_close_retardo_000ms_001.bin", "event_type": "file_modified", "event_id": "95b8cf5e-8b5d-4400-8b12-db91e383a806", "event": "detector.change_detected", "level": "info", "timestamp": "2026-10-03T13:04:16.240214Z"}
Oct 03 10:04:16 fim-host fim-agent[73116]: {"event_id": "95b8cf5e-8b5d-4400-8b12-db91e383a806", "event": "publisher.event_acked", "level": "info", "timestamp": "2026-10-03T13:04:16.249831Z"}
Oct 03 10:04:16 fim-host fim-agent[73116]: {"event_id": "209039f3-6b4e-42af-a9eb-e9ad8f8a7f18", "path": "/srv/fim-watch/mmap_C_escritura_convencional_007.bin", "action": "alert_only", "action_failed": false, "event": "decision.evaluated", "level": "info", "timestamp": "2026-10-03T13:04:16.428661Z"}
Oct 03 10:04:16 fim-host fim-agent[73116]: {"event_id": "209039f3-6b4e-42af-a9eb-e9ad8f8a7f18", "deferred": false, "event": "publisher.event_published", "level": "info", "timestamp": "2026-10-03T13:04:16.436501Z"}
Oct 03 10:04:16 fim-host fim-agent[73116]: {"path": "/srv/fim-watch/mmap_C_escritura_convencional_007.bin", "event_type": "file_modified", "event_id": "209039f3-6b4e-42af-a9eb-e9ad8f8a7f18", "event": "detector.change_detected", "level": "info", "timestamp": "2026-10-03T13:04:16.441525Z"}
Oct 03 10:04:16 fim-host fim-agent[73116]: {"event_id": "209039f3-6b4e-42af-a9eb-e9ad8f8a7f18", "event": "publisher.event_acked", "level": "info", "timestamp": "2026-10-03T13:04:16.446146Z"}
Oct 03 10:04:21 fim-host fim-agent[73116]: {"event_id": "77ee8c52-4a45-4ba1-b19f-b4bd9391067d", "path": "/srv/fim-watch/mmap_D_mmap_close_retardo_000ms_002.bin", "action": "alert_only", "action_failed": false, "event": "decision.evaluated", "level": "info", "timestamp": "2026-10-03T13:04:21.233232Z"}
Oct 03 10:04:21 fim-host fim-agent[73116]: {"event_id": "77ee8c52-4a45-4ba1-b19f-b4bd9391067d", "deferred": false, "event": "publisher.event_published", "level": "info", "timestamp": "2026-10-03T13:04:21.245169Z"}
Oct 03 10:04:21 fim-host fim-agent[73116]: {"path": "/srv/fim-watch/mmap_D_mmap_close_retardo_000ms_002.bin", "event_type": "file_modified", "event_id": "77ee8c52-4a45-4ba1-b19f-b4bd9391067d", "event": "detector.change_detected", "level": "info", "timestamp": "2026-10-03T13:04:21.250691Z"}
Oct 03 10:04:21 fim-host fim-agent[73116]: {"event_id": "77ee8c52-4a45-4ba1-b19f-b4bd9391067d", "event": "publisher.event_acked", "level": "info", "timestamp": "2026-10-03T13:04:21.259608Z"}
Oct 03 10:04:21 fim-host fim-agent[73116]: {"event_id": "3135b4de-7cc4-4b4d-9019-fd5529d0cfb2", "path": "/srv/fim-watch/mmap_C_escritura_convencional_007.bin", "action": "alert_only", "action_failed": false, "event": "decision.evaluated", "level": "info", "timestamp": "2026-10-03T13:04:21.429722Z"}
Oct 03 10:04:21 fim-host fim-agent[73116]: {"event_id": "3135b4de-7cc4-4b4d-9019-fd5529d0cfb2", "deferred": false, "event": "publisher.event_published", "level": "info", "timestamp": "2026-10-03T13:04:21.436627Z"}
Oct 03 10:04:21 fim-host fim-agent[73116]: {"path": "/srv/fim-watch/mmap_C_escritura_convencional_007.bin", "event_type": "file_modified", "event_id": "3135b4de-7cc4-4b4d-9019-fd5529d0cfb2", "event": "detector.change_detected", "level": "info", "timestamp": "2026-10-03T13:04:21.439763Z"}
Oct 03 10:04:21 fim-host fim-agent[73116]: {"event_id": "3135b4de-7cc4-4b4d-9019-fd5529d0cfb2", "event": "publisher.event_acked", "level": "info", "timestamp": "2026-10-03T13:04:21.442030Z"}
Oct 03 10:04:26 fim-host fim-agent[73116]: {"event_id": "01f44085-8c93-449c-99d7-e330067e22a8", "path": "/srv/fim-watch/mmap_D_mmap_close_retardo_000ms_002.bin", "action": "alert_only", "action_failed": false, "event": "decision.evaluated", "level": "info", "timestamp": "2026-10-03T13:04:26.236497Z"}
Oct 03 10:04:26 fim-host fim-agent[73116]: {"event_id": "01f44085-8c93-449c-99d7-e330067e22a8", "deferred": false, "event": "publisher.event_published", "level": "info", "timestamp": "2026-10-03T13:04:26.244122Z"}
Oct 03 10:04:26 fim-host fim-agent[73116]: {"path": "/srv/fim-watch/mmap_D_mmap_close_retardo_000ms_002.bin", "event_type": "file_modified", "event_id": "01f44085-8c93-449c-99d7-e330067e22a8", "event": "detector.change_detected", "level": "info", "timestamp": "2026-10-03T13:04:26.247940Z"}
Oct 03 10:04:26 fim-host fim-agent[73116]: {"event_id": "01f44085-8c93-449c-99d7-e330067e22a8", "event": "publisher.event_acked", "level": "info", "timestamp": "2026-10-03T13:04:26.249980Z"}
Oct 03 10:04:26 fim-host fim-agent[73116]: {"event_id": "69780c62-b19b-439f-ae56-de760aec7f24", "path": "/srv/fim-watch/mmap_C_escritura_convencional_008.bin", "action": "alert_only", "action_failed": false, "event": "decision.evaluated", "level": "info", "timestamp": "2026-10-03T13:04:26.435879Z"}
Oct 03 10:04:26 fim-host fim-agent[73116]: {"event_id": "69780c62-b19b-439f-ae56-de760aec7f24", "deferred": false, "event": "publisher.event_published", "level": "info", "timestamp": "2026-10-03T13:04:26.448139Z"}
Oct 03 10:04:26 fim-host fim-agent[73116]: {"path": "/srv/fim-watch/mmap_C_escritura_convencional_008.bin", "event_type": "file_modified", "event_id": "69780c62-b19b-439f-ae56-de760aec7f24", "event": "detector.change_detected", "level": "info", "timestamp": "2026-10-03T13:04:26.453649Z"}
Oct 03 10:04:26 fim-host fim-agent[73116]: {"event_id": "69780c62-b19b-439f-ae56-de760aec7f24", "event": "publisher.event_acked", "level": "info", "timestamp": "2026-10-03T13:04:26.463459Z"}
Oct 03 10:04:31 fim-host fim-agent[73116]: {"event_id": "027b8a8b-a95f-46d8-a6e0-80b62b647221", "path": "/srv/fim-watch/mmap_D_mmap_close_retardo_000ms_003.bin", "action": "alert_only", "action_failed": false, "event": "decision.evaluated", "level": "info", "timestamp": "2026-10-03T13:04:31.251933Z"}
Oct 03 10:04:31 fim-host fim-agent[73116]: {"event_id": "027b8a8b-a95f-46d8-a6e0-80b62b647221", "deferred": false, "event": "publisher.event_published", "level": "info", "timestamp": "2026-10-03T13:04:31.264462Z"}
Oct 03 10:04:31 fim-host fim-agent[73116]: {"path": "/srv/fim-watch/mmap_D_mmap_close_retardo_000ms_003.bin", "event_type": "file_modified", "event_id": "027b8a8b-a95f-46d8-a6e0-80b62b647221", "event": "detector.change_detected", "level": "info", "timestamp": "2026-10-03T13:04:31.269798Z"}
Oct 03 10:04:31 fim-host fim-agent[73116]: {"event_id": "027b8a8b-a95f-46d8-a6e0-80b62b647221", "event": "publisher.event_acked", "level": "info", "timestamp": "2026-10-03T13:04:31.275408Z"}
Oct 03 10:04:31 fim-host fim-agent[73116]: {"event_id": "20e9ebb7-70d3-4d27-83ff-a01badd8e0ed", "path": "/srv/fim-watch/mmap_C_escritura_convencional_008.bin", "action": "alert_only", "action_failed": false, "event": "decision.evaluated", "level": "info", "timestamp": "2026-10-03T13:04:31.436547Z"}
Oct 03 10:04:31 fim-host fim-agent[73116]: {"event_id": "20e9ebb7-70d3-4d27-83ff-a01badd8e0ed", "deferred": false, "event": "publisher.event_published", "level": "info", "timestamp": "2026-10-03T13:04:31.446820Z"}
Oct 03 10:04:31 fim-host fim-agent[73116]: {"path": "/srv/fim-watch/mmap_C_escritura_convencional_008.bin", "event_type": "file_modified", "event_id": "20e9ebb7-70d3-4d27-83ff-a01badd8e0ed", "event": "detector.change_detected", "level": "info", "timestamp": "2026-10-03T13:04:31.452057Z"}
Oct 03 10:04:31 fim-host fim-agent[73116]: {"event_id": "20e9ebb7-70d3-4d27-83ff-a01badd8e0ed", "event": "publisher.event_acked", "level": "info", "timestamp": "2026-10-03T13:04:31.453862Z"}
Oct 03 10:04:36 fim-host fim-agent[73116]: {"event_id": "08096521-cc23-48cd-87ea-e736ba340834", "path": "/srv/fim-watch/mmap_D_mmap_close_retardo_000ms_003.bin", "action": "alert_only", "action_failed": false, "event": "decision.evaluated", "level": "info", "timestamp": "2026-10-03T13:04:36.249150Z"}
Oct 03 10:04:36 fim-host fim-agent[73116]: {"event_id": "08096521-cc23-48cd-87ea-e736ba340834", "deferred": false, "event": "publisher.event_published", "level": "info", "timestamp": "2026-10-03T13:04:36.258988Z"}
Oct 03 10:04:36 fim-host fim-agent[73116]: {"path": "/srv/fim-watch/mmap_D_mmap_close_retardo_000ms_003.bin", "event_type": "file_modified", "event_id": "08096521-cc23-48cd-87ea-e736ba340834", "event": "detector.change_detected", "level": "info", "timestamp": "2026-10-03T13:04:36.264454Z"}
Oct 03 10:04:36 fim-host fim-agent[73116]: {"event_id": "08096521-cc23-48cd-87ea-e736ba340834", "event": "publisher.event_acked", "level": "info", "timestamp": "2026-10-03T13:04:36.273671Z"}
Oct 03 10:04:36 fim-host fim-agent[73116]: {"event_id": "dc6dd9e0-2062-4e17-ad7b-2d16f2b64808", "path": "/srv/fim-watch/mmap_C_escritura_convencional_009.bin", "action": "alert_only", "action_failed": false, "event": "decision.evaluated", "level": "info", "timestamp": "2026-10-03T13:04:36.436971Z"}
Oct 03 10:04:36 fim-host fim-agent[73116]: {"event_id": "dc6dd9e0-2062-4e17-ad7b-2d16f2b64808", "deferred": false, "event": "publisher.event_published", "level": "info", "timestamp": "2026-10-03T13:04:36.445151Z"}
Oct 03 10:04:36 fim-host fim-agent[73116]: {"path": "/srv/fim-watch/mmap_C_escritura_convencional_009.bin", "event_type": "file_modified", "event_id": "dc6dd9e0-2062-4e17-ad7b-2d16f2b64808", "event": "detector.change_detected", "level": "info", "timestamp": "2026-10-03T13:04:36.448233Z"}
Oct 03 10:04:36 fim-host fim-agent[73116]: {"event_id": "dc6dd9e0-2062-4e17-ad7b-2d16f2b64808", "event": "publisher.event_acked", "level": "info", "timestamp": "2026-10-03T13:04:36.450868Z"}
Oct 03 10:04:41 fim-host fim-agent[73116]: {"event_id": "e5c5d9f9-1396-4ec7-94d4-3abcd7b13c02", "path": "/srv/fim-watch/mmap_D_mmap_close_retardo_000ms_004.bin", "action": "alert_only", "action_failed": false, "event": "decision.evaluated", "level": "info", "timestamp": "2026-10-03T13:04:41.257147Z"}
Oct 03 10:04:41 fim-host fim-agent[73116]: {"event_id": "e5c5d9f9-1396-4ec7-94d4-3abcd7b13c02", "deferred": false, "event": "publisher.event_published", "level": "info", "timestamp": "2026-10-03T13:04:41.269951Z"}
Oct 03 10:04:41 fim-host fim-agent[73116]: {"path": "/srv/fim-watch/mmap_D_mmap_close_retardo_000ms_004.bin", "event_type": "file_modified", "event_id": "e5c5d9f9-1396-4ec7-94d4-3abcd7b13c02", "event": "detector.change_detected", "level": "info", "timestamp": "2026-10-03T13:04:41.276398Z"}
Oct 03 10:04:41 fim-host fim-agent[73116]: {"event_id": "e5c5d9f9-1396-4ec7-94d4-3abcd7b13c02", "event": "publisher.event_acked", "level": "info", "timestamp": "2026-10-03T13:04:41.284585Z"}
Oct 03 10:04:41 fim-host fim-agent[73116]: {"event_id": "1f4f3c3c-35f6-4721-82be-3d0e0601f991", "path": "/srv/fim-watch/mmap_C_escritura_convencional_009.bin", "action": "alert_only", "action_failed": false, "event": "decision.evaluated", "level": "info", "timestamp": "2026-10-03T13:04:41.438341Z"}
Oct 03 10:04:41 fim-host fim-agent[73116]: {"event_id": "1f4f3c3c-35f6-4721-82be-3d0e0601f991", "deferred": false, "event": "publisher.event_published", "level": "info", "timestamp": "2026-10-03T13:04:41.449463Z"}
Oct 03 10:04:41 fim-host fim-agent[73116]: {"path": "/srv/fim-watch/mmap_C_escritura_convencional_009.bin", "event_type": "file_modified", "event_id": "1f4f3c3c-35f6-4721-82be-3d0e0601f991", "event": "detector.change_detected", "level": "info", "timestamp": "2026-10-03T13:04:41.454142Z"}
Oct 03 10:04:41 fim-host fim-agent[73116]: {"event_id": "1f4f3c3c-35f6-4721-82be-3d0e0601f991", "event": "publisher.event_acked", "level": "info", "timestamp": "2026-10-03T13:04:41.458373Z"}
Oct 03 10:04:46 fim-host fim-agent[73116]: {"event_id": "79206161-b74d-4ad6-b60b-7247243b0d94", "path": "/srv/fim-watch/mmap_D_mmap_close_retardo_000ms_004.bin", "action": "alert_only", "action_failed": false, "event": "decision.evaluated", "level": "info", "timestamp": "2026-10-03T13:04:46.256842Z"}
Oct 03 10:04:46 fim-host fim-agent[73116]: {"event_id": "79206161-b74d-4ad6-b60b-7247243b0d94", "deferred": false, "event": "publisher.event_published", "level": "info", "timestamp": "2026-10-03T13:04:46.264264Z"}
Oct 03 10:04:46 fim-host fim-agent[73116]: {"path": "/srv/fim-watch/mmap_D_mmap_close_retardo_000ms_004.bin", "event_type": "file_modified", "event_id": "79206161-b74d-4ad6-b60b-7247243b0d94", "event": "detector.change_detected", "level": "info", "timestamp": "2026-10-03T13:04:46.268321Z"}
Oct 03 10:04:46 fim-host fim-agent[73116]: {"event_id": "79206161-b74d-4ad6-b60b-7247243b0d94", "event": "publisher.event_acked", "level": "info", "timestamp": "2026-10-03T13:04:46.269463Z"}
Oct 03 10:04:46 fim-host fim-agent[73116]: {"event_id": "01a52b55-bfcf-4be7-8ee5-aecb2994d830", "path": "/srv/fim-watch/mmap_C_escritura_convencional_010.bin", "action": "alert_only", "action_failed": false, "event": "decision.evaluated", "level": "info", "timestamp": "2026-10-03T13:04:46.439797Z"}
Oct 03 10:04:46 fim-host fim-agent[73116]: {"event_id": "01a52b55-bfcf-4be7-8ee5-aecb2994d830", "deferred": false, "event": "publisher.event_published", "level": "info", "timestamp": "2026-10-03T13:04:46.451598Z"}
Oct 03 10:04:46 fim-host fim-agent[73116]: {"path": "/srv/fim-watch/mmap_C_escritura_convencional_010.bin", "event_type": "file_modified", "event_id": "01a52b55-bfcf-4be7-8ee5-aecb2994d830", "event": "detector.change_detected", "level": "info", "timestamp": "2026-10-03T13:04:46.456542Z"}
Oct 03 10:04:46 fim-host fim-agent[73116]: {"event_id": "01a52b55-bfcf-4be7-8ee5-aecb2994d830", "event": "publisher.event_acked", "level": "info", "timestamp": "2026-10-03T13:04:46.462164Z"}
Oct 03 10:04:51 fim-host fim-agent[73116]: {"event_id": "aa2082d6-9899-481a-a2f1-67bc5910c6bf", "path": "/srv/fim-watch/mmap_D_mmap_close_retardo_000ms_005.bin", "action": "alert_only", "action_failed": false, "event": "decision.evaluated", "level": "info", "timestamp": "2026-10-03T13:04:51.271444Z"}
Oct 03 10:04:51 fim-host fim-agent[73116]: {"event_id": "aa2082d6-9899-481a-a2f1-67bc5910c6bf", "deferred": false, "event": "publisher.event_published", "level": "info", "timestamp": "2026-10-03T13:04:51.284536Z"}
Oct 03 10:04:51 fim-host fim-agent[73116]: {"path": "/srv/fim-watch/mmap_D_mmap_close_retardo_000ms_005.bin", "event_type": "file_modified", "event_id": "aa2082d6-9899-481a-a2f1-67bc5910c6bf", "event": "detector.change_detected", "level": "info", "timestamp": "2026-10-03T13:04:51.288995Z"}
Oct 03 10:04:51 fim-host fim-agent[73116]: {"event_id": "aa2082d6-9899-481a-a2f1-67bc5910c6bf", "event": "publisher.event_acked", "level": "info", "timestamp": "2026-10-03T13:04:51.293083Z"}
Oct 03 10:04:51 fim-host fim-agent[73116]: {"event_id": "f7c3a2df-7bc1-497a-a2aa-b3d42b12566c", "path": "/srv/fim-watch/mmap_C_escritura_convencional_010.bin", "action": "alert_only", "action_failed": false, "event": "decision.evaluated", "level": "info", "timestamp": "2026-10-03T13:04:51.437068Z"}
Oct 03 10:04:51 fim-host fim-agent[73116]: {"event_id": "f7c3a2df-7bc1-497a-a2aa-b3d42b12566c", "deferred": false, "event": "publisher.event_published", "level": "info", "timestamp": "2026-10-03T13:04:51.446423Z"}
Oct 03 10:04:51 fim-host fim-agent[73116]: {"path": "/srv/fim-watch/mmap_C_escritura_convencional_010.bin", "event_type": "file_modified", "event_id": "f7c3a2df-7bc1-497a-a2aa-b3d42b12566c", "event": "detector.change_detected", "level": "info", "timestamp": "2026-10-03T13:04:51.451925Z"}
Oct 03 10:04:51 fim-host fim-agent[73116]: {"event_id": "f7c3a2df-7bc1-497a-a2aa-b3d42b12566c", "event": "publisher.event_acked", "level": "info", "timestamp": "2026-10-03T13:04:51.458163Z"}
Oct 03 10:04:56 fim-host fim-agent[73116]: {"event_id": "f1dea8e2-c4ae-43a9-b393-7f161ed4c345", "path": "/srv/fim-watch/mmap_D_mmap_close_retardo_000ms_005.bin", "action": "alert_only", "action_failed": false, "event": "decision.evaluated", "level": "info", "timestamp": "2026-10-03T13:04:56.274750Z"}
Oct 03 10:04:56 fim-host fim-agent[73116]: {"event_id": "f1dea8e2-c4ae-43a9-b393-7f161ed4c345", "deferred": false, "event": "publisher.event_published", "level": "info", "timestamp": "2026-10-03T13:04:56.284970Z"}
Oct 03 10:04:56 fim-host fim-agent[73116]: {"path": "/srv/fim-watch/mmap_D_mmap_close_retardo_000ms_005.bin", "event_type": "file_modified", "event_id": "f1dea8e2-c4ae-43a9-b393-7f161ed4c345", "event": "detector.change_detected", "level": "info", "timestamp": "2026-10-03T13:04:56.288956Z"}
Oct 03 10:04:56 fim-host fim-agent[73116]: {"event_id": "f1dea8e2-c4ae-43a9-b393-7f161ed4c345", "event": "publisher.event_acked", "level": "info", "timestamp": "2026-10-03T13:04:56.297600Z"}
Oct 03 10:04:56 fim-host fim-agent[73116]: {"event_id": "df368fe6-95a4-4899-b54d-447a56077241", "path": "/srv/fim-watch/mmap_D_mmap_close_retardo_000ms_001.bin", "action": "alert_only", "action_failed": false, "event": "decision.evaluated", "level": "info", "timestamp": "2026-10-03T13:04:56.439063Z"}
Oct 03 10:04:56 fim-host fim-agent[73116]: {"event_id": "df368fe6-95a4-4899-b54d-447a56077241", "deferred": false, "event": "publisher.event_published", "level": "info", "timestamp": "2026-10-03T13:04:56.449506Z"}
Oct 03 10:04:56 fim-host fim-agent[73116]: {"path": "/srv/fim-watch/mmap_D_mmap_close_retardo_000ms_001.bin", "event_type": "file_modified", "event_id": "df368fe6-95a4-4899-b54d-447a56077241", "event": "detector.change_detected", "level": "info", "timestamp": "2026-10-03T13:04:56.453246Z"}
Oct 03 10:04:56 fim-host fim-agent[73116]: {"event_id": "df368fe6-95a4-4899-b54d-447a56077241", "event": "publisher.event_acked", "level": "info", "timestamp": "2026-10-03T13:04:56.455462Z"}
Oct 03 10:05:01 fim-host fim-agent[73116]: {"event_id": "68665cbb-7f55-48df-81aa-3518098f36ad", "path": "/srv/fim-watch/mmap_D_mmap_close_retardo_000ms_006.bin", "action": "alert_only", "action_failed": false, "event": "decision.evaluated", "level": "info", "timestamp": "2026-10-03T13:05:01.283269Z"}
Oct 03 10:05:01 fim-host fim-agent[73116]: {"event_id": "68665cbb-7f55-48df-81aa-3518098f36ad", "deferred": false, "event": "publisher.event_published", "level": "info", "timestamp": "2026-10-03T13:05:01.290634Z"}
Oct 03 10:05:01 fim-host fim-agent[73116]: {"path": "/srv/fim-watch/mmap_D_mmap_close_retardo_000ms_006.bin", "event_type": "file_modified", "event_id": "68665cbb-7f55-48df-81aa-3518098f36ad", "event": "detector.change_detected", "level": "info", "timestamp": "2026-10-03T13:05:01.294501Z"}
Oct 03 10:05:01 fim-host fim-agent[73116]: {"event_id": "68665cbb-7f55-48df-81aa-3518098f36ad", "event": "publisher.event_acked", "level": "info", "timestamp": "2026-10-03T13:05:01.302082Z"}
Oct 03 10:05:01 fim-host fim-agent[73116]: {"event_id": "ed95e0b1-e1d2-4160-adad-a191c04178fa", "path": "/srv/fim-watch/mmap_D_mmap_close_retardo_000ms_001.bin", "action": "alert_only", "action_failed": false, "event": "decision.evaluated", "level": "info", "timestamp": "2026-10-03T13:05:01.435786Z"}
Oct 03 10:05:01 fim-host fim-agent[73116]: {"event_id": "ed95e0b1-e1d2-4160-adad-a191c04178fa", "deferred": false, "event": "publisher.event_published", "level": "info", "timestamp": "2026-10-03T13:05:01.441690Z"}
Oct 03 10:05:01 fim-host fim-agent[73116]: {"path": "/srv/fim-watch/mmap_D_mmap_close_retardo_000ms_001.bin", "event_type": "file_modified", "event_id": "ed95e0b1-e1d2-4160-adad-a191c04178fa", "event": "detector.change_detected", "level": "info", "timestamp": "2026-10-03T13:05:01.444425Z"}
Oct 03 10:05:01 fim-host fim-agent[73116]: {"event_id": "ed95e0b1-e1d2-4160-adad-a191c04178fa", "event": "publisher.event_acked", "level": "info", "timestamp": "2026-10-03T13:05:01.449002Z"}
Oct 03 10:05:06 fim-host fim-agent[73116]: {"event_id": "d93d77e1-56cd-452f-ab43-8f5af2cf3e66", "path": "/srv/fim-watch/mmap_D_mmap_close_retardo_000ms_006.bin", "action": "alert_only", "action_failed": false, "event": "decision.evaluated", "level": "info", "timestamp": "2026-10-03T13:05:06.300318Z"}
Oct 03 10:05:06 fim-host fim-agent[73116]: {"event_id": "d93d77e1-56cd-452f-ab43-8f5af2cf3e66", "deferred": false, "event": "publisher.event_published", "level": "info", "timestamp": "2026-10-03T13:05:06.312967Z"}
Oct 03 10:05:06 fim-host fim-agent[73116]: {"path": "/srv/fim-watch/mmap_D_mmap_close_retardo_000ms_006.bin", "event_type": "file_modified", "event_id": "d93d77e1-56cd-452f-ab43-8f5af2cf3e66", "event": "detector.change_detected", "level": "info", "timestamp": "2026-10-03T13:05:06.317898Z"}
Oct 03 10:05:06 fim-host fim-agent[73116]: {"event_id": "d93d77e1-56cd-452f-ab43-8f5af2cf3e66", "event": "publisher.event_acked", "level": "info", "timestamp": "2026-10-03T13:05:06.323552Z"}
Oct 03 10:05:06 fim-host fim-agent[73116]: {"event_id": "04d10a6c-b348-4d1f-9005-2fad446bc2dd", "path": "/srv/fim-watch/mmap_D_mmap_close_retardo_000ms_002.bin", "action": "alert_only", "action_failed": false, "event": "decision.evaluated", "level": "info", "timestamp": "2026-10-03T13:05:06.438869Z"}
Oct 03 10:05:06 fim-host fim-agent[73116]: {"event_id": "04d10a6c-b348-4d1f-9005-2fad446bc2dd", "deferred": false, "event": "publisher.event_published", "level": "info", "timestamp": "2026-10-03T13:05:06.445792Z"}
Oct 03 10:05:06 fim-host fim-agent[73116]: {"path": "/srv/fim-watch/mmap_D_mmap_close_retardo_000ms_002.bin", "event_type": "file_modified", "event_id": "04d10a6c-b348-4d1f-9005-2fad446bc2dd", "event": "detector.change_detected", "level": "info", "timestamp": "2026-10-03T13:05:06.449334Z"}
Oct 03 10:05:06 fim-host fim-agent[73116]: {"event_id": "04d10a6c-b348-4d1f-9005-2fad446bc2dd", "event": "publisher.event_acked", "level": "info", "timestamp": "2026-10-03T13:05:06.452521Z"}
Oct 03 10:05:11 fim-host fim-agent[73116]: {"event_id": "dcb2089b-626f-4fc0-8c64-0df3203253e0", "path": "/srv/fim-watch/mmap_D_mmap_close_retardo_000ms_007.bin", "action": "alert_only", "action_failed": false, "event": "decision.evaluated", "level": "info", "timestamp": "2026-10-03T13:05:11.310718Z"}
Oct 03 10:05:11 fim-host fim-agent[73116]: {"event_id": "dcb2089b-626f-4fc0-8c64-0df3203253e0", "deferred": false, "event": "publisher.event_published", "level": "info", "timestamp": "2026-10-03T13:05:11.321938Z"}
Oct 03 10:05:11 fim-host fim-agent[73116]: {"path": "/srv/fim-watch/mmap_D_mmap_close_retardo_000ms_007.bin", "event_type": "file_modified", "event_id": "dcb2089b-626f-4fc0-8c64-0df3203253e0", "event": "detector.change_detected", "level": "info", "timestamp": "2026-10-03T13:05:11.327365Z"}
Oct 03 10:05:11 fim-host fim-agent[73116]: {"event_id": "dcb2089b-626f-4fc0-8c64-0df3203253e0", "event": "publisher.event_acked", "level": "info", "timestamp": "2026-10-03T13:05:11.336244Z"}
Oct 03 10:05:11 fim-host fim-agent[73116]: {"event_id": "025bbbfa-015a-4b07-923f-beda125a8175", "path": "/srv/fim-watch/mmap_D_mmap_close_retardo_000ms_002.bin", "action": "alert_only", "action_failed": false, "event": "decision.evaluated", "level": "info", "timestamp": "2026-10-03T13:05:11.443819Z"}
Oct 03 10:05:11 fim-host fim-agent[73116]: {"event_id": "025bbbfa-015a-4b07-923f-beda125a8175", "deferred": false, "event": "publisher.event_published", "level": "info", "timestamp": "2026-10-03T13:05:11.453540Z"}
Oct 03 10:05:11 fim-host fim-agent[73116]: {"path": "/srv/fim-watch/mmap_D_mmap_close_retardo_000ms_002.bin", "event_type": "file_modified", "event_id": "025bbbfa-015a-4b07-923f-beda125a8175", "event": "detector.change_detected", "level": "info", "timestamp": "2026-10-03T13:05:11.458953Z"}
Oct 03 10:05:11 fim-host fim-agent[73116]: {"event_id": "025bbbfa-015a-4b07-923f-beda125a8175", "event": "publisher.event_acked", "level": "info", "timestamp": "2026-10-03T13:05:11.465244Z"}
Oct 03 10:05:16 fim-host fim-agent[73116]: {"event_id": "8bb482fb-a4d2-4e56-befa-69eada1f2387", "path": "/srv/fim-watch/mmap_D_mmap_close_retardo_000ms_007.bin", "action": "alert_only", "action_failed": false, "event": "decision.evaluated", "level": "info", "timestamp": "2026-10-03T13:05:16.315423Z"}
Oct 03 10:05:16 fim-host fim-agent[73116]: {"event_id": "8bb482fb-a4d2-4e56-befa-69eada1f2387", "deferred": false, "event": "publisher.event_published", "level": "info", "timestamp": "2026-10-03T13:05:16.327648Z"}
Oct 03 10:05:16 fim-host fim-agent[73116]: {"path": "/srv/fim-watch/mmap_D_mmap_close_retardo_000ms_007.bin", "event_type": "file_modified", "event_id": "8bb482fb-a4d2-4e56-befa-69eada1f2387", "event": "detector.change_detected", "level": "info", "timestamp": "2026-10-03T13:05:16.333380Z"}
Oct 03 10:05:16 fim-host fim-agent[73116]: {"event_id": "8bb482fb-a4d2-4e56-befa-69eada1f2387", "event": "publisher.event_acked", "level": "info", "timestamp": "2026-10-03T13:05:16.338651Z"}
Oct 03 10:05:16 fim-host fim-agent[73116]: {"event_id": "239f29d9-41c7-4686-aed3-2d0d29c1eb75", "path": "/srv/fim-watch/mmap_D_mmap_close_retardo_000ms_003.bin", "action": "alert_only", "action_failed": false, "event": "decision.evaluated", "level": "info", "timestamp": "2026-10-03T13:05:16.446962Z"}
Oct 03 10:05:16 fim-host fim-agent[73116]: {"event_id": "239f29d9-41c7-4686-aed3-2d0d29c1eb75", "deferred": false, "event": "publisher.event_published", "level": "info", "timestamp": "2026-10-03T13:05:16.458533Z"}
Oct 03 10:05:16 fim-host fim-agent[73116]: {"path": "/srv/fim-watch/mmap_D_mmap_close_retardo_000ms_003.bin", "event_type": "file_modified", "event_id": "239f29d9-41c7-4686-aed3-2d0d29c1eb75", "event": "detector.change_detected", "level": "info", "timestamp": "2026-10-03T13:05:16.464800Z"}
Oct 03 10:05:16 fim-host fim-agent[73116]: {"event_id": "239f29d9-41c7-4686-aed3-2d0d29c1eb75", "event": "publisher.event_acked", "level": "info", "timestamp": "2026-10-03T13:05:16.469873Z"}
Oct 03 10:05:21 fim-host fim-agent[73116]: {"event_id": "874d6465-2bcf-479c-aa35-c1f507f2672c", "path": "/srv/fim-watch/mmap_D_mmap_close_retardo_000ms_008.bin", "action": "alert_only", "action_failed": false, "event": "decision.evaluated", "level": "info", "timestamp": "2026-10-03T13:05:21.324201Z"}
Oct 03 10:05:21 fim-host fim-agent[73116]: {"event_id": "874d6465-2bcf-479c-aa35-c1f507f2672c", "deferred": false, "event": "publisher.event_published", "level": "info", "timestamp": "2026-10-03T13:05:21.335358Z"}
Oct 03 10:05:21 fim-host fim-agent[73116]: {"path": "/srv/fim-watch/mmap_D_mmap_close_retardo_000ms_008.bin", "event_type": "file_modified", "event_id": "874d6465-2bcf-479c-aa35-c1f507f2672c", "event": "detector.change_detected", "level": "info", "timestamp": "2026-10-03T13:05:21.340966Z"}
Oct 03 10:05:21 fim-host fim-agent[73116]: {"event_id": "874d6465-2bcf-479c-aa35-c1f507f2672c", "event": "publisher.event_acked", "level": "info", "timestamp": "2026-10-03T13:05:21.347858Z"}
Oct 03 10:05:21 fim-host fim-agent[73116]: {"event_id": "1e7fb842-fc43-4a4f-b041-5641550cd11b", "path": "/srv/fim-watch/mmap_D_mmap_close_retardo_000ms_003.bin", "action": "alert_only", "action_failed": false, "event": "decision.evaluated", "level": "info", "timestamp": "2026-10-03T13:05:21.448613Z"}
Oct 03 10:05:21 fim-host fim-agent[73116]: {"event_id": "1e7fb842-fc43-4a4f-b041-5641550cd11b", "deferred": false, "event": "publisher.event_published", "level": "info", "timestamp": "2026-10-03T13:05:21.460389Z"}
Oct 03 10:05:21 fim-host fim-agent[73116]: {"path": "/srv/fim-watch/mmap_D_mmap_close_retardo_000ms_003.bin", "event_type": "file_modified", "event_id": "1e7fb842-fc43-4a4f-b041-5641550cd11b", "event": "detector.change_detected", "level": "info", "timestamp": "2026-10-03T13:05:21.465536Z"}
Oct 03 10:05:21 fim-host fim-agent[73116]: {"event_id": "1e7fb842-fc43-4a4f-b041-5641550cd11b", "event": "publisher.event_acked", "level": "info", "timestamp": "2026-10-03T13:05:21.466960Z"}
Oct 03 10:05:26 fim-host fim-agent[73116]: {"event_id": "0bc3c2d3-2d7e-4fba-a757-87d91c83dd4c", "path": "/srv/fim-watch/mmap_D_mmap_close_retardo_000ms_008.bin", "action": "alert_only", "action_failed": false, "event": "decision.evaluated", "level": "info", "timestamp": "2026-10-03T13:05:26.326120Z"}
Oct 03 10:05:26 fim-host fim-agent[73116]: {"event_id": "0bc3c2d3-2d7e-4fba-a757-87d91c83dd4c", "deferred": false, "event": "publisher.event_published", "level": "info", "timestamp": "2026-10-03T13:05:26.336253Z"}
Oct 03 10:05:26 fim-host fim-agent[73116]: {"path": "/srv/fim-watch/mmap_D_mmap_close_retardo_000ms_008.bin", "event_type": "file_modified", "event_id": "0bc3c2d3-2d7e-4fba-a757-87d91c83dd4c", "event": "detector.change_detected", "level": "info", "timestamp": "2026-10-03T13:05:26.340447Z"}
Oct 03 10:05:26 fim-host fim-agent[73116]: {"event_id": "0bc3c2d3-2d7e-4fba-a757-87d91c83dd4c", "event": "publisher.event_acked", "level": "info", "timestamp": "2026-10-03T13:05:26.345676Z"}
Oct 03 10:05:26 fim-host fim-agent[73116]: {"event_id": "6bafc339-de59-4019-a657-366056fb14bb", "path": "/srv/fim-watch/mmap_D_mmap_close_retardo_000ms_004.bin", "action": "alert_only", "action_failed": false, "event": "decision.evaluated", "level": "info", "timestamp": "2026-10-03T13:05:26.449866Z"}
Oct 03 10:05:26 fim-host fim-agent[73116]: {"event_id": "6bafc339-de59-4019-a657-366056fb14bb", "deferred": false, "event": "publisher.event_published", "level": "info", "timestamp": "2026-10-03T13:05:26.461279Z"}
Oct 03 10:05:26 fim-host fim-agent[73116]: {"path": "/srv/fim-watch/mmap_D_mmap_close_retardo_000ms_004.bin", "event_type": "file_modified", "event_id": "6bafc339-de59-4019-a657-366056fb14bb", "event": "detector.change_detected", "level": "info", "timestamp": "2026-10-03T13:05:26.466587Z"}
Oct 03 10:05:26 fim-host fim-agent[73116]: {"event_id": "6bafc339-de59-4019-a657-366056fb14bb", "event": "publisher.event_acked", "level": "info", "timestamp": "2026-10-03T13:05:26.477126Z"}
Oct 03 10:05:31 fim-host fim-agent[73116]: {"event_id": "8db7070b-68cd-40af-bb8b-6bc66516ace1", "path": "/srv/fim-watch/mmap_D_mmap_close_retardo_000ms_009.bin", "action": "alert_only", "action_failed": false, "event": "decision.evaluated", "level": "info", "timestamp": "2026-10-03T13:05:31.335802Z"}
Oct 03 10:05:31 fim-host fim-agent[73116]: {"event_id": "8db7070b-68cd-40af-bb8b-6bc66516ace1", "deferred": false, "event": "publisher.event_published", "level": "info", "timestamp": "2026-10-03T13:05:31.348367Z"}
Oct 03 10:05:31 fim-host fim-agent[73116]: {"path": "/srv/fim-watch/mmap_D_mmap_close_retardo_000ms_009.bin", "event_type": "file_modified", "event_id": "8db7070b-68cd-40af-bb8b-6bc66516ace1", "event": "detector.change_detected", "level": "info", "timestamp": "2026-10-03T13:05:31.353494Z"}
Oct 03 10:05:31 fim-host fim-agent[73116]: {"event_id": "8db7070b-68cd-40af-bb8b-6bc66516ace1", "event": "publisher.event_acked", "level": "info", "timestamp": "2026-10-03T13:05:31.357798Z"}
Oct 03 10:05:31 fim-host fim-agent[73116]: {"event_id": "9e670f0a-5663-47f7-86cc-b34c76ae4e7d", "path": "/srv/fim-watch/mmap_D_mmap_close_retardo_000ms_004.bin", "action": "alert_only", "action_failed": false, "event": "decision.evaluated", "level": "info", "timestamp": "2026-10-03T13:05:31.452313Z"}
Oct 03 10:05:31 fim-host fim-agent[73116]: {"event_id": "9e670f0a-5663-47f7-86cc-b34c76ae4e7d", "deferred": false, "event": "publisher.event_published", "level": "info", "timestamp": "2026-10-03T13:05:31.462651Z"}
Oct 03 10:05:31 fim-host fim-agent[73116]: {"path": "/srv/fim-watch/mmap_D_mmap_close_retardo_000ms_004.bin", "event_type": "file_modified", "event_id": "9e670f0a-5663-47f7-86cc-b34c76ae4e7d", "event": "detector.change_detected", "level": "info", "timestamp": "2026-10-03T13:05:31.467611Z"}
Oct 03 10:05:31 fim-host fim-agent[73116]: {"event_id": "9e670f0a-5663-47f7-86cc-b34c76ae4e7d", "event": "publisher.event_acked", "level": "info", "timestamp": "2026-10-03T13:05:31.473017Z"}
Oct 03 10:05:36 fim-host fim-agent[73116]: {"event_id": "272bcaba-77d4-44f6-aab6-d5d643300d7d", "path": "/srv/fim-watch/mmap_D_mmap_close_retardo_000ms_009.bin", "action": "alert_only", "action_failed": false, "event": "decision.evaluated", "level": "info", "timestamp": "2026-10-03T13:05:36.340719Z"}
Oct 03 10:05:36 fim-host fim-agent[73116]: {"event_id": "272bcaba-77d4-44f6-aab6-d5d643300d7d", "deferred": false, "event": "publisher.event_published", "level": "info", "timestamp": "2026-10-03T13:05:36.351397Z"}
Oct 03 10:05:36 fim-host fim-agent[73116]: {"path": "/srv/fim-watch/mmap_D_mmap_close_retardo_000ms_009.bin", "event_type": "file_modified", "event_id": "272bcaba-77d4-44f6-aab6-d5d643300d7d", "event": "detector.change_detected", "level": "info", "timestamp": "2026-10-03T13:05:36.356906Z"}
Oct 03 10:05:36 fim-host fim-agent[73116]: {"event_id": "272bcaba-77d4-44f6-aab6-d5d643300d7d", "event": "publisher.event_acked", "level": "info", "timestamp": "2026-10-03T13:05:36.364485Z"}
Oct 03 10:05:36 fim-host fim-agent[73116]: {"event_id": "8588ce89-f63e-437a-aae0-38b7e764839b", "path": "/srv/fim-watch/mmap_D_mmap_close_retardo_000ms_005.bin", "action": "alert_only", "action_failed": false, "event": "decision.evaluated", "level": "info", "timestamp": "2026-10-03T13:05:36.454414Z"}
Oct 03 10:05:36 fim-host fim-agent[73116]: {"event_id": "8588ce89-f63e-437a-aae0-38b7e764839b", "deferred": false, "event": "publisher.event_published", "level": "info", "timestamp": "2026-10-03T13:05:36.466058Z"}
Oct 03 10:05:36 fim-host fim-agent[73116]: {"path": "/srv/fim-watch/mmap_D_mmap_close_retardo_000ms_005.bin", "event_type": "file_modified", "event_id": "8588ce89-f63e-437a-aae0-38b7e764839b", "event": "detector.change_detected", "level": "info", "timestamp": "2026-10-03T13:05:36.471536Z"}
Oct 03 10:05:36 fim-host fim-agent[73116]: {"event_id": "8588ce89-f63e-437a-aae0-38b7e764839b", "event": "publisher.event_acked", "level": "info", "timestamp": "2026-10-03T13:05:36.475816Z"}
Oct 03 10:05:41 fim-host fim-agent[73116]: {"event_id": "e69b5c68-f7ca-44ba-aa9d-2cecbd4778ad", "path": "/srv/fim-watch/mmap_D_mmap_close_retardo_000ms_010.bin", "action": "alert_only", "action_failed": false, "event": "decision.evaluated", "level": "info", "timestamp": "2026-10-03T13:05:41.352091Z"}
Oct 03 10:05:41 fim-host fim-agent[73116]: {"event_id": "e69b5c68-f7ca-44ba-aa9d-2cecbd4778ad", "deferred": false, "event": "publisher.event_published", "level": "info", "timestamp": "2026-10-03T13:05:41.364419Z"}
Oct 03 10:05:41 fim-host fim-agent[73116]: {"path": "/srv/fim-watch/mmap_D_mmap_close_retardo_000ms_010.bin", "event_type": "file_modified", "event_id": "e69b5c68-f7ca-44ba-aa9d-2cecbd4778ad", "event": "detector.change_detected", "level": "info", "timestamp": "2026-10-03T13:05:41.369298Z"}
Oct 03 10:05:41 fim-host fim-agent[73116]: {"event_id": "e69b5c68-f7ca-44ba-aa9d-2cecbd4778ad", "event": "publisher.event_acked", "level": "info", "timestamp": "2026-10-03T13:05:41.374999Z"}
Oct 03 10:05:41 fim-host fim-agent[73116]: {"event_id": "c038b2da-37cf-4d45-b244-5df2a1f1f629", "path": "/srv/fim-watch/mmap_D_mmap_close_retardo_000ms_005.bin", "action": "alert_only", "action_failed": false, "event": "decision.evaluated", "level": "info", "timestamp": "2026-10-03T13:05:41.457260Z"}
Oct 03 10:05:41 fim-host fim-agent[73116]: {"event_id": "c038b2da-37cf-4d45-b244-5df2a1f1f629", "deferred": false, "event": "publisher.event_published", "level": "info", "timestamp": "2026-10-03T13:05:41.478092Z"}
Oct 03 10:05:41 fim-host fim-agent[73116]: {"path": "/srv/fim-watch/mmap_D_mmap_close_retardo_000ms_005.bin", "event_type": "file_modified", "event_id": "c038b2da-37cf-4d45-b244-5df2a1f1f629", "event": "detector.change_detected", "level": "info", "timestamp": "2026-10-03T13:05:41.483885Z"}
Oct 03 10:05:41 fim-host fim-agent[73116]: {"event_id": "c038b2da-37cf-4d45-b244-5df2a1f1f629", "event": "publisher.event_acked", "level": "info", "timestamp": "2026-10-03T13:05:41.485479Z"}
Oct 03 10:05:46 fim-host fim-agent[73116]: {"event_id": "dcebe764-895c-4f74-be88-1cbadfff9c2b", "path": "/srv/fim-watch/mmap_D_mmap_close_retardo_000ms_010.bin", "action": "alert_only", "action_failed": false, "event": "decision.evaluated", "level": "info", "timestamp": "2026-10-03T13:05:46.353338Z"}
Oct 03 10:05:46 fim-host fim-agent[73116]: {"event_id": "dcebe764-895c-4f74-be88-1cbadfff9c2b", "deferred": false, "event": "publisher.event_published", "level": "info", "timestamp": "2026-10-03T13:05:46.365686Z"}
Oct 03 10:05:46 fim-host fim-agent[73116]: {"path": "/srv/fim-watch/mmap_D_mmap_close_retardo_000ms_010.bin", "event_type": "file_modified", "event_id": "dcebe764-895c-4f74-be88-1cbadfff9c2b", "event": "detector.change_detected", "level": "info", "timestamp": "2026-10-03T13:05:46.369435Z"}
Oct 03 10:05:46 fim-host fim-agent[73116]: {"event_id": "dcebe764-895c-4f74-be88-1cbadfff9c2b", "event": "publisher.event_acked", "level": "info", "timestamp": "2026-10-03T13:05:46.372165Z"}
Oct 03 10:05:46 fim-host fim-agent[73116]: {"event_id": "56c1f428-6580-4fc7-91ab-cdda51435c35", "path": "/srv/fim-watch/mmap_D_mmap_close_retardo_000ms_006.bin", "action": "alert_only", "action_failed": false, "event": "decision.evaluated", "level": "info", "timestamp": "2026-10-03T13:05:46.457099Z"}
Oct 03 10:05:46 fim-host fim-agent[73116]: {"event_id": "56c1f428-6580-4fc7-91ab-cdda51435c35", "deferred": false, "event": "publisher.event_published", "level": "info", "timestamp": "2026-10-03T13:05:46.469262Z"}
Oct 03 10:05:46 fim-host fim-agent[73116]: {"path": "/srv/fim-watch/mmap_D_mmap_close_retardo_000ms_006.bin", "event_type": "file_modified", "event_id": "56c1f428-6580-4fc7-91ab-cdda51435c35", "event": "detector.change_detected", "level": "info", "timestamp": "2026-10-03T13:05:46.474248Z"}
Oct 03 10:05:46 fim-host fim-agent[73116]: {"event_id": "56c1f428-6580-4fc7-91ab-cdda51435c35", "event": "publisher.event_acked", "level": "info", "timestamp": "2026-10-03T13:05:46.480398Z"}
Oct 03 10:05:51 fim-host fim-agent[73116]: {"event_id": "56769fc8-964b-4862-8540-06e70eab3393", "path": "/srv/fim-watch/mmap_D_mmap_close_retardo_005ms_001.bin", "action": "alert_only", "action_failed": false, "event": "decision.evaluated", "level": "info", "timestamp": "2026-10-03T13:05:51.363075Z"}
Oct 03 10:05:51 fim-host fim-agent[73116]: {"event_id": "56769fc8-964b-4862-8540-06e70eab3393", "deferred": false, "event": "publisher.event_published", "level": "info", "timestamp": "2026-10-03T13:05:51.374500Z"}
Oct 03 10:05:51 fim-host fim-agent[73116]: {"path": "/srv/fim-watch/mmap_D_mmap_close_retardo_005ms_001.bin", "event_type": "file_modified", "event_id": "56769fc8-964b-4862-8540-06e70eab3393", "event": "detector.change_detected", "level": "info", "timestamp": "2026-10-03T13:05:51.379774Z"}
Oct 03 10:05:51 fim-host fim-agent[73116]: {"event_id": "56769fc8-964b-4862-8540-06e70eab3393", "event": "publisher.event_acked", "level": "info", "timestamp": "2026-10-03T13:05:51.381620Z"}
Oct 03 10:05:51 fim-host fim-agent[73116]: {"event_id": "51a9cd69-7518-4f51-87a1-65f6474b01bc", "path": "/srv/fim-watch/mmap_D_mmap_close_retardo_000ms_006.bin", "action": "alert_only", "action_failed": false, "event": "decision.evaluated", "level": "info", "timestamp": "2026-10-03T13:05:51.459034Z"}
Oct 03 10:05:51 fim-host fim-agent[73116]: {"event_id": "51a9cd69-7518-4f51-87a1-65f6474b01bc", "deferred": false, "event": "publisher.event_published", "level": "info", "timestamp": "2026-10-03T13:05:51.470812Z"}
Oct 03 10:05:51 fim-host fim-agent[73116]: {"path": "/srv/fim-watch/mmap_D_mmap_close_retardo_000ms_006.bin", "event_type": "file_modified", "event_id": "51a9cd69-7518-4f51-87a1-65f6474b01bc", "event": "detector.change_detected", "level": "info", "timestamp": "2026-10-03T13:05:51.476157Z"}
Oct 03 10:05:51 fim-host fim-agent[73116]: {"event_id": "51a9cd69-7518-4f51-87a1-65f6474b01bc", "event": "publisher.event_acked", "level": "info", "timestamp": "2026-10-03T13:05:51.479112Z"}
Oct 03 10:05:56 fim-host fim-agent[73116]: {"event_id": "45e06ef4-306f-4571-ac34-11cd448145cb", "path": "/srv/fim-watch/mmap_D_mmap_close_retardo_005ms_001.bin", "action": "alert_only", "action_failed": false, "event": "decision.evaluated", "level": "info", "timestamp": "2026-10-03T13:05:56.371645Z"}
Oct 03 10:05:56 fim-host fim-agent[73116]: {"event_id": "45e06ef4-306f-4571-ac34-11cd448145cb", "deferred": false, "event": "publisher.event_published", "level": "info", "timestamp": "2026-10-03T13:05:56.379896Z"}
Oct 03 10:05:56 fim-host fim-agent[73116]: {"path": "/srv/fim-watch/mmap_D_mmap_close_retardo_005ms_001.bin", "event_type": "file_modified", "event_id": "45e06ef4-306f-4571-ac34-11cd448145cb", "event": "detector.change_detected", "level": "info", "timestamp": "2026-10-03T13:05:56.383331Z"}
Oct 03 10:05:56 fim-host fim-agent[73116]: {"event_id": "45e06ef4-306f-4571-ac34-11cd448145cb", "event": "publisher.event_acked", "level": "info", "timestamp": "2026-10-03T13:05:56.394303Z"}
Oct 03 10:05:56 fim-host fim-agent[73116]: {"event_id": "e0425df7-a361-435f-a5d4-06ddaf0c5ff4", "path": "/srv/fim-watch/mmap_D_mmap_close_retardo_000ms_007.bin", "action": "alert_only", "action_failed": false, "event": "decision.evaluated", "level": "info", "timestamp": "2026-10-03T13:05:56.460835Z"}
Oct 03 10:05:56 fim-host fim-agent[73116]: {"event_id": "e0425df7-a361-435f-a5d4-06ddaf0c5ff4", "deferred": false, "event": "publisher.event_published", "level": "info", "timestamp": "2026-10-03T13:05:56.472286Z"}
Oct 03 10:05:56 fim-host fim-agent[73116]: {"path": "/srv/fim-watch/mmap_D_mmap_close_retardo_000ms_007.bin", "event_type": "file_modified", "event_id": "e0425df7-a361-435f-a5d4-06ddaf0c5ff4", "event": "detector.change_detected", "level": "info", "timestamp": "2026-10-03T13:05:56.478356Z"}
Oct 03 10:05:56 fim-host fim-agent[73116]: {"event_id": "e0425df7-a361-435f-a5d4-06ddaf0c5ff4", "event": "publisher.event_acked", "level": "info", "timestamp": "2026-10-03T13:05:56.482841Z"}
Oct 03 10:06:01 fim-host fim-agent[73116]: {"event_id": "38d2cffc-401a-4c47-93bf-ac139b38f2da", "path": "/srv/fim-watch/mmap_D_mmap_close_retardo_005ms_002.bin", "action": "alert_only", "action_failed": false, "event": "decision.evaluated", "level": "info", "timestamp": "2026-10-03T13:06:01.375441Z"}
Oct 03 10:06:01 fim-host fim-agent[73116]: {"event_id": "38d2cffc-401a-4c47-93bf-ac139b38f2da", "deferred": false, "event": "publisher.event_published", "level": "info", "timestamp": "2026-10-03T13:06:01.388008Z"}
Oct 03 10:06:01 fim-host fim-agent[73116]: {"path": "/srv/fim-watch/mmap_D_mmap_close_retardo_005ms_002.bin", "event_type": "file_modified", "event_id": "38d2cffc-401a-4c47-93bf-ac139b38f2da", "event": "detector.change_detected", "level": "info", "timestamp": "2026-10-03T13:06:01.391554Z"}
Oct 03 10:06:01 fim-host fim-agent[73116]: {"event_id": "38d2cffc-401a-4c47-93bf-ac139b38f2da", "event": "publisher.event_acked", "level": "info", "timestamp": "2026-10-03T13:06:01.399977Z"}
Oct 03 10:06:01 fim-host fim-agent[73116]: {"event_id": "d9a7bcd3-66ca-4af0-bbcc-be769feddfc3", "path": "/srv/fim-watch/mmap_D_mmap_close_retardo_000ms_007.bin", "action": "alert_only", "action_failed": false, "event": "decision.evaluated", "level": "info", "timestamp": "2026-10-03T13:06:01.462154Z"}
Oct 03 10:06:01 fim-host fim-agent[73116]: {"event_id": "d9a7bcd3-66ca-4af0-bbcc-be769feddfc3", "deferred": false, "event": "publisher.event_published", "level": "info", "timestamp": "2026-10-03T13:06:01.473659Z"}
Oct 03 10:06:01 fim-host fim-agent[73116]: {"path": "/srv/fim-watch/mmap_D_mmap_close_retardo_000ms_007.bin", "event_type": "file_modified", "event_id": "d9a7bcd3-66ca-4af0-bbcc-be769feddfc3", "event": "detector.change_detected", "level": "info", "timestamp": "2026-10-03T13:06:01.478629Z"}
Oct 03 10:06:01 fim-host fim-agent[73116]: {"event_id": "d9a7bcd3-66ca-4af0-bbcc-be769feddfc3", "event": "publisher.event_acked", "level": "info", "timestamp": "2026-10-03T13:06:01.485664Z"}
Oct 03 10:06:06 fim-host fim-agent[73116]: {"event_id": "a614a14d-ea4f-4228-8e52-85ff358fe86e", "path": "/srv/fim-watch/mmap_D_mmap_close_retardo_005ms_002.bin", "action": "alert_only", "action_failed": false, "event": "decision.evaluated", "level": "info", "timestamp": "2026-10-03T13:06:06.393087Z"}
Oct 03 10:06:06 fim-host fim-agent[73116]: {"event_id": "a614a14d-ea4f-4228-8e52-85ff358fe86e", "deferred": false, "event": "publisher.event_published", "level": "info", "timestamp": "2026-10-03T13:06:06.403269Z"}
Oct 03 10:06:06 fim-host fim-agent[73116]: {"path": "/srv/fim-watch/mmap_D_mmap_close_retardo_005ms_002.bin", "event_type": "file_modified", "event_id": "a614a14d-ea4f-4228-8e52-85ff358fe86e", "event": "detector.change_detected", "level": "info", "timestamp": "2026-10-03T13:06:06.407065Z"}
Oct 03 10:06:06 fim-host fim-agent[73116]: {"event_id": "a614a14d-ea4f-4228-8e52-85ff358fe86e", "event": "publisher.event_acked", "level": "info", "timestamp": "2026-10-03T13:06:06.412773Z"}
Oct 03 10:06:06 fim-host fim-agent[73116]: {"event_id": "eaf0d032-14ed-4572-bb21-fc3077be4afc", "path": "/srv/fim-watch/mmap_D_mmap_close_retardo_000ms_008.bin", "action": "alert_only", "action_failed": false, "event": "decision.evaluated", "level": "info", "timestamp": "2026-10-03T13:06:06.463594Z"}
Oct 03 10:06:06 fim-host fim-agent[73116]: {"event_id": "eaf0d032-14ed-4572-bb21-fc3077be4afc", "deferred": false, "event": "publisher.event_published", "level": "info", "timestamp": "2026-10-03T13:06:06.476041Z"}
Oct 03 10:06:06 fim-host fim-agent[73116]: {"path": "/srv/fim-watch/mmap_D_mmap_close_retardo_000ms_008.bin", "event_type": "file_modified", "event_id": "eaf0d032-14ed-4572-bb21-fc3077be4afc", "event": "detector.change_detected", "level": "info", "timestamp": "2026-10-03T13:06:06.481577Z"}
Oct 03 10:06:06 fim-host fim-agent[73116]: {"event_id": "eaf0d032-14ed-4572-bb21-fc3077be4afc", "event": "publisher.event_acked", "level": "info", "timestamp": "2026-10-03T13:06:06.483614Z"}
Oct 03 10:06:11 fim-host fim-agent[73116]: {"event_id": "26349cbc-7ac3-4673-965f-857208334d23", "path": "/srv/fim-watch/mmap_D_mmap_close_retardo_005ms_003.bin", "action": "alert_only", "action_failed": false, "event": "decision.evaluated", "level": "info", "timestamp": "2026-10-03T13:06:11.400385Z"}
Oct 03 10:06:11 fim-host fim-agent[73116]: {"event_id": "26349cbc-7ac3-4673-965f-857208334d23", "deferred": false, "event": "publisher.event_published", "level": "info", "timestamp": "2026-10-03T13:06:11.413164Z"}
Oct 03 10:06:11 fim-host fim-agent[73116]: {"path": "/srv/fim-watch/mmap_D_mmap_close_retardo_005ms_003.bin", "event_type": "file_modified", "event_id": "26349cbc-7ac3-4673-965f-857208334d23", "event": "detector.change_detected", "level": "info", "timestamp": "2026-10-03T13:06:11.418432Z"}
Oct 03 10:06:11 fim-host fim-agent[73116]: {"event_id": "26349cbc-7ac3-4673-965f-857208334d23", "event": "publisher.event_acked", "level": "info", "timestamp": "2026-10-03T13:06:11.422609Z"}
Oct 03 10:06:11 fim-host fim-agent[73116]: {"event_id": "415d9bf0-7484-4c33-b899-bda23bddffca", "path": "/srv/fim-watch/mmap_D_mmap_close_retardo_000ms_008.bin", "action": "alert_only", "action_failed": false, "event": "decision.evaluated", "level": "info", "timestamp": "2026-10-03T13:06:11.466586Z"}
Oct 03 10:06:11 fim-host fim-agent[73116]: {"event_id": "415d9bf0-7484-4c33-b899-bda23bddffca", "deferred": false, "event": "publisher.event_published", "level": "info", "timestamp": "2026-10-03T13:06:11.479345Z"}
Oct 03 10:06:11 fim-host fim-agent[73116]: {"path": "/srv/fim-watch/mmap_D_mmap_close_retardo_000ms_008.bin", "event_type": "file_modified", "event_id": "415d9bf0-7484-4c33-b899-bda23bddffca", "event": "detector.change_detected", "level": "info", "timestamp": "2026-10-03T13:06:11.485316Z"}
Oct 03 10:06:11 fim-host fim-agent[73116]: {"event_id": "415d9bf0-7484-4c33-b899-bda23bddffca", "event": "publisher.event_acked", "level": "info", "timestamp": "2026-10-03T13:06:11.487203Z"}
Oct 03 10:06:16 fim-host fim-agent[73116]: {"event_id": "d1fad223-ee3b-4f67-8c6f-5fc2b2d972ea", "path": "/srv/fim-watch/mmap_D_mmap_close_retardo_005ms_003.bin", "action": "alert_only", "action_failed": false, "event": "decision.evaluated", "level": "info", "timestamp": "2026-10-03T13:06:16.401815Z"}
Oct 03 10:06:16 fim-host fim-agent[73116]: {"event_id": "d1fad223-ee3b-4f67-8c6f-5fc2b2d972ea", "deferred": false, "event": "publisher.event_published", "level": "info", "timestamp": "2026-10-03T13:06:16.410212Z"}
Oct 03 10:06:16 fim-host fim-agent[73116]: {"path": "/srv/fim-watch/mmap_D_mmap_close_retardo_005ms_003.bin", "event_type": "file_modified", "event_id": "d1fad223-ee3b-4f67-8c6f-5fc2b2d972ea", "event": "detector.change_detected", "level": "info", "timestamp": "2026-10-03T13:06:16.414577Z"}
Oct 03 10:06:16 fim-host fim-agent[73116]: {"event_id": "d1fad223-ee3b-4f67-8c6f-5fc2b2d972ea", "event": "publisher.event_acked", "level": "info", "timestamp": "2026-10-03T13:06:16.421629Z"}
Oct 03 10:06:16 fim-host fim-agent[73116]: {"event_id": "cbad16ac-3530-4e91-b616-4569b061265f", "path": "/srv/fim-watch/mmap_D_mmap_close_retardo_000ms_009.bin", "action": "alert_only", "action_failed": false, "event": "decision.evaluated", "level": "info", "timestamp": "2026-10-03T13:06:16.467111Z"}
Oct 03 10:06:16 fim-host fim-agent[73116]: {"event_id": "cbad16ac-3530-4e91-b616-4569b061265f", "deferred": false, "event": "publisher.event_published", "level": "info", "timestamp": "2026-10-03T13:06:16.480364Z"}
Oct 03 10:06:16 fim-host fim-agent[73116]: {"path": "/srv/fim-watch/mmap_D_mmap_close_retardo_000ms_009.bin", "event_type": "file_modified", "event_id": "cbad16ac-3530-4e91-b616-4569b061265f", "event": "detector.change_detected", "level": "info", "timestamp": "2026-10-03T13:06:16.483836Z"}
Oct 03 10:06:16 fim-host fim-agent[73116]: {"event_id": "cbad16ac-3530-4e91-b616-4569b061265f", "event": "publisher.event_acked", "level": "info", "timestamp": "2026-10-03T13:06:16.487693Z"}
Oct 03 10:06:21 fim-host fim-agent[73116]: {"event_id": "f3ac40d2-f0e8-4ab9-a461-ad3324b2dfbb", "path": "/srv/fim-watch/mmap_D_mmap_close_retardo_005ms_004.bin", "action": "alert_only", "action_failed": false, "event": "decision.evaluated", "level": "info", "timestamp": "2026-10-03T13:06:21.415155Z"}
Oct 03 10:06:21 fim-host fim-agent[73116]: {"event_id": "f3ac40d2-f0e8-4ab9-a461-ad3324b2dfbb", "deferred": false, "event": "publisher.event_published", "level": "info", "timestamp": "2026-10-03T13:06:21.427341Z"}
Oct 03 10:06:21 fim-host fim-agent[73116]: {"path": "/srv/fim-watch/mmap_D_mmap_close_retardo_005ms_004.bin", "event_type": "file_modified", "event_id": "f3ac40d2-f0e8-4ab9-a461-ad3324b2dfbb", "event": "detector.change_detected", "level": "info", "timestamp": "2026-10-03T13:06:21.433080Z"}
Oct 03 10:06:21 fim-host fim-agent[73116]: {"event_id": "f3ac40d2-f0e8-4ab9-a461-ad3324b2dfbb", "event": "publisher.event_acked", "level": "info", "timestamp": "2026-10-03T13:06:21.437354Z"}
Oct 03 10:06:21 fim-host fim-agent[73116]: {"event_id": "6ac7f766-31d0-41a6-b2d7-9970e6d41924", "path": "/srv/fim-watch/mmap_D_mmap_close_retardo_000ms_009.bin", "action": "alert_only", "action_failed": false, "event": "decision.evaluated", "level": "info", "timestamp": "2026-10-03T13:06:21.466805Z"}
Oct 03 10:06:21 fim-host fim-agent[73116]: {"event_id": "6ac7f766-31d0-41a6-b2d7-9970e6d41924", "deferred": false, "event": "publisher.event_published", "level": "info", "timestamp": "2026-10-03T13:06:21.477165Z"}
Oct 03 10:06:21 fim-host fim-agent[73116]: {"path": "/srv/fim-watch/mmap_D_mmap_close_retardo_000ms_009.bin", "event_type": "file_modified", "event_id": "6ac7f766-31d0-41a6-b2d7-9970e6d41924", "event": "detector.change_detected", "level": "info", "timestamp": "2026-10-03T13:06:21.482227Z"}
Oct 03 10:06:21 fim-host fim-agent[73116]: {"event_id": "6ac7f766-31d0-41a6-b2d7-9970e6d41924", "event": "publisher.event_acked", "level": "info", "timestamp": "2026-10-03T13:06:21.487509Z"}
Oct 03 10:06:26 fim-host fim-agent[73116]: {"event_id": "e35b42ff-32f2-470e-a64d-e2a572c5c83d", "path": "/srv/fim-watch/mmap_D_mmap_close_retardo_005ms_004.bin", "action": "alert_only", "action_failed": false, "event": "decision.evaluated", "level": "info", "timestamp": "2026-10-03T13:06:26.420417Z"}
Oct 03 10:06:26 fim-host fim-agent[73116]: {"event_id": "e35b42ff-32f2-470e-a64d-e2a572c5c83d", "deferred": false, "event": "publisher.event_published", "level": "info", "timestamp": "2026-10-03T13:06:26.429867Z"}
Oct 03 10:06:26 fim-host fim-agent[73116]: {"path": "/srv/fim-watch/mmap_D_mmap_close_retardo_005ms_004.bin", "event_type": "file_modified", "event_id": "e35b42ff-32f2-470e-a64d-e2a572c5c83d", "event": "detector.change_detected", "level": "info", "timestamp": "2026-10-03T13:06:26.433125Z"}
Oct 03 10:06:26 fim-host fim-agent[73116]: {"event_id": "e35b42ff-32f2-470e-a64d-e2a572c5c83d", "event": "publisher.event_acked", "level": "info", "timestamp": "2026-10-03T13:06:26.444094Z"}
Oct 03 10:06:26 fim-host fim-agent[73116]: {"event_id": "4ed4b3c6-8cd2-494d-9939-82f6fd53934e", "path": "/srv/fim-watch/mmap_D_mmap_close_retardo_000ms_010.bin", "action": "alert_only", "action_failed": false, "event": "decision.evaluated", "level": "info", "timestamp": "2026-10-03T13:06:26.469193Z"}
Oct 03 10:06:26 fim-host fim-agent[73116]: {"event_id": "4ed4b3c6-8cd2-494d-9939-82f6fd53934e", "deferred": false, "event": "publisher.event_published", "level": "info", "timestamp": "2026-10-03T13:06:26.479861Z"}
Oct 03 10:06:26 fim-host fim-agent[73116]: {"path": "/srv/fim-watch/mmap_D_mmap_close_retardo_000ms_010.bin", "event_type": "file_modified", "event_id": "4ed4b3c6-8cd2-494d-9939-82f6fd53934e", "event": "detector.change_detected", "level": "info", "timestamp": "2026-10-03T13:06:26.484859Z"}
Oct 03 10:06:26 fim-host fim-agent[73116]: {"event_id": "4ed4b3c6-8cd2-494d-9939-82f6fd53934e", "event": "publisher.event_acked", "level": "info", "timestamp": "2026-10-03T13:06:26.489012Z"}
Oct 03 10:06:31 fim-host fim-agent[73116]: {"event_id": "919988b9-8c36-49a6-bd8a-97cd20cb0db3", "path": "/srv/fim-watch/mmap_D_mmap_close_retardo_005ms_005.bin", "action": "alert_only", "action_failed": false, "event": "decision.evaluated", "level": "info", "timestamp": "2026-10-03T13:06:31.424054Z"}
Oct 03 10:06:31 fim-host fim-agent[73116]: {"event_id": "919988b9-8c36-49a6-bd8a-97cd20cb0db3", "deferred": false, "event": "publisher.event_published", "level": "info", "timestamp": "2026-10-03T13:06:31.437696Z"}
Oct 03 10:06:31 fim-host fim-agent[73116]: {"path": "/srv/fim-watch/mmap_D_mmap_close_retardo_005ms_005.bin", "event_type": "file_modified", "event_id": "919988b9-8c36-49a6-bd8a-97cd20cb0db3", "event": "detector.change_detected", "level": "info", "timestamp": "2026-10-03T13:06:31.442912Z"}
Oct 03 10:06:31 fim-host fim-agent[73116]: {"event_id": "919988b9-8c36-49a6-bd8a-97cd20cb0db3", "event": "publisher.event_acked", "level": "info", "timestamp": "2026-10-03T13:06:31.449297Z"}
Oct 03 10:06:31 fim-host fim-agent[73116]: {"event_id": "58d4f7f0-6327-415d-a560-eeabeb042019", "path": "/srv/fim-watch/mmap_D_mmap_close_retardo_000ms_010.bin", "action": "alert_only", "action_failed": false, "event": "decision.evaluated", "level": "info", "timestamp": "2026-10-03T13:06:31.469139Z"}
Oct 03 10:06:31 fim-host fim-agent[73116]: {"event_id": "58d4f7f0-6327-415d-a560-eeabeb042019", "deferred": false, "event": "publisher.event_published", "level": "info", "timestamp": "2026-10-03T13:06:31.480062Z"}
Oct 03 10:06:31 fim-host fim-agent[73116]: {"path": "/srv/fim-watch/mmap_D_mmap_close_retardo_000ms_010.bin", "event_type": "file_modified", "event_id": "58d4f7f0-6327-415d-a560-eeabeb042019", "event": "detector.change_detected", "level": "info", "timestamp": "2026-10-03T13:06:31.485074Z"}
Oct 03 10:06:31 fim-host fim-agent[73116]: {"event_id": "58d4f7f0-6327-415d-a560-eeabeb042019", "event": "publisher.event_acked", "level": "info", "timestamp": "2026-10-03T13:06:31.489624Z"}
Oct 03 10:06:36 fim-host fim-agent[73116]: {"event_id": "4b676d44-12fa-4f73-b28d-153e764dc85f", "path": "/srv/fim-watch/mmap_D_mmap_close_retardo_005ms_005.bin", "action": "alert_only", "action_failed": false, "event": "decision.evaluated", "level": "info", "timestamp": "2026-10-03T13:06:36.444236Z"}
Oct 03 10:06:36 fim-host fim-agent[73116]: {"event_id": "4b676d44-12fa-4f73-b28d-153e764dc85f", "deferred": false, "event": "publisher.event_published", "level": "info", "timestamp": "2026-10-03T13:06:36.456693Z"}
Oct 03 10:06:36 fim-host fim-agent[73116]: {"path": "/srv/fim-watch/mmap_D_mmap_close_retardo_005ms_005.bin", "event_type": "file_modified", "event_id": "4b676d44-12fa-4f73-b28d-153e764dc85f", "event": "detector.change_detected", "level": "info", "timestamp": "2026-10-03T13:06:36.462510Z"}
Oct 03 10:06:36 fim-host fim-agent[73116]: {"event_id": "238a6ceb-6dde-47cd-8e22-ace04faefa38", "path": "/srv/fim-watch/mmap_D_mmap_close_retardo_005ms_001.bin", "action": "alert_only", "action_failed": false, "event": "decision.evaluated", "level": "info", "timestamp": "2026-10-03T13:06:36.473842Z"}
Oct 03 10:06:36 fim-host fim-agent[73116]: {"event_id": "4b676d44-12fa-4f73-b28d-153e764dc85f", "event": "publisher.event_acked", "level": "info", "timestamp": "2026-10-03T13:06:36.481657Z"}
Oct 03 10:06:36 fim-host fim-agent[73116]: {"event_id": "238a6ceb-6dde-47cd-8e22-ace04faefa38", "deferred": false, "event": "publisher.event_published", "level": "info", "timestamp": "2026-10-03T13:06:36.493065Z"}
Oct 03 10:06:36 fim-host fim-agent[73116]: {"path": "/srv/fim-watch/mmap_D_mmap_close_retardo_005ms_001.bin", "event_type": "file_modified", "event_id": "238a6ceb-6dde-47cd-8e22-ace04faefa38", "event": "detector.change_detected", "level": "info", "timestamp": "2026-10-03T13:06:36.498433Z"}
Oct 03 10:06:36 fim-host fim-agent[73116]: {"event_id": "238a6ceb-6dde-47cd-8e22-ace04faefa38", "event": "publisher.event_acked", "level": "info", "timestamp": "2026-10-03T13:06:36.499840Z"}
Oct 03 10:06:41 fim-host fim-agent[73116]: {"event_id": "2bc0bdb9-f162-4c1a-a4e8-dd5a06532fc2", "path": "/srv/fim-watch/mmap_D_mmap_close_retardo_005ms_006.bin", "action": "alert_only", "action_failed": false, "event": "decision.evaluated", "level": "info", "timestamp": "2026-10-03T13:06:41.454303Z"}
Oct 03 10:06:41 fim-host fim-agent[73116]: {"event_id": "2bc0bdb9-f162-4c1a-a4e8-dd5a06532fc2", "deferred": false, "event": "publisher.event_published", "level": "info", "timestamp": "2026-10-03T13:06:41.467592Z"}
Oct 03 10:06:41 fim-host fim-agent[73116]: {"path": "/srv/fim-watch/mmap_D_mmap_close_retardo_005ms_006.bin", "event_type": "file_modified", "event_id": "2bc0bdb9-f162-4c1a-a4e8-dd5a06532fc2", "event": "detector.change_detected", "level": "info", "timestamp": "2026-10-03T13:06:41.473909Z"}
Oct 03 10:06:41 fim-host fim-agent[73116]: {"event_id": "e75e7456-f9fd-4d92-be60-017ddab29eb5", "path": "/srv/fim-watch/mmap_D_mmap_close_retardo_005ms_001.bin", "action": "alert_only", "action_failed": false, "event": "decision.evaluated", "level": "info", "timestamp": "2026-10-03T13:06:41.486327Z"}
Oct 03 10:06:41 fim-host fim-agent[73116]: {"event_id": "2bc0bdb9-f162-4c1a-a4e8-dd5a06532fc2", "event": "publisher.event_acked", "level": "info", "timestamp": "2026-10-03T13:06:41.494012Z"}
Oct 03 10:06:41 fim-host fim-agent[73116]: {"event_id": "e75e7456-f9fd-4d92-be60-017ddab29eb5", "deferred": false, "event": "publisher.event_published", "level": "info", "timestamp": "2026-10-03T13:06:41.505286Z"}
Oct 03 10:06:41 fim-host fim-agent[73116]: {"path": "/srv/fim-watch/mmap_D_mmap_close_retardo_005ms_001.bin", "event_type": "file_modified", "event_id": "e75e7456-f9fd-4d92-be60-017ddab29eb5", "event": "detector.change_detected", "level": "info", "timestamp": "2026-10-03T13:06:41.510319Z"}
Oct 03 10:06:41 fim-host fim-agent[73116]: {"event_id": "e75e7456-f9fd-4d92-be60-017ddab29eb5", "event": "publisher.event_acked", "level": "info", "timestamp": "2026-10-03T13:06:41.512046Z"}
Oct 03 10:06:46 fim-host fim-agent[73116]: {"event_id": "e24a0085-0779-4771-800c-d735f0b881de", "path": "/srv/fim-watch/mmap_D_mmap_close_retardo_005ms_006.bin", "action": "alert_only", "action_failed": false, "event": "decision.evaluated", "level": "info", "timestamp": "2026-10-03T13:06:46.455341Z"}
Oct 03 10:06:46 fim-host fim-agent[73116]: {"event_id": "e24a0085-0779-4771-800c-d735f0b881de", "deferred": false, "event": "publisher.event_published", "level": "info", "timestamp": "2026-10-03T13:06:46.466252Z"}
Oct 03 10:06:46 fim-host fim-agent[73116]: {"path": "/srv/fim-watch/mmap_D_mmap_close_retardo_005ms_006.bin", "event_type": "file_modified", "event_id": "e24a0085-0779-4771-800c-d735f0b881de", "event": "detector.change_detected", "level": "info", "timestamp": "2026-10-03T13:06:46.472123Z"}
Oct 03 10:06:46 fim-host fim-agent[73116]: {"event_id": "20735b19-67fe-4f35-94ac-a4bf81e2f194", "path": "/srv/fim-watch/mmap_D_mmap_close_retardo_005ms_002.bin", "action": "alert_only", "action_failed": false, "event": "decision.evaluated", "level": "info", "timestamp": "2026-10-03T13:06:46.483379Z"}
Oct 03 10:06:46 fim-host fim-agent[73116]: {"event_id": "e24a0085-0779-4771-800c-d735f0b881de", "event": "publisher.event_acked", "level": "info", "timestamp": "2026-10-03T13:06:46.489144Z"}
Oct 03 10:06:46 fim-host fim-agent[73116]: {"event_id": "20735b19-67fe-4f35-94ac-a4bf81e2f194", "deferred": false, "event": "publisher.event_published", "level": "info", "timestamp": "2026-10-03T13:06:46.498572Z"}
Oct 03 10:06:46 fim-host fim-agent[73116]: {"path": "/srv/fim-watch/mmap_D_mmap_close_retardo_005ms_002.bin", "event_type": "file_modified", "event_id": "20735b19-67fe-4f35-94ac-a4bf81e2f194", "event": "detector.change_detected", "level": "info", "timestamp": "2026-10-03T13:06:46.504206Z"}
Oct 03 10:06:46 fim-host fim-agent[73116]: {"event_id": "20735b19-67fe-4f35-94ac-a4bf81e2f194", "event": "publisher.event_acked", "level": "info", "timestamp": "2026-10-03T13:06:46.509951Z"}
Oct 03 10:06:51 fim-host fim-agent[73116]: {"event_id": "93f5ef97-d84f-4edd-93c4-1ab473cbbb05", "path": "/srv/fim-watch/mmap_D_mmap_close_retardo_005ms_007.bin", "action": "alert_only", "action_failed": false, "event": "decision.evaluated", "level": "info", "timestamp": "2026-10-03T13:06:51.463416Z"}
Oct 03 10:06:51 fim-host fim-agent[73116]: {"event_id": "93f5ef97-d84f-4edd-93c4-1ab473cbbb05", "deferred": false, "event": "publisher.event_published", "level": "info", "timestamp": "2026-10-03T13:06:51.470977Z"}
Oct 03 10:06:51 fim-host fim-agent[73116]: {"path": "/srv/fim-watch/mmap_D_mmap_close_retardo_005ms_007.bin", "event_type": "file_modified", "event_id": "93f5ef97-d84f-4edd-93c4-1ab473cbbb05", "event": "detector.change_detected", "level": "info", "timestamp": "2026-10-03T13:06:51.473876Z"}
Oct 03 10:06:51 fim-host fim-agent[73116]: {"event_id": "7ea07f46-4375-4625-ab17-ec57e92599a3", "path": "/srv/fim-watch/mmap_D_mmap_close_retardo_005ms_002.bin", "action": "alert_only", "action_failed": false, "event": "decision.evaluated", "level": "info", "timestamp": "2026-10-03T13:06:51.479332Z"}
Oct 03 10:06:51 fim-host fim-agent[73116]: {"event_id": "93f5ef97-d84f-4edd-93c4-1ab473cbbb05", "event": "publisher.event_acked", "level": "info", "timestamp": "2026-10-03T13:06:51.482800Z"}
Oct 03 10:06:51 fim-host fim-agent[73116]: {"event_id": "7ea07f46-4375-4625-ab17-ec57e92599a3", "deferred": false, "event": "publisher.event_published", "level": "info", "timestamp": "2026-10-03T13:06:51.488203Z"}
Oct 03 10:06:51 fim-host fim-agent[73116]: {"path": "/srv/fim-watch/mmap_D_mmap_close_retardo_005ms_002.bin", "event_type": "file_modified", "event_id": "7ea07f46-4375-4625-ab17-ec57e92599a3", "event": "detector.change_detected", "level": "info", "timestamp": "2026-10-03T13:06:51.490758Z"}
Oct 03 10:06:51 fim-host fim-agent[73116]: {"event_id": "7ea07f46-4375-4625-ab17-ec57e92599a3", "event": "publisher.event_acked", "level": "info", "timestamp": "2026-10-03T13:06:51.498855Z"}
Oct 03 10:06:56 fim-host fim-agent[73116]: {"event_id": "0306d23b-c85d-4db5-b740-9d2bd181868a", "path": "/srv/fim-watch/mmap_D_mmap_close_retardo_005ms_007.bin", "action": "alert_only", "action_failed": false, "event": "decision.evaluated", "level": "info", "timestamp": "2026-10-03T13:06:56.477356Z"}
Oct 03 10:06:56 fim-host fim-agent[73116]: {"event_id": "0306d23b-c85d-4db5-b740-9d2bd181868a", "deferred": false, "event": "publisher.event_published", "level": "info", "timestamp": "2026-10-03T13:06:56.489556Z"}
Oct 03 10:06:56 fim-host fim-agent[73116]: {"path": "/srv/fim-watch/mmap_D_mmap_close_retardo_005ms_007.bin", "event_type": "file_modified", "event_id": "0306d23b-c85d-4db5-b740-9d2bd181868a", "event": "detector.change_detected", "level": "info", "timestamp": "2026-10-03T13:06:56.495654Z"}
Oct 03 10:06:56 fim-host fim-agent[73116]: {"event_id": "dd72260b-74ed-4292-9cea-99cbfae89bd1", "path": "/srv/fim-watch/mmap_D_mmap_close_retardo_005ms_003.bin", "action": "alert_only", "action_failed": false, "event": "decision.evaluated", "level": "info", "timestamp": "2026-10-03T13:06:56.507123Z"}
Oct 03 10:06:56 fim-host fim-agent[73116]: {"event_id": "0306d23b-c85d-4db5-b740-9d2bd181868a", "event": "publisher.event_acked", "level": "info", "timestamp": "2026-10-03T13:06:56.514022Z"}
Oct 03 10:06:56 fim-host fim-agent[73116]: {"event_id": "dd72260b-74ed-4292-9cea-99cbfae89bd1", "deferred": false, "event": "publisher.event_published", "level": "info", "timestamp": "2026-10-03T13:06:56.525228Z"}
Oct 03 10:06:56 fim-host fim-agent[73116]: {"path": "/srv/fim-watch/mmap_D_mmap_close_retardo_005ms_003.bin", "event_type": "file_modified", "event_id": "dd72260b-74ed-4292-9cea-99cbfae89bd1", "event": "detector.change_detected", "level": "info", "timestamp": "2026-10-03T13:06:56.531667Z"}
Oct 03 10:06:56 fim-host fim-agent[73116]: {"event_id": "dd72260b-74ed-4292-9cea-99cbfae89bd1", "event": "publisher.event_acked", "level": "info", "timestamp": "2026-10-03T13:06:56.532707Z"}
Oct 03 10:07:01 fim-host fim-agent[73116]: {"event_id": "7d140d52-b85b-43a2-a6b6-a7a48c2a8406", "path": "/srv/fim-watch/mmap_D_mmap_close_retardo_005ms_008.bin", "action": "alert_only", "action_failed": false, "event": "decision.evaluated", "level": "info", "timestamp": "2026-10-03T13:07:01.475228Z"}
Oct 03 10:07:01 fim-host fim-agent[73116]: {"event_id": "7d140d52-b85b-43a2-a6b6-a7a48c2a8406", "deferred": false, "event": "publisher.event_published", "level": "info", "timestamp": "2026-10-03T13:07:01.488406Z"}
Oct 03 10:07:01 fim-host fim-agent[73116]: {"path": "/srv/fim-watch/mmap_D_mmap_close_retardo_005ms_008.bin", "event_type": "file_modified", "event_id": "7d140d52-b85b-43a2-a6b6-a7a48c2a8406", "event": "detector.change_detected", "level": "info", "timestamp": "2026-10-03T13:07:01.493708Z"}
Oct 03 10:07:01 fim-host fim-agent[73116]: {"event_id": "d805feca-d82e-4472-9e63-6ca7f5b0e822", "path": "/srv/fim-watch/mmap_D_mmap_close_retardo_005ms_003.bin", "action": "alert_only", "action_failed": false, "event": "decision.evaluated", "level": "info", "timestamp": "2026-10-03T13:07:01.504217Z"}
Oct 03 10:07:01 fim-host fim-agent[73116]: {"event_id": "7d140d52-b85b-43a2-a6b6-a7a48c2a8406", "event": "publisher.event_acked", "level": "info", "timestamp": "2026-10-03T13:07:01.511652Z"}
Oct 03 10:07:01 fim-host fim-agent[73116]: {"event_id": "d805feca-d82e-4472-9e63-6ca7f5b0e822", "deferred": false, "event": "publisher.event_published", "level": "info", "timestamp": "2026-10-03T13:07:01.521156Z"}
Oct 03 10:07:01 fim-host fim-agent[73116]: {"path": "/srv/fim-watch/mmap_D_mmap_close_retardo_005ms_003.bin", "event_type": "file_modified", "event_id": "d805feca-d82e-4472-9e63-6ca7f5b0e822", "event": "detector.change_detected", "level": "info", "timestamp": "2026-10-03T13:07:01.526077Z"}
Oct 03 10:07:01 fim-host fim-agent[73116]: {"event_id": "d805feca-d82e-4472-9e63-6ca7f5b0e822", "event": "publisher.event_acked", "level": "info", "timestamp": "2026-10-03T13:07:01.529627Z"}
Oct 03 10:07:06 fim-host fim-agent[73116]: {"event_id": "3a8e7355-75d8-4bef-90f4-25f6cb0e8750", "path": "/srv/fim-watch/mmap_D_mmap_close_retardo_005ms_004.bin", "action": "alert_only", "action_failed": false, "event": "decision.evaluated", "level": "info", "timestamp": "2026-10-03T13:07:06.487183Z"}
Oct 03 10:07:06 fim-host fim-agent[73116]: {"event_id": "3a8e7355-75d8-4bef-90f4-25f6cb0e8750", "deferred": false, "event": "publisher.event_published", "level": "info", "timestamp": "2026-10-03T13:07:06.492063Z"}
Oct 03 10:07:06 fim-host fim-agent[73116]: {"path": "/srv/fim-watch/mmap_D_mmap_close_retardo_005ms_004.bin", "event_type": "file_modified", "event_id": "3a8e7355-75d8-4bef-90f4-25f6cb0e8750", "event": "detector.change_detected", "level": "info", "timestamp": "2026-10-03T13:07:06.494171Z"}
Oct 03 10:07:06 fim-host fim-agent[73116]: {"event_id": "55fdf7ec-190f-43fa-a99c-8c95f34785a5", "path": "/srv/fim-watch/mmap_D_mmap_close_retardo_005ms_008.bin", "action": "alert_only", "action_failed": false, "event": "decision.evaluated", "level": "info", "timestamp": "2026-10-03T13:07:06.498746Z"}
Oct 03 10:07:06 fim-host fim-agent[73116]: {"event_id": "3a8e7355-75d8-4bef-90f4-25f6cb0e8750", "event": "publisher.event_acked", "level": "info", "timestamp": "2026-10-03T13:07:06.503103Z"}
Oct 03 10:07:06 fim-host fim-agent[73116]: {"event_id": "55fdf7ec-190f-43fa-a99c-8c95f34785a5", "deferred": false, "event": "publisher.event_published", "level": "info", "timestamp": "2026-10-03T13:07:06.508129Z"}
Oct 03 10:07:06 fim-host fim-agent[73116]: {"path": "/srv/fim-watch/mmap_D_mmap_close_retardo_005ms_008.bin", "event_type": "file_modified", "event_id": "55fdf7ec-190f-43fa-a99c-8c95f34785a5", "event": "detector.change_detected", "level": "info", "timestamp": "2026-10-03T13:07:06.510505Z"}
Oct 03 10:07:06 fim-host fim-agent[73116]: {"event_id": "55fdf7ec-190f-43fa-a99c-8c95f34785a5", "event": "publisher.event_acked", "level": "info", "timestamp": "2026-10-03T13:07:06.515536Z"}
Oct 03 10:07:11 fim-host fim-agent[73116]: {"event_id": "dde67c8a-2ee5-4d55-b64b-07af5e1290ee", "path": "/srv/fim-watch/mmap_D_mmap_close_retardo_005ms_009.bin", "action": "alert_only", "action_failed": false, "event": "decision.evaluated", "level": "info", "timestamp": "2026-10-03T13:07:11.503975Z"}
Oct 03 10:07:11 fim-host fim-agent[73116]: {"event_id": "dde67c8a-2ee5-4d55-b64b-07af5e1290ee", "deferred": false, "event": "publisher.event_published", "level": "info", "timestamp": "2026-10-03T13:07:11.520658Z"}
Oct 03 10:07:11 fim-host fim-agent[73116]: {"path": "/srv/fim-watch/mmap_D_mmap_close_retardo_005ms_009.bin", "event_type": "file_created", "event_id": "dde67c8a-2ee5-4d55-b64b-07af5e1290ee", "event": "detector.change_detected", "level": "info", "timestamp": "2026-10-03T13:07:11.526058Z"}
Oct 03 10:07:11 fim-host fim-agent[73116]: {"event_id": "7b8f2b62-4f1e-4483-8e91-bdfaa00aae20", "path": "/srv/fim-watch/mmap_D_mmap_close_retardo_005ms_004.bin", "action": "alert_only", "action_failed": false, "event": "decision.evaluated", "level": "info", "timestamp": "2026-10-03T13:07:11.536592Z"}
Oct 03 10:07:11 fim-host fim-agent[73116]: {"event_id": "dde67c8a-2ee5-4d55-b64b-07af5e1290ee", "event": "publisher.event_acked", "level": "info", "timestamp": "2026-10-03T13:07:11.543340Z"}
Oct 03 10:07:11 fim-host fim-agent[73116]: {"event_id": "7b8f2b62-4f1e-4483-8e91-bdfaa00aae20", "deferred": false, "event": "publisher.event_published", "level": "info", "timestamp": "2026-10-03T13:07:11.552810Z"}
Oct 03 10:07:11 fim-host fim-agent[73116]: {"path": "/srv/fim-watch/mmap_D_mmap_close_retardo_005ms_004.bin", "event_type": "file_modified", "event_id": "7b8f2b62-4f1e-4483-8e91-bdfaa00aae20", "event": "detector.change_detected", "level": "info", "timestamp": "2026-10-03T13:07:11.557624Z"}
Oct 03 10:07:11 fim-host fim-agent[73116]: {"event_id": "7b8f2b62-4f1e-4483-8e91-bdfaa00aae20", "event": "publisher.event_acked", "level": "info", "timestamp": "2026-10-03T13:07:11.560177Z"}
Oct 03 10:07:16 fim-host fim-agent[73116]: {"event_id": "c115e2fd-d3cd-4147-b8a6-6902578fc3c9", "path": "/srv/fim-watch/mmap_D_mmap_close_retardo_005ms_005.bin", "action": "alert_only", "action_failed": false, "event": "decision.evaluated", "level": "info", "timestamp": "2026-10-03T13:07:16.511465Z"}
Oct 03 10:07:16 fim-host fim-agent[73116]: {"event_id": "c115e2fd-d3cd-4147-b8a6-6902578fc3c9", "deferred": false, "event": "publisher.event_published", "level": "info", "timestamp": "2026-10-03T13:07:16.522925Z"}
Oct 03 10:07:16 fim-host fim-agent[73116]: {"path": "/srv/fim-watch/mmap_D_mmap_close_retardo_005ms_005.bin", "event_type": "file_modified", "event_id": "c115e2fd-d3cd-4147-b8a6-6902578fc3c9", "event": "detector.change_detected", "level": "info", "timestamp": "2026-10-03T13:07:16.527877Z"}
Oct 03 10:07:16 fim-host fim-agent[73116]: {"event_id": "a728615e-ff53-426d-b9b8-431173eb5edb", "path": "/srv/fim-watch/mmap_D_mmap_close_retardo_005ms_009.bin", "action": "alert_only", "action_failed": false, "event": "decision.evaluated", "level": "info", "timestamp": "2026-10-03T13:07:16.538495Z"}
Oct 03 10:07:16 fim-host fim-agent[73116]: {"event_id": "c115e2fd-d3cd-4147-b8a6-6902578fc3c9", "event": "publisher.event_acked", "level": "info", "timestamp": "2026-10-03T13:07:16.550164Z"}
Oct 03 10:07:16 fim-host fim-agent[73116]: {"event_id": "a728615e-ff53-426d-b9b8-431173eb5edb", "deferred": false, "event": "publisher.event_published", "level": "info", "timestamp": "2026-10-03T13:07:16.559897Z"}
Oct 03 10:07:16 fim-host fim-agent[73116]: {"path": "/srv/fim-watch/mmap_D_mmap_close_retardo_005ms_009.bin", "event_type": "file_modified", "event_id": "a728615e-ff53-426d-b9b8-431173eb5edb", "event": "detector.change_detected", "level": "info", "timestamp": "2026-10-03T13:07:16.563329Z"}
Oct 03 10:07:16 fim-host fim-agent[73116]: {"event_id": "a728615e-ff53-426d-b9b8-431173eb5edb", "event": "publisher.event_acked", "level": "info", "timestamp": "2026-10-03T13:07:16.568733Z"}
Oct 03 10:07:21 fim-host fim-agent[73116]: {"event_id": "bef25eb5-134c-4599-b66e-04a533dd2bd1", "path": "/srv/fim-watch/mmap_D_mmap_close_retardo_005ms_010.bin", "action": "alert_only", "action_failed": false, "event": "decision.evaluated", "level": "info", "timestamp": "2026-10-03T13:07:21.518226Z"}
Oct 03 10:07:21 fim-host fim-agent[73116]: {"event_id": "bef25eb5-134c-4599-b66e-04a533dd2bd1", "deferred": false, "event": "publisher.event_published", "level": "info", "timestamp": "2026-10-03T13:07:21.525981Z"}
Oct 03 10:07:21 fim-host fim-agent[73116]: {"path": "/srv/fim-watch/mmap_D_mmap_close_retardo_005ms_010.bin", "event_type": "file_modified", "event_id": "bef25eb5-134c-4599-b66e-04a533dd2bd1", "event": "detector.change_detected", "level": "info", "timestamp": "2026-10-03T13:07:21.528796Z"}
Oct 03 10:07:21 fim-host fim-agent[73116]: {"event_id": "dc4c5860-9f6b-4303-a3cf-a7f2e1161909", "path": "/srv/fim-watch/mmap_D_mmap_close_retardo_005ms_005.bin", "action": "alert_only", "action_failed": false, "event": "decision.evaluated", "level": "info", "timestamp": "2026-10-03T13:07:21.533868Z"}
Oct 03 10:07:21 fim-host fim-agent[73116]: {"event_id": "bef25eb5-134c-4599-b66e-04a533dd2bd1", "event": "publisher.event_acked", "level": "info", "timestamp": "2026-10-03T13:07:21.537207Z"}
Oct 03 10:07:21 fim-host fim-agent[73116]: {"event_id": "dc4c5860-9f6b-4303-a3cf-a7f2e1161909", "deferred": false, "event": "publisher.event_published", "level": "info", "timestamp": "2026-10-03T13:07:21.541883Z"}
Oct 03 10:07:21 fim-host fim-agent[73116]: {"path": "/srv/fim-watch/mmap_D_mmap_close_retardo_005ms_005.bin", "event_type": "file_modified", "event_id": "dc4c5860-9f6b-4303-a3cf-a7f2e1161909", "event": "detector.change_detected", "level": "info", "timestamp": "2026-10-03T13:07:21.544185Z"}
Oct 03 10:07:21 fim-host fim-agent[73116]: {"event_id": "dc4c5860-9f6b-4303-a3cf-a7f2e1161909", "event": "publisher.event_acked", "level": "info", "timestamp": "2026-10-03T13:07:21.551218Z"}
Oct 03 10:07:26 fim-host fim-agent[73116]: {"event_id": "3261680d-5269-44a1-a911-eb00743c7584", "path": "/srv/fim-watch/mmap_D_mmap_close_retardo_005ms_006.bin", "action": "alert_only", "action_failed": false, "event": "decision.evaluated", "level": "info", "timestamp": "2026-10-03T13:07:26.522380Z"}
Oct 03 10:07:26 fim-host fim-agent[73116]: {"event_id": "3261680d-5269-44a1-a911-eb00743c7584", "deferred": false, "event": "publisher.event_published", "level": "info", "timestamp": "2026-10-03T13:07:26.528454Z"}
Oct 03 10:07:26 fim-host fim-agent[73116]: {"path": "/srv/fim-watch/mmap_D_mmap_close_retardo_005ms_006.bin", "event_type": "file_modified", "event_id": "3261680d-5269-44a1-a911-eb00743c7584", "event": "detector.change_detected", "level": "info", "timestamp": "2026-10-03T13:07:26.530612Z"}
Oct 03 10:07:26 fim-host fim-agent[73116]: {"event_id": "d33e712b-b131-4495-b4bf-fbe5c20e3216", "path": "/srv/fim-watch/mmap_D_mmap_close_retardo_005ms_010.bin", "action": "alert_only", "action_failed": false, "event": "decision.evaluated", "level": "info", "timestamp": "2026-10-03T13:07:26.535587Z"}
Oct 03 10:07:26 fim-host fim-agent[73116]: {"event_id": "3261680d-5269-44a1-a911-eb00743c7584", "event": "publisher.event_acked", "level": "info", "timestamp": "2026-10-03T13:07:26.538570Z"}
Oct 03 10:07:26 fim-host fim-agent[73116]: {"event_id": "d33e712b-b131-4495-b4bf-fbe5c20e3216", "deferred": false, "event": "publisher.event_published", "level": "info", "timestamp": "2026-10-03T13:07:26.543726Z"}
Oct 03 10:07:26 fim-host fim-agent[73116]: {"path": "/srv/fim-watch/mmap_D_mmap_close_retardo_005ms_010.bin", "event_type": "file_modified", "event_id": "d33e712b-b131-4495-b4bf-fbe5c20e3216", "event": "detector.change_detected", "level": "info", "timestamp": "2026-10-03T13:07:26.547104Z"}
Oct 03 10:07:26 fim-host fim-agent[73116]: {"event_id": "d33e712b-b131-4495-b4bf-fbe5c20e3216", "event": "publisher.event_acked", "level": "info", "timestamp": "2026-10-03T13:07:26.547679Z"}
Oct 03 10:07:31 fim-host fim-agent[73116]: {"event_id": "929c8f84-85ee-4e14-80e5-5bf72a300a8a", "path": "/srv/fim-watch/mmap_D_mmap_close_retardo_010ms_001.bin", "action": "alert_only", "action_failed": false, "event": "decision.evaluated", "level": "info", "timestamp": "2026-10-03T13:07:31.540801Z"}
Oct 03 10:07:31 fim-host fim-agent[73116]: {"event_id": "929c8f84-85ee-4e14-80e5-5bf72a300a8a", "deferred": false, "event": "publisher.event_published", "level": "info", "timestamp": "2026-10-03T13:07:31.547093Z"}
Oct 03 10:07:31 fim-host fim-agent[73116]: {"path": "/srv/fim-watch/mmap_D_mmap_close_retardo_010ms_001.bin", "event_type": "file_modified", "event_id": "929c8f84-85ee-4e14-80e5-5bf72a300a8a", "event": "detector.change_detected", "level": "info", "timestamp": "2026-10-03T13:07:31.549513Z"}
Oct 03 10:07:31 fim-host fim-agent[73116]: {"event_id": "bcad8982-416e-4fe0-8a77-e589da9a95c8", "path": "/srv/fim-watch/mmap_D_mmap_close_retardo_005ms_006.bin", "action": "alert_only", "action_failed": false, "event": "decision.evaluated", "level": "info", "timestamp": "2026-10-03T13:07:31.555448Z"}
Oct 03 10:07:31 fim-host fim-agent[73116]: {"event_id": "929c8f84-85ee-4e14-80e5-5bf72a300a8a", "event": "publisher.event_acked", "level": "info", "timestamp": "2026-10-03T13:07:31.560086Z"}
Oct 03 10:07:31 fim-host fim-agent[73116]: {"event_id": "bcad8982-416e-4fe0-8a77-e589da9a95c8", "deferred": false, "event": "publisher.event_published", "level": "info", "timestamp": "2026-10-03T13:07:31.566480Z"}
Oct 03 10:07:31 fim-host fim-agent[73116]: {"path": "/srv/fim-watch/mmap_D_mmap_close_retardo_005ms_006.bin", "event_type": "file_modified", "event_id": "bcad8982-416e-4fe0-8a77-e589da9a95c8", "event": "detector.change_detected", "level": "info", "timestamp": "2026-10-03T13:07:31.570238Z"}
Oct 03 10:07:31 fim-host fim-agent[73116]: {"event_id": "bcad8982-416e-4fe0-8a77-e589da9a95c8", "event": "publisher.event_acked", "level": "info", "timestamp": "2026-10-03T13:07:31.571208Z"}
Oct 03 10:07:36 fim-host fim-agent[73116]: {"event_id": "d16355e4-5278-43a0-b4f7-74d652f8f5ca", "path": "/srv/fim-watch/mmap_D_mmap_close_retardo_005ms_007.bin", "action": "alert_only", "action_failed": false, "event": "decision.evaluated", "level": "info", "timestamp": "2026-10-03T13:07:36.550652Z"}
Oct 03 10:07:36 fim-host fim-agent[73116]: {"event_id": "d16355e4-5278-43a0-b4f7-74d652f8f5ca", "deferred": false, "event": "publisher.event_published", "level": "info", "timestamp": "2026-10-03T13:07:36.557492Z"}
Oct 03 10:07:36 fim-host fim-agent[73116]: {"path": "/srv/fim-watch/mmap_D_mmap_close_retardo_005ms_007.bin", "event_type": "file_modified", "event_id": "d16355e4-5278-43a0-b4f7-74d652f8f5ca", "event": "detector.change_detected", "level": "info", "timestamp": "2026-10-03T13:07:36.560172Z"}
Oct 03 10:07:36 fim-host fim-agent[73116]: {"event_id": "e19332d0-e7ef-435e-a59c-bcf0ae900073", "path": "/srv/fim-watch/mmap_D_mmap_close_retardo_010ms_001.bin", "action": "alert_only", "action_failed": false, "event": "decision.evaluated", "level": "info", "timestamp": "2026-10-03T13:07:36.566441Z"}
Oct 03 10:07:36 fim-host fim-agent[73116]: {"event_id": "d16355e4-5278-43a0-b4f7-74d652f8f5ca", "event": "publisher.event_acked", "level": "info", "timestamp": "2026-10-03T13:07:36.570397Z"}
Oct 03 10:07:36 fim-host fim-agent[73116]: {"event_id": "e19332d0-e7ef-435e-a59c-bcf0ae900073", "deferred": false, "event": "publisher.event_published", "level": "info", "timestamp": "2026-10-03T13:07:36.575794Z"}
Oct 03 10:07:36 fim-host fim-agent[73116]: {"path": "/srv/fim-watch/mmap_D_mmap_close_retardo_010ms_001.bin", "event_type": "file_modified", "event_id": "e19332d0-e7ef-435e-a59c-bcf0ae900073", "event": "detector.change_detected", "level": "info", "timestamp": "2026-10-03T13:07:36.578711Z"}
Oct 03 10:07:36 fim-host fim-agent[73116]: {"event_id": "e19332d0-e7ef-435e-a59c-bcf0ae900073", "event": "publisher.event_acked", "level": "info", "timestamp": "2026-10-03T13:07:36.580509Z"}
Oct 03 10:07:41 fim-host fim-agent[73116]: {"event_id": "6c4c5fd7-10ad-434f-9851-f6b7460f8533", "path": "/srv/fim-watch/mmap_D_mmap_close_retardo_010ms_002.bin", "action": "alert_only", "action_failed": false, "event": "decision.evaluated", "level": "info", "timestamp": "2026-10-03T13:07:41.563385Z"}
Oct 03 10:07:41 fim-host fim-agent[73116]: {"event_id": "6c4c5fd7-10ad-434f-9851-f6b7460f8533", "deferred": false, "event": "publisher.event_published", "level": "info", "timestamp": "2026-10-03T13:07:41.576197Z"}
Oct 03 10:07:41 fim-host fim-agent[73116]: {"path": "/srv/fim-watch/mmap_D_mmap_close_retardo_010ms_002.bin", "event_type": "file_modified", "event_id": "6c4c5fd7-10ad-434f-9851-f6b7460f8533", "event": "detector.change_detected", "level": "info", "timestamp": "2026-10-03T13:07:41.580784Z"}
Oct 03 10:07:41 fim-host fim-agent[73116]: {"event_id": "92951095-2aa8-4e39-a6bf-ae05ec27a717", "path": "/srv/fim-watch/mmap_D_mmap_close_retardo_005ms_007.bin", "action": "alert_only", "action_failed": false, "event": "decision.evaluated", "level": "info", "timestamp": "2026-10-03T13:07:41.590529Z"}
Oct 03 10:07:41 fim-host fim-agent[73116]: {"event_id": "6c4c5fd7-10ad-434f-9851-f6b7460f8533", "event": "publisher.event_acked", "level": "info", "timestamp": "2026-10-03T13:07:41.597653Z"}
Oct 03 10:07:41 fim-host fim-agent[73116]: {"event_id": "92951095-2aa8-4e39-a6bf-ae05ec27a717", "deferred": false, "event": "publisher.event_published", "level": "info", "timestamp": "2026-10-03T13:07:41.605112Z"}
Oct 03 10:07:41 fim-host fim-agent[73116]: {"path": "/srv/fim-watch/mmap_D_mmap_close_retardo_005ms_007.bin", "event_type": "file_modified", "event_id": "92951095-2aa8-4e39-a6bf-ae05ec27a717", "event": "detector.change_detected", "level": "info", "timestamp": "2026-10-03T13:07:41.608695Z"}
Oct 03 10:07:41 fim-host fim-agent[73116]: {"event_id": "92951095-2aa8-4e39-a6bf-ae05ec27a717", "event": "publisher.event_acked", "level": "info", "timestamp": "2026-10-03T13:07:41.610796Z"}
Oct 03 10:07:46 fim-host fim-agent[73116]: {"event_id": "7a997bc6-e31c-4970-8421-4a8c4ba37462", "path": "/srv/fim-watch/mmap_D_mmap_close_retardo_005ms_008.bin", "action": "alert_only", "action_failed": false, "event": "decision.evaluated", "level": "info", "timestamp": "2026-10-03T13:07:46.570440Z"}
Oct 03 10:07:46 fim-host fim-agent[73116]: {"event_id": "7a997bc6-e31c-4970-8421-4a8c4ba37462", "deferred": false, "event": "publisher.event_published", "level": "info", "timestamp": "2026-10-03T13:07:46.579805Z"}
Oct 03 10:07:46 fim-host fim-agent[73116]: {"path": "/srv/fim-watch/mmap_D_mmap_close_retardo_005ms_008.bin", "event_type": "file_modified", "event_id": "7a997bc6-e31c-4970-8421-4a8c4ba37462", "event": "detector.change_detected", "level": "info", "timestamp": "2026-10-03T13:07:46.585597Z"}
Oct 03 10:07:46 fim-host fim-agent[73116]: {"event_id": "574540f1-11c4-4534-81b4-efe26c0ec668", "path": "/srv/fim-watch/mmap_D_mmap_close_retardo_010ms_002.bin", "action": "alert_only", "action_failed": false, "event": "decision.evaluated", "level": "info", "timestamp": "2026-10-03T13:07:46.596556Z"}
Oct 03 10:07:46 fim-host fim-agent[73116]: {"event_id": "7a997bc6-e31c-4970-8421-4a8c4ba37462", "event": "publisher.event_acked", "level": "info", "timestamp": "2026-10-03T13:07:46.604811Z"}
Oct 03 10:07:46 fim-host fim-agent[73116]: {"event_id": "574540f1-11c4-4534-81b4-efe26c0ec668", "deferred": false, "event": "publisher.event_published", "level": "info", "timestamp": "2026-10-03T13:07:46.616118Z"}
Oct 03 10:07:46 fim-host fim-agent[73116]: {"path": "/srv/fim-watch/mmap_D_mmap_close_retardo_010ms_002.bin", "event_type": "file_modified", "event_id": "574540f1-11c4-4534-81b4-efe26c0ec668", "event": "detector.change_detected", "level": "info", "timestamp": "2026-10-03T13:07:46.621084Z"}
Oct 03 10:07:46 fim-host fim-agent[73116]: {"event_id": "574540f1-11c4-4534-81b4-efe26c0ec668", "event": "publisher.event_acked", "level": "info", "timestamp": "2026-10-03T13:07:46.627173Z"}
Oct 03 10:07:51 fim-host fim-agent[73116]: {"event_id": "1926d9bb-83b8-4397-9e62-112f989ca7a6", "path": "/srv/fim-watch/mmap_D_mmap_close_retardo_005ms_008.bin", "action": "alert_only", "action_failed": false, "event": "decision.evaluated", "level": "info", "timestamp": "2026-10-03T13:07:51.576866Z"}
Oct 03 10:07:51 fim-host fim-agent[73116]: {"event_id": "1926d9bb-83b8-4397-9e62-112f989ca7a6", "deferred": false, "event": "publisher.event_published", "level": "info", "timestamp": "2026-10-03T13:07:51.588257Z"}
Oct 03 10:07:51 fim-host fim-agent[73116]: {"path": "/srv/fim-watch/mmap_D_mmap_close_retardo_005ms_008.bin", "event_type": "file_modified", "event_id": "1926d9bb-83b8-4397-9e62-112f989ca7a6", "event": "detector.change_detected", "level": "info", "timestamp": "2026-10-03T13:07:51.593472Z"}
Oct 03 10:07:51 fim-host fim-agent[73116]: {"event_id": "82968720-5ecc-414e-bb0a-d717e6453e40", "path": "/srv/fim-watch/mmap_D_mmap_close_retardo_010ms_003.bin", "action": "alert_only", "action_failed": false, "event": "decision.evaluated", "level": "info", "timestamp": "2026-10-03T13:07:51.603256Z"}
Oct 03 10:07:51 fim-host fim-agent[73116]: {"event_id": "1926d9bb-83b8-4397-9e62-112f989ca7a6", "event": "publisher.event_acked", "level": "info", "timestamp": "2026-10-03T13:07:51.610145Z"}
Oct 03 10:07:51 fim-host fim-agent[73116]: {"event_id": "82968720-5ecc-414e-bb0a-d717e6453e40", "deferred": false, "event": "publisher.event_published", "level": "info", "timestamp": "2026-10-03T13:07:51.621929Z"}
Oct 03 10:07:51 fim-host fim-agent[73116]: {"path": "/srv/fim-watch/mmap_D_mmap_close_retardo_010ms_003.bin", "event_type": "file_modified", "event_id": "82968720-5ecc-414e-bb0a-d717e6453e40", "event": "detector.change_detected", "level": "info", "timestamp": "2026-10-03T13:07:51.626628Z"}
Oct 03 10:07:51 fim-host fim-agent[73116]: {"event_id": "82968720-5ecc-414e-bb0a-d717e6453e40", "event": "publisher.event_acked", "level": "info", "timestamp": "2026-10-03T13:07:51.633434Z"}
Oct 03 10:07:56 fim-host fim-agent[73116]: {"event_id": "115139ae-0a97-4180-8fb6-c3ef3364f4f9", "path": "/srv/fim-watch/mmap_D_mmap_close_retardo_010ms_003.bin", "action": "alert_only", "action_failed": false, "event": "decision.evaluated", "level": "info", "timestamp": "2026-10-03T13:07:56.600582Z"}
Oct 03 10:07:56 fim-host fim-agent[73116]: {"event_id": "115139ae-0a97-4180-8fb6-c3ef3364f4f9", "deferred": false, "event": "publisher.event_published", "level": "info", "timestamp": "2026-10-03T13:07:56.612279Z"}
Oct 03 10:07:56 fim-host fim-agent[73116]: {"path": "/srv/fim-watch/mmap_D_mmap_close_retardo_010ms_003.bin", "event_type": "file_modified", "event_id": "115139ae-0a97-4180-8fb6-c3ef3364f4f9", "event": "detector.change_detected", "level": "info", "timestamp": "2026-10-03T13:07:56.617353Z"}
Oct 03 10:07:56 fim-host fim-agent[73116]: {"event_id": "115139ae-0a97-4180-8fb6-c3ef3364f4f9", "event": "publisher.event_acked", "level": "info", "timestamp": "2026-10-03T13:07:56.620004Z"}
Oct 03 10:08:01 fim-host fim-agent[73116]: {"event_id": "716c7929-1eb5-42c9-a18c-072d6539efa1", "path": "/srv/fim-watch/mmap_D_mmap_close_retardo_005ms_009.bin", "action": "alert_only", "action_failed": false, "event": "decision.evaluated", "level": "info", "timestamp": "2026-10-03T13:08:01.594415Z"}
Oct 03 10:08:01 fim-host fim-agent[73116]: {"event_id": "716c7929-1eb5-42c9-a18c-072d6539efa1", "deferred": false, "event": "publisher.event_published", "level": "info", "timestamp": "2026-10-03T13:08:01.606654Z"}
Oct 03 10:08:01 fim-host fim-agent[73116]: {"path": "/srv/fim-watch/mmap_D_mmap_close_retardo_005ms_009.bin", "event_type": "file_modified", "event_id": "716c7929-1eb5-42c9-a18c-072d6539efa1", "event": "detector.change_detected", "level": "info", "timestamp": "2026-10-03T13:08:01.612859Z"}
Oct 03 10:08:01 fim-host fim-agent[73116]: {"event_id": "4385df07-f94f-457f-8599-2169e2752a8c", "path": "/srv/fim-watch/mmap_D_mmap_close_retardo_010ms_004.bin", "action": "alert_only", "action_failed": false, "event": "decision.evaluated", "level": "info", "timestamp": "2026-10-03T13:08:01.622991Z"}
Oct 03 10:08:01 fim-host fim-agent[73116]: {"event_id": "716c7929-1eb5-42c9-a18c-072d6539efa1", "event": "publisher.event_acked", "level": "info", "timestamp": "2026-10-03T13:08:01.635656Z"}
Oct 03 10:08:01 fim-host fim-agent[73116]: {"event_id": "4385df07-f94f-457f-8599-2169e2752a8c", "deferred": false, "event": "publisher.event_published", "level": "info", "timestamp": "2026-10-03T13:08:01.647183Z"}
Oct 03 10:08:01 fim-host fim-agent[73116]: {"path": "/srv/fim-watch/mmap_D_mmap_close_retardo_010ms_004.bin", "event_type": "file_modified", "event_id": "4385df07-f94f-457f-8599-2169e2752a8c", "event": "detector.change_detected", "level": "info", "timestamp": "2026-10-03T13:08:01.653228Z"}
Oct 03 10:08:01 fim-host fim-agent[73116]: {"event_id": "4385df07-f94f-457f-8599-2169e2752a8c", "event": "publisher.event_acked", "level": "info", "timestamp": "2026-10-03T13:08:01.654801Z"}
Oct 03 10:08:06 fim-host fim-agent[73116]: {"event_id": "35c70da0-7b82-4652-be93-bcd9a576e976", "path": "/srv/fim-watch/mmap_D_mmap_close_retardo_005ms_010.bin", "action": "alert_only", "action_failed": false, "event": "decision.evaluated", "level": "info", "timestamp": "2026-10-03T13:08:06.602295Z"}
Oct 03 10:08:06 fim-host fim-agent[73116]: {"event_id": "35c70da0-7b82-4652-be93-bcd9a576e976", "deferred": false, "event": "publisher.event_published", "level": "info", "timestamp": "2026-10-03T13:08:06.615263Z"}
Oct 03 10:08:06 fim-host fim-agent[73116]: {"path": "/srv/fim-watch/mmap_D_mmap_close_retardo_005ms_010.bin", "event_type": "file_modified", "event_id": "35c70da0-7b82-4652-be93-bcd9a576e976", "event": "detector.change_detected", "level": "info", "timestamp": "2026-10-03T13:08:06.620803Z"}
Oct 03 10:08:06 fim-host fim-agent[73116]: {"event_id": "281310ab-0b04-421e-be54-18085682e1a3", "path": "/srv/fim-watch/mmap_D_mmap_close_retardo_010ms_004.bin", "action": "alert_only", "action_failed": false, "event": "decision.evaluated", "level": "info", "timestamp": "2026-10-03T13:08:06.631589Z"}
Oct 03 10:08:06 fim-host fim-agent[73116]: {"event_id": "35c70da0-7b82-4652-be93-bcd9a576e976", "event": "publisher.event_acked", "level": "info", "timestamp": "2026-10-03T13:08:06.638807Z"}
Oct 03 10:08:06 fim-host fim-agent[73116]: {"event_id": "281310ab-0b04-421e-be54-18085682e1a3", "deferred": false, "event": "publisher.event_published", "level": "info", "timestamp": "2026-10-03T13:08:06.649460Z"}
Oct 03 10:08:06 fim-host fim-agent[73116]: {"path": "/srv/fim-watch/mmap_D_mmap_close_retardo_010ms_004.bin", "event_type": "file_modified", "event_id": "281310ab-0b04-421e-be54-18085682e1a3", "event": "detector.change_detected", "level": "info", "timestamp": "2026-10-03T13:08:06.654380Z"}
Oct 03 10:08:06 fim-host fim-agent[73116]: {"event_id": "281310ab-0b04-421e-be54-18085682e1a3", "event": "publisher.event_acked", "level": "info", "timestamp": "2026-10-03T13:08:06.658362Z"}
Oct 03 10:08:11 fim-host fim-agent[73116]: {"event_id": "236acfad-8268-4ee4-ac01-289557860198", "path": "/srv/fim-watch/mmap_D_mmap_close_retardo_005ms_010.bin", "action": "alert_only", "action_failed": false, "event": "decision.evaluated", "level": "info", "timestamp": "2026-10-03T13:08:11.610671Z"}
Oct 03 10:08:11 fim-host fim-agent[73116]: {"event_id": "236acfad-8268-4ee4-ac01-289557860198", "deferred": false, "event": "publisher.event_published", "level": "info", "timestamp": "2026-10-03T13:08:11.623036Z"}
Oct 03 10:08:11 fim-host fim-agent[73116]: {"path": "/srv/fim-watch/mmap_D_mmap_close_retardo_005ms_010.bin", "event_type": "file_modified", "event_id": "236acfad-8268-4ee4-ac01-289557860198", "event": "detector.change_detected", "level": "info", "timestamp": "2026-10-03T13:08:11.628271Z"}
Oct 03 10:08:11 fim-host fim-agent[73116]: {"event_id": "89122ee2-c1a3-4d19-bad1-4a1a33fa35e6", "path": "/srv/fim-watch/mmap_D_mmap_close_retardo_010ms_005.bin", "action": "alert_only", "action_failed": false, "event": "decision.evaluated", "level": "info", "timestamp": "2026-10-03T13:08:11.638310Z"}
Oct 03 10:08:11 fim-host fim-agent[73116]: {"event_id": "236acfad-8268-4ee4-ac01-289557860198", "event": "publisher.event_acked", "level": "info", "timestamp": "2026-10-03T13:08:11.650265Z"}
Oct 03 10:08:11 fim-host fim-agent[73116]: {"event_id": "89122ee2-c1a3-4d19-bad1-4a1a33fa35e6", "deferred": false, "event": "publisher.event_published", "level": "info", "timestamp": "2026-10-03T13:08:11.662166Z"}
Oct 03 10:08:11 fim-host fim-agent[73116]: {"path": "/srv/fim-watch/mmap_D_mmap_close_retardo_010ms_005.bin", "event_type": "file_created", "event_id": "89122ee2-c1a3-4d19-bad1-4a1a33fa35e6", "event": "detector.change_detected", "level": "info", "timestamp": "2026-10-03T13:08:11.667289Z"}
Oct 03 10:08:11 fim-host fim-agent[73116]: {"event_id": "89122ee2-c1a3-4d19-bad1-4a1a33fa35e6", "event": "publisher.event_acked", "level": "info", "timestamp": "2026-10-03T13:08:11.668533Z"}
Oct 03 10:08:16 fim-host fim-agent[73116]: {"event_id": "33abf985-9130-4a99-a434-53839bd2501a", "path": "/srv/fim-watch/mmap_D_mmap_close_retardo_010ms_001.bin", "action": "alert_only", "action_failed": false, "event": "decision.evaluated", "level": "info", "timestamp": "2026-10-03T13:08:16.620376Z"}
Oct 03 10:08:16 fim-host fim-agent[73116]: {"event_id": "33abf985-9130-4a99-a434-53839bd2501a", "deferred": false, "event": "publisher.event_published", "level": "info", "timestamp": "2026-10-03T13:08:16.631566Z"}
Oct 03 10:08:16 fim-host fim-agent[73116]: {"path": "/srv/fim-watch/mmap_D_mmap_close_retardo_010ms_001.bin", "event_type": "file_modified", "event_id": "33abf985-9130-4a99-a434-53839bd2501a", "event": "detector.change_detected", "level": "info", "timestamp": "2026-10-03T13:08:16.635615Z"}
Oct 03 10:08:16 fim-host fim-agent[73116]: {"event_id": "34df1e89-23cd-498e-87ce-1642309625d8", "path": "/srv/fim-watch/mmap_D_mmap_close_retardo_010ms_005.bin", "action": "alert_only", "action_failed": false, "event": "decision.evaluated", "level": "info", "timestamp": "2026-10-03T13:08:16.645289Z"}
Oct 03 10:08:16 fim-host fim-agent[73116]: {"event_id": "33abf985-9130-4a99-a434-53839bd2501a", "event": "publisher.event_acked", "level": "info", "timestamp": "2026-10-03T13:08:16.655732Z"}
Oct 03 10:08:16 fim-host fim-agent[73116]: {"event_id": "34df1e89-23cd-498e-87ce-1642309625d8", "deferred": false, "event": "publisher.event_published", "level": "info", "timestamp": "2026-10-03T13:08:16.663716Z"}
Oct 03 10:08:16 fim-host fim-agent[73116]: {"path": "/srv/fim-watch/mmap_D_mmap_close_retardo_010ms_005.bin", "event_type": "file_modified", "event_id": "34df1e89-23cd-498e-87ce-1642309625d8", "event": "detector.change_detected", "level": "info", "timestamp": "2026-10-03T13:08:16.666977Z"}
Oct 03 10:08:16 fim-host fim-agent[73116]: {"event_id": "34df1e89-23cd-498e-87ce-1642309625d8", "event": "publisher.event_acked", "level": "info", "timestamp": "2026-10-03T13:08:16.673665Z"}
Oct 03 10:08:21 fim-host fim-agent[73116]: {"event_id": "0ed09524-d876-4578-8461-2fe1656a34e5", "path": "/srv/fim-watch/mmap_D_mmap_close_retardo_010ms_006.bin", "action": "alert_only", "action_failed": false, "event": "decision.evaluated", "level": "info", "timestamp": "2026-10-03T13:08:21.628869Z"}
Oct 03 10:08:21 fim-host fim-agent[73116]: {"event_id": "0ed09524-d876-4578-8461-2fe1656a34e5", "deferred": false, "event": "publisher.event_published", "level": "info", "timestamp": "2026-10-03T13:08:21.639995Z"}
Oct 03 10:08:21 fim-host fim-agent[73116]: {"path": "/srv/fim-watch/mmap_D_mmap_close_retardo_010ms_006.bin", "event_type": "file_modified", "event_id": "0ed09524-d876-4578-8461-2fe1656a34e5", "event": "detector.change_detected", "level": "info", "timestamp": "2026-10-03T13:08:21.645211Z"}
Oct 03 10:08:21 fim-host fim-agent[73116]: {"event_id": "1b6c0362-d0e7-4cf6-90d7-7d8ccb332251", "path": "/srv/fim-watch/mmap_D_mmap_close_retardo_010ms_001.bin", "action": "alert_only", "action_failed": false, "event": "decision.evaluated", "level": "info", "timestamp": "2026-10-03T13:08:21.657790Z"}
Oct 03 10:08:21 fim-host fim-agent[73116]: {"event_id": "0ed09524-d876-4578-8461-2fe1656a34e5", "event": "publisher.event_acked", "level": "info", "timestamp": "2026-10-03T13:08:21.663385Z"}
Oct 03 10:08:21 fim-host fim-agent[73116]: {"event_id": "1b6c0362-d0e7-4cf6-90d7-7d8ccb332251", "deferred": false, "event": "publisher.event_published", "level": "info", "timestamp": "2026-10-03T13:08:21.672789Z"}
Oct 03 10:08:21 fim-host fim-agent[73116]: {"path": "/srv/fim-watch/mmap_D_mmap_close_retardo_010ms_001.bin", "event_type": "file_modified", "event_id": "1b6c0362-d0e7-4cf6-90d7-7d8ccb332251", "event": "detector.change_detected", "level": "info", "timestamp": "2026-10-03T13:08:21.677197Z"}
Oct 03 10:08:21 fim-host fim-agent[73116]: {"event_id": "1b6c0362-d0e7-4cf6-90d7-7d8ccb332251", "event": "publisher.event_acked", "level": "info", "timestamp": "2026-10-03T13:08:21.682135Z"}
Oct 03 10:08:26 fim-host fim-agent[73116]: {"event_id": "397644f0-173c-4558-8cec-b884c58a5313", "path": "/srv/fim-watch/mmap_D_mmap_close_retardo_010ms_002.bin", "action": "alert_only", "action_failed": false, "event": "decision.evaluated", "level": "info", "timestamp": "2026-10-03T13:08:26.644644Z"}
Oct 03 10:08:26 fim-host fim-agent[73116]: {"event_id": "397644f0-173c-4558-8cec-b884c58a5313", "deferred": false, "event": "publisher.event_published", "level": "info", "timestamp": "2026-10-03T13:08:26.657388Z"}
Oct 03 10:08:26 fim-host fim-agent[73116]: {"path": "/srv/fim-watch/mmap_D_mmap_close_retardo_010ms_002.bin", "event_type": "file_modified", "event_id": "397644f0-173c-4558-8cec-b884c58a5313", "event": "detector.change_detected", "level": "info", "timestamp": "2026-10-03T13:08:26.662455Z"}
Oct 03 10:08:26 fim-host fim-agent[73116]: {"event_id": "7f8608ce-9784-47f5-8e50-658da0319b94", "path": "/srv/fim-watch/mmap_D_mmap_close_retardo_010ms_006.bin", "action": "alert_only", "action_failed": false, "event": "decision.evaluated", "level": "info", "timestamp": "2026-10-03T13:08:26.672398Z"}
Oct 03 10:08:26 fim-host fim-agent[73116]: {"event_id": "397644f0-173c-4558-8cec-b884c58a5313", "event": "publisher.event_acked", "level": "info", "timestamp": "2026-10-03T13:08:26.679496Z"}
Oct 03 10:08:26 fim-host fim-agent[73116]: {"event_id": "7f8608ce-9784-47f5-8e50-658da0319b94", "deferred": false, "event": "publisher.event_published", "level": "info", "timestamp": "2026-10-03T13:08:26.688491Z"}
Oct 03 10:08:26 fim-host fim-agent[73116]: {"path": "/srv/fim-watch/mmap_D_mmap_close_retardo_010ms_006.bin", "event_type": "file_modified", "event_id": "7f8608ce-9784-47f5-8e50-658da0319b94", "event": "detector.change_detected", "level": "info", "timestamp": "2026-10-03T13:08:26.692704Z"}
Oct 03 10:08:26 fim-host fim-agent[73116]: {"event_id": "7f8608ce-9784-47f5-8e50-658da0319b94", "event": "publisher.event_acked", "level": "info", "timestamp": "2026-10-03T13:08:26.694536Z"}
Oct 03 10:08:31 fim-host fim-agent[73116]: {"event_id": "4d5e3967-b8de-4fdd-973f-2698ebee04b6", "path": "/srv/fim-watch/mmap_D_mmap_close_retardo_010ms_007.bin", "action": "alert_only", "action_failed": false, "event": "decision.evaluated", "level": "info", "timestamp": "2026-10-03T13:08:31.652890Z"}
Oct 03 10:08:31 fim-host fim-agent[73116]: {"event_id": "4d5e3967-b8de-4fdd-973f-2698ebee04b6", "deferred": false, "event": "publisher.event_published", "level": "info", "timestamp": "2026-10-03T13:08:31.665258Z"}
Oct 03 10:08:31 fim-host fim-agent[73116]: {"path": "/srv/fim-watch/mmap_D_mmap_close_retardo_010ms_007.bin", "event_type": "file_modified", "event_id": "4d5e3967-b8de-4fdd-973f-2698ebee04b6", "event": "detector.change_detected", "level": "info", "timestamp": "2026-10-03T13:08:31.671238Z"}
Oct 03 10:08:31 fim-host fim-agent[73116]: {"event_id": "825dab51-de65-4b61-8343-930e99359793", "path": "/srv/fim-watch/mmap_D_mmap_close_retardo_010ms_002.bin", "action": "alert_only", "action_failed": false, "event": "decision.evaluated", "level": "info", "timestamp": "2026-10-03T13:08:31.682850Z"}
Oct 03 10:08:31 fim-host fim-agent[73116]: {"event_id": "4d5e3967-b8de-4fdd-973f-2698ebee04b6", "event": "publisher.event_acked", "level": "info", "timestamp": "2026-10-03T13:08:31.690468Z"}
Oct 03 10:08:31 fim-host fim-agent[73116]: {"event_id": "825dab51-de65-4b61-8343-930e99359793", "deferred": false, "event": "publisher.event_published", "level": "info", "timestamp": "2026-10-03T13:08:31.700964Z"}
Oct 03 10:08:31 fim-host fim-agent[73116]: {"path": "/srv/fim-watch/mmap_D_mmap_close_retardo_010ms_002.bin", "event_type": "file_modified", "event_id": "825dab51-de65-4b61-8343-930e99359793", "event": "detector.change_detected", "level": "info", "timestamp": "2026-10-03T13:08:31.706104Z"}
Oct 03 10:08:31 fim-host fim-agent[73116]: {"event_id": "825dab51-de65-4b61-8343-930e99359793", "event": "publisher.event_acked", "level": "info", "timestamp": "2026-10-03T13:08:31.708500Z"}
Oct 03 10:08:36 fim-host fim-agent[73116]: {"event_id": "144abb83-df02-4b55-af4a-89319676c1b4", "path": "/srv/fim-watch/mmap_D_mmap_close_retardo_010ms_003.bin", "action": "alert_only", "action_failed": false, "event": "decision.evaluated", "level": "info", "timestamp": "2026-10-03T13:08:36.658947Z"}
Oct 03 10:08:36 fim-host fim-agent[73116]: {"event_id": "144abb83-df02-4b55-af4a-89319676c1b4", "deferred": false, "event": "publisher.event_published", "level": "info", "timestamp": "2026-10-03T13:08:36.667179Z"}
Oct 03 10:08:36 fim-host fim-agent[73116]: {"path": "/srv/fim-watch/mmap_D_mmap_close_retardo_010ms_003.bin", "event_type": "file_modified", "event_id": "144abb83-df02-4b55-af4a-89319676c1b4", "event": "detector.change_detected", "level": "info", "timestamp": "2026-10-03T13:08:36.670167Z"}
Oct 03 10:08:36 fim-host fim-agent[73116]: {"event_id": "b3370c29-3340-49d5-b0d5-92c172b63bdf", "path": "/srv/fim-watch/mmap_D_mmap_close_retardo_010ms_007.bin", "action": "alert_only", "action_failed": false, "event": "decision.evaluated", "level": "info", "timestamp": "2026-10-03T13:08:36.676581Z"}
Oct 03 10:08:36 fim-host fim-agent[73116]: {"event_id": "144abb83-df02-4b55-af4a-89319676c1b4", "event": "publisher.event_acked", "level": "info", "timestamp": "2026-10-03T13:08:36.680696Z"}
Oct 03 10:08:36 fim-host fim-agent[73116]: {"event_id": "b3370c29-3340-49d5-b0d5-92c172b63bdf", "deferred": false, "event": "publisher.event_published", "level": "info", "timestamp": "2026-10-03T13:08:36.686300Z"}
Oct 03 10:08:36 fim-host fim-agent[73116]: {"path": "/srv/fim-watch/mmap_D_mmap_close_retardo_010ms_007.bin", "event_type": "file_modified", "event_id": "b3370c29-3340-49d5-b0d5-92c172b63bdf", "event": "detector.change_detected", "level": "info", "timestamp": "2026-10-03T13:08:36.690985Z"}
Oct 03 10:08:36 fim-host fim-agent[73116]: {"event_id": "b3370c29-3340-49d5-b0d5-92c172b63bdf", "event": "publisher.event_acked", "level": "info", "timestamp": "2026-10-03T13:08:36.701658Z"}
Oct 03 10:08:41 fim-host fim-agent[73116]: {"event_id": "853b9e81-1a77-4e48-b07f-fbecb55a21d2", "path": "/srv/fim-watch/mmap_D_mmap_close_retardo_010ms_008.bin", "action": "alert_only", "action_failed": false, "event": "decision.evaluated", "level": "info", "timestamp": "2026-10-03T13:08:41.666883Z"}
Oct 03 10:08:41 fim-host fim-agent[73116]: {"event_id": "853b9e81-1a77-4e48-b07f-fbecb55a21d2", "deferred": false, "event": "publisher.event_published", "level": "info", "timestamp": "2026-10-03T13:08:41.672947Z"}
Oct 03 10:08:41 fim-host fim-agent[73116]: {"path": "/srv/fim-watch/mmap_D_mmap_close_retardo_010ms_008.bin", "event_type": "file_modified", "event_id": "853b9e81-1a77-4e48-b07f-fbecb55a21d2", "event": "detector.change_detected", "level": "info", "timestamp": "2026-10-03T13:08:41.675985Z"}
Oct 03 10:08:41 fim-host fim-agent[73116]: {"event_id": "6d4fbf92-b030-4ff7-bd1d-78ad08df7a4e", "path": "/srv/fim-watch/mmap_D_mmap_close_retardo_010ms_003.bin", "action": "alert_only", "action_failed": false, "event": "decision.evaluated", "level": "info", "timestamp": "2026-10-03T13:08:41.682931Z"}
Oct 03 10:08:41 fim-host fim-agent[73116]: {"event_id": "853b9e81-1a77-4e48-b07f-fbecb55a21d2", "event": "publisher.event_acked", "level": "info", "timestamp": "2026-10-03T13:08:41.687277Z"}
Oct 03 10:08:41 fim-host fim-agent[73116]: {"event_id": "6d4fbf92-b030-4ff7-bd1d-78ad08df7a4e", "deferred": false, "event": "publisher.event_published", "level": "info", "timestamp": "2026-10-03T13:08:41.694119Z"}
Oct 03 10:08:41 fim-host fim-agent[73116]: {"path": "/srv/fim-watch/mmap_D_mmap_close_retardo_010ms_003.bin", "event_type": "file_modified", "event_id": "6d4fbf92-b030-4ff7-bd1d-78ad08df7a4e", "event": "detector.change_detected", "level": "info", "timestamp": "2026-10-03T13:08:41.697803Z"}
Oct 03 10:08:41 fim-host fim-agent[73116]: {"event_id": "6d4fbf92-b030-4ff7-bd1d-78ad08df7a4e", "event": "publisher.event_acked", "level": "info", "timestamp": "2026-10-03T13:08:41.698914Z"}
Oct 03 10:08:46 fim-host fim-agent[73116]: {"event_id": "5abc673e-359d-4e70-8ede-8e39233e4b43", "path": "/srv/fim-watch/mmap_D_mmap_close_retardo_010ms_004.bin", "action": "alert_only", "action_failed": false, "event": "decision.evaluated", "level": "info", "timestamp": "2026-10-03T13:08:46.682962Z"}
Oct 03 10:08:46 fim-host fim-agent[73116]: {"event_id": "5abc673e-359d-4e70-8ede-8e39233e4b43", "deferred": false, "event": "publisher.event_published", "level": "info", "timestamp": "2026-10-03T13:08:46.689730Z"}
Oct 03 10:08:46 fim-host fim-agent[73116]: {"path": "/srv/fim-watch/mmap_D_mmap_close_retardo_010ms_004.bin", "event_type": "file_modified", "event_id": "5abc673e-359d-4e70-8ede-8e39233e4b43", "event": "detector.change_detected", "level": "info", "timestamp": "2026-10-03T13:08:46.692583Z"}
Oct 03 10:08:46 fim-host fim-agent[73116]: {"event_id": "fcb26837-d751-458a-b0d9-99fca08a2647", "path": "/srv/fim-watch/mmap_D_mmap_close_retardo_010ms_008.bin", "action": "alert_only", "action_failed": false, "event": "decision.evaluated", "level": "info", "timestamp": "2026-10-03T13:08:46.700684Z"}
Oct 03 10:08:46 fim-host fim-agent[73116]: {"event_id": "5abc673e-359d-4e70-8ede-8e39233e4b43", "event": "publisher.event_acked", "level": "info", "timestamp": "2026-10-03T13:08:46.705183Z"}
Oct 03 10:08:46 fim-host fim-agent[73116]: {"event_id": "fcb26837-d751-458a-b0d9-99fca08a2647", "deferred": false, "event": "publisher.event_published", "level": "info", "timestamp": "2026-10-03T13:08:46.712615Z"}
Oct 03 10:08:46 fim-host fim-agent[73116]: {"path": "/srv/fim-watch/mmap_D_mmap_close_retardo_010ms_008.bin", "event_type": "file_modified", "event_id": "fcb26837-d751-458a-b0d9-99fca08a2647", "event": "detector.change_detected", "level": "info", "timestamp": "2026-10-03T13:08:46.715861Z"}
Oct 03 10:08:46 fim-host fim-agent[73116]: {"event_id": "fcb26837-d751-458a-b0d9-99fca08a2647", "event": "publisher.event_acked", "level": "info", "timestamp": "2026-10-03T13:08:46.719322Z"}
Oct 03 10:08:51 fim-host fim-agent[73116]: {"event_id": "de7d20ce-ddb6-4c1e-aafd-99e5a2bb7797", "path": "/srv/fim-watch/mmap_D_mmap_close_retardo_010ms_009.bin", "action": "alert_only", "action_failed": false, "event": "decision.evaluated", "level": "info", "timestamp": "2026-10-03T13:08:51.688762Z"}
Oct 03 10:08:51 fim-host fim-agent[73116]: {"event_id": "de7d20ce-ddb6-4c1e-aafd-99e5a2bb7797", "deferred": false, "event": "publisher.event_published", "level": "info", "timestamp": "2026-10-03T13:08:51.696674Z"}
Oct 03 10:08:51 fim-host fim-agent[73116]: {"path": "/srv/fim-watch/mmap_D_mmap_close_retardo_010ms_009.bin", "event_type": "file_modified", "event_id": "de7d20ce-ddb6-4c1e-aafd-99e5a2bb7797", "event": "detector.change_detected", "level": "info", "timestamp": "2026-10-03T13:08:51.699523Z"}
Oct 03 10:08:51 fim-host fim-agent[73116]: {"event_id": "dfbf434c-1286-4cb9-8e05-02acdeffebde", "path": "/srv/fim-watch/mmap_D_mmap_close_retardo_010ms_004.bin", "action": "alert_only", "action_failed": false, "event": "decision.evaluated", "level": "info", "timestamp": "2026-10-03T13:08:51.706021Z"}
Oct 03 10:08:51 fim-host fim-agent[73116]: {"event_id": "de7d20ce-ddb6-4c1e-aafd-99e5a2bb7797", "event": "publisher.event_acked", "level": "info", "timestamp": "2026-10-03T13:08:51.710608Z"}
Oct 03 10:08:51 fim-host fim-agent[73116]: {"event_id": "dfbf434c-1286-4cb9-8e05-02acdeffebde", "deferred": false, "event": "publisher.event_published", "level": "info", "timestamp": "2026-10-03T13:08:51.720000Z"}
Oct 03 10:08:51 fim-host fim-agent[73116]: {"path": "/srv/fim-watch/mmap_D_mmap_close_retardo_010ms_004.bin", "event_type": "file_modified", "event_id": "dfbf434c-1286-4cb9-8e05-02acdeffebde", "event": "detector.change_detected", "level": "info", "timestamp": "2026-10-03T13:08:51.723913Z"}
Oct 03 10:08:51 fim-host fim-agent[73116]: {"event_id": "dfbf434c-1286-4cb9-8e05-02acdeffebde", "event": "publisher.event_acked", "level": "info", "timestamp": "2026-10-03T13:08:51.728064Z"}
Oct 03 10:08:56 fim-host fim-agent[73116]: {"event_id": "0395b5ad-6ba9-4cf8-a33d-156abc8a1359", "path": "/srv/fim-watch/mmap_D_mmap_close_retardo_010ms_009.bin", "action": "alert_only", "action_failed": false, "event": "decision.evaluated", "level": "info", "timestamp": "2026-10-03T13:08:56.714332Z"}
Oct 03 10:08:56 fim-host fim-agent[73116]: {"event_id": "0395b5ad-6ba9-4cf8-a33d-156abc8a1359", "deferred": false, "event": "publisher.event_published", "level": "info", "timestamp": "2026-10-03T13:08:56.725405Z"}
Oct 03 10:08:56 fim-host fim-agent[73116]: {"path": "/srv/fim-watch/mmap_D_mmap_close_retardo_010ms_009.bin", "event_type": "file_modified", "event_id": "0395b5ad-6ba9-4cf8-a33d-156abc8a1359", "event": "detector.change_detected", "level": "info", "timestamp": "2026-10-03T13:08:56.729484Z"}
Oct 03 10:08:56 fim-host fim-agent[73116]: {"event_id": "0395b5ad-6ba9-4cf8-a33d-156abc8a1359", "event": "publisher.event_acked", "level": "info", "timestamp": "2026-10-03T13:08:56.737266Z"}
Oct 03 10:09:01 fim-host fim-agent[73116]: {"event_id": "8f339ded-e01c-471b-baf5-a97e6e211ac6", "path": "/srv/fim-watch/mmap_D_mmap_close_retardo_010ms_010.bin", "action": "alert_only", "action_failed": false, "event": "decision.evaluated", "level": "info", "timestamp": "2026-10-03T13:09:01.718557Z"}
Oct 03 10:09:01 fim-host fim-agent[73116]: {"event_id": "8f339ded-e01c-471b-baf5-a97e6e211ac6", "deferred": false, "event": "publisher.event_published", "level": "info", "timestamp": "2026-10-03T13:09:01.729967Z"}
Oct 03 10:09:01 fim-host fim-agent[73116]: {"path": "/srv/fim-watch/mmap_D_mmap_close_retardo_010ms_010.bin", "event_type": "file_modified", "event_id": "8f339ded-e01c-471b-baf5-a97e6e211ac6", "event": "detector.change_detected", "level": "info", "timestamp": "2026-10-03T13:09:01.735969Z"}
Oct 03 10:09:01 fim-host fim-agent[73116]: {"event_id": "c0b26b16-6fd5-4ec4-8301-8c06c223d518", "path": "/srv/fim-watch/mmap_D_mmap_close_retardo_010ms_005.bin", "action": "alert_only", "action_failed": false, "event": "decision.evaluated", "level": "info", "timestamp": "2026-10-03T13:09:01.746068Z"}
Oct 03 10:09:01 fim-host fim-agent[73116]: {"event_id": "8f339ded-e01c-471b-baf5-a97e6e211ac6", "event": "publisher.event_acked", "level": "info", "timestamp": "2026-10-03T13:09:01.752580Z"}
Oct 03 10:09:01 fim-host fim-agent[73116]: {"event_id": "c0b26b16-6fd5-4ec4-8301-8c06c223d518", "deferred": false, "event": "publisher.event_published", "level": "info", "timestamp": "2026-10-03T13:09:01.760943Z"}
Oct 03 10:09:01 fim-host fim-agent[73116]: {"path": "/srv/fim-watch/mmap_D_mmap_close_retardo_010ms_005.bin", "event_type": "file_modified", "event_id": "c0b26b16-6fd5-4ec4-8301-8c06c223d518", "event": "detector.change_detected", "level": "info", "timestamp": "2026-10-03T13:09:01.765555Z"}
Oct 03 10:09:01 fim-host fim-agent[73116]: {"event_id": "c0b26b16-6fd5-4ec4-8301-8c06c223d518", "event": "publisher.event_acked", "level": "info", "timestamp": "2026-10-03T13:09:01.771122Z"}
Oct 03 10:09:06 fim-host fim-agent[73116]: {"event_id": "954f623e-0c2d-4e69-8027-afd74d05fdab", "path": "/srv/fim-watch/mmap_D_mmap_close_retardo_010ms_006.bin", "action": "alert_only", "action_failed": false, "event": "decision.evaluated", "level": "info", "timestamp": "2026-10-03T13:09:06.721672Z"}
Oct 03 10:09:06 fim-host fim-agent[73116]: {"event_id": "954f623e-0c2d-4e69-8027-afd74d05fdab", "deferred": false, "event": "publisher.event_published", "level": "info", "timestamp": "2026-10-03T13:09:06.735087Z"}
Oct 03 10:09:06 fim-host fim-agent[73116]: {"path": "/srv/fim-watch/mmap_D_mmap_close_retardo_010ms_006.bin", "event_type": "file_modified", "event_id": "954f623e-0c2d-4e69-8027-afd74d05fdab", "event": "detector.change_detected", "level": "info", "timestamp": "2026-10-03T13:09:06.741824Z"}
Oct 03 10:09:06 fim-host fim-agent[73116]: {"event_id": "e249a307-b990-4c4f-9fdc-6dae129c6df9", "path": "/srv/fim-watch/mmap_D_mmap_close_retardo_010ms_010.bin", "action": "alert_only", "action_failed": false, "event": "decision.evaluated", "level": "info", "timestamp": "2026-10-03T13:09:06.754894Z"}
Oct 03 10:09:06 fim-host fim-agent[73116]: {"event_id": "954f623e-0c2d-4e69-8027-afd74d05fdab", "event": "publisher.event_acked", "level": "info", "timestamp": "2026-10-03T13:09:06.762140Z"}
Oct 03 10:09:06 fim-host fim-agent[73116]: {"event_id": "e249a307-b990-4c4f-9fdc-6dae129c6df9", "deferred": false, "event": "publisher.event_published", "level": "info", "timestamp": "2026-10-03T13:09:06.771286Z"}
Oct 03 10:09:06 fim-host fim-agent[73116]: {"path": "/srv/fim-watch/mmap_D_mmap_close_retardo_010ms_010.bin", "event_type": "file_modified", "event_id": "e249a307-b990-4c4f-9fdc-6dae129c6df9", "event": "detector.change_detected", "level": "info", "timestamp": "2026-10-03T13:09:06.777041Z"}
Oct 03 10:09:06 fim-host fim-agent[73116]: {"event_id": "e249a307-b990-4c4f-9fdc-6dae129c6df9", "event": "publisher.event_acked", "level": "info", "timestamp": "2026-10-03T13:09:06.778669Z"}
Oct 03 10:09:11 fim-host fim-agent[73116]: {"event_id": "c41e50b4-00d2-423d-8f95-7ac89168014d", "path": "/srv/fim-watch/mmap_D_mmap_close_retardo_020ms_001.bin", "action": "alert_only", "action_failed": false, "event": "decision.evaluated", "level": "info", "timestamp": "2026-10-03T13:09:11.738386Z"}
Oct 03 10:09:11 fim-host fim-agent[73116]: {"event_id": "c41e50b4-00d2-423d-8f95-7ac89168014d", "deferred": false, "event": "publisher.event_published", "level": "info", "timestamp": "2026-10-03T13:09:11.751917Z"}
Oct 03 10:09:11 fim-host fim-agent[73116]: {"path": "/srv/fim-watch/mmap_D_mmap_close_retardo_020ms_001.bin", "event_type": "file_modified", "event_id": "c41e50b4-00d2-423d-8f95-7ac89168014d", "event": "detector.change_detected", "level": "info", "timestamp": "2026-10-03T13:09:11.758228Z"}
Oct 03 10:09:11 fim-host fim-agent[73116]: {"event_id": "51b63f06-4a78-4840-8a51-71ae923f1c58", "path": "/srv/fim-watch/mmap_D_mmap_close_retardo_010ms_006.bin", "action": "alert_only", "action_failed": false, "event": "decision.evaluated", "level": "info", "timestamp": "2026-10-03T13:09:11.770849Z"}
Oct 03 10:09:11 fim-host fim-agent[73116]: {"event_id": "c41e50b4-00d2-423d-8f95-7ac89168014d", "event": "publisher.event_acked", "level": "info", "timestamp": "2026-10-03T13:09:11.777662Z"}
Oct 03 10:09:11 fim-host fim-agent[73116]: {"event_id": "51b63f06-4a78-4840-8a51-71ae923f1c58", "deferred": false, "event": "publisher.event_published", "level": "info", "timestamp": "2026-10-03T13:09:11.786675Z"}
Oct 03 10:09:11 fim-host fim-agent[73116]: {"path": "/srv/fim-watch/mmap_D_mmap_close_retardo_010ms_006.bin", "event_type": "file_modified", "event_id": "51b63f06-4a78-4840-8a51-71ae923f1c58", "event": "detector.change_detected", "level": "info", "timestamp": "2026-10-03T13:09:11.791464Z"}
Oct 03 10:09:11 fim-host fim-agent[73116]: {"event_id": "51b63f06-4a78-4840-8a51-71ae923f1c58", "event": "publisher.event_acked", "level": "info", "timestamp": "2026-10-03T13:09:11.794925Z"}
Oct 03 10:09:16 fim-host fim-agent[73116]: {"event_id": "e0fce189-d4b4-43e7-aa00-d734c7ef84bd", "path": "/srv/fim-watch/mmap_D_mmap_close_retardo_010ms_007.bin", "action": "alert_only", "action_failed": false, "event": "decision.evaluated", "level": "info", "timestamp": "2026-10-03T13:09:16.753815Z"}
Oct 03 10:09:16 fim-host fim-agent[73116]: {"event_id": "e0fce189-d4b4-43e7-aa00-d734c7ef84bd", "deferred": false, "event": "publisher.event_published", "level": "info", "timestamp": "2026-10-03T13:09:16.764858Z"}
Oct 03 10:09:16 fim-host fim-agent[73116]: {"path": "/srv/fim-watch/mmap_D_mmap_close_retardo_010ms_007.bin", "event_type": "file_modified", "event_id": "e0fce189-d4b4-43e7-aa00-d734c7ef84bd", "event": "detector.change_detected", "level": "info", "timestamp": "2026-10-03T13:09:16.768341Z"}
Oct 03 10:09:16 fim-host fim-agent[73116]: {"event_id": "532ae58d-d9e8-497e-9579-2a57bfc06495", "path": "/srv/fim-watch/mmap_D_mmap_close_retardo_020ms_001.bin", "action": "alert_only", "action_failed": false, "event": "decision.evaluated", "level": "info", "timestamp": "2026-10-03T13:09:16.774977Z"}
Oct 03 10:09:16 fim-host fim-agent[73116]: {"event_id": "e0fce189-d4b4-43e7-aa00-d734c7ef84bd", "event": "publisher.event_acked", "level": "info", "timestamp": "2026-10-03T13:09:16.779987Z"}
Oct 03 10:09:16 fim-host fim-agent[73116]: {"event_id": "532ae58d-d9e8-497e-9579-2a57bfc06495", "deferred": false, "event": "publisher.event_published", "level": "info", "timestamp": "2026-10-03T13:09:16.786712Z"}
Oct 03 10:09:16 fim-host fim-agent[73116]: {"path": "/srv/fim-watch/mmap_D_mmap_close_retardo_020ms_001.bin", "event_type": "file_modified", "event_id": "532ae58d-d9e8-497e-9579-2a57bfc06495", "event": "detector.change_detected", "level": "info", "timestamp": "2026-10-03T13:09:16.790779Z"}
Oct 03 10:09:16 fim-host fim-agent[73116]: {"event_id": "532ae58d-d9e8-497e-9579-2a57bfc06495", "event": "publisher.event_acked", "level": "info", "timestamp": "2026-10-03T13:09:16.798092Z"}
Oct 03 10:09:21 fim-host fim-agent[73116]: {"event_id": "29a4402d-0660-430f-889b-e07d36bce487", "path": "/srv/fim-watch/mmap_D_mmap_close_retardo_010ms_007.bin", "action": "alert_only", "action_failed": false, "event": "decision.evaluated", "level": "info", "timestamp": "2026-10-03T13:09:21.757490Z"}
Oct 03 10:09:21 fim-host fim-agent[73116]: {"event_id": "29a4402d-0660-430f-889b-e07d36bce487", "deferred": false, "event": "publisher.event_published", "level": "info", "timestamp": "2026-10-03T13:09:21.769818Z"}
Oct 03 10:09:21 fim-host fim-agent[73116]: {"path": "/srv/fim-watch/mmap_D_mmap_close_retardo_010ms_007.bin", "event_type": "file_modified", "event_id": "29a4402d-0660-430f-889b-e07d36bce487", "event": "detector.change_detected", "level": "info", "timestamp": "2026-10-03T13:09:21.775409Z"}
Oct 03 10:09:21 fim-host fim-agent[73116]: {"event_id": "af825acb-eac4-468e-ac8c-f54e63a4d3c9", "path": "/srv/fim-watch/mmap_D_mmap_close_retardo_020ms_002.bin", "action": "alert_only", "action_failed": false, "event": "decision.evaluated", "level": "info", "timestamp": "2026-10-03T13:09:21.787263Z"}
Oct 03 10:09:21 fim-host fim-agent[73116]: {"event_id": "29a4402d-0660-430f-889b-e07d36bce487", "event": "publisher.event_acked", "level": "info", "timestamp": "2026-10-03T13:09:21.794358Z"}
Oct 03 10:09:21 fim-host fim-agent[73116]: {"event_id": "af825acb-eac4-468e-ac8c-f54e63a4d3c9", "deferred": false, "event": "publisher.event_published", "level": "info", "timestamp": "2026-10-03T13:09:21.803807Z"}
Oct 03 10:09:21 fim-host fim-agent[73116]: {"path": "/srv/fim-watch/mmap_D_mmap_close_retardo_020ms_002.bin", "event_type": "file_modified", "event_id": "af825acb-eac4-468e-ac8c-f54e63a4d3c9", "event": "detector.change_detected", "level": "info", "timestamp": "2026-10-03T13:09:21.808883Z"}
Oct 03 10:09:21 fim-host fim-agent[73116]: {"event_id": "af825acb-eac4-468e-ac8c-f54e63a4d3c9", "event": "publisher.event_acked", "level": "info", "timestamp": "2026-10-03T13:09:21.812912Z"}
Oct 03 10:09:26 fim-host fim-agent[73116]: {"event_id": "6757c721-754f-4d8d-8035-2d69a18949c8", "path": "/srv/fim-watch/mmap_D_mmap_close_retardo_010ms_008.bin", "action": "alert_only", "action_failed": false, "event": "decision.evaluated", "level": "info", "timestamp": "2026-10-03T13:09:26.766173Z"}
Oct 03 10:09:26 fim-host fim-agent[73116]: {"event_id": "6757c721-754f-4d8d-8035-2d69a18949c8", "deferred": false, "event": "publisher.event_published", "level": "info", "timestamp": "2026-10-03T13:09:26.779408Z"}
Oct 03 10:09:26 fim-host fim-agent[73116]: {"path": "/srv/fim-watch/mmap_D_mmap_close_retardo_010ms_008.bin", "event_type": "file_modified", "event_id": "6757c721-754f-4d8d-8035-2d69a18949c8", "event": "detector.change_detected", "level": "info", "timestamp": "2026-10-03T13:09:26.784328Z"}
Oct 03 10:09:26 fim-host fim-agent[73116]: {"event_id": "25d0332b-46c0-4713-adce-d71be267fd5d", "path": "/srv/fim-watch/mmap_D_mmap_close_retardo_020ms_002.bin", "action": "alert_only", "action_failed": false, "event": "decision.evaluated", "level": "info", "timestamp": "2026-10-03T13:09:26.795320Z"}
Oct 03 10:09:26 fim-host fim-agent[73116]: {"event_id": "6757c721-754f-4d8d-8035-2d69a18949c8", "event": "publisher.event_acked", "level": "info", "timestamp": "2026-10-03T13:09:26.802502Z"}
Oct 03 10:09:26 fim-host fim-agent[73116]: {"event_id": "25d0332b-46c0-4713-adce-d71be267fd5d", "deferred": false, "event": "publisher.event_published", "level": "info", "timestamp": "2026-10-03T13:09:26.812176Z"}
Oct 03 10:09:26 fim-host fim-agent[73116]: {"path": "/srv/fim-watch/mmap_D_mmap_close_retardo_020ms_002.bin", "event_type": "file_modified", "event_id": "25d0332b-46c0-4713-adce-d71be267fd5d", "event": "detector.change_detected", "level": "info", "timestamp": "2026-10-03T13:09:26.817586Z"}
Oct 03 10:09:26 fim-host fim-agent[73116]: {"event_id": "25d0332b-46c0-4713-adce-d71be267fd5d", "event": "publisher.event_acked", "level": "info", "timestamp": "2026-10-03T13:09:26.822325Z"}
Oct 03 10:09:31 fim-host fim-agent[73116]: {"event_id": "46aa984e-98a9-47c8-90a1-dc07cca9d223", "path": "/srv/fim-watch/mmap_D_mmap_close_retardo_010ms_008.bin", "action": "alert_only", "action_failed": false, "event": "decision.evaluated", "level": "info", "timestamp": "2026-10-03T13:09:31.779262Z"}
Oct 03 10:09:31 fim-host fim-agent[73116]: {"event_id": "46aa984e-98a9-47c8-90a1-dc07cca9d223", "deferred": false, "event": "publisher.event_published", "level": "info", "timestamp": "2026-10-03T13:09:31.792212Z"}
Oct 03 10:09:31 fim-host fim-agent[73116]: {"path": "/srv/fim-watch/mmap_D_mmap_close_retardo_010ms_008.bin", "event_type": "file_modified", "event_id": "46aa984e-98a9-47c8-90a1-dc07cca9d223", "event": "detector.change_detected", "level": "info", "timestamp": "2026-10-03T13:09:31.797391Z"}
Oct 03 10:09:31 fim-host fim-agent[73116]: {"event_id": "946af109-cb0d-420e-a129-530d4459da43", "path": "/srv/fim-watch/mmap_D_mmap_close_retardo_020ms_003.bin", "action": "alert_only", "action_failed": false, "event": "decision.evaluated", "level": "info", "timestamp": "2026-10-03T13:09:31.809891Z"}
Oct 03 10:09:31 fim-host fim-agent[73116]: {"event_id": "46aa984e-98a9-47c8-90a1-dc07cca9d223", "event": "publisher.event_acked", "level": "info", "timestamp": "2026-10-03T13:09:31.817572Z"}
Oct 03 10:09:31 fim-host fim-agent[73116]: {"event_id": "946af109-cb0d-420e-a129-530d4459da43", "deferred": false, "event": "publisher.event_published", "level": "info", "timestamp": "2026-10-03T13:09:31.828645Z"}
Oct 03 10:09:31 fim-host fim-agent[73116]: {"path": "/srv/fim-watch/mmap_D_mmap_close_retardo_020ms_003.bin", "event_type": "file_modified", "event_id": "946af109-cb0d-420e-a129-530d4459da43", "event": "detector.change_detected", "level": "info", "timestamp": "2026-10-03T13:09:31.834174Z"}
Oct 03 10:09:31 fim-host fim-agent[73116]: {"event_id": "946af109-cb0d-420e-a129-530d4459da43", "event": "publisher.event_acked", "level": "info", "timestamp": "2026-10-03T13:09:31.836095Z"}
Oct 03 10:09:36 fim-host fim-agent[73116]: {"event_id": "a5e51421-702d-41ad-a120-1c440957eb14", "path": "/srv/fim-watch/mmap_D_mmap_close_retardo_010ms_009.bin", "action": "alert_only", "action_failed": false, "event": "decision.evaluated", "level": "info", "timestamp": "2026-10-03T13:09:36.776646Z"}
Oct 03 10:09:36 fim-host fim-agent[73116]: {"event_id": "a5e51421-702d-41ad-a120-1c440957eb14", "deferred": false, "event": "publisher.event_published", "level": "info", "timestamp": "2026-10-03T13:09:36.784072Z"}
Oct 03 10:09:36 fim-host fim-agent[73116]: {"path": "/srv/fim-watch/mmap_D_mmap_close_retardo_010ms_009.bin", "event_type": "file_modified", "event_id": "a5e51421-702d-41ad-a120-1c440957eb14", "event": "detector.change_detected", "level": "info", "timestamp": "2026-10-03T13:09:36.788955Z"}
Oct 03 10:09:36 fim-host fim-agent[73116]: {"event_id": "a5e51421-702d-41ad-a120-1c440957eb14", "event": "publisher.event_acked", "level": "info", "timestamp": "2026-10-03T13:09:36.792034Z"}
Oct 03 10:09:36 fim-host fim-agent[73116]: {"event_id": "87a4c801-5d7e-4908-99c0-140ac4e537aa", "path": "/srv/fim-watch/mmap_D_mmap_close_retardo_020ms_003.bin", "action": "alert_only", "action_failed": false, "event": "decision.evaluated", "level": "info", "timestamp": "2026-10-03T13:09:36.810561Z"}
Oct 03 10:09:36 fim-host fim-agent[73116]: {"event_id": "87a4c801-5d7e-4908-99c0-140ac4e537aa", "deferred": false, "event": "publisher.event_published", "level": "info", "timestamp": "2026-10-03T13:09:36.822512Z"}
Oct 03 10:09:36 fim-host fim-agent[73116]: {"path": "/srv/fim-watch/mmap_D_mmap_close_retardo_020ms_003.bin", "event_type": "file_modified", "event_id": "87a4c801-5d7e-4908-99c0-140ac4e537aa", "event": "detector.change_detected", "level": "info", "timestamp": "2026-10-03T13:09:36.826178Z"}
Oct 03 10:09:36 fim-host fim-agent[73116]: {"event_id": "87a4c801-5d7e-4908-99c0-140ac4e537aa", "event": "publisher.event_acked", "level": "info", "timestamp": "2026-10-03T13:09:36.830978Z"}
Oct 03 10:09:41 fim-host fim-agent[73116]: {"event_id": "26d5266b-1a38-42a0-9f2b-be247c9cf671", "path": "/srv/fim-watch/mmap_D_mmap_close_retardo_010ms_009.bin", "action": "alert_only", "action_failed": false, "event": "decision.evaluated", "level": "info", "timestamp": "2026-10-03T13:09:41.796535Z"}
Oct 03 10:09:41 fim-host fim-agent[73116]: {"event_id": "26d5266b-1a38-42a0-9f2b-be247c9cf671", "deferred": false, "event": "publisher.event_published", "level": "info", "timestamp": "2026-10-03T13:09:41.803534Z"}
Oct 03 10:09:41 fim-host fim-agent[73116]: {"path": "/srv/fim-watch/mmap_D_mmap_close_retardo_010ms_009.bin", "event_type": "file_modified", "event_id": "26d5266b-1a38-42a0-9f2b-be247c9cf671", "event": "detector.change_detected", "level": "info", "timestamp": "2026-10-03T13:09:41.806347Z"}
Oct 03 10:09:41 fim-host fim-agent[73116]: {"event_id": "4a1feb15-1670-4e0b-982a-7f13869abccc", "path": "/srv/fim-watch/mmap_D_mmap_close_retardo_020ms_004.bin", "action": "alert_only", "action_failed": false, "event": "decision.evaluated", "level": "info", "timestamp": "2026-10-03T13:09:41.812157Z"}
Oct 03 10:09:41 fim-host fim-agent[73116]: {"event_id": "26d5266b-1a38-42a0-9f2b-be247c9cf671", "event": "publisher.event_acked", "level": "info", "timestamp": "2026-10-03T13:09:41.816001Z"}
Oct 03 10:09:41 fim-host fim-agent[73116]: {"event_id": "4a1feb15-1670-4e0b-982a-7f13869abccc", "deferred": false, "event": "publisher.event_published", "level": "info", "timestamp": "2026-10-03T13:09:41.821387Z"}
Oct 03 10:09:41 fim-host fim-agent[73116]: {"path": "/srv/fim-watch/mmap_D_mmap_close_retardo_020ms_004.bin", "event_type": "file_modified", "event_id": "4a1feb15-1670-4e0b-982a-7f13869abccc", "event": "detector.change_detected", "level": "info", "timestamp": "2026-10-03T13:09:41.824620Z"}
Oct 03 10:09:41 fim-host fim-agent[73116]: {"event_id": "4a1feb15-1670-4e0b-982a-7f13869abccc", "event": "publisher.event_acked", "level": "info", "timestamp": "2026-10-03T13:09:41.827030Z"}
Oct 03 10:09:46 fim-host fim-agent[73116]: {"event_id": "c40b9a81-70d6-4616-b9a8-b08f25a0394c", "path": "/srv/fim-watch/mmap_D_mmap_close_retardo_010ms_010.bin", "action": "alert_only", "action_failed": false, "event": "decision.evaluated", "level": "info", "timestamp": "2026-10-03T13:09:46.805708Z"}
Oct 03 10:09:46 fim-host fim-agent[73116]: {"event_id": "c40b9a81-70d6-4616-b9a8-b08f25a0394c", "deferred": false, "event": "publisher.event_published", "level": "info", "timestamp": "2026-10-03T13:09:46.812690Z"}
Oct 03 10:09:46 fim-host fim-agent[73116]: {"path": "/srv/fim-watch/mmap_D_mmap_close_retardo_010ms_010.bin", "event_type": "file_modified", "event_id": "c40b9a81-70d6-4616-b9a8-b08f25a0394c", "event": "detector.change_detected", "level": "info", "timestamp": "2026-10-03T13:09:46.815229Z"}
Oct 03 10:09:46 fim-host fim-agent[73116]: {"event_id": "c40b9a81-70d6-4616-b9a8-b08f25a0394c", "event": "publisher.event_acked", "level": "info", "timestamp": "2026-10-03T13:09:46.819799Z"}
Oct 03 10:09:46 fim-host fim-agent[73116]: {"event_id": "6c118c7d-5ed7-462b-8569-a3f229fd83f0", "path": "/srv/fim-watch/mmap_D_mmap_close_retardo_020ms_004.bin", "action": "alert_only", "action_failed": false, "event": "decision.evaluated", "level": "info", "timestamp": "2026-10-03T13:09:46.831941Z"}
Oct 03 10:09:46 fim-host fim-agent[73116]: {"event_id": "6c118c7d-5ed7-462b-8569-a3f229fd83f0", "deferred": false, "event": "publisher.event_published", "level": "info", "timestamp": "2026-10-03T13:09:46.838979Z"}
Oct 03 10:09:46 fim-host fim-agent[73116]: {"path": "/srv/fim-watch/mmap_D_mmap_close_retardo_020ms_004.bin", "event_type": "file_modified", "event_id": "6c118c7d-5ed7-462b-8569-a3f229fd83f0", "event": "detector.change_detected", "level": "info", "timestamp": "2026-10-03T13:09:46.842654Z"}
Oct 03 10:09:46 fim-host fim-agent[73116]: {"event_id": "6c118c7d-5ed7-462b-8569-a3f229fd83f0", "event": "publisher.event_acked", "level": "info", "timestamp": "2026-10-03T13:09:46.844000Z"}
Oct 03 10:09:51 fim-host fim-agent[73116]: {"event_id": "dd47a494-c603-4d03-8c82-64af216342cf", "path": "/srv/fim-watch/mmap_D_mmap_close_retardo_010ms_010.bin", "action": "alert_only", "action_failed": false, "event": "decision.evaluated", "level": "info", "timestamp": "2026-10-03T13:09:51.815269Z"}
Oct 03 10:09:51 fim-host fim-agent[73116]: {"event_id": "dd47a494-c603-4d03-8c82-64af216342cf", "deferred": false, "event": "publisher.event_published", "level": "info", "timestamp": "2026-10-03T13:09:51.828613Z"}
Oct 03 10:09:51 fim-host fim-agent[73116]: {"path": "/srv/fim-watch/mmap_D_mmap_close_retardo_010ms_010.bin", "event_type": "file_modified", "event_id": "dd47a494-c603-4d03-8c82-64af216342cf", "event": "detector.change_detected", "level": "info", "timestamp": "2026-10-03T13:09:51.833344Z"}
Oct 03 10:09:51 fim-host fim-agent[73116]: {"event_id": "1e6ee4be-70b8-4604-81b8-0ca7509397ae", "path": "/srv/fim-watch/mmap_D_mmap_close_retardo_020ms_005.bin", "action": "alert_only", "action_failed": false, "event": "decision.evaluated", "level": "info", "timestamp": "2026-10-03T13:09:51.844249Z"}
Oct 03 10:09:51 fim-host fim-agent[73116]: {"event_id": "dd47a494-c603-4d03-8c82-64af216342cf", "event": "publisher.event_acked", "level": "info", "timestamp": "2026-10-03T13:09:51.851004Z"}
Oct 03 10:09:51 fim-host fim-agent[73116]: {"event_id": "1e6ee4be-70b8-4604-81b8-0ca7509397ae", "deferred": false, "event": "publisher.event_published", "level": "info", "timestamp": "2026-10-03T13:09:51.857723Z"}
Oct 03 10:09:51 fim-host fim-agent[73116]: {"path": "/srv/fim-watch/mmap_D_mmap_close_retardo_020ms_005.bin", "event_type": "file_created", "event_id": "1e6ee4be-70b8-4604-81b8-0ca7509397ae", "event": "detector.change_detected", "level": "info", "timestamp": "2026-10-03T13:09:51.861444Z"}
Oct 03 10:09:51 fim-host fim-agent[73116]: {"event_id": "1e6ee4be-70b8-4604-81b8-0ca7509397ae", "event": "publisher.event_acked", "level": "info", "timestamp": "2026-10-03T13:09:51.862786Z"}
Oct 03 10:09:56 fim-host fim-agent[73116]: {"event_id": "360976a9-a3a0-4c55-ba96-7a429c136fea", "path": "/srv/fim-watch/mmap_D_mmap_close_retardo_020ms_001.bin", "action": "alert_only", "action_failed": false, "event": "decision.evaluated", "level": "info", "timestamp": "2026-10-03T13:09:56.825992Z"}
Oct 03 10:09:56 fim-host fim-agent[73116]: {"event_id": "360976a9-a3a0-4c55-ba96-7a429c136fea", "deferred": false, "event": "publisher.event_published", "level": "info", "timestamp": "2026-10-03T13:09:56.836924Z"}
Oct 03 10:09:56 fim-host fim-agent[73116]: {"path": "/srv/fim-watch/mmap_D_mmap_close_retardo_020ms_001.bin", "event_type": "file_modified", "event_id": "360976a9-a3a0-4c55-ba96-7a429c136fea", "event": "detector.change_detected", "level": "info", "timestamp": "2026-10-03T13:09:56.840302Z"}
Oct 03 10:09:56 fim-host fim-agent[73116]: {"event_id": "360976a9-a3a0-4c55-ba96-7a429c136fea", "event": "publisher.event_acked", "level": "info", "timestamp": "2026-10-03T13:09:56.848385Z"}
Oct 03 10:09:56 fim-host fim-agent[73116]: {"event_id": "002a8080-ab73-45a8-bf3a-7a6483e958ea", "path": "/srv/fim-watch/mmap_D_mmap_close_retardo_020ms_005.bin", "action": "alert_only", "action_failed": false, "event": "decision.evaluated", "level": "info", "timestamp": "2026-10-03T13:09:56.865308Z"}
Oct 03 10:09:56 fim-host fim-agent[73116]: {"event_id": "002a8080-ab73-45a8-bf3a-7a6483e958ea", "deferred": false, "event": "publisher.event_published", "level": "info", "timestamp": "2026-10-03T13:09:56.883431Z"}
Oct 03 10:09:56 fim-host fim-agent[73116]: {"path": "/srv/fim-watch/mmap_D_mmap_close_retardo_020ms_005.bin", "event_type": "file_modified", "event_id": "002a8080-ab73-45a8-bf3a-7a6483e958ea", "event": "detector.change_detected", "level": "info", "timestamp": "2026-10-03T13:09:56.888606Z"}
Oct 03 10:09:56 fim-host fim-agent[73116]: {"event_id": "002a8080-ab73-45a8-bf3a-7a6483e958ea", "event": "publisher.event_acked", "level": "info", "timestamp": "2026-10-03T13:09:56.892298Z"}
Oct 03 10:10:01 fim-host fim-agent[73116]: {"event_id": "0bbc7471-8862-44fb-9aa3-acb353eb12a7", "path": "/srv/fim-watch/mmap_D_mmap_close_retardo_020ms_001.bin", "action": "alert_only", "action_failed": false, "event": "decision.evaluated", "level": "info", "timestamp": "2026-10-03T13:10:01.853968Z"}
Oct 03 10:10:01 fim-host fim-agent[73116]: {"event_id": "0bbc7471-8862-44fb-9aa3-acb353eb12a7", "deferred": false, "event": "publisher.event_published", "level": "info", "timestamp": "2026-10-03T13:10:01.866171Z"}
Oct 03 10:10:01 fim-host fim-agent[73116]: {"path": "/srv/fim-watch/mmap_D_mmap_close_retardo_020ms_001.bin", "event_type": "file_modified", "event_id": "0bbc7471-8862-44fb-9aa3-acb353eb12a7", "event": "detector.change_detected", "level": "info", "timestamp": "2026-10-03T13:10:01.871413Z"}
Oct 03 10:10:01 fim-host fim-agent[73116]: {"event_id": "3c497113-1bcd-4be1-89a2-2d74876b436f", "path": "/srv/fim-watch/mmap_D_mmap_close_retardo_020ms_006.bin", "action": "alert_only", "action_failed": false, "event": "decision.evaluated", "level": "info", "timestamp": "2026-10-03T13:10:01.880533Z"}
Oct 03 10:10:01 fim-host fim-agent[73116]: {"event_id": "0bbc7471-8862-44fb-9aa3-acb353eb12a7", "event": "publisher.event_acked", "level": "info", "timestamp": "2026-10-03T13:10:01.891557Z"}
Oct 03 10:10:01 fim-host fim-agent[73116]: {"event_id": "3c497113-1bcd-4be1-89a2-2d74876b436f", "deferred": false, "event": "publisher.event_published", "level": "info", "timestamp": "2026-10-03T13:10:01.900962Z"}
Oct 03 10:10:01 fim-host fim-agent[73116]: {"path": "/srv/fim-watch/mmap_D_mmap_close_retardo_020ms_006.bin", "event_type": "file_created", "event_id": "3c497113-1bcd-4be1-89a2-2d74876b436f", "event": "detector.change_detected", "level": "info", "timestamp": "2026-10-03T13:10:01.906021Z"}
Oct 03 10:10:01 fim-host fim-agent[73116]: {"event_id": "3c497113-1bcd-4be1-89a2-2d74876b436f", "event": "publisher.event_acked", "level": "info", "timestamp": "2026-10-03T13:10:01.909787Z"}
Oct 03 10:10:06 fim-host fim-agent[73116]: {"event_id": "4edc294e-cac4-4e9a-b1b1-50c2fd8c6dff", "path": "/srv/fim-watch/mmap_D_mmap_close_retardo_020ms_002.bin", "action": "alert_only", "action_failed": false, "event": "decision.evaluated", "level": "info", "timestamp": "2026-10-03T13:10:06.854278Z"}
Oct 03 10:10:06 fim-host fim-agent[73116]: {"event_id": "4edc294e-cac4-4e9a-b1b1-50c2fd8c6dff", "deferred": false, "event": "publisher.event_published", "level": "info", "timestamp": "2026-10-03T13:10:06.865197Z"}
Oct 03 10:10:06 fim-host fim-agent[73116]: {"path": "/srv/fim-watch/mmap_D_mmap_close_retardo_020ms_002.bin", "event_type": "file_modified", "event_id": "4edc294e-cac4-4e9a-b1b1-50c2fd8c6dff", "event": "detector.change_detected", "level": "info", "timestamp": "2026-10-03T13:10:06.871511Z"}
Oct 03 10:10:06 fim-host fim-agent[73116]: {"event_id": "2046eaea-26f7-42f2-8c06-694d190ff6f9", "path": "/srv/fim-watch/mmap_D_mmap_close_retardo_020ms_006.bin", "action": "alert_only", "action_failed": false, "event": "decision.evaluated", "level": "info", "timestamp": "2026-10-03T13:10:06.882685Z"}
Oct 03 10:10:06 fim-host fim-agent[73116]: {"event_id": "4edc294e-cac4-4e9a-b1b1-50c2fd8c6dff", "event": "publisher.event_acked", "level": "info", "timestamp": "2026-10-03T13:10:06.892118Z"}
Oct 03 10:10:06 fim-host fim-agent[73116]: {"event_id": "2046eaea-26f7-42f2-8c06-694d190ff6f9", "deferred": false, "event": "publisher.event_published", "level": "info", "timestamp": "2026-10-03T13:10:06.899863Z"}
Oct 03 10:10:06 fim-host fim-agent[73116]: {"path": "/srv/fim-watch/mmap_D_mmap_close_retardo_020ms_006.bin", "event_type": "file_modified", "event_id": "2046eaea-26f7-42f2-8c06-694d190ff6f9", "event": "detector.change_detected", "level": "info", "timestamp": "2026-10-03T13:10:06.903459Z"}
Oct 03 10:10:06 fim-host fim-agent[73116]: {"event_id": "2046eaea-26f7-42f2-8c06-694d190ff6f9", "event": "publisher.event_acked", "level": "info", "timestamp": "2026-10-03T13:10:06.909232Z"}
Oct 03 10:10:11 fim-host fim-agent[73116]: {"event_id": "26fbfb4b-dc75-4c65-9a2e-b50ee10ec44e", "path": "/srv/fim-watch/mmap_D_mmap_close_retardo_020ms_002.bin", "action": "alert_only", "action_failed": false, "event": "decision.evaluated", "level": "info", "timestamp": "2026-10-03T13:10:11.886127Z"}
Oct 03 10:10:11 fim-host fim-agent[73116]: {"event_id": "26fbfb4b-dc75-4c65-9a2e-b50ee10ec44e", "deferred": false, "event": "publisher.event_published", "level": "info", "timestamp": "2026-10-03T13:10:11.897665Z"}
Oct 03 10:10:11 fim-host fim-agent[73116]: {"path": "/srv/fim-watch/mmap_D_mmap_close_retardo_020ms_002.bin", "event_type": "file_modified", "event_id": "26fbfb4b-dc75-4c65-9a2e-b50ee10ec44e", "event": "detector.change_detected", "level": "info", "timestamp": "2026-10-03T13:10:11.904163Z"}
Oct 03 10:10:11 fim-host fim-agent[73116]: {"event_id": "470755b0-62af-4fb1-9f13-546f5b7fbed9", "path": "/srv/fim-watch/mmap_D_mmap_close_retardo_020ms_007.bin", "action": "alert_only", "action_failed": false, "event": "decision.evaluated", "level": "info", "timestamp": "2026-10-03T13:10:11.916545Z"}
Oct 03 10:10:11 fim-host fim-agent[73116]: {"event_id": "26fbfb4b-dc75-4c65-9a2e-b50ee10ec44e", "event": "publisher.event_acked", "level": "info", "timestamp": "2026-10-03T13:10:11.924265Z"}
Oct 03 10:10:11 fim-host fim-agent[73116]: {"event_id": "470755b0-62af-4fb1-9f13-546f5b7fbed9", "deferred": false, "event": "publisher.event_published", "level": "info", "timestamp": "2026-10-03T13:10:11.935336Z"}
Oct 03 10:10:11 fim-host fim-agent[73116]: {"path": "/srv/fim-watch/mmap_D_mmap_close_retardo_020ms_007.bin", "event_type": "file_modified", "event_id": "470755b0-62af-4fb1-9f13-546f5b7fbed9", "event": "detector.change_detected", "level": "info", "timestamp": "2026-10-03T13:10:11.940917Z"}
Oct 03 10:10:11 fim-host fim-agent[73116]: {"event_id": "470755b0-62af-4fb1-9f13-546f5b7fbed9", "event": "publisher.event_acked", "level": "info", "timestamp": "2026-10-03T13:10:11.945714Z"}
Oct 03 10:10:16 fim-host fim-agent[73116]: {"event_id": "23761eac-0f03-408d-aa81-c15dc0277d25", "path": "/srv/fim-watch/mmap_D_mmap_close_retardo_020ms_003.bin", "action": "alert_only", "action_failed": false, "event": "decision.evaluated", "level": "info", "timestamp": "2026-10-03T13:10:16.894037Z"}
Oct 03 10:10:16 fim-host fim-agent[73116]: {"event_id": "23761eac-0f03-408d-aa81-c15dc0277d25", "deferred": false, "event": "publisher.event_published", "level": "info", "timestamp": "2026-10-03T13:10:16.907077Z"}
Oct 03 10:10:16 fim-host fim-agent[73116]: {"path": "/srv/fim-watch/mmap_D_mmap_close_retardo_020ms_003.bin", "event_type": "file_modified", "event_id": "23761eac-0f03-408d-aa81-c15dc0277d25", "event": "detector.change_detected", "level": "info", "timestamp": "2026-10-03T13:10:16.913409Z"}
Oct 03 10:10:16 fim-host fim-agent[73116]: {"event_id": "0c5931b6-d3b6-4f72-89f7-49142ed74b0c", "path": "/srv/fim-watch/mmap_D_mmap_close_retardo_020ms_007.bin", "action": "alert_only", "action_failed": false, "event": "decision.evaluated", "level": "info", "timestamp": "2026-10-03T13:10:16.925898Z"}
Oct 03 10:10:16 fim-host fim-agent[73116]: {"event_id": "23761eac-0f03-408d-aa81-c15dc0277d25", "event": "publisher.event_acked", "level": "info", "timestamp": "2026-10-03T13:10:16.931660Z"}
Oct 03 10:10:16 fim-host fim-agent[73116]: {"event_id": "0c5931b6-d3b6-4f72-89f7-49142ed74b0c", "deferred": false, "event": "publisher.event_published", "level": "info", "timestamp": "2026-10-03T13:10:16.939838Z"}
Oct 03 10:10:16 fim-host fim-agent[73116]: {"path": "/srv/fim-watch/mmap_D_mmap_close_retardo_020ms_007.bin", "event_type": "file_modified", "event_id": "0c5931b6-d3b6-4f72-89f7-49142ed74b0c", "event": "detector.change_detected", "level": "info", "timestamp": "2026-10-03T13:10:16.944376Z"}
Oct 03 10:10:16 fim-host fim-agent[73116]: {"event_id": "0c5931b6-d3b6-4f72-89f7-49142ed74b0c", "event": "publisher.event_acked", "level": "info", "timestamp": "2026-10-03T13:10:16.947703Z"}
Oct 03 10:10:21 fim-host fim-agent[73116]: {"event_id": "6cccbf83-4e90-44c9-8db8-14b17fc23490", "path": "/srv/fim-watch/mmap_D_mmap_close_retardo_020ms_008.bin", "action": "alert_only", "action_failed": false, "event": "decision.evaluated", "level": "info", "timestamp": "2026-10-03T13:10:21.914902Z"}
Oct 03 10:10:21 fim-host fim-agent[73116]: {"event_id": "6cccbf83-4e90-44c9-8db8-14b17fc23490", "deferred": false, "event": "publisher.event_published", "level": "info", "timestamp": "2026-10-03T13:10:21.926855Z"}
Oct 03 10:10:21 fim-host fim-agent[73116]: {"path": "/srv/fim-watch/mmap_D_mmap_close_retardo_020ms_008.bin", "event_type": "file_modified", "event_id": "6cccbf83-4e90-44c9-8db8-14b17fc23490", "event": "detector.change_detected", "level": "info", "timestamp": "2026-10-03T13:10:21.931395Z"}
Oct 03 10:10:21 fim-host fim-agent[73116]: {"event_id": "2d6c7d87-f38a-4547-8df2-56ee2bf45756", "path": "/srv/fim-watch/mmap_D_mmap_close_retardo_020ms_003.bin", "action": "alert_only", "action_failed": false, "event": "decision.evaluated", "level": "info", "timestamp": "2026-10-03T13:10:21.940788Z"}
Oct 03 10:10:21 fim-host fim-agent[73116]: {"event_id": "6cccbf83-4e90-44c9-8db8-14b17fc23490", "event": "publisher.event_acked", "level": "info", "timestamp": "2026-10-03T13:10:21.948170Z"}
Oct 03 10:10:21 fim-host fim-agent[73116]: {"event_id": "2d6c7d87-f38a-4547-8df2-56ee2bf45756", "deferred": false, "event": "publisher.event_published", "level": "info", "timestamp": "2026-10-03T13:10:21.959016Z"}
Oct 03 10:10:21 fim-host fim-agent[73116]: {"path": "/srv/fim-watch/mmap_D_mmap_close_retardo_020ms_003.bin", "event_type": "file_modified", "event_id": "2d6c7d87-f38a-4547-8df2-56ee2bf45756", "event": "detector.change_detected", "level": "info", "timestamp": "2026-10-03T13:10:21.965573Z"}
Oct 03 10:10:21 fim-host fim-agent[73116]: {"event_id": "2d6c7d87-f38a-4547-8df2-56ee2bf45756", "event": "publisher.event_acked", "level": "info", "timestamp": "2026-10-03T13:10:21.970702Z"}
Oct 03 10:10:26 fim-host fim-agent[73116]: {"event_id": "108049bc-60f8-4a77-9889-584763a16d0f", "path": "/srv/fim-watch/mmap_D_mmap_close_retardo_020ms_004.bin", "action": "alert_only", "action_failed": false, "event": "decision.evaluated", "level": "info", "timestamp": "2026-10-03T13:10:26.925172Z"}
Oct 03 10:10:26 fim-host fim-agent[73116]: {"event_id": "108049bc-60f8-4a77-9889-584763a16d0f", "deferred": false, "event": "publisher.event_published", "level": "info", "timestamp": "2026-10-03T13:10:26.938702Z"}
Oct 03 10:10:26 fim-host fim-agent[73116]: {"path": "/srv/fim-watch/mmap_D_mmap_close_retardo_020ms_004.bin", "event_type": "file_modified", "event_id": "108049bc-60f8-4a77-9889-584763a16d0f", "event": "detector.change_detected", "level": "info", "timestamp": "2026-10-03T13:10:26.943246Z"}
Oct 03 10:10:26 fim-host fim-agent[73116]: {"event_id": "876cc1fb-4f61-4d29-a992-7704a5d7b770", "path": "/srv/fim-watch/mmap_D_mmap_close_retardo_020ms_008.bin", "action": "alert_only", "action_failed": false, "event": "decision.evaluated", "level": "info", "timestamp": "2026-10-03T13:10:26.953180Z"}
Oct 03 10:10:26 fim-host fim-agent[73116]: {"event_id": "108049bc-60f8-4a77-9889-584763a16d0f", "event": "publisher.event_acked", "level": "info", "timestamp": "2026-10-03T13:10:26.959915Z"}
Oct 03 10:10:26 fim-host fim-agent[73116]: {"event_id": "876cc1fb-4f61-4d29-a992-7704a5d7b770", "deferred": false, "event": "publisher.event_published", "level": "info", "timestamp": "2026-10-03T13:10:26.967902Z"}
Oct 03 10:10:26 fim-host fim-agent[73116]: {"path": "/srv/fim-watch/mmap_D_mmap_close_retardo_020ms_008.bin", "event_type": "file_modified", "event_id": "876cc1fb-4f61-4d29-a992-7704a5d7b770", "event": "detector.change_detected", "level": "info", "timestamp": "2026-10-03T13:10:26.972569Z"}
Oct 03 10:10:26 fim-host fim-agent[73116]: {"event_id": "876cc1fb-4f61-4d29-a992-7704a5d7b770", "event": "publisher.event_acked", "level": "info", "timestamp": "2026-10-03T13:10:26.982887Z"}
Oct 03 10:10:31 fim-host fim-agent[73116]: {"event_id": "fc0b47db-fac7-46ed-b4ee-027f97783da9", "path": "/srv/fim-watch/mmap_D_mmap_close_retardo_020ms_009.bin", "action": "alert_only", "action_failed": false, "event": "decision.evaluated", "level": "info", "timestamp": "2026-10-03T13:10:31.942769Z"}
Oct 03 10:10:31 fim-host fim-agent[73116]: {"event_id": "fc0b47db-fac7-46ed-b4ee-027f97783da9", "deferred": false, "event": "publisher.event_published", "level": "info", "timestamp": "2026-10-03T13:10:31.954922Z"}
Oct 03 10:10:31 fim-host fim-agent[73116]: {"path": "/srv/fim-watch/mmap_D_mmap_close_retardo_020ms_009.bin", "event_type": "file_modified", "event_id": "fc0b47db-fac7-46ed-b4ee-027f97783da9", "event": "detector.change_detected", "level": "info", "timestamp": "2026-10-03T13:10:31.960578Z"}
Oct 03 10:10:31 fim-host fim-agent[73116]: {"event_id": "e57a0d64-4950-4714-8267-94000551a664", "path": "/srv/fim-watch/mmap_D_mmap_close_retardo_020ms_004.bin", "action": "alert_only", "action_failed": false, "event": "decision.evaluated", "level": "info", "timestamp": "2026-10-03T13:10:31.972166Z"}
Oct 03 10:10:31 fim-host fim-agent[73116]: {"event_id": "fc0b47db-fac7-46ed-b4ee-027f97783da9", "event": "publisher.event_acked", "level": "info", "timestamp": "2026-10-03T13:10:31.980269Z"}
Oct 03 10:10:31 fim-host fim-agent[73116]: {"event_id": "e57a0d64-4950-4714-8267-94000551a664", "deferred": false, "event": "publisher.event_published", "level": "info", "timestamp": "2026-10-03T13:10:31.991025Z"}
Oct 03 10:10:31 fim-host fim-agent[73116]: {"path": "/srv/fim-watch/mmap_D_mmap_close_retardo_020ms_004.bin", "event_type": "file_modified", "event_id": "e57a0d64-4950-4714-8267-94000551a664", "event": "detector.change_detected", "level": "info", "timestamp": "2026-10-03T13:10:31.997354Z"}
Oct 03 10:10:31 fim-host fim-agent[73116]: {"event_id": "e57a0d64-4950-4714-8267-94000551a664", "event": "publisher.event_acked", "level": "info", "timestamp": "2026-10-03T13:10:31.998485Z"}
Oct 03 10:10:36 fim-host fim-agent[73116]: {"event_id": "6e1a843a-167e-4d70-91e2-e10b2ac8b58c", "path": "/srv/fim-watch/mmap_D_mmap_close_retardo_020ms_009.bin", "action": "alert_only", "action_failed": false, "event": "decision.evaluated", "level": "info", "timestamp": "2026-10-03T13:10:36.967083Z"}
Oct 03 10:10:36 fim-host fim-agent[73116]: {"event_id": "6e1a843a-167e-4d70-91e2-e10b2ac8b58c", "deferred": false, "event": "publisher.event_published", "level": "info", "timestamp": "2026-10-03T13:10:36.977841Z"}
Oct 03 10:10:36 fim-host fim-agent[73116]: {"path": "/srv/fim-watch/mmap_D_mmap_close_retardo_020ms_009.bin", "event_type": "file_modified", "event_id": "6e1a843a-167e-4d70-91e2-e10b2ac8b58c", "event": "detector.change_detected", "level": "info", "timestamp": "2026-10-03T13:10:36.981982Z"}
Oct 03 10:10:36 fim-host fim-agent[73116]: {"event_id": "6e1a843a-167e-4d70-91e2-e10b2ac8b58c", "event": "publisher.event_acked", "level": "info", "timestamp": "2026-10-03T13:10:36.983724Z"}
Oct 03 10:10:41 fim-host fim-agent[73116]: {"event_id": "009019d1-3cb5-46db-86e3-488750433068", "path": "/srv/fim-watch/mmap_D_mmap_close_retardo_020ms_010.bin", "action": "alert_only", "action_failed": false, "event": "decision.evaluated", "level": "info", "timestamp": "2026-10-03T13:10:41.974021Z"}
Oct 03 10:10:41 fim-host fim-agent[73116]: {"event_id": "009019d1-3cb5-46db-86e3-488750433068", "deferred": false, "event": "publisher.event_published", "level": "info", "timestamp": "2026-10-03T13:10:41.985720Z"}
Oct 03 10:10:41 fim-host fim-agent[73116]: {"path": "/srv/fim-watch/mmap_D_mmap_close_retardo_020ms_010.bin", "event_type": "file_modified", "event_id": "009019d1-3cb5-46db-86e3-488750433068", "event": "detector.change_detected", "level": "info", "timestamp": "2026-10-03T13:10:41.990111Z"}
Oct 03 10:10:41 fim-host fim-agent[73116]: {"event_id": "33a225d8-94f4-4444-bea8-9e220ba985c0", "path": "/srv/fim-watch/mmap_D_mmap_close_retardo_020ms_005.bin", "action": "alert_only", "action_failed": false, "event": "decision.evaluated", "level": "info", "timestamp": "2026-10-03T13:10:41.999503Z"}
Oct 03 10:10:42 fim-host fim-agent[73116]: {"event_id": "009019d1-3cb5-46db-86e3-488750433068", "event": "publisher.event_acked", "level": "info", "timestamp": "2026-10-03T13:10:42.007867Z"}
Oct 03 10:10:42 fim-host fim-agent[73116]: {"event_id": "33a225d8-94f4-4444-bea8-9e220ba985c0", "deferred": false, "event": "publisher.event_published", "level": "info", "timestamp": "2026-10-03T13:10:42.017390Z"}
Oct 03 10:10:42 fim-host fim-agent[73116]: {"path": "/srv/fim-watch/mmap_D_mmap_close_retardo_020ms_005.bin", "event_type": "file_modified", "event_id": "33a225d8-94f4-4444-bea8-9e220ba985c0", "event": "detector.change_detected", "level": "info", "timestamp": "2026-10-03T13:10:42.022520Z"}
Oct 03 10:10:42 fim-host fim-agent[73116]: {"event_id": "33a225d8-94f4-4444-bea8-9e220ba985c0", "event": "publisher.event_acked", "level": "info", "timestamp": "2026-10-03T13:10:42.024947Z"}
Oct 03 10:10:47 fim-host fim-agent[73116]: {"event_id": "f5fc5718-aff7-48ba-87fa-20b98af16377", "path": "/srv/fim-watch/mmap_D_mmap_close_retardo_020ms_010.bin", "action": "alert_only", "action_failed": false, "event": "decision.evaluated", "level": "info", "timestamp": "2026-10-03T13:10:47.001045Z"}
Oct 03 10:10:47 fim-host fim-agent[73116]: {"event_id": "f5fc5718-aff7-48ba-87fa-20b98af16377", "deferred": false, "event": "publisher.event_published", "level": "info", "timestamp": "2026-10-03T13:10:47.009120Z"}
Oct 03 10:10:47 fim-host fim-agent[73116]: {"path": "/srv/fim-watch/mmap_D_mmap_close_retardo_020ms_010.bin", "event_type": "file_modified", "event_id": "f5fc5718-aff7-48ba-87fa-20b98af16377", "event": "detector.change_detected", "level": "info", "timestamp": "2026-10-03T13:10:47.011810Z"}
Oct 03 10:10:47 fim-host fim-agent[73116]: {"event_id": "f5fc5718-aff7-48ba-87fa-20b98af16377", "event": "publisher.event_acked", "level": "info", "timestamp": "2026-10-03T13:10:47.017600Z"}
Oct 03 10:10:52 fim-host fim-agent[73116]: {"event_id": "51870848-5c88-4b4f-a509-9ce3b6fcd612", "path": "/srv/fim-watch/mmap_D_mmap_close_retardo_050ms_001.bin", "action": "alert_only", "action_failed": false, "event": "decision.evaluated", "level": "info", "timestamp": "2026-10-03T13:10:52.009300Z"}
Oct 03 10:10:52 fim-host fim-agent[73116]: {"event_id": "51870848-5c88-4b4f-a509-9ce3b6fcd612", "deferred": false, "event": "publisher.event_published", "level": "info", "timestamp": "2026-10-03T13:10:52.022194Z"}
Oct 03 10:10:52 fim-host fim-agent[73116]: {"path": "/srv/fim-watch/mmap_D_mmap_close_retardo_050ms_001.bin", "event_type": "file_modified", "event_id": "51870848-5c88-4b4f-a509-9ce3b6fcd612", "event": "detector.change_detected", "level": "info", "timestamp": "2026-10-03T13:10:52.027078Z"}
Oct 03 10:10:52 fim-host fim-agent[73116]: {"event_id": "a9bef879-6393-440c-b7d2-ab6847ae3b19", "path": "/srv/fim-watch/mmap_D_mmap_close_retardo_020ms_006.bin", "action": "alert_only", "action_failed": false, "event": "decision.evaluated", "level": "info", "timestamp": "2026-10-03T13:10:52.038258Z"}
Oct 03 10:10:52 fim-host fim-agent[73116]: {"event_id": "51870848-5c88-4b4f-a509-9ce3b6fcd612", "event": "publisher.event_acked", "level": "info", "timestamp": "2026-10-03T13:10:52.046559Z"}
Oct 03 10:10:52 fim-host fim-agent[73116]: {"event_id": "a9bef879-6393-440c-b7d2-ab6847ae3b19", "deferred": false, "event": "publisher.event_published", "level": "info", "timestamp": "2026-10-03T13:10:52.054449Z"}
Oct 03 10:10:52 fim-host fim-agent[73116]: {"path": "/srv/fim-watch/mmap_D_mmap_close_retardo_020ms_006.bin", "event_type": "file_modified", "event_id": "a9bef879-6393-440c-b7d2-ab6847ae3b19", "event": "detector.change_detected", "level": "info", "timestamp": "2026-10-03T13:10:52.058256Z"}
Oct 03 10:10:52 fim-host fim-agent[73116]: {"event_id": "a9bef879-6393-440c-b7d2-ab6847ae3b19", "event": "publisher.event_acked", "level": "info", "timestamp": "2026-10-03T13:10:52.061648Z"}
Oct 03 10:10:57 fim-host fim-agent[73116]: {"event_id": "22e5dcce-5081-48b0-b199-14b3a0b7cee8", "path": "/srv/fim-watch/mmap_D_mmap_close_retardo_020ms_007.bin", "action": "alert_only", "action_failed": false, "event": "decision.evaluated", "level": "info", "timestamp": "2026-10-03T13:10:57.023763Z"}
Oct 03 10:10:57 fim-host fim-agent[73116]: {"event_id": "22e5dcce-5081-48b0-b199-14b3a0b7cee8", "deferred": false, "event": "publisher.event_published", "level": "info", "timestamp": "2026-10-03T13:10:57.036311Z"}
Oct 03 10:10:57 fim-host fim-agent[73116]: {"path": "/srv/fim-watch/mmap_D_mmap_close_retardo_020ms_007.bin", "event_type": "file_modified", "event_id": "22e5dcce-5081-48b0-b199-14b3a0b7cee8", "event": "detector.change_detected", "level": "info", "timestamp": "2026-10-03T13:10:57.043171Z"}
Oct 03 10:10:57 fim-host fim-agent[73116]: {"event_id": "341bbb8e-6bc3-4bb2-bb6f-b10f64c5d93b", "path": "/srv/fim-watch/mmap_D_mmap_close_retardo_050ms_001.bin", "action": "alert_only", "action_failed": false, "event": "decision.evaluated", "level": "info", "timestamp": "2026-10-03T13:10:57.056524Z"}
Oct 03 10:10:57 fim-host fim-agent[73116]: {"event_id": "22e5dcce-5081-48b0-b199-14b3a0b7cee8", "event": "publisher.event_acked", "level": "info", "timestamp": "2026-10-03T13:10:57.062766Z"}
Oct 03 10:10:57 fim-host fim-agent[73116]: {"event_id": "341bbb8e-6bc3-4bb2-bb6f-b10f64c5d93b", "deferred": false, "event": "publisher.event_published", "level": "info", "timestamp": "2026-10-03T13:10:57.071456Z"}
Oct 03 10:10:57 fim-host fim-agent[73116]: {"path": "/srv/fim-watch/mmap_D_mmap_close_retardo_050ms_001.bin", "event_type": "file_modified", "event_id": "341bbb8e-6bc3-4bb2-bb6f-b10f64c5d93b", "event": "detector.change_detected", "level": "info", "timestamp": "2026-10-03T13:10:57.075730Z"}
Oct 03 10:10:57 fim-host fim-agent[73116]: {"event_id": "341bbb8e-6bc3-4bb2-bb6f-b10f64c5d93b", "event": "publisher.event_acked", "level": "info", "timestamp": "2026-10-03T13:10:57.082599Z"}
Oct 03 10:11:02 fim-host fim-agent[73116]: {"event_id": "9e22b73f-9da7-44f6-b998-b172e3fe9e3a", "path": "/srv/fim-watch/mmap_D_mmap_close_retardo_020ms_007.bin", "action": "alert_only", "action_failed": false, "event": "decision.evaluated", "level": "info", "timestamp": "2026-10-03T13:11:02.042590Z"}
Oct 03 10:11:02 fim-host fim-agent[73116]: {"event_id": "9e22b73f-9da7-44f6-b998-b172e3fe9e3a", "deferred": false, "event": "publisher.event_published", "level": "info", "timestamp": "2026-10-03T13:11:02.049315Z"}
Oct 03 10:11:02 fim-host fim-agent[73116]: {"path": "/srv/fim-watch/mmap_D_mmap_close_retardo_020ms_007.bin", "event_type": "file_modified", "event_id": "9e22b73f-9da7-44f6-b998-b172e3fe9e3a", "event": "detector.change_detected", "level": "info", "timestamp": "2026-10-03T13:11:02.052671Z"}
Oct 03 10:11:02 fim-host fim-agent[73116]: {"event_id": "36f997d6-6fee-486b-b90d-23ab3cb07896", "path": "/srv/fim-watch/mmap_D_mmap_close_retardo_050ms_002.bin", "action": "alert_only", "action_failed": false, "event": "decision.evaluated", "level": "info", "timestamp": "2026-10-03T13:11:02.060586Z"}
Oct 03 10:11:02 fim-host fim-agent[73116]: {"event_id": "9e22b73f-9da7-44f6-b998-b172e3fe9e3a", "event": "publisher.event_acked", "level": "info", "timestamp": "2026-10-03T13:11:02.068104Z"}
Oct 03 10:11:02 fim-host fim-agent[73116]: {"event_id": "36f997d6-6fee-486b-b90d-23ab3cb07896", "deferred": false, "event": "publisher.event_published", "level": "info", "timestamp": "2026-10-03T13:11:02.074026Z"}
Oct 03 10:11:02 fim-host fim-agent[73116]: {"path": "/srv/fim-watch/mmap_D_mmap_close_retardo_050ms_002.bin", "event_type": "file_created", "event_id": "36f997d6-6fee-486b-b90d-23ab3cb07896", "event": "detector.change_detected", "level": "info", "timestamp": "2026-10-03T13:11:02.077717Z"}
Oct 03 10:11:02 fim-host fim-agent[73116]: {"event_id": "36f997d6-6fee-486b-b90d-23ab3cb07896", "event": "publisher.event_acked", "level": "info", "timestamp": "2026-10-03T13:11:02.079171Z"}
Oct 03 10:11:07 fim-host fim-agent[73116]: {"event_id": "647a594f-1b82-4280-a0ad-b7cf981f167b", "path": "/srv/fim-watch/mmap_D_mmap_close_retardo_020ms_008.bin", "action": "alert_only", "action_failed": false, "event": "decision.evaluated", "level": "info", "timestamp": "2026-10-03T13:11:07.054938Z"}
Oct 03 10:11:07 fim-host fim-agent[73116]: {"event_id": "647a594f-1b82-4280-a0ad-b7cf981f167b", "deferred": false, "event": "publisher.event_published", "level": "info", "timestamp": "2026-10-03T13:11:07.066797Z"}
Oct 03 10:11:07 fim-host fim-agent[73116]: {"path": "/srv/fim-watch/mmap_D_mmap_close_retardo_020ms_008.bin", "event_type": "file_modified", "event_id": "647a594f-1b82-4280-a0ad-b7cf981f167b", "event": "detector.change_detected", "level": "info", "timestamp": "2026-10-03T13:11:07.071242Z"}
Oct 03 10:11:07 fim-host fim-agent[73116]: {"event_id": "647a594f-1b82-4280-a0ad-b7cf981f167b", "event": "publisher.event_acked", "level": "info", "timestamp": "2026-10-03T13:11:07.078151Z"}
Oct 03 10:11:07 fim-host fim-agent[73116]: {"event_id": "964d448b-0d40-434b-b177-51fa5fb55a33", "path": "/srv/fim-watch/mmap_D_mmap_close_retardo_050ms_002.bin", "action": "alert_only", "action_failed": false, "event": "decision.evaluated", "level": "info", "timestamp": "2026-10-03T13:11:07.108022Z"}
Oct 03 10:11:07 fim-host fim-agent[73116]: {"event_id": "964d448b-0d40-434b-b177-51fa5fb55a33", "deferred": false, "event": "publisher.event_published", "level": "info", "timestamp": "2026-10-03T13:11:07.123152Z"}
Oct 03 10:11:07 fim-host fim-agent[73116]: {"path": "/srv/fim-watch/mmap_D_mmap_close_retardo_050ms_002.bin", "event_type": "file_modified", "event_id": "964d448b-0d40-434b-b177-51fa5fb55a33", "event": "detector.change_detected", "level": "info", "timestamp": "2026-10-03T13:11:07.127890Z"}
Oct 03 10:11:07 fim-host fim-agent[73116]: {"event_id": "964d448b-0d40-434b-b177-51fa5fb55a33", "event": "publisher.event_acked", "level": "info", "timestamp": "2026-10-03T13:11:07.132345Z"}
Oct 03 10:11:12 fim-host fim-agent[73116]: {"event_id": "08bbdd36-bc8f-47a6-a84b-9bd691e8e848", "path": "/srv/fim-watch/mmap_D_mmap_close_retardo_020ms_008.bin", "action": "alert_only", "action_failed": false, "event": "decision.evaluated", "level": "info", "timestamp": "2026-10-03T13:11:12.080137Z"}
Oct 03 10:11:12 fim-host fim-agent[73116]: {"event_id": "08bbdd36-bc8f-47a6-a84b-9bd691e8e848", "deferred": false, "event": "publisher.event_published", "level": "info", "timestamp": "2026-10-03T13:11:12.091109Z"}
Oct 03 10:11:12 fim-host fim-agent[73116]: {"path": "/srv/fim-watch/mmap_D_mmap_close_retardo_020ms_008.bin", "event_type": "file_modified", "event_id": "08bbdd36-bc8f-47a6-a84b-9bd691e8e848", "event": "detector.change_detected", "level": "info", "timestamp": "2026-10-03T13:11:12.096215Z"}
Oct 03 10:11:12 fim-host fim-agent[73116]: {"event_id": "5bfb69eb-f977-439e-8595-47c6e2be0706", "path": "/srv/fim-watch/mmap_D_mmap_close_retardo_050ms_003.bin", "action": "alert_only", "action_failed": false, "event": "decision.evaluated", "level": "info", "timestamp": "2026-10-03T13:11:12.108291Z"}
Oct 03 10:11:12 fim-host fim-agent[73116]: {"event_id": "08bbdd36-bc8f-47a6-a84b-9bd691e8e848", "event": "publisher.event_acked", "level": "info", "timestamp": "2026-10-03T13:11:12.120902Z"}
Oct 03 10:11:12 fim-host fim-agent[73116]: {"event_id": "5bfb69eb-f977-439e-8595-47c6e2be0706", "deferred": false, "event": "publisher.event_published", "level": "info", "timestamp": "2026-10-03T13:11:12.134396Z"}
Oct 03 10:11:12 fim-host fim-agent[73116]: {"path": "/srv/fim-watch/mmap_D_mmap_close_retardo_050ms_003.bin", "event_type": "file_created", "event_id": "5bfb69eb-f977-439e-8595-47c6e2be0706", "event": "detector.change_detected", "level": "info", "timestamp": "2026-10-03T13:11:12.141026Z"}
Oct 03 10:11:12 fim-host fim-agent[73116]: {"event_id": "5bfb69eb-f977-439e-8595-47c6e2be0706", "event": "publisher.event_acked", "level": "info", "timestamp": "2026-10-03T13:11:12.143555Z"}
Oct 03 10:11:17 fim-host fim-agent[73116]: {"event_id": "975a02e1-5d97-435a-b8f7-0e20fcf523ee", "path": "/srv/fim-watch/mmap_D_mmap_close_retardo_020ms_009.bin", "action": "alert_only", "action_failed": false, "event": "decision.evaluated", "level": "info", "timestamp": "2026-10-03T13:11:17.089653Z"}
Oct 03 10:11:17 fim-host fim-agent[73116]: {"event_id": "975a02e1-5d97-435a-b8f7-0e20fcf523ee", "deferred": false, "event": "publisher.event_published", "level": "info", "timestamp": "2026-10-03T13:11:17.103413Z"}
Oct 03 10:11:17 fim-host fim-agent[73116]: {"path": "/srv/fim-watch/mmap_D_mmap_close_retardo_020ms_009.bin", "event_type": "file_modified", "event_id": "975a02e1-5d97-435a-b8f7-0e20fcf523ee", "event": "detector.change_detected", "level": "info", "timestamp": "2026-10-03T13:11:17.109068Z"}
Oct 03 10:11:17 fim-host fim-agent[73116]: {"event_id": "975a02e1-5d97-435a-b8f7-0e20fcf523ee", "event": "publisher.event_acked", "level": "info", "timestamp": "2026-10-03T13:11:17.116562Z"}
Oct 03 10:11:17 fim-host fim-agent[73116]: {"event_id": "c17e4df0-2915-4a00-b8fa-150399b06c4d", "path": "/srv/fim-watch/mmap_D_mmap_close_retardo_050ms_003.bin", "action": "alert_only", "action_failed": false, "event": "decision.evaluated", "level": "info", "timestamp": "2026-10-03T13:11:17.161112Z"}
Oct 03 10:11:17 fim-host fim-agent[73116]: {"event_id": "c17e4df0-2915-4a00-b8fa-150399b06c4d", "deferred": false, "event": "publisher.event_published", "level": "info", "timestamp": "2026-10-03T13:11:17.176468Z"}
Oct 03 10:11:17 fim-host fim-agent[73116]: {"path": "/srv/fim-watch/mmap_D_mmap_close_retardo_050ms_003.bin", "event_type": "file_modified", "event_id": "c17e4df0-2915-4a00-b8fa-150399b06c4d", "event": "detector.change_detected", "level": "info", "timestamp": "2026-10-03T13:11:17.180108Z"}
Oct 03 10:11:17 fim-host fim-agent[73116]: {"event_id": "c17e4df0-2915-4a00-b8fa-150399b06c4d", "event": "publisher.event_acked", "level": "info", "timestamp": "2026-10-03T13:11:17.184799Z"}
Oct 03 10:11:22 fim-host fim-agent[73116]: {"event_id": "fb5afca4-d0db-4281-b93d-093c1ecfeb5e", "path": "/srv/fim-watch/mmap_D_mmap_close_retardo_020ms_009.bin", "action": "alert_only", "action_failed": false, "event": "decision.evaluated", "level": "info", "timestamp": "2026-10-03T13:11:22.111884Z"}
Oct 03 10:11:22 fim-host fim-agent[73116]: {"event_id": "fb5afca4-d0db-4281-b93d-093c1ecfeb5e", "deferred": false, "event": "publisher.event_published", "level": "info", "timestamp": "2026-10-03T13:11:22.124263Z"}
Oct 03 10:11:22 fim-host fim-agent[73116]: {"path": "/srv/fim-watch/mmap_D_mmap_close_retardo_020ms_009.bin", "event_type": "file_modified", "event_id": "fb5afca4-d0db-4281-b93d-093c1ecfeb5e", "event": "detector.change_detected", "level": "info", "timestamp": "2026-10-03T13:11:22.129642Z"}
Oct 03 10:11:22 fim-host fim-agent[73116]: {"event_id": "fb5afca4-d0db-4281-b93d-093c1ecfeb5e", "event": "publisher.event_acked", "level": "info", "timestamp": "2026-10-03T13:11:22.137576Z"}
Oct 03 10:11:22 fim-host fim-agent[73116]: {"event_id": "26edf55f-cdeb-410d-9586-0853e13f03e2", "path": "/srv/fim-watch/mmap_D_mmap_close_retardo_050ms_004.bin", "action": "alert_only", "action_failed": false, "event": "decision.evaluated", "level": "info", "timestamp": "2026-10-03T13:11:22.161623Z"}
Oct 03 10:11:22 fim-host fim-agent[73116]: {"event_id": "26edf55f-cdeb-410d-9586-0853e13f03e2", "deferred": false, "event": "publisher.event_published", "level": "info", "timestamp": "2026-10-03T13:11:22.171071Z"}
Oct 03 10:11:22 fim-host fim-agent[73116]: {"path": "/srv/fim-watch/mmap_D_mmap_close_retardo_050ms_004.bin", "event_type": "file_modified", "event_id": "26edf55f-cdeb-410d-9586-0853e13f03e2", "event": "detector.change_detected", "level": "info", "timestamp": "2026-10-03T13:11:22.175871Z"}
Oct 03 10:11:22 fim-host fim-agent[73116]: {"event_id": "26edf55f-cdeb-410d-9586-0853e13f03e2", "event": "publisher.event_acked", "level": "info", "timestamp": "2026-10-03T13:11:22.181222Z"}
Oct 03 10:11:27 fim-host fim-agent[73116]: {"event_id": "cb10dd75-6644-4e30-8ac1-18e74a16985e", "path": "/srv/fim-watch/mmap_D_mmap_close_retardo_020ms_010.bin", "action": "alert_only", "action_failed": false, "event": "decision.evaluated", "level": "info", "timestamp": "2026-10-03T13:11:27.125050Z"}
Oct 03 10:11:27 fim-host fim-agent[73116]: {"event_id": "cb10dd75-6644-4e30-8ac1-18e74a16985e", "deferred": false, "event": "publisher.event_published", "level": "info", "timestamp": "2026-10-03T13:11:27.137250Z"}
Oct 03 10:11:27 fim-host fim-agent[73116]: {"path": "/srv/fim-watch/mmap_D_mmap_close_retardo_020ms_010.bin", "event_type": "file_modified", "event_id": "cb10dd75-6644-4e30-8ac1-18e74a16985e", "event": "detector.change_detected", "level": "info", "timestamp": "2026-10-03T13:11:27.142338Z"}
Oct 03 10:11:27 fim-host fim-agent[73116]: {"event_id": "cb10dd75-6644-4e30-8ac1-18e74a16985e", "event": "publisher.event_acked", "level": "info", "timestamp": "2026-10-03T13:11:27.150191Z"}
Oct 03 10:11:27 fim-host fim-agent[73116]: {"event_id": "776827d1-8ee6-4d24-886e-f8222bc3db3d", "path": "/srv/fim-watch/mmap_D_mmap_close_retardo_050ms_004.bin", "action": "alert_only", "action_failed": false, "event": "decision.evaluated", "level": "info", "timestamp": "2026-10-03T13:11:27.212967Z"}
Oct 03 10:11:27 fim-host fim-agent[73116]: {"event_id": "776827d1-8ee6-4d24-886e-f8222bc3db3d", "deferred": false, "event": "publisher.event_published", "level": "info", "timestamp": "2026-10-03T13:11:27.222457Z"}
Oct 03 10:11:27 fim-host fim-agent[73116]: {"path": "/srv/fim-watch/mmap_D_mmap_close_retardo_050ms_004.bin", "event_type": "file_modified", "event_id": "776827d1-8ee6-4d24-886e-f8222bc3db3d", "event": "detector.change_detected", "level": "info", "timestamp": "2026-10-03T13:11:27.227173Z"}
Oct 03 10:11:27 fim-host fim-agent[73116]: {"event_id": "776827d1-8ee6-4d24-886e-f8222bc3db3d", "event": "publisher.event_acked", "level": "info", "timestamp": "2026-10-03T13:11:27.228210Z"}
Oct 03 10:11:32 fim-host fim-agent[73116]: {"event_id": "e4da3327-7ddd-4e81-904a-79f9a1e0b82c", "path": "/srv/fim-watch/mmap_D_mmap_close_retardo_020ms_010.bin", "action": "alert_only", "action_failed": false, "event": "decision.evaluated", "level": "info", "timestamp": "2026-10-03T13:11:32.144709Z"}
Oct 03 10:11:32 fim-host fim-agent[73116]: {"event_id": "e4da3327-7ddd-4e81-904a-79f9a1e0b82c", "deferred": false, "event": "publisher.event_published", "level": "info", "timestamp": "2026-10-03T13:11:32.156832Z"}
Oct 03 10:11:32 fim-host fim-agent[73116]: {"path": "/srv/fim-watch/mmap_D_mmap_close_retardo_020ms_010.bin", "event_type": "file_modified", "event_id": "e4da3327-7ddd-4e81-904a-79f9a1e0b82c", "event": "detector.change_detected", "level": "info", "timestamp": "2026-10-03T13:11:32.161668Z"}
Oct 03 10:11:32 fim-host fim-agent[73116]: {"event_id": "e4da3327-7ddd-4e81-904a-79f9a1e0b82c", "event": "publisher.event_acked", "level": "info", "timestamp": "2026-10-03T13:11:32.169868Z"}
Oct 03 10:11:32 fim-host fim-agent[73116]: {"event_id": "b9262aa5-4226-4444-8b29-a773896b65dc", "path": "/srv/fim-watch/mmap_D_mmap_close_retardo_050ms_005.bin", "action": "alert_only", "action_failed": false, "event": "decision.evaluated", "level": "info", "timestamp": "2026-10-03T13:11:32.211945Z"}
Oct 03 10:11:32 fim-host fim-agent[73116]: {"event_id": "b9262aa5-4226-4444-8b29-a773896b65dc", "deferred": false, "event": "publisher.event_published", "level": "info", "timestamp": "2026-10-03T13:11:32.219997Z"}
Oct 03 10:11:32 fim-host fim-agent[73116]: {"path": "/srv/fim-watch/mmap_D_mmap_close_retardo_050ms_005.bin", "event_type": "file_modified", "event_id": "b9262aa5-4226-4444-8b29-a773896b65dc", "event": "detector.change_detected", "level": "info", "timestamp": "2026-10-03T13:11:32.225207Z"}
Oct 03 10:11:32 fim-host fim-agent[73116]: {"event_id": "b9262aa5-4226-4444-8b29-a773896b65dc", "event": "publisher.event_acked", "level": "info", "timestamp": "2026-10-03T13:11:32.232488Z"}
Oct 03 10:11:37 fim-host fim-agent[73116]: {"event_id": "5e3ef2e0-a592-4f6d-9358-3d42903d6416", "path": "/srv/fim-watch/mmap_D_mmap_close_retardo_050ms_001.bin", "action": "alert_only", "action_failed": false, "event": "decision.evaluated", "level": "info", "timestamp": "2026-10-03T13:11:37.155181Z"}
Oct 03 10:11:37 fim-host fim-agent[73116]: {"event_id": "5e3ef2e0-a592-4f6d-9358-3d42903d6416", "deferred": false, "event": "publisher.event_published", "level": "info", "timestamp": "2026-10-03T13:11:37.167031Z"}
Oct 03 10:11:37 fim-host fim-agent[73116]: {"path": "/srv/fim-watch/mmap_D_mmap_close_retardo_050ms_001.bin", "event_type": "file_modified", "event_id": "5e3ef2e0-a592-4f6d-9358-3d42903d6416", "event": "detector.change_detected", "level": "info", "timestamp": "2026-10-03T13:11:37.173053Z"}
Oct 03 10:11:37 fim-host fim-agent[73116]: {"event_id": "5e3ef2e0-a592-4f6d-9358-3d42903d6416", "event": "publisher.event_acked", "level": "info", "timestamp": "2026-10-03T13:11:37.180374Z"}
Oct 03 10:11:37 fim-host fim-agent[73116]: {"event_id": "53371607-d70f-4f00-9fc1-17eb47b7da31", "path": "/srv/fim-watch/mmap_D_mmap_close_retardo_050ms_005.bin", "action": "alert_only", "action_failed": false, "event": "decision.evaluated", "level": "info", "timestamp": "2026-10-03T13:11:37.272826Z"}
Oct 03 10:11:37 fim-host fim-agent[73116]: {"event_id": "53371607-d70f-4f00-9fc1-17eb47b7da31", "deferred": false, "event": "publisher.event_published", "level": "info", "timestamp": "2026-10-03T13:11:37.285859Z"}
Oct 03 10:11:37 fim-host fim-agent[73116]: {"path": "/srv/fim-watch/mmap_D_mmap_close_retardo_050ms_005.bin", "event_type": "file_modified", "event_id": "53371607-d70f-4f00-9fc1-17eb47b7da31", "event": "detector.change_detected", "level": "info", "timestamp": "2026-10-03T13:11:37.290451Z"}
Oct 03 10:11:37 fim-host fim-agent[73116]: {"event_id": "53371607-d70f-4f00-9fc1-17eb47b7da31", "event": "publisher.event_acked", "level": "info", "timestamp": "2026-10-03T13:11:37.295563Z"}
Oct 03 10:11:42 fim-host fim-agent[73116]: {"event_id": "0cff4b70-682f-468c-9d13-af50ffeb6bca", "path": "/srv/fim-watch/mmap_D_mmap_close_retardo_050ms_001.bin", "action": "alert_only", "action_failed": false, "event": "decision.evaluated", "level": "info", "timestamp": "2026-10-03T13:11:42.207720Z"}
Oct 03 10:11:42 fim-host fim-agent[73116]: {"event_id": "0cff4b70-682f-468c-9d13-af50ffeb6bca", "deferred": false, "event": "publisher.event_published", "level": "info", "timestamp": "2026-10-03T13:11:42.219004Z"}
Oct 03 10:11:42 fim-host fim-agent[73116]: {"path": "/srv/fim-watch/mmap_D_mmap_close_retardo_050ms_001.bin", "event_type": "file_modified", "event_id": "0cff4b70-682f-468c-9d13-af50ffeb6bca", "event": "detector.change_detected", "level": "info", "timestamp": "2026-10-03T13:11:42.223790Z"}
Oct 03 10:11:42 fim-host fim-agent[73116]: {"event_id": "0cff4b70-682f-468c-9d13-af50ffeb6bca", "event": "publisher.event_acked", "level": "info", "timestamp": "2026-10-03T13:11:42.231175Z"}
Oct 03 10:11:42 fim-host fim-agent[73116]: {"event_id": "56c2580b-ad7b-40fe-99a3-3dc42ca94942", "path": "/srv/fim-watch/mmap_D_mmap_close_retardo_050ms_006.bin", "action": "alert_only", "action_failed": false, "event": "decision.evaluated", "level": "info", "timestamp": "2026-10-03T13:11:42.272582Z"}
Oct 03 10:11:42 fim-host fim-agent[73116]: {"event_id": "56c2580b-ad7b-40fe-99a3-3dc42ca94942", "deferred": false, "event": "publisher.event_published", "level": "info", "timestamp": "2026-10-03T13:11:42.284228Z"}
Oct 03 10:11:42 fim-host fim-agent[73116]: {"path": "/srv/fim-watch/mmap_D_mmap_close_retardo_050ms_006.bin", "event_type": "file_modified", "event_id": "56c2580b-ad7b-40fe-99a3-3dc42ca94942", "event": "detector.change_detected", "level": "info", "timestamp": "2026-10-03T13:11:42.290041Z"}
Oct 03 10:11:42 fim-host fim-agent[73116]: {"event_id": "56c2580b-ad7b-40fe-99a3-3dc42ca94942", "event": "publisher.event_acked", "level": "info", "timestamp": "2026-10-03T13:11:42.296316Z"}
Oct 03 10:11:47 fim-host fim-agent[73116]: {"event_id": "0dbcd092-4c86-4003-b257-6e640e319ec1", "path": "/srv/fim-watch/mmap_D_mmap_close_retardo_050ms_006.bin", "action": "alert_only", "action_failed": false, "event": "decision.evaluated", "level": "info", "timestamp": "2026-10-03T13:11:47.335326Z"}
Oct 03 10:11:47 fim-host fim-agent[73116]: {"event_id": "0dbcd092-4c86-4003-b257-6e640e319ec1", "deferred": false, "event": "publisher.event_published", "level": "info", "timestamp": "2026-10-03T13:11:47.347622Z"}
Oct 03 10:11:47 fim-host fim-agent[73116]: {"path": "/srv/fim-watch/mmap_D_mmap_close_retardo_050ms_006.bin", "event_type": "file_modified", "event_id": "0dbcd092-4c86-4003-b257-6e640e319ec1", "event": "detector.change_detected", "level": "info", "timestamp": "2026-10-03T13:11:47.353645Z"}
Oct 03 10:11:47 fim-host fim-agent[73116]: {"event_id": "0dbcd092-4c86-4003-b257-6e640e319ec1", "event": "publisher.event_acked", "level": "info", "timestamp": "2026-10-03T13:11:47.361431Z"}
Oct 03 10:11:52 fim-host fim-agent[73116]: {"event_id": "7e09d9b7-2e53-4831-9a74-9fd3d5e09ff6", "path": "/srv/fim-watch/mmap_D_mmap_close_retardo_050ms_002.bin", "action": "alert_only", "action_failed": false, "event": "decision.evaluated", "level": "info", "timestamp": "2026-10-03T13:11:52.268292Z"}
Oct 03 10:11:52 fim-host fim-agent[73116]: {"event_id": "7e09d9b7-2e53-4831-9a74-9fd3d5e09ff6", "deferred": false, "event": "publisher.event_published", "level": "info", "timestamp": "2026-10-03T13:11:52.280062Z"}
Oct 03 10:11:52 fim-host fim-agent[73116]: {"path": "/srv/fim-watch/mmap_D_mmap_close_retardo_050ms_002.bin", "event_type": "file_modified", "event_id": "7e09d9b7-2e53-4831-9a74-9fd3d5e09ff6", "event": "detector.change_detected", "level": "info", "timestamp": "2026-10-03T13:11:52.286250Z"}
Oct 03 10:11:52 fim-host fim-agent[73116]: {"event_id": "7e09d9b7-2e53-4831-9a74-9fd3d5e09ff6", "event": "publisher.event_acked", "level": "info", "timestamp": "2026-10-03T13:11:52.290710Z"}
Oct 03 10:11:52 fim-host fim-agent[73116]: {"event_id": "35ed0eba-dec4-4ab1-af28-46c524118532", "path": "/srv/fim-watch/mmap_D_mmap_close_retardo_050ms_007.bin", "action": "alert_only", "action_failed": false, "event": "decision.evaluated", "level": "info", "timestamp": "2026-10-03T13:11:52.334912Z"}
Oct 03 10:11:52 fim-host fim-agent[73116]: {"event_id": "35ed0eba-dec4-4ab1-af28-46c524118532", "deferred": false, "event": "publisher.event_published", "level": "info", "timestamp": "2026-10-03T13:11:52.347506Z"}
Oct 03 10:11:52 fim-host fim-agent[73116]: {"path": "/srv/fim-watch/mmap_D_mmap_close_retardo_050ms_007.bin", "event_type": "file_modified", "event_id": "35ed0eba-dec4-4ab1-af28-46c524118532", "event": "detector.change_detected", "level": "info", "timestamp": "2026-10-03T13:11:52.352688Z"}
Oct 03 10:11:52 fim-host fim-agent[73116]: {"event_id": "35ed0eba-dec4-4ab1-af28-46c524118532", "event": "publisher.event_acked", "level": "info", "timestamp": "2026-10-03T13:11:52.359065Z"}
Oct 03 10:11:57 fim-host fim-agent[73116]: {"event_id": "061f7d88-c942-4732-9b97-8e48e79e999d", "path": "/srv/fim-watch/mmap_D_mmap_close_retardo_050ms_007.bin", "action": "alert_only", "action_failed": false, "event": "decision.evaluated", "level": "info", "timestamp": "2026-10-03T13:11:57.401978Z"}
Oct 03 10:11:57 fim-host fim-agent[73116]: {"event_id": "061f7d88-c942-4732-9b97-8e48e79e999d", "deferred": false, "event": "publisher.event_published", "level": "info", "timestamp": "2026-10-03T13:11:57.414706Z"}
Oct 03 10:11:57 fim-host fim-agent[73116]: {"path": "/srv/fim-watch/mmap_D_mmap_close_retardo_050ms_007.bin", "event_type": "file_modified", "event_id": "061f7d88-c942-4732-9b97-8e48e79e999d", "event": "detector.change_detected", "level": "info", "timestamp": "2026-10-03T13:11:57.421244Z"}
Oct 03 10:11:57 fim-host fim-agent[73116]: {"event_id": "061f7d88-c942-4732-9b97-8e48e79e999d", "event": "publisher.event_acked", "level": "info", "timestamp": "2026-10-03T13:11:57.429501Z"}
Oct 03 10:12:02 fim-host fim-agent[73116]: {"event_id": "0c65381a-ce2c-469c-a75a-dad0eeac1763", "path": "/srv/fim-watch/mmap_D_mmap_close_retardo_050ms_003.bin", "action": "alert_only", "action_failed": false, "event": "decision.evaluated", "level": "info", "timestamp": "2026-10-03T13:12:02.324847Z"}
Oct 03 10:12:02 fim-host fim-agent[73116]: {"event_id": "0c65381a-ce2c-469c-a75a-dad0eeac1763", "deferred": false, "event": "publisher.event_published", "level": "info", "timestamp": "2026-10-03T13:12:02.330512Z"}
Oct 03 10:12:02 fim-host fim-agent[73116]: {"path": "/srv/fim-watch/mmap_D_mmap_close_retardo_050ms_003.bin", "event_type": "file_modified", "event_id": "0c65381a-ce2c-469c-a75a-dad0eeac1763", "event": "detector.change_detected", "level": "info", "timestamp": "2026-10-03T13:12:02.333475Z"}
Oct 03 10:12:02 fim-host fim-agent[73116]: {"event_id": "0c65381a-ce2c-469c-a75a-dad0eeac1763", "event": "publisher.event_acked", "level": "info", "timestamp": "2026-10-03T13:12:02.337098Z"}
Oct 03 10:12:02 fim-host fim-agent[73116]: {"event_id": "236b17a6-aa08-4933-97df-ff780d8843dd", "path": "/srv/fim-watch/mmap_D_mmap_close_retardo_050ms_008.bin", "action": "alert_only", "action_failed": false, "event": "decision.evaluated", "level": "info", "timestamp": "2026-10-03T13:12:02.399967Z"}
Oct 03 10:12:02 fim-host fim-agent[73116]: {"event_id": "236b17a6-aa08-4933-97df-ff780d8843dd", "deferred": false, "event": "publisher.event_published", "level": "info", "timestamp": "2026-10-03T13:12:02.410122Z"}
Oct 03 10:12:02 fim-host fim-agent[73116]: {"path": "/srv/fim-watch/mmap_D_mmap_close_retardo_050ms_008.bin", "event_type": "file_modified", "event_id": "236b17a6-aa08-4933-97df-ff780d8843dd", "event": "detector.change_detected", "level": "info", "timestamp": "2026-10-03T13:12:02.416182Z"}
Oct 03 10:12:02 fim-host fim-agent[73116]: {"event_id": "236b17a6-aa08-4933-97df-ff780d8843dd", "event": "publisher.event_acked", "level": "info", "timestamp": "2026-10-03T13:12:02.422163Z"}
Oct 03 10:12:07 fim-host fim-agent[73116]: {"event_id": "a8b2fdd3-dd11-4697-9d19-f77dfc098bea", "path": "/srv/fim-watch/mmap_D_mmap_close_retardo_050ms_004.bin", "action": "alert_only", "action_failed": false, "event": "decision.evaluated", "level": "info", "timestamp": "2026-10-03T13:12:07.338714Z"}
Oct 03 10:12:07 fim-host fim-agent[73116]: {"event_id": "a8b2fdd3-dd11-4697-9d19-f77dfc098bea", "deferred": false, "event": "publisher.event_published", "level": "info", "timestamp": "2026-10-03T13:12:07.352720Z"}
Oct 03 10:12:07 fim-host fim-agent[73116]: {"path": "/srv/fim-watch/mmap_D_mmap_close_retardo_050ms_004.bin", "event_type": "file_modified", "event_id": "a8b2fdd3-dd11-4697-9d19-f77dfc098bea", "event": "detector.change_detected", "level": "info", "timestamp": "2026-10-03T13:12:07.358357Z"}
Oct 03 10:12:07 fim-host fim-agent[73116]: {"event_id": "a8b2fdd3-dd11-4697-9d19-f77dfc098bea", "event": "publisher.event_acked", "level": "info", "timestamp": "2026-10-03T13:12:07.362998Z"}
Oct 03 10:12:07 fim-host fim-agent[73116]: {"event_id": "72975f2a-e1d0-4f0e-8331-5f5c3de4631e", "path": "/srv/fim-watch/mmap_D_mmap_close_retardo_050ms_008.bin", "action": "alert_only", "action_failed": false, "event": "decision.evaluated", "level": "info", "timestamp": "2026-10-03T13:12:07.456486Z"}
Oct 03 10:12:07 fim-host fim-agent[73116]: {"event_id": "72975f2a-e1d0-4f0e-8331-5f5c3de4631e", "deferred": false, "event": "publisher.event_published", "level": "info", "timestamp": "2026-10-03T13:12:07.469055Z"}
Oct 03 10:12:07 fim-host fim-agent[73116]: {"path": "/srv/fim-watch/mmap_D_mmap_close_retardo_050ms_008.bin", "event_type": "file_modified", "event_id": "72975f2a-e1d0-4f0e-8331-5f5c3de4631e", "event": "detector.change_detected", "level": "info", "timestamp": "2026-10-03T13:12:07.476134Z"}
Oct 03 10:12:07 fim-host fim-agent[73116]: {"event_id": "72975f2a-e1d0-4f0e-8331-5f5c3de4631e", "event": "publisher.event_acked", "level": "info", "timestamp": "2026-10-03T13:12:07.480349Z"}
Oct 03 10:12:12 fim-host fim-agent[73116]: {"event_id": "37e89cbc-a5f4-4896-90c2-2ea5935dac1a", "path": "/srv/fim-watch/mmap_D_mmap_close_retardo_050ms_004.bin", "action": "alert_only", "action_failed": false, "event": "decision.evaluated", "level": "info", "timestamp": "2026-10-03T13:12:12.385917Z"}
Oct 03 10:12:12 fim-host fim-agent[73116]: {"event_id": "37e89cbc-a5f4-4896-90c2-2ea5935dac1a", "deferred": false, "event": "publisher.event_published", "level": "info", "timestamp": "2026-10-03T13:12:12.398135Z"}
Oct 03 10:12:12 fim-host fim-agent[73116]: {"path": "/srv/fim-watch/mmap_D_mmap_close_retardo_050ms_004.bin", "event_type": "file_modified", "event_id": "37e89cbc-a5f4-4896-90c2-2ea5935dac1a", "event": "detector.change_detected", "level": "info", "timestamp": "2026-10-03T13:12:12.403808Z"}
Oct 03 10:12:12 fim-host fim-agent[73116]: {"event_id": "37e89cbc-a5f4-4896-90c2-2ea5935dac1a", "event": "publisher.event_acked", "level": "info", "timestamp": "2026-10-03T13:12:12.413165Z"}
Oct 03 10:12:12 fim-host fim-agent[73116]: {"event_id": "dcf4c96c-f4ce-4478-80c6-9f7226e086d9", "path": "/srv/fim-watch/mmap_D_mmap_close_retardo_050ms_009.bin", "action": "alert_only", "action_failed": false, "event": "decision.evaluated", "level": "info", "timestamp": "2026-10-03T13:12:12.453199Z"}
Oct 03 10:12:12 fim-host fim-agent[73116]: {"event_id": "dcf4c96c-f4ce-4478-80c6-9f7226e086d9", "deferred": false, "event": "publisher.event_published", "level": "info", "timestamp": "2026-10-03T13:12:12.460331Z"}
Oct 03 10:12:12 fim-host fim-agent[73116]: {"path": "/srv/fim-watch/mmap_D_mmap_close_retardo_050ms_009.bin", "event_type": "file_modified", "event_id": "dcf4c96c-f4ce-4478-80c6-9f7226e086d9", "event": "detector.change_detected", "level": "info", "timestamp": "2026-10-03T13:12:12.463255Z"}
Oct 03 10:12:12 fim-host fim-agent[73116]: {"event_id": "dcf4c96c-f4ce-4478-80c6-9f7226e086d9", "event": "publisher.event_acked", "level": "info", "timestamp": "2026-10-03T13:12:12.468627Z"}
Oct 03 10:12:17 fim-host fim-agent[73116]: {"event_id": "ae8f6a82-2d98-455d-b78e-c92400ca5ab4", "path": "/srv/fim-watch/mmap_D_mmap_close_retardo_050ms_005.bin", "action": "alert_only", "action_failed": false, "event": "decision.evaluated", "level": "info", "timestamp": "2026-10-03T13:12:17.395536Z"}
Oct 03 10:12:17 fim-host fim-agent[73116]: {"event_id": "ae8f6a82-2d98-455d-b78e-c92400ca5ab4", "deferred": false, "event": "publisher.event_published", "level": "info", "timestamp": "2026-10-03T13:12:17.407859Z"}
Oct 03 10:12:17 fim-host fim-agent[73116]: {"path": "/srv/fim-watch/mmap_D_mmap_close_retardo_050ms_005.bin", "event_type": "file_modified", "event_id": "ae8f6a82-2d98-455d-b78e-c92400ca5ab4", "event": "detector.change_detected", "level": "info", "timestamp": "2026-10-03T13:12:17.413480Z"}
Oct 03 10:12:17 fim-host fim-agent[73116]: {"event_id": "ae8f6a82-2d98-455d-b78e-c92400ca5ab4", "event": "publisher.event_acked", "level": "info", "timestamp": "2026-10-03T13:12:17.421438Z"}
Oct 03 10:12:17 fim-host fim-agent[73116]: {"event_id": "f21a187d-f06d-44ed-a69b-a9338392abe2", "path": "/srv/fim-watch/mmap_D_mmap_close_retardo_050ms_009.bin", "action": "alert_only", "action_failed": false, "event": "decision.evaluated", "level": "info", "timestamp": "2026-10-03T13:12:17.505277Z"}
Oct 03 10:12:17 fim-host fim-agent[73116]: {"event_id": "f21a187d-f06d-44ed-a69b-a9338392abe2", "deferred": false, "event": "publisher.event_published", "level": "info", "timestamp": "2026-10-03T13:12:17.511998Z"}
Oct 03 10:12:17 fim-host fim-agent[73116]: {"path": "/srv/fim-watch/mmap_D_mmap_close_retardo_050ms_009.bin", "event_type": "file_modified", "event_id": "f21a187d-f06d-44ed-a69b-a9338392abe2", "event": "detector.change_detected", "level": "info", "timestamp": "2026-10-03T13:12:17.515725Z"}
Oct 03 10:12:17 fim-host fim-agent[73116]: {"event_id": "f21a187d-f06d-44ed-a69b-a9338392abe2", "event": "publisher.event_acked", "level": "info", "timestamp": "2026-10-03T13:12:17.517535Z"}
Oct 03 10:12:22 fim-host fim-agent[73116]: {"event_id": "e206c8e1-b340-4f66-a123-bcc613736a62", "path": "/srv/fim-watch/mmap_D_mmap_close_retardo_050ms_005.bin", "action": "alert_only", "action_failed": false, "event": "decision.evaluated", "level": "info", "timestamp": "2026-10-03T13:12:22.448321Z"}
Oct 03 10:12:22 fim-host fim-agent[73116]: {"event_id": "e206c8e1-b340-4f66-a123-bcc613736a62", "deferred": false, "event": "publisher.event_published", "level": "info", "timestamp": "2026-10-03T13:12:22.460533Z"}
Oct 03 10:12:22 fim-host fim-agent[73116]: {"path": "/srv/fim-watch/mmap_D_mmap_close_retardo_050ms_005.bin", "event_type": "file_modified", "event_id": "e206c8e1-b340-4f66-a123-bcc613736a62", "event": "detector.change_detected", "level": "info", "timestamp": "2026-10-03T13:12:22.466850Z"}
Oct 03 10:12:22 fim-host fim-agent[73116]: {"event_id": "e206c8e1-b340-4f66-a123-bcc613736a62", "event": "publisher.event_acked", "level": "info", "timestamp": "2026-10-03T13:12:22.474508Z"}
Oct 03 10:12:22 fim-host fim-agent[73116]: {"event_id": "278469e7-90be-49d4-a807-fbf685c5be27", "path": "/srv/fim-watch/mmap_D_mmap_close_retardo_050ms_010.bin", "action": "alert_only", "action_failed": false, "event": "decision.evaluated", "level": "info", "timestamp": "2026-10-03T13:12:22.511027Z"}
Oct 03 10:12:22 fim-host fim-agent[73116]: {"event_id": "278469e7-90be-49d4-a807-fbf685c5be27", "deferred": false, "event": "publisher.event_published", "level": "info", "timestamp": "2026-10-03T13:12:22.525100Z"}
Oct 03 10:12:22 fim-host fim-agent[73116]: {"path": "/srv/fim-watch/mmap_D_mmap_close_retardo_050ms_010.bin", "event_type": "file_modified", "event_id": "278469e7-90be-49d4-a807-fbf685c5be27", "event": "detector.change_detected", "level": "info", "timestamp": "2026-10-03T13:12:22.530629Z"}
Oct 03 10:12:22 fim-host fim-agent[73116]: {"event_id": "278469e7-90be-49d4-a807-fbf685c5be27", "event": "publisher.event_acked", "level": "info", "timestamp": "2026-10-03T13:12:22.536235Z"}
Oct 03 10:12:27 fim-host fim-agent[73116]: {"event_id": "2d084ec2-7e23-4d45-acff-46a5214f01f0", "path": "/srv/fim-watch/mmap_D_mmap_close_retardo_050ms_006.bin", "action": "alert_only", "action_failed": false, "event": "decision.evaluated", "level": "info", "timestamp": "2026-10-03T13:12:27.457097Z"}
Oct 03 10:12:27 fim-host fim-agent[73116]: {"event_id": "2d084ec2-7e23-4d45-acff-46a5214f01f0", "deferred": false, "event": "publisher.event_published", "level": "info", "timestamp": "2026-10-03T13:12:27.469036Z"}
Oct 03 10:12:27 fim-host fim-agent[73116]: {"path": "/srv/fim-watch/mmap_D_mmap_close_retardo_050ms_006.bin", "event_type": "file_modified", "event_id": "2d084ec2-7e23-4d45-acff-46a5214f01f0", "event": "detector.change_detected", "level": "info", "timestamp": "2026-10-03T13:12:27.475223Z"}
Oct 03 10:12:27 fim-host fim-agent[73116]: {"event_id": "2d084ec2-7e23-4d45-acff-46a5214f01f0", "event": "publisher.event_acked", "level": "info", "timestamp": "2026-10-03T13:12:27.484196Z"}
Oct 03 10:12:27 fim-host fim-agent[73116]: {"event_id": "ac65c70f-1a6c-4804-ad68-4513522cf229", "path": "/srv/fim-watch/mmap_D_mmap_close_retardo_050ms_010.bin", "action": "alert_only", "action_failed": false, "event": "decision.evaluated", "level": "info", "timestamp": "2026-10-03T13:12:27.564730Z"}
Oct 03 10:12:27 fim-host fim-agent[73116]: {"event_id": "ac65c70f-1a6c-4804-ad68-4513522cf229", "deferred": false, "event": "publisher.event_published", "level": "info", "timestamp": "2026-10-03T13:12:27.575477Z"}
Oct 03 10:12:27 fim-host fim-agent[73116]: {"path": "/srv/fim-watch/mmap_D_mmap_close_retardo_050ms_010.bin", "event_type": "file_modified", "event_id": "ac65c70f-1a6c-4804-ad68-4513522cf229", "event": "detector.change_detected", "level": "info", "timestamp": "2026-10-03T13:12:27.579256Z"}
Oct 03 10:12:27 fim-host fim-agent[73116]: {"event_id": "ac65c70f-1a6c-4804-ad68-4513522cf229", "event": "publisher.event_acked", "level": "info", "timestamp": "2026-10-03T13:12:27.584602Z"}
Oct 03 10:12:32 fim-host fim-agent[73116]: {"event_id": "36d9b42f-9e22-49e3-a225-99980a611acd", "path": "/srv/fim-watch/mmap_D_mmap_close_retardo_050ms_006.bin", "action": "alert_only", "action_failed": false, "event": "decision.evaluated", "level": "info", "timestamp": "2026-10-03T13:12:32.513379Z"}
Oct 03 10:12:32 fim-host fim-agent[73116]: {"event_id": "36d9b42f-9e22-49e3-a225-99980a611acd", "deferred": false, "event": "publisher.event_published", "level": "info", "timestamp": "2026-10-03T13:12:32.527176Z"}
Oct 03 10:12:32 fim-host fim-agent[73116]: {"path": "/srv/fim-watch/mmap_D_mmap_close_retardo_050ms_006.bin", "event_type": "file_modified", "event_id": "36d9b42f-9e22-49e3-a225-99980a611acd", "event": "detector.change_detected", "level": "info", "timestamp": "2026-10-03T13:12:32.532890Z"}
Oct 03 10:12:32 fim-host fim-agent[73116]: {"event_id": "36d9b42f-9e22-49e3-a225-99980a611acd", "event": "publisher.event_acked", "level": "info", "timestamp": "2026-10-03T13:12:32.542113Z"}
Oct 03 10:12:32 fim-host fim-agent[73116]: {"event_id": "ac9f3087-c953-443b-9a16-07d547512b2f", "path": "/srv/fim-watch/mmap_D_mmap_close_retardo_100ms_001.bin", "action": "alert_only", "action_failed": false, "event": "decision.evaluated", "level": "info", "timestamp": "2026-10-03T13:12:32.564410Z"}
Oct 03 10:12:32 fim-host fim-agent[73116]: {"event_id": "ac9f3087-c953-443b-9a16-07d547512b2f", "deferred": false, "event": "publisher.event_published", "level": "info", "timestamp": "2026-10-03T13:12:32.580221Z"}
Oct 03 10:12:32 fim-host fim-agent[73116]: {"path": "/srv/fim-watch/mmap_D_mmap_close_retardo_100ms_001.bin", "event_type": "file_modified", "event_id": "ac9f3087-c953-443b-9a16-07d547512b2f", "event": "detector.change_detected", "level": "info", "timestamp": "2026-10-03T13:12:32.586266Z"}
Oct 03 10:12:32 fim-host fim-agent[73116]: {"event_id": "ac9f3087-c953-443b-9a16-07d547512b2f", "event": "publisher.event_acked", "level": "info", "timestamp": "2026-10-03T13:12:32.587817Z"}
Oct 03 10:12:37 fim-host fim-agent[73116]: {"event_id": "80676839-b670-43ee-affa-de22d9832983", "path": "/srv/fim-watch/mmap_D_mmap_close_retardo_050ms_007.bin", "action": "alert_only", "action_failed": false, "event": "decision.evaluated", "level": "info", "timestamp": "2026-10-03T13:12:37.514695Z"}
Oct 03 10:12:37 fim-host fim-agent[73116]: {"event_id": "80676839-b670-43ee-affa-de22d9832983", "deferred": false, "event": "publisher.event_published", "level": "info", "timestamp": "2026-10-03T13:12:37.526828Z"}
Oct 03 10:12:37 fim-host fim-agent[73116]: {"path": "/srv/fim-watch/mmap_D_mmap_close_retardo_050ms_007.bin", "event_type": "file_modified", "event_id": "80676839-b670-43ee-affa-de22d9832983", "event": "detector.change_detected", "level": "info", "timestamp": "2026-10-03T13:12:37.532554Z"}
Oct 03 10:12:37 fim-host fim-agent[73116]: {"event_id": "80676839-b670-43ee-affa-de22d9832983", "event": "publisher.event_acked", "level": "info", "timestamp": "2026-10-03T13:12:37.537223Z"}
Oct 03 10:12:37 fim-host fim-agent[73116]: {"event_id": "a0aa285e-6f55-41f2-9a04-7f1b9db69708", "path": "/srv/fim-watch/mmap_D_mmap_close_retardo_100ms_001.bin", "action": "alert_only", "action_failed": false, "event": "decision.evaluated", "level": "info", "timestamp": "2026-10-03T13:12:37.667343Z"}
Oct 03 10:12:37 fim-host fim-agent[73116]: {"event_id": "a0aa285e-6f55-41f2-9a04-7f1b9db69708", "deferred": false, "event": "publisher.event_published", "level": "info", "timestamp": "2026-10-03T13:12:37.681355Z"}
Oct 03 10:12:37 fim-host fim-agent[73116]: {"path": "/srv/fim-watch/mmap_D_mmap_close_retardo_100ms_001.bin", "event_type": "file_modified", "event_id": "a0aa285e-6f55-41f2-9a04-7f1b9db69708", "event": "detector.change_detected", "level": "info", "timestamp": "2026-10-03T13:12:37.688389Z"}
Oct 03 10:12:37 fim-host fim-agent[73116]: {"event_id": "a0aa285e-6f55-41f2-9a04-7f1b9db69708", "event": "publisher.event_acked", "level": "info", "timestamp": "2026-10-03T13:12:37.692106Z"}
Oct 03 10:12:42 fim-host fim-agent[73116]: {"event_id": "3af86704-dec4-44c0-9c9f-fb9c9717aabe", "path": "/srv/fim-watch/mmap_D_mmap_close_retardo_050ms_007.bin", "action": "alert_only", "action_failed": false, "event": "decision.evaluated", "level": "info", "timestamp": "2026-10-03T13:12:42.575216Z"}
Oct 03 10:12:42 fim-host fim-agent[73116]: {"event_id": "3af86704-dec4-44c0-9c9f-fb9c9717aabe", "deferred": false, "event": "publisher.event_published", "level": "info", "timestamp": "2026-10-03T13:12:42.588077Z"}
Oct 03 10:12:42 fim-host fim-agent[73116]: {"path": "/srv/fim-watch/mmap_D_mmap_close_retardo_050ms_007.bin", "event_type": "file_modified", "event_id": "3af86704-dec4-44c0-9c9f-fb9c9717aabe", "event": "detector.change_detected", "level": "info", "timestamp": "2026-10-03T13:12:42.594994Z"}
Oct 03 10:12:42 fim-host fim-agent[73116]: {"event_id": "3af86704-dec4-44c0-9c9f-fb9c9717aabe", "event": "publisher.event_acked", "level": "info", "timestamp": "2026-10-03T13:12:42.598134Z"}
Oct 03 10:12:42 fim-host fim-agent[73116]: {"event_id": "96fd67e2-ac7c-413e-b28f-e60a0ff26d70", "path": "/srv/fim-watch/mmap_D_mmap_close_retardo_100ms_002.bin", "action": "alert_only", "action_failed": false, "event": "decision.evaluated", "level": "info", "timestamp": "2026-10-03T13:12:42.668280Z"}
Oct 03 10:12:42 fim-host fim-agent[73116]: {"event_id": "96fd67e2-ac7c-413e-b28f-e60a0ff26d70", "deferred": false, "event": "publisher.event_published", "level": "info", "timestamp": "2026-10-03T13:12:42.682307Z"}
Oct 03 10:12:42 fim-host fim-agent[73116]: {"path": "/srv/fim-watch/mmap_D_mmap_close_retardo_100ms_002.bin", "event_type": "file_modified", "event_id": "96fd67e2-ac7c-413e-b28f-e60a0ff26d70", "event": "detector.change_detected", "level": "info", "timestamp": "2026-10-03T13:12:42.688056Z"}
Oct 03 10:12:42 fim-host fim-agent[73116]: {"event_id": "96fd67e2-ac7c-413e-b28f-e60a0ff26d70", "event": "publisher.event_acked", "level": "info", "timestamp": "2026-10-03T13:12:42.692241Z"}
Oct 03 10:12:47 fim-host fim-agent[73116]: {"event_id": "3ca4b6d5-1b89-48fa-bb85-945ad906f665", "path": "/srv/fim-watch/mmap_D_mmap_close_retardo_050ms_008.bin", "action": "alert_only", "action_failed": false, "event": "decision.evaluated", "level": "info", "timestamp": "2026-10-03T13:12:47.587222Z"}
Oct 03 10:12:47 fim-host fim-agent[73116]: {"event_id": "3ca4b6d5-1b89-48fa-bb85-945ad906f665", "deferred": false, "event": "publisher.event_published", "level": "info", "timestamp": "2026-10-03T13:12:47.601084Z"}
Oct 03 10:12:47 fim-host fim-agent[73116]: {"path": "/srv/fim-watch/mmap_D_mmap_close_retardo_050ms_008.bin", "event_type": "file_modified", "event_id": "3ca4b6d5-1b89-48fa-bb85-945ad906f665", "event": "detector.change_detected", "level": "info", "timestamp": "2026-10-03T13:12:47.607017Z"}
Oct 03 10:12:47 fim-host fim-agent[73116]: {"event_id": "3ca4b6d5-1b89-48fa-bb85-945ad906f665", "event": "publisher.event_acked", "level": "info", "timestamp": "2026-10-03T13:12:47.615073Z"}
Oct 03 10:12:47 fim-host fim-agent[73116]: {"event_id": "f37e877b-d82e-431b-89f7-e0712732b869", "path": "/srv/fim-watch/mmap_D_mmap_close_retardo_100ms_002.bin", "action": "alert_only", "action_failed": false, "event": "decision.evaluated", "level": "info", "timestamp": "2026-10-03T13:12:47.769033Z"}
Oct 03 10:12:47 fim-host fim-agent[73116]: {"event_id": "f37e877b-d82e-431b-89f7-e0712732b869", "deferred": false, "event": "publisher.event_published", "level": "info", "timestamp": "2026-10-03T13:12:47.780425Z"}
Oct 03 10:12:47 fim-host fim-agent[73116]: {"path": "/srv/fim-watch/mmap_D_mmap_close_retardo_100ms_002.bin", "event_type": "file_modified", "event_id": "f37e877b-d82e-431b-89f7-e0712732b869", "event": "detector.change_detected", "level": "info", "timestamp": "2026-10-03T13:12:47.784979Z"}
Oct 03 10:12:47 fim-host fim-agent[73116]: {"event_id": "f37e877b-d82e-431b-89f7-e0712732b869", "event": "publisher.event_acked", "level": "info", "timestamp": "2026-10-03T13:12:47.790827Z"}
Oct 03 10:12:52 fim-host fim-agent[73116]: {"event_id": "7594f979-45b6-4b4d-9ee3-590e3b1864a1", "path": "/srv/fim-watch/mmap_D_mmap_close_retardo_050ms_008.bin", "action": "alert_only", "action_failed": false, "event": "decision.evaluated", "level": "info", "timestamp": "2026-10-03T13:12:52.630531Z"}
Oct 03 10:12:52 fim-host fim-agent[73116]: {"event_id": "7594f979-45b6-4b4d-9ee3-590e3b1864a1", "deferred": false, "event": "publisher.event_published", "level": "info", "timestamp": "2026-10-03T13:12:52.637507Z"}
Oct 03 10:12:52 fim-host fim-agent[73116]: {"path": "/srv/fim-watch/mmap_D_mmap_close_retardo_050ms_008.bin", "event_type": "file_modified", "event_id": "7594f979-45b6-4b4d-9ee3-590e3b1864a1", "event": "detector.change_detected", "level": "info", "timestamp": "2026-10-03T13:12:52.639836Z"}
Oct 03 10:12:52 fim-host fim-agent[73116]: {"event_id": "7594f979-45b6-4b4d-9ee3-590e3b1864a1", "event": "publisher.event_acked", "level": "info", "timestamp": "2026-10-03T13:12:52.645335Z"}
Oct 03 10:12:52 fim-host fim-agent[73116]: {"event_id": "6206d402-fcc3-47a7-9e28-2b478fde3e7d", "path": "/srv/fim-watch/mmap_D_mmap_close_retardo_100ms_003.bin", "action": "alert_only", "action_failed": false, "event": "decision.evaluated", "level": "info", "timestamp": "2026-10-03T13:12:52.767251Z"}
Oct 03 10:12:52 fim-host fim-agent[73116]: {"event_id": "6206d402-fcc3-47a7-9e28-2b478fde3e7d", "deferred": false, "event": "publisher.event_published", "level": "info", "timestamp": "2026-10-03T13:12:52.773796Z"}
Oct 03 10:12:52 fim-host fim-agent[73116]: {"path": "/srv/fim-watch/mmap_D_mmap_close_retardo_100ms_003.bin", "event_type": "file_modified", "event_id": "6206d402-fcc3-47a7-9e28-2b478fde3e7d", "event": "detector.change_detected", "level": "info", "timestamp": "2026-10-03T13:12:52.776611Z"}
Oct 03 10:12:52 fim-host fim-agent[73116]: {"event_id": "6206d402-fcc3-47a7-9e28-2b478fde3e7d", "event": "publisher.event_acked", "level": "info", "timestamp": "2026-10-03T13:12:52.782711Z"}
Oct 03 10:12:57 fim-host fim-agent[73116]: {"event_id": "9b05f113-8c62-428b-a7c8-06e4d89f45fe", "path": "/srv/fim-watch/mmap_D_mmap_close_retardo_050ms_009.bin", "action": "alert_only", "action_failed": false, "event": "decision.evaluated", "level": "info", "timestamp": "2026-10-03T13:12:57.647132Z"}
Oct 03 10:12:57 fim-host fim-agent[73116]: {"event_id": "9b05f113-8c62-428b-a7c8-06e4d89f45fe", "deferred": false, "event": "publisher.event_published", "level": "info", "timestamp": "2026-10-03T13:12:57.661365Z"}
Oct 03 10:12:57 fim-host fim-agent[73116]: {"path": "/srv/fim-watch/mmap_D_mmap_close_retardo_050ms_009.bin", "event_type": "file_modified", "event_id": "9b05f113-8c62-428b-a7c8-06e4d89f45fe", "event": "detector.change_detected", "level": "info", "timestamp": "2026-10-03T13:12:57.667308Z"}
Oct 03 10:12:57 fim-host fim-agent[73116]: {"event_id": "9b05f113-8c62-428b-a7c8-06e4d89f45fe", "event": "publisher.event_acked", "level": "info", "timestamp": "2026-10-03T13:12:57.675378Z"}
Oct 03 10:12:57 fim-host fim-agent[73116]: {"event_id": "74da8c7b-4ee3-4723-9a9c-632e38be3df7", "path": "/srv/fim-watch/mmap_D_mmap_close_retardo_100ms_003.bin", "action": "alert_only", "action_failed": false, "event": "decision.evaluated", "level": "info", "timestamp": "2026-10-03T13:12:57.873939Z"}
Oct 03 10:12:57 fim-host fim-agent[73116]: {"event_id": "74da8c7b-4ee3-4723-9a9c-632e38be3df7", "deferred": false, "event": "publisher.event_published", "level": "info", "timestamp": "2026-10-03T13:12:57.885837Z"}
Oct 03 10:12:57 fim-host fim-agent[73116]: {"path": "/srv/fim-watch/mmap_D_mmap_close_retardo_100ms_003.bin", "event_type": "file_modified", "event_id": "74da8c7b-4ee3-4723-9a9c-632e38be3df7", "event": "detector.change_detected", "level": "info", "timestamp": "2026-10-03T13:12:57.892580Z"}
Oct 03 10:12:57 fim-host fim-agent[73116]: {"event_id": "74da8c7b-4ee3-4723-9a9c-632e38be3df7", "event": "publisher.event_acked", "level": "info", "timestamp": "2026-10-03T13:12:57.895944Z"}
Oct 03 10:13:02 fim-host fim-agent[73116]: {"event_id": "05847740-5ec4-410e-b88a-f26248abceb8", "path": "/srv/fim-watch/mmap_D_mmap_close_retardo_050ms_009.bin", "action": "alert_only", "action_failed": false, "event": "decision.evaluated", "level": "info", "timestamp": "2026-10-03T13:13:02.696851Z"}
Oct 03 10:13:02 fim-host fim-agent[73116]: {"event_id": "05847740-5ec4-410e-b88a-f26248abceb8", "deferred": false, "event": "publisher.event_published", "level": "info", "timestamp": "2026-10-03T13:13:02.710181Z"}
Oct 03 10:13:02 fim-host fim-agent[73116]: {"path": "/srv/fim-watch/mmap_D_mmap_close_retardo_050ms_009.bin", "event_type": "file_modified", "event_id": "05847740-5ec4-410e-b88a-f26248abceb8", "event": "detector.change_detected", "level": "info", "timestamp": "2026-10-03T13:13:02.715845Z"}
Oct 03 10:13:02 fim-host fim-agent[73116]: {"event_id": "05847740-5ec4-410e-b88a-f26248abceb8", "event": "publisher.event_acked", "level": "info", "timestamp": "2026-10-03T13:13:02.724011Z"}
Oct 03 10:13:02 fim-host fim-agent[73116]: {"event_id": "60b35d8d-b38e-403d-be72-fb269ed5b5bd", "path": "/srv/fim-watch/mmap_D_mmap_close_retardo_100ms_004.bin", "action": "alert_only", "action_failed": false, "event": "decision.evaluated", "level": "info", "timestamp": "2026-10-03T13:13:02.872066Z"}
Oct 03 10:13:02 fim-host fim-agent[73116]: {"event_id": "60b35d8d-b38e-403d-be72-fb269ed5b5bd", "deferred": false, "event": "publisher.event_published", "level": "info", "timestamp": "2026-10-03T13:13:02.882387Z"}
Oct 03 10:13:02 fim-host fim-agent[73116]: {"path": "/srv/fim-watch/mmap_D_mmap_close_retardo_100ms_004.bin", "event_type": "file_modified", "event_id": "60b35d8d-b38e-403d-be72-fb269ed5b5bd", "event": "detector.change_detected", "level": "info", "timestamp": "2026-10-03T13:13:02.887196Z"}
Oct 03 10:13:02 fim-host fim-agent[73116]: {"event_id": "60b35d8d-b38e-403d-be72-fb269ed5b5bd", "event": "publisher.event_acked", "level": "info", "timestamp": "2026-10-03T13:13:02.889147Z"}
Oct 03 10:13:07 fim-host fim-agent[73116]: {"event_id": "0808e499-b844-44a8-b17d-aca4fcf8c022", "path": "/srv/fim-watch/mmap_D_mmap_close_retardo_050ms_010.bin", "action": "alert_only", "action_failed": false, "event": "decision.evaluated", "level": "info", "timestamp": "2026-10-03T13:13:07.704128Z"}
Oct 03 10:13:07 fim-host fim-agent[73116]: {"event_id": "0808e499-b844-44a8-b17d-aca4fcf8c022", "deferred": false, "event": "publisher.event_published", "level": "info", "timestamp": "2026-10-03T13:13:07.716956Z"}
Oct 03 10:13:07 fim-host fim-agent[73116]: {"path": "/srv/fim-watch/mmap_D_mmap_close_retardo_050ms_010.bin", "event_type": "file_modified", "event_id": "0808e499-b844-44a8-b17d-aca4fcf8c022", "event": "detector.change_detected", "level": "info", "timestamp": "2026-10-03T13:13:07.722791Z"}
Oct 03 10:13:07 fim-host fim-agent[73116]: {"event_id": "0808e499-b844-44a8-b17d-aca4fcf8c022", "event": "publisher.event_acked", "level": "info", "timestamp": "2026-10-03T13:13:07.731296Z"}
Oct 03 10:13:07 fim-host fim-agent[73116]: {"event_id": "93961f00-9ce9-4bc1-af7a-3ab3e128ee7a", "path": "/srv/fim-watch/mmap_D_mmap_close_retardo_100ms_004.bin", "action": "alert_only", "action_failed": false, "event": "decision.evaluated", "level": "info", "timestamp": "2026-10-03T13:13:07.972820Z"}
Oct 03 10:13:07 fim-host fim-agent[73116]: {"event_id": "93961f00-9ce9-4bc1-af7a-3ab3e128ee7a", "deferred": false, "event": "publisher.event_published", "level": "info", "timestamp": "2026-10-03T13:13:07.978963Z"}
Oct 03 10:13:07 fim-host fim-agent[73116]: {"path": "/srv/fim-watch/mmap_D_mmap_close_retardo_100ms_004.bin", "event_type": "file_modified", "event_id": "93961f00-9ce9-4bc1-af7a-3ab3e128ee7a", "event": "detector.change_detected", "level": "info", "timestamp": "2026-10-03T13:13:07.981199Z"}
Oct 03 10:13:07 fim-host fim-agent[73116]: {"event_id": "93961f00-9ce9-4bc1-af7a-3ab3e128ee7a", "event": "publisher.event_acked", "level": "info", "timestamp": "2026-10-03T13:13:07.982978Z"}
Oct 03 10:13:12 fim-host fim-agent[73116]: {"event_id": "287a9491-5dbd-43f2-984a-a12b966d6cee", "path": "/srv/fim-watch/mmap_D_mmap_close_retardo_050ms_010.bin", "action": "alert_only", "action_failed": false, "event": "decision.evaluated", "level": "info", "timestamp": "2026-10-03T13:13:12.761678Z"}
Oct 03 10:13:12 fim-host fim-agent[73116]: {"event_id": "287a9491-5dbd-43f2-984a-a12b966d6cee", "deferred": false, "event": "publisher.event_published", "level": "info", "timestamp": "2026-10-03T13:13:12.774941Z"}
Oct 03 10:13:12 fim-host fim-agent[73116]: {"path": "/srv/fim-watch/mmap_D_mmap_close_retardo_050ms_010.bin", "event_type": "file_modified", "event_id": "287a9491-5dbd-43f2-984a-a12b966d6cee", "event": "detector.change_detected", "level": "info", "timestamp": "2026-10-03T13:13:12.780671Z"}
Oct 03 10:13:12 fim-host fim-agent[73116]: {"event_id": "287a9491-5dbd-43f2-984a-a12b966d6cee", "event": "publisher.event_acked", "level": "info", "timestamp": "2026-10-03T13:13:12.786609Z"}
Oct 03 10:13:12 fim-host fim-agent[73116]: {"event_id": "43025388-5f3b-4a3a-a16b-440bb233a934", "path": "/srv/fim-watch/mmap_D_mmap_close_retardo_100ms_005.bin", "action": "alert_only", "action_failed": false, "event": "decision.evaluated", "level": "info", "timestamp": "2026-10-03T13:13:12.978925Z"}
Oct 03 10:13:12 fim-host fim-agent[73116]: {"event_id": "43025388-5f3b-4a3a-a16b-440bb233a934", "deferred": false, "event": "publisher.event_published", "level": "info", "timestamp": "2026-10-03T13:13:12.992631Z"}
Oct 03 10:13:12 fim-host fim-agent[73116]: {"path": "/srv/fim-watch/mmap_D_mmap_close_retardo_100ms_005.bin", "event_type": "file_modified", "event_id": "43025388-5f3b-4a3a-a16b-440bb233a934", "event": "detector.change_detected", "level": "info", "timestamp": "2026-10-03T13:13:12.996584Z"}
Oct 03 10:13:13 fim-host fim-agent[73116]: {"event_id": "43025388-5f3b-4a3a-a16b-440bb233a934", "event": "publisher.event_acked", "level": "info", "timestamp": "2026-10-03T13:13:13.000256Z"}
Oct 03 10:13:17 fim-host fim-agent[73116]: {"event_id": "2bf14b64-8578-47d7-bb5e-ba02acc669cb", "path": "/srv/fim-watch/mmap_D_mmap_close_retardo_100ms_001.bin", "action": "alert_only", "action_failed": false, "event": "decision.evaluated", "level": "info", "timestamp": "2026-10-03T13:13:17.772915Z"}
Oct 03 10:13:17 fim-host fim-agent[73116]: {"event_id": "2bf14b64-8578-47d7-bb5e-ba02acc669cb", "deferred": false, "event": "publisher.event_published", "level": "info", "timestamp": "2026-10-03T13:13:17.784941Z"}
Oct 03 10:13:17 fim-host fim-agent[73116]: {"path": "/srv/fim-watch/mmap_D_mmap_close_retardo_100ms_001.bin", "event_type": "file_modified", "event_id": "2bf14b64-8578-47d7-bb5e-ba02acc669cb", "event": "detector.change_detected", "level": "info", "timestamp": "2026-10-03T13:13:17.792784Z"}
Oct 03 10:13:17 fim-host fim-agent[73116]: {"event_id": "2bf14b64-8578-47d7-bb5e-ba02acc669cb", "event": "publisher.event_acked", "level": "info", "timestamp": "2026-10-03T13:13:17.794287Z"}
Oct 03 10:13:18 fim-host fim-agent[73116]: {"event_id": "a82ab116-44eb-4087-9339-e05e791db75e", "path": "/srv/fim-watch/mmap_D_mmap_close_retardo_100ms_005.bin", "action": "alert_only", "action_failed": false, "event": "decision.evaluated", "level": "info", "timestamp": "2026-10-03T13:13:18.090251Z"}
Oct 03 10:13:18 fim-host fim-agent[73116]: {"event_id": "a82ab116-44eb-4087-9339-e05e791db75e", "deferred": false, "event": "publisher.event_published", "level": "info", "timestamp": "2026-10-03T13:13:18.103925Z"}
Oct 03 10:13:18 fim-host fim-agent[73116]: {"path": "/srv/fim-watch/mmap_D_mmap_close_retardo_100ms_005.bin", "event_type": "file_modified", "event_id": "a82ab116-44eb-4087-9339-e05e791db75e", "event": "detector.change_detected", "level": "info", "timestamp": "2026-10-03T13:13:18.109678Z"}
Oct 03 10:13:18 fim-host fim-agent[73116]: {"event_id": "a82ab116-44eb-4087-9339-e05e791db75e", "event": "publisher.event_acked", "level": "info", "timestamp": "2026-10-03T13:13:18.114338Z"}
Oct 03 10:13:22 fim-host fim-agent[73116]: {"event_id": "03f98619-9f21-47a4-91c0-9ecfbe60785f", "path": "/srv/fim-watch/mmap_D_mmap_close_retardo_100ms_001.bin", "action": "alert_only", "action_failed": false, "event": "decision.evaluated", "level": "info", "timestamp": "2026-10-03T13:13:22.873869Z"}
Oct 03 10:13:22 fim-host fim-agent[73116]: {"event_id": "03f98619-9f21-47a4-91c0-9ecfbe60785f", "deferred": false, "event": "publisher.event_published", "level": "info", "timestamp": "2026-10-03T13:13:22.887029Z"}
Oct 03 10:13:22 fim-host fim-agent[73116]: {"path": "/srv/fim-watch/mmap_D_mmap_close_retardo_100ms_001.bin", "event_type": "file_modified", "event_id": "03f98619-9f21-47a4-91c0-9ecfbe60785f", "event": "detector.change_detected", "level": "info", "timestamp": "2026-10-03T13:13:22.892642Z"}
Oct 03 10:13:22 fim-host fim-agent[73116]: {"event_id": "03f98619-9f21-47a4-91c0-9ecfbe60785f", "event": "publisher.event_acked", "level": "info", "timestamp": "2026-10-03T13:13:22.900260Z"}
Oct 03 10:13:23 fim-host fim-agent[73116]: {"event_id": "49f8ace4-a4e2-4af9-9a7d-07f0d3d2c1d5", "path": "/srv/fim-watch/mmap_D_mmap_close_retardo_100ms_006.bin", "action": "alert_only", "action_failed": false, "event": "decision.evaluated", "level": "info", "timestamp": "2026-10-03T13:13:23.089285Z"}
Oct 03 10:13:23 fim-host fim-agent[73116]: {"event_id": "49f8ace4-a4e2-4af9-9a7d-07f0d3d2c1d5", "deferred": false, "event": "publisher.event_published", "level": "info", "timestamp": "2026-10-03T13:13:23.101859Z"}
Oct 03 10:13:23 fim-host fim-agent[73116]: {"path": "/srv/fim-watch/mmap_D_mmap_close_retardo_100ms_006.bin", "event_type": "file_modified", "event_id": "49f8ace4-a4e2-4af9-9a7d-07f0d3d2c1d5", "event": "detector.change_detected", "level": "info", "timestamp": "2026-10-03T13:13:23.107104Z"}
Oct 03 10:13:23 fim-host fim-agent[73116]: {"event_id": "49f8ace4-a4e2-4af9-9a7d-07f0d3d2c1d5", "event": "publisher.event_acked", "level": "info", "timestamp": "2026-10-03T13:13:23.111247Z"}
Oct 03 10:13:27 fim-host fim-agent[73116]: {"event_id": "d6ae6d0e-ac0c-483e-bf0b-938498fea14e", "path": "/srv/fim-watch/mmap_D_mmap_close_retardo_100ms_002.bin", "action": "alert_only", "action_failed": false, "event": "decision.evaluated", "level": "info", "timestamp": "2026-10-03T13:13:27.884044Z"}
Oct 03 10:13:27 fim-host fim-agent[73116]: {"event_id": "d6ae6d0e-ac0c-483e-bf0b-938498fea14e", "deferred": false, "event": "publisher.event_published", "level": "info", "timestamp": "2026-10-03T13:13:27.898683Z"}
Oct 03 10:13:27 fim-host fim-agent[73116]: {"path": "/srv/fim-watch/mmap_D_mmap_close_retardo_100ms_002.bin", "event_type": "file_modified", "event_id": "d6ae6d0e-ac0c-483e-bf0b-938498fea14e", "event": "detector.change_detected", "level": "info", "timestamp": "2026-10-03T13:13:27.904209Z"}
Oct 03 10:13:27 fim-host fim-agent[73116]: {"event_id": "d6ae6d0e-ac0c-483e-bf0b-938498fea14e", "event": "publisher.event_acked", "level": "info", "timestamp": "2026-10-03T13:13:27.911037Z"}
Oct 03 10:13:28 fim-host fim-agent[73116]: {"event_id": "5f4d7e85-2bcf-4288-995e-8f875ce9e655", "path": "/srv/fim-watch/mmap_D_mmap_close_retardo_100ms_006.bin", "action": "alert_only", "action_failed": false, "event": "decision.evaluated", "level": "info", "timestamp": "2026-10-03T13:13:28.202433Z"}
Oct 03 10:13:28 fim-host fim-agent[73116]: {"event_id": "5f4d7e85-2bcf-4288-995e-8f875ce9e655", "deferred": false, "event": "publisher.event_published", "level": "info", "timestamp": "2026-10-03T13:13:28.215802Z"}
Oct 03 10:13:28 fim-host fim-agent[73116]: {"path": "/srv/fim-watch/mmap_D_mmap_close_retardo_100ms_006.bin", "event_type": "file_modified", "event_id": "5f4d7e85-2bcf-4288-995e-8f875ce9e655", "event": "detector.change_detected", "level": "info", "timestamp": "2026-10-03T13:13:28.220963Z"}
Oct 03 10:13:28 fim-host fim-agent[73116]: {"event_id": "5f4d7e85-2bcf-4288-995e-8f875ce9e655", "event": "publisher.event_acked", "level": "info", "timestamp": "2026-10-03T13:13:28.224991Z"}
Oct 03 10:13:32 fim-host fim-agent[73116]: {"event_id": "5a58aaf1-f25f-48e9-bc1c-48f1f8c5182e", "path": "/srv/fim-watch/mmap_D_mmap_close_retardo_100ms_002.bin", "action": "alert_only", "action_failed": false, "event": "decision.evaluated", "level": "info", "timestamp": "2026-10-03T13:13:32.987449Z"}
Oct 03 10:13:32 fim-host fim-agent[73116]: {"event_id": "5a58aaf1-f25f-48e9-bc1c-48f1f8c5182e", "deferred": false, "event": "publisher.event_published", "level": "info", "timestamp": "2026-10-03T13:13:32.999778Z"}
Oct 03 10:13:33 fim-host fim-agent[73116]: {"path": "/srv/fim-watch/mmap_D_mmap_close_retardo_100ms_002.bin", "event_type": "file_modified", "event_id": "5a58aaf1-f25f-48e9-bc1c-48f1f8c5182e", "event": "detector.change_detected", "level": "info", "timestamp": "2026-10-03T13:13:33.005062Z"}
Oct 03 10:13:33 fim-host fim-agent[73116]: {"event_id": "5a58aaf1-f25f-48e9-bc1c-48f1f8c5182e", "event": "publisher.event_acked", "level": "info", "timestamp": "2026-10-03T13:13:33.011507Z"}
Oct 03 10:13:33 fim-host fim-agent[73116]: {"event_id": "37614451-6178-4bf6-8fd9-5cc6d97ad282", "path": "/srv/fim-watch/mmap_D_mmap_close_retardo_100ms_007.bin", "action": "alert_only", "action_failed": false, "event": "decision.evaluated", "level": "info", "timestamp": "2026-10-03T13:13:33.202223Z"}
Oct 03 10:13:33 fim-host fim-agent[73116]: {"event_id": "37614451-6178-4bf6-8fd9-5cc6d97ad282", "deferred": false, "event": "publisher.event_published", "level": "info", "timestamp": "2026-10-03T13:13:33.215681Z"}
Oct 03 10:13:33 fim-host fim-agent[73116]: {"path": "/srv/fim-watch/mmap_D_mmap_close_retardo_100ms_007.bin", "event_type": "file_modified", "event_id": "37614451-6178-4bf6-8fd9-5cc6d97ad282", "event": "detector.change_detected", "level": "info", "timestamp": "2026-10-03T13:13:33.222587Z"}
Oct 03 10:13:33 fim-host fim-agent[73116]: {"event_id": "37614451-6178-4bf6-8fd9-5cc6d97ad282", "event": "publisher.event_acked", "level": "info", "timestamp": "2026-10-03T13:13:33.225130Z"}
Oct 03 10:13:37 fim-host fim-agent[73116]: {"event_id": "d95a81df-fd8b-423e-bcb2-694042e9ad3e", "path": "/srv/fim-watch/mmap_D_mmap_close_retardo_100ms_003.bin", "action": "alert_only", "action_failed": false, "event": "decision.evaluated", "level": "info", "timestamp": "2026-10-03T13:13:37.988642Z"}
Oct 03 10:13:38 fim-host fim-agent[73116]: {"event_id": "d95a81df-fd8b-423e-bcb2-694042e9ad3e", "deferred": false, "event": "publisher.event_published", "level": "info", "timestamp": "2026-10-03T13:13:38.002388Z"}
Oct 03 10:13:38 fim-host fim-agent[73116]: {"path": "/srv/fim-watch/mmap_D_mmap_close_retardo_100ms_003.bin", "event_type": "file_modified", "event_id": "d95a81df-fd8b-423e-bcb2-694042e9ad3e", "event": "detector.change_detected", "level": "info", "timestamp": "2026-10-03T13:13:38.007321Z"}
Oct 03 10:13:38 fim-host fim-agent[73116]: {"event_id": "d95a81df-fd8b-423e-bcb2-694042e9ad3e", "event": "publisher.event_acked", "level": "info", "timestamp": "2026-10-03T13:13:38.011405Z"}
Oct 03 10:13:38 fim-host fim-agent[73116]: {"event_id": "f8bad6be-6e2a-4b37-bcb7-7dd12e260cee", "path": "/srv/fim-watch/mmap_D_mmap_close_retardo_100ms_007.bin", "action": "alert_only", "action_failed": false, "event": "decision.evaluated", "level": "info", "timestamp": "2026-10-03T13:13:38.316101Z"}
Oct 03 10:13:38 fim-host fim-agent[73116]: {"event_id": "f8bad6be-6e2a-4b37-bcb7-7dd12e260cee", "deferred": false, "event": "publisher.event_published", "level": "info", "timestamp": "2026-10-03T13:13:38.327930Z"}
Oct 03 10:13:38 fim-host fim-agent[73116]: {"path": "/srv/fim-watch/mmap_D_mmap_close_retardo_100ms_007.bin", "event_type": "file_modified", "event_id": "f8bad6be-6e2a-4b37-bcb7-7dd12e260cee", "event": "detector.change_detected", "level": "info", "timestamp": "2026-10-03T13:13:38.333295Z"}
Oct 03 10:13:38 fim-host fim-agent[73116]: {"event_id": "f8bad6be-6e2a-4b37-bcb7-7dd12e260cee", "event": "publisher.event_acked", "level": "info", "timestamp": "2026-10-03T13:13:38.337701Z"}
Oct 03 10:13:43 fim-host fim-agent[73116]: {"event_id": "36fbc9d3-bdf9-4a92-ba98-a1b022ae0da3", "path": "/srv/fim-watch/mmap_D_mmap_close_retardo_100ms_003.bin", "action": "alert_only", "action_failed": false, "event": "decision.evaluated", "level": "info", "timestamp": "2026-10-03T13:13:43.101446Z"}
Oct 03 10:13:43 fim-host fim-agent[73116]: {"event_id": "36fbc9d3-bdf9-4a92-ba98-a1b022ae0da3", "deferred": false, "event": "publisher.event_published", "level": "info", "timestamp": "2026-10-03T13:13:43.113905Z"}
Oct 03 10:13:43 fim-host fim-agent[73116]: {"path": "/srv/fim-watch/mmap_D_mmap_close_retardo_100ms_003.bin", "event_type": "file_modified", "event_id": "36fbc9d3-bdf9-4a92-ba98-a1b022ae0da3", "event": "detector.change_detected", "level": "info", "timestamp": "2026-10-03T13:13:43.127098Z"}
Oct 03 10:13:43 fim-host fim-agent[73116]: {"event_id": "36fbc9d3-bdf9-4a92-ba98-a1b022ae0da3", "event": "publisher.event_acked", "level": "info", "timestamp": "2026-10-03T13:13:43.130634Z"}
Oct 03 10:13:43 fim-host fim-agent[73116]: {"event_id": "0aa10f34-f6e9-4781-818c-2c406ef2ec48", "path": "/srv/fim-watch/mmap_D_mmap_close_retardo_100ms_008.bin", "action": "alert_only", "action_failed": false, "event": "decision.evaluated", "level": "info", "timestamp": "2026-10-03T13:13:43.316968Z"}
Oct 03 10:13:43 fim-host fim-agent[73116]: {"event_id": "0aa10f34-f6e9-4781-818c-2c406ef2ec48", "deferred": false, "event": "publisher.event_published", "level": "info", "timestamp": "2026-10-03T13:13:43.331925Z"}
Oct 03 10:13:43 fim-host fim-agent[73116]: {"path": "/srv/fim-watch/mmap_D_mmap_close_retardo_100ms_008.bin", "event_type": "file_modified", "event_id": "0aa10f34-f6e9-4781-818c-2c406ef2ec48", "event": "detector.change_detected", "level": "info", "timestamp": "2026-10-03T13:13:43.337433Z"}
Oct 03 10:13:43 fim-host fim-agent[73116]: {"event_id": "0aa10f34-f6e9-4781-818c-2c406ef2ec48", "event": "publisher.event_acked", "level": "info", "timestamp": "2026-10-03T13:13:43.341569Z"}
Oct 03 10:13:48 fim-host fim-agent[73116]: {"event_id": "4876f06c-ade1-4c14-913f-af11731a65e5", "path": "/srv/fim-watch/mmap_D_mmap_close_retardo_100ms_004.bin", "action": "alert_only", "action_failed": false, "event": "decision.evaluated", "level": "info", "timestamp": "2026-10-03T13:13:48.111336Z"}
Oct 03 10:13:48 fim-host fim-agent[73116]: {"event_id": "4876f06c-ade1-4c14-913f-af11731a65e5", "deferred": false, "event": "publisher.event_published", "level": "info", "timestamp": "2026-10-03T13:13:48.124650Z"}
Oct 03 10:13:48 fim-host fim-agent[73116]: {"path": "/srv/fim-watch/mmap_D_mmap_close_retardo_100ms_004.bin", "event_type": "file_modified", "event_id": "4876f06c-ade1-4c14-913f-af11731a65e5", "event": "detector.change_detected", "level": "info", "timestamp": "2026-10-03T13:13:48.130885Z"}
Oct 03 10:13:48 fim-host fim-agent[73116]: {"event_id": "4876f06c-ade1-4c14-913f-af11731a65e5", "event": "publisher.event_acked", "level": "info", "timestamp": "2026-10-03T13:13:48.139717Z"}
Oct 03 10:13:48 fim-host fim-agent[73116]: {"event_id": "741702ed-ad3c-4c39-8e60-f338674197ad", "path": "/srv/fim-watch/mmap_D_mmap_close_retardo_100ms_008.bin", "action": "alert_only", "action_failed": false, "event": "decision.evaluated", "level": "info", "timestamp": "2026-10-03T13:13:48.423905Z"}
Oct 03 10:13:48 fim-host fim-agent[73116]: {"event_id": "741702ed-ad3c-4c39-8e60-f338674197ad", "deferred": false, "event": "publisher.event_published", "level": "info", "timestamp": "2026-10-03T13:13:48.436961Z"}
Oct 03 10:13:48 fim-host fim-agent[73116]: {"path": "/srv/fim-watch/mmap_D_mmap_close_retardo_100ms_008.bin", "event_type": "file_modified", "event_id": "741702ed-ad3c-4c39-8e60-f338674197ad", "event": "detector.change_detected", "level": "info", "timestamp": "2026-10-03T13:13:48.442921Z"}
Oct 03 10:13:48 fim-host fim-agent[73116]: {"event_id": "741702ed-ad3c-4c39-8e60-f338674197ad", "event": "publisher.event_acked", "level": "info", "timestamp": "2026-10-03T13:13:48.445724Z"}
Oct 03 10:13:53 fim-host fim-agent[73116]: {"event_id": "12e524b3-5d6e-498e-bc03-b05fb3b82b88", "path": "/srv/fim-watch/mmap_D_mmap_close_retardo_100ms_004.bin", "action": "alert_only", "action_failed": false, "event": "decision.evaluated", "level": "info", "timestamp": "2026-10-03T13:13:53.208546Z"}
Oct 03 10:13:53 fim-host fim-agent[73116]: {"event_id": "12e524b3-5d6e-498e-bc03-b05fb3b82b88", "deferred": false, "event": "publisher.event_published", "level": "info", "timestamp": "2026-10-03T13:13:53.219123Z"}
Oct 03 10:13:53 fim-host fim-agent[73116]: {"path": "/srv/fim-watch/mmap_D_mmap_close_retardo_100ms_004.bin", "event_type": "file_modified", "event_id": "12e524b3-5d6e-498e-bc03-b05fb3b82b88", "event": "detector.change_detected", "level": "info", "timestamp": "2026-10-03T13:13:53.223553Z"}
Oct 03 10:13:53 fim-host fim-agent[73116]: {"event_id": "12e524b3-5d6e-498e-bc03-b05fb3b82b88", "event": "publisher.event_acked", "level": "info", "timestamp": "2026-10-03T13:13:53.228596Z"}
Oct 03 10:13:53 fim-host fim-agent[73116]: {"event_id": "c7e01cbb-ead1-471d-95b8-59509c34674a", "path": "/srv/fim-watch/mmap_D_mmap_close_retardo_100ms_009.bin", "action": "alert_only", "action_failed": false, "event": "decision.evaluated", "level": "info", "timestamp": "2026-10-03T13:13:53.424506Z"}
Oct 03 10:13:53 fim-host fim-agent[73116]: {"event_id": "c7e01cbb-ead1-471d-95b8-59509c34674a", "deferred": false, "event": "publisher.event_published", "level": "info", "timestamp": "2026-10-03T13:13:53.437730Z"}
Oct 03 10:13:53 fim-host fim-agent[73116]: {"path": "/srv/fim-watch/mmap_D_mmap_close_retardo_100ms_009.bin", "event_type": "file_modified", "event_id": "c7e01cbb-ead1-471d-95b8-59509c34674a", "event": "detector.change_detected", "level": "info", "timestamp": "2026-10-03T13:13:53.443534Z"}
Oct 03 10:13:53 fim-host fim-agent[73116]: {"event_id": "c7e01cbb-ead1-471d-95b8-59509c34674a", "event": "publisher.event_acked", "level": "info", "timestamp": "2026-10-03T13:13:53.447384Z"}
Oct 03 10:13:58 fim-host fim-agent[73116]: {"event_id": "61fa01dd-ba63-4bb2-97c1-25bbabf5965b", "path": "/srv/fim-watch/mmap_D_mmap_close_retardo_100ms_005.bin", "action": "alert_only", "action_failed": false, "event": "decision.evaluated", "level": "info", "timestamp": "2026-10-03T13:13:58.223291Z"}
Oct 03 10:13:58 fim-host fim-agent[73116]: {"event_id": "61fa01dd-ba63-4bb2-97c1-25bbabf5965b", "deferred": false, "event": "publisher.event_published", "level": "info", "timestamp": "2026-10-03T13:13:58.236314Z"}
Oct 03 10:13:58 fim-host fim-agent[73116]: {"path": "/srv/fim-watch/mmap_D_mmap_close_retardo_100ms_005.bin", "event_type": "file_modified", "event_id": "61fa01dd-ba63-4bb2-97c1-25bbabf5965b", "event": "detector.change_detected", "level": "info", "timestamp": "2026-10-03T13:13:58.242107Z"}
Oct 03 10:13:58 fim-host fim-agent[73116]: {"event_id": "61fa01dd-ba63-4bb2-97c1-25bbabf5965b", "event": "publisher.event_acked", "level": "info", "timestamp": "2026-10-03T13:13:58.251496Z"}
Oct 03 10:13:58 fim-host fim-agent[73116]: {"event_id": "1c027bba-c217-4ac8-ba33-f076be46e719", "path": "/srv/fim-watch/mmap_D_mmap_close_retardo_100ms_009.bin", "action": "alert_only", "action_failed": false, "event": "decision.evaluated", "level": "info", "timestamp": "2026-10-03T13:13:58.530914Z"}
Oct 03 10:13:58 fim-host fim-agent[73116]: {"event_id": "1c027bba-c217-4ac8-ba33-f076be46e719", "deferred": false, "event": "publisher.event_published", "level": "info", "timestamp": "2026-10-03T13:13:58.543263Z"}
Oct 03 10:13:58 fim-host fim-agent[73116]: {"path": "/srv/fim-watch/mmap_D_mmap_close_retardo_100ms_009.bin", "event_type": "file_modified", "event_id": "1c027bba-c217-4ac8-ba33-f076be46e719", "event": "detector.change_detected", "level": "info", "timestamp": "2026-10-03T13:13:58.549332Z"}
Oct 03 10:13:58 fim-host fim-agent[73116]: {"event_id": "1c027bba-c217-4ac8-ba33-f076be46e719", "event": "publisher.event_acked", "level": "info", "timestamp": "2026-10-03T13:13:58.553229Z"}
Oct 03 10:14:03 fim-host fim-agent[73116]: {"event_id": "32d5582b-a5f2-44ac-8b17-7d73decb6ade", "path": "/srv/fim-watch/mmap_D_mmap_close_retardo_100ms_005.bin", "action": "alert_only", "action_failed": false, "event": "decision.evaluated", "level": "info", "timestamp": "2026-10-03T13:14:03.324035Z"}
Oct 03 10:14:03 fim-host fim-agent[73116]: {"event_id": "32d5582b-a5f2-44ac-8b17-7d73decb6ade", "deferred": false, "event": "publisher.event_published", "level": "info", "timestamp": "2026-10-03T13:14:03.331470Z"}
Oct 03 10:14:03 fim-host fim-agent[73116]: {"path": "/srv/fim-watch/mmap_D_mmap_close_retardo_100ms_005.bin", "event_type": "file_modified", "event_id": "32d5582b-a5f2-44ac-8b17-7d73decb6ade", "event": "detector.change_detected", "level": "info", "timestamp": "2026-10-03T13:14:03.335551Z"}
Oct 03 10:14:03 fim-host fim-agent[73116]: {"event_id": "32d5582b-a5f2-44ac-8b17-7d73decb6ade", "event": "publisher.event_acked", "level": "info", "timestamp": "2026-10-03T13:14:03.342938Z"}
Oct 03 10:14:03 fim-host fim-agent[73116]: {"event_id": "7a4a8ad7-2e3b-4222-b824-c188c4f04cad", "path": "/srv/fim-watch/mmap_D_mmap_close_retardo_100ms_010.bin", "action": "alert_only", "action_failed": false, "event": "decision.evaluated", "level": "info", "timestamp": "2026-10-03T13:14:03.531159Z"}
Oct 03 10:14:03 fim-host fim-agent[73116]: {"event_id": "7a4a8ad7-2e3b-4222-b824-c188c4f04cad", "deferred": false, "event": "publisher.event_published", "level": "info", "timestamp": "2026-10-03T13:14:03.544951Z"}
Oct 03 10:14:03 fim-host fim-agent[73116]: {"path": "/srv/fim-watch/mmap_D_mmap_close_retardo_100ms_010.bin", "event_type": "file_modified", "event_id": "7a4a8ad7-2e3b-4222-b824-c188c4f04cad", "event": "detector.change_detected", "level": "info", "timestamp": "2026-10-03T13:14:03.551365Z"}
Oct 03 10:14:03 fim-host fim-agent[73116]: {"event_id": "7a4a8ad7-2e3b-4222-b824-c188c4f04cad", "event": "publisher.event_acked", "level": "info", "timestamp": "2026-10-03T13:14:03.553840Z"}
Oct 03 10:14:08 fim-host fim-agent[73116]: {"event_id": "53c63774-1ea8-48ef-bf2f-16e6c8cfe274", "path": "/srv/fim-watch/mmap_D_mmap_close_retardo_100ms_006.bin", "action": "alert_only", "action_failed": false, "event": "decision.evaluated", "level": "info", "timestamp": "2026-10-03T13:14:08.334879Z"}
Oct 03 10:14:08 fim-host fim-agent[73116]: {"event_id": "53c63774-1ea8-48ef-bf2f-16e6c8cfe274", "deferred": false, "event": "publisher.event_published", "level": "info", "timestamp": "2026-10-03T13:14:08.346326Z"}
Oct 03 10:14:08 fim-host fim-agent[73116]: {"path": "/srv/fim-watch/mmap_D_mmap_close_retardo_100ms_006.bin", "event_type": "file_modified", "event_id": "53c63774-1ea8-48ef-bf2f-16e6c8cfe274", "event": "detector.change_detected", "level": "info", "timestamp": "2026-10-03T13:14:08.349687Z"}
Oct 03 10:14:08 fim-host fim-agent[73116]: {"event_id": "53c63774-1ea8-48ef-bf2f-16e6c8cfe274", "event": "publisher.event_acked", "level": "info", "timestamp": "2026-10-03T13:14:08.356646Z"}
Oct 03 10:14:08 fim-host fim-agent[73116]: {"event_id": "8a33fa5d-055b-46b7-9318-bf76ce164e2a", "path": "/srv/fim-watch/mmap_D_mmap_close_retardo_100ms_010.bin", "action": "alert_only", "action_failed": false, "event": "decision.evaluated", "level": "info", "timestamp": "2026-10-03T13:14:08.644943Z"}
Oct 03 10:14:08 fim-host fim-agent[73116]: {"event_id": "8a33fa5d-055b-46b7-9318-bf76ce164e2a", "deferred": false, "event": "publisher.event_published", "level": "info", "timestamp": "2026-10-03T13:14:08.656070Z"}
Oct 03 10:14:08 fim-host fim-agent[73116]: {"path": "/srv/fim-watch/mmap_D_mmap_close_retardo_100ms_010.bin", "event_type": "file_modified", "event_id": "8a33fa5d-055b-46b7-9318-bf76ce164e2a", "event": "detector.change_detected", "level": "info", "timestamp": "2026-10-03T13:14:08.662649Z"}
Oct 03 10:14:08 fim-host fim-agent[73116]: {"event_id": "8a33fa5d-055b-46b7-9318-bf76ce164e2a", "event": "publisher.event_acked", "level": "info", "timestamp": "2026-10-03T13:14:08.666874Z"}
Oct 03 10:14:13 fim-host fim-agent[73116]: {"event_id": "9c63075a-bd96-43e7-811c-a67c663a2947", "path": "/srv/fim-watch/mmap_D_mmap_close_retardo_100ms_006.bin", "action": "alert_only", "action_failed": false, "event": "decision.evaluated", "level": "info", "timestamp": "2026-10-03T13:14:13.439907Z"}
Oct 03 10:14:13 fim-host fim-agent[73116]: {"event_id": "9c63075a-bd96-43e7-811c-a67c663a2947", "deferred": false, "event": "publisher.event_published", "level": "info", "timestamp": "2026-10-03T13:14:13.452676Z"}
Oct 03 10:14:13 fim-host fim-agent[73116]: {"path": "/srv/fim-watch/mmap_D_mmap_close_retardo_100ms_006.bin", "event_type": "file_modified", "event_id": "9c63075a-bd96-43e7-811c-a67c663a2947", "event": "detector.change_detected", "level": "info", "timestamp": "2026-10-03T13:14:13.457479Z"}
Oct 03 10:14:13 fim-host fim-agent[73116]: {"event_id": "9c63075a-bd96-43e7-811c-a67c663a2947", "event": "publisher.event_acked", "level": "info", "timestamp": "2026-10-03T13:14:13.465306Z"}
Oct 03 10:14:13 fim-host fim-agent[73116]: {"event_id": "3415a93a-2473-4ac6-8c55-5d7de6bb280f", "path": "/srv/fim-watch/mmap_D_mmap_close_retardo_500ms_001.bin", "action": "alert_only", "action_failed": false, "event": "decision.evaluated", "level": "info", "timestamp": "2026-10-03T13:14:13.646358Z"}
Oct 03 10:14:13 fim-host fim-agent[73116]: {"event_id": "3415a93a-2473-4ac6-8c55-5d7de6bb280f", "deferred": false, "event": "publisher.event_published", "level": "info", "timestamp": "2026-10-03T13:14:13.659465Z"}
Oct 03 10:14:13 fim-host fim-agent[73116]: {"path": "/srv/fim-watch/mmap_D_mmap_close_retardo_500ms_001.bin", "event_type": "file_modified", "event_id": "3415a93a-2473-4ac6-8c55-5d7de6bb280f", "event": "detector.change_detected", "level": "info", "timestamp": "2026-10-03T13:14:13.664240Z"}
Oct 03 10:14:13 fim-host fim-agent[73116]: {"event_id": "3415a93a-2473-4ac6-8c55-5d7de6bb280f", "event": "publisher.event_acked", "level": "info", "timestamp": "2026-10-03T13:14:13.666620Z"}
Oct 03 10:14:18 fim-host fim-agent[73116]: {"event_id": "2d3da407-d3d3-47f5-9653-fd7fbbaf93e3", "path": "/srv/fim-watch/mmap_D_mmap_close_retardo_100ms_007.bin", "action": "alert_only", "action_failed": false, "event": "decision.evaluated", "level": "info", "timestamp": "2026-10-03T13:14:18.450358Z"}
Oct 03 10:14:18 fim-host fim-agent[73116]: {"event_id": "2d3da407-d3d3-47f5-9653-fd7fbbaf93e3", "deferred": false, "event": "publisher.event_published", "level": "info", "timestamp": "2026-10-03T13:14:18.459033Z"}
Oct 03 10:14:18 fim-host fim-agent[73116]: {"path": "/srv/fim-watch/mmap_D_mmap_close_retardo_100ms_007.bin", "event_type": "file_modified", "event_id": "2d3da407-d3d3-47f5-9653-fd7fbbaf93e3", "event": "detector.change_detected", "level": "info", "timestamp": "2026-10-03T13:14:18.465409Z"}
Oct 03 10:14:18 fim-host fim-agent[73116]: {"event_id": "2d3da407-d3d3-47f5-9653-fd7fbbaf93e3", "event": "publisher.event_acked", "level": "info", "timestamp": "2026-10-03T13:14:18.473693Z"}
Oct 03 10:14:19 fim-host fim-agent[73116]: {"event_id": "167ca94d-4962-48a3-9954-cb0c2ca13161", "path": "/srv/fim-watch/mmap_D_mmap_close_retardo_500ms_001.bin", "action": "alert_only", "action_failed": false, "event": "decision.evaluated", "level": "info", "timestamp": "2026-10-03T13:14:19.151814Z"}
Oct 03 10:14:19 fim-host fim-agent[73116]: {"event_id": "167ca94d-4962-48a3-9954-cb0c2ca13161", "deferred": false, "event": "publisher.event_published", "level": "info", "timestamp": "2026-10-03T13:14:19.160518Z"}
Oct 03 10:14:19 fim-host fim-agent[73116]: {"path": "/srv/fim-watch/mmap_D_mmap_close_retardo_500ms_001.bin", "event_type": "file_modified", "event_id": "167ca94d-4962-48a3-9954-cb0c2ca13161", "event": "detector.change_detected", "level": "info", "timestamp": "2026-10-03T13:14:19.166166Z"}
Oct 03 10:14:19 fim-host fim-agent[73116]: {"event_id": "167ca94d-4962-48a3-9954-cb0c2ca13161", "event": "publisher.event_acked", "level": "info", "timestamp": "2026-10-03T13:14:19.170125Z"}
Oct 03 10:14:23 fim-host fim-agent[73116]: {"event_id": "cd71ee30-5016-44b4-9ed2-764c58246362", "path": "/srv/fim-watch/mmap_D_mmap_close_retardo_100ms_007.bin", "action": "alert_only", "action_failed": false, "event": "decision.evaluated", "level": "info", "timestamp": "2026-10-03T13:14:23.553227Z"}
Oct 03 10:14:23 fim-host fim-agent[73116]: {"event_id": "cd71ee30-5016-44b4-9ed2-764c58246362", "deferred": false, "event": "publisher.event_published", "level": "info", "timestamp": "2026-10-03T13:14:23.568293Z"}
Oct 03 10:14:23 fim-host fim-agent[73116]: {"path": "/srv/fim-watch/mmap_D_mmap_close_retardo_100ms_007.bin", "event_type": "file_modified", "event_id": "cd71ee30-5016-44b4-9ed2-764c58246362", "event": "detector.change_detected", "level": "info", "timestamp": "2026-10-03T13:14:23.572932Z"}
Oct 03 10:14:23 fim-host fim-agent[73116]: {"event_id": "cd71ee30-5016-44b4-9ed2-764c58246362", "event": "publisher.event_acked", "level": "info", "timestamp": "2026-10-03T13:14:23.581235Z"}
Oct 03 10:14:24 fim-host fim-agent[73116]: {"event_id": "da0cbd62-1164-4bea-91e3-4b0d34f72a21", "path": "/srv/fim-watch/mmap_D_mmap_close_retardo_500ms_002.bin", "action": "alert_only", "action_failed": false, "event": "decision.evaluated", "level": "info", "timestamp": "2026-10-03T13:14:24.161055Z"}
Oct 03 10:14:24 fim-host fim-agent[73116]: {"event_id": "da0cbd62-1164-4bea-91e3-4b0d34f72a21", "deferred": false, "event": "publisher.event_published", "level": "info", "timestamp": "2026-10-03T13:14:24.167880Z"}
Oct 03 10:14:24 fim-host fim-agent[73116]: {"path": "/srv/fim-watch/mmap_D_mmap_close_retardo_500ms_002.bin", "event_type": "file_modified", "event_id": "da0cbd62-1164-4bea-91e3-4b0d34f72a21", "event": "detector.change_detected", "level": "info", "timestamp": "2026-10-03T13:14:24.170721Z"}
Oct 03 10:14:24 fim-host fim-agent[73116]: {"event_id": "da0cbd62-1164-4bea-91e3-4b0d34f72a21", "event": "publisher.event_acked", "level": "info", "timestamp": "2026-10-03T13:14:24.172495Z"}
Oct 03 10:14:28 fim-host fim-agent[73116]: {"event_id": "c5bac01c-cc5c-4726-a7f9-c2e26a71b9ad", "path": "/srv/fim-watch/mmap_D_mmap_close_retardo_100ms_008.bin", "action": "alert_only", "action_failed": false, "event": "decision.evaluated", "level": "info", "timestamp": "2026-10-03T13:14:28.547626Z"}
Oct 03 10:14:28 fim-host fim-agent[73116]: {"event_id": "c5bac01c-cc5c-4726-a7f9-c2e26a71b9ad", "deferred": false, "event": "publisher.event_published", "level": "info", "timestamp": "2026-10-03T13:14:28.553137Z"}
Oct 03 10:14:28 fim-host fim-agent[73116]: {"path": "/srv/fim-watch/mmap_D_mmap_close_retardo_100ms_008.bin", "event_type": "file_modified", "event_id": "c5bac01c-cc5c-4726-a7f9-c2e26a71b9ad", "event": "detector.change_detected", "level": "info", "timestamp": "2026-10-03T13:14:28.555436Z"}
Oct 03 10:14:28 fim-host fim-agent[73116]: {"event_id": "c5bac01c-cc5c-4726-a7f9-c2e26a71b9ad", "event": "publisher.event_acked", "level": "info", "timestamp": "2026-10-03T13:14:28.559006Z"}
Oct 03 10:14:29 fim-host fim-agent[73116]: {"event_id": "0125c2af-3b22-4d16-a15a-ce54d66b5333", "path": "/srv/fim-watch/mmap_D_mmap_close_retardo_500ms_002.bin", "action": "alert_only", "action_failed": false, "event": "decision.evaluated", "level": "info", "timestamp": "2026-10-03T13:14:29.663633Z"}
Oct 03 10:14:29 fim-host fim-agent[73116]: {"event_id": "0125c2af-3b22-4d16-a15a-ce54d66b5333", "deferred": false, "event": "publisher.event_published", "level": "info", "timestamp": "2026-10-03T13:14:29.676350Z"}
Oct 03 10:14:29 fim-host fim-agent[73116]: {"path": "/srv/fim-watch/mmap_D_mmap_close_retardo_500ms_002.bin", "event_type": "file_modified", "event_id": "0125c2af-3b22-4d16-a15a-ce54d66b5333", "event": "detector.change_detected", "level": "info", "timestamp": "2026-10-03T13:14:29.681342Z"}
Oct 03 10:14:29 fim-host fim-agent[73116]: {"event_id": "0125c2af-3b22-4d16-a15a-ce54d66b5333", "event": "publisher.event_acked", "level": "info", "timestamp": "2026-10-03T13:14:29.689132Z"}
Oct 03 10:14:33 fim-host fim-agent[73116]: {"event_id": "0e7dc99e-b17b-4c55-b21e-28963f6f227f", "path": "/srv/fim-watch/mmap_D_mmap_close_retardo_100ms_008.bin", "action": "alert_only", "action_failed": false, "event": "decision.evaluated", "level": "info", "timestamp": "2026-10-03T13:14:33.663659Z"}
Oct 03 10:14:33 fim-host fim-agent[73116]: {"event_id": "0e7dc99e-b17b-4c55-b21e-28963f6f227f", "deferred": false, "event": "publisher.event_published", "level": "info", "timestamp": "2026-10-03T13:14:33.676273Z"}
Oct 03 10:14:33 fim-host fim-agent[73116]: {"path": "/srv/fim-watch/mmap_D_mmap_close_retardo_100ms_008.bin", "event_type": "file_modified", "event_id": "0e7dc99e-b17b-4c55-b21e-28963f6f227f", "event": "detector.change_detected", "level": "info", "timestamp": "2026-10-03T13:14:33.681244Z"}
Oct 03 10:14:33 fim-host fim-agent[73116]: {"event_id": "0e7dc99e-b17b-4c55-b21e-28963f6f227f", "event": "publisher.event_acked", "level": "info", "timestamp": "2026-10-03T13:14:33.686658Z"}
Oct 03 10:14:34 fim-host fim-agent[73116]: {"event_id": "e8821b51-8276-49a0-b97b-b0517ee79dd4", "path": "/srv/fim-watch/mmap_D_mmap_close_retardo_500ms_003.bin", "action": "alert_only", "action_failed": false, "event": "decision.evaluated", "level": "info", "timestamp": "2026-10-03T13:14:34.666921Z"}
Oct 03 10:14:34 fim-host fim-agent[73116]: {"event_id": "e8821b51-8276-49a0-b97b-b0517ee79dd4", "deferred": false, "event": "publisher.event_published", "level": "info", "timestamp": "2026-10-03T13:14:34.673401Z"}
Oct 03 10:14:34 fim-host fim-agent[73116]: {"path": "/srv/fim-watch/mmap_D_mmap_close_retardo_500ms_003.bin", "event_type": "file_modified", "event_id": "e8821b51-8276-49a0-b97b-b0517ee79dd4", "event": "detector.change_detected", "level": "info", "timestamp": "2026-10-03T13:14:34.676563Z"}
Oct 03 10:14:34 fim-host fim-agent[73116]: {"event_id": "e8821b51-8276-49a0-b97b-b0517ee79dd4", "event": "publisher.event_acked", "level": "info", "timestamp": "2026-10-03T13:14:34.679344Z"}
Oct 03 10:14:38 fim-host fim-agent[73116]: {"event_id": "63e7b23a-b7c2-4116-85c8-710c38557fa4", "path": "/srv/fim-watch/mmap_D_mmap_close_retardo_100ms_009.bin", "action": "alert_only", "action_failed": false, "event": "decision.evaluated", "level": "info", "timestamp": "2026-10-03T13:14:38.671928Z"}
Oct 03 10:14:38 fim-host fim-agent[73116]: {"event_id": "63e7b23a-b7c2-4116-85c8-710c38557fa4", "deferred": false, "event": "publisher.event_published", "level": "info", "timestamp": "2026-10-03T13:14:38.685229Z"}
Oct 03 10:14:38 fim-host fim-agent[73116]: {"path": "/srv/fim-watch/mmap_D_mmap_close_retardo_100ms_009.bin", "event_type": "file_modified", "event_id": "63e7b23a-b7c2-4116-85c8-710c38557fa4", "event": "detector.change_detected", "level": "info", "timestamp": "2026-10-03T13:14:38.690517Z"}
Oct 03 10:14:38 fim-host fim-agent[73116]: {"event_id": "63e7b23a-b7c2-4116-85c8-710c38557fa4", "event": "publisher.event_acked", "level": "info", "timestamp": "2026-10-03T13:14:38.697563Z"}
Oct 03 10:14:40 fim-host fim-agent[73116]: {"event_id": "d066956a-1a1d-4e76-b641-f608e0cc4a38", "path": "/srv/fim-watch/mmap_D_mmap_close_retardo_500ms_003.bin", "action": "alert_only", "action_failed": false, "event": "decision.evaluated", "level": "info", "timestamp": "2026-10-03T13:14:40.173100Z"}
Oct 03 10:14:40 fim-host fim-agent[73116]: {"event_id": "d066956a-1a1d-4e76-b641-f608e0cc4a38", "deferred": false, "event": "publisher.event_published", "level": "info", "timestamp": "2026-10-03T13:14:40.184493Z"}
Oct 03 10:14:40 fim-host fim-agent[73116]: {"path": "/srv/fim-watch/mmap_D_mmap_close_retardo_500ms_003.bin", "event_type": "file_modified", "event_id": "d066956a-1a1d-4e76-b641-f608e0cc4a38", "event": "detector.change_detected", "level": "info", "timestamp": "2026-10-03T13:14:40.189790Z"}
Oct 03 10:14:40 fim-host fim-agent[73116]: {"event_id": "d066956a-1a1d-4e76-b641-f608e0cc4a38", "event": "publisher.event_acked", "level": "info", "timestamp": "2026-10-03T13:14:40.192807Z"}
Oct 03 10:14:43 fim-host fim-agent[73116]: {"event_id": "4c7cd17a-1cc0-49ee-baf1-474393d71875", "path": "/srv/fim-watch/mmap_D_mmap_close_retardo_100ms_009.bin", "action": "alert_only", "action_failed": false, "event": "decision.evaluated", "level": "info", "timestamp": "2026-10-03T13:14:43.779141Z"}
Oct 03 10:14:43 fim-host fim-agent[73116]: {"event_id": "4c7cd17a-1cc0-49ee-baf1-474393d71875", "deferred": false, "event": "publisher.event_published", "level": "info", "timestamp": "2026-10-03T13:14:43.792087Z"}
Oct 03 10:14:43 fim-host fim-agent[73116]: {"path": "/srv/fim-watch/mmap_D_mmap_close_retardo_100ms_009.bin", "event_type": "file_modified", "event_id": "4c7cd17a-1cc0-49ee-baf1-474393d71875", "event": "detector.change_detected", "level": "info", "timestamp": "2026-10-03T13:14:43.797674Z"}
Oct 03 10:14:43 fim-host fim-agent[73116]: {"event_id": "4c7cd17a-1cc0-49ee-baf1-474393d71875", "event": "publisher.event_acked", "level": "info", "timestamp": "2026-10-03T13:14:43.805554Z"}
Oct 03 10:14:45 fim-host fim-agent[73116]: {"event_id": "52f93b05-94cd-45f3-94af-2a5908a6c767", "path": "/srv/fim-watch/mmap_D_mmap_close_retardo_500ms_004.bin", "action": "alert_only", "action_failed": false, "event": "decision.evaluated", "level": "info", "timestamp": "2026-10-03T13:14:45.179764Z"}
Oct 03 10:14:45 fim-host fim-agent[73116]: {"event_id": "52f93b05-94cd-45f3-94af-2a5908a6c767", "deferred": false, "event": "publisher.event_published", "level": "info", "timestamp": "2026-10-03T13:14:45.189697Z"}
Oct 03 10:14:45 fim-host fim-agent[73116]: {"path": "/srv/fim-watch/mmap_D_mmap_close_retardo_500ms_004.bin", "event_type": "file_modified", "event_id": "52f93b05-94cd-45f3-94af-2a5908a6c767", "event": "detector.change_detected", "level": "info", "timestamp": "2026-10-03T13:14:45.193917Z"}
Oct 03 10:14:45 fim-host fim-agent[73116]: {"event_id": "52f93b05-94cd-45f3-94af-2a5908a6c767", "event": "publisher.event_acked", "level": "info", "timestamp": "2026-10-03T13:14:45.195327Z"}
Oct 03 10:14:48 fim-host fim-agent[73116]: {"event_id": "465dcb88-d599-4461-a5ee-a35560da28f2", "path": "/srv/fim-watch/mmap_D_mmap_close_retardo_100ms_010.bin", "action": "alert_only", "action_failed": false, "event": "decision.evaluated", "level": "info", "timestamp": "2026-10-03T13:14:48.789538Z"}
Oct 03 10:14:48 fim-host fim-agent[73116]: {"event_id": "465dcb88-d599-4461-a5ee-a35560da28f2", "deferred": false, "event": "publisher.event_published", "level": "info", "timestamp": "2026-10-03T13:14:48.800935Z"}
Oct 03 10:14:48 fim-host fim-agent[73116]: {"path": "/srv/fim-watch/mmap_D_mmap_close_retardo_100ms_010.bin", "event_type": "file_modified", "event_id": "465dcb88-d599-4461-a5ee-a35560da28f2", "event": "detector.change_detected", "level": "info", "timestamp": "2026-10-03T13:14:48.806001Z"}
Oct 03 10:14:48 fim-host fim-agent[73116]: {"event_id": "465dcb88-d599-4461-a5ee-a35560da28f2", "event": "publisher.event_acked", "level": "info", "timestamp": "2026-10-03T13:14:48.814190Z"}
Oct 03 10:14:50 fim-host fim-agent[73116]: {"event_id": "eccbb9ff-4278-47b1-9ab6-22ace24e4ff5", "path": "/srv/fim-watch/mmap_D_mmap_close_retardo_500ms_004.bin", "action": "alert_only", "action_failed": false, "event": "decision.evaluated", "level": "info", "timestamp": "2026-10-03T13:14:50.689086Z"}
Oct 03 10:14:50 fim-host fim-agent[73116]: {"event_id": "eccbb9ff-4278-47b1-9ab6-22ace24e4ff5", "deferred": false, "event": "publisher.event_published", "level": "info", "timestamp": "2026-10-03T13:14:50.702393Z"}
Oct 03 10:14:50 fim-host fim-agent[73116]: {"path": "/srv/fim-watch/mmap_D_mmap_close_retardo_500ms_004.bin", "event_type": "file_modified", "event_id": "eccbb9ff-4278-47b1-9ab6-22ace24e4ff5", "event": "detector.change_detected", "level": "info", "timestamp": "2026-10-03T13:14:50.708617Z"}
Oct 03 10:14:50 fim-host fim-agent[73116]: {"event_id": "eccbb9ff-4278-47b1-9ab6-22ace24e4ff5", "event": "publisher.event_acked", "level": "info", "timestamp": "2026-10-03T13:14:50.713200Z"}
Oct 03 10:14:53 fim-host fim-agent[73116]: {"event_id": "61406cdb-081a-4bb3-a220-0bc8c12f7db7", "path": "/srv/fim-watch/mmap_D_mmap_close_retardo_100ms_010.bin", "action": "alert_only", "action_failed": false, "event": "decision.evaluated", "level": "info", "timestamp": "2026-10-03T13:14:53.888224Z"}
Oct 03 10:14:53 fim-host fim-agent[73116]: {"event_id": "61406cdb-081a-4bb3-a220-0bc8c12f7db7", "deferred": false, "event": "publisher.event_published", "level": "info", "timestamp": "2026-10-03T13:14:53.898050Z"}
Oct 03 10:14:53 fim-host fim-agent[73116]: {"path": "/srv/fim-watch/mmap_D_mmap_close_retardo_100ms_010.bin", "event_type": "file_modified", "event_id": "61406cdb-081a-4bb3-a220-0bc8c12f7db7", "event": "detector.change_detected", "level": "info", "timestamp": "2026-10-03T13:14:53.902549Z"}
Oct 03 10:14:53 fim-host fim-agent[73116]: {"event_id": "61406cdb-081a-4bb3-a220-0bc8c12f7db7", "event": "publisher.event_acked", "level": "info", "timestamp": "2026-10-03T13:14:53.913023Z"}
Oct 03 10:14:55 fim-host fim-agent[73116]: {"event_id": "554f9156-ae0b-4c61-9499-3eaabb365335", "path": "/srv/fim-watch/mmap_D_mmap_close_retardo_500ms_005.bin", "action": "alert_only", "action_failed": false, "event": "decision.evaluated", "level": "info", "timestamp": "2026-10-03T13:14:55.697559Z"}
Oct 03 10:14:55 fim-host fim-agent[73116]: {"event_id": "554f9156-ae0b-4c61-9499-3eaabb365335", "deferred": false, "event": "publisher.event_published", "level": "info", "timestamp": "2026-10-03T13:14:55.709629Z"}
Oct 03 10:14:55 fim-host fim-agent[73116]: {"path": "/srv/fim-watch/mmap_D_mmap_close_retardo_500ms_005.bin", "event_type": "file_modified", "event_id": "554f9156-ae0b-4c61-9499-3eaabb365335", "event": "detector.change_detected", "level": "info", "timestamp": "2026-10-03T13:14:55.715598Z"}
Oct 03 10:14:55 fim-host fim-agent[73116]: {"event_id": "554f9156-ae0b-4c61-9499-3eaabb365335", "event": "publisher.event_acked", "level": "info", "timestamp": "2026-10-03T13:14:55.719704Z"}
Oct 03 10:14:58 fim-host fim-agent[73116]: {"event_id": "a6ae7e9b-a6dc-4329-96dc-c8de08143c0b", "path": "/srv/fim-watch/mmap_D_mmap_close_retardo_500ms_001.bin", "action": "alert_only", "action_failed": false, "event": "decision.evaluated", "level": "info", "timestamp": "2026-10-03T13:14:58.900289Z"}
Oct 03 10:14:58 fim-host fim-agent[73116]: {"event_id": "a6ae7e9b-a6dc-4329-96dc-c8de08143c0b", "deferred": false, "event": "publisher.event_published", "level": "info", "timestamp": "2026-10-03T13:14:58.912978Z"}
Oct 03 10:14:58 fim-host fim-agent[73116]: {"path": "/srv/fim-watch/mmap_D_mmap_close_retardo_500ms_001.bin", "event_type": "file_modified", "event_id": "a6ae7e9b-a6dc-4329-96dc-c8de08143c0b", "event": "detector.change_detected", "level": "info", "timestamp": "2026-10-03T13:14:58.919023Z"}
Oct 03 10:14:58 fim-host fim-agent[73116]: {"event_id": "a6ae7e9b-a6dc-4329-96dc-c8de08143c0b", "event": "publisher.event_acked", "level": "info", "timestamp": "2026-10-03T13:14:58.926179Z"}
Oct 03 10:15:01 fim-host fim-agent[73116]: {"event_id": "e9e5f6be-8f5c-4ab5-8c2e-9815c9997366", "path": "/srv/fim-watch/mmap_D_mmap_close_retardo_500ms_005.bin", "action": "alert_only", "action_failed": false, "event": "decision.evaluated", "level": "info", "timestamp": "2026-10-03T13:15:01.201362Z"}
Oct 03 10:15:01 fim-host fim-agent[73116]: {"event_id": "e9e5f6be-8f5c-4ab5-8c2e-9815c9997366", "deferred": false, "event": "publisher.event_published", "level": "info", "timestamp": "2026-10-03T13:15:01.213652Z"}
Oct 03 10:15:01 fim-host fim-agent[73116]: {"path": "/srv/fim-watch/mmap_D_mmap_close_retardo_500ms_005.bin", "event_type": "file_modified", "event_id": "e9e5f6be-8f5c-4ab5-8c2e-9815c9997366", "event": "detector.change_detected", "level": "info", "timestamp": "2026-10-03T13:15:01.217539Z"}
Oct 03 10:15:01 fim-host fim-agent[73116]: {"event_id": "e9e5f6be-8f5c-4ab5-8c2e-9815c9997366", "event": "publisher.event_acked", "level": "info", "timestamp": "2026-10-03T13:15:01.220458Z"}
Oct 03 10:15:04 fim-host fim-agent[73116]: {"event_id": "99e730c7-93db-40e2-af43-2c380a46f324", "path": "/srv/fim-watch/mmap_D_mmap_close_retardo_500ms_001.bin", "action": "alert_only", "action_failed": false, "event": "decision.evaluated", "level": "info", "timestamp": "2026-10-03T13:15:04.398520Z"}
Oct 03 10:15:04 fim-host fim-agent[73116]: {"event_id": "99e730c7-93db-40e2-af43-2c380a46f324", "deferred": false, "event": "publisher.event_published", "level": "info", "timestamp": "2026-10-03T13:15:04.408596Z"}
Oct 03 10:15:04 fim-host fim-agent[73116]: {"path": "/srv/fim-watch/mmap_D_mmap_close_retardo_500ms_001.bin", "event_type": "file_modified", "event_id": "99e730c7-93db-40e2-af43-2c380a46f324", "event": "detector.change_detected", "level": "info", "timestamp": "2026-10-03T13:15:04.412248Z"}
Oct 03 10:15:04 fim-host fim-agent[73116]: {"event_id": "99e730c7-93db-40e2-af43-2c380a46f324", "event": "publisher.event_acked", "level": "info", "timestamp": "2026-10-03T13:15:04.419496Z"}
Oct 03 10:15:06 fim-host fim-agent[73116]: {"event_id": "7d7849b6-e314-4c7d-b6b8-92b30c9c4fbd", "path": "/srv/fim-watch/mmap_D_mmap_close_retardo_500ms_006.bin", "action": "alert_only", "action_failed": false, "event": "decision.evaluated", "level": "info", "timestamp": "2026-10-03T13:15:06.210817Z"}
Oct 03 10:15:06 fim-host fim-agent[73116]: {"event_id": "7d7849b6-e314-4c7d-b6b8-92b30c9c4fbd", "deferred": false, "event": "publisher.event_published", "level": "info", "timestamp": "2026-10-03T13:15:06.223915Z"}
Oct 03 10:15:06 fim-host fim-agent[73116]: {"path": "/srv/fim-watch/mmap_D_mmap_close_retardo_500ms_006.bin", "event_type": "file_modified", "event_id": "7d7849b6-e314-4c7d-b6b8-92b30c9c4fbd", "event": "detector.change_detected", "level": "info", "timestamp": "2026-10-03T13:15:06.229423Z"}
Oct 03 10:15:06 fim-host fim-agent[73116]: {"event_id": "7d7849b6-e314-4c7d-b6b8-92b30c9c4fbd", "event": "publisher.event_acked", "level": "info", "timestamp": "2026-10-03T13:15:06.234606Z"}
Oct 03 10:15:09 fim-host fim-agent[73116]: {"event_id": "026a0ffb-981a-472f-9b60-da671010c9ad", "path": "/srv/fim-watch/mmap_D_mmap_close_retardo_500ms_002.bin", "action": "alert_only", "action_failed": false, "event": "decision.evaluated", "level": "info", "timestamp": "2026-10-03T13:15:09.405825Z"}
Oct 03 10:15:09 fim-host fim-agent[73116]: {"event_id": "026a0ffb-981a-472f-9b60-da671010c9ad", "deferred": false, "event": "publisher.event_published", "level": "info", "timestamp": "2026-10-03T13:15:09.412592Z"}
Oct 03 10:15:09 fim-host fim-agent[73116]: {"path": "/srv/fim-watch/mmap_D_mmap_close_retardo_500ms_002.bin", "event_type": "file_modified", "event_id": "026a0ffb-981a-472f-9b60-da671010c9ad", "event": "detector.change_detected", "level": "info", "timestamp": "2026-10-03T13:15:09.415296Z"}
Oct 03 10:15:09 fim-host fim-agent[73116]: {"event_id": "026a0ffb-981a-472f-9b60-da671010c9ad", "event": "publisher.event_acked", "level": "info", "timestamp": "2026-10-03T13:15:09.419800Z"}
Oct 03 10:15:11 fim-host fim-agent[73116]: {"event_id": "91aa4155-4fb4-4902-83de-04916ddf05f1", "path": "/srv/fim-watch/mmap_D_mmap_close_retardo_500ms_006.bin", "action": "alert_only", "action_failed": false, "event": "decision.evaluated", "level": "info", "timestamp": "2026-10-03T13:15:11.716381Z"}
Oct 03 10:15:11 fim-host fim-agent[73116]: {"event_id": "91aa4155-4fb4-4902-83de-04916ddf05f1", "deferred": false, "event": "publisher.event_published", "level": "info", "timestamp": "2026-10-03T13:15:11.729585Z"}
Oct 03 10:15:11 fim-host fim-agent[73116]: {"path": "/srv/fim-watch/mmap_D_mmap_close_retardo_500ms_006.bin", "event_type": "file_modified", "event_id": "91aa4155-4fb4-4902-83de-04916ddf05f1", "event": "detector.change_detected", "level": "info", "timestamp": "2026-10-03T13:15:11.735205Z"}
Oct 03 10:15:11 fim-host fim-agent[73116]: {"event_id": "91aa4155-4fb4-4902-83de-04916ddf05f1", "event": "publisher.event_acked", "level": "info", "timestamp": "2026-10-03T13:15:11.740948Z"}
Oct 03 10:15:14 fim-host fim-agent[73116]: {"event_id": "c0df7dba-d554-4cc5-843e-607969b31865", "path": "/srv/fim-watch/mmap_D_mmap_close_retardo_500ms_002.bin", "action": "alert_only", "action_failed": false, "event": "decision.evaluated", "level": "info", "timestamp": "2026-10-03T13:15:14.912686Z"}
Oct 03 10:15:14 fim-host fim-agent[73116]: {"event_id": "c0df7dba-d554-4cc5-843e-607969b31865", "deferred": false, "event": "publisher.event_published", "level": "info", "timestamp": "2026-10-03T13:15:14.919770Z"}
Oct 03 10:15:14 fim-host fim-agent[73116]: {"path": "/srv/fim-watch/mmap_D_mmap_close_retardo_500ms_002.bin", "event_type": "file_modified", "event_id": "c0df7dba-d554-4cc5-843e-607969b31865", "event": "detector.change_detected", "level": "info", "timestamp": "2026-10-03T13:15:14.922580Z"}
Oct 03 10:15:14 fim-host fim-agent[73116]: {"event_id": "c0df7dba-d554-4cc5-843e-607969b31865", "event": "publisher.event_acked", "level": "info", "timestamp": "2026-10-03T13:15:14.927171Z"}
Oct 03 10:15:16 fim-host fim-agent[73116]: {"event_id": "614151db-ca2e-435a-9916-718979fcb442", "path": "/srv/fim-watch/mmap_D_mmap_close_retardo_500ms_007.bin", "action": "alert_only", "action_failed": false, "event": "decision.evaluated", "level": "info", "timestamp": "2026-10-03T13:15:16.713200Z"}
Oct 03 10:15:16 fim-host fim-agent[73116]: {"event_id": "614151db-ca2e-435a-9916-718979fcb442", "deferred": false, "event": "publisher.event_published", "level": "info", "timestamp": "2026-10-03T13:15:16.719447Z"}
Oct 03 10:15:16 fim-host fim-agent[73116]: {"path": "/srv/fim-watch/mmap_D_mmap_close_retardo_500ms_007.bin", "event_type": "file_modified", "event_id": "614151db-ca2e-435a-9916-718979fcb442", "event": "detector.change_detected", "level": "info", "timestamp": "2026-10-03T13:15:16.722598Z"}
Oct 03 10:15:16 fim-host fim-agent[73116]: {"event_id": "614151db-ca2e-435a-9916-718979fcb442", "event": "publisher.event_acked", "level": "info", "timestamp": "2026-10-03T13:15:16.725187Z"}
Oct 03 10:15:19 fim-host fim-agent[73116]: {"event_id": "fb3b3665-bfce-4833-ba04-e96b494dc8cf", "path": "/srv/fim-watch/mmap_D_mmap_close_retardo_500ms_003.bin", "action": "alert_only", "action_failed": false, "event": "decision.evaluated", "level": "info", "timestamp": "2026-10-03T13:15:19.922237Z"}
Oct 03 10:15:19 fim-host fim-agent[73116]: {"event_id": "fb3b3665-bfce-4833-ba04-e96b494dc8cf", "deferred": false, "event": "publisher.event_published", "level": "info", "timestamp": "2026-10-03T13:15:19.929635Z"}
Oct 03 10:15:19 fim-host fim-agent[73116]: {"path": "/srv/fim-watch/mmap_D_mmap_close_retardo_500ms_003.bin", "event_type": "file_modified", "event_id": "fb3b3665-bfce-4833-ba04-e96b494dc8cf", "event": "detector.change_detected", "level": "info", "timestamp": "2026-10-03T13:15:19.933393Z"}
Oct 03 10:15:19 fim-host fim-agent[73116]: {"event_id": "fb3b3665-bfce-4833-ba04-e96b494dc8cf", "event": "publisher.event_acked", "level": "info", "timestamp": "2026-10-03T13:15:19.941061Z"}
Oct 03 10:15:22 fim-host fim-agent[73116]: {"event_id": "3d7dbbd5-4ae2-4470-8346-228cf107a41d", "path": "/srv/fim-watch/mmap_D_mmap_close_retardo_500ms_007.bin", "action": "alert_only", "action_failed": false, "event": "decision.evaluated", "level": "info", "timestamp": "2026-10-03T13:15:22.229401Z"}
Oct 03 10:15:22 fim-host fim-agent[73116]: {"event_id": "3d7dbbd5-4ae2-4470-8346-228cf107a41d", "deferred": false, "event": "publisher.event_published", "level": "info", "timestamp": "2026-10-03T13:15:22.243196Z"}
Oct 03 10:15:22 fim-host fim-agent[73116]: {"path": "/srv/fim-watch/mmap_D_mmap_close_retardo_500ms_007.bin", "event_type": "file_modified", "event_id": "3d7dbbd5-4ae2-4470-8346-228cf107a41d", "event": "detector.change_detected", "level": "info", "timestamp": "2026-10-03T13:15:22.248705Z"}
Oct 03 10:15:22 fim-host fim-agent[73116]: {"event_id": "3d7dbbd5-4ae2-4470-8346-228cf107a41d", "event": "publisher.event_acked", "level": "info", "timestamp": "2026-10-03T13:15:22.253644Z"}
Oct 03 10:15:25 fim-host fim-agent[73116]: {"event_id": "0a1dfe89-be11-42b8-9905-d3dd61c74e75", "path": "/srv/fim-watch/mmap_D_mmap_close_retardo_500ms_003.bin", "action": "alert_only", "action_failed": false, "event": "decision.evaluated", "level": "info", "timestamp": "2026-10-03T13:15:25.426988Z"}
Oct 03 10:15:25 fim-host fim-agent[73116]: {"event_id": "0a1dfe89-be11-42b8-9905-d3dd61c74e75", "deferred": false, "event": "publisher.event_published", "level": "info", "timestamp": "2026-10-03T13:15:25.440561Z"}
Oct 03 10:15:25 fim-host fim-agent[73116]: {"path": "/srv/fim-watch/mmap_D_mmap_close_retardo_500ms_003.bin", "event_type": "file_modified", "event_id": "0a1dfe89-be11-42b8-9905-d3dd61c74e75", "event": "detector.change_detected", "level": "info", "timestamp": "2026-10-03T13:15:25.446719Z"}
Oct 03 10:15:25 fim-host fim-agent[73116]: {"event_id": "0a1dfe89-be11-42b8-9905-d3dd61c74e75", "event": "publisher.event_acked", "level": "info", "timestamp": "2026-10-03T13:15:25.456510Z"}
Oct 03 10:15:27 fim-host fim-agent[73116]: {"event_id": "8af1ecbb-f49e-40c9-850e-e4336c781758", "path": "/srv/fim-watch/mmap_D_mmap_close_retardo_500ms_008.bin", "action": "alert_only", "action_failed": false, "event": "decision.evaluated", "level": "info", "timestamp": "2026-10-03T13:15:27.234280Z"}
Oct 03 10:15:27 fim-host fim-agent[73116]: {"event_id": "8af1ecbb-f49e-40c9-850e-e4336c781758", "deferred": false, "event": "publisher.event_published", "level": "info", "timestamp": "2026-10-03T13:15:27.253213Z"}
Oct 03 10:15:27 fim-host fim-agent[73116]: {"path": "/srv/fim-watch/mmap_D_mmap_close_retardo_500ms_008.bin", "event_type": "file_created", "event_id": "8af1ecbb-f49e-40c9-850e-e4336c781758", "event": "detector.change_detected", "level": "info", "timestamp": "2026-10-03T13:15:27.258409Z"}
Oct 03 10:15:27 fim-host fim-agent[73116]: {"event_id": "8af1ecbb-f49e-40c9-850e-e4336c781758", "event": "publisher.event_acked", "level": "info", "timestamp": "2026-10-03T13:15:27.264783Z"}
Oct 03 10:15:30 fim-host fim-agent[73116]: {"event_id": "311d6eea-4696-4649-b103-8955669d0b63", "path": "/srv/fim-watch/mmap_D_mmap_close_retardo_500ms_004.bin", "action": "alert_only", "action_failed": false, "event": "decision.evaluated", "level": "info", "timestamp": "2026-10-03T13:15:30.434594Z"}
Oct 03 10:15:30 fim-host fim-agent[73116]: {"event_id": "311d6eea-4696-4649-b103-8955669d0b63", "deferred": false, "event": "publisher.event_published", "level": "info", "timestamp": "2026-10-03T13:15:30.447145Z"}
Oct 03 10:15:30 fim-host fim-agent[73116]: {"path": "/srv/fim-watch/mmap_D_mmap_close_retardo_500ms_004.bin", "event_type": "file_modified", "event_id": "311d6eea-4696-4649-b103-8955669d0b63", "event": "detector.change_detected", "level": "info", "timestamp": "2026-10-03T13:15:30.453400Z"}
Oct 03 10:15:30 fim-host fim-agent[73116]: {"event_id": "311d6eea-4696-4649-b103-8955669d0b63", "event": "publisher.event_acked", "level": "info", "timestamp": "2026-10-03T13:15:30.461128Z"}
Oct 03 10:15:32 fim-host fim-agent[73116]: {"event_id": "bb579e83-978e-448f-b0a0-31c397040566", "path": "/srv/fim-watch/mmap_D_mmap_close_retardo_500ms_008.bin", "action": "alert_only", "action_failed": false, "event": "decision.evaluated", "level": "info", "timestamp": "2026-10-03T13:15:32.742835Z"}
Oct 03 10:15:32 fim-host fim-agent[73116]: {"event_id": "bb579e83-978e-448f-b0a0-31c397040566", "deferred": false, "event": "publisher.event_published", "level": "info", "timestamp": "2026-10-03T13:15:32.759065Z"}
Oct 03 10:15:32 fim-host fim-agent[73116]: {"path": "/srv/fim-watch/mmap_D_mmap_close_retardo_500ms_008.bin", "event_type": "file_modified", "event_id": "bb579e83-978e-448f-b0a0-31c397040566", "event": "detector.change_detected", "level": "info", "timestamp": "2026-10-03T13:15:32.764202Z"}
Oct 03 10:15:32 fim-host fim-agent[73116]: {"event_id": "bb579e83-978e-448f-b0a0-31c397040566", "event": "publisher.event_acked", "level": "info", "timestamp": "2026-10-03T13:15:32.770072Z"}
Oct 03 10:15:35 fim-host fim-agent[73116]: {"event_id": "c30daf99-2fb9-43d4-bc59-a2381cccec45", "path": "/srv/fim-watch/mmap_D_mmap_close_retardo_500ms_004.bin", "action": "alert_only", "action_failed": false, "event": "decision.evaluated", "level": "info", "timestamp": "2026-10-03T13:15:35.932053Z"}
Oct 03 10:15:35 fim-host fim-agent[73116]: {"event_id": "c30daf99-2fb9-43d4-bc59-a2381cccec45", "deferred": false, "event": "publisher.event_published", "level": "info", "timestamp": "2026-10-03T13:15:35.938408Z"}
Oct 03 10:15:35 fim-host fim-agent[73116]: {"path": "/srv/fim-watch/mmap_D_mmap_close_retardo_500ms_004.bin", "event_type": "file_modified", "event_id": "c30daf99-2fb9-43d4-bc59-a2381cccec45", "event": "detector.change_detected", "level": "info", "timestamp": "2026-10-03T13:15:35.941498Z"}
Oct 03 10:15:35 fim-host fim-agent[73116]: {"event_id": "c30daf99-2fb9-43d4-bc59-a2381cccec45", "event": "publisher.event_acked", "level": "info", "timestamp": "2026-10-03T13:15:35.946052Z"}
Oct 03 10:15:37 fim-host fim-agent[73116]: {"event_id": "0c220367-4852-4aaa-bf07-9b52d7953c72", "path": "/srv/fim-watch/mmap_D_mmap_close_retardo_500ms_009.bin", "action": "alert_only", "action_failed": false, "event": "decision.evaluated", "level": "info", "timestamp": "2026-10-03T13:15:37.749036Z"}
Oct 03 10:15:37 fim-host fim-agent[73116]: {"event_id": "0c220367-4852-4aaa-bf07-9b52d7953c72", "deferred": false, "event": "publisher.event_published", "level": "info", "timestamp": "2026-10-03T13:15:37.756873Z"}
Oct 03 10:15:37 fim-host fim-agent[73116]: {"path": "/srv/fim-watch/mmap_D_mmap_close_retardo_500ms_009.bin", "event_type": "file_modified", "event_id": "0c220367-4852-4aaa-bf07-9b52d7953c72", "event": "detector.change_detected", "level": "info", "timestamp": "2026-10-03T13:15:37.760619Z"}
Oct 03 10:15:37 fim-host fim-agent[73116]: {"event_id": "0c220367-4852-4aaa-bf07-9b52d7953c72", "event": "publisher.event_acked", "level": "info", "timestamp": "2026-10-03T13:15:37.761773Z"}
Oct 03 10:15:40 fim-host fim-agent[73116]: {"event_id": "723efb83-b13d-4c47-a21f-62861b0074c2", "path": "/srv/fim-watch/mmap_D_mmap_close_retardo_500ms_005.bin", "action": "alert_only", "action_failed": false, "event": "decision.evaluated", "level": "info", "timestamp": "2026-10-03T13:15:40.949048Z"}
Oct 03 10:15:40 fim-host fim-agent[73116]: {"event_id": "723efb83-b13d-4c47-a21f-62861b0074c2", "deferred": false, "event": "publisher.event_published", "level": "info", "timestamp": "2026-10-03T13:15:40.959320Z"}
Oct 03 10:15:40 fim-host fim-agent[73116]: {"path": "/srv/fim-watch/mmap_D_mmap_close_retardo_500ms_005.bin", "event_type": "file_modified", "event_id": "723efb83-b13d-4c47-a21f-62861b0074c2", "event": "detector.change_detected", "level": "info", "timestamp": "2026-10-03T13:15:40.964256Z"}
Oct 03 10:15:40 fim-host fim-agent[73116]: {"event_id": "723efb83-b13d-4c47-a21f-62861b0074c2", "event": "publisher.event_acked", "level": "info", "timestamp": "2026-10-03T13:15:40.972438Z"}
Oct 03 10:15:43 fim-host fim-agent[73116]: {"event_id": "3f2ea167-e0db-4678-b891-36eb4862c9ad", "path": "/srv/fim-watch/mmap_D_mmap_close_retardo_500ms_009.bin", "action": "alert_only", "action_failed": false, "event": "decision.evaluated", "level": "info", "timestamp": "2026-10-03T13:15:43.244227Z"}
Oct 03 10:15:43 fim-host fim-agent[73116]: {"event_id": "3f2ea167-e0db-4678-b891-36eb4862c9ad", "deferred": false, "event": "publisher.event_published", "level": "info", "timestamp": "2026-10-03T13:15:43.255542Z"}
Oct 03 10:15:43 fim-host fim-agent[73116]: {"path": "/srv/fim-watch/mmap_D_mmap_close_retardo_500ms_009.bin", "event_type": "file_modified", "event_id": "3f2ea167-e0db-4678-b891-36eb4862c9ad", "event": "detector.change_detected", "level": "info", "timestamp": "2026-10-03T13:15:43.259027Z"}
Oct 03 10:15:43 fim-host fim-agent[73116]: {"event_id": "3f2ea167-e0db-4678-b891-36eb4862c9ad", "event": "publisher.event_acked", "level": "info", "timestamp": "2026-10-03T13:15:43.265635Z"}
Oct 03 10:15:46 fim-host fim-agent[73116]: {"event_id": "ecb42b51-0208-49a3-96e1-3c3338f5687e", "path": "/srv/fim-watch/mmap_D_mmap_close_retardo_500ms_005.bin", "action": "alert_only", "action_failed": false, "event": "decision.evaluated", "level": "info", "timestamp": "2026-10-03T13:15:46.449489Z"}
Oct 03 10:15:46 fim-host fim-agent[73116]: {"event_id": "ecb42b51-0208-49a3-96e1-3c3338f5687e", "deferred": false, "event": "publisher.event_published", "level": "info", "timestamp": "2026-10-03T13:15:46.460706Z"}
Oct 03 10:15:46 fim-host fim-agent[73116]: {"path": "/srv/fim-watch/mmap_D_mmap_close_retardo_500ms_005.bin", "event_type": "file_modified", "event_id": "ecb42b51-0208-49a3-96e1-3c3338f5687e", "event": "detector.change_detected", "level": "info", "timestamp": "2026-10-03T13:15:46.465120Z"}
Oct 03 10:15:46 fim-host fim-agent[73116]: {"event_id": "ecb42b51-0208-49a3-96e1-3c3338f5687e", "event": "publisher.event_acked", "level": "info", "timestamp": "2026-10-03T13:15:46.473796Z"}
Oct 03 10:15:48 fim-host fim-agent[73116]: {"event_id": "68356322-afe3-4aa8-934f-933a5d94ac8c", "path": "/srv/fim-watch/mmap_D_mmap_close_retardo_500ms_010.bin", "action": "alert_only", "action_failed": false, "event": "decision.evaluated", "level": "info", "timestamp": "2026-10-03T13:15:48.243606Z"}
Oct 03 10:15:48 fim-host fim-agent[73116]: {"event_id": "68356322-afe3-4aa8-934f-933a5d94ac8c", "deferred": false, "event": "publisher.event_published", "level": "info", "timestamp": "2026-10-03T13:15:48.251418Z"}
Oct 03 10:15:48 fim-host fim-agent[73116]: {"path": "/srv/fim-watch/mmap_D_mmap_close_retardo_500ms_010.bin", "event_type": "file_modified", "event_id": "68356322-afe3-4aa8-934f-933a5d94ac8c", "event": "detector.change_detected", "level": "info", "timestamp": "2026-10-03T13:15:48.254306Z"}
Oct 03 10:15:48 fim-host fim-agent[73116]: {"event_id": "68356322-afe3-4aa8-934f-933a5d94ac8c", "event": "publisher.event_acked", "level": "info", "timestamp": "2026-10-03T13:15:48.259417Z"}
Oct 03 10:15:51 fim-host fim-agent[73116]: {"event_id": "c2571eca-2815-482a-89bc-c72b3c9d9131", "path": "/srv/fim-watch/mmap_D_mmap_close_retardo_500ms_006.bin", "action": "alert_only", "action_failed": false, "event": "decision.evaluated", "level": "info", "timestamp": "2026-10-03T13:15:51.525030Z"}
Oct 03 10:15:51 fim-host fim-agent[73116]: {"event_id": "c2571eca-2815-482a-89bc-c72b3c9d9131", "deferred": false, "event": "publisher.event_published", "level": "info", "timestamp": "2026-10-03T13:15:51.537302Z"}
Oct 03 10:15:51 fim-host fim-agent[73116]: {"path": "/srv/fim-watch/mmap_D_mmap_close_retardo_500ms_006.bin", "event_type": "file_modified", "event_id": "c2571eca-2815-482a-89bc-c72b3c9d9131", "event": "detector.change_detected", "level": "info", "timestamp": "2026-10-03T13:15:51.542372Z"}
Oct 03 10:15:51 fim-host fim-agent[73116]: {"event_id": "c2571eca-2815-482a-89bc-c72b3c9d9131", "event": "publisher.event_acked", "level": "info", "timestamp": "2026-10-03T13:15:51.550837Z"}
Oct 03 10:15:53 fim-host fim-agent[73116]: {"event_id": "655e00c4-508d-4693-a7f9-86af601ac1ae", "path": "/srv/fim-watch/mmap_D_mmap_close_retardo_500ms_010.bin", "action": "alert_only", "action_failed": false, "event": "decision.evaluated", "level": "info", "timestamp": "2026-10-03T13:15:53.759354Z"}
Oct 03 10:15:53 fim-host fim-agent[73116]: {"event_id": "655e00c4-508d-4693-a7f9-86af601ac1ae", "deferred": false, "event": "publisher.event_published", "level": "info", "timestamp": "2026-10-03T13:15:53.771897Z"}
Oct 03 10:15:53 fim-host fim-agent[73116]: {"path": "/srv/fim-watch/mmap_D_mmap_close_retardo_500ms_010.bin", "event_type": "file_modified", "event_id": "655e00c4-508d-4693-a7f9-86af601ac1ae", "event": "detector.change_detected", "level": "info", "timestamp": "2026-10-03T13:15:53.777212Z"}
Oct 03 10:15:53 fim-host fim-agent[73116]: {"event_id": "655e00c4-508d-4693-a7f9-86af601ac1ae", "event": "publisher.event_acked", "level": "info", "timestamp": "2026-10-03T13:15:53.781341Z"}
Oct 03 10:15:56 fim-host fim-agent[73116]: {"event_id": "2e4e6142-c012-45c0-b295-c389fe82eb4d", "path": "/srv/fim-watch/mmap_D_mmap_close_retardo_500ms_006.bin", "action": "alert_only", "action_failed": false, "event": "decision.evaluated", "level": "info", "timestamp": "2026-10-03T13:15:56.962802Z"}
Oct 03 10:15:56 fim-host fim-agent[73116]: {"event_id": "2e4e6142-c012-45c0-b295-c389fe82eb4d", "deferred": false, "event": "publisher.event_published", "level": "info", "timestamp": "2026-10-03T13:15:56.973141Z"}
Oct 03 10:15:56 fim-host fim-agent[73116]: {"path": "/srv/fim-watch/mmap_D_mmap_close_retardo_500ms_006.bin", "event_type": "file_modified", "event_id": "2e4e6142-c012-45c0-b295-c389fe82eb4d", "event": "detector.change_detected", "level": "info", "timestamp": "2026-10-03T13:15:56.977097Z"}
Oct 03 10:15:56 fim-host fim-agent[73116]: {"event_id": "2e4e6142-c012-45c0-b295-c389fe82eb4d", "event": "publisher.event_acked", "level": "info", "timestamp": "2026-10-03T13:15:56.987031Z"}
Oct 03 10:16:01 fim-host fim-agent[73116]: {"event_id": "10a32dcb-5a69-4896-af80-d168dcdc580e", "path": "/srv/fim-watch/mmap_D_mmap_close_retardo_500ms_007.bin", "action": "alert_only", "action_failed": false, "event": "decision.evaluated", "level": "info", "timestamp": "2026-10-03T13:16:01.977593Z"}
Oct 03 10:16:01 fim-host fim-agent[73116]: {"event_id": "10a32dcb-5a69-4896-af80-d168dcdc580e", "deferred": false, "event": "publisher.event_published", "level": "info", "timestamp": "2026-10-03T13:16:01.989795Z"}
Oct 03 10:16:01 fim-host fim-agent[73116]: {"path": "/srv/fim-watch/mmap_D_mmap_close_retardo_500ms_007.bin", "event_type": "file_modified", "event_id": "10a32dcb-5a69-4896-af80-d168dcdc580e", "event": "detector.change_detected", "level": "info", "timestamp": "2026-10-03T13:16:01.994855Z"}
Oct 03 10:16:02 fim-host fim-agent[73116]: {"event_id": "10a32dcb-5a69-4896-af80-d168dcdc580e", "event": "publisher.event_acked", "level": "info", "timestamp": "2026-10-03T13:16:02.002858Z"}
