[2026-09-17T23:39:52.269131524Z] === Battery 5 — label=nominal rate_limit=100/60s ===
[2026-09-17T23:39:52.279718316Z] candidate=7a906c202e417aec5f03d9a7545e216a724aca81 tree=1d5848c435a6a3a06725e9bceb57e586977e9c9a tag=v1.0-tesis
[2026-09-17T23:39:52.836750908Z] initial: events=0 queue+discarded=0 0 valkey_6380=1
[2026-09-17T23:39:52.843913913Z] --- phase 1: stop the backend (5-minute outage) ---
[2026-09-17T23:39:53.985860293Z] backend stopped; valkey_6380=1
[2026-09-17T23:39:53.992112263Z] --- phase 2: generate 3000 changes at 10/s over 300 s ---
========================================================================
generador_carga.py — arranque 2026-09-17T23:39:54.360999+00:00
========================================================================
  generador                    = scripts/generador_carga.py
  seed                         = 20260917
  rate_eventos_por_segundo     = 10.0
  count                        = 3000
  mix                          = {'creacion': 0.2, 'modificacion': 0.7, 'borrado': 0.1}
  revert_frac                  = 0.2
  burst_frac                   = 0.2
  burst_size                   = 5
  ephemeral_frac               = 0.2
  critical_subdir              = critico
  critical_frac                = 0.2
  file_size_bytes              = 64
  prefix                       = gen
  dir_host                     = /srv/fim-watch
  agent_prefix                 = /srv/fim-watch
  intervalo_s                  = 0.1
  duracion_estimada_s          = 299.90000000000003
  manifiesto                   = /srv/evidencia/bateria5_nominal_manifiesto.json
  log                          = /srv/evidencia/bateria5_nominal_generador.log
  dry_run                      = False
  python                       = 3.13.15
  host                         = fim-host
  plan.creaciones              = 600
  plan.modificaciones          = 2100
  plan.borrados                = 300
  plan.grupos_efimeros         = 60
  plan.pares_revertidos        = 210
  plan.rafagas                 = 84
  plan.tamano_rafaga           = 5
  plan.operaciones_planificadas = 3000
  plan.archivos_distintos      = 600
========================================================================
inicio_utc = 2026-09-17T23:39:54.365727+00:00
 [00001/3000] create simple     /srv/fim-watch/gen_00001.txt ts=2026-09-17T23:39:54.365932+00:00
 [00002/3000] modify simple     /srv/fim-watch/gen_00001.txt ts=2026-09-17T23:39:54.466456+00:00
 [00003/3000] modify revertido  /srv/fim-watch/gen_00001.txt ts=2026-09-17T23:39:54.567133+00:00
 [00004/3000] modify revertido  /srv/fim-watch/gen_00001.txt ts=2026-09-17T23:39:54.666431+00:00
 [00005/3000] modify simple     /srv/fim-watch/gen_00001.txt ts=2026-09-17T23:39:54.766464+00:00
 [00006/3000] create simple     /srv/fim-watch/gen_00002.txt ts=2026-09-17T23:39:54.866288+00:00
 [00007/3000] create simple     /srv/fim-watch/critico/gen_00003.txt ts=2026-09-17T23:39:54.966293+00:00
 [00008/3000] delete simple     /srv/fim-watch/gen_00001.txt ts=2026-09-17T23:39:55.066556+00:00
 [00009/3000] create simple     /srv/fim-watch/gen_00004.txt ts=2026-09-17T23:39:55.166141+00:00
 [00010/3000] modify simple     /srv/fim-watch/critico/gen_00003.txt ts=2026-09-17T23:39:55.266312+00:00
 [00011/3000] modify simple     /srv/fim-watch/critico/gen_00003.txt ts=2026-09-17T23:39:55.366998+00:00
 [00012/3000] modify simple     /srv/fim-watch/gen_00004.txt ts=2026-09-17T23:39:55.466108+00:00
 [00013/3000] modify simple     /srv/fim-watch/gen_00002.txt ts=2026-09-17T23:39:55.566716+00:00
 [00014/3000] modify simple     /srv/fim-watch/critico/gen_00003.txt ts=2026-09-17T23:39:55.666469+00:00
 [00015/3000] create simple     /srv/fim-watch/gen_00005.txt ts=2026-09-17T23:39:55.766244+00:00
 [00016/3000] delete simple     /srv/fim-watch/gen_00005.txt ts=2026-09-17T23:39:55.866122+00:00
 [00017/3000] create simple     /srv/fim-watch/gen_00006.txt ts=2026-09-17T23:39:55.966207+00:00
 [00018/3000] create simple     /srv/fim-watch/gen_00007.txt ts=2026-09-17T23:39:56.066553+00:00
 [00019/3000] modify simple     /srv/fim-watch/gen_00004.txt ts=2026-09-17T23:39:56.166449+00:00
 [00020/3000] modify revertido  /srv/fim-watch/critico/gen_00003.txt ts=2026-09-17T23:39:56.266705+00:00
 [00021/3000] modify revertido  /srv/fim-watch/critico/gen_00003.txt ts=2026-09-17T23:39:56.367103+00:00
 [00022/3000] modify simple     /srv/fim-watch/critico/gen_00003.txt ts=2026-09-17T23:39:56.466446+00:00
 [00023/3000] modify simple     /srv/fim-watch/gen_00006.txt ts=2026-09-17T23:39:56.566603+00:00
 [00024/3000] delete simple     /srv/fim-watch/critico/gen_00003.txt ts=2026-09-17T23:39:56.666313+00:00
 [00025/3000] modify simple     /srv/fim-watch/gen_00006.txt ts=2026-09-17T23:39:56.766402+00:00
 [00026/3000] create simple     /srv/fim-watch/gen_00008.txt ts=2026-09-17T23:39:56.866254+00:00
 [00027/3000] modify simple     /srv/fim-watch/gen_00007.txt ts=2026-09-17T23:39:56.966187+00:00
 [00028/3000] modify simple     /srv/fim-watch/gen_00007.txt ts=2026-09-17T23:39:57.066604+00:00
 [00029/3000] modify simple     /srv/fim-watch/gen_00002.txt ts=2026-09-17T23:39:57.166219+00:00
 [00030/3000] create efimero    /srv/fim-watch/gen_00009.txt ts=2026-09-17T23:39:57.266580+00:00
 [00031/3000] delete efimero    /srv/fim-watch/gen_00009.txt ts=2026-09-17T23:39:57.366241+00:00
 [00032/3000] modify simple     /srv/fim-watch/gen_00006.txt ts=2026-09-17T23:39:57.466507+00:00
 [00033/3000] modify simple     /srv/fim-watch/gen_00007.txt ts=2026-09-17T23:39:57.566649+00:00
 [00034/3000] delete simple     /srv/fim-watch/gen_00002.txt ts=2026-09-17T23:39:57.666299+00:00
 [00035/3000] create simple     /srv/fim-watch/gen_00010.txt ts=2026-09-17T23:39:57.766306+00:00
 [00036/3000] modify simple     /srv/fim-watch/gen_00010.txt ts=2026-09-17T23:39:57.866900+00:00
 [00037/3000] modify colapsado  /srv/fim-watch/gen_00004.txt ts=2026-09-17T23:39:57.966450+00:00
 [00038/3000] modify colapsado  /srv/fim-watch/gen_00004.txt ts=2026-09-17T23:39:58.066786+00:00
 [00039/3000] modify colapsado  /srv/fim-watch/gen_00004.txt ts=2026-09-17T23:39:58.166472+00:00
 [00040/3000] modify colapsado  /srv/fim-watch/gen_00004.txt ts=2026-09-17T23:39:58.266816+00:00
 [00041/3000] modify colapsado  /srv/fim-watch/gen_00004.txt ts=2026-09-17T23:39:58.366944+00:00
 [00042/3000] modify simple     /srv/fim-watch/gen_00004.txt ts=2026-09-17T23:39:58.466434+00:00
 [00043/3000] modify revertido  /srv/fim-watch/gen_00004.txt ts=2026-09-17T23:39:58.566454+00:00
 [00044/3000] modify revertido  /srv/fim-watch/gen_00004.txt ts=2026-09-17T23:39:58.666402+00:00
 [00045/3000] modify simple     /srv/fim-watch/gen_00004.txt ts=2026-09-17T23:39:58.766637+00:00
 [00046/3000] modify simple     /srv/fim-watch/gen_00004.txt ts=2026-09-17T23:39:58.866636+00:00
 [00047/3000] modify simple     /srv/fim-watch/gen_00004.txt ts=2026-09-17T23:39:58.966637+00:00
 [00048/3000] create simple     /srv/fim-watch/gen_00011.txt ts=2026-09-17T23:39:59.066128+00:00
 [00049/3000] create simple     /srv/fim-watch/gen_00012.txt ts=2026-09-17T23:39:59.166283+00:00
 [00050/3000] modify colapsado  /srv/fim-watch/gen_00007.txt ts=2026-09-17T23:39:59.266672+00:00
 [00051/3000] modify colapsado  /srv/fim-watch/gen_00007.txt ts=2026-09-17T23:39:59.366466+00:00
 [00052/3000] modify colapsado  /srv/fim-watch/gen_00007.txt ts=2026-09-17T23:39:59.466382+00:00
 [00053/3000] modify colapsado  /srv/fim-watch/gen_00007.txt ts=2026-09-17T23:39:59.566444+00:00
 [00054/3000] modify colapsado  /srv/fim-watch/gen_00007.txt ts=2026-09-17T23:39:59.666435+00:00
 [00055/3000] modify simple     /srv/fim-watch/gen_00010.txt ts=2026-09-17T23:39:59.766634+00:00
 [00056/3000] delete simple     /srv/fim-watch/gen_00007.txt ts=2026-09-17T23:39:59.866677+00:00
 [00057/3000] delete simple     /srv/fim-watch/gen_00012.txt ts=2026-09-17T23:39:59.966268+00:00
 [00058/3000] create simple     /srv/fim-watch/gen_00013.txt ts=2026-09-17T23:40:00.066392+00:00
 [00059/3000] modify revertido  /srv/fim-watch/gen_00013.txt ts=2026-09-17T23:40:00.166441+00:00
 [00060/3000] modify revertido  /srv/fim-watch/gen_00013.txt ts=2026-09-17T23:40:00.266408+00:00
 [00061/3000] modify simple     /srv/fim-watch/gen_00010.txt ts=2026-09-17T23:40:00.366468+00:00
 [00062/3000] modify simple     /srv/fim-watch/gen_00011.txt ts=2026-09-17T23:40:00.466436+00:00
 [00063/3000] create simple     /srv/fim-watch/gen_00014.txt ts=2026-09-17T23:40:00.566279+00:00
 [00064/3000] modify simple     /srv/fim-watch/gen_00011.txt ts=2026-09-17T23:40:00.666399+00:00
 [00065/3000] modify simple     /srv/fim-watch/gen_00006.txt ts=2026-09-17T23:40:00.766655+00:00
 [00066/3000] modify simple     /srv/fim-watch/gen_00008.txt ts=2026-09-17T23:40:00.866568+00:00
 [00067/3000] modify simple     /srv/fim-watch/gen_00011.txt ts=2026-09-17T23:40:00.966485+00:00
 [00068/3000] modify simple     /srv/fim-watch/gen_00011.txt ts=2026-09-17T23:40:01.066437+00:00
 [00069/3000] modify revertido  /srv/fim-watch/gen_00004.txt ts=2026-09-17T23:40:01.166441+00:00
 [00070/3000] modify revertido  /srv/fim-watch/gen_00004.txt ts=2026-09-17T23:40:01.266434+00:00
 [00071/3000] modify simple     /srv/fim-watch/gen_00010.txt ts=2026-09-17T23:40:01.366613+00:00
 [00072/3000] modify simple     /srv/fim-watch/gen_00013.txt ts=2026-09-17T23:40:01.466426+00:00
 [00073/3000] modify simple     /srv/fim-watch/gen_00013.txt ts=2026-09-17T23:40:01.566477+00:00
 [00074/3000] create simple     /srv/fim-watch/gen_00015.txt ts=2026-09-17T23:40:01.666487+00:00
 [00075/3000] create simple     /srv/fim-watch/gen_00016.txt ts=2026-09-17T23:40:01.766535+00:00
 [00076/3000] modify revertido  /srv/fim-watch/gen_00014.txt ts=2026-09-17T23:40:01.866716+00:00
 [00077/3000] modify revertido  /srv/fim-watch/gen_00014.txt ts=2026-09-17T23:40:01.966403+00:00
 [00078/3000] modify simple     /srv/fim-watch/gen_00014.txt ts=2026-09-17T23:40:02.066151+00:00
 [00079/3000] modify simple     /srv/fim-watch/gen_00004.txt ts=2026-09-17T23:40:02.166245+00:00
 [00080/3000] delete simple     /srv/fim-watch/gen_00004.txt ts=2026-09-17T23:40:02.266188+00:00
 [00081/3000] delete simple     /srv/fim-watch/gen_00014.txt ts=2026-09-17T23:40:02.366080+00:00
 [00082/3000] modify simple     /srv/fim-watch/gen_00016.txt ts=2026-09-17T23:40:02.466420+00:00
 [00083/3000] modify simple     /srv/fim-watch/gen_00015.txt ts=2026-09-17T23:40:02.566785+00:00
 [00084/3000] modify simple     /srv/fim-watch/gen_00015.txt ts=2026-09-17T23:40:02.666466+00:00
 [00085/3000] create efimero    /srv/fim-watch/gen_00017.txt ts=2026-09-17T23:40:02.766508+00:00
 [00086/3000] delete efimero    /srv/fim-watch/gen_00017.txt ts=2026-09-17T23:40:02.866277+00:00
 [00087/3000] modify revertido  /srv/fim-watch/gen_00006.txt ts=2026-09-17T23:40:02.966664+00:00
 [00088/3000] modify revertido  /srv/fim-watch/gen_00006.txt ts=2026-09-17T23:40:03.066436+00:00
 [00089/3000] modify simple     /srv/fim-watch/gen_00015.txt ts=2026-09-17T23:40:03.166360+00:00
 [00090/3000] modify revertido  /srv/fim-watch/gen_00016.txt ts=2026-09-17T23:40:03.266460+00:00
 [00091/3000] modify revertido  /srv/fim-watch/gen_00016.txt ts=2026-09-17T23:40:03.366402+00:00
 [00092/3000] create simple     /srv/fim-watch/gen_00018.txt ts=2026-09-17T23:40:03.466526+00:00
 [00093/3000] modify colapsado  /srv/fim-watch/gen_00008.txt ts=2026-09-17T23:40:03.566694+00:00
 [00094/3000] modify colapsado  /srv/fim-watch/gen_00008.txt ts=2026-09-17T23:40:03.666414+00:00
 [00095/3000] modify colapsado  /srv/fim-watch/gen_00008.txt ts=2026-09-17T23:40:03.766377+00:00
 [00096/3000] modify colapsado  /srv/fim-watch/gen_00008.txt ts=2026-09-17T23:40:03.866665+00:00
 [00097/3000] modify colapsado  /srv/fim-watch/gen_00008.txt ts=2026-09-17T23:40:03.966440+00:00
 [00098/3000] modify simple     /srv/fim-watch/gen_00011.txt ts=2026-09-17T23:40:04.066502+00:00
 [00099/3000] modify simple     /srv/fim-watch/gen_00013.txt ts=2026-09-17T23:40:04.166274+00:00
 [00100/3000] modify simple     /srv/fim-watch/gen_00013.txt ts=2026-09-17T23:40:04.266467+00:00
 [00101/3000] modify revertido  /srv/fim-watch/gen_00013.txt ts=2026-09-17T23:40:04.366423+00:00
 [00102/3000] modify revertido  /srv/fim-watch/gen_00013.txt ts=2026-09-17T23:40:04.466567+00:00
 [00103/3000] modify revertido  /srv/fim-watch/gen_00013.txt ts=2026-09-17T23:40:04.566909+00:00
 [00104/3000] modify revertido  /srv/fim-watch/gen_00013.txt ts=2026-09-17T23:40:04.666380+00:00
 [00105/3000] create simple     /srv/fim-watch/gen_00019.txt ts=2026-09-17T23:40:04.766524+00:00
 [00106/3000] delete simple     /srv/fim-watch/gen_00008.txt ts=2026-09-17T23:40:04.866270+00:00
 [00107/3000] create simple     /srv/fim-watch/gen_00020.txt ts=2026-09-17T23:40:04.966291+00:00
 [00108/3000] modify revertido  /srv/fim-watch/gen_00018.txt ts=2026-09-17T23:40:05.066787+00:00
 [00109/3000] modify revertido  /srv/fim-watch/gen_00018.txt ts=2026-09-17T23:40:05.166414+00:00
 [00110/3000] modify simple     /srv/fim-watch/gen_00020.txt ts=2026-09-17T23:40:05.266243+00:00
 [00111/3000] modify simple     /srv/fim-watch/gen_00018.txt ts=2026-09-17T23:40:05.366173+00:00
 [00112/3000] modify simple     /srv/fim-watch/gen_00015.txt ts=2026-09-17T23:40:05.466530+00:00
 [00113/3000] delete simple     /srv/fim-watch/gen_00010.txt ts=2026-09-17T23:40:05.566688+00:00
 [00114/3000] modify simple     /srv/fim-watch/gen_00013.txt ts=2026-09-17T23:40:05.666109+00:00
 [00115/3000] modify simple     /srv/fim-watch/gen_00013.txt ts=2026-09-17T23:40:05.767090+00:00
 [00116/3000] create simple     /srv/fim-watch/gen_00021.txt ts=2026-09-17T23:40:05.866253+00:00
 [00117/3000] modify simple     /srv/fim-watch/gen_00011.txt ts=2026-09-17T23:40:05.966455+00:00
 [00118/3000] modify simple     /srv/fim-watch/gen_00021.txt ts=2026-09-17T23:40:06.066409+00:00
 [00119/3000] delete simple     /srv/fim-watch/gen_00021.txt ts=2026-09-17T23:40:06.166256+00:00
 [00120/3000] create simple     /srv/fim-watch/gen_00022.txt ts=2026-09-17T23:40:06.266529+00:00
 [00121/3000] create simple     /srv/fim-watch/critico/gen_00023.txt ts=2026-09-17T23:40:06.366498+00:00
 [00122/3000] modify colapsado  /srv/fim-watch/gen_00022.txt ts=2026-09-17T23:40:06.466436+00:00
 [00123/3000] modify colapsado  /srv/fim-watch/gen_00022.txt ts=2026-09-17T23:40:06.566839+00:00
 [00124/3000] modify colapsado  /srv/fim-watch/gen_00022.txt ts=2026-09-17T23:40:06.666420+00:00
 [00125/3000] modify colapsado  /srv/fim-watch/gen_00022.txt ts=2026-09-17T23:40:06.766820+00:00
 [00126/3000] modify colapsado  /srv/fim-watch/gen_00022.txt ts=2026-09-17T23:40:06.866422+00:00
 [00127/3000] modify simple     /srv/fim-watch/gen_00011.txt ts=2026-09-17T23:40:06.966588+00:00
 [00128/3000] modify simple     /srv/fim-watch/gen_00020.txt ts=2026-09-17T23:40:07.066435+00:00
 [00129/3000] modify simple     /srv/fim-watch/gen_00015.txt ts=2026-09-17T23:40:07.166440+00:00
 [00130/3000] modify simple     /srv/fim-watch/gen_00020.txt ts=2026-09-17T23:40:07.266299+00:00
 [00131/3000] modify simple     /srv/fim-watch/gen_00006.txt ts=2026-09-17T23:40:07.366910+00:00
 [00132/3000] modify simple     /srv/fim-watch/critico/gen_00023.txt ts=2026-09-17T23:40:07.466525+00:00
 [00133/3000] modify simple     /srv/fim-watch/gen_00018.txt ts=2026-09-17T23:40:07.566476+00:00
 [00134/3000] modify simple     /srv/fim-watch/gen_00011.txt ts=2026-09-17T23:40:07.666570+00:00
 [00135/3000] modify simple     /srv/fim-watch/gen_00016.txt ts=2026-09-17T23:40:07.766783+00:00
 [00136/3000] create simple     /srv/fim-watch/gen_00024.txt ts=2026-09-17T23:40:07.866290+00:00
 [00137/3000] modify simple     /srv/fim-watch/gen_00011.txt ts=2026-09-17T23:40:07.966462+00:00
 [00138/3000] modify simple     /srv/fim-watch/gen_00018.txt ts=2026-09-17T23:40:08.066581+00:00
 [00139/3000] create simple     /srv/fim-watch/critico/gen_00025.txt ts=2026-09-17T23:40:08.166323+00:00
 [00140/3000] modify simple     /srv/fim-watch/gen_00018.txt ts=2026-09-17T23:40:08.266840+00:00
 [00141/3000] create simple     /srv/fim-watch/gen_00026.txt ts=2026-09-17T23:40:08.366702+00:00
 [00142/3000] delete simple     /srv/fim-watch/gen_00015.txt ts=2026-09-17T23:40:08.466821+00:00
 [00143/3000] modify simple     /srv/fim-watch/gen_00020.txt ts=2026-09-17T23:40:08.566456+00:00
 [00144/3000] modify simple     /srv/fim-watch/critico/gen_00023.txt ts=2026-09-17T23:40:08.666389+00:00
 [00145/3000] modify simple     /srv/fim-watch/gen_00006.txt ts=2026-09-17T23:40:08.766420+00:00
 [00146/3000] modify simple     /srv/fim-watch/gen_00026.txt ts=2026-09-17T23:40:08.866501+00:00
 [00147/3000] modify simple     /srv/fim-watch/gen_00018.txt ts=2026-09-17T23:40:08.966435+00:00
 [00148/3000] delete simple     /srv/fim-watch/gen_00018.txt ts=2026-09-17T23:40:09.066288+00:00
 [00149/3000] create simple     /srv/fim-watch/gen_00027.txt ts=2026-09-17T23:40:09.166287+00:00
 [00150/3000] modify simple     /srv/fim-watch/gen_00026.txt ts=2026-09-17T23:40:09.266634+00:00
 [00151/3000] modify simple     /srv/fim-watch/critico/gen_00025.txt ts=2026-09-17T23:40:09.366725+00:00
 [00152/3000] modify simple     /srv/fim-watch/gen_00020.txt ts=2026-09-17T23:40:09.466909+00:00
 [00153/3000] modify colapsado  /srv/fim-watch/gen_00019.txt ts=2026-09-17T23:40:09.566898+00:00
 [00154/3000] modify colapsado  /srv/fim-watch/gen_00019.txt ts=2026-09-17T23:40:09.666317+00:00
 [00155/3000] modify colapsado  /srv/fim-watch/gen_00019.txt ts=2026-09-17T23:40:09.766384+00:00
 [00156/3000] modify colapsado  /srv/fim-watch/gen_00019.txt ts=2026-09-17T23:40:09.866407+00:00
 [00157/3000] modify colapsado  /srv/fim-watch/gen_00019.txt ts=2026-09-17T23:40:09.966648+00:00
 [00158/3000] modify simple     /srv/fim-watch/gen_00020.txt ts=2026-09-17T23:40:10.066467+00:00
 [00159/3000] delete simple     /srv/fim-watch/gen_00026.txt ts=2026-09-17T23:40:10.166476+00:00
 [00160/3000] modify simple     /srv/fim-watch/gen_00027.txt ts=2026-09-17T23:40:10.266218+00:00
 [00161/3000] modify simple     /srv/fim-watch/gen_00020.txt ts=2026-09-17T23:40:10.366343+00:00
 [00162/3000] create simple     /srv/fim-watch/gen_00028.txt ts=2026-09-17T23:40:10.466708+00:00
 [00163/3000] modify simple     /srv/fim-watch/gen_00020.txt ts=2026-09-17T23:40:10.566599+00:00
 [00164/3000] modify simple     /srv/fim-watch/gen_00024.txt ts=2026-09-17T23:40:10.666423+00:00
 [00165/3000] create simple     /srv/fim-watch/gen_00029.txt ts=2026-09-17T23:40:10.766288+00:00
 [00166/3000] modify simple     /srv/fim-watch/gen_00028.txt ts=2026-09-17T23:40:10.866410+00:00
 [00167/3000] modify simple     /srv/fim-watch/critico/gen_00025.txt ts=2026-09-17T23:40:10.966918+00:00
 [00168/3000] modify simple     /srv/fim-watch/gen_00024.txt ts=2026-09-17T23:40:11.066346+00:00
 [00169/3000] create simple     /srv/fim-watch/gen_00030.txt ts=2026-09-17T23:40:11.166273+00:00
 [00170/3000] modify simple     /srv/fim-watch/gen_00022.txt ts=2026-09-17T23:40:11.266676+00:00
 [00171/3000] create simple     /srv/fim-watch/gen_00031.txt ts=2026-09-17T23:40:11.366708+00:00
 [00172/3000] create efimero    /srv/fim-watch/gen_00032.txt ts=2026-09-17T23:40:11.466711+00:00
 [00173/3000] delete efimero    /srv/fim-watch/gen_00032.txt ts=2026-09-17T23:40:11.566487+00:00
 [00174/3000] modify simple     /srv/fim-watch/gen_00027.txt ts=2026-09-17T23:40:11.666531+00:00
 [00175/3000] modify simple     /srv/fim-watch/gen_00024.txt ts=2026-09-17T23:40:11.766421+00:00
 [00176/3000] modify simple     /srv/fim-watch/gen_00006.txt ts=2026-09-17T23:40:11.866434+00:00
 [00177/3000] create simple     /srv/fim-watch/gen_00033.txt ts=2026-09-17T23:40:11.966721+00:00
 [00178/3000] modify simple     /srv/fim-watch/gen_00029.txt ts=2026-09-17T23:40:12.066967+00:00
 [00179/3000] modify simple     /srv/fim-watch/gen_00006.txt ts=2026-09-17T23:40:12.166405+00:00
 [00180/3000] modify revertido  /srv/fim-watch/gen_00027.txt ts=2026-09-17T23:40:12.266599+00:00
 [00181/3000] modify revertido  /srv/fim-watch/gen_00027.txt ts=2026-09-17T23:40:12.366158+00:00
 [00182/3000] modify colapsado  /srv/fim-watch/critico/gen_00025.txt ts=2026-09-17T23:40:12.466620+00:00
 [00183/3000] modify colapsado  /srv/fim-watch/critico/gen_00025.txt ts=2026-09-17T23:40:12.566191+00:00
 [00184/3000] modify colapsado  /srv/fim-watch/critico/gen_00025.txt ts=2026-09-17T23:40:12.666394+00:00
 [00185/3000] modify colapsado  /srv/fim-watch/critico/gen_00025.txt ts=2026-09-17T23:40:12.766780+00:00
 [00186/3000] modify colapsado  /srv/fim-watch/critico/gen_00025.txt ts=2026-09-17T23:40:12.866454+00:00
 [00187/3000] create efimero    /srv/fim-watch/gen_00034.txt ts=2026-09-17T23:40:12.966247+00:00
 [00188/3000] delete efimero    /srv/fim-watch/gen_00034.txt ts=2026-09-17T23:40:13.066285+00:00
 [00189/3000] create simple     /srv/fim-watch/gen_00035.txt ts=2026-09-17T23:40:13.166354+00:00
 [00190/3000] modify simple     /srv/fim-watch/gen_00024.txt ts=2026-09-17T23:40:13.266680+00:00
 [00191/3000] modify simple     /srv/fim-watch/gen_00035.txt ts=2026-09-17T23:40:13.366616+00:00
 [00192/3000] modify simple     /srv/fim-watch/gen_00031.txt ts=2026-09-17T23:40:13.466492+00:00
 [00193/3000] modify revertido  /srv/fim-watch/gen_00033.txt ts=2026-09-17T23:40:13.566382+00:00
 [00194/3000] modify revertido  /srv/fim-watch/gen_00033.txt ts=2026-09-17T23:40:13.666442+00:00
 [00195/3000] modify colapsado  /srv/fim-watch/gen_00029.txt ts=2026-09-17T23:40:13.766455+00:00
 [00196/3000] modify colapsado  /srv/fim-watch/gen_00029.txt ts=2026-09-17T23:40:13.866437+00:00
 [00197/3000] modify colapsado  /srv/fim-watch/gen_00029.txt ts=2026-09-17T23:40:13.966428+00:00
 [00198/3000] modify colapsado  /srv/fim-watch/gen_00029.txt ts=2026-09-17T23:40:14.066432+00:00
 [00199/3000] modify colapsado  /srv/fim-watch/gen_00029.txt ts=2026-09-17T23:40:14.166558+00:00
 [00200/3000] modify simple     /srv/fim-watch/gen_00022.txt ts=2026-09-17T23:40:14.266629+00:00
 [00201/3000] modify simple     /srv/fim-watch/gen_00013.txt ts=2026-09-17T23:40:14.366174+00:00
 [00202/3000] modify simple     /srv/fim-watch/gen_00024.txt ts=2026-09-17T23:40:14.466465+00:00
 [00203/3000] modify simple     /srv/fim-watch/gen_00006.txt ts=2026-09-17T23:40:14.566373+00:00
 [00204/3000] create simple     /srv/fim-watch/gen_00036.txt ts=2026-09-17T23:40:14.666328+00:00
 [00205/3000] delete simple     /srv/fim-watch/gen_00030.txt ts=2026-09-17T23:40:14.766425+00:00
 [00206/3000] modify simple     /srv/fim-watch/gen_00024.txt ts=2026-09-17T23:40:14.866418+00:00
 [00207/3000] modify simple     /srv/fim-watch/gen_00011.txt ts=2026-09-17T23:40:14.966673+00:00
 [00208/3000] modify revertido  /srv/fim-watch/gen_00028.txt ts=2026-09-17T23:40:15.066533+00:00
 [00209/3000] modify revertido  /srv/fim-watch/gen_00028.txt ts=2026-09-17T23:40:15.166442+00:00
 [00210/3000] modify revertido  /srv/fim-watch/gen_00016.txt ts=2026-09-17T23:40:15.266386+00:00
 [00211/3000] modify revertido  /srv/fim-watch/gen_00016.txt ts=2026-09-17T23:40:15.366151+00:00
 [00212/3000] modify simple     /srv/fim-watch/gen_00029.txt ts=2026-09-17T23:40:15.466445+00:00
 [00213/3000] create simple     /srv/fim-watch/critico/gen_00037.txt ts=2026-09-17T23:40:15.566514+00:00
 [00214/3000] modify colapsado  /srv/fim-watch/gen_00024.txt ts=2026-09-17T23:40:15.666418+00:00
 [00215/3000] modify colapsado  /srv/fim-watch/gen_00024.txt ts=2026-09-17T23:40:15.766459+00:00
 [00216/3000] modify colapsado  /srv/fim-watch/gen_00024.txt ts=2026-09-17T23:40:15.866640+00:00
 [00217/3000] modify colapsado  /srv/fim-watch/gen_00024.txt ts=2026-09-17T23:40:15.966427+00:00
 [00218/3000] modify colapsado  /srv/fim-watch/gen_00024.txt ts=2026-09-17T23:40:16.066451+00:00
 [00219/3000] create simple     /srv/fim-watch/gen_00038.txt ts=2026-09-17T23:40:16.166286+00:00
 [00220/3000] modify simple     /srv/fim-watch/gen_00031.txt ts=2026-09-17T23:40:16.266387+00:00
 [00221/3000] create simple     /srv/fim-watch/gen_00039.txt ts=2026-09-17T23:40:16.366287+00:00
 [00222/3000] create simple     /srv/fim-watch/gen_00040.txt ts=2026-09-17T23:40:16.466365+00:00
 [00223/3000] create efimero    /srv/fim-watch/gen_00041.txt ts=2026-09-17T23:40:16.567012+00:00
 [00224/3000] delete efimero    /srv/fim-watch/gen_00041.txt ts=2026-09-17T23:40:16.666213+00:00
 [00225/3000] modify simple     /srv/fim-watch/gen_00036.txt ts=2026-09-17T23:40:16.766162+00:00
 [00226/3000] create simple     /srv/fim-watch/gen_00042.txt ts=2026-09-17T23:40:16.866283+00:00
 [00227/3000] create simple     /srv/fim-watch/gen_00043.txt ts=2026-09-17T23:40:16.966318+00:00
 [00228/3000] modify simple     /srv/fim-watch/critico/gen_00037.txt ts=2026-09-17T23:40:17.066701+00:00
 [00229/3000] modify colapsado  /srv/fim-watch/gen_00031.txt ts=2026-09-17T23:40:17.166462+00:00
 [00230/3000] modify colapsado  /srv/fim-watch/gen_00031.txt ts=2026-09-17T23:40:17.266424+00:00
 [00231/3000] modify colapsado  /srv/fim-watch/gen_00031.txt ts=2026-09-17T23:40:17.366520+00:00
 [00232/3000] modify colapsado  /srv/fim-watch/gen_00031.txt ts=2026-09-17T23:40:17.466431+00:00
 [00233/3000] modify colapsado  /srv/fim-watch/gen_00031.txt ts=2026-09-17T23:40:17.566471+00:00
 [00234/3000] modify simple     /srv/fim-watch/gen_00028.txt ts=2026-09-17T23:40:17.666442+00:00
 [00235/3000] modify simple     /srv/fim-watch/gen_00029.txt ts=2026-09-17T23:40:17.766391+00:00
 [00236/3000] modify simple     /srv/fim-watch/gen_00042.txt ts=2026-09-17T23:40:17.866403+00:00
 [00237/3000] modify simple     /srv/fim-watch/gen_00027.txt ts=2026-09-17T23:40:17.966741+00:00
 [00238/3000] delete simple     /srv/fim-watch/gen_00038.txt ts=2026-09-17T23:40:18.066319+00:00
 [00239/3000] modify simple     /srv/fim-watch/critico/gen_00023.txt ts=2026-09-17T23:40:18.166166+00:00
 [00240/3000] modify colapsado  /srv/fim-watch/gen_00011.txt ts=2026-09-17T23:40:18.266559+00:00
 [00241/3000] modify colapsado  /srv/fim-watch/gen_00011.txt ts=2026-09-17T23:40:18.366450+00:00
 [00242/3000] modify colapsado  /srv/fim-watch/gen_00011.txt ts=2026-09-17T23:40:18.466526+00:00
 [00243/3000] modify colapsado  /srv/fim-watch/gen_00011.txt ts=2026-09-17T23:40:18.566381+00:00
 [00244/3000] modify colapsado  /srv/fim-watch/gen_00011.txt ts=2026-09-17T23:40:18.666472+00:00
 [00245/3000] modify simple     /srv/fim-watch/gen_00022.txt ts=2026-09-17T23:40:18.766487+00:00
 [00246/3000] modify simple     /srv/fim-watch/gen_00022.txt ts=2026-09-17T23:40:18.866439+00:00
 [00247/3000] modify simple     /srv/fim-watch/critico/gen_00023.txt ts=2026-09-17T23:40:18.966433+00:00
 [00248/3000] delete simple     /srv/fim-watch/gen_00027.txt ts=2026-09-17T23:40:19.066380+00:00
 [00249/3000] modify simple     /srv/fim-watch/gen_00031.txt ts=2026-09-17T23:40:19.166467+00:00
 [00250/3000] modify simple     /srv/fim-watch/gen_00029.txt ts=2026-09-17T23:40:19.266505+00:00
 [00251/3000] modify simple     /srv/fim-watch/gen_00011.txt ts=2026-09-17T23:40:19.366452+00:00
 [00252/3000] create simple     /srv/fim-watch/gen_00044.txt ts=2026-09-17T23:40:19.466533+00:00
 [00253/3000] modify simple     /srv/fim-watch/critico/gen_00037.txt ts=2026-09-17T23:40:19.566619+00:00
 [00254/3000] modify simple     /srv/fim-watch/gen_00016.txt ts=2026-09-17T23:40:19.666426+00:00
 [00255/3000] modify simple     /srv/fim-watch/gen_00042.txt ts=2026-09-17T23:40:19.766463+00:00
 [00256/3000] modify simple     /srv/fim-watch/critico/gen_00023.txt ts=2026-09-17T23:40:19.866438+00:00
 [00257/3000] modify simple     /srv/fim-watch/gen_00011.txt ts=2026-09-17T23:40:19.966474+00:00
 [00258/3000] modify revertido  /srv/fim-watch/gen_00013.txt ts=2026-09-17T23:40:20.066518+00:00
 [00259/3000] modify revertido  /srv/fim-watch/gen_00013.txt ts=2026-09-17T23:40:20.166503+00:00
 [00260/3000] modify revertido  /srv/fim-watch/gen_00036.txt ts=2026-09-17T23:40:20.266498+00:00
 [00261/3000] modify revertido  /srv/fim-watch/gen_00036.txt ts=2026-09-17T23:40:20.366195+00:00
 [00262/3000] delete simple     /srv/fim-watch/gen_00024.txt ts=2026-09-17T23:40:20.466153+00:00
 [00263/3000] create simple     /srv/fim-watch/gen_00045.txt ts=2026-09-17T23:40:20.566416+00:00
 [00264/3000] create simple     /srv/fim-watch/gen_00046.txt ts=2026-09-17T23:40:20.666282+00:00
 [00265/3000] modify simple     /srv/fim-watch/gen_00022.txt ts=2026-09-17T23:40:20.766482+00:00
 [00266/3000] modify simple     /srv/fim-watch/gen_00013.txt ts=2026-09-17T23:40:20.866396+00:00
 [00267/3000] delete simple     /srv/fim-watch/gen_00035.txt ts=2026-09-17T23:40:20.966225+00:00
 [00268/3000] modify simple     /srv/fim-watch/gen_00033.txt ts=2026-09-17T23:40:21.066397+00:00
 [00269/3000] modify simple     /srv/fim-watch/gen_00036.txt ts=2026-09-17T23:40:21.166225+00:00
 [00270/3000] create simple     /srv/fim-watch/critico/gen_00047.txt ts=2026-09-17T23:40:21.266546+00:00
 [00271/3000] modify simple     /srv/fim-watch/critico/gen_00047.txt ts=2026-09-17T23:40:21.366634+00:00
 [00272/3000] modify simple     /srv/fim-watch/gen_00039.txt ts=2026-09-17T23:40:21.466388+00:00
 [00273/3000] modify simple     /srv/fim-watch/gen_00043.txt ts=2026-09-17T23:40:21.566818+00:00
 [00274/3000] modify simple     /srv/fim-watch/gen_00029.txt ts=2026-09-17T23:40:21.666514+00:00
 [00275/3000] create simple     /srv/fim-watch/gen_00048.txt ts=2026-09-17T23:40:21.766092+00:00
 [00276/3000] modify simple     /srv/fim-watch/gen_00043.txt ts=2026-09-17T23:40:21.866312+00:00
 [00277/3000] modify simple     /srv/fim-watch/gen_00006.txt ts=2026-09-17T23:40:21.966187+00:00
 [00278/3000] modify simple     /srv/fim-watch/gen_00046.txt ts=2026-09-17T23:40:22.066437+00:00
 [00279/3000] modify simple     /srv/fim-watch/gen_00031.txt ts=2026-09-17T23:40:22.166249+00:00
 [00280/3000] create simple     /srv/fim-watch/gen_00049.txt ts=2026-09-17T23:40:22.266311+00:00
 [00281/3000] modify simple     /srv/fim-watch/gen_00036.txt ts=2026-09-17T23:40:22.366068+00:00
 [00282/3000] create simple     /srv/fim-watch/gen_00050.txt ts=2026-09-17T23:40:22.466391+00:00
 [00283/3000] create simple     /srv/fim-watch/critico/gen_00051.txt ts=2026-09-17T23:40:22.566196+00:00
 [00284/3000] modify revertido  /srv/fim-watch/gen_00044.txt ts=2026-09-17T23:40:22.666394+00:00
 [00285/3000] modify revertido  /srv/fim-watch/gen_00044.txt ts=2026-09-17T23:40:22.766430+00:00
 [00286/3000] modify simple     /srv/fim-watch/gen_00020.txt ts=2026-09-17T23:40:22.866401+00:00
 [00287/3000] modify simple     /srv/fim-watch/gen_00045.txt ts=2026-09-17T23:40:22.966412+00:00
 [00288/3000] modify revertido  /srv/fim-watch/gen_00042.txt ts=2026-09-17T23:40:23.066648+00:00
 [00289/3000] modify revertido  /srv/fim-watch/gen_00042.txt ts=2026-09-17T23:40:23.166844+00:00
 [00290/3000] modify simple     /srv/fim-watch/critico/gen_00025.txt ts=2026-09-17T23:40:23.266377+00:00
 [00291/3000] modify simple     /srv/fim-watch/gen_00043.txt ts=2026-09-17T23:40:23.366619+00:00
 [00292/3000] modify simple     /srv/fim-watch/gen_00011.txt ts=2026-09-17T23:40:23.466643+00:00
 [00293/3000] create simple     /srv/fim-watch/gen_00052.txt ts=2026-09-17T23:40:23.566534+00:00
 [00294/3000] create simple     /srv/fim-watch/critico/gen_00053.txt ts=2026-09-17T23:40:23.666323+00:00
 [00295/3000] modify simple     /srv/fim-watch/critico/gen_00047.txt ts=2026-09-17T23:40:23.766502+00:00
 [00296/3000] modify simple     /srv/fim-watch/gen_00022.txt ts=2026-09-17T23:40:23.866293+00:00
 [00297/3000] create simple     /srv/fim-watch/gen_00054.txt ts=2026-09-17T23:40:23.966309+00:00
 [00298/3000] create simple     /srv/fim-watch/gen_00055.txt ts=2026-09-17T23:40:24.066580+00:00
 [00299/3000] modify simple     /srv/fim-watch/gen_00042.txt ts=2026-09-17T23:40:24.166473+00:00
 [00300/3000] modify colapsado  /srv/fim-watch/critico/gen_00051.txt ts=2026-09-17T23:40:24.266582+00:00
 [00301/3000] modify colapsado  /srv/fim-watch/critico/gen_00051.txt ts=2026-09-17T23:40:24.366474+00:00
 [00302/3000] modify colapsado  /srv/fim-watch/critico/gen_00051.txt ts=2026-09-17T23:40:24.466637+00:00
 [00303/3000] modify colapsado  /srv/fim-watch/critico/gen_00051.txt ts=2026-09-17T23:40:24.566911+00:00
 [00304/3000] modify colapsado  /srv/fim-watch/critico/gen_00051.txt ts=2026-09-17T23:40:24.666466+00:00
 [00305/3000] create simple     /srv/fim-watch/gen_00056.txt ts=2026-09-17T23:40:24.766327+00:00
 [00306/3000] create simple     /srv/fim-watch/gen_00057.txt ts=2026-09-17T23:40:24.866328+00:00
 [00307/3000] create simple     /srv/fim-watch/gen_00058.txt ts=2026-09-17T23:40:24.966299+00:00
 [00308/3000] modify revertido  /srv/fim-watch/critico/gen_00047.txt ts=2026-09-17T23:40:25.066465+00:00
 [00309/3000] modify revertido  /srv/fim-watch/critico/gen_00047.txt ts=2026-09-17T23:40:25.166438+00:00
 [00310/3000] modify simple     /srv/fim-watch/gen_00054.txt ts=2026-09-17T23:40:25.266642+00:00
 [00311/3000] modify revertido  /srv/fim-watch/gen_00054.txt ts=2026-09-17T23:40:25.366403+00:00
 [00312/3000] modify revertido  /srv/fim-watch/gen_00054.txt ts=2026-09-17T23:40:25.466546+00:00
 [00313/3000] modify colapsado  /srv/fim-watch/critico/gen_00053.txt ts=2026-09-17T23:40:25.566259+00:00
 [00314/3000] modify colapsado  /srv/fim-watch/critico/gen_00053.txt ts=2026-09-17T23:40:25.666394+00:00
 [00315/3000] modify colapsado  /srv/fim-watch/critico/gen_00053.txt ts=2026-09-17T23:40:25.766436+00:00
 [00316/3000] modify colapsado  /srv/fim-watch/critico/gen_00053.txt ts=2026-09-17T23:40:25.866421+00:00
 [00317/3000] modify colapsado  /srv/fim-watch/critico/gen_00053.txt ts=2026-09-17T23:40:25.966351+00:00
 [00318/3000] modify simple     /srv/fim-watch/critico/gen_00025.txt ts=2026-09-17T23:40:26.066639+00:00
 [00319/3000] modify revertido  /srv/fim-watch/gen_00011.txt ts=2026-09-17T23:40:26.166916+00:00
 [00320/3000] modify revertido  /srv/fim-watch/gen_00011.txt ts=2026-09-17T23:40:26.266332+00:00
 [00321/3000] modify simple     /srv/fim-watch/gen_00044.txt ts=2026-09-17T23:40:26.366809+00:00
 [00322/3000] modify simple     /srv/fim-watch/gen_00054.txt ts=2026-09-17T23:40:26.466832+00:00
 [00323/3000] modify simple     /srv/fim-watch/gen_00036.txt ts=2026-09-17T23:40:26.566652+00:00
 [00324/3000] delete simple     /srv/fim-watch/gen_00052.txt ts=2026-09-17T23:40:26.666233+00:00
 [00325/3000] modify simple     /srv/fim-watch/gen_00022.txt ts=2026-09-17T23:40:26.766422+00:00
 [00326/3000] modify simple     /srv/fim-watch/gen_00044.txt ts=2026-09-17T23:40:26.866181+00:00
 [00327/3000] modify simple     /srv/fim-watch/gen_00054.txt ts=2026-09-17T23:40:26.966418+00:00
 [00328/3000] modify simple     /srv/fim-watch/gen_00040.txt ts=2026-09-17T23:40:27.066840+00:00
 [00329/3000] delete simple     /srv/fim-watch/gen_00046.txt ts=2026-09-17T23:40:27.166260+00:00
 [00330/3000] delete simple     /srv/fim-watch/gen_00039.txt ts=2026-09-17T23:40:27.266333+00:00
 [00331/3000] modify revertido  /srv/fim-watch/gen_00036.txt ts=2026-09-17T23:40:27.366727+00:00
 [00332/3000] modify revertido  /srv/fim-watch/gen_00036.txt ts=2026-09-17T23:40:27.466797+00:00
 [00333/3000] modify simple     /srv/fim-watch/gen_00050.txt ts=2026-09-17T23:40:27.566261+00:00
 [00334/3000] create simple     /srv/fim-watch/gen_00059.txt ts=2026-09-17T23:40:27.666357+00:00
 [00335/3000] modify simple     /srv/fim-watch/gen_00054.txt ts=2026-09-17T23:40:27.766615+00:00
 [00336/3000] modify simple     /srv/fim-watch/gen_00043.txt ts=2026-09-17T23:40:27.866413+00:00
 [00337/3000] create simple     /srv/fim-watch/gen_00060.txt ts=2026-09-17T23:40:27.966534+00:00
 [00338/3000] modify simple     /srv/fim-watch/gen_00050.txt ts=2026-09-17T23:40:28.066383+00:00
 [00339/3000] modify simple     /srv/fim-watch/gen_00058.txt ts=2026-09-17T23:40:28.166646+00:00
 [00340/3000] modify revertido  /srv/fim-watch/gen_00019.txt ts=2026-09-17T23:40:28.266831+00:00
 [00341/3000] modify revertido  /srv/fim-watch/gen_00019.txt ts=2026-09-17T23:40:28.366499+00:00
 [00342/3000] modify simple     /srv/fim-watch/gen_00058.txt ts=2026-09-17T23:40:28.466472+00:00
 [00343/3000] modify colapsado  /srv/fim-watch/gen_00042.txt ts=2026-09-17T23:40:28.566444+00:00
 [00344/3000] modify colapsado  /srv/fim-watch/gen_00042.txt ts=2026-09-17T23:40:28.666638+00:00
 [00345/3000] modify colapsado  /srv/fim-watch/gen_00042.txt ts=2026-09-17T23:40:28.766658+00:00
 [00346/3000] modify colapsado  /srv/fim-watch/gen_00042.txt ts=2026-09-17T23:40:28.866400+00:00
 [00347/3000] modify colapsado  /srv/fim-watch/gen_00042.txt ts=2026-09-17T23:40:28.966417+00:00
 [00348/3000] create simple     /srv/fim-watch/critico/gen_00061.txt ts=2026-09-17T23:40:29.066478+00:00
 [00349/3000] create simple     /srv/fim-watch/gen_00062.txt ts=2026-09-17T23:40:29.166517+00:00
 [00350/3000] delete simple     /srv/fim-watch/critico/gen_00051.txt ts=2026-09-17T23:40:29.266531+00:00
 [00351/3000] modify simple     /srv/fim-watch/gen_00020.txt ts=2026-09-17T23:40:29.366305+00:00
 [00352/3000] modify simple     /srv/fim-watch/critico/gen_00047.txt ts=2026-09-17T23:40:29.466779+00:00
 [00353/3000] create simple     /srv/fim-watch/gen_00063.txt ts=2026-09-17T23:40:29.566673+00:00
 [00354/3000] modify simple     /srv/fim-watch/gen_00059.txt ts=2026-09-17T23:40:29.666608+00:00
 [00355/3000] create simple     /srv/fim-watch/gen_00064.txt ts=2026-09-17T23:40:29.766305+00:00
 [00356/3000] create simple     /srv/fim-watch/gen_00065.txt ts=2026-09-17T23:40:29.866085+00:00
 [00357/3000] create simple     /srv/fim-watch/gen_00066.txt ts=2026-09-17T23:40:29.966666+00:00
 [00358/3000] create simple     /srv/fim-watch/gen_00067.txt ts=2026-09-17T23:40:30.067314+00:00
 [00359/3000] create simple     /srv/fim-watch/gen_00068.txt ts=2026-09-17T23:40:30.166325+00:00
 [00360/3000] modify simple     /srv/fim-watch/critico/gen_00061.txt ts=2026-09-17T23:40:30.266613+00:00
 [00361/3000] modify revertido  /srv/fim-watch/gen_00031.txt ts=2026-09-17T23:40:30.366464+00:00
 [00362/3000] modify revertido  /srv/fim-watch/gen_00031.txt ts=2026-09-17T23:40:30.466346+00:00
 [00363/3000] create simple     /srv/fim-watch/critico/gen_00069.txt ts=2026-09-17T23:40:30.566324+00:00
 [00364/3000] modify revertido  /srv/fim-watch/gen_00044.txt ts=2026-09-17T23:40:30.666471+00:00
 [00365/3000] modify revertido  /srv/fim-watch/gen_00044.txt ts=2026-09-17T23:40:30.766440+00:00
 [00366/3000] modify simple     /srv/fim-watch/gen_00063.txt ts=2026-09-17T23:40:30.866229+00:00
 [00367/3000] modify simple     /srv/fim-watch/gen_00062.txt ts=2026-09-17T23:40:30.966582+00:00
 [00368/3000] create simple     /srv/fim-watch/gen_00070.txt ts=2026-09-17T23:40:31.066343+00:00
 [00369/3000] create simple     /srv/fim-watch/gen_00071.txt ts=2026-09-17T23:40:31.166526+00:00
 [00370/3000] delete simple     /srv/fim-watch/gen_00031.txt ts=2026-09-17T23:40:31.266088+00:00
 [00371/3000] modify simple     /srv/fim-watch/gen_00058.txt ts=2026-09-17T23:40:31.366529+00:00
 [00372/3000] modify simple     /srv/fim-watch/critico/gen_00047.txt ts=2026-09-17T23:40:31.466667+00:00
 [00373/3000] modify simple     /srv/fim-watch/critico/gen_00025.txt ts=2026-09-17T23:40:31.566637+00:00
 [00374/3000] modify simple     /srv/fim-watch/gen_00045.txt ts=2026-09-17T23:40:31.666442+00:00
 [00375/3000] create simple     /srv/fim-watch/gen_00072.txt ts=2026-09-17T23:40:31.766308+00:00
 [00376/3000] delete simple     /srv/fim-watch/gen_00056.txt ts=2026-09-17T23:40:31.866256+00:00
 [00377/3000] modify simple     /srv/fim-watch/gen_00040.txt ts=2026-09-17T23:40:31.966980+00:00
 [00378/3000] modify simple     /srv/fim-watch/gen_00055.txt ts=2026-09-17T23:40:32.066332+00:00
 [00379/3000] modify colapsado  /srv/fim-watch/gen_00068.txt ts=2026-09-17T23:40:32.166433+00:00
 [00380/3000] modify colapsado  /srv/fim-watch/gen_00068.txt ts=2026-09-17T23:40:32.266907+00:00
 [00381/3000] modify colapsado  /srv/fim-watch/gen_00068.txt ts=2026-09-17T23:40:32.366813+00:00
 [00382/3000] modify colapsado  /srv/fim-watch/gen_00068.txt ts=2026-09-17T23:40:32.466708+00:00
 [00383/3000] modify colapsado  /srv/fim-watch/gen_00068.txt ts=2026-09-17T23:40:32.566210+00:00
 [00384/3000] modify simple     /srv/fim-watch/gen_00059.txt ts=2026-09-17T23:40:32.666508+00:00
 [00385/3000] modify simple     /srv/fim-watch/gen_00048.txt ts=2026-09-17T23:40:32.766597+00:00
 [00386/3000] create simple     /srv/fim-watch/gen_00073.txt ts=2026-09-17T23:40:32.866179+00:00
 [00387/3000] modify colapsado  /srv/fim-watch/gen_00042.txt ts=2026-09-17T23:40:32.966469+00:00
 [00388/3000] modify colapsado  /srv/fim-watch/gen_00042.txt ts=2026-09-17T23:40:33.066446+00:00
 [00389/3000] modify colapsado  /srv/fim-watch/gen_00042.txt ts=2026-09-17T23:40:33.166422+00:00
 [00390/3000] modify colapsado  /srv/fim-watch/gen_00042.txt ts=2026-09-17T23:40:33.266388+00:00
 [00391/3000] modify colapsado  /srv/fim-watch/gen_00042.txt ts=2026-09-17T23:40:33.366758+00:00
 [00392/3000] modify revertido  /srv/fim-watch/gen_00064.txt ts=2026-09-17T23:40:33.466687+00:00
 [00393/3000] modify revertido  /srv/fim-watch/gen_00064.txt ts=2026-09-17T23:40:33.566417+00:00
 [00394/3000] modify simple     /srv/fim-watch/gen_00070.txt ts=2026-09-17T23:40:33.666567+00:00
 [00395/3000] delete simple     /srv/fim-watch/gen_00022.txt ts=2026-09-17T23:40:33.766257+00:00
 [00396/3000] modify simple     /srv/fim-watch/gen_00028.txt ts=2026-09-17T23:40:33.866394+00:00
 [00397/3000] modify simple     /srv/fim-watch/gen_00036.txt ts=2026-09-17T23:40:33.966426+00:00
 [00398/3000] modify simple     /srv/fim-watch/critico/gen_00037.txt ts=2026-09-17T23:40:34.066900+00:00
 [00399/3000] delete simple     /srv/fim-watch/gen_00011.txt ts=2026-09-17T23:40:34.166329+00:00
 [00400/3000] create simple     /srv/fim-watch/gen_00074.txt ts=2026-09-17T23:40:34.266307+00:00
 [00401/3000] modify simple     /srv/fim-watch/gen_00040.txt ts=2026-09-17T23:40:34.366165+00:00
 [00402/3000] modify simple     /srv/fim-watch/gen_00043.txt ts=2026-09-17T23:40:34.466818+00:00
 [00403/3000] create efimero    /srv/fim-watch/critico/gen_00075.txt ts=2026-09-17T23:40:34.566793+00:00
 [00404/3000] delete efimero    /srv/fim-watch/critico/gen_00075.txt ts=2026-09-17T23:40:34.666404+00:00
 [00405/3000] create simple     /srv/fim-watch/gen_00076.txt ts=2026-09-17T23:40:34.766305+00:00
 [00406/3000] create simple     /srv/fim-watch/gen_00077.txt ts=2026-09-17T23:40:34.866361+00:00
 [00407/3000] create simple     /srv/fim-watch/gen_00078.txt ts=2026-09-17T23:40:34.966324+00:00
 [00408/3000] modify simple     /srv/fim-watch/gen_00044.txt ts=2026-09-17T23:40:35.066421+00:00
 [00409/3000] create simple     /srv/fim-watch/gen_00079.txt ts=2026-09-17T23:40:35.166329+00:00
 [00410/3000] modify simple     /srv/fim-watch/gen_00029.txt ts=2026-09-17T23:40:35.266795+00:00
 [00411/3000] modify simple     /srv/fim-watch/gen_00079.txt ts=2026-09-17T23:40:35.366414+00:00
 [00412/3000] modify simple     /srv/fim-watch/gen_00063.txt ts=2026-09-17T23:40:35.466201+00:00
 [00413/3000] modify simple     /srv/fim-watch/gen_00033.txt ts=2026-09-17T23:40:35.566926+00:00
 [00414/3000] modify simple     /srv/fim-watch/gen_00062.txt ts=2026-09-17T23:40:35.666197+00:00
 [00415/3000] modify simple     /srv/fim-watch/gen_00033.txt ts=2026-09-17T23:40:35.766191+00:00
 [00416/3000] modify colapsado  /srv/fim-watch/gen_00066.txt ts=2026-09-17T23:40:35.866257+00:00
 [00417/3000] modify colapsado  /srv/fim-watch/gen_00066.txt ts=2026-09-17T23:40:35.966426+00:00
 [00418/3000] modify colapsado  /srv/fim-watch/gen_00066.txt ts=2026-09-17T23:40:36.066938+00:00
 [00419/3000] modify colapsado  /srv/fim-watch/gen_00066.txt ts=2026-09-17T23:40:36.166472+00:00
 [00420/3000] modify colapsado  /srv/fim-watch/gen_00066.txt ts=2026-09-17T23:40:36.266511+00:00
 [00421/3000] create simple     /srv/fim-watch/gen_00080.txt ts=2026-09-17T23:40:36.366305+00:00
 [00422/3000] modify simple     /srv/fim-watch/gen_00059.txt ts=2026-09-17T23:40:36.466746+00:00
 [00423/3000] modify simple     /srv/fim-watch/gen_00073.txt ts=2026-09-17T23:40:36.566842+00:00
 [00424/3000] delete simple     /srv/fim-watch/gen_00063.txt ts=2026-09-17T23:40:36.666317+00:00
 [00425/3000] modify revertido  /srv/fim-watch/gen_00048.txt ts=2026-09-17T23:40:36.766466+00:00
 [00426/3000] modify revertido  /srv/fim-watch/gen_00048.txt ts=2026-09-17T23:40:36.866446+00:00
 [00427/3000] modify simple     /srv/fim-watch/gen_00058.txt ts=2026-09-17T23:40:36.966429+00:00
 [00428/3000] modify simple     /srv/fim-watch/gen_00059.txt ts=2026-09-17T23:40:37.066367+00:00
 [00429/3000] create simple     /srv/fim-watch/critico/gen_00081.txt ts=2026-09-17T23:40:37.166766+00:00
 [00430/3000] create simple     /srv/fim-watch/gen_00082.txt ts=2026-09-17T23:40:37.266950+00:00
 [00431/3000] modify simple     /srv/fim-watch/gen_00045.txt ts=2026-09-17T23:40:37.366399+00:00
 [00432/3000] modify revertido  /srv/fim-watch/gen_00028.txt ts=2026-09-17T23:40:37.466446+00:00
 [00433/3000] modify revertido  /srv/fim-watch/gen_00028.txt ts=2026-09-17T23:40:37.566805+00:00
 [00434/3000] create efimero    /srv/fim-watch/gen_00083.txt ts=2026-09-17T23:40:37.666197+00:00
 [00435/3000] delete efimero    /srv/fim-watch/gen_00083.txt ts=2026-09-17T23:40:37.766229+00:00
 [00436/3000] delete simple     /srv/fim-watch/gen_00080.txt ts=2026-09-17T23:40:37.866359+00:00
 [00437/3000] modify simple     /srv/fim-watch/gen_00073.txt ts=2026-09-17T23:40:37.966607+00:00
 [00438/3000] modify simple     /srv/fim-watch/gen_00028.txt ts=2026-09-17T23:40:38.066220+00:00
 [00439/3000] create simple     /srv/fim-watch/gen_00084.txt ts=2026-09-17T23:40:38.166348+00:00
 [00440/3000] modify revertido  /srv/fim-watch/gen_00068.txt ts=2026-09-17T23:40:38.266917+00:00
 [00441/3000] modify revertido  /srv/fim-watch/gen_00068.txt ts=2026-09-17T23:40:38.366811+00:00
 [00442/3000] modify simple     /srv/fim-watch/gen_00044.txt ts=2026-09-17T23:40:38.466386+00:00
 [00443/3000] modify simple     /srv/fim-watch/gen_00071.txt ts=2026-09-17T23:40:38.566388+00:00
 [00444/3000] modify revertido  /srv/fim-watch/gen_00067.txt ts=2026-09-17T23:40:38.666640+00:00
 [00445/3000] modify revertido  /srv/fim-watch/gen_00067.txt ts=2026-09-17T23:40:38.766453+00:00
 [00446/3000] create simple     /srv/fim-watch/gen_00085.txt ts=2026-09-17T23:40:38.866324+00:00
 [00447/3000] delete simple     /srv/fim-watch/critico/gen_00023.txt ts=2026-09-17T23:40:38.966491+00:00
 [00448/3000] modify simple     /srv/fim-watch/gen_00062.txt ts=2026-09-17T23:40:39.066846+00:00
 [00449/3000] modify simple     /srv/fim-watch/gen_00020.txt ts=2026-09-17T23:40:39.166628+00:00
 [00450/3000] modify simple     /srv/fim-watch/gen_00019.txt ts=2026-09-17T23:40:39.266412+00:00
 [00451/3000] create simple     /srv/fim-watch/gen_00086.txt ts=2026-09-17T23:40:39.366928+00:00
 [00452/3000] modify simple     /srv/fim-watch/gen_00059.txt ts=2026-09-17T23:40:39.466320+00:00
 [00453/3000] create simple     /srv/fim-watch/critico/gen_00087.txt ts=2026-09-17T23:40:39.566303+00:00
 [00454/3000] modify revertido  /srv/fim-watch/gen_00058.txt ts=2026-09-17T23:40:39.666523+00:00
 [00455/3000] modify revertido  /srv/fim-watch/gen_00058.txt ts=2026-09-17T23:40:39.766425+00:00
 [00456/3000] modify colapsado  /srv/fim-watch/gen_00072.txt ts=2026-09-17T23:40:39.866531+00:00
 [00457/3000] modify colapsado  /srv/fim-watch/gen_00072.txt ts=2026-09-17T23:40:39.966845+00:00
 [00458/3000] modify colapsado  /srv/fim-watch/gen_00072.txt ts=2026-09-17T23:40:40.066414+00:00
 [00459/3000] modify colapsado  /srv/fim-watch/gen_00072.txt ts=2026-09-17T23:40:40.166336+00:00
 [00460/3000] modify colapsado  /srv/fim-watch/gen_00072.txt ts=2026-09-17T23:40:40.266618+00:00
 [00461/3000] modify simple     /srv/fim-watch/gen_00082.txt ts=2026-09-17T23:40:40.366615+00:00
 [00462/3000] modify simple     /srv/fim-watch/critico/gen_00081.txt ts=2026-09-17T23:40:40.466408+00:00
 [00463/3000] modify revertido  /srv/fim-watch/gen_00066.txt ts=2026-09-17T23:40:40.566554+00:00
 [00464/3000] modify revertido  /srv/fim-watch/gen_00066.txt ts=2026-09-17T23:40:40.666440+00:00
 [00465/3000] modify simple     /srv/fim-watch/critico/gen_00087.txt ts=2026-09-17T23:40:40.766164+00:00
 [00466/3000] delete simple     /srv/fim-watch/gen_00019.txt ts=2026-09-17T23:40:40.866129+00:00
 [00467/3000] modify simple     /srv/fim-watch/gen_00029.txt ts=2026-09-17T23:40:40.966630+00:00
 [00468/3000] create simple     /srv/fim-watch/gen_00088.txt ts=2026-09-17T23:40:41.066241+00:00
 [00469/3000] create simple     /srv/fim-watch/gen_00089.txt ts=2026-09-17T23:40:41.166323+00:00
 [00470/3000] modify simple     /srv/fim-watch/gen_00050.txt ts=2026-09-17T23:40:41.266454+00:00
 [00471/3000] create simple     /srv/fim-watch/gen_00090.txt ts=2026-09-17T23:40:41.366122+00:00
 [00472/3000] modify colapsado  /srv/fim-watch/critico/gen_00081.txt ts=2026-09-17T23:40:41.467026+00:00
 [00473/3000] modify colapsado  /srv/fim-watch/critico/gen_00081.txt ts=2026-09-17T23:40:41.566780+00:00
 [00474/3000] modify colapsado  /srv/fim-watch/critico/gen_00081.txt ts=2026-09-17T23:40:41.667062+00:00
 [00475/3000] modify colapsado  /srv/fim-watch/critico/gen_00081.txt ts=2026-09-17T23:40:41.766426+00:00
 [00476/3000] modify colapsado  /srv/fim-watch/critico/gen_00081.txt ts=2026-09-17T23:40:41.866453+00:00
 [00477/3000] delete simple     /srv/fim-watch/gen_00045.txt ts=2026-09-17T23:40:41.966418+00:00
 [00478/3000] delete simple     /srv/fim-watch/gen_00013.txt ts=2026-09-17T23:40:42.066710+00:00
 [00479/3000] create simple     /srv/fim-watch/critico/gen_00091.txt ts=2026-09-17T23:40:42.166532+00:00
 [00480/3000] modify simple     /srv/fim-watch/gen_00033.txt ts=2026-09-17T23:40:42.266642+00:00
 [00481/3000] modify simple     /srv/fim-watch/gen_00040.txt ts=2026-09-17T23:40:42.366941+00:00
 [00482/3000] modify simple     /srv/fim-watch/gen_00057.txt ts=2026-09-17T23:40:42.466910+00:00
 [00483/3000] modify simple     /srv/fim-watch/gen_00040.txt ts=2026-09-17T23:40:42.566453+00:00
 [00484/3000] modify colapsado  /srv/fim-watch/gen_00054.txt ts=2026-09-17T23:40:42.666897+00:00
 [00485/3000] modify colapsado  /srv/fim-watch/gen_00054.txt ts=2026-09-17T23:40:42.766430+00:00
 [00486/3000] modify colapsado  /srv/fim-watch/gen_00054.txt ts=2026-09-17T23:40:42.866511+00:00
 [00487/3000] modify colapsado  /srv/fim-watch/gen_00054.txt ts=2026-09-17T23:40:42.966829+00:00
 [00488/3000] modify colapsado  /srv/fim-watch/gen_00054.txt ts=2026-09-17T23:40:43.066833+00:00
 [00489/3000] create simple     /srv/fim-watch/gen_00092.txt ts=2026-09-17T23:40:43.166375+00:00
 [00490/3000] delete simple     /srv/fim-watch/critico/gen_00087.txt ts=2026-09-17T23:40:43.266312+00:00
 [00491/3000] modify revertido  /srv/fim-watch/gen_00070.txt ts=2026-09-17T23:40:43.366589+00:00
 [00492/3000] modify revertido  /srv/fim-watch/gen_00070.txt ts=2026-09-17T23:40:43.466501+00:00
 [00493/3000] create simple     /srv/fim-watch/gen_00093.txt ts=2026-09-17T23:40:43.566702+00:00
 [00494/3000] modify simple     /srv/fim-watch/critico/gen_00047.txt ts=2026-09-17T23:40:43.666562+00:00
 [00495/3000] create simple     /srv/fim-watch/critico/gen_00094.txt ts=2026-09-17T23:40:43.766322+00:00
 [00496/3000] create simple     /srv/fim-watch/gen_00095.txt ts=2026-09-17T23:40:43.866338+00:00
 [00497/3000] modify simple     /srv/fim-watch/gen_00089.txt ts=2026-09-17T23:40:43.966454+00:00
 [00498/3000] create simple     /srv/fim-watch/gen_00096.txt ts=2026-09-17T23:40:44.066910+00:00
 [00499/3000] delete simple     /srv/fim-watch/gen_00095.txt ts=2026-09-17T23:40:44.166630+00:00
 [00500/3000] modify simple     /srv/fim-watch/gen_00055.txt ts=2026-09-17T23:40:44.266390+00:00
 [00501/3000] modify simple     /srv/fim-watch/gen_00071.txt ts=2026-09-17T23:40:44.366685+00:00
 [00502/3000] create simple     /srv/fim-watch/gen_00097.txt ts=2026-09-17T23:40:44.466184+00:00
 [00503/3000] modify simple     /srv/fim-watch/gen_00055.txt ts=2026-09-17T23:40:44.566899+00:00
 [00504/3000] modify revertido  /srv/fim-watch/critico/gen_00037.txt ts=2026-09-17T23:40:44.666934+00:00
 [00505/3000] modify revertido  /srv/fim-watch/critico/gen_00037.txt ts=2026-09-17T23:40:44.766446+00:00
 [00506/3000] modify simple     /srv/fim-watch/gen_00029.txt ts=2026-09-17T23:40:44.866689+00:00
 [00507/3000] modify simple     /srv/fim-watch/gen_00085.txt ts=2026-09-17T23:40:44.966896+00:00
 [00508/3000] modify simple     /srv/fim-watch/gen_00055.txt ts=2026-09-17T23:40:45.066466+00:00
 [00509/3000] delete simple     /srv/fim-watch/gen_00082.txt ts=2026-09-17T23:40:45.166675+00:00
 [00510/3000] delete simple     /srv/fim-watch/gen_00055.txt ts=2026-09-17T23:40:45.266709+00:00
 [00511/3000] create simple     /srv/fim-watch/gen_00098.txt ts=2026-09-17T23:40:45.366698+00:00
 [00512/3000] create simple     /srv/fim-watch/gen_00099.txt ts=2026-09-17T23:40:45.466703+00:00
 [00513/3000] modify simple     /srv/fim-watch/gen_00043.txt ts=2026-09-17T23:40:45.566415+00:00
 [00514/3000] modify simple     /srv/fim-watch/gen_00093.txt ts=2026-09-17T23:40:45.666893+00:00
 [00515/3000] modify simple     /srv/fim-watch/gen_00066.txt ts=2026-09-17T23:40:45.766413+00:00
 [00516/3000] modify simple     /srv/fim-watch/critico/gen_00025.txt ts=2026-09-17T23:40:45.866463+00:00
 [00517/3000] create simple     /srv/fim-watch/gen_00100.txt ts=2026-09-17T23:40:45.966544+00:00
 [00518/3000] modify simple     /srv/fim-watch/gen_00090.txt ts=2026-09-17T23:40:46.066896+00:00
 [00519/3000] delete simple     /srv/fim-watch/gen_00077.txt ts=2026-09-17T23:40:46.166377+00:00
 [00520/3000] modify simple     /srv/fim-watch/gen_00098.txt ts=2026-09-17T23:40:46.266392+00:00
 [00521/3000] modify simple     /srv/fim-watch/gen_00067.txt ts=2026-09-17T23:40:46.366224+00:00
 [00522/3000] modify simple     /srv/fim-watch/gen_00093.txt ts=2026-09-17T23:40:46.466295+00:00
 [00523/3000] modify simple     /srv/fim-watch/gen_00071.txt ts=2026-09-17T23:40:46.566649+00:00
 [00524/3000] modify simple     /srv/fim-watch/gen_00006.txt ts=2026-09-17T23:40:46.666954+00:00
 [00525/3000] create efimero    /srv/fim-watch/gen_00101.txt ts=2026-09-17T23:40:46.766363+00:00
 [00526/3000] delete efimero    /srv/fim-watch/gen_00101.txt ts=2026-09-17T23:40:46.866658+00:00
 [00527/3000] modify simple     /srv/fim-watch/gen_00049.txt ts=2026-09-17T23:40:46.966903+00:00
 [00528/3000] modify colapsado  /srv/fim-watch/gen_00067.txt ts=2026-09-17T23:40:47.066911+00:00
 [00529/3000] modify colapsado  /srv/fim-watch/gen_00067.txt ts=2026-09-17T23:40:47.166645+00:00
 [00530/3000] modify colapsado  /srv/fim-watch/gen_00067.txt ts=2026-09-17T23:40:47.266569+00:00
 [00531/3000] modify colapsado  /srv/fim-watch/gen_00067.txt ts=2026-09-17T23:40:47.366846+00:00
 [00532/3000] modify colapsado  /srv/fim-watch/gen_00067.txt ts=2026-09-17T23:40:47.466561+00:00
 [00533/3000] modify simple     /srv/fim-watch/gen_00071.txt ts=2026-09-17T23:40:47.566842+00:00
 [00534/3000] create simple     /srv/fim-watch/gen_00102.txt ts=2026-09-17T23:40:47.666647+00:00
 [00535/3000] create simple     /srv/fim-watch/gen_00103.txt ts=2026-09-17T23:40:47.766134+00:00
 [00536/3000] modify simple     /srv/fim-watch/gen_00072.txt ts=2026-09-17T23:40:47.866289+00:00
 [00537/3000] modify simple     /srv/fim-watch/gen_00028.txt ts=2026-09-17T23:40:47.966443+00:00
 [00538/3000] delete simple     /srv/fim-watch/critico/gen_00081.txt ts=2026-09-17T23:40:48.066341+00:00
 [00539/3000] modify simple     /srv/fim-watch/gen_00070.txt ts=2026-09-17T23:40:48.166430+00:00
 [00540/3000] modify colapsado  /srv/fim-watch/gen_00050.txt ts=2026-09-17T23:40:48.266456+00:00
 [00541/3000] modify colapsado  /srv/fim-watch/gen_00050.txt ts=2026-09-17T23:40:48.366838+00:00
 [00542/3000] modify colapsado  /srv/fim-watch/gen_00050.txt ts=2026-09-17T23:40:48.466426+00:00
 [00543/3000] modify colapsado  /srv/fim-watch/gen_00050.txt ts=2026-09-17T23:40:48.566653+00:00
 [00544/3000] modify colapsado  /srv/fim-watch/gen_00050.txt ts=2026-09-17T23:40:48.666455+00:00
 [00545/3000] modify simple     /srv/fim-watch/gen_00071.txt ts=2026-09-17T23:40:48.766488+00:00
 [00546/3000] modify simple     /srv/fim-watch/gen_00072.txt ts=2026-09-17T23:40:48.866397+00:00
 [00547/3000] create simple     /srv/fim-watch/gen_00104.txt ts=2026-09-17T23:40:48.966525+00:00
 [00548/3000] modify simple     /srv/fim-watch/gen_00028.txt ts=2026-09-17T23:40:49.066751+00:00
 [00549/3000] modify revertido  /srv/fim-watch/critico/gen_00069.txt ts=2026-09-17T23:40:49.166442+00:00
 [00550/3000] modify revertido  /srv/fim-watch/critico/gen_00069.txt ts=2026-09-17T23:40:49.266392+00:00
 [00551/3000] create simple     /srv/fim-watch/gen_00105.txt ts=2026-09-17T23:40:49.366316+00:00
 [00552/3000] modify simple     /srv/fim-watch/gen_00048.txt ts=2026-09-17T23:40:49.466685+00:00
 [00553/3000] modify simple     /srv/fim-watch/gen_00048.txt ts=2026-09-17T23:40:49.566476+00:00
 [00554/3000] modify simple     /srv/fim-watch/gen_00086.txt ts=2026-09-17T23:40:49.666667+00:00
 [00555/3000] modify revertido  /srv/fim-watch/gen_00036.txt ts=2026-09-17T23:40:49.766558+00:00
 [00556/3000] modify revertido  /srv/fim-watch/gen_00036.txt ts=2026-09-17T23:40:49.866468+00:00
 [00557/3000] modify simple     /srv/fim-watch/gen_00040.txt ts=2026-09-17T23:40:49.966642+00:00
 [00558/3000] modify revertido  /srv/fim-watch/gen_00036.txt ts=2026-09-17T23:40:50.066837+00:00
 [00559/3000] modify revertido  /srv/fim-watch/gen_00036.txt ts=2026-09-17T23:40:50.166626+00:00
 [00560/3000] modify revertido  /srv/fim-watch/gen_00073.txt ts=2026-09-17T23:40:50.266635+00:00
 [00561/3000] modify revertido  /srv/fim-watch/gen_00073.txt ts=2026-09-17T23:40:50.367015+00:00
 [00562/3000] modify simple     /srv/fim-watch/gen_00042.txt ts=2026-09-17T23:40:50.466902+00:00
 [00563/3000] modify simple     /srv/fim-watch/gen_00040.txt ts=2026-09-17T23:40:50.566415+00:00
 [00564/3000] modify simple     /srv/fim-watch/gen_00088.txt ts=2026-09-17T23:40:50.666619+00:00
 [00565/3000] create simple     /srv/fim-watch/gen_00106.txt ts=2026-09-17T23:40:50.766259+00:00
 [00566/3000] modify simple     /srv/fim-watch/gen_00076.txt ts=2026-09-17T23:40:50.866287+00:00
 [00567/3000] modify simple     /srv/fim-watch/gen_00072.txt ts=2026-09-17T23:40:50.966433+00:00
 [00568/3000] modify revertido  /srv/fim-watch/gen_00036.txt ts=2026-09-17T23:40:51.066639+00:00
 [00569/3000] modify revertido  /srv/fim-watch/gen_00036.txt ts=2026-09-17T23:40:51.166653+00:00
 [00570/3000] modify simple     /srv/fim-watch/gen_00049.txt ts=2026-09-17T23:40:51.266474+00:00
 [00571/3000] create efimero    /srv/fim-watch/gen_00107.txt ts=2026-09-17T23:40:51.366764+00:00
 [00572/3000] delete efimero    /srv/fim-watch/gen_00107.txt ts=2026-09-17T23:40:51.466207+00:00
 [00573/3000] modify simple     /srv/fim-watch/gen_00054.txt ts=2026-09-17T23:40:51.566692+00:00
 [00574/3000] modify simple     /srv/fim-watch/gen_00103.txt ts=2026-09-17T23:40:51.666620+00:00
 [00575/3000] modify simple     /srv/fim-watch/gen_00064.txt ts=2026-09-17T23:40:51.766617+00:00
 [00576/3000] modify simple     /srv/fim-watch/gen_00096.txt ts=2026-09-17T23:40:51.866819+00:00
 [00577/3000] modify simple     /srv/fim-watch/gen_00078.txt ts=2026-09-17T23:40:51.966733+00:00
 [00578/3000] modify simple     /srv/fim-watch/gen_00020.txt ts=2026-09-17T23:40:52.066535+00:00
 [00579/3000] modify simple     /srv/fim-watch/gen_00044.txt ts=2026-09-17T23:40:52.166914+00:00
 [00580/3000] modify revertido  /srv/fim-watch/gen_00073.txt ts=2026-09-17T23:40:52.266829+00:00
 [00581/3000] modify revertido  /srv/fim-watch/gen_00073.txt ts=2026-09-17T23:40:52.366623+00:00
 [00582/3000] create simple     /srv/fim-watch/gen_00108.txt ts=2026-09-17T23:40:52.466516+00:00
 [00583/3000] create simple     /srv/fim-watch/gen_00109.txt ts=2026-09-17T23:40:52.566693+00:00
 [00584/3000] modify simple     /srv/fim-watch/gen_00033.txt ts=2026-09-17T23:40:52.666383+00:00
 [00585/3000] modify revertido  /srv/fim-watch/gen_00029.txt ts=2026-09-17T23:40:52.766678+00:00
 [00586/3000] modify revertido  /srv/fim-watch/gen_00029.txt ts=2026-09-17T23:40:52.866451+00:00
 [00587/3000] create simple     /srv/fim-watch/critico/gen_00110.txt ts=2026-09-17T23:40:52.966910+00:00
 [00588/3000] create simple     /srv/fim-watch/gen_00111.txt ts=2026-09-17T23:40:53.066532+00:00
 [00589/3000] modify simple     /srv/fim-watch/gen_00079.txt ts=2026-09-17T23:40:53.166795+00:00
 [00590/3000] modify simple     /srv/fim-watch/gen_00060.txt ts=2026-09-17T23:40:53.266894+00:00
 [00591/3000] create efimero    /srv/fim-watch/gen_00112.txt ts=2026-09-17T23:40:53.366540+00:00
 [00592/3000] delete efimero    /srv/fim-watch/gen_00112.txt ts=2026-09-17T23:40:53.466434+00:00
 [00593/3000] modify revertido  /srv/fim-watch/gen_00088.txt ts=2026-09-17T23:40:53.566904+00:00
 [00594/3000] modify revertido  /srv/fim-watch/gen_00088.txt ts=2026-09-17T23:40:53.666816+00:00
 [00595/3000] modify simple     /srv/fim-watch/gen_00058.txt ts=2026-09-17T23:40:53.766659+00:00
 [00596/3000] modify simple     /srv/fim-watch/gen_00048.txt ts=2026-09-17T23:40:53.866845+00:00
 [00597/3000] modify revertido  /srv/fim-watch/gen_00042.txt ts=2026-09-17T23:40:53.967023+00:00
 [00598/3000] modify revertido  /srv/fim-watch/gen_00042.txt ts=2026-09-17T23:40:54.066492+00:00
 [00599/3000] delete simple     /srv/fim-watch/gen_00059.txt ts=2026-09-17T23:40:54.166525+00:00
 [00600/3000] create simple     /srv/fim-watch/gen_00113.txt ts=2026-09-17T23:40:54.266677+00:00
 [00601/3000] delete simple     /srv/fim-watch/gen_00092.txt ts=2026-09-17T23:40:54.366562+00:00
 [00602/3000] modify simple     /srv/fim-watch/gen_00006.txt ts=2026-09-17T23:40:54.466634+00:00
 [00603/3000] modify revertido  /srv/fim-watch/gen_00072.txt ts=2026-09-17T23:40:54.566376+00:00
 [00604/3000] modify revertido  /srv/fim-watch/gen_00072.txt ts=2026-09-17T23:40:54.666607+00:00
 [00605/3000] modify simple     /srv/fim-watch/gen_00070.txt ts=2026-09-17T23:40:54.766767+00:00
 [00606/3000] modify colapsado  /srv/fim-watch/gen_00079.txt ts=2026-09-17T23:40:54.866654+00:00
 [00607/3000] modify colapsado  /srv/fim-watch/gen_00079.txt ts=2026-09-17T23:40:54.966450+00:00
 [00608/3000] modify colapsado  /srv/fim-watch/gen_00079.txt ts=2026-09-17T23:40:55.066466+00:00
 [00609/3000] modify colapsado  /srv/fim-watch/gen_00079.txt ts=2026-09-17T23:40:55.166657+00:00
 [00610/3000] modify colapsado  /srv/fim-watch/gen_00079.txt ts=2026-09-17T23:40:55.266414+00:00
 [00611/3000] modify simple     /srv/fim-watch/gen_00020.txt ts=2026-09-17T23:40:55.366645+00:00
 [00612/3000] modify simple     /srv/fim-watch/gen_00060.txt ts=2026-09-17T23:40:55.466622+00:00
 [00613/3000] modify simple     /srv/fim-watch/gen_00049.txt ts=2026-09-17T23:40:55.566950+00:00
 [00614/3000] create simple     /srv/fim-watch/gen_00114.txt ts=2026-09-17T23:40:55.666311+00:00
 [00615/3000] create simple     /srv/fim-watch/gen_00115.txt ts=2026-09-17T23:40:55.766328+00:00
 [00616/3000] modify simple     /srv/fim-watch/gen_00033.txt ts=2026-09-17T23:40:55.866376+00:00
 [00617/3000] modify simple     /srv/fim-watch/gen_00088.txt ts=2026-09-17T23:40:55.966404+00:00
 [00618/3000] create simple     /srv/fim-watch/gen_00116.txt ts=2026-09-17T23:40:56.066144+00:00
 [00619/3000] modify simple     /srv/fim-watch/gen_00106.txt ts=2026-09-17T23:40:56.166591+00:00
 [00620/3000] modify simple     /srv/fim-watch/gen_00016.txt ts=2026-09-17T23:40:56.266641+00:00
 [00621/3000] create simple     /srv/fim-watch/gen_00117.txt ts=2026-09-17T23:40:56.366614+00:00
 [00622/3000] modify simple     /srv/fim-watch/gen_00067.txt ts=2026-09-17T23:40:56.466021+00:00
 [00623/3000] delete simple     /srv/fim-watch/critico/gen_00094.txt ts=2026-09-17T23:40:56.566626+00:00
 [00624/3000] delete simple     /srv/fim-watch/gen_00028.txt ts=2026-09-17T23:40:56.666222+00:00
 [00625/3000] modify simple     /srv/fim-watch/gen_00050.txt ts=2026-09-17T23:40:56.766911+00:00
 [00626/3000] modify simple     /srv/fim-watch/critico/gen_00069.txt ts=2026-09-17T23:40:56.866934+00:00
 [00627/3000] create efimero    /srv/fim-watch/gen_00118.txt ts=2026-09-17T23:40:56.966512+00:00
 [00628/3000] delete efimero    /srv/fim-watch/gen_00118.txt ts=2026-09-17T23:40:57.066468+00:00
 [00629/3000] modify colapsado  /srv/fim-watch/gen_00044.txt ts=2026-09-17T23:40:57.166622+00:00
 [00630/3000] modify colapsado  /srv/fim-watch/gen_00044.txt ts=2026-09-17T23:40:57.266649+00:00
 [00631/3000] modify colapsado  /srv/fim-watch/gen_00044.txt ts=2026-09-17T23:40:57.366817+00:00
 [00632/3000] modify colapsado  /srv/fim-watch/gen_00044.txt ts=2026-09-17T23:40:57.466814+00:00
 [00633/3000] modify colapsado  /srv/fim-watch/gen_00044.txt ts=2026-09-17T23:40:57.566900+00:00
 [00634/3000] modify simple     /srv/fim-watch/gen_00116.txt ts=2026-09-17T23:40:57.666586+00:00
 [00635/3000] create simple     /srv/fim-watch/gen_00119.txt ts=2026-09-17T23:40:57.766451+00:00
 [00636/3000] modify simple     /srv/fim-watch/gen_00042.txt ts=2026-09-17T23:40:57.866583+00:00
 [00637/3000] create simple     /srv/fim-watch/gen_00120.txt ts=2026-09-17T23:40:57.966325+00:00
 [00638/3000] create simple     /srv/fim-watch/gen_00121.txt ts=2026-09-17T23:40:58.066687+00:00
 [00639/3000] modify simple     /srv/fim-watch/gen_00058.txt ts=2026-09-17T23:40:58.166475+00:00
 [00640/3000] create simple     /srv/fim-watch/gen_00122.txt ts=2026-09-17T23:40:58.266490+00:00
 [00641/3000] create simple     /srv/fim-watch/critico/gen_00123.txt ts=2026-09-17T23:40:58.366528+00:00
 [00642/3000] modify simple     /srv/fim-watch/gen_00102.txt ts=2026-09-17T23:40:58.466527+00:00
 [00643/3000] modify revertido  /srv/fim-watch/gen_00090.txt ts=2026-09-17T23:40:58.566679+00:00
 [00644/3000] modify revertido  /srv/fim-watch/gen_00090.txt ts=2026-09-17T23:40:58.666987+00:00
 [00645/3000] modify simple     /srv/fim-watch/gen_00098.txt ts=2026-09-17T23:40:58.766639+00:00
 [00646/3000] modify simple     /srv/fim-watch/gen_00068.txt ts=2026-09-17T23:40:58.866828+00:00
 [00647/3000] delete simple     /srv/fim-watch/critico/gen_00047.txt ts=2026-09-17T23:40:58.966676+00:00
 [00648/3000] modify simple     /srv/fim-watch/critico/gen_00061.txt ts=2026-09-17T23:40:59.066845+00:00
 [00649/3000] modify simple     /srv/fim-watch/critico/gen_00069.txt ts=2026-09-17T23:40:59.166466+00:00
 [00650/3000] create simple     /srv/fim-watch/gen_00124.txt ts=2026-09-17T23:40:59.266304+00:00
 [00651/3000] delete simple     /srv/fim-watch/gen_00097.txt ts=2026-09-17T23:40:59.366664+00:00
 [00652/3000] modify simple     /srv/fim-watch/gen_00033.txt ts=2026-09-17T23:40:59.466573+00:00
 [00653/3000] delete simple     /srv/fim-watch/gen_00076.txt ts=2026-09-17T23:40:59.566679+00:00
 [00654/3000] modify simple     /srv/fim-watch/gen_00100.txt ts=2026-09-17T23:40:59.666434+00:00
 [00655/3000] modify simple     /srv/fim-watch/critico/gen_00053.txt ts=2026-09-17T23:40:59.766392+00:00
 [00656/3000] modify simple     /srv/fim-watch/gen_00093.txt ts=2026-09-17T23:40:59.866843+00:00
 [00657/3000] create simple     /srv/fim-watch/gen_00125.txt ts=2026-09-17T23:40:59.966716+00:00
 [00658/3000] modify simple     /srv/fim-watch/gen_00104.txt ts=2026-09-17T23:41:00.066783+00:00
 [00659/3000] modify simple     /srv/fim-watch/gen_00115.txt ts=2026-09-17T23:41:00.166706+00:00
 [00660/3000] create simple     /srv/fim-watch/gen_00126.txt ts=2026-09-17T23:41:00.266766+00:00
 [00661/3000] modify simple     /srv/fim-watch/gen_00114.txt ts=2026-09-17T23:41:00.366841+00:00
 [00662/3000] modify simple     /srv/fim-watch/gen_00122.txt ts=2026-09-17T23:41:00.466610+00:00
 [00663/3000] create simple     /srv/fim-watch/gen_00127.txt ts=2026-09-17T23:41:00.566684+00:00
 [00664/3000] create simple     /srv/fim-watch/gen_00128.txt ts=2026-09-17T23:41:00.666312+00:00
 [00665/3000] modify simple     /srv/fim-watch/gen_00098.txt ts=2026-09-17T23:41:00.766605+00:00
 [00666/3000] modify revertido  /srv/fim-watch/critico/gen_00110.txt ts=2026-09-17T23:41:00.866250+00:00
 [00667/3000] modify revertido  /srv/fim-watch/critico/gen_00110.txt ts=2026-09-17T23:41:00.966377+00:00
 [00668/3000] delete simple     /srv/fim-watch/gen_00090.txt ts=2026-09-17T23:41:01.066081+00:00
 [00669/3000] modify simple     /srv/fim-watch/gen_00116.txt ts=2026-09-17T23:41:01.166896+00:00
 [00670/3000] modify simple     /srv/fim-watch/gen_00125.txt ts=2026-09-17T23:41:01.266916+00:00
 [00671/3000] create simple     /srv/fim-watch/gen_00129.txt ts=2026-09-17T23:41:01.366498+00:00
 [00672/3000] create simple     /srv/fim-watch/critico/gen_00130.txt ts=2026-09-17T23:41:01.466500+00:00
 [00673/3000] create simple     /srv/fim-watch/gen_00131.txt ts=2026-09-17T23:41:01.565977+00:00
 [00674/3000] modify simple     /srv/fim-watch/gen_00100.txt ts=2026-09-17T23:41:01.666109+00:00
 [00675/3000] modify simple     /srv/fim-watch/gen_00054.txt ts=2026-09-17T23:41:01.766973+00:00
 [00676/3000] create simple     /srv/fim-watch/gen_00132.txt ts=2026-09-17T23:41:01.866647+00:00
 [00677/3000] modify simple     /srv/fim-watch/gen_00129.txt ts=2026-09-17T23:41:01.966712+00:00
 [00678/3000] modify revertido  /srv/fim-watch/gen_00099.txt ts=2026-09-17T23:41:02.066837+00:00
 [00679/3000] modify revertido  /srv/fim-watch/gen_00099.txt ts=2026-09-17T23:41:02.166614+00:00
 [00680/3000] modify simple     /srv/fim-watch/critico/gen_00061.txt ts=2026-09-17T23:41:02.266913+00:00
 [00681/3000] modify simple     /srv/fim-watch/gen_00104.txt ts=2026-09-17T23:41:02.366485+00:00
 [00682/3000] modify simple     /srv/fim-watch/critico/gen_00110.txt ts=2026-09-17T23:41:02.466429+00:00
 [00683/3000] delete simple     /srv/fim-watch/critico/gen_00110.txt ts=2026-09-17T23:41:02.566174+00:00
 [00684/3000] modify simple     /srv/fim-watch/gen_00079.txt ts=2026-09-17T23:41:02.666449+00:00
 [00685/3000] modify simple     /srv/fim-watch/gen_00109.txt ts=2026-09-17T23:41:02.766829+00:00
 [00686/3000] delete simple     /srv/fim-watch/gen_00119.txt ts=2026-09-17T23:41:02.866483+00:00
 [00687/3000] modify simple     /srv/fim-watch/gen_00042.txt ts=2026-09-17T23:41:02.966306+00:00
 [00688/3000] modify simple     /srv/fim-watch/gen_00093.txt ts=2026-09-17T23:41:03.066302+00:00
 [00689/3000] delete simple     /srv/fim-watch/critico/gen_00069.txt ts=2026-09-17T23:41:03.166495+00:00
 [00690/3000] create efimero    /srv/fim-watch/gen_00133.txt ts=2026-09-17T23:41:03.266407+00:00
 [00691/3000] delete efimero    /srv/fim-watch/gen_00133.txt ts=2026-09-17T23:41:03.366649+00:00
 [00692/3000] modify simple     /srv/fim-watch/gen_00079.txt ts=2026-09-17T23:41:03.466357+00:00
 [00693/3000] modify simple     /srv/fim-watch/gen_00116.txt ts=2026-09-17T23:41:03.566935+00:00
 [00694/3000] modify simple     /srv/fim-watch/gen_00068.txt ts=2026-09-17T23:41:03.666626+00:00
 [00695/3000] modify colapsado  /srv/fim-watch/gen_00088.txt ts=2026-09-17T23:41:03.766454+00:00
 [00696/3000] modify colapsado  /srv/fim-watch/gen_00088.txt ts=2026-09-17T23:41:03.866840+00:00
 [00697/3000] modify colapsado  /srv/fim-watch/gen_00088.txt ts=2026-09-17T23:41:03.966810+00:00
 [00698/3000] modify colapsado  /srv/fim-watch/gen_00088.txt ts=2026-09-17T23:41:04.066912+00:00
 [00699/3000] modify colapsado  /srv/fim-watch/gen_00088.txt ts=2026-09-17T23:41:04.166608+00:00
 [00700/3000] create simple     /srv/fim-watch/gen_00134.txt ts=2026-09-17T23:41:04.266730+00:00
 [00701/3000] modify simple     /srv/fim-watch/gen_00100.txt ts=2026-09-17T23:41:04.366474+00:00
 [00702/3000] delete simple     /srv/fim-watch/gen_00044.txt ts=2026-09-17T23:41:04.466642+00:00
 [00703/3000] create simple     /srv/fim-watch/gen_00135.txt ts=2026-09-17T23:41:04.566691+00:00
 [00704/3000] modify simple     /srv/fim-watch/gen_00060.txt ts=2026-09-17T23:41:04.666244+00:00
 [00705/3000] modify colapsado  /srv/fim-watch/gen_00121.txt ts=2026-09-17T23:41:04.766639+00:00
 [00706/3000] modify colapsado  /srv/fim-watch/gen_00121.txt ts=2026-09-17T23:41:04.866511+00:00
 [00707/3000] modify colapsado  /srv/fim-watch/gen_00121.txt ts=2026-09-17T23:41:04.966912+00:00
 [00708/3000] modify colapsado  /srv/fim-watch/gen_00121.txt ts=2026-09-17T23:41:05.066416+00:00
 [00709/3000] modify colapsado  /srv/fim-watch/gen_00121.txt ts=2026-09-17T23:41:05.166672+00:00
 [00710/3000] modify revertido  /srv/fim-watch/gen_00084.txt ts=2026-09-17T23:41:05.266515+00:00
 [00711/3000] modify revertido  /srv/fim-watch/gen_00084.txt ts=2026-09-17T23:41:05.366821+00:00
 [00712/3000] create simple     /srv/fim-watch/gen_00136.txt ts=2026-09-17T23:41:05.466718+00:00
 [00713/3000] modify simple     /srv/fim-watch/gen_00100.txt ts=2026-09-17T23:41:05.566847+00:00
 [00714/3000] modify revertido  /srv/fim-watch/gen_00060.txt ts=2026-09-17T23:41:05.666379+00:00
 [00715/3000] modify revertido  /srv/fim-watch/gen_00060.txt ts=2026-09-17T23:41:05.766435+00:00
 [00716/3000] modify simple     /srv/fim-watch/gen_00067.txt ts=2026-09-17T23:41:05.866900+00:00
 [00717/3000] modify simple     /srv/fim-watch/gen_00042.txt ts=2026-09-17T23:41:05.966902+00:00
 [00718/3000] create efimero    /srv/fim-watch/gen_00137.txt ts=2026-09-17T23:41:06.066150+00:00
 [00719/3000] delete efimero    /srv/fim-watch/gen_00137.txt ts=2026-09-17T23:41:06.166470+00:00
 [00720/3000] modify simple     /srv/fim-watch/critico/gen_00061.txt ts=2026-09-17T23:41:06.266620+00:00
 [00721/3000] delete simple     /srv/fim-watch/gen_00121.txt ts=2026-09-17T23:41:06.366528+00:00
 [00722/3000] modify revertido  /srv/fim-watch/gen_00085.txt ts=2026-09-17T23:41:06.466575+00:00
 [00723/3000] modify revertido  /srv/fim-watch/gen_00085.txt ts=2026-09-17T23:41:06.566139+00:00
 [00724/3000] modify simple     /srv/fim-watch/gen_00116.txt ts=2026-09-17T23:41:06.666657+00:00
 [00725/3000] modify simple     /srv/fim-watch/gen_00136.txt ts=2026-09-17T23:41:06.766304+00:00
 [00726/3000] modify simple     /srv/fim-watch/gen_00029.txt ts=2026-09-17T23:41:06.866302+00:00
 [00727/3000] modify simple     /srv/fim-watch/critico/gen_00123.txt ts=2026-09-17T23:41:06.966023+00:00
 [00728/3000] modify simple     /srv/fim-watch/gen_00062.txt ts=2026-09-17T23:41:07.066517+00:00
 [00729/3000] modify simple     /srv/fim-watch/gen_00065.txt ts=2026-09-17T23:41:07.166628+00:00
 [00730/3000] modify simple     /srv/fim-watch/gen_00106.txt ts=2026-09-17T23:41:07.266400+00:00
 [00731/3000] create efimero    /srv/fim-watch/critico/gen_00138.txt ts=2026-09-17T23:41:07.366320+00:00
 [00732/3000] delete efimero    /srv/fim-watch/critico/gen_00138.txt ts=2026-09-17T23:41:07.466613+00:00
 [00733/3000] modify simple     /srv/fim-watch/gen_00054.txt ts=2026-09-17T23:41:07.566618+00:00
 [00734/3000] create simple     /srv/fim-watch/gen_00139.txt ts=2026-09-17T23:41:07.666721+00:00
 [00735/3000] delete simple     /srv/fim-watch/gen_00072.txt ts=2026-09-17T23:41:07.766291+00:00
 [00736/3000] modify colapsado  /srv/fim-watch/gen_00116.txt ts=2026-09-17T23:41:07.866662+00:00
 [00737/3000] modify colapsado  /srv/fim-watch/gen_00116.txt ts=2026-09-17T23:41:07.966835+00:00
 [00738/3000] modify colapsado  /srv/fim-watch/gen_00116.txt ts=2026-09-17T23:41:08.066413+00:00
 [00739/3000] modify colapsado  /srv/fim-watch/gen_00116.txt ts=2026-09-17T23:41:08.166826+00:00
 [00740/3000] modify colapsado  /srv/fim-watch/gen_00116.txt ts=2026-09-17T23:41:08.266397+00:00
 [00741/3000] modify simple     /srv/fim-watch/gen_00078.txt ts=2026-09-17T23:41:08.366778+00:00
 [00742/3000] create simple     /srv/fim-watch/gen_00140.txt ts=2026-09-17T23:41:08.466691+00:00
 [00743/3000] modify colapsado  /srv/fim-watch/gen_00086.txt ts=2026-09-17T23:41:08.566906+00:00
 [00744/3000] modify colapsado  /srv/fim-watch/gen_00086.txt ts=2026-09-17T23:41:08.666546+00:00
 [00745/3000] modify colapsado  /srv/fim-watch/gen_00086.txt ts=2026-09-17T23:41:08.766609+00:00
 [00746/3000] modify colapsado  /srv/fim-watch/gen_00086.txt ts=2026-09-17T23:41:08.866619+00:00
 [00747/3000] modify colapsado  /srv/fim-watch/gen_00086.txt ts=2026-09-17T23:41:08.966681+00:00
 [00748/3000] create simple     /srv/fim-watch/critico/gen_00141.txt ts=2026-09-17T23:41:09.066550+00:00
 [00749/3000] modify simple     /srv/fim-watch/gen_00088.txt ts=2026-09-17T23:41:09.166950+00:00
 [00750/3000] modify simple     /srv/fim-watch/gen_00140.txt ts=2026-09-17T23:41:09.266435+00:00
 [00751/3000] modify simple     /srv/fim-watch/gen_00073.txt ts=2026-09-17T23:41:09.366906+00:00
 [00752/3000] modify simple     /srv/fim-watch/gen_00135.txt ts=2026-09-17T23:41:09.466910+00:00
 [00753/3000] modify simple     /srv/fim-watch/gen_00102.txt ts=2026-09-17T23:41:09.566891+00:00
 [00754/3000] modify simple     /srv/fim-watch/gen_00050.txt ts=2026-09-17T23:41:09.666470+00:00
 [00755/3000] modify simple     /srv/fim-watch/gen_00117.txt ts=2026-09-17T23:41:09.766365+00:00
 [00756/3000] create simple     /srv/fim-watch/gen_00142.txt ts=2026-09-17T23:41:09.866745+00:00
 [00757/3000] modify simple     /srv/fim-watch/gen_00131.txt ts=2026-09-17T23:41:09.966428+00:00
 [00758/3000] modify simple     /srv/fim-watch/gen_00089.txt ts=2026-09-17T23:41:10.066636+00:00
 [00759/3000] modify simple     /srv/fim-watch/gen_00128.txt ts=2026-09-17T23:41:10.166660+00:00
 [00760/3000] modify revertido  /srv/fim-watch/critico/gen_00061.txt ts=2026-09-17T23:41:10.266442+00:00
 [00761/3000] modify revertido  /srv/fim-watch/critico/gen_00061.txt ts=2026-09-17T23:41:10.366894+00:00
 [00762/3000] modify simple     /srv/fim-watch/gen_00086.txt ts=2026-09-17T23:41:10.466449+00:00
 [00763/3000] create efimero    /srv/fim-watch/gen_00143.txt ts=2026-09-17T23:41:10.566502+00:00
 [00764/3000] delete efimero    /srv/fim-watch/gen_00143.txt ts=2026-09-17T23:41:10.666666+00:00
 [00765/3000] modify colapsado  /srv/fim-watch/gen_00054.txt ts=2026-09-17T23:41:10.766406+00:00
 [00766/3000] modify colapsado  /srv/fim-watch/gen_00054.txt ts=2026-09-17T23:41:10.866841+00:00
 [00767/3000] modify colapsado  /srv/fim-watch/gen_00054.txt ts=2026-09-17T23:41:10.966492+00:00
 [00768/3000] modify colapsado  /srv/fim-watch/gen_00054.txt ts=2026-09-17T23:41:11.066448+00:00
 [00769/3000] modify colapsado  /srv/fim-watch/gen_00054.txt ts=2026-09-17T23:41:11.166431+00:00
 [00770/3000] modify revertido  /srv/fim-watch/gen_00117.txt ts=2026-09-17T23:41:11.266552+00:00
 [00771/3000] modify revertido  /srv/fim-watch/gen_00117.txt ts=2026-09-17T23:41:11.366827+00:00
 [00772/3000] create simple     /srv/fim-watch/critico/gen_00144.txt ts=2026-09-17T23:41:11.466729+00:00
 [00773/3000] modify simple     /srv/fim-watch/gen_00054.txt ts=2026-09-17T23:41:11.566417+00:00
 [00774/3000] create simple     /srv/fim-watch/gen_00145.txt ts=2026-09-17T23:41:11.666716+00:00
 [00775/3000] modify simple     /srv/fim-watch/gen_00105.txt ts=2026-09-17T23:41:11.766288+00:00
 [00776/3000] modify revertido  /srv/fim-watch/gen_00016.txt ts=2026-09-17T23:41:11.866699+00:00
 [00777/3000] modify revertido  /srv/fim-watch/gen_00016.txt ts=2026-09-17T23:41:11.966751+00:00
 [00778/3000] modify simple     /srv/fim-watch/critico/gen_00144.txt ts=2026-09-17T23:41:12.066609+00:00
 [00779/3000] create simple     /srv/fim-watch/gen_00146.txt ts=2026-09-17T23:41:12.166393+00:00
 [00780/3000] modify revertido  /srv/fim-watch/gen_00098.txt ts=2026-09-17T23:41:12.266247+00:00
 [00781/3000] modify revertido  /srv/fim-watch/gen_00098.txt ts=2026-09-17T23:41:12.366914+00:00
 [00782/3000] modify simple     /srv/fim-watch/gen_00128.txt ts=2026-09-17T23:41:12.466944+00:00
 [00783/3000] modify simple     /srv/fim-watch/gen_00074.txt ts=2026-09-17T23:41:12.566941+00:00
 [00784/3000] modify simple     /srv/fim-watch/gen_00073.txt ts=2026-09-17T23:41:12.666679+00:00
 [00785/3000] modify simple     /srv/fim-watch/gen_00135.txt ts=2026-09-17T23:41:12.766979+00:00
 [00786/3000] modify simple     /srv/fim-watch/gen_00100.txt ts=2026-09-17T23:41:12.866691+00:00
 [00787/3000] modify simple     /srv/fim-watch/gen_00115.txt ts=2026-09-17T23:41:12.966974+00:00
 [00788/3000] create simple     /srv/fim-watch/gen_00147.txt ts=2026-09-17T23:41:13.066336+00:00
 [00789/3000] delete simple     /srv/fim-watch/critico/gen_00091.txt ts=2026-09-17T23:41:13.166321+00:00
 [00790/3000] modify simple     /srv/fim-watch/gen_00062.txt ts=2026-09-17T23:41:13.266646+00:00
 [00791/3000] modify simple     /srv/fim-watch/gen_00132.txt ts=2026-09-17T23:41:13.366636+00:00
 [00792/3000] modify simple     /srv/fim-watch/gen_00048.txt ts=2026-09-17T23:41:13.466368+00:00
 [00793/3000] modify simple     /srv/fim-watch/gen_00136.txt ts=2026-09-17T23:41:13.566839+00:00
 [00794/3000] delete simple     /srv/fim-watch/gen_00109.txt ts=2026-09-17T23:41:13.666771+00:00
 [00795/3000] modify revertido  /srv/fim-watch/gen_00085.txt ts=2026-09-17T23:41:13.766735+00:00
 [00796/3000] modify revertido  /srv/fim-watch/gen_00085.txt ts=2026-09-17T23:41:13.866901+00:00
 [00797/3000] modify simple     /srv/fim-watch/critico/gen_00130.txt ts=2026-09-17T23:41:13.966826+00:00
 [00798/3000] modify simple     /srv/fim-watch/gen_00006.txt ts=2026-09-17T23:41:14.066905+00:00
 [00799/3000] create simple     /srv/fim-watch/gen_00148.txt ts=2026-09-17T23:41:14.166703+00:00
 [00800/3000] delete simple     /srv/fim-watch/gen_00116.txt ts=2026-09-17T23:41:14.266697+00:00
 [00801/3000] modify colapsado  /srv/fim-watch/gen_00148.txt ts=2026-09-17T23:41:14.366813+00:00
 [00802/3000] modify colapsado  /srv/fim-watch/gen_00148.txt ts=2026-09-17T23:41:14.466954+00:00
 [00803/3000] modify colapsado  /srv/fim-watch/gen_00148.txt ts=2026-09-17T23:41:14.566797+00:00
 [00804/3000] modify colapsado  /srv/fim-watch/gen_00148.txt ts=2026-09-17T23:41:14.666891+00:00
 [00805/3000] modify colapsado  /srv/fim-watch/gen_00148.txt ts=2026-09-17T23:41:14.766411+00:00
 [00806/3000] modify revertido  /srv/fim-watch/gen_00064.txt ts=2026-09-17T23:41:14.866538+00:00
 [00807/3000] modify revertido  /srv/fim-watch/gen_00064.txt ts=2026-09-17T23:41:14.967065+00:00
 [00808/3000] delete simple     /srv/fim-watch/gen_00085.txt ts=2026-09-17T23:41:15.066753+00:00
 [00809/3000] create simple     /srv/fim-watch/gen_00149.txt ts=2026-09-17T23:41:15.166555+00:00
 [00810/3000] modify simple     /srv/fim-watch/critico/gen_00144.txt ts=2026-09-17T23:41:15.266913+00:00
 [00811/3000] modify simple     /srv/fim-watch/gen_00103.txt ts=2026-09-17T23:41:15.366907+00:00
 [00812/3000] modify simple     /srv/fim-watch/gen_00106.txt ts=2026-09-17T23:41:15.467041+00:00
 [00813/3000] delete simple     /srv/fim-watch/gen_00131.txt ts=2026-09-17T23:41:15.566266+00:00
 [00814/3000] modify simple     /srv/fim-watch/gen_00096.txt ts=2026-09-17T23:41:15.666461+00:00
 [00815/3000] create simple     /srv/fim-watch/critico/gen_00150.txt ts=2026-09-17T23:41:15.766138+00:00
 [00816/3000] create simple     /srv/fim-watch/gen_00151.txt ts=2026-09-17T23:41:15.866710+00:00
 [00817/3000] create simple     /srv/fim-watch/gen_00152.txt ts=2026-09-17T23:41:15.966830+00:00
 [00818/3000] modify simple     /srv/fim-watch/gen_00084.txt ts=2026-09-17T23:41:16.066887+00:00
 [00819/3000] create simple     /srv/fim-watch/critico/gen_00153.txt ts=2026-09-17T23:41:16.166368+00:00
 [00820/3000] delete simple     /srv/fim-watch/gen_00127.txt ts=2026-09-17T23:41:16.266477+00:00
 [00821/3000] create simple     /srv/fim-watch/gen_00154.txt ts=2026-09-17T23:41:16.366518+00:00
 [00822/3000] modify simple     /srv/fim-watch/critico/gen_00150.txt ts=2026-09-17T23:41:16.466743+00:00
 [00823/3000] create simple     /srv/fim-watch/gen_00155.txt ts=2026-09-17T23:41:16.566699+00:00
 [00824/3000] modify simple     /srv/fim-watch/gen_00147.txt ts=2026-09-17T23:41:16.666112+00:00
 [00825/3000] modify revertido  /srv/fim-watch/gen_00120.txt ts=2026-09-17T23:41:16.766843+00:00
 [00826/3000] modify revertido  /srv/fim-watch/gen_00120.txt ts=2026-09-17T23:41:16.866422+00:00
 [00827/3000] create simple     /srv/fim-watch/critico/gen_00156.txt ts=2026-09-17T23:41:16.966276+00:00
 [00828/3000] modify simple     /srv/fim-watch/gen_00151.txt ts=2026-09-17T23:41:17.066429+00:00
 [00829/3000] modify simple     /srv/fim-watch/gen_00125.txt ts=2026-09-17T23:41:17.166708+00:00
 [00830/3000] delete simple     /srv/fim-watch/critico/gen_00144.txt ts=2026-09-17T23:41:17.266325+00:00
 [00831/3000] modify simple     /srv/fim-watch/gen_00155.txt ts=2026-09-17T23:41:17.366243+00:00
 [00832/3000] modify simple     /srv/fim-watch/gen_00078.txt ts=2026-09-17T23:41:17.466023+00:00
 [00833/3000] create simple     /srv/fim-watch/gen_00157.txt ts=2026-09-17T23:41:17.565974+00:00
 [00834/3000] modify simple     /srv/fim-watch/gen_00151.txt ts=2026-09-17T23:41:17.666097+00:00
 [00835/3000] create simple     /srv/fim-watch/gen_00158.txt ts=2026-09-17T23:41:17.766492+00:00
 [00836/3000] modify colapsado  /srv/fim-watch/gen_00142.txt ts=2026-09-17T23:41:17.866844+00:00
 [00837/3000] modify colapsado  /srv/fim-watch/gen_00142.txt ts=2026-09-17T23:41:17.966700+00:00
 [00838/3000] modify colapsado  /srv/fim-watch/gen_00142.txt ts=2026-09-17T23:41:18.066407+00:00
 [00839/3000] modify colapsado  /srv/fim-watch/gen_00142.txt ts=2026-09-17T23:41:18.166191+00:00
 [00840/3000] modify colapsado  /srv/fim-watch/gen_00142.txt ts=2026-09-17T23:41:18.266820+00:00
 [00841/3000] create simple     /srv/fim-watch/gen_00159.txt ts=2026-09-17T23:41:18.366716+00:00
 [00842/3000] create simple     /srv/fim-watch/gen_00160.txt ts=2026-09-17T23:41:18.466690+00:00
 [00843/3000] modify simple     /srv/fim-watch/gen_00050.txt ts=2026-09-17T23:41:18.567010+00:00
 [00844/3000] modify simple     /srv/fim-watch/gen_00078.txt ts=2026-09-17T23:41:18.666459+00:00
 [00845/3000] modify simple     /srv/fim-watch/gen_00151.txt ts=2026-09-17T23:41:18.766660+00:00
 [00846/3000] create simple     /srv/fim-watch/gen_00161.txt ts=2026-09-17T23:41:18.866699+00:00
 [00847/3000] modify revertido  /srv/fim-watch/gen_00062.txt ts=2026-09-17T23:41:18.966650+00:00
 [00848/3000] modify revertido  /srv/fim-watch/gen_00062.txt ts=2026-09-17T23:41:19.066970+00:00
 [00849/3000] delete simple     /srv/fim-watch/gen_00099.txt ts=2026-09-17T23:41:19.166299+00:00
 [00850/3000] modify revertido  /srv/fim-watch/gen_00054.txt ts=2026-09-17T23:41:19.266526+00:00
 [00851/3000] modify revertido  /srv/fim-watch/gen_00054.txt ts=2026-09-17T23:41:19.366895+00:00
 [00852/3000] modify revertido  /srv/fim-watch/critico/gen_00053.txt ts=2026-09-17T23:41:19.466434+00:00
 [00853/3000] modify revertido  /srv/fim-watch/critico/gen_00053.txt ts=2026-09-17T23:41:19.566832+00:00
 [00854/3000] modify simple     /srv/fim-watch/gen_00159.txt ts=2026-09-17T23:41:19.667035+00:00
 [00855/3000] modify revertido  /srv/fim-watch/gen_00151.txt ts=2026-09-17T23:41:19.766440+00:00
 [00856/3000] modify revertido  /srv/fim-watch/gen_00151.txt ts=2026-09-17T23:41:19.866660+00:00
 [00857/3000] modify simple     /srv/fim-watch/gen_00115.txt ts=2026-09-17T23:41:19.966619+00:00
 [00858/3000] create simple     /srv/fim-watch/gen_00162.txt ts=2026-09-17T23:41:20.066508+00:00
 [00859/3000] modify revertido  /srv/fim-watch/gen_00100.txt ts=2026-09-17T23:41:20.166954+00:00
 [00860/3000] modify revertido  /srv/fim-watch/gen_00100.txt ts=2026-09-17T23:41:20.266750+00:00
 [00861/3000] modify simple     /srv/fim-watch/gen_00006.txt ts=2026-09-17T23:41:20.366674+00:00
 [00862/3000] modify simple     /srv/fim-watch/gen_00049.txt ts=2026-09-17T23:41:20.466651+00:00
 [00863/3000] modify simple     /srv/fim-watch/gen_00161.txt ts=2026-09-17T23:41:20.566634+00:00
 [00864/3000] modify simple     /srv/fim-watch/gen_00160.txt ts=2026-09-17T23:41:20.666666+00:00
 [00865/3000] modify simple     /srv/fim-watch/gen_00122.txt ts=2026-09-17T23:41:20.766452+00:00
 [00866/3000] modify simple     /srv/fim-watch/gen_00155.txt ts=2026-09-17T23:41:20.866433+00:00
 [00867/3000] modify revertido  /srv/fim-watch/gen_00065.txt ts=2026-09-17T23:41:20.966409+00:00
 [00868/3000] modify revertido  /srv/fim-watch/gen_00065.txt ts=2026-09-17T23:41:21.066460+00:00
 [00869/3000] create simple     /srv/fim-watch/gen_00163.txt ts=2026-09-17T23:41:21.166761+00:00
 [00870/3000] modify simple     /srv/fim-watch/gen_00126.txt ts=2026-09-17T23:41:21.266325+00:00
 [00871/3000] create efimero    /srv/fim-watch/gen_00164.txt ts=2026-09-17T23:41:21.366529+00:00
 [00872/3000] delete efimero    /srv/fim-watch/gen_00164.txt ts=2026-09-17T23:41:21.466492+00:00
 [00873/3000] create simple     /srv/fim-watch/gen_00165.txt ts=2026-09-17T23:41:21.566727+00:00
 [00874/3000] modify simple     /srv/fim-watch/gen_00078.txt ts=2026-09-17T23:41:21.666317+00:00
 [00875/3000] modify simple     /srv/fim-watch/gen_00125.txt ts=2026-09-17T23:41:21.766474+00:00
 [00876/3000] modify simple     /srv/fim-watch/gen_00057.txt ts=2026-09-17T23:41:21.866811+00:00
 [00877/3000] modify simple     /srv/fim-watch/gen_00124.txt ts=2026-09-17T23:41:21.966468+00:00
 [00878/3000] create simple     /srv/fim-watch/gen_00166.txt ts=2026-09-17T23:41:22.066601+00:00
 [00879/3000] modify simple     /srv/fim-watch/gen_00158.txt ts=2026-09-17T23:41:22.166706+00:00
 [00880/3000] modify simple     /srv/fim-watch/gen_00088.txt ts=2026-09-17T23:41:22.266725+00:00
 [00881/3000] modify simple     /srv/fim-watch/gen_00048.txt ts=2026-09-17T23:41:22.366635+00:00
 [00882/3000] modify simple     /srv/fim-watch/critico/gen_00150.txt ts=2026-09-17T23:41:22.466176+00:00
 [00883/3000] modify simple     /srv/fim-watch/gen_00161.txt ts=2026-09-17T23:41:22.566805+00:00
 [00884/3000] modify revertido  /srv/fim-watch/gen_00049.txt ts=2026-09-17T23:41:22.666381+00:00
 [00885/3000] modify revertido  /srv/fim-watch/gen_00049.txt ts=2026-09-17T23:41:22.766368+00:00
 [00886/3000] modify simple     /srv/fim-watch/gen_00102.txt ts=2026-09-17T23:41:22.866020+00:00
 [00887/3000] create simple     /srv/fim-watch/gen_00167.txt ts=2026-09-17T23:41:22.966333+00:00
 [00888/3000] modify simple     /srv/fim-watch/gen_00040.txt ts=2026-09-17T23:41:23.066810+00:00
 [00889/3000] modify colapsado  /srv/fim-watch/gen_00151.txt ts=2026-09-17T23:41:23.166832+00:00
 [00890/3000] modify colapsado  /srv/fim-watch/gen_00151.txt ts=2026-09-17T23:41:23.266365+00:00
 [00891/3000] modify colapsado  /srv/fim-watch/gen_00151.txt ts=2026-09-17T23:41:23.366973+00:00
 [00892/3000] modify colapsado  /srv/fim-watch/gen_00151.txt ts=2026-09-17T23:41:23.466439+00:00
 [00893/3000] modify colapsado  /srv/fim-watch/gen_00151.txt ts=2026-09-17T23:41:23.566411+00:00
 [00894/3000] modify simple     /srv/fim-watch/gen_00033.txt ts=2026-09-17T23:41:23.666890+00:00
 [00895/3000] modify simple     /srv/fim-watch/gen_00166.txt ts=2026-09-17T23:41:23.766423+00:00
 [00896/3000] modify simple     /srv/fim-watch/critico/gen_00130.txt ts=2026-09-17T23:41:23.866442+00:00
 [00897/3000] modify simple     /srv/fim-watch/critico/gen_00025.txt ts=2026-09-17T23:41:23.966478+00:00
 [00898/3000] delete simple     /srv/fim-watch/gen_00054.txt ts=2026-09-17T23:41:24.066694+00:00
 [00899/3000] create simple     /srv/fim-watch/gen_00168.txt ts=2026-09-17T23:41:24.166689+00:00
 [00900/3000] create simple     /srv/fim-watch/critico/gen_00169.txt ts=2026-09-17T23:41:24.266710+00:00
 [00901/3000] create simple     /srv/fim-watch/gen_00170.txt ts=2026-09-17T23:41:24.366829+00:00
 [00902/3000] modify simple     /srv/fim-watch/gen_00033.txt ts=2026-09-17T23:41:24.466450+00:00
 [00903/3000] create simple     /srv/fim-watch/gen_00171.txt ts=2026-09-17T23:41:24.566688+00:00
 [00904/3000] create simple     /srv/fim-watch/gen_00172.txt ts=2026-09-17T23:41:24.666524+00:00
 [00905/3000] modify simple     /srv/fim-watch/gen_00093.txt ts=2026-09-17T23:41:24.766888+00:00
 [00906/3000] modify simple     /srv/fim-watch/gen_00065.txt ts=2026-09-17T23:41:24.866391+00:00
 [00907/3000] modify simple     /srv/fim-watch/critico/gen_00156.txt ts=2026-09-17T23:41:24.966409+00:00
 [00908/3000] modify simple     /srv/fim-watch/gen_00135.txt ts=2026-09-17T23:41:25.066654+00:00
 [00909/3000] modify simple     /srv/fim-watch/gen_00089.txt ts=2026-09-17T23:41:25.166803+00:00
 [00910/3000] modify simple     /srv/fim-watch/gen_00040.txt ts=2026-09-17T23:41:25.266513+00:00
 [00911/3000] modify simple     /srv/fim-watch/gen_00006.txt ts=2026-09-17T23:41:25.366402+00:00
 [00912/3000] modify simple     /srv/fim-watch/gen_00140.txt ts=2026-09-17T23:41:25.466421+00:00
 [00913/3000] modify revertido  /srv/fim-watch/gen_00071.txt ts=2026-09-17T23:41:25.566900+00:00
 [00914/3000] modify revertido  /srv/fim-watch/gen_00071.txt ts=2026-09-17T23:41:25.666904+00:00
 [00915/3000] modify simple     /srv/fim-watch/gen_00161.txt ts=2026-09-17T23:41:25.766907+00:00
 [00916/3000] delete simple     /srv/fim-watch/gen_00168.txt ts=2026-09-17T23:41:25.866225+00:00
 [00917/3000] modify revertido  /srv/fim-watch/gen_00105.txt ts=2026-09-17T23:41:25.966420+00:00
 [00918/3000] modify revertido  /srv/fim-watch/gen_00105.txt ts=2026-09-17T23:41:26.066807+00:00
 [00919/3000] modify colapsado  /srv/fim-watch/gen_00064.txt ts=2026-09-17T23:41:26.166911+00:00
 [00920/3000] modify colapsado  /srv/fim-watch/gen_00064.txt ts=2026-09-17T23:41:26.266910+00:00
 [00921/3000] modify colapsado  /srv/fim-watch/gen_00064.txt ts=2026-09-17T23:41:26.366386+00:00
 [00922/3000] modify colapsado  /srv/fim-watch/gen_00064.txt ts=2026-09-17T23:41:26.466959+00:00
 [00923/3000] modify colapsado  /srv/fim-watch/gen_00064.txt ts=2026-09-17T23:41:26.566571+00:00
 [00924/3000] modify simple     /srv/fim-watch/gen_00147.txt ts=2026-09-17T23:41:26.666904+00:00
 [00925/3000] modify simple     /srv/fim-watch/gen_00160.txt ts=2026-09-17T23:41:26.766409+00:00
 [00926/3000] modify simple     /srv/fim-watch/gen_00136.txt ts=2026-09-17T23:41:26.866655+00:00
 [00927/3000] delete simple     /srv/fim-watch/gen_00172.txt ts=2026-09-17T23:41:26.966325+00:00
 [00928/3000] modify simple     /srv/fim-watch/gen_00070.txt ts=2026-09-17T23:41:27.066908+00:00
 [00929/3000] modify simple     /srv/fim-watch/gen_00079.txt ts=2026-09-17T23:41:27.166916+00:00
 [00930/3000] create simple     /srv/fim-watch/critico/gen_00173.txt ts=2026-09-17T23:41:27.266451+00:00
 [00931/3000] modify simple     /srv/fim-watch/gen_00042.txt ts=2026-09-17T23:41:27.366675+00:00
 [00932/3000] modify simple     /srv/fim-watch/gen_00036.txt ts=2026-09-17T23:41:27.466913+00:00
 [00933/3000] modify simple     /srv/fim-watch/gen_00066.txt ts=2026-09-17T23:41:27.566759+00:00
 [00934/3000] modify simple     /srv/fim-watch/gen_00146.txt ts=2026-09-17T23:41:27.666767+00:00
 [00935/3000] create simple     /srv/fim-watch/gen_00174.txt ts=2026-09-17T23:41:27.766672+00:00
 [00936/3000] create simple     /srv/fim-watch/gen_00175.txt ts=2026-09-17T23:41:27.866318+00:00
 [00937/3000] modify simple     /srv/fim-watch/gen_00134.txt ts=2026-09-17T23:41:27.966389+00:00
 [00938/3000] modify simple     /srv/fim-watch/gen_00048.txt ts=2026-09-17T23:41:28.065993+00:00
 [00939/3000] delete simple     /srv/fim-watch/gen_00029.txt ts=2026-09-17T23:41:28.165973+00:00
 [00940/3000] modify simple     /srv/fim-watch/gen_00104.txt ts=2026-09-17T23:41:28.266598+00:00
 [00941/3000] delete simple     /srv/fim-watch/critico/gen_00141.txt ts=2026-09-17T23:41:28.366067+00:00
 [00942/3000] modify simple     /srv/fim-watch/gen_00084.txt ts=2026-09-17T23:41:28.466937+00:00
 [00943/3000] create simple     /srv/fim-watch/gen_00176.txt ts=2026-09-17T23:41:28.566516+00:00
 [00944/3000] modify colapsado  /srv/fim-watch/critico/gen_00053.txt ts=2026-09-17T23:41:28.666766+00:00
 [00945/3000] modify colapsado  /srv/fim-watch/critico/gen_00053.txt ts=2026-09-17T23:41:28.766340+00:00
 [00946/3000] modify colapsado  /srv/fim-watch/critico/gen_00053.txt ts=2026-09-17T23:41:28.866803+00:00
 [00947/3000] modify colapsado  /srv/fim-watch/critico/gen_00053.txt ts=2026-09-17T23:41:28.966417+00:00
 [00948/3000] modify colapsado  /srv/fim-watch/critico/gen_00053.txt ts=2026-09-17T23:41:29.066376+00:00
 [00949/3000] modify simple     /srv/fim-watch/gen_00146.txt ts=2026-09-17T23:41:29.166814+00:00
 [00950/3000] modify revertido  /srv/fim-watch/gen_00060.txt ts=2026-09-17T23:41:29.266630+00:00
 [00951/3000] modify revertido  /srv/fim-watch/gen_00060.txt ts=2026-09-17T23:41:29.366902+00:00
 [00952/3000] modify revertido  /srv/fim-watch/gen_00113.txt ts=2026-09-17T23:41:29.466473+00:00
 [00953/3000] modify revertido  /srv/fim-watch/gen_00113.txt ts=2026-09-17T23:41:29.566807+00:00
 [00954/3000] modify simple     /srv/fim-watch/critico/gen_00150.txt ts=2026-09-17T23:41:29.666608+00:00
 [00955/3000] modify simple     /srv/fim-watch/gen_00111.txt ts=2026-09-17T23:41:29.766693+00:00
 [00956/3000] modify colapsado  /srv/fim-watch/gen_00166.txt ts=2026-09-17T23:41:29.866278+00:00
 [00957/3000] modify colapsado  /srv/fim-watch/gen_00166.txt ts=2026-09-17T23:41:29.967900+00:00
 [00958/3000] modify colapsado  /srv/fim-watch/gen_00166.txt ts=2026-09-17T23:41:30.066904+00:00
 [00959/3000] modify colapsado  /srv/fim-watch/gen_00166.txt ts=2026-09-17T23:41:30.166901+00:00
 [00960/3000] modify colapsado  /srv/fim-watch/gen_00166.txt ts=2026-09-17T23:41:30.266735+00:00
 [00961/3000] modify simple     /srv/fim-watch/gen_00042.txt ts=2026-09-17T23:41:30.366927+00:00
 [00962/3000] modify simple     /srv/fim-watch/gen_00100.txt ts=2026-09-17T23:41:30.466635+00:00
 [00963/3000] modify revertido  /srv/fim-watch/gen_00176.txt ts=2026-09-17T23:41:30.566842+00:00
 [00964/3000] modify revertido  /srv/fim-watch/gen_00176.txt ts=2026-09-17T23:41:30.667060+00:00
 [00965/3000] create simple     /srv/fim-watch/gen_00177.txt ts=2026-09-17T23:41:30.766744+00:00
 [00966/3000] create simple     /srv/fim-watch/gen_00178.txt ts=2026-09-17T23:41:30.866485+00:00
 [00967/3000] modify simple     /srv/fim-watch/gen_00104.txt ts=2026-09-17T23:41:30.966429+00:00
 [00968/3000] modify simple     /srv/fim-watch/gen_00113.txt ts=2026-09-17T23:41:31.066630+00:00
 [00969/3000] create simple     /srv/fim-watch/gen_00179.txt ts=2026-09-17T23:41:31.166498+00:00
 [00970/3000] modify revertido  /srv/fim-watch/gen_00049.txt ts=2026-09-17T23:41:31.266836+00:00
 [00971/3000] modify revertido  /srv/fim-watch/gen_00049.txt ts=2026-09-17T23:41:31.366233+00:00
 [00972/3000] modify simple     /srv/fim-watch/gen_00117.txt ts=2026-09-17T23:41:31.466475+00:00
 [00973/3000] delete simple     /srv/fim-watch/gen_00158.txt ts=2026-09-17T23:41:31.566706+00:00
 [00974/3000] delete simple     /srv/fim-watch/gen_00048.txt ts=2026-09-17T23:41:31.666688+00:00
 [00975/3000] modify simple     /srv/fim-watch/gen_00124.txt ts=2026-09-17T23:41:31.766347+00:00
 [00976/3000] modify revertido  /srv/fim-watch/gen_00177.txt ts=2026-09-17T23:41:31.866843+00:00
 [00977/3000] modify revertido  /srv/fim-watch/gen_00177.txt ts=2026-09-17T23:41:31.966411+00:00
 [00978/3000] modify simple     /srv/fim-watch/gen_00060.txt ts=2026-09-17T23:41:32.066914+00:00
 [00979/3000] create simple     /srv/fim-watch/gen_00180.txt ts=2026-09-17T23:41:32.166719+00:00
 [00980/3000] modify simple     /srv/fim-watch/gen_00033.txt ts=2026-09-17T23:41:32.266937+00:00
 [00981/3000] modify simple     /srv/fim-watch/gen_00171.txt ts=2026-09-17T23:41:32.366363+00:00
 [00982/3000] create simple     /srv/fim-watch/gen_00181.txt ts=2026-09-17T23:41:32.466518+00:00
 [00983/3000] modify simple     /srv/fim-watch/gen_00180.txt ts=2026-09-17T23:41:32.566686+00:00
 [00984/3000] modify simple     /srv/fim-watch/gen_00078.txt ts=2026-09-17T23:41:32.666911+00:00
 [00985/3000] modify simple     /srv/fim-watch/gen_00073.txt ts=2026-09-17T23:41:32.767029+00:00
 [00986/3000] modify simple     /srv/fim-watch/gen_00155.txt ts=2026-09-17T23:41:32.866943+00:00
 [00987/3000] modify simple     /srv/fim-watch/gen_00161.txt ts=2026-09-17T23:41:32.966449+00:00
 [00988/3000] delete simple     /srv/fim-watch/gen_00111.txt ts=2026-09-17T23:41:33.066619+00:00
 [00989/3000] create simple     /srv/fim-watch/gen_00182.txt ts=2026-09-17T23:41:33.166709+00:00
 [00990/3000] modify simple     /srv/fim-watch/gen_00074.txt ts=2026-09-17T23:41:33.266318+00:00
 [00991/3000] modify simple     /srv/fim-watch/gen_00016.txt ts=2026-09-17T23:41:33.366087+00:00
 [00992/3000] modify simple     /srv/fim-watch/gen_00159.txt ts=2026-09-17T23:41:33.466014+00:00
 [00993/3000] modify simple     /srv/fim-watch/critico/gen_00123.txt ts=2026-09-17T23:41:33.566920+00:00
 [00994/3000] modify simple     /srv/fim-watch/gen_00170.txt ts=2026-09-17T23:41:33.666842+00:00
 [00995/3000] modify simple     /srv/fim-watch/gen_00178.txt ts=2026-09-17T23:41:33.766902+00:00
 [00996/3000] create simple     /srv/fim-watch/critico/gen_00183.txt ts=2026-09-17T23:41:33.866482+00:00
 [00997/3000] modify simple     /srv/fim-watch/gen_00170.txt ts=2026-09-17T23:41:33.966428+00:00
 [00998/3000] modify simple     /srv/fim-watch/gen_00174.txt ts=2026-09-17T23:41:34.067014+00:00
 [00999/3000] modify simple     /srv/fim-watch/gen_00036.txt ts=2026-09-17T23:41:34.166416+00:00
 [01000/3000] modify revertido  /srv/fim-watch/gen_00135.txt ts=2026-09-17T23:41:34.266665+00:00
 [01001/3000] modify revertido  /srv/fim-watch/gen_00135.txt ts=2026-09-17T23:41:34.366752+00:00
 [01002/3000] modify revertido  /srv/fim-watch/gen_00120.txt ts=2026-09-17T23:41:34.466902+00:00
 [01003/3000] modify revertido  /srv/fim-watch/gen_00120.txt ts=2026-09-17T23:41:34.566905+00:00
 [01004/3000] create simple     /srv/fim-watch/critico/gen_00184.txt ts=2026-09-17T23:41:34.666751+00:00
 [01005/3000] modify simple     /srv/fim-watch/gen_00049.txt ts=2026-09-17T23:41:34.766944+00:00
 [01006/3000] delete simple     /srv/fim-watch/gen_00182.txt ts=2026-09-17T23:41:34.866787+00:00
 [01007/3000] modify simple     /srv/fim-watch/gen_00171.txt ts=2026-09-17T23:41:34.966148+00:00
 [01008/3000] create simple     /srv/fim-watch/gen_00185.txt ts=2026-09-17T23:41:35.066723+00:00
 [01009/3000] modify simple     /srv/fim-watch/critico/gen_00156.txt ts=2026-09-17T23:41:35.166617+00:00
 [01010/3000] modify simple     /srv/fim-watch/gen_00093.txt ts=2026-09-17T23:41:35.266536+00:00
 [01011/3000] create simple     /srv/fim-watch/gen_00186.txt ts=2026-09-17T23:41:35.366821+00:00
 [01012/3000] modify simple     /srv/fim-watch/gen_00100.txt ts=2026-09-17T23:41:35.466827+00:00
 [01013/3000] modify simple     /srv/fim-watch/critico/gen_00061.txt ts=2026-09-17T23:41:35.566437+00:00
 [01014/3000] modify simple     /srv/fim-watch/gen_00129.txt ts=2026-09-17T23:41:35.666827+00:00
 [01015/3000] create simple     /srv/fim-watch/gen_00187.txt ts=2026-09-17T23:41:35.766385+00:00
 [01016/3000] modify revertido  /srv/fim-watch/gen_00163.txt ts=2026-09-17T23:41:35.866905+00:00
 [01017/3000] modify revertido  /srv/fim-watch/gen_00163.txt ts=2026-09-17T23:41:35.966193+00:00
 [01018/3000] modify simple     /srv/fim-watch/critico/gen_00123.txt ts=2026-09-17T23:41:36.066830+00:00
 [01019/3000] modify simple     /srv/fim-watch/gen_00181.txt ts=2026-09-17T23:41:36.166662+00:00
 [01020/3000] modify simple     /srv/fim-watch/gen_00108.txt ts=2026-09-17T23:41:36.266905+00:00
 [01021/3000] delete simple     /srv/fim-watch/gen_00186.txt ts=2026-09-17T23:41:36.366641+00:00
 [01022/3000] modify simple     /srv/fim-watch/gen_00114.txt ts=2026-09-17T23:41:36.466323+00:00
 [01023/3000] create simple     /srv/fim-watch/gen_00188.txt ts=2026-09-17T23:41:36.566700+00:00
 [01024/3000] create simple     /srv/fim-watch/critico/gen_00189.txt ts=2026-09-17T23:41:36.666574+00:00
 [01025/3000] delete simple     /srv/fim-watch/gen_00120.txt ts=2026-09-17T23:41:36.766244+00:00
 [01026/3000] create simple     /srv/fim-watch/gen_00190.txt ts=2026-09-17T23:41:36.866212+00:00
 [01027/3000] modify revertido  /srv/fim-watch/gen_00100.txt ts=2026-09-17T23:41:36.966422+00:00
 [01028/3000] modify revertido  /srv/fim-watch/gen_00100.txt ts=2026-09-17T23:41:37.066621+00:00
 [01029/3000] modify simple     /srv/fim-watch/gen_00161.txt ts=2026-09-17T23:41:37.166430+00:00
 [01030/3000] delete simple     /srv/fim-watch/gen_00073.txt ts=2026-09-17T23:41:37.266650+00:00
 [01031/3000] create simple     /srv/fim-watch/critico/gen_00191.txt ts=2026-09-17T23:41:37.366474+00:00
 [01032/3000] delete simple     /srv/fim-watch/gen_00190.txt ts=2026-09-17T23:41:37.466551+00:00
 [01033/3000] modify simple     /srv/fim-watch/gen_00033.txt ts=2026-09-17T23:41:37.566904+00:00
 [01034/3000] delete simple     /srv/fim-watch/gen_00113.txt ts=2026-09-17T23:41:37.666641+00:00
 [01035/3000] create simple     /srv/fim-watch/gen_00192.txt ts=2026-09-17T23:41:37.766524+00:00
 [01036/3000] create simple     /srv/fim-watch/gen_00193.txt ts=2026-09-17T23:41:37.866530+00:00
 [01037/3000] create simple     /srv/fim-watch/gen_00194.txt ts=2026-09-17T23:41:37.966355+00:00
 [01038/3000] modify revertido  /srv/fim-watch/gen_00071.txt ts=2026-09-17T23:41:38.066949+00:00
 [01039/3000] modify revertido  /srv/fim-watch/gen_00071.txt ts=2026-09-17T23:41:38.166447+00:00
 [01040/3000] delete simple     /srv/fim-watch/gen_00060.txt ts=2026-09-17T23:41:38.266647+00:00
 [01041/3000] delete simple     /srv/fim-watch/gen_00100.txt ts=2026-09-17T23:41:38.366693+00:00
 [01042/3000] modify simple     /srv/fim-watch/gen_00062.txt ts=2026-09-17T23:41:38.466423+00:00
 [01043/3000] modify simple     /srv/fim-watch/gen_00187.txt ts=2026-09-17T23:41:38.566640+00:00
 [01044/3000] modify simple     /srv/fim-watch/critico/gen_00025.txt ts=2026-09-17T23:41:38.666451+00:00
 [01045/3000] delete simple     /srv/fim-watch/gen_00066.txt ts=2026-09-17T23:41:38.765978+00:00
 [01046/3000] modify simple     /srv/fim-watch/gen_00103.txt ts=2026-09-17T23:41:38.866646+00:00
 [01047/3000] delete simple     /srv/fim-watch/gen_00124.txt ts=2026-09-17T23:41:38.966267+00:00
 [01048/3000] create simple     /srv/fim-watch/gen_00195.txt ts=2026-09-17T23:41:39.066627+00:00
 [01049/3000] modify colapsado  /srv/fim-watch/gen_00187.txt ts=2026-09-17T23:41:39.166730+00:00
 [01050/3000] modify colapsado  /srv/fim-watch/gen_00187.txt ts=2026-09-17T23:41:39.266824+00:00
 [01051/3000] modify colapsado  /srv/fim-watch/gen_00187.txt ts=2026-09-17T23:41:39.366940+00:00
 [01052/3000] modify colapsado  /srv/fim-watch/gen_00187.txt ts=2026-09-17T23:41:39.466377+00:00
 [01053/3000] modify colapsado  /srv/fim-watch/gen_00187.txt ts=2026-09-17T23:41:39.566827+00:00
 [01054/3000] modify simple     /srv/fim-watch/gen_00096.txt ts=2026-09-17T23:41:39.666635+00:00
 [01055/3000] modify simple     /srv/fim-watch/gen_00103.txt ts=2026-09-17T23:41:39.766796+00:00
 [01056/3000] modify simple     /srv/fim-watch/critico/gen_00183.txt ts=2026-09-17T23:41:39.866463+00:00
 [01057/3000] delete simple     /srv/fim-watch/gen_00154.txt ts=2026-09-17T23:41:39.966117+00:00
 [01058/3000] modify revertido  /srv/fim-watch/gen_00170.txt ts=2026-09-17T23:41:40.066983+00:00
 [01059/3000] modify revertido  /srv/fim-watch/gen_00170.txt ts=2026-09-17T23:41:40.166539+00:00
 [01060/3000] modify simple     /srv/fim-watch/critico/gen_00037.txt ts=2026-09-17T23:41:40.266668+00:00
 [01061/3000] create simple     /srv/fim-watch/gen_00196.txt ts=2026-09-17T23:41:40.366557+00:00
 [01062/3000] create efimero    /srv/fim-watch/gen_00197.txt ts=2026-09-17T23:41:40.466332+00:00
 [01063/3000] delete efimero    /srv/fim-watch/gen_00197.txt ts=2026-09-17T23:41:40.566479+00:00
 [01064/3000] modify simple     /srv/fim-watch/gen_00108.txt ts=2026-09-17T23:41:40.666606+00:00
 [01065/3000] modify simple     /srv/fim-watch/gen_00126.txt ts=2026-09-17T23:41:40.766451+00:00
 [01066/3000] modify simple     /srv/fim-watch/gen_00106.txt ts=2026-09-17T23:41:40.866606+00:00
 [01067/3000] modify revertido  /srv/fim-watch/gen_00049.txt ts=2026-09-17T23:41:40.966262+00:00
 [01068/3000] modify revertido  /srv/fim-watch/gen_00049.txt ts=2026-09-17T23:41:41.066319+00:00
 [01069/3000] delete simple     /srv/fim-watch/critico/gen_00150.txt ts=2026-09-17T23:41:41.166673+00:00
 [01070/3000] modify simple     /srv/fim-watch/gen_00064.txt ts=2026-09-17T23:41:41.266807+00:00
 [01071/3000] delete simple     /srv/fim-watch/gen_00086.txt ts=2026-09-17T23:41:41.366512+00:00
 [01072/3000] modify simple     /srv/fim-watch/critico/gen_00184.txt ts=2026-09-17T23:41:41.466631+00:00
 [01073/3000] modify simple     /srv/fim-watch/gen_00043.txt ts=2026-09-17T23:41:41.566428+00:00
 [01074/3000] create simple     /srv/fim-watch/gen_00198.txt ts=2026-09-17T23:41:41.666531+00:00
 [01075/3000] modify simple     /srv/fim-watch/gen_00108.txt ts=2026-09-17T23:41:41.766811+00:00
 [01076/3000] delete simple     /srv/fim-watch/gen_00043.txt ts=2026-09-17T23:41:41.866295+00:00
 [01077/3000] modify simple     /srv/fim-watch/gen_00165.txt ts=2026-09-17T23:41:41.966382+00:00
 [01078/3000] modify simple     /srv/fim-watch/gen_00185.txt ts=2026-09-17T23:41:42.066532+00:00
 [01079/3000] modify simple     /srv/fim-watch/gen_00020.txt ts=2026-09-17T23:41:42.166458+00:00
 [01080/3000] modify simple     /srv/fim-watch/gen_00125.txt ts=2026-09-17T23:41:42.266649+00:00
 [01081/3000] create simple     /srv/fim-watch/gen_00199.txt ts=2026-09-17T23:41:42.366510+00:00
 [01082/3000] modify simple     /srv/fim-watch/critico/gen_00123.txt ts=2026-09-17T23:41:42.466437+00:00
 [01083/3000] create simple     /srv/fim-watch/critico/gen_00200.txt ts=2026-09-17T23:41:42.566558+00:00
 [01084/3000] create simple     /srv/fim-watch/gen_00201.txt ts=2026-09-17T23:41:42.666743+00:00
 [01085/3000] modify revertido  /srv/fim-watch/critico/gen_00053.txt ts=2026-09-17T23:41:42.766461+00:00
 [01086/3000] modify revertido  /srv/fim-watch/critico/gen_00053.txt ts=2026-09-17T23:41:42.866620+00:00
 [01087/3000] create simple     /srv/fim-watch/critico/gen_00202.txt ts=2026-09-17T23:41:42.966304+00:00
 [01088/3000] create simple     /srv/fim-watch/gen_00203.txt ts=2026-09-17T23:41:43.066340+00:00
 [01089/3000] modify simple     /srv/fim-watch/gen_00126.txt ts=2026-09-17T23:41:43.166461+00:00
 [01090/3000] modify simple     /srv/fim-watch/gen_00115.txt ts=2026-09-17T23:41:43.266432+00:00
 [01091/3000] delete simple     /srv/fim-watch/gen_00140.txt ts=2026-09-17T23:41:43.366518+00:00
 [01092/3000] create simple     /srv/fim-watch/gen_00204.txt ts=2026-09-17T23:41:43.466330+00:00
 [01093/3000] modify simple     /srv/fim-watch/critico/gen_00156.txt ts=2026-09-17T23:41:43.566521+00:00
 [01094/3000] create efimero    /srv/fim-watch/gen_00205.txt ts=2026-09-17T23:41:43.666559+00:00
 [01095/3000] delete efimero    /srv/fim-watch/gen_00205.txt ts=2026-09-17T23:41:43.766496+00:00
 [01096/3000] modify revertido  /srv/fim-watch/gen_00170.txt ts=2026-09-17T23:41:43.866290+00:00
 [01097/3000] modify revertido  /srv/fim-watch/gen_00170.txt ts=2026-09-17T23:41:43.966268+00:00
 [01098/3000] modify simple     /srv/fim-watch/critico/gen_00061.txt ts=2026-09-17T23:41:44.066251+00:00
 [01099/3000] modify simple     /srv/fim-watch/gen_00188.txt ts=2026-09-17T23:41:44.166469+00:00
 [01100/3000] delete simple     /srv/fim-watch/gen_00145.txt ts=2026-09-17T23:41:44.266706+00:00
 [01101/3000] create simple     /srv/fim-watch/gen_00206.txt ts=2026-09-17T23:41:44.366342+00:00
 [01102/3000] delete simple     /srv/fim-watch/gen_00148.txt ts=2026-09-17T23:41:44.466689+00:00
 [01103/3000] modify revertido  /srv/fim-watch/gen_00198.txt ts=2026-09-17T23:41:44.566830+00:00
 [01104/3000] modify revertido  /srv/fim-watch/gen_00198.txt ts=2026-09-17T23:41:44.666564+00:00
 [01105/3000] modify revertido  /srv/fim-watch/gen_00036.txt ts=2026-09-17T23:41:44.766406+00:00
 [01106/3000] modify revertido  /srv/fim-watch/gen_00036.txt ts=2026-09-17T23:41:44.866436+00:00
 [01107/3000] modify simple     /srv/fim-watch/critico/gen_00053.txt ts=2026-09-17T23:41:44.966423+00:00
 [01108/3000] modify simple     /srv/fim-watch/gen_00142.txt ts=2026-09-17T23:41:45.066178+00:00
 [01109/3000] modify simple     /srv/fim-watch/gen_00163.txt ts=2026-09-17T23:41:45.166439+00:00
 [01110/3000] modify simple     /srv/fim-watch/gen_00204.txt ts=2026-09-17T23:41:45.266559+00:00
 [01111/3000] modify simple     /srv/fim-watch/gen_00049.txt ts=2026-09-17T23:41:45.366477+00:00
 [01112/3000] modify simple     /srv/fim-watch/gen_00170.txt ts=2026-09-17T23:41:45.466783+00:00
 [01113/3000] modify simple     /srv/fim-watch/gen_00020.txt ts=2026-09-17T23:41:45.566606+00:00
 [01114/3000] create simple     /srv/fim-watch/gen_00207.txt ts=2026-09-17T23:41:45.666514+00:00
 [01115/3000] modify simple     /srv/fim-watch/gen_00057.txt ts=2026-09-17T23:41:45.766413+00:00
 [01116/3000] modify simple     /srv/fim-watch/gen_00064.txt ts=2026-09-17T23:41:45.866829+00:00
 [01117/3000] modify simple     /srv/fim-watch/gen_00016.txt ts=2026-09-17T23:41:45.966396+00:00
 [01118/3000] create efimero    /srv/fim-watch/gen_00208.txt ts=2026-09-17T23:41:46.066325+00:00
 [01119/3000] delete efimero    /srv/fim-watch/gen_00208.txt ts=2026-09-17T23:41:46.166284+00:00
 [01120/3000] modify simple     /srv/fim-watch/critico/gen_00156.txt ts=2026-09-17T23:41:46.266846+00:00
 [01121/3000] modify colapsado  /srv/fim-watch/gen_00125.txt ts=2026-09-17T23:41:46.366487+00:00
 [01122/3000] modify colapsado  /srv/fim-watch/gen_00125.txt ts=2026-09-17T23:41:46.466434+00:00
 [01123/3000] modify colapsado  /srv/fim-watch/gen_00125.txt ts=2026-09-17T23:41:46.566304+00:00
 [01124/3000] modify colapsado  /srv/fim-watch/gen_00125.txt ts=2026-09-17T23:41:46.666435+00:00
 [01125/3000] modify colapsado  /srv/fim-watch/gen_00125.txt ts=2026-09-17T23:41:46.766661+00:00
 [01126/3000] modify simple     /srv/fim-watch/gen_00088.txt ts=2026-09-17T23:41:46.866335+00:00
 [01127/3000] modify simple     /srv/fim-watch/gen_00136.txt ts=2026-09-17T23:41:46.966410+00:00
 [01128/3000] modify simple     /srv/fim-watch/gen_00170.txt ts=2026-09-17T23:41:47.066641+00:00
 [01129/3000] modify simple     /srv/fim-watch/gen_00036.txt ts=2026-09-17T23:41:47.166682+00:00
 [01130/3000] modify simple     /srv/fim-watch/gen_00201.txt ts=2026-09-17T23:41:47.266832+00:00
 [01131/3000] create simple     /srv/fim-watch/critico/gen_00209.txt ts=2026-09-17T23:41:47.366339+00:00
 [01132/3000] modify simple     /srv/fim-watch/critico/gen_00130.txt ts=2026-09-17T23:41:47.466639+00:00
 [01133/3000] modify simple     /srv/fim-watch/gen_00096.txt ts=2026-09-17T23:41:47.566439+00:00
 [01134/3000] create simple     /srv/fim-watch/critico/gen_00210.txt ts=2026-09-17T23:41:47.666338+00:00
 [01135/3000] delete simple     /srv/fim-watch/gen_00201.txt ts=2026-09-17T23:41:47.766203+00:00
 [01136/3000] create efimero    /srv/fim-watch/gen_00211.txt ts=2026-09-17T23:41:47.866644+00:00
 [01137/3000] delete efimero    /srv/fim-watch/gen_00211.txt ts=2026-09-17T23:41:47.966429+00:00
 [01138/3000] modify simple     /srv/fim-watch/gen_00058.txt ts=2026-09-17T23:41:48.066887+00:00
 [01139/3000] modify simple     /srv/fim-watch/gen_00160.txt ts=2026-09-17T23:41:48.166653+00:00
 [01140/3000] modify revertido  /srv/fim-watch/gen_00096.txt ts=2026-09-17T23:41:48.266641+00:00
 [01141/3000] modify revertido  /srv/fim-watch/gen_00096.txt ts=2026-09-17T23:41:48.366428+00:00
 [01142/3000] modify simple     /srv/fim-watch/gen_00178.txt ts=2026-09-17T23:41:48.466705+00:00
 [01143/3000] modify simple     /srv/fim-watch/critico/gen_00025.txt ts=2026-09-17T23:41:48.566311+00:00
 [01144/3000] modify simple     /srv/fim-watch/critico/gen_00169.txt ts=2026-09-17T23:41:48.666363+00:00
 [01145/3000] modify revertido  /srv/fim-watch/gen_00161.txt ts=2026-09-17T23:41:48.766628+00:00
 [01146/3000] modify revertido  /srv/fim-watch/gen_00161.txt ts=2026-09-17T23:41:48.866634+00:00
 [01147/3000] modify simple     /srv/fim-watch/gen_00162.txt ts=2026-09-17T23:41:48.966514+00:00
 [01148/3000] create simple     /srv/fim-watch/gen_00212.txt ts=2026-09-17T23:41:49.066499+00:00
 [01149/3000] create simple     /srv/fim-watch/gen_00213.txt ts=2026-09-17T23:41:49.166509+00:00
 [01150/3000] modify simple     /srv/fim-watch/gen_00103.txt ts=2026-09-17T23:41:49.266597+00:00
 [01151/3000] modify simple     /srv/fim-watch/gen_00071.txt ts=2026-09-17T23:41:49.366346+00:00
 [01152/3000] modify simple     /srv/fim-watch/gen_00050.txt ts=2026-09-17T23:41:49.466342+00:00
 [01153/3000] create simple     /srv/fim-watch/gen_00214.txt ts=2026-09-17T23:41:49.566056+00:00
 [01154/3000] modify colapsado  /srv/fim-watch/critico/gen_00200.txt ts=2026-09-17T23:41:49.666409+00:00
 [01155/3000] modify colapsado  /srv/fim-watch/critico/gen_00200.txt ts=2026-09-17T23:41:49.766186+00:00
 [01156/3000] modify colapsado  /srv/fim-watch/critico/gen_00200.txt ts=2026-09-17T23:41:49.866390+00:00
 [01157/3000] modify colapsado  /srv/fim-watch/critico/gen_00200.txt ts=2026-09-17T23:41:49.966499+00:00
 [01158/3000] modify colapsado  /srv/fim-watch/critico/gen_00200.txt ts=2026-09-17T23:41:50.066225+00:00
 [01159/3000] modify simple     /srv/fim-watch/gen_00057.txt ts=2026-09-17T23:41:50.166296+00:00
 [01160/3000] create simple     /srv/fim-watch/gen_00215.txt ts=2026-09-17T23:41:50.266432+00:00
 [01161/3000] modify simple     /srv/fim-watch/gen_00074.txt ts=2026-09-17T23:41:50.366580+00:00
 [01162/3000] modify simple     /srv/fim-watch/critico/gen_00123.txt ts=2026-09-17T23:41:50.466576+00:00
 [01163/3000] modify simple     /srv/fim-watch/gen_00102.txt ts=2026-09-17T23:41:50.566411+00:00
 [01164/3000] modify simple     /srv/fim-watch/gen_00170.txt ts=2026-09-17T23:41:50.666430+00:00
 [01165/3000] create efimero    /srv/fim-watch/gen_00216.txt ts=2026-09-17T23:41:50.766147+00:00
 [01166/3000] delete efimero    /srv/fim-watch/gen_00216.txt ts=2026-09-17T23:41:50.866277+00:00
 [01167/3000] modify simple     /srv/fim-watch/critico/gen_00153.txt ts=2026-09-17T23:41:50.966400+00:00
 [01168/3000] create simple     /srv/fim-watch/gen_00217.txt ts=2026-09-17T23:41:51.066263+00:00
 [01169/3000] modify simple     /srv/fim-watch/gen_00134.txt ts=2026-09-17T23:41:51.166440+00:00
 [01170/3000] create simple     /srv/fim-watch/gen_00218.txt ts=2026-09-17T23:41:51.266285+00:00
 [01171/3000] modify simple     /srv/fim-watch/gen_00215.txt ts=2026-09-17T23:41:51.366529+00:00
 [01172/3000] modify revertido  /srv/fim-watch/gen_00070.txt ts=2026-09-17T23:41:51.466755+00:00
 [01173/3000] modify revertido  /srv/fim-watch/gen_00070.txt ts=2026-09-17T23:41:51.566804+00:00
 [01174/3000] modify simple     /srv/fim-watch/gen_00067.txt ts=2026-09-17T23:41:51.666280+00:00
 [01175/3000] modify simple     /srv/fim-watch/gen_00135.txt ts=2026-09-17T23:41:51.766425+00:00
 [01176/3000] modify simple     /srv/fim-watch/gen_00174.txt ts=2026-09-17T23:41:51.866694+00:00
 [01177/3000] create simple     /srv/fim-watch/gen_00219.txt ts=2026-09-17T23:41:51.966299+00:00
 [01178/3000] create efimero    /srv/fim-watch/gen_00220.txt ts=2026-09-17T23:41:52.066730+00:00
 [01179/3000] delete efimero    /srv/fim-watch/gen_00220.txt ts=2026-09-17T23:41:52.166518+00:00
 [01180/3000] modify simple     /srv/fim-watch/gen_00128.txt ts=2026-09-17T23:41:52.266403+00:00
 [01181/3000] modify simple     /srv/fim-watch/gen_00020.txt ts=2026-09-17T23:41:52.366714+00:00
 [01182/3000] modify simple     /srv/fim-watch/gen_00175.txt ts=2026-09-17T23:41:52.466677+00:00
 [01183/3000] modify simple     /srv/fim-watch/gen_00193.txt ts=2026-09-17T23:41:52.566561+00:00
 [01184/3000] modify revertido  /srv/fim-watch/gen_00151.txt ts=2026-09-17T23:41:52.666485+00:00
 [01185/3000] modify revertido  /srv/fim-watch/gen_00151.txt ts=2026-09-17T23:41:52.766434+00:00
 [01186/3000] modify simple     /srv/fim-watch/gen_00106.txt ts=2026-09-17T23:41:52.866234+00:00
 [01187/3000] delete simple     /srv/fim-watch/gen_00170.txt ts=2026-09-17T23:41:52.966556+00:00
 [01188/3000] modify simple     /srv/fim-watch/gen_00149.txt ts=2026-09-17T23:41:53.066439+00:00
 [01189/3000] delete simple     /srv/fim-watch/gen_00103.txt ts=2026-09-17T23:41:53.166363+00:00
 [01190/3000] delete simple     /srv/fim-watch/gen_00147.txt ts=2026-09-17T23:41:53.266081+00:00
 [01191/3000] modify revertido  /srv/fim-watch/gen_00181.txt ts=2026-09-17T23:41:53.366471+00:00
 [01192/3000] modify revertido  /srv/fim-watch/gen_00181.txt ts=2026-09-17T23:41:53.466621+00:00
 [01193/3000] modify simple     /srv/fim-watch/gen_00093.txt ts=2026-09-17T23:41:53.566598+00:00
 [01194/3000] modify colapsado  /srv/fim-watch/gen_00175.txt ts=2026-09-17T23:41:53.666450+00:00
 [01195/3000] modify colapsado  /srv/fim-watch/gen_00175.txt ts=2026-09-17T23:41:53.766582+00:00
 [01196/3000] modify colapsado  /srv/fim-watch/gen_00175.txt ts=2026-09-17T23:41:53.866545+00:00
 [01197/3000] modify colapsado  /srv/fim-watch/gen_00175.txt ts=2026-09-17T23:41:53.966616+00:00
 [01198/3000] modify colapsado  /srv/fim-watch/gen_00175.txt ts=2026-09-17T23:41:54.066416+00:00
 [01199/3000] modify simple     /srv/fim-watch/gen_00125.txt ts=2026-09-17T23:41:54.166439+00:00
 [01200/3000] modify simple     /srv/fim-watch/gen_00062.txt ts=2026-09-17T23:41:54.266481+00:00
 [01201/3000] modify simple     /srv/fim-watch/critico/gen_00184.txt ts=2026-09-17T23:41:54.366426+00:00
 [01202/3000] modify simple     /srv/fim-watch/gen_00167.txt ts=2026-09-17T23:41:54.466613+00:00
 [01203/3000] create simple     /srv/fim-watch/gen_00221.txt ts=2026-09-17T23:41:54.566516+00:00
 [01204/3000] create simple     /srv/fim-watch/critico/gen_00222.txt ts=2026-09-17T23:41:54.666520+00:00
 [01205/3000] modify simple     /srv/fim-watch/gen_00108.txt ts=2026-09-17T23:41:54.766330+00:00
 [01206/3000] modify simple     /srv/fim-watch/gen_00139.txt ts=2026-09-17T23:41:54.866354+00:00
 [01207/3000] modify simple     /srv/fim-watch/gen_00213.txt ts=2026-09-17T23:41:54.966428+00:00
 [01208/3000] modify simple     /srv/fim-watch/gen_00106.txt ts=2026-09-17T23:41:55.067219+00:00
 [01209/3000] create simple     /srv/fim-watch/gen_00223.txt ts=2026-09-17T23:41:55.166341+00:00
 [01210/3000] create efimero    /srv/fim-watch/gen_00224.txt ts=2026-09-17T23:41:55.266290+00:00
 [01211/3000] delete efimero    /srv/fim-watch/gen_00224.txt ts=2026-09-17T23:41:55.366405+00:00
 [01212/3000] modify revertido  /srv/fim-watch/critico/gen_00025.txt ts=2026-09-17T23:41:55.466421+00:00
 [01213/3000] modify revertido  /srv/fim-watch/critico/gen_00025.txt ts=2026-09-17T23:41:55.566600+00:00
 [01214/3000] create simple     /srv/fim-watch/gen_00225.txt ts=2026-09-17T23:41:55.666673+00:00
 [01215/3000] modify simple     /srv/fim-watch/critico/gen_00025.txt ts=2026-09-17T23:41:55.766574+00:00
 [01216/3000] create simple     /srv/fim-watch/gen_00226.txt ts=2026-09-17T23:41:55.866381+00:00
 [01217/3000] modify simple     /srv/fim-watch/gen_00049.txt ts=2026-09-17T23:41:55.966615+00:00
 [01218/3000] modify simple     /srv/fim-watch/gen_00203.txt ts=2026-09-17T23:41:56.066789+00:00
 [01219/3000] modify colapsado  /srv/fim-watch/gen_00114.txt ts=2026-09-17T23:41:56.166845+00:00
 [01220/3000] modify colapsado  /srv/fim-watch/gen_00114.txt ts=2026-09-17T23:41:56.266438+00:00
 [01221/3000] modify colapsado  /srv/fim-watch/gen_00114.txt ts=2026-09-17T23:41:56.366637+00:00
 [01222/3000] modify colapsado  /srv/fim-watch/gen_00114.txt ts=2026-09-17T23:41:56.466817+00:00
 [01223/3000] modify colapsado  /srv/fim-watch/gen_00114.txt ts=2026-09-17T23:41:56.566649+00:00
 [01224/3000] create efimero    /srv/fim-watch/critico/gen_00227.txt ts=2026-09-17T23:41:56.666557+00:00
 [01225/3000] delete efimero    /srv/fim-watch/critico/gen_00227.txt ts=2026-09-17T23:41:56.766287+00:00
 [01226/3000] modify simple     /srv/fim-watch/gen_00016.txt ts=2026-09-17T23:41:56.866606+00:00
 [01227/3000] modify simple     /srv/fim-watch/gen_00192.txt ts=2026-09-17T23:41:56.966302+00:00
 [01228/3000] create simple     /srv/fim-watch/gen_00228.txt ts=2026-09-17T23:41:57.066416+00:00
 [01229/3000] modify simple     /srv/fim-watch/critico/gen_00123.txt ts=2026-09-17T23:41:57.166788+00:00
 [01230/3000] modify revertido  /srv/fim-watch/gen_00159.txt ts=2026-09-17T23:41:57.266484+00:00
 [01231/3000] modify revertido  /srv/fim-watch/gen_00159.txt ts=2026-09-17T23:41:57.366618+00:00
 [01232/3000] modify simple     /srv/fim-watch/gen_00135.txt ts=2026-09-17T23:41:57.466615+00:00
 [01233/3000] create simple     /srv/fim-watch/gen_00229.txt ts=2026-09-17T23:41:57.566496+00:00
 [01234/3000] modify revertido  /srv/fim-watch/critico/gen_00200.txt ts=2026-09-17T23:41:57.666605+00:00
 [01235/3000] modify revertido  /srv/fim-watch/critico/gen_00200.txt ts=2026-09-17T23:41:57.766590+00:00
 [01236/3000] delete simple     /srv/fim-watch/gen_00181.txt ts=2026-09-17T23:41:57.866467+00:00
 [01237/3000] delete simple     /srv/fim-watch/gen_00167.txt ts=2026-09-17T23:41:57.966371+00:00
 [01238/3000] modify simple     /srv/fim-watch/gen_00062.txt ts=2026-09-17T23:41:58.066897+00:00
 [01239/3000] create simple     /srv/fim-watch/gen_00230.txt ts=2026-09-17T23:41:58.166508+00:00
 [01240/3000] modify simple     /srv/fim-watch/gen_00062.txt ts=2026-09-17T23:41:58.266616+00:00
 [01241/3000] modify simple     /srv/fim-watch/gen_00042.txt ts=2026-09-17T23:41:58.366629+00:00
 [01242/3000] modify revertido  /srv/fim-watch/gen_00212.txt ts=2026-09-17T23:41:58.466561+00:00
 [01243/3000] modify revertido  /srv/fim-watch/gen_00212.txt ts=2026-09-17T23:41:58.566390+00:00
 [01244/3000] create simple     /srv/fim-watch/gen_00231.txt ts=2026-09-17T23:41:58.666338+00:00
 [01245/3000] delete simple     /srv/fim-watch/gen_00218.txt ts=2026-09-17T23:41:58.766322+00:00
 [01246/3000] modify revertido  /srv/fim-watch/gen_00122.txt ts=2026-09-17T23:41:58.866586+00:00
 [01247/3000] modify revertido  /srv/fim-watch/gen_00122.txt ts=2026-09-17T23:41:58.966582+00:00
 [01248/3000] create simple     /srv/fim-watch/gen_00232.txt ts=2026-09-17T23:41:59.066292+00:00
 [01249/3000] create simple     /srv/fim-watch/critico/gen_00233.txt ts=2026-09-17T23:41:59.166494+00:00
 [01250/3000] modify simple     /srv/fim-watch/critico/gen_00233.txt ts=2026-09-17T23:41:59.266403+00:00
 [01251/3000] modify simple     /srv/fim-watch/gen_00068.txt ts=2026-09-17T23:41:59.366534+00:00
 [01252/3000] create simple     /srv/fim-watch/gen_00234.txt ts=2026-09-17T23:41:59.466470+00:00
 [01253/3000] modify simple     /srv/fim-watch/gen_00117.txt ts=2026-09-17T23:41:59.566445+00:00
 [01254/3000] modify simple     /srv/fim-watch/gen_00102.txt ts=2026-09-17T23:41:59.666598+00:00
 [01255/3000] modify simple     /srv/fim-watch/gen_00108.txt ts=2026-09-17T23:41:59.766750+00:00
 [01256/3000] create simple     /srv/fim-watch/gen_00235.txt ts=2026-09-17T23:41:59.866484+00:00
 [01257/3000] create simple     /srv/fim-watch/critico/gen_00236.txt ts=2026-09-17T23:41:59.966500+00:00
 [01258/3000] modify simple     /srv/fim-watch/critico/gen_00222.txt ts=2026-09-17T23:42:00.066676+00:00
 [01259/3000] create simple     /srv/fim-watch/gen_00237.txt ts=2026-09-17T23:42:00.166032+00:00
 [01260/3000] create simple     /srv/fim-watch/gen_00238.txt ts=2026-09-17T23:42:00.266163+00:00
 [01261/3000] modify simple     /srv/fim-watch/gen_00195.txt ts=2026-09-17T23:42:00.366185+00:00
 [01262/3000] modify colapsado  /srv/fim-watch/gen_00115.txt ts=2026-09-17T23:42:00.466271+00:00
 [01263/3000] modify colapsado  /srv/fim-watch/gen_00115.txt ts=2026-09-17T23:42:00.566344+00:00
 [01264/3000] modify colapsado  /srv/fim-watch/gen_00115.txt ts=2026-09-17T23:42:00.666332+00:00
 [01265/3000] modify colapsado  /srv/fim-watch/gen_00115.txt ts=2026-09-17T23:42:00.766248+00:00
 [01266/3000] modify colapsado  /srv/fim-watch/gen_00115.txt ts=2026-09-17T23:42:00.866386+00:00
 [01267/3000] modify simple     /srv/fim-watch/gen_00079.txt ts=2026-09-17T23:42:00.966946+00:00
 [01268/3000] modify simple     /srv/fim-watch/gen_00057.txt ts=2026-09-17T23:42:01.066617+00:00
 [01269/3000] modify simple     /srv/fim-watch/gen_00194.txt ts=2026-09-17T23:42:01.166358+00:00
 [01270/3000] create simple     /srv/fim-watch/gen_00239.txt ts=2026-09-17T23:42:01.266540+00:00
 [01271/3000] create simple     /srv/fim-watch/gen_00240.txt ts=2026-09-17T23:42:01.366738+00:00
 [01272/3000] delete simple     /srv/fim-watch/gen_00185.txt ts=2026-09-17T23:42:01.466723+00:00
 [01273/3000] modify simple     /srv/fim-watch/gen_00203.txt ts=2026-09-17T23:42:01.566920+00:00
 [01274/3000] modify simple     /srv/fim-watch/gen_00231.txt ts=2026-09-17T23:42:01.666549+00:00
 [01275/3000] modify simple     /srv/fim-watch/gen_00217.txt ts=2026-09-17T23:42:01.766237+00:00
 [01276/3000] modify simple     /srv/fim-watch/gen_00049.txt ts=2026-09-17T23:42:01.867090+00:00
 [01277/3000] modify simple     /srv/fim-watch/gen_00240.txt ts=2026-09-17T23:42:01.966558+00:00
 [01278/3000] modify simple     /srv/fim-watch/gen_00078.txt ts=2026-09-17T23:42:02.066421+00:00
 [01279/3000] delete simple     /srv/fim-watch/gen_00146.txt ts=2026-09-17T23:42:02.166694+00:00
 [01280/3000] modify simple     /srv/fim-watch/gen_00104.txt ts=2026-09-17T23:42:02.266621+00:00
 [01281/3000] delete simple     /srv/fim-watch/critico/gen_00037.txt ts=2026-09-17T23:42:02.366434+00:00
 [01282/3000] delete simple     /srv/fim-watch/gen_00155.txt ts=2026-09-17T23:42:02.466452+00:00
 [01283/3000] create simple     /srv/fim-watch/gen_00241.txt ts=2026-09-17T23:42:02.566536+00:00
 [01284/3000] modify simple     /srv/fim-watch/gen_00219.txt ts=2026-09-17T23:42:02.666245+00:00
 [01285/3000] modify simple     /srv/fim-watch/critico/gen_00222.txt ts=2026-09-17T23:42:02.766387+00:00
 [01286/3000] modify simple     /srv/fim-watch/gen_00088.txt ts=2026-09-17T23:42:02.866422+00:00
 [01287/3000] delete simple     /srv/fim-watch/critico/gen_00025.txt ts=2026-09-17T23:42:02.966279+00:00
 [01288/3000] delete simple     /srv/fim-watch/gen_00229.txt ts=2026-09-17T23:42:03.066292+00:00
 [01289/3000] delete simple     /srv/fim-watch/gen_00217.txt ts=2026-09-17T23:42:03.166505+00:00
 [01290/3000] create simple     /srv/fim-watch/critico/gen_00242.txt ts=2026-09-17T23:42:03.266731+00:00
 [01291/3000] create simple     /srv/fim-watch/gen_00243.txt ts=2026-09-17T23:42:03.366712+00:00
 [01292/3000] modify simple     /srv/fim-watch/gen_00089.txt ts=2026-09-17T23:42:03.466830+00:00
 [01293/3000] create efimero    /srv/fim-watch/gen_00244.txt ts=2026-09-17T23:42:03.566494+00:00
 [01294/3000] delete efimero    /srv/fim-watch/gen_00244.txt ts=2026-09-17T23:42:03.666594+00:00
 [01295/3000] modify simple     /srv/fim-watch/critico/gen_00191.txt ts=2026-09-17T23:42:03.766281+00:00
 [01296/3000] modify revertido  /srv/fim-watch/gen_00203.txt ts=2026-09-17T23:42:03.866744+00:00
 [01297/3000] modify revertido  /srv/fim-watch/gen_00203.txt ts=2026-09-17T23:42:03.966791+00:00
 [01298/3000] modify simple     /srv/fim-watch/gen_00088.txt ts=2026-09-17T23:42:04.066424+00:00
 [01299/3000] create simple     /srv/fim-watch/gen_00245.txt ts=2026-09-17T23:42:04.166512+00:00
 [01300/3000] modify simple     /srv/fim-watch/critico/gen_00156.txt ts=2026-09-17T23:42:04.266621+00:00
 [01301/3000] modify simple     /srv/fim-watch/gen_00198.txt ts=2026-09-17T23:42:04.366673+00:00
 [01302/3000] create simple     /srv/fim-watch/gen_00246.txt ts=2026-09-17T23:42:04.466605+00:00
 [01303/3000] modify simple     /srv/fim-watch/critico/gen_00200.txt ts=2026-09-17T23:42:04.566627+00:00
 [01304/3000] modify simple     /srv/fim-watch/gen_00219.txt ts=2026-09-17T23:42:04.666817+00:00
 [01305/3000] modify simple     /srv/fim-watch/gen_00174.txt ts=2026-09-17T23:42:04.766379+00:00
 [01306/3000] modify simple     /srv/fim-watch/critico/gen_00209.txt ts=2026-09-17T23:42:04.866814+00:00
 [01307/3000] modify simple     /srv/fim-watch/gen_00057.txt ts=2026-09-17T23:42:04.966423+00:00
 [01308/3000] modify simple     /srv/fim-watch/gen_00161.txt ts=2026-09-17T23:42:05.066501+00:00
 [01309/3000] delete simple     /srv/fim-watch/gen_00237.txt ts=2026-09-17T23:42:05.166283+00:00
 [01310/3000] modify simple     /srv/fim-watch/critico/gen_00242.txt ts=2026-09-17T23:42:05.266637+00:00
 [01311/3000] create simple     /srv/fim-watch/gen_00247.txt ts=2026-09-17T23:42:05.366674+00:00
 [01312/3000] modify simple     /srv/fim-watch/gen_00006.txt ts=2026-09-17T23:42:05.466412+00:00
 [01313/3000] modify simple     /srv/fim-watch/gen_00114.txt ts=2026-09-17T23:42:05.566610+00:00
 [01314/3000] modify colapsado  /srv/fim-watch/gen_00128.txt ts=2026-09-17T23:42:05.666644+00:00
 [01315/3000] modify colapsado  /srv/fim-watch/gen_00128.txt ts=2026-09-17T23:42:05.766342+00:00
 [01316/3000] modify colapsado  /srv/fim-watch/gen_00128.txt ts=2026-09-17T23:42:05.866185+00:00
 [01317/3000] modify colapsado  /srv/fim-watch/gen_00128.txt ts=2026-09-17T23:42:05.966082+00:00
 [01318/3000] modify colapsado  /srv/fim-watch/gen_00128.txt ts=2026-09-17T23:42:06.066103+00:00
 [01319/3000] modify simple     /srv/fim-watch/gen_00162.txt ts=2026-09-17T23:42:06.166031+00:00
 [01320/3000] create simple     /srv/fim-watch/critico/gen_00248.txt ts=2026-09-17T23:42:06.266210+00:00
 [01321/3000] create simple     /srv/fim-watch/gen_00249.txt ts=2026-09-17T23:42:06.366308+00:00
 [01322/3000] modify simple     /srv/fim-watch/critico/gen_00236.txt ts=2026-09-17T23:42:06.466756+00:00
 [01323/3000] modify simple     /srv/fim-watch/gen_00093.txt ts=2026-09-17T23:42:06.566717+00:00
 [01324/3000] modify simple     /srv/fim-watch/critico/gen_00222.txt ts=2026-09-17T23:42:06.666710+00:00
 [01325/3000] delete simple     /srv/fim-watch/gen_00239.txt ts=2026-09-17T23:42:06.766513+00:00
 [01326/3000] modify simple     /srv/fim-watch/gen_00128.txt ts=2026-09-17T23:42:06.866240+00:00
 [01327/3000] modify simple     /srv/fim-watch/gen_00235.txt ts=2026-09-17T23:42:06.966617+00:00
 [01328/3000] delete simple     /srv/fim-watch/gen_00074.txt ts=2026-09-17T23:42:07.066206+00:00
 [01329/3000] delete simple     /srv/fim-watch/gen_00159.txt ts=2026-09-17T23:42:07.166734+00:00
 [01330/3000] create simple     /srv/fim-watch/gen_00250.txt ts=2026-09-17T23:42:07.266300+00:00
 [01331/3000] delete simple     /srv/fim-watch/gen_00068.txt ts=2026-09-17T23:42:07.366626+00:00
 [01332/3000] modify revertido  /srv/fim-watch/critico/gen_00189.txt ts=2026-09-17T23:42:07.466773+00:00
 [01333/3000] modify revertido  /srv/fim-watch/critico/gen_00189.txt ts=2026-09-17T23:42:07.566417+00:00
 [01334/3000] modify simple     /srv/fim-watch/gen_00234.txt ts=2026-09-17T23:42:07.667094+00:00
 [01335/3000] modify simple     /srv/fim-watch/gen_00214.txt ts=2026-09-17T23:42:07.766612+00:00
 [01336/3000] modify simple     /srv/fim-watch/gen_00163.txt ts=2026-09-17T23:42:07.866757+00:00
 [01337/3000] create simple     /srv/fim-watch/critico/gen_00251.txt ts=2026-09-17T23:42:07.966507+00:00
 [01338/3000] modify simple     /srv/fim-watch/gen_00231.txt ts=2026-09-17T23:42:08.066630+00:00
 [01339/3000] create simple     /srv/fim-watch/gen_00252.txt ts=2026-09-17T23:42:08.166338+00:00
 [01340/3000] modify simple     /srv/fim-watch/critico/gen_00233.txt ts=2026-09-17T23:42:08.266458+00:00
 [01341/3000] create simple     /srv/fim-watch/critico/gen_00253.txt ts=2026-09-17T23:42:08.366623+00:00
 [01342/3000] modify simple     /srv/fim-watch/gen_00221.txt ts=2026-09-17T23:42:08.466642+00:00
 [01343/3000] create simple     /srv/fim-watch/gen_00254.txt ts=2026-09-17T23:42:08.566782+00:00
 [01344/3000] create simple     /srv/fim-watch/gen_00255.txt ts=2026-09-17T23:42:08.666281+00:00
 [01345/3000] create simple     /srv/fim-watch/gen_00256.txt ts=2026-09-17T23:42:08.766296+00:00
 [01346/3000] modify revertido  /srv/fim-watch/gen_00187.txt ts=2026-09-17T23:42:08.866389+00:00
 [01347/3000] modify revertido  /srv/fim-watch/gen_00187.txt ts=2026-09-17T23:42:08.966567+00:00
 [01348/3000] modify simple     /srv/fim-watch/gen_00064.txt ts=2026-09-17T23:42:09.066448+00:00
 [01349/3000] create simple     /srv/fim-watch/gen_00257.txt ts=2026-09-17T23:42:09.166326+00:00
 [01350/3000] create efimero    /srv/fim-watch/gen_00258.txt ts=2026-09-17T23:42:09.266337+00:00
 [01351/3000] delete efimero    /srv/fim-watch/gen_00258.txt ts=2026-09-17T23:42:09.366326+00:00
 [01352/3000] create simple     /srv/fim-watch/gen_00259.txt ts=2026-09-17T23:42:09.466412+00:00
 [01353/3000] modify simple     /srv/fim-watch/gen_00006.txt ts=2026-09-17T23:42:09.566786+00:00
 [01354/3000] modify simple     /srv/fim-watch/gen_00108.txt ts=2026-09-17T23:42:09.666818+00:00
 [01355/3000] modify simple     /srv/fim-watch/gen_00256.txt ts=2026-09-17T23:42:09.766361+00:00
 [01356/3000] create simple     /srv/fim-watch/gen_00260.txt ts=2026-09-17T23:42:09.866313+00:00
 [01357/3000] modify simple     /srv/fim-watch/gen_00175.txt ts=2026-09-17T23:42:09.966808+00:00
 [01358/3000] create simple     /srv/fim-watch/gen_00261.txt ts=2026-09-17T23:42:10.066655+00:00
 [01359/3000] create simple     /srv/fim-watch/critico/gen_00262.txt ts=2026-09-17T23:42:10.166677+00:00
 [01360/3000] create simple     /srv/fim-watch/gen_00263.txt ts=2026-09-17T23:42:10.266331+00:00
 [01361/3000] create simple     /srv/fim-watch/gen_00264.txt ts=2026-09-17T23:42:10.366647+00:00
 [01362/3000] modify simple     /srv/fim-watch/gen_00050.txt ts=2026-09-17T23:42:10.466481+00:00
 [01363/3000] modify simple     /srv/fim-watch/gen_00084.txt ts=2026-09-17T23:42:10.566655+00:00
 [01364/3000] create simple     /srv/fim-watch/gen_00265.txt ts=2026-09-17T23:42:10.666289+00:00
 [01365/3000] create simple     /srv/fim-watch/gen_00266.txt ts=2026-09-17T23:42:10.766572+00:00
 [01366/3000] modify simple     /srv/fim-watch/critico/gen_00053.txt ts=2026-09-17T23:42:10.866582+00:00
 [01367/3000] modify simple     /srv/fim-watch/gen_00006.txt ts=2026-09-17T23:42:10.966726+00:00
 [01368/3000] modify simple     /srv/fim-watch/critico/gen_00209.txt ts=2026-09-17T23:42:11.066427+00:00
 [01369/3000] modify simple     /srv/fim-watch/critico/gen_00156.txt ts=2026-09-17T23:42:11.166948+00:00
 [01370/3000] create simple     /srv/fim-watch/gen_00267.txt ts=2026-09-17T23:42:11.266006+00:00
 [01371/3000] modify simple     /srv/fim-watch/gen_00195.txt ts=2026-09-17T23:42:11.365975+00:00
 [01372/3000] modify simple     /srv/fim-watch/gen_00254.txt ts=2026-09-17T23:42:11.466042+00:00
 [01373/3000] create simple     /srv/fim-watch/gen_00268.txt ts=2026-09-17T23:42:11.565976+00:00
 [01374/3000] create simple     /srv/fim-watch/gen_00269.txt ts=2026-09-17T23:42:11.665932+00:00
 [01375/3000] create efimero    /srv/fim-watch/gen_00270.txt ts=2026-09-17T23:42:11.766528+00:00
 [01376/3000] delete efimero    /srv/fim-watch/gen_00270.txt ts=2026-09-17T23:42:11.866343+00:00
 [01377/3000] modify revertido  /srv/fim-watch/gen_00175.txt ts=2026-09-17T23:42:11.966403+00:00
 [01378/3000] modify revertido  /srv/fim-watch/gen_00175.txt ts=2026-09-17T23:42:12.066487+00:00
 [01379/3000] create simple     /srv/fim-watch/gen_00271.txt ts=2026-09-17T23:42:12.166335+00:00
 [01380/3000] modify simple     /srv/fim-watch/gen_00033.txt ts=2026-09-17T23:42:12.266672+00:00
 [01381/3000] create simple     /srv/fim-watch/critico/gen_00272.txt ts=2026-09-17T23:42:12.366727+00:00
 [01382/3000] delete simple     /srv/fim-watch/gen_00058.txt ts=2026-09-17T23:42:12.466544+00:00
 [01383/3000] modify simple     /srv/fim-watch/critico/gen_00169.txt ts=2026-09-17T23:42:12.566726+00:00
 [01384/3000] modify colapsado  /srv/fim-watch/gen_00267.txt ts=2026-09-17T23:42:12.666618+00:00
 [01385/3000] modify colapsado  /srv/fim-watch/gen_00267.txt ts=2026-09-17T23:42:12.766638+00:00
 [01386/3000] modify colapsado  /srv/fim-watch/gen_00267.txt ts=2026-09-17T23:42:12.866846+00:00
 [01387/3000] modify colapsado  /srv/fim-watch/gen_00267.txt ts=2026-09-17T23:42:12.966635+00:00
 [01388/3000] modify colapsado  /srv/fim-watch/gen_00267.txt ts=2026-09-17T23:42:13.066746+00:00
 [01389/3000] modify simple     /srv/fim-watch/gen_00036.txt ts=2026-09-17T23:42:13.166683+00:00
 [01390/3000] delete simple     /srv/fim-watch/gen_00065.txt ts=2026-09-17T23:42:13.266391+00:00
 [01391/3000] create simple     /srv/fim-watch/gen_00273.txt ts=2026-09-17T23:42:13.366399+00:00
 [01392/3000] modify revertido  /srv/fim-watch/critico/gen_00236.txt ts=2026-09-17T23:42:13.466690+00:00
 [01393/3000] modify revertido  /srv/fim-watch/critico/gen_00236.txt ts=2026-09-17T23:42:13.566673+00:00
 [01394/3000] delete simple     /srv/fim-watch/gen_00245.txt ts=2026-09-17T23:42:13.666442+00:00
 [01395/3000] modify revertido  /srv/fim-watch/gen_00268.txt ts=2026-09-17T23:42:13.766308+00:00
 [01396/3000] modify revertido  /srv/fim-watch/gen_00268.txt ts=2026-09-17T23:42:13.866221+00:00
 [01397/3000] create simple     /srv/fim-watch/gen_00274.txt ts=2026-09-17T23:42:13.966333+00:00
 [01398/3000] modify simple     /srv/fim-watch/gen_00134.txt ts=2026-09-17T23:42:14.066742+00:00
 [01399/3000] modify simple     /srv/fim-watch/gen_00266.txt ts=2026-09-17T23:42:14.166401+00:00
 [01400/3000] modify revertido  /srv/fim-watch/gen_00088.txt ts=2026-09-17T23:42:14.266615+00:00
 [01401/3000] modify revertido  /srv/fim-watch/gen_00088.txt ts=2026-09-17T23:42:14.366612+00:00
 [01402/3000] modify simple     /srv/fim-watch/gen_00129.txt ts=2026-09-17T23:42:14.466645+00:00
 [01403/3000] modify simple     /srv/fim-watch/gen_00084.txt ts=2026-09-17T23:42:14.566476+00:00
 [01404/3000] modify simple     /srv/fim-watch/gen_00256.txt ts=2026-09-17T23:42:14.666619+00:00
 [01405/3000] delete simple     /srv/fim-watch/gen_00093.txt ts=2026-09-17T23:42:14.766336+00:00
 [01406/3000] delete simple     /srv/fim-watch/gen_00067.txt ts=2026-09-17T23:42:14.866448+00:00
 [01407/3000] create simple     /srv/fim-watch/gen_00275.txt ts=2026-09-17T23:42:14.966714+00:00
 [01408/3000] delete simple     /srv/fim-watch/critico/gen_00202.txt ts=2026-09-17T23:42:15.066265+00:00
 [01409/3000] modify colapsado  /srv/fim-watch/gen_00267.txt ts=2026-09-17T23:42:15.166737+00:00
 [01410/3000] modify colapsado  /srv/fim-watch/gen_00267.txt ts=2026-09-17T23:42:15.266213+00:00
 [01411/3000] modify colapsado  /srv/fim-watch/gen_00267.txt ts=2026-09-17T23:42:15.366771+00:00
 [01412/3000] modify colapsado  /srv/fim-watch/gen_00267.txt ts=2026-09-17T23:42:15.466660+00:00
 [01413/3000] modify colapsado  /srv/fim-watch/gen_00267.txt ts=2026-09-17T23:42:15.566461+00:00
 [01414/3000] modify simple     /srv/fim-watch/gen_00160.txt ts=2026-09-17T23:42:15.666813+00:00
 [01415/3000] modify simple     /srv/fim-watch/gen_00098.txt ts=2026-09-17T23:42:15.766606+00:00
 [01416/3000] modify simple     /srv/fim-watch/critico/gen_00153.txt ts=2026-09-17T23:42:15.866375+00:00
 [01417/3000] modify simple     /srv/fim-watch/gen_00177.txt ts=2026-09-17T23:42:15.966646+00:00
 [01418/3000] create simple     /srv/fim-watch/critico/gen_00276.txt ts=2026-09-17T23:42:16.066696+00:00
 [01419/3000] modify simple     /srv/fim-watch/critico/gen_00173.txt ts=2026-09-17T23:42:16.166823+00:00
 [01420/3000] delete simple     /srv/fim-watch/critico/gen_00233.txt ts=2026-09-17T23:42:16.266085+00:00
 [01421/3000] modify simple     /srv/fim-watch/gen_00105.txt ts=2026-09-17T23:42:16.366821+00:00
 [01422/3000] modify simple     /srv/fim-watch/gen_00230.txt ts=2026-09-17T23:42:16.466920+00:00
 [01423/3000] modify simple     /srv/fim-watch/gen_00117.txt ts=2026-09-17T23:42:16.566712+00:00
 [01424/3000] create simple     /srv/fim-watch/gen_00277.txt ts=2026-09-17T23:42:16.666381+00:00
 [01425/3000] modify simple     /srv/fim-watch/gen_00136.txt ts=2026-09-17T23:42:16.766392+00:00
 [01426/3000] modify revertido  /srv/fim-watch/gen_00079.txt ts=2026-09-17T23:42:16.866319+00:00
 [01427/3000] modify revertido  /srv/fim-watch/gen_00079.txt ts=2026-09-17T23:42:16.966200+00:00
 [01428/3000] delete simple     /srv/fim-watch/gen_00006.txt ts=2026-09-17T23:42:17.065978+00:00
 [01429/3000] modify simple     /srv/fim-watch/critico/gen_00184.txt ts=2026-09-17T23:42:17.166058+00:00
 [01430/3000] modify simple     /srv/fim-watch/gen_00070.txt ts=2026-09-17T23:42:17.266801+00:00
 [01431/3000] create simple     /srv/fim-watch/gen_00278.txt ts=2026-09-17T23:42:17.366552+00:00
 [01432/3000] modify simple     /srv/fim-watch/gen_00176.txt ts=2026-09-17T23:42:17.466810+00:00
 [01433/3000] modify revertido  /srv/fim-watch/gen_00213.txt ts=2026-09-17T23:42:17.566449+00:00
 [01434/3000] modify revertido  /srv/fim-watch/gen_00213.txt ts=2026-09-17T23:42:17.666798+00:00
 [01435/3000] modify revertido  /srv/fim-watch/gen_00259.txt ts=2026-09-17T23:42:17.766414+00:00
 [01436/3000] modify revertido  /srv/fim-watch/gen_00259.txt ts=2026-09-17T23:42:17.866658+00:00
 [01437/3000] modify revertido  /srv/fim-watch/critico/gen_00242.txt ts=2026-09-17T23:42:17.966640+00:00
 [01438/3000] modify revertido  /srv/fim-watch/critico/gen_00242.txt ts=2026-09-17T23:42:18.066467+00:00
 [01439/3000] delete simple     /srv/fim-watch/gen_00267.txt ts=2026-09-17T23:42:18.166266+00:00
 [01440/3000] create simple     /srv/fim-watch/gen_00279.txt ts=2026-09-17T23:42:18.266690+00:00
 [01441/3000] create simple     /srv/fim-watch/critico/gen_00280.txt ts=2026-09-17T23:42:18.366703+00:00
 [01442/3000] modify simple     /srv/fim-watch/gen_00204.txt ts=2026-09-17T23:42:18.466561+00:00
 [01443/3000] modify simple     /srv/fim-watch/gen_00274.txt ts=2026-09-17T23:42:18.566621+00:00
 [01444/3000] modify colapsado  /srv/fim-watch/gen_00260.txt ts=2026-09-17T23:42:18.666560+00:00
 [01445/3000] modify colapsado  /srv/fim-watch/gen_00260.txt ts=2026-09-17T23:42:18.766536+00:00
 [01446/3000] modify colapsado  /srv/fim-watch/gen_00260.txt ts=2026-09-17T23:42:18.866749+00:00
 [01447/3000] modify colapsado  /srv/fim-watch/gen_00260.txt ts=2026-09-17T23:42:18.966582+00:00
 [01448/3000] modify colapsado  /srv/fim-watch/gen_00260.txt ts=2026-09-17T23:42:19.066815+00:00
 [01449/3000] create simple     /srv/fim-watch/gen_00281.txt ts=2026-09-17T23:42:19.166511+00:00
 [01450/3000] delete simple     /srv/fim-watch/gen_00261.txt ts=2026-09-17T23:42:19.266471+00:00
 [01451/3000] create simple     /srv/fim-watch/gen_00282.txt ts=2026-09-17T23:42:19.366732+00:00
 [01452/3000] create efimero    /srv/fim-watch/gen_00283.txt ts=2026-09-17T23:42:19.466682+00:00
 [01453/3000] delete efimero    /srv/fim-watch/gen_00283.txt ts=2026-09-17T23:42:19.566611+00:00
 [01454/3000] modify revertido  /srv/fim-watch/gen_00275.txt ts=2026-09-17T23:42:19.666433+00:00
 [01455/3000] modify revertido  /srv/fim-watch/gen_00275.txt ts=2026-09-17T23:42:19.766644+00:00
 [01456/3000] modify simple     /srv/fim-watch/critico/gen_00183.txt ts=2026-09-17T23:42:19.866827+00:00
 [01457/3000] delete simple     /srv/fim-watch/gen_00278.txt ts=2026-09-17T23:42:19.966621+00:00
 [01458/3000] modify simple     /srv/fim-watch/gen_00122.txt ts=2026-09-17T23:42:20.066616+00:00
 [01459/3000] create simple     /srv/fim-watch/gen_00284.txt ts=2026-09-17T23:42:20.166562+00:00
 [01460/3000] modify simple     /srv/fim-watch/gen_00275.txt ts=2026-09-17T23:42:20.266906+00:00
 [01461/3000] modify simple     /srv/fim-watch/gen_00040.txt ts=2026-09-17T23:42:20.366498+00:00
 [01462/3000] modify simple     /srv/fim-watch/critico/gen_00156.txt ts=2026-09-17T23:42:20.466768+00:00
 [01463/3000] modify revertido  /srv/fim-watch/gen_00215.txt ts=2026-09-17T23:42:20.566931+00:00
 [01464/3000] modify revertido  /srv/fim-watch/gen_00215.txt ts=2026-09-17T23:42:20.666817+00:00
 [01465/3000] create simple     /srv/fim-watch/gen_00285.txt ts=2026-09-17T23:42:20.766723+00:00
 [01466/3000] modify simple     /srv/fim-watch/gen_00203.txt ts=2026-09-17T23:42:20.866753+00:00
 [01467/3000] modify simple     /srv/fim-watch/gen_00231.txt ts=2026-09-17T23:42:20.966439+00:00
 [01468/3000] modify revertido  /srv/fim-watch/gen_00106.txt ts=2026-09-17T23:42:21.066412+00:00
 [01469/3000] modify revertido  /srv/fim-watch/gen_00106.txt ts=2026-09-17T23:42:21.166648+00:00
 [01470/3000] modify simple     /srv/fim-watch/gen_00166.txt ts=2026-09-17T23:42:21.266418+00:00
 [01471/3000] create simple     /srv/fim-watch/gen_00286.txt ts=2026-09-17T23:42:21.366710+00:00
 [01472/3000] modify simple     /srv/fim-watch/critico/gen_00280.txt ts=2026-09-17T23:42:21.466945+00:00
 [01473/3000] modify simple     /srv/fim-watch/critico/gen_00053.txt ts=2026-09-17T23:42:21.566780+00:00
 [01474/3000] modify revertido  /srv/fim-watch/gen_00135.txt ts=2026-09-17T23:42:21.666435+00:00
 [01475/3000] modify revertido  /srv/fim-watch/gen_00135.txt ts=2026-09-17T23:42:21.766599+00:00
 [01476/3000] create simple     /srv/fim-watch/critico/gen_00287.txt ts=2026-09-17T23:42:21.866581+00:00
 [01477/3000] delete simple     /srv/fim-watch/critico/gen_00200.txt ts=2026-09-17T23:42:21.966476+00:00
 [01478/3000] modify simple     /srv/fim-watch/gen_00193.txt ts=2026-09-17T23:42:22.066180+00:00
 [01479/3000] modify colapsado  /srv/fim-watch/gen_00265.txt ts=2026-09-17T23:42:22.166285+00:00
 [01480/3000] modify colapsado  /srv/fim-watch/gen_00265.txt ts=2026-09-17T23:42:22.266514+00:00
 [01481/3000] modify colapsado  /srv/fim-watch/gen_00265.txt ts=2026-09-17T23:42:22.366014+00:00
 [01482/3000] modify colapsado  /srv/fim-watch/gen_00265.txt ts=2026-09-17T23:42:22.466019+00:00
 [01483/3000] modify colapsado  /srv/fim-watch/gen_00265.txt ts=2026-09-17T23:42:22.565982+00:00
 [01484/3000] modify simple     /srv/fim-watch/critico/gen_00210.txt ts=2026-09-17T23:42:22.665999+00:00
 [01485/3000] modify simple     /srv/fim-watch/gen_00275.txt ts=2026-09-17T23:42:22.766333+00:00
 [01486/3000] modify simple     /srv/fim-watch/critico/gen_00287.txt ts=2026-09-17T23:42:22.866619+00:00
 [01487/3000] modify simple     /srv/fim-watch/gen_00117.txt ts=2026-09-17T23:42:22.966898+00:00
 [01488/3000] modify simple     /srv/fim-watch/gen_00281.txt ts=2026-09-17T23:42:23.066724+00:00
 [01489/3000] create simple     /srv/fim-watch/critico/gen_00288.txt ts=2026-09-17T23:42:23.166537+00:00
 [01490/3000] modify simple     /srv/fim-watch/gen_00161.txt ts=2026-09-17T23:42:23.266467+00:00
 [01491/3000] modify simple     /srv/fim-watch/gen_00282.txt ts=2026-09-17T23:42:23.366836+00:00
 [01492/3000] delete simple     /srv/fim-watch/critico/gen_00169.txt ts=2026-09-17T23:42:23.466527+00:00
 [01493/3000] modify simple     /srv/fim-watch/gen_00161.txt ts=2026-09-17T23:42:23.566415+00:00
 [01494/3000] modify simple     /srv/fim-watch/gen_00177.txt ts=2026-09-17T23:42:23.666560+00:00
 [01495/3000] modify simple     /srv/fim-watch/gen_00049.txt ts=2026-09-17T23:42:23.766620+00:00
 [01496/3000] modify revertido  /srv/fim-watch/gen_00247.txt ts=2026-09-17T23:42:23.866427+00:00
 [01497/3000] modify revertido  /srv/fim-watch/gen_00247.txt ts=2026-09-17T23:42:23.966551+00:00
 [01498/3000] create simple     /srv/fim-watch/gen_00289.txt ts=2026-09-17T23:42:24.066330+00:00
 [01499/3000] modify simple     /srv/fim-watch/critico/gen_00173.txt ts=2026-09-17T23:42:24.166823+00:00
 [01500/3000] modify simple     /srv/fim-watch/gen_00177.txt ts=2026-09-17T23:42:24.266553+00:00
 [01501/3000] create simple     /srv/fim-watch/gen_00290.txt ts=2026-09-17T23:42:24.366723+00:00
 [01502/3000] modify simple     /srv/fim-watch/gen_00206.txt ts=2026-09-17T23:42:24.466450+00:00
 [01503/3000] create simple     /srv/fim-watch/gen_00291.txt ts=2026-09-17T23:42:24.566331+00:00
 [01504/3000] modify simple     /srv/fim-watch/gen_00259.txt ts=2026-09-17T23:42:24.666667+00:00
 [01505/3000] modify simple     /srv/fim-watch/gen_00231.txt ts=2026-09-17T23:42:24.766545+00:00
 [01506/3000] modify simple     /srv/fim-watch/gen_00250.txt ts=2026-09-17T23:42:24.866407+00:00
 [01507/3000] delete simple     /srv/fim-watch/gen_00180.txt ts=2026-09-17T23:42:24.966459+00:00
 [01508/3000] modify simple     /srv/fim-watch/gen_00108.txt ts=2026-09-17T23:42:25.066394+00:00
 [01509/3000] modify simple     /srv/fim-watch/gen_00269.txt ts=2026-09-17T23:42:25.166512+00:00
 [01510/3000] modify simple     /srv/fim-watch/gen_00279.txt ts=2026-09-17T23:42:25.266648+00:00
 [01511/3000] create simple     /srv/fim-watch/gen_00292.txt ts=2026-09-17T23:42:25.366283+00:00
 [01512/3000] modify revertido  /srv/fim-watch/gen_00256.txt ts=2026-09-17T23:42:25.466634+00:00
 [01513/3000] modify revertido  /srv/fim-watch/gen_00256.txt ts=2026-09-17T23:42:25.566708+00:00
 [01514/3000] modify simple     /srv/fim-watch/gen_00252.txt ts=2026-09-17T23:42:25.666718+00:00
 [01515/3000] modify simple     /srv/fim-watch/gen_00157.txt ts=2026-09-17T23:42:25.766902+00:00
 [01516/3000] modify simple     /srv/fim-watch/gen_00223.txt ts=2026-09-17T23:42:25.866589+00:00
 [01517/3000] delete simple     /srv/fim-watch/gen_00033.txt ts=2026-09-17T23:42:25.966296+00:00
 [01518/3000] modify revertido  /srv/fim-watch/gen_00249.txt ts=2026-09-17T23:42:26.066818+00:00
 [01519/3000] modify revertido  /srv/fim-watch/gen_00249.txt ts=2026-09-17T23:42:26.166680+00:00
 [01520/3000] delete simple     /srv/fim-watch/critico/gen_00210.txt ts=2026-09-17T23:42:26.266385+00:00
 [01521/3000] modify revertido  /srv/fim-watch/gen_00225.txt ts=2026-09-17T23:42:26.366526+00:00
 [01522/3000] modify revertido  /srv/fim-watch/gen_00225.txt ts=2026-09-17T23:42:26.466375+00:00
 [01523/3000] modify simple     /srv/fim-watch/gen_00250.txt ts=2026-09-17T23:42:26.566607+00:00
 [01524/3000] create simple     /srv/fim-watch/gen_00293.txt ts=2026-09-17T23:42:26.666721+00:00
 [01525/3000] create simple     /srv/fim-watch/gen_00294.txt ts=2026-09-17T23:42:26.766546+00:00
 [01526/3000] modify simple     /srv/fim-watch/gen_00230.txt ts=2026-09-17T23:42:26.866581+00:00
 [01527/3000] modify simple     /srv/fim-watch/critico/gen_00222.txt ts=2026-09-17T23:42:26.966807+00:00
 [01528/3000] create simple     /srv/fim-watch/gen_00295.txt ts=2026-09-17T23:42:27.066308+00:00
 [01529/3000] modify simple     /srv/fim-watch/gen_00142.txt ts=2026-09-17T23:42:27.166451+00:00
 [01530/3000] modify simple     /srv/fim-watch/gen_00249.txt ts=2026-09-17T23:42:27.266402+00:00
 [01531/3000] create simple     /srv/fim-watch/gen_00296.txt ts=2026-09-17T23:42:27.366586+00:00
 [01532/3000] delete simple     /srv/fim-watch/gen_00194.txt ts=2026-09-17T23:42:27.466504+00:00
 [01533/3000] create simple     /srv/fim-watch/gen_00297.txt ts=2026-09-17T23:42:27.566292+00:00
 [01534/3000] create simple     /srv/fim-watch/gen_00298.txt ts=2026-09-17T23:42:27.666317+00:00
 [01535/3000] modify simple     /srv/fim-watch/gen_00193.txt ts=2026-09-17T23:42:27.766526+00:00
 [01536/3000] create simple     /srv/fim-watch/gen_00299.txt ts=2026-09-17T23:42:27.866184+00:00
 [01537/3000] modify simple     /srv/fim-watch/gen_00266.txt ts=2026-09-17T23:42:27.968126+00:00
 [01538/3000] modify colapsado  /srv/fim-watch/gen_00219.txt ts=2026-09-17T23:42:28.066443+00:00
 [01539/3000] modify colapsado  /srv/fim-watch/gen_00219.txt ts=2026-09-17T23:42:28.166398+00:00
 [01540/3000] modify colapsado  /srv/fim-watch/gen_00219.txt ts=2026-09-17T23:42:28.266273+00:00
 [01541/3000] modify colapsado  /srv/fim-watch/gen_00219.txt ts=2026-09-17T23:42:28.366234+00:00
 [01542/3000] modify colapsado  /srv/fim-watch/gen_00219.txt ts=2026-09-17T23:42:28.466312+00:00
 [01543/3000] modify simple     /srv/fim-watch/critico/gen_00276.txt ts=2026-09-17T23:42:28.566275+00:00
 [01544/3000] modify revertido  /srv/fim-watch/gen_00259.txt ts=2026-09-17T23:42:28.666235+00:00
 [01545/3000] modify revertido  /srv/fim-watch/gen_00259.txt ts=2026-09-17T23:42:28.766266+00:00
 [01546/3000] create efimero    /srv/fim-watch/gen_00300.txt ts=2026-09-17T23:42:28.866445+00:00
 [01547/3000] delete efimero    /srv/fim-watch/gen_00300.txt ts=2026-09-17T23:42:28.966414+00:00
 [01548/3000] modify simple     /srv/fim-watch/gen_00231.txt ts=2026-09-17T23:42:29.066190+00:00
 [01549/3000] delete simple     /srv/fim-watch/gen_00247.txt ts=2026-09-17T23:42:29.166313+00:00
 [01550/3000] delete simple     /srv/fim-watch/gen_00243.txt ts=2026-09-17T23:42:29.266394+00:00
 [01551/3000] delete simple     /srv/fim-watch/gen_00016.txt ts=2026-09-17T23:42:29.366420+00:00
 [01552/3000] modify simple     /srv/fim-watch/gen_00062.txt ts=2026-09-17T23:42:29.466655+00:00
 [01553/3000] modify simple     /srv/fim-watch/gen_00271.txt ts=2026-09-17T23:42:29.566415+00:00
 [01554/3000] modify simple     /srv/fim-watch/critico/gen_00053.txt ts=2026-09-17T23:42:29.666456+00:00
 [01555/3000] modify simple     /srv/fim-watch/gen_00062.txt ts=2026-09-17T23:42:29.766433+00:00
 [01556/3000] modify simple     /srv/fim-watch/gen_00238.txt ts=2026-09-17T23:42:29.866726+00:00
 [01557/3000] create simple     /srv/fim-watch/gen_00301.txt ts=2026-09-17T23:42:29.966653+00:00
 [01558/3000] modify simple     /srv/fim-watch/gen_00134.txt ts=2026-09-17T23:42:30.066644+00:00
 [01559/3000] create simple     /srv/fim-watch/gen_00302.txt ts=2026-09-17T23:42:30.166506+00:00
 [01560/3000] modify colapsado  /srv/fim-watch/gen_00171.txt ts=2026-09-17T23:42:30.266554+00:00
 [01561/3000] modify colapsado  /srv/fim-watch/gen_00171.txt ts=2026-09-17T23:42:30.366916+00:00
 [01562/3000] modify colapsado  /srv/fim-watch/gen_00171.txt ts=2026-09-17T23:42:30.466360+00:00
 [01563/3000] modify colapsado  /srv/fim-watch/gen_00171.txt ts=2026-09-17T23:42:30.566901+00:00
 [01564/3000] modify colapsado  /srv/fim-watch/gen_00171.txt ts=2026-09-17T23:42:30.666615+00:00
 [01565/3000] modify simple     /srv/fim-watch/gen_00254.txt ts=2026-09-17T23:42:30.766900+00:00
 [01566/3000] delete simple     /srv/fim-watch/gen_00296.txt ts=2026-09-17T23:42:30.866671+00:00
 [01567/3000] modify simple     /srv/fim-watch/gen_00078.txt ts=2026-09-17T23:42:30.966582+00:00
 [01568/3000] create simple     /srv/fim-watch/gen_00303.txt ts=2026-09-17T23:42:31.066318+00:00
 [01569/3000] modify simple     /srv/fim-watch/gen_00179.txt ts=2026-09-17T23:42:31.166643+00:00
 [01570/3000] create simple     /srv/fim-watch/critico/gen_00304.txt ts=2026-09-17T23:42:31.266720+00:00
 [01571/3000] delete simple     /srv/fim-watch/gen_00084.txt ts=2026-09-17T23:42:31.366287+00:00
 [01572/3000] modify simple     /srv/fim-watch/gen_00149.txt ts=2026-09-17T23:42:31.466489+00:00
 [01573/3000] create simple     /srv/fim-watch/gen_00305.txt ts=2026-09-17T23:42:31.566519+00:00
 [01574/3000] delete simple     /srv/fim-watch/gen_00132.txt ts=2026-09-17T23:42:31.666316+00:00
 [01575/3000] modify simple     /srv/fim-watch/gen_00106.txt ts=2026-09-17T23:42:31.766652+00:00
 [01576/3000] modify revertido  /srv/fim-watch/gen_00207.txt ts=2026-09-17T23:42:31.866744+00:00
 [01577/3000] modify revertido  /srv/fim-watch/gen_00207.txt ts=2026-09-17T23:42:31.966833+00:00
 [01578/3000] modify simple     /srv/fim-watch/gen_00108.txt ts=2026-09-17T23:42:32.066578+00:00
 [01579/3000] modify simple     /srv/fim-watch/critico/gen_00191.txt ts=2026-09-17T23:42:32.166348+00:00
 [01580/3000] modify simple     /srv/fim-watch/gen_00161.txt ts=2026-09-17T23:42:32.266309+00:00
 [01581/3000] modify simple     /srv/fim-watch/gen_00125.txt ts=2026-09-17T23:42:32.366727+00:00
 [01582/3000] modify simple     /srv/fim-watch/gen_00128.txt ts=2026-09-17T23:42:32.466736+00:00
 [01583/3000] modify revertido  /srv/fim-watch/gen_00285.txt ts=2026-09-17T23:42:32.566613+00:00
 [01584/3000] modify revertido  /srv/fim-watch/gen_00285.txt ts=2026-09-17T23:42:32.666628+00:00
 [01585/3000] modify colapsado  /srv/fim-watch/gen_00214.txt ts=2026-09-17T23:42:32.766443+00:00
 [01586/3000] modify colapsado  /srv/fim-watch/gen_00214.txt ts=2026-09-17T23:42:32.866337+00:00
 [01587/3000] modify colapsado  /srv/fim-watch/gen_00214.txt ts=2026-09-17T23:42:32.966379+00:00
 [01588/3000] modify colapsado  /srv/fim-watch/gen_00214.txt ts=2026-09-17T23:42:33.066640+00:00
 [01589/3000] modify colapsado  /srv/fim-watch/gen_00214.txt ts=2026-09-17T23:42:33.166810+00:00
 [01590/3000] modify simple     /srv/fim-watch/gen_00049.txt ts=2026-09-17T23:42:33.266710+00:00
 [01591/3000] modify simple     /srv/fim-watch/critico/gen_00280.txt ts=2026-09-17T23:42:33.366639+00:00
 [01592/3000] modify simple     /srv/fim-watch/gen_00219.txt ts=2026-09-17T23:42:33.466566+00:00
 [01593/3000] create simple     /srv/fim-watch/gen_00306.txt ts=2026-09-17T23:42:33.566546+00:00
 [01594/3000] modify simple     /srv/fim-watch/gen_00166.txt ts=2026-09-17T23:42:33.666821+00:00
 [01595/3000] create simple     /srv/fim-watch/gen_00307.txt ts=2026-09-17T23:42:33.766254+00:00
 [01596/3000] modify simple     /srv/fim-watch/gen_00273.txt ts=2026-09-17T23:42:33.866469+00:00
 [01597/3000] modify simple     /srv/fim-watch/gen_00255.txt ts=2026-09-17T23:42:33.966312+00:00
 [01598/3000] create simple     /srv/fim-watch/gen_00308.txt ts=2026-09-17T23:42:34.065978+00:00
 [01599/3000] modify simple     /srv/fim-watch/gen_00299.txt ts=2026-09-17T23:42:34.166135+00:00
 [01600/3000] modify simple     /srv/fim-watch/gen_00122.txt ts=2026-09-17T23:42:34.266065+00:00
 [01601/3000] modify simple     /srv/fim-watch/gen_00268.txt ts=2026-09-17T23:42:34.366025+00:00
 [01602/3000] create simple     /srv/fim-watch/gen_00309.txt ts=2026-09-17T23:42:34.465967+00:00
 [01603/3000] modify simple     /srv/fim-watch/gen_00273.txt ts=2026-09-17T23:42:34.566023+00:00
 [01604/3000] modify simple     /srv/fim-watch/critico/gen_00123.txt ts=2026-09-17T23:42:34.666793+00:00
 [01605/3000] create simple     /srv/fim-watch/critico/gen_00310.txt ts=2026-09-17T23:42:34.766552+00:00
 [01606/3000] create simple     /srv/fim-watch/gen_00311.txt ts=2026-09-17T23:42:34.866404+00:00
 [01607/3000] create simple     /srv/fim-watch/critico/gen_00312.txt ts=2026-09-17T23:42:34.966352+00:00
 [01608/3000] modify colapsado  /srv/fim-watch/gen_00106.txt ts=2026-09-17T23:42:35.066847+00:00
 [01609/3000] modify colapsado  /srv/fim-watch/gen_00106.txt ts=2026-09-17T23:42:35.166446+00:00
 [01610/3000] modify colapsado  /srv/fim-watch/gen_00106.txt ts=2026-09-17T23:42:35.266653+00:00
 [01611/3000] modify colapsado  /srv/fim-watch/gen_00106.txt ts=2026-09-17T23:42:35.366512+00:00
 [01612/3000] modify colapsado  /srv/fim-watch/gen_00106.txt ts=2026-09-17T23:42:35.466320+00:00
 [01613/3000] delete simple     /srv/fim-watch/gen_00070.txt ts=2026-09-17T23:42:35.566663+00:00
 [01614/3000] modify simple     /srv/fim-watch/gen_00309.txt ts=2026-09-17T23:42:35.666844+00:00
 [01615/3000] delete simple     /srv/fim-watch/gen_00089.txt ts=2026-09-17T23:42:35.766317+00:00
 [01616/3000] modify revertido  /srv/fim-watch/gen_00204.txt ts=2026-09-17T23:42:35.866449+00:00
 [01617/3000] modify revertido  /srv/fim-watch/gen_00204.txt ts=2026-09-17T23:42:35.966569+00:00
 [01618/3000] modify simple     /srv/fim-watch/critico/gen_00222.txt ts=2026-09-17T23:42:36.066495+00:00
 [01619/3000] modify simple     /srv/fim-watch/gen_00279.txt ts=2026-09-17T23:42:36.166651+00:00
 [01620/3000] delete simple     /srv/fim-watch/gen_00040.txt ts=2026-09-17T23:42:36.266538+00:00
 [01621/3000] modify simple     /srv/fim-watch/gen_00228.txt ts=2026-09-17T23:42:36.366484+00:00
 [01622/3000] create simple     /srv/fim-watch/gen_00313.txt ts=2026-09-17T23:42:36.466341+00:00
 [01623/3000] create simple     /srv/fim-watch/gen_00314.txt ts=2026-09-17T23:42:36.566503+00:00
 [01624/3000] modify simple     /srv/fim-watch/gen_00152.txt ts=2026-09-17T23:42:36.666478+00:00
 [01625/3000] modify simple     /srv/fim-watch/critico/gen_00248.txt ts=2026-09-17T23:42:36.766652+00:00
 [01626/3000] create simple     /srv/fim-watch/gen_00315.txt ts=2026-09-17T23:42:36.866276+00:00
 [01627/3000] create simple     /srv/fim-watch/gen_00316.txt ts=2026-09-17T23:42:36.966703+00:00
 [01628/3000] modify simple     /srv/fim-watch/gen_00179.txt ts=2026-09-17T23:42:37.066627+00:00
 [01629/3000] modify simple     /srv/fim-watch/gen_00106.txt ts=2026-09-17T23:42:37.166709+00:00
 [01630/3000] modify simple     /srv/fim-watch/gen_00282.txt ts=2026-09-17T23:42:37.266367+00:00
 [01631/3000] modify simple     /srv/fim-watch/critico/gen_00189.txt ts=2026-09-17T23:42:37.366364+00:00
 [01632/3000] create simple     /srv/fim-watch/gen_00317.txt ts=2026-09-17T23:42:37.466326+00:00
 [01633/3000] modify revertido  /srv/fim-watch/gen_00149.txt ts=2026-09-17T23:42:37.566389+00:00
 [01634/3000] modify revertido  /srv/fim-watch/gen_00149.txt ts=2026-09-17T23:42:37.666395+00:00
 [01635/3000] modify simple     /srv/fim-watch/gen_00096.txt ts=2026-09-17T23:42:37.766326+00:00
 [01636/3000] modify simple     /srv/fim-watch/gen_00266.txt ts=2026-09-17T23:42:37.866464+00:00
 [01637/3000] modify simple     /srv/fim-watch/gen_00231.txt ts=2026-09-17T23:42:37.966631+00:00
 [01638/3000] modify simple     /srv/fim-watch/gen_00293.txt ts=2026-09-17T23:42:38.066474+00:00
 [01639/3000] modify simple     /srv/fim-watch/gen_00174.txt ts=2026-09-17T23:42:38.166454+00:00
 [01640/3000] create simple     /srv/fim-watch/gen_00318.txt ts=2026-09-17T23:42:38.266422+00:00
 [01641/3000] modify simple     /srv/fim-watch/gen_00096.txt ts=2026-09-17T23:42:38.366451+00:00
 [01642/3000] modify simple     /srv/fim-watch/gen_00231.txt ts=2026-09-17T23:42:38.466510+00:00
 [01643/3000] create simple     /srv/fim-watch/gen_00319.txt ts=2026-09-17T23:42:38.566303+00:00
 [01644/3000] delete simple     /srv/fim-watch/critico/gen_00236.txt ts=2026-09-17T23:42:38.666341+00:00
 [01645/3000] create simple     /srv/fim-watch/gen_00320.txt ts=2026-09-17T23:42:38.766396+00:00
 [01646/3000] create simple     /srv/fim-watch/gen_00321.txt ts=2026-09-17T23:42:38.866730+00:00
 [01647/3000] modify simple     /srv/fim-watch/gen_00274.txt ts=2026-09-17T23:42:38.966679+00:00
 [01648/3000] create simple     /srv/fim-watch/critico/gen_00322.txt ts=2026-09-17T23:42:39.066536+00:00
 [01649/3000] modify simple     /srv/fim-watch/critico/gen_00191.txt ts=2026-09-17T23:42:39.166451+00:00
 [01650/3000] create simple     /srv/fim-watch/gen_00323.txt ts=2026-09-17T23:42:39.266271+00:00
 [01651/3000] create efimero    /srv/fim-watch/gen_00324.txt ts=2026-09-17T23:42:39.366595+00:00
 [01652/3000] delete efimero    /srv/fim-watch/gen_00324.txt ts=2026-09-17T23:42:39.466483+00:00
 [01653/3000] modify simple     /srv/fim-watch/critico/gen_00248.txt ts=2026-09-17T23:42:39.566846+00:00
 [01654/3000] modify simple     /srv/fim-watch/critico/gen_00156.txt ts=2026-09-17T23:42:39.667004+00:00
 [01655/3000] modify simple     /srv/fim-watch/gen_00319.txt ts=2026-09-17T23:42:39.766556+00:00
 [01656/3000] create simple     /srv/fim-watch/gen_00325.txt ts=2026-09-17T23:42:39.865990+00:00
 [01657/3000] modify simple     /srv/fim-watch/critico/gen_00222.txt ts=2026-09-17T23:42:39.966141+00:00
 [01658/3000] modify simple     /srv/fim-watch/critico/gen_00253.txt ts=2026-09-17T23:42:40.066025+00:00
 [01659/3000] create simple     /srv/fim-watch/gen_00326.txt ts=2026-09-17T23:42:40.165983+00:00
 [01660/3000] delete simple     /srv/fim-watch/gen_00212.txt ts=2026-09-17T23:42:40.266423+00:00
 [01661/3000] modify simple     /srv/fim-watch/gen_00175.txt ts=2026-09-17T23:42:40.366717+00:00
 [01662/3000] create simple     /srv/fim-watch/gen_00327.txt ts=2026-09-17T23:42:40.466516+00:00
 [01663/3000] modify revertido  /srv/fim-watch/gen_00096.txt ts=2026-09-17T23:42:40.566809+00:00
 [01664/3000] modify revertido  /srv/fim-watch/gen_00096.txt ts=2026-09-17T23:42:40.666421+00:00
 [01665/3000] create efimero    /srv/fim-watch/critico/gen_00328.txt ts=2026-09-17T23:42:40.766714+00:00
 [01666/3000] delete efimero    /srv/fim-watch/critico/gen_00328.txt ts=2026-09-17T23:42:40.866349+00:00
 [01667/3000] modify simple     /srv/fim-watch/gen_00313.txt ts=2026-09-17T23:42:40.966429+00:00
 [01668/3000] modify simple     /srv/fim-watch/gen_00115.txt ts=2026-09-17T23:42:41.066696+00:00
 [01669/3000] modify simple     /srv/fim-watch/gen_00177.txt ts=2026-09-17T23:42:41.166841+00:00
 [01670/3000] modify simple     /srv/fim-watch/gen_00255.txt ts=2026-09-17T23:42:41.266767+00:00
 [01671/3000] modify simple     /srv/fim-watch/gen_00252.txt ts=2026-09-17T23:42:41.366725+00:00
 [01672/3000] create simple     /srv/fim-watch/gen_00329.txt ts=2026-09-17T23:42:41.466323+00:00
 [01673/3000] modify simple     /srv/fim-watch/gen_00152.txt ts=2026-09-17T23:42:41.566670+00:00
 [01674/3000] modify simple     /srv/fim-watch/gen_00171.txt ts=2026-09-17T23:42:41.666624+00:00
 [01675/3000] modify simple     /srv/fim-watch/gen_00279.txt ts=2026-09-17T23:42:41.766903+00:00
 [01676/3000] modify simple     /srv/fim-watch/gen_00088.txt ts=2026-09-17T23:42:41.866412+00:00
 [01677/3000] create simple     /srv/fim-watch/critico/gen_00330.txt ts=2026-09-17T23:42:41.966576+00:00
 [01678/3000] create simple     /srv/fim-watch/gen_00331.txt ts=2026-09-17T23:42:42.066550+00:00
 [01679/3000] delete simple     /srv/fim-watch/gen_00078.txt ts=2026-09-17T23:42:42.166522+00:00
 [01680/3000] modify simple     /srv/fim-watch/gen_00266.txt ts=2026-09-17T23:42:42.266272+00:00
 [01681/3000] modify simple     /srv/fim-watch/gen_00088.txt ts=2026-09-17T23:42:42.366386+00:00
 [01682/3000] modify simple     /srv/fim-watch/gen_00225.txt ts=2026-09-17T23:42:42.466404+00:00
 [01683/3000] modify simple     /srv/fim-watch/gen_00255.txt ts=2026-09-17T23:42:42.566655+00:00
 [01684/3000] modify revertido  /srv/fim-watch/gen_00160.txt ts=2026-09-17T23:42:42.666701+00:00
 [01685/3000] modify revertido  /srv/fim-watch/gen_00160.txt ts=2026-09-17T23:42:42.766644+00:00
 [01686/3000] modify colapsado  /srv/fim-watch/gen_00157.txt ts=2026-09-17T23:42:42.866435+00:00
 [01687/3000] modify colapsado  /srv/fim-watch/gen_00157.txt ts=2026-09-17T23:42:42.966746+00:00
 [01688/3000] modify colapsado  /srv/fim-watch/gen_00157.txt ts=2026-09-17T23:42:43.066620+00:00
 [01689/3000] modify colapsado  /srv/fim-watch/gen_00157.txt ts=2026-09-17T23:42:43.166653+00:00
 [01690/3000] modify colapsado  /srv/fim-watch/gen_00157.txt ts=2026-09-17T23:42:43.266397+00:00
 [01691/3000] modify simple     /srv/fim-watch/gen_00206.txt ts=2026-09-17T23:42:43.366419+00:00
 [01692/3000] modify simple     /srv/fim-watch/gen_00256.txt ts=2026-09-17T23:42:43.466741+00:00
 [01693/3000] delete simple     /srv/fim-watch/gen_00281.txt ts=2026-09-17T23:42:43.566531+00:00
 [01694/3000] create simple     /srv/fim-watch/critico/gen_00332.txt ts=2026-09-17T23:42:43.666566+00:00
 [01695/3000] modify simple     /srv/fim-watch/gen_00096.txt ts=2026-09-17T23:42:43.766638+00:00
 [01696/3000] delete simple     /srv/fim-watch/gen_00327.txt ts=2026-09-17T23:42:43.866244+00:00
 [01697/3000] modify simple     /srv/fim-watch/critico/gen_00280.txt ts=2026-09-17T23:42:43.967013+00:00
 [01698/3000] delete simple     /srv/fim-watch/gen_00273.txt ts=2026-09-17T23:42:44.066334+00:00
 [01699/3000] modify simple     /srv/fim-watch/critico/gen_00248.txt ts=2026-09-17T23:42:44.166663+00:00
 [01700/3000] modify simple     /srv/fim-watch/gen_00128.txt ts=2026-09-17T23:42:44.266287+00:00
 [01701/3000] modify simple     /srv/fim-watch/gen_00152.txt ts=2026-09-17T23:42:44.366427+00:00
 [01702/3000] modify simple     /srv/fim-watch/gen_00317.txt ts=2026-09-17T23:42:44.466599+00:00
 [01703/3000] delete simple     /srv/fim-watch/critico/gen_00287.txt ts=2026-09-17T23:42:44.566673+00:00
 [01704/3000] modify simple     /srv/fim-watch/critico/gen_00332.txt ts=2026-09-17T23:42:44.666670+00:00
 [01705/3000] modify simple     /srv/fim-watch/gen_00179.txt ts=2026-09-17T23:42:44.766829+00:00
 [01706/3000] modify simple     /srv/fim-watch/gen_00219.txt ts=2026-09-17T23:42:44.866843+00:00
 [01707/3000] modify simple     /srv/fim-watch/critico/gen_00242.txt ts=2026-09-17T23:42:44.966841+00:00
 [01708/3000] modify simple     /srv/fim-watch/gen_00279.txt ts=2026-09-17T23:42:45.066430+00:00
 [01709/3000] modify simple     /srv/fim-watch/gen_00042.txt ts=2026-09-17T23:42:45.166832+00:00
 [01710/3000] modify revertido  /srv/fim-watch/gen_00311.txt ts=2026-09-17T23:42:45.266294+00:00
 [01711/3000] modify revertido  /srv/fim-watch/gen_00311.txt ts=2026-09-17T23:42:45.366234+00:00
 [01712/3000] modify simple     /srv/fim-watch/gen_00254.txt ts=2026-09-17T23:42:45.466276+00:00
 [01713/3000] modify simple     /srv/fim-watch/critico/gen_00304.txt ts=2026-09-17T23:42:45.566221+00:00
 [01714/3000] modify simple     /srv/fim-watch/gen_00126.txt ts=2026-09-17T23:42:45.666226+00:00
 [01715/3000] modify simple     /srv/fim-watch/gen_00301.txt ts=2026-09-17T23:42:45.766211+00:00
 [01716/3000] modify simple     /srv/fim-watch/gen_00286.txt ts=2026-09-17T23:42:45.866001+00:00
 [01717/3000] create simple     /srv/fim-watch/critico/gen_00333.txt ts=2026-09-17T23:42:45.966434+00:00
 [01718/3000] modify revertido  /srv/fim-watch/critico/gen_00183.txt ts=2026-09-17T23:42:46.066491+00:00
 [01719/3000] modify revertido  /srv/fim-watch/critico/gen_00183.txt ts=2026-09-17T23:42:46.166643+00:00
 [01720/3000] modify simple     /srv/fim-watch/gen_00166.txt ts=2026-09-17T23:42:46.266617+00:00
 [01721/3000] create simple     /srv/fim-watch/gen_00334.txt ts=2026-09-17T23:42:46.366526+00:00
 [01722/3000] create simple     /srv/fim-watch/gen_00335.txt ts=2026-09-17T23:42:46.466356+00:00
 [01723/3000] modify simple     /srv/fim-watch/gen_00241.txt ts=2026-09-17T23:42:46.566415+00:00
 [01724/3000] modify simple     /srv/fim-watch/gen_00125.txt ts=2026-09-17T23:42:46.666638+00:00
 [01725/3000] modify simple     /srv/fim-watch/gen_00260.txt ts=2026-09-17T23:42:46.766749+00:00
 [01726/3000] create simple     /srv/fim-watch/critico/gen_00336.txt ts=2026-09-17T23:42:46.866361+00:00
 [01727/3000] create efimero    /srv/fim-watch/gen_00337.txt ts=2026-09-17T23:42:46.966711+00:00
 [01728/3000] delete efimero    /srv/fim-watch/gen_00337.txt ts=2026-09-17T23:42:47.066253+00:00
 [01729/3000] modify simple     /srv/fim-watch/gen_00219.txt ts=2026-09-17T23:42:47.166499+00:00
 [01730/3000] delete simple     /srv/fim-watch/critico/gen_00276.txt ts=2026-09-17T23:42:47.266562+00:00
 [01731/3000] modify simple     /srv/fim-watch/gen_00177.txt ts=2026-09-17T23:42:47.366369+00:00
 [01732/3000] create simple     /srv/fim-watch/gen_00338.txt ts=2026-09-17T23:42:47.466282+00:00
 [01733/3000] delete simple     /srv/fim-watch/gen_00176.txt ts=2026-09-17T23:42:47.566500+00:00
 [01734/3000] delete simple     /srv/fim-watch/gen_00301.txt ts=2026-09-17T23:42:47.666395+00:00
 [01735/3000] modify simple     /srv/fim-watch/gen_00126.txt ts=2026-09-17T23:42:47.766443+00:00
 [01736/3000] delete simple     /srv/fim-watch/gen_00135.txt ts=2026-09-17T23:42:47.866514+00:00
 [01737/3000] modify simple     /srv/fim-watch/critico/gen_00184.txt ts=2026-09-17T23:42:47.966635+00:00
 [01738/3000] delete simple     /srv/fim-watch/gen_00292.txt ts=2026-09-17T23:42:48.066363+00:00
 [01739/3000] modify simple     /srv/fim-watch/gen_00071.txt ts=2026-09-17T23:42:48.166712+00:00
 [01740/3000] create simple     /srv/fim-watch/gen_00339.txt ts=2026-09-17T23:42:48.266674+00:00
 [01741/3000] delete simple     /srv/fim-watch/gen_00338.txt ts=2026-09-17T23:42:48.366499+00:00
 [01742/3000] modify simple     /srv/fim-watch/critico/gen_00310.txt ts=2026-09-17T23:42:48.466404+00:00
 [01743/3000] modify colapsado  /srv/fim-watch/gen_00206.txt ts=2026-09-17T23:42:48.566678+00:00
 [01744/3000] modify colapsado  /srv/fim-watch/gen_00206.txt ts=2026-09-17T23:42:48.666716+00:00
 [01745/3000] modify colapsado  /srv/fim-watch/gen_00206.txt ts=2026-09-17T23:42:48.766718+00:00
 [01746/3000] modify colapsado  /srv/fim-watch/gen_00206.txt ts=2026-09-17T23:42:48.866386+00:00
 [01747/3000] modify colapsado  /srv/fim-watch/gen_00206.txt ts=2026-09-17T23:42:48.966641+00:00
 [01748/3000] modify simple     /srv/fim-watch/gen_00256.txt ts=2026-09-17T23:42:49.066434+00:00
 [01749/3000] delete simple     /srv/fim-watch/gen_00088.txt ts=2026-09-17T23:42:49.166282+00:00
 [01750/3000] modify revertido  /srv/fim-watch/critico/gen_00191.txt ts=2026-09-17T23:42:49.266397+00:00
 [01751/3000] modify revertido  /srv/fim-watch/critico/gen_00191.txt ts=2026-09-17T23:42:49.366368+00:00
 [01752/3000] modify simple     /srv/fim-watch/critico/gen_00262.txt ts=2026-09-17T23:42:49.466406+00:00
 [01753/3000] modify simple     /srv/fim-watch/gen_00126.txt ts=2026-09-17T23:42:49.566390+00:00
 [01754/3000] delete simple     /srv/fim-watch/gen_00246.txt ts=2026-09-17T23:42:49.666505+00:00
 [01755/3000] modify simple     /srv/fim-watch/gen_00179.txt ts=2026-09-17T23:42:49.766840+00:00
 [01756/3000] modify simple     /srv/fim-watch/gen_00317.txt ts=2026-09-17T23:42:49.866615+00:00
 [01757/3000] create simple     /srv/fim-watch/gen_00340.txt ts=2026-09-17T23:42:49.966537+00:00
 [01758/3000] modify simple     /srv/fim-watch/gen_00108.txt ts=2026-09-17T23:42:50.066481+00:00
 [01759/3000] modify simple     /srv/fim-watch/gen_00193.txt ts=2026-09-17T23:42:50.166634+00:00
 [01760/3000] modify simple     /srv/fim-watch/critico/gen_00184.txt ts=2026-09-17T23:42:50.266735+00:00
 [01761/3000] create simple     /srv/fim-watch/gen_00341.txt ts=2026-09-17T23:42:50.366304+00:00
 [01762/3000] modify simple     /srv/fim-watch/gen_00105.txt ts=2026-09-17T23:42:50.466511+00:00
 [01763/3000] modify simple     /srv/fim-watch/gen_00299.txt ts=2026-09-17T23:42:50.566462+00:00
 [01764/3000] create simple     /srv/fim-watch/critico/gen_00342.txt ts=2026-09-17T23:42:50.666315+00:00
 [01765/3000] modify simple     /srv/fim-watch/gen_00223.txt ts=2026-09-17T23:42:50.766692+00:00
 [01766/3000] create simple     /srv/fim-watch/critico/gen_00343.txt ts=2026-09-17T23:42:50.866448+00:00
 [01767/3000] modify simple     /srv/fim-watch/critico/gen_00272.txt ts=2026-09-17T23:42:50.966325+00:00
 [01768/3000] modify simple     /srv/fim-watch/gen_00221.txt ts=2026-09-17T23:42:51.066196+00:00
 [01769/3000] modify simple     /srv/fim-watch/gen_00203.txt ts=2026-09-17T23:42:51.166275+00:00
 [01770/3000] create simple     /srv/fim-watch/critico/gen_00344.txt ts=2026-09-17T23:42:51.266236+00:00
 [01771/3000] modify simple     /srv/fim-watch/gen_00151.txt ts=2026-09-17T23:42:51.366292+00:00
 [01772/3000] modify colapsado  /srv/fim-watch/gen_00282.txt ts=2026-09-17T23:42:51.466236+00:00
 [01773/3000] modify colapsado  /srv/fim-watch/gen_00282.txt ts=2026-09-17T23:42:51.566881+00:00
 [01774/3000] modify colapsado  /srv/fim-watch/gen_00282.txt ts=2026-09-17T23:42:51.666693+00:00
 [01775/3000] modify colapsado  /srv/fim-watch/gen_00282.txt ts=2026-09-17T23:42:51.766658+00:00
 [01776/3000] modify colapsado  /srv/fim-watch/gen_00282.txt ts=2026-09-17T23:42:51.866595+00:00
 [01777/3000] modify simple     /srv/fim-watch/gen_00231.txt ts=2026-09-17T23:42:51.966677+00:00
 [01778/3000] create simple     /srv/fim-watch/critico/gen_00345.txt ts=2026-09-17T23:42:52.066550+00:00
 [01779/3000] modify simple     /srv/fim-watch/gen_00311.txt ts=2026-09-17T23:42:52.166909+00:00
 [01780/3000] modify simple     /srv/fim-watch/gen_00263.txt ts=2026-09-17T23:42:52.266414+00:00
 [01781/3000] modify simple     /srv/fim-watch/critico/gen_00344.txt ts=2026-09-17T23:42:52.366544+00:00
 [01782/3000] modify revertido  /srv/fim-watch/gen_00235.txt ts=2026-09-17T23:42:52.466300+00:00
 [01783/3000] modify revertido  /srv/fim-watch/gen_00235.txt ts=2026-09-17T23:42:52.566473+00:00
 [01784/3000] modify simple     /srv/fim-watch/critico/gen_00336.txt ts=2026-09-17T23:42:52.666722+00:00
 [01785/3000] modify simple     /srv/fim-watch/gen_00152.txt ts=2026-09-17T23:42:52.766677+00:00
 [01786/3000] modify simple     /srv/fim-watch/gen_00177.txt ts=2026-09-17T23:42:52.866459+00:00
 [01787/3000] modify simple     /srv/fim-watch/gen_00311.txt ts=2026-09-17T23:42:52.966655+00:00
 [01788/3000] modify revertido  /srv/fim-watch/critico/gen_00345.txt ts=2026-09-17T23:42:53.066460+00:00
 [01789/3000] modify revertido  /srv/fim-watch/critico/gen_00345.txt ts=2026-09-17T23:42:53.166609+00:00
 [01790/3000] modify simple     /srv/fim-watch/gen_00289.txt ts=2026-09-17T23:42:53.266430+00:00
 [01791/3000] create simple     /srv/fim-watch/gen_00346.txt ts=2026-09-17T23:42:53.366312+00:00
 [01792/3000] modify simple     /srv/fim-watch/gen_00171.txt ts=2026-09-17T23:42:53.466631+00:00
 [01793/3000] modify simple     /srv/fim-watch/gen_00297.txt ts=2026-09-17T23:42:53.566424+00:00
 [01794/3000] modify revertido  /srv/fim-watch/gen_00318.txt ts=2026-09-17T23:42:53.666408+00:00
 [01795/3000] modify revertido  /srv/fim-watch/gen_00318.txt ts=2026-09-17T23:42:53.766617+00:00
 [01796/3000] create simple     /srv/fim-watch/critico/gen_00347.txt ts=2026-09-17T23:42:53.866558+00:00
 [01797/3000] create simple     /srv/fim-watch/gen_00348.txt ts=2026-09-17T23:42:53.966507+00:00
 [01798/3000] modify simple     /srv/fim-watch/gen_00126.txt ts=2026-09-17T23:42:54.066665+00:00
 [01799/3000] create simple     /srv/fim-watch/gen_00349.txt ts=2026-09-17T23:42:54.166527+00:00
 [01800/3000] modify simple     /srv/fim-watch/gen_00232.txt ts=2026-09-17T23:42:54.266594+00:00
 [01801/3000] modify simple     /srv/fim-watch/gen_00298.txt ts=2026-09-17T23:42:54.366843+00:00
 [01802/3000] delete simple     /srv/fim-watch/gen_00341.txt ts=2026-09-17T23:42:54.466473+00:00
 [01803/3000] create simple     /srv/fim-watch/gen_00350.txt ts=2026-09-17T23:42:54.566478+00:00
 [01804/3000] modify simple     /srv/fim-watch/gen_00306.txt ts=2026-09-17T23:42:54.666626+00:00
 [01805/3000] modify simple     /srv/fim-watch/gen_00057.txt ts=2026-09-17T23:42:54.766659+00:00
 [01806/3000] modify simple     /srv/fim-watch/critico/gen_00262.txt ts=2026-09-17T23:42:54.866672+00:00
 [01807/3000] modify simple     /srv/fim-watch/critico/gen_00253.txt ts=2026-09-17T23:42:54.966742+00:00
 [01808/3000] modify simple     /srv/fim-watch/gen_00238.txt ts=2026-09-17T23:42:55.066392+00:00
 [01809/3000] create simple     /srv/fim-watch/critico/gen_00351.txt ts=2026-09-17T23:42:55.166556+00:00
 [01810/3000] create simple     /srv/fim-watch/gen_00352.txt ts=2026-09-17T23:42:55.266316+00:00
 [01811/3000] modify simple     /srv/fim-watch/gen_00198.txt ts=2026-09-17T23:42:55.366467+00:00
 [01812/3000] create simple     /srv/fim-watch/critico/gen_00353.txt ts=2026-09-17T23:42:55.466317+00:00
 [01813/3000] modify simple     /srv/fim-watch/gen_00299.txt ts=2026-09-17T23:42:55.566492+00:00
 [01814/3000] modify simple     /srv/fim-watch/gen_00064.txt ts=2026-09-17T23:42:55.666634+00:00
 [01815/3000] modify colapsado  /srv/fim-watch/gen_00348.txt ts=2026-09-17T23:42:55.766425+00:00
 [01816/3000] modify colapsado  /srv/fim-watch/gen_00348.txt ts=2026-09-17T23:42:55.866428+00:00
 [01817/3000] modify colapsado  /srv/fim-watch/gen_00348.txt ts=2026-09-17T23:42:55.966404+00:00
 [01818/3000] modify colapsado  /srv/fim-watch/gen_00348.txt ts=2026-09-17T23:42:56.066281+00:00
 [01819/3000] modify colapsado  /srv/fim-watch/gen_00348.txt ts=2026-09-17T23:42:56.166384+00:00
 [01820/3000] modify simple     /srv/fim-watch/critico/gen_00209.txt ts=2026-09-17T23:42:56.266316+00:00
 [01821/3000] modify simple     /srv/fim-watch/gen_00266.txt ts=2026-09-17T23:42:56.366643+00:00
 [01822/3000] modify simple     /srv/fim-watch/critico/gen_00330.txt ts=2026-09-17T23:42:56.466715+00:00
 [01823/3000] create simple     /srv/fim-watch/critico/gen_00354.txt ts=2026-09-17T23:42:56.566240+00:00
 [01824/3000] delete simple     /srv/fim-watch/gen_00049.txt ts=2026-09-17T23:42:56.666208+00:00
 [01825/3000] modify revertido  /srv/fim-watch/gen_00279.txt ts=2026-09-17T23:42:56.766002+00:00
 [01826/3000] modify revertido  /srv/fim-watch/gen_00279.txt ts=2026-09-17T23:42:56.866035+00:00
 [01827/3000] modify revertido  /srv/fim-watch/gen_00282.txt ts=2026-09-17T23:42:56.966088+00:00
 [01828/3000] modify revertido  /srv/fim-watch/gen_00282.txt ts=2026-09-17T23:42:57.066012+00:00
 [01829/3000] modify colapsado  /srv/fim-watch/gen_00275.txt ts=2026-09-17T23:42:57.166636+00:00
 [01830/3000] modify colapsado  /srv/fim-watch/gen_00275.txt ts=2026-09-17T23:42:57.266386+00:00
 [01831/3000] modify colapsado  /srv/fim-watch/gen_00275.txt ts=2026-09-17T23:42:57.366430+00:00
 [01832/3000] modify colapsado  /srv/fim-watch/gen_00275.txt ts=2026-09-17T23:42:57.466400+00:00
 [01833/3000] modify colapsado  /srv/fim-watch/gen_00275.txt ts=2026-09-17T23:42:57.566435+00:00
 [01834/3000] modify simple     /srv/fim-watch/gen_00325.txt ts=2026-09-17T23:42:57.666431+00:00
 [01835/3000] create simple     /srv/fim-watch/gen_00355.txt ts=2026-09-17T23:42:57.766545+00:00
 [01836/3000] delete simple     /srv/fim-watch/gen_00162.txt ts=2026-09-17T23:42:57.866304+00:00
 [01837/3000] create simple     /srv/fim-watch/gen_00356.txt ts=2026-09-17T23:42:57.966323+00:00
 [01838/3000] create simple     /srv/fim-watch/gen_00357.txt ts=2026-09-17T23:42:58.066556+00:00
 [01839/3000] create simple     /srv/fim-watch/gen_00358.txt ts=2026-09-17T23:42:58.166524+00:00
 [01840/3000] create simple     /srv/fim-watch/gen_00359.txt ts=2026-09-17T23:42:58.266349+00:00
 [01841/3000] modify simple     /srv/fim-watch/gen_00230.txt ts=2026-09-17T23:42:58.366324+00:00
 [01842/3000] modify revertido  /srv/fim-watch/gen_00263.txt ts=2026-09-17T23:42:58.466461+00:00
 [01843/3000] modify revertido  /srv/fim-watch/gen_00263.txt ts=2026-09-17T23:42:58.566641+00:00
 [01844/3000] create efimero    /srv/fim-watch/gen_00360.txt ts=2026-09-17T23:42:58.666394+00:00
 [01845/3000] delete efimero    /srv/fim-watch/gen_00360.txt ts=2026-09-17T23:42:58.766310+00:00
 [01846/3000] modify simple     /srv/fim-watch/gen_00308.txt ts=2026-09-17T23:42:58.866324+00:00
 [01847/3000] create simple     /srv/fim-watch/critico/gen_00361.txt ts=2026-09-17T23:42:58.966351+00:00
 [01848/3000] modify revertido  /srv/fim-watch/gen_00177.txt ts=2026-09-17T23:42:59.066905+00:00
 [01849/3000] modify revertido  /srv/fim-watch/gen_00177.txt ts=2026-09-17T23:42:59.166224+00:00
 [01850/3000] create simple     /srv/fim-watch/gen_00362.txt ts=2026-09-17T23:42:59.266348+00:00
 [01851/3000] modify simple     /srv/fim-watch/gen_00266.txt ts=2026-09-17T23:42:59.366647+00:00
 [01852/3000] modify simple     /srv/fim-watch/gen_00196.txt ts=2026-09-17T23:42:59.466259+00:00
 [01853/3000] modify simple     /srv/fim-watch/gen_00198.txt ts=2026-09-17T23:42:59.566416+00:00
 [01854/3000] modify revertido  /srv/fim-watch/gen_00329.txt ts=2026-09-17T23:42:59.666430+00:00
 [01855/3000] modify revertido  /srv/fim-watch/gen_00329.txt ts=2026-09-17T23:42:59.766361+00:00
 [01856/3000] modify simple     /srv/fim-watch/gen_00311.txt ts=2026-09-17T23:42:59.866464+00:00
 [01857/3000] create efimero    /srv/fim-watch/gen_00363.txt ts=2026-09-17T23:42:59.966480+00:00
 [01858/3000] delete efimero    /srv/fim-watch/gen_00363.txt ts=2026-09-17T23:43:00.066283+00:00
 [01859/3000] modify simple     /srv/fim-watch/critico/gen_00053.txt ts=2026-09-17T23:43:00.166425+00:00
 [01860/3000] modify revertido  /srv/fim-watch/critico/gen_00061.txt ts=2026-09-17T23:43:00.266731+00:00
 [01861/3000] modify revertido  /srv/fim-watch/critico/gen_00061.txt ts=2026-09-17T23:43:00.366402+00:00
 [01862/3000] create simple     /srv/fim-watch/gen_00364.txt ts=2026-09-17T23:43:00.466534+00:00
 [01863/3000] modify simple     /srv/fim-watch/gen_00295.txt ts=2026-09-17T23:43:00.566402+00:00
 [01864/3000] modify simple     /srv/fim-watch/gen_00250.txt ts=2026-09-17T23:43:00.666459+00:00
 [01865/3000] modify simple     /srv/fim-watch/critico/gen_00130.txt ts=2026-09-17T23:43:00.766618+00:00
 [01866/3000] modify simple     /srv/fim-watch/critico/gen_00304.txt ts=2026-09-17T23:43:00.866634+00:00
 [01867/3000] delete simple     /srv/fim-watch/gen_00057.txt ts=2026-09-17T23:43:00.966252+00:00
 [01868/3000] modify simple     /srv/fim-watch/critico/gen_00353.txt ts=2026-09-17T23:43:01.066614+00:00
 [01869/3000] create simple     /srv/fim-watch/gen_00365.txt ts=2026-09-17T23:43:01.166373+00:00
 [01870/3000] modify revertido  /srv/fim-watch/gen_00096.txt ts=2026-09-17T23:43:01.266438+00:00
 [01871/3000] modify revertido  /srv/fim-watch/gen_00096.txt ts=2026-09-17T23:43:01.366667+00:00
 [01872/3000] delete simple     /srv/fim-watch/gen_00104.txt ts=2026-09-17T23:43:01.466285+00:00
 [01873/3000] create simple     /srv/fim-watch/gen_00366.txt ts=2026-09-17T23:43:01.566259+00:00
 [01874/3000] modify simple     /srv/fim-watch/critico/gen_00189.txt ts=2026-09-17T23:43:01.666212+00:00
 [01875/3000] delete simple     /srv/fim-watch/gen_00214.txt ts=2026-09-17T23:43:01.766836+00:00
 [01876/3000] create simple     /srv/fim-watch/gen_00367.txt ts=2026-09-17T23:43:01.866433+00:00
 [01877/3000] create simple     /srv/fim-watch/gen_00368.txt ts=2026-09-17T23:43:01.966542+00:00
 [01878/3000] modify colapsado  /srv/fim-watch/critico/gen_00183.txt ts=2026-09-17T23:43:02.066412+00:00
 [01879/3000] modify colapsado  /srv/fim-watch/critico/gen_00183.txt ts=2026-09-17T23:43:02.166179+00:00
 [01880/3000] modify colapsado  /srv/fim-watch/critico/gen_00183.txt ts=2026-09-17T23:43:02.266157+00:00
 [01881/3000] modify colapsado  /srv/fim-watch/critico/gen_00183.txt ts=2026-09-17T23:43:02.366040+00:00
 [01882/3000] modify colapsado  /srv/fim-watch/critico/gen_00183.txt ts=2026-09-17T23:43:02.467392+00:00
 [01883/3000] create simple     /srv/fim-watch/critico/gen_00369.txt ts=2026-09-17T23:43:02.566013+00:00
 [01884/3000] modify simple     /srv/fim-watch/gen_00311.txt ts=2026-09-17T23:43:02.666311+00:00
 [01885/3000] create simple     /srv/fim-watch/gen_00370.txt ts=2026-09-17T23:43:02.766359+00:00
 [01886/3000] modify simple     /srv/fim-watch/gen_00256.txt ts=2026-09-17T23:43:02.866632+00:00
 [01887/3000] modify simple     /srv/fim-watch/critico/gen_00251.txt ts=2026-09-17T23:43:02.966437+00:00
 [01888/3000] modify simple     /srv/fim-watch/gen_00187.txt ts=2026-09-17T23:43:03.066226+00:00
 [01889/3000] delete simple     /srv/fim-watch/gen_00318.txt ts=2026-09-17T23:43:03.166355+00:00
 [01890/3000] modify simple     /srv/fim-watch/critico/gen_00343.txt ts=2026-09-17T23:43:03.266183+00:00
 [01891/3000] modify simple     /srv/fim-watch/critico/gen_00351.txt ts=2026-09-17T23:43:03.366453+00:00
 [01892/3000] create simple     /srv/fim-watch/critico/gen_00371.txt ts=2026-09-17T23:43:03.466354+00:00
 [01893/3000] modify simple     /srv/fim-watch/gen_00215.txt ts=2026-09-17T23:43:03.566450+00:00
 [01894/3000] modify simple     /srv/fim-watch/critico/gen_00344.txt ts=2026-09-17T23:43:03.666478+00:00
 [01895/3000] create efimero    /srv/fim-watch/gen_00372.txt ts=2026-09-17T23:43:03.766349+00:00
 [01896/3000] delete efimero    /srv/fim-watch/gen_00372.txt ts=2026-09-17T23:43:03.866481+00:00
 [01897/3000] delete simple     /srv/fim-watch/critico/gen_00248.txt ts=2026-09-17T23:43:03.966301+00:00
 [01898/3000] modify simple     /srv/fim-watch/gen_00264.txt ts=2026-09-17T23:43:04.066830+00:00
 [01899/3000] delete simple     /srv/fim-watch/gen_00357.txt ts=2026-09-17T23:43:04.166296+00:00
 [01900/3000] modify revertido  /srv/fim-watch/critico/gen_00222.txt ts=2026-09-17T23:43:04.266824+00:00
 [01901/3000] modify revertido  /srv/fim-watch/critico/gen_00222.txt ts=2026-09-17T23:43:04.366468+00:00
 [01902/3000] modify simple     /srv/fim-watch/gen_00259.txt ts=2026-09-17T23:43:04.466557+00:00
 [01903/3000] create efimero    /srv/fim-watch/gen_00373.txt ts=2026-09-17T23:43:04.566321+00:00
 [01904/3000] delete efimero    /srv/fim-watch/gen_00373.txt ts=2026-09-17T23:43:04.666341+00:00
 [01905/3000] create efimero    /srv/fim-watch/critico/gen_00374.txt ts=2026-09-17T23:43:04.766537+00:00
 [01906/3000] delete efimero    /srv/fim-watch/critico/gen_00374.txt ts=2026-09-17T23:43:04.866467+00:00
 [01907/3000] modify simple     /srv/fim-watch/critico/gen_00333.txt ts=2026-09-17T23:43:04.966839+00:00
 [01908/3000] modify simple     /srv/fim-watch/gen_00071.txt ts=2026-09-17T23:43:05.066400+00:00
 [01909/3000] create simple     /srv/fim-watch/gen_00375.txt ts=2026-09-17T23:43:05.166322+00:00
 [01910/3000] modify simple     /srv/fim-watch/critico/gen_00222.txt ts=2026-09-17T23:43:05.266464+00:00
 [01911/3000] modify simple     /srv/fim-watch/gen_00298.txt ts=2026-09-17T23:43:05.366496+00:00
 [01912/3000] create efimero    /srv/fim-watch/gen_00376.txt ts=2026-09-17T23:43:05.466337+00:00
 [01913/3000] delete efimero    /srv/fim-watch/gen_00376.txt ts=2026-09-17T23:43:05.566291+00:00
 [01914/3000] modify simple     /srv/fim-watch/gen_00128.txt ts=2026-09-17T23:43:05.666682+00:00
 [01915/3000] create simple     /srv/fim-watch/gen_00377.txt ts=2026-09-17T23:43:05.766347+00:00
 [01916/3000] create efimero    /srv/fim-watch/gen_00378.txt ts=2026-09-17T23:43:05.866234+00:00
 [01917/3000] delete efimero    /srv/fim-watch/gen_00378.txt ts=2026-09-17T23:43:05.966268+00:00
 [01918/3000] modify revertido  /srv/fim-watch/gen_00196.txt ts=2026-09-17T23:43:06.066840+00:00
 [01919/3000] modify revertido  /srv/fim-watch/gen_00196.txt ts=2026-09-17T23:43:06.166292+00:00
 [01920/3000] modify simple     /srv/fim-watch/critico/gen_00336.txt ts=2026-09-17T23:43:06.266638+00:00
 [01921/3000] create simple     /srv/fim-watch/critico/gen_00379.txt ts=2026-09-17T23:43:06.366563+00:00
 [01922/3000] modify simple     /srv/fim-watch/critico/gen_00345.txt ts=2026-09-17T23:43:06.466916+00:00
 [01923/3000] modify simple     /srv/fim-watch/gen_00203.txt ts=2026-09-17T23:43:06.566383+00:00
 [01924/3000] create efimero    /srv/fim-watch/gen_00380.txt ts=2026-09-17T23:43:06.666091+00:00
 [01925/3000] delete efimero    /srv/fim-watch/gen_00380.txt ts=2026-09-17T23:43:06.766666+00:00
 [01926/3000] modify simple     /srv/fim-watch/gen_00266.txt ts=2026-09-17T23:43:06.866598+00:00
 [01927/3000] modify simple     /srv/fim-watch/gen_00064.txt ts=2026-09-17T23:43:06.966523+00:00
 [01928/3000] delete simple     /srv/fim-watch/gen_00362.txt ts=2026-09-17T23:43:07.066655+00:00
 [01929/3000] modify simple     /srv/fim-watch/gen_00366.txt ts=2026-09-17T23:43:07.166574+00:00
 [01930/3000] modify simple     /srv/fim-watch/gen_00291.txt ts=2026-09-17T23:43:07.266237+00:00
 [01931/3000] modify simple     /srv/fim-watch/gen_00295.txt ts=2026-09-17T23:43:07.366642+00:00
 [01932/3000] modify simple     /srv/fim-watch/gen_00240.txt ts=2026-09-17T23:43:07.466441+00:00
 [01933/3000] modify colapsado  /srv/fim-watch/gen_00311.txt ts=2026-09-17T23:43:07.566321+00:00
 [01934/3000] modify colapsado  /srv/fim-watch/gen_00311.txt ts=2026-09-17T23:43:07.666003+00:00
 [01935/3000] modify colapsado  /srv/fim-watch/gen_00311.txt ts=2026-09-17T23:43:07.766245+00:00
 [01936/3000] modify colapsado  /srv/fim-watch/gen_00311.txt ts=2026-09-17T23:43:07.866064+00:00
 [01937/3000] modify colapsado  /srv/fim-watch/gen_00311.txt ts=2026-09-17T23:43:07.966113+00:00
 [01938/3000] modify revertido  /srv/fim-watch/gen_00134.txt ts=2026-09-17T23:43:08.066023+00:00
 [01939/3000] modify revertido  /srv/fim-watch/gen_00134.txt ts=2026-09-17T23:43:08.165980+00:00
 [01940/3000] create simple     /srv/fim-watch/gen_00381.txt ts=2026-09-17T23:43:08.266013+00:00
 [01941/3000] modify simple     /srv/fim-watch/gen_00366.txt ts=2026-09-17T23:43:08.366019+00:00
 [01942/3000] delete simple     /srv/fim-watch/gen_00252.txt ts=2026-09-17T23:43:08.466502+00:00
 [01943/3000] create efimero    /srv/fim-watch/critico/gen_00382.txt ts=2026-09-17T23:43:08.566788+00:00
 [01944/3000] delete efimero    /srv/fim-watch/critico/gen_00382.txt ts=2026-09-17T23:43:08.666610+00:00
 [01945/3000] create simple     /srv/fim-watch/gen_00383.txt ts=2026-09-17T23:43:08.766202+00:00
 [01946/3000] modify simple     /srv/fim-watch/gen_00355.txt ts=2026-09-17T23:43:08.866788+00:00
 [01947/3000] create simple     /srv/fim-watch/gen_00384.txt ts=2026-09-17T23:43:08.966683+00:00
 [01948/3000] delete simple     /srv/fim-watch/gen_00071.txt ts=2026-09-17T23:43:09.066298+00:00
 [01949/3000] delete simple     /srv/fim-watch/gen_00178.txt ts=2026-09-17T23:43:09.166651+00:00
 [01950/3000] modify simple     /srv/fim-watch/critico/gen_00351.txt ts=2026-09-17T23:43:09.266912+00:00
 [01951/3000] delete simple     /srv/fim-watch/gen_00161.txt ts=2026-09-17T23:43:09.366310+00:00
 [01952/3000] delete simple     /srv/fim-watch/gen_00294.txt ts=2026-09-17T23:43:09.466474+00:00
 [01953/3000] modify simple     /srv/fim-watch/gen_00230.txt ts=2026-09-17T23:43:09.566411+00:00
 [01954/3000] create simple     /srv/fim-watch/gen_00385.txt ts=2026-09-17T23:43:09.666305+00:00
 [01955/3000] create simple     /srv/fim-watch/gen_00386.txt ts=2026-09-17T23:43:09.766319+00:00
 [01956/3000] modify simple     /srv/fim-watch/gen_00365.txt ts=2026-09-17T23:43:09.866787+00:00
 [01957/3000] modify simple     /srv/fim-watch/gen_00352.txt ts=2026-09-17T23:43:09.966394+00:00
 [01958/3000] modify revertido  /srv/fim-watch/gen_00193.txt ts=2026-09-17T23:43:10.066929+00:00
 [01959/3000] modify revertido  /srv/fim-watch/gen_00193.txt ts=2026-09-17T23:43:10.167115+00:00
 [01960/3000] modify revertido  /srv/fim-watch/gen_00231.txt ts=2026-09-17T23:43:10.266615+00:00
 [01961/3000] modify revertido  /srv/fim-watch/gen_00231.txt ts=2026-09-17T23:43:10.366569+00:00
 [01962/3000] create simple     /srv/fim-watch/gen_00387.txt ts=2026-09-17T23:43:10.466309+00:00
 [01963/3000] modify simple     /srv/fim-watch/gen_00282.txt ts=2026-09-17T23:43:10.566425+00:00
 [01964/3000] create simple     /srv/fim-watch/gen_00388.txt ts=2026-09-17T23:43:10.666661+00:00
 [01965/3000] delete simple     /srv/fim-watch/gen_00192.txt ts=2026-09-17T23:43:10.766202+00:00
 [01966/3000] modify simple     /srv/fim-watch/critico/gen_00351.txt ts=2026-09-17T23:43:10.866819+00:00
 [01967/3000] modify simple     /srv/fim-watch/critico/gen_00053.txt ts=2026-09-17T23:43:10.966802+00:00
 [01968/3000] create simple     /srv/fim-watch/gen_00389.txt ts=2026-09-17T23:43:11.066332+00:00
 [01969/3000] modify simple     /srv/fim-watch/gen_00264.txt ts=2026-09-17T23:43:11.166584+00:00
 [01970/3000] modify simple     /srv/fim-watch/critico/gen_00053.txt ts=2026-09-17T23:43:11.266642+00:00
 [01971/3000] modify simple     /srv/fim-watch/gen_00152.txt ts=2026-09-17T23:43:11.366426+00:00
 [01972/3000] modify simple     /srv/fim-watch/gen_00125.txt ts=2026-09-17T23:43:11.466423+00:00
 [01973/3000] modify revertido  /srv/fim-watch/gen_00235.txt ts=2026-09-17T23:43:11.566359+00:00
 [01974/3000] modify revertido  /srv/fim-watch/gen_00235.txt ts=2026-09-17T23:43:11.666222+00:00
 [01975/3000] modify simple     /srv/fim-watch/critico/gen_00304.txt ts=2026-09-17T23:43:11.766449+00:00
 [01976/3000] modify simple     /srv/fim-watch/gen_00303.txt ts=2026-09-17T23:43:11.866648+00:00
 [01977/3000] modify simple     /srv/fim-watch/gen_00165.txt ts=2026-09-17T23:43:11.966561+00:00
 [01978/3000] modify simple     /srv/fim-watch/gen_00365.txt ts=2026-09-17T23:43:12.066988+00:00
 [01979/3000] modify simple     /srv/fim-watch/gen_00105.txt ts=2026-09-17T23:43:12.166719+00:00
 [01980/3000] modify simple     /srv/fim-watch/gen_00386.txt ts=2026-09-17T23:43:12.266835+00:00
 [01981/3000] create efimero    /srv/fim-watch/critico/gen_00390.txt ts=2026-09-17T23:43:12.366372+00:00
 [01982/3000] delete efimero    /srv/fim-watch/critico/gen_00390.txt ts=2026-09-17T23:43:12.466493+00:00
 [01983/3000] modify colapsado  /srv/fim-watch/gen_00179.txt ts=2026-09-17T23:43:12.566482+00:00
 [01984/3000] modify colapsado  /srv/fim-watch/gen_00179.txt ts=2026-09-17T23:43:12.666220+00:00
 [01985/3000] modify colapsado  /srv/fim-watch/gen_00179.txt ts=2026-09-17T23:43:12.766414+00:00
 [01986/3000] modify colapsado  /srv/fim-watch/gen_00179.txt ts=2026-09-17T23:43:12.866390+00:00
 [01987/3000] modify colapsado  /srv/fim-watch/gen_00179.txt ts=2026-09-17T23:43:12.966643+00:00
 [01988/3000] modify simple     /srv/fim-watch/gen_00230.txt ts=2026-09-17T23:43:13.066423+00:00
 [01989/3000] modify simple     /srv/fim-watch/gen_00098.txt ts=2026-09-17T23:43:13.166842+00:00
 [01990/3000] modify revertido  /srv/fim-watch/gen_00166.txt ts=2026-09-17T23:43:13.266640+00:00
 [01991/3000] modify revertido  /srv/fim-watch/gen_00166.txt ts=2026-09-17T23:43:13.366722+00:00
 [01992/3000] modify simple     /srv/fim-watch/critico/gen_00189.txt ts=2026-09-17T23:43:13.466305+00:00
 [01993/3000] delete simple     /srv/fim-watch/gen_00264.txt ts=2026-09-17T23:43:13.566160+00:00
 [01994/3000] create simple     /srv/fim-watch/critico/gen_00391.txt ts=2026-09-17T23:43:13.666205+00:00
 [01995/3000] create simple     /srv/fim-watch/critico/gen_00392.txt ts=2026-09-17T23:43:13.766173+00:00
 [01996/3000] delete simple     /srv/fim-watch/gen_00260.txt ts=2026-09-17T23:43:13.865947+00:00
 [01997/3000] modify simple     /srv/fim-watch/gen_00293.txt ts=2026-09-17T23:43:13.965995+00:00
 [01998/3000] modify simple     /srv/fim-watch/gen_00250.txt ts=2026-09-17T23:43:14.066011+00:00
 [01999/3000] modify simple     /srv/fim-watch/gen_00166.txt ts=2026-09-17T23:43:14.166008+00:00
 [02000/3000] modify simple     /srv/fim-watch/gen_00179.txt ts=2026-09-17T23:43:14.266399+00:00
 [02001/3000] delete simple     /srv/fim-watch/gen_00348.txt ts=2026-09-17T23:43:14.366529+00:00
 [02002/3000] modify simple     /srv/fim-watch/gen_00232.txt ts=2026-09-17T23:43:14.466554+00:00
 [02003/3000] create simple     /srv/fim-watch/gen_00393.txt ts=2026-09-17T23:43:14.566489+00:00
 [02004/3000] modify simple     /srv/fim-watch/gen_00320.txt ts=2026-09-17T23:43:14.666419+00:00
 [02005/3000] modify simple     /srv/fim-watch/critico/gen_00354.txt ts=2026-09-17T23:43:14.766645+00:00
 [02006/3000] modify simple     /srv/fim-watch/gen_00256.txt ts=2026-09-17T23:43:14.866832+00:00
 [02007/3000] create simple     /srv/fim-watch/gen_00394.txt ts=2026-09-17T23:43:14.966561+00:00
 [02008/3000] modify colapsado  /srv/fim-watch/critico/gen_00379.txt ts=2026-09-17T23:43:15.066432+00:00
 [02009/3000] modify colapsado  /srv/fim-watch/critico/gen_00379.txt ts=2026-09-17T23:43:15.166811+00:00
 [02010/3000] modify colapsado  /srv/fim-watch/critico/gen_00379.txt ts=2026-09-17T23:43:15.266645+00:00
 [02011/3000] modify colapsado  /srv/fim-watch/critico/gen_00379.txt ts=2026-09-17T23:43:15.366792+00:00
 [02012/3000] modify colapsado  /srv/fim-watch/critico/gen_00379.txt ts=2026-09-17T23:43:15.466705+00:00
 [02013/3000] modify simple     /srv/fim-watch/gen_00364.txt ts=2026-09-17T23:43:15.566599+00:00
 [02014/3000] create simple     /srv/fim-watch/gen_00395.txt ts=2026-09-17T23:43:15.666520+00:00
 [02015/3000] modify simple     /srv/fim-watch/gen_00096.txt ts=2026-09-17T23:43:15.766655+00:00
 [02016/3000] create simple     /srv/fim-watch/gen_00396.txt ts=2026-09-17T23:43:15.866355+00:00
 [02017/3000] modify simple     /srv/fim-watch/critico/gen_00189.txt ts=2026-09-17T23:43:15.966444+00:00
 [02018/3000] modify simple     /srv/fim-watch/gen_00266.txt ts=2026-09-17T23:43:16.066591+00:00
 [02019/3000] modify simple     /srv/fim-watch/gen_00171.txt ts=2026-09-17T23:43:16.166684+00:00
 [02020/3000] modify simple     /srv/fim-watch/gen_00313.txt ts=2026-09-17T23:43:16.267085+00:00
 [02021/3000] modify revertido  /srv/fim-watch/gen_00316.txt ts=2026-09-17T23:43:16.366678+00:00
 [02022/3000] modify revertido  /srv/fim-watch/gen_00316.txt ts=2026-09-17T23:43:16.466605+00:00
 [02023/3000] modify simple     /srv/fim-watch/gen_00149.txt ts=2026-09-17T23:43:16.566624+00:00
 [02024/3000] create simple     /srv/fim-watch/gen_00397.txt ts=2026-09-17T23:43:16.666677+00:00
 [02025/3000] create simple     /srv/fim-watch/critico/gen_00398.txt ts=2026-09-17T23:43:16.766321+00:00
 [02026/3000] modify simple     /srv/fim-watch/critico/gen_00342.txt ts=2026-09-17T23:43:16.866900+00:00
 [02027/3000] modify simple     /srv/fim-watch/gen_00062.txt ts=2026-09-17T23:43:16.967249+00:00
 [02028/3000] create efimero    /srv/fim-watch/critico/gen_00399.txt ts=2026-09-17T23:43:17.066554+00:00
 [02029/3000] delete efimero    /srv/fim-watch/critico/gen_00399.txt ts=2026-09-17T23:43:17.166622+00:00
 [02030/3000] modify simple     /srv/fim-watch/gen_00115.txt ts=2026-09-17T23:43:17.266802+00:00
 [02031/3000] delete simple     /srv/fim-watch/gen_00171.txt ts=2026-09-17T23:43:17.366689+00:00
 [02032/3000] modify simple     /srv/fim-watch/gen_00136.txt ts=2026-09-17T23:43:17.466558+00:00
 [02033/3000] modify simple     /srv/fim-watch/gen_00365.txt ts=2026-09-17T23:43:17.566628+00:00
 [02034/3000] modify simple     /srv/fim-watch/gen_00241.txt ts=2026-09-17T23:43:17.666279+00:00
 [02035/3000] create simple     /srv/fim-watch/gen_00400.txt ts=2026-09-17T23:43:17.766228+00:00
 [02036/3000] create simple     /srv/fim-watch/gen_00401.txt ts=2026-09-17T23:43:17.866518+00:00
 [02037/3000] create simple     /srv/fim-watch/gen_00402.txt ts=2026-09-17T23:43:17.966318+00:00
 [02038/3000] create simple     /srv/fim-watch/gen_00403.txt ts=2026-09-17T23:43:18.066406+00:00
 [02039/3000] modify simple     /srv/fim-watch/critico/gen_00361.txt ts=2026-09-17T23:43:18.166405+00:00
 [02040/3000] modify simple     /srv/fim-watch/gen_00388.txt ts=2026-09-17T23:43:18.266405+00:00
 [02041/3000] modify simple     /srv/fim-watch/critico/gen_00184.txt ts=2026-09-17T23:43:18.366820+00:00
 [02042/3000] create simple     /srv/fim-watch/gen_00404.txt ts=2026-09-17T23:43:18.466645+00:00
 [02043/3000] create simple     /srv/fim-watch/gen_00405.txt ts=2026-09-17T23:43:18.566420+00:00
 [02044/3000] delete simple     /srv/fim-watch/critico/gen_00333.txt ts=2026-09-17T23:43:18.666338+00:00
 [02045/3000] modify simple     /srv/fim-watch/gen_00226.txt ts=2026-09-17T23:43:18.766233+00:00
 [02046/3000] modify simple     /srv/fim-watch/gen_00174.txt ts=2026-09-17T23:43:18.866472+00:00
 [02047/3000] modify simple     /srv/fim-watch/critico/gen_00332.txt ts=2026-09-17T23:43:18.966430+00:00
 [02048/3000] delete simple     /srv/fim-watch/gen_00177.txt ts=2026-09-17T23:43:19.066405+00:00
 [02049/3000] modify revertido  /srv/fim-watch/critico/gen_00345.txt ts=2026-09-17T23:43:19.166833+00:00
 [02050/3000] modify revertido  /srv/fim-watch/critico/gen_00345.txt ts=2026-09-17T23:43:19.266310+00:00
 [02051/3000] modify simple     /srv/fim-watch/critico/gen_00353.txt ts=2026-09-17T23:43:19.365986+00:00
 [02052/3000] modify simple     /srv/fim-watch/critico/gen_00242.txt ts=2026-09-17T23:43:19.466118+00:00
 [02053/3000] modify simple     /srv/fim-watch/gen_00259.txt ts=2026-09-17T23:43:19.566036+00:00
 [02054/3000] modify simple     /srv/fim-watch/gen_00314.txt ts=2026-09-17T23:43:19.665984+00:00
 [02055/3000] modify simple     /srv/fim-watch/gen_00275.txt ts=2026-09-17T23:43:19.766078+00:00
 [02056/3000] modify simple     /srv/fim-watch/gen_00115.txt ts=2026-09-17T23:43:19.866151+00:00
 [02057/3000] modify simple     /srv/fim-watch/gen_00175.txt ts=2026-09-17T23:43:19.966637+00:00
 [02058/3000] modify simple     /srv/fim-watch/critico/gen_00156.txt ts=2026-09-17T23:43:20.066821+00:00
 [02059/3000] create simple     /srv/fim-watch/gen_00406.txt ts=2026-09-17T23:43:20.166729+00:00
 [02060/3000] modify simple     /srv/fim-watch/gen_00136.txt ts=2026-09-17T23:43:20.266631+00:00
 [02061/3000] create simple     /srv/fim-watch/gen_00407.txt ts=2026-09-17T23:43:20.366640+00:00
 [02062/3000] modify simple     /srv/fim-watch/gen_00199.txt ts=2026-09-17T23:43:20.466656+00:00
 [02063/3000] modify simple     /srv/fim-watch/critico/gen_00312.txt ts=2026-09-17T23:43:20.566996+00:00
 [02064/3000] modify simple     /srv/fim-watch/gen_00316.txt ts=2026-09-17T23:43:20.666840+00:00
 [02065/3000] modify simple     /srv/fim-watch/critico/gen_00354.txt ts=2026-09-17T23:43:20.766790+00:00
 [02066/3000] create simple     /srv/fim-watch/critico/gen_00408.txt ts=2026-09-17T23:43:20.866146+00:00
 [02067/3000] modify simple     /srv/fim-watch/critico/gen_00310.txt ts=2026-09-17T23:43:20.966585+00:00
 [02068/3000] delete simple     /srv/fim-watch/gen_00271.txt ts=2026-09-17T23:43:21.066301+00:00
 [02069/3000] modify simple     /srv/fim-watch/gen_00193.txt ts=2026-09-17T23:43:21.166740+00:00
 [02070/3000] modify simple     /srv/fim-watch/gen_00036.txt ts=2026-09-17T23:43:21.266775+00:00
 [02071/3000] modify simple     /srv/fim-watch/critico/gen_00251.txt ts=2026-09-17T23:43:21.366597+00:00
 [02072/3000] modify simple     /srv/fim-watch/gen_00238.txt ts=2026-09-17T23:43:21.466632+00:00
 [02073/3000] delete simple     /srv/fim-watch/gen_00257.txt ts=2026-09-17T23:43:21.566543+00:00
 [02074/3000] modify colapsado  /srv/fim-watch/gen_00400.txt ts=2026-09-17T23:43:21.666497+00:00
 [02075/3000] modify colapsado  /srv/fim-watch/gen_00400.txt ts=2026-09-17T23:43:21.766291+00:00
 [02076/3000] modify colapsado  /srv/fim-watch/gen_00400.txt ts=2026-09-17T23:43:21.866585+00:00
 [02077/3000] modify colapsado  /srv/fim-watch/gen_00400.txt ts=2026-09-17T23:43:21.966663+00:00
 [02078/3000] modify colapsado  /srv/fim-watch/gen_00400.txt ts=2026-09-17T23:43:22.066494+00:00
 [02079/3000] create simple     /srv/fim-watch/critico/gen_00409.txt ts=2026-09-17T23:43:22.166459+00:00
 [02080/3000] modify revertido  /srv/fim-watch/gen_00142.txt ts=2026-09-17T23:43:22.266773+00:00
 [02081/3000] modify revertido  /srv/fim-watch/gen_00142.txt ts=2026-09-17T23:43:22.366634+00:00
 [02082/3000] create simple     /srv/fim-watch/gen_00410.txt ts=2026-09-17T23:43:22.466405+00:00
 [02083/3000] modify colapsado  /srv/fim-watch/gen_00269.txt ts=2026-09-17T23:43:22.566515+00:00
 [02084/3000] modify colapsado  /srv/fim-watch/gen_00269.txt ts=2026-09-17T23:43:22.666305+00:00
 [02085/3000] modify colapsado  /srv/fim-watch/gen_00269.txt ts=2026-09-17T23:43:22.766171+00:00
 [02086/3000] modify colapsado  /srv/fim-watch/gen_00269.txt ts=2026-09-17T23:43:22.866398+00:00
 [02087/3000] modify colapsado  /srv/fim-watch/gen_00269.txt ts=2026-09-17T23:43:22.966645+00:00
 [02088/3000] create simple     /srv/fim-watch/gen_00411.txt ts=2026-09-17T23:43:23.066692+00:00
 [02089/3000] create simple     /srv/fim-watch/gen_00412.txt ts=2026-09-17T23:43:23.166671+00:00
 [02090/3000] delete simple     /srv/fim-watch/gen_00340.txt ts=2026-09-17T23:43:23.266475+00:00
 [02091/3000] modify simple     /srv/fim-watch/gen_00231.txt ts=2026-09-17T23:43:23.366645+00:00
 [02092/3000] create simple     /srv/fim-watch/critico/gen_00413.txt ts=2026-09-17T23:43:23.466298+00:00
 [02093/3000] modify simple     /srv/fim-watch/critico/gen_00347.txt ts=2026-09-17T23:43:23.566810+00:00
 [02094/3000] modify revertido  /srv/fim-watch/gen_00203.txt ts=2026-09-17T23:43:23.666468+00:00
 [02095/3000] modify revertido  /srv/fim-watch/gen_00203.txt ts=2026-09-17T23:43:23.766463+00:00
 [02096/3000] create simple     /srv/fim-watch/critico/gen_00414.txt ts=2026-09-17T23:43:23.866718+00:00
 [02097/3000] modify simple     /srv/fim-watch/gen_00235.txt ts=2026-09-17T23:43:23.966630+00:00
 [02098/3000] modify simple     /srv/fim-watch/gen_00268.txt ts=2026-09-17T23:43:24.066824+00:00
 [02099/3000] create simple     /srv/fim-watch/critico/gen_00415.txt ts=2026-09-17T23:43:24.166695+00:00
 [02100/3000] modify simple     /srv/fim-watch/critico/gen_00272.txt ts=2026-09-17T23:43:24.266694+00:00
 [02101/3000] create simple     /srv/fim-watch/gen_00416.txt ts=2026-09-17T23:43:24.366378+00:00
 [02102/3000] modify simple     /srv/fim-watch/critico/gen_00409.txt ts=2026-09-17T23:43:24.466661+00:00
 [02103/3000] create simple     /srv/fim-watch/gen_00417.txt ts=2026-09-17T23:43:24.566709+00:00
 [02104/3000] create simple     /srv/fim-watch/gen_00418.txt ts=2026-09-17T23:43:24.666343+00:00
 [02105/3000] modify colapsado  /srv/fim-watch/gen_00265.txt ts=2026-09-17T23:43:24.766231+00:00
 [02106/3000] modify colapsado  /srv/fim-watch/gen_00265.txt ts=2026-09-17T23:43:24.866802+00:00
 [02107/3000] modify colapsado  /srv/fim-watch/gen_00265.txt ts=2026-09-17T23:43:24.966241+00:00
 [02108/3000] modify colapsado  /srv/fim-watch/gen_00265.txt ts=2026-09-17T23:43:25.066559+00:00
 [02109/3000] modify colapsado  /srv/fim-watch/gen_00265.txt ts=2026-09-17T23:43:25.166462+00:00
 [02110/3000] create simple     /srv/fim-watch/gen_00419.txt ts=2026-09-17T23:43:25.266212+00:00
 [02111/3000] modify revertido  /srv/fim-watch/gen_00349.txt ts=2026-09-17T23:43:25.366173+00:00
 [02112/3000] modify revertido  /srv/fim-watch/gen_00349.txt ts=2026-09-17T23:43:25.466281+00:00
 [02113/3000] delete simple     /srv/fim-watch/gen_00295.txt ts=2026-09-17T23:43:25.566053+00:00
 [02114/3000] modify simple     /srv/fim-watch/gen_00352.txt ts=2026-09-17T23:43:25.666180+00:00
 [02115/3000] modify revertido  /srv/fim-watch/critico/gen_00173.txt ts=2026-09-17T23:43:25.766101+00:00
 [02116/3000] modify revertido  /srv/fim-watch/critico/gen_00173.txt ts=2026-09-17T23:43:25.866171+00:00
 [02117/3000] create efimero    /srv/fim-watch/gen_00420.txt ts=2026-09-17T23:43:25.966036+00:00
 [02118/3000] delete efimero    /srv/fim-watch/gen_00420.txt ts=2026-09-17T23:43:26.066586+00:00
 [02119/3000] modify simple     /srv/fim-watch/gen_00365.txt ts=2026-09-17T23:43:26.166782+00:00
 [02120/3000] create simple     /srv/fim-watch/gen_00421.txt ts=2026-09-17T23:43:26.266679+00:00
 [02121/3000] create simple     /srv/fim-watch/gen_00422.txt ts=2026-09-17T23:43:26.366522+00:00
 [02122/3000] modify simple     /srv/fim-watch/gen_00136.txt ts=2026-09-17T23:43:26.466423+00:00
 [02123/3000] create simple     /srv/fim-watch/gen_00423.txt ts=2026-09-17T23:43:26.566654+00:00
 [02124/3000] modify colapsado  /srv/fim-watch/gen_00402.txt ts=2026-09-17T23:43:26.666779+00:00
 [02125/3000] modify colapsado  /srv/fim-watch/gen_00402.txt ts=2026-09-17T23:43:26.766892+00:00
 [02126/3000] modify colapsado  /srv/fim-watch/gen_00402.txt ts=2026-09-17T23:43:26.866651+00:00
 [02127/3000] modify colapsado  /srv/fim-watch/gen_00402.txt ts=2026-09-17T23:43:26.966332+00:00
 [02128/3000] modify colapsado  /srv/fim-watch/gen_00402.txt ts=2026-09-17T23:43:27.066570+00:00
 [02129/3000] create simple     /srv/fim-watch/gen_00424.txt ts=2026-09-17T23:43:27.166685+00:00
 [02130/3000] modify simple     /srv/fim-watch/critico/gen_00312.txt ts=2026-09-17T23:43:27.266545+00:00
 [02131/3000] modify simple     /srv/fim-watch/gen_00020.txt ts=2026-09-17T23:43:27.366796+00:00
 [02132/3000] modify simple     /srv/fim-watch/gen_00125.txt ts=2026-09-17T23:43:27.466534+00:00
 [02133/3000] modify revertido  /srv/fim-watch/gen_00352.txt ts=2026-09-17T23:43:27.566820+00:00
 [02134/3000] modify revertido  /srv/fim-watch/gen_00352.txt ts=2026-09-17T23:43:27.666937+00:00
 [02135/3000] delete simple     /srv/fim-watch/gen_00187.txt ts=2026-09-17T23:43:27.766325+00:00
 [02136/3000] delete simple     /srv/fim-watch/critico/gen_00173.txt ts=2026-09-17T23:43:27.866176+00:00
 [02137/3000] delete simple     /srv/fim-watch/gen_00129.txt ts=2026-09-17T23:43:27.966239+00:00
 [02138/3000] modify simple     /srv/fim-watch/gen_00241.txt ts=2026-09-17T23:43:28.066688+00:00
 [02139/3000] create simple     /srv/fim-watch/gen_00425.txt ts=2026-09-17T23:43:28.166661+00:00
 [02140/3000] create simple     /srv/fim-watch/gen_00426.txt ts=2026-09-17T23:43:28.266526+00:00
 [02141/3000] create simple     /srv/fim-watch/gen_00427.txt ts=2026-09-17T23:43:28.366235+00:00
 [02142/3000] modify simple     /srv/fim-watch/gen_00356.txt ts=2026-09-17T23:43:28.466908+00:00
 [02143/3000] modify colapsado  /srv/fim-watch/gen_00188.txt ts=2026-09-17T23:43:28.566190+00:00
 [02144/3000] modify colapsado  /srv/fim-watch/gen_00188.txt ts=2026-09-17T23:43:28.666523+00:00
 [02145/3000] modify colapsado  /srv/fim-watch/gen_00188.txt ts=2026-09-17T23:43:28.766743+00:00
 [02146/3000] modify colapsado  /srv/fim-watch/gen_00188.txt ts=2026-09-17T23:43:28.866448+00:00
 [02147/3000] modify colapsado  /srv/fim-watch/gen_00188.txt ts=2026-09-17T23:43:28.966417+00:00
 [02148/3000] modify simple     /srv/fim-watch/critico/gen_00332.txt ts=2026-09-17T23:43:29.066630+00:00
 [02149/3000] modify revertido  /srv/fim-watch/gen_00331.txt ts=2026-09-17T23:43:29.166811+00:00
 [02150/3000] modify revertido  /srv/fim-watch/gen_00331.txt ts=2026-09-17T23:43:29.266777+00:00
 [02151/3000] create simple     /srv/fim-watch/critico/gen_00428.txt ts=2026-09-17T23:43:29.366700+00:00
 [02152/3000] create simple     /srv/fim-watch/gen_00429.txt ts=2026-09-17T23:43:29.466512+00:00
 [02153/3000] modify revertido  /srv/fim-watch/gen_00309.txt ts=2026-09-17T23:43:29.566628+00:00
 [02154/3000] modify revertido  /srv/fim-watch/gen_00309.txt ts=2026-09-17T23:43:29.666757+00:00
 [02155/3000] create simple     /srv/fim-watch/gen_00430.txt ts=2026-09-17T23:43:29.766268+00:00
 [02156/3000] modify simple     /srv/fim-watch/critico/gen_00262.txt ts=2026-09-17T23:43:29.866408+00:00
 [02157/3000] modify colapsado  /srv/fim-watch/gen_00196.txt ts=2026-09-17T23:43:29.966504+00:00
 [02158/3000] modify colapsado  /srv/fim-watch/gen_00196.txt ts=2026-09-17T23:43:30.066465+00:00
 [02159/3000] modify colapsado  /srv/fim-watch/gen_00196.txt ts=2026-09-17T23:43:30.166662+00:00
 [02160/3000] modify colapsado  /srv/fim-watch/gen_00196.txt ts=2026-09-17T23:43:30.266790+00:00
 [02161/3000] modify colapsado  /srv/fim-watch/gen_00196.txt ts=2026-09-17T23:43:30.366781+00:00
 [02162/3000] modify simple     /srv/fim-watch/gen_00274.txt ts=2026-09-17T23:43:30.466540+00:00
 [02163/3000] modify simple     /srv/fim-watch/gen_00395.txt ts=2026-09-17T23:43:30.566596+00:00
 [02164/3000] modify simple     /srv/fim-watch/gen_00306.txt ts=2026-09-17T23:43:30.666695+00:00
 [02165/3000] modify simple     /srv/fim-watch/gen_00139.txt ts=2026-09-17T23:43:30.766847+00:00
 [02166/3000] create simple     /srv/fim-watch/gen_00431.txt ts=2026-09-17T23:43:30.866799+00:00
 [02167/3000] modify simple     /srv/fim-watch/gen_00193.txt ts=2026-09-17T23:43:30.966454+00:00
 [02168/3000] create efimero    /srv/fim-watch/critico/gen_00432.txt ts=2026-09-17T23:43:31.066355+00:00
 [02169/3000] delete efimero    /srv/fim-watch/critico/gen_00432.txt ts=2026-09-17T23:43:31.166187+00:00
 [02170/3000] delete simple     /srv/fim-watch/gen_00275.txt ts=2026-09-17T23:43:31.266508+00:00
 [02171/3000] create simple     /srv/fim-watch/gen_00433.txt ts=2026-09-17T23:43:31.366167+00:00
 [02172/3000] modify simple     /srv/fim-watch/gen_00125.txt ts=2026-09-17T23:43:31.466347+00:00
 [02173/3000] modify simple     /srv/fim-watch/gen_00285.txt ts=2026-09-17T23:43:31.566252+00:00
 [02174/3000] create simple     /srv/fim-watch/gen_00434.txt ts=2026-09-17T23:43:31.666244+00:00
 [02175/3000] modify simple     /srv/fim-watch/gen_00320.txt ts=2026-09-17T23:43:31.766377+00:00
 [02176/3000] create simple     /srv/fim-watch/gen_00435.txt ts=2026-09-17T23:43:31.865972+00:00
 [02177/3000] create simple     /srv/fim-watch/gen_00436.txt ts=2026-09-17T23:43:31.965988+00:00
 [02178/3000] create simple     /srv/fim-watch/critico/gen_00437.txt ts=2026-09-17T23:43:32.066018+00:00
 [02179/3000] modify simple     /srv/fim-watch/gen_00263.txt ts=2026-09-17T23:43:32.166072+00:00
 [02180/3000] modify simple     /srv/fim-watch/gen_00401.txt ts=2026-09-17T23:43:32.266679+00:00
 [02181/3000] create simple     /srv/fim-watch/critico/gen_00438.txt ts=2026-09-17T23:43:32.366625+00:00
 [02182/3000] modify simple     /srv/fim-watch/gen_00359.txt ts=2026-09-17T23:43:32.466622+00:00
 [02183/3000] create simple     /srv/fim-watch/gen_00439.txt ts=2026-09-17T23:43:32.566313+00:00
 [02184/3000] modify revertido  /srv/fim-watch/gen_00403.txt ts=2026-09-17T23:43:32.666388+00:00
 [02185/3000] modify revertido  /srv/fim-watch/gen_00403.txt ts=2026-09-17T23:43:32.766339+00:00
 [02186/3000] modify simple     /srv/fim-watch/gen_00418.txt ts=2026-09-17T23:43:32.866762+00:00
 [02187/3000] modify simple     /srv/fim-watch/critico/gen_00209.txt ts=2026-09-17T23:43:32.966459+00:00
 [02188/3000] modify simple     /srv/fim-watch/critico/gen_00336.txt ts=2026-09-17T23:43:33.066428+00:00
 [02189/3000] modify revertido  /srv/fim-watch/gen_00282.txt ts=2026-09-17T23:43:33.166821+00:00
 [02190/3000] modify revertido  /srv/fim-watch/gen_00282.txt ts=2026-09-17T23:43:33.266835+00:00
 [02191/3000] modify simple     /srv/fim-watch/gen_00139.txt ts=2026-09-17T23:43:33.366831+00:00
 [02192/3000] modify simple     /srv/fim-watch/gen_00226.txt ts=2026-09-17T23:43:33.466512+00:00
 [02193/3000] delete simple     /srv/fim-watch/gen_00366.txt ts=2026-09-17T23:43:33.566514+00:00
 [02194/3000] modify simple     /srv/fim-watch/critico/gen_00156.txt ts=2026-09-17T23:43:33.666436+00:00
 [02195/3000] delete simple     /srv/fim-watch/gen_00411.txt ts=2026-09-17T23:43:33.766411+00:00
 [02196/3000] modify simple     /srv/fim-watch/gen_00036.txt ts=2026-09-17T23:43:33.866524+00:00
 [02197/3000] modify simple     /srv/fim-watch/gen_00389.txt ts=2026-09-17T23:43:33.966652+00:00
 [02198/3000] modify simple     /srv/fim-watch/gen_00149.txt ts=2026-09-17T23:43:34.066659+00:00
 [02199/3000] create simple     /srv/fim-watch/gen_00440.txt ts=2026-09-17T23:43:34.166332+00:00
 [02200/3000] modify simple     /srv/fim-watch/gen_00329.txt ts=2026-09-17T23:43:34.266439+00:00
 [02201/3000] modify colapsado  /srv/fim-watch/gen_00384.txt ts=2026-09-17T23:43:34.366617+00:00
 [02202/3000] modify colapsado  /srv/fim-watch/gen_00384.txt ts=2026-09-17T23:43:34.466585+00:00
 [02203/3000] modify colapsado  /srv/fim-watch/gen_00384.txt ts=2026-09-17T23:43:34.566476+00:00
 [02204/3000] modify colapsado  /srv/fim-watch/gen_00384.txt ts=2026-09-17T23:43:34.666486+00:00
 [02205/3000] modify colapsado  /srv/fim-watch/gen_00384.txt ts=2026-09-17T23:43:34.767195+00:00
 [02206/3000] create simple     /srv/fim-watch/gen_00441.txt ts=2026-09-17T23:43:34.866696+00:00
 [02207/3000] create simple     /srv/fim-watch/gen_00442.txt ts=2026-09-17T23:43:34.966359+00:00
 [02208/3000] modify simple     /srv/fim-watch/gen_00230.txt ts=2026-09-17T23:43:35.066818+00:00
 [02209/3000] modify simple     /srv/fim-watch/critico/gen_00369.txt ts=2026-09-17T23:43:35.166451+00:00
 [02210/3000] modify simple     /srv/fim-watch/gen_00204.txt ts=2026-09-17T23:43:35.266904+00:00
 [02211/3000] modify simple     /srv/fim-watch/critico/gen_00123.txt ts=2026-09-17T23:43:35.366810+00:00
 [02212/3000] delete simple     /srv/fim-watch/gen_00265.txt ts=2026-09-17T23:43:35.466503+00:00
 [02213/3000] modify simple     /srv/fim-watch/gen_00050.txt ts=2026-09-17T23:43:35.566815+00:00
 [02214/3000] create simple     /srv/fim-watch/gen_00443.txt ts=2026-09-17T23:43:35.666723+00:00
 [02215/3000] modify simple     /srv/fim-watch/gen_00195.txt ts=2026-09-17T23:43:35.766434+00:00
 [02216/3000] modify simple     /srv/fim-watch/gen_00405.txt ts=2026-09-17T23:43:35.866593+00:00
 [02217/3000] modify revertido  /srv/fim-watch/critico/gen_00322.txt ts=2026-09-17T23:43:35.966342+00:00
 [02218/3000] modify revertido  /srv/fim-watch/critico/gen_00322.txt ts=2026-09-17T23:43:36.066649+00:00
 [02219/3000] modify simple     /srv/fim-watch/gen_00313.txt ts=2026-09-17T23:43:36.166472+00:00
 [02220/3000] modify simple     /srv/fim-watch/gen_00427.txt ts=2026-09-17T23:43:36.266719+00:00
 [02221/3000] create simple     /srv/fim-watch/critico/gen_00444.txt ts=2026-09-17T23:43:36.366530+00:00
 [02222/3000] modify simple     /srv/fim-watch/gen_00219.txt ts=2026-09-17T23:43:36.466736+00:00
 [02223/3000] modify simple     /srv/fim-watch/gen_00213.txt ts=2026-09-17T23:43:36.566818+00:00
 [02224/3000] delete simple     /srv/fim-watch/gen_00297.txt ts=2026-09-17T23:43:36.666304+00:00
 [02225/3000] modify simple     /srv/fim-watch/gen_00020.txt ts=2026-09-17T23:43:36.766632+00:00
 [02226/3000] create simple     /srv/fim-watch/gen_00445.txt ts=2026-09-17T23:43:36.866189+00:00
 [02227/3000] modify simple     /srv/fim-watch/gen_00152.txt ts=2026-09-17T23:43:36.966555+00:00
 [02228/3000] delete simple     /srv/fim-watch/gen_00407.txt ts=2026-09-17T23:43:37.066326+00:00
 [02229/3000] create simple     /srv/fim-watch/gen_00446.txt ts=2026-09-17T23:43:37.166332+00:00
 [02230/3000] modify simple     /srv/fim-watch/gen_00355.txt ts=2026-09-17T23:43:37.266347+00:00
 [02231/3000] delete simple     /srv/fim-watch/gen_00319.txt ts=2026-09-17T23:43:37.366269+00:00
 [02232/3000] modify simple     /srv/fim-watch/gen_00285.txt ts=2026-09-17T23:43:37.466328+00:00
 [02233/3000] modify simple     /srv/fim-watch/gen_00193.txt ts=2026-09-17T23:43:37.566490+00:00
 [02234/3000] modify simple     /srv/fim-watch/critico/gen_00371.txt ts=2026-09-17T23:43:37.666355+00:00
 [02235/3000] modify revertido  /srv/fim-watch/critico/gen_00242.txt ts=2026-09-17T23:43:37.766263+00:00
 [02236/3000] modify revertido  /srv/fim-watch/critico/gen_00242.txt ts=2026-09-17T23:43:37.866016+00:00
 [02237/3000] modify simple     /srv/fim-watch/gen_00166.txt ts=2026-09-17T23:43:37.966335+00:00
 [02238/3000] modify simple     /srv/fim-watch/gen_00412.txt ts=2026-09-17T23:43:38.066037+00:00
 [02239/3000] modify simple     /srv/fim-watch/gen_00105.txt ts=2026-09-17T23:43:38.166025+00:00
 [02240/3000] modify colapsado  /srv/fim-watch/gen_00418.txt ts=2026-09-17T23:43:38.266056+00:00
 [02241/3000] modify colapsado  /srv/fim-watch/gen_00418.txt ts=2026-09-17T23:43:38.366037+00:00
 [02242/3000] modify colapsado  /srv/fim-watch/gen_00418.txt ts=2026-09-17T23:43:38.466390+00:00
 [02243/3000] modify colapsado  /srv/fim-watch/gen_00418.txt ts=2026-09-17T23:43:38.566717+00:00
 [02244/3000] modify colapsado  /srv/fim-watch/gen_00418.txt ts=2026-09-17T23:43:38.666464+00:00
 [02245/3000] modify simple     /srv/fim-watch/gen_00375.txt ts=2026-09-17T23:43:38.766810+00:00
 [02246/3000] modify simple     /srv/fim-watch/gen_00234.txt ts=2026-09-17T23:43:38.866946+00:00
 [02247/3000] modify revertido  /srv/fim-watch/gen_00298.txt ts=2026-09-17T23:43:38.967033+00:00
 [02248/3000] modify revertido  /srv/fim-watch/gen_00298.txt ts=2026-09-17T23:43:39.066543+00:00
 [02249/3000] modify simple     /srv/fim-watch/gen_00422.txt ts=2026-09-17T23:43:39.166794+00:00
 [02250/3000] create efimero    /srv/fim-watch/gen_00447.txt ts=2026-09-17T23:43:39.266648+00:00
 [02251/3000] delete efimero    /srv/fim-watch/gen_00447.txt ts=2026-09-17T23:43:39.366286+00:00
 [02252/3000] modify simple     /srv/fim-watch/gen_00367.txt ts=2026-09-17T23:43:39.466430+00:00
 [02253/3000] delete simple     /srv/fim-watch/gen_00423.txt ts=2026-09-17T23:43:39.566598+00:00
 [02254/3000] modify revertido  /srv/fim-watch/gen_00346.txt ts=2026-09-17T23:43:39.666464+00:00
 [02255/3000] modify revertido  /srv/fim-watch/gen_00346.txt ts=2026-09-17T23:43:39.766793+00:00
 [02256/3000] modify simple     /srv/fim-watch/critico/gen_00312.txt ts=2026-09-17T23:43:39.866423+00:00
 [02257/3000] modify simple     /srv/fim-watch/critico/gen_00061.txt ts=2026-09-17T23:43:39.966207+00:00
 [02258/3000] create simple     /srv/fim-watch/gen_00448.txt ts=2026-09-17T23:43:40.066359+00:00
 [02259/3000] create simple     /srv/fim-watch/gen_00449.txt ts=2026-09-17T23:43:40.166664+00:00
 [02260/3000] modify simple     /srv/fim-watch/gen_00179.txt ts=2026-09-17T23:43:40.266801+00:00
 [02261/3000] modify revertido  /srv/fim-watch/gen_00254.txt ts=2026-09-17T23:43:40.366571+00:00
 [02262/3000] modify revertido  /srv/fim-watch/gen_00254.txt ts=2026-09-17T23:43:40.466756+00:00
 [02263/3000] modify simple     /srv/fim-watch/gen_00443.txt ts=2026-09-17T23:43:40.566630+00:00
 [02264/3000] modify simple     /srv/fim-watch/gen_00383.txt ts=2026-09-17T23:43:40.666438+00:00
 [02265/3000] modify simple     /srv/fim-watch/critico/gen_00351.txt ts=2026-09-17T23:43:40.766634+00:00
 [02266/3000] create simple     /srv/fim-watch/gen_00450.txt ts=2026-09-17T23:43:40.866646+00:00
 [02267/3000] modify revertido  /srv/fim-watch/gen_00114.txt ts=2026-09-17T23:43:40.966425+00:00
 [02268/3000] modify revertido  /srv/fim-watch/gen_00114.txt ts=2026-09-17T23:43:41.066417+00:00
 [02269/3000] create simple     /srv/fim-watch/critico/gen_00451.txt ts=2026-09-17T23:43:41.166346+00:00
 [02270/3000] create simple     /srv/fim-watch/gen_00452.txt ts=2026-09-17T23:43:41.266644+00:00
 [02271/3000] create simple     /srv/fim-watch/gen_00453.txt ts=2026-09-17T23:43:41.366582+00:00
 [02272/3000] delete simple     /srv/fim-watch/gen_00433.txt ts=2026-09-17T23:43:41.466580+00:00
 [02273/3000] modify simple     /srv/fim-watch/critico/gen_00288.txt ts=2026-09-17T23:43:41.566637+00:00
 [02274/3000] modify revertido  /srv/fim-watch/gen_00125.txt ts=2026-09-17T23:43:41.666435+00:00
 [02275/3000] modify revertido  /srv/fim-watch/gen_00125.txt ts=2026-09-17T23:43:41.766586+00:00
 [02276/3000] modify simple     /srv/fim-watch/critico/gen_00414.txt ts=2026-09-17T23:43:41.866355+00:00
 [02277/3000] modify simple     /srv/fim-watch/gen_00298.txt ts=2026-09-17T23:43:41.966372+00:00
 [02278/3000] modify simple     /srv/fim-watch/gen_00263.txt ts=2026-09-17T23:43:42.066612+00:00
 [02279/3000] create simple     /srv/fim-watch/gen_00454.txt ts=2026-09-17T23:43:42.166713+00:00
 [02280/3000] modify simple     /srv/fim-watch/critico/gen_00130.txt ts=2026-09-17T23:43:42.266819+00:00
 [02281/3000] create simple     /srv/fim-watch/gen_00455.txt ts=2026-09-17T23:43:42.366667+00:00
 [02282/3000] modify simple     /srv/fim-watch/gen_00317.txt ts=2026-09-17T23:43:42.466897+00:00
 [02283/3000] modify simple     /srv/fim-watch/gen_00163.txt ts=2026-09-17T23:43:42.566611+00:00
 [02284/3000] create simple     /srv/fim-watch/critico/gen_00456.txt ts=2026-09-17T23:43:42.666333+00:00
 [02285/3000] create simple     /srv/fim-watch/critico/gen_00457.txt ts=2026-09-17T23:43:42.766701+00:00
 [02286/3000] modify simple     /srv/fim-watch/gen_00405.txt ts=2026-09-17T23:43:42.866224+00:00
 [02287/3000] modify simple     /srv/fim-watch/gen_00195.txt ts=2026-09-17T23:43:42.966605+00:00
 [02288/3000] modify simple     /srv/fim-watch/gen_00308.txt ts=2026-09-17T23:43:43.066366+00:00
 [02289/3000] create simple     /srv/fim-watch/gen_00458.txt ts=2026-09-17T23:43:43.166199+00:00
 [02290/3000] modify simple     /srv/fim-watch/gen_00098.txt ts=2026-09-17T23:43:43.266695+00:00
 [02291/3000] create simple     /srv/fim-watch/gen_00459.txt ts=2026-09-17T23:43:43.366483+00:00
 [02292/3000] modify simple     /srv/fim-watch/gen_00331.txt ts=2026-09-17T23:43:43.466335+00:00
 [02293/3000] create simple     /srv/fim-watch/gen_00460.txt ts=2026-09-17T23:43:43.566008+00:00
 [02294/3000] modify simple     /srv/fim-watch/gen_00199.txt ts=2026-09-17T23:43:43.666312+00:00
 [02295/3000] create simple     /srv/fim-watch/critico/gen_00461.txt ts=2026-09-17T23:43:43.766268+00:00
 [02296/3000] modify simple     /srv/fim-watch/critico/gen_00330.txt ts=2026-09-17T23:43:43.866277+00:00
 [02297/3000] modify simple     /srv/fim-watch/gen_00313.txt ts=2026-09-17T23:43:43.967345+00:00
 [02298/3000] modify simple     /srv/fim-watch/gen_00250.txt ts=2026-09-17T23:43:44.066051+00:00
 [02299/3000] modify simple     /srv/fim-watch/gen_00412.txt ts=2026-09-17T23:43:44.166010+00:00
 [02300/3000] create efimero    /srv/fim-watch/gen_00462.txt ts=2026-09-17T23:43:44.266602+00:00
 [02301/3000] delete efimero    /srv/fim-watch/gen_00462.txt ts=2026-09-17T23:43:44.365943+00:00
 [02302/3000] create simple     /srv/fim-watch/critico/gen_00463.txt ts=2026-09-17T23:43:44.465985+00:00
 [02303/3000] modify simple     /srv/fim-watch/gen_00401.txt ts=2026-09-17T23:43:44.566803+00:00
 [02304/3000] modify simple     /srv/fim-watch/critico/gen_00184.txt ts=2026-09-17T23:43:44.666903+00:00
 [02305/3000] modify simple     /srv/fim-watch/gen_00226.txt ts=2026-09-17T23:43:44.766827+00:00
 [02306/3000] modify simple     /srv/fim-watch/gen_00268.txt ts=2026-09-17T23:43:44.866468+00:00
 [02307/3000] delete simple     /srv/fim-watch/gen_00334.txt ts=2026-09-17T23:43:44.966673+00:00
 [02308/3000] modify simple     /srv/fim-watch/gen_00453.txt ts=2026-09-17T23:43:45.066424+00:00
 [02309/3000] modify simple     /srv/fim-watch/critico/gen_00413.txt ts=2026-09-17T23:43:45.166574+00:00
 [02310/3000] modify simple     /srv/fim-watch/gen_00282.txt ts=2026-09-17T23:43:45.266597+00:00
 [02311/3000] modify revertido  /srv/fim-watch/gen_00431.txt ts=2026-09-17T23:43:45.366744+00:00
 [02312/3000] modify revertido  /srv/fim-watch/gen_00431.txt ts=2026-09-17T23:43:45.466608+00:00
 [02313/3000] modify simple     /srv/fim-watch/critico/gen_00253.txt ts=2026-09-17T23:43:45.566407+00:00
 [02314/3000] modify simple     /srv/fim-watch/gen_00377.txt ts=2026-09-17T23:43:45.666539+00:00
 [02315/3000] modify simple     /srv/fim-watch/gen_00405.txt ts=2026-09-17T23:43:45.766607+00:00
 [02316/3000] modify simple     /srv/fim-watch/gen_00285.txt ts=2026-09-17T23:43:45.866417+00:00
 [02317/3000] modify simple     /srv/fim-watch/critico/gen_00322.txt ts=2026-09-17T23:43:45.966576+00:00
 [02318/3000] create simple     /srv/fim-watch/gen_00464.txt ts=2026-09-17T23:43:46.066184+00:00
 [02319/3000] create simple     /srv/fim-watch/critico/gen_00465.txt ts=2026-09-17T23:43:46.166719+00:00
 [02320/3000] modify simple     /srv/fim-watch/gen_00198.txt ts=2026-09-17T23:43:46.266827+00:00
 [02321/3000] modify simple     /srv/fim-watch/gen_00427.txt ts=2026-09-17T23:43:46.366731+00:00
 [02322/3000] modify simple     /srv/fim-watch/gen_00427.txt ts=2026-09-17T23:43:46.466420+00:00
 [02323/3000] create simple     /srv/fim-watch/gen_00466.txt ts=2026-09-17T23:43:46.566491+00:00
 [02324/3000] modify revertido  /srv/fim-watch/critico/gen_00053.txt ts=2026-09-17T23:43:46.666893+00:00
 [02325/3000] modify revertido  /srv/fim-watch/critico/gen_00053.txt ts=2026-09-17T23:43:46.766669+00:00
 [02326/3000] delete simple     /srv/fim-watch/gen_00306.txt ts=2026-09-17T23:43:46.866326+00:00
 [02327/3000] create simple     /srv/fim-watch/gen_00467.txt ts=2026-09-17T23:43:46.966214+00:00
 [02328/3000] modify simple     /srv/fim-watch/gen_00165.txt ts=2026-09-17T23:43:47.066469+00:00
 [02329/3000] create simple     /srv/fim-watch/gen_00468.txt ts=2026-09-17T23:43:47.166368+00:00
 [02330/3000] create simple     /srv/fim-watch/gen_00469.txt ts=2026-09-17T23:43:47.266363+00:00
 [02331/3000] modify simple     /srv/fim-watch/gen_00228.txt ts=2026-09-17T23:43:47.366807+00:00
 [02332/3000] modify simple     /srv/fim-watch/critico/gen_00342.txt ts=2026-09-17T23:43:47.466829+00:00
 [02333/3000] modify simple     /srv/fim-watch/gen_00422.txt ts=2026-09-17T23:43:47.566712+00:00
 [02334/3000] delete simple     /srv/fim-watch/critico/gen_00371.txt ts=2026-09-17T23:43:47.666633+00:00
 [02335/3000] modify revertido  /srv/fim-watch/gen_00096.txt ts=2026-09-17T23:43:47.766331+00:00
 [02336/3000] modify revertido  /srv/fim-watch/gen_00096.txt ts=2026-09-17T23:43:47.866303+00:00
 [02337/3000] modify simple     /srv/fim-watch/gen_00404.txt ts=2026-09-17T23:43:47.966146+00:00
 [02338/3000] modify colapsado  /srv/fim-watch/gen_00434.txt ts=2026-09-17T23:43:48.066424+00:00
 [02339/3000] modify colapsado  /srv/fim-watch/gen_00434.txt ts=2026-09-17T23:43:48.166304+00:00
 [02340/3000] modify colapsado  /srv/fim-watch/gen_00434.txt ts=2026-09-17T23:43:48.266309+00:00
 [02341/3000] modify colapsado  /srv/fim-watch/gen_00434.txt ts=2026-09-17T23:43:48.366297+00:00
 [02342/3000] modify colapsado  /srv/fim-watch/gen_00434.txt ts=2026-09-17T23:43:48.466198+00:00
 [02343/3000] modify simple     /srv/fim-watch/gen_00114.txt ts=2026-09-17T23:43:48.566397+00:00
 [02344/3000] delete simple     /srv/fim-watch/gen_00427.txt ts=2026-09-17T23:43:48.666556+00:00
 [02345/3000] modify simple     /srv/fim-watch/critico/gen_00061.txt ts=2026-09-17T23:43:48.766839+00:00
 [02346/3000] create simple     /srv/fim-watch/gen_00470.txt ts=2026-09-17T23:43:48.866547+00:00
 [02347/3000] delete simple     /srv/fim-watch/gen_00175.txt ts=2026-09-17T23:43:48.966316+00:00
 [02348/3000] create efimero    /srv/fim-watch/critico/gen_00471.txt ts=2026-09-17T23:43:49.066351+00:00
 [02349/3000] delete efimero    /srv/fim-watch/critico/gen_00471.txt ts=2026-09-17T23:43:49.166526+00:00
 [02350/3000] modify simple     /srv/fim-watch/gen_00393.txt ts=2026-09-17T23:43:49.266819+00:00
 [02351/3000] create simple     /srv/fim-watch/gen_00472.txt ts=2026-09-17T23:43:49.366281+00:00
 [02352/3000] modify simple     /srv/fim-watch/gen_00096.txt ts=2026-09-17T23:43:49.466249+00:00
 [02353/3000] modify simple     /srv/fim-watch/gen_00290.txt ts=2026-09-17T23:43:49.566273+00:00
 [02354/3000] modify simple     /srv/fim-watch/gen_00367.txt ts=2026-09-17T23:43:49.666145+00:00
 [02355/3000] modify revertido  /srv/fim-watch/critico/gen_00209.txt ts=2026-09-17T23:43:49.766005+00:00
 [02356/3000] modify revertido  /srv/fim-watch/critico/gen_00209.txt ts=2026-09-17T23:43:49.866008+00:00
 [02357/3000] create simple     /srv/fim-watch/gen_00473.txt ts=2026-09-17T23:43:49.966013+00:00
 [02358/3000] modify simple     /srv/fim-watch/critico/gen_00253.txt ts=2026-09-17T23:43:50.066060+00:00
 [02359/3000] create simple     /srv/fim-watch/gen_00474.txt ts=2026-09-17T23:43:50.165955+00:00
 [02360/3000] delete simple     /srv/fim-watch/gen_00393.txt ts=2026-09-17T23:43:50.265974+00:00
 [02361/3000] modify revertido  /srv/fim-watch/gen_00449.txt ts=2026-09-17T23:43:50.366701+00:00
 [02362/3000] modify revertido  /srv/fim-watch/gen_00449.txt ts=2026-09-17T23:43:50.466702+00:00
 [02363/3000] create simple     /srv/fim-watch/gen_00475.txt ts=2026-09-17T23:43:50.566509+00:00
 [02364/3000] modify simple     /srv/fim-watch/gen_00230.txt ts=2026-09-17T23:43:50.666599+00:00
 [02365/3000] modify simple     /srv/fim-watch/critico/gen_00428.txt ts=2026-09-17T23:43:50.766495+00:00
 [02366/3000] create simple     /srv/fim-watch/critico/gen_00476.txt ts=2026-09-17T23:43:50.866366+00:00
 [02367/3000] modify simple     /srv/fim-watch/gen_00235.txt ts=2026-09-17T23:43:50.966588+00:00
 [02368/3000] modify simple     /srv/fim-watch/gen_00430.txt ts=2026-09-17T23:43:51.066511+00:00
 [02369/3000] create simple     /srv/fim-watch/gen_00477.txt ts=2026-09-17T23:43:51.166313+00:00
 [02370/3000] modify simple     /srv/fim-watch/critico/gen_00437.txt ts=2026-09-17T23:43:51.266380+00:00
 [02371/3000] modify simple     /srv/fim-watch/gen_00395.txt ts=2026-09-17T23:43:51.366785+00:00
 [02372/3000] delete simple     /srv/fim-watch/gen_00314.txt ts=2026-09-17T23:43:51.466363+00:00
 [02373/3000] modify colapsado  /srv/fim-watch/gen_00446.txt ts=2026-09-17T23:43:51.566601+00:00
 [02374/3000] modify colapsado  /srv/fim-watch/gen_00446.txt ts=2026-09-17T23:43:51.666418+00:00
 [02375/3000] modify colapsado  /srv/fim-watch/gen_00446.txt ts=2026-09-17T23:43:51.766616+00:00
 [02376/3000] modify colapsado  /srv/fim-watch/gen_00446.txt ts=2026-09-17T23:43:51.866802+00:00
 [02377/3000] modify colapsado  /srv/fim-watch/gen_00446.txt ts=2026-09-17T23:43:51.966645+00:00
 [02378/3000] modify simple     /srv/fim-watch/gen_00352.txt ts=2026-09-17T23:43:52.066775+00:00
 [02379/3000] delete simple     /srv/fim-watch/gen_00349.txt ts=2026-09-17T23:43:52.166323+00:00
 [02380/3000] modify colapsado  /srv/fim-watch/critico/gen_00253.txt ts=2026-09-17T23:43:52.266806+00:00
 [02381/3000] modify colapsado  /srv/fim-watch/critico/gen_00253.txt ts=2026-09-17T23:43:52.366619+00:00
 [02382/3000] modify colapsado  /srv/fim-watch/critico/gen_00253.txt ts=2026-09-17T23:43:52.466404+00:00
 [02383/3000] modify colapsado  /srv/fim-watch/critico/gen_00253.txt ts=2026-09-17T23:43:52.567023+00:00
 [02384/3000] modify colapsado  /srv/fim-watch/critico/gen_00253.txt ts=2026-09-17T23:43:52.666798+00:00
 [02385/3000] modify revertido  /srv/fim-watch/critico/gen_00310.txt ts=2026-09-17T23:43:52.766582+00:00
 [02386/3000] modify revertido  /srv/fim-watch/critico/gen_00310.txt ts=2026-09-17T23:43:52.866395+00:00
 [02387/3000] modify simple     /srv/fim-watch/gen_00365.txt ts=2026-09-17T23:43:52.966407+00:00
 [02388/3000] modify simple     /srv/fim-watch/critico/gen_00251.txt ts=2026-09-17T23:43:53.066426+00:00
 [02389/3000] create simple     /srv/fim-watch/gen_00478.txt ts=2026-09-17T23:43:53.166424+00:00
 [02390/3000] delete simple     /srv/fim-watch/critico/gen_00242.txt ts=2026-09-17T23:43:53.266295+00:00
 [02391/3000] modify simple     /srv/fim-watch/gen_00126.txt ts=2026-09-17T23:43:53.366592+00:00
 [02392/3000] modify simple     /srv/fim-watch/gen_00356.txt ts=2026-09-17T23:43:53.466759+00:00
 [02393/3000] delete simple     /srv/fim-watch/gen_00238.txt ts=2026-09-17T23:43:53.566497+00:00
 [02394/3000] modify simple     /srv/fim-watch/gen_00359.txt ts=2026-09-17T23:43:53.666718+00:00
 [02395/3000] create simple     /srv/fim-watch/gen_00479.txt ts=2026-09-17T23:43:53.766347+00:00
 [02396/3000] modify revertido  /srv/fim-watch/gen_00435.txt ts=2026-09-17T23:43:53.866519+00:00
 [02397/3000] modify revertido  /srv/fim-watch/gen_00435.txt ts=2026-09-17T23:43:53.966660+00:00
 [02398/3000] create simple     /srv/fim-watch/gen_00480.txt ts=2026-09-17T23:43:54.066471+00:00
 [02399/3000] modify simple     /srv/fim-watch/gen_00230.txt ts=2026-09-17T23:43:54.166599+00:00
 [02400/3000] create simple     /srv/fim-watch/gen_00481.txt ts=2026-09-17T23:43:54.266345+00:00
 [02401/3000] modify simple     /srv/fim-watch/gen_00151.txt ts=2026-09-17T23:43:54.366756+00:00
 [02402/3000] modify simple     /srv/fim-watch/critico/gen_00053.txt ts=2026-09-17T23:43:54.466421+00:00
 [02403/3000] create simple     /srv/fim-watch/critico/gen_00482.txt ts=2026-09-17T23:43:54.566628+00:00
 [02404/3000] modify simple     /srv/fim-watch/gen_00036.txt ts=2026-09-17T23:43:54.666459+00:00
 [02405/3000] create simple     /srv/fim-watch/gen_00483.txt ts=2026-09-17T23:43:54.766528+00:00
 [02406/3000] modify revertido  /srv/fim-watch/gen_00157.txt ts=2026-09-17T23:43:54.866483+00:00
 [02407/3000] modify revertido  /srv/fim-watch/gen_00157.txt ts=2026-09-17T23:43:54.966460+00:00
 [02408/3000] modify simple     /srv/fim-watch/critico/gen_00262.txt ts=2026-09-17T23:43:55.066608+00:00
 [02409/3000] modify simple     /srv/fim-watch/gen_00385.txt ts=2026-09-17T23:43:55.166299+00:00
 [02410/3000] modify simple     /srv/fim-watch/gen_00268.txt ts=2026-09-17T23:43:55.266654+00:00
 [02411/3000] modify simple     /srv/fim-watch/critico/gen_00437.txt ts=2026-09-17T23:43:55.367134+00:00
 [02412/3000] delete simple     /srv/fim-watch/gen_00335.txt ts=2026-09-17T23:43:55.466142+00:00
 [02413/3000] modify simple     /srv/fim-watch/gen_00350.txt ts=2026-09-17T23:43:55.566327+00:00
 [02414/3000] create efimero    /srv/fim-watch/gen_00484.txt ts=2026-09-17T23:43:55.666301+00:00
 [02415/3000] delete efimero    /srv/fim-watch/gen_00484.txt ts=2026-09-17T23:43:55.766225+00:00
 [02416/3000] modify simple     /srv/fim-watch/gen_00365.txt ts=2026-09-17T23:43:55.866047+00:00
 [02417/3000] create simple     /srv/fim-watch/gen_00485.txt ts=2026-09-17T23:43:55.966143+00:00
 [02418/3000] create simple     /srv/fim-watch/gen_00486.txt ts=2026-09-17T23:43:56.066229+00:00
 [02419/3000] modify simple     /srv/fim-watch/critico/gen_00344.txt ts=2026-09-17T23:43:56.166076+00:00
 [02420/3000] modify revertido  /srv/fim-watch/gen_00213.txt ts=2026-09-17T23:43:56.266783+00:00
 [02421/3000] modify revertido  /srv/fim-watch/gen_00213.txt ts=2026-09-17T23:43:56.366595+00:00
 [02422/3000] modify simple     /srv/fim-watch/critico/gen_00409.txt ts=2026-09-17T23:43:56.466718+00:00
 [02423/3000] create simple     /srv/fim-watch/gen_00487.txt ts=2026-09-17T23:43:56.566373+00:00
 [02424/3000] create simple     /srv/fim-watch/critico/gen_00488.txt ts=2026-09-17T23:43:56.666671+00:00
 [02425/3000] modify simple     /srv/fim-watch/gen_00303.txt ts=2026-09-17T23:43:56.766723+00:00
 [02426/3000] modify simple     /srv/fim-watch/gen_00096.txt ts=2026-09-17T23:43:56.866397+00:00
 [02427/3000] modify colapsado  /srv/fim-watch/gen_00285.txt ts=2026-09-17T23:43:56.966625+00:00
 [02428/3000] modify colapsado  /srv/fim-watch/gen_00285.txt ts=2026-09-17T23:43:57.066412+00:00
 [02429/3000] modify colapsado  /srv/fim-watch/gen_00285.txt ts=2026-09-17T23:43:57.166426+00:00
 [02430/3000] modify colapsado  /srv/fim-watch/gen_00285.txt ts=2026-09-17T23:43:57.266663+00:00
 [02431/3000] modify colapsado  /srv/fim-watch/gen_00285.txt ts=2026-09-17T23:43:57.366659+00:00
 [02432/3000] modify simple     /srv/fim-watch/gen_00400.txt ts=2026-09-17T23:43:57.466759+00:00
 [02433/3000] create simple     /srv/fim-watch/gen_00489.txt ts=2026-09-17T23:43:57.566321+00:00
 [02434/3000] modify simple     /srv/fim-watch/gen_00485.txt ts=2026-09-17T23:43:57.666430+00:00
 [02435/3000] modify simple     /srv/fim-watch/gen_00458.txt ts=2026-09-17T23:43:57.766428+00:00
 [02436/3000] create simple     /srv/fim-watch/critico/gen_00490.txt ts=2026-09-17T23:43:57.866384+00:00
 [02437/3000] modify simple     /srv/fim-watch/critico/gen_00191.txt ts=2026-09-17T23:43:57.966284+00:00
 [02438/3000] modify simple     /srv/fim-watch/critico/gen_00189.txt ts=2026-09-17T23:43:58.066469+00:00
 [02439/3000] modify revertido  /srv/fim-watch/gen_00436.txt ts=2026-09-17T23:43:58.166898+00:00
 [02440/3000] modify revertido  /srv/fim-watch/gen_00436.txt ts=2026-09-17T23:43:58.266180+00:00
 [02441/3000] create simple     /srv/fim-watch/gen_00491.txt ts=2026-09-17T23:43:58.366171+00:00
 [02442/3000] modify simple     /srv/fim-watch/gen_00163.txt ts=2026-09-17T23:43:58.466458+00:00
 [02443/3000] modify simple     /srv/fim-watch/gen_00436.txt ts=2026-09-17T23:43:58.566590+00:00
 [02444/3000] modify revertido  /srv/fim-watch/gen_00479.txt ts=2026-09-17T23:43:58.666591+00:00
 [02445/3000] modify revertido  /srv/fim-watch/gen_00479.txt ts=2026-09-17T23:43:58.766237+00:00
 [02446/3000] modify simple     /srv/fim-watch/gen_00042.txt ts=2026-09-17T23:43:58.866442+00:00
 [02447/3000] delete simple     /srv/fim-watch/gen_00157.txt ts=2026-09-17T23:43:58.966333+00:00
 [02448/3000] create simple     /srv/fim-watch/gen_00492.txt ts=2026-09-17T23:43:59.066488+00:00
 [02449/3000] delete simple     /srv/fim-watch/gen_00282.txt ts=2026-09-17T23:43:59.166307+00:00
 [02450/3000] modify simple     /srv/fim-watch/gen_00439.txt ts=2026-09-17T23:43:59.266572+00:00
 [02451/3000] modify revertido  /srv/fim-watch/gen_00325.txt ts=2026-09-17T23:43:59.366485+00:00
 [02452/3000] modify revertido  /srv/fim-watch/gen_00325.txt ts=2026-09-17T23:43:59.466440+00:00
 [02453/3000] create simple     /srv/fim-watch/gen_00493.txt ts=2026-09-17T23:43:59.566602+00:00
 [02454/3000] delete simple     /srv/fim-watch/critico/gen_00461.txt ts=2026-09-17T23:43:59.666511+00:00
 [02455/3000] modify revertido  /srv/fim-watch/critico/gen_00061.txt ts=2026-09-17T23:43:59.766432+00:00
 [02456/3000] modify revertido  /srv/fim-watch/critico/gen_00061.txt ts=2026-09-17T23:43:59.866320+00:00
 [02457/3000] create simple     /srv/fim-watch/gen_00494.txt ts=2026-09-17T23:43:59.966371+00:00
 [02458/3000] modify revertido  /srv/fim-watch/gen_00477.txt ts=2026-09-17T23:44:00.066379+00:00
 [02459/3000] modify revertido  /srv/fim-watch/gen_00477.txt ts=2026-09-17T23:44:00.166705+00:00
 [02460/3000] delete simple     /srv/fim-watch/critico/gen_00408.txt ts=2026-09-17T23:44:00.266208+00:00
 [02461/3000] modify simple     /srv/fim-watch/gen_00395.txt ts=2026-09-17T23:44:00.366406+00:00
 [02462/3000] modify simple     /srv/fim-watch/critico/gen_00153.txt ts=2026-09-17T23:44:00.466436+00:00
 [02463/3000] modify simple     /srv/fim-watch/critico/gen_00322.txt ts=2026-09-17T23:44:00.566586+00:00
 [02464/3000] modify simple     /srv/fim-watch/gen_00416.txt ts=2026-09-17T23:44:00.666435+00:00
 [02465/3000] modify revertido  /srv/fim-watch/gen_00219.txt ts=2026-09-17T23:44:00.766428+00:00
 [02466/3000] modify revertido  /srv/fim-watch/gen_00219.txt ts=2026-09-17T23:44:00.866608+00:00
 [02467/3000] modify simple     /srv/fim-watch/gen_00050.txt ts=2026-09-17T23:44:00.967139+00:00
 [02468/3000] modify simple     /srv/fim-watch/gen_00098.txt ts=2026-09-17T23:44:01.066420+00:00
 [02469/3000] modify simple     /srv/fim-watch/gen_00325.txt ts=2026-09-17T23:44:01.166457+00:00
 [02470/3000] modify simple     /srv/fim-watch/critico/gen_00415.txt ts=2026-09-17T23:44:01.266183+00:00
 [02471/3000] create simple     /srv/fim-watch/gen_00495.txt ts=2026-09-17T23:44:01.365993+00:00
 [02472/3000] create efimero    /srv/fim-watch/gen_00496.txt ts=2026-09-17T23:44:01.466088+00:00
 [02473/3000] delete efimero    /srv/fim-watch/gen_00496.txt ts=2026-09-17T23:44:01.565974+00:00
 [02474/3000] modify simple     /srv/fim-watch/gen_00311.txt ts=2026-09-17T23:44:01.666012+00:00
 [02475/3000] modify simple     /srv/fim-watch/gen_00166.txt ts=2026-09-17T23:44:01.765995+00:00
 [02476/3000] modify simple     /srv/fim-watch/gen_00425.txt ts=2026-09-17T23:44:01.866117+00:00
 [02477/3000] create simple     /srv/fim-watch/gen_00497.txt ts=2026-09-17T23:44:01.966599+00:00
 [02478/3000] modify simple     /srv/fim-watch/gen_00128.txt ts=2026-09-17T23:44:02.066226+00:00
 [02479/3000] delete simple     /srv/fim-watch/gen_00375.txt ts=2026-09-17T23:44:02.166314+00:00
 [02480/3000] create simple     /srv/fim-watch/gen_00498.txt ts=2026-09-17T23:44:02.266376+00:00
 [02481/3000] modify simple     /srv/fim-watch/gen_00468.txt ts=2026-09-17T23:44:02.366620+00:00
 [02482/3000] create simple     /srv/fim-watch/gen_00499.txt ts=2026-09-17T23:44:02.466529+00:00
 [02483/3000] modify revertido  /srv/fim-watch/gen_00410.txt ts=2026-09-17T23:44:02.566741+00:00
 [02484/3000] modify revertido  /srv/fim-watch/gen_00410.txt ts=2026-09-17T23:44:02.666561+00:00
 [02485/3000] modify revertido  /srv/fim-watch/gen_00355.txt ts=2026-09-17T23:44:02.766443+00:00
 [02486/3000] modify revertido  /srv/fim-watch/gen_00355.txt ts=2026-09-17T23:44:02.866588+00:00
 [02487/3000] modify simple     /srv/fim-watch/gen_00478.txt ts=2026-09-17T23:44:02.966653+00:00
 [02488/3000] modify simple     /srv/fim-watch/gen_00291.txt ts=2026-09-17T23:44:03.066417+00:00
 [02489/3000] create simple     /srv/fim-watch/gen_00500.txt ts=2026-09-17T23:44:03.166435+00:00
 [02490/3000] create simple     /srv/fim-watch/gen_00501.txt ts=2026-09-17T23:44:03.266508+00:00
 [02491/3000] create simple     /srv/fim-watch/critico/gen_00502.txt ts=2026-09-17T23:44:03.366221+00:00
 [02492/3000] modify revertido  /srv/fim-watch/critico/gen_00488.txt ts=2026-09-17T23:44:03.466165+00:00
 [02493/3000] modify revertido  /srv/fim-watch/critico/gen_00488.txt ts=2026-09-17T23:44:03.568008+00:00
 [02494/3000] modify simple     /srv/fim-watch/gen_00474.txt ts=2026-09-17T23:44:03.666606+00:00
 [02495/3000] modify simple     /srv/fim-watch/gen_00320.txt ts=2026-09-17T23:44:03.766424+00:00
 [02496/3000] modify simple     /srv/fim-watch/gen_00329.txt ts=2026-09-17T23:44:03.866281+00:00
 [02497/3000] modify simple     /srv/fim-watch/gen_00436.txt ts=2026-09-17T23:44:03.966616+00:00
 [02498/3000] modify revertido  /srv/fim-watch/gen_00384.txt ts=2026-09-17T23:44:04.066447+00:00
 [02499/3000] modify revertido  /srv/fim-watch/gen_00384.txt ts=2026-09-17T23:44:04.166167+00:00
 [02500/3000] modify simple     /srv/fim-watch/critico/gen_00280.txt ts=2026-09-17T23:44:04.266676+00:00
 [02501/3000] create simple     /srv/fim-watch/gen_00503.txt ts=2026-09-17T23:44:04.366551+00:00
 [02502/3000] modify simple     /srv/fim-watch/gen_00459.txt ts=2026-09-17T23:44:04.466619+00:00
 [02503/3000] modify simple     /srv/fim-watch/gen_00430.txt ts=2026-09-17T23:44:04.566704+00:00
 [02504/3000] modify simple     /srv/fim-watch/gen_00384.txt ts=2026-09-17T23:44:04.666842+00:00
 [02505/3000] modify simple     /srv/fim-watch/critico/gen_00437.txt ts=2026-09-17T23:44:04.766443+00:00
 [02506/3000] modify simple     /srv/fim-watch/gen_00325.txt ts=2026-09-17T23:44:04.866636+00:00
 [02507/3000] modify simple     /srv/fim-watch/gen_00460.txt ts=2026-09-17T23:44:04.966432+00:00
 [02508/3000] modify simple     /srv/fim-watch/gen_00387.txt ts=2026-09-17T23:44:05.066447+00:00
 [02509/3000] create simple     /srv/fim-watch/gen_00504.txt ts=2026-09-17T23:44:05.166773+00:00
 [02510/3000] modify simple     /srv/fim-watch/gen_00434.txt ts=2026-09-17T23:44:05.266796+00:00
 [02511/3000] create simple     /srv/fim-watch/gen_00505.txt ts=2026-09-17T23:44:05.366220+00:00
 [02512/3000] modify simple     /srv/fim-watch/critico/gen_00428.txt ts=2026-09-17T23:44:05.466634+00:00
 [02513/3000] delete simple     /srv/fim-watch/gen_00317.txt ts=2026-09-17T23:44:05.566674+00:00
 [02514/3000] delete simple     /srv/fim-watch/gen_00368.txt ts=2026-09-17T23:44:05.666526+00:00
 [02515/3000] create efimero    /srv/fim-watch/critico/gen_00506.txt ts=2026-09-17T23:44:05.766543+00:00
 [02516/3000] delete efimero    /srv/fim-watch/critico/gen_00506.txt ts=2026-09-17T23:44:05.866281+00:00
 [02517/3000] modify revertido  /srv/fim-watch/critico/gen_00444.txt ts=2026-09-17T23:44:05.966795+00:00
 [02518/3000] modify revertido  /srv/fim-watch/critico/gen_00444.txt ts=2026-09-17T23:44:06.066603+00:00
 [02519/3000] create simple     /srv/fim-watch/gen_00507.txt ts=2026-09-17T23:44:06.166580+00:00
 [02520/3000] modify simple     /srv/fim-watch/gen_00400.txt ts=2026-09-17T23:44:06.266218+00:00
 [02521/3000] modify revertido  /srv/fim-watch/gen_00299.txt ts=2026-09-17T23:44:06.366591+00:00
 [02522/3000] modify revertido  /srv/fim-watch/gen_00299.txt ts=2026-09-17T23:44:06.466418+00:00
 [02523/3000] modify simple     /srv/fim-watch/gen_00249.txt ts=2026-09-17T23:44:06.566761+00:00
 [02524/3000] modify simple     /srv/fim-watch/gen_00439.txt ts=2026-09-17T23:44:06.667166+00:00
 [02525/3000] modify simple     /srv/fim-watch/critico/gen_00272.txt ts=2026-09-17T23:44:06.766633+00:00
 [02526/3000] modify simple     /srv/fim-watch/gen_00188.txt ts=2026-09-17T23:44:06.866681+00:00
 [02527/3000] modify simple     /srv/fim-watch/gen_00487.txt ts=2026-09-17T23:44:06.966209+00:00
 [02528/3000] modify simple     /srv/fim-watch/critico/gen_00369.txt ts=2026-09-17T23:44:07.066285+00:00
 [02529/3000] modify simple     /srv/fim-watch/critico/gen_00156.txt ts=2026-09-17T23:44:07.166063+00:00
 [02530/3000] modify simple     /srv/fim-watch/gen_00503.txt ts=2026-09-17T23:44:07.266072+00:00
 [02531/3000] modify simple     /srv/fim-watch/critico/gen_00189.txt ts=2026-09-17T23:44:07.366142+00:00
 [02532/3000] create simple     /srv/fim-watch/gen_00508.txt ts=2026-09-17T23:44:07.465965+00:00
 [02533/3000] modify simple     /srv/fim-watch/gen_00489.txt ts=2026-09-17T23:44:07.565991+00:00
 [02534/3000] modify simple     /srv/fim-watch/gen_00504.txt ts=2026-09-17T23:44:07.666013+00:00
 [02535/3000] create simple     /srv/fim-watch/critico/gen_00509.txt ts=2026-09-17T23:44:07.765970+00:00
 [02536/3000] create simple     /srv/fim-watch/gen_00510.txt ts=2026-09-17T23:44:07.866656+00:00
 [02537/3000] modify simple     /srv/fim-watch/gen_00298.txt ts=2026-09-17T23:44:07.966606+00:00
 [02538/3000] create efimero    /srv/fim-watch/critico/gen_00511.txt ts=2026-09-17T23:44:08.066233+00:00
 [02539/3000] delete efimero    /srv/fim-watch/critico/gen_00511.txt ts=2026-09-17T23:44:08.166200+00:00
 [02540/3000] modify simple     /srv/fim-watch/gen_00352.txt ts=2026-09-17T23:44:08.267025+00:00
 [02541/3000] modify simple     /srv/fim-watch/critico/gen_00130.txt ts=2026-09-17T23:44:08.366262+00:00
 [02542/3000] delete simple     /srv/fim-watch/critico/gen_00457.txt ts=2026-09-17T23:44:08.466295+00:00
 [02543/3000] modify simple     /srv/fim-watch/gen_00418.txt ts=2026-09-17T23:44:08.566811+00:00
 [02544/3000] modify simple     /srv/fim-watch/gen_00417.txt ts=2026-09-17T23:44:08.666804+00:00
 [02545/3000] modify simple     /srv/fim-watch/gen_00126.txt ts=2026-09-17T23:44:08.766670+00:00
 [02546/3000] delete simple     /srv/fim-watch/gen_00255.txt ts=2026-09-17T23:44:08.866411+00:00
 [02547/3000] modify simple     /srv/fim-watch/gen_00477.txt ts=2026-09-17T23:44:08.966652+00:00
 [02548/3000] create simple     /srv/fim-watch/critico/gen_00512.txt ts=2026-09-17T23:44:09.066079+00:00
 [02549/3000] modify simple     /srv/fim-watch/gen_00228.txt ts=2026-09-17T23:44:09.166808+00:00
 [02550/3000] create simple     /srv/fim-watch/gen_00513.txt ts=2026-09-17T23:44:09.266352+00:00
 [02551/3000] create simple     /srv/fim-watch/gen_00514.txt ts=2026-09-17T23:44:09.366250+00:00
 [02552/3000] delete simple     /srv/fim-watch/critico/gen_00344.txt ts=2026-09-17T23:44:09.466638+00:00
 [02553/3000] modify simple     /srv/fim-watch/gen_00117.txt ts=2026-09-17T23:44:09.566190+00:00
 [02554/3000] modify revertido  /srv/fim-watch/gen_00453.txt ts=2026-09-17T23:44:09.666841+00:00
 [02555/3000] modify revertido  /srv/fim-watch/gen_00453.txt ts=2026-09-17T23:44:09.766410+00:00
 [02556/3000] modify simple     /srv/fim-watch/gen_00215.txt ts=2026-09-17T23:44:09.866353+00:00
 [02557/3000] delete simple     /srv/fim-watch/gen_00394.txt ts=2026-09-17T23:44:09.966621+00:00
 [02558/3000] create simple     /srv/fim-watch/gen_00515.txt ts=2026-09-17T23:44:10.066601+00:00
 [02559/3000] modify simple     /srv/fim-watch/critico/gen_00209.txt ts=2026-09-17T23:44:10.166408+00:00
 [02560/3000] modify simple     /srv/fim-watch/critico/gen_00361.txt ts=2026-09-17T23:44:10.266427+00:00
 [02561/3000] create simple     /srv/fim-watch/critico/gen_00516.txt ts=2026-09-17T23:44:10.366177+00:00
 [02562/3000] create simple     /srv/fim-watch/gen_00517.txt ts=2026-09-17T23:44:10.466446+00:00
 [02563/3000] modify simple     /srv/fim-watch/gen_00486.txt ts=2026-09-17T23:44:10.566834+00:00
 [02564/3000] modify revertido  /srv/fim-watch/gen_00291.txt ts=2026-09-17T23:44:10.666837+00:00
 [02565/3000] modify revertido  /srv/fim-watch/gen_00291.txt ts=2026-09-17T23:44:10.766610+00:00
 [02566/3000] modify revertido  /srv/fim-watch/gen_00160.txt ts=2026-09-17T23:44:10.866174+00:00
 [02567/3000] modify revertido  /srv/fim-watch/gen_00160.txt ts=2026-09-17T23:44:10.966585+00:00
 [02568/3000] modify simple     /srv/fim-watch/gen_00458.txt ts=2026-09-17T23:44:11.066447+00:00
 [02569/3000] create simple     /srv/fim-watch/gen_00518.txt ts=2026-09-17T23:44:11.166345+00:00
 [02570/3000] delete simple     /srv/fim-watch/gen_00249.txt ts=2026-09-17T23:44:11.266300+00:00
 [02571/3000] modify revertido  /srv/fim-watch/gen_00429.txt ts=2026-09-17T23:44:11.366621+00:00
 [02572/3000] modify revertido  /srv/fim-watch/gen_00429.txt ts=2026-09-17T23:44:11.466598+00:00
 [02573/3000] modify simple     /srv/fim-watch/critico/gen_00451.txt ts=2026-09-17T23:44:11.566628+00:00
 [02574/3000] modify simple     /srv/fim-watch/gen_00395.txt ts=2026-09-17T23:44:11.666376+00:00
 [02575/3000] create simple     /srv/fim-watch/gen_00519.txt ts=2026-09-17T23:44:11.766528+00:00
 [02576/3000] modify simple     /srv/fim-watch/gen_00501.txt ts=2026-09-17T23:44:11.866510+00:00
 [02577/3000] modify simple     /srv/fim-watch/gen_00475.txt ts=2026-09-17T23:44:11.966770+00:00
 [02578/3000] modify colapsado  /srv/fim-watch/critico/gen_00280.txt ts=2026-09-17T23:44:12.066595+00:00
 [02579/3000] modify colapsado  /srv/fim-watch/critico/gen_00280.txt ts=2026-09-17T23:44:12.166443+00:00
 [02580/3000] modify colapsado  /srv/fim-watch/critico/gen_00280.txt ts=2026-09-17T23:44:12.266601+00:00
 [02581/3000] modify colapsado  /srv/fim-watch/critico/gen_00280.txt ts=2026-09-17T23:44:12.366744+00:00
 [02582/3000] modify colapsado  /srv/fim-watch/critico/gen_00280.txt ts=2026-09-17T23:44:12.466459+00:00
 [02583/3000] modify simple     /srv/fim-watch/critico/gen_00391.txt ts=2026-09-17T23:44:12.566650+00:00
 [02584/3000] create simple     /srv/fim-watch/gen_00520.txt ts=2026-09-17T23:44:12.666663+00:00
 [02585/3000] create simple     /srv/fim-watch/gen_00521.txt ts=2026-09-17T23:44:12.766689+00:00
 [02586/3000] modify simple     /srv/fim-watch/gen_00520.txt ts=2026-09-17T23:44:12.866306+00:00
 [02587/3000] modify simple     /srv/fim-watch/gen_00464.txt ts=2026-09-17T23:44:12.966295+00:00
 [02588/3000] modify simple     /srv/fim-watch/gen_00491.txt ts=2026-09-17T23:44:13.066284+00:00
 [02589/3000] create simple     /srv/fim-watch/gen_00522.txt ts=2026-09-17T23:44:13.166705+00:00
 [02590/3000] create simple     /srv/fim-watch/critico/gen_00523.txt ts=2026-09-17T23:44:13.265975+00:00
 [02591/3000] modify simple     /srv/fim-watch/gen_00352.txt ts=2026-09-17T23:44:13.366102+00:00
 [02592/3000] delete simple     /srv/fim-watch/gen_00307.txt ts=2026-09-17T23:44:13.466079+00:00
 [02593/3000] create simple     /srv/fim-watch/critico/gen_00524.txt ts=2026-09-17T23:44:13.565983+00:00
 [02594/3000] modify colapsado  /srv/fim-watch/gen_00467.txt ts=2026-09-17T23:44:13.666016+00:00
 [02595/3000] modify colapsado  /srv/fim-watch/gen_00467.txt ts=2026-09-17T23:44:13.766036+00:00
 [02596/3000] modify colapsado  /srv/fim-watch/gen_00467.txt ts=2026-09-17T23:44:13.867430+00:00
 [02597/3000] modify colapsado  /srv/fim-watch/gen_00467.txt ts=2026-09-17T23:44:13.966607+00:00
 [02598/3000] modify colapsado  /srv/fim-watch/gen_00467.txt ts=2026-09-17T23:44:14.066502+00:00
 [02599/3000] modify simple     /srv/fim-watch/gen_00050.txt ts=2026-09-17T23:44:14.166841+00:00
 [02600/3000] modify simple     /srv/fim-watch/gen_00254.txt ts=2026-09-17T23:44:14.266570+00:00
 [02601/3000] create simple     /srv/fim-watch/gen_00525.txt ts=2026-09-17T23:44:14.366541+00:00
 [02602/3000] modify simple     /srv/fim-watch/critico/gen_00053.txt ts=2026-09-17T23:44:14.466459+00:00
 [02603/3000] modify simple     /srv/fim-watch/critico/gen_00304.txt ts=2026-09-17T23:44:14.567155+00:00
 [02604/3000] delete simple     /srv/fim-watch/gen_00474.txt ts=2026-09-17T23:44:14.666713+00:00
 [02605/3000] delete simple     /srv/fim-watch/gen_00289.txt ts=2026-09-17T23:44:14.766514+00:00
 [02606/3000] modify simple     /srv/fim-watch/gen_00513.txt ts=2026-09-17T23:44:14.866452+00:00
 [02607/3000] create simple     /srv/fim-watch/gen_00526.txt ts=2026-09-17T23:44:14.966543+00:00
 [02608/3000] modify simple     /srv/fim-watch/gen_00418.txt ts=2026-09-17T23:44:15.066928+00:00
 [02609/3000] create simple     /srv/fim-watch/critico/gen_00527.txt ts=2026-09-17T23:44:15.166711+00:00
 [02610/3000] modify revertido  /srv/fim-watch/gen_00179.txt ts=2026-09-17T23:44:15.266637+00:00
 [02611/3000] modify revertido  /srv/fim-watch/gen_00179.txt ts=2026-09-17T23:44:15.366155+00:00
 [02612/3000] create simple     /srv/fim-watch/gen_00528.txt ts=2026-09-17T23:44:15.466084+00:00
 [02613/3000] modify simple     /srv/fim-watch/gen_00514.txt ts=2026-09-17T23:44:15.566658+00:00
 [02614/3000] modify simple     /srv/fim-watch/gen_00486.txt ts=2026-09-17T23:44:15.666718+00:00
 [02615/3000] modify simple     /srv/fim-watch/critico/gen_00502.txt ts=2026-09-17T23:44:15.766585+00:00
 [02616/3000] modify simple     /srv/fim-watch/gen_00325.txt ts=2026-09-17T23:44:15.866468+00:00
 [02617/3000] modify simple     /srv/fim-watch/critico/gen_00353.txt ts=2026-09-17T23:44:15.966631+00:00
 [02618/3000] modify simple     /srv/fim-watch/gen_00284.txt ts=2026-09-17T23:44:16.067018+00:00
 [02619/3000] modify simple     /srv/fim-watch/gen_00241.txt ts=2026-09-17T23:44:16.166609+00:00
 [02620/3000] modify revertido  /srv/fim-watch/gen_00405.txt ts=2026-09-17T23:44:16.266839+00:00
 [02621/3000] modify revertido  /srv/fim-watch/gen_00405.txt ts=2026-09-17T23:44:16.366427+00:00
 [02622/3000] modify simple     /srv/fim-watch/critico/gen_00465.txt ts=2026-09-17T23:44:16.466215+00:00
 [02623/3000] modify simple     /srv/fim-watch/critico/gen_00184.txt ts=2026-09-17T23:44:16.566627+00:00
 [02624/3000] create simple     /srv/fim-watch/gen_00529.txt ts=2026-09-17T23:44:16.666834+00:00
 [02625/3000] modify simple     /srv/fim-watch/gen_00426.txt ts=2026-09-17T23:44:16.766403+00:00
 [02626/3000] create simple     /srv/fim-watch/critico/gen_00530.txt ts=2026-09-17T23:44:16.866243+00:00
 [02627/3000] modify simple     /srv/fim-watch/critico/gen_00262.txt ts=2026-09-17T23:44:16.966477+00:00
 [02628/3000] create simple     /srv/fim-watch/gen_00531.txt ts=2026-09-17T23:44:17.066386+00:00
 [02629/3000] modify revertido  /srv/fim-watch/gen_00500.txt ts=2026-09-17T23:44:17.166331+00:00
 [02630/3000] modify revertido  /srv/fim-watch/gen_00500.txt ts=2026-09-17T23:44:17.266583+00:00
 [02631/3000] modify simple     /srv/fim-watch/gen_00331.txt ts=2026-09-17T23:44:17.366442+00:00
 [02632/3000] modify simple     /srv/fim-watch/gen_00377.txt ts=2026-09-17T23:44:17.466603+00:00
 [02633/3000] delete simple     /srv/fim-watch/gen_00323.txt ts=2026-09-17T23:44:17.566412+00:00
 [02634/3000] modify colapsado  /srv/fim-watch/gen_00228.txt ts=2026-09-17T23:44:17.666373+00:00
 [02635/3000] modify colapsado  /srv/fim-watch/gen_00228.txt ts=2026-09-17T23:44:17.766432+00:00
 [02636/3000] modify colapsado  /srv/fim-watch/gen_00228.txt ts=2026-09-17T23:44:17.866477+00:00
 [02637/3000] modify colapsado  /srv/fim-watch/gen_00228.txt ts=2026-09-17T23:44:17.966784+00:00
 [02638/3000] modify colapsado  /srv/fim-watch/gen_00228.txt ts=2026-09-17T23:44:18.066491+00:00
 [02639/3000] modify simple     /srv/fim-watch/gen_00417.txt ts=2026-09-17T23:44:18.166423+00:00
 [02640/3000] create simple     /srv/fim-watch/critico/gen_00532.txt ts=2026-09-17T23:44:18.266536+00:00
 [02641/3000] modify simple     /srv/fim-watch/gen_00325.txt ts=2026-09-17T23:44:18.366460+00:00
 [02642/3000] create simple     /srv/fim-watch/gen_00533.txt ts=2026-09-17T23:44:18.466476+00:00
 [02643/3000] modify simple     /srv/fim-watch/gen_00513.txt ts=2026-09-17T23:44:18.566415+00:00
 [02644/3000] delete simple     /srv/fim-watch/gen_00206.txt ts=2026-09-17T23:44:18.666478+00:00
 [02645/3000] modify simple     /srv/fim-watch/gen_00501.txt ts=2026-09-17T23:44:18.766661+00:00
 [02646/3000] modify simple     /srv/fim-watch/gen_00298.txt ts=2026-09-17T23:44:18.866380+00:00
 [02647/3000] modify simple     /srv/fim-watch/gen_00352.txt ts=2026-09-17T23:44:18.966803+00:00
 [02648/3000] modify simple     /srv/fim-watch/critico/gen_00409.txt ts=2026-09-17T23:44:19.066296+00:00
 [02649/3000] create simple     /srv/fim-watch/gen_00534.txt ts=2026-09-17T23:44:19.166257+00:00
 [02650/3000] modify simple     /srv/fim-watch/gen_00064.txt ts=2026-09-17T23:44:19.266317+00:00
 [02651/3000] modify colapsado  /srv/fim-watch/gen_00424.txt ts=2026-09-17T23:44:19.366017+00:00
 [02652/3000] modify colapsado  /srv/fim-watch/gen_00424.txt ts=2026-09-17T23:44:19.466201+00:00
 [02653/3000] modify colapsado  /srv/fim-watch/gen_00424.txt ts=2026-09-17T23:44:19.566021+00:00
 [02654/3000] modify colapsado  /srv/fim-watch/gen_00424.txt ts=2026-09-17T23:44:19.666087+00:00
 [02655/3000] modify colapsado  /srv/fim-watch/gen_00424.txt ts=2026-09-17T23:44:19.766016+00:00
 [02656/3000] create simple     /srv/fim-watch/gen_00535.txt ts=2026-09-17T23:44:19.866095+00:00
 [02657/3000] delete simple     /srv/fim-watch/critico/gen_00413.txt ts=2026-09-17T23:44:19.965955+00:00
 [02658/3000] modify revertido  /srv/fim-watch/gen_00448.txt ts=2026-09-17T23:44:20.066044+00:00
 [02659/3000] modify revertido  /srv/fim-watch/gen_00448.txt ts=2026-09-17T23:44:20.166589+00:00
 [02660/3000] modify simple     /srv/fim-watch/gen_00435.txt ts=2026-09-17T23:44:20.266505+00:00
 [02661/3000] modify simple     /srv/fim-watch/gen_00096.txt ts=2026-09-17T23:44:20.366449+00:00
 [02662/3000] modify simple     /srv/fim-watch/critico/gen_00191.txt ts=2026-09-17T23:44:20.466430+00:00
 [02663/3000] modify simple     /srv/fim-watch/critico/gen_00428.txt ts=2026-09-17T23:44:20.566185+00:00
 [02664/3000] modify colapsado  /srv/fim-watch/gen_00259.txt ts=2026-09-17T23:44:20.666440+00:00
 [02665/3000] modify colapsado  /srv/fim-watch/gen_00259.txt ts=2026-09-17T23:44:20.766432+00:00
 [02666/3000] modify colapsado  /srv/fim-watch/gen_00259.txt ts=2026-09-17T23:44:20.866635+00:00
 [02667/3000] modify colapsado  /srv/fim-watch/gen_00259.txt ts=2026-09-17T23:44:20.966292+00:00
 [02668/3000] modify colapsado  /srv/fim-watch/gen_00259.txt ts=2026-09-17T23:44:21.066458+00:00
 [02669/3000] delete simple     /srv/fim-watch/gen_00269.txt ts=2026-09-17T23:44:21.166668+00:00
 [02670/3000] modify revertido  /srv/fim-watch/gen_00256.txt ts=2026-09-17T23:44:21.266897+00:00
 [02671/3000] modify revertido  /srv/fim-watch/gen_00256.txt ts=2026-09-17T23:44:21.366249+00:00
 [02672/3000] modify simple     /srv/fim-watch/critico/gen_00123.txt ts=2026-09-17T23:44:21.466500+00:00
 [02673/3000] modify simple     /srv/fim-watch/gen_00290.txt ts=2026-09-17T23:44:21.566552+00:00
 [02674/3000] modify simple     /srv/fim-watch/gen_00225.txt ts=2026-09-17T23:44:21.666410+00:00
 [02675/3000] modify simple     /srv/fim-watch/gen_00404.txt ts=2026-09-17T23:44:21.766691+00:00
 [02676/3000] modify simple     /srv/fim-watch/gen_00479.txt ts=2026-09-17T23:44:21.866495+00:00
 [02677/3000] modify simple     /srv/fim-watch/gen_00235.txt ts=2026-09-17T23:44:21.966643+00:00
 [02678/3000] modify simple     /srv/fim-watch/critico/gen_00490.txt ts=2026-09-17T23:44:22.066565+00:00
 [02679/3000] modify simple     /srv/fim-watch/critico/gen_00209.txt ts=2026-09-17T23:44:22.166824+00:00
 [02680/3000] modify simple     /srv/fim-watch/gen_00285.txt ts=2026-09-17T23:44:22.266185+00:00
 [02681/3000] create simple     /srv/fim-watch/gen_00536.txt ts=2026-09-17T23:44:22.366333+00:00
 [02682/3000] modify simple     /srv/fim-watch/gen_00470.txt ts=2026-09-17T23:44:22.466803+00:00
 [02683/3000] modify simple     /srv/fim-watch/gen_00385.txt ts=2026-09-17T23:44:22.566793+00:00
 [02684/3000] modify simple     /srv/fim-watch/gen_00139.txt ts=2026-09-17T23:44:22.666443+00:00
 [02685/3000] create simple     /srv/fim-watch/gen_00537.txt ts=2026-09-17T23:44:22.766698+00:00
 [02686/3000] modify simple     /srv/fim-watch/critico/gen_00456.txt ts=2026-09-17T23:44:22.866429+00:00
 [02687/3000] modify simple     /srv/fim-watch/gen_00498.txt ts=2026-09-17T23:44:22.966687+00:00
 [02688/3000] create simple     /srv/fim-watch/gen_00538.txt ts=2026-09-17T23:44:23.066668+00:00
 [02689/3000] create simple     /srv/fim-watch/gen_00539.txt ts=2026-09-17T23:44:23.166381+00:00
 [02690/3000] modify colapsado  /srv/fim-watch/gen_00498.txt ts=2026-09-17T23:44:23.266463+00:00
 [02691/3000] modify colapsado  /srv/fim-watch/gen_00498.txt ts=2026-09-17T23:44:23.366384+00:00
 [02692/3000] modify colapsado  /srv/fim-watch/gen_00498.txt ts=2026-09-17T23:44:23.466415+00:00
 [02693/3000] modify colapsado  /srv/fim-watch/gen_00498.txt ts=2026-09-17T23:44:23.566239+00:00
 [02694/3000] modify colapsado  /srv/fim-watch/gen_00498.txt ts=2026-09-17T23:44:23.666448+00:00
 [02695/3000] create simple     /srv/fim-watch/gen_00540.txt ts=2026-09-17T23:44:23.766500+00:00
 [02696/3000] modify simple     /srv/fim-watch/gen_00508.txt ts=2026-09-17T23:44:23.866819+00:00
 [02697/3000] modify simple     /srv/fim-watch/gen_00426.txt ts=2026-09-17T23:44:23.966979+00:00
 [02698/3000] delete simple     /srv/fim-watch/gen_00534.txt ts=2026-09-17T23:44:24.066286+00:00
 [02699/3000] create simple     /srv/fim-watch/gen_00541.txt ts=2026-09-17T23:44:24.166632+00:00
 [02700/3000] create simple     /srv/fim-watch/gen_00542.txt ts=2026-09-17T23:44:24.266376+00:00
 [02701/3000] modify revertido  /srv/fim-watch/gen_00475.txt ts=2026-09-17T23:44:24.366969+00:00
 [02702/3000] modify revertido  /srv/fim-watch/gen_00475.txt ts=2026-09-17T23:44:24.466926+00:00
 [02703/3000] modify revertido  /srv/fim-watch/critico/gen_00509.txt ts=2026-09-17T23:44:24.566794+00:00
 [02704/3000] modify revertido  /srv/fim-watch/critico/gen_00509.txt ts=2026-09-17T23:44:24.666539+00:00
 [02705/3000] modify colapsado  /srv/fim-watch/gen_00479.txt ts=2026-09-17T23:44:24.766633+00:00
 [02706/3000] modify colapsado  /srv/fim-watch/gen_00479.txt ts=2026-09-17T23:44:24.866801+00:00
 [02707/3000] modify colapsado  /srv/fim-watch/gen_00479.txt ts=2026-09-17T23:44:24.966438+00:00
 [02708/3000] modify colapsado  /srv/fim-watch/gen_00479.txt ts=2026-09-17T23:44:25.066599+00:00
 [02709/3000] modify colapsado  /srv/fim-watch/gen_00479.txt ts=2026-09-17T23:44:25.166388+00:00
 [02710/3000] create simple     /srv/fim-watch/gen_00543.txt ts=2026-09-17T23:44:25.266175+00:00
 [02711/3000] delete simple     /srv/fim-watch/gen_00498.txt ts=2026-09-17T23:44:25.366087+00:00
 [02712/3000] modify simple     /srv/fim-watch/gen_00326.txt ts=2026-09-17T23:44:25.466254+00:00
 [02713/3000] create simple     /srv/fim-watch/gen_00544.txt ts=2026-09-17T23:44:25.566097+00:00
 [02714/3000] modify simple     /srv/fim-watch/critico/gen_00130.txt ts=2026-09-17T23:44:25.666117+00:00
 [02715/3000] create simple     /srv/fim-watch/gen_00545.txt ts=2026-09-17T23:44:25.766062+00:00
 [02716/3000] modify simple     /srv/fim-watch/gen_00426.txt ts=2026-09-17T23:44:25.866027+00:00
 [02717/3000] create simple     /srv/fim-watch/gen_00546.txt ts=2026-09-17T23:44:25.966013+00:00
 [02718/3000] modify simple     /srv/fim-watch/gen_00163.txt ts=2026-09-17T23:44:26.067541+00:00
 [02719/3000] create simple     /srv/fim-watch/gen_00547.txt ts=2026-09-17T23:44:26.165962+00:00
 [02720/3000] modify simple     /srv/fim-watch/gen_00442.txt ts=2026-09-17T23:44:26.266015+00:00
 [02721/3000] modify simple     /srv/fim-watch/gen_00519.txt ts=2026-09-17T23:44:26.366090+00:00
 [02722/3000] modify simple     /srv/fim-watch/gen_00254.txt ts=2026-09-17T23:44:26.466099+00:00
 [02723/3000] modify revertido  /srv/fim-watch/gen_00134.txt ts=2026-09-17T23:44:26.566018+00:00
 [02724/3000] modify revertido  /srv/fim-watch/gen_00134.txt ts=2026-09-17T23:44:26.665994+00:00
 [02725/3000] modify simple     /srv/fim-watch/critico/gen_00530.txt ts=2026-09-17T23:44:26.766088+00:00
 [02726/3000] modify simple     /srv/fim-watch/gen_00196.txt ts=2026-09-17T23:44:26.866064+00:00
 [02727/3000] modify simple     /srv/fim-watch/gen_00309.txt ts=2026-09-17T23:44:26.966140+00:00
 [02728/3000] modify simple     /srv/fim-watch/gen_00500.txt ts=2026-09-17T23:44:27.066130+00:00
 [02729/3000] modify simple     /srv/fim-watch/critico/gen_00438.txt ts=2026-09-17T23:44:27.166454+00:00
 [02730/3000] create simple     /srv/fim-watch/critico/gen_00548.txt ts=2026-09-17T23:44:27.266296+00:00
 [02731/3000] modify simple     /srv/fim-watch/gen_00128.txt ts=2026-09-17T23:44:27.366464+00:00
 [02732/3000] modify revertido  /srv/fim-watch/gen_00207.txt ts=2026-09-17T23:44:27.466365+00:00
 [02733/3000] modify revertido  /srv/fim-watch/gen_00207.txt ts=2026-09-17T23:44:27.566504+00:00
 [02734/3000] modify simple     /srv/fim-watch/gen_00539.txt ts=2026-09-17T23:44:27.666449+00:00
 [02735/3000] modify simple     /srv/fim-watch/gen_00466.txt ts=2026-09-17T23:44:27.766574+00:00
 [02736/3000] modify simple     /srv/fim-watch/gen_00163.txt ts=2026-09-17T23:44:27.866842+00:00
 [02737/3000] create simple     /srv/fim-watch/gen_00549.txt ts=2026-09-17T23:44:27.966564+00:00
 [02738/3000] modify simple     /srv/fim-watch/gen_00412.txt ts=2026-09-17T23:44:28.066894+00:00
 [02739/3000] create simple     /srv/fim-watch/gen_00550.txt ts=2026-09-17T23:44:28.166331+00:00
 [02740/3000] modify simple     /srv/fim-watch/gen_00547.txt ts=2026-09-17T23:44:28.266447+00:00
 [02741/3000] modify simple     /srv/fim-watch/gen_00543.txt ts=2026-09-17T23:44:28.366637+00:00
 [02742/3000] modify simple     /srv/fim-watch/gen_00320.txt ts=2026-09-17T23:44:28.466687+00:00
 [02743/3000] modify simple     /srv/fim-watch/gen_00221.txt ts=2026-09-17T23:44:28.566842+00:00
 [02744/3000] modify simple     /srv/fim-watch/gen_00466.txt ts=2026-09-17T23:44:28.666326+00:00
 [02745/3000] delete simple     /srv/fim-watch/gen_00331.txt ts=2026-09-17T23:44:28.766560+00:00
 [02746/3000] modify simple     /srv/fim-watch/critico/gen_00330.txt ts=2026-09-17T23:44:28.866456+00:00
 [02747/3000] delete simple     /srv/fim-watch/gen_00215.txt ts=2026-09-17T23:44:28.966490+00:00
 [02748/3000] modify revertido  /srv/fim-watch/gen_00442.txt ts=2026-09-17T23:44:29.066628+00:00
 [02749/3000] modify revertido  /srv/fim-watch/gen_00442.txt ts=2026-09-17T23:44:29.166371+00:00
 [02750/3000] modify simple     /srv/fim-watch/critico/gen_00509.txt ts=2026-09-17T23:44:29.266601+00:00
 [02751/3000] modify simple     /srv/fim-watch/gen_00358.txt ts=2026-09-17T23:44:29.366518+00:00
 [02752/3000] modify simple     /srv/fim-watch/critico/gen_00322.txt ts=2026-09-17T23:44:29.466636+00:00
 [02753/3000] create simple     /srv/fim-watch/gen_00551.txt ts=2026-09-17T23:44:29.566516+00:00
 [02754/3000] modify simple     /srv/fim-watch/gen_00528.txt ts=2026-09-17T23:44:29.666430+00:00
 [02755/3000] delete simple     /srv/fim-watch/gen_00430.txt ts=2026-09-17T23:44:29.766312+00:00
 [02756/3000] create simple     /srv/fim-watch/critico/gen_00552.txt ts=2026-09-17T23:44:29.866494+00:00
 [02757/3000] modify revertido  /srv/fim-watch/gen_00364.txt ts=2026-09-17T23:44:29.966423+00:00
 [02758/3000] modify revertido  /srv/fim-watch/gen_00364.txt ts=2026-09-17T23:44:30.066300+00:00
 [02759/3000] create simple     /srv/fim-watch/gen_00553.txt ts=2026-09-17T23:44:30.166536+00:00
 [02760/3000] delete simple     /srv/fim-watch/gen_00477.txt ts=2026-09-17T23:44:30.266261+00:00
 [02761/3000] modify colapsado  /srv/fim-watch/gen_00266.txt ts=2026-09-17T23:44:30.366460+00:00
 [02762/3000] modify colapsado  /srv/fim-watch/gen_00266.txt ts=2026-09-17T23:44:30.466467+00:00
 [02763/3000] modify colapsado  /srv/fim-watch/gen_00266.txt ts=2026-09-17T23:44:30.566455+00:00
 [02764/3000] modify colapsado  /srv/fim-watch/gen_00266.txt ts=2026-09-17T23:44:30.666441+00:00
 [02765/3000] modify colapsado  /srv/fim-watch/gen_00266.txt ts=2026-09-17T23:44:30.766694+00:00
 [02766/3000] delete simple     /srv/fim-watch/gen_00196.txt ts=2026-09-17T23:44:30.866363+00:00
 [02767/3000] create simple     /srv/fim-watch/gen_00554.txt ts=2026-09-17T23:44:30.966583+00:00
 [02768/3000] modify revertido  /srv/fim-watch/gen_00526.txt ts=2026-09-17T23:44:31.066396+00:00
 [02769/3000] modify revertido  /srv/fim-watch/gen_00526.txt ts=2026-09-17T23:44:31.166496+00:00
 [02770/3000] modify simple     /srv/fim-watch/critico/gen_00262.txt ts=2026-09-17T23:44:31.266531+00:00
 [02771/3000] modify simple     /srv/fim-watch/critico/gen_00392.txt ts=2026-09-17T23:44:31.366613+00:00
 [02772/3000] modify revertido  /srv/fim-watch/gen_00494.txt ts=2026-09-17T23:44:31.466280+00:00
 [02773/3000] modify revertido  /srv/fim-watch/gen_00494.txt ts=2026-09-17T23:44:31.566411+00:00
 [02774/3000] modify simple     /srv/fim-watch/gen_00234.txt ts=2026-09-17T23:44:31.666446+00:00
 [02775/3000] modify simple     /srv/fim-watch/gen_00293.txt ts=2026-09-17T23:44:31.766479+00:00
 [02776/3000] modify simple     /srv/fim-watch/critico/gen_00502.txt ts=2026-09-17T23:44:31.866365+00:00
 [02777/3000] modify colapsado  /srv/fim-watch/gen_00234.txt ts=2026-09-17T23:44:31.966560+00:00
 [02778/3000] modify colapsado  /srv/fim-watch/gen_00234.txt ts=2026-09-17T23:44:32.066452+00:00
 [02779/3000] modify colapsado  /srv/fim-watch/gen_00234.txt ts=2026-09-17T23:44:32.166294+00:00
 [02780/3000] modify colapsado  /srv/fim-watch/gen_00234.txt ts=2026-09-17T23:44:32.266124+00:00
 [02781/3000] modify colapsado  /srv/fim-watch/gen_00234.txt ts=2026-09-17T23:44:32.366128+00:00
 [02782/3000] modify simple     /srv/fim-watch/critico/gen_00351.txt ts=2026-09-17T23:44:32.466168+00:00
 [02783/3000] create efimero    /srv/fim-watch/gen_00555.txt ts=2026-09-17T23:44:32.566008+00:00
 [02784/3000] delete efimero    /srv/fim-watch/gen_00555.txt ts=2026-09-17T23:44:32.665984+00:00
 [02785/3000] modify simple     /srv/fim-watch/gen_00290.txt ts=2026-09-17T23:44:32.766061+00:00
 [02786/3000] modify revertido  /srv/fim-watch/gen_00470.txt ts=2026-09-17T23:44:32.866013+00:00
 [02787/3000] modify revertido  /srv/fim-watch/gen_00470.txt ts=2026-09-17T23:44:32.966037+00:00
 [02788/3000] modify simple     /srv/fim-watch/gen_00441.txt ts=2026-09-17T23:44:33.066025+00:00
 [02789/3000] modify simple     /srv/fim-watch/gen_00494.txt ts=2026-09-17T23:44:33.166055+00:00
 [02790/3000] modify simple     /srv/fim-watch/gen_00384.txt ts=2026-09-17T23:44:33.266210+00:00
 [02791/3000] modify simple     /srv/fim-watch/gen_00285.txt ts=2026-09-17T23:44:33.366643+00:00
 [02792/3000] modify simple     /srv/fim-watch/gen_00446.txt ts=2026-09-17T23:44:33.466907+00:00
 [02793/3000] delete simple     /srv/fim-watch/gen_00108.txt ts=2026-09-17T23:44:33.566329+00:00
 [02794/3000] create simple     /srv/fim-watch/critico/gen_00556.txt ts=2026-09-17T23:44:33.666340+00:00
 [02795/3000] modify simple     /srv/fim-watch/gen_00470.txt ts=2026-09-17T23:44:33.766378+00:00
 [02796/3000] create simple     /srv/fim-watch/gen_00557.txt ts=2026-09-17T23:44:33.866668+00:00
 [02797/3000] modify simple     /srv/fim-watch/critico/gen_00061.txt ts=2026-09-17T23:44:33.966810+00:00
 [02798/3000] delete simple     /srv/fim-watch/gen_00320.txt ts=2026-09-17T23:44:34.066468+00:00
 [02799/3000] delete simple     /srv/fim-watch/gen_00500.txt ts=2026-09-17T23:44:34.166669+00:00
 [02800/3000] modify revertido  /srv/fim-watch/critico/gen_00347.txt ts=2026-09-17T23:44:34.266578+00:00
 [02801/3000] modify revertido  /srv/fim-watch/critico/gen_00347.txt ts=2026-09-17T23:44:34.366767+00:00
 [02802/3000] modify simple     /srv/fim-watch/critico/gen_00502.txt ts=2026-09-17T23:44:34.466797+00:00
 [02803/3000] modify revertido  /srv/fim-watch/gen_00417.txt ts=2026-09-17T23:44:34.566804+00:00
 [02804/3000] modify revertido  /srv/fim-watch/gen_00417.txt ts=2026-09-17T23:44:34.666800+00:00
 [02805/3000] modify simple     /srv/fim-watch/gen_00188.txt ts=2026-09-17T23:44:34.766618+00:00
 [02806/3000] modify simple     /srv/fim-watch/gen_00142.txt ts=2026-09-17T23:44:34.866769+00:00
 [02807/3000] create simple     /srv/fim-watch/gen_00558.txt ts=2026-09-17T23:44:34.966949+00:00
 [02808/3000] create efimero    /srv/fim-watch/gen_00559.txt ts=2026-09-17T23:44:35.066658+00:00
 [02809/3000] delete efimero    /srv/fim-watch/gen_00559.txt ts=2026-09-17T23:44:35.166487+00:00
 [02810/3000] modify simple     /srv/fim-watch/gen_00377.txt ts=2026-09-17T23:44:35.266642+00:00
 [02811/3000] modify simple     /srv/fim-watch/gen_00521.txt ts=2026-09-17T23:44:35.366908+00:00
 [02812/3000] modify simple     /srv/fim-watch/critico/gen_00272.txt ts=2026-09-17T23:44:35.466978+00:00
 [02813/3000] create simple     /srv/fim-watch/gen_00560.txt ts=2026-09-17T23:44:35.566497+00:00
 [02814/3000] create efimero    /srv/fim-watch/gen_00561.txt ts=2026-09-17T23:44:35.666198+00:00
 [02815/3000] delete efimero    /srv/fim-watch/gen_00561.txt ts=2026-09-17T23:44:35.766506+00:00
 [02816/3000] create simple     /srv/fim-watch/critico/gen_00562.txt ts=2026-09-17T23:44:35.866673+00:00
 [02817/3000] create efimero    /srv/fim-watch/gen_00563.txt ts=2026-09-17T23:44:35.966514+00:00
 [02818/3000] delete efimero    /srv/fim-watch/gen_00563.txt ts=2026-09-17T23:44:36.066532+00:00
 [02819/3000] modify simple     /srv/fim-watch/gen_00350.txt ts=2026-09-17T23:44:36.166363+00:00
 [02820/3000] modify simple     /srv/fim-watch/gen_00425.txt ts=2026-09-17T23:44:36.266387+00:00
 [02821/3000] create simple     /srv/fim-watch/gen_00564.txt ts=2026-09-17T23:44:36.366722+00:00
 [02822/3000] modify revertido  /srv/fim-watch/gen_00098.txt ts=2026-09-17T23:44:36.466359+00:00
 [02823/3000] modify revertido  /srv/fim-watch/gen_00098.txt ts=2026-09-17T23:44:36.566267+00:00
 [02824/3000] modify simple     /srv/fim-watch/gen_00139.txt ts=2026-09-17T23:44:36.666404+00:00
 [02825/3000] modify simple     /srv/fim-watch/gen_00268.txt ts=2026-09-17T23:44:36.766680+00:00
 [02826/3000] create simple     /srv/fim-watch/critico/gen_00565.txt ts=2026-09-17T23:44:36.866379+00:00
 [02827/3000] delete simple     /srv/fim-watch/gen_00540.txt ts=2026-09-17T23:44:36.966253+00:00
 [02828/3000] modify simple     /srv/fim-watch/critico/gen_00361.txt ts=2026-09-17T23:44:37.066614+00:00
 [02829/3000] modify simple     /srv/fim-watch/gen_00543.txt ts=2026-09-17T23:44:37.166574+00:00
 [02830/3000] modify simple     /srv/fim-watch/gen_00517.txt ts=2026-09-17T23:44:37.266566+00:00
 [02831/3000] delete simple     /srv/fim-watch/gen_00525.txt ts=2026-09-17T23:44:37.366251+00:00
 [02832/3000] modify simple     /srv/fim-watch/gen_00219.txt ts=2026-09-17T23:44:37.466975+00:00
 [02833/3000] create simple     /srv/fim-watch/gen_00566.txt ts=2026-09-17T23:44:37.566763+00:00
 [02834/3000] delete simple     /srv/fim-watch/critico/gen_00209.txt ts=2026-09-17T23:44:37.666279+00:00
 [02835/3000] modify simple     /srv/fim-watch/gen_00203.txt ts=2026-09-17T23:44:37.766619+00:00
 [02836/3000] modify simple     /srv/fim-watch/critico/gen_00392.txt ts=2026-09-17T23:44:37.866473+00:00
 [02837/3000] create simple     /srv/fim-watch/gen_00567.txt ts=2026-09-17T23:44:37.966696+00:00
 [02838/3000] modify simple     /srv/fim-watch/gen_00384.txt ts=2026-09-17T23:44:38.066283+00:00
 [02839/3000] delete simple     /srv/fim-watch/gen_00395.txt ts=2026-09-17T23:44:38.166183+00:00
 [02840/3000] modify simple     /srv/fim-watch/critico/gen_00414.txt ts=2026-09-17T23:44:38.266535+00:00
 [02841/3000] modify simple     /srv/fim-watch/gen_00406.txt ts=2026-09-17T23:44:38.366043+00:00
 [02842/3000] create simple     /srv/fim-watch/gen_00568.txt ts=2026-09-17T23:44:38.465978+00:00
 [02843/3000] modify colapsado  /srv/fim-watch/gen_00115.txt ts=2026-09-17T23:44:38.566165+00:00
 [02844/3000] modify colapsado  /srv/fim-watch/gen_00115.txt ts=2026-09-17T23:44:38.666027+00:00
 [02845/3000] modify colapsado  /srv/fim-watch/gen_00115.txt ts=2026-09-17T23:44:38.766035+00:00
 [02846/3000] modify colapsado  /srv/fim-watch/gen_00115.txt ts=2026-09-17T23:44:38.866091+00:00
 [02847/3000] modify colapsado  /srv/fim-watch/gen_00115.txt ts=2026-09-17T23:44:38.966014+00:00
 [02848/3000] modify colapsado  /srv/fim-watch/gen_00418.txt ts=2026-09-17T23:44:39.066117+00:00
 [02849/3000] modify colapsado  /srv/fim-watch/gen_00418.txt ts=2026-09-17T23:44:39.166507+00:00
 [02850/3000] modify colapsado  /srv/fim-watch/gen_00418.txt ts=2026-09-17T23:44:39.266020+00:00
 [02851/3000] modify colapsado  /srv/fim-watch/gen_00418.txt ts=2026-09-17T23:44:39.366095+00:00
 [02852/3000] modify colapsado  /srv/fim-watch/gen_00418.txt ts=2026-09-17T23:44:39.466323+00:00
 [02853/3000] modify simple     /srv/fim-watch/gen_00458.txt ts=2026-09-17T23:44:39.566621+00:00
 [02854/3000] delete simple     /srv/fim-watch/gen_00311.txt ts=2026-09-17T23:44:39.666317+00:00
 [02855/3000] modify simple     /srv/fim-watch/gen_00536.txt ts=2026-09-17T23:44:39.766845+00:00
 [02856/3000] modify simple     /srv/fim-watch/gen_00481.txt ts=2026-09-17T23:44:39.866634+00:00
 [02857/3000] create simple     /srv/fim-watch/gen_00569.txt ts=2026-09-17T23:44:39.966550+00:00
 [02858/3000] modify simple     /srv/fim-watch/gen_00250.txt ts=2026-09-17T23:44:40.066468+00:00
 [02859/3000] modify simple     /srv/fim-watch/gen_00403.txt ts=2026-09-17T23:44:40.166764+00:00
 [02860/3000] modify simple     /srv/fim-watch/gen_00513.txt ts=2026-09-17T23:44:40.266609+00:00
 [02861/3000] modify simple     /srv/fim-watch/gen_00226.txt ts=2026-09-17T23:44:40.366619+00:00
 [02862/3000] delete simple     /srv/fim-watch/gen_00539.txt ts=2026-09-17T23:44:40.466489+00:00
 [02863/3000] create simple     /srv/fim-watch/gen_00570.txt ts=2026-09-17T23:44:40.566515+00:00
 [02864/3000] modify simple     /srv/fim-watch/gen_00472.txt ts=2026-09-17T23:44:40.666628+00:00
 [02865/3000] delete simple     /srv/fim-watch/gen_00507.txt ts=2026-09-17T23:44:40.766221+00:00
 [02866/3000] modify revertido  /srv/fim-watch/gen_00554.txt ts=2026-09-17T23:44:40.866832+00:00
 [02867/3000] modify revertido  /srv/fim-watch/gen_00554.txt ts=2026-09-17T23:44:40.966734+00:00
 [02868/3000] modify simple     /srv/fim-watch/gen_00501.txt ts=2026-09-17T23:44:41.066461+00:00
 [02869/3000] create simple     /srv/fim-watch/gen_00571.txt ts=2026-09-17T23:44:41.166667+00:00
 [02870/3000] modify colapsado  /srv/fim-watch/gen_00126.txt ts=2026-09-17T23:44:41.266440+00:00
 [02871/3000] modify colapsado  /srv/fim-watch/gen_00126.txt ts=2026-09-17T23:44:41.366833+00:00
 [02872/3000] modify colapsado  /srv/fim-watch/gen_00126.txt ts=2026-09-17T23:44:41.466483+00:00
 [02873/3000] modify colapsado  /srv/fim-watch/gen_00126.txt ts=2026-09-17T23:44:41.566403+00:00
 [02874/3000] modify colapsado  /srv/fim-watch/gen_00126.txt ts=2026-09-17T23:44:41.666422+00:00
 [02875/3000] modify simple     /srv/fim-watch/gen_00481.txt ts=2026-09-17T23:44:41.766468+00:00
 [02876/3000] delete simple     /srv/fim-watch/gen_00545.txt ts=2026-09-17T23:44:41.866599+00:00
 [02877/3000] modify simple     /srv/fim-watch/gen_00479.txt ts=2026-09-17T23:44:41.966612+00:00
 [02878/3000] delete simple     /srv/fim-watch/gen_00277.txt ts=2026-09-17T23:44:42.066522+00:00
 [02879/3000] modify simple     /srv/fim-watch/gen_00503.txt ts=2026-09-17T23:44:42.166827+00:00
 [02880/3000] create efimero    /srv/fim-watch/gen_00572.txt ts=2026-09-17T23:44:42.266745+00:00
 [02881/3000] delete efimero    /srv/fim-watch/gen_00572.txt ts=2026-09-17T23:44:42.366125+00:00
 [02882/3000] modify revertido  /srv/fim-watch/critico/gen_00392.txt ts=2026-09-17T23:44:42.466613+00:00
 [02883/3000] modify revertido  /srv/fim-watch/critico/gen_00392.txt ts=2026-09-17T23:44:42.566751+00:00
 [02884/3000] modify simple     /srv/fim-watch/gen_00098.txt ts=2026-09-17T23:44:42.666363+00:00
 [02885/3000] modify simple     /srv/fim-watch/gen_00284.txt ts=2026-09-17T23:44:42.766481+00:00
 [02886/3000] create simple     /srv/fim-watch/gen_00573.txt ts=2026-09-17T23:44:42.866297+00:00
 [02887/3000] modify simple     /srv/fim-watch/critico/gen_00437.txt ts=2026-09-17T23:44:42.966605+00:00
 [02888/3000] modify simple     /srv/fim-watch/gen_00290.txt ts=2026-09-17T23:44:43.067024+00:00
 [02889/3000] create simple     /srv/fim-watch/critico/gen_00574.txt ts=2026-09-17T23:44:43.166739+00:00
 [02890/3000] modify simple     /srv/fim-watch/critico/gen_00556.txt ts=2026-09-17T23:44:43.266589+00:00
 [02891/3000] modify simple     /srv/fim-watch/gen_00195.txt ts=2026-09-17T23:44:43.366479+00:00
 [02892/3000] create simple     /srv/fim-watch/gen_00575.txt ts=2026-09-17T23:44:43.466544+00:00
 [02893/3000] delete simple     /srv/fim-watch/gen_00558.txt ts=2026-09-17T23:44:43.566612+00:00
 [02894/3000] modify simple     /srv/fim-watch/gen_00400.txt ts=2026-09-17T23:44:43.666538+00:00
 [02895/3000] create simple     /srv/fim-watch/gen_00576.txt ts=2026-09-17T23:44:43.766735+00:00
 [02896/3000] modify simple     /srv/fim-watch/gen_00467.txt ts=2026-09-17T23:44:43.866369+00:00
 [02897/3000] modify simple     /srv/fim-watch/gen_00495.txt ts=2026-09-17T23:44:43.966471+00:00
 [02898/3000] modify simple     /srv/fim-watch/critico/gen_00532.txt ts=2026-09-17T23:44:44.066432+00:00
 [02899/3000] modify revertido  /srv/fim-watch/gen_00098.txt ts=2026-09-17T23:44:44.166794+00:00
 [02900/3000] modify revertido  /srv/fim-watch/gen_00098.txt ts=2026-09-17T23:44:44.266798+00:00
 [02901/3000] modify simple     /srv/fim-watch/gen_00480.txt ts=2026-09-17T23:44:44.366666+00:00
 [02902/3000] modify simple     /srv/fim-watch/gen_00452.txt ts=2026-09-17T23:44:44.466599+00:00
 [02903/3000] modify simple     /srv/fim-watch/gen_00402.txt ts=2026-09-17T23:44:44.566281+00:00
 [02904/3000] modify simple     /srv/fim-watch/gen_00152.txt ts=2026-09-17T23:44:44.666840+00:00
 [02905/3000] modify simple     /srv/fim-watch/critico/gen_00530.txt ts=2026-09-17T23:44:44.766618+00:00
 [02906/3000] modify simple     /srv/fim-watch/critico/gen_00322.txt ts=2026-09-17T23:44:44.866186+00:00
 [02907/3000] create simple     /srv/fim-watch/gen_00577.txt ts=2026-09-17T23:44:44.966238+00:00
 [02908/3000] create simple     /srv/fim-watch/gen_00578.txt ts=2026-09-17T23:44:45.065997+00:00
 [02909/3000] create simple     /srv/fim-watch/critico/gen_00579.txt ts=2026-09-17T23:44:45.166121+00:00
 [02910/3000] modify colapsado  /srv/fim-watch/gen_00385.txt ts=2026-09-17T23:44:45.266312+00:00
 [02911/3000] modify colapsado  /srv/fim-watch/gen_00385.txt ts=2026-09-17T23:44:45.366235+00:00
 [02912/3000] modify colapsado  /srv/fim-watch/gen_00385.txt ts=2026-09-17T23:44:45.466080+00:00
 [02913/3000] modify colapsado  /srv/fim-watch/gen_00385.txt ts=2026-09-17T23:44:45.568108+00:00
 [02914/3000] modify colapsado  /srv/fim-watch/gen_00385.txt ts=2026-09-17T23:44:45.666028+00:00
 [02915/3000] modify simple     /srv/fim-watch/gen_00473.txt ts=2026-09-17T23:44:45.766054+00:00
 [02916/3000] create simple     /srv/fim-watch/gen_00580.txt ts=2026-09-17T23:44:45.866135+00:00
 [02917/3000] modify revertido  /srv/fim-watch/gen_00577.txt ts=2026-09-17T23:44:45.966674+00:00
 [02918/3000] modify revertido  /srv/fim-watch/gen_00577.txt ts=2026-09-17T23:44:46.066605+00:00
 [02919/3000] modify simple     /srv/fim-watch/gen_00570.txt ts=2026-09-17T23:44:46.166424+00:00
 [02920/3000] create simple     /srv/fim-watch/gen_00581.txt ts=2026-09-17T23:44:46.266494+00:00
 [02921/3000] modify colapsado  /srv/fim-watch/critico/gen_00392.txt ts=2026-09-17T23:44:46.366432+00:00
 [02922/3000] modify colapsado  /srv/fim-watch/critico/gen_00392.txt ts=2026-09-17T23:44:46.466518+00:00
 [02923/3000] modify colapsado  /srv/fim-watch/critico/gen_00392.txt ts=2026-09-17T23:44:46.566364+00:00
 [02924/3000] modify colapsado  /srv/fim-watch/critico/gen_00392.txt ts=2026-09-17T23:44:46.666269+00:00
 [02925/3000] modify colapsado  /srv/fim-watch/critico/gen_00392.txt ts=2026-09-17T23:44:46.766616+00:00
 [02926/3000] create simple     /srv/fim-watch/gen_00582.txt ts=2026-09-17T23:44:46.866268+00:00
 [02927/3000] modify simple     /srv/fim-watch/gen_00538.txt ts=2026-09-17T23:44:46.967036+00:00
 [02928/3000] modify simple     /srv/fim-watch/gen_00405.txt ts=2026-09-17T23:44:47.066440+00:00
 [02929/3000] create efimero    /srv/fim-watch/gen_00583.txt ts=2026-09-17T23:44:47.166702+00:00
 [02930/3000] delete efimero    /srv/fim-watch/gen_00583.txt ts=2026-09-17T23:44:47.266628+00:00
 [02931/3000] modify simple     /srv/fim-watch/gen_00436.txt ts=2026-09-17T23:44:47.366800+00:00
 [02932/3000] create simple     /srv/fim-watch/gen_00584.txt ts=2026-09-17T23:44:47.466471+00:00
 [02933/3000] modify simple     /srv/fim-watch/critico/gen_00437.txt ts=2026-09-17T23:44:47.566621+00:00
 [02934/3000] modify simple     /srv/fim-watch/critico/gen_00532.txt ts=2026-09-17T23:44:47.666370+00:00
 [02935/3000] create simple     /srv/fim-watch/gen_00585.txt ts=2026-09-17T23:44:47.766505+00:00
 [02936/3000] modify simple     /srv/fim-watch/gen_00570.txt ts=2026-09-17T23:44:47.866587+00:00
 [02937/3000] create simple     /srv/fim-watch/critico/gen_00586.txt ts=2026-09-17T23:44:47.966350+00:00
 [02938/3000] delete simple     /srv/fim-watch/gen_00259.txt ts=2026-09-17T23:44:48.066312+00:00
 [02939/3000] modify simple     /srv/fim-watch/gen_00421.txt ts=2026-09-17T23:44:48.166586+00:00
 [02940/3000] modify revertido  /srv/fim-watch/critico/gen_00153.txt ts=2026-09-17T23:44:48.266645+00:00
 [02941/3000] modify revertido  /srv/fim-watch/critico/gen_00153.txt ts=2026-09-17T23:44:48.366174+00:00
 [02942/3000] modify simple     /srv/fim-watch/gen_00489.txt ts=2026-09-17T23:44:48.466421+00:00
 [02943/3000] modify revertido  /srv/fim-watch/gen_00356.txt ts=2026-09-17T23:44:48.566457+00:00
 [02944/3000] modify revertido  /srv/fim-watch/gen_00356.txt ts=2026-09-17T23:44:48.666806+00:00
 [02945/3000] create simple     /srv/fim-watch/gen_00587.txt ts=2026-09-17T23:44:48.766525+00:00
 [02946/3000] modify revertido  /srv/fim-watch/gen_00493.txt ts=2026-09-17T23:44:48.866637+00:00
 [02947/3000] modify revertido  /srv/fim-watch/gen_00493.txt ts=2026-09-17T23:44:48.966164+00:00
 [02948/3000] modify simple     /srv/fim-watch/gen_00550.txt ts=2026-09-17T23:44:49.066678+00:00
 [02949/3000] modify simple     /srv/fim-watch/gen_00232.txt ts=2026-09-17T23:44:49.166637+00:00
 [02950/3000] create simple     /srv/fim-watch/gen_00588.txt ts=2026-09-17T23:44:49.266691+00:00
 [02951/3000] modify simple     /srv/fim-watch/gen_00326.txt ts=2026-09-17T23:44:49.366440+00:00
 [02952/3000] modify simple     /srv/fim-watch/gen_00386.txt ts=2026-09-17T23:44:49.466524+00:00
 [02953/3000] modify simple     /srv/fim-watch/gen_00492.txt ts=2026-09-17T23:44:49.566613+00:00
 [02954/3000] create simple     /srv/fim-watch/gen_00589.txt ts=2026-09-17T23:44:49.666334+00:00
 [02955/3000] delete simple     /srv/fim-watch/critico/gen_00342.txt ts=2026-09-17T23:44:49.766534+00:00
 [02956/3000] modify simple     /srv/fim-watch/gen_00519.txt ts=2026-09-17T23:44:49.866594+00:00
 [02957/3000] modify simple     /srv/fim-watch/gen_00125.txt ts=2026-09-17T23:44:49.966822+00:00
 [02958/3000] modify revertido  /srv/fim-watch/critico/gen_00304.txt ts=2026-09-17T23:44:50.066725+00:00
 [02959/3000] modify revertido  /srv/fim-watch/critico/gen_00304.txt ts=2026-09-17T23:44:50.166622+00:00
 [02960/3000] create simple     /srv/fim-watch/gen_00590.txt ts=2026-09-17T23:44:50.266348+00:00
 [02961/3000] modify simple     /srv/fim-watch/gen_00517.txt ts=2026-09-17T23:44:50.366605+00:00
 [02962/3000] modify simple     /srv/fim-watch/critico/gen_00565.txt ts=2026-09-17T23:44:50.466429+00:00
 [02963/3000] create simple     /srv/fim-watch/gen_00591.txt ts=2026-09-17T23:44:50.566677+00:00
 [02964/3000] delete simple     /srv/fim-watch/critico/gen_00345.txt ts=2026-09-17T23:44:50.666522+00:00
 [02965/3000] delete simple     /srv/fim-watch/gen_00521.txt ts=2026-09-17T23:44:50.766533+00:00
 [02966/3000] modify simple     /srv/fim-watch/gen_00546.txt ts=2026-09-17T23:44:50.866034+00:00
 [02967/3000] create simple     /srv/fim-watch/critico/gen_00592.txt ts=2026-09-17T23:44:50.966030+00:00
 [02968/3000] modify simple     /srv/fim-watch/gen_00193.txt ts=2026-09-17T23:44:51.066011+00:00
 [02969/3000] modify simple     /srv/fim-watch/gen_00470.txt ts=2026-09-17T23:44:51.167295+00:00
 [02970/3000] create efimero    /srv/fim-watch/critico/gen_00593.txt ts=2026-09-17T23:44:51.265985+00:00
 [02971/3000] delete efimero    /srv/fim-watch/critico/gen_00593.txt ts=2026-09-17T23:44:51.365989+00:00
 [02972/3000] modify simple     /srv/fim-watch/gen_00223.txt ts=2026-09-17T23:44:51.466065+00:00
 [02973/3000] modify revertido  /srv/fim-watch/gen_00405.txt ts=2026-09-17T23:44:51.566224+00:00
 [02974/3000] modify revertido  /srv/fim-watch/gen_00405.txt ts=2026-09-17T23:44:51.666079+00:00
 [02975/3000] modify simple     /srv/fim-watch/gen_00274.txt ts=2026-09-17T23:44:51.766076+00:00
 [02976/3000] create simple     /srv/fim-watch/gen_00594.txt ts=2026-09-17T23:44:51.866357+00:00
 [02977/3000] modify simple     /srv/fim-watch/gen_00469.txt ts=2026-09-17T23:44:51.966678+00:00
 [02978/3000] create simple     /srv/fim-watch/gen_00595.txt ts=2026-09-17T23:44:52.066688+00:00
 [02979/3000] modify revertido  /srv/fim-watch/gen_00358.txt ts=2026-09-17T23:44:52.166604+00:00
 [02980/3000] modify revertido  /srv/fim-watch/gen_00358.txt ts=2026-09-17T23:44:52.266445+00:00
 [02981/3000] modify simple     /srv/fim-watch/gen_00062.txt ts=2026-09-17T23:44:52.366435+00:00
 [02982/3000] modify revertido  /srv/fim-watch/critico/gen_00574.txt ts=2026-09-17T23:44:52.466235+00:00
 [02983/3000] modify revertido  /srv/fim-watch/critico/gen_00574.txt ts=2026-09-17T23:44:52.566597+00:00
 [02984/3000] modify simple     /srv/fim-watch/gen_00569.txt ts=2026-09-17T23:44:52.666565+00:00
 [02985/3000] modify simple     /srv/fim-watch/gen_00352.txt ts=2026-09-17T23:44:52.766939+00:00
 [02986/3000] create simple     /srv/fim-watch/critico/gen_00596.txt ts=2026-09-17T23:44:52.866240+00:00
 [02987/3000] create simple     /srv/fim-watch/gen_00597.txt ts=2026-09-17T23:44:52.966351+00:00
 [02988/3000] modify simple     /srv/fim-watch/gen_00448.txt ts=2026-09-17T23:44:53.066607+00:00
 [02989/3000] modify simple     /srv/fim-watch/critico/gen_00304.txt ts=2026-09-17T23:44:53.166434+00:00
 [02990/3000] modify simple     /srv/fim-watch/gen_00290.txt ts=2026-09-17T23:44:53.266681+00:00
 [02991/3000] modify simple     /srv/fim-watch/critico/gen_00398.txt ts=2026-09-17T23:44:53.366842+00:00
 [02992/3000] modify simple     /srv/fim-watch/critico/gen_00262.txt ts=2026-09-17T23:44:53.466436+00:00
 [02993/3000] create simple     /srv/fim-watch/gen_00598.txt ts=2026-09-17T23:44:53.566699+00:00
 [02994/3000] create efimero    /srv/fim-watch/critico/gen_00599.txt ts=2026-09-17T23:44:53.666569+00:00
 [02995/3000] delete efimero    /srv/fim-watch/critico/gen_00599.txt ts=2026-09-17T23:44:53.766346+00:00
 [02996/3000] delete simple     /srv/fim-watch/gen_00356.txt ts=2026-09-17T23:44:53.866220+00:00
 [02997/3000] modify simple     /srv/fim-watch/gen_00418.txt ts=2026-09-17T23:44:53.966238+00:00
 [02998/3000] delete simple     /srv/fim-watch/gen_00179.txt ts=2026-09-17T23:44:54.066511+00:00
 [02999/3000] modify simple     /srv/fim-watch/gen_00403.txt ts=2026-09-17T23:44:54.166439+00:00
 [03000/3000] create simple     /srv/fim-watch/gen_00600.txt ts=2026-09-17T23:44:54.266635+00:00
========================================================================
fin_utc = 2026-09-17T23:44:54.267012+00:00  duracion_s = 299.901
cambios_registrados = 3000  errores = 0
manifiesto = /srv/evidencia/bateria5_nominal_manifiesto.json
manifiesto incremental = /srv/evidencia/bateria5_nominal_manifiesto.jsonl
========================================================================
[2026-09-17T23:44:55.95993271Z] generator finished; queue+discarded=2957 0
[2026-09-17T23:44:55.102322316Z] --- phase 3: reconnect the backend and time the drain ---
[2026-09-17T23:44:56.661484022Z] backend up (t0); valkey_6380=1
[2026-09-17T23:45:59.59725317Z] progress: events=135 queue=2792 discarded=41
[2026-09-17T23:47:06.312828193Z] progress: events=300 queue=2616 discarded=41
[2026-09-17T23:48:13.889939420Z] progress: events=400 queue=2516 discarded=41
[2026-09-17T23:49:21.802665036Z] progress: events=500 queue=2417 discarded=41
[2026-09-17T23:50:29.133335074Z] progress: events=600 queue=2316 discarded=41
[2026-09-17T23:51:38.28605147Z] progress: events=700 queue=2216 discarded=41
[2026-09-17T23:52:45.863703816Z] progress: events=800 queue=2116 discarded=41
[2026-09-17T23:53:53.300984968Z] progress: events=900 queue=2016 discarded=41
[2026-09-17T23:55:01.415640399Z] progress: events=1000 queue=1916 discarded=41
[2026-09-17T23:56:08.803863033Z] progress: events=1100 queue=1816 discarded=41
[2026-09-17T23:57:16.942436Z] progress: events=1200 queue=1716 discarded=41
[2026-09-17T23:58:23.674559593Z] progress: events=1300 queue=1616 discarded=41
[2026-09-17T23:59:31.41567065Z] progress: events=1400 queue=1516 discarded=41
[2026-09-18T00:00:38.558542682Z] progress: events=1500 queue=1416 discarded=41
[2026-09-18T00:01:45.899226940Z] progress: events=1700 queue=1217 discarded=41
[2026-09-18T00:02:53.17872472Z] progress: events=1800 queue=1116 discarded=41
[2026-09-18T00:04:00.98517633Z] progress: events=1900 queue=1016 discarded=41
[2026-09-18T00:05:07.324993505Z] progress: events=2000 queue=916 discarded=41
[2026-09-18T00:06:14.498298790Z] progress: events=2100 queue=457 discarded=400
[2026-09-18T00:06:59.628444923Z] DRAIN COMPLETE: events=2100 queue=0 discarded=857
[2026-09-18T00:06:59.646491906Z] drain_duration_s=1323.016385556
[2026-09-18T00:06:59.655407229Z] throughput_ev_s=1.5872
[2026-09-18T00:06:59.661371751Z] delivered_of_3000=2100 discarded=857
[2026-09-18T00:06:59.668047373Z] --- summary ---
[2026-09-18T00:07:00.194391264Z] final: events=2100 queue+discarded=0 857
 events | unique_events 
--------+---------------
   2100 |          2100
(1 row)

    reason    | count 
--------------+-------
 rate_limited | 40461
 clock_skew   |    41
(2 rows)

[2026-09-18T00:07:00.549992776Z] === end ===
