event_id,path,event_type,status,severity,detected_at,received_at
08695f22-5136-401e-a330-e39222e75565,/srv/fim-watch/gen_00004.txt,file_modified,alert_only,high,2026-09-17 23:39:58.467381+00,2026-09-17 23:44:58.40862+00
9e563afa-bb91-4003-a9a0-230a1d4a9d6e,/srv/fim-watch/gen_00004.txt,file_modified,alert_only,high,2026-09-17 23:39:58.567151+00,2026-09-17 23:44:58.424561+00
9fa07c31-eaec-4859-9298-a8b3868e174e,/srv/fim-watch/gen_00004.txt,file_modified,alert_only,high,2026-09-17 23:39:58.667142+00,2026-09-17 23:44:58.451087+00
b4660e37-b185-4000-9a8b-8b6907debe2f,/srv/fim-watch/gen_00004.txt,file_modified,alert_only,high,2026-09-17 23:39:58.767403+00,2026-09-17 23:44:58.470289+00
c28e791f-3f03-4c99-ab8e-f36db15ad8ec,/srv/fim-watch/gen_00004.txt,file_modified,alert_only,high,2026-09-17 23:39:58.867398+00,2026-09-17 23:44:58.489065+00
5a039664-a0ce-490d-84b1-e73c40d59abd,/srv/fim-watch/gen_00004.txt,file_modified,alert_only,high,2026-09-17 23:39:58.967391+00,2026-09-17 23:44:58.508925+00
a8022afa-9941-4c5b-9e0b-1cdffe7149b4,/srv/fim-watch/gen_00011.txt,file_modified,alert_only,high,2026-09-17 23:39:59.066465+00,2026-09-17 23:44:58.522981+00
1c4e7dcf-d3a6-49ef-9ac9-bcd44beae7bb,/srv/fim-watch/gen_00012.txt,file_modified,alert_only,high,2026-09-17 23:39:59.166963+00,2026-09-17 23:44:58.537891+00
2231a1a8-a3b4-4df9-8d9a-8e53298a4c57,/srv/fim-watch/gen_00007.txt,file_modified,alert_only,high,2026-09-17 23:39:59.267447+00,2026-09-17 23:44:58.554049+00
26f4d3cd-5b13-4852-af10-1fff9f9c54c0,/srv/fim-watch/gen_00007.txt,file_modified,alert_only,high,2026-09-17 23:39:59.367161+00,2026-09-17 23:44:58.578541+00
0d4e85bf-13bc-4756-8cd1-bfa91f18b258,/srv/fim-watch/gen_00007.txt,file_modified,alert_only,high,2026-09-17 23:39:59.467102+00,2026-09-17 23:44:58.584472+00
46cd92d6-a865-4a75-81ae-b46191601081,/srv/fim-watch/gen_00007.txt,file_modified,alert_only,high,2026-09-17 23:39:59.567083+00,2026-09-17 23:44:58.601179+00
aba4f0b8-8af8-4c79-9fcd-f7570ce42695,/srv/fim-watch/gen_00007.txt,file_modified,alert_only,high,2026-09-17 23:39:59.667035+00,2026-09-17 23:44:58.615594+00
5fccdd7e-9324-4f25-964e-00109f398d94,/srv/fim-watch/gen_00010.txt,file_modified,alert_only,high,2026-09-17 23:39:59.767268+00,2026-09-17 23:44:58.630171+00
7f852383-31f9-4ad5-9d5c-683e74905b35,/srv/fim-watch/gen_00007.txt,file_deleted,alert_only,high,2026-09-17 23:39:59.867592+00,2026-09-17 23:44:58.646233+00
8c65c6d4-486e-4ed7-b674-bb2a0e0f4c0a,/srv/fim-watch/gen_00012.txt,file_deleted,alert_only,high,2026-09-17 23:39:59.967073+00,2026-09-17 23:44:58.663464+00
db3c1e71-1660-4c24-a428-f3593d5eec1c,/srv/fim-watch/gen_00013.txt,file_modified,alert_only,high,2026-09-17 23:40:00.067293+00,2026-09-17 23:44:58.680604+00
cb26fe22-a090-43d8-987a-41ffd9538aca,/srv/fim-watch/gen_00013.txt,file_modified,alert_only,high,2026-09-17 23:40:00.167214+00,2026-09-17 23:44:58.695529+00
6bb7c31e-da7f-4e85-920c-d33119268f04,/srv/fim-watch/gen_00013.txt,file_modified,alert_only,high,2026-09-17 23:40:00.26694+00,2026-09-17 23:44:58.710952+00
d9142b20-6411-4ae4-983f-593a8e330258,/srv/fim-watch/gen_00010.txt,file_modified,alert_only,high,2026-09-17 23:40:00.367186+00,2026-09-17 23:44:58.729394+00
65627eae-bf0d-47d5-b3af-2e388dc62ebd,/srv/fim-watch/gen_00011.txt,file_modified,alert_only,high,2026-09-17 23:40:00.467142+00,2026-09-17 23:44:58.751298+00
9a130252-7e5c-4be3-a229-c268afb22053,/srv/fim-watch/gen_00014.txt,file_modified,alert_only,high,2026-09-17 23:40:00.567+00,2026-09-17 23:44:58.766613+00
8d2daa90-3996-4508-a465-a802ce7f67b0,/srv/fim-watch/gen_00011.txt,file_modified,alert_only,high,2026-09-17 23:40:00.667013+00,2026-09-17 23:44:58.780732+00
0995688f-8f73-425f-85f8-20a6fc719ea7,/srv/fim-watch/gen_00006.txt,file_modified,alert_only,high,2026-09-17 23:40:00.767281+00,2026-09-17 23:44:58.794937+00
0a39dfc0-41e2-4f5c-ba79-caec4fdbaa6c,/srv/fim-watch/gen_00008.txt,file_modified,alert_only,high,2026-09-17 23:40:00.867049+00,2026-09-17 23:44:58.809452+00
1d9e0d30-103a-4f62-ad9b-cd30668cb956,/srv/fim-watch/gen_00011.txt,file_modified,alert_only,high,2026-09-17 23:40:00.966966+00,2026-09-17 23:44:58.824361+00
cb0eb0d7-ab17-485d-bef4-a47a66c2e478,/srv/fim-watch/gen_00011.txt,file_modified,alert_only,high,2026-09-17 23:40:01.066984+00,2026-09-17 23:44:58.83889+00
ebb3c9db-8d36-4e2c-9bfe-3a5a336bf7ae,/srv/fim-watch/gen_00004.txt,file_modified,alert_only,high,2026-09-17 23:40:01.167247+00,2026-09-17 23:44:58.85352+00
48f749ce-5868-4063-99ca-2504da260995,/srv/fim-watch/gen_00004.txt,file_modified,alert_only,high,2026-09-17 23:40:01.267022+00,2026-09-17 23:44:58.869849+00
f3006ea1-8437-4b72-8e81-ed55d4308c71,/srv/fim-watch/gen_00010.txt,file_modified,alert_only,high,2026-09-17 23:40:01.367266+00,2026-09-17 23:44:58.886159+00
6e04c261-ce2b-43af-b82e-3705e20da091,/srv/fim-watch/gen_00013.txt,file_modified,alert_only,high,2026-09-17 23:40:01.467149+00,2026-09-17 23:44:58.902122+00
20750b38-ebc6-4474-8a4d-c1cbb3f765ba,/srv/fim-watch/gen_00013.txt,file_modified,alert_only,high,2026-09-17 23:40:01.567217+00,2026-09-17 23:44:58.921266+00
aa71e377-2c27-4389-9637-1935352e2260,/srv/fim-watch/gen_00015.txt,file_modified,alert_only,high,2026-09-17 23:40:01.667183+00,2026-09-17 23:44:58.94495+00
3281e434-4a24-4270-b166-464c5dcdc412,/srv/fim-watch/gen_00016.txt,file_modified,alert_only,high,2026-09-17 23:40:01.767226+00,2026-09-17 23:44:58.960143+00
2fc94b79-6ad7-4a9f-ad57-4642998d6b1f,/srv/fim-watch/gen_00014.txt,file_modified,alert_only,high,2026-09-17 23:40:01.867611+00,2026-09-17 23:44:58.974834+00
503be0c3-0141-4f6b-9949-0ec81ce1ca17,/srv/fim-watch/gen_00014.txt,file_modified,alert_only,high,2026-09-17 23:40:01.967121+00,2026-09-17 23:44:58.989126+00
4886d545-6cdb-4710-bc6d-0510253cf77b,/srv/fim-watch/gen_00014.txt,file_modified,alert_only,high,2026-09-17 23:40:02.066536+00,2026-09-17 23:44:59.007133+00
399edc60-8f9d-4dc8-b8dd-0b1fd4bdad52,/srv/fim-watch/gen_00004.txt,file_modified,alert_only,high,2026-09-17 23:40:02.166922+00,2026-09-17 23:44:59.033855+00
7759871b-9f9a-4c60-8cb8-8562e0c6fa5b,/srv/fim-watch/gen_00004.txt,file_deleted,alert_only,high,2026-09-17 23:40:02.26676+00,2026-09-17 23:44:59.051865+00
fcc59383-8788-4084-86fb-4cc7694303d0,/srv/fim-watch/gen_00014.txt,file_deleted,alert_only,high,2026-09-17 23:40:02.366503+00,2026-09-17 23:44:59.070859+00
44d44b20-6875-4e87-a629-76001c78a033,/srv/fim-watch/gen_00016.txt,file_modified,alert_only,high,2026-09-17 23:40:02.467046+00,2026-09-17 23:44:59.088174+00
c6c886e9-df27-4763-b04d-8d608cbf16d9,/srv/fim-watch/gen_00015.txt,file_modified,alert_only,high,2026-09-17 23:40:02.567666+00,2026-09-17 23:44:59.10089+00
841bdec6-c7bd-4b22-9c36-de496e034375,/srv/fim-watch/gen_00015.txt,file_modified,alert_only,high,2026-09-17 23:40:02.667186+00,2026-09-17 23:44:59.113347+00
a23fa268-3ab9-4ad8-bdc4-aea02ade948b,/srv/fim-watch/gen_00017.txt,file_modified,alert_only,high,2026-09-17 23:40:02.767171+00,2026-09-17 23:44:59.127217+00
93626bc8-7d82-4b53-a06d-9ed095b6edae,/srv/fim-watch/gen_00017.txt,file_deleted,alert_only,high,2026-09-17 23:40:02.867105+00,2026-09-17 23:44:59.141272+00
d51edd54-b7e8-457f-b56f-27062dccd4cf,/srv/fim-watch/gen_00006.txt,file_modified,alert_only,high,2026-09-17 23:40:02.967442+00,2026-09-17 23:44:59.157561+00
7785ae39-1b0f-43eb-ad88-d83e93745a1e,/srv/fim-watch/gen_00006.txt,file_modified,alert_only,high,2026-09-17 23:40:03.067346+00,2026-09-17 23:44:59.171363+00
1c232c11-a965-493f-9743-b91e81733dd5,/srv/fim-watch/gen_00015.txt,file_modified,alert_only,high,2026-09-17 23:40:03.166616+00,2026-09-17 23:44:59.185094+00
0c0670fc-b3c5-4ddd-be6c-d3573ab1f572,/srv/fim-watch/gen_00016.txt,file_modified,alert_only,high,2026-09-17 23:40:03.267085+00,2026-09-17 23:44:59.198813+00
07e8681f-13f8-4e29-aef7-c30a7eadf8ac,/srv/fim-watch/gen_00016.txt,file_modified,alert_only,high,2026-09-17 23:40:03.367262+00,2026-09-17 23:44:59.212372+00
0b3049f4-0ea1-4af1-b602-e7a61a2c8e18,/srv/fim-watch/gen_00018.txt,file_modified,alert_only,high,2026-09-17 23:40:03.46717+00,2026-09-17 23:44:59.225651+00
9d701ea9-08a1-4871-80a7-615c3b527fa8,/srv/fim-watch/gen_00008.txt,file_modified,alert_only,high,2026-09-17 23:40:03.567479+00,2026-09-17 23:44:59.239911+00
c18fbca0-89c3-4e40-a3ef-33dbb2bb1c45,/srv/fim-watch/gen_00008.txt,file_modified,alert_only,high,2026-09-17 23:40:03.667357+00,2026-09-17 23:44:59.255945+00
71ecb292-8ba7-4ae4-8023-755f2ce0f086,/srv/fim-watch/gen_00008.txt,file_modified,alert_only,high,2026-09-17 23:40:03.767057+00,2026-09-17 23:44:59.270098+00
798707cc-3724-4743-bb98-767caebf953e,/srv/fim-watch/gen_00008.txt,file_modified,alert_only,high,2026-09-17 23:40:03.867274+00,2026-09-17 23:44:59.284021+00
aec93b0e-55d3-4986-bea1-59db2e0beafe,/srv/fim-watch/gen_00008.txt,file_modified,alert_only,high,2026-09-17 23:40:03.967434+00,2026-09-17 23:44:59.29811+00
b86983b1-1648-470c-9a95-70a1011b2bfd,/srv/fim-watch/gen_00011.txt,file_modified,alert_only,high,2026-09-17 23:40:04.06712+00,2026-09-17 23:44:59.312572+00
18f8c872-d344-40e5-ade7-90e12cf87ffc,/srv/fim-watch/gen_00013.txt,file_modified,alert_only,high,2026-09-17 23:40:04.166554+00,2026-09-17 23:44:59.326729+00
b3c6e62f-7e5b-47b0-ba93-b0e0f6aed57c,/srv/fim-watch/gen_00013.txt,file_modified,alert_only,high,2026-09-17 23:40:04.267139+00,2026-09-17 23:44:59.340469+00
65a3208f-60cf-4de4-9709-5077639422a3,/srv/fim-watch/gen_00013.txt,file_modified,alert_only,high,2026-09-17 23:40:04.367079+00,2026-09-17 23:44:59.370974+00
ab6ff214-9c6d-44d0-b3a4-a2806307d4be,/srv/fim-watch/gen_00013.txt,file_modified,alert_only,high,2026-09-17 23:40:04.467301+00,2026-09-17 23:44:59.376707+00
2c9f474e-bb32-4151-b492-75af8da408ed,/srv/fim-watch/gen_00013.txt,file_modified,alert_only,high,2026-09-17 23:40:04.567635+00,2026-09-17 23:44:59.390467+00
8a95e384-74e4-419c-8419-7564081d5909,/srv/fim-watch/gen_00013.txt,file_modified,alert_only,high,2026-09-17 23:40:04.667042+00,2026-09-17 23:44:59.40441+00
1b5d165a-b5cf-4b1a-92e3-5e6592e45b9f,/srv/fim-watch/gen_00019.txt,file_modified,alert_only,high,2026-09-17 23:40:04.767239+00,2026-09-17 23:44:59.417709+00
aa3cb340-2b6b-4ac2-9689-af3af34e4053,/srv/fim-watch/gen_00008.txt,file_deleted,alert_only,high,2026-09-17 23:40:04.867051+00,2026-09-17 23:44:59.432981+00
186c83e3-25f1-4c06-905c-239e49de958d,/srv/fim-watch/gen_00020.txt,file_modified,alert_only,high,2026-09-17 23:40:04.967458+00,2026-09-17 23:44:59.45016+00
fdb2e467-55b2-4d7a-bca8-093be7a8c089,/srv/fim-watch/gen_00018.txt,file_modified,alert_only,high,2026-09-17 23:40:05.067677+00,2026-09-17 23:44:59.467345+00
db9ea837-e3a4-4792-b12e-f8cd69115841,/srv/fim-watch/gen_00018.txt,file_modified,alert_only,high,2026-09-17 23:40:05.167118+00,2026-09-17 23:44:59.480763+00
7aeeafe4-1952-4cfb-9936-7f51cd8bfdbb,/srv/fim-watch/gen_00020.txt,file_modified,alert_only,high,2026-09-17 23:40:05.266678+00,2026-09-17 23:44:59.494513+00
7104b708-845e-47d1-94b6-75461045a79e,/srv/fim-watch/gen_00018.txt,file_modified,alert_only,high,2026-09-17 23:40:05.366898+00,2026-09-17 23:44:59.511934+00
5a365bd4-065f-49e9-abcb-6e7b62c256d7,/srv/fim-watch/gen_00015.txt,file_modified,alert_only,high,2026-09-17 23:40:05.467172+00,2026-09-17 23:44:59.53001+00
30e37e49-dbd2-4ddb-97e3-cf4ed3a254bb,/srv/fim-watch/gen_00010.txt,file_deleted,alert_only,high,2026-09-17 23:40:05.567436+00,2026-09-17 23:44:59.547236+00
e4ad174a-dfa6-4188-ac19-953eb5da7987,/srv/fim-watch/gen_00013.txt,file_modified,alert_only,high,2026-09-17 23:40:05.666702+00,2026-09-17 23:44:59.562551+00
410521bd-25ee-4fb7-8c44-85357c3fcd2c,/srv/fim-watch/gen_00013.txt,file_modified,alert_only,high,2026-09-17 23:40:05.767843+00,2026-09-17 23:44:59.576003+00
96f4ff54-4b34-4d11-92cf-bf089e0d4b98,/srv/fim-watch/gen_00021.txt,file_modified,alert_only,high,2026-09-17 23:40:05.866965+00,2026-09-17 23:44:59.589368+00
bada56dc-79ce-49df-981f-ff5750b10d70,/srv/fim-watch/gen_00011.txt,file_modified,alert_only,high,2026-09-17 23:40:05.967146+00,2026-09-17 23:44:59.602391+00
a5d20ecb-ddbf-4c6d-9278-3cfcaac74038,/srv/fim-watch/gen_00021.txt,file_modified,alert_only,high,2026-09-17 23:40:06.066962+00,2026-09-17 23:44:59.615934+00
025a3933-1f7d-44bb-b084-0141f365e27b,/srv/fim-watch/gen_00021.txt,file_deleted,alert_only,high,2026-09-17 23:40:06.167034+00,2026-09-17 23:44:59.629178+00
7f64d104-4480-4364-ae26-57334a004fad,/srv/fim-watch/gen_00022.txt,file_modified,alert_only,high,2026-09-17 23:40:06.267216+00,2026-09-17 23:44:59.643912+00
8c34d6f1-f340-4e83-9a10-0433ab2ba0fd,/srv/fim-watch/critico/gen_00023.txt,file_modified,alert_only,critical,2026-09-17 23:40:06.367149+00,2026-09-17 23:44:59.659108+00
f134f0cc-5221-4618-a381-c74b2aead64a,/srv/fim-watch/gen_00022.txt,file_modified,alert_only,high,2026-09-17 23:40:06.467066+00,2026-09-17 23:44:59.67314+00
40fbcdd6-5a23-4a47-9d84-763dd60c9929,/srv/fim-watch/gen_00022.txt,file_modified,alert_only,high,2026-09-17 23:40:06.567532+00,2026-09-17 23:44:59.687038+00
f601288b-74b2-4d4e-b788-8507f7e0f184,/srv/fim-watch/gen_00022.txt,file_modified,alert_only,high,2026-09-17 23:40:06.667052+00,2026-09-17 23:44:59.700979+00
525d0668-8596-496c-9cb8-510b1ed4d40c,/srv/fim-watch/gen_00022.txt,file_modified,alert_only,high,2026-09-17 23:40:06.76752+00,2026-09-17 23:44:59.715179+00
b564b4f3-311c-4908-8e93-19a92bfdb5f3,/srv/fim-watch/gen_00022.txt,file_modified,alert_only,high,2026-09-17 23:40:06.867033+00,2026-09-17 23:44:59.730362+00
d4f7bc29-2c62-4bc0-ad48-eb51d6c82b1f,/srv/fim-watch/gen_00011.txt,file_modified,alert_only,high,2026-09-17 23:40:06.967226+00,2026-09-17 23:44:59.745779+00
e7a4bc57-d09a-40c8-86dd-dae7ef79d3fd,/srv/fim-watch/gen_00020.txt,file_modified,alert_only,high,2026-09-17 23:40:07.067433+00,2026-09-17 23:44:59.763175+00
903f17d2-3c00-4eb9-b595-c62dff3f5eeb,/srv/fim-watch/gen_00015.txt,file_modified,alert_only,high,2026-09-17 23:40:07.167021+00,2026-09-17 23:44:59.778705+00
745a9596-353a-4441-b3d2-b7ecc4e233e6,/srv/fim-watch/gen_00020.txt,file_modified,alert_only,high,2026-09-17 23:40:07.26682+00,2026-09-17 23:44:59.793567+00
47ee14d8-ebab-4034-b739-40a9cca9e70e,/srv/fim-watch/gen_00006.txt,file_modified,alert_only,high,2026-09-17 23:40:07.367672+00,2026-09-17 23:44:59.810362+00
ad0f53a9-f38d-4e41-910d-2a90fda735d7,/srv/fim-watch/critico/gen_00023.txt,file_modified,alert_only,critical,2026-09-17 23:40:07.467179+00,2026-09-17 23:44:59.827216+00
08ca5b72-0a2f-4cf8-ae6e-518aabb43fea,/srv/fim-watch/gen_00018.txt,file_modified,alert_only,high,2026-09-17 23:40:07.567349+00,2026-09-17 23:44:59.843286+00
79d41e1a-95b0-4ae0-a4da-ffee0ae63a8d,/srv/fim-watch/gen_00011.txt,file_modified,alert_only,high,2026-09-17 23:40:07.667079+00,2026-09-17 23:44:59.858874+00
c114adb3-2fc5-4db3-9d50-93451aa5e0bc,/srv/fim-watch/gen_00016.txt,file_modified,alert_only,high,2026-09-17 23:40:07.767416+00,2026-09-17 23:44:59.875016+00
a3defc99-549a-4100-bd5d-265cda8cf4dd,/srv/fim-watch/gen_00024.txt,file_modified,alert_only,high,2026-09-17 23:40:07.86695+00,2026-09-17 23:44:59.89078+00
a14780ab-b055-42a3-afd6-7c017b6dcf7c,/srv/fim-watch/gen_00011.txt,file_modified,alert_only,high,2026-09-17 23:40:07.967062+00,2026-09-17 23:44:59.905563+00
eba23b14-c861-4cf5-b37c-e1790fe993af,/srv/fim-watch/gen_00018.txt,file_modified,alert_only,high,2026-09-17 23:40:08.067349+00,2026-09-17 23:44:59.920977+00
3f03b2ab-fe23-4f7f-b1a6-f21de971102f,/srv/fim-watch/critico/gen_00025.txt,file_modified,alert_only,critical,2026-09-17 23:40:08.166998+00,2026-09-17 23:44:59.936143+00
263f6a28-842a-458d-aae0-82b37be14b7e,/srv/fim-watch/gen_00018.txt,file_modified,alert_only,high,2026-09-17 23:40:08.267588+00,2026-09-17 23:44:59.951475+00
3d22d707-5044-42c1-a611-fffe91191d7d,/srv/fim-watch/gen_00026.txt,file_modified,alert_only,high,2026-09-17 23:40:08.367569+00,2026-09-17 23:44:59.966052+00
86b832ef-cc36-4667-b936-e87c836a9974,/srv/fim-watch/critico/gen_00081.txt,file_modified,alert_only,critical,2026-09-17 23:40:41.668186+00,2026-09-17 23:45:58.415019+00
1e4a8788-ee65-4c6a-b1d4-50902bc550e1,/srv/fim-watch/critico/gen_00081.txt,file_modified,alert_only,critical,2026-09-17 23:40:41.767404+00,2026-09-17 23:45:58.427367+00
18287677-b555-4100-b3a0-6e46b4bad625,/srv/fim-watch/critico/gen_00081.txt,file_modified,alert_only,critical,2026-09-17 23:40:41.867489+00,2026-09-17 23:45:58.451665+00
33a3ee1d-9c62-4809-9a9d-927761833b10,/srv/fim-watch/gen_00045.txt,file_deleted,alert_only,high,2026-09-17 23:40:41.967467+00,2026-09-17 23:45:58.472639+00
4cc5c3c2-d1e7-4758-a4ff-af60cdc0ac19,/srv/fim-watch/gen_00013.txt,file_deleted,alert_only,high,2026-09-17 23:40:42.068016+00,2026-09-17 23:45:58.494244+00
24ec6794-0968-4206-a57b-829412d9634b,/srv/fim-watch/critico/gen_00592.txt,file_created,alert_only,critical,2026-09-17 23:44:50.966243+00,2026-09-17 23:45:58.517385+00
38b850d9-bbb9-468e-b6e9-c4fea2c18aa7,/srv/fim-watch/critico/gen_00091.txt,file_modified,alert_only,critical,2026-09-17 23:40:42.167593+00,2026-09-17 23:45:58.538177+00
a581b516-8bf7-4093-bbe9-7eab14f381d0,/srv/fim-watch/gen_00033.txt,file_modified,alert_only,high,2026-09-17 23:40:42.266957+00,2026-09-17 23:45:58.557937+00
29ef2305-1a25-493c-86bf-3bd869d57137,/srv/fim-watch/gen_00040.txt,file_modified,alert_only,high,2026-09-17 23:40:42.368114+00,2026-09-17 23:45:58.575578+00
71ad4345-0e22-46eb-bd7f-c032fb60980b,/srv/fim-watch/gen_00057.txt,file_modified,alert_only,high,2026-09-17 23:40:42.468138+00,2026-09-17 23:45:58.593947+00
3ab1566a-88ba-403c-a63c-7653246747cb,/srv/fim-watch/gen_00040.txt,file_modified,alert_only,high,2026-09-17 23:40:42.56741+00,2026-09-17 23:45:58.611497+00
c2fa2b7e-edee-4cd7-ae33-7f226cc80f37,/srv/fim-watch/gen_00054.txt,file_modified,alert_only,high,2026-09-17 23:40:42.6679+00,2026-09-17 23:45:58.630254+00
c93569bb-2be5-468a-a001-b7f7ed39f2ff,/srv/fim-watch/gen_00054.txt,file_modified,alert_only,high,2026-09-17 23:40:42.767424+00,2026-09-17 23:45:58.648971+00
ae1b43e2-9caf-461d-b8f8-badcf9cc2ea3,/srv/fim-watch/gen_00054.txt,file_modified,alert_only,high,2026-09-17 23:40:42.866841+00,2026-09-17 23:45:58.667893+00
e20352ee-ffd8-4064-a840-771a8cba1c88,/srv/fim-watch/gen_00054.txt,file_modified,alert_only,high,2026-09-17 23:40:42.967931+00,2026-09-17 23:45:58.684272+00
93074028-1480-439d-bca5-de9e7a9da815,/srv/fim-watch/gen_00054.txt,file_modified,alert_only,high,2026-09-17 23:40:43.067996+00,2026-09-17 23:45:58.698133+00
5db54b1a-5cfd-4d19-a4f3-61c94899cc8a,/srv/fim-watch/gen_00092.txt,file_modified,alert_only,high,2026-09-17 23:40:43.167483+00,2026-09-17 23:45:58.711987+00
48d7ad05-97f9-490b-a28f-19a230eb7a69,/srv/fim-watch/critico/gen_00087.txt,file_deleted,alert_only,critical,2026-09-17 23:40:43.267334+00,2026-09-17 23:45:58.725264+00
4f635c7c-6cd6-459e-b3de-0f316f2f0c53,/srv/fim-watch/gen_00070.txt,file_modified,alert_only,high,2026-09-17 23:40:43.36741+00,2026-09-17 23:45:58.739399+00
b1074ac5-42ce-49e1-89eb-26958b1e85de,/srv/fim-watch/gen_00070.txt,file_modified,alert_only,high,2026-09-17 23:40:43.467703+00,2026-09-17 23:45:58.752286+00
84c3df00-05c0-441d-954b-40b890ff16d6,/srv/fim-watch/gen_00093.txt,file_modified,alert_only,high,2026-09-17 23:40:43.567837+00,2026-09-17 23:45:58.764654+00
7909e743-262c-4174-bae4-df39460a96e6,/srv/fim-watch/critico/gen_00047.txt,file_modified,alert_only,critical,2026-09-17 23:40:43.667408+00,2026-09-17 23:45:58.7773+00
f7d33282-3cfa-4f67-b028-9269791ff5d2,/srv/fim-watch/critico/gen_00094.txt,file_modified,alert_only,critical,2026-09-17 23:40:43.767385+00,2026-09-17 23:45:58.790364+00
41a743c3-d8e5-4bec-825f-940c0e811197,/srv/fim-watch/gen_00096.txt,file_modified,alert_only,high,2026-09-17 23:41:39.667311+00,2026-09-17 23:45:58.804021+00
6b5c58b1-983b-4caf-8d0c-68ae5c2ddfee,/srv/fim-watch/gen_00103.txt,file_modified,alert_only,high,2026-09-17 23:41:39.767454+00,2026-09-17 23:45:58.819376+00
2565f090-00d5-48e5-8202-27499d7bbea6,/srv/fim-watch/critico/gen_00183.txt,file_modified,alert_only,critical,2026-09-17 23:41:39.867256+00,2026-09-17 23:45:58.835104+00
077a3a52-ef79-4e4d-a02f-82c8ae4886c2,/srv/fim-watch/gen_00154.txt,file_deleted,alert_only,high,2026-09-17 23:41:39.966546+00,2026-09-17 23:45:58.849267+00
4baf38f1-66ce-4675-9dfd-fbd18cfbf56a,/srv/fim-watch/gen_00170.txt,file_modified,alert_only,high,2026-09-17 23:41:40.067584+00,2026-09-17 23:45:58.862414+00
979c5be2-b966-4fda-b051-f158e81197c3,/srv/fim-watch/gen_00170.txt,file_modified,alert_only,high,2026-09-17 23:41:40.16739+00,2026-09-17 23:45:58.876072+00
8e22beeb-43f3-4ba8-9d55-54d6fe45d57f,/srv/fim-watch/gen_00193.txt,file_modified,alert_only,high,2026-09-17 23:44:51.066392+00,2026-09-17 23:45:58.890418+00
b43abab3-138b-4631-bb40-2f19d13d0f57,/srv/fim-watch/critico/gen_00037.txt,file_modified,alert_only,critical,2026-09-17 23:41:40.267339+00,2026-09-17 23:45:58.904019+00
f65c9366-86ab-4ac5-8eb8-cfbba670a96a,/srv/fim-watch/gen_00197.txt,file_modified,alert_only,high,2026-09-17 23:41:40.466953+00,2026-09-17 23:45:58.937788+00
b79fdb1b-a7b8-4724-9224-f47e280d1d95,/srv/fim-watch/gen_00197.txt,file_deleted,alert_only,high,2026-09-17 23:41:40.567203+00,2026-09-17 23:45:58.944837+00
bfa2c177-0712-42eb-b48a-87d9e7e35418,/srv/fim-watch/gen_00126.txt,file_modified,alert_only,high,2026-09-17 23:41:40.767066+00,2026-09-17 23:45:58.97333+00
84ff7cd5-686c-459f-89ee-c5dfe2795e37,/srv/fim-watch/gen_00106.txt,file_modified,alert_only,high,2026-09-17 23:41:40.867253+00,2026-09-17 23:45:58.980808+00
a3ed710e-28f2-43d7-851c-1107bf6a723e,/srv/fim-watch/gen_00049.txt,file_modified,alert_only,high,2026-09-17 23:41:40.966614+00,2026-09-17 23:45:59.004166+00
2afa58ae-4af8-46ef-8f21-518a02e54d0f,/srv/fim-watch/gen_00049.txt,file_modified,alert_only,high,2026-09-17 23:41:41.066747+00,2026-09-17 23:45:59.030469+00
f33a8e0c-04c7-4135-8fe7-320dfde8d97e,/srv/fim-watch/critico/gen_00150.txt,file_deleted,alert_only,critical,2026-09-17 23:41:41.16756+00,2026-09-17 23:45:59.04608+00
e2267cd9-52ce-4a8c-9adf-6132b912d08f,/srv/fim-watch/gen_00064.txt,file_modified,alert_only,high,2026-09-17 23:41:41.26749+00,2026-09-17 23:45:59.059386+00
5bf79840-e2b7-49a1-bc7b-c55548ec4ef6,/srv/fim-watch/gen_00086.txt,file_deleted,alert_only,high,2026-09-17 23:41:41.36714+00,2026-09-17 23:45:59.072287+00
b52891f1-7758-4d01-88aa-f6e1b4caf71b,/srv/fim-watch/gen_00043.txt,file_modified,alert_only,high,2026-09-17 23:41:41.567071+00,2026-09-17 23:45:59.097312+00
94779648-8555-4fc1-9994-c71f4b87b8dd,/srv/fim-watch/gen_00198.txt,file_modified,alert_only,high,2026-09-17 23:41:41.667202+00,2026-09-17 23:45:59.103986+00
07c995b6-312f-4087-8942-46a2ee16654b,/srv/fim-watch/gen_00108.txt,file_modified,alert_only,high,2026-09-17 23:41:41.767432+00,2026-09-17 23:45:59.117616+00
8747a647-f069-4575-bc53-c062c9404d7a,/srv/fim-watch/gen_00043.txt,file_deleted,alert_only,high,2026-09-17 23:41:41.866773+00,2026-09-17 23:45:59.131574+00
42b9b3c8-e3f5-4b99-b01a-3488acc7269f,/srv/fim-watch/gen_00165.txt,file_modified,alert_only,high,2026-09-17 23:41:41.967025+00,2026-09-17 23:45:59.147716+00
04ff3a36-f554-4feb-a908-f92e20da7448,/srv/fim-watch/gen_00185.txt,file_modified,alert_only,high,2026-09-17 23:41:42.06716+00,2026-09-17 23:45:59.164692+00
f83f5522-296a-417a-8270-336b5686f1e1,/srv/fim-watch/gen_00020.txt,file_modified,alert_only,high,2026-09-17 23:41:42.167065+00,2026-09-17 23:45:59.183971+00
2f713b80-e4e8-437a-8227-0ac207515ae0,/srv/fim-watch/gen_00125.txt,file_modified,alert_only,high,2026-09-17 23:41:42.267286+00,2026-09-17 23:45:59.213046+00
4e3a91d6-1265-4ad3-bf7e-72b98c01ae4f,/srv/fim-watch/gen_00199.txt,file_modified,alert_only,high,2026-09-17 23:41:42.367142+00,2026-09-17 23:45:59.219205+00
9e54f405-8334-4d59-b0b9-196dbf68a4bd,/srv/fim-watch/gen_00470.txt,file_modified,alert_only,high,2026-09-17 23:44:51.167703+00,2026-09-17 23:45:59.237069+00
ab68de2e-c640-4382-86f6-7b1070326d32,/srv/fim-watch/critico/gen_00123.txt,file_modified,alert_only,critical,2026-09-17 23:41:42.467071+00,2026-09-17 23:45:59.25473+00
eedd734d-eba3-4bb6-8421-9f382a4682fe,/srv/fim-watch/critico/gen_00200.txt,file_modified,alert_only,critical,2026-09-17 23:41:42.56724+00,2026-09-17 23:45:59.271722+00
6cd25799-5f33-4a42-931e-75662eec56f4,/srv/fim-watch/gen_00201.txt,file_modified,alert_only,high,2026-09-17 23:41:42.667472+00,2026-09-17 23:45:59.288609+00
9f9e98d6-9bc7-48a7-bfbd-973c957b5c8a,/srv/fim-watch/critico/gen_00053.txt,file_modified,alert_only,critical,2026-09-17 23:41:42.767136+00,2026-09-17 23:45:59.305391+00
45698c9b-2ea9-42a9-af58-12b164ed9e88,/srv/fim-watch/critico/gen_00053.txt,file_modified,alert_only,critical,2026-09-17 23:41:42.867286+00,2026-09-17 23:45:59.32172+00
34d5ca8b-3d3a-4be8-964e-c67697e6acee,/srv/fim-watch/critico/gen_00202.txt,file_modified,alert_only,critical,2026-09-17 23:41:42.966958+00,2026-09-17 23:45:59.337537+00
03102222-b9d7-447a-8db3-edab403de616,/srv/fim-watch/gen_00126.txt,file_modified,alert_only,high,2026-09-17 23:41:43.167218+00,2026-09-17 23:45:59.353615+00
35dea6e6-d506-4f95-b776-7542428805b0,/srv/fim-watch/gen_00115.txt,file_modified,alert_only,high,2026-09-17 23:41:43.267122+00,2026-09-17 23:45:59.369609+00
4e721a84-c9a7-4300-8785-ece56020fa9a,/srv/fim-watch/gen_00140.txt,file_deleted,alert_only,high,2026-09-17 23:41:43.367155+00,2026-09-17 23:45:59.385578+00
f14b33aa-2694-4004-ab3e-80429793a7d8,/srv/fim-watch/gen_00204.txt,file_modified,alert_only,high,2026-09-17 23:41:43.467025+00,2026-09-17 23:45:59.401737+00
308b9496-b972-498b-b248-e85c503970c9,/srv/fim-watch/critico/gen_00156.txt,file_modified,alert_only,critical,2026-09-17 23:41:43.567038+00,2026-09-17 23:45:59.417434+00
8607529b-e2eb-45e2-8cf2-3e054e21036d,/srv/fim-watch/gen_00205.txt,file_modified,alert_only,high,2026-09-17 23:41:43.667237+00,2026-09-17 23:45:59.432448+00
a0fef00c-0e86-4616-ac19-c1f91388e3d7,/srv/fim-watch/gen_00205.txt,file_deleted,alert_only,high,2026-09-17 23:41:43.767281+00,2026-09-17 23:45:59.447336+00
088e2895-98a9-4498-b267-459b23025f64,/srv/fim-watch/gen_00170.txt,file_modified,alert_only,high,2026-09-17 23:41:43.866707+00,2026-09-17 23:45:59.46211+00
a3abaa08-d5c3-4b88-96a0-47d6798d519f,/srv/fim-watch/gen_00170.txt,file_modified,alert_only,high,2026-09-17 23:41:43.966772+00,2026-09-17 23:45:59.477368+00
76366b25-af33-467c-a66b-26d6842009ce,/srv/fim-watch/critico/gen_00061.txt,file_modified,alert_only,critical,2026-09-17 23:41:44.066759+00,2026-09-17 23:45:59.493468+00
cd059909-432f-467d-a7b0-0dfcbb311d30,/srv/fim-watch/gen_00188.txt,file_modified,alert_only,high,2026-09-17 23:41:44.166962+00,2026-09-17 23:45:59.508702+00
b3cb6430-9703-46ff-927e-bc850e403f01,/srv/fim-watch/gen_00145.txt,file_deleted,alert_only,high,2026-09-17 23:41:44.267669+00,2026-09-17 23:45:59.524646+00
0047119e-c56e-4bee-858c-521c58179950,/srv/fim-watch/gen_00206.txt,file_modified,alert_only,high,2026-09-17 23:41:44.367307+00,2026-09-17 23:45:59.540783+00
b6a9eaaf-a101-4b36-80c5-b61156118998,/srv/fim-watch/gen_00148.txt,file_deleted,alert_only,high,2026-09-17 23:41:44.467628+00,2026-09-17 23:45:59.555715+00
5036fbe3-7493-4090-9b34-93bc7c4f64b0,/srv/fim-watch/gen_00198.txt,file_modified,alert_only,high,2026-09-17 23:41:44.5681+00,2026-09-17 23:45:59.570233+00
6ea2c217-5a79-4447-b6a2-87d884f2866a,/srv/fim-watch/gen_00198.txt,file_modified,alert_only,high,2026-09-17 23:41:44.667654+00,2026-09-17 23:45:59.584882+00
8957381d-5637-4df8-8832-56153f0affe8,/srv/fim-watch/gen_00036.txt,file_modified,alert_only,high,2026-09-17 23:41:44.76754+00,2026-09-17 23:45:59.599987+00
13b0b14d-0ac8-4445-af6e-56607e51f6f3,/srv/fim-watch/critico/gen_00593.txt,file_modified,alert_only,critical,2026-09-17 23:44:51.26684+00,2026-09-17 23:45:59.61566+00
d4537da3-d462-4173-ab6f-598ddfc09026,/srv/fim-watch/gen_00036.txt,file_modified,alert_only,high,2026-09-17 23:41:44.867446+00,2026-09-17 23:45:59.630991+00
16937e8a-4be8-451b-a9ff-0f56f708aa2f,/srv/fim-watch/critico/gen_00053.txt,file_modified,alert_only,critical,2026-09-17 23:41:44.967334+00,2026-09-17 23:45:59.647431+00
31b21e28-4b40-45b5-8150-84782d73a1ac,/srv/fim-watch/gen_00142.txt,file_modified,alert_only,high,2026-09-17 23:41:45.067086+00,2026-09-17 23:45:59.663109+00
2e47bf33-83bb-4a23-b9fd-7ccd6c1f4e29,/srv/fim-watch/gen_00163.txt,file_modified,alert_only,high,2026-09-17 23:41:45.167403+00,2026-09-17 23:45:59.679176+00
858c3f5d-401c-4566-94b4-ff0dc779cfec,/srv/fim-watch/gen_00256.txt,file_modified,alert_only,high,2026-09-17 23:42:43.467512+00,2026-09-17 23:45:59.695772+00
7149e6b6-f7c4-4ed1-9716-d9faf5c35b24,/srv/fim-watch/gen_00281.txt,file_deleted,alert_only,high,2026-09-17 23:42:43.567262+00,2026-09-17 23:45:59.711516+00
ce58a4e9-6747-44c4-a191-686fd4ddc538,/srv/fim-watch/critico/gen_00332.txt,file_modified,alert_only,critical,2026-09-17 23:42:43.667455+00,2026-09-17 23:45:59.72671+00
9a28cef9-337b-46f6-9a1e-4dd303b230df,/srv/fim-watch/gen_00096.txt,file_modified,alert_only,high,2026-09-17 23:42:43.767428+00,2026-09-17 23:45:59.741915+00
89fc28d6-4387-419e-be82-32fe53bb8768,/srv/fim-watch/gen_00327.txt,file_deleted,alert_only,high,2026-09-17 23:42:43.867178+00,2026-09-17 23:45:59.755872+00
449627e5-0336-4632-85bc-6cd875b8fd1e,/srv/fim-watch/critico/gen_00280.txt,file_modified,alert_only,critical,2026-09-17 23:42:43.967666+00,2026-09-17 23:45:59.770089+00
fd34a1fc-ae8f-45b7-a806-e40c83cc0445,/srv/fim-watch/gen_00273.txt,file_deleted,alert_only,high,2026-09-17 23:42:44.066965+00,2026-09-17 23:45:59.784508+00
d9fb1f6c-bd79-44cd-bf7f-ffb50ca07a3a,/srv/fim-watch/critico/gen_00248.txt,file_modified,alert_only,critical,2026-09-17 23:42:44.167589+00,2026-09-17 23:45:59.798998+00
7922778c-acbd-4708-b61b-e016cf92cad2,/srv/fim-watch/gen_00128.txt,file_modified,alert_only,high,2026-09-17 23:42:44.26674+00,2026-09-17 23:45:59.813514+00
a2ef4fd4-12f2-4b5e-97eb-a03d74e40275,/srv/fim-watch/gen_00152.txt,file_modified,alert_only,high,2026-09-17 23:42:44.367129+00,2026-09-17 23:45:59.833105+00
c8b73746-9ae4-413d-8cc4-c105cb5dad37,/srv/fim-watch/gen_00317.txt,file_modified,alert_only,high,2026-09-17 23:42:44.467376+00,2026-09-17 23:45:59.845752+00
c1677a46-dad5-45c6-ad51-c4959b249914,/srv/fim-watch/critico/gen_00287.txt,file_deleted,alert_only,critical,2026-09-17 23:42:44.567564+00,2026-09-17 23:45:59.860301+00
fac92705-fcee-4a1a-9f12-487fcede1c1a,/srv/fim-watch/critico/gen_00332.txt,file_modified,alert_only,critical,2026-09-17 23:42:44.667577+00,2026-09-17 23:45:59.874728+00
7606154b-e650-4157-b7c2-24120fc8458e,/srv/fim-watch/gen_00179.txt,file_modified,alert_only,high,2026-09-17 23:42:44.767555+00,2026-09-17 23:45:59.889919+00
960d46c4-ebfd-4007-8fa9-61ca8cc9d1a9,/srv/fim-watch/gen_00219.txt,file_modified,alert_only,high,2026-09-17 23:42:44.867577+00,2026-09-17 23:45:59.902791+00
d9dee7fc-981d-47b7-ad56-f2e0e52dc839,/srv/fim-watch/critico/gen_00242.txt,file_modified,alert_only,critical,2026-09-17 23:42:44.967741+00,2026-09-17 23:45:59.91534+00
8a7b891f-6aeb-47e8-b338-77b793257cfb,/srv/fim-watch/gen_00279.txt,file_modified,alert_only,high,2026-09-17 23:42:45.067149+00,2026-09-17 23:45:59.928263+00
30639b3e-7794-4617-8e45-7eb8230b5460,/srv/fim-watch/critico/gen_00593.txt,file_deleted,alert_only,critical,2026-09-17 23:44:51.366297+00,2026-09-17 23:45:59.94286+00
f6b09238-8eb0-43dd-be68-324f3e2482cb,/srv/fim-watch/gen_00042.txt,file_modified,alert_only,high,2026-09-17 23:42:45.167694+00,2026-09-17 23:45:59.957666+00
e84497d1-777b-4260-89d7-b2afbd303c80,/srv/fim-watch/gen_00311.txt,file_modified,alert_only,high,2026-09-17 23:42:45.267004+00,2026-09-17 23:45:59.98358+00
c077c0da-a514-4d5d-9d78-29077a95a0db,/srv/fim-watch/gen_00311.txt,file_modified,alert_only,high,2026-09-17 23:42:45.36695+00,2026-09-17 23:45:59.990728+00
fd25155f-c88a-4ac6-85bd-c04985d4af14,/srv/fim-watch/gen_00254.txt,file_modified,alert_only,high,2026-09-17 23:42:45.466844+00,2026-09-17 23:46:00.009662+00
adaa53fc-9948-484f-b8b4-45b53821e29f,/srv/fim-watch/gen_00015.txt,file_deleted,alert_only,high,2026-09-17 23:40:08.467539+00,2026-09-17 23:47:02.761315+00
e3de789d-4f73-429f-bfba-bcc846fe00e6,/srv/fim-watch/gen_00020.txt,file_modified,alert_only,high,2026-09-17 23:40:08.567063+00,2026-09-17 23:47:02.796454+00
1530bdd3-ba62-4a29-9a3d-f9ff5032e631,/srv/fim-watch/critico/gen_00023.txt,file_modified,alert_only,critical,2026-09-17 23:40:08.667659+00,2026-09-17 23:47:02.811984+00
a056e201-ba27-4c77-b9c6-9180b8b0ee48,/srv/fim-watch/gen_00006.txt,file_modified,alert_only,high,2026-09-17 23:40:08.767034+00,2026-09-17 23:47:02.817835+00
b3234535-82c2-4e19-81cb-904e5d210cd6,/srv/fim-watch/gen_00026.txt,file_modified,alert_only,high,2026-09-17 23:40:08.867135+00,2026-09-17 23:47:02.838304+00
d39ea233-df76-43e7-aa98-5ce8d726cfde,/srv/fim-watch/gen_00018.txt,file_modified,alert_only,high,2026-09-17 23:40:08.96712+00,2026-09-17 23:47:02.852665+00
e3b8d4d5-d4f0-4cd7-9c83-74c3c12c5748,/srv/fim-watch/gen_00018.txt,file_deleted,alert_only,high,2026-09-17 23:40:09.06698+00,2026-09-17 23:47:02.8667+00
95f6b9df-d5b2-4784-bd2e-c7c5184be44a,/srv/fim-watch/gen_00027.txt,file_modified,alert_only,high,2026-09-17 23:40:09.166785+00,2026-09-17 23:47:02.888834+00
7a05aa29-11c8-46bf-8823-29fd62883228,/srv/fim-watch/gen_00026.txt,file_modified,alert_only,high,2026-09-17 23:40:09.267245+00,2026-09-17 23:47:02.895544+00
8b916273-3ce1-49fb-9713-380bbb2f6948,/srv/fim-watch/critico/gen_00025.txt,file_modified,alert_only,critical,2026-09-17 23:40:09.367522+00,2026-09-17 23:47:02.91057+00
e0ad82f0-05be-4946-a688-9ec781d05571,/srv/fim-watch/gen_00020.txt,file_modified,alert_only,high,2026-09-17 23:40:09.467792+00,2026-09-17 23:47:02.926022+00
eda22485-11e6-4b65-aa47-a7183350a678,/srv/fim-watch/gen_00019.txt,file_modified,alert_only,high,2026-09-17 23:40:09.567713+00,2026-09-17 23:47:02.941263+00
1ba1840a-2d21-4b61-a418-2f3d1029c992,/srv/fim-watch/gen_00019.txt,file_modified,alert_only,high,2026-09-17 23:40:09.666956+00,2026-09-17 23:47:02.956952+00
9d667690-6946-4c46-bc54-32fb5af96aa6,/srv/fim-watch/gen_00019.txt,file_modified,alert_only,high,2026-09-17 23:40:09.767023+00,2026-09-17 23:47:02.97381+00
75a2e221-4882-4526-8f63-74911417cc66,/srv/fim-watch/gen_00019.txt,file_modified,alert_only,high,2026-09-17 23:40:09.867151+00,2026-09-17 23:47:02.990707+00
2d7ab44a-f232-409e-83b4-341e6a874839,/srv/fim-watch/gen_00019.txt,file_modified,alert_only,high,2026-09-17 23:40:09.967425+00,2026-09-17 23:47:03.006575+00
4bc68152-13d7-4a4f-a69b-e073faa4340d,/srv/fim-watch/gen_00020.txt,file_modified,alert_only,high,2026-09-17 23:40:10.067175+00,2026-09-17 23:47:03.023825+00
2910a858-1060-4342-b81b-084828e8ce1a,/srv/fim-watch/gen_00026.txt,file_deleted,alert_only,high,2026-09-17 23:40:10.167211+00,2026-09-17 23:47:03.040627+00
be601be5-0486-4691-aee4-4608f7386dd4,/srv/fim-watch/gen_00027.txt,file_modified,alert_only,high,2026-09-17 23:40:10.266751+00,2026-09-17 23:47:03.056169+00
2edb23c3-e687-47e2-80c7-fcc9349b8d50,/srv/fim-watch/gen_00020.txt,file_modified,alert_only,high,2026-09-17 23:40:10.367004+00,2026-09-17 23:47:03.070862+00
08343a7d-5a5c-4b15-95c2-08d3dd090682,/srv/fim-watch/gen_00028.txt,file_modified,alert_only,high,2026-09-17 23:40:10.467496+00,2026-09-17 23:47:03.085604+00
624a5f57-713f-44ca-9297-4ba9d80b3fa9,/srv/fim-watch/gen_00020.txt,file_modified,alert_only,high,2026-09-17 23:40:10.567466+00,2026-09-17 23:47:03.100132+00
fef1e92f-a628-4d58-83f5-a3b4b004a984,/srv/fim-watch/gen_00024.txt,file_modified,alert_only,high,2026-09-17 23:40:10.667111+00,2026-09-17 23:47:03.114205+00
f0e3a08f-6605-40f8-92e0-694968a7e82e,/srv/fim-watch/gen_00029.txt,file_modified,alert_only,high,2026-09-17 23:40:10.767579+00,2026-09-17 23:47:03.129207+00
d7df73fd-4ced-462d-90a7-670820e191bd,/srv/fim-watch/gen_00028.txt,file_modified,alert_only,high,2026-09-17 23:40:10.867374+00,2026-09-17 23:47:03.144145+00
c16b706c-8d39-4e0f-a79a-0f370aab7c3b,/srv/fim-watch/critico/gen_00025.txt,file_modified,alert_only,critical,2026-09-17 23:40:10.967644+00,2026-09-17 23:47:03.169313+00
9276c15c-2a89-4387-ac32-d2e9f382389b,/srv/fim-watch/gen_00024.txt,file_modified,alert_only,high,2026-09-17 23:40:11.06674+00,2026-09-17 23:47:03.176869+00
6baaf5aa-782c-4336-8c23-94cdb86279ed,/srv/fim-watch/gen_00030.txt,file_modified,alert_only,high,2026-09-17 23:40:11.166957+00,2026-09-17 23:47:03.19269+00
394f5d5f-4293-47a9-90f5-3346dabb22a0,/srv/fim-watch/gen_00022.txt,file_modified,alert_only,high,2026-09-17 23:40:11.267593+00,2026-09-17 23:47:03.208215+00
ea0192cf-1e1c-4289-a88f-e86ae3ae3049,/srv/fim-watch/gen_00031.txt,file_modified,alert_only,high,2026-09-17 23:40:11.367383+00,2026-09-17 23:47:03.223673+00
7f9639d0-9d70-468f-ba28-cdc50771b121,/srv/fim-watch/gen_00032.txt,file_modified,alert_only,high,2026-09-17 23:40:11.467441+00,2026-09-17 23:47:03.239304+00
6af41cb4-9ff3-418a-9150-f6f85219fe96,/srv/fim-watch/gen_00032.txt,file_deleted,alert_only,high,2026-09-17 23:40:11.567213+00,2026-09-17 23:47:03.255742+00
32b49dca-a2eb-4a04-bd24-5605467df2c2,/srv/fim-watch/gen_00027.txt,file_modified,alert_only,high,2026-09-17 23:40:11.667242+00,2026-09-17 23:47:03.272576+00
849dd28f-b306-4e82-9d25-971f6ef3d2d4,/srv/fim-watch/gen_00024.txt,file_modified,alert_only,high,2026-09-17 23:40:11.767057+00,2026-09-17 23:47:03.289139+00
a44560b5-6b45-4f30-8aac-66e35a4cbc3e,/srv/fim-watch/gen_00006.txt,file_modified,alert_only,high,2026-09-17 23:40:11.86736+00,2026-09-17 23:47:03.305564+00
71b9eade-09e4-4b11-960a-042076223557,/srv/fim-watch/gen_00033.txt,file_modified,alert_only,high,2026-09-17 23:40:11.967413+00,2026-09-17 23:47:03.321916+00
c8844ae8-7394-4824-a64a-4184101b50aa,/srv/fim-watch/gen_00029.txt,file_modified,alert_only,high,2026-09-17 23:40:12.067471+00,2026-09-17 23:47:03.338215+00
fe71035a-a023-44a4-bbcc-7544180c5380,/srv/fim-watch/gen_00006.txt,file_modified,alert_only,high,2026-09-17 23:40:12.166972+00,2026-09-17 23:47:03.354772+00
b0d77f7a-d214-4a56-bc3e-c44fd2b45066,/srv/fim-watch/gen_00027.txt,file_modified,alert_only,high,2026-09-17 23:40:12.267254+00,2026-09-17 23:47:03.369615+00
a7b529b2-f2d6-4ae8-bb07-f4f6f506f822,/srv/fim-watch/gen_00027.txt,file_modified,alert_only,high,2026-09-17 23:40:12.36651+00,2026-09-17 23:47:03.384562+00
4ce62cf7-d858-4549-9907-db01bbe34f8d,/srv/fim-watch/critico/gen_00025.txt,file_modified,alert_only,critical,2026-09-17 23:40:12.467797+00,2026-09-17 23:47:03.399149+00
b48a121b-aa00-4e6d-84f8-b48673a528df,/srv/fim-watch/critico/gen_00025.txt,file_modified,alert_only,critical,2026-09-17 23:40:12.566809+00,2026-09-17 23:47:03.414007+00
34c8ebf4-00cd-4829-8b07-cd6a835e5863,/srv/fim-watch/critico/gen_00025.txt,file_modified,alert_only,critical,2026-09-17 23:40:12.667146+00,2026-09-17 23:47:03.428884+00
28fd8fb7-3ddd-450d-901c-807a763d7ea9,/srv/fim-watch/critico/gen_00025.txt,file_modified,alert_only,critical,2026-09-17 23:40:12.767551+00,2026-09-17 23:47:03.443474+00
c173cc22-74a1-4b01-b8b1-cc5c46163f4d,/srv/fim-watch/critico/gen_00025.txt,file_modified,alert_only,critical,2026-09-17 23:40:12.867236+00,2026-09-17 23:47:03.461251+00
83e5609c-fa53-460f-bf64-bba089f00cb2,/srv/fim-watch/gen_00034.txt,file_modified,alert_only,high,2026-09-17 23:40:12.966898+00,2026-09-17 23:47:03.477798+00
e57f8bfb-3dfe-4fd3-baee-9fe296b5444d,/srv/fim-watch/gen_00034.txt,file_deleted,alert_only,high,2026-09-17 23:40:13.06697+00,2026-09-17 23:47:03.494618+00
bc76188a-aec4-47f0-9065-c0c0c9262624,/srv/fim-watch/gen_00035.txt,file_modified,alert_only,high,2026-09-17 23:40:13.167018+00,2026-09-17 23:47:03.509632+00
7f826cb4-dc0d-4a88-b12d-d3e0c9525063,/srv/fim-watch/gen_00024.txt,file_modified,alert_only,high,2026-09-17 23:40:13.267287+00,2026-09-17 23:47:03.526099+00
2411ed78-c8c9-4aec-afd6-e03e7b15e43a,/srv/fim-watch/gen_00035.txt,file_modified,alert_only,high,2026-09-17 23:40:13.367384+00,2026-09-17 23:47:03.543349+00
6ad29b6b-4456-4afd-b234-038352c92880,/srv/fim-watch/gen_00031.txt,file_modified,alert_only,high,2026-09-17 23:40:13.467212+00,2026-09-17 23:47:03.560497+00
9ce159eb-296f-4e22-b445-63c7535bd303,/srv/fim-watch/gen_00033.txt,file_modified,alert_only,high,2026-09-17 23:40:13.567118+00,2026-09-17 23:47:03.577813+00
3cd35255-f0f3-4cbe-bfc0-2ea2240ee7fa,/srv/fim-watch/gen_00033.txt,file_modified,alert_only,high,2026-09-17 23:40:13.667158+00,2026-09-17 23:47:03.594639+00
1c3ed8af-c942-4708-a34a-030227684fcf,/srv/fim-watch/gen_00029.txt,file_modified,alert_only,high,2026-09-17 23:40:13.767221+00,2026-09-17 23:47:03.611195+00
a48f01e8-a5a2-4765-8e4a-14203974f449,/srv/fim-watch/gen_00029.txt,file_modified,alert_only,high,2026-09-17 23:40:13.867189+00,2026-09-17 23:47:03.628162+00
1b592464-c5f1-40b1-8f73-1ae1b2ef9916,/srv/fim-watch/gen_00029.txt,file_modified,alert_only,high,2026-09-17 23:40:13.967083+00,2026-09-17 23:47:03.644522+00
40a0ae31-fc96-4dda-9678-eb5ee8602ae7,/srv/fim-watch/gen_00029.txt,file_modified,alert_only,high,2026-09-17 23:40:14.067135+00,2026-09-17 23:47:03.661181+00
d461c7e0-f49f-47a4-b8f1-7fa87bc85ad2,/srv/fim-watch/gen_00029.txt,file_modified,alert_only,high,2026-09-17 23:40:14.167221+00,2026-09-17 23:47:03.677854+00
b25fddce-383b-4125-b66e-b662c3ba3dde,/srv/fim-watch/gen_00022.txt,file_modified,alert_only,high,2026-09-17 23:40:14.267211+00,2026-09-17 23:47:03.692761+00
e86b01ea-f5cd-40f0-8683-ea3872757433,/srv/fim-watch/gen_00013.txt,file_modified,alert_only,high,2026-09-17 23:40:14.366965+00,2026-09-17 23:47:03.708727+00
094f916c-f8bd-4dbd-a6c8-5cd1cac825cc,/srv/fim-watch/gen_00024.txt,file_modified,alert_only,high,2026-09-17 23:40:14.467207+00,2026-09-17 23:47:03.724555+00
122bd25b-d0da-4cba-8a06-ddbddbc4ef81,/srv/fim-watch/gen_00006.txt,file_modified,alert_only,high,2026-09-17 23:40:14.567111+00,2026-09-17 23:47:03.741396+00
8c01932e-62d4-4f89-b4e0-d89be8cac63f,/srv/fim-watch/gen_00036.txt,file_modified,alert_only,high,2026-09-17 23:40:14.66705+00,2026-09-17 23:47:03.757135+00
85bde0db-8a6d-459f-a4b2-1d5cc291c720,/srv/fim-watch/gen_00030.txt,file_deleted,alert_only,high,2026-09-17 23:40:14.767383+00,2026-09-17 23:47:03.772673+00
f31fbb09-c999-4d78-b745-0fcd6e6e86b2,/srv/fim-watch/gen_00024.txt,file_modified,alert_only,high,2026-09-17 23:40:14.867197+00,2026-09-17 23:47:03.788701+00
0337de98-7d73-4f48-9bb4-e62cca9e3654,/srv/fim-watch/gen_00011.txt,file_modified,alert_only,high,2026-09-17 23:40:14.967351+00,2026-09-17 23:47:03.804736+00
5c8c5525-e724-49c9-ad8b-a6f068ec73e1,/srv/fim-watch/gen_00028.txt,file_modified,alert_only,high,2026-09-17 23:40:15.067202+00,2026-09-17 23:47:03.820197+00
73ecc22c-e88a-45d9-b8d0-2c8f9f76f28d,/srv/fim-watch/gen_00028.txt,file_modified,alert_only,high,2026-09-17 23:40:15.167195+00,2026-09-17 23:47:03.834618+00
f0214631-d47e-4e9d-92b0-8d8c8eb6821d,/srv/fim-watch/gen_00016.txt,file_modified,alert_only,high,2026-09-17 23:40:15.267104+00,2026-09-17 23:47:03.851146+00
59d2342c-cd38-4290-857d-926d68f26d4c,/srv/fim-watch/gen_00016.txt,file_modified,alert_only,high,2026-09-17 23:40:15.366821+00,2026-09-17 23:47:03.866726+00
93a21113-a0df-4b81-97fb-43ca692dbff8,/srv/fim-watch/gen_00029.txt,file_modified,alert_only,high,2026-09-17 23:40:15.467187+00,2026-09-17 23:47:03.883123+00
663c523a-1967-4da6-9866-49b826ba2df1,/srv/fim-watch/critico/gen_00037.txt,file_modified,alert_only,critical,2026-09-17 23:40:15.567178+00,2026-09-17 23:47:03.900374+00
40181b9f-31b0-4ff9-8602-e8fd476a78c8,/srv/fim-watch/gen_00024.txt,file_modified,alert_only,high,2026-09-17 23:40:15.667018+00,2026-09-17 23:47:03.917661+00
007613fe-a814-4c1f-b90b-483c427946b0,/srv/fim-watch/gen_00024.txt,file_modified,alert_only,high,2026-09-17 23:40:15.767214+00,2026-09-17 23:47:03.934432+00
365921f4-9957-4e60-891f-0d3704455705,/srv/fim-watch/gen_00024.txt,file_modified,alert_only,high,2026-09-17 23:40:15.867421+00,2026-09-17 23:47:03.952571+00
dcaa082e-3976-43ee-99f1-404b97a34500,/srv/fim-watch/gen_00024.txt,file_modified,alert_only,high,2026-09-17 23:40:15.967434+00,2026-09-17 23:47:03.979478+00
45a1bb80-9ee7-411d-8b29-44fd9ff6db84,/srv/fim-watch/gen_00024.txt,file_modified,alert_only,high,2026-09-17 23:40:16.067264+00,2026-09-17 23:47:03.987229+00
04feb35d-a22a-409c-92dc-308082ffa97b,/srv/fim-watch/gen_00038.txt,file_modified,alert_only,high,2026-09-17 23:40:16.166917+00,2026-09-17 23:47:04.003617+00
e2504481-f705-4864-a0c7-ae84377fafb4,/srv/fim-watch/gen_00031.txt,file_modified,alert_only,high,2026-09-17 23:40:16.267107+00,2026-09-17 23:47:04.020345+00
906a3f2f-5121-4c28-8502-58e5ffdf32eb,/srv/fim-watch/gen_00039.txt,file_modified,alert_only,high,2026-09-17 23:40:16.366944+00,2026-09-17 23:47:04.037519+00
a725a7ae-0178-4e53-b1a8-7d02faa474a3,/srv/fim-watch/gen_00040.txt,file_created,alert_only,high,2026-09-17 23:40:16.467015+00,2026-09-17 23:47:04.054643+00
301ad1ed-1497-4f46-9ac7-8a4cee21a463,/srv/fim-watch/gen_00041.txt,file_modified,alert_only,high,2026-09-17 23:40:16.567484+00,2026-09-17 23:47:04.071072+00
ee695066-86d6-4047-be65-75d53770b09a,/srv/fim-watch/gen_00041.txt,file_deleted,alert_only,high,2026-09-17 23:40:16.666732+00,2026-09-17 23:47:04.087666+00
ae6a7241-18cb-4a9f-b455-267129283170,/srv/fim-watch/gen_00036.txt,file_modified,alert_only,high,2026-09-17 23:40:16.766723+00,2026-09-17 23:47:04.102983+00
725abbb6-b090-4b86-ba37-7a204a42dc9e,/srv/fim-watch/gen_00042.txt,file_modified,alert_only,high,2026-09-17 23:40:16.866951+00,2026-09-17 23:47:04.122052+00
f55f573b-6254-47ba-9948-b94d1c6877b8,/srv/fim-watch/gen_00043.txt,file_modified,alert_only,high,2026-09-17 23:40:16.967041+00,2026-09-17 23:47:04.14235+00
30e44216-25ab-4329-b032-96f137ff63aa,/srv/fim-watch/critico/gen_00037.txt,file_modified,alert_only,critical,2026-09-17 23:40:17.067599+00,2026-09-17 23:47:04.159619+00
61527106-fefc-4370-807f-34bb67aa87a2,/srv/fim-watch/gen_00031.txt,file_modified,alert_only,high,2026-09-17 23:40:17.167211+00,2026-09-17 23:47:04.175618+00
b3333f2f-78b9-49b4-bf5c-b9450794381d,/srv/fim-watch/gen_00031.txt,file_modified,alert_only,high,2026-09-17 23:40:17.267012+00,2026-09-17 23:47:04.195899+00
cfbca111-ddb8-4fed-975d-ae4234c71286,/srv/fim-watch/gen_00031.txt,file_modified,alert_only,high,2026-09-17 23:40:17.367233+00,2026-09-17 23:47:04.219325+00
45852dcb-0670-4fb4-9302-877c272e0aec,/srv/fim-watch/gen_00031.txt,file_modified,alert_only,high,2026-09-17 23:40:17.467021+00,2026-09-17 23:47:04.24564+00
adc6c4f9-f7ed-48ea-91d0-642ae3be249b,/srv/fim-watch/gen_00031.txt,file_modified,alert_only,high,2026-09-17 23:40:17.56738+00,2026-09-17 23:47:04.263522+00
96fecf84-c30d-4ddd-a7e5-c5be13bb2549,/srv/fim-watch/gen_00028.txt,file_modified,alert_only,high,2026-09-17 23:40:17.667056+00,2026-09-17 23:47:04.280744+00
a7a72298-e9fb-46fd-89fd-49bdf10e5512,/srv/fim-watch/gen_00029.txt,file_modified,alert_only,high,2026-09-17 23:40:17.766995+00,2026-09-17 23:47:04.299617+00
b543548f-9ccd-44c2-9778-a1ade280b2f7,/srv/fim-watch/gen_00042.txt,file_modified,alert_only,high,2026-09-17 23:40:17.867117+00,2026-09-17 23:47:04.320825+00
c9ce539d-bfb6-40b4-b5a1-f382005ef39d,/srv/fim-watch/gen_00027.txt,file_modified,alert_only,high,2026-09-17 23:40:17.967449+00,2026-09-17 23:47:04.342632+00
28d10f55-ff61-46bd-9974-34b2ff31d66a,/srv/fim-watch/gen_00038.txt,file_deleted,alert_only,high,2026-09-17 23:40:18.067058+00,2026-09-17 23:47:04.369468+00
d2a213c6-fcf8-476c-9c49-177baec33644,/srv/fim-watch/critico/gen_00023.txt,file_modified,alert_only,critical,2026-09-17 23:40:18.166537+00,2026-09-17 23:47:04.388301+00
78470f03-d76d-4c42-a1bc-24b0a40d78a7,/srv/fim-watch/gen_00011.txt,file_modified,alert_only,high,2026-09-17 23:40:18.267237+00,2026-09-17 23:47:04.406391+00
0ed7a697-3a3f-4bfc-a94f-1284073f3ba8,/srv/fim-watch/gen_00011.txt,file_modified,alert_only,high,2026-09-17 23:40:18.367107+00,2026-09-17 23:47:04.424574+00
8d7da500-cf58-491f-bb52-fe63ed2ffc3d,/srv/fim-watch/gen_00011.txt,file_modified,alert_only,high,2026-09-17 23:40:18.466803+00,2026-09-17 23:48:05.027481+00
d2cc4abe-fb41-4cc1-8d40-e1c110907ad5,/srv/fim-watch/gen_00011.txt,file_modified,alert_only,high,2026-09-17 23:40:18.566937+00,2026-09-17 23:48:05.059516+00
a5ac2dec-a8d0-4859-871a-6f3477fb140c,/srv/fim-watch/gen_00011.txt,file_modified,alert_only,high,2026-09-17 23:40:18.667248+00,2026-09-17 23:48:05.086733+00
cbe138c2-cf7b-4caa-83c6-c18af82abf13,/srv/fim-watch/gen_00022.txt,file_modified,alert_only,high,2026-09-17 23:40:18.767258+00,2026-09-17 23:48:05.094913+00
f330547a-6a60-438a-999e-7dc887d1fd73,/srv/fim-watch/gen_00022.txt,file_modified,alert_only,high,2026-09-17 23:40:18.867082+00,2026-09-17 23:48:05.117389+00
3dcaf864-9458-498f-9c47-360b6699051f,/srv/fim-watch/critico/gen_00023.txt,file_modified,alert_only,critical,2026-09-17 23:40:18.967194+00,2026-09-17 23:48:05.130951+00
1d70ecc7-bfb7-4576-983f-b781662837e8,/srv/fim-watch/gen_00027.txt,file_deleted,alert_only,high,2026-09-17 23:40:19.067526+00,2026-09-17 23:48:05.154939+00
bdb18db5-8760-46c4-a5af-76476ae2cfc5,/srv/fim-watch/gen_00031.txt,file_modified,alert_only,high,2026-09-17 23:40:19.167079+00,2026-09-17 23:48:05.161898+00
04c3e246-84b4-4713-a2c1-031b0170924d,/srv/fim-watch/gen_00029.txt,file_modified,alert_only,high,2026-09-17 23:40:19.267262+00,2026-09-17 23:48:05.177879+00
6ab4de8e-d74d-4494-b4e4-c5f331370602,/srv/fim-watch/gen_00011.txt,file_modified,alert_only,high,2026-09-17 23:40:19.366776+00,2026-09-17 23:48:05.193581+00
237c7b31-0254-4e59-9942-ae2320696121,/srv/fim-watch/gen_00044.txt,file_modified,alert_only,high,2026-09-17 23:40:19.467626+00,2026-09-17 23:48:05.209235+00
7912e426-5445-461b-b4ab-6bda1bbc74d8,/srv/fim-watch/critico/gen_00037.txt,file_modified,alert_only,critical,2026-09-17 23:40:19.567394+00,2026-09-17 23:48:05.224017+00
a2bae7ff-f54d-4060-bb99-b86862c3838d,/srv/fim-watch/gen_00016.txt,file_modified,alert_only,high,2026-09-17 23:40:19.667162+00,2026-09-17 23:48:05.239329+00
4a81dfcb-0a47-4431-83d5-a8c600377403,/srv/fim-watch/gen_00042.txt,file_modified,alert_only,high,2026-09-17 23:40:19.76713+00,2026-09-17 23:48:05.254598+00
2bbcdc7c-970a-4e01-8534-47d94eb886e4,/srv/fim-watch/critico/gen_00023.txt,file_modified,alert_only,critical,2026-09-17 23:40:19.867278+00,2026-09-17 23:48:05.269451+00
9b182db5-821e-4d6f-b92b-610a87c4b44a,/srv/fim-watch/gen_00011.txt,file_modified,alert_only,high,2026-09-17 23:40:19.967322+00,2026-09-17 23:48:05.283942+00
3d922192-089f-4454-8d51-25002c258986,/srv/fim-watch/gen_00013.txt,file_modified,alert_only,high,2026-09-17 23:40:20.067158+00,2026-09-17 23:48:05.298453+00
336a5641-b07e-418a-8bf4-e9d4554b05c6,/srv/fim-watch/gen_00013.txt,file_modified,alert_only,high,2026-09-17 23:40:20.167078+00,2026-09-17 23:48:05.313067+00
d0437582-1e03-45a7-9490-4813c5385a4b,/srv/fim-watch/gen_00036.txt,file_modified,alert_only,high,2026-09-17 23:40:20.267154+00,2026-09-17 23:48:05.327584+00
9f5d956a-7f2d-4e6b-9cdf-34ef15b80e9a,/srv/fim-watch/gen_00036.txt,file_modified,alert_only,high,2026-09-17 23:40:20.36659+00,2026-09-17 23:48:05.35161+00
0da441c6-9772-4cf1-a1a6-3d2ef58d5a9a,/srv/fim-watch/gen_00024.txt,file_deleted,alert_only,high,2026-09-17 23:40:20.466903+00,2026-09-17 23:48:05.35823+00
ba606b42-3561-4c19-aae5-a64589c2ed55,/srv/fim-watch/gen_00045.txt,file_modified,alert_only,high,2026-09-17 23:40:20.567078+00,2026-09-17 23:48:05.374585+00
1b9ced19-4a94-45cf-a734-41360e85a035,/srv/fim-watch/gen_00046.txt,file_modified,alert_only,high,2026-09-17 23:40:20.666979+00,2026-09-17 23:48:05.389784+00
927db1a5-505b-447d-9d9c-9327b76cdd56,/srv/fim-watch/gen_00022.txt,file_modified,alert_only,high,2026-09-17 23:40:20.767208+00,2026-09-17 23:48:05.404571+00
611b0846-af29-428b-8922-8d2419140032,/srv/fim-watch/gen_00013.txt,file_modified,alert_only,high,2026-09-17 23:40:20.867097+00,2026-09-17 23:48:05.419382+00
fe9c0b7b-9fc9-4f35-aa94-4d5af9914eb0,/srv/fim-watch/gen_00035.txt,file_deleted,alert_only,high,2026-09-17 23:40:20.966826+00,2026-09-17 23:48:05.434144+00
0a5c4577-22b0-42f3-ad48-6bd8f375f9c3,/srv/fim-watch/gen_00033.txt,file_modified,alert_only,high,2026-09-17 23:40:21.067256+00,2026-09-17 23:48:05.449154+00
99a095f8-1feb-4068-9e53-88618574ac7e,/srv/fim-watch/gen_00036.txt,file_modified,alert_only,high,2026-09-17 23:40:21.166813+00,2026-09-17 23:48:05.463923+00
3db5c472-61f6-43d8-9380-d46aec895cba,/srv/fim-watch/critico/gen_00047.txt,file_modified,alert_only,critical,2026-09-17 23:40:21.267224+00,2026-09-17 23:48:05.478494+00
04f2eb0e-1c43-45f3-a1f9-c5cd612fbc9f,/srv/fim-watch/critico/gen_00047.txt,file_modified,alert_only,critical,2026-09-17 23:40:21.367347+00,2026-09-17 23:48:05.492951+00
035146bb-0318-44ac-b9e6-70de5f1b350a,/srv/fim-watch/gen_00039.txt,file_modified,alert_only,high,2026-09-17 23:40:21.467108+00,2026-09-17 23:48:05.507512+00
fd2b8b1e-8fa3-4a42-8e3d-8f307624c380,/srv/fim-watch/gen_00043.txt,file_modified,alert_only,high,2026-09-17 23:40:21.567587+00,2026-09-17 23:48:05.522042+00
362ad60b-9539-44a4-916d-4e7aa64c617f,/srv/fim-watch/gen_00029.txt,file_modified,alert_only,high,2026-09-17 23:40:21.667154+00,2026-09-17 23:48:05.536567+00
818d68bc-520f-4412-9057-7120bac3938c,/srv/fim-watch/gen_00048.txt,file_modified,alert_only,high,2026-09-17 23:40:21.766802+00,2026-09-17 23:48:05.551079+00
630592ab-e3b2-4b87-92cb-77e484a96a83,/srv/fim-watch/gen_00043.txt,file_modified,alert_only,high,2026-09-17 23:40:21.867037+00,2026-09-17 23:48:05.565725+00
ffc5b5df-e04f-4574-a1e8-591bf7657647,/srv/fim-watch/gen_00006.txt,file_modified,alert_only,high,2026-09-17 23:40:21.966678+00,2026-09-17 23:48:05.580528+00
7014df53-cba4-4bec-b1f7-86258d04127f,/srv/fim-watch/gen_00046.txt,file_modified,alert_only,high,2026-09-17 23:40:22.067139+00,2026-09-17 23:48:05.595085+00
18e30e10-8ad7-4cf7-80eb-39dd55036893,/srv/fim-watch/gen_00031.txt,file_modified,alert_only,high,2026-09-17 23:40:22.167073+00,2026-09-17 23:48:05.60993+00
27a84e09-f499-44bf-b73e-acd7c6b114a1,/srv/fim-watch/gen_00049.txt,file_modified,alert_only,high,2026-09-17 23:40:22.267082+00,2026-09-17 23:48:05.624877+00
69848181-f5d4-4f1c-a616-fec0a3f8c5d6,/srv/fim-watch/gen_00036.txt,file_modified,alert_only,high,2026-09-17 23:40:22.366549+00,2026-09-17 23:48:05.646676+00
ea56affe-fc90-42c3-9116-bd96151f7327,/srv/fim-watch/gen_00050.txt,file_created,alert_only,high,2026-09-17 23:40:22.466255+00,2026-09-17 23:48:05.667418+00
8443bada-023a-4482-acca-e14e3ab602d1,/srv/fim-watch/critico/gen_00051.txt,file_modified,alert_only,critical,2026-09-17 23:40:22.566574+00,2026-09-17 23:48:05.684799+00
84467254-20d0-4d97-8ed3-ba0fdedf8f5d,/srv/fim-watch/gen_00044.txt,file_modified,alert_only,high,2026-09-17 23:40:22.667198+00,2026-09-17 23:48:05.699935+00
c2fcca8f-f226-4d18-916f-246d92c53e37,/srv/fim-watch/gen_00044.txt,file_modified,alert_only,high,2026-09-17 23:40:22.767163+00,2026-09-17 23:48:05.714491+00
f66ce3bd-9413-43e8-bdf8-8ec47df8c4e3,/srv/fim-watch/gen_00020.txt,file_modified,alert_only,high,2026-09-17 23:40:22.867098+00,2026-09-17 23:48:05.730913+00
d86740d3-63b4-454c-90e7-5b60dd4a8094,/srv/fim-watch/gen_00045.txt,file_modified,alert_only,high,2026-09-17 23:40:22.967146+00,2026-09-17 23:48:05.745771+00
4c35982b-8dbf-49b4-85fc-e8b11834527c,/srv/fim-watch/gen_00042.txt,file_modified,alert_only,high,2026-09-17 23:40:23.067458+00,2026-09-17 23:48:05.761775+00
009982c1-c90a-4360-a057-6610b5da94d6,/srv/fim-watch/gen_00042.txt,file_modified,alert_only,high,2026-09-17 23:40:23.167632+00,2026-09-17 23:48:05.777332+00
f94e452e-85f1-49b2-a752-d05b6f24db57,/srv/fim-watch/critico/gen_00025.txt,file_modified,alert_only,critical,2026-09-17 23:40:23.26714+00,2026-09-17 23:48:05.791074+00
4abda1a6-a4c1-4327-bf37-399eb0af6e2a,/srv/fim-watch/gen_00043.txt,file_modified,alert_only,high,2026-09-17 23:40:23.367401+00,2026-09-17 23:48:05.804628+00
9286c63f-c7da-4002-8af0-e0cb76c65800,/srv/fim-watch/gen_00011.txt,file_modified,alert_only,high,2026-09-17 23:40:23.467425+00,2026-09-17 23:48:05.818232+00
13d763a7-b3a3-4148-b446-885750382334,/srv/fim-watch/gen_00052.txt,file_modified,alert_only,high,2026-09-17 23:40:23.567224+00,2026-09-17 23:48:05.83227+00
86cb75c0-3514-4d7e-aa9b-4e81358a4800,/srv/fim-watch/critico/gen_00053.txt,file_modified,alert_only,critical,2026-09-17 23:40:23.666992+00,2026-09-17 23:48:05.845707+00
0199e361-ba5d-4628-b1d3-f4e26bd11cc9,/srv/fim-watch/critico/gen_00047.txt,file_modified,alert_only,critical,2026-09-17 23:40:23.767145+00,2026-09-17 23:48:05.859869+00
feb988c8-6dd7-4576-9b7c-ac5a896ccda1,/srv/fim-watch/gen_00022.txt,file_modified,alert_only,high,2026-09-17 23:40:23.866728+00,2026-09-17 23:48:05.875804+00
f8656e7f-7146-41cb-904e-734eb59b26b6,/srv/fim-watch/gen_00054.txt,file_modified,alert_only,high,2026-09-17 23:40:23.96695+00,2026-09-17 23:48:05.893188+00
a9cc7095-fc1e-45f0-a26c-bf95b5f65864,/srv/fim-watch/gen_00055.txt,file_modified,alert_only,high,2026-09-17 23:40:24.067347+00,2026-09-17 23:48:05.911458+00
2300e131-c906-4eeb-aa1c-8541df8a5acb,/srv/fim-watch/gen_00042.txt,file_modified,alert_only,high,2026-09-17 23:40:24.167187+00,2026-09-17 23:48:05.927582+00
984f3c77-2050-4863-bd87-4c7db86d6de4,/srv/fim-watch/critico/gen_00051.txt,file_modified,alert_only,critical,2026-09-17 23:40:24.267397+00,2026-09-17 23:48:05.943446+00
c4094c25-ece9-4c7d-b330-09070bc43563,/srv/fim-watch/critico/gen_00051.txt,file_modified,alert_only,critical,2026-09-17 23:40:24.367222+00,2026-09-17 23:48:05.960536+00
24db5bcd-0957-476c-a926-63b65a746d71,/srv/fim-watch/critico/gen_00051.txt,file_modified,alert_only,critical,2026-09-17 23:40:24.467386+00,2026-09-17 23:48:05.97522+00
e58e9bae-6f9b-4ebf-a15f-3024c58c8de3,/srv/fim-watch/critico/gen_00051.txt,file_modified,alert_only,critical,2026-09-17 23:40:24.567784+00,2026-09-17 23:48:05.98985+00
f64b8233-3deb-472c-a98d-ac686b061dcc,/srv/fim-watch/critico/gen_00051.txt,file_modified,alert_only,critical,2026-09-17 23:40:24.667093+00,2026-09-17 23:48:06.00458+00
0074dd7b-7f0f-45ba-98cc-6473f0e695f1,/srv/fim-watch/gen_00056.txt,file_modified,alert_only,high,2026-09-17 23:40:24.767113+00,2026-09-17 23:48:06.019274+00
9f19bfd8-c513-4363-a698-cd65292c3fd4,/srv/fim-watch/gen_00057.txt,file_modified,alert_only,high,2026-09-17 23:40:24.867071+00,2026-09-17 23:48:06.043959+00
3298fb4f-fbc3-4a58-b5b2-956db32855f1,/srv/fim-watch/gen_00058.txt,file_modified,alert_only,high,2026-09-17 23:40:24.967141+00,2026-09-17 23:48:06.050925+00
1a7495cc-866c-4cc2-b953-c2d9c9b26674,/srv/fim-watch/critico/gen_00047.txt,file_modified,alert_only,critical,2026-09-17 23:40:25.06721+00,2026-09-17 23:48:06.066774+00
d5686162-a429-4ec9-9b88-c6d92187f4c0,/srv/fim-watch/critico/gen_00047.txt,file_modified,alert_only,critical,2026-09-17 23:40:25.167228+00,2026-09-17 23:48:06.083403+00
d2575746-c7d0-4115-9cb8-85a1bef9d757,/srv/fim-watch/gen_00054.txt,file_modified,alert_only,high,2026-09-17 23:40:25.267396+00,2026-09-17 23:48:06.099535+00
828e2316-2773-4262-ac31-c55702c4b8c2,/srv/fim-watch/gen_00054.txt,file_modified,alert_only,high,2026-09-17 23:40:25.367173+00,2026-09-17 23:48:06.115595+00
2a22ad24-3cd7-45ee-a7fd-41c56507352f,/srv/fim-watch/gen_00054.txt,file_modified,alert_only,high,2026-09-17 23:40:25.467026+00,2026-09-17 23:48:06.13101+00
77a72dd8-121f-4461-b842-5d3d86aa8229,/srv/fim-watch/critico/gen_00053.txt,file_modified,alert_only,critical,2026-09-17 23:40:25.566961+00,2026-09-17 23:48:06.146063+00
f604f263-b7ea-43f4-8df7-518a56ae976c,/srv/fim-watch/critico/gen_00053.txt,file_modified,alert_only,critical,2026-09-17 23:40:25.667024+00,2026-09-17 23:48:06.161357+00
80729e40-bc3f-4102-8177-db98899d10bd,/srv/fim-watch/critico/gen_00053.txt,file_modified,alert_only,critical,2026-09-17 23:40:25.767336+00,2026-09-17 23:48:06.176067+00
a3743021-a12e-4317-b5c3-caee25ed562f,/srv/fim-watch/critico/gen_00053.txt,file_modified,alert_only,critical,2026-09-17 23:40:25.867219+00,2026-09-17 23:48:06.190785+00
fa69d0c8-3575-466f-a40a-692509c1d3a5,/srv/fim-watch/critico/gen_00053.txt,file_modified,alert_only,critical,2026-09-17 23:40:25.967248+00,2026-09-17 23:48:06.205339+00
859e15f9-1a9c-4508-a758-69321f0ab701,/srv/fim-watch/critico/gen_00025.txt,file_modified,alert_only,critical,2026-09-17 23:40:26.067454+00,2026-09-17 23:48:06.220373+00
fb016b2b-ca9a-463a-a9e6-b0f95ed7dbab,/srv/fim-watch/gen_00011.txt,file_modified,alert_only,high,2026-09-17 23:40:26.167604+00,2026-09-17 23:48:06.235391+00
d12fe409-978b-4ded-a327-b16e2e5b0206,/srv/fim-watch/gen_00011.txt,file_modified,alert_only,high,2026-09-17 23:40:26.266618+00,2026-09-17 23:48:06.250843+00
c27706a5-0295-4e0d-8d14-69884ef744b9,/srv/fim-watch/gen_00044.txt,file_modified,alert_only,high,2026-09-17 23:40:26.36746+00,2026-09-17 23:48:06.266243+00
7a5276ac-9c6c-4870-9f67-bda6518fcc12,/srv/fim-watch/gen_00054.txt,file_modified,alert_only,high,2026-09-17 23:40:26.467488+00,2026-09-17 23:48:06.281615+00
6baee7b8-256f-4833-a59c-cb688b159061,/srv/fim-watch/gen_00036.txt,file_modified,alert_only,high,2026-09-17 23:40:26.56727+00,2026-09-17 23:48:06.297035+00
d71e81fd-4ed0-469d-9632-607a538c7fbb,/srv/fim-watch/gen_00052.txt,file_deleted,alert_only,high,2026-09-17 23:40:26.667144+00,2026-09-17 23:48:06.312589+00
11c691fb-d65d-46de-975b-a15bae41ce19,/srv/fim-watch/gen_00022.txt,file_modified,alert_only,high,2026-09-17 23:40:26.767221+00,2026-09-17 23:48:06.327908+00
7782ff00-d4d0-444d-bccc-c8094d7fbfc6,/srv/fim-watch/gen_00044.txt,file_modified,alert_only,high,2026-09-17 23:40:26.867104+00,2026-09-17 23:48:06.343423+00
ac7e615b-8345-4382-8706-428964541082,/srv/fim-watch/gen_00054.txt,file_modified,alert_only,high,2026-09-17 23:40:26.96725+00,2026-09-17 23:48:06.358701+00
fa8976f8-1dc1-4754-817a-6116acec6198,/srv/fim-watch/gen_00040.txt,file_modified,alert_only,high,2026-09-17 23:40:27.067788+00,2026-09-17 23:48:06.374311+00
14ce18b2-16f9-43de-af3d-726ec7cf1093,/srv/fim-watch/gen_00046.txt,file_deleted,alert_only,high,2026-09-17 23:40:27.167133+00,2026-09-17 23:48:06.389705+00
b3d7049c-00ee-46ae-887c-59b860543429,/srv/fim-watch/gen_00039.txt,file_deleted,alert_only,high,2026-09-17 23:40:27.267173+00,2026-09-17 23:48:06.405211+00
976d1e27-e482-4782-9693-3a358ac83840,/srv/fim-watch/gen_00036.txt,file_modified,alert_only,high,2026-09-17 23:40:27.367624+00,2026-09-17 23:48:06.420405+00
ffecca7f-58e8-44d3-8afd-efc5e49011ac,/srv/fim-watch/gen_00036.txt,file_modified,alert_only,high,2026-09-17 23:40:27.467566+00,2026-09-17 23:48:06.435407+00
ef0823f3-38bb-42e1-899e-91ca026b020f,/srv/fim-watch/gen_00050.txt,file_modified,alert_only,high,2026-09-17 23:40:27.567149+00,2026-09-17 23:48:06.454442+00
18b2a5b4-1eff-450d-8274-0d2d33768f72,/srv/fim-watch/gen_00059.txt,file_modified,alert_only,high,2026-09-17 23:40:27.667186+00,2026-09-17 23:48:06.468849+00
6f378b32-44ab-422f-8165-da285f19434c,/srv/fim-watch/gen_00054.txt,file_modified,alert_only,high,2026-09-17 23:40:27.76747+00,2026-09-17 23:48:06.486158+00
ee356542-5d2f-4beb-add2-c4e1ab953690,/srv/fim-watch/gen_00043.txt,file_modified,alert_only,high,2026-09-17 23:40:27.867105+00,2026-09-17 23:48:06.503751+00
c5c7c0e8-7320-4ec5-902b-4e9aaa27f058,/srv/fim-watch/gen_00060.txt,file_modified,alert_only,high,2026-09-17 23:40:27.967262+00,2026-09-17 23:48:06.5204+00
a7dc7309-d0f0-4ac4-9dd2-1771b474d23c,/srv/fim-watch/gen_00050.txt,file_modified,alert_only,high,2026-09-17 23:40:28.067654+00,2026-09-17 23:48:06.533908+00
fb961ecb-f429-47b8-8576-02aeb7fee488,/srv/fim-watch/gen_00058.txt,file_modified,alert_only,high,2026-09-17 23:40:28.167486+00,2026-09-17 23:48:06.547668+00
804be195-dfbf-4f23-a858-44d999dbff90,/srv/fim-watch/gen_00019.txt,file_modified,alert_only,high,2026-09-17 23:40:28.26791+00,2026-09-17 23:48:06.561821+00
2839ea92-87ab-41a0-963e-88816c3824f7,/srv/fim-watch/gen_00019.txt,file_modified,alert_only,high,2026-09-17 23:40:28.367207+00,2026-09-17 23:48:06.576513+00
1b12763f-95b2-4a34-90b8-6354e04cc0d6,/srv/fim-watch/gen_00058.txt,file_modified,alert_only,high,2026-09-17 23:40:28.467362+00,2026-09-17 23:49:09.705049+00
696c68c6-946c-4322-b7b3-662837ee55bb,/srv/fim-watch/gen_00042.txt,file_modified,alert_only,high,2026-09-17 23:40:28.567309+00,2026-09-17 23:49:09.731941+00
3b1f818f-f356-4f00-91e4-5d38fb291d60,/srv/fim-watch/gen_00042.txt,file_modified,alert_only,high,2026-09-17 23:40:28.667583+00,2026-09-17 23:49:09.740584+00
e86e0755-f6d4-46ed-b89e-20ff3eee513d,/srv/fim-watch/gen_00042.txt,file_modified,alert_only,high,2026-09-17 23:40:28.767614+00,2026-09-17 23:49:09.773753+00
02c9931c-ce5e-4efa-a7f3-5b1e3cea9d62,/srv/fim-watch/gen_00042.txt,file_modified,alert_only,high,2026-09-17 23:40:28.867301+00,2026-09-17 23:49:09.781877+00
440692af-abe3-437f-8474-5bb12979ae8c,/srv/fim-watch/gen_00042.txt,file_modified,alert_only,high,2026-09-17 23:40:28.967379+00,2026-09-17 23:49:09.798811+00
7357e585-bdcb-4575-a175-de801ed283bc,/srv/fim-watch/critico/gen_00061.txt,file_modified,alert_only,critical,2026-09-17 23:40:29.067432+00,2026-09-17 23:49:09.816721+00
b7cc0549-3fbb-4206-931f-f18b761dcb7d,/srv/fim-watch/gen_00062.txt,file_modified,alert_only,high,2026-09-17 23:40:29.167403+00,2026-09-17 23:49:09.835749+00
0c216218-45e1-4d04-8125-9d36821b0915,/srv/fim-watch/critico/gen_00051.txt,file_deleted,alert_only,critical,2026-09-17 23:40:29.26756+00,2026-09-17 23:49:09.856259+00
558ce95e-98b3-4393-a529-da552fa0d915,/srv/fim-watch/gen_00020.txt,file_modified,alert_only,high,2026-09-17 23:40:29.367192+00,2026-09-17 23:49:09.878551+00
03bc6de3-1cc2-4793-a934-448f57d7ef83,/srv/fim-watch/critico/gen_00047.txt,file_modified,alert_only,critical,2026-09-17 23:40:29.467758+00,2026-09-17 23:49:09.909765+00
a5098c03-7bf0-4c62-b763-323a07b68e8c,/srv/fim-watch/gen_00063.txt,file_modified,alert_only,high,2026-09-17 23:40:29.567611+00,2026-09-17 23:49:09.917654+00
45ebe75d-36e3-428a-bea7-57c559424b92,/srv/fim-watch/gen_00059.txt,file_modified,alert_only,high,2026-09-17 23:40:29.667654+00,2026-09-17 23:49:09.93544+00
adc75285-237b-409f-bf16-5f50522e3827,/srv/fim-watch/gen_00064.txt,file_modified,alert_only,high,2026-09-17 23:40:29.767347+00,2026-09-17 23:49:09.952677+00
fcc00f4d-10c5-4b6d-afff-beb472543169,/srv/fim-watch/gen_00065.txt,file_modified,alert_only,high,2026-09-17 23:40:29.86675+00,2026-09-17 23:49:09.969743+00
88f1ab51-4071-48ef-b82c-6548fea46ace,/srv/fim-watch/gen_00066.txt,file_modified,alert_only,high,2026-09-17 23:40:29.967683+00,2026-09-17 23:49:09.986937+00
dbbff6eb-757e-4471-a94c-91b3dd588b3e,/srv/fim-watch/gen_00067.txt,file_modified,alert_only,high,2026-09-17 23:40:30.068234+00,2026-09-17 23:49:10.004285+00
60ba98d9-ed61-48e8-affb-dca7fa73bd57,/srv/fim-watch/gen_00068.txt,file_modified,alert_only,high,2026-09-17 23:40:30.167467+00,2026-09-17 23:49:10.021555+00
e413de72-dc80-4de1-af41-a0b56bbebb2b,/srv/fim-watch/critico/gen_00061.txt,file_modified,alert_only,critical,2026-09-17 23:40:30.267481+00,2026-09-17 23:49:10.038888+00
2c300dbe-3223-4a17-b48b-5d21619a886f,/srv/fim-watch/gen_00031.txt,file_modified,alert_only,high,2026-09-17 23:40:30.367486+00,2026-09-17 23:49:10.05781+00
344f4f1a-7a3e-4536-8a11-21a5d5ae046b,/srv/fim-watch/gen_00031.txt,file_modified,alert_only,high,2026-09-17 23:40:30.467238+00,2026-09-17 23:49:10.074978+00
03a19e7a-7835-4888-b412-3476bd264ead,/srv/fim-watch/critico/gen_00069.txt,file_modified,alert_only,critical,2026-09-17 23:40:30.567464+00,2026-09-17 23:49:10.091527+00
13e9dc76-2fd9-4e9e-bbf7-3d4293335ed7,/srv/fim-watch/gen_00044.txt,file_modified,alert_only,high,2026-09-17 23:40:30.667311+00,2026-09-17 23:49:10.108389+00
833792d4-3654-4a7c-9eb8-c88f98b2334f,/srv/fim-watch/gen_00044.txt,file_modified,alert_only,high,2026-09-17 23:40:30.767399+00,2026-09-17 23:49:10.12659+00
786fe55f-a7ec-4909-820d-8411955d07d6,/srv/fim-watch/gen_00063.txt,file_modified,alert_only,high,2026-09-17 23:40:30.866967+00,2026-09-17 23:49:10.148347+00
7b1229a3-6db1-4c32-bd29-56e1f29783cb,/srv/fim-watch/gen_00062.txt,file_modified,alert_only,high,2026-09-17 23:40:30.967544+00,2026-09-17 23:49:10.167535+00
b3f39e63-cf69-4c79-890e-c91d0bcd0e65,/srv/fim-watch/gen_00070.txt,file_modified,alert_only,high,2026-09-17 23:40:31.067231+00,2026-09-17 23:49:10.185667+00
12bab3b7-7c96-4aac-9e7b-1e16ed7c52ca,/srv/fim-watch/gen_00071.txt,file_modified,alert_only,high,2026-09-17 23:40:31.167404+00,2026-09-17 23:49:10.203193+00
0e536688-25c9-45b6-b4e3-424136be2bed,/srv/fim-watch/gen_00031.txt,file_deleted,alert_only,high,2026-09-17 23:40:31.26644+00,2026-09-17 23:49:10.222265+00
ab788155-76bf-4af3-a98f-15594fb9ec03,/srv/fim-watch/gen_00058.txt,file_modified,alert_only,high,2026-09-17 23:40:31.367358+00,2026-09-17 23:49:10.240309+00
b1d37157-fdd4-4855-a988-622a447f74bb,/srv/fim-watch/critico/gen_00047.txt,file_modified,alert_only,critical,2026-09-17 23:40:31.467648+00,2026-09-17 23:49:10.258152+00
5da8bb43-a1a0-4f24-9358-0c3d42f0f5e7,/srv/fim-watch/critico/gen_00025.txt,file_modified,alert_only,critical,2026-09-17 23:40:31.567601+00,2026-09-17 23:49:10.275429+00
bc1ddf77-5f0c-4eed-b4a1-74e077ffa36c,/srv/fim-watch/gen_00045.txt,file_modified,alert_only,high,2026-09-17 23:40:31.667377+00,2026-09-17 23:49:10.292718+00
36d5d1a7-ea94-4c76-9bd7-636356d91ac6,/srv/fim-watch/gen_00072.txt,file_modified,alert_only,high,2026-09-17 23:40:31.767262+00,2026-09-17 23:49:10.309386+00
5f123dff-50ee-46d8-9157-3223d6bee13e,/srv/fim-watch/gen_00056.txt,file_deleted,alert_only,high,2026-09-17 23:40:31.867212+00,2026-09-17 23:49:10.326742+00
473536f4-eabb-4a3c-9414-beca9545c8dc,/srv/fim-watch/gen_00040.txt,file_modified,alert_only,high,2026-09-17 23:40:31.967891+00,2026-09-17 23:49:10.347149+00
a2d6ef1f-5a88-4050-9535-7ae9d0a6ecf3,/srv/fim-watch/gen_00055.txt,file_modified,alert_only,high,2026-09-17 23:40:32.067019+00,2026-09-17 23:49:10.365439+00
be73ebb1-b5aa-48f7-a91c-a597acba976c,/srv/fim-watch/gen_00068.txt,file_modified,alert_only,high,2026-09-17 23:40:32.167378+00,2026-09-17 23:49:10.383533+00
68f7e89d-52b6-4b40-9bcc-9bf432836d63,/srv/fim-watch/gen_00068.txt,file_modified,alert_only,high,2026-09-17 23:40:32.267705+00,2026-09-17 23:49:10.401655+00
c5477a32-f066-4bfa-9eb4-da35937282cf,/srv/fim-watch/gen_00068.txt,file_modified,alert_only,high,2026-09-17 23:40:32.367558+00,2026-09-17 23:49:10.432072+00
5cff7f76-b32e-4917-a5c9-c23dfb4754bc,/srv/fim-watch/gen_00068.txt,file_modified,alert_only,high,2026-09-17 23:40:32.467597+00,2026-09-17 23:49:10.440814+00
097dd6ff-51ac-450c-aa5f-4f0d73382fa6,/srv/fim-watch/gen_00068.txt,file_modified,alert_only,high,2026-09-17 23:40:32.566567+00,2026-09-17 23:49:10.460849+00
dbbf71f5-f030-4f84-8c07-63bfa7c06fbb,/srv/fim-watch/gen_00059.txt,file_modified,alert_only,high,2026-09-17 23:40:32.66738+00,2026-09-17 23:49:10.48069+00
00cc09f2-1964-4077-b5bf-3db1d7dda4fa,/srv/fim-watch/gen_00048.txt,file_modified,alert_only,high,2026-09-17 23:40:32.767348+00,2026-09-17 23:49:10.498987+00
1408ac97-4630-4b9e-abea-3abd32d26f5c,/srv/fim-watch/gen_00073.txt,file_modified,alert_only,high,2026-09-17 23:40:32.866897+00,2026-09-17 23:49:10.516665+00
85c294c4-8498-4bbb-a253-a0a29bdcc0aa,/srv/fim-watch/gen_00042.txt,file_modified,alert_only,high,2026-09-17 23:40:32.967398+00,2026-09-17 23:49:10.533414+00
75b2df8b-a658-4251-a882-f3c2dde4b143,/srv/fim-watch/gen_00042.txt,file_modified,alert_only,high,2026-09-17 23:40:33.067406+00,2026-09-17 23:49:10.548725+00
3e06275d-a6ff-47eb-b86f-fc859a17174e,/srv/fim-watch/gen_00042.txt,file_modified,alert_only,high,2026-09-17 23:40:33.167357+00,2026-09-17 23:49:10.563557+00
7c7a56cc-8b4e-4881-a700-7711ba052ada,/srv/fim-watch/gen_00042.txt,file_modified,alert_only,high,2026-09-17 23:40:33.267327+00,2026-09-17 23:49:10.578851+00
df8594a5-adc1-45ea-adad-066bae5285a3,/srv/fim-watch/gen_00042.txt,file_modified,alert_only,high,2026-09-17 23:40:33.36769+00,2026-09-17 23:49:10.594536+00
af6e49d4-ac4b-49b3-ae84-7be987f04997,/srv/fim-watch/gen_00064.txt,file_modified,alert_only,high,2026-09-17 23:40:33.467426+00,2026-09-17 23:49:10.609775+00
a6bf9355-5b9e-4f7e-a9ac-a4c3f2e41e3d,/srv/fim-watch/gen_00064.txt,file_modified,alert_only,high,2026-09-17 23:40:33.567535+00,2026-09-17 23:49:10.632228+00
7ecbc00e-e69c-4416-a2e8-6e3853036063,/srv/fim-watch/gen_00070.txt,file_modified,alert_only,high,2026-09-17 23:40:33.667457+00,2026-09-17 23:49:10.655154+00
47b2d78e-3d0e-4598-8b05-d73c9670289e,/srv/fim-watch/gen_00022.txt,file_deleted,alert_only,high,2026-09-17 23:40:33.767134+00,2026-09-17 23:49:10.675512+00
4ab011c1-630a-4c80-b66b-4b2e2e514d2c,/srv/fim-watch/gen_00028.txt,file_modified,alert_only,high,2026-09-17 23:40:33.867189+00,2026-09-17 23:49:10.69345+00
208fdc58-ebab-4553-abfe-ffbbcc32aabc,/srv/fim-watch/gen_00036.txt,file_modified,alert_only,high,2026-09-17 23:40:33.967373+00,2026-09-17 23:49:10.71108+00
dd4aa9f8-c250-4258-ae6b-4c03ac482fbd,/srv/fim-watch/critico/gen_00037.txt,file_modified,alert_only,critical,2026-09-17 23:40:34.067752+00,2026-09-17 23:49:10.728717+00
1be0f275-ee1f-4549-ba61-021b56bae97d,/srv/fim-watch/gen_00011.txt,file_deleted,alert_only,high,2026-09-17 23:40:34.167173+00,2026-09-17 23:49:10.746855+00
5cbaee04-2685-4edb-8a69-f66ff482e1ca,/srv/fim-watch/gen_00074.txt,file_modified,alert_only,high,2026-09-17 23:40:34.267149+00,2026-09-17 23:49:10.764598+00
f2bce317-6416-4b79-a63c-3fc638f6233b,/srv/fim-watch/gen_00040.txt,file_modified,alert_only,high,2026-09-17 23:40:34.366711+00,2026-09-17 23:49:10.783418+00
f553a665-d726-4703-9b15-e54c354ff000,/srv/fim-watch/gen_00043.txt,file_modified,alert_only,high,2026-09-17 23:40:34.467582+00,2026-09-17 23:49:10.801254+00
cff8a79e-6a5c-4f24-9338-59ab63dc4647,/srv/fim-watch/critico/gen_00075.txt,file_modified,alert_only,critical,2026-09-17 23:40:34.567753+00,2026-09-17 23:49:10.817834+00
7c7af288-36e9-4ad9-b904-ecf2640e1175,/srv/fim-watch/critico/gen_00075.txt,file_deleted,alert_only,critical,2026-09-17 23:40:34.667503+00,2026-09-17 23:49:10.834205+00
ffb57ce9-6bfd-46d0-961d-86231ec7abdc,/srv/fim-watch/gen_00076.txt,file_modified,alert_only,high,2026-09-17 23:40:34.76716+00,2026-09-17 23:49:10.850496+00
1751d64a-e5de-4177-9977-86314ed21157,/srv/fim-watch/gen_00077.txt,file_modified,alert_only,high,2026-09-17 23:40:34.867068+00,2026-09-17 23:49:10.8667+00
cc89ff44-e7ab-4c82-a46a-4dbbe59ad60d,/srv/fim-watch/gen_00078.txt,file_modified,alert_only,high,2026-09-17 23:40:34.967486+00,2026-09-17 23:49:10.883706+00
4311774d-ffe7-4e07-b623-c1b0f2cfcaa0,/srv/fim-watch/gen_00044.txt,file_modified,alert_only,high,2026-09-17 23:40:35.067304+00,2026-09-17 23:49:10.900547+00
27e649ef-b1fa-4d6f-b55e-5256ebc13c75,/srv/fim-watch/gen_00079.txt,file_modified,alert_only,high,2026-09-17 23:40:35.167238+00,2026-09-17 23:49:10.91735+00
21be1689-22de-4e3b-9a18-8f4a832657cf,/srv/fim-watch/gen_00029.txt,file_modified,alert_only,high,2026-09-17 23:40:35.267737+00,2026-09-17 23:49:10.934564+00
ac0673ef-248f-41ae-b249-e77ce1274e3f,/srv/fim-watch/gen_00063.txt,file_modified,alert_only,high,2026-09-17 23:40:35.466959+00,2026-09-17 23:49:10.95107+00
a0ab6416-ee38-4eb1-bf58-e7201a9fe80b,/srv/fim-watch/gen_00033.txt,file_modified,alert_only,high,2026-09-17 23:40:35.567703+00,2026-09-17 23:49:10.96792+00
0e17d256-192f-4ebf-8c52-0bdc7faf54bb,/srv/fim-watch/gen_00062.txt,file_modified,alert_only,high,2026-09-17 23:40:35.666708+00,2026-09-17 23:49:10.986427+00
d4c4fb0e-dd99-442b-ab6f-4595b72624d6,/srv/fim-watch/gen_00033.txt,file_modified,alert_only,high,2026-09-17 23:40:35.766735+00,2026-09-17 23:49:11.002939+00
0d5b21e5-36fe-491c-be39-0b02d3bc53f6,/srv/fim-watch/gen_00066.txt,file_modified,alert_only,high,2026-09-17 23:40:35.866541+00,2026-09-17 23:49:11.019049+00
2d5ae9d3-7010-4d8e-be08-641874e00faf,/srv/fim-watch/gen_00066.txt,file_modified,alert_only,high,2026-09-17 23:40:35.96724+00,2026-09-17 23:49:11.035326+00
2643ad68-65ee-41f8-a7e1-579ce1f15490,/srv/fim-watch/gen_00066.txt,file_modified,alert_only,high,2026-09-17 23:40:36.068056+00,2026-09-17 23:49:11.051492+00
c9836673-68ea-4197-824b-173ccca238fd,/srv/fim-watch/gen_00066.txt,file_modified,alert_only,high,2026-09-17 23:40:36.167428+00,2026-09-17 23:49:11.070076+00
4e8b62a7-7383-4e5e-a80c-c7b7e32ba4b5,/srv/fim-watch/gen_00066.txt,file_modified,alert_only,high,2026-09-17 23:40:36.267477+00,2026-09-17 23:49:11.086392+00
4f7f0d46-5b0f-4758-93a2-90ea2bab3d29,/srv/fim-watch/gen_00080.txt,file_modified,alert_only,high,2026-09-17 23:40:36.367173+00,2026-09-17 23:49:11.102318+00
2704acac-555d-4b52-8fc0-d96303413f2c,/srv/fim-watch/gen_00059.txt,file_modified,alert_only,high,2026-09-17 23:40:36.467751+00,2026-09-17 23:49:11.119282+00
456c3cde-333b-400c-b061-540258d36278,/srv/fim-watch/gen_00073.txt,file_modified,alert_only,high,2026-09-17 23:40:36.567889+00,2026-09-17 23:49:11.137351+00
70e2cdc9-bcbb-45af-b03e-ac47d5b02f4b,/srv/fim-watch/gen_00063.txt,file_deleted,alert_only,high,2026-09-17 23:40:36.667302+00,2026-09-17 23:49:11.155682+00
d696ffd8-d8bd-4e1f-a640-7eb8db68c18e,/srv/fim-watch/gen_00048.txt,file_modified,alert_only,high,2026-09-17 23:40:36.767097+00,2026-09-17 23:49:11.173216+00
c71c6903-55f3-48bf-8d74-fef17aa32865,/srv/fim-watch/gen_00048.txt,file_modified,alert_only,high,2026-09-17 23:40:36.867288+00,2026-09-17 23:49:11.190893+00
234f9018-39f3-41a4-b530-ddced53b1304,/srv/fim-watch/gen_00058.txt,file_modified,alert_only,high,2026-09-17 23:40:36.967312+00,2026-09-17 23:49:11.211705+00
29b8a455-1a58-45ec-9e0e-aaa57d4a3ffc,/srv/fim-watch/gen_00059.txt,file_modified,alert_only,high,2026-09-17 23:40:37.06715+00,2026-09-17 23:49:11.231622+00
3bc76ece-4674-40e9-adc9-66339bec854f,/srv/fim-watch/critico/gen_00081.txt,file_modified,alert_only,critical,2026-09-17 23:40:37.167678+00,2026-09-17 23:49:11.250008+00
47b8cbf9-77e3-47ed-bcbe-7e0c35a95104,/srv/fim-watch/gen_00082.txt,file_modified,alert_only,high,2026-09-17 23:40:37.26821+00,2026-09-17 23:49:11.269507+00
ef6c6cef-9728-478b-be8a-58f832807d67,/srv/fim-watch/gen_00045.txt,file_modified,alert_only,high,2026-09-17 23:40:37.367556+00,2026-09-17 23:49:11.287553+00
6c963e83-f7c9-4812-95c1-5026cfde7c59,/srv/fim-watch/gen_00028.txt,file_modified,alert_only,high,2026-09-17 23:40:37.467418+00,2026-09-17 23:49:11.31748+00
f49c70cc-ae55-4518-8108-6b2a4cdb9bb1,/srv/fim-watch/gen_00028.txt,file_modified,alert_only,high,2026-09-17 23:40:37.567763+00,2026-09-17 23:49:11.325456+00
19aa0f5c-9245-4dbb-8a06-b3a792e2068f,/srv/fim-watch/gen_00083.txt,file_modified,alert_only,high,2026-09-17 23:40:37.666983+00,2026-09-17 23:49:11.343405+00
015ffb32-1971-4be0-9cd5-ff70bc0ccba7,/srv/fim-watch/gen_00083.txt,file_deleted,alert_only,high,2026-09-17 23:40:37.766679+00,2026-09-17 23:49:11.36132+00
064b0ebf-e7b9-454c-8e9d-aece9227709f,/srv/fim-watch/gen_00080.txt,file_deleted,alert_only,high,2026-09-17 23:40:37.866726+00,2026-09-17 23:49:11.37994+00
11cf51a6-f5de-4993-9c30-f07014b8e1ef,/srv/fim-watch/gen_00073.txt,file_modified,alert_only,high,2026-09-17 23:40:37.968039+00,2026-09-17 23:49:11.400415+00
2b43f579-3697-4e86-b16b-eb64a1a37a06,/srv/fim-watch/gen_00028.txt,file_modified,alert_only,high,2026-09-17 23:40:38.067329+00,2026-09-17 23:49:11.421399+00
04c48e30-eef5-449e-9f95-5c7e3142c9ac,/srv/fim-watch/gen_00084.txt,file_modified,alert_only,high,2026-09-17 23:40:38.167339+00,2026-09-17 23:49:11.442616+00
bd0a5104-204a-4ae2-aae8-9be48d6715ff,/srv/fim-watch/gen_00068.txt,file_modified,alert_only,high,2026-09-17 23:40:38.267924+00,2026-09-17 23:49:11.462695+00
87b671a2-aadb-4c22-8a43-2d1d1560f17a,/srv/fim-watch/gen_00068.txt,file_modified,alert_only,high,2026-09-17 23:40:38.367989+00,2026-09-17 23:49:11.481198+00
890948c5-3555-460b-ac03-f028d5834748,/srv/fim-watch/gen_00044.txt,file_modified,alert_only,high,2026-09-17 23:40:38.467604+00,2026-09-17 23:49:11.501145+00
fc011b6c-9974-4d4f-a7d0-f37917410e3f,/srv/fim-watch/gen_00071.txt,file_modified,alert_only,high,2026-09-17 23:40:38.567379+00,2026-09-17 23:50:09.966993+00
cccf27a3-9596-4d40-8ce9-1ca86e729624,/srv/fim-watch/gen_00067.txt,file_modified,alert_only,high,2026-09-17 23:40:38.667986+00,2026-09-17 23:50:09.991952+00
3a08adaf-a021-4180-a9e2-c56fe6d41c61,/srv/fim-watch/gen_00067.txt,file_modified,alert_only,high,2026-09-17 23:40:38.767445+00,2026-09-17 23:50:10.013092+00
e76cc85d-4c0a-4000-b072-c7ded1e91778,/srv/fim-watch/gen_00085.txt,file_modified,alert_only,high,2026-09-17 23:40:38.867469+00,2026-09-17 23:50:10.022302+00
1aee13e4-8404-4b88-84b7-20a94806c8cf,/srv/fim-watch/critico/gen_00023.txt,file_deleted,alert_only,critical,2026-09-17 23:40:38.9674+00,2026-09-17 23:50:10.040654+00
be68e6a3-8745-4f25-8325-7c01b431684d,/srv/fim-watch/gen_00062.txt,file_modified,alert_only,high,2026-09-17 23:40:39.067923+00,2026-09-17 23:50:10.058448+00
ba9a762c-ba61-4245-bd60-5cf7b3c40bfb,/srv/fim-watch/gen_00020.txt,file_modified,alert_only,high,2026-09-17 23:40:39.167471+00,2026-09-17 23:50:10.086623+00
7c162112-8874-44c6-821b-76d94b7f1b10,/srv/fim-watch/gen_00019.txt,file_modified,alert_only,high,2026-09-17 23:40:39.26713+00,2026-09-17 23:50:10.094476+00
4222f091-5029-4615-bb3d-cc1ecdb0ca3c,/srv/fim-watch/gen_00086.txt,file_modified,alert_only,high,2026-09-17 23:40:39.367689+00,2026-09-17 23:50:10.112325+00
ab8759ff-204d-48d4-b461-dae181b6131d,/srv/fim-watch/gen_00059.txt,file_modified,alert_only,high,2026-09-17 23:40:39.467007+00,2026-09-17 23:50:10.129899+00
68357382-2b22-4b31-941d-a0545d3e42b2,/srv/fim-watch/critico/gen_00087.txt,file_modified,alert_only,critical,2026-09-17 23:40:39.567419+00,2026-09-17 23:50:10.145972+00
e6d9718a-1b26-481c-8de0-bad3fe297c89,/srv/fim-watch/gen_00058.txt,file_modified,alert_only,high,2026-09-17 23:40:39.667433+00,2026-09-17 23:50:10.159348+00
a985affd-07e5-49a8-84cd-af5448118243,/srv/fim-watch/gen_00058.txt,file_modified,alert_only,high,2026-09-17 23:40:39.76729+00,2026-09-17 23:50:10.172361+00
e17b1412-35fc-40a0-b738-ca684e9c2148,/srv/fim-watch/gen_00072.txt,file_modified,alert_only,high,2026-09-17 23:40:39.867296+00,2026-09-17 23:50:10.186348+00
e5a6c842-c621-4cf7-9988-9ce4e6221e10,/srv/fim-watch/gen_00072.txt,file_modified,alert_only,high,2026-09-17 23:40:39.967796+00,2026-09-17 23:50:10.199405+00
69b93b57-6f34-4076-b8bc-538d94b53718,/srv/fim-watch/gen_00072.txt,file_modified,alert_only,high,2026-09-17 23:40:40.067216+00,2026-09-17 23:50:10.212482+00
2351b49a-543c-4431-9dd1-4128aaecd76b,/srv/fim-watch/gen_00072.txt,file_modified,alert_only,high,2026-09-17 23:40:40.167367+00,2026-09-17 23:50:10.225619+00
9b1ebce9-6a3d-4eb9-bf11-5bfb270a86b4,/srv/fim-watch/gen_00072.txt,file_modified,alert_only,high,2026-09-17 23:40:40.26741+00,2026-09-17 23:50:10.238721+00
16c832f0-05ad-41ce-a255-88570de9a482,/srv/fim-watch/gen_00082.txt,file_modified,alert_only,high,2026-09-17 23:40:40.367519+00,2026-09-17 23:50:10.252377+00
6a2702fc-8bdf-47e4-a752-2faecd90547a,/srv/fim-watch/critico/gen_00081.txt,file_modified,alert_only,critical,2026-09-17 23:40:40.467562+00,2026-09-17 23:50:10.265338+00
9264a42e-ece4-4f4c-a884-5add066c22bd,/srv/fim-watch/gen_00066.txt,file_modified,alert_only,high,2026-09-17 23:40:40.567192+00,2026-09-17 23:50:10.278302+00
884fc07f-ae83-4a8e-bf0b-bc4ce3138bba,/srv/fim-watch/gen_00066.txt,file_modified,alert_only,high,2026-09-17 23:40:40.667411+00,2026-09-17 23:50:10.29108+00
27ad8be6-7c74-4963-999d-276240d3f420,/srv/fim-watch/critico/gen_00087.txt,file_modified,alert_only,critical,2026-09-17 23:40:40.766716+00,2026-09-17 23:50:10.314608+00
ef252ede-a890-47f4-bb1e-cdb5d978b2ec,/srv/fim-watch/gen_00019.txt,file_deleted,alert_only,high,2026-09-17 23:40:40.866583+00,2026-09-17 23:50:10.322054+00
d876e0de-8313-483b-a44f-659fe69898ee,/srv/fim-watch/gen_00029.txt,file_modified,alert_only,high,2026-09-17 23:40:40.967541+00,2026-09-17 23:50:10.338611+00
5cbff2c5-b39c-4eff-919b-ce9c19d49b16,/srv/fim-watch/gen_00088.txt,file_modified,alert_only,high,2026-09-17 23:40:41.066991+00,2026-09-17 23:50:10.354525+00
b61ccde4-5ca4-472d-b5a2-81d51827f123,/srv/fim-watch/gen_00089.txt,file_modified,alert_only,high,2026-09-17 23:40:41.167164+00,2026-09-17 23:50:10.37141+00
cdd558db-a0a7-46fb-b4ad-9c814d1bc75e,/srv/fim-watch/gen_00050.txt,file_modified,alert_only,high,2026-09-17 23:40:41.267158+00,2026-09-17 23:50:10.388505+00
3f75b7f9-e70b-45cf-8269-64a457097731,/srv/fim-watch/gen_00090.txt,file_modified,alert_only,high,2026-09-17 23:40:41.36677+00,2026-09-17 23:50:10.404591+00
afe93e7d-1352-4690-afe6-7b99b924abf5,/srv/fim-watch/critico/gen_00081.txt,file_modified,alert_only,critical,2026-09-17 23:40:41.467793+00,2026-09-17 23:50:10.420962+00
290e4171-915e-4397-8aec-167517bdf5eb,/srv/fim-watch/critico/gen_00081.txt,file_modified,alert_only,critical,2026-09-17 23:40:41.567895+00,2026-09-17 23:50:10.436651+00
a89ef726-3f41-496e-abbb-6d13b0a434d9,/srv/fim-watch/gen_00095.txt,file_modified,alert_only,high,2026-09-17 23:40:43.867424+00,2026-09-17 23:50:10.452199+00
c46acd89-57a2-4379-aaef-1e58c4c23d28,/srv/fim-watch/gen_00089.txt,file_modified,alert_only,high,2026-09-17 23:40:43.967552+00,2026-09-17 23:50:10.468005+00
6a1ab5e6-305f-420c-8d7b-1cfe15cc4ec4,/srv/fim-watch/gen_00096.txt,file_modified,alert_only,high,2026-09-17 23:40:44.068162+00,2026-09-17 23:50:10.483183+00
00751006-f053-4325-a653-177b150439c3,/srv/fim-watch/gen_00095.txt,file_deleted,alert_only,high,2026-09-17 23:40:44.167621+00,2026-09-17 23:50:10.499126+00
f8ec36e9-7317-40d8-b1e4-90c5d82d1338,/srv/fim-watch/gen_00055.txt,file_modified,alert_only,high,2026-09-17 23:40:44.267306+00,2026-09-17 23:50:10.513953+00
4d248c75-0ed2-4cf7-9903-42c59c81a141,/srv/fim-watch/gen_00071.txt,file_modified,alert_only,high,2026-09-17 23:40:44.367892+00,2026-09-17 23:50:10.528177+00
0b4cb85d-c30d-4713-9483-76c4da84a9e4,/srv/fim-watch/gen_00097.txt,file_modified,alert_only,high,2026-09-17 23:40:44.46723+00,2026-09-17 23:50:10.542126+00
ee473d47-5b67-4c11-b4fe-9328a6fa499f,/srv/fim-watch/gen_00055.txt,file_modified,alert_only,high,2026-09-17 23:40:44.567929+00,2026-09-17 23:50:10.555982+00
480491e1-2534-4d61-8d2e-917bc76f2199,/srv/fim-watch/critico/gen_00037.txt,file_modified,alert_only,critical,2026-09-17 23:40:44.668218+00,2026-09-17 23:50:10.568886+00
10f31afb-a1e6-409a-a285-c7e05f99529b,/srv/fim-watch/critico/gen_00037.txt,file_modified,alert_only,critical,2026-09-17 23:40:44.767429+00,2026-09-17 23:50:10.581715+00
8763e29e-5f69-4b5c-ba00-80f33b284a47,/srv/fim-watch/gen_00029.txt,file_modified,alert_only,high,2026-09-17 23:40:44.867367+00,2026-09-17 23:50:10.594756+00
03e8611d-e24a-4136-8376-5a8e8827768c,/srv/fim-watch/gen_00085.txt,file_modified,alert_only,high,2026-09-17 23:40:44.968058+00,2026-09-17 23:50:10.608065+00
6d9988ba-958c-4f94-9364-7e0b01cd1145,/srv/fim-watch/gen_00055.txt,file_modified,alert_only,high,2026-09-17 23:40:45.067433+00,2026-09-17 23:50:10.620784+00
6c7c506e-e725-4606-87ba-fa9d795c8fe7,/srv/fim-watch/gen_00082.txt,file_deleted,alert_only,high,2026-09-17 23:40:45.167679+00,2026-09-17 23:50:10.633899+00
f1683086-d435-488e-bac4-b93eb8dbbdeb,/srv/fim-watch/gen_00055.txt,file_deleted,alert_only,high,2026-09-17 23:40:45.267753+00,2026-09-17 23:50:10.646989+00
c7023eac-7192-4847-b5ac-c53261304447,/srv/fim-watch/gen_00098.txt,file_modified,alert_only,high,2026-09-17 23:40:45.367984+00,2026-09-17 23:50:10.659736+00
c6102da1-9cd5-43b0-97c0-12889dd7f5ee,/srv/fim-watch/gen_00099.txt,file_modified,alert_only,high,2026-09-17 23:40:45.468022+00,2026-09-17 23:50:10.672408+00
e841620d-77ee-4673-956f-2ea03562612e,/srv/fim-watch/gen_00043.txt,file_modified,alert_only,high,2026-09-17 23:40:45.566741+00,2026-09-17 23:50:10.685308+00
5dd5af73-f209-4937-9622-23369bd0cc37,/srv/fim-watch/gen_00093.txt,file_modified,alert_only,high,2026-09-17 23:40:45.668005+00,2026-09-17 23:50:10.698227+00
c155b703-4d38-4067-a29e-c9d755f538cf,/srv/fim-watch/gen_00066.txt,file_modified,alert_only,high,2026-09-17 23:40:45.767472+00,2026-09-17 23:50:10.710959+00
1b46610a-337d-4258-a607-cfb2adca4fdb,/srv/fim-watch/critico/gen_00025.txt,file_modified,alert_only,critical,2026-09-17 23:40:45.866812+00,2026-09-17 23:50:10.723607+00
50c526f4-2d6e-4bae-b84f-8356077446dc,/srv/fim-watch/gen_00100.txt,file_modified,alert_only,high,2026-09-17 23:40:45.96742+00,2026-09-17 23:50:10.736706+00
a19cda8c-96e3-4a8f-9bc8-3aea6c5f13f8,/srv/fim-watch/gen_00090.txt,file_modified,alert_only,high,2026-09-17 23:40:46.067744+00,2026-09-17 23:50:10.750013+00
9d23c112-7392-47c3-bd87-9e0b390b057b,/srv/fim-watch/gen_00077.txt,file_deleted,alert_only,high,2026-09-17 23:40:46.167372+00,2026-09-17 23:50:10.763172+00
7eb71c62-f89c-4e5b-bc0f-5903876285c1,/srv/fim-watch/gen_00098.txt,file_modified,alert_only,high,2026-09-17 23:40:46.267347+00,2026-09-17 23:50:10.77614+00
2647ee3c-39f4-44a4-9724-a4c79fd9fd39,/srv/fim-watch/gen_00067.txt,file_modified,alert_only,high,2026-09-17 23:40:46.366699+00,2026-09-17 23:50:10.788832+00
c5f1ba34-dadd-4bf4-ace5-6347a7d95de5,/srv/fim-watch/gen_00093.txt,file_modified,alert_only,high,2026-09-17 23:40:46.466554+00,2026-09-17 23:50:10.802806+00
b8f67f70-e6f0-4532-83c3-7a5475b58328,/srv/fim-watch/gen_00071.txt,file_modified,alert_only,high,2026-09-17 23:40:46.567497+00,2026-09-17 23:50:10.816363+00
55d7b0ca-8851-4c7a-9a75-4b3fa939dfbe,/srv/fim-watch/gen_00006.txt,file_modified,alert_only,high,2026-09-17 23:40:46.667774+00,2026-09-17 23:50:10.829246+00
4fabc02c-6377-4a11-a321-d6643abe2194,/srv/fim-watch/gen_00101.txt,file_modified,alert_only,high,2026-09-17 23:40:46.767053+00,2026-09-17 23:50:10.842176+00
28e7a2e2-348b-43f6-863b-cc48a67021ac,/srv/fim-watch/gen_00101.txt,file_deleted,alert_only,high,2026-09-17 23:40:46.867991+00,2026-09-17 23:50:10.856465+00
926f3d19-204b-4529-87fe-e5d6767a0e37,/srv/fim-watch/gen_00049.txt,file_modified,alert_only,high,2026-09-17 23:40:46.967718+00,2026-09-17 23:50:10.869651+00
42dc25e1-9a89-4bb3-9df5-e9d2fd4b9ba2,/srv/fim-watch/gen_00067.txt,file_modified,alert_only,high,2026-09-17 23:40:47.068027+00,2026-09-17 23:50:10.883135+00
91e768ae-3a51-4b10-9dd1-711b49d713bb,/srv/fim-watch/gen_00067.txt,file_modified,alert_only,high,2026-09-17 23:40:47.167573+00,2026-09-17 23:50:10.89816+00
b1004104-4967-400d-b81f-cb2a09bc5cba,/srv/fim-watch/gen_00067.txt,file_modified,alert_only,high,2026-09-17 23:40:47.267509+00,2026-09-17 23:50:10.911587+00
57d237d1-9d42-43ba-9627-c445004970b5,/srv/fim-watch/gen_00067.txt,file_modified,alert_only,high,2026-09-17 23:40:47.367683+00,2026-09-17 23:50:10.925925+00
0e97ed9e-9dcd-424e-a11c-853bf22afa0d,/srv/fim-watch/gen_00067.txt,file_modified,alert_only,high,2026-09-17 23:40:47.467181+00,2026-09-17 23:50:10.939743+00
a20e22ae-68f9-4d15-88d2-cf9b0a8990ca,/srv/fim-watch/gen_00071.txt,file_modified,alert_only,high,2026-09-17 23:40:47.5677+00,2026-09-17 23:50:10.95285+00
1281a98b-f678-41ef-be35-54c890bc271b,/srv/fim-watch/gen_00102.txt,file_modified,alert_only,high,2026-09-17 23:40:47.667412+00,2026-09-17 23:50:10.965537+00
34fe5c1c-434f-4bc9-8fab-db270d7db6c8,/srv/fim-watch/gen_00103.txt,file_created,alert_only,high,2026-09-17 23:40:47.766542+00,2026-09-17 23:50:10.978165+00
1f1ac9f0-4432-4582-988b-573069081083,/srv/fim-watch/gen_00072.txt,file_modified,alert_only,high,2026-09-17 23:40:47.867059+00,2026-09-17 23:50:11.002578+00
690671b1-3792-463a-b90c-a59c4c02dca1,/srv/fim-watch/gen_00028.txt,file_modified,alert_only,high,2026-09-17 23:40:47.96765+00,2026-09-17 23:50:11.009525+00
7e54a74e-4ba2-4604-b4bb-698c2b6e63ec,/srv/fim-watch/critico/gen_00081.txt,file_deleted,alert_only,critical,2026-09-17 23:40:48.067477+00,2026-09-17 23:50:11.025634+00
4593d5be-460c-4726-a68b-860e4756d328,/srv/fim-watch/gen_00070.txt,file_modified,alert_only,high,2026-09-17 23:40:48.167043+00,2026-09-17 23:50:11.041578+00
65c4f54f-09b9-41d7-89af-e19be5a2b40d,/srv/fim-watch/gen_00050.txt,file_modified,alert_only,high,2026-09-17 23:40:48.267416+00,2026-09-17 23:50:11.057704+00
116f9fda-ac6f-460b-bce6-b6b722be2049,/srv/fim-watch/gen_00050.txt,file_modified,alert_only,high,2026-09-17 23:40:48.367726+00,2026-09-17 23:50:11.074508+00
38832ba1-a29a-49c1-9317-820750e5befc,/srv/fim-watch/gen_00050.txt,file_modified,alert_only,high,2026-09-17 23:40:48.467041+00,2026-09-17 23:50:11.090882+00
dd94fd15-c76d-4a5a-9d23-2b7db17c5d18,/srv/fim-watch/gen_00050.txt,file_modified,alert_only,high,2026-09-17 23:40:48.567583+00,2026-09-17 23:50:11.106854+00
f4fc7c42-26dd-4398-958c-b647c51a8fbb,/srv/fim-watch/gen_00050.txt,file_modified,alert_only,high,2026-09-17 23:40:48.667439+00,2026-09-17 23:50:11.124474+00
46e79fcc-36a4-4bf3-b284-a65a30d8e49f,/srv/fim-watch/gen_00071.txt,file_modified,alert_only,high,2026-09-17 23:40:48.767222+00,2026-09-17 23:50:11.141747+00
7adde2be-d0f2-40ab-89bf-c0b5973784c5,/srv/fim-watch/gen_00072.txt,file_modified,alert_only,high,2026-09-17 23:40:48.867347+00,2026-09-17 23:50:11.163722+00
c17a58bc-ed8c-44b4-904a-ffde15b55265,/srv/fim-watch/gen_00104.txt,file_modified,alert_only,high,2026-09-17 23:40:48.9674+00,2026-09-17 23:50:11.186141+00
3217c5ed-7ffc-4afd-8026-f87d68e69b7b,/srv/fim-watch/gen_00028.txt,file_modified,alert_only,high,2026-09-17 23:40:49.067611+00,2026-09-17 23:50:11.204499+00
6e668e3d-45af-418d-b494-ac4e7a89371b,/srv/fim-watch/critico/gen_00069.txt,file_modified,alert_only,critical,2026-09-17 23:40:49.167388+00,2026-09-17 23:50:11.222631+00
50901237-e531-40a0-895f-15d629d3bbdb,/srv/fim-watch/critico/gen_00069.txt,file_modified,alert_only,critical,2026-09-17 23:40:49.267222+00,2026-09-17 23:50:11.241387+00
8c882423-c0a8-4a69-b370-754da0ee494d,/srv/fim-watch/gen_00105.txt,file_modified,alert_only,high,2026-09-17 23:40:49.367262+00,2026-09-17 23:50:11.261087+00
ef9c9901-dba9-423e-aa85-e2b08746ad4c,/srv/fim-watch/gen_00048.txt,file_modified,alert_only,high,2026-09-17 23:40:49.467728+00,2026-09-17 23:50:11.282469+00
4186fe5f-722e-4ae9-8d62-3422018c8e4a,/srv/fim-watch/gen_00048.txt,file_modified,alert_only,high,2026-09-17 23:40:49.566838+00,2026-09-17 23:50:11.303682+00
6457c5bb-a892-4e4c-bd2a-31145c4b920a,/srv/fim-watch/gen_00086.txt,file_modified,alert_only,high,2026-09-17 23:40:49.667417+00,2026-09-17 23:50:11.322565+00
f30da954-29c7-4381-afa7-004c79dca856,/srv/fim-watch/gen_00036.txt,file_modified,alert_only,high,2026-09-17 23:40:49.767621+00,2026-09-17 23:50:11.341708+00
dcc9a15d-02ef-40c5-a535-253af969faaf,/srv/fim-watch/gen_00036.txt,file_modified,alert_only,high,2026-09-17 23:40:49.867505+00,2026-09-17 23:50:11.360777+00
35d9428b-b92d-44ca-8807-e91fc07e3584,/srv/fim-watch/gen_00040.txt,file_modified,alert_only,high,2026-09-17 23:40:49.967413+00,2026-09-17 23:50:11.379989+00
3bc4568a-f47c-425e-a1ce-c9510d72f496,/srv/fim-watch/gen_00036.txt,file_modified,alert_only,high,2026-09-17 23:40:50.067801+00,2026-09-17 23:50:11.398949+00
2d9b26c6-370e-4981-9dbd-1cd6bf83220c,/srv/fim-watch/gen_00036.txt,file_modified,alert_only,high,2026-09-17 23:40:50.167666+00,2026-09-17 23:50:11.418159+00
947c1c31-4a59-4c82-9692-5357f637d2d3,/srv/fim-watch/gen_00073.txt,file_modified,alert_only,high,2026-09-17 23:40:50.267522+00,2026-09-17 23:50:11.436456+00
6171ff9c-a16d-4943-813a-f6e6aad5956d,/srv/fim-watch/gen_00073.txt,file_modified,alert_only,high,2026-09-17 23:40:50.367684+00,2026-09-17 23:50:11.455111+00
3ec7683b-599b-4b1b-9a80-1bd27f94643a,/srv/fim-watch/gen_00042.txt,file_modified,alert_only,high,2026-09-17 23:40:50.467732+00,2026-09-17 23:50:11.473342+00
cf244a2e-1f30-4839-a222-753906f5f876,/srv/fim-watch/gen_00040.txt,file_modified,alert_only,high,2026-09-17 23:40:50.567192+00,2026-09-17 23:50:11.492188+00
6a6552af-45de-4ae9-9be0-df86c1cdf307,/srv/fim-watch/gen_00088.txt,file_modified,alert_only,high,2026-09-17 23:40:50.667695+00,2026-09-17 23:50:11.513629+00
a0354cb5-d5ff-4c3f-ac27-dc81567d028c,/srv/fim-watch/gen_00106.txt,file_modified,alert_only,high,2026-09-17 23:40:50.766712+00,2026-09-17 23:51:13.85291+00
dcf83051-e9bf-4907-abf1-24607b60868b,/srv/fim-watch/gen_00076.txt,file_modified,alert_only,high,2026-09-17 23:40:50.866621+00,2026-09-17 23:51:13.883024+00
29f9cb1f-1683-41ce-b233-a2fbb75ed394,/srv/fim-watch/gen_00072.txt,file_modified,alert_only,high,2026-09-17 23:40:50.967042+00,2026-09-17 23:51:13.894961+00
a3864f9e-fcec-4b29-b752-664672879e15,/srv/fim-watch/gen_00036.txt,file_modified,alert_only,high,2026-09-17 23:40:51.067523+00,2026-09-17 23:51:13.933981+00
bd083b7a-6a66-49f5-8cee-11a4dcccf3a4,/srv/fim-watch/gen_00036.txt,file_modified,alert_only,high,2026-09-17 23:40:51.167474+00,2026-09-17 23:51:13.944341+00
2c4c8949-d78f-4866-b5ea-b74007100ffb,/srv/fim-watch/gen_00049.txt,file_modified,alert_only,high,2026-09-17 23:40:51.267478+00,2026-09-17 23:51:13.968623+00
ab584727-a182-4f40-8f99-765782aa1ba7,/srv/fim-watch/gen_00107.txt,file_modified,alert_only,high,2026-09-17 23:40:51.367826+00,2026-09-17 23:51:13.988875+00
9b24b21d-5118-4b91-9d1e-97c0222b4c87,/srv/fim-watch/gen_00107.txt,file_deleted,alert_only,high,2026-09-17 23:40:51.467113+00,2026-09-17 23:51:14.012264+00
f0a2d1f7-4d2e-406f-9817-a21058ba1755,/srv/fim-watch/gen_00054.txt,file_modified,alert_only,high,2026-09-17 23:40:51.567406+00,2026-09-17 23:51:14.032112+00
8b9d9c9a-1993-4d38-beae-e5b9ba83222d,/srv/fim-watch/gen_00103.txt,file_modified,alert_only,high,2026-09-17 23:40:51.667542+00,2026-09-17 23:51:14.053165+00
93b70bd6-da0b-4e89-9932-800e4b8020f7,/srv/fim-watch/gen_00064.txt,file_modified,alert_only,high,2026-09-17 23:40:51.767476+00,2026-09-17 23:51:14.088254+00
11a15cb2-8ee2-4446-a520-7c007762c20c,/srv/fim-watch/gen_00096.txt,file_modified,alert_only,high,2026-09-17 23:40:51.867931+00,2026-09-17 23:51:14.097154+00
fcfdafa1-965c-4647-80dc-a40a22d372cb,/srv/fim-watch/gen_00078.txt,file_modified,alert_only,high,2026-09-17 23:40:51.967648+00,2026-09-17 23:51:14.117251+00
42e74d83-4669-495a-8639-bdd4ae5020cb,/srv/fim-watch/gen_00020.txt,file_modified,alert_only,high,2026-09-17 23:40:52.067686+00,2026-09-17 23:51:14.138227+00
6b347948-1d79-406f-915c-80d62f305a6a,/srv/fim-watch/gen_00044.txt,file_modified,alert_only,high,2026-09-17 23:40:52.168002+00,2026-09-17 23:51:14.159995+00
29a1ff2f-5dec-4b4d-be27-fc694fc300c8,/srv/fim-watch/gen_00073.txt,file_modified,alert_only,high,2026-09-17 23:40:52.268084+00,2026-09-17 23:51:14.180231+00
ad8abbf8-c959-42f8-8321-1d509ffdb456,/srv/fim-watch/gen_00073.txt,file_modified,alert_only,high,2026-09-17 23:40:52.367586+00,2026-09-17 23:51:14.201887+00
ab3767c8-8e41-4372-9712-82b4ae6a887f,/srv/fim-watch/gen_00108.txt,file_modified,alert_only,high,2026-09-17 23:40:52.467807+00,2026-09-17 23:51:14.231627+00
d9c1f5fa-daeb-4a22-8e5e-a4f2c7c4528d,/srv/fim-watch/gen_00109.txt,file_modified,alert_only,high,2026-09-17 23:40:52.567414+00,2026-09-17 23:51:14.257793+00
1243135f-8f46-41e6-95b3-ebaf2d31c9b3,/srv/fim-watch/gen_00033.txt,file_modified,alert_only,high,2026-09-17 23:40:52.667287+00,2026-09-17 23:51:14.284009+00
f17a3489-3ee5-4920-a34f-6b39e4fba964,/srv/fim-watch/gen_00029.txt,file_modified,alert_only,high,2026-09-17 23:40:52.768122+00,2026-09-17 23:51:14.308132+00
b3feaed3-5825-4492-aebe-fd3bcc8010a4,/srv/fim-watch/gen_00029.txt,file_modified,alert_only,high,2026-09-17 23:40:52.867329+00,2026-09-17 23:51:14.335969+00
efe9bd18-52b0-47cd-8b01-ce3cbed29863,/srv/fim-watch/critico/gen_00110.txt,file_modified,alert_only,critical,2026-09-17 23:40:52.968154+00,2026-09-17 23:51:14.360875+00
85265e7c-66ff-4cf6-b968-b1d796cbaae4,/srv/fim-watch/gen_00111.txt,file_modified,alert_only,high,2026-09-17 23:40:53.067548+00,2026-09-17 23:51:14.384959+00
d091b314-d90a-47d8-9090-781fc5d251c4,/srv/fim-watch/gen_00079.txt,file_modified,alert_only,high,2026-09-17 23:40:53.167833+00,2026-09-17 23:51:14.411683+00
030503e6-1ba8-4688-a9c0-0d25877b12ed,/srv/fim-watch/gen_00060.txt,file_modified,alert_only,high,2026-09-17 23:40:53.268131+00,2026-09-17 23:51:14.441093+00
6ad9d5b2-37db-46e0-ad9f-b91ef293274e,/srv/fim-watch/gen_00112.txt,file_modified,alert_only,high,2026-09-17 23:40:53.367684+00,2026-09-17 23:51:14.476535+00
367a6d51-b6bf-4d36-887b-45c499ee9460,/srv/fim-watch/gen_00112.txt,file_deleted,alert_only,high,2026-09-17 23:40:53.467484+00,2026-09-17 23:51:14.500379+00
6805971e-31b3-4458-a430-25d977a5b51f,/srv/fim-watch/gen_00088.txt,file_modified,alert_only,high,2026-09-17 23:40:53.568135+00,2026-09-17 23:51:14.520817+00
ab3dee67-8eef-42ab-a62a-702c3cc98768,/srv/fim-watch/gen_00088.txt,file_modified,alert_only,high,2026-09-17 23:40:53.667756+00,2026-09-17 23:51:14.538822+00
7fe063f6-0ef7-4480-8e04-5da25716053c,/srv/fim-watch/gen_00058.txt,file_modified,alert_only,high,2026-09-17 23:40:53.767417+00,2026-09-17 23:51:14.563185+00
5f1e4fd5-f609-47b8-ba31-64ce5f33533e,/srv/fim-watch/gen_00048.txt,file_modified,alert_only,high,2026-09-17 23:40:53.867539+00,2026-09-17 23:51:14.583592+00
35a5a7f7-dafa-499a-8837-f9ce0fbaf69b,/srv/fim-watch/gen_00042.txt,file_modified,alert_only,high,2026-09-17 23:40:53.967966+00,2026-09-17 23:51:14.614897+00
bf54f34f-1e5f-4b88-bd7c-ca7f929de26f,/srv/fim-watch/gen_00042.txt,file_modified,alert_only,high,2026-09-17 23:40:54.067214+00,2026-09-17 23:51:14.63748+00
b2834112-88e1-4dca-ba03-f67ea3b6461e,/srv/fim-watch/gen_00059.txt,file_deleted,alert_only,high,2026-09-17 23:40:54.167387+00,2026-09-17 23:51:14.65801+00
36ad9754-36a9-48e4-ad8c-ecd6c69a4e87,/srv/fim-watch/gen_00113.txt,file_modified,alert_only,high,2026-09-17 23:40:54.267513+00,2026-09-17 23:51:14.672477+00
334fabfa-40d2-46d8-917c-e917ef274820,/srv/fim-watch/gen_00092.txt,file_deleted,alert_only,high,2026-09-17 23:40:54.367574+00,2026-09-17 23:51:14.687124+00
105d4aae-3c78-4fe7-b3a0-c6f913069d62,/srv/fim-watch/gen_00006.txt,file_modified,alert_only,high,2026-09-17 23:40:54.467496+00,2026-09-17 23:51:14.703511+00
26433240-bb3f-4ae6-bc44-22358108f408,/srv/fim-watch/gen_00072.txt,file_modified,alert_only,high,2026-09-17 23:40:54.567207+00,2026-09-17 23:51:14.716662+00
46d57ace-73ee-4543-b14e-ac877d68dbf5,/srv/fim-watch/gen_00072.txt,file_modified,alert_only,high,2026-09-17 23:40:54.667481+00,2026-09-17 23:51:14.730386+00
983d35e9-b102-4c3f-bef5-e71b8597d722,/srv/fim-watch/gen_00070.txt,file_modified,alert_only,high,2026-09-17 23:40:54.767543+00,2026-09-17 23:51:14.757542+00
edb8bf8c-0ce1-4dac-9c68-9b353f70c2a5,/srv/fim-watch/gen_00079.txt,file_modified,alert_only,high,2026-09-17 23:40:54.867637+00,2026-09-17 23:51:14.763532+00
c6156f8f-ca6e-42f9-bb3c-e51b0a52fe79,/srv/fim-watch/gen_00079.txt,file_modified,alert_only,high,2026-09-17 23:40:54.967037+00,2026-09-17 23:51:14.778915+00
8aa42984-cf01-4517-bc0b-ae391c3c4264,/srv/fim-watch/gen_00079.txt,file_modified,alert_only,high,2026-09-17 23:40:55.067382+00,2026-09-17 23:51:14.794879+00
eb41e9a0-7f97-43d3-b469-64aa85fdf8e4,/srv/fim-watch/gen_00079.txt,file_modified,alert_only,high,2026-09-17 23:40:55.167514+00,2026-09-17 23:51:14.811537+00
b879d8de-9c0d-4b64-b0ed-29a167e87c7a,/srv/fim-watch/gen_00079.txt,file_modified,alert_only,high,2026-09-17 23:40:55.267607+00,2026-09-17 23:51:14.827908+00
790e7342-3e2f-4297-83ec-74b5dfdcd822,/srv/fim-watch/gen_00020.txt,file_modified,alert_only,high,2026-09-17 23:40:55.367889+00,2026-09-17 23:51:14.845665+00
cd401901-1439-4e04-a03b-69a5d5404e6f,/srv/fim-watch/gen_00060.txt,file_modified,alert_only,high,2026-09-17 23:40:55.467513+00,2026-09-17 23:51:14.862113+00
31327ff3-decb-40c9-996d-dbea18927b87,/srv/fim-watch/gen_00049.txt,file_modified,alert_only,high,2026-09-17 23:40:55.567833+00,2026-09-17 23:51:14.87718+00
e533e1b1-b379-44b9-bccb-15fc03d4c98c,/srv/fim-watch/gen_00114.txt,file_modified,alert_only,high,2026-09-17 23:40:55.667093+00,2026-09-17 23:51:14.891478+00
870a52fb-954b-4438-b70a-d89a389abc53,/srv/fim-watch/gen_00115.txt,file_modified,alert_only,high,2026-09-17 23:40:55.767047+00,2026-09-17 23:51:14.917011+00
a303afb0-4467-4ee6-9ac4-7e992caeb267,/srv/fim-watch/gen_00033.txt,file_modified,alert_only,high,2026-09-17 23:40:55.867215+00,2026-09-17 23:51:14.939879+00
0fcfde62-bce0-427f-9ad8-300c242b32b6,/srv/fim-watch/gen_00088.txt,file_modified,alert_only,high,2026-09-17 23:40:55.966795+00,2026-09-17 23:51:14.964857+00
f6fa4702-7eeb-4510-8cc7-e62e03d30a29,/srv/fim-watch/gen_00116.txt,file_modified,alert_only,high,2026-09-17 23:40:56.066812+00,2026-09-17 23:51:14.982238+00
b20e5ccd-ed1d-4479-9d1a-b172a22d2dd3,/srv/fim-watch/gen_00106.txt,file_modified,alert_only,high,2026-09-17 23:40:56.167329+00,2026-09-17 23:51:15.001709+00
984a3148-6ceb-4c59-a9fd-e0ab2e387f9a,/srv/fim-watch/gen_00016.txt,file_modified,alert_only,high,2026-09-17 23:40:56.267547+00,2026-09-17 23:51:15.01673+00
2bf5b099-c465-4b6a-8a20-d17ee8e4e641,/srv/fim-watch/gen_00117.txt,file_modified,alert_only,high,2026-09-17 23:40:56.367464+00,2026-09-17 23:51:15.034058+00
ac78a9cd-e962-4d3e-ba42-baba35864299,/srv/fim-watch/gen_00067.txt,file_modified,alert_only,high,2026-09-17 23:40:56.466293+00,2026-09-17 23:51:15.053488+00
91acbc4f-1580-43ff-bf1e-9b9a5d503951,/srv/fim-watch/critico/gen_00094.txt,file_deleted,alert_only,critical,2026-09-17 23:40:56.567685+00,2026-09-17 23:51:15.072531+00
ff8bceff-e49f-46ee-a6d6-f592c2c85e5c,/srv/fim-watch/gen_00028.txt,file_deleted,alert_only,high,2026-09-17 23:40:56.667126+00,2026-09-17 23:51:15.094922+00
de030bd9-6643-41bb-9cdf-d3ed2eef9086,/srv/fim-watch/gen_00050.txt,file_modified,alert_only,high,2026-09-17 23:40:56.767936+00,2026-09-17 23:51:15.115641+00
19c6220e-f4e7-4866-af0c-869ba402dd10,/srv/fim-watch/critico/gen_00069.txt,file_modified,alert_only,critical,2026-09-17 23:40:56.867961+00,2026-09-17 23:51:15.134964+00
9d30b00a-238b-4e60-be62-b7b240835f5b,/srv/fim-watch/gen_00118.txt,file_modified,alert_only,high,2026-09-17 23:40:56.967368+00,2026-09-17 23:51:15.154626+00
64cba0ee-ed12-4d54-ba34-14364b594d05,/srv/fim-watch/gen_00118.txt,file_deleted,alert_only,high,2026-09-17 23:40:57.067441+00,2026-09-17 23:51:15.172666+00
59c84ec2-dfb6-4084-b9b4-a0114618db62,/srv/fim-watch/gen_00044.txt,file_modified,alert_only,high,2026-09-17 23:40:57.167578+00,2026-09-17 23:51:15.19123+00
313dd76a-6226-4218-b0fe-a9e5860bea7a,/srv/fim-watch/gen_00044.txt,file_modified,alert_only,high,2026-09-17 23:40:57.267796+00,2026-09-17 23:51:15.209141+00
60bbada8-2a2e-400d-b450-c25121ef2255,/srv/fim-watch/gen_00044.txt,file_modified,alert_only,high,2026-09-17 23:40:57.36776+00,2026-09-17 23:51:15.226643+00
1bd3ba45-732a-46a6-8b37-df6b64463704,/srv/fim-watch/gen_00044.txt,file_modified,alert_only,high,2026-09-17 23:40:57.467763+00,2026-09-17 23:51:15.246596+00
5a0fab48-5673-405f-8728-7f71098e8a2b,/srv/fim-watch/gen_00044.txt,file_modified,alert_only,high,2026-09-17 23:40:57.56798+00,2026-09-17 23:51:15.2649+00
abf0990f-6b19-4dd4-82ba-6f9bc4898a00,/srv/fim-watch/gen_00116.txt,file_modified,alert_only,high,2026-09-17 23:40:57.667526+00,2026-09-17 23:51:15.284495+00
3cc5fb86-ee18-486c-af66-3fd5aaec4a81,/srv/fim-watch/gen_00119.txt,file_modified,alert_only,high,2026-09-17 23:40:57.76766+00,2026-09-17 23:51:15.311392+00
b4dbd9c4-95dd-4977-b833-8a02a73218ad,/srv/fim-watch/gen_00042.txt,file_modified,alert_only,high,2026-09-17 23:40:57.867558+00,2026-09-17 23:51:15.333044+00
86f166fa-113b-4cda-90cc-217a2270c004,/srv/fim-watch/gen_00120.txt,file_modified,alert_only,high,2026-09-17 23:40:57.96721+00,2026-09-17 23:51:15.354581+00
1ba94e4c-19de-451b-a595-eca5b01130ee,/srv/fim-watch/gen_00121.txt,file_modified,alert_only,high,2026-09-17 23:40:58.067663+00,2026-09-17 23:51:15.375025+00
089d5829-c267-401e-8a9f-6705fd14b726,/srv/fim-watch/gen_00058.txt,file_modified,alert_only,high,2026-09-17 23:40:58.167473+00,2026-09-17 23:51:15.397058+00
64a3c271-7966-4333-829e-736891fd89ce,/srv/fim-watch/gen_00122.txt,file_modified,alert_only,high,2026-09-17 23:40:58.267904+00,2026-09-17 23:51:15.419414+00
1cab2de8-ffe6-42a1-b490-0006aba26092,/srv/fim-watch/critico/gen_00123.txt,file_modified,alert_only,critical,2026-09-17 23:40:58.367614+00,2026-09-17 23:51:15.436389+00
7c828535-aecb-4a8e-a0f9-c53fe3e070fe,/srv/fim-watch/gen_00102.txt,file_modified,alert_only,high,2026-09-17 23:40:58.467456+00,2026-09-17 23:51:15.454408+00
5056d6f2-aa77-4490-9a97-2d657a616c21,/srv/fim-watch/gen_00090.txt,file_modified,alert_only,high,2026-09-17 23:40:58.567755+00,2026-09-17 23:51:15.470568+00
c3a8f27e-cb06-4ef9-b8ba-e5aea291de58,/srv/fim-watch/gen_00090.txt,file_modified,alert_only,high,2026-09-17 23:40:58.667576+00,2026-09-17 23:51:15.486887+00
3331f3d4-76c3-4a7b-8af6-05883416059c,/srv/fim-watch/gen_00098.txt,file_modified,alert_only,high,2026-09-17 23:40:58.767501+00,2026-09-17 23:51:15.502517+00
5a5c4ca9-6ea0-4bdd-b70b-8134da1cbe2c,/srv/fim-watch/gen_00068.txt,file_modified,alert_only,high,2026-09-17 23:40:58.867702+00,2026-09-17 23:51:15.51783+00
2051c69b-3839-4ef7-9a02-c9564a38ceb2,/srv/fim-watch/critico/gen_00047.txt,file_deleted,alert_only,critical,2026-09-17 23:40:58.967579+00,2026-09-17 23:51:15.53339+00
946d0374-6b2e-4185-9673-a74923d00bfa,/srv/fim-watch/critico/gen_00061.txt,file_modified,alert_only,critical,2026-09-17 23:40:59.067708+00,2026-09-17 23:51:15.5497+00
f10bc920-1596-4d72-bf39-3650a7ac1282,/srv/fim-watch/critico/gen_00069.txt,file_modified,alert_only,critical,2026-09-17 23:40:59.167366+00,2026-09-17 23:51:15.565611+00
22f7df5b-284d-45a2-be2e-3990f7670ee0,/srv/fim-watch/gen_00124.txt,file_modified,alert_only,high,2026-09-17 23:40:59.267106+00,2026-09-17 23:51:15.583145+00
d5cb29f5-1c7d-4758-86a0-5bca2bc8ccc0,/srv/fim-watch/gen_00097.txt,file_deleted,alert_only,high,2026-09-17 23:40:59.367711+00,2026-09-17 23:51:15.599323+00
066c6570-34da-4153-87c7-716208391011,/srv/fim-watch/gen_00033.txt,file_modified,alert_only,high,2026-09-17 23:40:59.467725+00,2026-09-17 23:51:15.614395+00
36a39e5b-57a9-435d-b871-89d90826a157,/srv/fim-watch/gen_00076.txt,file_deleted,alert_only,high,2026-09-17 23:40:59.567473+00,2026-09-17 23:51:15.62989+00
a2692f89-6331-4e7e-b177-7004534c0a1c,/srv/fim-watch/gen_00100.txt,file_modified,alert_only,high,2026-09-17 23:40:59.667155+00,2026-09-17 23:51:15.644594+00
83ad8d20-8dfa-463a-9366-354e863793a1,/srv/fim-watch/critico/gen_00053.txt,file_modified,alert_only,critical,2026-09-17 23:40:59.76743+00,2026-09-17 23:51:15.669199+00
1917a0fc-58d6-4d74-8540-9304419288b2,/srv/fim-watch/gen_00093.txt,file_modified,alert_only,high,2026-09-17 23:40:59.867738+00,2026-09-17 23:51:15.676462+00
560be832-ebc0-45fc-99f2-0fc34bf1ad76,/srv/fim-watch/gen_00125.txt,file_modified,alert_only,high,2026-09-17 23:40:59.967726+00,2026-09-17 23:51:15.69047+00
e9ff5574-0bc0-4593-9587-e38e0ac2ee99,/srv/fim-watch/gen_00104.txt,file_modified,alert_only,high,2026-09-17 23:41:00.067581+00,2026-09-17 23:51:15.704917+00
f00563da-b874-450b-8ab2-d08f3c59b158,/srv/fim-watch/gen_00115.txt,file_modified,alert_only,high,2026-09-17 23:41:00.167449+00,2026-09-17 23:51:15.719236+00
52cec9fe-4a34-4730-a12a-28bf80c0896d,/srv/fim-watch/gen_00126.txt,file_modified,alert_only,high,2026-09-17 23:41:00.267639+00,2026-09-17 23:51:15.735205+00
8839cbde-234c-442a-9218-89e57197093d,/srv/fim-watch/gen_00114.txt,file_modified,alert_only,high,2026-09-17 23:41:00.367709+00,2026-09-17 23:51:15.753608+00
e9b9391b-c763-4385-b51f-f4f6c8959177,/srv/fim-watch/gen_00122.txt,file_modified,alert_only,high,2026-09-17 23:41:00.467518+00,2026-09-17 23:51:15.771244+00
3d7150bc-fc5f-4000-a58a-18a7cc7cb279,/srv/fim-watch/gen_00127.txt,file_modified,alert_only,high,2026-09-17 23:41:00.567458+00,2026-09-17 23:51:15.788663+00
277110a8-78d5-4070-b719-10b82ab745f0,/srv/fim-watch/gen_00128.txt,file_modified,alert_only,high,2026-09-17 23:41:00.667023+00,2026-09-17 23:51:15.803577+00
9b989076-77f8-4387-a47f-9d50dbe7fcdc,/srv/fim-watch/gen_00098.txt,file_modified,alert_only,high,2026-09-17 23:41:00.767387+00,2026-09-17 23:52:16.810599+00
242f1072-e4ca-413f-b7e3-4a66e8c07cef,/srv/fim-watch/critico/gen_00110.txt,file_modified,alert_only,critical,2026-09-17 23:41:00.867089+00,2026-09-17 23:52:16.848348+00
c94dddcc-edc9-4f40-a44a-a18c69c1e0e7,/srv/fim-watch/critico/gen_00110.txt,file_modified,alert_only,critical,2026-09-17 23:41:00.967286+00,2026-09-17 23:52:16.873341+00
57dcc7d7-aa33-4792-b8a0-7b8775dce8e2,/srv/fim-watch/gen_00090.txt,file_deleted,alert_only,high,2026-09-17 23:41:01.066534+00,2026-09-17 23:52:16.881423+00
92777de6-0b25-47e2-82aa-805f85be0932,/srv/fim-watch/gen_00116.txt,file_modified,alert_only,high,2026-09-17 23:41:01.167726+00,2026-09-17 23:52:16.900646+00
17704a8b-f59c-45e3-aca7-44b9dbd43603,/srv/fim-watch/gen_00125.txt,file_modified,alert_only,high,2026-09-17 23:41:01.267893+00,2026-09-17 23:52:16.919108+00
914ce16f-8b70-4d0d-97f2-dcc0afeb7668,/srv/fim-watch/gen_00129.txt,file_modified,alert_only,high,2026-09-17 23:41:01.367351+00,2026-09-17 23:52:16.949149+00
3496e170-d2c6-40bb-baf6-c4cc60bcf30c,/srv/fim-watch/critico/gen_00130.txt,file_modified,alert_only,critical,2026-09-17 23:41:01.467412+00,2026-09-17 23:52:16.958939+00
e6874aa5-aae1-431d-825b-a030bce195b5,/srv/fim-watch/gen_00131.txt,file_modified,alert_only,high,2026-09-17 23:41:01.566418+00,2026-09-17 23:52:16.978163+00
92361420-a0f8-4fab-bcc3-d56836d6882a,/srv/fim-watch/gen_00100.txt,file_modified,alert_only,high,2026-09-17 23:41:01.666947+00,2026-09-17 23:52:16.997565+00
525bab06-941b-4e21-bd21-cfa76ec3253b,/srv/fim-watch/gen_00054.txt,file_modified,alert_only,high,2026-09-17 23:41:01.767653+00,2026-09-17 23:52:17.021127+00
29efce9e-5ac3-4f5b-a284-2fde32c809be,/srv/fim-watch/gen_00132.txt,file_modified,alert_only,high,2026-09-17 23:41:01.867469+00,2026-09-17 23:52:17.042588+00
7abea685-06a9-4a6d-a6e2-11ec888b01a6,/srv/fim-watch/gen_00129.txt,file_modified,alert_only,high,2026-09-17 23:41:01.967635+00,2026-09-17 23:52:17.062443+00
232d9d11-d875-4a6c-86aa-3aba9872c5fb,/srv/fim-watch/gen_00099.txt,file_modified,alert_only,high,2026-09-17 23:41:02.067824+00,2026-09-17 23:52:17.081249+00
d5f0d523-331c-4e09-8ad5-4eb034fef9b6,/srv/fim-watch/gen_00099.txt,file_modified,alert_only,high,2026-09-17 23:41:02.167408+00,2026-09-17 23:52:17.102354+00
c09c75f3-31aa-4061-96ec-d12c472e0102,/srv/fim-watch/critico/gen_00061.txt,file_modified,alert_only,critical,2026-09-17 23:41:02.267636+00,2026-09-17 23:52:17.122777+00
6cb9a680-19c3-4eb3-b2f5-ecd840d2dd01,/srv/fim-watch/gen_00104.txt,file_modified,alert_only,high,2026-09-17 23:41:02.367054+00,2026-09-17 23:52:17.14493+00
258ee63c-bef3-40db-9c4f-1b74319a20eb,/srv/fim-watch/critico/gen_00110.txt,file_modified,alert_only,critical,2026-09-17 23:41:02.467171+00,2026-09-17 23:52:17.166749+00
7f6dbd2e-01d5-4eb9-b83f-8bed7c4fd06c,/srv/fim-watch/critico/gen_00110.txt,file_deleted,alert_only,critical,2026-09-17 23:41:02.566747+00,2026-09-17 23:52:17.186909+00
f0cfc438-9cb7-4285-a15a-bc60681eb5c4,/srv/fim-watch/gen_00079.txt,file_modified,alert_only,high,2026-09-17 23:41:02.667086+00,2026-09-17 23:52:17.219408+00
98abfc9b-8271-4668-879e-1d46ccc35f78,/srv/fim-watch/gen_00109.txt,file_modified,alert_only,high,2026-09-17 23:41:02.767591+00,2026-09-17 23:52:17.228792+00
0dababda-aa15-47c7-9508-2ae5ee48624f,/srv/fim-watch/gen_00119.txt,file_deleted,alert_only,high,2026-09-17 23:41:02.867174+00,2026-09-17 23:52:17.257317+00
c56d21cf-a4bb-4b1a-b4ae-0a1323a07c16,/srv/fim-watch/gen_00042.txt,file_modified,alert_only,high,2026-09-17 23:41:02.966834+00,2026-09-17 23:52:17.288916+00
3027992a-fd2f-430f-bdeb-4775a0f4f05a,/srv/fim-watch/gen_00093.txt,file_modified,alert_only,high,2026-09-17 23:41:03.066789+00,2026-09-17 23:52:17.311652+00
d3abc586-7855-4e9a-8aaa-81e0b211210a,/srv/fim-watch/critico/gen_00069.txt,file_deleted,alert_only,critical,2026-09-17 23:41:03.167312+00,2026-09-17 23:52:17.331254+00
b2d14724-0e1c-433b-a243-6a8d7d8fd1f5,/srv/fim-watch/gen_00133.txt,file_modified,alert_only,high,2026-09-17 23:41:03.267071+00,2026-09-17 23:52:17.354918+00
71e22689-cd44-4aef-93f9-649be797a051,/srv/fim-watch/gen_00133.txt,file_deleted,alert_only,high,2026-09-17 23:41:03.367341+00,2026-09-17 23:52:17.374925+00
43061b6a-4f89-4cbb-81d7-c08402bc3dc7,/srv/fim-watch/gen_00079.txt,file_modified,alert_only,high,2026-09-17 23:41:03.466818+00,2026-09-17 23:52:17.396854+00
67fce436-b8d1-439f-9fb5-3aba466eef12,/srv/fim-watch/gen_00116.txt,file_modified,alert_only,high,2026-09-17 23:41:03.567599+00,2026-09-17 23:52:17.419399+00
a2098919-9914-4834-85a9-09d83ed98ffe,/srv/fim-watch/gen_00068.txt,file_modified,alert_only,high,2026-09-17 23:41:03.667495+00,2026-09-17 23:52:17.440494+00
8941d081-8c94-471c-99d9-c0439dc84a93,/srv/fim-watch/gen_00088.txt,file_modified,alert_only,high,2026-09-17 23:41:03.767178+00,2026-09-17 23:52:17.46058+00
0c7d96bf-c32c-460e-b734-78bc7393e4d4,/srv/fim-watch/gen_00088.txt,file_modified,alert_only,high,2026-09-17 23:41:03.867691+00,2026-09-17 23:52:17.482533+00
e6d8e492-6fd7-43ef-a31e-02b7f4adc744,/srv/fim-watch/gen_00088.txt,file_modified,alert_only,high,2026-09-17 23:41:03.967636+00,2026-09-17 23:52:17.503265+00
581eacee-eeb5-4778-813f-e272346777ca,/srv/fim-watch/gen_00088.txt,file_modified,alert_only,high,2026-09-17 23:41:04.067732+00,2026-09-17 23:52:17.523066+00
0a1fa9a3-b96d-425f-8178-858c02a1d084,/srv/fim-watch/gen_00088.txt,file_modified,alert_only,high,2026-09-17 23:41:04.167429+00,2026-09-17 23:52:17.546613+00
3fdcb04e-bef9-448a-9d49-4957bc845ed3,/srv/fim-watch/gen_00134.txt,file_modified,alert_only,high,2026-09-17 23:41:04.267514+00,2026-09-17 23:52:17.565979+00
1ba775b0-3e31-4bc6-beb8-56aa3ecba73a,/srv/fim-watch/gen_00100.txt,file_modified,alert_only,high,2026-09-17 23:41:04.367246+00,2026-09-17 23:52:17.585361+00
f0339be2-3d86-4b0f-8a41-986ca7c0b001,/srv/fim-watch/gen_00044.txt,file_deleted,alert_only,high,2026-09-17 23:41:04.467492+00,2026-09-17 23:52:17.605077+00
c99588db-2800-464b-9e10-baa96ab3b556,/srv/fim-watch/gen_00135.txt,file_modified,alert_only,high,2026-09-17 23:41:04.567563+00,2026-09-17 23:52:17.625565+00
d2aaf896-1919-4722-b92d-749e0da67128,/srv/fim-watch/gen_00060.txt,file_modified,alert_only,high,2026-09-17 23:41:04.666937+00,2026-09-17 23:52:17.64578+00
d460fec7-4be9-4394-8520-1b4511166f3b,/srv/fim-watch/gen_00121.txt,file_modified,alert_only,high,2026-09-17 23:41:04.767422+00,2026-09-17 23:52:17.664835+00
e767c112-03ac-4e57-a7fa-4d371c98f674,/srv/fim-watch/gen_00121.txt,file_modified,alert_only,high,2026-09-17 23:41:04.867196+00,2026-09-17 23:52:17.680607+00
183b2176-a979-4518-89c3-4d83a5fab8d7,/srv/fim-watch/gen_00121.txt,file_modified,alert_only,high,2026-09-17 23:41:04.967563+00,2026-09-17 23:52:17.698603+00
9d20b989-2ae5-4f92-8cf6-8c37b7c6028b,/srv/fim-watch/gen_00121.txt,file_modified,alert_only,high,2026-09-17 23:41:05.067181+00,2026-09-17 23:52:17.717104+00
36a68010-6b20-459d-aab3-b4c8ca6f8f33,/srv/fim-watch/gen_00121.txt,file_modified,alert_only,high,2026-09-17 23:41:05.167434+00,2026-09-17 23:52:17.734161+00
86d81f38-f9be-450c-bbe5-e66b81db9930,/srv/fim-watch/gen_00084.txt,file_modified,alert_only,high,2026-09-17 23:41:05.26713+00,2026-09-17 23:52:17.749894+00
17f60c2a-f6c0-44cd-a9e6-423253cbd896,/srv/fim-watch/gen_00084.txt,file_modified,alert_only,high,2026-09-17 23:41:05.367469+00,2026-09-17 23:52:17.764932+00
11eb43b9-262d-4f72-8173-dd0cfbd5116a,/srv/fim-watch/gen_00136.txt,file_modified,alert_only,high,2026-09-17 23:41:05.467443+00,2026-09-17 23:52:17.780304+00
bd975e4f-f243-4797-a253-288844d5b63b,/srv/fim-watch/gen_00100.txt,file_modified,alert_only,high,2026-09-17 23:41:05.56754+00,2026-09-17 23:52:17.795739+00
005b4e16-29fb-46f2-9d0d-c4dab7e7a9dd,/srv/fim-watch/gen_00060.txt,file_modified,alert_only,high,2026-09-17 23:41:05.667004+00,2026-09-17 23:52:17.812287+00
07675a4b-335b-4957-a020-78787242f402,/srv/fim-watch/gen_00060.txt,file_modified,alert_only,high,2026-09-17 23:41:05.767175+00,2026-09-17 23:52:17.830311+00
543a59d7-d931-45b2-ad6d-9e68dc9360c1,/srv/fim-watch/gen_00067.txt,file_modified,alert_only,high,2026-09-17 23:41:05.867577+00,2026-09-17 23:52:17.845808+00
d6c40e8b-90d4-497c-b3db-0905e8dc8056,/srv/fim-watch/gen_00042.txt,file_modified,alert_only,high,2026-09-17 23:41:05.967507+00,2026-09-17 23:52:17.861251+00
441e2fa6-ff9a-42f7-bd9c-4f0f8dcef44f,/srv/fim-watch/gen_00137.txt,file_modified,alert_only,high,2026-09-17 23:41:06.066962+00,2026-09-17 23:52:17.876901+00
eb18455b-9341-420d-9bcf-625a6b71a172,/srv/fim-watch/gen_00137.txt,file_deleted,alert_only,high,2026-09-17 23:41:06.167131+00,2026-09-17 23:52:17.892994+00
593ad81c-78a4-4f88-8379-68e4484e0feb,/srv/fim-watch/critico/gen_00061.txt,file_modified,alert_only,critical,2026-09-17 23:41:06.26731+00,2026-09-17 23:52:17.909288+00
0e026b18-660c-4444-b988-f01f26e7ea26,/srv/fim-watch/gen_00121.txt,file_deleted,alert_only,high,2026-09-17 23:41:06.367271+00,2026-09-17 23:52:17.925678+00
b7f807a0-59d9-4af2-a02b-68aecb739d4d,/srv/fim-watch/gen_00085.txt,file_modified,alert_only,high,2026-09-17 23:41:06.467698+00,2026-09-17 23:52:17.94071+00
4de3f2ac-71b3-4602-8894-056f3dab2a65,/srv/fim-watch/gen_00085.txt,file_modified,alert_only,high,2026-09-17 23:41:06.566445+00,2026-09-17 23:52:17.956339+00
47bf7f4d-fe2a-430d-a41f-41f48d086716,/srv/fim-watch/gen_00116.txt,file_modified,alert_only,high,2026-09-17 23:41:06.66757+00,2026-09-17 23:52:17.972608+00
bc2f78a5-7dc1-4d01-870f-b0e0cf472c2d,/srv/fim-watch/gen_00136.txt,file_modified,alert_only,high,2026-09-17 23:41:06.767034+00,2026-09-17 23:52:17.98802+00
16828ecf-2edf-4248-97bc-87524921eb3c,/srv/fim-watch/gen_00029.txt,file_modified,alert_only,high,2026-09-17 23:41:06.867352+00,2026-09-17 23:52:18.006266+00
e91d8f7e-903d-4ea5-b7d0-179792edc393,/srv/fim-watch/critico/gen_00123.txt,file_modified,alert_only,critical,2026-09-17 23:41:06.966768+00,2026-09-17 23:52:18.022725+00
1e5042ce-4fb1-4641-ac7c-2198db634298,/srv/fim-watch/gen_00062.txt,file_modified,alert_only,high,2026-09-17 23:41:07.067061+00,2026-09-17 23:52:18.039919+00
b56ba9aa-4b3f-4eab-9c45-3236ff7612ca,/srv/fim-watch/gen_00065.txt,file_modified,alert_only,high,2026-09-17 23:41:07.167804+00,2026-09-17 23:52:18.056263+00
efb9079f-4a5e-40e7-bba4-3a9319fc7a91,/srv/fim-watch/gen_00106.txt,file_modified,alert_only,high,2026-09-17 23:41:07.267364+00,2026-09-17 23:52:18.072332+00
9b0d9717-6062-4520-bebf-81c64be5a23c,/srv/fim-watch/critico/gen_00138.txt,file_modified,alert_only,critical,2026-09-17 23:41:07.367389+00,2026-09-17 23:52:18.090693+00
27fb10d2-18ab-4695-b4d0-d8ddd6c751f0,/srv/fim-watch/critico/gen_00138.txt,file_deleted,alert_only,critical,2026-09-17 23:41:07.467781+00,2026-09-17 23:52:18.11482+00
76b50b62-c6ef-4099-af5f-715e268b9df6,/srv/fim-watch/gen_00054.txt,file_modified,alert_only,high,2026-09-17 23:41:07.567693+00,2026-09-17 23:52:18.136191+00
659d70f2-4eca-4638-af25-3fe636d6a0c5,/srv/fim-watch/gen_00072.txt,file_deleted,alert_only,high,2026-09-17 23:41:07.767259+00,2026-09-17 23:52:18.1734+00
8ed9c6e8-9420-4568-be26-a258bfdceca5,/srv/fim-watch/gen_00116.txt,file_modified,alert_only,high,2026-09-17 23:41:07.867683+00,2026-09-17 23:52:18.181262+00
04d54179-ded7-413b-b028-6790868095d4,/srv/fim-watch/gen_00116.txt,file_modified,alert_only,high,2026-09-17 23:41:07.967954+00,2026-09-17 23:52:18.19644+00
1f2e8e94-28e6-4023-9747-76fd6083c0f0,/srv/fim-watch/gen_00116.txt,file_modified,alert_only,high,2026-09-17 23:41:08.067346+00,2026-09-17 23:52:18.215716+00
25829fdd-5b8d-4ab2-804d-0517e3cff832,/srv/fim-watch/gen_00116.txt,file_modified,alert_only,high,2026-09-17 23:41:08.16764+00,2026-09-17 23:52:18.231048+00
a68947e6-3874-4051-b197-3256cd927bc2,/srv/fim-watch/gen_00116.txt,file_modified,alert_only,high,2026-09-17 23:41:08.267428+00,2026-09-17 23:52:18.248435+00
0c713e39-325d-43e9-a291-ca1971046233,/srv/fim-watch/gen_00078.txt,file_modified,alert_only,high,2026-09-17 23:41:08.367608+00,2026-09-17 23:52:18.264939+00
191c479f-9d8d-4d10-b8d7-cb23d1112e41,/srv/fim-watch/gen_00140.txt,file_modified,alert_only,high,2026-09-17 23:41:08.467711+00,2026-09-17 23:52:18.281797+00
cbb5378f-b690-4067-9bcd-f2ed51163915,/srv/fim-watch/gen_00086.txt,file_modified,alert_only,high,2026-09-17 23:41:08.568013+00,2026-09-17 23:52:18.299868+00
d591aa44-8c5d-4f89-91ae-7cb4a9d7647a,/srv/fim-watch/gen_00086.txt,file_modified,alert_only,high,2026-09-17 23:41:08.667287+00,2026-09-17 23:52:18.317805+00
a3b4faad-a49c-4149-aec2-ad0deb6cfda0,/srv/fim-watch/gen_00086.txt,file_modified,alert_only,high,2026-09-17 23:41:08.767519+00,2026-09-17 23:52:18.335135+00
6dbb4951-2a6f-4e44-a327-d5f872722234,/srv/fim-watch/gen_00086.txt,file_modified,alert_only,high,2026-09-17 23:41:08.867564+00,2026-09-17 23:52:18.351123+00
a6014cc2-2c3a-4da5-a76e-9cdef4c9c563,/srv/fim-watch/gen_00086.txt,file_modified,alert_only,high,2026-09-17 23:41:08.967689+00,2026-09-17 23:52:18.369098+00
3d27becd-0fa5-4637-ac7d-a52d3a4f0c70,/srv/fim-watch/critico/gen_00141.txt,file_modified,alert_only,critical,2026-09-17 23:41:09.067529+00,2026-09-17 23:52:18.387425+00
a14f9c84-4e82-4717-9ec0-500febd21055,/srv/fim-watch/gen_00088.txt,file_modified,alert_only,high,2026-09-17 23:41:09.167932+00,2026-09-17 23:52:18.404887+00
c8566eea-a71a-4a4a-bfc5-77253c36c9d9,/srv/fim-watch/gen_00140.txt,file_modified,alert_only,high,2026-09-17 23:41:09.267277+00,2026-09-17 23:52:18.422803+00
b5eef1b2-a997-469a-881b-dc13ad8a26e3,/srv/fim-watch/gen_00073.txt,file_modified,alert_only,high,2026-09-17 23:41:09.368028+00,2026-09-17 23:52:18.442086+00
b3362474-fcd8-40c8-a785-c7005d7f2f5f,/srv/fim-watch/gen_00135.txt,file_modified,alert_only,high,2026-09-17 23:41:09.468023+00,2026-09-17 23:52:18.466009+00
8e39f5b9-1c22-4b86-8972-585109b698fa,/srv/fim-watch/gen_00102.txt,file_modified,alert_only,high,2026-09-17 23:41:09.567838+00,2026-09-17 23:52:18.486904+00
266595a8-aad9-4b39-ac8c-eaa5255cadac,/srv/fim-watch/gen_00050.txt,file_modified,alert_only,high,2026-09-17 23:41:09.667481+00,2026-09-17 23:52:18.503783+00
f4a9b1af-6daa-4f71-94e5-59e01faab5ff,/srv/fim-watch/gen_00117.txt,file_modified,alert_only,high,2026-09-17 23:41:09.7671+00,2026-09-17 23:52:18.520046+00
a0086aba-53e5-4558-80f0-142919a241f1,/srv/fim-watch/gen_00142.txt,file_modified,alert_only,high,2026-09-17 23:41:09.86762+00,2026-09-17 23:52:18.536475+00
ac199582-6255-49f2-9eef-52f8ffebaac3,/srv/fim-watch/gen_00131.txt,file_modified,alert_only,high,2026-09-17 23:41:09.967267+00,2026-09-17 23:52:18.552979+00
1ba73b9b-642b-41db-827a-39f101e74058,/srv/fim-watch/gen_00089.txt,file_modified,alert_only,high,2026-09-17 23:41:10.067626+00,2026-09-17 23:52:18.568854+00
948528e7-de34-4a7b-9aa1-bb0a1e89dd8a,/srv/fim-watch/gen_00128.txt,file_modified,alert_only,high,2026-09-17 23:41:10.167539+00,2026-09-17 23:52:18.583484+00
ac3d6af9-bea9-4f36-b3c7-582282007bc7,/srv/fim-watch/critico/gen_00061.txt,file_modified,alert_only,critical,2026-09-17 23:41:10.267414+00,2026-09-17 23:52:18.599482+00
ba3be443-a1e8-4201-9e8f-753ec498ed77,/srv/fim-watch/critico/gen_00061.txt,file_modified,alert_only,critical,2026-09-17 23:41:10.367709+00,2026-09-17 23:52:18.615291+00
8e21a8f5-27ff-4ffb-90ba-a302d8095aa3,/srv/fim-watch/gen_00086.txt,file_modified,alert_only,high,2026-09-17 23:41:10.46749+00,2026-09-17 23:52:18.631969+00
a1342837-934f-4223-92cc-e2d017eeab94,/srv/fim-watch/gen_00143.txt,file_modified,alert_only,high,2026-09-17 23:41:10.567524+00,2026-09-17 23:52:18.650407+00
60586b7a-8c19-4673-a2c5-2f469d4b2cc6,/srv/fim-watch/gen_00143.txt,file_deleted,alert_only,high,2026-09-17 23:41:10.667838+00,2026-09-17 23:52:18.667273+00
e8999786-21e7-4b35-9336-e977cf81fe86,/srv/fim-watch/gen_00054.txt,file_modified,alert_only,high,2026-09-17 23:41:10.767329+00,2026-09-17 23:52:18.681728+00
ce2408c7-a07d-4b6c-ba1b-1dba185e3b2b,/srv/fim-watch/gen_00054.txt,file_modified,alert_only,high,2026-09-17 23:41:10.86777+00,2026-09-17 23:53:20.129693+00
78c01d9c-fd53-4dec-aadd-506f2dbcdbbe,/srv/fim-watch/gen_00054.txt,file_modified,alert_only,high,2026-09-17 23:41:10.967487+00,2026-09-17 23:53:20.16311+00
f262ca7a-a61f-478c-a777-f4a9fea646de,/srv/fim-watch/gen_00054.txt,file_modified,alert_only,high,2026-09-17 23:41:11.067408+00,2026-09-17 23:53:20.198478+00
ad0c0733-accc-46fe-a0b9-f68b64630f2c,/srv/fim-watch/gen_00054.txt,file_modified,alert_only,high,2026-09-17 23:41:11.167157+00,2026-09-17 23:53:20.211043+00
babd06a5-97bf-4d14-9650-add1788d7605,/srv/fim-watch/gen_00117.txt,file_modified,alert_only,high,2026-09-17 23:41:11.26744+00,2026-09-17 23:53:20.232305+00
43f3f4f2-86a0-4bb5-bf36-8638736f17f6,/srv/fim-watch/gen_00117.txt,file_modified,alert_only,high,2026-09-17 23:41:11.367732+00,2026-09-17 23:53:20.251522+00
dba2d2a9-8b48-4a18-8432-deffcc3a37dc,/srv/fim-watch/critico/gen_00144.txt,file_modified,alert_only,critical,2026-09-17 23:41:11.467778+00,2026-09-17 23:53:20.281966+00
ac1af0c8-8389-4449-9f06-af67d2d20668,/srv/fim-watch/gen_00054.txt,file_modified,alert_only,high,2026-09-17 23:41:11.566821+00,2026-09-17 23:53:20.291646+00
2a5841f3-b534-4a1f-b35f-c744d3c7a7cb,/srv/fim-watch/gen_00145.txt,file_modified,alert_only,high,2026-09-17 23:41:11.667723+00,2026-09-17 23:53:20.312047+00
f036f929-aece-493f-b699-5de82f68ffa0,/srv/fim-watch/gen_00105.txt,file_modified,alert_only,high,2026-09-17 23:41:11.766996+00,2026-09-17 23:53:20.333453+00
7db9c980-ad98-44f1-a28c-7653ca962c8b,/srv/fim-watch/gen_00016.txt,file_modified,alert_only,high,2026-09-17 23:41:11.867611+00,2026-09-17 23:53:20.355583+00
c0f34b5b-3007-4478-8e5b-115bd3d51ef2,/srv/fim-watch/gen_00016.txt,file_modified,alert_only,high,2026-09-17 23:41:11.967572+00,2026-09-17 23:53:20.378705+00
5668f7ad-89f0-4b90-92cf-43f75980f900,/srv/fim-watch/critico/gen_00144.txt,file_modified,alert_only,critical,2026-09-17 23:41:12.068096+00,2026-09-17 23:53:20.400435+00
9e29fec6-d158-4108-8fd6-0f93e12ba91a,/srv/fim-watch/gen_00146.txt,file_created,alert_only,high,2026-09-17 23:41:12.167137+00,2026-09-17 23:53:20.420401+00
99acd012-2e7e-468b-b50e-ebca00a13c86,/srv/fim-watch/gen_00098.txt,file_modified,alert_only,high,2026-09-17 23:41:12.266541+00,2026-09-17 23:53:20.438621+00
31440a70-ecc6-438c-97a9-bb1d619a51c4,/srv/fim-watch/gen_00098.txt,file_modified,alert_only,high,2026-09-17 23:41:12.367643+00,2026-09-17 23:53:20.458253+00
33f13820-97aa-4abc-aa87-fbc0819e80e9,/srv/fim-watch/gen_00128.txt,file_modified,alert_only,high,2026-09-17 23:41:12.467794+00,2026-09-17 23:53:20.475223+00
f32eace4-e5a5-4620-beea-1ff096cc8777,/srv/fim-watch/gen_00074.txt,file_modified,alert_only,high,2026-09-17 23:41:12.568086+00,2026-09-17 23:53:20.493649+00
7936e060-af6b-4b93-b709-d8f45cab2f58,/srv/fim-watch/gen_00073.txt,file_modified,alert_only,high,2026-09-17 23:41:12.667283+00,2026-09-17 23:53:20.511378+00
ee27f096-2ea3-4d4c-9f8e-1079aa286a2a,/srv/fim-watch/gen_00135.txt,file_modified,alert_only,high,2026-09-17 23:41:12.768105+00,2026-09-17 23:53:20.52835+00
f471d45a-79d5-4b80-bb45-81a0254a3414,/srv/fim-watch/gen_00100.txt,file_modified,alert_only,high,2026-09-17 23:41:12.867632+00,2026-09-17 23:53:20.5461+00
8dd61d0b-4169-40c5-8182-3e80fdac245b,/srv/fim-watch/gen_00115.txt,file_modified,alert_only,high,2026-09-17 23:41:12.968031+00,2026-09-17 23:53:20.567666+00
0bc33ef0-66fb-463b-95e7-10b03508679a,/srv/fim-watch/gen_00147.txt,file_modified,alert_only,high,2026-09-17 23:41:13.067712+00,2026-09-17 23:53:20.600286+00
2ebdd833-c0a1-4343-98e0-ce8ad6fe38b8,/srv/fim-watch/critico/gen_00091.txt,file_deleted,alert_only,critical,2026-09-17 23:41:13.167152+00,2026-09-17 23:53:20.611523+00
408eb87b-ae05-492a-b36c-ecf99b24a2b9,/srv/fim-watch/gen_00062.txt,file_modified,alert_only,high,2026-09-17 23:41:13.267705+00,2026-09-17 23:53:20.632189+00
3475041d-09fa-4e5c-b369-dd8f45cd8453,/srv/fim-watch/gen_00132.txt,file_modified,alert_only,high,2026-09-17 23:41:13.367563+00,2026-09-17 23:53:20.654537+00
1d9fdef7-fa4a-42cc-bf95-6a2ce6766f8f,/srv/fim-watch/gen_00048.txt,file_modified,alert_only,high,2026-09-17 23:41:13.467281+00,2026-09-17 23:53:20.674563+00
152d3af1-732d-4f35-8e85-e549325a8874,/srv/fim-watch/gen_00136.txt,file_modified,alert_only,high,2026-09-17 23:41:13.567992+00,2026-09-17 23:53:20.6936+00
ee792924-39d1-4036-b581-c2b0c876ebab,/srv/fim-watch/gen_00109.txt,file_deleted,alert_only,high,2026-09-17 23:41:13.667696+00,2026-09-17 23:53:20.712276+00
9be1e971-8342-4027-ba17-914b797a2dab,/srv/fim-watch/gen_00085.txt,file_modified,alert_only,high,2026-09-17 23:41:13.767494+00,2026-09-17 23:53:20.728232+00
6648f37a-5add-44bc-bdba-df5de89ede19,/srv/fim-watch/gen_00085.txt,file_modified,alert_only,high,2026-09-17 23:41:13.867613+00,2026-09-17 23:53:20.743435+00
e9a50b71-e268-4fba-8c43-0bb6912f1b6d,/srv/fim-watch/critico/gen_00130.txt,file_modified,alert_only,critical,2026-09-17 23:41:13.967761+00,2026-09-17 23:53:20.760095+00
04906eb9-62c2-4034-b979-1727d4485ee2,/srv/fim-watch/gen_00006.txt,file_modified,alert_only,high,2026-09-17 23:41:14.067775+00,2026-09-17 23:53:20.775845+00
08178ac1-9dd0-40fb-aee4-89237c9e2895,/srv/fim-watch/gen_00148.txt,file_modified,alert_only,high,2026-09-17 23:41:14.167739+00,2026-09-17 23:53:20.792294+00
162db048-a12e-466e-ab56-451b1f89a30a,/srv/fim-watch/gen_00116.txt,file_deleted,alert_only,high,2026-09-17 23:41:14.267743+00,2026-09-17 23:53:20.809332+00
78c03f6a-b215-4951-9441-9ae0428a6396,/srv/fim-watch/gen_00148.txt,file_modified,alert_only,high,2026-09-17 23:41:14.367681+00,2026-09-17 23:53:20.82661+00
9cd9f024-2790-4cb2-aedb-7dabfcb45e4b,/srv/fim-watch/gen_00148.txt,file_modified,alert_only,high,2026-09-17 23:41:14.467697+00,2026-09-17 23:53:20.840586+00
a06d45d2-a548-45b6-b2aa-e117f7115617,/srv/fim-watch/gen_00148.txt,file_modified,alert_only,high,2026-09-17 23:41:14.567559+00,2026-09-17 23:53:20.855994+00
87e9920c-47dc-427d-8e41-4dd5fdb3e07a,/srv/fim-watch/gen_00148.txt,file_modified,alert_only,high,2026-09-17 23:41:14.667707+00,2026-09-17 23:53:20.873996+00
c51a2c98-d4e0-4650-bd1c-e96b5b9902cd,/srv/fim-watch/gen_00148.txt,file_modified,alert_only,high,2026-09-17 23:41:14.767127+00,2026-09-17 23:53:20.891593+00
3f5cdb36-21d8-4ae4-a24c-09ab1f52d784,/srv/fim-watch/gen_00064.txt,file_modified,alert_only,high,2026-09-17 23:41:14.867606+00,2026-09-17 23:53:20.909489+00
55b12308-1a3c-47da-bdfa-068fa1ce59a6,/srv/fim-watch/gen_00064.txt,file_modified,alert_only,high,2026-09-17 23:41:14.968097+00,2026-09-17 23:53:20.925711+00
75eea063-ffa8-4bb7-9fc6-47ccd1d7cb96,/srv/fim-watch/gen_00085.txt,file_deleted,alert_only,high,2026-09-17 23:41:15.067741+00,2026-09-17 23:53:20.941089+00
7f2a4ba7-5677-4439-b16a-671e634454e5,/srv/fim-watch/critico/gen_00144.txt,file_modified,alert_only,critical,2026-09-17 23:41:15.26807+00,2026-09-17 23:53:20.95711+00
5a8d2725-1217-4992-b6e6-5fc2d52d9812,/srv/fim-watch/gen_00103.txt,file_modified,alert_only,high,2026-09-17 23:41:15.368034+00,2026-09-17 23:53:20.973945+00
13eda26a-63a3-494a-8359-76252a24278d,/srv/fim-watch/gen_00106.txt,file_modified,alert_only,high,2026-09-17 23:41:15.468038+00,2026-09-17 23:53:20.988108+00
5737afc6-898e-4f10-b8c7-468a182038e0,/srv/fim-watch/gen_00131.txt,file_deleted,alert_only,high,2026-09-17 23:41:15.567178+00,2026-09-17 23:53:21.003223+00
898fc8de-843d-4e3f-86b6-758630873e07,/srv/fim-watch/gen_00096.txt,file_modified,alert_only,high,2026-09-17 23:41:15.667328+00,2026-09-17 23:53:21.022295+00
58ec5692-7771-4e7c-b10f-9ccf98aec6f8,/srv/fim-watch/critico/gen_00150.txt,file_created,alert_only,critical,2026-09-17 23:41:15.766497+00,2026-09-17 23:53:21.038141+00
06b4bdd0-878d-4146-a230-ad712c64cbb0,/srv/fim-watch/gen_00151.txt,file_modified,alert_only,high,2026-09-17 23:41:15.867765+00,2026-09-17 23:53:21.0544+00
d5f55cf1-84d7-40a6-bfad-e00e457018e1,/srv/fim-watch/gen_00084.txt,file_modified,alert_only,high,2026-09-17 23:41:16.06783+00,2026-09-17 23:53:21.06965+00
30fa765b-dc5f-45aa-bab8-60e06c6c4a07,/srv/fim-watch/gen_00127.txt,file_deleted,alert_only,high,2026-09-17 23:41:16.267364+00,2026-09-17 23:53:21.086078+00
691a3a1c-cd8a-41f5-87e7-a86f909f6bf4,/srv/fim-watch/gen_00154.txt,file_modified,alert_only,high,2026-09-17 23:41:16.367387+00,2026-09-17 23:53:21.104167+00
7d7a1d7e-0c8c-4f9a-aeb3-2d48bd558367,/srv/fim-watch/critico/gen_00150.txt,file_modified,alert_only,critical,2026-09-17 23:41:16.467617+00,2026-09-17 23:53:21.122648+00
9aefaa57-eb6d-4fa3-bdd1-76d87a9c22b6,/srv/fim-watch/gen_00155.txt,file_modified,alert_only,high,2026-09-17 23:41:16.56773+00,2026-09-17 23:53:21.138665+00
1d8dfe3a-b43a-42a5-a375-761a08843418,/srv/fim-watch/gen_00147.txt,file_modified,alert_only,high,2026-09-17 23:41:16.666949+00,2026-09-17 23:53:21.155112+00
730dcd61-2795-4bee-a21f-e2a42659dfa0,/srv/fim-watch/gen_00120.txt,file_modified,alert_only,high,2026-09-17 23:41:16.767731+00,2026-09-17 23:53:21.172435+00
22dc6c4b-1ae5-4301-8dce-d79225ba5067,/srv/fim-watch/gen_00120.txt,file_modified,alert_only,high,2026-09-17 23:41:16.867247+00,2026-09-17 23:53:21.189363+00
f7dcdd00-c9b3-40df-8458-f2d9bc9c862b,/srv/fim-watch/critico/gen_00156.txt,file_modified,alert_only,critical,2026-09-17 23:41:16.967251+00,2026-09-17 23:53:21.205998+00
d13b775b-322e-44dc-bd93-0708fd1f0cfc,/srv/fim-watch/gen_00151.txt,file_modified,alert_only,high,2026-09-17 23:41:17.067423+00,2026-09-17 23:53:21.225311+00
d9264cd0-f7e2-4443-b5f2-b6b7e9b6069f,/srv/fim-watch/gen_00125.txt,file_modified,alert_only,high,2026-09-17 23:41:17.167659+00,2026-09-17 23:53:21.245897+00
9e40101f-51a0-4ab5-8d2b-da7c5e6af86b,/srv/fim-watch/critico/gen_00144.txt,file_deleted,alert_only,critical,2026-09-17 23:41:17.267516+00,2026-09-17 23:53:21.263854+00
95759d9a-59d9-46d1-b6b9-85c3e3cdc6b6,/srv/fim-watch/gen_00155.txt,file_modified,alert_only,high,2026-09-17 23:41:17.367233+00,2026-09-17 23:53:21.277545+00
392811cd-73b6-4fc4-b096-438fe15f5447,/srv/fim-watch/gen_00078.txt,file_modified,alert_only,high,2026-09-17 23:41:17.466836+00,2026-09-17 23:53:21.292305+00
abc66ac3-bdb9-49b3-a4d0-247da7187d95,/srv/fim-watch/gen_00157.txt,file_modified,alert_only,high,2026-09-17 23:41:17.566416+00,2026-09-17 23:53:21.307844+00
805f6c4d-95dc-418d-b8dc-3b48debe6ca6,/srv/fim-watch/gen_00151.txt,file_modified,alert_only,high,2026-09-17 23:41:17.666397+00,2026-09-17 23:53:21.324252+00
22f1b5c0-2bbe-42e7-80f9-c90119677e95,/srv/fim-watch/gen_00158.txt,file_modified,alert_only,high,2026-09-17 23:41:17.767787+00,2026-09-17 23:53:21.33934+00
a899554d-27f8-4531-9b1d-5f6205f96b17,/srv/fim-watch/gen_00142.txt,file_modified,alert_only,high,2026-09-17 23:41:17.86795+00,2026-09-17 23:53:21.354719+00
13400eb6-1b81-4beb-a6de-5bbebe4b4cde,/srv/fim-watch/gen_00142.txt,file_modified,alert_only,high,2026-09-17 23:41:17.967538+00,2026-09-17 23:53:21.371871+00
0b4cd63a-891d-446c-babf-b0f259f4de1d,/srv/fim-watch/gen_00142.txt,file_modified,alert_only,high,2026-09-17 23:41:18.067311+00,2026-09-17 23:53:21.387646+00
47fcef21-ea16-43a6-8c15-fb1f9bccbfe9,/srv/fim-watch/gen_00142.txt,file_modified,alert_only,high,2026-09-17 23:41:18.167001+00,2026-09-17 23:53:21.402161+00
1e34f893-06bb-47f5-9a80-0ecf29485221,/srv/fim-watch/gen_00142.txt,file_modified,alert_only,high,2026-09-17 23:41:18.26764+00,2026-09-17 23:53:21.417378+00
e538a8be-d4f9-47d2-a240-00cf21d0e142,/srv/fim-watch/gen_00159.txt,file_modified,alert_only,high,2026-09-17 23:41:18.367723+00,2026-09-17 23:53:21.440312+00
2955e4db-9fe0-411d-bdad-24c9ae811629,/srv/fim-watch/gen_00160.txt,file_modified,alert_only,high,2026-09-17 23:41:18.467713+00,2026-09-17 23:53:21.446969+00
a0d8d9d7-912c-4f96-a335-7c517c6a600e,/srv/fim-watch/gen_00050.txt,file_modified,alert_only,high,2026-09-17 23:41:18.568004+00,2026-09-17 23:53:21.462086+00
e1dc7f29-6cc3-4369-a55b-40db61ae40ff,/srv/fim-watch/gen_00078.txt,file_modified,alert_only,high,2026-09-17 23:41:18.667346+00,2026-09-17 23:53:21.478361+00
7097fb1a-f416-4c3c-8198-4cfb88eb06ca,/srv/fim-watch/gen_00151.txt,file_modified,alert_only,high,2026-09-17 23:41:18.767415+00,2026-09-17 23:53:21.494091+00
9722e969-aacb-48f8-a5da-d4c494512e8f,/srv/fim-watch/gen_00161.txt,file_modified,alert_only,high,2026-09-17 23:41:18.867511+00,2026-09-17 23:53:21.511241+00
46987ebe-63f9-4821-9492-6013cfab474b,/srv/fim-watch/gen_00062.txt,file_modified,alert_only,high,2026-09-17 23:41:18.967624+00,2026-09-17 23:53:21.527449+00
b0de0d6d-d999-4c5b-91ea-39ba53eee237,/srv/fim-watch/gen_00062.txt,file_modified,alert_only,high,2026-09-17 23:41:19.068073+00,2026-09-17 23:53:21.543874+00
f6792125-dd1c-4e5c-a36a-bdeea20fc1a9,/srv/fim-watch/gen_00099.txt,file_deleted,alert_only,high,2026-09-17 23:41:19.167003+00,2026-09-17 23:53:21.559771+00
c73355f6-4a75-4766-ac65-36bca13cbee5,/srv/fim-watch/gen_00054.txt,file_modified,alert_only,high,2026-09-17 23:41:19.267535+00,2026-09-17 23:53:21.575462+00
8896e197-3626-47b2-8af0-469ced52ce0f,/srv/fim-watch/gen_00054.txt,file_modified,alert_only,high,2026-09-17 23:41:19.367913+00,2026-09-17 23:53:21.591148+00
49febd65-23e2-41bc-a01c-e92027145364,/srv/fim-watch/critico/gen_00053.txt,file_modified,alert_only,critical,2026-09-17 23:41:19.467223+00,2026-09-17 23:53:21.606891+00
56925b0a-0515-48f8-99d2-25c388b6c4d5,/srv/fim-watch/critico/gen_00053.txt,file_modified,alert_only,critical,2026-09-17 23:41:19.567818+00,2026-09-17 23:53:21.622569+00
f71bc889-71f6-4755-9873-8c5b3fd60c10,/srv/fim-watch/gen_00159.txt,file_modified,alert_only,high,2026-09-17 23:41:19.667964+00,2026-09-17 23:53:21.637667+00
686def65-cd55-4de3-b25c-a9e87b32c5b4,/srv/fim-watch/gen_00151.txt,file_modified,alert_only,high,2026-09-17 23:41:19.767016+00,2026-09-17 23:53:21.652818+00
77515121-a27d-49b6-9265-8624d8f1331d,/srv/fim-watch/gen_00151.txt,file_modified,alert_only,high,2026-09-17 23:41:19.867319+00,2026-09-17 23:53:21.66728+00
dc7337bf-5b79-4dcd-ad1d-e485af1fb6dc,/srv/fim-watch/gen_00115.txt,file_modified,alert_only,high,2026-09-17 23:41:19.967478+00,2026-09-17 23:53:21.683367+00
cfbc74ae-951f-432a-b397-72c1b731f5f0,/srv/fim-watch/gen_00162.txt,file_modified,alert_only,high,2026-09-17 23:41:20.067352+00,2026-09-17 23:53:21.699444+00
6f369e7d-6a50-4934-bfc1-0c9a7ad599ee,/srv/fim-watch/gen_00100.txt,file_modified,alert_only,high,2026-09-17 23:41:20.16801+00,2026-09-17 23:53:21.714223+00
7832c266-baef-44bd-8c8a-f7bf5550b36f,/srv/fim-watch/gen_00100.txt,file_modified,alert_only,high,2026-09-17 23:41:20.267611+00,2026-09-17 23:53:21.729393+00
9f28cc63-2a25-4a3a-8030-15e13b6de232,/srv/fim-watch/gen_00006.txt,file_modified,alert_only,high,2026-09-17 23:41:20.367328+00,2026-09-17 23:53:21.74384+00
4540d899-e34f-4b0d-b8b8-8124fec55473,/srv/fim-watch/gen_00049.txt,file_modified,alert_only,high,2026-09-17 23:41:20.467412+00,2026-09-17 23:53:21.758848+00
dff0a836-c97a-4ceb-9598-91cc30cdbd9b,/srv/fim-watch/gen_00161.txt,file_modified,alert_only,high,2026-09-17 23:41:20.567393+00,2026-09-17 23:53:21.773581+00
abfd88c2-d5ab-43a0-a340-20b47bdded6c,/srv/fim-watch/gen_00160.txt,file_modified,alert_only,high,2026-09-17 23:41:20.667217+00,2026-09-17 23:53:21.788125+00
33f04b13-cbb3-45b8-8924-09916349b1b3,/srv/fim-watch/gen_00122.txt,file_modified,alert_only,high,2026-09-17 23:41:20.767256+00,2026-09-17 23:53:21.803329+00
377a5fc5-881a-4cc1-84ca-cb25de69a827,/srv/fim-watch/gen_00155.txt,file_modified,alert_only,high,2026-09-17 23:41:20.866779+00,2026-09-17 23:53:21.819123+00
65e859d8-0a80-4ec4-b578-9c85e6a74892,/srv/fim-watch/gen_00065.txt,file_modified,alert_only,high,2026-09-17 23:41:20.967315+00,2026-09-17 23:53:21.835853+00
8cdd4cce-e3a3-41b1-9b93-ad38787ae483,/srv/fim-watch/gen_00065.txt,file_modified,alert_only,high,2026-09-17 23:41:21.067273+00,2026-09-17 23:53:21.85057+00
64b43a98-4622-413e-85ca-e9565de025c5,/srv/fim-watch/gen_00163.txt,file_modified,alert_only,high,2026-09-17 23:41:21.167584+00,2026-09-17 23:54:23.138277+00
9427fa2c-0827-470f-aca0-ea1167f62723,/srv/fim-watch/gen_00126.txt,file_modified,alert_only,high,2026-09-17 23:41:21.266674+00,2026-09-17 23:54:23.17759+00
a5fd343b-3c4d-4811-abde-8de4582d001b,/srv/fim-watch/gen_00164.txt,file_modified,alert_only,high,2026-09-17 23:41:21.367519+00,2026-09-17 23:54:23.211037+00
8d2e89c6-5b76-4fba-bc3d-3db2f24c6ec4,/srv/fim-watch/gen_00164.txt,file_deleted,alert_only,high,2026-09-17 23:41:21.467382+00,2026-09-17 23:54:23.21948+00
49f85d59-84ad-491a-a2b0-2a21186b54fe,/srv/fim-watch/gen_00165.txt,file_modified,alert_only,high,2026-09-17 23:41:21.567544+00,2026-09-17 23:54:23.240874+00
42205961-9547-4e4f-b8e1-2980b15997a3,/srv/fim-watch/gen_00078.txt,file_modified,alert_only,high,2026-09-17 23:41:21.666909+00,2026-09-17 23:54:23.259965+00
a219ca11-af27-4955-988d-db93803e5524,/srv/fim-watch/gen_00125.txt,file_modified,alert_only,high,2026-09-17 23:41:21.767138+00,2026-09-17 23:54:23.291958+00
3cf7f66f-dc16-4ad9-bf1a-ac8e64498167,/srv/fim-watch/gen_00057.txt,file_modified,alert_only,high,2026-09-17 23:41:21.867694+00,2026-09-17 23:54:23.301333+00
3e54839b-5882-486c-97c5-7be8a58bb91f,/srv/fim-watch/gen_00124.txt,file_modified,alert_only,high,2026-09-17 23:41:21.967093+00,2026-09-17 23:54:23.321515+00
31b146a8-82a4-47a9-8638-681020eb1a72,/srv/fim-watch/gen_00166.txt,file_modified,alert_only,high,2026-09-17 23:41:22.067275+00,2026-09-17 23:54:23.340845+00
6334f75c-9955-4249-8522-4b1b5a75b801,/srv/fim-watch/gen_00158.txt,file_modified,alert_only,high,2026-09-17 23:41:22.167375+00,2026-09-17 23:54:23.361184+00
15542e7b-287b-4343-bf7c-39ccedadff62,/srv/fim-watch/gen_00088.txt,file_modified,alert_only,high,2026-09-17 23:41:22.267424+00,2026-09-17 23:54:23.383606+00
68e521ba-6850-4b90-a438-b98c6cfd5e01,/srv/fim-watch/gen_00048.txt,file_modified,alert_only,high,2026-09-17 23:41:22.367292+00,2026-09-17 23:54:23.407882+00
f6ee10a1-e395-44cb-8cb1-c32cfbceb012,/srv/fim-watch/critico/gen_00150.txt,file_modified,alert_only,critical,2026-09-17 23:41:22.466707+00,2026-09-17 23:54:23.433091+00
b5301e14-d782-498c-964d-03ab63c8524d,/srv/fim-watch/gen_00161.txt,file_modified,alert_only,high,2026-09-17 23:41:22.567459+00,2026-09-17 23:54:23.45147+00
39147a96-cd97-4a65-8dfa-e3bab634303b,/srv/fim-watch/gen_00049.txt,file_modified,alert_only,high,2026-09-17 23:41:22.666963+00,2026-09-17 23:54:23.47024+00
0f55f0c0-b4eb-47ba-a4cd-e0275ad45730,/srv/fim-watch/gen_00049.txt,file_modified,alert_only,high,2026-09-17 23:41:22.768026+00,2026-09-17 23:54:23.490397+00
308ef74a-9860-49b4-8177-429e13867c89,/srv/fim-watch/gen_00102.txt,file_modified,alert_only,high,2026-09-17 23:41:22.866536+00,2026-09-17 23:54:23.509065+00
5d960428-6b0b-4f5f-8c47-e0d18743cdb6,/srv/fim-watch/gen_00167.txt,file_modified,alert_only,high,2026-09-17 23:41:22.967443+00,2026-09-17 23:54:23.528622+00
54b7c524-5a23-497e-93b7-985eda4bdcf1,/srv/fim-watch/gen_00040.txt,file_modified,alert_only,high,2026-09-17 23:41:23.067706+00,2026-09-17 23:54:23.548985+00
bac79751-c902-432b-9b02-ebf467cdfb88,/srv/fim-watch/gen_00151.txt,file_modified,alert_only,high,2026-09-17 23:41:23.167479+00,2026-09-17 23:54:23.569829+00
5da56a96-2027-4118-99cd-9416329d96b3,/srv/fim-watch/gen_00151.txt,file_modified,alert_only,high,2026-09-17 23:41:23.266693+00,2026-09-17 23:54:23.603433+00
dc4d3ba3-5cd3-4cb5-8172-9c898ed1f849,/srv/fim-watch/gen_00151.txt,file_modified,alert_only,high,2026-09-17 23:41:23.367667+00,2026-09-17 23:54:23.614824+00
b7b40762-bfd9-4ad3-b754-bc24c0143e1d,/srv/fim-watch/gen_00151.txt,file_modified,alert_only,high,2026-09-17 23:41:23.46753+00,2026-09-17 23:54:23.635146+00
f5ea0fcf-3b53-468f-ad57-96dff7b0c9a0,/srv/fim-watch/gen_00151.txt,file_modified,alert_only,high,2026-09-17 23:41:23.567301+00,2026-09-17 23:54:23.654147+00
71da28fd-fd3a-4b89-95b9-bca1ffc36457,/srv/fim-watch/gen_00033.txt,file_modified,alert_only,high,2026-09-17 23:41:23.667574+00,2026-09-17 23:54:23.674857+00
73ee3c12-46cb-4d5a-bab4-2fbe18f7a432,/srv/fim-watch/gen_00166.txt,file_modified,alert_only,high,2026-09-17 23:41:23.76751+00,2026-09-17 23:54:23.695321+00
3ebbdef6-76a5-4c5e-9aaa-6d6ab45171d4,/srv/fim-watch/critico/gen_00130.txt,file_modified,alert_only,critical,2026-09-17 23:41:23.867375+00,2026-09-17 23:54:23.715598+00
9ba2fe11-705e-4bea-b807-cde66304dc7b,/srv/fim-watch/critico/gen_00025.txt,file_modified,alert_only,critical,2026-09-17 23:41:23.967404+00,2026-09-17 23:54:23.738389+00
62fb3fe9-db9c-4076-b00e-563bc3411f5d,/srv/fim-watch/gen_00054.txt,file_deleted,alert_only,high,2026-09-17 23:41:24.067555+00,2026-09-17 23:54:23.75684+00
a8e6e874-73e7-4daa-9e57-0b52ae6b55af,/srv/fim-watch/gen_00168.txt,file_modified,alert_only,high,2026-09-17 23:41:24.16758+00,2026-09-17 23:54:23.776559+00
0d291e44-1220-4d1c-9a7a-4686b32d124f,/srv/fim-watch/critico/gen_00169.txt,file_modified,alert_only,critical,2026-09-17 23:41:24.267682+00,2026-09-17 23:54:23.794186+00
4147032d-d944-4e19-b3ac-cf95a9a1c9f2,/srv/fim-watch/gen_00170.txt,file_modified,alert_only,high,2026-09-17 23:41:24.367843+00,2026-09-17 23:54:23.811574+00
6abe2c03-9db2-4f16-ad06-f9a69daede1d,/srv/fim-watch/gen_00033.txt,file_modified,alert_only,high,2026-09-17 23:41:24.467087+00,2026-09-17 23:54:23.830554+00
9a86df05-1c92-48b1-b560-08b8af79fa50,/srv/fim-watch/gen_00171.txt,file_modified,alert_only,high,2026-09-17 23:41:24.567734+00,2026-09-17 23:54:23.8506+00
1a5f6b38-b140-49da-8737-307c1609530f,/srv/fim-watch/gen_00172.txt,file_modified,alert_only,high,2026-09-17 23:41:24.667448+00,2026-09-17 23:54:23.870881+00
206c9bcc-535f-4617-be6d-acd980037a58,/srv/fim-watch/gen_00093.txt,file_modified,alert_only,high,2026-09-17 23:41:24.767599+00,2026-09-17 23:54:23.891148+00
7619e2a2-3db6-457f-93be-bf49cd91ea22,/srv/fim-watch/gen_00065.txt,file_modified,alert_only,high,2026-09-17 23:41:24.867185+00,2026-09-17 23:54:23.910869+00
7466ef81-de95-4f78-8776-f9ee9e933dc2,/srv/fim-watch/critico/gen_00156.txt,file_modified,alert_only,critical,2026-09-17 23:41:24.967299+00,2026-09-17 23:54:23.929658+00
7c8dd42a-e777-4129-bd77-d24349128391,/srv/fim-watch/gen_00135.txt,file_modified,alert_only,high,2026-09-17 23:41:25.067565+00,2026-09-17 23:54:23.945715+00
7e139a8c-c412-4e06-8449-624247759aaa,/srv/fim-watch/gen_00089.txt,file_modified,alert_only,high,2026-09-17 23:41:25.167696+00,2026-09-17 23:54:23.961882+00
3c953c96-adbb-40a6-b092-9d76206c9608,/srv/fim-watch/gen_00040.txt,file_modified,alert_only,high,2026-09-17 23:41:25.267624+00,2026-09-17 23:54:23.977763+00
bac74dde-342e-4e4b-805d-39b2ae4db377,/srv/fim-watch/gen_00006.txt,file_modified,alert_only,high,2026-09-17 23:41:25.367233+00,2026-09-17 23:54:23.993512+00
c7f3e87b-27ad-4609-8f6c-bb78cb4764d1,/srv/fim-watch/gen_00140.txt,file_modified,alert_only,high,2026-09-17 23:41:25.467392+00,2026-09-17 23:54:24.009848+00
d8bd5a36-af2e-409a-95a5-6aab59379f91,/srv/fim-watch/gen_00071.txt,file_modified,alert_only,high,2026-09-17 23:41:25.567713+00,2026-09-17 23:54:24.026747+00
ce2b3f0a-7538-45f4-9df9-0d860994d6d8,/srv/fim-watch/gen_00071.txt,file_modified,alert_only,high,2026-09-17 23:41:25.667975+00,2026-09-17 23:54:24.043095+00
e028a4c7-d7f7-4f86-9b1d-d5657c9267c4,/srv/fim-watch/gen_00161.txt,file_modified,alert_only,high,2026-09-17 23:41:25.767705+00,2026-09-17 23:54:24.058828+00
9110d11e-9c75-48bb-acec-9c4473265689,/srv/fim-watch/gen_00168.txt,file_deleted,alert_only,high,2026-09-17 23:41:25.867063+00,2026-09-17 23:54:24.075774+00
6fba8d6c-0f67-4afd-9cf3-f78602fa105e,/srv/fim-watch/gen_00105.txt,file_modified,alert_only,high,2026-09-17 23:41:25.967354+00,2026-09-17 23:54:24.092896+00
43f729a9-bae6-409d-8f59-a801862ba741,/srv/fim-watch/gen_00105.txt,file_modified,alert_only,high,2026-09-17 23:41:26.067563+00,2026-09-17 23:54:24.110676+00
96298815-f460-40b1-baa4-d9a8988c36ca,/srv/fim-watch/gen_00064.txt,file_modified,alert_only,high,2026-09-17 23:41:26.167963+00,2026-09-17 23:54:24.127903+00
06fd5c26-fff8-473c-a939-6faf724df8eb,/srv/fim-watch/gen_00064.txt,file_modified,alert_only,high,2026-09-17 23:41:26.267942+00,2026-09-17 23:54:24.14462+00
c6e3a037-bd74-49fb-bbab-c87829c92b45,/srv/fim-watch/gen_00064.txt,file_modified,alert_only,high,2026-09-17 23:41:26.367158+00,2026-09-17 23:54:24.1609+00
46bc28b4-433e-4310-88ae-890d52af7de2,/srv/fim-watch/gen_00064.txt,file_modified,alert_only,high,2026-09-17 23:41:26.46772+00,2026-09-17 23:54:24.178057+00
93d04539-9a0b-4934-9e7b-55b9c67d5033,/srv/fim-watch/gen_00064.txt,file_modified,alert_only,high,2026-09-17 23:41:26.567499+00,2026-09-17 23:54:24.193468+00
457f8f65-f8d9-48b2-9892-4668fff5743f,/srv/fim-watch/gen_00147.txt,file_modified,alert_only,high,2026-09-17 23:41:26.668005+00,2026-09-17 23:54:24.209405+00
cc93ab5a-02c4-4fb7-bece-d78fa333a2b6,/srv/fim-watch/gen_00160.txt,file_modified,alert_only,high,2026-09-17 23:41:26.766878+00,2026-09-17 23:54:24.225715+00
e15aa30e-c81a-4f55-84eb-473f851e67ed,/srv/fim-watch/gen_00136.txt,file_modified,alert_only,high,2026-09-17 23:41:26.867781+00,2026-09-17 23:54:24.242414+00
15ed4287-ff79-4d6a-9285-1c50b057fb09,/srv/fim-watch/gen_00172.txt,file_deleted,alert_only,high,2026-09-17 23:41:26.967221+00,2026-09-17 23:54:24.258644+00
0ae20b36-39ae-4db3-9f0c-26e27b8626a6,/srv/fim-watch/gen_00070.txt,file_modified,alert_only,high,2026-09-17 23:41:27.067696+00,2026-09-17 23:54:24.274601+00
f4b7151a-10ec-4cb7-99f0-ee476999832a,/srv/fim-watch/gen_00079.txt,file_modified,alert_only,high,2026-09-17 23:41:27.167708+00,2026-09-17 23:54:24.28974+00
c7988346-f9f0-442f-b16e-df30c1f88d08,/srv/fim-watch/critico/gen_00173.txt,file_modified,alert_only,critical,2026-09-17 23:41:27.267395+00,2026-09-17 23:54:24.302922+00
e65f492f-3f8f-4c3d-85fb-285bf59f6928,/srv/fim-watch/gen_00042.txt,file_modified,alert_only,high,2026-09-17 23:41:27.367551+00,2026-09-17 23:54:24.31574+00
5e2cfab9-1117-45f3-a484-58e45c0af7e7,/srv/fim-watch/gen_00036.txt,file_modified,alert_only,high,2026-09-17 23:41:27.467581+00,2026-09-17 23:54:24.329917+00
c6d8b8e2-63d4-46cd-866a-a9ae9d0cdc29,/srv/fim-watch/gen_00066.txt,file_modified,alert_only,high,2026-09-17 23:41:27.567703+00,2026-09-17 23:54:24.344438+00
999421e9-e266-4b95-a07c-6a766192568b,/srv/fim-watch/gen_00146.txt,file_modified,alert_only,high,2026-09-17 23:41:27.667633+00,2026-09-17 23:54:24.35881+00
fbf82073-e9d3-4c06-a10a-adba14c96350,/srv/fim-watch/gen_00174.txt,file_modified,alert_only,high,2026-09-17 23:41:27.767516+00,2026-09-17 23:54:24.373874+00
d836188b-5a35-4214-b7f6-12cddf700092,/srv/fim-watch/gen_00175.txt,file_modified,alert_only,high,2026-09-17 23:41:27.867154+00,2026-09-17 23:54:24.389051+00
9d80cca9-88a2-4a05-a0e0-3e7dd35af404,/srv/fim-watch/gen_00134.txt,file_modified,alert_only,high,2026-09-17 23:41:27.968461+00,2026-09-17 23:54:24.404387+00
0e4c18d4-3310-40cc-af1a-ec73bd44fca8,/srv/fim-watch/gen_00048.txt,file_modified,alert_only,high,2026-09-17 23:41:28.066527+00,2026-09-17 23:54:24.419723+00
dee40105-4d8f-44ab-87da-0fee106686dc,/srv/fim-watch/gen_00029.txt,file_deleted,alert_only,high,2026-09-17 23:41:28.166372+00,2026-09-17 23:54:24.434472+00
29136199-58c9-473e-bfdb-c6aa61e91624,/srv/fim-watch/gen_00104.txt,file_modified,alert_only,high,2026-09-17 23:41:28.267309+00,2026-09-17 23:54:24.460938+00
d0e65d23-b47b-454d-a02c-f95b07766f05,/srv/fim-watch/critico/gen_00141.txt,file_deleted,alert_only,critical,2026-09-17 23:41:28.366823+00,2026-09-17 23:54:24.468391+00
55274caa-7253-40a3-b519-51f78949b946,/srv/fim-watch/gen_00084.txt,file_modified,alert_only,high,2026-09-17 23:41:28.467847+00,2026-09-17 23:54:24.485454+00
dd037789-43a5-44fb-af1f-bf00d12a3518,/srv/fim-watch/gen_00176.txt,file_modified,alert_only,high,2026-09-17 23:41:28.567503+00,2026-09-17 23:54:24.501134+00
32635f65-3b54-413e-b4e8-53f895eda336,/srv/fim-watch/critico/gen_00053.txt,file_modified,alert_only,critical,2026-09-17 23:41:28.667734+00,2026-09-17 23:54:24.517379+00
2328c789-fa9d-4285-90e6-ca0540ad3ce7,/srv/fim-watch/critico/gen_00053.txt,file_modified,alert_only,critical,2026-09-17 23:41:28.767166+00,2026-09-17 23:54:24.533782+00
2f235a07-73c3-4f97-af42-2ef9ef0afb37,/srv/fim-watch/critico/gen_00053.txt,file_modified,alert_only,critical,2026-09-17 23:41:28.867714+00,2026-09-17 23:54:24.551847+00
339f4565-0589-4934-8213-00b63bbe04c8,/srv/fim-watch/critico/gen_00053.txt,file_modified,alert_only,critical,2026-09-17 23:41:28.967397+00,2026-09-17 23:54:24.569235+00
4b727a17-9b25-4d53-8346-f11d0f808abf,/srv/fim-watch/critico/gen_00053.txt,file_modified,alert_only,critical,2026-09-17 23:41:29.066797+00,2026-09-17 23:54:24.584342+00
02751bae-5ac1-4561-ae30-f1a2b857d815,/srv/fim-watch/gen_00146.txt,file_modified,alert_only,high,2026-09-17 23:41:29.167912+00,2026-09-17 23:54:24.599308+00
cd00a482-e24c-44d9-bc87-bc50c2b31160,/srv/fim-watch/gen_00060.txt,file_modified,alert_only,high,2026-09-17 23:41:29.267533+00,2026-09-17 23:54:24.614334+00
0e22f09a-e5c7-45c7-960b-56e58476d562,/srv/fim-watch/gen_00060.txt,file_modified,alert_only,high,2026-09-17 23:41:29.367612+00,2026-09-17 23:54:24.629475+00
17ec50f7-202e-4810-b96c-c4876df29239,/srv/fim-watch/gen_00113.txt,file_modified,alert_only,high,2026-09-17 23:41:29.467414+00,2026-09-17 23:54:24.644644+00
f8ec8e7e-518b-4ff3-a9d0-9fb4d05b16f8,/srv/fim-watch/gen_00113.txt,file_modified,alert_only,high,2026-09-17 23:41:29.567834+00,2026-09-17 23:54:24.660075+00
87a02d1c-0627-4bf9-bb4d-243a064800f1,/srv/fim-watch/critico/gen_00150.txt,file_modified,alert_only,critical,2026-09-17 23:41:29.667498+00,2026-09-17 23:54:24.675076+00
17c4a1f4-510b-4464-87fc-ecdaa01d8d64,/srv/fim-watch/gen_00111.txt,file_modified,alert_only,high,2026-09-17 23:41:29.767588+00,2026-09-17 23:54:24.690284+00
b0b74e22-2212-4c49-bb28-39a480b00e82,/srv/fim-watch/gen_00166.txt,file_modified,alert_only,high,2026-09-17 23:41:29.866776+00,2026-09-17 23:54:24.705246+00
fb5ac1cc-74d1-41b6-bb8b-5513d7a279d5,/srv/fim-watch/gen_00166.txt,file_modified,alert_only,high,2026-09-17 23:41:29.967498+00,2026-09-17 23:54:24.72024+00
6a7671e8-8de4-47a5-83bc-a17f5207e1f5,/srv/fim-watch/gen_00166.txt,file_modified,alert_only,high,2026-09-17 23:41:30.067586+00,2026-09-17 23:54:24.735193+00
3665332b-0aa8-4072-97c0-5e554c62b9f3,/srv/fim-watch/gen_00166.txt,file_modified,alert_only,high,2026-09-17 23:41:30.16763+00,2026-09-17 23:54:24.749729+00
bb3d4337-3597-4761-9f34-917247907de3,/srv/fim-watch/gen_00166.txt,file_modified,alert_only,high,2026-09-17 23:41:30.267511+00,2026-09-17 23:54:24.764652+00
5c7f057b-13f4-4085-ad09-cf587515a339,/srv/fim-watch/gen_00042.txt,file_modified,alert_only,high,2026-09-17 23:41:30.367803+00,2026-09-17 23:54:24.779256+00
97a256d1-870b-4c77-a731-c0bb2139ce3c,/srv/fim-watch/gen_00100.txt,file_modified,alert_only,high,2026-09-17 23:41:30.467495+00,2026-09-17 23:54:24.7921+00
b1401d2d-0013-45e7-a81f-aa3a87caafe6,/srv/fim-watch/gen_00176.txt,file_modified,alert_only,high,2026-09-17 23:41:30.567782+00,2026-09-17 23:54:24.805259+00
a71091b5-8cf1-423e-8bc1-91248d86d082,/srv/fim-watch/gen_00176.txt,file_modified,alert_only,high,2026-09-17 23:41:30.667769+00,2026-09-17 23:54:24.819595+00
e6c27c4e-0c3a-4302-bdf2-c8c99e89b942,/srv/fim-watch/gen_00177.txt,file_modified,alert_only,high,2026-09-17 23:41:30.767726+00,2026-09-17 23:54:24.834052+00
d077205e-c4c8-4104-8ac4-93c11410c401,/srv/fim-watch/gen_00178.txt,file_modified,alert_only,high,2026-09-17 23:41:30.867468+00,2026-09-17 23:54:24.849469+00
9c13e1da-d82e-4be0-bae5-8748ba98139b,/srv/fim-watch/gen_00104.txt,file_modified,alert_only,high,2026-09-17 23:41:30.96714+00,2026-09-17 23:54:24.864037+00
2acdcc72-1080-4683-ac4f-a0c6dba73328,/srv/fim-watch/gen_00113.txt,file_modified,alert_only,high,2026-09-17 23:41:31.067292+00,2026-09-17 23:54:24.878943+00
8e64a344-1b7f-40f0-a535-7adbbac1e3ed,/srv/fim-watch/gen_00179.txt,file_modified,alert_only,high,2026-09-17 23:41:31.167357+00,2026-09-17 23:55:25.719634+00
55be7a2d-a924-4318-a283-057dc82f57b6,/srv/fim-watch/gen_00049.txt,file_modified,alert_only,high,2026-09-17 23:41:31.267618+00,2026-09-17 23:55:25.756677+00
99a94c4a-4072-4803-89ad-a6b9bfd45ff2,/srv/fim-watch/gen_00049.txt,file_modified,alert_only,high,2026-09-17 23:41:31.366559+00,2026-09-17 23:55:25.78794+00
ee86039a-15ab-4aec-b3cd-f9e2e71cb018,/srv/fim-watch/gen_00117.txt,file_modified,alert_only,high,2026-09-17 23:41:31.467+00,2026-09-17 23:55:25.799186+00
b31cdd38-1a1d-4093-9e58-9b9c0cc35506,/srv/fim-watch/gen_00158.txt,file_deleted,alert_only,high,2026-09-17 23:41:31.56759+00,2026-09-17 23:55:25.819681+00
e13a6194-5cd2-49e2-9a23-a95603a06870,/srv/fim-watch/gen_00048.txt,file_deleted,alert_only,high,2026-09-17 23:41:31.667448+00,2026-09-17 23:55:25.837539+00
461e3877-d6fb-4ae7-8906-33fa39ba51e9,/srv/fim-watch/gen_00124.txt,file_modified,alert_only,high,2026-09-17 23:41:31.76695+00,2026-09-17 23:55:25.871107+00
606c8984-2933-4417-8b7e-12053bc20059,/srv/fim-watch/gen_00177.txt,file_modified,alert_only,high,2026-09-17 23:41:31.867661+00,2026-09-17 23:55:25.880974+00
f29f3d05-2f1f-46de-9f42-675efff52a9c,/srv/fim-watch/gen_00177.txt,file_modified,alert_only,high,2026-09-17 23:41:31.967257+00,2026-09-17 23:55:25.90406+00
f1dad548-02cd-4c87-b116-c6cc23d22353,/srv/fim-watch/gen_00060.txt,file_modified,alert_only,high,2026-09-17 23:41:32.067617+00,2026-09-17 23:55:25.924246+00
83efb7f3-a98e-4d19-b653-198fab148e74,/srv/fim-watch/gen_00180.txt,file_modified,alert_only,high,2026-09-17 23:41:32.167427+00,2026-09-17 23:55:25.948579+00
05129997-09d9-4106-96ea-6017462c9975,/srv/fim-watch/gen_00033.txt,file_modified,alert_only,high,2026-09-17 23:41:32.267591+00,2026-09-17 23:55:25.969477+00
de2ffdd5-21d4-4132-a42f-12c4b49d11f9,/srv/fim-watch/gen_00171.txt,file_modified,alert_only,high,2026-09-17 23:41:32.366905+00,2026-09-17 23:55:25.98611+00
dac5b5b3-cd1e-4371-9dd3-aa3ca585ac90,/srv/fim-watch/gen_00181.txt,file_modified,alert_only,high,2026-09-17 23:41:32.467255+00,2026-09-17 23:55:26.001236+00
d6a52bd7-a820-4003-982a-bb7f8e7dae6e,/srv/fim-watch/gen_00180.txt,file_modified,alert_only,high,2026-09-17 23:41:32.567302+00,2026-09-17 23:55:26.017558+00
cfd06a4f-f619-4f6f-ae33-11046712c183,/srv/fim-watch/gen_00078.txt,file_modified,alert_only,high,2026-09-17 23:41:32.667804+00,2026-09-17 23:55:26.034831+00
fc44d5b6-b22b-4035-abff-1519a16e288b,/srv/fim-watch/gen_00073.txt,file_modified,alert_only,high,2026-09-17 23:41:32.767946+00,2026-09-17 23:55:26.051094+00
b5d17299-2ca2-46ec-a24b-beef7aa3c8c4,/srv/fim-watch/gen_00155.txt,file_modified,alert_only,high,2026-09-17 23:41:32.867777+00,2026-09-17 23:55:26.068903+00
e1667e55-a167-448c-b0df-e8bfbed0ac78,/srv/fim-watch/gen_00161.txt,file_modified,alert_only,high,2026-09-17 23:41:32.967262+00,2026-09-17 23:55:26.094304+00
1c8051fa-9739-411f-8485-37e2dfa6e015,/srv/fim-watch/gen_00111.txt,file_deleted,alert_only,high,2026-09-17 23:41:33.067407+00,2026-09-17 23:55:26.116359+00
79932c20-10b0-463a-b270-1a14a0c85a63,/srv/fim-watch/gen_00182.txt,file_modified,alert_only,high,2026-09-17 23:41:33.167606+00,2026-09-17 23:55:26.135882+00
543a80f9-2b16-4210-9955-6a1e8d311821,/srv/fim-watch/gen_00074.txt,file_modified,alert_only,high,2026-09-17 23:41:33.267299+00,2026-09-17 23:55:26.173805+00
7955b535-965f-4709-9ef0-2a4637680a09,/srv/fim-watch/gen_00016.txt,file_modified,alert_only,high,2026-09-17 23:41:33.3667+00,2026-09-17 23:55:26.183475+00
ed3000d1-f36b-4019-afe6-ce39fff0a3b4,/srv/fim-watch/gen_00159.txt,file_modified,alert_only,high,2026-09-17 23:41:33.466373+00,2026-09-17 23:55:26.202486+00
1e321702-17e0-4f01-8b8f-ce1e13b20ba5,/srv/fim-watch/critico/gen_00123.txt,file_modified,alert_only,critical,2026-09-17 23:41:33.567781+00,2026-09-17 23:55:26.226108+00
ef05fdba-fd79-4793-b6ef-1c79cc4564ac,/srv/fim-watch/gen_00170.txt,file_modified,alert_only,high,2026-09-17 23:41:33.667807+00,2026-09-17 23:55:26.24453+00
b5a3488b-04d8-4edd-87a4-3af02c56fe4c,/srv/fim-watch/gen_00178.txt,file_modified,alert_only,high,2026-09-17 23:41:33.767736+00,2026-09-17 23:55:26.263677+00
a1314d0b-ddad-4433-bab8-02164dd3170c,/srv/fim-watch/critico/gen_00183.txt,file_modified,alert_only,critical,2026-09-17 23:41:33.867221+00,2026-09-17 23:55:26.283799+00
682e5dd9-87b6-49ce-9ebf-ff7d6008548b,/srv/fim-watch/gen_00170.txt,file_modified,alert_only,high,2026-09-17 23:41:33.967435+00,2026-09-17 23:55:26.304624+00
be380c9a-90e4-4a03-abda-69857928e033,/srv/fim-watch/gen_00174.txt,file_modified,alert_only,high,2026-09-17 23:41:34.067953+00,2026-09-17 23:55:26.325978+00
46f30f05-0530-48d8-aa36-a3c9d569a9aa,/srv/fim-watch/gen_00036.txt,file_modified,alert_only,high,2026-09-17 23:41:34.16745+00,2026-09-17 23:55:26.34655+00
6319b6eb-7f10-4cbd-9839-8cb8226e7aec,/srv/fim-watch/gen_00135.txt,file_modified,alert_only,high,2026-09-17 23:41:34.267479+00,2026-09-17 23:55:26.365375+00
6ab25099-40e2-414a-a621-b34a886b326e,/srv/fim-watch/gen_00135.txt,file_modified,alert_only,high,2026-09-17 23:41:34.367616+00,2026-09-17 23:55:26.387989+00
c6bedefe-70f8-49b0-ac76-99682a74b1f8,/srv/fim-watch/gen_00120.txt,file_modified,alert_only,high,2026-09-17 23:41:34.467736+00,2026-09-17 23:55:26.408747+00
27eb7560-a640-4af8-a31e-31eb646ee18d,/srv/fim-watch/gen_00120.txt,file_modified,alert_only,high,2026-09-17 23:41:34.56778+00,2026-09-17 23:55:26.429223+00
231afc91-9c54-4aef-bf5b-15b38d0e12a6,/srv/fim-watch/critico/gen_00184.txt,file_modified,alert_only,critical,2026-09-17 23:41:34.667802+00,2026-09-17 23:55:26.450549+00
ef83bae8-5d05-4fe0-9486-ed843a27513c,/srv/fim-watch/gen_00049.txt,file_modified,alert_only,high,2026-09-17 23:41:34.767952+00,2026-09-17 23:55:26.469425+00
84a56f10-fc36-4de6-ab9c-52edea5cefca,/srv/fim-watch/gen_00182.txt,file_deleted,alert_only,high,2026-09-17 23:41:34.867764+00,2026-09-17 23:55:26.486433+00
821da062-699b-4ce3-ad1b-861c1f3956dc,/srv/fim-watch/gen_00171.txt,file_modified,alert_only,high,2026-09-17 23:41:34.966972+00,2026-09-17 23:55:26.505126+00
dca163e6-d7e2-44bb-8d9f-2ed27357454b,/srv/fim-watch/gen_00185.txt,file_modified,alert_only,high,2026-09-17 23:41:35.067776+00,2026-09-17 23:55:26.525818+00
28b1326d-4e1b-497d-b24c-a38d910fe1f6,/srv/fim-watch/critico/gen_00156.txt,file_modified,alert_only,critical,2026-09-17 23:41:35.167471+00,2026-09-17 23:55:26.5449+00
34abbcb6-be3b-4056-a092-87071d71bd23,/srv/fim-watch/gen_00093.txt,file_modified,alert_only,high,2026-09-17 23:41:35.267456+00,2026-09-17 23:55:26.56792+00
aeb7bee4-5c1d-4d86-85d5-c771ceb52538,/srv/fim-watch/gen_00186.txt,file_modified,alert_only,high,2026-09-17 23:41:35.367829+00,2026-09-17 23:55:26.592312+00
a05d9b87-408c-4e88-ab91-a0b2648bf466,/srv/fim-watch/gen_00100.txt,file_modified,alert_only,high,2026-09-17 23:41:35.467831+00,2026-09-17 23:55:26.613219+00
de487973-ae6f-4022-a180-54c8f342eb90,/srv/fim-watch/critico/gen_00061.txt,file_modified,alert_only,critical,2026-09-17 23:41:35.567498+00,2026-09-17 23:55:26.635711+00
d142de1d-94e3-4276-8cd9-ce8b7674f48b,/srv/fim-watch/gen_00129.txt,file_modified,alert_only,high,2026-09-17 23:41:35.667787+00,2026-09-17 23:55:26.653796+00
cf1391a6-a83b-44a2-94d9-1a35e9acd27f,/srv/fim-watch/gen_00187.txt,file_modified,alert_only,high,2026-09-17 23:41:35.76723+00,2026-09-17 23:55:26.672039+00
1851ec1f-fa78-4fe8-9b23-693fd8ed9896,/srv/fim-watch/gen_00163.txt,file_modified,alert_only,high,2026-09-17 23:41:35.867775+00,2026-09-17 23:55:26.692227+00
4cb450b0-d9f5-41e5-a6f5-803a53c242be,/srv/fim-watch/gen_00163.txt,file_modified,alert_only,high,2026-09-17 23:41:35.966923+00,2026-09-17 23:55:26.710689+00
9aaa1c82-2761-402b-9a4a-5122eca0f881,/srv/fim-watch/critico/gen_00123.txt,file_modified,alert_only,critical,2026-09-17 23:41:36.067897+00,2026-09-17 23:55:26.730386+00
51b9df21-2242-4841-8583-a6cdf07dffc2,/srv/fim-watch/gen_00181.txt,file_modified,alert_only,high,2026-09-17 23:41:36.167601+00,2026-09-17 23:55:26.753621+00
d2ae75ab-0d03-4977-92fc-f24781a6d893,/srv/fim-watch/gen_00108.txt,file_modified,alert_only,high,2026-09-17 23:41:36.267841+00,2026-09-17 23:55:26.774058+00
45e77090-1175-416c-acd2-62f312738583,/srv/fim-watch/gen_00186.txt,file_deleted,alert_only,high,2026-09-17 23:41:36.367677+00,2026-09-17 23:55:26.799495+00
d1374467-0e0b-45a7-8e56-cd9a0edc0660,/srv/fim-watch/gen_00114.txt,file_modified,alert_only,high,2026-09-17 23:41:36.466928+00,2026-09-17 23:55:26.820197+00
ab2fd737-8cfc-4faa-a2e0-1684a54be7bf,/srv/fim-watch/gen_00188.txt,file_modified,alert_only,high,2026-09-17 23:41:36.567583+00,2026-09-17 23:55:26.838771+00
c76549a1-64b8-46af-843a-2a50dfdd8ffa,/srv/fim-watch/critico/gen_00189.txt,file_modified,alert_only,critical,2026-09-17 23:41:36.667463+00,2026-09-17 23:55:26.858977+00
70f57c63-243b-41e9-ad48-43e13fc5de6e,/srv/fim-watch/gen_00120.txt,file_deleted,alert_only,high,2026-09-17 23:41:36.766978+00,2026-09-17 23:55:26.877519+00
3acf600d-b7bd-4571-aa1a-4ca89490ae62,/srv/fim-watch/gen_00190.txt,file_created,alert_only,high,2026-09-17 23:41:36.86648+00,2026-09-17 23:55:26.896225+00
ef842952-9bf3-4f85-8945-f81a4b8bbcba,/srv/fim-watch/gen_00100.txt,file_modified,alert_only,high,2026-09-17 23:41:36.967318+00,2026-09-17 23:55:26.915637+00
f486bde3-41fc-4924-a498-d6b9c95eef99,/srv/fim-watch/gen_00100.txt,file_modified,alert_only,high,2026-09-17 23:41:37.067691+00,2026-09-17 23:55:26.934024+00
be98cefc-d22d-4974-b7eb-27a93559d245,/srv/fim-watch/gen_00161.txt,file_modified,alert_only,high,2026-09-17 23:41:37.167268+00,2026-09-17 23:55:26.952437+00
f17347ff-307f-4797-841a-4d0cfc0e18e8,/srv/fim-watch/gen_00073.txt,file_deleted,alert_only,high,2026-09-17 23:41:37.267582+00,2026-09-17 23:55:26.967135+00
f51467a3-ac33-4f31-9759-d27eab2c50c2,/srv/fim-watch/critico/gen_00191.txt,file_modified,alert_only,critical,2026-09-17 23:41:37.367341+00,2026-09-17 23:55:26.981807+00
93602e66-493a-4361-a17b-190fbfef402a,/srv/fim-watch/gen_00190.txt,file_deleted,alert_only,high,2026-09-17 23:41:37.467526+00,2026-09-17 23:55:26.996115+00
f2a639b0-4d8f-4075-a112-3410fd820c26,/srv/fim-watch/gen_00033.txt,file_modified,alert_only,high,2026-09-17 23:41:37.56756+00,2026-09-17 23:55:27.010686+00
ed265ff2-348e-4d45-ab8c-d9d41f43b645,/srv/fim-watch/gen_00113.txt,file_deleted,alert_only,high,2026-09-17 23:41:37.667312+00,2026-09-17 23:55:27.025623+00
74b5f5f0-5695-4c07-a265-d282429f1fbc,/srv/fim-watch/gen_00192.txt,file_modified,alert_only,high,2026-09-17 23:41:37.767099+00,2026-09-17 23:55:27.042085+00
89ecc6f6-4586-477d-9612-59a17bbd0c1d,/srv/fim-watch/gen_00193.txt,file_modified,alert_only,high,2026-09-17 23:41:37.867165+00,2026-09-17 23:55:27.05691+00
5ad6dc33-5834-40d2-9c93-7f412d83d073,/srv/fim-watch/gen_00194.txt,file_modified,alert_only,high,2026-09-17 23:41:37.966994+00,2026-09-17 23:55:27.072333+00
a82e5fcf-7ed2-49b8-a42f-e2ed0a6d6547,/srv/fim-watch/gen_00071.txt,file_modified,alert_only,high,2026-09-17 23:41:38.067543+00,2026-09-17 23:55:27.092016+00
2e735ca5-1179-43de-aa0a-185ce68180f2,/srv/fim-watch/gen_00071.txt,file_modified,alert_only,high,2026-09-17 23:41:38.167408+00,2026-09-17 23:55:27.109135+00
ec194dc3-1b47-49b7-a49c-17314bf8c2f4,/srv/fim-watch/gen_00060.txt,file_deleted,alert_only,high,2026-09-17 23:41:38.267607+00,2026-09-17 23:55:27.137269+00
a69625f1-eae0-4589-94e8-cbdbc96811bd,/srv/fim-watch/gen_00100.txt,file_deleted,alert_only,high,2026-09-17 23:41:38.367667+00,2026-09-17 23:55:27.144845+00
b1458213-82a0-4ca1-a148-83a8f9c788c6,/srv/fim-watch/gen_00062.txt,file_modified,alert_only,high,2026-09-17 23:41:38.467057+00,2026-09-17 23:55:27.161938+00
f0b458e9-512a-4ab6-ab04-6fa94b6dce8d,/srv/fim-watch/gen_00187.txt,file_modified,alert_only,high,2026-09-17 23:41:38.568953+00,2026-09-17 23:55:27.17813+00
0129d145-7634-41be-b90c-e5c5aa6e260e,/srv/fim-watch/critico/gen_00025.txt,file_modified,alert_only,critical,2026-09-17 23:41:38.667808+00,2026-09-17 23:55:27.192884+00
09e888f1-314f-455c-97a7-0b0d7af00599,/srv/fim-watch/gen_00066.txt,file_deleted,alert_only,high,2026-09-17 23:41:38.766147+00,2026-09-17 23:55:27.20825+00
4a0b0b2b-cda8-4356-a2a1-907e6f229b91,/srv/fim-watch/gen_00103.txt,file_modified,alert_only,high,2026-09-17 23:41:38.86728+00,2026-09-17 23:55:27.225291+00
fa6ef94e-0b1e-4f0e-8048-56d44053902b,/srv/fim-watch/gen_00124.txt,file_deleted,alert_only,high,2026-09-17 23:41:38.966846+00,2026-09-17 23:55:27.243298+00
4215085d-379e-4355-8906-0607dc813832,/srv/fim-watch/gen_00187.txt,file_modified,alert_only,high,2026-09-17 23:41:39.167473+00,2026-09-17 23:55:27.261848+00
3e9c8e8a-183c-4f7e-aa1b-c1e453cb91be,/srv/fim-watch/gen_00187.txt,file_modified,alert_only,high,2026-09-17 23:41:39.26747+00,2026-09-17 23:55:27.279076+00
d2e80089-1c1d-486a-97e9-271954054fee,/srv/fim-watch/gen_00187.txt,file_modified,alert_only,high,2026-09-17 23:41:39.367589+00,2026-09-17 23:55:27.29499+00
640cc890-84d2-412d-b66f-8c2d90173d89,/srv/fim-watch/gen_00187.txt,file_modified,alert_only,high,2026-09-17 23:41:39.466989+00,2026-09-17 23:55:27.310839+00
bbcf0073-54ec-4be2-9416-e7a2981079f1,/srv/fim-watch/gen_00187.txt,file_modified,alert_only,high,2026-09-17 23:41:39.567479+00,2026-09-17 23:55:27.328153+00
72a10739-ec61-414a-9517-f9dc17787959,/srv/fim-watch/gen_00196.txt,file_modified,alert_only,high,2026-09-17 23:41:40.367217+00,2026-09-17 23:55:27.354538+00
9d8b4f4d-8562-4356-9bed-4340bdcca2d7,/srv/fim-watch/gen_00108.txt,file_modified,alert_only,high,2026-09-17 23:41:40.667244+00,2026-09-17 23:55:27.387106+00
330d6e89-25ed-4b64-9e74-aa08c670c3b4,/srv/fim-watch/critico/gen_00184.txt,file_modified,alert_only,critical,2026-09-17 23:41:41.467298+00,2026-09-17 23:55:27.417918+00
31c452d7-c126-4fba-a605-79b4c0cb6e28,/srv/fim-watch/gen_00204.txt,file_modified,alert_only,high,2026-09-17 23:41:45.267364+00,2026-09-17 23:55:27.446746+00
02ac7b06-f1f8-4f2a-aa78-c5af659e6e25,/srv/fim-watch/gen_00049.txt,file_modified,alert_only,high,2026-09-17 23:41:45.367432+00,2026-09-17 23:55:27.470177+00
674d6722-908d-4d35-9c8c-ecd8c369c8b0,/srv/fim-watch/gen_00170.txt,file_modified,alert_only,high,2026-09-17 23:41:45.467689+00,2026-09-17 23:55:27.496447+00
e351c32f-2812-4c5b-a53d-691aaa4b06f8,/srv/fim-watch/gen_00020.txt,file_modified,alert_only,high,2026-09-17 23:41:45.567565+00,2026-09-17 23:55:27.514492+00
93e88957-fd29-4a8e-af7f-d24e2759de54,/srv/fim-watch/gen_00207.txt,file_modified,alert_only,high,2026-09-17 23:41:45.667438+00,2026-09-17 23:55:27.532241+00
db6c7c5a-361c-4047-b14a-8f9ab4a6b0b9,/srv/fim-watch/gen_00057.txt,file_modified,alert_only,high,2026-09-17 23:41:45.767245+00,2026-09-17 23:55:27.549409+00
9a6fd948-3d07-4cce-99e8-8236fc6cb692,/srv/fim-watch/gen_00064.txt,file_modified,alert_only,high,2026-09-17 23:41:45.867805+00,2026-09-17 23:55:27.568159+00
9dfde945-7b48-416a-b5c1-6503ff1d9edd,/srv/fim-watch/gen_00016.txt,file_modified,alert_only,high,2026-09-17 23:41:45.967363+00,2026-09-17 23:55:27.587377+00
7bf20bc0-4d2f-4564-9be0-e7b6132556cc,/srv/fim-watch/gen_00208.txt,file_created,alert_only,high,2026-09-17 23:41:46.066683+00,2026-09-17 23:55:27.606182+00
3aa0a9c8-9e15-4475-a80a-c515aa677d8f,/srv/fim-watch/gen_00208.txt,file_deleted,alert_only,high,2026-09-17 23:41:46.167126+00,2026-09-17 23:55:27.62547+00
badfc675-71b6-4f90-b138-80eeb1a71985,/srv/fim-watch/critico/gen_00156.txt,file_modified,alert_only,critical,2026-09-17 23:41:46.267629+00,2026-09-17 23:55:27.6439+00
555268aa-8f23-4ee5-9810-0d288246d9fb,/srv/fim-watch/gen_00125.txt,file_modified,alert_only,high,2026-09-17 23:41:46.367424+00,2026-09-17 23:55:27.661326+00
d87ff555-fcda-4d10-bd7a-20f3ec2160a0,/srv/fim-watch/gen_00125.txt,file_modified,alert_only,high,2026-09-17 23:41:46.467139+00,2026-09-17 23:55:27.678973+00
a7b2e039-9239-447f-a473-252d16d896a6,/srv/fim-watch/gen_00125.txt,file_modified,alert_only,high,2026-09-17 23:41:46.566961+00,2026-09-17 23:56:26.715472+00
cce11df2-1f10-482a-91ec-8f1f6eafa4c4,/srv/fim-watch/gen_00125.txt,file_modified,alert_only,high,2026-09-17 23:41:46.667198+00,2026-09-17 23:56:26.748924+00
4fa44551-5c8d-4552-b528-c60cc75b1fbd,/srv/fim-watch/gen_00125.txt,file_modified,alert_only,high,2026-09-17 23:41:46.767613+00,2026-09-17 23:56:26.776073+00
02d24f08-9de3-4b6b-8416-cc2efa172d0b,/srv/fim-watch/gen_00088.txt,file_modified,alert_only,high,2026-09-17 23:41:46.866904+00,2026-09-17 23:56:26.787615+00
3cb4df65-1c20-4f43-9a32-f8d93f955da8,/srv/fim-watch/gen_00136.txt,file_modified,alert_only,high,2026-09-17 23:41:46.96718+00,2026-09-17 23:56:26.809273+00
a7e710fa-fa3d-486c-a157-9f2fd94933f5,/srv/fim-watch/gen_00170.txt,file_modified,alert_only,high,2026-09-17 23:41:47.067449+00,2026-09-17 23:56:26.828415+00
5f227e21-53b7-4272-ae26-f3e76a665794,/srv/fim-watch/gen_00036.txt,file_modified,alert_only,high,2026-09-17 23:41:47.167695+00,2026-09-17 23:56:26.848469+00
a301beeb-f592-49d3-a57d-cdb692fe95c2,/srv/fim-watch/gen_00201.txt,file_modified,alert_only,high,2026-09-17 23:41:47.26715+00,2026-09-17 23:56:26.877682+00
5caab478-a422-4041-b794-74c47066d8c6,/srv/fim-watch/critico/gen_00209.txt,file_modified,alert_only,critical,2026-09-17 23:41:47.367205+00,2026-09-17 23:56:26.885429+00
d4a715f5-782a-4e30-86c6-245182cbe2f9,/srv/fim-watch/critico/gen_00130.txt,file_modified,alert_only,critical,2026-09-17 23:41:47.467514+00,2026-09-17 23:56:26.902211+00
e10e8e04-19d3-46cd-a2ad-833caaccebaf,/srv/fim-watch/gen_00096.txt,file_modified,alert_only,high,2026-09-17 23:41:47.567279+00,2026-09-17 23:56:26.919217+00
ee4dc926-64ab-4c77-b99f-694c0c0d75e6,/srv/fim-watch/critico/gen_00210.txt,file_modified,alert_only,critical,2026-09-17 23:41:47.667255+00,2026-09-17 23:56:26.93563+00
68fb2a07-07d5-434c-9720-61a92c02e0bd,/srv/fim-watch/gen_00201.txt,file_deleted,alert_only,high,2026-09-17 23:41:47.766708+00,2026-09-17 23:56:26.952421+00
723bf4b3-fad5-458a-ac20-ad5b92705ef6,/srv/fim-watch/gen_00211.txt,file_modified,alert_only,high,2026-09-17 23:41:47.867543+00,2026-09-17 23:56:26.967801+00
29b3536c-b30e-4677-a8ad-d42faa45ff67,/srv/fim-watch/gen_00211.txt,file_deleted,alert_only,high,2026-09-17 23:41:47.967318+00,2026-09-17 23:56:26.983714+00
629817f8-899f-40d9-8106-7ae9a047ab20,/srv/fim-watch/gen_00058.txt,file_modified,alert_only,high,2026-09-17 23:41:48.06792+00,2026-09-17 23:56:26.99905+00
f19b17c1-7ccf-4257-ba02-ff4859e32753,/srv/fim-watch/gen_00160.txt,file_modified,alert_only,high,2026-09-17 23:41:48.167542+00,2026-09-17 23:56:27.014781+00
7a40d58a-d939-49dc-bc9c-8cda503050d9,/srv/fim-watch/gen_00096.txt,file_modified,alert_only,high,2026-09-17 23:41:48.267335+00,2026-09-17 23:56:27.031173+00
f1faa735-5dc4-43e8-848a-a3014ef6cebf,/srv/fim-watch/gen_00096.txt,file_modified,alert_only,high,2026-09-17 23:41:48.367438+00,2026-09-17 23:56:27.048062+00
3c096335-9cce-4e2e-b344-04cc080e293c,/srv/fim-watch/gen_00178.txt,file_modified,alert_only,high,2026-09-17 23:41:48.467654+00,2026-09-17 23:56:27.065978+00
16b8e18d-4e38-417f-a173-ccc753db519d,/srv/fim-watch/critico/gen_00025.txt,file_modified,alert_only,critical,2026-09-17 23:41:48.566696+00,2026-09-17 23:56:27.082734+00
dfe884ed-0fc2-41d8-85c8-4580218f4d15,/srv/fim-watch/critico/gen_00169.txt,file_modified,alert_only,critical,2026-09-17 23:41:48.667045+00,2026-09-17 23:56:27.099937+00
b5f9527e-a379-40fb-8c11-b01e597afaa1,/srv/fim-watch/gen_00161.txt,file_modified,alert_only,high,2026-09-17 23:41:48.767559+00,2026-09-17 23:56:27.117089+00
470e09e0-ebe3-4512-bd2d-cda380cb8720,/srv/fim-watch/gen_00161.txt,file_modified,alert_only,high,2026-09-17 23:41:48.867529+00,2026-09-17 23:56:27.14138+00
9b0d3c47-8b78-4216-b0cd-f0ed1555ec27,/srv/fim-watch/gen_00162.txt,file_modified,alert_only,high,2026-09-17 23:41:48.967317+00,2026-09-17 23:56:27.165504+00
987c6eda-caca-4ba0-bfa0-843bb3dfeda7,/srv/fim-watch/gen_00212.txt,file_modified,alert_only,high,2026-09-17 23:41:49.067397+00,2026-09-17 23:56:27.187908+00
e87be31c-9fb4-46c6-9103-be407837ea73,/srv/fim-watch/gen_00213.txt,file_modified,alert_only,high,2026-09-17 23:41:49.167548+00,2026-09-17 23:56:27.20773+00
58fde94e-3dd1-4eaf-b1ad-1bc5d97d45ef,/srv/fim-watch/gen_00103.txt,file_modified,alert_only,high,2026-09-17 23:41:49.267445+00,2026-09-17 23:56:27.227393+00
41093be4-3420-495f-a53e-0a7b3fa98b1e,/srv/fim-watch/gen_00071.txt,file_modified,alert_only,high,2026-09-17 23:41:49.367933+00,2026-09-17 23:56:27.245886+00
225c0ee3-defc-4337-93eb-43eda21993b0,/srv/fim-watch/gen_00050.txt,file_modified,alert_only,high,2026-09-17 23:41:49.467251+00,2026-09-17 23:56:27.264165+00
953f20c0-7fd0-4263-ae1f-3742217a5a0a,/srv/fim-watch/gen_00214.txt,file_created,alert_only,high,2026-09-17 23:41:49.566252+00,2026-09-17 23:56:27.290904+00
18e2bb12-b6bb-4515-8a66-80894d4f5834,/srv/fim-watch/critico/gen_00200.txt,file_modified,alert_only,critical,2026-09-17 23:41:49.666932+00,2026-09-17 23:56:27.297858+00
e3f3cef8-8062-462f-a781-8c6457dcdadf,/srv/fim-watch/critico/gen_00200.txt,file_modified,alert_only,critical,2026-09-17 23:41:49.766774+00,2026-09-17 23:56:27.313484+00
ae6773df-bb26-4304-94e8-92457f75d59e,/srv/fim-watch/critico/gen_00200.txt,file_modified,alert_only,critical,2026-09-17 23:41:49.867023+00,2026-09-17 23:56:27.327009+00
c0f193a1-171e-4ba5-8013-f26374515cce,/srv/fim-watch/critico/gen_00200.txt,file_modified,alert_only,critical,2026-09-17 23:41:49.967324+00,2026-09-17 23:56:27.341737+00
f7d23e1f-7515-4fc4-bffc-e2ec8cb1968b,/srv/fim-watch/critico/gen_00200.txt,file_modified,alert_only,critical,2026-09-17 23:41:50.06683+00,2026-09-17 23:56:27.357727+00
dee696c7-de4c-4afe-8b5e-4fc4ba4b0821,/srv/fim-watch/gen_00057.txt,file_modified,alert_only,high,2026-09-17 23:41:50.167096+00,2026-09-17 23:56:27.375695+00
1951e864-819e-4d7d-91d3-70465b3ac1b4,/srv/fim-watch/gen_00215.txt,file_modified,alert_only,high,2026-09-17 23:41:50.267134+00,2026-09-17 23:56:27.393906+00
988ba41b-73d3-4b38-8dc5-67c6515e891c,/srv/fim-watch/gen_00074.txt,file_modified,alert_only,high,2026-09-17 23:41:50.367343+00,2026-09-17 23:56:27.409066+00
0d688cb5-ed83-48ce-b748-870ce5bc5f7b,/srv/fim-watch/critico/gen_00123.txt,file_modified,alert_only,critical,2026-09-17 23:41:50.467479+00,2026-09-17 23:56:27.423514+00
461feb2c-8bc1-4b6f-b4d2-2399c21738ad,/srv/fim-watch/gen_00102.txt,file_modified,alert_only,high,2026-09-17 23:41:50.567115+00,2026-09-17 23:56:27.438611+00
117dcbf5-83f6-4451-8782-054e46e2efa1,/srv/fim-watch/gen_00170.txt,file_modified,alert_only,high,2026-09-17 23:41:50.667203+00,2026-09-17 23:56:27.453926+00
735811ab-571d-4cf1-ac51-b27d487ce2ad,/srv/fim-watch/gen_00216.txt,file_modified,alert_only,high,2026-09-17 23:41:50.766704+00,2026-09-17 23:56:27.47694+00
f3966e79-74f3-4c20-b331-4de6b4d64dcc,/srv/fim-watch/gen_00216.txt,file_deleted,alert_only,high,2026-09-17 23:41:50.86702+00,2026-09-17 23:56:27.499894+00
6adfca94-9e36-489d-a18b-0b35866bc192,/srv/fim-watch/critico/gen_00153.txt,file_modified,alert_only,critical,2026-09-17 23:41:50.967249+00,2026-09-17 23:56:27.51799+00
a311635c-cd58-4df8-95ab-3f77a7e06057,/srv/fim-watch/gen_00217.txt,file_modified,alert_only,high,2026-09-17 23:41:51.066626+00,2026-09-17 23:56:27.535182+00
2a95168d-7c30-47cc-afef-b3872a9f1199,/srv/fim-watch/gen_00134.txt,file_modified,alert_only,high,2026-09-17 23:41:51.167066+00,2026-09-17 23:56:27.552306+00
9cbe1f95-ccf5-4c8c-911b-7703fc42717b,/srv/fim-watch/gen_00218.txt,file_modified,alert_only,high,2026-09-17 23:41:51.266951+00,2026-09-17 23:56:27.571047+00
e948f894-83e8-4d33-9d44-bd30b69d647a,/srv/fim-watch/gen_00215.txt,file_modified,alert_only,high,2026-09-17 23:41:51.367179+00,2026-09-17 23:56:27.586523+00
72744c99-5dda-4ca0-b957-2c257f8decd1,/srv/fim-watch/gen_00070.txt,file_modified,alert_only,high,2026-09-17 23:41:51.467502+00,2026-09-17 23:56:27.601429+00
0069f4f6-5c36-4195-a337-fbdb535b4872,/srv/fim-watch/gen_00070.txt,file_modified,alert_only,high,2026-09-17 23:41:51.567585+00,2026-09-17 23:56:27.61698+00
f0edd810-b259-42b4-93da-568c5d34e73b,/srv/fim-watch/gen_00067.txt,file_modified,alert_only,high,2026-09-17 23:41:51.666613+00,2026-09-17 23:56:27.632684+00
c4a78aed-4323-430e-8f13-1103735b0b09,/srv/fim-watch/gen_00135.txt,file_modified,alert_only,high,2026-09-17 23:41:51.767072+00,2026-09-17 23:56:27.648674+00
9ae486cf-6776-4e6b-bf95-16b9467c5839,/srv/fim-watch/gen_00174.txt,file_modified,alert_only,high,2026-09-17 23:41:51.867356+00,2026-09-17 23:56:27.66489+00
66a35f45-403d-49c9-bd90-31d08300470a,/srv/fim-watch/gen_00219.txt,file_modified,alert_only,high,2026-09-17 23:41:51.966823+00,2026-09-17 23:56:27.680476+00
2db80553-a19c-4d7b-ac09-ab8e9fc7e613,/srv/fim-watch/gen_00220.txt,file_modified,alert_only,high,2026-09-17 23:41:52.067524+00,2026-09-17 23:56:27.696284+00
94f6d662-8412-40b6-a4c0-848ad11ae34a,/srv/fim-watch/gen_00220.txt,file_deleted,alert_only,high,2026-09-17 23:41:52.1673+00,2026-09-17 23:56:27.712746+00
3c09f150-5c1f-49ac-bcbf-22a9b540c085,/srv/fim-watch/gen_00128.txt,file_modified,alert_only,high,2026-09-17 23:41:52.267098+00,2026-09-17 23:56:27.729617+00
1b76cdb5-0cdd-4e85-8f03-a40ddf92bb40,/srv/fim-watch/gen_00020.txt,file_modified,alert_only,high,2026-09-17 23:41:52.36737+00,2026-09-17 23:56:27.746705+00
5ea9d5d8-ce33-4543-89f4-2b830aa8a6c9,/srv/fim-watch/gen_00175.txt,file_modified,alert_only,high,2026-09-17 23:41:52.467483+00,2026-09-17 23:56:27.765552+00
7fc4c775-9b57-4eeb-bbc5-b0263387356a,/srv/fim-watch/gen_00193.txt,file_modified,alert_only,high,2026-09-17 23:41:52.567228+00,2026-09-17 23:56:27.784124+00
49040d3a-5173-4031-a0b0-9b708f182685,/srv/fim-watch/gen_00151.txt,file_modified,alert_only,high,2026-09-17 23:41:52.667125+00,2026-09-17 23:56:27.800807+00
187e5287-f1ac-44a0-899d-62901e2df4e3,/srv/fim-watch/gen_00151.txt,file_modified,alert_only,high,2026-09-17 23:41:52.767067+00,2026-09-17 23:56:27.82179+00
fd462b99-185d-463a-b4b8-9239f97b057b,/srv/fim-watch/gen_00106.txt,file_modified,alert_only,high,2026-09-17 23:41:52.866657+00,2026-09-17 23:56:27.841004+00
20b2cce1-8241-4c26-a7a2-b1030e0acff3,/srv/fim-watch/gen_00170.txt,file_deleted,alert_only,high,2026-09-17 23:41:52.967363+00,2026-09-17 23:56:27.858704+00
780b5995-b160-46dc-ba49-a8d2a29013c1,/srv/fim-watch/gen_00149.txt,file_modified,alert_only,high,2026-09-17 23:41:53.067055+00,2026-09-17 23:56:27.875726+00
a3ecd94e-20c3-4509-b50f-333307dce8dd,/srv/fim-watch/gen_00103.txt,file_deleted,alert_only,high,2026-09-17 23:41:53.167021+00,2026-09-17 23:56:27.895064+00
2518d417-7907-4726-b4af-863707a913a6,/srv/fim-watch/gen_00147.txt,file_deleted,alert_only,high,2026-09-17 23:41:53.266695+00,2026-09-17 23:56:27.913681+00
7db6d489-b826-4b6c-91b3-6df9e55bbe41,/srv/fim-watch/gen_00181.txt,file_modified,alert_only,high,2026-09-17 23:41:53.367108+00,2026-09-17 23:56:27.934386+00
a9f4e348-ccb4-4e96-8fa5-5c3d2f167af0,/srv/fim-watch/gen_00181.txt,file_modified,alert_only,high,2026-09-17 23:41:53.467255+00,2026-09-17 23:56:27.952869+00
d0bf31bd-66d8-4cad-8b04-1f0104a197e8,/srv/fim-watch/gen_00093.txt,file_modified,alert_only,high,2026-09-17 23:41:53.567398+00,2026-09-17 23:56:27.971811+00
c3a02514-f56b-472e-b070-356402cacf6d,/srv/fim-watch/gen_00175.txt,file_modified,alert_only,high,2026-09-17 23:41:53.667075+00,2026-09-17 23:56:27.988693+00
885d185a-89f1-4d8c-b52a-7f9a402218e6,/srv/fim-watch/gen_00175.txt,file_modified,alert_only,high,2026-09-17 23:41:53.767232+00,2026-09-17 23:56:28.009362+00
113e9195-7aaf-48ed-8a99-551b5c1252fd,/srv/fim-watch/gen_00175.txt,file_modified,alert_only,high,2026-09-17 23:41:53.867375+00,2026-09-17 23:56:28.028486+00
bab3bb28-51ce-4791-a870-d68ed1ce37fd,/srv/fim-watch/gen_00175.txt,file_modified,alert_only,high,2026-09-17 23:41:53.967508+00,2026-09-17 23:56:28.048024+00
0a52cc17-a3ff-4446-89f7-5ee2003a9593,/srv/fim-watch/gen_00175.txt,file_modified,alert_only,high,2026-09-17 23:41:54.067035+00,2026-09-17 23:56:28.069825+00
62fb12ec-c29f-40d4-8373-63fc98728be7,/srv/fim-watch/gen_00125.txt,file_modified,alert_only,high,2026-09-17 23:41:54.167071+00,2026-09-17 23:56:28.090826+00
32407335-1848-4d17-bf09-7a6e276b2123,/srv/fim-watch/gen_00062.txt,file_modified,alert_only,high,2026-09-17 23:41:54.266839+00,2026-09-17 23:56:28.111568+00
10147d69-6c1d-40f9-92bd-6daf5110d4fb,/srv/fim-watch/critico/gen_00184.txt,file_modified,alert_only,critical,2026-09-17 23:41:54.367288+00,2026-09-17 23:56:28.132541+00
5cfc9a2e-018b-47f5-9455-48034d00547a,/srv/fim-watch/gen_00167.txt,file_modified,alert_only,high,2026-09-17 23:41:54.467325+00,2026-09-17 23:56:28.155462+00
ab7ace48-2ad8-4cd7-920f-1f38160b7e1b,/srv/fim-watch/gen_00221.txt,file_modified,alert_only,high,2026-09-17 23:41:54.567348+00,2026-09-17 23:56:28.194119+00
0d20c044-3805-4f1d-b639-7f7455df86d7,/srv/fim-watch/critico/gen_00222.txt,file_modified,alert_only,critical,2026-09-17 23:41:54.668381+00,2026-09-17 23:56:28.208871+00
ba437d3c-dfa2-41bf-9838-86e43407c7c0,/srv/fim-watch/gen_00108.txt,file_modified,alert_only,high,2026-09-17 23:41:54.767551+00,2026-09-17 23:56:28.240794+00
bc0dc698-9acb-488f-8656-8ec7cbb175df,/srv/fim-watch/gen_00139.txt,file_modified,alert_only,high,2026-09-17 23:41:54.867838+00,2026-09-17 23:56:28.270409+00
f9534019-b39d-4130-8f00-79c7c4bee031,/srv/fim-watch/gen_00213.txt,file_modified,alert_only,high,2026-09-17 23:41:54.96776+00,2026-09-17 23:56:28.290731+00
6676ba7f-d254-45f4-98b9-0de03f78a5f6,/srv/fim-watch/gen_00106.txt,file_modified,alert_only,high,2026-09-17 23:41:55.06891+00,2026-09-17 23:56:28.311227+00
8cb5e551-32ad-4f2d-a50f-10fb069f0d7a,/srv/fim-watch/gen_00223.txt,file_modified,alert_only,high,2026-09-17 23:41:55.166908+00,2026-09-17 23:56:28.335787+00
47b5822f-ef9d-46b4-b2ad-820265f9eb4c,/srv/fim-watch/gen_00224.txt,file_modified,alert_only,high,2026-09-17 23:41:55.266842+00,2026-09-17 23:56:28.362227+00
c8916e3c-6dc1-42f0-8249-672b9023d76a,/srv/fim-watch/gen_00224.txt,file_deleted,alert_only,high,2026-09-17 23:41:55.367208+00,2026-09-17 23:56:28.386623+00
f3bf5603-bc28-4ec6-a2c8-70b5da60222a,/srv/fim-watch/critico/gen_00025.txt,file_modified,alert_only,critical,2026-09-17 23:41:55.46709+00,2026-09-17 23:56:28.41012+00
c817bd0f-0253-4b40-9bac-384c6a49f970,/srv/fim-watch/critico/gen_00025.txt,file_modified,alert_only,critical,2026-09-17 23:41:55.567375+00,2026-09-17 23:56:28.427832+00
eec1c434-7ad5-4dd9-82a1-a07801132f97,/srv/fim-watch/gen_00225.txt,file_modified,alert_only,high,2026-09-17 23:41:55.667394+00,2026-09-17 23:56:28.444855+00
e878e583-f2f5-4a07-b8f1-e90070494e3e,/srv/fim-watch/critico/gen_00025.txt,file_modified,alert_only,critical,2026-09-17 23:41:55.767194+00,2026-09-17 23:56:28.463153+00
0e4ec323-0ab9-4a97-9ee2-86c794cea8b0,/srv/fim-watch/gen_00226.txt,file_modified,alert_only,high,2026-09-17 23:41:55.867067+00,2026-09-17 23:56:28.48182+00
26935c1b-e1fc-4b8f-8582-acf8a42d1a8d,/srv/fim-watch/gen_00049.txt,file_modified,alert_only,high,2026-09-17 23:41:55.967485+00,2026-09-17 23:56:28.497705+00
cf8922dc-9eec-4353-b07e-965940992ff7,/srv/fim-watch/gen_00203.txt,file_modified,alert_only,high,2026-09-17 23:41:56.067602+00,2026-09-17 23:56:28.514221+00
ad6fb441-7791-4380-89db-d4e24928a971,/srv/fim-watch/gen_00114.txt,file_modified,alert_only,high,2026-09-17 23:41:56.167588+00,2026-09-17 23:56:28.531405+00
b200712a-0eab-407e-b17f-3b5a7aa292d6,/srv/fim-watch/gen_00114.txt,file_modified,alert_only,high,2026-09-17 23:41:56.267056+00,2026-09-17 23:56:28.550217+00
2d9425c4-db18-4b7b-8a3b-65dacd223c48,/srv/fim-watch/gen_00114.txt,file_modified,alert_only,high,2026-09-17 23:41:56.367553+00,2026-09-17 23:56:28.568979+00
e7b9b918-edd8-410e-904a-e943f1d5e68f,/srv/fim-watch/gen_00114.txt,file_modified,alert_only,high,2026-09-17 23:41:56.467717+00,2026-09-17 23:56:28.585765+00
2c5bcb98-82c7-41e8-85e0-71221d43ddf1,/srv/fim-watch/gen_00114.txt,file_modified,alert_only,high,2026-09-17 23:41:56.567541+00,2026-09-17 23:57:27.212969+00
974fc048-71dd-4214-846a-0aef473115e5,/srv/fim-watch/critico/gen_00227.txt,file_modified,alert_only,critical,2026-09-17 23:41:56.667417+00,2026-09-17 23:57:27.251193+00
13eac71a-6a01-4fc1-bcd0-bb6b163566bd,/srv/fim-watch/critico/gen_00227.txt,file_deleted,alert_only,critical,2026-09-17 23:41:56.766912+00,2026-09-17 23:57:27.290488+00
b99ddb85-dc7b-4c03-a879-e81081c8c260,/srv/fim-watch/gen_00016.txt,file_modified,alert_only,high,2026-09-17 23:41:56.867455+00,2026-09-17 23:57:27.301126+00
456c3b74-683e-4f96-8d9d-f39ed554186a,/srv/fim-watch/gen_00192.txt,file_modified,alert_only,high,2026-09-17 23:41:56.966822+00,2026-09-17 23:57:27.320822+00
375ac5f2-04a4-46f8-9a93-067198dfefbe,/srv/fim-watch/gen_00228.txt,file_modified,alert_only,high,2026-09-17 23:41:57.06706+00,2026-09-17 23:57:27.340358+00
36ab5dd9-06a4-4f80-acc0-df8a02bf9c87,/srv/fim-watch/critico/gen_00123.txt,file_modified,alert_only,critical,2026-09-17 23:41:57.167482+00,2026-09-17 23:57:27.359941+00
5f7bf4da-3453-48c2-b582-022bd8a0225e,/srv/fim-watch/gen_00159.txt,file_modified,alert_only,high,2026-09-17 23:41:57.267124+00,2026-09-17 23:57:27.380766+00
61e35599-4c78-4c2a-9a79-94aede4b256a,/srv/fim-watch/gen_00159.txt,file_modified,alert_only,high,2026-09-17 23:41:57.367374+00,2026-09-17 23:57:27.404769+00
03eeb12f-5e79-4306-b2e3-0697ddcb834b,/srv/fim-watch/gen_00135.txt,file_modified,alert_only,high,2026-09-17 23:41:57.467365+00,2026-09-17 23:57:27.440916+00
285f3cc0-55c9-48b1-89e0-295e11572454,/srv/fim-watch/gen_00229.txt,file_modified,alert_only,high,2026-09-17 23:41:57.567128+00,2026-09-17 23:57:27.449106+00
70b0ac50-3e5f-4462-b9c4-222e25ea13e1,/srv/fim-watch/critico/gen_00200.txt,file_modified,alert_only,critical,2026-09-17 23:41:57.667398+00,2026-09-17 23:57:27.464276+00
82473681-c044-49ce-b7b9-eecda7483141,/srv/fim-watch/critico/gen_00200.txt,file_modified,alert_only,critical,2026-09-17 23:41:57.767268+00,2026-09-17 23:57:27.485538+00
aa378809-e37e-4331-87ba-d572c8f5c155,/srv/fim-watch/gen_00181.txt,file_deleted,alert_only,high,2026-09-17 23:41:57.867245+00,2026-09-17 23:57:27.502935+00
1664c34d-eab6-4cac-aca6-a38788a90e5e,/srv/fim-watch/gen_00167.txt,file_deleted,alert_only,high,2026-09-17 23:41:57.967286+00,2026-09-17 23:57:27.519025+00
33fe6830-eb6d-40dc-87f9-ff0c25310b77,/srv/fim-watch/gen_00062.txt,file_modified,alert_only,high,2026-09-17 23:41:58.067628+00,2026-09-17 23:57:27.53532+00
53caccd4-36bb-49d0-857e-fd4833eb0b0d,/srv/fim-watch/gen_00230.txt,file_modified,alert_only,high,2026-09-17 23:41:58.167265+00,2026-09-17 23:57:27.552135+00
475e7cdd-f7d8-4129-acfe-9357a1d931b4,/srv/fim-watch/gen_00062.txt,file_modified,alert_only,high,2026-09-17 23:41:58.26728+00,2026-09-17 23:57:27.567828+00
4cdff819-645b-45c2-a146-81f3f452bf3d,/srv/fim-watch/gen_00042.txt,file_modified,alert_only,high,2026-09-17 23:41:58.367378+00,2026-09-17 23:57:27.583371+00
1c3ddc1d-3c6e-42cb-9df8-e59391db46cd,/srv/fim-watch/gen_00212.txt,file_modified,alert_only,high,2026-09-17 23:41:58.467299+00,2026-09-17 23:57:27.598592+00
1d20a8ce-1152-4d1e-b6f3-625f43e448db,/srv/fim-watch/gen_00212.txt,file_modified,alert_only,high,2026-09-17 23:41:58.567023+00,2026-09-17 23:57:27.615381+00
2e596bc3-4150-4837-a329-1e8f16d3dd41,/srv/fim-watch/gen_00231.txt,file_modified,alert_only,high,2026-09-17 23:41:58.667031+00,2026-09-17 23:57:27.632636+00
acc31c09-e45b-4a79-81a4-b16c0bae30b5,/srv/fim-watch/gen_00218.txt,file_deleted,alert_only,high,2026-09-17 23:41:58.767113+00,2026-09-17 23:57:27.648884+00
54f12bd6-2c9e-4697-9f47-c28bd621d75a,/srv/fim-watch/gen_00122.txt,file_modified,alert_only,high,2026-09-17 23:41:58.867322+00,2026-09-17 23:57:27.665229+00
6150d302-04f9-416a-9069-34b6061cf1ae,/srv/fim-watch/gen_00122.txt,file_modified,alert_only,high,2026-09-17 23:41:58.967372+00,2026-09-17 23:57:27.680977+00
901fee56-3b6d-4e3b-800d-5d5a224e3375,/srv/fim-watch/gen_00232.txt,file_modified,alert_only,high,2026-09-17 23:41:59.066896+00,2026-09-17 23:57:27.69574+00
99d98d6b-651d-4d04-bbb4-a0d0b24d791c,/srv/fim-watch/critico/gen_00233.txt,file_modified,alert_only,critical,2026-09-17 23:41:59.167271+00,2026-09-17 23:57:27.711136+00
b9d20c2a-9412-4870-b92a-738ade86b22e,/srv/fim-watch/critico/gen_00233.txt,file_modified,alert_only,critical,2026-09-17 23:41:59.266894+00,2026-09-17 23:57:27.727611+00
82c3d5b5-19a6-4efc-8621-9473259e8700,/srv/fim-watch/gen_00068.txt,file_modified,alert_only,high,2026-09-17 23:41:59.367424+00,2026-09-17 23:57:27.743807+00
0915fb1d-826c-406f-a86e-db675775bb0f,/srv/fim-watch/gen_00234.txt,file_modified,alert_only,high,2026-09-17 23:41:59.467224+00,2026-09-17 23:57:27.761713+00
d309f6db-4223-46bc-bec3-2bf1b0dd798b,/srv/fim-watch/gen_00117.txt,file_modified,alert_only,high,2026-09-17 23:41:59.56731+00,2026-09-17 23:57:27.779518+00
95c39bfe-ba4f-4456-8b5f-2e0d8ced737b,/srv/fim-watch/gen_00102.txt,file_modified,alert_only,high,2026-09-17 23:41:59.667465+00,2026-09-17 23:57:27.796246+00
e3cfda24-4f36-4fab-983d-74f46578cdfe,/srv/fim-watch/gen_00108.txt,file_modified,alert_only,high,2026-09-17 23:41:59.767487+00,2026-09-17 23:57:27.814546+00
f5550bcf-3df8-4375-8bba-ad78e16c0ef4,/srv/fim-watch/gen_00235.txt,file_modified,alert_only,high,2026-09-17 23:41:59.867292+00,2026-09-17 23:57:27.833567+00
638eae9a-bfff-4ca6-9c5e-ce8c0ad2dcae,/srv/fim-watch/critico/gen_00236.txt,file_modified,alert_only,critical,2026-09-17 23:41:59.96735+00,2026-09-17 23:57:27.849267+00
bdea6025-0ddc-42ed-b0d7-4268ce09528d,/srv/fim-watch/critico/gen_00222.txt,file_modified,alert_only,critical,2026-09-17 23:42:00.067475+00,2026-09-17 23:57:27.865364+00
0fef98d5-12bf-49a4-9d00-53df2834c22a,/srv/fim-watch/gen_00237.txt,file_modified,alert_only,high,2026-09-17 23:42:00.167695+00,2026-09-17 23:57:27.881104+00
dff214f2-43f2-43b9-8d9b-0e70fcf2a6d0,/srv/fim-watch/gen_00238.txt,file_modified,alert_only,high,2026-09-17 23:42:00.266901+00,2026-09-17 23:57:27.89976+00
602804c0-1aa2-4df8-b39f-fdced165c2e5,/srv/fim-watch/gen_00195.txt,file_modified,alert_only,high,2026-09-17 23:42:00.368165+00,2026-09-17 23:57:27.92944+00
c11b4015-70e5-4dff-b41d-d5671b0d4f50,/srv/fim-watch/gen_00115.txt,file_modified,alert_only,high,2026-09-17 23:42:00.466977+00,2026-09-17 23:57:27.936675+00
b800f647-1af8-44c1-b5c3-2b0ccb83f213,/srv/fim-watch/gen_00115.txt,file_modified,alert_only,high,2026-09-17 23:42:00.567246+00,2026-09-17 23:57:27.951793+00
afaafc1b-d492-405c-8874-204a26d3252f,/srv/fim-watch/gen_00115.txt,file_modified,alert_only,high,2026-09-17 23:42:00.667778+00,2026-09-17 23:57:27.969723+00
ef8e3b88-667c-4e94-90ec-b77cd5523a5f,/srv/fim-watch/gen_00115.txt,file_modified,alert_only,high,2026-09-17 23:42:00.766666+00,2026-09-17 23:57:27.987107+00
5f1b435a-6729-455f-b76d-8aa1e8653585,/srv/fim-watch/gen_00115.txt,file_modified,alert_only,high,2026-09-17 23:42:00.867071+00,2026-09-17 23:57:28.004083+00
b6b241cc-0223-4ebd-8df9-f1aceaa834a5,/srv/fim-watch/gen_00079.txt,file_modified,alert_only,high,2026-09-17 23:42:00.968664+00,2026-09-17 23:57:28.020807+00
3a0160f8-1d57-407d-b784-c339a5ad782e,/srv/fim-watch/gen_00057.txt,file_modified,alert_only,high,2026-09-17 23:42:01.067528+00,2026-09-17 23:57:28.038515+00
c3ac081b-57eb-4b1b-80b9-6a2d5fe7aba3,/srv/fim-watch/gen_00194.txt,file_modified,alert_only,high,2026-09-17 23:42:01.16703+00,2026-09-17 23:57:28.056484+00
52fcb856-4d00-4689-aa32-8742c37f539c,/srv/fim-watch/gen_00239.txt,file_modified,alert_only,high,2026-09-17 23:42:01.26737+00,2026-09-17 23:57:28.074243+00
b30b23ec-53e0-4765-b5f1-91c0ec6ed0fd,/srv/fim-watch/gen_00240.txt,file_modified,alert_only,high,2026-09-17 23:42:01.367637+00,2026-09-17 23:57:28.091775+00
4d16de36-f1d4-44de-b9d4-9f60391d6d97,/srv/fim-watch/gen_00185.txt,file_deleted,alert_only,high,2026-09-17 23:42:01.46776+00,2026-09-17 23:57:28.108822+00
9a44d3c0-6168-462c-8679-24c802d116e7,/srv/fim-watch/gen_00203.txt,file_modified,alert_only,high,2026-09-17 23:42:01.567655+00,2026-09-17 23:57:28.125406+00
c009a2a9-2ee7-4174-89b9-360212816eb5,/srv/fim-watch/gen_00231.txt,file_modified,alert_only,high,2026-09-17 23:42:01.667275+00,2026-09-17 23:57:28.143189+00
0d53e69d-9200-4ed9-9122-d5c78f81b697,/srv/fim-watch/gen_00217.txt,file_modified,alert_only,high,2026-09-17 23:42:01.766965+00,2026-09-17 23:57:28.161838+00
2d2c405f-9535-469f-8dff-6d034b41a4d5,/srv/fim-watch/gen_00049.txt,file_modified,alert_only,high,2026-09-17 23:42:01.868063+00,2026-09-17 23:57:28.179019+00
9f7d5858-0559-4c14-bb66-043629115da4,/srv/fim-watch/gen_00240.txt,file_modified,alert_only,high,2026-09-17 23:42:01.967496+00,2026-09-17 23:57:28.197174+00
d26a104b-a69e-4cb5-87d1-46f68b969283,/srv/fim-watch/gen_00078.txt,file_modified,alert_only,high,2026-09-17 23:42:02.06719+00,2026-09-17 23:57:28.215916+00
8af0a1d1-2c6a-490c-912c-5d6f5f6682f1,/srv/fim-watch/gen_00146.txt,file_deleted,alert_only,high,2026-09-17 23:42:02.167505+00,2026-09-17 23:57:28.236748+00
826d3d17-7a7d-4ea9-9b40-91b5cc56ae6f,/srv/fim-watch/gen_00104.txt,file_modified,alert_only,high,2026-09-17 23:42:02.267372+00,2026-09-17 23:57:28.255513+00
59c0da19-3780-46f4-a539-c4ad3a00d823,/srv/fim-watch/critico/gen_00037.txt,file_deleted,alert_only,critical,2026-09-17 23:42:02.367442+00,2026-09-17 23:57:28.274592+00
bf35a8a8-19f5-48ae-a83c-214c568ae837,/srv/fim-watch/gen_00155.txt,file_deleted,alert_only,high,2026-09-17 23:42:02.467441+00,2026-09-17 23:57:28.295126+00
8485cda8-92b0-4139-8ba0-34165722ddb7,/srv/fim-watch/gen_00241.txt,file_modified,alert_only,high,2026-09-17 23:42:02.567476+00,2026-09-17 23:57:28.317469+00
a339d6c2-5268-46f5-a91a-c3e5e3cebc8b,/srv/fim-watch/gen_00219.txt,file_modified,alert_only,high,2026-09-17 23:42:02.66692+00,2026-09-17 23:57:28.336395+00
a5391dd0-0474-415a-bdf5-6bce48d25664,/srv/fim-watch/critico/gen_00222.txt,file_modified,alert_only,critical,2026-09-17 23:42:02.767365+00,2026-09-17 23:57:28.355393+00
abeccbc5-6c2e-4f01-8177-5dc8e30fec43,/srv/fim-watch/gen_00088.txt,file_modified,alert_only,high,2026-09-17 23:42:02.867303+00,2026-09-17 23:57:28.374971+00
bb7c5a44-fb0c-4fb2-8128-6d5437e77a93,/srv/fim-watch/critico/gen_00025.txt,file_deleted,alert_only,critical,2026-09-17 23:42:02.967225+00,2026-09-17 23:57:28.396583+00
efa707a0-9525-42c4-aebe-a4174beb7752,/srv/fim-watch/gen_00229.txt,file_deleted,alert_only,high,2026-09-17 23:42:03.067306+00,2026-09-17 23:57:28.418986+00
91a655a1-2fc5-4c46-81e2-4b2009c62c52,/srv/fim-watch/gen_00217.txt,file_deleted,alert_only,high,2026-09-17 23:42:03.167374+00,2026-09-17 23:57:28.439378+00
380410b1-3859-48f0-bad1-daa78db50aee,/srv/fim-watch/critico/gen_00242.txt,file_modified,alert_only,critical,2026-09-17 23:42:03.267556+00,2026-09-17 23:57:28.459396+00
bf1bf88c-8eb8-44a9-8ee0-b17252117015,/srv/fim-watch/gen_00243.txt,file_modified,alert_only,high,2026-09-17 23:42:03.367755+00,2026-09-17 23:57:28.481894+00
e32e2d52-ebdd-47a7-9a57-544f759cccd2,/srv/fim-watch/gen_00089.txt,file_modified,alert_only,high,2026-09-17 23:42:03.467596+00,2026-09-17 23:57:28.502363+00
b6fb187f-5873-4e1d-90cc-bb94ac59d208,/srv/fim-watch/gen_00244.txt,file_modified,alert_only,high,2026-09-17 23:42:03.567325+00,2026-09-17 23:57:28.523077+00
c0ea07f1-22cd-4b6f-b175-1b57b6e80619,/srv/fim-watch/gen_00244.txt,file_deleted,alert_only,high,2026-09-17 23:42:03.667531+00,2026-09-17 23:57:28.542746+00
c5be9751-c3ee-43e9-bfd5-9a7276f1a601,/srv/fim-watch/critico/gen_00191.txt,file_modified,alert_only,critical,2026-09-17 23:42:03.766565+00,2026-09-17 23:57:28.561405+00
405888f5-c99f-4c13-b219-b0cdc6255e85,/srv/fim-watch/gen_00203.txt,file_modified,alert_only,high,2026-09-17 23:42:03.867599+00,2026-09-17 23:57:28.583232+00
246573f9-1c6d-4025-b8c2-f3bfe8a62d94,/srv/fim-watch/gen_00203.txt,file_modified,alert_only,high,2026-09-17 23:42:03.968048+00,2026-09-17 23:57:28.602589+00
3684787c-672b-42d8-90a0-1eaec66d9165,/srv/fim-watch/gen_00088.txt,file_modified,alert_only,high,2026-09-17 23:42:04.067616+00,2026-09-17 23:57:28.622931+00
761b1fe9-aab9-4284-b081-0499ba6ebd2d,/srv/fim-watch/gen_00245.txt,file_modified,alert_only,high,2026-09-17 23:42:04.167523+00,2026-09-17 23:57:28.642518+00
a55ca736-8da7-468e-9bc5-8682d5018536,/srv/fim-watch/critico/gen_00156.txt,file_modified,alert_only,critical,2026-09-17 23:42:04.267609+00,2026-09-17 23:57:28.661948+00
102834c3-49b1-4f5f-ba6d-992ce0b0c20a,/srv/fim-watch/gen_00198.txt,file_modified,alert_only,high,2026-09-17 23:42:04.368071+00,2026-09-17 23:57:28.685662+00
54315d4a-e377-4719-9da9-38e608aaacc3,/srv/fim-watch/gen_00246.txt,file_modified,alert_only,high,2026-09-17 23:42:04.467601+00,2026-09-17 23:57:28.706415+00
3a3ffdc7-18c8-4996-b0d3-19801b84df91,/srv/fim-watch/critico/gen_00200.txt,file_modified,alert_only,critical,2026-09-17 23:42:04.567647+00,2026-09-17 23:57:28.727371+00
6c426470-0285-4f56-a7bf-d4662616b42e,/srv/fim-watch/gen_00219.txt,file_modified,alert_only,high,2026-09-17 23:42:04.667931+00,2026-09-17 23:57:28.750094+00
036055bb-3103-44ed-9c60-f198f8f902a3,/srv/fim-watch/gen_00174.txt,file_modified,alert_only,high,2026-09-17 23:42:04.767372+00,2026-09-17 23:57:28.771799+00
063129d7-5d77-419a-a95c-e0c49d5caa73,/srv/fim-watch/critico/gen_00209.txt,file_modified,alert_only,critical,2026-09-17 23:42:04.867821+00,2026-09-17 23:57:28.79291+00
7024e3e1-4b97-4c68-95cb-e0aebe833f62,/srv/fim-watch/gen_00057.txt,file_modified,alert_only,high,2026-09-17 23:42:04.967423+00,2026-09-17 23:57:28.814527+00
d5cb314c-711b-46ee-a911-782d1eec7ba1,/srv/fim-watch/gen_00161.txt,file_modified,alert_only,high,2026-09-17 23:42:05.067448+00,2026-09-17 23:57:28.838351+00
6232d97e-c909-4f4f-afed-9912482e27be,/srv/fim-watch/gen_00237.txt,file_deleted,alert_only,high,2026-09-17 23:42:05.167373+00,2026-09-17 23:57:28.859577+00
ed3569be-6cae-46d5-916e-f398919cbb42,/srv/fim-watch/critico/gen_00242.txt,file_modified,alert_only,critical,2026-09-17 23:42:05.267273+00,2026-09-17 23:57:28.880363+00
129d991b-1263-430b-91a5-1aec2127be04,/srv/fim-watch/gen_00247.txt,file_modified,alert_only,high,2026-09-17 23:42:05.367666+00,2026-09-17 23:57:28.914424+00
9f20434c-340a-40e7-82a2-c25a5b24b458,/srv/fim-watch/gen_00006.txt,file_modified,alert_only,high,2026-09-17 23:42:05.467234+00,2026-09-17 23:57:28.926656+00
0bfa8b98-8098-42b3-834f-49fdf6a269db,/srv/fim-watch/gen_00114.txt,file_modified,alert_only,high,2026-09-17 23:42:05.567353+00,2026-09-17 23:57:28.946376+00
fc28bd8a-b0d3-451d-95f9-858d58895c46,/srv/fim-watch/gen_00128.txt,file_modified,alert_only,high,2026-09-17 23:42:05.667354+00,2026-09-17 23:57:28.968556+00
dcdd9757-890e-4c02-90e5-a399232c9149,/srv/fim-watch/gen_00128.txt,file_modified,alert_only,high,2026-09-17 23:42:05.7668+00,2026-09-17 23:57:28.988593+00
979cf566-ae69-4e76-90e8-8adfbc414fbc,/srv/fim-watch/gen_00128.txt,file_modified,alert_only,high,2026-09-17 23:42:05.866464+00,2026-09-17 23:57:29.012319+00
d755f3ae-e045-4e62-ba05-9642f016082a,/srv/fim-watch/gen_00128.txt,file_modified,alert_only,high,2026-09-17 23:42:05.96669+00,2026-09-17 23:57:29.0347+00
4834c508-80e1-42e6-b099-db0aeb1bc450,/srv/fim-watch/gen_00128.txt,file_modified,alert_only,high,2026-09-17 23:42:06.066712+00,2026-09-17 23:57:29.058158+00
34fd077e-b108-49c7-b862-2642b99ff54b,/srv/fim-watch/gen_00162.txt,file_modified,alert_only,high,2026-09-17 23:42:06.167058+00,2026-09-17 23:57:29.079732+00
ae777d6c-0bb8-41eb-9201-06ad914c53ab,/srv/fim-watch/critico/gen_00248.txt,file_modified,alert_only,critical,2026-09-17 23:42:06.266842+00,2026-09-17 23:57:29.098277+00
d7d66023-6107-4842-8586-6d07989d65a2,/srv/fim-watch/gen_00249.txt,file_modified,alert_only,high,2026-09-17 23:42:06.367244+00,2026-09-17 23:57:29.116122+00
7922e6fb-29ed-4143-878f-ea745d30aac3,/srv/fim-watch/critico/gen_00236.txt,file_modified,alert_only,critical,2026-09-17 23:42:06.46749+00,2026-09-17 23:57:29.134329+00
b14303f1-e3f4-4dd4-be05-ecc99902ab38,/srv/fim-watch/gen_00093.txt,file_modified,alert_only,high,2026-09-17 23:42:06.567397+00,2026-09-17 23:58:32.10098+00
01960bcb-daaf-436c-a4eb-0ba2b91b9560,/srv/fim-watch/critico/gen_00222.txt,file_modified,alert_only,critical,2026-09-17 23:42:06.667406+00,2026-09-17 23:58:32.137852+00
a583e067-4b99-4ec1-91aa-1a80254714fc,/srv/fim-watch/gen_00239.txt,file_deleted,alert_only,high,2026-09-17 23:42:06.767304+00,2026-09-17 23:58:32.166865+00
d1f97fb5-7815-421c-a6de-4b4d9e407e8f,/srv/fim-watch/gen_00128.txt,file_modified,alert_only,high,2026-09-17 23:42:06.866548+00,2026-09-17 23:58:32.174658+00
4e559caa-8216-4cf4-8b0b-6390bdd68b39,/srv/fim-watch/gen_00235.txt,file_modified,alert_only,high,2026-09-17 23:42:06.96727+00,2026-09-17 23:58:32.192613+00
b12b60b9-2585-43fc-9685-0ef411c0858b,/srv/fim-watch/gen_00074.txt,file_deleted,alert_only,high,2026-09-17 23:42:07.066697+00,2026-09-17 23:58:32.2073+00
5ea7f74d-7079-4773-9332-5c8e93aa563b,/srv/fim-watch/gen_00159.txt,file_deleted,alert_only,high,2026-09-17 23:42:07.167544+00,2026-09-17 23:58:32.234466+00
b69c2068-0875-4412-9334-c5509ca006b2,/srv/fim-watch/gen_00250.txt,file_modified,alert_only,high,2026-09-17 23:42:07.267038+00,2026-09-17 23:58:32.240844+00
4ab9706e-026e-4a69-b4b4-052e7ffe5124,/srv/fim-watch/gen_00068.txt,file_deleted,alert_only,high,2026-09-17 23:42:07.36736+00,2026-09-17 23:58:32.258143+00
aa453cfc-58f6-497b-9d2a-8c0937f7a67b,/srv/fim-watch/critico/gen_00189.txt,file_modified,alert_only,critical,2026-09-17 23:42:07.467531+00,2026-09-17 23:58:32.273336+00
fc3cd8ec-e92f-4d81-b991-724b6b7c6562,/srv/fim-watch/critico/gen_00189.txt,file_modified,alert_only,critical,2026-09-17 23:42:07.566878+00,2026-09-17 23:58:32.289024+00
eb26b271-d854-4f88-87c5-c5e93b4a6ece,/srv/fim-watch/gen_00234.txt,file_modified,alert_only,high,2026-09-17 23:42:07.667786+00,2026-09-17 23:58:32.304153+00
db19404f-26a2-4eab-852b-a39a8a2906ab,/srv/fim-watch/gen_00214.txt,file_modified,alert_only,high,2026-09-17 23:42:07.767112+00,2026-09-17 23:58:32.322362+00
2716250a-10f2-430d-9cb7-a2d677709f45,/srv/fim-watch/gen_00163.txt,file_modified,alert_only,high,2026-09-17 23:42:07.867482+00,2026-09-17 23:58:32.339308+00
b85a709c-cab1-49e6-8f94-309181954b76,/srv/fim-watch/gen_00231.txt,file_modified,alert_only,high,2026-09-17 23:42:08.067353+00,2026-09-17 23:58:32.356509+00
140726a1-3c6c-4e0f-855e-23385303ff13,/srv/fim-watch/gen_00252.txt,file_modified,alert_only,high,2026-09-17 23:42:08.167216+00,2026-09-17 23:58:32.372639+00
75acb47b-a4c0-4fbc-90ce-a0baf4d5a98b,/srv/fim-watch/critico/gen_00233.txt,file_modified,alert_only,critical,2026-09-17 23:42:08.267246+00,2026-09-17 23:58:32.388665+00
db2ebf2b-ad64-42ea-a18d-92d625a94306,/srv/fim-watch/critico/gen_00253.txt,file_modified,alert_only,critical,2026-09-17 23:42:08.367413+00,2026-09-17 23:58:32.403764+00
d22dd3c6-b02a-4fed-93fc-d2f0801e1e8f,/srv/fim-watch/gen_00221.txt,file_modified,alert_only,high,2026-09-17 23:42:08.467403+00,2026-09-17 23:58:32.420636+00
df7aed8a-0960-4c74-af13-08d7aed2a11c,/srv/fim-watch/gen_00254.txt,file_modified,alert_only,high,2026-09-17 23:42:08.567736+00,2026-09-17 23:58:32.438248+00
576bd655-2255-4470-9a6c-5d6084905090,/srv/fim-watch/gen_00255.txt,file_modified,alert_only,high,2026-09-17 23:42:08.667026+00,2026-09-17 23:58:32.466966+00
0734d1e4-07fc-4c46-916e-03940a7be8c5,/srv/fim-watch/gen_00256.txt,file_modified,alert_only,high,2026-09-17 23:42:08.766995+00,2026-09-17 23:58:32.473343+00
86dcdfea-e07f-468f-bcc7-57d6f4672b28,/srv/fim-watch/gen_00187.txt,file_modified,alert_only,high,2026-09-17 23:42:08.866948+00,2026-09-17 23:58:32.489192+00
4eb2d331-ef66-437d-a8aa-0cde2fe4dba9,/srv/fim-watch/gen_00187.txt,file_modified,alert_only,high,2026-09-17 23:42:08.967467+00,2026-09-17 23:58:32.5054+00
62c8cde5-b8d7-4054-9a4e-363dad4ee5d9,/srv/fim-watch/gen_00064.txt,file_modified,alert_only,high,2026-09-17 23:42:09.067266+00,2026-09-17 23:58:32.521619+00
72f54327-20d5-47b1-9ddb-15a4f7863813,/srv/fim-watch/gen_00257.txt,file_modified,alert_only,high,2026-09-17 23:42:09.167108+00,2026-09-17 23:58:32.537753+00
a1e976d3-27da-47b8-85b1-6d47e641f64c,/srv/fim-watch/gen_00258.txt,file_modified,alert_only,high,2026-09-17 23:42:09.267022+00,2026-09-17 23:58:32.555044+00
0495dfde-f231-4725-9675-f22ffb3a44b4,/srv/fim-watch/gen_00258.txt,file_deleted,alert_only,high,2026-09-17 23:42:09.366711+00,2026-09-17 23:58:32.571889+00
cb03cb53-43af-448a-a8ce-7246f18a4055,/srv/fim-watch/gen_00259.txt,file_modified,alert_only,high,2026-09-17 23:42:09.46737+00,2026-09-17 23:58:32.590226+00
b71214fe-5d1c-419e-bf19-452ef53cd5c0,/srv/fim-watch/gen_00006.txt,file_modified,alert_only,high,2026-09-17 23:42:09.567539+00,2026-09-17 23:58:32.606249+00
6eabd4d8-1a75-4eb7-94f1-5e39a09daa0f,/srv/fim-watch/gen_00108.txt,file_modified,alert_only,high,2026-09-17 23:42:09.667726+00,2026-09-17 23:58:32.622681+00
2b7be4fe-e420-4430-aec2-f066df6c058b,/srv/fim-watch/gen_00256.txt,file_modified,alert_only,high,2026-09-17 23:42:09.766946+00,2026-09-17 23:58:32.639304+00
8027cdd4-0319-45c7-9d49-7ee3ca3225aa,/srv/fim-watch/gen_00260.txt,file_modified,alert_only,high,2026-09-17 23:42:09.867043+00,2026-09-17 23:58:32.655628+00
29baab93-6ff5-4430-99e2-42aee432a286,/srv/fim-watch/gen_00175.txt,file_modified,alert_only,high,2026-09-17 23:42:09.967787+00,2026-09-17 23:58:32.670406+00
d779ce43-60b4-4cae-bed8-46ccaffbfc63,/srv/fim-watch/gen_00261.txt,file_modified,alert_only,high,2026-09-17 23:42:10.067402+00,2026-09-17 23:58:32.687488+00
fedd83d3-ecb0-419f-9af8-b26c3f5d317a,/srv/fim-watch/gen_00263.txt,file_modified,alert_only,high,2026-09-17 23:42:10.266969+00,2026-09-17 23:58:32.703943+00
960dc117-da89-4263-b9fd-f33d4b017722,/srv/fim-watch/gen_00264.txt,file_modified,alert_only,high,2026-09-17 23:42:10.367322+00,2026-09-17 23:58:32.719176+00
30307ff1-3a80-4059-b546-b32af5aa6edd,/srv/fim-watch/gen_00050.txt,file_modified,alert_only,high,2026-09-17 23:42:10.467068+00,2026-09-17 23:58:32.734871+00
1d66f63b-9738-4fe0-a8a9-5a7a89bbc6d6,/srv/fim-watch/gen_00084.txt,file_modified,alert_only,high,2026-09-17 23:42:10.567327+00,2026-09-17 23:58:32.752464+00
6976c431-ba6e-42e4-a8a7-6763d6b23e90,/srv/fim-watch/gen_00265.txt,file_modified,alert_only,high,2026-09-17 23:42:10.666897+00,2026-09-17 23:58:32.768771+00
d1112568-e9da-499f-b9e0-52ba6bd9c1c5,/srv/fim-watch/gen_00266.txt,file_modified,alert_only,high,2026-09-17 23:42:10.767208+00,2026-09-17 23:58:32.785684+00
6f118afd-ae03-4ada-a700-7792676e9426,/srv/fim-watch/critico/gen_00053.txt,file_modified,alert_only,critical,2026-09-17 23:42:10.867294+00,2026-09-17 23:58:32.803276+00
0cd94ef3-d465-423e-a7a5-fd003c23059e,/srv/fim-watch/gen_00006.txt,file_modified,alert_only,high,2026-09-17 23:42:10.967511+00,2026-09-17 23:58:32.82178+00
0f63b5b5-877e-46d5-a8c0-bb12123f7942,/srv/fim-watch/critico/gen_00209.txt,file_modified,alert_only,critical,2026-09-17 23:42:11.067368+00,2026-09-17 23:58:32.837741+00
f37c1e34-34ed-40b0-b631-f6c0aa4fd352,/srv/fim-watch/critico/gen_00156.txt,file_modified,alert_only,critical,2026-09-17 23:42:11.167788+00,2026-09-17 23:58:32.854781+00
7b4040cb-d5cf-4095-9ac7-b4128cf7aeb2,/srv/fim-watch/gen_00267.txt,file_modified,alert_only,high,2026-09-17 23:42:11.266605+00,2026-09-17 23:58:32.870576+00
6b6bef33-d8ca-4703-8d55-553b551d9e90,/srv/fim-watch/gen_00195.txt,file_modified,alert_only,high,2026-09-17 23:42:11.366187+00,2026-09-17 23:58:32.887923+00
50005153-ec9e-461c-9564-233616ec5180,/srv/fim-watch/gen_00254.txt,file_modified,alert_only,high,2026-09-17 23:42:11.466477+00,2026-09-17 23:58:32.903811+00
5021ab87-ab8f-4ded-8174-78054829da2e,/srv/fim-watch/gen_00268.txt,file_created,alert_only,high,2026-09-17 23:42:11.566076+00,2026-09-17 23:58:32.919593+00
e502d49d-fe9b-4050-a750-4c49cacf4a6e,/srv/fim-watch/gen_00269.txt,file_modified,alert_only,high,2026-09-17 23:42:11.667091+00,2026-09-17 23:58:32.934813+00
7ad9410d-1faa-449d-b27f-c94e44c42bea,/srv/fim-watch/gen_00270.txt,file_modified,alert_only,high,2026-09-17 23:42:11.76719+00,2026-09-17 23:58:32.949801+00
3a37ac9f-f2be-4b11-a404-1cd99967a5dd,/srv/fim-watch/gen_00270.txt,file_deleted,alert_only,high,2026-09-17 23:42:11.867221+00,2026-09-17 23:58:32.964598+00
dea1dbac-b6c4-4428-91fa-ab3c6ce56e8c,/srv/fim-watch/gen_00175.txt,file_modified,alert_only,high,2026-09-17 23:42:11.967216+00,2026-09-17 23:58:32.979935+00
c733d96e-5e75-4012-aee1-d52a2ebab7e8,/srv/fim-watch/gen_00175.txt,file_modified,alert_only,high,2026-09-17 23:42:12.067294+00,2026-09-17 23:58:32.996046+00
bd673f24-1abb-4a5a-82e3-9dd755de9842,/srv/fim-watch/gen_00271.txt,file_modified,alert_only,high,2026-09-17 23:42:12.167342+00,2026-09-17 23:58:33.010778+00
0958e6c5-edcf-48dc-a6ea-307b015f8ed2,/srv/fim-watch/gen_00033.txt,file_modified,alert_only,high,2026-09-17 23:42:12.267512+00,2026-09-17 23:58:33.027575+00
ee9191c1-64ea-4ad7-b001-cb41703845e5,/srv/fim-watch/critico/gen_00272.txt,file_modified,alert_only,critical,2026-09-17 23:42:12.36771+00,2026-09-17 23:58:33.043812+00
29c7293c-e1e0-470f-937f-9c4e720af912,/srv/fim-watch/gen_00058.txt,file_deleted,alert_only,high,2026-09-17 23:42:12.467387+00,2026-09-17 23:58:33.061565+00
87180927-6536-45c9-83dd-0140ce3c753e,/srv/fim-watch/critico/gen_00169.txt,file_modified,alert_only,critical,2026-09-17 23:42:12.56746+00,2026-09-17 23:58:33.079234+00
1dcbfdc7-80c0-4559-8ea6-079e1b2497e9,/srv/fim-watch/gen_00267.txt,file_modified,alert_only,high,2026-09-17 23:42:12.667456+00,2026-09-17 23:58:33.093539+00
60a3ab48-3f4b-4f4e-a8b3-9dd1df5c37cb,/srv/fim-watch/gen_00267.txt,file_modified,alert_only,high,2026-09-17 23:42:12.767389+00,2026-09-17 23:58:33.107943+00
d3b0a232-3e97-4397-8e09-962c09a85cbc,/srv/fim-watch/gen_00267.txt,file_modified,alert_only,high,2026-09-17 23:42:12.867612+00,2026-09-17 23:58:33.123694+00
d99e105f-841d-4abc-92e1-97530d621e67,/srv/fim-watch/gen_00267.txt,file_modified,alert_only,high,2026-09-17 23:42:12.96748+00,2026-09-17 23:58:33.140633+00
8d15bfb5-4e36-47b2-803f-edebfa87902b,/srv/fim-watch/gen_00267.txt,file_modified,alert_only,high,2026-09-17 23:42:13.067644+00,2026-09-17 23:58:33.159957+00
0e6143dd-af3d-475b-9595-75821fd8af73,/srv/fim-watch/gen_00036.txt,file_modified,alert_only,high,2026-09-17 23:42:13.167512+00,2026-09-17 23:58:33.176608+00
c6a2f3b7-af04-43ae-9922-b90214bb0263,/srv/fim-watch/gen_00065.txt,file_deleted,alert_only,high,2026-09-17 23:42:13.267237+00,2026-09-17 23:58:33.194008+00
5658bf0d-0bed-49ee-a4e0-c9d3bdf38f0d,/srv/fim-watch/gen_00273.txt,file_modified,alert_only,high,2026-09-17 23:42:13.367254+00,2026-09-17 23:58:33.212961+00
f9e7cca5-a64a-4986-badf-31e4bfa3a10f,/srv/fim-watch/critico/gen_00236.txt,file_modified,alert_only,critical,2026-09-17 23:42:13.467454+00,2026-09-17 23:58:33.231162+00
05512bb2-9fb3-4c6e-966c-f9c686ead417,/srv/fim-watch/critico/gen_00236.txt,file_modified,alert_only,critical,2026-09-17 23:42:13.567556+00,2026-09-17 23:58:33.247798+00
52f6197d-02e9-4aaf-b82b-2a4bec707609,/srv/fim-watch/gen_00245.txt,file_deleted,alert_only,high,2026-09-17 23:42:13.667498+00,2026-09-17 23:58:33.268973+00
63e1c0d9-bf0d-49f9-bf0b-306909c163ed,/srv/fim-watch/gen_00268.txt,file_modified,alert_only,high,2026-09-17 23:42:13.767285+00,2026-09-17 23:58:33.306224+00
1c7d8941-6f5d-40ba-bc2d-d6aacfc02368,/srv/fim-watch/gen_00274.txt,file_modified,alert_only,high,2026-09-17 23:42:13.96731+00,2026-09-17 23:58:33.312695+00
c60c9508-8b5b-44f0-8fe1-e26ba0cc49da,/srv/fim-watch/gen_00134.txt,file_modified,alert_only,high,2026-09-17 23:42:14.067715+00,2026-09-17 23:58:33.329612+00
88f99f87-c9d1-4f87-a3e1-f8a2f3aef0f0,/srv/fim-watch/gen_00266.txt,file_modified,alert_only,high,2026-09-17 23:42:14.16738+00,2026-09-17 23:58:33.347835+00
e9ba13a5-2188-4f54-bc6a-337917643023,/srv/fim-watch/gen_00088.txt,file_modified,alert_only,high,2026-09-17 23:42:14.267798+00,2026-09-17 23:58:33.365549+00
7ccb5295-694c-418a-9a7a-7b4420d9ea1a,/srv/fim-watch/gen_00088.txt,file_modified,alert_only,high,2026-09-17 23:42:14.36789+00,2026-09-17 23:58:33.381955+00
bd17bb89-5d4c-46f6-96cb-c1a2f8f2958a,/srv/fim-watch/gen_00129.txt,file_modified,alert_only,high,2026-09-17 23:42:14.467604+00,2026-09-17 23:58:33.401648+00
911566bb-a56d-4045-af8f-f4a14ff909d7,/srv/fim-watch/gen_00084.txt,file_modified,alert_only,high,2026-09-17 23:42:14.567426+00,2026-09-17 23:58:33.423453+00
d5be3beb-a0a4-48d2-a1af-d04c4ae67b3d,/srv/fim-watch/gen_00256.txt,file_modified,alert_only,high,2026-09-17 23:42:14.667653+00,2026-09-17 23:58:33.443353+00
910cb770-c9f7-415f-8f5f-10228c73f88f,/srv/fim-watch/gen_00093.txt,file_deleted,alert_only,high,2026-09-17 23:42:14.766674+00,2026-09-17 23:58:33.460293+00
2d6d8b64-c73d-4761-a1ac-5bbedaf54a57,/srv/fim-watch/gen_00067.txt,file_deleted,alert_only,high,2026-09-17 23:42:14.867479+00,2026-09-17 23:58:33.477511+00
412edd1d-4f43-46fb-b0fa-877e04dc8d80,/srv/fim-watch/gen_00275.txt,file_modified,alert_only,high,2026-09-17 23:42:14.967973+00,2026-09-17 23:58:33.495269+00
3e59d6f9-e592-4475-98cb-023ccb9f6502,/srv/fim-watch/critico/gen_00202.txt,file_deleted,alert_only,critical,2026-09-17 23:42:15.06696+00,2026-09-17 23:58:33.513292+00
4dbc5b47-550f-4c8f-83b1-e3d6058d24b5,/srv/fim-watch/gen_00267.txt,file_modified,alert_only,high,2026-09-17 23:42:15.167714+00,2026-09-17 23:58:33.534901+00
bfdd297c-1eca-4012-b11e-0cf688510307,/srv/fim-watch/gen_00267.txt,file_modified,alert_only,high,2026-09-17 23:42:15.266707+00,2026-09-17 23:58:33.558797+00
c91625d9-2ca3-43e7-9b7f-6a3e1109a3ff,/srv/fim-watch/gen_00267.txt,file_modified,alert_only,high,2026-09-17 23:42:15.367743+00,2026-09-17 23:58:33.5773+00
1d8e3168-562d-4140-8d8d-46575b53ad49,/srv/fim-watch/gen_00267.txt,file_modified,alert_only,high,2026-09-17 23:42:15.46763+00,2026-09-17 23:58:33.601396+00
d3b852b1-c00a-4c13-b6f5-01b2d981b0df,/srv/fim-watch/gen_00267.txt,file_modified,alert_only,high,2026-09-17 23:42:15.567409+00,2026-09-17 23:58:33.625697+00
c8388f3b-633e-42bf-aa1a-752e5cd3d54e,/srv/fim-watch/gen_00160.txt,file_modified,alert_only,high,2026-09-17 23:42:15.667749+00,2026-09-17 23:58:33.65262+00
9b0ef9a0-b780-4b5b-b051-2878273c7b91,/srv/fim-watch/gen_00098.txt,file_modified,alert_only,high,2026-09-17 23:42:15.767527+00,2026-09-17 23:58:33.6768+00
4f965c75-87d0-41ad-84f1-eced962a7e1e,/srv/fim-watch/critico/gen_00153.txt,file_modified,alert_only,critical,2026-09-17 23:42:15.867287+00,2026-09-17 23:58:33.702307+00
fbd07204-fc28-434e-b43a-bd817d5358ec,/srv/fim-watch/gen_00177.txt,file_modified,alert_only,high,2026-09-17 23:42:15.967494+00,2026-09-17 23:58:33.733393+00
06d0980f-eec5-4c8d-a0e4-bd9f437cf1d5,/srv/fim-watch/critico/gen_00276.txt,file_modified,alert_only,critical,2026-09-17 23:42:16.067641+00,2026-09-17 23:58:33.757578+00
7e8655be-5f14-46b3-9b9f-36119b1873f9,/srv/fim-watch/critico/gen_00173.txt,file_modified,alert_only,critical,2026-09-17 23:42:16.167816+00,2026-09-17 23:58:33.780548+00
134db51f-057b-4104-a2a4-184b25002647,/srv/fim-watch/critico/gen_00233.txt,file_deleted,alert_only,critical,2026-09-17 23:42:16.266805+00,2026-09-17 23:58:33.805592+00
5205d21c-c4fc-4839-b359-9feed74c037d,/srv/fim-watch/gen_00105.txt,file_modified,alert_only,high,2026-09-17 23:42:16.367672+00,2026-09-17 23:58:33.836923+00
9805a53a-87fa-46ef-8c86-18939065fd32,/srv/fim-watch/gen_00230.txt,file_modified,alert_only,high,2026-09-17 23:42:16.467599+00,2026-09-17 23:58:33.85729+00
1e0c901e-c8e2-444e-b430-bdd00159b2bc,/srv/fim-watch/gen_00117.txt,file_modified,alert_only,high,2026-09-17 23:42:16.56738+00,2026-09-17 23:58:33.875439+00
36a57041-4339-4c8a-8eb4-aa08d9503e9d,/srv/fim-watch/gen_00277.txt,file_modified,alert_only,high,2026-09-17 23:42:16.667212+00,2026-09-17 23:58:33.893098+00
b7708d9e-7f80-40da-8c77-790b668fe1ea,/srv/fim-watch/gen_00136.txt,file_modified,alert_only,high,2026-09-17 23:42:16.767181+00,2026-09-17 23:58:33.912013+00
59e2e6ca-456e-4281-be6b-c8df237d41b6,/srv/fim-watch/gen_00079.txt,file_modified,alert_only,high,2026-09-17 23:42:16.867249+00,2026-09-17 23:59:36.32566+00
c7f4bebe-d98b-41b7-97bb-e3b5915f05c3,/srv/fim-watch/gen_00079.txt,file_modified,alert_only,high,2026-09-17 23:42:16.966569+00,2026-09-17 23:59:36.356015+00
7e2ea36d-d52d-49c5-ba18-da7211a806f8,/srv/fim-watch/gen_00006.txt,file_deleted,alert_only,high,2026-09-17 23:42:17.066218+00,2026-09-17 23:59:36.380417+00
99d7ef52-efb3-4da3-9f5f-8a3d1ba6960e,/srv/fim-watch/critico/gen_00184.txt,file_modified,alert_only,critical,2026-09-17 23:42:17.166667+00,2026-09-17 23:59:36.391893+00
ea1f0570-61eb-47ad-aed1-fb7bcc02b0a3,/srv/fim-watch/gen_00070.txt,file_modified,alert_only,high,2026-09-17 23:42:17.267578+00,2026-09-17 23:59:36.412788+00
55f8146b-984a-4919-80f9-067831e8a925,/srv/fim-watch/gen_00278.txt,file_modified,alert_only,high,2026-09-17 23:42:17.367487+00,2026-09-17 23:59:36.43039+00
89a76f5c-249b-4d55-9c92-12369d317961,/srv/fim-watch/gen_00176.txt,file_modified,alert_only,high,2026-09-17 23:42:17.467703+00,2026-09-17 23:59:36.460745+00
77f77ee2-2a82-43f0-a089-20a38f15b097,/srv/fim-watch/gen_00213.txt,file_modified,alert_only,high,2026-09-17 23:42:17.567319+00,2026-09-17 23:59:36.467877+00
a3f97713-da31-4369-847e-838d46da0905,/srv/fim-watch/gen_00213.txt,file_modified,alert_only,high,2026-09-17 23:42:17.667597+00,2026-09-17 23:59:36.486016+00
ab96a646-8f2f-4bb3-98ef-a5c74d11dab1,/srv/fim-watch/gen_00259.txt,file_modified,alert_only,high,2026-09-17 23:42:17.767294+00,2026-09-17 23:59:36.502418+00
20cf816d-e466-4d50-a18c-4199494012d0,/srv/fim-watch/gen_00259.txt,file_modified,alert_only,high,2026-09-17 23:42:17.867552+00,2026-09-17 23:59:36.521492+00
b6c1a1fe-dcee-4302-98b5-639f418b119b,/srv/fim-watch/critico/gen_00242.txt,file_modified,alert_only,critical,2026-09-17 23:42:17.967617+00,2026-09-17 23:59:36.537368+00
d8667eb3-dedb-4247-bbd2-1ded4c70e5f2,/srv/fim-watch/critico/gen_00242.txt,file_modified,alert_only,critical,2026-09-17 23:42:18.067393+00,2026-09-17 23:59:36.556639+00
5eab3511-e376-4ec6-b460-9fd8082d39de,/srv/fim-watch/gen_00267.txt,file_deleted,alert_only,high,2026-09-17 23:42:18.166883+00,2026-09-17 23:59:36.578967+00
26ddfed6-41c2-4c3e-aa28-0e41923cd34a,/srv/fim-watch/gen_00279.txt,file_modified,alert_only,high,2026-09-17 23:42:18.267646+00,2026-09-17 23:59:36.598819+00
7fc95855-916f-4dfc-a5d7-85f493c00f8b,/srv/fim-watch/critico/gen_00280.txt,file_modified,alert_only,critical,2026-09-17 23:42:18.367692+00,2026-09-17 23:59:36.621457+00
8e519e1c-1b27-4243-864c-bb84828f02cb,/srv/fim-watch/gen_00204.txt,file_modified,alert_only,high,2026-09-17 23:42:18.467428+00,2026-09-17 23:59:36.652408+00
81a1ecae-17ce-4727-b01e-631063b0b702,/srv/fim-watch/gen_00274.txt,file_modified,alert_only,high,2026-09-17 23:42:18.567465+00,2026-09-17 23:59:36.668781+00
8a00f78e-8df2-4563-b5de-f16bae387850,/srv/fim-watch/gen_00260.txt,file_modified,alert_only,high,2026-09-17 23:42:18.667685+00,2026-09-17 23:59:36.681469+00
653e78d6-b756-4300-b6d8-9888255e7ba0,/srv/fim-watch/gen_00260.txt,file_modified,alert_only,high,2026-09-17 23:42:18.767393+00,2026-09-17 23:59:36.69383+00
a04a6330-af10-418f-8aa2-5d48979cb807,/srv/fim-watch/gen_00260.txt,file_modified,alert_only,high,2026-09-17 23:42:18.867622+00,2026-09-17 23:59:36.705997+00
3bc5c978-4532-4538-bf32-5ee06509e5e5,/srv/fim-watch/gen_00260.txt,file_modified,alert_only,high,2026-09-17 23:42:18.966955+00,2026-09-17 23:59:36.718216+00
88e448db-c1a9-4bc4-978b-afdf8dace23e,/srv/fim-watch/gen_00260.txt,file_modified,alert_only,high,2026-09-17 23:42:19.067735+00,2026-09-17 23:59:36.730488+00
89ab31ab-d39e-47cc-ba43-86a3983ddddb,/srv/fim-watch/gen_00281.txt,file_modified,alert_only,high,2026-09-17 23:42:19.167428+00,2026-09-17 23:59:36.751272+00
973b85cc-9b2c-471f-99c1-b32005d934d1,/srv/fim-watch/gen_00261.txt,file_deleted,alert_only,high,2026-09-17 23:42:19.267426+00,2026-09-17 23:59:36.757092+00
681b9493-2543-4115-9fe5-7f97528fbd6a,/srv/fim-watch/gen_00282.txt,file_modified,alert_only,high,2026-09-17 23:42:19.367605+00,2026-09-17 23:59:36.769712+00
3dc1c064-14c3-4c71-b976-f7d669e0f116,/srv/fim-watch/gen_00283.txt,file_modified,alert_only,high,2026-09-17 23:42:19.467587+00,2026-09-17 23:59:36.782909+00
9f908b52-be65-4dda-af3e-c62cfb3cefb5,/srv/fim-watch/gen_00283.txt,file_deleted,alert_only,high,2026-09-17 23:42:19.567522+00,2026-09-17 23:59:36.79763+00
40a7f05e-5d3a-4581-a21b-112229e3534c,/srv/fim-watch/gen_00275.txt,file_modified,alert_only,high,2026-09-17 23:42:19.66735+00,2026-09-17 23:59:36.812086+00
e471db81-65a7-41ce-9941-b36dd00635fc,/srv/fim-watch/gen_00275.txt,file_modified,alert_only,high,2026-09-17 23:42:19.767643+00,2026-09-17 23:59:36.827654+00
ccbf02fc-381a-431c-9771-5e989c2e967e,/srv/fim-watch/critico/gen_00183.txt,file_modified,alert_only,critical,2026-09-17 23:42:19.867693+00,2026-09-17 23:59:36.842384+00
8425b410-c44f-42f4-9963-8d5f0a780f6a,/srv/fim-watch/gen_00278.txt,file_deleted,alert_only,high,2026-09-17 23:42:19.967411+00,2026-09-17 23:59:36.856946+00
5b786e05-1783-4dfd-b942-ecb35edf78ac,/srv/fim-watch/gen_00122.txt,file_modified,alert_only,high,2026-09-17 23:42:20.067373+00,2026-09-17 23:59:36.871276+00
b6ec2898-71ce-48cd-bd58-6a91ced1405a,/srv/fim-watch/gen_00284.txt,file_modified,alert_only,high,2026-09-17 23:42:20.167418+00,2026-09-17 23:59:36.885584+00
06a5352a-1364-476d-b2f9-db3513283cbc,/srv/fim-watch/gen_00275.txt,file_modified,alert_only,high,2026-09-17 23:42:20.267778+00,2026-09-17 23:59:36.901842+00
756def22-83d3-4b36-a498-2c5c4d0dae3f,/srv/fim-watch/gen_00040.txt,file_modified,alert_only,high,2026-09-17 23:42:20.367444+00,2026-09-17 23:59:36.91738+00
f524bad3-1ec7-4557-ba8f-3e8d1d5b6edf,/srv/fim-watch/critico/gen_00156.txt,file_modified,alert_only,critical,2026-09-17 23:42:20.467765+00,2026-09-17 23:59:36.93364+00
3e95c6ed-ab19-40f2-a74c-1bb145d32ab7,/srv/fim-watch/gen_00215.txt,file_modified,alert_only,high,2026-09-17 23:42:20.568011+00,2026-09-17 23:59:36.951998+00
ff1bbb10-e7bb-455f-b66c-b93cee1315b3,/srv/fim-watch/gen_00215.txt,file_modified,alert_only,high,2026-09-17 23:42:20.667766+00,2026-09-17 23:59:36.968337+00
45fa93fb-ed21-4890-b9d8-f4547ebd81f4,/srv/fim-watch/gen_00285.txt,file_modified,alert_only,high,2026-09-17 23:42:20.767956+00,2026-09-17 23:59:36.983334+00
c0343bf4-7e15-468a-ad61-d194c9dd488a,/srv/fim-watch/gen_00203.txt,file_modified,alert_only,high,2026-09-17 23:42:20.867693+00,2026-09-17 23:59:36.998806+00
01e1e679-410c-4298-bc4d-c2f02bc84ba1,/srv/fim-watch/gen_00231.txt,file_modified,alert_only,high,2026-09-17 23:42:20.967394+00,2026-09-17 23:59:37.013971+00
3458f209-0bb9-46e2-a10f-4a566822c2c3,/srv/fim-watch/gen_00106.txt,file_modified,alert_only,high,2026-09-17 23:42:21.067366+00,2026-09-17 23:59:37.029734+00
c94d9cfc-073e-4446-a313-33e25eaf37bb,/srv/fim-watch/gen_00106.txt,file_modified,alert_only,high,2026-09-17 23:42:21.16761+00,2026-09-17 23:59:37.046428+00
aea665e8-4c19-49ed-976e-caeb4ef91435,/srv/fim-watch/gen_00166.txt,file_modified,alert_only,high,2026-09-17 23:42:21.267545+00,2026-09-17 23:59:37.063387+00
f89eca0b-0f7a-47e8-bb18-785ae5061f71,/srv/fim-watch/gen_00286.txt,file_modified,alert_only,high,2026-09-17 23:42:21.367598+00,2026-09-17 23:59:37.079799+00
e94da12a-4272-4530-baa8-f0f2b4d85a2f,/srv/fim-watch/critico/gen_00280.txt,file_modified,alert_only,critical,2026-09-17 23:42:21.46784+00,2026-09-17 23:59:37.097301+00
fa267591-3087-4ae0-b4b3-a3c3783ac792,/srv/fim-watch/critico/gen_00053.txt,file_modified,alert_only,critical,2026-09-17 23:42:21.567674+00,2026-09-17 23:59:37.113459+00
49760665-4de5-4c3b-b7fb-f135175eb347,/srv/fim-watch/gen_00135.txt,file_modified,alert_only,high,2026-09-17 23:42:21.667277+00,2026-09-17 23:59:37.130266+00
82bc12ab-0ca7-4c23-8477-4a421e326383,/srv/fim-watch/gen_00135.txt,file_modified,alert_only,high,2026-09-17 23:42:21.767541+00,2026-09-17 23:59:37.14666+00
421967c2-d505-414d-9212-cb47a74af8e2,/srv/fim-watch/critico/gen_00287.txt,file_modified,alert_only,critical,2026-09-17 23:42:21.86755+00,2026-09-17 23:59:37.162139+00
10690a87-3a25-4bac-9788-c4cc4991dfc9,/srv/fim-watch/critico/gen_00200.txt,file_deleted,alert_only,critical,2026-09-17 23:42:21.967361+00,2026-09-17 23:59:37.179424+00
e73a6682-50eb-4e3a-9f82-d5f35e4a3bfe,/srv/fim-watch/gen_00193.txt,file_modified,alert_only,high,2026-09-17 23:42:22.067014+00,2026-09-17 23:59:37.196988+00
087fd6e8-814c-47d6-aa46-a9b7962e7127,/srv/fim-watch/gen_00265.txt,file_modified,alert_only,high,2026-09-17 23:42:22.166839+00,2026-09-17 23:59:37.215754+00
5d6df0bc-bc75-46ed-952b-6a89c320d257,/srv/fim-watch/gen_00265.txt,file_modified,alert_only,high,2026-09-17 23:42:22.267208+00,2026-09-17 23:59:37.235239+00
f308a40d-5a0d-438c-a3b3-2f1bdeaf07d9,/srv/fim-watch/gen_00265.txt,file_modified,alert_only,high,2026-09-17 23:42:22.366469+00,2026-09-17 23:59:37.255473+00
2b50c606-93c3-481f-ad23-c98f7e7280e3,/srv/fim-watch/gen_00265.txt,file_modified,alert_only,high,2026-09-17 23:42:22.467154+00,2026-09-17 23:59:37.275841+00
aec7f7e7-deca-4832-9cb8-ebec604d158a,/srv/fim-watch/gen_00265.txt,file_modified,alert_only,high,2026-09-17 23:42:22.566354+00,2026-09-17 23:59:37.296404+00
d8f14281-02ac-4002-ab51-4e0ffa3b2dc9,/srv/fim-watch/critico/gen_00210.txt,file_modified,alert_only,critical,2026-09-17 23:42:22.66635+00,2026-09-17 23:59:37.316262+00
e7222823-d5d1-46bc-aeda-9fcb51810854,/srv/fim-watch/gen_00275.txt,file_modified,alert_only,high,2026-09-17 23:42:22.766916+00,2026-09-17 23:59:37.336402+00
2c3e5f09-4d23-449e-85d8-714e0c6cf5fd,/srv/fim-watch/critico/gen_00287.txt,file_modified,alert_only,critical,2026-09-17 23:42:22.867318+00,2026-09-17 23:59:37.356695+00
25c27ada-2a66-4342-a717-153528b57784,/srv/fim-watch/gen_00117.txt,file_modified,alert_only,high,2026-09-17 23:42:22.967521+00,2026-09-17 23:59:37.377463+00
d52c4df8-79d2-4a08-a15d-ab66f129132c,/srv/fim-watch/gen_00281.txt,file_modified,alert_only,high,2026-09-17 23:42:23.067358+00,2026-09-17 23:59:37.397446+00
a091fa13-12d7-410a-8520-de0b4a9674fa,/srv/fim-watch/critico/gen_00288.txt,file_modified,alert_only,critical,2026-09-17 23:42:23.167229+00,2026-09-17 23:59:37.41652+00
aab3c4f3-779e-4896-8466-6c80903f7d94,/srv/fim-watch/gen_00161.txt,file_modified,alert_only,high,2026-09-17 23:42:23.267388+00,2026-09-17 23:59:37.437026+00
e586ae0d-f3db-4572-ad27-31a6d30483ae,/srv/fim-watch/gen_00282.txt,file_modified,alert_only,high,2026-09-17 23:42:23.36749+00,2026-09-17 23:59:37.456093+00
0c1ca13c-7640-4d3f-91b8-7074964a56a0,/srv/fim-watch/critico/gen_00169.txt,file_deleted,alert_only,critical,2026-09-17 23:42:23.467249+00,2026-09-17 23:59:37.477224+00
47bb63a7-2a3d-451e-84f0-cb1651c5252b,/srv/fim-watch/gen_00161.txt,file_modified,alert_only,high,2026-09-17 23:42:23.567078+00,2026-09-17 23:59:37.506053+00
d29def51-8b84-4ff7-bd0b-e3936fdc3217,/srv/fim-watch/gen_00177.txt,file_modified,alert_only,high,2026-09-17 23:42:23.667444+00,2026-09-17 23:59:37.523758+00
75bb54a6-ac1b-4fde-b885-35a139ca864b,/srv/fim-watch/gen_00049.txt,file_modified,alert_only,high,2026-09-17 23:42:23.767287+00,2026-09-17 23:59:37.541431+00
72498bf9-b064-4ec2-a0e8-756b295c1313,/srv/fim-watch/gen_00247.txt,file_modified,alert_only,high,2026-09-17 23:42:23.867027+00,2026-09-17 23:59:37.559003+00
23a778e5-a18d-451c-8d3b-b1d2ec913e56,/srv/fim-watch/gen_00247.txt,file_modified,alert_only,high,2026-09-17 23:42:23.967219+00,2026-09-17 23:59:37.575302+00
29611212-843e-4c70-9167-a87f7cfab3a3,/srv/fim-watch/gen_00289.txt,file_modified,alert_only,high,2026-09-17 23:42:24.067006+00,2026-09-17 23:59:37.590086+00
02d398fd-3a57-4fcf-942e-04a3e97a011e,/srv/fim-watch/critico/gen_00173.txt,file_modified,alert_only,critical,2026-09-17 23:42:24.167495+00,2026-09-17 23:59:37.617904+00
31e14f51-fb33-4e67-93e7-67e28fcf6d9b,/srv/fim-watch/gen_00177.txt,file_modified,alert_only,high,2026-09-17 23:42:24.267273+00,2026-09-17 23:59:37.625848+00
817a5faf-fa75-45d2-991e-50f82d5a0a74,/srv/fim-watch/gen_00290.txt,file_modified,alert_only,high,2026-09-17 23:42:24.367389+00,2026-09-17 23:59:37.640987+00
c40c146b-0851-45d2-87d8-c122b810c2fe,/srv/fim-watch/gen_00206.txt,file_modified,alert_only,high,2026-09-17 23:42:24.467051+00,2026-09-17 23:59:37.655911+00
f4c733e9-74ed-4884-9b3c-fb6bcde211f3,/srv/fim-watch/gen_00259.txt,file_modified,alert_only,high,2026-09-17 23:42:24.667771+00,2026-09-17 23:59:37.670411+00
d5a329ca-93ac-487f-937b-cd70e78aed23,/srv/fim-watch/gen_00231.txt,file_modified,alert_only,high,2026-09-17 23:42:24.767243+00,2026-09-17 23:59:37.687903+00
37454e86-64b9-4c42-b728-5fb629a85d3f,/srv/fim-watch/gen_00250.txt,file_modified,alert_only,high,2026-09-17 23:42:24.867048+00,2026-09-17 23:59:37.703332+00
97671619-baeb-4d48-bc94-6241e37be931,/srv/fim-watch/gen_00180.txt,file_deleted,alert_only,high,2026-09-17 23:42:24.967241+00,2026-09-17 23:59:37.720585+00
974270b0-013e-4b3a-954b-9ca6575d6e22,/srv/fim-watch/gen_00108.txt,file_modified,alert_only,high,2026-09-17 23:42:25.067032+00,2026-09-17 23:59:37.735135+00
b45677b8-848a-42ca-a8b6-d181d08da1bf,/srv/fim-watch/gen_00269.txt,file_modified,alert_only,high,2026-09-17 23:42:25.167173+00,2026-09-17 23:59:37.753676+00
3079120e-86e2-4fc7-823a-7edde25f9a67,/srv/fim-watch/gen_00279.txt,file_modified,alert_only,high,2026-09-17 23:42:25.267295+00,2026-09-17 23:59:37.773804+00
baa609ea-97c3-4faa-9d09-ec8cc91cc232,/srv/fim-watch/gen_00292.txt,file_modified,alert_only,high,2026-09-17 23:42:25.366795+00,2026-09-17 23:59:37.794141+00
9fba921b-0ade-4ec4-a17b-549ba31ebb19,/srv/fim-watch/gen_00256.txt,file_modified,alert_only,high,2026-09-17 23:42:25.46736+00,2026-09-17 23:59:37.813799+00
167876c4-a77d-42bd-9a55-9c7d02f06ec7,/srv/fim-watch/gen_00256.txt,file_modified,alert_only,high,2026-09-17 23:42:25.567611+00,2026-09-17 23:59:37.844822+00
807d4f1d-e081-490b-9f5c-a22fbfd01594,/srv/fim-watch/gen_00252.txt,file_modified,alert_only,high,2026-09-17 23:42:25.66747+00,2026-09-17 23:59:37.871347+00
7a6d73f3-1ed5-4da6-a002-f41030498033,/srv/fim-watch/gen_00157.txt,file_modified,alert_only,high,2026-09-17 23:42:25.767733+00,2026-09-17 23:59:37.889428+00
bdf6a198-f8a2-441b-8885-c1ff7da3b6c6,/srv/fim-watch/gen_00223.txt,file_modified,alert_only,high,2026-09-17 23:42:25.867284+00,2026-09-17 23:59:37.918725+00
50965b69-39af-4248-abab-37b1ff0e268a,/srv/fim-watch/gen_00033.txt,file_deleted,alert_only,high,2026-09-17 23:42:25.966928+00,2026-09-17 23:59:37.946553+00
2504b81f-347c-4eac-bf1d-6111e5d1b0ca,/srv/fim-watch/gen_00249.txt,file_modified,alert_only,high,2026-09-17 23:42:26.067543+00,2026-09-17 23:59:37.9649+00
1fdfb9c0-7a69-4dd9-8f8b-cd5590f272ce,/srv/fim-watch/gen_00249.txt,file_modified,alert_only,high,2026-09-17 23:42:26.16733+00,2026-09-17 23:59:37.98369+00
66806ec9-72bc-4f5a-b7bb-f0d89b99e1df,/srv/fim-watch/critico/gen_00210.txt,file_deleted,alert_only,critical,2026-09-17 23:42:26.267146+00,2026-09-17 23:59:38.003994+00
7c52c6be-fe94-45bc-b02b-606d920574c8,/srv/fim-watch/gen_00225.txt,file_modified,alert_only,high,2026-09-17 23:42:26.366889+00,2026-09-17 23:59:38.020572+00
ec8b9d67-b495-4dd5-aed2-ccf64d858ee1,/srv/fim-watch/gen_00225.txt,file_modified,alert_only,high,2026-09-17 23:42:26.466969+00,2026-09-17 23:59:38.035141+00
4178dbad-2870-4fac-9737-627b6f77a1d1,/srv/fim-watch/gen_00250.txt,file_modified,alert_only,high,2026-09-17 23:42:26.567273+00,2026-09-17 23:59:38.051301+00
2fc9f255-7559-49f3-87aa-a66adf38d36f,/srv/fim-watch/gen_00293.txt,file_modified,alert_only,high,2026-09-17 23:42:26.667538+00,2026-09-17 23:59:38.067185+00
59032c03-806c-47cf-b040-9d084c3a4494,/srv/fim-watch/gen_00294.txt,file_modified,alert_only,high,2026-09-17 23:42:26.767215+00,2026-09-17 23:59:38.083964+00
374cf9e5-bb95-4a16-b149-3d43ac07a4ce,/srv/fim-watch/gen_00230.txt,file_modified,alert_only,high,2026-09-17 23:42:26.867288+00,2026-09-17 23:59:38.098344+00
9db2e5dd-70ae-4ec0-adc8-0159562ee2ff,/srv/fim-watch/critico/gen_00222.txt,file_modified,alert_only,critical,2026-09-17 23:42:26.96756+00,2026-09-18 00:00:39.851957+00
befe7419-e121-45ca-a3fa-8fafc74de300,/srv/fim-watch/gen_00295.txt,file_modified,alert_only,high,2026-09-17 23:42:27.067043+00,2026-09-18 00:00:39.885504+00
86dddcc4-73f6-4172-80a5-a796f0dd86b4,/srv/fim-watch/gen_00142.txt,file_modified,alert_only,high,2026-09-17 23:42:27.167068+00,2026-09-18 00:00:39.920638+00
b1fcaa66-a0f6-4c24-9e5b-6d10fa82c92d,/srv/fim-watch/gen_00249.txt,file_modified,alert_only,high,2026-09-17 23:42:27.267142+00,2026-09-18 00:00:39.935243+00
8a06a336-c7ee-4d0e-9fb3-172e213df00c,/srv/fim-watch/gen_00296.txt,file_modified,alert_only,high,2026-09-17 23:42:27.367309+00,2026-09-18 00:00:39.965532+00
980d68a2-e962-474f-968b-dec314920316,/srv/fim-watch/gen_00194.txt,file_deleted,alert_only,high,2026-09-17 23:42:27.467236+00,2026-09-18 00:00:39.986863+00
db0aff28-492a-4eab-8e76-20a77007d5f6,/srv/fim-watch/gen_00297.txt,file_modified,alert_only,high,2026-09-17 23:42:27.566936+00,2026-09-18 00:00:40.01731+00
16bfbc0a-09ba-4840-b7dc-885985ededcf,/srv/fim-watch/gen_00298.txt,file_modified,alert_only,high,2026-09-17 23:42:27.666959+00,2026-09-18 00:00:40.025278+00
d08ea755-9974-4889-ad0b-a619a206ed32,/srv/fim-watch/gen_00193.txt,file_modified,alert_only,high,2026-09-17 23:42:27.76844+00,2026-09-18 00:00:40.043368+00
c392c8ba-f1cc-47b4-a49d-53f635037c87,/srv/fim-watch/gen_00299.txt,file_modified,alert_only,high,2026-09-17 23:42:27.867341+00,2026-09-18 00:00:40.060267+00
59ecef6d-3114-43eb-80d2-83f8f6955504,/srv/fim-watch/gen_00266.txt,file_modified,alert_only,high,2026-09-17 23:42:27.968447+00,2026-09-18 00:00:40.076391+00
69f80646-a939-425c-bbc1-bd53119123be,/srv/fim-watch/gen_00219.txt,file_modified,alert_only,high,2026-09-17 23:42:28.067704+00,2026-09-18 00:00:40.092875+00
d5a6d39d-a965-4e77-a4b6-2cd26ce4586e,/srv/fim-watch/gen_00219.txt,file_modified,alert_only,high,2026-09-17 23:42:28.168282+00,2026-09-18 00:00:40.110292+00
db3c431e-391d-4a85-808d-71782739b56e,/srv/fim-watch/gen_00219.txt,file_modified,alert_only,high,2026-09-17 23:42:28.267291+00,2026-09-18 00:00:40.126694+00
5cbba391-4bee-443f-83c7-33be97318385,/srv/fim-watch/gen_00219.txt,file_modified,alert_only,high,2026-09-17 23:42:28.369449+00,2026-09-18 00:00:40.143723+00
b495ca0a-b873-4ea2-8936-3c37e76221ec,/srv/fim-watch/gen_00219.txt,file_modified,alert_only,high,2026-09-17 23:42:28.467371+00,2026-09-18 00:00:40.159902+00
e8f34807-15c5-498b-87ca-8d1f5add1668,/srv/fim-watch/critico/gen_00276.txt,file_modified,alert_only,critical,2026-09-17 23:42:28.567762+00,2026-09-18 00:00:40.174924+00
b0bac5fc-7484-4c6d-b48f-800f7d3db4ce,/srv/fim-watch/gen_00259.txt,file_modified,alert_only,high,2026-09-17 23:42:28.666599+00,2026-09-18 00:00:40.190336+00
c66b7542-d2a2-4d4d-b766-45d739b29bf8,/srv/fim-watch/gen_00259.txt,file_modified,alert_only,high,2026-09-17 23:42:28.766947+00,2026-09-18 00:00:40.205779+00
54fc60f3-c52f-4cf6-9f6d-33ede85b8b42,/srv/fim-watch/gen_00300.txt,file_modified,alert_only,high,2026-09-17 23:42:28.867276+00,2026-09-18 00:00:40.232535+00
e694e823-9113-4794-abde-d102254b80b4,/srv/fim-watch/gen_00300.txt,file_deleted,alert_only,high,2026-09-17 23:42:28.967243+00,2026-09-18 00:00:40.238632+00
664d4601-aeb6-4675-960a-45cfcdb09304,/srv/fim-watch/gen_00231.txt,file_modified,alert_only,high,2026-09-17 23:42:29.066773+00,2026-09-18 00:00:40.253065+00
1e0e5497-d484-4008-a207-9c8c01eff99b,/srv/fim-watch/gen_00247.txt,file_deleted,alert_only,high,2026-09-17 23:42:29.167052+00,2026-09-18 00:00:40.268557+00
732a1c81-b6d2-4b20-aae6-749371faa2f2,/srv/fim-watch/gen_00243.txt,file_deleted,alert_only,high,2026-09-17 23:42:29.267216+00,2026-09-18 00:00:40.282719+00
48b70c39-b949-42fb-b8ce-4b191e0ffbe8,/srv/fim-watch/gen_00016.txt,file_deleted,alert_only,high,2026-09-17 23:42:29.367181+00,2026-09-18 00:00:40.297523+00
158add17-9999-4235-a7ba-43bca1a7f8e7,/srv/fim-watch/gen_00062.txt,file_modified,alert_only,high,2026-09-17 23:42:29.467375+00,2026-09-18 00:00:40.313127+00
4023d10a-4359-480d-b070-d36fc907d308,/srv/fim-watch/gen_00271.txt,file_modified,alert_only,high,2026-09-17 23:42:29.56705+00,2026-09-18 00:00:40.328572+00
59dfe5ee-c3bb-45cf-aff6-626875b4f4d2,/srv/fim-watch/critico/gen_00053.txt,file_modified,alert_only,critical,2026-09-17 23:42:29.667213+00,2026-09-18 00:00:40.343338+00
65a0f6ec-970a-4356-a8a2-42b59d5c3a15,/srv/fim-watch/gen_00062.txt,file_modified,alert_only,high,2026-09-17 23:42:29.767243+00,2026-09-18 00:00:40.358103+00
62094c27-1b5d-4a12-b890-b21a80f3d09d,/srv/fim-watch/gen_00238.txt,file_modified,alert_only,high,2026-09-17 23:42:29.867471+00,2026-09-18 00:00:40.372961+00
5ea1163d-a0e5-464a-967b-d6a165693e51,/srv/fim-watch/gen_00301.txt,file_modified,alert_only,high,2026-09-17 23:42:29.967479+00,2026-09-18 00:00:40.388165+00
9469033c-8e94-474e-85dd-bfc0bf1ce269,/srv/fim-watch/gen_00134.txt,file_modified,alert_only,high,2026-09-17 23:42:30.067315+00,2026-09-18 00:00:40.403411+00
6794d680-1315-4dcf-91ce-e9249d491477,/srv/fim-watch/gen_00302.txt,file_modified,alert_only,high,2026-09-17 23:42:30.167184+00,2026-09-18 00:00:40.420681+00
e2004924-7389-4fa4-a79a-8f0c6b8d7b48,/srv/fim-watch/gen_00171.txt,file_modified,alert_only,high,2026-09-17 23:42:30.26731+00,2026-09-18 00:00:40.435568+00
e95d595d-6402-45b3-a8d0-6c656c49658c,/srv/fim-watch/gen_00171.txt,file_modified,alert_only,high,2026-09-17 23:42:30.367591+00,2026-09-18 00:00:40.450727+00
748b4fb1-c111-4cbd-b649-ee92d228c6d6,/srv/fim-watch/gen_00171.txt,file_modified,alert_only,high,2026-09-17 23:42:30.466837+00,2026-09-18 00:00:40.465585+00
ad4ca8da-2a1f-444a-8386-c127ee9dc3f5,/srv/fim-watch/gen_00171.txt,file_modified,alert_only,high,2026-09-17 23:42:30.567532+00,2026-09-18 00:00:40.479964+00
2b854a45-75ca-45f7-aa2e-0c2e5ed0c5f4,/srv/fim-watch/gen_00171.txt,file_modified,alert_only,high,2026-09-17 23:42:30.667266+00,2026-09-18 00:00:40.495917+00
f1cd6192-f317-4821-9ff5-ffd0ebaa143d,/srv/fim-watch/gen_00254.txt,file_modified,alert_only,high,2026-09-17 23:42:30.767721+00,2026-09-18 00:00:40.511734+00
a00c1e08-7fe8-45ff-88dc-65dbc0551b30,/srv/fim-watch/gen_00296.txt,file_deleted,alert_only,high,2026-09-17 23:42:30.867484+00,2026-09-18 00:00:40.526021+00
eff8c0d5-064d-4989-8b6a-c77e8becda36,/srv/fim-watch/gen_00078.txt,file_modified,alert_only,high,2026-09-17 23:42:30.967319+00,2026-09-18 00:00:40.539113+00
a01e45ef-9031-47e3-9bcd-a99bb91454e1,/srv/fim-watch/gen_00303.txt,file_modified,alert_only,high,2026-09-17 23:42:31.066961+00,2026-09-18 00:00:40.552583+00
8916ea1b-68ad-48d1-903a-c28746bfd7f8,/srv/fim-watch/gen_00179.txt,file_modified,alert_only,high,2026-09-17 23:42:31.16741+00,2026-09-18 00:00:40.566469+00
38f3cb8a-0465-4d3e-ad21-09b379dddbcf,/srv/fim-watch/critico/gen_00304.txt,file_modified,alert_only,critical,2026-09-17 23:42:31.267549+00,2026-09-18 00:00:40.58028+00
00f63073-869d-4247-8a77-02b91b2a584e,/srv/fim-watch/gen_00084.txt,file_deleted,alert_only,high,2026-09-17 23:42:31.36701+00,2026-09-18 00:00:40.59399+00
46db23c5-9650-44a4-9bb3-6f8bc1adf63a,/srv/fim-watch/gen_00149.txt,file_modified,alert_only,high,2026-09-17 23:42:31.46714+00,2026-09-18 00:00:40.608482+00
bc48e008-3e80-4550-8076-2420d9bc913d,/srv/fim-watch/gen_00305.txt,file_modified,alert_only,high,2026-09-17 23:42:31.567197+00,2026-09-18 00:00:40.623224+00
1c329e54-4fcb-4673-bc99-2463cb994100,/srv/fim-watch/gen_00132.txt,file_deleted,alert_only,high,2026-09-17 23:42:31.666968+00,2026-09-18 00:00:40.637606+00
079b4b2e-38e0-4ce3-b7bf-287caef2ac71,/srv/fim-watch/gen_00106.txt,file_modified,alert_only,high,2026-09-17 23:42:31.767291+00,2026-09-18 00:00:40.651942+00
f25c278d-44cc-47bc-8ff8-7e22930707be,/srv/fim-watch/gen_00207.txt,file_modified,alert_only,high,2026-09-17 23:42:31.86748+00,2026-09-18 00:00:40.666635+00
95f2e4d8-dfb3-452b-a945-7020c69475f8,/srv/fim-watch/gen_00207.txt,file_modified,alert_only,high,2026-09-17 23:42:31.967702+00,2026-09-18 00:00:40.681177+00
704f72ec-b9c7-446b-aa6e-2ae1d7661dab,/srv/fim-watch/gen_00108.txt,file_modified,alert_only,high,2026-09-17 23:42:32.067354+00,2026-09-18 00:00:40.695513+00
566f7157-0384-4558-baa0-a5868f912aa4,/srv/fim-watch/critico/gen_00191.txt,file_modified,alert_only,critical,2026-09-17 23:42:32.166961+00,2026-09-18 00:00:40.710133+00
f457bac4-13ad-4996-91e9-7ff30d9a8e3b,/srv/fim-watch/gen_00161.txt,file_modified,alert_only,high,2026-09-17 23:42:32.266767+00,2026-09-18 00:00:40.724288+00
a7eaa1f3-42c5-4310-8901-a9512edae3d1,/srv/fim-watch/gen_00125.txt,file_modified,alert_only,high,2026-09-17 23:42:32.3676+00,2026-09-18 00:00:40.738485+00
74b58c05-91bd-4b40-bcb2-26162becee13,/srv/fim-watch/gen_00128.txt,file_modified,alert_only,high,2026-09-17 23:42:32.467576+00,2026-09-18 00:00:40.752509+00
ef9c7ea2-6148-471e-b690-8e217a89ab0a,/srv/fim-watch/gen_00285.txt,file_modified,alert_only,high,2026-09-17 23:42:32.567379+00,2026-09-18 00:00:40.766655+00
34edfe41-1f2d-4128-8f24-841a2fc96512,/srv/fim-watch/gen_00285.txt,file_modified,alert_only,high,2026-09-17 23:42:32.667377+00,2026-09-18 00:00:40.781763+00
23f6c19f-2e4d-4d0d-8e0a-59b167413e8d,/srv/fim-watch/gen_00214.txt,file_modified,alert_only,high,2026-09-17 23:42:32.76721+00,2026-09-18 00:00:40.796238+00
4c757677-13f2-441d-8726-4fc16b282f8a,/srv/fim-watch/gen_00214.txt,file_modified,alert_only,high,2026-09-17 23:42:32.866779+00,2026-09-18 00:00:40.810624+00
56036b5e-100d-4288-a02d-5607c4a5c43b,/srv/fim-watch/gen_00214.txt,file_modified,alert_only,high,2026-09-17 23:42:32.967002+00,2026-09-18 00:00:40.827449+00
e1cb8d58-3f1f-43ef-8341-dc8a38744411,/srv/fim-watch/gen_00214.txt,file_modified,alert_only,high,2026-09-17 23:42:33.067288+00,2026-09-18 00:00:40.842656+00
9662568d-9e43-44ca-8815-d6b3920e0318,/srv/fim-watch/gen_00214.txt,file_modified,alert_only,high,2026-09-17 23:42:33.167458+00,2026-09-18 00:00:40.856754+00
cfadb179-24a5-46e7-b7d2-b55564cd2480,/srv/fim-watch/gen_00049.txt,file_modified,alert_only,high,2026-09-17 23:42:33.267392+00,2026-09-18 00:00:40.871221+00
e66ad5b8-308c-4c69-a3b5-a55c949faab7,/srv/fim-watch/critico/gen_00280.txt,file_modified,alert_only,critical,2026-09-17 23:42:33.367418+00,2026-09-18 00:00:40.885476+00
3d57d86c-da57-4bc4-9624-9485d84b9e5a,/srv/fim-watch/gen_00219.txt,file_modified,alert_only,high,2026-09-17 23:42:33.46732+00,2026-09-18 00:00:40.900432+00
ece12e41-e103-4574-b1db-bc07646f0f51,/srv/fim-watch/gen_00306.txt,file_modified,alert_only,high,2026-09-17 23:42:33.567394+00,2026-09-18 00:00:40.916325+00
91c02f51-0dd9-41b6-baaf-cf225fd80a5b,/srv/fim-watch/gen_00166.txt,file_modified,alert_only,high,2026-09-17 23:42:33.66756+00,2026-09-18 00:00:40.931918+00
b2485e93-d413-4156-b04e-776355c87c69,/srv/fim-watch/gen_00307.txt,file_modified,alert_only,high,2026-09-17 23:42:33.766828+00,2026-09-18 00:00:40.95798+00
48b29a6f-39b5-4728-a356-c6900bd96505,/srv/fim-watch/gen_00273.txt,file_modified,alert_only,high,2026-09-17 23:42:33.867457+00,2026-09-18 00:00:40.965396+00
f43c6e50-3ead-4ec6-a987-61f805eaa578,/srv/fim-watch/gen_00255.txt,file_modified,alert_only,high,2026-09-17 23:42:33.96673+00,2026-09-18 00:00:40.980755+00
4fa4e674-1578-4d03-83bd-d2f074453dc9,/srv/fim-watch/gen_00308.txt,file_modified,alert_only,high,2026-09-17 23:42:34.066566+00,2026-09-18 00:00:40.998685+00
b823641b-6bf8-4928-ae1a-f01710482ad7,/srv/fim-watch/gen_00299.txt,file_modified,alert_only,high,2026-09-17 23:42:34.166796+00,2026-09-18 00:00:41.013991+00
54cbac9f-7841-4604-a37e-1c385dc7a2f6,/srv/fim-watch/gen_00122.txt,file_modified,alert_only,high,2026-09-17 23:42:34.266961+00,2026-09-18 00:00:41.029217+00
221de074-8359-4a4e-bf8d-9cdf24ae99bc,/srv/fim-watch/gen_00268.txt,file_modified,alert_only,high,2026-09-17 23:42:34.366561+00,2026-09-18 00:00:41.045208+00
8627b594-1528-4b6b-9d30-ff08bb8c329c,/srv/fim-watch/gen_00309.txt,file_modified,alert_only,high,2026-09-17 23:42:34.466432+00,2026-09-18 00:00:41.060502+00
718c4c7f-5c5a-4f09-b41d-6324d1caf2a7,/srv/fim-watch/gen_00273.txt,file_modified,alert_only,high,2026-09-17 23:42:34.566501+00,2026-09-18 00:00:41.075312+00
2458f026-0e1c-413a-9f2a-7a3df7aeac75,/srv/fim-watch/critico/gen_00123.txt,file_modified,alert_only,critical,2026-09-17 23:42:34.66771+00,2026-09-18 00:00:41.091061+00
a323c63f-50ed-4d65-82d2-c6f35aed866a,/srv/fim-watch/critico/gen_00310.txt,file_modified,alert_only,critical,2026-09-17 23:42:34.767542+00,2026-09-18 00:00:41.106796+00
ccfbed80-8028-4ae8-b41c-ba84cfbd6092,/srv/fim-watch/gen_00311.txt,file_modified,alert_only,high,2026-09-17 23:42:34.86735+00,2026-09-18 00:00:41.121092+00
e5baaf05-517a-4b6c-b55f-c02c4884b823,/srv/fim-watch/critico/gen_00312.txt,file_modified,alert_only,critical,2026-09-17 23:42:34.96742+00,2026-09-18 00:00:41.135349+00
8fceb004-00c6-4317-8db5-ec384c9f6471,/srv/fim-watch/gen_00106.txt,file_modified,alert_only,high,2026-09-17 23:42:35.068001+00,2026-09-18 00:00:41.149155+00
68911fd9-df2a-4aa7-bf7b-a05dc47f9fae,/srv/fim-watch/gen_00106.txt,file_modified,alert_only,high,2026-09-17 23:42:35.167435+00,2026-09-18 00:00:41.162847+00
e1ca6849-d1df-4a94-b850-68a7c3eabfd1,/srv/fim-watch/gen_00106.txt,file_modified,alert_only,high,2026-09-17 23:42:35.267586+00,2026-09-18 00:00:41.176671+00
9c9cded7-02ab-4780-9b33-5258ade3eafd,/srv/fim-watch/gen_00106.txt,file_modified,alert_only,high,2026-09-17 23:42:35.367461+00,2026-09-18 00:00:41.190884+00
80092b81-fbc4-444e-99dd-0b2a8c235faf,/srv/fim-watch/gen_00106.txt,file_modified,alert_only,high,2026-09-17 23:42:35.466969+00,2026-09-18 00:00:41.204902+00
15a4d2f3-47db-41fb-9b68-3d34201f208a,/srv/fim-watch/gen_00070.txt,file_deleted,alert_only,high,2026-09-17 23:42:35.567642+00,2026-09-18 00:00:41.219379+00
f1a74afb-2e11-49cb-8fe1-6d51dc2fd3b3,/srv/fim-watch/gen_00309.txt,file_modified,alert_only,high,2026-09-17 23:42:35.668011+00,2026-09-18 00:00:41.233827+00
530ff456-9bde-4d6e-a97b-e60747f395cf,/srv/fim-watch/gen_00089.txt,file_deleted,alert_only,high,2026-09-17 23:42:35.767275+00,2026-09-18 00:00:41.247782+00
27a9380d-f781-4fc3-b2bd-8359d1d82538,/srv/fim-watch/gen_00204.txt,file_modified,alert_only,high,2026-09-17 23:42:35.867379+00,2026-09-18 00:00:41.261099+00
0ab8e8bd-3fac-4676-a60f-d0e9d2068858,/srv/fim-watch/gen_00204.txt,file_modified,alert_only,high,2026-09-17 23:42:35.967515+00,2026-09-18 00:00:41.274703+00
eebcb50c-ae89-4e90-b0ed-0fa74e452961,/srv/fim-watch/critico/gen_00222.txt,file_modified,alert_only,critical,2026-09-17 23:42:36.067463+00,2026-09-18 00:00:41.288588+00
d6995b9f-c962-4af0-b81b-0dbf392f88c2,/srv/fim-watch/gen_00279.txt,file_modified,alert_only,high,2026-09-17 23:42:36.167598+00,2026-09-18 00:00:41.302396+00
883c39ed-13d0-4719-8eb6-bc794b24db45,/srv/fim-watch/gen_00040.txt,file_deleted,alert_only,high,2026-09-17 23:42:36.267687+00,2026-09-18 00:00:41.316268+00
20cd18b6-2734-44ec-8210-959508cb426d,/srv/fim-watch/gen_00228.txt,file_modified,alert_only,high,2026-09-17 23:42:36.367415+00,2026-09-18 00:00:41.329931+00
738d2194-3fb6-4b0a-9283-d7a114ab5115,/srv/fim-watch/gen_00313.txt,file_modified,alert_only,high,2026-09-17 23:42:36.467192+00,2026-09-18 00:00:41.344322+00
9c84dbfb-c639-41bd-8bd1-7e21cd4d307a,/srv/fim-watch/gen_00314.txt,file_modified,alert_only,high,2026-09-17 23:42:36.567407+00,2026-09-18 00:00:41.359604+00
cd031225-282f-4a91-932b-092ba4f42319,/srv/fim-watch/gen_00152.txt,file_modified,alert_only,high,2026-09-17 23:42:36.667478+00,2026-09-18 00:00:41.373684+00
21432892-c3c0-4a63-b27a-6f1ef3a93be8,/srv/fim-watch/critico/gen_00248.txt,file_modified,alert_only,critical,2026-09-17 23:42:36.767657+00,2026-09-18 00:00:41.387818+00
8cd3d89b-dc5c-4a92-a663-ce10c53274be,/srv/fim-watch/gen_00315.txt,file_modified,alert_only,high,2026-09-17 23:42:36.866995+00,2026-09-18 00:00:41.402149+00
327103c4-8a25-4a1d-9c72-ed7f0bbb04e1,/srv/fim-watch/gen_00316.txt,file_modified,alert_only,high,2026-09-17 23:42:36.967607+00,2026-09-18 00:01:42.265415+00
41ddadf5-9b36-452d-8fc6-cff09d330873,/srv/fim-watch/gen_00179.txt,file_modified,alert_only,high,2026-09-17 23:42:37.06753+00,2026-09-18 00:01:42.28909+00
8e8a6660-2acd-4351-9616-90b0a82fb534,/srv/fim-watch/gen_00106.txt,file_modified,alert_only,high,2026-09-17 23:42:37.167643+00,2026-09-18 00:01:42.309551+00
abe927db-e5ce-4902-8023-b8abbee2857f,/srv/fim-watch/gen_00282.txt,file_modified,alert_only,high,2026-09-17 23:42:37.267208+00,2026-09-18 00:01:42.318244+00
913e634c-7a6b-4559-82ae-38286242f1e5,/srv/fim-watch/critico/gen_00189.txt,file_modified,alert_only,critical,2026-09-17 23:42:37.367205+00,2026-09-18 00:01:42.335426+00
b521cf2a-4628-4fa6-8bd9-3ec462e1e912,/srv/fim-watch/gen_00317.txt,file_modified,alert_only,high,2026-09-17 23:42:37.467196+00,2026-09-18 00:01:42.362187+00
e8c388a7-3a5a-4f65-8919-c9ef9aeb3be4,/srv/fim-watch/gen_00149.txt,file_modified,alert_only,high,2026-09-17 23:42:37.567049+00,2026-09-18 00:01:42.370072+00
af265a9c-e829-4018-b10e-b26a3b2f503a,/srv/fim-watch/gen_00149.txt,file_modified,alert_only,high,2026-09-17 23:42:37.667286+00,2026-09-18 00:01:42.391563+00
d1e5730a-2c6c-4ec7-a5f9-bf4712cb980c,/srv/fim-watch/gen_00096.txt,file_modified,alert_only,high,2026-09-17 23:42:37.766635+00,2026-09-18 00:01:42.407698+00
fd7d338f-c1d3-4dd1-9b2d-089db07c664e,/srv/fim-watch/gen_00266.txt,file_modified,alert_only,high,2026-09-17 23:42:37.86718+00,2026-09-18 00:01:42.42676+00
b76f06a9-6ad2-4f9a-aa91-5bb3b3fc1537,/srv/fim-watch/gen_00231.txt,file_modified,alert_only,high,2026-09-17 23:42:37.967571+00,2026-09-18 00:01:42.444683+00
9b638f08-bf87-4e14-8d69-a5d01b2262eb,/srv/fim-watch/gen_00293.txt,file_modified,alert_only,high,2026-09-17 23:42:38.067327+00,2026-09-18 00:01:42.458737+00
80589d07-6a59-4d90-9d2a-64943e32ca1d,/srv/fim-watch/gen_00174.txt,file_modified,alert_only,high,2026-09-17 23:42:38.167376+00,2026-09-18 00:01:42.472278+00
3d9b19a6-d1bb-4256-b5fb-84e1fb99e661,/srv/fim-watch/gen_00318.txt,file_modified,alert_only,high,2026-09-17 23:42:38.267391+00,2026-09-18 00:01:42.486108+00
57c73898-f252-4b31-9e08-2f994f508456,/srv/fim-watch/gen_00096.txt,file_modified,alert_only,high,2026-09-17 23:42:38.367367+00,2026-09-18 00:01:42.500335+00
cb261c70-4f1c-4ead-b242-ffd1e74a6f40,/srv/fim-watch/gen_00231.txt,file_modified,alert_only,high,2026-09-17 23:42:38.467344+00,2026-09-18 00:01:42.513786+00
1f22ddb2-bbc7-43a6-8137-6ef9cfbabc88,/srv/fim-watch/gen_00319.txt,file_modified,alert_only,high,2026-09-17 23:42:38.567269+00,2026-09-18 00:01:42.538199+00
bd5da59e-38a6-412c-8de6-d8a34febf4aa,/srv/fim-watch/critico/gen_00236.txt,file_deleted,alert_only,critical,2026-09-17 23:42:38.667327+00,2026-09-18 00:01:42.545335+00
bec3a89a-aca2-4a11-9c8a-3b5e13b5e9ff,/srv/fim-watch/gen_00320.txt,file_modified,alert_only,high,2026-09-17 23:42:38.767282+00,2026-09-18 00:01:42.56141+00
e23b23b1-42ae-4daa-926f-b25cfd17e00e,/srv/fim-watch/gen_00321.txt,file_modified,alert_only,high,2026-09-17 23:42:38.867792+00,2026-09-18 00:01:42.577944+00
cf6c782d-eac1-45d1-b823-2acc83b5a7c6,/srv/fim-watch/gen_00274.txt,file_modified,alert_only,high,2026-09-17 23:42:38.967522+00,2026-09-18 00:01:42.593911+00
e2214118-ce1c-4f66-a6b4-8abdc98175bd,/srv/fim-watch/critico/gen_00191.txt,file_modified,alert_only,critical,2026-09-17 23:42:39.167238+00,2026-09-18 00:01:42.610595+00
06a9980f-9d66-49ec-b50d-38a3243c8fd3,/srv/fim-watch/gen_00323.txt,file_modified,alert_only,high,2026-09-17 23:42:39.26714+00,2026-09-18 00:01:42.627472+00
4854130d-4624-47fc-8d1d-128ef1834c0c,/srv/fim-watch/gen_00324.txt,file_modified,alert_only,high,2026-09-17 23:42:39.367661+00,2026-09-18 00:01:42.643459+00
bd803035-cd29-4e9a-8e8a-cbfd9c0b1eb2,/srv/fim-watch/gen_00324.txt,file_deleted,alert_only,high,2026-09-17 23:42:39.467454+00,2026-09-18 00:01:42.657933+00
cc6d106e-501c-4e73-9bcc-f0bdfc24d87b,/srv/fim-watch/critico/gen_00248.txt,file_modified,alert_only,critical,2026-09-17 23:42:39.567916+00,2026-09-18 00:01:42.672232+00
3775dc90-7552-41a3-a441-b4935451f86d,/srv/fim-watch/critico/gen_00156.txt,file_modified,alert_only,critical,2026-09-17 23:42:39.668516+00,2026-09-18 00:01:42.687565+00
ac292b5f-2087-43b4-b12d-1e4ff92a13fd,/srv/fim-watch/gen_00319.txt,file_modified,alert_only,high,2026-09-17 23:42:39.767743+00,2026-09-18 00:01:42.703258+00
bd4c3d1c-b643-401b-9fd5-3987e725f6ec,/srv/fim-watch/gen_00325.txt,file_modified,alert_only,high,2026-09-17 23:42:39.866629+00,2026-09-18 00:01:42.720817+00
7c323810-6807-420d-bd7e-032045833b0e,/srv/fim-watch/critico/gen_00222.txt,file_modified,alert_only,critical,2026-09-17 23:42:39.966815+00,2026-09-18 00:01:42.736747+00
450e9acc-e13d-4d01-8f3a-76b1423f893d,/srv/fim-watch/critico/gen_00253.txt,file_modified,alert_only,critical,2026-09-17 23:42:40.066459+00,2026-09-18 00:01:42.753103+00
6eddf570-fb81-4ebd-8adc-3e0659f39156,/srv/fim-watch/gen_00326.txt,file_modified,alert_only,high,2026-09-17 23:42:40.167232+00,2026-09-18 00:01:42.769376+00
7e815ccf-6791-4f19-8e34-751dbe3a3d27,/srv/fim-watch/gen_00212.txt,file_deleted,alert_only,high,2026-09-17 23:42:40.267122+00,2026-09-18 00:01:42.786288+00
1462b3cf-84eb-4fce-8ecd-6170c0ad4c92,/srv/fim-watch/gen_00175.txt,file_modified,alert_only,high,2026-09-17 23:42:40.367575+00,2026-09-18 00:01:42.802754+00
8963fc26-29f6-4f23-88c7-5f1b5b984433,/srv/fim-watch/gen_00327.txt,file_modified,alert_only,high,2026-09-17 23:42:40.467266+00,2026-09-18 00:01:42.817446+00
b938f924-abf4-49b1-8290-996552b37f81,/srv/fim-watch/gen_00096.txt,file_modified,alert_only,high,2026-09-17 23:42:40.567564+00,2026-09-18 00:01:42.831919+00
86f53128-2070-4ee8-9f2b-409f788b2fb0,/srv/fim-watch/gen_00096.txt,file_modified,alert_only,high,2026-09-17 23:42:40.667222+00,2026-09-18 00:01:42.846509+00
e637fe62-6977-44c2-88c1-cabfb42614d3,/srv/fim-watch/critico/gen_00328.txt,file_modified,alert_only,critical,2026-09-17 23:42:40.767497+00,2026-09-18 00:01:42.860576+00
7def88d5-2adb-4d9f-8b7c-374dd0327e6e,/srv/fim-watch/critico/gen_00328.txt,file_deleted,alert_only,critical,2026-09-17 23:42:40.867147+00,2026-09-18 00:01:42.874578+00
6aa87fdd-577d-4b6a-a7c6-7fdc836c42b6,/srv/fim-watch/gen_00313.txt,file_modified,alert_only,high,2026-09-17 23:42:40.967196+00,2026-09-18 00:01:42.888626+00
b4ad2296-5a21-49d6-9d91-3adaac4c28e3,/srv/fim-watch/gen_00115.txt,file_modified,alert_only,high,2026-09-17 23:42:41.067347+00,2026-09-18 00:01:42.904315+00
5a382368-d434-444d-8b32-a3624ad58dc1,/srv/fim-watch/gen_00177.txt,file_modified,alert_only,high,2026-09-17 23:42:41.167477+00,2026-09-18 00:01:42.919352+00
d110f8d5-e4ad-4131-93d7-1e1e3ed2dfc8,/srv/fim-watch/gen_00255.txt,file_modified,alert_only,high,2026-09-17 23:42:41.267582+00,2026-09-18 00:01:42.935739+00
f8c91dec-ea4b-4209-9dc4-d8c06e3cbf87,/srv/fim-watch/gen_00252.txt,file_modified,alert_only,high,2026-09-17 23:42:41.367375+00,2026-09-18 00:01:42.951465+00
e2f04d55-9b77-4a78-853a-9c9bb194c035,/srv/fim-watch/gen_00329.txt,file_modified,alert_only,high,2026-09-17 23:42:41.467068+00,2026-09-18 00:01:42.966172+00
eb6a3654-59b8-4892-bdc7-1a8585682970,/srv/fim-watch/gen_00152.txt,file_modified,alert_only,high,2026-09-17 23:42:41.567455+00,2026-09-18 00:01:42.981977+00
45a1d510-f416-4062-a703-d42d2ba4ba51,/srv/fim-watch/gen_00171.txt,file_modified,alert_only,high,2026-09-17 23:42:41.667397+00,2026-09-18 00:01:42.997198+00
f9ec2ed5-6cd3-4078-b4f3-3bb1793cc01a,/srv/fim-watch/gen_00279.txt,file_modified,alert_only,high,2026-09-17 23:42:41.767632+00,2026-09-18 00:01:43.012847+00
72cff165-4778-4634-80d9-c4e3488d2876,/srv/fim-watch/gen_00088.txt,file_modified,alert_only,high,2026-09-17 23:42:41.86715+00,2026-09-18 00:01:43.027229+00
4a7afad2-bbe3-45f5-b269-300a5b9007ec,/srv/fim-watch/critico/gen_00330.txt,file_modified,alert_only,critical,2026-09-17 23:42:41.967411+00,2026-09-18 00:01:43.043124+00
2492b754-84ac-42e2-88ea-5266864f12a3,/srv/fim-watch/gen_00331.txt,file_modified,alert_only,high,2026-09-17 23:42:42.067368+00,2026-09-18 00:01:43.05908+00
e69d8edd-c37d-4369-9c11-418ec5aecd55,/srv/fim-watch/gen_00078.txt,file_deleted,alert_only,high,2026-09-17 23:42:42.167221+00,2026-09-18 00:01:43.074738+00
c91e63f7-58c6-4410-99f8-29f258771c2d,/srv/fim-watch/gen_00266.txt,file_modified,alert_only,high,2026-09-17 23:42:42.266899+00,2026-09-18 00:01:43.090645+00
24d3880d-93aa-4ab5-b09c-0f8305f4a774,/srv/fim-watch/gen_00088.txt,file_modified,alert_only,high,2026-09-17 23:42:42.367051+00,2026-09-18 00:01:43.107764+00
00fbe048-2493-4011-bb76-856a5119dab1,/srv/fim-watch/gen_00225.txt,file_modified,alert_only,high,2026-09-17 23:42:42.467144+00,2026-09-18 00:01:43.122889+00
fab38f0d-fbb3-4997-80ec-868650c5e40c,/srv/fim-watch/gen_00255.txt,file_modified,alert_only,high,2026-09-17 23:42:42.567455+00,2026-09-18 00:01:43.136465+00
195aa647-c84d-47f2-9369-db3f7c3385c8,/srv/fim-watch/gen_00160.txt,file_modified,alert_only,high,2026-09-17 23:42:42.66749+00,2026-09-18 00:01:43.150021+00
44259a48-b3c9-48b0-8b2f-583b471027a0,/srv/fim-watch/gen_00160.txt,file_modified,alert_only,high,2026-09-17 23:42:42.767316+00,2026-09-18 00:01:43.163558+00
1ad0988f-134f-4d96-836e-66d718ae07f0,/srv/fim-watch/gen_00157.txt,file_modified,alert_only,high,2026-09-17 23:42:42.867075+00,2026-09-18 00:01:43.177049+00
77cac4ab-97ce-4223-a35f-a0b30058cec7,/srv/fim-watch/gen_00157.txt,file_modified,alert_only,high,2026-09-17 23:42:42.967537+00,2026-09-18 00:01:43.190507+00
625653cc-2a33-4852-85ed-386acc17e26b,/srv/fim-watch/gen_00157.txt,file_modified,alert_only,high,2026-09-17 23:42:43.067373+00,2026-09-18 00:01:43.204939+00
969783ad-8585-4b1b-8125-bd3169684538,/srv/fim-watch/gen_00157.txt,file_modified,alert_only,high,2026-09-17 23:42:43.167429+00,2026-09-18 00:01:43.218253+00
0f8721fd-a661-4f56-9e79-721b61783450,/srv/fim-watch/gen_00157.txt,file_modified,alert_only,high,2026-09-17 23:42:43.267041+00,2026-09-18 00:01:43.23168+00
a1667dbe-6dc3-467f-9053-092c2a965bbd,/srv/fim-watch/gen_00206.txt,file_modified,alert_only,high,2026-09-17 23:42:43.36703+00,2026-09-18 00:01:43.245166+00
91276f8f-aa97-4deb-af44-8b854d3044b4,/srv/fim-watch/critico/gen_00304.txt,file_modified,alert_only,critical,2026-09-17 23:42:45.56684+00,2026-09-18 00:01:43.267854+00
275cff2a-d784-460e-ac60-96f125171c6e,/srv/fim-watch/gen_00126.txt,file_modified,alert_only,high,2026-09-17 23:42:45.668096+00,2026-09-18 00:01:43.274115+00
264b6c17-75ee-47b6-b090-4a351d5e8a0e,/srv/fim-watch/gen_00301.txt,file_modified,alert_only,high,2026-09-17 23:42:45.769158+00,2026-09-18 00:01:43.289124+00
a218b31e-ed9c-4a42-a3f6-a5638f2546fb,/srv/fim-watch/gen_00286.txt,file_modified,alert_only,high,2026-09-17 23:42:45.866191+00,2026-09-18 00:01:43.304115+00
d24f58dc-b2c5-4ccf-a490-e5e78e4981e1,/srv/fim-watch/critico/gen_00333.txt,file_modified,alert_only,critical,2026-09-17 23:42:45.967063+00,2026-09-18 00:01:43.318764+00
5e23596a-605d-4f6b-b01b-4bae9b86b7f1,/srv/fim-watch/critico/gen_00183.txt,file_modified,alert_only,critical,2026-09-17 23:42:46.067303+00,2026-09-18 00:01:43.333565+00
cf1d4fe2-82e2-40e8-b127-d1de932baff9,/srv/fim-watch/critico/gen_00183.txt,file_modified,alert_only,critical,2026-09-17 23:42:46.167438+00,2026-09-18 00:01:43.348652+00
ca19ec59-b6fb-4818-af87-9b44da904220,/srv/fim-watch/gen_00166.txt,file_modified,alert_only,high,2026-09-17 23:42:46.267278+00,2026-09-18 00:01:43.363513+00
04bd641e-9b0d-47ad-a3d9-16732d003527,/srv/fim-watch/gen_00334.txt,file_modified,alert_only,high,2026-09-17 23:42:46.367255+00,2026-09-18 00:01:43.377994+00
3a265edc-ade2-4ad2-982f-6a4e926e7cc6,/srv/fim-watch/gen_00335.txt,file_modified,alert_only,high,2026-09-17 23:42:46.46704+00,2026-09-18 00:01:43.392331+00
ce3051ce-0c10-42e3-87fc-9caa41b5a006,/srv/fim-watch/gen_00241.txt,file_modified,alert_only,high,2026-09-17 23:42:46.567358+00,2026-09-18 00:01:43.4066+00
49ea1893-830a-43bb-a00e-7ea1c92e4099,/srv/fim-watch/gen_00125.txt,file_modified,alert_only,high,2026-09-17 23:42:46.667619+00,2026-09-18 00:01:43.420831+00
40bf8aa1-b06b-4733-a43a-c74f362c1d7a,/srv/fim-watch/gen_00260.txt,file_modified,alert_only,high,2026-09-17 23:42:46.767781+00,2026-09-18 00:01:43.435755+00
81613e56-abcc-44bc-9675-42f5dae1b748,/srv/fim-watch/critico/gen_00336.txt,file_modified,alert_only,critical,2026-09-17 23:42:46.867338+00,2026-09-18 00:01:43.44988+00
72fcf53f-697a-4129-a107-18f0551c8f27,/srv/fim-watch/gen_00337.txt,file_modified,alert_only,high,2026-09-17 23:42:46.967704+00,2026-09-18 00:01:43.464402+00
d5085892-33d4-4034-a2b7-e433eb0b151f,/srv/fim-watch/gen_00337.txt,file_deleted,alert_only,high,2026-09-17 23:42:47.067194+00,2026-09-18 00:01:43.478528+00
ff1e30f5-867d-41df-a73a-70fec8b400e9,/srv/fim-watch/gen_00219.txt,file_modified,alert_only,high,2026-09-17 23:42:47.167548+00,2026-09-18 00:01:43.492873+00
22d3356e-9657-40c2-b31e-bce2a01cc26e,/srv/fim-watch/critico/gen_00276.txt,file_deleted,alert_only,critical,2026-09-17 23:42:47.26757+00,2026-09-18 00:01:43.507259+00
d5c071cb-bda5-4eda-aa06-b51a7575882b,/srv/fim-watch/gen_00177.txt,file_modified,alert_only,high,2026-09-17 23:42:47.367015+00,2026-09-18 00:01:43.521375+00
06b80158-c1ab-41f3-8ce3-9ce9d5cbfb1f,/srv/fim-watch/gen_00338.txt,file_modified,alert_only,high,2026-09-17 23:42:47.467019+00,2026-09-18 00:01:43.536345+00
357644e6-c499-4739-b7bb-90bb305c7216,/srv/fim-watch/gen_00176.txt,file_deleted,alert_only,high,2026-09-17 23:42:47.567355+00,2026-09-18 00:01:43.550508+00
fd3d10fc-ade1-48fb-bac4-374808d9a65f,/srv/fim-watch/gen_00301.txt,file_deleted,alert_only,high,2026-09-17 23:42:47.667404+00,2026-09-18 00:01:43.564941+00
0ff965b8-6c7e-4459-a60a-6ee33de972a4,/srv/fim-watch/gen_00126.txt,file_modified,alert_only,high,2026-09-17 23:42:47.767462+00,2026-09-18 00:01:43.579995+00
3133cca8-a60e-499d-ba2c-1bd3877c779b,/srv/fim-watch/gen_00135.txt,file_deleted,alert_only,high,2026-09-17 23:42:47.867385+00,2026-09-18 00:01:43.595704+00
5529ac29-ef00-46a1-8d77-004fcad5adea,/srv/fim-watch/critico/gen_00184.txt,file_modified,alert_only,critical,2026-09-17 23:42:47.967672+00,2026-09-18 00:01:43.610727+00
c77dffda-1728-49e1-bf56-d258dcdb586a,/srv/fim-watch/gen_00292.txt,file_deleted,alert_only,high,2026-09-17 23:42:48.067033+00,2026-09-18 00:01:43.624785+00
8612e429-8ec4-41ad-881d-7aa1cdd4b72d,/srv/fim-watch/gen_00071.txt,file_modified,alert_only,high,2026-09-17 23:42:48.167575+00,2026-09-18 00:01:43.639986+00
d3d1f72e-3d39-4bd6-8928-0abcf679b89e,/srv/fim-watch/gen_00339.txt,file_modified,alert_only,high,2026-09-17 23:42:48.267347+00,2026-09-18 00:01:43.656078+00
0d964d7e-c993-47d7-82bb-229cbf7213a7,/srv/fim-watch/gen_00338.txt,file_deleted,alert_only,high,2026-09-17 23:42:48.367399+00,2026-09-18 00:01:43.671895+00
9aaaa5a9-7efa-4648-9e36-56eca27b851a,/srv/fim-watch/critico/gen_00310.txt,file_modified,alert_only,critical,2026-09-17 23:42:48.467284+00,2026-09-18 00:01:43.687411+00
02d8fefd-7d35-4fc5-a759-bde67fa5835a,/srv/fim-watch/gen_00206.txt,file_modified,alert_only,high,2026-09-17 23:42:48.567553+00,2026-09-18 00:01:43.702675+00
dd40d6fe-98b1-4b24-ac7a-4534561d8c3c,/srv/fim-watch/gen_00206.txt,file_modified,alert_only,high,2026-09-17 23:42:48.667409+00,2026-09-18 00:01:43.718016+00
3beca614-4d47-43a5-8502-eda83549b37b,/srv/fim-watch/gen_00206.txt,file_modified,alert_only,high,2026-09-17 23:42:48.767696+00,2026-09-18 00:01:43.73341+00
917cbe60-f4f4-4e86-8c1b-9847d0f5dd15,/srv/fim-watch/gen_00206.txt,file_modified,alert_only,high,2026-09-17 23:42:48.867147+00,2026-09-18 00:01:43.749576+00
641975d3-0fdb-437b-8648-1827558d832b,/srv/fim-watch/gen_00206.txt,file_modified,alert_only,high,2026-09-17 23:42:48.967391+00,2026-09-18 00:01:43.765871+00
e4aadbeb-fd9b-4209-b603-ab04740b4afa,/srv/fim-watch/gen_00256.txt,file_modified,alert_only,high,2026-09-17 23:42:49.067403+00,2026-09-18 00:01:43.782216+00
7ebe59bc-9d1d-49ca-ab9f-45517dc4161a,/srv/fim-watch/gen_00088.txt,file_deleted,alert_only,high,2026-09-17 23:42:49.16723+00,2026-09-18 00:02:43.807297+00
b44330ec-0d11-47b3-8d2f-106210f1a686,/srv/fim-watch/critico/gen_00191.txt,file_modified,alert_only,critical,2026-09-17 23:42:49.267391+00,2026-09-18 00:02:43.845858+00
f63c3c6e-2f4c-4657-97aa-e18fc7dd528a,/srv/fim-watch/critico/gen_00191.txt,file_modified,alert_only,critical,2026-09-17 23:42:49.36702+00,2026-09-18 00:02:43.882963+00
a1482733-f2a6-4e3c-9a78-456784fe0d60,/srv/fim-watch/critico/gen_00262.txt,file_modified,alert_only,critical,2026-09-17 23:42:49.467256+00,2026-09-18 00:02:43.897492+00
c06af893-fe53-4c59-8099-e54e2a497bfc,/srv/fim-watch/gen_00126.txt,file_modified,alert_only,high,2026-09-17 23:42:49.567229+00,2026-09-18 00:02:43.929392+00
f6c7448b-f86c-4cee-8042-1a3fff269b16,/srv/fim-watch/gen_00246.txt,file_deleted,alert_only,high,2026-09-17 23:42:49.667384+00,2026-09-18 00:02:43.951489+00
d48f020d-484e-4d66-a1e3-f3d30c724fb0,/srv/fim-watch/gen_00179.txt,file_modified,alert_only,high,2026-09-17 23:42:49.767818+00,2026-09-18 00:02:43.979404+00
bf0530d8-a38d-4557-afae-74ede2acd986,/srv/fim-watch/gen_00317.txt,file_modified,alert_only,high,2026-09-17 23:42:49.867472+00,2026-09-18 00:02:43.986182+00
3954f886-8b7e-478a-a951-20ea81e9baed,/srv/fim-watch/gen_00340.txt,file_modified,alert_only,high,2026-09-17 23:42:49.967378+00,2026-09-18 00:02:44.001828+00
60f5faf5-c499-4c6a-ba15-d6a668ddec43,/srv/fim-watch/gen_00108.txt,file_modified,alert_only,high,2026-09-17 23:42:50.067904+00,2026-09-18 00:02:44.018185+00
789e5319-ba10-4732-93cc-9c56460edad1,/srv/fim-watch/gen_00193.txt,file_modified,alert_only,high,2026-09-17 23:42:50.167568+00,2026-09-18 00:02:44.035099+00
30e237c3-30b8-4116-a507-c7d13732ca1d,/srv/fim-watch/critico/gen_00184.txt,file_modified,alert_only,critical,2026-09-17 23:42:50.267597+00,2026-09-18 00:02:44.050874+00
57e64483-b2d7-41f4-9eff-4db35ece29f5,/srv/fim-watch/gen_00341.txt,file_modified,alert_only,high,2026-09-17 23:42:50.367231+00,2026-09-18 00:02:44.066608+00
fde6a1ab-255a-4cdc-9be1-387ef2684d39,/srv/fim-watch/gen_00105.txt,file_modified,alert_only,high,2026-09-17 23:42:50.467448+00,2026-09-18 00:02:44.083923+00
9fa69979-d6de-4821-8a05-40676b256410,/srv/fim-watch/gen_00299.txt,file_modified,alert_only,high,2026-09-17 23:42:50.566834+00,2026-09-18 00:02:44.099951+00
a17eff39-8fb1-4f1b-ac79-58919096bdd3,/srv/fim-watch/critico/gen_00342.txt,file_modified,alert_only,critical,2026-09-17 23:42:50.667219+00,2026-09-18 00:02:44.116774+00
1f00b0c3-65af-4d71-90f1-9e7cf20633f7,/srv/fim-watch/gen_00223.txt,file_modified,alert_only,high,2026-09-17 23:42:50.767641+00,2026-09-18 00:02:44.133799+00
2fbe51d7-0b10-4968-b2bc-fa4d56aae1c8,/srv/fim-watch/critico/gen_00343.txt,file_modified,alert_only,critical,2026-09-17 23:42:50.867699+00,2026-09-18 00:02:44.150886+00
2e47d154-4156-4764-9ae4-b40fabdda1d0,/srv/fim-watch/critico/gen_00272.txt,file_modified,alert_only,critical,2026-09-17 23:42:50.967993+00,2026-09-18 00:02:44.167797+00
6b7515dc-7284-481c-9ed5-4f0effc4d591,/srv/fim-watch/gen_00221.txt,file_modified,alert_only,high,2026-09-17 23:42:51.067423+00,2026-09-18 00:02:44.18446+00
76a3c250-bc14-48d4-b6f9-1927189d7b3c,/srv/fim-watch/gen_00203.txt,file_modified,alert_only,high,2026-09-17 23:42:51.167491+00,2026-09-18 00:02:44.210986+00
bc7b350e-8838-4490-b72a-7fd2dc325bdc,/srv/fim-watch/critico/gen_00344.txt,file_modified,alert_only,critical,2026-09-17 23:42:51.267241+00,2026-09-18 00:02:44.217807+00
b0053bc2-e0e0-4724-b379-1a80ebe1ec17,/srv/fim-watch/gen_00151.txt,file_modified,alert_only,high,2026-09-17 23:42:51.366409+00,2026-09-18 00:02:44.233596+00
8e2697d6-17a7-4672-865d-3e04cea82392,/srv/fim-watch/gen_00282.txt,file_modified,alert_only,high,2026-09-17 23:42:51.466351+00,2026-09-18 00:02:44.250124+00
856bded1-e71d-4736-ac64-f664e8e30780,/srv/fim-watch/gen_00282.txt,file_modified,alert_only,high,2026-09-17 23:42:51.567229+00,2026-09-18 00:02:44.26559+00
f296dde6-fc2b-4b4d-a2e3-9c9377f61342,/srv/fim-watch/gen_00282.txt,file_modified,alert_only,high,2026-09-17 23:42:51.667936+00,2026-09-18 00:02:44.280381+00
197507f3-581b-4639-92c1-d625cbd494b6,/srv/fim-watch/gen_00282.txt,file_modified,alert_only,high,2026-09-17 23:42:51.767897+00,2026-09-18 00:02:44.296072+00
c48c623b-0b11-4896-b637-900e7695b11d,/srv/fim-watch/gen_00282.txt,file_modified,alert_only,high,2026-09-17 23:42:51.867476+00,2026-09-18 00:02:44.312089+00
af6b443b-154d-4cfc-828c-aa23c209f43c,/srv/fim-watch/gen_00231.txt,file_modified,alert_only,high,2026-09-17 23:42:51.96744+00,2026-09-18 00:02:44.32864+00
533bf6fc-9e8b-49f5-9ea0-10c7e5bc8b35,/srv/fim-watch/critico/gen_00345.txt,file_modified,alert_only,critical,2026-09-17 23:42:52.067599+00,2026-09-18 00:02:44.344025+00
1ed736bd-a3af-472d-9233-17afec131561,/srv/fim-watch/gen_00311.txt,file_modified,alert_only,high,2026-09-17 23:42:52.167943+00,2026-09-18 00:02:44.361056+00
b9daf2a7-0857-4292-96db-043ba2ecbd80,/srv/fim-watch/gen_00263.txt,file_modified,alert_only,high,2026-09-17 23:42:52.267568+00,2026-09-18 00:02:44.378689+00
5a916c53-7b71-4ec2-88ea-decc22795c63,/srv/fim-watch/critico/gen_00344.txt,file_modified,alert_only,critical,2026-09-17 23:42:52.36759+00,2026-09-18 00:02:44.395301+00
c6e7e73b-06d7-4f46-9af2-4040f37091bd,/srv/fim-watch/gen_00235.txt,file_modified,alert_only,high,2026-09-17 23:42:52.466616+00,2026-09-18 00:02:44.41023+00
5f8c14ae-d148-4ea2-a8bf-53ee5feed8cd,/srv/fim-watch/gen_00235.txt,file_modified,alert_only,high,2026-09-17 23:42:52.567483+00,2026-09-18 00:02:44.425436+00
47a549f6-cb3f-480e-8585-ba6118bea442,/srv/fim-watch/critico/gen_00336.txt,file_modified,alert_only,critical,2026-09-17 23:42:52.667767+00,2026-09-18 00:02:44.440953+00
d94e3a25-8fff-41e8-8667-0c1c473e5637,/srv/fim-watch/gen_00152.txt,file_modified,alert_only,high,2026-09-17 23:42:52.767509+00,2026-09-18 00:02:44.456926+00
d2eed4c6-b5f3-4ab2-a093-1f4de6023daf,/srv/fim-watch/gen_00177.txt,file_modified,alert_only,high,2026-09-17 23:42:52.866921+00,2026-09-18 00:02:44.472853+00
8d4fdb49-a9c9-4224-9b6c-d91231f88fa7,/srv/fim-watch/gen_00311.txt,file_modified,alert_only,high,2026-09-17 23:42:52.967392+00,2026-09-18 00:02:44.489435+00
acb4b768-e06a-47d5-b9c6-4ba4f1dcd0be,/srv/fim-watch/critico/gen_00345.txt,file_modified,alert_only,critical,2026-09-17 23:42:53.067453+00,2026-09-18 00:02:44.505401+00
da355300-1360-41e0-9d9d-eb25fced9c56,/srv/fim-watch/critico/gen_00345.txt,file_modified,alert_only,critical,2026-09-17 23:42:53.167492+00,2026-09-18 00:02:44.519792+00
f6e929da-e2b1-42a2-b040-2a9153e6072a,/srv/fim-watch/gen_00289.txt,file_modified,alert_only,high,2026-09-17 23:42:53.267435+00,2026-09-18 00:02:44.533679+00
9f47a676-a35e-4ec5-ba97-7b0a6bd7f72b,/srv/fim-watch/gen_00346.txt,file_modified,alert_only,high,2026-09-17 23:42:53.367301+00,2026-09-18 00:02:44.548561+00
6c43c221-abcc-49f2-a12b-e3148c125def,/srv/fim-watch/gen_00171.txt,file_modified,alert_only,high,2026-09-17 23:42:53.467417+00,2026-09-18 00:02:44.56419+00
9a5a7eb2-3f34-4298-ac4a-01ff0659127c,/srv/fim-watch/gen_00297.txt,file_modified,alert_only,high,2026-09-17 23:42:53.567402+00,2026-09-18 00:02:44.578657+00
24dfcea0-405d-465a-a1d8-039aefe08016,/srv/fim-watch/gen_00318.txt,file_modified,alert_only,high,2026-09-17 23:42:53.667338+00,2026-09-18 00:02:44.59272+00
15eafeac-184a-416f-98a1-ce67734ad360,/srv/fim-watch/gen_00318.txt,file_modified,alert_only,high,2026-09-17 23:42:53.767604+00,2026-09-18 00:02:44.607478+00
892617f5-cf84-4264-b35d-26a46941b020,/srv/fim-watch/critico/gen_00347.txt,file_modified,alert_only,critical,2026-09-17 23:42:53.867568+00,2026-09-18 00:02:44.622454+00
e9f248a9-9bd8-4060-85c1-58d220ebee79,/srv/fim-watch/gen_00348.txt,file_modified,alert_only,high,2026-09-17 23:42:53.96738+00,2026-09-18 00:02:44.637881+00
bb2ad1c1-d376-41fc-8e7f-42c795dab9e5,/srv/fim-watch/gen_00126.txt,file_modified,alert_only,high,2026-09-17 23:42:54.067542+00,2026-09-18 00:02:44.651921+00
a71411e2-ef42-49ee-99d5-0960b06d485a,/srv/fim-watch/gen_00349.txt,file_modified,alert_only,high,2026-09-17 23:42:54.167526+00,2026-09-18 00:02:44.665508+00
eae75564-5985-439d-9363-3c19c0f352a7,/srv/fim-watch/gen_00232.txt,file_modified,alert_only,high,2026-09-17 23:42:54.267149+00,2026-09-18 00:02:44.68623+00
2324dba8-1b2b-4ec2-a57e-bf2b4a33c34a,/srv/fim-watch/gen_00298.txt,file_modified,alert_only,high,2026-09-17 23:42:54.367928+00,2026-09-18 00:02:44.69978+00
bcdf2dba-5fc8-4e36-9a4c-4964ef1f30a9,/srv/fim-watch/gen_00341.txt,file_deleted,alert_only,high,2026-09-17 23:42:54.467427+00,2026-09-18 00:02:44.714867+00
f3ae70a9-c23a-474c-82ea-924db3f3bf4a,/srv/fim-watch/gen_00350.txt,file_modified,alert_only,high,2026-09-17 23:42:54.567542+00,2026-09-18 00:02:44.729715+00
3d2213bf-5b36-479b-a0f8-fb4a5cd19e1d,/srv/fim-watch/gen_00306.txt,file_modified,alert_only,high,2026-09-17 23:42:54.667496+00,2026-09-18 00:02:44.744305+00
45ed8df9-6134-4312-aed7-2cf18fcdfd02,/srv/fim-watch/gen_00057.txt,file_modified,alert_only,high,2026-09-17 23:42:54.767602+00,2026-09-18 00:02:44.760551+00
5c896ff1-5e7a-4be4-85e2-2961a8a6f29c,/srv/fim-watch/critico/gen_00262.txt,file_modified,alert_only,critical,2026-09-17 23:42:54.867567+00,2026-09-18 00:02:44.777401+00
b9b8d3ec-ed7c-44be-a0ed-e177d2d612d1,/srv/fim-watch/critico/gen_00253.txt,file_modified,alert_only,critical,2026-09-17 23:42:54.967666+00,2026-09-18 00:02:44.794555+00
7f9846d9-bf78-43ac-9777-72bd2d7e7f06,/srv/fim-watch/gen_00238.txt,file_modified,alert_only,high,2026-09-17 23:42:55.067149+00,2026-09-18 00:02:44.810872+00
90481f19-98b1-4423-9bdc-6bebd741810c,/srv/fim-watch/critico/gen_00351.txt,file_modified,alert_only,critical,2026-09-17 23:42:55.167444+00,2026-09-18 00:02:44.828367+00
5521fd54-124c-4e83-804b-3b9c178bf9fd,/srv/fim-watch/gen_00352.txt,file_modified,alert_only,high,2026-09-17 23:42:55.267244+00,2026-09-18 00:02:44.843934+00
bc21428d-12c7-451e-a80b-08f7ae63fbd5,/srv/fim-watch/gen_00198.txt,file_modified,alert_only,high,2026-09-17 23:42:55.367211+00,2026-09-18 00:02:44.860435+00
e2b379bc-f85b-45b7-9985-5384d9d93547,/srv/fim-watch/gen_00299.txt,file_modified,alert_only,high,2026-09-17 23:42:55.567382+00,2026-09-18 00:02:44.877747+00
5fd1a2ec-dd55-4b21-a662-c017d8ceaf56,/srv/fim-watch/gen_00064.txt,file_modified,alert_only,high,2026-09-17 23:42:55.667365+00,2026-09-18 00:02:44.892682+00
e8267111-4201-49ea-be9e-be24bc2ca348,/srv/fim-watch/gen_00348.txt,file_modified,alert_only,high,2026-09-17 23:42:55.76729+00,2026-09-18 00:02:44.908335+00
a155d154-a4d6-4e2b-907a-6bf19f93539e,/srv/fim-watch/gen_00348.txt,file_modified,alert_only,high,2026-09-17 23:42:55.867323+00,2026-09-18 00:02:44.921418+00
bf4d343b-12c3-4377-86a6-d3a858710881,/srv/fim-watch/gen_00348.txt,file_modified,alert_only,high,2026-09-17 23:42:55.967164+00,2026-09-18 00:02:44.936625+00
e1b4d9fd-40dc-40dd-a826-e3d5fc3b905e,/srv/fim-watch/gen_00348.txt,file_modified,alert_only,high,2026-09-17 23:42:56.066888+00,2026-09-18 00:02:44.952042+00
7b417dcb-0c4b-4d5c-a33b-702708e7c51d,/srv/fim-watch/gen_00348.txt,file_modified,alert_only,high,2026-09-17 23:42:56.167237+00,2026-09-18 00:02:44.965368+00
55e881e1-f162-4f5e-a921-da31b834b53b,/srv/fim-watch/critico/gen_00209.txt,file_modified,alert_only,critical,2026-09-17 23:42:56.266917+00,2026-09-18 00:02:44.989785+00
548e5e0b-8eaf-4a77-ac7a-65933297ed50,/srv/fim-watch/gen_00266.txt,file_modified,alert_only,high,2026-09-17 23:42:56.367605+00,2026-09-18 00:02:44.998153+00
fcf97642-5855-4a74-aa8d-93ddff3394c8,/srv/fim-watch/critico/gen_00330.txt,file_modified,alert_only,critical,2026-09-17 23:42:56.467589+00,2026-09-18 00:02:45.014472+00
58f0f163-0789-4be9-a0f6-321d92c5a4d5,/srv/fim-watch/critico/gen_00354.txt,file_modified,alert_only,critical,2026-09-17 23:42:56.566984+00,2026-09-18 00:02:45.029705+00
5541b95d-9781-4c3f-a84e-830688a24873,/srv/fim-watch/gen_00049.txt,file_deleted,alert_only,high,2026-09-17 23:42:56.667417+00,2026-09-18 00:02:45.045067+00
72e148b4-9e6f-457e-893a-30a2072998f2,/srv/fim-watch/gen_00279.txt,file_modified,alert_only,high,2026-09-17 23:42:56.766625+00,2026-09-18 00:02:45.060738+00
4f711db7-115f-4c81-8c17-b5b0598eb8d6,/srv/fim-watch/gen_00279.txt,file_modified,alert_only,high,2026-09-17 23:42:56.867694+00,2026-09-18 00:02:45.076515+00
d32f3bea-96b3-4096-9d2a-4ba8764e5994,/srv/fim-watch/gen_00282.txt,file_modified,alert_only,high,2026-09-17 23:42:56.966205+00,2026-09-18 00:02:45.092368+00
7daba62d-a81e-4a93-b5e7-78e95c81ae63,/srv/fim-watch/gen_00282.txt,file_modified,alert_only,high,2026-09-17 23:42:57.066264+00,2026-09-18 00:02:45.107961+00
0a7530e7-b90d-4f21-bcc7-ae6a73240aea,/srv/fim-watch/gen_00275.txt,file_modified,alert_only,high,2026-09-17 23:42:57.167428+00,2026-09-18 00:02:45.123057+00
14d079f8-ef76-4192-9a8d-192656f03f63,/srv/fim-watch/gen_00275.txt,file_modified,alert_only,high,2026-09-17 23:42:57.267423+00,2026-09-18 00:02:45.137502+00
1266f46c-fabd-4a34-ab35-ecd917e3df64,/srv/fim-watch/gen_00275.txt,file_modified,alert_only,high,2026-09-17 23:42:57.367382+00,2026-09-18 00:02:45.151241+00
19b70711-5be5-424c-9624-6c05b53b6f0d,/srv/fim-watch/gen_00275.txt,file_modified,alert_only,high,2026-09-17 23:42:57.466974+00,2026-09-18 00:02:45.16559+00
2f4d2036-9e34-4fc1-845f-2396f48b060d,/srv/fim-watch/gen_00275.txt,file_modified,alert_only,high,2026-09-17 23:42:57.567243+00,2026-09-18 00:02:45.18025+00
86910162-6ac7-474d-8abc-a7c8f3c79c42,/srv/fim-watch/gen_00325.txt,file_modified,alert_only,high,2026-09-17 23:42:57.667291+00,2026-09-18 00:02:45.194473+00
2d54b324-bff3-4201-a9f3-1ce1f3fc72b8,/srv/fim-watch/gen_00355.txt,file_modified,alert_only,high,2026-09-17 23:42:57.767497+00,2026-09-18 00:02:45.209146+00
4d1da79e-b685-4892-b5a0-b40c4a1e38b3,/srv/fim-watch/gen_00162.txt,file_deleted,alert_only,high,2026-09-17 23:42:57.867202+00,2026-09-18 00:02:45.224844+00
4befff54-dd59-42ab-b899-5e02ab852d15,/srv/fim-watch/gen_00356.txt,file_modified,alert_only,high,2026-09-17 23:42:57.967324+00,2026-09-18 00:02:45.240426+00
c6e5ef0e-5103-4099-94f7-f07a33c0c640,/srv/fim-watch/gen_00357.txt,file_modified,alert_only,high,2026-09-17 23:42:58.067555+00,2026-09-18 00:02:45.256079+00
9eab96e4-5c27-43bb-bbb0-a18decf47f9c,/srv/fim-watch/gen_00358.txt,file_modified,alert_only,high,2026-09-17 23:42:58.167484+00,2026-09-18 00:02:45.271303+00
ded83a4a-3fa9-4a99-80bd-518d1aa8c203,/srv/fim-watch/gen_00359.txt,file_modified,alert_only,high,2026-09-17 23:42:58.267291+00,2026-09-18 00:02:45.286392+00
a603ebb6-4a50-4c0d-a9c8-72b585ecc17b,/srv/fim-watch/gen_00230.txt,file_modified,alert_only,high,2026-09-17 23:42:58.367216+00,2026-09-18 00:02:45.302157+00
84cd2004-2276-475b-97ae-afa1e27d91d5,/srv/fim-watch/gen_00263.txt,file_modified,alert_only,high,2026-09-17 23:42:58.467375+00,2026-09-18 00:02:45.31718+00
19a6fff5-2bcd-4c0d-9afb-6f4fd29ced72,/srv/fim-watch/gen_00263.txt,file_modified,alert_only,high,2026-09-17 23:42:58.567636+00,2026-09-18 00:02:45.333457+00
0c3adca0-d26d-4ebd-9d0e-15a528b36ca4,/srv/fim-watch/gen_00360.txt,file_modified,alert_only,high,2026-09-17 23:42:58.667363+00,2026-09-18 00:02:45.349567+00
113dee33-fa5c-4bc4-a657-be09b929102e,/srv/fim-watch/gen_00360.txt,file_deleted,alert_only,high,2026-09-17 23:42:58.767263+00,2026-09-18 00:02:45.365428+00
9006a6ac-204b-41da-921d-75a4162fb8c7,/srv/fim-watch/gen_00308.txt,file_modified,alert_only,high,2026-09-17 23:42:58.867314+00,2026-09-18 00:02:45.380181+00
ed977afd-0cbc-417c-96fd-ca36138e677c,/srv/fim-watch/critico/gen_00361.txt,file_modified,alert_only,critical,2026-09-17 23:42:58.967489+00,2026-09-18 00:02:45.395329+00
7bd72d2a-a731-45b2-bfe6-79e0c561282c,/srv/fim-watch/gen_00177.txt,file_modified,alert_only,high,2026-09-17 23:42:59.068242+00,2026-09-18 00:02:45.410698+00
309ce560-0a75-46a4-baa5-0eee24abfd49,/srv/fim-watch/gen_00177.txt,file_modified,alert_only,high,2026-09-17 23:42:59.167544+00,2026-09-18 00:02:45.426862+00
c8ce8c86-48fa-463e-a123-3d40d3f0b858,/srv/fim-watch/gen_00362.txt,file_modified,alert_only,high,2026-09-17 23:42:59.267001+00,2026-09-18 00:03:45.241726+00
ee979660-fa20-4d70-800a-fde251d621bc,/srv/fim-watch/gen_00266.txt,file_modified,alert_only,high,2026-09-17 23:42:59.367387+00,2026-09-18 00:03:45.27674+00
3d78b7a4-df77-4e60-8c98-3955aee71323,/srv/fim-watch/gen_00196.txt,file_modified,alert_only,high,2026-09-17 23:42:59.467052+00,2026-09-18 00:03:45.309767+00
323bdf29-1d37-4691-9df6-7b525d005767,/srv/fim-watch/gen_00198.txt,file_modified,alert_only,high,2026-09-17 23:42:59.56731+00,2026-09-18 00:03:45.323529+00
fc9f561e-5d14-4515-86a8-80a9d7707234,/srv/fim-watch/gen_00329.txt,file_modified,alert_only,high,2026-09-17 23:42:59.66744+00,2026-09-18 00:03:45.353925+00
cc6c7266-0142-40b9-b62c-0596aff358be,/srv/fim-watch/gen_00329.txt,file_modified,alert_only,high,2026-09-17 23:42:59.767292+00,2026-09-18 00:03:45.380529+00
c435806d-68ed-4214-bfe1-ec7cafca35ab,/srv/fim-watch/gen_00311.txt,file_modified,alert_only,high,2026-09-17 23:42:59.867307+00,2026-09-18 00:03:45.397665+00
adbe1f4c-3b5f-4019-abd0-11c38ef36754,/srv/fim-watch/gen_00363.txt,file_modified,alert_only,high,2026-09-17 23:42:59.9674+00,2026-09-18 00:03:45.412499+00
4972e04b-8fcd-4bb5-8850-c11cff8914e3,/srv/fim-watch/gen_00363.txt,file_deleted,alert_only,high,2026-09-17 23:43:00.06722+00,2026-09-18 00:03:45.427977+00
ed46ef49-81ed-47d0-b9f2-e29ede34b8fd,/srv/fim-watch/critico/gen_00053.txt,file_modified,alert_only,critical,2026-09-17 23:43:00.167325+00,2026-09-18 00:03:45.452845+00
11ffbe98-4186-4934-aa27-90c765092c2f,/srv/fim-watch/critico/gen_00061.txt,file_modified,alert_only,critical,2026-09-17 23:43:00.267609+00,2026-09-18 00:03:45.459775+00
8a36f10c-194f-4a09-a45c-8cf3406e9d64,/srv/fim-watch/critico/gen_00061.txt,file_modified,alert_only,critical,2026-09-17 23:43:00.367337+00,2026-09-18 00:03:45.47533+00
24b4092a-1f98-446f-9aad-150005f6f7c3,/srv/fim-watch/gen_00364.txt,file_modified,alert_only,high,2026-09-17 23:43:00.467464+00,2026-09-18 00:03:45.490451+00
54591af6-929b-4b75-b4c7-f059e36c97b3,/srv/fim-watch/gen_00295.txt,file_modified,alert_only,high,2026-09-17 23:43:00.567245+00,2026-09-18 00:03:45.505214+00
59ed2ae7-f8c6-4f9d-bf92-dd8b6dbb3e9a,/srv/fim-watch/gen_00250.txt,file_modified,alert_only,high,2026-09-17 23:43:00.667332+00,2026-09-18 00:03:45.520018+00
9af4194d-f7f8-4d49-8205-1fa86d08f511,/srv/fim-watch/critico/gen_00130.txt,file_modified,alert_only,critical,2026-09-17 23:43:00.767606+00,2026-09-18 00:03:45.535343+00
b09ea189-6dab-4efd-bb33-fb9c6ef05512,/srv/fim-watch/critico/gen_00304.txt,file_modified,alert_only,critical,2026-09-17 23:43:00.86757+00,2026-09-18 00:03:45.550668+00
ebf8b8c1-bfee-413d-b178-d7c601b880fa,/srv/fim-watch/gen_00057.txt,file_deleted,alert_only,high,2026-09-17 23:43:00.967116+00,2026-09-18 00:03:45.564949+00
ee131893-0e9a-4422-ab4e-fd4b35fa4e51,/srv/fim-watch/critico/gen_00353.txt,file_modified,alert_only,critical,2026-09-17 23:43:01.067576+00,2026-09-18 00:03:45.579989+00
a60dab47-71d5-40da-915c-ef23efaea37f,/srv/fim-watch/gen_00365.txt,file_modified,alert_only,high,2026-09-17 23:43:01.167233+00,2026-09-18 00:03:45.59495+00
0e0770d5-ff79-46d0-9b8a-357c6b0dc93d,/srv/fim-watch/gen_00096.txt,file_modified,alert_only,high,2026-09-17 23:43:01.267289+00,2026-09-18 00:03:45.60946+00
51aaffdf-c09c-4512-aea5-0716749e0ebe,/srv/fim-watch/gen_00096.txt,file_modified,alert_only,high,2026-09-17 23:43:01.367314+00,2026-09-18 00:03:45.624076+00
6a28b11e-b3c0-4a18-b952-a6c6671db2d1,/srv/fim-watch/gen_00104.txt,file_deleted,alert_only,high,2026-09-17 23:43:01.467136+00,2026-09-18 00:03:45.638242+00
2a2ea9a6-e00b-46cb-a423-4d1168b673e5,/srv/fim-watch/gen_00366.txt,file_modified,alert_only,high,2026-09-17 23:43:01.567128+00,2026-09-18 00:03:45.654964+00
b6aaa048-9561-450d-9268-12273922d8d6,/srv/fim-watch/critico/gen_00189.txt,file_modified,alert_only,critical,2026-09-17 23:43:01.666923+00,2026-09-18 00:03:45.670055+00
96365fd5-9603-4179-a58e-a82980e48b13,/srv/fim-watch/gen_00214.txt,file_deleted,alert_only,high,2026-09-17 23:43:01.767749+00,2026-09-18 00:03:45.685479+00
445ac9d3-8a9f-4a00-b2a7-62fef266372c,/srv/fim-watch/gen_00367.txt,file_modified,alert_only,high,2026-09-17 23:43:01.867306+00,2026-09-18 00:03:45.701412+00
6d08fb69-8014-40ce-b5d6-4b8ec37fd44f,/srv/fim-watch/gen_00368.txt,file_modified,alert_only,high,2026-09-17 23:43:01.96751+00,2026-09-18 00:03:45.717635+00
74ff9498-27a5-406a-a90f-20f12e14e6b7,/srv/fim-watch/critico/gen_00183.txt,file_modified,alert_only,critical,2026-09-17 23:43:02.067354+00,2026-09-18 00:03:45.731135+00
bbe13126-e0c7-49aa-8a28-1b2f79e9326b,/srv/fim-watch/critico/gen_00183.txt,file_modified,alert_only,critical,2026-09-17 23:43:02.16641+00,2026-09-18 00:03:45.744346+00
469f2bfe-c69c-4ae7-93c8-75f46510b1fe,/srv/fim-watch/critico/gen_00183.txt,file_modified,alert_only,critical,2026-09-17 23:43:02.26698+00,2026-09-18 00:03:45.757928+00
c5c55699-6cac-4aa0-9669-fd45991f16c8,/srv/fim-watch/critico/gen_00183.txt,file_modified,alert_only,critical,2026-09-17 23:43:02.36632+00,2026-09-18 00:03:45.77407+00
9304723e-9b8f-475d-9e74-154a468b7687,/srv/fim-watch/critico/gen_00183.txt,file_modified,alert_only,critical,2026-09-17 23:43:02.468484+00,2026-09-18 00:03:45.790247+00
a97a7af6-c892-4405-84bd-1b5148f49baa,/srv/fim-watch/critico/gen_00369.txt,file_modified,alert_only,critical,2026-09-17 23:43:02.566698+00,2026-09-18 00:03:45.805288+00
2abce003-5aa4-4e3b-b5da-6bc68b36a730,/srv/fim-watch/gen_00311.txt,file_modified,alert_only,high,2026-09-17 23:43:02.666941+00,2026-09-18 00:03:45.820152+00
1e7e2257-b63c-4bd9-9681-8903aae6bcb2,/srv/fim-watch/gen_00370.txt,file_modified,alert_only,high,2026-09-17 23:43:02.767105+00,2026-09-18 00:03:45.846913+00
001f5f0f-45e8-4a17-8afd-b6eac1cc05a7,/srv/fim-watch/gen_00256.txt,file_modified,alert_only,high,2026-09-17 23:43:02.867539+00,2026-09-18 00:03:45.853909+00
44478546-ab1d-4bd4-baf6-63bc983dcdce,/srv/fim-watch/critico/gen_00251.txt,file_modified,alert_only,critical,2026-09-17 23:43:02.967298+00,2026-09-18 00:03:45.869966+00
f8cef6c2-57e6-438f-8127-bf286bedbb12,/srv/fim-watch/gen_00187.txt,file_modified,alert_only,high,2026-09-17 23:43:03.066941+00,2026-09-18 00:03:45.885875+00
a453e2b0-ef08-49c3-9024-30482fd32aa2,/srv/fim-watch/gen_00318.txt,file_deleted,alert_only,high,2026-09-17 23:43:03.167185+00,2026-09-18 00:03:45.901053+00
7db472da-a98d-4fec-856c-c19289466903,/srv/fim-watch/critico/gen_00343.txt,file_modified,alert_only,critical,2026-09-17 23:43:03.266687+00,2026-09-18 00:03:45.916187+00
c73ee50e-f40c-4c23-a879-ae1d1bb125a6,/srv/fim-watch/critico/gen_00351.txt,file_modified,alert_only,critical,2026-09-17 23:43:03.367518+00,2026-09-18 00:03:45.931497+00
c3135bb9-e107-4792-b1dd-0ef567c5a963,/srv/fim-watch/critico/gen_00371.txt,file_modified,alert_only,critical,2026-09-17 23:43:03.467398+00,2026-09-18 00:03:45.94704+00
ee63aae2-ee03-4bc6-88f5-c9c6d1d4f29c,/srv/fim-watch/gen_00215.txt,file_modified,alert_only,high,2026-09-17 23:43:03.567455+00,2026-09-18 00:03:45.963487+00
bb0d378c-daac-4875-bc37-877d305d69b6,/srv/fim-watch/critico/gen_00344.txt,file_modified,alert_only,critical,2026-09-17 23:43:03.667467+00,2026-09-18 00:03:45.979385+00
f601f371-8c17-4b45-8f9f-e576c5d28e71,/srv/fim-watch/gen_00372.txt,file_modified,alert_only,high,2026-09-17 23:43:03.767297+00,2026-09-18 00:03:45.995476+00
bb85ff5d-2ecf-4d45-b543-d97461be3b00,/srv/fim-watch/gen_00372.txt,file_deleted,alert_only,high,2026-09-17 23:43:03.867659+00,2026-09-18 00:03:46.011126+00
80d260c0-2fcf-4b2f-9abb-be49ab7bce24,/srv/fim-watch/critico/gen_00248.txt,file_deleted,alert_only,critical,2026-09-17 23:43:03.967305+00,2026-09-18 00:03:46.027583+00
bcd8bb96-7b04-4900-bc3a-eb85f40e8013,/srv/fim-watch/gen_00264.txt,file_modified,alert_only,high,2026-09-17 23:43:04.067453+00,2026-09-18 00:03:46.044068+00
ea5509f2-598e-49a7-a766-7aa81b7ed7db,/srv/fim-watch/gen_00357.txt,file_deleted,alert_only,high,2026-09-17 23:43:04.166756+00,2026-09-18 00:03:46.059221+00
544af64e-2338-4d3f-a307-76f79ab1db33,/srv/fim-watch/critico/gen_00222.txt,file_modified,alert_only,critical,2026-09-17 23:43:04.267916+00,2026-09-18 00:03:46.075127+00
20c74a1a-e16c-4e8f-875a-fb65dbf9df7d,/srv/fim-watch/critico/gen_00222.txt,file_modified,alert_only,critical,2026-09-17 23:43:04.367636+00,2026-09-18 00:03:46.090072+00
12241668-9485-4c9a-ab4e-df610c22ba89,/srv/fim-watch/gen_00259.txt,file_modified,alert_only,high,2026-09-17 23:43:04.467718+00,2026-09-18 00:03:46.104848+00
1fbc6ded-b4c0-4306-a23a-0121c3570b44,/srv/fim-watch/gen_00373.txt,file_modified,alert_only,high,2026-09-17 23:43:04.566921+00,2026-09-18 00:03:46.119899+00
c0d8cb2c-8c25-4305-9b44-9d2968036b30,/srv/fim-watch/gen_00373.txt,file_deleted,alert_only,high,2026-09-17 23:43:04.667217+00,2026-09-18 00:03:46.135298+00
5e1d8605-23ea-4b2f-af4b-1df8acd4b557,/srv/fim-watch/critico/gen_00374.txt,file_modified,alert_only,critical,2026-09-17 23:43:04.767586+00,2026-09-18 00:03:46.150938+00
02921639-3eb1-4bdb-b85e-4c5bf0d03c24,/srv/fim-watch/critico/gen_00374.txt,file_deleted,alert_only,critical,2026-09-17 23:43:04.867439+00,2026-09-18 00:03:46.167837+00
426f6612-1dc6-48fd-b28a-86d5eef0a5d0,/srv/fim-watch/critico/gen_00333.txt,file_modified,alert_only,critical,2026-09-17 23:43:04.968002+00,2026-09-18 00:03:46.184574+00
f3b243f0-e0e4-4fd3-b3a6-49918e9dbf08,/srv/fim-watch/gen_00071.txt,file_modified,alert_only,high,2026-09-17 23:43:05.067533+00,2026-09-18 00:03:46.200331+00
91141aa1-feae-4782-b1bc-1240b11ef98a,/srv/fim-watch/gen_00375.txt,file_modified,alert_only,high,2026-09-17 23:43:05.167377+00,2026-09-18 00:03:46.217899+00
dd30065b-7c1e-4949-9f73-eebbb7374745,/srv/fim-watch/critico/gen_00222.txt,file_modified,alert_only,critical,2026-09-17 23:43:05.267437+00,2026-09-18 00:03:46.233972+00
fcdb0d5e-a676-47eb-ab1a-41d1ee35b12d,/srv/fim-watch/gen_00298.txt,file_modified,alert_only,high,2026-09-17 23:43:05.367492+00,2026-09-18 00:03:46.248073+00
c0056267-469c-434f-a7d3-0f1923dff265,/srv/fim-watch/gen_00376.txt,file_modified,alert_only,high,2026-09-17 23:43:05.467505+00,2026-09-18 00:03:46.260909+00
a718abfa-e7fe-4221-beb0-8925b0c6ddbc,/srv/fim-watch/gen_00376.txt,file_deleted,alert_only,high,2026-09-17 23:43:05.567285+00,2026-09-18 00:03:46.275249+00
329a81cd-d153-47d2-8ac9-cb65bfd4502f,/srv/fim-watch/gen_00128.txt,file_modified,alert_only,high,2026-09-17 23:43:05.667706+00,2026-09-18 00:03:46.289311+00
7fd19c5b-512c-4945-9027-f58eee82f2e7,/srv/fim-watch/gen_00377.txt,file_modified,alert_only,high,2026-09-17 23:43:05.767403+00,2026-09-18 00:03:46.303209+00
daf23872-634c-42c4-a961-5a26e87243ec,/srv/fim-watch/gen_00378.txt,file_modified,alert_only,high,2026-09-17 23:43:05.867344+00,2026-09-18 00:03:46.316664+00
33330c4d-0783-49d4-b353-ba7d47fdde96,/srv/fim-watch/gen_00378.txt,file_deleted,alert_only,high,2026-09-17 23:43:05.967183+00,2026-09-18 00:03:46.33027+00
d7fb7d62-8c65-4a18-84a5-6b475c652a55,/srv/fim-watch/gen_00196.txt,file_modified,alert_only,high,2026-09-17 23:43:06.067521+00,2026-09-18 00:03:46.343562+00
fad36a7e-b5c2-4ef3-903f-58bcc4c3b22d,/srv/fim-watch/gen_00196.txt,file_modified,alert_only,high,2026-09-17 23:43:06.167155+00,2026-09-18 00:03:46.357761+00
9df700df-520b-4bf9-859e-a62b526e8024,/srv/fim-watch/critico/gen_00336.txt,file_modified,alert_only,critical,2026-09-17 23:43:06.26753+00,2026-09-18 00:03:46.371576+00
1296958b-1e41-4b61-aa6c-d88572d0d11a,/srv/fim-watch/critico/gen_00379.txt,file_modified,alert_only,critical,2026-09-17 23:43:06.367425+00,2026-09-18 00:03:46.385684+00
beedbd3a-e75a-4618-abde-eb4074ea7ee2,/srv/fim-watch/critico/gen_00345.txt,file_modified,alert_only,critical,2026-09-17 23:43:06.468102+00,2026-09-18 00:03:46.400225+00
690256a6-97c9-4c57-8b0a-1bc8476914d5,/srv/fim-watch/gen_00203.txt,file_modified,alert_only,high,2026-09-17 23:43:06.56733+00,2026-09-18 00:03:46.413854+00
afcc746b-06ba-4ad0-8465-f40233abc31a,/srv/fim-watch/gen_00380.txt,file_modified,alert_only,high,2026-09-17 23:43:06.666716+00,2026-09-18 00:03:46.427672+00
3da3950f-2416-4c38-a281-278c08402f76,/srv/fim-watch/gen_00380.txt,file_deleted,alert_only,high,2026-09-17 23:43:06.767576+00,2026-09-18 00:03:46.441309+00
b6e29a34-a88b-4395-8e91-2297da1b858a,/srv/fim-watch/gen_00266.txt,file_modified,alert_only,high,2026-09-17 23:43:06.867302+00,2026-09-18 00:03:46.455793+00
d4782d1e-834f-4eea-98e7-73125a3e46f1,/srv/fim-watch/gen_00064.txt,file_modified,alert_only,high,2026-09-17 23:43:06.967266+00,2026-09-18 00:03:46.47133+00
877e9ab2-b48c-4bf9-958e-0b03c592bc33,/srv/fim-watch/gen_00362.txt,file_deleted,alert_only,high,2026-09-17 23:43:07.067827+00,2026-09-18 00:03:46.485433+00
4bd80a0f-a363-406e-95fa-571a04798030,/srv/fim-watch/gen_00366.txt,file_modified,alert_only,high,2026-09-17 23:43:07.167123+00,2026-09-18 00:03:46.499589+00
a9a21db5-8b32-4fe6-a6dc-a13a8fb9707a,/srv/fim-watch/gen_00291.txt,file_modified,alert_only,high,2026-09-17 23:43:07.267036+00,2026-09-18 00:03:46.513051+00
3094e52f-cbe2-41e8-aa1d-427e9d4d9527,/srv/fim-watch/gen_00295.txt,file_modified,alert_only,high,2026-09-17 23:43:07.367505+00,2026-09-18 00:03:46.52656+00
361a74fc-ed5b-4235-beb5-996d58e0a485,/srv/fim-watch/gen_00240.txt,file_modified,alert_only,high,2026-09-17 23:43:07.467282+00,2026-09-18 00:03:46.540226+00
4aa09add-e65a-4730-bfdb-b4e63e770cad,/srv/fim-watch/gen_00311.txt,file_modified,alert_only,high,2026-09-17 23:43:07.567153+00,2026-09-18 00:03:46.553633+00
6b04177c-bc5d-46f4-b5fb-2b6e43bfc7c8,/srv/fim-watch/gen_00311.txt,file_modified,alert_only,high,2026-09-17 23:43:07.666233+00,2026-09-18 00:03:46.567831+00
72593fc9-f9a7-421e-8032-c94916fb373a,/srv/fim-watch/gen_00311.txt,file_modified,alert_only,high,2026-09-17 23:43:07.766594+00,2026-09-18 00:03:46.593505+00
50211e6c-0344-43cf-ae7a-56beabb63aa4,/srv/fim-watch/gen_00311.txt,file_modified,alert_only,high,2026-09-17 23:43:07.866746+00,2026-09-18 00:03:46.607201+00
016fe1e3-b0a0-4c2c-9a21-3feeea1ab09c,/srv/fim-watch/gen_00311.txt,file_modified,alert_only,high,2026-09-17 23:43:07.966353+00,2026-09-18 00:03:46.639172+00
9d82aad7-ac52-4904-bb33-6814549241ae,/srv/fim-watch/gen_00134.txt,file_modified,alert_only,high,2026-09-17 23:43:08.066273+00,2026-09-18 00:03:46.665665+00
5df98ba9-638f-4666-8873-c3b818669d84,/srv/fim-watch/gen_00134.txt,file_modified,alert_only,high,2026-09-17 23:43:08.166195+00,2026-09-18 00:03:46.693952+00
6519af5d-5b5f-44b0-aaa7-b9e273cf7606,/srv/fim-watch/gen_00381.txt,file_modified,alert_only,high,2026-09-17 23:43:08.266508+00,2026-09-18 00:03:46.711951+00
e9bbbbaa-4cec-4c0f-9310-99072ae76b8c,/srv/fim-watch/gen_00366.txt,file_modified,alert_only,high,2026-09-17 23:43:08.366264+00,2026-09-18 00:03:46.731084+00
f7a9a20c-3449-4a0a-aa4a-d3d88303e376,/srv/fim-watch/gen_00252.txt,file_deleted,alert_only,high,2026-09-17 23:43:08.467159+00,2026-09-18 00:03:46.751729+00
5a66536f-7904-4acc-b136-5b0512da0de7,/srv/fim-watch/critico/gen_00382.txt,file_modified,alert_only,critical,2026-09-17 23:43:08.56798+00,2026-09-18 00:03:46.77072+00
acab81e2-c06e-4ca1-b9a0-514864009051,/srv/fim-watch/critico/gen_00382.txt,file_deleted,alert_only,critical,2026-09-17 23:43:08.667462+00,2026-09-18 00:03:46.790419+00
ddf709dc-26e4-4363-9a5b-edc46f338204,/srv/fim-watch/gen_00355.txt,file_modified,alert_only,high,2026-09-17 23:43:08.86772+00,2026-09-18 00:03:46.810294+00
fd5a5d44-c803-4fc1-bbc7-19c6091074e5,/srv/fim-watch/gen_00071.txt,file_deleted,alert_only,high,2026-09-17 23:43:09.067192+00,2026-09-18 00:03:46.831579+00
8b2c4a1e-3df3-47cf-b9db-510f4e92e1d2,/srv/fim-watch/gen_00178.txt,file_deleted,alert_only,high,2026-09-17 23:43:09.167435+00,2026-09-18 00:03:46.853211+00
7868063a-89ff-4cf1-a56f-920788706471,/srv/fim-watch/critico/gen_00351.txt,file_modified,alert_only,critical,2026-09-17 23:43:09.267804+00,2026-09-18 00:03:46.875219+00
df44725b-279c-45a0-afc4-8fb7e7271bc5,/srv/fim-watch/gen_00161.txt,file_deleted,alert_only,high,2026-09-17 23:43:09.3669+00,2026-09-18 00:03:46.894787+00
d5cbd35d-bba0-4d39-928c-df3621f3a6ac,/srv/fim-watch/gen_00294.txt,file_deleted,alert_only,high,2026-09-17 23:43:09.467498+00,2026-09-18 00:04:45.706786+00
75050b90-b6da-4535-87ab-3caa9fb5a97b,/srv/fim-watch/gen_00230.txt,file_modified,alert_only,high,2026-09-17 23:43:09.56726+00,2026-09-18 00:04:45.74606+00
5cb642da-1b78-45a9-bbe8-998ebced0c62,/srv/fim-watch/gen_00385.txt,file_modified,alert_only,high,2026-09-17 23:43:09.666636+00,2026-09-18 00:04:45.776897+00
2312bd6d-a006-4086-944d-7f570486c67e,/srv/fim-watch/gen_00365.txt,file_modified,alert_only,high,2026-09-17 23:43:09.868291+00,2026-09-18 00:04:45.788745+00
5fcb3e81-8d15-4bb7-986e-255528ed3b0d,/srv/fim-watch/gen_00352.txt,file_modified,alert_only,high,2026-09-17 23:43:09.967439+00,2026-09-18 00:04:45.807485+00
87edc173-d096-48e5-9ebd-806e6414f975,/srv/fim-watch/gen_00193.txt,file_modified,alert_only,high,2026-09-17 23:43:10.067835+00,2026-09-18 00:04:45.824436+00
ce5b9e48-91e5-411b-932d-4dd6a3b5b2e0,/srv/fim-watch/gen_00193.txt,file_modified,alert_only,high,2026-09-17 23:43:10.168071+00,2026-09-18 00:04:45.851512+00
9140ef7f-0dd5-4665-aa1d-74c5ef47ff1c,/srv/fim-watch/gen_00231.txt,file_modified,alert_only,high,2026-09-17 23:43:10.267618+00,2026-09-18 00:04:45.858763+00
92c8b1a9-9e7e-439a-8cad-cf1285985824,/srv/fim-watch/gen_00231.txt,file_modified,alert_only,high,2026-09-17 23:43:10.367585+00,2026-09-18 00:04:45.876238+00
654f1680-9f4f-4808-9770-6ed9b66ac1c7,/srv/fim-watch/gen_00387.txt,file_modified,alert_only,high,2026-09-17 23:43:10.467339+00,2026-09-18 00:04:45.893528+00
cfe8cd34-7f32-4a54-bbc6-6868bdb0555b,/srv/fim-watch/gen_00282.txt,file_modified,alert_only,high,2026-09-17 23:43:10.567623+00,2026-09-18 00:04:45.910645+00
5f9cb896-1bd2-480c-b42f-4bcb09dce0c8,/srv/fim-watch/gen_00388.txt,file_modified,alert_only,high,2026-09-17 23:43:10.667653+00,2026-09-18 00:04:45.92829+00
e3fdaa77-5f8d-456a-894f-46be92bc56fe,/srv/fim-watch/gen_00192.txt,file_deleted,alert_only,high,2026-09-17 23:43:10.767243+00,2026-09-18 00:04:45.945407+00
344b9b27-52aa-44d3-bda0-af3f37c47cac,/srv/fim-watch/critico/gen_00351.txt,file_modified,alert_only,critical,2026-09-17 23:43:10.868076+00,2026-09-18 00:04:45.963022+00
97c45b96-69e9-4801-84dc-6d0d3686a91c,/srv/fim-watch/critico/gen_00053.txt,file_modified,alert_only,critical,2026-09-17 23:43:10.967435+00,2026-09-18 00:04:45.98024+00
9d5c6be5-f80a-4829-a8ad-cdd9075f00f2,/srv/fim-watch/gen_00389.txt,file_modified,alert_only,high,2026-09-17 23:43:11.067314+00,2026-09-18 00:04:45.996072+00
fac35124-7a9f-4014-9028-f47bff41301d,/srv/fim-watch/gen_00264.txt,file_modified,alert_only,high,2026-09-17 23:43:11.167594+00,2026-09-18 00:04:46.01233+00
f556cf42-46e3-408b-ad0e-a4308e7e713e,/srv/fim-watch/critico/gen_00053.txt,file_modified,alert_only,critical,2026-09-17 23:43:11.267648+00,2026-09-18 00:04:46.028389+00
50b37d85-59d2-4dd3-9266-bf433b50285d,/srv/fim-watch/gen_00152.txt,file_modified,alert_only,high,2026-09-17 23:43:11.367512+00,2026-09-18 00:04:46.045058+00
74233043-30d4-4262-8257-0a4f082622c9,/srv/fim-watch/gen_00125.txt,file_modified,alert_only,high,2026-09-17 23:43:11.467521+00,2026-09-18 00:04:46.061519+00
c0bb9fe8-029c-40d2-8cf3-fba60ef07b8b,/srv/fim-watch/gen_00235.txt,file_modified,alert_only,high,2026-09-17 23:43:11.56738+00,2026-09-18 00:04:46.07693+00
cac4bdda-e2c2-4d6c-9661-b5dbf81e7da6,/srv/fim-watch/gen_00235.txt,file_modified,alert_only,high,2026-09-17 23:43:11.666712+00,2026-09-18 00:04:46.102599+00
6f6f230e-954a-4a82-8a05-3d143ccb0ec7,/srv/fim-watch/critico/gen_00304.txt,file_modified,alert_only,critical,2026-09-17 23:43:11.767299+00,2026-09-18 00:04:46.109667+00
b8897826-23a1-4535-806f-4ef1fe328925,/srv/fim-watch/gen_00303.txt,file_modified,alert_only,high,2026-09-17 23:43:11.867485+00,2026-09-18 00:04:46.126804+00
3b4cb2df-e0ce-4777-a77e-d454bf1b5dab,/srv/fim-watch/gen_00165.txt,file_modified,alert_only,high,2026-09-17 23:43:11.967451+00,2026-09-18 00:04:46.145253+00
28313fca-16b4-40ff-848b-d665ffc79c3f,/srv/fim-watch/gen_00365.txt,file_modified,alert_only,high,2026-09-17 23:43:12.068139+00,2026-09-18 00:04:46.163987+00
6e32ce84-908e-413e-aaff-c142f06be2a9,/srv/fim-watch/gen_00105.txt,file_modified,alert_only,high,2026-09-17 23:43:12.167731+00,2026-09-18 00:04:46.182612+00
6daaf168-c452-431f-a240-36fabbe55e60,/srv/fim-watch/gen_00386.txt,file_modified,alert_only,high,2026-09-17 23:43:12.267777+00,2026-09-18 00:04:46.200831+00
6cc42d6f-71fd-48e7-94d8-f1d8af375b47,/srv/fim-watch/critico/gen_00390.txt,file_modified,alert_only,critical,2026-09-17 23:43:12.367537+00,2026-09-18 00:04:46.219512+00
4b28de69-c7df-44ed-87fb-d9b8c1c87204,/srv/fim-watch/critico/gen_00390.txt,file_deleted,alert_only,critical,2026-09-17 23:43:12.467502+00,2026-09-18 00:04:46.238964+00
113d2505-6615-424a-b24c-771492c3bcb3,/srv/fim-watch/gen_00179.txt,file_modified,alert_only,high,2026-09-17 23:43:12.567503+00,2026-09-18 00:04:46.256892+00
f8537394-c1fb-4520-be03-c4afad7c491c,/srv/fim-watch/gen_00179.txt,file_modified,alert_only,high,2026-09-17 23:43:12.666544+00,2026-09-18 00:04:46.273938+00
3cf28e25-b153-4c20-adea-5e4b22c6c7cf,/srv/fim-watch/gen_00179.txt,file_modified,alert_only,high,2026-09-17 23:43:12.7673+00,2026-09-18 00:04:46.289709+00
64910faa-0b86-43ce-ba64-cf4982c0d224,/srv/fim-watch/gen_00179.txt,file_modified,alert_only,high,2026-09-17 23:43:12.867253+00,2026-09-18 00:04:46.306827+00
00d6bc5d-7204-450f-ae52-472fc63b27b3,/srv/fim-watch/gen_00179.txt,file_modified,alert_only,high,2026-09-17 23:43:12.967903+00,2026-09-18 00:04:46.323369+00
c39585dd-e040-4b09-8e98-1087b45ba3df,/srv/fim-watch/gen_00230.txt,file_modified,alert_only,high,2026-09-17 23:43:13.067276+00,2026-09-18 00:04:46.339248+00
ada82f88-19b9-4cd3-9720-e69a92f15fbb,/srv/fim-watch/gen_00098.txt,file_modified,alert_only,high,2026-09-17 23:43:13.167658+00,2026-09-18 00:04:46.355488+00
208fa746-71c6-41f2-89e2-6d068610d207,/srv/fim-watch/gen_00166.txt,file_modified,alert_only,high,2026-09-17 23:43:13.267547+00,2026-09-18 00:04:46.372075+00
6c316a42-5545-4e26-a727-22f1ceb8900d,/srv/fim-watch/gen_00166.txt,file_modified,alert_only,high,2026-09-17 23:43:13.36769+00,2026-09-18 00:04:46.390679+00
b11293fe-2aa2-448b-8a7a-1016d3ca6185,/srv/fim-watch/critico/gen_00189.txt,file_modified,alert_only,critical,2026-09-17 23:43:13.467638+00,2026-09-18 00:04:46.407073+00
143a2ba1-ee54-499a-b009-3e502cdb6882,/srv/fim-watch/gen_00264.txt,file_deleted,alert_only,high,2026-09-17 23:43:13.566531+00,2026-09-18 00:04:46.425801+00
f9205171-1c9a-4b40-b19c-6105c5998d36,/srv/fim-watch/critico/gen_00391.txt,file_created,alert_only,critical,2026-09-17 23:43:13.667235+00,2026-09-18 00:04:46.447181+00
e40708dc-312b-4e91-9299-05167ee3a7c3,/srv/fim-watch/critico/gen_00392.txt,file_modified,alert_only,critical,2026-09-17 23:43:13.767116+00,2026-09-18 00:04:46.466209+00
e6a98afd-fae7-4a35-887e-3645c705b9c4,/srv/fim-watch/gen_00260.txt,file_deleted,alert_only,high,2026-09-17 23:43:13.866179+00,2026-09-18 00:04:46.481434+00
d5178f34-2e7e-4ac3-a969-e341288840e0,/srv/fim-watch/gen_00293.txt,file_modified,alert_only,high,2026-09-17 23:43:13.96627+00,2026-09-18 00:04:46.49727+00
a8a426e0-9c16-4014-b79c-754020a09407,/srv/fim-watch/gen_00250.txt,file_modified,alert_only,high,2026-09-17 23:43:14.066257+00,2026-09-18 00:04:46.510469+00
f723b4a1-b359-4371-96a5-5c09c0e237d4,/srv/fim-watch/gen_00166.txt,file_modified,alert_only,high,2026-09-17 23:43:14.166386+00,2026-09-18 00:04:46.524175+00
812f993d-da9a-4579-9c45-a48d01756240,/srv/fim-watch/gen_00179.txt,file_modified,alert_only,high,2026-09-17 23:43:14.267149+00,2026-09-18 00:04:46.54108+00
6c9eda91-ae26-4380-8c65-657c801ac941,/srv/fim-watch/gen_00348.txt,file_deleted,alert_only,high,2026-09-17 23:43:14.367282+00,2026-09-18 00:04:46.555125+00
da39923f-6b30-486f-8d40-41a258f37c44,/srv/fim-watch/gen_00232.txt,file_modified,alert_only,high,2026-09-17 23:43:14.467478+00,2026-09-18 00:04:46.569147+00
4be9f0f1-dd6d-47ac-b414-77df7b6004b2,/srv/fim-watch/gen_00393.txt,file_modified,alert_only,high,2026-09-17 23:43:14.567472+00,2026-09-18 00:04:46.58244+00
a1f9db78-ca10-4df2-bff9-7dea4a037279,/srv/fim-watch/gen_00320.txt,file_modified,alert_only,high,2026-09-17 23:43:14.666896+00,2026-09-18 00:04:46.596337+00
7530d8af-a817-4bce-aba5-4ef0b305ea2c,/srv/fim-watch/critico/gen_00354.txt,file_modified,alert_only,critical,2026-09-17 23:43:14.767626+00,2026-09-18 00:04:46.609342+00
2a350872-3918-49b3-b7d5-8da789f90a5c,/srv/fim-watch/gen_00256.txt,file_modified,alert_only,high,2026-09-17 23:43:14.867621+00,2026-09-18 00:04:46.624833+00
0fa562ce-9e57-46a9-9ead-b9c1645332f6,/srv/fim-watch/gen_00394.txt,file_modified,alert_only,high,2026-09-17 23:43:14.967497+00,2026-09-18 00:04:46.639886+00
1f2b19da-5e96-4a90-893c-faf46f6bc5b7,/srv/fim-watch/critico/gen_00379.txt,file_modified,alert_only,critical,2026-09-17 23:43:15.067405+00,2026-09-18 00:04:46.655052+00
7cabc347-60a4-4b71-a457-d427cce65f6f,/srv/fim-watch/critico/gen_00379.txt,file_modified,alert_only,critical,2026-09-17 23:43:15.167941+00,2026-09-18 00:04:46.669426+00
edd4918d-8d84-49d2-bb90-7e801e39b43c,/srv/fim-watch/critico/gen_00379.txt,file_modified,alert_only,critical,2026-09-17 23:43:15.267565+00,2026-09-18 00:04:46.686316+00
701b7b59-ab15-4155-b51e-8659f06e2f18,/srv/fim-watch/critico/gen_00379.txt,file_modified,alert_only,critical,2026-09-17 23:43:15.367764+00,2026-09-18 00:04:46.701632+00
83e8bea5-2623-46d4-8c01-04bf06b2c096,/srv/fim-watch/critico/gen_00379.txt,file_modified,alert_only,critical,2026-09-17 23:43:15.467439+00,2026-09-18 00:04:46.717468+00
59ec70da-2f4b-4ad0-a293-bb49cc3cf652,/srv/fim-watch/gen_00364.txt,file_modified,alert_only,high,2026-09-17 23:43:15.567264+00,2026-09-18 00:04:46.732593+00
42491452-1529-40fb-85ac-d4af039437bd,/srv/fim-watch/gen_00395.txt,file_modified,alert_only,high,2026-09-17 23:43:15.667373+00,2026-09-18 00:04:46.751486+00
f27b238b-ddab-46a3-ab0d-97234c37e7e9,/srv/fim-watch/gen_00096.txt,file_modified,alert_only,high,2026-09-17 23:43:15.767272+00,2026-09-18 00:04:46.769849+00
0cb30b7e-69c4-4ba7-8a97-6406d59bf008,/srv/fim-watch/gen_00396.txt,file_modified,alert_only,high,2026-09-17 23:43:15.867152+00,2026-09-18 00:04:46.786916+00
807d1615-6190-4303-a704-015e28117258,/srv/fim-watch/critico/gen_00189.txt,file_modified,alert_only,critical,2026-09-17 23:43:15.967379+00,2026-09-18 00:04:46.803778+00
061c773f-a849-4290-8d1b-733aedeed205,/srv/fim-watch/gen_00266.txt,file_modified,alert_only,high,2026-09-17 23:43:16.067659+00,2026-09-18 00:04:46.820589+00
29aa2fd5-cb54-4cd3-86d1-dcef7161226d,/srv/fim-watch/gen_00171.txt,file_modified,alert_only,high,2026-09-17 23:43:16.167587+00,2026-09-18 00:04:46.836779+00
4fd11580-aa9d-426c-b7f1-5ac46af5c91d,/srv/fim-watch/gen_00313.txt,file_modified,alert_only,high,2026-09-17 23:43:16.268002+00,2026-09-18 00:04:46.853042+00
5a537c84-cafb-41f9-b98c-eae17db69205,/srv/fim-watch/gen_00316.txt,file_modified,alert_only,high,2026-09-17 23:43:16.368006+00,2026-09-18 00:04:46.868942+00
fbbf4484-de9e-4960-a0ab-93d4b63b9651,/srv/fim-watch/gen_00316.txt,file_modified,alert_only,high,2026-09-17 23:43:16.467372+00,2026-09-18 00:04:46.885655+00
9893753b-c658-4774-ae05-c2387470f098,/srv/fim-watch/gen_00149.txt,file_modified,alert_only,high,2026-09-17 23:43:16.567464+00,2026-09-18 00:04:46.902635+00
fdc00f02-6f46-4739-ba2e-b47e2df77111,/srv/fim-watch/gen_00397.txt,file_modified,alert_only,high,2026-09-17 23:43:16.66745+00,2026-09-18 00:04:46.929529+00
7c26d2a9-7509-408e-9303-c42cc65aa2a7,/srv/fim-watch/critico/gen_00398.txt,file_modified,alert_only,critical,2026-09-17 23:43:16.766816+00,2026-09-18 00:04:46.937136+00
0e63564e-9ce4-4e38-ac5f-7fa14ca42fed,/srv/fim-watch/critico/gen_00342.txt,file_modified,alert_only,critical,2026-09-17 23:43:16.867809+00,2026-09-18 00:04:46.95305+00
3aa9a9ae-9a1c-4996-ad2a-65fa8d96de46,/srv/fim-watch/gen_00062.txt,file_modified,alert_only,high,2026-09-17 23:43:16.968308+00,2026-09-18 00:04:46.970129+00
48ba496d-597f-4b7b-9a40-aa49b6c8bfd5,/srv/fim-watch/critico/gen_00399.txt,file_modified,alert_only,critical,2026-09-17 23:43:17.06743+00,2026-09-18 00:04:46.986511+00
4cfaee63-caf7-427a-a87c-d67526767a7f,/srv/fim-watch/critico/gen_00399.txt,file_deleted,alert_only,critical,2026-09-17 23:43:17.16744+00,2026-09-18 00:04:47.003276+00
9892de3f-3c9d-48f1-aae8-adae869c7eb8,/srv/fim-watch/gen_00115.txt,file_modified,alert_only,high,2026-09-17 23:43:17.267768+00,2026-09-18 00:04:47.019542+00
4829c1db-c7a2-4c6a-8b22-ed5dd62cf61c,/srv/fim-watch/gen_00171.txt,file_deleted,alert_only,high,2026-09-17 23:43:17.367454+00,2026-09-18 00:04:47.036229+00
69eea2d1-a871-49c7-83f3-55c9fa8c806d,/srv/fim-watch/gen_00136.txt,file_modified,alert_only,high,2026-09-17 23:43:17.466945+00,2026-09-18 00:04:47.053683+00
eb8af180-a42f-46c6-8269-580aa2b5d4d4,/srv/fim-watch/gen_00365.txt,file_modified,alert_only,high,2026-09-17 23:43:17.567603+00,2026-09-18 00:04:47.069498+00
47580d65-e441-4898-9410-9bb60bd29d9e,/srv/fim-watch/gen_00241.txt,file_modified,alert_only,high,2026-09-17 23:43:17.666739+00,2026-09-18 00:04:47.085513+00
ed39dbaf-6892-43de-b41a-1c60465efe3b,/srv/fim-watch/gen_00401.txt,file_modified,alert_only,high,2026-09-17 23:43:17.867017+00,2026-09-18 00:04:47.100417+00
4fb860c1-5c25-4864-9498-0bf79da71681,/srv/fim-watch/gen_00402.txt,file_modified,alert_only,high,2026-09-17 23:43:17.967327+00,2026-09-18 00:04:47.115786+00
fbb80848-a94f-4d86-b885-99df9ec3397d,/srv/fim-watch/gen_00403.txt,file_modified,alert_only,high,2026-09-17 23:43:18.067409+00,2026-09-18 00:04:47.13175+00
9f56710e-e127-44cc-8802-c47fe7b982f1,/srv/fim-watch/critico/gen_00361.txt,file_modified,alert_only,critical,2026-09-17 23:43:18.167351+00,2026-09-18 00:04:47.148335+00
f7e162ea-4244-4025-951e-51d4619aaec1,/srv/fim-watch/gen_00388.txt,file_modified,alert_only,high,2026-09-17 23:43:18.267358+00,2026-09-18 00:04:47.164123+00
5834916f-7e09-487e-b931-b3f22775929f,/srv/fim-watch/critico/gen_00184.txt,file_modified,alert_only,critical,2026-09-17 23:43:18.367996+00,2026-09-18 00:04:47.179513+00
0551bd76-3f25-4c67-85e6-d5756a907bd0,/srv/fim-watch/gen_00404.txt,file_modified,alert_only,high,2026-09-17 23:43:18.467594+00,2026-09-18 00:04:47.195133+00
0df42e10-675e-4af6-8bc8-dc0ebe69f7c7,/srv/fim-watch/gen_00405.txt,file_modified,alert_only,high,2026-09-17 23:43:18.567108+00,2026-09-18 00:04:47.209925+00
8804df87-1eb2-4250-a3ab-594a0eef3c0a,/srv/fim-watch/critico/gen_00333.txt,file_deleted,alert_only,critical,2026-09-17 23:43:18.667338+00,2026-09-18 00:04:47.225353+00
e1000f8f-587e-4955-b23d-29c682903705,/srv/fim-watch/gen_00226.txt,file_modified,alert_only,high,2026-09-17 23:43:18.766962+00,2026-09-18 00:04:47.241182+00
d59982a8-7220-48bc-9e3f-206094573fb9,/srv/fim-watch/gen_00174.txt,file_modified,alert_only,high,2026-09-17 23:43:18.867436+00,2026-09-18 00:04:47.258746+00
250e77cc-5107-4d3f-9ce4-cc23222f4721,/srv/fim-watch/critico/gen_00332.txt,file_modified,alert_only,critical,2026-09-17 23:43:18.967322+00,2026-09-18 00:04:47.274756+00
523ef221-36dc-4227-bb5f-9907a6ed74ae,/srv/fim-watch/gen_00177.txt,file_deleted,alert_only,high,2026-09-17 23:43:19.067344+00,2026-09-18 00:04:47.291317+00
c2fdbfbd-6f0f-4115-9ef6-fb08d2f7679e,/srv/fim-watch/critico/gen_00345.txt,file_modified,alert_only,critical,2026-09-17 23:43:19.167933+00,2026-09-18 00:04:47.306724+00
b598b36d-905f-41ad-9bd6-d4081fd673fb,/srv/fim-watch/critico/gen_00345.txt,file_modified,alert_only,critical,2026-09-17 23:43:19.269018+00,2026-09-18 00:04:47.32376+00
08c2bae0-3ab1-4854-a682-33157a056c07,/srv/fim-watch/critico/gen_00353.txt,file_modified,alert_only,critical,2026-09-17 23:43:19.366231+00,2026-09-18 00:04:47.340406+00
c2a04dc5-ea37-4a7b-bd3d-431e8c0f3866,/srv/fim-watch/critico/gen_00242.txt,file_modified,alert_only,critical,2026-09-17 23:43:19.46648+00,2026-09-18 00:04:47.358153+00
ed77d742-0385-48f1-be1b-93c3c702ba48,/srv/fim-watch/gen_00259.txt,file_modified,alert_only,high,2026-09-17 23:43:19.566438+00,2026-09-18 00:04:47.375719+00
8fed09fd-c92b-45fd-9246-761dc343dfc7,/srv/fim-watch/gen_00096.txt,file_modified,alert_only,high,2026-09-17 23:43:56.867451+00,2026-09-18 00:05:51.954385+00
fe997bd7-a02c-4dca-8e8b-f6be041982bb,/srv/fim-watch/gen_00285.txt,file_modified,alert_only,high,2026-09-17 23:43:56.967572+00,2026-09-18 00:05:51.984797+00
bf2fab4e-9569-4f4f-a0b7-78606fc17bbb,/srv/fim-watch/gen_00285.txt,file_modified,alert_only,high,2026-09-17 23:43:57.067028+00,2026-09-18 00:05:51.993152+00
6d0824d0-84ec-47d9-8cf7-296bb4b490ad,/srv/fim-watch/gen_00285.txt,file_modified,alert_only,high,2026-09-17 23:43:57.167375+00,2026-09-18 00:05:52.012437+00
286c6010-6d11-4f38-be9f-5297f22f8697,/srv/fim-watch/gen_00285.txt,file_modified,alert_only,high,2026-09-17 23:43:57.267582+00,2026-09-18 00:05:52.042903+00
ba61f9e8-526c-4240-b979-8a656fa597b8,/srv/fim-watch/gen_00285.txt,file_modified,alert_only,high,2026-09-17 23:43:57.367499+00,2026-09-18 00:05:52.051164+00
d33aa319-ce62-4083-b0ac-30443be4ebaf,/srv/fim-watch/gen_00400.txt,file_modified,alert_only,high,2026-09-17 23:43:57.467541+00,2026-09-18 00:05:52.072039+00
d8574b67-6881-4672-b731-03ca4af43b0c,/srv/fim-watch/gen_00489.txt,file_modified,alert_only,high,2026-09-17 23:43:57.567199+00,2026-09-18 00:05:52.093592+00
24db3a80-aaa7-40a4-8435-bdd12c395636,/srv/fim-watch/gen_00485.txt,file_modified,alert_only,high,2026-09-17 23:43:57.666725+00,2026-09-18 00:05:52.114357+00
c51ef385-a646-4fcd-985f-a0c215b82111,/srv/fim-watch/gen_00458.txt,file_modified,alert_only,high,2026-09-17 23:43:57.767358+00,2026-09-18 00:05:52.136596+00
f8b6fff5-b487-4bb0-8dd2-303f4dcf4b5b,/srv/fim-watch/critico/gen_00490.txt,file_modified,alert_only,critical,2026-09-17 23:43:57.866774+00,2026-09-18 00:05:52.161442+00
e793ff36-3ded-4a55-8527-041e972e8cff,/srv/fim-watch/critico/gen_00191.txt,file_modified,alert_only,critical,2026-09-17 23:43:57.966877+00,2026-09-18 00:05:52.189569+00
7248ba4d-efd7-454c-a8d6-387d480542ea,/srv/fim-watch/critico/gen_00189.txt,file_modified,alert_only,critical,2026-09-17 23:43:58.067521+00,2026-09-18 00:05:52.212253+00
1969094f-a963-4cc5-ad2e-bb59389084bf,/srv/fim-watch/gen_00436.txt,file_modified,alert_only,high,2026-09-17 23:43:58.167961+00,2026-09-18 00:05:52.237324+00
028a8acc-dd54-4a54-92a5-95aa95ab1548,/srv/fim-watch/gen_00491.txt,file_modified,alert_only,high,2026-09-17 23:43:58.367126+00,2026-09-18 00:05:52.260959+00
fdb6c326-e76a-45ce-90ed-eb8e12c63b53,/srv/fim-watch/gen_00163.txt,file_modified,alert_only,high,2026-09-17 23:43:58.467017+00,2026-09-18 00:05:52.288447+00
adf31b87-a715-440f-a70c-2e590c2fa9ef,/srv/fim-watch/gen_00436.txt,file_modified,alert_only,high,2026-09-17 23:43:58.567538+00,2026-09-18 00:05:52.309764+00
a265d8de-f85a-49e7-8324-527172e9cced,/srv/fim-watch/gen_00479.txt,file_modified,alert_only,high,2026-09-17 23:43:58.66755+00,2026-09-18 00:05:52.330603+00
5047f16c-4f14-4544-a0ff-035b44ad6df1,/srv/fim-watch/gen_00479.txt,file_modified,alert_only,high,2026-09-17 23:43:58.7672+00,2026-09-18 00:05:52.36537+00
a9f5b0d4-f2c3-4d94-ac61-c5130cfffa5f,/srv/fim-watch/gen_00042.txt,file_modified,alert_only,high,2026-09-17 23:43:58.867103+00,2026-09-18 00:05:52.374343+00
452bf7f7-f4a5-49fd-8d51-589c6ef6a5cf,/srv/fim-watch/gen_00157.txt,file_deleted,alert_only,high,2026-09-17 23:43:58.967284+00,2026-09-18 00:05:52.39429+00
2132a6b2-850c-42e7-9dce-747ce619820f,/srv/fim-watch/gen_00492.txt,file_modified,alert_only,high,2026-09-17 23:43:59.067422+00,2026-09-18 00:05:52.412403+00
01ec3f11-d81e-4369-81b5-4038eaa7e1ae,/srv/fim-watch/gen_00282.txt,file_deleted,alert_only,high,2026-09-17 23:43:59.16722+00,2026-09-18 00:05:52.434165+00
14e8f613-3f8e-4722-9dbe-1eb2128e7e4a,/srv/fim-watch/gen_00439.txt,file_modified,alert_only,high,2026-09-17 23:43:59.267342+00,2026-09-18 00:05:52.453868+00
37383f04-aa10-4d92-983c-a3aab18b7842,/srv/fim-watch/gen_00325.txt,file_modified,alert_only,high,2026-09-17 23:43:59.367344+00,2026-09-18 00:05:52.475333+00
148a7ba9-6146-47a5-b74e-c926be6f7182,/srv/fim-watch/gen_00325.txt,file_modified,alert_only,high,2026-09-17 23:43:59.467314+00,2026-09-18 00:05:52.495698+00
26056927-43a9-4f2b-b0a0-41788f995272,/srv/fim-watch/gen_00493.txt,file_modified,alert_only,high,2026-09-17 23:43:59.567818+00,2026-09-18 00:05:52.515531+00
e60160ac-2568-4bd0-ac1d-e9acd3530724,/srv/fim-watch/critico/gen_00461.txt,file_deleted,alert_only,critical,2026-09-17 23:43:59.667522+00,2026-09-18 00:05:52.537694+00
fe48af67-9f2b-44e1-8c2d-45478f960afb,/srv/fim-watch/critico/gen_00061.txt,file_modified,alert_only,critical,2026-09-17 23:43:59.767432+00,2026-09-18 00:05:52.558611+00
5a4b7aa0-2096-43b7-8d1d-9e92051429a5,/srv/fim-watch/critico/gen_00061.txt,file_modified,alert_only,critical,2026-09-17 23:43:59.866626+00,2026-09-18 00:05:52.580577+00
27d097b2-a050-4221-b501-56d97d8a2978,/srv/fim-watch/gen_00494.txt,file_modified,alert_only,high,2026-09-17 23:43:59.96726+00,2026-09-18 00:05:52.601979+00
0b580e70-8ffd-43ba-bcb2-651c08291206,/srv/fim-watch/gen_00477.txt,file_modified,alert_only,high,2026-09-17 23:44:00.067223+00,2026-09-18 00:05:52.62294+00
ff39751e-62d8-4149-81fa-e6ddeb27432d,/srv/fim-watch/gen_00477.txt,file_modified,alert_only,high,2026-09-17 23:44:00.167688+00,2026-09-18 00:05:52.640737+00
682fcd88-9483-4862-864f-62e03a159144,/srv/fim-watch/critico/gen_00408.txt,file_deleted,alert_only,critical,2026-09-17 23:44:00.267063+00,2026-09-18 00:05:52.659747+00
d9b3655f-cfee-47e3-a9d1-96fccde27f88,/srv/fim-watch/gen_00395.txt,file_modified,alert_only,high,2026-09-17 23:44:00.367172+00,2026-09-18 00:05:52.678385+00
004ef629-7d94-4888-a03d-e6b9eb9f4fb0,/srv/fim-watch/critico/gen_00153.txt,file_modified,alert_only,critical,2026-09-17 23:44:00.467345+00,2026-09-18 00:05:52.697417+00
a6a09328-481e-435c-881a-c35e873ba93d,/srv/fim-watch/critico/gen_00322.txt,file_modified,alert_only,critical,2026-09-17 23:44:00.567529+00,2026-09-18 00:05:52.718003+00
38ebdc8f-7b10-4d74-9124-25997011c527,/srv/fim-watch/gen_00416.txt,file_modified,alert_only,high,2026-09-17 23:44:00.667433+00,2026-09-18 00:05:52.739407+00
fbd56e03-7169-4f19-a19e-d0a2893aa309,/srv/fim-watch/gen_00219.txt,file_modified,alert_only,high,2026-09-17 23:44:00.767367+00,2026-09-18 00:05:52.759641+00
47b20846-95b7-48cb-9239-85553439e83d,/srv/fim-watch/gen_00219.txt,file_modified,alert_only,high,2026-09-17 23:44:00.867568+00,2026-09-18 00:05:52.780262+00
9ea42d25-2c9e-4311-a846-ca518b36d16f,/srv/fim-watch/gen_00050.txt,file_modified,alert_only,high,2026-09-17 23:44:00.96792+00,2026-09-18 00:05:52.800327+00
115c5228-59e7-4b31-8c2b-7f23edb56605,/srv/fim-watch/gen_00098.txt,file_modified,alert_only,high,2026-09-17 23:44:01.067265+00,2026-09-18 00:05:52.818848+00
c5b756be-f351-4c22-aa5b-a43b2ce4061d,/srv/fim-watch/gen_00325.txt,file_modified,alert_only,high,2026-09-17 23:44:01.167376+00,2026-09-18 00:05:52.836189+00
fbe16ae3-d572-4ea4-8e67-44d23890ac3e,/srv/fim-watch/critico/gen_00415.txt,file_modified,alert_only,critical,2026-09-17 23:44:01.266668+00,2026-09-18 00:05:52.854842+00
043a0adb-9760-4161-a154-b72dc180c380,/srv/fim-watch/gen_00496.txt,file_created,alert_only,high,2026-09-17 23:44:01.466303+00,2026-09-18 00:05:52.873376+00
9b0fea6f-9ea6-41de-857e-56df36f4a488,/srv/fim-watch/gen_00496.txt,file_deleted,alert_only,high,2026-09-17 23:44:01.566759+00,2026-09-18 00:05:52.891582+00
add1a1c8-8725-45fd-8b4a-966a297db202,/srv/fim-watch/gen_00311.txt,file_modified,alert_only,high,2026-09-17 23:44:01.66616+00,2026-09-18 00:05:52.910227+00
99c146cb-54e1-4ac8-b433-2fd856dd8ebc,/srv/fim-watch/gen_00166.txt,file_modified,alert_only,high,2026-09-17 23:44:01.766408+00,2026-09-18 00:05:52.93052+00
17b57df8-590f-41f5-ab87-ea2d43f32637,/srv/fim-watch/gen_00425.txt,file_modified,alert_only,high,2026-09-17 23:44:01.866746+00,2026-09-18 00:05:52.95061+00
032af61c-c04e-4c56-9570-94081524431d,/srv/fim-watch/gen_00497.txt,file_modified,alert_only,high,2026-09-17 23:44:01.967202+00,2026-09-18 00:05:52.970581+00
15b93986-863a-4ba3-bb73-78b2c5fa65fd,/srv/fim-watch/gen_00128.txt,file_modified,alert_only,high,2026-09-17 23:44:02.066926+00,2026-09-18 00:05:52.9956+00
0bad3d36-e3dd-4fe0-8ff9-8a69586c84ad,/srv/fim-watch/gen_00375.txt,file_deleted,alert_only,high,2026-09-17 23:44:02.167068+00,2026-09-18 00:05:53.013592+00
acf6ddde-9e53-4136-9d6e-3f827ce30c4d,/srv/fim-watch/gen_00498.txt,file_modified,alert_only,high,2026-09-17 23:44:02.26688+00,2026-09-18 00:05:53.035932+00
257f6ddc-3c32-4bb5-8a72-20a379161bc4,/srv/fim-watch/gen_00468.txt,file_modified,alert_only,high,2026-09-17 23:44:02.36725+00,2026-09-18 00:05:53.057902+00
02d4ea47-5c4c-4264-9cfa-ac048d6cf02e,/srv/fim-watch/gen_00499.txt,file_modified,alert_only,high,2026-09-17 23:44:02.467352+00,2026-09-18 00:05:53.079944+00
9120f186-9b46-4b32-b94c-fbc162569255,/srv/fim-watch/gen_00410.txt,file_modified,alert_only,high,2026-09-17 23:44:02.567601+00,2026-09-18 00:05:53.100215+00
971e48d8-90d1-499b-8495-5b0130a1d324,/srv/fim-watch/gen_00410.txt,file_modified,alert_only,high,2026-09-17 23:44:02.667317+00,2026-09-18 00:05:53.120089+00
9b9f6a0d-285a-4243-9504-efb22d535d46,/srv/fim-watch/gen_00355.txt,file_modified,alert_only,high,2026-09-17 23:44:02.767052+00,2026-09-18 00:05:53.140495+00
d447965f-d488-45a4-b442-615d0cb2bf87,/srv/fim-watch/gen_00355.txt,file_modified,alert_only,high,2026-09-17 23:44:02.867216+00,2026-09-18 00:05:53.161469+00
e9079108-fcf8-4e0f-b222-12fb700c6190,/srv/fim-watch/gen_00478.txt,file_modified,alert_only,high,2026-09-17 23:44:02.967553+00,2026-09-18 00:05:53.180361+00
c9bfc1dc-b4c7-4f93-b1c7-30777cacd1e7,/srv/fim-watch/gen_00291.txt,file_modified,alert_only,high,2026-09-17 23:44:03.067145+00,2026-09-18 00:05:53.197836+00
168f9c54-b7a7-494e-8d98-20edbc5b8a91,/srv/fim-watch/gen_00500.txt,file_modified,alert_only,high,2026-09-17 23:44:03.167182+00,2026-09-18 00:05:53.21619+00
26a2c49e-5dab-4a2c-abca-4c04eee1b91e,/srv/fim-watch/gen_00501.txt,file_modified,alert_only,high,2026-09-17 23:44:03.267067+00,2026-09-18 00:05:53.233575+00
f5911553-3603-4a3c-acc2-2c10bd17c000,/srv/fim-watch/critico/gen_00502.txt,file_modified,alert_only,critical,2026-09-17 23:44:03.366896+00,2026-09-18 00:05:53.252286+00
4057cc2e-67d9-4286-9f91-608d049dca13,/srv/fim-watch/critico/gen_00488.txt,file_modified,alert_only,critical,2026-09-17 23:44:03.466684+00,2026-09-18 00:05:53.270736+00
87e690f4-1e05-42d8-a8d6-709422905c11,/srv/fim-watch/critico/gen_00488.txt,file_modified,alert_only,critical,2026-09-17 23:44:03.567541+00,2026-09-18 00:05:53.292293+00
1874ec78-3358-4c06-b358-a3cddb02abe0,/srv/fim-watch/gen_00474.txt,file_modified,alert_only,high,2026-09-17 23:44:03.667457+00,2026-09-18 00:05:53.313488+00
f9e71d0e-1bfa-4dc1-aa89-312d3276e897,/srv/fim-watch/gen_00320.txt,file_modified,alert_only,high,2026-09-17 23:44:03.767252+00,2026-09-18 00:05:53.335139+00
a7285bfe-8892-4ebb-a5d9-14942370c970,/srv/fim-watch/gen_00329.txt,file_modified,alert_only,high,2026-09-17 23:44:03.866534+00,2026-09-18 00:05:53.373132+00
ea666a7a-6baf-41b1-a3e3-d40a0d40f667,/srv/fim-watch/gen_00436.txt,file_modified,alert_only,high,2026-09-17 23:44:03.967417+00,2026-09-18 00:05:53.38159+00
4a730460-1a02-4d4c-be89-1fe824466674,/srv/fim-watch/gen_00384.txt,file_modified,alert_only,high,2026-09-17 23:44:04.067264+00,2026-09-18 00:05:53.401745+00
baac6716-a92d-4808-b441-5a99c8b792a6,/srv/fim-watch/gen_00384.txt,file_modified,alert_only,high,2026-09-17 23:44:04.16703+00,2026-09-18 00:05:53.425837+00
61543013-579a-4b77-813d-8b3eaac41979,/srv/fim-watch/critico/gen_00280.txt,file_modified,alert_only,critical,2026-09-17 23:44:04.267637+00,2026-09-18 00:05:53.448269+00
23f89b27-8579-4495-b785-77c9821e74cb,/srv/fim-watch/gen_00459.txt,file_modified,alert_only,high,2026-09-17 23:44:04.467458+00,2026-09-18 00:05:53.468389+00
f2b5cde7-2168-4c18-8597-9686ad07f6f0,/srv/fim-watch/gen_00430.txt,file_modified,alert_only,high,2026-09-17 23:44:04.56768+00,2026-09-18 00:05:53.488061+00
799435dd-061e-4be0-95e0-96a197be1dea,/srv/fim-watch/gen_00384.txt,file_modified,alert_only,high,2026-09-17 23:44:04.668227+00,2026-09-18 00:05:53.50627+00
70044a1f-7473-4db0-aad1-428f1887ca27,/srv/fim-watch/critico/gen_00437.txt,file_modified,alert_only,critical,2026-09-17 23:44:04.767164+00,2026-09-18 00:05:53.523706+00
6bc0b6ce-146f-4ef4-ab7b-10d2e95c53e6,/srv/fim-watch/gen_00325.txt,file_modified,alert_only,high,2026-09-17 23:44:04.867616+00,2026-09-18 00:05:53.544212+00
466cd54c-caf4-4c81-b372-e23ca2144991,/srv/fim-watch/gen_00460.txt,file_modified,alert_only,high,2026-09-17 23:44:04.967418+00,2026-09-18 00:05:53.568166+00
99902538-d5c6-4d82-aec5-eec1c77836d9,/srv/fim-watch/gen_00387.txt,file_modified,alert_only,high,2026-09-17 23:44:05.067458+00,2026-09-18 00:05:53.589578+00
22a32a70-76d2-498c-851c-c44302a67bc0,/srv/fim-watch/gen_00504.txt,file_modified,alert_only,high,2026-09-17 23:44:05.167947+00,2026-09-18 00:05:53.616643+00
2fd2119a-cccc-49fa-b356-477284c23551,/srv/fim-watch/gen_00434.txt,file_modified,alert_only,high,2026-09-17 23:44:05.268033+00,2026-09-18 00:05:53.643804+00
c09ffd17-4b60-497e-b56f-7214b2ce1bb5,/srv/fim-watch/gen_00505.txt,file_modified,alert_only,high,2026-09-17 23:44:05.366568+00,2026-09-18 00:05:53.664559+00
17174949-ed60-4888-9857-99b595376169,/srv/fim-watch/critico/gen_00428.txt,file_modified,alert_only,critical,2026-09-17 23:44:05.467985+00,2026-09-18 00:05:53.681615+00
d78e5c70-1e6e-4dea-8d96-1f311e483cfe,/srv/fim-watch/gen_00317.txt,file_deleted,alert_only,high,2026-09-17 23:44:05.568066+00,2026-09-18 00:05:53.699515+00
ac827d67-26e3-4932-90ff-b43f4df53148,/srv/fim-watch/gen_00368.txt,file_deleted,alert_only,high,2026-09-17 23:44:05.667585+00,2026-09-18 00:05:53.717429+00
da9c4125-798e-4d3c-b4e9-493ff199a25b,/srv/fim-watch/critico/gen_00506.txt,file_modified,alert_only,critical,2026-09-17 23:44:05.767579+00,2026-09-18 00:05:53.736089+00
705e456c-5c4a-48a7-96e8-69689a5a818d,/srv/fim-watch/critico/gen_00506.txt,file_deleted,alert_only,critical,2026-09-17 23:44:05.867409+00,2026-09-18 00:05:53.755558+00
7f22cd05-9495-43e4-b4ab-cae4cce55e37,/srv/fim-watch/critico/gen_00444.txt,file_modified,alert_only,critical,2026-09-17 23:44:05.968221+00,2026-09-18 00:05:53.774365+00
de981722-c006-41b0-bd81-e4c9ff761d1f,/srv/fim-watch/gen_00507.txt,file_modified,alert_only,high,2026-09-17 23:44:06.167692+00,2026-09-18 00:05:53.792698+00
257cf497-b17e-4f49-9d12-2e0a512321f0,/srv/fim-watch/gen_00400.txt,file_modified,alert_only,high,2026-09-17 23:44:06.26661+00,2026-09-18 00:05:53.809702+00
e1552a90-3826-4e08-856a-ae6a49c68859,/srv/fim-watch/gen_00299.txt,file_modified,alert_only,high,2026-09-17 23:44:06.367558+00,2026-09-18 00:05:53.825205+00
ed2688f8-0431-4c07-80b5-1cb1115e4fc2,/srv/fim-watch/gen_00299.txt,file_modified,alert_only,high,2026-09-17 23:44:06.467417+00,2026-09-18 00:05:53.843303+00
3ff5d579-fb4b-44a2-b0b9-7e2efd98820a,/srv/fim-watch/gen_00249.txt,file_modified,alert_only,high,2026-09-17 23:44:06.568045+00,2026-09-18 00:05:53.859348+00
23572ef0-b65d-46e5-95c8-118479de0397,/srv/fim-watch/gen_00439.txt,file_modified,alert_only,high,2026-09-17 23:44:06.668346+00,2026-09-18 00:05:53.875937+00
2f2d5de9-5320-4dd9-8223-2f34b2b97b88,/srv/fim-watch/critico/gen_00272.txt,file_modified,alert_only,critical,2026-09-17 23:44:06.767683+00,2026-09-18 00:05:53.892766+00
cdd727c0-adb1-4261-8e03-42fffbb6a86a,/srv/fim-watch/gen_00188.txt,file_modified,alert_only,high,2026-09-17 23:44:06.867896+00,2026-09-18 00:05:53.914204+00
da9a3863-e416-4597-a99e-19b170172738,/srv/fim-watch/gen_00487.txt,file_modified,alert_only,high,2026-09-17 23:44:06.967495+00,2026-09-18 00:05:53.93229+00
a20033b3-2664-4860-9092-baea47143a6a,/srv/fim-watch/critico/gen_00369.txt,file_modified,alert_only,critical,2026-09-17 23:44:07.067226+00,2026-09-18 00:05:53.951678+00
2e9d2736-8cf8-4b4e-970f-9cd26b866431,/srv/fim-watch/critico/gen_00156.txt,file_modified,alert_only,critical,2026-09-17 23:44:07.166929+00,2026-09-18 00:05:53.970402+00
