========================================================================
generador_carga.py — arranque 2026-09-18T00:07:55.036903+00:00
========================================================================
  generador                    = scripts/generador_carga.py
  seed                         = 20260917
  rate_eventos_por_segundo     = 10.0
  count                        = 3000
  mix                          = {'creacion': 0.2, 'modificacion': 0.7, 'borrado': 0.1}
  revert_frac                  = 0.2
  burst_frac                   = 0.2
  burst_size                   = 5
  ephemeral_frac               = 0.2
  critical_subdir              = critico
  critical_frac                = 0.2
  file_size_bytes              = 64
  prefix                       = gen
  dir_host                     = /srv/fim-watch
  agent_prefix                 = /srv/fim-watch
  intervalo_s                  = 0.1
  duracion_estimada_s          = 299.90000000000003
  manifiesto                   = /srv/evidencia/bateria5_experimental_manifiesto.json
  log                          = /srv/evidencia/bateria5_experimental_generador.log
  dry_run                      = False
  python                       = 3.13.15
  host                         = fim-host
  plan.creaciones              = 600
  plan.modificaciones          = 2100
  plan.borrados                = 300
  plan.grupos_efimeros         = 60
  plan.pares_revertidos        = 210
  plan.rafagas                 = 84
  plan.tamano_rafaga           = 5
  plan.operaciones_planificadas = 3000
  plan.archivos_distintos      = 600
========================================================================
inicio_utc = 2026-09-18T00:07:55.041102+00:00
 [00001/3000] create simple     /srv/fim-watch/gen_00001.txt ts=2026-09-18T00:07:55.041263+00:00
 [00002/3000] modify simple     /srv/fim-watch/gen_00001.txt ts=2026-09-18T00:07:55.142094+00:00
 [00003/3000] modify revertido  /srv/fim-watch/gen_00001.txt ts=2026-09-18T00:07:55.241776+00:00
 [00004/3000] modify revertido  /srv/fim-watch/gen_00001.txt ts=2026-09-18T00:07:55.341541+00:00
 [00005/3000] modify simple     /srv/fim-watch/gen_00001.txt ts=2026-09-18T00:07:55.442006+00:00
 [00006/3000] create simple     /srv/fim-watch/gen_00002.txt ts=2026-09-18T00:07:55.541699+00:00
 [00007/3000] create simple     /srv/fim-watch/critico/gen_00003.txt ts=2026-09-18T00:07:55.641686+00:00
 [00008/3000] delete simple     /srv/fim-watch/gen_00001.txt ts=2026-09-18T00:07:55.741654+00:00
 [00009/3000] create simple     /srv/fim-watch/gen_00004.txt ts=2026-09-18T00:07:55.841655+00:00
 [00010/3000] modify simple     /srv/fim-watch/critico/gen_00003.txt ts=2026-09-18T00:07:55.941800+00:00
 [00011/3000] modify simple     /srv/fim-watch/critico/gen_00003.txt ts=2026-09-18T00:07:56.042116+00:00
 [00012/3000] modify simple     /srv/fim-watch/gen_00004.txt ts=2026-09-18T00:07:56.142282+00:00
 [00013/3000] modify simple     /srv/fim-watch/gen_00002.txt ts=2026-09-18T00:07:56.242104+00:00
 [00014/3000] modify simple     /srv/fim-watch/critico/gen_00003.txt ts=2026-09-18T00:07:56.341792+00:00
 [00015/3000] create simple     /srv/fim-watch/gen_00005.txt ts=2026-09-18T00:07:56.441703+00:00
 [00016/3000] delete simple     /srv/fim-watch/gen_00005.txt ts=2026-09-18T00:07:56.541821+00:00
 [00017/3000] create simple     /srv/fim-watch/gen_00006.txt ts=2026-09-18T00:07:56.641738+00:00
 [00018/3000] create simple     /srv/fim-watch/gen_00007.txt ts=2026-09-18T00:07:56.741826+00:00
 [00019/3000] modify simple     /srv/fim-watch/gen_00004.txt ts=2026-09-18T00:07:56.841913+00:00
 [00020/3000] modify revertido  /srv/fim-watch/critico/gen_00003.txt ts=2026-09-18T00:07:56.941751+00:00
 [00021/3000] modify revertido  /srv/fim-watch/critico/gen_00003.txt ts=2026-09-18T00:07:57.042265+00:00
 [00022/3000] modify simple     /srv/fim-watch/critico/gen_00003.txt ts=2026-09-18T00:07:57.142265+00:00
 [00023/3000] modify simple     /srv/fim-watch/gen_00006.txt ts=2026-09-18T00:07:57.241783+00:00
 [00024/3000] delete simple     /srv/fim-watch/critico/gen_00003.txt ts=2026-09-18T00:07:57.341643+00:00
 [00025/3000] modify simple     /srv/fim-watch/gen_00006.txt ts=2026-09-18T00:07:57.442064+00:00
 [00026/3000] create simple     /srv/fim-watch/gen_00008.txt ts=2026-09-18T00:07:57.541660+00:00
 [00027/3000] modify simple     /srv/fim-watch/gen_00007.txt ts=2026-09-18T00:07:57.641702+00:00
 [00028/3000] modify simple     /srv/fim-watch/gen_00007.txt ts=2026-09-18T00:07:57.742277+00:00
 [00029/3000] modify simple     /srv/fim-watch/gen_00002.txt ts=2026-09-18T00:07:57.841790+00:00
 [00030/3000] create efimero    /srv/fim-watch/gen_00009.txt ts=2026-09-18T00:07:57.941926+00:00
 [00031/3000] delete efimero    /srv/fim-watch/gen_00009.txt ts=2026-09-18T00:07:58.042066+00:00
 [00032/3000] modify simple     /srv/fim-watch/gen_00006.txt ts=2026-09-18T00:07:58.141676+00:00
 [00033/3000] modify simple     /srv/fim-watch/gen_00007.txt ts=2026-09-18T00:07:58.242169+00:00
 [00034/3000] delete simple     /srv/fim-watch/gen_00002.txt ts=2026-09-18T00:07:58.341657+00:00
 [00035/3000] create simple     /srv/fim-watch/gen_00010.txt ts=2026-09-18T00:07:58.441668+00:00
 [00036/3000] modify simple     /srv/fim-watch/gen_00010.txt ts=2026-09-18T00:07:58.541913+00:00
 [00037/3000] modify colapsado  /srv/fim-watch/gen_00004.txt ts=2026-09-18T00:07:58.641806+00:00
 [00038/3000] modify colapsado  /srv/fim-watch/gen_00004.txt ts=2026-09-18T00:07:58.742247+00:00
 [00039/3000] modify colapsado  /srv/fim-watch/gen_00004.txt ts=2026-09-18T00:07:58.841800+00:00
 [00040/3000] modify colapsado  /srv/fim-watch/gen_00004.txt ts=2026-09-18T00:07:58.941723+00:00
 [00041/3000] modify colapsado  /srv/fim-watch/gen_00004.txt ts=2026-09-18T00:07:59.042244+00:00
 [00042/3000] modify simple     /srv/fim-watch/gen_00004.txt ts=2026-09-18T00:07:59.141766+00:00
 [00043/3000] modify revertido  /srv/fim-watch/gen_00004.txt ts=2026-09-18T00:07:59.242082+00:00
 [00044/3000] modify revertido  /srv/fim-watch/gen_00004.txt ts=2026-09-18T00:07:59.342052+00:00
 [00045/3000] modify simple     /srv/fim-watch/gen_00004.txt ts=2026-09-18T00:07:59.441998+00:00
 [00046/3000] modify simple     /srv/fim-watch/gen_00004.txt ts=2026-09-18T00:07:59.542197+00:00
 [00047/3000] modify simple     /srv/fim-watch/gen_00004.txt ts=2026-09-18T00:07:59.641999+00:00
 [00048/3000] create simple     /srv/fim-watch/gen_00011.txt ts=2026-09-18T00:07:59.742125+00:00
 [00049/3000] create simple     /srv/fim-watch/gen_00012.txt ts=2026-09-18T00:07:59.842276+00:00
 [00050/3000] modify colapsado  /srv/fim-watch/gen_00007.txt ts=2026-09-18T00:07:59.942321+00:00
 [00051/3000] modify colapsado  /srv/fim-watch/gen_00007.txt ts=2026-09-18T00:08:00.041790+00:00
 [00052/3000] modify colapsado  /srv/fim-watch/gen_00007.txt ts=2026-09-18T00:08:00.142053+00:00
 [00053/3000] modify colapsado  /srv/fim-watch/gen_00007.txt ts=2026-09-18T00:08:00.241740+00:00
 [00054/3000] modify colapsado  /srv/fim-watch/gen_00007.txt ts=2026-09-18T00:08:00.341783+00:00
 [00055/3000] modify simple     /srv/fim-watch/gen_00010.txt ts=2026-09-18T00:08:00.441606+00:00
 [00056/3000] delete simple     /srv/fim-watch/gen_00007.txt ts=2026-09-18T00:08:00.542010+00:00
 [00057/3000] delete simple     /srv/fim-watch/gen_00012.txt ts=2026-09-18T00:08:00.641747+00:00
 [00058/3000] create simple     /srv/fim-watch/gen_00013.txt ts=2026-09-18T00:08:00.742122+00:00
 [00059/3000] modify revertido  /srv/fim-watch/gen_00013.txt ts=2026-09-18T00:08:00.842052+00:00
 [00060/3000] modify revertido  /srv/fim-watch/gen_00013.txt ts=2026-09-18T00:08:00.942257+00:00
 [00061/3000] modify simple     /srv/fim-watch/gen_00010.txt ts=2026-09-18T00:08:01.041773+00:00
 [00062/3000] modify simple     /srv/fim-watch/gen_00011.txt ts=2026-09-18T00:08:01.141762+00:00
 [00063/3000] create simple     /srv/fim-watch/gen_00014.txt ts=2026-09-18T00:08:01.241803+00:00
 [00064/3000] modify simple     /srv/fim-watch/gen_00011.txt ts=2026-09-18T00:08:01.341792+00:00
 [00065/3000] modify simple     /srv/fim-watch/gen_00006.txt ts=2026-09-18T00:08:01.441761+00:00
 [00066/3000] modify simple     /srv/fim-watch/gen_00008.txt ts=2026-09-18T00:08:01.541790+00:00
 [00067/3000] modify simple     /srv/fim-watch/gen_00011.txt ts=2026-09-18T00:08:01.641787+00:00
 [00068/3000] modify simple     /srv/fim-watch/gen_00011.txt ts=2026-09-18T00:08:01.742228+00:00
 [00069/3000] modify revertido  /srv/fim-watch/gen_00004.txt ts=2026-09-18T00:08:01.842107+00:00
 [00070/3000] modify revertido  /srv/fim-watch/gen_00004.txt ts=2026-09-18T00:08:01.941897+00:00
 [00071/3000] modify simple     /srv/fim-watch/gen_00010.txt ts=2026-09-18T00:08:02.042166+00:00
 [00072/3000] modify simple     /srv/fim-watch/gen_00013.txt ts=2026-09-18T00:08:02.142277+00:00
 [00073/3000] modify simple     /srv/fim-watch/gen_00013.txt ts=2026-09-18T00:08:02.241834+00:00
 [00074/3000] create simple     /srv/fim-watch/gen_00015.txt ts=2026-09-18T00:08:02.341663+00:00
 [00075/3000] create simple     /srv/fim-watch/gen_00016.txt ts=2026-09-18T00:08:02.441662+00:00
 [00076/3000] modify revertido  /srv/fim-watch/gen_00014.txt ts=2026-09-18T00:08:02.542077+00:00
 [00077/3000] modify revertido  /srv/fim-watch/gen_00014.txt ts=2026-09-18T00:08:02.641654+00:00
 [00078/3000] modify simple     /srv/fim-watch/gen_00014.txt ts=2026-09-18T00:08:02.742267+00:00
 [00079/3000] modify simple     /srv/fim-watch/gen_00004.txt ts=2026-09-18T00:08:02.841624+00:00
 [00080/3000] delete simple     /srv/fim-watch/gen_00004.txt ts=2026-09-18T00:08:02.942085+00:00
 [00081/3000] delete simple     /srv/fim-watch/gen_00014.txt ts=2026-09-18T00:08:03.041658+00:00
 [00082/3000] modify simple     /srv/fim-watch/gen_00016.txt ts=2026-09-18T00:08:03.142118+00:00
 [00083/3000] modify simple     /srv/fim-watch/gen_00015.txt ts=2026-09-18T00:08:03.241731+00:00
 [00084/3000] modify simple     /srv/fim-watch/gen_00015.txt ts=2026-09-18T00:08:03.342268+00:00
 [00085/3000] create efimero    /srv/fim-watch/gen_00017.txt ts=2026-09-18T00:08:03.442133+00:00
 [00086/3000] delete efimero    /srv/fim-watch/gen_00017.txt ts=2026-09-18T00:08:03.541827+00:00
 [00087/3000] modify revertido  /srv/fim-watch/gen_00006.txt ts=2026-09-18T00:08:03.642196+00:00
 [00088/3000] modify revertido  /srv/fim-watch/gen_00006.txt ts=2026-09-18T00:08:03.742107+00:00
 [00089/3000] modify simple     /srv/fim-watch/gen_00015.txt ts=2026-09-18T00:08:03.841807+00:00
 [00090/3000] modify revertido  /srv/fim-watch/gen_00016.txt ts=2026-09-18T00:08:03.942054+00:00
 [00091/3000] modify revertido  /srv/fim-watch/gen_00016.txt ts=2026-09-18T00:08:04.041773+00:00
 [00092/3000] create simple     /srv/fim-watch/gen_00018.txt ts=2026-09-18T00:08:04.141665+00:00
 [00093/3000] modify colapsado  /srv/fim-watch/gen_00008.txt ts=2026-09-18T00:08:04.241832+00:00
 [00094/3000] modify colapsado  /srv/fim-watch/gen_00008.txt ts=2026-09-18T00:08:04.341786+00:00
 [00095/3000] modify colapsado  /srv/fim-watch/gen_00008.txt ts=2026-09-18T00:08:04.442275+00:00
 [00096/3000] modify colapsado  /srv/fim-watch/gen_00008.txt ts=2026-09-18T00:08:04.541925+00:00
 [00097/3000] modify colapsado  /srv/fim-watch/gen_00008.txt ts=2026-09-18T00:08:04.641938+00:00
 [00098/3000] modify simple     /srv/fim-watch/gen_00011.txt ts=2026-09-18T00:08:04.742059+00:00
 [00099/3000] modify simple     /srv/fim-watch/gen_00013.txt ts=2026-09-18T00:08:04.841783+00:00
 [00100/3000] modify simple     /srv/fim-watch/gen_00013.txt ts=2026-09-18T00:08:04.942036+00:00
 [00101/3000] modify revertido  /srv/fim-watch/gen_00013.txt ts=2026-09-18T00:08:05.041790+00:00
 [00102/3000] modify revertido  /srv/fim-watch/gen_00013.txt ts=2026-09-18T00:08:05.142353+00:00
 [00103/3000] modify revertido  /srv/fim-watch/gen_00013.txt ts=2026-09-18T00:08:05.241774+00:00
 [00104/3000] modify revertido  /srv/fim-watch/gen_00013.txt ts=2026-09-18T00:08:05.341762+00:00
 [00105/3000] create simple     /srv/fim-watch/gen_00019.txt ts=2026-09-18T00:08:05.441580+00:00
 [00106/3000] delete simple     /srv/fim-watch/gen_00008.txt ts=2026-09-18T00:08:05.541665+00:00
 [00107/3000] create simple     /srv/fim-watch/gen_00020.txt ts=2026-09-18T00:08:05.642118+00:00
 [00108/3000] modify revertido  /srv/fim-watch/gen_00018.txt ts=2026-09-18T00:08:05.742188+00:00
 [00109/3000] modify revertido  /srv/fim-watch/gen_00018.txt ts=2026-09-18T00:08:05.841772+00:00
 [00110/3000] modify simple     /srv/fim-watch/gen_00020.txt ts=2026-09-18T00:08:05.941769+00:00
 [00111/3000] modify simple     /srv/fim-watch/gen_00018.txt ts=2026-09-18T00:08:06.042107+00:00
 [00112/3000] modify simple     /srv/fim-watch/gen_00015.txt ts=2026-09-18T00:08:06.142314+00:00
 [00113/3000] delete simple     /srv/fim-watch/gen_00010.txt ts=2026-09-18T00:08:06.242013+00:00
 [00114/3000] modify simple     /srv/fim-watch/gen_00013.txt ts=2026-09-18T00:08:06.341780+00:00
 [00115/3000] modify simple     /srv/fim-watch/gen_00013.txt ts=2026-09-18T00:08:06.442247+00:00
 [00116/3000] create simple     /srv/fim-watch/gen_00021.txt ts=2026-09-18T00:08:06.541671+00:00
 [00117/3000] modify simple     /srv/fim-watch/gen_00011.txt ts=2026-09-18T00:08:06.642123+00:00
 [00118/3000] modify simple     /srv/fim-watch/gen_00021.txt ts=2026-09-18T00:08:06.742319+00:00
 [00119/3000] delete simple     /srv/fim-watch/gen_00021.txt ts=2026-09-18T00:08:06.842025+00:00
 [00120/3000] create simple     /srv/fim-watch/gen_00022.txt ts=2026-09-18T00:08:06.942153+00:00
 [00121/3000] create simple     /srv/fim-watch/critico/gen_00023.txt ts=2026-09-18T00:08:07.041684+00:00
 [00122/3000] modify colapsado  /srv/fim-watch/gen_00022.txt ts=2026-09-18T00:08:07.142298+00:00
 [00123/3000] modify colapsado  /srv/fim-watch/gen_00022.txt ts=2026-09-18T00:08:07.241819+00:00
 [00124/3000] modify colapsado  /srv/fim-watch/gen_00022.txt ts=2026-09-18T00:08:07.341578+00:00
 [00125/3000] modify colapsado  /srv/fim-watch/gen_00022.txt ts=2026-09-18T00:08:07.441761+00:00
 [00126/3000] modify colapsado  /srv/fim-watch/gen_00022.txt ts=2026-09-18T00:08:07.541775+00:00
 [00127/3000] modify simple     /srv/fim-watch/gen_00011.txt ts=2026-09-18T00:08:07.642248+00:00
 [00128/3000] modify simple     /srv/fim-watch/gen_00020.txt ts=2026-09-18T00:08:07.742273+00:00
 [00129/3000] modify simple     /srv/fim-watch/gen_00015.txt ts=2026-09-18T00:08:07.841923+00:00
 [00130/3000] modify simple     /srv/fim-watch/gen_00020.txt ts=2026-09-18T00:08:07.941795+00:00
 [00131/3000] modify simple     /srv/fim-watch/gen_00006.txt ts=2026-09-18T00:08:08.041768+00:00
 [00132/3000] modify simple     /srv/fim-watch/critico/gen_00023.txt ts=2026-09-18T00:08:08.142268+00:00
 [00133/3000] modify simple     /srv/fim-watch/gen_00018.txt ts=2026-09-18T00:08:08.241560+00:00
 [00134/3000] modify simple     /srv/fim-watch/gen_00011.txt ts=2026-09-18T00:08:08.342221+00:00
 [00135/3000] modify simple     /srv/fim-watch/gen_00016.txt ts=2026-09-18T00:08:08.442265+00:00
 [00136/3000] create simple     /srv/fim-watch/gen_00024.txt ts=2026-09-18T00:08:08.542103+00:00
 [00137/3000] modify simple     /srv/fim-watch/gen_00011.txt ts=2026-09-18T00:08:08.642044+00:00
 [00138/3000] modify simple     /srv/fim-watch/gen_00018.txt ts=2026-09-18T00:08:08.741789+00:00
 [00139/3000] create simple     /srv/fim-watch/critico/gen_00025.txt ts=2026-09-18T00:08:08.841668+00:00
 [00140/3000] modify simple     /srv/fim-watch/gen_00018.txt ts=2026-09-18T00:08:08.941794+00:00
 [00141/3000] create simple     /srv/fim-watch/gen_00026.txt ts=2026-09-18T00:08:09.041679+00:00
 [00142/3000] delete simple     /srv/fim-watch/gen_00015.txt ts=2026-09-18T00:08:09.141453+00:00
 [00143/3000] modify simple     /srv/fim-watch/gen_00020.txt ts=2026-09-18T00:08:09.241648+00:00
 [00144/3000] modify simple     /srv/fim-watch/critico/gen_00023.txt ts=2026-09-18T00:08:09.341791+00:00
 [00145/3000] modify simple     /srv/fim-watch/gen_00006.txt ts=2026-09-18T00:08:09.441908+00:00
 [00146/3000] modify simple     /srv/fim-watch/gen_00026.txt ts=2026-09-18T00:08:09.542073+00:00
 [00147/3000] modify simple     /srv/fim-watch/gen_00018.txt ts=2026-09-18T00:08:09.642356+00:00
 [00148/3000] delete simple     /srv/fim-watch/gen_00018.txt ts=2026-09-18T00:08:09.741674+00:00
 [00149/3000] create simple     /srv/fim-watch/gen_00027.txt ts=2026-09-18T00:08:09.841646+00:00
 [00150/3000] modify simple     /srv/fim-watch/gen_00026.txt ts=2026-09-18T00:08:09.941717+00:00
 [00151/3000] modify simple     /srv/fim-watch/critico/gen_00025.txt ts=2026-09-18T00:08:10.041714+00:00
 [00152/3000] modify simple     /srv/fim-watch/gen_00020.txt ts=2026-09-18T00:08:10.141781+00:00
 [00153/3000] modify colapsado  /srv/fim-watch/gen_00019.txt ts=2026-09-18T00:08:10.242275+00:00
 [00154/3000] modify colapsado  /srv/fim-watch/gen_00019.txt ts=2026-09-18T00:08:10.341733+00:00
 [00155/3000] modify colapsado  /srv/fim-watch/gen_00019.txt ts=2026-09-18T00:08:10.441582+00:00
 [00156/3000] modify colapsado  /srv/fim-watch/gen_00019.txt ts=2026-09-18T00:08:10.541749+00:00
 [00157/3000] modify colapsado  /srv/fim-watch/gen_00019.txt ts=2026-09-18T00:08:10.641752+00:00
 [00158/3000] modify simple     /srv/fim-watch/gen_00020.txt ts=2026-09-18T00:08:10.742143+00:00
 [00159/3000] delete simple     /srv/fim-watch/gen_00026.txt ts=2026-09-18T00:08:10.841621+00:00
 [00160/3000] modify simple     /srv/fim-watch/gen_00027.txt ts=2026-09-18T00:08:10.942290+00:00
 [00161/3000] modify simple     /srv/fim-watch/gen_00020.txt ts=2026-09-18T00:08:11.041993+00:00
 [00162/3000] create simple     /srv/fim-watch/gen_00028.txt ts=2026-09-18T00:08:11.141821+00:00
 [00163/3000] modify simple     /srv/fim-watch/gen_00020.txt ts=2026-09-18T00:08:11.242295+00:00
 [00164/3000] modify simple     /srv/fim-watch/gen_00024.txt ts=2026-09-18T00:08:11.342007+00:00
 [00165/3000] create simple     /srv/fim-watch/gen_00029.txt ts=2026-09-18T00:08:11.441816+00:00
 [00166/3000] modify simple     /srv/fim-watch/gen_00028.txt ts=2026-09-18T00:08:11.541718+00:00
 [00167/3000] modify simple     /srv/fim-watch/critico/gen_00025.txt ts=2026-09-18T00:08:11.641980+00:00
 [00168/3000] modify simple     /srv/fim-watch/gen_00024.txt ts=2026-09-18T00:08:11.741781+00:00
 [00169/3000] create simple     /srv/fim-watch/gen_00030.txt ts=2026-09-18T00:08:11.841668+00:00
 [00170/3000] modify simple     /srv/fim-watch/gen_00022.txt ts=2026-09-18T00:08:11.942239+00:00
 [00171/3000] create simple     /srv/fim-watch/gen_00031.txt ts=2026-09-18T00:08:12.041899+00:00
 [00172/3000] create efimero    /srv/fim-watch/gen_00032.txt ts=2026-09-18T00:08:12.141734+00:00
 [00173/3000] delete efimero    /srv/fim-watch/gen_00032.txt ts=2026-09-18T00:08:12.241648+00:00
 [00174/3000] modify simple     /srv/fim-watch/gen_00027.txt ts=2026-09-18T00:08:12.342265+00:00
 [00175/3000] modify simple     /srv/fim-watch/gen_00024.txt ts=2026-09-18T00:08:12.441597+00:00
 [00176/3000] modify simple     /srv/fim-watch/gen_00006.txt ts=2026-09-18T00:08:12.542148+00:00
 [00177/3000] create simple     /srv/fim-watch/gen_00033.txt ts=2026-09-18T00:08:12.641657+00:00
 [00178/3000] modify simple     /srv/fim-watch/gen_00029.txt ts=2026-09-18T00:08:12.741984+00:00
 [00179/3000] modify simple     /srv/fim-watch/gen_00006.txt ts=2026-09-18T00:08:12.841675+00:00
 [00180/3000] modify revertido  /srv/fim-watch/gen_00027.txt ts=2026-09-18T00:08:12.942911+00:00
 [00181/3000] modify revertido  /srv/fim-watch/gen_00027.txt ts=2026-09-18T00:08:13.041795+00:00
 [00182/3000] modify colapsado  /srv/fim-watch/critico/gen_00025.txt ts=2026-09-18T00:08:13.141755+00:00
 [00183/3000] modify colapsado  /srv/fim-watch/critico/gen_00025.txt ts=2026-09-18T00:08:13.241811+00:00
 [00184/3000] modify colapsado  /srv/fim-watch/critico/gen_00025.txt ts=2026-09-18T00:08:13.341776+00:00
 [00185/3000] modify colapsado  /srv/fim-watch/critico/gen_00025.txt ts=2026-09-18T00:08:13.441820+00:00
 [00186/3000] modify colapsado  /srv/fim-watch/critico/gen_00025.txt ts=2026-09-18T00:08:13.542087+00:00
 [00187/3000] create efimero    /srv/fim-watch/gen_00034.txt ts=2026-09-18T00:08:13.641825+00:00
 [00188/3000] delete efimero    /srv/fim-watch/gen_00034.txt ts=2026-09-18T00:08:13.741814+00:00
 [00189/3000] create simple     /srv/fim-watch/gen_00035.txt ts=2026-09-18T00:08:13.841692+00:00
 [00190/3000] modify simple     /srv/fim-watch/gen_00024.txt ts=2026-09-18T00:08:13.941692+00:00
 [00191/3000] modify simple     /srv/fim-watch/gen_00035.txt ts=2026-09-18T00:08:14.041789+00:00
 [00192/3000] modify simple     /srv/fim-watch/gen_00031.txt ts=2026-09-18T00:08:14.141636+00:00
 [00193/3000] modify revertido  /srv/fim-watch/gen_00033.txt ts=2026-09-18T00:08:14.241647+00:00
 [00194/3000] modify revertido  /srv/fim-watch/gen_00033.txt ts=2026-09-18T00:08:14.341526+00:00
 [00195/3000] modify colapsado  /srv/fim-watch/gen_00029.txt ts=2026-09-18T00:08:14.441745+00:00
 [00196/3000] modify colapsado  /srv/fim-watch/gen_00029.txt ts=2026-09-18T00:08:14.541698+00:00
 [00197/3000] modify colapsado  /srv/fim-watch/gen_00029.txt ts=2026-09-18T00:08:14.641778+00:00
 [00198/3000] modify colapsado  /srv/fim-watch/gen_00029.txt ts=2026-09-18T00:08:14.741568+00:00
 [00199/3000] modify colapsado  /srv/fim-watch/gen_00029.txt ts=2026-09-18T00:08:14.841664+00:00
 [00200/3000] modify simple     /srv/fim-watch/gen_00022.txt ts=2026-09-18T00:08:14.941765+00:00
 [00201/3000] modify simple     /srv/fim-watch/gen_00013.txt ts=2026-09-18T00:08:15.041760+00:00
 [00202/3000] modify simple     /srv/fim-watch/gen_00024.txt ts=2026-09-18T00:08:15.141756+00:00
 [00203/3000] modify simple     /srv/fim-watch/gen_00006.txt ts=2026-09-18T00:08:15.241693+00:00
 [00204/3000] create simple     /srv/fim-watch/gen_00036.txt ts=2026-09-18T00:08:15.341680+00:00
 [00205/3000] delete simple     /srv/fim-watch/gen_00030.txt ts=2026-09-18T00:08:15.441650+00:00
 [00206/3000] modify simple     /srv/fim-watch/gen_00024.txt ts=2026-09-18T00:08:15.541618+00:00
 [00207/3000] modify simple     /srv/fim-watch/gen_00011.txt ts=2026-09-18T00:08:15.641943+00:00
 [00208/3000] modify revertido  /srv/fim-watch/gen_00028.txt ts=2026-09-18T00:08:15.741800+00:00
 [00209/3000] modify revertido  /srv/fim-watch/gen_00028.txt ts=2026-09-18T00:08:15.841810+00:00
 [00210/3000] modify revertido  /srv/fim-watch/gen_00016.txt ts=2026-09-18T00:08:15.941993+00:00
 [00211/3000] modify revertido  /srv/fim-watch/gen_00016.txt ts=2026-09-18T00:08:16.041775+00:00
 [00212/3000] modify simple     /srv/fim-watch/gen_00029.txt ts=2026-09-18T00:08:16.142078+00:00
 [00213/3000] create simple     /srv/fim-watch/critico/gen_00037.txt ts=2026-09-18T00:08:16.241705+00:00
 [00214/3000] modify colapsado  /srv/fim-watch/gen_00024.txt ts=2026-09-18T00:08:16.342311+00:00
 [00215/3000] modify colapsado  /srv/fim-watch/gen_00024.txt ts=2026-09-18T00:08:16.441781+00:00
 [00216/3000] modify colapsado  /srv/fim-watch/gen_00024.txt ts=2026-09-18T00:08:16.541787+00:00
 [00217/3000] modify colapsado  /srv/fim-watch/gen_00024.txt ts=2026-09-18T00:08:16.641794+00:00
 [00218/3000] modify colapsado  /srv/fim-watch/gen_00024.txt ts=2026-09-18T00:08:16.741791+00:00
 [00219/3000] create simple     /srv/fim-watch/gen_00038.txt ts=2026-09-18T00:08:16.841675+00:00
 [00220/3000] modify simple     /srv/fim-watch/gen_00031.txt ts=2026-09-18T00:08:16.941788+00:00
 [00221/3000] create simple     /srv/fim-watch/gen_00039.txt ts=2026-09-18T00:08:17.042078+00:00
 [00222/3000] create simple     /srv/fim-watch/gen_00040.txt ts=2026-09-18T00:08:17.142155+00:00
 [00223/3000] create efimero    /srv/fim-watch/gen_00041.txt ts=2026-09-18T00:08:17.241692+00:00
 [00224/3000] delete efimero    /srv/fim-watch/gen_00041.txt ts=2026-09-18T00:08:17.341548+00:00
 [00225/3000] modify simple     /srv/fim-watch/gen_00036.txt ts=2026-09-18T00:08:17.441472+00:00
 [00226/3000] create simple     /srv/fim-watch/gen_00042.txt ts=2026-09-18T00:08:17.541642+00:00
 [00227/3000] create simple     /srv/fim-watch/gen_00043.txt ts=2026-09-18T00:08:17.641697+00:00
 [00228/3000] modify simple     /srv/fim-watch/critico/gen_00037.txt ts=2026-09-18T00:08:17.741903+00:00
 [00229/3000] modify colapsado  /srv/fim-watch/gen_00031.txt ts=2026-09-18T00:08:17.841599+00:00
 [00230/3000] modify colapsado  /srv/fim-watch/gen_00031.txt ts=2026-09-18T00:08:17.941526+00:00
 [00231/3000] modify colapsado  /srv/fim-watch/gen_00031.txt ts=2026-09-18T00:08:18.041780+00:00
 [00232/3000] modify colapsado  /srv/fim-watch/gen_00031.txt ts=2026-09-18T00:08:18.142098+00:00
 [00233/3000] modify colapsado  /srv/fim-watch/gen_00031.txt ts=2026-09-18T00:08:18.241789+00:00
 [00234/3000] modify simple     /srv/fim-watch/gen_00028.txt ts=2026-09-18T00:08:18.341682+00:00
 [00235/3000] modify simple     /srv/fim-watch/gen_00029.txt ts=2026-09-18T00:08:18.441710+00:00
 [00236/3000] modify simple     /srv/fim-watch/gen_00042.txt ts=2026-09-18T00:08:18.541576+00:00
 [00237/3000] modify simple     /srv/fim-watch/gen_00027.txt ts=2026-09-18T00:08:18.641654+00:00
 [00238/3000] delete simple     /srv/fim-watch/gen_00038.txt ts=2026-09-18T00:08:18.741646+00:00
 [00239/3000] modify simple     /srv/fim-watch/critico/gen_00023.txt ts=2026-09-18T00:08:18.841788+00:00
 [00240/3000] modify colapsado  /srv/fim-watch/gen_00011.txt ts=2026-09-18T00:08:18.941827+00:00
 [00241/3000] modify colapsado  /srv/fim-watch/gen_00011.txt ts=2026-09-18T00:08:19.041843+00:00
 [00242/3000] modify colapsado  /srv/fim-watch/gen_00011.txt ts=2026-09-18T00:08:19.141785+00:00
 [00243/3000] modify colapsado  /srv/fim-watch/gen_00011.txt ts=2026-09-18T00:08:19.241555+00:00
 [00244/3000] modify colapsado  /srv/fim-watch/gen_00011.txt ts=2026-09-18T00:08:19.341569+00:00
 [00245/3000] modify simple     /srv/fim-watch/gen_00022.txt ts=2026-09-18T00:08:19.441766+00:00
 [00246/3000] modify simple     /srv/fim-watch/gen_00022.txt ts=2026-09-18T00:08:19.541722+00:00
 [00247/3000] modify simple     /srv/fim-watch/critico/gen_00023.txt ts=2026-09-18T00:08:19.641710+00:00
 [00248/3000] delete simple     /srv/fim-watch/gen_00027.txt ts=2026-09-18T00:08:19.741545+00:00
 [00249/3000] modify simple     /srv/fim-watch/gen_00031.txt ts=2026-09-18T00:08:19.841810+00:00
 [00250/3000] modify simple     /srv/fim-watch/gen_00029.txt ts=2026-09-18T00:08:19.941806+00:00
 [00251/3000] modify simple     /srv/fim-watch/gen_00011.txt ts=2026-09-18T00:08:20.041915+00:00
 [00252/3000] create simple     /srv/fim-watch/gen_00044.txt ts=2026-09-18T00:08:20.141689+00:00
 [00253/3000] modify simple     /srv/fim-watch/critico/gen_00037.txt ts=2026-09-18T00:08:20.242325+00:00
 [00254/3000] modify simple     /srv/fim-watch/gen_00016.txt ts=2026-09-18T00:08:20.341903+00:00
 [00255/3000] modify simple     /srv/fim-watch/gen_00042.txt ts=2026-09-18T00:08:20.441904+00:00
 [00256/3000] modify simple     /srv/fim-watch/critico/gen_00023.txt ts=2026-09-18T00:08:20.541933+00:00
 [00257/3000] modify simple     /srv/fim-watch/gen_00011.txt ts=2026-09-18T00:08:20.641658+00:00
 [00258/3000] modify revertido  /srv/fim-watch/gen_00013.txt ts=2026-09-18T00:08:20.741691+00:00
 [00259/3000] modify revertido  /srv/fim-watch/gen_00013.txt ts=2026-09-18T00:08:20.841708+00:00
 [00260/3000] modify revertido  /srv/fim-watch/gen_00036.txt ts=2026-09-18T00:08:20.941796+00:00
 [00261/3000] modify revertido  /srv/fim-watch/gen_00036.txt ts=2026-09-18T00:08:21.041664+00:00
 [00262/3000] delete simple     /srv/fim-watch/gen_00024.txt ts=2026-09-18T00:08:21.141515+00:00
 [00263/3000] create simple     /srv/fim-watch/gen_00045.txt ts=2026-09-18T00:08:21.241460+00:00
 [00264/3000] create simple     /srv/fim-watch/gen_00046.txt ts=2026-09-18T00:08:21.341587+00:00
 [00265/3000] modify simple     /srv/fim-watch/gen_00022.txt ts=2026-09-18T00:08:21.441668+00:00
 [00266/3000] modify simple     /srv/fim-watch/gen_00013.txt ts=2026-09-18T00:08:21.541783+00:00
 [00267/3000] delete simple     /srv/fim-watch/gen_00035.txt ts=2026-09-18T00:08:21.641560+00:00
 [00268/3000] modify simple     /srv/fim-watch/gen_00033.txt ts=2026-09-18T00:08:21.741669+00:00
 [00269/3000] modify simple     /srv/fim-watch/gen_00036.txt ts=2026-09-18T00:08:21.841808+00:00
 [00270/3000] create simple     /srv/fim-watch/critico/gen_00047.txt ts=2026-09-18T00:08:21.941619+00:00
 [00271/3000] modify simple     /srv/fim-watch/critico/gen_00047.txt ts=2026-09-18T00:08:22.041784+00:00
 [00272/3000] modify simple     /srv/fim-watch/gen_00039.txt ts=2026-09-18T00:08:22.142062+00:00
 [00273/3000] modify simple     /srv/fim-watch/gen_00043.txt ts=2026-09-18T00:08:22.241901+00:00
 [00274/3000] modify simple     /srv/fim-watch/gen_00029.txt ts=2026-09-18T00:08:22.341794+00:00
 [00275/3000] create simple     /srv/fim-watch/gen_00048.txt ts=2026-09-18T00:08:22.441591+00:00
 [00276/3000] modify simple     /srv/fim-watch/gen_00043.txt ts=2026-09-18T00:08:22.541651+00:00
 [00277/3000] modify simple     /srv/fim-watch/gen_00006.txt ts=2026-09-18T00:08:22.641568+00:00
 [00278/3000] modify simple     /srv/fim-watch/gen_00046.txt ts=2026-09-18T00:08:22.741515+00:00
 [00279/3000] modify simple     /srv/fim-watch/gen_00031.txt ts=2026-09-18T00:08:22.841672+00:00
 [00280/3000] create simple     /srv/fim-watch/gen_00049.txt ts=2026-09-18T00:08:22.941654+00:00
 [00281/3000] modify simple     /srv/fim-watch/gen_00036.txt ts=2026-09-18T00:08:23.041607+00:00
 [00282/3000] create simple     /srv/fim-watch/gen_00050.txt ts=2026-09-18T00:08:23.141575+00:00
 [00283/3000] create simple     /srv/fim-watch/critico/gen_00051.txt ts=2026-09-18T00:08:23.241698+00:00
 [00284/3000] modify revertido  /srv/fim-watch/gen_00044.txt ts=2026-09-18T00:08:23.341951+00:00
 [00285/3000] modify revertido  /srv/fim-watch/gen_00044.txt ts=2026-09-18T00:08:23.441726+00:00
 [00286/3000] modify simple     /srv/fim-watch/gen_00020.txt ts=2026-09-18T00:08:23.542206+00:00
 [00287/3000] modify simple     /srv/fim-watch/gen_00045.txt ts=2026-09-18T00:08:23.641691+00:00
 [00288/3000] modify revertido  /srv/fim-watch/gen_00042.txt ts=2026-09-18T00:08:23.742278+00:00
 [00289/3000] modify revertido  /srv/fim-watch/gen_00042.txt ts=2026-09-18T00:08:23.841593+00:00
 [00290/3000] modify simple     /srv/fim-watch/critico/gen_00025.txt ts=2026-09-18T00:08:23.941626+00:00
 [00291/3000] modify simple     /srv/fim-watch/gen_00043.txt ts=2026-09-18T00:08:24.042197+00:00
 [00292/3000] modify simple     /srv/fim-watch/gen_00011.txt ts=2026-09-18T00:08:24.141838+00:00
 [00293/3000] create simple     /srv/fim-watch/gen_00052.txt ts=2026-09-18T00:08:24.241668+00:00
 [00294/3000] create simple     /srv/fim-watch/critico/gen_00053.txt ts=2026-09-18T00:08:24.341685+00:00
 [00295/3000] modify simple     /srv/fim-watch/critico/gen_00047.txt ts=2026-09-18T00:08:24.441580+00:00
 [00296/3000] modify simple     /srv/fim-watch/gen_00022.txt ts=2026-09-18T00:08:24.541788+00:00
 [00297/3000] create simple     /srv/fim-watch/gen_00054.txt ts=2026-09-18T00:08:24.641691+00:00
 [00298/3000] create simple     /srv/fim-watch/gen_00055.txt ts=2026-09-18T00:08:24.741691+00:00
 [00299/3000] modify simple     /srv/fim-watch/gen_00042.txt ts=2026-09-18T00:08:24.841787+00:00
 [00300/3000] modify colapsado  /srv/fim-watch/critico/gen_00051.txt ts=2026-09-18T00:08:24.941796+00:00
 [00301/3000] modify colapsado  /srv/fim-watch/critico/gen_00051.txt ts=2026-09-18T00:08:25.041799+00:00
 [00302/3000] modify colapsado  /srv/fim-watch/critico/gen_00051.txt ts=2026-09-18T00:08:25.142070+00:00
 [00303/3000] modify colapsado  /srv/fim-watch/critico/gen_00051.txt ts=2026-09-18T00:08:25.241794+00:00
 [00304/3000] modify colapsado  /srv/fim-watch/critico/gen_00051.txt ts=2026-09-18T00:08:25.341824+00:00
 [00305/3000] create simple     /srv/fim-watch/gen_00056.txt ts=2026-09-18T00:08:25.441589+00:00
 [00306/3000] create simple     /srv/fim-watch/gen_00057.txt ts=2026-09-18T00:08:25.541647+00:00
 [00307/3000] create simple     /srv/fim-watch/gen_00058.txt ts=2026-09-18T00:08:25.641590+00:00
 [00308/3000] modify revertido  /srv/fim-watch/critico/gen_00047.txt ts=2026-09-18T00:08:25.741792+00:00
 [00309/3000] modify revertido  /srv/fim-watch/critico/gen_00047.txt ts=2026-09-18T00:08:25.841793+00:00
 [00310/3000] modify simple     /srv/fim-watch/gen_00054.txt ts=2026-09-18T00:08:25.941769+00:00
 [00311/3000] modify revertido  /srv/fim-watch/gen_00054.txt ts=2026-09-18T00:08:26.041778+00:00
 [00312/3000] modify revertido  /srv/fim-watch/gen_00054.txt ts=2026-09-18T00:08:26.141822+00:00
 [00313/3000] modify colapsado  /srv/fim-watch/critico/gen_00053.txt ts=2026-09-18T00:08:26.241840+00:00
 [00314/3000] modify colapsado  /srv/fim-watch/critico/gen_00053.txt ts=2026-09-18T00:08:26.341795+00:00
 [00315/3000] modify colapsado  /srv/fim-watch/critico/gen_00053.txt ts=2026-09-18T00:08:26.442172+00:00
 [00316/3000] modify colapsado  /srv/fim-watch/critico/gen_00053.txt ts=2026-09-18T00:08:26.542161+00:00
 [00317/3000] modify colapsado  /srv/fim-watch/critico/gen_00053.txt ts=2026-09-18T00:08:26.641788+00:00
 [00318/3000] modify simple     /srv/fim-watch/critico/gen_00025.txt ts=2026-09-18T00:08:26.741815+00:00
 [00319/3000] modify revertido  /srv/fim-watch/gen_00011.txt ts=2026-09-18T00:08:26.842079+00:00
 [00320/3000] modify revertido  /srv/fim-watch/gen_00011.txt ts=2026-09-18T00:08:26.942301+00:00
 [00321/3000] modify simple     /srv/fim-watch/gen_00044.txt ts=2026-09-18T00:08:27.042130+00:00
 [00322/3000] modify simple     /srv/fim-watch/gen_00054.txt ts=2026-09-18T00:08:27.141810+00:00
 [00323/3000] modify simple     /srv/fim-watch/gen_00036.txt ts=2026-09-18T00:08:27.241910+00:00
 [00324/3000] delete simple     /srv/fim-watch/gen_00052.txt ts=2026-09-18T00:08:27.341910+00:00
 [00325/3000] modify simple     /srv/fim-watch/gen_00022.txt ts=2026-09-18T00:08:27.441967+00:00
 [00326/3000] modify simple     /srv/fim-watch/gen_00044.txt ts=2026-09-18T00:08:27.541624+00:00
 [00327/3000] modify simple     /srv/fim-watch/gen_00054.txt ts=2026-09-18T00:08:27.642317+00:00
 [00328/3000] modify simple     /srv/fim-watch/gen_00040.txt ts=2026-09-18T00:08:27.741503+00:00
 [00329/3000] delete simple     /srv/fim-watch/gen_00046.txt ts=2026-09-18T00:08:27.841610+00:00
 [00330/3000] delete simple     /srv/fim-watch/gen_00039.txt ts=2026-09-18T00:08:27.941679+00:00
 [00331/3000] modify revertido  /srv/fim-watch/gen_00036.txt ts=2026-09-18T00:08:28.041801+00:00
 [00332/3000] modify revertido  /srv/fim-watch/gen_00036.txt ts=2026-09-18T00:08:28.141789+00:00
 [00333/3000] modify simple     /srv/fim-watch/gen_00050.txt ts=2026-09-18T00:08:28.242134+00:00
 [00334/3000] create simple     /srv/fim-watch/gen_00059.txt ts=2026-09-18T00:08:28.341687+00:00
 [00335/3000] modify simple     /srv/fim-watch/gen_00054.txt ts=2026-09-18T00:08:28.441654+00:00
 [00336/3000] modify simple     /srv/fim-watch/gen_00043.txt ts=2026-09-18T00:08:28.542681+00:00
 [00337/3000] create simple     /srv/fim-watch/gen_00060.txt ts=2026-09-18T00:08:28.641567+00:00
 [00338/3000] modify simple     /srv/fim-watch/gen_00050.txt ts=2026-09-18T00:08:28.741819+00:00
 [00339/3000] modify simple     /srv/fim-watch/gen_00058.txt ts=2026-09-18T00:08:28.841758+00:00
 [00340/3000] modify revertido  /srv/fim-watch/gen_00019.txt ts=2026-09-18T00:08:28.941795+00:00
 [00341/3000] modify revertido  /srv/fim-watch/gen_00019.txt ts=2026-09-18T00:08:29.041812+00:00
 [00342/3000] modify simple     /srv/fim-watch/gen_00058.txt ts=2026-09-18T00:08:29.141796+00:00
 [00343/3000] modify colapsado  /srv/fim-watch/gen_00042.txt ts=2026-09-18T00:08:29.241786+00:00
 [00344/3000] modify colapsado  /srv/fim-watch/gen_00042.txt ts=2026-09-18T00:08:29.341650+00:00
 [00345/3000] modify colapsado  /srv/fim-watch/gen_00042.txt ts=2026-09-18T00:08:29.441771+00:00
 [00346/3000] modify colapsado  /srv/fim-watch/gen_00042.txt ts=2026-09-18T00:08:29.541738+00:00
 [00347/3000] modify colapsado  /srv/fim-watch/gen_00042.txt ts=2026-09-18T00:08:29.641787+00:00
 [00348/3000] create simple     /srv/fim-watch/critico/gen_00061.txt ts=2026-09-18T00:08:29.741677+00:00
 [00349/3000] create simple     /srv/fim-watch/gen_00062.txt ts=2026-09-18T00:08:29.841703+00:00
 [00350/3000] delete simple     /srv/fim-watch/critico/gen_00051.txt ts=2026-09-18T00:08:29.941648+00:00
 [00351/3000] modify simple     /srv/fim-watch/gen_00020.txt ts=2026-09-18T00:08:30.041824+00:00
 [00352/3000] modify simple     /srv/fim-watch/critico/gen_00047.txt ts=2026-09-18T00:08:30.141804+00:00
 [00353/3000] create simple     /srv/fim-watch/gen_00063.txt ts=2026-09-18T00:08:30.241675+00:00
 [00354/3000] modify simple     /srv/fim-watch/gen_00059.txt ts=2026-09-18T00:08:30.341773+00:00
 [00355/3000] create simple     /srv/fim-watch/gen_00064.txt ts=2026-09-18T00:08:30.441675+00:00
 [00356/3000] create simple     /srv/fim-watch/gen_00065.txt ts=2026-09-18T00:08:30.541729+00:00
 [00357/3000] create simple     /srv/fim-watch/gen_00066.txt ts=2026-09-18T00:08:30.641571+00:00
 [00358/3000] create simple     /srv/fim-watch/gen_00067.txt ts=2026-09-18T00:08:30.742130+00:00
 [00359/3000] create simple     /srv/fim-watch/gen_00068.txt ts=2026-09-18T00:08:30.841567+00:00
 [00360/3000] modify simple     /srv/fim-watch/critico/gen_00061.txt ts=2026-09-18T00:08:30.941846+00:00
 [00361/3000] modify revertido  /srv/fim-watch/gen_00031.txt ts=2026-09-18T00:08:31.041804+00:00
 [00362/3000] modify revertido  /srv/fim-watch/gen_00031.txt ts=2026-09-18T00:08:31.142027+00:00
 [00363/3000] create simple     /srv/fim-watch/critico/gen_00069.txt ts=2026-09-18T00:08:31.241687+00:00
 [00364/3000] modify revertido  /srv/fim-watch/gen_00044.txt ts=2026-09-18T00:08:31.342085+00:00
 [00365/3000] modify revertido  /srv/fim-watch/gen_00044.txt ts=2026-09-18T00:08:31.441762+00:00
 [00366/3000] modify simple     /srv/fim-watch/gen_00063.txt ts=2026-09-18T00:08:31.542136+00:00
 [00367/3000] modify simple     /srv/fim-watch/gen_00062.txt ts=2026-09-18T00:08:31.642320+00:00
 [00368/3000] create simple     /srv/fim-watch/gen_00070.txt ts=2026-09-18T00:08:31.742134+00:00
 [00369/3000] create simple     /srv/fim-watch/gen_00071.txt ts=2026-09-18T00:08:31.841668+00:00
 [00370/3000] delete simple     /srv/fim-watch/gen_00031.txt ts=2026-09-18T00:08:31.941643+00:00
 [00371/3000] modify simple     /srv/fim-watch/gen_00058.txt ts=2026-09-18T00:08:32.041846+00:00
 [00372/3000] modify simple     /srv/fim-watch/critico/gen_00047.txt ts=2026-09-18T00:08:32.142074+00:00
 [00373/3000] modify simple     /srv/fim-watch/critico/gen_00025.txt ts=2026-09-18T00:08:32.242115+00:00
 [00374/3000] modify simple     /srv/fim-watch/gen_00045.txt ts=2026-09-18T00:08:32.342312+00:00
 [00375/3000] create simple     /srv/fim-watch/gen_00072.txt ts=2026-09-18T00:08:32.441656+00:00
 [00376/3000] delete simple     /srv/fim-watch/gen_00056.txt ts=2026-09-18T00:08:32.542052+00:00
 [00377/3000] modify simple     /srv/fim-watch/gen_00040.txt ts=2026-09-18T00:08:32.642162+00:00
 [00378/3000] modify simple     /srv/fim-watch/gen_00055.txt ts=2026-09-18T00:08:32.741538+00:00
 [00379/3000] modify colapsado  /srv/fim-watch/gen_00068.txt ts=2026-09-18T00:08:32.841765+00:00
 [00380/3000] modify colapsado  /srv/fim-watch/gen_00068.txt ts=2026-09-18T00:08:32.941623+00:00
 [00381/3000] modify colapsado  /srv/fim-watch/gen_00068.txt ts=2026-09-18T00:08:33.041779+00:00
 [00382/3000] modify colapsado  /srv/fim-watch/gen_00068.txt ts=2026-09-18T00:08:33.141785+00:00
 [00383/3000] modify colapsado  /srv/fim-watch/gen_00068.txt ts=2026-09-18T00:08:33.241973+00:00
 [00384/3000] modify simple     /srv/fim-watch/gen_00059.txt ts=2026-09-18T00:08:33.341812+00:00
 [00385/3000] modify simple     /srv/fim-watch/gen_00048.txt ts=2026-09-18T00:08:33.441589+00:00
 [00386/3000] create simple     /srv/fim-watch/gen_00073.txt ts=2026-09-18T00:08:33.541665+00:00
 [00387/3000] modify colapsado  /srv/fim-watch/gen_00042.txt ts=2026-09-18T00:08:33.641813+00:00
 [00388/3000] modify colapsado  /srv/fim-watch/gen_00042.txt ts=2026-09-18T00:08:33.742254+00:00
 [00389/3000] modify colapsado  /srv/fim-watch/gen_00042.txt ts=2026-09-18T00:08:33.841784+00:00
 [00390/3000] modify colapsado  /srv/fim-watch/gen_00042.txt ts=2026-09-18T00:08:33.941711+00:00
 [00391/3000] modify colapsado  /srv/fim-watch/gen_00042.txt ts=2026-09-18T00:08:34.041759+00:00
 [00392/3000] modify revertido  /srv/fim-watch/gen_00064.txt ts=2026-09-18T00:08:34.141825+00:00
 [00393/3000] modify revertido  /srv/fim-watch/gen_00064.txt ts=2026-09-18T00:08:34.241510+00:00
 [00394/3000] modify simple     /srv/fim-watch/gen_00070.txt ts=2026-09-18T00:08:34.341771+00:00
 [00395/3000] delete simple     /srv/fim-watch/gen_00022.txt ts=2026-09-18T00:08:34.441573+00:00
 [00396/3000] modify simple     /srv/fim-watch/gen_00028.txt ts=2026-09-18T00:08:34.541651+00:00
 [00397/3000] modify simple     /srv/fim-watch/gen_00036.txt ts=2026-09-18T00:08:34.641780+00:00
 [00398/3000] modify simple     /srv/fim-watch/critico/gen_00037.txt ts=2026-09-18T00:08:34.741791+00:00
 [00399/3000] delete simple     /srv/fim-watch/gen_00011.txt ts=2026-09-18T00:08:34.841646+00:00
 [00400/3000] create simple     /srv/fim-watch/gen_00074.txt ts=2026-09-18T00:08:34.941649+00:00
 [00401/3000] modify simple     /srv/fim-watch/gen_00040.txt ts=2026-09-18T00:08:35.041781+00:00
 [00402/3000] modify simple     /srv/fim-watch/gen_00043.txt ts=2026-09-18T00:08:35.142125+00:00
 [00403/3000] create efimero    /srv/fim-watch/critico/gen_00075.txt ts=2026-09-18T00:08:35.241675+00:00
 [00404/3000] delete efimero    /srv/fim-watch/critico/gen_00075.txt ts=2026-09-18T00:08:35.341642+00:00
 [00405/3000] create simple     /srv/fim-watch/gen_00076.txt ts=2026-09-18T00:08:35.441798+00:00
 [00406/3000] create simple     /srv/fim-watch/gen_00077.txt ts=2026-09-18T00:08:35.542403+00:00
 [00407/3000] create simple     /srv/fim-watch/gen_00078.txt ts=2026-09-18T00:08:35.641669+00:00
 [00408/3000] modify simple     /srv/fim-watch/gen_00044.txt ts=2026-09-18T00:08:35.741809+00:00
 [00409/3000] create simple     /srv/fim-watch/gen_00079.txt ts=2026-09-18T00:08:35.841609+00:00
 [00410/3000] modify simple     /srv/fim-watch/gen_00029.txt ts=2026-09-18T00:08:35.941824+00:00
 [00411/3000] modify simple     /srv/fim-watch/gen_00079.txt ts=2026-09-18T00:08:36.041814+00:00
 [00412/3000] modify simple     /srv/fim-watch/gen_00063.txt ts=2026-09-18T00:08:36.141955+00:00
 [00413/3000] modify simple     /srv/fim-watch/gen_00033.txt ts=2026-09-18T00:08:36.241557+00:00
 [00414/3000] modify simple     /srv/fim-watch/gen_00062.txt ts=2026-09-18T00:08:36.342036+00:00
 [00415/3000] modify simple     /srv/fim-watch/gen_00033.txt ts=2026-09-18T00:08:36.442228+00:00
 [00416/3000] modify colapsado  /srv/fim-watch/gen_00066.txt ts=2026-09-18T00:08:36.542310+00:00
 [00417/3000] modify colapsado  /srv/fim-watch/gen_00066.txt ts=2026-09-18T00:08:36.641784+00:00
 [00418/3000] modify colapsado  /srv/fim-watch/gen_00066.txt ts=2026-09-18T00:08:36.742097+00:00
 [00419/3000] modify colapsado  /srv/fim-watch/gen_00066.txt ts=2026-09-18T00:08:36.841846+00:00
 [00420/3000] modify colapsado  /srv/fim-watch/gen_00066.txt ts=2026-09-18T00:08:36.942229+00:00
 [00421/3000] create simple     /srv/fim-watch/gen_00080.txt ts=2026-09-18T00:08:37.041936+00:00
 [00422/3000] modify simple     /srv/fim-watch/gen_00059.txt ts=2026-09-18T00:08:37.142172+00:00
 [00423/3000] modify simple     /srv/fim-watch/gen_00073.txt ts=2026-09-18T00:08:37.241803+00:00
 [00424/3000] delete simple     /srv/fim-watch/gen_00063.txt ts=2026-09-18T00:08:37.341599+00:00
 [00425/3000] modify revertido  /srv/fim-watch/gen_00048.txt ts=2026-09-18T00:08:37.441641+00:00
 [00426/3000] modify revertido  /srv/fim-watch/gen_00048.txt ts=2026-09-18T00:08:37.541918+00:00
 [00427/3000] modify simple     /srv/fim-watch/gen_00058.txt ts=2026-09-18T00:08:37.641844+00:00
 [00428/3000] modify simple     /srv/fim-watch/gen_00059.txt ts=2026-09-18T00:08:37.741961+00:00
 [00429/3000] create simple     /srv/fim-watch/critico/gen_00081.txt ts=2026-09-18T00:08:37.841564+00:00
 [00430/3000] create simple     /srv/fim-watch/gen_00082.txt ts=2026-09-18T00:08:37.941561+00:00
 [00431/3000] modify simple     /srv/fim-watch/gen_00045.txt ts=2026-09-18T00:08:38.041786+00:00
 [00432/3000] modify revertido  /srv/fim-watch/gen_00028.txt ts=2026-09-18T00:08:38.141810+00:00
 [00433/3000] modify revertido  /srv/fim-watch/gen_00028.txt ts=2026-09-18T00:08:38.242266+00:00
 [00434/3000] create efimero    /srv/fim-watch/gen_00083.txt ts=2026-09-18T00:08:38.342209+00:00
 [00435/3000] delete efimero    /srv/fim-watch/gen_00083.txt ts=2026-09-18T00:08:38.442100+00:00
 [00436/3000] delete simple     /srv/fim-watch/gen_00080.txt ts=2026-09-18T00:08:38.541650+00:00
 [00437/3000] modify simple     /srv/fim-watch/gen_00073.txt ts=2026-09-18T00:08:38.642445+00:00
 [00438/3000] modify simple     /srv/fim-watch/gen_00028.txt ts=2026-09-18T00:08:38.742266+00:00
 [00439/3000] create simple     /srv/fim-watch/gen_00084.txt ts=2026-09-18T00:08:38.841695+00:00
 [00440/3000] modify revertido  /srv/fim-watch/gen_00068.txt ts=2026-09-18T00:08:38.941647+00:00
 [00441/3000] modify revertido  /srv/fim-watch/gen_00068.txt ts=2026-09-18T00:08:39.042132+00:00
 [00442/3000] modify simple     /srv/fim-watch/gen_00044.txt ts=2026-09-18T00:08:39.142189+00:00
 [00443/3000] modify simple     /srv/fim-watch/gen_00071.txt ts=2026-09-18T00:08:39.241949+00:00
 [00444/3000] modify revertido  /srv/fim-watch/gen_00067.txt ts=2026-09-18T00:08:39.341811+00:00
 [00445/3000] modify revertido  /srv/fim-watch/gen_00067.txt ts=2026-09-18T00:08:39.442068+00:00
 [00446/3000] create simple     /srv/fim-watch/gen_00085.txt ts=2026-09-18T00:08:39.541641+00:00
 [00447/3000] delete simple     /srv/fim-watch/critico/gen_00023.txt ts=2026-09-18T00:08:39.642256+00:00
 [00448/3000] modify simple     /srv/fim-watch/gen_00062.txt ts=2026-09-18T00:08:39.742048+00:00
 [00449/3000] modify simple     /srv/fim-watch/gen_00020.txt ts=2026-09-18T00:08:39.842296+00:00
 [00450/3000] modify simple     /srv/fim-watch/gen_00019.txt ts=2026-09-18T00:08:39.941815+00:00
 [00451/3000] create simple     /srv/fim-watch/gen_00086.txt ts=2026-09-18T00:08:40.041669+00:00
 [00452/3000] modify simple     /srv/fim-watch/gen_00059.txt ts=2026-09-18T00:08:40.141808+00:00
 [00453/3000] create simple     /srv/fim-watch/critico/gen_00087.txt ts=2026-09-18T00:08:40.242089+00:00
 [00454/3000] modify revertido  /srv/fim-watch/gen_00058.txt ts=2026-09-18T00:08:40.341811+00:00
 [00455/3000] modify revertido  /srv/fim-watch/gen_00058.txt ts=2026-09-18T00:08:40.441737+00:00
 [00456/3000] modify colapsado  /srv/fim-watch/gen_00072.txt ts=2026-09-18T00:08:40.541788+00:00
 [00457/3000] modify colapsado  /srv/fim-watch/gen_00072.txt ts=2026-09-18T00:08:40.641780+00:00
 [00458/3000] modify colapsado  /srv/fim-watch/gen_00072.txt ts=2026-09-18T00:08:40.741631+00:00
 [00459/3000] modify colapsado  /srv/fim-watch/gen_00072.txt ts=2026-09-18T00:08:40.842190+00:00
 [00460/3000] modify colapsado  /srv/fim-watch/gen_00072.txt ts=2026-09-18T00:08:40.941802+00:00
 [00461/3000] modify simple     /srv/fim-watch/gen_00082.txt ts=2026-09-18T00:08:41.041769+00:00
 [00462/3000] modify simple     /srv/fim-watch/critico/gen_00081.txt ts=2026-09-18T00:08:41.141929+00:00
 [00463/3000] modify revertido  /srv/fim-watch/gen_00066.txt ts=2026-09-18T00:08:41.241765+00:00
 [00464/3000] modify revertido  /srv/fim-watch/gen_00066.txt ts=2026-09-18T00:08:41.341685+00:00
 [00465/3000] modify simple     /srv/fim-watch/critico/gen_00087.txt ts=2026-09-18T00:08:41.441696+00:00
 [00466/3000] delete simple     /srv/fim-watch/gen_00019.txt ts=2026-09-18T00:08:41.542064+00:00
 [00467/3000] modify simple     /srv/fim-watch/gen_00029.txt ts=2026-09-18T00:08:41.641759+00:00
 [00468/3000] create simple     /srv/fim-watch/gen_00088.txt ts=2026-09-18T00:08:41.741655+00:00
 [00469/3000] create simple     /srv/fim-watch/gen_00089.txt ts=2026-09-18T00:08:41.841654+00:00
 [00470/3000] modify simple     /srv/fim-watch/gen_00050.txt ts=2026-09-18T00:08:41.941685+00:00
 [00471/3000] create simple     /srv/fim-watch/gen_00090.txt ts=2026-09-18T00:08:42.041709+00:00
 [00472/3000] modify colapsado  /srv/fim-watch/critico/gen_00081.txt ts=2026-09-18T00:08:42.141888+00:00
 [00473/3000] modify colapsado  /srv/fim-watch/critico/gen_00081.txt ts=2026-09-18T00:08:42.241761+00:00
 [00474/3000] modify colapsado  /srv/fim-watch/critico/gen_00081.txt ts=2026-09-18T00:08:42.341833+00:00
 [00475/3000] modify colapsado  /srv/fim-watch/critico/gen_00081.txt ts=2026-09-18T00:08:42.441791+00:00
 [00476/3000] modify colapsado  /srv/fim-watch/critico/gen_00081.txt ts=2026-09-18T00:08:42.541783+00:00
 [00477/3000] delete simple     /srv/fim-watch/gen_00045.txt ts=2026-09-18T00:08:42.641643+00:00
 [00478/3000] delete simple     /srv/fim-watch/gen_00013.txt ts=2026-09-18T00:08:42.741604+00:00
 [00479/3000] create simple     /srv/fim-watch/critico/gen_00091.txt ts=2026-09-18T00:08:42.841545+00:00
 [00480/3000] modify simple     /srv/fim-watch/gen_00033.txt ts=2026-09-18T00:08:42.941657+00:00
 [00481/3000] modify simple     /srv/fim-watch/gen_00040.txt ts=2026-09-18T00:08:43.041837+00:00
 [00482/3000] modify simple     /srv/fim-watch/gen_00057.txt ts=2026-09-18T00:08:43.141774+00:00
 [00483/3000] modify simple     /srv/fim-watch/gen_00040.txt ts=2026-09-18T00:08:43.241835+00:00
 [00484/3000] modify colapsado  /srv/fim-watch/gen_00054.txt ts=2026-09-18T00:08:43.341788+00:00
 [00485/3000] modify colapsado  /srv/fim-watch/gen_00054.txt ts=2026-09-18T00:08:43.441789+00:00
 [00486/3000] modify colapsado  /srv/fim-watch/gen_00054.txt ts=2026-09-18T00:08:43.541743+00:00
 [00487/3000] modify colapsado  /srv/fim-watch/gen_00054.txt ts=2026-09-18T00:08:43.641788+00:00
 [00488/3000] modify colapsado  /srv/fim-watch/gen_00054.txt ts=2026-09-18T00:08:43.741735+00:00
 [00489/3000] create simple     /srv/fim-watch/gen_00092.txt ts=2026-09-18T00:08:43.841933+00:00
 [00490/3000] delete simple     /srv/fim-watch/critico/gen_00087.txt ts=2026-09-18T00:08:43.942103+00:00
 [00491/3000] modify revertido  /srv/fim-watch/gen_00070.txt ts=2026-09-18T00:08:44.041757+00:00
 [00492/3000] modify revertido  /srv/fim-watch/gen_00070.txt ts=2026-09-18T00:08:44.141730+00:00
 [00493/3000] create simple     /srv/fim-watch/gen_00093.txt ts=2026-09-18T00:08:44.241679+00:00
 [00494/3000] modify simple     /srv/fim-watch/critico/gen_00047.txt ts=2026-09-18T00:08:44.341757+00:00
 [00495/3000] create simple     /srv/fim-watch/critico/gen_00094.txt ts=2026-09-18T00:08:44.441649+00:00
 [00496/3000] create simple     /srv/fim-watch/gen_00095.txt ts=2026-09-18T00:08:44.541473+00:00
 [00497/3000] modify simple     /srv/fim-watch/gen_00089.txt ts=2026-09-18T00:08:44.641748+00:00
 [00498/3000] create simple     /srv/fim-watch/gen_00096.txt ts=2026-09-18T00:08:44.741728+00:00
 [00499/3000] delete simple     /srv/fim-watch/gen_00095.txt ts=2026-09-18T00:08:44.841622+00:00
 [00500/3000] modify simple     /srv/fim-watch/gen_00055.txt ts=2026-09-18T00:08:44.941748+00:00
 [00501/3000] modify simple     /srv/fim-watch/gen_00071.txt ts=2026-09-18T00:08:45.042008+00:00
 [00502/3000] create simple     /srv/fim-watch/gen_00097.txt ts=2026-09-18T00:08:45.141651+00:00
 [00503/3000] modify simple     /srv/fim-watch/gen_00055.txt ts=2026-09-18T00:08:45.241786+00:00
 [00504/3000] modify revertido  /srv/fim-watch/critico/gen_00037.txt ts=2026-09-18T00:08:45.341812+00:00
 [00505/3000] modify revertido  /srv/fim-watch/critico/gen_00037.txt ts=2026-09-18T00:08:45.441741+00:00
 [00506/3000] modify simple     /srv/fim-watch/gen_00029.txt ts=2026-09-18T00:08:45.541745+00:00
 [00507/3000] modify simple     /srv/fim-watch/gen_00085.txt ts=2026-09-18T00:08:45.641737+00:00
 [00508/3000] modify simple     /srv/fim-watch/gen_00055.txt ts=2026-09-18T00:08:45.741705+00:00
 [00509/3000] delete simple     /srv/fim-watch/gen_00082.txt ts=2026-09-18T00:08:45.841568+00:00
 [00510/3000] delete simple     /srv/fim-watch/gen_00055.txt ts=2026-09-18T00:08:45.941724+00:00
 [00511/3000] create simple     /srv/fim-watch/gen_00098.txt ts=2026-09-18T00:08:46.041919+00:00
 [00512/3000] create simple     /srv/fim-watch/gen_00099.txt ts=2026-09-18T00:08:46.141841+00:00
 [00513/3000] modify simple     /srv/fim-watch/gen_00043.txt ts=2026-09-18T00:08:46.241781+00:00
 [00514/3000] modify simple     /srv/fim-watch/gen_00093.txt ts=2026-09-18T00:08:46.341811+00:00
 [00515/3000] modify simple     /srv/fim-watch/gen_00066.txt ts=2026-09-18T00:08:46.441519+00:00
 [00516/3000] modify simple     /srv/fim-watch/critico/gen_00025.txt ts=2026-09-18T00:08:46.541842+00:00
 [00517/3000] create simple     /srv/fim-watch/gen_00100.txt ts=2026-09-18T00:08:46.641647+00:00
 [00518/3000] modify simple     /srv/fim-watch/gen_00090.txt ts=2026-09-18T00:08:46.741561+00:00
 [00519/3000] delete simple     /srv/fim-watch/gen_00077.txt ts=2026-09-18T00:08:46.841696+00:00
 [00520/3000] modify simple     /srv/fim-watch/gen_00098.txt ts=2026-09-18T00:08:46.942347+00:00
 [00521/3000] modify simple     /srv/fim-watch/gen_00067.txt ts=2026-09-18T00:08:47.041974+00:00
 [00522/3000] modify simple     /srv/fim-watch/gen_00093.txt ts=2026-09-18T00:08:47.141518+00:00
 [00523/3000] modify simple     /srv/fim-watch/gen_00071.txt ts=2026-09-18T00:08:47.242270+00:00
 [00524/3000] modify simple     /srv/fim-watch/gen_00006.txt ts=2026-09-18T00:08:47.341811+00:00
 [00525/3000] create efimero    /srv/fim-watch/gen_00101.txt ts=2026-09-18T00:08:47.442155+00:00
 [00526/3000] delete efimero    /srv/fim-watch/gen_00101.txt ts=2026-09-18T00:08:47.541988+00:00
 [00527/3000] modify simple     /srv/fim-watch/gen_00049.txt ts=2026-09-18T00:08:47.642236+00:00
 [00528/3000] modify colapsado  /srv/fim-watch/gen_00067.txt ts=2026-09-18T00:08:47.741781+00:00
 [00529/3000] modify colapsado  /srv/fim-watch/gen_00067.txt ts=2026-09-18T00:08:47.841945+00:00
 [00530/3000] modify colapsado  /srv/fim-watch/gen_00067.txt ts=2026-09-18T00:08:47.941776+00:00
 [00531/3000] modify colapsado  /srv/fim-watch/gen_00067.txt ts=2026-09-18T00:08:48.041776+00:00
 [00532/3000] modify colapsado  /srv/fim-watch/gen_00067.txt ts=2026-09-18T00:08:48.142128+00:00
 [00533/3000] modify simple     /srv/fim-watch/gen_00071.txt ts=2026-09-18T00:08:48.242273+00:00
 [00534/3000] create simple     /srv/fim-watch/gen_00102.txt ts=2026-09-18T00:08:48.341944+00:00
 [00535/3000] create simple     /srv/fim-watch/gen_00103.txt ts=2026-09-18T00:08:48.441903+00:00
 [00536/3000] modify simple     /srv/fim-watch/gen_00072.txt ts=2026-09-18T00:08:48.541580+00:00
 [00537/3000] modify simple     /srv/fim-watch/gen_00028.txt ts=2026-09-18T00:08:48.642157+00:00
 [00538/3000] delete simple     /srv/fim-watch/critico/gen_00081.txt ts=2026-09-18T00:08:48.742141+00:00
 [00539/3000] modify simple     /srv/fim-watch/gen_00070.txt ts=2026-09-18T00:08:48.842079+00:00
 [00540/3000] modify colapsado  /srv/fim-watch/gen_00050.txt ts=2026-09-18T00:08:48.942093+00:00
 [00541/3000] modify colapsado  /srv/fim-watch/gen_00050.txt ts=2026-09-18T00:08:49.042081+00:00
 [00542/3000] modify colapsado  /srv/fim-watch/gen_00050.txt ts=2026-09-18T00:08:49.142306+00:00
 [00543/3000] modify colapsado  /srv/fim-watch/gen_00050.txt ts=2026-09-18T00:08:49.242216+00:00
 [00544/3000] modify colapsado  /srv/fim-watch/gen_00050.txt ts=2026-09-18T00:08:49.341810+00:00
 [00545/3000] modify simple     /srv/fim-watch/gen_00071.txt ts=2026-09-18T00:08:49.441717+00:00
 [00546/3000] modify simple     /srv/fim-watch/gen_00072.txt ts=2026-09-18T00:08:49.542083+00:00
 [00547/3000] create simple     /srv/fim-watch/gen_00104.txt ts=2026-09-18T00:08:49.641434+00:00
 [00548/3000] modify simple     /srv/fim-watch/gen_00028.txt ts=2026-09-18T00:08:49.742081+00:00
 [00549/3000] modify revertido  /srv/fim-watch/critico/gen_00069.txt ts=2026-09-18T00:08:49.841776+00:00
 [00550/3000] modify revertido  /srv/fim-watch/critico/gen_00069.txt ts=2026-09-18T00:08:49.941648+00:00
 [00551/3000] create simple     /srv/fim-watch/gen_00105.txt ts=2026-09-18T00:08:50.041582+00:00
 [00552/3000] modify simple     /srv/fim-watch/gen_00048.txt ts=2026-09-18T00:08:50.141701+00:00
 [00553/3000] modify simple     /srv/fim-watch/gen_00048.txt ts=2026-09-18T00:08:50.242068+00:00
 [00554/3000] modify simple     /srv/fim-watch/gen_00086.txt ts=2026-09-18T00:08:50.342174+00:00
 [00555/3000] modify revertido  /srv/fim-watch/gen_00036.txt ts=2026-09-18T00:08:50.442068+00:00
 [00556/3000] modify revertido  /srv/fim-watch/gen_00036.txt ts=2026-09-18T00:08:50.541780+00:00
 [00557/3000] modify simple     /srv/fim-watch/gen_00040.txt ts=2026-09-18T00:08:50.641777+00:00
 [00558/3000] modify revertido  /srv/fim-watch/gen_00036.txt ts=2026-09-18T00:08:50.741812+00:00
 [00559/3000] modify revertido  /srv/fim-watch/gen_00036.txt ts=2026-09-18T00:08:50.841647+00:00
 [00560/3000] modify revertido  /srv/fim-watch/gen_00073.txt ts=2026-09-18T00:08:50.941722+00:00
 [00561/3000] modify revertido  /srv/fim-watch/gen_00073.txt ts=2026-09-18T00:08:51.042109+00:00
 [00562/3000] modify simple     /srv/fim-watch/gen_00042.txt ts=2026-09-18T00:08:51.142367+00:00
 [00563/3000] modify simple     /srv/fim-watch/gen_00040.txt ts=2026-09-18T00:08:51.241788+00:00
 [00564/3000] modify simple     /srv/fim-watch/gen_00088.txt ts=2026-09-18T00:08:51.341783+00:00
 [00565/3000] create simple     /srv/fim-watch/gen_00106.txt ts=2026-09-18T00:08:51.442150+00:00
 [00566/3000] modify simple     /srv/fim-watch/gen_00076.txt ts=2026-09-18T00:08:51.541523+00:00
 [00567/3000] modify simple     /srv/fim-watch/gen_00072.txt ts=2026-09-18T00:08:51.641757+00:00
 [00568/3000] modify revertido  /srv/fim-watch/gen_00036.txt ts=2026-09-18T00:08:51.742406+00:00
 [00569/3000] modify revertido  /srv/fim-watch/gen_00036.txt ts=2026-09-18T00:08:51.841765+00:00
 [00570/3000] modify simple     /srv/fim-watch/gen_00049.txt ts=2026-09-18T00:08:51.942239+00:00
 [00571/3000] create efimero    /srv/fim-watch/gen_00107.txt ts=2026-09-18T00:08:52.041770+00:00
 [00572/3000] delete efimero    /srv/fim-watch/gen_00107.txt ts=2026-09-18T00:08:52.141827+00:00
 [00573/3000] modify simple     /srv/fim-watch/gen_00054.txt ts=2026-09-18T00:08:52.242058+00:00
 [00574/3000] modify simple     /srv/fim-watch/gen_00103.txt ts=2026-09-18T00:08:52.342268+00:00
 [00575/3000] modify simple     /srv/fim-watch/gen_00064.txt ts=2026-09-18T00:08:52.441846+00:00
 [00576/3000] modify simple     /srv/fim-watch/gen_00096.txt ts=2026-09-18T00:08:52.542281+00:00
 [00577/3000] modify simple     /srv/fim-watch/gen_00078.txt ts=2026-09-18T00:08:52.642243+00:00
 [00578/3000] modify simple     /srv/fim-watch/gen_00020.txt ts=2026-09-18T00:08:52.742304+00:00
 [00579/3000] modify simple     /srv/fim-watch/gen_00044.txt ts=2026-09-18T00:08:52.841849+00:00
 [00580/3000] modify revertido  /srv/fim-watch/gen_00073.txt ts=2026-09-18T00:08:52.941829+00:00
 [00581/3000] modify revertido  /srv/fim-watch/gen_00073.txt ts=2026-09-18T00:08:53.041771+00:00
 [00582/3000] create simple     /srv/fim-watch/gen_00108.txt ts=2026-09-18T00:08:53.141889+00:00
 [00583/3000] create simple     /srv/fim-watch/gen_00109.txt ts=2026-09-18T00:08:53.241679+00:00
 [00584/3000] modify simple     /srv/fim-watch/gen_00033.txt ts=2026-09-18T00:08:53.342165+00:00
 [00585/3000] modify revertido  /srv/fim-watch/gen_00029.txt ts=2026-09-18T00:08:53.441983+00:00
 [00586/3000] modify revertido  /srv/fim-watch/gen_00029.txt ts=2026-09-18T00:08:53.542123+00:00
 [00587/3000] create simple     /srv/fim-watch/critico/gen_00110.txt ts=2026-09-18T00:08:53.641667+00:00
 [00588/3000] create simple     /srv/fim-watch/gen_00111.txt ts=2026-09-18T00:08:53.742074+00:00
 [00589/3000] modify simple     /srv/fim-watch/gen_00079.txt ts=2026-09-18T00:08:53.841908+00:00
 [00590/3000] modify simple     /srv/fim-watch/gen_00060.txt ts=2026-09-18T00:08:53.941828+00:00
 [00591/3000] create efimero    /srv/fim-watch/gen_00112.txt ts=2026-09-18T00:08:54.041910+00:00
 [00592/3000] delete efimero    /srv/fim-watch/gen_00112.txt ts=2026-09-18T00:08:54.142082+00:00
 [00593/3000] modify revertido  /srv/fim-watch/gen_00088.txt ts=2026-09-18T00:08:54.242098+00:00
 [00594/3000] modify revertido  /srv/fim-watch/gen_00088.txt ts=2026-09-18T00:08:54.342511+00:00
 [00595/3000] modify simple     /srv/fim-watch/gen_00058.txt ts=2026-09-18T00:08:54.441899+00:00
 [00596/3000] modify simple     /srv/fim-watch/gen_00048.txt ts=2026-09-18T00:08:54.542112+00:00
 [00597/3000] modify revertido  /srv/fim-watch/gen_00042.txt ts=2026-09-18T00:08:54.641563+00:00
 [00598/3000] modify revertido  /srv/fim-watch/gen_00042.txt ts=2026-09-18T00:08:54.741785+00:00
 [00599/3000] delete simple     /srv/fim-watch/gen_00059.txt ts=2026-09-18T00:08:54.841759+00:00
 [00600/3000] create simple     /srv/fim-watch/gen_00113.txt ts=2026-09-18T00:08:54.941733+00:00
 [00601/3000] delete simple     /srv/fim-watch/gen_00092.txt ts=2026-09-18T00:08:55.042093+00:00
 [00602/3000] modify simple     /srv/fim-watch/gen_00006.txt ts=2026-09-18T00:08:55.142240+00:00
 [00603/3000] modify revertido  /srv/fim-watch/gen_00072.txt ts=2026-09-18T00:08:55.242112+00:00
 [00604/3000] modify revertido  /srv/fim-watch/gen_00072.txt ts=2026-09-18T00:08:55.342376+00:00
 [00605/3000] modify simple     /srv/fim-watch/gen_00070.txt ts=2026-09-18T00:08:55.441803+00:00
 [00606/3000] modify colapsado  /srv/fim-watch/gen_00079.txt ts=2026-09-18T00:08:55.542109+00:00
 [00607/3000] modify colapsado  /srv/fim-watch/gen_00079.txt ts=2026-09-18T00:08:55.642249+00:00
 [00608/3000] modify colapsado  /srv/fim-watch/gen_00079.txt ts=2026-09-18T00:08:55.742316+00:00
 [00609/3000] modify colapsado  /srv/fim-watch/gen_00079.txt ts=2026-09-18T00:08:55.842101+00:00
 [00610/3000] modify colapsado  /srv/fim-watch/gen_00079.txt ts=2026-09-18T00:08:55.941616+00:00
 [00611/3000] modify simple     /srv/fim-watch/gen_00020.txt ts=2026-09-18T00:08:56.042289+00:00
 [00612/3000] modify simple     /srv/fim-watch/gen_00060.txt ts=2026-09-18T00:08:56.141783+00:00
 [00613/3000] modify simple     /srv/fim-watch/gen_00049.txt ts=2026-09-18T00:08:56.242329+00:00
 [00614/3000] create simple     /srv/fim-watch/gen_00114.txt ts=2026-09-18T00:08:56.342082+00:00
 [00615/3000] create simple     /srv/fim-watch/gen_00115.txt ts=2026-09-18T00:08:56.441753+00:00
 [00616/3000] modify simple     /srv/fim-watch/gen_00033.txt ts=2026-09-18T00:08:56.541914+00:00
 [00617/3000] modify simple     /srv/fim-watch/gen_00088.txt ts=2026-09-18T00:08:56.642284+00:00
 [00618/3000] create simple     /srv/fim-watch/gen_00116.txt ts=2026-09-18T00:08:56.741889+00:00
 [00619/3000] modify simple     /srv/fim-watch/gen_00106.txt ts=2026-09-18T00:08:56.841734+00:00
 [00620/3000] modify simple     /srv/fim-watch/gen_00016.txt ts=2026-09-18T00:08:56.941770+00:00
 [00621/3000] create simple     /srv/fim-watch/gen_00117.txt ts=2026-09-18T00:08:57.041718+00:00
 [00622/3000] modify simple     /srv/fim-watch/gen_00067.txt ts=2026-09-18T00:08:57.141785+00:00
 [00623/3000] delete simple     /srv/fim-watch/critico/gen_00094.txt ts=2026-09-18T00:08:57.241941+00:00
 [00624/3000] delete simple     /srv/fim-watch/gen_00028.txt ts=2026-09-18T00:08:57.341800+00:00
 [00625/3000] modify simple     /srv/fim-watch/gen_00050.txt ts=2026-09-18T00:08:57.441730+00:00
 [00626/3000] modify simple     /srv/fim-watch/critico/gen_00069.txt ts=2026-09-18T00:08:57.542276+00:00
 [00627/3000] create efimero    /srv/fim-watch/gen_00118.txt ts=2026-09-18T00:08:57.641680+00:00
 [00628/3000] delete efimero    /srv/fim-watch/gen_00118.txt ts=2026-09-18T00:08:57.742011+00:00
 [00629/3000] modify colapsado  /srv/fim-watch/gen_00044.txt ts=2026-09-18T00:08:57.842266+00:00
 [00630/3000] modify colapsado  /srv/fim-watch/gen_00044.txt ts=2026-09-18T00:08:57.942025+00:00
 [00631/3000] modify colapsado  /srv/fim-watch/gen_00044.txt ts=2026-09-18T00:08:58.041665+00:00
 [00632/3000] modify colapsado  /srv/fim-watch/gen_00044.txt ts=2026-09-18T00:08:58.141522+00:00
 [00633/3000] modify colapsado  /srv/fim-watch/gen_00044.txt ts=2026-09-18T00:08:58.242151+00:00
 [00634/3000] modify simple     /srv/fim-watch/gen_00116.txt ts=2026-09-18T00:08:58.342273+00:00
 [00635/3000] create simple     /srv/fim-watch/gen_00119.txt ts=2026-09-18T00:08:58.441812+00:00
 [00636/3000] modify simple     /srv/fim-watch/gen_00042.txt ts=2026-09-18T00:08:58.541833+00:00
 [00637/3000] create simple     /srv/fim-watch/gen_00120.txt ts=2026-09-18T00:08:58.641505+00:00
 [00638/3000] create simple     /srv/fim-watch/gen_00121.txt ts=2026-09-18T00:08:58.741917+00:00
 [00639/3000] modify simple     /srv/fim-watch/gen_00058.txt ts=2026-09-18T00:08:58.842029+00:00
 [00640/3000] create simple     /srv/fim-watch/gen_00122.txt ts=2026-09-18T00:08:58.941669+00:00
 [00641/3000] create simple     /srv/fim-watch/critico/gen_00123.txt ts=2026-09-18T00:08:59.041943+00:00
 [00642/3000] modify simple     /srv/fim-watch/gen_00102.txt ts=2026-09-18T00:08:59.141804+00:00
 [00643/3000] modify revertido  /srv/fim-watch/gen_00090.txt ts=2026-09-18T00:08:59.242349+00:00
 [00644/3000] modify revertido  /srv/fim-watch/gen_00090.txt ts=2026-09-18T00:08:59.342252+00:00
 [00645/3000] modify simple     /srv/fim-watch/gen_00098.txt ts=2026-09-18T00:08:59.441799+00:00
 [00646/3000] modify simple     /srv/fim-watch/gen_00068.txt ts=2026-09-18T00:08:59.541499+00:00
 [00647/3000] delete simple     /srv/fim-watch/critico/gen_00047.txt ts=2026-09-18T00:08:59.641458+00:00
 [00648/3000] modify simple     /srv/fim-watch/critico/gen_00061.txt ts=2026-09-18T00:08:59.741683+00:00
 [00649/3000] modify simple     /srv/fim-watch/critico/gen_00069.txt ts=2026-09-18T00:08:59.841797+00:00
 [00650/3000] create simple     /srv/fim-watch/gen_00124.txt ts=2026-09-18T00:08:59.941925+00:00
 [00651/3000] delete simple     /srv/fim-watch/gen_00097.txt ts=2026-09-18T00:09:00.041726+00:00
 [00652/3000] modify simple     /srv/fim-watch/gen_00033.txt ts=2026-09-18T00:09:00.141770+00:00
 [00653/3000] delete simple     /srv/fim-watch/gen_00076.txt ts=2026-09-18T00:09:00.241966+00:00
 [00654/3000] modify simple     /srv/fim-watch/gen_00100.txt ts=2026-09-18T00:09:00.342281+00:00
 [00655/3000] modify simple     /srv/fim-watch/critico/gen_00053.txt ts=2026-09-18T00:09:00.441812+00:00
 [00656/3000] modify simple     /srv/fim-watch/gen_00093.txt ts=2026-09-18T00:09:00.542324+00:00
 [00657/3000] create simple     /srv/fim-watch/gen_00125.txt ts=2026-09-18T00:09:00.641930+00:00
 [00658/3000] modify simple     /srv/fim-watch/gen_00104.txt ts=2026-09-18T00:09:00.742307+00:00
 [00659/3000] modify simple     /srv/fim-watch/gen_00115.txt ts=2026-09-18T00:09:00.842139+00:00
 [00660/3000] create simple     /srv/fim-watch/gen_00126.txt ts=2026-09-18T00:09:00.941421+00:00
 [00661/3000] modify simple     /srv/fim-watch/gen_00114.txt ts=2026-09-18T00:09:01.042207+00:00
 [00662/3000] modify simple     /srv/fim-watch/gen_00122.txt ts=2026-09-18T00:09:01.141930+00:00
 [00663/3000] create simple     /srv/fim-watch/gen_00127.txt ts=2026-09-18T00:09:01.241814+00:00
 [00664/3000] create simple     /srv/fim-watch/gen_00128.txt ts=2026-09-18T00:09:01.341912+00:00
 [00665/3000] modify simple     /srv/fim-watch/gen_00098.txt ts=2026-09-18T00:09:01.441733+00:00
 [00666/3000] modify revertido  /srv/fim-watch/critico/gen_00110.txt ts=2026-09-18T00:09:01.542289+00:00
 [00667/3000] modify revertido  /srv/fim-watch/critico/gen_00110.txt ts=2026-09-18T00:09:01.642363+00:00
 [00668/3000] delete simple     /srv/fim-watch/gen_00090.txt ts=2026-09-18T00:09:01.742104+00:00
 [00669/3000] modify simple     /srv/fim-watch/gen_00116.txt ts=2026-09-18T00:09:01.841767+00:00
 [00670/3000] modify simple     /srv/fim-watch/gen_00125.txt ts=2026-09-18T00:09:01.941910+00:00
 [00671/3000] create simple     /srv/fim-watch/gen_00129.txt ts=2026-09-18T00:09:02.041811+00:00
 [00672/3000] create simple     /srv/fim-watch/critico/gen_00130.txt ts=2026-09-18T00:09:02.142188+00:00
 [00673/3000] create simple     /srv/fim-watch/gen_00131.txt ts=2026-09-18T00:09:02.242125+00:00
 [00674/3000] modify simple     /srv/fim-watch/gen_00100.txt ts=2026-09-18T00:09:02.341776+00:00
 [00675/3000] modify simple     /srv/fim-watch/gen_00054.txt ts=2026-09-18T00:09:02.441901+00:00
 [00676/3000] create simple     /srv/fim-watch/gen_00132.txt ts=2026-09-18T00:09:02.541715+00:00
 [00677/3000] modify simple     /srv/fim-watch/gen_00129.txt ts=2026-09-18T00:09:02.641755+00:00
 [00678/3000] modify revertido  /srv/fim-watch/gen_00099.txt ts=2026-09-18T00:09:02.741790+00:00
 [00679/3000] modify revertido  /srv/fim-watch/gen_00099.txt ts=2026-09-18T00:09:02.841775+00:00
 [00680/3000] modify simple     /srv/fim-watch/critico/gen_00061.txt ts=2026-09-18T00:09:02.941798+00:00
 [00681/3000] modify simple     /srv/fim-watch/gen_00104.txt ts=2026-09-18T00:09:03.042276+00:00
 [00682/3000] modify simple     /srv/fim-watch/critico/gen_00110.txt ts=2026-09-18T00:09:03.141698+00:00
 [00683/3000] delete simple     /srv/fim-watch/critico/gen_00110.txt ts=2026-09-18T00:09:03.242027+00:00
 [00684/3000] modify simple     /srv/fim-watch/gen_00079.txt ts=2026-09-18T00:09:03.342033+00:00
 [00685/3000] modify simple     /srv/fim-watch/gen_00109.txt ts=2026-09-18T00:09:03.441928+00:00
 [00686/3000] delete simple     /srv/fim-watch/gen_00119.txt ts=2026-09-18T00:09:03.542014+00:00
 [00687/3000] modify simple     /srv/fim-watch/gen_00042.txt ts=2026-09-18T00:09:03.642039+00:00
 [00688/3000] modify simple     /srv/fim-watch/gen_00093.txt ts=2026-09-18T00:09:03.741903+00:00
 [00689/3000] delete simple     /srv/fim-watch/critico/gen_00069.txt ts=2026-09-18T00:09:03.841640+00:00
 [00690/3000] create efimero    /srv/fim-watch/gen_00133.txt ts=2026-09-18T00:09:03.941663+00:00
 [00691/3000] delete efimero    /srv/fim-watch/gen_00133.txt ts=2026-09-18T00:09:04.041971+00:00
 [00692/3000] modify simple     /srv/fim-watch/gen_00079.txt ts=2026-09-18T00:09:04.142369+00:00
 [00693/3000] modify simple     /srv/fim-watch/gen_00116.txt ts=2026-09-18T00:09:04.242032+00:00
 [00694/3000] modify simple     /srv/fim-watch/gen_00068.txt ts=2026-09-18T00:09:04.342291+00:00
 [00695/3000] modify colapsado  /srv/fim-watch/gen_00088.txt ts=2026-09-18T00:09:04.441750+00:00
 [00696/3000] modify colapsado  /srv/fim-watch/gen_00088.txt ts=2026-09-18T00:09:04.542107+00:00
 [00697/3000] modify colapsado  /srv/fim-watch/gen_00088.txt ts=2026-09-18T00:09:04.641992+00:00
 [00698/3000] modify colapsado  /srv/fim-watch/gen_00088.txt ts=2026-09-18T00:09:04.741410+00:00
 [00699/3000] modify colapsado  /srv/fim-watch/gen_00088.txt ts=2026-09-18T00:09:04.841410+00:00
 [00700/3000] create simple     /srv/fim-watch/gen_00134.txt ts=2026-09-18T00:09:04.941594+00:00
 [00701/3000] modify simple     /srv/fim-watch/gen_00100.txt ts=2026-09-18T00:09:05.041755+00:00
 [00702/3000] delete simple     /srv/fim-watch/gen_00044.txt ts=2026-09-18T00:09:05.141906+00:00
 [00703/3000] create simple     /srv/fim-watch/gen_00135.txt ts=2026-09-18T00:09:05.241753+00:00
 [00704/3000] modify simple     /srv/fim-watch/gen_00060.txt ts=2026-09-18T00:09:05.342276+00:00
 [00705/3000] modify colapsado  /srv/fim-watch/gen_00121.txt ts=2026-09-18T00:09:05.441627+00:00
 [00706/3000] modify colapsado  /srv/fim-watch/gen_00121.txt ts=2026-09-18T00:09:05.542263+00:00
 [00707/3000] modify colapsado  /srv/fim-watch/gen_00121.txt ts=2026-09-18T00:09:05.642266+00:00
 [00708/3000] modify colapsado  /srv/fim-watch/gen_00121.txt ts=2026-09-18T00:09:05.741940+00:00
 [00709/3000] modify colapsado  /srv/fim-watch/gen_00121.txt ts=2026-09-18T00:09:05.842006+00:00
 [00710/3000] modify revertido  /srv/fim-watch/gen_00084.txt ts=2026-09-18T00:09:05.941754+00:00
 [00711/3000] modify revertido  /srv/fim-watch/gen_00084.txt ts=2026-09-18T00:09:06.041747+00:00
 [00712/3000] create simple     /srv/fim-watch/gen_00136.txt ts=2026-09-18T00:09:06.142137+00:00
 [00713/3000] modify simple     /srv/fim-watch/gen_00100.txt ts=2026-09-18T00:09:06.242305+00:00
 [00714/3000] modify revertido  /srv/fim-watch/gen_00060.txt ts=2026-09-18T00:09:06.342366+00:00
 [00715/3000] modify revertido  /srv/fim-watch/gen_00060.txt ts=2026-09-18T00:09:06.441795+00:00
 [00716/3000] modify simple     /srv/fim-watch/gen_00067.txt ts=2026-09-18T00:09:06.542294+00:00
 [00717/3000] modify simple     /srv/fim-watch/gen_00042.txt ts=2026-09-18T00:09:06.641796+00:00
 [00718/3000] create efimero    /srv/fim-watch/gen_00137.txt ts=2026-09-18T00:09:06.742134+00:00
 [00719/3000] delete efimero    /srv/fim-watch/gen_00137.txt ts=2026-09-18T00:09:06.842112+00:00
 [00720/3000] modify simple     /srv/fim-watch/critico/gen_00061.txt ts=2026-09-18T00:09:06.941936+00:00
 [00721/3000] delete simple     /srv/fim-watch/gen_00121.txt ts=2026-09-18T00:09:07.041785+00:00
 [00722/3000] modify revertido  /srv/fim-watch/gen_00085.txt ts=2026-09-18T00:09:07.141999+00:00
 [00723/3000] modify revertido  /srv/fim-watch/gen_00085.txt ts=2026-09-18T00:09:07.241993+00:00
 [00724/3000] modify simple     /srv/fim-watch/gen_00116.txt ts=2026-09-18T00:09:07.342290+00:00
 [00725/3000] modify simple     /srv/fim-watch/gen_00136.txt ts=2026-09-18T00:09:07.441904+00:00
 [00726/3000] modify simple     /srv/fim-watch/gen_00029.txt ts=2026-09-18T00:09:07.542189+00:00
 [00727/3000] modify simple     /srv/fim-watch/critico/gen_00123.txt ts=2026-09-18T00:09:07.641916+00:00
 [00728/3000] modify simple     /srv/fim-watch/gen_00062.txt ts=2026-09-18T00:09:07.741787+00:00
 [00729/3000] modify simple     /srv/fim-watch/gen_00065.txt ts=2026-09-18T00:09:07.841960+00:00
 [00730/3000] modify simple     /srv/fim-watch/gen_00106.txt ts=2026-09-18T00:09:07.941800+00:00
 [00731/3000] create efimero    /srv/fim-watch/critico/gen_00138.txt ts=2026-09-18T00:09:08.042126+00:00
 [00732/3000] delete efimero    /srv/fim-watch/critico/gen_00138.txt ts=2026-09-18T00:09:08.141515+00:00
 [00733/3000] modify simple     /srv/fim-watch/gen_00054.txt ts=2026-09-18T00:09:08.242225+00:00
 [00734/3000] create simple     /srv/fim-watch/gen_00139.txt ts=2026-09-18T00:09:08.342149+00:00
 [00735/3000] delete simple     /srv/fim-watch/gen_00072.txt ts=2026-09-18T00:09:08.441649+00:00
 [00736/3000] modify colapsado  /srv/fim-watch/gen_00116.txt ts=2026-09-18T00:09:08.542023+00:00
 [00737/3000] modify colapsado  /srv/fim-watch/gen_00116.txt ts=2026-09-18T00:09:08.641845+00:00
 [00738/3000] modify colapsado  /srv/fim-watch/gen_00116.txt ts=2026-09-18T00:09:08.741781+00:00
 [00739/3000] modify colapsado  /srv/fim-watch/gen_00116.txt ts=2026-09-18T00:09:08.841799+00:00
 [00740/3000] modify colapsado  /srv/fim-watch/gen_00116.txt ts=2026-09-18T00:09:08.941809+00:00
 [00741/3000] modify simple     /srv/fim-watch/gen_00078.txt ts=2026-09-18T00:09:09.041829+00:00
 [00742/3000] create simple     /srv/fim-watch/gen_00140.txt ts=2026-09-18T00:09:09.142132+00:00
 [00743/3000] modify colapsado  /srv/fim-watch/gen_00086.txt ts=2026-09-18T00:09:09.242186+00:00
 [00744/3000] modify colapsado  /srv/fim-watch/gen_00086.txt ts=2026-09-18T00:09:09.342043+00:00
 [00745/3000] modify colapsado  /srv/fim-watch/gen_00086.txt ts=2026-09-18T00:09:09.441789+00:00
 [00746/3000] modify colapsado  /srv/fim-watch/gen_00086.txt ts=2026-09-18T00:09:09.542255+00:00
 [00747/3000] modify colapsado  /srv/fim-watch/gen_00086.txt ts=2026-09-18T00:09:09.641996+00:00
 [00748/3000] create simple     /srv/fim-watch/critico/gen_00141.txt ts=2026-09-18T00:09:09.741658+00:00
 [00749/3000] modify simple     /srv/fim-watch/gen_00088.txt ts=2026-09-18T00:09:09.841569+00:00
 [00750/3000] modify simple     /srv/fim-watch/gen_00140.txt ts=2026-09-18T00:09:09.941375+00:00
 [00751/3000] modify simple     /srv/fim-watch/gen_00073.txt ts=2026-09-18T00:09:10.041558+00:00
 [00752/3000] modify simple     /srv/fim-watch/gen_00135.txt ts=2026-09-18T00:09:10.141395+00:00
 [00753/3000] modify simple     /srv/fim-watch/gen_00102.txt ts=2026-09-18T00:09:10.241825+00:00
 [00754/3000] modify simple     /srv/fim-watch/gen_00050.txt ts=2026-09-18T00:09:10.342095+00:00
 [00755/3000] modify simple     /srv/fim-watch/gen_00117.txt ts=2026-09-18T00:09:10.441755+00:00
 [00756/3000] create simple     /srv/fim-watch/gen_00142.txt ts=2026-09-18T00:09:10.541674+00:00
 [00757/3000] modify simple     /srv/fim-watch/gen_00131.txt ts=2026-09-18T00:09:10.641550+00:00
 [00758/3000] modify simple     /srv/fim-watch/gen_00089.txt ts=2026-09-18T00:09:10.742374+00:00
 [00759/3000] modify simple     /srv/fim-watch/gen_00128.txt ts=2026-09-18T00:09:10.841806+00:00
 [00760/3000] modify revertido  /srv/fim-watch/critico/gen_00061.txt ts=2026-09-18T00:09:10.941713+00:00
 [00761/3000] modify revertido  /srv/fim-watch/critico/gen_00061.txt ts=2026-09-18T00:09:11.041749+00:00
 [00762/3000] modify simple     /srv/fim-watch/gen_00086.txt ts=2026-09-18T00:09:11.142321+00:00
 [00763/3000] create efimero    /srv/fim-watch/gen_00143.txt ts=2026-09-18T00:09:11.241961+00:00
 [00764/3000] delete efimero    /srv/fim-watch/gen_00143.txt ts=2026-09-18T00:09:11.342028+00:00
 [00765/3000] modify colapsado  /srv/fim-watch/gen_00054.txt ts=2026-09-18T00:09:11.441962+00:00
 [00766/3000] modify colapsado  /srv/fim-watch/gen_00054.txt ts=2026-09-18T00:09:11.541788+00:00
 [00767/3000] modify colapsado  /srv/fim-watch/gen_00054.txt ts=2026-09-18T00:09:11.641963+00:00
 [00768/3000] modify colapsado  /srv/fim-watch/gen_00054.txt ts=2026-09-18T00:09:11.741584+00:00
 [00769/3000] modify colapsado  /srv/fim-watch/gen_00054.txt ts=2026-09-18T00:09:11.841598+00:00
 [00770/3000] modify revertido  /srv/fim-watch/gen_00117.txt ts=2026-09-18T00:09:11.941775+00:00
 [00771/3000] modify revertido  /srv/fim-watch/gen_00117.txt ts=2026-09-18T00:09:12.042021+00:00
 [00772/3000] create simple     /srv/fim-watch/critico/gen_00144.txt ts=2026-09-18T00:09:12.141929+00:00
 [00773/3000] modify simple     /srv/fim-watch/gen_00054.txt ts=2026-09-18T00:09:12.242031+00:00
 [00774/3000] create simple     /srv/fim-watch/gen_00145.txt ts=2026-09-18T00:09:12.341964+00:00
 [00775/3000] modify simple     /srv/fim-watch/gen_00105.txt ts=2026-09-18T00:09:12.441812+00:00
 [00776/3000] modify revertido  /srv/fim-watch/gen_00016.txt ts=2026-09-18T00:09:12.541786+00:00
 [00777/3000] modify revertido  /srv/fim-watch/gen_00016.txt ts=2026-09-18T00:09:12.641827+00:00
 [00778/3000] modify simple     /srv/fim-watch/critico/gen_00144.txt ts=2026-09-18T00:09:12.741649+00:00
 [00779/3000] create simple     /srv/fim-watch/gen_00146.txt ts=2026-09-18T00:09:12.841730+00:00
 [00780/3000] modify revertido  /srv/fim-watch/gen_00098.txt ts=2026-09-18T00:09:12.941784+00:00
 [00781/3000] modify revertido  /srv/fim-watch/gen_00098.txt ts=2026-09-18T00:09:13.041727+00:00
 [00782/3000] modify simple     /srv/fim-watch/gen_00128.txt ts=2026-09-18T00:09:13.141782+00:00
 [00783/3000] modify simple     /srv/fim-watch/gen_00074.txt ts=2026-09-18T00:09:13.241668+00:00
 [00784/3000] modify simple     /srv/fim-watch/gen_00073.txt ts=2026-09-18T00:09:13.342015+00:00
 [00785/3000] modify simple     /srv/fim-watch/gen_00135.txt ts=2026-09-18T00:09:13.441729+00:00
 [00786/3000] modify simple     /srv/fim-watch/gen_00100.txt ts=2026-09-18T00:09:13.541822+00:00
 [00787/3000] modify simple     /srv/fim-watch/gen_00115.txt ts=2026-09-18T00:09:13.642009+00:00
 [00788/3000] create simple     /srv/fim-watch/gen_00147.txt ts=2026-09-18T00:09:13.741476+00:00
 [00789/3000] delete simple     /srv/fim-watch/critico/gen_00091.txt ts=2026-09-18T00:09:13.841685+00:00
 [00790/3000] modify simple     /srv/fim-watch/gen_00062.txt ts=2026-09-18T00:09:13.941796+00:00
 [00791/3000] modify simple     /srv/fim-watch/gen_00132.txt ts=2026-09-18T00:09:14.041776+00:00
 [00792/3000] modify simple     /srv/fim-watch/gen_00048.txt ts=2026-09-18T00:09:14.141922+00:00
 [00793/3000] modify simple     /srv/fim-watch/gen_00136.txt ts=2026-09-18T00:09:14.242019+00:00
 [00794/3000] delete simple     /srv/fim-watch/gen_00109.txt ts=2026-09-18T00:09:14.341664+00:00
 [00795/3000] modify revertido  /srv/fim-watch/gen_00085.txt ts=2026-09-18T00:09:14.441523+00:00
 [00796/3000] modify revertido  /srv/fim-watch/gen_00085.txt ts=2026-09-18T00:09:14.541768+00:00
 [00797/3000] modify simple     /srv/fim-watch/critico/gen_00130.txt ts=2026-09-18T00:09:14.642005+00:00
 [00798/3000] modify simple     /srv/fim-watch/gen_00006.txt ts=2026-09-18T00:09:14.741791+00:00
 [00799/3000] create simple     /srv/fim-watch/gen_00148.txt ts=2026-09-18T00:09:14.841650+00:00
 [00800/3000] delete simple     /srv/fim-watch/gen_00116.txt ts=2026-09-18T00:09:14.941485+00:00
 [00801/3000] modify colapsado  /srv/fim-watch/gen_00148.txt ts=2026-09-18T00:09:15.041756+00:00
 [00802/3000] modify colapsado  /srv/fim-watch/gen_00148.txt ts=2026-09-18T00:09:15.141782+00:00
 [00803/3000] modify colapsado  /srv/fim-watch/gen_00148.txt ts=2026-09-18T00:09:15.241706+00:00
 [00804/3000] modify colapsado  /srv/fim-watch/gen_00148.txt ts=2026-09-18T00:09:15.341393+00:00
 [00805/3000] modify colapsado  /srv/fim-watch/gen_00148.txt ts=2026-09-18T00:09:15.441397+00:00
 [00806/3000] modify revertido  /srv/fim-watch/gen_00064.txt ts=2026-09-18T00:09:15.541692+00:00
 [00807/3000] modify revertido  /srv/fim-watch/gen_00064.txt ts=2026-09-18T00:09:15.641698+00:00
 [00808/3000] delete simple     /srv/fim-watch/gen_00085.txt ts=2026-09-18T00:09:15.741638+00:00
 [00809/3000] create simple     /srv/fim-watch/gen_00149.txt ts=2026-09-18T00:09:15.841685+00:00
 [00810/3000] modify simple     /srv/fim-watch/critico/gen_00144.txt ts=2026-09-18T00:09:15.941741+00:00
 [00811/3000] modify simple     /srv/fim-watch/gen_00103.txt ts=2026-09-18T00:09:16.041767+00:00
 [00812/3000] modify simple     /srv/fim-watch/gen_00106.txt ts=2026-09-18T00:09:16.141689+00:00
 [00813/3000] delete simple     /srv/fim-watch/gen_00131.txt ts=2026-09-18T00:09:16.241680+00:00
 [00814/3000] modify simple     /srv/fim-watch/gen_00096.txt ts=2026-09-18T00:09:16.341942+00:00
 [00815/3000] create simple     /srv/fim-watch/critico/gen_00150.txt ts=2026-09-18T00:09:16.441750+00:00
 [00816/3000] create simple     /srv/fim-watch/gen_00151.txt ts=2026-09-18T00:09:16.541680+00:00
 [00817/3000] create simple     /srv/fim-watch/gen_00152.txt ts=2026-09-18T00:09:16.641678+00:00
 [00818/3000] modify simple     /srv/fim-watch/gen_00084.txt ts=2026-09-18T00:09:16.741765+00:00
 [00819/3000] create simple     /srv/fim-watch/critico/gen_00153.txt ts=2026-09-18T00:09:16.841652+00:00
 [00820/3000] delete simple     /srv/fim-watch/gen_00127.txt ts=2026-09-18T00:09:16.941615+00:00
 [00821/3000] create simple     /srv/fim-watch/gen_00154.txt ts=2026-09-18T00:09:17.041665+00:00
 [00822/3000] modify simple     /srv/fim-watch/critico/gen_00150.txt ts=2026-09-18T00:09:17.141772+00:00
 [00823/3000] create simple     /srv/fim-watch/gen_00155.txt ts=2026-09-18T00:09:17.241632+00:00
 [00824/3000] modify simple     /srv/fim-watch/gen_00147.txt ts=2026-09-18T00:09:17.341769+00:00
 [00825/3000] modify revertido  /srv/fim-watch/gen_00120.txt ts=2026-09-18T00:09:17.441727+00:00
 [00826/3000] modify revertido  /srv/fim-watch/gen_00120.txt ts=2026-09-18T00:09:17.541785+00:00
 [00827/3000] create simple     /srv/fim-watch/critico/gen_00156.txt ts=2026-09-18T00:09:17.641655+00:00
 [00828/3000] modify simple     /srv/fim-watch/gen_00151.txt ts=2026-09-18T00:09:17.741718+00:00
 [00829/3000] modify simple     /srv/fim-watch/gen_00125.txt ts=2026-09-18T00:09:17.841799+00:00
 [00830/3000] delete simple     /srv/fim-watch/critico/gen_00144.txt ts=2026-09-18T00:09:17.941620+00:00
 [00831/3000] modify simple     /srv/fim-watch/gen_00155.txt ts=2026-09-18T00:09:18.041775+00:00
 [00832/3000] modify simple     /srv/fim-watch/gen_00078.txt ts=2026-09-18T00:09:18.141845+00:00
 [00833/3000] create simple     /srv/fim-watch/gen_00157.txt ts=2026-09-18T00:09:18.241491+00:00
 [00834/3000] modify simple     /srv/fim-watch/gen_00151.txt ts=2026-09-18T00:09:18.341691+00:00
 [00835/3000] create simple     /srv/fim-watch/gen_00158.txt ts=2026-09-18T00:09:18.441665+00:00
 [00836/3000] modify colapsado  /srv/fim-watch/gen_00142.txt ts=2026-09-18T00:09:18.541771+00:00
 [00837/3000] modify colapsado  /srv/fim-watch/gen_00142.txt ts=2026-09-18T00:09:18.641696+00:00
 [00838/3000] modify colapsado  /srv/fim-watch/gen_00142.txt ts=2026-09-18T00:09:18.741788+00:00
 [00839/3000] modify colapsado  /srv/fim-watch/gen_00142.txt ts=2026-09-18T00:09:18.841589+00:00
 [00840/3000] modify colapsado  /srv/fim-watch/gen_00142.txt ts=2026-09-18T00:09:18.943549+00:00
 [00841/3000] create simple     /srv/fim-watch/gen_00159.txt ts=2026-09-18T00:09:19.041656+00:00
 [00842/3000] create simple     /srv/fim-watch/gen_00160.txt ts=2026-09-18T00:09:19.141752+00:00
 [00843/3000] modify simple     /srv/fim-watch/gen_00050.txt ts=2026-09-18T00:09:19.241592+00:00
 [00844/3000] modify simple     /srv/fim-watch/gen_00078.txt ts=2026-09-18T00:09:19.341597+00:00
 [00845/3000] modify simple     /srv/fim-watch/gen_00151.txt ts=2026-09-18T00:09:19.441809+00:00
 [00846/3000] create simple     /srv/fim-watch/gen_00161.txt ts=2026-09-18T00:09:19.541500+00:00
 [00847/3000] modify revertido  /srv/fim-watch/gen_00062.txt ts=2026-09-18T00:09:19.641785+00:00
 [00848/3000] modify revertido  /srv/fim-watch/gen_00062.txt ts=2026-09-18T00:09:19.741741+00:00
 [00849/3000] delete simple     /srv/fim-watch/gen_00099.txt ts=2026-09-18T00:09:19.841524+00:00
 [00850/3000] modify revertido  /srv/fim-watch/gen_00054.txt ts=2026-09-18T00:09:19.941762+00:00
 [00851/3000] modify revertido  /srv/fim-watch/gen_00054.txt ts=2026-09-18T00:09:20.041496+00:00
 [00852/3000] modify revertido  /srv/fim-watch/critico/gen_00053.txt ts=2026-09-18T00:09:20.141786+00:00
 [00853/3000] modify revertido  /srv/fim-watch/critico/gen_00053.txt ts=2026-09-18T00:09:20.241758+00:00
 [00854/3000] modify simple     /srv/fim-watch/gen_00159.txt ts=2026-09-18T00:09:20.341509+00:00
 [00855/3000] modify revertido  /srv/fim-watch/gen_00151.txt ts=2026-09-18T00:09:20.441754+00:00
 [00856/3000] modify revertido  /srv/fim-watch/gen_00151.txt ts=2026-09-18T00:09:20.541496+00:00
 [00857/3000] modify simple     /srv/fim-watch/gen_00115.txt ts=2026-09-18T00:09:20.641423+00:00
 [00858/3000] create simple     /srv/fim-watch/gen_00162.txt ts=2026-09-18T00:09:20.741646+00:00
 [00859/3000] modify revertido  /srv/fim-watch/gen_00100.txt ts=2026-09-18T00:09:20.841774+00:00
 [00860/3000] modify revertido  /srv/fim-watch/gen_00100.txt ts=2026-09-18T00:09:20.941729+00:00
 [00861/3000] modify simple     /srv/fim-watch/gen_00006.txt ts=2026-09-18T00:09:21.041733+00:00
 [00862/3000] modify simple     /srv/fim-watch/gen_00049.txt ts=2026-09-18T00:09:21.141733+00:00
 [00863/3000] modify simple     /srv/fim-watch/gen_00161.txt ts=2026-09-18T00:09:21.241848+00:00
 [00864/3000] modify simple     /srv/fim-watch/gen_00160.txt ts=2026-09-18T00:09:21.341763+00:00
 [00865/3000] modify simple     /srv/fim-watch/gen_00122.txt ts=2026-09-18T00:09:21.441618+00:00
 [00866/3000] modify simple     /srv/fim-watch/gen_00155.txt ts=2026-09-18T00:09:21.541752+00:00
 [00867/3000] modify revertido  /srv/fim-watch/gen_00065.txt ts=2026-09-18T00:09:21.641732+00:00
 [00868/3000] modify revertido  /srv/fim-watch/gen_00065.txt ts=2026-09-18T00:09:21.741688+00:00
 [00869/3000] create simple     /srv/fim-watch/gen_00163.txt ts=2026-09-18T00:09:21.841561+00:00
 [00870/3000] modify simple     /srv/fim-watch/gen_00126.txt ts=2026-09-18T00:09:21.941659+00:00
 [00871/3000] create efimero    /srv/fim-watch/gen_00164.txt ts=2026-09-18T00:09:22.041610+00:00
 [00872/3000] delete efimero    /srv/fim-watch/gen_00164.txt ts=2026-09-18T00:09:22.141598+00:00
 [00873/3000] create simple     /srv/fim-watch/gen_00165.txt ts=2026-09-18T00:09:22.241664+00:00
 [00874/3000] modify simple     /srv/fim-watch/gen_00078.txt ts=2026-09-18T00:09:22.341744+00:00
 [00875/3000] modify simple     /srv/fim-watch/gen_00125.txt ts=2026-09-18T00:09:22.441750+00:00
 [00876/3000] modify simple     /srv/fim-watch/gen_00057.txt ts=2026-09-18T00:09:22.541966+00:00
 [00877/3000] modify simple     /srv/fim-watch/gen_00124.txt ts=2026-09-18T00:09:22.641503+00:00
 [00878/3000] create simple     /srv/fim-watch/gen_00166.txt ts=2026-09-18T00:09:22.741670+00:00
 [00879/3000] modify simple     /srv/fim-watch/gen_00158.txt ts=2026-09-18T00:09:22.841594+00:00
 [00880/3000] modify simple     /srv/fim-watch/gen_00088.txt ts=2026-09-18T00:09:22.941672+00:00
 [00881/3000] modify simple     /srv/fim-watch/gen_00048.txt ts=2026-09-18T00:09:23.041760+00:00
 [00882/3000] modify simple     /srv/fim-watch/critico/gen_00150.txt ts=2026-09-18T00:09:23.142908+00:00
 [00883/3000] modify simple     /srv/fim-watch/gen_00161.txt ts=2026-09-18T00:09:23.241702+00:00
 [00884/3000] modify revertido  /srv/fim-watch/gen_00049.txt ts=2026-09-18T00:09:23.341769+00:00
 [00885/3000] modify revertido  /srv/fim-watch/gen_00049.txt ts=2026-09-18T00:09:23.441604+00:00
 [00886/3000] modify simple     /srv/fim-watch/gen_00102.txt ts=2026-09-18T00:09:23.541542+00:00
 [00887/3000] create simple     /srv/fim-watch/gen_00167.txt ts=2026-09-18T00:09:23.641750+00:00
 [00888/3000] modify simple     /srv/fim-watch/gen_00040.txt ts=2026-09-18T00:09:23.741827+00:00
 [00889/3000] modify colapsado  /srv/fim-watch/gen_00151.txt ts=2026-09-18T00:09:23.841520+00:00
 [00890/3000] modify colapsado  /srv/fim-watch/gen_00151.txt ts=2026-09-18T00:09:23.941638+00:00
 [00891/3000] modify colapsado  /srv/fim-watch/gen_00151.txt ts=2026-09-18T00:09:24.041639+00:00
 [00892/3000] modify colapsado  /srv/fim-watch/gen_00151.txt ts=2026-09-18T00:09:24.141654+00:00
 [00893/3000] modify colapsado  /srv/fim-watch/gen_00151.txt ts=2026-09-18T00:09:24.241687+00:00
 [00894/3000] modify simple     /srv/fim-watch/gen_00033.txt ts=2026-09-18T00:09:24.341615+00:00
 [00895/3000] modify simple     /srv/fim-watch/gen_00166.txt ts=2026-09-18T00:09:24.441653+00:00
 [00896/3000] modify simple     /srv/fim-watch/critico/gen_00130.txt ts=2026-09-18T00:09:24.541753+00:00
 [00897/3000] modify simple     /srv/fim-watch/critico/gen_00025.txt ts=2026-09-18T00:09:24.641790+00:00
 [00898/3000] delete simple     /srv/fim-watch/gen_00054.txt ts=2026-09-18T00:09:24.741579+00:00
 [00899/3000] create simple     /srv/fim-watch/gen_00168.txt ts=2026-09-18T00:09:24.841664+00:00
 [00900/3000] create simple     /srv/fim-watch/critico/gen_00169.txt ts=2026-09-18T00:09:24.941510+00:00
 [00901/3000] create simple     /srv/fim-watch/gen_00170.txt ts=2026-09-18T00:09:25.041479+00:00
 [00902/3000] modify simple     /srv/fim-watch/gen_00033.txt ts=2026-09-18T00:09:25.141749+00:00
 [00903/3000] create simple     /srv/fim-watch/gen_00171.txt ts=2026-09-18T00:09:25.241546+00:00
 [00904/3000] create simple     /srv/fim-watch/gen_00172.txt ts=2026-09-18T00:09:25.341663+00:00
 [00905/3000] modify simple     /srv/fim-watch/gen_00093.txt ts=2026-09-18T00:09:25.441779+00:00
 [00906/3000] modify simple     /srv/fim-watch/gen_00065.txt ts=2026-09-18T00:09:25.541640+00:00
 [00907/3000] modify simple     /srv/fim-watch/critico/gen_00156.txt ts=2026-09-18T00:09:25.642005+00:00
 [00908/3000] modify simple     /srv/fim-watch/gen_00135.txt ts=2026-09-18T00:09:25.741584+00:00
 [00909/3000] modify simple     /srv/fim-watch/gen_00089.txt ts=2026-09-18T00:09:25.841367+00:00
 [00910/3000] modify simple     /srv/fim-watch/gen_00040.txt ts=2026-09-18T00:09:25.941402+00:00
 [00911/3000] modify simple     /srv/fim-watch/gen_00006.txt ts=2026-09-18T00:09:26.042011+00:00
 [00912/3000] modify simple     /srv/fim-watch/gen_00140.txt ts=2026-09-18T00:09:26.141739+00:00
 [00913/3000] modify revertido  /srv/fim-watch/gen_00071.txt ts=2026-09-18T00:09:26.241931+00:00
 [00914/3000] modify revertido  /srv/fim-watch/gen_00071.txt ts=2026-09-18T00:09:26.341664+00:00
 [00915/3000] modify simple     /srv/fim-watch/gen_00161.txt ts=2026-09-18T00:09:26.441730+00:00
 [00916/3000] delete simple     /srv/fim-watch/gen_00168.txt ts=2026-09-18T00:09:26.541701+00:00
 [00917/3000] modify revertido  /srv/fim-watch/gen_00105.txt ts=2026-09-18T00:09:26.641756+00:00
 [00918/3000] modify revertido  /srv/fim-watch/gen_00105.txt ts=2026-09-18T00:09:26.741773+00:00
 [00919/3000] modify colapsado  /srv/fim-watch/gen_00064.txt ts=2026-09-18T00:09:26.841794+00:00
 [00920/3000] modify colapsado  /srv/fim-watch/gen_00064.txt ts=2026-09-18T00:09:26.941833+00:00
 [00921/3000] modify colapsado  /srv/fim-watch/gen_00064.txt ts=2026-09-18T00:09:27.041781+00:00
 [00922/3000] modify colapsado  /srv/fim-watch/gen_00064.txt ts=2026-09-18T00:09:27.141517+00:00
 [00923/3000] modify colapsado  /srv/fim-watch/gen_00064.txt ts=2026-09-18T00:09:27.241753+00:00
 [00924/3000] modify simple     /srv/fim-watch/gen_00147.txt ts=2026-09-18T00:09:27.341815+00:00
 [00925/3000] modify simple     /srv/fim-watch/gen_00160.txt ts=2026-09-18T00:09:27.441809+00:00
 [00926/3000] modify simple     /srv/fim-watch/gen_00136.txt ts=2026-09-18T00:09:27.541807+00:00
 [00927/3000] delete simple     /srv/fim-watch/gen_00172.txt ts=2026-09-18T00:09:27.641603+00:00
 [00928/3000] modify simple     /srv/fim-watch/gen_00070.txt ts=2026-09-18T00:09:27.741837+00:00
 [00929/3000] modify simple     /srv/fim-watch/gen_00079.txt ts=2026-09-18T00:09:27.841755+00:00
 [00930/3000] create simple     /srv/fim-watch/critico/gen_00173.txt ts=2026-09-18T00:09:27.941716+00:00
 [00931/3000] modify simple     /srv/fim-watch/gen_00042.txt ts=2026-09-18T00:09:28.041728+00:00
 [00932/3000] modify simple     /srv/fim-watch/gen_00036.txt ts=2026-09-18T00:09:28.141768+00:00
 [00933/3000] modify simple     /srv/fim-watch/gen_00066.txt ts=2026-09-18T00:09:28.241821+00:00
 [00934/3000] modify simple     /srv/fim-watch/gen_00146.txt ts=2026-09-18T00:09:28.341747+00:00
 [00935/3000] create simple     /srv/fim-watch/gen_00174.txt ts=2026-09-18T00:09:28.441656+00:00
 [00936/3000] create simple     /srv/fim-watch/gen_00175.txt ts=2026-09-18T00:09:28.541564+00:00
 [00937/3000] modify simple     /srv/fim-watch/gen_00134.txt ts=2026-09-18T00:09:28.641769+00:00
 [00938/3000] modify simple     /srv/fim-watch/gen_00048.txt ts=2026-09-18T00:09:28.741654+00:00
 [00939/3000] delete simple     /srv/fim-watch/gen_00029.txt ts=2026-09-18T00:09:28.841577+00:00
 [00940/3000] modify simple     /srv/fim-watch/gen_00104.txt ts=2026-09-18T00:09:28.941628+00:00
 [00941/3000] delete simple     /srv/fim-watch/critico/gen_00141.txt ts=2026-09-18T00:09:29.041519+00:00
 [00942/3000] modify simple     /srv/fim-watch/gen_00084.txt ts=2026-09-18T00:09:29.141664+00:00
 [00943/3000] create simple     /srv/fim-watch/gen_00176.txt ts=2026-09-18T00:09:29.241664+00:00
 [00944/3000] modify colapsado  /srv/fim-watch/critico/gen_00053.txt ts=2026-09-18T00:09:29.341753+00:00
 [00945/3000] modify colapsado  /srv/fim-watch/critico/gen_00053.txt ts=2026-09-18T00:09:29.441713+00:00
 [00946/3000] modify colapsado  /srv/fim-watch/critico/gen_00053.txt ts=2026-09-18T00:09:29.541763+00:00
 [00947/3000] modify colapsado  /srv/fim-watch/critico/gen_00053.txt ts=2026-09-18T00:09:29.641692+00:00
 [00948/3000] modify colapsado  /srv/fim-watch/critico/gen_00053.txt ts=2026-09-18T00:09:29.741643+00:00
 [00949/3000] modify simple     /srv/fim-watch/gen_00146.txt ts=2026-09-18T00:09:29.841673+00:00
 [00950/3000] modify revertido  /srv/fim-watch/gen_00060.txt ts=2026-09-18T00:09:29.941566+00:00
 [00951/3000] modify revertido  /srv/fim-watch/gen_00060.txt ts=2026-09-18T00:09:30.041575+00:00
 [00952/3000] modify revertido  /srv/fim-watch/gen_00113.txt ts=2026-09-18T00:09:30.141737+00:00
 [00953/3000] modify revertido  /srv/fim-watch/gen_00113.txt ts=2026-09-18T00:09:30.241613+00:00
 [00954/3000] modify simple     /srv/fim-watch/critico/gen_00150.txt ts=2026-09-18T00:09:30.341733+00:00
 [00955/3000] modify simple     /srv/fim-watch/gen_00111.txt ts=2026-09-18T00:09:30.441760+00:00
 [00956/3000] modify colapsado  /srv/fim-watch/gen_00166.txt ts=2026-09-18T00:09:30.541943+00:00
 [00957/3000] modify colapsado  /srv/fim-watch/gen_00166.txt ts=2026-09-18T00:09:30.641766+00:00
 [00958/3000] modify colapsado  /srv/fim-watch/gen_00166.txt ts=2026-09-18T00:09:30.741804+00:00
 [00959/3000] modify colapsado  /srv/fim-watch/gen_00166.txt ts=2026-09-18T00:09:30.842064+00:00
 [00960/3000] modify colapsado  /srv/fim-watch/gen_00166.txt ts=2026-09-18T00:09:30.941829+00:00
 [00961/3000] modify simple     /srv/fim-watch/gen_00042.txt ts=2026-09-18T00:09:31.041622+00:00
 [00962/3000] modify simple     /srv/fim-watch/gen_00100.txt ts=2026-09-18T00:09:31.141618+00:00
 [00963/3000] modify revertido  /srv/fim-watch/gen_00176.txt ts=2026-09-18T00:09:31.241401+00:00
 [00964/3000] modify revertido  /srv/fim-watch/gen_00176.txt ts=2026-09-18T00:09:31.341786+00:00
 [00965/3000] create simple     /srv/fim-watch/gen_00177.txt ts=2026-09-18T00:09:31.441573+00:00
 [00966/3000] create simple     /srv/fim-watch/gen_00178.txt ts=2026-09-18T00:09:31.541671+00:00
 [00967/3000] modify simple     /srv/fim-watch/gen_00104.txt ts=2026-09-18T00:09:31.641791+00:00
 [00968/3000] modify simple     /srv/fim-watch/gen_00113.txt ts=2026-09-18T00:09:31.741681+00:00
 [00969/3000] create simple     /srv/fim-watch/gen_00179.txt ts=2026-09-18T00:09:31.841664+00:00
 [00970/3000] modify revertido  /srv/fim-watch/gen_00049.txt ts=2026-09-18T00:09:31.941622+00:00
 [00971/3000] modify revertido  /srv/fim-watch/gen_00049.txt ts=2026-09-18T00:09:32.041722+00:00
 [00972/3000] modify simple     /srv/fim-watch/gen_00117.txt ts=2026-09-18T00:09:32.141791+00:00
 [00973/3000] delete simple     /srv/fim-watch/gen_00158.txt ts=2026-09-18T00:09:32.241534+00:00
 [00974/3000] delete simple     /srv/fim-watch/gen_00048.txt ts=2026-09-18T00:09:32.341658+00:00
 [00975/3000] modify simple     /srv/fim-watch/gen_00124.txt ts=2026-09-18T00:09:32.441819+00:00
 [00976/3000] modify revertido  /srv/fim-watch/gen_00177.txt ts=2026-09-18T00:09:32.541794+00:00
 [00977/3000] modify revertido  /srv/fim-watch/gen_00177.txt ts=2026-09-18T00:09:32.641784+00:00
 [00978/3000] modify simple     /srv/fim-watch/gen_00060.txt ts=2026-09-18T00:09:32.741600+00:00
 [00979/3000] create simple     /srv/fim-watch/gen_00180.txt ts=2026-09-18T00:09:32.841591+00:00
 [00980/3000] modify simple     /srv/fim-watch/gen_00033.txt ts=2026-09-18T00:09:32.941522+00:00
 [00981/3000] modify simple     /srv/fim-watch/gen_00171.txt ts=2026-09-18T00:09:33.041612+00:00
 [00982/3000] create simple     /srv/fim-watch/gen_00181.txt ts=2026-09-18T00:09:33.141649+00:00
 [00983/3000] modify simple     /srv/fim-watch/gen_00180.txt ts=2026-09-18T00:09:33.241468+00:00
 [00984/3000] modify simple     /srv/fim-watch/gen_00078.txt ts=2026-09-18T00:09:33.341758+00:00
 [00985/3000] modify simple     /srv/fim-watch/gen_00073.txt ts=2026-09-18T00:09:33.441793+00:00
 [00986/3000] modify simple     /srv/fim-watch/gen_00155.txt ts=2026-09-18T00:09:33.541773+00:00
 [00987/3000] modify simple     /srv/fim-watch/gen_00161.txt ts=2026-09-18T00:09:33.641742+00:00
 [00988/3000] delete simple     /srv/fim-watch/gen_00111.txt ts=2026-09-18T00:09:33.741533+00:00
 [00989/3000] create simple     /srv/fim-watch/gen_00182.txt ts=2026-09-18T00:09:33.841522+00:00
 [00990/3000] modify simple     /srv/fim-watch/gen_00074.txt ts=2026-09-18T00:09:33.941599+00:00
 [00991/3000] modify simple     /srv/fim-watch/gen_00016.txt ts=2026-09-18T00:09:34.041754+00:00
 [00992/3000] modify simple     /srv/fim-watch/gen_00159.txt ts=2026-09-18T00:09:34.142013+00:00
 [00993/3000] modify simple     /srv/fim-watch/critico/gen_00123.txt ts=2026-09-18T00:09:34.241965+00:00
 [00994/3000] modify simple     /srv/fim-watch/gen_00170.txt ts=2026-09-18T00:09:34.341779+00:00
 [00995/3000] modify simple     /srv/fim-watch/gen_00178.txt ts=2026-09-18T00:09:34.441807+00:00
 [00996/3000] create simple     /srv/fim-watch/critico/gen_00183.txt ts=2026-09-18T00:09:34.541686+00:00
 [00997/3000] modify simple     /srv/fim-watch/gen_00170.txt ts=2026-09-18T00:09:34.641801+00:00
 [00998/3000] modify simple     /srv/fim-watch/gen_00174.txt ts=2026-09-18T00:09:34.741636+00:00
 [00999/3000] modify simple     /srv/fim-watch/gen_00036.txt ts=2026-09-18T00:09:34.841676+00:00
 [01000/3000] modify revertido  /srv/fim-watch/gen_00135.txt ts=2026-09-18T00:09:34.941700+00:00
 [01001/3000] modify revertido  /srv/fim-watch/gen_00135.txt ts=2026-09-18T00:09:35.041608+00:00
 [01002/3000] modify revertido  /srv/fim-watch/gen_00120.txt ts=2026-09-18T00:09:35.141759+00:00
 [01003/3000] modify revertido  /srv/fim-watch/gen_00120.txt ts=2026-09-18T00:09:35.241515+00:00
 [01004/3000] create simple     /srv/fim-watch/critico/gen_00184.txt ts=2026-09-18T00:09:35.341953+00:00
 [01005/3000] modify simple     /srv/fim-watch/gen_00049.txt ts=2026-09-18T00:09:35.441797+00:00
 [01006/3000] delete simple     /srv/fim-watch/gen_00182.txt ts=2026-09-18T00:09:35.541611+00:00
 [01007/3000] modify simple     /srv/fim-watch/gen_00171.txt ts=2026-09-18T00:09:35.641772+00:00
 [01008/3000] create simple     /srv/fim-watch/gen_00185.txt ts=2026-09-18T00:09:35.741518+00:00
 [01009/3000] modify simple     /srv/fim-watch/critico/gen_00156.txt ts=2026-09-18T00:09:35.841470+00:00
 [01010/3000] modify simple     /srv/fim-watch/gen_00093.txt ts=2026-09-18T00:09:35.941664+00:00
 [01011/3000] create simple     /srv/fim-watch/gen_00186.txt ts=2026-09-18T00:09:36.041651+00:00
 [01012/3000] modify simple     /srv/fim-watch/gen_00100.txt ts=2026-09-18T00:09:36.141937+00:00
 [01013/3000] modify simple     /srv/fim-watch/critico/gen_00061.txt ts=2026-09-18T00:09:36.241715+00:00
 [01014/3000] modify simple     /srv/fim-watch/gen_00129.txt ts=2026-09-18T00:09:36.341510+00:00
 [01015/3000] create simple     /srv/fim-watch/gen_00187.txt ts=2026-09-18T00:09:36.441353+00:00
 [01016/3000] modify revertido  /srv/fim-watch/gen_00163.txt ts=2026-09-18T00:09:36.541802+00:00
 [01017/3000] modify revertido  /srv/fim-watch/gen_00163.txt ts=2026-09-18T00:09:36.641798+00:00
 [01018/3000] modify simple     /srv/fim-watch/critico/gen_00123.txt ts=2026-09-18T00:09:36.741946+00:00
 [01019/3000] modify simple     /srv/fim-watch/gen_00181.txt ts=2026-09-18T00:09:36.841602+00:00
 [01020/3000] modify simple     /srv/fim-watch/gen_00108.txt ts=2026-09-18T00:09:36.941636+00:00
 [01021/3000] delete simple     /srv/fim-watch/gen_00186.txt ts=2026-09-18T00:09:37.041476+00:00
 [01022/3000] modify simple     /srv/fim-watch/gen_00114.txt ts=2026-09-18T00:09:37.141742+00:00
 [01023/3000] create simple     /srv/fim-watch/gen_00188.txt ts=2026-09-18T00:09:37.241711+00:00
 [01024/3000] create simple     /srv/fim-watch/critico/gen_00189.txt ts=2026-09-18T00:09:37.341680+00:00
 [01025/3000] delete simple     /srv/fim-watch/gen_00120.txt ts=2026-09-18T00:09:37.441508+00:00
 [01026/3000] create simple     /srv/fim-watch/gen_00190.txt ts=2026-09-18T00:09:37.541460+00:00
 [01027/3000] modify revertido  /srv/fim-watch/gen_00100.txt ts=2026-09-18T00:09:37.641616+00:00
 [01028/3000] modify revertido  /srv/fim-watch/gen_00100.txt ts=2026-09-18T00:09:37.741747+00:00
 [01029/3000] modify simple     /srv/fim-watch/gen_00161.txt ts=2026-09-18T00:09:37.841706+00:00
 [01030/3000] delete simple     /srv/fim-watch/gen_00073.txt ts=2026-09-18T00:09:37.941613+00:00
 [01031/3000] create simple     /srv/fim-watch/critico/gen_00191.txt ts=2026-09-18T00:09:38.041652+00:00
 [01032/3000] delete simple     /srv/fim-watch/gen_00190.txt ts=2026-09-18T00:09:38.141580+00:00
 [01033/3000] modify simple     /srv/fim-watch/gen_00033.txt ts=2026-09-18T00:09:38.241789+00:00
 [01034/3000] delete simple     /srv/fim-watch/gen_00113.txt ts=2026-09-18T00:09:38.341672+00:00
 [01035/3000] create simple     /srv/fim-watch/gen_00192.txt ts=2026-09-18T00:09:38.441559+00:00
 [01036/3000] create simple     /srv/fim-watch/gen_00193.txt ts=2026-09-18T00:09:38.541682+00:00
 [01037/3000] create simple     /srv/fim-watch/gen_00194.txt ts=2026-09-18T00:09:38.641534+00:00
 [01038/3000] modify revertido  /srv/fim-watch/gen_00071.txt ts=2026-09-18T00:09:38.741739+00:00
 [01039/3000] modify revertido  /srv/fim-watch/gen_00071.txt ts=2026-09-18T00:09:38.841662+00:00
 [01040/3000] delete simple     /srv/fim-watch/gen_00060.txt ts=2026-09-18T00:09:38.941437+00:00
 [01041/3000] delete simple     /srv/fim-watch/gen_00100.txt ts=2026-09-18T00:09:39.041545+00:00
 [01042/3000] modify simple     /srv/fim-watch/gen_00062.txt ts=2026-09-18T00:09:39.141823+00:00
 [01043/3000] modify simple     /srv/fim-watch/gen_00187.txt ts=2026-09-18T00:09:39.241487+00:00
 [01044/3000] modify simple     /srv/fim-watch/critico/gen_00025.txt ts=2026-09-18T00:09:39.341772+00:00
 [01045/3000] delete simple     /srv/fim-watch/gen_00066.txt ts=2026-09-18T00:09:39.441790+00:00
 [01046/3000] modify simple     /srv/fim-watch/gen_00103.txt ts=2026-09-18T00:09:39.541517+00:00
 [01047/3000] delete simple     /srv/fim-watch/gen_00124.txt ts=2026-09-18T00:09:39.641646+00:00
 [01048/3000] create simple     /srv/fim-watch/gen_00195.txt ts=2026-09-18T00:09:39.741682+00:00
 [01049/3000] modify colapsado  /srv/fim-watch/gen_00187.txt ts=2026-09-18T00:09:39.841782+00:00
 [01050/3000] modify colapsado  /srv/fim-watch/gen_00187.txt ts=2026-09-18T00:09:39.941550+00:00
 [01051/3000] modify colapsado  /srv/fim-watch/gen_00187.txt ts=2026-09-18T00:09:40.041643+00:00
 [01052/3000] modify colapsado  /srv/fim-watch/gen_00187.txt ts=2026-09-18T00:09:40.141788+00:00
 [01053/3000] modify colapsado  /srv/fim-watch/gen_00187.txt ts=2026-09-18T00:09:40.241548+00:00
 [01054/3000] modify simple     /srv/fim-watch/gen_00096.txt ts=2026-09-18T00:09:40.341765+00:00
 [01055/3000] modify simple     /srv/fim-watch/gen_00103.txt ts=2026-09-18T00:09:40.441952+00:00
 [01056/3000] modify simple     /srv/fim-watch/critico/gen_00183.txt ts=2026-09-18T00:09:40.541652+00:00
 [01057/3000] delete simple     /srv/fim-watch/gen_00154.txt ts=2026-09-18T00:09:40.641763+00:00
 [01058/3000] modify revertido  /srv/fim-watch/gen_00170.txt ts=2026-09-18T00:09:40.742334+00:00
 [01059/3000] modify revertido  /srv/fim-watch/gen_00170.txt ts=2026-09-18T00:09:40.842253+00:00
 [01060/3000] modify simple     /srv/fim-watch/critico/gen_00037.txt ts=2026-09-18T00:09:40.941798+00:00
 [01061/3000] create simple     /srv/fim-watch/gen_00196.txt ts=2026-09-18T00:09:41.041981+00:00
 [01062/3000] create efimero    /srv/fim-watch/gen_00197.txt ts=2026-09-18T00:09:41.141672+00:00
 [01063/3000] delete efimero    /srv/fim-watch/gen_00197.txt ts=2026-09-18T00:09:41.241842+00:00
 [01064/3000] modify simple     /srv/fim-watch/gen_00108.txt ts=2026-09-18T00:09:41.341766+00:00
 [01065/3000] modify simple     /srv/fim-watch/gen_00126.txt ts=2026-09-18T00:09:41.441813+00:00
 [01066/3000] modify simple     /srv/fim-watch/gen_00106.txt ts=2026-09-18T00:09:41.541605+00:00
 [01067/3000] modify revertido  /srv/fim-watch/gen_00049.txt ts=2026-09-18T00:09:41.641388+00:00
 [01068/3000] modify revertido  /srv/fim-watch/gen_00049.txt ts=2026-09-18T00:09:41.741359+00:00
 [01069/3000] delete simple     /srv/fim-watch/critico/gen_00150.txt ts=2026-09-18T00:09:41.841676+00:00
 [01070/3000] modify simple     /srv/fim-watch/gen_00064.txt ts=2026-09-18T00:09:41.941677+00:00
 [01071/3000] delete simple     /srv/fim-watch/gen_00086.txt ts=2026-09-18T00:09:42.041671+00:00
 [01072/3000] modify simple     /srv/fim-watch/critico/gen_00184.txt ts=2026-09-18T00:09:42.141830+00:00
 [01073/3000] modify simple     /srv/fim-watch/gen_00043.txt ts=2026-09-18T00:09:42.242063+00:00
 [01074/3000] create simple     /srv/fim-watch/gen_00198.txt ts=2026-09-18T00:09:42.342210+00:00
 [01075/3000] modify simple     /srv/fim-watch/gen_00108.txt ts=2026-09-18T00:09:42.441556+00:00
 [01076/3000] delete simple     /srv/fim-watch/gen_00043.txt ts=2026-09-18T00:09:42.541446+00:00
 [01077/3000] modify simple     /srv/fim-watch/gen_00165.txt ts=2026-09-18T00:09:42.641469+00:00
 [01078/3000] modify simple     /srv/fim-watch/gen_00185.txt ts=2026-09-18T00:09:42.742013+00:00
 [01079/3000] modify simple     /srv/fim-watch/gen_00020.txt ts=2026-09-18T00:09:42.841765+00:00
 [01080/3000] modify simple     /srv/fim-watch/gen_00125.txt ts=2026-09-18T00:09:42.941825+00:00
 [01081/3000] create simple     /srv/fim-watch/gen_00199.txt ts=2026-09-18T00:09:43.041574+00:00
 [01082/3000] modify simple     /srv/fim-watch/critico/gen_00123.txt ts=2026-09-18T00:09:43.141897+00:00
 [01083/3000] create simple     /srv/fim-watch/critico/gen_00200.txt ts=2026-09-18T00:09:43.241793+00:00
 [01084/3000] create simple     /srv/fim-watch/gen_00201.txt ts=2026-09-18T00:09:43.342015+00:00
 [01085/3000] modify revertido  /srv/fim-watch/critico/gen_00053.txt ts=2026-09-18T00:09:43.441837+00:00
 [01086/3000] modify revertido  /srv/fim-watch/critico/gen_00053.txt ts=2026-09-18T00:09:43.541782+00:00
 [01087/3000] create simple     /srv/fim-watch/critico/gen_00202.txt ts=2026-09-18T00:09:43.641533+00:00
 [01088/3000] create simple     /srv/fim-watch/gen_00203.txt ts=2026-09-18T00:09:43.741568+00:00
 [01089/3000] modify simple     /srv/fim-watch/gen_00126.txt ts=2026-09-18T00:09:43.841580+00:00
 [01090/3000] modify simple     /srv/fim-watch/gen_00115.txt ts=2026-09-18T00:09:43.941740+00:00
 [01091/3000] delete simple     /srv/fim-watch/gen_00140.txt ts=2026-09-18T00:09:44.041605+00:00
 [01092/3000] create simple     /srv/fim-watch/gen_00204.txt ts=2026-09-18T00:09:44.141606+00:00
 [01093/3000] modify simple     /srv/fim-watch/critico/gen_00156.txt ts=2026-09-18T00:09:44.241803+00:00
 [01094/3000] create efimero    /srv/fim-watch/gen_00205.txt ts=2026-09-18T00:09:44.341892+00:00
 [01095/3000] delete efimero    /srv/fim-watch/gen_00205.txt ts=2026-09-18T00:09:44.441694+00:00
 [01096/3000] modify revertido  /srv/fim-watch/gen_00170.txt ts=2026-09-18T00:09:44.542043+00:00
 [01097/3000] modify revertido  /srv/fim-watch/gen_00170.txt ts=2026-09-18T00:09:44.641789+00:00
 [01098/3000] modify simple     /srv/fim-watch/critico/gen_00061.txt ts=2026-09-18T00:09:44.742007+00:00
 [01099/3000] modify simple     /srv/fim-watch/gen_00188.txt ts=2026-09-18T00:09:44.841956+00:00
 [01100/3000] delete simple     /srv/fim-watch/gen_00145.txt ts=2026-09-18T00:09:44.941690+00:00
 [01101/3000] create simple     /srv/fim-watch/gen_00206.txt ts=2026-09-18T00:09:45.041645+00:00
 [01102/3000] delete simple     /srv/fim-watch/gen_00148.txt ts=2026-09-18T00:09:45.141650+00:00
 [01103/3000] modify revertido  /srv/fim-watch/gen_00198.txt ts=2026-09-18T00:09:45.241947+00:00
 [01104/3000] modify revertido  /srv/fim-watch/gen_00198.txt ts=2026-09-18T00:09:45.341635+00:00
 [01105/3000] modify revertido  /srv/fim-watch/gen_00036.txt ts=2026-09-18T00:09:45.441988+00:00
 [01106/3000] modify revertido  /srv/fim-watch/gen_00036.txt ts=2026-09-18T00:09:45.541679+00:00
 [01107/3000] modify simple     /srv/fim-watch/critico/gen_00053.txt ts=2026-09-18T00:09:45.641519+00:00
 [01108/3000] modify simple     /srv/fim-watch/gen_00142.txt ts=2026-09-18T00:09:45.741821+00:00
 [01109/3000] modify simple     /srv/fim-watch/gen_00163.txt ts=2026-09-18T00:09:45.841507+00:00
 [01110/3000] modify simple     /srv/fim-watch/gen_00204.txt ts=2026-09-18T00:09:45.941742+00:00
 [01111/3000] modify simple     /srv/fim-watch/gen_00049.txt ts=2026-09-18T00:09:46.042567+00:00
 [01112/3000] modify simple     /srv/fim-watch/gen_00170.txt ts=2026-09-18T00:09:46.142170+00:00
 [01113/3000] modify simple     /srv/fim-watch/gen_00020.txt ts=2026-09-18T00:09:46.241778+00:00
 [01114/3000] create simple     /srv/fim-watch/gen_00207.txt ts=2026-09-18T00:09:46.341485+00:00
 [01115/3000] modify simple     /srv/fim-watch/gen_00057.txt ts=2026-09-18T00:09:46.442008+00:00
 [01116/3000] modify simple     /srv/fim-watch/gen_00064.txt ts=2026-09-18T00:09:46.541767+00:00
 [01117/3000] modify simple     /srv/fim-watch/gen_00016.txt ts=2026-09-18T00:09:46.641797+00:00
 [01118/3000] create efimero    /srv/fim-watch/gen_00208.txt ts=2026-09-18T00:09:46.741667+00:00
 [01119/3000] delete efimero    /srv/fim-watch/gen_00208.txt ts=2026-09-18T00:09:46.841315+00:00
 [01120/3000] modify simple     /srv/fim-watch/critico/gen_00156.txt ts=2026-09-18T00:09:46.941417+00:00
 [01121/3000] modify colapsado  /srv/fim-watch/gen_00125.txt ts=2026-09-18T00:09:47.041896+00:00
 [01122/3000] modify colapsado  /srv/fim-watch/gen_00125.txt ts=2026-09-18T00:09:47.141802+00:00
 [01123/3000] modify colapsado  /srv/fim-watch/gen_00125.txt ts=2026-09-18T00:09:47.241511+00:00
 [01124/3000] modify colapsado  /srv/fim-watch/gen_00125.txt ts=2026-09-18T00:09:47.341777+00:00
 [01125/3000] modify colapsado  /srv/fim-watch/gen_00125.txt ts=2026-09-18T00:09:47.441796+00:00
 [01126/3000] modify simple     /srv/fim-watch/gen_00088.txt ts=2026-09-18T00:09:47.542245+00:00
 [01127/3000] modify simple     /srv/fim-watch/gen_00136.txt ts=2026-09-18T00:09:47.641826+00:00
 [01128/3000] modify simple     /srv/fim-watch/gen_00170.txt ts=2026-09-18T00:09:47.741901+00:00
 [01129/3000] modify simple     /srv/fim-watch/gen_00036.txt ts=2026-09-18T00:09:47.841807+00:00
 [01130/3000] modify simple     /srv/fim-watch/gen_00201.txt ts=2026-09-18T00:09:47.941837+00:00
 [01131/3000] create simple     /srv/fim-watch/critico/gen_00209.txt ts=2026-09-18T00:09:48.041719+00:00
 [01132/3000] modify simple     /srv/fim-watch/critico/gen_00130.txt ts=2026-09-18T00:09:48.141791+00:00
 [01133/3000] modify simple     /srv/fim-watch/gen_00096.txt ts=2026-09-18T00:09:48.241952+00:00
 [01134/3000] create simple     /srv/fim-watch/critico/gen_00210.txt ts=2026-09-18T00:09:48.341933+00:00
 [01135/3000] delete simple     /srv/fim-watch/gen_00201.txt ts=2026-09-18T00:09:48.441693+00:00
 [01136/3000] create efimero    /srv/fim-watch/gen_00211.txt ts=2026-09-18T00:09:48.541806+00:00
 [01137/3000] delete efimero    /srv/fim-watch/gen_00211.txt ts=2026-09-18T00:09:48.641534+00:00
 [01138/3000] modify simple     /srv/fim-watch/gen_00058.txt ts=2026-09-18T00:09:48.741611+00:00
 [01139/3000] modify simple     /srv/fim-watch/gen_00160.txt ts=2026-09-18T00:09:48.841632+00:00
 [01140/3000] modify revertido  /srv/fim-watch/gen_00096.txt ts=2026-09-18T00:09:48.941986+00:00
 [01141/3000] modify revertido  /srv/fim-watch/gen_00096.txt ts=2026-09-18T00:09:49.041791+00:00
 [01142/3000] modify simple     /srv/fim-watch/gen_00178.txt ts=2026-09-18T00:09:49.141687+00:00
 [01143/3000] modify simple     /srv/fim-watch/critico/gen_00025.txt ts=2026-09-18T00:09:49.241815+00:00
 [01144/3000] modify simple     /srv/fim-watch/critico/gen_00169.txt ts=2026-09-18T00:09:49.341714+00:00
 [01145/3000] modify revertido  /srv/fim-watch/gen_00161.txt ts=2026-09-18T00:09:49.441800+00:00
 [01146/3000] modify revertido  /srv/fim-watch/gen_00161.txt ts=2026-09-18T00:09:49.541985+00:00
 [01147/3000] modify simple     /srv/fim-watch/gen_00162.txt ts=2026-09-18T00:09:49.642012+00:00
 [01148/3000] create simple     /srv/fim-watch/gen_00212.txt ts=2026-09-18T00:09:49.741829+00:00
 [01149/3000] create simple     /srv/fim-watch/gen_00213.txt ts=2026-09-18T00:09:49.841665+00:00
 [01150/3000] modify simple     /srv/fim-watch/gen_00103.txt ts=2026-09-18T00:09:49.942258+00:00
 [01151/3000] modify simple     /srv/fim-watch/gen_00071.txt ts=2026-09-18T00:09:50.041771+00:00
 [01152/3000] modify simple     /srv/fim-watch/gen_00050.txt ts=2026-09-18T00:09:50.141628+00:00
 [01153/3000] create simple     /srv/fim-watch/gen_00214.txt ts=2026-09-18T00:09:50.241768+00:00
 [01154/3000] modify colapsado  /srv/fim-watch/critico/gen_00200.txt ts=2026-09-18T00:09:50.342227+00:00
 [01155/3000] modify colapsado  /srv/fim-watch/critico/gen_00200.txt ts=2026-09-18T00:09:50.441728+00:00
 [01156/3000] modify colapsado  /srv/fim-watch/critico/gen_00200.txt ts=2026-09-18T00:09:50.541799+00:00
 [01157/3000] modify colapsado  /srv/fim-watch/critico/gen_00200.txt ts=2026-09-18T00:09:50.642153+00:00
 [01158/3000] modify colapsado  /srv/fim-watch/critico/gen_00200.txt ts=2026-09-18T00:09:50.741804+00:00
 [01159/3000] modify simple     /srv/fim-watch/gen_00057.txt ts=2026-09-18T00:09:50.842026+00:00
 [01160/3000] create simple     /srv/fim-watch/gen_00215.txt ts=2026-09-18T00:09:50.941657+00:00
 [01161/3000] modify simple     /srv/fim-watch/gen_00074.txt ts=2026-09-18T00:09:51.041781+00:00
 [01162/3000] modify simple     /srv/fim-watch/critico/gen_00123.txt ts=2026-09-18T00:09:51.142050+00:00
 [01163/3000] modify simple     /srv/fim-watch/gen_00102.txt ts=2026-09-18T00:09:51.241775+00:00
 [01164/3000] modify simple     /srv/fim-watch/gen_00170.txt ts=2026-09-18T00:09:51.341715+00:00
 [01165/3000] create efimero    /srv/fim-watch/gen_00216.txt ts=2026-09-18T00:09:51.441699+00:00
 [01166/3000] delete efimero    /srv/fim-watch/gen_00216.txt ts=2026-09-18T00:09:51.541602+00:00
 [01167/3000] modify simple     /srv/fim-watch/critico/gen_00153.txt ts=2026-09-18T00:09:51.641766+00:00
 [01168/3000] create simple     /srv/fim-watch/gen_00217.txt ts=2026-09-18T00:09:51.741661+00:00
 [01169/3000] modify simple     /srv/fim-watch/gen_00134.txt ts=2026-09-18T00:09:51.841770+00:00
 [01170/3000] create simple     /srv/fim-watch/gen_00218.txt ts=2026-09-18T00:09:51.942114+00:00
 [01171/3000] modify simple     /srv/fim-watch/gen_00215.txt ts=2026-09-18T00:09:52.041632+00:00
 [01172/3000] modify revertido  /srv/fim-watch/gen_00070.txt ts=2026-09-18T00:09:52.141414+00:00
 [01173/3000] modify revertido  /srv/fim-watch/gen_00070.txt ts=2026-09-18T00:09:52.241401+00:00
 [01174/3000] modify simple     /srv/fim-watch/gen_00067.txt ts=2026-09-18T00:09:52.342102+00:00
 [01175/3000] modify simple     /srv/fim-watch/gen_00135.txt ts=2026-09-18T00:09:52.442119+00:00
 [01176/3000] modify simple     /srv/fim-watch/gen_00174.txt ts=2026-09-18T00:09:52.541799+00:00
 [01177/3000] create simple     /srv/fim-watch/gen_00219.txt ts=2026-09-18T00:09:52.642063+00:00
 [01178/3000] create efimero    /srv/fim-watch/gen_00220.txt ts=2026-09-18T00:09:52.741537+00:00
 [01179/3000] delete efimero    /srv/fim-watch/gen_00220.txt ts=2026-09-18T00:09:52.841624+00:00
 [01180/3000] modify simple     /srv/fim-watch/gen_00128.txt ts=2026-09-18T00:09:52.942011+00:00
 [01181/3000] modify simple     /srv/fim-watch/gen_00020.txt ts=2026-09-18T00:09:53.041766+00:00
 [01182/3000] modify simple     /srv/fim-watch/gen_00175.txt ts=2026-09-18T00:09:53.141768+00:00
 [01183/3000] modify simple     /srv/fim-watch/gen_00193.txt ts=2026-09-18T00:09:53.241807+00:00
 [01184/3000] modify revertido  /srv/fim-watch/gen_00151.txt ts=2026-09-18T00:09:53.341893+00:00
 [01185/3000] modify revertido  /srv/fim-watch/gen_00151.txt ts=2026-09-18T00:09:53.441793+00:00
 [01186/3000] modify simple     /srv/fim-watch/gen_00106.txt ts=2026-09-18T00:09:53.541536+00:00
 [01187/3000] delete simple     /srv/fim-watch/gen_00170.txt ts=2026-09-18T00:09:53.641438+00:00
 [01188/3000] modify simple     /srv/fim-watch/gen_00149.txt ts=2026-09-18T00:09:53.741833+00:00
 [01189/3000] delete simple     /srv/fim-watch/gen_00103.txt ts=2026-09-18T00:09:53.841647+00:00
 [01190/3000] delete simple     /srv/fim-watch/gen_00147.txt ts=2026-09-18T00:09:53.941462+00:00
 [01191/3000] modify revertido  /srv/fim-watch/gen_00181.txt ts=2026-09-18T00:09:54.041898+00:00
 [01192/3000] modify revertido  /srv/fim-watch/gen_00181.txt ts=2026-09-18T00:09:54.141919+00:00
 [01193/3000] modify simple     /srv/fim-watch/gen_00093.txt ts=2026-09-18T00:09:54.241789+00:00
 [01194/3000] modify colapsado  /srv/fim-watch/gen_00175.txt ts=2026-09-18T00:09:54.341831+00:00
 [01195/3000] modify colapsado  /srv/fim-watch/gen_00175.txt ts=2026-09-18T00:09:54.441791+00:00
 [01196/3000] modify colapsado  /srv/fim-watch/gen_00175.txt ts=2026-09-18T00:09:54.541528+00:00
 [01197/3000] modify colapsado  /srv/fim-watch/gen_00175.txt ts=2026-09-18T00:09:54.641773+00:00
 [01198/3000] modify colapsado  /srv/fim-watch/gen_00175.txt ts=2026-09-18T00:09:54.741804+00:00
 [01199/3000] modify simple     /srv/fim-watch/gen_00125.txt ts=2026-09-18T00:09:54.841795+00:00
 [01200/3000] modify simple     /srv/fim-watch/gen_00062.txt ts=2026-09-18T00:09:54.941695+00:00
 [01201/3000] modify simple     /srv/fim-watch/critico/gen_00184.txt ts=2026-09-18T00:09:55.041936+00:00
 [01202/3000] modify simple     /srv/fim-watch/gen_00167.txt ts=2026-09-18T00:09:55.141709+00:00
 [01203/3000] create simple     /srv/fim-watch/gen_00221.txt ts=2026-09-18T00:09:55.241496+00:00
 [01204/3000] create simple     /srv/fim-watch/critico/gen_00222.txt ts=2026-09-18T00:09:55.341695+00:00
 [01205/3000] modify simple     /srv/fim-watch/gen_00108.txt ts=2026-09-18T00:09:55.441696+00:00
 [01206/3000] modify simple     /srv/fim-watch/gen_00139.txt ts=2026-09-18T00:09:55.541763+00:00
 [01207/3000] modify simple     /srv/fim-watch/gen_00213.txt ts=2026-09-18T00:09:55.642060+00:00
 [01208/3000] modify simple     /srv/fim-watch/gen_00106.txt ts=2026-09-18T00:09:55.741839+00:00
 [01209/3000] create simple     /srv/fim-watch/gen_00223.txt ts=2026-09-18T00:09:55.841669+00:00
 [01210/3000] create efimero    /srv/fim-watch/gen_00224.txt ts=2026-09-18T00:09:55.941682+00:00
 [01211/3000] delete efimero    /srv/fim-watch/gen_00224.txt ts=2026-09-18T00:09:56.041632+00:00
 [01212/3000] modify revertido  /srv/fim-watch/critico/gen_00025.txt ts=2026-09-18T00:09:56.142025+00:00
 [01213/3000] modify revertido  /srv/fim-watch/critico/gen_00025.txt ts=2026-09-18T00:09:56.242063+00:00
 [01214/3000] create simple     /srv/fim-watch/gen_00225.txt ts=2026-09-18T00:09:56.341814+00:00
 [01215/3000] modify simple     /srv/fim-watch/critico/gen_00025.txt ts=2026-09-18T00:09:56.441653+00:00
 [01216/3000] create simple     /srv/fim-watch/gen_00226.txt ts=2026-09-18T00:09:56.541706+00:00
 [01217/3000] modify simple     /srv/fim-watch/gen_00049.txt ts=2026-09-18T00:09:56.642096+00:00
 [01218/3000] modify simple     /srv/fim-watch/gen_00203.txt ts=2026-09-18T00:09:56.741978+00:00
 [01219/3000] modify colapsado  /srv/fim-watch/gen_00114.txt ts=2026-09-18T00:09:56.841492+00:00
 [01220/3000] modify colapsado  /srv/fim-watch/gen_00114.txt ts=2026-09-18T00:09:56.942089+00:00
 [01221/3000] modify colapsado  /srv/fim-watch/gen_00114.txt ts=2026-09-18T00:09:57.041635+00:00
 [01222/3000] modify colapsado  /srv/fim-watch/gen_00114.txt ts=2026-09-18T00:09:57.141780+00:00
 [01223/3000] modify colapsado  /srv/fim-watch/gen_00114.txt ts=2026-09-18T00:09:57.241720+00:00
 [01224/3000] create efimero    /srv/fim-watch/critico/gen_00227.txt ts=2026-09-18T00:09:57.341521+00:00
 [01225/3000] delete efimero    /srv/fim-watch/critico/gen_00227.txt ts=2026-09-18T00:09:57.441405+00:00
 [01226/3000] modify simple     /srv/fim-watch/gen_00016.txt ts=2026-09-18T00:09:57.541381+00:00
 [01227/3000] modify simple     /srv/fim-watch/gen_00192.txt ts=2026-09-18T00:09:57.641776+00:00
 [01228/3000] create simple     /srv/fim-watch/gen_00228.txt ts=2026-09-18T00:09:57.741843+00:00
 [01229/3000] modify simple     /srv/fim-watch/critico/gen_00123.txt ts=2026-09-18T00:09:57.841789+00:00
 [01230/3000] modify revertido  /srv/fim-watch/gen_00159.txt ts=2026-09-18T00:09:57.941817+00:00
 [01231/3000] modify revertido  /srv/fim-watch/gen_00159.txt ts=2026-09-18T00:09:58.041740+00:00
 [01232/3000] modify simple     /srv/fim-watch/gen_00135.txt ts=2026-09-18T00:09:58.141779+00:00
 [01233/3000] create simple     /srv/fim-watch/gen_00229.txt ts=2026-09-18T00:09:58.241633+00:00
 [01234/3000] modify revertido  /srv/fim-watch/critico/gen_00200.txt ts=2026-09-18T00:09:58.341936+00:00
 [01235/3000] modify revertido  /srv/fim-watch/critico/gen_00200.txt ts=2026-09-18T00:09:58.441503+00:00
 [01236/3000] delete simple     /srv/fim-watch/gen_00181.txt ts=2026-09-18T00:09:58.541646+00:00
 [01237/3000] delete simple     /srv/fim-watch/gen_00167.txt ts=2026-09-18T00:09:58.641629+00:00
 [01238/3000] modify simple     /srv/fim-watch/gen_00062.txt ts=2026-09-18T00:09:58.741669+00:00
 [01239/3000] create simple     /srv/fim-watch/gen_00230.txt ts=2026-09-18T00:09:58.841633+00:00
 [01240/3000] modify simple     /srv/fim-watch/gen_00062.txt ts=2026-09-18T00:09:58.941830+00:00
 [01241/3000] modify simple     /srv/fim-watch/gen_00042.txt ts=2026-09-18T00:09:59.041755+00:00
 [01242/3000] modify revertido  /srv/fim-watch/gen_00212.txt ts=2026-09-18T00:09:59.141750+00:00
 [01243/3000] modify revertido  /srv/fim-watch/gen_00212.txt ts=2026-09-18T00:09:59.241916+00:00
 [01244/3000] create simple     /srv/fim-watch/gen_00231.txt ts=2026-09-18T00:09:59.341666+00:00
 [01245/3000] delete simple     /srv/fim-watch/gen_00218.txt ts=2026-09-18T00:09:59.442264+00:00
 [01246/3000] modify revertido  /srv/fim-watch/gen_00122.txt ts=2026-09-18T00:09:59.541767+00:00
 [01247/3000] modify revertido  /srv/fim-watch/gen_00122.txt ts=2026-09-18T00:09:59.641755+00:00
 [01248/3000] create simple     /srv/fim-watch/gen_00232.txt ts=2026-09-18T00:09:59.741672+00:00
 [01249/3000] create simple     /srv/fim-watch/critico/gen_00233.txt ts=2026-09-18T00:09:59.841642+00:00
 [01250/3000] modify simple     /srv/fim-watch/critico/gen_00233.txt ts=2026-09-18T00:09:59.941645+00:00
 [01251/3000] modify simple     /srv/fim-watch/gen_00068.txt ts=2026-09-18T00:10:00.041662+00:00
 [01252/3000] create simple     /srv/fim-watch/gen_00234.txt ts=2026-09-18T00:10:00.141719+00:00
 [01253/3000] modify simple     /srv/fim-watch/gen_00117.txt ts=2026-09-18T00:10:00.241760+00:00
 [01254/3000] modify simple     /srv/fim-watch/gen_00102.txt ts=2026-09-18T00:10:00.341663+00:00
 [01255/3000] modify simple     /srv/fim-watch/gen_00108.txt ts=2026-09-18T00:10:00.442042+00:00
 [01256/3000] create simple     /srv/fim-watch/gen_00235.txt ts=2026-09-18T00:10:00.541569+00:00
 [01257/3000] create simple     /srv/fim-watch/critico/gen_00236.txt ts=2026-09-18T00:10:00.641685+00:00
 [01258/3000] modify simple     /srv/fim-watch/critico/gen_00222.txt ts=2026-09-18T00:10:00.741950+00:00
 [01259/3000] create simple     /srv/fim-watch/gen_00237.txt ts=2026-09-18T00:10:00.841682+00:00
 [01260/3000] create simple     /srv/fim-watch/gen_00238.txt ts=2026-09-18T00:10:00.941656+00:00
 [01261/3000] modify simple     /srv/fim-watch/gen_00195.txt ts=2026-09-18T00:10:01.041933+00:00
 [01262/3000] modify colapsado  /srv/fim-watch/gen_00115.txt ts=2026-09-18T00:10:01.141678+00:00
 [01263/3000] modify colapsado  /srv/fim-watch/gen_00115.txt ts=2026-09-18T00:10:01.241764+00:00
 [01264/3000] modify colapsado  /srv/fim-watch/gen_00115.txt ts=2026-09-18T00:10:01.341922+00:00
 [01265/3000] modify colapsado  /srv/fim-watch/gen_00115.txt ts=2026-09-18T00:10:01.441667+00:00
 [01266/3000] modify colapsado  /srv/fim-watch/gen_00115.txt ts=2026-09-18T00:10:01.541785+00:00
 [01267/3000] modify simple     /srv/fim-watch/gen_00079.txt ts=2026-09-18T00:10:01.641757+00:00
 [01268/3000] modify simple     /srv/fim-watch/gen_00057.txt ts=2026-09-18T00:10:01.741774+00:00
 [01269/3000] modify simple     /srv/fim-watch/gen_00194.txt ts=2026-09-18T00:10:01.841750+00:00
 [01270/3000] create simple     /srv/fim-watch/gen_00239.txt ts=2026-09-18T00:10:01.941680+00:00
 [01271/3000] create simple     /srv/fim-watch/gen_00240.txt ts=2026-09-18T00:10:02.041938+00:00
 [01272/3000] delete simple     /srv/fim-watch/gen_00185.txt ts=2026-09-18T00:10:02.141823+00:00
 [01273/3000] modify simple     /srv/fim-watch/gen_00203.txt ts=2026-09-18T00:10:02.242259+00:00
 [01274/3000] modify simple     /srv/fim-watch/gen_00231.txt ts=2026-09-18T00:10:02.341959+00:00
 [01275/3000] modify simple     /srv/fim-watch/gen_00217.txt ts=2026-09-18T00:10:02.441779+00:00
 [01276/3000] modify simple     /srv/fim-watch/gen_00049.txt ts=2026-09-18T00:10:02.541798+00:00
 [01277/3000] modify simple     /srv/fim-watch/gen_00240.txt ts=2026-09-18T00:10:02.641537+00:00
 [01278/3000] modify simple     /srv/fim-watch/gen_00078.txt ts=2026-09-18T00:10:02.741378+00:00
 [01279/3000] delete simple     /srv/fim-watch/gen_00146.txt ts=2026-09-18T00:10:02.841343+00:00
 [01280/3000] modify simple     /srv/fim-watch/gen_00104.txt ts=2026-09-18T00:10:02.941413+00:00
 [01281/3000] delete simple     /srv/fim-watch/critico/gen_00037.txt ts=2026-09-18T00:10:03.041367+00:00
 [01282/3000] delete simple     /srv/fim-watch/gen_00155.txt ts=2026-09-18T00:10:03.141681+00:00
 [01283/3000] create simple     /srv/fim-watch/gen_00241.txt ts=2026-09-18T00:10:03.241450+00:00
 [01284/3000] modify simple     /srv/fim-watch/gen_00219.txt ts=2026-09-18T00:10:03.341805+00:00
 [01285/3000] modify simple     /srv/fim-watch/critico/gen_00222.txt ts=2026-09-18T00:10:03.441779+00:00
 [01286/3000] modify simple     /srv/fim-watch/gen_00088.txt ts=2026-09-18T00:10:03.541638+00:00
 [01287/3000] delete simple     /srv/fim-watch/critico/gen_00025.txt ts=2026-09-18T00:10:03.641641+00:00
 [01288/3000] delete simple     /srv/fim-watch/gen_00229.txt ts=2026-09-18T00:10:03.741623+00:00
 [01289/3000] delete simple     /srv/fim-watch/gen_00217.txt ts=2026-09-18T00:10:03.841921+00:00
 [01290/3000] create simple     /srv/fim-watch/critico/gen_00242.txt ts=2026-09-18T00:10:03.941556+00:00
 [01291/3000] create simple     /srv/fim-watch/gen_00243.txt ts=2026-09-18T00:10:04.041660+00:00
 [01292/3000] modify simple     /srv/fim-watch/gen_00089.txt ts=2026-09-18T00:10:04.141650+00:00
 [01293/3000] create efimero    /srv/fim-watch/gen_00244.txt ts=2026-09-18T00:10:04.241692+00:00
 [01294/3000] delete efimero    /srv/fim-watch/gen_00244.txt ts=2026-09-18T00:10:04.341626+00:00
 [01295/3000] modify simple     /srv/fim-watch/critico/gen_00191.txt ts=2026-09-18T00:10:04.441594+00:00
 [01296/3000] modify revertido  /srv/fim-watch/gen_00203.txt ts=2026-09-18T00:10:04.542757+00:00
 [01297/3000] modify revertido  /srv/fim-watch/gen_00203.txt ts=2026-09-18T00:10:04.641787+00:00
 [01298/3000] modify simple     /srv/fim-watch/gen_00088.txt ts=2026-09-18T00:10:04.742229+00:00
 [01299/3000] create simple     /srv/fim-watch/gen_00245.txt ts=2026-09-18T00:10:04.841448+00:00
 [01300/3000] modify simple     /srv/fim-watch/critico/gen_00156.txt ts=2026-09-18T00:10:04.941983+00:00
 [01301/3000] modify simple     /srv/fim-watch/gen_00198.txt ts=2026-09-18T00:10:05.041722+00:00
 [01302/3000] create simple     /srv/fim-watch/gen_00246.txt ts=2026-09-18T00:10:05.141680+00:00
 [01303/3000] modify simple     /srv/fim-watch/critico/gen_00200.txt ts=2026-09-18T00:10:05.241688+00:00
 [01304/3000] modify simple     /srv/fim-watch/gen_00219.txt ts=2026-09-18T00:10:05.341773+00:00
 [01305/3000] modify simple     /srv/fim-watch/gen_00174.txt ts=2026-09-18T00:10:05.441777+00:00
 [01306/3000] modify simple     /srv/fim-watch/critico/gen_00209.txt ts=2026-09-18T00:10:05.541731+00:00
 [01307/3000] modify simple     /srv/fim-watch/gen_00057.txt ts=2026-09-18T00:10:05.641804+00:00
 [01308/3000] modify simple     /srv/fim-watch/gen_00161.txt ts=2026-09-18T00:10:05.741765+00:00
 [01309/3000] delete simple     /srv/fim-watch/gen_00237.txt ts=2026-09-18T00:10:05.841683+00:00
 [01310/3000] modify simple     /srv/fim-watch/critico/gen_00242.txt ts=2026-09-18T00:10:05.942135+00:00
 [01311/3000] create simple     /srv/fim-watch/gen_00247.txt ts=2026-09-18T00:10:06.041697+00:00
 [01312/3000] modify simple     /srv/fim-watch/gen_00006.txt ts=2026-09-18T00:10:06.141793+00:00
 [01313/3000] modify simple     /srv/fim-watch/gen_00114.txt ts=2026-09-18T00:10:06.242029+00:00
 [01314/3000] modify colapsado  /srv/fim-watch/gen_00128.txt ts=2026-09-18T00:10:06.342301+00:00
 [01315/3000] modify colapsado  /srv/fim-watch/gen_00128.txt ts=2026-09-18T00:10:06.441787+00:00
 [01316/3000] modify colapsado  /srv/fim-watch/gen_00128.txt ts=2026-09-18T00:10:06.541792+00:00
 [01317/3000] modify colapsado  /srv/fim-watch/gen_00128.txt ts=2026-09-18T00:10:06.641986+00:00
 [01318/3000] modify colapsado  /srv/fim-watch/gen_00128.txt ts=2026-09-18T00:10:06.741778+00:00
 [01319/3000] modify simple     /srv/fim-watch/gen_00162.txt ts=2026-09-18T00:10:06.842030+00:00
 [01320/3000] create simple     /srv/fim-watch/critico/gen_00248.txt ts=2026-09-18T00:10:06.941697+00:00
 [01321/3000] create simple     /srv/fim-watch/gen_00249.txt ts=2026-09-18T00:10:07.041788+00:00
 [01322/3000] modify simple     /srv/fim-watch/critico/gen_00236.txt ts=2026-09-18T00:10:07.141776+00:00
 [01323/3000] modify simple     /srv/fim-watch/gen_00093.txt ts=2026-09-18T00:10:07.242246+00:00
 [01324/3000] modify simple     /srv/fim-watch/critico/gen_00222.txt ts=2026-09-18T00:10:07.341781+00:00
 [01325/3000] delete simple     /srv/fim-watch/gen_00239.txt ts=2026-09-18T00:10:07.441648+00:00
 [01326/3000] modify simple     /srv/fim-watch/gen_00128.txt ts=2026-09-18T00:10:07.542192+00:00
 [01327/3000] modify simple     /srv/fim-watch/gen_00235.txt ts=2026-09-18T00:10:07.641783+00:00
 [01328/3000] delete simple     /srv/fim-watch/gen_00074.txt ts=2026-09-18T00:10:07.741741+00:00
 [01329/3000] delete simple     /srv/fim-watch/gen_00159.txt ts=2026-09-18T00:10:07.841625+00:00
 [01330/3000] create simple     /srv/fim-watch/gen_00250.txt ts=2026-09-18T00:10:07.941694+00:00
 [01331/3000] delete simple     /srv/fim-watch/gen_00068.txt ts=2026-09-18T00:10:08.041617+00:00
 [01332/3000] modify revertido  /srv/fim-watch/critico/gen_00189.txt ts=2026-09-18T00:10:08.141636+00:00
 [01333/3000] modify revertido  /srv/fim-watch/critico/gen_00189.txt ts=2026-09-18T00:10:08.242805+00:00
 [01334/3000] modify simple     /srv/fim-watch/gen_00234.txt ts=2026-09-18T00:10:08.341361+00:00
 [01335/3000] modify simple     /srv/fim-watch/gen_00214.txt ts=2026-09-18T00:10:08.441392+00:00
 [01336/3000] modify simple     /srv/fim-watch/gen_00163.txt ts=2026-09-18T00:10:08.541399+00:00
 [01337/3000] create simple     /srv/fim-watch/critico/gen_00251.txt ts=2026-09-18T00:10:08.641676+00:00
 [01338/3000] modify simple     /srv/fim-watch/gen_00231.txt ts=2026-09-18T00:10:08.742030+00:00
 [01339/3000] create simple     /srv/fim-watch/gen_00252.txt ts=2026-09-18T00:10:08.841676+00:00
 [01340/3000] modify simple     /srv/fim-watch/critico/gen_00233.txt ts=2026-09-18T00:10:08.941781+00:00
 [01341/3000] create simple     /srv/fim-watch/critico/gen_00253.txt ts=2026-09-18T00:10:09.041470+00:00
 [01342/3000] modify simple     /srv/fim-watch/gen_00221.txt ts=2026-09-18T00:10:09.141786+00:00
 [01343/3000] create simple     /srv/fim-watch/gen_00254.txt ts=2026-09-18T00:10:09.241890+00:00
 [01344/3000] create simple     /srv/fim-watch/gen_00255.txt ts=2026-09-18T00:10:09.341728+00:00
 [01345/3000] create simple     /srv/fim-watch/gen_00256.txt ts=2026-09-18T00:10:09.441686+00:00
 [01346/3000] modify revertido  /srv/fim-watch/gen_00187.txt ts=2026-09-18T00:10:09.541910+00:00
 [01347/3000] modify revertido  /srv/fim-watch/gen_00187.txt ts=2026-09-18T00:10:09.641724+00:00
 [01348/3000] modify simple     /srv/fim-watch/gen_00064.txt ts=2026-09-18T00:10:09.742051+00:00
 [01349/3000] create simple     /srv/fim-watch/gen_00257.txt ts=2026-09-18T00:10:09.841847+00:00
 [01350/3000] create efimero    /srv/fim-watch/gen_00258.txt ts=2026-09-18T00:10:09.941637+00:00
 [01351/3000] delete efimero    /srv/fim-watch/gen_00258.txt ts=2026-09-18T00:10:10.041720+00:00
 [01352/3000] create simple     /srv/fim-watch/gen_00259.txt ts=2026-09-18T00:10:10.141721+00:00
 [01353/3000] modify simple     /srv/fim-watch/gen_00006.txt ts=2026-09-18T00:10:10.241763+00:00
 [01354/3000] modify simple     /srv/fim-watch/gen_00108.txt ts=2026-09-18T00:10:10.341659+00:00
 [01355/3000] modify simple     /srv/fim-watch/gen_00256.txt ts=2026-09-18T00:10:10.441765+00:00
 [01356/3000] create simple     /srv/fim-watch/gen_00260.txt ts=2026-09-18T00:10:10.541669+00:00
 [01357/3000] modify simple     /srv/fim-watch/gen_00175.txt ts=2026-09-18T00:10:10.641589+00:00
 [01358/3000] create simple     /srv/fim-watch/gen_00261.txt ts=2026-09-18T00:10:10.741466+00:00
 [01359/3000] create simple     /srv/fim-watch/critico/gen_00262.txt ts=2026-09-18T00:10:10.841461+00:00
 [01360/3000] create simple     /srv/fim-watch/gen_00263.txt ts=2026-09-18T00:10:10.941501+00:00
 [01361/3000] create simple     /srv/fim-watch/gen_00264.txt ts=2026-09-18T00:10:11.041508+00:00
 [01362/3000] modify simple     /srv/fim-watch/gen_00050.txt ts=2026-09-18T00:10:11.141685+00:00
 [01363/3000] modify simple     /srv/fim-watch/gen_00084.txt ts=2026-09-18T00:10:11.241576+00:00
 [01364/3000] create simple     /srv/fim-watch/gen_00265.txt ts=2026-09-18T00:10:11.341581+00:00
 [01365/3000] create simple     /srv/fim-watch/gen_00266.txt ts=2026-09-18T00:10:11.441466+00:00
 [01366/3000] modify simple     /srv/fim-watch/critico/gen_00053.txt ts=2026-09-18T00:10:11.541652+00:00
 [01367/3000] modify simple     /srv/fim-watch/gen_00006.txt ts=2026-09-18T00:10:11.641774+00:00
 [01368/3000] modify simple     /srv/fim-watch/critico/gen_00209.txt ts=2026-09-18T00:10:11.741954+00:00
 [01369/3000] modify simple     /srv/fim-watch/critico/gen_00156.txt ts=2026-09-18T00:10:11.841810+00:00
 [01370/3000] create simple     /srv/fim-watch/gen_00267.txt ts=2026-09-18T00:10:11.942001+00:00
 [01371/3000] modify simple     /srv/fim-watch/gen_00195.txt ts=2026-09-18T00:10:12.041804+00:00
 [01372/3000] modify simple     /srv/fim-watch/gen_00254.txt ts=2026-09-18T00:10:12.141768+00:00
 [01373/3000] create simple     /srv/fim-watch/gen_00268.txt ts=2026-09-18T00:10:12.241844+00:00
 [01374/3000] create simple     /srv/fim-watch/gen_00269.txt ts=2026-09-18T00:10:12.342081+00:00
 [01375/3000] create efimero    /srv/fim-watch/gen_00270.txt ts=2026-09-18T00:10:12.441705+00:00
 [01376/3000] delete efimero    /srv/fim-watch/gen_00270.txt ts=2026-09-18T00:10:12.541647+00:00
 [01377/3000] modify revertido  /srv/fim-watch/gen_00175.txt ts=2026-09-18T00:10:12.641790+00:00
 [01378/3000] modify revertido  /srv/fim-watch/gen_00175.txt ts=2026-09-18T00:10:12.741792+00:00
 [01379/3000] create simple     /srv/fim-watch/gen_00271.txt ts=2026-09-18T00:10:12.841525+00:00
 [01380/3000] modify simple     /srv/fim-watch/gen_00033.txt ts=2026-09-18T00:10:12.941818+00:00
 [01381/3000] create simple     /srv/fim-watch/critico/gen_00272.txt ts=2026-09-18T00:10:13.041484+00:00
 [01382/3000] delete simple     /srv/fim-watch/gen_00058.txt ts=2026-09-18T00:10:13.141628+00:00
 [01383/3000] modify simple     /srv/fim-watch/critico/gen_00169.txt ts=2026-09-18T00:10:13.241903+00:00
 [01384/3000] modify colapsado  /srv/fim-watch/gen_00267.txt ts=2026-09-18T00:10:13.341529+00:00
 [01385/3000] modify colapsado  /srv/fim-watch/gen_00267.txt ts=2026-09-18T00:10:13.441633+00:00
 [01386/3000] modify colapsado  /srv/fim-watch/gen_00267.txt ts=2026-09-18T00:10:13.541676+00:00
 [01387/3000] modify colapsado  /srv/fim-watch/gen_00267.txt ts=2026-09-18T00:10:13.641641+00:00
 [01388/3000] modify colapsado  /srv/fim-watch/gen_00267.txt ts=2026-09-18T00:10:13.741480+00:00
 [01389/3000] modify simple     /srv/fim-watch/gen_00036.txt ts=2026-09-18T00:10:13.841804+00:00
 [01390/3000] delete simple     /srv/fim-watch/gen_00065.txt ts=2026-09-18T00:10:13.941365+00:00
 [01391/3000] create simple     /srv/fim-watch/gen_00273.txt ts=2026-09-18T00:10:14.042475+00:00
 [01392/3000] modify revertido  /srv/fim-watch/critico/gen_00236.txt ts=2026-09-18T00:10:14.141428+00:00
 [01393/3000] modify revertido  /srv/fim-watch/critico/gen_00236.txt ts=2026-09-18T00:10:14.241678+00:00
 [01394/3000] delete simple     /srv/fim-watch/gen_00245.txt ts=2026-09-18T00:10:14.341628+00:00
 [01395/3000] modify revertido  /srv/fim-watch/gen_00268.txt ts=2026-09-18T00:10:14.441646+00:00
 [01396/3000] modify revertido  /srv/fim-watch/gen_00268.txt ts=2026-09-18T00:10:14.541823+00:00
 [01397/3000] create simple     /srv/fim-watch/gen_00274.txt ts=2026-09-18T00:10:14.641672+00:00
 [01398/3000] modify simple     /srv/fim-watch/gen_00134.txt ts=2026-09-18T00:10:14.741817+00:00
 [01399/3000] modify simple     /srv/fim-watch/gen_00266.txt ts=2026-09-18T00:10:14.841788+00:00
 [01400/3000] modify revertido  /srv/fim-watch/gen_00088.txt ts=2026-09-18T00:10:14.941933+00:00
 [01401/3000] modify revertido  /srv/fim-watch/gen_00088.txt ts=2026-09-18T00:10:15.041523+00:00
 [01402/3000] modify simple     /srv/fim-watch/gen_00129.txt ts=2026-09-18T00:10:15.142010+00:00
 [01403/3000] modify simple     /srv/fim-watch/gen_00084.txt ts=2026-09-18T00:10:15.241791+00:00
 [01404/3000] modify simple     /srv/fim-watch/gen_00256.txt ts=2026-09-18T00:10:15.341678+00:00
 [01405/3000] delete simple     /srv/fim-watch/gen_00093.txt ts=2026-09-18T00:10:15.441649+00:00
 [01406/3000] delete simple     /srv/fim-watch/gen_00067.txt ts=2026-09-18T00:10:15.541664+00:00
 [01407/3000] create simple     /srv/fim-watch/gen_00275.txt ts=2026-09-18T00:10:15.641452+00:00
 [01408/3000] delete simple     /srv/fim-watch/critico/gen_00202.txt ts=2026-09-18T00:10:15.741546+00:00
 [01409/3000] modify colapsado  /srv/fim-watch/gen_00267.txt ts=2026-09-18T00:10:15.841747+00:00
 [01410/3000] modify colapsado  /srv/fim-watch/gen_00267.txt ts=2026-09-18T00:10:15.941793+00:00
 [01411/3000] modify colapsado  /srv/fim-watch/gen_00267.txt ts=2026-09-18T00:10:16.041796+00:00
 [01412/3000] modify colapsado  /srv/fim-watch/gen_00267.txt ts=2026-09-18T00:10:16.141803+00:00
 [01413/3000] modify colapsado  /srv/fim-watch/gen_00267.txt ts=2026-09-18T00:10:16.241812+00:00
 [01414/3000] modify simple     /srv/fim-watch/gen_00160.txt ts=2026-09-18T00:10:16.341814+00:00
 [01415/3000] modify simple     /srv/fim-watch/gen_00098.txt ts=2026-09-18T00:10:16.441807+00:00
 [01416/3000] modify simple     /srv/fim-watch/critico/gen_00153.txt ts=2026-09-18T00:10:16.541788+00:00
 [01417/3000] modify simple     /srv/fim-watch/gen_00177.txt ts=2026-09-18T00:10:16.641805+00:00
 [01418/3000] create simple     /srv/fim-watch/critico/gen_00276.txt ts=2026-09-18T00:10:16.741653+00:00
 [01419/3000] modify simple     /srv/fim-watch/critico/gen_00173.txt ts=2026-09-18T00:10:16.842044+00:00
 [01420/3000] delete simple     /srv/fim-watch/critico/gen_00233.txt ts=2026-09-18T00:10:16.942063+00:00
 [01421/3000] modify simple     /srv/fim-watch/gen_00105.txt ts=2026-09-18T00:10:17.041784+00:00
 [01422/3000] modify simple     /srv/fim-watch/gen_00230.txt ts=2026-09-18T00:10:17.141804+00:00
 [01423/3000] modify simple     /srv/fim-watch/gen_00117.txt ts=2026-09-18T00:10:17.241791+00:00
 [01424/3000] create simple     /srv/fim-watch/gen_00277.txt ts=2026-09-18T00:10:17.341664+00:00
 [01425/3000] modify simple     /srv/fim-watch/gen_00136.txt ts=2026-09-18T00:10:17.441892+00:00
 [01426/3000] modify revertido  /srv/fim-watch/gen_00079.txt ts=2026-09-18T00:10:17.541784+00:00
 [01427/3000] modify revertido  /srv/fim-watch/gen_00079.txt ts=2026-09-18T00:10:17.641774+00:00
 [01428/3000] delete simple     /srv/fim-watch/gen_00006.txt ts=2026-09-18T00:10:17.741632+00:00
 [01429/3000] modify simple     /srv/fim-watch/critico/gen_00184.txt ts=2026-09-18T00:10:17.841807+00:00
 [01430/3000] modify simple     /srv/fim-watch/gen_00070.txt ts=2026-09-18T00:10:17.941600+00:00
 [01431/3000] create simple     /srv/fim-watch/gen_00278.txt ts=2026-09-18T00:10:18.041736+00:00
 [01432/3000] modify simple     /srv/fim-watch/gen_00176.txt ts=2026-09-18T00:10:18.141800+00:00
 [01433/3000] modify revertido  /srv/fim-watch/gen_00213.txt ts=2026-09-18T00:10:18.241801+00:00
 [01434/3000] modify revertido  /srv/fim-watch/gen_00213.txt ts=2026-09-18T00:10:18.341686+00:00
 [01435/3000] modify revertido  /srv/fim-watch/gen_00259.txt ts=2026-09-18T00:10:18.441673+00:00
 [01436/3000] modify revertido  /srv/fim-watch/gen_00259.txt ts=2026-09-18T00:10:18.541769+00:00
 [01437/3000] modify revertido  /srv/fim-watch/critico/gen_00242.txt ts=2026-09-18T00:10:18.641809+00:00
 [01438/3000] modify revertido  /srv/fim-watch/critico/gen_00242.txt ts=2026-09-18T00:10:18.741801+00:00
 [01439/3000] delete simple     /srv/fim-watch/gen_00267.txt ts=2026-09-18T00:10:18.842068+00:00
 [01440/3000] create simple     /srv/fim-watch/gen_00279.txt ts=2026-09-18T00:10:18.941671+00:00
 [01441/3000] create simple     /srv/fim-watch/critico/gen_00280.txt ts=2026-09-18T00:10:19.041825+00:00
 [01442/3000] modify simple     /srv/fim-watch/gen_00204.txt ts=2026-09-18T00:10:19.141679+00:00
 [01443/3000] modify simple     /srv/fim-watch/gen_00274.txt ts=2026-09-18T00:10:19.241394+00:00
 [01444/3000] modify colapsado  /srv/fim-watch/gen_00260.txt ts=2026-09-18T00:10:19.341393+00:00
 [01445/3000] modify colapsado  /srv/fim-watch/gen_00260.txt ts=2026-09-18T00:10:19.441392+00:00
 [01446/3000] modify colapsado  /srv/fim-watch/gen_00260.txt ts=2026-09-18T00:10:19.541509+00:00
 [01447/3000] modify colapsado  /srv/fim-watch/gen_00260.txt ts=2026-09-18T00:10:19.641458+00:00
 [01448/3000] modify colapsado  /srv/fim-watch/gen_00260.txt ts=2026-09-18T00:10:19.741844+00:00
 [01449/3000] create simple     /srv/fim-watch/gen_00281.txt ts=2026-09-18T00:10:19.841909+00:00
 [01450/3000] delete simple     /srv/fim-watch/gen_00261.txt ts=2026-09-18T00:10:19.941902+00:00
 [01451/3000] create simple     /srv/fim-watch/gen_00282.txt ts=2026-09-18T00:10:20.041748+00:00
 [01452/3000] create efimero    /srv/fim-watch/gen_00283.txt ts=2026-09-18T00:10:20.141658+00:00
 [01453/3000] delete efimero    /srv/fim-watch/gen_00283.txt ts=2026-09-18T00:10:20.241461+00:00
 [01454/3000] modify revertido  /srv/fim-watch/gen_00275.txt ts=2026-09-18T00:10:20.341811+00:00
 [01455/3000] modify revertido  /srv/fim-watch/gen_00275.txt ts=2026-09-18T00:10:20.441751+00:00
 [01456/3000] modify simple     /srv/fim-watch/critico/gen_00183.txt ts=2026-09-18T00:10:20.541778+00:00
 [01457/3000] delete simple     /srv/fim-watch/gen_00278.txt ts=2026-09-18T00:10:20.641614+00:00
 [01458/3000] modify simple     /srv/fim-watch/gen_00122.txt ts=2026-09-18T00:10:20.741826+00:00
 [01459/3000] create simple     /srv/fim-watch/gen_00284.txt ts=2026-09-18T00:10:20.841579+00:00
 [01460/3000] modify simple     /srv/fim-watch/gen_00275.txt ts=2026-09-18T00:10:20.941803+00:00
 [01461/3000] modify simple     /srv/fim-watch/gen_00040.txt ts=2026-09-18T00:10:21.042350+00:00
 [01462/3000] modify simple     /srv/fim-watch/critico/gen_00156.txt ts=2026-09-18T00:10:21.141717+00:00
 [01463/3000] modify revertido  /srv/fim-watch/gen_00215.txt ts=2026-09-18T00:10:21.241836+00:00
 [01464/3000] modify revertido  /srv/fim-watch/gen_00215.txt ts=2026-09-18T00:10:21.341775+00:00
 [01465/3000] create simple     /srv/fim-watch/gen_00285.txt ts=2026-09-18T00:10:21.441737+00:00
 [01466/3000] modify simple     /srv/fim-watch/gen_00203.txt ts=2026-09-18T00:10:21.543007+00:00
 [01467/3000] modify simple     /srv/fim-watch/gen_00231.txt ts=2026-09-18T00:10:21.641638+00:00
 [01468/3000] modify revertido  /srv/fim-watch/gen_00106.txt ts=2026-09-18T00:10:21.742025+00:00
 [01469/3000] modify revertido  /srv/fim-watch/gen_00106.txt ts=2026-09-18T00:10:21.841819+00:00
 [01470/3000] modify simple     /srv/fim-watch/gen_00166.txt ts=2026-09-18T00:10:21.941796+00:00
 [01471/3000] create simple     /srv/fim-watch/gen_00286.txt ts=2026-09-18T00:10:22.041802+00:00
 [01472/3000] modify simple     /srv/fim-watch/critico/gen_00280.txt ts=2026-09-18T00:10:22.141917+00:00
 [01473/3000] modify simple     /srv/fim-watch/critico/gen_00053.txt ts=2026-09-18T00:10:22.242006+00:00
 [01474/3000] modify revertido  /srv/fim-watch/gen_00135.txt ts=2026-09-18T00:10:22.341813+00:00
 [01475/3000] modify revertido  /srv/fim-watch/gen_00135.txt ts=2026-09-18T00:10:22.441513+00:00
 [01476/3000] create simple     /srv/fim-watch/critico/gen_00287.txt ts=2026-09-18T00:10:22.541632+00:00
 [01477/3000] delete simple     /srv/fim-watch/critico/gen_00200.txt ts=2026-09-18T00:10:22.641452+00:00
 [01478/3000] modify simple     /srv/fim-watch/gen_00193.txt ts=2026-09-18T00:10:22.741549+00:00
 [01479/3000] modify colapsado  /srv/fim-watch/gen_00265.txt ts=2026-09-18T00:10:22.841698+00:00
 [01480/3000] modify colapsado  /srv/fim-watch/gen_00265.txt ts=2026-09-18T00:10:22.941829+00:00
 [01481/3000] modify colapsado  /srv/fim-watch/gen_00265.txt ts=2026-09-18T00:10:23.041672+00:00
 [01482/3000] modify colapsado  /srv/fim-watch/gen_00265.txt ts=2026-09-18T00:10:23.141766+00:00
 [01483/3000] modify colapsado  /srv/fim-watch/gen_00265.txt ts=2026-09-18T00:10:23.241767+00:00
 [01484/3000] modify simple     /srv/fim-watch/critico/gen_00210.txt ts=2026-09-18T00:10:23.341666+00:00
 [01485/3000] modify simple     /srv/fim-watch/gen_00275.txt ts=2026-09-18T00:10:23.441823+00:00
 [01486/3000] modify simple     /srv/fim-watch/critico/gen_00287.txt ts=2026-09-18T00:10:23.542012+00:00
 [01487/3000] modify simple     /srv/fim-watch/gen_00117.txt ts=2026-09-18T00:10:23.642028+00:00
 [01488/3000] modify simple     /srv/fim-watch/gen_00281.txt ts=2026-09-18T00:10:23.741637+00:00
 [01489/3000] create simple     /srv/fim-watch/critico/gen_00288.txt ts=2026-09-18T00:10:23.841732+00:00
 [01490/3000] modify simple     /srv/fim-watch/gen_00161.txt ts=2026-09-18T00:10:23.941789+00:00
 [01491/3000] modify simple     /srv/fim-watch/gen_00282.txt ts=2026-09-18T00:10:24.042020+00:00
 [01492/3000] delete simple     /srv/fim-watch/critico/gen_00169.txt ts=2026-09-18T00:10:24.141537+00:00
 [01493/3000] modify simple     /srv/fim-watch/gen_00161.txt ts=2026-09-18T00:10:24.241813+00:00
 [01494/3000] modify simple     /srv/fim-watch/gen_00177.txt ts=2026-09-18T00:10:24.342031+00:00
 [01495/3000] modify simple     /srv/fim-watch/gen_00049.txt ts=2026-09-18T00:10:24.442331+00:00
 [01496/3000] modify revertido  /srv/fim-watch/gen_00247.txt ts=2026-09-18T00:10:24.541785+00:00
 [01497/3000] modify revertido  /srv/fim-watch/gen_00247.txt ts=2026-09-18T00:10:24.642274+00:00
 [01498/3000] create simple     /srv/fim-watch/gen_00289.txt ts=2026-09-18T00:10:24.743335+00:00
 [01499/3000] modify simple     /srv/fim-watch/critico/gen_00173.txt ts=2026-09-18T00:10:24.841599+00:00
 [01500/3000] modify simple     /srv/fim-watch/gen_00177.txt ts=2026-09-18T00:10:24.941379+00:00
 [01501/3000] create simple     /srv/fim-watch/gen_00290.txt ts=2026-09-18T00:10:25.041339+00:00
 [01502/3000] modify simple     /srv/fim-watch/gen_00206.txt ts=2026-09-18T00:10:25.141369+00:00
 [01503/3000] create simple     /srv/fim-watch/gen_00291.txt ts=2026-09-18T00:10:25.241569+00:00
 [01504/3000] modify simple     /srv/fim-watch/gen_00259.txt ts=2026-09-18T00:10:25.341888+00:00
 [01505/3000] modify simple     /srv/fim-watch/gen_00231.txt ts=2026-09-18T00:10:25.441650+00:00
 [01506/3000] modify simple     /srv/fim-watch/gen_00250.txt ts=2026-09-18T00:10:25.542061+00:00
 [01507/3000] delete simple     /srv/fim-watch/gen_00180.txt ts=2026-09-18T00:10:25.641813+00:00
 [01508/3000] modify simple     /srv/fim-watch/gen_00108.txt ts=2026-09-18T00:10:25.741746+00:00
 [01509/3000] modify simple     /srv/fim-watch/gen_00269.txt ts=2026-09-18T00:10:25.841650+00:00
 [01510/3000] modify simple     /srv/fim-watch/gen_00279.txt ts=2026-09-18T00:10:25.942033+00:00
 [01511/3000] create simple     /srv/fim-watch/gen_00292.txt ts=2026-09-18T00:10:26.041904+00:00
 [01512/3000] modify revertido  /srv/fim-watch/gen_00256.txt ts=2026-09-18T00:10:26.142256+00:00
 [01513/3000] modify revertido  /srv/fim-watch/gen_00256.txt ts=2026-09-18T00:10:26.241785+00:00
 [01514/3000] modify simple     /srv/fim-watch/gen_00252.txt ts=2026-09-18T00:10:26.342118+00:00
 [01515/3000] modify simple     /srv/fim-watch/gen_00157.txt ts=2026-09-18T00:10:26.441812+00:00
 [01516/3000] modify simple     /srv/fim-watch/gen_00223.txt ts=2026-09-18T00:10:26.541779+00:00
 [01517/3000] delete simple     /srv/fim-watch/gen_00033.txt ts=2026-09-18T00:10:26.641653+00:00
 [01518/3000] modify revertido  /srv/fim-watch/gen_00249.txt ts=2026-09-18T00:10:26.741807+00:00
 [01519/3000] modify revertido  /srv/fim-watch/gen_00249.txt ts=2026-09-18T00:10:26.841820+00:00
 [01520/3000] delete simple     /srv/fim-watch/critico/gen_00210.txt ts=2026-09-18T00:10:26.941766+00:00
 [01521/3000] modify revertido  /srv/fim-watch/gen_00225.txt ts=2026-09-18T00:10:27.041775+00:00
 [01522/3000] modify revertido  /srv/fim-watch/gen_00225.txt ts=2026-09-18T00:10:27.142062+00:00
 [01523/3000] modify simple     /srv/fim-watch/gen_00250.txt ts=2026-09-18T00:10:27.241653+00:00
 [01524/3000] create simple     /srv/fim-watch/gen_00293.txt ts=2026-09-18T00:10:27.341904+00:00
 [01525/3000] create simple     /srv/fim-watch/gen_00294.txt ts=2026-09-18T00:10:27.442113+00:00
 [01526/3000] modify simple     /srv/fim-watch/gen_00230.txt ts=2026-09-18T00:10:27.542002+00:00
 [01527/3000] modify simple     /srv/fim-watch/critico/gen_00222.txt ts=2026-09-18T00:10:27.642033+00:00
 [01528/3000] create simple     /srv/fim-watch/gen_00295.txt ts=2026-09-18T00:10:27.741641+00:00
 [01529/3000] modify simple     /srv/fim-watch/gen_00142.txt ts=2026-09-18T00:10:27.842039+00:00
 [01530/3000] modify simple     /srv/fim-watch/gen_00249.txt ts=2026-09-18T00:10:27.941799+00:00
 [01531/3000] create simple     /srv/fim-watch/gen_00296.txt ts=2026-09-18T00:10:28.041472+00:00
 [01532/3000] delete simple     /srv/fim-watch/gen_00194.txt ts=2026-09-18T00:10:28.141921+00:00
 [01533/3000] create simple     /srv/fim-watch/gen_00297.txt ts=2026-09-18T00:10:28.241679+00:00
 [01534/3000] create simple     /srv/fim-watch/gen_00298.txt ts=2026-09-18T00:10:28.341675+00:00
 [01535/3000] modify simple     /srv/fim-watch/gen_00193.txt ts=2026-09-18T00:10:28.441748+00:00
 [01536/3000] create simple     /srv/fim-watch/gen_00299.txt ts=2026-09-18T00:10:28.541697+00:00
 [01537/3000] modify simple     /srv/fim-watch/gen_00266.txt ts=2026-09-18T00:10:28.642118+00:00
 [01538/3000] modify colapsado  /srv/fim-watch/gen_00219.txt ts=2026-09-18T00:10:28.741804+00:00
 [01539/3000] modify colapsado  /srv/fim-watch/gen_00219.txt ts=2026-09-18T00:10:28.841712+00:00
 [01540/3000] modify colapsado  /srv/fim-watch/gen_00219.txt ts=2026-09-18T00:10:28.942169+00:00
 [01541/3000] modify colapsado  /srv/fim-watch/gen_00219.txt ts=2026-09-18T00:10:29.041789+00:00
 [01542/3000] modify colapsado  /srv/fim-watch/gen_00219.txt ts=2026-09-18T00:10:29.142037+00:00
 [01543/3000] modify simple     /srv/fim-watch/critico/gen_00276.txt ts=2026-09-18T00:10:29.241914+00:00
 [01544/3000] modify revertido  /srv/fim-watch/gen_00259.txt ts=2026-09-18T00:10:29.341682+00:00
 [01545/3000] modify revertido  /srv/fim-watch/gen_00259.txt ts=2026-09-18T00:10:29.442227+00:00
 [01546/3000] create efimero    /srv/fim-watch/gen_00300.txt ts=2026-09-18T00:10:29.541896+00:00
 [01547/3000] delete efimero    /srv/fim-watch/gen_00300.txt ts=2026-09-18T00:10:29.641681+00:00
 [01548/3000] modify simple     /srv/fim-watch/gen_00231.txt ts=2026-09-18T00:10:29.741786+00:00
 [01549/3000] delete simple     /srv/fim-watch/gen_00247.txt ts=2026-09-18T00:10:29.841666+00:00
 [01550/3000] delete simple     /srv/fim-watch/gen_00243.txt ts=2026-09-18T00:10:29.941831+00:00
 [01551/3000] delete simple     /srv/fim-watch/gen_00016.txt ts=2026-09-18T00:10:30.041812+00:00
 [01552/3000] modify simple     /srv/fim-watch/gen_00062.txt ts=2026-09-18T00:10:30.141588+00:00
 [01553/3000] modify simple     /srv/fim-watch/gen_00271.txt ts=2026-09-18T00:10:30.241640+00:00
 [01554/3000] modify simple     /srv/fim-watch/critico/gen_00053.txt ts=2026-09-18T00:10:30.341478+00:00
 [01555/3000] modify simple     /srv/fim-watch/gen_00062.txt ts=2026-09-18T00:10:30.441622+00:00
 [01556/3000] modify simple     /srv/fim-watch/gen_00238.txt ts=2026-09-18T00:10:30.541451+00:00
 [01557/3000] create simple     /srv/fim-watch/gen_00301.txt ts=2026-09-18T00:10:30.641435+00:00
 [01558/3000] modify simple     /srv/fim-watch/gen_00134.txt ts=2026-09-18T00:10:30.741640+00:00
 [01559/3000] create simple     /srv/fim-watch/gen_00302.txt ts=2026-09-18T00:10:30.841694+00:00
 [01560/3000] modify colapsado  /srv/fim-watch/gen_00171.txt ts=2026-09-18T00:10:30.941823+00:00
 [01561/3000] modify colapsado  /srv/fim-watch/gen_00171.txt ts=2026-09-18T00:10:31.041769+00:00
 [01562/3000] modify colapsado  /srv/fim-watch/gen_00171.txt ts=2026-09-18T00:10:31.142030+00:00
 [01563/3000] modify colapsado  /srv/fim-watch/gen_00171.txt ts=2026-09-18T00:10:31.241801+00:00
 [01564/3000] modify colapsado  /srv/fim-watch/gen_00171.txt ts=2026-09-18T00:10:31.342048+00:00
 [01565/3000] modify simple     /srv/fim-watch/gen_00254.txt ts=2026-09-18T00:10:31.441821+00:00
 [01566/3000] delete simple     /srv/fim-watch/gen_00296.txt ts=2026-09-18T00:10:31.541639+00:00
 [01567/3000] modify simple     /srv/fim-watch/gen_00078.txt ts=2026-09-18T00:10:31.641761+00:00
 [01568/3000] create simple     /srv/fim-watch/gen_00303.txt ts=2026-09-18T00:10:31.741468+00:00
 [01569/3000] modify simple     /srv/fim-watch/gen_00179.txt ts=2026-09-18T00:10:31.841792+00:00
 [01570/3000] create simple     /srv/fim-watch/critico/gen_00304.txt ts=2026-09-18T00:10:31.941930+00:00
 [01571/3000] delete simple     /srv/fim-watch/gen_00084.txt ts=2026-09-18T00:10:32.041643+00:00
 [01572/3000] modify simple     /srv/fim-watch/gen_00149.txt ts=2026-09-18T00:10:32.142015+00:00
 [01573/3000] create simple     /srv/fim-watch/gen_00305.txt ts=2026-09-18T00:10:32.241678+00:00
 [01574/3000] delete simple     /srv/fim-watch/gen_00132.txt ts=2026-09-18T00:10:32.341809+00:00
 [01575/3000] modify simple     /srv/fim-watch/gen_00106.txt ts=2026-09-18T00:10:32.442024+00:00
 [01576/3000] modify revertido  /srv/fim-watch/gen_00207.txt ts=2026-09-18T00:10:32.541780+00:00
 [01577/3000] modify revertido  /srv/fim-watch/gen_00207.txt ts=2026-09-18T00:10:32.642108+00:00
 [01578/3000] modify simple     /srv/fim-watch/gen_00108.txt ts=2026-09-18T00:10:32.741815+00:00
 [01579/3000] modify simple     /srv/fim-watch/critico/gen_00191.txt ts=2026-09-18T00:10:32.841808+00:00
 [01580/3000] modify simple     /srv/fim-watch/gen_00161.txt ts=2026-09-18T00:10:32.941839+00:00
 [01581/3000] modify simple     /srv/fim-watch/gen_00125.txt ts=2026-09-18T00:10:33.041900+00:00
 [01582/3000] modify simple     /srv/fim-watch/gen_00128.txt ts=2026-09-18T00:10:33.141788+00:00
 [01583/3000] modify revertido  /srv/fim-watch/gen_00285.txt ts=2026-09-18T00:10:33.241767+00:00
 [01584/3000] modify revertido  /srv/fim-watch/gen_00285.txt ts=2026-09-18T00:10:33.341827+00:00
 [01585/3000] modify colapsado  /srv/fim-watch/gen_00214.txt ts=2026-09-18T00:10:33.441796+00:00
 [01586/3000] modify colapsado  /srv/fim-watch/gen_00214.txt ts=2026-09-18T00:10:33.541777+00:00
 [01587/3000] modify colapsado  /srv/fim-watch/gen_00214.txt ts=2026-09-18T00:10:33.642062+00:00
 [01588/3000] modify colapsado  /srv/fim-watch/gen_00214.txt ts=2026-09-18T00:10:33.741733+00:00
 [01589/3000] modify colapsado  /srv/fim-watch/gen_00214.txt ts=2026-09-18T00:10:33.841915+00:00
 [01590/3000] modify simple     /srv/fim-watch/gen_00049.txt ts=2026-09-18T00:10:33.941785+00:00
 [01591/3000] modify simple     /srv/fim-watch/critico/gen_00280.txt ts=2026-09-18T00:10:34.041793+00:00
 [01592/3000] modify simple     /srv/fim-watch/gen_00219.txt ts=2026-09-18T00:10:34.142000+00:00
 [01593/3000] create simple     /srv/fim-watch/gen_00306.txt ts=2026-09-18T00:10:34.241589+00:00
 [01594/3000] modify simple     /srv/fim-watch/gen_00166.txt ts=2026-09-18T00:10:34.341588+00:00
 [01595/3000] create simple     /srv/fim-watch/gen_00307.txt ts=2026-09-18T00:10:34.441700+00:00
 [01596/3000] modify simple     /srv/fim-watch/gen_00273.txt ts=2026-09-18T00:10:34.541991+00:00
 [01597/3000] modify simple     /srv/fim-watch/gen_00255.txt ts=2026-09-18T00:10:34.641828+00:00
 [01598/3000] create simple     /srv/fim-watch/gen_00308.txt ts=2026-09-18T00:10:34.741680+00:00
 [01599/3000] modify simple     /srv/fim-watch/gen_00299.txt ts=2026-09-18T00:10:34.841795+00:00
 [01600/3000] modify simple     /srv/fim-watch/gen_00122.txt ts=2026-09-18T00:10:34.941952+00:00
 [01601/3000] modify simple     /srv/fim-watch/gen_00268.txt ts=2026-09-18T00:10:35.041834+00:00
 [01602/3000] create simple     /srv/fim-watch/gen_00309.txt ts=2026-09-18T00:10:35.141703+00:00
 [01603/3000] modify simple     /srv/fim-watch/gen_00273.txt ts=2026-09-18T00:10:35.241780+00:00
 [01604/3000] modify simple     /srv/fim-watch/critico/gen_00123.txt ts=2026-09-18T00:10:35.341795+00:00
 [01605/3000] create simple     /srv/fim-watch/critico/gen_00310.txt ts=2026-09-18T00:10:35.441954+00:00
 [01606/3000] create simple     /srv/fim-watch/gen_00311.txt ts=2026-09-18T00:10:35.541756+00:00
 [01607/3000] create simple     /srv/fim-watch/critico/gen_00312.txt ts=2026-09-18T00:10:35.641599+00:00
 [01608/3000] modify colapsado  /srv/fim-watch/gen_00106.txt ts=2026-09-18T00:10:35.741782+00:00
 [01609/3000] modify colapsado  /srv/fim-watch/gen_00106.txt ts=2026-09-18T00:10:35.841641+00:00
 [01610/3000] modify colapsado  /srv/fim-watch/gen_00106.txt ts=2026-09-18T00:10:35.941424+00:00
 [01611/3000] modify colapsado  /srv/fim-watch/gen_00106.txt ts=2026-09-18T00:10:36.041353+00:00
 [01612/3000] modify colapsado  /srv/fim-watch/gen_00106.txt ts=2026-09-18T00:10:36.141411+00:00
 [01613/3000] delete simple     /srv/fim-watch/gen_00070.txt ts=2026-09-18T00:10:36.241514+00:00
 [01614/3000] modify simple     /srv/fim-watch/gen_00309.txt ts=2026-09-18T00:10:36.341420+00:00
 [01615/3000] delete simple     /srv/fim-watch/gen_00089.txt ts=2026-09-18T00:10:36.441922+00:00
 [01616/3000] modify revertido  /srv/fim-watch/gen_00204.txt ts=2026-09-18T00:10:36.541800+00:00
 [01617/3000] modify revertido  /srv/fim-watch/gen_00204.txt ts=2026-09-18T00:10:36.641783+00:00
 [01618/3000] modify simple     /srv/fim-watch/critico/gen_00222.txt ts=2026-09-18T00:10:36.741783+00:00
 [01619/3000] modify simple     /srv/fim-watch/gen_00279.txt ts=2026-09-18T00:10:36.841797+00:00
 [01620/3000] delete simple     /srv/fim-watch/gen_00040.txt ts=2026-09-18T00:10:36.941664+00:00
 [01621/3000] modify simple     /srv/fim-watch/gen_00228.txt ts=2026-09-18T00:10:37.042071+00:00
 [01622/3000] create simple     /srv/fim-watch/gen_00313.txt ts=2026-09-18T00:10:37.141680+00:00
 [01623/3000] create simple     /srv/fim-watch/gen_00314.txt ts=2026-09-18T00:10:37.241940+00:00
 [01624/3000] modify simple     /srv/fim-watch/gen_00152.txt ts=2026-09-18T00:10:37.341781+00:00
 [01625/3000] modify simple     /srv/fim-watch/critico/gen_00248.txt ts=2026-09-18T00:10:37.441753+00:00
 [01626/3000] create simple     /srv/fim-watch/gen_00315.txt ts=2026-09-18T00:10:37.541659+00:00
 [01627/3000] create simple     /srv/fim-watch/gen_00316.txt ts=2026-09-18T00:10:37.641680+00:00
 [01628/3000] modify simple     /srv/fim-watch/gen_00179.txt ts=2026-09-18T00:10:37.741810+00:00
 [01629/3000] modify simple     /srv/fim-watch/gen_00106.txt ts=2026-09-18T00:10:37.841986+00:00
 [01630/3000] modify simple     /srv/fim-watch/gen_00282.txt ts=2026-09-18T00:10:37.941800+00:00
 [01631/3000] modify simple     /srv/fim-watch/critico/gen_00189.txt ts=2026-09-18T00:10:38.041829+00:00
 [01632/3000] create simple     /srv/fim-watch/gen_00317.txt ts=2026-09-18T00:10:38.141738+00:00
 [01633/3000] modify revertido  /srv/fim-watch/gen_00149.txt ts=2026-09-18T00:10:38.242579+00:00
 [01634/3000] modify revertido  /srv/fim-watch/gen_00149.txt ts=2026-09-18T00:10:38.341819+00:00
 [01635/3000] modify simple     /srv/fim-watch/gen_00096.txt ts=2026-09-18T00:10:38.441954+00:00
 [01636/3000] modify simple     /srv/fim-watch/gen_00266.txt ts=2026-09-18T00:10:38.541821+00:00
 [01637/3000] modify simple     /srv/fim-watch/gen_00231.txt ts=2026-09-18T00:10:38.642028+00:00
 [01638/3000] modify simple     /srv/fim-watch/gen_00293.txt ts=2026-09-18T00:10:38.741779+00:00
 [01639/3000] modify simple     /srv/fim-watch/gen_00174.txt ts=2026-09-18T00:10:38.841772+00:00
 [01640/3000] create simple     /srv/fim-watch/gen_00318.txt ts=2026-09-18T00:10:38.941691+00:00
 [01641/3000] modify simple     /srv/fim-watch/gen_00096.txt ts=2026-09-18T00:10:39.042002+00:00
 [01642/3000] modify simple     /srv/fim-watch/gen_00231.txt ts=2026-09-18T00:10:39.141833+00:00
 [01643/3000] create simple     /srv/fim-watch/gen_00319.txt ts=2026-09-18T00:10:39.241915+00:00
 [01644/3000] delete simple     /srv/fim-watch/critico/gen_00236.txt ts=2026-09-18T00:10:39.341660+00:00
 [01645/3000] create simple     /srv/fim-watch/gen_00320.txt ts=2026-09-18T00:10:39.441592+00:00
 [01646/3000] create simple     /srv/fim-watch/gen_00321.txt ts=2026-09-18T00:10:39.541639+00:00
 [01647/3000] modify simple     /srv/fim-watch/gen_00274.txt ts=2026-09-18T00:10:39.641790+00:00
 [01648/3000] create simple     /srv/fim-watch/critico/gen_00322.txt ts=2026-09-18T00:10:39.741715+00:00
 [01649/3000] modify simple     /srv/fim-watch/critico/gen_00191.txt ts=2026-09-18T00:10:39.842183+00:00
 [01650/3000] create simple     /srv/fim-watch/gen_00323.txt ts=2026-09-18T00:10:39.941709+00:00
 [01651/3000] create efimero    /srv/fim-watch/gen_00324.txt ts=2026-09-18T00:10:40.041718+00:00
 [01652/3000] delete efimero    /srv/fim-watch/gen_00324.txt ts=2026-09-18T00:10:40.141661+00:00
 [01653/3000] modify simple     /srv/fim-watch/critico/gen_00248.txt ts=2026-09-18T00:10:40.241808+00:00
 [01654/3000] modify simple     /srv/fim-watch/critico/gen_00156.txt ts=2026-09-18T00:10:40.341900+00:00
 [01655/3000] modify simple     /srv/fim-watch/gen_00319.txt ts=2026-09-18T00:10:40.442138+00:00
 [01656/3000] create simple     /srv/fim-watch/gen_00325.txt ts=2026-09-18T00:10:40.541712+00:00
 [01657/3000] modify simple     /srv/fim-watch/critico/gen_00222.txt ts=2026-09-18T00:10:40.641782+00:00
 [01658/3000] modify simple     /srv/fim-watch/critico/gen_00253.txt ts=2026-09-18T00:10:40.741789+00:00
 [01659/3000] create simple     /srv/fim-watch/gen_00326.txt ts=2026-09-18T00:10:40.841635+00:00
 [01660/3000] delete simple     /srv/fim-watch/gen_00212.txt ts=2026-09-18T00:10:40.941925+00:00
 [01661/3000] modify simple     /srv/fim-watch/gen_00175.txt ts=2026-09-18T00:10:41.041610+00:00
 [01662/3000] create simple     /srv/fim-watch/gen_00327.txt ts=2026-09-18T00:10:41.141586+00:00
 [01663/3000] modify revertido  /srv/fim-watch/gen_00096.txt ts=2026-09-18T00:10:41.241805+00:00
 [01664/3000] modify revertido  /srv/fim-watch/gen_00096.txt ts=2026-09-18T00:10:41.341773+00:00
 [01665/3000] create efimero    /srv/fim-watch/critico/gen_00328.txt ts=2026-09-18T00:10:41.441530+00:00
 [01666/3000] delete efimero    /srv/fim-watch/critico/gen_00328.txt ts=2026-09-18T00:10:41.541353+00:00
 [01667/3000] modify simple     /srv/fim-watch/gen_00313.txt ts=2026-09-18T00:10:41.641412+00:00
 [01668/3000] modify simple     /srv/fim-watch/gen_00115.txt ts=2026-09-18T00:10:41.741371+00:00
 [01669/3000] modify simple     /srv/fim-watch/gen_00177.txt ts=2026-09-18T00:10:41.841513+00:00
 [01670/3000] modify simple     /srv/fim-watch/gen_00255.txt ts=2026-09-18T00:10:41.941712+00:00
 [01671/3000] modify simple     /srv/fim-watch/gen_00252.txt ts=2026-09-18T00:10:42.041650+00:00
 [01672/3000] create simple     /srv/fim-watch/gen_00329.txt ts=2026-09-18T00:10:42.141512+00:00
 [01673/3000] modify simple     /srv/fim-watch/gen_00152.txt ts=2026-09-18T00:10:42.241785+00:00
 [01674/3000] modify simple     /srv/fim-watch/gen_00171.txt ts=2026-09-18T00:10:42.341842+00:00
 [01675/3000] modify simple     /srv/fim-watch/gen_00279.txt ts=2026-09-18T00:10:42.441782+00:00
 [01676/3000] modify simple     /srv/fim-watch/gen_00088.txt ts=2026-09-18T00:10:42.541676+00:00
 [01677/3000] create simple     /srv/fim-watch/critico/gen_00330.txt ts=2026-09-18T00:10:42.641706+00:00
 [01678/3000] create simple     /srv/fim-watch/gen_00331.txt ts=2026-09-18T00:10:42.741687+00:00
 [01679/3000] delete simple     /srv/fim-watch/gen_00078.txt ts=2026-09-18T00:10:42.841669+00:00
 [01680/3000] modify simple     /srv/fim-watch/gen_00266.txt ts=2026-09-18T00:10:42.941791+00:00
 [01681/3000] modify simple     /srv/fim-watch/gen_00088.txt ts=2026-09-18T00:10:43.041753+00:00
 [01682/3000] modify simple     /srv/fim-watch/gen_00225.txt ts=2026-09-18T00:10:43.141819+00:00
 [01683/3000] modify simple     /srv/fim-watch/gen_00255.txt ts=2026-09-18T00:10:43.241799+00:00
 [01684/3000] modify revertido  /srv/fim-watch/gen_00160.txt ts=2026-09-18T00:10:43.341780+00:00
 [01685/3000] modify revertido  /srv/fim-watch/gen_00160.txt ts=2026-09-18T00:10:43.441803+00:00
 [01686/3000] modify colapsado  /srv/fim-watch/gen_00157.txt ts=2026-09-18T00:10:43.541908+00:00
 [01687/3000] modify colapsado  /srv/fim-watch/gen_00157.txt ts=2026-09-18T00:10:43.642474+00:00
 [01688/3000] modify colapsado  /srv/fim-watch/gen_00157.txt ts=2026-09-18T00:10:43.741667+00:00
 [01689/3000] modify colapsado  /srv/fim-watch/gen_00157.txt ts=2026-09-18T00:10:43.842021+00:00
 [01690/3000] modify colapsado  /srv/fim-watch/gen_00157.txt ts=2026-09-18T00:10:43.941792+00:00
 [01691/3000] modify simple     /srv/fim-watch/gen_00206.txt ts=2026-09-18T00:10:44.041791+00:00
 [01692/3000] modify simple     /srv/fim-watch/gen_00256.txt ts=2026-09-18T00:10:44.142070+00:00
 [01693/3000] delete simple     /srv/fim-watch/gen_00281.txt ts=2026-09-18T00:10:44.241696+00:00
 [01694/3000] create simple     /srv/fim-watch/critico/gen_00332.txt ts=2026-09-18T00:10:44.341617+00:00
 [01695/3000] modify simple     /srv/fim-watch/gen_00096.txt ts=2026-09-18T00:10:44.441671+00:00
 [01696/3000] delete simple     /srv/fim-watch/gen_00327.txt ts=2026-09-18T00:10:44.541604+00:00
 [01697/3000] modify simple     /srv/fim-watch/critico/gen_00280.txt ts=2026-09-18T00:10:44.641707+00:00
 [01698/3000] delete simple     /srv/fim-watch/gen_00273.txt ts=2026-09-18T00:10:44.741673+00:00
 [01699/3000] modify simple     /srv/fim-watch/critico/gen_00248.txt ts=2026-09-18T00:10:44.841775+00:00
 [01700/3000] modify simple     /srv/fim-watch/gen_00128.txt ts=2026-09-18T00:10:44.941718+00:00
 [01701/3000] modify simple     /srv/fim-watch/gen_00152.txt ts=2026-09-18T00:10:45.042021+00:00
 [01702/3000] modify simple     /srv/fim-watch/gen_00317.txt ts=2026-09-18T00:10:45.141766+00:00
 [01703/3000] delete simple     /srv/fim-watch/critico/gen_00287.txt ts=2026-09-18T00:10:45.241683+00:00
 [01704/3000] modify simple     /srv/fim-watch/critico/gen_00332.txt ts=2026-09-18T00:10:45.341951+00:00
 [01705/3000] modify simple     /srv/fim-watch/gen_00179.txt ts=2026-09-18T00:10:45.441903+00:00
 [01706/3000] modify simple     /srv/fim-watch/gen_00219.txt ts=2026-09-18T00:10:45.541905+00:00
 [01707/3000] modify simple     /srv/fim-watch/critico/gen_00242.txt ts=2026-09-18T00:10:45.641755+00:00
 [01708/3000] modify simple     /srv/fim-watch/gen_00279.txt ts=2026-09-18T00:10:45.742006+00:00
 [01709/3000] modify simple     /srv/fim-watch/gen_00042.txt ts=2026-09-18T00:10:45.842086+00:00
 [01710/3000] modify revertido  /srv/fim-watch/gen_00311.txt ts=2026-09-18T00:10:45.941824+00:00
 [01711/3000] modify revertido  /srv/fim-watch/gen_00311.txt ts=2026-09-18T00:10:46.041921+00:00
 [01712/3000] modify simple     /srv/fim-watch/gen_00254.txt ts=2026-09-18T00:10:46.141680+00:00
 [01713/3000] modify simple     /srv/fim-watch/critico/gen_00304.txt ts=2026-09-18T00:10:46.241978+00:00
 [01714/3000] modify simple     /srv/fim-watch/gen_00126.txt ts=2026-09-18T00:10:46.341801+00:00
 [01715/3000] modify simple     /srv/fim-watch/gen_00301.txt ts=2026-09-18T00:10:46.442064+00:00
 [01716/3000] modify simple     /srv/fim-watch/gen_00286.txt ts=2026-09-18T00:10:46.541889+00:00
 [01717/3000] create simple     /srv/fim-watch/critico/gen_00333.txt ts=2026-09-18T00:10:46.641621+00:00
 [01718/3000] modify revertido  /srv/fim-watch/critico/gen_00183.txt ts=2026-09-18T00:10:46.741932+00:00
 [01719/3000] modify revertido  /srv/fim-watch/critico/gen_00183.txt ts=2026-09-18T00:10:46.841576+00:00
 [01720/3000] modify simple     /srv/fim-watch/gen_00166.txt ts=2026-09-18T00:10:46.941932+00:00
 [01721/3000] create simple     /srv/fim-watch/gen_00334.txt ts=2026-09-18T00:10:47.041970+00:00
 [01722/3000] create simple     /srv/fim-watch/gen_00335.txt ts=2026-09-18T00:10:47.141608+00:00
 [01723/3000] modify simple     /srv/fim-watch/gen_00241.txt ts=2026-09-18T00:10:47.241471+00:00
 [01724/3000] modify simple     /srv/fim-watch/gen_00125.txt ts=2026-09-18T00:10:47.341509+00:00
 [01725/3000] modify simple     /srv/fim-watch/gen_00260.txt ts=2026-09-18T00:10:47.442456+00:00
 [01726/3000] create simple     /srv/fim-watch/critico/gen_00336.txt ts=2026-09-18T00:10:47.541422+00:00
 [01727/3000] create efimero    /srv/fim-watch/gen_00337.txt ts=2026-09-18T00:10:47.641526+00:00
 [01728/3000] delete efimero    /srv/fim-watch/gen_00337.txt ts=2026-09-18T00:10:47.741550+00:00
 [01729/3000] modify simple     /srv/fim-watch/gen_00219.txt ts=2026-09-18T00:10:47.841676+00:00
 [01730/3000] delete simple     /srv/fim-watch/critico/gen_00276.txt ts=2026-09-18T00:10:47.941798+00:00
 [01731/3000] modify simple     /srv/fim-watch/gen_00177.txt ts=2026-09-18T00:10:48.041539+00:00
 [01732/3000] create simple     /srv/fim-watch/gen_00338.txt ts=2026-09-18T00:10:48.141568+00:00
 [01733/3000] delete simple     /srv/fim-watch/gen_00176.txt ts=2026-09-18T00:10:48.241557+00:00
 [01734/3000] delete simple     /srv/fim-watch/gen_00301.txt ts=2026-09-18T00:10:48.341480+00:00
 [01735/3000] modify simple     /srv/fim-watch/gen_00126.txt ts=2026-09-18T00:10:48.441803+00:00
 [01736/3000] delete simple     /srv/fim-watch/gen_00135.txt ts=2026-09-18T00:10:48.541670+00:00
 [01737/3000] modify simple     /srv/fim-watch/critico/gen_00184.txt ts=2026-09-18T00:10:48.641811+00:00
 [01738/3000] delete simple     /srv/fim-watch/gen_00292.txt ts=2026-09-18T00:10:48.741673+00:00
 [01739/3000] modify simple     /srv/fim-watch/gen_00071.txt ts=2026-09-18T00:10:48.841801+00:00
 [01740/3000] create simple     /srv/fim-watch/gen_00339.txt ts=2026-09-18T00:10:48.941754+00:00
 [01741/3000] delete simple     /srv/fim-watch/gen_00338.txt ts=2026-09-18T00:10:49.041647+00:00
 [01742/3000] modify simple     /srv/fim-watch/critico/gen_00310.txt ts=2026-09-18T00:10:49.141807+00:00
 [01743/3000] modify colapsado  /srv/fim-watch/gen_00206.txt ts=2026-09-18T00:10:49.241738+00:00
 [01744/3000] modify colapsado  /srv/fim-watch/gen_00206.txt ts=2026-09-18T00:10:49.341839+00:00
 [01745/3000] modify colapsado  /srv/fim-watch/gen_00206.txt ts=2026-09-18T00:10:49.441806+00:00
 [01746/3000] modify colapsado  /srv/fim-watch/gen_00206.txt ts=2026-09-18T00:10:49.541714+00:00
 [01747/3000] modify colapsado  /srv/fim-watch/gen_00206.txt ts=2026-09-18T00:10:49.641659+00:00
 [01748/3000] modify simple     /srv/fim-watch/gen_00256.txt ts=2026-09-18T00:10:49.742320+00:00
 [01749/3000] delete simple     /srv/fim-watch/gen_00088.txt ts=2026-09-18T00:10:49.841678+00:00
 [01750/3000] modify revertido  /srv/fim-watch/critico/gen_00191.txt ts=2026-09-18T00:10:49.942112+00:00
 [01751/3000] modify revertido  /srv/fim-watch/critico/gen_00191.txt ts=2026-09-18T00:10:50.041809+00:00
 [01752/3000] modify simple     /srv/fim-watch/critico/gen_00262.txt ts=2026-09-18T00:10:50.141953+00:00
 [01753/3000] modify simple     /srv/fim-watch/gen_00126.txt ts=2026-09-18T00:10:50.241812+00:00
 [01754/3000] delete simple     /srv/fim-watch/gen_00246.txt ts=2026-09-18T00:10:50.342018+00:00
 [01755/3000] modify simple     /srv/fim-watch/gen_00179.txt ts=2026-09-18T00:10:50.441822+00:00
 [01756/3000] modify simple     /srv/fim-watch/gen_00317.txt ts=2026-09-18T00:10:50.541831+00:00
 [01757/3000] create simple     /srv/fim-watch/gen_00340.txt ts=2026-09-18T00:10:50.641698+00:00
 [01758/3000] modify simple     /srv/fim-watch/gen_00108.txt ts=2026-09-18T00:10:50.741891+00:00
 [01759/3000] modify simple     /srv/fim-watch/gen_00193.txt ts=2026-09-18T00:10:50.841793+00:00
 [01760/3000] modify simple     /srv/fim-watch/critico/gen_00184.txt ts=2026-09-18T00:10:50.941808+00:00
 [01761/3000] create simple     /srv/fim-watch/gen_00341.txt ts=2026-09-18T00:10:51.041916+00:00
 [01762/3000] modify simple     /srv/fim-watch/gen_00105.txt ts=2026-09-18T00:10:51.141741+00:00
 [01763/3000] modify simple     /srv/fim-watch/gen_00299.txt ts=2026-09-18T00:10:51.241703+00:00
 [01764/3000] create simple     /srv/fim-watch/critico/gen_00342.txt ts=2026-09-18T00:10:51.341741+00:00
 [01765/3000] modify simple     /srv/fim-watch/gen_00223.txt ts=2026-09-18T00:10:51.441832+00:00
 [01766/3000] create simple     /srv/fim-watch/critico/gen_00343.txt ts=2026-09-18T00:10:51.541908+00:00
 [01767/3000] modify simple     /srv/fim-watch/critico/gen_00272.txt ts=2026-09-18T00:10:51.641824+00:00
 [01768/3000] modify simple     /srv/fim-watch/gen_00221.txt ts=2026-09-18T00:10:51.742317+00:00
 [01769/3000] modify simple     /srv/fim-watch/gen_00203.txt ts=2026-09-18T00:10:51.841767+00:00
 [01770/3000] create simple     /srv/fim-watch/critico/gen_00344.txt ts=2026-09-18T00:10:51.941700+00:00
 [01771/3000] modify simple     /srv/fim-watch/gen_00151.txt ts=2026-09-18T00:10:52.041826+00:00
 [01772/3000] modify colapsado  /srv/fim-watch/gen_00282.txt ts=2026-09-18T00:10:52.142302+00:00
 [01773/3000] modify colapsado  /srv/fim-watch/gen_00282.txt ts=2026-09-18T00:10:52.242041+00:00
 [01774/3000] modify colapsado  /srv/fim-watch/gen_00282.txt ts=2026-09-18T00:10:52.342000+00:00
 [01775/3000] modify colapsado  /srv/fim-watch/gen_00282.txt ts=2026-09-18T00:10:52.441789+00:00
 [01776/3000] modify colapsado  /srv/fim-watch/gen_00282.txt ts=2026-09-18T00:10:52.541821+00:00
 [01777/3000] modify simple     /srv/fim-watch/gen_00231.txt ts=2026-09-18T00:10:52.642000+00:00
 [01778/3000] create simple     /srv/fim-watch/critico/gen_00345.txt ts=2026-09-18T00:10:52.742187+00:00
 [01779/3000] modify simple     /srv/fim-watch/gen_00311.txt ts=2026-09-18T00:10:52.841669+00:00
 [01780/3000] modify simple     /srv/fim-watch/gen_00263.txt ts=2026-09-18T00:10:52.941502+00:00
 [01781/3000] modify simple     /srv/fim-watch/critico/gen_00344.txt ts=2026-09-18T00:10:53.041441+00:00
 [01782/3000] modify revertido  /srv/fim-watch/gen_00235.txt ts=2026-09-18T00:10:53.141423+00:00
 [01783/3000] modify revertido  /srv/fim-watch/gen_00235.txt ts=2026-09-18T00:10:53.241409+00:00
 [01784/3000] modify simple     /srv/fim-watch/critico/gen_00336.txt ts=2026-09-18T00:10:53.341392+00:00
 [01785/3000] modify simple     /srv/fim-watch/gen_00152.txt ts=2026-09-18T00:10:53.442322+00:00
 [01786/3000] modify simple     /srv/fim-watch/gen_00177.txt ts=2026-09-18T00:10:53.541819+00:00
 [01787/3000] modify simple     /srv/fim-watch/gen_00311.txt ts=2026-09-18T00:10:53.642008+00:00
 [01788/3000] modify revertido  /srv/fim-watch/critico/gen_00345.txt ts=2026-09-18T00:10:53.741993+00:00
 [01789/3000] modify revertido  /srv/fim-watch/critico/gen_00345.txt ts=2026-09-18T00:10:53.841812+00:00
 [01790/3000] modify simple     /srv/fim-watch/gen_00289.txt ts=2026-09-18T00:10:53.942319+00:00
 [01791/3000] create simple     /srv/fim-watch/gen_00346.txt ts=2026-09-18T00:10:54.041724+00:00
 [01792/3000] modify simple     /srv/fim-watch/gen_00171.txt ts=2026-09-18T00:10:54.141802+00:00
 [01793/3000] modify simple     /srv/fim-watch/gen_00297.txt ts=2026-09-18T00:10:54.242054+00:00
 [01794/3000] modify revertido  /srv/fim-watch/gen_00318.txt ts=2026-09-18T00:10:54.341844+00:00
 [01795/3000] modify revertido  /srv/fim-watch/gen_00318.txt ts=2026-09-18T00:10:54.441820+00:00
 [01796/3000] create simple     /srv/fim-watch/critico/gen_00347.txt ts=2026-09-18T00:10:54.541492+00:00
 [01797/3000] create simple     /srv/fim-watch/gen_00348.txt ts=2026-09-18T00:10:54.641470+00:00
 [01798/3000] modify simple     /srv/fim-watch/gen_00126.txt ts=2026-09-18T00:10:54.742053+00:00
 [01799/3000] create simple     /srv/fim-watch/gen_00349.txt ts=2026-09-18T00:10:54.841679+00:00
 [01800/3000] modify simple     /srv/fim-watch/gen_00232.txt ts=2026-09-18T00:10:54.942053+00:00
 [01801/3000] modify simple     /srv/fim-watch/gen_00298.txt ts=2026-09-18T00:10:55.042025+00:00
 [01802/3000] delete simple     /srv/fim-watch/gen_00341.txt ts=2026-09-18T00:10:55.142097+00:00
 [01803/3000] create simple     /srv/fim-watch/gen_00350.txt ts=2026-09-18T00:10:55.241686+00:00
 [01804/3000] modify simple     /srv/fim-watch/gen_00306.txt ts=2026-09-18T00:10:55.341815+00:00
 [01805/3000] modify simple     /srv/fim-watch/gen_00057.txt ts=2026-09-18T00:10:55.442401+00:00
 [01806/3000] modify simple     /srv/fim-watch/critico/gen_00262.txt ts=2026-09-18T00:10:55.541712+00:00
 [01807/3000] modify simple     /srv/fim-watch/critico/gen_00253.txt ts=2026-09-18T00:10:55.641553+00:00
 [01808/3000] modify simple     /srv/fim-watch/gen_00238.txt ts=2026-09-18T00:10:55.741553+00:00
 [01809/3000] create simple     /srv/fim-watch/critico/gen_00351.txt ts=2026-09-18T00:10:55.841769+00:00
 [01810/3000] create simple     /srv/fim-watch/gen_00352.txt ts=2026-09-18T00:10:55.941693+00:00
 [01811/3000] modify simple     /srv/fim-watch/gen_00198.txt ts=2026-09-18T00:10:56.041714+00:00
 [01812/3000] create simple     /srv/fim-watch/critico/gen_00353.txt ts=2026-09-18T00:10:56.141726+00:00
 [01813/3000] modify simple     /srv/fim-watch/gen_00299.txt ts=2026-09-18T00:10:56.241560+00:00
 [01814/3000] modify simple     /srv/fim-watch/gen_00064.txt ts=2026-09-18T00:10:56.343316+00:00
 [01815/3000] modify colapsado  /srv/fim-watch/gen_00348.txt ts=2026-09-18T00:10:56.441750+00:00
 [01816/3000] modify colapsado  /srv/fim-watch/gen_00348.txt ts=2026-09-18T00:10:56.542304+00:00
 [01817/3000] modify colapsado  /srv/fim-watch/gen_00348.txt ts=2026-09-18T00:10:56.641830+00:00
 [01818/3000] modify colapsado  /srv/fim-watch/gen_00348.txt ts=2026-09-18T00:10:56.741817+00:00
 [01819/3000] modify colapsado  /srv/fim-watch/gen_00348.txt ts=2026-09-18T00:10:56.841807+00:00
 [01820/3000] modify simple     /srv/fim-watch/critico/gen_00209.txt ts=2026-09-18T00:10:56.941553+00:00
 [01821/3000] modify simple     /srv/fim-watch/gen_00266.txt ts=2026-09-18T00:10:57.041514+00:00
 [01822/3000] modify simple     /srv/fim-watch/critico/gen_00330.txt ts=2026-09-18T00:10:57.141829+00:00
 [01823/3000] create simple     /srv/fim-watch/critico/gen_00354.txt ts=2026-09-18T00:10:57.241705+00:00
 [01824/3000] delete simple     /srv/fim-watch/gen_00049.txt ts=2026-09-18T00:10:57.341479+00:00
 [01825/3000] modify revertido  /srv/fim-watch/gen_00279.txt ts=2026-09-18T00:10:57.441678+00:00
 [01826/3000] modify revertido  /srv/fim-watch/gen_00279.txt ts=2026-09-18T00:10:57.541843+00:00
 [01827/3000] modify revertido  /srv/fim-watch/gen_00282.txt ts=2026-09-18T00:10:57.641675+00:00
 [01828/3000] modify revertido  /srv/fim-watch/gen_00282.txt ts=2026-09-18T00:10:57.742064+00:00
 [01829/3000] modify colapsado  /srv/fim-watch/gen_00275.txt ts=2026-09-18T00:10:57.841827+00:00
 [01830/3000] modify colapsado  /srv/fim-watch/gen_00275.txt ts=2026-09-18T00:10:57.941927+00:00
 [01831/3000] modify colapsado  /srv/fim-watch/gen_00275.txt ts=2026-09-18T00:10:58.041761+00:00
 [01832/3000] modify colapsado  /srv/fim-watch/gen_00275.txt ts=2026-09-18T00:10:58.142002+00:00
 [01833/3000] modify colapsado  /srv/fim-watch/gen_00275.txt ts=2026-09-18T00:10:58.241615+00:00
 [01834/3000] modify simple     /srv/fim-watch/gen_00325.txt ts=2026-09-18T00:10:58.341919+00:00
 [01835/3000] create simple     /srv/fim-watch/gen_00355.txt ts=2026-09-18T00:10:58.441467+00:00
 [01836/3000] delete simple     /srv/fim-watch/gen_00162.txt ts=2026-09-18T00:10:58.541525+00:00
 [01837/3000] create simple     /srv/fim-watch/gen_00356.txt ts=2026-09-18T00:10:58.642091+00:00
 [01838/3000] create simple     /srv/fim-watch/gen_00357.txt ts=2026-09-18T00:10:58.741393+00:00
 [01839/3000] create simple     /srv/fim-watch/gen_00358.txt ts=2026-09-18T00:10:58.841489+00:00
 [01840/3000] create simple     /srv/fim-watch/gen_00359.txt ts=2026-09-18T00:10:58.941400+00:00
 [01841/3000] modify simple     /srv/fim-watch/gen_00230.txt ts=2026-09-18T00:10:59.041817+00:00
 [01842/3000] modify revertido  /srv/fim-watch/gen_00263.txt ts=2026-09-18T00:10:59.141768+00:00
 [01843/3000] modify revertido  /srv/fim-watch/gen_00263.txt ts=2026-09-18T00:10:59.241632+00:00
 [01844/3000] create efimero    /srv/fim-watch/gen_00360.txt ts=2026-09-18T00:10:59.341713+00:00
 [01845/3000] delete efimero    /srv/fim-watch/gen_00360.txt ts=2026-09-18T00:10:59.441683+00:00
 [01846/3000] modify simple     /srv/fim-watch/gen_00308.txt ts=2026-09-18T00:10:59.541910+00:00
 [01847/3000] create simple     /srv/fim-watch/critico/gen_00361.txt ts=2026-09-18T00:10:59.641684+00:00
 [01848/3000] modify revertido  /srv/fim-watch/gen_00177.txt ts=2026-09-18T00:10:59.741682+00:00
 [01849/3000] modify revertido  /srv/fim-watch/gen_00177.txt ts=2026-09-18T00:10:59.841813+00:00
 [01850/3000] create simple     /srv/fim-watch/gen_00362.txt ts=2026-09-18T00:10:59.941702+00:00
 [01851/3000] modify simple     /srv/fim-watch/gen_00266.txt ts=2026-09-18T00:11:00.041805+00:00
 [01852/3000] modify simple     /srv/fim-watch/gen_00196.txt ts=2026-09-18T00:11:00.142022+00:00
 [01853/3000] modify simple     /srv/fim-watch/gen_00198.txt ts=2026-09-18T00:11:00.241847+00:00
 [01854/3000] modify revertido  /srv/fim-watch/gen_00329.txt ts=2026-09-18T00:11:00.341812+00:00
 [01855/3000] modify revertido  /srv/fim-watch/gen_00329.txt ts=2026-09-18T00:11:00.441813+00:00
 [01856/3000] modify simple     /srv/fim-watch/gen_00311.txt ts=2026-09-18T00:11:00.541800+00:00
 [01857/3000] create efimero    /srv/fim-watch/gen_00363.txt ts=2026-09-18T00:11:00.641697+00:00
 [01858/3000] delete efimero    /srv/fim-watch/gen_00363.txt ts=2026-09-18T00:11:00.741656+00:00
 [01859/3000] modify simple     /srv/fim-watch/critico/gen_00053.txt ts=2026-09-18T00:11:00.841811+00:00
 [01860/3000] modify revertido  /srv/fim-watch/critico/gen_00061.txt ts=2026-09-18T00:11:00.941726+00:00
 [01861/3000] modify revertido  /srv/fim-watch/critico/gen_00061.txt ts=2026-09-18T00:11:01.041791+00:00
 [01862/3000] create simple     /srv/fim-watch/gen_00364.txt ts=2026-09-18T00:11:01.141699+00:00
 [01863/3000] modify simple     /srv/fim-watch/gen_00295.txt ts=2026-09-18T00:11:01.241826+00:00
 [01864/3000] modify simple     /srv/fim-watch/gen_00250.txt ts=2026-09-18T00:11:01.341810+00:00
 [01865/3000] modify simple     /srv/fim-watch/critico/gen_00130.txt ts=2026-09-18T00:11:01.441737+00:00
 [01866/3000] modify simple     /srv/fim-watch/critico/gen_00304.txt ts=2026-09-18T00:11:01.541787+00:00
 [01867/3000] delete simple     /srv/fim-watch/gen_00057.txt ts=2026-09-18T00:11:01.641571+00:00
 [01868/3000] modify simple     /srv/fim-watch/critico/gen_00353.txt ts=2026-09-18T00:11:01.741808+00:00
 [01869/3000] create simple     /srv/fim-watch/gen_00365.txt ts=2026-09-18T00:11:01.841807+00:00
 [01870/3000] modify revertido  /srv/fim-watch/gen_00096.txt ts=2026-09-18T00:11:01.941903+00:00
 [01871/3000] modify revertido  /srv/fim-watch/gen_00096.txt ts=2026-09-18T00:11:02.041691+00:00
 [01872/3000] delete simple     /srv/fim-watch/gen_00104.txt ts=2026-09-18T00:11:02.141691+00:00
 [01873/3000] create simple     /srv/fim-watch/gen_00366.txt ts=2026-09-18T00:11:02.241657+00:00
 [01874/3000] modify simple     /srv/fim-watch/critico/gen_00189.txt ts=2026-09-18T00:11:02.341904+00:00
 [01875/3000] delete simple     /srv/fim-watch/gen_00214.txt ts=2026-09-18T00:11:02.441762+00:00
 [01876/3000] create simple     /srv/fim-watch/gen_00367.txt ts=2026-09-18T00:11:02.541688+00:00
 [01877/3000] create simple     /srv/fim-watch/gen_00368.txt ts=2026-09-18T00:11:02.641717+00:00
 [01878/3000] modify colapsado  /srv/fim-watch/critico/gen_00183.txt ts=2026-09-18T00:11:02.741886+00:00
 [01879/3000] modify colapsado  /srv/fim-watch/critico/gen_00183.txt ts=2026-09-18T00:11:02.842046+00:00
 [01880/3000] modify colapsado  /srv/fim-watch/critico/gen_00183.txt ts=2026-09-18T00:11:02.941810+00:00
 [01881/3000] modify colapsado  /srv/fim-watch/critico/gen_00183.txt ts=2026-09-18T00:11:03.041810+00:00
 [01882/3000] modify colapsado  /srv/fim-watch/critico/gen_00183.txt ts=2026-09-18T00:11:03.141815+00:00
 [01883/3000] create simple     /srv/fim-watch/critico/gen_00369.txt ts=2026-09-18T00:11:03.242086+00:00
 [01884/3000] modify simple     /srv/fim-watch/gen_00311.txt ts=2026-09-18T00:11:03.341794+00:00
 [01885/3000] create simple     /srv/fim-watch/gen_00370.txt ts=2026-09-18T00:11:03.441970+00:00
 [01886/3000] modify simple     /srv/fim-watch/gen_00256.txt ts=2026-09-18T00:11:03.542149+00:00
 [01887/3000] modify simple     /srv/fim-watch/critico/gen_00251.txt ts=2026-09-18T00:11:03.642284+00:00
 [01888/3000] modify simple     /srv/fim-watch/gen_00187.txt ts=2026-09-18T00:11:03.741807+00:00
 [01889/3000] delete simple     /srv/fim-watch/gen_00318.txt ts=2026-09-18T00:11:03.841721+00:00
 [01890/3000] modify simple     /srv/fim-watch/critico/gen_00343.txt ts=2026-09-18T00:11:03.942292+00:00
 [01891/3000] modify simple     /srv/fim-watch/critico/gen_00351.txt ts=2026-09-18T00:11:04.041358+00:00
 [01892/3000] create simple     /srv/fim-watch/critico/gen_00371.txt ts=2026-09-18T00:11:04.141342+00:00
 [01893/3000] modify simple     /srv/fim-watch/gen_00215.txt ts=2026-09-18T00:11:04.241377+00:00
 [01894/3000] modify simple     /srv/fim-watch/critico/gen_00344.txt ts=2026-09-18T00:11:04.341361+00:00
 [01895/3000] create efimero    /srv/fim-watch/gen_00372.txt ts=2026-09-18T00:11:04.441328+00:00
 [01896/3000] delete efimero    /srv/fim-watch/gen_00372.txt ts=2026-09-18T00:11:04.541304+00:00
 [01897/3000] delete simple     /srv/fim-watch/critico/gen_00248.txt ts=2026-09-18T00:11:04.641353+00:00
 [01898/3000] modify simple     /srv/fim-watch/gen_00264.txt ts=2026-09-18T00:11:04.741642+00:00
 [01899/3000] delete simple     /srv/fim-watch/gen_00357.txt ts=2026-09-18T00:11:04.841654+00:00
 [01900/3000] modify revertido  /srv/fim-watch/critico/gen_00222.txt ts=2026-09-18T00:11:04.942320+00:00
 [01901/3000] modify revertido  /srv/fim-watch/critico/gen_00222.txt ts=2026-09-18T00:11:05.041748+00:00
 [01902/3000] modify simple     /srv/fim-watch/gen_00259.txt ts=2026-09-18T00:11:05.142135+00:00
 [01903/3000] create efimero    /srv/fim-watch/gen_00373.txt ts=2026-09-18T00:11:05.241926+00:00
 [01904/3000] delete efimero    /srv/fim-watch/gen_00373.txt ts=2026-09-18T00:11:05.341662+00:00
 [01905/3000] create efimero    /srv/fim-watch/critico/gen_00374.txt ts=2026-09-18T00:11:05.442161+00:00
 [01906/3000] delete efimero    /srv/fim-watch/critico/gen_00374.txt ts=2026-09-18T00:11:05.542086+00:00
 [01907/3000] modify simple     /srv/fim-watch/critico/gen_00333.txt ts=2026-09-18T00:11:05.642149+00:00
 [01908/3000] modify simple     /srv/fim-watch/gen_00071.txt ts=2026-09-18T00:11:05.741687+00:00
 [01909/3000] create simple     /srv/fim-watch/gen_00375.txt ts=2026-09-18T00:11:05.841724+00:00
 [01910/3000] modify simple     /srv/fim-watch/critico/gen_00222.txt ts=2026-09-18T00:11:05.942269+00:00
 [01911/3000] modify simple     /srv/fim-watch/gen_00298.txt ts=2026-09-18T00:11:06.041677+00:00
 [01912/3000] create efimero    /srv/fim-watch/gen_00376.txt ts=2026-09-18T00:11:06.142138+00:00
 [01913/3000] delete efimero    /srv/fim-watch/gen_00376.txt ts=2026-09-18T00:11:06.241899+00:00
 [01914/3000] modify simple     /srv/fim-watch/gen_00128.txt ts=2026-09-18T00:11:06.341567+00:00
 [01915/3000] create simple     /srv/fim-watch/gen_00377.txt ts=2026-09-18T00:11:06.441472+00:00
 [01916/3000] create efimero    /srv/fim-watch/gen_00378.txt ts=2026-09-18T00:11:06.541895+00:00
 [01917/3000] delete efimero    /srv/fim-watch/gen_00378.txt ts=2026-09-18T00:11:06.642115+00:00
 [01918/3000] modify revertido  /srv/fim-watch/gen_00196.txt ts=2026-09-18T00:11:06.742177+00:00
 [01919/3000] modify revertido  /srv/fim-watch/gen_00196.txt ts=2026-09-18T00:11:06.841962+00:00
 [01920/3000] modify simple     /srv/fim-watch/critico/gen_00336.txt ts=2026-09-18T00:11:06.942222+00:00
 [01921/3000] create simple     /srv/fim-watch/critico/gen_00379.txt ts=2026-09-18T00:11:07.041546+00:00
 [01922/3000] modify simple     /srv/fim-watch/critico/gen_00345.txt ts=2026-09-18T00:11:07.142559+00:00
 [01923/3000] modify simple     /srv/fim-watch/gen_00203.txt ts=2026-09-18T00:11:07.242133+00:00
 [01924/3000] create efimero    /srv/fim-watch/gen_00380.txt ts=2026-09-18T00:11:07.341922+00:00
 [01925/3000] delete efimero    /srv/fim-watch/gen_00380.txt ts=2026-09-18T00:11:07.441619+00:00
 [01926/3000] modify simple     /srv/fim-watch/gen_00266.txt ts=2026-09-18T00:11:07.542276+00:00
 [01927/3000] modify simple     /srv/fim-watch/gen_00064.txt ts=2026-09-18T00:11:07.642363+00:00
 [01928/3000] delete simple     /srv/fim-watch/gen_00362.txt ts=2026-09-18T00:11:07.741826+00:00
 [01929/3000] modify simple     /srv/fim-watch/gen_00366.txt ts=2026-09-18T00:11:07.842072+00:00
 [01930/3000] modify simple     /srv/fim-watch/gen_00291.txt ts=2026-09-18T00:11:07.942269+00:00
 [01931/3000] modify simple     /srv/fim-watch/gen_00295.txt ts=2026-09-18T00:11:08.042296+00:00
 [01932/3000] modify simple     /srv/fim-watch/gen_00240.txt ts=2026-09-18T00:11:08.142341+00:00
 [01933/3000] modify colapsado  /srv/fim-watch/gen_00311.txt ts=2026-09-18T00:11:08.242302+00:00
 [01934/3000] modify colapsado  /srv/fim-watch/gen_00311.txt ts=2026-09-18T00:11:08.341898+00:00
 [01935/3000] modify colapsado  /srv/fim-watch/gen_00311.txt ts=2026-09-18T00:11:08.442321+00:00
 [01936/3000] modify colapsado  /srv/fim-watch/gen_00311.txt ts=2026-09-18T00:11:08.542049+00:00
 [01937/3000] modify colapsado  /srv/fim-watch/gen_00311.txt ts=2026-09-18T00:11:08.642324+00:00
 [01938/3000] modify revertido  /srv/fim-watch/gen_00134.txt ts=2026-09-18T00:11:08.741844+00:00
 [01939/3000] modify revertido  /srv/fim-watch/gen_00134.txt ts=2026-09-18T00:11:08.842062+00:00
 [01940/3000] create simple     /srv/fim-watch/gen_00381.txt ts=2026-09-18T00:11:08.941933+00:00
 [01941/3000] modify simple     /srv/fim-watch/gen_00366.txt ts=2026-09-18T00:11:09.042072+00:00
 [01942/3000] delete simple     /srv/fim-watch/gen_00252.txt ts=2026-09-18T00:11:09.141905+00:00
 [01943/3000] create efimero    /srv/fim-watch/critico/gen_00382.txt ts=2026-09-18T00:11:09.241736+00:00
 [01944/3000] delete efimero    /srv/fim-watch/critico/gen_00382.txt ts=2026-09-18T00:11:09.341592+00:00
 [01945/3000] create simple     /srv/fim-watch/gen_00383.txt ts=2026-09-18T00:11:09.441954+00:00
 [01946/3000] modify simple     /srv/fim-watch/gen_00355.txt ts=2026-09-18T00:11:09.541767+00:00
 [01947/3000] create simple     /srv/fim-watch/gen_00384.txt ts=2026-09-18T00:11:09.641402+00:00
 [01948/3000] delete simple     /srv/fim-watch/gen_00071.txt ts=2026-09-18T00:11:09.741679+00:00
 [01949/3000] delete simple     /srv/fim-watch/gen_00178.txt ts=2026-09-18T00:11:09.841325+00:00
 [01950/3000] modify simple     /srv/fim-watch/critico/gen_00351.txt ts=2026-09-18T00:11:09.941382+00:00
 [01951/3000] delete simple     /srv/fim-watch/gen_00161.txt ts=2026-09-18T00:11:10.041329+00:00
 [01952/3000] delete simple     /srv/fim-watch/gen_00294.txt ts=2026-09-18T00:11:10.141421+00:00
 [01953/3000] modify simple     /srv/fim-watch/gen_00230.txt ts=2026-09-18T00:11:10.241369+00:00
 [01954/3000] create simple     /srv/fim-watch/gen_00385.txt ts=2026-09-18T00:11:10.342103+00:00
 [01955/3000] create simple     /srv/fim-watch/gen_00386.txt ts=2026-09-18T00:11:10.442087+00:00
 [01956/3000] modify simple     /srv/fim-watch/gen_00365.txt ts=2026-09-18T00:11:10.542221+00:00
 [01957/3000] modify simple     /srv/fim-watch/gen_00352.txt ts=2026-09-18T00:11:10.641798+00:00
 [01958/3000] modify revertido  /srv/fim-watch/gen_00193.txt ts=2026-09-18T00:11:10.742308+00:00
 [01959/3000] modify revertido  /srv/fim-watch/gen_00193.txt ts=2026-09-18T00:11:10.841898+00:00
 [01960/3000] modify revertido  /srv/fim-watch/gen_00231.txt ts=2026-09-18T00:11:10.942293+00:00
 [01961/3000] modify revertido  /srv/fim-watch/gen_00231.txt ts=2026-09-18T00:11:11.041803+00:00
 [01962/3000] create simple     /srv/fim-watch/gen_00387.txt ts=2026-09-18T00:11:11.142445+00:00
 [01963/3000] modify simple     /srv/fim-watch/gen_00282.txt ts=2026-09-18T00:11:11.241653+00:00
 [01964/3000] create simple     /srv/fim-watch/gen_00388.txt ts=2026-09-18T00:11:11.341558+00:00
 [01965/3000] delete simple     /srv/fim-watch/gen_00192.txt ts=2026-09-18T00:11:11.441684+00:00
 [01966/3000] modify simple     /srv/fim-watch/critico/gen_00351.txt ts=2026-09-18T00:11:11.541683+00:00
 [01967/3000] modify simple     /srv/fim-watch/critico/gen_00053.txt ts=2026-09-18T00:11:11.642065+00:00
 [01968/3000] create simple     /srv/fim-watch/gen_00389.txt ts=2026-09-18T00:11:11.741717+00:00
 [01969/3000] modify simple     /srv/fim-watch/gen_00264.txt ts=2026-09-18T00:11:11.841745+00:00
 [01970/3000] modify simple     /srv/fim-watch/critico/gen_00053.txt ts=2026-09-18T00:11:11.942282+00:00
 [01971/3000] modify simple     /srv/fim-watch/gen_00152.txt ts=2026-09-18T00:11:12.041726+00:00
 [01972/3000] modify simple     /srv/fim-watch/gen_00125.txt ts=2026-09-18T00:11:12.141811+00:00
 [01973/3000] modify revertido  /srv/fim-watch/gen_00235.txt ts=2026-09-18T00:11:12.242286+00:00
 [01974/3000] modify revertido  /srv/fim-watch/gen_00235.txt ts=2026-09-18T00:11:12.341824+00:00
 [01975/3000] modify simple     /srv/fim-watch/critico/gen_00304.txt ts=2026-09-18T00:11:12.441945+00:00
 [01976/3000] modify simple     /srv/fim-watch/gen_00303.txt ts=2026-09-18T00:11:12.542132+00:00
 [01977/3000] modify simple     /srv/fim-watch/gen_00165.txt ts=2026-09-18T00:11:12.641761+00:00
 [01978/3000] modify simple     /srv/fim-watch/gen_00365.txt ts=2026-09-18T00:11:12.742316+00:00
 [01979/3000] modify simple     /srv/fim-watch/gen_00105.txt ts=2026-09-18T00:11:12.842197+00:00
 [01980/3000] modify simple     /srv/fim-watch/gen_00386.txt ts=2026-09-18T00:11:12.941802+00:00
 [01981/3000] create efimero    /srv/fim-watch/critico/gen_00390.txt ts=2026-09-18T00:11:13.041934+00:00
 [01982/3000] delete efimero    /srv/fim-watch/critico/gen_00390.txt ts=2026-09-18T00:11:13.142003+00:00
 [01983/3000] modify colapsado  /srv/fim-watch/gen_00179.txt ts=2026-09-18T00:11:13.242291+00:00
 [01984/3000] modify colapsado  /srv/fim-watch/gen_00179.txt ts=2026-09-18T00:11:13.342013+00:00
 [01985/3000] modify colapsado  /srv/fim-watch/gen_00179.txt ts=2026-09-18T00:11:13.442220+00:00
 [01986/3000] modify colapsado  /srv/fim-watch/gen_00179.txt ts=2026-09-18T00:11:13.542208+00:00
 [01987/3000] modify colapsado  /srv/fim-watch/gen_00179.txt ts=2026-09-18T00:11:13.642293+00:00
 [01988/3000] modify simple     /srv/fim-watch/gen_00230.txt ts=2026-09-18T00:11:13.742291+00:00
 [01989/3000] modify simple     /srv/fim-watch/gen_00098.txt ts=2026-09-18T00:11:13.841594+00:00
 [01990/3000] modify revertido  /srv/fim-watch/gen_00166.txt ts=2026-09-18T00:11:13.941681+00:00
 [01991/3000] modify revertido  /srv/fim-watch/gen_00166.txt ts=2026-09-18T00:11:14.041691+00:00
 [01992/3000] modify simple     /srv/fim-watch/critico/gen_00189.txt ts=2026-09-18T00:11:14.141681+00:00
 [01993/3000] delete simple     /srv/fim-watch/gen_00264.txt ts=2026-09-18T00:11:14.241601+00:00
 [01994/3000] create simple     /srv/fim-watch/critico/gen_00391.txt ts=2026-09-18T00:11:14.341725+00:00
 [01995/3000] create simple     /srv/fim-watch/critico/gen_00392.txt ts=2026-09-18T00:11:14.441998+00:00
 [01996/3000] delete simple     /srv/fim-watch/gen_00260.txt ts=2026-09-18T00:11:14.541931+00:00
 [01997/3000] modify simple     /srv/fim-watch/gen_00293.txt ts=2026-09-18T00:11:14.641802+00:00
 [01998/3000] modify simple     /srv/fim-watch/gen_00250.txt ts=2026-09-18T00:11:14.742036+00:00
 [01999/3000] modify simple     /srv/fim-watch/gen_00166.txt ts=2026-09-18T00:11:14.841821+00:00
 [02000/3000] modify simple     /srv/fim-watch/gen_00179.txt ts=2026-09-18T00:11:14.941760+00:00
 [02001/3000] delete simple     /srv/fim-watch/gen_00348.txt ts=2026-09-18T00:11:15.041801+00:00
 [02002/3000] modify simple     /srv/fim-watch/gen_00232.txt ts=2026-09-18T00:11:15.142230+00:00
 [02003/3000] create simple     /srv/fim-watch/gen_00393.txt ts=2026-09-18T00:11:15.241894+00:00
 [02004/3000] modify simple     /srv/fim-watch/gen_00320.txt ts=2026-09-18T00:11:15.341605+00:00
 [02005/3000] modify simple     /srv/fim-watch/critico/gen_00354.txt ts=2026-09-18T00:11:15.441677+00:00
 [02006/3000] modify simple     /srv/fim-watch/gen_00256.txt ts=2026-09-18T00:11:15.541456+00:00
 [02007/3000] create simple     /srv/fim-watch/gen_00394.txt ts=2026-09-18T00:11:15.641347+00:00
 [02008/3000] modify colapsado  /srv/fim-watch/critico/gen_00379.txt ts=2026-09-18T00:11:15.741471+00:00
 [02009/3000] modify colapsado  /srv/fim-watch/critico/gen_00379.txt ts=2026-09-18T00:11:15.841453+00:00
 [02010/3000] modify colapsado  /srv/fim-watch/critico/gen_00379.txt ts=2026-09-18T00:11:15.941376+00:00
 [02011/3000] modify colapsado  /srv/fim-watch/critico/gen_00379.txt ts=2026-09-18T00:11:16.041398+00:00
 [02012/3000] modify colapsado  /srv/fim-watch/critico/gen_00379.txt ts=2026-09-18T00:11:16.142228+00:00
 [02013/3000] modify simple     /srv/fim-watch/gen_00364.txt ts=2026-09-18T00:11:16.242239+00:00
 [02014/3000] create simple     /srv/fim-watch/gen_00395.txt ts=2026-09-18T00:11:16.342186+00:00
 [02015/3000] modify simple     /srv/fim-watch/gen_00096.txt ts=2026-09-18T00:11:16.442307+00:00
 [02016/3000] create simple     /srv/fim-watch/gen_00396.txt ts=2026-09-18T00:11:16.541616+00:00
 [02017/3000] modify simple     /srv/fim-watch/critico/gen_00189.txt ts=2026-09-18T00:11:16.641966+00:00
 [02018/3000] modify simple     /srv/fim-watch/gen_00266.txt ts=2026-09-18T00:11:16.742237+00:00
 [02019/3000] modify simple     /srv/fim-watch/gen_00171.txt ts=2026-09-18T00:11:16.841927+00:00
 [02020/3000] modify simple     /srv/fim-watch/gen_00313.txt ts=2026-09-18T00:11:16.942316+00:00
 [02021/3000] modify revertido  /srv/fim-watch/gen_00316.txt ts=2026-09-18T00:11:17.042398+00:00
 [02022/3000] modify revertido  /srv/fim-watch/gen_00316.txt ts=2026-09-18T00:11:17.141754+00:00
 [02023/3000] modify simple     /srv/fim-watch/gen_00149.txt ts=2026-09-18T00:11:17.241800+00:00
 [02024/3000] create simple     /srv/fim-watch/gen_00397.txt ts=2026-09-18T00:11:17.342122+00:00
 [02025/3000] create simple     /srv/fim-watch/critico/gen_00398.txt ts=2026-09-18T00:11:17.441937+00:00
 [02026/3000] modify simple     /srv/fim-watch/critico/gen_00342.txt ts=2026-09-18T00:11:17.542286+00:00
 [02027/3000] modify simple     /srv/fim-watch/gen_00062.txt ts=2026-09-18T00:11:17.641960+00:00
 [02028/3000] create efimero    /srv/fim-watch/critico/gen_00399.txt ts=2026-09-18T00:11:17.741992+00:00
 [02029/3000] delete efimero    /srv/fim-watch/critico/gen_00399.txt ts=2026-09-18T00:11:17.841829+00:00
 [02030/3000] modify simple     /srv/fim-watch/gen_00115.txt ts=2026-09-18T00:11:17.941960+00:00
 [02031/3000] delete simple     /srv/fim-watch/gen_00171.txt ts=2026-09-18T00:11:18.042050+00:00
 [02032/3000] modify simple     /srv/fim-watch/gen_00136.txt ts=2026-09-18T00:11:18.142151+00:00
 [02033/3000] modify simple     /srv/fim-watch/gen_00365.txt ts=2026-09-18T00:11:18.242203+00:00
 [02034/3000] modify simple     /srv/fim-watch/gen_00241.txt ts=2026-09-18T00:11:18.341995+00:00
 [02035/3000] create simple     /srv/fim-watch/gen_00400.txt ts=2026-09-18T00:11:18.442101+00:00
 [02036/3000] create simple     /srv/fim-watch/gen_00401.txt ts=2026-09-18T00:11:18.541888+00:00
 [02037/3000] create simple     /srv/fim-watch/gen_00402.txt ts=2026-09-18T00:11:18.642288+00:00
 [02038/3000] create simple     /srv/fim-watch/gen_00403.txt ts=2026-09-18T00:11:18.741950+00:00
 [02039/3000] modify simple     /srv/fim-watch/critico/gen_00361.txt ts=2026-09-18T00:11:18.841788+00:00
 [02040/3000] modify simple     /srv/fim-watch/gen_00388.txt ts=2026-09-18T00:11:18.942009+00:00
 [02041/3000] modify simple     /srv/fim-watch/critico/gen_00184.txt ts=2026-09-18T00:11:19.041840+00:00
 [02042/3000] create simple     /srv/fim-watch/gen_00404.txt ts=2026-09-18T00:11:19.141750+00:00
 [02043/3000] create simple     /srv/fim-watch/gen_00405.txt ts=2026-09-18T00:11:19.241782+00:00
 [02044/3000] delete simple     /srv/fim-watch/critico/gen_00333.txt ts=2026-09-18T00:11:19.342084+00:00
 [02045/3000] modify simple     /srv/fim-watch/gen_00226.txt ts=2026-09-18T00:11:19.442094+00:00
 [02046/3000] modify simple     /srv/fim-watch/gen_00174.txt ts=2026-09-18T00:11:19.542302+00:00
 [02047/3000] modify simple     /srv/fim-watch/critico/gen_00332.txt ts=2026-09-18T00:11:19.642321+00:00
 [02048/3000] delete simple     /srv/fim-watch/gen_00177.txt ts=2026-09-18T00:11:19.741449+00:00
 [02049/3000] modify revertido  /srv/fim-watch/critico/gen_00345.txt ts=2026-09-18T00:11:19.841783+00:00
 [02050/3000] modify revertido  /srv/fim-watch/critico/gen_00345.txt ts=2026-09-18T00:11:19.941672+00:00
 [02051/3000] modify simple     /srv/fim-watch/critico/gen_00353.txt ts=2026-09-18T00:11:20.042013+00:00
 [02052/3000] modify simple     /srv/fim-watch/critico/gen_00242.txt ts=2026-09-18T00:11:20.141823+00:00
 [02053/3000] modify simple     /srv/fim-watch/gen_00259.txt ts=2026-09-18T00:11:20.242296+00:00
 [02054/3000] modify simple     /srv/fim-watch/gen_00314.txt ts=2026-09-18T00:11:20.342200+00:00
 [02055/3000] modify simple     /srv/fim-watch/gen_00275.txt ts=2026-09-18T00:11:20.441755+00:00
 [02056/3000] modify simple     /srv/fim-watch/gen_00115.txt ts=2026-09-18T00:11:20.542063+00:00
 [02057/3000] modify simple     /srv/fim-watch/gen_00175.txt ts=2026-09-18T00:11:20.642042+00:00
 [02058/3000] modify simple     /srv/fim-watch/critico/gen_00156.txt ts=2026-09-18T00:11:20.742528+00:00
 [02059/3000] create simple     /srv/fim-watch/gen_00406.txt ts=2026-09-18T00:11:20.841938+00:00
 [02060/3000] modify simple     /srv/fim-watch/gen_00136.txt ts=2026-09-18T00:11:20.941715+00:00
 [02061/3000] create simple     /srv/fim-watch/gen_00407.txt ts=2026-09-18T00:11:21.041914+00:00
 [02062/3000] modify simple     /srv/fim-watch/gen_00199.txt ts=2026-09-18T00:11:21.141673+00:00
 [02063/3000] modify simple     /srv/fim-watch/critico/gen_00312.txt ts=2026-09-18T00:11:21.241715+00:00
 [02064/3000] modify simple     /srv/fim-watch/gen_00316.txt ts=2026-09-18T00:11:21.341505+00:00
 [02065/3000] modify simple     /srv/fim-watch/critico/gen_00354.txt ts=2026-09-18T00:11:21.441603+00:00
 [02066/3000] create simple     /srv/fim-watch/critico/gen_00408.txt ts=2026-09-18T00:11:21.541334+00:00
 [02067/3000] modify simple     /srv/fim-watch/critico/gen_00310.txt ts=2026-09-18T00:11:21.641378+00:00
 [02068/3000] delete simple     /srv/fim-watch/gen_00271.txt ts=2026-09-18T00:11:21.741320+00:00
 [02069/3000] modify simple     /srv/fim-watch/gen_00193.txt ts=2026-09-18T00:11:21.841352+00:00
 [02070/3000] modify simple     /srv/fim-watch/gen_00036.txt ts=2026-09-18T00:11:21.942109+00:00
 [02071/3000] modify simple     /srv/fim-watch/critico/gen_00251.txt ts=2026-09-18T00:11:22.042054+00:00
 [02072/3000] modify simple     /srv/fim-watch/gen_00238.txt ts=2026-09-18T00:11:22.141628+00:00
 [02073/3000] delete simple     /srv/fim-watch/gen_00257.txt ts=2026-09-18T00:11:22.242087+00:00
 [02074/3000] modify colapsado  /srv/fim-watch/gen_00400.txt ts=2026-09-18T00:11:22.341998+00:00
 [02075/3000] modify colapsado  /srv/fim-watch/gen_00400.txt ts=2026-09-18T00:11:22.441777+00:00
 [02076/3000] modify colapsado  /srv/fim-watch/gen_00400.txt ts=2026-09-18T00:11:22.541849+00:00
 [02077/3000] modify colapsado  /srv/fim-watch/gen_00400.txt ts=2026-09-18T00:11:22.642248+00:00
 [02078/3000] modify colapsado  /srv/fim-watch/gen_00400.txt ts=2026-09-18T00:11:22.742402+00:00
 [02079/3000] create simple     /srv/fim-watch/critico/gen_00409.txt ts=2026-09-18T00:11:22.841707+00:00
 [02080/3000] modify revertido  /srv/fim-watch/gen_00142.txt ts=2026-09-18T00:11:22.942200+00:00
 [02081/3000] modify revertido  /srv/fim-watch/gen_00142.txt ts=2026-09-18T00:11:23.041784+00:00
 [02082/3000] create simple     /srv/fim-watch/gen_00410.txt ts=2026-09-18T00:11:23.141918+00:00
 [02083/3000] modify colapsado  /srv/fim-watch/gen_00269.txt ts=2026-09-18T00:11:23.242016+00:00
 [02084/3000] modify colapsado  /srv/fim-watch/gen_00269.txt ts=2026-09-18T00:11:23.341984+00:00
 [02085/3000] modify colapsado  /srv/fim-watch/gen_00269.txt ts=2026-09-18T00:11:23.442298+00:00
 [02086/3000] modify colapsado  /srv/fim-watch/gen_00269.txt ts=2026-09-18T00:11:23.542008+00:00
 [02087/3000] modify colapsado  /srv/fim-watch/gen_00269.txt ts=2026-09-18T00:11:23.642209+00:00
 [02088/3000] create simple     /srv/fim-watch/gen_00411.txt ts=2026-09-18T00:11:23.742098+00:00
 [02089/3000] create simple     /srv/fim-watch/gen_00412.txt ts=2026-09-18T00:11:23.842000+00:00
 [02090/3000] delete simple     /srv/fim-watch/gen_00340.txt ts=2026-09-18T00:11:23.941919+00:00
 [02091/3000] modify simple     /srv/fim-watch/gen_00231.txt ts=2026-09-18T00:11:24.042029+00:00
 [02092/3000] create simple     /srv/fim-watch/critico/gen_00413.txt ts=2026-09-18T00:11:24.141949+00:00
 [02093/3000] modify simple     /srv/fim-watch/critico/gen_00347.txt ts=2026-09-18T00:11:24.241830+00:00
 [02094/3000] modify revertido  /srv/fim-watch/gen_00203.txt ts=2026-09-18T00:11:24.341961+00:00
 [02095/3000] modify revertido  /srv/fim-watch/gen_00203.txt ts=2026-09-18T00:11:24.442091+00:00
 [02096/3000] create simple     /srv/fim-watch/critico/gen_00414.txt ts=2026-09-18T00:11:24.541937+00:00
 [02097/3000] modify simple     /srv/fim-watch/gen_00235.txt ts=2026-09-18T00:11:24.641898+00:00
 [02098/3000] modify simple     /srv/fim-watch/gen_00268.txt ts=2026-09-18T00:11:24.741936+00:00
 [02099/3000] create simple     /srv/fim-watch/critico/gen_00415.txt ts=2026-09-18T00:11:24.841949+00:00
 [02100/3000] modify simple     /srv/fim-watch/critico/gen_00272.txt ts=2026-09-18T00:11:24.942147+00:00
 [02101/3000] create simple     /srv/fim-watch/gen_00416.txt ts=2026-09-18T00:11:25.041580+00:00
 [02102/3000] modify simple     /srv/fim-watch/critico/gen_00409.txt ts=2026-09-18T00:11:25.142019+00:00
 [02103/3000] create simple     /srv/fim-watch/gen_00417.txt ts=2026-09-18T00:11:25.241896+00:00
 [02104/3000] create simple     /srv/fim-watch/gen_00418.txt ts=2026-09-18T00:11:25.341946+00:00
 [02105/3000] modify colapsado  /srv/fim-watch/gen_00265.txt ts=2026-09-18T00:11:25.441942+00:00
 [02106/3000] modify colapsado  /srv/fim-watch/gen_00265.txt ts=2026-09-18T00:11:25.542028+00:00
 [02107/3000] modify colapsado  /srv/fim-watch/gen_00265.txt ts=2026-09-18T00:11:25.641799+00:00
 [02108/3000] modify colapsado  /srv/fim-watch/gen_00265.txt ts=2026-09-18T00:11:25.742073+00:00
 [02109/3000] modify colapsado  /srv/fim-watch/gen_00265.txt ts=2026-09-18T00:11:25.842232+00:00
 [02110/3000] create simple     /srv/fim-watch/gen_00419.txt ts=2026-09-18T00:11:25.942194+00:00
 [02111/3000] modify revertido  /srv/fim-watch/gen_00349.txt ts=2026-09-18T00:11:26.041833+00:00
 [02112/3000] modify revertido  /srv/fim-watch/gen_00349.txt ts=2026-09-18T00:11:26.142060+00:00
 [02113/3000] delete simple     /srv/fim-watch/gen_00295.txt ts=2026-09-18T00:11:26.242080+00:00
 [02114/3000] modify simple     /srv/fim-watch/gen_00352.txt ts=2026-09-18T00:11:26.342136+00:00
 [02115/3000] modify revertido  /srv/fim-watch/critico/gen_00173.txt ts=2026-09-18T00:11:26.442066+00:00
 [02116/3000] modify revertido  /srv/fim-watch/critico/gen_00173.txt ts=2026-09-18T00:11:26.542288+00:00
 [02117/3000] create efimero    /srv/fim-watch/gen_00420.txt ts=2026-09-18T00:11:26.641610+00:00
 [02118/3000] delete efimero    /srv/fim-watch/gen_00420.txt ts=2026-09-18T00:11:26.741678+00:00
 [02119/3000] modify simple     /srv/fim-watch/gen_00365.txt ts=2026-09-18T00:11:26.842301+00:00
 [02120/3000] create simple     /srv/fim-watch/gen_00421.txt ts=2026-09-18T00:11:26.941954+00:00
 [02121/3000] create simple     /srv/fim-watch/gen_00422.txt ts=2026-09-18T00:11:27.041364+00:00
 [02122/3000] modify simple     /srv/fim-watch/gen_00136.txt ts=2026-09-18T00:11:27.141580+00:00
 [02123/3000] create simple     /srv/fim-watch/gen_00423.txt ts=2026-09-18T00:11:27.241329+00:00
 [02124/3000] modify colapsado  /srv/fim-watch/gen_00402.txt ts=2026-09-18T00:11:27.341411+00:00
 [02125/3000] modify colapsado  /srv/fim-watch/gen_00402.txt ts=2026-09-18T00:11:27.441424+00:00
 [02126/3000] modify colapsado  /srv/fim-watch/gen_00402.txt ts=2026-09-18T00:11:27.541367+00:00
 [02127/3000] modify colapsado  /srv/fim-watch/gen_00402.txt ts=2026-09-18T00:11:27.641592+00:00
 [02128/3000] modify colapsado  /srv/fim-watch/gen_00402.txt ts=2026-09-18T00:11:27.741717+00:00
 [02129/3000] create simple     /srv/fim-watch/gen_00424.txt ts=2026-09-18T00:11:27.841572+00:00
 [02130/3000] modify simple     /srv/fim-watch/critico/gen_00312.txt ts=2026-09-18T00:11:27.942374+00:00
 [02131/3000] modify simple     /srv/fim-watch/gen_00020.txt ts=2026-09-18T00:11:28.041738+00:00
 [02132/3000] modify simple     /srv/fim-watch/gen_00125.txt ts=2026-09-18T00:11:28.142096+00:00
 [02133/3000] modify revertido  /srv/fim-watch/gen_00352.txt ts=2026-09-18T00:11:28.241805+00:00
 [02134/3000] modify revertido  /srv/fim-watch/gen_00352.txt ts=2026-09-18T00:11:28.342178+00:00
 [02135/3000] delete simple     /srv/fim-watch/gen_00187.txt ts=2026-09-18T00:11:28.441931+00:00
 [02136/3000] delete simple     /srv/fim-watch/critico/gen_00173.txt ts=2026-09-18T00:11:28.541680+00:00
 [02137/3000] delete simple     /srv/fim-watch/gen_00129.txt ts=2026-09-18T00:11:28.642030+00:00
 [02138/3000] modify simple     /srv/fim-watch/gen_00241.txt ts=2026-09-18T00:11:28.742103+00:00
 [02139/3000] create simple     /srv/fim-watch/gen_00425.txt ts=2026-09-18T00:11:28.841925+00:00
 [02140/3000] create simple     /srv/fim-watch/gen_00426.txt ts=2026-09-18T00:11:28.941689+00:00
 [02141/3000] create simple     /srv/fim-watch/gen_00427.txt ts=2026-09-18T00:11:29.042226+00:00
 [02142/3000] modify simple     /srv/fim-watch/gen_00356.txt ts=2026-09-18T00:11:29.141819+00:00
 [02143/3000] modify colapsado  /srv/fim-watch/gen_00188.txt ts=2026-09-18T00:11:29.241837+00:00
 [02144/3000] modify colapsado  /srv/fim-watch/gen_00188.txt ts=2026-09-18T00:11:29.341829+00:00
 [02145/3000] modify colapsado  /srv/fim-watch/gen_00188.txt ts=2026-09-18T00:11:29.442064+00:00
 [02146/3000] modify colapsado  /srv/fim-watch/gen_00188.txt ts=2026-09-18T00:11:29.542034+00:00
 [02147/3000] modify colapsado  /srv/fim-watch/gen_00188.txt ts=2026-09-18T00:11:29.642232+00:00
 [02148/3000] modify simple     /srv/fim-watch/critico/gen_00332.txt ts=2026-09-18T00:11:29.741826+00:00
 [02149/3000] modify revertido  /srv/fim-watch/gen_00331.txt ts=2026-09-18T00:11:29.841836+00:00
 [02150/3000] modify revertido  /srv/fim-watch/gen_00331.txt ts=2026-09-18T00:11:29.942007+00:00
 [02151/3000] create simple     /srv/fim-watch/critico/gen_00428.txt ts=2026-09-18T00:11:30.041533+00:00
 [02152/3000] create simple     /srv/fim-watch/gen_00429.txt ts=2026-09-18T00:11:30.141678+00:00
 [02153/3000] modify revertido  /srv/fim-watch/gen_00309.txt ts=2026-09-18T00:11:30.242128+00:00
 [02154/3000] modify revertido  /srv/fim-watch/gen_00309.txt ts=2026-09-18T00:11:30.342057+00:00
 [02155/3000] create simple     /srv/fim-watch/gen_00430.txt ts=2026-09-18T00:11:30.441770+00:00
 [02156/3000] modify simple     /srv/fim-watch/critico/gen_00262.txt ts=2026-09-18T00:11:30.541890+00:00
 [02157/3000] modify colapsado  /srv/fim-watch/gen_00196.txt ts=2026-09-18T00:11:30.642309+00:00
 [02158/3000] modify colapsado  /srv/fim-watch/gen_00196.txt ts=2026-09-18T00:11:30.742262+00:00
 [02159/3000] modify colapsado  /srv/fim-watch/gen_00196.txt ts=2026-09-18T00:11:30.841799+00:00
 [02160/3000] modify colapsado  /srv/fim-watch/gen_00196.txt ts=2026-09-18T00:11:30.941977+00:00
 [02161/3000] modify colapsado  /srv/fim-watch/gen_00196.txt ts=2026-09-18T00:11:31.041962+00:00
 [02162/3000] modify simple     /srv/fim-watch/gen_00274.txt ts=2026-09-18T00:11:31.141945+00:00
 [02163/3000] modify simple     /srv/fim-watch/gen_00395.txt ts=2026-09-18T00:11:31.242166+00:00
 [02164/3000] modify simple     /srv/fim-watch/gen_00306.txt ts=2026-09-18T00:11:31.342081+00:00
 [02165/3000] modify simple     /srv/fim-watch/gen_00139.txt ts=2026-09-18T00:11:31.442312+00:00
 [02166/3000] create simple     /srv/fim-watch/gen_00431.txt ts=2026-09-18T00:11:31.541747+00:00
 [02167/3000] modify simple     /srv/fim-watch/gen_00193.txt ts=2026-09-18T00:11:31.642041+00:00
 [02168/3000] create efimero    /srv/fim-watch/critico/gen_00432.txt ts=2026-09-18T00:11:31.741612+00:00
 [02169/3000] delete efimero    /srv/fim-watch/critico/gen_00432.txt ts=2026-09-18T00:11:31.841895+00:00
 [02170/3000] delete simple     /srv/fim-watch/gen_00275.txt ts=2026-09-18T00:11:31.941677+00:00
 [02171/3000] create simple     /srv/fim-watch/gen_00433.txt ts=2026-09-18T00:11:32.041591+00:00
 [02172/3000] modify simple     /srv/fim-watch/gen_00125.txt ts=2026-09-18T00:11:32.142130+00:00
 [02173/3000] modify simple     /srv/fim-watch/gen_00285.txt ts=2026-09-18T00:11:32.241665+00:00
 [02174/3000] create simple     /srv/fim-watch/gen_00434.txt ts=2026-09-18T00:11:32.341905+00:00
 [02175/3000] modify simple     /srv/fim-watch/gen_00320.txt ts=2026-09-18T00:11:32.442034+00:00
 [02176/3000] create simple     /srv/fim-watch/gen_00435.txt ts=2026-09-18T00:11:32.541769+00:00
 [02177/3000] create simple     /srv/fim-watch/gen_00436.txt ts=2026-09-18T00:11:32.641736+00:00
 [02178/3000] create simple     /srv/fim-watch/critico/gen_00437.txt ts=2026-09-18T00:11:32.741764+00:00
 [02179/3000] modify simple     /srv/fim-watch/gen_00263.txt ts=2026-09-18T00:11:32.841668+00:00
 [02180/3000] modify simple     /srv/fim-watch/gen_00401.txt ts=2026-09-18T00:11:32.941590+00:00
 [02181/3000] create simple     /srv/fim-watch/critico/gen_00438.txt ts=2026-09-18T00:11:33.041355+00:00
 [02182/3000] modify simple     /srv/fim-watch/gen_00359.txt ts=2026-09-18T00:11:33.141571+00:00
 [02183/3000] create simple     /srv/fim-watch/gen_00439.txt ts=2026-09-18T00:11:33.241539+00:00
 [02184/3000] modify revertido  /srv/fim-watch/gen_00403.txt ts=2026-09-18T00:11:33.341543+00:00
 [02185/3000] modify revertido  /srv/fim-watch/gen_00403.txt ts=2026-09-18T00:11:33.442520+00:00
 [02186/3000] modify simple     /srv/fim-watch/gen_00418.txt ts=2026-09-18T00:11:33.541455+00:00
 [02187/3000] modify simple     /srv/fim-watch/critico/gen_00209.txt ts=2026-09-18T00:11:33.641771+00:00
 [02188/3000] modify simple     /srv/fim-watch/critico/gen_00336.txt ts=2026-09-18T00:11:33.741513+00:00
 [02189/3000] modify revertido  /srv/fim-watch/gen_00282.txt ts=2026-09-18T00:11:33.842231+00:00
 [02190/3000] modify revertido  /srv/fim-watch/gen_00282.txt ts=2026-09-18T00:11:33.941802+00:00
 [02191/3000] modify simple     /srv/fim-watch/gen_00139.txt ts=2026-09-18T00:11:34.041830+00:00
 [02192/3000] modify simple     /srv/fim-watch/gen_00226.txt ts=2026-09-18T00:11:34.141917+00:00
 [02193/3000] delete simple     /srv/fim-watch/gen_00366.txt ts=2026-09-18T00:11:34.241579+00:00
 [02194/3000] modify simple     /srv/fim-watch/critico/gen_00156.txt ts=2026-09-18T00:11:34.342148+00:00
 [02195/3000] delete simple     /srv/fim-watch/gen_00411.txt ts=2026-09-18T00:11:34.441795+00:00
 [02196/3000] modify simple     /srv/fim-watch/gen_00036.txt ts=2026-09-18T00:11:34.542016+00:00
 [02197/3000] modify simple     /srv/fim-watch/gen_00389.txt ts=2026-09-18T00:11:34.642052+00:00
 [02198/3000] modify simple     /srv/fim-watch/gen_00149.txt ts=2026-09-18T00:11:34.742261+00:00
 [02199/3000] create simple     /srv/fim-watch/gen_00440.txt ts=2026-09-18T00:11:34.841379+00:00
 [02200/3000] modify simple     /srv/fim-watch/gen_00329.txt ts=2026-09-18T00:11:34.941846+00:00
 [02201/3000] modify colapsado  /srv/fim-watch/gen_00384.txt ts=2026-09-18T00:11:35.041497+00:00
 [02202/3000] modify colapsado  /srv/fim-watch/gen_00384.txt ts=2026-09-18T00:11:35.141657+00:00
 [02203/3000] modify colapsado  /srv/fim-watch/gen_00384.txt ts=2026-09-18T00:11:35.241813+00:00
 [02204/3000] modify colapsado  /srv/fim-watch/gen_00384.txt ts=2026-09-18T00:11:35.341819+00:00
 [02205/3000] modify colapsado  /srv/fim-watch/gen_00384.txt ts=2026-09-18T00:11:35.442209+00:00
 [02206/3000] create simple     /srv/fim-watch/gen_00441.txt ts=2026-09-18T00:11:35.541487+00:00
 [02207/3000] create simple     /srv/fim-watch/gen_00442.txt ts=2026-09-18T00:11:35.641730+00:00
 [02208/3000] modify simple     /srv/fim-watch/gen_00230.txt ts=2026-09-18T00:11:35.742008+00:00
 [02209/3000] modify simple     /srv/fim-watch/critico/gen_00369.txt ts=2026-09-18T00:11:35.841792+00:00
 [02210/3000] modify simple     /srv/fim-watch/gen_00204.txt ts=2026-09-18T00:11:35.942267+00:00
 [02211/3000] modify simple     /srv/fim-watch/critico/gen_00123.txt ts=2026-09-18T00:11:36.041748+00:00
 [02212/3000] delete simple     /srv/fim-watch/gen_00265.txt ts=2026-09-18T00:11:36.141685+00:00
 [02213/3000] modify simple     /srv/fim-watch/gen_00050.txt ts=2026-09-18T00:11:36.241823+00:00
 [02214/3000] create simple     /srv/fim-watch/gen_00443.txt ts=2026-09-18T00:11:36.341648+00:00
 [02215/3000] modify simple     /srv/fim-watch/gen_00195.txt ts=2026-09-18T00:11:36.442167+00:00
 [02216/3000] modify simple     /srv/fim-watch/gen_00405.txt ts=2026-09-18T00:11:36.541536+00:00
 [02217/3000] modify revertido  /srv/fim-watch/critico/gen_00322.txt ts=2026-09-18T00:11:36.641912+00:00
 [02218/3000] modify revertido  /srv/fim-watch/critico/gen_00322.txt ts=2026-09-18T00:11:36.742220+00:00
 [02219/3000] modify simple     /srv/fim-watch/gen_00313.txt ts=2026-09-18T00:11:36.841822+00:00
 [02220/3000] modify simple     /srv/fim-watch/gen_00427.txt ts=2026-09-18T00:11:36.941772+00:00
 [02221/3000] create simple     /srv/fim-watch/critico/gen_00444.txt ts=2026-09-18T00:11:37.041725+00:00
 [02222/3000] modify simple     /srv/fim-watch/gen_00219.txt ts=2026-09-18T00:11:37.141938+00:00
 [02223/3000] modify simple     /srv/fim-watch/gen_00213.txt ts=2026-09-18T00:11:37.241913+00:00
 [02224/3000] delete simple     /srv/fim-watch/gen_00297.txt ts=2026-09-18T00:11:37.341703+00:00
 [02225/3000] modify simple     /srv/fim-watch/gen_00020.txt ts=2026-09-18T00:11:37.441830+00:00
 [02226/3000] create simple     /srv/fim-watch/gen_00445.txt ts=2026-09-18T00:11:37.541616+00:00
 [02227/3000] modify simple     /srv/fim-watch/gen_00152.txt ts=2026-09-18T00:11:37.641912+00:00
 [02228/3000] delete simple     /srv/fim-watch/gen_00407.txt ts=2026-09-18T00:11:37.741691+00:00
 [02229/3000] create simple     /srv/fim-watch/gen_00446.txt ts=2026-09-18T00:11:37.841730+00:00
 [02230/3000] modify simple     /srv/fim-watch/gen_00355.txt ts=2026-09-18T00:11:37.942022+00:00
 [02231/3000] delete simple     /srv/fim-watch/gen_00319.txt ts=2026-09-18T00:11:38.041639+00:00
 [02232/3000] modify simple     /srv/fim-watch/gen_00285.txt ts=2026-09-18T00:11:38.141806+00:00
 [02233/3000] modify simple     /srv/fim-watch/gen_00193.txt ts=2026-09-18T00:11:38.241816+00:00
 [02234/3000] modify simple     /srv/fim-watch/critico/gen_00371.txt ts=2026-09-18T00:11:38.342013+00:00
 [02235/3000] modify revertido  /srv/fim-watch/critico/gen_00242.txt ts=2026-09-18T00:11:38.442048+00:00
 [02236/3000] modify revertido  /srv/fim-watch/critico/gen_00242.txt ts=2026-09-18T00:11:38.541806+00:00
 [02237/3000] modify simple     /srv/fim-watch/gen_00166.txt ts=2026-09-18T00:11:38.641835+00:00
 [02238/3000] modify simple     /srv/fim-watch/gen_00412.txt ts=2026-09-18T00:11:38.742062+00:00
 [02239/3000] modify simple     /srv/fim-watch/gen_00105.txt ts=2026-09-18T00:11:38.842020+00:00
 [02240/3000] modify colapsado  /srv/fim-watch/gen_00418.txt ts=2026-09-18T00:11:38.941597+00:00
 [02241/3000] modify colapsado  /srv/fim-watch/gen_00418.txt ts=2026-09-18T00:11:39.041616+00:00
 [02242/3000] modify colapsado  /srv/fim-watch/gen_00418.txt ts=2026-09-18T00:11:39.141591+00:00
 [02243/3000] modify colapsado  /srv/fim-watch/gen_00418.txt ts=2026-09-18T00:11:39.241413+00:00
 [02244/3000] modify colapsado  /srv/fim-watch/gen_00418.txt ts=2026-09-18T00:11:39.341464+00:00
 [02245/3000] modify simple     /srv/fim-watch/gen_00375.txt ts=2026-09-18T00:11:39.441437+00:00
 [02246/3000] modify simple     /srv/fim-watch/gen_00234.txt ts=2026-09-18T00:11:39.541371+00:00
 [02247/3000] modify revertido  /srv/fim-watch/gen_00298.txt ts=2026-09-18T00:11:39.641407+00:00
 [02248/3000] modify revertido  /srv/fim-watch/gen_00298.txt ts=2026-09-18T00:11:39.741702+00:00
 [02249/3000] modify simple     /srv/fim-watch/gen_00422.txt ts=2026-09-18T00:11:39.841805+00:00
 [02250/3000] create efimero    /srv/fim-watch/gen_00447.txt ts=2026-09-18T00:11:39.942165+00:00
 [02251/3000] delete efimero    /srv/fim-watch/gen_00447.txt ts=2026-09-18T00:11:40.041674+00:00
 [02252/3000] modify simple     /srv/fim-watch/gen_00367.txt ts=2026-09-18T00:11:40.141813+00:00
 [02253/3000] delete simple     /srv/fim-watch/gen_00423.txt ts=2026-09-18T00:11:40.241680+00:00
 [02254/3000] modify revertido  /srv/fim-watch/gen_00346.txt ts=2026-09-18T00:11:40.341822+00:00
 [02255/3000] modify revertido  /srv/fim-watch/gen_00346.txt ts=2026-09-18T00:11:40.441782+00:00
 [02256/3000] modify simple     /srv/fim-watch/critico/gen_00312.txt ts=2026-09-18T00:11:40.542019+00:00
 [02257/3000] modify simple     /srv/fim-watch/critico/gen_00061.txt ts=2026-09-18T00:11:40.641826+00:00
 [02258/3000] create simple     /srv/fim-watch/gen_00448.txt ts=2026-09-18T00:11:40.741775+00:00
 [02259/3000] create simple     /srv/fim-watch/gen_00449.txt ts=2026-09-18T00:11:40.842098+00:00
 [02260/3000] modify simple     /srv/fim-watch/gen_00179.txt ts=2026-09-18T00:11:40.941812+00:00
 [02261/3000] modify revertido  /srv/fim-watch/gen_00254.txt ts=2026-09-18T00:11:41.041837+00:00
 [02262/3000] modify revertido  /srv/fim-watch/gen_00254.txt ts=2026-09-18T00:11:41.141675+00:00
 [02263/3000] modify simple     /srv/fim-watch/gen_00443.txt ts=2026-09-18T00:11:41.241765+00:00
 [02264/3000] modify simple     /srv/fim-watch/gen_00383.txt ts=2026-09-18T00:11:41.342005+00:00
 [02265/3000] modify simple     /srv/fim-watch/critico/gen_00351.txt ts=2026-09-18T00:11:41.442090+00:00
 [02266/3000] create simple     /srv/fim-watch/gen_00450.txt ts=2026-09-18T00:11:41.541726+00:00
 [02267/3000] modify revertido  /srv/fim-watch/gen_00114.txt ts=2026-09-18T00:11:41.642128+00:00
 [02268/3000] modify revertido  /srv/fim-watch/gen_00114.txt ts=2026-09-18T00:11:41.741998+00:00
 [02269/3000] create simple     /srv/fim-watch/critico/gen_00451.txt ts=2026-09-18T00:11:41.841523+00:00
 [02270/3000] create simple     /srv/fim-watch/gen_00452.txt ts=2026-09-18T00:11:41.942120+00:00
 [02271/3000] create simple     /srv/fim-watch/gen_00453.txt ts=2026-09-18T00:11:42.041717+00:00
 [02272/3000] delete simple     /srv/fim-watch/gen_00433.txt ts=2026-09-18T00:11:42.141633+00:00
 [02273/3000] modify simple     /srv/fim-watch/critico/gen_00288.txt ts=2026-09-18T00:11:42.241844+00:00
 [02274/3000] modify revertido  /srv/fim-watch/gen_00125.txt ts=2026-09-18T00:11:42.341584+00:00
 [02275/3000] modify revertido  /srv/fim-watch/gen_00125.txt ts=2026-09-18T00:11:42.442219+00:00
 [02276/3000] modify simple     /srv/fim-watch/critico/gen_00414.txt ts=2026-09-18T00:11:42.541816+00:00
 [02277/3000] modify simple     /srv/fim-watch/gen_00298.txt ts=2026-09-18T00:11:42.641784+00:00
 [02278/3000] modify simple     /srv/fim-watch/gen_00263.txt ts=2026-09-18T00:11:42.741742+00:00
 [02279/3000] create simple     /srv/fim-watch/gen_00454.txt ts=2026-09-18T00:11:42.841776+00:00
 [02280/3000] modify simple     /srv/fim-watch/critico/gen_00130.txt ts=2026-09-18T00:11:42.941787+00:00
 [02281/3000] create simple     /srv/fim-watch/gen_00455.txt ts=2026-09-18T00:11:43.041659+00:00
 [02282/3000] modify simple     /srv/fim-watch/gen_00317.txt ts=2026-09-18T00:11:43.141811+00:00
 [02283/3000] modify simple     /srv/fim-watch/gen_00163.txt ts=2026-09-18T00:11:43.241691+00:00
 [02284/3000] create simple     /srv/fim-watch/critico/gen_00456.txt ts=2026-09-18T00:11:43.341734+00:00
 [02285/3000] create simple     /srv/fim-watch/critico/gen_00457.txt ts=2026-09-18T00:11:43.442208+00:00
 [02286/3000] modify simple     /srv/fim-watch/gen_00405.txt ts=2026-09-18T00:11:43.541777+00:00
 [02287/3000] modify simple     /srv/fim-watch/gen_00195.txt ts=2026-09-18T00:11:43.641811+00:00
 [02288/3000] modify simple     /srv/fim-watch/gen_00308.txt ts=2026-09-18T00:11:43.741809+00:00
 [02289/3000] create simple     /srv/fim-watch/gen_00458.txt ts=2026-09-18T00:11:43.841672+00:00
 [02290/3000] modify simple     /srv/fim-watch/gen_00098.txt ts=2026-09-18T00:11:43.941803+00:00
 [02291/3000] create simple     /srv/fim-watch/gen_00459.txt ts=2026-09-18T00:11:44.041583+00:00
 [02292/3000] modify simple     /srv/fim-watch/gen_00331.txt ts=2026-09-18T00:11:44.142178+00:00
 [02293/3000] create simple     /srv/fim-watch/gen_00460.txt ts=2026-09-18T00:11:44.241480+00:00
 [02294/3000] modify simple     /srv/fim-watch/gen_00199.txt ts=2026-09-18T00:11:44.341785+00:00
 [02295/3000] create simple     /srv/fim-watch/critico/gen_00461.txt ts=2026-09-18T00:11:44.441715+00:00
 [02296/3000] modify simple     /srv/fim-watch/critico/gen_00330.txt ts=2026-09-18T00:11:44.541795+00:00
 [02297/3000] modify simple     /srv/fim-watch/gen_00313.txt ts=2026-09-18T00:11:44.641781+00:00
 [02298/3000] modify simple     /srv/fim-watch/gen_00250.txt ts=2026-09-18T00:11:44.741697+00:00
 [02299/3000] modify simple     /srv/fim-watch/gen_00412.txt ts=2026-09-18T00:11:44.841487+00:00
 [02300/3000] create efimero    /srv/fim-watch/gen_00462.txt ts=2026-09-18T00:11:44.941706+00:00
 [02301/3000] delete efimero    /srv/fim-watch/gen_00462.txt ts=2026-09-18T00:11:45.041458+00:00
 [02302/3000] create simple     /srv/fim-watch/critico/gen_00463.txt ts=2026-09-18T00:11:45.141617+00:00
 [02303/3000] modify simple     /srv/fim-watch/gen_00401.txt ts=2026-09-18T00:11:45.241721+00:00
 [02304/3000] modify simple     /srv/fim-watch/critico/gen_00184.txt ts=2026-09-18T00:11:45.341975+00:00
 [02305/3000] modify simple     /srv/fim-watch/gen_00226.txt ts=2026-09-18T00:11:45.441541+00:00
 [02306/3000] modify simple     /srv/fim-watch/gen_00268.txt ts=2026-09-18T00:11:45.541524+00:00
 [02307/3000] delete simple     /srv/fim-watch/gen_00334.txt ts=2026-09-18T00:11:45.641422+00:00
 [02308/3000] modify simple     /srv/fim-watch/gen_00453.txt ts=2026-09-18T00:11:45.741625+00:00
 [02309/3000] modify simple     /srv/fim-watch/critico/gen_00413.txt ts=2026-09-18T00:11:45.841680+00:00
 [02310/3000] modify simple     /srv/fim-watch/gen_00282.txt ts=2026-09-18T00:11:45.941895+00:00
 [02311/3000] modify revertido  /srv/fim-watch/gen_00431.txt ts=2026-09-18T00:11:46.041897+00:00
 [02312/3000] modify revertido  /srv/fim-watch/gen_00431.txt ts=2026-09-18T00:11:46.141938+00:00
 [02313/3000] modify simple     /srv/fim-watch/critico/gen_00253.txt ts=2026-09-18T00:11:46.241800+00:00
 [02314/3000] modify simple     /srv/fim-watch/gen_00377.txt ts=2026-09-18T00:11:46.341849+00:00
 [02315/3000] modify simple     /srv/fim-watch/gen_00405.txt ts=2026-09-18T00:11:46.441807+00:00
 [02316/3000] modify simple     /srv/fim-watch/gen_00285.txt ts=2026-09-18T00:11:46.541839+00:00
 [02317/3000] modify simple     /srv/fim-watch/critico/gen_00322.txt ts=2026-09-18T00:11:46.642036+00:00
 [02318/3000] create simple     /srv/fim-watch/gen_00464.txt ts=2026-09-18T00:11:46.741754+00:00
 [02319/3000] create simple     /srv/fim-watch/critico/gen_00465.txt ts=2026-09-18T00:11:46.841592+00:00
 [02320/3000] modify simple     /srv/fim-watch/gen_00198.txt ts=2026-09-18T00:11:46.941937+00:00
 [02321/3000] modify simple     /srv/fim-watch/gen_00427.txt ts=2026-09-18T00:11:47.041741+00:00
 [02322/3000] modify simple     /srv/fim-watch/gen_00427.txt ts=2026-09-18T00:11:47.141801+00:00
 [02323/3000] create simple     /srv/fim-watch/gen_00466.txt ts=2026-09-18T00:11:47.242152+00:00
 [02324/3000] modify revertido  /srv/fim-watch/critico/gen_00053.txt ts=2026-09-18T00:11:47.341913+00:00
 [02325/3000] modify revertido  /srv/fim-watch/critico/gen_00053.txt ts=2026-09-18T00:11:47.441895+00:00
 [02326/3000] delete simple     /srv/fim-watch/gen_00306.txt ts=2026-09-18T00:11:47.541739+00:00
 [02327/3000] create simple     /srv/fim-watch/gen_00467.txt ts=2026-09-18T00:11:47.641959+00:00
 [02328/3000] modify simple     /srv/fim-watch/gen_00165.txt ts=2026-09-18T00:11:47.742264+00:00
 [02329/3000] create simple     /srv/fim-watch/gen_00468.txt ts=2026-09-18T00:11:47.841707+00:00
 [02330/3000] create simple     /srv/fim-watch/gen_00469.txt ts=2026-09-18T00:11:47.941784+00:00
 [02331/3000] modify simple     /srv/fim-watch/gen_00228.txt ts=2026-09-18T00:11:48.042018+00:00
 [02332/3000] modify simple     /srv/fim-watch/critico/gen_00342.txt ts=2026-09-18T00:11:48.141823+00:00
 [02333/3000] modify simple     /srv/fim-watch/gen_00422.txt ts=2026-09-18T00:11:48.241781+00:00
 [02334/3000] delete simple     /srv/fim-watch/critico/gen_00371.txt ts=2026-09-18T00:11:48.341645+00:00
 [02335/3000] modify revertido  /srv/fim-watch/gen_00096.txt ts=2026-09-18T00:11:48.441725+00:00
 [02336/3000] modify revertido  /srv/fim-watch/gen_00096.txt ts=2026-09-18T00:11:48.541743+00:00
 [02337/3000] modify simple     /srv/fim-watch/gen_00404.txt ts=2026-09-18T00:11:48.642025+00:00
 [02338/3000] modify colapsado  /srv/fim-watch/gen_00434.txt ts=2026-09-18T00:11:48.741792+00:00
 [02339/3000] modify colapsado  /srv/fim-watch/gen_00434.txt ts=2026-09-18T00:11:48.841825+00:00
 [02340/3000] modify colapsado  /srv/fim-watch/gen_00434.txt ts=2026-09-18T00:11:48.942184+00:00
 [02341/3000] modify colapsado  /srv/fim-watch/gen_00434.txt ts=2026-09-18T00:11:49.041738+00:00
 [02342/3000] modify colapsado  /srv/fim-watch/gen_00434.txt ts=2026-09-18T00:11:49.141793+00:00
 [02343/3000] modify simple     /srv/fim-watch/gen_00114.txt ts=2026-09-18T00:11:49.241910+00:00
 [02344/3000] delete simple     /srv/fim-watch/gen_00427.txt ts=2026-09-18T00:11:49.341723+00:00
 [02345/3000] modify simple     /srv/fim-watch/critico/gen_00061.txt ts=2026-09-18T00:11:49.441819+00:00
 [02346/3000] create simple     /srv/fim-watch/gen_00470.txt ts=2026-09-18T00:11:49.541713+00:00
 [02347/3000] delete simple     /srv/fim-watch/gen_00175.txt ts=2026-09-18T00:11:49.641681+00:00
 [02348/3000] create efimero    /srv/fim-watch/critico/gen_00471.txt ts=2026-09-18T00:11:49.741914+00:00
 [02349/3000] delete efimero    /srv/fim-watch/critico/gen_00471.txt ts=2026-09-18T00:11:49.841695+00:00
 [02350/3000] modify simple     /srv/fim-watch/gen_00393.txt ts=2026-09-18T00:11:49.941833+00:00
 [02351/3000] create simple     /srv/fim-watch/gen_00472.txt ts=2026-09-18T00:11:50.042026+00:00
 [02352/3000] modify simple     /srv/fim-watch/gen_00096.txt ts=2026-09-18T00:11:50.141830+00:00
 [02353/3000] modify simple     /srv/fim-watch/gen_00290.txt ts=2026-09-18T00:11:50.242046+00:00
 [02354/3000] modify simple     /srv/fim-watch/gen_00367.txt ts=2026-09-18T00:11:50.341622+00:00
 [02355/3000] modify revertido  /srv/fim-watch/critico/gen_00209.txt ts=2026-09-18T00:11:50.441942+00:00
 [02356/3000] modify revertido  /srv/fim-watch/critico/gen_00209.txt ts=2026-09-18T00:11:50.542037+00:00
 [02357/3000] create simple     /srv/fim-watch/gen_00473.txt ts=2026-09-18T00:11:50.641742+00:00
 [02358/3000] modify simple     /srv/fim-watch/critico/gen_00253.txt ts=2026-09-18T00:11:50.741913+00:00
 [02359/3000] create simple     /srv/fim-watch/gen_00474.txt ts=2026-09-18T00:11:50.841542+00:00
 [02360/3000] delete simple     /srv/fim-watch/gen_00393.txt ts=2026-09-18T00:11:50.941356+00:00
 [02361/3000] modify revertido  /srv/fim-watch/gen_00449.txt ts=2026-09-18T00:11:51.041390+00:00
 [02362/3000] modify revertido  /srv/fim-watch/gen_00449.txt ts=2026-09-18T00:11:51.141398+00:00
 [02363/3000] create simple     /srv/fim-watch/gen_00475.txt ts=2026-09-18T00:11:51.241381+00:00
 [02364/3000] modify simple     /srv/fim-watch/gen_00230.txt ts=2026-09-18T00:11:51.341488+00:00
 [02365/3000] modify simple     /srv/fim-watch/critico/gen_00428.txt ts=2026-09-18T00:11:51.441425+00:00
 [02366/3000] create simple     /srv/fim-watch/critico/gen_00476.txt ts=2026-09-18T00:11:51.542896+00:00
 [02367/3000] modify simple     /srv/fim-watch/gen_00235.txt ts=2026-09-18T00:11:51.641395+00:00
 [02368/3000] modify simple     /srv/fim-watch/gen_00430.txt ts=2026-09-18T00:11:51.742024+00:00
 [02369/3000] create simple     /srv/fim-watch/gen_00477.txt ts=2026-09-18T00:11:51.841948+00:00
 [02370/3000] modify simple     /srv/fim-watch/critico/gen_00437.txt ts=2026-09-18T00:11:51.941817+00:00
 [02371/3000] modify simple     /srv/fim-watch/gen_00395.txt ts=2026-09-18T00:11:52.041843+00:00
 [02372/3000] delete simple     /srv/fim-watch/gen_00314.txt ts=2026-09-18T00:11:52.141679+00:00
 [02373/3000] modify colapsado  /srv/fim-watch/gen_00446.txt ts=2026-09-18T00:11:52.241833+00:00
 [02374/3000] modify colapsado  /srv/fim-watch/gen_00446.txt ts=2026-09-18T00:11:52.341831+00:00
 [02375/3000] modify colapsado  /srv/fim-watch/gen_00446.txt ts=2026-09-18T00:11:52.441542+00:00
 [02376/3000] modify colapsado  /srv/fim-watch/gen_00446.txt ts=2026-09-18T00:11:52.542073+00:00
 [02377/3000] modify colapsado  /srv/fim-watch/gen_00446.txt ts=2026-09-18T00:11:52.641832+00:00
 [02378/3000] modify simple     /srv/fim-watch/gen_00352.txt ts=2026-09-18T00:11:52.741815+00:00
 [02379/3000] delete simple     /srv/fim-watch/gen_00349.txt ts=2026-09-18T00:11:52.841954+00:00
 [02380/3000] modify colapsado  /srv/fim-watch/critico/gen_00253.txt ts=2026-09-18T00:11:52.942096+00:00
 [02381/3000] modify colapsado  /srv/fim-watch/critico/gen_00253.txt ts=2026-09-18T00:11:53.042081+00:00
 [02382/3000] modify colapsado  /srv/fim-watch/critico/gen_00253.txt ts=2026-09-18T00:11:53.141803+00:00
 [02383/3000] modify colapsado  /srv/fim-watch/critico/gen_00253.txt ts=2026-09-18T00:11:53.242083+00:00
 [02384/3000] modify colapsado  /srv/fim-watch/critico/gen_00253.txt ts=2026-09-18T00:11:53.341820+00:00
 [02385/3000] modify revertido  /srv/fim-watch/critico/gen_00310.txt ts=2026-09-18T00:11:53.442042+00:00
 [02386/3000] modify revertido  /srv/fim-watch/critico/gen_00310.txt ts=2026-09-18T00:11:53.541810+00:00
 [02387/3000] modify simple     /srv/fim-watch/gen_00365.txt ts=2026-09-18T00:11:53.641817+00:00
 [02388/3000] modify simple     /srv/fim-watch/critico/gen_00251.txt ts=2026-09-18T00:11:53.741831+00:00
 [02389/3000] create simple     /srv/fim-watch/gen_00478.txt ts=2026-09-18T00:11:53.841709+00:00
 [02390/3000] delete simple     /srv/fim-watch/critico/gen_00242.txt ts=2026-09-18T00:11:53.941769+00:00
 [02391/3000] modify simple     /srv/fim-watch/gen_00126.txt ts=2026-09-18T00:11:54.041842+00:00
 [02392/3000] modify simple     /srv/fim-watch/gen_00356.txt ts=2026-09-18T00:11:54.141840+00:00
 [02393/3000] delete simple     /srv/fim-watch/gen_00238.txt ts=2026-09-18T00:11:54.241684+00:00
 [02394/3000] modify simple     /srv/fim-watch/gen_00359.txt ts=2026-09-18T00:11:54.341818+00:00
 [02395/3000] create simple     /srv/fim-watch/gen_00479.txt ts=2026-09-18T00:11:54.441922+00:00
 [02396/3000] modify revertido  /srv/fim-watch/gen_00435.txt ts=2026-09-18T00:11:54.542031+00:00
 [02397/3000] modify revertido  /srv/fim-watch/gen_00435.txt ts=2026-09-18T00:11:54.641896+00:00
 [02398/3000] create simple     /srv/fim-watch/gen_00480.txt ts=2026-09-18T00:11:54.741713+00:00
 [02399/3000] modify simple     /srv/fim-watch/gen_00230.txt ts=2026-09-18T00:11:54.842045+00:00
 [02400/3000] create simple     /srv/fim-watch/gen_00481.txt ts=2026-09-18T00:11:54.941942+00:00
 [02401/3000] modify simple     /srv/fim-watch/gen_00151.txt ts=2026-09-18T00:11:55.041835+00:00
 [02402/3000] modify simple     /srv/fim-watch/critico/gen_00053.txt ts=2026-09-18T00:11:55.141897+00:00
 [02403/3000] create simple     /srv/fim-watch/critico/gen_00482.txt ts=2026-09-18T00:11:55.242109+00:00
 [02404/3000] modify simple     /srv/fim-watch/gen_00036.txt ts=2026-09-18T00:11:55.341807+00:00
 [02405/3000] create simple     /srv/fim-watch/gen_00483.txt ts=2026-09-18T00:11:55.441722+00:00
 [02406/3000] modify revertido  /srv/fim-watch/gen_00157.txt ts=2026-09-18T00:11:55.542045+00:00
 [02407/3000] modify revertido  /srv/fim-watch/gen_00157.txt ts=2026-09-18T00:11:55.641814+00:00
 [02408/3000] modify simple     /srv/fim-watch/critico/gen_00262.txt ts=2026-09-18T00:11:55.741888+00:00
 [02409/3000] modify simple     /srv/fim-watch/gen_00385.txt ts=2026-09-18T00:11:55.842070+00:00
 [02410/3000] modify simple     /srv/fim-watch/gen_00268.txt ts=2026-09-18T00:11:55.942058+00:00
 [02411/3000] modify simple     /srv/fim-watch/critico/gen_00437.txt ts=2026-09-18T00:11:56.042036+00:00
 [02412/3000] delete simple     /srv/fim-watch/gen_00335.txt ts=2026-09-18T00:11:56.141682+00:00
 [02413/3000] modify simple     /srv/fim-watch/gen_00350.txt ts=2026-09-18T00:11:56.242100+00:00
 [02414/3000] create efimero    /srv/fim-watch/gen_00484.txt ts=2026-09-18T00:11:56.341709+00:00
 [02415/3000] delete efimero    /srv/fim-watch/gen_00484.txt ts=2026-09-18T00:11:56.441795+00:00
 [02416/3000] modify simple     /srv/fim-watch/gen_00365.txt ts=2026-09-18T00:11:56.541889+00:00
 [02417/3000] create simple     /srv/fim-watch/gen_00485.txt ts=2026-09-18T00:11:56.641943+00:00
 [02418/3000] create simple     /srv/fim-watch/gen_00486.txt ts=2026-09-18T00:11:56.741527+00:00
 [02419/3000] modify simple     /srv/fim-watch/critico/gen_00344.txt ts=2026-09-18T00:11:56.841678+00:00
 [02420/3000] modify revertido  /srv/fim-watch/gen_00213.txt ts=2026-09-18T00:11:56.941671+00:00
 [02421/3000] modify revertido  /srv/fim-watch/gen_00213.txt ts=2026-09-18T00:11:57.041403+00:00
 [02422/3000] modify simple     /srv/fim-watch/critico/gen_00409.txt ts=2026-09-18T00:11:57.141402+00:00
 [02423/3000] create simple     /srv/fim-watch/gen_00487.txt ts=2026-09-18T00:11:57.241400+00:00
 [02424/3000] create simple     /srv/fim-watch/critico/gen_00488.txt ts=2026-09-18T00:11:57.341395+00:00
 [02425/3000] modify simple     /srv/fim-watch/gen_00303.txt ts=2026-09-18T00:11:57.442931+00:00
 [02426/3000] modify simple     /srv/fim-watch/gen_00096.txt ts=2026-09-18T00:11:57.542671+00:00
 [02427/3000] modify colapsado  /srv/fim-watch/gen_00285.txt ts=2026-09-18T00:11:57.641429+00:00
 [02428/3000] modify colapsado  /srv/fim-watch/gen_00285.txt ts=2026-09-18T00:11:57.742042+00:00
 [02429/3000] modify colapsado  /srv/fim-watch/gen_00285.txt ts=2026-09-18T00:11:57.841765+00:00
 [02430/3000] modify colapsado  /srv/fim-watch/gen_00285.txt ts=2026-09-18T00:11:57.941829+00:00
 [02431/3000] modify colapsado  /srv/fim-watch/gen_00285.txt ts=2026-09-18T00:11:58.042056+00:00
 [02432/3000] modify simple     /srv/fim-watch/gen_00400.txt ts=2026-09-18T00:11:58.141842+00:00
 [02433/3000] create simple     /srv/fim-watch/gen_00489.txt ts=2026-09-18T00:11:58.241628+00:00
 [02434/3000] modify simple     /srv/fim-watch/gen_00485.txt ts=2026-09-18T00:11:58.341838+00:00
 [02435/3000] modify simple     /srv/fim-watch/gen_00458.txt ts=2026-09-18T00:11:58.441757+00:00
 [02436/3000] create simple     /srv/fim-watch/critico/gen_00490.txt ts=2026-09-18T00:11:58.541939+00:00
 [02437/3000] modify simple     /srv/fim-watch/critico/gen_00191.txt ts=2026-09-18T00:11:58.641799+00:00
 [02438/3000] modify simple     /srv/fim-watch/critico/gen_00189.txt ts=2026-09-18T00:11:58.741693+00:00
 [02439/3000] modify revertido  /srv/fim-watch/gen_00436.txt ts=2026-09-18T00:11:58.841734+00:00
 [02440/3000] modify revertido  /srv/fim-watch/gen_00436.txt ts=2026-09-18T00:11:58.942040+00:00
 [02441/3000] create simple     /srv/fim-watch/gen_00491.txt ts=2026-09-18T00:11:59.041933+00:00
 [02442/3000] modify simple     /srv/fim-watch/gen_00163.txt ts=2026-09-18T00:11:59.141831+00:00
 [02443/3000] modify simple     /srv/fim-watch/gen_00436.txt ts=2026-09-18T00:11:59.241905+00:00
 [02444/3000] modify revertido  /srv/fim-watch/gen_00479.txt ts=2026-09-18T00:11:59.341804+00:00
 [02445/3000] modify revertido  /srv/fim-watch/gen_00479.txt ts=2026-09-18T00:11:59.441845+00:00
 [02446/3000] modify simple     /srv/fim-watch/gen_00042.txt ts=2026-09-18T00:11:59.542046+00:00
 [02447/3000] delete simple     /srv/fim-watch/gen_00157.txt ts=2026-09-18T00:11:59.641687+00:00
 [02448/3000] create simple     /srv/fim-watch/gen_00492.txt ts=2026-09-18T00:11:59.741928+00:00
 [02449/3000] delete simple     /srv/fim-watch/gen_00282.txt ts=2026-09-18T00:11:59.841647+00:00
 [02450/3000] modify simple     /srv/fim-watch/gen_00439.txt ts=2026-09-18T00:11:59.941828+00:00
 [02451/3000] modify revertido  /srv/fim-watch/gen_00325.txt ts=2026-09-18T00:12:00.041832+00:00
 [02452/3000] modify revertido  /srv/fim-watch/gen_00325.txt ts=2026-09-18T00:12:00.141822+00:00
 [02453/3000] create simple     /srv/fim-watch/gen_00493.txt ts=2026-09-18T00:12:00.241725+00:00
 [02454/3000] delete simple     /srv/fim-watch/critico/gen_00461.txt ts=2026-09-18T00:12:00.341716+00:00
 [02455/3000] modify revertido  /srv/fim-watch/critico/gen_00061.txt ts=2026-09-18T00:12:00.441599+00:00
 [02456/3000] modify revertido  /srv/fim-watch/critico/gen_00061.txt ts=2026-09-18T00:12:00.542069+00:00
 [02457/3000] create simple     /srv/fim-watch/gen_00494.txt ts=2026-09-18T00:12:00.641974+00:00
 [02458/3000] modify revertido  /srv/fim-watch/gen_00477.txt ts=2026-09-18T00:12:00.741905+00:00
 [02459/3000] modify revertido  /srv/fim-watch/gen_00477.txt ts=2026-09-18T00:12:00.842052+00:00
 [02460/3000] delete simple     /srv/fim-watch/critico/gen_00408.txt ts=2026-09-18T00:12:00.941929+00:00
 [02461/3000] modify simple     /srv/fim-watch/gen_00395.txt ts=2026-09-18T00:12:01.042045+00:00
 [02462/3000] modify simple     /srv/fim-watch/critico/gen_00153.txt ts=2026-09-18T00:12:01.141900+00:00
 [02463/3000] modify simple     /srv/fim-watch/critico/gen_00322.txt ts=2026-09-18T00:12:01.241829+00:00
 [02464/3000] modify simple     /srv/fim-watch/gen_00416.txt ts=2026-09-18T00:12:01.341569+00:00
 [02465/3000] modify revertido  /srv/fim-watch/gen_00219.txt ts=2026-09-18T00:12:01.441759+00:00
 [02466/3000] modify revertido  /srv/fim-watch/gen_00219.txt ts=2026-09-18T00:12:01.542055+00:00
 [02467/3000] modify simple     /srv/fim-watch/gen_00050.txt ts=2026-09-18T00:12:01.642057+00:00
 [02468/3000] modify simple     /srv/fim-watch/gen_00098.txt ts=2026-09-18T00:12:01.741822+00:00
 [02469/3000] modify simple     /srv/fim-watch/gen_00325.txt ts=2026-09-18T00:12:01.842059+00:00
 [02470/3000] modify simple     /srv/fim-watch/critico/gen_00415.txt ts=2026-09-18T00:12:01.942028+00:00
 [02471/3000] create simple     /srv/fim-watch/gen_00495.txt ts=2026-09-18T00:12:02.041667+00:00
 [02472/3000] create efimero    /srv/fim-watch/gen_00496.txt ts=2026-09-18T00:12:02.141555+00:00
 [02473/3000] delete efimero    /srv/fim-watch/gen_00496.txt ts=2026-09-18T00:12:02.241699+00:00
 [02474/3000] modify simple     /srv/fim-watch/gen_00311.txt ts=2026-09-18T00:12:02.341981+00:00
 [02475/3000] modify simple     /srv/fim-watch/gen_00166.txt ts=2026-09-18T00:12:02.442066+00:00
 [02476/3000] modify simple     /srv/fim-watch/gen_00425.txt ts=2026-09-18T00:12:02.541841+00:00
 [02477/3000] create simple     /srv/fim-watch/gen_00497.txt ts=2026-09-18T00:12:02.641655+00:00
 [02478/3000] modify simple     /srv/fim-watch/gen_00128.txt ts=2026-09-18T00:12:02.741723+00:00
 [02479/3000] delete simple     /srv/fim-watch/gen_00375.txt ts=2026-09-18T00:12:02.841361+00:00
 [02480/3000] create simple     /srv/fim-watch/gen_00498.txt ts=2026-09-18T00:12:02.941356+00:00
 [02481/3000] modify simple     /srv/fim-watch/gen_00468.txt ts=2026-09-18T00:12:03.041488+00:00
 [02482/3000] create simple     /srv/fim-watch/gen_00499.txt ts=2026-09-18T00:12:03.141369+00:00
 [02483/3000] modify revertido  /srv/fim-watch/gen_00410.txt ts=2026-09-18T00:12:03.241738+00:00
 [02484/3000] modify revertido  /srv/fim-watch/gen_00410.txt ts=2026-09-18T00:12:03.341341+00:00
 [02485/3000] modify revertido  /srv/fim-watch/gen_00355.txt ts=2026-09-18T00:12:03.441390+00:00
 [02486/3000] modify revertido  /srv/fim-watch/gen_00355.txt ts=2026-09-18T00:12:03.542097+00:00
 [02487/3000] modify simple     /srv/fim-watch/gen_00478.txt ts=2026-09-18T00:12:03.641810+00:00
 [02488/3000] modify simple     /srv/fim-watch/gen_00291.txt ts=2026-09-18T00:12:03.742059+00:00
 [02489/3000] create simple     /srv/fim-watch/gen_00500.txt ts=2026-09-18T00:12:03.841971+00:00
 [02490/3000] create simple     /srv/fim-watch/gen_00501.txt ts=2026-09-18T00:12:03.941945+00:00
 [02491/3000] create simple     /srv/fim-watch/critico/gen_00502.txt ts=2026-09-18T00:12:04.041667+00:00
 [02492/3000] modify revertido  /srv/fim-watch/critico/gen_00488.txt ts=2026-09-18T00:12:04.142004+00:00
 [02493/3000] modify revertido  /srv/fim-watch/critico/gen_00488.txt ts=2026-09-18T00:12:04.241839+00:00
 [02494/3000] modify simple     /srv/fim-watch/gen_00474.txt ts=2026-09-18T00:12:04.342021+00:00
 [02495/3000] modify simple     /srv/fim-watch/gen_00320.txt ts=2026-09-18T00:12:04.441556+00:00
 [02496/3000] modify simple     /srv/fim-watch/gen_00329.txt ts=2026-09-18T00:12:04.542032+00:00
 [02497/3000] modify simple     /srv/fim-watch/gen_00436.txt ts=2026-09-18T00:12:04.641933+00:00
 [02498/3000] modify revertido  /srv/fim-watch/gen_00384.txt ts=2026-09-18T00:12:04.741912+00:00
 [02499/3000] modify revertido  /srv/fim-watch/gen_00384.txt ts=2026-09-18T00:12:04.841919+00:00
 [02500/3000] modify simple     /srv/fim-watch/critico/gen_00280.txt ts=2026-09-18T00:12:04.942064+00:00
 [02501/3000] create simple     /srv/fim-watch/gen_00503.txt ts=2026-09-18T00:12:05.041817+00:00
 [02502/3000] modify simple     /srv/fim-watch/gen_00459.txt ts=2026-09-18T00:12:05.141791+00:00
 [02503/3000] modify simple     /srv/fim-watch/gen_00430.txt ts=2026-09-18T00:12:05.242076+00:00
 [02504/3000] modify simple     /srv/fim-watch/gen_00384.txt ts=2026-09-18T00:12:05.342131+00:00
 [02505/3000] modify simple     /srv/fim-watch/critico/gen_00437.txt ts=2026-09-18T00:12:05.441740+00:00
 [02506/3000] modify simple     /srv/fim-watch/gen_00325.txt ts=2026-09-18T00:12:05.541559+00:00
 [02507/3000] modify simple     /srv/fim-watch/gen_00460.txt ts=2026-09-18T00:12:05.641823+00:00
 [02508/3000] modify simple     /srv/fim-watch/gen_00387.txt ts=2026-09-18T00:12:05.741906+00:00
 [02509/3000] create simple     /srv/fim-watch/gen_00504.txt ts=2026-09-18T00:12:05.841902+00:00
 [02510/3000] modify simple     /srv/fim-watch/gen_00434.txt ts=2026-09-18T00:12:05.942049+00:00
 [02511/3000] create simple     /srv/fim-watch/gen_00505.txt ts=2026-09-18T00:12:06.041721+00:00
 [02512/3000] modify simple     /srv/fim-watch/critico/gen_00428.txt ts=2026-09-18T00:12:06.142093+00:00
 [02513/3000] delete simple     /srv/fim-watch/gen_00317.txt ts=2026-09-18T00:12:06.241729+00:00
 [02514/3000] delete simple     /srv/fim-watch/gen_00368.txt ts=2026-09-18T00:12:06.341707+00:00
 [02515/3000] create efimero    /srv/fim-watch/critico/gen_00506.txt ts=2026-09-18T00:12:06.441941+00:00
 [02516/3000] delete efimero    /srv/fim-watch/critico/gen_00506.txt ts=2026-09-18T00:12:06.541596+00:00
 [02517/3000] modify revertido  /srv/fim-watch/critico/gen_00444.txt ts=2026-09-18T00:12:06.642072+00:00
 [02518/3000] modify revertido  /srv/fim-watch/critico/gen_00444.txt ts=2026-09-18T00:12:06.741845+00:00
 [02519/3000] create simple     /srv/fim-watch/gen_00507.txt ts=2026-09-18T00:12:06.841966+00:00
 [02520/3000] modify simple     /srv/fim-watch/gen_00400.txt ts=2026-09-18T00:12:06.941905+00:00
 [02521/3000] modify revertido  /srv/fim-watch/gen_00299.txt ts=2026-09-18T00:12:07.041991+00:00
 [02522/3000] modify revertido  /srv/fim-watch/gen_00299.txt ts=2026-09-18T00:12:07.142031+00:00
 [02523/3000] modify simple     /srv/fim-watch/gen_00249.txt ts=2026-09-18T00:12:07.241787+00:00
 [02524/3000] modify simple     /srv/fim-watch/gen_00439.txt ts=2026-09-18T00:12:07.341843+00:00
 [02525/3000] modify simple     /srv/fim-watch/critico/gen_00272.txt ts=2026-09-18T00:12:07.442219+00:00
 [02526/3000] modify simple     /srv/fim-watch/gen_00188.txt ts=2026-09-18T00:12:07.541680+00:00
 [02527/3000] modify simple     /srv/fim-watch/gen_00487.txt ts=2026-09-18T00:12:07.641802+00:00
 [02528/3000] modify simple     /srv/fim-watch/critico/gen_00369.txt ts=2026-09-18T00:12:07.742008+00:00
 [02529/3000] modify simple     /srv/fim-watch/critico/gen_00156.txt ts=2026-09-18T00:12:07.841896+00:00
 [02530/3000] modify simple     /srv/fim-watch/gen_00503.txt ts=2026-09-18T00:12:07.942019+00:00
 [02531/3000] modify simple     /srv/fim-watch/critico/gen_00189.txt ts=2026-09-18T00:12:08.041829+00:00
 [02532/3000] create simple     /srv/fim-watch/gen_00508.txt ts=2026-09-18T00:12:08.141728+00:00
 [02533/3000] modify simple     /srv/fim-watch/gen_00489.txt ts=2026-09-18T00:12:08.241902+00:00
 [02534/3000] modify simple     /srv/fim-watch/gen_00504.txt ts=2026-09-18T00:12:08.342035+00:00
 [02535/3000] create simple     /srv/fim-watch/critico/gen_00509.txt ts=2026-09-18T00:12:08.441731+00:00
 [02536/3000] create simple     /srv/fim-watch/gen_00510.txt ts=2026-09-18T00:12:08.541518+00:00
 [02537/3000] modify simple     /srv/fim-watch/gen_00298.txt ts=2026-09-18T00:12:08.641662+00:00
 [02538/3000] create efimero    /srv/fim-watch/critico/gen_00511.txt ts=2026-09-18T00:12:08.741594+00:00
 [02539/3000] delete efimero    /srv/fim-watch/critico/gen_00511.txt ts=2026-09-18T00:12:08.841336+00:00
 [02540/3000] modify simple     /srv/fim-watch/gen_00352.txt ts=2026-09-18T00:12:08.941392+00:00
 [02541/3000] modify simple     /srv/fim-watch/critico/gen_00130.txt ts=2026-09-18T00:12:09.041410+00:00
 [02542/3000] delete simple     /srv/fim-watch/critico/gen_00457.txt ts=2026-09-18T00:12:09.141335+00:00
 [02543/3000] modify simple     /srv/fim-watch/gen_00418.txt ts=2026-09-18T00:12:09.241477+00:00
 [02544/3000] modify simple     /srv/fim-watch/gen_00417.txt ts=2026-09-18T00:12:09.341457+00:00
 [02545/3000] modify simple     /srv/fim-watch/gen_00126.txt ts=2026-09-18T00:12:09.441420+00:00
 [02546/3000] delete simple     /srv/fim-watch/gen_00255.txt ts=2026-09-18T00:12:09.541313+00:00
 [02547/3000] modify simple     /srv/fim-watch/gen_00477.txt ts=2026-09-18T00:12:09.642058+00:00
 [02548/3000] create simple     /srv/fim-watch/critico/gen_00512.txt ts=2026-09-18T00:12:09.741913+00:00
 [02549/3000] modify simple     /srv/fim-watch/gen_00228.txt ts=2026-09-18T00:12:09.841791+00:00
 [02550/3000] create simple     /srv/fim-watch/gen_00513.txt ts=2026-09-18T00:12:09.941730+00:00
 [02551/3000] create simple     /srv/fim-watch/gen_00514.txt ts=2026-09-18T00:12:10.041604+00:00
 [02552/3000] delete simple     /srv/fim-watch/critico/gen_00344.txt ts=2026-09-18T00:12:10.141623+00:00
 [02553/3000] modify simple     /srv/fim-watch/gen_00117.txt ts=2026-09-18T00:12:10.242087+00:00
 [02554/3000] modify revertido  /srv/fim-watch/gen_00453.txt ts=2026-09-18T00:12:10.342068+00:00
 [02555/3000] modify revertido  /srv/fim-watch/gen_00453.txt ts=2026-09-18T00:12:10.441930+00:00
 [02556/3000] modify simple     /srv/fim-watch/gen_00215.txt ts=2026-09-18T00:12:10.541841+00:00
 [02557/3000] delete simple     /srv/fim-watch/gen_00394.txt ts=2026-09-18T00:12:10.641478+00:00
 [02558/3000] create simple     /srv/fim-watch/gen_00515.txt ts=2026-09-18T00:12:10.741698+00:00
 [02559/3000] modify simple     /srv/fim-watch/critico/gen_00209.txt ts=2026-09-18T00:12:10.841904+00:00
 [02560/3000] modify simple     /srv/fim-watch/critico/gen_00361.txt ts=2026-09-18T00:12:10.941824+00:00
 [02561/3000] create simple     /srv/fim-watch/critico/gen_00516.txt ts=2026-09-18T00:12:11.041514+00:00
 [02562/3000] create simple     /srv/fim-watch/gen_00517.txt ts=2026-09-18T00:12:11.141526+00:00
 [02563/3000] modify simple     /srv/fim-watch/gen_00486.txt ts=2026-09-18T00:12:11.241684+00:00
 [02564/3000] modify revertido  /srv/fim-watch/gen_00291.txt ts=2026-09-18T00:12:11.341673+00:00
 [02565/3000] modify revertido  /srv/fim-watch/gen_00291.txt ts=2026-09-18T00:12:11.441675+00:00
 [02566/3000] modify revertido  /srv/fim-watch/gen_00160.txt ts=2026-09-18T00:12:11.541612+00:00
 [02567/3000] modify revertido  /srv/fim-watch/gen_00160.txt ts=2026-09-18T00:12:11.641644+00:00
 [02568/3000] modify simple     /srv/fim-watch/gen_00458.txt ts=2026-09-18T00:12:11.742156+00:00
 [02569/3000] create simple     /srv/fim-watch/gen_00518.txt ts=2026-09-18T00:12:11.841532+00:00
 [02570/3000] delete simple     /srv/fim-watch/gen_00249.txt ts=2026-09-18T00:12:11.941582+00:00
 [02571/3000] modify revertido  /srv/fim-watch/gen_00429.txt ts=2026-09-18T00:12:12.041819+00:00
 [02572/3000] modify revertido  /srv/fim-watch/gen_00429.txt ts=2026-09-18T00:12:12.141650+00:00
 [02573/3000] modify simple     /srv/fim-watch/critico/gen_00451.txt ts=2026-09-18T00:12:12.241698+00:00
 [02574/3000] modify simple     /srv/fim-watch/gen_00395.txt ts=2026-09-18T00:12:12.341660+00:00
 [02575/3000] create simple     /srv/fim-watch/gen_00519.txt ts=2026-09-18T00:12:12.441688+00:00
 [02576/3000] modify simple     /srv/fim-watch/gen_00501.txt ts=2026-09-18T00:12:12.541954+00:00
 [02577/3000] modify simple     /srv/fim-watch/gen_00475.txt ts=2026-09-18T00:12:12.641534+00:00
 [02578/3000] modify colapsado  /srv/fim-watch/critico/gen_00280.txt ts=2026-09-18T00:12:12.742054+00:00
 [02579/3000] modify colapsado  /srv/fim-watch/critico/gen_00280.txt ts=2026-09-18T00:12:12.842313+00:00
 [02580/3000] modify colapsado  /srv/fim-watch/critico/gen_00280.txt ts=2026-09-18T00:12:12.941779+00:00
 [02581/3000] modify colapsado  /srv/fim-watch/critico/gen_00280.txt ts=2026-09-18T00:12:13.041769+00:00
 [02582/3000] modify colapsado  /srv/fim-watch/critico/gen_00280.txt ts=2026-09-18T00:12:13.141751+00:00
 [02583/3000] modify simple     /srv/fim-watch/critico/gen_00391.txt ts=2026-09-18T00:12:13.241915+00:00
 [02584/3000] create simple     /srv/fim-watch/gen_00520.txt ts=2026-09-18T00:12:13.341609+00:00
 [02585/3000] create simple     /srv/fim-watch/gen_00521.txt ts=2026-09-18T00:12:13.441647+00:00
 [02586/3000] modify simple     /srv/fim-watch/gen_00520.txt ts=2026-09-18T00:12:13.541772+00:00
 [02587/3000] modify simple     /srv/fim-watch/gen_00464.txt ts=2026-09-18T00:12:13.642033+00:00
 [02588/3000] modify simple     /srv/fim-watch/gen_00491.txt ts=2026-09-18T00:12:13.741807+00:00
 [02589/3000] create simple     /srv/fim-watch/gen_00522.txt ts=2026-09-18T00:12:13.841997+00:00
 [02590/3000] create simple     /srv/fim-watch/critico/gen_00523.txt ts=2026-09-18T00:12:13.941778+00:00
 [02591/3000] modify simple     /srv/fim-watch/gen_00352.txt ts=2026-09-18T00:12:14.041795+00:00
 [02592/3000] delete simple     /srv/fim-watch/gen_00307.txt ts=2026-09-18T00:12:14.141639+00:00
 [02593/3000] create simple     /srv/fim-watch/critico/gen_00524.txt ts=2026-09-18T00:12:14.241779+00:00
 [02594/3000] modify colapsado  /srv/fim-watch/gen_00467.txt ts=2026-09-18T00:12:14.341807+00:00
 [02595/3000] modify colapsado  /srv/fim-watch/gen_00467.txt ts=2026-09-18T00:12:14.441812+00:00
 [02596/3000] modify colapsado  /srv/fim-watch/gen_00467.txt ts=2026-09-18T00:12:14.541799+00:00
 [02597/3000] modify colapsado  /srv/fim-watch/gen_00467.txt ts=2026-09-18T00:12:14.642610+00:00
 [02598/3000] modify colapsado  /srv/fim-watch/gen_00467.txt ts=2026-09-18T00:12:14.741457+00:00
 [02599/3000] modify simple     /srv/fim-watch/gen_00050.txt ts=2026-09-18T00:12:14.841518+00:00
 [02600/3000] modify simple     /srv/fim-watch/gen_00254.txt ts=2026-09-18T00:12:14.941467+00:00
 [02601/3000] create simple     /srv/fim-watch/gen_00525.txt ts=2026-09-18T00:12:15.041348+00:00
 [02602/3000] modify simple     /srv/fim-watch/critico/gen_00053.txt ts=2026-09-18T00:12:15.142998+00:00
 [02603/3000] modify simple     /srv/fim-watch/critico/gen_00304.txt ts=2026-09-18T00:12:15.241494+00:00
 [02604/3000] delete simple     /srv/fim-watch/gen_00474.txt ts=2026-09-18T00:12:15.341341+00:00
 [02605/3000] delete simple     /srv/fim-watch/gen_00289.txt ts=2026-09-18T00:12:15.441470+00:00
 [02606/3000] modify simple     /srv/fim-watch/gen_00513.txt ts=2026-09-18T00:12:15.541413+00:00
 [02607/3000] create simple     /srv/fim-watch/gen_00526.txt ts=2026-09-18T00:12:15.641553+00:00
 [02608/3000] modify simple     /srv/fim-watch/gen_00418.txt ts=2026-09-18T00:12:15.741785+00:00
 [02609/3000] create simple     /srv/fim-watch/critico/gen_00527.txt ts=2026-09-18T00:12:15.841737+00:00
 [02610/3000] modify revertido  /srv/fim-watch/gen_00179.txt ts=2026-09-18T00:12:15.941807+00:00
 [02611/3000] modify revertido  /srv/fim-watch/gen_00179.txt ts=2026-09-18T00:12:16.042211+00:00
 [02612/3000] create simple     /srv/fim-watch/gen_00528.txt ts=2026-09-18T00:12:16.141978+00:00
 [02613/3000] modify simple     /srv/fim-watch/gen_00514.txt ts=2026-09-18T00:12:16.241729+00:00
 [02614/3000] modify simple     /srv/fim-watch/gen_00486.txt ts=2026-09-18T00:12:16.341799+00:00
 [02615/3000] modify simple     /srv/fim-watch/critico/gen_00502.txt ts=2026-09-18T00:12:16.441528+00:00
 [02616/3000] modify simple     /srv/fim-watch/gen_00325.txt ts=2026-09-18T00:12:16.541816+00:00
 [02617/3000] modify simple     /srv/fim-watch/critico/gen_00353.txt ts=2026-09-18T00:12:16.641764+00:00
 [02618/3000] modify simple     /srv/fim-watch/gen_00284.txt ts=2026-09-18T00:12:16.741808+00:00
 [02619/3000] modify simple     /srv/fim-watch/gen_00241.txt ts=2026-09-18T00:12:16.842058+00:00
 [02620/3000] modify revertido  /srv/fim-watch/gen_00405.txt ts=2026-09-18T00:12:16.941785+00:00
 [02621/3000] modify revertido  /srv/fim-watch/gen_00405.txt ts=2026-09-18T00:12:17.042248+00:00
 [02622/3000] modify simple     /srv/fim-watch/critico/gen_00465.txt ts=2026-09-18T00:12:17.142296+00:00
 [02623/3000] modify simple     /srv/fim-watch/critico/gen_00184.txt ts=2026-09-18T00:12:17.242181+00:00
 [02624/3000] create simple     /srv/fim-watch/gen_00529.txt ts=2026-09-18T00:12:17.341650+00:00
 [02625/3000] modify simple     /srv/fim-watch/gen_00426.txt ts=2026-09-18T00:12:17.442248+00:00
 [02626/3000] create simple     /srv/fim-watch/critico/gen_00530.txt ts=2026-09-18T00:12:17.542163+00:00
 [02627/3000] modify simple     /srv/fim-watch/critico/gen_00262.txt ts=2026-09-18T00:12:17.641626+00:00
 [02628/3000] create simple     /srv/fim-watch/gen_00531.txt ts=2026-09-18T00:12:17.742130+00:00
 [02629/3000] modify revertido  /srv/fim-watch/gen_00500.txt ts=2026-09-18T00:12:17.842254+00:00
 [02630/3000] modify revertido  /srv/fim-watch/gen_00500.txt ts=2026-09-18T00:12:17.941821+00:00
 [02631/3000] modify simple     /srv/fim-watch/gen_00331.txt ts=2026-09-18T00:12:18.042221+00:00
 [02632/3000] modify simple     /srv/fim-watch/gen_00377.txt ts=2026-09-18T00:12:18.142546+00:00
 [02633/3000] delete simple     /srv/fim-watch/gen_00323.txt ts=2026-09-18T00:12:18.242220+00:00
 [02634/3000] modify colapsado  /srv/fim-watch/gen_00228.txt ts=2026-09-18T00:12:18.342130+00:00
 [02635/3000] modify colapsado  /srv/fim-watch/gen_00228.txt ts=2026-09-18T00:12:18.442264+00:00
 [02636/3000] modify colapsado  /srv/fim-watch/gen_00228.txt ts=2026-09-18T00:12:18.541894+00:00
 [02637/3000] modify colapsado  /srv/fim-watch/gen_00228.txt ts=2026-09-18T00:12:18.642050+00:00
 [02638/3000] modify colapsado  /srv/fim-watch/gen_00228.txt ts=2026-09-18T00:12:18.742309+00:00
 [02639/3000] modify simple     /srv/fim-watch/gen_00417.txt ts=2026-09-18T00:12:18.842018+00:00
 [02640/3000] create simple     /srv/fim-watch/critico/gen_00532.txt ts=2026-09-18T00:12:18.941745+00:00
 [02641/3000] modify simple     /srv/fim-watch/gen_00325.txt ts=2026-09-18T00:12:19.041838+00:00
 [02642/3000] create simple     /srv/fim-watch/gen_00533.txt ts=2026-09-18T00:12:19.142137+00:00
 [02643/3000] modify simple     /srv/fim-watch/gen_00513.txt ts=2026-09-18T00:12:19.241833+00:00
 [02644/3000] delete simple     /srv/fim-watch/gen_00206.txt ts=2026-09-18T00:12:19.341670+00:00
 [02645/3000] modify simple     /srv/fim-watch/gen_00501.txt ts=2026-09-18T00:12:19.441801+00:00
 [02646/3000] modify simple     /srv/fim-watch/gen_00298.txt ts=2026-09-18T00:12:19.542226+00:00
 [02647/3000] modify simple     /srv/fim-watch/gen_00352.txt ts=2026-09-18T00:12:19.641921+00:00
 [02648/3000] modify simple     /srv/fim-watch/critico/gen_00409.txt ts=2026-09-18T00:12:19.742283+00:00
 [02649/3000] create simple     /srv/fim-watch/gen_00534.txt ts=2026-09-18T00:12:19.842134+00:00
 [02650/3000] modify simple     /srv/fim-watch/gen_00064.txt ts=2026-09-18T00:12:19.941846+00:00
 [02651/3000] modify colapsado  /srv/fim-watch/gen_00424.txt ts=2026-09-18T00:12:20.041659+00:00
 [02652/3000] modify colapsado  /srv/fim-watch/gen_00424.txt ts=2026-09-18T00:12:20.141678+00:00
 [02653/3000] modify colapsado  /srv/fim-watch/gen_00424.txt ts=2026-09-18T00:12:20.241815+00:00
 [02654/3000] modify colapsado  /srv/fim-watch/gen_00424.txt ts=2026-09-18T00:12:20.342263+00:00
 [02655/3000] modify colapsado  /srv/fim-watch/gen_00424.txt ts=2026-09-18T00:12:20.442283+00:00
 [02656/3000] create simple     /srv/fim-watch/gen_00535.txt ts=2026-09-18T00:12:20.541741+00:00
 [02657/3000] delete simple     /srv/fim-watch/critico/gen_00413.txt ts=2026-09-18T00:12:20.641344+00:00
 [02658/3000] modify revertido  /srv/fim-watch/gen_00448.txt ts=2026-09-18T00:12:20.741630+00:00
 [02659/3000] modify revertido  /srv/fim-watch/gen_00448.txt ts=2026-09-18T00:12:20.841371+00:00
 [02660/3000] modify simple     /srv/fim-watch/gen_00435.txt ts=2026-09-18T00:12:20.941393+00:00
 [02661/3000] modify simple     /srv/fim-watch/gen_00096.txt ts=2026-09-18T00:12:21.041522+00:00
 [02662/3000] modify simple     /srv/fim-watch/critico/gen_00191.txt ts=2026-09-18T00:12:21.141385+00:00
 [02663/3000] modify simple     /srv/fim-watch/critico/gen_00428.txt ts=2026-09-18T00:12:21.241399+00:00
 [02664/3000] modify colapsado  /srv/fim-watch/gen_00259.txt ts=2026-09-18T00:12:21.341473+00:00
 [02665/3000] modify colapsado  /srv/fim-watch/gen_00259.txt ts=2026-09-18T00:12:21.441622+00:00
 [02666/3000] modify colapsado  /srv/fim-watch/gen_00259.txt ts=2026-09-18T00:12:21.541763+00:00
 [02667/3000] modify colapsado  /srv/fim-watch/gen_00259.txt ts=2026-09-18T00:12:21.641920+00:00
 [02668/3000] modify colapsado  /srv/fim-watch/gen_00259.txt ts=2026-09-18T00:12:21.741841+00:00
 [02669/3000] delete simple     /srv/fim-watch/gen_00269.txt ts=2026-09-18T00:12:21.841986+00:00
 [02670/3000] modify revertido  /srv/fim-watch/gen_00256.txt ts=2026-09-18T00:12:21.941970+00:00
 [02671/3000] modify revertido  /srv/fim-watch/gen_00256.txt ts=2026-09-18T00:12:22.041803+00:00
 [02672/3000] modify simple     /srv/fim-watch/critico/gen_00123.txt ts=2026-09-18T00:12:22.142238+00:00
 [02673/3000] modify simple     /srv/fim-watch/gen_00290.txt ts=2026-09-18T00:12:22.242092+00:00
 [02674/3000] modify simple     /srv/fim-watch/gen_00225.txt ts=2026-09-18T00:12:22.342247+00:00
 [02675/3000] modify simple     /srv/fim-watch/gen_00404.txt ts=2026-09-18T00:12:22.441836+00:00
 [02676/3000] modify simple     /srv/fim-watch/gen_00479.txt ts=2026-09-18T00:12:22.541785+00:00
 [02677/3000] modify simple     /srv/fim-watch/gen_00235.txt ts=2026-09-18T00:12:22.641827+00:00
 [02678/3000] modify simple     /srv/fim-watch/critico/gen_00490.txt ts=2026-09-18T00:12:22.742023+00:00
 [02679/3000] modify simple     /srv/fim-watch/critico/gen_00209.txt ts=2026-09-18T00:12:22.841949+00:00
 [02680/3000] modify simple     /srv/fim-watch/gen_00285.txt ts=2026-09-18T00:12:22.942490+00:00
 [02681/3000] create simple     /srv/fim-watch/gen_00536.txt ts=2026-09-18T00:12:23.041618+00:00
 [02682/3000] modify simple     /srv/fim-watch/gen_00470.txt ts=2026-09-18T00:12:23.141901+00:00
 [02683/3000] modify simple     /srv/fim-watch/gen_00385.txt ts=2026-09-18T00:12:23.241817+00:00
 [02684/3000] modify simple     /srv/fim-watch/gen_00139.txt ts=2026-09-18T00:12:23.341824+00:00
 [02685/3000] create simple     /srv/fim-watch/gen_00537.txt ts=2026-09-18T00:12:23.442111+00:00
 [02686/3000] modify simple     /srv/fim-watch/critico/gen_00456.txt ts=2026-09-18T00:12:23.542226+00:00
 [02687/3000] modify simple     /srv/fim-watch/gen_00498.txt ts=2026-09-18T00:12:23.642004+00:00
 [02688/3000] create simple     /srv/fim-watch/gen_00538.txt ts=2026-09-18T00:12:23.741721+00:00
 [02689/3000] create simple     /srv/fim-watch/gen_00539.txt ts=2026-09-18T00:12:23.842089+00:00
 [02690/3000] modify colapsado  /srv/fim-watch/gen_00498.txt ts=2026-09-18T00:12:23.942291+00:00
 [02691/3000] modify colapsado  /srv/fim-watch/gen_00498.txt ts=2026-09-18T00:12:24.041560+00:00
 [02692/3000] modify colapsado  /srv/fim-watch/gen_00498.txt ts=2026-09-18T00:12:24.142161+00:00
 [02693/3000] modify colapsado  /srv/fim-watch/gen_00498.txt ts=2026-09-18T00:12:24.241796+00:00
 [02694/3000] modify colapsado  /srv/fim-watch/gen_00498.txt ts=2026-09-18T00:12:24.341790+00:00
 [02695/3000] create simple     /srv/fim-watch/gen_00540.txt ts=2026-09-18T00:12:24.441643+00:00
 [02696/3000] modify simple     /srv/fim-watch/gen_00508.txt ts=2026-09-18T00:12:24.541656+00:00
 [02697/3000] modify simple     /srv/fim-watch/gen_00426.txt ts=2026-09-18T00:12:24.642005+00:00
 [02698/3000] delete simple     /srv/fim-watch/gen_00534.txt ts=2026-09-18T00:12:24.742043+00:00
 [02699/3000] create simple     /srv/fim-watch/gen_00541.txt ts=2026-09-18T00:12:24.841692+00:00
 [02700/3000] create simple     /srv/fim-watch/gen_00542.txt ts=2026-09-18T00:12:24.942200+00:00
 [02701/3000] modify revertido  /srv/fim-watch/gen_00475.txt ts=2026-09-18T00:12:25.041834+00:00
 [02702/3000] modify revertido  /srv/fim-watch/gen_00475.txt ts=2026-09-18T00:12:25.141785+00:00
 [02703/3000] modify revertido  /srv/fim-watch/critico/gen_00509.txt ts=2026-09-18T00:12:25.241817+00:00
 [02704/3000] modify revertido  /srv/fim-watch/critico/gen_00509.txt ts=2026-09-18T00:12:25.341783+00:00
 [02705/3000] modify colapsado  /srv/fim-watch/gen_00479.txt ts=2026-09-18T00:12:25.441702+00:00
 [02706/3000] modify colapsado  /srv/fim-watch/gen_00479.txt ts=2026-09-18T00:12:25.541930+00:00
 [02707/3000] modify colapsado  /srv/fim-watch/gen_00479.txt ts=2026-09-18T00:12:25.642035+00:00
 [02708/3000] modify colapsado  /srv/fim-watch/gen_00479.txt ts=2026-09-18T00:12:25.741800+00:00
 [02709/3000] modify colapsado  /srv/fim-watch/gen_00479.txt ts=2026-09-18T00:12:25.841802+00:00
 [02710/3000] create simple     /srv/fim-watch/gen_00543.txt ts=2026-09-18T00:12:25.941695+00:00
 [02711/3000] delete simple     /srv/fim-watch/gen_00498.txt ts=2026-09-18T00:12:26.041728+00:00
 [02712/3000] modify simple     /srv/fim-watch/gen_00326.txt ts=2026-09-18T00:12:26.141816+00:00
 [02713/3000] create simple     /srv/fim-watch/gen_00544.txt ts=2026-09-18T00:12:26.241918+00:00
 [02714/3000] modify simple     /srv/fim-watch/critico/gen_00130.txt ts=2026-09-18T00:12:26.342058+00:00
 [02715/3000] create simple     /srv/fim-watch/gen_00545.txt ts=2026-09-18T00:12:26.441766+00:00
 [02716/3000] modify simple     /srv/fim-watch/gen_00426.txt ts=2026-09-18T00:12:26.541365+00:00
 [02717/3000] create simple     /srv/fim-watch/gen_00546.txt ts=2026-09-18T00:12:26.641338+00:00
 [02718/3000] modify simple     /srv/fim-watch/gen_00163.txt ts=2026-09-18T00:12:26.741393+00:00
 [02719/3000] create simple     /srv/fim-watch/gen_00547.txt ts=2026-09-18T00:12:26.841335+00:00
 [02720/3000] modify simple     /srv/fim-watch/gen_00442.txt ts=2026-09-18T00:12:26.941369+00:00
 [02721/3000] modify simple     /srv/fim-watch/gen_00519.txt ts=2026-09-18T00:12:27.041417+00:00
 [02722/3000] modify simple     /srv/fim-watch/gen_00254.txt ts=2026-09-18T00:12:27.141501+00:00
 [02723/3000] modify revertido  /srv/fim-watch/gen_00134.txt ts=2026-09-18T00:12:27.241436+00:00
 [02724/3000] modify revertido  /srv/fim-watch/gen_00134.txt ts=2026-09-18T00:12:27.341356+00:00
 [02725/3000] modify simple     /srv/fim-watch/critico/gen_00530.txt ts=2026-09-18T00:12:27.441691+00:00
 [02726/3000] modify simple     /srv/fim-watch/gen_00196.txt ts=2026-09-18T00:12:27.541622+00:00
 [02727/3000] modify simple     /srv/fim-watch/gen_00309.txt ts=2026-09-18T00:12:27.642505+00:00
 [02728/3000] modify simple     /srv/fim-watch/gen_00500.txt ts=2026-09-18T00:12:27.741587+00:00
 [02729/3000] modify simple     /srv/fim-watch/critico/gen_00438.txt ts=2026-09-18T00:12:27.841791+00:00
 [02730/3000] create simple     /srv/fim-watch/critico/gen_00548.txt ts=2026-09-18T00:12:27.941735+00:00
 [02731/3000] modify simple     /srv/fim-watch/gen_00128.txt ts=2026-09-18T00:12:28.041737+00:00
 [02732/3000] modify revertido  /srv/fim-watch/gen_00207.txt ts=2026-09-18T00:12:28.141905+00:00
 [02733/3000] modify revertido  /srv/fim-watch/gen_00207.txt ts=2026-09-18T00:12:28.241842+00:00
 [02734/3000] modify simple     /srv/fim-watch/gen_00539.txt ts=2026-09-18T00:12:28.342234+00:00
 [02735/3000] modify simple     /srv/fim-watch/gen_00466.txt ts=2026-09-18T00:12:28.442002+00:00
 [02736/3000] modify simple     /srv/fim-watch/gen_00163.txt ts=2026-09-18T00:12:28.542082+00:00
 [02737/3000] create simple     /srv/fim-watch/gen_00549.txt ts=2026-09-18T00:12:28.641945+00:00
 [02738/3000] modify simple     /srv/fim-watch/gen_00412.txt ts=2026-09-18T00:12:28.741985+00:00
 [02739/3000] create simple     /srv/fim-watch/gen_00550.txt ts=2026-09-18T00:12:28.841942+00:00
 [02740/3000] modify simple     /srv/fim-watch/gen_00547.txt ts=2026-09-18T00:12:28.942070+00:00
 [02741/3000] modify simple     /srv/fim-watch/gen_00543.txt ts=2026-09-18T00:12:29.041818+00:00
 [02742/3000] modify simple     /srv/fim-watch/gen_00320.txt ts=2026-09-18T00:12:29.142269+00:00
 [02743/3000] modify simple     /srv/fim-watch/gen_00221.txt ts=2026-09-18T00:12:29.241834+00:00
 [02744/3000] modify simple     /srv/fim-watch/gen_00466.txt ts=2026-09-18T00:12:29.342030+00:00
 [02745/3000] delete simple     /srv/fim-watch/gen_00331.txt ts=2026-09-18T00:12:29.441732+00:00
 [02746/3000] modify simple     /srv/fim-watch/critico/gen_00330.txt ts=2026-09-18T00:12:29.541776+00:00
 [02747/3000] delete simple     /srv/fim-watch/gen_00215.txt ts=2026-09-18T00:12:29.641727+00:00
 [02748/3000] modify revertido  /srv/fim-watch/gen_00442.txt ts=2026-09-18T00:12:29.741898+00:00
 [02749/3000] modify revertido  /srv/fim-watch/gen_00442.txt ts=2026-09-18T00:12:29.841814+00:00
 [02750/3000] modify simple     /srv/fim-watch/critico/gen_00509.txt ts=2026-09-18T00:12:29.941847+00:00
 [02751/3000] modify simple     /srv/fim-watch/gen_00358.txt ts=2026-09-18T00:12:30.041769+00:00
 [02752/3000] modify simple     /srv/fim-watch/critico/gen_00322.txt ts=2026-09-18T00:12:30.142106+00:00
 [02753/3000] create simple     /srv/fim-watch/gen_00551.txt ts=2026-09-18T00:12:30.241718+00:00
 [02754/3000] modify simple     /srv/fim-watch/gen_00528.txt ts=2026-09-18T00:12:30.341791+00:00
 [02755/3000] delete simple     /srv/fim-watch/gen_00430.txt ts=2026-09-18T00:12:30.441621+00:00
 [02756/3000] create simple     /srv/fim-watch/critico/gen_00552.txt ts=2026-09-18T00:12:30.541920+00:00
 [02757/3000] modify revertido  /srv/fim-watch/gen_00364.txt ts=2026-09-18T00:12:30.641808+00:00
 [02758/3000] modify revertido  /srv/fim-watch/gen_00364.txt ts=2026-09-18T00:12:30.741841+00:00
 [02759/3000] create simple     /srv/fim-watch/gen_00553.txt ts=2026-09-18T00:12:30.841499+00:00
 [02760/3000] delete simple     /srv/fim-watch/gen_00477.txt ts=2026-09-18T00:12:30.941714+00:00
 [02761/3000] modify colapsado  /srv/fim-watch/gen_00266.txt ts=2026-09-18T00:12:31.041830+00:00
 [02762/3000] modify colapsado  /srv/fim-watch/gen_00266.txt ts=2026-09-18T00:12:31.142023+00:00
 [02763/3000] modify colapsado  /srv/fim-watch/gen_00266.txt ts=2026-09-18T00:12:31.241793+00:00
 [02764/3000] modify colapsado  /srv/fim-watch/gen_00266.txt ts=2026-09-18T00:12:31.341839+00:00
 [02765/3000] modify colapsado  /srv/fim-watch/gen_00266.txt ts=2026-09-18T00:12:31.441835+00:00
 [02766/3000] delete simple     /srv/fim-watch/gen_00196.txt ts=2026-09-18T00:12:31.541702+00:00
 [02767/3000] create simple     /srv/fim-watch/gen_00554.txt ts=2026-09-18T00:12:31.641688+00:00
 [02768/3000] modify revertido  /srv/fim-watch/gen_00526.txt ts=2026-09-18T00:12:31.741979+00:00
 [02769/3000] modify revertido  /srv/fim-watch/gen_00526.txt ts=2026-09-18T00:12:31.841832+00:00
 [02770/3000] modify simple     /srv/fim-watch/critico/gen_00262.txt ts=2026-09-18T00:12:31.942028+00:00
 [02771/3000] modify simple     /srv/fim-watch/critico/gen_00392.txt ts=2026-09-18T00:12:32.042099+00:00
 [02772/3000] modify revertido  /srv/fim-watch/gen_00494.txt ts=2026-09-18T00:12:32.142061+00:00
 [02773/3000] modify revertido  /srv/fim-watch/gen_00494.txt ts=2026-09-18T00:12:32.241784+00:00
 [02774/3000] modify simple     /srv/fim-watch/gen_00234.txt ts=2026-09-18T00:12:32.341791+00:00
 [02775/3000] modify simple     /srv/fim-watch/gen_00293.txt ts=2026-09-18T00:12:32.441700+00:00
 [02776/3000] modify simple     /srv/fim-watch/critico/gen_00502.txt ts=2026-09-18T00:12:32.541474+00:00
 [02777/3000] modify colapsado  /srv/fim-watch/gen_00234.txt ts=2026-09-18T00:12:32.641376+00:00
 [02778/3000] modify colapsado  /srv/fim-watch/gen_00234.txt ts=2026-09-18T00:12:32.741520+00:00
 [02779/3000] modify colapsado  /srv/fim-watch/gen_00234.txt ts=2026-09-18T00:12:32.841505+00:00
 [02780/3000] modify colapsado  /srv/fim-watch/gen_00234.txt ts=2026-09-18T00:12:32.941650+00:00
 [02781/3000] modify colapsado  /srv/fim-watch/gen_00234.txt ts=2026-09-18T00:12:33.041569+00:00
 [02782/3000] modify simple     /srv/fim-watch/critico/gen_00351.txt ts=2026-09-18T00:12:33.141426+00:00
 [02783/3000] create efimero    /srv/fim-watch/gen_00555.txt ts=2026-09-18T00:12:33.241431+00:00
 [02784/3000] delete efimero    /srv/fim-watch/gen_00555.txt ts=2026-09-18T00:12:33.341402+00:00
 [02785/3000] modify simple     /srv/fim-watch/gen_00290.txt ts=2026-09-18T00:12:33.441807+00:00
 [02786/3000] modify revertido  /srv/fim-watch/gen_00470.txt ts=2026-09-18T00:12:33.541665+00:00
 [02787/3000] modify revertido  /srv/fim-watch/gen_00470.txt ts=2026-09-18T00:12:33.641623+00:00
 [02788/3000] modify simple     /srv/fim-watch/gen_00441.txt ts=2026-09-18T00:12:33.741717+00:00
 [02789/3000] modify simple     /srv/fim-watch/gen_00494.txt ts=2026-09-18T00:12:33.841665+00:00
 [02790/3000] modify simple     /srv/fim-watch/gen_00384.txt ts=2026-09-18T00:12:33.941809+00:00
 [02791/3000] modify simple     /srv/fim-watch/gen_00285.txt ts=2026-09-18T00:12:34.041668+00:00
 [02792/3000] modify simple     /srv/fim-watch/gen_00446.txt ts=2026-09-18T00:12:34.142043+00:00
 [02793/3000] delete simple     /srv/fim-watch/gen_00108.txt ts=2026-09-18T00:12:34.241596+00:00
 [02794/3000] create simple     /srv/fim-watch/critico/gen_00556.txt ts=2026-09-18T00:12:34.341947+00:00
 [02795/3000] modify simple     /srv/fim-watch/gen_00470.txt ts=2026-09-18T00:12:34.442179+00:00
 [02796/3000] create simple     /srv/fim-watch/gen_00557.txt ts=2026-09-18T00:12:34.541732+00:00
 [02797/3000] modify simple     /srv/fim-watch/critico/gen_00061.txt ts=2026-09-18T00:12:34.641683+00:00
 [02798/3000] delete simple     /srv/fim-watch/gen_00320.txt ts=2026-09-18T00:12:34.741686+00:00
 [02799/3000] delete simple     /srv/fim-watch/gen_00500.txt ts=2026-09-18T00:12:34.841702+00:00
 [02800/3000] modify revertido  /srv/fim-watch/critico/gen_00347.txt ts=2026-09-18T00:12:34.941832+00:00
 [02801/3000] modify revertido  /srv/fim-watch/critico/gen_00347.txt ts=2026-09-18T00:12:35.041675+00:00
 [02802/3000] modify simple     /srv/fim-watch/critico/gen_00502.txt ts=2026-09-18T00:12:35.141788+00:00
 [02803/3000] modify revertido  /srv/fim-watch/gen_00417.txt ts=2026-09-18T00:12:35.241838+00:00
 [02804/3000] modify revertido  /srv/fim-watch/gen_00417.txt ts=2026-09-18T00:12:35.341811+00:00
 [02805/3000] modify simple     /srv/fim-watch/gen_00188.txt ts=2026-09-18T00:12:35.441896+00:00
 [02806/3000] modify simple     /srv/fim-watch/gen_00142.txt ts=2026-09-18T00:12:35.541822+00:00
 [02807/3000] create simple     /srv/fim-watch/gen_00558.txt ts=2026-09-18T00:12:35.641669+00:00
 [02808/3000] create efimero    /srv/fim-watch/gen_00559.txt ts=2026-09-18T00:12:35.741820+00:00
 [02809/3000] delete efimero    /srv/fim-watch/gen_00559.txt ts=2026-09-18T00:12:35.841527+00:00
 [02810/3000] modify simple     /srv/fim-watch/gen_00377.txt ts=2026-09-18T00:12:35.941595+00:00
 [02811/3000] modify simple     /srv/fim-watch/gen_00521.txt ts=2026-09-18T00:12:36.041545+00:00
 [02812/3000] modify simple     /srv/fim-watch/critico/gen_00272.txt ts=2026-09-18T00:12:36.141776+00:00
 [02813/3000] create simple     /srv/fim-watch/gen_00560.txt ts=2026-09-18T00:12:36.241437+00:00
 [02814/3000] create efimero    /srv/fim-watch/gen_00561.txt ts=2026-09-18T00:12:36.341503+00:00
 [02815/3000] delete efimero    /srv/fim-watch/gen_00561.txt ts=2026-09-18T00:12:36.441699+00:00
 [02816/3000] create simple     /srv/fim-watch/critico/gen_00562.txt ts=2026-09-18T00:12:36.541679+00:00
 [02817/3000] create efimero    /srv/fim-watch/gen_00563.txt ts=2026-09-18T00:12:36.641593+00:00
 [02818/3000] delete efimero    /srv/fim-watch/gen_00563.txt ts=2026-09-18T00:12:36.741740+00:00
 [02819/3000] modify simple     /srv/fim-watch/gen_00350.txt ts=2026-09-18T00:12:36.841825+00:00
 [02820/3000] modify simple     /srv/fim-watch/gen_00425.txt ts=2026-09-18T00:12:36.941900+00:00
 [02821/3000] create simple     /srv/fim-watch/gen_00564.txt ts=2026-09-18T00:12:37.041686+00:00
 [02822/3000] modify revertido  /srv/fim-watch/gen_00098.txt ts=2026-09-18T00:12:37.141847+00:00
 [02823/3000] modify revertido  /srv/fim-watch/gen_00098.txt ts=2026-09-18T00:12:37.241750+00:00
 [02824/3000] modify simple     /srv/fim-watch/gen_00139.txt ts=2026-09-18T00:12:37.345535+00:00
 [02825/3000] modify simple     /srv/fim-watch/gen_00268.txt ts=2026-09-18T00:12:37.441800+00:00
 [02826/3000] create simple     /srv/fim-watch/critico/gen_00565.txt ts=2026-09-18T00:12:37.541991+00:00
 [02827/3000] delete simple     /srv/fim-watch/gen_00540.txt ts=2026-09-18T00:12:37.641679+00:00
 [02828/3000] modify simple     /srv/fim-watch/critico/gen_00361.txt ts=2026-09-18T00:12:37.742055+00:00
 [02829/3000] modify simple     /srv/fim-watch/gen_00543.txt ts=2026-09-18T00:12:37.841802+00:00
 [02830/3000] modify simple     /srv/fim-watch/gen_00517.txt ts=2026-09-18T00:12:37.941930+00:00
 [02831/3000] delete simple     /srv/fim-watch/gen_00525.txt ts=2026-09-18T00:12:38.041679+00:00
 [02832/3000] modify simple     /srv/fim-watch/gen_00219.txt ts=2026-09-18T00:12:38.142205+00:00
 [02833/3000] create simple     /srv/fim-watch/gen_00566.txt ts=2026-09-18T00:12:38.241742+00:00
 [02834/3000] delete simple     /srv/fim-watch/critico/gen_00209.txt ts=2026-09-18T00:12:38.341844+00:00
 [02835/3000] modify simple     /srv/fim-watch/gen_00203.txt ts=2026-09-18T00:12:38.441773+00:00
 [02836/3000] modify simple     /srv/fim-watch/critico/gen_00392.txt ts=2026-09-18T00:12:38.541624+00:00
 [02837/3000] create simple     /srv/fim-watch/gen_00567.txt ts=2026-09-18T00:12:38.641385+00:00
 [02838/3000] modify simple     /srv/fim-watch/gen_00384.txt ts=2026-09-18T00:12:38.741460+00:00
 [02839/3000] delete simple     /srv/fim-watch/gen_00395.txt ts=2026-09-18T00:12:38.841541+00:00
 [02840/3000] modify simple     /srv/fim-watch/critico/gen_00414.txt ts=2026-09-18T00:12:38.941422+00:00
 [02841/3000] modify simple     /srv/fim-watch/gen_00406.txt ts=2026-09-18T00:12:39.041531+00:00
 [02842/3000] create simple     /srv/fim-watch/gen_00568.txt ts=2026-09-18T00:12:39.141396+00:00
 [02843/3000] modify colapsado  /srv/fim-watch/gen_00115.txt ts=2026-09-18T00:12:39.241419+00:00
 [02844/3000] modify colapsado  /srv/fim-watch/gen_00115.txt ts=2026-09-18T00:12:39.341384+00:00
 [02845/3000] modify colapsado  /srv/fim-watch/gen_00115.txt ts=2026-09-18T00:12:39.441352+00:00
 [02846/3000] modify colapsado  /srv/fim-watch/gen_00115.txt ts=2026-09-18T00:12:39.541542+00:00
 [02847/3000] modify colapsado  /srv/fim-watch/gen_00115.txt ts=2026-09-18T00:12:39.641793+00:00
 [02848/3000] modify colapsado  /srv/fim-watch/gen_00418.txt ts=2026-09-18T00:12:39.741739+00:00
 [02849/3000] modify colapsado  /srv/fim-watch/gen_00418.txt ts=2026-09-18T00:12:39.841724+00:00
 [02850/3000] modify colapsado  /srv/fim-watch/gen_00418.txt ts=2026-09-18T00:12:39.941910+00:00
 [02851/3000] modify colapsado  /srv/fim-watch/gen_00418.txt ts=2026-09-18T00:12:40.041930+00:00
 [02852/3000] modify colapsado  /srv/fim-watch/gen_00418.txt ts=2026-09-18T00:12:40.141706+00:00
 [02853/3000] modify simple     /srv/fim-watch/gen_00458.txt ts=2026-09-18T00:12:40.241815+00:00
 [02854/3000] delete simple     /srv/fim-watch/gen_00311.txt ts=2026-09-18T00:12:40.341682+00:00
 [02855/3000] modify simple     /srv/fim-watch/gen_00536.txt ts=2026-09-18T00:12:40.441756+00:00
 [02856/3000] modify simple     /srv/fim-watch/gen_00481.txt ts=2026-09-18T00:12:40.541837+00:00
 [02857/3000] create simple     /srv/fim-watch/gen_00569.txt ts=2026-09-18T00:12:40.641715+00:00
 [02858/3000] modify simple     /srv/fim-watch/gen_00250.txt ts=2026-09-18T00:12:40.741823+00:00
 [02859/3000] modify simple     /srv/fim-watch/gen_00403.txt ts=2026-09-18T00:12:40.841700+00:00
 [02860/3000] modify simple     /srv/fim-watch/gen_00513.txt ts=2026-09-18T00:12:40.941700+00:00
 [02861/3000] modify simple     /srv/fim-watch/gen_00226.txt ts=2026-09-18T00:12:41.041781+00:00
 [02862/3000] delete simple     /srv/fim-watch/gen_00539.txt ts=2026-09-18T00:12:41.141796+00:00
 [02863/3000] create simple     /srv/fim-watch/gen_00570.txt ts=2026-09-18T00:12:41.241707+00:00
 [02864/3000] modify simple     /srv/fim-watch/gen_00472.txt ts=2026-09-18T00:12:41.342180+00:00
 [02865/3000] delete simple     /srv/fim-watch/gen_00507.txt ts=2026-09-18T00:12:41.441820+00:00
 [02866/3000] modify revertido  /srv/fim-watch/gen_00554.txt ts=2026-09-18T00:12:41.541782+00:00
 [02867/3000] modify revertido  /srv/fim-watch/gen_00554.txt ts=2026-09-18T00:12:41.641926+00:00
 [02868/3000] modify simple     /srv/fim-watch/gen_00501.txt ts=2026-09-18T00:12:41.741910+00:00
 [02869/3000] create simple     /srv/fim-watch/gen_00571.txt ts=2026-09-18T00:12:41.841685+00:00
 [02870/3000] modify colapsado  /srv/fim-watch/gen_00126.txt ts=2026-09-18T00:12:41.942025+00:00
 [02871/3000] modify colapsado  /srv/fim-watch/gen_00126.txt ts=2026-09-18T00:12:42.042011+00:00
 [02872/3000] modify colapsado  /srv/fim-watch/gen_00126.txt ts=2026-09-18T00:12:42.141841+00:00
 [02873/3000] modify colapsado  /srv/fim-watch/gen_00126.txt ts=2026-09-18T00:12:42.242023+00:00
 [02874/3000] modify colapsado  /srv/fim-watch/gen_00126.txt ts=2026-09-18T00:12:42.341756+00:00
 [02875/3000] modify simple     /srv/fim-watch/gen_00481.txt ts=2026-09-18T00:12:42.441787+00:00
 [02876/3000] delete simple     /srv/fim-watch/gen_00545.txt ts=2026-09-18T00:12:42.541652+00:00
 [02877/3000] modify simple     /srv/fim-watch/gen_00479.txt ts=2026-09-18T00:12:42.641684+00:00
 [02878/3000] delete simple     /srv/fim-watch/gen_00277.txt ts=2026-09-18T00:12:42.741600+00:00
 [02879/3000] modify simple     /srv/fim-watch/gen_00503.txt ts=2026-09-18T00:12:42.841629+00:00
 [02880/3000] create efimero    /srv/fim-watch/gen_00572.txt ts=2026-09-18T00:12:42.941449+00:00
 [02881/3000] delete efimero    /srv/fim-watch/gen_00572.txt ts=2026-09-18T00:12:43.041685+00:00
 [02882/3000] modify revertido  /srv/fim-watch/critico/gen_00392.txt ts=2026-09-18T00:12:43.142016+00:00
 [02883/3000] modify revertido  /srv/fim-watch/critico/gen_00392.txt ts=2026-09-18T00:12:43.241785+00:00
 [02884/3000] modify simple     /srv/fim-watch/gen_00098.txt ts=2026-09-18T00:12:43.341783+00:00
 [02885/3000] modify simple     /srv/fim-watch/gen_00284.txt ts=2026-09-18T00:12:43.441792+00:00
 [02886/3000] create simple     /srv/fim-watch/gen_00573.txt ts=2026-09-18T00:12:43.541643+00:00
 [02887/3000] modify simple     /srv/fim-watch/critico/gen_00437.txt ts=2026-09-18T00:12:43.641721+00:00
 [02888/3000] modify simple     /srv/fim-watch/gen_00290.txt ts=2026-09-18T00:12:43.742023+00:00
 [02889/3000] create simple     /srv/fim-watch/critico/gen_00574.txt ts=2026-09-18T00:12:43.841718+00:00
 [02890/3000] modify simple     /srv/fim-watch/critico/gen_00556.txt ts=2026-09-18T00:12:43.941823+00:00
 [02891/3000] modify simple     /srv/fim-watch/gen_00195.txt ts=2026-09-18T00:12:44.042050+00:00
 [02892/3000] create simple     /srv/fim-watch/gen_00575.txt ts=2026-09-18T00:12:44.142127+00:00
 [02893/3000] delete simple     /srv/fim-watch/gen_00558.txt ts=2026-09-18T00:12:44.241567+00:00
 [02894/3000] modify simple     /srv/fim-watch/gen_00400.txt ts=2026-09-18T00:12:44.341687+00:00
 [02895/3000] create simple     /srv/fim-watch/gen_00576.txt ts=2026-09-18T00:12:44.441624+00:00
 [02896/3000] modify simple     /srv/fim-watch/gen_00467.txt ts=2026-09-18T00:12:44.541653+00:00
 [02897/3000] modify simple     /srv/fim-watch/gen_00495.txt ts=2026-09-18T00:12:44.641404+00:00
 [02898/3000] modify simple     /srv/fim-watch/critico/gen_00532.txt ts=2026-09-18T00:12:44.741524+00:00
 [02899/3000] modify revertido  /srv/fim-watch/gen_00098.txt ts=2026-09-18T00:12:44.841474+00:00
 [02900/3000] modify revertido  /srv/fim-watch/gen_00098.txt ts=2026-09-18T00:12:44.941396+00:00
 [02901/3000] modify simple     /srv/fim-watch/gen_00480.txt ts=2026-09-18T00:12:45.041563+00:00
 [02902/3000] modify simple     /srv/fim-watch/gen_00452.txt ts=2026-09-18T00:12:45.141490+00:00
 [02903/3000] modify simple     /srv/fim-watch/gen_00402.txt ts=2026-09-18T00:12:45.241349+00:00
 [02904/3000] modify simple     /srv/fim-watch/gen_00152.txt ts=2026-09-18T00:12:45.341662+00:00
 [02905/3000] modify simple     /srv/fim-watch/critico/gen_00530.txt ts=2026-09-18T00:12:45.441362+00:00
 [02906/3000] modify simple     /srv/fim-watch/critico/gen_00322.txt ts=2026-09-18T00:12:45.541394+00:00
 [02907/3000] create simple     /srv/fim-watch/gen_00577.txt ts=2026-09-18T00:12:45.641570+00:00
 [02908/3000] create simple     /srv/fim-watch/gen_00578.txt ts=2026-09-18T00:12:45.741689+00:00
 [02909/3000] create simple     /srv/fim-watch/critico/gen_00579.txt ts=2026-09-18T00:12:45.841718+00:00
 [02910/3000] modify colapsado  /srv/fim-watch/gen_00385.txt ts=2026-09-18T00:12:45.941788+00:00
 [02911/3000] modify colapsado  /srv/fim-watch/gen_00385.txt ts=2026-09-18T00:12:46.041601+00:00
 [02912/3000] modify colapsado  /srv/fim-watch/gen_00385.txt ts=2026-09-18T00:12:46.141793+00:00
 [02913/3000] modify colapsado  /srv/fim-watch/gen_00385.txt ts=2026-09-18T00:12:46.241764+00:00
 [02914/3000] modify colapsado  /srv/fim-watch/gen_00385.txt ts=2026-09-18T00:12:46.341838+00:00
 [02915/3000] modify simple     /srv/fim-watch/gen_00473.txt ts=2026-09-18T00:12:46.442511+00:00
 [02916/3000] create simple     /srv/fim-watch/gen_00580.txt ts=2026-09-18T00:12:46.541701+00:00
 [02917/3000] modify revertido  /srv/fim-watch/gen_00577.txt ts=2026-09-18T00:12:46.641605+00:00
 [02918/3000] modify revertido  /srv/fim-watch/gen_00577.txt ts=2026-09-18T00:12:46.741883+00:00
 [02919/3000] modify simple     /srv/fim-watch/gen_00570.txt ts=2026-09-18T00:12:46.841671+00:00
 [02920/3000] create simple     /srv/fim-watch/gen_00581.txt ts=2026-09-18T00:12:46.941607+00:00
 [02921/3000] modify colapsado  /srv/fim-watch/critico/gen_00392.txt ts=2026-09-18T00:12:47.041977+00:00
 [02922/3000] modify colapsado  /srv/fim-watch/critico/gen_00392.txt ts=2026-09-18T00:12:47.141812+00:00
 [02923/3000] modify colapsado  /srv/fim-watch/critico/gen_00392.txt ts=2026-09-18T00:12:47.241796+00:00
 [02924/3000] modify colapsado  /srv/fim-watch/critico/gen_00392.txt ts=2026-09-18T00:12:47.341791+00:00
 [02925/3000] modify colapsado  /srv/fim-watch/critico/gen_00392.txt ts=2026-09-18T00:12:47.441902+00:00
 [02926/3000] create simple     /srv/fim-watch/gen_00582.txt ts=2026-09-18T00:12:47.541744+00:00
 [02927/3000] modify simple     /srv/fim-watch/gen_00538.txt ts=2026-09-18T00:12:47.641892+00:00
 [02928/3000] modify simple     /srv/fim-watch/gen_00405.txt ts=2026-09-18T00:12:47.741691+00:00
 [02929/3000] create efimero    /srv/fim-watch/gen_00583.txt ts=2026-09-18T00:12:47.842005+00:00
 [02930/3000] delete efimero    /srv/fim-watch/gen_00583.txt ts=2026-09-18T00:12:47.941646+00:00
 [02931/3000] modify simple     /srv/fim-watch/gen_00436.txt ts=2026-09-18T00:12:48.041829+00:00
 [02932/3000] create simple     /srv/fim-watch/gen_00584.txt ts=2026-09-18T00:12:48.141849+00:00
 [02933/3000] modify simple     /srv/fim-watch/critico/gen_00437.txt ts=2026-09-18T00:12:48.241760+00:00
 [02934/3000] modify simple     /srv/fim-watch/critico/gen_00532.txt ts=2026-09-18T00:12:48.341837+00:00
 [02935/3000] create simple     /srv/fim-watch/gen_00585.txt ts=2026-09-18T00:12:48.441806+00:00
 [02936/3000] modify simple     /srv/fim-watch/gen_00570.txt ts=2026-09-18T00:12:48.541750+00:00
 [02937/3000] create simple     /srv/fim-watch/critico/gen_00586.txt ts=2026-09-18T00:12:48.641499+00:00
 [02938/3000] delete simple     /srv/fim-watch/gen_00259.txt ts=2026-09-18T00:12:48.741686+00:00
 [02939/3000] modify simple     /srv/fim-watch/gen_00421.txt ts=2026-09-18T00:12:48.841640+00:00
 [02940/3000] modify revertido  /srv/fim-watch/critico/gen_00153.txt ts=2026-09-18T00:12:48.941698+00:00
 [02941/3000] modify revertido  /srv/fim-watch/critico/gen_00153.txt ts=2026-09-18T00:12:49.041689+00:00
 [02942/3000] modify simple     /srv/fim-watch/gen_00489.txt ts=2026-09-18T00:12:49.141916+00:00
 [02943/3000] modify revertido  /srv/fim-watch/gen_00356.txt ts=2026-09-18T00:12:49.242126+00:00
 [02944/3000] modify revertido  /srv/fim-watch/gen_00356.txt ts=2026-09-18T00:12:49.341825+00:00
 [02945/3000] create simple     /srv/fim-watch/gen_00587.txt ts=2026-09-18T00:12:49.441960+00:00
 [02946/3000] modify revertido  /srv/fim-watch/gen_00493.txt ts=2026-09-18T00:12:49.541826+00:00
 [02947/3000] modify revertido  /srv/fim-watch/gen_00493.txt ts=2026-09-18T00:12:49.642105+00:00
 [02948/3000] modify simple     /srv/fim-watch/gen_00550.txt ts=2026-09-18T00:12:49.741844+00:00
 [02949/3000] modify simple     /srv/fim-watch/gen_00232.txt ts=2026-09-18T00:12:49.841967+00:00
 [02950/3000] create simple     /srv/fim-watch/gen_00588.txt ts=2026-09-18T00:12:49.941508+00:00
 [02951/3000] modify simple     /srv/fim-watch/gen_00326.txt ts=2026-09-18T00:12:50.042052+00:00
 [02952/3000] modify simple     /srv/fim-watch/gen_00386.txt ts=2026-09-18T00:12:50.141846+00:00
 [02953/3000] modify simple     /srv/fim-watch/gen_00492.txt ts=2026-09-18T00:12:50.241923+00:00
 [02954/3000] create simple     /srv/fim-watch/gen_00589.txt ts=2026-09-18T00:12:50.341745+00:00
 [02955/3000] delete simple     /srv/fim-watch/critico/gen_00342.txt ts=2026-09-18T00:12:50.441564+00:00
 [02956/3000] modify simple     /srv/fim-watch/gen_00519.txt ts=2026-09-18T00:12:50.541795+00:00
 [02957/3000] modify simple     /srv/fim-watch/gen_00125.txt ts=2026-09-18T00:12:50.641433+00:00
 [02958/3000] modify revertido  /srv/fim-watch/critico/gen_00304.txt ts=2026-09-18T00:12:50.741788+00:00
 [02959/3000] modify revertido  /srv/fim-watch/critico/gen_00304.txt ts=2026-09-18T00:12:50.841511+00:00
 [02960/3000] create simple     /srv/fim-watch/gen_00590.txt ts=2026-09-18T00:12:50.941314+00:00
 [02961/3000] modify simple     /srv/fim-watch/gen_00517.txt ts=2026-09-18T00:12:51.041447+00:00
 [02962/3000] modify simple     /srv/fim-watch/critico/gen_00565.txt ts=2026-09-18T00:12:51.141529+00:00
 [02963/3000] create simple     /srv/fim-watch/gen_00591.txt ts=2026-09-18T00:12:51.241716+00:00
 [02964/3000] delete simple     /srv/fim-watch/critico/gen_00345.txt ts=2026-09-18T00:12:51.341391+00:00
 [02965/3000] delete simple     /srv/fim-watch/gen_00521.txt ts=2026-09-18T00:12:51.442239+00:00
 [02966/3000] modify simple     /srv/fim-watch/gen_00546.txt ts=2026-09-18T00:12:51.541551+00:00
 [02967/3000] create simple     /srv/fim-watch/critico/gen_00592.txt ts=2026-09-18T00:12:51.641355+00:00
 [02968/3000] modify simple     /srv/fim-watch/gen_00193.txt ts=2026-09-18T00:12:51.741753+00:00
 [02969/3000] modify simple     /srv/fim-watch/gen_00470.txt ts=2026-09-18T00:12:51.841902+00:00
 [02970/3000] create efimero    /srv/fim-watch/critico/gen_00593.txt ts=2026-09-18T00:12:51.942157+00:00
 [02971/3000] delete efimero    /srv/fim-watch/critico/gen_00593.txt ts=2026-09-18T00:12:52.042072+00:00
 [02972/3000] modify simple     /srv/fim-watch/gen_00223.txt ts=2026-09-18T00:12:52.142370+00:00
 [02973/3000] modify revertido  /srv/fim-watch/gen_00405.txt ts=2026-09-18T00:12:52.241984+00:00
 [02974/3000] modify revertido  /srv/fim-watch/gen_00405.txt ts=2026-09-18T00:12:52.342027+00:00
 [02975/3000] modify simple     /srv/fim-watch/gen_00274.txt ts=2026-09-18T00:12:52.441947+00:00
 [02976/3000] create simple     /srv/fim-watch/gen_00594.txt ts=2026-09-18T00:12:52.542220+00:00
 [02977/3000] modify simple     /srv/fim-watch/gen_00469.txt ts=2026-09-18T00:12:52.642085+00:00
 [02978/3000] create simple     /srv/fim-watch/gen_00595.txt ts=2026-09-18T00:12:52.741623+00:00
 [02979/3000] modify revertido  /srv/fim-watch/gen_00358.txt ts=2026-09-18T00:12:52.841722+00:00
 [02980/3000] modify revertido  /srv/fim-watch/gen_00358.txt ts=2026-09-18T00:12:52.941745+00:00
 [02981/3000] modify simple     /srv/fim-watch/gen_00062.txt ts=2026-09-18T00:12:53.042046+00:00
 [02982/3000] modify revertido  /srv/fim-watch/critico/gen_00574.txt ts=2026-09-18T00:12:53.141736+00:00
 [02983/3000] modify revertido  /srv/fim-watch/critico/gen_00574.txt ts=2026-09-18T00:12:53.242195+00:00
 [02984/3000] modify simple     /srv/fim-watch/gen_00569.txt ts=2026-09-18T00:12:53.342141+00:00
 [02985/3000] modify simple     /srv/fim-watch/gen_00352.txt ts=2026-09-18T00:12:53.442029+00:00
 [02986/3000] create simple     /srv/fim-watch/critico/gen_00596.txt ts=2026-09-18T00:12:53.541776+00:00
 [02987/3000] create simple     /srv/fim-watch/gen_00597.txt ts=2026-09-18T00:12:53.641963+00:00
 [02988/3000] modify simple     /srv/fim-watch/gen_00448.txt ts=2026-09-18T00:12:53.742027+00:00
 [02989/3000] modify simple     /srv/fim-watch/critico/gen_00304.txt ts=2026-09-18T00:12:53.841878+00:00
 [02990/3000] modify simple     /srv/fim-watch/gen_00290.txt ts=2026-09-18T00:12:53.941757+00:00
 [02991/3000] modify simple     /srv/fim-watch/critico/gen_00398.txt ts=2026-09-18T00:12:54.042272+00:00
 [02992/3000] modify simple     /srv/fim-watch/critico/gen_00262.txt ts=2026-09-18T00:12:54.141531+00:00
 [02993/3000] create simple     /srv/fim-watch/gen_00598.txt ts=2026-09-18T00:12:54.241750+00:00
 [02994/3000] create efimero    /srv/fim-watch/critico/gen_00599.txt ts=2026-09-18T00:12:54.342191+00:00
 [02995/3000] delete efimero    /srv/fim-watch/critico/gen_00599.txt ts=2026-09-18T00:12:54.441941+00:00
 [02996/3000] delete simple     /srv/fim-watch/gen_00356.txt ts=2026-09-18T00:12:54.542004+00:00
 [02997/3000] modify simple     /srv/fim-watch/gen_00418.txt ts=2026-09-18T00:12:54.641901+00:00
 [02998/3000] delete simple     /srv/fim-watch/gen_00179.txt ts=2026-09-18T00:12:54.741567+00:00
 [02999/3000] modify simple     /srv/fim-watch/gen_00403.txt ts=2026-09-18T00:12:54.841808+00:00
 [03000/3000] create simple     /srv/fim-watch/gen_00600.txt ts=2026-09-18T00:12:54.941722+00:00
========================================================================
fin_utc = 2026-09-18T00:12:54.941970+00:00  duracion_s = 299.901
cambios_registrados = 3000  errores = 0
manifiesto = /srv/evidencia/bateria5_experimental_manifiesto.json
manifiesto incremental = /srv/evidencia/bateria5_experimental_manifiesto.jsonl
========================================================================
