event_id,path,event_type,status,severity,detected_at,received_at
70797aaf-8f41-4dbb-9d99-aaf993fca613,/srv/fim-watch/gen_00004.txt,file_modified,alert_only,high,2026-09-18 00:07:58.942147+00,2026-09-18 00:12:58.922391+00
a320e377-f555-490a-9d04-eba630be0377,/srv/fim-watch/gen_00004.txt,file_modified,alert_only,high,2026-09-18 00:07:59.042811+00,2026-09-18 00:12:58.936191+00
3ef7707c-12a6-41af-929d-8363e8f90bf4,/srv/fim-watch/gen_00004.txt,file_modified,alert_only,high,2026-09-18 00:07:59.142612+00,2026-09-18 00:12:58.958457+00
f53f7edb-36bd-49a7-a9dd-9ef4f5e944d7,/srv/fim-watch/gen_00004.txt,file_modified,alert_only,high,2026-09-18 00:07:59.242818+00,2026-09-18 00:12:58.974995+00
58dde566-1fc2-4f3a-be5a-5344a692566d,/srv/fim-watch/gen_00004.txt,file_modified,alert_only,high,2026-09-18 00:07:59.34261+00,2026-09-18 00:12:58.992566+00
6dfb32b9-4b8c-4c96-92ab-f956e6de9bb0,/srv/fim-watch/gen_00004.txt,file_modified,alert_only,high,2026-09-18 00:07:59.442559+00,2026-09-18 00:12:59.010461+00
6055385e-7c03-411b-9e97-485c4142b435,/srv/fim-watch/gen_00004.txt,file_modified,alert_only,high,2026-09-18 00:07:59.543024+00,2026-09-18 00:12:59.026454+00
0968e163-fd4f-46f7-ab87-7a86a02b1676,/srv/fim-watch/gen_00004.txt,file_modified,alert_only,high,2026-09-18 00:07:59.642607+00,2026-09-18 00:12:59.042483+00
5903b871-e7ba-413d-b962-cde02853b478,/srv/fim-watch/gen_00011.txt,file_modified,alert_only,high,2026-09-18 00:07:59.742789+00,2026-09-18 00:12:59.05731+00
3b328538-0a16-4614-a55c-3298fb4b93a5,/srv/fim-watch/gen_00012.txt,file_modified,alert_only,high,2026-09-18 00:07:59.84311+00,2026-09-18 00:12:59.073545+00
49f73d71-d096-421b-86ff-685f73ad25bb,/srv/fim-watch/gen_00007.txt,file_modified,alert_only,high,2026-09-18 00:07:59.94313+00,2026-09-18 00:12:59.089881+00
3b645b49-9d33-4b4f-b6b6-6427f28409b2,/srv/fim-watch/gen_00007.txt,file_modified,alert_only,high,2026-09-18 00:08:00.042699+00,2026-09-18 00:12:59.114999+00
0fe376aa-73ba-4886-87a9-e98a9baaec9f,/srv/fim-watch/gen_00007.txt,file_modified,alert_only,high,2026-09-18 00:08:00.142819+00,2026-09-18 00:12:59.12112+00
4193e6ac-1d58-44e1-87ff-1f17eff1bcdb,/srv/fim-watch/gen_00007.txt,file_modified,alert_only,high,2026-09-18 00:08:00.242376+00,2026-09-18 00:12:59.137546+00
2b70e276-eafe-48d5-8472-e62318d726c7,/srv/fim-watch/gen_00007.txt,file_modified,alert_only,high,2026-09-18 00:08:00.342463+00,2026-09-18 00:12:59.152086+00
a9d758e9-be47-44af-acc1-10b4ec668a53,/srv/fim-watch/gen_00010.txt,file_modified,alert_only,high,2026-09-18 00:08:00.442425+00,2026-09-18 00:12:59.167471+00
090a6ac9-6f8d-4927-8756-7c913e134085,/srv/fim-watch/gen_00007.txt,file_deleted,alert_only,high,2026-09-18 00:08:00.542791+00,2026-09-18 00:12:59.183768+00
a25bab41-5b24-4c01-8289-ab706d0fbfeb,/srv/fim-watch/gen_00012.txt,file_deleted,alert_only,high,2026-09-18 00:08:00.642684+00,2026-09-18 00:12:59.198893+00
02c8cf22-280c-4d0a-8a3c-94a4fb2f74b1,/srv/fim-watch/gen_00013.txt,file_created,alert_only,high,2026-09-18 00:08:00.743005+00,2026-09-18 00:12:59.213867+00
aba4dfbd-e74b-4a49-a910-6dc7ea221355,/srv/fim-watch/gen_00013.txt,file_modified,alert_only,high,2026-09-18 00:08:00.842764+00,2026-09-18 00:12:59.230259+00
8e4ee2c0-1d3d-40c6-a71d-97461368eb47,/srv/fim-watch/gen_00010.txt,file_modified,alert_only,high,2026-09-18 00:08:01.042694+00,2026-09-18 00:12:59.245612+00
50c3825d-72ad-43aa-a491-15fd0c9e6f0d,/srv/fim-watch/gen_00011.txt,file_modified,alert_only,high,2026-09-18 00:08:01.142904+00,2026-09-18 00:12:59.26039+00
9bb29f64-ceb0-4915-b2bc-5af982adb445,/srv/fim-watch/gen_00014.txt,file_modified,alert_only,high,2026-09-18 00:08:01.242753+00,2026-09-18 00:12:59.274697+00
14b6a0da-1789-4d2a-9f89-70b9e704f401,/srv/fim-watch/gen_00011.txt,file_modified,alert_only,high,2026-09-18 00:08:01.34272+00,2026-09-18 00:12:59.288911+00
d89a167a-b527-44f7-89eb-a0627c31490c,/srv/fim-watch/gen_00006.txt,file_modified,alert_only,high,2026-09-18 00:08:01.442551+00,2026-09-18 00:12:59.304355+00
79aa217c-87ad-4c6d-b9f3-9dcbe0d52fe7,/srv/fim-watch/gen_00008.txt,file_modified,alert_only,high,2026-09-18 00:08:01.542628+00,2026-09-18 00:12:59.319422+00
e2c20b74-77e4-49d3-a4cd-56c4d1a9044b,/srv/fim-watch/gen_00011.txt,file_modified,alert_only,high,2026-09-18 00:08:01.642094+00,2026-09-18 00:12:59.334355+00
973eb53e-9f92-495c-8607-dc7b85c6059f,/srv/fim-watch/gen_00011.txt,file_modified,alert_only,high,2026-09-18 00:08:01.742905+00,2026-09-18 00:12:59.349575+00
523abc3d-64eb-4dbe-b375-f57155c45e06,/srv/fim-watch/gen_00004.txt,file_modified,alert_only,high,2026-09-18 00:08:01.842772+00,2026-09-18 00:12:59.365318+00
ea93d151-4ba6-4bf9-b1c6-c1736bcc216d,/srv/fim-watch/gen_00004.txt,file_modified,alert_only,high,2026-09-18 00:08:01.94268+00,2026-09-18 00:12:59.380105+00
e245a37b-5560-4a19-ae76-4fb121f1dc84,/srv/fim-watch/gen_00010.txt,file_modified,alert_only,high,2026-09-18 00:08:02.042829+00,2026-09-18 00:12:59.394646+00
153037ab-7aa9-4f92-80af-d32cdacfa346,/srv/fim-watch/gen_00013.txt,file_modified,alert_only,high,2026-09-18 00:08:02.143136+00,2026-09-18 00:12:59.409482+00
16ded5e8-9355-4982-9213-ea9bb623c052,/srv/fim-watch/gen_00013.txt,file_modified,alert_only,high,2026-09-18 00:08:02.242907+00,2026-09-18 00:12:59.424615+00
6ee46cf3-6518-4556-b7c4-5485661cc3d6,/srv/fim-watch/gen_00015.txt,file_modified,alert_only,high,2026-09-18 00:08:02.342452+00,2026-09-18 00:12:59.439388+00
5c5fdea7-be64-43d9-9113-e1c58ebe18d7,/srv/fim-watch/gen_00016.txt,file_modified,alert_only,high,2026-09-18 00:08:02.442436+00,2026-09-18 00:12:59.454545+00
6477711a-69b0-4bfc-8e6a-31af345e54d8,/srv/fim-watch/gen_00014.txt,file_modified,alert_only,high,2026-09-18 00:08:02.54289+00,2026-09-18 00:12:59.469462+00
8355a947-4233-4ca6-a1d8-fb311efc04e9,/srv/fim-watch/gen_00014.txt,file_modified,alert_only,high,2026-09-18 00:08:02.642297+00,2026-09-18 00:12:59.484378+00
3ed7ef1b-400a-4056-8b68-788ffe4a6996,/srv/fim-watch/gen_00014.txt,file_modified,alert_only,high,2026-09-18 00:08:02.743092+00,2026-09-18 00:12:59.499343+00
34fb528b-19e8-49fa-bf3d-02f448348374,/srv/fim-watch/gen_00004.txt,file_modified,alert_only,high,2026-09-18 00:08:02.842498+00,2026-09-18 00:12:59.514189+00
f74ae223-1d02-4246-8a5e-a7efe5a0a8ed,/srv/fim-watch/gen_00004.txt,file_deleted,alert_only,high,2026-09-18 00:08:02.942965+00,2026-09-18 00:12:59.529244+00
5c1a5f5b-7a09-4169-9fa6-07bd9b3277ea,/srv/fim-watch/gen_00014.txt,file_deleted,alert_only,high,2026-09-18 00:08:03.042028+00,2026-09-18 00:12:59.544533+00
413cda1e-24b5-4143-ac13-510ace6ec723,/srv/fim-watch/gen_00016.txt,file_modified,alert_only,high,2026-09-18 00:08:03.143024+00,2026-09-18 00:12:59.559859+00
73a64cd3-604b-4c2c-bbbc-a74140e21273,/srv/fim-watch/gen_00015.txt,file_modified,alert_only,high,2026-09-18 00:08:03.242106+00,2026-09-18 00:12:59.575151+00
522b75e6-b93b-41f0-814c-f94f123af097,/srv/fim-watch/gen_00015.txt,file_modified,alert_only,high,2026-09-18 00:08:03.343093+00,2026-09-18 00:12:59.589341+00
40d6d15d-bd68-4156-b6f8-2225097d54f9,/srv/fim-watch/gen_00017.txt,file_modified,alert_only,high,2026-09-18 00:08:03.442689+00,2026-09-18 00:12:59.603487+00
b98ccd3f-570d-409b-888c-cbe337c2892c,/srv/fim-watch/gen_00017.txt,file_deleted,alert_only,high,2026-09-18 00:08:03.542795+00,2026-09-18 00:12:59.617534+00
3c1e7805-9c2c-4a47-a6db-30dcf5fa19f7,/srv/fim-watch/gen_00006.txt,file_modified,alert_only,high,2026-09-18 00:08:03.642887+00,2026-09-18 00:12:59.633011+00
29953380-d24a-48d4-96c2-88ab101202ae,/srv/fim-watch/gen_00006.txt,file_modified,alert_only,high,2026-09-18 00:08:03.743103+00,2026-09-18 00:12:59.648207+00
3f56e759-72c5-4340-8c40-071c845b5a7d,/srv/fim-watch/gen_00015.txt,file_modified,alert_only,high,2026-09-18 00:08:03.842548+00,2026-09-18 00:12:59.663122+00
6e794d7d-514b-4d78-89d3-39907e46e51d,/srv/fim-watch/gen_00016.txt,file_modified,alert_only,high,2026-09-18 00:08:03.942602+00,2026-09-18 00:12:59.678164+00
01efabde-23d1-4559-82de-3e76e43181e6,/srv/fim-watch/gen_00016.txt,file_modified,alert_only,high,2026-09-18 00:08:04.042521+00,2026-09-18 00:12:59.693216+00
ec8af4d3-a328-44a2-a798-795a03bea4de,/srv/fim-watch/gen_00018.txt,file_modified,alert_only,high,2026-09-18 00:08:04.14259+00,2026-09-18 00:12:59.708303+00
e003c5a4-97c9-4db7-b46d-a6d7865ae809,/srv/fim-watch/gen_00008.txt,file_modified,alert_only,high,2026-09-18 00:08:04.24279+00,2026-09-18 00:12:59.723383+00
2a2c169e-61de-46af-bb9b-fd35951660f9,/srv/fim-watch/gen_00008.txt,file_modified,alert_only,high,2026-09-18 00:08:04.342758+00,2026-09-18 00:12:59.738873+00
24f85c52-1d61-4664-9b98-291533409872,/srv/fim-watch/gen_00008.txt,file_modified,alert_only,high,2026-09-18 00:08:04.44321+00,2026-09-18 00:12:59.754558+00
302572b4-16bc-4ff7-ad97-5fdd6d22f763,/srv/fim-watch/gen_00008.txt,file_modified,alert_only,high,2026-09-18 00:08:04.542805+00,2026-09-18 00:12:59.771402+00
60cb03c0-6009-4f84-906f-5450325317eb,/srv/fim-watch/gen_00008.txt,file_modified,alert_only,high,2026-09-18 00:08:04.642585+00,2026-09-18 00:12:59.787791+00
95b84d71-103b-4f43-84b2-dcd835cddcbf,/srv/fim-watch/gen_00011.txt,file_modified,alert_only,high,2026-09-18 00:08:04.74327+00,2026-09-18 00:12:59.803019+00
d748d572-877f-411e-b47d-077580372318,/srv/fim-watch/gen_00013.txt,file_modified,alert_only,high,2026-09-18 00:08:04.842696+00,2026-09-18 00:12:59.818927+00
e0f59fe3-5d9a-43f6-9580-5661bdd90da8,/srv/fim-watch/gen_00013.txt,file_modified,alert_only,high,2026-09-18 00:08:04.942932+00,2026-09-18 00:12:59.835592+00
f008a828-b374-4166-8a1a-5c7a36ec17b6,/srv/fim-watch/gen_00013.txt,file_modified,alert_only,high,2026-09-18 00:08:05.042758+00,2026-09-18 00:12:59.853823+00
6dd1a147-a28b-49ff-a478-33f046ca3a1f,/srv/fim-watch/gen_00013.txt,file_modified,alert_only,high,2026-09-18 00:08:05.143241+00,2026-09-18 00:12:59.87798+00
18f912b4-1e4b-42e7-babf-5b2323a65f5d,/srv/fim-watch/gen_00013.txt,file_modified,alert_only,high,2026-09-18 00:08:05.242647+00,2026-09-18 00:12:59.883969+00
fe870727-99f3-48df-b789-50ff3018ba9a,/srv/fim-watch/gen_00013.txt,file_modified,alert_only,high,2026-09-18 00:08:05.34277+00,2026-09-18 00:12:59.899884+00
08c0bbb4-6b20-45c0-9a86-28ab823469fc,/srv/fim-watch/gen_00019.txt,file_modified,alert_only,high,2026-09-18 00:08:05.442208+00,2026-09-18 00:12:59.91578+00
99702364-466e-408f-b124-d75498996fc9,/srv/fim-watch/gen_00008.txt,file_deleted,alert_only,high,2026-09-18 00:08:05.542566+00,2026-09-18 00:12:59.930691+00
6f543db1-0b08-4265-89a0-b4a73aaaa9d6,/srv/fim-watch/gen_00020.txt,file_created,alert_only,high,2026-09-18 00:08:05.642715+00,2026-09-18 00:12:59.945938+00
89e3fe36-8617-4629-a7ea-cac9e9cd8c90,/srv/fim-watch/gen_00018.txt,file_modified,alert_only,high,2026-09-18 00:08:05.743154+00,2026-09-18 00:12:59.969467+00
f3d0c6a1-2c85-466e-ad8d-ab327d081a69,/srv/fim-watch/gen_00018.txt,file_modified,alert_only,high,2026-09-18 00:08:05.842752+00,2026-09-18 00:12:59.984849+00
afffe3c1-f293-4246-8608-d9fdf60b35af,/srv/fim-watch/gen_00020.txt,file_modified,alert_only,high,2026-09-18 00:08:05.942601+00,2026-09-18 00:12:59.999928+00
0068436b-b440-4111-9b71-38024d931fda,/srv/fim-watch/gen_00018.txt,file_modified,alert_only,high,2026-09-18 00:08:06.042739+00,2026-09-18 00:13:00.01457+00
669b3db6-4486-432f-ae3a-82954ecb2bcd,/srv/fim-watch/gen_00015.txt,file_modified,alert_only,high,2026-09-18 00:08:06.143245+00,2026-09-18 00:13:00.02872+00
159b2ff3-be4b-458e-b728-7ed2f07e35a6,/srv/fim-watch/gen_00010.txt,file_deleted,alert_only,high,2026-09-18 00:08:06.243242+00,2026-09-18 00:13:00.043639+00
de38b55a-1b63-4318-98dc-13816f60344c,/srv/fim-watch/gen_00013.txt,file_modified,alert_only,high,2026-09-18 00:08:06.342417+00,2026-09-18 00:13:00.057593+00
433f6f0c-e78a-4f6c-95b9-c47e41a5c311,/srv/fim-watch/gen_00013.txt,file_modified,alert_only,high,2026-09-18 00:08:06.443001+00,2026-09-18 00:13:00.07155+00
a0973f3d-5c86-4286-b836-34b450606569,/srv/fim-watch/gen_00021.txt,file_modified,alert_only,high,2026-09-18 00:08:06.542363+00,2026-09-18 00:13:00.084889+00
c8dfcc60-6d5f-4231-b7ba-80e9f88bb270,/srv/fim-watch/gen_00011.txt,file_modified,alert_only,high,2026-09-18 00:08:06.642756+00,2026-09-18 00:13:00.098728+00
2a63eb55-6054-41bb-8926-756daa5b7010,/srv/fim-watch/gen_00021.txt,file_modified,alert_only,high,2026-09-18 00:08:06.743135+00,2026-09-18 00:13:00.112053+00
3404dd3c-36d3-43ef-8ec9-025932bc19fc,/srv/fim-watch/gen_00021.txt,file_deleted,alert_only,high,2026-09-18 00:08:06.842766+00,2026-09-18 00:13:00.125512+00
f1441a40-defa-4309-8976-18f47213c6f8,/srv/fim-watch/gen_00022.txt,file_modified,alert_only,high,2026-09-18 00:08:06.943026+00,2026-09-18 00:13:00.138865+00
ac50e661-e4a0-46c8-9c4a-069f9098a3fb,/srv/fim-watch/critico/gen_00023.txt,file_modified,alert_only,critical,2026-09-18 00:08:07.042459+00,2026-09-18 00:13:00.152583+00
2278f372-7655-4340-acee-548573de85f8,/srv/fim-watch/gen_00022.txt,file_modified,alert_only,high,2026-09-18 00:08:07.143148+00,2026-09-18 00:13:00.165909+00
23b3e51b-1335-4f85-b533-620ed8b14e8e,/srv/fim-watch/gen_00022.txt,file_modified,alert_only,high,2026-09-18 00:08:07.242575+00,2026-09-18 00:13:00.179317+00
2d817340-a013-412e-8ed5-9ab4745faebc,/srv/fim-watch/gen_00022.txt,file_modified,alert_only,high,2026-09-18 00:08:07.342262+00,2026-09-18 00:13:00.193664+00
ce6e1be8-90c0-4160-aaa8-7603fd2ddd3a,/srv/fim-watch/gen_00022.txt,file_modified,alert_only,high,2026-09-18 00:08:07.442306+00,2026-09-18 00:13:00.207149+00
bbc1a4ba-d31b-4e84-b336-7c388b84825e,/srv/fim-watch/gen_00022.txt,file_modified,alert_only,high,2026-09-18 00:08:07.542464+00,2026-09-18 00:13:00.2204+00
e2df0943-4e5a-4069-8471-27b17b5cf099,/srv/fim-watch/gen_00011.txt,file_modified,alert_only,high,2026-09-18 00:08:07.642795+00,2026-09-18 00:13:00.23439+00
eb0060b1-0516-4c08-8697-f99025a1311a,/srv/fim-watch/gen_00020.txt,file_modified,alert_only,high,2026-09-18 00:08:07.742832+00,2026-09-18 00:13:00.250726+00
afd8dfd0-8b80-4370-a29a-44ed5d8227ec,/srv/fim-watch/gen_00015.txt,file_modified,alert_only,high,2026-09-18 00:08:07.842663+00,2026-09-18 00:13:00.264915+00
8314924d-5398-465b-914e-8d8411402fd7,/srv/fim-watch/gen_00020.txt,file_modified,alert_only,high,2026-09-18 00:08:07.942421+00,2026-09-18 00:13:00.278992+00
fa21fc12-a0cb-4370-854a-e35b8585234e,/srv/fim-watch/gen_00006.txt,file_modified,alert_only,high,2026-09-18 00:08:08.042511+00,2026-09-18 00:13:00.292856+00
13912a62-784c-4a4d-a69a-1af89d4287a2,/srv/fim-watch/critico/gen_00023.txt,file_modified,alert_only,critical,2026-09-18 00:08:08.143037+00,2026-09-18 00:13:00.307458+00
c8b30ada-a86f-439d-b235-4c84e90f4602,/srv/fim-watch/gen_00018.txt,file_modified,alert_only,high,2026-09-18 00:08:08.242177+00,2026-09-18 00:13:00.321455+00
09f22d18-7ebc-43fe-9f4d-62e82a238aac,/srv/fim-watch/gen_00011.txt,file_modified,alert_only,high,2026-09-18 00:08:08.34294+00,2026-09-18 00:13:00.334775+00
7cdbc684-80c7-4a1c-b4d4-e924da37c257,/srv/fim-watch/gen_00016.txt,file_modified,alert_only,high,2026-09-18 00:08:08.442979+00,2026-09-18 00:13:00.348644+00
5632f435-8f11-466b-800f-368f0b36c526,/srv/fim-watch/gen_00024.txt,file_created,alert_only,high,2026-09-18 00:08:08.542748+00,2026-09-18 00:13:00.363693+00
413de997-b3be-483d-a2e7-177e9158321a,/srv/fim-watch/gen_00011.txt,file_modified,alert_only,high,2026-09-18 00:08:08.642613+00,2026-09-18 00:13:00.37734+00
3e673aec-d013-4cea-8dab-632324a01d53,/srv/fim-watch/gen_00018.txt,file_modified,alert_only,high,2026-09-18 00:08:08.742576+00,2026-09-18 00:13:00.390604+00
7a68263c-d23b-4353-8a02-7b24b1f90574,/srv/fim-watch/critico/gen_00025.txt,file_modified,alert_only,critical,2026-09-18 00:08:08.842372+00,2026-09-18 00:13:00.403886+00
162d34de-9c09-44d9-9229-e3852bbbc37d,/srv/fim-watch/gen_00018.txt,file_modified,alert_only,high,2026-09-18 00:08:08.942442+00,2026-09-18 00:13:00.417841+00
1051468d-42fc-4de7-8b10-ec162af8e8ac,/srv/fim-watch/gen_00026.txt,file_modified,alert_only,high,2026-09-18 00:08:09.04243+00,2026-09-18 00:13:00.433816+00
6351a9a7-a678-4dca-9102-f334952001a7,/srv/fim-watch/gen_00015.txt,file_deleted,alert_only,high,2026-09-18 00:08:09.142017+00,2026-09-18 00:13:00.450116+00
56e033a7-d927-4156-bfe5-9e0db7a99b0c,/srv/fim-watch/gen_00020.txt,file_modified,alert_only,high,2026-09-18 00:08:09.242193+00,2026-09-18 00:13:00.464532+00
519dedce-0e3e-4fd7-9d0f-d2daae52b2fc,/srv/fim-watch/critico/gen_00023.txt,file_modified,alert_only,critical,2026-09-18 00:08:09.342486+00,2026-09-18 00:13:00.478425+00
46235286-2309-4bac-9713-4097b772e6cc,/srv/fim-watch/gen_00006.txt,file_modified,alert_only,high,2026-09-18 00:08:09.442665+00,2026-09-18 00:13:00.492302+00
e02806d3-46f7-443c-bdde-e6a6e59f5c81,/srv/fim-watch/gen_00026.txt,file_modified,alert_only,high,2026-09-18 00:08:09.542838+00,2026-09-18 00:13:00.508902+00
9e7b77dc-5b20-4bed-b236-1a3b4a3af737,/srv/fim-watch/gen_00018.txt,file_modified,alert_only,high,2026-09-18 00:08:09.643186+00,2026-09-18 00:13:00.522685+00
5bcbbcd2-8f1d-4a22-b1f4-3cc5c03de1ec,/srv/fim-watch/gen_00018.txt,file_deleted,alert_only,high,2026-09-18 00:08:09.742353+00,2026-09-18 00:13:00.535382+00
fb406a7f-01a0-4de8-b348-988c7e92de51,/srv/fim-watch/gen_00027.txt,file_modified,alert_only,high,2026-09-18 00:08:09.842617+00,2026-09-18 00:13:00.550813+00
bc431595-3cf8-4c1d-b970-5ba27025077a,/srv/fim-watch/gen_00026.txt,file_modified,alert_only,high,2026-09-18 00:08:09.942398+00,2026-09-18 00:13:00.564315+00
f4967223-2cd7-4f65-98b9-8d0f90c0b79b,/srv/fim-watch/critico/gen_00025.txt,file_modified,alert_only,critical,2026-09-18 00:08:10.042405+00,2026-09-18 00:13:00.576503+00
d020696a-3d88-4b14-9794-de9a775e8eea,/srv/fim-watch/gen_00020.txt,file_modified,alert_only,high,2026-09-18 00:08:10.142555+00,2026-09-18 00:13:00.598348+00
ff022a2a-59cb-460f-9f2b-0c1a1a4ce0ef,/srv/fim-watch/gen_00019.txt,file_modified,alert_only,high,2026-09-18 00:08:10.242989+00,2026-09-18 00:13:00.604206+00
9f893c85-0825-4ec5-adec-02c70583c752,/srv/fim-watch/gen_00019.txt,file_modified,alert_only,high,2026-09-18 00:08:10.342438+00,2026-09-18 00:13:00.61666+00
bcfec816-731e-48cb-a313-bd9050a5670d,/srv/fim-watch/gen_00019.txt,file_modified,alert_only,high,2026-09-18 00:08:10.442+00,2026-09-18 00:13:00.628978+00
084ead62-fca2-463c-a6e9-5959c40a92d5,/srv/fim-watch/gen_00019.txt,file_modified,alert_only,high,2026-09-18 00:08:10.542385+00,2026-09-18 00:13:00.641283+00
254c5097-66ee-4e3a-9c3c-007995474e5c,/srv/fim-watch/gen_00019.txt,file_modified,alert_only,high,2026-09-18 00:08:10.642283+00,2026-09-18 00:13:00.655255+00
58766635-ae85-43ff-a5bd-877e0fb02696,/srv/fim-watch/gen_00020.txt,file_modified,alert_only,high,2026-09-18 00:08:10.742675+00,2026-09-18 00:13:00.671003+00
5d1e8373-b40b-42ae-9730-ec984f4da0e2,/srv/fim-watch/gen_00026.txt,file_deleted,alert_only,high,2026-09-18 00:08:10.842296+00,2026-09-18 00:13:00.686117+00
46aa7539-1930-4625-8544-f10e2a1d941b,/srv/fim-watch/gen_00027.txt,file_modified,alert_only,high,2026-09-18 00:08:10.943586+00,2026-09-18 00:13:00.701644+00
7c3b31d1-a38e-4df2-85be-266e5ca330ff,/srv/fim-watch/gen_00020.txt,file_modified,alert_only,high,2026-09-18 00:08:11.042562+00,2026-09-18 00:13:00.71728+00
ffabed7b-4b97-4166-8015-c647c09aa219,/srv/fim-watch/gen_00028.txt,file_modified,alert_only,high,2026-09-18 00:08:11.142828+00,2026-09-18 00:13:00.732566+00
4ae74345-1300-4b5d-98a8-3456fb5c8eda,/srv/fim-watch/gen_00020.txt,file_modified,alert_only,high,2026-09-18 00:08:11.24321+00,2026-09-18 00:13:00.747005+00
28dc3227-76d7-42b5-9e47-9d940e24c3c0,/srv/fim-watch/gen_00024.txt,file_modified,alert_only,high,2026-09-18 00:08:11.34271+00,2026-09-18 00:13:00.761826+00
8ec55447-c0b7-46a1-8a6b-31640da67057,/srv/fim-watch/gen_00029.txt,file_modified,alert_only,high,2026-09-18 00:08:11.442743+00,2026-09-18 00:13:00.777741+00
47976247-c85a-4187-b2bb-971f414a2c85,/srv/fim-watch/gen_00028.txt,file_modified,alert_only,high,2026-09-18 00:08:11.542521+00,2026-09-18 00:13:00.791924+00
ea7ff9bf-fa83-49db-a8b9-21953e556caf,/srv/fim-watch/critico/gen_00025.txt,file_modified,alert_only,critical,2026-09-18 00:08:11.642632+00,2026-09-18 00:13:00.805948+00
e82e0159-608b-4d2a-b35b-76a3b0362c28,/srv/fim-watch/gen_00024.txt,file_modified,alert_only,high,2026-09-18 00:08:11.74268+00,2026-09-18 00:13:00.821509+00
fa06f3fc-2bfe-4eb4-bbe5-5e165c4a2a42,/srv/fim-watch/gen_00030.txt,file_modified,alert_only,high,2026-09-18 00:08:11.842446+00,2026-09-18 00:13:00.837628+00
14f01646-9f07-4c3b-b32f-9b54eff75220,/srv/fim-watch/gen_00022.txt,file_modified,alert_only,high,2026-09-18 00:08:11.942933+00,2026-09-18 00:13:00.854316+00
abdf4066-864e-421a-86c6-6ed811abb173,/srv/fim-watch/gen_00031.txt,file_modified,alert_only,high,2026-09-18 00:08:12.04256+00,2026-09-18 00:13:00.868288+00
2cee7904-ce1a-4898-b988-259a21e9d768,/srv/fim-watch/gen_00032.txt,file_modified,alert_only,high,2026-09-18 00:08:12.142512+00,2026-09-18 00:13:00.882494+00
f2c2736a-f30e-433a-a080-4c192f22fc36,/srv/fim-watch/gen_00032.txt,file_deleted,alert_only,high,2026-09-18 00:08:12.24243+00,2026-09-18 00:13:00.896161+00
9d671aa1-f446-43a5-96e3-a7106d8a88c7,/srv/fim-watch/gen_00027.txt,file_modified,alert_only,high,2026-09-18 00:08:12.343202+00,2026-09-18 00:13:00.909648+00
a9929639-2cc6-43e0-9e4b-c4e4df1396e0,/srv/fim-watch/gen_00024.txt,file_modified,alert_only,high,2026-09-18 00:08:12.442228+00,2026-09-18 00:13:00.923112+00
32e43285-fb68-4062-846a-da8356a0d2fc,/srv/fim-watch/gen_00006.txt,file_modified,alert_only,high,2026-09-18 00:08:12.543403+00,2026-09-18 00:13:00.936704+00
efd72253-fde1-49b6-b99c-44ceee390fa8,/srv/fim-watch/gen_00033.txt,file_modified,alert_only,high,2026-09-18 00:08:12.642399+00,2026-09-18 00:13:00.950385+00
075d9be9-3d27-4cf3-80af-d12e25d2b6aa,/srv/fim-watch/gen_00029.txt,file_modified,alert_only,high,2026-09-18 00:08:12.742517+00,2026-09-18 00:13:00.963713+00
7c610eca-2f54-42fa-a85d-6245a941e91a,/srv/fim-watch/gen_00006.txt,file_modified,alert_only,high,2026-09-18 00:08:12.842262+00,2026-09-18 00:13:00.977097+00
e6523fc1-a9d6-4ff3-bd9f-96f76e8fd039,/srv/fim-watch/gen_00027.txt,file_modified,alert_only,high,2026-09-18 00:08:12.944622+00,2026-09-18 00:13:00.990435+00
e12efa1b-bbd3-469b-bf7b-8258c6c08c94,/srv/fim-watch/gen_00027.txt,file_modified,alert_only,high,2026-09-18 00:08:13.042372+00,2026-09-18 00:13:01.003636+00
775e7a31-791a-4672-b265-c380c10db529,/srv/fim-watch/critico/gen_00025.txt,file_modified,alert_only,critical,2026-09-18 00:08:13.142487+00,2026-09-18 00:13:01.01699+00
06e2c2d2-fcda-466a-88b3-1d61d32871a3,/srv/fim-watch/critico/gen_00025.txt,file_modified,alert_only,critical,2026-09-18 00:08:13.242522+00,2026-09-18 00:13:01.03222+00
f2dce9e0-7e7c-4b81-ad32-f158481d97cb,/srv/fim-watch/critico/gen_00025.txt,file_modified,alert_only,critical,2026-09-18 00:08:13.342466+00,2026-09-18 00:13:01.045614+00
7e8613c2-283b-4e92-93b6-1fe246084d14,/srv/fim-watch/critico/gen_00025.txt,file_modified,alert_only,critical,2026-09-18 00:08:13.442469+00,2026-09-18 00:13:01.059472+00
e5846433-cdba-43c9-a530-8ecd7aa40ff4,/srv/fim-watch/critico/gen_00025.txt,file_modified,alert_only,critical,2026-09-18 00:08:13.542674+00,2026-09-18 00:13:01.073653+00
1ebcd36a-28bd-4cfb-8f3c-fe546d770f6d,/srv/fim-watch/gen_00034.txt,file_modified,alert_only,high,2026-09-18 00:08:13.64256+00,2026-09-18 00:13:01.087078+00
f9794d35-357d-4e25-b753-d4334660f206,/srv/fim-watch/gen_00034.txt,file_deleted,alert_only,high,2026-09-18 00:08:13.742598+00,2026-09-18 00:13:01.100497+00
6dbdc95c-92d2-47ec-a5ca-88930db6f934,/srv/fim-watch/gen_00035.txt,file_modified,alert_only,high,2026-09-18 00:08:13.842446+00,2026-09-18 00:13:01.113731+00
22c0b90f-793b-4dd1-8c24-721e58cf67cf,/srv/fim-watch/gen_00024.txt,file_modified,alert_only,high,2026-09-18 00:08:13.942349+00,2026-09-18 00:13:01.127212+00
83345fbd-f098-4ed4-b39f-1757b847427f,/srv/fim-watch/gen_00035.txt,file_modified,alert_only,high,2026-09-18 00:08:14.042462+00,2026-09-18 00:13:01.140668+00
ac50437f-9abe-44e6-afef-c30d1019b300,/srv/fim-watch/gen_00031.txt,file_modified,alert_only,high,2026-09-18 00:08:14.142124+00,2026-09-18 00:13:01.155354+00
a54e738f-f6fa-437c-a472-27bffc2a4f9b,/srv/fim-watch/gen_00033.txt,file_modified,alert_only,high,2026-09-18 00:08:14.242191+00,2026-09-18 00:13:01.168977+00
0d062577-8a1e-42c5-ad3d-d3ee6196afd5,/srv/fim-watch/gen_00033.txt,file_modified,alert_only,high,2026-09-18 00:08:14.342216+00,2026-09-18 00:13:01.182603+00
6e32e105-11d5-4451-bba7-c3a2b43a2e6c,/srv/fim-watch/gen_00029.txt,file_modified,alert_only,high,2026-09-18 00:08:14.442439+00,2026-09-18 00:13:01.195976+00
f067ecbc-4352-4afa-9289-072747802ae6,/srv/fim-watch/gen_00029.txt,file_modified,alert_only,high,2026-09-18 00:08:14.542002+00,2026-09-18 00:13:01.209391+00
a8578eb2-046f-4b7f-a84a-c53eebe84235,/srv/fim-watch/gen_00029.txt,file_modified,alert_only,high,2026-09-18 00:08:14.64242+00,2026-09-18 00:13:01.222642+00
c0817b4e-fa74-4fe2-90b5-7cfbfe88d27c,/srv/fim-watch/gen_00029.txt,file_modified,alert_only,high,2026-09-18 00:08:14.742209+00,2026-09-18 00:13:01.240559+00
29d1997d-7a7c-46a4-a266-1e383f216049,/srv/fim-watch/gen_00029.txt,file_modified,alert_only,high,2026-09-18 00:08:14.8425+00,2026-09-18 00:13:01.254606+00
eff0b484-d46e-4f90-82ba-c0642a5894c3,/srv/fim-watch/gen_00022.txt,file_modified,alert_only,high,2026-09-18 00:08:14.942406+00,2026-09-18 00:13:01.268926+00
4c55eab1-a86d-4bc4-be68-813f5306262b,/srv/fim-watch/gen_00013.txt,file_modified,alert_only,high,2026-09-18 00:08:15.04257+00,2026-09-18 00:13:01.283142+00
ce797d29-3a4f-4e88-b489-fb208aeb0abc,/srv/fim-watch/gen_00024.txt,file_modified,alert_only,high,2026-09-18 00:08:15.142646+00,2026-09-18 00:13:01.305407+00
16a4bbf3-48e6-422c-a935-dfa07e8fd371,/srv/fim-watch/gen_00006.txt,file_modified,alert_only,high,2026-09-18 00:08:15.242452+00,2026-09-18 00:13:01.310897+00
2ba56133-33e1-448a-b6e4-424bf3ce19e1,/srv/fim-watch/gen_00036.txt,file_modified,alert_only,high,2026-09-18 00:08:15.342431+00,2026-09-18 00:13:01.322416+00
07af797f-6e6f-4592-a117-2c80f6655086,/srv/fim-watch/gen_00030.txt,file_deleted,alert_only,high,2026-09-18 00:08:15.442439+00,2026-09-18 00:13:01.335045+00
f28e260a-cc2b-4b29-9758-602b64ab61d8,/srv/fim-watch/gen_00024.txt,file_modified,alert_only,high,2026-09-18 00:08:15.542051+00,2026-09-18 00:13:01.348573+00
9209290b-1af1-4182-9de3-8f290752ff98,/srv/fim-watch/gen_00011.txt,file_modified,alert_only,high,2026-09-18 00:08:15.642674+00,2026-09-18 00:13:01.363588+00
1865919f-8ec9-4e46-8ed4-a35a31644143,/srv/fim-watch/gen_00028.txt,file_modified,alert_only,high,2026-09-18 00:08:15.742557+00,2026-09-18 00:13:01.379044+00
507c5608-6e11-492f-8f38-58c2c64c9d14,/srv/fim-watch/gen_00028.txt,file_modified,alert_only,high,2026-09-18 00:08:15.842521+00,2026-09-18 00:13:01.393275+00
dbfdcf5b-f9ff-4171-920d-3830de8094d6,/srv/fim-watch/gen_00016.txt,file_modified,alert_only,high,2026-09-18 00:08:15.942513+00,2026-09-18 00:13:01.408379+00
89f24cbe-c919-42d7-8e1f-86359daffdde,/srv/fim-watch/gen_00016.txt,file_modified,alert_only,high,2026-09-18 00:08:16.042558+00,2026-09-18 00:13:01.42332+00
a12b4bea-e898-4d19-a7e9-b26816a79a1f,/srv/fim-watch/gen_00029.txt,file_modified,alert_only,high,2026-09-18 00:08:16.142691+00,2026-09-18 00:13:01.43917+00
efd730fa-6aa8-4bd9-a003-373ecc05ea41,/srv/fim-watch/critico/gen_00037.txt,file_modified,alert_only,critical,2026-09-18 00:08:16.242586+00,2026-09-18 00:13:01.455353+00
41ff3719-68a6-4984-8e0a-f2ae8985c0a3,/srv/fim-watch/gen_00024.txt,file_modified,alert_only,high,2026-09-18 00:08:16.343166+00,2026-09-18 00:13:01.47029+00
0f45618b-b50f-4690-94f8-6914ee674381,/srv/fim-watch/gen_00024.txt,file_modified,alert_only,high,2026-09-18 00:08:16.442462+00,2026-09-18 00:13:01.485236+00
6207b4d1-a462-4790-996b-db6fd17be85f,/srv/fim-watch/gen_00024.txt,file_modified,alert_only,high,2026-09-18 00:08:16.542542+00,2026-09-18 00:13:01.500808+00
bdef2393-653f-4505-a969-6be3b157a143,/srv/fim-watch/gen_00024.txt,file_modified,alert_only,high,2026-09-18 00:08:16.642638+00,2026-09-18 00:13:01.516135+00
66d0d9ec-8ab6-449f-8e7d-cfbbff7f097f,/srv/fim-watch/gen_00024.txt,file_modified,alert_only,high,2026-09-18 00:08:16.742551+00,2026-09-18 00:13:01.531685+00
375addf4-359b-497b-b658-d42527ad906e,/srv/fim-watch/gen_00038.txt,file_modified,alert_only,high,2026-09-18 00:08:16.842443+00,2026-09-18 00:13:01.54706+00
05aadba7-3c0a-4ab8-aeac-c4efb20d93e4,/srv/fim-watch/gen_00031.txt,file_modified,alert_only,high,2026-09-18 00:08:16.942496+00,2026-09-18 00:13:01.563446+00
2d11a1de-617d-4651-b1ef-29b06d6a0bbf,/srv/fim-watch/gen_00039.txt,file_modified,alert_only,high,2026-09-18 00:08:17.042985+00,2026-09-18 00:13:01.577604+00
c9b0217c-70c0-4c38-ab07-789cec42cb27,/srv/fim-watch/gen_00040.txt,file_modified,alert_only,high,2026-09-18 00:08:17.142888+00,2026-09-18 00:13:01.592058+00
8bc290bb-0855-4e4c-8d1b-d8b0a836a012,/srv/fim-watch/gen_00041.txt,file_modified,alert_only,high,2026-09-18 00:08:17.242469+00,2026-09-18 00:13:01.603286+00
4c339f11-99a7-4788-b303-85657dbdfa0a,/srv/fim-watch/gen_00041.txt,file_deleted,alert_only,high,2026-09-18 00:08:17.341955+00,2026-09-18 00:13:01.614973+00
26d04fef-aff3-43e7-9e17-e7537b0873dc,/srv/fim-watch/gen_00036.txt,file_modified,alert_only,high,2026-09-18 00:08:17.442181+00,2026-09-18 00:13:01.630381+00
f980cfb6-14ed-4bbc-bab8-3740dcd94b60,/srv/fim-watch/gen_00042.txt,file_modified,alert_only,high,2026-09-18 00:08:17.542381+00,2026-09-18 00:13:01.645421+00
49c01584-b523-453f-b3a0-245a2ef2baa6,/srv/fim-watch/gen_00043.txt,file_modified,alert_only,high,2026-09-18 00:08:17.642402+00,2026-09-18 00:13:01.660376+00
b6cd5870-6ae0-4251-a6ee-7a429a3f7d3d,/srv/fim-watch/critico/gen_00037.txt,file_modified,alert_only,critical,2026-09-18 00:08:17.742562+00,2026-09-18 00:13:01.675948+00
cde1adda-f2b5-467f-92a9-e3e9b73307d6,/srv/fim-watch/gen_00031.txt,file_modified,alert_only,high,2026-09-18 00:08:17.842057+00,2026-09-18 00:13:01.691314+00
49548199-8238-4df8-bd9d-e9f768f08fb2,/srv/fim-watch/gen_00031.txt,file_modified,alert_only,high,2026-09-18 00:08:17.942308+00,2026-09-18 00:13:01.707256+00
b37433e4-f92f-4f6c-8a57-b81cd3a95c21,/srv/fim-watch/gen_00031.txt,file_modified,alert_only,high,2026-09-18 00:08:18.042149+00,2026-09-18 00:13:01.722721+00
7a0de354-5dcb-40c9-bb77-45a3442ccd62,/srv/fim-watch/gen_00031.txt,file_modified,alert_only,high,2026-09-18 00:08:18.142823+00,2026-09-18 00:13:01.738281+00
1aacc7e2-99d8-4db9-9bfa-e08a2511d679,/srv/fim-watch/gen_00031.txt,file_modified,alert_only,high,2026-09-18 00:08:18.242532+00,2026-09-18 00:13:01.751205+00
7cc7c182-8976-4c9b-b2bb-53bbe0041316,/srv/fim-watch/gen_00028.txt,file_modified,alert_only,high,2026-09-18 00:08:18.34209+00,2026-09-18 00:13:01.76517+00
352874d4-dbe1-4cc6-aa77-ab212c9df44e,/srv/fim-watch/gen_00029.txt,file_modified,alert_only,high,2026-09-18 00:08:18.442241+00,2026-09-18 00:13:01.777652+00
a1faa577-f534-40b7-8ca4-d657802d035a,/srv/fim-watch/gen_00042.txt,file_modified,alert_only,high,2026-09-18 00:08:18.542026+00,2026-09-18 00:13:01.788794+00
cc93585b-03b2-47f0-a405-1a0962b3ae33,/srv/fim-watch/gen_00027.txt,file_modified,alert_only,high,2026-09-18 00:08:18.64265+00,2026-09-18 00:13:01.800559+00
4b242ec9-30d8-4f3e-8d38-1ba07e1954a6,/srv/fim-watch/gen_00038.txt,file_deleted,alert_only,high,2026-09-18 00:08:18.742326+00,2026-09-18 00:13:01.814203+00
816ff789-e7d3-4a95-92ea-969a163bbd10,/srv/fim-watch/critico/gen_00023.txt,file_modified,alert_only,critical,2026-09-18 00:08:18.842478+00,2026-09-18 00:13:01.829912+00
167e0f56-3025-409f-9faa-a5a06ae37201,/srv/fim-watch/gen_00011.txt,file_modified,alert_only,high,2026-09-18 00:08:18.942597+00,2026-09-18 00:13:01.846713+00
4587f6d4-6657-4f04-b018-eabfe77f218a,/srv/fim-watch/gen_00011.txt,file_modified,alert_only,high,2026-09-18 00:08:19.042642+00,2026-09-18 00:13:01.860255+00
cda9dd11-a583-4a64-9d08-61cc86d3eee9,/srv/fim-watch/gen_00011.txt,file_modified,alert_only,high,2026-09-18 00:08:19.142451+00,2026-09-18 00:13:01.874908+00
51d7a4b5-8fe9-4004-b12a-6c0a1f75e5a3,/srv/fim-watch/gen_00011.txt,file_modified,alert_only,high,2026-09-18 00:08:19.242008+00,2026-09-18 00:13:01.88918+00
01509386-0869-447b-a464-48af4794395a,/srv/fim-watch/gen_00011.txt,file_modified,alert_only,high,2026-09-18 00:08:19.342033+00,2026-09-18 00:13:01.900711+00
d47f5310-6249-464c-94da-b00acfdc2abc,/srv/fim-watch/gen_00022.txt,file_modified,alert_only,high,2026-09-18 00:08:19.442504+00,2026-09-18 00:13:01.914629+00
876ea906-e195-4333-9763-e73e8342a5b3,/srv/fim-watch/gen_00022.txt,file_modified,alert_only,high,2026-09-18 00:08:19.542475+00,2026-09-18 00:13:01.928799+00
7603e13d-0f02-4d57-ae38-9770906d2454,/srv/fim-watch/critico/gen_00023.txt,file_modified,alert_only,critical,2026-09-18 00:08:19.642537+00,2026-09-18 00:13:01.944237+00
ca4502a1-48a2-4d91-aa26-2e9eb400f8c2,/srv/fim-watch/gen_00027.txt,file_deleted,alert_only,high,2026-09-18 00:08:19.742508+00,2026-09-18 00:13:01.959766+00
14798d7b-ad44-488b-b7f8-d221c71afe9b,/srv/fim-watch/gen_00031.txt,file_modified,alert_only,high,2026-09-18 00:08:19.842646+00,2026-09-18 00:13:01.975025+00
02fe177e-b230-44ba-ace3-82b60ed0b789,/srv/fim-watch/gen_00029.txt,file_modified,alert_only,high,2026-09-18 00:08:19.942574+00,2026-09-18 00:13:01.990094+00
8466a190-b77a-4a5c-8504-25566738b6ac,/srv/fim-watch/gen_00011.txt,file_modified,alert_only,high,2026-09-18 00:08:20.042427+00,2026-09-18 00:13:02.004891+00
e5e899c1-9e2d-4627-9174-7194719e4698,/srv/fim-watch/gen_00044.txt,file_modified,alert_only,high,2026-09-18 00:08:20.142455+00,2026-09-18 00:13:02.029487+00
c49c3e5b-bb2d-4c96-aa5c-9523972bec2e,/srv/fim-watch/critico/gen_00037.txt,file_modified,alert_only,critical,2026-09-18 00:08:20.243218+00,2026-09-18 00:13:02.035615+00
6afab52a-1c55-464e-bf6f-15d2c2e68621,/srv/fim-watch/gen_00016.txt,file_modified,alert_only,high,2026-09-18 00:08:20.342761+00,2026-09-18 00:13:02.050727+00
962323ec-7dab-46f1-8e22-5eb74bc051f2,/srv/fim-watch/gen_00042.txt,file_modified,alert_only,high,2026-09-18 00:08:20.442676+00,2026-09-18 00:13:02.064791+00
ced3bd26-f019-474c-ac32-839bc892e939,/srv/fim-watch/critico/gen_00023.txt,file_modified,alert_only,critical,2026-09-18 00:08:20.542704+00,2026-09-18 00:13:02.080007+00
96cb936d-2cc2-4de2-a326-aa9ece8b819c,/srv/fim-watch/gen_00011.txt,file_modified,alert_only,high,2026-09-18 00:08:20.642348+00,2026-09-18 00:13:02.095546+00
1c68d862-b6c2-4e4b-834e-f768ca036087,/srv/fim-watch/gen_00013.txt,file_modified,alert_only,high,2026-09-18 00:08:20.742561+00,2026-09-18 00:13:02.110463+00
a16f5700-eda6-452e-a37b-89709f4339aa,/srv/fim-watch/gen_00013.txt,file_modified,alert_only,high,2026-09-18 00:08:20.842528+00,2026-09-18 00:13:02.126251+00
64222e03-a597-4b27-9fac-527409026231,/srv/fim-watch/gen_00036.txt,file_modified,alert_only,high,2026-09-18 00:08:20.942529+00,2026-09-18 00:13:02.141646+00
bc600e12-3d58-4250-954f-b9ea7bb40176,/srv/fim-watch/gen_00036.txt,file_modified,alert_only,high,2026-09-18 00:08:21.042358+00,2026-09-18 00:13:02.157099+00
4a069b69-fa05-4f58-afe1-96d2b95af298,/srv/fim-watch/gen_00024.txt,file_deleted,alert_only,high,2026-09-18 00:08:21.142382+00,2026-09-18 00:13:02.172399+00
2f8ecdd3-872f-43ce-8471-5c751cf35ede,/srv/fim-watch/gen_00045.txt,file_modified,alert_only,high,2026-09-18 00:08:21.242489+00,2026-09-18 00:13:02.188295+00
f23cb7d3-69fb-4b53-8a11-f2a7b859e876,/srv/fim-watch/gen_00046.txt,file_modified,alert_only,high,2026-09-18 00:08:21.342433+00,2026-09-18 00:13:02.204649+00
ae002941-0b49-4b23-9400-9bbe841a8334,/srv/fim-watch/gen_00022.txt,file_modified,alert_only,high,2026-09-18 00:08:21.442393+00,2026-09-18 00:13:02.219616+00
0bf5f62a-0524-445b-85b4-fe942b514a88,/srv/fim-watch/gen_00013.txt,file_modified,alert_only,high,2026-09-18 00:08:21.542521+00,2026-09-18 00:13:02.235478+00
14a1fc2c-b2b3-435b-959c-1cbe0ffd9fb8,/srv/fim-watch/gen_00035.txt,file_deleted,alert_only,high,2026-09-18 00:08:21.641971+00,2026-09-18 00:13:02.249535+00
8b94feb5-e0fa-457a-892e-58b0ef81f0b3,/srv/fim-watch/gen_00033.txt,file_modified,alert_only,high,2026-09-18 00:08:21.742138+00,2026-09-18 00:13:02.263981+00
cb8bad6c-334c-4992-8052-a92865fcc516,/srv/fim-watch/gen_00036.txt,file_modified,alert_only,high,2026-09-18 00:08:21.842597+00,2026-09-18 00:13:02.279416+00
fee0414a-0942-4070-9714-f2b057508669,/srv/fim-watch/critico/gen_00047.txt,file_modified,alert_only,critical,2026-09-18 00:08:21.942294+00,2026-09-18 00:13:02.294462+00
7a774d5b-3e07-43e4-b9a5-832a8b7bf88a,/srv/fim-watch/critico/gen_00047.txt,file_modified,alert_only,critical,2026-09-18 00:08:22.04245+00,2026-09-18 00:13:02.308653+00
e08e7fc8-95db-43e6-aebc-f350cfe080cd,/srv/fim-watch/gen_00039.txt,file_modified,alert_only,high,2026-09-18 00:08:22.142608+00,2026-09-18 00:13:02.324051+00
91997357-4d02-4c44-94d3-043f00b4401e,/srv/fim-watch/gen_00043.txt,file_modified,alert_only,high,2026-09-18 00:08:22.242536+00,2026-09-18 00:13:02.339174+00
541d8de3-32ad-4a94-9680-7d90e02a8830,/srv/fim-watch/gen_00029.txt,file_modified,alert_only,high,2026-09-18 00:08:22.342459+00,2026-09-18 00:13:02.35564+00
434c610e-7e7d-4df1-9539-fb7dcc8508c3,/srv/fim-watch/gen_00048.txt,file_modified,alert_only,high,2026-09-18 00:08:22.442157+00,2026-09-18 00:13:02.370816+00
a85d843b-9cbb-48ee-b32b-b1c06cb48407,/srv/fim-watch/gen_00043.txt,file_modified,alert_only,high,2026-09-18 00:08:22.542454+00,2026-09-18 00:13:02.384752+00
a17512d5-5af7-4972-9a1a-b66adf8105ae,/srv/fim-watch/gen_00006.txt,file_modified,alert_only,high,2026-09-18 00:08:22.641985+00,2026-09-18 00:13:02.39911+00
3beed57c-2d23-44d2-bd5a-6716d3e09cda,/srv/fim-watch/gen_00046.txt,file_modified,alert_only,high,2026-09-18 00:08:22.742075+00,2026-09-18 00:13:02.413406+00
61c24db9-05bd-44cb-8cd8-e115ed3b6526,/srv/fim-watch/gen_00031.txt,file_modified,alert_only,high,2026-09-18 00:08:22.842108+00,2026-09-18 00:13:02.427839+00
810e47db-f8c4-4a64-8229-05a29be56e07,/srv/fim-watch/gen_00049.txt,file_modified,alert_only,high,2026-09-18 00:08:22.942328+00,2026-09-18 00:13:02.442399+00
b62cfa09-e1c9-4111-b39c-a1457b551141,/srv/fim-watch/gen_00036.txt,file_modified,alert_only,high,2026-09-18 00:08:23.042242+00,2026-09-18 00:13:02.457587+00
5f0b9ad9-5db1-4f89-b004-2b4348af0558,/srv/fim-watch/critico/gen_00051.txt,file_modified,alert_only,critical,2026-09-18 00:08:23.242441+00,2026-09-18 00:13:02.473188+00
2992b07d-4e99-433e-9245-a1f6af36c674,/srv/fim-watch/gen_00044.txt,file_modified,alert_only,high,2026-09-18 00:08:23.342591+00,2026-09-18 00:13:02.488173+00
f463fc1e-4b9b-4f7a-9398-e128cc52d21f,/srv/fim-watch/gen_00044.txt,file_modified,alert_only,high,2026-09-18 00:08:23.442478+00,2026-09-18 00:13:02.502806+00
50283329-be0f-4e0a-b61a-ee2921796afd,/srv/fim-watch/gen_00020.txt,file_modified,alert_only,high,2026-09-18 00:08:23.542813+00,2026-09-18 00:13:02.516831+00
44f651e4-2d31-4f9a-a4d9-3f67d1ed00e9,/srv/fim-watch/gen_00045.txt,file_modified,alert_only,high,2026-09-18 00:08:23.642342+00,2026-09-18 00:13:02.531158+00
453cb69d-cacc-4b57-80ed-43e1469eff67,/srv/fim-watch/gen_00042.txt,file_modified,alert_only,high,2026-09-18 00:08:23.743294+00,2026-09-18 00:13:02.545277+00
db3a44d3-23f2-4fa7-b9dd-1315e575192e,/srv/fim-watch/gen_00042.txt,file_modified,alert_only,high,2026-09-18 00:08:23.842127+00,2026-09-18 00:13:02.55941+00
4939c164-a465-4d8a-8629-48cbf73b63e2,/srv/fim-watch/critico/gen_00025.txt,file_modified,alert_only,critical,2026-09-18 00:08:23.942245+00,2026-09-18 00:13:02.573486+00
1c060156-b15c-4adf-b72d-1367be08e3dd,/srv/fim-watch/gen_00043.txt,file_modified,alert_only,high,2026-09-18 00:08:24.042913+00,2026-09-18 00:13:02.587509+00
09bf3252-8f70-4afb-8fa9-56968fe8bdd3,/srv/fim-watch/gen_00011.txt,file_modified,alert_only,high,2026-09-18 00:08:24.142603+00,2026-09-18 00:13:02.600134+00
4dc1ce86-0f8a-4f8a-b472-de3cf1e6359b,/srv/fim-watch/gen_00052.txt,file_modified,alert_only,high,2026-09-18 00:08:24.242288+00,2026-09-18 00:13:02.613483+00
1f620f09-7762-4414-8dcd-f89bc7b63fdb,/srv/fim-watch/critico/gen_00053.txt,file_modified,alert_only,critical,2026-09-18 00:08:24.342401+00,2026-09-18 00:13:02.62893+00
2dbc5603-bd0b-41da-8b56-4bb3efc906e3,/srv/fim-watch/critico/gen_00047.txt,file_modified,alert_only,critical,2026-09-18 00:08:24.441959+00,2026-09-18 00:13:02.641853+00
e46a332d-b07f-4539-8102-c85711560f2a,/srv/fim-watch/gen_00022.txt,file_modified,alert_only,high,2026-09-18 00:08:24.542455+00,2026-09-18 00:13:02.653955+00
ac73d578-f088-4476-b365-8fb7a35151e9,/srv/fim-watch/gen_00054.txt,file_modified,alert_only,high,2026-09-18 00:08:24.642371+00,2026-09-18 00:13:02.66639+00
6a6b4248-147c-495e-a48f-34cf4a7290fe,/srv/fim-watch/gen_00055.txt,file_modified,alert_only,high,2026-09-18 00:08:24.742158+00,2026-09-18 00:13:02.681227+00
e1f22000-bcd7-44af-a0fd-7ac0c413e426,/srv/fim-watch/gen_00042.txt,file_modified,alert_only,high,2026-09-18 00:08:24.842429+00,2026-09-18 00:13:02.695487+00
743974ff-edcc-443f-ad2b-5998324cfba1,/srv/fim-watch/critico/gen_00051.txt,file_modified,alert_only,critical,2026-09-18 00:08:24.942665+00,2026-09-18 00:13:02.709706+00
2f71d173-36f9-485a-b382-7b639f1b2cbf,/srv/fim-watch/critico/gen_00051.txt,file_modified,alert_only,critical,2026-09-18 00:08:25.042239+00,2026-09-18 00:13:02.724308+00
1730de6f-3c82-465f-84ab-4bd10d220e7f,/srv/fim-watch/critico/gen_00051.txt,file_modified,alert_only,critical,2026-09-18 00:08:25.142616+00,2026-09-18 00:13:02.739097+00
3bcf336c-24b9-4b1d-ae2c-56fa2bec2e5a,/srv/fim-watch/critico/gen_00051.txt,file_modified,alert_only,critical,2026-09-18 00:08:25.242454+00,2026-09-18 00:13:02.765342+00
2bb19593-1127-4457-8f01-3ab2b99c6a82,/srv/fim-watch/critico/gen_00051.txt,file_modified,alert_only,critical,2026-09-18 00:08:25.342502+00,2026-09-18 00:13:02.772351+00
f8c4df44-7f7c-4bb6-a7e8-325a0efbf7cd,/srv/fim-watch/gen_00056.txt,file_modified,alert_only,high,2026-09-18 00:08:25.442367+00,2026-09-18 00:13:02.787707+00
316e4eaa-4a78-4515-bb4a-22d212c1ea73,/srv/fim-watch/gen_00057.txt,file_modified,alert_only,high,2026-09-18 00:08:25.542403+00,2026-09-18 00:13:02.802839+00
6b6195d6-5dd3-4a72-97ab-b4bca03c7aa3,/srv/fim-watch/gen_00058.txt,file_modified,alert_only,high,2026-09-18 00:08:25.64194+00,2026-09-18 00:13:02.818504+00
0e09aaf9-86b4-4641-a347-758f80af0820,/srv/fim-watch/critico/gen_00047.txt,file_modified,alert_only,critical,2026-09-18 00:08:25.742447+00,2026-09-18 00:13:02.835774+00
7460d368-f4ca-4c7e-8fc8-8fd8134b3d2d,/srv/fim-watch/critico/gen_00047.txt,file_modified,alert_only,critical,2026-09-18 00:08:25.842564+00,2026-09-18 00:13:02.853308+00
67539eab-9ba0-495f-be80-efc6d3b58c60,/srv/fim-watch/gen_00054.txt,file_modified,alert_only,high,2026-09-18 00:08:25.942529+00,2026-09-18 00:13:02.868085+00
c13796ab-cb98-4615-94d3-9987d3f1fe70,/srv/fim-watch/gen_00054.txt,file_modified,alert_only,high,2026-09-18 00:08:26.04266+00,2026-09-18 00:13:02.884795+00
da52d2bb-d2a9-482f-a80f-c12a078e31c0,/srv/fim-watch/gen_00054.txt,file_modified,alert_only,high,2026-09-18 00:08:26.142978+00,2026-09-18 00:13:02.902405+00
04cbe0db-4b25-4a6c-8158-6c49e456940b,/srv/fim-watch/critico/gen_00053.txt,file_modified,alert_only,critical,2026-09-18 00:08:26.242845+00,2026-09-18 00:13:02.920282+00
c61a4770-00cd-4b3d-8122-ea2673fc0b37,/srv/fim-watch/critico/gen_00053.txt,file_modified,alert_only,critical,2026-09-18 00:08:26.342585+00,2026-09-18 00:13:02.940144+00
0a7d07d3-5c39-42be-a59c-81fb662bb3cb,/srv/fim-watch/critico/gen_00053.txt,file_modified,alert_only,critical,2026-09-18 00:08:26.442798+00,2026-09-18 00:13:02.958393+00
03d5cc86-6238-48f8-a145-3a04b298e6c9,/srv/fim-watch/critico/gen_00053.txt,file_modified,alert_only,critical,2026-09-18 00:08:26.542715+00,2026-09-18 00:13:02.973217+00
ed4e60f0-8305-48de-a699-d787b8570fc9,/srv/fim-watch/critico/gen_00053.txt,file_modified,alert_only,critical,2026-09-18 00:08:26.642474+00,2026-09-18 00:13:02.98752+00
f74a5af4-ed73-41d0-acae-802b1aae252a,/srv/fim-watch/critico/gen_00025.txt,file_modified,alert_only,critical,2026-09-18 00:08:26.742614+00,2026-09-18 00:13:03.007086+00
10d29ff2-1fb0-4ab5-9dac-19d4fd8bbfc1,/srv/fim-watch/gen_00011.txt,file_modified,alert_only,high,2026-09-18 00:08:26.842675+00,2026-09-18 00:13:03.026326+00
32667879-78de-475b-a7a5-57d32b05551d,/srv/fim-watch/gen_00011.txt,file_modified,alert_only,high,2026-09-18 00:08:26.943196+00,2026-09-18 00:13:03.048584+00
2e873bd3-ffe4-4e1f-bd08-584ffed5c0f4,/srv/fim-watch/gen_00044.txt,file_modified,alert_only,high,2026-09-18 00:08:27.042815+00,2026-09-18 00:13:03.061333+00
13a2d441-03ce-4e58-ae92-27cf8a98d2b8,/srv/fim-watch/gen_00054.txt,file_modified,alert_only,high,2026-09-18 00:08:27.14251+00,2026-09-18 00:13:03.075304+00
1e950217-3896-4363-97ca-1d8aa1ca14bc,/srv/fim-watch/gen_00036.txt,file_modified,alert_only,high,2026-09-18 00:08:27.242549+00,2026-09-18 00:13:03.088425+00
fe9e1fc4-8cef-401b-a133-ab4eda5ffba9,/srv/fim-watch/gen_00052.txt,file_deleted,alert_only,high,2026-09-18 00:08:27.342627+00,2026-09-18 00:13:03.101976+00
68451b39-d28a-4c5b-918b-eeed92a844bf,/srv/fim-watch/gen_00022.txt,file_modified,alert_only,high,2026-09-18 00:08:27.442627+00,2026-09-18 00:13:03.114396+00
7c1752fe-67ed-4109-bcb6-510dcd71d1ab,/srv/fim-watch/gen_00044.txt,file_modified,alert_only,high,2026-09-18 00:08:27.542276+00,2026-09-18 00:13:03.127978+00
4ce3d107-7307-4c9a-8a84-4aa6beb4c7fb,/srv/fim-watch/gen_00054.txt,file_modified,alert_only,high,2026-09-18 00:08:27.643778+00,2026-09-18 00:13:03.142088+00
15426598-d096-4346-8641-9b158631cdfc,/srv/fim-watch/gen_00040.txt,file_modified,alert_only,high,2026-09-18 00:08:27.742087+00,2026-09-18 00:13:03.15641+00
73f399c4-559d-4df7-85b7-87d05a55871f,/srv/fim-watch/gen_00046.txt,file_deleted,alert_only,high,2026-09-18 00:08:27.842453+00,2026-09-18 00:13:03.17096+00
7502b99c-3bab-420e-94f9-889be6873382,/srv/fim-watch/gen_00039.txt,file_deleted,alert_only,high,2026-09-18 00:08:27.942442+00,2026-09-18 00:13:03.187226+00
eac91e2e-b14d-4f2c-b0ee-be4314b57c4f,/srv/fim-watch/gen_00036.txt,file_modified,alert_only,high,2026-09-18 00:08:28.042577+00,2026-09-18 00:13:03.205441+00
1e0c3e52-56c6-4d73-8f48-288f1d00fb7c,/srv/fim-watch/gen_00036.txt,file_modified,alert_only,high,2026-09-18 00:08:28.142578+00,2026-09-18 00:13:03.221881+00
e96b35e3-2532-48a2-a087-e44c58f17849,/srv/fim-watch/gen_00050.txt,file_modified,alert_only,high,2026-09-18 00:08:28.242732+00,2026-09-18 00:13:03.237994+00
03b13098-a03f-468f-93ca-7bf84630e819,/srv/fim-watch/gen_00059.txt,file_modified,alert_only,high,2026-09-18 00:08:28.342351+00,2026-09-18 00:13:03.253106+00
94479b10-0441-4063-bbea-b6dec6210742,/srv/fim-watch/gen_00054.txt,file_modified,alert_only,high,2026-09-18 00:08:28.441949+00,2026-09-18 00:13:03.267613+00
b5cd621e-d36a-49d1-bb1b-6c83d67ff940,/srv/fim-watch/gen_00043.txt,file_modified,alert_only,high,2026-09-18 00:08:28.543277+00,2026-09-18 00:13:03.285292+00
5520c2b2-d255-45b9-b4ff-5ea598005a2c,/srv/fim-watch/gen_00060.txt,file_modified,alert_only,high,2026-09-18 00:08:28.642224+00,2026-09-18 00:13:03.305791+00
bace9b34-81b5-4d47-8212-fb118ec85767,/srv/fim-watch/gen_00050.txt,file_modified,alert_only,high,2026-09-18 00:08:28.742578+00,2026-09-18 00:13:03.319622+00
1fb1ef05-684c-4119-b047-77d7893d8911,/srv/fim-watch/gen_00058.txt,file_modified,alert_only,high,2026-09-18 00:08:28.842483+00,2026-09-18 00:13:03.333364+00
eeccf922-6358-4f17-9281-640cf666b830,/srv/fim-watch/gen_00019.txt,file_modified,alert_only,high,2026-09-18 00:08:28.942526+00,2026-09-18 00:13:03.347073+00
a5b9bfec-784a-4cfb-83f0-af54abf578da,/srv/fim-watch/gen_00019.txt,file_modified,alert_only,high,2026-09-18 00:08:29.042472+00,2026-09-18 00:13:03.36178+00
4a1a4b09-25c2-49b9-a409-8b8a7c4e2db9,/srv/fim-watch/gen_00058.txt,file_modified,alert_only,high,2026-09-18 00:08:29.142494+00,2026-09-18 00:13:03.377907+00
f9ba58e4-2acd-4d60-956e-5179d6b49e88,/srv/fim-watch/gen_00042.txt,file_modified,alert_only,high,2026-09-18 00:08:29.242452+00,2026-09-18 00:13:03.392538+00
2d32e4ec-2cb9-4628-ac77-9c281602e1fe,/srv/fim-watch/gen_00042.txt,file_modified,alert_only,high,2026-09-18 00:08:29.342144+00,2026-09-18 00:13:03.405604+00
882fb352-e2da-41c4-984e-01cc1e7d1cbc,/srv/fim-watch/gen_00042.txt,file_modified,alert_only,high,2026-09-18 00:08:29.442362+00,2026-09-18 00:13:03.41879+00
e4307176-6b37-4c42-b5cf-780089fcf499,/srv/fim-watch/gen_00042.txt,file_modified,alert_only,high,2026-09-18 00:08:29.542528+00,2026-09-18 00:13:03.432067+00
c796685c-261c-4e99-be79-cb393345dcbe,/srv/fim-watch/gen_00042.txt,file_modified,alert_only,high,2026-09-18 00:08:29.642503+00,2026-09-18 00:13:03.444255+00
f7833ce8-f7ab-438a-8552-eee6c4c947d5,/srv/fim-watch/critico/gen_00061.txt,file_modified,alert_only,critical,2026-09-18 00:08:29.742425+00,2026-09-18 00:13:03.457999+00
e2556691-1bed-4fa3-8e70-b8dae75795c8,/srv/fim-watch/gen_00062.txt,file_modified,alert_only,high,2026-09-18 00:08:29.842555+00,2026-09-18 00:13:03.472041+00
44c1974e-b3e1-41b4-a62d-9ddb920bde54,/srv/fim-watch/critico/gen_00051.txt,file_deleted,alert_only,critical,2026-09-18 00:08:29.94246+00,2026-09-18 00:13:03.48664+00
a5c13ab8-89cd-492d-9562-f9ec7fd85b75,/srv/fim-watch/gen_00020.txt,file_modified,alert_only,high,2026-09-18 00:08:30.042523+00,2026-09-18 00:13:03.501683+00
22eaed35-e899-4916-bb33-3d78434466c1,/srv/fim-watch/critico/gen_00047.txt,file_modified,alert_only,critical,2026-09-18 00:08:30.142461+00,2026-09-18 00:13:03.516328+00
99f969db-05e1-4b92-bb88-c757b1980b28,/srv/fim-watch/gen_00063.txt,file_modified,alert_only,high,2026-09-18 00:08:30.24253+00,2026-09-18 00:13:03.54098+00
0f7e69e2-5e0a-4f3d-97b3-ec6a90b984c1,/srv/fim-watch/gen_00059.txt,file_modified,alert_only,high,2026-09-18 00:08:30.342486+00,2026-09-18 00:13:03.547664+00
4e0a340d-edcd-488d-9032-1efa84485cec,/srv/fim-watch/gen_00064.txt,file_modified,alert_only,high,2026-09-18 00:08:30.442372+00,2026-09-18 00:13:03.563653+00
fbcf4b48-da19-496b-b226-a32292e04ab4,/srv/fim-watch/gen_00065.txt,file_modified,alert_only,high,2026-09-18 00:08:30.542515+00,2026-09-18 00:13:03.577968+00
fff68bab-fb9d-4773-b23e-05d7196891c7,/srv/fim-watch/gen_00066.txt,file_modified,alert_only,high,2026-09-18 00:08:30.642076+00,2026-09-18 00:13:03.591986+00
4cf21464-74de-4ad9-9818-aaf17f0444d4,/srv/fim-watch/gen_00067.txt,file_modified,alert_only,high,2026-09-18 00:08:30.742636+00,2026-09-18 00:13:03.604629+00
0b5f1e70-f585-461e-98c8-c20c4acf9409,/srv/fim-watch/gen_00068.txt,file_modified,alert_only,high,2026-09-18 00:08:30.842226+00,2026-09-18 00:13:03.616988+00
f4867c95-44c4-4118-ad0d-7ad306df67b5,/srv/fim-watch/critico/gen_00061.txt,file_modified,alert_only,critical,2026-09-18 00:08:30.942565+00,2026-09-18 00:13:03.629283+00
f087e773-3afb-45f4-98c3-62a629072aa1,/srv/fim-watch/gen_00031.txt,file_modified,alert_only,high,2026-09-18 00:08:31.042452+00,2026-09-18 00:13:03.641606+00
38609062-a516-49e7-b2be-15408df70ce1,/srv/fim-watch/gen_00031.txt,file_modified,alert_only,high,2026-09-18 00:08:31.142589+00,2026-09-18 00:13:03.653947+00
90c1f1a1-621b-4844-b3eb-1d28a9e21f0b,/srv/fim-watch/critico/gen_00069.txt,file_modified,alert_only,critical,2026-09-18 00:08:31.242428+00,2026-09-18 00:13:03.666323+00
833647d1-acac-4d16-9aee-4e3239f2c75e,/srv/fim-watch/gen_00044.txt,file_modified,alert_only,high,2026-09-18 00:08:31.342746+00,2026-09-18 00:13:03.678757+00
15c71f98-720d-473d-bb9b-22445d4d85f2,/srv/fim-watch/gen_00044.txt,file_modified,alert_only,high,2026-09-18 00:08:31.442477+00,2026-09-18 00:13:03.693517+00
ffc8ebfe-bfb3-4e19-84a6-36e4a3892091,/srv/fim-watch/gen_00063.txt,file_modified,alert_only,high,2026-09-18 00:08:31.542899+00,2026-09-18 00:13:03.710471+00
ac2570b3-ac89-444e-89b7-3b7d81b867cf,/srv/fim-watch/gen_00062.txt,file_modified,alert_only,high,2026-09-18 00:08:31.643216+00,2026-09-18 00:13:03.726473+00
51d22069-4878-4012-81e0-df113694c711,/srv/fim-watch/gen_00070.txt,file_created,alert_only,high,2026-09-18 00:08:31.742826+00,2026-09-18 00:13:03.741266+00
1f6473c4-a58a-434b-b2c2-9e7b11a9c7e1,/srv/fim-watch/gen_00071.txt,file_modified,alert_only,high,2026-09-18 00:08:31.842328+00,2026-09-18 00:13:03.755633+00
cffc61ec-ae29-460a-a52d-2b9844f99faf,/srv/fim-watch/gen_00031.txt,file_deleted,alert_only,high,2026-09-18 00:08:31.942322+00,2026-09-18 00:13:03.769743+00
6c3bf721-2077-4a39-b14f-7d3e65cd4267,/srv/fim-watch/gen_00058.txt,file_modified,alert_only,high,2026-09-18 00:08:32.042629+00,2026-09-18 00:13:03.784003+00
7ca3cfc9-853f-4dca-a2e2-eed9f2523b48,/srv/fim-watch/critico/gen_00047.txt,file_modified,alert_only,critical,2026-09-18 00:08:32.142617+00,2026-09-18 00:13:03.798515+00
f577176c-f2f9-42cb-b4d8-dacc8e95444b,/srv/fim-watch/critico/gen_00025.txt,file_modified,alert_only,critical,2026-09-18 00:08:32.242674+00,2026-09-18 00:13:03.812748+00
7a8b13bf-2e04-4472-a0d7-8b8cc709584b,/srv/fim-watch/gen_00045.txt,file_modified,alert_only,high,2026-09-18 00:08:32.342973+00,2026-09-18 00:13:03.828144+00
f1c83062-ac6e-428a-b375-69c29e1394a5,/srv/fim-watch/gen_00072.txt,file_modified,alert_only,high,2026-09-18 00:08:32.442288+00,2026-09-18 00:13:03.843086+00
5d456d4e-6322-4f16-8e45-7257543c28f3,/srv/fim-watch/gen_00056.txt,file_deleted,alert_only,high,2026-09-18 00:08:32.54255+00,2026-09-18 00:13:03.857608+00
e93f2225-4a8a-4eaf-af86-abcdc5081340,/srv/fim-watch/gen_00040.txt,file_modified,alert_only,high,2026-09-18 00:08:32.642495+00,2026-09-18 00:13:03.871917+00
72d40985-09e2-4cc1-90f8-e143c4e6d548,/srv/fim-watch/gen_00055.txt,file_modified,alert_only,high,2026-09-18 00:08:32.741918+00,2026-09-18 00:13:03.887541+00
0fcf0a79-1dd6-458a-9e3b-7221d05603c1,/srv/fim-watch/gen_00068.txt,file_modified,alert_only,high,2026-09-18 00:08:32.842476+00,2026-09-18 00:13:03.902867+00
2fcb441e-f496-4f8f-82ee-4b390b8ab57b,/srv/fim-watch/gen_00068.txt,file_modified,alert_only,high,2026-09-18 00:08:32.942424+00,2026-09-18 00:13:03.917946+00
c760e5eb-fbb8-4d07-84eb-558c1dac70ea,/srv/fim-watch/gen_00068.txt,file_modified,alert_only,high,2026-09-18 00:08:33.042599+00,2026-09-18 00:13:03.931722+00
14d7ef02-8c9a-47d1-80d6-54923c4d7f29,/srv/fim-watch/gen_00068.txt,file_modified,alert_only,high,2026-09-18 00:08:33.14252+00,2026-09-18 00:13:03.947327+00
ae16d84a-c9ee-4411-8624-3b146ff88fc2,/srv/fim-watch/gen_00068.txt,file_modified,alert_only,high,2026-09-18 00:08:33.242987+00,2026-09-18 00:13:03.962253+00
bfa76889-b8b0-4722-82e8-111c19f0bd07,/srv/fim-watch/gen_00059.txt,file_modified,alert_only,high,2026-09-18 00:08:33.342618+00,2026-09-18 00:13:03.978966+00
ceb2d2a3-dbf7-4378-b710-eb133ddf5d79,/srv/fim-watch/gen_00048.txt,file_modified,alert_only,high,2026-09-18 00:08:33.442057+00,2026-09-18 00:13:03.993327+00
e8cf697b-4195-42c9-a4ca-266141ceaf3e,/srv/fim-watch/gen_00073.txt,file_modified,alert_only,high,2026-09-18 00:08:33.542403+00,2026-09-18 00:13:04.007841+00
42670f05-483f-40f2-8da7-490e39f2cac3,/srv/fim-watch/gen_00042.txt,file_modified,alert_only,high,2026-09-18 00:08:33.642622+00,2026-09-18 00:13:04.022184+00
f684fc71-05b6-4500-8a15-d4807e0f163c,/srv/fim-watch/gen_00042.txt,file_modified,alert_only,high,2026-09-18 00:08:33.742939+00,2026-09-18 00:13:04.036605+00
55ab828c-d88b-4771-95a0-6ab8453f9053,/srv/fim-watch/gen_00042.txt,file_modified,alert_only,high,2026-09-18 00:08:33.842685+00,2026-09-18 00:13:04.051007+00
2ac06bc3-4e8b-43f0-b56a-bebe2bf27a8d,/srv/fim-watch/gen_00042.txt,file_modified,alert_only,high,2026-09-18 00:08:33.942393+00,2026-09-18 00:13:04.065114+00
f12c3ab3-58b0-4a99-a945-aa5e533c0fad,/srv/fim-watch/gen_00042.txt,file_modified,alert_only,high,2026-09-18 00:08:34.042451+00,2026-09-18 00:13:04.079982+00
1f9aacad-6fae-40e2-a71d-c15b55c937ff,/srv/fim-watch/gen_00064.txt,file_modified,alert_only,high,2026-09-18 00:08:34.142597+00,2026-09-18 00:13:04.093712+00
7f89db3e-153d-405b-8b87-41b68e2f8d31,/srv/fim-watch/gen_00064.txt,file_modified,alert_only,high,2026-09-18 00:08:34.242378+00,2026-09-18 00:13:04.108771+00
228ac732-297d-4ea6-8ccf-58b1175d6b30,/srv/fim-watch/gen_00070.txt,file_modified,alert_only,high,2026-09-18 00:08:34.342492+00,2026-09-18 00:13:04.126434+00
4afb6504-9cde-4b33-8f54-111c94a82ea4,/srv/fim-watch/gen_00022.txt,file_deleted,alert_only,high,2026-09-18 00:08:34.442063+00,2026-09-18 00:13:04.143843+00
8a90b4b8-790c-4585-a7ee-3d0e192f3def,/srv/fim-watch/gen_00028.txt,file_modified,alert_only,high,2026-09-18 00:08:34.542273+00,2026-09-18 00:13:04.158983+00
f743198c-32e3-443f-b16d-c040f7a82012,/srv/fim-watch/gen_00036.txt,file_modified,alert_only,high,2026-09-18 00:08:34.642504+00,2026-09-18 00:13:04.175483+00
cde206c0-d123-48a2-82e8-a13aaf518aa7,/srv/fim-watch/critico/gen_00037.txt,file_modified,alert_only,critical,2026-09-18 00:08:34.742457+00,2026-09-18 00:13:04.191771+00
6452ae1d-fb31-4882-8793-0c106f9ae5b0,/srv/fim-watch/gen_00011.txt,file_deleted,alert_only,high,2026-09-18 00:08:34.842424+00,2026-09-18 00:13:04.207348+00
2f2b51b1-4efa-4ebb-b453-718a81e299ae,/srv/fim-watch/gen_00074.txt,file_modified,alert_only,high,2026-09-18 00:08:34.942373+00,2026-09-18 00:13:04.22229+00
a378f5e7-0cbb-4923-a337-3926945a5760,/srv/fim-watch/gen_00040.txt,file_modified,alert_only,high,2026-09-18 00:08:35.042442+00,2026-09-18 00:13:04.238643+00
322603d7-8d56-4d99-a92f-2bee666ad1c5,/srv/fim-watch/gen_00043.txt,file_modified,alert_only,high,2026-09-18 00:08:35.142971+00,2026-09-18 00:13:04.253632+00
cf41e81c-a139-4b77-826b-1538a80560ab,/srv/fim-watch/critico/gen_00075.txt,file_modified,alert_only,critical,2026-09-18 00:08:35.242483+00,2026-09-18 00:13:04.279101+00
0a570bc1-54e5-45a9-8a93-c92091d95424,/srv/fim-watch/critico/gen_00075.txt,file_deleted,alert_only,critical,2026-09-18 00:08:35.342484+00,2026-09-18 00:13:04.285923+00
2984b687-05b1-460e-8209-e8dd29160c65,/srv/fim-watch/gen_00076.txt,file_modified,alert_only,high,2026-09-18 00:08:35.44255+00,2026-09-18 00:13:04.302787+00
ec6a6704-d05f-4bb1-8cae-9675392c83c5,/srv/fim-watch/gen_00077.txt,file_modified,alert_only,high,2026-09-18 00:08:35.543136+00,2026-09-18 00:13:04.319824+00
d3198321-d547-4254-a8b3-7ab025d949e2,/srv/fim-watch/gen_00078.txt,file_modified,alert_only,high,2026-09-18 00:08:35.642417+00,2026-09-18 00:13:04.334798+00
5ef7b3cb-0e05-4677-b716-93352c1ccadf,/srv/fim-watch/gen_00044.txt,file_modified,alert_only,high,2026-09-18 00:08:35.742222+00,2026-09-18 00:13:04.351211+00
ee42176d-b1ed-42f6-9cb0-68add489402a,/srv/fim-watch/gen_00079.txt,file_modified,alert_only,high,2026-09-18 00:08:35.842357+00,2026-09-18 00:13:04.369364+00
52c9a00d-f3b3-4c28-b34e-d4ff62093512,/srv/fim-watch/gen_00029.txt,file_modified,alert_only,high,2026-09-18 00:08:35.942588+00,2026-09-18 00:13:04.387272+00
af0cf6b0-3a98-404f-9731-82c6fc702bf7,/srv/fim-watch/gen_00063.txt,file_modified,alert_only,high,2026-09-18 00:08:36.142632+00,2026-09-18 00:13:04.405336+00
1aa9fb46-0aee-4d54-8a30-a474d84f75e4,/srv/fim-watch/gen_00033.txt,file_modified,alert_only,high,2026-09-18 00:08:36.242186+00,2026-09-18 00:13:04.423507+00
1394d036-b7f3-40e3-9bc9-2dc94386fcae,/srv/fim-watch/gen_00062.txt,file_modified,alert_only,high,2026-09-18 00:08:36.342595+00,2026-09-18 00:13:04.442295+00
df68b516-0a70-4b7b-a692-c468907caa02,/srv/fim-watch/gen_00033.txt,file_modified,alert_only,high,2026-09-18 00:08:36.442931+00,2026-09-18 00:13:04.460457+00
b1da8dfc-39f3-4b4f-8e86-94b99680f463,/srv/fim-watch/gen_00066.txt,file_modified,alert_only,high,2026-09-18 00:08:36.543132+00,2026-09-18 00:13:04.476812+00
c5515263-3b24-43b5-9d3c-a3b588dfce31,/srv/fim-watch/gen_00066.txt,file_modified,alert_only,high,2026-09-18 00:08:36.642544+00,2026-09-18 00:13:04.492305+00
ec7c3ed3-ae3e-447e-8c7c-30cf71122615,/srv/fim-watch/gen_00066.txt,file_modified,alert_only,high,2026-09-18 00:08:36.742731+00,2026-09-18 00:13:04.508796+00
e377821e-440c-4ce9-a6eb-92d1fb2ac5e5,/srv/fim-watch/gen_00066.txt,file_modified,alert_only,high,2026-09-18 00:08:36.842501+00,2026-09-18 00:13:04.5243+00
27789b92-9283-4c7b-b0af-e591c444dd3f,/srv/fim-watch/gen_00066.txt,file_modified,alert_only,high,2026-09-18 00:08:36.942913+00,2026-09-18 00:13:04.539772+00
7c394bda-b2cb-4580-9474-67ac30fc4298,/srv/fim-watch/gen_00080.txt,file_modified,alert_only,high,2026-09-18 00:08:37.04259+00,2026-09-18 00:13:04.555172+00
80b8280c-6350-49f2-b3ed-e852a5f3d94f,/srv/fim-watch/gen_00059.txt,file_modified,alert_only,high,2026-09-18 00:08:37.142972+00,2026-09-18 00:13:04.570365+00
183824ee-66e4-4d70-9217-b94236a377f9,/srv/fim-watch/gen_00073.txt,file_modified,alert_only,high,2026-09-18 00:08:37.242481+00,2026-09-18 00:13:04.585429+00
49cc47d9-0653-4870-acf6-eced741f8ff6,/srv/fim-watch/gen_00063.txt,file_deleted,alert_only,high,2026-09-18 00:08:37.342244+00,2026-09-18 00:13:04.602363+00
47ca4f72-c0ab-4414-8f8e-2b21cdbd56b0,/srv/fim-watch/gen_00048.txt,file_modified,alert_only,high,2026-09-18 00:08:37.44215+00,2026-09-18 00:13:04.619501+00
49be1193-f368-4a57-b845-fd9e97a79fc2,/srv/fim-watch/gen_00048.txt,file_modified,alert_only,high,2026-09-18 00:08:37.542575+00,2026-09-18 00:13:04.63651+00
9bcb570a-81b8-4afd-849c-0af6676c6dc9,/srv/fim-watch/gen_00058.txt,file_modified,alert_only,high,2026-09-18 00:08:37.642512+00,2026-09-18 00:13:04.654237+00
851aa7e7-7b9d-41c6-82e3-dc1b3fbc818c,/srv/fim-watch/gen_00059.txt,file_modified,alert_only,high,2026-09-18 00:08:37.742685+00,2026-09-18 00:13:04.672681+00
1b0cad03-5851-4a91-b500-d770e5166102,/srv/fim-watch/critico/gen_00081.txt,file_modified,alert_only,critical,2026-09-18 00:08:37.842241+00,2026-09-18 00:13:04.690325+00
d794a214-180c-4cd1-8dfc-21608604516d,/srv/fim-watch/gen_00082.txt,file_modified,alert_only,high,2026-09-18 00:08:37.94214+00,2026-09-18 00:13:04.706351+00
a91bafa6-3235-4044-94a9-881ad3f68620,/srv/fim-watch/gen_00045.txt,file_modified,alert_only,high,2026-09-18 00:08:38.042411+00,2026-09-18 00:13:04.724202+00
668eab3b-e7ec-46c9-8d6d-14781205ec79,/srv/fim-watch/gen_00028.txt,file_modified,alert_only,high,2026-09-18 00:08:38.142243+00,2026-09-18 00:13:04.740657+00
922d3631-b448-4c2b-870a-c90904c4a51a,/srv/fim-watch/gen_00028.txt,file_modified,alert_only,high,2026-09-18 00:08:38.242945+00,2026-09-18 00:13:04.759602+00
c3c12968-e0f0-4a7b-8e1f-b5c086c3e00b,/srv/fim-watch/gen_00083.txt,file_created,alert_only,high,2026-09-18 00:08:38.343071+00,2026-09-18 00:13:04.774524+00
633a4097-3c17-40d3-b87c-ad5dbf088d22,/srv/fim-watch/gen_00083.txt,file_deleted,alert_only,high,2026-09-18 00:08:38.442945+00,2026-09-18 00:13:04.789716+00
419c9c31-8a76-4f5e-8f7a-c09dbd3f4e66,/srv/fim-watch/gen_00080.txt,file_deleted,alert_only,high,2026-09-18 00:08:38.542415+00,2026-09-18 00:13:04.804477+00
2c632cb8-d144-4a80-b283-7347e8518af4,/srv/fim-watch/gen_00073.txt,file_modified,alert_only,high,2026-09-18 00:08:38.643109+00,2026-09-18 00:13:04.819938+00
08e0407e-e33b-4722-982e-06aa150cdb29,/srv/fim-watch/gen_00028.txt,file_modified,alert_only,high,2026-09-18 00:08:38.742996+00,2026-09-18 00:13:04.834915+00
b713d7d8-e1c0-4419-9f2e-90c6998ecdcd,/srv/fim-watch/gen_00084.txt,file_modified,alert_only,high,2026-09-18 00:08:38.842493+00,2026-09-18 00:13:04.849531+00
37c531a7-23bd-43b1-984b-984f6785b080,/srv/fim-watch/gen_00068.txt,file_modified,alert_only,high,2026-09-18 00:08:38.942271+00,2026-09-18 00:13:04.864394+00
7092090b-4beb-4845-9218-9278ec9f1aa8,/srv/fim-watch/gen_00068.txt,file_modified,alert_only,high,2026-09-18 00:08:39.04281+00,2026-09-18 00:13:04.879116+00
da62829c-8487-4ddb-9883-db052fe1663c,/srv/fim-watch/gen_00044.txt,file_modified,alert_only,high,2026-09-18 00:08:39.142825+00,2026-09-18 00:13:04.893937+00
10649b02-98b4-4860-ad36-5655234ee980,/srv/fim-watch/gen_00071.txt,file_modified,alert_only,high,2026-09-18 00:08:39.24265+00,2026-09-18 00:13:04.910295+00
1150565b-100c-4b03-a892-32d48015bf2e,/srv/fim-watch/gen_00067.txt,file_modified,alert_only,high,2026-09-18 00:08:39.342659+00,2026-09-18 00:13:04.927064+00
aa3afecf-0b0e-4f91-b2f2-61612ed045b9,/srv/fim-watch/gen_00067.txt,file_modified,alert_only,high,2026-09-18 00:08:39.442667+00,2026-09-18 00:13:04.942087+00
dc76231c-6a4d-4aee-bfd0-2352911b88cc,/srv/fim-watch/gen_00085.txt,file_modified,alert_only,high,2026-09-18 00:08:39.542526+00,2026-09-18 00:13:04.958745+00
90a6b047-2e02-450f-82b1-d0d63b6f672d,/srv/fim-watch/critico/gen_00023.txt,file_deleted,alert_only,critical,2026-09-18 00:08:39.643084+00,2026-09-18 00:13:04.974975+00
21f74298-7462-430b-b952-b26ff6dd233b,/srv/fim-watch/gen_00062.txt,file_modified,alert_only,high,2026-09-18 00:08:39.742672+00,2026-09-18 00:13:04.99098+00
b7ba8aa6-0818-431f-95ad-b1272b9fe1e2,/srv/fim-watch/gen_00020.txt,file_modified,alert_only,high,2026-09-18 00:08:39.842933+00,2026-09-18 00:13:05.006293+00
784038a5-4740-4b05-be3a-a3ffb9de3cc0,/srv/fim-watch/gen_00019.txt,file_modified,alert_only,high,2026-09-18 00:08:39.942471+00,2026-09-18 00:13:05.021254+00
85baa237-f493-4cc6-9c03-82e04f6456ff,/srv/fim-watch/gen_00086.txt,file_modified,alert_only,high,2026-09-18 00:08:40.042341+00,2026-09-18 00:13:05.036155+00
df87ba51-b9a9-4879-be1c-be2456643688,/srv/fim-watch/gen_00059.txt,file_modified,alert_only,high,2026-09-18 00:08:40.142489+00,2026-09-18 00:13:05.051397+00
664ce0c5-5c2d-4ac9-872b-3d2aa7b519af,/srv/fim-watch/critico/gen_00087.txt,file_modified,alert_only,critical,2026-09-18 00:08:40.242699+00,2026-09-18 00:13:05.065876+00
adab2d42-eb21-4b55-a240-6a07e007a19a,/srv/fim-watch/gen_00058.txt,file_modified,alert_only,high,2026-09-18 00:08:40.342454+00,2026-09-18 00:13:05.090751+00
07badc62-d323-4aae-b554-ee3f0bfdcdd9,/srv/fim-watch/gen_00058.txt,file_modified,alert_only,high,2026-09-18 00:08:40.442484+00,2026-09-18 00:13:05.097185+00
5775c8c8-cbaf-4065-ae71-f805620e11d2,/srv/fim-watch/gen_00072.txt,file_modified,alert_only,high,2026-09-18 00:08:40.542409+00,2026-09-18 00:13:05.112804+00
ea1cd13b-c891-4672-a190-a0094887784f,/srv/fim-watch/gen_00072.txt,file_modified,alert_only,high,2026-09-18 00:08:40.642423+00,2026-09-18 00:13:05.127425+00
9a118541-1899-4c43-9525-98f38156640a,/srv/fim-watch/gen_00072.txt,file_modified,alert_only,high,2026-09-18 00:08:40.742427+00,2026-09-18 00:13:05.142266+00
fc90e2b4-07dd-450f-a3a7-a1055f90966e,/srv/fim-watch/gen_00072.txt,file_modified,alert_only,high,2026-09-18 00:08:40.843003+00,2026-09-18 00:13:05.157375+00
3076dd78-bbd6-4aa0-b8d1-7d5d1b8ec61c,/srv/fim-watch/gen_00072.txt,file_modified,alert_only,high,2026-09-18 00:08:40.942528+00,2026-09-18 00:13:05.173093+00
86041813-e715-4ac2-81a2-edf56d5bbf24,/srv/fim-watch/gen_00082.txt,file_modified,alert_only,high,2026-09-18 00:08:41.042409+00,2026-09-18 00:13:05.188461+00
ffe1c4b9-bcce-4c66-8d18-4560b9d0cf6f,/srv/fim-watch/critico/gen_00081.txt,file_modified,alert_only,critical,2026-09-18 00:08:41.142631+00,2026-09-18 00:13:05.203359+00
e3dc9a3f-95b8-431f-8409-ba9c9c3d362c,/srv/fim-watch/gen_00066.txt,file_modified,alert_only,high,2026-09-18 00:08:41.242553+00,2026-09-18 00:13:05.218163+00
3fa1e8bd-d746-476c-abf3-c08d0fe51add,/srv/fim-watch/gen_00066.txt,file_modified,alert_only,high,2026-09-18 00:08:41.342412+00,2026-09-18 00:13:05.234963+00
5053d69a-1f2c-4b65-b736-dcbdd1651270,/srv/fim-watch/critico/gen_00087.txt,file_modified,alert_only,critical,2026-09-18 00:08:41.442308+00,2026-09-18 00:13:05.248933+00
bc971c7b-1b1d-4975-8235-c90154f15b80,/srv/fim-watch/gen_00019.txt,file_deleted,alert_only,high,2026-09-18 00:08:41.542679+00,2026-09-18 00:13:05.262965+00
e8a5d7bf-51cc-4d7e-abb0-aec32071fe8d,/srv/fim-watch/gen_00029.txt,file_modified,alert_only,high,2026-09-18 00:08:41.642581+00,2026-09-18 00:13:05.27748+00
aeed4e43-30d0-4427-900f-5b43d0328cda,/srv/fim-watch/gen_00088.txt,file_modified,alert_only,high,2026-09-18 00:08:41.742421+00,2026-09-18 00:13:05.292494+00
bc244d33-3ee7-427e-a381-ae1cfea3a76a,/srv/fim-watch/gen_00089.txt,file_modified,alert_only,high,2026-09-18 00:08:41.842406+00,2026-09-18 00:13:05.307599+00
35f684b2-82e9-423c-bdd5-bf9c985720a9,/srv/fim-watch/gen_00050.txt,file_modified,alert_only,high,2026-09-18 00:08:41.942449+00,2026-09-18 00:13:05.323387+00
dda64443-a942-4ea0-8960-f2dc4c9f4893,/srv/fim-watch/gen_00090.txt,file_modified,alert_only,high,2026-09-18 00:08:42.042404+00,2026-09-18 00:13:05.339732+00
a5d7e838-4b0d-493b-a8c3-d9076a0c80fe,/srv/fim-watch/critico/gen_00081.txt,file_modified,alert_only,critical,2026-09-18 00:08:42.142603+00,2026-09-18 00:13:05.356263+00
f7b84eb7-7182-498c-9479-0db5feba03f6,/srv/fim-watch/critico/gen_00081.txt,file_modified,alert_only,critical,2026-09-18 00:08:42.24247+00,2026-09-18 00:13:05.371728+00
3fd0b84b-8ff7-4f18-abf2-97da9e17daf4,/srv/fim-watch/critico/gen_00081.txt,file_modified,alert_only,critical,2026-09-18 00:08:42.34262+00,2026-09-18 00:13:05.387902+00
a30e3fa5-3f36-40fc-8c61-f51622b50d35,/srv/fim-watch/critico/gen_00081.txt,file_modified,alert_only,critical,2026-09-18 00:08:42.44252+00,2026-09-18 00:13:05.403222+00
43b59ab9-2ddd-4bfe-a24d-16653d500888,/srv/fim-watch/critico/gen_00081.txt,file_modified,alert_only,critical,2026-09-18 00:08:42.542483+00,2026-09-18 00:13:05.41811+00
496706ef-af3d-4df5-abe1-11bf706136b9,/srv/fim-watch/gen_00045.txt,file_deleted,alert_only,high,2026-09-18 00:08:42.642442+00,2026-09-18 00:13:05.432784+00
653b60e7-4e04-4a8b-a790-2be466f96b76,/srv/fim-watch/gen_00013.txt,file_deleted,alert_only,high,2026-09-18 00:08:42.742263+00,2026-09-18 00:13:05.446937+00
55385072-8c48-44b9-bf18-6867cebd570e,/srv/fim-watch/critico/gen_00091.txt,file_modified,alert_only,critical,2026-09-18 00:08:42.842061+00,2026-09-18 00:13:05.461158+00
d62862b5-5cb9-469f-ba23-02d8264dc94f,/srv/fim-watch/gen_00033.txt,file_modified,alert_only,high,2026-09-18 00:08:42.942225+00,2026-09-18 00:13:05.475402+00
7326719c-300f-4e9e-9b26-831304bd4b63,/srv/fim-watch/gen_00040.txt,file_modified,alert_only,high,2026-09-18 00:08:43.042581+00,2026-09-18 00:13:05.489567+00
2694c059-3fb8-417f-8acf-9412d55c39d4,/srv/fim-watch/gen_00057.txt,file_modified,alert_only,high,2026-09-18 00:08:43.142513+00,2026-09-18 00:13:05.503722+00
98f59ea3-b5ac-4a3b-8f3a-f4a9fc2fce0a,/srv/fim-watch/gen_00040.txt,file_modified,alert_only,high,2026-09-18 00:08:43.242479+00,2026-09-18 00:13:05.517861+00
c7745a38-4c50-45c5-94ae-09e860fe45b3,/srv/fim-watch/gen_00054.txt,file_modified,alert_only,high,2026-09-18 00:08:43.342444+00,2026-09-18 00:13:05.532202+00
1db19a84-d92f-42f2-8f69-52497dd5d374,/srv/fim-watch/gen_00054.txt,file_modified,alert_only,high,2026-09-18 00:08:43.44251+00,2026-09-18 00:13:05.550732+00
55dd24a6-5db0-4f23-ab1b-a8345df67942,/srv/fim-watch/gen_00054.txt,file_modified,alert_only,high,2026-09-18 00:08:43.54233+00,2026-09-18 00:13:05.564238+00
eae6c5ce-8191-4cbb-a4de-7d79897ea926,/srv/fim-watch/gen_00054.txt,file_modified,alert_only,high,2026-09-18 00:08:43.642556+00,2026-09-18 00:13:05.579155+00
2a5f18fd-6117-4d5b-ab51-fda63222f790,/srv/fim-watch/gen_00054.txt,file_modified,alert_only,high,2026-09-18 00:08:43.742372+00,2026-09-18 00:13:05.591174+00
c8c02ea0-5c38-4e53-8f03-dc2ac12ca237,/srv/fim-watch/gen_00092.txt,file_modified,alert_only,high,2026-09-18 00:08:43.842726+00,2026-09-18 00:13:05.603496+00
cdc480ca-8ff0-4639-bb27-03e74323992e,/srv/fim-watch/critico/gen_00087.txt,file_deleted,alert_only,critical,2026-09-18 00:08:43.943894+00,2026-09-18 00:13:05.615889+00
7a34ec0c-d8e3-4d64-9bb1-6fdf192d1ef9,/srv/fim-watch/gen_00070.txt,file_modified,alert_only,high,2026-09-18 00:08:44.042122+00,2026-09-18 00:13:05.628099+00
5d8e70e9-d6a3-42d7-bc58-7e903ef0bde2,/srv/fim-watch/gen_00070.txt,file_modified,alert_only,high,2026-09-18 00:08:44.142398+00,2026-09-18 00:13:05.64107+00
6a673e3e-76ff-4908-97cf-7e56bb8aaecd,/srv/fim-watch/gen_00093.txt,file_modified,alert_only,high,2026-09-18 00:08:44.242401+00,2026-09-18 00:13:05.655636+00
1e707b47-b0f8-4a97-977c-639f0be407e4,/srv/fim-watch/critico/gen_00047.txt,file_modified,alert_only,critical,2026-09-18 00:08:44.34246+00,2026-09-18 00:13:05.670267+00
cc36581b-d6b3-4fe1-b66c-e4676cf4f681,/srv/fim-watch/critico/gen_00094.txt,file_modified,alert_only,critical,2026-09-18 00:08:44.442308+00,2026-09-18 00:13:05.68601+00
65cb8226-33ad-48cc-87c7-f6ce71e66c13,/srv/fim-watch/gen_00095.txt,file_modified,alert_only,high,2026-09-18 00:08:44.542145+00,2026-09-18 00:13:05.701742+00
c72e26dc-c588-417e-bbbd-70fb841e3c11,/srv/fim-watch/gen_00089.txt,file_modified,alert_only,high,2026-09-18 00:08:44.642492+00,2026-09-18 00:13:05.716862+00
17cc50f6-c604-401d-b589-b8a997f87325,/srv/fim-watch/gen_00096.txt,file_modified,alert_only,high,2026-09-18 00:08:44.742491+00,2026-09-18 00:13:05.732456+00
19c03254-8039-40fe-847d-6db51d622e1f,/srv/fim-watch/gen_00095.txt,file_deleted,alert_only,high,2026-09-18 00:08:44.842521+00,2026-09-18 00:13:05.748194+00
40f804fd-ec2c-4a9d-a1f7-a70abcda900a,/srv/fim-watch/gen_00055.txt,file_modified,alert_only,high,2026-09-18 00:08:44.942532+00,2026-09-18 00:13:05.762642+00
62c72a00-7dec-42ea-8489-3528b70a5831,/srv/fim-watch/gen_00071.txt,file_modified,alert_only,high,2026-09-18 00:08:45.042711+00,2026-09-18 00:13:05.77691+00
2e86faa6-e76d-49b7-82aa-0288931981f1,/srv/fim-watch/gen_00097.txt,file_modified,alert_only,high,2026-09-18 00:08:45.142419+00,2026-09-18 00:13:05.790877+00
b99aa22a-ae30-4fba-98a7-b0b72659fd7d,/srv/fim-watch/gen_00055.txt,file_modified,alert_only,high,2026-09-18 00:08:45.242483+00,2026-09-18 00:13:05.806392+00
b220d4dd-1677-46a3-baac-8baaf69ba32d,/srv/fim-watch/critico/gen_00037.txt,file_modified,alert_only,critical,2026-09-18 00:08:45.3426+00,2026-09-18 00:13:05.832832+00
5da65320-9e23-46b7-b2e9-e1e0e5f12c3a,/srv/fim-watch/critico/gen_00037.txt,file_modified,alert_only,critical,2026-09-18 00:08:45.442458+00,2026-09-18 00:13:05.838838+00
d2fbb648-cbe1-46f8-bcfb-8cd9de09a0df,/srv/fim-watch/gen_00029.txt,file_modified,alert_only,high,2026-09-18 00:08:45.542483+00,2026-09-18 00:13:05.852391+00
083f980e-45bc-4c44-a02f-a14ad4c29055,/srv/fim-watch/gen_00085.txt,file_modified,alert_only,high,2026-09-18 00:08:45.642418+00,2026-09-18 00:13:05.865733+00
4dffb4a9-9eb6-4c31-9ab0-09b70a142d2a,/srv/fim-watch/gen_00055.txt,file_modified,alert_only,high,2026-09-18 00:08:45.742512+00,2026-09-18 00:13:05.879138+00
9befbbbf-d1e1-442d-ae0d-84f75dd2e4e3,/srv/fim-watch/gen_00082.txt,file_deleted,alert_only,high,2026-09-18 00:08:45.842234+00,2026-09-18 00:13:05.89261+00
61a53344-e4c1-4446-bbd3-c91ebf901073,/srv/fim-watch/gen_00055.txt,file_deleted,alert_only,high,2026-09-18 00:08:45.942649+00,2026-09-18 00:13:05.908413+00
45484663-1204-4fd1-8bde-2c827d44555f,/srv/fim-watch/gen_00098.txt,file_modified,alert_only,high,2026-09-18 00:08:46.04262+00,2026-09-18 00:13:05.923622+00
b24f2414-7b4b-46bd-805c-df2666668e94,/srv/fim-watch/gen_00099.txt,file_modified,alert_only,high,2026-09-18 00:08:46.142559+00,2026-09-18 00:13:05.938628+00
9342014d-ad4c-47f2-a0d3-736cb535958f,/srv/fim-watch/gen_00043.txt,file_modified,alert_only,high,2026-09-18 00:08:46.242523+00,2026-09-18 00:13:05.955215+00
a3298905-cf99-4b3d-8b25-e69b0d6bd078,/srv/fim-watch/gen_00093.txt,file_modified,alert_only,high,2026-09-18 00:08:46.342322+00,2026-09-18 00:13:05.968966+00
36f94c49-1d5a-4cb6-8066-2b20814e2e9b,/srv/fim-watch/gen_00066.txt,file_modified,alert_only,high,2026-09-18 00:08:46.442165+00,2026-09-18 00:13:05.982393+00
cc3868da-5464-42a2-9205-f6d5ece8f2bf,/srv/fim-watch/critico/gen_00025.txt,file_modified,alert_only,critical,2026-09-18 00:08:46.542507+00,2026-09-18 00:13:05.995638+00
f3dfd571-ff03-4cb4-92ca-d88e17a0f5b0,/srv/fim-watch/gen_00100.txt,file_modified,alert_only,high,2026-09-18 00:08:46.642709+00,2026-09-18 00:13:06.0097+00
b01a480f-8e91-4623-82e9-7e2c7d7e12d8,/srv/fim-watch/gen_00090.txt,file_modified,alert_only,high,2026-09-18 00:08:46.741996+00,2026-09-18 00:13:06.02452+00
b1e0420a-6c0a-437d-97f7-a2016f0b39cc,/srv/fim-watch/gen_00077.txt,file_deleted,alert_only,high,2026-09-18 00:08:46.842364+00,2026-09-18 00:13:06.037924+00
e4069cef-07ca-479a-a683-fc0cf97cba48,/srv/fim-watch/gen_00098.txt,file_modified,alert_only,high,2026-09-18 00:08:46.943043+00,2026-09-18 00:13:06.051389+00
3542d0e4-abe7-42b3-84b3-8157f41f1bbe,/srv/fim-watch/gen_00067.txt,file_modified,alert_only,high,2026-09-18 00:08:47.042605+00,2026-09-18 00:13:06.06468+00
03144bbd-c16c-4f9d-8c8a-fd990dd9f9d2,/srv/fim-watch/gen_00093.txt,file_modified,alert_only,high,2026-09-18 00:08:47.142449+00,2026-09-18 00:13:06.07996+00
cde2356f-ae34-45ea-b85d-1b3b512a3733,/srv/fim-watch/gen_00071.txt,file_modified,alert_only,high,2026-09-18 00:08:47.243293+00,2026-09-18 00:13:06.095059+00
430ee634-3286-4fbd-af70-17fcc423cc10,/srv/fim-watch/gen_00006.txt,file_modified,alert_only,high,2026-09-18 00:08:47.342571+00,2026-09-18 00:13:06.108975+00
1d625afe-9997-46de-a225-f114e21dbfd8,/srv/fim-watch/gen_00101.txt,file_modified,alert_only,high,2026-09-18 00:08:47.443056+00,2026-09-18 00:13:06.122785+00
cbc35bb1-c0c8-45d7-9dd8-3b14f85ef590,/srv/fim-watch/gen_00101.txt,file_deleted,alert_only,high,2026-09-18 00:08:47.54274+00,2026-09-18 00:13:06.137062+00
f87aa352-d805-45e8-b158-3f3f69f1ba01,/srv/fim-watch/gen_00049.txt,file_modified,alert_only,high,2026-09-18 00:08:47.642824+00,2026-09-18 00:13:06.152355+00
488402cd-41bc-49ab-a69d-9ee2cbc60957,/srv/fim-watch/gen_00067.txt,file_modified,alert_only,high,2026-09-18 00:08:47.742747+00,2026-09-18 00:13:06.167057+00
e168cb48-3931-4d57-a7c3-e5eb0f7e0bff,/srv/fim-watch/gen_00067.txt,file_modified,alert_only,high,2026-09-18 00:08:47.842358+00,2026-09-18 00:13:06.181579+00
37b4c4da-c19d-4eab-86f6-6338f2a65956,/srv/fim-watch/gen_00067.txt,file_modified,alert_only,high,2026-09-18 00:08:47.942371+00,2026-09-18 00:13:06.196158+00
da517a0a-b74d-43f9-a701-2c00914df616,/srv/fim-watch/gen_00067.txt,file_modified,alert_only,high,2026-09-18 00:08:48.042453+00,2026-09-18 00:13:06.210929+00
29233ffe-51d5-4cdb-9c36-3e87f2862e6a,/srv/fim-watch/gen_00067.txt,file_modified,alert_only,high,2026-09-18 00:08:48.142689+00,2026-09-18 00:13:06.22556+00
62d6901c-9aea-4f6b-94da-e582eb303dbf,/srv/fim-watch/gen_00071.txt,file_modified,alert_only,high,2026-09-18 00:08:48.242991+00,2026-09-18 00:13:06.243632+00
0eb3967d-44d8-48c0-8327-077b310e2764,/srv/fim-watch/gen_00102.txt,file_created,alert_only,high,2026-09-18 00:08:48.342619+00,2026-09-18 00:13:06.258588+00
af4b0224-0a2c-4a4b-ad24-582ecf8c1880,/srv/fim-watch/gen_00103.txt,file_modified,alert_only,high,2026-09-18 00:08:48.442497+00,2026-09-18 00:13:06.272752+00
2889f71f-55b3-4d0f-8798-9b15a7044e8e,/srv/fim-watch/gen_00072.txt,file_modified,alert_only,high,2026-09-18 00:08:48.541976+00,2026-09-18 00:13:06.286728+00
d38b80a9-edd6-477a-8240-84394d908188,/srv/fim-watch/gen_00028.txt,file_modified,alert_only,high,2026-09-18 00:08:48.642793+00,2026-09-18 00:13:06.302679+00
059bf1e2-8cc8-471e-855d-ce00bd36ec90,/srv/fim-watch/critico/gen_00081.txt,file_deleted,alert_only,critical,2026-09-18 00:08:48.742838+00,2026-09-18 00:13:06.319308+00
9e96a1a5-dec4-4043-8ec2-ed31c42d91ad,/srv/fim-watch/gen_00070.txt,file_modified,alert_only,high,2026-09-18 00:08:48.842832+00,2026-09-18 00:13:06.333231+00
7773041f-c14b-40c4-bb70-387092b8d57a,/srv/fim-watch/gen_00050.txt,file_modified,alert_only,high,2026-09-18 00:08:48.942782+00,2026-09-18 00:13:06.349297+00
27685f45-5b14-4428-a4f1-44d593f7cb77,/srv/fim-watch/gen_00050.txt,file_modified,alert_only,high,2026-09-18 00:08:49.042897+00,2026-09-18 00:13:06.367713+00
69c83be5-74c9-40c1-ae63-9278b8cae97b,/srv/fim-watch/gen_00050.txt,file_modified,alert_only,high,2026-09-18 00:08:49.143201+00,2026-09-18 00:13:06.380205+00
44cf2e50-ea02-49ea-824d-ebb314bf7381,/srv/fim-watch/gen_00050.txt,file_modified,alert_only,high,2026-09-18 00:08:49.242786+00,2026-09-18 00:13:06.394064+00
1e58079f-3efa-4aef-9fe2-421726ea9693,/srv/fim-watch/gen_00050.txt,file_modified,alert_only,high,2026-09-18 00:08:49.342538+00,2026-09-18 00:13:06.40796+00
1b02a46b-cd95-4d7c-bf1b-f896116f5fd9,/srv/fim-watch/gen_00071.txt,file_modified,alert_only,high,2026-09-18 00:08:49.442465+00,2026-09-18 00:13:06.421759+00
052ec82f-3367-4364-9b8f-0281266145b6,/srv/fim-watch/gen_00072.txt,file_modified,alert_only,high,2026-09-18 00:08:49.542628+00,2026-09-18 00:13:06.435842+00
c95df67b-da7e-4366-9d96-dd445a97e299,/srv/fim-watch/gen_00104.txt,file_modified,alert_only,high,2026-09-18 00:08:49.641951+00,2026-09-18 00:13:06.450589+00
eef7888d-a17e-4582-8e7f-a7e1754a38bc,/srv/fim-watch/gen_00028.txt,file_modified,alert_only,high,2026-09-18 00:08:49.742613+00,2026-09-18 00:13:06.465333+00
7a56edee-3502-450e-849b-f64f12ecd938,/srv/fim-watch/critico/gen_00069.txt,file_modified,alert_only,critical,2026-09-18 00:08:49.842842+00,2026-09-18 00:13:06.479217+00
f67a262c-c4e9-4a21-ad78-7eddabe05b64,/srv/fim-watch/critico/gen_00069.txt,file_modified,alert_only,critical,2026-09-18 00:08:49.942595+00,2026-09-18 00:13:06.493017+00
180b5f1a-5279-406d-abeb-3aefee6b86b0,/srv/fim-watch/gen_00105.txt,file_modified,alert_only,high,2026-09-18 00:08:50.042343+00,2026-09-18 00:13:06.506924+00
fc23dc4e-74c9-4310-913d-837bc2e6eaf7,/srv/fim-watch/gen_00048.txt,file_modified,alert_only,high,2026-09-18 00:08:50.142435+00,2026-09-18 00:13:06.521155+00
b4c9fa2b-c59b-4c17-b440-8c1e852d665b,/srv/fim-watch/gen_00048.txt,file_modified,alert_only,high,2026-09-18 00:08:50.242826+00,2026-09-18 00:13:06.534853+00
348575d5-d62e-411e-b930-def1bc5543f4,/srv/fim-watch/gen_00086.txt,file_modified,alert_only,high,2026-09-18 00:08:50.342948+00,2026-09-18 00:13:06.560438+00
cb80637d-7782-41ef-8b78-64384540a4f4,/srv/fim-watch/gen_00036.txt,file_modified,alert_only,high,2026-09-18 00:08:50.442845+00,2026-09-18 00:13:06.567+00
3f3c1ba7-50f9-4329-83ad-27f56e9ec1fa,/srv/fim-watch/gen_00036.txt,file_modified,alert_only,high,2026-09-18 00:08:50.542516+00,2026-09-18 00:13:06.581861+00
8d784c60-abd0-41b2-bc87-1e2128f3958f,/srv/fim-watch/gen_00040.txt,file_modified,alert_only,high,2026-09-18 00:08:50.64253+00,2026-09-18 00:13:06.597152+00
173a17ef-fc07-4bdc-ab8f-57710e948cf6,/srv/fim-watch/gen_00036.txt,file_modified,alert_only,high,2026-09-18 00:08:50.742542+00,2026-09-18 00:13:06.613231+00
d4d3f8c2-82d6-4201-8923-89f99bfef403,/srv/fim-watch/gen_00036.txt,file_modified,alert_only,high,2026-09-18 00:08:50.842243+00,2026-09-18 00:13:06.628381+00
07080d6c-d84a-47f1-8414-024670516da1,/srv/fim-watch/gen_00073.txt,file_modified,alert_only,high,2026-09-18 00:08:50.942455+00,2026-09-18 00:13:06.643624+00
dd1dbb2e-605d-46df-ace3-e8091293adfb,/srv/fim-watch/gen_00073.txt,file_modified,alert_only,high,2026-09-18 00:08:51.043054+00,2026-09-18 00:13:06.659994+00
b0de7ed0-e313-4dad-8ddd-7866f124ce51,/srv/fim-watch/gen_00042.txt,file_modified,alert_only,high,2026-09-18 00:08:51.143241+00,2026-09-18 00:13:06.676054+00
1f15f678-3d78-43a0-94d1-72baad8378e2,/srv/fim-watch/gen_00040.txt,file_modified,alert_only,high,2026-09-18 00:08:51.242711+00,2026-09-18 00:13:06.692413+00
5aa92c35-5ef5-4ec6-b6b5-cff5e3807809,/srv/fim-watch/gen_00088.txt,file_modified,alert_only,high,2026-09-18 00:08:51.342563+00,2026-09-18 00:13:06.708477+00
ad02742d-92c3-4332-b447-00b7b6144ba0,/srv/fim-watch/gen_00106.txt,file_modified,alert_only,high,2026-09-18 00:08:51.442999+00,2026-09-18 00:13:06.725278+00
75e668c2-0d2d-4508-b49e-08b99fb01a1f,/srv/fim-watch/gen_00076.txt,file_modified,alert_only,high,2026-09-18 00:08:51.542287+00,2026-09-18 00:13:06.740767+00
7604af15-0fd2-4c46-b922-7181e221305c,/srv/fim-watch/gen_00072.txt,file_modified,alert_only,high,2026-09-18 00:08:51.64247+00,2026-09-18 00:13:06.755345+00
32a9f7ed-e1c7-4cad-8ee3-e73d87ebc65d,/srv/fim-watch/gen_00036.txt,file_modified,alert_only,high,2026-09-18 00:08:51.743268+00,2026-09-18 00:13:06.769867+00
1b2043d7-e742-47c1-bd81-18fd157e55ac,/srv/fim-watch/gen_00036.txt,file_modified,alert_only,high,2026-09-18 00:08:51.842519+00,2026-09-18 00:13:06.781892+00
6cbf2790-cbc2-420f-adb4-9794dcfa5326,/srv/fim-watch/gen_00049.txt,file_modified,alert_only,high,2026-09-18 00:08:51.942833+00,2026-09-18 00:13:06.79416+00
5066e00b-89d6-47ab-ae55-5d1594407d66,/srv/fim-watch/gen_00107.txt,file_modified,alert_only,high,2026-09-18 00:08:52.042629+00,2026-09-18 00:13:06.807433+00
f83e16a6-263b-44eb-9c38-2a4071812350,/srv/fim-watch/gen_00107.txt,file_deleted,alert_only,high,2026-09-18 00:08:52.142648+00,2026-09-18 00:13:06.822254+00
b745e424-62c8-4add-9bf9-7958477e6c67,/srv/fim-watch/gen_00054.txt,file_modified,alert_only,high,2026-09-18 00:08:52.24279+00,2026-09-18 00:13:06.836409+00
ce6e2c12-6cf5-4bd6-bf44-984c14e36961,/srv/fim-watch/gen_00103.txt,file_modified,alert_only,high,2026-09-18 00:08:52.34308+00,2026-09-18 00:13:06.85041+00
1c34616c-df94-4051-98ae-b3705c9172e2,/srv/fim-watch/gen_00064.txt,file_modified,alert_only,high,2026-09-18 00:08:52.442583+00,2026-09-18 00:13:06.865435+00
0b96eaa1-907e-4ad9-994c-7c6618622703,/srv/fim-watch/gen_00096.txt,file_modified,alert_only,high,2026-09-18 00:08:52.542935+00,2026-09-18 00:13:06.880436+00
ac7dd167-4a23-4545-b6f6-a4b62455d9c0,/srv/fim-watch/gen_00078.txt,file_modified,alert_only,high,2026-09-18 00:08:52.643709+00,2026-09-18 00:13:06.89726+00
47c4815c-84a0-462c-9f9a-aacc9d8ecc5f,/srv/fim-watch/gen_00020.txt,file_modified,alert_only,high,2026-09-18 00:08:52.743121+00,2026-09-18 00:13:06.911592+00
0054fb36-cc04-4106-b80e-785fb0551c15,/srv/fim-watch/gen_00044.txt,file_modified,alert_only,high,2026-09-18 00:08:52.842569+00,2026-09-18 00:13:06.926522+00
752d6253-85f5-4139-93d2-0ca4db4e177c,/srv/fim-watch/gen_00073.txt,file_modified,alert_only,high,2026-09-18 00:08:52.942244+00,2026-09-18 00:13:06.941416+00
64bfcfd8-8151-447e-9ef6-e2eace90fde2,/srv/fim-watch/gen_00073.txt,file_modified,alert_only,high,2026-09-18 00:08:53.04222+00,2026-09-18 00:13:06.955478+00
20335ca0-24d2-4acc-8a6f-5c5a615dd811,/srv/fim-watch/gen_00108.txt,file_modified,alert_only,high,2026-09-18 00:08:53.142688+00,2026-09-18 00:13:06.970328+00
2a17991a-8164-4212-a5df-9764f4a407e4,/srv/fim-watch/gen_00109.txt,file_modified,alert_only,high,2026-09-18 00:08:53.242433+00,2026-09-18 00:13:06.984398+00
743018e9-92b1-4786-a07d-6fc9ebce99c2,/srv/fim-watch/gen_00033.txt,file_modified,alert_only,high,2026-09-18 00:08:53.342985+00,2026-09-18 00:13:06.99848+00
3fb8d32f-1556-41f1-b5ca-600818b970fe,/srv/fim-watch/gen_00029.txt,file_modified,alert_only,high,2026-09-18 00:08:53.442655+00,2026-09-18 00:13:07.012831+00
28a1f292-59ef-4640-977d-79f819f7eca1,/srv/fim-watch/gen_00029.txt,file_modified,alert_only,high,2026-09-18 00:08:53.54298+00,2026-09-18 00:13:07.027355+00
1b16ca20-646e-46bd-9ae7-0490b6800844,/srv/fim-watch/critico/gen_00110.txt,file_modified,alert_only,critical,2026-09-18 00:08:53.642369+00,2026-09-18 00:13:07.041581+00
3fd62bda-fbdc-493d-adaf-b06bd5c88253,/srv/fim-watch/gen_00111.txt,file_created,alert_only,high,2026-09-18 00:08:53.742671+00,2026-09-18 00:13:07.055479+00
79318ebf-31ff-4e56-a581-8f96efd60bc8,/srv/fim-watch/gen_00079.txt,file_modified,alert_only,high,2026-09-18 00:08:53.842505+00,2026-09-18 00:13:07.069782+00
454d1d29-fdd9-4f9f-ba55-0447eb287e5c,/srv/fim-watch/gen_00060.txt,file_modified,alert_only,high,2026-09-18 00:08:53.942365+00,2026-09-18 00:13:07.085693+00
de311b74-1259-4757-b5ef-573f92a3a630,/srv/fim-watch/gen_00112.txt,file_modified,alert_only,high,2026-09-18 00:08:54.04251+00,2026-09-18 00:13:07.101474+00
b10c55d7-efd8-46ad-8688-059e95fae4c1,/srv/fim-watch/gen_00112.txt,file_deleted,alert_only,high,2026-09-18 00:08:54.142664+00,2026-09-18 00:13:07.117088+00
2596081d-431c-4cdf-816f-54e0eae5b6dd,/srv/fim-watch/gen_00088.txt,file_modified,alert_only,high,2026-09-18 00:08:54.243262+00,2026-09-18 00:13:07.133448+00
ca2d80d3-addb-455e-a788-4135ddbf9a05,/srv/fim-watch/gen_00088.txt,file_modified,alert_only,high,2026-09-18 00:08:54.343154+00,2026-09-18 00:13:07.149907+00
0d006c3e-2aeb-4036-b858-480c07259dd0,/srv/fim-watch/gen_00058.txt,file_modified,alert_only,high,2026-09-18 00:08:54.442508+00,2026-09-18 00:13:07.165497+00
3799ad6c-3e05-423c-9b29-a51d9eddc172,/srv/fim-watch/gen_00048.txt,file_modified,alert_only,high,2026-09-18 00:08:54.54265+00,2026-09-18 00:13:07.181696+00
033b23a1-aa58-4aeb-8e09-1ae081421771,/srv/fim-watch/gen_00042.txt,file_modified,alert_only,high,2026-09-18 00:08:54.641939+00,2026-09-18 00:13:07.197676+00
8b1ff029-629b-4ec1-8f99-942089083832,/srv/fim-watch/gen_00042.txt,file_modified,alert_only,high,2026-09-18 00:08:54.742492+00,2026-09-18 00:13:07.213356+00
141118d0-748d-4bd6-b8fe-c1c52e7c2fba,/srv/fim-watch/gen_00059.txt,file_deleted,alert_only,high,2026-09-18 00:08:54.842503+00,2026-09-18 00:13:07.230576+00
5e390c30-d34e-4c89-8e16-2e9150b3140e,/srv/fim-watch/gen_00113.txt,file_modified,alert_only,high,2026-09-18 00:08:54.942399+00,2026-09-18 00:13:07.246882+00
11954bbb-70b6-4c57-bf96-2805e3dada91,/srv/fim-watch/gen_00092.txt,file_deleted,alert_only,high,2026-09-18 00:08:55.042825+00,2026-09-18 00:13:07.261905+00
fd49e314-fccf-4b35-aa6f-a4ad43b5a3d4,/srv/fim-watch/gen_00006.txt,file_modified,alert_only,high,2026-09-18 00:08:55.14277+00,2026-09-18 00:13:07.277555+00
d8deb4b0-9657-4721-bb7a-7d436247a718,/srv/fim-watch/gen_00072.txt,file_modified,alert_only,high,2026-09-18 00:08:55.242833+00,2026-09-18 00:13:07.293854+00
2ead0735-5c6e-45e8-8c87-63dd947dfd84,/srv/fim-watch/gen_00072.txt,file_modified,alert_only,high,2026-09-18 00:08:55.343092+00,2026-09-18 00:13:07.320887+00
707380b0-9d0e-4488-bd0c-da7fcc809edf,/srv/fim-watch/gen_00070.txt,file_modified,alert_only,high,2026-09-18 00:08:55.442546+00,2026-09-18 00:13:07.328227+00
f0cadfc9-4848-479b-91c4-5445cee691b3,/srv/fim-watch/gen_00079.txt,file_modified,alert_only,high,2026-09-18 00:08:55.542748+00,2026-09-18 00:13:07.34462+00
bdd18b51-9b36-433e-b941-4932957a9051,/srv/fim-watch/gen_00079.txt,file_modified,alert_only,high,2026-09-18 00:08:55.64283+00,2026-09-18 00:13:07.360987+00
40f00d2e-9bab-4360-aadf-1496427e68c9,/srv/fim-watch/gen_00079.txt,file_modified,alert_only,high,2026-09-18 00:08:55.743203+00,2026-09-18 00:13:07.375877+00
11c98d4a-184e-4576-8126-f4b0b475720a,/srv/fim-watch/gen_00079.txt,file_modified,alert_only,high,2026-09-18 00:08:55.842768+00,2026-09-18 00:13:07.389939+00
3d354bc3-7505-46ad-a3ce-71022e2a8127,/srv/fim-watch/gen_00079.txt,file_modified,alert_only,high,2026-09-18 00:08:55.942349+00,2026-09-18 00:13:07.403958+00
ab15a33f-a804-40aa-b0cf-69c733c29d24,/srv/fim-watch/gen_00020.txt,file_modified,alert_only,high,2026-09-18 00:08:56.043172+00,2026-09-18 00:13:07.417958+00
d2a6c4ab-b878-4d15-86f9-2534a97436d6,/srv/fim-watch/gen_00060.txt,file_modified,alert_only,high,2026-09-18 00:08:56.142574+00,2026-09-18 00:13:07.431823+00
4dd69ed3-ffed-4901-89fa-d87834f5a911,/srv/fim-watch/gen_00049.txt,file_modified,alert_only,high,2026-09-18 00:08:56.243255+00,2026-09-18 00:13:07.44596+00
56117442-6a38-4d74-9944-f29518ccd061,/srv/fim-watch/gen_00114.txt,file_modified,alert_only,high,2026-09-18 00:08:56.342943+00,2026-09-18 00:13:07.459941+00
364c064a-c7c7-4445-a7eb-11d4ac0e7770,/srv/fim-watch/gen_00115.txt,file_modified,alert_only,high,2026-09-18 00:08:56.442497+00,2026-09-18 00:13:07.473824+00
ef001229-3b32-40a3-a28a-03844e199159,/srv/fim-watch/gen_00033.txt,file_modified,alert_only,high,2026-09-18 00:08:56.542619+00,2026-09-18 00:13:07.487747+00
92e16c85-fcb2-41ba-a0cf-8fabef7812e8,/srv/fim-watch/gen_00088.txt,file_modified,alert_only,high,2026-09-18 00:08:56.642985+00,2026-09-18 00:13:07.501846+00
f64255bb-d0ac-44ad-902a-b8c0b4c452bb,/srv/fim-watch/gen_00116.txt,file_modified,alert_only,high,2026-09-18 00:08:56.742623+00,2026-09-18 00:13:07.515676+00
78ecbbf5-d4e0-4b12-9d5d-b364ef6a0ede,/srv/fim-watch/gen_00106.txt,file_modified,alert_only,high,2026-09-18 00:08:56.842401+00,2026-09-18 00:13:07.529724+00
6b94114f-89f0-4a30-9904-bf4c0587e609,/srv/fim-watch/gen_00016.txt,file_modified,alert_only,high,2026-09-18 00:08:56.942563+00,2026-09-18 00:13:07.543909+00
f5cd5102-2be7-4aec-b230-55c5b1eca1e0,/srv/fim-watch/gen_00117.txt,file_modified,alert_only,high,2026-09-18 00:08:57.042447+00,2026-09-18 00:13:07.557868+00
74dd89e5-87af-437d-b76b-1054c65e96c5,/srv/fim-watch/gen_00067.txt,file_modified,alert_only,high,2026-09-18 00:08:57.142553+00,2026-09-18 00:13:07.572129+00
0bc29228-b071-4728-a919-4cc885c21634,/srv/fim-watch/critico/gen_00094.txt,file_deleted,alert_only,critical,2026-09-18 00:08:57.242703+00,2026-09-18 00:13:07.587082+00
2af5369b-591c-4c9a-aa5d-9757b6da3866,/srv/fim-watch/gen_00028.txt,file_deleted,alert_only,high,2026-09-18 00:08:57.342712+00,2026-09-18 00:13:07.601423+00
8eee392f-95c6-44f4-ae5a-c91dd51fb226,/srv/fim-watch/gen_00050.txt,file_modified,alert_only,high,2026-09-18 00:08:57.443264+00,2026-09-18 00:13:07.615685+00
d477dff2-6d6b-4771-bee3-c4ae64e1abcd,/srv/fim-watch/critico/gen_00069.txt,file_modified,alert_only,critical,2026-09-18 00:08:57.543181+00,2026-09-18 00:13:07.629752+00
144cd234-6281-43fa-a722-619bdb3f6111,/srv/fim-watch/gen_00118.txt,file_modified,alert_only,high,2026-09-18 00:08:57.642811+00,2026-09-18 00:13:07.643773+00
6d2f8493-0464-4312-a1c9-da7e683d4341,/srv/fim-watch/gen_00118.txt,file_deleted,alert_only,high,2026-09-18 00:08:57.74279+00,2026-09-18 00:13:07.657373+00
8d4d2f94-3756-4ed7-a197-b5895e6da5f2,/srv/fim-watch/gen_00044.txt,file_modified,alert_only,high,2026-09-18 00:08:57.842941+00,2026-09-18 00:13:07.671489+00
50873a39-1b1f-4ed7-826a-1b291c7729a0,/srv/fim-watch/gen_00044.txt,file_modified,alert_only,high,2026-09-18 00:08:57.942743+00,2026-09-18 00:13:07.685619+00
f535e776-a72d-4dc0-a7a1-856bfb212089,/srv/fim-watch/gen_00044.txt,file_modified,alert_only,high,2026-09-18 00:08:58.042296+00,2026-09-18 00:13:07.701794+00
3d355dfb-4722-4222-9610-ae6c3aeb0e98,/srv/fim-watch/gen_00044.txt,file_modified,alert_only,high,2026-09-18 00:08:58.142371+00,2026-09-18 00:13:07.72041+00
246ef5c8-98e4-424b-a49d-10df056bd107,/srv/fim-watch/gen_00044.txt,file_modified,alert_only,high,2026-09-18 00:08:58.24274+00,2026-09-18 00:13:07.73753+00
6634ef31-545c-4e4b-b508-8178600ad5a1,/srv/fim-watch/gen_00116.txt,file_modified,alert_only,high,2026-09-18 00:08:58.343191+00,2026-09-18 00:13:07.755048+00
50a65430-8ea7-4e87-b7c3-7ae598e193cb,/srv/fim-watch/gen_00119.txt,file_modified,alert_only,high,2026-09-18 00:08:58.442593+00,2026-09-18 00:13:07.770668+00
e17dec17-67d7-44de-b7eb-59489b729931,/srv/fim-watch/gen_00042.txt,file_modified,alert_only,high,2026-09-18 00:08:58.542557+00,2026-09-18 00:13:07.787048+00
1947257b-bafd-4ea9-8013-fc8149c2c781,/srv/fim-watch/gen_00120.txt,file_modified,alert_only,high,2026-09-18 00:08:58.641908+00,2026-09-18 00:13:07.802361+00
6adec97b-0b81-4e70-9369-b619ea0f6110,/srv/fim-watch/gen_00121.txt,file_modified,alert_only,high,2026-09-18 00:08:58.742614+00,2026-09-18 00:13:07.817508+00
3e17553c-4397-4390-92b5-f937a51effe2,/srv/fim-watch/gen_00058.txt,file_modified,alert_only,high,2026-09-18 00:08:58.842602+00,2026-09-18 00:13:07.831511+00
7834f5e4-5623-4cca-a252-0c581680396c,/srv/fim-watch/gen_00122.txt,file_modified,alert_only,high,2026-09-18 00:08:58.94234+00,2026-09-18 00:13:07.845296+00
64a8208e-0937-40ef-8fe5-970a78ea7d06,/srv/fim-watch/critico/gen_00123.txt,file_created,alert_only,critical,2026-09-18 00:08:59.042583+00,2026-09-18 00:13:07.859502+00
ce2cf559-6c69-44cf-b155-6e82b8edd096,/srv/fim-watch/gen_00102.txt,file_modified,alert_only,high,2026-09-18 00:08:59.142534+00,2026-09-18 00:13:07.873519+00
b936337f-afdf-476d-ba06-e6e9c71ebd98,/srv/fim-watch/gen_00090.txt,file_modified,alert_only,high,2026-09-18 00:08:59.243104+00,2026-09-18 00:13:07.887867+00
ff241afc-39ba-45a1-beac-c5ce8c24f3f2,/srv/fim-watch/gen_00090.txt,file_modified,alert_only,high,2026-09-18 00:08:59.342811+00,2026-09-18 00:13:07.903673+00
c8169499-08e2-4064-b0bd-ba2d37029849,/srv/fim-watch/gen_00098.txt,file_modified,alert_only,high,2026-09-18 00:08:59.442292+00,2026-09-18 00:13:07.91808+00
017dbe29-e945-41d1-b2bf-82eb2b9c5848,/srv/fim-watch/gen_00001.txt,file_modified,alert_only,high,2026-09-18 00:07:55.041529+00,2026-09-18 00:13:07.932929+00
2443349e-cd92-4b77-98c9-d38e290d92f5,/srv/fim-watch/gen_00001.txt,file_modified,alert_only,high,2026-09-18 00:07:55.142626+00,2026-09-18 00:13:07.948752+00
3c0f0835-579f-47ef-a4dd-1a7676001f09,/srv/fim-watch/gen_00001.txt,file_modified,alert_only,high,2026-09-18 00:07:55.242437+00,2026-09-18 00:13:07.963181+00
a375a1de-9c72-42b6-9c0f-521b98e225a2,/srv/fim-watch/gen_00001.txt,file_modified,alert_only,high,2026-09-18 00:07:55.341875+00,2026-09-18 00:13:07.975728+00
2c38738a-2033-4fe2-8cd7-22ac1bd2ce36,/srv/fim-watch/gen_00001.txt,file_modified,alert_only,high,2026-09-18 00:07:55.442522+00,2026-09-18 00:13:07.991508+00
8d25dc8c-5f85-4dd9-8146-25bb10900979,/srv/fim-watch/gen_00002.txt,file_modified,alert_only,high,2026-09-18 00:07:55.542605+00,2026-09-18 00:13:08.005563+00
be1b2d01-44a7-4939-9211-a5a0fef44005,/srv/fim-watch/critico/gen_00003.txt,file_modified,alert_only,critical,2026-09-18 00:07:55.642546+00,2026-09-18 00:13:08.018242+00
0136f110-5b2a-4922-a7f9-78e07b306996,/srv/fim-watch/gen_00001.txt,file_deleted,alert_only,high,2026-09-18 00:07:55.742542+00,2026-09-18 00:13:08.031114+00
6f0ffd2b-edb9-4b78-a966-ca76d3810f08,/srv/fim-watch/gen_00004.txt,file_modified,alert_only,high,2026-09-18 00:07:55.842447+00,2026-09-18 00:13:08.058405+00
b98af92b-753f-4551-889c-9d1de163cc68,/srv/fim-watch/gen_00068.txt,file_modified,alert_only,high,2026-09-18 00:08:59.541692+00,2026-09-18 00:13:08.066043+00
c9a54028-db50-4860-a0e4-1fe6754d3ebf,/srv/fim-watch/critico/gen_00003.txt,file_modified,alert_only,critical,2026-09-18 00:07:55.942565+00,2026-09-18 00:13:08.084635+00
45f481e6-5cf7-403d-b205-190f376024f9,/srv/fim-watch/critico/gen_00003.txt,file_modified,alert_only,critical,2026-09-18 00:07:56.043173+00,2026-09-18 00:13:08.099133+00
2eab7525-193a-4a46-a2b2-0aa76ebface3,/srv/fim-watch/gen_00004.txt,file_modified,alert_only,high,2026-09-18 00:07:56.143305+00,2026-09-18 00:13:08.112307+00
e1b1f833-7e70-4d23-af33-e5b1321b76b5,/srv/fim-watch/gen_00002.txt,file_modified,alert_only,high,2026-09-18 00:07:56.242806+00,2026-09-18 00:13:08.126598+00
a34e88c5-4c32-404a-96ef-6469bed6e6dc,/srv/fim-watch/critico/gen_00003.txt,file_modified,alert_only,critical,2026-09-18 00:07:56.342584+00,2026-09-18 00:13:08.140501+00
3e7575cb-acd6-40c2-90ca-051bc252ebcf,/srv/fim-watch/gen_00005.txt,file_modified,alert_only,high,2026-09-18 00:07:56.442674+00,2026-09-18 00:13:08.155068+00
b4c04074-3ed7-4841-a365-11025fed07b1,/srv/fim-watch/gen_00005.txt,file_deleted,alert_only,high,2026-09-18 00:07:56.542998+00,2026-09-18 00:13:08.171256+00
8e7d5191-91f3-41e3-b237-cb02acdc7b46,/srv/fim-watch/gen_00006.txt,file_modified,alert_only,high,2026-09-18 00:07:56.642643+00,2026-09-18 00:13:08.190457+00
0e2b2e86-fbdc-4eda-857c-4b1c24fc1545,/srv/fim-watch/gen_00007.txt,file_modified,alert_only,high,2026-09-18 00:07:56.742902+00,2026-09-18 00:13:08.208633+00
45e3c0ab-d4a1-41b3-87b8-448a1fba5992,/srv/fim-watch/gen_00004.txt,file_modified,alert_only,high,2026-09-18 00:07:56.843899+00,2026-09-18 00:13:08.226652+00
6b7437bf-e2ed-43d4-895e-4b57334d77d7,/srv/fim-watch/critico/gen_00003.txt,file_modified,alert_only,critical,2026-09-18 00:07:56.942709+00,2026-09-18 00:13:08.244747+00
e5898bf6-ccb7-4986-b667-4b6078bb2254,/srv/fim-watch/critico/gen_00003.txt,file_modified,alert_only,critical,2026-09-18 00:07:57.043354+00,2026-09-18 00:13:08.261521+00
26199d86-dbeb-48a3-baed-549272809ad6,/srv/fim-watch/critico/gen_00003.txt,file_modified,alert_only,critical,2026-09-18 00:07:57.143318+00,2026-09-18 00:13:08.277712+00
f8f89cba-fe0e-42e9-ad75-39b8f8037598,/srv/fim-watch/gen_00006.txt,file_modified,alert_only,high,2026-09-18 00:07:57.242284+00,2026-09-18 00:13:08.293328+00
d1029eed-2203-4e4a-a364-8d7b94e881c2,/srv/fim-watch/critico/gen_00003.txt,file_deleted,alert_only,critical,2026-09-18 00:07:57.342596+00,2026-09-18 00:13:08.308305+00
1f0aedb1-d877-485e-be96-73f3c9ca8f6a,/srv/fim-watch/gen_00006.txt,file_modified,alert_only,high,2026-09-18 00:07:57.442785+00,2026-09-18 00:13:08.325727+00
5c54fa21-2e94-44ed-825a-f9ee0a0b95d1,/srv/fim-watch/gen_00008.txt,file_modified,alert_only,high,2026-09-18 00:07:57.542556+00,2026-09-18 00:13:08.340638+00
67fb8e47-7864-487b-aabd-b4d8f8fe9967,/srv/fim-watch/gen_00007.txt,file_modified,alert_only,high,2026-09-18 00:07:57.642483+00,2026-09-18 00:13:08.357549+00
1d27480c-af72-4df8-a3ca-2120e92c88f9,/srv/fim-watch/gen_00007.txt,file_modified,alert_only,high,2026-09-18 00:07:57.743338+00,2026-09-18 00:13:08.371343+00
4b2d2381-d546-4f2e-b71b-edab5a2b68d8,/srv/fim-watch/gen_00002.txt,file_modified,alert_only,high,2026-09-18 00:07:57.842592+00,2026-09-18 00:13:08.385013+00
4dc72445-8de6-408e-86fd-bb80a6a303e0,/srv/fim-watch/critico/gen_00047.txt,file_deleted,alert_only,critical,2026-09-18 00:08:59.641676+00,2026-09-18 00:13:08.399828+00
939a070c-f94e-4375-a222-2719c4847874,/srv/fim-watch/gen_00009.txt,file_modified,alert_only,high,2026-09-18 00:07:57.942792+00,2026-09-18 00:13:08.414953+00
a4481284-854b-4240-ac80-732a0cd02393,/srv/fim-watch/gen_00009.txt,file_deleted,alert_only,high,2026-09-18 00:07:58.042782+00,2026-09-18 00:13:08.43015+00
d687bfe2-b907-4d95-a2b5-31483e16e153,/srv/fim-watch/gen_00006.txt,file_modified,alert_only,high,2026-09-18 00:07:58.142553+00,2026-09-18 00:13:08.446449+00
3c69d6fb-7028-4c3f-86f2-f9df18ff1304,/srv/fim-watch/gen_00007.txt,file_modified,alert_only,high,2026-09-18 00:07:58.242779+00,2026-09-18 00:13:08.461625+00
bca65e16-cb09-49f5-ba77-91157b9a036f,/srv/fim-watch/gen_00002.txt,file_deleted,alert_only,high,2026-09-18 00:07:58.342348+00,2026-09-18 00:13:08.476677+00
30e99965-11fe-4757-ae46-8f3b96cb2d31,/srv/fim-watch/gen_00010.txt,file_modified,alert_only,high,2026-09-18 00:07:58.442729+00,2026-09-18 00:13:08.490639+00
c94ba3df-c82c-4264-884b-d7a1dd397fe2,/srv/fim-watch/gen_00010.txt,file_modified,alert_only,high,2026-09-18 00:07:58.54252+00,2026-09-18 00:13:08.504197+00
b643aeeb-0b9f-4880-a2b1-7db78b12186e,/srv/fim-watch/gen_00004.txt,file_modified,alert_only,high,2026-09-18 00:07:58.643305+00,2026-09-18 00:13:08.518729+00
7ae621b6-9767-42db-aa14-3999e3406f42,/srv/fim-watch/gen_00004.txt,file_modified,alert_only,high,2026-09-18 00:07:58.743317+00,2026-09-18 00:13:08.533338+00
a4f030d9-2ac1-4722-9d74-0ea6d6befe41,/srv/fim-watch/gen_00004.txt,file_modified,alert_only,high,2026-09-18 00:07:58.842829+00,2026-09-18 00:13:08.548977+00
e56169bf-2ede-47d8-9f5f-8821bdde19c7,/srv/fim-watch/critico/gen_00061.txt,file_modified,alert_only,critical,2026-09-18 00:08:59.742313+00,2026-09-18 00:13:08.595099+00
95631795-e133-45e9-a1a8-b1c810f57d19,/srv/fim-watch/critico/gen_00069.txt,file_modified,alert_only,critical,2026-09-18 00:08:59.842364+00,2026-09-18 00:13:08.600991+00
4c59c357-134f-464a-a699-2d750a2a0259,/srv/fim-watch/gen_00124.txt,file_modified,alert_only,high,2026-09-18 00:08:59.942441+00,2026-09-18 00:13:08.615049+00
4eba635f-9dea-422b-9adb-3243bc5330bb,/srv/fim-watch/gen_00097.txt,file_deleted,alert_only,high,2026-09-18 00:09:00.042492+00,2026-09-18 00:13:08.629525+00
ded9bd07-a776-4993-befe-404076afdcf9,/srv/fim-watch/gen_00033.txt,file_modified,alert_only,high,2026-09-18 00:09:00.142492+00,2026-09-18 00:13:08.644354+00
36803c04-2b73-40a8-9226-940eaa755638,/srv/fim-watch/gen_00076.txt,file_deleted,alert_only,high,2026-09-18 00:09:00.242671+00,2026-09-18 00:13:08.65913+00
979d3cc5-671d-4391-8483-38d7a0b79529,/srv/fim-watch/gen_00100.txt,file_modified,alert_only,high,2026-09-18 00:09:00.342987+00,2026-09-18 00:13:08.67389+00
7fcd7c0b-e814-4bf8-a5e2-c7e0ab36fd3c,/srv/fim-watch/critico/gen_00053.txt,file_modified,alert_only,critical,2026-09-18 00:09:00.442496+00,2026-09-18 00:13:08.688603+00
5e5afbd1-21cb-4399-afa9-610a0a25b2fc,/srv/fim-watch/gen_00093.txt,file_modified,alert_only,high,2026-09-18 00:09:00.543225+00,2026-09-18 00:13:08.703301+00
9476d204-09d5-4363-a10d-64ce2041bffc,/srv/fim-watch/gen_00125.txt,file_modified,alert_only,high,2026-09-18 00:09:00.642554+00,2026-09-18 00:13:08.721584+00
cc6a7e32-d428-4a17-be4f-29df411caf9b,/srv/fim-watch/gen_00104.txt,file_modified,alert_only,high,2026-09-18 00:09:00.743192+00,2026-09-18 00:13:08.740649+00
8c4af2e0-44a2-4ad8-ba3e-13150aac2211,/srv/fim-watch/gen_00115.txt,file_modified,alert_only,high,2026-09-18 00:09:00.842943+00,2026-09-18 00:13:08.7663+00
6baf1eeb-11e3-49bd-bea4-f5ec06dd3570,/srv/fim-watch/gen_00126.txt,file_modified,alert_only,high,2026-09-18 00:09:00.941717+00,2026-09-18 00:13:08.772948+00
92d326df-e0d7-4640-9815-d219ace0d549,/srv/fim-watch/gen_00114.txt,file_modified,alert_only,high,2026-09-18 00:09:01.042818+00,2026-09-18 00:13:08.788474+00
0b2a375f-99ef-4dcf-8c22-87bc9b51937a,/srv/fim-watch/gen_00122.txt,file_modified,alert_only,high,2026-09-18 00:09:01.14252+00,2026-09-18 00:13:08.803947+00
e3abadd0-13a3-486c-83f1-54d52fddeab8,/srv/fim-watch/gen_00127.txt,file_modified,alert_only,high,2026-09-18 00:09:01.242777+00,2026-09-18 00:13:08.818354+00
da0c98fb-cfe7-4899-a850-37e815109658,/srv/fim-watch/gen_00128.txt,file_modified,alert_only,high,2026-09-18 00:09:01.342605+00,2026-09-18 00:13:08.832607+00
c4c207c6-282d-4b16-8675-f79ab1d6a7d4,/srv/fim-watch/gen_00098.txt,file_modified,alert_only,high,2026-09-18 00:09:01.442355+00,2026-09-18 00:13:08.845337+00
2819aca3-8851-4543-b06f-971b0822e315,/srv/fim-watch/critico/gen_00110.txt,file_modified,alert_only,critical,2026-09-18 00:09:01.542907+00,2026-09-18 00:13:08.861776+00
b39748eb-4a29-4d90-8fbc-dae40ff1b3ac,/srv/fim-watch/critico/gen_00110.txt,file_modified,alert_only,critical,2026-09-18 00:09:01.643122+00,2026-09-18 00:13:08.8767+00
bd601aa8-0891-4f99-a1ef-76c03036fe37,/srv/fim-watch/gen_00090.txt,file_deleted,alert_only,high,2026-09-18 00:09:01.742763+00,2026-09-18 00:13:08.889471+00
5729f1d6-9080-4a23-9820-2eeeebcc4e36,/srv/fim-watch/gen_00116.txt,file_modified,alert_only,high,2026-09-18 00:09:01.842515+00,2026-09-18 00:13:08.903603+00
5da718fe-97ee-42b0-9804-2b6007febe78,/srv/fim-watch/gen_00125.txt,file_modified,alert_only,high,2026-09-18 00:09:01.942627+00,2026-09-18 00:13:08.919571+00
650e3915-ae0f-4ab3-a4bd-38aeba4fcaa4,/srv/fim-watch/gen_00129.txt,file_modified,alert_only,high,2026-09-18 00:09:02.042529+00,2026-09-18 00:13:08.935906+00
c02f3131-8134-446a-80f4-2733e1c58bbb,/srv/fim-watch/critico/gen_00130.txt,file_created,alert_only,critical,2026-09-18 00:09:02.142795+00,2026-09-18 00:13:08.95284+00
19bce565-5bea-45fd-9db9-6fe8b4d5eafc,/srv/fim-watch/gen_00131.txt,file_modified,alert_only,high,2026-09-18 00:09:02.242783+00,2026-09-18 00:13:08.964962+00
c2a6f364-b2dd-4ab2-84d0-b36ce7602cc2,/srv/fim-watch/gen_00100.txt,file_modified,alert_only,high,2026-09-18 00:09:02.342416+00,2026-09-18 00:13:08.977575+00
ac67f700-5e06-4b6c-9339-48f1d98befc2,/srv/fim-watch/gen_00054.txt,file_modified,alert_only,high,2026-09-18 00:09:02.442731+00,2026-09-18 00:13:08.991154+00
9e126dae-37d9-400f-91a1-2b12782ef112,/srv/fim-watch/gen_00132.txt,file_modified,alert_only,high,2026-09-18 00:09:02.54258+00,2026-09-18 00:13:09.005011+00
241f7bb9-dcff-4f69-bf2b-58d13b33236a,/srv/fim-watch/gen_00129.txt,file_modified,alert_only,high,2026-09-18 00:09:02.642474+00,2026-09-18 00:13:09.018349+00
73356592-7c18-415e-bcb9-299d2e4df32f,/srv/fim-watch/gen_00099.txt,file_modified,alert_only,high,2026-09-18 00:09:02.742615+00,2026-09-18 00:13:09.032123+00
21ae5f39-eab8-46a8-aae6-55fc37f55772,/srv/fim-watch/gen_00099.txt,file_modified,alert_only,high,2026-09-18 00:09:02.842809+00,2026-09-18 00:13:09.047958+00
349f6cd7-0a5c-44c1-b25f-38110e58170b,/srv/fim-watch/critico/gen_00061.txt,file_modified,alert_only,critical,2026-09-18 00:09:02.942181+00,2026-09-18 00:13:09.064088+00
5159935c-df5b-44bc-bb7c-1d54f998f446,/srv/fim-watch/gen_00104.txt,file_modified,alert_only,high,2026-09-18 00:09:03.043164+00,2026-09-18 00:13:09.08089+00
dbce8b1c-450e-43df-a841-56a4f27822dc,/srv/fim-watch/critico/gen_00110.txt,file_modified,alert_only,critical,2026-09-18 00:09:03.141994+00,2026-09-18 00:13:09.096629+00
37fa9568-c674-4333-a251-4ac1e8621b65,/srv/fim-watch/critico/gen_00110.txt,file_deleted,alert_only,critical,2026-09-18 00:09:03.242776+00,2026-09-18 00:13:09.112341+00
29f3ab63-1a85-4dfe-952b-8a42b5f9ef3a,/srv/fim-watch/gen_00079.txt,file_modified,alert_only,high,2026-09-18 00:09:03.342624+00,2026-09-18 00:13:09.126873+00
da864014-e95f-4769-8d94-5afa0c30c881,/srv/fim-watch/gen_00109.txt,file_modified,alert_only,high,2026-09-18 00:09:03.442916+00,2026-09-18 00:13:09.142461+00
048942e1-8270-4991-8803-06b294c66594,/srv/fim-watch/gen_00119.txt,file_deleted,alert_only,high,2026-09-18 00:09:03.543108+00,2026-09-18 00:13:09.157882+00
6f8b165a-95be-4664-be82-819f3e7679a9,/srv/fim-watch/gen_00042.txt,file_modified,alert_only,high,2026-09-18 00:09:03.643016+00,2026-09-18 00:13:09.173493+00
2809bce3-f62d-4dec-b542-3557432338a3,/srv/fim-watch/gen_00093.txt,file_modified,alert_only,high,2026-09-18 00:09:03.742905+00,2026-09-18 00:13:09.189563+00
1eca5c97-2853-4b97-8079-58087891ae06,/srv/fim-watch/critico/gen_00069.txt,file_deleted,alert_only,critical,2026-09-18 00:09:03.84273+00,2026-09-18 00:13:09.205792+00
5630df3c-04ec-47a7-bd2d-dfab67cb3bc2,/srv/fim-watch/gen_00133.txt,file_modified,alert_only,high,2026-09-18 00:09:03.942499+00,2026-09-18 00:13:09.221235+00
6988af51-1076-4664-84bd-0511bb1a289e,/srv/fim-watch/gen_00133.txt,file_deleted,alert_only,high,2026-09-18 00:09:04.042805+00,2026-09-18 00:13:09.238955+00
90eedd0b-4d57-4f72-a629-99f1d8311c36,/srv/fim-watch/gen_00079.txt,file_modified,alert_only,high,2026-09-18 00:09:04.143296+00,2026-09-18 00:13:09.25382+00
955df51f-4a00-4a69-8cf5-a5f8768b0be8,/srv/fim-watch/gen_00116.txt,file_modified,alert_only,high,2026-09-18 00:09:04.242761+00,2026-09-18 00:13:09.269457+00
e116d1f6-dde4-4fd8-93c7-44767cdd836e,/srv/fim-watch/gen_00068.txt,file_modified,alert_only,high,2026-09-18 00:09:04.343275+00,2026-09-18 00:13:09.283819+00
f38a1a09-4701-4e2b-b616-a9c95f86e422,/srv/fim-watch/gen_00088.txt,file_modified,alert_only,high,2026-09-18 00:09:04.442819+00,2026-09-18 00:13:09.298232+00
44a1d310-e79f-4639-87ba-464d2a5c7f09,/srv/fim-watch/gen_00088.txt,file_modified,alert_only,high,2026-09-18 00:09:04.543334+00,2026-09-18 00:13:09.312961+00
4438b8b5-96c4-4b26-be54-72164678e12b,/srv/fim-watch/gen_00088.txt,file_modified,alert_only,high,2026-09-18 00:09:04.643192+00,2026-09-18 00:13:09.32869+00
e650f550-09f0-481f-b313-7b446f676123,/srv/fim-watch/gen_00088.txt,file_modified,alert_only,high,2026-09-18 00:09:04.74255+00,2026-09-18 00:13:09.383298+00
dfa590b4-395d-450b-8e34-00a5605c1820,/srv/fim-watch/gen_00088.txt,file_modified,alert_only,high,2026-09-18 00:09:04.842006+00,2026-09-18 00:13:09.495469+00
1d79a020-2242-46a5-8b54-bc58160e9663,/srv/fim-watch/gen_00134.txt,file_modified,alert_only,high,2026-09-18 00:09:04.94254+00,2026-09-18 00:13:09.570825+00
e91290a6-a6d2-4edd-b770-8a0967c70327,/srv/fim-watch/gen_00100.txt,file_modified,alert_only,high,2026-09-18 00:09:05.042702+00,2026-09-18 00:13:09.576321+00
55809539-b2c8-4d6f-8539-f805fb8815c0,/srv/fim-watch/gen_00044.txt,file_deleted,alert_only,high,2026-09-18 00:09:05.143021+00,2026-09-18 00:13:09.590359+00
3bbb2aad-9ee0-4673-a7d1-320fe3cc5141,/srv/fim-watch/gen_00135.txt,file_modified,alert_only,high,2026-09-18 00:09:05.243089+00,2026-09-18 00:13:09.602818+00
2ba410b5-d53d-411a-b246-389ad1c21ea5,/srv/fim-watch/gen_00060.txt,file_modified,alert_only,high,2026-09-18 00:09:05.343354+00,2026-09-18 00:13:09.614117+00
5a0bd1a2-aa9c-41c3-b743-9a6f0503dd29,/srv/fim-watch/gen_00121.txt,file_modified,alert_only,high,2026-09-18 00:09:05.442532+00,2026-09-18 00:13:09.62553+00
bc50fd7f-42e9-4b33-b994-a83120659ba8,/srv/fim-watch/gen_00121.txt,file_modified,alert_only,high,2026-09-18 00:09:05.543358+00,2026-09-18 00:13:09.638892+00
d4990be0-872b-4984-b102-d7a2c7620721,/srv/fim-watch/gen_00121.txt,file_modified,alert_only,high,2026-09-18 00:09:05.643368+00,2026-09-18 00:13:09.654269+00
1f68cfaa-d332-4cc7-a9bf-3773a8684e2e,/srv/fim-watch/gen_00121.txt,file_modified,alert_only,high,2026-09-18 00:09:05.743078+00,2026-09-18 00:13:09.678475+00
74ec5c88-1244-4ed0-a18e-2aa0bc126a95,/srv/fim-watch/gen_00121.txt,file_modified,alert_only,high,2026-09-18 00:09:05.843202+00,2026-09-18 00:13:09.684738+00
23bf28d7-7ec4-45b5-bb3c-62f3e3cfde6b,/srv/fim-watch/gen_00084.txt,file_modified,alert_only,high,2026-09-18 00:09:05.94246+00,2026-09-18 00:13:09.700815+00
36d57827-849c-4155-a933-7c19f71d3ffa,/srv/fim-watch/gen_00084.txt,file_modified,alert_only,high,2026-09-18 00:09:06.042697+00,2026-09-18 00:13:09.715561+00
3e414f99-dd0c-4564-8a89-be441e07a989,/srv/fim-watch/gen_00136.txt,file_created,alert_only,high,2026-09-18 00:09:06.142981+00,2026-09-18 00:13:09.729836+00
14a31aa1-cbf6-461d-98b7-5e15fc2d9083,/srv/fim-watch/gen_00100.txt,file_modified,alert_only,high,2026-09-18 00:09:06.24326+00,2026-09-18 00:13:09.744488+00
e2b41c76-bd21-43fe-beae-103749cceaba,/srv/fim-watch/gen_00060.txt,file_modified,alert_only,high,2026-09-18 00:09:06.343379+00,2026-09-18 00:13:09.761325+00
25713aad-aa3d-4cf2-88f2-ed4ea1be8ef5,/srv/fim-watch/gen_00060.txt,file_modified,alert_only,high,2026-09-18 00:09:06.442731+00,2026-09-18 00:13:09.780577+00
6c729d98-faa8-464c-81fe-34f963e4d2e2,/srv/fim-watch/gen_00067.txt,file_modified,alert_only,high,2026-09-18 00:09:06.542978+00,2026-09-18 00:13:09.798092+00
83aea489-6634-4ceb-8b37-880ff8d1f9c3,/srv/fim-watch/gen_00042.txt,file_modified,alert_only,high,2026-09-18 00:09:06.642705+00,2026-09-18 00:13:09.814985+00
e1b0bf57-97f9-4376-ab1e-f6f653b014a5,/srv/fim-watch/gen_00137.txt,file_modified,alert_only,high,2026-09-18 00:09:06.742825+00,2026-09-18 00:13:09.832336+00
30048a08-5e18-4140-9705-212ae250c657,/srv/fim-watch/gen_00137.txt,file_deleted,alert_only,high,2026-09-18 00:09:06.843038+00,2026-09-18 00:13:09.847212+00
f232af5d-2ec8-466d-8d07-63e29aad5d28,/srv/fim-watch/critico/gen_00061.txt,file_modified,alert_only,critical,2026-09-18 00:09:06.942695+00,2026-09-18 00:13:09.859988+00
385c1c7d-7cd0-478c-b51f-4b0344d5ccc9,/srv/fim-watch/gen_00121.txt,file_deleted,alert_only,high,2026-09-18 00:09:07.042667+00,2026-09-18 00:13:09.873198+00
e6bed99f-51f9-4d42-94ae-351968115768,/srv/fim-watch/gen_00085.txt,file_modified,alert_only,high,2026-09-18 00:09:07.14329+00,2026-09-18 00:13:09.886623+00
7c257f96-2682-4087-b5ab-8c0cef889cfb,/srv/fim-watch/gen_00085.txt,file_modified,alert_only,high,2026-09-18 00:09:07.242803+00,2026-09-18 00:13:09.900799+00
234bc484-857c-4624-b85c-cd95f0a964df,/srv/fim-watch/gen_00116.txt,file_modified,alert_only,high,2026-09-18 00:09:07.343145+00,2026-09-18 00:13:09.913547+00
52e1647c-2a3f-4e56-8ee8-16295b125b86,/srv/fim-watch/gen_00136.txt,file_modified,alert_only,high,2026-09-18 00:09:07.442562+00,2026-09-18 00:13:09.92682+00
85fc57c6-5592-4114-961e-f0a592655ca4,/srv/fim-watch/gen_00029.txt,file_modified,alert_only,high,2026-09-18 00:09:07.542976+00,2026-09-18 00:13:09.940454+00
25ef2670-0b2f-4f9b-9666-0e391a8f8413,/srv/fim-watch/critico/gen_00123.txt,file_modified,alert_only,critical,2026-09-18 00:09:07.642996+00,2026-09-18 00:13:09.954358+00
a71b57c0-0507-4832-8e9c-6fb9d5869d7b,/srv/fim-watch/gen_00062.txt,file_modified,alert_only,high,2026-09-18 00:09:07.742767+00,2026-09-18 00:13:09.968098+00
b2cfd25f-81a2-4c16-bfa9-4aaa436bced0,/srv/fim-watch/gen_00065.txt,file_modified,alert_only,high,2026-09-18 00:09:07.843174+00,2026-09-18 00:13:09.981615+00
1c5a980e-bdfa-4110-89aa-e763b7e94b13,/srv/fim-watch/gen_00106.txt,file_modified,alert_only,high,2026-09-18 00:09:07.942658+00,2026-09-18 00:13:09.995501+00
b1b609e2-3745-4afa-b12b-f823dc56d497,/srv/fim-watch/critico/gen_00138.txt,file_modified,alert_only,critical,2026-09-18 00:09:08.043035+00,2026-09-18 00:13:10.009146+00
af83197c-06c9-4fa4-8406-403875a30002,/srv/fim-watch/critico/gen_00138.txt,file_deleted,alert_only,critical,2026-09-18 00:09:08.14244+00,2026-09-18 00:13:10.023906+00
7770e8e9-2f26-4138-86b2-2671e7e45e6a,/srv/fim-watch/gen_00054.txt,file_modified,alert_only,high,2026-09-18 00:09:08.24317+00,2026-09-18 00:13:10.038309+00
caed27c1-4a0f-445d-a99f-83cdf1d10924,/srv/fim-watch/gen_00072.txt,file_deleted,alert_only,high,2026-09-18 00:09:08.442417+00,2026-09-18 00:13:10.052445+00
26371dc7-9d0f-43ce-9ac0-0b163094f45c,/srv/fim-watch/gen_00116.txt,file_modified,alert_only,high,2026-09-18 00:09:08.543301+00,2026-09-18 00:13:10.066048+00
3520edf5-85c6-413c-902c-c6d1ec5aad07,/srv/fim-watch/gen_00116.txt,file_modified,alert_only,high,2026-09-18 00:09:08.642929+00,2026-09-18 00:13:10.082243+00
76cdaecf-166f-4f81-9e0c-9e6b3ecf125a,/srv/fim-watch/gen_00116.txt,file_modified,alert_only,high,2026-09-18 00:09:08.742741+00,2026-09-18 00:13:10.099682+00
e5dd18a8-f238-4c35-adea-97748b14a433,/srv/fim-watch/gen_00116.txt,file_modified,alert_only,high,2026-09-18 00:09:08.842797+00,2026-09-18 00:13:10.115042+00
85b964bd-67de-4fb2-9ef7-9ab4a4159a25,/srv/fim-watch/gen_00116.txt,file_modified,alert_only,high,2026-09-18 00:09:08.942531+00,2026-09-18 00:13:10.12875+00
2885e948-2c31-4950-b093-f7b949f7048e,/srv/fim-watch/gen_00078.txt,file_modified,alert_only,high,2026-09-18 00:09:09.042786+00,2026-09-18 00:13:10.142573+00
8caa9593-897a-45ab-bc2d-128f04ae07ab,/srv/fim-watch/gen_00140.txt,file_modified,alert_only,high,2026-09-18 00:09:09.143237+00,2026-09-18 00:13:10.158587+00
f9d108f5-bcbb-4931-94c1-326825eea78b,/srv/fim-watch/gen_00086.txt,file_modified,alert_only,high,2026-09-18 00:09:09.243021+00,2026-09-18 00:13:10.172706+00
cefac782-cf6e-4785-92fe-faa4351bef2f,/srv/fim-watch/gen_00086.txt,file_modified,alert_only,high,2026-09-18 00:09:09.343074+00,2026-09-18 00:13:10.188875+00
f51a7425-d130-4686-b11f-3102c25ee2e9,/srv/fim-watch/gen_00086.txt,file_modified,alert_only,high,2026-09-18 00:09:09.442527+00,2026-09-18 00:13:10.204702+00
0e9cd6e8-b5ef-4143-b056-08489c9cbc3c,/srv/fim-watch/gen_00086.txt,file_modified,alert_only,high,2026-09-18 00:09:09.543248+00,2026-09-18 00:13:10.219745+00
a5ad456b-caef-4df5-8795-f99943140b81,/srv/fim-watch/gen_00086.txt,file_modified,alert_only,high,2026-09-18 00:09:09.642961+00,2026-09-18 00:13:10.23685+00
15e9c94f-fd9f-4ec1-8e72-f179a23e9a76,/srv/fim-watch/critico/gen_00141.txt,file_modified,alert_only,critical,2026-09-18 00:09:09.742961+00,2026-09-18 00:13:10.251931+00
ffd9ada9-d29b-4dfd-85c8-fbfad68fba10,/srv/fim-watch/gen_00088.txt,file_modified,alert_only,high,2026-09-18 00:09:09.842229+00,2026-09-18 00:13:10.266065+00
9388ba3d-b943-486c-ac2c-8f8777ce9144,/srv/fim-watch/gen_00140.txt,file_modified,alert_only,high,2026-09-18 00:09:09.942044+00,2026-09-18 00:13:10.307883+00
ad5e3091-f758-42be-ae5e-3c5620b816c7,/srv/fim-watch/gen_00073.txt,file_modified,alert_only,high,2026-09-18 00:09:10.041961+00,2026-09-18 00:13:10.380072+00
71e7b090-5522-4243-9244-836b2556e1af,/srv/fim-watch/gen_00135.txt,file_modified,alert_only,high,2026-09-18 00:09:10.141634+00,2026-09-18 00:13:10.472758+00
ac8e7a42-1daf-49b7-ba33-189583077f2e,/srv/fim-watch/gen_00102.txt,file_modified,alert_only,high,2026-09-18 00:09:10.242444+00,2026-09-18 00:13:10.514814+00
d5362b8f-1eb6-4569-b930-4bf5ff9ab5bc,/srv/fim-watch/gen_00050.txt,file_modified,alert_only,high,2026-09-18 00:09:10.342718+00,2026-09-18 00:13:10.520604+00
201fe55a-4799-4233-8193-ca346740f40a,/srv/fim-watch/gen_00117.txt,file_modified,alert_only,high,2026-09-18 00:09:10.442416+00,2026-09-18 00:13:10.535746+00
a1b37122-be27-4303-8ddc-d0ca46c3df31,/srv/fim-watch/gen_00142.txt,file_modified,alert_only,high,2026-09-18 00:09:10.54235+00,2026-09-18 00:13:10.551406+00
c390ee71-1f8c-442e-bca0-4009f08fb697,/srv/fim-watch/gen_00131.txt,file_modified,alert_only,high,2026-09-18 00:09:10.642365+00,2026-09-18 00:13:10.575824+00
7dcec802-cba4-4da8-ad21-10cc6809ef68,/srv/fim-watch/gen_00089.txt,file_modified,alert_only,high,2026-09-18 00:09:10.743017+00,2026-09-18 00:13:10.584199+00
c7b8048a-d771-4cc1-a2aa-98cab8238608,/srv/fim-watch/gen_00128.txt,file_modified,alert_only,high,2026-09-18 00:09:10.842759+00,2026-09-18 00:13:10.59972+00
a3cc6aa6-5a8a-4349-8b78-9d5fa319fa55,/srv/fim-watch/critico/gen_00061.txt,file_modified,alert_only,critical,2026-09-18 00:09:10.942273+00,2026-09-18 00:13:10.616413+00
53807398-e9fb-41eb-910f-e492ccd34ab5,/srv/fim-watch/critico/gen_00061.txt,file_modified,alert_only,critical,2026-09-18 00:09:11.042611+00,2026-09-18 00:13:10.62972+00
d0b3d1ed-1e5b-4f90-9b6c-071c1f3e6342,/srv/fim-watch/gen_00086.txt,file_modified,alert_only,high,2026-09-18 00:09:11.143442+00,2026-09-18 00:13:10.644121+00
b4a70b5e-2357-4c5c-8adf-e1f0702a0185,/srv/fim-watch/gen_00143.txt,file_modified,alert_only,high,2026-09-18 00:09:11.242764+00,2026-09-18 00:13:10.658004+00
54a13c15-3872-43ce-a603-a695ff2ff6c1,/srv/fim-watch/gen_00143.txt,file_deleted,alert_only,high,2026-09-18 00:09:11.342931+00,2026-09-18 00:13:10.673017+00
1ae85328-07d9-4690-8e33-c6aa1a8a1ae0,/srv/fim-watch/gen_00054.txt,file_modified,alert_only,high,2026-09-18 00:09:11.442647+00,2026-09-18 00:13:10.689549+00
d101c223-ddaf-4b47-a3f7-25a0f00326bb,/srv/fim-watch/gen_00054.txt,file_modified,alert_only,high,2026-09-18 00:09:11.542765+00,2026-09-18 00:13:10.704315+00
e90b1e28-b88a-4815-8c5f-8c408b833709,/srv/fim-watch/gen_00054.txt,file_modified,alert_only,high,2026-09-18 00:09:11.64298+00,2026-09-18 00:13:10.718292+00
9621bdbf-40d0-4543-8a37-47c49fce20b0,/srv/fim-watch/gen_00054.txt,file_modified,alert_only,high,2026-09-18 00:09:11.742336+00,2026-09-18 00:13:10.732563+00
b2f5d00c-04d4-44f3-98aa-cc3ea1867721,/srv/fim-watch/gen_00054.txt,file_modified,alert_only,high,2026-09-18 00:09:11.842295+00,2026-09-18 00:13:10.747555+00
babc96d8-4a1e-460a-acd5-44bb53e37ec1,/srv/fim-watch/gen_00117.txt,file_modified,alert_only,high,2026-09-18 00:09:11.94266+00,2026-09-18 00:13:10.764333+00
280bce38-b41b-4582-9b91-e59e2523352a,/srv/fim-watch/gen_00117.txt,file_modified,alert_only,high,2026-09-18 00:09:12.042672+00,2026-09-18 00:13:10.779502+00
661cb1e7-67b6-49cc-b5c9-3320271d75bd,/srv/fim-watch/critico/gen_00144.txt,file_modified,alert_only,critical,2026-09-18 00:09:12.142646+00,2026-09-18 00:13:10.793908+00
d0118d2f-0ae7-44fb-93ad-2791bd318e7f,/srv/fim-watch/gen_00054.txt,file_modified,alert_only,high,2026-09-18 00:09:12.242607+00,2026-09-18 00:13:10.808409+00
58ae1ee6-b3c7-4302-b3d7-358a8fbe03f9,/srv/fim-watch/gen_00145.txt,file_modified,alert_only,high,2026-09-18 00:09:12.342656+00,2026-09-18 00:13:10.824742+00
5a7c93cd-f3d2-4c51-993d-55fb6290bfcb,/srv/fim-watch/gen_00105.txt,file_modified,alert_only,high,2026-09-18 00:09:12.442436+00,2026-09-18 00:13:10.842372+00
c9f7501d-00f6-4282-b125-b456f233ad41,/srv/fim-watch/gen_00016.txt,file_modified,alert_only,high,2026-09-18 00:09:12.542395+00,2026-09-18 00:13:10.858274+00
9f17d2fc-1a16-4faa-a6fd-05b88fd2ca13,/srv/fim-watch/gen_00016.txt,file_modified,alert_only,high,2026-09-18 00:09:12.642685+00,2026-09-18 00:13:10.872659+00
9cb85301-e8ab-4973-9ea6-88497e40d3a3,/srv/fim-watch/critico/gen_00144.txt,file_modified,alert_only,critical,2026-09-18 00:09:12.741952+00,2026-09-18 00:13:10.887986+00
2ad7baee-42de-41b6-9438-d6bcaa953887,/srv/fim-watch/gen_00146.txt,file_modified,alert_only,high,2026-09-18 00:09:12.842797+00,2026-09-18 00:13:10.904066+00
f31db5fc-2ea8-40f4-9834-5fe4510b6990,/srv/fim-watch/gen_00098.txt,file_modified,alert_only,high,2026-09-18 00:09:12.942696+00,2026-09-18 00:13:10.920425+00
869d7471-251f-4b89-a76f-7a8cff1bd644,/srv/fim-watch/gen_00098.txt,file_modified,alert_only,high,2026-09-18 00:09:13.042752+00,2026-09-18 00:13:10.935562+00
4bffad95-2a01-4f85-8469-450a55435ead,/srv/fim-watch/gen_00128.txt,file_modified,alert_only,high,2026-09-18 00:09:13.142761+00,2026-09-18 00:13:10.950869+00
9d0f09a8-030f-47d5-8606-7972c8b5c7cd,/srv/fim-watch/gen_00074.txt,file_modified,alert_only,high,2026-09-18 00:09:13.242442+00,2026-09-18 00:13:10.966148+00
f830ce6d-2ff5-40bd-891a-1d7dd8ac6bd0,/srv/fim-watch/gen_00073.txt,file_modified,alert_only,high,2026-09-18 00:09:13.342985+00,2026-09-18 00:13:10.98144+00
78d0d149-f6db-467f-94cf-1c4f13bcf8e6,/srv/fim-watch/gen_00135.txt,file_modified,alert_only,high,2026-09-18 00:09:13.442687+00,2026-09-18 00:13:10.996526+00
3c0b04f2-650b-411f-b8a8-f49347f05e8c,/srv/fim-watch/gen_00100.txt,file_modified,alert_only,high,2026-09-18 00:09:13.542759+00,2026-09-18 00:13:11.011573+00
43b902bd-a50f-44b5-9b75-78d98d92efeb,/srv/fim-watch/gen_00115.txt,file_modified,alert_only,high,2026-09-18 00:09:13.643255+00,2026-09-18 00:13:11.0284+00
beaf7708-a72a-4c55-8c53-b5e7a9bbd455,/srv/fim-watch/gen_00147.txt,file_modified,alert_only,high,2026-09-18 00:09:13.742248+00,2026-09-18 00:13:11.045622+00
ca27f3ca-3669-4fed-9be6-553dd8533b8a,/srv/fim-watch/critico/gen_00091.txt,file_deleted,alert_only,critical,2026-09-18 00:09:13.842691+00,2026-09-18 00:13:11.062482+00
81089fee-b74c-4e11-8831-c2991c0fd287,/srv/fim-watch/gen_00062.txt,file_modified,alert_only,high,2026-09-18 00:09:13.94278+00,2026-09-18 00:13:11.080704+00
39153611-f0ff-4d87-9cd3-85c6fc6037dd,/srv/fim-watch/gen_00132.txt,file_modified,alert_only,high,2026-09-18 00:09:14.042638+00,2026-09-18 00:13:11.099646+00
053d99bd-9fdf-480c-a8c6-a6187cec2e03,/srv/fim-watch/gen_00048.txt,file_modified,alert_only,high,2026-09-18 00:09:14.142832+00,2026-09-18 00:13:11.118186+00
7fcb7794-1dee-40a7-b12f-4f1c70ca1fd0,/srv/fim-watch/gen_00136.txt,file_modified,alert_only,high,2026-09-18 00:09:14.243109+00,2026-09-18 00:13:11.136506+00
09dc8a88-abc4-485c-9069-513b76b3b5a4,/srv/fim-watch/gen_00109.txt,file_deleted,alert_only,high,2026-09-18 00:09:14.342677+00,2026-09-18 00:13:11.155408+00
69c7af4c-fc4c-49a1-ab43-d5ee656ad470,/srv/fim-watch/gen_00085.txt,file_modified,alert_only,high,2026-09-18 00:09:14.442481+00,2026-09-18 00:13:11.172696+00
ee7b0cfe-4ec5-403e-840d-547963928e80,/srv/fim-watch/gen_00085.txt,file_modified,alert_only,high,2026-09-18 00:09:14.542718+00,2026-09-18 00:13:11.192986+00
63ceccf1-4c1b-4939-a4ef-5dadf4c18df9,/srv/fim-watch/critico/gen_00130.txt,file_modified,alert_only,critical,2026-09-18 00:09:14.643309+00,2026-09-18 00:13:11.210642+00
c5f13365-3c5e-48f1-9966-f515dddacd4a,/srv/fim-watch/gen_00006.txt,file_modified,alert_only,high,2026-09-18 00:09:14.742748+00,2026-09-18 00:13:11.227741+00
0397525b-714f-4528-a6d5-db724ba6bd5a,/srv/fim-watch/gen_00148.txt,file_modified,alert_only,high,2026-09-18 00:09:14.842591+00,2026-09-18 00:13:11.24541+00
82f2c19e-7214-4f43-831e-303d90cc9ac3,/srv/fim-watch/gen_00116.txt,file_deleted,alert_only,high,2026-09-18 00:09:14.941888+00,2026-09-18 00:13:11.261447+00
11a1413c-870b-4d68-8af7-55979ddbf875,/srv/fim-watch/gen_00148.txt,file_modified,alert_only,high,2026-09-18 00:09:15.042296+00,2026-09-18 00:13:11.278393+00
7eb0dcb2-19a6-4860-a434-26511cb1a00f,/srv/fim-watch/gen_00148.txt,file_modified,alert_only,high,2026-09-18 00:09:15.142771+00,2026-09-18 00:13:11.296222+00
44cd5cd5-442e-4491-a84e-5af1a3a66434,/srv/fim-watch/gen_00148.txt,file_modified,alert_only,high,2026-09-18 00:09:15.24473+00,2026-09-18 00:13:11.371272+00
9c5d21b9-0057-4577-8014-457bbafe117b,/srv/fim-watch/gen_00148.txt,file_modified,alert_only,high,2026-09-18 00:09:15.342047+00,2026-09-18 00:13:11.465294+00
1b3379ce-df41-4562-82bb-1e7dee98f2c5,/srv/fim-watch/gen_00148.txt,file_modified,alert_only,high,2026-09-18 00:09:15.441638+00,2026-09-18 00:13:11.566561+00
419ee122-f756-4441-a77f-5179182088e3,/srv/fim-watch/gen_00064.txt,file_modified,alert_only,high,2026-09-18 00:09:15.542679+00,2026-09-18 00:13:11.573504+00
451fde23-1dbe-4e0f-9759-9feba0fe00cc,/srv/fim-watch/gen_00064.txt,file_modified,alert_only,high,2026-09-18 00:09:15.642623+00,2026-09-18 00:13:11.590136+00
bf92fb4c-62f4-4d68-92dd-9aa244a2ef6d,/srv/fim-watch/gen_00085.txt,file_deleted,alert_only,high,2026-09-18 00:09:15.742597+00,2026-09-18 00:13:11.606357+00
5ccd47df-b4a9-47a7-98ef-8e925e5e2cef,/srv/fim-watch/critico/gen_00144.txt,file_modified,alert_only,critical,2026-09-18 00:09:15.942722+00,2026-09-18 00:13:11.622538+00
a3930f0e-0321-44e1-9af1-1d4a9a0b2e23,/srv/fim-watch/gen_00103.txt,file_modified,alert_only,high,2026-09-18 00:09:16.04236+00,2026-09-18 00:13:11.638649+00
5e0d6259-e44e-4875-9368-ad2786f8d361,/srv/fim-watch/gen_00106.txt,file_modified,alert_only,high,2026-09-18 00:09:16.142749+00,2026-09-18 00:13:11.654629+00
ab1e2854-adfe-4ef5-afd8-b1ef9f384c9b,/srv/fim-watch/gen_00131.txt,file_deleted,alert_only,high,2026-09-18 00:09:16.242785+00,2026-09-18 00:13:11.669417+00
88fbad92-b097-4488-8f6a-b2d9b406d255,/srv/fim-watch/gen_00096.txt,file_modified,alert_only,high,2026-09-18 00:09:16.342927+00,2026-09-18 00:13:11.685067+00
be60733d-c849-49cf-86c5-54fae3651307,/srv/fim-watch/critico/gen_00150.txt,file_modified,alert_only,critical,2026-09-18 00:09:16.442819+00,2026-09-18 00:13:11.702022+00
3a8a34dc-24f5-452d-b7b6-e7aaae527e65,/srv/fim-watch/gen_00151.txt,file_modified,alert_only,high,2026-09-18 00:09:16.542475+00,2026-09-18 00:13:11.718848+00
9b8058ee-cd2b-4145-a2b4-f32ee74c119d,/srv/fim-watch/gen_00084.txt,file_modified,alert_only,high,2026-09-18 00:09:16.743154+00,2026-09-18 00:13:11.736235+00
7211fe47-379a-4921-97ac-23627ce14094,/srv/fim-watch/gen_00127.txt,file_deleted,alert_only,high,2026-09-18 00:09:16.942511+00,2026-09-18 00:13:11.754194+00
617de87f-fa5b-4e64-8462-f6e5081aa91f,/srv/fim-watch/gen_00154.txt,file_modified,alert_only,high,2026-09-18 00:09:17.042532+00,2026-09-18 00:13:11.77197+00
a6b0532a-5c7a-4190-a635-c83de92d95a0,/srv/fim-watch/critico/gen_00150.txt,file_modified,alert_only,critical,2026-09-18 00:09:17.142691+00,2026-09-18 00:13:11.793536+00
4ad01906-fcf3-42e1-8879-6bb685e0f29f,/srv/fim-watch/gen_00155.txt,file_modified,alert_only,high,2026-09-18 00:09:17.242511+00,2026-09-18 00:13:11.80994+00
193ddd35-a2c7-4a01-9d80-dd225096c0cf,/srv/fim-watch/gen_00147.txt,file_modified,alert_only,high,2026-09-18 00:09:17.342559+00,2026-09-18 00:13:11.830162+00
6fbd50db-1473-46bd-8785-0f1281b21e29,/srv/fim-watch/gen_00120.txt,file_modified,alert_only,high,2026-09-18 00:09:17.442624+00,2026-09-18 00:13:11.843627+00
a14dd16a-63f1-4ff4-96a1-7baceedc0daa,/srv/fim-watch/gen_00120.txt,file_modified,alert_only,high,2026-09-18 00:09:17.542562+00,2026-09-18 00:13:11.863392+00
f7727f62-38e6-4aaa-bf6a-39dc1239cfa1,/srv/fim-watch/critico/gen_00156.txt,file_modified,alert_only,critical,2026-09-18 00:09:17.642372+00,2026-09-18 00:13:11.884734+00
f1706574-a1cd-44f7-81df-27b6e238b284,/srv/fim-watch/gen_00151.txt,file_modified,alert_only,high,2026-09-18 00:09:17.742247+00,2026-09-18 00:13:11.909222+00
7d3761b7-6cbb-4c57-97bd-a34508ec0262,/srv/fim-watch/gen_00125.txt,file_modified,alert_only,high,2026-09-18 00:09:17.842497+00,2026-09-18 00:13:11.923373+00
08e1bc3a-8268-41ee-94d5-d8e43e3ae5a5,/srv/fim-watch/critico/gen_00144.txt,file_deleted,alert_only,critical,2026-09-18 00:09:17.942325+00,2026-09-18 00:13:11.93875+00
0a8fa7dc-4b6a-4c9f-84d9-89175c70c3d4,/srv/fim-watch/gen_00155.txt,file_modified,alert_only,high,2026-09-18 00:09:18.042426+00,2026-09-18 00:13:11.954857+00
98082ebc-5a9c-4a11-b635-227a92357a0a,/srv/fim-watch/gen_00078.txt,file_modified,alert_only,high,2026-09-18 00:09:18.14266+00,2026-09-18 00:13:11.972009+00
4d3b5e9c-1ee5-42ee-8ccf-91fa4d61d108,/srv/fim-watch/gen_00157.txt,file_modified,alert_only,high,2026-09-18 00:09:18.241928+00,2026-09-18 00:13:11.985606+00
13d30a36-13a2-4071-a9fd-6397b90de751,/srv/fim-watch/gen_00151.txt,file_modified,alert_only,high,2026-09-18 00:09:18.342381+00,2026-09-18 00:13:11.999002+00
17cba8ed-c0b4-4825-ad68-6c6b18306358,/srv/fim-watch/gen_00158.txt,file_modified,alert_only,high,2026-09-18 00:09:18.442658+00,2026-09-18 00:13:12.012843+00
85cc4e65-10bb-4e78-8392-550e30ddebb0,/srv/fim-watch/gen_00142.txt,file_modified,alert_only,high,2026-09-18 00:09:18.542461+00,2026-09-18 00:13:12.02832+00
e1018d62-cc5e-4ef1-8089-ce465abefc17,/srv/fim-watch/gen_00142.txt,file_modified,alert_only,high,2026-09-18 00:09:18.64226+00,2026-09-18 00:13:12.042807+00
fd02b304-451e-469c-af5a-2e69e12b2c5a,/srv/fim-watch/gen_00142.txt,file_modified,alert_only,high,2026-09-18 00:09:18.742561+00,2026-09-18 00:13:12.06018+00
04afd429-f8a8-41fc-ac34-3aeff13be754,/srv/fim-watch/gen_00142.txt,file_modified,alert_only,high,2026-09-18 00:09:18.842+00,2026-09-18 00:13:12.078174+00
98a2da4e-661d-4a67-80fb-0420cd048057,/srv/fim-watch/gen_00142.txt,file_modified,alert_only,high,2026-09-18 00:09:18.944225+00,2026-09-18 00:13:12.093395+00
dc020fad-4c2a-4445-b592-7d244755277f,/srv/fim-watch/gen_00159.txt,file_modified,alert_only,high,2026-09-18 00:09:19.042445+00,2026-09-18 00:13:12.107778+00
c70a1d10-0934-45f3-bfe6-2296daf7d866,/srv/fim-watch/gen_00160.txt,file_modified,alert_only,high,2026-09-18 00:09:19.142498+00,2026-09-18 00:13:12.124935+00
05e121f6-71dc-4218-b9d7-d5ad82d6dc8e,/srv/fim-watch/gen_00050.txt,file_modified,alert_only,high,2026-09-18 00:09:19.242455+00,2026-09-18 00:13:12.144335+00
576492d7-a4a1-4728-a09d-2521ba79b1d9,/srv/fim-watch/gen_00078.txt,file_modified,alert_only,high,2026-09-18 00:09:19.342375+00,2026-09-18 00:13:12.159618+00
bbcb3f2d-19a6-4ed8-9894-e915bb5514f7,/srv/fim-watch/gen_00151.txt,file_modified,alert_only,high,2026-09-18 00:09:19.442544+00,2026-09-18 00:13:12.17479+00
d9547646-09f0-488c-a2c7-87a09f8ff323,/srv/fim-watch/gen_00161.txt,file_modified,alert_only,high,2026-09-18 00:09:19.542273+00,2026-09-18 00:13:12.191729+00
1d1fc95f-30c5-40ad-aac4-48d51cbf5e27,/srv/fim-watch/gen_00062.txt,file_modified,alert_only,high,2026-09-18 00:09:19.642634+00,2026-09-18 00:13:12.208688+00
cf0e30ba-4232-46d2-b64b-6fd14ba76406,/srv/fim-watch/gen_00062.txt,file_modified,alert_only,high,2026-09-18 00:09:19.74261+00,2026-09-18 00:13:12.225746+00
a268d256-9c14-43a6-b84d-5b4d39a66546,/srv/fim-watch/gen_00099.txt,file_deleted,alert_only,high,2026-09-18 00:09:19.842147+00,2026-09-18 00:13:12.244141+00
bb5a7f79-b0ad-4130-ad22-4f7a3c5d6d73,/srv/fim-watch/gen_00054.txt,file_modified,alert_only,high,2026-09-18 00:09:19.942433+00,2026-09-18 00:13:12.259724+00
dd07faff-6595-4c4c-8018-ad1c606d5dc1,/srv/fim-watch/gen_00054.txt,file_modified,alert_only,high,2026-09-18 00:09:20.042117+00,2026-09-18 00:13:12.277612+00
af4857dd-69cf-4b6d-88ea-713742b011f2,/srv/fim-watch/critico/gen_00053.txt,file_modified,alert_only,critical,2026-09-18 00:09:20.142625+00,2026-09-18 00:13:12.293611+00
dc5aa2e4-af44-4b4f-817f-352453264786,/srv/fim-watch/critico/gen_00053.txt,file_modified,alert_only,critical,2026-09-18 00:09:20.242572+00,2026-09-18 00:13:12.309977+00
126c42c5-279b-4fe4-b3c9-e6184efb79de,/srv/fim-watch/gen_00159.txt,file_modified,alert_only,high,2026-09-18 00:09:20.342271+00,2026-09-18 00:13:12.327181+00
66592769-324f-4a95-b972-a9fde102ad36,/srv/fim-watch/gen_00151.txt,file_modified,alert_only,high,2026-09-18 00:09:20.444189+00,2026-09-18 00:13:12.366306+00
3a4ba4ca-b51d-4915-a5ab-5c208aad9480,/srv/fim-watch/gen_00151.txt,file_modified,alert_only,high,2026-09-18 00:09:20.542295+00,2026-09-18 00:13:12.475406+00
9e257279-25a9-4f44-a09d-a613196dc94c,/srv/fim-watch/gen_00115.txt,file_modified,alert_only,high,2026-09-18 00:09:20.641761+00,2026-09-18 00:13:12.577865+00
a9892e4a-739e-445c-9eb4-5b6c836672bc,/srv/fim-watch/gen_00162.txt,file_modified,alert_only,high,2026-09-18 00:09:20.742327+00,2026-09-18 00:13:12.625404+00
5b02b42d-4b75-4f6b-9434-34d703da4728,/srv/fim-watch/gen_00100.txt,file_modified,alert_only,high,2026-09-18 00:09:20.842535+00,2026-09-18 00:13:12.632497+00
705f6e76-f8da-47b7-a0e8-fc7e2f397c4b,/srv/fim-watch/gen_00100.txt,file_modified,alert_only,high,2026-09-18 00:09:20.942545+00,2026-09-18 00:13:12.648934+00
cae38cf7-dd48-422e-ba8c-2f9cb1e75655,/srv/fim-watch/gen_00006.txt,file_modified,alert_only,high,2026-09-18 00:09:21.042103+00,2026-09-18 00:13:12.665231+00
f93f68e7-90c1-4193-afc1-7a85c856c2c3,/srv/fim-watch/gen_00049.txt,file_modified,alert_only,high,2026-09-18 00:09:21.142407+00,2026-09-18 00:13:12.682384+00
7c3d6c8d-e86e-4a8e-a9e1-7d16c0bf9a76,/srv/fim-watch/gen_00161.txt,file_modified,alert_only,high,2026-09-18 00:09:21.242713+00,2026-09-18 00:13:12.699362+00
16f7bdfb-5c06-41f6-b46d-98c7f45c7afa,/srv/fim-watch/gen_00160.txt,file_modified,alert_only,high,2026-09-18 00:09:21.342526+00,2026-09-18 00:13:12.715621+00
54244036-5501-4191-b55d-f797e0545be2,/srv/fim-watch/gen_00122.txt,file_modified,alert_only,high,2026-09-18 00:09:21.442316+00,2026-09-18 00:13:12.734492+00
f7cd460c-8144-4a16-8d83-a157a44d2e74,/srv/fim-watch/gen_00155.txt,file_modified,alert_only,high,2026-09-18 00:09:21.542246+00,2026-09-18 00:13:12.753185+00
df4ed7e1-0a97-49ec-baa6-d33a5528f057,/srv/fim-watch/gen_00065.txt,file_modified,alert_only,high,2026-09-18 00:09:21.642235+00,2026-09-18 00:13:12.77261+00
212aed9a-deff-47e1-9bdd-87a3c220acd4,/srv/fim-watch/gen_00065.txt,file_modified,alert_only,high,2026-09-18 00:09:21.742282+00,2026-09-18 00:13:12.791908+00
14663629-b549-487f-9dad-b3989285cfcb,/srv/fim-watch/gen_00163.txt,file_modified,alert_only,high,2026-09-18 00:09:21.841836+00,2026-09-18 00:13:12.810641+00
4c4605ed-41d7-4d89-82e8-1fcd37b19606,/srv/fim-watch/gen_00126.txt,file_modified,alert_only,high,2026-09-18 00:09:21.942362+00,2026-09-18 00:13:12.829883+00
3d483697-7bf3-4ec4-adc7-0b241c33dd2c,/srv/fim-watch/gen_00164.txt,file_modified,alert_only,high,2026-09-18 00:09:22.041919+00,2026-09-18 00:13:12.847306+00
8c667bf9-1e6f-4de8-8d68-998a104d0aed,/srv/fim-watch/gen_00164.txt,file_deleted,alert_only,high,2026-09-18 00:09:22.142277+00,2026-09-18 00:13:12.864502+00
2002e522-9d62-4ed3-aa63-2edd3e89faf2,/srv/fim-watch/gen_00165.txt,file_modified,alert_only,high,2026-09-18 00:09:22.242357+00,2026-09-18 00:13:12.881795+00
a80014f4-c415-4a48-8532-7cec0df45041,/srv/fim-watch/gen_00078.txt,file_modified,alert_only,high,2026-09-18 00:09:22.342481+00,2026-09-18 00:13:12.899228+00
11eb8645-3a34-4715-8bcc-5c5e81dc2c10,/srv/fim-watch/gen_00125.txt,file_modified,alert_only,high,2026-09-18 00:09:22.442408+00,2026-09-18 00:13:12.915682+00
06a4bbd6-4f3d-4086-af7e-2ce3c81b8076,/srv/fim-watch/gen_00057.txt,file_modified,alert_only,high,2026-09-18 00:09:22.542726+00,2026-09-18 00:13:12.931293+00
9245e743-f9e8-4536-a4b1-755cd28521a4,/srv/fim-watch/gen_00124.txt,file_modified,alert_only,high,2026-09-18 00:09:22.641819+00,2026-09-18 00:13:12.948261+00
624b3951-8fe3-4305-beea-e5181583d1f2,/srv/fim-watch/gen_00166.txt,file_modified,alert_only,high,2026-09-18 00:09:22.742347+00,2026-09-18 00:13:12.963632+00
b310afa1-461e-4011-9b89-98e0bc949bec,/srv/fim-watch/gen_00158.txt,file_modified,alert_only,high,2026-09-18 00:09:22.842335+00,2026-09-18 00:13:12.978804+00
fdac3f9d-9d15-4fe6-925f-af27c190267b,/srv/fim-watch/gen_00088.txt,file_modified,alert_only,high,2026-09-18 00:09:22.942002+00,2026-09-18 00:13:12.993975+00
5a031deb-8319-4324-8a86-62a8a82af51d,/srv/fim-watch/gen_00048.txt,file_modified,alert_only,high,2026-09-18 00:09:23.042166+00,2026-09-18 00:13:13.009317+00
66b40ada-7fcf-42bc-b809-e38b4759714b,/srv/fim-watch/critico/gen_00150.txt,file_modified,alert_only,critical,2026-09-18 00:09:23.144604+00,2026-09-18 00:13:13.026614+00
e1c57cf0-c7e9-4eea-8cc9-dee0e699f204,/srv/fim-watch/gen_00161.txt,file_modified,alert_only,high,2026-09-18 00:09:23.242281+00,2026-09-18 00:13:13.041517+00
f069116f-14ee-46dd-b6c3-8df684b8c997,/srv/fim-watch/gen_00049.txt,file_modified,alert_only,high,2026-09-18 00:09:23.342303+00,2026-09-18 00:13:13.055196+00
57b2f1ea-fd6f-40c5-bd9e-bcca23a7cecd,/srv/fim-watch/gen_00049.txt,file_modified,alert_only,high,2026-09-18 00:09:23.442109+00,2026-09-18 00:13:13.069111+00
e204b1f3-70b0-4728-b8f6-7ef8145bad4b,/srv/fim-watch/gen_00102.txt,file_modified,alert_only,high,2026-09-18 00:09:23.542315+00,2026-09-18 00:13:13.086975+00
7ee8fb91-ce84-4e12-a22f-94d8624d0ee2,/srv/fim-watch/gen_00167.txt,file_modified,alert_only,high,2026-09-18 00:09:23.642353+00,2026-09-18 00:13:13.105903+00
ade54713-e3fc-4f08-a899-9a0ef118b084,/srv/fim-watch/gen_00040.txt,file_modified,alert_only,high,2026-09-18 00:09:23.742515+00,2026-09-18 00:13:13.123529+00
f16210d8-c4a2-4553-a743-0d1e761229ec,/srv/fim-watch/gen_00151.txt,file_modified,alert_only,high,2026-09-18 00:09:23.841934+00,2026-09-18 00:13:13.138516+00
1a25d78c-2c4e-40fa-84f7-da440fc8add3,/srv/fim-watch/gen_00151.txt,file_modified,alert_only,high,2026-09-18 00:09:23.942375+00,2026-09-18 00:13:13.151839+00
fb2313eb-090f-4d74-a908-19a109cf4bf0,/srv/fim-watch/gen_00151.txt,file_modified,alert_only,high,2026-09-18 00:09:24.042284+00,2026-09-18 00:13:13.16458+00
157beed1-8344-4082-a0a0-596802a1f0fc,/srv/fim-watch/gen_00151.txt,file_modified,alert_only,high,2026-09-18 00:09:24.142421+00,2026-09-18 00:13:13.178364+00
bb23515f-4400-4b2e-934f-cee29cd2e023,/srv/fim-watch/gen_00151.txt,file_modified,alert_only,high,2026-09-18 00:09:24.242543+00,2026-09-18 00:13:13.192771+00
5f619085-500d-409e-8118-c8d3289fd93b,/srv/fim-watch/gen_00033.txt,file_modified,alert_only,high,2026-09-18 00:09:24.342459+00,2026-09-18 00:13:13.208171+00
52bed727-9027-4ab7-80dd-828adeeb741b,/srv/fim-watch/gen_00166.txt,file_modified,alert_only,high,2026-09-18 00:09:24.442491+00,2026-09-18 00:13:13.22314+00
ffb73483-6cae-414d-a8a1-7368a0d90e3b,/srv/fim-watch/critico/gen_00130.txt,file_modified,alert_only,critical,2026-09-18 00:09:24.542549+00,2026-09-18 00:13:13.239893+00
2fd5a986-8cc7-4504-abb4-f13d9a57ed3d,/srv/fim-watch/critico/gen_00025.txt,file_modified,alert_only,critical,2026-09-18 00:09:24.642562+00,2026-09-18 00:13:13.255488+00
9d1d9aab-7274-4c19-a40e-1ac5225a6698,/srv/fim-watch/gen_00054.txt,file_deleted,alert_only,high,2026-09-18 00:09:24.742221+00,2026-09-18 00:13:13.272025+00
6c811424-4105-4ab5-9385-e258812764be,/srv/fim-watch/gen_00168.txt,file_modified,alert_only,high,2026-09-18 00:09:24.842564+00,2026-09-18 00:13:13.289308+00
361d19c7-ba32-41c2-8d13-223a6842ed9c,/srv/fim-watch/critico/gen_00169.txt,file_modified,alert_only,critical,2026-09-18 00:09:24.941827+00,2026-09-18 00:13:13.305948+00
79b9fce3-3fb8-486e-bd6a-881b0a9d5f53,/srv/fim-watch/gen_00170.txt,file_modified,alert_only,high,2026-09-18 00:09:25.041997+00,2026-09-18 00:13:13.321401+00
0f202e75-f183-4791-80fd-1668d993ebaf,/srv/fim-watch/gen_00033.txt,file_modified,alert_only,high,2026-09-18 00:09:25.142496+00,2026-09-18 00:13:13.336923+00
c6a02977-3874-4f11-a6dd-bad7b84db74d,/srv/fim-watch/gen_00171.txt,file_created,alert_only,high,2026-09-18 00:09:25.242317+00,2026-09-18 00:13:13.352284+00
514aab27-9cf7-4043-80e2-80484b9c6e4d,/srv/fim-watch/gen_00172.txt,file_modified,alert_only,high,2026-09-18 00:09:25.342368+00,2026-09-18 00:13:13.370614+00
18fc50be-382c-4623-a3b5-7f383f4fcae5,/srv/fim-watch/gen_00093.txt,file_modified,alert_only,high,2026-09-18 00:09:25.442493+00,2026-09-18 00:13:13.398794+00
7b6cab8f-30c1-43ed-b4db-3b0f11704ad0,/srv/fim-watch/gen_00065.txt,file_modified,alert_only,high,2026-09-18 00:09:25.541939+00,2026-09-18 00:13:13.405175+00
54c4dd4b-a39b-408a-b879-bfc50d4cda6b,/srv/fim-watch/critico/gen_00156.txt,file_modified,alert_only,critical,2026-09-18 00:09:25.642355+00,2026-09-18 00:13:13.421458+00
a84ba87b-80e1-44b3-89b2-fbbe85dce7a7,/srv/fim-watch/gen_00135.txt,file_modified,alert_only,high,2026-09-18 00:09:25.742629+00,2026-09-18 00:13:13.477227+00
34373341-5419-4e9e-ac9e-0858a9cad988,/srv/fim-watch/gen_00089.txt,file_modified,alert_only,high,2026-09-18 00:09:25.841809+00,2026-09-18 00:13:13.5475+00
d45daf3a-324a-45fa-a227-c9d76b28ee7e,/srv/fim-watch/gen_00040.txt,file_modified,alert_only,high,2026-09-18 00:09:25.941685+00,2026-09-18 00:13:13.653461+00
66a12efd-a661-43b5-b5f4-a42fedd0af6b,/srv/fim-watch/gen_00006.txt,file_modified,alert_only,high,2026-09-18 00:09:26.04262+00,2026-09-18 00:13:13.696295+00
648f129d-5c54-41c8-9e13-55548fae4180,/srv/fim-watch/gen_00140.txt,file_modified,alert_only,high,2026-09-18 00:09:26.142124+00,2026-09-18 00:13:13.70257+00
c5541692-5434-40b1-82bf-7e4b68b45eb2,/srv/fim-watch/gen_00071.txt,file_modified,alert_only,high,2026-09-18 00:09:26.242536+00,2026-09-18 00:13:13.717068+00
a0d5f5a1-30b4-4632-9a5e-3c4f1df5085c,/srv/fim-watch/gen_00071.txt,file_modified,alert_only,high,2026-09-18 00:09:26.342516+00,2026-09-18 00:13:13.732428+00
25d86900-4abd-4d46-ab8c-f7376693b5c7,/srv/fim-watch/gen_00161.txt,file_modified,alert_only,high,2026-09-18 00:09:26.44241+00,2026-09-18 00:13:13.749061+00
4b952809-5f69-47b5-90ef-81a195d4a958,/srv/fim-watch/gen_00168.txt,file_deleted,alert_only,high,2026-09-18 00:09:26.542268+00,2026-09-18 00:13:13.766719+00
189cadb2-eb5a-4661-bc66-6085ff07cd9f,/srv/fim-watch/gen_00105.txt,file_modified,alert_only,high,2026-09-18 00:09:26.642377+00,2026-09-18 00:13:13.786088+00
cb1562c4-481a-424a-8596-f98af2d11a7f,/srv/fim-watch/gen_00105.txt,file_modified,alert_only,high,2026-09-18 00:09:26.742427+00,2026-09-18 00:13:13.804704+00
2c0d9f2c-6a40-4706-8a5e-8626884d60ee,/srv/fim-watch/gen_00064.txt,file_modified,alert_only,high,2026-09-18 00:09:26.842507+00,2026-09-18 00:13:13.822192+00
b35d60af-c626-41ea-a179-f4e159d7aa78,/srv/fim-watch/gen_00064.txt,file_modified,alert_only,high,2026-09-18 00:09:26.942437+00,2026-09-18 00:13:13.83909+00
3fd6e87f-2e43-41f0-91c9-31fe3f97aa98,/srv/fim-watch/gen_00064.txt,file_modified,alert_only,high,2026-09-18 00:09:27.04245+00,2026-09-18 00:13:13.856238+00
4bac85c8-b3e8-44b8-b67b-5fe3ed5a3be2,/srv/fim-watch/gen_00064.txt,file_modified,alert_only,high,2026-09-18 00:09:27.142076+00,2026-09-18 00:13:13.872969+00
303c5796-5a16-4417-9491-335698d07006,/srv/fim-watch/gen_00064.txt,file_modified,alert_only,high,2026-09-18 00:09:27.242398+00,2026-09-18 00:13:13.890416+00
095c2bff-f284-4ca6-95f1-ff3552ddb459,/srv/fim-watch/gen_00147.txt,file_modified,alert_only,high,2026-09-18 00:09:27.342556+00,2026-09-18 00:13:13.906652+00
f8df439f-4fbc-495c-9eed-820873043d70,/srv/fim-watch/gen_00160.txt,file_modified,alert_only,high,2026-09-18 00:09:27.442427+00,2026-09-18 00:13:13.922915+00
0f10ecd7-5cde-4309-818b-5ee3702a3c0e,/srv/fim-watch/gen_00136.txt,file_modified,alert_only,high,2026-09-18 00:09:27.542551+00,2026-09-18 00:13:13.939569+00
fd3ce72c-dba9-40f9-b9f2-228d5a80566a,/srv/fim-watch/gen_00172.txt,file_deleted,alert_only,high,2026-09-18 00:09:27.642365+00,2026-09-18 00:13:13.957308+00
a416c040-558a-40ef-b078-b6155a6e6f5c,/srv/fim-watch/gen_00070.txt,file_modified,alert_only,high,2026-09-18 00:09:27.742598+00,2026-09-18 00:13:13.976014+00
9eb2cb83-73ab-4a6f-b80b-c0cb5495264a,/srv/fim-watch/gen_00079.txt,file_modified,alert_only,high,2026-09-18 00:09:27.842424+00,2026-09-18 00:13:13.994409+00
cb306846-5a00-47eb-bdaa-31f45f059806,/srv/fim-watch/critico/gen_00173.txt,file_modified,alert_only,critical,2026-09-18 00:09:27.942422+00,2026-09-18 00:13:14.012915+00
7defecb9-61c7-4b66-b4f6-2b788752cd61,/srv/fim-watch/gen_00042.txt,file_modified,alert_only,high,2026-09-18 00:09:28.042386+00,2026-09-18 00:13:14.029242+00
a4bbe1df-6dc1-45d1-b971-de445e78dcc7,/srv/fim-watch/gen_00036.txt,file_modified,alert_only,high,2026-09-18 00:09:28.142425+00,2026-09-18 00:13:14.04674+00
e9603e46-129b-44dd-9f58-1b592fe20f7f,/srv/fim-watch/gen_00066.txt,file_modified,alert_only,high,2026-09-18 00:09:28.242558+00,2026-09-18 00:13:14.061633+00
df0e2f94-7f2f-4ad4-9187-5a63885c50c8,/srv/fim-watch/gen_00146.txt,file_modified,alert_only,high,2026-09-18 00:09:28.342396+00,2026-09-18 00:13:14.078763+00
e96cc7c2-bd11-4460-ab17-375e71b6f094,/srv/fim-watch/gen_00174.txt,file_modified,alert_only,high,2026-09-18 00:09:28.442633+00,2026-09-18 00:13:14.096468+00
4a8fe10d-7ac8-4d64-839a-25a985d2fadb,/srv/fim-watch/gen_00175.txt,file_modified,alert_only,high,2026-09-18 00:09:28.542019+00,2026-09-18 00:13:14.110691+00
c8934fe1-d03b-4ea3-bd94-0f1e38e0afea,/srv/fim-watch/gen_00134.txt,file_modified,alert_only,high,2026-09-18 00:09:28.642278+00,2026-09-18 00:13:14.126669+00
2cbd1c82-2732-4e85-89b7-335c22a33e1c,/srv/fim-watch/gen_00048.txt,file_modified,alert_only,high,2026-09-18 00:09:28.742268+00,2026-09-18 00:13:14.143652+00
5e96389a-cf8b-4f67-a67a-5d0edf2d95d3,/srv/fim-watch/gen_00029.txt,file_deleted,alert_only,high,2026-09-18 00:09:28.842168+00,2026-09-18 00:13:14.158977+00
a6cef44b-2861-4e3b-ba2a-f679f8e277ee,/srv/fim-watch/gen_00104.txt,file_modified,alert_only,high,2026-09-18 00:09:28.942591+00,2026-09-18 00:13:14.17491+00
4ca06f46-0d34-42f7-b0a2-437329f1d936,/srv/fim-watch/critico/gen_00141.txt,file_deleted,alert_only,critical,2026-09-18 00:09:29.042148+00,2026-09-18 00:13:14.191588+00
2adab936-0202-422f-bddb-48432504ac55,/srv/fim-watch/gen_00084.txt,file_modified,alert_only,high,2026-09-18 00:09:29.142286+00,2026-09-18 00:13:14.208431+00
69908232-6239-4683-9396-cce8a64e19fa,/srv/fim-watch/gen_00176.txt,file_modified,alert_only,high,2026-09-18 00:09:29.242359+00,2026-09-18 00:13:14.226794+00
ae406732-b820-4d5f-9f35-f0827e178699,/srv/fim-watch/critico/gen_00053.txt,file_modified,alert_only,critical,2026-09-18 00:09:29.342346+00,2026-09-18 00:13:14.247043+00
106f9a8e-5046-4674-babe-ef9ba5862c83,/srv/fim-watch/critico/gen_00053.txt,file_modified,alert_only,critical,2026-09-18 00:09:29.442384+00,2026-09-18 00:13:14.263221+00
fcd7d8f6-64cb-465b-b54e-663fb1fe2f8f,/srv/fim-watch/critico/gen_00053.txt,file_modified,alert_only,critical,2026-09-18 00:09:29.542578+00,2026-09-18 00:13:14.278056+00
3ed434ca-d9f8-4534-8bc5-f8381828488c,/srv/fim-watch/critico/gen_00053.txt,file_modified,alert_only,critical,2026-09-18 00:09:29.642322+00,2026-09-18 00:13:14.293601+00
165f22a8-821f-4a86-992b-fc78520b2664,/srv/fim-watch/critico/gen_00053.txt,file_modified,alert_only,critical,2026-09-18 00:09:29.742108+00,2026-09-18 00:13:14.312131+00
84ff61c5-cc35-4e90-a345-7a65fc4c0fa3,/srv/fim-watch/gen_00146.txt,file_modified,alert_only,high,2026-09-18 00:09:29.842711+00,2026-09-18 00:13:14.331438+00
19bf8b67-e83e-4c63-aa5c-9750f40dedaa,/srv/fim-watch/gen_00060.txt,file_modified,alert_only,high,2026-09-18 00:09:29.941994+00,2026-09-18 00:13:14.353896+00
a8c83eee-8be2-4ba8-90fd-56cb3f69a8f6,/srv/fim-watch/gen_00060.txt,file_modified,alert_only,high,2026-09-18 00:09:30.042056+00,2026-09-18 00:13:14.371593+00
866b0627-5e52-4e8b-ae5d-ebbce49c7134,/srv/fim-watch/gen_00113.txt,file_modified,alert_only,high,2026-09-18 00:09:30.142159+00,2026-09-18 00:13:14.386408+00
0d815144-488c-4e26-8d98-e50714d1fb2d,/srv/fim-watch/gen_00113.txt,file_modified,alert_only,high,2026-09-18 00:09:30.242312+00,2026-09-18 00:13:14.411949+00
3c37b78c-edac-4722-9737-9053d9e7a720,/srv/fim-watch/critico/gen_00150.txt,file_modified,alert_only,critical,2026-09-18 00:09:30.342731+00,2026-09-18 00:13:14.418241+00
1eaf1628-78a7-4b3f-a9c3-d7877f8e895e,/srv/fim-watch/gen_00111.txt,file_modified,alert_only,high,2026-09-18 00:09:30.442476+00,2026-09-18 00:13:14.434602+00
7ef706b4-0302-4ec7-aae2-26bfd7dc0c00,/srv/fim-watch/gen_00166.txt,file_modified,alert_only,high,2026-09-18 00:09:30.54267+00,2026-09-18 00:13:14.455815+00
eb9fd270-b664-4ccb-b08c-e9a2fb5579cb,/srv/fim-watch/gen_00166.txt,file_modified,alert_only,high,2026-09-18 00:09:30.642424+00,2026-09-18 00:13:14.47232+00
7ae6d4e6-33be-44db-aba9-490cd359ecf9,/srv/fim-watch/gen_00166.txt,file_modified,alert_only,high,2026-09-18 00:09:30.742739+00,2026-09-18 00:13:14.486279+00
616d5957-bb6f-419e-bd9a-7b5854bc6580,/srv/fim-watch/gen_00166.txt,file_modified,alert_only,high,2026-09-18 00:09:30.842826+00,2026-09-18 00:13:14.501367+00
3bd83291-09c8-4c03-a953-65d629141c4b,/srv/fim-watch/gen_00166.txt,file_modified,alert_only,high,2026-09-18 00:09:30.942479+00,2026-09-18 00:13:14.515371+00
aad085dc-faa7-42e2-8d90-9bd03819f5ed,/srv/fim-watch/gen_00042.txt,file_modified,alert_only,high,2026-09-18 00:09:31.042267+00,2026-09-18 00:13:14.576162+00
eccc12b9-5186-44ea-b72c-db92f52a0889,/srv/fim-watch/gen_00100.txt,file_modified,alert_only,high,2026-09-18 00:09:31.143259+00,2026-09-18 00:13:14.663442+00
9cd34bf3-3e33-43a7-b725-9546a86a3173,/srv/fim-watch/gen_00176.txt,file_modified,alert_only,high,2026-09-18 00:09:31.242071+00,2026-09-18 00:13:14.74038+00
0ce98354-55d0-45f0-8c29-f49ee772be9c,/srv/fim-watch/gen_00176.txt,file_modified,alert_only,high,2026-09-18 00:09:31.342822+00,2026-09-18 00:13:14.808449+00
89b0f15b-fee1-46bb-a4dc-1a94a8bf809b,/srv/fim-watch/gen_00177.txt,file_modified,alert_only,high,2026-09-18 00:09:31.442199+00,2026-09-18 00:13:14.81429+00
da8556a2-2e97-4a84-a7aa-7745168944aa,/srv/fim-watch/gen_00178.txt,file_modified,alert_only,high,2026-09-18 00:09:31.542696+00,2026-09-18 00:13:14.830409+00
450c57b0-4945-4311-9b10-346431f22c9d,/srv/fim-watch/gen_00104.txt,file_modified,alert_only,high,2026-09-18 00:09:31.642995+00,2026-09-18 00:13:14.84752+00
2cd71ff2-a133-4cfc-9b80-52d4a7b80a73,/srv/fim-watch/gen_00113.txt,file_modified,alert_only,high,2026-09-18 00:09:31.742325+00,2026-09-18 00:13:14.86353+00
edda9922-f7f7-42aa-9cb9-2d5817825f76,/srv/fim-watch/gen_00179.txt,file_modified,alert_only,high,2026-09-18 00:09:31.842338+00,2026-09-18 00:13:14.879497+00
7f9447db-42c1-4689-b984-118440ad89e0,/srv/fim-watch/gen_00049.txt,file_modified,alert_only,high,2026-09-18 00:09:31.942043+00,2026-09-18 00:13:14.895726+00
d40f2b0d-29d8-4131-9e31-38a31cfc6c8e,/srv/fim-watch/gen_00049.txt,file_modified,alert_only,high,2026-09-18 00:09:32.042334+00,2026-09-18 00:13:14.912823+00
45520073-64ee-4b68-8dc8-7ede8dd9eb23,/srv/fim-watch/gen_00117.txt,file_modified,alert_only,high,2026-09-18 00:09:32.142501+00,2026-09-18 00:13:14.929381+00
c7c7d066-3dd8-4346-8cc5-e1dcd51df2f3,/srv/fim-watch/gen_00158.txt,file_deleted,alert_only,high,2026-09-18 00:09:32.24184+00,2026-09-18 00:13:14.945907+00
fef27e0a-9abb-4068-9699-c1ae0ea47847,/srv/fim-watch/gen_00048.txt,file_deleted,alert_only,high,2026-09-18 00:09:32.342599+00,2026-09-18 00:13:14.96366+00
90051110-5e95-4f7a-a89d-9796c6d8539d,/srv/fim-watch/gen_00124.txt,file_modified,alert_only,high,2026-09-18 00:09:32.44261+00,2026-09-18 00:13:14.980264+00
5291fcbf-3dae-4013-99de-b06f788e56db,/srv/fim-watch/gen_00177.txt,file_modified,alert_only,high,2026-09-18 00:09:32.542893+00,2026-09-18 00:13:14.995881+00
70c34a65-a438-40df-b1b4-84b13ec1457e,/srv/fim-watch/gen_00177.txt,file_modified,alert_only,high,2026-09-18 00:09:32.642375+00,2026-09-18 00:13:15.011241+00
2adadce4-8221-4efb-be8c-7a7209053a64,/srv/fim-watch/gen_00060.txt,file_modified,alert_only,high,2026-09-18 00:09:32.742313+00,2026-09-18 00:13:15.026904+00
7d10052f-c693-434c-bbf5-e9ad374bd152,/srv/fim-watch/gen_00180.txt,file_modified,alert_only,high,2026-09-18 00:09:32.842362+00,2026-09-18 00:13:15.043761+00
d5cd0d03-f520-429f-bae0-9d005ee6f0d1,/srv/fim-watch/gen_00033.txt,file_modified,alert_only,high,2026-09-18 00:09:32.942241+00,2026-09-18 00:13:15.060801+00
5a82bcc1-b36f-4e68-b7e8-5f5eca343252,/srv/fim-watch/gen_00171.txt,file_modified,alert_only,high,2026-09-18 00:09:33.042121+00,2026-09-18 00:13:15.079149+00
076c4a50-e374-479e-9d81-53dd3150390b,/srv/fim-watch/gen_00181.txt,file_modified,alert_only,high,2026-09-18 00:09:33.142607+00,2026-09-18 00:13:15.096869+00
2687a0c4-ac45-4033-a512-155bc465ecfc,/srv/fim-watch/gen_00180.txt,file_modified,alert_only,high,2026-09-18 00:09:33.242262+00,2026-09-18 00:13:15.11589+00
dda0320a-8f4a-4990-be9d-8329e0db0fc3,/srv/fim-watch/gen_00078.txt,file_modified,alert_only,high,2026-09-18 00:09:33.342742+00,2026-09-18 00:13:15.135217+00
5c42390b-64f0-4c15-8ee1-bda76c065dc0,/srv/fim-watch/gen_00073.txt,file_modified,alert_only,high,2026-09-18 00:09:33.442787+00,2026-09-18 00:13:15.152973+00
ddbcea7c-d66f-4527-9c73-6501f607119e,/srv/fim-watch/gen_00155.txt,file_modified,alert_only,high,2026-09-18 00:09:33.542396+00,2026-09-18 00:13:15.168847+00
bdd452b6-12a1-4d1f-a470-3b5e13d8dbc5,/srv/fim-watch/gen_00161.txt,file_modified,alert_only,high,2026-09-18 00:09:33.642413+00,2026-09-18 00:13:15.184315+00
e36d0437-f343-490f-a069-b4057ea3e90c,/srv/fim-watch/gen_00111.txt,file_deleted,alert_only,high,2026-09-18 00:09:33.74191+00,2026-09-18 00:13:15.20221+00
1cf4a1b4-c24f-413e-b88b-d2a42adcae67,/srv/fim-watch/gen_00182.txt,file_modified,alert_only,high,2026-09-18 00:09:33.84228+00,2026-09-18 00:13:15.218981+00
ad314e9c-0ad0-49a2-b9f3-88499659e68c,/srv/fim-watch/gen_00074.txt,file_modified,alert_only,high,2026-09-18 00:09:33.941887+00,2026-09-18 00:13:15.237157+00
025cb838-5e6f-4e1e-8bff-5b8735fffc56,/srv/fim-watch/gen_00016.txt,file_modified,alert_only,high,2026-09-18 00:09:34.042567+00,2026-09-18 00:13:15.253788+00
f8ef5f12-79b0-4a41-b9a0-864b4daa4b29,/srv/fim-watch/gen_00159.txt,file_modified,alert_only,high,2026-09-18 00:09:34.143075+00,2026-09-18 00:13:15.269707+00
9584ba47-ce22-4d85-978d-a62b5f3c6f98,/srv/fim-watch/critico/gen_00123.txt,file_modified,alert_only,critical,2026-09-18 00:09:34.242827+00,2026-09-18 00:13:15.286376+00
a5ae3193-5858-48c2-9f39-05f459763a8d,/srv/fim-watch/gen_00170.txt,file_modified,alert_only,high,2026-09-18 00:09:34.34254+00,2026-09-18 00:13:15.303225+00
d6f07be2-6176-4188-ad20-8195176cf7f2,/srv/fim-watch/gen_00178.txt,file_modified,alert_only,high,2026-09-18 00:09:34.442561+00,2026-09-18 00:13:15.320362+00
6e328727-988b-4098-b336-e62ab16d90e9,/srv/fim-watch/critico/gen_00183.txt,file_modified,alert_only,critical,2026-09-18 00:09:34.542581+00,2026-09-18 00:13:15.337188+00
bcfbbf81-f8d8-49fb-9602-938f47dd35c7,/srv/fim-watch/gen_00170.txt,file_modified,alert_only,high,2026-09-18 00:09:34.642734+00,2026-09-18 00:13:15.355054+00
9dfda95d-743f-4ac1-bc43-5b4a062bcaf2,/srv/fim-watch/gen_00174.txt,file_modified,alert_only,high,2026-09-18 00:09:34.742381+00,2026-09-18 00:13:15.373793+00
d00f6638-eb9a-4db4-91ca-0e0d116b6353,/srv/fim-watch/gen_00036.txt,file_modified,alert_only,high,2026-09-18 00:09:34.842053+00,2026-09-18 00:13:15.392601+00
a50fd837-bedb-4efc-be75-5205ea2ea628,/srv/fim-watch/gen_00135.txt,file_modified,alert_only,high,2026-09-18 00:09:34.942607+00,2026-09-18 00:13:15.422854+00
f7412672-e364-4da9-b131-44804bcdc5b4,/srv/fim-watch/gen_00135.txt,file_modified,alert_only,high,2026-09-18 00:09:35.041937+00,2026-09-18 00:13:15.43064+00
df401c0c-0d93-47e6-889c-e10d33c54820,/srv/fim-watch/gen_00120.txt,file_modified,alert_only,high,2026-09-18 00:09:35.142549+00,2026-09-18 00:13:15.449333+00
fa90eede-6b8a-4b86-95d1-bb765f8f4034,/srv/fim-watch/gen_00120.txt,file_modified,alert_only,high,2026-09-18 00:09:35.242408+00,2026-09-18 00:13:15.465788+00
0c63bffa-9942-4a59-a853-871397a9615a,/srv/fim-watch/critico/gen_00184.txt,file_modified,alert_only,critical,2026-09-18 00:09:35.342619+00,2026-09-18 00:13:15.481862+00
18b122db-f4e0-4f5e-b3bf-a90c4d38c0b4,/srv/fim-watch/gen_00049.txt,file_modified,alert_only,high,2026-09-18 00:09:35.442651+00,2026-09-18 00:13:15.498178+00
a02da161-0855-4794-a269-9b9ce02d46be,/srv/fim-watch/gen_00182.txt,file_deleted,alert_only,high,2026-09-18 00:09:35.542319+00,2026-09-18 00:13:15.514696+00
f7bd939d-a8fe-4ea2-98a7-1054a602a500,/srv/fim-watch/gen_00171.txt,file_modified,alert_only,high,2026-09-18 00:09:35.642776+00,2026-09-18 00:13:15.530204+00
a6108fa4-ffb1-4f42-936f-51dfdacb74b3,/srv/fim-watch/gen_00185.txt,file_modified,alert_only,high,2026-09-18 00:09:35.742309+00,2026-09-18 00:13:15.545679+00
bf948f90-a6f5-478f-9d6f-28ad36f3d4da,/srv/fim-watch/critico/gen_00156.txt,file_modified,alert_only,critical,2026-09-18 00:09:35.842327+00,2026-09-18 00:13:15.563671+00
dbda2fdb-f2d0-4448-bae8-29165c6ede7e,/srv/fim-watch/gen_00093.txt,file_modified,alert_only,high,2026-09-18 00:09:35.942583+00,2026-09-18 00:13:15.57965+00
58b8da0f-3664-43c4-bdc7-5c570a4fb315,/srv/fim-watch/gen_00186.txt,file_modified,alert_only,high,2026-09-18 00:09:36.042442+00,2026-09-18 00:13:15.596472+00
84114072-c12b-4f7c-8bad-847399e5a880,/srv/fim-watch/gen_00100.txt,file_modified,alert_only,high,2026-09-18 00:09:36.142637+00,2026-09-18 00:13:15.611408+00
6e22d6a4-a50e-434b-9a3e-104bc01b5f20,/srv/fim-watch/critico/gen_00061.txt,file_modified,alert_only,critical,2026-09-18 00:09:36.242351+00,2026-09-18 00:13:15.626636+00
9941d5f8-83a7-4df6-baaf-d7a98d0230d7,/srv/fim-watch/gen_00129.txt,file_modified,alert_only,high,2026-09-18 00:09:36.341888+00,2026-09-18 00:13:15.683681+00
46529d37-ec7f-45f7-827d-608eb69c82a6,/srv/fim-watch/gen_00187.txt,file_created,alert_only,high,2026-09-18 00:09:36.441623+00,2026-09-18 00:13:15.79186+00
f4d63503-ef51-4858-a5d5-35f21423a974,/srv/fim-watch/gen_00163.txt,file_modified,alert_only,high,2026-09-18 00:09:36.542179+00,2026-09-18 00:13:15.875693+00
eb70a506-4b40-47b3-966a-cead88250f0c,/srv/fim-watch/gen_00163.txt,file_modified,alert_only,high,2026-09-18 00:09:36.642686+00,2026-09-18 00:13:15.88179+00
731696b5-4c3a-4afe-ab0e-35f37487693d,/srv/fim-watch/critico/gen_00123.txt,file_modified,alert_only,critical,2026-09-18 00:09:36.742552+00,2026-09-18 00:13:15.896297+00
d4f4d91a-4fdf-4ded-871e-2923a7231cab,/srv/fim-watch/gen_00181.txt,file_modified,alert_only,high,2026-09-18 00:09:36.842204+00,2026-09-18 00:13:15.909883+00
123a5cf6-a180-4bf2-a8c2-b1fa5251b0a3,/srv/fim-watch/gen_00108.txt,file_modified,alert_only,high,2026-09-18 00:09:36.942383+00,2026-09-18 00:13:15.923645+00
7278b159-bfc5-4722-aef5-9322d0a4f4f6,/srv/fim-watch/gen_00186.txt,file_deleted,alert_only,high,2026-09-18 00:09:37.042249+00,2026-09-18 00:13:15.939675+00
afc8e3d3-484d-4fdd-82ce-287e8f923911,/srv/fim-watch/gen_00114.txt,file_modified,alert_only,high,2026-09-18 00:09:37.142495+00,2026-09-18 00:13:15.956412+00
6ffc36f3-986f-4c40-86f3-3efd01af0ddc,/srv/fim-watch/gen_00188.txt,file_modified,alert_only,high,2026-09-18 00:09:37.242361+00,2026-09-18 00:13:15.972108+00
74ff9ea9-c1f8-49df-8aed-ef348a04aa73,/srv/fim-watch/critico/gen_00189.txt,file_modified,alert_only,critical,2026-09-18 00:09:37.342547+00,2026-09-18 00:13:15.987664+00
a1a0a679-17ff-44d0-a8ac-82c82adc2d78,/srv/fim-watch/gen_00120.txt,file_deleted,alert_only,high,2026-09-18 00:09:37.441991+00,2026-09-18 00:13:16.003041+00
416bbc5b-51d6-4dea-b4bb-fcc4dd27e9cf,/srv/fim-watch/gen_00190.txt,file_modified,alert_only,high,2026-09-18 00:09:37.541986+00,2026-09-18 00:13:16.018485+00
2e2ab09b-8773-4e8b-9065-1af8336aeeac,/srv/fim-watch/gen_00100.txt,file_modified,alert_only,high,2026-09-18 00:09:37.642204+00,2026-09-18 00:13:16.034768+00
6380ac1c-1699-4231-bb09-0043767ba88b,/srv/fim-watch/gen_00100.txt,file_modified,alert_only,high,2026-09-18 00:09:37.742622+00,2026-09-18 00:13:16.049398+00
c15f2659-c31a-40d0-9d6a-e678cc5616d2,/srv/fim-watch/gen_00161.txt,file_modified,alert_only,high,2026-09-18 00:09:37.842364+00,2026-09-18 00:13:16.064394+00
a75e0090-a398-482b-881f-5ff53b7237f4,/srv/fim-watch/gen_00073.txt,file_deleted,alert_only,high,2026-09-18 00:09:37.942269+00,2026-09-18 00:13:16.078705+00
7f49e3bf-b686-40ac-9276-d7aff33a6885,/srv/fim-watch/critico/gen_00191.txt,file_modified,alert_only,critical,2026-09-18 00:09:38.042319+00,2026-09-18 00:13:16.093+00
0c35287c-bbda-4d0d-9bb4-eb55fb7d6465,/srv/fim-watch/gen_00190.txt,file_deleted,alert_only,high,2026-09-18 00:09:38.142266+00,2026-09-18 00:13:16.107793+00
b3d61e01-1b1f-4b47-aaf0-8e4dc2185d3d,/srv/fim-watch/gen_00033.txt,file_modified,alert_only,high,2026-09-18 00:09:38.24258+00,2026-09-18 00:13:16.122239+00
4193e34d-f1c1-4767-bad2-facc956f2f55,/srv/fim-watch/gen_00113.txt,file_deleted,alert_only,high,2026-09-18 00:09:38.342431+00,2026-09-18 00:13:16.138165+00
b7ab0433-6727-4d9a-8810-20db4bd64879,/srv/fim-watch/gen_00192.txt,file_modified,alert_only,high,2026-09-18 00:09:38.442321+00,2026-09-18 00:13:16.155346+00
44ff71a8-54a8-4669-b001-321e7e2690cd,/srv/fim-watch/gen_00193.txt,file_modified,alert_only,high,2026-09-18 00:09:38.542348+00,2026-09-18 00:13:16.170554+00
817242b2-03c2-4396-a881-1e63575e3cfa,/srv/fim-watch/gen_00194.txt,file_modified,alert_only,high,2026-09-18 00:09:38.642052+00,2026-09-18 00:13:16.184483+00
6b0afaa3-7bf7-432d-a665-7765afce6356,/srv/fim-watch/gen_00071.txt,file_modified,alert_only,high,2026-09-18 00:09:38.742468+00,2026-09-18 00:13:16.20034+00
0e33a825-29bc-4a3d-83e6-afb8cb549140,/srv/fim-watch/gen_00071.txt,file_modified,alert_only,high,2026-09-18 00:09:38.842315+00,2026-09-18 00:13:16.214444+00
167fb262-10bb-4a7e-9b47-022b78b3d66a,/srv/fim-watch/gen_00060.txt,file_deleted,alert_only,high,2026-09-18 00:09:38.941812+00,2026-09-18 00:13:16.228978+00
2551bce7-f600-40a4-884d-e15a27cffc59,/srv/fim-watch/gen_00100.txt,file_deleted,alert_only,high,2026-09-18 00:09:39.042189+00,2026-09-18 00:13:16.243646+00
a0efe5cf-af1c-426b-a1c3-99cd1231c6c6,/srv/fim-watch/gen_00062.txt,file_modified,alert_only,high,2026-09-18 00:09:39.142576+00,2026-09-18 00:13:16.25787+00
e7719684-c7b7-43cc-981f-d806419af7fc,/srv/fim-watch/gen_00187.txt,file_modified,alert_only,high,2026-09-18 00:09:39.241821+00,2026-09-18 00:13:16.272223+00
c876ef6e-949e-4578-826e-23bcf9c637c7,/srv/fim-watch/critico/gen_00025.txt,file_modified,alert_only,critical,2026-09-18 00:09:39.342443+00,2026-09-18 00:13:16.28601+00
d94311da-31ea-4555-a041-02435219cb60,/srv/fim-watch/gen_00066.txt,file_deleted,alert_only,high,2026-09-18 00:09:39.442474+00,2026-09-18 00:13:16.300043+00
7993659b-016e-483f-9511-e8517dba4ed1,/srv/fim-watch/gen_00103.txt,file_modified,alert_only,high,2026-09-18 00:09:39.541847+00,2026-09-18 00:13:16.313901+00
3b9059ac-40e9-431b-b4f2-f3d4a0763429,/srv/fim-watch/gen_00124.txt,file_deleted,alert_only,high,2026-09-18 00:09:39.642309+00,2026-09-18 00:13:16.328895+00
e3897135-71eb-4d05-a334-b9d663e550f0,/srv/fim-watch/gen_00187.txt,file_modified,alert_only,high,2026-09-18 00:09:39.842417+00,2026-09-18 00:13:16.352486+00
f0b835d3-7e84-4283-8028-909db9c2694a,/srv/fim-watch/gen_00187.txt,file_modified,alert_only,high,2026-09-18 00:09:39.942253+00,2026-09-18 00:13:16.360039+00
2bacd4ff-01bc-4cea-bbad-42900f15486f,/srv/fim-watch/gen_00187.txt,file_modified,alert_only,high,2026-09-18 00:09:40.042051+00,2026-09-18 00:13:16.375269+00
8b1344fd-2498-40f6-b606-9bd7a8b9322f,/srv/fim-watch/gen_00187.txt,file_modified,alert_only,high,2026-09-18 00:09:40.142418+00,2026-09-18 00:13:16.390087+00
e7d5f615-1652-4131-89b3-e19fc392ad72,/srv/fim-watch/gen_00187.txt,file_modified,alert_only,high,2026-09-18 00:09:40.241981+00,2026-09-18 00:13:16.404513+00
7423997a-6dc7-46ee-a9fc-1f4a723fcc62,/srv/fim-watch/gen_00096.txt,file_modified,alert_only,high,2026-09-18 00:09:40.342495+00,2026-09-18 00:13:16.41806+00
ff2376ea-58df-4379-b823-319cdc2e8a1a,/srv/fim-watch/gen_00103.txt,file_modified,alert_only,high,2026-09-18 00:09:40.442537+00,2026-09-18 00:13:16.431449+00
c5fbcfc0-4cc3-4f2a-8db8-91d5713abec4,/srv/fim-watch/critico/gen_00183.txt,file_modified,alert_only,critical,2026-09-18 00:09:40.542211+00,2026-09-18 00:13:16.452535+00
06e9b11b-3ff1-46bf-b098-f1f97ded7cd0,/srv/fim-watch/gen_00154.txt,file_deleted,alert_only,high,2026-09-18 00:09:40.642597+00,2026-09-18 00:13:16.469387+00
9734ff01-8793-4f1d-bde5-37caace7d72a,/srv/fim-watch/gen_00170.txt,file_modified,alert_only,high,2026-09-18 00:09:40.742766+00,2026-09-18 00:13:16.486387+00
a0819d2b-8c2c-4776-82cd-f9909502fe53,/srv/fim-watch/gen_00170.txt,file_modified,alert_only,high,2026-09-18 00:09:40.842817+00,2026-09-18 00:13:16.504785+00
afff8f40-97b1-49c5-ac89-b7b2384a0462,/srv/fim-watch/critico/gen_00037.txt,file_modified,alert_only,critical,2026-09-18 00:09:40.942473+00,2026-09-18 00:13:16.518295+00
04364ca3-21c2-4d9a-95ec-33f8ca1aa462,/srv/fim-watch/gen_00196.txt,file_created,alert_only,high,2026-09-18 00:09:41.042638+00,2026-09-18 00:13:16.531524+00
b2922130-9af5-441f-b40c-f6e405be77e4,/srv/fim-watch/gen_00197.txt,file_modified,alert_only,high,2026-09-18 00:09:41.142385+00,2026-09-18 00:13:16.545361+00
d61de8a2-ccab-47b1-9230-f6c167db470d,/srv/fim-watch/gen_00197.txt,file_deleted,alert_only,high,2026-09-18 00:09:41.242503+00,2026-09-18 00:13:16.55913+00
aacf513c-6666-46bf-b284-022953a1e925,/srv/fim-watch/gen_00108.txt,file_modified,alert_only,high,2026-09-18 00:09:41.342486+00,2026-09-18 00:13:16.573099+00
e24db20b-7ecd-4e9d-994d-690b82535494,/srv/fim-watch/gen_00126.txt,file_modified,alert_only,high,2026-09-18 00:09:41.442551+00,2026-09-18 00:13:16.588565+00
252c6d4b-045a-4d8c-8d15-77e4b537e288,/srv/fim-watch/gen_00106.txt,file_modified,alert_only,high,2026-09-18 00:09:41.542761+00,2026-09-18 00:13:16.625422+00
cb9554d8-88e6-4b09-bdfc-f8825ff56d55,/srv/fim-watch/gen_00049.txt,file_modified,alert_only,high,2026-09-18 00:09:41.642047+00,2026-09-18 00:13:16.729994+00
2ea511ed-ea83-469f-83ad-5240a8af839c,/srv/fim-watch/gen_00049.txt,file_modified,alert_only,high,2026-09-18 00:09:41.741983+00,2026-09-18 00:13:16.840391+00
e6fa1890-f8d1-4f4e-aa49-01e02a23a0c1,/srv/fim-watch/critico/gen_00150.txt,file_deleted,alert_only,critical,2026-09-18 00:09:41.842457+00,2026-09-18 00:13:16.846989+00
9eb4e9b1-5f91-4222-a758-751655ec5615,/srv/fim-watch/gen_00064.txt,file_modified,alert_only,high,2026-09-18 00:09:41.942308+00,2026-09-18 00:13:16.861878+00
73be9aac-2452-41af-9101-212b35ea8bfb,/srv/fim-watch/gen_00086.txt,file_deleted,alert_only,high,2026-09-18 00:09:42.042366+00,2026-09-18 00:13:16.876388+00
193a82ae-246d-458d-a4a4-71d762d40b98,/srv/fim-watch/critico/gen_00184.txt,file_modified,alert_only,critical,2026-09-18 00:09:42.142651+00,2026-09-18 00:13:16.891295+00
a2250bc4-e73b-45d1-9568-607ce13ddf0e,/srv/fim-watch/gen_00043.txt,file_modified,alert_only,high,2026-09-18 00:09:42.242749+00,2026-09-18 00:13:16.905713+00
3231a4fc-c6f5-4481-9fb5-9995f3832479,/srv/fim-watch/gen_00198.txt,file_modified,alert_only,high,2026-09-18 00:09:42.343143+00,2026-09-18 00:13:16.920463+00
c165ad6a-c684-4706-b92a-add721ee9c7f,/srv/fim-watch/gen_00108.txt,file_modified,alert_only,high,2026-09-18 00:09:42.44226+00,2026-09-18 00:13:16.937345+00
b90b18a8-90eb-4959-bfb3-c264d120d0bb,/srv/fim-watch/gen_00043.txt,file_deleted,alert_only,high,2026-09-18 00:09:42.542228+00,2026-09-18 00:13:16.954307+00
09fa1fcf-6f2e-4048-83b7-af835528d535,/srv/fim-watch/gen_00165.txt,file_modified,alert_only,high,2026-09-18 00:09:42.64221+00,2026-09-18 00:13:16.97102+00
c2cf0cc3-a87a-4464-8bb0-71c88bfaaeb9,/srv/fim-watch/gen_00185.txt,file_modified,alert_only,high,2026-09-18 00:09:42.742679+00,2026-09-18 00:13:16.988408+00
746e0a6e-2cf3-4c4e-af22-abe14824e9c4,/srv/fim-watch/gen_00020.txt,file_modified,alert_only,high,2026-09-18 00:09:42.842734+00,2026-09-18 00:13:17.001726+00
4d111053-9fa5-4361-9482-3db2b4e15de1,/srv/fim-watch/gen_00125.txt,file_modified,alert_only,high,2026-09-18 00:09:42.942799+00,2026-09-18 00:13:17.016552+00
63ed9bfe-e1a8-4e26-8ff5-444890ed4e20,/srv/fim-watch/gen_00199.txt,file_modified,alert_only,high,2026-09-18 00:09:43.042546+00,2026-09-18 00:13:17.029934+00
cd3b4ceb-c89e-4338-ab1f-9bedfbcfcd46,/srv/fim-watch/critico/gen_00123.txt,file_modified,alert_only,critical,2026-09-18 00:09:43.142895+00,2026-09-18 00:13:17.044226+00
9b3c219c-bd04-4230-99fc-20386c77dd6d,/srv/fim-watch/critico/gen_00200.txt,file_modified,alert_only,critical,2026-09-18 00:09:43.242775+00,2026-09-18 00:13:17.059586+00
7d98c9f9-f6a6-4b90-b762-c60cf7bf9007,/srv/fim-watch/gen_00201.txt,file_modified,alert_only,high,2026-09-18 00:09:43.342601+00,2026-09-18 00:13:17.075919+00
ca8299b4-ccd5-4c54-8ca0-ee33122b8010,/srv/fim-watch/critico/gen_00053.txt,file_modified,alert_only,critical,2026-09-18 00:09:43.442703+00,2026-09-18 00:13:17.092356+00
4a8b849f-c550-4b27-98e2-5140ded3bfac,/srv/fim-watch/critico/gen_00053.txt,file_modified,alert_only,critical,2026-09-18 00:09:43.542556+00,2026-09-18 00:13:17.109013+00
9583f856-abd5-4b82-8c83-aae08cc89159,/srv/fim-watch/critico/gen_00202.txt,file_modified,alert_only,critical,2026-09-18 00:09:43.642338+00,2026-09-18 00:13:17.126726+00
af702f34-622b-4095-9bd0-cb5f1ff9de79,/srv/fim-watch/gen_00126.txt,file_modified,alert_only,high,2026-09-18 00:09:43.842254+00,2026-09-18 00:13:17.143155+00
a2b70446-b765-4864-85de-2acfb6c7595a,/srv/fim-watch/gen_00115.txt,file_modified,alert_only,high,2026-09-18 00:09:43.942127+00,2026-09-18 00:13:17.159329+00
9adf1493-e2c0-4594-abaf-e5dbf44a9f00,/srv/fim-watch/gen_00140.txt,file_deleted,alert_only,high,2026-09-18 00:09:44.04255+00,2026-09-18 00:13:17.17502+00
66eedb65-7f03-4c0b-bddb-f537f79295db,/srv/fim-watch/gen_00204.txt,file_modified,alert_only,high,2026-09-18 00:09:44.142505+00,2026-09-18 00:13:17.192269+00
69bb8c9d-7d72-49b4-afbb-4ff5c1aca746,/srv/fim-watch/critico/gen_00156.txt,file_modified,alert_only,critical,2026-09-18 00:09:44.242814+00,2026-09-18 00:13:17.209002+00
9c950715-83da-4b8f-93e0-7e31a46cde92,/srv/fim-watch/gen_00205.txt,file_modified,alert_only,high,2026-09-18 00:09:44.342572+00,2026-09-18 00:13:17.225745+00
0823537e-aa3b-4081-9d5e-9fbbe36ba208,/srv/fim-watch/gen_00205.txt,file_deleted,alert_only,high,2026-09-18 00:09:44.442598+00,2026-09-18 00:13:17.242613+00
2bcba8cb-f48b-4028-a6c1-759036f6bf13,/srv/fim-watch/gen_00170.txt,file_modified,alert_only,high,2026-09-18 00:09:44.542728+00,2026-09-18 00:13:17.258809+00
3bdee58f-5f3a-4389-a858-4e4544f01ea1,/srv/fim-watch/gen_00170.txt,file_modified,alert_only,high,2026-09-18 00:09:44.642672+00,2026-09-18 00:13:17.275008+00
5405c180-b291-4a45-bfb6-60782c1a0977,/srv/fim-watch/critico/gen_00061.txt,file_modified,alert_only,critical,2026-09-18 00:09:44.742675+00,2026-09-18 00:13:17.301406+00
2e4b5ee2-bef9-44fc-abc7-6155dc9299aa,/srv/fim-watch/gen_00188.txt,file_modified,alert_only,high,2026-09-18 00:09:44.842528+00,2026-09-18 00:13:17.30867+00
df196dee-3637-4154-8ebb-4e0b9da5a520,/srv/fim-watch/gen_00145.txt,file_deleted,alert_only,high,2026-09-18 00:09:44.942411+00,2026-09-18 00:13:17.325456+00
a566a386-25fe-4906-a950-01f0a61b936d,/srv/fim-watch/gen_00206.txt,file_modified,alert_only,high,2026-09-18 00:09:45.042358+00,2026-09-18 00:13:17.341146+00
c13e7f09-7e64-4532-8fa8-40564ab4fdc1,/srv/fim-watch/gen_00148.txt,file_deleted,alert_only,high,2026-09-18 00:09:45.142605+00,2026-09-18 00:13:17.358691+00
ae93e1f3-83a6-4384-9095-eca48c2e2543,/srv/fim-watch/gen_00198.txt,file_modified,alert_only,high,2026-09-18 00:09:45.242537+00,2026-09-18 00:13:17.373596+00
9ca00785-3c36-4d88-b816-41a48a76cea7,/srv/fim-watch/gen_00198.txt,file_modified,alert_only,high,2026-09-18 00:09:45.342043+00,2026-09-18 00:13:17.390668+00
391fbf10-f775-4c49-9ae0-16d27d4cb134,/srv/fim-watch/gen_00036.txt,file_modified,alert_only,high,2026-09-18 00:09:45.442701+00,2026-09-18 00:13:17.407401+00
3ec034cc-7f10-4fdd-bac9-e544de791037,/srv/fim-watch/gen_00036.txt,file_modified,alert_only,high,2026-09-18 00:09:45.542447+00,2026-09-18 00:13:17.423706+00
9c3c51a6-82e0-421a-a02d-0ee2768814dd,/srv/fim-watch/critico/gen_00053.txt,file_modified,alert_only,critical,2026-09-18 00:09:45.641824+00,2026-09-18 00:13:17.439773+00
55f2e0a1-908e-4930-9738-c47a40908285,/srv/fim-watch/gen_00142.txt,file_modified,alert_only,high,2026-09-18 00:09:45.742712+00,2026-09-18 00:13:17.455286+00
43e72099-ed29-4a60-a04c-364879f02378,/srv/fim-watch/gen_00163.txt,file_modified,alert_only,high,2026-09-18 00:09:45.842262+00,2026-09-18 00:13:17.470844+00
be45ba4e-e498-43fb-b1f8-f9b4263b6815,/srv/fim-watch/gen_00204.txt,file_modified,alert_only,high,2026-09-18 00:09:45.942659+00,2026-09-18 00:13:17.487428+00
3628a645-abcb-44fb-aa5b-6478029844e8,/srv/fim-watch/gen_00049.txt,file_modified,alert_only,high,2026-09-18 00:09:46.042985+00,2026-09-18 00:13:17.503167+00
08c1e075-efaf-4d53-b28b-64d3c4e520ef,/srv/fim-watch/gen_00170.txt,file_modified,alert_only,high,2026-09-18 00:09:46.143186+00,2026-09-18 00:13:17.519675+00
5e76a314-b645-415f-b84d-923b47b815cd,/srv/fim-watch/gen_00020.txt,file_modified,alert_only,high,2026-09-18 00:09:46.242433+00,2026-09-18 00:13:17.536148+00
a37e969e-7563-4f2b-a34b-607414cd04ca,/srv/fim-watch/gen_00207.txt,file_modified,alert_only,high,2026-09-18 00:09:46.341801+00,2026-09-18 00:13:17.551219+00
588fcba3-84c5-480f-b3e7-34787287ac80,/srv/fim-watch/gen_00057.txt,file_modified,alert_only,high,2026-09-18 00:09:46.442958+00,2026-09-18 00:13:17.565196+00
2978d756-33dc-4a48-b740-5ae2ad27ea9b,/srv/fim-watch/gen_00064.txt,file_modified,alert_only,high,2026-09-18 00:09:46.542077+00,2026-09-18 00:13:17.581388+00
82172568-4e05-4413-a9ee-4f2f2ba1f952,/srv/fim-watch/gen_00016.txt,file_modified,alert_only,high,2026-09-18 00:09:46.642772+00,2026-09-18 00:13:17.598314+00
19be6828-91e2-454d-b879-9d025047330f,/srv/fim-watch/gen_00208.txt,file_modified,alert_only,high,2026-09-18 00:09:46.742543+00,2026-09-18 00:13:17.614316+00
2237f1af-3171-43a4-8843-0f4da8d25037,/srv/fim-watch/gen_00208.txt,file_deleted,alert_only,high,2026-09-18 00:09:46.842318+00,2026-09-18 00:13:17.699475+00
b90332dc-21bf-40a2-b4b3-5025036f4a4f,/srv/fim-watch/critico/gen_00156.txt,file_modified,alert_only,critical,2026-09-18 00:09:46.941821+00,2026-09-18 00:13:17.803218+00
d67b15e9-1a9f-4dc6-b501-3d7914abf39c,/srv/fim-watch/gen_00125.txt,file_modified,alert_only,high,2026-09-18 00:09:47.042955+00,2026-09-18 00:13:17.880022+00
8b9983c3-1808-473a-9152-357c204faca7,/srv/fim-watch/gen_00125.txt,file_modified,alert_only,high,2026-09-18 00:09:47.142623+00,2026-09-18 00:13:17.886473+00
acf24d80-9d07-484d-a823-4f869a9c6dad,/srv/fim-watch/gen_00125.txt,file_modified,alert_only,high,2026-09-18 00:09:47.242004+00,2026-09-18 00:13:17.90217+00
9797b07c-ac8b-4d84-9ff8-24a30d927364,/srv/fim-watch/gen_00125.txt,file_modified,alert_only,high,2026-09-18 00:09:47.342561+00,2026-09-18 00:13:17.918183+00
5c376afd-fb47-496a-87ee-1f9a4efdf803,/srv/fim-watch/gen_00125.txt,file_modified,alert_only,high,2026-09-18 00:09:47.442562+00,2026-09-18 00:13:17.934499+00
b23137e7-478c-49a5-9a13-dd1b70cae766,/srv/fim-watch/gen_00088.txt,file_modified,alert_only,high,2026-09-18 00:09:47.542785+00,2026-09-18 00:13:17.95118+00
f937e058-2e50-4f5f-a25a-84dc9da75124,/srv/fim-watch/gen_00136.txt,file_modified,alert_only,high,2026-09-18 00:09:47.642591+00,2026-09-18 00:13:17.967076+00
4feec702-7946-4480-8412-d12226aa329f,/srv/fim-watch/gen_00170.txt,file_modified,alert_only,high,2026-09-18 00:09:47.742528+00,2026-09-18 00:13:17.980805+00
09055421-810c-4172-af65-4eba9f738fa5,/srv/fim-watch/gen_00036.txt,file_modified,alert_only,high,2026-09-18 00:09:47.842676+00,2026-09-18 00:13:17.993863+00
f8ea3afb-50b4-4a8a-983d-2403c01e64f4,/srv/fim-watch/gen_00201.txt,file_modified,alert_only,high,2026-09-18 00:09:47.94283+00,2026-09-18 00:13:18.008885+00
850803ba-88e6-4646-bb2a-256f4d9abdc1,/srv/fim-watch/critico/gen_00209.txt,file_modified,alert_only,critical,2026-09-18 00:09:48.042599+00,2026-09-18 00:13:18.024637+00
3218ff58-2f39-4c5d-b6ed-63b97aa8d39c,/srv/fim-watch/critico/gen_00130.txt,file_modified,alert_only,critical,2026-09-18 00:09:48.142449+00,2026-09-18 00:13:18.040201+00
655feb43-9310-4fe0-a315-479b302c4877,/srv/fim-watch/gen_00096.txt,file_modified,alert_only,high,2026-09-18 00:09:48.242725+00,2026-09-18 00:13:18.056394+00
0e27c071-b4bd-437d-ab64-e23b00079826,/srv/fim-watch/critico/gen_00210.txt,file_created,alert_only,critical,2026-09-18 00:09:48.342681+00,2026-09-18 00:13:18.073495+00
9fc2d28c-3658-459a-8be4-bbbe6074c957,/srv/fim-watch/gen_00201.txt,file_deleted,alert_only,high,2026-09-18 00:09:48.442554+00,2026-09-18 00:13:18.088796+00
3d9af0fa-5675-48ad-a0f1-6891dfdc9bbf,/srv/fim-watch/gen_00211.txt,file_modified,alert_only,high,2026-09-18 00:09:48.54234+00,2026-09-18 00:13:18.1027+00
414a7714-d21d-40d9-b645-9d31d73b97f4,/srv/fim-watch/gen_00211.txt,file_deleted,alert_only,high,2026-09-18 00:09:48.64262+00,2026-09-18 00:13:18.116676+00
7aeabaf8-3042-4c8e-9360-0e5567ea2ee5,/srv/fim-watch/gen_00058.txt,file_modified,alert_only,high,2026-09-18 00:09:48.74206+00,2026-09-18 00:13:18.135636+00
b5b2386d-ead2-4346-a780-2fe47b55eebb,/srv/fim-watch/gen_00160.txt,file_modified,alert_only,high,2026-09-18 00:09:48.842083+00,2026-09-18 00:13:18.152653+00
b0629afe-114f-4d12-92dd-8e68d9722eeb,/srv/fim-watch/gen_00096.txt,file_modified,alert_only,high,2026-09-18 00:09:48.942919+00,2026-09-18 00:13:18.172804+00
20c9855c-1e57-4976-8f6d-822098cb49fb,/srv/fim-watch/gen_00096.txt,file_modified,alert_only,high,2026-09-18 00:09:49.042475+00,2026-09-18 00:13:18.186435+00
2fb62ee3-c82c-4f37-b661-11beb4278707,/srv/fim-watch/gen_00178.txt,file_modified,alert_only,high,2026-09-18 00:09:49.142029+00,2026-09-18 00:13:18.199798+00
d876e1c4-80cd-4a39-b770-9de2dc17cf34,/srv/fim-watch/critico/gen_00025.txt,file_modified,alert_only,critical,2026-09-18 00:09:49.242582+00,2026-09-18 00:13:18.212685+00
b388b342-1240-4ab4-bf1c-44605bd0f56e,/srv/fim-watch/critico/gen_00169.txt,file_modified,alert_only,critical,2026-09-18 00:09:49.342374+00,2026-09-18 00:13:18.226982+00
7094fbad-8f44-47e6-a2ae-a2fad75fae6a,/srv/fim-watch/gen_00161.txt,file_modified,alert_only,high,2026-09-18 00:09:49.442478+00,2026-09-18 00:13:18.255636+00
b35489cf-16eb-4a6e-92dc-9143e8d53f52,/srv/fim-watch/gen_00161.txt,file_modified,alert_only,high,2026-09-18 00:09:49.542624+00,2026-09-18 00:13:18.262422+00
2293b234-229d-436c-8715-662e3ac6d935,/srv/fim-watch/gen_00162.txt,file_modified,alert_only,high,2026-09-18 00:09:49.642608+00,2026-09-18 00:13:18.278995+00
6190b376-fe17-4539-afc0-31a010faa3aa,/srv/fim-watch/gen_00212.txt,file_modified,alert_only,high,2026-09-18 00:09:49.742406+00,2026-09-18 00:13:18.294558+00
cef5cd92-7630-4e9c-a1aa-94d478b6149d,/srv/fim-watch/gen_00213.txt,file_modified,alert_only,high,2026-09-18 00:09:49.842889+00,2026-09-18 00:13:18.310572+00
9b1611a9-5fa5-490a-9b02-95360049817a,/srv/fim-watch/gen_00103.txt,file_modified,alert_only,high,2026-09-18 00:09:49.94302+00,2026-09-18 00:13:18.326795+00
a2bd9c5c-f01a-4a45-834f-971521300c61,/srv/fim-watch/gen_00071.txt,file_modified,alert_only,high,2026-09-18 00:09:50.042424+00,2026-09-18 00:13:18.342936+00
3349a226-b681-4e87-8bd2-5ed7b1e024f9,/srv/fim-watch/gen_00050.txt,file_modified,alert_only,high,2026-09-18 00:09:50.142222+00,2026-09-18 00:13:18.359984+00
62e6305e-40ec-4813-a957-0ddde06d54db,/srv/fim-watch/gen_00214.txt,file_modified,alert_only,high,2026-09-18 00:09:50.242678+00,2026-09-18 00:13:18.377595+00
760848d5-0e29-41ee-a0fa-10f9f15fb6a6,/srv/fim-watch/critico/gen_00200.txt,file_modified,alert_only,critical,2026-09-18 00:09:50.342933+00,2026-09-18 00:13:18.395001+00
4b52552d-7b35-4113-9199-a0158fd1ecc0,/srv/fim-watch/critico/gen_00200.txt,file_modified,alert_only,critical,2026-09-18 00:09:50.442511+00,2026-09-18 00:13:18.411904+00
b456c774-27f2-4f5d-ad52-d663c0204626,/srv/fim-watch/critico/gen_00200.txt,file_modified,alert_only,critical,2026-09-18 00:09:50.542544+00,2026-09-18 00:13:18.429641+00
b1567e12-fd94-4d2d-802b-f3a1c27f19d8,/srv/fim-watch/critico/gen_00200.txt,file_modified,alert_only,critical,2026-09-18 00:09:50.642833+00,2026-09-18 00:13:18.448132+00
ae159093-3b87-41f8-9ede-526017508a90,/srv/fim-watch/critico/gen_00200.txt,file_modified,alert_only,critical,2026-09-18 00:09:50.742604+00,2026-09-18 00:13:18.466238+00
29573b0f-06e7-495e-8a8c-b71455246831,/srv/fim-watch/gen_00057.txt,file_modified,alert_only,high,2026-09-18 00:09:50.84262+00,2026-09-18 00:13:18.485185+00
cc38c8a7-3004-4e31-8318-60b41aa9cab1,/srv/fim-watch/gen_00215.txt,file_modified,alert_only,high,2026-09-18 00:09:50.942328+00,2026-09-18 00:13:18.50422+00
6600b659-2533-49b3-9d04-6c388b0e009f,/srv/fim-watch/gen_00074.txt,file_modified,alert_only,high,2026-09-18 00:09:51.042581+00,2026-09-18 00:13:18.522373+00
47534c02-5c1d-4ba3-8a34-982f3a0ac8ee,/srv/fim-watch/critico/gen_00123.txt,file_modified,alert_only,critical,2026-09-18 00:09:51.142738+00,2026-09-18 00:13:18.54125+00
07295bb3-2453-4ef9-ad18-2a034bdc8d16,/srv/fim-watch/gen_00102.txt,file_modified,alert_only,high,2026-09-18 00:09:51.242542+00,2026-09-18 00:13:18.560463+00
83ed0a73-92d5-4aa9-ad31-df16f2d57feb,/srv/fim-watch/gen_00170.txt,file_modified,alert_only,high,2026-09-18 00:09:51.34236+00,2026-09-18 00:13:18.576562+00
6d93fb47-ce30-4f71-8379-afc39e886351,/srv/fim-watch/gen_00216.txt,file_modified,alert_only,high,2026-09-18 00:09:51.442386+00,2026-09-18 00:13:18.592924+00
d16231ba-9698-4cf4-ad49-3c15cdc797b5,/srv/fim-watch/gen_00216.txt,file_deleted,alert_only,high,2026-09-18 00:09:51.542291+00,2026-09-18 00:13:18.607681+00
336f230a-d95b-457f-9fd6-5f21461f47ac,/srv/fim-watch/critico/gen_00153.txt,file_modified,alert_only,critical,2026-09-18 00:09:51.642533+00,2026-09-18 00:13:18.622394+00
ef31376a-6232-4697-b378-1e9c929b84e5,/srv/fim-watch/gen_00217.txt,file_modified,alert_only,high,2026-09-18 00:09:51.742382+00,2026-09-18 00:13:18.63762+00
c5bd7768-f868-4f8b-959b-07b2d7592190,/srv/fim-watch/gen_00134.txt,file_modified,alert_only,high,2026-09-18 00:09:51.842461+00,2026-09-18 00:13:18.654013+00
a1d60e2c-12d6-4fa9-833a-839e1de0d52a,/srv/fim-watch/gen_00218.txt,file_modified,alert_only,high,2026-09-18 00:09:51.942981+00,2026-09-18 00:13:18.6712+00
ebe39a22-aebc-44a4-8032-5b2136763e99,/srv/fim-watch/gen_00215.txt,file_modified,alert_only,high,2026-09-18 00:09:52.041914+00,2026-09-18 00:13:18.714858+00
0f857a5c-0257-4ce0-ae17-61a19b6a9999,/srv/fim-watch/gen_00070.txt,file_modified,alert_only,high,2026-09-18 00:09:52.141922+00,2026-09-18 00:13:18.821397+00
ef9a18c4-44e0-4b7d-9b7e-43d784f84227,/srv/fim-watch/gen_00070.txt,file_modified,alert_only,high,2026-09-18 00:09:52.241821+00,2026-09-18 00:13:18.938971+00
f02269bd-0fea-4736-8e7f-59b971dbc724,/srv/fim-watch/gen_00067.txt,file_modified,alert_only,high,2026-09-18 00:09:52.342751+00,2026-09-18 00:13:18.945455+00
72587eb4-42e5-4139-9757-ae0e03aa49c4,/srv/fim-watch/gen_00135.txt,file_modified,alert_only,high,2026-09-18 00:09:52.443035+00,2026-09-18 00:13:18.959788+00
7e43bbea-c432-4701-83ff-dd1d6e65464b,/srv/fim-watch/gen_00174.txt,file_modified,alert_only,high,2026-09-18 00:09:52.542578+00,2026-09-18 00:13:18.973175+00
6697363f-d8d6-47e6-bfc6-7aafe2ab6717,/srv/fim-watch/gen_00219.txt,file_created,alert_only,high,2026-09-18 00:09:52.642746+00,2026-09-18 00:13:18.987541+00
658203fe-a687-4c8c-a800-c8c41fb1d384,/srv/fim-watch/gen_00220.txt,file_modified,alert_only,high,2026-09-18 00:09:52.742316+00,2026-09-18 00:13:19.002965+00
a6677078-c562-4c1c-9538-586f077a80c4,/srv/fim-watch/gen_00220.txt,file_deleted,alert_only,high,2026-09-18 00:09:52.842833+00,2026-09-18 00:13:19.020476+00
6eaf3304-a46b-471c-97ac-2bd8363e6fce,/srv/fim-watch/gen_00128.txt,file_modified,alert_only,high,2026-09-18 00:09:52.942767+00,2026-09-18 00:13:19.038403+00
b77a14d1-006e-41ca-b51f-d573d8b5e933,/srv/fim-watch/gen_00020.txt,file_modified,alert_only,high,2026-09-18 00:09:53.042775+00,2026-09-18 00:13:19.054201+00
ec1d37d2-d890-4cf6-9ed6-87462b8c2a90,/srv/fim-watch/gen_00175.txt,file_modified,alert_only,high,2026-09-18 00:09:53.142771+00,2026-09-18 00:13:19.070466+00
14d9ecb9-6c0c-48a6-9222-7f86ee9bb216,/srv/fim-watch/gen_00193.txt,file_modified,alert_only,high,2026-09-18 00:09:53.242777+00,2026-09-18 00:13:19.084696+00
f47594fa-d2e8-487d-b5b5-7c6864f8a247,/srv/fim-watch/gen_00151.txt,file_modified,alert_only,high,2026-09-18 00:09:53.342573+00,2026-09-18 00:13:19.098741+00
c57cb21b-4e27-444e-b45e-5f70affba61a,/srv/fim-watch/gen_00151.txt,file_modified,alert_only,high,2026-09-18 00:09:53.442546+00,2026-09-18 00:13:19.112803+00
4325d7ae-1d85-4278-ae4c-3524446b3acf,/srv/fim-watch/gen_00106.txt,file_modified,alert_only,high,2026-09-18 00:09:53.542508+00,2026-09-18 00:13:19.12581+00
a89846d7-a420-4674-af17-2bd6eec3e031,/srv/fim-watch/gen_00170.txt,file_deleted,alert_only,high,2026-09-18 00:09:53.641988+00,2026-09-18 00:13:19.14069+00
73a87a74-c2b8-4d78-b5ff-c5a9325b8a69,/srv/fim-watch/gen_00149.txt,file_modified,alert_only,high,2026-09-18 00:09:53.74277+00,2026-09-18 00:13:19.158196+00
6bfc0a7d-a7a2-4232-9d42-8aed2d5808a8,/srv/fim-watch/gen_00103.txt,file_deleted,alert_only,high,2026-09-18 00:09:53.84241+00,2026-09-18 00:13:19.174846+00
b27cd30d-a0e8-44de-87c9-29c4f5afaf15,/srv/fim-watch/gen_00147.txt,file_deleted,alert_only,high,2026-09-18 00:09:53.942033+00,2026-09-18 00:13:19.193011+00
4516577a-6318-4345-9ce2-b47f4aaccb9b,/srv/fim-watch/gen_00181.txt,file_modified,alert_only,high,2026-09-18 00:09:54.042832+00,2026-09-18 00:13:19.208578+00
4b9100ee-f3d0-43be-b6da-434f27217bb3,/srv/fim-watch/gen_00181.txt,file_modified,alert_only,high,2026-09-18 00:09:54.142905+00,2026-09-18 00:13:19.224288+00
b4e50e24-e1ec-4517-a426-e3afcee953a8,/srv/fim-watch/gen_00093.txt,file_modified,alert_only,high,2026-09-18 00:09:54.242931+00,2026-09-18 00:13:19.254136+00
1f3a8303-8995-49df-95f2-00f5b0587372,/srv/fim-watch/gen_00175.txt,file_modified,alert_only,high,2026-09-18 00:09:54.342905+00,2026-09-18 00:13:19.260455+00
672401aa-a854-483f-a21c-644b81d5a160,/srv/fim-watch/gen_00175.txt,file_modified,alert_only,high,2026-09-18 00:09:54.4428+00,2026-09-18 00:13:19.278084+00
67695919-18b3-4452-b82f-2775664d2da1,/srv/fim-watch/gen_00175.txt,file_modified,alert_only,high,2026-09-18 00:09:54.542556+00,2026-09-18 00:13:19.294642+00
b37c15a7-1b27-4ef5-83a9-01451bde999c,/srv/fim-watch/gen_00175.txt,file_modified,alert_only,high,2026-09-18 00:09:54.642923+00,2026-09-18 00:13:19.310934+00
b58cb5d9-f304-4418-b9c7-1e4ba27969a5,/srv/fim-watch/gen_00175.txt,file_modified,alert_only,high,2026-09-18 00:09:54.742776+00,2026-09-18 00:13:19.327265+00
d0ed713f-28b6-44cd-b396-8b1ab70c5772,/srv/fim-watch/gen_00125.txt,file_modified,alert_only,high,2026-09-18 00:09:54.843001+00,2026-09-18 00:13:19.343082+00
f145dc4c-cb86-4031-99bf-65302c94d0bb,/srv/fim-watch/gen_00062.txt,file_modified,alert_only,high,2026-09-18 00:09:54.942788+00,2026-09-18 00:13:19.360321+00
4f120d06-f787-4995-8fb9-3ecd56d5c07d,/srv/fim-watch/critico/gen_00184.txt,file_modified,alert_only,critical,2026-09-18 00:09:55.043004+00,2026-09-18 00:13:19.373343+00
c5347995-082b-4f30-8eb6-d2900f731271,/srv/fim-watch/gen_00167.txt,file_modified,alert_only,high,2026-09-18 00:09:55.142806+00,2026-09-18 00:13:19.389832+00
0f98e372-fc8f-413a-8170-a1765026bede,/srv/fim-watch/gen_00221.txt,file_modified,alert_only,high,2026-09-18 00:09:55.242464+00,2026-09-18 00:13:19.406089+00
8901915c-48d7-44ee-9a13-c46457e9c3d6,/srv/fim-watch/critico/gen_00222.txt,file_modified,alert_only,critical,2026-09-18 00:09:55.342813+00,2026-09-18 00:13:19.422012+00
65a84131-2a86-46bf-af0a-123e02193625,/srv/fim-watch/gen_00108.txt,file_modified,alert_only,high,2026-09-18 00:09:55.442163+00,2026-09-18 00:13:19.439127+00
cf2a6eae-092f-43e7-96f1-f5bc9b3ebe6c,/srv/fim-watch/gen_00139.txt,file_modified,alert_only,high,2026-09-18 00:09:55.54258+00,2026-09-18 00:13:19.454603+00
3f65712c-e350-495b-925b-a8767e2851aa,/srv/fim-watch/gen_00213.txt,file_modified,alert_only,high,2026-09-18 00:09:55.642949+00,2026-09-18 00:13:19.46939+00
6a1d517e-89f9-4bb6-8ed0-797b749d0cf9,/srv/fim-watch/gen_00106.txt,file_modified,alert_only,high,2026-09-18 00:09:55.742885+00,2026-09-18 00:13:19.485428+00
7522310d-f2f1-437a-8b91-e324d63432b7,/srv/fim-watch/gen_00223.txt,file_modified,alert_only,high,2026-09-18 00:09:55.84235+00,2026-09-18 00:13:19.504106+00
81d9a7a2-2616-4dfb-95e2-6adfcd8585b9,/srv/fim-watch/gen_00224.txt,file_modified,alert_only,high,2026-09-18 00:09:55.942715+00,2026-09-18 00:13:19.522562+00
f074e005-c07d-4b2d-b2a1-5b72da629606,/srv/fim-watch/gen_00224.txt,file_deleted,alert_only,high,2026-09-18 00:09:56.042531+00,2026-09-18 00:13:19.537982+00
c05ab68c-f460-40bb-a5f8-1bd3ddfb518b,/srv/fim-watch/critico/gen_00025.txt,file_modified,alert_only,critical,2026-09-18 00:09:56.142902+00,2026-09-18 00:13:19.553613+00
8ca65da3-5f82-4b48-b80e-75ff50bc7dd2,/srv/fim-watch/critico/gen_00025.txt,file_modified,alert_only,critical,2026-09-18 00:09:56.242802+00,2026-09-18 00:13:19.568378+00
159479d8-2324-48fb-96f2-8d816d42aa73,/srv/fim-watch/gen_00225.txt,file_modified,alert_only,high,2026-09-18 00:09:56.3427+00,2026-09-18 00:13:19.585995+00
ff3cdc1a-e1a8-451a-a81e-2e1adf0a936d,/srv/fim-watch/critico/gen_00025.txt,file_modified,alert_only,critical,2026-09-18 00:09:56.442304+00,2026-09-18 00:13:19.598824+00
16a19866-afc4-4c82-98d4-9fd4c8aa6201,/srv/fim-watch/gen_00226.txt,file_modified,alert_only,high,2026-09-18 00:09:56.542536+00,2026-09-18 00:13:19.614239+00
c16a585b-0fbf-4648-a6fa-21c2f12a9b64,/srv/fim-watch/gen_00049.txt,file_modified,alert_only,high,2026-09-18 00:09:56.642792+00,2026-09-18 00:13:19.629445+00
8db112da-966d-497c-a2bc-23274744f4b6,/srv/fim-watch/gen_00203.txt,file_modified,alert_only,high,2026-09-18 00:09:56.742639+00,2026-09-18 00:13:19.641684+00
1ccefb98-e83e-4396-8235-5be560f5fe7b,/srv/fim-watch/gen_00114.txt,file_modified,alert_only,high,2026-09-18 00:09:56.841961+00,2026-09-18 00:13:19.653781+00
8a9b68a0-9c22-4ce4-8190-1b812af82ea9,/srv/fim-watch/gen_00114.txt,file_modified,alert_only,high,2026-09-18 00:09:56.942953+00,2026-09-18 00:13:19.668943+00
d1d365a8-e9f6-4fb2-96b3-3a9513dd9d6f,/srv/fim-watch/gen_00114.txt,file_modified,alert_only,high,2026-09-18 00:09:57.041933+00,2026-09-18 00:13:19.681208+00
19bba3cf-1a4f-4c1a-a882-3a409f34b631,/srv/fim-watch/gen_00114.txt,file_modified,alert_only,high,2026-09-18 00:09:57.142729+00,2026-09-18 00:13:19.693981+00
fceec8a6-509f-4611-9b18-0b642b852b92,/srv/fim-watch/gen_00114.txt,file_modified,alert_only,high,2026-09-18 00:09:57.242598+00,2026-09-18 00:13:19.707257+00
0badb029-a172-4eac-ab7d-978161ca7992,/srv/fim-watch/critico/gen_00227.txt,file_modified,alert_only,critical,2026-09-18 00:09:57.343394+00,2026-09-18 00:13:19.775688+00
41021111-aa25-4f09-be45-1a3280c1848d,/srv/fim-watch/critico/gen_00227.txt,file_deleted,alert_only,critical,2026-09-18 00:09:57.442704+00,2026-09-18 00:13:19.844888+00
c4ebd96f-90be-46fc-9428-9ea786e7d276,/srv/fim-watch/gen_00016.txt,file_modified,alert_only,high,2026-09-18 00:09:57.541648+00,2026-09-18 00:13:19.918718+00
9f28de06-4e1a-4990-8a4f-8465b0025a65,/srv/fim-watch/gen_00192.txt,file_modified,alert_only,high,2026-09-18 00:09:57.642518+00,2026-09-18 00:13:19.962246+00
8b0bfce4-c291-4dec-880e-fa4427431df5,/srv/fim-watch/gen_00228.txt,file_modified,alert_only,high,2026-09-18 00:09:57.74279+00,2026-09-18 00:13:19.968766+00
53de6953-af34-4074-9dbe-1cb32bec9e0e,/srv/fim-watch/critico/gen_00123.txt,file_modified,alert_only,critical,2026-09-18 00:09:57.84256+00,2026-09-18 00:13:19.983806+00
cf55d2ad-b71e-4a31-98d9-a6836c9c22a4,/srv/fim-watch/gen_00159.txt,file_modified,alert_only,high,2026-09-18 00:09:57.942457+00,2026-09-18 00:13:19.998004+00
4b5c9cd2-6b4d-4b49-b0e2-2e2e54eb8583,/srv/fim-watch/gen_00159.txt,file_modified,alert_only,high,2026-09-18 00:09:58.042437+00,2026-09-18 00:13:20.012001+00
fa681c2d-1013-494b-b7f5-da9b5897e614,/srv/fim-watch/gen_00135.txt,file_modified,alert_only,high,2026-09-18 00:09:58.14244+00,2026-09-18 00:13:20.026634+00
970a3307-fba8-4462-a2a8-446f600360d8,/srv/fim-watch/gen_00229.txt,file_modified,alert_only,high,2026-09-18 00:09:58.242608+00,2026-09-18 00:13:20.045358+00
01475625-2dc4-4a90-96a5-9ff70d23411a,/srv/fim-watch/critico/gen_00200.txt,file_modified,alert_only,critical,2026-09-18 00:09:58.342566+00,2026-09-18 00:13:20.059636+00
2dcdcd5e-dccb-47e6-8a49-3d14ec4eab8e,/srv/fim-watch/critico/gen_00200.txt,file_modified,alert_only,critical,2026-09-18 00:09:58.441817+00,2026-09-18 00:13:20.07343+00
f69df0b1-d8aa-4fff-941e-319ade243d47,/srv/fim-watch/gen_00181.txt,file_deleted,alert_only,high,2026-09-18 00:09:58.542311+00,2026-09-18 00:13:20.087642+00
73614501-1560-4492-b1e3-8854086e6441,/srv/fim-watch/gen_00167.txt,file_deleted,alert_only,high,2026-09-18 00:09:58.642203+00,2026-09-18 00:13:20.104073+00
3c04e6f0-2898-48f7-892e-73037cc668b8,/srv/fim-watch/gen_00062.txt,file_modified,alert_only,high,2026-09-18 00:09:58.742293+00,2026-09-18 00:13:20.119708+00
008a3fb7-0794-4537-bffe-6492cd8d3095,/srv/fim-watch/gen_00230.txt,file_modified,alert_only,high,2026-09-18 00:09:58.84211+00,2026-09-18 00:13:20.137669+00
6648c15e-e99b-4433-8777-77f513c25280,/srv/fim-watch/gen_00062.txt,file_modified,alert_only,high,2026-09-18 00:09:58.942359+00,2026-09-18 00:13:20.154517+00
fc936af0-729c-46b4-980f-a187ff2ada94,/srv/fim-watch/gen_00042.txt,file_modified,alert_only,high,2026-09-18 00:09:59.042501+00,2026-09-18 00:13:20.179601+00
fa3e78f5-743c-493f-809e-f7755e4af847,/srv/fim-watch/gen_00212.txt,file_modified,alert_only,high,2026-09-18 00:09:59.142391+00,2026-09-18 00:13:20.186546+00
6f0f7a55-ece7-4c10-8c2e-e56cc705eb2b,/srv/fim-watch/gen_00212.txt,file_modified,alert_only,high,2026-09-18 00:09:59.242553+00,2026-09-18 00:13:20.200802+00
9cb2603e-8413-425e-b545-f1d3a2e6980b,/srv/fim-watch/gen_00231.txt,file_modified,alert_only,high,2026-09-18 00:09:59.342341+00,2026-09-18 00:13:20.214228+00
b1280012-5611-412e-9328-742ded114414,/srv/fim-watch/gen_00218.txt,file_deleted,alert_only,high,2026-09-18 00:09:59.443047+00,2026-09-18 00:13:20.227665+00
ad30c312-15cf-4a94-be0c-3b5adbcbcadb,/srv/fim-watch/gen_00122.txt,file_modified,alert_only,high,2026-09-18 00:09:59.542395+00,2026-09-18 00:13:20.241269+00
3d4f006d-4747-43cb-9ed9-82f7cddd431e,/srv/fim-watch/gen_00122.txt,file_modified,alert_only,high,2026-09-18 00:09:59.642299+00,2026-09-18 00:13:20.25607+00
afd967e5-b15e-42bc-b9fa-e5ec502ae15f,/srv/fim-watch/gen_00232.txt,file_modified,alert_only,high,2026-09-18 00:09:59.742024+00,2026-09-18 00:13:20.267282+00
5cc55997-0505-4129-a852-b870d3bd7921,/srv/fim-watch/critico/gen_00233.txt,file_modified,alert_only,critical,2026-09-18 00:09:59.842292+00,2026-09-18 00:13:20.278567+00
b1202008-b991-4f8e-a02e-011a64d51a36,/srv/fim-watch/critico/gen_00233.txt,file_modified,alert_only,critical,2026-09-18 00:09:59.942084+00,2026-09-18 00:13:20.290585+00
fc221d38-0c74-4e76-a5c4-26c5f3885511,/srv/fim-watch/gen_00068.txt,file_modified,alert_only,high,2026-09-18 00:10:00.042464+00,2026-09-18 00:13:20.304226+00
0cd65ed1-6e71-4a30-9288-f70b2bd9af2c,/srv/fim-watch/gen_00234.txt,file_modified,alert_only,high,2026-09-18 00:10:00.142483+00,2026-09-18 00:13:20.318677+00
27536e69-33ea-4eb3-a383-558c65ab2cbb,/srv/fim-watch/gen_00117.txt,file_modified,alert_only,high,2026-09-18 00:10:00.24242+00,2026-09-18 00:13:20.333419+00
b301efe7-e5ce-4982-8042-9bd1f2c2273d,/srv/fim-watch/gen_00102.txt,file_modified,alert_only,high,2026-09-18 00:10:00.34248+00,2026-09-18 00:13:20.348343+00
7e2678f5-a55e-4c9b-b09e-7799f917e69f,/srv/fim-watch/gen_00108.txt,file_modified,alert_only,high,2026-09-18 00:10:00.442732+00,2026-09-18 00:13:20.368735+00
3676fe82-51ef-4191-a8b9-46aa65e4e809,/srv/fim-watch/gen_00235.txt,file_modified,alert_only,high,2026-09-18 00:10:00.542218+00,2026-09-18 00:13:20.385828+00
b49cec6e-c27d-470d-be9b-1c273d726acd,/srv/fim-watch/critico/gen_00236.txt,file_modified,alert_only,critical,2026-09-18 00:10:00.642498+00,2026-09-18 00:13:20.401342+00
54207ac6-6165-4acb-a77d-f627de37b49f,/srv/fim-watch/critico/gen_00222.txt,file_modified,alert_only,critical,2026-09-18 00:10:00.742623+00,2026-09-18 00:13:20.418256+00
8e42bd98-8fa9-4a29-9c22-072e0709170b,/srv/fim-watch/gen_00237.txt,file_modified,alert_only,high,2026-09-18 00:10:00.842825+00,2026-09-18 00:13:20.435254+00
bc3e4128-209a-428f-bd37-0637796e9369,/srv/fim-watch/gen_00238.txt,file_modified,alert_only,high,2026-09-18 00:10:00.942368+00,2026-09-18 00:13:20.451497+00
8762d065-6c7e-4f19-9022-d215629cbe8d,/srv/fim-watch/gen_00195.txt,file_modified,alert_only,high,2026-09-18 00:10:01.042603+00,2026-09-18 00:13:20.466997+00
92eced7d-ea94-4e85-a3b5-34092ef0d587,/srv/fim-watch/gen_00115.txt,file_modified,alert_only,high,2026-09-18 00:10:01.142186+00,2026-09-18 00:13:20.482316+00
3cdaa4ee-251d-4af5-a5c4-2d005285794b,/srv/fim-watch/gen_00115.txt,file_modified,alert_only,high,2026-09-18 00:10:01.242478+00,2026-09-18 00:13:20.497536+00
f995f933-b804-4067-89d7-bf513617b5f6,/srv/fim-watch/gen_00115.txt,file_modified,alert_only,high,2026-09-18 00:10:01.342533+00,2026-09-18 00:13:20.513118+00
10181efa-bee9-4b4e-82dc-d46577986e6d,/srv/fim-watch/gen_00115.txt,file_modified,alert_only,high,2026-09-18 00:10:01.442175+00,2026-09-18 00:13:20.52786+00
6ec3f521-b11d-4304-b5e1-d1a21743bf13,/srv/fim-watch/gen_00115.txt,file_modified,alert_only,high,2026-09-18 00:10:01.542502+00,2026-09-18 00:13:20.542928+00
a0debd97-db41-40f6-ae16-49c0ac8771fc,/srv/fim-watch/gen_00079.txt,file_modified,alert_only,high,2026-09-18 00:10:01.642153+00,2026-09-18 00:13:20.559263+00
a089df9c-0f90-4c67-8346-1e3b63144ea0,/srv/fim-watch/gen_00057.txt,file_modified,alert_only,high,2026-09-18 00:10:01.742524+00,2026-09-18 00:13:20.574763+00
0920583a-5865-4763-b798-5d5df1d5afc7,/srv/fim-watch/gen_00194.txt,file_modified,alert_only,high,2026-09-18 00:10:01.842287+00,2026-09-18 00:13:20.58948+00
3f045f64-fa6e-40f6-88df-9cd93680e9e1,/srv/fim-watch/gen_00239.txt,file_modified,alert_only,high,2026-09-18 00:10:01.942446+00,2026-09-18 00:13:20.604506+00
6659bb0b-9eb0-4855-ac5e-37e961e66518,/srv/fim-watch/gen_00240.txt,file_modified,alert_only,high,2026-09-18 00:10:02.042626+00,2026-09-18 00:13:20.620592+00
94ccdeb0-ac46-4741-9eb7-70506672f24b,/srv/fim-watch/gen_00185.txt,file_deleted,alert_only,high,2026-09-18 00:10:02.142477+00,2026-09-18 00:13:20.63764+00
14d37dc9-458e-422a-85b0-e8182e59eabb,/srv/fim-watch/gen_00203.txt,file_modified,alert_only,high,2026-09-18 00:10:02.243086+00,2026-09-18 00:13:20.656603+00
b678e018-3d62-4f0f-8b86-cd23784fdeb2,/srv/fim-watch/gen_00231.txt,file_modified,alert_only,high,2026-09-18 00:10:02.342626+00,2026-09-18 00:13:20.673449+00
1766270c-f4ac-4d60-884f-d23b6cff02a3,/srv/fim-watch/gen_00217.txt,file_modified,alert_only,high,2026-09-18 00:10:02.442515+00,2026-09-18 00:13:20.68501+00
7bdaa131-05d3-404b-a986-dcce0cfebc6e,/srv/fim-watch/gen_00049.txt,file_modified,alert_only,high,2026-09-18 00:10:02.54223+00,2026-09-18 00:13:20.699468+00
1cb5ff80-91ec-43d7-8fbe-11d53a95a456,/srv/fim-watch/gen_00240.txt,file_modified,alert_only,high,2026-09-18 00:10:02.641728+00,2026-09-18 00:13:20.755652+00
aefa4c07-7545-4026-a202-c8ce987fd643,/srv/fim-watch/gen_00078.txt,file_modified,alert_only,high,2026-09-18 00:10:02.741618+00,2026-09-18 00:13:20.847643+00
6cb7207d-fce5-44e3-9a68-4157f7dd775d,/srv/fim-watch/gen_00146.txt,file_deleted,alert_only,high,2026-09-18 00:10:02.841586+00,2026-09-18 00:13:20.946432+00
b18354c7-b740-440b-896c-2be8a4e453e5,/srv/fim-watch/gen_00104.txt,file_modified,alert_only,high,2026-09-18 00:10:02.941718+00,2026-09-18 00:13:21.045643+00
d51d9ec4-98d2-4f6b-aa86-babd198c40ab,/srv/fim-watch/critico/gen_00037.txt,file_deleted,alert_only,critical,2026-09-18 00:10:03.041644+00,2026-09-18 00:13:21.143408+00
0bd12b89-9089-4118-a986-c3a13e6f4960,/srv/fim-watch/gen_00155.txt,file_deleted,alert_only,high,2026-09-18 00:10:03.142282+00,2026-09-18 00:13:21.150279+00
d28ae123-8991-4f51-ada5-60f50c265eaa,/srv/fim-watch/gen_00241.txt,file_modified,alert_only,high,2026-09-18 00:10:03.24197+00,2026-09-18 00:13:21.166555+00
13d846eb-2cbb-4b69-93f2-695ccb11e889,/srv/fim-watch/gen_00219.txt,file_modified,alert_only,high,2026-09-18 00:10:03.342548+00,2026-09-18 00:13:21.182316+00
c0637aa0-7b63-4f13-a580-c19641f236ee,/srv/fim-watch/critico/gen_00222.txt,file_modified,alert_only,critical,2026-09-18 00:10:03.44207+00,2026-09-18 00:13:21.200803+00
eee2fcd4-9850-4734-9dbc-fa0c1bd67289,/srv/fim-watch/gen_00088.txt,file_modified,alert_only,high,2026-09-18 00:10:03.541953+00,2026-09-18 00:13:21.220141+00
a05cccfa-5951-472a-8ab3-64280eafb9ea,/srv/fim-watch/critico/gen_00025.txt,file_deleted,alert_only,critical,2026-09-18 00:10:03.642258+00,2026-09-18 00:13:21.240457+00
c1180ce1-997d-4448-80b9-5ca37c0e7c25,/srv/fim-watch/gen_00229.txt,file_deleted,alert_only,high,2026-09-18 00:10:03.742657+00,2026-09-18 00:13:21.257904+00
e868a146-00ef-4f4c-b4cc-7be544dc6194,/srv/fim-watch/gen_00217.txt,file_deleted,alert_only,high,2026-09-18 00:10:03.843669+00,2026-09-18 00:13:21.275781+00
9b56fb73-fd6a-4fdf-8aa0-0df79a5929b1,/srv/fim-watch/critico/gen_00242.txt,file_modified,alert_only,critical,2026-09-18 00:10:03.942036+00,2026-09-18 00:13:21.292344+00
38be2a35-91c5-4013-b00c-8defc2e81554,/srv/fim-watch/gen_00243.txt,file_modified,alert_only,high,2026-09-18 00:10:04.042034+00,2026-09-18 00:13:21.307095+00
30a71e16-a3ef-427d-8395-08034c50930f,/srv/fim-watch/gen_00089.txt,file_modified,alert_only,high,2026-09-18 00:10:04.142175+00,2026-09-18 00:13:21.331696+00
fc59205a-4b23-4735-93c5-089d72a90fa2,/srv/fim-watch/gen_00244.txt,file_modified,alert_only,high,2026-09-18 00:10:04.242355+00,2026-09-18 00:13:21.337976+00
e503ab32-2765-4913-ad09-476cf82945f0,/srv/fim-watch/gen_00244.txt,file_deleted,alert_only,high,2026-09-18 00:10:04.342383+00,2026-09-18 00:13:21.356718+00
218ff9ca-5bd8-4f39-9380-ef40cd9885ad,/srv/fim-watch/critico/gen_00191.txt,file_modified,alert_only,critical,2026-09-18 00:10:04.441877+00,2026-09-18 00:13:21.374201+00
ef9b885a-a667-4fc3-9694-6df00542eb9a,/srv/fim-watch/gen_00203.txt,file_modified,alert_only,high,2026-09-18 00:10:04.543746+00,2026-09-18 00:13:21.391714+00
554b95f6-a92d-47f2-a842-3e6d8506e9a8,/srv/fim-watch/gen_00203.txt,file_modified,alert_only,high,2026-09-18 00:10:04.642202+00,2026-09-18 00:13:21.407791+00
086950d7-e27a-477b-a042-dd4748209c03,/srv/fim-watch/gen_00088.txt,file_modified,alert_only,high,2026-09-18 00:10:04.742939+00,2026-09-18 00:13:21.424129+00
45d228a2-50b8-468b-bdf2-7699cc375457,/srv/fim-watch/gen_00245.txt,file_modified,alert_only,high,2026-09-18 00:10:04.841963+00,2026-09-18 00:13:21.442338+00
af021520-1813-4df0-ada0-12de2a8582bc,/srv/fim-watch/critico/gen_00156.txt,file_modified,alert_only,critical,2026-09-18 00:10:04.942514+00,2026-09-18 00:13:21.457177+00
2236e713-3472-4737-b2b7-82beb5203058,/srv/fim-watch/gen_00198.txt,file_modified,alert_only,high,2026-09-18 00:10:05.042235+00,2026-09-18 00:13:21.474536+00
5878c473-d754-4743-87f2-a3f0fb258e41,/srv/fim-watch/gen_00246.txt,file_modified,alert_only,high,2026-09-18 00:10:05.142423+00,2026-09-18 00:13:21.487253+00
3b575fba-ff0a-4b0c-8d35-4c8ab0a707d2,/srv/fim-watch/critico/gen_00200.txt,file_modified,alert_only,critical,2026-09-18 00:10:05.242125+00,2026-09-18 00:13:21.503761+00
838bac2b-74c3-4455-b67e-1f701e4e48ea,/srv/fim-watch/gen_00219.txt,file_modified,alert_only,high,2026-09-18 00:10:05.342424+00,2026-09-18 00:13:21.521525+00
c714e969-071c-4a7a-afa5-c042d1f9f5ea,/srv/fim-watch/gen_00174.txt,file_modified,alert_only,high,2026-09-18 00:10:05.442418+00,2026-09-18 00:13:21.535926+00
99c61cee-d9e2-4dce-8303-fd5f420da411,/srv/fim-watch/critico/gen_00209.txt,file_modified,alert_only,critical,2026-09-18 00:10:05.542396+00,2026-09-18 00:13:21.552731+00
32acb2d5-3b42-4866-9d08-ceed5f980353,/srv/fim-watch/gen_00057.txt,file_modified,alert_only,high,2026-09-18 00:10:05.642448+00,2026-09-18 00:13:21.568695+00
b299c6b7-242d-4b18-93d8-377346119b57,/srv/fim-watch/gen_00161.txt,file_modified,alert_only,high,2026-09-18 00:10:05.742464+00,2026-09-18 00:13:21.580438+00
c36ca720-c001-4fcd-932b-e62227ef812e,/srv/fim-watch/gen_00237.txt,file_deleted,alert_only,high,2026-09-18 00:10:05.842381+00,2026-09-18 00:13:21.591764+00
6d74ee2e-628f-4015-97c0-97ae786843ab,/srv/fim-watch/critico/gen_00242.txt,file_modified,alert_only,critical,2026-09-18 00:10:05.942801+00,2026-09-18 00:13:21.603184+00
2e498000-5528-4403-ba91-38ba40ea55e9,/srv/fim-watch/gen_00247.txt,file_modified,alert_only,high,2026-09-18 00:10:06.04241+00,2026-09-18 00:13:21.61566+00
e544bbc0-12b7-4339-b905-cf1ba17bd80f,/srv/fim-watch/gen_00006.txt,file_modified,alert_only,high,2026-09-18 00:10:06.142432+00,2026-09-18 00:13:21.630302+00
82bf2a8c-cef8-4ee2-805e-f767ee6d571b,/srv/fim-watch/gen_00114.txt,file_modified,alert_only,high,2026-09-18 00:10:06.242619+00,2026-09-18 00:13:21.644386+00
e6a9293c-c332-4cf7-a864-4c8d3a6663e0,/srv/fim-watch/gen_00128.txt,file_modified,alert_only,high,2026-09-18 00:10:06.342768+00,2026-09-18 00:13:21.658801+00
b22e6f2d-67c7-400f-a964-aec2ffb4f55c,/srv/fim-watch/gen_00128.txt,file_modified,alert_only,high,2026-09-18 00:10:06.442361+00,2026-09-18 00:13:21.673216+00
9b44111f-2b04-4833-98b6-948595d5907c,/srv/fim-watch/gen_00128.txt,file_modified,alert_only,high,2026-09-18 00:10:06.542592+00,2026-09-18 00:13:21.688009+00
64cc8586-345d-41db-9b0a-2b6dbd15664a,/srv/fim-watch/gen_00128.txt,file_modified,alert_only,high,2026-09-18 00:10:06.642636+00,2026-09-18 00:13:21.70231+00
9201f76a-42fa-4bdd-bd5e-00b3df65550f,/srv/fim-watch/gen_00128.txt,file_modified,alert_only,high,2026-09-18 00:10:06.742945+00,2026-09-18 00:13:21.715653+00
f97cdf50-b76b-49b0-bcec-61155fe2d970,/srv/fim-watch/gen_00162.txt,file_modified,alert_only,high,2026-09-18 00:10:06.842939+00,2026-09-18 00:13:21.730281+00
bf5a5738-8345-4273-a120-ac230c602b3f,/srv/fim-watch/critico/gen_00248.txt,file_modified,alert_only,critical,2026-09-18 00:10:06.942413+00,2026-09-18 00:13:21.74436+00
82c0a1cc-a519-42df-aa79-a8becc810af3,/srv/fim-watch/gen_00249.txt,file_modified,alert_only,high,2026-09-18 00:10:07.042548+00,2026-09-18 00:13:21.761321+00
d3d016f2-f767-42ea-a2f2-368b9b0ca1cb,/srv/fim-watch/critico/gen_00236.txt,file_modified,alert_only,critical,2026-09-18 00:10:07.142615+00,2026-09-18 00:13:21.779146+00
c6276e6f-cef2-41b8-a3dd-4858cfd7dd67,/srv/fim-watch/gen_00093.txt,file_modified,alert_only,high,2026-09-18 00:10:07.242987+00,2026-09-18 00:13:21.794887+00
4828cec1-815d-4ab7-a252-36662aef027c,/srv/fim-watch/critico/gen_00222.txt,file_modified,alert_only,critical,2026-09-18 00:10:07.342551+00,2026-09-18 00:13:21.810146+00
551d40b6-17b4-4e5b-865b-f070f724431c,/srv/fim-watch/gen_00239.txt,file_deleted,alert_only,high,2026-09-18 00:10:07.442441+00,2026-09-18 00:13:21.825452+00
6e770d22-7984-4d99-957b-cd40c80a009d,/srv/fim-watch/gen_00128.txt,file_modified,alert_only,high,2026-09-18 00:10:07.542912+00,2026-09-18 00:13:21.840697+00
018889f3-fafd-45a4-b38f-5ac55e9281d4,/srv/fim-watch/gen_00235.txt,file_modified,alert_only,high,2026-09-18 00:10:07.642508+00,2026-09-18 00:13:21.855252+00
9eddb331-3b02-44bd-87e7-265d91bab679,/srv/fim-watch/gen_00074.txt,file_deleted,alert_only,high,2026-09-18 00:10:07.742348+00,2026-09-18 00:13:21.869151+00
3410396a-bfbc-4372-85bc-a2838a4e23b5,/srv/fim-watch/gen_00159.txt,file_deleted,alert_only,high,2026-09-18 00:10:07.842316+00,2026-09-18 00:13:21.883558+00
44109aa7-3ecc-4e53-8688-59961a48147c,/srv/fim-watch/gen_00250.txt,file_modified,alert_only,high,2026-09-18 00:10:07.942354+00,2026-09-18 00:13:21.898517+00
00099b28-5a55-4cba-8dca-714276b023e9,/srv/fim-watch/gen_00068.txt,file_deleted,alert_only,high,2026-09-18 00:10:08.042422+00,2026-09-18 00:13:21.926423+00
4837b241-137d-4bb5-be91-308245ff4464,/srv/fim-watch/critico/gen_00189.txt,file_modified,alert_only,critical,2026-09-18 00:10:08.142633+00,2026-09-18 00:13:21.977092+00
b92b10e3-3e7d-43ae-b35b-4e57291cbb1a,/srv/fim-watch/critico/gen_00189.txt,file_modified,alert_only,critical,2026-09-18 00:10:08.243011+00,2026-09-18 00:13:22.04973+00
0a8912bf-8d6a-436d-ac9d-7473dfa05d54,/srv/fim-watch/gen_00234.txt,file_modified,alert_only,high,2026-09-18 00:10:08.342602+00,2026-09-18 00:13:22.140288+00
c24067b1-b96c-4d57-bc1f-d4c748f3bf27,/srv/fim-watch/gen_00214.txt,file_modified,alert_only,high,2026-09-18 00:10:08.442831+00,2026-09-18 00:13:22.236846+00
e507d685-7bfc-49f5-b533-703601cb156f,/srv/fim-watch/gen_00163.txt,file_modified,alert_only,high,2026-09-18 00:10:08.541826+00,2026-09-18 00:13:22.321528+00
5b775752-4afd-4ee7-8cf4-d2f0a75d096f,/srv/fim-watch/gen_00231.txt,file_modified,alert_only,high,2026-09-18 00:10:08.742701+00,2026-09-18 00:13:22.382178+00
7e6d1e09-098d-467a-b42c-f6e818eeaf49,/srv/fim-watch/gen_00252.txt,file_modified,alert_only,high,2026-09-18 00:10:08.842353+00,2026-09-18 00:13:22.388174+00
ea39fdf7-3469-4ff6-aaf0-746a2db1d9d3,/srv/fim-watch/critico/gen_00233.txt,file_modified,alert_only,critical,2026-09-18 00:10:08.942498+00,2026-09-18 00:13:22.40175+00
dbd4def2-e209-47eb-9e04-d90c1883552e,/srv/fim-watch/critico/gen_00253.txt,file_modified,alert_only,critical,2026-09-18 00:10:09.041785+00,2026-09-18 00:13:22.415407+00
ad6ecb0f-91b3-4381-bb31-b22c960465eb,/srv/fim-watch/gen_00221.txt,file_modified,alert_only,high,2026-09-18 00:10:09.142498+00,2026-09-18 00:13:22.429679+00
cf28feaa-6094-48d9-b1f0-1746dbc9c8a4,/srv/fim-watch/gen_00254.txt,file_modified,alert_only,high,2026-09-18 00:10:09.242355+00,2026-09-18 00:13:22.44388+00
7575f100-c7c6-4944-95e4-6c778b0d7bfb,/srv/fim-watch/gen_00255.txt,file_modified,alert_only,high,2026-09-18 00:10:09.342555+00,2026-09-18 00:13:22.4586+00
bbf0e542-8d4b-48da-883c-ffd1bb40cdf7,/srv/fim-watch/gen_00256.txt,file_modified,alert_only,high,2026-09-18 00:10:09.442577+00,2026-09-18 00:13:22.473088+00
33162b69-c87e-4b01-b0ad-1a810d1453f9,/srv/fim-watch/gen_00187.txt,file_modified,alert_only,high,2026-09-18 00:10:09.542556+00,2026-09-18 00:13:22.487638+00
bc8f8c3e-c46f-4d77-b57d-b6a6a8d8147f,/srv/fim-watch/gen_00187.txt,file_modified,alert_only,high,2026-09-18 00:10:09.642352+00,2026-09-18 00:13:22.501125+00
cb22da88-c111-46a6-8311-9852cde842fd,/srv/fim-watch/gen_00064.txt,file_modified,alert_only,high,2026-09-18 00:10:09.742826+00,2026-09-18 00:13:22.515975+00
1f4910ce-2512-4520-b0f3-0fb310aec0ad,/srv/fim-watch/gen_00257.txt,file_modified,alert_only,high,2026-09-18 00:10:09.842613+00,2026-09-18 00:13:22.530718+00
a2098ad2-c1c8-45da-a69e-1fa83276fb8a,/srv/fim-watch/gen_00258.txt,file_modified,alert_only,high,2026-09-18 00:10:09.942503+00,2026-09-18 00:13:22.545539+00
ac9dbb08-e99e-4c1d-8265-ba5851a689bc,/srv/fim-watch/gen_00258.txt,file_deleted,alert_only,high,2026-09-18 00:10:10.042649+00,2026-09-18 00:13:22.56038+00
61723e56-148f-4b5b-8b9e-4c279b5b180a,/srv/fim-watch/gen_00259.txt,file_modified,alert_only,high,2026-09-18 00:10:10.142576+00,2026-09-18 00:13:22.573998+00
6e0de3a7-7b93-4ef8-81d9-f3c1fc3a9a08,/srv/fim-watch/gen_00006.txt,file_modified,alert_only,high,2026-09-18 00:10:10.242621+00,2026-09-18 00:13:22.589014+00
f79bb3df-f2f5-433b-a36a-0458937f26a3,/srv/fim-watch/gen_00108.txt,file_modified,alert_only,high,2026-09-18 00:10:10.342413+00,2026-09-18 00:13:22.605307+00
230cfe2f-51f9-4c48-917f-045fa2ad198f,/srv/fim-watch/gen_00256.txt,file_modified,alert_only,high,2026-09-18 00:10:10.442632+00,2026-09-18 00:13:22.621292+00
9c116440-ea1a-473e-872a-dfff91eed2b6,/srv/fim-watch/gen_00260.txt,file_modified,alert_only,high,2026-09-18 00:10:10.542546+00,2026-09-18 00:13:22.637339+00
44d0bfb5-39c7-4c2a-ba8b-4a5f53b22717,/srv/fim-watch/gen_00175.txt,file_modified,alert_only,high,2026-09-18 00:10:10.642387+00,2026-09-18 00:13:22.65434+00
16f8e54e-f3d4-4b02-8639-978486f9c460,/srv/fim-watch/gen_00261.txt,file_modified,alert_only,high,2026-09-18 00:10:10.741805+00,2026-09-18 00:13:22.670356+00
ee9010f5-9771-4a71-8183-b9db727775d8,/srv/fim-watch/gen_00263.txt,file_modified,alert_only,high,2026-09-18 00:10:10.941797+00,2026-09-18 00:13:22.686515+00
0ccb9dff-0aac-48a1-9895-ad16a56a815f,/srv/fim-watch/gen_00264.txt,file_modified,alert_only,high,2026-09-18 00:10:11.042245+00,2026-09-18 00:13:22.702511+00
2c4d1cdf-6f00-4d01-b1bd-d279cf411560,/srv/fim-watch/gen_00050.txt,file_modified,alert_only,high,2026-09-18 00:10:11.142076+00,2026-09-18 00:13:22.718875+00
ffb3ede9-39fa-49c2-89cd-e09d0393421b,/srv/fim-watch/gen_00084.txt,file_modified,alert_only,high,2026-09-18 00:10:11.242025+00,2026-09-18 00:13:22.734462+00
ea29df62-ef1d-45f5-82a8-68c8bfcdcaa8,/srv/fim-watch/gen_00265.txt,file_modified,alert_only,high,2026-09-18 00:10:11.342545+00,2026-09-18 00:13:22.750522+00
cf44f9c8-af8f-4c47-b8ab-b6aadcc81f54,/srv/fim-watch/gen_00266.txt,file_modified,alert_only,high,2026-09-18 00:10:11.442472+00,2026-09-18 00:13:22.767882+00
a898a8e9-4e21-4ab9-977c-0722806488ad,/srv/fim-watch/critico/gen_00053.txt,file_modified,alert_only,critical,2026-09-18 00:10:11.542127+00,2026-09-18 00:13:22.784565+00
fd17c11e-9d00-484e-bfa1-8ffda0393669,/srv/fim-watch/gen_00006.txt,file_modified,alert_only,high,2026-09-18 00:10:11.642744+00,2026-09-18 00:13:22.801443+00
5d0661e7-a367-43e4-9757-a49aba70e6d9,/srv/fim-watch/critico/gen_00209.txt,file_modified,alert_only,critical,2026-09-18 00:10:11.742667+00,2026-09-18 00:13:22.818505+00
dd6fd9b7-111c-4439-ac5e-3b9df0dae698,/srv/fim-watch/critico/gen_00156.txt,file_modified,alert_only,critical,2026-09-18 00:10:11.842689+00,2026-09-18 00:13:22.834799+00
0c2227ec-24c3-44a4-a7da-61d742183407,/srv/fim-watch/gen_00267.txt,file_created,alert_only,high,2026-09-18 00:10:11.942654+00,2026-09-18 00:13:22.851881+00
d58523df-10da-43dd-aa96-0e569a84bfb5,/srv/fim-watch/gen_00195.txt,file_modified,alert_only,high,2026-09-18 00:10:12.042795+00,2026-09-18 00:13:22.868656+00
e2cebf19-6145-4aa2-938d-d2af5b1de21e,/srv/fim-watch/gen_00254.txt,file_modified,alert_only,high,2026-09-18 00:10:12.142663+00,2026-09-18 00:13:22.885899+00
553c75b0-24ef-4f9a-8405-f8df7c85ba7d,/srv/fim-watch/gen_00269.txt,file_modified,alert_only,high,2026-09-18 00:10:12.343219+00,2026-09-18 00:13:22.902896+00
4e7e7e88-bd43-4f5b-aeaa-ee4afd5033b5,/srv/fim-watch/gen_00270.txt,file_modified,alert_only,high,2026-09-18 00:10:12.442726+00,2026-09-18 00:13:22.919243+00
2c234717-d531-475b-a817-e0dce2eb71ce,/srv/fim-watch/gen_00270.txt,file_deleted,alert_only,high,2026-09-18 00:10:12.542644+00,2026-09-18 00:13:22.935745+00
3cd38c3a-aca8-4f22-8e2c-2c421c56ff57,/srv/fim-watch/gen_00175.txt,file_modified,alert_only,high,2026-09-18 00:10:12.642784+00,2026-09-18 00:13:22.952866+00
1aaccf56-d2b8-496a-940b-0bacc6936321,/srv/fim-watch/gen_00175.txt,file_modified,alert_only,high,2026-09-18 00:10:12.742765+00,2026-09-18 00:13:22.970119+00
25e0e9aa-fb41-4567-b053-84576dacc8fa,/srv/fim-watch/gen_00271.txt,file_modified,alert_only,high,2026-09-18 00:10:12.842489+00,2026-09-18 00:13:22.986877+00
47bb410d-cda6-4083-985a-3d139839bde3,/srv/fim-watch/gen_00033.txt,file_modified,alert_only,high,2026-09-18 00:10:12.942806+00,2026-09-18 00:13:23.00346+00
fcab1322-45ef-40e9-803e-f41424673b8d,/srv/fim-watch/critico/gen_00272.txt,file_modified,alert_only,critical,2026-09-18 00:10:13.042447+00,2026-09-18 00:13:23.020195+00
f43ba190-ace6-4355-83d8-096c5c961589,/srv/fim-watch/gen_00058.txt,file_deleted,alert_only,high,2026-09-18 00:10:13.142423+00,2026-09-18 00:13:23.037353+00
613809b0-e7e6-4787-a5ad-a51c12b06529,/srv/fim-watch/critico/gen_00169.txt,file_modified,alert_only,critical,2026-09-18 00:10:13.242776+00,2026-09-18 00:13:23.053654+00
99b020f2-552e-44a6-aba3-4e8c647613ea,/srv/fim-watch/gen_00267.txt,file_modified,alert_only,high,2026-09-18 00:10:13.341937+00,2026-09-18 00:13:23.070643+00
dcf602ac-aed5-4abe-8eed-4cd0527b01c0,/srv/fim-watch/gen_00267.txt,file_modified,alert_only,high,2026-09-18 00:10:13.44248+00,2026-09-18 00:13:23.087708+00
e19da0f2-6ac8-4c05-a419-1fa5f8374330,/srv/fim-watch/gen_00267.txt,file_modified,alert_only,high,2026-09-18 00:10:13.542453+00,2026-09-18 00:13:23.104376+00
80c375ab-3eb3-42a0-8966-9ce0306c77b7,/srv/fim-watch/gen_00267.txt,file_modified,alert_only,high,2026-09-18 00:10:13.643116+00,2026-09-18 00:13:23.159314+00
2fa5205d-6d92-4040-8595-9dfa74668f3f,/srv/fim-watch/gen_00267.txt,file_modified,alert_only,high,2026-09-18 00:10:13.741796+00,2026-09-18 00:13:23.253718+00
5dcc0042-2a34-4729-8c90-b7d0defe2a70,/srv/fim-watch/gen_00036.txt,file_modified,alert_only,high,2026-09-18 00:10:13.842831+00,2026-09-18 00:13:23.332484+00
418e9b51-4784-4c5c-bc52-6073f601857a,/srv/fim-watch/gen_00065.txt,file_deleted,alert_only,high,2026-09-18 00:10:13.941659+00,2026-09-18 00:13:23.433237+00
fd568c22-68ea-4274-aa0c-5e3f13c50dae,/srv/fim-watch/gen_00273.txt,file_modified,alert_only,high,2026-09-18 00:10:14.043765+00,2026-09-18 00:13:23.520533+00
91ac1545-86ca-4ec8-873c-82caa9939cad,/srv/fim-watch/critico/gen_00236.txt,file_modified,alert_only,critical,2026-09-18 00:10:14.142335+00,2026-09-18 00:13:23.619654+00
caa79f3f-be46-48d9-815a-d10937740c5c,/srv/fim-watch/critico/gen_00236.txt,file_modified,alert_only,critical,2026-09-18 00:10:14.242365+00,2026-09-18 00:13:23.655426+00
af1cf7ad-877a-428a-8fde-a9966514335d,/srv/fim-watch/gen_00245.txt,file_deleted,alert_only,high,2026-09-18 00:10:14.34256+00,2026-09-18 00:13:23.662223+00
aa275be9-a4c2-4a96-8493-51bd44f7282c,/srv/fim-watch/gen_00268.txt,file_modified,alert_only,high,2026-09-18 00:10:14.442618+00,2026-09-18 00:13:23.67851+00
21ec85a0-5641-411f-aca5-06597391563f,/srv/fim-watch/gen_00274.txt,file_modified,alert_only,high,2026-09-18 00:10:14.642433+00,2026-09-18 00:13:23.694331+00
712d156e-29e4-45ed-9b8d-81fe3f97429c,/srv/fim-watch/gen_00134.txt,file_modified,alert_only,high,2026-09-18 00:10:14.742901+00,2026-09-18 00:13:23.711436+00
b4e78bf3-23ae-424d-bd19-3acc0000a444,/srv/fim-watch/gen_00266.txt,file_modified,alert_only,high,2026-09-18 00:10:14.842505+00,2026-09-18 00:13:23.728543+00
f83d8489-905b-44b5-b0bc-2f46a2b89722,/srv/fim-watch/gen_00088.txt,file_modified,alert_only,high,2026-09-18 00:10:14.942716+00,2026-09-18 00:13:23.744756+00
d2c21753-5f2a-44bc-87d9-feb5e55c96e2,/srv/fim-watch/gen_00088.txt,file_modified,alert_only,high,2026-09-18 00:10:15.042628+00,2026-09-18 00:13:23.761331+00
840e7464-cca8-4d32-a6d2-f1a09774b146,/srv/fim-watch/gen_00129.txt,file_modified,alert_only,high,2026-09-18 00:10:15.142676+00,2026-09-18 00:13:23.778537+00
494952a9-2578-47d6-929c-018715fd8803,/srv/fim-watch/gen_00084.txt,file_modified,alert_only,high,2026-09-18 00:10:15.242544+00,2026-09-18 00:13:23.795331+00
cf5db4bf-82d8-4187-a74a-0d4ea0df3d87,/srv/fim-watch/gen_00256.txt,file_modified,alert_only,high,2026-09-18 00:10:15.342083+00,2026-09-18 00:13:23.811799+00
6abc2bbd-073e-43cd-be54-028b8b7887d1,/srv/fim-watch/gen_00093.txt,file_deleted,alert_only,high,2026-09-18 00:10:15.442374+00,2026-09-18 00:13:23.829381+00
9ee60626-1792-4d04-a4e0-b20e382dbbbf,/srv/fim-watch/gen_00067.txt,file_deleted,alert_only,high,2026-09-18 00:10:15.542618+00,2026-09-18 00:13:23.846949+00
2b7d52a7-bf2d-45f5-93a9-cbe517ebe7f0,/srv/fim-watch/gen_00275.txt,file_modified,alert_only,high,2026-09-18 00:10:15.642384+00,2026-09-18 00:13:23.864451+00
ca8cc169-253b-4119-9365-c2af129b20e2,/srv/fim-watch/critico/gen_00202.txt,file_deleted,alert_only,critical,2026-09-18 00:10:15.742466+00,2026-09-18 00:13:23.881899+00
6eca9026-df1d-45e0-899e-251b26b71222,/srv/fim-watch/gen_00267.txt,file_modified,alert_only,high,2026-09-18 00:10:15.84246+00,2026-09-18 00:13:23.898636+00
bf911025-cfd6-4050-9c30-0bcd8be17bd8,/srv/fim-watch/gen_00267.txt,file_modified,alert_only,high,2026-09-18 00:10:15.942768+00,2026-09-18 00:13:23.914732+00
d3c77039-45d3-47d2-a13b-dbfad176d9d8,/srv/fim-watch/gen_00267.txt,file_modified,alert_only,high,2026-09-18 00:10:16.042747+00,2026-09-18 00:13:23.93067+00
4ab8bd70-9d28-41d0-8b01-f39a6642720c,/srv/fim-watch/gen_00267.txt,file_modified,alert_only,high,2026-09-18 00:10:16.142803+00,2026-09-18 00:13:23.947092+00
38f6ea86-c8b8-47ca-80f2-2f120a2f7d7a,/srv/fim-watch/gen_00267.txt,file_modified,alert_only,high,2026-09-18 00:10:16.242604+00,2026-09-18 00:13:23.965541+00
5449cdb9-2c74-4ed2-952e-96597f119ce0,/srv/fim-watch/gen_00160.txt,file_modified,alert_only,high,2026-09-18 00:10:16.342828+00,2026-09-18 00:13:23.983504+00
36705de6-daa6-4e0c-9e0f-724f419379d3,/srv/fim-watch/gen_00098.txt,file_modified,alert_only,high,2026-09-18 00:10:16.442608+00,2026-09-18 00:13:24.001574+00
860442f9-4c12-47a1-b88e-706b1102307a,/srv/fim-watch/critico/gen_00153.txt,file_modified,alert_only,critical,2026-09-18 00:10:16.542556+00,2026-09-18 00:13:24.018983+00
ea5dc103-f40b-41e8-b7a8-377ec54ecd8e,/srv/fim-watch/gen_00177.txt,file_modified,alert_only,high,2026-09-18 00:10:16.64247+00,2026-09-18 00:13:24.036988+00
d0880d73-9fd4-489f-996b-5b3ab1b1fa61,/srv/fim-watch/critico/gen_00276.txt,file_modified,alert_only,critical,2026-09-18 00:10:16.7426+00,2026-09-18 00:13:24.053569+00
fb7311ab-fb0b-410f-8a21-caccc594f52e,/srv/fim-watch/critico/gen_00173.txt,file_modified,alert_only,critical,2026-09-18 00:10:16.842643+00,2026-09-18 00:13:24.070218+00
cb4d0489-fd3c-43a5-b9e3-27b59651c8f3,/srv/fim-watch/critico/gen_00233.txt,file_deleted,alert_only,critical,2026-09-18 00:10:16.942771+00,2026-09-18 00:13:24.087791+00
abc5d091-c0c0-4557-8f49-c4040455a35c,/srv/fim-watch/gen_00105.txt,file_modified,alert_only,high,2026-09-18 00:10:17.042684+00,2026-09-18 00:13:24.104521+00
b81a7263-2acd-4550-8d90-7728290fa86c,/srv/fim-watch/gen_00230.txt,file_modified,alert_only,high,2026-09-18 00:10:17.142686+00,2026-09-18 00:13:24.121732+00
6ecdfd51-eb32-49df-b97a-1fe266911576,/srv/fim-watch/gen_00117.txt,file_modified,alert_only,high,2026-09-18 00:10:17.242467+00,2026-09-18 00:13:24.140493+00
9b8c5379-9d56-4611-8c53-ce8d9591c627,/srv/fim-watch/gen_00277.txt,file_modified,alert_only,high,2026-09-18 00:10:17.342212+00,2026-09-18 00:13:24.157744+00
53efa6fc-4556-443e-9057-a437dcada336,/srv/fim-watch/gen_00136.txt,file_modified,alert_only,high,2026-09-18 00:10:17.442404+00,2026-09-18 00:13:24.174472+00
6dd94ad5-6931-4a79-a5e6-151852a4924d,/srv/fim-watch/gen_00079.txt,file_modified,alert_only,high,2026-09-18 00:10:17.542348+00,2026-09-18 00:13:24.191245+00
e7fff6fc-77a6-487a-adba-ebaedcb41434,/srv/fim-watch/gen_00079.txt,file_modified,alert_only,high,2026-09-18 00:10:17.642692+00,2026-09-18 00:13:24.207932+00
60620177-8207-45ff-9ec2-060e66bb9496,/srv/fim-watch/gen_00006.txt,file_deleted,alert_only,high,2026-09-18 00:10:17.742616+00,2026-09-18 00:13:24.224907+00
1d902e14-8af3-4386-a056-87f29340c272,/srv/fim-watch/critico/gen_00184.txt,file_modified,alert_only,critical,2026-09-18 00:10:17.842702+00,2026-09-18 00:13:24.242796+00
993a6bb1-ea29-49a2-b0f5-6b9403ac0e4b,/srv/fim-watch/gen_00070.txt,file_modified,alert_only,high,2026-09-18 00:10:17.942245+00,2026-09-18 00:13:24.259209+00
c4d0f061-4982-47f0-a203-ff82dc8db266,/srv/fim-watch/gen_00278.txt,file_modified,alert_only,high,2026-09-18 00:10:18.042651+00,2026-09-18 00:13:24.276327+00
1f254752-6a0c-466e-9537-2549a9b50666,/srv/fim-watch/gen_00176.txt,file_modified,alert_only,high,2026-09-18 00:10:18.142434+00,2026-09-18 00:13:24.291976+00
072adb75-3b8f-4a7a-a926-f62b7a8262dc,/srv/fim-watch/gen_00213.txt,file_modified,alert_only,high,2026-09-18 00:10:18.242497+00,2026-09-18 00:13:24.307324+00
d1aabfdc-f4be-4b8b-92bf-128d0027f789,/srv/fim-watch/gen_00213.txt,file_modified,alert_only,high,2026-09-18 00:10:18.342409+00,2026-09-18 00:13:24.331958+00
5d942999-1ef8-470b-b7b3-81c532185a17,/srv/fim-watch/gen_00259.txt,file_modified,alert_only,high,2026-09-18 00:10:18.442421+00,2026-09-18 00:13:24.33839+00
1086d5ab-2051-47e8-b0de-e49c726c0c24,/srv/fim-watch/gen_00259.txt,file_modified,alert_only,high,2026-09-18 00:10:18.543513+00,2026-09-18 00:13:24.35611+00
1c20f26f-0097-4109-ac3a-6aa5533ca684,/srv/fim-watch/critico/gen_00242.txt,file_modified,alert_only,critical,2026-09-18 00:10:18.642922+00,2026-09-18 00:13:24.372724+00
97b95276-be5c-4520-afe9-af8ce4db0a99,/srv/fim-watch/critico/gen_00242.txt,file_modified,alert_only,critical,2026-09-18 00:10:18.742824+00,2026-09-18 00:13:24.388982+00
194f82aa-7247-4498-9c26-2c665cc06ec5,/srv/fim-watch/gen_00267.txt,file_deleted,alert_only,high,2026-09-18 00:10:18.842686+00,2026-09-18 00:13:24.402737+00
79be5d78-2d78-46e7-832c-016721d9c1de,/srv/fim-watch/gen_00279.txt,file_modified,alert_only,high,2026-09-18 00:10:18.942422+00,2026-09-18 00:13:24.414102+00
2bf6c839-229c-4aa0-8e4a-4b17c6134e2e,/srv/fim-watch/critico/gen_00280.txt,file_modified,alert_only,critical,2026-09-18 00:10:19.042969+00,2026-09-18 00:13:24.426892+00
ae10c5b7-50c6-4bbb-9b5a-b3e7da615cf3,/srv/fim-watch/gen_00204.txt,file_modified,alert_only,high,2026-09-18 00:10:19.142095+00,2026-09-18 00:13:24.442473+00
dd2f5726-d51c-4937-ad65-90f09c0c2586,/srv/fim-watch/gen_00274.txt,file_modified,alert_only,high,2026-09-18 00:10:19.241568+00,2026-09-18 00:13:24.534856+00
7b3ae915-19c6-4abf-8104-bb15582eda4e,/srv/fim-watch/gen_00260.txt,file_modified,alert_only,high,2026-09-18 00:10:19.342233+00,2026-09-18 00:13:24.641315+00
44221c0a-a61f-4319-88b4-237ffb343d21,/srv/fim-watch/gen_00260.txt,file_modified,alert_only,high,2026-09-18 00:10:19.441712+00,2026-09-18 00:13:24.726132+00
a1dbd818-5352-48c4-add1-f0b2a4b4ac34,/srv/fim-watch/gen_00260.txt,file_modified,alert_only,high,2026-09-18 00:10:19.542154+00,2026-09-18 00:13:24.822343+00
fcccc673-3350-4257-b916-4d61ed36b785,/srv/fim-watch/gen_00260.txt,file_modified,alert_only,high,2026-09-18 00:10:19.642132+00,2026-09-18 00:13:24.916354+00
76999554-b47f-4d52-b9d2-73233563aa10,/srv/fim-watch/gen_00260.txt,file_modified,alert_only,high,2026-09-18 00:10:19.742338+00,2026-09-18 00:13:24.932167+00
e759c27f-a921-476f-83c5-f4d64cc99e55,/srv/fim-watch/gen_00281.txt,file_modified,alert_only,high,2026-09-18 00:10:19.842393+00,2026-09-18 00:13:24.936883+00
4b653a15-0f34-45ed-a97d-098bd263e616,/srv/fim-watch/gen_00261.txt,file_deleted,alert_only,high,2026-09-18 00:10:19.942521+00,2026-09-18 00:13:24.94926+00
4d5c013b-5d4f-4f68-9322-bc491e7a8027,/srv/fim-watch/gen_00282.txt,file_modified,alert_only,high,2026-09-18 00:10:20.042568+00,2026-09-18 00:13:24.961343+00
9dd62968-bceb-44a8-98a4-cbaea4e08919,/srv/fim-watch/gen_00283.txt,file_modified,alert_only,high,2026-09-18 00:10:20.142325+00,2026-09-18 00:13:24.974765+00
cc485c45-17f6-4203-b1fd-da87358f2a00,/srv/fim-watch/gen_00283.txt,file_deleted,alert_only,high,2026-09-18 00:10:20.242032+00,2026-09-18 00:13:24.989252+00
9f8b8051-74b1-4059-a110-ae8f33b10afa,/srv/fim-watch/gen_00275.txt,file_modified,alert_only,high,2026-09-18 00:10:20.34235+00,2026-09-18 00:13:25.005283+00
8b527d5c-6018-4fda-b99b-5a3a6216304a,/srv/fim-watch/gen_00275.txt,file_modified,alert_only,high,2026-09-18 00:10:20.442424+00,2026-09-18 00:13:25.021438+00
edd0d81a-e9fc-4611-b661-2341744d3c71,/srv/fim-watch/critico/gen_00183.txt,file_modified,alert_only,critical,2026-09-18 00:10:20.542335+00,2026-09-18 00:13:25.038899+00
533c96f1-efb3-4049-8574-8440c2b7e01c,/srv/fim-watch/gen_00278.txt,file_deleted,alert_only,high,2026-09-18 00:10:20.642385+00,2026-09-18 00:13:25.054605+00
68581243-d87d-4983-a369-661d34720f17,/srv/fim-watch/gen_00122.txt,file_modified,alert_only,high,2026-09-18 00:10:20.742527+00,2026-09-18 00:13:25.0704+00
3ed12470-abed-49d9-b815-83bc67c3d1bb,/srv/fim-watch/gen_00284.txt,file_modified,alert_only,high,2026-09-18 00:10:20.841875+00,2026-09-18 00:13:25.088343+00
69047ff3-d429-4e62-872f-8565be4152e7,/srv/fim-watch/gen_00275.txt,file_modified,alert_only,high,2026-09-18 00:10:20.942464+00,2026-09-18 00:13:25.103705+00
0e202bf0-c223-4b83-98af-5040296c58d9,/srv/fim-watch/gen_00040.txt,file_modified,alert_only,high,2026-09-18 00:10:21.04311+00,2026-09-18 00:13:25.118294+00
6ba9fde4-e0a4-47a4-98fa-104ba5a8e79b,/srv/fim-watch/critico/gen_00156.txt,file_modified,alert_only,critical,2026-09-18 00:10:21.142441+00,2026-09-18 00:13:25.132939+00
15986b78-6ffb-4b7b-b662-4968f69985b4,/srv/fim-watch/gen_00215.txt,file_modified,alert_only,high,2026-09-18 00:10:21.242667+00,2026-09-18 00:13:25.14841+00
65596502-e259-4da8-bf83-bc47c7d87be0,/srv/fim-watch/gen_00215.txt,file_modified,alert_only,high,2026-09-18 00:10:21.34252+00,2026-09-18 00:13:25.164727+00
708ffec1-af47-4269-b822-83c083d5946a,/srv/fim-watch/gen_00285.txt,file_modified,alert_only,high,2026-09-18 00:10:21.442488+00,2026-09-18 00:13:25.179629+00
2d0b97a5-23c7-4e25-bec3-ebc6dbc92640,/srv/fim-watch/gen_00203.txt,file_modified,alert_only,high,2026-09-18 00:10:21.542609+00,2026-09-18 00:13:25.197196+00
ecc98f6b-d8e6-4f4c-a402-d08fc479ae83,/srv/fim-watch/gen_00231.txt,file_modified,alert_only,high,2026-09-18 00:10:21.642133+00,2026-09-18 00:13:25.210791+00
aba323fd-68b5-4042-917f-6d641dc28627,/srv/fim-watch/gen_00106.txt,file_modified,alert_only,high,2026-09-18 00:10:21.742727+00,2026-09-18 00:13:25.224242+00
df0a85c1-474b-425b-a292-476ece270e04,/srv/fim-watch/gen_00106.txt,file_modified,alert_only,high,2026-09-18 00:10:21.842757+00,2026-09-18 00:13:25.241864+00
ab8c9883-f3a1-42c8-bd26-e441c396c8b7,/srv/fim-watch/gen_00166.txt,file_modified,alert_only,high,2026-09-18 00:10:21.942549+00,2026-09-18 00:13:25.255466+00
bf3eedba-8eaa-4e8e-a76e-4926d703c02f,/srv/fim-watch/gen_00286.txt,file_modified,alert_only,high,2026-09-18 00:10:22.042626+00,2026-09-18 00:13:25.269296+00
c2085438-3fc5-48c7-93bc-799d6f55d773,/srv/fim-watch/critico/gen_00280.txt,file_modified,alert_only,critical,2026-09-18 00:10:22.142512+00,2026-09-18 00:13:25.28399+00
1985f9c6-a575-4053-b919-e39a663a1033,/srv/fim-watch/critico/gen_00053.txt,file_modified,alert_only,critical,2026-09-18 00:10:22.242648+00,2026-09-18 00:13:25.299847+00
b5ac2cfb-55ff-4b91-bad2-43f1a71ceaf7,/srv/fim-watch/gen_00135.txt,file_modified,alert_only,high,2026-09-18 00:10:22.342476+00,2026-09-18 00:13:25.315781+00
7f185fbd-3234-4016-80b6-910490159351,/srv/fim-watch/gen_00135.txt,file_modified,alert_only,high,2026-09-18 00:10:22.441837+00,2026-09-18 00:13:25.329366+00
89e8145a-20d1-470d-945d-f125bc22f2c8,/srv/fim-watch/critico/gen_00287.txt,file_modified,alert_only,critical,2026-09-18 00:10:22.542326+00,2026-09-18 00:13:25.343413+00
7d68d31b-bd36-4071-9ab6-1b2e9efcf026,/srv/fim-watch/critico/gen_00200.txt,file_deleted,alert_only,critical,2026-09-18 00:10:22.641989+00,2026-09-18 00:13:25.35555+00
52a910aa-3976-4c51-a705-5b5b52143645,/srv/fim-watch/gen_00193.txt,file_modified,alert_only,high,2026-09-18 00:10:22.742034+00,2026-09-18 00:13:25.378924+00
8f2a2c88-3f0c-4147-b02b-af785211871a,/srv/fim-watch/gen_00265.txt,file_modified,alert_only,high,2026-09-18 00:10:22.842624+00,2026-09-18 00:13:25.384715+00
3e86b480-4867-4367-824f-81055123c040,/srv/fim-watch/gen_00265.txt,file_modified,alert_only,high,2026-09-18 00:10:22.942567+00,2026-09-18 00:13:25.399302+00
c33fbea2-8b4e-40ac-a511-5008241753bc,/srv/fim-watch/gen_00265.txt,file_modified,alert_only,high,2026-09-18 00:10:23.041967+00,2026-09-18 00:13:25.413725+00
c2b862bb-51f2-47cf-be06-df925d912e5e,/srv/fim-watch/gen_00265.txt,file_modified,alert_only,high,2026-09-18 00:10:23.142437+00,2026-09-18 00:13:25.427828+00
888684b9-7bf0-4cdc-8634-a896fc659146,/srv/fim-watch/gen_00265.txt,file_modified,alert_only,high,2026-09-18 00:10:23.24245+00,2026-09-18 00:13:25.442059+00
021e1729-9c63-48cd-b754-2fbe3b0d5b9a,/srv/fim-watch/critico/gen_00210.txt,file_modified,alert_only,critical,2026-09-18 00:10:23.342309+00,2026-09-18 00:13:25.456429+00
8d1bec00-e9cc-4c22-a4ad-9f87822108bb,/srv/fim-watch/gen_00275.txt,file_modified,alert_only,high,2026-09-18 00:10:23.442528+00,2026-09-18 00:13:25.471018+00
d8899e9a-fa29-488a-93b5-22b52a599d97,/srv/fim-watch/critico/gen_00287.txt,file_modified,alert_only,critical,2026-09-18 00:10:23.542795+00,2026-09-18 00:13:25.485681+00
db73eb45-3d67-436b-a3c5-1a9292d09be4,/srv/fim-watch/gen_00117.txt,file_modified,alert_only,high,2026-09-18 00:10:23.642736+00,2026-09-18 00:13:25.50068+00
3ef6ac04-e771-47de-a480-b694712bbcf4,/srv/fim-watch/gen_00281.txt,file_modified,alert_only,high,2026-09-18 00:10:23.742002+00,2026-09-18 00:13:25.516221+00
2b1515e8-d820-44a5-a1fb-585f499e6755,/srv/fim-watch/critico/gen_00288.txt,file_modified,alert_only,critical,2026-09-18 00:10:23.842398+00,2026-09-18 00:13:25.532966+00
0be065bf-abc1-4910-bb5c-781ff00a9e73,/srv/fim-watch/gen_00161.txt,file_modified,alert_only,high,2026-09-18 00:10:23.942728+00,2026-09-18 00:13:25.546932+00
7a7f43d7-0d3a-444c-876e-ce7953b04938,/srv/fim-watch/gen_00282.txt,file_modified,alert_only,high,2026-09-18 00:10:24.042337+00,2026-09-18 00:13:25.563423+00
b9de667e-7fb1-4b5a-946f-b49f24aed225,/srv/fim-watch/critico/gen_00169.txt,file_deleted,alert_only,critical,2026-09-18 00:10:24.142025+00,2026-09-18 00:13:25.579611+00
8184a0bb-46a2-4bc0-9a1f-9ee4fad147d7,/srv/fim-watch/gen_00161.txt,file_modified,alert_only,high,2026-09-18 00:10:24.242528+00,2026-09-18 00:13:25.59345+00
f9fc3e2e-e88c-4c8b-b60e-725de2d4b50e,/srv/fim-watch/gen_00177.txt,file_modified,alert_only,high,2026-09-18 00:10:24.342645+00,2026-09-18 00:13:25.609805+00
9d6f69ce-d846-46d2-96ae-62ba5153cf75,/srv/fim-watch/gen_00049.txt,file_modified,alert_only,high,2026-09-18 00:10:24.443091+00,2026-09-18 00:13:25.626815+00
b80c1f12-02b4-493d-8a9e-bfa5dcf564b5,/srv/fim-watch/gen_00247.txt,file_modified,alert_only,high,2026-09-18 00:10:24.542397+00,2026-09-18 00:13:25.640204+00
fadfcd65-51ef-491a-9c04-79da04b6a882,/srv/fim-watch/gen_00247.txt,file_modified,alert_only,high,2026-09-18 00:10:24.642943+00,2026-09-18 00:13:25.653963+00
adef6fdd-9052-459b-b3f6-436196139c0e,/srv/fim-watch/gen_00289.txt,file_modified,alert_only,high,2026-09-18 00:10:24.745521+00,2026-09-18 00:13:25.723646+00
ce345349-00f2-49e0-9b9a-f161d9283438,/srv/fim-watch/critico/gen_00173.txt,file_modified,alert_only,critical,2026-09-18 00:10:24.843672+00,2026-09-18 00:13:25.784135+00
2167056d-3214-49ee-bb64-474eb2ce52b6,/srv/fim-watch/gen_00177.txt,file_modified,alert_only,high,2026-09-18 00:10:24.941883+00,2026-09-18 00:13:25.900873+00
5d97c7e3-c812-4c57-ac7a-31023839ed17,/srv/fim-watch/gen_00290.txt,file_modified,alert_only,high,2026-09-18 00:10:25.042449+00,2026-09-18 00:13:26.028651+00
9c8a0b42-314a-4831-a9a2-f32ee17f651c,/srv/fim-watch/gen_00206.txt,file_modified,alert_only,high,2026-09-18 00:10:25.14248+00,2026-09-18 00:13:26.162805+00
da671913-9a4e-47b1-92e8-af2ca2b5c7ca,/srv/fim-watch/gen_00259.txt,file_modified,alert_only,high,2026-09-18 00:10:25.342678+00,2026-09-18 00:13:26.263616+00
b539ff7c-d620-4fd5-8365-395a600cd69a,/srv/fim-watch/gen_00231.txt,file_modified,alert_only,high,2026-09-18 00:10:25.441941+00,2026-09-18 00:13:26.27184+00
d696b39d-4e9f-4f56-a0a2-744b2d88f8f1,/srv/fim-watch/gen_00250.txt,file_modified,alert_only,high,2026-09-18 00:10:25.542613+00,2026-09-18 00:13:26.290594+00
ecc325ed-b7ea-44cc-a73d-2aef57fbda9a,/srv/fim-watch/gen_00180.txt,file_deleted,alert_only,high,2026-09-18 00:10:25.642656+00,2026-09-18 00:13:26.309257+00
41f87588-c2f7-4220-ac40-6e8050bb17f4,/srv/fim-watch/gen_00108.txt,file_modified,alert_only,high,2026-09-18 00:10:25.742604+00,2026-09-18 00:13:26.328574+00
6f442690-4b83-4cd2-849a-e725236e7897,/srv/fim-watch/gen_00269.txt,file_modified,alert_only,high,2026-09-18 00:10:25.842066+00,2026-09-18 00:13:26.347456+00
5a1b221e-235d-44c1-9ac1-fdb91077f297,/srv/fim-watch/gen_00279.txt,file_modified,alert_only,high,2026-09-18 00:10:25.942891+00,2026-09-18 00:13:26.368121+00
787311a4-9971-4aa8-9a5d-612b0c0a04fd,/srv/fim-watch/gen_00292.txt,file_modified,alert_only,high,2026-09-18 00:10:26.042987+00,2026-09-18 00:13:26.385777+00
57f505cf-4398-4d56-9a43-8260d9fa6eb5,/srv/fim-watch/gen_00256.txt,file_modified,alert_only,high,2026-09-18 00:10:26.143308+00,2026-09-18 00:13:26.403252+00
a0560e1d-cd5d-4f41-92ea-38773d7517ca,/srv/fim-watch/gen_00256.txt,file_modified,alert_only,high,2026-09-18 00:10:26.242666+00,2026-09-18 00:13:26.421009+00
4e6965a7-b7b9-482d-a1fd-b3ffa1253369,/srv/fim-watch/gen_00252.txt,file_modified,alert_only,high,2026-09-18 00:10:26.343145+00,2026-09-18 00:13:26.437843+00
8875756d-335b-4ca3-a46a-71cb5d4c2149,/srv/fim-watch/gen_00157.txt,file_modified,alert_only,high,2026-09-18 00:10:26.442163+00,2026-09-18 00:13:26.454877+00
0bf0414a-eb9e-478f-9e5d-7295cc746933,/srv/fim-watch/gen_00223.txt,file_modified,alert_only,high,2026-09-18 00:10:26.542732+00,2026-09-18 00:13:26.473747+00
8a914e7b-5682-4168-8cd2-d37a29054f21,/srv/fim-watch/gen_00033.txt,file_deleted,alert_only,high,2026-09-18 00:10:26.642811+00,2026-09-18 00:13:26.492568+00
f476673a-23f0-4c86-aaa4-09647fe6a817,/srv/fim-watch/gen_00249.txt,file_modified,alert_only,high,2026-09-18 00:10:26.7424+00,2026-09-18 00:13:26.511403+00
0f882121-65f8-4ac9-b123-3162beb7f271,/srv/fim-watch/gen_00249.txt,file_modified,alert_only,high,2026-09-18 00:10:26.842539+00,2026-09-18 00:13:26.529362+00
b53cb620-23fc-4210-a4ea-6004cf33c94a,/srv/fim-watch/critico/gen_00210.txt,file_deleted,alert_only,critical,2026-09-18 00:10:26.942085+00,2026-09-18 00:13:26.547217+00
2dc5c693-7324-4b5c-bf82-6de3fba36ded,/srv/fim-watch/gen_00225.txt,file_modified,alert_only,high,2026-09-18 00:10:27.042537+00,2026-09-18 00:13:26.565002+00
16c20534-4d41-4564-af2e-92b3f8ff3728,/srv/fim-watch/gen_00225.txt,file_modified,alert_only,high,2026-09-18 00:10:27.142998+00,2026-09-18 00:13:26.591853+00
921461c5-f9d5-42d5-bf48-30c3526cc968,/srv/fim-watch/gen_00250.txt,file_modified,alert_only,high,2026-09-18 00:10:27.242228+00,2026-09-18 00:13:26.597685+00
eff51833-58f9-4873-bcd7-2fc0bb8f9ca9,/srv/fim-watch/gen_00293.txt,file_modified,alert_only,high,2026-09-18 00:10:27.342586+00,2026-09-18 00:13:26.612616+00
fdbd984b-5e6e-4187-a29c-afe328edfcc8,/srv/fim-watch/gen_00294.txt,file_modified,alert_only,high,2026-09-18 00:10:27.443047+00,2026-09-18 00:13:26.626002+00
1a517f9c-d249-4e82-97b7-3297264d2757,/srv/fim-watch/gen_00230.txt,file_modified,alert_only,high,2026-09-18 00:10:27.542688+00,2026-09-18 00:13:26.641444+00
89ed9a50-4488-4186-9b64-9be5a24af83f,/srv/fim-watch/critico/gen_00222.txt,file_modified,alert_only,critical,2026-09-18 00:10:27.642923+00,2026-09-18 00:13:26.655633+00
e4819387-e34b-4485-92ff-4afdc89869b9,/srv/fim-watch/gen_00295.txt,file_modified,alert_only,high,2026-09-18 00:10:27.742481+00,2026-09-18 00:13:26.670545+00
70e48e1b-738f-4b25-8397-b8d413920094,/srv/fim-watch/gen_00142.txt,file_modified,alert_only,high,2026-09-18 00:10:27.842953+00,2026-09-18 00:13:26.685393+00
dd783066-1fad-4484-90ba-2a227fa7e6ec,/srv/fim-watch/gen_00249.txt,file_modified,alert_only,high,2026-09-18 00:10:27.942819+00,2026-09-18 00:13:26.701418+00
62e08ff6-e492-4930-8987-c5edac437f43,/srv/fim-watch/gen_00296.txt,file_modified,alert_only,high,2026-09-18 00:10:28.042518+00,2026-09-18 00:13:26.719419+00
9ef10bd8-dc5d-46da-9459-8d15bc5e82eb,/srv/fim-watch/gen_00194.txt,file_deleted,alert_only,high,2026-09-18 00:10:28.143195+00,2026-09-18 00:13:26.736672+00
a8432c09-04af-4c6e-964f-95a0962b54ba,/srv/fim-watch/gen_00297.txt,file_modified,alert_only,high,2026-09-18 00:10:28.242721+00,2026-09-18 00:13:26.753958+00
1d9e56c2-4ecc-434c-bb9c-09b74116d942,/srv/fim-watch/gen_00298.txt,file_modified,alert_only,high,2026-09-18 00:10:28.3427+00,2026-09-18 00:13:26.771111+00
60bd53c5-59b5-400c-86fb-abc876144e83,/srv/fim-watch/gen_00193.txt,file_modified,alert_only,high,2026-09-18 00:10:28.44274+00,2026-09-18 00:13:26.788094+00
17124866-e3d4-4abf-94e5-684bd82d606e,/srv/fim-watch/gen_00299.txt,file_modified,alert_only,high,2026-09-18 00:10:28.542706+00,2026-09-18 00:13:26.804959+00
51bb1528-4e3b-4937-b354-27dfa39e12a4,/srv/fim-watch/gen_00266.txt,file_modified,alert_only,high,2026-09-18 00:10:28.643134+00,2026-09-18 00:13:26.822807+00
da844a1d-0471-42bc-820c-c73714a49ea7,/srv/fim-watch/gen_00219.txt,file_modified,alert_only,high,2026-09-18 00:10:28.742966+00,2026-09-18 00:13:26.839911+00
284e5f9f-3d9b-4bf3-83b5-65f03cf34a56,/srv/fim-watch/gen_00219.txt,file_modified,alert_only,high,2026-09-18 00:10:28.842753+00,2026-09-18 00:13:26.857103+00
af9e3ea2-16ac-4c2d-88aa-0fd00cbd776f,/srv/fim-watch/gen_00219.txt,file_modified,alert_only,high,2026-09-18 00:10:28.943139+00,2026-09-18 00:13:26.87472+00
5a280a62-3ab6-4e50-bb80-ddfb4cba464b,/srv/fim-watch/gen_00219.txt,file_modified,alert_only,high,2026-09-18 00:10:29.042744+00,2026-09-18 00:13:26.892633+00
630ec651-138b-47e8-8a91-6240845514c3,/srv/fim-watch/gen_00219.txt,file_modified,alert_only,high,2026-09-18 00:10:29.142896+00,2026-09-18 00:13:26.910765+00
bc9e3b78-5aa4-488d-aa1b-226c85b3a421,/srv/fim-watch/critico/gen_00276.txt,file_modified,alert_only,critical,2026-09-18 00:10:29.242669+00,2026-09-18 00:13:26.928274+00
762bf1ce-5daf-4fd0-a1f5-9ca05912036a,/srv/fim-watch/gen_00259.txt,file_modified,alert_only,high,2026-09-18 00:10:29.34205+00,2026-09-18 00:13:26.945474+00
b55bff7f-d3aa-4a06-9d09-fca03655a735,/srv/fim-watch/gen_00259.txt,file_modified,alert_only,high,2026-09-18 00:10:29.442656+00,2026-09-18 00:13:26.964597+00
2c9a73e9-89bf-4ad4-8900-c6ba3d05cdf5,/srv/fim-watch/gen_00300.txt,file_modified,alert_only,high,2026-09-18 00:10:29.542498+00,2026-09-18 00:13:26.981887+00
e4cb63ae-2d5b-4a2e-b7d9-e074e047d701,/srv/fim-watch/gen_00300.txt,file_deleted,alert_only,high,2026-09-18 00:10:29.642603+00,2026-09-18 00:13:26.999424+00
12de3f0e-6683-4406-9b90-16d4621cb9ca,/srv/fim-watch/gen_00231.txt,file_modified,alert_only,high,2026-09-18 00:10:29.742547+00,2026-09-18 00:13:27.016955+00
b3737b95-b48a-4a39-a741-e643b5e9fc8e,/srv/fim-watch/gen_00247.txt,file_deleted,alert_only,high,2026-09-18 00:10:29.842709+00,2026-09-18 00:13:27.034761+00
cfc9ed8b-7ace-4794-8187-c37cad425e56,/srv/fim-watch/gen_00243.txt,file_deleted,alert_only,high,2026-09-18 00:10:29.942633+00,2026-09-18 00:13:27.052842+00
d25670a3-2384-4936-93f2-15248254004b,/srv/fim-watch/gen_00016.txt,file_deleted,alert_only,high,2026-09-18 00:10:30.042592+00,2026-09-18 00:13:27.071466+00
556574d2-ca22-4d54-afaf-f8bf0614262c,/srv/fim-watch/gen_00062.txt,file_modified,alert_only,high,2026-09-18 00:10:30.142316+00,2026-09-18 00:13:27.087386+00
c1b943cb-1738-42b8-bd1a-1e43d7f9783c,/srv/fim-watch/gen_00271.txt,file_modified,alert_only,high,2026-09-18 00:10:30.242453+00,2026-09-18 00:13:27.116516+00
0245bc2e-b13d-4f8f-a41a-188b52bda958,/srv/fim-watch/critico/gen_00053.txt,file_modified,alert_only,critical,2026-09-18 00:10:30.342256+00,2026-09-18 00:13:27.184215+00
82dfe8c3-17a5-401d-a250-33056c636908,/srv/fim-watch/gen_00062.txt,file_modified,alert_only,high,2026-09-18 00:10:30.441834+00,2026-09-18 00:13:27.289089+00
acfbbc08-ee53-4cf7-946d-50fb61686dc9,/srv/fim-watch/gen_00238.txt,file_modified,alert_only,high,2026-09-18 00:10:30.541968+00,2026-09-18 00:13:27.405459+00
59a6991c-b165-4c3e-9491-135c3823c6e5,/srv/fim-watch/gen_00301.txt,file_modified,alert_only,high,2026-09-18 00:10:30.642634+00,2026-09-18 00:13:27.534842+00
29d69d21-b574-451b-9689-b13e8d91b199,/srv/fim-watch/gen_00134.txt,file_modified,alert_only,high,2026-09-18 00:10:30.741878+00,2026-09-18 00:13:27.653936+00
e2be4b22-ea40-448f-baaf-eb6eab1ae40a,/srv/fim-watch/gen_00302.txt,file_modified,alert_only,high,2026-09-18 00:10:30.842617+00,2026-09-18 00:13:27.738966+00
7a63e9b4-2aa3-4a78-87b6-9e171381c880,/srv/fim-watch/gen_00171.txt,file_modified,alert_only,high,2026-09-18 00:10:30.9427+00,2026-09-18 00:13:27.747954+00
29e6a5ee-9d4a-46e5-9815-63d72f369c5b,/srv/fim-watch/gen_00171.txt,file_modified,alert_only,high,2026-09-18 00:10:31.042651+00,2026-09-18 00:13:27.767964+00
50f981fa-c189-4cee-b632-e1302c0f7396,/srv/fim-watch/gen_00171.txt,file_modified,alert_only,high,2026-09-18 00:10:31.142751+00,2026-09-18 00:13:27.787725+00
88c92be9-2bf0-4b29-ab0e-600127a269ea,/srv/fim-watch/gen_00171.txt,file_modified,alert_only,high,2026-09-18 00:10:31.242564+00,2026-09-18 00:13:27.807496+00
196e97e9-ab2a-4967-a73c-b8c4af8182e2,/srv/fim-watch/gen_00171.txt,file_modified,alert_only,high,2026-09-18 00:10:31.343+00,2026-09-18 00:13:27.827758+00
eb0e092d-b81d-4fe0-9644-42c00bd7a15b,/srv/fim-watch/gen_00254.txt,file_modified,alert_only,high,2026-09-18 00:10:31.442655+00,2026-09-18 00:13:27.861117+00
c28f27cd-f4fa-4c36-ab17-c58006bf4c5c,/srv/fim-watch/gen_00296.txt,file_deleted,alert_only,high,2026-09-18 00:10:31.542408+00,2026-09-18 00:13:27.86958+00
9f7ccb99-72ef-4297-867d-16a01e5ed6fb,/srv/fim-watch/gen_00078.txt,file_modified,alert_only,high,2026-09-18 00:10:31.642562+00,2026-09-18 00:13:27.8897+00
e286787a-51fb-487f-8af9-86203bd4fc7d,/srv/fim-watch/gen_00303.txt,file_modified,alert_only,high,2026-09-18 00:10:31.742221+00,2026-09-18 00:13:27.910072+00
47f5d913-69d2-45c4-b2dd-3d973775c97a,/srv/fim-watch/gen_00179.txt,file_modified,alert_only,high,2026-09-18 00:10:31.842514+00,2026-09-18 00:13:27.930194+00
2b617b43-67ba-4eeb-8910-d2198e26c118,/srv/fim-watch/critico/gen_00304.txt,file_modified,alert_only,critical,2026-09-18 00:10:31.942722+00,2026-09-18 00:13:27.95051+00
a19af2ca-5bde-4dc0-ba62-13bd18e23932,/srv/fim-watch/gen_00084.txt,file_deleted,alert_only,high,2026-09-18 00:10:32.042357+00,2026-09-18 00:13:27.973176+00
0535b6f8-d245-4638-b305-2037ddd0e355,/srv/fim-watch/gen_00149.txt,file_modified,alert_only,high,2026-09-18 00:10:32.142807+00,2026-09-18 00:13:28.004663+00
74a08633-4655-40e2-9182-295503e409cb,/srv/fim-watch/gen_00305.txt,file_modified,alert_only,high,2026-09-18 00:10:32.242472+00,2026-09-18 00:13:28.029607+00
8e7027d7-32b7-4424-b0ba-8d9eb16c789a,/srv/fim-watch/gen_00132.txt,file_deleted,alert_only,high,2026-09-18 00:10:32.342564+00,2026-09-18 00:13:28.058137+00
1805be7b-20c6-497c-a322-259d1b6ec364,/srv/fim-watch/gen_00106.txt,file_modified,alert_only,high,2026-09-18 00:10:32.442898+00,2026-09-18 00:13:28.082171+00
6835f4ce-f5a8-469c-b9f6-9dd39fe2488c,/srv/fim-watch/gen_00207.txt,file_modified,alert_only,high,2026-09-18 00:10:32.542565+00,2026-09-18 00:13:28.102122+00
5b42ed2d-4269-43b6-913b-9563156c096b,/srv/fim-watch/gen_00207.txt,file_modified,alert_only,high,2026-09-18 00:10:32.642975+00,2026-09-18 00:13:28.120698+00
ec5e97b7-96a1-4e8f-9bc2-3ab030bb2524,/srv/fim-watch/gen_00108.txt,file_modified,alert_only,high,2026-09-18 00:10:32.742617+00,2026-09-18 00:13:28.148676+00
efc0ff95-6e3a-45e4-b948-cddf30b94faa,/srv/fim-watch/critico/gen_00191.txt,file_modified,alert_only,critical,2026-09-18 00:10:32.842675+00,2026-09-18 00:13:28.176707+00
c5ae35f8-6a43-48ec-ac5b-76d6d2c8daf5,/srv/fim-watch/gen_00161.txt,file_modified,alert_only,high,2026-09-18 00:10:32.942591+00,2026-09-18 00:13:28.197823+00
f57da536-ff6b-49de-9d94-af1d661b6e55,/srv/fim-watch/gen_00125.txt,file_modified,alert_only,high,2026-09-18 00:10:33.042627+00,2026-09-18 00:13:28.229385+00
edfd94eb-b8fe-443d-a50d-d6abba344e1c,/srv/fim-watch/gen_00128.txt,file_modified,alert_only,high,2026-09-18 00:10:33.14254+00,2026-09-18 00:13:28.254084+00
9e8f2115-7fd9-4d2d-97f9-f254dafdcb71,/srv/fim-watch/gen_00285.txt,file_modified,alert_only,high,2026-09-18 00:10:33.242515+00,2026-09-18 00:13:28.279513+00
99513766-a886-45a0-bdd2-1d976da598bc,/srv/fim-watch/gen_00285.txt,file_modified,alert_only,high,2026-09-18 00:10:33.342594+00,2026-09-18 00:13:28.294929+00
5a6d7366-b699-4a06-ad55-ae98f9a8da3f,/srv/fim-watch/gen_00214.txt,file_modified,alert_only,high,2026-09-18 00:10:33.442551+00,2026-09-18 00:13:28.31157+00
f17fe61c-5158-479f-a79c-7ce985cede94,/srv/fim-watch/gen_00214.txt,file_modified,alert_only,high,2026-09-18 00:10:33.542359+00,2026-09-18 00:13:28.327294+00
143617c3-9b2a-4001-a96d-c3d43b36c35c,/srv/fim-watch/gen_00214.txt,file_modified,alert_only,high,2026-09-18 00:10:33.642628+00,2026-09-18 00:13:28.345575+00
7bbbbc0b-7ad5-44db-ae0e-f9dcfe2181b2,/srv/fim-watch/gen_00214.txt,file_modified,alert_only,high,2026-09-18 00:10:33.742469+00,2026-09-18 00:13:28.365173+00
16b29cc6-7ef0-4d06-ae26-bcbb0d63de0c,/srv/fim-watch/gen_00214.txt,file_modified,alert_only,high,2026-09-18 00:10:33.842389+00,2026-09-18 00:13:28.383951+00
42f139ab-c675-40b5-9982-fd690a30c317,/srv/fim-watch/gen_00049.txt,file_modified,alert_only,high,2026-09-18 00:10:33.94243+00,2026-09-18 00:13:28.403052+00
7f8be4a5-f027-48bc-a430-9d05759ffe3f,/srv/fim-watch/critico/gen_00280.txt,file_modified,alert_only,critical,2026-09-18 00:10:34.042495+00,2026-09-18 00:13:28.421331+00
8b54a99d-adb7-452e-8886-70a719f9cbb2,/srv/fim-watch/gen_00219.txt,file_modified,alert_only,high,2026-09-18 00:10:34.142705+00,2026-09-18 00:13:28.436952+00
30698ed1-8bf5-4007-a89e-3528aa73b3c2,/srv/fim-watch/gen_00306.txt,file_modified,alert_only,high,2026-09-18 00:10:34.242361+00,2026-09-18 00:13:28.452344+00
255ab11b-b765-46c5-889d-4d37a2eeaceb,/srv/fim-watch/gen_00166.txt,file_modified,alert_only,high,2026-09-18 00:10:34.342139+00,2026-09-18 00:13:28.468094+00
5d696c46-a468-4704-8caa-676a9567fc20,/srv/fim-watch/gen_00307.txt,file_modified,alert_only,high,2026-09-18 00:10:34.442237+00,2026-09-18 00:13:28.484418+00
8ccdaab8-511d-443d-847c-e4493b5e8f03,/srv/fim-watch/gen_00273.txt,file_modified,alert_only,high,2026-09-18 00:10:34.542668+00,2026-09-18 00:13:28.500455+00
565f6d37-e18c-40d3-bd1d-4e07a43e5e9b,/srv/fim-watch/gen_00255.txt,file_modified,alert_only,high,2026-09-18 00:10:34.6426+00,2026-09-18 00:13:28.516473+00
04d87bbd-e34d-431b-b22f-fcd20646eb80,/srv/fim-watch/gen_00308.txt,file_modified,alert_only,high,2026-09-18 00:10:34.742603+00,2026-09-18 00:13:28.533976+00
c2d28583-5fb0-44ea-b10d-e8b604da6180,/srv/fim-watch/gen_00299.txt,file_modified,alert_only,high,2026-09-18 00:10:34.842539+00,2026-09-18 00:13:28.552919+00
fcf56003-3544-46fb-80b8-7275948def71,/srv/fim-watch/gen_00122.txt,file_modified,alert_only,high,2026-09-18 00:10:34.942495+00,2026-09-18 00:13:28.570328+00
894c6b5f-5716-4412-905d-72856c443f36,/srv/fim-watch/gen_00268.txt,file_modified,alert_only,high,2026-09-18 00:10:35.042497+00,2026-09-18 00:13:28.586636+00
a2f37a83-8128-4c6f-860a-809016c312db,/srv/fim-watch/gen_00309.txt,file_modified,alert_only,high,2026-09-18 00:10:35.142484+00,2026-09-18 00:13:28.605065+00
9f810421-fed2-4908-8e92-019157d9fde7,/srv/fim-watch/gen_00273.txt,file_modified,alert_only,high,2026-09-18 00:10:35.242161+00,2026-09-18 00:13:28.623262+00
b7ff6016-046c-486a-92ba-7a81cb7fdaa1,/srv/fim-watch/critico/gen_00123.txt,file_modified,alert_only,critical,2026-09-18 00:10:35.342561+00,2026-09-18 00:13:28.642949+00
6cf7fc99-6a0b-4eb7-8db9-2a00bbbcf80e,/srv/fim-watch/critico/gen_00310.txt,file_modified,alert_only,critical,2026-09-18 00:10:35.442704+00,2026-09-18 00:13:28.662494+00
298c7120-fd9b-40f3-b062-d053becf44fe,/srv/fim-watch/gen_00311.txt,file_modified,alert_only,high,2026-09-18 00:10:35.542379+00,2026-09-18 00:13:28.680206+00
afc6e674-2725-411d-abd1-339e9d9ff5ac,/srv/fim-watch/critico/gen_00312.txt,file_modified,alert_only,critical,2026-09-18 00:10:35.642597+00,2026-09-18 00:13:28.698266+00
fad1cfc1-62e3-4ddf-842d-1eab9ef7858c,/srv/fim-watch/gen_00106.txt,file_modified,alert_only,high,2026-09-18 00:10:35.74254+00,2026-09-18 00:13:28.720727+00
72d3f900-27ec-4585-98ec-428594d29cc7,/srv/fim-watch/gen_00106.txt,file_modified,alert_only,high,2026-09-18 00:10:35.842727+00,2026-09-18 00:13:28.795847+00
bdbdc4a1-d44e-42c8-b3b0-b6bcfc8323a4,/srv/fim-watch/gen_00106.txt,file_modified,alert_only,high,2026-09-18 00:10:35.941971+00,2026-09-18 00:13:28.882614+00
32925df4-e3e2-489d-9891-477ebf81145e,/srv/fim-watch/gen_00106.txt,file_modified,alert_only,high,2026-09-18 00:10:36.041589+00,2026-09-18 00:13:29.013177+00
9d50ca7a-f76f-493f-8a93-c43558c33173,/srv/fim-watch/gen_00106.txt,file_modified,alert_only,high,2026-09-18 00:10:36.141614+00,2026-09-18 00:13:29.129453+00
c169881b-3ecb-4cd0-84fc-03ee17128598,/srv/fim-watch/gen_00070.txt,file_deleted,alert_only,high,2026-09-18 00:10:36.242205+00,2026-09-18 00:13:29.245544+00
4fc93e57-727d-4482-bbb2-a1d37615c995,/srv/fim-watch/gen_00309.txt,file_modified,alert_only,high,2026-09-18 00:10:36.342219+00,2026-09-18 00:13:29.359798+00
a09ed471-9bf4-4cec-8286-15424f91c879,/srv/fim-watch/gen_00089.txt,file_deleted,alert_only,high,2026-09-18 00:10:36.442874+00,2026-09-18 00:13:29.384067+00
819e1cc6-a282-402a-9bfb-b604c0926226,/srv/fim-watch/gen_00204.txt,file_modified,alert_only,high,2026-09-18 00:10:36.54299+00,2026-09-18 00:13:29.391808+00
0bd3b255-9635-4c25-aeca-c748b34fd54d,/srv/fim-watch/gen_00204.txt,file_modified,alert_only,high,2026-09-18 00:10:36.643014+00,2026-09-18 00:13:29.408423+00
ee613077-d52c-4f48-89f2-32955f9884f5,/srv/fim-watch/critico/gen_00222.txt,file_modified,alert_only,critical,2026-09-18 00:10:36.742274+00,2026-09-18 00:13:29.423701+00
f03d8f2b-07a4-4ca1-8865-3890b04ed91e,/srv/fim-watch/gen_00279.txt,file_modified,alert_only,high,2026-09-18 00:10:36.842773+00,2026-09-18 00:13:29.438395+00
cc170219-14b6-4f2c-960b-af2b1f77b883,/srv/fim-watch/gen_00040.txt,file_deleted,alert_only,high,2026-09-18 00:10:36.942593+00,2026-09-18 00:13:29.45342+00
0fc274de-f781-47fe-8b6c-74cf5c57eb08,/srv/fim-watch/gen_00228.txt,file_modified,alert_only,high,2026-09-18 00:10:37.042676+00,2026-09-18 00:13:29.469702+00
77d47ae8-2ce2-40d8-94f0-f4de776807de,/srv/fim-watch/gen_00313.txt,file_modified,alert_only,high,2026-09-18 00:10:37.142357+00,2026-09-18 00:13:29.487623+00
f3e08614-f3e1-4e77-97b6-a11ceba1b337,/srv/fim-watch/gen_00314.txt,file_modified,alert_only,high,2026-09-18 00:10:37.242718+00,2026-09-18 00:13:29.506173+00
8b47a6dc-a9e3-41e6-86b8-af555288910f,/srv/fim-watch/gen_00152.txt,file_modified,alert_only,high,2026-09-18 00:10:37.34244+00,2026-09-18 00:13:29.52365+00
3f4f675a-25b5-4c63-81b4-154a5d7ce1ea,/srv/fim-watch/critico/gen_00248.txt,file_modified,alert_only,critical,2026-09-18 00:10:37.442669+00,2026-09-18 00:13:29.539637+00
81e9aec3-48a1-49e3-819a-49fefca67f28,/srv/fim-watch/gen_00315.txt,file_modified,alert_only,high,2026-09-18 00:10:37.542646+00,2026-09-18 00:13:29.556744+00
1944b381-9b2c-4d9a-8c3b-9f50b288bea9,/srv/fim-watch/gen_00316.txt,file_modified,alert_only,high,2026-09-18 00:10:37.642599+00,2026-09-18 00:13:29.574099+00
e6d98aa7-c6da-4220-8f09-d751f8c597f1,/srv/fim-watch/gen_00179.txt,file_modified,alert_only,high,2026-09-18 00:10:37.742757+00,2026-09-18 00:13:29.591409+00
6e366e35-db20-48c8-a05d-d011cde1aad2,/srv/fim-watch/gen_00106.txt,file_modified,alert_only,high,2026-09-18 00:10:37.842913+00,2026-09-18 00:13:29.608089+00
bbe34bc8-b859-4c8d-ba85-9593cc9e15ef,/srv/fim-watch/gen_00282.txt,file_modified,alert_only,high,2026-09-18 00:10:37.942681+00,2026-09-18 00:13:29.624921+00
aeb926d2-c952-4c08-9a28-b7e5ea6a4803,/srv/fim-watch/critico/gen_00189.txt,file_modified,alert_only,critical,2026-09-18 00:10:38.0429+00,2026-09-18 00:13:29.641822+00
d0f90f70-ccc1-4b59-9bca-e67642b6774e,/srv/fim-watch/gen_00317.txt,file_modified,alert_only,high,2026-09-18 00:10:38.14278+00,2026-09-18 00:13:29.658879+00
4d5caa4a-a127-492d-89ab-7656791e3618,/srv/fim-watch/gen_00149.txt,file_modified,alert_only,high,2026-09-18 00:10:38.243249+00,2026-09-18 00:13:29.675915+00
5b1b4784-49e1-45e0-87e5-911e9594691a,/srv/fim-watch/gen_00149.txt,file_modified,alert_only,high,2026-09-18 00:10:38.342482+00,2026-09-18 00:13:29.693089+00
6861ac8b-0725-4338-bec5-1d59c012a474,/srv/fim-watch/gen_00096.txt,file_modified,alert_only,high,2026-09-18 00:10:38.442567+00,2026-09-18 00:13:29.710139+00
0e98c3cf-fa52-4388-a0f6-aed6ea341ff2,/srv/fim-watch/gen_00266.txt,file_modified,alert_only,high,2026-09-18 00:10:38.542586+00,2026-09-18 00:13:29.728192+00
bde8e2ed-a323-40c1-a491-2e2f75dbce5c,/srv/fim-watch/gen_00231.txt,file_modified,alert_only,high,2026-09-18 00:10:38.642593+00,2026-09-18 00:13:29.746203+00
1c901ab9-cdbd-4dac-92a4-c295d1738ae0,/srv/fim-watch/gen_00293.txt,file_modified,alert_only,high,2026-09-18 00:10:38.742753+00,2026-09-18 00:13:29.763545+00
590038bb-a8cd-4cf2-b20b-1a6d9c029f3b,/srv/fim-watch/gen_00174.txt,file_modified,alert_only,high,2026-09-18 00:10:38.84269+00,2026-09-18 00:13:29.780914+00
ab017f6e-4e1e-4a90-a24c-ac8d8a3e3285,/srv/fim-watch/gen_00318.txt,file_modified,alert_only,high,2026-09-18 00:10:38.942607+00,2026-09-18 00:13:29.797908+00
fb708657-ecd3-474a-8d48-bb097367c007,/srv/fim-watch/gen_00096.txt,file_modified,alert_only,high,2026-09-18 00:10:39.042601+00,2026-09-18 00:13:29.814567+00
dea46a81-7cb7-41e5-935d-30744bc7034e,/srv/fim-watch/gen_00231.txt,file_modified,alert_only,high,2026-09-18 00:10:39.142322+00,2026-09-18 00:13:29.831961+00
cf6c966b-9fb1-4c38-bfb3-3353b5baa274,/srv/fim-watch/gen_00319.txt,file_modified,alert_only,high,2026-09-18 00:10:39.2426+00,2026-09-18 00:13:29.848863+00
bbbd4de6-9de0-4f5e-bfd2-63ae4f7a958c,/srv/fim-watch/critico/gen_00236.txt,file_deleted,alert_only,critical,2026-09-18 00:10:39.342577+00,2026-09-18 00:13:29.865944+00
f6b1b223-94d8-4138-924a-b189a71d50a9,/srv/fim-watch/gen_00320.txt,file_modified,alert_only,high,2026-09-18 00:10:39.442122+00,2026-09-18 00:13:29.881867+00
90b26dfa-7d92-4f64-b767-333589497fde,/srv/fim-watch/gen_00321.txt,file_modified,alert_only,high,2026-09-18 00:10:39.542625+00,2026-09-18 00:13:29.897979+00
ab119402-f634-4740-ba2a-82a23c659fb8,/srv/fim-watch/gen_00274.txt,file_modified,alert_only,high,2026-09-18 00:10:39.642577+00,2026-09-18 00:13:29.914179+00
6d5dbe42-af1f-4eaf-8637-b93bbe29033a,/srv/fim-watch/critico/gen_00191.txt,file_modified,alert_only,critical,2026-09-18 00:10:39.843229+00,2026-09-18 00:13:29.929285+00
3f1b3559-6c1e-4733-9d4b-10aae2afb5ec,/srv/fim-watch/gen_00323.txt,file_modified,alert_only,high,2026-09-18 00:10:39.942663+00,2026-09-18 00:13:29.942701+00
852e78a4-beec-4be0-86ea-9771ac1e2ef6,/srv/fim-watch/gen_00324.txt,file_modified,alert_only,high,2026-09-18 00:10:40.042455+00,2026-09-18 00:13:29.957062+00
5c5d9168-23b2-43c6-91d9-7ad48b30ec2a,/srv/fim-watch/gen_00324.txt,file_deleted,alert_only,high,2026-09-18 00:10:40.14257+00,2026-09-18 00:13:29.971179+00
4b6c7e21-91a4-4b16-9ecf-5448ab847c1b,/srv/fim-watch/critico/gen_00248.txt,file_modified,alert_only,critical,2026-09-18 00:10:40.242684+00,2026-09-18 00:13:29.986367+00
3311a231-82fa-4da2-87b5-a0f000f9d3c6,/srv/fim-watch/critico/gen_00156.txt,file_modified,alert_only,critical,2026-09-18 00:10:40.342652+00,2026-09-18 00:13:30.002848+00
7413e6a7-c066-4e18-9a9a-4e317ae9a971,/srv/fim-watch/gen_00319.txt,file_modified,alert_only,high,2026-09-18 00:10:40.443085+00,2026-09-18 00:13:30.020431+00
fd50d0d1-c333-4932-8922-270ee38051c4,/srv/fim-watch/gen_00325.txt,file_modified,alert_only,high,2026-09-18 00:10:40.542609+00,2026-09-18 00:13:30.038632+00
6c365282-4cf5-4e15-b4f2-d4391a631ef2,/srv/fim-watch/critico/gen_00222.txt,file_modified,alert_only,critical,2026-09-18 00:10:40.64253+00,2026-09-18 00:13:30.063934+00
b1896e31-e913-4827-9f3a-cc53b3c1cca8,/srv/fim-watch/critico/gen_00253.txt,file_modified,alert_only,critical,2026-09-18 00:10:40.742619+00,2026-09-18 00:13:30.070642+00
08c74051-6965-4d16-beeb-7e460becd7a0,/srv/fim-watch/gen_00326.txt,file_modified,alert_only,high,2026-09-18 00:10:40.842533+00,2026-09-18 00:13:30.08904+00
0a951d9a-6f41-4dcb-b72d-3144c07ca3a3,/srv/fim-watch/gen_00212.txt,file_deleted,alert_only,high,2026-09-18 00:10:40.942536+00,2026-09-18 00:13:30.10508+00
230958ac-1082-4f4a-885d-b4d3d43b365e,/srv/fim-watch/gen_00175.txt,file_modified,alert_only,high,2026-09-18 00:10:41.042147+00,2026-09-18 00:13:30.120601+00
ef7e2c93-fe10-4d98-8c1d-4c292ad6e377,/srv/fim-watch/gen_00327.txt,file_modified,alert_only,high,2026-09-18 00:10:41.142299+00,2026-09-18 00:13:30.136243+00
5a47f821-6d30-433b-807c-38a9febaf559,/srv/fim-watch/gen_00096.txt,file_modified,alert_only,high,2026-09-18 00:10:41.242674+00,2026-09-18 00:13:30.15186+00
905fac70-53ad-4079-adc1-b78fb0bd6db1,/srv/fim-watch/gen_00096.txt,file_modified,alert_only,high,2026-09-18 00:10:41.342682+00,2026-09-18 00:13:30.168513+00
d30c36ef-4deb-4568-a606-41fc58284ff5,/srv/fim-watch/critico/gen_00328.txt,file_modified,alert_only,critical,2026-09-18 00:10:41.442464+00,2026-09-18 00:13:30.247494+00
a0b06df1-0a56-4e22-bc62-10ed9dcf6f9b,/srv/fim-watch/critico/gen_00328.txt,file_deleted,alert_only,critical,2026-09-18 00:10:41.541978+00,2026-09-18 00:13:30.326099+00
b669d808-9e35-4a24-9d0c-c6ea96c91dec,/srv/fim-watch/gen_00313.txt,file_modified,alert_only,high,2026-09-18 00:10:41.642107+00,2026-09-18 00:13:30.396922+00
3b522545-0fc6-4f0d-a314-fe1f40155ccf,/srv/fim-watch/gen_00115.txt,file_modified,alert_only,high,2026-09-18 00:10:41.741707+00,2026-09-18 00:13:30.501233+00
725e9006-263d-4094-ab65-c6bb3e331f72,/srv/fim-watch/gen_00177.txt,file_modified,alert_only,high,2026-09-18 00:10:41.842961+00,2026-09-18 00:13:30.592666+00
90ed0bbb-4a3e-4564-9bcf-793a58095313,/srv/fim-watch/gen_00255.txt,file_modified,alert_only,high,2026-09-18 00:10:41.942807+00,2026-09-18 00:13:30.708527+00
a318b252-9fd5-4cca-9a08-25fc74c3e17b,/srv/fim-watch/gen_00252.txt,file_modified,alert_only,high,2026-09-18 00:10:42.042132+00,2026-09-18 00:13:30.786746+00
c9db9c37-2868-4ae8-9dba-6437ae6d29c9,/srv/fim-watch/gen_00329.txt,file_modified,alert_only,high,2026-09-18 00:10:42.142432+00,2026-09-18 00:13:30.794067+00
6e5ee5aa-6137-4344-a5ab-4c6f56e0e38a,/srv/fim-watch/gen_00152.txt,file_modified,alert_only,high,2026-09-18 00:10:42.242486+00,2026-09-18 00:13:30.807772+00
fb652769-05ad-4d7d-84d2-d2acd87d9b19,/srv/fim-watch/gen_00171.txt,file_modified,alert_only,high,2026-09-18 00:10:42.342531+00,2026-09-18 00:13:30.822356+00
82a9c047-b097-4f24-8be8-18ac6393662c,/srv/fim-watch/gen_00279.txt,file_modified,alert_only,high,2026-09-18 00:10:42.442326+00,2026-09-18 00:13:30.838951+00
e8f7d540-d4cd-4228-bffa-966339363202,/srv/fim-watch/gen_00088.txt,file_modified,alert_only,high,2026-09-18 00:10:42.542048+00,2026-09-18 00:13:30.852435+00
d95375f8-1451-4a4c-9705-3b200fde6797,/srv/fim-watch/critico/gen_00330.txt,file_modified,alert_only,critical,2026-09-18 00:10:42.642449+00,2026-09-18 00:13:30.866618+00
bf8d7d31-f17e-4762-8901-14f70d4eb40d,/srv/fim-watch/gen_00331.txt,file_modified,alert_only,high,2026-09-18 00:10:42.742382+00,2026-09-18 00:13:30.88098+00
d0e8d168-915a-4655-8717-2049a08ccfc3,/srv/fim-watch/gen_00078.txt,file_deleted,alert_only,high,2026-09-18 00:10:42.842354+00,2026-09-18 00:13:30.894861+00
06902689-56aa-44c2-8ef2-ed7b4dda3999,/srv/fim-watch/gen_00266.txt,file_modified,alert_only,high,2026-09-18 00:10:42.942449+00,2026-09-18 00:13:30.910612+00
757a5b1e-ac83-4193-800f-18a643fc0a30,/srv/fim-watch/gen_00088.txt,file_modified,alert_only,high,2026-09-18 00:10:43.042443+00,2026-09-18 00:13:30.924831+00
87f418d4-783f-4b7f-8b13-afc7220c5100,/srv/fim-watch/gen_00225.txt,file_modified,alert_only,high,2026-09-18 00:10:43.142604+00,2026-09-18 00:13:30.940248+00
f79774f1-0a19-46ad-9641-1ffad676fda5,/srv/fim-watch/gen_00255.txt,file_modified,alert_only,high,2026-09-18 00:10:43.242486+00,2026-09-18 00:13:30.955933+00
905e28e4-58b7-4ed9-9234-df0be9d2715b,/srv/fim-watch/gen_00160.txt,file_modified,alert_only,high,2026-09-18 00:10:43.34244+00,2026-09-18 00:13:30.97141+00
e8dce119-1c98-4b5f-99bd-3e9b22388d26,/srv/fim-watch/gen_00160.txt,file_modified,alert_only,high,2026-09-18 00:10:43.442575+00,2026-09-18 00:13:30.987302+00
a9dd97f8-b6b5-49bb-89c7-b622a4bfd282,/srv/fim-watch/gen_00157.txt,file_modified,alert_only,high,2026-09-18 00:10:43.542664+00,2026-09-18 00:13:31.00222+00
98ee73d5-b0df-444b-a307-65a480f1270c,/srv/fim-watch/gen_00157.txt,file_modified,alert_only,high,2026-09-18 00:10:43.643323+00,2026-09-18 00:13:31.018246+00
b30eba0e-6eaa-426c-8a43-3e85ba04a96f,/srv/fim-watch/gen_00157.txt,file_modified,alert_only,high,2026-09-18 00:10:43.742104+00,2026-09-18 00:13:31.034779+00
b7e38aea-5ada-497b-87c5-257952c2d2d1,/srv/fim-watch/gen_00157.txt,file_modified,alert_only,high,2026-09-18 00:10:43.842714+00,2026-09-18 00:13:31.051684+00
4d026c80-cc1a-40e8-b3cf-2b1f59b96f43,/srv/fim-watch/gen_00157.txt,file_modified,alert_only,high,2026-09-18 00:10:43.94261+00,2026-09-18 00:13:31.068807+00
b68ca1a5-613d-4059-b6ed-829621f8197e,/srv/fim-watch/gen_00206.txt,file_modified,alert_only,high,2026-09-18 00:10:44.042439+00,2026-09-18 00:13:31.084757+00
43007271-11b6-4182-8c77-550c2911d2d5,/srv/fim-watch/gen_00256.txt,file_modified,alert_only,high,2026-09-18 00:10:44.142807+00,2026-09-18 00:13:31.100847+00
cbf5cf1a-2177-496f-adf7-bcd629ec6f23,/srv/fim-watch/gen_00281.txt,file_deleted,alert_only,high,2026-09-18 00:10:44.242353+00,2026-09-18 00:13:31.116612+00
0b79faf6-7aba-4d5b-885d-74eb8bd9384f,/srv/fim-watch/critico/gen_00332.txt,file_modified,alert_only,critical,2026-09-18 00:10:44.342256+00,2026-09-18 00:13:31.130308+00
4949e81d-91fc-4d36-b081-2f203890fce3,/srv/fim-watch/gen_00096.txt,file_modified,alert_only,high,2026-09-18 00:10:44.442075+00,2026-09-18 00:13:31.144533+00
64119f29-cb93-47bf-aa42-f956de3d79d1,/srv/fim-watch/gen_00327.txt,file_deleted,alert_only,high,2026-09-18 00:10:44.542047+00,2026-09-18 00:13:31.158872+00
ea40f52b-69d8-4b43-a291-4746c07edd30,/srv/fim-watch/critico/gen_00280.txt,file_modified,alert_only,critical,2026-09-18 00:10:44.6424+00,2026-09-18 00:13:31.17453+00
9038418f-8dc4-4d53-9bf5-de9f279226ab,/srv/fim-watch/gen_00273.txt,file_deleted,alert_only,high,2026-09-18 00:10:44.742482+00,2026-09-18 00:13:31.190721+00
fea5449f-ce23-4c6e-bb01-3024ceb2003e,/srv/fim-watch/critico/gen_00248.txt,file_modified,alert_only,critical,2026-09-18 00:10:44.842138+00,2026-09-18 00:13:31.20471+00
b1aada12-a5fd-4383-b5a0-7580dab53cfb,/srv/fim-watch/gen_00128.txt,file_modified,alert_only,high,2026-09-18 00:10:44.94245+00,2026-09-18 00:13:31.226935+00
e9307373-b011-42da-87ea-b848e6725768,/srv/fim-watch/gen_00152.txt,file_modified,alert_only,high,2026-09-18 00:10:45.042623+00,2026-09-18 00:13:31.233653+00
5401deef-ee4c-40fd-ac2a-84ff2aea6888,/srv/fim-watch/gen_00317.txt,file_modified,alert_only,high,2026-09-18 00:10:45.14235+00,2026-09-18 00:13:31.250187+00
35c3927c-a227-4f52-afc2-e5d5bb59986e,/srv/fim-watch/critico/gen_00287.txt,file_deleted,alert_only,critical,2026-09-18 00:10:45.242307+00,2026-09-18 00:13:31.264187+00
7c934456-ad42-417d-ac10-9ce0827649e2,/srv/fim-watch/critico/gen_00332.txt,file_modified,alert_only,critical,2026-09-18 00:10:45.342685+00,2026-09-18 00:13:31.278007+00
ba70f312-1567-4e7b-9549-9be327e6fdb5,/srv/fim-watch/gen_00179.txt,file_modified,alert_only,high,2026-09-18 00:10:45.442598+00,2026-09-18 00:13:31.29192+00
b72d8a74-83ea-4fcc-99b1-1d29d06d8128,/srv/fim-watch/gen_00219.txt,file_modified,alert_only,high,2026-09-18 00:10:45.54281+00,2026-09-18 00:13:31.306305+00
2dece6b1-032b-443e-8a78-c93b6ff4c284,/srv/fim-watch/critico/gen_00242.txt,file_modified,alert_only,critical,2026-09-18 00:10:45.642308+00,2026-09-18 00:13:31.321765+00
9129dbf1-3b37-49e7-b540-f8581db6f40a,/srv/fim-watch/gen_00279.txt,file_modified,alert_only,high,2026-09-18 00:10:45.742717+00,2026-09-18 00:13:31.337165+00
c40fe2b0-0103-47bd-ba5f-6e1ae78debd8,/srv/fim-watch/gen_00042.txt,file_modified,alert_only,high,2026-09-18 00:10:45.842994+00,2026-09-18 00:13:31.353106+00
2dba4796-c172-4ee0-acc8-827b2b4e4b45,/srv/fim-watch/gen_00311.txt,file_modified,alert_only,high,2026-09-18 00:10:45.942522+00,2026-09-18 00:13:31.369598+00
c6dd0f69-d79a-4734-8074-083099e9690c,/srv/fim-watch/gen_00311.txt,file_modified,alert_only,high,2026-09-18 00:10:46.042591+00,2026-09-18 00:13:31.386292+00
561d7493-978c-4425-8d57-61c53bd2d690,/srv/fim-watch/gen_00254.txt,file_modified,alert_only,high,2026-09-18 00:10:46.142562+00,2026-09-18 00:13:31.403044+00
0f484d83-0831-43af-aa32-53725d3e0cef,/srv/fim-watch/critico/gen_00304.txt,file_modified,alert_only,critical,2026-09-18 00:10:46.243024+00,2026-09-18 00:13:31.418829+00
f7b763ff-7ce0-4607-87fa-b36b1873c22f,/srv/fim-watch/gen_00126.txt,file_modified,alert_only,high,2026-09-18 00:10:46.342636+00,2026-09-18 00:13:31.434831+00
64632641-2f0d-4245-91c2-eed4a31f2b87,/srv/fim-watch/gen_00301.txt,file_modified,alert_only,high,2026-09-18 00:10:46.442979+00,2026-09-18 00:13:31.450834+00
e9b1ae09-c5f5-43dd-87a2-38d714638fab,/srv/fim-watch/gen_00286.txt,file_modified,alert_only,high,2026-09-18 00:10:46.543263+00,2026-09-18 00:13:31.466688+00
5950f6a7-d46a-4f48-b4e9-45323338a8ee,/srv/fim-watch/critico/gen_00333.txt,file_modified,alert_only,critical,2026-09-18 00:10:46.642059+00,2026-09-18 00:13:31.482449+00
ccd16299-1699-4b4c-83a1-76ed172b7bf1,/srv/fim-watch/critico/gen_00183.txt,file_modified,alert_only,critical,2026-09-18 00:10:46.742772+00,2026-09-18 00:13:31.498563+00
146f84a2-2dc5-4f46-9ec5-3c6bc3a9b512,/srv/fim-watch/critico/gen_00183.txt,file_modified,alert_only,critical,2026-09-18 00:10:46.842506+00,2026-09-18 00:13:31.514419+00
181437b7-bf4f-4cd5-81a2-90e40851ab7f,/srv/fim-watch/gen_00166.txt,file_modified,alert_only,high,2026-09-18 00:10:46.942885+00,2026-09-18 00:13:31.530421+00
0d05a2ee-d7c1-41a2-bc5c-17f13e156bb5,/srv/fim-watch/gen_00334.txt,file_modified,alert_only,high,2026-09-18 00:10:47.044107+00,2026-09-18 00:13:31.572175+00
a595b2ba-3170-4ff7-9951-66b19bc79f95,/srv/fim-watch/gen_00335.txt,file_created,alert_only,high,2026-09-18 00:10:47.141773+00,2026-09-18 00:13:31.652723+00
cb355fa0-1392-4137-bc33-ff34efa6e8e0,/srv/fim-watch/gen_00241.txt,file_modified,alert_only,high,2026-09-18 00:10:47.241828+00,2026-09-18 00:13:31.754164+00
c8ae3051-e1ea-4383-92ae-6e048b108018,/srv/fim-watch/gen_00125.txt,file_modified,alert_only,high,2026-09-18 00:10:47.342719+00,2026-09-18 00:13:31.860654+00
5944f571-bc54-4dbd-9346-0b0781178451,/srv/fim-watch/gen_00260.txt,file_modified,alert_only,high,2026-09-18 00:10:47.443687+00,2026-09-18 00:13:31.955747+00
1cceab0b-2312-48eb-a3a2-adef8276dc0a,/srv/fim-watch/critico/gen_00336.txt,file_created,alert_only,critical,2026-09-18 00:10:47.541793+00,2026-09-18 00:13:32.055999+00
a335f9b6-9ab7-4369-ba9f-4cf905e45757,/srv/fim-watch/gen_00337.txt,file_created,alert_only,high,2026-09-18 00:10:47.642565+00,2026-09-18 00:13:32.152551+00
c910c2e6-30c8-4e8f-8b0a-50fda0c28327,/srv/fim-watch/gen_00337.txt,file_deleted,alert_only,high,2026-09-18 00:10:47.742446+00,2026-09-18 00:13:32.253755+00
9be7f67d-2a00-4f76-94ad-ebf66abc1d71,/srv/fim-watch/gen_00219.txt,file_modified,alert_only,high,2026-09-18 00:10:47.842711+00,2026-09-18 00:13:32.29914+00
15a56cfd-f6fa-4133-933c-0d65f009853b,/srv/fim-watch/critico/gen_00276.txt,file_deleted,alert_only,critical,2026-09-18 00:10:47.9429+00,2026-09-18 00:13:32.306544+00
0334ff29-2950-4e6c-a549-6f8cf9173fc9,/srv/fim-watch/gen_00177.txt,file_modified,alert_only,high,2026-09-18 00:10:48.042549+00,2026-09-18 00:13:32.323126+00
7b001276-cf7f-4e7b-9a48-60ce837c6fa8,/srv/fim-watch/gen_00338.txt,file_modified,alert_only,high,2026-09-18 00:10:48.142397+00,2026-09-18 00:13:32.33923+00
3e04aa47-748b-41ac-9170-2e03a7f52b91,/srv/fim-watch/gen_00176.txt,file_deleted,alert_only,high,2026-09-18 00:10:48.242446+00,2026-09-18 00:13:32.356802+00
e6bd94d0-632f-423a-a8be-1abafa3492aa,/srv/fim-watch/gen_00301.txt,file_deleted,alert_only,high,2026-09-18 00:10:48.34249+00,2026-09-18 00:13:32.373944+00
f5d73602-e7cf-4deb-afa3-95453befe61b,/srv/fim-watch/gen_00126.txt,file_modified,alert_only,high,2026-09-18 00:10:48.44277+00,2026-09-18 00:13:32.391005+00
542a4a54-4797-423a-ba61-c17b854a768e,/srv/fim-watch/gen_00135.txt,file_deleted,alert_only,high,2026-09-18 00:10:48.542629+00,2026-09-18 00:13:32.408318+00
9c789f2d-b8f4-4365-bed6-7111b56e3f3f,/srv/fim-watch/critico/gen_00184.txt,file_modified,alert_only,critical,2026-09-18 00:10:48.642802+00,2026-09-18 00:13:32.424398+00
af3bd853-2331-4f61-bde3-cd8f7ac4aca5,/srv/fim-watch/gen_00292.txt,file_deleted,alert_only,high,2026-09-18 00:10:48.742568+00,2026-09-18 00:13:32.439364+00
e97c3127-57f0-4f8f-96e4-8258f62bc00e,/srv/fim-watch/gen_00071.txt,file_modified,alert_only,high,2026-09-18 00:10:48.842433+00,2026-09-18 00:13:32.454009+00
4a59f277-6a7b-40ea-8dd2-925645209e2a,/srv/fim-watch/gen_00339.txt,file_modified,alert_only,high,2026-09-18 00:10:48.942566+00,2026-09-18 00:13:32.479101+00
61427074-55b1-4b1e-9b88-d8834a6dbfad,/srv/fim-watch/gen_00338.txt,file_deleted,alert_only,high,2026-09-18 00:10:49.042598+00,2026-09-18 00:13:32.485346+00
d8b6ef41-2e51-459c-89aa-80130c20c39c,/srv/fim-watch/critico/gen_00310.txt,file_modified,alert_only,critical,2026-09-18 00:10:49.142689+00,2026-09-18 00:13:32.501962+00
31ab74c4-45cc-4a8f-bd29-3749c435a7b4,/srv/fim-watch/gen_00206.txt,file_modified,alert_only,high,2026-09-18 00:10:49.242581+00,2026-09-18 00:13:32.518177+00
40a9fedb-5371-4f25-bd8c-0a34fb8e60d2,/srv/fim-watch/gen_00206.txt,file_modified,alert_only,high,2026-09-18 00:10:49.342526+00,2026-09-18 00:13:32.53459+00
58da6449-fa8b-4d07-8e9e-91b7efe51694,/srv/fim-watch/gen_00206.txt,file_modified,alert_only,high,2026-09-18 00:10:49.44267+00,2026-09-18 00:13:32.551213+00
1eafb2b1-a30a-4d54-ba36-40b74ca43a26,/srv/fim-watch/gen_00206.txt,file_modified,alert_only,high,2026-09-18 00:10:49.542151+00,2026-09-18 00:13:32.567747+00
13f28ea4-2298-4ae7-b07a-0fad6f38afdc,/srv/fim-watch/gen_00206.txt,file_modified,alert_only,high,2026-09-18 00:10:49.642233+00,2026-09-18 00:13:32.584268+00
cd10ee57-2941-4955-9111-603cedabafc2,/srv/fim-watch/gen_00256.txt,file_modified,alert_only,high,2026-09-18 00:10:49.743376+00,2026-09-18 00:13:32.600608+00
ed3271b1-3bf3-4d3c-852d-022ed0505cdf,/srv/fim-watch/gen_00088.txt,file_deleted,alert_only,high,2026-09-18 00:10:49.842626+00,2026-09-18 00:13:32.616938+00
9a240a78-d8c8-4421-ba61-efbfacdeed30,/srv/fim-watch/critico/gen_00191.txt,file_modified,alert_only,critical,2026-09-18 00:10:49.94302+00,2026-09-18 00:13:32.632826+00
32921948-9547-4fda-814b-79063214980f,/srv/fim-watch/critico/gen_00191.txt,file_modified,alert_only,critical,2026-09-18 00:10:50.042715+00,2026-09-18 00:13:32.648961+00
1060c5a5-1763-493c-96cf-d1b88306b142,/srv/fim-watch/critico/gen_00262.txt,file_modified,alert_only,critical,2026-09-18 00:10:50.142734+00,2026-09-18 00:13:32.665278+00
8684ae91-9004-4691-962c-756d28dca2a6,/srv/fim-watch/gen_00126.txt,file_modified,alert_only,high,2026-09-18 00:10:50.242741+00,2026-09-18 00:13:32.681271+00
e6829f88-616a-4d65-8000-cc3085fd1ef3,/srv/fim-watch/gen_00246.txt,file_deleted,alert_only,high,2026-09-18 00:10:50.343049+00,2026-09-18 00:13:32.697599+00
c557c6fb-a34d-4e27-8182-4e96953121c7,/srv/fim-watch/gen_00179.txt,file_modified,alert_only,high,2026-09-18 00:10:50.442667+00,2026-09-18 00:13:32.713514+00
ac5484e0-8f2a-466c-8d7e-1b749751dfa5,/srv/fim-watch/gen_00317.txt,file_modified,alert_only,high,2026-09-18 00:10:50.54278+00,2026-09-18 00:13:32.729761+00
9a9f4145-bb83-4cb1-bd41-01373a23bbeb,/srv/fim-watch/gen_00340.txt,file_modified,alert_only,high,2026-09-18 00:10:50.642608+00,2026-09-18 00:13:32.745699+00
e2a78447-26c5-41ce-a6ce-88a184e3f04a,/srv/fim-watch/gen_00108.txt,file_modified,alert_only,high,2026-09-18 00:10:50.742397+00,2026-09-18 00:13:32.761782+00
acb515b7-cd5b-4781-a2b8-26c382e133bf,/srv/fim-watch/gen_00193.txt,file_modified,alert_only,high,2026-09-18 00:10:50.842792+00,2026-09-18 00:13:32.777762+00
61f43fcf-2e2e-4dec-9678-ccea9d1adc28,/srv/fim-watch/critico/gen_00184.txt,file_modified,alert_only,critical,2026-09-18 00:10:50.942797+00,2026-09-18 00:13:32.793761+00
17fc35f7-da28-4f55-a8ea-142bb06eb660,/srv/fim-watch/gen_00341.txt,file_modified,alert_only,high,2026-09-18 00:10:51.042796+00,2026-09-18 00:13:32.810164+00
bb821c5f-ae48-4e70-969e-174892d08d79,/srv/fim-watch/gen_00105.txt,file_modified,alert_only,high,2026-09-18 00:10:51.142486+00,2026-09-18 00:13:32.826831+00
0814c9b4-0c5c-460f-b8e5-db175f471db2,/srv/fim-watch/gen_00299.txt,file_modified,alert_only,high,2026-09-18 00:10:51.242665+00,2026-09-18 00:13:32.843096+00
f1acce65-edcc-425b-bb1a-fc553e82632d,/srv/fim-watch/critico/gen_00342.txt,file_modified,alert_only,critical,2026-09-18 00:10:51.342673+00,2026-09-18 00:13:32.858989+00
b087a689-d2e1-420a-ac1b-9edefb34d198,/srv/fim-watch/gen_00223.txt,file_modified,alert_only,high,2026-09-18 00:10:51.442817+00,2026-09-18 00:13:32.874923+00
1aca7374-c83c-4328-9ae2-2e8daffbbc6e,/srv/fim-watch/critico/gen_00343.txt,file_modified,alert_only,critical,2026-09-18 00:10:51.542778+00,2026-09-18 00:13:32.890845+00
a1d136ca-6642-4bd7-85f3-1ecc1e8914f0,/srv/fim-watch/critico/gen_00272.txt,file_modified,alert_only,critical,2026-09-18 00:10:51.642743+00,2026-09-18 00:13:32.907702+00
db862a39-7eae-46ef-b914-5e37defb8c36,/srv/fim-watch/gen_00221.txt,file_modified,alert_only,high,2026-09-18 00:10:51.7432+00,2026-09-18 00:13:32.923711+00
b4423556-e5d6-428a-872d-229897457108,/srv/fim-watch/gen_00203.txt,file_modified,alert_only,high,2026-09-18 00:10:51.84267+00,2026-09-18 00:13:32.939464+00
0a441bc9-c287-4df2-8a10-2de47ea93a3f,/srv/fim-watch/critico/gen_00344.txt,file_modified,alert_only,critical,2026-09-18 00:10:51.942546+00,2026-09-18 00:13:32.955759+00
064ea701-553f-433e-a8e4-8e4f7516b0ac,/srv/fim-watch/gen_00151.txt,file_modified,alert_only,high,2026-09-18 00:10:52.042493+00,2026-09-18 00:13:32.971916+00
1e9c335b-5a6c-42fb-9faf-c6c103affbfd,/srv/fim-watch/gen_00282.txt,file_modified,alert_only,high,2026-09-18 00:10:52.143314+00,2026-09-18 00:13:32.988021+00
1411d57e-7ce2-438c-9ab0-744d9db82e2c,/srv/fim-watch/gen_00282.txt,file_modified,alert_only,high,2026-09-18 00:10:52.243049+00,2026-09-18 00:13:33.004084+00
9f17bbae-2132-4003-b7d4-bacf1111e864,/srv/fim-watch/gen_00282.txt,file_modified,alert_only,high,2026-09-18 00:10:52.342926+00,2026-09-18 00:13:33.020078+00
83d0e144-0968-4e44-bdc5-1d295043f51c,/srv/fim-watch/gen_00282.txt,file_modified,alert_only,high,2026-09-18 00:10:52.442757+00,2026-09-18 00:13:33.03616+00
4c24efa1-d1a1-453c-a3f0-2fb23e0b8b30,/srv/fim-watch/gen_00282.txt,file_modified,alert_only,high,2026-09-18 00:10:52.542801+00,2026-09-18 00:13:33.054523+00
46d8d17d-1522-4d09-8ec0-3fe5b6657673,/srv/fim-watch/gen_00231.txt,file_modified,alert_only,high,2026-09-18 00:10:52.642824+00,2026-09-18 00:13:33.069527+00
3bf17baf-7db9-47c1-9e6d-7db6c9660b0a,/srv/fim-watch/critico/gen_00345.txt,file_modified,alert_only,critical,2026-09-18 00:10:52.742961+00,2026-09-18 00:13:33.086+00
eea3069e-ec58-4877-b617-07bc09e8c14d,/srv/fim-watch/gen_00311.txt,file_modified,alert_only,high,2026-09-18 00:10:52.844058+00,2026-09-18 00:13:33.144229+00
2858e2cd-6c45-4003-ace2-6ae8644365db,/srv/fim-watch/gen_00263.txt,file_modified,alert_only,high,2026-09-18 00:10:52.941832+00,2026-09-18 00:13:33.216864+00
ee428e4f-d5bc-4d61-9553-b2e24cc366e1,/srv/fim-watch/critico/gen_00344.txt,file_modified,alert_only,critical,2026-09-18 00:10:53.041792+00,2026-09-18 00:13:33.334122+00
9f796321-5f89-4164-87dd-1c650b4e3b12,/srv/fim-watch/gen_00235.txt,file_modified,alert_only,high,2026-09-18 00:10:53.141674+00,2026-09-18 00:13:33.43564+00
0a493901-0f32-4f52-8bf1-cdda9d59665d,/srv/fim-watch/gen_00235.txt,file_modified,alert_only,high,2026-09-18 00:10:53.241681+00,2026-09-18 00:13:33.571497+00
10cc19ae-2e12-496e-b38e-5265095b993f,/srv/fim-watch/critico/gen_00336.txt,file_modified,alert_only,critical,2026-09-18 00:10:53.341649+00,2026-09-18 00:13:33.711765+00
3bfcf864-7dd4-4b29-adf2-b6a6a9228aab,/srv/fim-watch/gen_00152.txt,file_modified,alert_only,high,2026-09-18 00:10:53.44287+00,2026-09-18 00:13:33.743785+00
e32cba14-21b3-4636-a068-e05eb6dc1588,/srv/fim-watch/gen_00177.txt,file_modified,alert_only,high,2026-09-18 00:10:53.542753+00,2026-09-18 00:13:33.752642+00
35a69c33-220b-46db-a1fc-7785ce0e2e19,/srv/fim-watch/gen_00311.txt,file_modified,alert_only,high,2026-09-18 00:10:53.642582+00,2026-09-18 00:13:33.771947+00
862f32b2-6465-47b6-8d8c-3f34c7b47697,/srv/fim-watch/critico/gen_00345.txt,file_modified,alert_only,critical,2026-09-18 00:10:53.742675+00,2026-09-18 00:13:33.791634+00
e29a2241-80ee-4a7d-b697-480fef702a5f,/srv/fim-watch/critico/gen_00345.txt,file_modified,alert_only,critical,2026-09-18 00:10:53.842731+00,2026-09-18 00:13:33.812363+00
75e91747-d1a3-4b74-8a57-1f05e41c7a3d,/srv/fim-watch/gen_00289.txt,file_modified,alert_only,high,2026-09-18 00:10:53.943108+00,2026-09-18 00:13:33.834679+00
e27caa3e-457c-4c7c-a3d1-670f3e868b68,/srv/fim-watch/gen_00346.txt,file_modified,alert_only,high,2026-09-18 00:10:54.042593+00,2026-09-18 00:13:33.855305+00
b0dfdc0d-1550-4b6e-8b39-2a288b2f6248,/srv/fim-watch/gen_00171.txt,file_modified,alert_only,high,2026-09-18 00:10:54.142538+00,2026-09-18 00:13:33.877342+00
81247684-a929-4af6-a96a-b587387e3808,/srv/fim-watch/gen_00297.txt,file_modified,alert_only,high,2026-09-18 00:10:54.24293+00,2026-09-18 00:13:33.897796+00
c626e2af-b00c-4aef-85c7-74424e1fb89a,/srv/fim-watch/gen_00318.txt,file_modified,alert_only,high,2026-09-18 00:10:54.3429+00,2026-09-18 00:13:33.916414+00
0fe093d5-841a-4023-a3e3-34e35c23f05a,/srv/fim-watch/gen_00318.txt,file_modified,alert_only,high,2026-09-18 00:10:54.442804+00,2026-09-18 00:13:33.937338+00
b1f5d6af-8b67-4fec-9301-bf6715dd73aa,/srv/fim-watch/critico/gen_00347.txt,file_modified,alert_only,critical,2026-09-18 00:10:54.542101+00,2026-09-18 00:13:33.958855+00
d6753068-07db-419a-adc0-5e7d813dc0a2,/srv/fim-watch/gen_00348.txt,file_modified,alert_only,high,2026-09-18 00:10:54.641769+00,2026-09-18 00:13:33.979327+00
5f0df5fc-9261-48c8-8d07-eaeada98c5fa,/srv/fim-watch/gen_00126.txt,file_modified,alert_only,high,2026-09-18 00:10:54.742979+00,2026-09-18 00:13:33.99809+00
a13a38d9-151c-4d8a-9c8e-f2e7c51da00a,/srv/fim-watch/gen_00349.txt,file_modified,alert_only,high,2026-09-18 00:10:54.842484+00,2026-09-18 00:13:34.016981+00
478e030d-108d-4bb1-8abb-c0fe44843724,/srv/fim-watch/gen_00232.txt,file_modified,alert_only,high,2026-09-18 00:10:54.943068+00,2026-09-18 00:13:34.037015+00
e9a8d463-d9ea-478b-af1e-21e381313d4a,/srv/fim-watch/gen_00298.txt,file_modified,alert_only,high,2026-09-18 00:10:55.042812+00,2026-09-18 00:13:34.056348+00
da047f87-1b4f-485c-b1b9-50dde501fe6f,/srv/fim-watch/gen_00341.txt,file_deleted,alert_only,high,2026-09-18 00:10:55.143548+00,2026-09-18 00:13:34.075697+00
64383e9e-6db7-4f3b-b289-5af7ae9057da,/srv/fim-watch/gen_00350.txt,file_modified,alert_only,high,2026-09-18 00:10:55.242618+00,2026-09-18 00:13:34.094936+00
461e8c28-4f77-4388-b40d-caf6dad40e94,/srv/fim-watch/gen_00306.txt,file_modified,alert_only,high,2026-09-18 00:10:55.342672+00,2026-09-18 00:13:34.112903+00
5f082deb-eca4-4093-95ac-cdab18427d9f,/srv/fim-watch/gen_00057.txt,file_modified,alert_only,high,2026-09-18 00:10:55.443048+00,2026-09-18 00:13:34.131508+00
b456be76-9598-4546-80d4-aeda13fd3ca6,/srv/fim-watch/critico/gen_00262.txt,file_modified,alert_only,critical,2026-09-18 00:10:55.542378+00,2026-09-18 00:13:34.152726+00
a9b98bb2-5032-476b-9e70-b6806da306fb,/srv/fim-watch/critico/gen_00253.txt,file_modified,alert_only,critical,2026-09-18 00:10:55.642121+00,2026-09-18 00:13:34.170572+00
22e498bd-886a-43d4-81df-56f34018e8d9,/srv/fim-watch/gen_00238.txt,file_modified,alert_only,high,2026-09-18 00:10:55.742003+00,2026-09-18 00:13:34.188181+00
f7dba6e7-53a9-459f-8dc0-3b5436614698,/srv/fim-watch/critico/gen_00351.txt,file_modified,alert_only,critical,2026-09-18 00:10:55.842496+00,2026-09-18 00:13:34.2063+00
e04c9f46-60d2-4a33-8231-2c0de0ee4766,/srv/fim-watch/gen_00352.txt,file_modified,alert_only,high,2026-09-18 00:10:55.942634+00,2026-09-18 00:13:34.223199+00
ff5f6961-292a-43e9-b1f1-efe4d70d5c59,/srv/fim-watch/gen_00198.txt,file_modified,alert_only,high,2026-09-18 00:10:56.042034+00,2026-09-18 00:13:34.239804+00
46c9ae5c-deca-41d8-8230-4ce2e05d31e2,/srv/fim-watch/gen_00299.txt,file_modified,alert_only,high,2026-09-18 00:10:56.242005+00,2026-09-18 00:13:34.255714+00
6aea9b28-5bd2-45c8-a813-e9698719344e,/srv/fim-watch/gen_00064.txt,file_modified,alert_only,high,2026-09-18 00:10:56.346702+00,2026-09-18 00:13:34.270614+00
b3562789-3a6f-4444-a8e0-2e4b6bd2349b,/srv/fim-watch/gen_00348.txt,file_modified,alert_only,high,2026-09-18 00:10:56.442519+00,2026-09-18 00:13:34.2862+00
08f1f4a3-0b8e-45aa-a918-b0218182410c,/srv/fim-watch/gen_00348.txt,file_modified,alert_only,high,2026-09-18 00:10:56.543167+00,2026-09-18 00:13:34.303528+00
36fd5409-90b1-4654-9a29-54fa304b59f5,/srv/fim-watch/gen_00348.txt,file_modified,alert_only,high,2026-09-18 00:10:56.642821+00,2026-09-18 00:13:34.319964+00
19ab78aa-21f2-43d6-9df3-580e278bbdd3,/srv/fim-watch/gen_00348.txt,file_modified,alert_only,high,2026-09-18 00:10:56.742769+00,2026-09-18 00:13:34.335891+00
ebb01eb4-860f-4d36-9167-49236b3fe09a,/srv/fim-watch/gen_00348.txt,file_modified,alert_only,high,2026-09-18 00:10:56.842522+00,2026-09-18 00:13:34.352729+00
96602eaa-6ed2-4d49-9f3e-f92d33e96cc3,/srv/fim-watch/critico/gen_00209.txt,file_modified,alert_only,critical,2026-09-18 00:10:56.942251+00,2026-09-18 00:13:34.370446+00
3f6bf5ae-2f1c-49b3-a41a-170779541d1a,/srv/fim-watch/gen_00266.txt,file_modified,alert_only,high,2026-09-18 00:10:57.042341+00,2026-09-18 00:13:34.387425+00
1529ec07-1e14-455e-b57a-0c51547f40a8,/srv/fim-watch/critico/gen_00330.txt,file_modified,alert_only,critical,2026-09-18 00:10:57.142846+00,2026-09-18 00:13:34.404164+00
84f372e1-3562-4f6c-8185-dc26104daf15,/srv/fim-watch/critico/gen_00354.txt,file_modified,alert_only,critical,2026-09-18 00:10:57.242529+00,2026-09-18 00:13:34.421333+00
089b0dca-bd55-46da-a89a-678bcf9ec7c3,/srv/fim-watch/gen_00049.txt,file_deleted,alert_only,high,2026-09-18 00:10:57.342205+00,2026-09-18 00:13:34.438789+00
eaac3a29-cfff-4e73-a3ab-004fa4b1087a,/srv/fim-watch/gen_00279.txt,file_modified,alert_only,high,2026-09-18 00:10:57.442381+00,2026-09-18 00:13:34.456461+00
a9ad04a8-a337-4beb-b097-3a783197469b,/srv/fim-watch/gen_00279.txt,file_modified,alert_only,high,2026-09-18 00:10:57.542576+00,2026-09-18 00:13:34.474471+00
40859f4d-e8e3-422d-9f36-9b241cf40f7b,/srv/fim-watch/gen_00282.txt,file_modified,alert_only,high,2026-09-18 00:10:57.642427+00,2026-09-18 00:13:34.490402+00
07e7c36c-18b8-4b1b-8585-853b559f620d,/srv/fim-watch/gen_00282.txt,file_modified,alert_only,high,2026-09-18 00:10:57.743059+00,2026-09-18 00:13:34.507553+00
7806c36c-3112-41ae-b585-2c44ad21cdea,/srv/fim-watch/gen_00275.txt,file_modified,alert_only,high,2026-09-18 00:10:57.842818+00,2026-09-18 00:13:34.523988+00
42191a43-54c0-47af-8e7c-512d7aa6b53c,/srv/fim-watch/gen_00275.txt,file_modified,alert_only,high,2026-09-18 00:10:57.943036+00,2026-09-18 00:13:34.54039+00
46cd7ad6-1f78-4239-aa16-2967893b7f14,/srv/fim-watch/gen_00275.txt,file_modified,alert_only,high,2026-09-18 00:10:58.042626+00,2026-09-18 00:13:34.568253+00
8de551dc-f3bf-4828-98df-b9cd5dad0d0f,/srv/fim-watch/gen_00275.txt,file_modified,alert_only,high,2026-09-18 00:10:58.142961+00,2026-09-18 00:13:34.575312+00
ef765d2c-7148-4eee-9b1f-aebd0a9964bc,/srv/fim-watch/gen_00275.txt,file_modified,alert_only,high,2026-09-18 00:10:58.242261+00,2026-09-18 00:13:34.593781+00
30eab2ef-2069-474c-a6b6-ca164b956114,/srv/fim-watch/gen_00325.txt,file_modified,alert_only,high,2026-09-18 00:10:58.3428+00,2026-09-18 00:13:34.610603+00
fcb7a485-b891-450c-9124-f52078b399a0,/srv/fim-watch/gen_00355.txt,file_modified,alert_only,high,2026-09-18 00:10:58.441992+00,2026-09-18 00:13:34.711819+00
9fdbaf59-2793-4214-b12a-2c4dc68bb220,/srv/fim-watch/gen_00162.txt,file_deleted,alert_only,high,2026-09-18 00:10:58.5429+00,2026-09-18 00:13:34.80677+00
655d0f18-87c8-497d-ae55-14947c7e5f7f,/srv/fim-watch/gen_00356.txt,file_modified,alert_only,high,2026-09-18 00:10:58.643753+00,2026-09-18 00:13:34.907606+00
9d7fbbe0-e3dd-4d0c-a578-9acc36984e78,/srv/fim-watch/gen_00357.txt,file_created,alert_only,high,2026-09-18 00:10:58.74184+00,2026-09-18 00:13:34.997236+00
e7f1eff6-ab8b-4704-9d05-8a0cf8d330fa,/srv/fim-watch/gen_00358.txt,file_modified,alert_only,high,2026-09-18 00:10:58.842763+00,2026-09-18 00:13:35.076886+00
9571c2d7-3a6e-4869-b2fe-a4210ec54231,/srv/fim-watch/gen_00359.txt,file_modified,alert_only,high,2026-09-18 00:10:58.942363+00,2026-09-18 00:13:35.157959+00
ddb8d72f-b8d0-420e-b7b8-669b87609df2,/srv/fim-watch/gen_00230.txt,file_modified,alert_only,high,2026-09-18 00:10:59.042509+00,2026-09-18 00:13:35.174999+00
7edece03-da42-4d37-870c-15b858e48fb3,/srv/fim-watch/gen_00263.txt,file_modified,alert_only,high,2026-09-18 00:10:59.142481+00,2026-09-18 00:13:35.18056+00
40a4f02d-c9cb-40fd-b2ac-6005aa71b1a9,/srv/fim-watch/gen_00263.txt,file_modified,alert_only,high,2026-09-18 00:10:59.241953+00,2026-09-18 00:13:35.196696+00
57405faa-e731-4ee7-a781-99f73789e2e9,/srv/fim-watch/gen_00360.txt,file_modified,alert_only,high,2026-09-18 00:10:59.34237+00,2026-09-18 00:13:35.209486+00
b36ed3ee-85d6-4f97-b3ec-777405959071,/srv/fim-watch/gen_00360.txt,file_deleted,alert_only,high,2026-09-18 00:10:59.442353+00,2026-09-18 00:13:35.224895+00
0d510ea0-7369-42d5-aa7a-812a0a5eb95c,/srv/fim-watch/gen_00308.txt,file_modified,alert_only,high,2026-09-18 00:10:59.542581+00,2026-09-18 00:13:35.242524+00
6f8deb85-5ffe-4f02-8c84-388a74c3b6b7,/srv/fim-watch/critico/gen_00361.txt,file_modified,alert_only,critical,2026-09-18 00:10:59.642142+00,2026-09-18 00:13:35.257642+00
73325f46-5592-4ab4-bd96-33d1b56b82af,/srv/fim-watch/gen_00177.txt,file_modified,alert_only,high,2026-09-18 00:10:59.742169+00,2026-09-18 00:13:35.273044+00
0dff72b4-7515-4138-8d89-0bc9aa0c3222,/srv/fim-watch/gen_00177.txt,file_modified,alert_only,high,2026-09-18 00:10:59.842526+00,2026-09-18 00:13:35.287399+00
6fe42784-6f67-4c3f-a623-0baf3b68ef56,/srv/fim-watch/gen_00362.txt,file_modified,alert_only,high,2026-09-18 00:10:59.942387+00,2026-09-18 00:13:35.301258+00
f6106eec-9a85-4785-996c-3cf2a840c86d,/srv/fim-watch/gen_00266.txt,file_modified,alert_only,high,2026-09-18 00:11:00.04256+00,2026-09-18 00:13:35.315358+00
aa4254b1-7b35-47b0-a20a-05d7cae27886,/srv/fim-watch/gen_00196.txt,file_modified,alert_only,high,2026-09-18 00:11:00.142699+00,2026-09-18 00:13:35.330192+00
2633e669-a582-478c-9d21-fddc677ef8d8,/srv/fim-watch/gen_00198.txt,file_modified,alert_only,high,2026-09-18 00:11:00.242576+00,2026-09-18 00:13:35.344515+00
fe70aa83-01e6-45bf-801b-16040b06a47e,/srv/fim-watch/gen_00329.txt,file_modified,alert_only,high,2026-09-18 00:11:00.342476+00,2026-09-18 00:13:35.360569+00
c70756b2-a65d-4bc1-ac2f-83c546c8c780,/srv/fim-watch/gen_00329.txt,file_modified,alert_only,high,2026-09-18 00:11:00.442528+00,2026-09-18 00:13:35.37619+00
fc3721ab-8664-4189-a610-8531a30d44d6,/srv/fim-watch/gen_00311.txt,file_modified,alert_only,high,2026-09-18 00:11:00.542345+00,2026-09-18 00:13:35.392148+00
7754d54d-ca72-429f-8cad-5a41bc92b633,/srv/fim-watch/gen_00363.txt,file_modified,alert_only,high,2026-09-18 00:11:00.642366+00,2026-09-18 00:13:35.407339+00
070615bb-86d4-412b-bd7d-d754e64bfea7,/srv/fim-watch/gen_00363.txt,file_deleted,alert_only,high,2026-09-18 00:11:00.742363+00,2026-09-18 00:13:35.422689+00
384b4371-9db9-43fe-a681-06f98f8c1ccf,/srv/fim-watch/critico/gen_00053.txt,file_modified,alert_only,critical,2026-09-18 00:11:00.842821+00,2026-09-18 00:13:35.437594+00
1cf4d1e8-d82f-44a4-ba68-9c2a615023eb,/srv/fim-watch/critico/gen_00061.txt,file_modified,alert_only,critical,2026-09-18 00:11:00.942046+00,2026-09-18 00:13:35.452588+00
2a26f956-aafc-4183-9a1a-1a8742618221,/srv/fim-watch/critico/gen_00061.txt,file_modified,alert_only,critical,2026-09-18 00:11:01.042636+00,2026-09-18 00:13:35.467939+00
3fd30f12-5a90-47b5-abac-0aa92aeb41f7,/srv/fim-watch/gen_00364.txt,file_modified,alert_only,high,2026-09-18 00:11:01.142652+00,2026-09-18 00:13:35.483105+00
749597c7-ea1f-486a-8cba-40da5a123385,/srv/fim-watch/gen_00295.txt,file_modified,alert_only,high,2026-09-18 00:11:01.242543+00,2026-09-18 00:13:35.498483+00
87957ddd-41ab-466d-aa73-4a462b6a470f,/srv/fim-watch/gen_00250.txt,file_modified,alert_only,high,2026-09-18 00:11:01.342391+00,2026-09-18 00:13:35.512659+00
8d4f7131-29a2-4e95-8261-34c247e06bab,/srv/fim-watch/critico/gen_00130.txt,file_modified,alert_only,critical,2026-09-18 00:11:01.442911+00,2026-09-18 00:13:35.527607+00
425e4b0c-b7fc-463c-adc4-3682e4b061da,/srv/fim-watch/critico/gen_00304.txt,file_modified,alert_only,critical,2026-09-18 00:11:01.542669+00,2026-09-18 00:13:35.542592+00
e3509cca-6302-4d60-86f4-51cade786024,/srv/fim-watch/gen_00057.txt,file_deleted,alert_only,high,2026-09-18 00:11:01.642504+00,2026-09-18 00:13:35.557905+00
52c501c1-a624-4c9f-8d34-6725b21a1a12,/srv/fim-watch/critico/gen_00353.txt,file_modified,alert_only,critical,2026-09-18 00:11:01.74272+00,2026-09-18 00:13:35.573656+00
c4f86b45-8a2e-467b-87e1-d9013c1d43e1,/srv/fim-watch/gen_00365.txt,file_modified,alert_only,high,2026-09-18 00:11:01.842548+00,2026-09-18 00:13:35.589308+00
301dcf4c-f5b1-4358-b058-baf144e4bdb5,/srv/fim-watch/gen_00096.txt,file_modified,alert_only,high,2026-09-18 00:11:01.942738+00,2026-09-18 00:13:35.604423+00
87b0ca83-9e6a-46aa-ae09-e609fc1fedcd,/srv/fim-watch/gen_00096.txt,file_modified,alert_only,high,2026-09-18 00:11:02.042377+00,2026-09-18 00:13:35.619767+00
e4814c34-04bc-473c-939f-d2bb1f6c2edb,/srv/fim-watch/gen_00104.txt,file_deleted,alert_only,high,2026-09-18 00:11:02.142381+00,2026-09-18 00:13:35.635185+00
b2ddf6e9-2f72-48e9-a0bf-d24a0e876960,/srv/fim-watch/gen_00366.txt,file_modified,alert_only,high,2026-09-18 00:11:02.242521+00,2026-09-18 00:13:35.660153+00
f3fb201d-7234-4871-9434-e8515f215942,/srv/fim-watch/critico/gen_00189.txt,file_modified,alert_only,critical,2026-09-18 00:11:02.342652+00,2026-09-18 00:13:35.667655+00
6ea59055-dab0-4ed2-956a-b2a854613c93,/srv/fim-watch/gen_00214.txt,file_deleted,alert_only,high,2026-09-18 00:11:02.442673+00,2026-09-18 00:13:35.687204+00
d26f7eae-c0f5-45b5-8c2f-cb7a5510adc9,/srv/fim-watch/gen_00367.txt,file_modified,alert_only,high,2026-09-18 00:11:02.54262+00,2026-09-18 00:13:35.703634+00
ada7d41c-c635-4270-8f6e-1619d9ca0e85,/srv/fim-watch/gen_00368.txt,file_modified,alert_only,high,2026-09-18 00:11:02.642585+00,2026-09-18 00:13:35.719236+00
4ed82207-de72-465d-aee4-3862673b77bb,/srv/fim-watch/critico/gen_00183.txt,file_modified,alert_only,critical,2026-09-18 00:11:02.742756+00,2026-09-18 00:13:35.73689+00
6cb827ea-366f-4571-a568-0f35dea96a70,/srv/fim-watch/critico/gen_00183.txt,file_modified,alert_only,critical,2026-09-18 00:11:02.842614+00,2026-09-18 00:13:35.752709+00
ddbbaf6e-5996-4799-99e2-515e110fc0ab,/srv/fim-watch/critico/gen_00183.txt,file_modified,alert_only,critical,2026-09-18 00:11:02.942701+00,2026-09-18 00:13:35.771008+00
a301d93b-5f20-4833-9bc2-d2675f681d8d,/srv/fim-watch/critico/gen_00183.txt,file_modified,alert_only,critical,2026-09-18 00:11:03.04266+00,2026-09-18 00:13:35.787995+00
62df88ef-c32d-41ba-be5f-aaa60dcfe53f,/srv/fim-watch/critico/gen_00183.txt,file_modified,alert_only,critical,2026-09-18 00:11:03.142791+00,2026-09-18 00:13:35.800012+00
110b8d2a-caca-41ca-924e-240ec3099dba,/srv/fim-watch/critico/gen_00369.txt,file_created,alert_only,critical,2026-09-18 00:11:03.24303+00,2026-09-18 00:13:35.813336+00
2c77d61f-0624-4873-8951-7b67db0a47de,/srv/fim-watch/gen_00311.txt,file_modified,alert_only,high,2026-09-18 00:11:03.342789+00,2026-09-18 00:13:35.82528+00
d3e45862-d322-4da2-8c11-e552a0894721,/srv/fim-watch/gen_00370.txt,file_created,alert_only,high,2026-09-18 00:11:03.442958+00,2026-09-18 00:13:35.836408+00
1a0f1cc9-6a51-413e-9032-dbc77dec6904,/srv/fim-watch/gen_00256.txt,file_modified,alert_only,high,2026-09-18 00:11:03.543179+00,2026-09-18 00:13:35.849846+00
b81c28e5-20f4-44c1-98a7-5eebfc07edb2,/srv/fim-watch/critico/gen_00251.txt,file_modified,alert_only,critical,2026-09-18 00:11:03.64312+00,2026-09-18 00:13:35.865392+00
24012f82-5493-433a-98c7-c2afddc03d47,/srv/fim-watch/gen_00187.txt,file_modified,alert_only,high,2026-09-18 00:11:03.742458+00,2026-09-18 00:13:35.882145+00
7481e0a8-9ad6-4901-a7b1-d5a21d93c68d,/srv/fim-watch/gen_00318.txt,file_deleted,alert_only,high,2026-09-18 00:11:03.842594+00,2026-09-18 00:13:35.898892+00
b3f1fcb6-8402-49db-a81e-b96c5138eb7f,/srv/fim-watch/critico/gen_00343.txt,file_modified,alert_only,critical,2026-09-18 00:11:03.943161+00,2026-09-18 00:13:35.917467+00
2bc20c14-974a-4b21-bb35-04e5cf6c167c,/srv/fim-watch/critico/gen_00351.txt,file_modified,alert_only,critical,2026-09-18 00:11:04.042028+00,2026-09-18 00:13:36.02249+00
12905ac9-18ae-4f97-acde-a3097dc9c52b,/srv/fim-watch/critico/gen_00371.txt,file_modified,alert_only,critical,2026-09-18 00:11:04.142034+00,2026-09-18 00:13:36.08996+00
4e1757b1-de88-462e-9f86-30d604403b9d,/srv/fim-watch/gen_00215.txt,file_modified,alert_only,high,2026-09-18 00:11:04.241893+00,2026-09-18 00:13:36.198288+00
393ff8ba-99ee-463d-863e-eea5ba001155,/srv/fim-watch/critico/gen_00344.txt,file_modified,alert_only,critical,2026-09-18 00:11:04.341648+00,2026-09-18 00:13:36.331024+00
dc860a64-0bc4-49b3-84a6-645c846177a4,/srv/fim-watch/gen_00372.txt,file_modified,alert_only,high,2026-09-18 00:11:04.441579+00,2026-09-18 00:13:36.435155+00
5d717899-8f6b-40a9-8f45-ab96e1e08d70,/srv/fim-watch/gen_00372.txt,file_deleted,alert_only,high,2026-09-18 00:11:04.541522+00,2026-09-18 00:13:36.542167+00
0ef4e126-3383-44ed-b268-a1bbb39c023d,/srv/fim-watch/critico/gen_00248.txt,file_deleted,alert_only,critical,2026-09-18 00:11:04.642035+00,2026-09-18 00:13:36.641099+00
f0c8a35c-60c5-4091-a347-3247daf8220a,/srv/fim-watch/gen_00264.txt,file_modified,alert_only,high,2026-09-18 00:11:04.742382+00,2026-09-18 00:13:36.647688+00
8655af42-c33a-443d-8c8b-60234f52bd7d,/srv/fim-watch/gen_00357.txt,file_deleted,alert_only,high,2026-09-18 00:11:04.842612+00,2026-09-18 00:13:36.662174+00
ad6b2950-bb31-4548-9a80-91a56b934f65,/srv/fim-watch/critico/gen_00222.txt,file_modified,alert_only,critical,2026-09-18 00:11:04.943186+00,2026-09-18 00:13:36.675831+00
256fe46d-e465-4a75-98b0-19beb39d8860,/srv/fim-watch/critico/gen_00222.txt,file_modified,alert_only,critical,2026-09-18 00:11:05.042697+00,2026-09-18 00:13:36.690607+00
a96275cf-50e2-4bb0-81b7-d7dfe40d884a,/srv/fim-watch/gen_00259.txt,file_modified,alert_only,high,2026-09-18 00:11:05.14334+00,2026-09-18 00:13:36.708802+00
7395468e-2011-42a4-a6ec-20bc0515d94c,/srv/fim-watch/gen_00373.txt,file_modified,alert_only,high,2026-09-18 00:11:05.242817+00,2026-09-18 00:13:36.726679+00
001379f6-b7aa-49bd-ac8b-87320ab92038,/srv/fim-watch/gen_00373.txt,file_deleted,alert_only,high,2026-09-18 00:11:05.342643+00,2026-09-18 00:13:36.745347+00
9b7c3c9c-85cd-4fa6-b4ec-06fbfd5db480,/srv/fim-watch/critico/gen_00374.txt,file_modified,alert_only,critical,2026-09-18 00:11:05.443156+00,2026-09-18 00:13:36.762879+00
48c55d82-4059-41f3-93ee-f979fb0d7c2e,/srv/fim-watch/critico/gen_00374.txt,file_deleted,alert_only,critical,2026-09-18 00:11:05.543158+00,2026-09-18 00:13:36.776119+00
55b18c8c-85dd-4082-85ed-aa9bcdcae48f,/srv/fim-watch/critico/gen_00333.txt,file_modified,alert_only,critical,2026-09-18 00:11:05.643115+00,2026-09-18 00:13:36.78814+00
d22c5a91-9a3a-4210-bf6c-a80f9b742d04,/srv/fim-watch/gen_00071.txt,file_modified,alert_only,high,2026-09-18 00:11:05.742682+00,2026-09-18 00:13:36.80127+00
ad5a415b-7bd2-4df1-8619-f2ed12d9feec,/srv/fim-watch/gen_00375.txt,file_modified,alert_only,high,2026-09-18 00:11:05.842706+00,2026-09-18 00:13:36.814531+00
4cdfadc2-8c9a-4a72-9239-e53ee310f0c2,/srv/fim-watch/critico/gen_00222.txt,file_modified,alert_only,critical,2026-09-18 00:11:05.943211+00,2026-09-18 00:13:36.827128+00
d2c1efba-92fc-43c4-bdc6-7b07bfbe8928,/srv/fim-watch/gen_00298.txt,file_modified,alert_only,high,2026-09-18 00:11:06.042662+00,2026-09-18 00:13:36.840756+00
4faeed91-1879-4737-8bce-a05f94b537d9,/srv/fim-watch/gen_00376.txt,file_modified,alert_only,high,2026-09-18 00:11:06.143291+00,2026-09-18 00:13:36.855043+00
0f75e933-11de-4b42-a834-c6912b7ed481,/srv/fim-watch/gen_00376.txt,file_deleted,alert_only,high,2026-09-18 00:11:06.243196+00,2026-09-18 00:13:36.868361+00
ff4eb34d-d7d5-4170-9ef8-1b25cab43c20,/srv/fim-watch/gen_00128.txt,file_modified,alert_only,high,2026-09-18 00:11:06.342491+00,2026-09-18 00:13:36.88368+00
0d1eabcf-43dd-45da-add3-90ac8c299b0e,/srv/fim-watch/gen_00377.txt,file_modified,alert_only,high,2026-09-18 00:11:06.442439+00,2026-09-18 00:13:36.898509+00
ae29c582-4bdf-4064-9841-fd3828041759,/srv/fim-watch/gen_00378.txt,file_modified,alert_only,high,2026-09-18 00:11:06.542689+00,2026-09-18 00:13:36.912336+00
2fa39cc5-c250-4fd8-88c5-f85616ff7640,/srv/fim-watch/gen_00378.txt,file_deleted,alert_only,high,2026-09-18 00:11:06.643169+00,2026-09-18 00:13:36.92499+00
6577ee55-2b3a-427e-9628-8581aee04005,/srv/fim-watch/gen_00196.txt,file_modified,alert_only,high,2026-09-18 00:11:06.743055+00,2026-09-18 00:13:36.946953+00
44f44108-dabc-4f3f-9bec-c444cba4f038,/srv/fim-watch/gen_00196.txt,file_modified,alert_only,high,2026-09-18 00:11:06.842903+00,2026-09-18 00:13:36.95215+00
39389857-9cb0-4e59-a4f1-84ff1e38c954,/srv/fim-watch/critico/gen_00336.txt,file_modified,alert_only,critical,2026-09-18 00:11:06.943187+00,2026-09-18 00:13:36.965263+00
dc4822b1-eb98-4bab-8841-aa246d5b62da,/srv/fim-watch/critico/gen_00379.txt,file_modified,alert_only,critical,2026-09-18 00:11:07.042207+00,2026-09-18 00:13:36.979348+00
65c547a1-1365-4dff-9bab-9f4c80a0cc3c,/srv/fim-watch/critico/gen_00345.txt,file_modified,alert_only,critical,2026-09-18 00:11:07.143445+00,2026-09-18 00:13:36.994535+00
74fc71d1-c4a5-4cf7-855c-cc774971aee9,/srv/fim-watch/gen_00203.txt,file_modified,alert_only,high,2026-09-18 00:11:07.242704+00,2026-09-18 00:13:37.010622+00
e5e0a2c8-f9c1-4a82-998d-1a9df12dfaf8,/srv/fim-watch/gen_00380.txt,file_modified,alert_only,high,2026-09-18 00:11:07.342655+00,2026-09-18 00:13:37.024627+00
015a5c58-d6a8-4668-b062-8c81fcb98105,/srv/fim-watch/gen_00380.txt,file_deleted,alert_only,high,2026-09-18 00:11:07.442375+00,2026-09-18 00:13:37.039202+00
43a04f1a-4b6b-44d3-bb17-f288d63fed07,/srv/fim-watch/gen_00266.txt,file_modified,alert_only,high,2026-09-18 00:11:07.543176+00,2026-09-18 00:13:37.052666+00
6729fdb2-256a-40e8-a235-2d5f4699b03b,/srv/fim-watch/gen_00064.txt,file_modified,alert_only,high,2026-09-18 00:11:07.643265+00,2026-09-18 00:13:37.06837+00
f8809306-af21-4300-a82b-836bd6ccbd73,/srv/fim-watch/gen_00362.txt,file_deleted,alert_only,high,2026-09-18 00:11:07.742988+00,2026-09-18 00:13:37.082221+00
2b8cdc56-e55d-4ed1-b3ca-199f1061cec1,/srv/fim-watch/gen_00366.txt,file_modified,alert_only,high,2026-09-18 00:11:07.842936+00,2026-09-18 00:13:37.097842+00
057cdfd8-933d-49a4-be95-1e146a31d7f9,/srv/fim-watch/gen_00291.txt,file_modified,alert_only,high,2026-09-18 00:11:07.943158+00,2026-09-18 00:13:37.115306+00
55d64c5e-ab0c-49a4-8e3e-c55af9314a31,/srv/fim-watch/gen_00295.txt,file_modified,alert_only,high,2026-09-18 00:11:08.043003+00,2026-09-18 00:13:37.128428+00
708b2d39-546a-464d-9046-182d2e49202f,/srv/fim-watch/gen_00240.txt,file_modified,alert_only,high,2026-09-18 00:11:08.143038+00,2026-09-18 00:13:37.141525+00
fa36bccc-f097-4ba6-ba78-471a810e17a1,/srv/fim-watch/gen_00311.txt,file_modified,alert_only,high,2026-09-18 00:11:08.243176+00,2026-09-18 00:13:37.156099+00
57719418-7a1f-4aa2-bbbf-937465f2a3b6,/srv/fim-watch/gen_00311.txt,file_modified,alert_only,high,2026-09-18 00:11:08.342731+00,2026-09-18 00:13:37.175643+00
6c1b5065-e51a-4495-96d3-95e4f5c4ce3b,/srv/fim-watch/gen_00311.txt,file_modified,alert_only,high,2026-09-18 00:11:08.443274+00,2026-09-18 00:13:37.191953+00
3e16cbd0-5e77-4dee-bf1c-820554e419a7,/srv/fim-watch/gen_00311.txt,file_modified,alert_only,high,2026-09-18 00:11:08.543113+00,2026-09-18 00:13:37.204852+00
771e9826-c430-4f18-99a1-611bcabca2d2,/srv/fim-watch/gen_00311.txt,file_modified,alert_only,high,2026-09-18 00:11:08.643164+00,2026-09-18 00:13:37.217522+00
3100aff0-ef11-49aa-b356-587a1064acf9,/srv/fim-watch/gen_00134.txt,file_modified,alert_only,high,2026-09-18 00:11:08.742634+00,2026-09-18 00:13:37.232012+00
35b22c92-9745-4eaa-90b4-b4c81741afb2,/srv/fim-watch/gen_00134.txt,file_modified,alert_only,high,2026-09-18 00:11:08.842936+00,2026-09-18 00:13:37.245455+00
4669d85a-e1ce-4f9e-a723-3868dadd3326,/srv/fim-watch/gen_00381.txt,file_modified,alert_only,high,2026-09-18 00:11:08.942639+00,2026-09-18 00:13:37.258308+00
cf7cd5d9-9a59-4583-9f1d-49c37eef4be6,/srv/fim-watch/gen_00366.txt,file_modified,alert_only,high,2026-09-18 00:11:09.042963+00,2026-09-18 00:13:37.272272+00
ededadd2-ac1b-4512-a93d-4b11eb475024,/srv/fim-watch/gen_00252.txt,file_deleted,alert_only,high,2026-09-18 00:11:09.142629+00,2026-09-18 00:13:37.288292+00
bf0c943b-0544-4fc4-9aef-1b5dc735d63e,/srv/fim-watch/critico/gen_00382.txt,file_modified,alert_only,critical,2026-09-18 00:11:09.242536+00,2026-09-18 00:13:37.304587+00
b7a8269e-94df-4ec6-971a-857bc456041c,/srv/fim-watch/critico/gen_00382.txt,file_deleted,alert_only,critical,2026-09-18 00:11:09.342786+00,2026-09-18 00:13:37.320158+00
c9f026db-90dc-41ef-8c6a-61bcb5c9a734,/srv/fim-watch/gen_00355.txt,file_modified,alert_only,high,2026-09-18 00:11:09.542472+00,2026-09-18 00:13:37.336467+00
16aefa88-837e-4b19-a525-b371e96152e4,/srv/fim-watch/gen_00071.txt,file_deleted,alert_only,high,2026-09-18 00:11:09.74159+00,2026-09-18 00:13:37.50717+00
8a162ea1-3f71-4bf6-957a-d9be2dd66e85,/srv/fim-watch/gen_00178.txt,file_deleted,alert_only,high,2026-09-18 00:11:09.841518+00,2026-09-18 00:13:37.630217+00
6563a3b6-f33b-407e-86c8-15249db6e718,/srv/fim-watch/critico/gen_00351.txt,file_modified,alert_only,critical,2026-09-18 00:11:09.942013+00,2026-09-18 00:13:37.75482+00
baff6b9a-39ae-4355-8ec9-5702ccf9666a,/srv/fim-watch/gen_00161.txt,file_deleted,alert_only,high,2026-09-18 00:11:10.041633+00,2026-09-18 00:13:37.88311+00
5f8d7577-ef4b-4cd5-9514-665b32d3ebcc,/srv/fim-watch/gen_00294.txt,file_deleted,alert_only,high,2026-09-18 00:11:10.141678+00,2026-09-18 00:13:38.007475+00
8bb046c7-7c36-401a-8f91-e54c05a0c50c,/srv/fim-watch/gen_00230.txt,file_modified,alert_only,high,2026-09-18 00:11:10.242526+00,2026-09-18 00:13:38.145171+00
4222d5bb-37d1-4156-a480-2d4ab4702a9d,/srv/fim-watch/gen_00385.txt,file_modified,alert_only,high,2026-09-18 00:11:10.342814+00,2026-09-18 00:13:38.195787+00
826a1b05-268f-4e25-9c81-a020d053f34e,/srv/fim-watch/gen_00365.txt,file_modified,alert_only,high,2026-09-18 00:11:10.543087+00,2026-09-18 00:13:38.201829+00
be788a60-3ec9-454c-8b80-d915ce4df979,/srv/fim-watch/gen_00352.txt,file_modified,alert_only,high,2026-09-18 00:11:10.642548+00,2026-09-18 00:13:38.21945+00
7d2710c1-5520-4fa6-b6be-ddd36765cfad,/srv/fim-watch/gen_00193.txt,file_modified,alert_only,high,2026-09-18 00:11:10.742978+00,2026-09-18 00:13:38.238724+00
fe5d1069-0b11-4f24-9800-ac587b2367a9,/srv/fim-watch/gen_00193.txt,file_modified,alert_only,high,2026-09-18 00:11:10.842748+00,2026-09-18 00:13:38.255991+00
551b12cc-a591-4b7b-823a-3ac9691a5f4f,/srv/fim-watch/gen_00231.txt,file_modified,alert_only,high,2026-09-18 00:11:10.943197+00,2026-09-18 00:13:38.273342+00
f1443e31-f432-4e88-8a5a-43004fbad7e3,/srv/fim-watch/gen_00231.txt,file_modified,alert_only,high,2026-09-18 00:11:11.042798+00,2026-09-18 00:13:38.301308+00
aa31ecd5-ab5d-47ca-b8bf-cbe532d408ca,/srv/fim-watch/gen_00387.txt,file_modified,alert_only,high,2026-09-18 00:11:11.143126+00,2026-09-18 00:13:38.308085+00
1a308a77-127d-4e93-90e4-a468e57450f2,/srv/fim-watch/gen_00282.txt,file_modified,alert_only,high,2026-09-18 00:11:11.242216+00,2026-09-18 00:13:38.32796+00
0bfcfb27-40e5-4787-a933-3882743f3731,/srv/fim-watch/gen_00388.txt,file_modified,alert_only,high,2026-09-18 00:11:11.342374+00,2026-09-18 00:13:38.345673+00
3b6972db-1c74-43ca-bf51-ee4881e9c66d,/srv/fim-watch/gen_00192.txt,file_deleted,alert_only,high,2026-09-18 00:11:11.442444+00,2026-09-18 00:13:38.367801+00
837829cd-554e-4f12-9049-422b083d18e5,/srv/fim-watch/critico/gen_00351.txt,file_modified,alert_only,critical,2026-09-18 00:11:11.541942+00,2026-09-18 00:13:38.380446+00
0e0fc3e7-62f0-468d-9e44-8255498033c0,/srv/fim-watch/critico/gen_00053.txt,file_modified,alert_only,critical,2026-09-18 00:11:11.643048+00,2026-09-18 00:13:38.394393+00
8633b439-7a5b-4fbf-b38d-b95c2565ba60,/srv/fim-watch/gen_00389.txt,file_modified,alert_only,high,2026-09-18 00:11:11.742698+00,2026-09-18 00:13:38.408141+00
f4b970f9-f7c2-4a0a-90f2-808f5f29a33b,/srv/fim-watch/gen_00264.txt,file_modified,alert_only,high,2026-09-18 00:11:11.842632+00,2026-09-18 00:13:38.422425+00
39a337b6-992a-4cc9-93bc-90c108901092,/srv/fim-watch/critico/gen_00053.txt,file_modified,alert_only,critical,2026-09-18 00:11:11.943292+00,2026-09-18 00:13:38.434771+00
2a04f3f4-d988-47ae-9603-eca044459d5b,/srv/fim-watch/gen_00152.txt,file_modified,alert_only,high,2026-09-18 00:11:12.042655+00,2026-09-18 00:13:38.44749+00
009f8a74-c251-4d47-a5bb-e0e22560d0b0,/srv/fim-watch/gen_00125.txt,file_modified,alert_only,high,2026-09-18 00:11:12.142576+00,2026-09-18 00:13:38.46027+00
15c9f7f3-1536-4f39-9cd8-899b0d6d0eeb,/srv/fim-watch/gen_00235.txt,file_modified,alert_only,high,2026-09-18 00:11:12.243196+00,2026-09-18 00:13:38.475016+00
80942336-4cdc-4b51-9a66-253dd020bf81,/srv/fim-watch/gen_00235.txt,file_modified,alert_only,high,2026-09-18 00:11:12.342748+00,2026-09-18 00:13:38.49128+00
0b50a7d2-0363-47be-90d0-8a05e6a7571d,/srv/fim-watch/critico/gen_00304.txt,file_modified,alert_only,critical,2026-09-18 00:11:12.443699+00,2026-09-18 00:13:38.506001+00
7e27fc20-4d2e-4865-ab67-54cb7be45dfd,/srv/fim-watch/gen_00303.txt,file_modified,alert_only,high,2026-09-18 00:11:12.543175+00,2026-09-18 00:13:38.519904+00
71295826-2861-45dd-9323-97d72a2e26cb,/srv/fim-watch/gen_00165.txt,file_modified,alert_only,high,2026-09-18 00:11:12.642717+00,2026-09-18 00:13:38.534232+00
92961025-dd8b-4432-a0e1-b3d1c11f4a4d,/srv/fim-watch/gen_00365.txt,file_modified,alert_only,high,2026-09-18 00:11:12.74346+00,2026-09-18 00:13:38.549714+00
ff481182-81e9-42e9-a15e-ee225d949194,/srv/fim-watch/gen_00105.txt,file_modified,alert_only,high,2026-09-18 00:11:12.843351+00,2026-09-18 00:13:38.565565+00
f938ef2e-0d82-44fc-a9c7-52f48f72b53b,/srv/fim-watch/gen_00386.txt,file_modified,alert_only,high,2026-09-18 00:11:12.942835+00,2026-09-18 00:13:38.582059+00
a732dbcf-13da-44ea-b5e0-1182866be91f,/srv/fim-watch/critico/gen_00390.txt,file_modified,alert_only,critical,2026-09-18 00:11:13.042892+00,2026-09-18 00:13:38.597649+00
0d91fbaf-8521-445f-8b3f-cea67467328f,/srv/fim-watch/critico/gen_00390.txt,file_deleted,alert_only,critical,2026-09-18 00:11:13.143024+00,2026-09-18 00:13:38.612551+00
e6af448e-e305-48dc-b2f2-31541887e697,/srv/fim-watch/gen_00179.txt,file_modified,alert_only,high,2026-09-18 00:11:13.243146+00,2026-09-18 00:13:38.626589+00
533e31ff-2411-41f4-9139-ab54f4e848c2,/srv/fim-watch/gen_00179.txt,file_modified,alert_only,high,2026-09-18 00:11:13.342968+00,2026-09-18 00:13:38.641169+00
a8b3e333-c04b-4271-b563-ff512dc8df0a,/srv/fim-watch/gen_00179.txt,file_modified,alert_only,high,2026-09-18 00:11:13.443231+00,2026-09-18 00:13:38.656656+00
a760079e-ba7f-4119-81e9-24889d313e47,/srv/fim-watch/gen_00179.txt,file_modified,alert_only,high,2026-09-18 00:11:13.543288+00,2026-09-18 00:13:38.67144+00
b97b3503-8d44-4d51-ad9c-22a309e17549,/srv/fim-watch/gen_00179.txt,file_modified,alert_only,high,2026-09-18 00:11:13.643294+00,2026-09-18 00:13:38.686733+00
49b807d3-50f5-4cf0-990a-21737c717d2f,/srv/fim-watch/gen_00230.txt,file_modified,alert_only,high,2026-09-18 00:11:13.743371+00,2026-09-18 00:13:38.70235+00
b6c23774-e330-48b7-ac3d-7309c16e14fc,/srv/fim-watch/gen_00098.txt,file_modified,alert_only,high,2026-09-18 00:11:13.842304+00,2026-09-18 00:13:38.717782+00
a2a71215-10c8-4459-a5dd-ba27fbbf53bf,/srv/fim-watch/gen_00166.txt,file_modified,alert_only,high,2026-09-18 00:11:13.942416+00,2026-09-18 00:13:38.733735+00
3376405f-876b-4260-b5e3-255b71b0bd0c,/srv/fim-watch/gen_00166.txt,file_modified,alert_only,high,2026-09-18 00:11:14.042437+00,2026-09-18 00:13:38.749227+00
ecdb2a25-8233-4545-91fa-5f5cae23ca44,/srv/fim-watch/critico/gen_00189.txt,file_modified,alert_only,critical,2026-09-18 00:11:14.142714+00,2026-09-18 00:13:38.764789+00
5922119a-fc0e-4bac-80fd-05bc5d907058,/srv/fim-watch/gen_00264.txt,file_deleted,alert_only,high,2026-09-18 00:11:14.242659+00,2026-09-18 00:13:38.780424+00
a342321c-7b02-4999-86cc-cde939a42495,/srv/fim-watch/critico/gen_00392.txt,file_modified,alert_only,critical,2026-09-18 00:11:14.443057+00,2026-09-18 00:13:38.798575+00
92662cfb-48cf-4cc5-b324-dbe2794de5d9,/srv/fim-watch/gen_00260.txt,file_deleted,alert_only,high,2026-09-18 00:11:14.542921+00,2026-09-18 00:13:38.814981+00
ccdbca78-52e9-4780-a77b-7ab43ad0f277,/srv/fim-watch/gen_00293.txt,file_modified,alert_only,high,2026-09-18 00:11:14.642942+00,2026-09-18 00:13:38.831038+00
e70f228f-34fd-42f1-bf9e-93f9bea89f16,/srv/fim-watch/gen_00250.txt,file_modified,alert_only,high,2026-09-18 00:11:14.743057+00,2026-09-18 00:13:38.8472+00
2e032bdb-53a9-42e4-a9f1-f1fe4b9c45e5,/srv/fim-watch/gen_00166.txt,file_modified,alert_only,high,2026-09-18 00:11:14.84279+00,2026-09-18 00:13:38.863228+00
558bad74-c46c-47d7-9b1b-66829426d961,/srv/fim-watch/gen_00179.txt,file_modified,alert_only,high,2026-09-18 00:11:14.942559+00,2026-09-18 00:13:38.879577+00
7e3ffaf7-129a-4681-8d37-c783ce2a5b4d,/srv/fim-watch/gen_00348.txt,file_deleted,alert_only,high,2026-09-18 00:11:15.042459+00,2026-09-18 00:13:38.895754+00
9a6b890b-097b-460e-97d4-3142dce388f6,/srv/fim-watch/gen_00232.txt,file_modified,alert_only,high,2026-09-18 00:11:15.143204+00,2026-09-18 00:13:38.9116+00
7b6a1120-9104-4642-9597-29b1d67c018e,/srv/fim-watch/gen_00393.txt,file_modified,alert_only,high,2026-09-18 00:11:15.242602+00,2026-09-18 00:13:38.92728+00
2537d123-0c05-4a67-8789-fc5cc7475881,/srv/fim-watch/gen_00320.txt,file_modified,alert_only,high,2026-09-18 00:11:15.344116+00,2026-09-18 00:13:38.992588+00
6a0ef4cd-8a09-4fbf-9c95-6488f104fdd0,/srv/fim-watch/critico/gen_00354.txt,file_modified,alert_only,critical,2026-09-18 00:11:15.44547+00,2026-09-18 00:13:39.050986+00
fc9a1885-9e5a-4517-913b-afc366825bb7,/srv/fim-watch/gen_00256.txt,file_modified,alert_only,high,2026-09-18 00:11:15.541983+00,2026-09-18 00:13:39.125196+00
bfe81fa6-dd72-4892-b5b5-72461a24f302,/srv/fim-watch/gen_00394.txt,file_created,alert_only,high,2026-09-18 00:11:15.641832+00,2026-09-18 00:13:39.219097+00
ff936901-0a22-4c67-9649-3031b0344b58,/srv/fim-watch/critico/gen_00379.txt,file_modified,alert_only,critical,2026-09-18 00:11:15.741926+00,2026-09-18 00:13:39.32046+00
7309c328-26ad-4516-a60b-0265dc29c33a,/srv/fim-watch/critico/gen_00379.txt,file_modified,alert_only,critical,2026-09-18 00:11:15.841942+00,2026-09-18 00:13:39.44119+00
3eee2d09-ae98-4509-9a48-ea7fee8930ab,/srv/fim-watch/critico/gen_00379.txt,file_modified,alert_only,critical,2026-09-18 00:11:15.941733+00,2026-09-18 00:13:39.5711+00
9d681a51-9a2d-4e4d-8fad-fb6d8e1c4768,/srv/fim-watch/critico/gen_00379.txt,file_modified,alert_only,critical,2026-09-18 00:11:16.041709+00,2026-09-18 00:13:39.722745+00
bf6b323e-64f3-47f0-a20f-00aa003fb39d,/srv/fim-watch/critico/gen_00379.txt,file_modified,alert_only,critical,2026-09-18 00:11:16.142891+00,2026-09-18 00:13:39.810464+00
5644e59b-bf24-4622-b36b-6ec61d7b7980,/srv/fim-watch/gen_00364.txt,file_modified,alert_only,high,2026-09-18 00:11:16.242942+00,2026-09-18 00:13:39.819375+00
8146424e-cc41-417a-a6bf-ce24e818669a,/srv/fim-watch/gen_00395.txt,file_modified,alert_only,high,2026-09-18 00:11:16.34292+00,2026-09-18 00:13:39.838864+00
97253117-d661-4be3-b491-757f0477037c,/srv/fim-watch/gen_00096.txt,file_modified,alert_only,high,2026-09-18 00:11:16.442973+00,2026-09-18 00:13:39.857803+00
527c9d16-f123-49de-9e7c-3cb50264aef1,/srv/fim-watch/gen_00396.txt,file_modified,alert_only,high,2026-09-18 00:11:16.54218+00,2026-09-18 00:13:39.877546+00
545d39ac-69ab-4435-88f8-19db6b039992,/srv/fim-watch/critico/gen_00189.txt,file_modified,alert_only,critical,2026-09-18 00:11:16.642548+00,2026-09-18 00:13:39.896901+00
378c13a0-bc97-40d5-bffe-b75207248b9b,/srv/fim-watch/gen_00266.txt,file_modified,alert_only,high,2026-09-18 00:11:16.74297+00,2026-09-18 00:13:39.916378+00
17ad7d42-33fa-4746-ab1e-ea9380b56100,/srv/fim-watch/gen_00171.txt,file_modified,alert_only,high,2026-09-18 00:11:16.842656+00,2026-09-18 00:13:39.936061+00
89570210-92a6-4656-8d0b-83307d4ea374,/srv/fim-watch/gen_00313.txt,file_modified,alert_only,high,2026-09-18 00:11:16.943003+00,2026-09-18 00:13:39.953568+00
b3ff1aa9-8570-437b-ad22-6681fbd5afee,/srv/fim-watch/gen_00316.txt,file_modified,alert_only,high,2026-09-18 00:11:17.043033+00,2026-09-18 00:13:39.970889+00
fc17430c-1408-4fdf-8f73-359b45caf87b,/srv/fim-watch/gen_00316.txt,file_modified,alert_only,high,2026-09-18 00:11:17.142472+00,2026-09-18 00:13:39.988232+00
221d3356-76e9-4bba-ae41-7a4fb546c7bc,/srv/fim-watch/gen_00149.txt,file_modified,alert_only,high,2026-09-18 00:11:17.242413+00,2026-09-18 00:13:40.005644+00
f488eba9-9c5f-4321-a671-fe579fc891f4,/srv/fim-watch/gen_00397.txt,file_modified,alert_only,high,2026-09-18 00:11:17.34278+00,2026-09-18 00:13:40.021898+00
715dd7f5-2ee5-43b0-9ba4-3c657fc0998a,/srv/fim-watch/critico/gen_00398.txt,file_modified,alert_only,critical,2026-09-18 00:11:17.442717+00,2026-09-18 00:13:40.038282+00
1e3bb9f9-7cdf-4807-b35f-430f8443f284,/srv/fim-watch/critico/gen_00342.txt,file_modified,alert_only,critical,2026-09-18 00:11:17.543285+00,2026-09-18 00:13:40.054665+00
18b6ea7d-bb12-4937-8295-69f0625c8992,/srv/fim-watch/gen_00062.txt,file_modified,alert_only,high,2026-09-18 00:11:17.642933+00,2026-09-18 00:13:40.070928+00
53fda545-286a-44ed-b307-798dad2172df,/srv/fim-watch/critico/gen_00399.txt,file_created,alert_only,critical,2026-09-18 00:11:17.742742+00,2026-09-18 00:13:40.087957+00
b4aeebd3-5b80-4a7c-96ab-16135cd68ce3,/srv/fim-watch/critico/gen_00399.txt,file_deleted,alert_only,critical,2026-09-18 00:11:17.842995+00,2026-09-18 00:13:40.104048+00
e8c70ec2-556f-4ef1-a03b-c5854bbcf47b,/srv/fim-watch/gen_00115.txt,file_modified,alert_only,high,2026-09-18 00:11:17.942838+00,2026-09-18 00:13:40.119989+00
dd70f305-f8f0-4254-a81b-eb46f6f4cf47,/srv/fim-watch/gen_00171.txt,file_deleted,alert_only,high,2026-09-18 00:11:18.043104+00,2026-09-18 00:13:40.136697+00
a1124861-86eb-4faa-919c-5be80e444be2,/srv/fim-watch/gen_00136.txt,file_modified,alert_only,high,2026-09-18 00:11:18.143074+00,2026-09-18 00:13:40.154718+00
0d80e8b3-a697-4b2a-9c46-4dae314b20d9,/srv/fim-watch/gen_00365.txt,file_modified,alert_only,high,2026-09-18 00:11:18.243184+00,2026-09-18 00:13:40.171237+00
759ad0d5-1cec-43e5-9893-444ed646bc2f,/srv/fim-watch/gen_00241.txt,file_modified,alert_only,high,2026-09-18 00:11:18.342901+00,2026-09-18 00:13:40.18788+00
37fb01ec-edc6-41d9-b277-d920288dfe58,/srv/fim-watch/gen_00401.txt,file_modified,alert_only,high,2026-09-18 00:11:18.542781+00,2026-09-18 00:13:40.204587+00
5665595e-0973-4fb2-9947-3ce97b6dc656,/srv/fim-watch/gen_00402.txt,file_modified,alert_only,high,2026-09-18 00:11:18.64337+00,2026-09-18 00:13:40.221106+00
40cb0763-dc2f-45c9-99ee-221c88589eae,/srv/fim-watch/gen_00403.txt,file_modified,alert_only,high,2026-09-18 00:11:18.742809+00,2026-09-18 00:13:40.238766+00
ae4cc94b-bda7-4b7b-81d0-97afbcc5506a,/srv/fim-watch/critico/gen_00361.txt,file_modified,alert_only,critical,2026-09-18 00:11:18.843104+00,2026-09-18 00:13:40.254331+00
521ef057-6843-4d59-af58-638faaca9b07,/srv/fim-watch/gen_00388.txt,file_modified,alert_only,high,2026-09-18 00:11:18.942686+00,2026-09-18 00:13:40.270397+00
4799ccb4-fb26-4a27-adfd-bbd60fd86990,/srv/fim-watch/critico/gen_00184.txt,file_modified,alert_only,critical,2026-09-18 00:11:19.042823+00,2026-09-18 00:13:40.287095+00
dc9696bf-5c77-422d-9b8b-d3bff14f4a94,/srv/fim-watch/gen_00404.txt,file_modified,alert_only,high,2026-09-18 00:11:19.142542+00,2026-09-18 00:13:40.304371+00
f96cd31d-e1b7-416e-8709-8767e6324884,/srv/fim-watch/gen_00405.txt,file_modified,alert_only,high,2026-09-18 00:11:19.242716+00,2026-09-18 00:13:40.321469+00
afc4368f-133b-4a59-9734-80aaf2efdebf,/srv/fim-watch/critico/gen_00333.txt,file_deleted,alert_only,critical,2026-09-18 00:11:19.343053+00,2026-09-18 00:13:40.338325+00
27efc6db-678c-4e82-bdd9-d3d0fc537a5e,/srv/fim-watch/gen_00226.txt,file_modified,alert_only,high,2026-09-18 00:11:19.442745+00,2026-09-18 00:13:40.351364+00
ba398d86-b8b6-4d98-8e66-3986e1b58157,/srv/fim-watch/gen_00174.txt,file_modified,alert_only,high,2026-09-18 00:11:19.543367+00,2026-09-18 00:13:40.364589+00
7523c643-0204-45cd-b039-eba2171f3841,/srv/fim-watch/critico/gen_00332.txt,file_modified,alert_only,critical,2026-09-18 00:11:19.643386+00,2026-09-18 00:13:40.375886+00
1121ab80-078f-47db-8a32-cc8df26b6fd0,/srv/fim-watch/gen_00177.txt,file_deleted,alert_only,high,2026-09-18 00:11:19.741756+00,2026-09-18 00:13:40.389934+00
85983eb2-c78d-4f75-8dc8-91e75fdcd107,/srv/fim-watch/critico/gen_00345.txt,file_modified,alert_only,critical,2026-09-18 00:11:19.842751+00,2026-09-18 00:13:40.406663+00
0fabd17c-3ebe-48b9-9baa-5ede9357c6a1,/srv/fim-watch/critico/gen_00345.txt,file_modified,alert_only,critical,2026-09-18 00:11:19.942487+00,2026-09-18 00:13:40.422815+00
6c8332a3-c2c1-4446-a762-279809e0cef0,/srv/fim-watch/critico/gen_00353.txt,file_modified,alert_only,critical,2026-09-18 00:11:20.042694+00,2026-09-18 00:13:40.439068+00
76de6303-4a61-4a09-abaa-f655bb64baaa,/srv/fim-watch/critico/gen_00242.txt,file_modified,alert_only,critical,2026-09-18 00:11:20.142961+00,2026-09-18 00:13:40.464811+00
d39da5a2-9d5d-4dc3-bf45-811f227ca1d6,/srv/fim-watch/gen_00259.txt,file_modified,alert_only,high,2026-09-18 00:11:20.242988+00,2026-09-18 00:13:40.471677+00
0a6db26f-8216-4bc3-b35c-ca30cd15675f,/srv/fim-watch/gen_00314.txt,file_modified,alert_only,high,2026-09-18 00:11:20.342823+00,2026-09-18 00:13:40.489373+00
8999b7eb-e3ea-40da-97d4-b00cfce4717a,/srv/fim-watch/gen_00275.txt,file_modified,alert_only,high,2026-09-18 00:11:20.442532+00,2026-09-18 00:13:40.505337+00
15575601-9a9f-4857-ae41-7453ccc446d9,/srv/fim-watch/gen_00115.txt,file_modified,alert_only,high,2026-09-18 00:11:20.542745+00,2026-09-18 00:13:40.520681+00
ad62ef5d-5115-431a-b598-7909c6ae8546,/srv/fim-watch/gen_00175.txt,file_modified,alert_only,high,2026-09-18 00:11:20.642605+00,2026-09-18 00:13:40.536224+00
d5606d6c-f891-44ed-92b6-6b6047b7d96a,/srv/fim-watch/critico/gen_00156.txt,file_modified,alert_only,critical,2026-09-18 00:11:20.743217+00,2026-09-18 00:13:40.551986+00
a04730e7-a1f9-4794-acdb-0785ba6a7dc9,/srv/fim-watch/gen_00406.txt,file_modified,alert_only,high,2026-09-18 00:11:20.842623+00,2026-09-18 00:13:40.566563+00
c99537c1-bcff-442e-83ca-6d670a4e59fe,/srv/fim-watch/gen_00136.txt,file_modified,alert_only,high,2026-09-18 00:11:20.942247+00,2026-09-18 00:13:40.579962+00
91bcd06f-bf53-4fda-aa39-fe3141287e0b,/srv/fim-watch/gen_00407.txt,file_modified,alert_only,high,2026-09-18 00:11:21.042667+00,2026-09-18 00:13:40.593756+00
b1721522-84d2-473e-9cfe-92b6319c97e3,/srv/fim-watch/gen_00199.txt,file_modified,alert_only,high,2026-09-18 00:11:21.142659+00,2026-09-18 00:13:40.626446+00
2a8230b4-586d-44e8-ac79-b1e5445b2db6,/srv/fim-watch/critico/gen_00312.txt,file_modified,alert_only,critical,2026-09-18 00:11:21.245058+00,2026-09-18 00:13:40.691864+00
e6a68955-e256-4e64-bc9a-6a413841a41e,/srv/fim-watch/gen_00316.txt,file_modified,alert_only,high,2026-09-18 00:11:21.3422+00,2026-09-18 00:13:40.772465+00
e1c919eb-48ea-4969-9eae-c9bd1e4e5035,/srv/fim-watch/critico/gen_00354.txt,file_modified,alert_only,critical,2026-09-18 00:11:21.442591+00,2026-09-18 00:13:40.88118+00
f234a2ff-3e11-4769-a51b-d6c4a4c9ad62,/srv/fim-watch/critico/gen_00408.txt,file_modified,alert_only,critical,2026-09-18 00:11:21.54237+00,2026-09-18 00:13:40.984936+00
e65c2a2b-f887-4b96-b4aa-9453454d4f5d,/srv/fim-watch/critico/gen_00310.txt,file_modified,alert_only,critical,2026-09-18 00:11:21.641562+00,2026-09-18 00:13:41.101286+00
c354b4d1-6e32-4cb6-82fb-9e7d8ff50468,/srv/fim-watch/gen_00271.txt,file_deleted,alert_only,high,2026-09-18 00:11:21.741791+00,2026-09-18 00:13:41.216327+00
bd565cf5-789b-47a1-875b-3d8f83397bd7,/srv/fim-watch/gen_00193.txt,file_modified,alert_only,high,2026-09-18 00:11:21.841592+00,2026-09-18 00:13:41.323818+00
d77b6e23-6f27-4136-a6e1-f285880ba0ec,/srv/fim-watch/gen_00036.txt,file_modified,alert_only,high,2026-09-18 00:11:21.942747+00,2026-09-18 00:13:41.353182+00
4dcdf163-95a2-4fd0-9ab2-c9d2a9c484f3,/srv/fim-watch/critico/gen_00251.txt,file_modified,alert_only,critical,2026-09-18 00:11:22.042706+00,2026-09-18 00:13:41.360705+00
227e1494-6776-4b71-a6e2-4caca353ff86,/srv/fim-watch/gen_00238.txt,file_modified,alert_only,high,2026-09-18 00:11:22.142098+00,2026-09-18 00:13:41.375142+00
c411210e-fac1-4432-9d58-dfdeee7b4032,/srv/fim-watch/gen_00257.txt,file_deleted,alert_only,high,2026-09-18 00:11:22.243066+00,2026-09-18 00:13:41.389493+00
fca7174f-4f86-425d-83fe-1e19c67e14aa,/srv/fim-watch/gen_00400.txt,file_modified,alert_only,high,2026-09-18 00:11:22.342765+00,2026-09-18 00:13:41.405732+00
9ea49778-8e1d-4f36-aaf0-617c4e250e28,/srv/fim-watch/gen_00400.txt,file_modified,alert_only,high,2026-09-18 00:11:22.442685+00,2026-09-18 00:13:41.422452+00
f0376edc-7110-42c1-b21f-74410ba95c8e,/srv/fim-watch/gen_00400.txt,file_modified,alert_only,high,2026-09-18 00:11:22.542592+00,2026-09-18 00:13:41.439257+00
1efdbab7-2a25-40f1-af18-4109b5f068ea,/srv/fim-watch/gen_00400.txt,file_modified,alert_only,high,2026-09-18 00:11:22.643152+00,2026-09-18 00:13:41.456301+00
c5a2c0d2-654d-4bc9-94bb-02bf782c2ba2,/srv/fim-watch/gen_00400.txt,file_modified,alert_only,high,2026-09-18 00:11:22.743226+00,2026-09-18 00:13:41.472377+00
40769134-d097-49c7-a987-0c1b82736cbd,/srv/fim-watch/critico/gen_00409.txt,file_modified,alert_only,critical,2026-09-18 00:11:22.842593+00,2026-09-18 00:13:41.48785+00
e65a7daa-9190-41b1-b127-59551625efdd,/srv/fim-watch/gen_00142.txt,file_modified,alert_only,high,2026-09-18 00:11:22.942907+00,2026-09-18 00:13:41.504092+00
7dfc57e0-264b-4d95-98a3-20b77740b10f,/srv/fim-watch/gen_00142.txt,file_modified,alert_only,high,2026-09-18 00:11:23.042307+00,2026-09-18 00:13:41.519721+00
9402baaa-3877-4350-9b87-295ceb05323a,/srv/fim-watch/gen_00410.txt,file_modified,alert_only,high,2026-09-18 00:11:23.142534+00,2026-09-18 00:13:41.536071+00
e81ea520-1501-4421-a2fa-78be9750d929,/srv/fim-watch/gen_00269.txt,file_modified,alert_only,high,2026-09-18 00:11:23.24261+00,2026-09-18 00:13:41.550597+00
c0df27f4-f39f-4156-8f3e-8f73cf9ed235,/srv/fim-watch/gen_00269.txt,file_modified,alert_only,high,2026-09-18 00:11:23.342592+00,2026-09-18 00:13:41.564635+00
b7fe8b5d-7368-4ad9-883d-f00c7678bff7,/srv/fim-watch/gen_00269.txt,file_modified,alert_only,high,2026-09-18 00:11:23.442979+00,2026-09-18 00:13:41.578875+00
300ff006-964a-4a16-87e7-c1ac9c56911e,/srv/fim-watch/gen_00269.txt,file_modified,alert_only,high,2026-09-18 00:11:23.542592+00,2026-09-18 00:13:41.593041+00
798720c6-7ce6-418a-aad5-1fe6b5230b01,/srv/fim-watch/gen_00269.txt,file_modified,alert_only,high,2026-09-18 00:11:23.642798+00,2026-09-18 00:13:41.607615+00
4895f3a6-bb1d-4f12-aa4c-eb1270c3c6fc,/srv/fim-watch/gen_00411.txt,file_modified,alert_only,high,2026-09-18 00:11:23.742737+00,2026-09-18 00:13:41.632991+00
2d0d1559-89ce-4ed1-9159-4c8845937fa2,/srv/fim-watch/gen_00412.txt,file_modified,alert_only,high,2026-09-18 00:11:23.842586+00,2026-09-18 00:13:41.639917+00
4206127b-a43c-47a9-bb16-5f611b4afb69,/srv/fim-watch/gen_00340.txt,file_deleted,alert_only,high,2026-09-18 00:11:23.942674+00,2026-09-18 00:13:41.657506+00
7c522a13-a331-443b-89c7-b7ce71dd64b5,/srv/fim-watch/gen_00231.txt,file_modified,alert_only,high,2026-09-18 00:11:24.042613+00,2026-09-18 00:13:41.674296+00
5682c5f6-e976-4f77-8041-7c964e4da0e1,/srv/fim-watch/critico/gen_00413.txt,file_modified,alert_only,critical,2026-09-18 00:11:24.142666+00,2026-09-18 00:13:41.690883+00
76c733b2-60d8-47fe-b054-e24c06217574,/srv/fim-watch/critico/gen_00347.txt,file_modified,alert_only,critical,2026-09-18 00:11:24.242489+00,2026-09-18 00:13:41.708052+00
5235a195-bb7f-499f-bc0e-8a1b5a3d3a81,/srv/fim-watch/gen_00203.txt,file_modified,alert_only,high,2026-09-18 00:11:24.342667+00,2026-09-18 00:13:41.724783+00
7e2e7233-cad0-4dd9-9d41-f1a59ae3c73c,/srv/fim-watch/gen_00203.txt,file_modified,alert_only,high,2026-09-18 00:11:24.442761+00,2026-09-18 00:13:41.741818+00
afeccea2-1fb3-4bfd-afc6-9bb169b26c6d,/srv/fim-watch/gen_00235.txt,file_modified,alert_only,high,2026-09-18 00:11:24.642505+00,2026-09-18 00:13:41.758589+00
544d3ebc-e054-45d7-be5b-d1e98b10f775,/srv/fim-watch/gen_00268.txt,file_modified,alert_only,high,2026-09-18 00:11:24.742676+00,2026-09-18 00:13:41.777651+00
02dd8470-26f5-4461-ac8a-63e57d2a02b1,/srv/fim-watch/critico/gen_00415.txt,file_modified,alert_only,critical,2026-09-18 00:11:24.842607+00,2026-09-18 00:13:41.789633+00
615c1e01-de17-4d01-ba2f-e0cfccb6e320,/srv/fim-watch/critico/gen_00272.txt,file_modified,alert_only,critical,2026-09-18 00:11:24.942817+00,2026-09-18 00:13:41.803615+00
f2b2e0d9-077c-49f6-9eb4-8b9424b91d5b,/srv/fim-watch/critico/gen_00409.txt,file_modified,alert_only,critical,2026-09-18 00:11:25.142644+00,2026-09-18 00:13:41.821487+00
c9ab8eb2-3d2b-4d7d-8f15-da58487e53cb,/srv/fim-watch/gen_00417.txt,file_modified,alert_only,high,2026-09-18 00:11:25.242496+00,2026-09-18 00:13:41.83721+00
233d733a-87aa-4759-9233-2bc63506657c,/srv/fim-watch/gen_00418.txt,file_modified,alert_only,high,2026-09-18 00:11:25.342622+00,2026-09-18 00:13:41.84888+00
64433227-082b-4be3-bb73-a2a470da3d47,/srv/fim-watch/gen_00265.txt,file_modified,alert_only,high,2026-09-18 00:11:25.442648+00,2026-09-18 00:13:41.861104+00
87c2cd5b-0427-40ef-a2f6-12dc0d13403f,/srv/fim-watch/gen_00265.txt,file_modified,alert_only,high,2026-09-18 00:11:25.542639+00,2026-09-18 00:13:41.873382+00
9c6de127-94cd-4b73-9f68-c9a945a09268,/srv/fim-watch/gen_00265.txt,file_modified,alert_only,high,2026-09-18 00:11:25.642448+00,2026-09-18 00:13:41.886072+00
5e37f885-d8bc-437d-ade8-9ff9dd0bdca5,/srv/fim-watch/gen_00265.txt,file_modified,alert_only,high,2026-09-18 00:11:25.742699+00,2026-09-18 00:13:41.901744+00
4a2dce7d-7de1-488b-873b-c42b953e299a,/srv/fim-watch/gen_00265.txt,file_modified,alert_only,high,2026-09-18 00:11:25.842998+00,2026-09-18 00:13:41.917303+00
c68940f8-c36f-41dd-9eea-694d37b2eb63,/srv/fim-watch/gen_00419.txt,file_modified,alert_only,high,2026-09-18 00:11:25.942845+00,2026-09-18 00:13:41.933479+00
4a238d77-bcbf-42c3-a36c-2f3286a87b96,/srv/fim-watch/gen_00349.txt,file_modified,alert_only,high,2026-09-18 00:11:26.042629+00,2026-09-18 00:13:41.94808+00
7c39acf2-aa76-447a-b21e-8e7f25b4f143,/srv/fim-watch/gen_00349.txt,file_modified,alert_only,high,2026-09-18 00:11:26.14266+00,2026-09-18 00:13:41.964747+00
3bede274-3ad5-4621-97f7-503fde570153,/srv/fim-watch/gen_00295.txt,file_deleted,alert_only,high,2026-09-18 00:11:26.242705+00,2026-09-18 00:13:41.980404+00
4ea86aea-ce95-4383-a864-e9bf8c5c508a,/srv/fim-watch/gen_00352.txt,file_modified,alert_only,high,2026-09-18 00:11:26.342713+00,2026-09-18 00:13:41.995846+00
6aeea714-7558-465f-8079-87403c44b298,/srv/fim-watch/critico/gen_00173.txt,file_modified,alert_only,critical,2026-09-18 00:11:26.442683+00,2026-09-18 00:13:42.011077+00
cd52c317-07d9-4196-a46d-4e9fb2f24f76,/srv/fim-watch/critico/gen_00173.txt,file_modified,alert_only,critical,2026-09-18 00:11:26.542962+00,2026-09-18 00:13:42.026322+00
1f84b358-25a9-4107-8ad5-970db5667361,/srv/fim-watch/gen_00420.txt,file_created,alert_only,high,2026-09-18 00:11:26.641981+00,2026-09-18 00:13:42.042317+00
44c257fd-eb2b-4f3f-bfd6-f6f25d6e9d0f,/srv/fim-watch/gen_00420.txt,file_deleted,alert_only,high,2026-09-18 00:11:26.742371+00,2026-09-18 00:13:42.05796+00
4a892b95-1175-442b-9042-1e6ad7eb3ce8,/srv/fim-watch/gen_00365.txt,file_modified,alert_only,high,2026-09-18 00:11:26.843001+00,2026-09-18 00:13:42.072774+00
f63ffad3-c507-4689-a9f3-13d39f021094,/srv/fim-watch/gen_00422.txt,file_modified,alert_only,high,2026-09-18 00:11:27.041907+00,2026-09-18 00:13:42.208562+00
8346e1f5-540b-4bba-afe8-0e538e7d8a84,/srv/fim-watch/gen_00136.txt,file_modified,alert_only,high,2026-09-18 00:11:27.142658+00,2026-09-18 00:13:42.282525+00
ed82c7b7-2974-45a1-8b7e-00e1936c1566,/srv/fim-watch/gen_00423.txt,file_modified,alert_only,high,2026-09-18 00:11:27.242635+00,2026-09-18 00:13:42.364687+00
f2802198-11fd-4a1f-89d1-c258ab95b531,/srv/fim-watch/gen_00402.txt,file_modified,alert_only,high,2026-09-18 00:11:27.341652+00,2026-09-18 00:13:42.497834+00
7db8b5b4-9c82-4a25-945a-2bbe97a2d3fc,/srv/fim-watch/gen_00402.txt,file_modified,alert_only,high,2026-09-18 00:11:27.442513+00,2026-09-18 00:13:42.630259+00
676abca4-2e33-4d6b-9834-f187acedc818,/srv/fim-watch/gen_00402.txt,file_modified,alert_only,high,2026-09-18 00:11:27.541559+00,2026-09-18 00:13:42.731888+00
d10da710-ccd7-41ea-8ec3-7414861950c1,/srv/fim-watch/gen_00402.txt,file_modified,alert_only,high,2026-09-18 00:11:27.643574+00,2026-09-18 00:13:42.814313+00
ac55dc18-4ba3-4571-8a17-9128fc67e59b,/srv/fim-watch/gen_00402.txt,file_modified,alert_only,high,2026-09-18 00:11:27.741933+00,2026-09-18 00:13:42.893892+00
317e2555-5703-48b8-9e75-d3b7225e4d58,/srv/fim-watch/gen_00424.txt,file_modified,alert_only,high,2026-09-18 00:11:27.842368+00,2026-09-18 00:13:42.900655+00
4db71ebe-8945-42ec-bd27-f14731fee8fc,/srv/fim-watch/critico/gen_00312.txt,file_modified,alert_only,critical,2026-09-18 00:11:27.943089+00,2026-09-18 00:13:42.916446+00
289cddd8-9b04-4bec-abce-50c5dc998ef0,/srv/fim-watch/gen_00020.txt,file_modified,alert_only,high,2026-09-18 00:11:28.042581+00,2026-09-18 00:13:42.932588+00
34d77dc1-9249-41e5-9dd8-5a534dfb703a,/srv/fim-watch/gen_00125.txt,file_modified,alert_only,high,2026-09-18 00:11:28.142755+00,2026-09-18 00:13:42.949908+00
9611368c-74a7-4495-b542-243ec31946cc,/srv/fim-watch/gen_00352.txt,file_modified,alert_only,high,2026-09-18 00:11:28.242517+00,2026-09-18 00:13:42.968391+00
6e45e240-4fd6-47ce-9764-e5f8db4e3a9d,/srv/fim-watch/gen_00352.txt,file_modified,alert_only,high,2026-09-18 00:11:28.342886+00,2026-09-18 00:13:42.985758+00
3b830959-46ee-430b-890b-aa21e054a674,/srv/fim-watch/gen_00187.txt,file_deleted,alert_only,high,2026-09-18 00:11:28.442627+00,2026-09-18 00:13:43.003943+00
3d23ea7d-5e0b-4365-b08c-023e3f087b8e,/srv/fim-watch/critico/gen_00173.txt,file_deleted,alert_only,critical,2026-09-18 00:11:28.542468+00,2026-09-18 00:13:43.020152+00
41063853-811f-463f-9c88-174dc811ed28,/srv/fim-watch/gen_00129.txt,file_deleted,alert_only,high,2026-09-18 00:11:28.643002+00,2026-09-18 00:13:43.03691+00
3fcc7e1d-c9e0-43ae-9fae-1cd3595b4f60,/srv/fim-watch/gen_00241.txt,file_modified,alert_only,high,2026-09-18 00:11:28.742981+00,2026-09-18 00:13:43.053336+00
be12ff3a-6d1b-440b-83b1-cc980a608ae4,/srv/fim-watch/gen_00425.txt,file_modified,alert_only,high,2026-09-18 00:11:28.842634+00,2026-09-18 00:13:43.069467+00
a0f46338-49a9-4698-9b45-175ddc4430b9,/srv/fim-watch/gen_00426.txt,file_modified,alert_only,high,2026-09-18 00:11:28.94251+00,2026-09-18 00:13:43.086054+00
a084b55a-45a7-47f0-bdd8-cfdf88f80caa,/srv/fim-watch/gen_00427.txt,file_modified,alert_only,high,2026-09-18 00:11:29.042999+00,2026-09-18 00:13:43.101894+00
8fcadcc4-9176-49de-adca-28f8c06d0e91,/srv/fim-watch/gen_00356.txt,file_modified,alert_only,high,2026-09-18 00:11:29.142555+00,2026-09-18 00:13:43.116848+00
ea2e09c8-4f3b-41da-862a-b529ebd910df,/srv/fim-watch/gen_00188.txt,file_modified,alert_only,high,2026-09-18 00:11:29.242694+00,2026-09-18 00:13:43.132076+00
5d712711-28af-4a6d-bffe-a46201df93b4,/srv/fim-watch/gen_00188.txt,file_modified,alert_only,high,2026-09-18 00:11:29.342565+00,2026-09-18 00:13:43.149306+00
96c26408-94f5-48e1-b43d-d5c4a19ec793,/srv/fim-watch/gen_00188.txt,file_modified,alert_only,high,2026-09-18 00:11:29.442807+00,2026-09-18 00:13:43.167716+00
be29808b-2d11-4d2c-b07c-e8af73ad943d,/srv/fim-watch/gen_00188.txt,file_modified,alert_only,high,2026-09-18 00:11:29.542828+00,2026-09-18 00:13:43.183066+00
3e39a767-9f62-4843-9196-c286c8754194,/srv/fim-watch/gen_00188.txt,file_modified,alert_only,high,2026-09-18 00:11:29.643105+00,2026-09-18 00:13:43.198367+00
268d23b7-39ce-4360-b55d-36a8222bc928,/srv/fim-watch/critico/gen_00332.txt,file_modified,alert_only,critical,2026-09-18 00:11:29.742718+00,2026-09-18 00:13:43.213497+00
51ed0c0f-0cb5-4282-8a3f-add15a29a5cf,/srv/fim-watch/gen_00331.txt,file_modified,alert_only,high,2026-09-18 00:11:29.84252+00,2026-09-18 00:13:43.227315+00
9bce5009-9968-487a-b76a-20fa0487606d,/srv/fim-watch/gen_00331.txt,file_modified,alert_only,high,2026-09-18 00:11:29.942736+00,2026-09-18 00:13:43.244492+00
0ebee808-1324-4b02-b4bd-3e872e2718d8,/srv/fim-watch/critico/gen_00428.txt,file_modified,alert_only,critical,2026-09-18 00:11:30.042009+00,2026-09-18 00:13:43.262172+00
5ee6aa7f-9b46-4b96-a3e4-a28468983813,/srv/fim-watch/gen_00429.txt,file_modified,alert_only,high,2026-09-18 00:11:30.142398+00,2026-09-18 00:13:43.278095+00
243479c8-5ee1-4d8c-bfb9-91e175cf60fe,/srv/fim-watch/gen_00309.txt,file_modified,alert_only,high,2026-09-18 00:11:30.242822+00,2026-09-18 00:13:43.29376+00
5ca49e93-27f4-44a2-878a-12c1093906da,/srv/fim-watch/gen_00309.txt,file_modified,alert_only,high,2026-09-18 00:11:30.342908+00,2026-09-18 00:13:43.311402+00
04ad1679-c414-41e1-8932-82d7aacf6611,/srv/fim-watch/gen_00430.txt,file_modified,alert_only,high,2026-09-18 00:11:30.442498+00,2026-09-18 00:13:43.327332+00
d388d921-bd01-41c0-a707-d628f24a8c75,/srv/fim-watch/critico/gen_00262.txt,file_modified,alert_only,critical,2026-09-18 00:11:30.542474+00,2026-09-18 00:13:43.343043+00
cf9c7fed-210f-4fa9-90c2-ba59c3821a3d,/srv/fim-watch/gen_00196.txt,file_modified,alert_only,high,2026-09-18 00:11:30.642766+00,2026-09-18 00:13:43.361583+00
9c4aa68c-f4a3-481c-baab-d665bf89db59,/srv/fim-watch/gen_00196.txt,file_modified,alert_only,high,2026-09-18 00:11:30.743136+00,2026-09-18 00:13:43.38096+00
a540c244-5e4d-4693-b3c3-908b2e8fdeba,/srv/fim-watch/gen_00196.txt,file_modified,alert_only,high,2026-09-18 00:11:30.842463+00,2026-09-18 00:13:43.39984+00
26f72be9-37a5-45ea-8716-3ee9e5a77f69,/srv/fim-watch/gen_00196.txt,file_modified,alert_only,high,2026-09-18 00:11:30.942555+00,2026-09-18 00:13:43.414217+00
0fe233e9-0cb0-4de9-8ddc-00962675decd,/srv/fim-watch/gen_00196.txt,file_modified,alert_only,high,2026-09-18 00:11:31.042334+00,2026-09-18 00:13:43.428191+00
61c996b6-71a4-4ae5-a0a6-7b2d0b09d85c,/srv/fim-watch/gen_00274.txt,file_modified,alert_only,high,2026-09-18 00:11:31.142611+00,2026-09-18 00:13:43.441614+00
19004e80-fb50-404b-a9e5-f9e90b212aa1,/srv/fim-watch/gen_00395.txt,file_modified,alert_only,high,2026-09-18 00:11:31.243106+00,2026-09-18 00:13:43.455836+00
96568c72-158b-4015-8686-bc8e4dfbed0d,/srv/fim-watch/gen_00306.txt,file_modified,alert_only,high,2026-09-18 00:11:31.343012+00,2026-09-18 00:13:43.470774+00
5fd27e4b-9a40-4492-afde-50c7af4f7954,/srv/fim-watch/gen_00139.txt,file_modified,alert_only,high,2026-09-18 00:11:31.443327+00,2026-09-18 00:13:43.484784+00
e14b320f-daa9-46e4-803a-b005bc977b9f,/srv/fim-watch/gen_00431.txt,file_modified,alert_only,high,2026-09-18 00:11:31.542666+00,2026-09-18 00:13:43.497811+00
ccfbc731-51b2-46fe-8e17-33f9cd7a3d61,/srv/fim-watch/gen_00193.txt,file_modified,alert_only,high,2026-09-18 00:11:31.642903+00,2026-09-18 00:13:43.513068+00
77948261-ff61-4b04-a70e-62510c6102c5,/srv/fim-watch/critico/gen_00432.txt,file_modified,alert_only,critical,2026-09-18 00:11:31.742214+00,2026-09-18 00:13:43.528762+00
ec847f9b-3bc5-48b1-aca9-61cdc2ab434d,/srv/fim-watch/critico/gen_00432.txt,file_deleted,alert_only,critical,2026-09-18 00:11:31.842761+00,2026-09-18 00:13:43.544563+00
684f57f0-b267-41d2-926c-7269b94a0f09,/srv/fim-watch/gen_00275.txt,file_deleted,alert_only,high,2026-09-18 00:11:31.942358+00,2026-09-18 00:13:43.561134+00
a039eaaa-8523-4eda-8d54-2074ea2f3c8f,/srv/fim-watch/gen_00433.txt,file_modified,alert_only,high,2026-09-18 00:11:32.041889+00,2026-09-18 00:13:43.577527+00
859d9046-abcb-4a8a-98b5-45ff90a793e2,/srv/fim-watch/gen_00125.txt,file_modified,alert_only,high,2026-09-18 00:11:32.142523+00,2026-09-18 00:13:43.593621+00
482be774-75e7-448b-891a-6882bce17aaa,/srv/fim-watch/gen_00285.txt,file_modified,alert_only,high,2026-09-18 00:11:32.242152+00,2026-09-18 00:13:43.6102+00
06a1a21f-33cd-4b99-b886-516464f0f6d8,/srv/fim-watch/gen_00320.txt,file_modified,alert_only,high,2026-09-18 00:11:32.443058+00,2026-09-18 00:13:43.624954+00
af9a0951-4c24-4f09-bc9a-1628d7aacbbc,/srv/fim-watch/critico/gen_00437.txt,file_modified,alert_only,critical,2026-09-18 00:11:32.744321+00,2026-09-18 00:13:43.657895+00
26bc02f8-f708-4408-ab84-2c39e0064b54,/srv/fim-watch/gen_00263.txt,file_modified,alert_only,high,2026-09-18 00:11:32.842622+00,2026-09-18 00:13:43.707342+00
c57a92e5-7dd2-41f6-8e95-99a29d55b1fc,/srv/fim-watch/gen_00401.txt,file_modified,alert_only,high,2026-09-18 00:11:32.943655+00,2026-09-18 00:13:43.778836+00
4610a3a7-69d5-4a05-aa71-87ff7edf74d9,/srv/fim-watch/gen_00359.txt,file_modified,alert_only,high,2026-09-18 00:11:33.143773+00,2026-09-18 00:13:43.914372+00
65acba93-8fc6-4911-8f17-ea75b4cf406b,/srv/fim-watch/gen_00439.txt,file_created,alert_only,high,2026-09-18 00:11:33.241961+00,2026-09-18 00:13:43.974722+00
d889dd3c-0ec1-41ff-8e1f-feb9395d1a0d,/srv/fim-watch/gen_00403.txt,file_modified,alert_only,high,2026-09-18 00:11:33.342455+00,2026-09-18 00:13:44.049247+00
2e124057-f0f4-442c-aabc-0a511a578bf5,/srv/fim-watch/gen_00403.txt,file_modified,alert_only,high,2026-09-18 00:11:33.442416+00,2026-09-18 00:13:44.131399+00
a76f860d-c592-4289-b75f-6b005a5455bc,/srv/fim-watch/gen_00418.txt,file_modified,alert_only,high,2026-09-18 00:11:33.542072+00,2026-09-18 00:13:44.219+00
ab47d8ce-e7cd-4124-832e-5ccfd55bd965,/srv/fim-watch/critico/gen_00209.txt,file_modified,alert_only,critical,2026-09-18 00:11:33.643033+00,2026-09-18 00:13:44.31031+00
209407e1-8cdd-4785-af84-4a4752f38996,/srv/fim-watch/critico/gen_00336.txt,file_modified,alert_only,critical,2026-09-18 00:11:33.741705+00,2026-09-18 00:13:44.398883+00
a054c633-0990-442b-bae0-1a3c360bc95e,/srv/fim-watch/gen_00282.txt,file_modified,alert_only,high,2026-09-18 00:11:33.842832+00,2026-09-18 00:13:44.473877+00
fb7bad20-2233-44e0-8934-c2985b29d290,/srv/fim-watch/gen_00282.txt,file_modified,alert_only,high,2026-09-18 00:11:33.942939+00,2026-09-18 00:13:44.480525+00
0317c55b-419c-46ef-993e-4064cd813f69,/srv/fim-watch/gen_00139.txt,file_modified,alert_only,high,2026-09-18 00:11:34.042417+00,2026-09-18 00:13:44.49522+00
66fa2760-414d-4b19-9bd4-ad5ea2938b04,/srv/fim-watch/gen_00226.txt,file_modified,alert_only,high,2026-09-18 00:11:34.142804+00,2026-09-18 00:13:44.511595+00
ba996a5b-0305-4a39-bfe4-13288d755dd6,/srv/fim-watch/gen_00366.txt,file_deleted,alert_only,high,2026-09-18 00:11:34.242541+00,2026-09-18 00:13:44.530614+00
74547827-abb5-41d6-8fc5-af312220bd0c,/srv/fim-watch/critico/gen_00156.txt,file_modified,alert_only,critical,2026-09-18 00:11:34.343309+00,2026-09-18 00:13:44.547748+00
42d2a4b0-b971-4bf9-ae0b-5d62b8f6fbc8,/srv/fim-watch/gen_00411.txt,file_deleted,alert_only,high,2026-09-18 00:11:34.442932+00,2026-09-18 00:13:44.564597+00
f286505e-dba8-4166-86ac-0a3fe71d892e,/srv/fim-watch/gen_00036.txt,file_modified,alert_only,high,2026-09-18 00:11:34.543043+00,2026-09-18 00:13:44.581784+00
2a6e9c50-315d-4bb4-830c-01278a6c6d37,/srv/fim-watch/gen_00389.txt,file_modified,alert_only,high,2026-09-18 00:11:34.643153+00,2026-09-18 00:13:44.600006+00
9e318766-12da-4908-9764-eb61727e7cf8,/srv/fim-watch/gen_00149.txt,file_modified,alert_only,high,2026-09-18 00:11:34.74317+00,2026-09-18 00:13:44.616004+00
1fd38bf3-a595-49c8-8fd2-02c49ca10822,/srv/fim-watch/gen_00440.txt,file_modified,alert_only,high,2026-09-18 00:11:34.841959+00,2026-09-18 00:13:44.634201+00
d30a61ba-56ec-47ce-bc99-6bf56671e8f4,/srv/fim-watch/gen_00329.txt,file_modified,alert_only,high,2026-09-18 00:11:34.942799+00,2026-09-18 00:13:44.651227+00
b79ed758-69b3-45c4-87cc-f6eb0e04085f,/srv/fim-watch/gen_00384.txt,file_modified,alert_only,high,2026-09-18 00:11:35.042268+00,2026-09-18 00:13:44.668111+00
31410a3c-a5bc-43c5-b52a-913422575fbe,/srv/fim-watch/gen_00384.txt,file_modified,alert_only,high,2026-09-18 00:11:35.14221+00,2026-09-18 00:13:44.684362+00
23644dfc-ed46-406e-bb97-55fdecb90480,/srv/fim-watch/gen_00384.txt,file_modified,alert_only,high,2026-09-18 00:11:35.242908+00,2026-09-18 00:13:44.700654+00
868c8a8d-c508-4cd5-8a1c-90d61fa08268,/srv/fim-watch/gen_00384.txt,file_modified,alert_only,high,2026-09-18 00:11:35.34257+00,2026-09-18 00:13:44.716519+00
dd92187b-6812-45c9-942a-ce8402238f36,/srv/fim-watch/gen_00384.txt,file_modified,alert_only,high,2026-09-18 00:11:35.443105+00,2026-09-18 00:13:44.732305+00
6f9692c3-358c-4a6b-91b7-bbf8b2d54158,/srv/fim-watch/gen_00441.txt,file_modified,alert_only,high,2026-09-18 00:11:35.541826+00,2026-09-18 00:13:44.748446+00
28f65703-e4d4-4970-89d0-74212dad7b25,/srv/fim-watch/gen_00442.txt,file_modified,alert_only,high,2026-09-18 00:11:35.642705+00,2026-09-18 00:13:44.764964+00
c816e1c3-7447-47ce-84ed-8b9283ecb20d,/srv/fim-watch/gen_00230.txt,file_modified,alert_only,high,2026-09-18 00:11:35.742602+00,2026-09-18 00:13:44.781524+00
8c862b7c-0748-48be-8c7b-7a40109f7eed,/srv/fim-watch/critico/gen_00369.txt,file_modified,alert_only,critical,2026-09-18 00:11:35.842751+00,2026-09-18 00:13:44.797705+00
42fd9ffd-c498-4d0e-ba14-281240e63784,/srv/fim-watch/gen_00204.txt,file_modified,alert_only,high,2026-09-18 00:11:35.94321+00,2026-09-18 00:13:44.814745+00
b4a23c6d-267e-4edf-b085-e32b83b28244,/srv/fim-watch/critico/gen_00123.txt,file_modified,alert_only,critical,2026-09-18 00:11:36.042441+00,2026-09-18 00:13:44.832206+00
9413dc7c-9018-48ae-aebd-54134cec96d1,/srv/fim-watch/gen_00265.txt,file_deleted,alert_only,high,2026-09-18 00:11:36.142552+00,2026-09-18 00:13:44.848386+00
209420d6-c017-49e4-b5a6-915261ba06fa,/srv/fim-watch/gen_00050.txt,file_modified,alert_only,high,2026-09-18 00:11:36.24272+00,2026-09-18 00:13:44.864853+00
d4eca342-6f8a-4525-8a44-9fe347473953,/srv/fim-watch/gen_00443.txt,file_modified,alert_only,high,2026-09-18 00:11:36.341996+00,2026-09-18 00:13:44.882987+00
5597100c-ba73-44b6-81da-9e59f34983c7,/srv/fim-watch/gen_00195.txt,file_modified,alert_only,high,2026-09-18 00:11:36.443417+00,2026-09-18 00:13:44.900742+00
0e49cee4-c031-4589-bb88-841852a197e0,/srv/fim-watch/gen_00405.txt,file_modified,alert_only,high,2026-09-18 00:11:36.542303+00,2026-09-18 00:13:44.927544+00
66e05d83-5085-4bd5-ad42-ad7890d114ae,/srv/fim-watch/critico/gen_00322.txt,file_modified,alert_only,critical,2026-09-18 00:11:36.642997+00,2026-09-18 00:13:44.934834+00
6b9d824c-559c-476f-aa0c-10bf9b324dd4,/srv/fim-watch/gen_00313.txt,file_modified,alert_only,high,2026-09-18 00:11:36.84265+00,2026-09-18 00:13:44.951977+00
7c0176c1-2f6d-4617-a73e-da8088092f9a,/srv/fim-watch/gen_00427.txt,file_modified,alert_only,high,2026-09-18 00:11:36.942632+00,2026-09-18 00:13:44.970631+00
cce50f2c-9d8c-4190-bf93-15d4c124c817,/srv/fim-watch/gen_00219.txt,file_modified,alert_only,high,2026-09-18 00:11:37.142596+00,2026-09-18 00:13:44.988625+00
da52ad99-7c2e-42e8-b678-fc5335c87ec1,/srv/fim-watch/gen_00213.txt,file_modified,alert_only,high,2026-09-18 00:11:37.242742+00,2026-09-18 00:13:45.005634+00
f65c26ea-dd97-48b7-804e-907a2a3bac50,/srv/fim-watch/gen_00297.txt,file_deleted,alert_only,high,2026-09-18 00:11:37.342545+00,2026-09-18 00:13:45.021833+00
712c5be0-ba60-4df2-879e-579977121c2d,/srv/fim-watch/gen_00020.txt,file_modified,alert_only,high,2026-09-18 00:11:37.44266+00,2026-09-18 00:13:45.039995+00
c05baa3a-0113-4d4c-8700-1a3ad2040657,/srv/fim-watch/gen_00445.txt,file_modified,alert_only,high,2026-09-18 00:11:37.542575+00,2026-09-18 00:13:45.057722+00
72d4d6a0-66a2-48c5-9120-eb16f0b3e81e,/srv/fim-watch/gen_00152.txt,file_modified,alert_only,high,2026-09-18 00:11:37.642936+00,2026-09-18 00:13:45.075087+00
93f636ac-1720-4039-8350-fdd20c40b7ca,/srv/fim-watch/gen_00407.txt,file_deleted,alert_only,high,2026-09-18 00:11:37.742703+00,2026-09-18 00:13:45.092111+00
0a7bcd13-2ec6-4945-ab3d-cb2893fe961c,/srv/fim-watch/gen_00446.txt,file_modified,alert_only,high,2026-09-18 00:11:37.842617+00,2026-09-18 00:13:45.108934+00
599b6c4e-8bc1-4ea7-938d-7d09f9f9dd12,/srv/fim-watch/gen_00355.txt,file_modified,alert_only,high,2026-09-18 00:11:37.942662+00,2026-09-18 00:13:45.124431+00
e6e0ec8a-eb05-467f-82ac-92a17214b337,/srv/fim-watch/gen_00319.txt,file_deleted,alert_only,high,2026-09-18 00:11:38.042673+00,2026-09-18 00:13:45.140073+00
f4f40187-65c3-4e58-b95f-ef683dc75f6b,/srv/fim-watch/gen_00285.txt,file_modified,alert_only,high,2026-09-18 00:11:38.142706+00,2026-09-18 00:13:45.155405+00
47bdb344-ffce-4ae2-b9e6-492fb9ba6fec,/srv/fim-watch/gen_00193.txt,file_modified,alert_only,high,2026-09-18 00:11:38.2429+00,2026-09-18 00:13:45.17006+00
4130f482-ee3d-4f4f-bb51-6de599ca3cea,/srv/fim-watch/critico/gen_00371.txt,file_modified,alert_only,critical,2026-09-18 00:11:38.342719+00,2026-09-18 00:13:45.185423+00
bafaf241-f904-418a-9d50-53d836aab205,/srv/fim-watch/critico/gen_00242.txt,file_modified,alert_only,critical,2026-09-18 00:11:38.44261+00,2026-09-18 00:13:45.201588+00
b484781a-e35a-45e3-a857-8ead33b0bf0e,/srv/fim-watch/critico/gen_00242.txt,file_modified,alert_only,critical,2026-09-18 00:11:38.542672+00,2026-09-18 00:13:45.21698+00
502827bb-8aeb-4963-975e-2e83f93379f4,/srv/fim-watch/gen_00166.txt,file_modified,alert_only,high,2026-09-18 00:11:38.642819+00,2026-09-18 00:13:45.231358+00
d8210e7b-aaba-440c-90d7-f3d2ea75874f,/srv/fim-watch/gen_00412.txt,file_modified,alert_only,high,2026-09-18 00:11:38.742992+00,2026-09-18 00:13:45.246758+00
7a11aeef-9723-47d1-a91a-eb4fabbc4f23,/srv/fim-watch/gen_00105.txt,file_modified,alert_only,high,2026-09-18 00:11:38.842803+00,2026-09-18 00:13:45.276946+00
8f677e1b-caa5-4c55-9e8d-26a1c08ad4cd,/srv/fim-watch/gen_00418.txt,file_modified,alert_only,high,2026-09-18 00:11:38.942959+00,2026-09-18 00:13:45.331897+00
29187824-d99d-4a33-8884-d8dc7148c6cd,/srv/fim-watch/gen_00418.txt,file_modified,alert_only,high,2026-09-18 00:11:39.044581+00,2026-09-18 00:13:45.394406+00
dc7570f7-fe95-4552-b668-1e0660702a1a,/srv/fim-watch/gen_00418.txt,file_modified,alert_only,high,2026-09-18 00:11:39.143011+00,2026-09-18 00:13:45.461964+00
d9188dff-35aa-470b-91aa-fee158ad991a,/srv/fim-watch/gen_00418.txt,file_modified,alert_only,high,2026-09-18 00:11:39.242029+00,2026-09-18 00:13:45.584428+00
7b1f584d-1cd5-475a-b7b2-b28e5acca702,/srv/fim-watch/gen_00418.txt,file_modified,alert_only,high,2026-09-18 00:11:39.34181+00,2026-09-18 00:13:45.695044+00
8a274bbf-4d25-496c-9689-5b0780b9862b,/srv/fim-watch/gen_00375.txt,file_modified,alert_only,high,2026-09-18 00:11:39.441716+00,2026-09-18 00:13:45.79653+00
85bb3f5c-e8fe-46d5-8d93-527dc4f051e8,/srv/fim-watch/gen_00234.txt,file_modified,alert_only,high,2026-09-18 00:11:39.541956+00,2026-09-18 00:13:45.896264+00
88777722-106a-4754-ae8e-c3b5bc931849,/srv/fim-watch/gen_00298.txt,file_modified,alert_only,high,2026-09-18 00:11:39.641674+00,2026-09-18 00:13:45.997693+00
4b45db7e-5a7d-4a57-86f3-6899b45817f0,/srv/fim-watch/gen_00298.txt,file_modified,alert_only,high,2026-09-18 00:11:39.7425+00,2026-09-18 00:13:46.059902+00
4f0a258f-303f-44e2-a965-7379f56fd205,/srv/fim-watch/gen_00422.txt,file_modified,alert_only,high,2026-09-18 00:11:39.842452+00,2026-09-18 00:13:46.066131+00
2853b0e4-81fc-41a2-85eb-032def2640b3,/srv/fim-watch/gen_00447.txt,file_modified,alert_only,high,2026-09-18 00:11:39.942811+00,2026-09-18 00:13:46.083952+00
279b515d-0273-4331-86e4-4a343b73f8f6,/srv/fim-watch/gen_00447.txt,file_deleted,alert_only,high,2026-09-18 00:11:40.042382+00,2026-09-18 00:13:46.100761+00
c68d70ef-44bc-4f1f-ab0e-e9d80ec75fd9,/srv/fim-watch/gen_00367.txt,file_modified,alert_only,high,2026-09-18 00:11:40.142598+00,2026-09-18 00:13:46.1186+00
d18c2f7d-d7cc-42ff-adc3-138f32deb34a,/srv/fim-watch/gen_00423.txt,file_deleted,alert_only,high,2026-09-18 00:11:40.242065+00,2026-09-18 00:13:46.134689+00
8e219579-0a51-48a8-ba1e-0fea72604737,/srv/fim-watch/gen_00346.txt,file_modified,alert_only,high,2026-09-18 00:11:40.342554+00,2026-09-18 00:13:46.150742+00
55cf8d3e-6d4b-4988-919b-c99d1e718a5d,/srv/fim-watch/gen_00346.txt,file_modified,alert_only,high,2026-09-18 00:11:40.442563+00,2026-09-18 00:13:46.168631+00
77201638-8ac5-462b-879a-a4ecaea590fd,/srv/fim-watch/critico/gen_00312.txt,file_modified,alert_only,critical,2026-09-18 00:11:40.54275+00,2026-09-18 00:13:46.184777+00
ef6ad44c-14d4-4f64-807b-5dc8b9ed70b2,/srv/fim-watch/critico/gen_00061.txt,file_modified,alert_only,critical,2026-09-18 00:11:40.642449+00,2026-09-18 00:13:46.201429+00
75d3086a-f14e-4018-b94d-7eea747117f1,/srv/fim-watch/gen_00448.txt,file_modified,alert_only,high,2026-09-18 00:11:40.742518+00,2026-09-18 00:13:46.217431+00
24013947-531a-40b9-8258-eb63f267a8ab,/srv/fim-watch/gen_00449.txt,file_modified,alert_only,high,2026-09-18 00:11:40.843029+00,2026-09-18 00:13:46.233835+00
474f96eb-5a3d-4027-ac4d-4c03e0b2a423,/srv/fim-watch/gen_00179.txt,file_modified,alert_only,high,2026-09-18 00:11:40.942565+00,2026-09-18 00:13:46.250239+00
b18c9501-c884-4db5-84c8-953feed683c2,/srv/fim-watch/gen_00254.txt,file_modified,alert_only,high,2026-09-18 00:11:41.042561+00,2026-09-18 00:13:46.264929+00
c1de917a-6c8e-4eee-ab55-92d87d1dc2dd,/srv/fim-watch/gen_00254.txt,file_modified,alert_only,high,2026-09-18 00:11:41.142052+00,2026-09-18 00:13:46.2794+00
03bd5349-2098-4148-8dc2-19cc0538ff96,/srv/fim-watch/gen_00443.txt,file_modified,alert_only,high,2026-09-18 00:11:41.242606+00,2026-09-18 00:13:46.294019+00
b25f3cf4-a9ea-4075-a408-d2c2117de2a3,/srv/fim-watch/gen_00383.txt,file_modified,alert_only,high,2026-09-18 00:11:41.342737+00,2026-09-18 00:13:46.308592+00
92cbef6c-7688-420b-afcb-20803db42a99,/srv/fim-watch/critico/gen_00351.txt,file_modified,alert_only,critical,2026-09-18 00:11:41.442764+00,2026-09-18 00:13:46.323679+00
6363e32d-433c-4507-bd0c-eeed22bd60ff,/srv/fim-watch/gen_00450.txt,file_modified,alert_only,high,2026-09-18 00:11:41.54247+00,2026-09-18 00:13:46.339175+00
65d80e6a-7787-40eb-b544-2de27e4056ae,/srv/fim-watch/gen_00114.txt,file_modified,alert_only,high,2026-09-18 00:11:41.642904+00,2026-09-18 00:13:46.353747+00
32cb1fdf-6318-4236-acd7-32e89bc643ed,/srv/fim-watch/gen_00114.txt,file_modified,alert_only,high,2026-09-18 00:11:41.742691+00,2026-09-18 00:13:46.368454+00
65842c9b-52c7-4350-8f2e-6f4ece0b7d13,/srv/fim-watch/critico/gen_00451.txt,file_modified,alert_only,critical,2026-09-18 00:11:41.842377+00,2026-09-18 00:13:46.384436+00
bf8b09e6-3c39-4a5b-96da-4cac67d927fd,/srv/fim-watch/gen_00452.txt,file_modified,alert_only,high,2026-09-18 00:11:41.942819+00,2026-09-18 00:13:46.399973+00
49cc19ba-cbd3-49c4-a68d-1a69ec7321e8,/srv/fim-watch/gen_00453.txt,file_modified,alert_only,high,2026-09-18 00:11:42.042488+00,2026-09-18 00:13:46.415454+00
2bb023f8-27e9-470d-b615-6c023e4ac4ac,/srv/fim-watch/gen_00433.txt,file_deleted,alert_only,high,2026-09-18 00:11:42.142454+00,2026-09-18 00:13:46.431183+00
27d105d2-127d-4ee5-95f6-011068b269cf,/srv/fim-watch/critico/gen_00288.txt,file_modified,alert_only,critical,2026-09-18 00:11:42.242655+00,2026-09-18 00:13:46.44681+00
ad41b525-f6bb-464f-8137-7349398b6814,/srv/fim-watch/gen_00125.txt,file_modified,alert_only,high,2026-09-18 00:11:42.342092+00,2026-09-18 00:13:46.462582+00
bac584e1-7175-4b56-9401-2549052b25c6,/srv/fim-watch/gen_00125.txt,file_modified,alert_only,high,2026-09-18 00:11:42.442958+00,2026-09-18 00:13:46.478101+00
7cd421ff-ade8-4e49-8a88-3ac0d609006c,/srv/fim-watch/critico/gen_00414.txt,file_modified,alert_only,critical,2026-09-18 00:11:42.542487+00,2026-09-18 00:13:46.494053+00
240df9f8-fda8-4e97-925f-3b6b68872272,/srv/fim-watch/gen_00298.txt,file_modified,alert_only,high,2026-09-18 00:11:42.642577+00,2026-09-18 00:13:46.509777+00
1868298d-d450-4bf4-a5b6-8d20add7239a,/srv/fim-watch/gen_00263.txt,file_modified,alert_only,high,2026-09-18 00:11:42.742136+00,2026-09-18 00:13:46.525836+00
e1e7eef1-fa86-4062-9c45-fad40538fef5,/srv/fim-watch/gen_00454.txt,file_modified,alert_only,high,2026-09-18 00:11:42.842426+00,2026-09-18 00:13:46.541833+00
5a865535-92fa-4b01-937a-537c51240faf,/srv/fim-watch/critico/gen_00130.txt,file_modified,alert_only,critical,2026-09-18 00:11:42.942445+00,2026-09-18 00:13:46.557845+00
995557aa-aac7-4e64-99bb-8c40f395e6b8,/srv/fim-watch/gen_00455.txt,file_modified,alert_only,high,2026-09-18 00:11:43.042397+00,2026-09-18 00:13:46.573408+00
28bb9750-4c41-49d0-8dec-b707884b4b49,/srv/fim-watch/gen_00317.txt,file_modified,alert_only,high,2026-09-18 00:11:43.14255+00,2026-09-18 00:13:46.589279+00
3696aaed-2d96-4323-8b72-68cc463c1db2,/srv/fim-watch/gen_00163.txt,file_modified,alert_only,high,2026-09-18 00:11:43.242467+00,2026-09-18 00:13:46.604968+00
7710c0a9-011b-47ad-b98b-0d0e15058744,/srv/fim-watch/critico/gen_00457.txt,file_modified,alert_only,critical,2026-09-18 00:11:43.442967+00,2026-09-18 00:13:46.621205+00
ebd7dc17-247c-4e0a-96f7-4b8b4395c0dd,/srv/fim-watch/gen_00405.txt,file_modified,alert_only,high,2026-09-18 00:11:43.542421+00,2026-09-18 00:13:46.637084+00
abb2bd10-7519-4346-b9eb-8a04b33421a0,/srv/fim-watch/gen_00195.txt,file_modified,alert_only,high,2026-09-18 00:11:43.642476+00,2026-09-18 00:13:46.652893+00
c17f0a07-a3e7-4326-8987-ca8f43bf39d4,/srv/fim-watch/gen_00308.txt,file_modified,alert_only,high,2026-09-18 00:11:43.742577+00,2026-09-18 00:13:46.668594+00
345a7ae4-212d-42f8-837a-6c79452b6156,/srv/fim-watch/gen_00458.txt,file_modified,alert_only,high,2026-09-18 00:11:43.842333+00,2026-09-18 00:13:46.684366+00
46e7a542-fa54-4356-a394-b090135495ad,/srv/fim-watch/gen_00098.txt,file_modified,alert_only,high,2026-09-18 00:11:43.942522+00,2026-09-18 00:13:46.700216+00
92c77910-a6d0-471b-95d6-258448f830dd,/srv/fim-watch/gen_00459.txt,file_modified,alert_only,high,2026-09-18 00:11:44.04212+00,2026-09-18 00:13:46.716215+00
f29f753a-2bf5-4184-832b-4d3945d39c44,/srv/fim-watch/gen_00331.txt,file_modified,alert_only,high,2026-09-18 00:11:44.14341+00,2026-09-18 00:13:46.731717+00
5d6b5638-8bae-4009-8d34-ee7786ec7e78,/srv/fim-watch/gen_00460.txt,file_modified,alert_only,high,2026-09-18 00:11:44.242042+00,2026-09-18 00:13:46.747381+00
664e2fab-a0fc-45c3-935e-92e78b4ba0db,/srv/fim-watch/gen_00199.txt,file_modified,alert_only,high,2026-09-18 00:11:44.342445+00,2026-09-18 00:13:46.764334+00
2c7b6ef4-8768-422c-b22a-435c164a7c7d,/srv/fim-watch/critico/gen_00461.txt,file_modified,alert_only,critical,2026-09-18 00:11:44.442514+00,2026-09-18 00:13:46.780731+00
1805c70e-3aee-48aa-bfbb-97bf8ee6afcc,/srv/fim-watch/critico/gen_00330.txt,file_modified,alert_only,critical,2026-09-18 00:11:44.542607+00,2026-09-18 00:13:46.795821+00
622211cf-e939-4775-bdf4-ac2179856616,/srv/fim-watch/gen_00313.txt,file_modified,alert_only,high,2026-09-18 00:11:44.642466+00,2026-09-18 00:13:46.81137+00
6a23998d-3cfd-4d28-a699-5abe253a8426,/srv/fim-watch/gen_00250.txt,file_modified,alert_only,high,2026-09-18 00:11:44.742406+00,2026-09-18 00:13:46.864126+00
4ab41d50-1ae1-4dd9-b717-01c4be023ea0,/srv/fim-watch/gen_00412.txt,file_modified,alert_only,high,2026-09-18 00:11:44.841656+00,2026-09-18 00:13:46.926259+00
3841d465-7e24-4cf1-abdb-57590e03362e,/srv/fim-watch/gen_00462.txt,file_created,alert_only,high,2026-09-18 00:11:44.942077+00,2026-09-18 00:13:47.007765+00
d919b394-9330-4e31-9a65-a6f00ba9cea9,/srv/fim-watch/gen_00462.txt,file_deleted,alert_only,high,2026-09-18 00:11:45.042198+00,2026-09-18 00:13:47.084589+00
58b42d1e-efc4-4478-9fe3-abc31b3164ba,/srv/fim-watch/gen_00401.txt,file_modified,alert_only,high,2026-09-18 00:11:45.242237+00,2026-09-18 00:13:47.266231+00
c5b4ea0d-800b-4908-a915-c16d208b9f23,/srv/fim-watch/critico/gen_00184.txt,file_modified,alert_only,critical,2026-09-18 00:11:45.344067+00,2026-09-18 00:13:47.339535+00
db4c1668-09ee-48c9-aca2-59df512c7c80,/srv/fim-watch/gen_00226.txt,file_modified,alert_only,high,2026-09-18 00:11:45.441828+00,2026-09-18 00:13:47.396401+00
adaa8dc7-a7bd-4fd9-a193-0ef15a048b04,/srv/fim-watch/gen_00268.txt,file_modified,alert_only,high,2026-09-18 00:11:45.54295+00,2026-09-18 00:13:47.492511+00
6823c525-6934-4e4f-8768-3bbec46987b9,/srv/fim-watch/gen_00334.txt,file_deleted,alert_only,high,2026-09-18 00:11:45.642227+00,2026-09-18 00:13:47.599549+00
3c196661-e729-4928-8bae-3f7b02f78e32,/srv/fim-watch/gen_00453.txt,file_modified,alert_only,high,2026-09-18 00:11:45.742187+00,2026-09-18 00:13:47.644968+00
2189a046-22d3-4e2a-b8a1-09907606d5fc,/srv/fim-watch/critico/gen_00413.txt,file_modified,alert_only,critical,2026-09-18 00:11:45.842558+00,2026-09-18 00:13:47.652097+00
85fd79c6-2ed7-4867-926e-fd5b2bd6965b,/srv/fim-watch/gen_00282.txt,file_modified,alert_only,high,2026-09-18 00:11:45.942613+00,2026-09-18 00:13:47.668474+00
f25c43a0-0eca-4dec-a4c1-f6f203d41db9,/srv/fim-watch/gen_00431.txt,file_modified,alert_only,high,2026-09-18 00:11:46.042595+00,2026-09-18 00:13:47.685398+00
a9963ea4-aa4c-4cea-9962-64ef4531b1d3,/srv/fim-watch/gen_00431.txt,file_modified,alert_only,high,2026-09-18 00:11:46.142654+00,2026-09-18 00:13:47.702041+00
20637f38-44f6-46fd-9311-e2c63069ef1a,/srv/fim-watch/critico/gen_00253.txt,file_modified,alert_only,critical,2026-09-18 00:11:46.242541+00,2026-09-18 00:13:47.71737+00
99eaf3e0-639f-489e-aa2b-829a3086b68b,/srv/fim-watch/gen_00377.txt,file_modified,alert_only,high,2026-09-18 00:11:46.342522+00,2026-09-18 00:13:47.732724+00
53859b92-59f0-439b-abff-d42c931ceec6,/srv/fim-watch/gen_00405.txt,file_modified,alert_only,high,2026-09-18 00:11:46.442421+00,2026-09-18 00:13:47.74818+00
4043f92c-7c40-44b9-b258-1790014f622d,/srv/fim-watch/gen_00285.txt,file_modified,alert_only,high,2026-09-18 00:11:46.542533+00,2026-09-18 00:13:47.763171+00
b8cb648a-1f5f-4645-8add-04e684aa76a1,/srv/fim-watch/critico/gen_00322.txt,file_modified,alert_only,critical,2026-09-18 00:11:46.642642+00,2026-09-18 00:13:47.778238+00
2784bb2e-0b74-42b3-ae90-2442dab89476,/srv/fim-watch/gen_00464.txt,file_modified,alert_only,high,2026-09-18 00:11:46.742524+00,2026-09-18 00:13:47.79376+00
7089794e-2f7f-4635-a276-1f565a7e49a5,/srv/fim-watch/critico/gen_00465.txt,file_modified,alert_only,critical,2026-09-18 00:11:46.842374+00,2026-09-18 00:13:47.809675+00
b0a4a492-ec10-41c9-9a47-39bccbd8082c,/srv/fim-watch/gen_00198.txt,file_modified,alert_only,high,2026-09-18 00:11:46.942491+00,2026-09-18 00:13:47.825084+00
cd8d8c01-2130-4e11-9e8b-6aab2caeaf8e,/srv/fim-watch/gen_00427.txt,file_modified,alert_only,high,2026-09-18 00:11:47.042539+00,2026-09-18 00:13:47.840174+00
a8df6eb3-61b1-46fc-87b4-502ea11252c6,/srv/fim-watch/gen_00427.txt,file_modified,alert_only,high,2026-09-18 00:11:47.142547+00,2026-09-18 00:13:47.855431+00
f305c505-1c0e-485c-b56f-c33fb6abcc8c,/srv/fim-watch/gen_00466.txt,file_created,alert_only,high,2026-09-18 00:11:47.243054+00,2026-09-18 00:13:47.87056+00
11779dd6-8e60-4386-a4a6-a8449e93290e,/srv/fim-watch/critico/gen_00053.txt,file_modified,alert_only,critical,2026-09-18 00:11:47.342689+00,2026-09-18 00:13:47.884885+00
f1effa17-cda8-4fd4-a9c1-ec0b3878bd64,/srv/fim-watch/critico/gen_00053.txt,file_modified,alert_only,critical,2026-09-18 00:11:47.442517+00,2026-09-18 00:13:47.899547+00
5dedeeeb-a6bd-4f11-82fd-b03c671081e9,/srv/fim-watch/gen_00306.txt,file_deleted,alert_only,high,2026-09-18 00:11:47.542621+00,2026-09-18 00:13:47.916544+00
bbc35c0b-946a-45d7-813c-408d52ef7e4f,/srv/fim-watch/gen_00165.txt,file_modified,alert_only,high,2026-09-18 00:11:47.743029+00,2026-09-18 00:13:47.932658+00
0ab57600-42c6-43ce-870d-b8bd246c6e17,/srv/fim-watch/gen_00468.txt,file_modified,alert_only,high,2026-09-18 00:11:47.842453+00,2026-09-18 00:13:47.946987+00
8777b569-55b3-46cd-9836-ad86963f8a0c,/srv/fim-watch/gen_00469.txt,file_modified,alert_only,high,2026-09-18 00:11:47.94257+00,2026-09-18 00:13:47.970827+00
30b2a5ca-c87d-4308-8152-ee202cac7502,/srv/fim-watch/gen_00228.txt,file_modified,alert_only,high,2026-09-18 00:11:48.042679+00,2026-09-18 00:13:47.996933+00
812aa16e-79fc-4d22-933c-f59ddc57617c,/srv/fim-watch/critico/gen_00342.txt,file_modified,alert_only,critical,2026-09-18 00:11:48.142626+00,2026-09-18 00:13:48.011355+00
1ee02f34-b2b6-4155-81a1-06861aa8cbde,/srv/fim-watch/gen_00422.txt,file_modified,alert_only,high,2026-09-18 00:11:48.242601+00,2026-09-18 00:13:48.027161+00
388812a4-6985-4962-9d82-8689f461ad4c,/srv/fim-watch/critico/gen_00371.txt,file_deleted,alert_only,critical,2026-09-18 00:11:48.342361+00,2026-09-18 00:13:48.042171+00
1459a76e-a643-4898-91c8-a787ad62d650,/srv/fim-watch/gen_00096.txt,file_modified,alert_only,high,2026-09-18 00:11:48.442412+00,2026-09-18 00:13:48.0578+00
18f988eb-f735-4356-aeee-76122d208101,/srv/fim-watch/gen_00096.txt,file_modified,alert_only,high,2026-09-18 00:11:48.54247+00,2026-09-18 00:13:48.086879+00
6f5663f3-dc2c-4bcf-a6a4-6237126c10be,/srv/fim-watch/gen_00404.txt,file_modified,alert_only,high,2026-09-18 00:11:48.642691+00,2026-09-18 00:13:48.097285+00
30e2b308-e0c5-4e98-a11b-f9ca38c2a673,/srv/fim-watch/gen_00434.txt,file_modified,alert_only,high,2026-09-18 00:11:48.742597+00,2026-09-18 00:13:48.114969+00
d23017e3-965e-401a-b424-cb8d41587ea2,/srv/fim-watch/gen_00434.txt,file_modified,alert_only,high,2026-09-18 00:11:48.842495+00,2026-09-18 00:13:48.131687+00
33852078-04ef-414e-a077-3aeb3e98a453,/srv/fim-watch/gen_00434.txt,file_modified,alert_only,high,2026-09-18 00:11:48.942939+00,2026-09-18 00:13:48.148115+00
1eb8581a-3c9e-47b3-a3fd-1e0c4da5f2a1,/srv/fim-watch/gen_00434.txt,file_modified,alert_only,high,2026-09-18 00:11:49.042471+00,2026-09-18 00:13:48.166515+00
143bb7a0-e436-463c-9f92-bf82ef6652d6,/srv/fim-watch/gen_00434.txt,file_modified,alert_only,high,2026-09-18 00:11:49.142493+00,2026-09-18 00:13:48.18644+00
cae8fb46-9e04-47aa-bd56-1a0430dc797a,/srv/fim-watch/gen_00114.txt,file_modified,alert_only,high,2026-09-18 00:11:49.242671+00,2026-09-18 00:13:48.204873+00
1a976998-0347-4183-8115-e499cf1878c5,/srv/fim-watch/gen_00427.txt,file_deleted,alert_only,high,2026-09-18 00:11:49.342316+00,2026-09-18 00:13:48.221342+00
0fc694cb-20be-408c-a608-27192c605542,/srv/fim-watch/critico/gen_00061.txt,file_modified,alert_only,critical,2026-09-18 00:11:49.442636+00,2026-09-18 00:13:48.238133+00
19670a68-c11e-4db6-adcd-183ce04cfe04,/srv/fim-watch/gen_00470.txt,file_modified,alert_only,high,2026-09-18 00:11:49.542517+00,2026-09-18 00:13:48.254287+00
2a4f44bc-7b41-4f5c-9789-c4db18e142a4,/srv/fim-watch/gen_00175.txt,file_deleted,alert_only,high,2026-09-18 00:11:49.642512+00,2026-09-18 00:13:48.270902+00
f2d0084e-331d-4c9a-9fe6-89d513da5e81,/srv/fim-watch/critico/gen_00471.txt,file_modified,alert_only,critical,2026-09-18 00:11:49.742411+00,2026-09-18 00:13:48.292511+00
072d6118-9617-4066-a852-0373725f4833,/srv/fim-watch/critico/gen_00471.txt,file_deleted,alert_only,critical,2026-09-18 00:11:49.842501+00,2026-09-18 00:13:48.310983+00
d0308232-33b5-4556-88e3-592cb11edcda,/srv/fim-watch/gen_00393.txt,file_modified,alert_only,high,2026-09-18 00:11:49.942496+00,2026-09-18 00:13:48.327706+00
d3d09cf3-08e5-479a-b0d3-317f445b6193,/srv/fim-watch/gen_00472.txt,file_modified,alert_only,high,2026-09-18 00:11:50.042619+00,2026-09-18 00:13:48.342251+00
172e4543-d758-43fc-8e66-d290268ec694,/srv/fim-watch/gen_00096.txt,file_modified,alert_only,high,2026-09-18 00:11:50.142684+00,2026-09-18 00:13:48.357369+00
36f48ae6-137f-4184-bc8c-5d7dd605c992,/srv/fim-watch/gen_00290.txt,file_modified,alert_only,high,2026-09-18 00:11:50.242626+00,2026-09-18 00:13:48.375008+00
f8f6d309-c645-46c3-863c-3a1b049b7fdc,/srv/fim-watch/gen_00367.txt,file_modified,alert_only,high,2026-09-18 00:11:50.342134+00,2026-09-18 00:13:48.390874+00
937c3fca-4863-4d35-bff2-faf8b3c313a9,/srv/fim-watch/critico/gen_00209.txt,file_modified,alert_only,critical,2026-09-18 00:11:50.44269+00,2026-09-18 00:13:48.412922+00
f21f6c92-c262-4d76-a305-22e38d3c74ff,/srv/fim-watch/critico/gen_00209.txt,file_modified,alert_only,critical,2026-09-18 00:11:50.54277+00,2026-09-18 00:13:48.434489+00
1c7ea101-9c07-41f1-a509-3e52e27c3131,/srv/fim-watch/gen_00473.txt,file_modified,alert_only,high,2026-09-18 00:11:50.642401+00,2026-09-18 00:13:48.457693+00
65f26833-985a-4870-b98e-38018db4de14,/srv/fim-watch/critico/gen_00253.txt,file_modified,alert_only,critical,2026-09-18 00:11:50.744525+00,2026-09-18 00:13:48.514609+00
a0ed4e06-d285-4054-b56c-7ea1ea6881ba,/srv/fim-watch/gen_00474.txt,file_created,alert_only,high,2026-09-18 00:11:50.841678+00,2026-09-18 00:13:48.619192+00
b0edfea4-5831-4d16-aa21-0ef05cc685d6,/srv/fim-watch/gen_00393.txt,file_deleted,alert_only,high,2026-09-18 00:11:50.941542+00,2026-09-18 00:13:48.752661+00
bda3fe03-2e1f-45ae-914e-65edecd255e3,/srv/fim-watch/gen_00449.txt,file_modified,alert_only,high,2026-09-18 00:11:51.041616+00,2026-09-18 00:13:48.914508+00
3cddc6d3-bfd0-4bcb-b326-3ee822db532a,/srv/fim-watch/gen_00449.txt,file_modified,alert_only,high,2026-09-18 00:11:51.14202+00,2026-09-18 00:13:49.026753+00
22aac3f5-e32a-4b40-bb58-49b7243f7230,/srv/fim-watch/gen_00475.txt,file_created,alert_only,high,2026-09-18 00:11:51.241546+00,2026-09-18 00:13:49.141612+00
76d33373-1213-4b99-aa19-a70d259cbd4c,/srv/fim-watch/gen_00230.txt,file_modified,alert_only,high,2026-09-18 00:11:51.342421+00,2026-09-18 00:13:49.295265+00
18f96c6f-5b83-4974-a242-3cc10cb61a1d,/srv/fim-watch/critico/gen_00428.txt,file_modified,alert_only,critical,2026-09-18 00:11:51.44159+00,2026-09-18 00:13:49.425961+00
1e995045-8cf9-4a62-bdfe-27af14dd79c8,/srv/fim-watch/gen_00235.txt,file_modified,alert_only,high,2026-09-18 00:11:51.641874+00,2026-09-18 00:13:49.689838+00
7419a3fc-4e9a-4e09-b940-81417c5d8a25,/srv/fim-watch/gen_00430.txt,file_modified,alert_only,high,2026-09-18 00:11:51.742908+00,2026-09-18 00:13:49.7653+00
fc0959e6-24e4-49a4-bc94-055b55e34a67,/srv/fim-watch/gen_00477.txt,file_modified,alert_only,high,2026-09-18 00:11:51.842977+00,2026-09-18 00:13:49.77134+00
0de9da93-ee29-4aac-ae95-392073af8932,/srv/fim-watch/critico/gen_00437.txt,file_modified,alert_only,critical,2026-09-18 00:11:51.942941+00,2026-09-18 00:13:49.786822+00
10e2a33a-7380-41d9-a045-3e4e7aa836ba,/srv/fim-watch/gen_00395.txt,file_modified,alert_only,high,2026-09-18 00:11:52.042622+00,2026-09-18 00:13:49.803454+00
d5561e44-6368-4c5d-bb1d-9a008c4e1758,/srv/fim-watch/gen_00314.txt,file_deleted,alert_only,high,2026-09-18 00:11:52.142449+00,2026-09-18 00:13:49.82271+00
8a3a38cc-1fac-4bc5-bf06-5d3e0b27948e,/srv/fim-watch/gen_00446.txt,file_modified,alert_only,high,2026-09-18 00:11:52.242794+00,2026-09-18 00:13:49.843478+00
87d134d7-9ce6-40da-bd5c-982697fbb45b,/srv/fim-watch/gen_00446.txt,file_modified,alert_only,high,2026-09-18 00:11:52.343177+00,2026-09-18 00:13:49.866343+00
b3aaa42f-b776-445f-92d1-9f1d6d39edff,/srv/fim-watch/gen_00446.txt,file_modified,alert_only,high,2026-09-18 00:11:52.442134+00,2026-09-18 00:13:49.883333+00
3b1bfe18-2d97-44ad-a669-d2d962b64a3f,/srv/fim-watch/gen_00446.txt,file_modified,alert_only,high,2026-09-18 00:11:52.542986+00,2026-09-18 00:13:49.899752+00
972db2de-9d77-436e-9448-d4392b59be79,/srv/fim-watch/gen_00446.txt,file_modified,alert_only,high,2026-09-18 00:11:52.642794+00,2026-09-18 00:13:49.919134+00
d330eb9d-3de1-40c7-9e13-696280489b82,/srv/fim-watch/gen_00352.txt,file_modified,alert_only,high,2026-09-18 00:11:52.742616+00,2026-09-18 00:13:49.936312+00
2caf833a-921b-4178-a8f7-5962ad05cac7,/srv/fim-watch/gen_00349.txt,file_deleted,alert_only,high,2026-09-18 00:11:52.842763+00,2026-09-18 00:13:49.952936+00
edbcec65-3d3f-47f4-b936-14ce4f30651d,/srv/fim-watch/critico/gen_00253.txt,file_modified,alert_only,critical,2026-09-18 00:11:52.942829+00,2026-09-18 00:13:49.969833+00
dfcb313a-a5ae-4840-9474-a5303da3b4f1,/srv/fim-watch/critico/gen_00253.txt,file_modified,alert_only,critical,2026-09-18 00:11:53.043039+00,2026-09-18 00:13:49.989591+00
a1d4be28-2f71-4f2b-acc0-604a64970217,/srv/fim-watch/critico/gen_00253.txt,file_modified,alert_only,critical,2026-09-18 00:11:53.142703+00,2026-09-18 00:13:50.007456+00
1527d200-3673-4801-bfd8-90856cc86325,/srv/fim-watch/critico/gen_00253.txt,file_modified,alert_only,critical,2026-09-18 00:11:53.242993+00,2026-09-18 00:13:50.024218+00
8942618e-e19b-4858-a648-39452eeb4546,/srv/fim-watch/critico/gen_00253.txt,file_modified,alert_only,critical,2026-09-18 00:11:53.342976+00,2026-09-18 00:13:50.040969+00
fc7566d1-17c4-4811-83da-a51bfdf6dcb1,/srv/fim-watch/critico/gen_00310.txt,file_modified,alert_only,critical,2026-09-18 00:11:53.442833+00,2026-09-18 00:13:50.056558+00
ba59ada3-659a-4730-891b-10a02d276583,/srv/fim-watch/critico/gen_00310.txt,file_modified,alert_only,critical,2026-09-18 00:11:53.542769+00,2026-09-18 00:13:50.073215+00
a5addde2-227f-4c15-bd9b-ddcfd5283a27,/srv/fim-watch/gen_00365.txt,file_modified,alert_only,high,2026-09-18 00:11:53.642446+00,2026-09-18 00:13:50.089018+00
fa397e12-364b-43a0-b9a6-3485250d3499,/srv/fim-watch/critico/gen_00251.txt,file_modified,alert_only,critical,2026-09-18 00:11:53.742487+00,2026-09-18 00:13:50.105672+00
785fef5d-ce70-4883-af02-bb14efc32a4b,/srv/fim-watch/gen_00478.txt,file_modified,alert_only,high,2026-09-18 00:11:53.842393+00,2026-09-18 00:13:50.122173+00
0916aeba-8302-4e21-8ea4-ec053f082f1f,/srv/fim-watch/critico/gen_00242.txt,file_deleted,alert_only,critical,2026-09-18 00:11:53.942513+00,2026-09-18 00:13:50.138174+00
5c86af40-3f09-4bd7-a871-67fd7b927c1c,/srv/fim-watch/gen_00126.txt,file_modified,alert_only,high,2026-09-18 00:11:54.042525+00,2026-09-18 00:13:50.155289+00
0541937d-ff64-4a55-aaaf-89f37e42fa03,/srv/fim-watch/gen_00356.txt,file_modified,alert_only,high,2026-09-18 00:11:54.142973+00,2026-09-18 00:13:50.171213+00
8aeca282-b16c-4c5e-8732-66665217c25b,/srv/fim-watch/gen_00238.txt,file_deleted,alert_only,high,2026-09-18 00:11:54.242432+00,2026-09-18 00:13:50.187326+00
4a5f4a61-a3af-4f06-bf4b-71df330ea7a9,/srv/fim-watch/gen_00359.txt,file_modified,alert_only,high,2026-09-18 00:11:54.342602+00,2026-09-18 00:13:50.20464+00
b35ea096-9830-4bce-a361-b98408ded86a,/srv/fim-watch/gen_00479.txt,file_modified,alert_only,high,2026-09-18 00:11:54.44264+00,2026-09-18 00:13:50.219906+00
0c989023-b830-4ce1-8342-174e88a4eeff,/srv/fim-watch/gen_00435.txt,file_modified,alert_only,high,2026-09-18 00:11:54.542719+00,2026-09-18 00:13:50.237082+00
fd5c15db-b98f-4abe-9f19-edbf069e1c34,/srv/fim-watch/gen_00480.txt,file_modified,alert_only,high,2026-09-18 00:11:54.742469+00,2026-09-18 00:13:50.253807+00
898d4aec-0b08-4e7b-b7ff-121b076860f8,/srv/fim-watch/gen_00230.txt,file_modified,alert_only,high,2026-09-18 00:11:54.842647+00,2026-09-18 00:13:50.269511+00
9e2b1be1-76be-4350-8699-735026f18115,/srv/fim-watch/gen_00481.txt,file_modified,alert_only,high,2026-09-18 00:11:54.942572+00,2026-09-18 00:13:50.284819+00
1f919a69-6f7e-4cd8-a581-a9b660d865a9,/srv/fim-watch/gen_00151.txt,file_modified,alert_only,high,2026-09-18 00:11:55.042409+00,2026-09-18 00:13:50.299897+00
dc64e25e-0ba3-4f20-8d63-bb859e6b0efc,/srv/fim-watch/critico/gen_00053.txt,file_modified,alert_only,critical,2026-09-18 00:11:55.142561+00,2026-09-18 00:13:50.315827+00
9edbdf51-b3d7-4b66-8e98-a079cfe8ec06,/srv/fim-watch/gen_00036.txt,file_modified,alert_only,high,2026-09-18 00:11:55.342617+00,2026-09-18 00:13:50.331064+00
bb21a04c-bd1b-4c38-8d6b-52e1efa20ecf,/srv/fim-watch/gen_00483.txt,file_modified,alert_only,high,2026-09-18 00:11:55.442491+00,2026-09-18 00:13:50.346912+00
7a49686b-2b0e-49f9-b341-80f947b71081,/srv/fim-watch/gen_00157.txt,file_modified,alert_only,high,2026-09-18 00:11:55.542665+00,2026-09-18 00:13:50.36314+00
1e1c6ab4-44f6-4350-b1a1-a8e0c14e7608,/srv/fim-watch/gen_00157.txt,file_modified,alert_only,high,2026-09-18 00:11:55.642621+00,2026-09-18 00:13:50.380446+00
04f590fd-dd6a-46a1-882a-ae6587f4f263,/srv/fim-watch/critico/gen_00262.txt,file_modified,alert_only,critical,2026-09-18 00:11:55.742534+00,2026-09-18 00:13:50.396471+00
f5fa9bb4-1f6f-46ea-947c-165ffe85e8f7,/srv/fim-watch/gen_00385.txt,file_modified,alert_only,high,2026-09-18 00:11:55.842678+00,2026-09-18 00:13:50.414276+00
ee6a9e96-b48b-4932-8109-b72bec7acbed,/srv/fim-watch/gen_00268.txt,file_modified,alert_only,high,2026-09-18 00:11:55.942663+00,2026-09-18 00:13:50.432245+00
b99a93a4-c9f8-400b-93b0-47b83ca7734b,/srv/fim-watch/critico/gen_00437.txt,file_modified,alert_only,critical,2026-09-18 00:11:56.042638+00,2026-09-18 00:13:50.448391+00
844f489d-906c-4eb9-b7aa-8939f4f493f0,/srv/fim-watch/gen_00335.txt,file_deleted,alert_only,high,2026-09-18 00:11:56.142396+00,2026-09-18 00:13:50.46475+00
b564442c-9808-42cb-b22a-27795e5c2a7b,/srv/fim-watch/gen_00350.txt,file_modified,alert_only,high,2026-09-18 00:11:56.242771+00,2026-09-18 00:13:50.482545+00
66b52711-64a1-4a63-829e-00a4b76fa26d,/srv/fim-watch/gen_00484.txt,file_modified,alert_only,high,2026-09-18 00:11:56.342427+00,2026-09-18 00:13:50.498631+00
dc9fe5d6-f5bc-4a4a-afff-f77c6922ea75,/srv/fim-watch/gen_00484.txt,file_deleted,alert_only,high,2026-09-18 00:11:56.44255+00,2026-09-18 00:13:50.516132+00
410ef93e-2dde-4f58-a644-43743130911e,/srv/fim-watch/gen_00365.txt,file_modified,alert_only,high,2026-09-18 00:11:56.542518+00,2026-09-18 00:13:50.532584+00
35a5f4be-9a98-4026-b6c3-85dbe9dae4f2,/srv/fim-watch/critico/gen_00344.txt,file_modified,alert_only,critical,2026-09-18 00:11:56.843169+00,2026-09-18 00:13:50.655931+00
503d18d0-7f24-4e72-8740-5309e8a2536d,/srv/fim-watch/gen_00213.txt,file_modified,alert_only,high,2026-09-18 00:11:56.942745+00,2026-09-18 00:13:50.717653+00
831f56b6-706e-4396-bf7c-8de62031e2d9,/srv/fim-watch/gen_00213.txt,file_modified,alert_only,high,2026-09-18 00:11:57.04244+00,2026-09-18 00:13:50.807517+00
80176d4f-e400-48f8-92b5-f89341372561,/srv/fim-watch/critico/gen_00409.txt,file_modified,alert_only,critical,2026-09-18 00:11:57.142769+00,2026-09-18 00:13:50.931548+00
d2db70ee-3610-4d7c-a1a9-70168ccd24da,/srv/fim-watch/gen_00487.txt,file_created,alert_only,high,2026-09-18 00:11:57.241655+00,2026-09-18 00:13:51.03943+00
33298317-1871-4ea4-8863-45dec22d9c23,/srv/fim-watch/critico/gen_00488.txt,file_modified,alert_only,critical,2026-09-18 00:11:57.341965+00,2026-09-18 00:13:51.172588+00
1e2d147a-3521-4ceb-8273-150eeb94049a,/srv/fim-watch/gen_00303.txt,file_modified,alert_only,high,2026-09-18 00:11:57.443839+00,2026-09-18 00:13:51.297723+00
709ea95e-31e7-4545-b3ec-b04d58bc8e0d,/srv/fim-watch/gen_00096.txt,file_modified,alert_only,high,2026-09-18 00:11:57.543253+00,2026-09-18 00:13:51.424235+00
9828d132-5d1b-4608-9131-abdbfeb996ea,/srv/fim-watch/gen_00285.txt,file_modified,alert_only,high,2026-09-18 00:11:57.641662+00,2026-09-18 00:13:51.546077+00
5e0e5792-2255-4d70-8f7c-9da21fbff49f,/srv/fim-watch/gen_00285.txt,file_modified,alert_only,high,2026-09-18 00:11:57.743023+00,2026-09-18 00:13:51.554984+00
8bcc02b7-508c-48d2-b045-fb4826dd7d3a,/srv/fim-watch/gen_00285.txt,file_modified,alert_only,high,2026-09-18 00:11:57.842484+00,2026-09-18 00:13:51.575644+00
278e9651-4c9e-4c4d-98a7-4867e919e4bc,/srv/fim-watch/gen_00285.txt,file_modified,alert_only,high,2026-09-18 00:11:57.943021+00,2026-09-18 00:13:51.597717+00
a015f809-e12d-4801-874c-0f6a3a17f27d,/srv/fim-watch/gen_00285.txt,file_modified,alert_only,high,2026-09-18 00:11:58.042751+00,2026-09-18 00:13:51.620145+00
0ad55f25-0beb-414a-9851-55843d58203b,/srv/fim-watch/gen_00400.txt,file_modified,alert_only,high,2026-09-18 00:11:58.142704+00,2026-09-18 00:13:51.637244+00
32fbe823-4bf8-4a1e-8bc0-c18a3112ab9c,/srv/fim-watch/gen_00489.txt,file_modified,alert_only,high,2026-09-18 00:11:58.242456+00,2026-09-18 00:13:51.653603+00
cbd531bc-3d83-4bbc-84a2-3541c40ce3c8,/srv/fim-watch/gen_00485.txt,file_modified,alert_only,high,2026-09-18 00:11:58.34261+00,2026-09-18 00:13:51.670044+00
da90d205-649b-4d02-b809-b31d08dec942,/srv/fim-watch/gen_00458.txt,file_modified,alert_only,high,2026-09-18 00:11:58.442624+00,2026-09-18 00:13:51.686158+00
853720d4-77b3-4d02-a4aa-15a9dd1c4685,/srv/fim-watch/critico/gen_00490.txt,file_created,alert_only,critical,2026-09-18 00:11:58.542803+00,2026-09-18 00:13:51.702863+00
b9f6ec4f-02ba-4842-8b3b-38a524d01cac,/srv/fim-watch/critico/gen_00191.txt,file_modified,alert_only,critical,2026-09-18 00:11:58.64276+00,2026-09-18 00:13:51.722225+00
c5eb2d55-34bf-4faf-8665-7b384e771e98,/srv/fim-watch/critico/gen_00189.txt,file_modified,alert_only,critical,2026-09-18 00:11:58.742437+00,2026-09-18 00:13:51.741748+00
474499c3-1783-45ac-bb09-3cd1fcbf37e3,/srv/fim-watch/gen_00436.txt,file_modified,alert_only,high,2026-09-18 00:11:58.842601+00,2026-09-18 00:13:51.761898+00
276452eb-bf0b-4f51-87f3-8f66a9666701,/srv/fim-watch/gen_00491.txt,file_modified,alert_only,high,2026-09-18 00:11:59.042666+00,2026-09-18 00:13:51.780402+00
815231f4-523f-41c7-a44f-32903804b65e,/srv/fim-watch/gen_00163.txt,file_modified,alert_only,high,2026-09-18 00:11:59.142787+00,2026-09-18 00:13:51.799821+00
5d85ad89-6e2f-4ee1-9f8b-a2905bc306b8,/srv/fim-watch/gen_00436.txt,file_modified,alert_only,high,2026-09-18 00:11:59.242749+00,2026-09-18 00:13:51.816198+00
30d4da60-81d7-4c54-8f98-04fae8a14836,/srv/fim-watch/gen_00479.txt,file_modified,alert_only,high,2026-09-18 00:11:59.342668+00,2026-09-18 00:13:51.832225+00
1683ef12-0d92-4f98-9064-7af8064858b2,/srv/fim-watch/gen_00479.txt,file_modified,alert_only,high,2026-09-18 00:11:59.44298+00,2026-09-18 00:13:51.848265+00
90ae661c-1e37-4e17-a189-40fdcf78c7f1,/srv/fim-watch/gen_00042.txt,file_modified,alert_only,high,2026-09-18 00:11:59.542961+00,2026-09-18 00:13:51.865222+00
6e7cdff1-75fb-4ecb-8ffa-b35b52db7939,/srv/fim-watch/gen_00157.txt,file_deleted,alert_only,high,2026-09-18 00:11:59.642589+00,2026-09-18 00:13:51.883046+00
f0ea899b-0701-4dcd-81b8-b6e7d9170ada,/srv/fim-watch/gen_00492.txt,file_modified,alert_only,high,2026-09-18 00:11:59.742719+00,2026-09-18 00:13:51.903039+00
ec00c3f5-88ec-4442-aa87-f2f294b9b950,/srv/fim-watch/gen_00282.txt,file_deleted,alert_only,high,2026-09-18 00:11:59.842372+00,2026-09-18 00:13:51.928485+00
98ffe64b-a24f-4b1b-9687-3c60cd37697b,/srv/fim-watch/gen_00439.txt,file_modified,alert_only,high,2026-09-18 00:11:59.942825+00,2026-09-18 00:13:51.945507+00
8f74ad7e-48ca-42ca-aeb6-f423d558494c,/srv/fim-watch/gen_00325.txt,file_modified,alert_only,high,2026-09-18 00:12:00.042514+00,2026-09-18 00:13:51.970705+00
e1a7e214-efa2-4278-9304-04ee978fd2fe,/srv/fim-watch/gen_00325.txt,file_modified,alert_only,high,2026-09-18 00:12:00.142218+00,2026-09-18 00:13:51.992811+00
75595a87-e49a-4bc1-9293-ec4c2101157d,/srv/fim-watch/gen_00493.txt,file_modified,alert_only,high,2026-09-18 00:12:00.242681+00,2026-09-18 00:13:52.02275+00
5d942531-ffca-47ef-94a6-ee559deaee65,/srv/fim-watch/critico/gen_00461.txt,file_deleted,alert_only,critical,2026-09-18 00:12:00.342738+00,2026-09-18 00:13:52.029685+00
6cb972bf-aacd-4a5f-b2ec-be947bf53d21,/srv/fim-watch/critico/gen_00061.txt,file_modified,alert_only,critical,2026-09-18 00:12:00.442022+00,2026-09-18 00:13:52.046207+00
853cd77a-bbd7-4dbe-b041-41b0f18c9ab3,/srv/fim-watch/critico/gen_00061.txt,file_modified,alert_only,critical,2026-09-18 00:12:00.542947+00,2026-09-18 00:13:52.06137+00
4498533e-2f5d-41b2-8208-b7a19ff071c8,/srv/fim-watch/gen_00494.txt,file_modified,alert_only,high,2026-09-18 00:12:00.642749+00,2026-09-18 00:13:52.077976+00
03778ecc-90c4-40ef-9f49-7453c542711f,/srv/fim-watch/gen_00477.txt,file_modified,alert_only,high,2026-09-18 00:12:00.742738+00,2026-09-18 00:13:52.093511+00
3cad467b-9abe-40c7-a86e-ea67cc4a72df,/srv/fim-watch/gen_00477.txt,file_modified,alert_only,high,2026-09-18 00:12:00.842774+00,2026-09-18 00:13:52.109357+00
4a87a3ad-6377-4b2c-835a-40d8d450306e,/srv/fim-watch/critico/gen_00408.txt,file_deleted,alert_only,critical,2026-09-18 00:12:00.942782+00,2026-09-18 00:13:52.125643+00
844c555e-a123-4cf0-8ad1-aaf1539a42e6,/srv/fim-watch/gen_00395.txt,file_modified,alert_only,high,2026-09-18 00:12:01.042966+00,2026-09-18 00:13:52.141488+00
a3c8b98b-3017-4164-a889-b3d4115388dd,/srv/fim-watch/critico/gen_00153.txt,file_modified,alert_only,critical,2026-09-18 00:12:01.143032+00,2026-09-18 00:13:52.158063+00
6649ef5e-6913-49b8-a576-0a07f7d55b6c,/srv/fim-watch/critico/gen_00322.txt,file_modified,alert_only,critical,2026-09-18 00:12:01.242641+00,2026-09-18 00:13:52.173616+00
ceee14f7-dce9-46f4-aa9b-a8f67949cc6d,/srv/fim-watch/gen_00416.txt,file_modified,alert_only,high,2026-09-18 00:12:01.342002+00,2026-09-18 00:13:52.189705+00
c96a1644-6ec0-4dbd-a8c4-461902da0c32,/srv/fim-watch/gen_00219.txt,file_modified,alert_only,high,2026-09-18 00:12:01.442672+00,2026-09-18 00:13:52.209055+00
7ebb5740-fb1b-45c1-a8a7-252c1c020055,/srv/fim-watch/gen_00219.txt,file_modified,alert_only,high,2026-09-18 00:12:01.542752+00,2026-09-18 00:13:52.224631+00
fad7b0b0-8de3-457c-9570-66c68b8de5e1,/srv/fim-watch/gen_00050.txt,file_modified,alert_only,high,2026-09-18 00:12:01.642771+00,2026-09-18 00:13:52.24072+00
3542215e-99db-4934-839c-cb156bdca116,/srv/fim-watch/gen_00098.txt,file_modified,alert_only,high,2026-09-18 00:12:01.742767+00,2026-09-18 00:13:52.256174+00
be13bd63-c2e0-4abc-9009-8042a3dc5490,/srv/fim-watch/gen_00325.txt,file_modified,alert_only,high,2026-09-18 00:12:01.842973+00,2026-09-18 00:13:52.27227+00
bff1563e-5218-4cfb-97fe-700096b3a000,/srv/fim-watch/critico/gen_00415.txt,file_modified,alert_only,critical,2026-09-18 00:12:01.94298+00,2026-09-18 00:13:52.288894+00
87634f62-6554-467a-adc0-d23c7e9cb4a0,/srv/fim-watch/gen_00496.txt,file_modified,alert_only,high,2026-09-18 00:12:02.142075+00,2026-09-18 00:13:52.305457+00
fcce7a6f-20f4-4369-af06-09f1fd9b4e52,/srv/fim-watch/gen_00496.txt,file_deleted,alert_only,high,2026-09-18 00:12:02.242601+00,2026-09-18 00:13:52.318203+00
60b32f7a-7c6e-4960-a7ec-e42afe56fe1d,/srv/fim-watch/gen_00311.txt,file_modified,alert_only,high,2026-09-18 00:12:02.34291+00,2026-09-18 00:13:52.334302+00
647f5c04-4f43-4a8b-8d87-a44560a6e26b,/srv/fim-watch/gen_00166.txt,file_modified,alert_only,high,2026-09-18 00:12:02.443011+00,2026-09-18 00:13:52.347261+00
a3649f5d-224d-48b9-8d0b-9ac6515bb20b,/srv/fim-watch/gen_00425.txt,file_modified,alert_only,high,2026-09-18 00:12:02.542544+00,2026-09-18 00:13:52.360793+00
16d866ba-cb6a-47f4-a499-eaa20283b8f5,/srv/fim-watch/gen_00497.txt,file_modified,alert_only,high,2026-09-18 00:12:02.642242+00,2026-09-18 00:13:52.389162+00
8544239d-efb2-463a-b8eb-03584e77d135,/srv/fim-watch/gen_00128.txt,file_modified,alert_only,high,2026-09-18 00:12:02.742192+00,2026-09-18 00:13:52.444053+00
ce492f00-fc47-440d-9033-753ad21904ee,/srv/fim-watch/gen_00375.txt,file_deleted,alert_only,high,2026-09-18 00:12:02.841763+00,2026-09-18 00:13:52.517678+00
7e19f6bd-70c9-4880-8687-5f7b93aba88d,/srv/fim-watch/gen_00498.txt,file_created,alert_only,high,2026-09-18 00:12:02.941628+00,2026-09-18 00:13:52.630975+00
9dbd6832-9320-4369-a90f-1300f477097d,/srv/fim-watch/gen_00468.txt,file_modified,alert_only,high,2026-09-18 00:12:03.042269+00,2026-09-18 00:13:52.745075+00
7cad7d02-2583-4f78-aad1-3acdf6da00ab,/srv/fim-watch/gen_00499.txt,file_created,alert_only,high,2026-09-18 00:12:03.141906+00,2026-09-18 00:13:52.853893+00
10fc0591-0cf3-4624-8360-ad8b78161f02,/srv/fim-watch/gen_00410.txt,file_modified,alert_only,high,2026-09-18 00:12:03.242108+00,2026-09-18 00:13:52.975146+00
535569c2-f5ce-4a0d-8d2b-7ba0c2cb82d4,/srv/fim-watch/gen_00410.txt,file_modified,alert_only,high,2026-09-18 00:12:03.341814+00,2026-09-18 00:13:53.083654+00
5ecf4a79-653e-44ce-b39f-d8036a2f6262,/srv/fim-watch/gen_00355.txt,file_modified,alert_only,high,2026-09-18 00:12:03.441602+00,2026-09-18 00:13:53.187048+00
09a023f6-5f7c-4633-b9d9-34f86e2cf759,/srv/fim-watch/gen_00355.txt,file_modified,alert_only,high,2026-09-18 00:12:03.542783+00,2026-09-18 00:13:53.212945+00
93320739-c2d7-4bdf-8262-cb0637820914,/srv/fim-watch/gen_00478.txt,file_modified,alert_only,high,2026-09-18 00:12:03.642534+00,2026-09-18 00:13:53.231303+00
c39a7bf7-f3ba-407d-8323-5f505fe4f8d9,/srv/fim-watch/gen_00291.txt,file_modified,alert_only,high,2026-09-18 00:12:03.742726+00,2026-09-18 00:13:53.239708+00
f2319cb7-de29-4229-ba67-07e14ee2ba93,/srv/fim-watch/gen_00500.txt,file_modified,alert_only,high,2026-09-18 00:12:03.842643+00,2026-09-18 00:13:53.25674+00
852c4f11-1dd4-4caf-a8ca-646262730161,/srv/fim-watch/gen_00501.txt,file_modified,alert_only,high,2026-09-18 00:12:03.942663+00,2026-09-18 00:13:53.273349+00
37257e24-66c9-4927-84af-f836fbc48a8a,/srv/fim-watch/critico/gen_00502.txt,file_modified,alert_only,critical,2026-09-18 00:12:04.042381+00,2026-09-18 00:13:53.291067+00
8c50c8a7-b407-447b-a885-f86d8f790993,/srv/fim-watch/critico/gen_00488.txt,file_modified,alert_only,critical,2026-09-18 00:12:04.142816+00,2026-09-18 00:13:53.30971+00
b13c7f26-6d7b-479c-a2d4-eefb8782a7be,/srv/fim-watch/critico/gen_00488.txt,file_modified,alert_only,critical,2026-09-18 00:12:04.242616+00,2026-09-18 00:13:53.32685+00
70a4e046-be28-42c9-bc26-8e8be04e7f92,/srv/fim-watch/gen_00474.txt,file_modified,alert_only,high,2026-09-18 00:12:04.342911+00,2026-09-18 00:13:53.343689+00
2ecb44e1-60ab-4945-9b40-ed57396999bb,/srv/fim-watch/gen_00320.txt,file_modified,alert_only,high,2026-09-18 00:12:04.44238+00,2026-09-18 00:13:53.361613+00
410cca7b-6b6d-4588-8a29-f46a75bb9a0e,/srv/fim-watch/gen_00329.txt,file_modified,alert_only,high,2026-09-18 00:12:04.542724+00,2026-09-18 00:13:53.379194+00
35b53112-2a61-4b4c-8f30-e595c96d876d,/srv/fim-watch/gen_00436.txt,file_modified,alert_only,high,2026-09-18 00:12:04.64258+00,2026-09-18 00:13:53.397869+00
c6ac63c1-e66e-4363-9c23-d450a33eaa17,/srv/fim-watch/gen_00384.txt,file_modified,alert_only,high,2026-09-18 00:12:04.742614+00,2026-09-18 00:13:53.415857+00
3a2e3f9b-55fe-4f69-8403-1a55a3a30cab,/srv/fim-watch/gen_00384.txt,file_modified,alert_only,high,2026-09-18 00:12:04.842542+00,2026-09-18 00:13:53.432873+00
4aaf7984-6401-4c25-9298-aaae99fb2fe6,/srv/fim-watch/critico/gen_00280.txt,file_modified,alert_only,critical,2026-09-18 00:12:04.942658+00,2026-09-18 00:13:53.449628+00
4517df2e-c5fc-442d-b74e-09a184e8a07f,/srv/fim-watch/gen_00459.txt,file_modified,alert_only,high,2026-09-18 00:12:05.142537+00,2026-09-18 00:13:53.478078+00
b81d56b8-569f-47ed-84a4-f938cb6e7fb8,/srv/fim-watch/gen_00430.txt,file_modified,alert_only,high,2026-09-18 00:12:05.242766+00,2026-09-18 00:13:53.504797+00
a07556c9-8847-4fa4-8618-9174162e5f01,/srv/fim-watch/gen_00384.txt,file_modified,alert_only,high,2026-09-18 00:12:05.342843+00,2026-09-18 00:13:53.524464+00
b8e0a851-5023-42a6-bdf3-72c6620806b2,/srv/fim-watch/critico/gen_00437.txt,file_modified,alert_only,critical,2026-09-18 00:12:05.442365+00,2026-09-18 00:13:53.540402+00
b38b3930-23ac-446a-ace7-ca209cc1c61c,/srv/fim-watch/gen_00325.txt,file_modified,alert_only,high,2026-09-18 00:12:05.5419+00,2026-09-18 00:13:53.559656+00
3fe56333-bdd9-4ebc-8bd0-30340c196e51,/srv/fim-watch/gen_00460.txt,file_modified,alert_only,high,2026-09-18 00:12:05.642469+00,2026-09-18 00:13:53.578502+00
4fc54fe7-52c9-4731-bbdc-0941a1f912bd,/srv/fim-watch/gen_00387.txt,file_modified,alert_only,high,2026-09-18 00:12:05.742705+00,2026-09-18 00:13:53.602593+00
60716278-cc3c-496e-b910-e574154de167,/srv/fim-watch/gen_00504.txt,file_modified,alert_only,high,2026-09-18 00:12:05.842507+00,2026-09-18 00:13:53.622619+00
3e282ae5-47ed-4c46-aaa2-0a69194aa7ad,/srv/fim-watch/gen_00434.txt,file_modified,alert_only,high,2026-09-18 00:12:05.942627+00,2026-09-18 00:13:53.639369+00
237d3fa9-b382-430a-a0be-732967710e8c,/srv/fim-watch/gen_00505.txt,file_modified,alert_only,high,2026-09-18 00:12:06.042421+00,2026-09-18 00:13:53.655006+00
dca2bb2d-36a3-4316-8c22-2368873714f0,/srv/fim-watch/critico/gen_00428.txt,file_modified,alert_only,critical,2026-09-18 00:12:06.14291+00,2026-09-18 00:13:53.67018+00
9e7abac8-01fc-4428-a7be-51d412048300,/srv/fim-watch/gen_00317.txt,file_deleted,alert_only,high,2026-09-18 00:12:06.242232+00,2026-09-18 00:13:53.687746+00
decbb192-6718-4621-b20b-2e2743abfc1e,/srv/fim-watch/gen_00368.txt,file_deleted,alert_only,high,2026-09-18 00:12:06.342589+00,2026-09-18 00:13:53.703091+00
b4ff329f-35f6-49a7-9c02-58e8356e31c0,/srv/fim-watch/critico/gen_00506.txt,file_modified,alert_only,critical,2026-09-18 00:12:06.442612+00,2026-09-18 00:13:53.717181+00
c201b0a4-41ec-4e72-ab2d-41374d3ea9cf,/srv/fim-watch/critico/gen_00506.txt,file_deleted,alert_only,critical,2026-09-18 00:12:06.54237+00,2026-09-18 00:13:53.733612+00
0d6437e3-8f86-4399-8d57-c6243fc5809d,/srv/fim-watch/critico/gen_00444.txt,file_modified,alert_only,critical,2026-09-18 00:12:06.642815+00,2026-09-18 00:13:53.750742+00
809f24ab-67cb-4a67-9e00-e501825b2872,/srv/fim-watch/gen_00507.txt,file_modified,alert_only,high,2026-09-18 00:12:06.842576+00,2026-09-18 00:13:53.767611+00
27779419-7783-4caf-989f-90ebaa60363f,/srv/fim-watch/gen_00400.txt,file_modified,alert_only,high,2026-09-18 00:12:06.942586+00,2026-09-18 00:13:53.783647+00
8c2c4c14-f87a-4587-9e8a-841af9020572,/srv/fim-watch/gen_00299.txt,file_modified,alert_only,high,2026-09-18 00:12:07.042546+00,2026-09-18 00:13:53.80007+00
af126909-af97-48c1-a540-7a8ad87ac218,/srv/fim-watch/gen_00299.txt,file_modified,alert_only,high,2026-09-18 00:12:07.142738+00,2026-09-18 00:13:53.815608+00
5d33482a-5b28-4305-906e-0cb4c07d2789,/srv/fim-watch/gen_00249.txt,file_modified,alert_only,high,2026-09-18 00:12:07.242406+00,2026-09-18 00:13:53.833328+00
85de5002-b081-413a-adff-4e170f826207,/srv/fim-watch/gen_00439.txt,file_modified,alert_only,high,2026-09-18 00:12:07.342576+00,2026-09-18 00:13:53.848424+00
cfcf8530-6af9-427f-b920-a71fc7c73ba2,/srv/fim-watch/critico/gen_00272.txt,file_modified,alert_only,critical,2026-09-18 00:12:07.442844+00,2026-09-18 00:13:53.863452+00
88cab8c5-9197-4952-a019-b43eff50be71,/srv/fim-watch/gen_00188.txt,file_modified,alert_only,high,2026-09-18 00:12:07.542079+00,2026-09-18 00:13:53.882578+00
c2555218-6cf7-4a80-98e2-573e9f456bcc,/srv/fim-watch/gen_00487.txt,file_modified,alert_only,high,2026-09-18 00:12:07.642547+00,2026-09-18 00:13:53.900001+00
0f96a07b-3e2e-48f4-ba51-17efa695a309,/srv/fim-watch/critico/gen_00369.txt,file_modified,alert_only,critical,2026-09-18 00:12:07.742621+00,2026-09-18 00:13:53.912523+00
e4e41b9f-8455-4353-885a-b2a1c785bf74,/srv/fim-watch/critico/gen_00156.txt,file_modified,alert_only,critical,2026-09-18 00:12:07.842559+00,2026-09-18 00:13:53.929127+00
76f22b84-2d2e-4a34-b8b0-a473091865a3,/srv/fim-watch/gen_00503.txt,file_modified,alert_only,high,2026-09-18 00:12:07.94263+00,2026-09-18 00:13:53.949316+00
dc8dcea9-da37-486d-bcdf-43a331db7988,/srv/fim-watch/critico/gen_00189.txt,file_modified,alert_only,critical,2026-09-18 00:12:08.042506+00,2026-09-18 00:13:53.968931+00
c4589c7d-8f5c-4da7-a910-aed6e2c309cc,/srv/fim-watch/gen_00489.txt,file_modified,alert_only,high,2026-09-18 00:12:08.242639+00,2026-09-18 00:13:53.986502+00
f47219fb-03a1-4820-a9e0-07e8b4eccdd0,/srv/fim-watch/gen_00504.txt,file_modified,alert_only,high,2026-09-18 00:12:08.342798+00,2026-09-18 00:13:54.004534+00
e95e765b-984c-4f4f-9b96-4ee8d18d1096,/srv/fim-watch/gen_00298.txt,file_modified,alert_only,high,2026-09-18 00:12:08.642173+00,2026-09-18 00:13:54.203093+00
c7ee1642-c4ed-4681-988c-ef8c3fe8d4be,/srv/fim-watch/critico/gen_00511.txt,file_created,alert_only,critical,2026-09-18 00:12:08.741801+00,2026-09-18 00:13:54.272516+00
7e0fa4e5-3341-4411-a5eb-0d60a1bb2b1d,/srv/fim-watch/critico/gen_00511.txt,file_deleted,alert_only,critical,2026-09-18 00:12:08.842517+00,2026-09-18 00:13:54.388068+00
008708ec-337f-46d1-b9de-4f4b7483da0c,/srv/fim-watch/gen_00352.txt,file_modified,alert_only,high,2026-09-18 00:12:08.941841+00,2026-09-18 00:13:54.500807+00
863d8995-138e-4c4c-b215-abb1cdd8ed6c,/srv/fim-watch/critico/gen_00130.txt,file_modified,alert_only,critical,2026-09-18 00:12:09.041914+00,2026-09-18 00:13:54.616153+00
66487175-4c1c-4ced-a685-e8a1dd891100,/srv/fim-watch/critico/gen_00457.txt,file_deleted,alert_only,critical,2026-09-18 00:12:09.141519+00,2026-09-18 00:13:54.735473+00
637fe78d-9092-4e2a-a2c9-575b198bcd95,/srv/fim-watch/gen_00418.txt,file_modified,alert_only,high,2026-09-18 00:12:09.241739+00,2026-09-18 00:13:54.864248+00
9cb2037f-6548-444a-a25a-0379947f733d,/srv/fim-watch/gen_00417.txt,file_modified,alert_only,high,2026-09-18 00:12:09.341816+00,2026-09-18 00:13:55.004818+00
3c0d511d-92fc-4680-8ac0-dfc784c004cc,/srv/fim-watch/gen_00126.txt,file_modified,alert_only,high,2026-09-18 00:12:09.442121+00,2026-09-18 00:13:55.153376+00
7433188d-5c96-48a9-b9fe-79f8eae92e88,/srv/fim-watch/gen_00255.txt,file_deleted,alert_only,high,2026-09-18 00:12:09.541885+00,2026-09-18 00:13:55.252682+00
6e36fb87-8786-425b-ba72-3bb187edf089,/srv/fim-watch/gen_00477.txt,file_modified,alert_only,high,2026-09-18 00:12:09.643037+00,2026-09-18 00:13:55.259756+00
0dbd55b8-6526-4c52-86a6-528c9c555404,/srv/fim-watch/critico/gen_00512.txt,file_modified,alert_only,critical,2026-09-18 00:12:09.743062+00,2026-09-18 00:13:55.284864+00
03ec11b8-63c7-4e7d-8a06-391e067a172a,/srv/fim-watch/gen_00228.txt,file_modified,alert_only,high,2026-09-18 00:12:09.842931+00,2026-09-18 00:13:55.306567+00
67df52fc-62b3-444d-b323-e29ef299a82f,/srv/fim-watch/gen_00513.txt,file_modified,alert_only,high,2026-09-18 00:12:09.942263+00,2026-09-18 00:13:55.326469+00
d11c6b81-fcb0-4750-af76-c828d052d9aa,/srv/fim-watch/gen_00514.txt,file_modified,alert_only,high,2026-09-18 00:12:10.042592+00,2026-09-18 00:13:55.350312+00
f351cda4-6d3e-4031-b61d-08ba5f72ecf6,/srv/fim-watch/critico/gen_00344.txt,file_deleted,alert_only,critical,2026-09-18 00:12:10.142155+00,2026-09-18 00:13:55.372229+00
59360546-1d48-4694-8fac-0a813d675fcb,/srv/fim-watch/gen_00117.txt,file_modified,alert_only,high,2026-09-18 00:12:10.24296+00,2026-09-18 00:13:55.39363+00
21b9f79f-c971-4b28-be0b-8d0cea2a0648,/srv/fim-watch/gen_00453.txt,file_modified,alert_only,high,2026-09-18 00:12:10.342952+00,2026-09-18 00:13:55.414077+00
0df92016-0052-476f-b78b-c94323282b29,/srv/fim-watch/gen_00453.txt,file_modified,alert_only,high,2026-09-18 00:12:10.442749+00,2026-09-18 00:13:55.43506+00
faa19fce-2f37-46c1-8934-86be7f81abaa,/srv/fim-watch/gen_00215.txt,file_modified,alert_only,high,2026-09-18 00:12:10.542828+00,2026-09-18 00:13:55.45152+00
b40b2472-df17-4101-9dd3-2f04a9e6c6cc,/srv/fim-watch/gen_00394.txt,file_deleted,alert_only,high,2026-09-18 00:12:10.641817+00,2026-09-18 00:13:55.471608+00
412e2cdf-dc85-47a2-b25c-a5c51d252a26,/srv/fim-watch/gen_00515.txt,file_modified,alert_only,high,2026-09-18 00:12:10.742786+00,2026-09-18 00:13:55.490478+00
43d2b94b-8737-4062-9017-a1a7ce5e61c5,/srv/fim-watch/critico/gen_00209.txt,file_modified,alert_only,critical,2026-09-18 00:12:10.842909+00,2026-09-18 00:13:55.515266+00
cb476755-607b-4005-9ca4-373d7f24695a,/srv/fim-watch/critico/gen_00361.txt,file_modified,alert_only,critical,2026-09-18 00:12:10.942805+00,2026-09-18 00:13:55.536732+00
aa5fc65d-c585-4f5f-83fa-0ad8660d8407,/srv/fim-watch/critico/gen_00516.txt,file_modified,alert_only,critical,2026-09-18 00:12:11.042492+00,2026-09-18 00:13:55.556469+00
086b63a4-b590-4eb3-a5f8-641ed7be744b,/srv/fim-watch/gen_00517.txt,file_modified,alert_only,high,2026-09-18 00:12:11.142274+00,2026-09-18 00:13:55.577715+00
3b4f9df7-edcf-4534-aade-96545ddbee59,/srv/fim-watch/gen_00486.txt,file_modified,alert_only,high,2026-09-18 00:12:11.242427+00,2026-09-18 00:13:55.601379+00
8abf63d0-3ea7-41aa-b98a-2e75561c0178,/srv/fim-watch/gen_00291.txt,file_modified,alert_only,high,2026-09-18 00:12:11.342418+00,2026-09-18 00:13:55.621934+00
332d44bb-1ed5-4d64-8974-654df597dee7,/srv/fim-watch/gen_00291.txt,file_modified,alert_only,high,2026-09-18 00:12:11.442056+00,2026-09-18 00:13:55.641196+00
9430e5b5-07a4-42d4-b147-fc556ba942ce,/srv/fim-watch/gen_00160.txt,file_modified,alert_only,high,2026-09-18 00:12:11.542044+00,2026-09-18 00:13:55.659322+00
2102f2b9-1f0e-4def-82b0-780ef2d9e002,/srv/fim-watch/gen_00160.txt,file_modified,alert_only,high,2026-09-18 00:12:11.641964+00,2026-09-18 00:13:55.67906+00
90960a62-b07b-42d7-9b57-38757d3bead3,/srv/fim-watch/gen_00458.txt,file_modified,alert_only,high,2026-09-18 00:12:11.743013+00,2026-09-18 00:13:55.696965+00
8ff78f13-7f3f-4204-8ac8-fcad850312fc,/srv/fim-watch/gen_00518.txt,file_modified,alert_only,high,2026-09-18 00:12:11.84199+00,2026-09-18 00:13:55.716196+00
cf798de8-eb1d-43dd-86c6-418f355fac33,/srv/fim-watch/gen_00249.txt,file_deleted,alert_only,high,2026-09-18 00:12:11.942264+00,2026-09-18 00:13:55.73411+00
6b053747-81c3-44f8-8d5f-d1214d899a63,/srv/fim-watch/gen_00429.txt,file_modified,alert_only,high,2026-09-18 00:12:12.042596+00,2026-09-18 00:13:55.750928+00
447797c0-f385-42e9-bec8-958084a8181c,/srv/fim-watch/gen_00429.txt,file_modified,alert_only,high,2026-09-18 00:12:12.14259+00,2026-09-18 00:13:55.768463+00
9b041c4a-8cab-45d5-a1b5-d89e612ff4a8,/srv/fim-watch/critico/gen_00451.txt,file_modified,alert_only,critical,2026-09-18 00:12:12.242586+00,2026-09-18 00:13:55.787446+00
31d2d784-e455-476d-8e51-494f528cfeb0,/srv/fim-watch/gen_00395.txt,file_modified,alert_only,high,2026-09-18 00:12:12.341981+00,2026-09-18 00:13:55.807008+00
ca3fcd76-1790-4b80-a83f-c2ab98c1d031,/srv/fim-watch/gen_00519.txt,file_modified,alert_only,high,2026-09-18 00:12:12.442716+00,2026-09-18 00:13:55.828736+00
346ca62c-aabf-4ec6-b0dd-9a18eafa8691,/srv/fim-watch/gen_00501.txt,file_modified,alert_only,high,2026-09-18 00:12:12.543017+00,2026-09-18 00:13:55.84813+00
54c98b0b-e062-4382-ae14-9bc30f6ec48b,/srv/fim-watch/gen_00475.txt,file_modified,alert_only,high,2026-09-18 00:12:12.642154+00,2026-09-18 00:13:55.867774+00
7f30fa80-38fd-4331-98cb-3ab96985d5b4,/srv/fim-watch/critico/gen_00280.txt,file_modified,alert_only,critical,2026-09-18 00:12:12.743023+00,2026-09-18 00:13:55.898132+00
c8d7a17b-a45e-48d0-8b81-952bc1e37ed1,/srv/fim-watch/critico/gen_00280.txt,file_modified,alert_only,critical,2026-09-18 00:12:12.843144+00,2026-09-18 00:13:55.907003+00
9b2630ad-1302-4730-8ac9-5e0b895eea8e,/srv/fim-watch/critico/gen_00280.txt,file_modified,alert_only,critical,2026-09-18 00:12:12.942594+00,2026-09-18 00:13:55.930069+00
5214ed0c-4ad9-42bc-bb3a-57eb55ce3618,/srv/fim-watch/critico/gen_00280.txt,file_modified,alert_only,critical,2026-09-18 00:12:13.042675+00,2026-09-18 00:13:55.948467+00
737af4b9-bcc9-447a-bf58-f1a35f2431de,/srv/fim-watch/critico/gen_00280.txt,file_modified,alert_only,critical,2026-09-18 00:12:13.14256+00,2026-09-18 00:13:55.965556+00
7f72e3d4-404a-4a12-a323-07d2da9dfafe,/srv/fim-watch/critico/gen_00391.txt,file_modified,alert_only,critical,2026-09-18 00:12:13.242803+00,2026-09-18 00:13:55.981803+00
64e66c10-1309-4a94-9cb5-9ef0c250c4f3,/srv/fim-watch/gen_00520.txt,file_modified,alert_only,high,2026-09-18 00:12:13.341949+00,2026-09-18 00:13:55.997923+00
d1caf9a6-c504-4b3d-a4f2-ee70da956a95,/srv/fim-watch/gen_00521.txt,file_modified,alert_only,high,2026-09-18 00:12:13.442732+00,2026-09-18 00:13:56.017245+00
540e3d5e-d1d9-4f0e-8729-6d665b4a2070,/srv/fim-watch/gen_00520.txt,file_modified,alert_only,high,2026-09-18 00:12:13.542683+00,2026-09-18 00:13:56.040063+00
a642feff-efa6-43d7-8a6e-3bb64cd63d6a,/srv/fim-watch/gen_00464.txt,file_modified,alert_only,high,2026-09-18 00:12:13.64267+00,2026-09-18 00:13:56.066088+00
11624010-f250-4f9a-9abb-e5b69bb611d9,/srv/fim-watch/gen_00491.txt,file_modified,alert_only,high,2026-09-18 00:12:13.742749+00,2026-09-18 00:13:56.091486+00
6cf76b2e-fbc4-4da8-a4ad-a9303e806ad8,/srv/fim-watch/gen_00522.txt,file_modified,alert_only,high,2026-09-18 00:12:13.842808+00,2026-09-18 00:13:56.110913+00
7a3cd2ef-def6-41b6-82a2-1394fafd534b,/srv/fim-watch/gen_00352.txt,file_modified,alert_only,high,2026-09-18 00:12:14.04298+00,2026-09-18 00:13:56.131461+00
0ffc9381-527a-433b-a2ae-9588020b07dd,/srv/fim-watch/gen_00307.txt,file_deleted,alert_only,high,2026-09-18 00:12:14.142613+00,2026-09-18 00:13:56.150824+00
69b15c71-1456-4dbd-9125-97306c7165e7,/srv/fim-watch/gen_00467.txt,file_modified,alert_only,high,2026-09-18 00:12:14.342761+00,2026-09-18 00:13:56.168802+00
f1a53483-77aa-405b-a151-f1cffff76e14,/srv/fim-watch/gen_00467.txt,file_modified,alert_only,high,2026-09-18 00:12:14.442626+00,2026-09-18 00:13:56.187836+00
64f50955-13d3-41b1-b93c-0797895714e7,/srv/fim-watch/gen_00467.txt,file_modified,alert_only,high,2026-09-18 00:12:14.542757+00,2026-09-18 00:13:56.212901+00
ae599bd2-407b-4ac0-8a42-b9334f0fe953,/srv/fim-watch/gen_00467.txt,file_modified,alert_only,high,2026-09-18 00:12:14.642747+00,2026-09-18 00:13:56.30196+00
fe1dd8ed-7616-4844-b35f-c97b389bafac,/srv/fim-watch/gen_00467.txt,file_modified,alert_only,high,2026-09-18 00:12:14.742139+00,2026-09-18 00:13:56.439801+00
d881f906-4cc7-44be-8c05-6f5bb25d1ceb,/srv/fim-watch/gen_00050.txt,file_modified,alert_only,high,2026-09-18 00:12:14.842431+00,2026-09-18 00:13:56.562605+00
2dd8ee55-7913-459d-8fd4-27b8a63baff9,/srv/fim-watch/gen_00254.txt,file_modified,alert_only,high,2026-09-18 00:12:14.94181+00,2026-09-18 00:13:56.693294+00
de0985ee-e75c-4bae-9d98-b0fe167bbd4d,/srv/fim-watch/gen_00525.txt,file_created,alert_only,high,2026-09-18 00:12:15.041745+00,2026-09-18 00:13:56.849889+00
c2ca13cf-81a4-4812-8b3c-688be32d5739,/srv/fim-watch/critico/gen_00053.txt,file_modified,alert_only,critical,2026-09-18 00:12:15.144889+00,2026-09-18 00:13:57.060416+00
c3f30641-224d-4a8e-9c4f-542e2d899fc5,/srv/fim-watch/critico/gen_00304.txt,file_modified,alert_only,critical,2026-09-18 00:12:15.241731+00,2026-09-18 00:13:57.187632+00
4f8571bb-be11-43a3-981e-3a9ff718aa33,/srv/fim-watch/gen_00474.txt,file_deleted,alert_only,high,2026-09-18 00:12:15.341582+00,2026-09-18 00:13:57.289968+00
9ac55a64-e8ef-496a-8527-62b479505437,/srv/fim-watch/gen_00289.txt,file_deleted,alert_only,high,2026-09-18 00:12:15.442843+00,2026-09-18 00:13:57.442334+00
b017f4cb-5cb3-4721-a347-7beaa860b861,/srv/fim-watch/gen_00513.txt,file_modified,alert_only,high,2026-09-18 00:12:15.541655+00,2026-09-18 00:13:57.567994+00
e6dad273-5f32-4e59-8640-04066d23a563,/srv/fim-watch/gen_00526.txt,file_created,alert_only,high,2026-09-18 00:12:15.641878+00,2026-09-18 00:13:57.579252+00
9c8a040f-c2e1-4d7d-badc-21b5da692cda,/srv/fim-watch/gen_00418.txt,file_modified,alert_only,high,2026-09-18 00:12:15.74247+00,2026-09-18 00:13:57.606148+00
fc9b8dcc-201e-4ead-9a49-98df16f5fa8f,/srv/fim-watch/critico/gen_00527.txt,file_modified,alert_only,critical,2026-09-18 00:12:15.842446+00,2026-09-18 00:13:57.635977+00
25ea4c36-9524-4fae-aae2-9fab83b7f37a,/srv/fim-watch/gen_00179.txt,file_modified,alert_only,high,2026-09-18 00:12:15.942488+00,2026-09-18 00:13:57.657817+00
b2d211f5-b5dc-4957-ae94-2f06836a5335,/srv/fim-watch/gen_00179.txt,file_modified,alert_only,high,2026-09-18 00:12:16.042927+00,2026-09-18 00:13:57.680361+00
9f3b8a46-2bf5-4a84-b88b-2f3fbfa974c6,/srv/fim-watch/gen_00528.txt,file_modified,alert_only,high,2026-09-18 00:12:16.142655+00,2026-09-18 00:13:57.699982+00
38c5dfe4-2a7f-49e8-abb8-dcc72396b6fe,/srv/fim-watch/gen_00514.txt,file_modified,alert_only,high,2026-09-18 00:12:16.242478+00,2026-09-18 00:13:57.739103+00
752bae73-5ba3-40c5-9dba-608cb8e6c8e5,/srv/fim-watch/gen_00486.txt,file_modified,alert_only,high,2026-09-18 00:12:16.342512+00,2026-09-18 00:13:57.749345+00
488d9766-6b8c-4e97-a8c5-2ff8f5ca3f12,/srv/fim-watch/critico/gen_00502.txt,file_modified,alert_only,critical,2026-09-18 00:12:16.442054+00,2026-09-18 00:13:57.772993+00
4e792b0c-9dd1-4efd-a40a-838f593b878e,/srv/fim-watch/gen_00325.txt,file_modified,alert_only,high,2026-09-18 00:12:16.542498+00,2026-09-18 00:13:57.799077+00
a4045678-a2de-4da4-9edf-ca748547a1f8,/srv/fim-watch/critico/gen_00353.txt,file_modified,alert_only,critical,2026-09-18 00:12:16.642461+00,2026-09-18 00:13:57.825504+00
a2cab47d-257f-4576-94d4-17fe67a44434,/srv/fim-watch/gen_00284.txt,file_modified,alert_only,high,2026-09-18 00:12:16.742472+00,2026-09-18 00:13:57.853592+00
ab624c4e-bb47-4d96-ae6c-5b5ca0735ac3,/srv/fim-watch/gen_00241.txt,file_modified,alert_only,high,2026-09-18 00:12:16.842679+00,2026-09-18 00:13:57.879762+00
0373e7c5-9376-4d44-8a50-947adccdbdf6,/srv/fim-watch/gen_00405.txt,file_modified,alert_only,high,2026-09-18 00:12:16.942536+00,2026-09-18 00:13:57.907018+00
1d7709e1-519c-4423-9ab9-afd2bbd6a040,/srv/fim-watch/gen_00405.txt,file_modified,alert_only,high,2026-09-18 00:12:17.043096+00,2026-09-18 00:13:57.929329+00
6761b618-087a-455a-8137-0b19cb04feea,/srv/fim-watch/critico/gen_00465.txt,file_modified,alert_only,critical,2026-09-18 00:12:17.14305+00,2026-09-18 00:13:57.958633+00
920efb32-860a-4aa3-9096-079bd50f714c,/srv/fim-watch/critico/gen_00184.txt,file_modified,alert_only,critical,2026-09-18 00:12:17.242905+00,2026-09-18 00:13:57.9902+00
382b576e-c09b-4d9f-b4ab-174339f21c16,/srv/fim-watch/gen_00529.txt,file_modified,alert_only,high,2026-09-18 00:12:17.342264+00,2026-09-18 00:13:58.025808+00
0e935776-b1b6-47b0-ab4b-2ff51932fe08,/srv/fim-watch/gen_00426.txt,file_modified,alert_only,high,2026-09-18 00:12:17.443002+00,2026-09-18 00:13:58.055432+00
8ae0f7e2-5081-4ff7-8780-4acd8086653f,/srv/fim-watch/critico/gen_00530.txt,file_modified,alert_only,critical,2026-09-18 00:12:17.542946+00,2026-09-18 00:13:58.080628+00
1efb8964-d844-4c58-97ef-48f648f5e51e,/srv/fim-watch/critico/gen_00262.txt,file_modified,alert_only,critical,2026-09-18 00:12:17.642365+00,2026-09-18 00:13:58.104619+00
1b53a00e-6e9a-470e-a365-1c07bda1f7aa,/srv/fim-watch/gen_00531.txt,file_modified,alert_only,high,2026-09-18 00:12:17.743043+00,2026-09-18 00:13:58.120988+00
3acda759-deb2-4344-bc84-70196f2bcede,/srv/fim-watch/gen_00500.txt,file_modified,alert_only,high,2026-09-18 00:12:17.843132+00,2026-09-18 00:13:58.137593+00
9aefd308-e309-442c-b43f-aecc7d7d6f0c,/srv/fim-watch/gen_00500.txt,file_modified,alert_only,high,2026-09-18 00:12:17.94248+00,2026-09-18 00:13:58.158294+00
7e60f3ec-fe48-49eb-9d45-9aa595277570,/srv/fim-watch/gen_00331.txt,file_modified,alert_only,high,2026-09-18 00:12:18.042965+00,2026-09-18 00:13:58.175739+00
1cb4c31f-5482-4280-94d9-23a412bd686c,/srv/fim-watch/gen_00377.txt,file_modified,alert_only,high,2026-09-18 00:12:18.14332+00,2026-09-18 00:13:58.19865+00
9ad3875c-b0c3-4368-a212-34346f9277ed,/srv/fim-watch/gen_00323.txt,file_deleted,alert_only,high,2026-09-18 00:12:18.242972+00,2026-09-18 00:13:58.216115+00
cf3e1bf8-afb5-4921-a5d6-a8bf02d5626c,/srv/fim-watch/gen_00228.txt,file_modified,alert_only,high,2026-09-18 00:12:18.342927+00,2026-09-18 00:13:58.240348+00
80881840-9113-471b-9c5f-1c80dae19ae6,/srv/fim-watch/gen_00228.txt,file_modified,alert_only,high,2026-09-18 00:12:18.443172+00,2026-09-18 00:13:58.262465+00
e158b5f8-c697-4fdb-84bf-6d64944a30bc,/srv/fim-watch/gen_00228.txt,file_modified,alert_only,high,2026-09-18 00:12:18.542716+00,2026-09-18 00:13:58.283951+00
8de9483a-b139-4c79-8da4-bf66fae57bb8,/srv/fim-watch/gen_00228.txt,file_modified,alert_only,high,2026-09-18 00:12:18.642576+00,2026-09-18 00:13:58.305686+00
cd33ed5a-ddd3-4ad8-9dc4-d461f332a7cb,/srv/fim-watch/gen_00228.txt,file_modified,alert_only,high,2026-09-18 00:12:18.743097+00,2026-09-18 00:13:58.331668+00
4b1ced03-86e7-419b-af0e-622500177d62,/srv/fim-watch/gen_00417.txt,file_modified,alert_only,high,2026-09-18 00:12:18.842727+00,2026-09-18 00:13:58.355701+00
089bceaa-e6e3-44ee-a7eb-4dc223e86118,/srv/fim-watch/critico/gen_00532.txt,file_modified,alert_only,critical,2026-09-18 00:12:18.942421+00,2026-09-18 00:13:58.381831+00
aec459ff-70ba-4de9-976c-2be16826f8f2,/srv/fim-watch/gen_00325.txt,file_modified,alert_only,high,2026-09-18 00:12:19.042625+00,2026-09-18 00:13:58.401648+00
0b6011fe-572a-44f5-8e78-bf3b95043d4c,/srv/fim-watch/gen_00533.txt,file_modified,alert_only,high,2026-09-18 00:12:19.142908+00,2026-09-18 00:13:58.426797+00
312303b9-85e3-425d-bd9d-dd2843ebfc18,/srv/fim-watch/gen_00513.txt,file_modified,alert_only,high,2026-09-18 00:12:19.242484+00,2026-09-18 00:13:58.447604+00
8031f6fb-0ef3-487f-b01b-d4f7036ec660,/srv/fim-watch/gen_00206.txt,file_deleted,alert_only,high,2026-09-18 00:12:19.342296+00,2026-09-18 00:13:58.465486+00
d4b71862-52ca-4e36-9402-4ae0a51b3109,/srv/fim-watch/gen_00501.txt,file_modified,alert_only,high,2026-09-18 00:12:19.442576+00,2026-09-18 00:13:58.485891+00
0c4e2462-2da3-4776-8b54-7bbd722880a1,/srv/fim-watch/gen_00298.txt,file_modified,alert_only,high,2026-09-18 00:12:19.542999+00,2026-09-18 00:13:58.508944+00
3bd222b9-2def-4e71-82f0-38c4064a738d,/srv/fim-watch/gen_00352.txt,file_modified,alert_only,high,2026-09-18 00:12:19.642597+00,2026-09-18 00:13:58.541192+00
1a3a6c44-8c3e-402d-88c7-b2aa1b3abb57,/srv/fim-watch/critico/gen_00409.txt,file_modified,alert_only,critical,2026-09-18 00:12:19.743059+00,2026-09-18 00:13:58.569355+00
d12377e4-df7c-48a6-96cf-0fcb2852053f,/srv/fim-watch/gen_00534.txt,file_created,alert_only,high,2026-09-18 00:12:19.842802+00,2026-09-18 00:13:58.595874+00
8ebbef51-1e93-4c84-aeb2-ed258676ad61,/srv/fim-watch/gen_00064.txt,file_modified,alert_only,high,2026-09-18 00:12:19.942517+00,2026-09-18 00:13:58.62164+00
d6f2489b-6ec5-4359-a91f-b70d89cadbf1,/srv/fim-watch/gen_00424.txt,file_modified,alert_only,high,2026-09-18 00:12:20.042133+00,2026-09-18 00:13:58.653382+00
6ed05ef1-3fe9-4bae-859e-81d6523a6758,/srv/fim-watch/gen_00424.txt,file_modified,alert_only,high,2026-09-18 00:12:20.142083+00,2026-09-18 00:13:58.678223+00
b0d5d011-1867-4deb-96db-9c12f2af95ff,/srv/fim-watch/gen_00424.txt,file_modified,alert_only,high,2026-09-18 00:12:20.242504+00,2026-09-18 00:13:58.699643+00
1587627a-0695-445d-b49b-c6f3f1059c95,/srv/fim-watch/gen_00424.txt,file_modified,alert_only,high,2026-09-18 00:12:20.343146+00,2026-09-18 00:13:58.718322+00
94d1b748-b27b-424e-97ec-654ea3e6606f,/srv/fim-watch/gen_00424.txt,file_modified,alert_only,high,2026-09-18 00:12:20.443135+00,2026-09-18 00:13:58.735642+00
fcdd3176-b5a9-464a-b9e5-8888232ba724,/srv/fim-watch/critico/gen_00413.txt,file_deleted,alert_only,critical,2026-09-18 00:12:20.643003+00,2026-09-18 00:13:58.884001+00
adb18f8b-9885-4196-a64d-7814fcff28b1,/srv/fim-watch/gen_00448.txt,file_modified,alert_only,high,2026-09-18 00:12:20.74209+00,2026-09-18 00:13:59.006328+00
daf209a3-6c64-4193-aeaa-e46b07111727,/srv/fim-watch/gen_00448.txt,file_modified,alert_only,high,2026-09-18 00:12:20.841581+00,2026-09-18 00:13:59.184413+00
69be1354-ba59-4479-8697-0151a34c0879,/srv/fim-watch/gen_00435.txt,file_modified,alert_only,high,2026-09-18 00:12:20.941685+00,2026-09-18 00:13:59.341092+00
b2d9b708-df7f-4951-9923-a5cf39a9ee93,/srv/fim-watch/gen_00096.txt,file_modified,alert_only,high,2026-09-18 00:12:21.043467+00,2026-09-18 00:13:59.493769+00
37e4ff60-67b8-4817-8234-31b421e62dea,/srv/fim-watch/critico/gen_00191.txt,file_modified,alert_only,critical,2026-09-18 00:12:21.1415+00,2026-09-18 00:13:59.636403+00
20423c0c-613f-456f-b1ee-134de3b0d593,/srv/fim-watch/critico/gen_00428.txt,file_modified,alert_only,critical,2026-09-18 00:12:21.241658+00,2026-09-18 00:13:59.756958+00
2374a440-48b8-49e4-a733-315f1d713096,/srv/fim-watch/gen_00259.txt,file_modified,alert_only,high,2026-09-18 00:12:21.341677+00,2026-09-18 00:13:59.872546+00
34082bcc-896e-4203-a27b-c81ef1ba06cf,/srv/fim-watch/gen_00259.txt,file_modified,alert_only,high,2026-09-18 00:12:21.442149+00,2026-09-18 00:13:59.98393+00
396f03a3-4b76-4e2e-86e4-af5b6e4cceac,/srv/fim-watch/gen_00259.txt,file_modified,alert_only,high,2026-09-18 00:12:21.54218+00,2026-09-18 00:13:59.990151+00
ce816d72-b006-4b94-8cca-1cbbbedf2a9b,/srv/fim-watch/gen_00259.txt,file_modified,alert_only,high,2026-09-18 00:12:21.642668+00,2026-09-18 00:14:00.007594+00
44f1abb9-cce5-411e-bcd1-3d1a61bf6cd5,/srv/fim-watch/gen_00259.txt,file_modified,alert_only,high,2026-09-18 00:12:21.742703+00,2026-09-18 00:14:00.030005+00
cf6b4616-5b64-4aab-8d52-91adfd711153,/srv/fim-watch/gen_00269.txt,file_deleted,alert_only,high,2026-09-18 00:12:21.84263+00,2026-09-18 00:14:00.054445+00
13fa2a18-3837-4ff6-9a83-210846300a90,/srv/fim-watch/gen_00256.txt,file_modified,alert_only,high,2026-09-18 00:12:21.942626+00,2026-09-18 00:14:00.084804+00
ffb96e42-7c81-4f81-b7a5-3a29018609ab,/srv/fim-watch/gen_00256.txt,file_modified,alert_only,high,2026-09-18 00:12:22.042565+00,2026-09-18 00:14:00.12328+00
f2cb4cf7-3099-40b6-ba8a-7d107ebd205d,/srv/fim-watch/critico/gen_00123.txt,file_modified,alert_only,critical,2026-09-18 00:12:22.143138+00,2026-09-18 00:14:00.142852+00
fcfbbbc1-f15e-446b-89e7-8180bcd60f7b,/srv/fim-watch/gen_00290.txt,file_modified,alert_only,high,2026-09-18 00:12:22.243789+00,2026-09-18 00:14:00.162964+00
f96d0c62-69e3-4081-9ae6-93e545a7cede,/srv/fim-watch/gen_00225.txt,file_modified,alert_only,high,2026-09-18 00:12:22.342975+00,2026-09-18 00:14:00.181874+00
559eebc0-3d58-42d7-bf07-f260d859b2ab,/srv/fim-watch/gen_00404.txt,file_modified,alert_only,high,2026-09-18 00:12:22.442614+00,2026-09-18 00:14:00.206696+00
5b09ab3a-9047-44cf-8caf-c81c974eb1b9,/srv/fim-watch/gen_00479.txt,file_modified,alert_only,high,2026-09-18 00:12:22.542561+00,2026-09-18 00:14:00.235093+00
43f3f8d7-60dd-4e19-a0db-b3a5b3cc63d1,/srv/fim-watch/gen_00235.txt,file_modified,alert_only,high,2026-09-18 00:12:22.642457+00,2026-09-18 00:14:00.270495+00
2fa48773-307d-4fd6-99dd-883471c4197d,/srv/fim-watch/critico/gen_00490.txt,file_modified,alert_only,critical,2026-09-18 00:12:22.742643+00,2026-09-18 00:14:00.291257+00
bd0bf30f-d74d-4db0-95b0-bde69eddaaef,/srv/fim-watch/critico/gen_00209.txt,file_modified,alert_only,critical,2026-09-18 00:12:22.842634+00,2026-09-18 00:14:00.324421+00
e15e9859-fa7b-4d1e-a8e5-a3dde7aae545,/srv/fim-watch/gen_00285.txt,file_modified,alert_only,high,2026-09-18 00:12:22.943154+00,2026-09-18 00:14:00.353047+00
798a204e-13b6-476d-bcbe-8a2927a96691,/srv/fim-watch/gen_00536.txt,file_modified,alert_only,high,2026-09-18 00:12:23.042385+00,2026-09-18 00:14:00.386774+00
1a4a50a9-f95a-4fe4-b1b2-de2d7136f183,/srv/fim-watch/gen_00470.txt,file_modified,alert_only,high,2026-09-18 00:12:23.142706+00,2026-09-18 00:14:00.419168+00
d669edae-1314-4ace-b163-928acd75a0ac,/srv/fim-watch/gen_00385.txt,file_modified,alert_only,high,2026-09-18 00:12:23.242593+00,2026-09-18 00:14:00.434952+00
ffe37234-19e8-4123-8eb8-c68c0bc54264,/srv/fim-watch/gen_00139.txt,file_modified,alert_only,high,2026-09-18 00:12:23.342262+00,2026-09-18 00:14:00.450045+00
8336c7fd-c689-423e-98c9-2b81f9aae62e,/srv/fim-watch/gen_00537.txt,file_modified,alert_only,high,2026-09-18 00:12:23.44284+00,2026-09-18 00:14:00.465957+00
4942520d-1e36-41ef-85b4-1292348f304f,/srv/fim-watch/critico/gen_00456.txt,file_modified,alert_only,critical,2026-09-18 00:12:23.543033+00,2026-09-18 00:14:00.482274+00
45fe1b1d-6dc0-416a-83cc-a66d62f81a72,/srv/fim-watch/gen_00498.txt,file_modified,alert_only,high,2026-09-18 00:12:23.64267+00,2026-09-18 00:14:00.49904+00
1abfa910-dd61-4faa-b3b4-f34785e3b2c5,/srv/fim-watch/gen_00538.txt,file_modified,alert_only,high,2026-09-18 00:12:23.742403+00,2026-09-18 00:14:00.51752+00
9d2ff891-b76d-4bad-b5d8-240411cdfd10,/srv/fim-watch/gen_00539.txt,file_modified,alert_only,high,2026-09-18 00:12:23.84281+00,2026-09-18 00:14:00.540126+00
e4c7c609-a96f-41e7-a825-85ccbeec1abf,/srv/fim-watch/gen_00498.txt,file_modified,alert_only,high,2026-09-18 00:12:23.942997+00,2026-09-18 00:14:00.563505+00
5b9c3920-b207-470b-87b6-8b985d2e4f30,/srv/fim-watch/gen_00498.txt,file_modified,alert_only,high,2026-09-18 00:12:24.042092+00,2026-09-18 00:14:00.582006+00
dcaa296d-8c6b-4c2e-9dd4-ba3ffd299de4,/srv/fim-watch/gen_00498.txt,file_modified,alert_only,high,2026-09-18 00:12:24.142842+00,2026-09-18 00:14:00.601629+00
bd9408eb-911a-4cff-a93d-f56f552acd44,/srv/fim-watch/gen_00498.txt,file_modified,alert_only,high,2026-09-18 00:12:24.242474+00,2026-09-18 00:14:00.621284+00
1b078708-ea90-4bef-80f0-60d6aa91f165,/srv/fim-watch/gen_00498.txt,file_modified,alert_only,high,2026-09-18 00:12:24.342468+00,2026-09-18 00:14:00.64438+00
d962b1a2-4619-4624-bb34-3dc1665c1dca,/srv/fim-watch/gen_00540.txt,file_modified,alert_only,high,2026-09-18 00:12:24.442217+00,2026-09-18 00:14:00.684145+00
6d0565cd-33d9-484f-91a9-af76f35bb26c,/srv/fim-watch/gen_00508.txt,file_modified,alert_only,high,2026-09-18 00:12:24.542186+00,2026-09-18 00:14:00.69662+00
133f22a2-3ee0-4e3c-828c-2ac894b7318d,/srv/fim-watch/gen_00426.txt,file_modified,alert_only,high,2026-09-18 00:12:24.642574+00,2026-09-18 00:14:00.722243+00
b7907ab2-f9e3-4532-ad7d-9fe2bbc35c65,/srv/fim-watch/gen_00534.txt,file_deleted,alert_only,high,2026-09-18 00:12:24.742778+00,2026-09-18 00:14:00.74362+00
3db87175-435e-4534-b134-2d52436924f3,/srv/fim-watch/gen_00541.txt,file_modified,alert_only,high,2026-09-18 00:12:24.842435+00,2026-09-18 00:14:00.768733+00
3ccb7830-3f4c-405b-936f-3ebf588f7c0f,/srv/fim-watch/gen_00542.txt,file_modified,alert_only,high,2026-09-18 00:12:24.943126+00,2026-09-18 00:14:00.791402+00
be8c693e-1a79-4f9d-ab8c-b55dd01d0b73,/srv/fim-watch/gen_00475.txt,file_modified,alert_only,high,2026-09-18 00:12:25.042735+00,2026-09-18 00:14:00.814529+00
36533a84-44f9-4b26-8e51-210e840d2421,/srv/fim-watch/gen_00475.txt,file_modified,alert_only,high,2026-09-18 00:12:25.142443+00,2026-09-18 00:14:00.840655+00
02c5dfc4-0cbd-439e-be33-c1a82de7ffe8,/srv/fim-watch/critico/gen_00509.txt,file_modified,alert_only,critical,2026-09-18 00:12:25.242153+00,2026-09-18 00:14:00.866149+00
c11d6a64-9375-4414-9d50-20a96319b38f,/srv/fim-watch/gen_00479.txt,file_modified,alert_only,high,2026-09-18 00:12:25.442736+00,2026-09-18 00:14:00.889277+00
8592ad52-3959-4de4-a5ea-4b8a08abdc21,/srv/fim-watch/gen_00479.txt,file_modified,alert_only,high,2026-09-18 00:12:25.542973+00,2026-09-18 00:14:00.913119+00
59d32bcb-6a34-48fa-96f2-43d93bae361e,/srv/fim-watch/gen_00479.txt,file_modified,alert_only,high,2026-09-18 00:12:25.642929+00,2026-09-18 00:14:00.938314+00
f96d00be-f64a-4fd4-a2ae-02be5ad81e74,/srv/fim-watch/gen_00479.txt,file_modified,alert_only,high,2026-09-18 00:12:25.742904+00,2026-09-18 00:14:00.964691+00
4bdaf3b2-8c58-4a3d-af2d-a5890ee2f777,/srv/fim-watch/gen_00479.txt,file_modified,alert_only,high,2026-09-18 00:12:25.842291+00,2026-09-18 00:14:00.988355+00
0deef21d-2f05-442b-84bc-4c7d61547ba4,/srv/fim-watch/gen_00543.txt,file_modified,alert_only,high,2026-09-18 00:12:25.942575+00,2026-09-18 00:14:01.01341+00
d38ef6c0-74ab-42c9-8e67-4b7f5b00a847,/srv/fim-watch/gen_00498.txt,file_deleted,alert_only,high,2026-09-18 00:12:26.042513+00,2026-09-18 00:14:01.037782+00
17dcb6b0-a541-4639-af5c-d2abe39fe59b,/srv/fim-watch/gen_00326.txt,file_modified,alert_only,high,2026-09-18 00:12:26.14258+00,2026-09-18 00:14:01.056261+00
3735fb77-2f53-4fce-8caf-e1fc58028def,/srv/fim-watch/critico/gen_00130.txt,file_modified,alert_only,critical,2026-09-18 00:12:26.342752+00,2026-09-18 00:14:01.083112+00
bb1dcff4-ef3b-4a73-80cb-60466c88f0c7,/srv/fim-watch/gen_00545.txt,file_created,alert_only,high,2026-09-18 00:12:26.442043+00,2026-09-18 00:14:01.132213+00
abf30b3e-f33b-4943-bf5e-085b0ddbc795,/srv/fim-watch/gen_00426.txt,file_modified,alert_only,high,2026-09-18 00:12:26.541546+00,2026-09-18 00:14:01.193988+00
24f346ab-a42a-45e2-a3f4-0c1b118cefac,/srv/fim-watch/gen_00163.txt,file_modified,alert_only,high,2026-09-18 00:12:26.741773+00,2026-09-18 00:14:01.498253+00
7d5bf671-9039-4743-9214-81d4f5343d00,/srv/fim-watch/gen_00442.txt,file_modified,alert_only,high,2026-09-18 00:12:26.941591+00,2026-09-18 00:14:01.711453+00
f692dbb0-4fec-4e7a-b4fe-ee0024eb8275,/srv/fim-watch/gen_00519.txt,file_modified,alert_only,high,2026-09-18 00:12:27.041914+00,2026-09-18 00:14:01.828612+00
0526a7ef-2470-4e5e-883b-52914cb96155,/srv/fim-watch/gen_00254.txt,file_modified,alert_only,high,2026-09-18 00:12:27.141749+00,2026-09-18 00:14:01.948416+00
6cf6f5ae-dc65-414f-9870-f7c7e6d36db3,/srv/fim-watch/gen_00134.txt,file_modified,alert_only,high,2026-09-18 00:12:27.24171+00,2026-09-18 00:14:02.061996+00
a026f1b3-fa4a-4432-bfbf-63ed551c3ebc,/srv/fim-watch/gen_00134.txt,file_modified,alert_only,high,2026-09-18 00:12:27.341653+00,2026-09-18 00:14:02.216893+00
9f25b74f-5070-4c62-8658-1f4f1c919ad8,/srv/fim-watch/critico/gen_00530.txt,file_modified,alert_only,critical,2026-09-18 00:12:27.442208+00,2026-09-18 00:14:02.291768+00
88d45357-8c5d-4412-965c-07ec0cb78724,/srv/fim-watch/gen_00196.txt,file_modified,alert_only,high,2026-09-18 00:12:27.542468+00,2026-09-18 00:14:02.299785+00
a588888f-ee56-40e6-a067-a2ef3d85c91a,/srv/fim-watch/gen_00309.txt,file_modified,alert_only,high,2026-09-18 00:12:27.643607+00,2026-09-18 00:14:02.318171+00
367f52f8-58a9-4344-9951-07150a71d214,/srv/fim-watch/gen_00500.txt,file_modified,alert_only,high,2026-09-18 00:12:27.742308+00,2026-09-18 00:14:02.352514+00
b9503b5d-b0df-4f30-ba50-502c5c6e8d14,/srv/fim-watch/critico/gen_00438.txt,file_modified,alert_only,critical,2026-09-18 00:12:27.843062+00,2026-09-18 00:14:02.360995+00
ea67bb16-98a2-4ba0-8311-107b8a676781,/srv/fim-watch/critico/gen_00548.txt,file_modified,alert_only,critical,2026-09-18 00:12:27.942903+00,2026-09-18 00:14:02.380773+00
fc02c9cc-67c4-4f35-99a8-4084b6428e33,/srv/fim-watch/gen_00128.txt,file_modified,alert_only,high,2026-09-18 00:12:28.042795+00,2026-09-18 00:14:02.401534+00
172a7671-5073-4d0d-94ae-52b92a39b8ae,/srv/fim-watch/gen_00207.txt,file_modified,alert_only,high,2026-09-18 00:12:28.142742+00,2026-09-18 00:14:02.417952+00
9f91489c-ce4f-415a-a557-f7f431c59507,/srv/fim-watch/gen_00207.txt,file_modified,alert_only,high,2026-09-18 00:12:28.242735+00,2026-09-18 00:14:02.432353+00
8b59216a-8d03-4e91-a241-5543fc481c5c,/srv/fim-watch/gen_00539.txt,file_modified,alert_only,high,2026-09-18 00:12:28.343199+00,2026-09-18 00:14:02.449515+00
32c22f2d-e997-4345-942b-70c0474a5970,/srv/fim-watch/gen_00466.txt,file_modified,alert_only,high,2026-09-18 00:12:28.442831+00,2026-09-18 00:14:02.467682+00
583575e1-8b68-403f-a444-32211debd760,/srv/fim-watch/gen_00163.txt,file_modified,alert_only,high,2026-09-18 00:12:28.54278+00,2026-09-18 00:14:02.484403+00
533ee034-6ebd-4f8c-bdbd-0a55a7cb1dad,/srv/fim-watch/gen_00549.txt,file_modified,alert_only,high,2026-09-18 00:12:28.642657+00,2026-09-18 00:14:02.506009+00
94fe21b2-093a-4e00-b402-8cb62e46d78d,/srv/fim-watch/gen_00412.txt,file_modified,alert_only,high,2026-09-18 00:12:28.743014+00,2026-09-18 00:14:02.524894+00
b8ee648e-9afe-4a8a-a5e8-a0a7723a7cb4,/srv/fim-watch/gen_00550.txt,file_modified,alert_only,high,2026-09-18 00:12:28.842724+00,2026-09-18 00:14:02.542451+00
257f7474-3b96-4a34-9760-596a26ffc80c,/srv/fim-watch/gen_00547.txt,file_modified,alert_only,high,2026-09-18 00:12:28.943007+00,2026-09-18 00:14:02.562124+00
cee175e2-28cf-473f-8ea6-fa366aade35f,/srv/fim-watch/gen_00543.txt,file_modified,alert_only,high,2026-09-18 00:12:29.042704+00,2026-09-18 00:14:02.578795+00
aafc1ed9-27a6-49c8-a86e-b762de4494f5,/srv/fim-watch/gen_00320.txt,file_modified,alert_only,high,2026-09-18 00:12:29.143231+00,2026-09-18 00:14:02.596766+00
2e59ad47-bc97-4215-8a78-3e79c8a5fa04,/srv/fim-watch/gen_00221.txt,file_modified,alert_only,high,2026-09-18 00:12:29.242679+00,2026-09-18 00:14:02.61408+00
c9508f62-1e0c-4563-9128-a01642bfa5b3,/srv/fim-watch/gen_00466.txt,file_modified,alert_only,high,2026-09-18 00:12:29.342727+00,2026-09-18 00:14:02.630488+00
9a2ea836-65ce-4646-b5c3-eff503a0de9e,/srv/fim-watch/gen_00331.txt,file_deleted,alert_only,high,2026-09-18 00:12:29.442651+00,2026-09-18 00:14:02.648047+00
801266c1-f109-40ba-99be-e878fe4e2ef2,/srv/fim-watch/critico/gen_00330.txt,file_modified,alert_only,critical,2026-09-18 00:12:29.542638+00,2026-09-18 00:14:02.663405+00
76b28bb0-16c5-4492-8ecd-1b384283f062,/srv/fim-watch/gen_00215.txt,file_deleted,alert_only,high,2026-09-18 00:12:29.642509+00,2026-09-18 00:14:02.678757+00
f2563718-d560-48d8-8081-9442bfbf4c18,/srv/fim-watch/gen_00442.txt,file_modified,alert_only,high,2026-09-18 00:12:29.742664+00,2026-09-18 00:14:02.693942+00
94b52af2-6d3d-4eff-87e7-d8a29181b89c,/srv/fim-watch/gen_00442.txt,file_modified,alert_only,high,2026-09-18 00:12:29.842665+00,2026-09-18 00:14:02.713247+00
4aa77e16-f411-4493-948d-bc06dc50e2b3,/srv/fim-watch/critico/gen_00509.txt,file_modified,alert_only,critical,2026-09-18 00:12:29.942808+00,2026-09-18 00:14:02.728122+00
3526aae1-cfb9-4f37-85ed-a44f34047b57,/srv/fim-watch/gen_00358.txt,file_modified,alert_only,high,2026-09-18 00:12:30.042531+00,2026-09-18 00:14:02.745376+00
9b67601f-bfb3-48fa-956c-423565b4037a,/srv/fim-watch/critico/gen_00322.txt,file_modified,alert_only,critical,2026-09-18 00:12:30.142983+00,2026-09-18 00:14:02.762815+00
3838503f-5340-47db-ba4d-dc9af2e78e4b,/srv/fim-watch/gen_00551.txt,file_modified,alert_only,high,2026-09-18 00:12:30.242663+00,2026-09-18 00:14:02.77936+00
69d5b042-74d7-4357-bf29-c0263f074d95,/srv/fim-watch/gen_00528.txt,file_modified,alert_only,high,2026-09-18 00:12:30.342761+00,2026-09-18 00:14:02.795015+00
8101ebed-fb11-4965-a3f7-a9fb92fe5be9,/srv/fim-watch/gen_00430.txt,file_deleted,alert_only,high,2026-09-18 00:12:30.442245+00,2026-09-18 00:14:02.811242+00
a400cac0-96e6-4250-8abb-816446808274,/srv/fim-watch/critico/gen_00552.txt,file_modified,alert_only,critical,2026-09-18 00:12:30.542746+00,2026-09-18 00:14:02.83342+00
2585ac22-cd66-47af-b4ba-a48b9a3c7743,/srv/fim-watch/gen_00364.txt,file_modified,alert_only,high,2026-09-18 00:12:30.642781+00,2026-09-18 00:14:02.851266+00
8ccad9fb-450d-4a82-ad56-ffe3f8c8efc2,/srv/fim-watch/gen_00364.txt,file_modified,alert_only,high,2026-09-18 00:12:30.742698+00,2026-09-18 00:14:02.869856+00
375d9ba7-b3d5-4e24-9b05-1ee6742b7120,/srv/fim-watch/gen_00553.txt,file_modified,alert_only,high,2026-09-18 00:12:30.842476+00,2026-09-18 00:14:02.887852+00
354d6214-784a-40c8-8a63-06e533650137,/srv/fim-watch/gen_00477.txt,file_deleted,alert_only,high,2026-09-18 00:12:30.942509+00,2026-09-18 00:14:02.906372+00
4ced61be-77d6-4268-bbfe-61ef88ea305c,/srv/fim-watch/gen_00266.txt,file_modified,alert_only,high,2026-09-18 00:12:31.042772+00,2026-09-18 00:14:02.924619+00
95100dac-d368-4b20-a174-3824bce4a20b,/srv/fim-watch/gen_00266.txt,file_modified,alert_only,high,2026-09-18 00:12:31.142751+00,2026-09-18 00:14:02.942524+00
d5f7c0e4-851b-463a-b951-beac445003a0,/srv/fim-watch/gen_00266.txt,file_modified,alert_only,high,2026-09-18 00:12:31.242537+00,2026-09-18 00:14:02.957724+00
0c40e1e1-35b2-432c-9d46-7892f3928e1d,/srv/fim-watch/gen_00266.txt,file_modified,alert_only,high,2026-09-18 00:12:31.342621+00,2026-09-18 00:14:02.972965+00
c74804a3-6c52-4aa8-b5e2-0d40248d2bc4,/srv/fim-watch/gen_00266.txt,file_modified,alert_only,high,2026-09-18 00:12:31.442516+00,2026-09-18 00:14:02.988014+00
8fcfd68c-92f7-48f5-a8a8-7f27f5d3999b,/srv/fim-watch/gen_00196.txt,file_deleted,alert_only,high,2026-09-18 00:12:31.542465+00,2026-09-18 00:14:03.003355+00
76a07cd9-9ed9-4d93-8ce2-ab7531d480e6,/srv/fim-watch/gen_00554.txt,file_modified,alert_only,high,2026-09-18 00:12:31.642472+00,2026-09-18 00:14:03.018551+00
6c547eae-06e4-45af-8ee7-4f0417988a87,/srv/fim-watch/gen_00526.txt,file_modified,alert_only,high,2026-09-18 00:12:31.742888+00,2026-09-18 00:14:03.033634+00
d819d825-f8ca-44ec-9fb1-e485c8d7e9bd,/srv/fim-watch/critico/gen_00262.txt,file_modified,alert_only,critical,2026-09-18 00:12:31.942942+00,2026-09-18 00:14:03.051019+00
c75f04a5-8b69-4041-9324-dea80dbf2ce3,/srv/fim-watch/critico/gen_00392.txt,file_modified,alert_only,critical,2026-09-18 00:12:32.043185+00,2026-09-18 00:14:03.068434+00
3f4adcec-43c0-46ee-bb94-058f88515de9,/srv/fim-watch/gen_00494.txt,file_modified,alert_only,high,2026-09-18 00:12:32.142772+00,2026-09-18 00:14:03.083554+00
26088d12-9b7f-42c7-be2c-c20022f44d7d,/srv/fim-watch/gen_00494.txt,file_modified,alert_only,high,2026-09-18 00:12:32.24262+00,2026-09-18 00:14:03.099566+00
eefbc07b-0dd1-4f41-bd71-4269bde685f1,/srv/fim-watch/gen_00234.txt,file_modified,alert_only,high,2026-09-18 00:12:32.342261+00,2026-09-18 00:14:03.114628+00
d0deb540-562b-4a89-8ec7-03438f22eae3,/srv/fim-watch/gen_00293.txt,file_modified,alert_only,high,2026-09-18 00:12:32.44233+00,2026-09-18 00:14:03.160453+00
629791c3-66b1-4b50-aacd-430a57caf69c,/srv/fim-watch/critico/gen_00502.txt,file_modified,alert_only,critical,2026-09-18 00:12:32.541779+00,2026-09-18 00:14:03.247296+00
9de2d34b-9796-4007-986a-a1b589820cc5,/srv/fim-watch/gen_00234.txt,file_modified,alert_only,high,2026-09-18 00:12:32.641551+00,2026-09-18 00:14:03.370486+00
1eb0b6cf-b4bc-4758-8bb2-efc60020d57f,/srv/fim-watch/gen_00234.txt,file_modified,alert_only,high,2026-09-18 00:12:32.741987+00,2026-09-18 00:14:03.463077+00
9f32beae-479d-47ea-a772-ff9b0f88ac6e,/srv/fim-watch/gen_00234.txt,file_modified,alert_only,high,2026-09-18 00:12:32.841918+00,2026-09-18 00:14:03.558893+00
1e1c31ac-856a-4ec5-a6ab-ae8a6428835c,/srv/fim-watch/gen_00234.txt,file_modified,alert_only,high,2026-09-18 00:12:32.942628+00,2026-09-18 00:14:03.669982+00
be070768-3d82-42b2-b285-800de4ef3cd5,/srv/fim-watch/gen_00234.txt,file_modified,alert_only,high,2026-09-18 00:12:33.041844+00,2026-09-18 00:14:03.767962+00
345a8804-3876-493a-910f-d552a89e29e8,/srv/fim-watch/critico/gen_00351.txt,file_modified,alert_only,critical,2026-09-18 00:12:33.142377+00,2026-09-18 00:14:03.882343+00
62106937-5a3e-4401-82d2-9ac5b3527b0e,/srv/fim-watch/gen_00555.txt,file_created,alert_only,high,2026-09-18 00:12:33.241651+00,2026-09-18 00:14:03.989501+00
cabbd612-d912-40dc-b57f-0aee6d7b88db,/srv/fim-watch/gen_00555.txt,file_deleted,alert_only,high,2026-09-18 00:12:33.341572+00,2026-09-18 00:14:04.105552+00
820a63de-8d94-49ed-87db-484d2646ccaa,/srv/fim-watch/gen_00290.txt,file_modified,alert_only,high,2026-09-18 00:12:33.441689+00,2026-09-18 00:14:04.216802+00
48ef2fba-94bc-472a-8233-6a2a442deac4,/srv/fim-watch/gen_00470.txt,file_modified,alert_only,high,2026-09-18 00:12:33.542434+00,2026-09-18 00:14:04.249409+00
eb2cd4cd-d70e-4a3f-a910-b1e9c57ee311,/srv/fim-watch/gen_00470.txt,file_modified,alert_only,high,2026-09-18 00:12:33.642424+00,2026-09-18 00:14:04.259514+00
d98251dc-8398-423b-808d-a8e855315491,/srv/fim-watch/gen_00441.txt,file_modified,alert_only,high,2026-09-18 00:12:33.742596+00,2026-09-18 00:14:04.276188+00
1d86a8d6-1440-452a-9301-4d71fb6a02af,/srv/fim-watch/gen_00494.txt,file_modified,alert_only,high,2026-09-18 00:12:33.842673+00,2026-09-18 00:14:04.292652+00
2193ff5c-4c68-40d3-9958-4dbd8f67a8b6,/srv/fim-watch/gen_00384.txt,file_modified,alert_only,high,2026-09-18 00:12:33.942294+00,2026-09-18 00:14:04.310953+00
94fe8187-af23-45b5-9be8-e3bc14ff2b32,/srv/fim-watch/gen_00285.txt,file_modified,alert_only,high,2026-09-18 00:12:34.042065+00,2026-09-18 00:14:04.329235+00
0bab314f-f1f3-4238-badd-631d3107c65a,/srv/fim-watch/gen_00446.txt,file_modified,alert_only,high,2026-09-18 00:12:34.14293+00,2026-09-18 00:14:04.348949+00
40097b3d-31e2-442f-acf3-e52f7312e7bc,/srv/fim-watch/gen_00108.txt,file_deleted,alert_only,high,2026-09-18 00:12:34.241928+00,2026-09-18 00:14:04.370658+00
5b8f54fb-6022-4afb-82f4-15ac7557aa2c,/srv/fim-watch/critico/gen_00556.txt,file_modified,alert_only,critical,2026-09-18 00:12:34.342645+00,2026-09-18 00:14:04.389936+00
8501322a-d88a-4283-83ae-61dcd2722a40,/srv/fim-watch/gen_00470.txt,file_modified,alert_only,high,2026-09-18 00:12:34.442735+00,2026-09-18 00:14:04.408246+00
95401b7d-2db2-43ec-a26e-994ec6c21152,/srv/fim-watch/gen_00557.txt,file_modified,alert_only,high,2026-09-18 00:12:34.542628+00,2026-09-18 00:14:04.426685+00
2f5fc9fe-34d0-4f1a-8273-a19545babf15,/srv/fim-watch/critico/gen_00061.txt,file_modified,alert_only,critical,2026-09-18 00:12:34.642542+00,2026-09-18 00:14:04.444501+00
a390c8b2-052a-442e-9421-d21b70e1b01d,/srv/fim-watch/gen_00320.txt,file_deleted,alert_only,high,2026-09-18 00:12:34.742918+00,2026-09-18 00:14:04.462826+00
bf657659-4393-4337-a3a4-05fd2680772c,/srv/fim-watch/gen_00500.txt,file_deleted,alert_only,high,2026-09-18 00:12:34.842591+00,2026-09-18 00:14:04.480632+00
dd62f385-cbe0-40c3-a1f3-749ac3e47639,/srv/fim-watch/critico/gen_00347.txt,file_modified,alert_only,critical,2026-09-18 00:12:34.942646+00,2026-09-18 00:14:04.498712+00
7fd25fdf-13c6-4788-9397-2145e2ded270,/srv/fim-watch/critico/gen_00347.txt,file_modified,alert_only,critical,2026-09-18 00:12:35.042594+00,2026-09-18 00:14:04.520327+00
12a69149-5824-4213-8095-6ea23028f84e,/srv/fim-watch/critico/gen_00502.txt,file_modified,alert_only,critical,2026-09-18 00:12:35.142116+00,2026-09-18 00:14:04.539163+00
6a4b0aac-c39c-4868-8bf4-4cde744ad6dc,/srv/fim-watch/gen_00417.txt,file_modified,alert_only,high,2026-09-18 00:12:35.242665+00,2026-09-18 00:14:04.559273+00
1727f503-4d01-41c7-a94b-5bc0a2670917,/srv/fim-watch/gen_00417.txt,file_modified,alert_only,high,2026-09-18 00:12:35.342303+00,2026-09-18 00:14:04.58099+00
a7d567af-e56d-4c30-9715-e20dda7e5422,/srv/fim-watch/gen_00188.txt,file_modified,alert_only,high,2026-09-18 00:12:35.442934+00,2026-09-18 00:14:04.604043+00
817dbeb4-cd5a-4ce4-959a-348932973680,/srv/fim-watch/gen_00142.txt,file_modified,alert_only,high,2026-09-18 00:12:35.542945+00,2026-09-18 00:14:04.623056+00
5ed79793-78fc-4bff-b9f6-05c5fdc390e8,/srv/fim-watch/gen_00558.txt,file_modified,alert_only,high,2026-09-18 00:12:35.64241+00,2026-09-18 00:14:04.655205+00
cea37faa-d396-46f3-a63f-5dedd31354d3,/srv/fim-watch/gen_00559.txt,file_modified,alert_only,high,2026-09-18 00:12:35.742842+00,2026-09-18 00:14:04.662443+00
e12d006b-5062-4839-a40e-8b27ffb65ca6,/srv/fim-watch/gen_00559.txt,file_deleted,alert_only,high,2026-09-18 00:12:35.842317+00,2026-09-18 00:14:04.680469+00
a83e8ce7-fd24-4712-9027-87b8e86cd6d8,/srv/fim-watch/gen_00377.txt,file_modified,alert_only,high,2026-09-18 00:12:35.942235+00,2026-09-18 00:14:04.700294+00
6cb683fb-ed3d-4f4e-8013-9936a6d78cca,/srv/fim-watch/gen_00521.txt,file_modified,alert_only,high,2026-09-18 00:12:36.041834+00,2026-09-18 00:14:04.7231+00
dde1a7d7-0817-4a94-98e3-f8fbf34d48b1,/srv/fim-watch/critico/gen_00272.txt,file_modified,alert_only,critical,2026-09-18 00:12:36.142785+00,2026-09-18 00:14:04.742926+00
c6f1bd37-1bc6-4ead-9393-f0d4a8b33443,/srv/fim-watch/gen_00560.txt,file_modified,alert_only,high,2026-09-18 00:12:36.241943+00,2026-09-18 00:14:04.759528+00
a507dbec-c846-4755-a444-8f5791bf549b,/srv/fim-watch/gen_00561.txt,file_modified,alert_only,high,2026-09-18 00:12:36.34245+00,2026-09-18 00:14:04.77439+00
b12a1f46-6ba7-463b-9c38-f6bedc7d4bc2,/srv/fim-watch/gen_00561.txt,file_deleted,alert_only,high,2026-09-18 00:12:36.442695+00,2026-09-18 00:14:04.789486+00
43e24fd8-4ebb-4132-a5d7-c7fba2ddd754,/srv/fim-watch/critico/gen_00562.txt,file_modified,alert_only,critical,2026-09-18 00:12:36.542606+00,2026-09-18 00:14:04.808629+00
e3c2801d-f0be-4712-a5af-0ee0159994b4,/srv/fim-watch/gen_00563.txt,file_created,alert_only,high,2026-09-18 00:12:36.641905+00,2026-09-18 00:14:04.828072+00
86e07979-da66-4d02-bb1f-167de1a77980,/srv/fim-watch/gen_00563.txt,file_deleted,alert_only,high,2026-09-18 00:12:36.742702+00,2026-09-18 00:14:04.846727+00
4a3b9c7d-7b0c-4712-8aab-538f8c4a7ec3,/srv/fim-watch/gen_00350.txt,file_modified,alert_only,high,2026-09-18 00:12:36.842651+00,2026-09-18 00:14:04.866063+00
b4874242-03b7-4229-93fb-b99a504decc5,/srv/fim-watch/gen_00425.txt,file_modified,alert_only,high,2026-09-18 00:12:36.942773+00,2026-09-18 00:14:04.881093+00
394b365f-05cd-4f2c-a7d4-9028eb8b0fcf,/srv/fim-watch/gen_00564.txt,file_modified,alert_only,high,2026-09-18 00:12:37.042662+00,2026-09-18 00:14:04.900559+00
78ea3d47-1430-4bbc-a28e-9cae3773e543,/srv/fim-watch/gen_00098.txt,file_modified,alert_only,high,2026-09-18 00:12:37.142745+00,2026-09-18 00:14:04.916261+00
a9a36144-6e7f-481c-b26d-cf01f66600dd,/srv/fim-watch/gen_00098.txt,file_modified,alert_only,high,2026-09-18 00:12:37.242268+00,2026-09-18 00:14:04.93538+00
04558cab-b7a5-4348-8fb8-8d3f6d4d8eab,/srv/fim-watch/gen_00139.txt,file_modified,alert_only,high,2026-09-18 00:12:37.343181+00,2026-09-18 00:14:04.95347+00
9f0c40b5-e64d-4d94-9541-5c5471088036,/srv/fim-watch/gen_00268.txt,file_modified,alert_only,high,2026-09-18 00:12:37.442323+00,2026-09-18 00:14:04.97081+00
af9824af-3f78-48f8-b46f-ec703a047d51,/srv/fim-watch/critico/gen_00565.txt,file_modified,alert_only,critical,2026-09-18 00:12:37.543102+00,2026-09-18 00:14:04.993121+00
06979ca4-fdfa-4cff-873a-8e3407ce0c02,/srv/fim-watch/gen_00540.txt,file_deleted,alert_only,high,2026-09-18 00:12:37.642643+00,2026-09-18 00:14:05.011284+00
227fc840-bcfb-43e1-b765-7c3efd43c8c2,/srv/fim-watch/critico/gen_00361.txt,file_modified,alert_only,critical,2026-09-18 00:12:37.742735+00,2026-09-18 00:14:05.027114+00
d556a06b-09e7-4899-8377-7ecf30577a1a,/srv/fim-watch/gen_00543.txt,file_modified,alert_only,high,2026-09-18 00:12:37.842748+00,2026-09-18 00:14:05.046756+00
61101b59-0a97-4220-bef7-fbf1694f92a7,/srv/fim-watch/gen_00517.txt,file_modified,alert_only,high,2026-09-18 00:12:37.942823+00,2026-09-18 00:14:05.062873+00
b479cecd-4885-4f10-af86-adcbcc6ae521,/srv/fim-watch/gen_00525.txt,file_deleted,alert_only,high,2026-09-18 00:12:38.042669+00,2026-09-18 00:14:05.085905+00
b9acb681-f5b8-4abb-a8e3-188c87e0e714,/srv/fim-watch/gen_00219.txt,file_modified,alert_only,high,2026-09-18 00:12:38.143228+00,2026-09-18 00:14:05.102673+00
09e64d0d-7445-4d88-944c-f4e4991230c7,/srv/fim-watch/gen_00566.txt,file_modified,alert_only,high,2026-09-18 00:12:38.242784+00,2026-09-18 00:14:05.11765+00
4bdf3fa7-44af-44d6-adce-4db6c7c2541f,/srv/fim-watch/critico/gen_00209.txt,file_deleted,alert_only,critical,2026-09-18 00:12:38.342677+00,2026-09-18 00:14:05.135701+00
9d00308f-ee0a-4812-a2ac-c436b28dba3f,/srv/fim-watch/gen_00203.txt,file_modified,alert_only,high,2026-09-18 00:12:38.442753+00,2026-09-18 00:14:05.154538+00
d3a39ecc-ad9f-44c9-b08b-5cd5549384d8,/srv/fim-watch/critico/gen_00392.txt,file_modified,alert_only,critical,2026-09-18 00:12:38.542594+00,2026-09-18 00:14:05.219284+00
aab677d0-6947-4358-ba5f-188f5ad81f69,/srv/fim-watch/gen_00384.txt,file_modified,alert_only,high,2026-09-18 00:12:38.742141+00,2026-09-18 00:14:05.428293+00
dddb455a-be29-4946-a81e-d889a18f2493,/srv/fim-watch/gen_00395.txt,file_deleted,alert_only,high,2026-09-18 00:12:38.84238+00,2026-09-18 00:14:05.527891+00
a5acbcf5-389e-4628-b1f9-295dd6aa6233,/srv/fim-watch/critico/gen_00414.txt,file_modified,alert_only,critical,2026-09-18 00:12:38.942088+00,2026-09-18 00:14:05.639428+00
86056a5d-eacf-48f7-833f-41b90ffcef91,/srv/fim-watch/gen_00406.txt,file_modified,alert_only,high,2026-09-18 00:12:39.042314+00,2026-09-18 00:14:05.740423+00
b05ee883-8fc5-4493-a91d-c82c6ba42dd1,/srv/fim-watch/gen_00115.txt,file_modified,alert_only,high,2026-09-18 00:12:39.243569+00,2026-09-18 00:14:05.934378+00
453ea35c-186b-43d2-9346-22e146dd3485,/srv/fim-watch/gen_00115.txt,file_modified,alert_only,high,2026-09-18 00:12:39.34193+00,2026-09-18 00:14:06.02575+00
2f59d8ed-dc5a-499a-9b4c-a1f58703a802,/srv/fim-watch/gen_00115.txt,file_modified,alert_only,high,2026-09-18 00:12:39.441806+00,2026-09-18 00:14:06.114349+00
17d60cf7-777e-4bb0-be1c-fed90d7e1bcc,/srv/fim-watch/gen_00115.txt,file_modified,alert_only,high,2026-09-18 00:12:39.54209+00,2026-09-18 00:14:06.223931+00
5b9cf6c8-9471-44c8-af4d-f1a01bc76d7a,/srv/fim-watch/gen_00115.txt,file_modified,alert_only,high,2026-09-18 00:12:39.64296+00,2026-09-18 00:14:06.233292+00
8fa096c3-a891-458d-ac27-a6f6dae99cf4,/srv/fim-watch/gen_00418.txt,file_modified,alert_only,high,2026-09-18 00:12:39.74255+00,2026-09-18 00:14:06.254343+00
8d72676b-0d6b-4468-9fd1-8fe680968b59,/srv/fim-watch/gen_00418.txt,file_modified,alert_only,high,2026-09-18 00:12:39.84275+00,2026-09-18 00:14:06.274296+00
c4af6af5-0464-4917-8755-2ce226177b0f,/srv/fim-watch/gen_00418.txt,file_modified,alert_only,high,2026-09-18 00:12:39.942937+00,2026-09-18 00:14:06.291809+00
19bc5247-e1cd-4d20-87f5-f5c6b480cde8,/srv/fim-watch/gen_00418.txt,file_modified,alert_only,high,2026-09-18 00:12:40.04248+00,2026-09-18 00:14:06.312214+00
67b4ee46-6077-4558-9c3e-a7b85123619e,/srv/fim-watch/gen_00418.txt,file_modified,alert_only,high,2026-09-18 00:12:40.142225+00,2026-09-18 00:14:06.333194+00
7cbf2749-57fa-40e1-844c-44664474d32c,/srv/fim-watch/gen_00458.txt,file_modified,alert_only,high,2026-09-18 00:12:40.242159+00,2026-09-18 00:14:06.353779+00
8466514a-d317-4357-bd3b-fd6a23fb41ca,/srv/fim-watch/gen_00311.txt,file_deleted,alert_only,high,2026-09-18 00:12:40.342616+00,2026-09-18 00:14:06.371658+00
b689442c-20a4-49ba-8e16-fcc6bd875d61,/srv/fim-watch/gen_00536.txt,file_modified,alert_only,high,2026-09-18 00:12:40.442409+00,2026-09-18 00:14:06.389045+00
a1f2284c-59a7-47e0-8a25-b006b27d0efa,/srv/fim-watch/gen_00481.txt,file_modified,alert_only,high,2026-09-18 00:12:40.542692+00,2026-09-18 00:14:06.406061+00
b580ca4b-6939-4ee3-a927-c3381a99c850,/srv/fim-watch/gen_00569.txt,file_modified,alert_only,high,2026-09-18 00:12:40.642085+00,2026-09-18 00:14:06.422749+00
0f239d0e-6722-460e-8e9f-7e0f5e9663df,/srv/fim-watch/gen_00250.txt,file_modified,alert_only,high,2026-09-18 00:12:40.742957+00,2026-09-18 00:14:06.439816+00
560f4d86-b077-461e-8038-fc693f6c9909,/srv/fim-watch/gen_00403.txt,file_modified,alert_only,high,2026-09-18 00:12:40.842559+00,2026-09-18 00:14:06.45601+00
15319867-cc8d-429b-92e9-075e7f9f6bd6,/srv/fim-watch/gen_00513.txt,file_modified,alert_only,high,2026-09-18 00:12:40.942607+00,2026-09-18 00:14:06.472389+00
6969b1f4-5b4d-444c-b4a2-af9698089f3e,/srv/fim-watch/gen_00226.txt,file_modified,alert_only,high,2026-09-18 00:12:41.042665+00,2026-09-18 00:14:06.490887+00
50d80d2d-9fec-47cb-8b2f-7729f227d923,/srv/fim-watch/gen_00539.txt,file_deleted,alert_only,high,2026-09-18 00:12:41.142463+00,2026-09-18 00:14:06.50827+00
6fece968-d72e-4720-a9a6-d9023fc2143b,/srv/fim-watch/gen_00472.txt,file_modified,alert_only,high,2026-09-18 00:12:41.343204+00,2026-09-18 00:14:06.524667+00
50463f7d-f653-4e24-a28f-914d630e6881,/srv/fim-watch/gen_00507.txt,file_deleted,alert_only,high,2026-09-18 00:12:41.442777+00,2026-09-18 00:14:06.546305+00
44714881-ef36-49ec-91f8-78e6422181a4,/srv/fim-watch/gen_00554.txt,file_modified,alert_only,high,2026-09-18 00:12:41.542752+00,2026-09-18 00:14:06.566731+00
ec1522c8-03dd-4ca0-88bf-0040b4ea2ac9,/srv/fim-watch/gen_00554.txt,file_modified,alert_only,high,2026-09-18 00:12:41.642909+00,2026-09-18 00:14:06.583865+00
3dc28924-3861-46ff-9744-9be79095f1d8,/srv/fim-watch/gen_00501.txt,file_modified,alert_only,high,2026-09-18 00:12:41.742731+00,2026-09-18 00:14:06.601445+00
63c831de-99d9-4d7f-bd66-5666d10c35ed,/srv/fim-watch/gen_00571.txt,file_modified,alert_only,high,2026-09-18 00:12:41.84328+00,2026-09-18 00:14:06.621132+00
9ddc4223-36dd-4196-9373-d5fcecf3c34d,/srv/fim-watch/gen_00126.txt,file_modified,alert_only,high,2026-09-18 00:12:41.942951+00,2026-09-18 00:14:06.636608+00
67135ff4-b030-405f-b3e7-bb44fe9ad58c,/srv/fim-watch/gen_00126.txt,file_modified,alert_only,high,2026-09-18 00:12:42.042623+00,2026-09-18 00:14:06.654609+00
234479a9-d1fc-4068-be8a-d4b747cd2379,/srv/fim-watch/gen_00126.txt,file_modified,alert_only,high,2026-09-18 00:12:42.142716+00,2026-09-18 00:14:06.669805+00
2ead55da-38be-41f5-8519-38186a401e75,/srv/fim-watch/gen_00126.txt,file_modified,alert_only,high,2026-09-18 00:12:42.242848+00,2026-09-18 00:14:06.68916+00
fd8e576a-6242-40e6-b0c8-6879b8d84dff,/srv/fim-watch/gen_00126.txt,file_modified,alert_only,high,2026-09-18 00:12:42.342678+00,2026-09-18 00:14:06.707797+00
fb77a58d-2632-42b8-b439-864d401b3e26,/srv/fim-watch/gen_00481.txt,file_modified,alert_only,high,2026-09-18 00:12:42.442743+00,2026-09-18 00:14:06.725545+00
bc4697f5-3414-485c-a803-a57e1f451a01,/srv/fim-watch/gen_00545.txt,file_deleted,alert_only,high,2026-09-18 00:12:42.542597+00,2026-09-18 00:14:06.742057+00
1be0f99a-a7b5-4fd3-8257-b504de4f981f,/srv/fim-watch/gen_00479.txt,file_modified,alert_only,high,2026-09-18 00:12:42.642006+00,2026-09-18 00:14:06.759491+00
0873b62e-97ec-47e7-afe4-527e84c683c6,/srv/fim-watch/gen_00277.txt,file_deleted,alert_only,high,2026-09-18 00:12:42.741897+00,2026-09-18 00:14:06.775777+00
db085886-be7b-4c88-8179-677bf68adbf3,/srv/fim-watch/gen_00503.txt,file_modified,alert_only,high,2026-09-18 00:12:42.842785+00,2026-09-18 00:14:06.792046+00
5548e1da-9ea3-44cb-9d3e-ebf9ed041058,/srv/fim-watch/gen_00572.txt,file_modified,alert_only,high,2026-09-18 00:12:42.94218+00,2026-09-18 00:14:06.810373+00
34393f2f-4e6b-4760-bfcb-86d7ffc2c98c,/srv/fim-watch/gen_00572.txt,file_deleted,alert_only,high,2026-09-18 00:12:43.042606+00,2026-09-18 00:14:06.826983+00
5d2d8b87-0bf3-43cb-ba9c-da3c6311b3c7,/srv/fim-watch/critico/gen_00392.txt,file_modified,alert_only,critical,2026-09-18 00:12:43.142636+00,2026-09-18 00:14:06.843356+00
be81d9d5-1b6f-41d2-8b8c-06be489a5776,/srv/fim-watch/critico/gen_00392.txt,file_modified,alert_only,critical,2026-09-18 00:12:43.242746+00,2026-09-18 00:14:06.862131+00
bca5ba3c-939d-47ca-96a7-2b32de9d9323,/srv/fim-watch/gen_00098.txt,file_modified,alert_only,high,2026-09-18 00:12:43.342769+00,2026-09-18 00:14:06.881299+00
504c7a99-c5b3-4147-8464-8c4f167811cf,/srv/fim-watch/gen_00284.txt,file_modified,alert_only,high,2026-09-18 00:12:43.442953+00,2026-09-18 00:14:06.904898+00
48441bca-2c88-489d-9f54-cff72360cb3e,/srv/fim-watch/gen_00573.txt,file_modified,alert_only,high,2026-09-18 00:12:43.542276+00,2026-09-18 00:14:06.925859+00
29d4d250-32e3-440d-b139-0584990fe5b6,/srv/fim-watch/critico/gen_00437.txt,file_modified,alert_only,critical,2026-09-18 00:12:43.642577+00,2026-09-18 00:14:06.948183+00
46ac2eff-18e4-4f09-a332-10a60b5c5929,/srv/fim-watch/gen_00290.txt,file_modified,alert_only,high,2026-09-18 00:12:43.74271+00,2026-09-18 00:14:06.967964+00
0457f691-275d-436b-ab8a-9c569eec46ae,/srv/fim-watch/critico/gen_00574.txt,file_modified,alert_only,critical,2026-09-18 00:12:43.842527+00,2026-09-18 00:14:06.99458+00
7fbdb020-372c-473e-902e-f83cc8e0a948,/srv/fim-watch/critico/gen_00556.txt,file_modified,alert_only,critical,2026-09-18 00:12:43.942699+00,2026-09-18 00:14:07.005795+00
d4f55200-69ef-4c54-99eb-c62085029931,/srv/fim-watch/gen_00195.txt,file_modified,alert_only,high,2026-09-18 00:12:44.042964+00,2026-09-18 00:14:07.027237+00
f98034ac-a54d-44a6-a270-22fae794c94e,/srv/fim-watch/gen_00575.txt,file_modified,alert_only,high,2026-09-18 00:12:44.143061+00,2026-09-18 00:14:07.049999+00
5cb39cb9-833d-4c0f-86ac-b4060eb87fa8,/srv/fim-watch/gen_00558.txt,file_deleted,alert_only,high,2026-09-18 00:12:44.242095+00,2026-09-18 00:14:07.070082+00
02aee942-ac06-4a5a-8bcd-2595817a311c,/srv/fim-watch/gen_00400.txt,file_modified,alert_only,high,2026-09-18 00:12:44.342248+00,2026-09-18 00:14:07.088675+00
f2ebd6a0-ce48-4031-87ac-14dbae4a66f9,/srv/fim-watch/gen_00576.txt,file_modified,alert_only,high,2026-09-18 00:12:44.442485+00,2026-09-18 00:14:07.107213+00
912d3c68-c321-468c-9441-ccc80af89bf4,/srv/fim-watch/gen_00467.txt,file_modified,alert_only,high,2026-09-18 00:12:44.54205+00,2026-09-18 00:14:07.125263+00
0d02b521-e9f7-4354-91e7-eb7f7fe66334,/srv/fim-watch/gen_00495.txt,file_modified,alert_only,high,2026-09-18 00:12:44.641907+00,2026-09-18 00:14:07.226868+00
ed737bb3-19cd-4a74-9a2a-cd7a13303e05,/srv/fim-watch/critico/gen_00532.txt,file_modified,alert_only,critical,2026-09-18 00:12:44.741727+00,2026-09-18 00:14:07.319968+00
8c2ec511-400c-490b-b6bd-4b15e792b270,/srv/fim-watch/gen_00098.txt,file_modified,alert_only,high,2026-09-18 00:12:44.841965+00,2026-09-18 00:14:07.43978+00
43891a71-44df-4cfb-8bd5-83c70e7c245f,/srv/fim-watch/gen_00098.txt,file_modified,alert_only,high,2026-09-18 00:12:44.941892+00,2026-09-18 00:14:07.534579+00
60ca87c6-5632-4cf4-82fa-5334ae633cce,/srv/fim-watch/gen_00480.txt,file_modified,alert_only,high,2026-09-18 00:12:45.042423+00,2026-09-18 00:14:07.651054+00
f3f02a3a-9b67-4904-9419-54f5d3457fcf,/srv/fim-watch/gen_00452.txt,file_modified,alert_only,high,2026-09-18 00:12:45.141697+00,2026-09-18 00:14:07.765165+00
8be56261-e0b8-4ff9-a05c-91fac476f6b5,/srv/fim-watch/gen_00402.txt,file_modified,alert_only,high,2026-09-18 00:12:45.241608+00,2026-09-18 00:14:07.878942+00
a0555acc-e7d3-49a8-9fab-7845e1346b69,/srv/fim-watch/gen_00152.txt,file_modified,alert_only,high,2026-09-18 00:12:45.342781+00,2026-09-18 00:14:07.990475+00
bea33b8a-5223-45c1-a237-4e821aa65576,/srv/fim-watch/critico/gen_00530.txt,file_modified,alert_only,critical,2026-09-18 00:12:45.442045+00,2026-09-18 00:14:08.099757+00
73914a8f-07e8-4c17-b109-54564def15d0,/srv/fim-watch/critico/gen_00322.txt,file_modified,alert_only,critical,2026-09-18 00:12:45.542424+00,2026-09-18 00:14:08.227233+00
ce37bd30-d4e0-417d-a2c6-18f9578a4852,/srv/fim-watch/gen_00577.txt,file_modified,alert_only,high,2026-09-18 00:12:45.642347+00,2026-09-18 00:14:08.273456+00
66e14015-987f-45b0-a8d8-73ddd3581940,/srv/fim-watch/critico/gen_00579.txt,file_modified,alert_only,critical,2026-09-18 00:12:45.842603+00,2026-09-18 00:14:08.281353+00
c2c91881-0ecb-47ce-b93a-ff86f83fad90,/srv/fim-watch/gen_00385.txt,file_modified,alert_only,high,2026-09-18 00:12:45.942614+00,2026-09-18 00:14:08.315899+00
543e1df0-31d9-4ad7-be0d-53e5d44a8881,/srv/fim-watch/gen_00385.txt,file_modified,alert_only,high,2026-09-18 00:12:46.042286+00,2026-09-18 00:14:08.324265+00
9d5d80b5-dbdd-4130-acbd-2c87fba4caf6,/srv/fim-watch/gen_00385.txt,file_modified,alert_only,high,2026-09-18 00:12:46.142618+00,2026-09-18 00:14:08.349016+00
20d7c5c4-f140-4227-87d5-c66f32f0a7d8,/srv/fim-watch/gen_00385.txt,file_modified,alert_only,high,2026-09-18 00:12:46.242652+00,2026-09-18 00:14:08.370144+00
17279db7-fb59-4070-a492-ce00ad31b7a0,/srv/fim-watch/gen_00385.txt,file_modified,alert_only,high,2026-09-18 00:12:46.342922+00,2026-09-18 00:14:08.392944+00
5c40aef0-2597-4126-8080-a7119e3b943f,/srv/fim-watch/gen_00473.txt,file_modified,alert_only,high,2026-09-18 00:12:46.443365+00,2026-09-18 00:14:08.41301+00
829c5fc7-6995-4506-b51f-ac4575c3a619,/srv/fim-watch/gen_00580.txt,file_modified,alert_only,high,2026-09-18 00:12:46.54275+00,2026-09-18 00:14:08.434851+00
ffd42b76-aa74-4b4a-9d2b-3d0fc3e89257,/srv/fim-watch/gen_00577.txt,file_modified,alert_only,high,2026-09-18 00:12:46.642454+00,2026-09-18 00:14:08.458707+00
60faa983-42f5-45fe-ae24-a6d500042465,/srv/fim-watch/gen_00577.txt,file_modified,alert_only,high,2026-09-18 00:12:46.742703+00,2026-09-18 00:14:08.481546+00
004bb9c6-4c14-4a1a-948a-802c2bd87704,/srv/fim-watch/gen_00570.txt,file_modified,alert_only,high,2026-09-18 00:12:46.84243+00,2026-09-18 00:14:08.501327+00
7aba04ab-8b0f-48ce-bcd9-8434e6f856a4,/srv/fim-watch/gen_00581.txt,file_modified,alert_only,high,2026-09-18 00:12:46.942505+00,2026-09-18 00:14:08.520266+00
ede06dc3-b010-461e-a832-a3c440b949af,/srv/fim-watch/critico/gen_00392.txt,file_modified,alert_only,critical,2026-09-18 00:12:47.042446+00,2026-09-18 00:14:08.53882+00
9b8adc09-d8e6-4d62-b994-2e3b00ce12e8,/srv/fim-watch/critico/gen_00392.txt,file_modified,alert_only,critical,2026-09-18 00:12:47.142744+00,2026-09-18 00:14:08.56064+00
b32e0ba1-9765-4ebd-8328-ff5cdae4ed0c,/srv/fim-watch/critico/gen_00392.txt,file_modified,alert_only,critical,2026-09-18 00:12:47.242771+00,2026-09-18 00:14:08.585681+00
004b4868-4814-4921-8149-e4c4407251f6,/srv/fim-watch/critico/gen_00392.txt,file_modified,alert_only,critical,2026-09-18 00:12:47.34258+00,2026-09-18 00:14:08.607566+00
f38c1ec0-c560-42e3-842d-12ef78e50158,/srv/fim-watch/critico/gen_00392.txt,file_modified,alert_only,critical,2026-09-18 00:12:47.442909+00,2026-09-18 00:14:08.626986+00
c9624504-a826-4776-b0eb-99c91118ecb9,/srv/fim-watch/gen_00582.txt,file_modified,alert_only,high,2026-09-18 00:12:47.542618+00,2026-09-18 00:14:08.648005+00
d1de4431-f90a-4dda-8c56-60ae6d3ed5e1,/srv/fim-watch/gen_00538.txt,file_modified,alert_only,high,2026-09-18 00:12:47.642826+00,2026-09-18 00:14:08.667639+00
8e6b74b7-32cb-447c-81dd-072958637f78,/srv/fim-watch/gen_00405.txt,file_modified,alert_only,high,2026-09-18 00:12:47.742065+00,2026-09-18 00:14:08.682275+00
c6c4a5b7-1623-4744-99cd-74324acdb7cb,/srv/fim-watch/gen_00583.txt,file_modified,alert_only,high,2026-09-18 00:12:47.842912+00,2026-09-18 00:14:08.700309+00
18506a2b-2f59-4845-a4ec-fe9a5b990bfb,/srv/fim-watch/gen_00583.txt,file_deleted,alert_only,high,2026-09-18 00:12:47.942548+00,2026-09-18 00:14:08.718333+00
4e901651-bc35-4a53-af7d-4c7f3929fe98,/srv/fim-watch/gen_00436.txt,file_modified,alert_only,high,2026-09-18 00:12:48.042941+00,2026-09-18 00:14:08.737839+00
3af1e6ed-f2b2-41a1-859b-8ec10c5e239f,/srv/fim-watch/gen_00584.txt,file_modified,alert_only,high,2026-09-18 00:12:48.142699+00,2026-09-18 00:14:08.753664+00
c678ec74-9346-4ae8-bf1a-a3a07020d6fa,/srv/fim-watch/critico/gen_00437.txt,file_modified,alert_only,critical,2026-09-18 00:12:48.24274+00,2026-09-18 00:14:08.772337+00
500de379-0651-40bb-bfae-47390dcee2e1,/srv/fim-watch/critico/gen_00532.txt,file_modified,alert_only,critical,2026-09-18 00:12:48.342543+00,2026-09-18 00:14:08.789693+00
397cba7d-d015-4c3f-8465-6aae232fb579,/srv/fim-watch/gen_00585.txt,file_modified,alert_only,high,2026-09-18 00:12:48.443024+00,2026-09-18 00:14:08.806303+00
64b3863c-6a1e-4097-ab0c-75f7c3930aa6,/srv/fim-watch/gen_00570.txt,file_modified,alert_only,high,2026-09-18 00:12:48.542926+00,2026-09-18 00:14:08.824648+00
033c1d53-7bd1-49b8-8fe5-f95c422a425f,/srv/fim-watch/critico/gen_00586.txt,file_modified,alert_only,critical,2026-09-18 00:12:48.642725+00,2026-09-18 00:14:08.84451+00
624f77bd-ec8b-49cd-bfdf-0336292bef43,/srv/fim-watch/gen_00259.txt,file_deleted,alert_only,high,2026-09-18 00:12:48.742714+00,2026-09-18 00:14:08.861714+00
dee31872-c5d3-4c46-b509-f3ab8945f309,/srv/fim-watch/gen_00421.txt,file_modified,alert_only,high,2026-09-18 00:12:48.842822+00,2026-09-18 00:14:08.88284+00
d9c21957-b3ce-45cf-8040-4cfd3d37ffad,/srv/fim-watch/critico/gen_00153.txt,file_modified,alert_only,critical,2026-09-18 00:12:48.942791+00,2026-09-18 00:14:08.902167+00
0652cb7a-eff2-47da-a956-83636435ae2e,/srv/fim-watch/critico/gen_00153.txt,file_modified,alert_only,critical,2026-09-18 00:12:49.042812+00,2026-09-18 00:14:08.920325+00
794c3982-167f-45ec-839b-7cbc60a635ed,/srv/fim-watch/gen_00489.txt,file_modified,alert_only,high,2026-09-18 00:12:49.142842+00,2026-09-18 00:14:08.943951+00
25de12e0-f997-4c70-9e31-ba3508ec9cf6,/srv/fim-watch/gen_00356.txt,file_modified,alert_only,high,2026-09-18 00:12:49.243065+00,2026-09-18 00:14:08.964103+00
23d3d080-562f-4b99-8ec5-77036c03c902,/srv/fim-watch/gen_00356.txt,file_modified,alert_only,high,2026-09-18 00:12:49.342835+00,2026-09-18 00:14:08.984789+00
e66bcfcb-7e5b-4b23-8ca5-871ec01d29f7,/srv/fim-watch/gen_00587.txt,file_modified,alert_only,high,2026-09-18 00:12:49.442913+00,2026-09-18 00:14:09.003107+00
8e24449d-5c56-4f0a-9d2d-bbeb0ae9b22b,/srv/fim-watch/gen_00493.txt,file_modified,alert_only,high,2026-09-18 00:12:49.542842+00,2026-09-18 00:14:09.02537+00
e9e77804-5869-4098-b3c8-efa8bc1da931,/srv/fim-watch/gen_00493.txt,file_modified,alert_only,high,2026-09-18 00:12:49.643213+00,2026-09-18 00:14:09.048376+00
861c48d4-33d4-4278-8036-c71a5fb60734,/srv/fim-watch/gen_00550.txt,file_modified,alert_only,high,2026-09-18 00:12:49.742563+00,2026-09-18 00:14:09.070472+00
08683ddc-b64c-49c1-b4cd-a713322a9660,/srv/fim-watch/gen_00232.txt,file_modified,alert_only,high,2026-09-18 00:12:49.842551+00,2026-09-18 00:14:09.092082+00
0aa99fdf-639c-4b96-bee7-6cf1bd939380,/srv/fim-watch/gen_00588.txt,file_modified,alert_only,high,2026-09-18 00:12:49.94239+00,2026-09-18 00:14:09.110508+00
e21b91f7-5dfc-4258-8939-c31c35bd86d5,/srv/fim-watch/gen_00326.txt,file_modified,alert_only,high,2026-09-18 00:12:50.04356+00,2026-09-18 00:14:09.127723+00
0ea81717-ca46-4dd5-9280-ee31968ccbd9,/srv/fim-watch/gen_00386.txt,file_modified,alert_only,high,2026-09-18 00:12:50.14279+00,2026-09-18 00:14:09.144744+00
502de015-a3f5-4bbb-8ead-f55cfd8e80ee,/srv/fim-watch/gen_00492.txt,file_modified,alert_only,high,2026-09-18 00:12:50.242806+00,2026-09-18 00:14:09.163672+00
cf98cf93-9f81-418c-a32e-b7c713ae9e21,/srv/fim-watch/gen_00589.txt,file_modified,alert_only,high,2026-09-18 00:12:50.342735+00,2026-09-18 00:14:09.186626+00
8053dd84-4108-4f14-813b-718c4490afdc,/srv/fim-watch/critico/gen_00342.txt,file_deleted,alert_only,critical,2026-09-18 00:12:50.441985+00,2026-09-18 00:14:09.210771+00
8bc2996c-6ef8-4095-8ce5-b2e325e821ad,/srv/fim-watch/gen_00519.txt,file_modified,alert_only,high,2026-09-18 00:12:50.542549+00,2026-09-18 00:14:09.228942+00
6b744dc9-6436-4a7e-8fed-2add7a2eb7fe,/srv/fim-watch/gen_00125.txt,file_modified,alert_only,high,2026-09-18 00:12:50.642635+00,2026-09-18 00:14:09.329871+00
11d2c16a-e029-48bd-977c-fafe75735b2d,/srv/fim-watch/critico/gen_00304.txt,file_modified,alert_only,critical,2026-09-18 00:12:50.743074+00,2026-09-18 00:14:09.437138+00
7d76fea6-f491-4213-81fa-79053b626556,/srv/fim-watch/critico/gen_00304.txt,file_modified,alert_only,critical,2026-09-18 00:12:50.842046+00,2026-09-18 00:14:09.518511+00
05c246e2-cf10-4ec6-9679-bb2a2d4f12d8,/srv/fim-watch/gen_00590.txt,file_modified,alert_only,high,2026-09-18 00:12:50.941778+00,2026-09-18 00:14:09.640623+00
302e196a-dd8f-4ff6-bd23-081a22a789bb,/srv/fim-watch/gen_00517.txt,file_modified,alert_only,high,2026-09-18 00:12:51.04305+00,2026-09-18 00:14:09.764231+00
33f0ab13-d06b-4215-9179-ccaa81066ebc,/srv/fim-watch/critico/gen_00565.txt,file_modified,alert_only,critical,2026-09-18 00:12:51.142835+00,2026-09-18 00:14:09.869548+00
df4d9860-f50e-4e58-9d53-ccf8131f05c5,/srv/fim-watch/gen_00591.txt,file_created,alert_only,high,2026-09-18 00:12:51.241976+00,2026-09-18 00:14:09.954586+00
321aef0f-b3cc-477a-9219-7f531f213771,/srv/fim-watch/critico/gen_00345.txt,file_deleted,alert_only,critical,2026-09-18 00:12:51.341656+00,2026-09-18 00:14:10.051273+00
c8c5feea-3cfc-4fb6-b39d-6293a31cff7b,/srv/fim-watch/gen_00521.txt,file_deleted,alert_only,high,2026-09-18 00:12:51.443292+00,2026-09-18 00:14:10.148232+00
1c599b85-7004-43ba-a754-df4d0ff9f4e9,/srv/fim-watch/gen_00546.txt,file_modified,alert_only,high,2026-09-18 00:12:51.542077+00,2026-09-18 00:14:10.248676+00
49e8f206-b0d1-43df-86ed-e3bc71b5e6a8,/srv/fim-watch/gen_00193.txt,file_modified,alert_only,high,2026-09-18 00:12:51.742325+00,2026-09-18 00:14:10.38548+00
67ecb9c7-4533-4dce-a9a5-38e3a6321675,/srv/fim-watch/gen_00470.txt,file_modified,alert_only,high,2026-09-18 00:12:51.842595+00,2026-09-18 00:14:10.395168+00
1326a6a2-8201-48c9-8630-994a26664be0,/srv/fim-watch/critico/gen_00593.txt,file_modified,alert_only,critical,2026-09-18 00:12:51.94305+00,2026-09-18 00:14:10.415614+00
b8177d10-e783-4d9b-a23f-72018016243f,/srv/fim-watch/critico/gen_00593.txt,file_deleted,alert_only,critical,2026-09-18 00:12:52.043209+00,2026-09-18 00:14:10.434912+00
cddacb46-d0b4-4ce0-b025-cb784a75d24d,/srv/fim-watch/gen_00223.txt,file_modified,alert_only,high,2026-09-18 00:12:52.143401+00,2026-09-18 00:14:10.459044+00
2cac6985-997c-4d93-bb71-d6e1e0b83beb,/srv/fim-watch/gen_00405.txt,file_modified,alert_only,high,2026-09-18 00:12:52.242554+00,2026-09-18 00:14:10.477425+00
a7996760-f03d-4d07-86ed-e9abb945cda6,/srv/fim-watch/gen_00405.txt,file_modified,alert_only,high,2026-09-18 00:12:52.342607+00,2026-09-18 00:14:10.499883+00
dd079036-0144-4abb-9235-74e9b79be8b8,/srv/fim-watch/gen_00274.txt,file_modified,alert_only,high,2026-09-18 00:12:52.442466+00,2026-09-18 00:14:10.525236+00
f5ae2948-b385-492a-acbe-04bb33464128,/srv/fim-watch/gen_00469.txt,file_modified,alert_only,high,2026-09-18 00:12:52.643032+00,2026-09-18 00:14:10.546367+00
54d69b2a-a976-478f-84c9-a0e21ff3a36a,/srv/fim-watch/gen_00358.txt,file_modified,alert_only,high,2026-09-18 00:12:52.84203+00,2026-09-18 00:14:10.567351+00
bec30ba1-8ce5-42a5-b95f-5427f6ec3e12,/srv/fim-watch/gen_00358.txt,file_modified,alert_only,high,2026-09-18 00:12:52.94262+00,2026-09-18 00:14:10.587063+00
35a33bcd-cbfb-4fc5-af22-a30619de781e,/srv/fim-watch/gen_00062.txt,file_modified,alert_only,high,2026-09-18 00:12:53.04284+00,2026-09-18 00:14:10.606569+00
45ddbd42-f00e-452d-9af6-a85127751543,/srv/fim-watch/critico/gen_00574.txt,file_modified,alert_only,critical,2026-09-18 00:12:53.142497+00,2026-09-18 00:14:10.626408+00
78c71bef-2a67-4e15-a6e0-590ad4fc1580,/srv/fim-watch/critico/gen_00574.txt,file_modified,alert_only,critical,2026-09-18 00:12:53.243437+00,2026-09-18 00:14:10.648253+00
17ed2d04-3535-46fc-ad7b-6c34e8be5dde,/srv/fim-watch/gen_00569.txt,file_modified,alert_only,high,2026-09-18 00:12:53.343052+00,2026-09-18 00:14:10.669878+00
cf5988ec-f13b-4ae5-8609-30c4b07dc2a6,/srv/fim-watch/gen_00352.txt,file_modified,alert_only,high,2026-09-18 00:12:53.442931+00,2026-09-18 00:14:10.689417+00
4e6a28fe-9d99-46fb-a0b7-41f340328523,/srv/fim-watch/critico/gen_00596.txt,file_modified,alert_only,critical,2026-09-18 00:12:53.542897+00,2026-09-18 00:14:10.709463+00
7b612149-936f-42ab-a3e8-bd4a3010e046,/srv/fim-watch/gen_00597.txt,file_modified,alert_only,high,2026-09-18 00:12:53.64295+00,2026-09-18 00:14:10.727868+00
0a960478-ad38-466b-a726-684ec7ab1264,/srv/fim-watch/gen_00448.txt,file_modified,alert_only,high,2026-09-18 00:12:53.742724+00,2026-09-18 00:14:10.747937+00
f7b928f3-2d88-43cc-9182-7509f25109f9,/srv/fim-watch/critico/gen_00304.txt,file_modified,alert_only,critical,2026-09-18 00:12:53.84282+00,2026-09-18 00:14:10.768197+00
71c2bbf1-2658-4d16-b818-3d01a728124d,/srv/fim-watch/gen_00290.txt,file_modified,alert_only,high,2026-09-18 00:12:53.94277+00,2026-09-18 00:14:10.799784+00
16de9570-4da1-4edb-b460-8d1be639aa44,/srv/fim-watch/critico/gen_00398.txt,file_modified,alert_only,critical,2026-09-18 00:12:54.043272+00,2026-09-18 00:14:10.807888+00
0a8749d0-22ad-4fb3-9fa7-73815592d9e0,/srv/fim-watch/critico/gen_00262.txt,file_modified,alert_only,critical,2026-09-18 00:12:54.142257+00,2026-09-18 00:14:10.827167+00
1a76ee6b-a7f2-45e1-8704-c67f785fbfa0,/srv/fim-watch/gen_00598.txt,file_modified,alert_only,high,2026-09-18 00:12:54.242581+00,2026-09-18 00:14:10.841866+00
1a2bb774-29ab-4bd2-aad1-f9d96bb36f2e,/srv/fim-watch/critico/gen_00599.txt,file_modified,alert_only,critical,2026-09-18 00:12:54.34294+00,2026-09-18 00:14:10.862435+00
ecfa8e2c-8b11-4817-8069-f18dee7292b1,/srv/fim-watch/critico/gen_00599.txt,file_deleted,alert_only,critical,2026-09-18 00:12:54.442801+00,2026-09-18 00:14:10.878946+00
9aea8c06-a309-4aa6-968d-fab5fd1cf3ae,/srv/fim-watch/gen_00356.txt,file_deleted,alert_only,high,2026-09-18 00:12:54.542758+00,2026-09-18 00:14:10.897019+00
02d041a9-f961-4f57-80cc-87de1acb918d,/srv/fim-watch/gen_00418.txt,file_modified,alert_only,high,2026-09-18 00:12:54.642461+00,2026-09-18 00:14:10.917444+00
6e0fa6a8-b4b1-41f1-8eb5-df2b3cd84cc5,/srv/fim-watch/gen_00179.txt,file_deleted,alert_only,high,2026-09-18 00:12:54.742253+00,2026-09-18 00:14:10.934436+00
ee9160a9-2b1a-4c96-933c-2d433ffdb382,/srv/fim-watch/gen_00403.txt,file_modified,alert_only,high,2026-09-18 00:12:54.842712+00,2026-09-18 00:14:10.954224+00
cd9721e0-3f58-4ab4-8bd7-dbb827d1e6d1,/srv/fim-watch/gen_00600.txt,file_modified,alert_only,high,2026-09-18 00:12:54.942358+00,2026-09-18 00:14:10.97366+00
