Oct 03 10:31:00 fim-host fim-agent[83952]: {"event_id": "d94c121d-6311-47c7-ba72-fe81c84326e3", "path": "/srv/fim-watch/gen_00001.txt", "action": "alert_only", "action_failed": false, "event": "decision.evaluated", "level": "info", "timestamp": "2026-10-03T13:31:00.488825Z"}
Oct 03 10:31:00 fim-host fim-agent[83952]: {"event_id": "d94c121d-6311-47c7-ba72-fe81c84326e3", "deferred": false, "event": "publisher.event_published", "level": "info", "timestamp": "2026-10-03T13:31:00.498634Z"}
Oct 03 10:31:00 fim-host fim-agent[83952]: {"path": "/srv/fim-watch/gen_00001.txt", "event_type": "file_created", "event_id": "d94c121d-6311-47c7-ba72-fe81c84326e3", "event": "detector.change_detected", "level": "info", "timestamp": "2026-10-03T13:31:00.501667Z"}
Oct 03 10:31:00 fim-host fim-agent[83952]: {"event_id": "d94c121d-6311-47c7-ba72-fe81c84326e3", "event": "publisher.event_acked", "level": "info", "timestamp": "2026-10-03T13:31:00.530171Z"}
Oct 03 10:31:00 fim-host fim-agent[83952]: {"event_id": "115df0a8-7881-4f74-853f-63d3309efd4a", "path": "/srv/fim-watch/gen_00001.txt", "action": "alert_only", "action_failed": false, "event": "decision.evaluated", "level": "info", "timestamp": "2026-10-03T13:31:00.581411Z"}
Oct 03 10:31:00 fim-host fim-agent[83952]: {"event_id": "115df0a8-7881-4f74-853f-63d3309efd4a", "deferred": false, "event": "publisher.event_published", "level": "info", "timestamp": "2026-10-03T13:31:00.597138Z"}
Oct 03 10:31:00 fim-host fim-agent[83952]: {"path": "/srv/fim-watch/gen_00001.txt", "event_type": "file_modified", "event_id": "115df0a8-7881-4f74-853f-63d3309efd4a", "event": "detector.change_detected", "level": "info", "timestamp": "2026-10-03T13:31:00.600660Z"}
Oct 03 10:31:00 fim-host fim-agent[83952]: {"event_id": "115df0a8-7881-4f74-853f-63d3309efd4a", "event": "publisher.event_acked", "level": "info", "timestamp": "2026-10-03T13:31:00.605901Z"}
Oct 03 10:31:00 fim-host fim-agent[83952]: {"event_id": "42876eb9-0249-4e25-9055-8b2a6553c3b0", "path": "/srv/fim-watch/gen_00002.txt", "action": "alert_only", "action_failed": false, "event": "decision.evaluated", "level": "info", "timestamp": "2026-10-03T13:31:00.681807Z"}
Oct 03 10:31:00 fim-host fim-agent[83952]: {"event_id": "42876eb9-0249-4e25-9055-8b2a6553c3b0", "deferred": false, "event": "publisher.event_published", "level": "info", "timestamp": "2026-10-03T13:31:00.697598Z"}
Oct 03 10:31:00 fim-host fim-agent[83952]: {"path": "/srv/fim-watch/gen_00002.txt", "event_type": "file_created", "event_id": "42876eb9-0249-4e25-9055-8b2a6553c3b0", "event": "detector.change_detected", "level": "info", "timestamp": "2026-10-03T13:31:00.702818Z"}
Oct 03 10:31:00 fim-host fim-agent[83952]: {"event_id": "42876eb9-0249-4e25-9055-8b2a6553c3b0", "event": "publisher.event_acked", "level": "info", "timestamp": "2026-10-03T13:31:00.707108Z"}
Oct 03 10:31:00 fim-host fim-agent[83952]: {"event_id": "b3285ee2-3a98-448a-90bd-5804c1d3b3c8", "path": "/srv/fim-watch/gen_00001.txt", "action": "alert_only", "action_failed": false, "event": "decision.evaluated", "level": "info", "timestamp": "2026-10-03T13:31:00.783487Z"}
Oct 03 10:31:00 fim-host fim-agent[83952]: {"event_id": "b3285ee2-3a98-448a-90bd-5804c1d3b3c8", "deferred": false, "event": "publisher.event_published", "level": "info", "timestamp": "2026-10-03T13:31:00.794935Z"}
Oct 03 10:31:00 fim-host fim-agent[83952]: {"path": "/srv/fim-watch/gen_00001.txt", "event_type": "file_modified", "event_id": "b3285ee2-3a98-448a-90bd-5804c1d3b3c8", "event": "detector.change_detected", "level": "info", "timestamp": "2026-10-03T13:31:00.798150Z"}
Oct 03 10:31:00 fim-host fim-agent[83952]: {"event_id": "b3285ee2-3a98-448a-90bd-5804c1d3b3c8", "event": "publisher.event_acked", "level": "info", "timestamp": "2026-10-03T13:31:00.799567Z"}
Oct 03 10:31:00 fim-host fim-agent[83952]: {"event_id": "a901ccc8-7659-493c-b899-0708ba485feb", "path": "/srv/fim-watch/gen_00002.txt", "action": "alert_only", "action_failed": false, "event": "decision.evaluated", "level": "info", "timestamp": "2026-10-03T13:31:00.878681Z"}
Oct 03 10:31:00 fim-host fim-agent[83952]: {"event_id": "a901ccc8-7659-493c-b899-0708ba485feb", "deferred": false, "event": "publisher.event_published", "level": "info", "timestamp": "2026-10-03T13:31:00.892111Z"}
Oct 03 10:31:00 fim-host fim-agent[83952]: {"path": "/srv/fim-watch/gen_00002.txt", "event_type": "file_modified", "event_id": "a901ccc8-7659-493c-b899-0708ba485feb", "event": "detector.change_detected", "level": "info", "timestamp": "2026-10-03T13:31:00.895856Z"}
Oct 03 10:31:00 fim-host fim-agent[83952]: {"event_id": "a901ccc8-7659-493c-b899-0708ba485feb", "event": "publisher.event_acked", "level": "info", "timestamp": "2026-10-03T13:31:00.901259Z"}
Oct 03 10:31:00 fim-host fim-agent[83952]: {"event_id": "31e1ece0-07a8-42d6-9858-f70f06187ca5", "path": "/srv/fim-watch/gen_00002.txt", "action": "alert_only", "action_failed": false, "event": "decision.evaluated", "level": "info", "timestamp": "2026-10-03T13:31:00.981554Z"}
Oct 03 10:31:00 fim-host fim-agent[83952]: {"event_id": "31e1ece0-07a8-42d6-9858-f70f06187ca5", "deferred": false, "event": "publisher.event_published", "level": "info", "timestamp": "2026-10-03T13:31:00.990513Z"}
Oct 03 10:31:00 fim-host fim-agent[83952]: {"path": "/srv/fim-watch/gen_00002.txt", "event_type": "file_modified", "event_id": "31e1ece0-07a8-42d6-9858-f70f06187ca5", "event": "detector.change_detected", "level": "info", "timestamp": "2026-10-03T13:31:00.994722Z"}
Oct 03 10:31:01 fim-host fim-agent[83952]: {"event_id": "31e1ece0-07a8-42d6-9858-f70f06187ca5", "event": "publisher.event_acked", "level": "info", "timestamp": "2026-10-03T13:31:01.002559Z"}
Oct 03 10:31:01 fim-host fim-agent[83952]: {"event_id": "2b032ca2-e4b1-49e4-aec7-5552a25cd571", "path": "/srv/fim-watch/gen_00003.txt", "action": "alert_only", "action_failed": false, "event": "decision.evaluated", "level": "info", "timestamp": "2026-10-03T13:31:01.080265Z"}
Oct 03 10:31:01 fim-host fim-agent[83952]: {"event_id": "2b032ca2-e4b1-49e4-aec7-5552a25cd571", "deferred": false, "event": "publisher.event_published", "level": "info", "timestamp": "2026-10-03T13:31:01.093942Z"}
Oct 03 10:31:01 fim-host fim-agent[83952]: {"path": "/srv/fim-watch/gen_00003.txt", "event_type": "file_created", "event_id": "2b032ca2-e4b1-49e4-aec7-5552a25cd571", "event": "detector.change_detected", "level": "info", "timestamp": "2026-10-03T13:31:01.097200Z"}
Oct 03 10:31:01 fim-host fim-agent[83952]: {"event_id": "2b032ca2-e4b1-49e4-aec7-5552a25cd571", "event": "publisher.event_acked", "level": "info", "timestamp": "2026-10-03T13:31:01.105697Z"}
Oct 03 10:31:01 fim-host fim-agent[83952]: {"event_id": "2b21977a-1367-411f-9882-129d42763f82", "path": "/srv/fim-watch/gen_00003.txt", "action": "alert_only", "action_failed": false, "event": "decision.evaluated", "level": "info", "timestamp": "2026-10-03T13:31:01.183269Z"}
Oct 03 10:31:01 fim-host fim-agent[83952]: {"event_id": "2b21977a-1367-411f-9882-129d42763f82", "deferred": false, "event": "publisher.event_published", "level": "info", "timestamp": "2026-10-03T13:31:01.196136Z"}
Oct 03 10:31:01 fim-host fim-agent[83952]: {"path": "/srv/fim-watch/gen_00003.txt", "event_type": "file_modified", "event_id": "2b21977a-1367-411f-9882-129d42763f82", "event": "detector.change_detected", "level": "info", "timestamp": "2026-10-03T13:31:01.201435Z"}
Oct 03 10:31:01 fim-host fim-agent[83952]: {"event_id": "2b21977a-1367-411f-9882-129d42763f82", "event": "publisher.event_acked", "level": "info", "timestamp": "2026-10-03T13:31:01.205662Z"}
Oct 03 10:31:01 fim-host fim-agent[83952]: {"event_id": "fa881013-e6d4-4315-bd50-e0a0b096a944", "path": "/srv/fim-watch/gen_00003.txt", "action": "alert_only", "action_failed": false, "event": "decision.evaluated", "level": "info", "timestamp": "2026-10-03T13:31:01.278468Z"}
Oct 03 10:31:01 fim-host fim-agent[83952]: {"event_id": "fa881013-e6d4-4315-bd50-e0a0b096a944", "deferred": false, "event": "publisher.event_published", "level": "info", "timestamp": "2026-10-03T13:31:01.288147Z"}
Oct 03 10:31:01 fim-host fim-agent[83952]: {"path": "/srv/fim-watch/gen_00003.txt", "event_type": "file_modified", "event_id": "fa881013-e6d4-4315-bd50-e0a0b096a944", "event": "detector.change_detected", "level": "info", "timestamp": "2026-10-03T13:31:01.293041Z"}
Oct 03 10:31:01 fim-host fim-agent[83952]: {"event_id": "fa881013-e6d4-4315-bd50-e0a0b096a944", "event": "publisher.event_acked", "level": "info", "timestamp": "2026-10-03T13:31:01.294767Z"}
Oct 03 10:31:01 fim-host fim-agent[83952]: {"event_id": "bdba1f2f-bd6a-4306-a278-cc7c16f2bd24", "path": "/srv/fim-watch/gen_00001.txt", "action": "alert_only", "action_failed": false, "event": "decision.evaluated", "level": "info", "timestamp": "2026-10-03T13:31:01.382946Z"}
Oct 03 10:31:01 fim-host fim-agent[83952]: {"event_id": "bdba1f2f-bd6a-4306-a278-cc7c16f2bd24", "deferred": false, "event": "publisher.event_published", "level": "info", "timestamp": "2026-10-03T13:31:01.393096Z"}
Oct 03 10:31:01 fim-host fim-agent[83952]: {"path": "/srv/fim-watch/gen_00001.txt", "event_type": "file_modified", "event_id": "bdba1f2f-bd6a-4306-a278-cc7c16f2bd24", "event": "detector.change_detected", "level": "info", "timestamp": "2026-10-03T13:31:01.397811Z"}
Oct 03 10:31:01 fim-host fim-agent[83952]: {"event_id": "bdba1f2f-bd6a-4306-a278-cc7c16f2bd24", "event": "publisher.event_acked", "level": "info", "timestamp": "2026-10-03T13:31:01.404688Z"}
Oct 03 10:31:01 fim-host fim-agent[83952]: {"event_id": "3c38af1f-de6a-444b-a6cd-7b205faf91b2", "path": "/srv/fim-watch/gen_00003.txt", "action": "alert_only", "action_failed": false, "event": "decision.evaluated", "level": "info", "timestamp": "2026-10-03T13:31:01.483735Z"}
Oct 03 10:31:01 fim-host fim-agent[83952]: {"event_id": "3c38af1f-de6a-444b-a6cd-7b205faf91b2", "deferred": false, "event": "publisher.event_published", "level": "info", "timestamp": "2026-10-03T13:31:01.494102Z"}
Oct 03 10:31:01 fim-host fim-agent[83952]: {"path": "/srv/fim-watch/gen_00003.txt", "event_type": "file_modified", "event_id": "3c38af1f-de6a-444b-a6cd-7b205faf91b2", "event": "detector.change_detected", "level": "info", "timestamp": "2026-10-03T13:31:01.498584Z"}
Oct 03 10:31:01 fim-host fim-agent[83952]: {"event_id": "3c38af1f-de6a-444b-a6cd-7b205faf91b2", "event": "publisher.event_acked", "level": "info", "timestamp": "2026-10-03T13:31:01.504353Z"}
Oct 03 10:31:01 fim-host fim-agent[83952]: {"event_id": "b26951b4-e12a-4fde-bfae-d692fb3b016a", "path": "/srv/fim-watch/gen_00001.txt", "action": "alert_only", "action_failed": false, "event": "decision.evaluated", "level": "info", "timestamp": "2026-10-03T13:31:01.583690Z"}
Oct 03 10:31:01 fim-host fim-agent[83952]: {"event_id": "b26951b4-e12a-4fde-bfae-d692fb3b016a", "deferred": false, "event": "publisher.event_published", "level": "info", "timestamp": "2026-10-03T13:31:01.595350Z"}
Oct 03 10:31:01 fim-host fim-agent[83952]: {"path": "/srv/fim-watch/gen_00001.txt", "event_type": "file_modified", "event_id": "b26951b4-e12a-4fde-bfae-d692fb3b016a", "event": "detector.change_detected", "level": "info", "timestamp": "2026-10-03T13:31:01.600113Z"}
Oct 03 10:31:01 fim-host fim-agent[83952]: {"event_id": "b26951b4-e12a-4fde-bfae-d692fb3b016a", "event": "publisher.event_acked", "level": "info", "timestamp": "2026-10-03T13:31:01.601792Z"}
Oct 03 10:31:01 fim-host fim-agent[83952]: {"event_id": "7de1146f-a896-4a6f-abb1-9c05bbc4d14f", "path": "/srv/fim-watch/gen_00003.txt", "action": "alert_only", "action_failed": false, "event": "decision.evaluated", "level": "info", "timestamp": "2026-10-03T13:31:01.683720Z"}
Oct 03 10:31:01 fim-host fim-agent[83952]: {"event_id": "7de1146f-a896-4a6f-abb1-9c05bbc4d14f", "deferred": false, "event": "publisher.event_published", "level": "info", "timestamp": "2026-10-03T13:31:01.696641Z"}
Oct 03 10:31:01 fim-host fim-agent[83952]: {"path": "/srv/fim-watch/gen_00003.txt", "event_type": "file_modified", "event_id": "7de1146f-a896-4a6f-abb1-9c05bbc4d14f", "event": "detector.change_detected", "level": "info", "timestamp": "2026-10-03T13:31:01.701822Z"}
Oct 03 10:31:01 fim-host fim-agent[83952]: {"event_id": "7de1146f-a896-4a6f-abb1-9c05bbc4d14f", "event": "publisher.event_acked", "level": "info", "timestamp": "2026-10-03T13:31:01.704612Z"}
Oct 03 10:31:01 fim-host fim-agent[83952]: {"event_id": "4eb7fd98-1d16-4ddb-9c58-32b354bb06ff", "path": "/srv/fim-watch/gen_00002.txt", "action": "alert_only", "action_failed": false, "event": "decision.evaluated", "level": "info", "timestamp": "2026-10-03T13:31:01.783611Z"}
Oct 03 10:31:01 fim-host fim-agent[83952]: {"event_id": "4eb7fd98-1d16-4ddb-9c58-32b354bb06ff", "deferred": false, "event": "publisher.event_published", "level": "info", "timestamp": "2026-10-03T13:31:01.795146Z"}
Oct 03 10:31:01 fim-host fim-agent[83952]: {"path": "/srv/fim-watch/gen_00002.txt", "event_type": "file_modified", "event_id": "4eb7fd98-1d16-4ddb-9c58-32b354bb06ff", "event": "detector.change_detected", "level": "info", "timestamp": "2026-10-03T13:31:01.801266Z"}
Oct 03 10:31:01 fim-host fim-agent[83952]: {"event_id": "4eb7fd98-1d16-4ddb-9c58-32b354bb06ff", "event": "publisher.event_acked", "level": "info", "timestamp": "2026-10-03T13:31:01.805045Z"}
Oct 03 10:31:01 fim-host fim-agent[83952]: {"event_id": "385e0851-0f55-4c07-96e3-a8353b21bd5f", "path": "/srv/fim-watch/critico/gen_00004.txt", "action": "alert_only", "action_failed": false, "event": "decision.evaluated", "level": "info", "timestamp": "2026-10-03T13:31:01.877030Z"}
Oct 03 10:31:01 fim-host fim-agent[83952]: {"event_id": "385e0851-0f55-4c07-96e3-a8353b21bd5f", "deferred": false, "event": "publisher.event_published", "level": "info", "timestamp": "2026-10-03T13:31:01.884223Z"}
Oct 03 10:31:01 fim-host fim-agent[83952]: {"path": "/srv/fim-watch/critico/gen_00004.txt", "event_type": "file_created", "event_id": "385e0851-0f55-4c07-96e3-a8353b21bd5f", "event": "detector.change_detected", "level": "info", "timestamp": "2026-10-03T13:31:01.887864Z"}
Oct 03 10:31:01 fim-host fim-agent[83952]: {"event_id": "385e0851-0f55-4c07-96e3-a8353b21bd5f", "event": "publisher.event_acked", "level": "info", "timestamp": "2026-10-03T13:31:01.893677Z"}
Oct 03 10:31:01 fim-host fim-agent[83952]: {"event_id": "d4f06d74-ebfc-4e40-9fa3-ebd6fe6878d0", "path": "/srv/fim-watch/critico/gen_00004.txt", "action": "alert_only", "action_failed": false, "event": "decision.evaluated", "level": "info", "timestamp": "2026-10-03T13:31:01.982216Z"}
Oct 03 10:31:01 fim-host fim-agent[83952]: {"event_id": "d4f06d74-ebfc-4e40-9fa3-ebd6fe6878d0", "deferred": false, "event": "publisher.event_published", "level": "info", "timestamp": "2026-10-03T13:31:01.994093Z"}
Oct 03 10:31:01 fim-host fim-agent[83952]: {"path": "/srv/fim-watch/critico/gen_00004.txt", "event_type": "file_modified", "event_id": "d4f06d74-ebfc-4e40-9fa3-ebd6fe6878d0", "event": "detector.change_detected", "level": "info", "timestamp": "2026-10-03T13:31:01.998048Z"}
Oct 03 10:31:02 fim-host fim-agent[83952]: {"event_id": "d4f06d74-ebfc-4e40-9fa3-ebd6fe6878d0", "event": "publisher.event_acked", "level": "info", "timestamp": "2026-10-03T13:31:02.005808Z"}
Oct 03 10:31:02 fim-host fim-agent[83952]: {"event_id": "530c6822-125a-4da9-83d2-1e06ccd4547a", "path": "/srv/fim-watch/critico/gen_00004.txt", "action": "alert_only", "action_failed": false, "event": "decision.evaluated", "level": "info", "timestamp": "2026-10-03T13:31:02.083418Z"}
Oct 03 10:31:02 fim-host fim-agent[83952]: {"event_id": "530c6822-125a-4da9-83d2-1e06ccd4547a", "deferred": false, "event": "publisher.event_published", "level": "info", "timestamp": "2026-10-03T13:31:02.094579Z"}
Oct 03 10:31:02 fim-host fim-agent[83952]: {"path": "/srv/fim-watch/critico/gen_00004.txt", "event_type": "file_modified", "event_id": "530c6822-125a-4da9-83d2-1e06ccd4547a", "event": "detector.change_detected", "level": "info", "timestamp": "2026-10-03T13:31:02.098618Z"}
Oct 03 10:31:02 fim-host fim-agent[83952]: {"event_id": "530c6822-125a-4da9-83d2-1e06ccd4547a", "event": "publisher.event_acked", "level": "info", "timestamp": "2026-10-03T13:31:02.105116Z"}
Oct 03 10:31:02 fim-host fim-agent[83952]: {"event_id": "e3aaee2d-6f6d-413d-9309-faef27265b88", "path": "/srv/fim-watch/gen_00002.txt", "action": "alert_only", "action_failed": false, "event": "decision.evaluated", "level": "info", "timestamp": "2026-10-03T13:31:02.183215Z"}
Oct 03 10:31:02 fim-host fim-agent[83952]: {"event_id": "e3aaee2d-6f6d-413d-9309-faef27265b88", "deferred": false, "event": "publisher.event_published", "level": "info", "timestamp": "2026-10-03T13:31:02.194666Z"}
Oct 03 10:31:02 fim-host fim-agent[83952]: {"path": "/srv/fim-watch/gen_00002.txt", "event_type": "file_modified", "event_id": "e3aaee2d-6f6d-413d-9309-faef27265b88", "event": "detector.change_detected", "level": "info", "timestamp": "2026-10-03T13:31:02.199982Z"}
Oct 03 10:31:02 fim-host fim-agent[83952]: {"event_id": "e3aaee2d-6f6d-413d-9309-faef27265b88", "event": "publisher.event_acked", "level": "info", "timestamp": "2026-10-03T13:31:02.204974Z"}
Oct 03 10:31:02 fim-host fim-agent[83952]: {"event_id": "afbc44dd-592a-42d3-a7cb-ad5474d357c7", "path": "/srv/fim-watch/gen_00002.txt", "action": "alert_only", "action_failed": false, "event": "decision.evaluated", "level": "info", "timestamp": "2026-10-03T13:31:02.283917Z"}
Oct 03 10:31:02 fim-host fim-agent[83952]: {"event_id": "afbc44dd-592a-42d3-a7cb-ad5474d357c7", "deferred": false, "event": "publisher.event_published", "level": "info", "timestamp": "2026-10-03T13:31:02.296139Z"}
Oct 03 10:31:02 fim-host fim-agent[83952]: {"path": "/srv/fim-watch/gen_00002.txt", "event_type": "file_modified", "event_id": "afbc44dd-592a-42d3-a7cb-ad5474d357c7", "event": "detector.change_detected", "level": "info", "timestamp": "2026-10-03T13:31:02.300717Z"}
Oct 03 10:31:02 fim-host fim-agent[83952]: {"event_id": "afbc44dd-592a-42d3-a7cb-ad5474d357c7", "event": "publisher.event_acked", "level": "info", "timestamp": "2026-10-03T13:31:02.305104Z"}
Oct 03 10:31:02 fim-host fim-agent[83952]: {"event_id": "f8cd7b65-13e9-40b7-997e-3b6182735f39", "path": "/srv/fim-watch/gen_00002.txt", "action": "alert_only", "action_failed": false, "event": "decision.evaluated", "level": "info", "timestamp": "2026-10-03T13:31:02.378367Z"}
Oct 03 10:31:02 fim-host fim-agent[83952]: {"event_id": "f8cd7b65-13e9-40b7-997e-3b6182735f39", "deferred": false, "event": "publisher.event_published", "level": "info", "timestamp": "2026-10-03T13:31:02.384317Z"}
Oct 03 10:31:02 fim-host fim-agent[83952]: {"path": "/srv/fim-watch/gen_00002.txt", "event_type": "file_modified", "event_id": "f8cd7b65-13e9-40b7-997e-3b6182735f39", "event": "detector.change_detected", "level": "info", "timestamp": "2026-10-03T13:31:02.386689Z"}
Oct 03 10:31:02 fim-host fim-agent[83952]: {"event_id": "f8cd7b65-13e9-40b7-997e-3b6182735f39", "event": "publisher.event_acked", "level": "info", "timestamp": "2026-10-03T13:31:02.388533Z"}
Oct 03 10:31:02 fim-host fim-agent[83952]: {"event_id": "28f4ed7c-9775-4e3a-9803-504d0cb53948", "path": "/srv/fim-watch/gen_00002.txt", "action": "alert_only", "action_failed": false, "event": "decision.evaluated", "level": "info", "timestamp": "2026-10-03T13:31:02.483020Z"}
Oct 03 10:31:02 fim-host fim-agent[83952]: {"event_id": "28f4ed7c-9775-4e3a-9803-504d0cb53948", "deferred": false, "event": "publisher.event_published", "level": "info", "timestamp": "2026-10-03T13:31:02.493858Z"}
Oct 03 10:31:02 fim-host fim-agent[83952]: {"path": "/srv/fim-watch/gen_00002.txt", "event_type": "file_modified", "event_id": "28f4ed7c-9775-4e3a-9803-504d0cb53948", "event": "detector.change_detected", "level": "info", "timestamp": "2026-10-03T13:31:02.498543Z"}
Oct 03 10:31:02 fim-host fim-agent[83952]: {"event_id": "28f4ed7c-9775-4e3a-9803-504d0cb53948", "event": "publisher.event_acked", "level": "info", "timestamp": "2026-10-03T13:31:02.503539Z"}
Oct 03 10:31:02 fim-host fim-agent[83952]: {"event_id": "3cd9b25a-9679-4d5c-988b-357ba21935bc", "path": "/srv/fim-watch/gen_00003.txt", "action": "alert_only", "action_failed": false, "event": "decision.evaluated", "level": "info", "timestamp": "2026-10-03T13:31:02.583376Z"}
Oct 03 10:31:02 fim-host fim-agent[83952]: {"event_id": "3cd9b25a-9679-4d5c-988b-357ba21935bc", "deferred": false, "event": "publisher.event_published", "level": "info", "timestamp": "2026-10-03T13:31:02.595041Z"}
Oct 03 10:31:02 fim-host fim-agent[83952]: {"path": "/srv/fim-watch/gen_00003.txt", "event_type": "file_modified", "event_id": "3cd9b25a-9679-4d5c-988b-357ba21935bc", "event": "detector.change_detected", "level": "info", "timestamp": "2026-10-03T13:31:02.599116Z"}
Oct 03 10:31:02 fim-host fim-agent[83952]: {"event_id": "3cd9b25a-9679-4d5c-988b-357ba21935bc", "event": "publisher.event_acked", "level": "info", "timestamp": "2026-10-03T13:31:02.604712Z"}
Oct 03 10:31:02 fim-host fim-agent[83952]: {"event_id": "90c9effc-7d51-4c16-82a1-4cdaddb50566", "path": "/srv/fim-watch/critico/gen_00004.txt", "action": "alert_only", "action_failed": false, "event": "decision.evaluated", "level": "info", "timestamp": "2026-10-03T13:31:02.683029Z"}
Oct 03 10:31:02 fim-host fim-agent[83952]: {"event_id": "90c9effc-7d51-4c16-82a1-4cdaddb50566", "deferred": false, "event": "publisher.event_published", "level": "info", "timestamp": "2026-10-03T13:31:02.695335Z"}
Oct 03 10:31:02 fim-host fim-agent[83952]: {"path": "/srv/fim-watch/critico/gen_00004.txt", "event_type": "file_modified", "event_id": "90c9effc-7d51-4c16-82a1-4cdaddb50566", "event": "detector.change_detected", "level": "info", "timestamp": "2026-10-03T13:31:02.701020Z"}
Oct 03 10:31:02 fim-host fim-agent[83952]: {"event_id": "90c9effc-7d51-4c16-82a1-4cdaddb50566", "event": "publisher.event_acked", "level": "info", "timestamp": "2026-10-03T13:31:02.702654Z"}
Oct 03 10:31:02 fim-host fim-agent[83952]: {"event_id": "59e5682d-5e16-46dc-be33-58a5316dd171", "path": "/srv/fim-watch/gen_00005.txt", "action": "alert_only", "action_failed": false, "event": "decision.evaluated", "level": "info", "timestamp": "2026-10-03T13:31:02.775068Z"}
Oct 03 10:31:02 fim-host fim-agent[83952]: {"event_id": "59e5682d-5e16-46dc-be33-58a5316dd171", "deferred": false, "event": "publisher.event_published", "level": "info", "timestamp": "2026-10-03T13:31:02.784723Z"}
Oct 03 10:31:02 fim-host fim-agent[83952]: {"path": "/srv/fim-watch/gen_00005.txt", "event_type": "file_created", "event_id": "59e5682d-5e16-46dc-be33-58a5316dd171", "event": "detector.change_detected", "level": "info", "timestamp": "2026-10-03T13:31:02.787702Z"}
Oct 03 10:31:02 fim-host fim-agent[83952]: {"event_id": "59e5682d-5e16-46dc-be33-58a5316dd171", "event": "publisher.event_acked", "level": "info", "timestamp": "2026-10-03T13:31:02.791002Z"}
Oct 03 10:31:02 fim-host fim-agent[83952]: {"event_id": "24ebc5ea-9986-4abd-87c3-8bc3384972eb", "path": "/srv/fim-watch/critico/gen_00006.txt", "action": "alert_only", "action_failed": false, "event": "decision.evaluated", "level": "info", "timestamp": "2026-10-03T13:31:02.877787Z"}
Oct 03 10:31:02 fim-host fim-agent[83952]: {"event_id": "24ebc5ea-9986-4abd-87c3-8bc3384972eb", "deferred": false, "event": "publisher.event_published", "level": "info", "timestamp": "2026-10-03T13:31:02.887033Z"}
Oct 03 10:31:02 fim-host fim-agent[83952]: {"path": "/srv/fim-watch/critico/gen_00006.txt", "event_type": "file_created", "event_id": "24ebc5ea-9986-4abd-87c3-8bc3384972eb", "event": "detector.change_detected", "level": "info", "timestamp": "2026-10-03T13:31:02.889902Z"}
Oct 03 10:31:02 fim-host fim-agent[83952]: {"event_id": "24ebc5ea-9986-4abd-87c3-8bc3384972eb", "event": "publisher.event_acked", "level": "info", "timestamp": "2026-10-03T13:31:02.894106Z"}
Oct 03 10:31:02 fim-host fim-agent[83952]: {"event_id": "f26527ac-7b3e-4d06-ac1a-42a59dd38e1f", "path": "/srv/fim-watch/gen_00005.txt", "action": "alert_only", "action_failed": false, "event": "decision.evaluated", "level": "info", "timestamp": "2026-10-03T13:31:02.983608Z"}
Oct 03 10:31:03 fim-host fim-agent[83952]: {"event_id": "f26527ac-7b3e-4d06-ac1a-42a59dd38e1f", "deferred": false, "event": "publisher.event_published", "level": "info", "timestamp": "2026-10-03T13:31:03.000326Z"}
Oct 03 10:31:03 fim-host fim-agent[83952]: {"path": "/srv/fim-watch/gen_00005.txt", "event_type": "file_modified", "event_id": "f26527ac-7b3e-4d06-ac1a-42a59dd38e1f", "event": "detector.change_detected", "level": "info", "timestamp": "2026-10-03T13:31:03.004825Z"}
Oct 03 10:31:03 fim-host fim-agent[83952]: {"event_id": "f26527ac-7b3e-4d06-ac1a-42a59dd38e1f", "event": "publisher.event_acked", "level": "info", "timestamp": "2026-10-03T13:31:03.011565Z"}
Oct 03 10:31:03 fim-host fim-agent[83952]: {"event_id": "b82fd5f0-9510-427a-9f1c-fc04da55ca6b", "path": "/srv/fim-watch/gen_00002.txt", "action": "alert_only", "action_failed": false, "event": "decision.evaluated", "level": "info", "timestamp": "2026-10-03T13:31:03.083063Z"}
Oct 03 10:31:03 fim-host fim-agent[83952]: {"event_id": "b82fd5f0-9510-427a-9f1c-fc04da55ca6b", "deferred": false, "event": "publisher.event_published", "level": "info", "timestamp": "2026-10-03T13:31:03.095140Z"}
Oct 03 10:31:03 fim-host fim-agent[83952]: {"path": "/srv/fim-watch/gen_00002.txt", "event_type": "file_modified", "event_id": "b82fd5f0-9510-427a-9f1c-fc04da55ca6b", "event": "detector.change_detected", "level": "info", "timestamp": "2026-10-03T13:31:03.100254Z"}
Oct 03 10:31:03 fim-host fim-agent[83952]: {"event_id": "b82fd5f0-9510-427a-9f1c-fc04da55ca6b", "event": "publisher.event_acked", "level": "info", "timestamp": "2026-10-03T13:31:03.105319Z"}
Oct 03 10:31:03 fim-host fim-agent[83952]: {"event_id": "7e24bc18-ec54-4888-b7c7-8c47f6f61a1f", "path": "/srv/fim-watch/gen_00002.txt", "action": "alert_only", "action_failed": false, "event": "decision.evaluated", "level": "info", "timestamp": "2026-10-03T13:31:03.185169Z"}
Oct 03 10:31:03 fim-host fim-agent[83952]: {"event_id": "7e24bc18-ec54-4888-b7c7-8c47f6f61a1f", "deferred": false, "event": "publisher.event_published", "level": "info", "timestamp": "2026-10-03T13:31:03.196153Z"}
Oct 03 10:31:03 fim-host fim-agent[83952]: {"path": "/srv/fim-watch/gen_00002.txt", "event_type": "file_modified", "event_id": "7e24bc18-ec54-4888-b7c7-8c47f6f61a1f", "event": "detector.change_detected", "level": "info", "timestamp": "2026-10-03T13:31:03.200939Z"}
Oct 03 10:31:03 fim-host fim-agent[83952]: {"event_id": "7e24bc18-ec54-4888-b7c7-8c47f6f61a1f", "event": "publisher.event_acked", "level": "info", "timestamp": "2026-10-03T13:31:03.202894Z"}
Oct 03 10:31:03 fim-host fim-agent[83952]: {"event_id": "f36d622d-66c0-4c69-86f6-c53c2d3d44a5", "path": "/srv/fim-watch/gen_00001.txt", "action": "alert_only", "action_failed": false, "event": "decision.evaluated", "level": "info", "timestamp": "2026-10-03T13:31:03.276793Z"}
Oct 03 10:31:03 fim-host fim-agent[83952]: {"event_id": "f36d622d-66c0-4c69-86f6-c53c2d3d44a5", "deferred": false, "event": "publisher.event_published", "level": "info", "timestamp": "2026-10-03T13:31:03.281899Z"}
Oct 03 10:31:03 fim-host fim-agent[83952]: {"path": "/srv/fim-watch/gen_00001.txt", "event_type": "file_modified", "event_id": "f36d622d-66c0-4c69-86f6-c53c2d3d44a5", "event": "detector.change_detected", "level": "info", "timestamp": "2026-10-03T13:31:03.284102Z"}
Oct 03 10:31:03 fim-host fim-agent[83952]: {"event_id": "f36d622d-66c0-4c69-86f6-c53c2d3d44a5", "event": "publisher.event_acked", "level": "info", "timestamp": "2026-10-03T13:31:03.286810Z"}
Oct 03 10:31:03 fim-host fim-agent[83952]: {"event_id": "3db5e961-7700-4f30-a5b0-5ea99e3b14ed", "path": "/srv/fim-watch/gen_00005.txt", "action": "alert_only", "action_failed": false, "event": "decision.evaluated", "level": "info", "timestamp": "2026-10-03T13:31:03.385005Z"}
Oct 03 10:31:03 fim-host fim-agent[83952]: {"event_id": "3db5e961-7700-4f30-a5b0-5ea99e3b14ed", "deferred": false, "event": "publisher.event_published", "level": "info", "timestamp": "2026-10-03T13:31:03.395107Z"}
Oct 03 10:31:03 fim-host fim-agent[83952]: {"path": "/srv/fim-watch/gen_00005.txt", "event_type": "file_modified", "event_id": "3db5e961-7700-4f30-a5b0-5ea99e3b14ed", "event": "detector.change_detected", "level": "info", "timestamp": "2026-10-03T13:31:03.398549Z"}
Oct 03 10:31:03 fim-host fim-agent[83952]: {"event_id": "3db5e961-7700-4f30-a5b0-5ea99e3b14ed", "event": "publisher.event_acked", "level": "info", "timestamp": "2026-10-03T13:31:03.406435Z"}
Oct 03 10:31:03 fim-host fim-agent[83952]: {"event_id": "3e5db8cc-fa84-460b-915d-e64076e4ce48", "path": "/srv/fim-watch/critico/gen_00004.txt", "action": "alert_only", "action_failed": false, "event": "decision.evaluated", "level": "info", "timestamp": "2026-10-03T13:31:03.484687Z"}
Oct 03 10:31:03 fim-host fim-agent[83952]: {"event_id": "3e5db8cc-fa84-460b-915d-e64076e4ce48", "deferred": false, "event": "publisher.event_published", "level": "info", "timestamp": "2026-10-03T13:31:03.497145Z"}
Oct 03 10:31:03 fim-host fim-agent[83952]: {"path": "/srv/fim-watch/critico/gen_00004.txt", "event_type": "file_modified", "event_id": "3e5db8cc-fa84-460b-915d-e64076e4ce48", "event": "detector.change_detected", "level": "info", "timestamp": "2026-10-03T13:31:03.502817Z"}
Oct 03 10:31:03 fim-host fim-agent[83952]: {"event_id": "3e5db8cc-fa84-460b-915d-e64076e4ce48", "event": "publisher.event_acked", "level": "info", "timestamp": "2026-10-03T13:31:03.506052Z"}
Oct 03 10:31:03 fim-host fim-agent[83952]: {"event_id": "7b3e6806-d54d-4199-94ef-3c13456a03ce", "path": "/srv/fim-watch/gen_00001.txt", "action": "alert_only", "action_failed": false, "event": "decision.evaluated", "level": "info", "timestamp": "2026-10-03T13:31:03.578385Z"}
Oct 03 10:31:03 fim-host fim-agent[83952]: {"event_id": "7b3e6806-d54d-4199-94ef-3c13456a03ce", "deferred": false, "event": "publisher.event_published", "level": "info", "timestamp": "2026-10-03T13:31:03.586864Z"}
Oct 03 10:31:03 fim-host fim-agent[83952]: {"path": "/srv/fim-watch/gen_00001.txt", "event_type": "file_modified", "event_id": "7b3e6806-d54d-4199-94ef-3c13456a03ce", "event": "detector.change_detected", "level": "info", "timestamp": "2026-10-03T13:31:03.592272Z"}
Oct 03 10:31:03 fim-host fim-agent[83952]: {"event_id": "7b3e6806-d54d-4199-94ef-3c13456a03ce", "event": "publisher.event_acked", "level": "info", "timestamp": "2026-10-03T13:31:03.593500Z"}
Oct 03 10:31:03 fim-host fim-agent[83952]: {"event_id": "cf710446-fc20-4149-ae5e-3b0c31b6b1c3", "path": "/srv/fim-watch/critico/gen_00006.txt", "action": "alert_only", "action_failed": false, "event": "decision.evaluated", "level": "info", "timestamp": "2026-10-03T13:31:03.683609Z"}
Oct 03 10:31:03 fim-host fim-agent[83952]: {"event_id": "cf710446-fc20-4149-ae5e-3b0c31b6b1c3", "deferred": false, "event": "publisher.event_published", "level": "info", "timestamp": "2026-10-03T13:31:03.700594Z"}
Oct 03 10:31:03 fim-host fim-agent[83952]: {"path": "/srv/fim-watch/critico/gen_00006.txt", "event_type": "file_modified", "event_id": "cf710446-fc20-4149-ae5e-3b0c31b6b1c3", "event": "detector.change_detected", "level": "info", "timestamp": "2026-10-03T13:31:03.707505Z"}
Oct 03 10:31:03 fim-host fim-agent[83952]: {"event_id": "cf710446-fc20-4149-ae5e-3b0c31b6b1c3", "event": "publisher.event_acked", "level": "info", "timestamp": "2026-10-03T13:31:03.711259Z"}
Oct 03 10:31:03 fim-host fim-agent[83952]: {"event_id": "f0db01ec-634f-4244-b7f1-405588a3dd8b", "path": "/srv/fim-watch/gen_00007.txt", "action": "alert_only", "action_failed": false, "event": "decision.evaluated", "level": "info", "timestamp": "2026-10-03T13:31:03.779506Z"}
Oct 03 10:31:03 fim-host fim-agent[83952]: {"event_id": "f0db01ec-634f-4244-b7f1-405588a3dd8b", "deferred": false, "event": "publisher.event_published", "level": "info", "timestamp": "2026-10-03T13:31:03.788029Z"}
Oct 03 10:31:03 fim-host fim-agent[83952]: {"path": "/srv/fim-watch/gen_00007.txt", "event_type": "file_created", "event_id": "f0db01ec-634f-4244-b7f1-405588a3dd8b", "event": "detector.change_detected", "level": "info", "timestamp": "2026-10-03T13:31:03.790758Z"}
Oct 03 10:31:03 fim-host fim-agent[83952]: {"event_id": "f0db01ec-634f-4244-b7f1-405588a3dd8b", "event": "publisher.event_acked", "level": "info", "timestamp": "2026-10-03T13:31:03.796571Z"}
Oct 03 10:31:03 fim-host fim-agent[83952]: {"event_id": "8145e323-12c6-4c2e-a99a-85cf4acc9873", "path": "/srv/fim-watch/gen_00007.txt", "action": "alert_only", "action_failed": false, "event": "decision.evaluated", "level": "info", "timestamp": "2026-10-03T13:31:03.881229Z"}
Oct 03 10:31:03 fim-host fim-agent[83952]: {"event_id": "8145e323-12c6-4c2e-a99a-85cf4acc9873", "deferred": false, "event": "publisher.event_published", "level": "info", "timestamp": "2026-10-03T13:31:03.892482Z"}
Oct 03 10:31:03 fim-host fim-agent[83952]: {"path": "/srv/fim-watch/gen_00007.txt", "event_type": "file_modified", "event_id": "8145e323-12c6-4c2e-a99a-85cf4acc9873", "event": "detector.change_detected", "level": "info", "timestamp": "2026-10-03T13:31:03.896212Z"}
Oct 03 10:31:03 fim-host fim-agent[83952]: {"event_id": "8145e323-12c6-4c2e-a99a-85cf4acc9873", "event": "publisher.event_acked", "level": "info", "timestamp": "2026-10-03T13:31:03.902021Z"}
Oct 03 10:31:03 fim-host fim-agent[83952]: {"event_id": "92f665db-18cd-4eae-b1ef-f8c68fa44d7e", "path": "/srv/fim-watch/gen_00005.txt", "action": "alert_only", "action_failed": false, "event": "decision.evaluated", "level": "info", "timestamp": "2026-10-03T13:31:03.983451Z"}
Oct 03 10:31:03 fim-host fim-agent[83952]: {"event_id": "92f665db-18cd-4eae-b1ef-f8c68fa44d7e", "deferred": false, "event": "publisher.event_published", "level": "info", "timestamp": "2026-10-03T13:31:03.994938Z"}
Oct 03 10:31:03 fim-host fim-agent[83952]: {"path": "/srv/fim-watch/gen_00005.txt", "event_type": "file_modified", "event_id": "92f665db-18cd-4eae-b1ef-f8c68fa44d7e", "event": "detector.change_detected", "level": "info", "timestamp": "2026-10-03T13:31:03.999640Z"}
Oct 03 10:31:04 fim-host fim-agent[83952]: {"event_id": "92f665db-18cd-4eae-b1ef-f8c68fa44d7e", "event": "publisher.event_acked", "level": "info", "timestamp": "2026-10-03T13:31:04.003112Z"}
Oct 03 10:31:04 fim-host fim-agent[83952]: {"event_id": "478e5256-1c03-493a-b5e1-48fbc02f6532", "path": "/srv/fim-watch/gen_00005.txt", "action": "alert_only", "action_failed": false, "event": "decision.evaluated", "level": "info", "timestamp": "2026-10-03T13:31:04.081971Z"}
Oct 03 10:31:04 fim-host fim-agent[83952]: {"event_id": "478e5256-1c03-493a-b5e1-48fbc02f6532", "deferred": false, "event": "publisher.event_published", "level": "info", "timestamp": "2026-10-03T13:31:04.093989Z"}
Oct 03 10:31:04 fim-host fim-agent[83952]: {"path": "/srv/fim-watch/gen_00005.txt", "event_type": "file_modified", "event_id": "478e5256-1c03-493a-b5e1-48fbc02f6532", "event": "detector.change_detected", "level": "info", "timestamp": "2026-10-03T13:31:04.098846Z"}
Oct 03 10:31:04 fim-host fim-agent[83952]: {"event_id": "478e5256-1c03-493a-b5e1-48fbc02f6532", "event": "publisher.event_acked", "level": "info", "timestamp": "2026-10-03T13:31:04.102616Z"}
Oct 03 10:31:04 fim-host fim-agent[83952]: {"event_id": "60e8c6ab-232f-4d66-937d-a00ff9709cc6", "path": "/srv/fim-watch/gen_00002.txt", "action": "alert_only", "action_failed": false, "event": "decision.evaluated", "level": "info", "timestamp": "2026-10-03T13:31:04.180175Z"}
Oct 03 10:31:04 fim-host fim-agent[83952]: {"event_id": "60e8c6ab-232f-4d66-937d-a00ff9709cc6", "deferred": false, "event": "publisher.event_published", "level": "info", "timestamp": "2026-10-03T13:31:04.190521Z"}
Oct 03 10:31:04 fim-host fim-agent[83952]: {"path": "/srv/fim-watch/gen_00002.txt", "event_type": "file_modified", "event_id": "60e8c6ab-232f-4d66-937d-a00ff9709cc6", "event": "detector.change_detected", "level": "info", "timestamp": "2026-10-03T13:31:04.195713Z"}
Oct 03 10:31:04 fim-host fim-agent[83952]: {"event_id": "60e8c6ab-232f-4d66-937d-a00ff9709cc6", "event": "publisher.event_acked", "level": "info", "timestamp": "2026-10-03T13:31:04.197993Z"}
Oct 03 10:31:04 fim-host fim-agent[83952]: {"event_id": "b1b0ed04-d16b-41d6-be78-fd2f54f12375", "path": "/srv/fim-watch/gen_00008.txt", "action": "alert_only", "action_failed": false, "event": "decision.evaluated", "level": "info", "timestamp": "2026-10-03T13:31:04.280476Z"}
Oct 03 10:31:04 fim-host fim-agent[83952]: {"event_id": "b1b0ed04-d16b-41d6-be78-fd2f54f12375", "deferred": false, "event": "publisher.event_published", "level": "info", "timestamp": "2026-10-03T13:31:04.294963Z"}
Oct 03 10:31:04 fim-host fim-agent[83952]: {"path": "/srv/fim-watch/gen_00008.txt", "event_type": "file_created", "event_id": "b1b0ed04-d16b-41d6-be78-fd2f54f12375", "event": "detector.change_detected", "level": "info", "timestamp": "2026-10-03T13:31:04.298444Z"}
Oct 03 10:31:04 fim-host fim-agent[83952]: {"event_id": "b1b0ed04-d16b-41d6-be78-fd2f54f12375", "event": "publisher.event_acked", "level": "info", "timestamp": "2026-10-03T13:31:04.304408Z"}
Oct 03 10:31:04 fim-host fim-agent[83952]: {"event_id": "c6f0979b-cc78-4586-8bf1-aee68ccad6d8", "path": "/srv/fim-watch/gen_00008.txt", "action": "alert_only", "action_failed": false, "event": "decision.evaluated", "level": "info", "timestamp": "2026-10-03T13:31:04.380217Z"}
Oct 03 10:31:04 fim-host fim-agent[83952]: {"event_id": "c6f0979b-cc78-4586-8bf1-aee68ccad6d8", "deferred": false, "event": "publisher.event_published", "level": "info", "timestamp": "2026-10-03T13:31:04.394544Z"}
Oct 03 10:31:04 fim-host fim-agent[83952]: {"path": "/srv/fim-watch/gen_00008.txt", "event_type": "file_modified", "event_id": "c6f0979b-cc78-4586-8bf1-aee68ccad6d8", "event": "detector.change_detected", "level": "info", "timestamp": "2026-10-03T13:31:04.398778Z"}
Oct 03 10:31:04 fim-host fim-agent[83952]: {"event_id": "c6f0979b-cc78-4586-8bf1-aee68ccad6d8", "event": "publisher.event_acked", "level": "info", "timestamp": "2026-10-03T13:31:04.401340Z"}
Oct 03 10:31:04 fim-host fim-agent[83952]: {"event_id": "8b0d80b8-6952-435d-8b9f-d1d7fdbad570", "path": "/srv/fim-watch/gen_00003.txt", "action": "alert_only", "action_failed": false, "event": "decision.evaluated", "level": "info", "timestamp": "2026-10-03T13:31:04.477065Z"}
Oct 03 10:31:04 fim-host fim-agent[83952]: {"event_id": "8b0d80b8-6952-435d-8b9f-d1d7fdbad570", "deferred": false, "event": "publisher.event_published", "level": "info", "timestamp": "2026-10-03T13:31:04.482824Z"}
Oct 03 10:31:04 fim-host fim-agent[83952]: {"path": "/srv/fim-watch/gen_00003.txt", "event_type": "file_modified", "event_id": "8b0d80b8-6952-435d-8b9f-d1d7fdbad570", "event": "detector.change_detected", "level": "info", "timestamp": "2026-10-03T13:31:04.485724Z"}
Oct 03 10:31:04 fim-host fim-agent[83952]: {"event_id": "8b0d80b8-6952-435d-8b9f-d1d7fdbad570", "event": "publisher.event_acked", "level": "info", "timestamp": "2026-10-03T13:31:04.489701Z"}
Oct 03 10:31:04 fim-host fim-agent[83952]: {"event_id": "abdd379f-bb5e-4d51-96f3-044b68ea0d2d", "path": "/srv/fim-watch/gen_00008.txt", "action": "alert_only", "action_failed": false, "event": "decision.evaluated", "level": "info", "timestamp": "2026-10-03T13:31:04.581008Z"}
Oct 03 10:31:04 fim-host fim-agent[83952]: {"event_id": "abdd379f-bb5e-4d51-96f3-044b68ea0d2d", "deferred": false, "event": "publisher.event_published", "level": "info", "timestamp": "2026-10-03T13:31:04.595008Z"}
Oct 03 10:31:04 fim-host fim-agent[83952]: {"path": "/srv/fim-watch/gen_00008.txt", "event_type": "file_modified", "event_id": "abdd379f-bb5e-4d51-96f3-044b68ea0d2d", "event": "detector.change_detected", "level": "info", "timestamp": "2026-10-03T13:31:04.599916Z"}
Oct 03 10:31:04 fim-host fim-agent[83952]: {"event_id": "abdd379f-bb5e-4d51-96f3-044b68ea0d2d", "event": "publisher.event_acked", "level": "info", "timestamp": "2026-10-03T13:31:04.606429Z"}
Oct 03 10:31:04 fim-host fim-agent[83952]: {"event_id": "3c797271-298f-4558-a305-09608557257e", "path": "/srv/fim-watch/gen_00002.txt", "action": "alert_only", "action_failed": false, "event": "decision.evaluated", "level": "info", "timestamp": "2026-10-03T13:31:04.681437Z"}
Oct 03 10:31:04 fim-host fim-agent[83952]: {"event_id": "3c797271-298f-4558-a305-09608557257e", "deferred": false, "event": "publisher.event_published", "level": "info", "timestamp": "2026-10-03T13:31:04.690851Z"}
Oct 03 10:31:04 fim-host fim-agent[83952]: {"path": "/srv/fim-watch/gen_00002.txt", "event_type": "file_modified", "event_id": "3c797271-298f-4558-a305-09608557257e", "event": "detector.change_detected", "level": "info", "timestamp": "2026-10-03T13:31:04.693865Z"}
Oct 03 10:31:04 fim-host fim-agent[83952]: {"event_id": "3c797271-298f-4558-a305-09608557257e", "event": "publisher.event_acked", "level": "info", "timestamp": "2026-10-03T13:31:04.696248Z"}
Oct 03 10:31:04 fim-host fim-agent[83952]: {"event_id": "3da3eae9-e801-4ef2-a036-e2ce032846a1", "path": "/srv/fim-watch/gen_00009.txt", "action": "alert_only", "action_failed": false, "event": "decision.evaluated", "level": "info", "timestamp": "2026-10-03T13:31:04.780485Z"}
Oct 03 10:31:04 fim-host fim-agent[83952]: {"event_id": "3da3eae9-e801-4ef2-a036-e2ce032846a1", "deferred": false, "event": "publisher.event_published", "level": "info", "timestamp": "2026-10-03T13:31:04.795764Z"}
Oct 03 10:31:04 fim-host fim-agent[83952]: {"path": "/srv/fim-watch/gen_00009.txt", "event_type": "file_created", "event_id": "3da3eae9-e801-4ef2-a036-e2ce032846a1", "event": "detector.change_detected", "level": "info", "timestamp": "2026-10-03T13:31:04.801058Z"}
Oct 03 10:31:04 fim-host fim-agent[83952]: {"event_id": "3da3eae9-e801-4ef2-a036-e2ce032846a1", "event": "publisher.event_acked", "level": "info", "timestamp": "2026-10-03T13:31:04.807098Z"}
Oct 03 10:31:04 fim-host fim-agent[83952]: {"event_id": "0710d202-eeda-47c6-85b6-f20609683340", "path": "/srv/fim-watch/gen_00010.txt", "action": "alert_only", "action_failed": false, "event": "decision.evaluated", "level": "info", "timestamp": "2026-10-03T13:31:04.877311Z"}
Oct 03 10:31:04 fim-host fim-agent[83952]: {"event_id": "0710d202-eeda-47c6-85b6-f20609683340", "deferred": false, "event": "publisher.event_published", "level": "info", "timestamp": "2026-10-03T13:31:04.886214Z"}
Oct 03 10:31:04 fim-host fim-agent[83952]: {"path": "/srv/fim-watch/gen_00010.txt", "event_type": "file_created", "event_id": "0710d202-eeda-47c6-85b6-f20609683340", "event": "detector.change_detected", "level": "info", "timestamp": "2026-10-03T13:31:04.889161Z"}
Oct 03 10:31:04 fim-host fim-agent[83952]: {"event_id": "0710d202-eeda-47c6-85b6-f20609683340", "event": "publisher.event_acked", "level": "info", "timestamp": "2026-10-03T13:31:04.891446Z"}
Oct 03 10:31:04 fim-host fim-agent[83952]: {"event_id": "5e86ca4e-9d56-4f7c-8ad8-df21a82c7ab6", "path": "/srv/fim-watch/gen_00008.txt", "action": "alert_only", "action_failed": false, "event": "decision.evaluated", "level": "info", "timestamp": "2026-10-03T13:31:04.978400Z"}
Oct 03 10:31:04 fim-host fim-agent[83952]: {"event_id": "5e86ca4e-9d56-4f7c-8ad8-df21a82c7ab6", "deferred": false, "event": "publisher.event_published", "level": "info", "timestamp": "2026-10-03T13:31:04.987554Z"}
Oct 03 10:31:04 fim-host fim-agent[83952]: {"path": "/srv/fim-watch/gen_00008.txt", "event_type": "file_modified", "event_id": "5e86ca4e-9d56-4f7c-8ad8-df21a82c7ab6", "event": "detector.change_detected", "level": "info", "timestamp": "2026-10-03T13:31:04.992366Z"}
Oct 03 10:31:04 fim-host fim-agent[83952]: {"event_id": "5e86ca4e-9d56-4f7c-8ad8-df21a82c7ab6", "event": "publisher.event_acked", "level": "info", "timestamp": "2026-10-03T13:31:04.995279Z"}
Oct 03 10:31:05 fim-host fim-agent[83952]: {"event_id": "c722bb7c-2454-455a-878b-808ebad95877", "path": "/srv/fim-watch/gen_00011.txt", "action": "alert_only", "action_failed": false, "event": "decision.evaluated", "level": "info", "timestamp": "2026-10-03T13:31:05.081906Z"}
Oct 03 10:31:05 fim-host fim-agent[83952]: {"event_id": "c722bb7c-2454-455a-878b-808ebad95877", "deferred": false, "event": "publisher.event_published", "level": "info", "timestamp": "2026-10-03T13:31:05.094668Z"}
Oct 03 10:31:05 fim-host fim-agent[83952]: {"path": "/srv/fim-watch/gen_00011.txt", "event_type": "file_created", "event_id": "c722bb7c-2454-455a-878b-808ebad95877", "event": "detector.change_detected", "level": "info", "timestamp": "2026-10-03T13:31:05.099405Z"}
Oct 03 10:31:05 fim-host fim-agent[83952]: {"event_id": "c722bb7c-2454-455a-878b-808ebad95877", "event": "publisher.event_acked", "level": "info", "timestamp": "2026-10-03T13:31:05.104558Z"}
Oct 03 10:31:05 fim-host fim-agent[83952]: {"event_id": "b14d4714-4058-473c-a983-190460de8ebb", "path": "/srv/fim-watch/gen_00009.txt", "action": "alert_only", "action_failed": false, "event": "decision.evaluated", "level": "info", "timestamp": "2026-10-03T13:31:05.179639Z"}
Oct 03 10:31:05 fim-host fim-agent[83952]: {"event_id": "b14d4714-4058-473c-a983-190460de8ebb", "deferred": false, "event": "publisher.event_published", "level": "info", "timestamp": "2026-10-03T13:31:05.188801Z"}
Oct 03 10:31:05 fim-host fim-agent[83952]: {"path": "/srv/fim-watch/gen_00009.txt", "event_type": "file_modified", "event_id": "b14d4714-4058-473c-a983-190460de8ebb", "event": "detector.change_detected", "level": "info", "timestamp": "2026-10-03T13:31:05.191987Z"}
Oct 03 10:31:05 fim-host fim-agent[83952]: {"event_id": "b14d4714-4058-473c-a983-190460de8ebb", "event": "publisher.event_acked", "level": "info", "timestamp": "2026-10-03T13:31:05.194490Z"}
Oct 03 10:31:05 fim-host fim-agent[83952]: {"event_id": "f7b60a0b-7510-4fef-828c-34f487f30694", "path": "/srv/fim-watch/gen_00011.txt", "action": "alert_only", "action_failed": false, "event": "decision.evaluated", "level": "info", "timestamp": "2026-10-03T13:31:05.278890Z"}
Oct 03 10:31:05 fim-host fim-agent[83952]: {"event_id": "f7b60a0b-7510-4fef-828c-34f487f30694", "deferred": false, "event": "publisher.event_published", "level": "info", "timestamp": "2026-10-03T13:31:05.291362Z"}
Oct 03 10:31:05 fim-host fim-agent[83952]: {"path": "/srv/fim-watch/gen_00011.txt", "event_type": "file_modified", "event_id": "f7b60a0b-7510-4fef-828c-34f487f30694", "event": "detector.change_detected", "level": "info", "timestamp": "2026-10-03T13:31:05.296216Z"}
Oct 03 10:31:05 fim-host fim-agent[83952]: {"event_id": "f7b60a0b-7510-4fef-828c-34f487f30694", "event": "publisher.event_acked", "level": "info", "timestamp": "2026-10-03T13:31:05.300266Z"}
Oct 03 10:31:05 fim-host fim-agent[83952]: {"event_id": "60ffa5cc-f2c7-43be-9214-ff673b843930", "path": "/srv/fim-watch/gen_00007.txt", "action": "alert_only", "action_failed": false, "event": "decision.evaluated", "level": "info", "timestamp": "2026-10-03T13:31:05.378770Z"}
Oct 03 10:31:05 fim-host fim-agent[83952]: {"event_id": "60ffa5cc-f2c7-43be-9214-ff673b843930", "deferred": false, "event": "publisher.event_published", "level": "info", "timestamp": "2026-10-03T13:31:05.385694Z"}
Oct 03 10:31:05 fim-host fim-agent[83952]: {"path": "/srv/fim-watch/gen_00007.txt", "event_type": "file_modified", "event_id": "60ffa5cc-f2c7-43be-9214-ff673b843930", "event": "detector.change_detected", "level": "info", "timestamp": "2026-10-03T13:31:05.389172Z"}
Oct 03 10:31:05 fim-host fim-agent[83952]: {"event_id": "60ffa5cc-f2c7-43be-9214-ff673b843930", "event": "publisher.event_acked", "level": "info", "timestamp": "2026-10-03T13:31:05.391250Z"}
Oct 03 10:31:05 fim-host fim-agent[83952]: {"event_id": "39bf0c3a-d7ab-450e-9d64-97b137a06867", "path": "/srv/fim-watch/critico/gen_00004.txt", "action": "alert_only", "action_failed": false, "event": "decision.evaluated", "level": "info", "timestamp": "2026-10-03T13:31:05.481083Z"}
Oct 03 10:31:05 fim-host fim-agent[83952]: {"event_id": "39bf0c3a-d7ab-450e-9d64-97b137a06867", "deferred": false, "event": "publisher.event_published", "level": "info", "timestamp": "2026-10-03T13:31:05.489625Z"}
Oct 03 10:31:05 fim-host fim-agent[83952]: {"path": "/srv/fim-watch/critico/gen_00004.txt", "event_type": "file_modified", "event_id": "39bf0c3a-d7ab-450e-9d64-97b137a06867", "event": "detector.change_detected", "level": "info", "timestamp": "2026-10-03T13:31:05.494471Z"}
Oct 03 10:31:05 fim-host fim-agent[83952]: {"event_id": "39bf0c3a-d7ab-450e-9d64-97b137a06867", "event": "publisher.event_acked", "level": "info", "timestamp": "2026-10-03T13:31:05.500624Z"}
Oct 03 10:31:05 fim-host fim-agent[83952]: {"event_id": "30c70ed3-a7e1-4909-a02b-4f3fa3f59c72", "path": "/srv/fim-watch/gen_00012.txt", "action": "alert_only", "action_failed": false, "event": "decision.evaluated", "level": "info", "timestamp": "2026-10-03T13:31:05.581787Z"}
Oct 03 10:31:05 fim-host fim-agent[83952]: {"event_id": "30c70ed3-a7e1-4909-a02b-4f3fa3f59c72", "deferred": false, "event": "publisher.event_published", "level": "info", "timestamp": "2026-10-03T13:31:05.595831Z"}
Oct 03 10:31:05 fim-host fim-agent[83952]: {"path": "/srv/fim-watch/gen_00012.txt", "event_type": "file_created", "event_id": "30c70ed3-a7e1-4909-a02b-4f3fa3f59c72", "event": "detector.change_detected", "level": "info", "timestamp": "2026-10-03T13:31:05.601284Z"}
Oct 03 10:31:05 fim-host fim-agent[83952]: {"event_id": "30c70ed3-a7e1-4909-a02b-4f3fa3f59c72", "event": "publisher.event_acked", "level": "info", "timestamp": "2026-10-03T13:31:05.609457Z"}
Oct 03 10:31:05 fim-host fim-agent[83952]: {"event_id": "65a74790-701e-4cb3-8881-f8f123088e26", "path": "/srv/fim-watch/critico/gen_00004.txt", "action": "alert_only", "action_failed": false, "event": "decision.evaluated", "level": "info", "timestamp": "2026-10-03T13:31:05.682185Z"}
Oct 03 10:31:05 fim-host fim-agent[83952]: {"event_id": "65a74790-701e-4cb3-8881-f8f123088e26", "deferred": false, "event": "publisher.event_published", "level": "info", "timestamp": "2026-10-03T13:31:05.693614Z"}
Oct 03 10:31:05 fim-host fim-agent[83952]: {"path": "/srv/fim-watch/critico/gen_00004.txt", "event_type": "file_modified", "event_id": "65a74790-701e-4cb3-8881-f8f123088e26", "event": "detector.change_detected", "level": "info", "timestamp": "2026-10-03T13:31:05.699016Z"}
Oct 03 10:31:05 fim-host fim-agent[83952]: {"event_id": "65a74790-701e-4cb3-8881-f8f123088e26", "event": "publisher.event_acked", "level": "info", "timestamp": "2026-10-03T13:31:05.705209Z"}
Oct 03 10:31:05 fim-host fim-agent[83952]: {"event_id": "75a31bd9-512f-4fef-ae28-d4eeb5a4956c", "path": "/srv/fim-watch/critico/gen_00006.txt", "action": "alert_only", "action_failed": false, "event": "decision.evaluated", "level": "info", "timestamp": "2026-10-03T13:31:05.784283Z"}
Oct 03 10:31:05 fim-host fim-agent[83952]: {"event_id": "75a31bd9-512f-4fef-ae28-d4eeb5a4956c", "deferred": false, "event": "publisher.event_published", "level": "info", "timestamp": "2026-10-03T13:31:05.794917Z"}
Oct 03 10:31:05 fim-host fim-agent[83952]: {"path": "/srv/fim-watch/critico/gen_00006.txt", "event_type": "file_modified", "event_id": "75a31bd9-512f-4fef-ae28-d4eeb5a4956c", "event": "detector.change_detected", "level": "info", "timestamp": "2026-10-03T13:31:05.801396Z"}
Oct 03 10:31:05 fim-host fim-agent[83952]: {"event_id": "75a31bd9-512f-4fef-ae28-d4eeb5a4956c", "event": "publisher.event_acked", "level": "info", "timestamp": "2026-10-03T13:31:05.804965Z"}
Oct 03 10:31:05 fim-host fim-agent[83952]: {"event_id": "de711fe5-0a63-467b-a046-2f1cd7c0baa0", "path": "/srv/fim-watch/gen_00001.txt", "action": "alert_only", "action_failed": false, "event": "decision.evaluated", "level": "info", "timestamp": "2026-10-03T13:31:05.883603Z"}
Oct 03 10:31:05 fim-host fim-agent[83952]: {"event_id": "de711fe5-0a63-467b-a046-2f1cd7c0baa0", "deferred": false, "event": "publisher.event_published", "level": "info", "timestamp": "2026-10-03T13:31:05.896020Z"}
Oct 03 10:31:05 fim-host fim-agent[83952]: {"path": "/srv/fim-watch/gen_00001.txt", "event_type": "file_modified", "event_id": "de711fe5-0a63-467b-a046-2f1cd7c0baa0", "event": "detector.change_detected", "level": "info", "timestamp": "2026-10-03T13:31:05.901274Z"}
Oct 03 10:31:05 fim-host fim-agent[83952]: {"event_id": "de711fe5-0a63-467b-a046-2f1cd7c0baa0", "event": "publisher.event_acked", "level": "info", "timestamp": "2026-10-03T13:31:05.908303Z"}
Oct 03 10:31:05 fim-host fim-agent[83952]: {"event_id": "d3360350-f0f4-421d-a510-88ddd67b8354", "path": "/srv/fim-watch/gen_00012.txt", "action": "alert_only", "action_failed": false, "event": "decision.evaluated", "level": "info", "timestamp": "2026-10-03T13:31:05.983627Z"}
Oct 03 10:31:06 fim-host fim-agent[83952]: {"event_id": "d3360350-f0f4-421d-a510-88ddd67b8354", "deferred": false, "event": "publisher.event_published", "level": "info", "timestamp": "2026-10-03T13:31:06.001053Z"}
Oct 03 10:31:06 fim-host fim-agent[83952]: {"path": "/srv/fim-watch/gen_00012.txt", "event_type": "file_modified", "event_id": "d3360350-f0f4-421d-a510-88ddd67b8354", "event": "detector.change_detected", "level": "info", "timestamp": "2026-10-03T13:31:06.006662Z"}
Oct 03 10:31:06 fim-host fim-agent[83952]: {"event_id": "d3360350-f0f4-421d-a510-88ddd67b8354", "event": "publisher.event_acked", "level": "info", "timestamp": "2026-10-03T13:31:06.011574Z"}
Oct 03 10:31:06 fim-host fim-agent[83952]: {"event_id": "084ee03b-7231-4031-951d-11bff116b89f", "path": "/srv/fim-watch/critico/gen_00006.txt", "action": "alert_only", "action_failed": false, "event": "decision.evaluated", "level": "info", "timestamp": "2026-10-03T13:31:06.081024Z"}
Oct 03 10:31:06 fim-host fim-agent[83952]: {"event_id": "084ee03b-7231-4031-951d-11bff116b89f", "deferred": false, "event": "publisher.event_published", "level": "info", "timestamp": "2026-10-03T13:31:06.090709Z"}
Oct 03 10:31:06 fim-host fim-agent[83952]: {"path": "/srv/fim-watch/critico/gen_00006.txt", "event_type": "file_modified", "event_id": "084ee03b-7231-4031-951d-11bff116b89f", "event": "detector.change_detected", "level": "info", "timestamp": "2026-10-03T13:31:06.095325Z"}
Oct 03 10:31:06 fim-host fim-agent[83952]: {"event_id": "084ee03b-7231-4031-951d-11bff116b89f", "event": "publisher.event_acked", "level": "info", "timestamp": "2026-10-03T13:31:06.096469Z"}
Oct 03 10:31:06 fim-host fim-agent[83952]: {"event_id": "cbd95074-f1ef-49d8-837c-5a40f41355cf", "path": "/srv/fim-watch/critico/gen_00004.txt", "action": "alert_only", "action_failed": false, "event": "decision.evaluated", "level": "info", "timestamp": "2026-10-03T13:31:06.181478Z"}
Oct 03 10:31:06 fim-host fim-agent[83952]: {"event_id": "cbd95074-f1ef-49d8-837c-5a40f41355cf", "deferred": false, "event": "publisher.event_published", "level": "info", "timestamp": "2026-10-03T13:31:06.192629Z"}
Oct 03 10:31:06 fim-host fim-agent[83952]: {"path": "/srv/fim-watch/critico/gen_00004.txt", "event_type": "file_modified", "event_id": "cbd95074-f1ef-49d8-837c-5a40f41355cf", "event": "detector.change_detected", "level": "info", "timestamp": "2026-10-03T13:31:06.197080Z"}
Oct 03 10:31:06 fim-host fim-agent[83952]: {"event_id": "cbd95074-f1ef-49d8-837c-5a40f41355cf", "event": "publisher.event_acked", "level": "info", "timestamp": "2026-10-03T13:31:06.198865Z"}
Oct 03 10:31:06 fim-host fim-agent[83952]: {"event_id": "f3f601d7-592a-42c3-84e7-75edee60df52", "path": "/srv/fim-watch/gen_00008.txt", "action": "alert_only", "action_failed": false, "event": "decision.evaluated", "level": "info", "timestamp": "2026-10-03T13:31:06.279245Z"}
Oct 03 10:31:06 fim-host fim-agent[83952]: {"event_id": "f3f601d7-592a-42c3-84e7-75edee60df52", "deferred": false, "event": "publisher.event_published", "level": "info", "timestamp": "2026-10-03T13:31:06.286487Z"}
Oct 03 10:31:06 fim-host fim-agent[83952]: {"path": "/srv/fim-watch/gen_00008.txt", "event_type": "file_modified", "event_id": "f3f601d7-592a-42c3-84e7-75edee60df52", "event": "detector.change_detected", "level": "info", "timestamp": "2026-10-03T13:31:06.289804Z"}
Oct 03 10:31:06 fim-host fim-agent[83952]: {"event_id": "f3f601d7-592a-42c3-84e7-75edee60df52", "event": "publisher.event_acked", "level": "info", "timestamp": "2026-10-03T13:31:06.295599Z"}
Oct 03 10:31:06 fim-host fim-agent[83952]: {"event_id": "db633dd8-9fd4-400a-8f0a-19994f7cccc6", "path": "/srv/fim-watch/gen_00011.txt", "action": "alert_only", "action_failed": false, "event": "decision.evaluated", "level": "info", "timestamp": "2026-10-03T13:31:06.381537Z"}
Oct 03 10:31:06 fim-host fim-agent[83952]: {"event_id": "db633dd8-9fd4-400a-8f0a-19994f7cccc6", "deferred": false, "event": "publisher.event_published", "level": "info", "timestamp": "2026-10-03T13:31:06.392571Z"}
Oct 03 10:31:06 fim-host fim-agent[83952]: {"path": "/srv/fim-watch/gen_00011.txt", "event_type": "file_modified", "event_id": "db633dd8-9fd4-400a-8f0a-19994f7cccc6", "event": "detector.change_detected", "level": "info", "timestamp": "2026-10-03T13:31:06.397579Z"}
Oct 03 10:31:06 fim-host fim-agent[83952]: {"event_id": "db633dd8-9fd4-400a-8f0a-19994f7cccc6", "event": "publisher.event_acked", "level": "info", "timestamp": "2026-10-03T13:31:06.401581Z"}
Oct 03 10:31:06 fim-host fim-agent[83952]: {"event_id": "7e9c133e-5c8a-4a36-8751-b623e4fce7a6", "path": "/srv/fim-watch/gen_00002.txt", "action": "alert_only", "action_failed": false, "event": "decision.evaluated", "level": "info", "timestamp": "2026-10-03T13:31:06.484189Z"}
Oct 03 10:31:06 fim-host fim-agent[83952]: {"event_id": "7e9c133e-5c8a-4a36-8751-b623e4fce7a6", "deferred": false, "event": "publisher.event_published", "level": "info", "timestamp": "2026-10-03T13:31:06.495954Z"}
Oct 03 10:31:06 fim-host fim-agent[83952]: {"path": "/srv/fim-watch/gen_00002.txt", "event_type": "file_modified", "event_id": "7e9c133e-5c8a-4a36-8751-b623e4fce7a6", "event": "detector.change_detected", "level": "info", "timestamp": "2026-10-03T13:31:06.501699Z"}
Oct 03 10:31:06 fim-host fim-agent[83952]: {"event_id": "7e9c133e-5c8a-4a36-8751-b623e4fce7a6", "event": "publisher.event_acked", "level": "info", "timestamp": "2026-10-03T13:31:06.507071Z"}
Oct 03 10:31:06 fim-host fim-agent[83952]: {"event_id": "409f5ab8-af3d-41ef-b7d6-ad6b6684cafd", "path": "/srv/fim-watch/gen_00011.txt", "action": "alert_only", "action_failed": false, "event": "decision.evaluated", "level": "info", "timestamp": "2026-10-03T13:31:06.583005Z"}
Oct 03 10:31:06 fim-host fim-agent[83952]: {"event_id": "409f5ab8-af3d-41ef-b7d6-ad6b6684cafd", "deferred": false, "event": "publisher.event_published", "level": "info", "timestamp": "2026-10-03T13:31:06.594456Z"}
Oct 03 10:31:06 fim-host fim-agent[83952]: {"path": "/srv/fim-watch/gen_00011.txt", "event_type": "file_modified", "event_id": "409f5ab8-af3d-41ef-b7d6-ad6b6684cafd", "event": "detector.change_detected", "level": "info", "timestamp": "2026-10-03T13:31:06.599207Z"}
Oct 03 10:31:06 fim-host fim-agent[83952]: {"event_id": "409f5ab8-af3d-41ef-b7d6-ad6b6684cafd", "event": "publisher.event_acked", "level": "info", "timestamp": "2026-10-03T13:31:06.601180Z"}
Oct 03 10:31:06 fim-host fim-agent[83952]: {"event_id": "49cac88c-c604-4540-bfd5-5dbfebf7683f", "path": "/srv/fim-watch/gen_00013.txt", "action": "alert_only", "action_failed": false, "event": "decision.evaluated", "level": "info", "timestamp": "2026-10-03T13:31:06.683979Z"}
Oct 03 10:31:06 fim-host fim-agent[83952]: {"event_id": "49cac88c-c604-4540-bfd5-5dbfebf7683f", "deferred": false, "event": "publisher.event_published", "level": "info", "timestamp": "2026-10-03T13:31:06.699879Z"}
Oct 03 10:31:06 fim-host fim-agent[83952]: {"path": "/srv/fim-watch/gen_00013.txt", "event_type": "file_created", "event_id": "49cac88c-c604-4540-bfd5-5dbfebf7683f", "event": "detector.change_detected", "level": "info", "timestamp": "2026-10-03T13:31:06.705482Z"}
Oct 03 10:31:06 fim-host fim-agent[83952]: {"event_id": "49cac88c-c604-4540-bfd5-5dbfebf7683f", "event": "publisher.event_acked", "level": "info", "timestamp": "2026-10-03T13:31:06.709012Z"}
Oct 03 10:31:06 fim-host fim-agent[83952]: {"event_id": "a31d0441-c668-4977-be26-44365e4071cc", "path": "/srv/fim-watch/gen_00010.txt", "action": "alert_only", "action_failed": false, "event": "decision.evaluated", "level": "info", "timestamp": "2026-10-03T13:31:06.781154Z"}
Oct 03 10:31:06 fim-host fim-agent[83952]: {"event_id": "a31d0441-c668-4977-be26-44365e4071cc", "deferred": false, "event": "publisher.event_published", "level": "info", "timestamp": "2026-10-03T13:31:06.792990Z"}
Oct 03 10:31:06 fim-host fim-agent[83952]: {"path": "/srv/fim-watch/gen_00010.txt", "event_type": "file_modified", "event_id": "a31d0441-c668-4977-be26-44365e4071cc", "event": "detector.change_detected", "level": "info", "timestamp": "2026-10-03T13:31:06.796228Z"}
Oct 03 10:31:06 fim-host fim-agent[83952]: {"event_id": "a31d0441-c668-4977-be26-44365e4071cc", "event": "publisher.event_acked", "level": "info", "timestamp": "2026-10-03T13:31:06.804089Z"}
Oct 03 10:31:06 fim-host fim-agent[83952]: {"event_id": "e58fd279-4505-42d0-96c4-6db7bc43f5b0", "path": "/srv/fim-watch/gen_00008.txt", "action": "alert_only", "action_failed": false, "event": "decision.evaluated", "level": "info", "timestamp": "2026-10-03T13:31:06.880201Z"}
Oct 03 10:31:06 fim-host fim-agent[83952]: {"event_id": "e58fd279-4505-42d0-96c4-6db7bc43f5b0", "deferred": false, "event": "publisher.event_published", "level": "info", "timestamp": "2026-10-03T13:31:06.888590Z"}
Oct 03 10:31:06 fim-host fim-agent[83952]: {"path": "/srv/fim-watch/gen_00008.txt", "event_type": "file_modified", "event_id": "e58fd279-4505-42d0-96c4-6db7bc43f5b0", "event": "detector.change_detected", "level": "info", "timestamp": "2026-10-03T13:31:06.892885Z"}
Oct 03 10:31:06 fim-host fim-agent[83952]: {"event_id": "e58fd279-4505-42d0-96c4-6db7bc43f5b0", "event": "publisher.event_acked", "level": "info", "timestamp": "2026-10-03T13:31:06.894853Z"}
Oct 03 10:31:06 fim-host fim-agent[83952]: {"event_id": "dba05717-1795-497e-91fb-7bc5d8a494fb", "path": "/srv/fim-watch/critico/gen_00014.txt", "event": "detector.approval_candidate_unavailable", "level": "warning", "timestamp": "2026-10-03T13:31:06.971966Z"}
Oct 03 10:31:06 fim-host fim-agent[83952]: {"event_id": "dba05717-1795-497e-91fb-7bc5d8a494fb", "path": "/srv/fim-watch/critico/gen_00014.txt", "action": "alert_only", "action_failed": false, "event": "decision.evaluated", "level": "info", "timestamp": "2026-10-03T13:31:06.975233Z"}
Oct 03 10:31:06 fim-host fim-agent[83952]: {"event_id": "dba05717-1795-497e-91fb-7bc5d8a494fb", "deferred": false, "event": "publisher.event_published", "level": "info", "timestamp": "2026-10-03T13:31:06.984295Z"}
Oct 03 10:31:06 fim-host fim-agent[83952]: {"path": "/srv/fim-watch/critico/gen_00014.txt", "event_type": "file_created", "event_id": "dba05717-1795-497e-91fb-7bc5d8a494fb", "event": "detector.change_detected", "level": "info", "timestamp": "2026-10-03T13:31:06.987574Z"}
Oct 03 10:31:06 fim-host fim-agent[83952]: {"event_id": "dba05717-1795-497e-91fb-7bc5d8a494fb", "event": "publisher.event_acked", "level": "info", "timestamp": "2026-10-03T13:31:06.991549Z"}
Oct 03 10:31:07 fim-host fim-agent[83952]: {"event_id": "81c2d50a-9171-4c00-a800-8a5033b16c7c", "path": "/srv/fim-watch/gen_00009.txt", "action": "alert_only", "action_failed": false, "event": "decision.evaluated", "level": "info", "timestamp": "2026-10-03T13:31:07.077203Z"}
Oct 03 10:31:07 fim-host fim-agent[83952]: {"event_id": "81c2d50a-9171-4c00-a800-8a5033b16c7c", "deferred": false, "event": "publisher.event_published", "level": "info", "timestamp": "2026-10-03T13:31:07.084257Z"}
Oct 03 10:31:07 fim-host fim-agent[83952]: {"path": "/srv/fim-watch/gen_00009.txt", "event_type": "file_modified", "event_id": "81c2d50a-9171-4c00-a800-8a5033b16c7c", "event": "detector.change_detected", "level": "info", "timestamp": "2026-10-03T13:31:07.087438Z"}
Oct 03 10:31:07 fim-host fim-agent[83952]: {"event_id": "81c2d50a-9171-4c00-a800-8a5033b16c7c", "event": "publisher.event_acked", "level": "info", "timestamp": "2026-10-03T13:31:07.090480Z"}
Oct 03 10:31:07 fim-host fim-agent[83952]: {"event_id": "c74c7cf0-eb94-4aa2-aa71-e12ed54ca245", "path": "/srv/fim-watch/gen_00013.txt", "action": "alert_only", "action_failed": false, "event": "decision.evaluated", "level": "info", "timestamp": "2026-10-03T13:31:07.184092Z"}
Oct 03 10:31:07 fim-host fim-agent[83952]: {"event_id": "c74c7cf0-eb94-4aa2-aa71-e12ed54ca245", "deferred": false, "event": "publisher.event_published", "level": "info", "timestamp": "2026-10-03T13:31:07.200193Z"}
Oct 03 10:31:07 fim-host fim-agent[83952]: {"path": "/srv/fim-watch/gen_00013.txt", "event_type": "file_modified", "event_id": "c74c7cf0-eb94-4aa2-aa71-e12ed54ca245", "event": "detector.change_detected", "level": "info", "timestamp": "2026-10-03T13:31:07.204935Z"}
Oct 03 10:31:07 fim-host fim-agent[83952]: {"event_id": "c74c7cf0-eb94-4aa2-aa71-e12ed54ca245", "event": "publisher.event_acked", "level": "info", "timestamp": "2026-10-03T13:31:07.209680Z"}
Oct 03 10:31:07 fim-host fim-agent[83952]: {"event_id": "21f2cee1-258c-44b8-9a13-db44e81c9e42", "path": "/srv/fim-watch/critico/gen_00006.txt", "action": "alert_only", "action_failed": false, "event": "decision.evaluated", "level": "info", "timestamp": "2026-10-03T13:31:07.280390Z"}
Oct 03 10:31:07 fim-host fim-agent[83952]: {"event_id": "21f2cee1-258c-44b8-9a13-db44e81c9e42", "deferred": false, "event": "publisher.event_published", "level": "info", "timestamp": "2026-10-03T13:31:07.290459Z"}
Oct 03 10:31:07 fim-host fim-agent[83952]: {"path": "/srv/fim-watch/critico/gen_00006.txt", "event_type": "file_modified", "event_id": "21f2cee1-258c-44b8-9a13-db44e81c9e42", "event": "detector.change_detected", "level": "info", "timestamp": "2026-10-03T13:31:07.294221Z"}
Oct 03 10:31:07 fim-host fim-agent[83952]: {"event_id": "21f2cee1-258c-44b8-9a13-db44e81c9e42", "event": "publisher.event_acked", "level": "info", "timestamp": "2026-10-03T13:31:07.296896Z"}
Oct 03 10:31:07 fim-host fim-agent[83952]: {"event_id": "814cfc96-64e3-48ab-b468-234b97a6fe2a", "path": "/srv/fim-watch/critico/gen_00006.txt", "action": "alert_only", "action_failed": false, "event": "decision.evaluated", "level": "info", "timestamp": "2026-10-03T13:31:07.381393Z"}
Oct 03 10:31:07 fim-host fim-agent[83952]: {"event_id": "814cfc96-64e3-48ab-b468-234b97a6fe2a", "deferred": false, "event": "publisher.event_published", "level": "info", "timestamp": "2026-10-03T13:31:07.392174Z"}
Oct 03 10:31:07 fim-host fim-agent[83952]: {"path": "/srv/fim-watch/critico/gen_00006.txt", "event_type": "file_modified", "event_id": "814cfc96-64e3-48ab-b468-234b97a6fe2a", "event": "detector.change_detected", "level": "info", "timestamp": "2026-10-03T13:31:07.396482Z"}
Oct 03 10:31:07 fim-host fim-agent[83952]: {"event_id": "814cfc96-64e3-48ab-b468-234b97a6fe2a", "event": "publisher.event_acked", "level": "info", "timestamp": "2026-10-03T13:31:07.401175Z"}
Oct 03 10:31:07 fim-host fim-agent[83952]: {"event_id": "2c1ef92d-d8db-449e-985f-00c7a0923aae", "path": "/srv/fim-watch/gen_00015.txt", "action": "alert_only", "action_failed": false, "event": "decision.evaluated", "level": "info", "timestamp": "2026-10-03T13:31:07.478100Z"}
Oct 03 10:31:07 fim-host fim-agent[83952]: {"event_id": "2c1ef92d-d8db-449e-985f-00c7a0923aae", "deferred": false, "event": "publisher.event_published", "level": "info", "timestamp": "2026-10-03T13:31:07.487389Z"}
Oct 03 10:31:07 fim-host fim-agent[83952]: {"path": "/srv/fim-watch/gen_00015.txt", "event_type": "file_created", "event_id": "2c1ef92d-d8db-449e-985f-00c7a0923aae", "event": "detector.change_detected", "level": "info", "timestamp": "2026-10-03T13:31:07.490400Z"}
Oct 03 10:31:07 fim-host fim-agent[83952]: {"event_id": "2c1ef92d-d8db-449e-985f-00c7a0923aae", "event": "publisher.event_acked", "level": "info", "timestamp": "2026-10-03T13:31:07.493860Z"}
Oct 03 10:31:07 fim-host fim-agent[83952]: {"event_id": "f9e4ae81-19ad-41d4-bef2-449df08b86dc", "path": "/srv/fim-watch/critico/gen_00014.txt", "action": "alert_only", "action_failed": false, "event": "decision.evaluated", "level": "info", "timestamp": "2026-10-03T13:31:07.583658Z"}
Oct 03 10:31:07 fim-host fim-agent[83952]: {"event_id": "f9e4ae81-19ad-41d4-bef2-449df08b86dc", "deferred": false, "event": "publisher.event_published", "level": "info", "timestamp": "2026-10-03T13:31:07.599818Z"}
Oct 03 10:31:07 fim-host fim-agent[83952]: {"path": "/srv/fim-watch/critico/gen_00014.txt", "event_type": "file_modified", "event_id": "f9e4ae81-19ad-41d4-bef2-449df08b86dc", "event": "detector.change_detected", "level": "info", "timestamp": "2026-10-03T13:31:07.605942Z"}
Oct 03 10:31:07 fim-host fim-agent[83952]: {"event_id": "f9e4ae81-19ad-41d4-bef2-449df08b86dc", "event": "publisher.event_acked", "level": "info", "timestamp": "2026-10-03T13:31:07.607581Z"}
Oct 03 10:31:07 fim-host fim-agent[83952]: {"event_id": "c20988fa-4133-4bff-a30a-d5cc44d957b0", "path": "/srv/fim-watch/gen_00003.txt", "action": "alert_only", "action_failed": false, "event": "decision.evaluated", "level": "info", "timestamp": "2026-10-03T13:31:07.685183Z"}
Oct 03 10:31:07 fim-host fim-agent[83952]: {"event_id": "c20988fa-4133-4bff-a30a-d5cc44d957b0", "deferred": false, "event": "publisher.event_published", "level": "info", "timestamp": "2026-10-03T13:31:07.697992Z"}
Oct 03 10:31:07 fim-host fim-agent[83952]: {"path": "/srv/fim-watch/gen_00003.txt", "event_type": "file_modified", "event_id": "c20988fa-4133-4bff-a30a-d5cc44d957b0", "event": "detector.change_detected", "level": "info", "timestamp": "2026-10-03T13:31:07.703712Z"}
Oct 03 10:31:07 fim-host fim-agent[83952]: {"event_id": "c20988fa-4133-4bff-a30a-d5cc44d957b0", "event": "publisher.event_acked", "level": "info", "timestamp": "2026-10-03T13:31:07.706057Z"}
Oct 03 10:31:07 fim-host fim-agent[83952]: {"event_id": "a584fa9e-d597-49b0-80d5-e9a57ebb4ee6", "path": "/srv/fim-watch/gen_00016.txt", "action": "alert_only", "action_failed": false, "event": "decision.evaluated", "level": "info", "timestamp": "2026-10-03T13:31:07.780665Z"}
Oct 03 10:31:07 fim-host fim-agent[83952]: {"event_id": "a584fa9e-d597-49b0-80d5-e9a57ebb4ee6", "deferred": false, "event": "publisher.event_published", "level": "info", "timestamp": "2026-10-03T13:31:07.790446Z"}
Oct 03 10:31:07 fim-host fim-agent[83952]: {"path": "/srv/fim-watch/gen_00016.txt", "event_type": "file_created", "event_id": "a584fa9e-d597-49b0-80d5-e9a57ebb4ee6", "event": "detector.change_detected", "level": "info", "timestamp": "2026-10-03T13:31:07.794301Z"}
Oct 03 10:31:07 fim-host fim-agent[83952]: {"event_id": "a584fa9e-d597-49b0-80d5-e9a57ebb4ee6", "event": "publisher.event_acked", "level": "info", "timestamp": "2026-10-03T13:31:07.802604Z"}
Oct 03 10:31:07 fim-host fim-agent[83952]: {"event_id": "c6a353ac-c122-4923-803c-ab22c3467999", "path": "/srv/fim-watch/critico/gen_00006.txt", "action": "alert_only", "action_failed": false, "event": "decision.evaluated", "level": "info", "timestamp": "2026-10-03T13:31:07.878174Z"}
Oct 03 10:31:07 fim-host fim-agent[83952]: {"event_id": "c6a353ac-c122-4923-803c-ab22c3467999", "deferred": false, "event": "publisher.event_published", "level": "info", "timestamp": "2026-10-03T13:31:07.885066Z"}
Oct 03 10:31:07 fim-host fim-agent[83952]: {"path": "/srv/fim-watch/critico/gen_00006.txt", "event_type": "file_modified", "event_id": "c6a353ac-c122-4923-803c-ab22c3467999", "event": "detector.change_detected", "level": "info", "timestamp": "2026-10-03T13:31:07.888048Z"}
Oct 03 10:31:07 fim-host fim-agent[83952]: {"event_id": "c6a353ac-c122-4923-803c-ab22c3467999", "event": "publisher.event_acked", "level": "info", "timestamp": "2026-10-03T13:31:07.891568Z"}
Oct 03 10:31:07 fim-host fim-agent[83952]: {"event_id": "bc3de2c1-8a98-4b54-8ed3-66245502a44f", "path": "/srv/fim-watch/gen_00001.txt", "action": "alert_only", "action_failed": false, "event": "decision.evaluated", "level": "info", "timestamp": "2026-10-03T13:31:07.981878Z"}
Oct 03 10:31:07 fim-host fim-agent[83952]: {"event_id": "bc3de2c1-8a98-4b54-8ed3-66245502a44f", "deferred": false, "event": "publisher.event_published", "level": "info", "timestamp": "2026-10-03T13:31:07.993167Z"}
Oct 03 10:31:07 fim-host fim-agent[83952]: {"path": "/srv/fim-watch/gen_00001.txt", "event_type": "file_modified", "event_id": "bc3de2c1-8a98-4b54-8ed3-66245502a44f", "event": "detector.change_detected", "level": "info", "timestamp": "2026-10-03T13:31:07.998379Z"}
Oct 03 10:31:08 fim-host fim-agent[83952]: {"event_id": "bc3de2c1-8a98-4b54-8ed3-66245502a44f", "event": "publisher.event_acked", "level": "info", "timestamp": "2026-10-03T13:31:08.000420Z"}
Oct 03 10:31:08 fim-host fim-agent[83952]: {"event_id": "a4c630b1-6f90-424d-9108-29397f2a05bb", "path": "/srv/fim-watch/gen_00013.txt", "action": "alert_only", "action_failed": false, "event": "decision.evaluated", "level": "info", "timestamp": "2026-10-03T13:31:08.083182Z"}
Oct 03 10:31:08 fim-host fim-agent[83952]: {"event_id": "a4c630b1-6f90-424d-9108-29397f2a05bb", "deferred": false, "event": "publisher.event_published", "level": "info", "timestamp": "2026-10-03T13:31:08.094968Z"}
Oct 03 10:31:08 fim-host fim-agent[83952]: {"path": "/srv/fim-watch/gen_00013.txt", "event_type": "file_modified", "event_id": "a4c630b1-6f90-424d-9108-29397f2a05bb", "event": "detector.change_detected", "level": "info", "timestamp": "2026-10-03T13:31:08.099913Z"}
Oct 03 10:31:08 fim-host fim-agent[83952]: {"event_id": "a4c630b1-6f90-424d-9108-29397f2a05bb", "event": "publisher.event_acked", "level": "info", "timestamp": "2026-10-03T13:31:08.102432Z"}
Oct 03 10:31:08 fim-host fim-agent[83952]: {"event_id": "b34db6d7-9aeb-4df7-b601-dd906da1e6d4", "path": "/srv/fim-watch/gen_00005.txt", "action": "alert_only", "action_failed": false, "event": "decision.evaluated", "level": "info", "timestamp": "2026-10-03T13:31:08.185069Z"}
Oct 03 10:31:08 fim-host fim-agent[83952]: {"event_id": "b34db6d7-9aeb-4df7-b601-dd906da1e6d4", "deferred": false, "event": "publisher.event_published", "level": "info", "timestamp": "2026-10-03T13:31:08.196889Z"}
Oct 03 10:31:08 fim-host fim-agent[83952]: {"path": "/srv/fim-watch/gen_00005.txt", "event_type": "file_modified", "event_id": "b34db6d7-9aeb-4df7-b601-dd906da1e6d4", "event": "detector.change_detected", "level": "info", "timestamp": "2026-10-03T13:31:08.201671Z"}
Oct 03 10:31:08 fim-host fim-agent[83952]: {"event_id": "b34db6d7-9aeb-4df7-b601-dd906da1e6d4", "event": "publisher.event_acked", "level": "info", "timestamp": "2026-10-03T13:31:08.203113Z"}
Oct 03 10:31:08 fim-host fim-agent[83952]: {"event_id": "2b2c9a2f-b69e-442f-b9ec-3086966586cf", "path": "/srv/fim-watch/critico/gen_00004.txt", "action": "alert_only", "action_failed": false, "event": "decision.evaluated", "level": "info", "timestamp": "2026-10-03T13:31:08.279084Z"}
Oct 03 10:31:08 fim-host fim-agent[83952]: {"event_id": "2b2c9a2f-b69e-442f-b9ec-3086966586cf", "deferred": false, "event": "publisher.event_published", "level": "info", "timestamp": "2026-10-03T13:31:08.286640Z"}
Oct 03 10:31:08 fim-host fim-agent[83952]: {"path": "/srv/fim-watch/critico/gen_00004.txt", "event_type": "file_modified", "event_id": "2b2c9a2f-b69e-442f-b9ec-3086966586cf", "event": "detector.change_detected", "level": "info", "timestamp": "2026-10-03T13:31:08.291195Z"}
Oct 03 10:31:08 fim-host fim-agent[83952]: {"event_id": "2b2c9a2f-b69e-442f-b9ec-3086966586cf", "event": "publisher.event_acked", "level": "info", "timestamp": "2026-10-03T13:31:08.294455Z"}
Oct 03 10:31:08 fim-host fim-agent[83952]: {"event_id": "19e0c361-88a9-4cff-8615-64e62dba832b", "path": "/srv/fim-watch/gen_00017.txt", "action": "alert_only", "action_failed": false, "event": "decision.evaluated", "level": "info", "timestamp": "2026-10-03T13:31:08.378586Z"}
Oct 03 10:31:08 fim-host fim-agent[83952]: {"event_id": "19e0c361-88a9-4cff-8615-64e62dba832b", "deferred": false, "event": "publisher.event_published", "level": "info", "timestamp": "2026-10-03T13:31:08.395123Z"}
Oct 03 10:31:08 fim-host fim-agent[83952]: {"path": "/srv/fim-watch/gen_00017.txt", "event_type": "file_created", "event_id": "19e0c361-88a9-4cff-8615-64e62dba832b", "event": "detector.change_detected", "level": "info", "timestamp": "2026-10-03T13:31:08.400157Z"}
Oct 03 10:31:08 fim-host fim-agent[83952]: {"event_id": "19e0c361-88a9-4cff-8615-64e62dba832b", "event": "publisher.event_acked", "level": "info", "timestamp": "2026-10-03T13:31:08.404252Z"}
Oct 03 10:31:08 fim-host fim-agent[83952]: {"event_id": "23f9eab6-5e5e-4504-8510-c76dd97cc881", "path": "/srv/fim-watch/gen_00012.txt", "action": "alert_only", "action_failed": false, "event": "decision.evaluated", "level": "info", "timestamp": "2026-10-03T13:31:08.480800Z"}
Oct 03 10:31:08 fim-host fim-agent[83952]: {"event_id": "23f9eab6-5e5e-4504-8510-c76dd97cc881", "deferred": false, "event": "publisher.event_published", "level": "info", "timestamp": "2026-10-03T13:31:08.489400Z"}
Oct 03 10:31:08 fim-host fim-agent[83952]: {"path": "/srv/fim-watch/gen_00012.txt", "event_type": "file_modified", "event_id": "23f9eab6-5e5e-4504-8510-c76dd97cc881", "event": "detector.change_detected", "level": "info", "timestamp": "2026-10-03T13:31:08.494351Z"}
Oct 03 10:31:08 fim-host fim-agent[83952]: {"event_id": "23f9eab6-5e5e-4504-8510-c76dd97cc881", "event": "publisher.event_acked", "level": "info", "timestamp": "2026-10-03T13:31:08.498586Z"}
Oct 03 10:31:08 fim-host fim-agent[83952]: {"event_id": "6954e7ed-940a-4981-9d15-9ab9e1b16d76", "path": "/srv/fim-watch/gen_00009.txt", "action": "alert_only", "action_failed": false, "event": "decision.evaluated", "level": "info", "timestamp": "2026-10-03T13:31:08.584366Z"}
Oct 03 10:31:08 fim-host fim-agent[83952]: {"event_id": "6954e7ed-940a-4981-9d15-9ab9e1b16d76", "deferred": false, "event": "publisher.event_published", "level": "info", "timestamp": "2026-10-03T13:31:08.594109Z"}
Oct 03 10:31:08 fim-host fim-agent[83952]: {"path": "/srv/fim-watch/gen_00009.txt", "event_type": "file_modified", "event_id": "6954e7ed-940a-4981-9d15-9ab9e1b16d76", "event": "detector.change_detected", "level": "info", "timestamp": "2026-10-03T13:31:08.598792Z"}
Oct 03 10:31:08 fim-host fim-agent[83952]: {"event_id": "6954e7ed-940a-4981-9d15-9ab9e1b16d76", "event": "publisher.event_acked", "level": "info", "timestamp": "2026-10-03T13:31:08.603585Z"}
Oct 03 10:31:08 fim-host fim-agent[83952]: {"event_id": "754ce8c5-11db-4cd3-8692-6fbed2fce950", "path": "/srv/fim-watch/gen_00015.txt", "action": "alert_only", "action_failed": false, "event": "decision.evaluated", "level": "info", "timestamp": "2026-10-03T13:31:08.683680Z"}
Oct 03 10:31:08 fim-host fim-agent[83952]: {"event_id": "754ce8c5-11db-4cd3-8692-6fbed2fce950", "deferred": false, "event": "publisher.event_published", "level": "info", "timestamp": "2026-10-03T13:31:08.700423Z"}
Oct 03 10:31:08 fim-host fim-agent[83952]: {"path": "/srv/fim-watch/gen_00015.txt", "event_type": "file_modified", "event_id": "754ce8c5-11db-4cd3-8692-6fbed2fce950", "event": "detector.change_detected", "level": "info", "timestamp": "2026-10-03T13:31:08.705426Z"}
Oct 03 10:31:08 fim-host fim-agent[83952]: {"event_id": "754ce8c5-11db-4cd3-8692-6fbed2fce950", "event": "publisher.event_acked", "level": "info", "timestamp": "2026-10-03T13:31:08.706881Z"}
Oct 03 10:31:08 fim-host fim-agent[83952]: {"event_id": "cde586fd-8ec6-4d3c-bdaf-9c01803386ed", "path": "/srv/fim-watch/gen_00007.txt", "action": "alert_only", "action_failed": false, "event": "decision.evaluated", "level": "info", "timestamp": "2026-10-03T13:31:08.785357Z"}
Oct 03 10:31:08 fim-host fim-agent[83952]: {"event_id": "cde586fd-8ec6-4d3c-bdaf-9c01803386ed", "deferred": false, "event": "publisher.event_published", "level": "info", "timestamp": "2026-10-03T13:31:08.797505Z"}
Oct 03 10:31:08 fim-host fim-agent[83952]: {"path": "/srv/fim-watch/gen_00007.txt", "event_type": "file_modified", "event_id": "cde586fd-8ec6-4d3c-bdaf-9c01803386ed", "event": "detector.change_detected", "level": "info", "timestamp": "2026-10-03T13:31:08.803649Z"}
Oct 03 10:31:08 fim-host fim-agent[83952]: {"event_id": "cde586fd-8ec6-4d3c-bdaf-9c01803386ed", "event": "publisher.event_acked", "level": "info", "timestamp": "2026-10-03T13:31:08.805237Z"}
Oct 03 10:31:08 fim-host fim-agent[83952]: {"event_id": "cecc0243-f57d-411c-924c-bf84ace78344", "path": "/srv/fim-watch/critico/gen_00006.txt", "action": "alert_only", "action_failed": false, "event": "decision.evaluated", "level": "info", "timestamp": "2026-10-03T13:31:08.879391Z"}
Oct 03 10:31:08 fim-host fim-agent[83952]: {"event_id": "cecc0243-f57d-411c-924c-bf84ace78344", "deferred": false, "event": "publisher.event_published", "level": "info", "timestamp": "2026-10-03T13:31:08.888097Z"}
Oct 03 10:31:08 fim-host fim-agent[83952]: {"path": "/srv/fim-watch/critico/gen_00006.txt", "event_type": "file_modified", "event_id": "cecc0243-f57d-411c-924c-bf84ace78344", "event": "detector.change_detected", "level": "info", "timestamp": "2026-10-03T13:31:08.892342Z"}
Oct 03 10:31:08 fim-host fim-agent[83952]: {"event_id": "cecc0243-f57d-411c-924c-bf84ace78344", "event": "publisher.event_acked", "level": "info", "timestamp": "2026-10-03T13:31:08.894052Z"}
Oct 03 10:31:08 fim-host fim-agent[83952]: {"event_id": "c6c0ae6f-f243-43b1-b8ef-a0ab878fde63", "path": "/srv/fim-watch/gen_00003.txt", "action": "alert_only", "action_failed": false, "event": "decision.evaluated", "level": "info", "timestamp": "2026-10-03T13:31:08.976608Z"}
Oct 03 10:31:08 fim-host fim-agent[83952]: {"event_id": "c6c0ae6f-f243-43b1-b8ef-a0ab878fde63", "deferred": false, "event": "publisher.event_published", "level": "info", "timestamp": "2026-10-03T13:31:08.982306Z"}
Oct 03 10:31:08 fim-host fim-agent[83952]: {"path": "/srv/fim-watch/gen_00003.txt", "event_type": "file_modified", "event_id": "c6c0ae6f-f243-43b1-b8ef-a0ab878fde63", "event": "detector.change_detected", "level": "info", "timestamp": "2026-10-03T13:31:08.985256Z"}
Oct 03 10:31:08 fim-host fim-agent[83952]: {"event_id": "c6c0ae6f-f243-43b1-b8ef-a0ab878fde63", "event": "publisher.event_acked", "level": "info", "timestamp": "2026-10-03T13:31:08.989284Z"}
Oct 03 10:31:09 fim-host fim-agent[83952]: {"event_id": "339b17a4-3475-463f-962e-e90480aee227", "path": "/srv/fim-watch/gen_00016.txt", "action": "alert_only", "action_failed": false, "event": "decision.evaluated", "level": "info", "timestamp": "2026-10-03T13:31:09.083675Z"}
Oct 03 10:31:09 fim-host fim-agent[83952]: {"event_id": "339b17a4-3475-463f-962e-e90480aee227", "deferred": false, "event": "publisher.event_published", "level": "info", "timestamp": "2026-10-03T13:31:09.096479Z"}
Oct 03 10:31:09 fim-host fim-agent[83952]: {"path": "/srv/fim-watch/gen_00016.txt", "event_type": "file_modified", "event_id": "339b17a4-3475-463f-962e-e90480aee227", "event": "detector.change_detected", "level": "info", "timestamp": "2026-10-03T13:31:09.101412Z"}
Oct 03 10:31:09 fim-host fim-agent[83952]: {"event_id": "339b17a4-3475-463f-962e-e90480aee227", "event": "publisher.event_acked", "level": "info", "timestamp": "2026-10-03T13:31:09.106448Z"}
Oct 03 10:31:09 fim-host fim-agent[83952]: {"event_id": "bd317591-1261-4a44-ba79-06289d4fb5f0", "path": "/srv/fim-watch/critico/gen_00004.txt", "action": "alert_only", "action_failed": false, "event": "decision.evaluated", "level": "info", "timestamp": "2026-10-03T13:31:09.184784Z"}
Oct 03 10:31:09 fim-host fim-agent[83952]: {"event_id": "bd317591-1261-4a44-ba79-06289d4fb5f0", "deferred": false, "event": "publisher.event_published", "level": "info", "timestamp": "2026-10-03T13:31:09.195560Z"}
Oct 03 10:31:09 fim-host fim-agent[83952]: {"path": "/srv/fim-watch/critico/gen_00004.txt", "event_type": "file_modified", "event_id": "bd317591-1261-4a44-ba79-06289d4fb5f0", "event": "detector.change_detected", "level": "info", "timestamp": "2026-10-03T13:31:09.199100Z"}
Oct 03 10:31:09 fim-host fim-agent[83952]: {"event_id": "bd317591-1261-4a44-ba79-06289d4fb5f0", "event": "publisher.event_acked", "level": "info", "timestamp": "2026-10-03T13:31:09.200872Z"}
Oct 03 10:31:09 fim-host fim-agent[83952]: {"event_id": "09d1aa7e-ba0d-4db3-899f-25013c91bf71", "path": "/srv/fim-watch/gen_00005.txt", "action": "alert_only", "action_failed": false, "event": "decision.evaluated", "level": "info", "timestamp": "2026-10-03T13:31:09.278694Z"}
Oct 03 10:31:09 fim-host fim-agent[83952]: {"event_id": "09d1aa7e-ba0d-4db3-899f-25013c91bf71", "deferred": false, "event": "publisher.event_published", "level": "info", "timestamp": "2026-10-03T13:31:09.289910Z"}
Oct 03 10:31:09 fim-host fim-agent[83952]: {"path": "/srv/fim-watch/gen_00005.txt", "event_type": "file_modified", "event_id": "09d1aa7e-ba0d-4db3-899f-25013c91bf71", "event": "detector.change_detected", "level": "info", "timestamp": "2026-10-03T13:31:09.294077Z"}
Oct 03 10:31:09 fim-host fim-agent[83952]: {"event_id": "09d1aa7e-ba0d-4db3-899f-25013c91bf71", "event": "publisher.event_acked", "level": "info", "timestamp": "2026-10-03T13:31:09.297538Z"}
Oct 03 10:31:09 fim-host fim-agent[83952]: {"event_id": "19fdea19-0f82-4836-b2bf-5e407c820c9b", "path": "/srv/fim-watch/critico/gen_00006.txt", "action": "alert_only", "action_failed": false, "event": "decision.evaluated", "level": "info", "timestamp": "2026-10-03T13:31:09.381047Z"}
Oct 03 10:31:09 fim-host fim-agent[83952]: {"event_id": "19fdea19-0f82-4836-b2bf-5e407c820c9b", "deferred": false, "event": "publisher.event_published", "level": "info", "timestamp": "2026-10-03T13:31:09.390014Z"}
Oct 03 10:31:09 fim-host fim-agent[83952]: {"path": "/srv/fim-watch/critico/gen_00006.txt", "event_type": "file_modified", "event_id": "19fdea19-0f82-4836-b2bf-5e407c820c9b", "event": "detector.change_detected", "level": "info", "timestamp": "2026-10-03T13:31:09.394798Z"}
Oct 03 10:31:09 fim-host fim-agent[83952]: {"event_id": "19fdea19-0f82-4836-b2bf-5e407c820c9b", "event": "publisher.event_acked", "level": "info", "timestamp": "2026-10-03T13:31:09.397923Z"}
Oct 03 10:31:09 fim-host fim-agent[83952]: {"event_id": "cd2cc248-424e-458f-97e9-52e7380f9ab1", "path": "/srv/fim-watch/gen_00018.txt", "action": "alert_only", "action_failed": false, "event": "decision.evaluated", "level": "info", "timestamp": "2026-10-03T13:31:09.481387Z"}
Oct 03 10:31:09 fim-host fim-agent[83952]: {"event_id": "cd2cc248-424e-458f-97e9-52e7380f9ab1", "deferred": false, "event": "publisher.event_published", "level": "info", "timestamp": "2026-10-03T13:31:09.497112Z"}
Oct 03 10:31:09 fim-host fim-agent[83952]: {"path": "/srv/fim-watch/gen_00018.txt", "event_type": "file_created", "event_id": "cd2cc248-424e-458f-97e9-52e7380f9ab1", "event": "detector.change_detected", "level": "info", "timestamp": "2026-10-03T13:31:09.500889Z"}
Oct 03 10:31:09 fim-host fim-agent[83952]: {"event_id": "cd2cc248-424e-458f-97e9-52e7380f9ab1", "event": "publisher.event_acked", "level": "info", "timestamp": "2026-10-03T13:31:09.505129Z"}
Oct 03 10:31:09 fim-host fim-agent[83952]: {"event_id": "159c20ef-96ba-42de-a3d8-610618754d53", "path": "/srv/fim-watch/gen_00009.txt", "action": "alert_only", "action_failed": false, "event": "decision.evaluated", "level": "info", "timestamp": "2026-10-03T13:31:09.577989Z"}
Oct 03 10:31:09 fim-host fim-agent[83952]: {"event_id": "159c20ef-96ba-42de-a3d8-610618754d53", "deferred": false, "event": "publisher.event_published", "level": "info", "timestamp": "2026-10-03T13:31:09.587823Z"}
Oct 03 10:31:09 fim-host fim-agent[83952]: {"path": "/srv/fim-watch/gen_00009.txt", "event_type": "file_modified", "event_id": "159c20ef-96ba-42de-a3d8-610618754d53", "event": "detector.change_detected", "level": "info", "timestamp": "2026-10-03T13:31:09.590700Z"}
Oct 03 10:31:09 fim-host fim-agent[83952]: {"event_id": "159c20ef-96ba-42de-a3d8-610618754d53", "event": "publisher.event_acked", "level": "info", "timestamp": "2026-10-03T13:31:09.592015Z"}
Oct 03 10:31:09 fim-host fim-agent[83952]: {"event_id": "5d989b63-14f2-40ec-b727-ff0721a4d680", "path": "/srv/fim-watch/critico/gen_00014.txt", "action": "alert_only", "action_failed": false, "event": "decision.evaluated", "level": "info", "timestamp": "2026-10-03T13:31:09.683663Z"}
Oct 03 10:31:09 fim-host fim-agent[83952]: {"event_id": "5d989b63-14f2-40ec-b727-ff0721a4d680", "deferred": false, "event": "publisher.event_published", "level": "info", "timestamp": "2026-10-03T13:31:09.695601Z"}
Oct 03 10:31:09 fim-host fim-agent[83952]: {"path": "/srv/fim-watch/critico/gen_00014.txt", "event_type": "file_modified", "event_id": "5d989b63-14f2-40ec-b727-ff0721a4d680", "event": "detector.change_detected", "level": "info", "timestamp": "2026-10-03T13:31:09.700452Z"}
Oct 03 10:31:09 fim-host fim-agent[83952]: {"event_id": "5d989b63-14f2-40ec-b727-ff0721a4d680", "event": "publisher.event_acked", "level": "info", "timestamp": "2026-10-03T13:31:09.704022Z"}
Oct 03 10:31:09 fim-host fim-agent[83952]: {"event_id": "1f4e56ac-7f54-40b9-b756-50d0ac7418ea", "path": "/srv/fim-watch/gen_00001.txt", "action": "alert_only", "action_failed": false, "event": "decision.evaluated", "level": "info", "timestamp": "2026-10-03T13:31:09.782232Z"}
Oct 03 10:31:09 fim-host fim-agent[83952]: {"event_id": "1f4e56ac-7f54-40b9-b756-50d0ac7418ea", "deferred": false, "event": "publisher.event_published", "level": "info", "timestamp": "2026-10-03T13:31:09.793275Z"}
Oct 03 10:31:09 fim-host fim-agent[83952]: {"path": "/srv/fim-watch/gen_00001.txt", "event_type": "file_modified", "event_id": "1f4e56ac-7f54-40b9-b756-50d0ac7418ea", "event": "detector.change_detected", "level": "info", "timestamp": "2026-10-03T13:31:09.796809Z"}
Oct 03 10:31:09 fim-host fim-agent[83952]: {"event_id": "1f4e56ac-7f54-40b9-b756-50d0ac7418ea", "event": "publisher.event_acked", "level": "info", "timestamp": "2026-10-03T13:31:09.803092Z"}
Oct 03 10:31:09 fim-host fim-agent[83952]: {"event_id": "1ced3c3f-e995-4a0b-9e36-697d7b94cbe8", "path": "/srv/fim-watch/gen_00017.txt", "action": "alert_only", "action_failed": false, "event": "decision.evaluated", "level": "info", "timestamp": "2026-10-03T13:31:09.882189Z"}
Oct 03 10:31:09 fim-host fim-agent[83952]: {"event_id": "1ced3c3f-e995-4a0b-9e36-697d7b94cbe8", "deferred": false, "event": "publisher.event_published", "level": "info", "timestamp": "2026-10-03T13:31:09.894109Z"}
Oct 03 10:31:09 fim-host fim-agent[83952]: {"path": "/srv/fim-watch/gen_00017.txt", "event_type": "file_modified", "event_id": "1ced3c3f-e995-4a0b-9e36-697d7b94cbe8", "event": "detector.change_detected", "level": "info", "timestamp": "2026-10-03T13:31:09.897663Z"}
Oct 03 10:31:09 fim-host fim-agent[83952]: {"event_id": "1ced3c3f-e995-4a0b-9e36-697d7b94cbe8", "event": "publisher.event_acked", "level": "info", "timestamp": "2026-10-03T13:31:09.900872Z"}
Oct 03 10:31:09 fim-host fim-agent[83952]: {"event_id": "7fd0f706-489b-4184-a4e3-ce7a5a1649e1", "path": "/srv/fim-watch/gen_00010.txt", "action": "alert_only", "action_failed": false, "event": "decision.evaluated", "level": "info", "timestamp": "2026-10-03T13:31:09.983100Z"}
Oct 03 10:31:09 fim-host fim-agent[83952]: {"event_id": "7fd0f706-489b-4184-a4e3-ce7a5a1649e1", "deferred": false, "event": "publisher.event_published", "level": "info", "timestamp": "2026-10-03T13:31:09.994260Z"}
Oct 03 10:31:10 fim-host fim-agent[83952]: {"path": "/srv/fim-watch/gen_00010.txt", "event_type": "file_modified", "event_id": "7fd0f706-489b-4184-a4e3-ce7a5a1649e1", "event": "detector.change_detected", "level": "info", "timestamp": "2026-10-03T13:31:10.000195Z"}
Oct 03 10:31:10 fim-host fim-agent[83952]: {"event_id": "7fd0f706-489b-4184-a4e3-ce7a5a1649e1", "event": "publisher.event_acked", "level": "info", "timestamp": "2026-10-03T13:31:10.004224Z"}
Oct 03 10:31:10 fim-host fim-agent[83952]: {"event_id": "f8904631-a5f4-4d75-bdc1-c46c7700edd4", "path": "/srv/fim-watch/gen_00005.txt", "action": "alert_only", "action_failed": false, "event": "decision.evaluated", "level": "info", "timestamp": "2026-10-03T13:31:10.084079Z"}
Oct 03 10:31:10 fim-host fim-agent[83952]: {"event_id": "f8904631-a5f4-4d75-bdc1-c46c7700edd4", "deferred": false, "event": "publisher.event_published", "level": "info", "timestamp": "2026-10-03T13:31:10.093783Z"}
Oct 03 10:31:10 fim-host fim-agent[83952]: {"path": "/srv/fim-watch/gen_00005.txt", "event_type": "file_modified", "event_id": "f8904631-a5f4-4d75-bdc1-c46c7700edd4", "event": "detector.change_detected", "level": "info", "timestamp": "2026-10-03T13:31:10.097154Z"}
Oct 03 10:31:10 fim-host fim-agent[83952]: {"event_id": "f8904631-a5f4-4d75-bdc1-c46c7700edd4", "event": "publisher.event_acked", "level": "info", "timestamp": "2026-10-03T13:31:10.101609Z"}
Oct 03 10:31:10 fim-host fim-agent[83952]: {"event_id": "df857d15-40fc-4e63-b1eb-74c32793c310", "path": "/srv/fim-watch/gen_00009.txt", "action": "alert_only", "action_failed": false, "event": "decision.evaluated", "level": "info", "timestamp": "2026-10-03T13:31:10.182129Z"}
Oct 03 10:31:10 fim-host fim-agent[83952]: {"event_id": "df857d15-40fc-4e63-b1eb-74c32793c310", "deferred": false, "event": "publisher.event_published", "level": "info", "timestamp": "2026-10-03T13:31:10.192346Z"}
Oct 03 10:31:10 fim-host fim-agent[83952]: {"path": "/srv/fim-watch/gen_00009.txt", "event_type": "file_modified", "event_id": "df857d15-40fc-4e63-b1eb-74c32793c310", "event": "detector.change_detected", "level": "info", "timestamp": "2026-10-03T13:31:10.196926Z"}
Oct 03 10:31:10 fim-host fim-agent[83952]: {"event_id": "df857d15-40fc-4e63-b1eb-74c32793c310", "event": "publisher.event_acked", "level": "info", "timestamp": "2026-10-03T13:31:10.201647Z"}
Oct 03 10:31:10 fim-host fim-agent[83952]: {"event_id": "f2791613-8c83-4ad5-a514-6115d788820c", "path": "/srv/fim-watch/gen_00013.txt", "action": "alert_only", "action_failed": false, "event": "decision.evaluated", "level": "info", "timestamp": "2026-10-03T13:31:10.279168Z"}
Oct 03 10:31:10 fim-host fim-agent[83952]: {"event_id": "f2791613-8c83-4ad5-a514-6115d788820c", "deferred": false, "event": "publisher.event_published", "level": "info", "timestamp": "2026-10-03T13:31:10.286530Z"}
Oct 03 10:31:10 fim-host fim-agent[83952]: {"path": "/srv/fim-watch/gen_00013.txt", "event_type": "file_modified", "event_id": "f2791613-8c83-4ad5-a514-6115d788820c", "event": "detector.change_detected", "level": "info", "timestamp": "2026-10-03T13:31:10.289376Z"}
Oct 03 10:31:10 fim-host fim-agent[83952]: {"event_id": "f2791613-8c83-4ad5-a514-6115d788820c", "event": "publisher.event_acked", "level": "info", "timestamp": "2026-10-03T13:31:10.294520Z"}
Oct 03 10:31:10 fim-host fim-agent[83952]: {"event_id": "23528215-9400-4c1b-93ae-9cff6bee3f34", "path": "/srv/fim-watch/gen_00001.txt", "action": "alert_only", "action_failed": false, "event": "decision.evaluated", "level": "info", "timestamp": "2026-10-03T13:31:10.376702Z"}
Oct 03 10:31:10 fim-host fim-agent[83952]: {"event_id": "23528215-9400-4c1b-93ae-9cff6bee3f34", "deferred": false, "event": "publisher.event_published", "level": "info", "timestamp": "2026-10-03T13:31:10.382916Z"}
Oct 03 10:31:10 fim-host fim-agent[83952]: {"path": "/srv/fim-watch/gen_00001.txt", "event_type": "file_modified", "event_id": "23528215-9400-4c1b-93ae-9cff6bee3f34", "event": "detector.change_detected", "level": "info", "timestamp": "2026-10-03T13:31:10.386380Z"}
Oct 03 10:31:10 fim-host fim-agent[83952]: {"event_id": "23528215-9400-4c1b-93ae-9cff6bee3f34", "event": "publisher.event_acked", "level": "info", "timestamp": "2026-10-03T13:31:10.389778Z"}
Oct 03 10:31:10 fim-host fim-agent[83952]: {"event_id": "e0a682ae-f6c4-451d-b6d2-a5bf1943cea1", "path": "/srv/fim-watch/gen_00007.txt", "action": "alert_only", "action_failed": false, "event": "decision.evaluated", "level": "info", "timestamp": "2026-10-03T13:31:10.485712Z"}
Oct 03 10:31:10 fim-host fim-agent[83952]: {"event_id": "e0a682ae-f6c4-451d-b6d2-a5bf1943cea1", "deferred": false, "event": "publisher.event_published", "level": "info", "timestamp": "2026-10-03T13:31:10.497371Z"}
Oct 03 10:31:10 fim-host fim-agent[83952]: {"path": "/srv/fim-watch/gen_00007.txt", "event_type": "file_modified", "event_id": "e0a682ae-f6c4-451d-b6d2-a5bf1943cea1", "event": "detector.change_detected", "level": "info", "timestamp": "2026-10-03T13:31:10.503088Z"}
Oct 03 10:31:10 fim-host fim-agent[83952]: {"event_id": "e0a682ae-f6c4-451d-b6d2-a5bf1943cea1", "event": "publisher.event_acked", "level": "info", "timestamp": "2026-10-03T13:31:10.507267Z"}
Oct 03 10:31:10 fim-host fim-agent[83952]: {"event_id": "a19b24e7-1689-40d7-b3e6-ef087f06da80", "path": "/srv/fim-watch/gen_00005.txt", "action": "alert_only", "action_failed": false, "event": "decision.evaluated", "level": "info", "timestamp": "2026-10-03T13:31:10.584492Z"}
Oct 03 10:31:10 fim-host fim-agent[83952]: {"event_id": "a19b24e7-1689-40d7-b3e6-ef087f06da80", "deferred": false, "event": "publisher.event_published", "level": "info", "timestamp": "2026-10-03T13:31:10.597256Z"}
Oct 03 10:31:10 fim-host fim-agent[83952]: {"path": "/srv/fim-watch/gen_00005.txt", "event_type": "file_modified", "event_id": "a19b24e7-1689-40d7-b3e6-ef087f06da80", "event": "detector.change_detected", "level": "info", "timestamp": "2026-10-03T13:31:10.603438Z"}
Oct 03 10:31:10 fim-host fim-agent[83952]: {"event_id": "a19b24e7-1689-40d7-b3e6-ef087f06da80", "event": "publisher.event_acked", "level": "info", "timestamp": "2026-10-03T13:31:10.608448Z"}
Oct 03 10:31:10 fim-host fim-agent[83952]: {"event_id": "95339562-667f-402b-b25e-a455a0afbc25", "path": "/srv/fim-watch/critico/gen_00019.txt", "action": "alert_only", "action_failed": false, "event": "decision.evaluated", "level": "info", "timestamp": "2026-10-03T13:31:10.680613Z"}
Oct 03 10:31:10 fim-host fim-agent[83952]: {"event_id": "95339562-667f-402b-b25e-a455a0afbc25", "deferred": false, "event": "publisher.event_published", "level": "info", "timestamp": "2026-10-03T13:31:10.696693Z"}
Oct 03 10:31:10 fim-host fim-agent[83952]: {"path": "/srv/fim-watch/critico/gen_00019.txt", "event_type": "file_created", "event_id": "95339562-667f-402b-b25e-a455a0afbc25", "event": "detector.change_detected", "level": "info", "timestamp": "2026-10-03T13:31:10.701542Z"}
Oct 03 10:31:10 fim-host fim-agent[83952]: {"event_id": "95339562-667f-402b-b25e-a455a0afbc25", "event": "publisher.event_acked", "level": "info", "timestamp": "2026-10-03T13:31:10.709626Z"}
Oct 03 10:31:10 fim-host fim-agent[83952]: {"event_id": "dacdb88e-f239-4189-8c32-31a672fb2112", "path": "/srv/fim-watch/gen_00020.txt", "action": "alert_only", "action_failed": false, "event": "decision.evaluated", "level": "info", "timestamp": "2026-10-03T13:31:10.778877Z"}
Oct 03 10:31:10 fim-host fim-agent[83952]: {"event_id": "dacdb88e-f239-4189-8c32-31a672fb2112", "deferred": false, "event": "publisher.event_published", "level": "info", "timestamp": "2026-10-03T13:31:10.789454Z"}
Oct 03 10:31:10 fim-host fim-agent[83952]: {"path": "/srv/fim-watch/gen_00020.txt", "event_type": "file_created", "event_id": "dacdb88e-f239-4189-8c32-31a672fb2112", "event": "detector.change_detected", "level": "info", "timestamp": "2026-10-03T13:31:10.795164Z"}
Oct 03 10:31:10 fim-host fim-agent[83952]: {"event_id": "dacdb88e-f239-4189-8c32-31a672fb2112", "event": "publisher.event_acked", "level": "info", "timestamp": "2026-10-03T13:31:10.797223Z"}
Oct 03 10:31:10 fim-host fim-agent[83952]: {"event_id": "b2ce3db6-d60a-4bdc-9182-8b34420c05cd", "path": "/srv/fim-watch/gen_00021.txt", "action": "alert_only", "action_failed": false, "event": "decision.evaluated", "level": "info", "timestamp": "2026-10-03T13:31:10.881312Z"}
Oct 03 10:31:10 fim-host fim-agent[83952]: {"event_id": "b2ce3db6-d60a-4bdc-9182-8b34420c05cd", "deferred": false, "event": "publisher.event_published", "level": "info", "timestamp": "2026-10-03T13:31:10.896873Z"}
Oct 03 10:31:10 fim-host fim-agent[83952]: {"path": "/srv/fim-watch/gen_00021.txt", "event_type": "file_created", "event_id": "b2ce3db6-d60a-4bdc-9182-8b34420c05cd", "event": "detector.change_detected", "level": "info", "timestamp": "2026-10-03T13:31:10.902029Z"}
Oct 03 10:31:10 fim-host fim-agent[83952]: {"event_id": "b2ce3db6-d60a-4bdc-9182-8b34420c05cd", "event": "publisher.event_acked", "level": "info", "timestamp": "2026-10-03T13:31:10.906253Z"}
Oct 03 10:31:10 fim-host fim-agent[83952]: {"event_id": "89475edb-eb15-4b4b-a0b0-e49e47c29ac8", "path": "/srv/fim-watch/gen_00015.txt", "action": "alert_only", "action_failed": false, "event": "decision.evaluated", "level": "info", "timestamp": "2026-10-03T13:31:10.985621Z"}
Oct 03 10:31:10 fim-host fim-agent[83952]: {"event_id": "89475edb-eb15-4b4b-a0b0-e49e47c29ac8", "deferred": false, "event": "publisher.event_published", "level": "info", "timestamp": "2026-10-03T13:31:10.997645Z"}
Oct 03 10:31:11 fim-host fim-agent[83952]: {"path": "/srv/fim-watch/gen_00015.txt", "event_type": "file_modified", "event_id": "89475edb-eb15-4b4b-a0b0-e49e47c29ac8", "event": "detector.change_detected", "level": "info", "timestamp": "2026-10-03T13:31:11.004060Z"}
Oct 03 10:31:11 fim-host fim-agent[83952]: {"event_id": "89475edb-eb15-4b4b-a0b0-e49e47c29ac8", "event": "publisher.event_acked", "level": "info", "timestamp": "2026-10-03T13:31:11.006468Z"}
Oct 03 10:31:11 fim-host fim-agent[83952]: {"event_id": "7e4ecda4-cf74-4257-a6d8-9a2a346266b7", "path": "/srv/fim-watch/critico/gen_00022.txt", "action": "alert_only", "action_failed": false, "event": "decision.evaluated", "level": "info", "timestamp": "2026-10-03T13:31:11.080835Z"}
Oct 03 10:31:11 fim-host fim-agent[83952]: {"event_id": "7e4ecda4-cf74-4257-a6d8-9a2a346266b7", "deferred": false, "event": "publisher.event_published", "level": "info", "timestamp": "2026-10-03T13:31:11.095706Z"}
Oct 03 10:31:11 fim-host fim-agent[83952]: {"path": "/srv/fim-watch/critico/gen_00022.txt", "event_type": "file_created", "event_id": "7e4ecda4-cf74-4257-a6d8-9a2a346266b7", "event": "detector.change_detected", "level": "info", "timestamp": "2026-10-03T13:31:11.101357Z"}
Oct 03 10:31:11 fim-host fim-agent[83952]: {"event_id": "7e4ecda4-cf74-4257-a6d8-9a2a346266b7", "event": "publisher.event_acked", "level": "info", "timestamp": "2026-10-03T13:31:11.107606Z"}
Oct 03 10:31:11 fim-host fim-agent[83952]: {"event_id": "6177e46c-7058-4c3b-b61b-00b322b3212a", "path": "/srv/fim-watch/gen_00001.txt", "action": "alert_only", "action_failed": false, "event": "decision.evaluated", "level": "info", "timestamp": "2026-10-03T13:31:11.184055Z"}
Oct 03 10:31:11 fim-host fim-agent[83952]: {"event_id": "6177e46c-7058-4c3b-b61b-00b322b3212a", "deferred": false, "event": "publisher.event_published", "level": "info", "timestamp": "2026-10-03T13:31:11.196149Z"}
Oct 03 10:31:11 fim-host fim-agent[83952]: {"path": "/srv/fim-watch/gen_00001.txt", "event_type": "file_modified", "event_id": "6177e46c-7058-4c3b-b61b-00b322b3212a", "event": "detector.change_detected", "level": "info", "timestamp": "2026-10-03T13:31:11.202710Z"}
Oct 03 10:31:11 fim-host fim-agent[83952]: {"event_id": "6177e46c-7058-4c3b-b61b-00b322b3212a", "event": "publisher.event_acked", "level": "info", "timestamp": "2026-10-03T13:31:11.206923Z"}
Oct 03 10:31:11 fim-host fim-agent[83952]: {"event_id": "98174ce6-0fde-446a-b0a0-f3f3df5c1f49", "path": "/srv/fim-watch/gen_00015.txt", "action": "alert_only", "action_failed": false, "event": "decision.evaluated", "level": "info", "timestamp": "2026-10-03T13:31:11.283107Z"}
Oct 03 10:31:11 fim-host fim-agent[83952]: {"event_id": "98174ce6-0fde-446a-b0a0-f3f3df5c1f49", "deferred": false, "event": "publisher.event_published", "level": "info", "timestamp": "2026-10-03T13:31:11.294377Z"}
Oct 03 10:31:11 fim-host fim-agent[83952]: {"path": "/srv/fim-watch/gen_00015.txt", "event_type": "file_modified", "event_id": "98174ce6-0fde-446a-b0a0-f3f3df5c1f49", "event": "detector.change_detected", "level": "info", "timestamp": "2026-10-03T13:31:11.299851Z"}
Oct 03 10:31:11 fim-host fim-agent[83952]: {"event_id": "98174ce6-0fde-446a-b0a0-f3f3df5c1f49", "event": "publisher.event_acked", "level": "info", "timestamp": "2026-10-03T13:31:11.301243Z"}
Oct 03 10:31:11 fim-host fim-agent[83952]: {"event_id": "959542be-bf30-41f6-8aad-a905f4fcf806", "path": "/srv/fim-watch/gen_00023.txt", "event": "detector.approval_candidate_unavailable", "level": "warning", "timestamp": "2026-10-03T13:31:11.373002Z"}
Oct 03 10:31:11 fim-host fim-agent[83952]: {"event_id": "959542be-bf30-41f6-8aad-a905f4fcf806", "path": "/srv/fim-watch/gen_00023.txt", "action": "alert_only", "action_failed": false, "event": "decision.evaluated", "level": "info", "timestamp": "2026-10-03T13:31:11.377949Z"}
Oct 03 10:31:11 fim-host fim-agent[83952]: {"event_id": "959542be-bf30-41f6-8aad-a905f4fcf806", "deferred": false, "event": "publisher.event_published", "level": "info", "timestamp": "2026-10-03T13:31:11.393210Z"}
Oct 03 10:31:11 fim-host fim-agent[83952]: {"path": "/srv/fim-watch/gen_00023.txt", "event_type": "file_created", "event_id": "959542be-bf30-41f6-8aad-a905f4fcf806", "event": "detector.change_detected", "level": "info", "timestamp": "2026-10-03T13:31:11.399068Z"}
Oct 03 10:31:11 fim-host fim-agent[83952]: {"event_id": "959542be-bf30-41f6-8aad-a905f4fcf806", "event": "publisher.event_acked", "level": "info", "timestamp": "2026-10-03T13:31:11.401830Z"}
Oct 03 10:31:11 fim-host fim-agent[83952]: {"event_id": "493af7c9-70de-49f0-85fa-e860a65cb49c", "path": "/srv/fim-watch/critico/gen_00024.txt", "action": "alert_only", "action_failed": false, "event": "decision.evaluated", "level": "info", "timestamp": "2026-10-03T13:31:11.482208Z"}
Oct 03 10:31:11 fim-host fim-agent[83952]: {"event_id": "493af7c9-70de-49f0-85fa-e860a65cb49c", "deferred": false, "event": "publisher.event_published", "level": "info", "timestamp": "2026-10-03T13:31:11.499994Z"}
Oct 03 10:31:11 fim-host fim-agent[83952]: {"path": "/srv/fim-watch/critico/gen_00024.txt", "event_type": "file_created", "event_id": "493af7c9-70de-49f0-85fa-e860a65cb49c", "event": "detector.change_detected", "level": "info", "timestamp": "2026-10-03T13:31:11.506917Z"}
Oct 03 10:31:11 fim-host fim-agent[83952]: {"event_id": "493af7c9-70de-49f0-85fa-e860a65cb49c", "event": "publisher.event_acked", "level": "info", "timestamp": "2026-10-03T13:31:11.510069Z"}
Oct 03 10:31:11 fim-host fim-agent[83952]: {"event_id": "ffa63627-03ca-4655-b6d3-8a1664992649", "path": "/srv/fim-watch/gen_00005.txt", "action": "alert_only", "action_failed": false, "event": "decision.evaluated", "level": "info", "timestamp": "2026-10-03T13:31:11.584432Z"}
Oct 03 10:31:11 fim-host fim-agent[83952]: {"event_id": "ffa63627-03ca-4655-b6d3-8a1664992649", "deferred": false, "event": "publisher.event_published", "level": "info", "timestamp": "2026-10-03T13:31:11.595909Z"}
Oct 03 10:31:11 fim-host fim-agent[83952]: {"path": "/srv/fim-watch/gen_00005.txt", "event_type": "file_modified", "event_id": "ffa63627-03ca-4655-b6d3-8a1664992649", "event": "detector.change_detected", "level": "info", "timestamp": "2026-10-03T13:31:11.601583Z"}
Oct 03 10:31:11 fim-host fim-agent[83952]: {"event_id": "ffa63627-03ca-4655-b6d3-8a1664992649", "event": "publisher.event_acked", "level": "info", "timestamp": "2026-10-03T13:31:11.606871Z"}
Oct 03 10:31:11 fim-host fim-agent[83952]: {"event_id": "4655202e-224f-4232-b892-23fb4487311a", "path": "/srv/fim-watch/critico/gen_00025.txt", "action": "alert_only", "action_failed": false, "event": "decision.evaluated", "level": "info", "timestamp": "2026-10-03T13:31:11.681292Z"}
Oct 03 10:31:11 fim-host fim-agent[83952]: {"event_id": "4655202e-224f-4232-b892-23fb4487311a", "deferred": false, "event": "publisher.event_published", "level": "info", "timestamp": "2026-10-03T13:31:11.696912Z"}
Oct 03 10:31:11 fim-host fim-agent[83952]: {"path": "/srv/fim-watch/critico/gen_00025.txt", "event_type": "file_created", "event_id": "4655202e-224f-4232-b892-23fb4487311a", "event": "detector.change_detected", "level": "info", "timestamp": "2026-10-03T13:31:11.702355Z"}
Oct 03 10:31:11 fim-host fim-agent[83952]: {"event_id": "4655202e-224f-4232-b892-23fb4487311a", "event": "publisher.event_acked", "level": "info", "timestamp": "2026-10-03T13:31:11.707120Z"}
Oct 03 10:31:11 fim-host fim-agent[83952]: {"event_id": "923cff8b-0c05-4430-858c-9a7d8fe015d1", "path": "/srv/fim-watch/gen_00001.txt", "action": "alert_only", "action_failed": false, "event": "decision.evaluated", "level": "info", "timestamp": "2026-10-03T13:31:11.781465Z"}
Oct 03 10:31:11 fim-host fim-agent[83952]: {"event_id": "923cff8b-0c05-4430-858c-9a7d8fe015d1", "deferred": false, "event": "publisher.event_published", "level": "info", "timestamp": "2026-10-03T13:31:11.790438Z"}
Oct 03 10:31:11 fim-host fim-agent[83952]: {"path": "/srv/fim-watch/gen_00001.txt", "event_type": "file_modified", "event_id": "923cff8b-0c05-4430-858c-9a7d8fe015d1", "event": "detector.change_detected", "level": "info", "timestamp": "2026-10-03T13:31:11.794033Z"}
Oct 03 10:31:11 fim-host fim-agent[83952]: {"event_id": "923cff8b-0c05-4430-858c-9a7d8fe015d1", "event": "publisher.event_acked", "level": "info", "timestamp": "2026-10-03T13:31:11.797157Z"}
Oct 03 10:31:11 fim-host fim-agent[83952]: {"event_id": "21bc0bf4-95cd-4e8f-aa89-eb2e4f47706d", "path": "/srv/fim-watch/critico/gen_00006.txt", "action": "alert_only", "action_failed": false, "event": "decision.evaluated", "level": "info", "timestamp": "2026-10-03T13:31:11.882980Z"}
Oct 03 10:31:11 fim-host fim-agent[83952]: {"event_id": "21bc0bf4-95cd-4e8f-aa89-eb2e4f47706d", "deferred": false, "event": "publisher.event_published", "level": "info", "timestamp": "2026-10-03T13:31:11.896879Z"}
Oct 03 10:31:11 fim-host fim-agent[83952]: {"path": "/srv/fim-watch/critico/gen_00006.txt", "event_type": "file_modified", "event_id": "21bc0bf4-95cd-4e8f-aa89-eb2e4f47706d", "event": "detector.change_detected", "level": "info", "timestamp": "2026-10-03T13:31:11.902025Z"}
Oct 03 10:31:11 fim-host fim-agent[83952]: {"event_id": "21bc0bf4-95cd-4e8f-aa89-eb2e4f47706d", "event": "publisher.event_acked", "level": "info", "timestamp": "2026-10-03T13:31:11.905530Z"}
Oct 03 10:31:11 fim-host fim-agent[83952]: {"event_id": "261d9577-bab1-4da7-a9bc-acd4dd38cd42", "path": "/srv/fim-watch/gen_00002.txt", "action": "alert_only", "action_failed": false, "event": "decision.evaluated", "level": "info", "timestamp": "2026-10-03T13:31:11.977426Z"}
Oct 03 10:31:11 fim-host fim-agent[83952]: {"event_id": "261d9577-bab1-4da7-a9bc-acd4dd38cd42", "deferred": false, "event": "publisher.event_published", "level": "info", "timestamp": "2026-10-03T13:31:11.983248Z"}
Oct 03 10:31:11 fim-host fim-agent[83952]: {"path": "/srv/fim-watch/gen_00002.txt", "event_type": "file_modified", "event_id": "261d9577-bab1-4da7-a9bc-acd4dd38cd42", "event": "detector.change_detected", "level": "info", "timestamp": "2026-10-03T13:31:11.985533Z"}
Oct 03 10:31:11 fim-host fim-agent[83952]: {"event_id": "261d9577-bab1-4da7-a9bc-acd4dd38cd42", "event": "publisher.event_acked", "level": "info", "timestamp": "2026-10-03T13:31:11.989365Z"}
Oct 03 10:31:12 fim-host fim-agent[83952]: {"event_id": "92725b39-476c-43ee-98a2-d4c9aa2aaf2f", "path": "/srv/fim-watch/gen_00015.txt", "action": "alert_only", "action_failed": false, "event": "decision.evaluated", "level": "info", "timestamp": "2026-10-03T13:31:12.087581Z"}
Oct 03 10:31:12 fim-host fim-agent[83952]: {"event_id": "92725b39-476c-43ee-98a2-d4c9aa2aaf2f", "deferred": false, "event": "publisher.event_published", "level": "info", "timestamp": "2026-10-03T13:31:12.099241Z"}
Oct 03 10:31:12 fim-host fim-agent[83952]: {"path": "/srv/fim-watch/gen_00015.txt", "event_type": "file_modified", "event_id": "92725b39-476c-43ee-98a2-d4c9aa2aaf2f", "event": "detector.change_detected", "level": "info", "timestamp": "2026-10-03T13:31:12.103918Z"}
Oct 03 10:31:12 fim-host fim-agent[83952]: {"event_id": "92725b39-476c-43ee-98a2-d4c9aa2aaf2f", "event": "publisher.event_acked", "level": "info", "timestamp": "2026-10-03T13:31:12.109611Z"}
Oct 03 10:31:12 fim-host fim-agent[83952]: {"event_id": "2007bb56-88e0-4069-a33c-f454af5b063e", "path": "/srv/fim-watch/critico/gen_00014.txt", "action": "alert_only", "action_failed": false, "event": "decision.evaluated", "level": "info", "timestamp": "2026-10-03T13:31:12.184816Z"}
Oct 03 10:31:12 fim-host fim-agent[83952]: {"event_id": "2007bb56-88e0-4069-a33c-f454af5b063e", "deferred": false, "event": "publisher.event_published", "level": "info", "timestamp": "2026-10-03T13:31:12.197111Z"}
Oct 03 10:31:12 fim-host fim-agent[83952]: {"path": "/srv/fim-watch/critico/gen_00014.txt", "event_type": "file_modified", "event_id": "2007bb56-88e0-4069-a33c-f454af5b063e", "event": "detector.change_detected", "level": "info", "timestamp": "2026-10-03T13:31:12.202629Z"}
Oct 03 10:31:12 fim-host fim-agent[83952]: {"event_id": "2007bb56-88e0-4069-a33c-f454af5b063e", "event": "publisher.event_acked", "level": "info", "timestamp": "2026-10-03T13:31:12.205964Z"}
Oct 03 10:31:12 fim-host fim-agent[83952]: {"event_id": "5cf6c860-b0f8-4d77-854a-47e66d9741dc", "path": "/srv/fim-watch/gen_00020.txt", "action": "alert_only", "action_failed": false, "event": "decision.evaluated", "level": "info", "timestamp": "2026-10-03T13:31:12.281641Z"}
Oct 03 10:31:12 fim-host fim-agent[83952]: {"event_id": "5cf6c860-b0f8-4d77-854a-47e66d9741dc", "deferred": false, "event": "publisher.event_published", "level": "info", "timestamp": "2026-10-03T13:31:12.299048Z"}
Oct 03 10:31:12 fim-host fim-agent[83952]: {"path": "/srv/fim-watch/gen_00020.txt", "event_type": "file_modified", "event_id": "5cf6c860-b0f8-4d77-854a-47e66d9741dc", "event": "detector.change_detected", "level": "info", "timestamp": "2026-10-03T13:31:12.303815Z"}
Oct 03 10:31:12 fim-host fim-agent[83952]: {"event_id": "5cf6c860-b0f8-4d77-854a-47e66d9741dc", "event": "publisher.event_acked", "level": "info", "timestamp": "2026-10-03T13:31:12.305597Z"}
Oct 03 10:31:12 fim-host fim-agent[83952]: {"event_id": "5d72f87d-ed58-4c00-9b44-28f8121a7b12", "path": "/srv/fim-watch/gen_00021.txt", "action": "alert_only", "action_failed": false, "event": "decision.evaluated", "level": "info", "timestamp": "2026-10-03T13:31:12.383537Z"}
Oct 03 10:31:12 fim-host fim-agent[83952]: {"event_id": "5d72f87d-ed58-4c00-9b44-28f8121a7b12", "deferred": false, "event": "publisher.event_published", "level": "info", "timestamp": "2026-10-03T13:31:12.400906Z"}
Oct 03 10:31:12 fim-host fim-agent[83952]: {"path": "/srv/fim-watch/gen_00021.txt", "event_type": "file_modified", "event_id": "5d72f87d-ed58-4c00-9b44-28f8121a7b12", "event": "detector.change_detected", "level": "info", "timestamp": "2026-10-03T13:31:12.405560Z"}
Oct 03 10:31:12 fim-host fim-agent[83952]: {"event_id": "5d72f87d-ed58-4c00-9b44-28f8121a7b12", "event": "publisher.event_acked", "level": "info", "timestamp": "2026-10-03T13:31:12.408706Z"}
Oct 03 10:31:12 fim-host fim-agent[83952]: {"event_id": "c51ab423-2ca1-4495-b6d4-46f7d8c33d93", "path": "/srv/fim-watch/gen_00021.txt", "action": "alert_only", "action_failed": false, "event": "decision.evaluated", "level": "info", "timestamp": "2026-10-03T13:31:12.477476Z"}
Oct 03 10:31:12 fim-host fim-agent[83952]: {"event_id": "c51ab423-2ca1-4495-b6d4-46f7d8c33d93", "deferred": false, "event": "publisher.event_published", "level": "info", "timestamp": "2026-10-03T13:31:12.484809Z"}
Oct 03 10:31:12 fim-host fim-agent[83952]: {"path": "/srv/fim-watch/gen_00021.txt", "event_type": "file_modified", "event_id": "c51ab423-2ca1-4495-b6d4-46f7d8c33d93", "event": "detector.change_detected", "level": "info", "timestamp": "2026-10-03T13:31:12.488508Z"}
Oct 03 10:31:12 fim-host fim-agent[83952]: {"event_id": "c51ab423-2ca1-4495-b6d4-46f7d8c33d93", "event": "publisher.event_acked", "level": "info", "timestamp": "2026-10-03T13:31:12.492266Z"}
Oct 03 10:31:12 fim-host fim-agent[83952]: {"event_id": "ccc54666-a51e-4975-bdc8-6d605a7a75c5", "path": "/srv/fim-watch/gen_00008.txt", "action": "alert_only", "action_failed": false, "event": "decision.evaluated", "level": "info", "timestamp": "2026-10-03T13:31:12.585140Z"}
Oct 03 10:31:12 fim-host fim-agent[83952]: {"event_id": "ccc54666-a51e-4975-bdc8-6d605a7a75c5", "deferred": false, "event": "publisher.event_published", "level": "info", "timestamp": "2026-10-03T13:31:12.595469Z"}
Oct 03 10:31:12 fim-host fim-agent[83952]: {"path": "/srv/fim-watch/gen_00008.txt", "event_type": "file_modified", "event_id": "ccc54666-a51e-4975-bdc8-6d605a7a75c5", "event": "detector.change_detected", "level": "info", "timestamp": "2026-10-03T13:31:12.600444Z"}
Oct 03 10:31:12 fim-host fim-agent[83952]: {"event_id": "ccc54666-a51e-4975-bdc8-6d605a7a75c5", "event": "publisher.event_acked", "level": "info", "timestamp": "2026-10-03T13:31:12.603612Z"}
Oct 03 10:31:12 fim-host fim-agent[83952]: {"event_id": "7a2ad253-f8ff-4b31-b1ab-4227dc6e6ed3", "path": "/srv/fim-watch/critico/gen_00025.txt", "action": "alert_only", "action_failed": false, "event": "decision.evaluated", "level": "info", "timestamp": "2026-10-03T13:31:12.683211Z"}
Oct 03 10:31:12 fim-host fim-agent[83952]: {"event_id": "7a2ad253-f8ff-4b31-b1ab-4227dc6e6ed3", "deferred": false, "event": "publisher.event_published", "level": "info", "timestamp": "2026-10-03T13:31:12.700499Z"}
Oct 03 10:31:12 fim-host fim-agent[83952]: {"path": "/srv/fim-watch/critico/gen_00025.txt", "event_type": "file_modified", "event_id": "7a2ad253-f8ff-4b31-b1ab-4227dc6e6ed3", "event": "detector.change_detected", "level": "info", "timestamp": "2026-10-03T13:31:12.705686Z"}
Oct 03 10:31:12 fim-host fim-agent[83952]: {"event_id": "7a2ad253-f8ff-4b31-b1ab-4227dc6e6ed3", "event": "publisher.event_acked", "level": "info", "timestamp": "2026-10-03T13:31:12.708079Z"}
Oct 03 10:31:12 fim-host fim-agent[83952]: {"event_id": "5f49daee-c3f1-4e04-bb67-8b2d6db75447", "path": "/srv/fim-watch/gen_00021.txt", "action": "alert_only", "action_failed": false, "event": "decision.evaluated", "level": "info", "timestamp": "2026-10-03T13:31:12.781039Z"}
Oct 03 10:31:12 fim-host fim-agent[83952]: {"event_id": "5f49daee-c3f1-4e04-bb67-8b2d6db75447", "deferred": false, "event": "publisher.event_published", "level": "info", "timestamp": "2026-10-03T13:31:12.790856Z"}
Oct 03 10:31:12 fim-host fim-agent[83952]: {"path": "/srv/fim-watch/gen_00021.txt", "event_type": "file_modified", "event_id": "5f49daee-c3f1-4e04-bb67-8b2d6db75447", "event": "detector.change_detected", "level": "info", "timestamp": "2026-10-03T13:31:12.794812Z"}
Oct 03 10:31:12 fim-host fim-agent[83952]: {"event_id": "5f49daee-c3f1-4e04-bb67-8b2d6db75447", "event": "publisher.event_acked", "level": "info", "timestamp": "2026-10-03T13:31:12.798389Z"}
Oct 03 10:31:12 fim-host fim-agent[83952]: {"event_id": "8bcc5310-b1c9-4e68-b507-9f080528bcdb", "path": "/srv/fim-watch/critico/gen_00019.txt", "action": "alert_only", "action_failed": false, "event": "decision.evaluated", "level": "info", "timestamp": "2026-10-03T13:31:12.878840Z"}
Oct 03 10:31:12 fim-host fim-agent[83952]: {"event_id": "8bcc5310-b1c9-4e68-b507-9f080528bcdb", "deferred": false, "event": "publisher.event_published", "level": "info", "timestamp": "2026-10-03T13:31:12.887953Z"}
Oct 03 10:31:12 fim-host fim-agent[83952]: {"path": "/srv/fim-watch/critico/gen_00019.txt", "event_type": "file_modified", "event_id": "8bcc5310-b1c9-4e68-b507-9f080528bcdb", "event": "detector.change_detected", "level": "info", "timestamp": "2026-10-03T13:31:12.891531Z"}
Oct 03 10:31:12 fim-host fim-agent[83952]: {"event_id": "8bcc5310-b1c9-4e68-b507-9f080528bcdb", "event": "publisher.event_acked", "level": "info", "timestamp": "2026-10-03T13:31:12.894431Z"}
