Oct 03 10:16:38 fim-host fim-agent[79844]: {"event_id": "e28e3fce-ec14-448e-8284-47edea5bb62c", "path": "/srv/fim-watch/mmap_C_escritura_convencional_001.bin", "action": "alert_only", "action_failed": false, "event": "decision.evaluated", "level": "info", "timestamp": "2026-10-03T13:16:38.309607Z"}
Oct 03 10:16:38 fim-host fim-agent[79844]: {"event_id": "e28e3fce-ec14-448e-8284-47edea5bb62c", "deferred": false, "event": "publisher.event_published", "level": "info", "timestamp": "2026-10-03T13:16:38.322100Z"}
Oct 03 10:16:38 fim-host fim-agent[79844]: {"path": "/srv/fim-watch/mmap_C_escritura_convencional_001.bin", "event_type": "file_created", "event_id": "e28e3fce-ec14-448e-8284-47edea5bb62c", "event": "detector.change_detected", "level": "info", "timestamp": "2026-10-03T13:16:38.324882Z"}
Oct 03 10:16:38 fim-host fim-agent[79844]: {"event_id": "e28e3fce-ec14-448e-8284-47edea5bb62c", "event": "publisher.event_acked", "level": "info", "timestamp": "2026-10-03T13:16:38.343090Z"}
Oct 03 10:16:43 fim-host fim-agent[79844]: {"event_id": "d2dd7bd8-f835-49e1-99dd-5506c5997bf8", "path": "/srv/fim-watch/mmap_C_escritura_convencional_001.bin", "action": "alert_only", "action_failed": false, "event": "decision.evaluated", "level": "info", "timestamp": "2026-10-03T13:16:43.312544Z"}
Oct 03 10:16:43 fim-host fim-agent[79844]: {"event_id": "d2dd7bd8-f835-49e1-99dd-5506c5997bf8", "deferred": false, "event": "publisher.event_published", "level": "info", "timestamp": "2026-10-03T13:16:43.324763Z"}
Oct 03 10:16:43 fim-host fim-agent[79844]: {"path": "/srv/fim-watch/mmap_C_escritura_convencional_001.bin", "event_type": "file_modified", "event_id": "d2dd7bd8-f835-49e1-99dd-5506c5997bf8", "event": "detector.change_detected", "level": "info", "timestamp": "2026-10-03T13:16:43.328288Z"}
Oct 03 10:16:43 fim-host fim-agent[79844]: {"event_id": "d2dd7bd8-f835-49e1-99dd-5506c5997bf8", "event": "publisher.event_acked", "level": "info", "timestamp": "2026-10-03T13:16:43.331329Z"}
Oct 03 10:16:48 fim-host fim-agent[79844]: {"event_id": "94d3d727-96e4-41fb-ba3c-e7c3d8f30069", "path": "/srv/fim-watch/mmap_C_escritura_convencional_002.bin", "action": "alert_only", "action_failed": false, "event": "decision.evaluated", "level": "info", "timestamp": "2026-10-03T13:16:48.318160Z"}
Oct 03 10:16:48 fim-host fim-agent[79844]: {"event_id": "94d3d727-96e4-41fb-ba3c-e7c3d8f30069", "deferred": false, "event": "publisher.event_published", "level": "info", "timestamp": "2026-10-03T13:16:48.330702Z"}
Oct 03 10:16:48 fim-host fim-agent[79844]: {"path": "/srv/fim-watch/mmap_C_escritura_convencional_002.bin", "event_type": "file_modified", "event_id": "94d3d727-96e4-41fb-ba3c-e7c3d8f30069", "event": "detector.change_detected", "level": "info", "timestamp": "2026-10-03T13:16:48.335870Z"}
Oct 03 10:16:48 fim-host fim-agent[79844]: {"event_id": "94d3d727-96e4-41fb-ba3c-e7c3d8f30069", "event": "publisher.event_acked", "level": "info", "timestamp": "2026-10-03T13:16:48.345824Z"}
Oct 03 10:16:53 fim-host fim-agent[79844]: {"event_id": "5a91d0ef-22ca-4414-ab23-a05bcd2ce9d9", "path": "/srv/fim-watch/mmap_C_escritura_convencional_002.bin", "action": "alert_only", "action_failed": false, "event": "decision.evaluated", "level": "info", "timestamp": "2026-10-03T13:16:53.321699Z"}
Oct 03 10:16:53 fim-host fim-agent[79844]: {"event_id": "5a91d0ef-22ca-4414-ab23-a05bcd2ce9d9", "deferred": false, "event": "publisher.event_published", "level": "info", "timestamp": "2026-10-03T13:16:53.334165Z"}
Oct 03 10:16:53 fim-host fim-agent[79844]: {"path": "/srv/fim-watch/mmap_C_escritura_convencional_002.bin", "event_type": "file_modified", "event_id": "5a91d0ef-22ca-4414-ab23-a05bcd2ce9d9", "event": "detector.change_detected", "level": "info", "timestamp": "2026-10-03T13:16:53.339534Z"}
Oct 03 10:16:53 fim-host fim-agent[79844]: {"event_id": "5a91d0ef-22ca-4414-ab23-a05bcd2ce9d9", "event": "publisher.event_acked", "level": "info", "timestamp": "2026-10-03T13:16:53.347505Z"}
Oct 03 10:16:58 fim-host fim-agent[79844]: {"event_id": "75d0dfae-21ed-48cd-8697-07a06fd98b13", "path": "/srv/fim-watch/mmap_C_escritura_convencional_003.bin", "action": "alert_only", "action_failed": false, "event": "decision.evaluated", "level": "info", "timestamp": "2026-10-03T13:16:58.317886Z"}
Oct 03 10:16:58 fim-host fim-agent[79844]: {"event_id": "75d0dfae-21ed-48cd-8697-07a06fd98b13", "deferred": false, "event": "publisher.event_published", "level": "info", "timestamp": "2026-10-03T13:16:58.330930Z"}
Oct 03 10:16:58 fim-host fim-agent[79844]: {"path": "/srv/fim-watch/mmap_C_escritura_convencional_003.bin", "event_type": "file_modified", "event_id": "75d0dfae-21ed-48cd-8697-07a06fd98b13", "event": "detector.change_detected", "level": "info", "timestamp": "2026-10-03T13:16:58.336265Z"}
Oct 03 10:16:58 fim-host fim-agent[79844]: {"event_id": "75d0dfae-21ed-48cd-8697-07a06fd98b13", "event": "publisher.event_acked", "level": "info", "timestamp": "2026-10-03T13:16:58.341332Z"}
Oct 03 10:17:03 fim-host fim-agent[79844]: {"event_id": "a1ffedd6-f1c4-47b0-a3cd-252065aa1eb2", "path": "/srv/fim-watch/mmap_C_escritura_convencional_003.bin", "action": "alert_only", "action_failed": false, "event": "decision.evaluated", "level": "info", "timestamp": "2026-10-03T13:17:03.320667Z"}
Oct 03 10:17:03 fim-host fim-agent[79844]: {"event_id": "a1ffedd6-f1c4-47b0-a3cd-252065aa1eb2", "deferred": false, "event": "publisher.event_published", "level": "info", "timestamp": "2026-10-03T13:17:03.334322Z"}
Oct 03 10:17:03 fim-host fim-agent[79844]: {"path": "/srv/fim-watch/mmap_C_escritura_convencional_003.bin", "event_type": "file_modified", "event_id": "a1ffedd6-f1c4-47b0-a3cd-252065aa1eb2", "event": "detector.change_detected", "level": "info", "timestamp": "2026-10-03T13:17:03.339459Z"}
Oct 03 10:17:03 fim-host fim-agent[79844]: {"event_id": "a1ffedd6-f1c4-47b0-a3cd-252065aa1eb2", "event": "publisher.event_acked", "level": "info", "timestamp": "2026-10-03T13:17:03.347251Z"}
Oct 03 10:17:08 fim-host fim-agent[79844]: {"event_id": "6bfba1a2-2b93-4100-a026-887a244b57d8", "path": "/srv/fim-watch/mmap_C_escritura_convencional_004.bin", "action": "alert_only", "action_failed": false, "event": "decision.evaluated", "level": "info", "timestamp": "2026-10-03T13:17:08.309427Z"}
Oct 03 10:17:08 fim-host fim-agent[79844]: {"event_id": "6bfba1a2-2b93-4100-a026-887a244b57d8", "deferred": false, "event": "publisher.event_published", "level": "info", "timestamp": "2026-10-03T13:17:08.316968Z"}
Oct 03 10:17:08 fim-host fim-agent[79844]: {"path": "/srv/fim-watch/mmap_C_escritura_convencional_004.bin", "event_type": "file_modified", "event_id": "6bfba1a2-2b93-4100-a026-887a244b57d8", "event": "detector.change_detected", "level": "info", "timestamp": "2026-10-03T13:17:08.320274Z"}
Oct 03 10:17:08 fim-host fim-agent[79844]: {"event_id": "6bfba1a2-2b93-4100-a026-887a244b57d8", "event": "publisher.event_acked", "level": "info", "timestamp": "2026-10-03T13:17:08.323373Z"}
Oct 03 10:17:13 fim-host fim-agent[79844]: {"event_id": "d07cadfc-bff9-4aa2-b288-bdf54dad37eb", "path": "/srv/fim-watch/mmap_C_escritura_convencional_004.bin", "action": "alert_only", "action_failed": false, "event": "decision.evaluated", "level": "info", "timestamp": "2026-10-03T13:17:13.312540Z"}
Oct 03 10:17:13 fim-host fim-agent[79844]: {"event_id": "d07cadfc-bff9-4aa2-b288-bdf54dad37eb", "deferred": false, "event": "publisher.event_published", "level": "info", "timestamp": "2026-10-03T13:17:13.324384Z"}
Oct 03 10:17:13 fim-host fim-agent[79844]: {"path": "/srv/fim-watch/mmap_C_escritura_convencional_004.bin", "event_type": "file_modified", "event_id": "d07cadfc-bff9-4aa2-b288-bdf54dad37eb", "event": "detector.change_detected", "level": "info", "timestamp": "2026-10-03T13:17:13.330341Z"}
Oct 03 10:17:13 fim-host fim-agent[79844]: {"event_id": "d07cadfc-bff9-4aa2-b288-bdf54dad37eb", "event": "publisher.event_acked", "level": "info", "timestamp": "2026-10-03T13:17:13.338102Z"}
Oct 03 10:17:18 fim-host fim-agent[79844]: {"event_id": "f56108bd-ad58-49c3-b69e-0ce07fabb0e4", "path": "/srv/fim-watch/mmap_C_escritura_convencional_005.bin", "action": "alert_only", "action_failed": false, "event": "decision.evaluated", "level": "info", "timestamp": "2026-10-03T13:17:18.323908Z"}
Oct 03 10:17:18 fim-host fim-agent[79844]: {"event_id": "f56108bd-ad58-49c3-b69e-0ce07fabb0e4", "deferred": false, "event": "publisher.event_published", "level": "info", "timestamp": "2026-10-03T13:17:18.335090Z"}
Oct 03 10:17:18 fim-host fim-agent[79844]: {"path": "/srv/fim-watch/mmap_C_escritura_convencional_005.bin", "event_type": "file_modified", "event_id": "f56108bd-ad58-49c3-b69e-0ce07fabb0e4", "event": "detector.change_detected", "level": "info", "timestamp": "2026-10-03T13:17:18.338800Z"}
Oct 03 10:17:18 fim-host fim-agent[79844]: {"event_id": "f56108bd-ad58-49c3-b69e-0ce07fabb0e4", "event": "publisher.event_acked", "level": "info", "timestamp": "2026-10-03T13:17:18.348441Z"}
Oct 03 10:17:23 fim-host fim-agent[79844]: {"event_id": "313f472f-d715-4ce0-9d54-3151b74a1983", "path": "/srv/fim-watch/mmap_C_escritura_convencional_005.bin", "action": "alert_only", "action_failed": false, "event": "decision.evaluated", "level": "info", "timestamp": "2026-10-03T13:17:23.325916Z"}
Oct 03 10:17:23 fim-host fim-agent[79844]: {"event_id": "313f472f-d715-4ce0-9d54-3151b74a1983", "deferred": false, "event": "publisher.event_published", "level": "info", "timestamp": "2026-10-03T13:17:23.335357Z"}
Oct 03 10:17:23 fim-host fim-agent[79844]: {"path": "/srv/fim-watch/mmap_C_escritura_convencional_005.bin", "event_type": "file_modified", "event_id": "313f472f-d715-4ce0-9d54-3151b74a1983", "event": "detector.change_detected", "level": "info", "timestamp": "2026-10-03T13:17:23.339720Z"}
Oct 03 10:17:23 fim-host fim-agent[79844]: {"event_id": "313f472f-d715-4ce0-9d54-3151b74a1983", "event": "publisher.event_acked", "level": "info", "timestamp": "2026-10-03T13:17:23.343437Z"}
Oct 03 10:17:28 fim-host fim-agent[79844]: {"event_id": "b6d45904-c4bd-464f-aca2-e579903d0ec5", "path": "/srv/fim-watch/mmap_C_escritura_convencional_006.bin", "action": "alert_only", "action_failed": false, "event": "decision.evaluated", "level": "info", "timestamp": "2026-10-03T13:17:28.325923Z"}
Oct 03 10:17:28 fim-host fim-agent[79844]: {"event_id": "b6d45904-c4bd-464f-aca2-e579903d0ec5", "deferred": false, "event": "publisher.event_published", "level": "info", "timestamp": "2026-10-03T13:17:28.335351Z"}
Oct 03 10:17:28 fim-host fim-agent[79844]: {"path": "/srv/fim-watch/mmap_C_escritura_convencional_006.bin", "event_type": "file_modified", "event_id": "b6d45904-c4bd-464f-aca2-e579903d0ec5", "event": "detector.change_detected", "level": "info", "timestamp": "2026-10-03T13:17:28.338726Z"}
Oct 03 10:17:28 fim-host fim-agent[79844]: {"event_id": "b6d45904-c4bd-464f-aca2-e579903d0ec5", "event": "publisher.event_acked", "level": "info", "timestamp": "2026-10-03T13:17:28.348593Z"}
Oct 03 10:17:33 fim-host fim-agent[79844]: {"event_id": "f7cf432c-60be-4d66-8eb6-cc781ad66a2a", "path": "/srv/fim-watch/mmap_C_escritura_convencional_006.bin", "action": "alert_only", "action_failed": false, "event": "decision.evaluated", "level": "info", "timestamp": "2026-10-03T13:17:33.323142Z"}
Oct 03 10:17:33 fim-host fim-agent[79844]: {"event_id": "f7cf432c-60be-4d66-8eb6-cc781ad66a2a", "deferred": false, "event": "publisher.event_published", "level": "info", "timestamp": "2026-10-03T13:17:33.331900Z"}
Oct 03 10:17:33 fim-host fim-agent[79844]: {"path": "/srv/fim-watch/mmap_C_escritura_convencional_006.bin", "event_type": "file_modified", "event_id": "f7cf432c-60be-4d66-8eb6-cc781ad66a2a", "event": "detector.change_detected", "level": "info", "timestamp": "2026-10-03T13:17:33.335881Z"}
Oct 03 10:17:33 fim-host fim-agent[79844]: {"event_id": "f7cf432c-60be-4d66-8eb6-cc781ad66a2a", "event": "publisher.event_acked", "level": "info", "timestamp": "2026-10-03T13:17:33.337868Z"}
Oct 03 10:17:38 fim-host fim-agent[79844]: {"event_id": "9081fe7e-bcaa-4618-b5f5-27a71119f833", "path": "/srv/fim-watch/mmap_C_escritura_convencional_007.bin", "action": "alert_only", "action_failed": false, "event": "decision.evaluated", "level": "info", "timestamp": "2026-10-03T13:17:38.326776Z"}
Oct 03 10:17:38 fim-host fim-agent[79844]: {"event_id": "9081fe7e-bcaa-4618-b5f5-27a71119f833", "deferred": false, "event": "publisher.event_published", "level": "info", "timestamp": "2026-10-03T13:17:38.339807Z"}
Oct 03 10:17:38 fim-host fim-agent[79844]: {"path": "/srv/fim-watch/mmap_C_escritura_convencional_007.bin", "event_type": "file_modified", "event_id": "9081fe7e-bcaa-4618-b5f5-27a71119f833", "event": "detector.change_detected", "level": "info", "timestamp": "2026-10-03T13:17:38.345327Z"}
Oct 03 10:17:38 fim-host fim-agent[79844]: {"event_id": "9081fe7e-bcaa-4618-b5f5-27a71119f833", "event": "publisher.event_acked", "level": "info", "timestamp": "2026-10-03T13:17:38.354420Z"}
Oct 03 10:17:43 fim-host fim-agent[79844]: {"event_id": "ec94f711-dad9-4432-bb6b-62a4829f2092", "path": "/srv/fim-watch/mmap_C_escritura_convencional_007.bin", "action": "alert_only", "action_failed": false, "event": "decision.evaluated", "level": "info", "timestamp": "2026-10-03T13:17:43.323802Z"}
Oct 03 10:17:43 fim-host fim-agent[79844]: {"event_id": "ec94f711-dad9-4432-bb6b-62a4829f2092", "deferred": false, "event": "publisher.event_published", "level": "info", "timestamp": "2026-10-03T13:17:43.331338Z"}
Oct 03 10:17:43 fim-host fim-agent[79844]: {"path": "/srv/fim-watch/mmap_C_escritura_convencional_007.bin", "event_type": "file_modified", "event_id": "ec94f711-dad9-4432-bb6b-62a4829f2092", "event": "detector.change_detected", "level": "info", "timestamp": "2026-10-03T13:17:43.334246Z"}
Oct 03 10:17:43 fim-host fim-agent[79844]: {"event_id": "ec94f711-dad9-4432-bb6b-62a4829f2092", "event": "publisher.event_acked", "level": "info", "timestamp": "2026-10-03T13:17:43.340359Z"}
Oct 03 10:17:48 fim-host fim-agent[79844]: {"event_id": "e4a99002-f56f-455c-9db9-cadfbac150c6", "path": "/srv/fim-watch/mmap_C_escritura_convencional_008.bin", "action": "alert_only", "action_failed": false, "event": "decision.evaluated", "level": "info", "timestamp": "2026-10-03T13:17:48.328656Z"}
Oct 03 10:17:48 fim-host fim-agent[79844]: {"event_id": "e4a99002-f56f-455c-9db9-cadfbac150c6", "deferred": false, "event": "publisher.event_published", "level": "info", "timestamp": "2026-10-03T13:17:48.341151Z"}
Oct 03 10:17:48 fim-host fim-agent[79844]: {"path": "/srv/fim-watch/mmap_C_escritura_convencional_008.bin", "event_type": "file_modified", "event_id": "e4a99002-f56f-455c-9db9-cadfbac150c6", "event": "detector.change_detected", "level": "info", "timestamp": "2026-10-03T13:17:48.345495Z"}
Oct 03 10:17:48 fim-host fim-agent[79844]: {"event_id": "e4a99002-f56f-455c-9db9-cadfbac150c6", "event": "publisher.event_acked", "level": "info", "timestamp": "2026-10-03T13:17:48.354565Z"}
Oct 03 10:17:53 fim-host fim-agent[79844]: {"event_id": "dcf10d18-a861-4f69-912c-d7b043f3606d", "path": "/srv/fim-watch/mmap_C_escritura_convencional_008.bin", "action": "alert_only", "action_failed": false, "event": "decision.evaluated", "level": "info", "timestamp": "2026-10-03T13:17:53.319982Z"}
Oct 03 10:17:53 fim-host fim-agent[79844]: {"event_id": "dcf10d18-a861-4f69-912c-d7b043f3606d", "deferred": false, "event": "publisher.event_published", "level": "info", "timestamp": "2026-10-03T13:17:53.332507Z"}
Oct 03 10:17:53 fim-host fim-agent[79844]: {"path": "/srv/fim-watch/mmap_C_escritura_convencional_008.bin", "event_type": "file_modified", "event_id": "dcf10d18-a861-4f69-912c-d7b043f3606d", "event": "detector.change_detected", "level": "info", "timestamp": "2026-10-03T13:17:53.337621Z"}
Oct 03 10:17:53 fim-host fim-agent[79844]: {"event_id": "dcf10d18-a861-4f69-912c-d7b043f3606d", "event": "publisher.event_acked", "level": "info", "timestamp": "2026-10-03T13:17:53.340480Z"}
Oct 03 10:17:58 fim-host fim-agent[79844]: {"event_id": "c97e0b88-6dd0-40e8-9e6d-acbb2aba1e2a", "path": "/srv/fim-watch/mmap_C_escritura_convencional_009.bin", "action": "alert_only", "action_failed": false, "event": "decision.evaluated", "level": "info", "timestamp": "2026-10-03T13:17:58.325989Z"}
Oct 03 10:17:58 fim-host fim-agent[79844]: {"event_id": "c97e0b88-6dd0-40e8-9e6d-acbb2aba1e2a", "deferred": false, "event": "publisher.event_published", "level": "info", "timestamp": "2026-10-03T13:17:58.332591Z"}
Oct 03 10:17:58 fim-host fim-agent[79844]: {"path": "/srv/fim-watch/mmap_C_escritura_convencional_009.bin", "event_type": "file_modified", "event_id": "c97e0b88-6dd0-40e8-9e6d-acbb2aba1e2a", "event": "detector.change_detected", "level": "info", "timestamp": "2026-10-03T13:17:58.335674Z"}
Oct 03 10:17:58 fim-host fim-agent[79844]: {"event_id": "c97e0b88-6dd0-40e8-9e6d-acbb2aba1e2a", "event": "publisher.event_acked", "level": "info", "timestamp": "2026-10-03T13:17:58.346878Z"}
Oct 03 10:18:03 fim-host fim-agent[79844]: {"event_id": "2ab14fa0-d501-4cee-ab43-59524443754f", "path": "/srv/fim-watch/mmap_C_escritura_convencional_009.bin", "action": "alert_only", "action_failed": false, "event": "decision.evaluated", "level": "info", "timestamp": "2026-10-03T13:18:03.325443Z"}
Oct 03 10:18:03 fim-host fim-agent[79844]: {"event_id": "2ab14fa0-d501-4cee-ab43-59524443754f", "deferred": false, "event": "publisher.event_published", "level": "info", "timestamp": "2026-10-03T13:18:03.332940Z"}
Oct 03 10:18:03 fim-host fim-agent[79844]: {"path": "/srv/fim-watch/mmap_C_escritura_convencional_009.bin", "event_type": "file_modified", "event_id": "2ab14fa0-d501-4cee-ab43-59524443754f", "event": "detector.change_detected", "level": "info", "timestamp": "2026-10-03T13:18:03.335811Z"}
Oct 03 10:18:03 fim-host fim-agent[79844]: {"event_id": "2ab14fa0-d501-4cee-ab43-59524443754f", "event": "publisher.event_acked", "level": "info", "timestamp": "2026-10-03T13:18:03.338443Z"}
Oct 03 10:18:08 fim-host fim-agent[79844]: {"event_id": "e9d3c6a7-a314-4ae5-bde8-ead0e7e9875a", "path": "/srv/fim-watch/mmap_C_escritura_convencional_010.bin", "action": "alert_only", "action_failed": false, "event": "decision.evaluated", "level": "info", "timestamp": "2026-10-03T13:18:08.331452Z"}
Oct 03 10:18:08 fim-host fim-agent[79844]: {"event_id": "e9d3c6a7-a314-4ae5-bde8-ead0e7e9875a", "deferred": false, "event": "publisher.event_published", "level": "info", "timestamp": "2026-10-03T13:18:08.347484Z"}
Oct 03 10:18:08 fim-host fim-agent[79844]: {"path": "/srv/fim-watch/mmap_C_escritura_convencional_010.bin", "event_type": "file_modified", "event_id": "e9d3c6a7-a314-4ae5-bde8-ead0e7e9875a", "event": "detector.change_detected", "level": "info", "timestamp": "2026-10-03T13:18:08.350474Z"}
Oct 03 10:18:08 fim-host fim-agent[79844]: {"event_id": "e9d3c6a7-a314-4ae5-bde8-ead0e7e9875a", "event": "publisher.event_acked", "level": "info", "timestamp": "2026-10-03T13:18:08.354951Z"}
Oct 03 10:18:13 fim-host fim-agent[79844]: {"event_id": "11eb84f2-a473-4f35-b58a-db5d2f61b3d1", "path": "/srv/fim-watch/mmap_C_escritura_convencional_010.bin", "action": "alert_only", "action_failed": false, "event": "decision.evaluated", "level": "info", "timestamp": "2026-10-03T13:18:13.326122Z"}
Oct 03 10:18:13 fim-host fim-agent[79844]: {"event_id": "11eb84f2-a473-4f35-b58a-db5d2f61b3d1", "deferred": false, "event": "publisher.event_published", "level": "info", "timestamp": "2026-10-03T13:18:13.338269Z"}
Oct 03 10:18:13 fim-host fim-agent[79844]: {"path": "/srv/fim-watch/mmap_C_escritura_convencional_010.bin", "event_type": "file_modified", "event_id": "11eb84f2-a473-4f35-b58a-db5d2f61b3d1", "event": "detector.change_detected", "level": "info", "timestamp": "2026-10-03T13:18:13.343905Z"}
Oct 03 10:18:13 fim-host fim-agent[79844]: {"event_id": "11eb84f2-a473-4f35-b58a-db5d2f61b3d1", "event": "publisher.event_acked", "level": "info", "timestamp": "2026-10-03T13:18:13.347859Z"}
Oct 03 10:18:18 fim-host fim-agent[79844]: {"event_id": "ac63d283-e656-452e-aed9-f451140d9e25", "path": "/srv/fim-watch/mmap_D_mmap_close_retardo_000ms_001.bin", "action": "alert_only", "action_failed": false, "event": "decision.evaluated", "level": "info", "timestamp": "2026-10-03T13:18:18.333199Z"}
Oct 03 10:18:18 fim-host fim-agent[79844]: {"event_id": "ac63d283-e656-452e-aed9-f451140d9e25", "deferred": false, "event": "publisher.event_published", "level": "info", "timestamp": "2026-10-03T13:18:18.346531Z"}
Oct 03 10:18:18 fim-host fim-agent[79844]: {"path": "/srv/fim-watch/mmap_D_mmap_close_retardo_000ms_001.bin", "event_type": "file_modified", "event_id": "ac63d283-e656-452e-aed9-f451140d9e25", "event": "detector.change_detected", "level": "info", "timestamp": "2026-10-03T13:18:18.352420Z"}
Oct 03 10:18:18 fim-host fim-agent[79844]: {"event_id": "ac63d283-e656-452e-aed9-f451140d9e25", "event": "publisher.event_acked", "level": "info", "timestamp": "2026-10-03T13:18:18.360486Z"}
Oct 03 10:18:23 fim-host fim-agent[79844]: {"event_id": "d39b3908-524a-4f70-8d58-5ba335b3e0d9", "path": "/srv/fim-watch/mmap_D_mmap_close_retardo_000ms_001.bin", "action": "alert_only", "action_failed": false, "event": "decision.evaluated", "level": "info", "timestamp": "2026-10-03T13:18:23.331010Z"}
Oct 03 10:18:23 fim-host fim-agent[79844]: {"event_id": "d39b3908-524a-4f70-8d58-5ba335b3e0d9", "deferred": false, "event": "publisher.event_published", "level": "info", "timestamp": "2026-10-03T13:18:23.338368Z"}
Oct 03 10:18:23 fim-host fim-agent[79844]: {"path": "/srv/fim-watch/mmap_D_mmap_close_retardo_000ms_001.bin", "event_type": "file_modified", "event_id": "d39b3908-524a-4f70-8d58-5ba335b3e0d9", "event": "detector.change_detected", "level": "info", "timestamp": "2026-10-03T13:18:23.342018Z"}
Oct 03 10:18:23 fim-host fim-agent[79844]: {"event_id": "d39b3908-524a-4f70-8d58-5ba335b3e0d9", "event": "publisher.event_acked", "level": "info", "timestamp": "2026-10-03T13:18:23.346118Z"}
Oct 03 10:18:28 fim-host fim-agent[79844]: {"event_id": "237322e8-200e-40dc-869d-968976b737d9", "path": "/srv/fim-watch/mmap_D_mmap_close_retardo_000ms_002.bin", "action": "alert_only", "action_failed": false, "event": "decision.evaluated", "level": "info", "timestamp": "2026-10-03T13:18:28.337159Z"}
Oct 03 10:18:28 fim-host fim-agent[79844]: {"event_id": "237322e8-200e-40dc-869d-968976b737d9", "deferred": false, "event": "publisher.event_published", "level": "info", "timestamp": "2026-10-03T13:18:28.349397Z"}
Oct 03 10:18:28 fim-host fim-agent[79844]: {"path": "/srv/fim-watch/mmap_D_mmap_close_retardo_000ms_002.bin", "event_type": "file_modified", "event_id": "237322e8-200e-40dc-869d-968976b737d9", "event": "detector.change_detected", "level": "info", "timestamp": "2026-10-03T13:18:28.355035Z"}
Oct 03 10:18:28 fim-host fim-agent[79844]: {"event_id": "237322e8-200e-40dc-869d-968976b737d9", "event": "publisher.event_acked", "level": "info", "timestamp": "2026-10-03T13:18:28.363138Z"}
Oct 03 10:18:33 fim-host fim-agent[79844]: {"event_id": "298293af-1aea-485e-adc5-e8874e3dcf40", "path": "/srv/fim-watch/mmap_D_mmap_close_retardo_000ms_002.bin", "action": "alert_only", "action_failed": false, "event": "decision.evaluated", "level": "info", "timestamp": "2026-10-03T13:18:33.349465Z"}
Oct 03 10:18:33 fim-host fim-agent[79844]: {"event_id": "298293af-1aea-485e-adc5-e8874e3dcf40", "deferred": false, "event": "publisher.event_published", "level": "info", "timestamp": "2026-10-03T13:18:33.361699Z"}
Oct 03 10:18:33 fim-host fim-agent[79844]: {"path": "/srv/fim-watch/mmap_D_mmap_close_retardo_000ms_002.bin", "event_type": "file_modified", "event_id": "298293af-1aea-485e-adc5-e8874e3dcf40", "event": "detector.change_detected", "level": "info", "timestamp": "2026-10-03T13:18:33.367300Z"}
Oct 03 10:18:33 fim-host fim-agent[79844]: {"event_id": "298293af-1aea-485e-adc5-e8874e3dcf40", "event": "publisher.event_acked", "level": "info", "timestamp": "2026-10-03T13:18:33.375797Z"}
Oct 03 10:18:38 fim-host fim-agent[79844]: {"event_id": "7a7f5ef7-35a6-43b0-9a72-5b58226fa146", "path": "/srv/fim-watch/mmap_D_mmap_close_retardo_000ms_003.bin", "action": "alert_only", "action_failed": false, "event": "decision.evaluated", "level": "info", "timestamp": "2026-10-03T13:18:38.359836Z"}
Oct 03 10:18:38 fim-host fim-agent[79844]: {"event_id": "7a7f5ef7-35a6-43b0-9a72-5b58226fa146", "deferred": false, "event": "publisher.event_published", "level": "info", "timestamp": "2026-10-03T13:18:38.372830Z"}
Oct 03 10:18:38 fim-host fim-agent[79844]: {"path": "/srv/fim-watch/mmap_D_mmap_close_retardo_000ms_003.bin", "event_type": "file_modified", "event_id": "7a7f5ef7-35a6-43b0-9a72-5b58226fa146", "event": "detector.change_detected", "level": "info", "timestamp": "2026-10-03T13:18:38.378256Z"}
Oct 03 10:18:38 fim-host fim-agent[79844]: {"event_id": "7a7f5ef7-35a6-43b0-9a72-5b58226fa146", "event": "publisher.event_acked", "level": "info", "timestamp": "2026-10-03T13:18:38.384814Z"}
Oct 03 10:18:43 fim-host fim-agent[79844]: {"event_id": "487de6f2-7abc-41ac-ac89-142da0af7523", "path": "/srv/fim-watch/mmap_D_mmap_close_retardo_000ms_003.bin", "action": "alert_only", "action_failed": false, "event": "decision.evaluated", "level": "info", "timestamp": "2026-10-03T13:18:43.366050Z"}
Oct 03 10:18:43 fim-host fim-agent[79844]: {"event_id": "487de6f2-7abc-41ac-ac89-142da0af7523", "deferred": false, "event": "publisher.event_published", "level": "info", "timestamp": "2026-10-03T13:18:43.377877Z"}
Oct 03 10:18:43 fim-host fim-agent[79844]: {"path": "/srv/fim-watch/mmap_D_mmap_close_retardo_000ms_003.bin", "event_type": "file_modified", "event_id": "487de6f2-7abc-41ac-ac89-142da0af7523", "event": "detector.change_detected", "level": "info", "timestamp": "2026-10-03T13:18:43.382589Z"}
Oct 03 10:18:43 fim-host fim-agent[79844]: {"event_id": "487de6f2-7abc-41ac-ac89-142da0af7523", "event": "publisher.event_acked", "level": "info", "timestamp": "2026-10-03T13:18:43.389158Z"}
Oct 03 10:18:48 fim-host fim-agent[79844]: {"event_id": "9919ec26-098c-4a62-864f-87276930821f", "path": "/srv/fim-watch/mmap_D_mmap_close_retardo_000ms_004.bin", "action": "alert_only", "action_failed": false, "event": "decision.evaluated", "level": "info", "timestamp": "2026-10-03T13:18:48.374316Z"}
Oct 03 10:18:48 fim-host fim-agent[79844]: {"event_id": "9919ec26-098c-4a62-864f-87276930821f", "deferred": false, "event": "publisher.event_published", "level": "info", "timestamp": "2026-10-03T13:18:48.385593Z"}
Oct 03 10:18:48 fim-host fim-agent[79844]: {"path": "/srv/fim-watch/mmap_D_mmap_close_retardo_000ms_004.bin", "event_type": "file_modified", "event_id": "9919ec26-098c-4a62-864f-87276930821f", "event": "detector.change_detected", "level": "info", "timestamp": "2026-10-03T13:18:48.390545Z"}
Oct 03 10:18:48 fim-host fim-agent[79844]: {"event_id": "9919ec26-098c-4a62-864f-87276930821f", "event": "publisher.event_acked", "level": "info", "timestamp": "2026-10-03T13:18:48.398987Z"}
Oct 03 10:18:53 fim-host fim-agent[79844]: {"event_id": "d5c4e73c-08a4-40ce-b67e-8c5e38e1b3e1", "path": "/srv/fim-watch/mmap_D_mmap_close_retardo_000ms_004.bin", "action": "alert_only", "action_failed": false, "event": "decision.evaluated", "level": "info", "timestamp": "2026-10-03T13:18:53.379099Z"}
Oct 03 10:18:53 fim-host fim-agent[79844]: {"event_id": "d5c4e73c-08a4-40ce-b67e-8c5e38e1b3e1", "deferred": false, "event": "publisher.event_published", "level": "info", "timestamp": "2026-10-03T13:18:53.390374Z"}
Oct 03 10:18:53 fim-host fim-agent[79844]: {"path": "/srv/fim-watch/mmap_D_mmap_close_retardo_000ms_004.bin", "event_type": "file_modified", "event_id": "d5c4e73c-08a4-40ce-b67e-8c5e38e1b3e1", "event": "detector.change_detected", "level": "info", "timestamp": "2026-10-03T13:18:53.396489Z"}
Oct 03 10:18:53 fim-host fim-agent[79844]: {"event_id": "d5c4e73c-08a4-40ce-b67e-8c5e38e1b3e1", "event": "publisher.event_acked", "level": "info", "timestamp": "2026-10-03T13:18:53.404617Z"}
Oct 03 10:18:58 fim-host fim-agent[79844]: {"event_id": "b6013857-a449-4dcc-8a1e-a6e3d6729059", "path": "/srv/fim-watch/mmap_D_mmap_close_retardo_000ms_005.bin", "action": "alert_only", "action_failed": false, "event": "decision.evaluated", "level": "info", "timestamp": "2026-10-03T13:18:58.390727Z"}
Oct 03 10:18:58 fim-host fim-agent[79844]: {"event_id": "b6013857-a449-4dcc-8a1e-a6e3d6729059", "deferred": false, "event": "publisher.event_published", "level": "info", "timestamp": "2026-10-03T13:18:58.403142Z"}
Oct 03 10:18:58 fim-host fim-agent[79844]: {"path": "/srv/fim-watch/mmap_D_mmap_close_retardo_000ms_005.bin", "event_type": "file_modified", "event_id": "b6013857-a449-4dcc-8a1e-a6e3d6729059", "event": "detector.change_detected", "level": "info", "timestamp": "2026-10-03T13:18:58.409318Z"}
Oct 03 10:18:58 fim-host fim-agent[79844]: {"event_id": "b6013857-a449-4dcc-8a1e-a6e3d6729059", "event": "publisher.event_acked", "level": "info", "timestamp": "2026-10-03T13:18:58.417124Z"}
Oct 03 10:19:03 fim-host fim-agent[79844]: {"event_id": "3319ed61-6e1d-4c59-a234-1d86235814ec", "path": "/srv/fim-watch/mmap_D_mmap_close_retardo_000ms_005.bin", "action": "alert_only", "action_failed": false, "event": "decision.evaluated", "level": "info", "timestamp": "2026-10-03T13:19:03.395491Z"}
Oct 03 10:19:03 fim-host fim-agent[79844]: {"event_id": "3319ed61-6e1d-4c59-a234-1d86235814ec", "deferred": false, "event": "publisher.event_published", "level": "info", "timestamp": "2026-10-03T13:19:03.406892Z"}
Oct 03 10:19:03 fim-host fim-agent[79844]: {"path": "/srv/fim-watch/mmap_D_mmap_close_retardo_000ms_005.bin", "event_type": "file_modified", "event_id": "3319ed61-6e1d-4c59-a234-1d86235814ec", "event": "detector.change_detected", "level": "info", "timestamp": "2026-10-03T13:19:03.412964Z"}
Oct 03 10:19:03 fim-host fim-agent[79844]: {"event_id": "3319ed61-6e1d-4c59-a234-1d86235814ec", "event": "publisher.event_acked", "level": "info", "timestamp": "2026-10-03T13:19:03.421005Z"}
Oct 03 10:19:08 fim-host fim-agent[79844]: {"event_id": "f063da83-0b0b-4f82-9aeb-12775cce9fbf", "path": "/srv/fim-watch/mmap_D_mmap_close_retardo_000ms_006.bin", "action": "alert_only", "action_failed": false, "event": "decision.evaluated", "level": "info", "timestamp": "2026-10-03T13:19:08.405572Z"}
Oct 03 10:19:08 fim-host fim-agent[79844]: {"event_id": "f063da83-0b0b-4f82-9aeb-12775cce9fbf", "deferred": false, "event": "publisher.event_published", "level": "info", "timestamp": "2026-10-03T13:19:08.418209Z"}
Oct 03 10:19:08 fim-host fim-agent[79844]: {"path": "/srv/fim-watch/mmap_D_mmap_close_retardo_000ms_006.bin", "event_type": "file_modified", "event_id": "f063da83-0b0b-4f82-9aeb-12775cce9fbf", "event": "detector.change_detected", "level": "info", "timestamp": "2026-10-03T13:19:08.422865Z"}
Oct 03 10:19:08 fim-host fim-agent[79844]: {"event_id": "f063da83-0b0b-4f82-9aeb-12775cce9fbf", "event": "publisher.event_acked", "level": "info", "timestamp": "2026-10-03T13:19:08.430670Z"}
Oct 03 10:19:13 fim-host fim-agent[79844]: {"event_id": "12ceb967-e3a3-4aa1-9fb5-3a0f09db982e", "path": "/srv/fim-watch/mmap_D_mmap_close_retardo_000ms_006.bin", "action": "alert_only", "action_failed": false, "event": "decision.evaluated", "level": "info", "timestamp": "2026-10-03T13:19:13.410205Z"}
Oct 03 10:19:13 fim-host fim-agent[79844]: {"event_id": "12ceb967-e3a3-4aa1-9fb5-3a0f09db982e", "deferred": false, "event": "publisher.event_published", "level": "info", "timestamp": "2026-10-03T13:19:13.422927Z"}
Oct 03 10:19:13 fim-host fim-agent[79844]: {"path": "/srv/fim-watch/mmap_D_mmap_close_retardo_000ms_006.bin", "event_type": "file_modified", "event_id": "12ceb967-e3a3-4aa1-9fb5-3a0f09db982e", "event": "detector.change_detected", "level": "info", "timestamp": "2026-10-03T13:19:13.428311Z"}
Oct 03 10:19:13 fim-host fim-agent[79844]: {"event_id": "12ceb967-e3a3-4aa1-9fb5-3a0f09db982e", "event": "publisher.event_acked", "level": "info", "timestamp": "2026-10-03T13:19:13.438281Z"}
Oct 03 10:19:18 fim-host fim-agent[79844]: {"event_id": "0a0712e6-875b-4366-b23b-8a57a0765628", "path": "/srv/fim-watch/mmap_D_mmap_close_retardo_000ms_007.bin", "action": "alert_only", "action_failed": false, "event": "decision.evaluated", "level": "info", "timestamp": "2026-10-03T13:19:18.417836Z"}
Oct 03 10:19:18 fim-host fim-agent[79844]: {"event_id": "0a0712e6-875b-4366-b23b-8a57a0765628", "deferred": false, "event": "publisher.event_published", "level": "info", "timestamp": "2026-10-03T13:19:18.427207Z"}
Oct 03 10:19:18 fim-host fim-agent[79844]: {"path": "/srv/fim-watch/mmap_D_mmap_close_retardo_000ms_007.bin", "event_type": "file_modified", "event_id": "0a0712e6-875b-4366-b23b-8a57a0765628", "event": "detector.change_detected", "level": "info", "timestamp": "2026-10-03T13:19:18.431583Z"}
Oct 03 10:19:18 fim-host fim-agent[79844]: {"event_id": "0a0712e6-875b-4366-b23b-8a57a0765628", "event": "publisher.event_acked", "level": "info", "timestamp": "2026-10-03T13:19:18.438731Z"}
Oct 03 10:19:23 fim-host fim-agent[79844]: {"event_id": "b45e8340-e6f5-49b1-ad7b-a3b84035599e", "path": "/srv/fim-watch/mmap_D_mmap_close_retardo_000ms_007.bin", "action": "alert_only", "action_failed": false, "event": "decision.evaluated", "level": "info", "timestamp": "2026-10-03T13:19:23.424920Z"}
Oct 03 10:19:23 fim-host fim-agent[79844]: {"event_id": "b45e8340-e6f5-49b1-ad7b-a3b84035599e", "deferred": false, "event": "publisher.event_published", "level": "info", "timestamp": "2026-10-03T13:19:23.436729Z"}
Oct 03 10:19:23 fim-host fim-agent[79844]: {"path": "/srv/fim-watch/mmap_D_mmap_close_retardo_000ms_007.bin", "event_type": "file_modified", "event_id": "b45e8340-e6f5-49b1-ad7b-a3b84035599e", "event": "detector.change_detected", "level": "info", "timestamp": "2026-10-03T13:19:23.442146Z"}
Oct 03 10:19:23 fim-host fim-agent[79844]: {"event_id": "b45e8340-e6f5-49b1-ad7b-a3b84035599e", "event": "publisher.event_acked", "level": "info", "timestamp": "2026-10-03T13:19:23.449212Z"}
Oct 03 10:19:28 fim-host fim-agent[79844]: {"event_id": "d9c5cab7-118b-4b53-878f-42df443df502", "path": "/srv/fim-watch/mmap_D_mmap_close_retardo_000ms_008.bin", "action": "alert_only", "action_failed": false, "event": "decision.evaluated", "level": "info", "timestamp": "2026-10-03T13:19:28.434954Z"}
Oct 03 10:19:28 fim-host fim-agent[79844]: {"event_id": "d9c5cab7-118b-4b53-878f-42df443df502", "deferred": false, "event": "publisher.event_published", "level": "info", "timestamp": "2026-10-03T13:19:28.446184Z"}
Oct 03 10:19:28 fim-host fim-agent[79844]: {"path": "/srv/fim-watch/mmap_D_mmap_close_retardo_000ms_008.bin", "event_type": "file_modified", "event_id": "d9c5cab7-118b-4b53-878f-42df443df502", "event": "detector.change_detected", "level": "info", "timestamp": "2026-10-03T13:19:28.451470Z"}
Oct 03 10:19:28 fim-host fim-agent[79844]: {"event_id": "d9c5cab7-118b-4b53-878f-42df443df502", "event": "publisher.event_acked", "level": "info", "timestamp": "2026-10-03T13:19:28.459667Z"}
Oct 03 10:19:33 fim-host fim-agent[79844]: {"event_id": "f7316f38-f585-46ad-ac1b-500bc5163666", "path": "/srv/fim-watch/mmap_D_mmap_close_retardo_000ms_008.bin", "action": "alert_only", "action_failed": false, "event": "decision.evaluated", "level": "info", "timestamp": "2026-10-03T13:19:33.442434Z"}
Oct 03 10:19:33 fim-host fim-agent[79844]: {"event_id": "f7316f38-f585-46ad-ac1b-500bc5163666", "deferred": false, "event": "publisher.event_published", "level": "info", "timestamp": "2026-10-03T13:19:33.453998Z"}
Oct 03 10:19:33 fim-host fim-agent[79844]: {"path": "/srv/fim-watch/mmap_D_mmap_close_retardo_000ms_008.bin", "event_type": "file_modified", "event_id": "f7316f38-f585-46ad-ac1b-500bc5163666", "event": "detector.change_detected", "level": "info", "timestamp": "2026-10-03T13:19:33.459648Z"}
Oct 03 10:19:33 fim-host fim-agent[79844]: {"event_id": "f7316f38-f585-46ad-ac1b-500bc5163666", "event": "publisher.event_acked", "level": "info", "timestamp": "2026-10-03T13:19:33.468932Z"}
Oct 03 10:19:38 fim-host fim-agent[79844]: {"event_id": "8e7036ed-c765-4b5f-9a85-1f965ffc6d9d", "path": "/srv/fim-watch/mmap_D_mmap_close_retardo_000ms_009.bin", "action": "alert_only", "action_failed": false, "event": "decision.evaluated", "level": "info", "timestamp": "2026-10-03T13:19:38.453001Z"}
Oct 03 10:19:38 fim-host fim-agent[79844]: {"event_id": "8e7036ed-c765-4b5f-9a85-1f965ffc6d9d", "deferred": false, "event": "publisher.event_published", "level": "info", "timestamp": "2026-10-03T13:19:38.464971Z"}
Oct 03 10:19:38 fim-host fim-agent[79844]: {"path": "/srv/fim-watch/mmap_D_mmap_close_retardo_000ms_009.bin", "event_type": "file_modified", "event_id": "8e7036ed-c765-4b5f-9a85-1f965ffc6d9d", "event": "detector.change_detected", "level": "info", "timestamp": "2026-10-03T13:19:38.469271Z"}
Oct 03 10:19:38 fim-host fim-agent[79844]: {"event_id": "8e7036ed-c765-4b5f-9a85-1f965ffc6d9d", "event": "publisher.event_acked", "level": "info", "timestamp": "2026-10-03T13:19:38.477678Z"}
Oct 03 10:19:43 fim-host fim-agent[79844]: {"event_id": "ff24cd7f-d3aa-4fdd-bf84-464feddb1c3c", "path": "/srv/fim-watch/mmap_D_mmap_close_retardo_000ms_009.bin", "action": "alert_only", "action_failed": false, "event": "decision.evaluated", "level": "info", "timestamp": "2026-10-03T13:19:43.455607Z"}
Oct 03 10:19:43 fim-host fim-agent[79844]: {"event_id": "ff24cd7f-d3aa-4fdd-bf84-464feddb1c3c", "deferred": false, "event": "publisher.event_published", "level": "info", "timestamp": "2026-10-03T13:19:43.468617Z"}
Oct 03 10:19:43 fim-host fim-agent[79844]: {"path": "/srv/fim-watch/mmap_D_mmap_close_retardo_000ms_009.bin", "event_type": "file_modified", "event_id": "ff24cd7f-d3aa-4fdd-bf84-464feddb1c3c", "event": "detector.change_detected", "level": "info", "timestamp": "2026-10-03T13:19:43.474088Z"}
Oct 03 10:19:43 fim-host fim-agent[79844]: {"event_id": "ff24cd7f-d3aa-4fdd-bf84-464feddb1c3c", "event": "publisher.event_acked", "level": "info", "timestamp": "2026-10-03T13:19:43.483068Z"}
Oct 03 10:19:48 fim-host fim-agent[79844]: {"event_id": "ad81ae10-6514-4333-9c21-4398d47455c1", "path": "/srv/fim-watch/mmap_D_mmap_close_retardo_000ms_010.bin", "action": "alert_only", "action_failed": false, "event": "decision.evaluated", "level": "info", "timestamp": "2026-10-03T13:19:48.466376Z"}
Oct 03 10:19:48 fim-host fim-agent[79844]: {"event_id": "ad81ae10-6514-4333-9c21-4398d47455c1", "deferred": false, "event": "publisher.event_published", "level": "info", "timestamp": "2026-10-03T13:19:48.478938Z"}
Oct 03 10:19:48 fim-host fim-agent[79844]: {"path": "/srv/fim-watch/mmap_D_mmap_close_retardo_000ms_010.bin", "event_type": "file_modified", "event_id": "ad81ae10-6514-4333-9c21-4398d47455c1", "event": "detector.change_detected", "level": "info", "timestamp": "2026-10-03T13:19:48.484163Z"}
Oct 03 10:19:48 fim-host fim-agent[79844]: {"event_id": "ad81ae10-6514-4333-9c21-4398d47455c1", "event": "publisher.event_acked", "level": "info", "timestamp": "2026-10-03T13:19:48.493069Z"}
Oct 03 10:19:53 fim-host fim-agent[79844]: {"event_id": "8aeb9d31-1073-466f-b5d5-67524c24de92", "path": "/srv/fim-watch/mmap_D_mmap_close_retardo_000ms_010.bin", "action": "alert_only", "action_failed": false, "event": "decision.evaluated", "level": "info", "timestamp": "2026-10-03T13:19:53.470087Z"}
Oct 03 10:19:53 fim-host fim-agent[79844]: {"event_id": "8aeb9d31-1073-466f-b5d5-67524c24de92", "deferred": false, "event": "publisher.event_published", "level": "info", "timestamp": "2026-10-03T13:19:53.480267Z"}
Oct 03 10:19:53 fim-host fim-agent[79844]: {"path": "/srv/fim-watch/mmap_D_mmap_close_retardo_000ms_010.bin", "event_type": "file_modified", "event_id": "8aeb9d31-1073-466f-b5d5-67524c24de92", "event": "detector.change_detected", "level": "info", "timestamp": "2026-10-03T13:19:53.484713Z"}
Oct 03 10:19:53 fim-host fim-agent[79844]: {"event_id": "8aeb9d31-1073-466f-b5d5-67524c24de92", "event": "publisher.event_acked", "level": "info", "timestamp": "2026-10-03T13:19:53.487477Z"}
Oct 03 10:19:58 fim-host fim-agent[79844]: {"event_id": "d2eb08ef-074c-4e63-8b14-68f00a81efa2", "path": "/srv/fim-watch/mmap_D_mmap_close_retardo_005ms_001.bin", "action": "alert_only", "action_failed": false, "event": "decision.evaluated", "level": "info", "timestamp": "2026-10-03T13:19:58.479352Z"}
Oct 03 10:19:58 fim-host fim-agent[79844]: {"event_id": "d2eb08ef-074c-4e63-8b14-68f00a81efa2", "deferred": false, "event": "publisher.event_published", "level": "info", "timestamp": "2026-10-03T13:19:58.492941Z"}
Oct 03 10:19:58 fim-host fim-agent[79844]: {"path": "/srv/fim-watch/mmap_D_mmap_close_retardo_005ms_001.bin", "event_type": "file_modified", "event_id": "d2eb08ef-074c-4e63-8b14-68f00a81efa2", "event": "detector.change_detected", "level": "info", "timestamp": "2026-10-03T13:19:58.498987Z"}
Oct 03 10:19:58 fim-host fim-agent[79844]: {"event_id": "d2eb08ef-074c-4e63-8b14-68f00a81efa2", "event": "publisher.event_acked", "level": "info", "timestamp": "2026-10-03T13:19:58.506965Z"}
Oct 03 10:20:03 fim-host fim-agent[79844]: {"event_id": "f6b77be0-cd14-4f4d-bbeb-3730fb55a93e", "path": "/srv/fim-watch/mmap_D_mmap_close_retardo_005ms_001.bin", "action": "alert_only", "action_failed": false, "event": "decision.evaluated", "level": "info", "timestamp": "2026-10-03T13:20:03.481300Z"}
Oct 03 10:20:03 fim-host fim-agent[79844]: {"event_id": "f6b77be0-cd14-4f4d-bbeb-3730fb55a93e", "deferred": false, "event": "publisher.event_published", "level": "info", "timestamp": "2026-10-03T13:20:03.489573Z"}
Oct 03 10:20:03 fim-host fim-agent[79844]: {"path": "/srv/fim-watch/mmap_D_mmap_close_retardo_005ms_001.bin", "event_type": "file_modified", "event_id": "f6b77be0-cd14-4f4d-bbeb-3730fb55a93e", "event": "detector.change_detected", "level": "info", "timestamp": "2026-10-03T13:20:03.492914Z"}
Oct 03 10:20:03 fim-host fim-agent[79844]: {"event_id": "f6b77be0-cd14-4f4d-bbeb-3730fb55a93e", "event": "publisher.event_acked", "level": "info", "timestamp": "2026-10-03T13:20:03.494049Z"}
Oct 03 10:20:08 fim-host fim-agent[79844]: {"event_id": "2a7e32b6-f470-4abe-a240-0c2aaa7c2520", "path": "/srv/fim-watch/mmap_D_mmap_close_retardo_005ms_002.bin", "action": "alert_only", "action_failed": false, "event": "decision.evaluated", "level": "info", "timestamp": "2026-10-03T13:20:08.492340Z"}
Oct 03 10:20:08 fim-host fim-agent[79844]: {"event_id": "2a7e32b6-f470-4abe-a240-0c2aaa7c2520", "deferred": false, "event": "publisher.event_published", "level": "info", "timestamp": "2026-10-03T13:20:08.498585Z"}
Oct 03 10:20:08 fim-host fim-agent[79844]: {"path": "/srv/fim-watch/mmap_D_mmap_close_retardo_005ms_002.bin", "event_type": "file_modified", "event_id": "2a7e32b6-f470-4abe-a240-0c2aaa7c2520", "event": "detector.change_detected", "level": "info", "timestamp": "2026-10-03T13:20:08.501231Z"}
Oct 03 10:20:08 fim-host fim-agent[79844]: {"event_id": "2a7e32b6-f470-4abe-a240-0c2aaa7c2520", "event": "publisher.event_acked", "level": "info", "timestamp": "2026-10-03T13:20:08.505983Z"}
Oct 03 10:20:13 fim-host fim-agent[79844]: {"event_id": "ade44893-54b5-4b58-9e33-a73451e6dcbc", "path": "/srv/fim-watch/mmap_D_mmap_close_retardo_005ms_002.bin", "action": "alert_only", "action_failed": false, "event": "decision.evaluated", "level": "info", "timestamp": "2026-10-03T13:20:13.506825Z"}
Oct 03 10:20:13 fim-host fim-agent[79844]: {"event_id": "ade44893-54b5-4b58-9e33-a73451e6dcbc", "deferred": false, "event": "publisher.event_published", "level": "info", "timestamp": "2026-10-03T13:20:13.517911Z"}
Oct 03 10:20:13 fim-host fim-agent[79844]: {"path": "/srv/fim-watch/mmap_D_mmap_close_retardo_005ms_002.bin", "event_type": "file_modified", "event_id": "ade44893-54b5-4b58-9e33-a73451e6dcbc", "event": "detector.change_detected", "level": "info", "timestamp": "2026-10-03T13:20:13.522862Z"}
Oct 03 10:20:13 fim-host fim-agent[79844]: {"event_id": "ade44893-54b5-4b58-9e33-a73451e6dcbc", "event": "publisher.event_acked", "level": "info", "timestamp": "2026-10-03T13:20:13.531126Z"}
Oct 03 10:20:18 fim-host fim-agent[79844]: {"event_id": "0db78b3e-8360-43a4-a3c7-16f980f5c2a9", "path": "/srv/fim-watch/mmap_D_mmap_close_retardo_005ms_003.bin", "action": "alert_only", "action_failed": false, "event": "decision.evaluated", "level": "info", "timestamp": "2026-10-03T13:20:18.519268Z"}
Oct 03 10:20:18 fim-host fim-agent[79844]: {"event_id": "0db78b3e-8360-43a4-a3c7-16f980f5c2a9", "deferred": false, "event": "publisher.event_published", "level": "info", "timestamp": "2026-10-03T13:20:18.531954Z"}
Oct 03 10:20:18 fim-host fim-agent[79844]: {"path": "/srv/fim-watch/mmap_D_mmap_close_retardo_005ms_003.bin", "event_type": "file_modified", "event_id": "0db78b3e-8360-43a4-a3c7-16f980f5c2a9", "event": "detector.change_detected", "level": "info", "timestamp": "2026-10-03T13:20:18.537653Z"}
Oct 03 10:20:18 fim-host fim-agent[79844]: {"event_id": "0db78b3e-8360-43a4-a3c7-16f980f5c2a9", "event": "publisher.event_acked", "level": "info", "timestamp": "2026-10-03T13:20:18.546011Z"}
Oct 03 10:20:23 fim-host fim-agent[79844]: {"event_id": "c23df3df-b724-424c-908e-6d8ba0cb5a71", "path": "/srv/fim-watch/mmap_D_mmap_close_retardo_005ms_003.bin", "action": "alert_only", "action_failed": false, "event": "decision.evaluated", "level": "info", "timestamp": "2026-10-03T13:20:23.527157Z"}
Oct 03 10:20:23 fim-host fim-agent[79844]: {"event_id": "c23df3df-b724-424c-908e-6d8ba0cb5a71", "deferred": false, "event": "publisher.event_published", "level": "info", "timestamp": "2026-10-03T13:20:23.538836Z"}
Oct 03 10:20:23 fim-host fim-agent[79844]: {"path": "/srv/fim-watch/mmap_D_mmap_close_retardo_005ms_003.bin", "event_type": "file_modified", "event_id": "c23df3df-b724-424c-908e-6d8ba0cb5a71", "event": "detector.change_detected", "level": "info", "timestamp": "2026-10-03T13:20:23.544075Z"}
Oct 03 10:20:23 fim-host fim-agent[79844]: {"event_id": "c23df3df-b724-424c-908e-6d8ba0cb5a71", "event": "publisher.event_acked", "level": "info", "timestamp": "2026-10-03T13:20:23.552191Z"}
Oct 03 10:20:28 fim-host fim-agent[79844]: {"event_id": "625029f4-ace4-4213-a1dd-36a8e08ed5d3", "path": "/srv/fim-watch/mmap_D_mmap_close_retardo_005ms_004.bin", "action": "alert_only", "action_failed": false, "event": "decision.evaluated", "level": "info", "timestamp": "2026-10-03T13:20:28.536093Z"}
Oct 03 10:20:28 fim-host fim-agent[79844]: {"event_id": "625029f4-ace4-4213-a1dd-36a8e08ed5d3", "deferred": false, "event": "publisher.event_published", "level": "info", "timestamp": "2026-10-03T13:20:28.548663Z"}
Oct 03 10:20:28 fim-host fim-agent[79844]: {"path": "/srv/fim-watch/mmap_D_mmap_close_retardo_005ms_004.bin", "event_type": "file_modified", "event_id": "625029f4-ace4-4213-a1dd-36a8e08ed5d3", "event": "detector.change_detected", "level": "info", "timestamp": "2026-10-03T13:20:28.554628Z"}
Oct 03 10:20:28 fim-host fim-agent[79844]: {"event_id": "625029f4-ace4-4213-a1dd-36a8e08ed5d3", "event": "publisher.event_acked", "level": "info", "timestamp": "2026-10-03T13:20:28.562601Z"}
Oct 03 10:20:33 fim-host fim-agent[79844]: {"event_id": "3533fdb1-314e-495d-b79b-bd7e2505594c", "path": "/srv/fim-watch/mmap_D_mmap_close_retardo_005ms_004.bin", "action": "alert_only", "action_failed": false, "event": "decision.evaluated", "level": "info", "timestamp": "2026-10-03T13:20:33.546038Z"}
Oct 03 10:20:33 fim-host fim-agent[79844]: {"event_id": "3533fdb1-314e-495d-b79b-bd7e2505594c", "deferred": false, "event": "publisher.event_published", "level": "info", "timestamp": "2026-10-03T13:20:33.558296Z"}
Oct 03 10:20:33 fim-host fim-agent[79844]: {"path": "/srv/fim-watch/mmap_D_mmap_close_retardo_005ms_004.bin", "event_type": "file_modified", "event_id": "3533fdb1-314e-495d-b79b-bd7e2505594c", "event": "detector.change_detected", "level": "info", "timestamp": "2026-10-03T13:20:33.563065Z"}
Oct 03 10:20:33 fim-host fim-agent[79844]: {"event_id": "3533fdb1-314e-495d-b79b-bd7e2505594c", "event": "publisher.event_acked", "level": "info", "timestamp": "2026-10-03T13:20:33.568155Z"}
Oct 03 10:20:38 fim-host fim-agent[79844]: {"event_id": "53095b51-73d3-467b-91fd-3a1739ade4b4", "path": "/srv/fim-watch/mmap_D_mmap_close_retardo_005ms_005.bin", "action": "alert_only", "action_failed": false, "event": "decision.evaluated", "level": "info", "timestamp": "2026-10-03T13:20:38.556325Z"}
Oct 03 10:20:38 fim-host fim-agent[79844]: {"event_id": "53095b51-73d3-467b-91fd-3a1739ade4b4", "deferred": false, "event": "publisher.event_published", "level": "info", "timestamp": "2026-10-03T13:20:38.569381Z"}
Oct 03 10:20:38 fim-host fim-agent[79844]: {"path": "/srv/fim-watch/mmap_D_mmap_close_retardo_005ms_005.bin", "event_type": "file_modified", "event_id": "53095b51-73d3-467b-91fd-3a1739ade4b4", "event": "detector.change_detected", "level": "info", "timestamp": "2026-10-03T13:20:38.575727Z"}
Oct 03 10:20:38 fim-host fim-agent[79844]: {"event_id": "53095b51-73d3-467b-91fd-3a1739ade4b4", "event": "publisher.event_acked", "level": "info", "timestamp": "2026-10-03T13:20:38.583797Z"}
Oct 03 10:20:43 fim-host fim-agent[79844]: {"event_id": "7ba11f4d-14f5-48af-b227-8e4aff05e0d0", "path": "/srv/fim-watch/mmap_D_mmap_close_retardo_005ms_005.bin", "action": "alert_only", "action_failed": false, "event": "decision.evaluated", "level": "info", "timestamp": "2026-10-03T13:20:43.557225Z"}
Oct 03 10:20:43 fim-host fim-agent[79844]: {"event_id": "7ba11f4d-14f5-48af-b227-8e4aff05e0d0", "deferred": false, "event": "publisher.event_published", "level": "info", "timestamp": "2026-10-03T13:20:43.570187Z"}
Oct 03 10:20:43 fim-host fim-agent[79844]: {"path": "/srv/fim-watch/mmap_D_mmap_close_retardo_005ms_005.bin", "event_type": "file_modified", "event_id": "7ba11f4d-14f5-48af-b227-8e4aff05e0d0", "event": "detector.change_detected", "level": "info", "timestamp": "2026-10-03T13:20:43.575489Z"}
Oct 03 10:20:43 fim-host fim-agent[79844]: {"event_id": "7ba11f4d-14f5-48af-b227-8e4aff05e0d0", "event": "publisher.event_acked", "level": "info", "timestamp": "2026-10-03T13:20:43.580067Z"}
Oct 03 10:20:48 fim-host fim-agent[79844]: {"event_id": "935ee2dc-cc55-4874-a938-587945978450", "path": "/srv/fim-watch/mmap_D_mmap_close_retardo_005ms_006.bin", "action": "alert_only", "action_failed": false, "event": "decision.evaluated", "level": "info", "timestamp": "2026-10-03T13:20:48.569204Z"}
Oct 03 10:20:48 fim-host fim-agent[79844]: {"event_id": "935ee2dc-cc55-4874-a938-587945978450", "deferred": false, "event": "publisher.event_published", "level": "info", "timestamp": "2026-10-03T13:20:48.581439Z"}
Oct 03 10:20:48 fim-host fim-agent[79844]: {"path": "/srv/fim-watch/mmap_D_mmap_close_retardo_005ms_006.bin", "event_type": "file_modified", "event_id": "935ee2dc-cc55-4874-a938-587945978450", "event": "detector.change_detected", "level": "info", "timestamp": "2026-10-03T13:20:48.587700Z"}
Oct 03 10:20:48 fim-host fim-agent[79844]: {"event_id": "935ee2dc-cc55-4874-a938-587945978450", "event": "publisher.event_acked", "level": "info", "timestamp": "2026-10-03T13:20:48.594387Z"}
Oct 03 10:20:53 fim-host fim-agent[79844]: {"event_id": "5aeb9bcd-0964-4f31-b29c-03744388c84b", "path": "/srv/fim-watch/mmap_D_mmap_close_retardo_005ms_006.bin", "action": "alert_only", "action_failed": false, "event": "decision.evaluated", "level": "info", "timestamp": "2026-10-03T13:20:53.575877Z"}
Oct 03 10:20:53 fim-host fim-agent[79844]: {"event_id": "5aeb9bcd-0964-4f31-b29c-03744388c84b", "deferred": false, "event": "publisher.event_published", "level": "info", "timestamp": "2026-10-03T13:20:53.587584Z"}
Oct 03 10:20:53 fim-host fim-agent[79844]: {"path": "/srv/fim-watch/mmap_D_mmap_close_retardo_005ms_006.bin", "event_type": "file_modified", "event_id": "5aeb9bcd-0964-4f31-b29c-03744388c84b", "event": "detector.change_detected", "level": "info", "timestamp": "2026-10-03T13:20:53.592678Z"}
Oct 03 10:20:53 fim-host fim-agent[79844]: {"event_id": "5aeb9bcd-0964-4f31-b29c-03744388c84b", "event": "publisher.event_acked", "level": "info", "timestamp": "2026-10-03T13:20:53.601246Z"}
Oct 03 10:20:58 fim-host fim-agent[79844]: {"event_id": "aa8c189e-9d45-4c54-9391-b1cc712a3f62", "path": "/srv/fim-watch/mmap_D_mmap_close_retardo_005ms_007.bin", "action": "alert_only", "action_failed": false, "event": "decision.evaluated", "level": "info", "timestamp": "2026-10-03T13:20:58.575489Z"}
Oct 03 10:20:58 fim-host fim-agent[79844]: {"event_id": "aa8c189e-9d45-4c54-9391-b1cc712a3f62", "deferred": false, "event": "publisher.event_published", "level": "info", "timestamp": "2026-10-03T13:20:58.582536Z"}
Oct 03 10:20:58 fim-host fim-agent[79844]: {"path": "/srv/fim-watch/mmap_D_mmap_close_retardo_005ms_007.bin", "event_type": "file_modified", "event_id": "aa8c189e-9d45-4c54-9391-b1cc712a3f62", "event": "detector.change_detected", "level": "info", "timestamp": "2026-10-03T13:20:58.585171Z"}
Oct 03 10:20:58 fim-host fim-agent[79844]: {"event_id": "aa8c189e-9d45-4c54-9391-b1cc712a3f62", "event": "publisher.event_acked", "level": "info", "timestamp": "2026-10-03T13:20:58.588984Z"}
Oct 03 10:21:03 fim-host fim-agent[79844]: {"event_id": "ce753dc6-2ff6-4785-9555-73ea6d718bc6", "path": "/srv/fim-watch/mmap_D_mmap_close_retardo_005ms_007.bin", "action": "alert_only", "action_failed": false, "event": "decision.evaluated", "level": "info", "timestamp": "2026-10-03T13:21:03.594808Z"}
Oct 03 10:21:03 fim-host fim-agent[79844]: {"event_id": "ce753dc6-2ff6-4785-9555-73ea6d718bc6", "deferred": false, "event": "publisher.event_published", "level": "info", "timestamp": "2026-10-03T13:21:03.607349Z"}
Oct 03 10:21:03 fim-host fim-agent[79844]: {"path": "/srv/fim-watch/mmap_D_mmap_close_retardo_005ms_007.bin", "event_type": "file_modified", "event_id": "ce753dc6-2ff6-4785-9555-73ea6d718bc6", "event": "detector.change_detected", "level": "info", "timestamp": "2026-10-03T13:21:03.611967Z"}
Oct 03 10:21:03 fim-host fim-agent[79844]: {"event_id": "ce753dc6-2ff6-4785-9555-73ea6d718bc6", "event": "publisher.event_acked", "level": "info", "timestamp": "2026-10-03T13:21:03.622175Z"}
Oct 03 10:21:08 fim-host fim-agent[79844]: {"event_id": "ca328311-9126-4289-b634-fbca5227db3c", "path": "/srv/fim-watch/mmap_D_mmap_close_retardo_005ms_008.bin", "action": "alert_only", "action_failed": false, "event": "decision.evaluated", "level": "info", "timestamp": "2026-10-03T13:21:08.601916Z"}
Oct 03 10:21:08 fim-host fim-agent[79844]: {"event_id": "ca328311-9126-4289-b634-fbca5227db3c", "deferred": false, "event": "publisher.event_published", "level": "info", "timestamp": "2026-10-03T13:21:08.613187Z"}
Oct 03 10:21:08 fim-host fim-agent[79844]: {"path": "/srv/fim-watch/mmap_D_mmap_close_retardo_005ms_008.bin", "event_type": "file_modified", "event_id": "ca328311-9126-4289-b634-fbca5227db3c", "event": "detector.change_detected", "level": "info", "timestamp": "2026-10-03T13:21:08.618507Z"}
Oct 03 10:21:08 fim-host fim-agent[79844]: {"event_id": "ca328311-9126-4289-b634-fbca5227db3c", "event": "publisher.event_acked", "level": "info", "timestamp": "2026-10-03T13:21:08.623351Z"}
Oct 03 10:21:13 fim-host fim-agent[79844]: {"event_id": "cf2483c9-7e9e-4470-bea7-ba322141c7e8", "path": "/srv/fim-watch/mmap_D_mmap_close_retardo_005ms_008.bin", "action": "alert_only", "action_failed": false, "event": "decision.evaluated", "level": "info", "timestamp": "2026-10-03T13:21:13.605815Z"}
Oct 03 10:21:13 fim-host fim-agent[79844]: {"event_id": "cf2483c9-7e9e-4470-bea7-ba322141c7e8", "deferred": false, "event": "publisher.event_published", "level": "info", "timestamp": "2026-10-03T13:21:13.617087Z"}
Oct 03 10:21:13 fim-host fim-agent[79844]: {"path": "/srv/fim-watch/mmap_D_mmap_close_retardo_005ms_008.bin", "event_type": "file_modified", "event_id": "cf2483c9-7e9e-4470-bea7-ba322141c7e8", "event": "detector.change_detected", "level": "info", "timestamp": "2026-10-03T13:21:13.622953Z"}
Oct 03 10:21:13 fim-host fim-agent[79844]: {"event_id": "cf2483c9-7e9e-4470-bea7-ba322141c7e8", "event": "publisher.event_acked", "level": "info", "timestamp": "2026-10-03T13:21:13.630701Z"}
Oct 03 10:21:18 fim-host fim-agent[79844]: {"event_id": "311c8316-efa2-49e9-9487-288be30264f6", "path": "/srv/fim-watch/mmap_D_mmap_close_retardo_005ms_009.bin", "action": "alert_only", "action_failed": false, "event": "decision.evaluated", "level": "info", "timestamp": "2026-10-03T13:21:18.601669Z"}
Oct 03 10:21:18 fim-host fim-agent[79844]: {"event_id": "311c8316-efa2-49e9-9487-288be30264f6", "deferred": false, "event": "publisher.event_published", "level": "info", "timestamp": "2026-10-03T13:21:18.608592Z"}
Oct 03 10:21:18 fim-host fim-agent[79844]: {"path": "/srv/fim-watch/mmap_D_mmap_close_retardo_005ms_009.bin", "event_type": "file_modified", "event_id": "311c8316-efa2-49e9-9487-288be30264f6", "event": "detector.change_detected", "level": "info", "timestamp": "2026-10-03T13:21:18.611529Z"}
Oct 03 10:21:18 fim-host fim-agent[79844]: {"event_id": "311c8316-efa2-49e9-9487-288be30264f6", "event": "publisher.event_acked", "level": "info", "timestamp": "2026-10-03T13:21:18.613906Z"}
Oct 03 10:21:23 fim-host fim-agent[79844]: {"event_id": "8d0c1a95-2ad0-4413-8ec5-73893c64cabd", "path": "/srv/fim-watch/mmap_D_mmap_close_retardo_005ms_009.bin", "action": "alert_only", "action_failed": false, "event": "decision.evaluated", "level": "info", "timestamp": "2026-10-03T13:21:23.627927Z"}
Oct 03 10:21:23 fim-host fim-agent[79844]: {"event_id": "8d0c1a95-2ad0-4413-8ec5-73893c64cabd", "deferred": false, "event": "publisher.event_published", "level": "info", "timestamp": "2026-10-03T13:21:23.638995Z"}
Oct 03 10:21:23 fim-host fim-agent[79844]: {"path": "/srv/fim-watch/mmap_D_mmap_close_retardo_005ms_009.bin", "event_type": "file_modified", "event_id": "8d0c1a95-2ad0-4413-8ec5-73893c64cabd", "event": "detector.change_detected", "level": "info", "timestamp": "2026-10-03T13:21:23.644093Z"}
Oct 03 10:21:23 fim-host fim-agent[79844]: {"event_id": "8d0c1a95-2ad0-4413-8ec5-73893c64cabd", "event": "publisher.event_acked", "level": "info", "timestamp": "2026-10-03T13:21:23.651144Z"}
Oct 03 10:21:28 fim-host fim-agent[79844]: {"event_id": "4dc7829f-d8ce-4205-bb11-803387a43e52", "path": "/srv/fim-watch/mmap_D_mmap_close_retardo_005ms_010.bin", "action": "alert_only", "action_failed": false, "event": "decision.evaluated", "level": "info", "timestamp": "2026-10-03T13:21:28.631168Z"}
Oct 03 10:21:28 fim-host fim-agent[79844]: {"event_id": "4dc7829f-d8ce-4205-bb11-803387a43e52", "deferred": false, "event": "publisher.event_published", "level": "info", "timestamp": "2026-10-03T13:21:28.645115Z"}
Oct 03 10:21:28 fim-host fim-agent[79844]: {"path": "/srv/fim-watch/mmap_D_mmap_close_retardo_005ms_010.bin", "event_type": "file_modified", "event_id": "4dc7829f-d8ce-4205-bb11-803387a43e52", "event": "detector.change_detected", "level": "info", "timestamp": "2026-10-03T13:21:28.651818Z"}
Oct 03 10:21:28 fim-host fim-agent[79844]: {"event_id": "4dc7829f-d8ce-4205-bb11-803387a43e52", "event": "publisher.event_acked", "level": "info", "timestamp": "2026-10-03T13:21:28.655488Z"}
Oct 03 10:21:33 fim-host fim-agent[79844]: {"event_id": "853fb3ee-27de-42f6-9321-9ddabe2d91a9", "path": "/srv/fim-watch/mmap_D_mmap_close_retardo_005ms_010.bin", "action": "alert_only", "action_failed": false, "event": "decision.evaluated", "level": "info", "timestamp": "2026-10-03T13:21:33.644978Z"}
Oct 03 10:21:33 fim-host fim-agent[79844]: {"event_id": "853fb3ee-27de-42f6-9321-9ddabe2d91a9", "deferred": false, "event": "publisher.event_published", "level": "info", "timestamp": "2026-10-03T13:21:33.657687Z"}
Oct 03 10:21:33 fim-host fim-agent[79844]: {"path": "/srv/fim-watch/mmap_D_mmap_close_retardo_005ms_010.bin", "event_type": "file_modified", "event_id": "853fb3ee-27de-42f6-9321-9ddabe2d91a9", "event": "detector.change_detected", "level": "info", "timestamp": "2026-10-03T13:21:33.663486Z"}
Oct 03 10:21:33 fim-host fim-agent[79844]: {"event_id": "853fb3ee-27de-42f6-9321-9ddabe2d91a9", "event": "publisher.event_acked", "level": "info", "timestamp": "2026-10-03T13:21:33.669846Z"}
Oct 03 10:21:38 fim-host fim-agent[79844]: {"event_id": "1bd809ad-674b-402f-92bb-6fee94e3b71d", "path": "/srv/fim-watch/mmap_D_mmap_close_retardo_010ms_001.bin", "action": "alert_only", "action_failed": false, "event": "decision.evaluated", "level": "info", "timestamp": "2026-10-03T13:21:38.648720Z"}
Oct 03 10:21:38 fim-host fim-agent[79844]: {"event_id": "1bd809ad-674b-402f-92bb-6fee94e3b71d", "deferred": false, "event": "publisher.event_published", "level": "info", "timestamp": "2026-10-03T13:21:38.655748Z"}
Oct 03 10:21:38 fim-host fim-agent[79844]: {"path": "/srv/fim-watch/mmap_D_mmap_close_retardo_010ms_001.bin", "event_type": "file_modified", "event_id": "1bd809ad-674b-402f-92bb-6fee94e3b71d", "event": "detector.change_detected", "level": "info", "timestamp": "2026-10-03T13:21:38.658983Z"}
Oct 03 10:21:38 fim-host fim-agent[79844]: {"event_id": "1bd809ad-674b-402f-92bb-6fee94e3b71d", "event": "publisher.event_acked", "level": "info", "timestamp": "2026-10-03T13:21:38.665210Z"}
Oct 03 10:21:43 fim-host fim-agent[79844]: {"event_id": "07094302-3037-4302-9b9a-04ec4071e348", "path": "/srv/fim-watch/mmap_D_mmap_close_retardo_010ms_001.bin", "action": "alert_only", "action_failed": false, "event": "decision.evaluated", "level": "info", "timestamp": "2026-10-03T13:21:43.653260Z"}
Oct 03 10:21:43 fim-host fim-agent[79844]: {"event_id": "07094302-3037-4302-9b9a-04ec4071e348", "deferred": false, "event": "publisher.event_published", "level": "info", "timestamp": "2026-10-03T13:21:43.659835Z"}
Oct 03 10:21:43 fim-host fim-agent[79844]: {"path": "/srv/fim-watch/mmap_D_mmap_close_retardo_010ms_001.bin", "event_type": "file_modified", "event_id": "07094302-3037-4302-9b9a-04ec4071e348", "event": "detector.change_detected", "level": "info", "timestamp": "2026-10-03T13:21:43.662491Z"}
Oct 03 10:21:43 fim-host fim-agent[79844]: {"event_id": "07094302-3037-4302-9b9a-04ec4071e348", "event": "publisher.event_acked", "level": "info", "timestamp": "2026-10-03T13:21:43.668135Z"}
Oct 03 10:21:48 fim-host fim-agent[79844]: {"event_id": "9c04fb9a-617f-4858-a673-9fd83f4bfda7", "path": "/srv/fim-watch/mmap_D_mmap_close_retardo_010ms_002.bin", "action": "alert_only", "action_failed": false, "event": "decision.evaluated", "level": "info", "timestamp": "2026-10-03T13:21:48.664225Z"}
Oct 03 10:21:48 fim-host fim-agent[79844]: {"event_id": "9c04fb9a-617f-4858-a673-9fd83f4bfda7", "deferred": false, "event": "publisher.event_published", "level": "info", "timestamp": "2026-10-03T13:21:48.670173Z"}
Oct 03 10:21:48 fim-host fim-agent[79844]: {"path": "/srv/fim-watch/mmap_D_mmap_close_retardo_010ms_002.bin", "event_type": "file_modified", "event_id": "9c04fb9a-617f-4858-a673-9fd83f4bfda7", "event": "detector.change_detected", "level": "info", "timestamp": "2026-10-03T13:21:48.672642Z"}
Oct 03 10:21:48 fim-host fim-agent[79844]: {"event_id": "9c04fb9a-617f-4858-a673-9fd83f4bfda7", "event": "publisher.event_acked", "level": "info", "timestamp": "2026-10-03T13:21:48.677494Z"}
Oct 03 10:21:53 fim-host fim-agent[79844]: {"event_id": "68d18cee-453e-4dad-88e0-3427a585976c", "path": "/srv/fim-watch/mmap_D_mmap_close_retardo_010ms_002.bin", "action": "alert_only", "action_failed": false, "event": "decision.evaluated", "level": "info", "timestamp": "2026-10-03T13:21:53.676200Z"}
Oct 03 10:21:53 fim-host fim-agent[79844]: {"event_id": "68d18cee-453e-4dad-88e0-3427a585976c", "deferred": false, "event": "publisher.event_published", "level": "info", "timestamp": "2026-10-03T13:21:53.682352Z"}
Oct 03 10:21:53 fim-host fim-agent[79844]: {"path": "/srv/fim-watch/mmap_D_mmap_close_retardo_010ms_002.bin", "event_type": "file_modified", "event_id": "68d18cee-453e-4dad-88e0-3427a585976c", "event": "detector.change_detected", "level": "info", "timestamp": "2026-10-03T13:21:53.684695Z"}
Oct 03 10:21:53 fim-host fim-agent[79844]: {"event_id": "68d18cee-453e-4dad-88e0-3427a585976c", "event": "publisher.event_acked", "level": "info", "timestamp": "2026-10-03T13:21:53.689293Z"}
Oct 03 10:21:58 fim-host fim-agent[79844]: {"event_id": "ea4f74fd-21cc-4384-b99a-bdeb4054ab9f", "path": "/srv/fim-watch/mmap_D_mmap_close_retardo_010ms_003.bin", "action": "alert_only", "action_failed": false, "event": "decision.evaluated", "level": "info", "timestamp": "2026-10-03T13:21:58.689866Z"}
Oct 03 10:21:58 fim-host fim-agent[79844]: {"event_id": "ea4f74fd-21cc-4384-b99a-bdeb4054ab9f", "deferred": false, "event": "publisher.event_published", "level": "info", "timestamp": "2026-10-03T13:21:58.701325Z"}
Oct 03 10:21:58 fim-host fim-agent[79844]: {"path": "/srv/fim-watch/mmap_D_mmap_close_retardo_010ms_003.bin", "event_type": "file_modified", "event_id": "ea4f74fd-21cc-4384-b99a-bdeb4054ab9f", "event": "detector.change_detected", "level": "info", "timestamp": "2026-10-03T13:21:58.706667Z"}
Oct 03 10:21:58 fim-host fim-agent[79844]: {"event_id": "ea4f74fd-21cc-4384-b99a-bdeb4054ab9f", "event": "publisher.event_acked", "level": "info", "timestamp": "2026-10-03T13:21:58.715172Z"}
Oct 03 10:22:03 fim-host fim-agent[79844]: {"event_id": "63d97bd3-3dcb-4044-8fdc-15c1968124be", "path": "/srv/fim-watch/mmap_D_mmap_close_retardo_010ms_003.bin", "action": "alert_only", "action_failed": false, "event": "decision.evaluated", "level": "info", "timestamp": "2026-10-03T13:22:03.705829Z"}
Oct 03 10:22:03 fim-host fim-agent[79844]: {"event_id": "63d97bd3-3dcb-4044-8fdc-15c1968124be", "deferred": false, "event": "publisher.event_published", "level": "info", "timestamp": "2026-10-03T13:22:03.716509Z"}
Oct 03 10:22:03 fim-host fim-agent[79844]: {"path": "/srv/fim-watch/mmap_D_mmap_close_retardo_010ms_003.bin", "event_type": "file_modified", "event_id": "63d97bd3-3dcb-4044-8fdc-15c1968124be", "event": "detector.change_detected", "level": "info", "timestamp": "2026-10-03T13:22:03.721923Z"}
Oct 03 10:22:03 fim-host fim-agent[79844]: {"event_id": "63d97bd3-3dcb-4044-8fdc-15c1968124be", "event": "publisher.event_acked", "level": "info", "timestamp": "2026-10-03T13:22:03.731348Z"}
Oct 03 10:22:08 fim-host fim-agent[79844]: {"event_id": "bab6118f-9c5b-452e-aac5-c9787c8d9d9c", "path": "/srv/fim-watch/mmap_D_mmap_close_retardo_010ms_004.bin", "action": "alert_only", "action_failed": false, "event": "decision.evaluated", "level": "info", "timestamp": "2026-10-03T13:22:08.714466Z"}
Oct 03 10:22:08 fim-host fim-agent[79844]: {"event_id": "bab6118f-9c5b-452e-aac5-c9787c8d9d9c", "deferred": false, "event": "publisher.event_published", "level": "info", "timestamp": "2026-10-03T13:22:08.727294Z"}
Oct 03 10:22:08 fim-host fim-agent[79844]: {"path": "/srv/fim-watch/mmap_D_mmap_close_retardo_010ms_004.bin", "event_type": "file_modified", "event_id": "bab6118f-9c5b-452e-aac5-c9787c8d9d9c", "event": "detector.change_detected", "level": "info", "timestamp": "2026-10-03T13:22:08.732438Z"}
Oct 03 10:22:08 fim-host fim-agent[79844]: {"event_id": "bab6118f-9c5b-452e-aac5-c9787c8d9d9c", "event": "publisher.event_acked", "level": "info", "timestamp": "2026-10-03T13:22:08.740375Z"}
Oct 03 10:22:13 fim-host fim-agent[79844]: {"event_id": "06761ca5-b1bf-4a36-a1f5-eab39a1b11a6", "path": "/srv/fim-watch/mmap_D_mmap_close_retardo_010ms_004.bin", "action": "alert_only", "action_failed": false, "event": "decision.evaluated", "level": "info", "timestamp": "2026-10-03T13:22:13.731908Z"}
Oct 03 10:22:13 fim-host fim-agent[79844]: {"event_id": "06761ca5-b1bf-4a36-a1f5-eab39a1b11a6", "deferred": false, "event": "publisher.event_published", "level": "info", "timestamp": "2026-10-03T13:22:13.742925Z"}
Oct 03 10:22:13 fim-host fim-agent[79844]: {"path": "/srv/fim-watch/mmap_D_mmap_close_retardo_010ms_004.bin", "event_type": "file_modified", "event_id": "06761ca5-b1bf-4a36-a1f5-eab39a1b11a6", "event": "detector.change_detected", "level": "info", "timestamp": "2026-10-03T13:22:13.748422Z"}
Oct 03 10:22:13 fim-host fim-agent[79844]: {"event_id": "06761ca5-b1bf-4a36-a1f5-eab39a1b11a6", "event": "publisher.event_acked", "level": "info", "timestamp": "2026-10-03T13:22:13.756097Z"}
Oct 03 10:22:18 fim-host fim-agent[79844]: {"event_id": "3e88fcc9-8dce-41d8-9f08-567526b0f108", "path": "/srv/fim-watch/mmap_D_mmap_close_retardo_010ms_005.bin", "action": "alert_only", "action_failed": false, "event": "decision.evaluated", "level": "info", "timestamp": "2026-10-03T13:22:18.740924Z"}
Oct 03 10:22:18 fim-host fim-agent[79844]: {"event_id": "3e88fcc9-8dce-41d8-9f08-567526b0f108", "deferred": false, "event": "publisher.event_published", "level": "info", "timestamp": "2026-10-03T13:22:18.753807Z"}
Oct 03 10:22:18 fim-host fim-agent[79844]: {"path": "/srv/fim-watch/mmap_D_mmap_close_retardo_010ms_005.bin", "event_type": "file_modified", "event_id": "3e88fcc9-8dce-41d8-9f08-567526b0f108", "event": "detector.change_detected", "level": "info", "timestamp": "2026-10-03T13:22:18.758582Z"}
Oct 03 10:22:18 fim-host fim-agent[79844]: {"event_id": "3e88fcc9-8dce-41d8-9f08-567526b0f108", "event": "publisher.event_acked", "level": "info", "timestamp": "2026-10-03T13:22:18.768845Z"}
Oct 03 10:22:23 fim-host fim-agent[79844]: {"event_id": "95e663cc-2a1c-4f05-9980-4a565a6d9a30", "path": "/srv/fim-watch/mmap_D_mmap_close_retardo_010ms_005.bin", "action": "alert_only", "action_failed": false, "event": "decision.evaluated", "level": "info", "timestamp": "2026-10-03T13:22:23.755475Z"}
Oct 03 10:22:23 fim-host fim-agent[79844]: {"event_id": "95e663cc-2a1c-4f05-9980-4a565a6d9a30", "deferred": false, "event": "publisher.event_published", "level": "info", "timestamp": "2026-10-03T13:22:23.766791Z"}
Oct 03 10:22:23 fim-host fim-agent[79844]: {"path": "/srv/fim-watch/mmap_D_mmap_close_retardo_010ms_005.bin", "event_type": "file_modified", "event_id": "95e663cc-2a1c-4f05-9980-4a565a6d9a30", "event": "detector.change_detected", "level": "info", "timestamp": "2026-10-03T13:22:23.770524Z"}
Oct 03 10:22:23 fim-host fim-agent[79844]: {"event_id": "95e663cc-2a1c-4f05-9980-4a565a6d9a30", "event": "publisher.event_acked", "level": "info", "timestamp": "2026-10-03T13:22:23.778949Z"}
Oct 03 10:22:28 fim-host fim-agent[79844]: {"event_id": "c5fbc473-94aa-41a5-afbb-9b0fe2b5a8ee", "path": "/srv/fim-watch/mmap_D_mmap_close_retardo_010ms_006.bin", "action": "alert_only", "action_failed": false, "event": "decision.evaluated", "level": "info", "timestamp": "2026-10-03T13:22:28.766176Z"}
Oct 03 10:22:28 fim-host fim-agent[79844]: {"event_id": "c5fbc473-94aa-41a5-afbb-9b0fe2b5a8ee", "deferred": false, "event": "publisher.event_published", "level": "info", "timestamp": "2026-10-03T13:22:28.779060Z"}
Oct 03 10:22:28 fim-host fim-agent[79844]: {"path": "/srv/fim-watch/mmap_D_mmap_close_retardo_010ms_006.bin", "event_type": "file_modified", "event_id": "c5fbc473-94aa-41a5-afbb-9b0fe2b5a8ee", "event": "detector.change_detected", "level": "info", "timestamp": "2026-10-03T13:22:28.784031Z"}
Oct 03 10:22:28 fim-host fim-agent[79844]: {"event_id": "c5fbc473-94aa-41a5-afbb-9b0fe2b5a8ee", "event": "publisher.event_acked", "level": "info", "timestamp": "2026-10-03T13:22:28.791120Z"}
Oct 03 10:22:33 fim-host fim-agent[79844]: {"event_id": "c13c108c-0ce8-4623-bb08-743c6b3e7227", "path": "/srv/fim-watch/mmap_D_mmap_close_retardo_010ms_006.bin", "action": "alert_only", "action_failed": false, "event": "decision.evaluated", "level": "info", "timestamp": "2026-10-03T13:22:33.782189Z"}
Oct 03 10:22:33 fim-host fim-agent[79844]: {"event_id": "c13c108c-0ce8-4623-bb08-743c6b3e7227", "deferred": false, "event": "publisher.event_published", "level": "info", "timestamp": "2026-10-03T13:22:33.789476Z"}
Oct 03 10:22:33 fim-host fim-agent[79844]: {"path": "/srv/fim-watch/mmap_D_mmap_close_retardo_010ms_006.bin", "event_type": "file_modified", "event_id": "c13c108c-0ce8-4623-bb08-743c6b3e7227", "event": "detector.change_detected", "level": "info", "timestamp": "2026-10-03T13:22:33.792763Z"}
Oct 03 10:22:33 fim-host fim-agent[79844]: {"event_id": "c13c108c-0ce8-4623-bb08-743c6b3e7227", "event": "publisher.event_acked", "level": "info", "timestamp": "2026-10-03T13:22:33.802592Z"}
Oct 03 10:22:38 fim-host fim-agent[79844]: {"event_id": "85462e70-60e4-4407-8f63-be7adefa2cd8", "path": "/srv/fim-watch/mmap_D_mmap_close_retardo_010ms_007.bin", "action": "alert_only", "action_failed": false, "event": "decision.evaluated", "level": "info", "timestamp": "2026-10-03T13:22:38.792336Z"}
Oct 03 10:22:38 fim-host fim-agent[79844]: {"event_id": "85462e70-60e4-4407-8f63-be7adefa2cd8", "deferred": false, "event": "publisher.event_published", "level": "info", "timestamp": "2026-10-03T13:22:38.803944Z"}
Oct 03 10:22:38 fim-host fim-agent[79844]: {"path": "/srv/fim-watch/mmap_D_mmap_close_retardo_010ms_007.bin", "event_type": "file_modified", "event_id": "85462e70-60e4-4407-8f63-be7adefa2cd8", "event": "detector.change_detected", "level": "info", "timestamp": "2026-10-03T13:22:38.809108Z"}
Oct 03 10:22:38 fim-host fim-agent[79844]: {"event_id": "85462e70-60e4-4407-8f63-be7adefa2cd8", "event": "publisher.event_acked", "level": "info", "timestamp": "2026-10-03T13:22:38.813488Z"}
Oct 03 10:22:43 fim-host fim-agent[79844]: {"event_id": "816136dc-2142-4dab-97c8-d62d6f1b8c01", "path": "/srv/fim-watch/mmap_D_mmap_close_retardo_010ms_007.bin", "action": "alert_only", "action_failed": false, "event": "decision.evaluated", "level": "info", "timestamp": "2026-10-03T13:22:43.805682Z"}
Oct 03 10:22:43 fim-host fim-agent[79844]: {"event_id": "816136dc-2142-4dab-97c8-d62d6f1b8c01", "deferred": false, "event": "publisher.event_published", "level": "info", "timestamp": "2026-10-03T13:22:43.817464Z"}
Oct 03 10:22:43 fim-host fim-agent[79844]: {"path": "/srv/fim-watch/mmap_D_mmap_close_retardo_010ms_007.bin", "event_type": "file_modified", "event_id": "816136dc-2142-4dab-97c8-d62d6f1b8c01", "event": "detector.change_detected", "level": "info", "timestamp": "2026-10-03T13:22:43.823476Z"}
Oct 03 10:22:43 fim-host fim-agent[79844]: {"event_id": "816136dc-2142-4dab-97c8-d62d6f1b8c01", "event": "publisher.event_acked", "level": "info", "timestamp": "2026-10-03T13:22:43.829556Z"}
Oct 03 10:22:48 fim-host fim-agent[79844]: {"event_id": "2fb44e23-611e-42db-b630-b7d01f91f0e2", "path": "/srv/fim-watch/mmap_D_mmap_close_retardo_010ms_008.bin", "action": "alert_only", "action_failed": false, "event": "decision.evaluated", "level": "info", "timestamp": "2026-10-03T13:22:48.810210Z"}
Oct 03 10:22:48 fim-host fim-agent[79844]: {"event_id": "2fb44e23-611e-42db-b630-b7d01f91f0e2", "deferred": false, "event": "publisher.event_published", "level": "info", "timestamp": "2026-10-03T13:22:48.817468Z"}
Oct 03 10:22:48 fim-host fim-agent[79844]: {"path": "/srv/fim-watch/mmap_D_mmap_close_retardo_010ms_008.bin", "event_type": "file_modified", "event_id": "2fb44e23-611e-42db-b630-b7d01f91f0e2", "event": "detector.change_detected", "level": "info", "timestamp": "2026-10-03T13:22:48.821062Z"}
Oct 03 10:22:48 fim-host fim-agent[79844]: {"event_id": "2fb44e23-611e-42db-b630-b7d01f91f0e2", "event": "publisher.event_acked", "level": "info", "timestamp": "2026-10-03T13:22:48.825607Z"}
Oct 03 10:22:53 fim-host fim-agent[79844]: {"event_id": "fd21570c-22b9-4716-b030-ddece263e06f", "path": "/srv/fim-watch/mmap_D_mmap_close_retardo_010ms_008.bin", "action": "alert_only", "action_failed": false, "event": "decision.evaluated", "level": "info", "timestamp": "2026-10-03T13:22:53.830002Z"}
Oct 03 10:22:53 fim-host fim-agent[79844]: {"event_id": "fd21570c-22b9-4716-b030-ddece263e06f", "deferred": false, "event": "publisher.event_published", "level": "info", "timestamp": "2026-10-03T13:22:53.841817Z"}
Oct 03 10:22:53 fim-host fim-agent[79844]: {"path": "/srv/fim-watch/mmap_D_mmap_close_retardo_010ms_008.bin", "event_type": "file_modified", "event_id": "fd21570c-22b9-4716-b030-ddece263e06f", "event": "detector.change_detected", "level": "info", "timestamp": "2026-10-03T13:22:53.846894Z"}
Oct 03 10:22:53 fim-host fim-agent[79844]: {"event_id": "fd21570c-22b9-4716-b030-ddece263e06f", "event": "publisher.event_acked", "level": "info", "timestamp": "2026-10-03T13:22:53.855475Z"}
Oct 03 10:22:58 fim-host fim-agent[79844]: {"event_id": "67307703-fe69-485f-813e-76a203ab0c22", "path": "/srv/fim-watch/mmap_D_mmap_close_retardo_010ms_009.bin", "action": "alert_only", "action_failed": false, "event": "decision.evaluated", "level": "info", "timestamp": "2026-10-03T13:22:58.834656Z"}
Oct 03 10:22:58 fim-host fim-agent[79844]: {"event_id": "67307703-fe69-485f-813e-76a203ab0c22", "deferred": false, "event": "publisher.event_published", "level": "info", "timestamp": "2026-10-03T13:22:58.841446Z"}
Oct 03 10:22:58 fim-host fim-agent[79844]: {"path": "/srv/fim-watch/mmap_D_mmap_close_retardo_010ms_009.bin", "event_type": "file_modified", "event_id": "67307703-fe69-485f-813e-76a203ab0c22", "event": "detector.change_detected", "level": "info", "timestamp": "2026-10-03T13:22:58.844227Z"}
Oct 03 10:22:58 fim-host fim-agent[79844]: {"event_id": "67307703-fe69-485f-813e-76a203ab0c22", "event": "publisher.event_acked", "level": "info", "timestamp": "2026-10-03T13:22:58.847719Z"}
Oct 03 10:23:03 fim-host fim-agent[79844]: {"event_id": "c4a58d34-225d-4a03-a59e-9ec2c741e87f", "path": "/srv/fim-watch/mmap_D_mmap_close_retardo_010ms_009.bin", "action": "alert_only", "action_failed": false, "event": "decision.evaluated", "level": "info", "timestamp": "2026-10-03T13:23:03.847972Z"}
Oct 03 10:23:03 fim-host fim-agent[79844]: {"event_id": "c4a58d34-225d-4a03-a59e-9ec2c741e87f", "deferred": false, "event": "publisher.event_published", "level": "info", "timestamp": "2026-10-03T13:23:03.854670Z"}
Oct 03 10:23:03 fim-host fim-agent[79844]: {"path": "/srv/fim-watch/mmap_D_mmap_close_retardo_010ms_009.bin", "event_type": "file_modified", "event_id": "c4a58d34-225d-4a03-a59e-9ec2c741e87f", "event": "detector.change_detected", "level": "info", "timestamp": "2026-10-03T13:23:03.857612Z"}
Oct 03 10:23:03 fim-host fim-agent[79844]: {"event_id": "c4a58d34-225d-4a03-a59e-9ec2c741e87f", "event": "publisher.event_acked", "level": "info", "timestamp": "2026-10-03T13:23:03.862057Z"}
Oct 03 10:23:08 fim-host fim-agent[79844]: {"event_id": "a97a6011-d295-4d9e-953c-dd7403cf79e0", "path": "/srv/fim-watch/mmap_D_mmap_close_retardo_010ms_010.bin", "action": "alert_only", "action_failed": false, "event": "decision.evaluated", "level": "info", "timestamp": "2026-10-03T13:23:08.858261Z"}
Oct 03 10:23:08 fim-host fim-agent[79844]: {"event_id": "a97a6011-d295-4d9e-953c-dd7403cf79e0", "deferred": false, "event": "publisher.event_published", "level": "info", "timestamp": "2026-10-03T13:23:08.865420Z"}
Oct 03 10:23:08 fim-host fim-agent[79844]: {"path": "/srv/fim-watch/mmap_D_mmap_close_retardo_010ms_010.bin", "event_type": "file_modified", "event_id": "a97a6011-d295-4d9e-953c-dd7403cf79e0", "event": "detector.change_detected", "level": "info", "timestamp": "2026-10-03T13:23:08.869028Z"}
Oct 03 10:23:08 fim-host fim-agent[79844]: {"event_id": "a97a6011-d295-4d9e-953c-dd7403cf79e0", "event": "publisher.event_acked", "level": "info", "timestamp": "2026-10-03T13:23:08.875650Z"}
Oct 03 10:23:13 fim-host fim-agent[79844]: {"event_id": "052b4c1c-241e-4179-9a71-33dcfab8d143", "path": "/srv/fim-watch/mmap_D_mmap_close_retardo_010ms_010.bin", "action": "alert_only", "action_failed": false, "event": "decision.evaluated", "level": "info", "timestamp": "2026-10-03T13:23:13.871133Z"}
Oct 03 10:23:13 fim-host fim-agent[79844]: {"event_id": "052b4c1c-241e-4179-9a71-33dcfab8d143", "deferred": false, "event": "publisher.event_published", "level": "info", "timestamp": "2026-10-03T13:23:13.878491Z"}
Oct 03 10:23:13 fim-host fim-agent[79844]: {"path": "/srv/fim-watch/mmap_D_mmap_close_retardo_010ms_010.bin", "event_type": "file_modified", "event_id": "052b4c1c-241e-4179-9a71-33dcfab8d143", "event": "detector.change_detected", "level": "info", "timestamp": "2026-10-03T13:23:13.881378Z"}
Oct 03 10:23:13 fim-host fim-agent[79844]: {"event_id": "052b4c1c-241e-4179-9a71-33dcfab8d143", "event": "publisher.event_acked", "level": "info", "timestamp": "2026-10-03T13:23:13.889627Z"}
Oct 03 10:23:18 fim-host fim-agent[79844]: {"event_id": "7cde199b-c8d8-4a9b-a9bf-9baff8a31921", "path": "/srv/fim-watch/mmap_D_mmap_close_retardo_020ms_001.bin", "action": "alert_only", "action_failed": false, "event": "decision.evaluated", "level": "info", "timestamp": "2026-10-03T13:23:18.885880Z"}
Oct 03 10:23:18 fim-host fim-agent[79844]: {"event_id": "7cde199b-c8d8-4a9b-a9bf-9baff8a31921", "deferred": false, "event": "publisher.event_published", "level": "info", "timestamp": "2026-10-03T13:23:18.898483Z"}
Oct 03 10:23:18 fim-host fim-agent[79844]: {"path": "/srv/fim-watch/mmap_D_mmap_close_retardo_020ms_001.bin", "event_type": "file_modified", "event_id": "7cde199b-c8d8-4a9b-a9bf-9baff8a31921", "event": "detector.change_detected", "level": "info", "timestamp": "2026-10-03T13:23:18.903782Z"}
Oct 03 10:23:18 fim-host fim-agent[79844]: {"event_id": "7cde199b-c8d8-4a9b-a9bf-9baff8a31921", "event": "publisher.event_acked", "level": "info", "timestamp": "2026-10-03T13:23:18.912238Z"}
Oct 03 10:23:23 fim-host fim-agent[79844]: {"event_id": "ee8eb64d-cf03-4737-a5db-57eecc7b7f6b", "path": "/srv/fim-watch/mmap_D_mmap_close_retardo_020ms_001.bin", "action": "alert_only", "action_failed": false, "event": "decision.evaluated", "level": "info", "timestamp": "2026-10-03T13:23:23.910665Z"}
Oct 03 10:23:23 fim-host fim-agent[79844]: {"event_id": "ee8eb64d-cf03-4737-a5db-57eecc7b7f6b", "deferred": false, "event": "publisher.event_published", "level": "info", "timestamp": "2026-10-03T13:23:23.923503Z"}
Oct 03 10:23:23 fim-host fim-agent[79844]: {"path": "/srv/fim-watch/mmap_D_mmap_close_retardo_020ms_001.bin", "event_type": "file_modified", "event_id": "ee8eb64d-cf03-4737-a5db-57eecc7b7f6b", "event": "detector.change_detected", "level": "info", "timestamp": "2026-10-03T13:23:23.928468Z"}
Oct 03 10:23:23 fim-host fim-agent[79844]: {"event_id": "ee8eb64d-cf03-4737-a5db-57eecc7b7f6b", "event": "publisher.event_acked", "level": "info", "timestamp": "2026-10-03T13:23:23.934286Z"}
Oct 03 10:23:28 fim-host fim-agent[79844]: {"event_id": "06b53bbd-85f0-4181-9985-88c6b7966ff9", "path": "/srv/fim-watch/mmap_D_mmap_close_retardo_020ms_002.bin", "action": "alert_only", "action_failed": false, "event": "decision.evaluated", "level": "info", "timestamp": "2026-10-03T13:23:28.921050Z"}
Oct 03 10:23:28 fim-host fim-agent[79844]: {"event_id": "06b53bbd-85f0-4181-9985-88c6b7966ff9", "deferred": false, "event": "publisher.event_published", "level": "info", "timestamp": "2026-10-03T13:23:28.933711Z"}
Oct 03 10:23:28 fim-host fim-agent[79844]: {"path": "/srv/fim-watch/mmap_D_mmap_close_retardo_020ms_002.bin", "event_type": "file_modified", "event_id": "06b53bbd-85f0-4181-9985-88c6b7966ff9", "event": "detector.change_detected", "level": "info", "timestamp": "2026-10-03T13:23:28.939340Z"}
Oct 03 10:23:28 fim-host fim-agent[79844]: {"event_id": "06b53bbd-85f0-4181-9985-88c6b7966ff9", "event": "publisher.event_acked", "level": "info", "timestamp": "2026-10-03T13:23:28.947511Z"}
Oct 03 10:23:33 fim-host fim-agent[79844]: {"event_id": "973e2b4d-eb8d-40d3-942d-856eaba8996a", "path": "/srv/fim-watch/mmap_D_mmap_close_retardo_020ms_002.bin", "action": "alert_only", "action_failed": false, "event": "decision.evaluated", "level": "info", "timestamp": "2026-10-03T13:23:33.944106Z"}
Oct 03 10:23:33 fim-host fim-agent[79844]: {"event_id": "973e2b4d-eb8d-40d3-942d-856eaba8996a", "deferred": false, "event": "publisher.event_published", "level": "info", "timestamp": "2026-10-03T13:23:33.957075Z"}
Oct 03 10:23:33 fim-host fim-agent[79844]: {"path": "/srv/fim-watch/mmap_D_mmap_close_retardo_020ms_002.bin", "event_type": "file_modified", "event_id": "973e2b4d-eb8d-40d3-942d-856eaba8996a", "event": "detector.change_detected", "level": "info", "timestamp": "2026-10-03T13:23:33.962383Z"}
Oct 03 10:23:33 fim-host fim-agent[79844]: {"event_id": "973e2b4d-eb8d-40d3-942d-856eaba8996a", "event": "publisher.event_acked", "level": "info", "timestamp": "2026-10-03T13:23:33.970487Z"}
Oct 03 10:23:38 fim-host fim-agent[79844]: {"event_id": "1fe545fc-dd76-4fd4-9565-d008e36e537d", "path": "/srv/fim-watch/mmap_D_mmap_close_retardo_020ms_003.bin", "action": "alert_only", "action_failed": false, "event": "decision.evaluated", "level": "info", "timestamp": "2026-10-03T13:23:38.955125Z"}
Oct 03 10:23:38 fim-host fim-agent[79844]: {"event_id": "1fe545fc-dd76-4fd4-9565-d008e36e537d", "deferred": false, "event": "publisher.event_published", "level": "info", "timestamp": "2026-10-03T13:23:38.967621Z"}
Oct 03 10:23:38 fim-host fim-agent[79844]: {"path": "/srv/fim-watch/mmap_D_mmap_close_retardo_020ms_003.bin", "event_type": "file_modified", "event_id": "1fe545fc-dd76-4fd4-9565-d008e36e537d", "event": "detector.change_detected", "level": "info", "timestamp": "2026-10-03T13:23:38.972870Z"}
Oct 03 10:23:38 fim-host fim-agent[79844]: {"event_id": "1fe545fc-dd76-4fd4-9565-d008e36e537d", "event": "publisher.event_acked", "level": "info", "timestamp": "2026-10-03T13:23:38.978115Z"}
Oct 03 10:23:43 fim-host fim-agent[79844]: {"event_id": "7cc03c4f-fd4a-4e3d-a1fe-52451a983126", "path": "/srv/fim-watch/mmap_D_mmap_close_retardo_020ms_003.bin", "action": "alert_only", "action_failed": false, "event": "decision.evaluated", "level": "info", "timestamp": "2026-10-03T13:23:43.974207Z"}
Oct 03 10:23:43 fim-host fim-agent[79844]: {"event_id": "7cc03c4f-fd4a-4e3d-a1fe-52451a983126", "deferred": false, "event": "publisher.event_published", "level": "info", "timestamp": "2026-10-03T13:23:43.984466Z"}
Oct 03 10:23:43 fim-host fim-agent[79844]: {"path": "/srv/fim-watch/mmap_D_mmap_close_retardo_020ms_003.bin", "event_type": "file_modified", "event_id": "7cc03c4f-fd4a-4e3d-a1fe-52451a983126", "event": "detector.change_detected", "level": "info", "timestamp": "2026-10-03T13:23:43.989643Z"}
Oct 03 10:23:43 fim-host fim-agent[79844]: {"event_id": "7cc03c4f-fd4a-4e3d-a1fe-52451a983126", "event": "publisher.event_acked", "level": "info", "timestamp": "2026-10-03T13:23:43.997157Z"}
Oct 03 10:23:48 fim-host fim-agent[79844]: {"event_id": "f0436aee-4526-40a4-a98b-9895103e1617", "path": "/srv/fim-watch/mmap_D_mmap_close_retardo_020ms_004.bin", "action": "alert_only", "action_failed": false, "event": "decision.evaluated", "level": "info", "timestamp": "2026-10-03T13:23:48.984116Z"}
Oct 03 10:23:48 fim-host fim-agent[79844]: {"event_id": "f0436aee-4526-40a4-a98b-9895103e1617", "deferred": false, "event": "publisher.event_published", "level": "info", "timestamp": "2026-10-03T13:23:48.994036Z"}
Oct 03 10:23:48 fim-host fim-agent[79844]: {"path": "/srv/fim-watch/mmap_D_mmap_close_retardo_020ms_004.bin", "event_type": "file_modified", "event_id": "f0436aee-4526-40a4-a98b-9895103e1617", "event": "detector.change_detected", "level": "info", "timestamp": "2026-10-03T13:23:48.997642Z"}
Oct 03 10:23:49 fim-host fim-agent[79844]: {"event_id": "f0436aee-4526-40a4-a98b-9895103e1617", "event": "publisher.event_acked", "level": "info", "timestamp": "2026-10-03T13:23:49.006501Z"}
Oct 03 10:23:54 fim-host fim-agent[79844]: {"event_id": "9565e84d-d6c3-473d-ab09-a70da419ecd1", "path": "/srv/fim-watch/mmap_D_mmap_close_retardo_020ms_004.bin", "action": "alert_only", "action_failed": false, "event": "decision.evaluated", "level": "info", "timestamp": "2026-10-03T13:23:54.006536Z"}
Oct 03 10:23:54 fim-host fim-agent[79844]: {"event_id": "9565e84d-d6c3-473d-ab09-a70da419ecd1", "deferred": false, "event": "publisher.event_published", "level": "info", "timestamp": "2026-10-03T13:23:54.013199Z"}
Oct 03 10:23:54 fim-host fim-agent[79844]: {"path": "/srv/fim-watch/mmap_D_mmap_close_retardo_020ms_004.bin", "event_type": "file_modified", "event_id": "9565e84d-d6c3-473d-ab09-a70da419ecd1", "event": "detector.change_detected", "level": "info", "timestamp": "2026-10-03T13:23:54.015786Z"}
Oct 03 10:23:54 fim-host fim-agent[79844]: {"event_id": "9565e84d-d6c3-473d-ab09-a70da419ecd1", "event": "publisher.event_acked", "level": "info", "timestamp": "2026-10-03T13:23:54.020554Z"}
Oct 03 10:23:59 fim-host fim-agent[79844]: {"event_id": "c85eb37b-e13c-4108-91f6-c2efb14feed9", "path": "/srv/fim-watch/mmap_D_mmap_close_retardo_020ms_005.bin", "action": "alert_only", "action_failed": false, "event": "decision.evaluated", "level": "info", "timestamp": "2026-10-03T13:23:59.022489Z"}
Oct 03 10:23:59 fim-host fim-agent[79844]: {"event_id": "c85eb37b-e13c-4108-91f6-c2efb14feed9", "deferred": false, "event": "publisher.event_published", "level": "info", "timestamp": "2026-10-03T13:23:59.038438Z"}
Oct 03 10:23:59 fim-host fim-agent[79844]: {"path": "/srv/fim-watch/mmap_D_mmap_close_retardo_020ms_005.bin", "event_type": "file_created", "event_id": "c85eb37b-e13c-4108-91f6-c2efb14feed9", "event": "detector.change_detected", "level": "info", "timestamp": "2026-10-03T13:23:59.042850Z"}
Oct 03 10:23:59 fim-host fim-agent[79844]: {"event_id": "c85eb37b-e13c-4108-91f6-c2efb14feed9", "event": "publisher.event_acked", "level": "info", "timestamp": "2026-10-03T13:23:59.049648Z"}
Oct 03 10:24:04 fim-host fim-agent[79844]: {"event_id": "f3243994-d4fa-4efe-9988-03c1955bf6b7", "path": "/srv/fim-watch/mmap_D_mmap_close_retardo_020ms_005.bin", "action": "alert_only", "action_failed": false, "event": "decision.evaluated", "level": "info", "timestamp": "2026-10-03T13:24:04.046927Z"}
Oct 03 10:24:04 fim-host fim-agent[79844]: {"event_id": "f3243994-d4fa-4efe-9988-03c1955bf6b7", "deferred": false, "event": "publisher.event_published", "level": "info", "timestamp": "2026-10-03T13:24:04.062375Z"}
Oct 03 10:24:04 fim-host fim-agent[79844]: {"path": "/srv/fim-watch/mmap_D_mmap_close_retardo_020ms_005.bin", "event_type": "file_modified", "event_id": "f3243994-d4fa-4efe-9988-03c1955bf6b7", "event": "detector.change_detected", "level": "info", "timestamp": "2026-10-03T13:24:04.067571Z"}
Oct 03 10:24:04 fim-host fim-agent[79844]: {"event_id": "f3243994-d4fa-4efe-9988-03c1955bf6b7", "event": "publisher.event_acked", "level": "info", "timestamp": "2026-10-03T13:24:04.075847Z"}
Oct 03 10:24:09 fim-host fim-agent[79844]: {"event_id": "1d5d2d98-fc03-4741-b1d3-2620341d962a", "path": "/srv/fim-watch/mmap_D_mmap_close_retardo_020ms_006.bin", "action": "alert_only", "action_failed": false, "event": "decision.evaluated", "level": "info", "timestamp": "2026-10-03T13:24:09.056402Z"}
Oct 03 10:24:09 fim-host fim-agent[79844]: {"event_id": "1d5d2d98-fc03-4741-b1d3-2620341d962a", "deferred": false, "event": "publisher.event_published", "level": "info", "timestamp": "2026-10-03T13:24:09.068718Z"}
Oct 03 10:24:09 fim-host fim-agent[79844]: {"path": "/srv/fim-watch/mmap_D_mmap_close_retardo_020ms_006.bin", "event_type": "file_modified", "event_id": "1d5d2d98-fc03-4741-b1d3-2620341d962a", "event": "detector.change_detected", "level": "info", "timestamp": "2026-10-03T13:24:09.073823Z"}
Oct 03 10:24:09 fim-host fim-agent[79844]: {"event_id": "1d5d2d98-fc03-4741-b1d3-2620341d962a", "event": "publisher.event_acked", "level": "info", "timestamp": "2026-10-03T13:24:09.081015Z"}
Oct 03 10:24:14 fim-host fim-agent[79844]: {"event_id": "b41e612c-2971-493a-9c06-6c1064578c4f", "path": "/srv/fim-watch/mmap_D_mmap_close_retardo_020ms_006.bin", "action": "alert_only", "action_failed": false, "event": "decision.evaluated", "level": "info", "timestamp": "2026-10-03T13:24:14.078199Z"}
Oct 03 10:24:14 fim-host fim-agent[79844]: {"event_id": "b41e612c-2971-493a-9c06-6c1064578c4f", "deferred": false, "event": "publisher.event_published", "level": "info", "timestamp": "2026-10-03T13:24:14.088883Z"}
Oct 03 10:24:14 fim-host fim-agent[79844]: {"path": "/srv/fim-watch/mmap_D_mmap_close_retardo_020ms_006.bin", "event_type": "file_modified", "event_id": "b41e612c-2971-493a-9c06-6c1064578c4f", "event": "detector.change_detected", "level": "info", "timestamp": "2026-10-03T13:24:14.094051Z"}
Oct 03 10:24:14 fim-host fim-agent[79844]: {"event_id": "b41e612c-2971-493a-9c06-6c1064578c4f", "event": "publisher.event_acked", "level": "info", "timestamp": "2026-10-03T13:24:14.101503Z"}
Oct 03 10:24:19 fim-host fim-agent[79844]: {"event_id": "75753be9-ed3d-4c22-bf3f-0921ab985b09", "path": "/srv/fim-watch/mmap_D_mmap_close_retardo_020ms_007.bin", "action": "alert_only", "action_failed": false, "event": "decision.evaluated", "level": "info", "timestamp": "2026-10-03T13:24:19.083540Z"}
Oct 03 10:24:19 fim-host fim-agent[79844]: {"event_id": "75753be9-ed3d-4c22-bf3f-0921ab985b09", "deferred": false, "event": "publisher.event_published", "level": "info", "timestamp": "2026-10-03T13:24:19.090870Z"}
Oct 03 10:24:19 fim-host fim-agent[79844]: {"path": "/srv/fim-watch/mmap_D_mmap_close_retardo_020ms_007.bin", "event_type": "file_modified", "event_id": "75753be9-ed3d-4c22-bf3f-0921ab985b09", "event": "detector.change_detected", "level": "info", "timestamp": "2026-10-03T13:24:19.093494Z"}
Oct 03 10:24:19 fim-host fim-agent[79844]: {"event_id": "75753be9-ed3d-4c22-bf3f-0921ab985b09", "event": "publisher.event_acked", "level": "info", "timestamp": "2026-10-03T13:24:19.096497Z"}
Oct 03 10:24:24 fim-host fim-agent[79844]: {"event_id": "9e605a49-affa-4bd6-9abc-3290612d0210", "path": "/srv/fim-watch/mmap_D_mmap_close_retardo_020ms_007.bin", "action": "alert_only", "action_failed": false, "event": "decision.evaluated", "level": "info", "timestamp": "2026-10-03T13:24:24.098209Z"}
Oct 03 10:24:24 fim-host fim-agent[79844]: {"event_id": "9e605a49-affa-4bd6-9abc-3290612d0210", "deferred": false, "event": "publisher.event_published", "level": "info", "timestamp": "2026-10-03T13:24:24.105885Z"}
Oct 03 10:24:24 fim-host fim-agent[79844]: {"path": "/srv/fim-watch/mmap_D_mmap_close_retardo_020ms_007.bin", "event_type": "file_modified", "event_id": "9e605a49-affa-4bd6-9abc-3290612d0210", "event": "detector.change_detected", "level": "info", "timestamp": "2026-10-03T13:24:24.109170Z"}
Oct 03 10:24:24 fim-host fim-agent[79844]: {"event_id": "9e605a49-affa-4bd6-9abc-3290612d0210", "event": "publisher.event_acked", "level": "info", "timestamp": "2026-10-03T13:24:24.113991Z"}
Oct 03 10:24:29 fim-host fim-agent[79844]: {"event_id": "8f9e93ae-d7ae-4feb-b4b0-c1c27703b5e8", "path": "/srv/fim-watch/mmap_D_mmap_close_retardo_020ms_008.bin", "action": "alert_only", "action_failed": false, "event": "decision.evaluated", "level": "info", "timestamp": "2026-10-03T13:24:29.113109Z"}
Oct 03 10:24:29 fim-host fim-agent[79844]: {"event_id": "8f9e93ae-d7ae-4feb-b4b0-c1c27703b5e8", "deferred": false, "event": "publisher.event_published", "level": "info", "timestamp": "2026-10-03T13:24:29.122250Z"}
Oct 03 10:24:29 fim-host fim-agent[79844]: {"path": "/srv/fim-watch/mmap_D_mmap_close_retardo_020ms_008.bin", "event_type": "file_modified", "event_id": "8f9e93ae-d7ae-4feb-b4b0-c1c27703b5e8", "event": "detector.change_detected", "level": "info", "timestamp": "2026-10-03T13:24:29.125332Z"}
Oct 03 10:24:29 fim-host fim-agent[79844]: {"event_id": "8f9e93ae-d7ae-4feb-b4b0-c1c27703b5e8", "event": "publisher.event_acked", "level": "info", "timestamp": "2026-10-03T13:24:29.130292Z"}
Oct 03 10:24:34 fim-host fim-agent[79844]: {"event_id": "8ab6abef-2f5d-4bf4-9a7f-5d0577c702c9", "path": "/srv/fim-watch/mmap_D_mmap_close_retardo_020ms_008.bin", "action": "alert_only", "action_failed": false, "event": "decision.evaluated", "level": "info", "timestamp": "2026-10-03T13:24:34.138666Z"}
Oct 03 10:24:34 fim-host fim-agent[79844]: {"event_id": "8ab6abef-2f5d-4bf4-9a7f-5d0577c702c9", "deferred": false, "event": "publisher.event_published", "level": "info", "timestamp": "2026-10-03T13:24:34.151397Z"}
Oct 03 10:24:34 fim-host fim-agent[79844]: {"path": "/srv/fim-watch/mmap_D_mmap_close_retardo_020ms_008.bin", "event_type": "file_modified", "event_id": "8ab6abef-2f5d-4bf4-9a7f-5d0577c702c9", "event": "detector.change_detected", "level": "info", "timestamp": "2026-10-03T13:24:34.156912Z"}
Oct 03 10:24:34 fim-host fim-agent[79844]: {"event_id": "8ab6abef-2f5d-4bf4-9a7f-5d0577c702c9", "event": "publisher.event_acked", "level": "info", "timestamp": "2026-10-03T13:24:34.164088Z"}
Oct 03 10:24:39 fim-host fim-agent[79844]: {"event_id": "d449c808-955d-44c8-b918-55b52859f855", "path": "/srv/fim-watch/mmap_D_mmap_close_retardo_020ms_009.bin", "action": "alert_only", "action_failed": false, "event": "decision.evaluated", "level": "info", "timestamp": "2026-10-03T13:24:39.149137Z"}
Oct 03 10:24:39 fim-host fim-agent[79844]: {"event_id": "d449c808-955d-44c8-b918-55b52859f855", "deferred": false, "event": "publisher.event_published", "level": "info", "timestamp": "2026-10-03T13:24:39.160144Z"}
Oct 03 10:24:39 fim-host fim-agent[79844]: {"path": "/srv/fim-watch/mmap_D_mmap_close_retardo_020ms_009.bin", "event_type": "file_modified", "event_id": "d449c808-955d-44c8-b918-55b52859f855", "event": "detector.change_detected", "level": "info", "timestamp": "2026-10-03T13:24:39.164128Z"}
Oct 03 10:24:39 fim-host fim-agent[79844]: {"event_id": "d449c808-955d-44c8-b918-55b52859f855", "event": "publisher.event_acked", "level": "info", "timestamp": "2026-10-03T13:24:39.169131Z"}
Oct 03 10:24:44 fim-host fim-agent[79844]: {"event_id": "c44c8cb0-17ec-4d2c-88f6-393b1ca4c70c", "path": "/srv/fim-watch/mmap_D_mmap_close_retardo_020ms_009.bin", "action": "alert_only", "action_failed": false, "event": "decision.evaluated", "level": "info", "timestamp": "2026-10-03T13:24:44.173908Z"}
Oct 03 10:24:44 fim-host fim-agent[79844]: {"event_id": "c44c8cb0-17ec-4d2c-88f6-393b1ca4c70c", "deferred": false, "event": "publisher.event_published", "level": "info", "timestamp": "2026-10-03T13:24:44.185277Z"}
Oct 03 10:24:44 fim-host fim-agent[79844]: {"path": "/srv/fim-watch/mmap_D_mmap_close_retardo_020ms_009.bin", "event_type": "file_modified", "event_id": "c44c8cb0-17ec-4d2c-88f6-393b1ca4c70c", "event": "detector.change_detected", "level": "info", "timestamp": "2026-10-03T13:24:44.191439Z"}
Oct 03 10:24:44 fim-host fim-agent[79844]: {"event_id": "c44c8cb0-17ec-4d2c-88f6-393b1ca4c70c", "event": "publisher.event_acked", "level": "info", "timestamp": "2026-10-03T13:24:44.198613Z"}
Oct 03 10:24:49 fim-host fim-agent[79844]: {"event_id": "2a9cff8f-436e-4016-b266-1c48b6fdfd1c", "path": "/srv/fim-watch/mmap_D_mmap_close_retardo_020ms_010.bin", "action": "alert_only", "action_failed": false, "event": "decision.evaluated", "level": "info", "timestamp": "2026-10-03T13:24:49.182495Z"}
Oct 03 10:24:49 fim-host fim-agent[79844]: {"event_id": "2a9cff8f-436e-4016-b266-1c48b6fdfd1c", "deferred": false, "event": "publisher.event_published", "level": "info", "timestamp": "2026-10-03T13:24:49.195112Z"}
Oct 03 10:24:49 fim-host fim-agent[79844]: {"path": "/srv/fim-watch/mmap_D_mmap_close_retardo_020ms_010.bin", "event_type": "file_modified", "event_id": "2a9cff8f-436e-4016-b266-1c48b6fdfd1c", "event": "detector.change_detected", "level": "info", "timestamp": "2026-10-03T13:24:49.201498Z"}
Oct 03 10:24:49 fim-host fim-agent[79844]: {"event_id": "2a9cff8f-436e-4016-b266-1c48b6fdfd1c", "event": "publisher.event_acked", "level": "info", "timestamp": "2026-10-03T13:24:49.211280Z"}
Oct 03 10:24:54 fim-host fim-agent[79844]: {"event_id": "eeac6e80-5d1d-46cb-9fdc-9231bb6d664d", "path": "/srv/fim-watch/mmap_D_mmap_close_retardo_020ms_010.bin", "action": "alert_only", "action_failed": false, "event": "decision.evaluated", "level": "info", "timestamp": "2026-10-03T13:24:54.207651Z"}
Oct 03 10:24:54 fim-host fim-agent[79844]: {"event_id": "eeac6e80-5d1d-46cb-9fdc-9231bb6d664d", "deferred": false, "event": "publisher.event_published", "level": "info", "timestamp": "2026-10-03T13:24:54.219891Z"}
Oct 03 10:24:54 fim-host fim-agent[79844]: {"path": "/srv/fim-watch/mmap_D_mmap_close_retardo_020ms_010.bin", "event_type": "file_modified", "event_id": "eeac6e80-5d1d-46cb-9fdc-9231bb6d664d", "event": "detector.change_detected", "level": "info", "timestamp": "2026-10-03T13:24:54.226109Z"}
Oct 03 10:24:54 fim-host fim-agent[79844]: {"event_id": "eeac6e80-5d1d-46cb-9fdc-9231bb6d664d", "event": "publisher.event_acked", "level": "info", "timestamp": "2026-10-03T13:24:54.233833Z"}
Oct 03 10:24:59 fim-host fim-agent[79844]: {"event_id": "338f1145-575f-469c-a6ad-fde0d83da0de", "path": "/srv/fim-watch/mmap_D_mmap_close_retardo_050ms_001.bin", "action": "alert_only", "action_failed": false, "event": "decision.evaluated", "level": "info", "timestamp": "2026-10-03T13:24:59.219782Z"}
Oct 03 10:24:59 fim-host fim-agent[79844]: {"event_id": "338f1145-575f-469c-a6ad-fde0d83da0de", "deferred": false, "event": "publisher.event_published", "level": "info", "timestamp": "2026-10-03T13:24:59.232896Z"}
Oct 03 10:24:59 fim-host fim-agent[79844]: {"path": "/srv/fim-watch/mmap_D_mmap_close_retardo_050ms_001.bin", "event_type": "file_modified", "event_id": "338f1145-575f-469c-a6ad-fde0d83da0de", "event": "detector.change_detected", "level": "info", "timestamp": "2026-10-03T13:24:59.239972Z"}
Oct 03 10:24:59 fim-host fim-agent[79844]: {"event_id": "338f1145-575f-469c-a6ad-fde0d83da0de", "event": "publisher.event_acked", "level": "info", "timestamp": "2026-10-03T13:24:59.246993Z"}
Oct 03 10:25:04 fim-host fim-agent[79844]: {"event_id": "50883a85-9afe-47ed-acca-805a86599bc9", "path": "/srv/fim-watch/mmap_D_mmap_close_retardo_050ms_001.bin", "action": "alert_only", "action_failed": false, "event": "decision.evaluated", "level": "info", "timestamp": "2026-10-03T13:25:04.271960Z"}
Oct 03 10:25:04 fim-host fim-agent[79844]: {"event_id": "50883a85-9afe-47ed-acca-805a86599bc9", "deferred": false, "event": "publisher.event_published", "level": "info", "timestamp": "2026-10-03T13:25:04.284556Z"}
Oct 03 10:25:04 fim-host fim-agent[79844]: {"path": "/srv/fim-watch/mmap_D_mmap_close_retardo_050ms_001.bin", "event_type": "file_modified", "event_id": "50883a85-9afe-47ed-acca-805a86599bc9", "event": "detector.change_detected", "level": "info", "timestamp": "2026-10-03T13:25:04.290092Z"}
Oct 03 10:25:04 fim-host fim-agent[79844]: {"event_id": "50883a85-9afe-47ed-acca-805a86599bc9", "event": "publisher.event_acked", "level": "info", "timestamp": "2026-10-03T13:25:04.298694Z"}
Oct 03 10:25:09 fim-host fim-agent[79844]: {"event_id": "de5023b2-6fed-48ea-9417-11833b2220be", "path": "/srv/fim-watch/mmap_D_mmap_close_retardo_050ms_002.bin", "action": "alert_only", "action_failed": false, "event": "decision.evaluated", "level": "info", "timestamp": "2026-10-03T13:25:09.284328Z"}
Oct 03 10:25:09 fim-host fim-agent[79844]: {"event_id": "de5023b2-6fed-48ea-9417-11833b2220be", "deferred": false, "event": "publisher.event_published", "level": "info", "timestamp": "2026-10-03T13:25:09.296431Z"}
Oct 03 10:25:09 fim-host fim-agent[79844]: {"path": "/srv/fim-watch/mmap_D_mmap_close_retardo_050ms_002.bin", "event_type": "file_modified", "event_id": "de5023b2-6fed-48ea-9417-11833b2220be", "event": "detector.change_detected", "level": "info", "timestamp": "2026-10-03T13:25:09.302216Z"}
Oct 03 10:25:09 fim-host fim-agent[79844]: {"event_id": "de5023b2-6fed-48ea-9417-11833b2220be", "event": "publisher.event_acked", "level": "info", "timestamp": "2026-10-03T13:25:09.311565Z"}
Oct 03 10:25:14 fim-host fim-agent[79844]: {"event_id": "7b24011c-f99e-4bdc-8b49-d1b28076ad3f", "path": "/srv/fim-watch/mmap_D_mmap_close_retardo_050ms_002.bin", "action": "alert_only", "action_failed": false, "event": "decision.evaluated", "level": "info", "timestamp": "2026-10-03T13:25:14.336942Z"}
Oct 03 10:25:14 fim-host fim-agent[79844]: {"event_id": "7b24011c-f99e-4bdc-8b49-d1b28076ad3f", "deferred": false, "event": "publisher.event_published", "level": "info", "timestamp": "2026-10-03T13:25:14.349121Z"}
Oct 03 10:25:14 fim-host fim-agent[79844]: {"path": "/srv/fim-watch/mmap_D_mmap_close_retardo_050ms_002.bin", "event_type": "file_modified", "event_id": "7b24011c-f99e-4bdc-8b49-d1b28076ad3f", "event": "detector.change_detected", "level": "info", "timestamp": "2026-10-03T13:25:14.354952Z"}
Oct 03 10:25:14 fim-host fim-agent[79844]: {"event_id": "7b24011c-f99e-4bdc-8b49-d1b28076ad3f", "event": "publisher.event_acked", "level": "info", "timestamp": "2026-10-03T13:25:14.364127Z"}
Oct 03 10:25:19 fim-host fim-agent[79844]: {"event_id": "a487d184-3aae-4816-8614-beb29ce66762", "path": "/srv/fim-watch/mmap_D_mmap_close_retardo_050ms_003.bin", "action": "alert_only", "action_failed": false, "event": "decision.evaluated", "level": "info", "timestamp": "2026-10-03T13:25:19.347492Z"}
Oct 03 10:25:19 fim-host fim-agent[79844]: {"event_id": "a487d184-3aae-4816-8614-beb29ce66762", "deferred": false, "event": "publisher.event_published", "level": "info", "timestamp": "2026-10-03T13:25:19.360578Z"}
Oct 03 10:25:19 fim-host fim-agent[79844]: {"path": "/srv/fim-watch/mmap_D_mmap_close_retardo_050ms_003.bin", "event_type": "file_modified", "event_id": "a487d184-3aae-4816-8614-beb29ce66762", "event": "detector.change_detected", "level": "info", "timestamp": "2026-10-03T13:25:19.367237Z"}
Oct 03 10:25:19 fim-host fim-agent[79844]: {"event_id": "a487d184-3aae-4816-8614-beb29ce66762", "event": "publisher.event_acked", "level": "info", "timestamp": "2026-10-03T13:25:19.374619Z"}
Oct 03 10:25:24 fim-host fim-agent[79844]: {"event_id": "87a22c2a-455c-45c4-877b-39cd5d99935e", "path": "/srv/fim-watch/mmap_D_mmap_close_retardo_050ms_003.bin", "action": "alert_only", "action_failed": false, "event": "decision.evaluated", "level": "info", "timestamp": "2026-10-03T13:25:24.397073Z"}
Oct 03 10:25:24 fim-host fim-agent[79844]: {"event_id": "87a22c2a-455c-45c4-877b-39cd5d99935e", "deferred": false, "event": "publisher.event_published", "level": "info", "timestamp": "2026-10-03T13:25:24.409817Z"}
Oct 03 10:25:24 fim-host fim-agent[79844]: {"path": "/srv/fim-watch/mmap_D_mmap_close_retardo_050ms_003.bin", "event_type": "file_modified", "event_id": "87a22c2a-455c-45c4-877b-39cd5d99935e", "event": "detector.change_detected", "level": "info", "timestamp": "2026-10-03T13:25:24.415524Z"}
Oct 03 10:25:24 fim-host fim-agent[79844]: {"event_id": "87a22c2a-455c-45c4-877b-39cd5d99935e", "event": "publisher.event_acked", "level": "info", "timestamp": "2026-10-03T13:25:24.422150Z"}
Oct 03 10:25:29 fim-host fim-agent[79844]: {"event_id": "e364cd66-5cd7-4c77-bf0f-7d7dc2800baf", "path": "/srv/fim-watch/mmap_D_mmap_close_retardo_050ms_004.bin", "action": "alert_only", "action_failed": false, "event": "decision.evaluated", "level": "info", "timestamp": "2026-10-03T13:25:29.409592Z"}
Oct 03 10:25:29 fim-host fim-agent[79844]: {"event_id": "e364cd66-5cd7-4c77-bf0f-7d7dc2800baf", "deferred": false, "event": "publisher.event_published", "level": "info", "timestamp": "2026-10-03T13:25:29.423081Z"}
Oct 03 10:25:29 fim-host fim-agent[79844]: {"path": "/srv/fim-watch/mmap_D_mmap_close_retardo_050ms_004.bin", "event_type": "file_modified", "event_id": "e364cd66-5cd7-4c77-bf0f-7d7dc2800baf", "event": "detector.change_detected", "level": "info", "timestamp": "2026-10-03T13:25:29.427951Z"}
Oct 03 10:25:29 fim-host fim-agent[79844]: {"event_id": "e364cd66-5cd7-4c77-bf0f-7d7dc2800baf", "event": "publisher.event_acked", "level": "info", "timestamp": "2026-10-03T13:25:29.437384Z"}
Oct 03 10:25:34 fim-host fim-agent[79844]: {"event_id": "9f6f3d76-fe10-4708-99eb-58bc18f9735a", "path": "/srv/fim-watch/mmap_D_mmap_close_retardo_050ms_004.bin", "action": "alert_only", "action_failed": false, "event": "decision.evaluated", "level": "info", "timestamp": "2026-10-03T13:25:34.464708Z"}
Oct 03 10:25:34 fim-host fim-agent[79844]: {"event_id": "9f6f3d76-fe10-4708-99eb-58bc18f9735a", "deferred": false, "event": "publisher.event_published", "level": "info", "timestamp": "2026-10-03T13:25:34.476655Z"}
Oct 03 10:25:34 fim-host fim-agent[79844]: {"path": "/srv/fim-watch/mmap_D_mmap_close_retardo_050ms_004.bin", "event_type": "file_modified", "event_id": "9f6f3d76-fe10-4708-99eb-58bc18f9735a", "event": "detector.change_detected", "level": "info", "timestamp": "2026-10-03T13:25:34.481550Z"}
Oct 03 10:25:34 fim-host fim-agent[79844]: {"event_id": "9f6f3d76-fe10-4708-99eb-58bc18f9735a", "event": "publisher.event_acked", "level": "info", "timestamp": "2026-10-03T13:25:34.489536Z"}
Oct 03 10:25:39 fim-host fim-agent[79844]: {"event_id": "049a1c31-4f79-41e2-b7b5-ee1cf7a0dcb5", "path": "/srv/fim-watch/mmap_D_mmap_close_retardo_050ms_005.bin", "action": "alert_only", "action_failed": false, "event": "decision.evaluated", "level": "info", "timestamp": "2026-10-03T13:25:39.473565Z"}
Oct 03 10:25:39 fim-host fim-agent[79844]: {"event_id": "049a1c31-4f79-41e2-b7b5-ee1cf7a0dcb5", "deferred": false, "event": "publisher.event_published", "level": "info", "timestamp": "2026-10-03T13:25:39.487275Z"}
Oct 03 10:25:39 fim-host fim-agent[79844]: {"path": "/srv/fim-watch/mmap_D_mmap_close_retardo_050ms_005.bin", "event_type": "file_modified", "event_id": "049a1c31-4f79-41e2-b7b5-ee1cf7a0dcb5", "event": "detector.change_detected", "level": "info", "timestamp": "2026-10-03T13:25:39.493197Z"}
Oct 03 10:25:39 fim-host fim-agent[79844]: {"event_id": "049a1c31-4f79-41e2-b7b5-ee1cf7a0dcb5", "event": "publisher.event_acked", "level": "info", "timestamp": "2026-10-03T13:25:39.500238Z"}
Oct 03 10:25:44 fim-host fim-agent[79844]: {"event_id": "cb0ae7bb-e656-4f38-b1ac-2001de1e8c01", "path": "/srv/fim-watch/mmap_D_mmap_close_retardo_050ms_005.bin", "action": "alert_only", "action_failed": false, "event": "decision.evaluated", "level": "info", "timestamp": "2026-10-03T13:25:44.533185Z"}
Oct 03 10:25:44 fim-host fim-agent[79844]: {"event_id": "cb0ae7bb-e656-4f38-b1ac-2001de1e8c01", "deferred": false, "event": "publisher.event_published", "level": "info", "timestamp": "2026-10-03T13:25:44.544141Z"}
Oct 03 10:25:44 fim-host fim-agent[79844]: {"path": "/srv/fim-watch/mmap_D_mmap_close_retardo_050ms_005.bin", "event_type": "file_modified", "event_id": "cb0ae7bb-e656-4f38-b1ac-2001de1e8c01", "event": "detector.change_detected", "level": "info", "timestamp": "2026-10-03T13:25:44.549588Z"}
Oct 03 10:25:44 fim-host fim-agent[79844]: {"event_id": "cb0ae7bb-e656-4f38-b1ac-2001de1e8c01", "event": "publisher.event_acked", "level": "info", "timestamp": "2026-10-03T13:25:44.557324Z"}
Oct 03 10:25:49 fim-host fim-agent[79844]: {"event_id": "361c0b18-3a88-49a3-9a4c-87730bb0a23d", "path": "/srv/fim-watch/mmap_D_mmap_close_retardo_050ms_006.bin", "action": "alert_only", "action_failed": false, "event": "decision.evaluated", "level": "info", "timestamp": "2026-10-03T13:25:49.543050Z"}
Oct 03 10:25:49 fim-host fim-agent[79844]: {"event_id": "361c0b18-3a88-49a3-9a4c-87730bb0a23d", "deferred": false, "event": "publisher.event_published", "level": "info", "timestamp": "2026-10-03T13:25:49.555250Z"}
Oct 03 10:25:49 fim-host fim-agent[79844]: {"path": "/srv/fim-watch/mmap_D_mmap_close_retardo_050ms_006.bin", "event_type": "file_modified", "event_id": "361c0b18-3a88-49a3-9a4c-87730bb0a23d", "event": "detector.change_detected", "level": "info", "timestamp": "2026-10-03T13:25:49.559950Z"}
Oct 03 10:25:49 fim-host fim-agent[79844]: {"event_id": "361c0b18-3a88-49a3-9a4c-87730bb0a23d", "event": "publisher.event_acked", "level": "info", "timestamp": "2026-10-03T13:25:49.568521Z"}
Oct 03 10:25:54 fim-host fim-agent[79844]: {"event_id": "9785f341-e4d6-4d4e-bc1b-e14acbb7eae4", "path": "/srv/fim-watch/mmap_D_mmap_close_retardo_050ms_006.bin", "action": "alert_only", "action_failed": false, "event": "decision.evaluated", "level": "info", "timestamp": "2026-10-03T13:25:54.586544Z"}
Oct 03 10:25:54 fim-host fim-agent[79844]: {"event_id": "9785f341-e4d6-4d4e-bc1b-e14acbb7eae4", "deferred": false, "event": "publisher.event_published", "level": "info", "timestamp": "2026-10-03T13:25:54.593366Z"}
Oct 03 10:25:54 fim-host fim-agent[79844]: {"path": "/srv/fim-watch/mmap_D_mmap_close_retardo_050ms_006.bin", "event_type": "file_modified", "event_id": "9785f341-e4d6-4d4e-bc1b-e14acbb7eae4", "event": "detector.change_detected", "level": "info", "timestamp": "2026-10-03T13:25:54.596388Z"}
Oct 03 10:25:54 fim-host fim-agent[79844]: {"event_id": "9785f341-e4d6-4d4e-bc1b-e14acbb7eae4", "event": "publisher.event_acked", "level": "info", "timestamp": "2026-10-03T13:25:54.602226Z"}
Oct 03 10:25:59 fim-host fim-agent[79844]: {"event_id": "925a46dc-b1c3-44df-82e4-fdde22fd41a4", "path": "/srv/fim-watch/mmap_D_mmap_close_retardo_050ms_007.bin", "action": "alert_only", "action_failed": false, "event": "decision.evaluated", "level": "info", "timestamp": "2026-10-03T13:25:59.601152Z"}
Oct 03 10:25:59 fim-host fim-agent[79844]: {"event_id": "925a46dc-b1c3-44df-82e4-fdde22fd41a4", "deferred": false, "event": "publisher.event_published", "level": "info", "timestamp": "2026-10-03T13:25:59.612883Z"}
Oct 03 10:25:59 fim-host fim-agent[79844]: {"path": "/srv/fim-watch/mmap_D_mmap_close_retardo_050ms_007.bin", "event_type": "file_modified", "event_id": "925a46dc-b1c3-44df-82e4-fdde22fd41a4", "event": "detector.change_detected", "level": "info", "timestamp": "2026-10-03T13:25:59.619564Z"}
Oct 03 10:25:59 fim-host fim-agent[79844]: {"event_id": "925a46dc-b1c3-44df-82e4-fdde22fd41a4", "event": "publisher.event_acked", "level": "info", "timestamp": "2026-10-03T13:25:59.626653Z"}
Oct 03 10:26:04 fim-host fim-agent[79844]: {"event_id": "6860da06-1369-4bcb-9892-be7c01532137", "path": "/srv/fim-watch/mmap_D_mmap_close_retardo_050ms_007.bin", "action": "alert_only", "action_failed": false, "event": "decision.evaluated", "level": "info", "timestamp": "2026-10-03T13:26:04.647565Z"}
Oct 03 10:26:04 fim-host fim-agent[79844]: {"event_id": "6860da06-1369-4bcb-9892-be7c01532137", "deferred": false, "event": "publisher.event_published", "level": "info", "timestamp": "2026-10-03T13:26:04.658519Z"}
Oct 03 10:26:04 fim-host fim-agent[79844]: {"path": "/srv/fim-watch/mmap_D_mmap_close_retardo_050ms_007.bin", "event_type": "file_modified", "event_id": "6860da06-1369-4bcb-9892-be7c01532137", "event": "detector.change_detected", "level": "info", "timestamp": "2026-10-03T13:26:04.663304Z"}
Oct 03 10:26:04 fim-host fim-agent[79844]: {"event_id": "6860da06-1369-4bcb-9892-be7c01532137", "event": "publisher.event_acked", "level": "info", "timestamp": "2026-10-03T13:26:04.671196Z"}
Oct 03 10:26:09 fim-host fim-agent[79844]: {"event_id": "673e5039-f0aa-4b8f-833f-4ae4f49dc02c", "path": "/srv/fim-watch/mmap_D_mmap_close_retardo_050ms_008.bin", "action": "alert_only", "action_failed": false, "event": "decision.evaluated", "level": "info", "timestamp": "2026-10-03T13:26:09.658157Z"}
Oct 03 10:26:09 fim-host fim-agent[79844]: {"event_id": "673e5039-f0aa-4b8f-833f-4ae4f49dc02c", "deferred": false, "event": "publisher.event_published", "level": "info", "timestamp": "2026-10-03T13:26:09.669598Z"}
Oct 03 10:26:09 fim-host fim-agent[79844]: {"path": "/srv/fim-watch/mmap_D_mmap_close_retardo_050ms_008.bin", "event_type": "file_modified", "event_id": "673e5039-f0aa-4b8f-833f-4ae4f49dc02c", "event": "detector.change_detected", "level": "info", "timestamp": "2026-10-03T13:26:09.675265Z"}
Oct 03 10:26:09 fim-host fim-agent[79844]: {"event_id": "673e5039-f0aa-4b8f-833f-4ae4f49dc02c", "event": "publisher.event_acked", "level": "info", "timestamp": "2026-10-03T13:26:09.683442Z"}
Oct 03 10:26:14 fim-host fim-agent[79844]: {"event_id": "e842287e-3856-4399-8ddd-cd784b3d84dc", "path": "/srv/fim-watch/mmap_D_mmap_close_retardo_050ms_008.bin", "action": "alert_only", "action_failed": false, "event": "decision.evaluated", "level": "info", "timestamp": "2026-10-03T13:26:14.705060Z"}
Oct 03 10:26:14 fim-host fim-agent[79844]: {"event_id": "e842287e-3856-4399-8ddd-cd784b3d84dc", "deferred": false, "event": "publisher.event_published", "level": "info", "timestamp": "2026-10-03T13:26:14.717095Z"}
Oct 03 10:26:14 fim-host fim-agent[79844]: {"path": "/srv/fim-watch/mmap_D_mmap_close_retardo_050ms_008.bin", "event_type": "file_modified", "event_id": "e842287e-3856-4399-8ddd-cd784b3d84dc", "event": "detector.change_detected", "level": "info", "timestamp": "2026-10-03T13:26:14.720592Z"}
Oct 03 10:26:14 fim-host fim-agent[79844]: {"event_id": "e842287e-3856-4399-8ddd-cd784b3d84dc", "event": "publisher.event_acked", "level": "info", "timestamp": "2026-10-03T13:26:14.731587Z"}
Oct 03 10:26:19 fim-host fim-agent[79844]: {"event_id": "f9ecf6bb-b11a-412b-80a9-a2d6e1155dbb", "path": "/srv/fim-watch/mmap_D_mmap_close_retardo_050ms_009.bin", "action": "alert_only", "action_failed": false, "event": "decision.evaluated", "level": "info", "timestamp": "2026-10-03T13:26:19.707316Z"}
Oct 03 10:26:19 fim-host fim-agent[79844]: {"event_id": "f9ecf6bb-b11a-412b-80a9-a2d6e1155dbb", "deferred": false, "event": "publisher.event_published", "level": "info", "timestamp": "2026-10-03T13:26:19.721031Z"}
Oct 03 10:26:19 fim-host fim-agent[79844]: {"path": "/srv/fim-watch/mmap_D_mmap_close_retardo_050ms_009.bin", "event_type": "file_modified", "event_id": "f9ecf6bb-b11a-412b-80a9-a2d6e1155dbb", "event": "detector.change_detected", "level": "info", "timestamp": "2026-10-03T13:26:19.727012Z"}
Oct 03 10:26:19 fim-host fim-agent[79844]: {"event_id": "f9ecf6bb-b11a-412b-80a9-a2d6e1155dbb", "event": "publisher.event_acked", "level": "info", "timestamp": "2026-10-03T13:26:19.730803Z"}
Oct 03 10:26:24 fim-host fim-agent[79844]: {"event_id": "44fa0acd-6bd1-45fa-9057-eb15677167ca", "path": "/srv/fim-watch/mmap_D_mmap_close_retardo_050ms_009.bin", "action": "alert_only", "action_failed": false, "event": "decision.evaluated", "level": "info", "timestamp": "2026-10-03T13:26:24.770339Z"}
Oct 03 10:26:24 fim-host fim-agent[79844]: {"event_id": "44fa0acd-6bd1-45fa-9057-eb15677167ca", "deferred": false, "event": "publisher.event_published", "level": "info", "timestamp": "2026-10-03T13:26:24.783216Z"}
Oct 03 10:26:24 fim-host fim-agent[79844]: {"path": "/srv/fim-watch/mmap_D_mmap_close_retardo_050ms_009.bin", "event_type": "file_modified", "event_id": "44fa0acd-6bd1-45fa-9057-eb15677167ca", "event": "detector.change_detected", "level": "info", "timestamp": "2026-10-03T13:26:24.788251Z"}
Oct 03 10:26:24 fim-host fim-agent[79844]: {"event_id": "44fa0acd-6bd1-45fa-9057-eb15677167ca", "event": "publisher.event_acked", "level": "info", "timestamp": "2026-10-03T13:26:24.796591Z"}
Oct 03 10:26:29 fim-host fim-agent[79844]: {"event_id": "d0e73f39-9b48-48da-bdee-e61d9eaf6853", "path": "/srv/fim-watch/mmap_D_mmap_close_retardo_050ms_010.bin", "action": "alert_only", "action_failed": false, "event": "decision.evaluated", "level": "info", "timestamp": "2026-10-03T13:26:29.776716Z"}
Oct 03 10:26:29 fim-host fim-agent[79844]: {"event_id": "d0e73f39-9b48-48da-bdee-e61d9eaf6853", "deferred": false, "event": "publisher.event_published", "level": "info", "timestamp": "2026-10-03T13:26:29.789878Z"}
Oct 03 10:26:29 fim-host fim-agent[79844]: {"path": "/srv/fim-watch/mmap_D_mmap_close_retardo_050ms_010.bin", "event_type": "file_modified", "event_id": "d0e73f39-9b48-48da-bdee-e61d9eaf6853", "event": "detector.change_detected", "level": "info", "timestamp": "2026-10-03T13:26:29.796286Z"}
Oct 03 10:26:29 fim-host fim-agent[79844]: {"event_id": "d0e73f39-9b48-48da-bdee-e61d9eaf6853", "event": "publisher.event_acked", "level": "info", "timestamp": "2026-10-03T13:26:29.805305Z"}
Oct 03 10:26:34 fim-host fim-agent[79844]: {"event_id": "b7c9dd97-9012-44b4-8e9a-740c7ffebde4", "path": "/srv/fim-watch/mmap_D_mmap_close_retardo_050ms_010.bin", "action": "alert_only", "action_failed": false, "event": "decision.evaluated", "level": "info", "timestamp": "2026-10-03T13:26:34.833960Z"}
Oct 03 10:26:34 fim-host fim-agent[79844]: {"event_id": "b7c9dd97-9012-44b4-8e9a-740c7ffebde4", "deferred": false, "event": "publisher.event_published", "level": "info", "timestamp": "2026-10-03T13:26:34.845960Z"}
Oct 03 10:26:34 fim-host fim-agent[79844]: {"path": "/srv/fim-watch/mmap_D_mmap_close_retardo_050ms_010.bin", "event_type": "file_modified", "event_id": "b7c9dd97-9012-44b4-8e9a-740c7ffebde4", "event": "detector.change_detected", "level": "info", "timestamp": "2026-10-03T13:26:34.852032Z"}
Oct 03 10:26:34 fim-host fim-agent[79844]: {"event_id": "b7c9dd97-9012-44b4-8e9a-740c7ffebde4", "event": "publisher.event_acked", "level": "info", "timestamp": "2026-10-03T13:26:34.860883Z"}
Oct 03 10:26:39 fim-host fim-agent[79844]: {"event_id": "e1de2c92-836d-4f9b-bd4c-fc159bdcd458", "path": "/srv/fim-watch/mmap_D_mmap_close_retardo_100ms_001.bin", "action": "alert_only", "action_failed": false, "event": "decision.evaluated", "level": "info", "timestamp": "2026-10-03T13:26:39.843336Z"}
Oct 03 10:26:39 fim-host fim-agent[79844]: {"event_id": "e1de2c92-836d-4f9b-bd4c-fc159bdcd458", "deferred": false, "event": "publisher.event_published", "level": "info", "timestamp": "2026-10-03T13:26:39.855934Z"}
Oct 03 10:26:39 fim-host fim-agent[79844]: {"path": "/srv/fim-watch/mmap_D_mmap_close_retardo_100ms_001.bin", "event_type": "file_modified", "event_id": "e1de2c92-836d-4f9b-bd4c-fc159bdcd458", "event": "detector.change_detected", "level": "info", "timestamp": "2026-10-03T13:26:39.860449Z"}
Oct 03 10:26:39 fim-host fim-agent[79844]: {"event_id": "e1de2c92-836d-4f9b-bd4c-fc159bdcd458", "event": "publisher.event_acked", "level": "info", "timestamp": "2026-10-03T13:26:39.868550Z"}
Oct 03 10:26:44 fim-host fim-agent[79844]: {"event_id": "c2ffe24c-2e0f-4f59-9b6e-953d4ab30366", "path": "/srv/fim-watch/mmap_D_mmap_close_retardo_100ms_001.bin", "action": "alert_only", "action_failed": false, "event": "decision.evaluated", "level": "info", "timestamp": "2026-10-03T13:26:44.942625Z"}
Oct 03 10:26:44 fim-host fim-agent[79844]: {"event_id": "c2ffe24c-2e0f-4f59-9b6e-953d4ab30366", "deferred": false, "event": "publisher.event_published", "level": "info", "timestamp": "2026-10-03T13:26:44.950029Z"}
Oct 03 10:26:44 fim-host fim-agent[79844]: {"path": "/srv/fim-watch/mmap_D_mmap_close_retardo_100ms_001.bin", "event_type": "file_modified", "event_id": "c2ffe24c-2e0f-4f59-9b6e-953d4ab30366", "event": "detector.change_detected", "level": "info", "timestamp": "2026-10-03T13:26:44.952961Z"}
Oct 03 10:26:44 fim-host fim-agent[79844]: {"event_id": "c2ffe24c-2e0f-4f59-9b6e-953d4ab30366", "event": "publisher.event_acked", "level": "info", "timestamp": "2026-10-03T13:26:44.957076Z"}
Oct 03 10:26:49 fim-host fim-agent[79844]: {"event_id": "1d20bb38-514d-4b5f-87c7-e19d3ddde9d5", "path": "/srv/fim-watch/mmap_D_mmap_close_retardo_100ms_002.bin", "action": "alert_only", "action_failed": false, "event": "decision.evaluated", "level": "info", "timestamp": "2026-10-03T13:26:49.958924Z"}
Oct 03 10:26:49 fim-host fim-agent[79844]: {"event_id": "1d20bb38-514d-4b5f-87c7-e19d3ddde9d5", "deferred": false, "event": "publisher.event_published", "level": "info", "timestamp": "2026-10-03T13:26:49.970957Z"}
Oct 03 10:26:49 fim-host fim-agent[79844]: {"path": "/srv/fim-watch/mmap_D_mmap_close_retardo_100ms_002.bin", "event_type": "file_modified", "event_id": "1d20bb38-514d-4b5f-87c7-e19d3ddde9d5", "event": "detector.change_detected", "level": "info", "timestamp": "2026-10-03T13:26:49.976684Z"}
Oct 03 10:26:49 fim-host fim-agent[79844]: {"event_id": "1d20bb38-514d-4b5f-87c7-e19d3ddde9d5", "event": "publisher.event_acked", "level": "info", "timestamp": "2026-10-03T13:26:49.982878Z"}
Oct 03 10:26:55 fim-host fim-agent[79844]: {"event_id": "0384c331-fb12-4740-9188-9626d439c92f", "path": "/srv/fim-watch/mmap_D_mmap_close_retardo_100ms_002.bin", "action": "alert_only", "action_failed": false, "event": "decision.evaluated", "level": "info", "timestamp": "2026-10-03T13:26:55.060169Z"}
Oct 03 10:26:55 fim-host fim-agent[79844]: {"event_id": "0384c331-fb12-4740-9188-9626d439c92f", "deferred": false, "event": "publisher.event_published", "level": "info", "timestamp": "2026-10-03T13:26:55.069119Z"}
Oct 03 10:26:55 fim-host fim-agent[79844]: {"path": "/srv/fim-watch/mmap_D_mmap_close_retardo_100ms_002.bin", "event_type": "file_modified", "event_id": "0384c331-fb12-4740-9188-9626d439c92f", "event": "detector.change_detected", "level": "info", "timestamp": "2026-10-03T13:26:55.074541Z"}
Oct 03 10:26:55 fim-host fim-agent[79844]: {"event_id": "0384c331-fb12-4740-9188-9626d439c92f", "event": "publisher.event_acked", "level": "info", "timestamp": "2026-10-03T13:26:55.080499Z"}
Oct 03 10:27:00 fim-host fim-agent[79844]: {"event_id": "d96ae135-16fb-468e-8878-83153b2780d9", "path": "/srv/fim-watch/mmap_D_mmap_close_retardo_100ms_003.bin", "action": "alert_only", "action_failed": false, "event": "decision.evaluated", "level": "info", "timestamp": "2026-10-03T13:27:00.075013Z"}
Oct 03 10:27:00 fim-host fim-agent[79844]: {"event_id": "d96ae135-16fb-468e-8878-83153b2780d9", "deferred": false, "event": "publisher.event_published", "level": "info", "timestamp": "2026-10-03T13:27:00.086266Z"}
Oct 03 10:27:00 fim-host fim-agent[79844]: {"path": "/srv/fim-watch/mmap_D_mmap_close_retardo_100ms_003.bin", "event_type": "file_modified", "event_id": "d96ae135-16fb-468e-8878-83153b2780d9", "event": "detector.change_detected", "level": "info", "timestamp": "2026-10-03T13:27:00.090646Z"}
Oct 03 10:27:00 fim-host fim-agent[79844]: {"event_id": "d96ae135-16fb-468e-8878-83153b2780d9", "event": "publisher.event_acked", "level": "info", "timestamp": "2026-10-03T13:27:00.098421Z"}
Oct 03 10:27:05 fim-host fim-agent[79844]: {"event_id": "77aa10dc-38f5-4aee-a60a-f14f5ac37a61", "path": "/srv/fim-watch/mmap_D_mmap_close_retardo_100ms_003.bin", "action": "alert_only", "action_failed": false, "event": "decision.evaluated", "level": "info", "timestamp": "2026-10-03T13:27:05.177410Z"}
Oct 03 10:27:05 fim-host fim-agent[79844]: {"event_id": "77aa10dc-38f5-4aee-a60a-f14f5ac37a61", "deferred": false, "event": "publisher.event_published", "level": "info", "timestamp": "2026-10-03T13:27:05.188413Z"}
Oct 03 10:27:05 fim-host fim-agent[79844]: {"path": "/srv/fim-watch/mmap_D_mmap_close_retardo_100ms_003.bin", "event_type": "file_modified", "event_id": "77aa10dc-38f5-4aee-a60a-f14f5ac37a61", "event": "detector.change_detected", "level": "info", "timestamp": "2026-10-03T13:27:05.191115Z"}
Oct 03 10:27:05 fim-host fim-agent[79844]: {"event_id": "77aa10dc-38f5-4aee-a60a-f14f5ac37a61", "event": "publisher.event_acked", "level": "info", "timestamp": "2026-10-03T13:27:05.194802Z"}
Oct 03 10:27:10 fim-host fim-agent[79844]: {"event_id": "8f12ff60-20ed-48f0-81b4-7ae6a517addb", "path": "/srv/fim-watch/mmap_D_mmap_close_retardo_100ms_004.bin", "action": "alert_only", "action_failed": false, "event": "decision.evaluated", "level": "info", "timestamp": "2026-10-03T13:27:10.184011Z"}
Oct 03 10:27:10 fim-host fim-agent[79844]: {"event_id": "8f12ff60-20ed-48f0-81b4-7ae6a517addb", "deferred": false, "event": "publisher.event_published", "level": "info", "timestamp": "2026-10-03T13:27:10.195917Z"}
Oct 03 10:27:10 fim-host fim-agent[79844]: {"path": "/srv/fim-watch/mmap_D_mmap_close_retardo_100ms_004.bin", "event_type": "file_modified", "event_id": "8f12ff60-20ed-48f0-81b4-7ae6a517addb", "event": "detector.change_detected", "level": "info", "timestamp": "2026-10-03T13:27:10.200847Z"}
Oct 03 10:27:10 fim-host fim-agent[79844]: {"event_id": "8f12ff60-20ed-48f0-81b4-7ae6a517addb", "event": "publisher.event_acked", "level": "info", "timestamp": "2026-10-03T13:27:10.205149Z"}
Oct 03 10:27:15 fim-host fim-agent[79844]: {"event_id": "2d100644-2378-4c65-8a36-ae3f6f996f88", "path": "/srv/fim-watch/mmap_D_mmap_close_retardo_100ms_004.bin", "action": "alert_only", "action_failed": false, "event": "decision.evaluated", "level": "info", "timestamp": "2026-10-03T13:27:15.293193Z"}
Oct 03 10:27:15 fim-host fim-agent[79844]: {"event_id": "2d100644-2378-4c65-8a36-ae3f6f996f88", "deferred": false, "event": "publisher.event_published", "level": "info", "timestamp": "2026-10-03T13:27:15.304951Z"}
Oct 03 10:27:15 fim-host fim-agent[79844]: {"path": "/srv/fim-watch/mmap_D_mmap_close_retardo_100ms_004.bin", "event_type": "file_modified", "event_id": "2d100644-2378-4c65-8a36-ae3f6f996f88", "event": "detector.change_detected", "level": "info", "timestamp": "2026-10-03T13:27:15.310602Z"}
Oct 03 10:27:15 fim-host fim-agent[79844]: {"event_id": "2d100644-2378-4c65-8a36-ae3f6f996f88", "event": "publisher.event_acked", "level": "info", "timestamp": "2026-10-03T13:27:15.318034Z"}
Oct 03 10:27:20 fim-host fim-agent[79844]: {"event_id": "16edd7fe-9bb4-458a-a02f-94aaa49bee10", "path": "/srv/fim-watch/mmap_D_mmap_close_retardo_100ms_005.bin", "action": "alert_only", "action_failed": false, "event": "decision.evaluated", "level": "info", "timestamp": "2026-10-03T13:27:20.301886Z"}
Oct 03 10:27:20 fim-host fim-agent[79844]: {"event_id": "16edd7fe-9bb4-458a-a02f-94aaa49bee10", "deferred": false, "event": "publisher.event_published", "level": "info", "timestamp": "2026-10-03T13:27:20.314621Z"}
Oct 03 10:27:20 fim-host fim-agent[79844]: {"path": "/srv/fim-watch/mmap_D_mmap_close_retardo_100ms_005.bin", "event_type": "file_modified", "event_id": "16edd7fe-9bb4-458a-a02f-94aaa49bee10", "event": "detector.change_detected", "level": "info", "timestamp": "2026-10-03T13:27:20.317796Z"}
Oct 03 10:27:20 fim-host fim-agent[79844]: {"event_id": "16edd7fe-9bb4-458a-a02f-94aaa49bee10", "event": "publisher.event_acked", "level": "info", "timestamp": "2026-10-03T13:27:20.322191Z"}
Oct 03 10:27:25 fim-host fim-agent[79844]: {"event_id": "df23abe2-1c41-4320-9d4c-3a4f32970d54", "path": "/srv/fim-watch/mmap_D_mmap_close_retardo_100ms_005.bin", "action": "alert_only", "action_failed": false, "event": "decision.evaluated", "level": "info", "timestamp": "2026-10-03T13:27:25.404791Z"}
Oct 03 10:27:25 fim-host fim-agent[79844]: {"event_id": "df23abe2-1c41-4320-9d4c-3a4f32970d54", "deferred": false, "event": "publisher.event_published", "level": "info", "timestamp": "2026-10-03T13:27:25.415160Z"}
Oct 03 10:27:25 fim-host fim-agent[79844]: {"path": "/srv/fim-watch/mmap_D_mmap_close_retardo_100ms_005.bin", "event_type": "file_modified", "event_id": "df23abe2-1c41-4320-9d4c-3a4f32970d54", "event": "detector.change_detected", "level": "info", "timestamp": "2026-10-03T13:27:25.419944Z"}
Oct 03 10:27:25 fim-host fim-agent[79844]: {"event_id": "df23abe2-1c41-4320-9d4c-3a4f32970d54", "event": "publisher.event_acked", "level": "info", "timestamp": "2026-10-03T13:27:25.429706Z"}
Oct 03 10:27:30 fim-host fim-agent[79844]: {"event_id": "8fe3eb2b-b6b8-4c68-bb0d-d438887e1407", "path": "/srv/fim-watch/mmap_D_mmap_close_retardo_100ms_006.bin", "action": "alert_only", "action_failed": false, "event": "decision.evaluated", "level": "info", "timestamp": "2026-10-03T13:27:30.416968Z"}
Oct 03 10:27:30 fim-host fim-agent[79844]: {"event_id": "8fe3eb2b-b6b8-4c68-bb0d-d438887e1407", "deferred": false, "event": "publisher.event_published", "level": "info", "timestamp": "2026-10-03T13:27:30.428316Z"}
Oct 03 10:27:30 fim-host fim-agent[79844]: {"path": "/srv/fim-watch/mmap_D_mmap_close_retardo_100ms_006.bin", "event_type": "file_modified", "event_id": "8fe3eb2b-b6b8-4c68-bb0d-d438887e1407", "event": "detector.change_detected", "level": "info", "timestamp": "2026-10-03T13:27:30.433273Z"}
Oct 03 10:27:30 fim-host fim-agent[79844]: {"event_id": "8fe3eb2b-b6b8-4c68-bb0d-d438887e1407", "event": "publisher.event_acked", "level": "info", "timestamp": "2026-10-03T13:27:30.441043Z"}
Oct 03 10:27:35 fim-host fim-agent[79844]: {"event_id": "dcd3aacd-b3a3-4017-810c-37aeebb8f775", "path": "/srv/fim-watch/mmap_D_mmap_close_retardo_100ms_006.bin", "action": "alert_only", "action_failed": false, "event": "decision.evaluated", "level": "info", "timestamp": "2026-10-03T13:27:35.522200Z"}
Oct 03 10:27:35 fim-host fim-agent[79844]: {"event_id": "dcd3aacd-b3a3-4017-810c-37aeebb8f775", "deferred": false, "event": "publisher.event_published", "level": "info", "timestamp": "2026-10-03T13:27:35.535229Z"}
Oct 03 10:27:35 fim-host fim-agent[79844]: {"path": "/srv/fim-watch/mmap_D_mmap_close_retardo_100ms_006.bin", "event_type": "file_modified", "event_id": "dcd3aacd-b3a3-4017-810c-37aeebb8f775", "event": "detector.change_detected", "level": "info", "timestamp": "2026-10-03T13:27:35.540621Z"}
Oct 03 10:27:35 fim-host fim-agent[79844]: {"event_id": "dcd3aacd-b3a3-4017-810c-37aeebb8f775", "event": "publisher.event_acked", "level": "info", "timestamp": "2026-10-03T13:27:35.546849Z"}
Oct 03 10:27:40 fim-host fim-agent[79844]: {"event_id": "d53cbfa0-f98a-4688-b91c-3fa9b8d942f4", "path": "/srv/fim-watch/mmap_D_mmap_close_retardo_100ms_007.bin", "action": "alert_only", "action_failed": false, "event": "decision.evaluated", "level": "info", "timestamp": "2026-10-03T13:27:40.531428Z"}
Oct 03 10:27:40 fim-host fim-agent[79844]: {"event_id": "d53cbfa0-f98a-4688-b91c-3fa9b8d942f4", "deferred": false, "event": "publisher.event_published", "level": "info", "timestamp": "2026-10-03T13:27:40.543828Z"}
Oct 03 10:27:40 fim-host fim-agent[79844]: {"path": "/srv/fim-watch/mmap_D_mmap_close_retardo_100ms_007.bin", "event_type": "file_modified", "event_id": "d53cbfa0-f98a-4688-b91c-3fa9b8d942f4", "event": "detector.change_detected", "level": "info", "timestamp": "2026-10-03T13:27:40.550373Z"}
Oct 03 10:27:40 fim-host fim-agent[79844]: {"event_id": "d53cbfa0-f98a-4688-b91c-3fa9b8d942f4", "event": "publisher.event_acked", "level": "info", "timestamp": "2026-10-03T13:27:40.556693Z"}
Oct 03 10:27:45 fim-host fim-agent[79844]: {"event_id": "52fde34a-dbbc-468a-86ba-16c30629659c", "path": "/srv/fim-watch/mmap_D_mmap_close_retardo_100ms_007.bin", "action": "alert_only", "action_failed": false, "event": "decision.evaluated", "level": "info", "timestamp": "2026-10-03T13:27:45.639920Z"}
Oct 03 10:27:45 fim-host fim-agent[79844]: {"event_id": "52fde34a-dbbc-468a-86ba-16c30629659c", "deferred": false, "event": "publisher.event_published", "level": "info", "timestamp": "2026-10-03T13:27:45.651892Z"}
Oct 03 10:27:45 fim-host fim-agent[79844]: {"path": "/srv/fim-watch/mmap_D_mmap_close_retardo_100ms_007.bin", "event_type": "file_modified", "event_id": "52fde34a-dbbc-468a-86ba-16c30629659c", "event": "detector.change_detected", "level": "info", "timestamp": "2026-10-03T13:27:45.656385Z"}
Oct 03 10:27:45 fim-host fim-agent[79844]: {"event_id": "52fde34a-dbbc-468a-86ba-16c30629659c", "event": "publisher.event_acked", "level": "info", "timestamp": "2026-10-03T13:27:45.658583Z"}
Oct 03 10:27:50 fim-host fim-agent[79844]: {"event_id": "8919ed2c-6c50-45aa-9e77-f6aad4c51229", "path": "/srv/fim-watch/mmap_D_mmap_close_retardo_100ms_008.bin", "action": "alert_only", "action_failed": false, "event": "decision.evaluated", "level": "info", "timestamp": "2026-10-03T13:27:50.642134Z"}
Oct 03 10:27:50 fim-host fim-agent[79844]: {"event_id": "8919ed2c-6c50-45aa-9e77-f6aad4c51229", "deferred": false, "event": "publisher.event_published", "level": "info", "timestamp": "2026-10-03T13:27:50.655023Z"}
Oct 03 10:27:50 fim-host fim-agent[79844]: {"path": "/srv/fim-watch/mmap_D_mmap_close_retardo_100ms_008.bin", "event_type": "file_modified", "event_id": "8919ed2c-6c50-45aa-9e77-f6aad4c51229", "event": "detector.change_detected", "level": "info", "timestamp": "2026-10-03T13:27:50.660273Z"}
Oct 03 10:27:50 fim-host fim-agent[79844]: {"event_id": "8919ed2c-6c50-45aa-9e77-f6aad4c51229", "event": "publisher.event_acked", "level": "info", "timestamp": "2026-10-03T13:27:50.664276Z"}
Oct 03 10:27:55 fim-host fim-agent[79844]: {"event_id": "74cfea71-1f4e-4f12-be47-42050c446fee", "path": "/srv/fim-watch/mmap_D_mmap_close_retardo_100ms_008.bin", "action": "alert_only", "action_failed": false, "event": "decision.evaluated", "level": "info", "timestamp": "2026-10-03T13:27:55.744169Z"}
Oct 03 10:27:55 fim-host fim-agent[79844]: {"event_id": "74cfea71-1f4e-4f12-be47-42050c446fee", "deferred": false, "event": "publisher.event_published", "level": "info", "timestamp": "2026-10-03T13:27:55.756978Z"}
Oct 03 10:27:55 fim-host fim-agent[79844]: {"path": "/srv/fim-watch/mmap_D_mmap_close_retardo_100ms_008.bin", "event_type": "file_modified", "event_id": "74cfea71-1f4e-4f12-be47-42050c446fee", "event": "detector.change_detected", "level": "info", "timestamp": "2026-10-03T13:27:55.761532Z"}
Oct 03 10:27:55 fim-host fim-agent[79844]: {"event_id": "74cfea71-1f4e-4f12-be47-42050c446fee", "event": "publisher.event_acked", "level": "info", "timestamp": "2026-10-03T13:27:55.765343Z"}
Oct 03 10:28:00 fim-host fim-agent[79844]: {"event_id": "ba669d18-e449-4a49-a911-9b2920dde14a", "path": "/srv/fim-watch/mmap_D_mmap_close_retardo_100ms_009.bin", "action": "alert_only", "action_failed": false, "event": "decision.evaluated", "level": "info", "timestamp": "2026-10-03T13:28:00.757683Z"}
Oct 03 10:28:00 fim-host fim-agent[79844]: {"event_id": "ba669d18-e449-4a49-a911-9b2920dde14a", "deferred": false, "event": "publisher.event_published", "level": "info", "timestamp": "2026-10-03T13:28:00.770977Z"}
Oct 03 10:28:00 fim-host fim-agent[79844]: {"path": "/srv/fim-watch/mmap_D_mmap_close_retardo_100ms_009.bin", "event_type": "file_modified", "event_id": "ba669d18-e449-4a49-a911-9b2920dde14a", "event": "detector.change_detected", "level": "info", "timestamp": "2026-10-03T13:28:00.776277Z"}
Oct 03 10:28:00 fim-host fim-agent[79844]: {"event_id": "ba669d18-e449-4a49-a911-9b2920dde14a", "event": "publisher.event_acked", "level": "info", "timestamp": "2026-10-03T13:28:00.782190Z"}
Oct 03 10:28:05 fim-host fim-agent[79844]: {"event_id": "5c991b47-ec54-4899-8df3-01871e494e1d", "path": "/srv/fim-watch/mmap_D_mmap_close_retardo_100ms_009.bin", "action": "alert_only", "action_failed": false, "event": "decision.evaluated", "level": "info", "timestamp": "2026-10-03T13:28:05.862387Z"}
Oct 03 10:28:05 fim-host fim-agent[79844]: {"event_id": "5c991b47-ec54-4899-8df3-01871e494e1d", "deferred": false, "event": "publisher.event_published", "level": "info", "timestamp": "2026-10-03T13:28:05.874890Z"}
Oct 03 10:28:05 fim-host fim-agent[79844]: {"path": "/srv/fim-watch/mmap_D_mmap_close_retardo_100ms_009.bin", "event_type": "file_modified", "event_id": "5c991b47-ec54-4899-8df3-01871e494e1d", "event": "detector.change_detected", "level": "info", "timestamp": "2026-10-03T13:28:05.880464Z"}
Oct 03 10:28:05 fim-host fim-agent[79844]: {"event_id": "5c991b47-ec54-4899-8df3-01871e494e1d", "event": "publisher.event_acked", "level": "info", "timestamp": "2026-10-03T13:28:05.887565Z"}
Oct 03 10:28:10 fim-host fim-agent[79844]: {"event_id": "9c2546b8-166e-4c70-80cd-caf46138d6f1", "path": "/srv/fim-watch/mmap_D_mmap_close_retardo_100ms_010.bin", "action": "alert_only", "action_failed": false, "event": "decision.evaluated", "level": "info", "timestamp": "2026-10-03T13:28:10.871127Z"}
Oct 03 10:28:10 fim-host fim-agent[79844]: {"event_id": "9c2546b8-166e-4c70-80cd-caf46138d6f1", "deferred": false, "event": "publisher.event_published", "level": "info", "timestamp": "2026-10-03T13:28:10.887959Z"}
Oct 03 10:28:10 fim-host fim-agent[79844]: {"path": "/srv/fim-watch/mmap_D_mmap_close_retardo_100ms_010.bin", "event_type": "file_created", "event_id": "9c2546b8-166e-4c70-80cd-caf46138d6f1", "event": "detector.change_detected", "level": "info", "timestamp": "2026-10-03T13:28:10.893192Z"}
Oct 03 10:28:10 fim-host fim-agent[79844]: {"event_id": "9c2546b8-166e-4c70-80cd-caf46138d6f1", "event": "publisher.event_acked", "level": "info", "timestamp": "2026-10-03T13:28:10.901110Z"}
Oct 03 10:28:15 fim-host fim-agent[79844]: {"event_id": "cd0ed837-eb35-4380-bdd3-5c4b86455d6b", "path": "/srv/fim-watch/mmap_D_mmap_close_retardo_100ms_010.bin", "action": "alert_only", "action_failed": false, "event": "decision.evaluated", "level": "info", "timestamp": "2026-10-03T13:28:15.977419Z"}
Oct 03 10:28:15 fim-host fim-agent[79844]: {"event_id": "cd0ed837-eb35-4380-bdd3-5c4b86455d6b", "deferred": false, "event": "publisher.event_published", "level": "info", "timestamp": "2026-10-03T13:28:15.994001Z"}
Oct 03 10:28:16 fim-host fim-agent[79844]: {"path": "/srv/fim-watch/mmap_D_mmap_close_retardo_100ms_010.bin", "event_type": "file_modified", "event_id": "cd0ed837-eb35-4380-bdd3-5c4b86455d6b", "event": "detector.change_detected", "level": "info", "timestamp": "2026-10-03T13:28:16.000026Z"}
Oct 03 10:28:16 fim-host fim-agent[79844]: {"event_id": "cd0ed837-eb35-4380-bdd3-5c4b86455d6b", "event": "publisher.event_acked", "level": "info", "timestamp": "2026-10-03T13:28:16.006003Z"}
Oct 03 10:28:20 fim-host fim-agent[79844]: {"event_id": "70adcdd3-8687-41c6-81ad-0844dfef6497", "path": "/srv/fim-watch/mmap_D_mmap_close_retardo_500ms_001.bin", "action": "alert_only", "action_failed": false, "event": "decision.evaluated", "level": "info", "timestamp": "2026-10-03T13:28:20.987228Z"}
Oct 03 10:28:21 fim-host fim-agent[79844]: {"event_id": "70adcdd3-8687-41c6-81ad-0844dfef6497", "deferred": false, "event": "publisher.event_published", "level": "info", "timestamp": "2026-10-03T13:28:21.000890Z"}
Oct 03 10:28:21 fim-host fim-agent[79844]: {"path": "/srv/fim-watch/mmap_D_mmap_close_retardo_500ms_001.bin", "event_type": "file_modified", "event_id": "70adcdd3-8687-41c6-81ad-0844dfef6497", "event": "detector.change_detected", "level": "info", "timestamp": "2026-10-03T13:28:21.006131Z"}
Oct 03 10:28:21 fim-host fim-agent[79844]: {"event_id": "70adcdd3-8687-41c6-81ad-0844dfef6497", "event": "publisher.event_acked", "level": "info", "timestamp": "2026-10-03T13:28:21.014655Z"}
Oct 03 10:28:26 fim-host fim-agent[79844]: {"event_id": "1959522b-4ce5-4e02-a724-130cfebfb16c", "path": "/srv/fim-watch/mmap_D_mmap_close_retardo_500ms_001.bin", "action": "alert_only", "action_failed": false, "event": "decision.evaluated", "level": "info", "timestamp": "2026-10-03T13:28:26.482252Z"}
Oct 03 10:28:26 fim-host fim-agent[79844]: {"event_id": "1959522b-4ce5-4e02-a724-130cfebfb16c", "deferred": false, "event": "publisher.event_published", "level": "info", "timestamp": "2026-10-03T13:28:26.488166Z"}
Oct 03 10:28:26 fim-host fim-agent[79844]: {"path": "/srv/fim-watch/mmap_D_mmap_close_retardo_500ms_001.bin", "event_type": "file_modified", "event_id": "1959522b-4ce5-4e02-a724-130cfebfb16c", "event": "detector.change_detected", "level": "info", "timestamp": "2026-10-03T13:28:26.491584Z"}
Oct 03 10:28:26 fim-host fim-agent[79844]: {"event_id": "1959522b-4ce5-4e02-a724-130cfebfb16c", "event": "publisher.event_acked", "level": "info", "timestamp": "2026-10-03T13:28:26.498489Z"}
Oct 03 10:28:31 fim-host fim-agent[79844]: {"event_id": "740dabb7-2cdc-4ebb-ad82-4f29fb3de16b", "path": "/srv/fim-watch/mmap_D_mmap_close_retardo_500ms_002.bin", "action": "alert_only", "action_failed": false, "event": "decision.evaluated", "level": "info", "timestamp": "2026-10-03T13:28:31.489463Z"}
Oct 03 10:28:31 fim-host fim-agent[79844]: {"event_id": "740dabb7-2cdc-4ebb-ad82-4f29fb3de16b", "deferred": false, "event": "publisher.event_published", "level": "info", "timestamp": "2026-10-03T13:28:31.500285Z"}
Oct 03 10:28:31 fim-host fim-agent[79844]: {"path": "/srv/fim-watch/mmap_D_mmap_close_retardo_500ms_002.bin", "event_type": "file_modified", "event_id": "740dabb7-2cdc-4ebb-ad82-4f29fb3de16b", "event": "detector.change_detected", "level": "info", "timestamp": "2026-10-03T13:28:31.506096Z"}
Oct 03 10:28:31 fim-host fim-agent[79844]: {"event_id": "740dabb7-2cdc-4ebb-ad82-4f29fb3de16b", "event": "publisher.event_acked", "level": "info", "timestamp": "2026-10-03T13:28:31.512716Z"}
Oct 03 10:28:36 fim-host fim-agent[79844]: {"event_id": "e1fa2b31-3152-4f1e-bfd5-67871cc4c70c", "path": "/srv/fim-watch/mmap_D_mmap_close_retardo_500ms_002.bin", "action": "alert_only", "action_failed": false, "event": "decision.evaluated", "level": "info", "timestamp": "2026-10-03T13:28:36.995936Z"}
Oct 03 10:28:37 fim-host fim-agent[79844]: {"event_id": "e1fa2b31-3152-4f1e-bfd5-67871cc4c70c", "deferred": false, "event": "publisher.event_published", "level": "info", "timestamp": "2026-10-03T13:28:37.007687Z"}
Oct 03 10:28:37 fim-host fim-agent[79844]: {"path": "/srv/fim-watch/mmap_D_mmap_close_retardo_500ms_002.bin", "event_type": "file_modified", "event_id": "e1fa2b31-3152-4f1e-bfd5-67871cc4c70c", "event": "detector.change_detected", "level": "info", "timestamp": "2026-10-03T13:28:37.013308Z"}
Oct 03 10:28:37 fim-host fim-agent[79844]: {"event_id": "e1fa2b31-3152-4f1e-bfd5-67871cc4c70c", "event": "publisher.event_acked", "level": "info", "timestamp": "2026-10-03T13:28:37.021589Z"}
Oct 03 10:28:42 fim-host fim-agent[79844]: {"event_id": "d298a0cd-9315-4194-a4c6-f913c21eac46", "path": "/srv/fim-watch/mmap_D_mmap_close_retardo_500ms_003.bin", "action": "alert_only", "action_failed": false, "event": "decision.evaluated", "level": "info", "timestamp": "2026-10-03T13:28:41.999910Z"}
Oct 03 10:28:42 fim-host fim-agent[79844]: {"event_id": "d298a0cd-9315-4194-a4c6-f913c21eac46", "deferred": false, "event": "publisher.event_published", "level": "info", "timestamp": "2026-10-03T13:28:42.008235Z"}
Oct 03 10:28:42 fim-host fim-agent[79844]: {"path": "/srv/fim-watch/mmap_D_mmap_close_retardo_500ms_003.bin", "event_type": "file_modified", "event_id": "d298a0cd-9315-4194-a4c6-f913c21eac46", "event": "detector.change_detected", "level": "info", "timestamp": "2026-10-03T13:28:42.011052Z"}
Oct 03 10:28:42 fim-host fim-agent[79844]: {"event_id": "d298a0cd-9315-4194-a4c6-f913c21eac46", "event": "publisher.event_acked", "level": "info", "timestamp": "2026-10-03T13:28:42.012506Z"}
Oct 03 10:28:47 fim-host fim-agent[79844]: {"event_id": "3bd3e21b-58ca-4b68-b950-e68d65a818c4", "path": "/srv/fim-watch/mmap_D_mmap_close_retardo_500ms_003.bin", "action": "alert_only", "action_failed": false, "event": "decision.evaluated", "level": "info", "timestamp": "2026-10-03T13:28:47.511020Z"}
Oct 03 10:28:47 fim-host fim-agent[79844]: {"event_id": "3bd3e21b-58ca-4b68-b950-e68d65a818c4", "deferred": false, "event": "publisher.event_published", "level": "info", "timestamp": "2026-10-03T13:28:47.524428Z"}
Oct 03 10:28:47 fim-host fim-agent[79844]: {"path": "/srv/fim-watch/mmap_D_mmap_close_retardo_500ms_003.bin", "event_type": "file_modified", "event_id": "3bd3e21b-58ca-4b68-b950-e68d65a818c4", "event": "detector.change_detected", "level": "info", "timestamp": "2026-10-03T13:28:47.529562Z"}
Oct 03 10:28:47 fim-host fim-agent[79844]: {"event_id": "3bd3e21b-58ca-4b68-b950-e68d65a818c4", "event": "publisher.event_acked", "level": "info", "timestamp": "2026-10-03T13:28:47.540953Z"}
Oct 03 10:28:52 fim-host fim-agent[79844]: {"event_id": "1e2317c6-8be9-4555-a9fa-84cd1255a6c0", "path": "/srv/fim-watch/mmap_D_mmap_close_retardo_500ms_004.bin", "action": "alert_only", "action_failed": false, "event": "decision.evaluated", "level": "info", "timestamp": "2026-10-03T13:28:52.515003Z"}
Oct 03 10:28:52 fim-host fim-agent[79844]: {"event_id": "1e2317c6-8be9-4555-a9fa-84cd1255a6c0", "deferred": false, "event": "publisher.event_published", "level": "info", "timestamp": "2026-10-03T13:28:52.525582Z"}
Oct 03 10:28:52 fim-host fim-agent[79844]: {"path": "/srv/fim-watch/mmap_D_mmap_close_retardo_500ms_004.bin", "event_type": "file_created", "event_id": "1e2317c6-8be9-4555-a9fa-84cd1255a6c0", "event": "detector.change_detected", "level": "info", "timestamp": "2026-10-03T13:28:52.527490Z"}
Oct 03 10:28:52 fim-host fim-agent[79844]: {"event_id": "1e2317c6-8be9-4555-a9fa-84cd1255a6c0", "event": "publisher.event_acked", "level": "info", "timestamp": "2026-10-03T13:28:52.531362Z"}
Oct 03 10:28:58 fim-host fim-agent[79844]: {"event_id": "f16fcd22-ef4e-414a-abd3-e31021b1824f", "path": "/srv/fim-watch/mmap_D_mmap_close_retardo_500ms_004.bin", "action": "alert_only", "action_failed": false, "event": "decision.evaluated", "level": "info", "timestamp": "2026-10-03T13:28:58.023208Z"}
Oct 03 10:28:58 fim-host fim-agent[79844]: {"event_id": "f16fcd22-ef4e-414a-abd3-e31021b1824f", "deferred": false, "event": "publisher.event_published", "level": "info", "timestamp": "2026-10-03T13:28:58.038937Z"}
Oct 03 10:28:58 fim-host fim-agent[79844]: {"path": "/srv/fim-watch/mmap_D_mmap_close_retardo_500ms_004.bin", "event_type": "file_modified", "event_id": "f16fcd22-ef4e-414a-abd3-e31021b1824f", "event": "detector.change_detected", "level": "info", "timestamp": "2026-10-03T13:28:58.043588Z"}
Oct 03 10:28:58 fim-host fim-agent[79844]: {"event_id": "f16fcd22-ef4e-414a-abd3-e31021b1824f", "event": "publisher.event_acked", "level": "info", "timestamp": "2026-10-03T13:28:58.052518Z"}
Oct 03 10:29:03 fim-host fim-agent[79844]: {"event_id": "5ed88e02-41eb-4ad5-be22-1026ff3810ca", "path": "/srv/fim-watch/mmap_D_mmap_close_retardo_500ms_005.bin", "action": "alert_only", "action_failed": false, "event": "decision.evaluated", "level": "info", "timestamp": "2026-10-03T13:29:03.026415Z"}
Oct 03 10:29:03 fim-host fim-agent[79844]: {"event_id": "5ed88e02-41eb-4ad5-be22-1026ff3810ca", "deferred": false, "event": "publisher.event_published", "level": "info", "timestamp": "2026-10-03T13:29:03.033095Z"}
Oct 03 10:29:03 fim-host fim-agent[79844]: {"path": "/srv/fim-watch/mmap_D_mmap_close_retardo_500ms_005.bin", "event_type": "file_modified", "event_id": "5ed88e02-41eb-4ad5-be22-1026ff3810ca", "event": "detector.change_detected", "level": "info", "timestamp": "2026-10-03T13:29:03.036577Z"}
Oct 03 10:29:03 fim-host fim-agent[79844]: {"event_id": "5ed88e02-41eb-4ad5-be22-1026ff3810ca", "event": "publisher.event_acked", "level": "info", "timestamp": "2026-10-03T13:29:03.041285Z"}
Oct 03 10:29:08 fim-host fim-agent[79844]: {"event_id": "73669ea0-03df-42eb-bd18-50c85d529aaf", "path": "/srv/fim-watch/mmap_D_mmap_close_retardo_500ms_005.bin", "action": "alert_only", "action_failed": false, "event": "decision.evaluated", "level": "info", "timestamp": "2026-10-03T13:29:08.527035Z"}
Oct 03 10:29:08 fim-host fim-agent[79844]: {"event_id": "73669ea0-03df-42eb-bd18-50c85d529aaf", "deferred": false, "event": "publisher.event_published", "level": "info", "timestamp": "2026-10-03T13:29:08.531908Z"}
Oct 03 10:29:08 fim-host fim-agent[79844]: {"path": "/srv/fim-watch/mmap_D_mmap_close_retardo_500ms_005.bin", "event_type": "file_modified", "event_id": "73669ea0-03df-42eb-bd18-50c85d529aaf", "event": "detector.change_detected", "level": "info", "timestamp": "2026-10-03T13:29:08.534920Z"}
Oct 03 10:29:08 fim-host fim-agent[79844]: {"event_id": "73669ea0-03df-42eb-bd18-50c85d529aaf", "event": "publisher.event_acked", "level": "info", "timestamp": "2026-10-03T13:29:08.539621Z"}
Oct 03 10:29:13 fim-host fim-agent[79844]: {"event_id": "27322be9-76be-4d65-b53e-56e7e69a0075", "path": "/srv/fim-watch/mmap_D_mmap_close_retardo_500ms_006.bin", "action": "alert_only", "action_failed": false, "event": "decision.evaluated", "level": "info", "timestamp": "2026-10-03T13:29:13.540868Z"}
Oct 03 10:29:13 fim-host fim-agent[79844]: {"event_id": "27322be9-76be-4d65-b53e-56e7e69a0075", "deferred": false, "event": "publisher.event_published", "level": "info", "timestamp": "2026-10-03T13:29:13.548222Z"}
Oct 03 10:29:13 fim-host fim-agent[79844]: {"path": "/srv/fim-watch/mmap_D_mmap_close_retardo_500ms_006.bin", "event_type": "file_modified", "event_id": "27322be9-76be-4d65-b53e-56e7e69a0075", "event": "detector.change_detected", "level": "info", "timestamp": "2026-10-03T13:29:13.552533Z"}
Oct 03 10:29:13 fim-host fim-agent[79844]: {"event_id": "27322be9-76be-4d65-b53e-56e7e69a0075", "event": "publisher.event_acked", "level": "info", "timestamp": "2026-10-03T13:29:13.563311Z"}
Oct 03 10:29:19 fim-host fim-agent[79844]: {"event_id": "795af950-8388-49e6-9094-aec339d4f266", "path": "/srv/fim-watch/mmap_D_mmap_close_retardo_500ms_006.bin", "action": "alert_only", "action_failed": false, "event": "decision.evaluated", "level": "info", "timestamp": "2026-10-03T13:29:19.051198Z"}
Oct 03 10:29:19 fim-host fim-agent[79844]: {"event_id": "795af950-8388-49e6-9094-aec339d4f266", "deferred": false, "event": "publisher.event_published", "level": "info", "timestamp": "2026-10-03T13:29:19.061084Z"}
Oct 03 10:29:19 fim-host fim-agent[79844]: {"path": "/srv/fim-watch/mmap_D_mmap_close_retardo_500ms_006.bin", "event_type": "file_modified", "event_id": "795af950-8388-49e6-9094-aec339d4f266", "event": "detector.change_detected", "level": "info", "timestamp": "2026-10-03T13:29:19.065629Z"}
Oct 03 10:29:19 fim-host fim-agent[79844]: {"event_id": "795af950-8388-49e6-9094-aec339d4f266", "event": "publisher.event_acked", "level": "info", "timestamp": "2026-10-03T13:29:19.075459Z"}
Oct 03 10:29:24 fim-host fim-agent[79844]: {"event_id": "4eb09aed-e448-4424-9b31-4a3863d9e4a0", "path": "/srv/fim-watch/mmap_D_mmap_close_retardo_500ms_007.bin", "action": "alert_only", "action_failed": false, "event": "decision.evaluated", "level": "info", "timestamp": "2026-10-03T13:29:24.050534Z"}
Oct 03 10:29:24 fim-host fim-agent[79844]: {"event_id": "4eb09aed-e448-4424-9b31-4a3863d9e4a0", "deferred": false, "event": "publisher.event_published", "level": "info", "timestamp": "2026-10-03T13:29:24.057886Z"}
Oct 03 10:29:24 fim-host fim-agent[79844]: {"path": "/srv/fim-watch/mmap_D_mmap_close_retardo_500ms_007.bin", "event_type": "file_modified", "event_id": "4eb09aed-e448-4424-9b31-4a3863d9e4a0", "event": "detector.change_detected", "level": "info", "timestamp": "2026-10-03T13:29:24.061413Z"}
Oct 03 10:29:24 fim-host fim-agent[79844]: {"event_id": "4eb09aed-e448-4424-9b31-4a3863d9e4a0", "event": "publisher.event_acked", "level": "info", "timestamp": "2026-10-03T13:29:24.063064Z"}
Oct 03 10:29:29 fim-host fim-agent[79844]: {"event_id": "83062d0f-1099-467c-b8e7-74c843e80300", "path": "/srv/fim-watch/mmap_D_mmap_close_retardo_500ms_007.bin", "action": "alert_only", "action_failed": false, "event": "decision.evaluated", "level": "info", "timestamp": "2026-10-03T13:29:29.565924Z"}
Oct 03 10:29:29 fim-host fim-agent[79844]: {"event_id": "83062d0f-1099-467c-b8e7-74c843e80300", "deferred": false, "event": "publisher.event_published", "level": "info", "timestamp": "2026-10-03T13:29:29.576177Z"}
Oct 03 10:29:29 fim-host fim-agent[79844]: {"path": "/srv/fim-watch/mmap_D_mmap_close_retardo_500ms_007.bin", "event_type": "file_modified", "event_id": "83062d0f-1099-467c-b8e7-74c843e80300", "event": "detector.change_detected", "level": "info", "timestamp": "2026-10-03T13:29:29.581552Z"}
Oct 03 10:29:29 fim-host fim-agent[79844]: {"event_id": "83062d0f-1099-467c-b8e7-74c843e80300", "event": "publisher.event_acked", "level": "info", "timestamp": "2026-10-03T13:29:29.589698Z"}
Oct 03 10:29:34 fim-host fim-agent[79844]: {"event_id": "72fc3e09-f40f-4332-9508-5c986f8d34fa", "path": "/srv/fim-watch/mmap_D_mmap_close_retardo_500ms_008.bin", "action": "alert_only", "action_failed": false, "event": "decision.evaluated", "level": "info", "timestamp": "2026-10-03T13:29:34.574911Z"}
Oct 03 10:29:34 fim-host fim-agent[79844]: {"event_id": "72fc3e09-f40f-4332-9508-5c986f8d34fa", "deferred": false, "event": "publisher.event_published", "level": "info", "timestamp": "2026-10-03T13:29:34.586813Z"}
Oct 03 10:29:34 fim-host fim-agent[79844]: {"path": "/srv/fim-watch/mmap_D_mmap_close_retardo_500ms_008.bin", "event_type": "file_modified", "event_id": "72fc3e09-f40f-4332-9508-5c986f8d34fa", "event": "detector.change_detected", "level": "info", "timestamp": "2026-10-03T13:29:34.592807Z"}
Oct 03 10:29:34 fim-host fim-agent[79844]: {"event_id": "72fc3e09-f40f-4332-9508-5c986f8d34fa", "event": "publisher.event_acked", "level": "info", "timestamp": "2026-10-03T13:29:34.600939Z"}
Oct 03 10:29:40 fim-host fim-agent[79844]: {"event_id": "d089d201-8cbd-49f6-96da-b8e397ca3a10", "path": "/srv/fim-watch/mmap_D_mmap_close_retardo_500ms_008.bin", "action": "alert_only", "action_failed": false, "event": "decision.evaluated", "level": "info", "timestamp": "2026-10-03T13:29:40.079199Z"}
Oct 03 10:29:40 fim-host fim-agent[79844]: {"event_id": "d089d201-8cbd-49f6-96da-b8e397ca3a10", "deferred": false, "event": "publisher.event_published", "level": "info", "timestamp": "2026-10-03T13:29:40.091537Z"}
Oct 03 10:29:40 fim-host fim-agent[79844]: {"path": "/srv/fim-watch/mmap_D_mmap_close_retardo_500ms_008.bin", "event_type": "file_modified", "event_id": "d089d201-8cbd-49f6-96da-b8e397ca3a10", "event": "detector.change_detected", "level": "info", "timestamp": "2026-10-03T13:29:40.097876Z"}
Oct 03 10:29:40 fim-host fim-agent[79844]: {"event_id": "d089d201-8cbd-49f6-96da-b8e397ca3a10", "event": "publisher.event_acked", "level": "info", "timestamp": "2026-10-03T13:29:40.103857Z"}
Oct 03 10:29:45 fim-host fim-agent[79844]: {"event_id": "5b6c47f7-0d34-409c-b467-dab2436a4130", "path": "/srv/fim-watch/mmap_D_mmap_close_retardo_500ms_009.bin", "action": "alert_only", "action_failed": false, "event": "decision.evaluated", "level": "info", "timestamp": "2026-10-03T13:29:45.076978Z"}
Oct 03 10:29:45 fim-host fim-agent[79844]: {"event_id": "5b6c47f7-0d34-409c-b467-dab2436a4130", "deferred": false, "event": "publisher.event_published", "level": "info", "timestamp": "2026-10-03T13:29:45.083306Z"}
Oct 03 10:29:45 fim-host fim-agent[79844]: {"path": "/srv/fim-watch/mmap_D_mmap_close_retardo_500ms_009.bin", "event_type": "file_modified", "event_id": "5b6c47f7-0d34-409c-b467-dab2436a4130", "event": "detector.change_detected", "level": "info", "timestamp": "2026-10-03T13:29:45.086710Z"}
Oct 03 10:29:45 fim-host fim-agent[79844]: {"event_id": "5b6c47f7-0d34-409c-b467-dab2436a4130", "event": "publisher.event_acked", "level": "info", "timestamp": "2026-10-03T13:29:45.089168Z"}
Oct 03 10:29:50 fim-host fim-agent[79844]: {"event_id": "5daebc35-d72a-428d-b929-83199aa7f798", "path": "/srv/fim-watch/mmap_D_mmap_close_retardo_500ms_009.bin", "action": "alert_only", "action_failed": false, "event": "decision.evaluated", "level": "info", "timestamp": "2026-10-03T13:29:50.597063Z"}
Oct 03 10:29:50 fim-host fim-agent[79844]: {"event_id": "5daebc35-d72a-428d-b929-83199aa7f798", "deferred": false, "event": "publisher.event_published", "level": "info", "timestamp": "2026-10-03T13:29:50.607206Z"}
Oct 03 10:29:50 fim-host fim-agent[79844]: {"path": "/srv/fim-watch/mmap_D_mmap_close_retardo_500ms_009.bin", "event_type": "file_modified", "event_id": "5daebc35-d72a-428d-b929-83199aa7f798", "event": "detector.change_detected", "level": "info", "timestamp": "2026-10-03T13:29:50.611624Z"}
Oct 03 10:29:50 fim-host fim-agent[79844]: {"event_id": "5daebc35-d72a-428d-b929-83199aa7f798", "event": "publisher.event_acked", "level": "info", "timestamp": "2026-10-03T13:29:50.620041Z"}
Oct 03 10:29:55 fim-host fim-agent[79844]: {"event_id": "dfc822a2-0ec5-4a04-b44f-535a9445c904", "path": "/srv/fim-watch/mmap_D_mmap_close_retardo_500ms_010.bin", "action": "alert_only", "action_failed": false, "event": "decision.evaluated", "level": "info", "timestamp": "2026-10-03T13:29:55.606808Z"}
Oct 03 10:29:55 fim-host fim-agent[79844]: {"event_id": "dfc822a2-0ec5-4a04-b44f-535a9445c904", "deferred": false, "event": "publisher.event_published", "level": "info", "timestamp": "2026-10-03T13:29:55.619976Z"}
Oct 03 10:29:55 fim-host fim-agent[79844]: {"path": "/srv/fim-watch/mmap_D_mmap_close_retardo_500ms_010.bin", "event_type": "file_modified", "event_id": "dfc822a2-0ec5-4a04-b44f-535a9445c904", "event": "detector.change_detected", "level": "info", "timestamp": "2026-10-03T13:29:55.625548Z"}
Oct 03 10:29:55 fim-host fim-agent[79844]: {"event_id": "dfc822a2-0ec5-4a04-b44f-535a9445c904", "event": "publisher.event_acked", "level": "info", "timestamp": "2026-10-03T13:29:55.632834Z"}
Oct 03 10:30:01 fim-host fim-agent[79844]: {"event_id": "eed66fa1-a687-447e-8a8e-41ee957f8f8a", "path": "/srv/fim-watch/mmap_D_mmap_close_retardo_500ms_010.bin", "action": "alert_only", "action_failed": false, "event": "decision.evaluated", "level": "info", "timestamp": "2026-10-03T13:30:01.105168Z"}
Oct 03 10:30:01 fim-host fim-agent[79844]: {"event_id": "eed66fa1-a687-447e-8a8e-41ee957f8f8a", "deferred": false, "event": "publisher.event_published", "level": "info", "timestamp": "2026-10-03T13:30:01.112352Z"}
Oct 03 10:30:01 fim-host fim-agent[79844]: {"path": "/srv/fim-watch/mmap_D_mmap_close_retardo_500ms_010.bin", "event_type": "file_modified", "event_id": "eed66fa1-a687-447e-8a8e-41ee957f8f8a", "event": "detector.change_detected", "level": "info", "timestamp": "2026-10-03T13:30:01.115473Z"}
Oct 03 10:30:01 fim-host fim-agent[79844]: {"event_id": "eed66fa1-a687-447e-8a8e-41ee957f8f8a", "event": "publisher.event_acked", "level": "info", "timestamp": "2026-10-03T13:30:01.122236Z"}
