[HOME]/Facultad/tesis/tesis-fim-serio/backend/.venv/lib/python3.13/site-packages/pytest_asyncio/plugin.py:207: PytestDeprecationWarning: The configuration option "asyncio_default_fixture_loop_scope" is unset.
The event loop scope for asynchronous fixtures will default to the fixture caching scope. Future versions of pytest-asyncio will default the loop scope for asynchronous fixtures to function scope. Set the default fixture loop scope explicitly in order to avoid unexpected behavior in the future. Valid fixture loop scopes are: "function", "class", "module", "package", "session"

  warnings.warn(PytestDeprecationWarning(_DEFAULT_FIXTURE_LOOP_SCOPE_UNSET))
============================= test session starts ==============================
platform linux -- Python 3.13.14, pytest-8.3.4, pluggy-1.6.0
rootdir: [HOME]/Facultad/tesis/tesis-fim-serio-worktrees/l5-agents/backend
configfile: pyproject.toml
plugins: anyio-4.14.0, timeout-2.3.1, asyncio-0.25.2, cov-6.0.0
timeout: 60.0s
timeout method: signal
timeout func_only: False
asyncio: mode=Mode.AUTO, asyncio_default_fixture_loop_scope=None
collected 618 items

backend/tests/core/test_notification_settings.py ....                    [  0%]
backend/tests/core/test_rate_limit_load.py .EEE.....                     [  2%]
backend/tests/core/test_rate_limit_semantics.py .E                       [  2%]
backend/tests/modules/events/test_retention.py ...E..                    [  3%]
backend/tests/modules/users/test_user_management.py FE.F.FFF.            [  4%]
backend/tests/test_actions.py EEE.....E......                            [  7%]
backend/tests/test_actions_router.py ..E....E......+++++++++++++++++++++++++++++++++++ Timeout ++++++++++++++++++++++++++++++++++++
~~~~~~~~~~~~~~~~ Stack of AnyIO worker thread (128261133690560) ~~~~~~~~~~~~~~~~
  File "[HOME]/.local/share/uv/python/cpython-3.13.14-linux-x86_64-gnu/lib/python3.13/threading.py", line 1015, in _bootstrap
    self._bootstrap_inner()
  File "[HOME]/.local/share/uv/python/cpython-3.13.14-linux-x86_64-gnu/lib/python3.13/threading.py", line 1044, in _bootstrap_inner
    self.run()
  File "[HOME]/Facultad/tesis/tesis-fim-serio/backend/.venv/lib/python3.13/site-packages/anyio/_backends/_asyncio.py", line 1018, in run
    item = self.queue.get()
  File "[HOME]/.local/share/uv/python/cpython-3.13.14-linux-x86_64-gnu/lib/python3.13/queue.py", line 199, in get
    self.not_empty.wait()
  File "[HOME]/.local/share/uv/python/cpython-3.13.14-linux-x86_64-gnu/lib/python3.13/threading.py", line 359, in wait
    waiter.acquire()
+++++++++++++++++++++++++++++++++++ Timeout ++++++++++++++++++++++++++++++++++++
F..........                                                              [ 11%]
backend/tests/test_agent_cert_renewal.py .......                         [ 12%]
backend/tests/test_agent_mgmt.py .EE.E.EE.............                   [ 15%]
backend/tests/test_agent_watch_path_status.py E.......E                  [ 17%]
backend/tests/test_auth.py ...........EEE..FEEEE.....                    [ 21%]
backend/tests/test_c22_auth.py ......                                    [ 22%]
backend/tests/test_c22_consumer.py .....                                 [ 23%]
backend/tests/test_c22_fk_chain.py E..                                   [ 23%]
backend/tests/test_c22_pki.py ..E...                                     [ 24%]
backend/tests/test_c22_scope_gate.py E....                               [ 25%]
backend/tests/test_c31_backend_event_correctness.py .............E       [ 27%]
backend/tests/test_c32_sse_security_fixes.py .............               [ 29%]
backend/tests/test_command_ack_consumer.py ....................          [ 33%]
backend/tests/test_consumer.py .......                                   [ 34%]
backend/tests/test_domain_models.py .........E.E...E..                   [ 37%]
backend/tests/test_drain_backend_unit1.py ......                         [ 38%]
backend/tests/test_event_ack_status_field.py ...                         [ 38%]
backend/tests/test_event_action_error.py .........                       [ 40%]
backend/tests/test_event_consumer_c11.py .E.....EE                       [ 41%]
backend/tests/test_event_listing_contract.py E....E........E....F        [ 44%]
backend/tests/test_event_router.py ..E.                                  [ 45%]
backend/tests/test_event_service.py .E..E..........................      [ 50%]
backend/tests/test_event_severity.py .........                           [ 51%]
backend/tests/test_event_status_derivation.py ..........E......EE....... [ 56%]
..                                                                       [ 56%]
backend/tests/test_event_symlink_metadata.py ......                      [ 57%]
backend/tests/test_health.py ...                                         [ 57%]
backend/tests/test_health_n8n_check.py .............                     [ 60%]
backend/tests/test_heartbeat_consumer.py ..................              [ 62%]
backend/tests/test_integration_transport.py ..                           [ 63%]
backend/tests/test_jwt_key_rotation.py E.                                [ 63%]
backend/tests/test_logging_sanitize.py .........                         [ 65%]
backend/tests/test_logging_trace_id.py ..E.                              [ 65%]
backend/tests/test_mtls_transport.py .                                   [ 65%]
backend/tests/test_n8n_workflow_contract.py ...E......                   [ 67%]
backend/tests/test_notification_payload_contract.py ...........          [ 69%]
backend/tests/test_notifications.py .E..E.E.....E............E...F...... [ 75%]
...                                                                      [ 75%]
backend/tests/test_openspec_artifact_integrity.py .....                  [ 76%]
backend/tests/test_published_command_ack_tracking.py E....E              [ 77%]
backend/tests/test_retention_task.py ....                                [ 77%]
backend/tests/test_rule_sync_outbox.py ....                              [ 78%]
backend/tests/test_rules_router.py .................                     [ 81%]
backend/tests/test_rules_service.py ................................E    [ 86%]
backend/tests/test_ruleset_version_atomic.py ..                          [ 87%]
backend/tests/test_smtp_tls_modes.py ..E....                             [ 88%]
backend/tests/test_sse_alerts.py ...E.........FE.......E....             [ 92%]
backend/tests/test_stream_ack_durability_consumer.py .........E..E...EEE [ 95%]
..........                                                               [ 97%]
backend/tests/test_stream_ack_durability_outbox.py E........             [ 98%]
backend/tests/test_timestamps_timezone_aware.py ........                 [100%]

==================================== ERRORS ====================================
____________ ERROR at setup of test_api_n_mas_1_request_retorna_429 ____________
../../tesis-fim-serio/backend/.venv/lib/python3.13/site-packages/sqlalchemy/engine/base.py:1969: in _exec_single_context
    self.dialect.do_execute(
../../tesis-fim-serio/backend/.venv/lib/python3.13/site-packages/sqlalchemy/engine/default.py:952: in do_execute
    cursor.execute(statement, parameters)
../../tesis-fim-serio/backend/.venv/lib/python3.13/site-packages/psycopg/cursor.py:97: in execute
    raise ex.with_traceback(None)
E   psycopg.errors.UniqueViolation: duplicate key value violates unique constraint "ix_users_username"
E   DETAIL:  Key (username)=(admin) already exists.

The above exception was the direct cause of the following exception:
backend/tests/conftest.py:133: in _db_isolation
    _seed_admin_impl()
backend/tests/conftest.py:108: in _seed_admin_impl
    session.commit()
../../tesis-fim-serio/backend/.venv/lib/python3.13/site-packages/sqlalchemy/orm/session.py:2035: in commit
    trans.commit(_to_root=True)
../../tesis-fim-serio/backend/.venv/lib/python3.13/site-packages/sqlalchemy/orm/state_changes.py:137: in _go
    ret_value = fn(self, *arg, **kw)
../../tesis-fim-serio/backend/.venv/lib/python3.13/site-packages/sqlalchemy/orm/session.py:1316: in commit
    self._prepare_impl()
../../tesis-fim-serio/backend/.venv/lib/python3.13/site-packages/sqlalchemy/orm/state_changes.py:137: in _go
    ret_value = fn(self, *arg, **kw)
../../tesis-fim-serio/backend/.venv/lib/python3.13/site-packages/sqlalchemy/orm/session.py:1290: in _prepare_impl
    self.session.flush()
../../tesis-fim-serio/backend/.venv/lib/python3.13/site-packages/sqlalchemy/orm/session.py:4353: in flush
    self._flush(objects)
../../tesis-fim-serio/backend/.venv/lib/python3.13/site-packages/sqlalchemy/orm/session.py:4488: in _flush
    with util.safe_reraise():
../../tesis-fim-serio/backend/.venv/lib/python3.13/site-packages/sqlalchemy/util/langhelpers.py:122: in __exit__
    raise exc_value.with_traceback(exc_tb)
../../tesis-fim-serio/backend/.venv/lib/python3.13/site-packages/sqlalchemy/orm/session.py:4449: in _flush
    flush_context.execute()
../../tesis-fim-serio/backend/.venv/lib/python3.13/site-packages/sqlalchemy/orm/unitofwork.py:465: in execute
    rec.execute(self)
../../tesis-fim-serio/backend/.venv/lib/python3.13/site-packages/sqlalchemy/orm/unitofwork.py:641: in execute
    util.preloaded.orm_persistence.save_obj(
../../tesis-fim-serio/backend/.venv/lib/python3.13/site-packages/sqlalchemy/orm/persistence.py:94: in save_obj
    _emit_insert_statements(
../../tesis-fim-serio/backend/.venv/lib/python3.13/site-packages/sqlalchemy/orm/persistence.py:1234: in _emit_insert_statements
    result = connection.execute(
../../tesis-fim-serio/backend/.venv/lib/python3.13/site-packages/sqlalchemy/engine/base.py:1421: in execute
    return meth(
../../tesis-fim-serio/backend/.venv/lib/python3.13/site-packages/sqlalchemy/sql/elements.py:526: in _execute_on_connection
    return connection._execute_clauseelement(
../../tesis-fim-serio/backend/.venv/lib/python3.13/site-packages/sqlalchemy/engine/base.py:1643: in _execute_clauseelement
    ret = self._execute_context(
../../tesis-fim-serio/backend/.venv/lib/python3.13/site-packages/sqlalchemy/engine/base.py:1848: in _execute_context
    return self._exec_single_context(
../../tesis-fim-serio/backend/.venv/lib/python3.13/site-packages/sqlalchemy/engine/base.py:1988: in _exec_single_context
    self._handle_dbapi_exception(
../../tesis-fim-serio/backend/.venv/lib/python3.13/site-packages/sqlalchemy/engine/base.py:2365: in _handle_dbapi_exception
    raise sqlalchemy_exception.with_traceback(exc_info[2]) from e
../../tesis-fim-serio/backend/.venv/lib/python3.13/site-packages/sqlalchemy/engine/base.py:1969: in _exec_single_context
    self.dialect.do_execute(
../../tesis-fim-serio/backend/.venv/lib/python3.13/site-packages/sqlalchemy/engine/default.py:952: in do_execute
    cursor.execute(statement, parameters)
../../tesis-fim-serio/backend/.venv/lib/python3.13/site-packages/psycopg/cursor.py:97: in execute
    raise ex.with_traceback(None)
E   sqlalchemy.exc.IntegrityError: (psycopg.errors.UniqueViolation) duplicate key value violates unique constraint "ix_users_username"
E   DETAIL:  Key (username)=(admin) already exists.
E   [SQL: INSERT INTO users (username, email, password_hash, role, is_active, must_change_password, created_at) VALUES (%(username)s::VARCHAR, %(email)s::VARCHAR, %(password_hash)s::VARCHAR, %(role)s::VARCHAR, %(is_active)s, %(must_change_password)s, %(created_at)s::TIMESTAMP WITH TIME ZONE) RETURNING users.id]
E   [parameters: {'username': 'admin', 'email': 'admin@fim.local', 'password_hash': '$argon2id$v=19$m=65536,t=3,p=4$CNCueYf8FX8qIsqWuULL0g$rsOr30c/GpLxuXBjsQojcu/XfA8MkGs/1xVc3WEvhqo', 'role': 'admin', 'is_active': True, 'must_change_password': True, 'created_at': datetime.datetime(2026, 9, 12, 20, 19, 43, 187068, tzinfo=datetime.timezone.utc)}]
E   (Background on this error at: https://sqlalche.me/e/20/gkpj)
_______ ERROR at setup of test_api_ventana_se_resetea_en_primer_request ________
../../tesis-fim-serio/backend/.venv/lib/python3.13/site-packages/sqlalchemy/engine/base.py:1969: in _exec_single_context
    self.dialect.do_execute(
../../tesis-fim-serio/backend/.venv/lib/python3.13/site-packages/sqlalchemy/engine/default.py:952: in do_execute
    cursor.execute(statement, parameters)
../../tesis-fim-serio/backend/.venv/lib/python3.13/site-packages/psycopg/cursor.py:97: in execute
    raise ex.with_traceback(None)
E   psycopg.errors.UniqueViolation: duplicate key value violates unique constraint "ix_users_username"
E   DETAIL:  Key (username)=(admin) already exists.

The above exception was the direct cause of the following exception:
backend/tests/conftest.py:133: in _db_isolation
    _seed_admin_impl()
backend/tests/conftest.py:108: in _seed_admin_impl
    session.commit()
../../tesis-fim-serio/backend/.venv/lib/python3.13/site-packages/sqlalchemy/orm/session.py:2035: in commit
    trans.commit(_to_root=True)
../../tesis-fim-serio/backend/.venv/lib/python3.13/site-packages/sqlalchemy/orm/state_changes.py:137: in _go
    ret_value = fn(self, *arg, **kw)
../../tesis-fim-serio/backend/.venv/lib/python3.13/site-packages/sqlalchemy/orm/session.py:1316: in commit
    self._prepare_impl()
../../tesis-fim-serio/backend/.venv/lib/python3.13/site-packages/sqlalchemy/orm/state_changes.py:137: in _go
    ret_value = fn(self, *arg, **kw)
../../tesis-fim-serio/backend/.venv/lib/python3.13/site-packages/sqlalchemy/orm/session.py:1290: in _prepare_impl
    self.session.flush()
../../tesis-fim-serio/backend/.venv/lib/python3.13/site-packages/sqlalchemy/orm/session.py:4353: in flush
    self._flush(objects)
../../tesis-fim-serio/backend/.venv/lib/python3.13/site-packages/sqlalchemy/orm/session.py:4488: in _flush
    with util.safe_reraise():
../../tesis-fim-serio/backend/.venv/lib/python3.13/site-packages/sqlalchemy/util/langhelpers.py:122: in __exit__
    raise exc_value.with_traceback(exc_tb)
../../tesis-fim-serio/backend/.venv/lib/python3.13/site-packages/sqlalchemy/orm/session.py:4449: in _flush
    flush_context.execute()
../../tesis-fim-serio/backend/.venv/lib/python3.13/site-packages/sqlalchemy/orm/unitofwork.py:465: in execute
    rec.execute(self)
../../tesis-fim-serio/backend/.venv/lib/python3.13/site-packages/sqlalchemy/orm/unitofwork.py:641: in execute
    util.preloaded.orm_persistence.save_obj(
../../tesis-fim-serio/backend/.venv/lib/python3.13/site-packages/sqlalchemy/orm/persistence.py:94: in save_obj
    _emit_insert_statements(
../../tesis-fim-serio/backend/.venv/lib/python3.13/site-packages/sqlalchemy/orm/persistence.py:1234: in _emit_insert_statements
    result = connection.execute(
../../tesis-fim-serio/backend/.venv/lib/python3.13/site-packages/sqlalchemy/engine/base.py:1421: in execute
    return meth(
../../tesis-fim-serio/backend/.venv/lib/python3.13/site-packages/sqlalchemy/sql/elements.py:526: in _execute_on_connection
    return connection._execute_clauseelement(
../../tesis-fim-serio/backend/.venv/lib/python3.13/site-packages/sqlalchemy/engine/base.py:1643: in _execute_clauseelement
    ret = self._execute_context(
../../tesis-fim-serio/backend/.venv/lib/python3.13/site-packages/sqlalchemy/engine/base.py:1848: in _execute_context
    return self._exec_single_context(
../../tesis-fim-serio/backend/.venv/lib/python3.13/site-packages/sqlalchemy/engine/base.py:1988: in _exec_single_context
    self._handle_dbapi_exception(
../../tesis-fim-serio/backend/.venv/lib/python3.13/site-packages/sqlalchemy/engine/base.py:2365: in _handle_dbapi_exception
    raise sqlalchemy_exception.with_traceback(exc_info[2]) from e
../../tesis-fim-serio/backend/.venv/lib/python3.13/site-packages/sqlalchemy/engine/base.py:1969: in _exec_single_context
    self.dialect.do_execute(
../../tesis-fim-serio/backend/.venv/lib/python3.13/site-packages/sqlalchemy/engine/default.py:952: in do_execute
    cursor.execute(statement, parameters)
../../tesis-fim-serio/backend/.venv/lib/python3.13/site-packages/psycopg/cursor.py:97: in execute
    raise ex.with_traceback(None)
E   sqlalchemy.exc.IntegrityError: (psycopg.errors.UniqueViolation) duplicate key value violates unique constraint "ix_users_username"
E   DETAIL:  Key (username)=(admin) already exists.
E   [SQL: INSERT INTO users (username, email, password_hash, role, is_active, must_change_password, created_at) VALUES (%(username)s::VARCHAR, %(email)s::VARCHAR, %(password_hash)s::VARCHAR, %(role)s::VARCHAR, %(is_active)s, %(must_change_password)s, %(created_at)s::TIMESTAMP WITH TIME ZONE) RETURNING users.id]
E   [parameters: {'username': 'admin', 'email': 'admin@fim.local', 'password_hash': '$argon2id$v=19$m=65536,t=3,p=4$j/34/p9L1eehIa0cBmpU/w$bzUO0eOHd+OUxNxh8T1pozE9ov0u4I526AkrM+xe0RM', 'role': 'admin', 'is_active': True, 'must_change_password': True, 'created_at': datetime.datetime(2026, 9, 12, 20, 19, 43, 703337, tzinfo=datetime.timezone.utc)}]
E   (Background on this error at: https://sqlalche.me/e/20/gkpj)
______ ERROR at setup of test_api_expire_usa_nx_en_requests_subsiguientes ______
../../tesis-fim-serio/backend/.venv/lib/python3.13/site-packages/sqlalchemy/engine/base.py:1969: in _exec_single_context
    self.dialect.do_execute(
../../tesis-fim-serio/backend/.venv/lib/python3.13/site-packages/sqlalchemy/engine/default.py:952: in do_execute
    cursor.execute(statement, parameters)
../../tesis-fim-serio/backend/.venv/lib/python3.13/site-packages/psycopg/cursor.py:97: in execute
    raise ex.with_traceback(None)
E   psycopg.errors.DeadlockDetected: deadlock detected
E   DETAIL:  Process 71 waits for AccessExclusiveLock on relation 412390 of database 412289; blocked by process 70.
E   Process 70 waits for RowExclusiveLock on relation 412508 of database 412289; blocked by process 71.
E   HINT:  See server log for query details.

The above exception was the direct cause of the following exception:
backend/tests/conftest.py:130: in _db_isolation
    conn.execute(sqlalchemy.text(stmt))
../../tesis-fim-serio/backend/.venv/lib/python3.13/site-packages/sqlalchemy/engine/base.py:1421: in execute
    return meth(
../../tesis-fim-serio/backend/.venv/lib/python3.13/site-packages/sqlalchemy/sql/elements.py:526: in _execute_on_connection
    return connection._execute_clauseelement(
../../tesis-fim-serio/backend/.venv/lib/python3.13/site-packages/sqlalchemy/engine/base.py:1643: in _execute_clauseelement
    ret = self._execute_context(
../../tesis-fim-serio/backend/.venv/lib/python3.13/site-packages/sqlalchemy/engine/base.py:1848: in _execute_context
    return self._exec_single_context(
../../tesis-fim-serio/backend/.venv/lib/python3.13/site-packages/sqlalchemy/engine/base.py:1988: in _exec_single_context
    self._handle_dbapi_exception(
../../tesis-fim-serio/backend/.venv/lib/python3.13/site-packages/sqlalchemy/engine/base.py:2365: in _handle_dbapi_exception
    raise sqlalchemy_exception.with_traceback(exc_info[2]) from e
../../tesis-fim-serio/backend/.venv/lib/python3.13/site-packages/sqlalchemy/engine/base.py:1969: in _exec_single_context
    self.dialect.do_execute(
../../tesis-fim-serio/backend/.venv/lib/python3.13/site-packages/sqlalchemy/engine/default.py:952: in do_execute
    cursor.execute(statement, parameters)
../../tesis-fim-serio/backend/.venv/lib/python3.13/site-packages/psycopg/cursor.py:97: in execute
    raise ex.with_traceback(None)
E   sqlalchemy.exc.OperationalError: (psycopg.errors.DeadlockDetected) deadlock detected
E   DETAIL:  Process 71 waits for AccessExclusiveLock on relation 412390 of database 412289; blocked by process 70.
E   Process 70 waits for RowExclusiveLock on relation 412508 of database 412289; blocked by process 71.
E   HINT:  See server log for query details.
E   [SQL: TRUNCATE agents, revoked_certificates, baseline_entries, alerts, audit_log, users, rules, ruleset_versions, published_commands, events, rejected_events_audit RESTART IDENTITY CASCADE]
E   (Background on this error at: https://sqlalche.me/e/20/e3q8)
___________ ERROR at setup of test_expire_nx_autorepara_key_sin_ttl ____________
../../tesis-fim-serio/backend/.venv/lib/python3.13/site-packages/sqlalchemy/engine/base.py:1969: in _exec_single_context
    self.dialect.do_execute(
../../tesis-fim-serio/backend/.venv/lib/python3.13/site-packages/sqlalchemy/engine/default.py:952: in do_execute
    cursor.execute(statement, parameters)
../../tesis-fim-serio/backend/.venv/lib/python3.13/site-packages/psycopg/cursor.py:97: in execute
    raise ex.with_traceback(None)
E   psycopg.errors.UniqueViolation: duplicate key value violates unique constraint "ix_users_username"
E   DETAIL:  Key (username)=(admin) already exists.

The above exception was the direct cause of the following exception:
backend/tests/conftest.py:133: in _db_isolation
    _seed_admin_impl()
backend/tests/conftest.py:108: in _seed_admin_impl
    session.commit()
../../tesis-fim-serio/backend/.venv/lib/python3.13/site-packages/sqlalchemy/orm/session.py:2035: in commit
    trans.commit(_to_root=True)
../../tesis-fim-serio/backend/.venv/lib/python3.13/site-packages/sqlalchemy/orm/state_changes.py:137: in _go
    ret_value = fn(self, *arg, **kw)
../../tesis-fim-serio/backend/.venv/lib/python3.13/site-packages/sqlalchemy/orm/session.py:1316: in commit
    self._prepare_impl()
../../tesis-fim-serio/backend/.venv/lib/python3.13/site-packages/sqlalchemy/orm/state_changes.py:137: in _go
    ret_value = fn(self, *arg, **kw)
../../tesis-fim-serio/backend/.venv/lib/python3.13/site-packages/sqlalchemy/orm/session.py:1290: in _prepare_impl
    self.session.flush()
../../tesis-fim-serio/backend/.venv/lib/python3.13/site-packages/sqlalchemy/orm/session.py:4353: in flush
    self._flush(objects)
../../tesis-fim-serio/backend/.venv/lib/python3.13/site-packages/sqlalchemy/orm/session.py:4488: in _flush
    with util.safe_reraise():
../../tesis-fim-serio/backend/.venv/lib/python3.13/site-packages/sqlalchemy/util/langhelpers.py:122: in __exit__
    raise exc_value.with_traceback(exc_tb)
../../tesis-fim-serio/backend/.venv/lib/python3.13/site-packages/sqlalchemy/orm/session.py:4449: in _flush
    flush_context.execute()
../../tesis-fim-serio/backend/.venv/lib/python3.13/site-packages/sqlalchemy/orm/unitofwork.py:465: in execute
    rec.execute(self)
../../tesis-fim-serio/backend/.venv/lib/python3.13/site-packages/sqlalchemy/orm/unitofwork.py:641: in execute
    util.preloaded.orm_persistence.save_obj(
../../tesis-fim-serio/backend/.venv/lib/python3.13/site-packages/sqlalchemy/orm/persistence.py:94: in save_obj
    _emit_insert_statements(
../../tesis-fim-serio/backend/.venv/lib/python3.13/site-packages/sqlalchemy/orm/persistence.py:1234: in _emit_insert_statements
    result = connection.execute(
../../tesis-fim-serio/backend/.venv/lib/python3.13/site-packages/sqlalchemy/engine/base.py:1421: in execute
    return meth(
../../tesis-fim-serio/backend/.venv/lib/python3.13/site-packages/sqlalchemy/sql/elements.py:526: in _execute_on_connection
    return connection._execute_clauseelement(
../../tesis-fim-serio/backend/.venv/lib/python3.13/site-packages/sqlalchemy/engine/base.py:1643: in _execute_clauseelement
    ret = self._execute_context(
../../tesis-fim-serio/backend/.venv/lib/python3.13/site-packages/sqlalchemy/engine/base.py:1848: in _execute_context
    return self._exec_single_context(
../../tesis-fim-serio/backend/.venv/lib/python3.13/site-packages/sqlalchemy/engine/base.py:1988: in _exec_single_context
    self._handle_dbapi_exception(
../../tesis-fim-serio/backend/.venv/lib/python3.13/site-packages/sqlalchemy/engine/base.py:2365: in _handle_dbapi_exception
    raise sqlalchemy_exception.with_traceback(exc_info[2]) from e
../../tesis-fim-serio/backend/.venv/lib/python3.13/site-packages/sqlalchemy/engine/base.py:1969: in _exec_single_context
    self.dialect.do_execute(
../../tesis-fim-serio/backend/.venv/lib/python3.13/site-packages/sqlalchemy/engine/default.py:952: in do_execute
    cursor.execute(statement, parameters)
../../tesis-fim-serio/backend/.venv/lib/python3.13/site-packages/psycopg/cursor.py:97: in execute
    raise ex.with_traceback(None)
E   sqlalchemy.exc.IntegrityError: (psycopg.errors.UniqueViolation) duplicate key value violates unique constraint "ix_users_username"
E   DETAIL:  Key (username)=(admin) already exists.
E   [SQL: INSERT INTO users (username, email, password_hash, role, is_active, must_change_password, created_at) VALUES (%(username)s::VARCHAR, %(email)s::VARCHAR, %(password_hash)s::VARCHAR, %(role)s::VARCHAR, %(is_active)s, %(must_change_password)s, %(created_at)s::TIMESTAMP WITH TIME ZONE) RETURNING users.id]
E   [parameters: {'username': 'admin', 'email': 'admin@fim.local', 'password_hash': '$argon2id$v=19$m=65536,t=3,p=4$PN3ROB6ZZbffKZtsTBt8XA$4FuLplm9xfDaPIdlBxATjrwZY5lKnmS5JkXGaupvyVQ', 'role': 'admin', 'is_active': True, 'must_change_password': True, 'created_at': datetime.datetime(2026, 9, 12, 20, 19, 46, 118, tzinfo=datetime.timezone.utc)}]
E   (Background on this error at: https://sqlalche.me/e/20/gkpj)
________ ERROR at setup of test_compact_chain_compacta_cadena_mayor_10 _________
../../tesis-fim-serio/backend/.venv/lib/python3.13/site-packages/sqlalchemy/engine/base.py:1969: in _exec_single_context
    self.dialect.do_execute(
../../tesis-fim-serio/backend/.venv/lib/python3.13/site-packages/sqlalchemy/engine/default.py:952: in do_execute
    cursor.execute(statement, parameters)
../../tesis-fim-serio/backend/.venv/lib/python3.13/site-packages/psycopg/cursor.py:97: in execute
    raise ex.with_traceback(None)
E   psycopg.errors.UniqueViolation: duplicate key value violates unique constraint "ix_users_username"
E   DETAIL:  Key (username)=(admin) already exists.

The above exception was the direct cause of the following exception:
backend/tests/conftest.py:133: in _db_isolation
    _seed_admin_impl()
backend/tests/conftest.py:108: in _seed_admin_impl
    session.commit()
../../tesis-fim-serio/backend/.venv/lib/python3.13/site-packages/sqlalchemy/orm/session.py:2035: in commit
    trans.commit(_to_root=True)
../../tesis-fim-serio/backend/.venv/lib/python3.13/site-packages/sqlalchemy/orm/state_changes.py:137: in _go
    ret_value = fn(self, *arg, **kw)
../../tesis-fim-serio/backend/.venv/lib/python3.13/site-packages/sqlalchemy/orm/session.py:1316: in commit
    self._prepare_impl()
../../tesis-fim-serio/backend/.venv/lib/python3.13/site-packages/sqlalchemy/orm/state_changes.py:137: in _go
    ret_value = fn(self, *arg, **kw)
../../tesis-fim-serio/backend/.venv/lib/python3.13/site-packages/sqlalchemy/orm/session.py:1290: in _prepare_impl
    self.session.flush()
../../tesis-fim-serio/backend/.venv/lib/python3.13/site-packages/sqlalchemy/orm/session.py:4353: in flush
    self._flush(objects)
../../tesis-fim-serio/backend/.venv/lib/python3.13/site-packages/sqlalchemy/orm/session.py:4488: in _flush
    with util.safe_reraise():
../../tesis-fim-serio/backend/.venv/lib/python3.13/site-packages/sqlalchemy/util/langhelpers.py:122: in __exit__
    raise exc_value.with_traceback(exc_tb)
../../tesis-fim-serio/backend/.venv/lib/python3.13/site-packages/sqlalchemy/orm/session.py:4449: in _flush
    flush_context.execute()
../../tesis-fim-serio/backend/.venv/lib/python3.13/site-packages/sqlalchemy/orm/unitofwork.py:465: in execute
    rec.execute(self)
../../tesis-fim-serio/backend/.venv/lib/python3.13/site-packages/sqlalchemy/orm/unitofwork.py:641: in execute
    util.preloaded.orm_persistence.save_obj(
../../tesis-fim-serio/backend/.venv/lib/python3.13/site-packages/sqlalchemy/orm/persistence.py:94: in save_obj
    _emit_insert_statements(
../../tesis-fim-serio/backend/.venv/lib/python3.13/site-packages/sqlalchemy/orm/persistence.py:1234: in _emit_insert_statements
    result = connection.execute(
../../tesis-fim-serio/backend/.venv/lib/python3.13/site-packages/sqlalchemy/engine/base.py:1421: in execute
    return meth(
../../tesis-fim-serio/backend/.venv/lib/python3.13/site-packages/sqlalchemy/sql/elements.py:526: in _execute_on_connection
    return connection._execute_clauseelement(
../../tesis-fim-serio/backend/.venv/lib/python3.13/site-packages/sqlalchemy/engine/base.py:1643: in _execute_clauseelement
    ret = self._execute_context(
../../tesis-fim-serio/backend/.venv/lib/python3.13/site-packages/sqlalchemy/engine/base.py:1848: in _execute_context
    return self._exec_single_context(
../../tesis-fim-serio/backend/.venv/lib/python3.13/site-packages/sqlalchemy/engine/base.py:1988: in _exec_single_context
    self._handle_dbapi_exception(
../../tesis-fim-serio/backend/.venv/lib/python3.13/site-packages/sqlalchemy/engine/base.py:2365: in _handle_dbapi_exception
    raise sqlalchemy_exception.with_traceback(exc_info[2]) from e
../../tesis-fim-serio/backend/.venv/lib/python3.13/site-packages/sqlalchemy/engine/base.py:1969: in _exec_single_context
    self.dialect.do_execute(
../../tesis-fim-serio/backend/.venv/lib/python3.13/site-packages/sqlalchemy/engine/default.py:952: in do_execute
    cursor.execute(statement, parameters)
../../tesis-fim-serio/backend/.venv/lib/python3.13/site-packages/psycopg/cursor.py:97: in execute
    raise ex.with_traceback(None)
E   sqlalchemy.exc.IntegrityError: (psycopg.errors.UniqueViolation) duplicate key value violates unique constraint "ix_users_username"
E   DETAIL:  Key (username)=(admin) already exists.
E   [SQL: INSERT INTO users (username, email, password_hash, role, is_active, must_change_password, created_at) VALUES (%(username)s::VARCHAR, %(email)s::VARCHAR, %(password_hash)s::VARCHAR, %(role)s::VARCHAR, %(is_active)s, %(must_change_password)s, %(created_at)s::TIMESTAMP WITH TIME ZONE) RETURNING users.id]
E   [parameters: {'username': 'admin', 'email': 'admin@fim.local', 'password_hash': '$argon2id$v=19$m=65536,t=3,p=4$k3Z3s97PmcO+tQpYtM8O3w$FoLUWwp2BRcK5OkWu8NN5MFGLl1mmz55kaPVRK41zqk', 'role': 'admin', 'is_active': True, 'must_change_password': True, 'created_at': datetime.datetime(2026, 9, 12, 20, 19, 46, 755818, tzinfo=datetime.timezone.utc)}]
E   (Background on this error at: https://sqlalche.me/e/20/gkpj)
___________ ERROR at setup of test_no_admin_recibe_403_en_get_users ____________
../../tesis-fim-serio/backend/.venv/lib/python3.13/site-packages/sqlalchemy/engine/base.py:1969: in _exec_single_context
    self.dialect.do_execute(
../../tesis-fim-serio/backend/.venv/lib/python3.13/site-packages/sqlalchemy/engine/default.py:952: in do_execute
    cursor.execute(statement, parameters)
../../tesis-fim-serio/backend/.venv/lib/python3.13/site-packages/psycopg/cursor.py:97: in execute
    raise ex.with_traceback(None)
E   psycopg.errors.UniqueViolation: duplicate key value violates unique constraint "ix_users_username"
E   DETAIL:  Key (username)=(admin) already exists.

The above exception was the direct cause of the following exception:
backend/tests/conftest.py:133: in _db_isolation
    _seed_admin_impl()
backend/tests/conftest.py:108: in _seed_admin_impl
    session.commit()
../../tesis-fim-serio/backend/.venv/lib/python3.13/site-packages/sqlalchemy/orm/session.py:2035: in commit
    trans.commit(_to_root=True)
../../tesis-fim-serio/backend/.venv/lib/python3.13/site-packages/sqlalchemy/orm/state_changes.py:137: in _go
    ret_value = fn(self, *arg, **kw)
../../tesis-fim-serio/backend/.venv/lib/python3.13/site-packages/sqlalchemy/orm/session.py:1316: in commit
    self._prepare_impl()
../../tesis-fim-serio/backend/.venv/lib/python3.13/site-packages/sqlalchemy/orm/state_changes.py:137: in _go
    ret_value = fn(self, *arg, **kw)
../../tesis-fim-serio/backend/.venv/lib/python3.13/site-packages/sqlalchemy/orm/session.py:1290: in _prepare_impl
    self.session.flush()
../../tesis-fim-serio/backend/.venv/lib/python3.13/site-packages/sqlalchemy/orm/session.py:4353: in flush
    self._flush(objects)
../../tesis-fim-serio/backend/.venv/lib/python3.13/site-packages/sqlalchemy/orm/session.py:4488: in _flush
    with util.safe_reraise():
../../tesis-fim-serio/backend/.venv/lib/python3.13/site-packages/sqlalchemy/util/langhelpers.py:122: in __exit__
    raise exc_value.with_traceback(exc_tb)
../../tesis-fim-serio/backend/.venv/lib/python3.13/site-packages/sqlalchemy/orm/session.py:4449: in _flush
    flush_context.execute()
../../tesis-fim-serio/backend/.venv/lib/python3.13/site-packages/sqlalchemy/orm/unitofwork.py:465: in execute
    rec.execute(self)
../../tesis-fim-serio/backend/.venv/lib/python3.13/site-packages/sqlalchemy/orm/unitofwork.py:641: in execute
    util.preloaded.orm_persistence.save_obj(
../../tesis-fim-serio/backend/.venv/lib/python3.13/site-packages/sqlalchemy/orm/persistence.py:94: in save_obj
    _emit_insert_statements(
../../tesis-fim-serio/backend/.venv/lib/python3.13/site-packages/sqlalchemy/orm/persistence.py:1234: in _emit_insert_statements
    result = connection.execute(
../../tesis-fim-serio/backend/.venv/lib/python3.13/site-packages/sqlalchemy/engine/base.py:1421: in execute
    return meth(
../../tesis-fim-serio/backend/.venv/lib/python3.13/site-packages/sqlalchemy/sql/elements.py:526: in _execute_on_connection
    return connection._execute_clauseelement(
../../tesis-fim-serio/backend/.venv/lib/python3.13/site-packages/sqlalchemy/engine/base.py:1643: in _execute_clauseelement
    ret = self._execute_context(
../../tesis-fim-serio/backend/.venv/lib/python3.13/site-packages/sqlalchemy/engine/base.py:1848: in _execute_context
    return self._exec_single_context(
../../tesis-fim-serio/backend/.venv/lib/python3.13/site-packages/sqlalchemy/engine/base.py:1988: in _exec_single_context
    self._handle_dbapi_exception(
../../tesis-fim-serio/backend/.venv/lib/python3.13/site-packages/sqlalchemy/engine/base.py:2365: in _handle_dbapi_exception
    raise sqlalchemy_exception.with_traceback(exc_info[2]) from e
../../tesis-fim-serio/backend/.venv/lib/python3.13/site-packages/sqlalchemy/engine/base.py:1969: in _exec_single_context
    self.dialect.do_execute(
../../tesis-fim-serio/backend/.venv/lib/python3.13/site-packages/sqlalchemy/engine/default.py:952: in do_execute
    cursor.execute(statement, parameters)
../../tesis-fim-serio/backend/.venv/lib/python3.13/site-packages/psycopg/cursor.py:97: in execute
    raise ex.with_traceback(None)
E   sqlalchemy.exc.IntegrityError: (psycopg.errors.UniqueViolation) duplicate key value violates unique constraint "ix_users_username"
E   DETAIL:  Key (username)=(admin) already exists.
E   [SQL: INSERT INTO users (username, email, password_hash, role, is_active, must_change_password, created_at) VALUES (%(username)s::VARCHAR, %(email)s::VARCHAR, %(password_hash)s::VARCHAR, %(role)s::VARCHAR, %(is_active)s, %(must_change_password)s, %(created_at)s::TIMESTAMP WITH TIME ZONE) RETURNING users.id]
E   [parameters: {'username': 'admin', 'email': 'admin@fim.local', 'password_hash': '$argon2id$v=19$m=65536,t=3,p=4$17WHE4gjmSCeflG+XFWOnQ$Zq2gibWzhCPuJQkA1QZ/mYJL50qcSr0Dmg9je/LOKUw', 'role': 'admin', 'is_active': True, 'must_change_password': True, 'created_at': datetime.datetime(2026, 9, 12, 20, 19, 47, 889598, tzinfo=datetime.timezone.utc)}]
E   (Background on this error at: https://sqlalche.me/e/20/gkpj)
____________________ ERROR at setup of test_approve_success ____________________
../../tesis-fim-serio/backend/.venv/lib/python3.13/site-packages/sqlalchemy/engine/base.py:1969: in _exec_single_context
    self.dialect.do_execute(
../../tesis-fim-serio/backend/.venv/lib/python3.13/site-packages/sqlalchemy/engine/default.py:952: in do_execute
    cursor.execute(statement, parameters)
../../tesis-fim-serio/backend/.venv/lib/python3.13/site-packages/psycopg/cursor.py:97: in execute
    raise ex.with_traceback(None)
E   psycopg.errors.UniqueViolation: duplicate key value violates unique constraint "ix_users_username"
E   DETAIL:  Key (username)=(admin) already exists.

The above exception was the direct cause of the following exception:
backend/tests/conftest.py:133: in _db_isolation
    _seed_admin_impl()
backend/tests/conftest.py:108: in _seed_admin_impl
    session.commit()
../../tesis-fim-serio/backend/.venv/lib/python3.13/site-packages/sqlalchemy/orm/session.py:2035: in commit
    trans.commit(_to_root=True)
../../tesis-fim-serio/backend/.venv/lib/python3.13/site-packages/sqlalchemy/orm/state_changes.py:137: in _go
    ret_value = fn(self, *arg, **kw)
../../tesis-fim-serio/backend/.venv/lib/python3.13/site-packages/sqlalchemy/orm/session.py:1316: in commit
    self._prepare_impl()
../../tesis-fim-serio/backend/.venv/lib/python3.13/site-packages/sqlalchemy/orm/state_changes.py:137: in _go
    ret_value = fn(self, *arg, **kw)
../../tesis-fim-serio/backend/.venv/lib/python3.13/site-packages/sqlalchemy/orm/session.py:1290: in _prepare_impl
    self.session.flush()
../../tesis-fim-serio/backend/.venv/lib/python3.13/site-packages/sqlalchemy/orm/session.py:4353: in flush
    self._flush(objects)
../../tesis-fim-serio/backend/.venv/lib/python3.13/site-packages/sqlalchemy/orm/session.py:4488: in _flush
    with util.safe_reraise():
../../tesis-fim-serio/backend/.venv/lib/python3.13/site-packages/sqlalchemy/util/langhelpers.py:122: in __exit__
    raise exc_value.with_traceback(exc_tb)
../../tesis-fim-serio/backend/.venv/lib/python3.13/site-packages/sqlalchemy/orm/session.py:4449: in _flush
    flush_context.execute()
../../tesis-fim-serio/backend/.venv/lib/python3.13/site-packages/sqlalchemy/orm/unitofwork.py:465: in execute
    rec.execute(self)
../../tesis-fim-serio/backend/.venv/lib/python3.13/site-packages/sqlalchemy/orm/unitofwork.py:641: in execute
    util.preloaded.orm_persistence.save_obj(
../../tesis-fim-serio/backend/.venv/lib/python3.13/site-packages/sqlalchemy/orm/persistence.py:94: in save_obj
    _emit_insert_statements(
../../tesis-fim-serio/backend/.venv/lib/python3.13/site-packages/sqlalchemy/orm/persistence.py:1234: in _emit_insert_statements
    result = connection.execute(
../../tesis-fim-serio/backend/.venv/lib/python3.13/site-packages/sqlalchemy/engine/base.py:1421: in execute
    return meth(
../../tesis-fim-serio/backend/.venv/lib/python3.13/site-packages/sqlalchemy/sql/elements.py:526: in _execute_on_connection
    return connection._execute_clauseelement(
../../tesis-fim-serio/backend/.venv/lib/python3.13/site-packages/sqlalchemy/engine/base.py:1643: in _execute_clauseelement
    ret = self._execute_context(
../../tesis-fim-serio/backend/.venv/lib/python3.13/site-packages/sqlalchemy/engine/base.py:1848: in _execute_context
    return self._exec_single_context(
../../tesis-fim-serio/backend/.venv/lib/python3.13/site-packages/sqlalchemy/engine/base.py:1988: in _exec_single_context
    self._handle_dbapi_exception(
../../tesis-fim-serio/backend/.venv/lib/python3.13/site-packages/sqlalchemy/engine/base.py:2365: in _handle_dbapi_exception
    raise sqlalchemy_exception.with_traceback(exc_info[2]) from e
../../tesis-fim-serio/backend/.venv/lib/python3.13/site-packages/sqlalchemy/engine/base.py:1969: in _exec_single_context
    self.dialect.do_execute(
../../tesis-fim-serio/backend/.venv/lib/python3.13/site-packages/sqlalchemy/engine/default.py:952: in do_execute
    cursor.execute(statement, parameters)
../../tesis-fim-serio/backend/.venv/lib/python3.13/site-packages/psycopg/cursor.py:97: in execute
    raise ex.with_traceback(None)
E   sqlalchemy.exc.IntegrityError: (psycopg.errors.UniqueViolation) duplicate key value violates unique constraint "ix_users_username"
E   DETAIL:  Key (username)=(admin) already exists.
E   [SQL: INSERT INTO users (username, email, password_hash, role, is_active, must_change_password, created_at) VALUES (%(username)s::VARCHAR, %(email)s::VARCHAR, %(password_hash)s::VARCHAR, %(role)s::VARCHAR, %(is_active)s, %(must_change_password)s, %(created_at)s::TIMESTAMP WITH TIME ZONE) RETURNING users.id]
E   [parameters: {'username': 'admin', 'email': 'admin@fim.local', 'password_hash': '$argon2id$v=19$m=65536,t=3,p=4$JM97KGHTMZtslEsBEA0Mcg$Fbv3Bcx3BfABRqNeW6DqEY6KKxtMIhricZbwhU6Dpxk', 'role': 'admin', 'is_active': True, 'must_change_password': True, 'created_at': datetime.datetime(2026, 9, 12, 20, 19, 50, 958053, tzinfo=datetime.timezone.utc)}]
E   (Background on this error at: https://sqlalche.me/e/20/gkpj)
___________________ ERROR at setup of test_approve_conflict ____________________
../../tesis-fim-serio/backend/.venv/lib/python3.13/site-packages/sqlalchemy/engine/base.py:1969: in _exec_single_context
    self.dialect.do_execute(
../../tesis-fim-serio/backend/.venv/lib/python3.13/site-packages/sqlalchemy/engine/default.py:952: in do_execute
    cursor.execute(statement, parameters)
../../tesis-fim-serio/backend/.venv/lib/python3.13/site-packages/psycopg/cursor.py:97: in execute
    raise ex.with_traceback(None)
E   psycopg.errors.UniqueViolation: duplicate key value violates unique constraint "ix_users_username"
E   DETAIL:  Key (username)=(admin) already exists.

The above exception was the direct cause of the following exception:
backend/tests/conftest.py:133: in _db_isolation
    _seed_admin_impl()
backend/tests/conftest.py:108: in _seed_admin_impl
    session.commit()
../../tesis-fim-serio/backend/.venv/lib/python3.13/site-packages/sqlalchemy/orm/session.py:2035: in commit
    trans.commit(_to_root=True)
../../tesis-fim-serio/backend/.venv/lib/python3.13/site-packages/sqlalchemy/orm/state_changes.py:137: in _go
    ret_value = fn(self, *arg, **kw)
../../tesis-fim-serio/backend/.venv/lib/python3.13/site-packages/sqlalchemy/orm/session.py:1316: in commit
    self._prepare_impl()
../../tesis-fim-serio/backend/.venv/lib/python3.13/site-packages/sqlalchemy/orm/state_changes.py:137: in _go
    ret_value = fn(self, *arg, **kw)
../../tesis-fim-serio/backend/.venv/lib/python3.13/site-packages/sqlalchemy/orm/session.py:1290: in _prepare_impl
    self.session.flush()
../../tesis-fim-serio/backend/.venv/lib/python3.13/site-packages/sqlalchemy/orm/session.py:4353: in flush
    self._flush(objects)
../../tesis-fim-serio/backend/.venv/lib/python3.13/site-packages/sqlalchemy/orm/session.py:4488: in _flush
    with util.safe_reraise():
../../tesis-fim-serio/backend/.venv/lib/python3.13/site-packages/sqlalchemy/util/langhelpers.py:122: in __exit__
    raise exc_value.with_traceback(exc_tb)
../../tesis-fim-serio/backend/.venv/lib/python3.13/site-packages/sqlalchemy/orm/session.py:4449: in _flush
    flush_context.execute()
../../tesis-fim-serio/backend/.venv/lib/python3.13/site-packages/sqlalchemy/orm/unitofwork.py:465: in execute
    rec.execute(self)
../../tesis-fim-serio/backend/.venv/lib/python3.13/site-packages/sqlalchemy/orm/unitofwork.py:641: in execute
    util.preloaded.orm_persistence.save_obj(
../../tesis-fim-serio/backend/.venv/lib/python3.13/site-packages/sqlalchemy/orm/persistence.py:94: in save_obj
    _emit_insert_statements(
../../tesis-fim-serio/backend/.venv/lib/python3.13/site-packages/sqlalchemy/orm/persistence.py:1234: in _emit_insert_statements
    result = connection.execute(
../../tesis-fim-serio/backend/.venv/lib/python3.13/site-packages/sqlalchemy/engine/base.py:1421: in execute
    return meth(
../../tesis-fim-serio/backend/.venv/lib/python3.13/site-packages/sqlalchemy/sql/elements.py:526: in _execute_on_connection
    return connection._execute_clauseelement(
../../tesis-fim-serio/backend/.venv/lib/python3.13/site-packages/sqlalchemy/engine/base.py:1643: in _execute_clauseelement
    ret = self._execute_context(
../../tesis-fim-serio/backend/.venv/lib/python3.13/site-packages/sqlalchemy/engine/base.py:1848: in _execute_context
    return self._exec_single_context(
../../tesis-fim-serio/backend/.venv/lib/python3.13/site-packages/sqlalchemy/engine/base.py:1988: in _exec_single_context
    self._handle_dbapi_exception(
../../tesis-fim-serio/backend/.venv/lib/python3.13/site-packages/sqlalchemy/engine/base.py:2365: in _handle_dbapi_exception
    raise sqlalchemy_exception.with_traceback(exc_info[2]) from e
../../tesis-fim-serio/backend/.venv/lib/python3.13/site-packages/sqlalchemy/engine/base.py:1969: in _exec_single_context
    self.dialect.do_execute(
../../tesis-fim-serio/backend/.venv/lib/python3.13/site-packages/sqlalchemy/engine/default.py:952: in do_execute
    cursor.execute(statement, parameters)
../../tesis-fim-serio/backend/.venv/lib/python3.13/site-packages/psycopg/cursor.py:97: in execute
    raise ex.with_traceback(None)
E   sqlalchemy.exc.IntegrityError: (psycopg.errors.UniqueViolation) duplicate key value violates unique constraint "ix_users_username"
E   DETAIL:  Key (username)=(admin) already exists.
E   [SQL: INSERT INTO users (username, email, password_hash, role, is_active, must_change_password, created_at) VALUES (%(username)s::VARCHAR, %(email)s::VARCHAR, %(password_hash)s::VARCHAR, %(role)s::VARCHAR, %(is_active)s, %(must_change_password)s, %(created_at)s::TIMESTAMP WITH TIME ZONE) RETURNING users.id]
E   [parameters: {'username': 'admin', 'email': 'admin@fim.local', 'password_hash': '$argon2id$v=19$m=65536,t=3,p=4$sT8QUSynXnCmuktMJ3oARw$+A6D9bbMex4PXgktjch8es5kZCeRH4PeixZ2ER+EeZU', 'role': 'admin', 'is_active': True, 'must_change_password': True, 'created_at': datetime.datetime(2026, 9, 12, 20, 19, 51, 364497, tzinfo=datetime.timezone.utc)}]
E   (Background on this error at: https://sqlalche.me/e/20/gkpj)
_______________ ERROR at setup of test_approve_absent_no_confirm _______________
../../tesis-fim-serio/backend/.venv/lib/python3.13/site-packages/sqlalchemy/engine/base.py:1969: in _exec_single_context
    self.dialect.do_execute(
../../tesis-fim-serio/backend/.venv/lib/python3.13/site-packages/sqlalchemy/engine/default.py:952: in do_execute
    cursor.execute(statement, parameters)
../../tesis-fim-serio/backend/.venv/lib/python3.13/site-packages/psycopg/cursor.py:97: in execute
    raise ex.with_traceback(None)
E   psycopg.errors.UniqueViolation: duplicate key value violates unique constraint "ix_users_username"
E   DETAIL:  Key (username)=(admin) already exists.

The above exception was the direct cause of the following exception:
backend/tests/conftest.py:133: in _db_isolation
    _seed_admin_impl()
backend/tests/conftest.py:108: in _seed_admin_impl
    session.commit()
../../tesis-fim-serio/backend/.venv/lib/python3.13/site-packages/sqlalchemy/orm/session.py:2035: in commit
    trans.commit(_to_root=True)
../../tesis-fim-serio/backend/.venv/lib/python3.13/site-packages/sqlalchemy/orm/state_changes.py:137: in _go
    ret_value = fn(self, *arg, **kw)
../../tesis-fim-serio/backend/.venv/lib/python3.13/site-packages/sqlalchemy/orm/session.py:1316: in commit
    self._prepare_impl()
../../tesis-fim-serio/backend/.venv/lib/python3.13/site-packages/sqlalchemy/orm/state_changes.py:137: in _go
    ret_value = fn(self, *arg, **kw)
../../tesis-fim-serio/backend/.venv/lib/python3.13/site-packages/sqlalchemy/orm/session.py:1290: in _prepare_impl
    self.session.flush()
../../tesis-fim-serio/backend/.venv/lib/python3.13/site-packages/sqlalchemy/orm/session.py:4353: in flush
    self._flush(objects)
../../tesis-fim-serio/backend/.venv/lib/python3.13/site-packages/sqlalchemy/orm/session.py:4488: in _flush
    with util.safe_reraise():
../../tesis-fim-serio/backend/.venv/lib/python3.13/site-packages/sqlalchemy/util/langhelpers.py:122: in __exit__
    raise exc_value.with_traceback(exc_tb)
../../tesis-fim-serio/backend/.venv/lib/python3.13/site-packages/sqlalchemy/orm/session.py:4449: in _flush
    flush_context.execute()
../../tesis-fim-serio/backend/.venv/lib/python3.13/site-packages/sqlalchemy/orm/unitofwork.py:465: in execute
    rec.execute(self)
../../tesis-fim-serio/backend/.venv/lib/python3.13/site-packages/sqlalchemy/orm/unitofwork.py:641: in execute
    util.preloaded.orm_persistence.save_obj(
../../tesis-fim-serio/backend/.venv/lib/python3.13/site-packages/sqlalchemy/orm/persistence.py:94: in save_obj
    _emit_insert_statements(
../../tesis-fim-serio/backend/.venv/lib/python3.13/site-packages/sqlalchemy/orm/persistence.py:1234: in _emit_insert_statements
    result = connection.execute(
../../tesis-fim-serio/backend/.venv/lib/python3.13/site-packages/sqlalchemy/engine/base.py:1421: in execute
    return meth(
../../tesis-fim-serio/backend/.venv/lib/python3.13/site-packages/sqlalchemy/sql/elements.py:526: in _execute_on_connection
    return connection._execute_clauseelement(
../../tesis-fim-serio/backend/.venv/lib/python3.13/site-packages/sqlalchemy/engine/base.py:1643: in _execute_clauseelement
    ret = self._execute_context(
../../tesis-fim-serio/backend/.venv/lib/python3.13/site-packages/sqlalchemy/engine/base.py:1848: in _execute_context
    return self._exec_single_context(
../../tesis-fim-serio/backend/.venv/lib/python3.13/site-packages/sqlalchemy/engine/base.py:1988: in _exec_single_context
    self._handle_dbapi_exception(
../../tesis-fim-serio/backend/.venv/lib/python3.13/site-packages/sqlalchemy/engine/base.py:2365: in _handle_dbapi_exception
    raise sqlalchemy_exception.with_traceback(exc_info[2]) from e
../../tesis-fim-serio/backend/.venv/lib/python3.13/site-packages/sqlalchemy/engine/base.py:1969: in _exec_single_context
    self.dialect.do_execute(
../../tesis-fim-serio/backend/.venv/lib/python3.13/site-packages/sqlalchemy/engine/default.py:952: in do_execute
    cursor.execute(statement, parameters)
../../tesis-fim-serio/backend/.venv/lib/python3.13/site-packages/psycopg/cursor.py:97: in execute
    raise ex.with_traceback(None)
E   sqlalchemy.exc.IntegrityError: (psycopg.errors.UniqueViolation) duplicate key value violates unique constraint "ix_users_username"
E   DETAIL:  Key (username)=(admin) already exists.
E   [SQL: INSERT INTO users (username, email, password_hash, role, is_active, must_change_password, created_at) VALUES (%(username)s::VARCHAR, %(email)s::VARCHAR, %(password_hash)s::VARCHAR, %(role)s::VARCHAR, %(is_active)s, %(must_change_password)s, %(created_at)s::TIMESTAMP WITH TIME ZONE) RETURNING users.id]
E   [parameters: {'username': 'admin', 'email': 'admin@fim.local', 'password_hash': '$argon2id$v=19$m=65536,t=3,p=4$OEmxOHWbzdYWvEhtcxz7+w$NidhJCMUE5xFAA/oYWOlSQtOhzs+nlTKgwi7A8uI3S4', 'role': 'admin', 'is_active': True, 'must_change_password': True, 'created_at': datetime.datetime(2026, 9, 12, 20, 19, 51, 833797, tzinfo=datetime.timezone.utc)}]
E   (Background on this error at: https://sqlalche.me/e/20/gkpj)
__________________ ERROR at setup of test_bulk_reject_partial __________________
../../tesis-fim-serio/backend/.venv/lib/python3.13/site-packages/sqlalchemy/engine/base.py:1969: in _exec_single_context
    self.dialect.do_execute(
../../tesis-fim-serio/backend/.venv/lib/python3.13/site-packages/sqlalchemy/engine/default.py:952: in do_execute
    cursor.execute(statement, parameters)
../../tesis-fim-serio/backend/.venv/lib/python3.13/site-packages/psycopg/cursor.py:97: in execute
    raise ex.with_traceback(None)
E   psycopg.errors.UniqueViolation: duplicate key value violates unique constraint "ix_users_username"
E   DETAIL:  Key (username)=(admin) already exists.

The above exception was the direct cause of the following exception:
backend/tests/conftest.py:133: in _db_isolation
    _seed_admin_impl()
backend/tests/conftest.py:108: in _seed_admin_impl
    session.commit()
../../tesis-fim-serio/backend/.venv/lib/python3.13/site-packages/sqlalchemy/orm/session.py:2035: in commit
    trans.commit(_to_root=True)
../../tesis-fim-serio/backend/.venv/lib/python3.13/site-packages/sqlalchemy/orm/state_changes.py:137: in _go
    ret_value = fn(self, *arg, **kw)
../../tesis-fim-serio/backend/.venv/lib/python3.13/site-packages/sqlalchemy/orm/session.py:1316: in commit
    self._prepare_impl()
../../tesis-fim-serio/backend/.venv/lib/python3.13/site-packages/sqlalchemy/orm/state_changes.py:137: in _go
    ret_value = fn(self, *arg, **kw)
../../tesis-fim-serio/backend/.venv/lib/python3.13/site-packages/sqlalchemy/orm/session.py:1290: in _prepare_impl
    self.session.flush()
../../tesis-fim-serio/backend/.venv/lib/python3.13/site-packages/sqlalchemy/orm/session.py:4353: in flush
    self._flush(objects)
../../tesis-fim-serio/backend/.venv/lib/python3.13/site-packages/sqlalchemy/orm/session.py:4488: in _flush
    with util.safe_reraise():
../../tesis-fim-serio/backend/.venv/lib/python3.13/site-packages/sqlalchemy/util/langhelpers.py:122: in __exit__
    raise exc_value.with_traceback(exc_tb)
../../tesis-fim-serio/backend/.venv/lib/python3.13/site-packages/sqlalchemy/orm/session.py:4449: in _flush
    flush_context.execute()
../../tesis-fim-serio/backend/.venv/lib/python3.13/site-packages/sqlalchemy/orm/unitofwork.py:465: in execute
    rec.execute(self)
../../tesis-fim-serio/backend/.venv/lib/python3.13/site-packages/sqlalchemy/orm/unitofwork.py:641: in execute
    util.preloaded.orm_persistence.save_obj(
../../tesis-fim-serio/backend/.venv/lib/python3.13/site-packages/sqlalchemy/orm/persistence.py:94: in save_obj
    _emit_insert_statements(
../../tesis-fim-serio/backend/.venv/lib/python3.13/site-packages/sqlalchemy/orm/persistence.py:1234: in _emit_insert_statements
    result = connection.execute(
../../tesis-fim-serio/backend/.venv/lib/python3.13/site-packages/sqlalchemy/engine/base.py:1421: in execute
    return meth(
../../tesis-fim-serio/backend/.venv/lib/python3.13/site-packages/sqlalchemy/sql/elements.py:526: in _execute_on_connection
    return connection._execute_clauseelement(
../../tesis-fim-serio/backend/.venv/lib/python3.13/site-packages/sqlalchemy/engine/base.py:1643: in _execute_clauseelement
    ret = self._execute_context(
../../tesis-fim-serio/backend/.venv/lib/python3.13/site-packages/sqlalchemy/engine/base.py:1848: in _execute_context
    return self._exec_single_context(
../../tesis-fim-serio/backend/.venv/lib/python3.13/site-packages/sqlalchemy/engine/base.py:1988: in _exec_single_context
    self._handle_dbapi_exception(
../../tesis-fim-serio/backend/.venv/lib/python3.13/site-packages/sqlalchemy/engine/base.py:2365: in _handle_dbapi_exception
    raise sqlalchemy_exception.with_traceback(exc_info[2]) from e
../../tesis-fim-serio/backend/.venv/lib/python3.13/site-packages/sqlalchemy/engine/base.py:1969: in _exec_single_context
    self.dialect.do_execute(
../../tesis-fim-serio/backend/.venv/lib/python3.13/site-packages/sqlalchemy/engine/default.py:952: in do_execute
    cursor.execute(statement, parameters)
../../tesis-fim-serio/backend/.venv/lib/python3.13/site-packages/psycopg/cursor.py:97: in execute
    raise ex.with_traceback(None)
E   sqlalchemy.exc.IntegrityError: (psycopg.errors.UniqueViolation) duplicate key value violates unique constraint "ix_users_username"
E   DETAIL:  Key (username)=(admin) already exists.
E   [SQL: INSERT INTO users (username, email, password_hash, role, is_active, must_change_password, created_at) VALUES (%(username)s::VARCHAR, %(email)s::VARCHAR, %(password_hash)s::VARCHAR, %(role)s::VARCHAR, %(is_active)s, %(must_change_password)s, %(created_at)s::TIMESTAMP WITH TIME ZONE) RETURNING users.id]
E   [parameters: {'username': 'admin', 'email': 'admin@fim.local', 'password_hash': '$argon2id$v=19$m=65536,t=3,p=4$0mw3hOfO/z6ARuJXCtIdQQ$UWhZMjeORzfd89lRYoPd+Mb94PaqYs94bM/wlSji08Q', 'role': 'admin', 'is_active': True, 'must_change_password': True, 'created_at': datetime.datetime(2026, 9, 12, 20, 19, 52, 974311, tzinfo=datetime.timezone.utc)}]
E   (Background on this error at: https://sqlalche.me/e/20/gkpj)
_ ERROR at setup of test_actions_endpoints_require_authentication[/actions/bulk-approve] _
../../tesis-fim-serio/backend/.venv/lib/python3.13/site-packages/sqlalchemy/engine/base.py:1969: in _exec_single_context
    self.dialect.do_execute(
../../tesis-fim-serio/backend/.venv/lib/python3.13/site-packages/sqlalchemy/engine/default.py:952: in do_execute
    cursor.execute(statement, parameters)
../../tesis-fim-serio/backend/.venv/lib/python3.13/site-packages/psycopg/cursor.py:97: in execute
    raise ex.with_traceback(None)
E   psycopg.errors.UniqueViolation: duplicate key value violates unique constraint "ix_users_username"
E   DETAIL:  Key (username)=(admin) already exists.

The above exception was the direct cause of the following exception:
backend/tests/conftest.py:133: in _db_isolation
    _seed_admin_impl()
backend/tests/conftest.py:108: in _seed_admin_impl
    session.commit()
../../tesis-fim-serio/backend/.venv/lib/python3.13/site-packages/sqlalchemy/orm/session.py:2035: in commit
    trans.commit(_to_root=True)
../../tesis-fim-serio/backend/.venv/lib/python3.13/site-packages/sqlalchemy/orm/state_changes.py:137: in _go
    ret_value = fn(self, *arg, **kw)
../../tesis-fim-serio/backend/.venv/lib/python3.13/site-packages/sqlalchemy/orm/session.py:1316: in commit
    self._prepare_impl()
../../tesis-fim-serio/backend/.venv/lib/python3.13/site-packages/sqlalchemy/orm/state_changes.py:137: in _go
    ret_value = fn(self, *arg, **kw)
../../tesis-fim-serio/backend/.venv/lib/python3.13/site-packages/sqlalchemy/orm/session.py:1290: in _prepare_impl
    self.session.flush()
../../tesis-fim-serio/backend/.venv/lib/python3.13/site-packages/sqlalchemy/orm/session.py:4353: in flush
    self._flush(objects)
../../tesis-fim-serio/backend/.venv/lib/python3.13/site-packages/sqlalchemy/orm/session.py:4488: in _flush
    with util.safe_reraise():
../../tesis-fim-serio/backend/.venv/lib/python3.13/site-packages/sqlalchemy/util/langhelpers.py:122: in __exit__
    raise exc_value.with_traceback(exc_tb)
../../tesis-fim-serio/backend/.venv/lib/python3.13/site-packages/sqlalchemy/orm/session.py:4449: in _flush
    flush_context.execute()
../../tesis-fim-serio/backend/.venv/lib/python3.13/site-packages/sqlalchemy/orm/unitofwork.py:465: in execute
    rec.execute(self)
../../tesis-fim-serio/backend/.venv/lib/python3.13/site-packages/sqlalchemy/orm/unitofwork.py:641: in execute
    util.preloaded.orm_persistence.save_obj(
../../tesis-fim-serio/backend/.venv/lib/python3.13/site-packages/sqlalchemy/orm/persistence.py:94: in save_obj
    _emit_insert_statements(
../../tesis-fim-serio/backend/.venv/lib/python3.13/site-packages/sqlalchemy/orm/persistence.py:1234: in _emit_insert_statements
    result = connection.execute(
../../tesis-fim-serio/backend/.venv/lib/python3.13/site-packages/sqlalchemy/engine/base.py:1421: in execute
    return meth(
../../tesis-fim-serio/backend/.venv/lib/python3.13/site-packages/sqlalchemy/sql/elements.py:526: in _execute_on_connection
    return connection._execute_clauseelement(
../../tesis-fim-serio/backend/.venv/lib/python3.13/site-packages/sqlalchemy/engine/base.py:1643: in _execute_clauseelement
    ret = self._execute_context(
../../tesis-fim-serio/backend/.venv/lib/python3.13/site-packages/sqlalchemy/engine/base.py:1848: in _execute_context
    return self._exec_single_context(
../../tesis-fim-serio/backend/.venv/lib/python3.13/site-packages/sqlalchemy/engine/base.py:1988: in _exec_single_context
    self._handle_dbapi_exception(
../../tesis-fim-serio/backend/.venv/lib/python3.13/site-packages/sqlalchemy/engine/base.py:2365: in _handle_dbapi_exception
    raise sqlalchemy_exception.with_traceback(exc_info[2]) from e
../../tesis-fim-serio/backend/.venv/lib/python3.13/site-packages/sqlalchemy/engine/base.py:1969: in _exec_single_context
    self.dialect.do_execute(
../../tesis-fim-serio/backend/.venv/lib/python3.13/site-packages/sqlalchemy/engine/default.py:952: in do_execute
    cursor.execute(statement, parameters)
../../tesis-fim-serio/backend/.venv/lib/python3.13/site-packages/psycopg/cursor.py:97: in execute
    raise ex.with_traceback(None)
E   sqlalchemy.exc.IntegrityError: (psycopg.errors.UniqueViolation) duplicate key value violates unique constraint "ix_users_username"
E   DETAIL:  Key (username)=(admin) already exists.
E   [SQL: INSERT INTO users (username, email, password_hash, role, is_active, must_change_password, created_at) VALUES (%(username)s::VARCHAR, %(email)s::VARCHAR, %(password_hash)s::VARCHAR, %(role)s::VARCHAR, %(is_active)s, %(must_change_password)s, %(created_at)s::TIMESTAMP WITH TIME ZONE) RETURNING users.id]
E   [parameters: {'username': 'admin', 'email': 'admin@fim.local', 'password_hash': '$argon2id$v=19$m=65536,t=3,p=4$pb2OWnPxqlgZY0ecadvgcw$4qNZvvmPWgKqU8LY1Dkv3cYykSwAJ9BlXLQaUJ2zEjQ', 'role': 'admin', 'is_active': True, 'must_change_password': True, 'created_at': datetime.datetime(2026, 9, 12, 20, 19, 54, 417321, tzinfo=datetime.timezone.utc)}]
E   (Background on this error at: https://sqlalche.me/e/20/gkpj)
_ ERROR at setup of test_actions_endpoints_reject_non_admin[/actions/bulk-reject] _
../../tesis-fim-serio/backend/.venv/lib/python3.13/site-packages/sqlalchemy/engine/base.py:1969: in _exec_single_context
    self.dialect.do_execute(
../../tesis-fim-serio/backend/.venv/lib/python3.13/site-packages/sqlalchemy/engine/default.py:952: in do_execute
    cursor.execute(statement, parameters)
../../tesis-fim-serio/backend/.venv/lib/python3.13/site-packages/psycopg/cursor.py:97: in execute
    raise ex.with_traceback(None)
E   psycopg.errors.UniqueViolation: duplicate key value violates unique constraint "ix_users_username"
E   DETAIL:  Key (username)=(admin) already exists.

The above exception was the direct cause of the following exception:
backend/tests/conftest.py:133: in _db_isolation
    _seed_admin_impl()
backend/tests/conftest.py:108: in _seed_admin_impl
    session.commit()
../../tesis-fim-serio/backend/.venv/lib/python3.13/site-packages/sqlalchemy/orm/session.py:2035: in commit
    trans.commit(_to_root=True)
../../tesis-fim-serio/backend/.venv/lib/python3.13/site-packages/sqlalchemy/orm/state_changes.py:137: in _go
    ret_value = fn(self, *arg, **kw)
../../tesis-fim-serio/backend/.venv/lib/python3.13/site-packages/sqlalchemy/orm/session.py:1316: in commit
    self._prepare_impl()
../../tesis-fim-serio/backend/.venv/lib/python3.13/site-packages/sqlalchemy/orm/state_changes.py:137: in _go
    ret_value = fn(self, *arg, **kw)
../../tesis-fim-serio/backend/.venv/lib/python3.13/site-packages/sqlalchemy/orm/session.py:1290: in _prepare_impl
    self.session.flush()
../../tesis-fim-serio/backend/.venv/lib/python3.13/site-packages/sqlalchemy/orm/session.py:4353: in flush
    self._flush(objects)
../../tesis-fim-serio/backend/.venv/lib/python3.13/site-packages/sqlalchemy/orm/session.py:4488: in _flush
    with util.safe_reraise():
../../tesis-fim-serio/backend/.venv/lib/python3.13/site-packages/sqlalchemy/util/langhelpers.py:122: in __exit__
    raise exc_value.with_traceback(exc_tb)
../../tesis-fim-serio/backend/.venv/lib/python3.13/site-packages/sqlalchemy/orm/session.py:4449: in _flush
    flush_context.execute()
../../tesis-fim-serio/backend/.venv/lib/python3.13/site-packages/sqlalchemy/orm/unitofwork.py:465: in execute
    rec.execute(self)
../../tesis-fim-serio/backend/.venv/lib/python3.13/site-packages/sqlalchemy/orm/unitofwork.py:641: in execute
    util.preloaded.orm_persistence.save_obj(
../../tesis-fim-serio/backend/.venv/lib/python3.13/site-packages/sqlalchemy/orm/persistence.py:94: in save_obj
    _emit_insert_statements(
../../tesis-fim-serio/backend/.venv/lib/python3.13/site-packages/sqlalchemy/orm/persistence.py:1234: in _emit_insert_statements
    result = connection.execute(
../../tesis-fim-serio/backend/.venv/lib/python3.13/site-packages/sqlalchemy/engine/base.py:1421: in execute
    return meth(
../../tesis-fim-serio/backend/.venv/lib/python3.13/site-packages/sqlalchemy/sql/elements.py:526: in _execute_on_connection
    return connection._execute_clauseelement(
../../tesis-fim-serio/backend/.venv/lib/python3.13/site-packages/sqlalchemy/engine/base.py:1643: in _execute_clauseelement
    ret = self._execute_context(
../../tesis-fim-serio/backend/.venv/lib/python3.13/site-packages/sqlalchemy/engine/base.py:1848: in _execute_context
    return self._exec_single_context(
../../tesis-fim-serio/backend/.venv/lib/python3.13/site-packages/sqlalchemy/engine/base.py:1988: in _exec_single_context
    self._handle_dbapi_exception(
../../tesis-fim-serio/backend/.venv/lib/python3.13/site-packages/sqlalchemy/engine/base.py:2365: in _handle_dbapi_exception
    raise sqlalchemy_exception.with_traceback(exc_info[2]) from e
../../tesis-fim-serio/backend/.venv/lib/python3.13/site-packages/sqlalchemy/engine/base.py:1969: in _exec_single_context
    self.dialect.do_execute(
../../tesis-fim-serio/backend/.venv/lib/python3.13/site-packages/sqlalchemy/engine/default.py:952: in do_execute
    cursor.execute(statement, parameters)
../../tesis-fim-serio/backend/.venv/lib/python3.13/site-packages/psycopg/cursor.py:97: in execute
    raise ex.with_traceback(None)
E   sqlalchemy.exc.IntegrityError: (psycopg.errors.UniqueViolation) duplicate key value violates unique constraint "ix_users_username"
E   DETAIL:  Key (username)=(admin) already exists.
E   [SQL: INSERT INTO users (username, email, password_hash, role, is_active, must_change_password, created_at) VALUES (%(username)s::VARCHAR, %(email)s::VARCHAR, %(password_hash)s::VARCHAR, %(role)s::VARCHAR, %(is_active)s, %(must_change_password)s, %(created_at)s::TIMESTAMP WITH TIME ZONE) RETURNING users.id]
E   [parameters: {'username': 'admin', 'email': 'admin@fim.local', 'password_hash': '$argon2id$v=19$m=65536,t=3,p=4$1bMLJ8yMG63bci8oGA4qOA$MfqS/BkFsH/6RwDIA4/UTKLoBl/kDBLWKTeR0D+WCjs', 'role': 'admin', 'is_active': True, 'must_change_password': True, 'created_at': datetime.datetime(2026, 9, 12, 20, 19, 55, 299196, tzinfo=datetime.timezone.utc)}]
E   (Background on this error at: https://sqlalche.me/e/20/gkpj)
___________________ ERROR at setup of test_get_agent_detail ____________________
../../tesis-fim-serio/backend/.venv/lib/python3.13/site-packages/sqlalchemy/engine/base.py:1969: in _exec_single_context
    self.dialect.do_execute(
../../tesis-fim-serio/backend/.venv/lib/python3.13/site-packages/sqlalchemy/engine/default.py:952: in do_execute
    cursor.execute(statement, parameters)
../../tesis-fim-serio/backend/.venv/lib/python3.13/site-packages/psycopg/cursor.py:97: in execute
    raise ex.with_traceback(None)
E   psycopg.errors.UniqueViolation: duplicate key value violates unique constraint "ix_users_username"
E   DETAIL:  Key (username)=(admin) already exists.

The above exception was the direct cause of the following exception:
backend/tests/conftest.py:133: in _db_isolation
    _seed_admin_impl()
backend/tests/conftest.py:108: in _seed_admin_impl
    session.commit()
../../tesis-fim-serio/backend/.venv/lib/python3.13/site-packages/sqlalchemy/orm/session.py:2035: in commit
    trans.commit(_to_root=True)
../../tesis-fim-serio/backend/.venv/lib/python3.13/site-packages/sqlalchemy/orm/state_changes.py:137: in _go
    ret_value = fn(self, *arg, **kw)
../../tesis-fim-serio/backend/.venv/lib/python3.13/site-packages/sqlalchemy/orm/session.py:1316: in commit
    self._prepare_impl()
../../tesis-fim-serio/backend/.venv/lib/python3.13/site-packages/sqlalchemy/orm/state_changes.py:137: in _go
    ret_value = fn(self, *arg, **kw)
../../tesis-fim-serio/backend/.venv/lib/python3.13/site-packages/sqlalchemy/orm/session.py:1290: in _prepare_impl
    self.session.flush()
../../tesis-fim-serio/backend/.venv/lib/python3.13/site-packages/sqlalchemy/orm/session.py:4353: in flush
    self._flush(objects)
../../tesis-fim-serio/backend/.venv/lib/python3.13/site-packages/sqlalchemy/orm/session.py:4488: in _flush
    with util.safe_reraise():
../../tesis-fim-serio/backend/.venv/lib/python3.13/site-packages/sqlalchemy/util/langhelpers.py:122: in __exit__
    raise exc_value.with_traceback(exc_tb)
../../tesis-fim-serio/backend/.venv/lib/python3.13/site-packages/sqlalchemy/orm/session.py:4449: in _flush
    flush_context.execute()
../../tesis-fim-serio/backend/.venv/lib/python3.13/site-packages/sqlalchemy/orm/unitofwork.py:465: in execute
    rec.execute(self)
../../tesis-fim-serio/backend/.venv/lib/python3.13/site-packages/sqlalchemy/orm/unitofwork.py:641: in execute
    util.preloaded.orm_persistence.save_obj(
../../tesis-fim-serio/backend/.venv/lib/python3.13/site-packages/sqlalchemy/orm/persistence.py:94: in save_obj
    _emit_insert_statements(
../../tesis-fim-serio/backend/.venv/lib/python3.13/site-packages/sqlalchemy/orm/persistence.py:1234: in _emit_insert_statements
    result = connection.execute(
../../tesis-fim-serio/backend/.venv/lib/python3.13/site-packages/sqlalchemy/engine/base.py:1421: in execute
    return meth(
../../tesis-fim-serio/backend/.venv/lib/python3.13/site-packages/sqlalchemy/sql/elements.py:526: in _execute_on_connection
    return connection._execute_clauseelement(
../../tesis-fim-serio/backend/.venv/lib/python3.13/site-packages/sqlalchemy/engine/base.py:1643: in _execute_clauseelement
    ret = self._execute_context(
../../tesis-fim-serio/backend/.venv/lib/python3.13/site-packages/sqlalchemy/engine/base.py:1848: in _execute_context
    return self._exec_single_context(
../../tesis-fim-serio/backend/.venv/lib/python3.13/site-packages/sqlalchemy/engine/base.py:1988: in _exec_single_context
    self._handle_dbapi_exception(
../../tesis-fim-serio/backend/.venv/lib/python3.13/site-packages/sqlalchemy/engine/base.py:2365: in _handle_dbapi_exception
    raise sqlalchemy_exception.with_traceback(exc_info[2]) from e
../../tesis-fim-serio/backend/.venv/lib/python3.13/site-packages/sqlalchemy/engine/base.py:1969: in _exec_single_context
    self.dialect.do_execute(
../../tesis-fim-serio/backend/.venv/lib/python3.13/site-packages/sqlalchemy/engine/default.py:952: in do_execute
    cursor.execute(statement, parameters)
../../tesis-fim-serio/backend/.venv/lib/python3.13/site-packages/psycopg/cursor.py:97: in execute
    raise ex.with_traceback(None)
E   sqlalchemy.exc.IntegrityError: (psycopg.errors.UniqueViolation) duplicate key value violates unique constraint "ix_users_username"
E   DETAIL:  Key (username)=(admin) already exists.
E   [SQL: INSERT INTO users (username, email, password_hash, role, is_active, must_change_password, created_at) VALUES (%(username)s::VARCHAR, %(email)s::VARCHAR, %(password_hash)s::VARCHAR, %(role)s::VARCHAR, %(is_active)s, %(must_change_password)s, %(created_at)s::TIMESTAMP WITH TIME ZONE) RETURNING users.id]
E   [parameters: {'username': 'admin', 'email': 'admin@fim.local', 'password_hash': '$argon2id$v=19$m=65536,t=3,p=4$Q6ca7GV+6cke/QO9imIs3g$WKQpB2Xk3m3glHDoLrX4YmtcS4X5ejrxnEas5QOgopw', 'role': 'admin', 'is_active': True, 'must_change_password': True, 'created_at': datetime.datetime(2026, 9, 12, 20, 20, 58, 704611, tzinfo=datetime.timezone.utc)}]
E   (Background on this error at: https://sqlalche.me/e/20/gkpj)
__________ ERROR at setup of test_get_agent_detail_exposes_queue_size __________
../../tesis-fim-serio/backend/.venv/lib/python3.13/site-packages/sqlalchemy/engine/base.py:1969: in _exec_single_context
    self.dialect.do_execute(
../../tesis-fim-serio/backend/.venv/lib/python3.13/site-packages/sqlalchemy/engine/default.py:952: in do_execute
    cursor.execute(statement, parameters)
../../tesis-fim-serio/backend/.venv/lib/python3.13/site-packages/psycopg/cursor.py:97: in execute
    raise ex.with_traceback(None)
E   psycopg.errors.DeadlockDetected: deadlock detected
E   DETAIL:  Process 74 waits for AccessExclusiveLock on relation 412390 of database 412289; blocked by process 70.
E   Process 70 waits for RowExclusiveLock on relation 412508 of database 412289; blocked by process 74.
E   HINT:  See server log for query details.

The above exception was the direct cause of the following exception:
backend/tests/conftest.py:130: in _db_isolation
    conn.execute(sqlalchemy.text(stmt))
../../tesis-fim-serio/backend/.venv/lib/python3.13/site-packages/sqlalchemy/engine/base.py:1421: in execute
    return meth(
../../tesis-fim-serio/backend/.venv/lib/python3.13/site-packages/sqlalchemy/sql/elements.py:526: in _execute_on_connection
    return connection._execute_clauseelement(
../../tesis-fim-serio/backend/.venv/lib/python3.13/site-packages/sqlalchemy/engine/base.py:1643: in _execute_clauseelement
    ret = self._execute_context(
../../tesis-fim-serio/backend/.venv/lib/python3.13/site-packages/sqlalchemy/engine/base.py:1848: in _execute_context
    return self._exec_single_context(
../../tesis-fim-serio/backend/.venv/lib/python3.13/site-packages/sqlalchemy/engine/base.py:1988: in _exec_single_context
    self._handle_dbapi_exception(
../../tesis-fim-serio/backend/.venv/lib/python3.13/site-packages/sqlalchemy/engine/base.py:2365: in _handle_dbapi_exception
    raise sqlalchemy_exception.with_traceback(exc_info[2]) from e
../../tesis-fim-serio/backend/.venv/lib/python3.13/site-packages/sqlalchemy/engine/base.py:1969: in _exec_single_context
    self.dialect.do_execute(
../../tesis-fim-serio/backend/.venv/lib/python3.13/site-packages/sqlalchemy/engine/default.py:952: in do_execute
    cursor.execute(statement, parameters)
../../tesis-fim-serio/backend/.venv/lib/python3.13/site-packages/psycopg/cursor.py:97: in execute
    raise ex.with_traceback(None)
E   sqlalchemy.exc.OperationalError: (psycopg.errors.DeadlockDetected) deadlock detected
E   DETAIL:  Process 74 waits for AccessExclusiveLock on relation 412390 of database 412289; blocked by process 70.
E   Process 70 waits for RowExclusiveLock on relation 412508 of database 412289; blocked by process 74.
E   HINT:  See server log for query details.
E   [SQL: TRUNCATE agents, revoked_certificates, baseline_entries, alerts, audit_log, users, rules, ruleset_versions, published_commands, events, rejected_events_audit RESTART IDENTITY CASCADE]
E   (Background on this error at: https://sqlalche.me/e/20/e3q8)
___________ ERROR at setup of test_agent_config_updates_watch_paths ____________
../../tesis-fim-serio/backend/.venv/lib/python3.13/site-packages/sqlalchemy/engine/base.py:1969: in _exec_single_context
    self.dialect.do_execute(
../../tesis-fim-serio/backend/.venv/lib/python3.13/site-packages/sqlalchemy/engine/default.py:952: in do_execute
    cursor.execute(statement, parameters)
../../tesis-fim-serio/backend/.venv/lib/python3.13/site-packages/psycopg/cursor.py:97: in execute
    raise ex.with_traceback(None)
E   psycopg.errors.UniqueViolation: duplicate key value violates unique constraint "ix_users_username"
E   DETAIL:  Key (username)=(admin) already exists.

The above exception was the direct cause of the following exception:
backend/tests/conftest.py:133: in _db_isolation
    _seed_admin_impl()
backend/tests/conftest.py:108: in _seed_admin_impl
    session.commit()
../../tesis-fim-serio/backend/.venv/lib/python3.13/site-packages/sqlalchemy/orm/session.py:2035: in commit
    trans.commit(_to_root=True)
../../tesis-fim-serio/backend/.venv/lib/python3.13/site-packages/sqlalchemy/orm/state_changes.py:137: in _go
    ret_value = fn(self, *arg, **kw)
../../tesis-fim-serio/backend/.venv/lib/python3.13/site-packages/sqlalchemy/orm/session.py:1316: in commit
    self._prepare_impl()
../../tesis-fim-serio/backend/.venv/lib/python3.13/site-packages/sqlalchemy/orm/state_changes.py:137: in _go
    ret_value = fn(self, *arg, **kw)
../../tesis-fim-serio/backend/.venv/lib/python3.13/site-packages/sqlalchemy/orm/session.py:1290: in _prepare_impl
    self.session.flush()
../../tesis-fim-serio/backend/.venv/lib/python3.13/site-packages/sqlalchemy/orm/session.py:4353: in flush
    self._flush(objects)
../../tesis-fim-serio/backend/.venv/lib/python3.13/site-packages/sqlalchemy/orm/session.py:4488: in _flush
    with util.safe_reraise():
../../tesis-fim-serio/backend/.venv/lib/python3.13/site-packages/sqlalchemy/util/langhelpers.py:122: in __exit__
    raise exc_value.with_traceback(exc_tb)
../../tesis-fim-serio/backend/.venv/lib/python3.13/site-packages/sqlalchemy/orm/session.py:4449: in _flush
    flush_context.execute()
../../tesis-fim-serio/backend/.venv/lib/python3.13/site-packages/sqlalchemy/orm/unitofwork.py:465: in execute
    rec.execute(self)
../../tesis-fim-serio/backend/.venv/lib/python3.13/site-packages/sqlalchemy/orm/unitofwork.py:641: in execute
    util.preloaded.orm_persistence.save_obj(
../../tesis-fim-serio/backend/.venv/lib/python3.13/site-packages/sqlalchemy/orm/persistence.py:94: in save_obj
    _emit_insert_statements(
../../tesis-fim-serio/backend/.venv/lib/python3.13/site-packages/sqlalchemy/orm/persistence.py:1234: in _emit_insert_statements
    result = connection.execute(
../../tesis-fim-serio/backend/.venv/lib/python3.13/site-packages/sqlalchemy/engine/base.py:1421: in execute
    return meth(
../../tesis-fim-serio/backend/.venv/lib/python3.13/site-packages/sqlalchemy/sql/elements.py:526: in _execute_on_connection
    return connection._execute_clauseelement(
../../tesis-fim-serio/backend/.venv/lib/python3.13/site-packages/sqlalchemy/engine/base.py:1643: in _execute_clauseelement
    ret = self._execute_context(
../../tesis-fim-serio/backend/.venv/lib/python3.13/site-packages/sqlalchemy/engine/base.py:1848: in _execute_context
    return self._exec_single_context(
../../tesis-fim-serio/backend/.venv/lib/python3.13/site-packages/sqlalchemy/engine/base.py:1988: in _exec_single_context
    self._handle_dbapi_exception(
../../tesis-fim-serio/backend/.venv/lib/python3.13/site-packages/sqlalchemy/engine/base.py:2365: in _handle_dbapi_exception
    raise sqlalchemy_exception.with_traceback(exc_info[2]) from e
../../tesis-fim-serio/backend/.venv/lib/python3.13/site-packages/sqlalchemy/engine/base.py:1969: in _exec_single_context
    self.dialect.do_execute(
../../tesis-fim-serio/backend/.venv/lib/python3.13/site-packages/sqlalchemy/engine/default.py:952: in do_execute
    cursor.execute(statement, parameters)
../../tesis-fim-serio/backend/.venv/lib/python3.13/site-packages/psycopg/cursor.py:97: in execute
    raise ex.with_traceback(None)
E   sqlalchemy.exc.IntegrityError: (psycopg.errors.UniqueViolation) duplicate key value violates unique constraint "ix_users_username"
E   DETAIL:  Key (username)=(admin) already exists.
E   [SQL: INSERT INTO users (username, email, password_hash, role, is_active, must_change_password, created_at) VALUES (%(username)s::VARCHAR, %(email)s::VARCHAR, %(password_hash)s::VARCHAR, %(role)s::VARCHAR, %(is_active)s, %(must_change_password)s, %(created_at)s::TIMESTAMP WITH TIME ZONE) RETURNING users.id]
E   [parameters: {'username': 'admin', 'email': 'admin@fim.local', 'password_hash': '$argon2id$v=19$m=65536,t=3,p=4$HXeNzTuPlxFCj44mBLhWTw$ofBeRWN0c9rP6RQsPlMnxxR1pngK4NxTLOve8srcU4Q', 'role': 'admin', 'is_active': True, 'must_change_password': True, 'created_at': datetime.datetime(2026, 9, 12, 20, 21, 0, 493975, tzinfo=datetime.timezone.utc)}]
E   (Background on this error at: https://sqlalche.me/e/20/gkpj)
________________ ERROR at setup of test_agent_config_not_found _________________
../../tesis-fim-serio/backend/.venv/lib/python3.13/site-packages/sqlalchemy/engine/base.py:1969: in _exec_single_context
    self.dialect.do_execute(
../../tesis-fim-serio/backend/.venv/lib/python3.13/site-packages/sqlalchemy/engine/default.py:952: in do_execute
    cursor.execute(statement, parameters)
../../tesis-fim-serio/backend/.venv/lib/python3.13/site-packages/psycopg/cursor.py:97: in execute
    raise ex.with_traceback(None)
E   psycopg.errors.UniqueViolation: duplicate key value violates unique constraint "ix_users_username"
E   DETAIL:  Key (username)=(admin) already exists.

The above exception was the direct cause of the following exception:
backend/tests/conftest.py:133: in _db_isolation
    _seed_admin_impl()
backend/tests/conftest.py:108: in _seed_admin_impl
    session.commit()
../../tesis-fim-serio/backend/.venv/lib/python3.13/site-packages/sqlalchemy/orm/session.py:2035: in commit
    trans.commit(_to_root=True)
../../tesis-fim-serio/backend/.venv/lib/python3.13/site-packages/sqlalchemy/orm/state_changes.py:137: in _go
    ret_value = fn(self, *arg, **kw)
../../tesis-fim-serio/backend/.venv/lib/python3.13/site-packages/sqlalchemy/orm/session.py:1316: in commit
    self._prepare_impl()
../../tesis-fim-serio/backend/.venv/lib/python3.13/site-packages/sqlalchemy/orm/state_changes.py:137: in _go
    ret_value = fn(self, *arg, **kw)
../../tesis-fim-serio/backend/.venv/lib/python3.13/site-packages/sqlalchemy/orm/session.py:1290: in _prepare_impl
    self.session.flush()
../../tesis-fim-serio/backend/.venv/lib/python3.13/site-packages/sqlalchemy/orm/session.py:4353: in flush
    self._flush(objects)
../../tesis-fim-serio/backend/.venv/lib/python3.13/site-packages/sqlalchemy/orm/session.py:4488: in _flush
    with util.safe_reraise():
../../tesis-fim-serio/backend/.venv/lib/python3.13/site-packages/sqlalchemy/util/langhelpers.py:122: in __exit__
    raise exc_value.with_traceback(exc_tb)
../../tesis-fim-serio/backend/.venv/lib/python3.13/site-packages/sqlalchemy/orm/session.py:4449: in _flush
    flush_context.execute()
../../tesis-fim-serio/backend/.venv/lib/python3.13/site-packages/sqlalchemy/orm/unitofwork.py:465: in execute
    rec.execute(self)
../../tesis-fim-serio/backend/.venv/lib/python3.13/site-packages/sqlalchemy/orm/unitofwork.py:641: in execute
    util.preloaded.orm_persistence.save_obj(
../../tesis-fim-serio/backend/.venv/lib/python3.13/site-packages/sqlalchemy/orm/persistence.py:94: in save_obj
    _emit_insert_statements(
../../tesis-fim-serio/backend/.venv/lib/python3.13/site-packages/sqlalchemy/orm/persistence.py:1234: in _emit_insert_statements
    result = connection.execute(
../../tesis-fim-serio/backend/.venv/lib/python3.13/site-packages/sqlalchemy/engine/base.py:1421: in execute
    return meth(
../../tesis-fim-serio/backend/.venv/lib/python3.13/site-packages/sqlalchemy/sql/elements.py:526: in _execute_on_connection
    return connection._execute_clauseelement(
../../tesis-fim-serio/backend/.venv/lib/python3.13/site-packages/sqlalchemy/engine/base.py:1643: in _execute_clauseelement
    ret = self._execute_context(
../../tesis-fim-serio/backend/.venv/lib/python3.13/site-packages/sqlalchemy/engine/base.py:1848: in _execute_context
    return self._exec_single_context(
../../tesis-fim-serio/backend/.venv/lib/python3.13/site-packages/sqlalchemy/engine/base.py:1988: in _exec_single_context
    self._handle_dbapi_exception(
../../tesis-fim-serio/backend/.venv/lib/python3.13/site-packages/sqlalchemy/engine/base.py:2365: in _handle_dbapi_exception
    raise sqlalchemy_exception.with_traceback(exc_info[2]) from e
../../tesis-fim-serio/backend/.venv/lib/python3.13/site-packages/sqlalchemy/engine/base.py:1969: in _exec_single_context
    self.dialect.do_execute(
../../tesis-fim-serio/backend/.venv/lib/python3.13/site-packages/sqlalchemy/engine/default.py:952: in do_execute
    cursor.execute(statement, parameters)
../../tesis-fim-serio/backend/.venv/lib/python3.13/site-packages/psycopg/cursor.py:97: in execute
    raise ex.with_traceback(None)
E   sqlalchemy.exc.IntegrityError: (psycopg.errors.UniqueViolation) duplicate key value violates unique constraint "ix_users_username"
E   DETAIL:  Key (username)=(admin) already exists.
E   [SQL: INSERT INTO users (username, email, password_hash, role, is_active, must_change_password, created_at) VALUES (%(username)s::VARCHAR, %(email)s::VARCHAR, %(password_hash)s::VARCHAR, %(role)s::VARCHAR, %(is_active)s, %(must_change_password)s, %(created_at)s::TIMESTAMP WITH TIME ZONE) RETURNING users.id]
E   [parameters: {'username': 'admin', 'email': 'admin@fim.local', 'password_hash': '$argon2id$v=19$m=65536,t=3,p=4$i4JTcYYcY3eTXuzzNev3Ig$YgU2aW3M74P1bkKDim0c7HqQFaxK/OfzN+awRGmVo/Y', 'role': 'admin', 'is_active': True, 'must_change_password': True, 'created_at': datetime.datetime(2026, 9, 12, 20, 21, 1, 95540, tzinfo=datetime.timezone.utc)}]
E   (Background on this error at: https://sqlalche.me/e/20/gkpj)
______________ ERROR at setup of test_rescan_no_pending_succeeds _______________
../../tesis-fim-serio/backend/.venv/lib/python3.13/site-packages/sqlalchemy/engine/base.py:1969: in _exec_single_context
    self.dialect.do_execute(
../../tesis-fim-serio/backend/.venv/lib/python3.13/site-packages/sqlalchemy/engine/default.py:952: in do_execute
    cursor.execute(statement, parameters)
../../tesis-fim-serio/backend/.venv/lib/python3.13/site-packages/psycopg/cursor.py:97: in execute
    raise ex.with_traceback(None)
E   psycopg.errors.UniqueViolation: duplicate key value violates unique constraint "ix_users_username"
E   DETAIL:  Key (username)=(admin) already exists.

The above exception was the direct cause of the following exception:
backend/tests/conftest.py:133: in _db_isolation
    _seed_admin_impl()
backend/tests/conftest.py:108: in _seed_admin_impl
    session.commit()
../../tesis-fim-serio/backend/.venv/lib/python3.13/site-packages/sqlalchemy/orm/session.py:2035: in commit
    trans.commit(_to_root=True)
../../tesis-fim-serio/backend/.venv/lib/python3.13/site-packages/sqlalchemy/orm/state_changes.py:137: in _go
    ret_value = fn(self, *arg, **kw)
../../tesis-fim-serio/backend/.venv/lib/python3.13/site-packages/sqlalchemy/orm/session.py:1316: in commit
    self._prepare_impl()
../../tesis-fim-serio/backend/.venv/lib/python3.13/site-packages/sqlalchemy/orm/state_changes.py:137: in _go
    ret_value = fn(self, *arg, **kw)
../../tesis-fim-serio/backend/.venv/lib/python3.13/site-packages/sqlalchemy/orm/session.py:1290: in _prepare_impl
    self.session.flush()
../../tesis-fim-serio/backend/.venv/lib/python3.13/site-packages/sqlalchemy/orm/session.py:4353: in flush
    self._flush(objects)
../../tesis-fim-serio/backend/.venv/lib/python3.13/site-packages/sqlalchemy/orm/session.py:4488: in _flush
    with util.safe_reraise():
../../tesis-fim-serio/backend/.venv/lib/python3.13/site-packages/sqlalchemy/util/langhelpers.py:122: in __exit__
    raise exc_value.with_traceback(exc_tb)
../../tesis-fim-serio/backend/.venv/lib/python3.13/site-packages/sqlalchemy/orm/session.py:4449: in _flush
    flush_context.execute()
../../tesis-fim-serio/backend/.venv/lib/python3.13/site-packages/sqlalchemy/orm/unitofwork.py:465: in execute
    rec.execute(self)
../../tesis-fim-serio/backend/.venv/lib/python3.13/site-packages/sqlalchemy/orm/unitofwork.py:641: in execute
    util.preloaded.orm_persistence.save_obj(
../../tesis-fim-serio/backend/.venv/lib/python3.13/site-packages/sqlalchemy/orm/persistence.py:94: in save_obj
    _emit_insert_statements(
../../tesis-fim-serio/backend/.venv/lib/python3.13/site-packages/sqlalchemy/orm/persistence.py:1234: in _emit_insert_statements
    result = connection.execute(
../../tesis-fim-serio/backend/.venv/lib/python3.13/site-packages/sqlalchemy/engine/base.py:1421: in execute
    return meth(
../../tesis-fim-serio/backend/.venv/lib/python3.13/site-packages/sqlalchemy/sql/elements.py:526: in _execute_on_connection
    return connection._execute_clauseelement(
../../tesis-fim-serio/backend/.venv/lib/python3.13/site-packages/sqlalchemy/engine/base.py:1643: in _execute_clauseelement
    ret = self._execute_context(
../../tesis-fim-serio/backend/.venv/lib/python3.13/site-packages/sqlalchemy/engine/base.py:1848: in _execute_context
    return self._exec_single_context(
../../tesis-fim-serio/backend/.venv/lib/python3.13/site-packages/sqlalchemy/engine/base.py:1988: in _exec_single_context
    self._handle_dbapi_exception(
../../tesis-fim-serio/backend/.venv/lib/python3.13/site-packages/sqlalchemy/engine/base.py:2365: in _handle_dbapi_exception
    raise sqlalchemy_exception.with_traceback(exc_info[2]) from e
../../tesis-fim-serio/backend/.venv/lib/python3.13/site-packages/sqlalchemy/engine/base.py:1969: in _exec_single_context
    self.dialect.do_execute(
../../tesis-fim-serio/backend/.venv/lib/python3.13/site-packages/sqlalchemy/engine/default.py:952: in do_execute
    cursor.execute(statement, parameters)
../../tesis-fim-serio/backend/.venv/lib/python3.13/site-packages/psycopg/cursor.py:97: in execute
    raise ex.with_traceback(None)
E   sqlalchemy.exc.IntegrityError: (psycopg.errors.UniqueViolation) duplicate key value violates unique constraint "ix_users_username"
E   DETAIL:  Key (username)=(admin) already exists.
E   [SQL: INSERT INTO users (username, email, password_hash, role, is_active, must_change_password, created_at) VALUES (%(username)s::VARCHAR, %(email)s::VARCHAR, %(password_hash)s::VARCHAR, %(role)s::VARCHAR, %(is_active)s, %(must_change_password)s, %(created_at)s::TIMESTAMP WITH TIME ZONE) RETURNING users.id]
E   [parameters: {'username': 'admin', 'email': 'admin@fim.local', 'password_hash': '$argon2id$v=19$m=65536,t=3,p=4$zwca+jesl1gf1tNTBx5AkQ$x3pRwoCKXvmU5bkCNQkbSSB9iV3OI2jtusfkZZRAkCU', 'role': 'admin', 'is_active': True, 'must_change_password': True, 'created_at': datetime.datetime(2026, 9, 12, 20, 21, 1, 561865, tzinfo=datetime.timezone.utc)}]
E   (Background on this error at: https://sqlalche.me/e/20/gkpj)
_________ ERROR at setup of test_heartbeat_persists_watch_path_status __________
../../tesis-fim-serio/backend/.venv/lib/python3.13/site-packages/sqlalchemy/engine/base.py:1969: in _exec_single_context
    self.dialect.do_execute(
../../tesis-fim-serio/backend/.venv/lib/python3.13/site-packages/sqlalchemy/engine/default.py:952: in do_execute
    cursor.execute(statement, parameters)
../../tesis-fim-serio/backend/.venv/lib/python3.13/site-packages/psycopg/cursor.py:97: in execute
    raise ex.with_traceback(None)
E   psycopg.errors.UniqueViolation: duplicate key value violates unique constraint "ix_users_username"
E   DETAIL:  Key (username)=(admin) already exists.

The above exception was the direct cause of the following exception:
backend/tests/conftest.py:133: in _db_isolation
    _seed_admin_impl()
backend/tests/conftest.py:108: in _seed_admin_impl
    session.commit()
../../tesis-fim-serio/backend/.venv/lib/python3.13/site-packages/sqlalchemy/orm/session.py:2035: in commit
    trans.commit(_to_root=True)
../../tesis-fim-serio/backend/.venv/lib/python3.13/site-packages/sqlalchemy/orm/state_changes.py:137: in _go
    ret_value = fn(self, *arg, **kw)
../../tesis-fim-serio/backend/.venv/lib/python3.13/site-packages/sqlalchemy/orm/session.py:1316: in commit
    self._prepare_impl()
../../tesis-fim-serio/backend/.venv/lib/python3.13/site-packages/sqlalchemy/orm/state_changes.py:137: in _go
    ret_value = fn(self, *arg, **kw)
../../tesis-fim-serio/backend/.venv/lib/python3.13/site-packages/sqlalchemy/orm/session.py:1290: in _prepare_impl
    self.session.flush()
../../tesis-fim-serio/backend/.venv/lib/python3.13/site-packages/sqlalchemy/orm/session.py:4353: in flush
    self._flush(objects)
../../tesis-fim-serio/backend/.venv/lib/python3.13/site-packages/sqlalchemy/orm/session.py:4488: in _flush
    with util.safe_reraise():
../../tesis-fim-serio/backend/.venv/lib/python3.13/site-packages/sqlalchemy/util/langhelpers.py:122: in __exit__
    raise exc_value.with_traceback(exc_tb)
../../tesis-fim-serio/backend/.venv/lib/python3.13/site-packages/sqlalchemy/orm/session.py:4449: in _flush
    flush_context.execute()
../../tesis-fim-serio/backend/.venv/lib/python3.13/site-packages/sqlalchemy/orm/unitofwork.py:465: in execute
    rec.execute(self)
../../tesis-fim-serio/backend/.venv/lib/python3.13/site-packages/sqlalchemy/orm/unitofwork.py:641: in execute
    util.preloaded.orm_persistence.save_obj(
../../tesis-fim-serio/backend/.venv/lib/python3.13/site-packages/sqlalchemy/orm/persistence.py:94: in save_obj
    _emit_insert_statements(
../../tesis-fim-serio/backend/.venv/lib/python3.13/site-packages/sqlalchemy/orm/persistence.py:1234: in _emit_insert_statements
    result = connection.execute(
../../tesis-fim-serio/backend/.venv/lib/python3.13/site-packages/sqlalchemy/engine/base.py:1421: in execute
    return meth(
../../tesis-fim-serio/backend/.venv/lib/python3.13/site-packages/sqlalchemy/sql/elements.py:526: in _execute_on_connection
    return connection._execute_clauseelement(
../../tesis-fim-serio/backend/.venv/lib/python3.13/site-packages/sqlalchemy/engine/base.py:1643: in _execute_clauseelement
    ret = self._execute_context(
../../tesis-fim-serio/backend/.venv/lib/python3.13/site-packages/sqlalchemy/engine/base.py:1848: in _execute_context
    return self._exec_single_context(
../../tesis-fim-serio/backend/.venv/lib/python3.13/site-packages/sqlalchemy/engine/base.py:1988: in _exec_single_context
    self._handle_dbapi_exception(
../../tesis-fim-serio/backend/.venv/lib/python3.13/site-packages/sqlalchemy/engine/base.py:2365: in _handle_dbapi_exception
    raise sqlalchemy_exception.with_traceback(exc_info[2]) from e
../../tesis-fim-serio/backend/.venv/lib/python3.13/site-packages/sqlalchemy/engine/base.py:1969: in _exec_single_context
    self.dialect.do_execute(
../../tesis-fim-serio/backend/.venv/lib/python3.13/site-packages/sqlalchemy/engine/default.py:952: in do_execute
    cursor.execute(statement, parameters)
../../tesis-fim-serio/backend/.venv/lib/python3.13/site-packages/psycopg/cursor.py:97: in execute
    raise ex.with_traceback(None)
E   sqlalchemy.exc.IntegrityError: (psycopg.errors.UniqueViolation) duplicate key value violates unique constraint "ix_users_username"
E   DETAIL:  Key (username)=(admin) already exists.
E   [SQL: INSERT INTO users (username, email, password_hash, role, is_active, must_change_password, created_at) VALUES (%(username)s::VARCHAR, %(email)s::VARCHAR, %(password_hash)s::VARCHAR, %(role)s::VARCHAR, %(is_active)s, %(must_change_password)s, %(created_at)s::TIMESTAMP WITH TIME ZONE) RETURNING users.id]
E   [parameters: {'username': 'admin', 'email': 'admin@fim.local', 'password_hash': '$argon2id$v=19$m=65536,t=3,p=4$f7tsqQtORUuQpmIatARjug$rVwsnxVIjP+GEKmtRPAmC65PN3IMKlVSAUi0JOFzrBo', 'role': 'admin', 'is_active': True, 'must_change_password': True, 'created_at': datetime.datetime(2026, 9, 12, 20, 21, 3, 480368, tzinfo=datetime.timezone.utc)}]
E   (Background on this error at: https://sqlalche.me/e/20/gkpj)
_ ERROR at setup of test_agents_table_has_watch_path_status_column_after_migration _
../../tesis-fim-serio/backend/.venv/lib/python3.13/site-packages/sqlalchemy/engine/base.py:1969: in _exec_single_context
    self.dialect.do_execute(
../../tesis-fim-serio/backend/.venv/lib/python3.13/site-packages/sqlalchemy/engine/default.py:952: in do_execute
    cursor.execute(statement, parameters)
../../tesis-fim-serio/backend/.venv/lib/python3.13/site-packages/psycopg/cursor.py:97: in execute
    raise ex.with_traceback(None)
E   psycopg.errors.UniqueViolation: duplicate key value violates unique constraint "ix_users_username"
E   DETAIL:  Key (username)=(admin) already exists.

The above exception was the direct cause of the following exception:
backend/tests/conftest.py:133: in _db_isolation
    _seed_admin_impl()
backend/tests/conftest.py:108: in _seed_admin_impl
    session.commit()
../../tesis-fim-serio/backend/.venv/lib/python3.13/site-packages/sqlalchemy/orm/session.py:2035: in commit
    trans.commit(_to_root=True)
../../tesis-fim-serio/backend/.venv/lib/python3.13/site-packages/sqlalchemy/orm/state_changes.py:137: in _go
    ret_value = fn(self, *arg, **kw)
../../tesis-fim-serio/backend/.venv/lib/python3.13/site-packages/sqlalchemy/orm/session.py:1316: in commit
    self._prepare_impl()
../../tesis-fim-serio/backend/.venv/lib/python3.13/site-packages/sqlalchemy/orm/state_changes.py:137: in _go
    ret_value = fn(self, *arg, **kw)
../../tesis-fim-serio/backend/.venv/lib/python3.13/site-packages/sqlalchemy/orm/session.py:1290: in _prepare_impl
    self.session.flush()
../../tesis-fim-serio/backend/.venv/lib/python3.13/site-packages/sqlalchemy/orm/session.py:4353: in flush
    self._flush(objects)
../../tesis-fim-serio/backend/.venv/lib/python3.13/site-packages/sqlalchemy/orm/session.py:4488: in _flush
    with util.safe_reraise():
../../tesis-fim-serio/backend/.venv/lib/python3.13/site-packages/sqlalchemy/util/langhelpers.py:122: in __exit__
    raise exc_value.with_traceback(exc_tb)
../../tesis-fim-serio/backend/.venv/lib/python3.13/site-packages/sqlalchemy/orm/session.py:4449: in _flush
    flush_context.execute()
../../tesis-fim-serio/backend/.venv/lib/python3.13/site-packages/sqlalchemy/orm/unitofwork.py:465: in execute
    rec.execute(self)
../../tesis-fim-serio/backend/.venv/lib/python3.13/site-packages/sqlalchemy/orm/unitofwork.py:641: in execute
    util.preloaded.orm_persistence.save_obj(
../../tesis-fim-serio/backend/.venv/lib/python3.13/site-packages/sqlalchemy/orm/persistence.py:94: in save_obj
    _emit_insert_statements(
../../tesis-fim-serio/backend/.venv/lib/python3.13/site-packages/sqlalchemy/orm/persistence.py:1234: in _emit_insert_statements
    result = connection.execute(
../../tesis-fim-serio/backend/.venv/lib/python3.13/site-packages/sqlalchemy/engine/base.py:1421: in execute
    return meth(
../../tesis-fim-serio/backend/.venv/lib/python3.13/site-packages/sqlalchemy/sql/elements.py:526: in _execute_on_connection
    return connection._execute_clauseelement(
../../tesis-fim-serio/backend/.venv/lib/python3.13/site-packages/sqlalchemy/engine/base.py:1643: in _execute_clauseelement
    ret = self._execute_context(
../../tesis-fim-serio/backend/.venv/lib/python3.13/site-packages/sqlalchemy/engine/base.py:1848: in _execute_context
    return self._exec_single_context(
../../tesis-fim-serio/backend/.venv/lib/python3.13/site-packages/sqlalchemy/engine/base.py:1988: in _exec_single_context
    self._handle_dbapi_exception(
../../tesis-fim-serio/backend/.venv/lib/python3.13/site-packages/sqlalchemy/engine/base.py:2365: in _handle_dbapi_exception
    raise sqlalchemy_exception.with_traceback(exc_info[2]) from e
../../tesis-fim-serio/backend/.venv/lib/python3.13/site-packages/sqlalchemy/engine/base.py:1969: in _exec_single_context
    self.dialect.do_execute(
../../tesis-fim-serio/backend/.venv/lib/python3.13/site-packages/sqlalchemy/engine/default.py:952: in do_execute
    cursor.execute(statement, parameters)
../../tesis-fim-serio/backend/.venv/lib/python3.13/site-packages/psycopg/cursor.py:97: in execute
    raise ex.with_traceback(None)
E   sqlalchemy.exc.IntegrityError: (psycopg.errors.UniqueViolation) duplicate key value violates unique constraint "ix_users_username"
E   DETAIL:  Key (username)=(admin) already exists.
E   [SQL: INSERT INTO users (username, email, password_hash, role, is_active, must_change_password, created_at) VALUES (%(username)s::VARCHAR, %(email)s::VARCHAR, %(password_hash)s::VARCHAR, %(role)s::VARCHAR, %(is_active)s, %(must_change_password)s, %(created_at)s::TIMESTAMP WITH TIME ZONE) RETURNING users.id]
E   [parameters: {'username': 'admin', 'email': 'admin@fim.local', 'password_hash': '$argon2id$v=19$m=65536,t=3,p=4$I+oyMMuDFLI4y66lLaCYbA$LdwMv8MdOYGylRVa/QC7Vr9uXkR9/nqPfFPxqxy2/ec', 'role': 'admin', 'is_active': True, 'must_change_password': True, 'created_at': datetime.datetime(2026, 9, 12, 20, 21, 4, 796117, tzinfo=datetime.timezone.utc)}]
E   (Background on this error at: https://sqlalche.me/e/20/gkpj)
________ ERROR at setup of test_refresh_con_token_revocado_retorna_401 _________
../../tesis-fim-serio/backend/.venv/lib/python3.13/site-packages/sqlalchemy/engine/base.py:1969: in _exec_single_context
    self.dialect.do_execute(
../../tesis-fim-serio/backend/.venv/lib/python3.13/site-packages/sqlalchemy/engine/default.py:952: in do_execute
    cursor.execute(statement, parameters)
../../tesis-fim-serio/backend/.venv/lib/python3.13/site-packages/psycopg/cursor.py:97: in execute
    raise ex.with_traceback(None)
E   psycopg.errors.UniqueViolation: duplicate key value violates unique constraint "ix_users_username"
E   DETAIL:  Key (username)=(admin) already exists.

The above exception was the direct cause of the following exception:
backend/tests/conftest.py:133: in _db_isolation
    _seed_admin_impl()
backend/tests/conftest.py:108: in _seed_admin_impl
    session.commit()
../../tesis-fim-serio/backend/.venv/lib/python3.13/site-packages/sqlalchemy/orm/session.py:2035: in commit
    trans.commit(_to_root=True)
../../tesis-fim-serio/backend/.venv/lib/python3.13/site-packages/sqlalchemy/orm/state_changes.py:137: in _go
    ret_value = fn(self, *arg, **kw)
../../tesis-fim-serio/backend/.venv/lib/python3.13/site-packages/sqlalchemy/orm/session.py:1316: in commit
    self._prepare_impl()
../../tesis-fim-serio/backend/.venv/lib/python3.13/site-packages/sqlalchemy/orm/state_changes.py:137: in _go
    ret_value = fn(self, *arg, **kw)
../../tesis-fim-serio/backend/.venv/lib/python3.13/site-packages/sqlalchemy/orm/session.py:1290: in _prepare_impl
    self.session.flush()
../../tesis-fim-serio/backend/.venv/lib/python3.13/site-packages/sqlalchemy/orm/session.py:4353: in flush
    self._flush(objects)
../../tesis-fim-serio/backend/.venv/lib/python3.13/site-packages/sqlalchemy/orm/session.py:4488: in _flush
    with util.safe_reraise():
../../tesis-fim-serio/backend/.venv/lib/python3.13/site-packages/sqlalchemy/util/langhelpers.py:122: in __exit__
    raise exc_value.with_traceback(exc_tb)
../../tesis-fim-serio/backend/.venv/lib/python3.13/site-packages/sqlalchemy/orm/session.py:4449: in _flush
    flush_context.execute()
../../tesis-fim-serio/backend/.venv/lib/python3.13/site-packages/sqlalchemy/orm/unitofwork.py:465: in execute
    rec.execute(self)
../../tesis-fim-serio/backend/.venv/lib/python3.13/site-packages/sqlalchemy/orm/unitofwork.py:641: in execute
    util.preloaded.orm_persistence.save_obj(
../../tesis-fim-serio/backend/.venv/lib/python3.13/site-packages/sqlalchemy/orm/persistence.py:94: in save_obj
    _emit_insert_statements(
../../tesis-fim-serio/backend/.venv/lib/python3.13/site-packages/sqlalchemy/orm/persistence.py:1234: in _emit_insert_statements
    result = connection.execute(
../../tesis-fim-serio/backend/.venv/lib/python3.13/site-packages/sqlalchemy/engine/base.py:1421: in execute
    return meth(
../../tesis-fim-serio/backend/.venv/lib/python3.13/site-packages/sqlalchemy/sql/elements.py:526: in _execute_on_connection
    return connection._execute_clauseelement(
../../tesis-fim-serio/backend/.venv/lib/python3.13/site-packages/sqlalchemy/engine/base.py:1643: in _execute_clauseelement
    ret = self._execute_context(
../../tesis-fim-serio/backend/.venv/lib/python3.13/site-packages/sqlalchemy/engine/base.py:1848: in _execute_context
    return self._exec_single_context(
../../tesis-fim-serio/backend/.venv/lib/python3.13/site-packages/sqlalchemy/engine/base.py:1988: in _exec_single_context
    self._handle_dbapi_exception(
../../tesis-fim-serio/backend/.venv/lib/python3.13/site-packages/sqlalchemy/engine/base.py:2365: in _handle_dbapi_exception
    raise sqlalchemy_exception.with_traceback(exc_info[2]) from e
../../tesis-fim-serio/backend/.venv/lib/python3.13/site-packages/sqlalchemy/engine/base.py:1969: in _exec_single_context
    self.dialect.do_execute(
../../tesis-fim-serio/backend/.venv/lib/python3.13/site-packages/sqlalchemy/engine/default.py:952: in do_execute
    cursor.execute(statement, parameters)
../../tesis-fim-serio/backend/.venv/lib/python3.13/site-packages/psycopg/cursor.py:97: in execute
    raise ex.with_traceback(None)
E   sqlalchemy.exc.IntegrityError: (psycopg.errors.UniqueViolation) duplicate key value violates unique constraint "ix_users_username"
E   DETAIL:  Key (username)=(admin) already exists.
E   [SQL: INSERT INTO users (username, email, password_hash, role, is_active, must_change_password, created_at) VALUES (%(username)s::VARCHAR, %(email)s::VARCHAR, %(password_hash)s::VARCHAR, %(role)s::VARCHAR, %(is_active)s, %(must_change_password)s, %(created_at)s::TIMESTAMP WITH TIME ZONE) RETURNING users.id]
E   [parameters: {'username': 'admin', 'email': 'admin@fim.local', 'password_hash': '$argon2id$v=19$m=65536,t=3,p=4$SLsK586LZ3IjyuR7Y9AKSw$tfKcfb0m3Um1TIAfgvFJY0uoDpLDBtYqSp1Ugop3+6I', 'role': 'admin', 'is_active': True, 'must_change_password': True, 'created_at': datetime.datetime(2026, 9, 12, 20, 21, 7, 950193, tzinfo=datetime.timezone.utc)}]
E   (Background on this error at: https://sqlalche.me/e/20/gkpj)
_ ERROR at setup of test_refresh_concurrente_dentro_de_gracia_reusa_la_sesion_rotada _
../../tesis-fim-serio/backend/.venv/lib/python3.13/site-packages/sqlalchemy/engine/base.py:1969: in _exec_single_context
    self.dialect.do_execute(
../../tesis-fim-serio/backend/.venv/lib/python3.13/site-packages/sqlalchemy/engine/default.py:952: in do_execute
    cursor.execute(statement, parameters)
../../tesis-fim-serio/backend/.venv/lib/python3.13/site-packages/psycopg/cursor.py:97: in execute
    raise ex.with_traceback(None)
E   psycopg.errors.UniqueViolation: duplicate key value violates unique constraint "ix_users_username"
E   DETAIL:  Key (username)=(admin) already exists.

The above exception was the direct cause of the following exception:
backend/tests/conftest.py:133: in _db_isolation
    _seed_admin_impl()
backend/tests/conftest.py:108: in _seed_admin_impl
    session.commit()
../../tesis-fim-serio/backend/.venv/lib/python3.13/site-packages/sqlalchemy/orm/session.py:2035: in commit
    trans.commit(_to_root=True)
../../tesis-fim-serio/backend/.venv/lib/python3.13/site-packages/sqlalchemy/orm/state_changes.py:137: in _go
    ret_value = fn(self, *arg, **kw)
../../tesis-fim-serio/backend/.venv/lib/python3.13/site-packages/sqlalchemy/orm/session.py:1316: in commit
    self._prepare_impl()
../../tesis-fim-serio/backend/.venv/lib/python3.13/site-packages/sqlalchemy/orm/state_changes.py:137: in _go
    ret_value = fn(self, *arg, **kw)
../../tesis-fim-serio/backend/.venv/lib/python3.13/site-packages/sqlalchemy/orm/session.py:1290: in _prepare_impl
    self.session.flush()
../../tesis-fim-serio/backend/.venv/lib/python3.13/site-packages/sqlalchemy/orm/session.py:4353: in flush
    self._flush(objects)
../../tesis-fim-serio/backend/.venv/lib/python3.13/site-packages/sqlalchemy/orm/session.py:4488: in _flush
    with util.safe_reraise():
../../tesis-fim-serio/backend/.venv/lib/python3.13/site-packages/sqlalchemy/util/langhelpers.py:122: in __exit__
    raise exc_value.with_traceback(exc_tb)
../../tesis-fim-serio/backend/.venv/lib/python3.13/site-packages/sqlalchemy/orm/session.py:4449: in _flush
    flush_context.execute()
../../tesis-fim-serio/backend/.venv/lib/python3.13/site-packages/sqlalchemy/orm/unitofwork.py:465: in execute
    rec.execute(self)
../../tesis-fim-serio/backend/.venv/lib/python3.13/site-packages/sqlalchemy/orm/unitofwork.py:641: in execute
    util.preloaded.orm_persistence.save_obj(
../../tesis-fim-serio/backend/.venv/lib/python3.13/site-packages/sqlalchemy/orm/persistence.py:94: in save_obj
    _emit_insert_statements(
../../tesis-fim-serio/backend/.venv/lib/python3.13/site-packages/sqlalchemy/orm/persistence.py:1234: in _emit_insert_statements
    result = connection.execute(
../../tesis-fim-serio/backend/.venv/lib/python3.13/site-packages/sqlalchemy/engine/base.py:1421: in execute
    return meth(
../../tesis-fim-serio/backend/.venv/lib/python3.13/site-packages/sqlalchemy/sql/elements.py:526: in _execute_on_connection
    return connection._execute_clauseelement(
../../tesis-fim-serio/backend/.venv/lib/python3.13/site-packages/sqlalchemy/engine/base.py:1643: in _execute_clauseelement
    ret = self._execute_context(
../../tesis-fim-serio/backend/.venv/lib/python3.13/site-packages/sqlalchemy/engine/base.py:1848: in _execute_context
    return self._exec_single_context(
../../tesis-fim-serio/backend/.venv/lib/python3.13/site-packages/sqlalchemy/engine/base.py:1988: in _exec_single_context
    self._handle_dbapi_exception(
../../tesis-fim-serio/backend/.venv/lib/python3.13/site-packages/sqlalchemy/engine/base.py:2365: in _handle_dbapi_exception
    raise sqlalchemy_exception.with_traceback(exc_info[2]) from e
../../tesis-fim-serio/backend/.venv/lib/python3.13/site-packages/sqlalchemy/engine/base.py:1969: in _exec_single_context
    self.dialect.do_execute(
../../tesis-fim-serio/backend/.venv/lib/python3.13/site-packages/sqlalchemy/engine/default.py:952: in do_execute
    cursor.execute(statement, parameters)
../../tesis-fim-serio/backend/.venv/lib/python3.13/site-packages/psycopg/cursor.py:97: in execute
    raise ex.with_traceback(None)
E   sqlalchemy.exc.IntegrityError: (psycopg.errors.UniqueViolation) duplicate key value violates unique constraint "ix_users_username"
E   DETAIL:  Key (username)=(admin) already exists.
E   [SQL: INSERT INTO users (username, email, password_hash, role, is_active, must_change_password, created_at) VALUES (%(username)s::VARCHAR, %(email)s::VARCHAR, %(password_hash)s::VARCHAR, %(role)s::VARCHAR, %(is_active)s, %(must_change_password)s, %(created_at)s::TIMESTAMP WITH TIME ZONE) RETURNING users.id]
E   [parameters: {'username': 'admin', 'email': 'admin@fim.local', 'password_hash': '$argon2id$v=19$m=65536,t=3,p=4$7PR/TS5EyLC6LLheuFaBtA$kVST0RY9UdpYerppx8DTlALDUpMRuHy4jDp7OG4MpAs', 'role': 'admin', 'is_active': True, 'must_change_password': True, 'created_at': datetime.datetime(2026, 9, 12, 20, 21, 8, 389034, tzinfo=datetime.timezone.utc)}]
E   (Background on this error at: https://sqlalche.me/e/20/gkpj)
_ ERROR at setup of test_gracia_no_resucita_refresh_ganador_revocado_por_logout _
../../tesis-fim-serio/backend/.venv/lib/python3.13/site-packages/sqlalchemy/engine/base.py:1969: in _exec_single_context
    self.dialect.do_execute(
../../tesis-fim-serio/backend/.venv/lib/python3.13/site-packages/sqlalchemy/engine/default.py:952: in do_execute
    cursor.execute(statement, parameters)
../../tesis-fim-serio/backend/.venv/lib/python3.13/site-packages/psycopg/cursor.py:97: in execute
    raise ex.with_traceback(None)
E   psycopg.errors.UniqueViolation: duplicate key value violates unique constraint "ix_users_username"
E   DETAIL:  Key (username)=(admin) already exists.

The above exception was the direct cause of the following exception:
backend/tests/conftest.py:133: in _db_isolation
    _seed_admin_impl()
backend/tests/conftest.py:108: in _seed_admin_impl
    session.commit()
../../tesis-fim-serio/backend/.venv/lib/python3.13/site-packages/sqlalchemy/orm/session.py:2035: in commit
    trans.commit(_to_root=True)
../../tesis-fim-serio/backend/.venv/lib/python3.13/site-packages/sqlalchemy/orm/state_changes.py:137: in _go
    ret_value = fn(self, *arg, **kw)
../../tesis-fim-serio/backend/.venv/lib/python3.13/site-packages/sqlalchemy/orm/session.py:1316: in commit
    self._prepare_impl()
../../tesis-fim-serio/backend/.venv/lib/python3.13/site-packages/sqlalchemy/orm/state_changes.py:137: in _go
    ret_value = fn(self, *arg, **kw)
../../tesis-fim-serio/backend/.venv/lib/python3.13/site-packages/sqlalchemy/orm/session.py:1290: in _prepare_impl
    self.session.flush()
../../tesis-fim-serio/backend/.venv/lib/python3.13/site-packages/sqlalchemy/orm/session.py:4353: in flush
    self._flush(objects)
../../tesis-fim-serio/backend/.venv/lib/python3.13/site-packages/sqlalchemy/orm/session.py:4488: in _flush
    with util.safe_reraise():
../../tesis-fim-serio/backend/.venv/lib/python3.13/site-packages/sqlalchemy/util/langhelpers.py:122: in __exit__
    raise exc_value.with_traceback(exc_tb)
../../tesis-fim-serio/backend/.venv/lib/python3.13/site-packages/sqlalchemy/orm/session.py:4449: in _flush
    flush_context.execute()
../../tesis-fim-serio/backend/.venv/lib/python3.13/site-packages/sqlalchemy/orm/unitofwork.py:465: in execute
    rec.execute(self)
../../tesis-fim-serio/backend/.venv/lib/python3.13/site-packages/sqlalchemy/orm/unitofwork.py:641: in execute
    util.preloaded.orm_persistence.save_obj(
../../tesis-fim-serio/backend/.venv/lib/python3.13/site-packages/sqlalchemy/orm/persistence.py:94: in save_obj
    _emit_insert_statements(
../../tesis-fim-serio/backend/.venv/lib/python3.13/site-packages/sqlalchemy/orm/persistence.py:1234: in _emit_insert_statements
    result = connection.execute(
../../tesis-fim-serio/backend/.venv/lib/python3.13/site-packages/sqlalchemy/engine/base.py:1421: in execute
    return meth(
../../tesis-fim-serio/backend/.venv/lib/python3.13/site-packages/sqlalchemy/sql/elements.py:526: in _execute_on_connection
    return connection._execute_clauseelement(
../../tesis-fim-serio/backend/.venv/lib/python3.13/site-packages/sqlalchemy/engine/base.py:1643: in _execute_clauseelement
    ret = self._execute_context(
../../tesis-fim-serio/backend/.venv/lib/python3.13/site-packages/sqlalchemy/engine/base.py:1848: in _execute_context
    return self._exec_single_context(
../../tesis-fim-serio/backend/.venv/lib/python3.13/site-packages/sqlalchemy/engine/base.py:1988: in _exec_single_context
    self._handle_dbapi_exception(
../../tesis-fim-serio/backend/.venv/lib/python3.13/site-packages/sqlalchemy/engine/base.py:2365: in _handle_dbapi_exception
    raise sqlalchemy_exception.with_traceback(exc_info[2]) from e
../../tesis-fim-serio/backend/.venv/lib/python3.13/site-packages/sqlalchemy/engine/base.py:1969: in _exec_single_context
    self.dialect.do_execute(
../../tesis-fim-serio/backend/.venv/lib/python3.13/site-packages/sqlalchemy/engine/default.py:952: in do_execute
    cursor.execute(statement, parameters)
../../tesis-fim-serio/backend/.venv/lib/python3.13/site-packages/psycopg/cursor.py:97: in execute
    raise ex.with_traceback(None)
E   sqlalchemy.exc.IntegrityError: (psycopg.errors.UniqueViolation) duplicate key value violates unique constraint "ix_users_username"
E   DETAIL:  Key (username)=(admin) already exists.
E   [SQL: INSERT INTO users (username, email, password_hash, role, is_active, must_change_password, created_at) VALUES (%(username)s::VARCHAR, %(email)s::VARCHAR, %(password_hash)s::VARCHAR, %(role)s::VARCHAR, %(is_active)s, %(must_change_password)s, %(created_at)s::TIMESTAMP WITH TIME ZONE) RETURNING users.id]
E   [parameters: {'username': 'admin', 'email': 'admin@fim.local', 'password_hash': '$argon2id$v=19$m=65536,t=3,p=4$yNfwonZqZje9+mJ3GpOc5w$y5BUva9zctxgutcpGG64BvtiBDA1o2fxVEfGJXGH35I', 'role': 'admin', 'is_active': True, 'must_change_password': True, 'created_at': datetime.datetime(2026, 9, 12, 20, 21, 8, 832587, tzinfo=datetime.timezone.utc)}]
E   (Background on this error at: https://sqlalche.me/e/20/gkpj)
_______ ERROR at setup of test_logout_invalida_tambien_el_refresh_token ________
../../tesis-fim-serio/backend/.venv/lib/python3.13/site-packages/sqlalchemy/engine/base.py:1969: in _exec_single_context
    self.dialect.do_execute(
../../tesis-fim-serio/backend/.venv/lib/python3.13/site-packages/sqlalchemy/engine/default.py:952: in do_execute
    cursor.execute(statement, parameters)
../../tesis-fim-serio/backend/.venv/lib/python3.13/site-packages/psycopg/cursor.py:97: in execute
    raise ex.with_traceback(None)
E   psycopg.errors.UniqueViolation: duplicate key value violates unique constraint "ix_users_username"
E   DETAIL:  Key (username)=(admin) already exists.

The above exception was the direct cause of the following exception:
backend/tests/conftest.py:133: in _db_isolation
    _seed_admin_impl()
backend/tests/conftest.py:108: in _seed_admin_impl
    session.commit()
../../tesis-fim-serio/backend/.venv/lib/python3.13/site-packages/sqlalchemy/orm/session.py:2035: in commit
    trans.commit(_to_root=True)
../../tesis-fim-serio/backend/.venv/lib/python3.13/site-packages/sqlalchemy/orm/state_changes.py:137: in _go
    ret_value = fn(self, *arg, **kw)
../../tesis-fim-serio/backend/.venv/lib/python3.13/site-packages/sqlalchemy/orm/session.py:1316: in commit
    self._prepare_impl()
../../tesis-fim-serio/backend/.venv/lib/python3.13/site-packages/sqlalchemy/orm/state_changes.py:137: in _go
    ret_value = fn(self, *arg, **kw)
../../tesis-fim-serio/backend/.venv/lib/python3.13/site-packages/sqlalchemy/orm/session.py:1290: in _prepare_impl
    self.session.flush()
../../tesis-fim-serio/backend/.venv/lib/python3.13/site-packages/sqlalchemy/orm/session.py:4353: in flush
    self._flush(objects)
../../tesis-fim-serio/backend/.venv/lib/python3.13/site-packages/sqlalchemy/orm/session.py:4488: in _flush
    with util.safe_reraise():
../../tesis-fim-serio/backend/.venv/lib/python3.13/site-packages/sqlalchemy/util/langhelpers.py:122: in __exit__
    raise exc_value.with_traceback(exc_tb)
../../tesis-fim-serio/backend/.venv/lib/python3.13/site-packages/sqlalchemy/orm/session.py:4449: in _flush
    flush_context.execute()
../../tesis-fim-serio/backend/.venv/lib/python3.13/site-packages/sqlalchemy/orm/unitofwork.py:465: in execute
    rec.execute(self)
../../tesis-fim-serio/backend/.venv/lib/python3.13/site-packages/sqlalchemy/orm/unitofwork.py:641: in execute
    util.preloaded.orm_persistence.save_obj(
../../tesis-fim-serio/backend/.venv/lib/python3.13/site-packages/sqlalchemy/orm/persistence.py:94: in save_obj
    _emit_insert_statements(
../../tesis-fim-serio/backend/.venv/lib/python3.13/site-packages/sqlalchemy/orm/persistence.py:1234: in _emit_insert_statements
    result = connection.execute(
../../tesis-fim-serio/backend/.venv/lib/python3.13/site-packages/sqlalchemy/engine/base.py:1421: in execute
    return meth(
../../tesis-fim-serio/backend/.venv/lib/python3.13/site-packages/sqlalchemy/sql/elements.py:526: in _execute_on_connection
    return connection._execute_clauseelement(
../../tesis-fim-serio/backend/.venv/lib/python3.13/site-packages/sqlalchemy/engine/base.py:1643: in _execute_clauseelement
    ret = self._execute_context(
../../tesis-fim-serio/backend/.venv/lib/python3.13/site-packages/sqlalchemy/engine/base.py:1848: in _execute_context
    return self._exec_single_context(
../../tesis-fim-serio/backend/.venv/lib/python3.13/site-packages/sqlalchemy/engine/base.py:1988: in _exec_single_context
    self._handle_dbapi_exception(
../../tesis-fim-serio/backend/.venv/lib/python3.13/site-packages/sqlalchemy/engine/base.py:2365: in _handle_dbapi_exception
    raise sqlalchemy_exception.with_traceback(exc_info[2]) from e
../../tesis-fim-serio/backend/.venv/lib/python3.13/site-packages/sqlalchemy/engine/base.py:1969: in _exec_single_context
    self.dialect.do_execute(
../../tesis-fim-serio/backend/.venv/lib/python3.13/site-packages/sqlalchemy/engine/default.py:952: in do_execute
    cursor.execute(statement, parameters)
../../tesis-fim-serio/backend/.venv/lib/python3.13/site-packages/psycopg/cursor.py:97: in execute
    raise ex.with_traceback(None)
E   sqlalchemy.exc.IntegrityError: (psycopg.errors.UniqueViolation) duplicate key value violates unique constraint "ix_users_username"
E   DETAIL:  Key (username)=(admin) already exists.
E   [SQL: INSERT INTO users (username, email, password_hash, role, is_active, must_change_password, created_at) VALUES (%(username)s::VARCHAR, %(email)s::VARCHAR, %(password_hash)s::VARCHAR, %(role)s::VARCHAR, %(is_active)s, %(must_change_password)s, %(created_at)s::TIMESTAMP WITH TIME ZONE) RETURNING users.id]
E   [parameters: {'username': 'admin', 'email': 'admin@fim.local', 'password_hash': '$argon2id$v=19$m=65536,t=3,p=4$0BNP8Z9Drjd1sykk9KgpAg$C6RXK8SaYFj3+U9DMb7DKLJ6/IBE3rZqlcNPF9pnRqk', 'role': 'admin', 'is_active': True, 'must_change_password': True, 'created_at': datetime.datetime(2026, 9, 12, 20, 21, 10, 112681, tzinfo=datetime.timezone.utc)}]
E   (Background on this error at: https://sqlalche.me/e/20/gkpj)
_ ERROR at setup of test_logout_revoca_refresh_jti_sin_recibir_cookie_canonica _
../../tesis-fim-serio/backend/.venv/lib/python3.13/site-packages/sqlalchemy/engine/base.py:1969: in _exec_single_context
    self.dialect.do_execute(
../../tesis-fim-serio/backend/.venv/lib/python3.13/site-packages/sqlalchemy/engine/default.py:952: in do_execute
    cursor.execute(statement, parameters)
../../tesis-fim-serio/backend/.venv/lib/python3.13/site-packages/psycopg/cursor.py:97: in execute
    raise ex.with_traceback(None)
E   psycopg.errors.UniqueViolation: duplicate key value violates unique constraint "ix_users_username"
E   DETAIL:  Key (username)=(admin) already exists.

The above exception was the direct cause of the following exception:
backend/tests/conftest.py:133: in _db_isolation
    _seed_admin_impl()
backend/tests/conftest.py:108: in _seed_admin_impl
    session.commit()
../../tesis-fim-serio/backend/.venv/lib/python3.13/site-packages/sqlalchemy/orm/session.py:2035: in commit
    trans.commit(_to_root=True)
../../tesis-fim-serio/backend/.venv/lib/python3.13/site-packages/sqlalchemy/orm/state_changes.py:137: in _go
    ret_value = fn(self, *arg, **kw)
../../tesis-fim-serio/backend/.venv/lib/python3.13/site-packages/sqlalchemy/orm/session.py:1316: in commit
    self._prepare_impl()
../../tesis-fim-serio/backend/.venv/lib/python3.13/site-packages/sqlalchemy/orm/state_changes.py:137: in _go
    ret_value = fn(self, *arg, **kw)
../../tesis-fim-serio/backend/.venv/lib/python3.13/site-packages/sqlalchemy/orm/session.py:1290: in _prepare_impl
    self.session.flush()
../../tesis-fim-serio/backend/.venv/lib/python3.13/site-packages/sqlalchemy/orm/session.py:4353: in flush
    self._flush(objects)
../../tesis-fim-serio/backend/.venv/lib/python3.13/site-packages/sqlalchemy/orm/session.py:4488: in _flush
    with util.safe_reraise():
../../tesis-fim-serio/backend/.venv/lib/python3.13/site-packages/sqlalchemy/util/langhelpers.py:122: in __exit__
    raise exc_value.with_traceback(exc_tb)
../../tesis-fim-serio/backend/.venv/lib/python3.13/site-packages/sqlalchemy/orm/session.py:4449: in _flush
    flush_context.execute()
../../tesis-fim-serio/backend/.venv/lib/python3.13/site-packages/sqlalchemy/orm/unitofwork.py:465: in execute
    rec.execute(self)
../../tesis-fim-serio/backend/.venv/lib/python3.13/site-packages/sqlalchemy/orm/unitofwork.py:641: in execute
    util.preloaded.orm_persistence.save_obj(
../../tesis-fim-serio/backend/.venv/lib/python3.13/site-packages/sqlalchemy/orm/persistence.py:94: in save_obj
    _emit_insert_statements(
../../tesis-fim-serio/backend/.venv/lib/python3.13/site-packages/sqlalchemy/orm/persistence.py:1234: in _emit_insert_statements
    result = connection.execute(
../../tesis-fim-serio/backend/.venv/lib/python3.13/site-packages/sqlalchemy/engine/base.py:1421: in execute
    return meth(
../../tesis-fim-serio/backend/.venv/lib/python3.13/site-packages/sqlalchemy/sql/elements.py:526: in _execute_on_connection
    return connection._execute_clauseelement(
../../tesis-fim-serio/backend/.venv/lib/python3.13/site-packages/sqlalchemy/engine/base.py:1643: in _execute_clauseelement
    ret = self._execute_context(
../../tesis-fim-serio/backend/.venv/lib/python3.13/site-packages/sqlalchemy/engine/base.py:1848: in _execute_context
    return self._exec_single_context(
../../tesis-fim-serio/backend/.venv/lib/python3.13/site-packages/sqlalchemy/engine/base.py:1988: in _exec_single_context
    self._handle_dbapi_exception(
../../tesis-fim-serio/backend/.venv/lib/python3.13/site-packages/sqlalchemy/engine/base.py:2365: in _handle_dbapi_exception
    raise sqlalchemy_exception.with_traceback(exc_info[2]) from e
../../tesis-fim-serio/backend/.venv/lib/python3.13/site-packages/sqlalchemy/engine/base.py:1969: in _exec_single_context
    self.dialect.do_execute(
../../tesis-fim-serio/backend/.venv/lib/python3.13/site-packages/sqlalchemy/engine/default.py:952: in do_execute
    cursor.execute(statement, parameters)
../../tesis-fim-serio/backend/.venv/lib/python3.13/site-packages/psycopg/cursor.py:97: in execute
    raise ex.with_traceback(None)
E   sqlalchemy.exc.IntegrityError: (psycopg.errors.UniqueViolation) duplicate key value violates unique constraint "ix_users_username"
E   DETAIL:  Key (username)=(admin) already exists.
E   [SQL: INSERT INTO users (username, email, password_hash, role, is_active, must_change_password, created_at) VALUES (%(username)s::VARCHAR, %(email)s::VARCHAR, %(password_hash)s::VARCHAR, %(role)s::VARCHAR, %(is_active)s, %(must_change_password)s, %(created_at)s::TIMESTAMP WITH TIME ZONE) RETURNING users.id]
E   [parameters: {'username': 'admin', 'email': 'admin@fim.local', 'password_hash': '$argon2id$v=19$m=65536,t=3,p=4$Va5jJuljBaTn0615BfpkQg$MCZik33Aeu0dQZsQ8BsrfbFkd/AOjAFh2ZAfIzpaJXs', 'role': 'admin', 'is_active': True, 'must_change_password': True, 'created_at': datetime.datetime(2026, 9, 12, 20, 21, 10, 561179, tzinfo=datetime.timezone.utc)}]
E   (Background on this error at: https://sqlalche.me/e/20/gkpj)
______ ERROR at setup of test_scope_password_change_only_en_access_token _______
../../tesis-fim-serio/backend/.venv/lib/python3.13/site-packages/sqlalchemy/engine/base.py:1969: in _exec_single_context
    self.dialect.do_execute(
../../tesis-fim-serio/backend/.venv/lib/python3.13/site-packages/sqlalchemy/engine/default.py:952: in do_execute
    cursor.execute(statement, parameters)
../../tesis-fim-serio/backend/.venv/lib/python3.13/site-packages/psycopg/cursor.py:97: in execute
    raise ex.with_traceback(None)
E   psycopg.errors.DeadlockDetected: deadlock detected
E   DETAIL:  Process 78 waits for AccessExclusiveLock on relation 412390 of database 412289; blocked by process 79.
E   Process 79 waits for RowExclusiveLock on relation 412508 of database 412289; blocked by process 78.
E   HINT:  See server log for query details.

The above exception was the direct cause of the following exception:
backend/tests/conftest.py:130: in _db_isolation
    conn.execute(sqlalchemy.text(stmt))
../../tesis-fim-serio/backend/.venv/lib/python3.13/site-packages/sqlalchemy/engine/base.py:1421: in execute
    return meth(
../../tesis-fim-serio/backend/.venv/lib/python3.13/site-packages/sqlalchemy/sql/elements.py:526: in _execute_on_connection
    return connection._execute_clauseelement(
../../tesis-fim-serio/backend/.venv/lib/python3.13/site-packages/sqlalchemy/engine/base.py:1643: in _execute_clauseelement
    ret = self._execute_context(
../../tesis-fim-serio/backend/.venv/lib/python3.13/site-packages/sqlalchemy/engine/base.py:1848: in _execute_context
    return self._exec_single_context(
../../tesis-fim-serio/backend/.venv/lib/python3.13/site-packages/sqlalchemy/engine/base.py:1988: in _exec_single_context
    self._handle_dbapi_exception(
../../tesis-fim-serio/backend/.venv/lib/python3.13/site-packages/sqlalchemy/engine/base.py:2365: in _handle_dbapi_exception
    raise sqlalchemy_exception.with_traceback(exc_info[2]) from e
../../tesis-fim-serio/backend/.venv/lib/python3.13/site-packages/sqlalchemy/engine/base.py:1969: in _exec_single_context
    self.dialect.do_execute(
../../tesis-fim-serio/backend/.venv/lib/python3.13/site-packages/sqlalchemy/engine/default.py:952: in do_execute
    cursor.execute(statement, parameters)
../../tesis-fim-serio/backend/.venv/lib/python3.13/site-packages/psycopg/cursor.py:97: in execute
    raise ex.with_traceback(None)
E   sqlalchemy.exc.OperationalError: (psycopg.errors.DeadlockDetected) deadlock detected
E   DETAIL:  Process 78 waits for AccessExclusiveLock on relation 412390 of database 412289; blocked by process 79.
E   Process 79 waits for RowExclusiveLock on relation 412508 of database 412289; blocked by process 78.
E   HINT:  See server log for query details.
E   [SQL: TRUNCATE agents, revoked_certificates, baseline_entries, alerts, audit_log, users, rules, ruleset_versions, published_commands, events, rejected_events_audit RESTART IDENTITY CASCADE]
E   (Background on this error at: https://sqlalche.me/e/20/e3q8)
____ ERROR at setup of test_change_password_con_scope_password_change_only _____
../../tesis-fim-serio/backend/.venv/lib/python3.13/site-packages/sqlalchemy/engine/base.py:1969: in _exec_single_context
    self.dialect.do_execute(
../../tesis-fim-serio/backend/.venv/lib/python3.13/site-packages/sqlalchemy/engine/default.py:952: in do_execute
    cursor.execute(statement, parameters)
../../tesis-fim-serio/backend/.venv/lib/python3.13/site-packages/psycopg/cursor.py:97: in execute
    raise ex.with_traceback(None)
E   psycopg.errors.DeadlockDetected: deadlock detected
E   DETAIL:  Process 74 waits for AccessExclusiveLock on relation 412526 of database 412289; blocked by process 70.
E   Process 70 waits for RowShareLock on relation 412379 of database 412289; blocked by process 74.
E   HINT:  See server log for query details.

The above exception was the direct cause of the following exception:
backend/tests/conftest.py:130: in _db_isolation
    conn.execute(sqlalchemy.text(stmt))
../../tesis-fim-serio/backend/.venv/lib/python3.13/site-packages/sqlalchemy/engine/base.py:1421: in execute
    return meth(
../../tesis-fim-serio/backend/.venv/lib/python3.13/site-packages/sqlalchemy/sql/elements.py:526: in _execute_on_connection
    return connection._execute_clauseelement(
../../tesis-fim-serio/backend/.venv/lib/python3.13/site-packages/sqlalchemy/engine/base.py:1643: in _execute_clauseelement
    ret = self._execute_context(
../../tesis-fim-serio/backend/.venv/lib/python3.13/site-packages/sqlalchemy/engine/base.py:1848: in _execute_context
    return self._exec_single_context(
../../tesis-fim-serio/backend/.venv/lib/python3.13/site-packages/sqlalchemy/engine/base.py:1988: in _exec_single_context
    self._handle_dbapi_exception(
../../tesis-fim-serio/backend/.venv/lib/python3.13/site-packages/sqlalchemy/engine/base.py:2365: in _handle_dbapi_exception
    raise sqlalchemy_exception.with_traceback(exc_info[2]) from e
../../tesis-fim-serio/backend/.venv/lib/python3.13/site-packages/sqlalchemy/engine/base.py:1969: in _exec_single_context
    self.dialect.do_execute(
../../tesis-fim-serio/backend/.venv/lib/python3.13/site-packages/sqlalchemy/engine/default.py:952: in do_execute
    cursor.execute(statement, parameters)
../../tesis-fim-serio/backend/.venv/lib/python3.13/site-packages/psycopg/cursor.py:97: in execute
    raise ex.with_traceback(None)
E   sqlalchemy.exc.OperationalError: (psycopg.errors.DeadlockDetected) deadlock detected
E   DETAIL:  Process 74 waits for AccessExclusiveLock on relation 412526 of database 412289; blocked by process 70.
E   Process 70 waits for RowShareLock on relation 412379 of database 412289; blocked by process 74.
E   HINT:  See server log for query details.
E   [SQL: TRUNCATE agents, revoked_certificates, baseline_entries, alerts, audit_log, users, rules, ruleset_versions, published_commands, events, rejected_events_audit RESTART IDENTITY CASCADE]
E   (Background on this error at: https://sqlalche.me/e/20/e3q8)
_______ ERROR at setup of test_delete_parent_nulls_child_parent_event_id _______
../../tesis-fim-serio/backend/.venv/lib/python3.13/site-packages/sqlalchemy/engine/base.py:1969: in _exec_single_context
    self.dialect.do_execute(
../../tesis-fim-serio/backend/.venv/lib/python3.13/site-packages/sqlalchemy/engine/default.py:952: in do_execute
    cursor.execute(statement, parameters)
../../tesis-fim-serio/backend/.venv/lib/python3.13/site-packages/psycopg/cursor.py:97: in execute
    raise ex.with_traceback(None)
E   psycopg.errors.UniqueViolation: duplicate key value violates unique constraint "ix_users_username"
E   DETAIL:  Key (username)=(admin) already exists.

The above exception was the direct cause of the following exception:
backend/tests/conftest.py:133: in _db_isolation
    _seed_admin_impl()
backend/tests/conftest.py:108: in _seed_admin_impl
    session.commit()
../../tesis-fim-serio/backend/.venv/lib/python3.13/site-packages/sqlalchemy/orm/session.py:2035: in commit
    trans.commit(_to_root=True)
../../tesis-fim-serio/backend/.venv/lib/python3.13/site-packages/sqlalchemy/orm/state_changes.py:137: in _go
    ret_value = fn(self, *arg, **kw)
../../tesis-fim-serio/backend/.venv/lib/python3.13/site-packages/sqlalchemy/orm/session.py:1316: in commit
    self._prepare_impl()
../../tesis-fim-serio/backend/.venv/lib/python3.13/site-packages/sqlalchemy/orm/state_changes.py:137: in _go
    ret_value = fn(self, *arg, **kw)
../../tesis-fim-serio/backend/.venv/lib/python3.13/site-packages/sqlalchemy/orm/session.py:1290: in _prepare_impl
    self.session.flush()
../../tesis-fim-serio/backend/.venv/lib/python3.13/site-packages/sqlalchemy/orm/session.py:4353: in flush
    self._flush(objects)
../../tesis-fim-serio/backend/.venv/lib/python3.13/site-packages/sqlalchemy/orm/session.py:4488: in _flush
    with util.safe_reraise():
../../tesis-fim-serio/backend/.venv/lib/python3.13/site-packages/sqlalchemy/util/langhelpers.py:122: in __exit__
    raise exc_value.with_traceback(exc_tb)
../../tesis-fim-serio/backend/.venv/lib/python3.13/site-packages/sqlalchemy/orm/session.py:4449: in _flush
    flush_context.execute()
../../tesis-fim-serio/backend/.venv/lib/python3.13/site-packages/sqlalchemy/orm/unitofwork.py:465: in execute
    rec.execute(self)
../../tesis-fim-serio/backend/.venv/lib/python3.13/site-packages/sqlalchemy/orm/unitofwork.py:641: in execute
    util.preloaded.orm_persistence.save_obj(
../../tesis-fim-serio/backend/.venv/lib/python3.13/site-packages/sqlalchemy/orm/persistence.py:94: in save_obj
    _emit_insert_statements(
../../tesis-fim-serio/backend/.venv/lib/python3.13/site-packages/sqlalchemy/orm/persistence.py:1234: in _emit_insert_statements
    result = connection.execute(
../../tesis-fim-serio/backend/.venv/lib/python3.13/site-packages/sqlalchemy/engine/base.py:1421: in execute
    return meth(
../../tesis-fim-serio/backend/.venv/lib/python3.13/site-packages/sqlalchemy/sql/elements.py:526: in _execute_on_connection
    return connection._execute_clauseelement(
../../tesis-fim-serio/backend/.venv/lib/python3.13/site-packages/sqlalchemy/engine/base.py:1643: in _execute_clauseelement
    ret = self._execute_context(
../../tesis-fim-serio/backend/.venv/lib/python3.13/site-packages/sqlalchemy/engine/base.py:1848: in _execute_context
    return self._exec_single_context(
../../tesis-fim-serio/backend/.venv/lib/python3.13/site-packages/sqlalchemy/engine/base.py:1988: in _exec_single_context
    self._handle_dbapi_exception(
../../tesis-fim-serio/backend/.venv/lib/python3.13/site-packages/sqlalchemy/engine/base.py:2365: in _handle_dbapi_exception
    raise sqlalchemy_exception.with_traceback(exc_info[2]) from e
../../tesis-fim-serio/backend/.venv/lib/python3.13/site-packages/sqlalchemy/engine/base.py:1969: in _exec_single_context
    self.dialect.do_execute(
../../tesis-fim-serio/backend/.venv/lib/python3.13/site-packages/sqlalchemy/engine/default.py:952: in do_execute
    cursor.execute(statement, parameters)
../../tesis-fim-serio/backend/.venv/lib/python3.13/site-packages/psycopg/cursor.py:97: in execute
    raise ex.with_traceback(None)
E   sqlalchemy.exc.IntegrityError: (psycopg.errors.UniqueViolation) duplicate key value violates unique constraint "ix_users_username"
E   DETAIL:  Key (username)=(admin) already exists.
E   [SQL: INSERT INTO users (username, email, password_hash, role, is_active, must_change_password, created_at) VALUES (%(username)s::VARCHAR, %(email)s::VARCHAR, %(password_hash)s::VARCHAR, %(role)s::VARCHAR, %(is_active)s, %(must_change_password)s, %(created_at)s::TIMESTAMP WITH TIME ZONE) RETURNING users.id]
E   [parameters: {'username': 'admin', 'email': 'admin@fim.local', 'password_hash': '$argon2id$v=19$m=65536,t=3,p=4$M+U0EHHWlklFwi99aXKCNg$RkcNh0IciRv6+VQOM+hnkO1XHQG1w9SbiUQ56lyBSzg', 'role': 'admin', 'is_active': True, 'must_change_password': True, 'created_at': datetime.datetime(2026, 9, 12, 20, 21, 15, 164200, tzinfo=datetime.timezone.utc)}]
E   (Background on this error at: https://sqlalche.me/e/20/gkpj)
_ ERROR at setup of test_start_mtls_server_retorna_server_con_install_signal_handlers_false _
../../tesis-fim-serio/backend/.venv/lib/python3.13/site-packages/sqlalchemy/engine/base.py:1969: in _exec_single_context
    self.dialect.do_execute(
../../tesis-fim-serio/backend/.venv/lib/python3.13/site-packages/sqlalchemy/engine/default.py:952: in do_execute
    cursor.execute(statement, parameters)
../../tesis-fim-serio/backend/.venv/lib/python3.13/site-packages/psycopg/cursor.py:97: in execute
    raise ex.with_traceback(None)
E   psycopg.errors.UniqueViolation: duplicate key value violates unique constraint "ix_users_username"
E   DETAIL:  Key (username)=(admin) already exists.

The above exception was the direct cause of the following exception:
backend/tests/conftest.py:133: in _db_isolation
    _seed_admin_impl()
backend/tests/conftest.py:108: in _seed_admin_impl
    session.commit()
../../tesis-fim-serio/backend/.venv/lib/python3.13/site-packages/sqlalchemy/orm/session.py:2035: in commit
    trans.commit(_to_root=True)
../../tesis-fim-serio/backend/.venv/lib/python3.13/site-packages/sqlalchemy/orm/state_changes.py:137: in _go
    ret_value = fn(self, *arg, **kw)
../../tesis-fim-serio/backend/.venv/lib/python3.13/site-packages/sqlalchemy/orm/session.py:1316: in commit
    self._prepare_impl()
../../tesis-fim-serio/backend/.venv/lib/python3.13/site-packages/sqlalchemy/orm/state_changes.py:137: in _go
    ret_value = fn(self, *arg, **kw)
../../tesis-fim-serio/backend/.venv/lib/python3.13/site-packages/sqlalchemy/orm/session.py:1290: in _prepare_impl
    self.session.flush()
../../tesis-fim-serio/backend/.venv/lib/python3.13/site-packages/sqlalchemy/orm/session.py:4353: in flush
    self._flush(objects)
../../tesis-fim-serio/backend/.venv/lib/python3.13/site-packages/sqlalchemy/orm/session.py:4488: in _flush
    with util.safe_reraise():
../../tesis-fim-serio/backend/.venv/lib/python3.13/site-packages/sqlalchemy/util/langhelpers.py:122: in __exit__
    raise exc_value.with_traceback(exc_tb)
../../tesis-fim-serio/backend/.venv/lib/python3.13/site-packages/sqlalchemy/orm/session.py:4449: in _flush
    flush_context.execute()
../../tesis-fim-serio/backend/.venv/lib/python3.13/site-packages/sqlalchemy/orm/unitofwork.py:465: in execute
    rec.execute(self)
../../tesis-fim-serio/backend/.venv/lib/python3.13/site-packages/sqlalchemy/orm/unitofwork.py:641: in execute
    util.preloaded.orm_persistence.save_obj(
../../tesis-fim-serio/backend/.venv/lib/python3.13/site-packages/sqlalchemy/orm/persistence.py:94: in save_obj
    _emit_insert_statements(
../../tesis-fim-serio/backend/.venv/lib/python3.13/site-packages/sqlalchemy/orm/persistence.py:1234: in _emit_insert_statements
    result = connection.execute(
../../tesis-fim-serio/backend/.venv/lib/python3.13/site-packages/sqlalchemy/engine/base.py:1421: in execute
    return meth(
../../tesis-fim-serio/backend/.venv/lib/python3.13/site-packages/sqlalchemy/sql/elements.py:526: in _execute_on_connection
    return connection._execute_clauseelement(
../../tesis-fim-serio/backend/.venv/lib/python3.13/site-packages/sqlalchemy/engine/base.py:1643: in _execute_clauseelement
    ret = self._execute_context(
../../tesis-fim-serio/backend/.venv/lib/python3.13/site-packages/sqlalchemy/engine/base.py:1848: in _execute_context
    return self._exec_single_context(
../../tesis-fim-serio/backend/.venv/lib/python3.13/site-packages/sqlalchemy/engine/base.py:1988: in _exec_single_context
    self._handle_dbapi_exception(
../../tesis-fim-serio/backend/.venv/lib/python3.13/site-packages/sqlalchemy/engine/base.py:2365: in _handle_dbapi_exception
    raise sqlalchemy_exception.with_traceback(exc_info[2]) from e
../../tesis-fim-serio/backend/.venv/lib/python3.13/site-packages/sqlalchemy/engine/base.py:1969: in _exec_single_context
    self.dialect.do_execute(
../../tesis-fim-serio/backend/.venv/lib/python3.13/site-packages/sqlalchemy/engine/default.py:952: in do_execute
    cursor.execute(statement, parameters)
../../tesis-fim-serio/backend/.venv/lib/python3.13/site-packages/psycopg/cursor.py:97: in execute
    raise ex.with_traceback(None)
E   sqlalchemy.exc.IntegrityError: (psycopg.errors.UniqueViolation) duplicate key value violates unique constraint "ix_users_username"
E   DETAIL:  Key (username)=(admin) already exists.
E   [SQL: INSERT INTO users (username, email, password_hash, role, is_active, must_change_password, created_at) VALUES (%(username)s::VARCHAR, %(email)s::VARCHAR, %(password_hash)s::VARCHAR, %(role)s::VARCHAR, %(is_active)s, %(must_change_password)s, %(created_at)s::TIMESTAMP WITH TIME ZONE) RETURNING users.id]
E   [parameters: {'username': 'admin', 'email': 'admin@fim.local', 'password_hash': '$argon2id$v=19$m=65536,t=3,p=4$sn1ZBxSFBeD891s65oWXKw$v1rwDoFL8aTjvH4YdpCbcFGYGi3GtB22ZQYlO1hA5kg', 'role': 'admin', 'is_active': True, 'must_change_password': True, 'created_at': datetime.datetime(2026, 9, 12, 20, 21, 16, 64926, tzinfo=datetime.timezone.utc)}]
E   (Background on this error at: https://sqlalche.me/e/20/gkpj)
___ ERROR at setup of test_get_events_scope_password_change_only_retorna_403 ___
../../tesis-fim-serio/backend/.venv/lib/python3.13/site-packages/sqlalchemy/engine/base.py:1969: in _exec_single_context
    self.dialect.do_execute(
../../tesis-fim-serio/backend/.venv/lib/python3.13/site-packages/sqlalchemy/engine/default.py:952: in do_execute
    cursor.execute(statement, parameters)
../../tesis-fim-serio/backend/.venv/lib/python3.13/site-packages/psycopg/cursor.py:97: in execute
    raise ex.with_traceback(None)
E   psycopg.errors.UniqueViolation: duplicate key value violates unique constraint "ix_users_username"
E   DETAIL:  Key (username)=(admin) already exists.

The above exception was the direct cause of the following exception:
backend/tests/conftest.py:133: in _db_isolation
    _seed_admin_impl()
backend/tests/conftest.py:108: in _seed_admin_impl
    session.commit()
../../tesis-fim-serio/backend/.venv/lib/python3.13/site-packages/sqlalchemy/orm/session.py:2035: in commit
    trans.commit(_to_root=True)
../../tesis-fim-serio/backend/.venv/lib/python3.13/site-packages/sqlalchemy/orm/state_changes.py:137: in _go
    ret_value = fn(self, *arg, **kw)
../../tesis-fim-serio/backend/.venv/lib/python3.13/site-packages/sqlalchemy/orm/session.py:1316: in commit
    self._prepare_impl()
../../tesis-fim-serio/backend/.venv/lib/python3.13/site-packages/sqlalchemy/orm/state_changes.py:137: in _go
    ret_value = fn(self, *arg, **kw)
../../tesis-fim-serio/backend/.venv/lib/python3.13/site-packages/sqlalchemy/orm/session.py:1290: in _prepare_impl
    self.session.flush()
../../tesis-fim-serio/backend/.venv/lib/python3.13/site-packages/sqlalchemy/orm/session.py:4353: in flush
    self._flush(objects)
../../tesis-fim-serio/backend/.venv/lib/python3.13/site-packages/sqlalchemy/orm/session.py:4488: in _flush
    with util.safe_reraise():
../../tesis-fim-serio/backend/.venv/lib/python3.13/site-packages/sqlalchemy/util/langhelpers.py:122: in __exit__
    raise exc_value.with_traceback(exc_tb)
../../tesis-fim-serio/backend/.venv/lib/python3.13/site-packages/sqlalchemy/orm/session.py:4449: in _flush
    flush_context.execute()
../../tesis-fim-serio/backend/.venv/lib/python3.13/site-packages/sqlalchemy/orm/unitofwork.py:465: in execute
    rec.execute(self)
../../tesis-fim-serio/backend/.venv/lib/python3.13/site-packages/sqlalchemy/orm/unitofwork.py:641: in execute
    util.preloaded.orm_persistence.save_obj(
../../tesis-fim-serio/backend/.venv/lib/python3.13/site-packages/sqlalchemy/orm/persistence.py:94: in save_obj
    _emit_insert_statements(
../../tesis-fim-serio/backend/.venv/lib/python3.13/site-packages/sqlalchemy/orm/persistence.py:1234: in _emit_insert_statements
    result = connection.execute(
../../tesis-fim-serio/backend/.venv/lib/python3.13/site-packages/sqlalchemy/engine/base.py:1421: in execute
    return meth(
../../tesis-fim-serio/backend/.venv/lib/python3.13/site-packages/sqlalchemy/sql/elements.py:526: in _execute_on_connection
    return connection._execute_clauseelement(
../../tesis-fim-serio/backend/.venv/lib/python3.13/site-packages/sqlalchemy/engine/base.py:1643: in _execute_clauseelement
    ret = self._execute_context(
../../tesis-fim-serio/backend/.venv/lib/python3.13/site-packages/sqlalchemy/engine/base.py:1848: in _execute_context
    return self._exec_single_context(
../../tesis-fim-serio/backend/.venv/lib/python3.13/site-packages/sqlalchemy/engine/base.py:1988: in _exec_single_context
    self._handle_dbapi_exception(
../../tesis-fim-serio/backend/.venv/lib/python3.13/site-packages/sqlalchemy/engine/base.py:2365: in _handle_dbapi_exception
    raise sqlalchemy_exception.with_traceback(exc_info[2]) from e
../../tesis-fim-serio/backend/.venv/lib/python3.13/site-packages/sqlalchemy/engine/base.py:1969: in _exec_single_context
    self.dialect.do_execute(
../../tesis-fim-serio/backend/.venv/lib/python3.13/site-packages/sqlalchemy/engine/default.py:952: in do_execute
    cursor.execute(statement, parameters)
../../tesis-fim-serio/backend/.venv/lib/python3.13/site-packages/psycopg/cursor.py:97: in execute
    raise ex.with_traceback(None)
E   sqlalchemy.exc.IntegrityError: (psycopg.errors.UniqueViolation) duplicate key value violates unique constraint "ix_users_username"
E   DETAIL:  Key (username)=(admin) already exists.
E   [SQL: INSERT INTO users (username, email, password_hash, role, is_active, must_change_password, created_at) VALUES (%(username)s::VARCHAR, %(email)s::VARCHAR, %(password_hash)s::VARCHAR, %(role)s::VARCHAR, %(is_active)s, %(must_change_password)s, %(created_at)s::TIMESTAMP WITH TIME ZONE) RETURNING users.id]
E   [parameters: {'username': 'admin', 'email': 'admin@fim.local', 'password_hash': '$argon2id$v=19$m=65536,t=3,p=4$lNMS4Ftn4UzJF09lnQwY/A$M5+pack3n3YPa34j2aOHMIgglYt5WxzXJWO+29IINH0', 'role': 'admin', 'is_active': True, 'must_change_password': True, 'created_at': datetime.datetime(2026, 9, 12, 20, 21, 16, 848572, tzinfo=datetime.timezone.utc)}]
E   (Background on this error at: https://sqlalche.me/e/20/gkpj)
________ ERROR at setup of test_fix09_guard_detects_bare_reference_form ________
../../tesis-fim-serio/backend/.venv/lib/python3.13/site-packages/sqlalchemy/engine/base.py:1969: in _exec_single_context
    self.dialect.do_execute(
../../tesis-fim-serio/backend/.venv/lib/python3.13/site-packages/sqlalchemy/engine/default.py:952: in do_execute
    cursor.execute(statement, parameters)
../../tesis-fim-serio/backend/.venv/lib/python3.13/site-packages/psycopg/cursor.py:97: in execute
    raise ex.with_traceback(None)
E   psycopg.errors.UniqueViolation: duplicate key value violates unique constraint "ix_users_username"
E   DETAIL:  Key (username)=(admin) already exists.

The above exception was the direct cause of the following exception:
backend/tests/conftest.py:133: in _db_isolation
    _seed_admin_impl()
backend/tests/conftest.py:108: in _seed_admin_impl
    session.commit()
../../tesis-fim-serio/backend/.venv/lib/python3.13/site-packages/sqlalchemy/orm/session.py:2035: in commit
    trans.commit(_to_root=True)
../../tesis-fim-serio/backend/.venv/lib/python3.13/site-packages/sqlalchemy/orm/state_changes.py:137: in _go
    ret_value = fn(self, *arg, **kw)
../../tesis-fim-serio/backend/.venv/lib/python3.13/site-packages/sqlalchemy/orm/session.py:1316: in commit
    self._prepare_impl()
../../tesis-fim-serio/backend/.venv/lib/python3.13/site-packages/sqlalchemy/orm/state_changes.py:137: in _go
    ret_value = fn(self, *arg, **kw)
../../tesis-fim-serio/backend/.venv/lib/python3.13/site-packages/sqlalchemy/orm/session.py:1290: in _prepare_impl
    self.session.flush()
../../tesis-fim-serio/backend/.venv/lib/python3.13/site-packages/sqlalchemy/orm/session.py:4353: in flush
    self._flush(objects)
../../tesis-fim-serio/backend/.venv/lib/python3.13/site-packages/sqlalchemy/orm/session.py:4488: in _flush
    with util.safe_reraise():
../../tesis-fim-serio/backend/.venv/lib/python3.13/site-packages/sqlalchemy/util/langhelpers.py:122: in __exit__
    raise exc_value.with_traceback(exc_tb)
../../tesis-fim-serio/backend/.venv/lib/python3.13/site-packages/sqlalchemy/orm/session.py:4449: in _flush
    flush_context.execute()
../../tesis-fim-serio/backend/.venv/lib/python3.13/site-packages/sqlalchemy/orm/unitofwork.py:465: in execute
    rec.execute(self)
../../tesis-fim-serio/backend/.venv/lib/python3.13/site-packages/sqlalchemy/orm/unitofwork.py:641: in execute
    util.preloaded.orm_persistence.save_obj(
../../tesis-fim-serio/backend/.venv/lib/python3.13/site-packages/sqlalchemy/orm/persistence.py:94: in save_obj
    _emit_insert_statements(
../../tesis-fim-serio/backend/.venv/lib/python3.13/site-packages/sqlalchemy/orm/persistence.py:1234: in _emit_insert_statements
    result = connection.execute(
../../tesis-fim-serio/backend/.venv/lib/python3.13/site-packages/sqlalchemy/engine/base.py:1421: in execute
    return meth(
../../tesis-fim-serio/backend/.venv/lib/python3.13/site-packages/sqlalchemy/sql/elements.py:526: in _execute_on_connection
    return connection._execute_clauseelement(
../../tesis-fim-serio/backend/.venv/lib/python3.13/site-packages/sqlalchemy/engine/base.py:1643: in _execute_clauseelement
    ret = self._execute_context(
../../tesis-fim-serio/backend/.venv/lib/python3.13/site-packages/sqlalchemy/engine/base.py:1848: in _execute_context
    return self._exec_single_context(
../../tesis-fim-serio/backend/.venv/lib/python3.13/site-packages/sqlalchemy/engine/base.py:1988: in _exec_single_context
    self._handle_dbapi_exception(
../../tesis-fim-serio/backend/.venv/lib/python3.13/site-packages/sqlalchemy/engine/base.py:2365: in _handle_dbapi_exception
    raise sqlalchemy_exception.with_traceback(exc_info[2]) from e
../../tesis-fim-serio/backend/.venv/lib/python3.13/site-packages/sqlalchemy/engine/base.py:1969: in _exec_single_context
    self.dialect.do_execute(
../../tesis-fim-serio/backend/.venv/lib/python3.13/site-packages/sqlalchemy/engine/default.py:952: in do_execute
    cursor.execute(statement, parameters)
../../tesis-fim-serio/backend/.venv/lib/python3.13/site-packages/psycopg/cursor.py:97: in execute
    raise ex.with_traceback(None)
E   sqlalchemy.exc.IntegrityError: (psycopg.errors.UniqueViolation) duplicate key value violates unique constraint "ix_users_username"
E   DETAIL:  Key (username)=(admin) already exists.
E   [SQL: INSERT INTO users (username, email, password_hash, role, is_active, must_change_password, created_at) VALUES (%(username)s::VARCHAR, %(email)s::VARCHAR, %(password_hash)s::VARCHAR, %(role)s::VARCHAR, %(is_active)s, %(must_change_password)s, %(created_at)s::TIMESTAMP WITH TIME ZONE) RETURNING users.id]
E   [parameters: {'username': 'admin', 'email': 'admin@fim.local', 'password_hash': '$argon2id$v=19$m=65536,t=3,p=4$90k8VYt+FMOA0Z4sMrsPPw$HvSYZAVQrV3olorgWV1HMGXjg8eVb0x67GCS3SSeoBM', 'role': 'admin', 'is_active': True, 'must_change_password': True, 'created_at': datetime.datetime(2026, 9, 12, 20, 21, 19, 433638, tzinfo=datetime.timezone.utc)}]
E   (Background on this error at: https://sqlalche.me/e/20/gkpj)
____________ ERROR at setup of TestAgentStatus.test_rejects_unknown ____________
../../tesis-fim-serio/backend/.venv/lib/python3.13/site-packages/sqlalchemy/engine/base.py:1969: in _exec_single_context
    self.dialect.do_execute(
../../tesis-fim-serio/backend/.venv/lib/python3.13/site-packages/sqlalchemy/engine/default.py:952: in do_execute
    cursor.execute(statement, parameters)
../../tesis-fim-serio/backend/.venv/lib/python3.13/site-packages/psycopg/cursor.py:97: in execute
    raise ex.with_traceback(None)
E   psycopg.errors.UniqueViolation: duplicate key value violates unique constraint "ix_users_username"
E   DETAIL:  Key (username)=(admin) already exists.

The above exception was the direct cause of the following exception:
backend/tests/conftest.py:133: in _db_isolation
    _seed_admin_impl()
backend/tests/conftest.py:108: in _seed_admin_impl
    session.commit()
../../tesis-fim-serio/backend/.venv/lib/python3.13/site-packages/sqlalchemy/orm/session.py:2035: in commit
    trans.commit(_to_root=True)
../../tesis-fim-serio/backend/.venv/lib/python3.13/site-packages/sqlalchemy/orm/state_changes.py:137: in _go
    ret_value = fn(self, *arg, **kw)
../../tesis-fim-serio/backend/.venv/lib/python3.13/site-packages/sqlalchemy/orm/session.py:1316: in commit
    self._prepare_impl()
../../tesis-fim-serio/backend/.venv/lib/python3.13/site-packages/sqlalchemy/orm/state_changes.py:137: in _go
    ret_value = fn(self, *arg, **kw)
../../tesis-fim-serio/backend/.venv/lib/python3.13/site-packages/sqlalchemy/orm/session.py:1290: in _prepare_impl
    self.session.flush()
../../tesis-fim-serio/backend/.venv/lib/python3.13/site-packages/sqlalchemy/orm/session.py:4353: in flush
    self._flush(objects)
../../tesis-fim-serio/backend/.venv/lib/python3.13/site-packages/sqlalchemy/orm/session.py:4488: in _flush
    with util.safe_reraise():
../../tesis-fim-serio/backend/.venv/lib/python3.13/site-packages/sqlalchemy/util/langhelpers.py:122: in __exit__
    raise exc_value.with_traceback(exc_tb)
../../tesis-fim-serio/backend/.venv/lib/python3.13/site-packages/sqlalchemy/orm/session.py:4449: in _flush
    flush_context.execute()
../../tesis-fim-serio/backend/.venv/lib/python3.13/site-packages/sqlalchemy/orm/unitofwork.py:465: in execute
    rec.execute(self)
../../tesis-fim-serio/backend/.venv/lib/python3.13/site-packages/sqlalchemy/orm/unitofwork.py:641: in execute
    util.preloaded.orm_persistence.save_obj(
../../tesis-fim-serio/backend/.venv/lib/python3.13/site-packages/sqlalchemy/orm/persistence.py:94: in save_obj
    _emit_insert_statements(
../../tesis-fim-serio/backend/.venv/lib/python3.13/site-packages/sqlalchemy/orm/persistence.py:1234: in _emit_insert_statements
    result = connection.execute(
../../tesis-fim-serio/backend/.venv/lib/python3.13/site-packages/sqlalchemy/engine/base.py:1421: in execute
    return meth(
../../tesis-fim-serio/backend/.venv/lib/python3.13/site-packages/sqlalchemy/sql/elements.py:526: in _execute_on_connection
    return connection._execute_clauseelement(
../../tesis-fim-serio/backend/.venv/lib/python3.13/site-packages/sqlalchemy/engine/base.py:1643: in _execute_clauseelement
    ret = self._execute_context(
../../tesis-fim-serio/backend/.venv/lib/python3.13/site-packages/sqlalchemy/engine/base.py:1848: in _execute_context
    return self._exec_single_context(
../../tesis-fim-serio/backend/.venv/lib/python3.13/site-packages/sqlalchemy/engine/base.py:1988: in _exec_single_context
    self._handle_dbapi_exception(
../../tesis-fim-serio/backend/.venv/lib/python3.13/site-packages/sqlalchemy/engine/base.py:2365: in _handle_dbapi_exception
    raise sqlalchemy_exception.with_traceback(exc_info[2]) from e
../../tesis-fim-serio/backend/.venv/lib/python3.13/site-packages/sqlalchemy/engine/base.py:1969: in _exec_single_context
    self.dialect.do_execute(
../../tesis-fim-serio/backend/.venv/lib/python3.13/site-packages/sqlalchemy/engine/default.py:952: in do_execute
    cursor.execute(statement, parameters)
../../tesis-fim-serio/backend/.venv/lib/python3.13/site-packages/psycopg/cursor.py:97: in execute
    raise ex.with_traceback(None)
E   sqlalchemy.exc.IntegrityError: (psycopg.errors.UniqueViolation) duplicate key value violates unique constraint "ix_users_username"
E   DETAIL:  Key (username)=(admin) already exists.
E   [SQL: INSERT INTO users (username, email, password_hash, role, is_active, must_change_password, created_at) VALUES (%(username)s::VARCHAR, %(email)s::VARCHAR, %(password_hash)s::VARCHAR, %(role)s::VARCHAR, %(is_active)s, %(must_change_password)s, %(created_at)s::TIMESTAMP WITH TIME ZONE) RETURNING users.id]
E   [parameters: {'username': 'admin', 'email': 'admin@fim.local', 'password_hash': '$argon2id$v=19$m=65536,t=3,p=4$AhIulyfJRxSovrYDfMhSaA$zZCV4oI7Rx7z0wIaV1hCOY2pr7aRoKT8EqSGjw+Ohws', 'role': 'admin', 'is_active': True, 'must_change_password': True, 'created_at': datetime.datetime(2026, 9, 12, 20, 21, 25, 161268, tzinfo=datetime.timezone.utc)}]
E   (Background on this error at: https://sqlalche.me/e/20/gkpj)
__________ ERROR at setup of TestBaselineStatus.test_rejects_unknown ___________
../../tesis-fim-serio/backend/.venv/lib/python3.13/site-packages/sqlalchemy/engine/base.py:1969: in _exec_single_context
    self.dialect.do_execute(
../../tesis-fim-serio/backend/.venv/lib/python3.13/site-packages/sqlalchemy/engine/default.py:952: in do_execute
    cursor.execute(statement, parameters)
../../tesis-fim-serio/backend/.venv/lib/python3.13/site-packages/psycopg/cursor.py:97: in execute
    raise ex.with_traceback(None)
E   psycopg.errors.UniqueViolation: duplicate key value violates unique constraint "ix_users_username"
E   DETAIL:  Key (username)=(admin) already exists.

The above exception was the direct cause of the following exception:
backend/tests/conftest.py:133: in _db_isolation
    _seed_admin_impl()
backend/tests/conftest.py:108: in _seed_admin_impl
    session.commit()
../../tesis-fim-serio/backend/.venv/lib/python3.13/site-packages/sqlalchemy/orm/session.py:2035: in commit
    trans.commit(_to_root=True)
../../tesis-fim-serio/backend/.venv/lib/python3.13/site-packages/sqlalchemy/orm/state_changes.py:137: in _go
    ret_value = fn(self, *arg, **kw)
../../tesis-fim-serio/backend/.venv/lib/python3.13/site-packages/sqlalchemy/orm/session.py:1316: in commit
    self._prepare_impl()
../../tesis-fim-serio/backend/.venv/lib/python3.13/site-packages/sqlalchemy/orm/state_changes.py:137: in _go
    ret_value = fn(self, *arg, **kw)
../../tesis-fim-serio/backend/.venv/lib/python3.13/site-packages/sqlalchemy/orm/session.py:1290: in _prepare_impl
    self.session.flush()
../../tesis-fim-serio/backend/.venv/lib/python3.13/site-packages/sqlalchemy/orm/session.py:4353: in flush
    self._flush(objects)
../../tesis-fim-serio/backend/.venv/lib/python3.13/site-packages/sqlalchemy/orm/session.py:4488: in _flush
    with util.safe_reraise():
../../tesis-fim-serio/backend/.venv/lib/python3.13/site-packages/sqlalchemy/util/langhelpers.py:122: in __exit__
    raise exc_value.with_traceback(exc_tb)
../../tesis-fim-serio/backend/.venv/lib/python3.13/site-packages/sqlalchemy/orm/session.py:4449: in _flush
    flush_context.execute()
../../tesis-fim-serio/backend/.venv/lib/python3.13/site-packages/sqlalchemy/orm/unitofwork.py:465: in execute
    rec.execute(self)
../../tesis-fim-serio/backend/.venv/lib/python3.13/site-packages/sqlalchemy/orm/unitofwork.py:641: in execute
    util.preloaded.orm_persistence.save_obj(
../../tesis-fim-serio/backend/.venv/lib/python3.13/site-packages/sqlalchemy/orm/persistence.py:94: in save_obj
    _emit_insert_statements(
../../tesis-fim-serio/backend/.venv/lib/python3.13/site-packages/sqlalchemy/orm/persistence.py:1234: in _emit_insert_statements
    result = connection.execute(
../../tesis-fim-serio/backend/.venv/lib/python3.13/site-packages/sqlalchemy/engine/base.py:1421: in execute
    return meth(
../../tesis-fim-serio/backend/.venv/lib/python3.13/site-packages/sqlalchemy/sql/elements.py:526: in _execute_on_connection
    return connection._execute_clauseelement(
../../tesis-fim-serio/backend/.venv/lib/python3.13/site-packages/sqlalchemy/engine/base.py:1643: in _execute_clauseelement
    ret = self._execute_context(
../../tesis-fim-serio/backend/.venv/lib/python3.13/site-packages/sqlalchemy/engine/base.py:1848: in _execute_context
    return self._exec_single_context(
../../tesis-fim-serio/backend/.venv/lib/python3.13/site-packages/sqlalchemy/engine/base.py:1988: in _exec_single_context
    self._handle_dbapi_exception(
../../tesis-fim-serio/backend/.venv/lib/python3.13/site-packages/sqlalchemy/engine/base.py:2365: in _handle_dbapi_exception
    raise sqlalchemy_exception.with_traceback(exc_info[2]) from e
../../tesis-fim-serio/backend/.venv/lib/python3.13/site-packages/sqlalchemy/engine/base.py:1969: in _exec_single_context
    self.dialect.do_execute(
../../tesis-fim-serio/backend/.venv/lib/python3.13/site-packages/sqlalchemy/engine/default.py:952: in do_execute
    cursor.execute(statement, parameters)
../../tesis-fim-serio/backend/.venv/lib/python3.13/site-packages/psycopg/cursor.py:97: in execute
    raise ex.with_traceback(None)
E   sqlalchemy.exc.IntegrityError: (psycopg.errors.UniqueViolation) duplicate key value violates unique constraint "ix_users_username"
E   DETAIL:  Key (username)=(admin) already exists.
E   [SQL: INSERT INTO users (username, email, password_hash, role, is_active, must_change_password, created_at) VALUES (%(username)s::VARCHAR, %(email)s::VARCHAR, %(password_hash)s::VARCHAR, %(role)s::VARCHAR, %(is_active)s, %(must_change_password)s, %(created_at)s::TIMESTAMP WITH TIME ZONE) RETURNING users.id]
E   [parameters: {'username': 'admin', 'email': 'admin@fim.local', 'password_hash': '$argon2id$v=19$m=65536,t=3,p=4$DTjpW2H4ddvSHsLMXHE0mw$hvPEgYgScpBkVwS8BrCSHyoILbutpVgtlkpNW2gZxoY', 'role': 'admin', 'is_active': True, 'must_change_password': True, 'created_at': datetime.datetime(2026, 9, 12, 20, 21, 25, 687725, tzinfo=datetime.timezone.utc)}]
E   (Background on this error at: https://sqlalche.me/e/20/gkpj)
_ ERROR at setup of TestPublishedCommand.test_instantiation_with_required_fields _
../../tesis-fim-serio/backend/.venv/lib/python3.13/site-packages/sqlalchemy/engine/base.py:1969: in _exec_single_context
    self.dialect.do_execute(
../../tesis-fim-serio/backend/.venv/lib/python3.13/site-packages/sqlalchemy/engine/default.py:952: in do_execute
    cursor.execute(statement, parameters)
../../tesis-fim-serio/backend/.venv/lib/python3.13/site-packages/psycopg/cursor.py:97: in execute
    raise ex.with_traceback(None)
E   psycopg.errors.UniqueViolation: duplicate key value violates unique constraint "ix_users_username"
E   DETAIL:  Key (username)=(admin) already exists.

The above exception was the direct cause of the following exception:
backend/tests/conftest.py:133: in _db_isolation
    _seed_admin_impl()
backend/tests/conftest.py:108: in _seed_admin_impl
    session.commit()
../../tesis-fim-serio/backend/.venv/lib/python3.13/site-packages/sqlalchemy/orm/session.py:2035: in commit
    trans.commit(_to_root=True)
../../tesis-fim-serio/backend/.venv/lib/python3.13/site-packages/sqlalchemy/orm/state_changes.py:137: in _go
    ret_value = fn(self, *arg, **kw)
../../tesis-fim-serio/backend/.venv/lib/python3.13/site-packages/sqlalchemy/orm/session.py:1316: in commit
    self._prepare_impl()
../../tesis-fim-serio/backend/.venv/lib/python3.13/site-packages/sqlalchemy/orm/state_changes.py:137: in _go
    ret_value = fn(self, *arg, **kw)
../../tesis-fim-serio/backend/.venv/lib/python3.13/site-packages/sqlalchemy/orm/session.py:1290: in _prepare_impl
    self.session.flush()
../../tesis-fim-serio/backend/.venv/lib/python3.13/site-packages/sqlalchemy/orm/session.py:4353: in flush
    self._flush(objects)
../../tesis-fim-serio/backend/.venv/lib/python3.13/site-packages/sqlalchemy/orm/session.py:4488: in _flush
    with util.safe_reraise():
../../tesis-fim-serio/backend/.venv/lib/python3.13/site-packages/sqlalchemy/util/langhelpers.py:122: in __exit__
    raise exc_value.with_traceback(exc_tb)
../../tesis-fim-serio/backend/.venv/lib/python3.13/site-packages/sqlalchemy/orm/session.py:4449: in _flush
    flush_context.execute()
../../tesis-fim-serio/backend/.venv/lib/python3.13/site-packages/sqlalchemy/orm/unitofwork.py:465: in execute
    rec.execute(self)
../../tesis-fim-serio/backend/.venv/lib/python3.13/site-packages/sqlalchemy/orm/unitofwork.py:641: in execute
    util.preloaded.orm_persistence.save_obj(
../../tesis-fim-serio/backend/.venv/lib/python3.13/site-packages/sqlalchemy/orm/persistence.py:94: in save_obj
    _emit_insert_statements(
../../tesis-fim-serio/backend/.venv/lib/python3.13/site-packages/sqlalchemy/orm/persistence.py:1234: in _emit_insert_statements
    result = connection.execute(
../../tesis-fim-serio/backend/.venv/lib/python3.13/site-packages/sqlalchemy/engine/base.py:1421: in execute
    return meth(
../../tesis-fim-serio/backend/.venv/lib/python3.13/site-packages/sqlalchemy/sql/elements.py:526: in _execute_on_connection
    return connection._execute_clauseelement(
../../tesis-fim-serio/backend/.venv/lib/python3.13/site-packages/sqlalchemy/engine/base.py:1643: in _execute_clauseelement
    ret = self._execute_context(
../../tesis-fim-serio/backend/.venv/lib/python3.13/site-packages/sqlalchemy/engine/base.py:1848: in _execute_context
    return self._exec_single_context(
../../tesis-fim-serio/backend/.venv/lib/python3.13/site-packages/sqlalchemy/engine/base.py:1988: in _exec_single_context
    self._handle_dbapi_exception(
../../tesis-fim-serio/backend/.venv/lib/python3.13/site-packages/sqlalchemy/engine/base.py:2365: in _handle_dbapi_exception
    raise sqlalchemy_exception.with_traceback(exc_info[2]) from e
../../tesis-fim-serio/backend/.venv/lib/python3.13/site-packages/sqlalchemy/engine/base.py:1969: in _exec_single_context
    self.dialect.do_execute(
../../tesis-fim-serio/backend/.venv/lib/python3.13/site-packages/sqlalchemy/engine/default.py:952: in do_execute
    cursor.execute(statement, parameters)
../../tesis-fim-serio/backend/.venv/lib/python3.13/site-packages/psycopg/cursor.py:97: in execute
    raise ex.with_traceback(None)
E   sqlalchemy.exc.IntegrityError: (psycopg.errors.UniqueViolation) duplicate key value violates unique constraint "ix_users_username"
E   DETAIL:  Key (username)=(admin) already exists.
E   [SQL: INSERT INTO users (username, email, password_hash, role, is_active, must_change_password, created_at) VALUES (%(username)s::VARCHAR, %(email)s::VARCHAR, %(password_hash)s::VARCHAR, %(role)s::VARCHAR, %(is_active)s, %(must_change_password)s, %(created_at)s::TIMESTAMP WITH TIME ZONE) RETURNING users.id]
E   [parameters: {'username': 'admin', 'email': 'admin@fim.local', 'password_hash': '$argon2id$v=19$m=65536,t=3,p=4$ZFUSnhqMHJbsqL2xm7o8ZQ$HHrbbZIKO/zIbzxI8k+yrqfAwtVMRle/MtUcOMm2qlY', 'role': 'admin', 'is_active': True, 'must_change_password': True, 'created_at': datetime.datetime(2026, 9, 12, 20, 21, 26, 456930, tzinfo=datetime.timezone.utc)}]
E   (Background on this error at: https://sqlalche.me/e/20/gkpj)
_____________ ERROR at setup of test_rate_limiter_check_over_limit _____________
../../tesis-fim-serio/backend/.venv/lib/python3.13/site-packages/sqlalchemy/engine/base.py:1969: in _exec_single_context
    self.dialect.do_execute(
../../tesis-fim-serio/backend/.venv/lib/python3.13/site-packages/sqlalchemy/engine/default.py:952: in do_execute
    cursor.execute(statement, parameters)
../../tesis-fim-serio/backend/.venv/lib/python3.13/site-packages/psycopg/cursor.py:97: in execute
    raise ex.with_traceback(None)
E   psycopg.errors.UniqueViolation: duplicate key value violates unique constraint "ix_users_username"
E   DETAIL:  Key (username)=(admin) already exists.

The above exception was the direct cause of the following exception:
backend/tests/conftest.py:133: in _db_isolation
    _seed_admin_impl()
backend/tests/conftest.py:108: in _seed_admin_impl
    session.commit()
../../tesis-fim-serio/backend/.venv/lib/python3.13/site-packages/sqlalchemy/orm/session.py:2035: in commit
    trans.commit(_to_root=True)
../../tesis-fim-serio/backend/.venv/lib/python3.13/site-packages/sqlalchemy/orm/state_changes.py:137: in _go
    ret_value = fn(self, *arg, **kw)
../../tesis-fim-serio/backend/.venv/lib/python3.13/site-packages/sqlalchemy/orm/session.py:1316: in commit
    self._prepare_impl()
../../tesis-fim-serio/backend/.venv/lib/python3.13/site-packages/sqlalchemy/orm/state_changes.py:137: in _go
    ret_value = fn(self, *arg, **kw)
../../tesis-fim-serio/backend/.venv/lib/python3.13/site-packages/sqlalchemy/orm/session.py:1290: in _prepare_impl
    self.session.flush()
../../tesis-fim-serio/backend/.venv/lib/python3.13/site-packages/sqlalchemy/orm/session.py:4353: in flush
    self._flush(objects)
../../tesis-fim-serio/backend/.venv/lib/python3.13/site-packages/sqlalchemy/orm/session.py:4488: in _flush
    with util.safe_reraise():
../../tesis-fim-serio/backend/.venv/lib/python3.13/site-packages/sqlalchemy/util/langhelpers.py:122: in __exit__
    raise exc_value.with_traceback(exc_tb)
../../tesis-fim-serio/backend/.venv/lib/python3.13/site-packages/sqlalchemy/orm/session.py:4449: in _flush
    flush_context.execute()
../../tesis-fim-serio/backend/.venv/lib/python3.13/site-packages/sqlalchemy/orm/unitofwork.py:465: in execute
    rec.execute(self)
../../tesis-fim-serio/backend/.venv/lib/python3.13/site-packages/sqlalchemy/orm/unitofwork.py:641: in execute
    util.preloaded.orm_persistence.save_obj(
../../tesis-fim-serio/backend/.venv/lib/python3.13/site-packages/sqlalchemy/orm/persistence.py:94: in save_obj
    _emit_insert_statements(
../../tesis-fim-serio/backend/.venv/lib/python3.13/site-packages/sqlalchemy/orm/persistence.py:1234: in _emit_insert_statements
    result = connection.execute(
../../tesis-fim-serio/backend/.venv/lib/python3.13/site-packages/sqlalchemy/engine/base.py:1421: in execute
    return meth(
../../tesis-fim-serio/backend/.venv/lib/python3.13/site-packages/sqlalchemy/sql/elements.py:526: in _execute_on_connection
    return connection._execute_clauseelement(
../../tesis-fim-serio/backend/.venv/lib/python3.13/site-packages/sqlalchemy/engine/base.py:1643: in _execute_clauseelement
    ret = self._execute_context(
../../tesis-fim-serio/backend/.venv/lib/python3.13/site-packages/sqlalchemy/engine/base.py:1848: in _execute_context
    return self._exec_single_context(
../../tesis-fim-serio/backend/.venv/lib/python3.13/site-packages/sqlalchemy/engine/base.py:1988: in _exec_single_context
    self._handle_dbapi_exception(
../../tesis-fim-serio/backend/.venv/lib/python3.13/site-packages/sqlalchemy/engine/base.py:2365: in _handle_dbapi_exception
    raise sqlalchemy_exception.with_traceback(exc_info[2]) from e
../../tesis-fim-serio/backend/.venv/lib/python3.13/site-packages/sqlalchemy/engine/base.py:1969: in _exec_single_context
    self.dialect.do_execute(
../../tesis-fim-serio/backend/.venv/lib/python3.13/site-packages/sqlalchemy/engine/default.py:952: in do_execute
    cursor.execute(statement, parameters)
../../tesis-fim-serio/backend/.venv/lib/python3.13/site-packages/psycopg/cursor.py:97: in execute
    raise ex.with_traceback(None)
E   sqlalchemy.exc.IntegrityError: (psycopg.errors.UniqueViolation) duplicate key value violates unique constraint "ix_users_username"
E   DETAIL:  Key (username)=(admin) already exists.
E   [SQL: INSERT INTO users (username, email, password_hash, role, is_active, must_change_password, created_at) VALUES (%(username)s::VARCHAR, %(email)s::VARCHAR, %(password_hash)s::VARCHAR, %(role)s::VARCHAR, %(is_active)s, %(must_change_password)s, %(created_at)s::TIMESTAMP WITH TIME ZONE) RETURNING users.id]
E   [parameters: {'username': 'admin', 'email': 'admin@fim.local', 'password_hash': '$argon2id$v=19$m=65536,t=3,p=4$VdGySsNLH+dvQdIVmKOM4g$Hws5jgFdvEh8N131yckxQjL5kxmJRPSDPtd4LLoP1H4', 'role': 'admin', 'is_active': True, 'must_change_password': True, 'created_at': datetime.datetime(2026, 9, 12, 20, 21, 29, 207585, tzinfo=datetime.timezone.utc)}]
E   (Background on this error at: https://sqlalche.me/e/20/gkpj)
__________ ERROR at setup of test_consumer_rate_limited_event_audited __________
../../tesis-fim-serio/backend/.venv/lib/python3.13/site-packages/sqlalchemy/engine/base.py:1969: in _exec_single_context
    self.dialect.do_execute(
../../tesis-fim-serio/backend/.venv/lib/python3.13/site-packages/sqlalchemy/engine/default.py:952: in do_execute
    cursor.execute(statement, parameters)
../../tesis-fim-serio/backend/.venv/lib/python3.13/site-packages/psycopg/cursor.py:97: in execute
    raise ex.with_traceback(None)
E   psycopg.errors.UniqueViolation: duplicate key value violates unique constraint "ix_users_username"
E   DETAIL:  Key (username)=(admin) already exists.

The above exception was the direct cause of the following exception:
backend/tests/conftest.py:133: in _db_isolation
    _seed_admin_impl()
backend/tests/conftest.py:108: in _seed_admin_impl
    session.commit()
../../tesis-fim-serio/backend/.venv/lib/python3.13/site-packages/sqlalchemy/orm/session.py:2035: in commit
    trans.commit(_to_root=True)
../../tesis-fim-serio/backend/.venv/lib/python3.13/site-packages/sqlalchemy/orm/state_changes.py:137: in _go
    ret_value = fn(self, *arg, **kw)
../../tesis-fim-serio/backend/.venv/lib/python3.13/site-packages/sqlalchemy/orm/session.py:1316: in commit
    self._prepare_impl()
../../tesis-fim-serio/backend/.venv/lib/python3.13/site-packages/sqlalchemy/orm/state_changes.py:137: in _go
    ret_value = fn(self, *arg, **kw)
../../tesis-fim-serio/backend/.venv/lib/python3.13/site-packages/sqlalchemy/orm/session.py:1290: in _prepare_impl
    self.session.flush()
../../tesis-fim-serio/backend/.venv/lib/python3.13/site-packages/sqlalchemy/orm/session.py:4353: in flush
    self._flush(objects)
../../tesis-fim-serio/backend/.venv/lib/python3.13/site-packages/sqlalchemy/orm/session.py:4488: in _flush
    with util.safe_reraise():
../../tesis-fim-serio/backend/.venv/lib/python3.13/site-packages/sqlalchemy/util/langhelpers.py:122: in __exit__
    raise exc_value.with_traceback(exc_tb)
../../tesis-fim-serio/backend/.venv/lib/python3.13/site-packages/sqlalchemy/orm/session.py:4449: in _flush
    flush_context.execute()
../../tesis-fim-serio/backend/.venv/lib/python3.13/site-packages/sqlalchemy/orm/unitofwork.py:465: in execute
    rec.execute(self)
../../tesis-fim-serio/backend/.venv/lib/python3.13/site-packages/sqlalchemy/orm/unitofwork.py:641: in execute
    util.preloaded.orm_persistence.save_obj(
../../tesis-fim-serio/backend/.venv/lib/python3.13/site-packages/sqlalchemy/orm/persistence.py:94: in save_obj
    _emit_insert_statements(
../../tesis-fim-serio/backend/.venv/lib/python3.13/site-packages/sqlalchemy/orm/persistence.py:1234: in _emit_insert_statements
    result = connection.execute(
../../tesis-fim-serio/backend/.venv/lib/python3.13/site-packages/sqlalchemy/engine/base.py:1421: in execute
    return meth(
../../tesis-fim-serio/backend/.venv/lib/python3.13/site-packages/sqlalchemy/sql/elements.py:526: in _execute_on_connection
    return connection._execute_clauseelement(
../../tesis-fim-serio/backend/.venv/lib/python3.13/site-packages/sqlalchemy/engine/base.py:1643: in _execute_clauseelement
    ret = self._execute_context(
../../tesis-fim-serio/backend/.venv/lib/python3.13/site-packages/sqlalchemy/engine/base.py:1848: in _execute_context
    return self._exec_single_context(
../../tesis-fim-serio/backend/.venv/lib/python3.13/site-packages/sqlalchemy/engine/base.py:1988: in _exec_single_context
    self._handle_dbapi_exception(
../../tesis-fim-serio/backend/.venv/lib/python3.13/site-packages/sqlalchemy/engine/base.py:2365: in _handle_dbapi_exception
    raise sqlalchemy_exception.with_traceback(exc_info[2]) from e
../../tesis-fim-serio/backend/.venv/lib/python3.13/site-packages/sqlalchemy/engine/base.py:1969: in _exec_single_context
    self.dialect.do_execute(
../../tesis-fim-serio/backend/.venv/lib/python3.13/site-packages/sqlalchemy/engine/default.py:952: in do_execute
    cursor.execute(statement, parameters)
../../tesis-fim-serio/backend/.venv/lib/python3.13/site-packages/psycopg/cursor.py:97: in execute
    raise ex.with_traceback(None)
E   sqlalchemy.exc.IntegrityError: (psycopg.errors.UniqueViolation) duplicate key value violates unique constraint "ix_users_username"
E   DETAIL:  Key (username)=(admin) already exists.
E   [SQL: INSERT INTO users (username, email, password_hash, role, is_active, must_change_password, created_at) VALUES (%(username)s::VARCHAR, %(email)s::VARCHAR, %(password_hash)s::VARCHAR, %(role)s::VARCHAR, %(is_active)s, %(must_change_password)s, %(created_at)s::TIMESTAMP WITH TIME ZONE) RETURNING users.id]
E   [parameters: {'username': 'admin', 'email': 'admin@fim.local', 'password_hash': '$argon2id$v=19$m=65536,t=3,p=4$0X3kT04yp0gXS/GxePyOGw$u55vwzdNGNCqKmCM+m8J7N57e5TpdAj6zJmGBICDuu8', 'role': 'admin', 'is_active': True, 'must_change_password': True, 'created_at': datetime.datetime(2026, 9, 12, 20, 21, 30, 204106, tzinfo=datetime.timezone.utc)}]
E   (Background on this error at: https://sqlalche.me/e/20/gkpj)
_ ERROR at setup of test_consumer_invalid_transition_xacks_and_does_not_persist _
../../tesis-fim-serio/backend/.venv/lib/python3.13/site-packages/sqlalchemy/engine/base.py:1969: in _exec_single_context
    self.dialect.do_execute(
../../tesis-fim-serio/backend/.venv/lib/python3.13/site-packages/sqlalchemy/engine/default.py:952: in do_execute
    cursor.execute(statement, parameters)
../../tesis-fim-serio/backend/.venv/lib/python3.13/site-packages/psycopg/cursor.py:97: in execute
    raise ex.with_traceback(None)
E   psycopg.errors.UniqueViolation: duplicate key value violates unique constraint "ix_users_username"
E   DETAIL:  Key (username)=(admin) already exists.

The above exception was the direct cause of the following exception:
backend/tests/conftest.py:133: in _db_isolation
    _seed_admin_impl()
backend/tests/conftest.py:108: in _seed_admin_impl
    session.commit()
../../tesis-fim-serio/backend/.venv/lib/python3.13/site-packages/sqlalchemy/orm/session.py:2035: in commit
    trans.commit(_to_root=True)
../../tesis-fim-serio/backend/.venv/lib/python3.13/site-packages/sqlalchemy/orm/state_changes.py:137: in _go
    ret_value = fn(self, *arg, **kw)
../../tesis-fim-serio/backend/.venv/lib/python3.13/site-packages/sqlalchemy/orm/session.py:1316: in commit
    self._prepare_impl()
../../tesis-fim-serio/backend/.venv/lib/python3.13/site-packages/sqlalchemy/orm/state_changes.py:137: in _go
    ret_value = fn(self, *arg, **kw)
../../tesis-fim-serio/backend/.venv/lib/python3.13/site-packages/sqlalchemy/orm/session.py:1290: in _prepare_impl
    self.session.flush()
../../tesis-fim-serio/backend/.venv/lib/python3.13/site-packages/sqlalchemy/orm/session.py:4353: in flush
    self._flush(objects)
../../tesis-fim-serio/backend/.venv/lib/python3.13/site-packages/sqlalchemy/orm/session.py:4488: in _flush
    with util.safe_reraise():
../../tesis-fim-serio/backend/.venv/lib/python3.13/site-packages/sqlalchemy/util/langhelpers.py:122: in __exit__
    raise exc_value.with_traceback(exc_tb)
../../tesis-fim-serio/backend/.venv/lib/python3.13/site-packages/sqlalchemy/orm/session.py:4449: in _flush
    flush_context.execute()
../../tesis-fim-serio/backend/.venv/lib/python3.13/site-packages/sqlalchemy/orm/unitofwork.py:465: in execute
    rec.execute(self)
../../tesis-fim-serio/backend/.venv/lib/python3.13/site-packages/sqlalchemy/orm/unitofwork.py:641: in execute
    util.preloaded.orm_persistence.save_obj(
../../tesis-fim-serio/backend/.venv/lib/python3.13/site-packages/sqlalchemy/orm/persistence.py:94: in save_obj
    _emit_insert_statements(
../../tesis-fim-serio/backend/.venv/lib/python3.13/site-packages/sqlalchemy/orm/persistence.py:1234: in _emit_insert_statements
    result = connection.execute(
../../tesis-fim-serio/backend/.venv/lib/python3.13/site-packages/sqlalchemy/engine/base.py:1421: in execute
    return meth(
../../tesis-fim-serio/backend/.venv/lib/python3.13/site-packages/sqlalchemy/sql/elements.py:526: in _execute_on_connection
    return connection._execute_clauseelement(
../../tesis-fim-serio/backend/.venv/lib/python3.13/site-packages/sqlalchemy/engine/base.py:1643: in _execute_clauseelement
    ret = self._execute_context(
../../tesis-fim-serio/backend/.venv/lib/python3.13/site-packages/sqlalchemy/engine/base.py:1848: in _execute_context
    return self._exec_single_context(
../../tesis-fim-serio/backend/.venv/lib/python3.13/site-packages/sqlalchemy/engine/base.py:1988: in _exec_single_context
    self._handle_dbapi_exception(
../../tesis-fim-serio/backend/.venv/lib/python3.13/site-packages/sqlalchemy/engine/base.py:2365: in _handle_dbapi_exception
    raise sqlalchemy_exception.with_traceback(exc_info[2]) from e
../../tesis-fim-serio/backend/.venv/lib/python3.13/site-packages/sqlalchemy/engine/base.py:1969: in _exec_single_context
    self.dialect.do_execute(
../../tesis-fim-serio/backend/.venv/lib/python3.13/site-packages/sqlalchemy/engine/default.py:952: in do_execute
    cursor.execute(statement, parameters)
../../tesis-fim-serio/backend/.venv/lib/python3.13/site-packages/psycopg/cursor.py:97: in execute
    raise ex.with_traceback(None)
E   sqlalchemy.exc.IntegrityError: (psycopg.errors.UniqueViolation) duplicate key value violates unique constraint "ix_users_username"
E   DETAIL:  Key (username)=(admin) already exists.
E   [SQL: INSERT INTO users (username, email, password_hash, role, is_active, must_change_password, created_at) VALUES (%(username)s::VARCHAR, %(email)s::VARCHAR, %(password_hash)s::VARCHAR, %(role)s::VARCHAR, %(is_active)s, %(must_change_password)s, %(created_at)s::TIMESTAMP WITH TIME ZONE) RETURNING users.id]
E   [parameters: {'username': 'admin', 'email': 'admin@fim.local', 'password_hash': '$argon2id$v=19$m=65536,t=3,p=4$FL+G2yQln8UPPxFOujqdPw$7Lt+UNJ2WAZpDBER+/M2A44L4eqjR4jhWmCLSe4QbR0', 'role': 'admin', 'is_active': True, 'must_change_password': True, 'created_at': datetime.datetime(2026, 9, 12, 20, 21, 30, 654889, tzinfo=datetime.timezone.utc)}]
E   (Background on this error at: https://sqlalche.me/e/20/gkpj)
______ ERROR at setup of test_list_events_excludes_superseded_by_default _______
backend/tests/conftest.py:130: in _db_isolation
    conn.execute(sqlalchemy.text(stmt))
../../tesis-fim-serio/backend/.venv/lib/python3.13/site-packages/sqlalchemy/engine/base.py:1421: in execute
    return meth(
../../tesis-fim-serio/backend/.venv/lib/python3.13/site-packages/sqlalchemy/sql/elements.py:526: in _execute_on_connection
    return connection._execute_clauseelement(
../../tesis-fim-serio/backend/.venv/lib/python3.13/site-packages/sqlalchemy/engine/base.py:1643: in _execute_clauseelement
    ret = self._execute_context(
../../tesis-fim-serio/backend/.venv/lib/python3.13/site-packages/sqlalchemy/engine/base.py:1848: in _execute_context
    return self._exec_single_context(
../../tesis-fim-serio/backend/.venv/lib/python3.13/site-packages/sqlalchemy/engine/base.py:1988: in _exec_single_context
    self._handle_dbapi_exception(
../../tesis-fim-serio/backend/.venv/lib/python3.13/site-packages/sqlalchemy/engine/base.py:2368: in _handle_dbapi_exception
    raise exc_info[1].with_traceback(exc_info[2])
../../tesis-fim-serio/backend/.venv/lib/python3.13/site-packages/sqlalchemy/engine/base.py:1969: in _exec_single_context
    self.dialect.do_execute(
../../tesis-fim-serio/backend/.venv/lib/python3.13/site-packages/sqlalchemy/engine/default.py:952: in do_execute
    cursor.execute(statement, parameters)
../../tesis-fim-serio/backend/.venv/lib/python3.13/site-packages/psycopg/cursor.py:93: in execute
    self._conn.wait(
../../tesis-fim-serio/backend/.venv/lib/python3.13/site-packages/psycopg/connection.py:409: in wait
    return waiting.wait(gen, self.pgconn.socket, interval=interval)
psycopg_binary/_psycopg/waiting.pyx:201: in psycopg_binary._psycopg.wait_c
    ???
E   Failed: Timeout >60.0s
________ ERROR at setup of test_pagination_total_respects_status_filter ________
../../tesis-fim-serio/backend/.venv/lib/python3.13/site-packages/sqlalchemy/engine/base.py:1969: in _exec_single_context
    self.dialect.do_execute(
../../tesis-fim-serio/backend/.venv/lib/python3.13/site-packages/sqlalchemy/engine/default.py:952: in do_execute
    cursor.execute(statement, parameters)
../../tesis-fim-serio/backend/.venv/lib/python3.13/site-packages/psycopg/cursor.py:97: in execute
    raise ex.with_traceback(None)
E   psycopg.errors.UniqueViolation: duplicate key value violates unique constraint "ix_users_username"
E   DETAIL:  Key (username)=(admin) already exists.

The above exception was the direct cause of the following exception:
backend/tests/conftest.py:133: in _db_isolation
    _seed_admin_impl()
backend/tests/conftest.py:108: in _seed_admin_impl
    session.commit()
../../tesis-fim-serio/backend/.venv/lib/python3.13/site-packages/sqlalchemy/orm/session.py:2035: in commit
    trans.commit(_to_root=True)
../../tesis-fim-serio/backend/.venv/lib/python3.13/site-packages/sqlalchemy/orm/state_changes.py:137: in _go
    ret_value = fn(self, *arg, **kw)
../../tesis-fim-serio/backend/.venv/lib/python3.13/site-packages/sqlalchemy/orm/session.py:1316: in commit
    self._prepare_impl()
../../tesis-fim-serio/backend/.venv/lib/python3.13/site-packages/sqlalchemy/orm/state_changes.py:137: in _go
    ret_value = fn(self, *arg, **kw)
../../tesis-fim-serio/backend/.venv/lib/python3.13/site-packages/sqlalchemy/orm/session.py:1290: in _prepare_impl
    self.session.flush()
../../tesis-fim-serio/backend/.venv/lib/python3.13/site-packages/sqlalchemy/orm/session.py:4353: in flush
    self._flush(objects)
../../tesis-fim-serio/backend/.venv/lib/python3.13/site-packages/sqlalchemy/orm/session.py:4488: in _flush
    with util.safe_reraise():
../../tesis-fim-serio/backend/.venv/lib/python3.13/site-packages/sqlalchemy/util/langhelpers.py:122: in __exit__
    raise exc_value.with_traceback(exc_tb)
../../tesis-fim-serio/backend/.venv/lib/python3.13/site-packages/sqlalchemy/orm/session.py:4449: in _flush
    flush_context.execute()
../../tesis-fim-serio/backend/.venv/lib/python3.13/site-packages/sqlalchemy/orm/unitofwork.py:465: in execute
    rec.execute(self)
../../tesis-fim-serio/backend/.venv/lib/python3.13/site-packages/sqlalchemy/orm/unitofwork.py:641: in execute
    util.preloaded.orm_persistence.save_obj(
../../tesis-fim-serio/backend/.venv/lib/python3.13/site-packages/sqlalchemy/orm/persistence.py:94: in save_obj
    _emit_insert_statements(
../../tesis-fim-serio/backend/.venv/lib/python3.13/site-packages/sqlalchemy/orm/persistence.py:1234: in _emit_insert_statements
    result = connection.execute(
../../tesis-fim-serio/backend/.venv/lib/python3.13/site-packages/sqlalchemy/engine/base.py:1421: in execute
    return meth(
../../tesis-fim-serio/backend/.venv/lib/python3.13/site-packages/sqlalchemy/sql/elements.py:526: in _execute_on_connection
    return connection._execute_clauseelement(
../../tesis-fim-serio/backend/.venv/lib/python3.13/site-packages/sqlalchemy/engine/base.py:1643: in _execute_clauseelement
    ret = self._execute_context(
../../tesis-fim-serio/backend/.venv/lib/python3.13/site-packages/sqlalchemy/engine/base.py:1848: in _execute_context
    return self._exec_single_context(
../../tesis-fim-serio/backend/.venv/lib/python3.13/site-packages/sqlalchemy/engine/base.py:1988: in _exec_single_context
    self._handle_dbapi_exception(
../../tesis-fim-serio/backend/.venv/lib/python3.13/site-packages/sqlalchemy/engine/base.py:2365: in _handle_dbapi_exception
    raise sqlalchemy_exception.with_traceback(exc_info[2]) from e
../../tesis-fim-serio/backend/.venv/lib/python3.13/site-packages/sqlalchemy/engine/base.py:1969: in _exec_single_context
    self.dialect.do_execute(
../../tesis-fim-serio/backend/.venv/lib/python3.13/site-packages/sqlalchemy/engine/default.py:952: in do_execute
    cursor.execute(statement, parameters)
../../tesis-fim-serio/backend/.venv/lib/python3.13/site-packages/psycopg/cursor.py:97: in execute
    raise ex.with_traceback(None)
E   sqlalchemy.exc.IntegrityError: (psycopg.errors.UniqueViolation) duplicate key value violates unique constraint "ix_users_username"
E   DETAIL:  Key (username)=(admin) already exists.
E   [SQL: INSERT INTO users (username, email, password_hash, role, is_active, must_change_password, created_at) VALUES (%(username)s::VARCHAR, %(email)s::VARCHAR, %(password_hash)s::VARCHAR, %(role)s::VARCHAR, %(is_active)s, %(must_change_password)s, %(created_at)s::TIMESTAMP WITH TIME ZONE) RETURNING users.id]
E   [parameters: {'username': 'admin', 'email': 'admin@fim.local', 'password_hash': '$argon2id$v=19$m=65536,t=3,p=4$Quyaq0idteH1sLRGOPxucw$GvihlQTfBQv2YE9Vw0tiMdmOIZO7ILZCWx0CwslYoyU', 'role': 'admin', 'is_active': True, 'must_change_password': True, 'created_at': datetime.datetime(2026, 9, 12, 20, 22, 31, 921807, tzinfo=datetime.timezone.utc)}]
E   (Background on this error at: https://sqlalche.me/e/20/gkpj)
__________ ERROR at setup of test_get_event_by_id_returns_full_detail __________
../../tesis-fim-serio/backend/.venv/lib/python3.13/site-packages/sqlalchemy/engine/base.py:1969: in _exec_single_context
    self.dialect.do_execute(
../../tesis-fim-serio/backend/.venv/lib/python3.13/site-packages/sqlalchemy/engine/default.py:952: in do_execute
    cursor.execute(statement, parameters)
../../tesis-fim-serio/backend/.venv/lib/python3.13/site-packages/psycopg/cursor.py:97: in execute
    raise ex.with_traceback(None)
E   psycopg.errors.UniqueViolation: duplicate key value violates unique constraint "ix_users_username"
E   DETAIL:  Key (username)=(admin) already exists.

The above exception was the direct cause of the following exception:
backend/tests/conftest.py:133: in _db_isolation
    _seed_admin_impl()
backend/tests/conftest.py:108: in _seed_admin_impl
    session.commit()
../../tesis-fim-serio/backend/.venv/lib/python3.13/site-packages/sqlalchemy/orm/session.py:2035: in commit
    trans.commit(_to_root=True)
../../tesis-fim-serio/backend/.venv/lib/python3.13/site-packages/sqlalchemy/orm/state_changes.py:137: in _go
    ret_value = fn(self, *arg, **kw)
../../tesis-fim-serio/backend/.venv/lib/python3.13/site-packages/sqlalchemy/orm/session.py:1316: in commit
    self._prepare_impl()
../../tesis-fim-serio/backend/.venv/lib/python3.13/site-packages/sqlalchemy/orm/state_changes.py:137: in _go
    ret_value = fn(self, *arg, **kw)
../../tesis-fim-serio/backend/.venv/lib/python3.13/site-packages/sqlalchemy/orm/session.py:1290: in _prepare_impl
    self.session.flush()
../../tesis-fim-serio/backend/.venv/lib/python3.13/site-packages/sqlalchemy/orm/session.py:4353: in flush
    self._flush(objects)
../../tesis-fim-serio/backend/.venv/lib/python3.13/site-packages/sqlalchemy/orm/session.py:4488: in _flush
    with util.safe_reraise():
../../tesis-fim-serio/backend/.venv/lib/python3.13/site-packages/sqlalchemy/util/langhelpers.py:122: in __exit__
    raise exc_value.with_traceback(exc_tb)
../../tesis-fim-serio/backend/.venv/lib/python3.13/site-packages/sqlalchemy/orm/session.py:4449: in _flush
    flush_context.execute()
../../tesis-fim-serio/backend/.venv/lib/python3.13/site-packages/sqlalchemy/orm/unitofwork.py:465: in execute
    rec.execute(self)
../../tesis-fim-serio/backend/.venv/lib/python3.13/site-packages/sqlalchemy/orm/unitofwork.py:641: in execute
    util.preloaded.orm_persistence.save_obj(
../../tesis-fim-serio/backend/.venv/lib/python3.13/site-packages/sqlalchemy/orm/persistence.py:94: in save_obj
    _emit_insert_statements(
../../tesis-fim-serio/backend/.venv/lib/python3.13/site-packages/sqlalchemy/orm/persistence.py:1234: in _emit_insert_statements
    result = connection.execute(
../../tesis-fim-serio/backend/.venv/lib/python3.13/site-packages/sqlalchemy/engine/base.py:1421: in execute
    return meth(
../../tesis-fim-serio/backend/.venv/lib/python3.13/site-packages/sqlalchemy/sql/elements.py:526: in _execute_on_connection
    return connection._execute_clauseelement(
../../tesis-fim-serio/backend/.venv/lib/python3.13/site-packages/sqlalchemy/engine/base.py:1643: in _execute_clauseelement
    ret = self._execute_context(
../../tesis-fim-serio/backend/.venv/lib/python3.13/site-packages/sqlalchemy/engine/base.py:1848: in _execute_context
    return self._exec_single_context(
../../tesis-fim-serio/backend/.venv/lib/python3.13/site-packages/sqlalchemy/engine/base.py:1988: in _exec_single_context
    self._handle_dbapi_exception(
../../tesis-fim-serio/backend/.venv/lib/python3.13/site-packages/sqlalchemy/engine/base.py:2365: in _handle_dbapi_exception
    raise sqlalchemy_exception.with_traceback(exc_info[2]) from e
../../tesis-fim-serio/backend/.venv/lib/python3.13/site-packages/sqlalchemy/engine/base.py:1969: in _exec_single_context
    self.dialect.do_execute(
../../tesis-fim-serio/backend/.venv/lib/python3.13/site-packages/sqlalchemy/engine/default.py:952: in do_execute
    cursor.execute(statement, parameters)
../../tesis-fim-serio/backend/.venv/lib/python3.13/site-packages/psycopg/cursor.py:97: in execute
    raise ex.with_traceback(None)
E   sqlalchemy.exc.IntegrityError: (psycopg.errors.UniqueViolation) duplicate key value violates unique constraint "ix_users_username"
E   DETAIL:  Key (username)=(admin) already exists.
E   [SQL: INSERT INTO users (username, email, password_hash, role, is_active, must_change_password, created_at) VALUES (%(username)s::VARCHAR, %(email)s::VARCHAR, %(password_hash)s::VARCHAR, %(role)s::VARCHAR, %(is_active)s, %(must_change_password)s, %(created_at)s::TIMESTAMP WITH TIME ZONE) RETURNING users.id]
E   [parameters: {'username': 'admin', 'email': 'admin@fim.local', 'password_hash': '$argon2id$v=19$m=65536,t=3,p=4$XXXaZlqhjHYBHrqz72iupQ$oP6ESNEh+7JOjLOXrdSjksnH2QKbRpXpTF5znnBGwiY', 'role': 'admin', 'is_active': True, 'must_change_password': True, 'created_at': datetime.datetime(2026, 9, 12, 20, 22, 33, 318126, tzinfo=datetime.timezone.utc)}]
E   (Background on this error at: https://sqlalche.me/e/20/gkpj)
____________ ERROR at setup of test_get_event_not_found_returns_404 ____________
../../tesis-fim-serio/backend/.venv/lib/python3.13/site-packages/sqlalchemy/engine/base.py:1969: in _exec_single_context
    self.dialect.do_execute(
../../tesis-fim-serio/backend/.venv/lib/python3.13/site-packages/sqlalchemy/engine/default.py:952: in do_execute
    cursor.execute(statement, parameters)
../../tesis-fim-serio/backend/.venv/lib/python3.13/site-packages/psycopg/cursor.py:97: in execute
    raise ex.with_traceback(None)
E   psycopg.errors.UniqueViolation: duplicate key value violates unique constraint "ix_users_username"
E   DETAIL:  Key (username)=(admin) already exists.

The above exception was the direct cause of the following exception:
backend/tests/conftest.py:133: in _db_isolation
    _seed_admin_impl()
backend/tests/conftest.py:108: in _seed_admin_impl
    session.commit()
../../tesis-fim-serio/backend/.venv/lib/python3.13/site-packages/sqlalchemy/orm/session.py:2035: in commit
    trans.commit(_to_root=True)
../../tesis-fim-serio/backend/.venv/lib/python3.13/site-packages/sqlalchemy/orm/state_changes.py:137: in _go
    ret_value = fn(self, *arg, **kw)
../../tesis-fim-serio/backend/.venv/lib/python3.13/site-packages/sqlalchemy/orm/session.py:1316: in commit
    self._prepare_impl()
../../tesis-fim-serio/backend/.venv/lib/python3.13/site-packages/sqlalchemy/orm/state_changes.py:137: in _go
    ret_value = fn(self, *arg, **kw)
../../tesis-fim-serio/backend/.venv/lib/python3.13/site-packages/sqlalchemy/orm/session.py:1290: in _prepare_impl
    self.session.flush()
../../tesis-fim-serio/backend/.venv/lib/python3.13/site-packages/sqlalchemy/orm/session.py:4353: in flush
    self._flush(objects)
../../tesis-fim-serio/backend/.venv/lib/python3.13/site-packages/sqlalchemy/orm/session.py:4488: in _flush
    with util.safe_reraise():
../../tesis-fim-serio/backend/.venv/lib/python3.13/site-packages/sqlalchemy/util/langhelpers.py:122: in __exit__
    raise exc_value.with_traceback(exc_tb)
../../tesis-fim-serio/backend/.venv/lib/python3.13/site-packages/sqlalchemy/orm/session.py:4449: in _flush
    flush_context.execute()
../../tesis-fim-serio/backend/.venv/lib/python3.13/site-packages/sqlalchemy/orm/unitofwork.py:465: in execute
    rec.execute(self)
../../tesis-fim-serio/backend/.venv/lib/python3.13/site-packages/sqlalchemy/orm/unitofwork.py:641: in execute
    util.preloaded.orm_persistence.save_obj(
../../tesis-fim-serio/backend/.venv/lib/python3.13/site-packages/sqlalchemy/orm/persistence.py:94: in save_obj
    _emit_insert_statements(
../../tesis-fim-serio/backend/.venv/lib/python3.13/site-packages/sqlalchemy/orm/persistence.py:1234: in _emit_insert_statements
    result = connection.execute(
../../tesis-fim-serio/backend/.venv/lib/python3.13/site-packages/sqlalchemy/engine/base.py:1421: in execute
    return meth(
../../tesis-fim-serio/backend/.venv/lib/python3.13/site-packages/sqlalchemy/sql/elements.py:526: in _execute_on_connection
    return connection._execute_clauseelement(
../../tesis-fim-serio/backend/.venv/lib/python3.13/site-packages/sqlalchemy/engine/base.py:1643: in _execute_clauseelement
    ret = self._execute_context(
../../tesis-fim-serio/backend/.venv/lib/python3.13/site-packages/sqlalchemy/engine/base.py:1848: in _execute_context
    return self._exec_single_context(
../../tesis-fim-serio/backend/.venv/lib/python3.13/site-packages/sqlalchemy/engine/base.py:1988: in _exec_single_context
    self._handle_dbapi_exception(
../../tesis-fim-serio/backend/.venv/lib/python3.13/site-packages/sqlalchemy/engine/base.py:2365: in _handle_dbapi_exception
    raise sqlalchemy_exception.with_traceback(exc_info[2]) from e
../../tesis-fim-serio/backend/.venv/lib/python3.13/site-packages/sqlalchemy/engine/base.py:1969: in _exec_single_context
    self.dialect.do_execute(
../../tesis-fim-serio/backend/.venv/lib/python3.13/site-packages/sqlalchemy/engine/default.py:952: in do_execute
    cursor.execute(statement, parameters)
../../tesis-fim-serio/backend/.venv/lib/python3.13/site-packages/psycopg/cursor.py:97: in execute
    raise ex.with_traceback(None)
E   sqlalchemy.exc.IntegrityError: (psycopg.errors.UniqueViolation) duplicate key value violates unique constraint "ix_users_username"
E   DETAIL:  Key (username)=(admin) already exists.
E   [SQL: INSERT INTO users (username, email, password_hash, role, is_active, must_change_password, created_at) VALUES (%(username)s::VARCHAR, %(email)s::VARCHAR, %(password_hash)s::VARCHAR, %(role)s::VARCHAR, %(is_active)s, %(must_change_password)s, %(created_at)s::TIMESTAMP WITH TIME ZONE) RETURNING users.id]
E   [parameters: {'username': 'admin', 'email': 'admin@fim.local', 'password_hash': '$argon2id$v=19$m=65536,t=3,p=4$kZPrUsyXwKvWVqRFOtI1kA$Ub79pgGP+TLby1wEzK9Rqq6jhsSbqBtpzJyzE3CuHsA', 'role': 'admin', 'is_active': True, 'must_change_password': True, 'created_at': datetime.datetime(2026, 9, 12, 20, 22, 34, 613478, tzinfo=datetime.timezone.utc)}]
E   (Background on this error at: https://sqlalche.me/e/20/gkpj)
__________ ERROR at setup of test_validate_valid_pending_to_approved ___________
../../tesis-fim-serio/backend/.venv/lib/python3.13/site-packages/sqlalchemy/engine/base.py:1969: in _exec_single_context
    self.dialect.do_execute(
../../tesis-fim-serio/backend/.venv/lib/python3.13/site-packages/sqlalchemy/engine/default.py:952: in do_execute
    cursor.execute(statement, parameters)
../../tesis-fim-serio/backend/.venv/lib/python3.13/site-packages/psycopg/cursor.py:97: in execute
    raise ex.with_traceback(None)
E   psycopg.errors.UniqueViolation: duplicate key value violates unique constraint "ix_users_username"
E   DETAIL:  Key (username)=(admin) already exists.

The above exception was the direct cause of the following exception:
backend/tests/conftest.py:133: in _db_isolation
    _seed_admin_impl()
backend/tests/conftest.py:108: in _seed_admin_impl
    session.commit()
../../tesis-fim-serio/backend/.venv/lib/python3.13/site-packages/sqlalchemy/orm/session.py:2035: in commit
    trans.commit(_to_root=True)
../../tesis-fim-serio/backend/.venv/lib/python3.13/site-packages/sqlalchemy/orm/state_changes.py:137: in _go
    ret_value = fn(self, *arg, **kw)
../../tesis-fim-serio/backend/.venv/lib/python3.13/site-packages/sqlalchemy/orm/session.py:1316: in commit
    self._prepare_impl()
../../tesis-fim-serio/backend/.venv/lib/python3.13/site-packages/sqlalchemy/orm/state_changes.py:137: in _go
    ret_value = fn(self, *arg, **kw)
../../tesis-fim-serio/backend/.venv/lib/python3.13/site-packages/sqlalchemy/orm/session.py:1290: in _prepare_impl
    self.session.flush()
../../tesis-fim-serio/backend/.venv/lib/python3.13/site-packages/sqlalchemy/orm/session.py:4353: in flush
    self._flush(objects)
../../tesis-fim-serio/backend/.venv/lib/python3.13/site-packages/sqlalchemy/orm/session.py:4488: in _flush
    with util.safe_reraise():
../../tesis-fim-serio/backend/.venv/lib/python3.13/site-packages/sqlalchemy/util/langhelpers.py:122: in __exit__
    raise exc_value.with_traceback(exc_tb)
../../tesis-fim-serio/backend/.venv/lib/python3.13/site-packages/sqlalchemy/orm/session.py:4449: in _flush
    flush_context.execute()
../../tesis-fim-serio/backend/.venv/lib/python3.13/site-packages/sqlalchemy/orm/unitofwork.py:465: in execute
    rec.execute(self)
../../tesis-fim-serio/backend/.venv/lib/python3.13/site-packages/sqlalchemy/orm/unitofwork.py:641: in execute
    util.preloaded.orm_persistence.save_obj(
../../tesis-fim-serio/backend/.venv/lib/python3.13/site-packages/sqlalchemy/orm/persistence.py:94: in save_obj
    _emit_insert_statements(
../../tesis-fim-serio/backend/.venv/lib/python3.13/site-packages/sqlalchemy/orm/persistence.py:1234: in _emit_insert_statements
    result = connection.execute(
../../tesis-fim-serio/backend/.venv/lib/python3.13/site-packages/sqlalchemy/engine/base.py:1421: in execute
    return meth(
../../tesis-fim-serio/backend/.venv/lib/python3.13/site-packages/sqlalchemy/sql/elements.py:526: in _execute_on_connection
    return connection._execute_clauseelement(
../../tesis-fim-serio/backend/.venv/lib/python3.13/site-packages/sqlalchemy/engine/base.py:1643: in _execute_clauseelement
    ret = self._execute_context(
../../tesis-fim-serio/backend/.venv/lib/python3.13/site-packages/sqlalchemy/engine/base.py:1848: in _execute_context
    return self._exec_single_context(
../../tesis-fim-serio/backend/.venv/lib/python3.13/site-packages/sqlalchemy/engine/base.py:1988: in _exec_single_context
    self._handle_dbapi_exception(
../../tesis-fim-serio/backend/.venv/lib/python3.13/site-packages/sqlalchemy/engine/base.py:2365: in _handle_dbapi_exception
    raise sqlalchemy_exception.with_traceback(exc_info[2]) from e
../../tesis-fim-serio/backend/.venv/lib/python3.13/site-packages/sqlalchemy/engine/base.py:1969: in _exec_single_context
    self.dialect.do_execute(
../../tesis-fim-serio/backend/.venv/lib/python3.13/site-packages/sqlalchemy/engine/default.py:952: in do_execute
    cursor.execute(statement, parameters)
../../tesis-fim-serio/backend/.venv/lib/python3.13/site-packages/psycopg/cursor.py:97: in execute
    raise ex.with_traceback(None)
E   sqlalchemy.exc.IntegrityError: (psycopg.errors.UniqueViolation) duplicate key value violates unique constraint "ix_users_username"
E   DETAIL:  Key (username)=(admin) already exists.
E   [SQL: INSERT INTO users (username, email, password_hash, role, is_active, must_change_password, created_at) VALUES (%(username)s::VARCHAR, %(email)s::VARCHAR, %(password_hash)s::VARCHAR, %(role)s::VARCHAR, %(is_active)s, %(must_change_password)s, %(created_at)s::TIMESTAMP WITH TIME ZONE) RETURNING users.id]
E   [parameters: {'username': 'admin', 'email': 'admin@fim.local', 'password_hash': '$argon2id$v=19$m=65536,t=3,p=4$imUoRDt4/nrGtvt16n4ydw$lGjENrwz0cKKgVwFJ6vpwwOXYrUGXJDSQl/D8dCUlx8', 'role': 'admin', 'is_active': True, 'must_change_password': True, 'created_at': datetime.datetime(2026, 9, 12, 20, 22, 35, 274717, tzinfo=datetime.timezone.utc)}]
E   (Background on this error at: https://sqlalche.me/e/20/gkpj)
________ ERROR at setup of test_validate_invalid_pending_to_alert_only _________
../../tesis-fim-serio/backend/.venv/lib/python3.13/site-packages/sqlalchemy/engine/base.py:1969: in _exec_single_context
    self.dialect.do_execute(
../../tesis-fim-serio/backend/.venv/lib/python3.13/site-packages/sqlalchemy/engine/default.py:952: in do_execute
    cursor.execute(statement, parameters)
../../tesis-fim-serio/backend/.venv/lib/python3.13/site-packages/psycopg/cursor.py:97: in execute
    raise ex.with_traceback(None)
E   psycopg.errors.UniqueViolation: duplicate key value violates unique constraint "ix_users_username"
E   DETAIL:  Key (username)=(admin) already exists.

The above exception was the direct cause of the following exception:
backend/tests/conftest.py:133: in _db_isolation
    _seed_admin_impl()
backend/tests/conftest.py:108: in _seed_admin_impl
    session.commit()
../../tesis-fim-serio/backend/.venv/lib/python3.13/site-packages/sqlalchemy/orm/session.py:2035: in commit
    trans.commit(_to_root=True)
../../tesis-fim-serio/backend/.venv/lib/python3.13/site-packages/sqlalchemy/orm/state_changes.py:137: in _go
    ret_value = fn(self, *arg, **kw)
../../tesis-fim-serio/backend/.venv/lib/python3.13/site-packages/sqlalchemy/orm/session.py:1316: in commit
    self._prepare_impl()
../../tesis-fim-serio/backend/.venv/lib/python3.13/site-packages/sqlalchemy/orm/state_changes.py:137: in _go
    ret_value = fn(self, *arg, **kw)
../../tesis-fim-serio/backend/.venv/lib/python3.13/site-packages/sqlalchemy/orm/session.py:1290: in _prepare_impl
    self.session.flush()
../../tesis-fim-serio/backend/.venv/lib/python3.13/site-packages/sqlalchemy/orm/session.py:4353: in flush
    self._flush(objects)
../../tesis-fim-serio/backend/.venv/lib/python3.13/site-packages/sqlalchemy/orm/session.py:4488: in _flush
    with util.safe_reraise():
../../tesis-fim-serio/backend/.venv/lib/python3.13/site-packages/sqlalchemy/util/langhelpers.py:122: in __exit__
    raise exc_value.with_traceback(exc_tb)
../../tesis-fim-serio/backend/.venv/lib/python3.13/site-packages/sqlalchemy/orm/session.py:4449: in _flush
    flush_context.execute()
../../tesis-fim-serio/backend/.venv/lib/python3.13/site-packages/sqlalchemy/orm/unitofwork.py:465: in execute
    rec.execute(self)
../../tesis-fim-serio/backend/.venv/lib/python3.13/site-packages/sqlalchemy/orm/unitofwork.py:641: in execute
    util.preloaded.orm_persistence.save_obj(
../../tesis-fim-serio/backend/.venv/lib/python3.13/site-packages/sqlalchemy/orm/persistence.py:94: in save_obj
    _emit_insert_statements(
../../tesis-fim-serio/backend/.venv/lib/python3.13/site-packages/sqlalchemy/orm/persistence.py:1234: in _emit_insert_statements
    result = connection.execute(
../../tesis-fim-serio/backend/.venv/lib/python3.13/site-packages/sqlalchemy/engine/base.py:1421: in execute
    return meth(
../../tesis-fim-serio/backend/.venv/lib/python3.13/site-packages/sqlalchemy/sql/elements.py:526: in _execute_on_connection
    return connection._execute_clauseelement(
../../tesis-fim-serio/backend/.venv/lib/python3.13/site-packages/sqlalchemy/engine/base.py:1643: in _execute_clauseelement
    ret = self._execute_context(
../../tesis-fim-serio/backend/.venv/lib/python3.13/site-packages/sqlalchemy/engine/base.py:1848: in _execute_context
    return self._exec_single_context(
../../tesis-fim-serio/backend/.venv/lib/python3.13/site-packages/sqlalchemy/engine/base.py:1988: in _exec_single_context
    self._handle_dbapi_exception(
../../tesis-fim-serio/backend/.venv/lib/python3.13/site-packages/sqlalchemy/engine/base.py:2365: in _handle_dbapi_exception
    raise sqlalchemy_exception.with_traceback(exc_info[2]) from e
../../tesis-fim-serio/backend/.venv/lib/python3.13/site-packages/sqlalchemy/engine/base.py:1969: in _exec_single_context
    self.dialect.do_execute(
../../tesis-fim-serio/backend/.venv/lib/python3.13/site-packages/sqlalchemy/engine/default.py:952: in do_execute
    cursor.execute(statement, parameters)
../../tesis-fim-serio/backend/.venv/lib/python3.13/site-packages/psycopg/cursor.py:97: in execute
    raise ex.with_traceback(None)
E   sqlalchemy.exc.IntegrityError: (psycopg.errors.UniqueViolation) duplicate key value violates unique constraint "ix_users_username"
E   DETAIL:  Key (username)=(admin) already exists.
E   [SQL: INSERT INTO users (username, email, password_hash, role, is_active, must_change_password, created_at) VALUES (%(username)s::VARCHAR, %(email)s::VARCHAR, %(password_hash)s::VARCHAR, %(role)s::VARCHAR, %(is_active)s, %(must_change_password)s, %(created_at)s::TIMESTAMP WITH TIME ZONE) RETURNING users.id]
E   [parameters: {'username': 'admin', 'email': 'admin@fim.local', 'password_hash': '$argon2id$v=19$m=65536,t=3,p=4$i4m605eADkBmf08eqHKcqw$LFRICXFddDH8PzpTYB245OiGphhTGFBVF/DMWR0MFzY', 'role': 'admin', 'is_active': True, 'must_change_password': True, 'created_at': datetime.datetime(2026, 9, 12, 20, 22, 35, 899561, tzinfo=datetime.timezone.utc)}]
E   (Background on this error at: https://sqlalche.me/e/20/gkpj)
_______ ERROR at setup of test_row_quarantine_success_yields_quarantined _______
../../tesis-fim-serio/backend/.venv/lib/python3.13/site-packages/sqlalchemy/engine/base.py:1969: in _exec_single_context
    self.dialect.do_execute(
../../tesis-fim-serio/backend/.venv/lib/python3.13/site-packages/sqlalchemy/engine/default.py:952: in do_execute
    cursor.execute(statement, parameters)
../../tesis-fim-serio/backend/.venv/lib/python3.13/site-packages/psycopg/cursor.py:97: in execute
    raise ex.with_traceback(None)
E   psycopg.errors.UniqueViolation: duplicate key value violates unique constraint "ix_users_username"
E   DETAIL:  Key (username)=(admin) already exists.

The above exception was the direct cause of the following exception:
backend/tests/conftest.py:133: in _db_isolation
    _seed_admin_impl()
backend/tests/conftest.py:108: in _seed_admin_impl
    session.commit()
../../tesis-fim-serio/backend/.venv/lib/python3.13/site-packages/sqlalchemy/orm/session.py:2035: in commit
    trans.commit(_to_root=True)
../../tesis-fim-serio/backend/.venv/lib/python3.13/site-packages/sqlalchemy/orm/state_changes.py:137: in _go
    ret_value = fn(self, *arg, **kw)
../../tesis-fim-serio/backend/.venv/lib/python3.13/site-packages/sqlalchemy/orm/session.py:1316: in commit
    self._prepare_impl()
../../tesis-fim-serio/backend/.venv/lib/python3.13/site-packages/sqlalchemy/orm/state_changes.py:137: in _go
    ret_value = fn(self, *arg, **kw)
../../tesis-fim-serio/backend/.venv/lib/python3.13/site-packages/sqlalchemy/orm/session.py:1290: in _prepare_impl
    self.session.flush()
../../tesis-fim-serio/backend/.venv/lib/python3.13/site-packages/sqlalchemy/orm/session.py:4353: in flush
    self._flush(objects)
../../tesis-fim-serio/backend/.venv/lib/python3.13/site-packages/sqlalchemy/orm/session.py:4488: in _flush
    with util.safe_reraise():
../../tesis-fim-serio/backend/.venv/lib/python3.13/site-packages/sqlalchemy/util/langhelpers.py:122: in __exit__
    raise exc_value.with_traceback(exc_tb)
../../tesis-fim-serio/backend/.venv/lib/python3.13/site-packages/sqlalchemy/orm/session.py:4449: in _flush
    flush_context.execute()
../../tesis-fim-serio/backend/.venv/lib/python3.13/site-packages/sqlalchemy/orm/unitofwork.py:465: in execute
    rec.execute(self)
../../tesis-fim-serio/backend/.venv/lib/python3.13/site-packages/sqlalchemy/orm/unitofwork.py:641: in execute
    util.preloaded.orm_persistence.save_obj(
../../tesis-fim-serio/backend/.venv/lib/python3.13/site-packages/sqlalchemy/orm/persistence.py:94: in save_obj
    _emit_insert_statements(
../../tesis-fim-serio/backend/.venv/lib/python3.13/site-packages/sqlalchemy/orm/persistence.py:1234: in _emit_insert_statements
    result = connection.execute(
../../tesis-fim-serio/backend/.venv/lib/python3.13/site-packages/sqlalchemy/engine/base.py:1421: in execute
    return meth(
../../tesis-fim-serio/backend/.venv/lib/python3.13/site-packages/sqlalchemy/sql/elements.py:526: in _execute_on_connection
    return connection._execute_clauseelement(
../../tesis-fim-serio/backend/.venv/lib/python3.13/site-packages/sqlalchemy/engine/base.py:1643: in _execute_clauseelement
    ret = self._execute_context(
../../tesis-fim-serio/backend/.venv/lib/python3.13/site-packages/sqlalchemy/engine/base.py:1848: in _execute_context
    return self._exec_single_context(
../../tesis-fim-serio/backend/.venv/lib/python3.13/site-packages/sqlalchemy/engine/base.py:1988: in _exec_single_context
    self._handle_dbapi_exception(
../../tesis-fim-serio/backend/.venv/lib/python3.13/site-packages/sqlalchemy/engine/base.py:2365: in _handle_dbapi_exception
    raise sqlalchemy_exception.with_traceback(exc_info[2]) from e
../../tesis-fim-serio/backend/.venv/lib/python3.13/site-packages/sqlalchemy/engine/base.py:1969: in _exec_single_context
    self.dialect.do_execute(
../../tesis-fim-serio/backend/.venv/lib/python3.13/site-packages/sqlalchemy/engine/default.py:952: in do_execute
    cursor.execute(statement, parameters)
../../tesis-fim-serio/backend/.venv/lib/python3.13/site-packages/psycopg/cursor.py:97: in execute
    raise ex.with_traceback(None)
E   sqlalchemy.exc.IntegrityError: (psycopg.errors.UniqueViolation) duplicate key value violates unique constraint "ix_users_username"
E   DETAIL:  Key (username)=(admin) already exists.
E   [SQL: INSERT INTO users (username, email, password_hash, role, is_active, must_change_password, created_at) VALUES (%(username)s::VARCHAR, %(email)s::VARCHAR, %(password_hash)s::VARCHAR, %(role)s::VARCHAR, %(is_active)s, %(must_change_password)s, %(created_at)s::TIMESTAMP WITH TIME ZONE) RETURNING users.id]
E   [parameters: {'username': 'admin', 'email': 'admin@fim.local', 'password_hash': '$argon2id$v=19$m=65536,t=3,p=4$pDXhJwgw2mGj2lRSfwBhSA$lwDRnRsmWmqT5ypgcsFQDe9K9LRf2LZKwxnrZCaLB3Y', 'role': 'admin', 'is_active': True, 'must_change_password': True, 'created_at': datetime.datetime(2026, 9, 12, 20, 22, 41, 275947, tzinfo=datetime.timezone.utc)}]
E   (Background on this error at: https://sqlalche.me/e/20/gkpj)
_ ERROR at setup of test_forged_status_cannot_induce_backend_exclusive_transitions[approved] _
../../tesis-fim-serio/backend/.venv/lib/python3.13/site-packages/sqlalchemy/engine/base.py:1969: in _exec_single_context
    self.dialect.do_execute(
../../tesis-fim-serio/backend/.venv/lib/python3.13/site-packages/sqlalchemy/engine/default.py:952: in do_execute
    cursor.execute(statement, parameters)
../../tesis-fim-serio/backend/.venv/lib/python3.13/site-packages/psycopg/cursor.py:97: in execute
    raise ex.with_traceback(None)
E   psycopg.errors.UniqueViolation: duplicate key value violates unique constraint "ix_users_username"
E   DETAIL:  Key (username)=(admin) already exists.

The above exception was the direct cause of the following exception:
backend/tests/conftest.py:133: in _db_isolation
    _seed_admin_impl()
backend/tests/conftest.py:108: in _seed_admin_impl
    session.commit()
../../tesis-fim-serio/backend/.venv/lib/python3.13/site-packages/sqlalchemy/orm/session.py:2035: in commit
    trans.commit(_to_root=True)
../../tesis-fim-serio/backend/.venv/lib/python3.13/site-packages/sqlalchemy/orm/state_changes.py:137: in _go
    ret_value = fn(self, *arg, **kw)
../../tesis-fim-serio/backend/.venv/lib/python3.13/site-packages/sqlalchemy/orm/session.py:1316: in commit
    self._prepare_impl()
../../tesis-fim-serio/backend/.venv/lib/python3.13/site-packages/sqlalchemy/orm/state_changes.py:137: in _go
    ret_value = fn(self, *arg, **kw)
../../tesis-fim-serio/backend/.venv/lib/python3.13/site-packages/sqlalchemy/orm/session.py:1290: in _prepare_impl
    self.session.flush()
../../tesis-fim-serio/backend/.venv/lib/python3.13/site-packages/sqlalchemy/orm/session.py:4353: in flush
    self._flush(objects)
../../tesis-fim-serio/backend/.venv/lib/python3.13/site-packages/sqlalchemy/orm/session.py:4488: in _flush
    with util.safe_reraise():
../../tesis-fim-serio/backend/.venv/lib/python3.13/site-packages/sqlalchemy/util/langhelpers.py:122: in __exit__
    raise exc_value.with_traceback(exc_tb)
../../tesis-fim-serio/backend/.venv/lib/python3.13/site-packages/sqlalchemy/orm/session.py:4449: in _flush
    flush_context.execute()
../../tesis-fim-serio/backend/.venv/lib/python3.13/site-packages/sqlalchemy/orm/unitofwork.py:465: in execute
    rec.execute(self)
../../tesis-fim-serio/backend/.venv/lib/python3.13/site-packages/sqlalchemy/orm/unitofwork.py:641: in execute
    util.preloaded.orm_persistence.save_obj(
../../tesis-fim-serio/backend/.venv/lib/python3.13/site-packages/sqlalchemy/orm/persistence.py:94: in save_obj
    _emit_insert_statements(
../../tesis-fim-serio/backend/.venv/lib/python3.13/site-packages/sqlalchemy/orm/persistence.py:1234: in _emit_insert_statements
    result = connection.execute(
../../tesis-fim-serio/backend/.venv/lib/python3.13/site-packages/sqlalchemy/engine/base.py:1421: in execute
    return meth(
../../tesis-fim-serio/backend/.venv/lib/python3.13/site-packages/sqlalchemy/sql/elements.py:526: in _execute_on_connection
    return connection._execute_clauseelement(
../../tesis-fim-serio/backend/.venv/lib/python3.13/site-packages/sqlalchemy/engine/base.py:1643: in _execute_clauseelement
    ret = self._execute_context(
../../tesis-fim-serio/backend/.venv/lib/python3.13/site-packages/sqlalchemy/engine/base.py:1848: in _execute_context
    return self._exec_single_context(
../../tesis-fim-serio/backend/.venv/lib/python3.13/site-packages/sqlalchemy/engine/base.py:1988: in _exec_single_context
    self._handle_dbapi_exception(
../../tesis-fim-serio/backend/.venv/lib/python3.13/site-packages/sqlalchemy/engine/base.py:2365: in _handle_dbapi_exception
    raise sqlalchemy_exception.with_traceback(exc_info[2]) from e
../../tesis-fim-serio/backend/.venv/lib/python3.13/site-packages/sqlalchemy/engine/base.py:1969: in _exec_single_context
    self.dialect.do_execute(
../../tesis-fim-serio/backend/.venv/lib/python3.13/site-packages/sqlalchemy/engine/default.py:952: in do_execute
    cursor.execute(statement, parameters)
../../tesis-fim-serio/backend/.venv/lib/python3.13/site-packages/psycopg/cursor.py:97: in execute
    raise ex.with_traceback(None)
E   sqlalchemy.exc.IntegrityError: (psycopg.errors.UniqueViolation) duplicate key value violates unique constraint "ix_users_username"
E   DETAIL:  Key (username)=(admin) already exists.
E   [SQL: INSERT INTO users (username, email, password_hash, role, is_active, must_change_password, created_at) VALUES (%(username)s::VARCHAR, %(email)s::VARCHAR, %(password_hash)s::VARCHAR, %(role)s::VARCHAR, %(is_active)s, %(must_change_password)s, %(created_at)s::TIMESTAMP WITH TIME ZONE) RETURNING users.id]
E   [parameters: {'username': 'admin', 'email': 'admin@fim.local', 'password_hash': '$argon2id$v=19$m=65536,t=3,p=4$glouEK6EGdSKvWXX4Dg5BA$gLhZ21Lh6+xZs3Tm7NeVQPGVnA8aAaEvAaXiThW4C6U', 'role': 'admin', 'is_active': True, 'must_change_password': True, 'created_at': datetime.datetime(2026, 9, 12, 20, 22, 42, 345627, tzinfo=datetime.timezone.utc)}]
E   (Background on this error at: https://sqlalche.me/e/20/gkpj)
_ ERROR at setup of test_forged_status_cannot_induce_backend_exclusive_transitions[rejected] _
../../tesis-fim-serio/backend/.venv/lib/python3.13/site-packages/sqlalchemy/engine/base.py:1969: in _exec_single_context
    self.dialect.do_execute(
../../tesis-fim-serio/backend/.venv/lib/python3.13/site-packages/sqlalchemy/engine/default.py:952: in do_execute
    cursor.execute(statement, parameters)
../../tesis-fim-serio/backend/.venv/lib/python3.13/site-packages/psycopg/cursor.py:97: in execute
    raise ex.with_traceback(None)
E   psycopg.errors.UniqueViolation: duplicate key value violates unique constraint "ix_users_username"
E   DETAIL:  Key (username)=(admin) already exists.

The above exception was the direct cause of the following exception:
backend/tests/conftest.py:133: in _db_isolation
    _seed_admin_impl()
backend/tests/conftest.py:108: in _seed_admin_impl
    session.commit()
../../tesis-fim-serio/backend/.venv/lib/python3.13/site-packages/sqlalchemy/orm/session.py:2035: in commit
    trans.commit(_to_root=True)
../../tesis-fim-serio/backend/.venv/lib/python3.13/site-packages/sqlalchemy/orm/state_changes.py:137: in _go
    ret_value = fn(self, *arg, **kw)
../../tesis-fim-serio/backend/.venv/lib/python3.13/site-packages/sqlalchemy/orm/session.py:1316: in commit
    self._prepare_impl()
../../tesis-fim-serio/backend/.venv/lib/python3.13/site-packages/sqlalchemy/orm/state_changes.py:137: in _go
    ret_value = fn(self, *arg, **kw)
../../tesis-fim-serio/backend/.venv/lib/python3.13/site-packages/sqlalchemy/orm/session.py:1290: in _prepare_impl
    self.session.flush()
../../tesis-fim-serio/backend/.venv/lib/python3.13/site-packages/sqlalchemy/orm/session.py:4353: in flush
    self._flush(objects)
../../tesis-fim-serio/backend/.venv/lib/python3.13/site-packages/sqlalchemy/orm/session.py:4488: in _flush
    with util.safe_reraise():
../../tesis-fim-serio/backend/.venv/lib/python3.13/site-packages/sqlalchemy/util/langhelpers.py:122: in __exit__
    raise exc_value.with_traceback(exc_tb)
../../tesis-fim-serio/backend/.venv/lib/python3.13/site-packages/sqlalchemy/orm/session.py:4449: in _flush
    flush_context.execute()
../../tesis-fim-serio/backend/.venv/lib/python3.13/site-packages/sqlalchemy/orm/unitofwork.py:465: in execute
    rec.execute(self)
../../tesis-fim-serio/backend/.venv/lib/python3.13/site-packages/sqlalchemy/orm/unitofwork.py:641: in execute
    util.preloaded.orm_persistence.save_obj(
../../tesis-fim-serio/backend/.venv/lib/python3.13/site-packages/sqlalchemy/orm/persistence.py:94: in save_obj
    _emit_insert_statements(
../../tesis-fim-serio/backend/.venv/lib/python3.13/site-packages/sqlalchemy/orm/persistence.py:1234: in _emit_insert_statements
    result = connection.execute(
../../tesis-fim-serio/backend/.venv/lib/python3.13/site-packages/sqlalchemy/engine/base.py:1421: in execute
    return meth(
../../tesis-fim-serio/backend/.venv/lib/python3.13/site-packages/sqlalchemy/sql/elements.py:526: in _execute_on_connection
    return connection._execute_clauseelement(
../../tesis-fim-serio/backend/.venv/lib/python3.13/site-packages/sqlalchemy/engine/base.py:1643: in _execute_clauseelement
    ret = self._execute_context(
../../tesis-fim-serio/backend/.venv/lib/python3.13/site-packages/sqlalchemy/engine/base.py:1848: in _execute_context
    return self._exec_single_context(
../../tesis-fim-serio/backend/.venv/lib/python3.13/site-packages/sqlalchemy/engine/base.py:1988: in _exec_single_context
    self._handle_dbapi_exception(
../../tesis-fim-serio/backend/.venv/lib/python3.13/site-packages/sqlalchemy/engine/base.py:2365: in _handle_dbapi_exception
    raise sqlalchemy_exception.with_traceback(exc_info[2]) from e
../../tesis-fim-serio/backend/.venv/lib/python3.13/site-packages/sqlalchemy/engine/base.py:1969: in _exec_single_context
    self.dialect.do_execute(
../../tesis-fim-serio/backend/.venv/lib/python3.13/site-packages/sqlalchemy/engine/default.py:952: in do_execute
    cursor.execute(statement, parameters)
../../tesis-fim-serio/backend/.venv/lib/python3.13/site-packages/psycopg/cursor.py:97: in execute
    raise ex.with_traceback(None)
E   sqlalchemy.exc.IntegrityError: (psycopg.errors.UniqueViolation) duplicate key value violates unique constraint "ix_users_username"
E   DETAIL:  Key (username)=(admin) already exists.
E   [SQL: INSERT INTO users (username, email, password_hash, role, is_active, must_change_password, created_at) VALUES (%(username)s::VARCHAR, %(email)s::VARCHAR, %(password_hash)s::VARCHAR, %(role)s::VARCHAR, %(is_active)s, %(must_change_password)s, %(created_at)s::TIMESTAMP WITH TIME ZONE) RETURNING users.id]
E   [parameters: {'username': 'admin', 'email': 'admin@fim.local', 'password_hash': '$argon2id$v=19$m=65536,t=3,p=4$exSmA3BVdLRNCpc/gahvFw$lMg9uZSgJBJ7I7D6OFA0JA6rRFw1Nzjc3gQsFQTJNa8', 'role': 'admin', 'is_active': True, 'must_change_password': True, 'created_at': datetime.datetime(2026, 9, 12, 20, 22, 42, 795784, tzinfo=datetime.timezone.utc)}]
E   (Background on this error at: https://sqlalche.me/e/20/gkpj)
_ ERROR at setup of test_decode_token_acepta_clave_actual_y_anterior_durante_rotacion _
../../tesis-fim-serio/backend/.venv/lib/python3.13/site-packages/sqlalchemy/engine/base.py:1969: in _exec_single_context
    self.dialect.do_execute(
../../tesis-fim-serio/backend/.venv/lib/python3.13/site-packages/sqlalchemy/engine/default.py:952: in do_execute
    cursor.execute(statement, parameters)
../../tesis-fim-serio/backend/.venv/lib/python3.13/site-packages/psycopg/cursor.py:97: in execute
    raise ex.with_traceback(None)
E   psycopg.errors.UniqueViolation: duplicate key value violates unique constraint "ix_users_username"
E   DETAIL:  Key (username)=(admin) already exists.

The above exception was the direct cause of the following exception:
backend/tests/conftest.py:133: in _db_isolation
    _seed_admin_impl()
backend/tests/conftest.py:108: in _seed_admin_impl
    session.commit()
../../tesis-fim-serio/backend/.venv/lib/python3.13/site-packages/sqlalchemy/orm/session.py:2035: in commit
    trans.commit(_to_root=True)
../../tesis-fim-serio/backend/.venv/lib/python3.13/site-packages/sqlalchemy/orm/state_changes.py:137: in _go
    ret_value = fn(self, *arg, **kw)
../../tesis-fim-serio/backend/.venv/lib/python3.13/site-packages/sqlalchemy/orm/session.py:1316: in commit
    self._prepare_impl()
../../tesis-fim-serio/backend/.venv/lib/python3.13/site-packages/sqlalchemy/orm/state_changes.py:137: in _go
    ret_value = fn(self, *arg, **kw)
../../tesis-fim-serio/backend/.venv/lib/python3.13/site-packages/sqlalchemy/orm/session.py:1290: in _prepare_impl
    self.session.flush()
../../tesis-fim-serio/backend/.venv/lib/python3.13/site-packages/sqlalchemy/orm/session.py:4353: in flush
    self._flush(objects)
../../tesis-fim-serio/backend/.venv/lib/python3.13/site-packages/sqlalchemy/orm/session.py:4488: in _flush
    with util.safe_reraise():
../../tesis-fim-serio/backend/.venv/lib/python3.13/site-packages/sqlalchemy/util/langhelpers.py:122: in __exit__
    raise exc_value.with_traceback(exc_tb)
../../tesis-fim-serio/backend/.venv/lib/python3.13/site-packages/sqlalchemy/orm/session.py:4449: in _flush
    flush_context.execute()
../../tesis-fim-serio/backend/.venv/lib/python3.13/site-packages/sqlalchemy/orm/unitofwork.py:465: in execute
    rec.execute(self)
../../tesis-fim-serio/backend/.venv/lib/python3.13/site-packages/sqlalchemy/orm/unitofwork.py:641: in execute
    util.preloaded.orm_persistence.save_obj(
../../tesis-fim-serio/backend/.venv/lib/python3.13/site-packages/sqlalchemy/orm/persistence.py:94: in save_obj
    _emit_insert_statements(
../../tesis-fim-serio/backend/.venv/lib/python3.13/site-packages/sqlalchemy/orm/persistence.py:1234: in _emit_insert_statements
    result = connection.execute(
../../tesis-fim-serio/backend/.venv/lib/python3.13/site-packages/sqlalchemy/engine/base.py:1421: in execute
    return meth(
../../tesis-fim-serio/backend/.venv/lib/python3.13/site-packages/sqlalchemy/sql/elements.py:526: in _execute_on_connection
    return connection._execute_clauseelement(
../../tesis-fim-serio/backend/.venv/lib/python3.13/site-packages/sqlalchemy/engine/base.py:1643: in _execute_clauseelement
    ret = self._execute_context(
../../tesis-fim-serio/backend/.venv/lib/python3.13/site-packages/sqlalchemy/engine/base.py:1848: in _execute_context
    return self._exec_single_context(
../../tesis-fim-serio/backend/.venv/lib/python3.13/site-packages/sqlalchemy/engine/base.py:1988: in _exec_single_context
    self._handle_dbapi_exception(
../../tesis-fim-serio/backend/.venv/lib/python3.13/site-packages/sqlalchemy/engine/base.py:2365: in _handle_dbapi_exception
    raise sqlalchemy_exception.with_traceback(exc_info[2]) from e
../../tesis-fim-serio/backend/.venv/lib/python3.13/site-packages/sqlalchemy/engine/base.py:1969: in _exec_single_context
    self.dialect.do_execute(
../../tesis-fim-serio/backend/.venv/lib/python3.13/site-packages/sqlalchemy/engine/default.py:952: in do_execute
    cursor.execute(statement, parameters)
../../tesis-fim-serio/backend/.venv/lib/python3.13/site-packages/psycopg/cursor.py:97: in execute
    raise ex.with_traceback(None)
E   sqlalchemy.exc.IntegrityError: (psycopg.errors.UniqueViolation) duplicate key value violates unique constraint "ix_users_username"
E   DETAIL:  Key (username)=(admin) already exists.
E   [SQL: INSERT INTO users (username, email, password_hash, role, is_active, must_change_password, created_at) VALUES (%(username)s::VARCHAR, %(email)s::VARCHAR, %(password_hash)s::VARCHAR, %(role)s::VARCHAR, %(is_active)s, %(must_change_password)s, %(created_at)s::TIMESTAMP WITH TIME ZONE) RETURNING users.id]
E   [parameters: {'username': 'admin', 'email': 'admin@fim.local', 'password_hash': '$argon2id$v=19$m=65536,t=3,p=4$NfvKzZUaM9/PQikvzDmoeA$aJA3efl0n41HJyd1hWFJhfBz5WlzDKy+EeFqCyyTTTA', 'role': 'admin', 'is_active': True, 'must_change_password': True, 'created_at': datetime.datetime(2026, 9, 12, 20, 22, 48, 575705, tzinfo=datetime.timezone.utc)}]
E   (Background on this error at: https://sqlalche.me/e/20/gkpj)
_______ ERROR at setup of test_trace_id_contextvars_reset_after_request ________
../../tesis-fim-serio/backend/.venv/lib/python3.13/site-packages/sqlalchemy/engine/base.py:1969: in _exec_single_context
    self.dialect.do_execute(
../../tesis-fim-serio/backend/.venv/lib/python3.13/site-packages/sqlalchemy/engine/default.py:952: in do_execute
    cursor.execute(statement, parameters)
../../tesis-fim-serio/backend/.venv/lib/python3.13/site-packages/psycopg/cursor.py:97: in execute
    raise ex.with_traceback(None)
E   psycopg.errors.UniqueViolation: duplicate key value violates unique constraint "ix_users_username"
E   DETAIL:  Key (username)=(admin) already exists.

The above exception was the direct cause of the following exception:
backend/tests/conftest.py:133: in _db_isolation
    _seed_admin_impl()
backend/tests/conftest.py:108: in _seed_admin_impl
    session.commit()
../../tesis-fim-serio/backend/.venv/lib/python3.13/site-packages/sqlalchemy/orm/session.py:2035: in commit
    trans.commit(_to_root=True)
../../tesis-fim-serio/backend/.venv/lib/python3.13/site-packages/sqlalchemy/orm/state_changes.py:137: in _go
    ret_value = fn(self, *arg, **kw)
../../tesis-fim-serio/backend/.venv/lib/python3.13/site-packages/sqlalchemy/orm/session.py:1316: in commit
    self._prepare_impl()
../../tesis-fim-serio/backend/.venv/lib/python3.13/site-packages/sqlalchemy/orm/state_changes.py:137: in _go
    ret_value = fn(self, *arg, **kw)
../../tesis-fim-serio/backend/.venv/lib/python3.13/site-packages/sqlalchemy/orm/session.py:1290: in _prepare_impl
    self.session.flush()
../../tesis-fim-serio/backend/.venv/lib/python3.13/site-packages/sqlalchemy/orm/session.py:4353: in flush
    self._flush(objects)
../../tesis-fim-serio/backend/.venv/lib/python3.13/site-packages/sqlalchemy/orm/session.py:4488: in _flush
    with util.safe_reraise():
../../tesis-fim-serio/backend/.venv/lib/python3.13/site-packages/sqlalchemy/util/langhelpers.py:122: in __exit__
    raise exc_value.with_traceback(exc_tb)
../../tesis-fim-serio/backend/.venv/lib/python3.13/site-packages/sqlalchemy/orm/session.py:4449: in _flush
    flush_context.execute()
../../tesis-fim-serio/backend/.venv/lib/python3.13/site-packages/sqlalchemy/orm/unitofwork.py:465: in execute
    rec.execute(self)
../../tesis-fim-serio/backend/.venv/lib/python3.13/site-packages/sqlalchemy/orm/unitofwork.py:641: in execute
    util.preloaded.orm_persistence.save_obj(
../../tesis-fim-serio/backend/.venv/lib/python3.13/site-packages/sqlalchemy/orm/persistence.py:94: in save_obj
    _emit_insert_statements(
../../tesis-fim-serio/backend/.venv/lib/python3.13/site-packages/sqlalchemy/orm/persistence.py:1234: in _emit_insert_statements
    result = connection.execute(
../../tesis-fim-serio/backend/.venv/lib/python3.13/site-packages/sqlalchemy/engine/base.py:1421: in execute
    return meth(
../../tesis-fim-serio/backend/.venv/lib/python3.13/site-packages/sqlalchemy/sql/elements.py:526: in _execute_on_connection
    return connection._execute_clauseelement(
../../tesis-fim-serio/backend/.venv/lib/python3.13/site-packages/sqlalchemy/engine/base.py:1643: in _execute_clauseelement
    ret = self._execute_context(
../../tesis-fim-serio/backend/.venv/lib/python3.13/site-packages/sqlalchemy/engine/base.py:1848: in _execute_context
    return self._exec_single_context(
../../tesis-fim-serio/backend/.venv/lib/python3.13/site-packages/sqlalchemy/engine/base.py:1988: in _exec_single_context
    self._handle_dbapi_exception(
../../tesis-fim-serio/backend/.venv/lib/python3.13/site-packages/sqlalchemy/engine/base.py:2365: in _handle_dbapi_exception
    raise sqlalchemy_exception.with_traceback(exc_info[2]) from e
../../tesis-fim-serio/backend/.venv/lib/python3.13/site-packages/sqlalchemy/engine/base.py:1969: in _exec_single_context
    self.dialect.do_execute(
../../tesis-fim-serio/backend/.venv/lib/python3.13/site-packages/sqlalchemy/engine/default.py:952: in do_execute
    cursor.execute(statement, parameters)
../../tesis-fim-serio/backend/.venv/lib/python3.13/site-packages/psycopg/cursor.py:97: in execute
    raise ex.with_traceback(None)
E   sqlalchemy.exc.IntegrityError: (psycopg.errors.UniqueViolation) duplicate key value violates unique constraint "ix_users_username"
E   DETAIL:  Key (username)=(admin) already exists.
E   [SQL: INSERT INTO users (username, email, password_hash, role, is_active, must_change_password, created_at) VALUES (%(username)s::VARCHAR, %(email)s::VARCHAR, %(password_hash)s::VARCHAR, %(role)s::VARCHAR, %(is_active)s, %(must_change_password)s, %(created_at)s::TIMESTAMP WITH TIME ZONE) RETURNING users.id]
E   [parameters: {'username': 'admin', 'email': 'admin@fim.local', 'password_hash': '$argon2id$v=19$m=65536,t=3,p=4$TsMzFT2NcctykikJl4K8Cw$qVkv+WSE6f9X4b4A1ve5UsuxxRLB6dDWvW1twcnvqlI', 'role': 'admin', 'is_active': True, 'must_change_password': True, 'created_at': datetime.datetime(2026, 9, 12, 20, 22, 50, 429117, tzinfo=datetime.timezone.utc)}]
E   (Background on this error at: https://sqlalche.me/e/20/gkpj)
_________ ERROR at setup of test_known_divergence_list_can_only_shrink _________
../../tesis-fim-serio/backend/.venv/lib/python3.13/site-packages/sqlalchemy/engine/base.py:1969: in _exec_single_context
    self.dialect.do_execute(
../../tesis-fim-serio/backend/.venv/lib/python3.13/site-packages/sqlalchemy/engine/default.py:952: in do_execute
    cursor.execute(statement, parameters)
../../tesis-fim-serio/backend/.venv/lib/python3.13/site-packages/psycopg/cursor.py:97: in execute
    raise ex.with_traceback(None)
E   psycopg.errors.UniqueViolation: duplicate key value violates unique constraint "ix_users_username"
E   DETAIL:  Key (username)=(admin) already exists.

The above exception was the direct cause of the following exception:
backend/tests/conftest.py:133: in _db_isolation
    _seed_admin_impl()
backend/tests/conftest.py:108: in _seed_admin_impl
    session.commit()
../../tesis-fim-serio/backend/.venv/lib/python3.13/site-packages/sqlalchemy/orm/session.py:2035: in commit
    trans.commit(_to_root=True)
../../tesis-fim-serio/backend/.venv/lib/python3.13/site-packages/sqlalchemy/orm/state_changes.py:137: in _go
    ret_value = fn(self, *arg, **kw)
../../tesis-fim-serio/backend/.venv/lib/python3.13/site-packages/sqlalchemy/orm/session.py:1316: in commit
    self._prepare_impl()
../../tesis-fim-serio/backend/.venv/lib/python3.13/site-packages/sqlalchemy/orm/state_changes.py:137: in _go
    ret_value = fn(self, *arg, **kw)
../../tesis-fim-serio/backend/.venv/lib/python3.13/site-packages/sqlalchemy/orm/session.py:1290: in _prepare_impl
    self.session.flush()
../../tesis-fim-serio/backend/.venv/lib/python3.13/site-packages/sqlalchemy/orm/session.py:4353: in flush
    self._flush(objects)
../../tesis-fim-serio/backend/.venv/lib/python3.13/site-packages/sqlalchemy/orm/session.py:4488: in _flush
    with util.safe_reraise():
../../tesis-fim-serio/backend/.venv/lib/python3.13/site-packages/sqlalchemy/util/langhelpers.py:122: in __exit__
    raise exc_value.with_traceback(exc_tb)
../../tesis-fim-serio/backend/.venv/lib/python3.13/site-packages/sqlalchemy/orm/session.py:4449: in _flush
    flush_context.execute()
../../tesis-fim-serio/backend/.venv/lib/python3.13/site-packages/sqlalchemy/orm/unitofwork.py:465: in execute
    rec.execute(self)
../../tesis-fim-serio/backend/.venv/lib/python3.13/site-packages/sqlalchemy/orm/unitofwork.py:641: in execute
    util.preloaded.orm_persistence.save_obj(
../../tesis-fim-serio/backend/.venv/lib/python3.13/site-packages/sqlalchemy/orm/persistence.py:94: in save_obj
    _emit_insert_statements(
../../tesis-fim-serio/backend/.venv/lib/python3.13/site-packages/sqlalchemy/orm/persistence.py:1234: in _emit_insert_statements
    result = connection.execute(
../../tesis-fim-serio/backend/.venv/lib/python3.13/site-packages/sqlalchemy/engine/base.py:1421: in execute
    return meth(
../../tesis-fim-serio/backend/.venv/lib/python3.13/site-packages/sqlalchemy/sql/elements.py:526: in _execute_on_connection
    return connection._execute_clauseelement(
../../tesis-fim-serio/backend/.venv/lib/python3.13/site-packages/sqlalchemy/engine/base.py:1643: in _execute_clauseelement
    ret = self._execute_context(
../../tesis-fim-serio/backend/.venv/lib/python3.13/site-packages/sqlalchemy/engine/base.py:1848: in _execute_context
    return self._exec_single_context(
../../tesis-fim-serio/backend/.venv/lib/python3.13/site-packages/sqlalchemy/engine/base.py:1988: in _exec_single_context
    self._handle_dbapi_exception(
../../tesis-fim-serio/backend/.venv/lib/python3.13/site-packages/sqlalchemy/engine/base.py:2365: in _handle_dbapi_exception
    raise sqlalchemy_exception.with_traceback(exc_info[2]) from e
../../tesis-fim-serio/backend/.venv/lib/python3.13/site-packages/sqlalchemy/engine/base.py:1969: in _exec_single_context
    self.dialect.do_execute(
../../tesis-fim-serio/backend/.venv/lib/python3.13/site-packages/sqlalchemy/engine/default.py:952: in do_execute
    cursor.execute(statement, parameters)
../../tesis-fim-serio/backend/.venv/lib/python3.13/site-packages/psycopg/cursor.py:97: in execute
    raise ex.with_traceback(None)
E   sqlalchemy.exc.IntegrityError: (psycopg.errors.UniqueViolation) duplicate key value violates unique constraint "ix_users_username"
E   DETAIL:  Key (username)=(admin) already exists.
E   [SQL: INSERT INTO users (username, email, password_hash, role, is_active, must_change_password, created_at) VALUES (%(username)s::VARCHAR, %(email)s::VARCHAR, %(password_hash)s::VARCHAR, %(role)s::VARCHAR, %(is_active)s, %(must_change_password)s, %(created_at)s::TIMESTAMP WITH TIME ZONE) RETURNING users.id]
E   [parameters: {'username': 'admin', 'email': 'admin@fim.local', 'password_hash': '$argon2id$v=19$m=65536,t=3,p=4$+zwcDZhJ+peMq/I/fWOV8Q$sXH6ehr7TGbErM/HTl3h5Y6+1vC3AkeL/MVqLJwcGA0', 'role': 'admin', 'is_active': True, 'must_change_password': True, 'created_at': datetime.datetime(2026, 9, 12, 20, 22, 51, 598291, tzinfo=datetime.timezone.utc)}]
E   (Background on this error at: https://sqlalche.me/e/20/gkpj)
_____________ ERROR at setup of test_send_n8n_skipped_when_no_url ______________
../../tesis-fim-serio/backend/.venv/lib/python3.13/site-packages/sqlalchemy/engine/base.py:1969: in _exec_single_context
    self.dialect.do_execute(
../../tesis-fim-serio/backend/.venv/lib/python3.13/site-packages/sqlalchemy/engine/default.py:952: in do_execute
    cursor.execute(statement, parameters)
../../tesis-fim-serio/backend/.venv/lib/python3.13/site-packages/psycopg/cursor.py:97: in execute
    raise ex.with_traceback(None)
E   psycopg.errors.UniqueViolation: duplicate key value violates unique constraint "ix_users_username"
E   DETAIL:  Key (username)=(admin) already exists.

The above exception was the direct cause of the following exception:
backend/tests/conftest.py:133: in _db_isolation
    _seed_admin_impl()
backend/tests/conftest.py:108: in _seed_admin_impl
    session.commit()
../../tesis-fim-serio/backend/.venv/lib/python3.13/site-packages/sqlalchemy/orm/session.py:2035: in commit
    trans.commit(_to_root=True)
../../tesis-fim-serio/backend/.venv/lib/python3.13/site-packages/sqlalchemy/orm/state_changes.py:137: in _go
    ret_value = fn(self, *arg, **kw)
../../tesis-fim-serio/backend/.venv/lib/python3.13/site-packages/sqlalchemy/orm/session.py:1316: in commit
    self._prepare_impl()
../../tesis-fim-serio/backend/.venv/lib/python3.13/site-packages/sqlalchemy/orm/state_changes.py:137: in _go
    ret_value = fn(self, *arg, **kw)
../../tesis-fim-serio/backend/.venv/lib/python3.13/site-packages/sqlalchemy/orm/session.py:1290: in _prepare_impl
    self.session.flush()
../../tesis-fim-serio/backend/.venv/lib/python3.13/site-packages/sqlalchemy/orm/session.py:4353: in flush
    self._flush(objects)
../../tesis-fim-serio/backend/.venv/lib/python3.13/site-packages/sqlalchemy/orm/session.py:4488: in _flush
    with util.safe_reraise():
../../tesis-fim-serio/backend/.venv/lib/python3.13/site-packages/sqlalchemy/util/langhelpers.py:122: in __exit__
    raise exc_value.with_traceback(exc_tb)
../../tesis-fim-serio/backend/.venv/lib/python3.13/site-packages/sqlalchemy/orm/session.py:4449: in _flush
    flush_context.execute()
../../tesis-fim-serio/backend/.venv/lib/python3.13/site-packages/sqlalchemy/orm/unitofwork.py:465: in execute
    rec.execute(self)
../../tesis-fim-serio/backend/.venv/lib/python3.13/site-packages/sqlalchemy/orm/unitofwork.py:641: in execute
    util.preloaded.orm_persistence.save_obj(
../../tesis-fim-serio/backend/.venv/lib/python3.13/site-packages/sqlalchemy/orm/persistence.py:94: in save_obj
    _emit_insert_statements(
../../tesis-fim-serio/backend/.venv/lib/python3.13/site-packages/sqlalchemy/orm/persistence.py:1234: in _emit_insert_statements
    result = connection.execute(
../../tesis-fim-serio/backend/.venv/lib/python3.13/site-packages/sqlalchemy/engine/base.py:1421: in execute
    return meth(
../../tesis-fim-serio/backend/.venv/lib/python3.13/site-packages/sqlalchemy/sql/elements.py:526: in _execute_on_connection
    return connection._execute_clauseelement(
../../tesis-fim-serio/backend/.venv/lib/python3.13/site-packages/sqlalchemy/engine/base.py:1643: in _execute_clauseelement
    ret = self._execute_context(
../../tesis-fim-serio/backend/.venv/lib/python3.13/site-packages/sqlalchemy/engine/base.py:1848: in _execute_context
    return self._exec_single_context(
../../tesis-fim-serio/backend/.venv/lib/python3.13/site-packages/sqlalchemy/engine/base.py:1988: in _exec_single_context
    self._handle_dbapi_exception(
../../tesis-fim-serio/backend/.venv/lib/python3.13/site-packages/sqlalchemy/engine/base.py:2365: in _handle_dbapi_exception
    raise sqlalchemy_exception.with_traceback(exc_info[2]) from e
../../tesis-fim-serio/backend/.venv/lib/python3.13/site-packages/sqlalchemy/engine/base.py:1969: in _exec_single_context
    self.dialect.do_execute(
../../tesis-fim-serio/backend/.venv/lib/python3.13/site-packages/sqlalchemy/engine/default.py:952: in do_execute
    cursor.execute(statement, parameters)
../../tesis-fim-serio/backend/.venv/lib/python3.13/site-packages/psycopg/cursor.py:97: in execute
    raise ex.with_traceback(None)
E   sqlalchemy.exc.IntegrityError: (psycopg.errors.UniqueViolation) duplicate key value violates unique constraint "ix_users_username"
E   DETAIL:  Key (username)=(admin) already exists.
E   [SQL: INSERT INTO users (username, email, password_hash, role, is_active, must_change_password, created_at) VALUES (%(username)s::VARCHAR, %(email)s::VARCHAR, %(password_hash)s::VARCHAR, %(role)s::VARCHAR, %(is_active)s, %(must_change_password)s, %(created_at)s::TIMESTAMP WITH TIME ZONE) RETURNING users.id]
E   [parameters: {'username': 'admin', 'email': 'admin@fim.local', 'password_hash': '$argon2id$v=19$m=65536,t=3,p=4$iH9CmiSmbFvEIM8jV/EHkg$hBJIq44IfV6ksFR5BQdZI/uklyEyxfAqqKQDOMLTH7E', 'role': 'admin', 'is_active': True, 'must_change_password': True, 'created_at': datetime.datetime(2026, 9, 12, 20, 22, 54, 411382, tzinfo=datetime.timezone.utc)}]
E   (Background on this error at: https://sqlalche.me/e/20/gkpj)
____________ ERROR at setup of test_send_smtp_skipped_when_no_host _____________
../../tesis-fim-serio/backend/.venv/lib/python3.13/site-packages/sqlalchemy/engine/base.py:1969: in _exec_single_context
    self.dialect.do_execute(
../../tesis-fim-serio/backend/.venv/lib/python3.13/site-packages/sqlalchemy/engine/default.py:952: in do_execute
    cursor.execute(statement, parameters)
../../tesis-fim-serio/backend/.venv/lib/python3.13/site-packages/psycopg/cursor.py:97: in execute
    raise ex.with_traceback(None)
E   psycopg.errors.UniqueViolation: duplicate key value violates unique constraint "ix_users_username"
E   DETAIL:  Key (username)=(admin) already exists.

The above exception was the direct cause of the following exception:
backend/tests/conftest.py:133: in _db_isolation
    _seed_admin_impl()
backend/tests/conftest.py:108: in _seed_admin_impl
    session.commit()
../../tesis-fim-serio/backend/.venv/lib/python3.13/site-packages/sqlalchemy/orm/session.py:2035: in commit
    trans.commit(_to_root=True)
../../tesis-fim-serio/backend/.venv/lib/python3.13/site-packages/sqlalchemy/orm/state_changes.py:137: in _go
    ret_value = fn(self, *arg, **kw)
../../tesis-fim-serio/backend/.venv/lib/python3.13/site-packages/sqlalchemy/orm/session.py:1316: in commit
    self._prepare_impl()
../../tesis-fim-serio/backend/.venv/lib/python3.13/site-packages/sqlalchemy/orm/state_changes.py:137: in _go
    ret_value = fn(self, *arg, **kw)
../../tesis-fim-serio/backend/.venv/lib/python3.13/site-packages/sqlalchemy/orm/session.py:1290: in _prepare_impl
    self.session.flush()
../../tesis-fim-serio/backend/.venv/lib/python3.13/site-packages/sqlalchemy/orm/session.py:4353: in flush
    self._flush(objects)
../../tesis-fim-serio/backend/.venv/lib/python3.13/site-packages/sqlalchemy/orm/session.py:4488: in _flush
    with util.safe_reraise():
../../tesis-fim-serio/backend/.venv/lib/python3.13/site-packages/sqlalchemy/util/langhelpers.py:122: in __exit__
    raise exc_value.with_traceback(exc_tb)
../../tesis-fim-serio/backend/.venv/lib/python3.13/site-packages/sqlalchemy/orm/session.py:4449: in _flush
    flush_context.execute()
../../tesis-fim-serio/backend/.venv/lib/python3.13/site-packages/sqlalchemy/orm/unitofwork.py:465: in execute
    rec.execute(self)
../../tesis-fim-serio/backend/.venv/lib/python3.13/site-packages/sqlalchemy/orm/unitofwork.py:641: in execute
    util.preloaded.orm_persistence.save_obj(
../../tesis-fim-serio/backend/.venv/lib/python3.13/site-packages/sqlalchemy/orm/persistence.py:94: in save_obj
    _emit_insert_statements(
../../tesis-fim-serio/backend/.venv/lib/python3.13/site-packages/sqlalchemy/orm/persistence.py:1234: in _emit_insert_statements
    result = connection.execute(
../../tesis-fim-serio/backend/.venv/lib/python3.13/site-packages/sqlalchemy/engine/base.py:1421: in execute
    return meth(
../../tesis-fim-serio/backend/.venv/lib/python3.13/site-packages/sqlalchemy/sql/elements.py:526: in _execute_on_connection
    return connection._execute_clauseelement(
../../tesis-fim-serio/backend/.venv/lib/python3.13/site-packages/sqlalchemy/engine/base.py:1643: in _execute_clauseelement
    ret = self._execute_context(
../../tesis-fim-serio/backend/.venv/lib/python3.13/site-packages/sqlalchemy/engine/base.py:1848: in _execute_context
    return self._exec_single_context(
../../tesis-fim-serio/backend/.venv/lib/python3.13/site-packages/sqlalchemy/engine/base.py:1988: in _exec_single_context
    self._handle_dbapi_exception(
../../tesis-fim-serio/backend/.venv/lib/python3.13/site-packages/sqlalchemy/engine/base.py:2365: in _handle_dbapi_exception
    raise sqlalchemy_exception.with_traceback(exc_info[2]) from e
../../tesis-fim-serio/backend/.venv/lib/python3.13/site-packages/sqlalchemy/engine/base.py:1969: in _exec_single_context
    self.dialect.do_execute(
../../tesis-fim-serio/backend/.venv/lib/python3.13/site-packages/sqlalchemy/engine/default.py:952: in do_execute
    cursor.execute(statement, parameters)
../../tesis-fim-serio/backend/.venv/lib/python3.13/site-packages/psycopg/cursor.py:97: in execute
    raise ex.with_traceback(None)
E   sqlalchemy.exc.IntegrityError: (psycopg.errors.UniqueViolation) duplicate key value violates unique constraint "ix_users_username"
E   DETAIL:  Key (username)=(admin) already exists.
E   [SQL: INSERT INTO users (username, email, password_hash, role, is_active, must_change_password, created_at) VALUES (%(username)s::VARCHAR, %(email)s::VARCHAR, %(password_hash)s::VARCHAR, %(role)s::VARCHAR, %(is_active)s, %(must_change_password)s, %(created_at)s::TIMESTAMP WITH TIME ZONE) RETURNING users.id]
E   [parameters: {'username': 'admin', 'email': 'admin@fim.local', 'password_hash': '$argon2id$v=19$m=65536,t=3,p=4$3LnvYJ/UKcCtpoIm9OMK3Q$QodTC/IgCSnL7AYzBUPanXZkZq5VZXV9xOoas5GA8E4', 'role': 'admin', 'is_active': True, 'must_change_password': True, 'created_at': datetime.datetime(2026, 9, 12, 20, 22, 55, 166085, tzinfo=datetime.timezone.utc)}]
E   (Background on this error at: https://sqlalche.me/e/20/gkpj)
______________ ERROR at setup of test_determine_severity_critical ______________
../../tesis-fim-serio/backend/.venv/lib/python3.13/site-packages/sqlalchemy/engine/base.py:1969: in _exec_single_context
    self.dialect.do_execute(
../../tesis-fim-serio/backend/.venv/lib/python3.13/site-packages/sqlalchemy/engine/default.py:952: in do_execute
    cursor.execute(statement, parameters)
../../tesis-fim-serio/backend/.venv/lib/python3.13/site-packages/psycopg/cursor.py:97: in execute
    raise ex.with_traceback(None)
E   psycopg.errors.UniqueViolation: duplicate key value violates unique constraint "ix_users_username"
E   DETAIL:  Key (username)=(admin) already exists.

The above exception was the direct cause of the following exception:
backend/tests/conftest.py:133: in _db_isolation
    _seed_admin_impl()
backend/tests/conftest.py:108: in _seed_admin_impl
    session.commit()
../../tesis-fim-serio/backend/.venv/lib/python3.13/site-packages/sqlalchemy/orm/session.py:2035: in commit
    trans.commit(_to_root=True)
../../tesis-fim-serio/backend/.venv/lib/python3.13/site-packages/sqlalchemy/orm/state_changes.py:137: in _go
    ret_value = fn(self, *arg, **kw)
../../tesis-fim-serio/backend/.venv/lib/python3.13/site-packages/sqlalchemy/orm/session.py:1316: in commit
    self._prepare_impl()
../../tesis-fim-serio/backend/.venv/lib/python3.13/site-packages/sqlalchemy/orm/state_changes.py:137: in _go
    ret_value = fn(self, *arg, **kw)
../../tesis-fim-serio/backend/.venv/lib/python3.13/site-packages/sqlalchemy/orm/session.py:1290: in _prepare_impl
    self.session.flush()
../../tesis-fim-serio/backend/.venv/lib/python3.13/site-packages/sqlalchemy/orm/session.py:4353: in flush
    self._flush(objects)
../../tesis-fim-serio/backend/.venv/lib/python3.13/site-packages/sqlalchemy/orm/session.py:4488: in _flush
    with util.safe_reraise():
../../tesis-fim-serio/backend/.venv/lib/python3.13/site-packages/sqlalchemy/util/langhelpers.py:122: in __exit__
    raise exc_value.with_traceback(exc_tb)
../../tesis-fim-serio/backend/.venv/lib/python3.13/site-packages/sqlalchemy/orm/session.py:4449: in _flush
    flush_context.execute()
../../tesis-fim-serio/backend/.venv/lib/python3.13/site-packages/sqlalchemy/orm/unitofwork.py:465: in execute
    rec.execute(self)
../../tesis-fim-serio/backend/.venv/lib/python3.13/site-packages/sqlalchemy/orm/unitofwork.py:641: in execute
    util.preloaded.orm_persistence.save_obj(
../../tesis-fim-serio/backend/.venv/lib/python3.13/site-packages/sqlalchemy/orm/persistence.py:94: in save_obj
    _emit_insert_statements(
../../tesis-fim-serio/backend/.venv/lib/python3.13/site-packages/sqlalchemy/orm/persistence.py:1234: in _emit_insert_statements
    result = connection.execute(
../../tesis-fim-serio/backend/.venv/lib/python3.13/site-packages/sqlalchemy/engine/base.py:1421: in execute
    return meth(
../../tesis-fim-serio/backend/.venv/lib/python3.13/site-packages/sqlalchemy/sql/elements.py:526: in _execute_on_connection
    return connection._execute_clauseelement(
../../tesis-fim-serio/backend/.venv/lib/python3.13/site-packages/sqlalchemy/engine/base.py:1643: in _execute_clauseelement
    ret = self._execute_context(
../../tesis-fim-serio/backend/.venv/lib/python3.13/site-packages/sqlalchemy/engine/base.py:1848: in _execute_context
    return self._exec_single_context(
../../tesis-fim-serio/backend/.venv/lib/python3.13/site-packages/sqlalchemy/engine/base.py:1988: in _exec_single_context
    self._handle_dbapi_exception(
../../tesis-fim-serio/backend/.venv/lib/python3.13/site-packages/sqlalchemy/engine/base.py:2365: in _handle_dbapi_exception
    raise sqlalchemy_exception.with_traceback(exc_info[2]) from e
../../tesis-fim-serio/backend/.venv/lib/python3.13/site-packages/sqlalchemy/engine/base.py:1969: in _exec_single_context
    self.dialect.do_execute(
../../tesis-fim-serio/backend/.venv/lib/python3.13/site-packages/sqlalchemy/engine/default.py:952: in do_execute
    cursor.execute(statement, parameters)
../../tesis-fim-serio/backend/.venv/lib/python3.13/site-packages/psycopg/cursor.py:97: in execute
    raise ex.with_traceback(None)
E   sqlalchemy.exc.IntegrityError: (psycopg.errors.UniqueViolation) duplicate key value violates unique constraint "ix_users_username"
E   DETAIL:  Key (username)=(admin) already exists.
E   [SQL: INSERT INTO users (username, email, password_hash, role, is_active, must_change_password, created_at) VALUES (%(username)s::VARCHAR, %(email)s::VARCHAR, %(password_hash)s::VARCHAR, %(role)s::VARCHAR, %(is_active)s, %(must_change_password)s, %(created_at)s::TIMESTAMP WITH TIME ZONE) RETURNING users.id]
E   [parameters: {'username': 'admin', 'email': 'admin@fim.local', 'password_hash': '$argon2id$v=19$m=65536,t=3,p=4$4hU9Bhj8qbvik/RmbyMugg$S0AMbzW8iVT+FslrBei77oQLa7MVB9rHKF4ZAQq5s0k', 'role': 'admin', 'is_active': True, 'must_change_password': True, 'created_at': datetime.datetime(2026, 9, 12, 20, 22, 55, 937310, tzinfo=datetime.timezone.utc)}]
E   (Background on this error at: https://sqlalche.me/e/20/gkpj)
_______________ ERROR at setup of test_notify_skip_low_severity ________________
../../tesis-fim-serio/backend/.venv/lib/python3.13/site-packages/sqlalchemy/engine/base.py:1969: in _exec_single_context
    self.dialect.do_execute(
../../tesis-fim-serio/backend/.venv/lib/python3.13/site-packages/sqlalchemy/engine/default.py:952: in do_execute
    cursor.execute(statement, parameters)
../../tesis-fim-serio/backend/.venv/lib/python3.13/site-packages/psycopg/cursor.py:97: in execute
    raise ex.with_traceback(None)
E   psycopg.errors.UniqueViolation: duplicate key value violates unique constraint "ix_users_username"
E   DETAIL:  Key (username)=(admin) already exists.

The above exception was the direct cause of the following exception:
backend/tests/conftest.py:133: in _db_isolation
    _seed_admin_impl()
backend/tests/conftest.py:108: in _seed_admin_impl
    session.commit()
../../tesis-fim-serio/backend/.venv/lib/python3.13/site-packages/sqlalchemy/orm/session.py:2035: in commit
    trans.commit(_to_root=True)
../../tesis-fim-serio/backend/.venv/lib/python3.13/site-packages/sqlalchemy/orm/state_changes.py:137: in _go
    ret_value = fn(self, *arg, **kw)
../../tesis-fim-serio/backend/.venv/lib/python3.13/site-packages/sqlalchemy/orm/session.py:1316: in commit
    self._prepare_impl()
../../tesis-fim-serio/backend/.venv/lib/python3.13/site-packages/sqlalchemy/orm/state_changes.py:137: in _go
    ret_value = fn(self, *arg, **kw)
../../tesis-fim-serio/backend/.venv/lib/python3.13/site-packages/sqlalchemy/orm/session.py:1290: in _prepare_impl
    self.session.flush()
../../tesis-fim-serio/backend/.venv/lib/python3.13/site-packages/sqlalchemy/orm/session.py:4353: in flush
    self._flush(objects)
../../tesis-fim-serio/backend/.venv/lib/python3.13/site-packages/sqlalchemy/orm/session.py:4488: in _flush
    with util.safe_reraise():
../../tesis-fim-serio/backend/.venv/lib/python3.13/site-packages/sqlalchemy/util/langhelpers.py:122: in __exit__
    raise exc_value.with_traceback(exc_tb)
../../tesis-fim-serio/backend/.venv/lib/python3.13/site-packages/sqlalchemy/orm/session.py:4449: in _flush
    flush_context.execute()
../../tesis-fim-serio/backend/.venv/lib/python3.13/site-packages/sqlalchemy/orm/unitofwork.py:465: in execute
    rec.execute(self)
../../tesis-fim-serio/backend/.venv/lib/python3.13/site-packages/sqlalchemy/orm/unitofwork.py:641: in execute
    util.preloaded.orm_persistence.save_obj(
../../tesis-fim-serio/backend/.venv/lib/python3.13/site-packages/sqlalchemy/orm/persistence.py:94: in save_obj
    _emit_insert_statements(
../../tesis-fim-serio/backend/.venv/lib/python3.13/site-packages/sqlalchemy/orm/persistence.py:1234: in _emit_insert_statements
    result = connection.execute(
../../tesis-fim-serio/backend/.venv/lib/python3.13/site-packages/sqlalchemy/engine/base.py:1421: in execute
    return meth(
../../tesis-fim-serio/backend/.venv/lib/python3.13/site-packages/sqlalchemy/sql/elements.py:526: in _execute_on_connection
    return connection._execute_clauseelement(
../../tesis-fim-serio/backend/.venv/lib/python3.13/site-packages/sqlalchemy/engine/base.py:1643: in _execute_clauseelement
    ret = self._execute_context(
../../tesis-fim-serio/backend/.venv/lib/python3.13/site-packages/sqlalchemy/engine/base.py:1848: in _execute_context
    return self._exec_single_context(
../../tesis-fim-serio/backend/.venv/lib/python3.13/site-packages/sqlalchemy/engine/base.py:1988: in _exec_single_context
    self._handle_dbapi_exception(
../../tesis-fim-serio/backend/.venv/lib/python3.13/site-packages/sqlalchemy/engine/base.py:2365: in _handle_dbapi_exception
    raise sqlalchemy_exception.with_traceback(exc_info[2]) from e
../../tesis-fim-serio/backend/.venv/lib/python3.13/site-packages/sqlalchemy/engine/base.py:1969: in _exec_single_context
    self.dialect.do_execute(
../../tesis-fim-serio/backend/.venv/lib/python3.13/site-packages/sqlalchemy/engine/default.py:952: in do_execute
    cursor.execute(statement, parameters)
../../tesis-fim-serio/backend/.venv/lib/python3.13/site-packages/psycopg/cursor.py:97: in execute
    raise ex.with_traceback(None)
E   sqlalchemy.exc.IntegrityError: (psycopg.errors.UniqueViolation) duplicate key value violates unique constraint "ix_users_username"
E   DETAIL:  Key (username)=(admin) already exists.
E   [SQL: INSERT INTO users (username, email, password_hash, role, is_active, must_change_password, created_at) VALUES (%(username)s::VARCHAR, %(email)s::VARCHAR, %(password_hash)s::VARCHAR, %(role)s::VARCHAR, %(is_active)s, %(must_change_password)s, %(created_at)s::TIMESTAMP WITH TIME ZONE) RETURNING users.id]
E   [parameters: {'username': 'admin', 'email': 'admin@fim.local', 'password_hash': '$argon2id$v=19$m=65536,t=3,p=4$zZJ/7olM4ASvVIqwu47SQQ$nd8sZapuRvMM/+qvAjqs/w9mL9pOcqMlP2UIzw49gj4', 'role': 'admin', 'is_active': True, 'must_change_password': True, 'created_at': datetime.datetime(2026, 9, 12, 20, 22, 56, 928687, tzinfo=datetime.timezone.utc)}]
E   (Background on this error at: https://sqlalche.me/e/20/gkpj)
_____ ERROR at setup of test_retry_alert_resets_dlq_state_and_reschedules ______
../../tesis-fim-serio/backend/.venv/lib/python3.13/site-packages/sqlalchemy/engine/base.py:1969: in _exec_single_context
    self.dialect.do_execute(
../../tesis-fim-serio/backend/.venv/lib/python3.13/site-packages/sqlalchemy/engine/default.py:952: in do_execute
    cursor.execute(statement, parameters)
../../tesis-fim-serio/backend/.venv/lib/python3.13/site-packages/psycopg/cursor.py:97: in execute
    raise ex.with_traceback(None)
E   psycopg.errors.UniqueViolation: duplicate key value violates unique constraint "ix_users_username"
E   DETAIL:  Key (username)=(admin) already exists.

The above exception was the direct cause of the following exception:
backend/tests/conftest.py:133: in _db_isolation
    _seed_admin_impl()
backend/tests/conftest.py:108: in _seed_admin_impl
    session.commit()
../../tesis-fim-serio/backend/.venv/lib/python3.13/site-packages/sqlalchemy/orm/session.py:2035: in commit
    trans.commit(_to_root=True)
../../tesis-fim-serio/backend/.venv/lib/python3.13/site-packages/sqlalchemy/orm/state_changes.py:137: in _go
    ret_value = fn(self, *arg, **kw)
../../tesis-fim-serio/backend/.venv/lib/python3.13/site-packages/sqlalchemy/orm/session.py:1316: in commit
    self._prepare_impl()
../../tesis-fim-serio/backend/.venv/lib/python3.13/site-packages/sqlalchemy/orm/state_changes.py:137: in _go
    ret_value = fn(self, *arg, **kw)
../../tesis-fim-serio/backend/.venv/lib/python3.13/site-packages/sqlalchemy/orm/session.py:1290: in _prepare_impl
    self.session.flush()
../../tesis-fim-serio/backend/.venv/lib/python3.13/site-packages/sqlalchemy/orm/session.py:4353: in flush
    self._flush(objects)
../../tesis-fim-serio/backend/.venv/lib/python3.13/site-packages/sqlalchemy/orm/session.py:4488: in _flush
    with util.safe_reraise():
../../tesis-fim-serio/backend/.venv/lib/python3.13/site-packages/sqlalchemy/util/langhelpers.py:122: in __exit__
    raise exc_value.with_traceback(exc_tb)
../../tesis-fim-serio/backend/.venv/lib/python3.13/site-packages/sqlalchemy/orm/session.py:4449: in _flush
    flush_context.execute()
../../tesis-fim-serio/backend/.venv/lib/python3.13/site-packages/sqlalchemy/orm/unitofwork.py:465: in execute
    rec.execute(self)
../../tesis-fim-serio/backend/.venv/lib/python3.13/site-packages/sqlalchemy/orm/unitofwork.py:641: in execute
    util.preloaded.orm_persistence.save_obj(
../../tesis-fim-serio/backend/.venv/lib/python3.13/site-packages/sqlalchemy/orm/persistence.py:94: in save_obj
    _emit_insert_statements(
../../tesis-fim-serio/backend/.venv/lib/python3.13/site-packages/sqlalchemy/orm/persistence.py:1234: in _emit_insert_statements
    result = connection.execute(
../../tesis-fim-serio/backend/.venv/lib/python3.13/site-packages/sqlalchemy/engine/base.py:1421: in execute
    return meth(
../../tesis-fim-serio/backend/.venv/lib/python3.13/site-packages/sqlalchemy/sql/elements.py:526: in _execute_on_connection
    return connection._execute_clauseelement(
../../tesis-fim-serio/backend/.venv/lib/python3.13/site-packages/sqlalchemy/engine/base.py:1643: in _execute_clauseelement
    ret = self._execute_context(
../../tesis-fim-serio/backend/.venv/lib/python3.13/site-packages/sqlalchemy/engine/base.py:1848: in _execute_context
    return self._exec_single_context(
../../tesis-fim-serio/backend/.venv/lib/python3.13/site-packages/sqlalchemy/engine/base.py:1988: in _exec_single_context
    self._handle_dbapi_exception(
../../tesis-fim-serio/backend/.venv/lib/python3.13/site-packages/sqlalchemy/engine/base.py:2365: in _handle_dbapi_exception
    raise sqlalchemy_exception.with_traceback(exc_info[2]) from e
../../tesis-fim-serio/backend/.venv/lib/python3.13/site-packages/sqlalchemy/engine/base.py:1969: in _exec_single_context
    self.dialect.do_execute(
../../tesis-fim-serio/backend/.venv/lib/python3.13/site-packages/sqlalchemy/engine/default.py:952: in do_execute
    cursor.execute(statement, parameters)
../../tesis-fim-serio/backend/.venv/lib/python3.13/site-packages/psycopg/cursor.py:97: in execute
    raise ex.with_traceback(None)
E   sqlalchemy.exc.IntegrityError: (psycopg.errors.UniqueViolation) duplicate key value violates unique constraint "ix_users_username"
E   DETAIL:  Key (username)=(admin) already exists.
E   [SQL: INSERT INTO users (username, email, password_hash, role, is_active, must_change_password, created_at) VALUES (%(username)s::VARCHAR, %(email)s::VARCHAR, %(password_hash)s::VARCHAR, %(role)s::VARCHAR, %(is_active)s, %(must_change_password)s, %(created_at)s::TIMESTAMP WITH TIME ZONE) RETURNING users.id]
E   [parameters: {'username': 'admin', 'email': 'admin@fim.local', 'password_hash': '$argon2id$v=19$m=65536,t=3,p=4$2bcfnBmnkJQXs+1rswjNPw$kbW8atRvj5dAcmPV/+7l1qs+yIM+RPng9nMprzTglP4', 'role': 'admin', 'is_active': True, 'must_change_password': True, 'created_at': datetime.datetime(2026, 9, 12, 20, 22, 58, 736466, tzinfo=datetime.timezone.utc)}]
E   (Background on this error at: https://sqlalche.me/e/20/gkpj)
_ ERROR at setup of test_enqueue_update_config_creates_pending_command_without_advancing_version _
../../tesis-fim-serio/backend/.venv/lib/python3.13/site-packages/sqlalchemy/engine/base.py:1969: in _exec_single_context
    self.dialect.do_execute(
../../tesis-fim-serio/backend/.venv/lib/python3.13/site-packages/sqlalchemy/engine/default.py:952: in do_execute
    cursor.execute(statement, parameters)
../../tesis-fim-serio/backend/.venv/lib/python3.13/site-packages/psycopg/cursor.py:97: in execute
    raise ex.with_traceback(None)
E   psycopg.errors.UniqueViolation: duplicate key value violates unique constraint "ix_users_username"
E   DETAIL:  Key (username)=(admin) already exists.

The above exception was the direct cause of the following exception:
backend/tests/conftest.py:133: in _db_isolation
    _seed_admin_impl()
backend/tests/conftest.py:108: in _seed_admin_impl
    session.commit()
../../tesis-fim-serio/backend/.venv/lib/python3.13/site-packages/sqlalchemy/orm/session.py:2035: in commit
    trans.commit(_to_root=True)
../../tesis-fim-serio/backend/.venv/lib/python3.13/site-packages/sqlalchemy/orm/state_changes.py:137: in _go
    ret_value = fn(self, *arg, **kw)
../../tesis-fim-serio/backend/.venv/lib/python3.13/site-packages/sqlalchemy/orm/session.py:1316: in commit
    self._prepare_impl()
../../tesis-fim-serio/backend/.venv/lib/python3.13/site-packages/sqlalchemy/orm/state_changes.py:137: in _go
    ret_value = fn(self, *arg, **kw)
../../tesis-fim-serio/backend/.venv/lib/python3.13/site-packages/sqlalchemy/orm/session.py:1290: in _prepare_impl
    self.session.flush()
../../tesis-fim-serio/backend/.venv/lib/python3.13/site-packages/sqlalchemy/orm/session.py:4353: in flush
    self._flush(objects)
../../tesis-fim-serio/backend/.venv/lib/python3.13/site-packages/sqlalchemy/orm/session.py:4488: in _flush
    with util.safe_reraise():
../../tesis-fim-serio/backend/.venv/lib/python3.13/site-packages/sqlalchemy/util/langhelpers.py:122: in __exit__
    raise exc_value.with_traceback(exc_tb)
../../tesis-fim-serio/backend/.venv/lib/python3.13/site-packages/sqlalchemy/orm/session.py:4449: in _flush
    flush_context.execute()
../../tesis-fim-serio/backend/.venv/lib/python3.13/site-packages/sqlalchemy/orm/unitofwork.py:465: in execute
    rec.execute(self)
../../tesis-fim-serio/backend/.venv/lib/python3.13/site-packages/sqlalchemy/orm/unitofwork.py:641: in execute
    util.preloaded.orm_persistence.save_obj(
../../tesis-fim-serio/backend/.venv/lib/python3.13/site-packages/sqlalchemy/orm/persistence.py:94: in save_obj
    _emit_insert_statements(
../../tesis-fim-serio/backend/.venv/lib/python3.13/site-packages/sqlalchemy/orm/persistence.py:1234: in _emit_insert_statements
    result = connection.execute(
../../tesis-fim-serio/backend/.venv/lib/python3.13/site-packages/sqlalchemy/engine/base.py:1421: in execute
    return meth(
../../tesis-fim-serio/backend/.venv/lib/python3.13/site-packages/sqlalchemy/sql/elements.py:526: in _execute_on_connection
    return connection._execute_clauseelement(
../../tesis-fim-serio/backend/.venv/lib/python3.13/site-packages/sqlalchemy/engine/base.py:1643: in _execute_clauseelement
    ret = self._execute_context(
../../tesis-fim-serio/backend/.venv/lib/python3.13/site-packages/sqlalchemy/engine/base.py:1848: in _execute_context
    return self._exec_single_context(
../../tesis-fim-serio/backend/.venv/lib/python3.13/site-packages/sqlalchemy/engine/base.py:1988: in _exec_single_context
    self._handle_dbapi_exception(
../../tesis-fim-serio/backend/.venv/lib/python3.13/site-packages/sqlalchemy/engine/base.py:2365: in _handle_dbapi_exception
    raise sqlalchemy_exception.with_traceback(exc_info[2]) from e
../../tesis-fim-serio/backend/.venv/lib/python3.13/site-packages/sqlalchemy/engine/base.py:1969: in _exec_single_context
    self.dialect.do_execute(
../../tesis-fim-serio/backend/.venv/lib/python3.13/site-packages/sqlalchemy/engine/default.py:952: in do_execute
    cursor.execute(statement, parameters)
../../tesis-fim-serio/backend/.venv/lib/python3.13/site-packages/psycopg/cursor.py:97: in execute
    raise ex.with_traceback(None)
E   sqlalchemy.exc.IntegrityError: (psycopg.errors.UniqueViolation) duplicate key value violates unique constraint "ix_users_username"
E   DETAIL:  Key (username)=(admin) already exists.
E   [SQL: INSERT INTO users (username, email, password_hash, role, is_active, must_change_password, created_at) VALUES (%(username)s::VARCHAR, %(email)s::VARCHAR, %(password_hash)s::VARCHAR, %(role)s::VARCHAR, %(is_active)s, %(must_change_password)s, %(created_at)s::TIMESTAMP WITH TIME ZONE) RETURNING users.id]
E   [parameters: {'username': 'admin', 'email': 'admin@fim.local', 'password_hash': '$argon2id$v=19$m=65536,t=3,p=4$/8iZc6ebNxlOSP9Bop8tWQ$bvbRKZ1w8YfCavP+bDmolA+1O3FSZnMVR1kQVQjiz+w', 'role': 'admin', 'is_active': True, 'must_change_password': True, 'created_at': datetime.datetime(2026, 9, 12, 20, 23, 2, 79472, tzinfo=datetime.timezone.utc)}]
E   (Background on this error at: https://sqlalche.me/e/20/gkpj)
___ ERROR at setup of test_enqueue_restore_file_persists_once_caller_commits ___
../../tesis-fim-serio/backend/.venv/lib/python3.13/site-packages/sqlalchemy/engine/base.py:1969: in _exec_single_context
    self.dialect.do_execute(
../../tesis-fim-serio/backend/.venv/lib/python3.13/site-packages/sqlalchemy/engine/default.py:952: in do_execute
    cursor.execute(statement, parameters)
../../tesis-fim-serio/backend/.venv/lib/python3.13/site-packages/psycopg/cursor.py:97: in execute
    raise ex.with_traceback(None)
E   psycopg.errors.UniqueViolation: duplicate key value violates unique constraint "ix_users_username"
E   DETAIL:  Key (username)=(admin) already exists.

The above exception was the direct cause of the following exception:
backend/tests/conftest.py:133: in _db_isolation
    _seed_admin_impl()
backend/tests/conftest.py:108: in _seed_admin_impl
    session.commit()
../../tesis-fim-serio/backend/.venv/lib/python3.13/site-packages/sqlalchemy/orm/session.py:2035: in commit
    trans.commit(_to_root=True)
../../tesis-fim-serio/backend/.venv/lib/python3.13/site-packages/sqlalchemy/orm/state_changes.py:137: in _go
    ret_value = fn(self, *arg, **kw)
../../tesis-fim-serio/backend/.venv/lib/python3.13/site-packages/sqlalchemy/orm/session.py:1316: in commit
    self._prepare_impl()
../../tesis-fim-serio/backend/.venv/lib/python3.13/site-packages/sqlalchemy/orm/state_changes.py:137: in _go
    ret_value = fn(self, *arg, **kw)
../../tesis-fim-serio/backend/.venv/lib/python3.13/site-packages/sqlalchemy/orm/session.py:1290: in _prepare_impl
    self.session.flush()
../../tesis-fim-serio/backend/.venv/lib/python3.13/site-packages/sqlalchemy/orm/session.py:4353: in flush
    self._flush(objects)
../../tesis-fim-serio/backend/.venv/lib/python3.13/site-packages/sqlalchemy/orm/session.py:4488: in _flush
    with util.safe_reraise():
../../tesis-fim-serio/backend/.venv/lib/python3.13/site-packages/sqlalchemy/util/langhelpers.py:122: in __exit__
    raise exc_value.with_traceback(exc_tb)
../../tesis-fim-serio/backend/.venv/lib/python3.13/site-packages/sqlalchemy/orm/session.py:4449: in _flush
    flush_context.execute()
../../tesis-fim-serio/backend/.venv/lib/python3.13/site-packages/sqlalchemy/orm/unitofwork.py:465: in execute
    rec.execute(self)
../../tesis-fim-serio/backend/.venv/lib/python3.13/site-packages/sqlalchemy/orm/unitofwork.py:641: in execute
    util.preloaded.orm_persistence.save_obj(
../../tesis-fim-serio/backend/.venv/lib/python3.13/site-packages/sqlalchemy/orm/persistence.py:94: in save_obj
    _emit_insert_statements(
../../tesis-fim-serio/backend/.venv/lib/python3.13/site-packages/sqlalchemy/orm/persistence.py:1234: in _emit_insert_statements
    result = connection.execute(
../../tesis-fim-serio/backend/.venv/lib/python3.13/site-packages/sqlalchemy/engine/base.py:1421: in execute
    return meth(
../../tesis-fim-serio/backend/.venv/lib/python3.13/site-packages/sqlalchemy/sql/elements.py:526: in _execute_on_connection
    return connection._execute_clauseelement(
../../tesis-fim-serio/backend/.venv/lib/python3.13/site-packages/sqlalchemy/engine/base.py:1643: in _execute_clauseelement
    ret = self._execute_context(
../../tesis-fim-serio/backend/.venv/lib/python3.13/site-packages/sqlalchemy/engine/base.py:1848: in _execute_context
    return self._exec_single_context(
../../tesis-fim-serio/backend/.venv/lib/python3.13/site-packages/sqlalchemy/engine/base.py:1988: in _exec_single_context
    self._handle_dbapi_exception(
../../tesis-fim-serio/backend/.venv/lib/python3.13/site-packages/sqlalchemy/engine/base.py:2365: in _handle_dbapi_exception
    raise sqlalchemy_exception.with_traceback(exc_info[2]) from e
../../tesis-fim-serio/backend/.venv/lib/python3.13/site-packages/sqlalchemy/engine/base.py:1969: in _exec_single_context
    self.dialect.do_execute(
../../tesis-fim-serio/backend/.venv/lib/python3.13/site-packages/sqlalchemy/engine/default.py:952: in do_execute
    cursor.execute(statement, parameters)
../../tesis-fim-serio/backend/.venv/lib/python3.13/site-packages/psycopg/cursor.py:97: in execute
    raise ex.with_traceback(None)
E   sqlalchemy.exc.IntegrityError: (psycopg.errors.UniqueViolation) duplicate key value violates unique constraint "ix_users_username"
E   DETAIL:  Key (username)=(admin) already exists.
E   [SQL: INSERT INTO users (username, email, password_hash, role, is_active, must_change_password, created_at) VALUES (%(username)s::VARCHAR, %(email)s::VARCHAR, %(password_hash)s::VARCHAR, %(role)s::VARCHAR, %(is_active)s, %(must_change_password)s, %(created_at)s::TIMESTAMP WITH TIME ZONE) RETURNING users.id]
E   [parameters: {'username': 'admin', 'email': 'admin@fim.local', 'password_hash': '$argon2id$v=19$m=65536,t=3,p=4$9yhptpLaeNf8Qu0RywNIMA$PNMlwRUT4fUZAncvhDw55qMnqKZMPW/TM4SDoxfH0/U', 'role': 'admin', 'is_active': True, 'must_change_password': True, 'created_at': datetime.datetime(2026, 9, 12, 20, 23, 2, 977394, tzinfo=datetime.timezone.utc)}]
E   (Background on this error at: https://sqlalche.me/e/20/gkpj)
_____ ERROR at setup of TestListRules.test_severity_order_constant_values ______
../../tesis-fim-serio/backend/.venv/lib/python3.13/site-packages/sqlalchemy/engine/base.py:1969: in _exec_single_context
    self.dialect.do_execute(
../../tesis-fim-serio/backend/.venv/lib/python3.13/site-packages/sqlalchemy/engine/default.py:952: in do_execute
    cursor.execute(statement, parameters)
../../tesis-fim-serio/backend/.venv/lib/python3.13/site-packages/psycopg/cursor.py:97: in execute
    raise ex.with_traceback(None)
E   psycopg.errors.UniqueViolation: duplicate key value violates unique constraint "ix_users_username"
E   DETAIL:  Key (username)=(admin) already exists.

The above exception was the direct cause of the following exception:
backend/tests/conftest.py:133: in _db_isolation
    _seed_admin_impl()
backend/tests/conftest.py:108: in _seed_admin_impl
    session.commit()
../../tesis-fim-serio/backend/.venv/lib/python3.13/site-packages/sqlalchemy/orm/session.py:2035: in commit
    trans.commit(_to_root=True)
../../tesis-fim-serio/backend/.venv/lib/python3.13/site-packages/sqlalchemy/orm/state_changes.py:137: in _go
    ret_value = fn(self, *arg, **kw)
../../tesis-fim-serio/backend/.venv/lib/python3.13/site-packages/sqlalchemy/orm/session.py:1316: in commit
    self._prepare_impl()
../../tesis-fim-serio/backend/.venv/lib/python3.13/site-packages/sqlalchemy/orm/state_changes.py:137: in _go
    ret_value = fn(self, *arg, **kw)
../../tesis-fim-serio/backend/.venv/lib/python3.13/site-packages/sqlalchemy/orm/session.py:1290: in _prepare_impl
    self.session.flush()
../../tesis-fim-serio/backend/.venv/lib/python3.13/site-packages/sqlalchemy/orm/session.py:4353: in flush
    self._flush(objects)
../../tesis-fim-serio/backend/.venv/lib/python3.13/site-packages/sqlalchemy/orm/session.py:4488: in _flush
    with util.safe_reraise():
../../tesis-fim-serio/backend/.venv/lib/python3.13/site-packages/sqlalchemy/util/langhelpers.py:122: in __exit__
    raise exc_value.with_traceback(exc_tb)
../../tesis-fim-serio/backend/.venv/lib/python3.13/site-packages/sqlalchemy/orm/session.py:4449: in _flush
    flush_context.execute()
../../tesis-fim-serio/backend/.venv/lib/python3.13/site-packages/sqlalchemy/orm/unitofwork.py:465: in execute
    rec.execute(self)
../../tesis-fim-serio/backend/.venv/lib/python3.13/site-packages/sqlalchemy/orm/unitofwork.py:641: in execute
    util.preloaded.orm_persistence.save_obj(
../../tesis-fim-serio/backend/.venv/lib/python3.13/site-packages/sqlalchemy/orm/persistence.py:94: in save_obj
    _emit_insert_statements(
../../tesis-fim-serio/backend/.venv/lib/python3.13/site-packages/sqlalchemy/orm/persistence.py:1234: in _emit_insert_statements
    result = connection.execute(
../../tesis-fim-serio/backend/.venv/lib/python3.13/site-packages/sqlalchemy/engine/base.py:1421: in execute
    return meth(
../../tesis-fim-serio/backend/.venv/lib/python3.13/site-packages/sqlalchemy/sql/elements.py:526: in _execute_on_connection
    return connection._execute_clauseelement(
../../tesis-fim-serio/backend/.venv/lib/python3.13/site-packages/sqlalchemy/engine/base.py:1643: in _execute_clauseelement
    ret = self._execute_context(
../../tesis-fim-serio/backend/.venv/lib/python3.13/site-packages/sqlalchemy/engine/base.py:1848: in _execute_context
    return self._exec_single_context(
../../tesis-fim-serio/backend/.venv/lib/python3.13/site-packages/sqlalchemy/engine/base.py:1988: in _exec_single_context
    self._handle_dbapi_exception(
../../tesis-fim-serio/backend/.venv/lib/python3.13/site-packages/sqlalchemy/engine/base.py:2365: in _handle_dbapi_exception
    raise sqlalchemy_exception.with_traceback(exc_info[2]) from e
../../tesis-fim-serio/backend/.venv/lib/python3.13/site-packages/sqlalchemy/engine/base.py:1969: in _exec_single_context
    self.dialect.do_execute(
../../tesis-fim-serio/backend/.venv/lib/python3.13/site-packages/sqlalchemy/engine/default.py:952: in do_execute
    cursor.execute(statement, parameters)
../../tesis-fim-serio/backend/.venv/lib/python3.13/site-packages/psycopg/cursor.py:97: in execute
    raise ex.with_traceback(None)
E   sqlalchemy.exc.IntegrityError: (psycopg.errors.UniqueViolation) duplicate key value violates unique constraint "ix_users_username"
E   DETAIL:  Key (username)=(admin) already exists.
E   [SQL: INSERT INTO users (username, email, password_hash, role, is_active, must_change_password, created_at) VALUES (%(username)s::VARCHAR, %(email)s::VARCHAR, %(password_hash)s::VARCHAR, %(role)s::VARCHAR, %(is_active)s, %(must_change_password)s, %(created_at)s::TIMESTAMP WITH TIME ZONE) RETURNING users.id]
E   [parameters: {'username': 'admin', 'email': 'admin@fim.local', 'password_hash': '$argon2id$v=19$m=65536,t=3,p=4$+6N8MxIoxaxiUTIl0vX26A$ISsxk3zaG1x9XxljCn5Y/Jt4hZ8StV4duB+zg8ysqXc', 'role': 'admin', 'is_active': True, 'must_change_password': True, 'created_at': datetime.datetime(2026, 9, 12, 20, 23, 9, 849023, tzinfo=datetime.timezone.utc)}]
E   (Background on this error at: https://sqlalche.me/e/20/gkpj)
____ ERROR at setup of test_implicit_tls_wins_when_starttls_left_at_default ____
../../tesis-fim-serio/backend/.venv/lib/python3.13/site-packages/sqlalchemy/engine/base.py:1969: in _exec_single_context
    self.dialect.do_execute(
../../tesis-fim-serio/backend/.venv/lib/python3.13/site-packages/sqlalchemy/engine/default.py:952: in do_execute
    cursor.execute(statement, parameters)
../../tesis-fim-serio/backend/.venv/lib/python3.13/site-packages/psycopg/cursor.py:97: in execute
    raise ex.with_traceback(None)
E   psycopg.errors.UniqueViolation: duplicate key value violates unique constraint "ix_users_username"
E   DETAIL:  Key (username)=(admin) already exists.

The above exception was the direct cause of the following exception:
backend/tests/conftest.py:133: in _db_isolation
    _seed_admin_impl()
backend/tests/conftest.py:108: in _seed_admin_impl
    session.commit()
../../tesis-fim-serio/backend/.venv/lib/python3.13/site-packages/sqlalchemy/orm/session.py:2035: in commit
    trans.commit(_to_root=True)
../../tesis-fim-serio/backend/.venv/lib/python3.13/site-packages/sqlalchemy/orm/state_changes.py:137: in _go
    ret_value = fn(self, *arg, **kw)
../../tesis-fim-serio/backend/.venv/lib/python3.13/site-packages/sqlalchemy/orm/session.py:1316: in commit
    self._prepare_impl()
../../tesis-fim-serio/backend/.venv/lib/python3.13/site-packages/sqlalchemy/orm/state_changes.py:137: in _go
    ret_value = fn(self, *arg, **kw)
../../tesis-fim-serio/backend/.venv/lib/python3.13/site-packages/sqlalchemy/orm/session.py:1290: in _prepare_impl
    self.session.flush()
../../tesis-fim-serio/backend/.venv/lib/python3.13/site-packages/sqlalchemy/orm/session.py:4353: in flush
    self._flush(objects)
../../tesis-fim-serio/backend/.venv/lib/python3.13/site-packages/sqlalchemy/orm/session.py:4488: in _flush
    with util.safe_reraise():
../../tesis-fim-serio/backend/.venv/lib/python3.13/site-packages/sqlalchemy/util/langhelpers.py:122: in __exit__
    raise exc_value.with_traceback(exc_tb)
../../tesis-fim-serio/backend/.venv/lib/python3.13/site-packages/sqlalchemy/orm/session.py:4449: in _flush
    flush_context.execute()
../../tesis-fim-serio/backend/.venv/lib/python3.13/site-packages/sqlalchemy/orm/unitofwork.py:465: in execute
    rec.execute(self)
../../tesis-fim-serio/backend/.venv/lib/python3.13/site-packages/sqlalchemy/orm/unitofwork.py:641: in execute
    util.preloaded.orm_persistence.save_obj(
../../tesis-fim-serio/backend/.venv/lib/python3.13/site-packages/sqlalchemy/orm/persistence.py:94: in save_obj
    _emit_insert_statements(
../../tesis-fim-serio/backend/.venv/lib/python3.13/site-packages/sqlalchemy/orm/persistence.py:1234: in _emit_insert_statements
    result = connection.execute(
../../tesis-fim-serio/backend/.venv/lib/python3.13/site-packages/sqlalchemy/engine/base.py:1421: in execute
    return meth(
../../tesis-fim-serio/backend/.venv/lib/python3.13/site-packages/sqlalchemy/sql/elements.py:526: in _execute_on_connection
    return connection._execute_clauseelement(
../../tesis-fim-serio/backend/.venv/lib/python3.13/site-packages/sqlalchemy/engine/base.py:1643: in _execute_clauseelement
    ret = self._execute_context(
../../tesis-fim-serio/backend/.venv/lib/python3.13/site-packages/sqlalchemy/engine/base.py:1848: in _execute_context
    return self._exec_single_context(
../../tesis-fim-serio/backend/.venv/lib/python3.13/site-packages/sqlalchemy/engine/base.py:1988: in _exec_single_context
    self._handle_dbapi_exception(
../../tesis-fim-serio/backend/.venv/lib/python3.13/site-packages/sqlalchemy/engine/base.py:2365: in _handle_dbapi_exception
    raise sqlalchemy_exception.with_traceback(exc_info[2]) from e
../../tesis-fim-serio/backend/.venv/lib/python3.13/site-packages/sqlalchemy/engine/base.py:1969: in _exec_single_context
    self.dialect.do_execute(
../../tesis-fim-serio/backend/.venv/lib/python3.13/site-packages/sqlalchemy/engine/default.py:952: in do_execute
    cursor.execute(statement, parameters)
../../tesis-fim-serio/backend/.venv/lib/python3.13/site-packages/psycopg/cursor.py:97: in execute
    raise ex.with_traceback(None)
E   sqlalchemy.exc.IntegrityError: (psycopg.errors.UniqueViolation) duplicate key value violates unique constraint "ix_users_username"
E   DETAIL:  Key (username)=(admin) already exists.
E   [SQL: INSERT INTO users (username, email, password_hash, role, is_active, must_change_password, created_at) VALUES (%(username)s::VARCHAR, %(email)s::VARCHAR, %(password_hash)s::VARCHAR, %(role)s::VARCHAR, %(is_active)s, %(must_change_password)s, %(created_at)s::TIMESTAMP WITH TIME ZONE) RETURNING users.id]
E   [parameters: {'username': 'admin', 'email': 'admin@fim.local', 'password_hash': '$argon2id$v=19$m=65536,t=3,p=4$BXFfJY0fLHeGhX3sQSdgSg$1l7BRis8lq2uwsRHupJgiqsW/xEb19mVDAKXwruBJcs', 'role': 'admin', 'is_active': True, 'must_change_password': True, 'created_at': datetime.datetime(2026, 9, 12, 20, 23, 10, 763274, tzinfo=datetime.timezone.utc)}]
E   (Background on this error at: https://sqlalche.me/e/20/gkpj)
________________ ERROR at setup of test_list_alerts_no_filters _________________
../../tesis-fim-serio/backend/.venv/lib/python3.13/site-packages/sqlalchemy/engine/base.py:1969: in _exec_single_context
    self.dialect.do_execute(
../../tesis-fim-serio/backend/.venv/lib/python3.13/site-packages/sqlalchemy/engine/default.py:952: in do_execute
    cursor.execute(statement, parameters)
../../tesis-fim-serio/backend/.venv/lib/python3.13/site-packages/psycopg/cursor.py:97: in execute
    raise ex.with_traceback(None)
E   psycopg.errors.UniqueViolation: duplicate key value violates unique constraint "ix_users_username"
E   DETAIL:  Key (username)=(admin) already exists.

The above exception was the direct cause of the following exception:
backend/tests/conftest.py:133: in _db_isolation
    _seed_admin_impl()
backend/tests/conftest.py:108: in _seed_admin_impl
    session.commit()
../../tesis-fim-serio/backend/.venv/lib/python3.13/site-packages/sqlalchemy/orm/session.py:2035: in commit
    trans.commit(_to_root=True)
../../tesis-fim-serio/backend/.venv/lib/python3.13/site-packages/sqlalchemy/orm/state_changes.py:137: in _go
    ret_value = fn(self, *arg, **kw)
../../tesis-fim-serio/backend/.venv/lib/python3.13/site-packages/sqlalchemy/orm/session.py:1316: in commit
    self._prepare_impl()
../../tesis-fim-serio/backend/.venv/lib/python3.13/site-packages/sqlalchemy/orm/state_changes.py:137: in _go
    ret_value = fn(self, *arg, **kw)
../../tesis-fim-serio/backend/.venv/lib/python3.13/site-packages/sqlalchemy/orm/session.py:1290: in _prepare_impl
    self.session.flush()
../../tesis-fim-serio/backend/.venv/lib/python3.13/site-packages/sqlalchemy/orm/session.py:4353: in flush
    self._flush(objects)
../../tesis-fim-serio/backend/.venv/lib/python3.13/site-packages/sqlalchemy/orm/session.py:4488: in _flush
    with util.safe_reraise():
../../tesis-fim-serio/backend/.venv/lib/python3.13/site-packages/sqlalchemy/util/langhelpers.py:122: in __exit__
    raise exc_value.with_traceback(exc_tb)
../../tesis-fim-serio/backend/.venv/lib/python3.13/site-packages/sqlalchemy/orm/session.py:4449: in _flush
    flush_context.execute()
../../tesis-fim-serio/backend/.venv/lib/python3.13/site-packages/sqlalchemy/orm/unitofwork.py:465: in execute
    rec.execute(self)
../../tesis-fim-serio/backend/.venv/lib/python3.13/site-packages/sqlalchemy/orm/unitofwork.py:641: in execute
    util.preloaded.orm_persistence.save_obj(
../../tesis-fim-serio/backend/.venv/lib/python3.13/site-packages/sqlalchemy/orm/persistence.py:94: in save_obj
    _emit_insert_statements(
../../tesis-fim-serio/backend/.venv/lib/python3.13/site-packages/sqlalchemy/orm/persistence.py:1234: in _emit_insert_statements
    result = connection.execute(
../../tesis-fim-serio/backend/.venv/lib/python3.13/site-packages/sqlalchemy/engine/base.py:1421: in execute
    return meth(
../../tesis-fim-serio/backend/.venv/lib/python3.13/site-packages/sqlalchemy/sql/elements.py:526: in _execute_on_connection
    return connection._execute_clauseelement(
../../tesis-fim-serio/backend/.venv/lib/python3.13/site-packages/sqlalchemy/engine/base.py:1643: in _execute_clauseelement
    ret = self._execute_context(
../../tesis-fim-serio/backend/.venv/lib/python3.13/site-packages/sqlalchemy/engine/base.py:1848: in _execute_context
    return self._exec_single_context(
../../tesis-fim-serio/backend/.venv/lib/python3.13/site-packages/sqlalchemy/engine/base.py:1988: in _exec_single_context
    self._handle_dbapi_exception(
../../tesis-fim-serio/backend/.venv/lib/python3.13/site-packages/sqlalchemy/engine/base.py:2365: in _handle_dbapi_exception
    raise sqlalchemy_exception.with_traceback(exc_info[2]) from e
../../tesis-fim-serio/backend/.venv/lib/python3.13/site-packages/sqlalchemy/engine/base.py:1969: in _exec_single_context
    self.dialect.do_execute(
../../tesis-fim-serio/backend/.venv/lib/python3.13/site-packages/sqlalchemy/engine/default.py:952: in do_execute
    cursor.execute(statement, parameters)
../../tesis-fim-serio/backend/.venv/lib/python3.13/site-packages/psycopg/cursor.py:97: in execute
    raise ex.with_traceback(None)
E   sqlalchemy.exc.IntegrityError: (psycopg.errors.UniqueViolation) duplicate key value violates unique constraint "ix_users_username"
E   DETAIL:  Key (username)=(admin) already exists.
E   [SQL: INSERT INTO users (username, email, password_hash, role, is_active, must_change_password, created_at) VALUES (%(username)s::VARCHAR, %(email)s::VARCHAR, %(password_hash)s::VARCHAR, %(role)s::VARCHAR, %(is_active)s, %(must_change_password)s, %(created_at)s::TIMESTAMP WITH TIME ZONE) RETURNING users.id]
E   [parameters: {'username': 'admin', 'email': 'admin@fim.local', 'password_hash': '$argon2id$v=19$m=65536,t=3,p=4$Pb5RIvXR74jK3pD61hsq+A$KgPFT0cqSQ70ltsIIXw/TMOhwDraQBOa/BntHhoCybQ', 'role': 'admin', 'is_active': True, 'must_change_password': True, 'created_at': datetime.datetime(2026, 9, 12, 20, 23, 12, 27270, tzinfo=datetime.timezone.utc)}]
E   (Background on this error at: https://sqlalche.me/e/20/gkpj)
_________ ERROR at setup of test_get_alerts_serializa_status_derivado __________
../../tesis-fim-serio/backend/.venv/lib/python3.13/site-packages/sqlalchemy/engine/base.py:1969: in _exec_single_context
    self.dialect.do_execute(
../../tesis-fim-serio/backend/.venv/lib/python3.13/site-packages/sqlalchemy/engine/default.py:952: in do_execute
    cursor.execute(statement, parameters)
../../tesis-fim-serio/backend/.venv/lib/python3.13/site-packages/psycopg/cursor.py:97: in execute
    raise ex.with_traceback(None)
E   psycopg.errors.UniqueViolation: duplicate key value violates unique constraint "ix_users_username"
E   DETAIL:  Key (username)=(admin) already exists.

The above exception was the direct cause of the following exception:
backend/tests/conftest.py:133: in _db_isolation
    _seed_admin_impl()
backend/tests/conftest.py:108: in _seed_admin_impl
    session.commit()
../../tesis-fim-serio/backend/.venv/lib/python3.13/site-packages/sqlalchemy/orm/session.py:2035: in commit
    trans.commit(_to_root=True)
../../tesis-fim-serio/backend/.venv/lib/python3.13/site-packages/sqlalchemy/orm/state_changes.py:137: in _go
    ret_value = fn(self, *arg, **kw)
../../tesis-fim-serio/backend/.venv/lib/python3.13/site-packages/sqlalchemy/orm/session.py:1316: in commit
    self._prepare_impl()
../../tesis-fim-serio/backend/.venv/lib/python3.13/site-packages/sqlalchemy/orm/state_changes.py:137: in _go
    ret_value = fn(self, *arg, **kw)
../../tesis-fim-serio/backend/.venv/lib/python3.13/site-packages/sqlalchemy/orm/session.py:1290: in _prepare_impl
    self.session.flush()
../../tesis-fim-serio/backend/.venv/lib/python3.13/site-packages/sqlalchemy/orm/session.py:4353: in flush
    self._flush(objects)
../../tesis-fim-serio/backend/.venv/lib/python3.13/site-packages/sqlalchemy/orm/session.py:4488: in _flush
    with util.safe_reraise():
../../tesis-fim-serio/backend/.venv/lib/python3.13/site-packages/sqlalchemy/util/langhelpers.py:122: in __exit__
    raise exc_value.with_traceback(exc_tb)
../../tesis-fim-serio/backend/.venv/lib/python3.13/site-packages/sqlalchemy/orm/session.py:4449: in _flush
    flush_context.execute()
../../tesis-fim-serio/backend/.venv/lib/python3.13/site-packages/sqlalchemy/orm/unitofwork.py:465: in execute
    rec.execute(self)
../../tesis-fim-serio/backend/.venv/lib/python3.13/site-packages/sqlalchemy/orm/unitofwork.py:641: in execute
    util.preloaded.orm_persistence.save_obj(
../../tesis-fim-serio/backend/.venv/lib/python3.13/site-packages/sqlalchemy/orm/persistence.py:94: in save_obj
    _emit_insert_statements(
../../tesis-fim-serio/backend/.venv/lib/python3.13/site-packages/sqlalchemy/orm/persistence.py:1234: in _emit_insert_statements
    result = connection.execute(
../../tesis-fim-serio/backend/.venv/lib/python3.13/site-packages/sqlalchemy/engine/base.py:1421: in execute
    return meth(
../../tesis-fim-serio/backend/.venv/lib/python3.13/site-packages/sqlalchemy/sql/elements.py:526: in _execute_on_connection
    return connection._execute_clauseelement(
../../tesis-fim-serio/backend/.venv/lib/python3.13/site-packages/sqlalchemy/engine/base.py:1643: in _execute_clauseelement
    ret = self._execute_context(
../../tesis-fim-serio/backend/.venv/lib/python3.13/site-packages/sqlalchemy/engine/base.py:1848: in _execute_context
    return self._exec_single_context(
../../tesis-fim-serio/backend/.venv/lib/python3.13/site-packages/sqlalchemy/engine/base.py:1988: in _exec_single_context
    self._handle_dbapi_exception(
../../tesis-fim-serio/backend/.venv/lib/python3.13/site-packages/sqlalchemy/engine/base.py:2365: in _handle_dbapi_exception
    raise sqlalchemy_exception.with_traceback(exc_info[2]) from e
../../tesis-fim-serio/backend/.venv/lib/python3.13/site-packages/sqlalchemy/engine/base.py:1969: in _exec_single_context
    self.dialect.do_execute(
../../tesis-fim-serio/backend/.venv/lib/python3.13/site-packages/sqlalchemy/engine/default.py:952: in do_execute
    cursor.execute(statement, parameters)
../../tesis-fim-serio/backend/.venv/lib/python3.13/site-packages/psycopg/cursor.py:97: in execute
    raise ex.with_traceback(None)
E   sqlalchemy.exc.IntegrityError: (psycopg.errors.UniqueViolation) duplicate key value violates unique constraint "ix_users_username"
E   DETAIL:  Key (username)=(admin) already exists.
E   [SQL: INSERT INTO users (username, email, password_hash, role, is_active, must_change_password, created_at) VALUES (%(username)s::VARCHAR, %(email)s::VARCHAR, %(password_hash)s::VARCHAR, %(role)s::VARCHAR, %(is_active)s, %(must_change_password)s, %(created_at)s::TIMESTAMP WITH TIME ZONE) RETURNING users.id]
E   [parameters: {'username': 'admin', 'email': 'admin@fim.local', 'password_hash': '$argon2id$v=19$m=65536,t=3,p=4$9puXNM8cFWC3E5+/4DJLMA$yFG6owuMB10soS+zf/kchCOaShAHtjysgh7zDU9sCUA', 'role': 'admin', 'is_active': True, 'must_change_password': True, 'created_at': datetime.datetime(2026, 9, 12, 20, 23, 14, 417530, tzinfo=datetime.timezone.utc)}]
E   (Background on this error at: https://sqlalche.me/e/20/gkpj)
____________ ERROR at setup of test_sse_no_last_event_id_no_replay _____________
../../tesis-fim-serio/backend/.venv/lib/python3.13/site-packages/sqlalchemy/engine/base.py:1969: in _exec_single_context
    self.dialect.do_execute(
../../tesis-fim-serio/backend/.venv/lib/python3.13/site-packages/sqlalchemy/engine/default.py:952: in do_execute
    cursor.execute(statement, parameters)
../../tesis-fim-serio/backend/.venv/lib/python3.13/site-packages/psycopg/cursor.py:97: in execute
    raise ex.with_traceback(None)
E   psycopg.errors.UniqueViolation: duplicate key value violates unique constraint "ix_users_username"
E   DETAIL:  Key (username)=(admin) already exists.

The above exception was the direct cause of the following exception:
backend/tests/conftest.py:133: in _db_isolation
    _seed_admin_impl()
backend/tests/conftest.py:108: in _seed_admin_impl
    session.commit()
../../tesis-fim-serio/backend/.venv/lib/python3.13/site-packages/sqlalchemy/orm/session.py:2035: in commit
    trans.commit(_to_root=True)
../../tesis-fim-serio/backend/.venv/lib/python3.13/site-packages/sqlalchemy/orm/state_changes.py:137: in _go
    ret_value = fn(self, *arg, **kw)
../../tesis-fim-serio/backend/.venv/lib/python3.13/site-packages/sqlalchemy/orm/session.py:1316: in commit
    self._prepare_impl()
../../tesis-fim-serio/backend/.venv/lib/python3.13/site-packages/sqlalchemy/orm/state_changes.py:137: in _go
    ret_value = fn(self, *arg, **kw)
../../tesis-fim-serio/backend/.venv/lib/python3.13/site-packages/sqlalchemy/orm/session.py:1290: in _prepare_impl
    self.session.flush()
../../tesis-fim-serio/backend/.venv/lib/python3.13/site-packages/sqlalchemy/orm/session.py:4353: in flush
    self._flush(objects)
../../tesis-fim-serio/backend/.venv/lib/python3.13/site-packages/sqlalchemy/orm/session.py:4488: in _flush
    with util.safe_reraise():
../../tesis-fim-serio/backend/.venv/lib/python3.13/site-packages/sqlalchemy/util/langhelpers.py:122: in __exit__
    raise exc_value.with_traceback(exc_tb)
../../tesis-fim-serio/backend/.venv/lib/python3.13/site-packages/sqlalchemy/orm/session.py:4449: in _flush
    flush_context.execute()
../../tesis-fim-serio/backend/.venv/lib/python3.13/site-packages/sqlalchemy/orm/unitofwork.py:465: in execute
    rec.execute(self)
../../tesis-fim-serio/backend/.venv/lib/python3.13/site-packages/sqlalchemy/orm/unitofwork.py:641: in execute
    util.preloaded.orm_persistence.save_obj(
../../tesis-fim-serio/backend/.venv/lib/python3.13/site-packages/sqlalchemy/orm/persistence.py:94: in save_obj
    _emit_insert_statements(
../../tesis-fim-serio/backend/.venv/lib/python3.13/site-packages/sqlalchemy/orm/persistence.py:1234: in _emit_insert_statements
    result = connection.execute(
../../tesis-fim-serio/backend/.venv/lib/python3.13/site-packages/sqlalchemy/engine/base.py:1421: in execute
    return meth(
../../tesis-fim-serio/backend/.venv/lib/python3.13/site-packages/sqlalchemy/sql/elements.py:526: in _execute_on_connection
    return connection._execute_clauseelement(
../../tesis-fim-serio/backend/.venv/lib/python3.13/site-packages/sqlalchemy/engine/base.py:1643: in _execute_clauseelement
    ret = self._execute_context(
../../tesis-fim-serio/backend/.venv/lib/python3.13/site-packages/sqlalchemy/engine/base.py:1848: in _execute_context
    return self._exec_single_context(
../../tesis-fim-serio/backend/.venv/lib/python3.13/site-packages/sqlalchemy/engine/base.py:1988: in _exec_single_context
    self._handle_dbapi_exception(
../../tesis-fim-serio/backend/.venv/lib/python3.13/site-packages/sqlalchemy/engine/base.py:2365: in _handle_dbapi_exception
    raise sqlalchemy_exception.with_traceback(exc_info[2]) from e
../../tesis-fim-serio/backend/.venv/lib/python3.13/site-packages/sqlalchemy/engine/base.py:1969: in _exec_single_context
    self.dialect.do_execute(
../../tesis-fim-serio/backend/.venv/lib/python3.13/site-packages/sqlalchemy/engine/default.py:952: in do_execute
    cursor.execute(statement, parameters)
../../tesis-fim-serio/backend/.venv/lib/python3.13/site-packages/psycopg/cursor.py:97: in execute
    raise ex.with_traceback(None)
E   sqlalchemy.exc.IntegrityError: (psycopg.errors.UniqueViolation) duplicate key value violates unique constraint "ix_users_username"
E   DETAIL:  Key (username)=(admin) already exists.
E   [SQL: INSERT INTO users (username, email, password_hash, role, is_active, must_change_password, created_at) VALUES (%(username)s::VARCHAR, %(email)s::VARCHAR, %(password_hash)s::VARCHAR, %(role)s::VARCHAR, %(is_active)s, %(must_change_password)s, %(created_at)s::TIMESTAMP WITH TIME ZONE) RETURNING users.id]
E   [parameters: {'username': 'admin', 'email': 'admin@fim.local', 'password_hash': '$argon2id$v=19$m=65536,t=3,p=4$5fi3DIBjGaoEXzfxJEskdg$QhkOrKEmLydd+wqIDxGwbCykoBIG4IxVMFcZDWDSXfY', 'role': 'admin', 'is_active': True, 'must_change_password': True, 'created_at': datetime.datetime(2026, 9, 12, 20, 23, 15, 743562, tzinfo=datetime.timezone.utc)}]
E   (Background on this error at: https://sqlalche.me/e/20/gkpj)
__________ ERROR at setup of test_no_sent_at_old_detected_at_rejected __________
../../tesis-fim-serio/backend/.venv/lib/python3.13/site-packages/sqlalchemy/engine/base.py:1969: in _exec_single_context
    self.dialect.do_execute(
../../tesis-fim-serio/backend/.venv/lib/python3.13/site-packages/sqlalchemy/engine/default.py:952: in do_execute
    cursor.execute(statement, parameters)
../../tesis-fim-serio/backend/.venv/lib/python3.13/site-packages/psycopg/cursor.py:97: in execute
    raise ex.with_traceback(None)
E   psycopg.errors.UniqueViolation: duplicate key value violates unique constraint "ix_users_username"
E   DETAIL:  Key (username)=(admin) already exists.

The above exception was the direct cause of the following exception:
backend/tests/conftest.py:133: in _db_isolation
    _seed_admin_impl()
backend/tests/conftest.py:108: in _seed_admin_impl
    session.commit()
../../tesis-fim-serio/backend/.venv/lib/python3.13/site-packages/sqlalchemy/orm/session.py:2035: in commit
    trans.commit(_to_root=True)
../../tesis-fim-serio/backend/.venv/lib/python3.13/site-packages/sqlalchemy/orm/state_changes.py:137: in _go
    ret_value = fn(self, *arg, **kw)
../../tesis-fim-serio/backend/.venv/lib/python3.13/site-packages/sqlalchemy/orm/session.py:1316: in commit
    self._prepare_impl()
../../tesis-fim-serio/backend/.venv/lib/python3.13/site-packages/sqlalchemy/orm/state_changes.py:137: in _go
    ret_value = fn(self, *arg, **kw)
../../tesis-fim-serio/backend/.venv/lib/python3.13/site-packages/sqlalchemy/orm/session.py:1290: in _prepare_impl
    self.session.flush()
../../tesis-fim-serio/backend/.venv/lib/python3.13/site-packages/sqlalchemy/orm/session.py:4353: in flush
    self._flush(objects)
../../tesis-fim-serio/backend/.venv/lib/python3.13/site-packages/sqlalchemy/orm/session.py:4488: in _flush
    with util.safe_reraise():
../../tesis-fim-serio/backend/.venv/lib/python3.13/site-packages/sqlalchemy/util/langhelpers.py:122: in __exit__
    raise exc_value.with_traceback(exc_tb)
../../tesis-fim-serio/backend/.venv/lib/python3.13/site-packages/sqlalchemy/orm/session.py:4449: in _flush
    flush_context.execute()
../../tesis-fim-serio/backend/.venv/lib/python3.13/site-packages/sqlalchemy/orm/unitofwork.py:465: in execute
    rec.execute(self)
../../tesis-fim-serio/backend/.venv/lib/python3.13/site-packages/sqlalchemy/orm/unitofwork.py:641: in execute
    util.preloaded.orm_persistence.save_obj(
../../tesis-fim-serio/backend/.venv/lib/python3.13/site-packages/sqlalchemy/orm/persistence.py:94: in save_obj
    _emit_insert_statements(
../../tesis-fim-serio/backend/.venv/lib/python3.13/site-packages/sqlalchemy/orm/persistence.py:1234: in _emit_insert_statements
    result = connection.execute(
../../tesis-fim-serio/backend/.venv/lib/python3.13/site-packages/sqlalchemy/engine/base.py:1421: in execute
    return meth(
../../tesis-fim-serio/backend/.venv/lib/python3.13/site-packages/sqlalchemy/sql/elements.py:526: in _execute_on_connection
    return connection._execute_clauseelement(
../../tesis-fim-serio/backend/.venv/lib/python3.13/site-packages/sqlalchemy/engine/base.py:1643: in _execute_clauseelement
    ret = self._execute_context(
../../tesis-fim-serio/backend/.venv/lib/python3.13/site-packages/sqlalchemy/engine/base.py:1848: in _execute_context
    return self._exec_single_context(
../../tesis-fim-serio/backend/.venv/lib/python3.13/site-packages/sqlalchemy/engine/base.py:1988: in _exec_single_context
    self._handle_dbapi_exception(
../../tesis-fim-serio/backend/.venv/lib/python3.13/site-packages/sqlalchemy/engine/base.py:2365: in _handle_dbapi_exception
    raise sqlalchemy_exception.with_traceback(exc_info[2]) from e
../../tesis-fim-serio/backend/.venv/lib/python3.13/site-packages/sqlalchemy/engine/base.py:1969: in _exec_single_context
    self.dialect.do_execute(
../../tesis-fim-serio/backend/.venv/lib/python3.13/site-packages/sqlalchemy/engine/default.py:952: in do_execute
    cursor.execute(statement, parameters)
../../tesis-fim-serio/backend/.venv/lib/python3.13/site-packages/psycopg/cursor.py:97: in execute
    raise ex.with_traceback(None)
E   sqlalchemy.exc.IntegrityError: (psycopg.errors.UniqueViolation) duplicate key value violates unique constraint "ix_users_username"
E   DETAIL:  Key (username)=(admin) already exists.
E   [SQL: INSERT INTO users (username, email, password_hash, role, is_active, must_change_password, created_at) VALUES (%(username)s::VARCHAR, %(email)s::VARCHAR, %(password_hash)s::VARCHAR, %(role)s::VARCHAR, %(is_active)s, %(must_change_password)s, %(created_at)s::TIMESTAMP WITH TIME ZONE) RETURNING users.id]
E   [parameters: {'username': 'admin', 'email': 'admin@fim.local', 'password_hash': '$argon2id$v=19$m=65536,t=3,p=4$JwN25iyNcWxL6Emq4gyCBQ$4+zaWqFD1eGUDmHTDChDWxz+N8tW3JQ5uMvLpxQVn0o', 'role': 'admin', 'is_active': True, 'must_change_password': True, 'created_at': datetime.datetime(2026, 9, 12, 20, 23, 17, 857337, tzinfo=datetime.timezone.utc)}]
E   (Background on this error at: https://sqlalche.me/e/20/gkpj)
__ ERROR at setup of test_response_matrix_rate_limited_nack_with_retry_after ___
../../tesis-fim-serio/backend/.venv/lib/python3.13/site-packages/sqlalchemy/engine/base.py:1969: in _exec_single_context
    self.dialect.do_execute(
../../tesis-fim-serio/backend/.venv/lib/python3.13/site-packages/sqlalchemy/engine/default.py:952: in do_execute
    cursor.execute(statement, parameters)
../../tesis-fim-serio/backend/.venv/lib/python3.13/site-packages/psycopg/cursor.py:97: in execute
    raise ex.with_traceback(None)
E   psycopg.errors.UniqueViolation: duplicate key value violates unique constraint "ix_users_username"
E   DETAIL:  Key (username)=(admin) already exists.

The above exception was the direct cause of the following exception:
backend/tests/conftest.py:133: in _db_isolation
    _seed_admin_impl()
backend/tests/conftest.py:108: in _seed_admin_impl
    session.commit()
../../tesis-fim-serio/backend/.venv/lib/python3.13/site-packages/sqlalchemy/orm/session.py:2035: in commit
    trans.commit(_to_root=True)
../../tesis-fim-serio/backend/.venv/lib/python3.13/site-packages/sqlalchemy/orm/state_changes.py:137: in _go
    ret_value = fn(self, *arg, **kw)
../../tesis-fim-serio/backend/.venv/lib/python3.13/site-packages/sqlalchemy/orm/session.py:1316: in commit
    self._prepare_impl()
../../tesis-fim-serio/backend/.venv/lib/python3.13/site-packages/sqlalchemy/orm/state_changes.py:137: in _go
    ret_value = fn(self, *arg, **kw)
../../tesis-fim-serio/backend/.venv/lib/python3.13/site-packages/sqlalchemy/orm/session.py:1290: in _prepare_impl
    self.session.flush()
../../tesis-fim-serio/backend/.venv/lib/python3.13/site-packages/sqlalchemy/orm/session.py:4353: in flush
    self._flush(objects)
../../tesis-fim-serio/backend/.venv/lib/python3.13/site-packages/sqlalchemy/orm/session.py:4488: in _flush
    with util.safe_reraise():
../../tesis-fim-serio/backend/.venv/lib/python3.13/site-packages/sqlalchemy/util/langhelpers.py:122: in __exit__
    raise exc_value.with_traceback(exc_tb)
../../tesis-fim-serio/backend/.venv/lib/python3.13/site-packages/sqlalchemy/orm/session.py:4449: in _flush
    flush_context.execute()
../../tesis-fim-serio/backend/.venv/lib/python3.13/site-packages/sqlalchemy/orm/unitofwork.py:465: in execute
    rec.execute(self)
../../tesis-fim-serio/backend/.venv/lib/python3.13/site-packages/sqlalchemy/orm/unitofwork.py:641: in execute
    util.preloaded.orm_persistence.save_obj(
../../tesis-fim-serio/backend/.venv/lib/python3.13/site-packages/sqlalchemy/orm/persistence.py:94: in save_obj
    _emit_insert_statements(
../../tesis-fim-serio/backend/.venv/lib/python3.13/site-packages/sqlalchemy/orm/persistence.py:1234: in _emit_insert_statements
    result = connection.execute(
../../tesis-fim-serio/backend/.venv/lib/python3.13/site-packages/sqlalchemy/engine/base.py:1421: in execute
    return meth(
../../tesis-fim-serio/backend/.venv/lib/python3.13/site-packages/sqlalchemy/sql/elements.py:526: in _execute_on_connection
    return connection._execute_clauseelement(
../../tesis-fim-serio/backend/.venv/lib/python3.13/site-packages/sqlalchemy/engine/base.py:1643: in _execute_clauseelement
    ret = self._execute_context(
../../tesis-fim-serio/backend/.venv/lib/python3.13/site-packages/sqlalchemy/engine/base.py:1848: in _execute_context
    return self._exec_single_context(
../../tesis-fim-serio/backend/.venv/lib/python3.13/site-packages/sqlalchemy/engine/base.py:1988: in _exec_single_context
    self._handle_dbapi_exception(
../../tesis-fim-serio/backend/.venv/lib/python3.13/site-packages/sqlalchemy/engine/base.py:2365: in _handle_dbapi_exception
    raise sqlalchemy_exception.with_traceback(exc_info[2]) from e
../../tesis-fim-serio/backend/.venv/lib/python3.13/site-packages/sqlalchemy/engine/base.py:1969: in _exec_single_context
    self.dialect.do_execute(
../../tesis-fim-serio/backend/.venv/lib/python3.13/site-packages/sqlalchemy/engine/default.py:952: in do_execute
    cursor.execute(statement, parameters)
../../tesis-fim-serio/backend/.venv/lib/python3.13/site-packages/psycopg/cursor.py:97: in execute
    raise ex.with_traceback(None)
E   sqlalchemy.exc.IntegrityError: (psycopg.errors.UniqueViolation) duplicate key value violates unique constraint "ix_users_username"
E   DETAIL:  Key (username)=(admin) already exists.
E   [SQL: INSERT INTO users (username, email, password_hash, role, is_active, must_change_password, created_at) VALUES (%(username)s::VARCHAR, %(email)s::VARCHAR, %(password_hash)s::VARCHAR, %(role)s::VARCHAR, %(is_active)s, %(must_change_password)s, %(created_at)s::TIMESTAMP WITH TIME ZONE) RETURNING users.id]
E   [parameters: {'username': 'admin', 'email': 'admin@fim.local', 'password_hash': '$argon2id$v=19$m=65536,t=3,p=4$KgXJMeBkITGqFs8Gfa5F8w$DaXCL/LAXM+igY5tsT3/LOC2AS27vzML/iQHKIUYU+w', 'role': 'admin', 'is_active': True, 'must_change_password': True, 'created_at': datetime.datetime(2026, 9, 12, 20, 23, 18, 626335, tzinfo=datetime.timezone.utc)}]
E   (Background on this error at: https://sqlalche.me/e/20/gkpj)
_______ ERROR at setup of test_response_matrix_empty_event_id_is_silent ________
../../tesis-fim-serio/backend/.venv/lib/python3.13/site-packages/sqlalchemy/engine/base.py:1969: in _exec_single_context
    self.dialect.do_execute(
../../tesis-fim-serio/backend/.venv/lib/python3.13/site-packages/sqlalchemy/engine/default.py:952: in do_execute
    cursor.execute(statement, parameters)
../../tesis-fim-serio/backend/.venv/lib/python3.13/site-packages/psycopg/cursor.py:97: in execute
    raise ex.with_traceback(None)
E   psycopg.errors.UniqueViolation: duplicate key value violates unique constraint "ix_users_username"
E   DETAIL:  Key (username)=(admin) already exists.

The above exception was the direct cause of the following exception:
backend/tests/conftest.py:133: in _db_isolation
    _seed_admin_impl()
backend/tests/conftest.py:108: in _seed_admin_impl
    session.commit()
../../tesis-fim-serio/backend/.venv/lib/python3.13/site-packages/sqlalchemy/orm/session.py:2035: in commit
    trans.commit(_to_root=True)
../../tesis-fim-serio/backend/.venv/lib/python3.13/site-packages/sqlalchemy/orm/state_changes.py:137: in _go
    ret_value = fn(self, *arg, **kw)
../../tesis-fim-serio/backend/.venv/lib/python3.13/site-packages/sqlalchemy/orm/session.py:1316: in commit
    self._prepare_impl()
../../tesis-fim-serio/backend/.venv/lib/python3.13/site-packages/sqlalchemy/orm/state_changes.py:137: in _go
    ret_value = fn(self, *arg, **kw)
../../tesis-fim-serio/backend/.venv/lib/python3.13/site-packages/sqlalchemy/orm/session.py:1290: in _prepare_impl
    self.session.flush()
../../tesis-fim-serio/backend/.venv/lib/python3.13/site-packages/sqlalchemy/orm/session.py:4353: in flush
    self._flush(objects)
../../tesis-fim-serio/backend/.venv/lib/python3.13/site-packages/sqlalchemy/orm/session.py:4488: in _flush
    with util.safe_reraise():
../../tesis-fim-serio/backend/.venv/lib/python3.13/site-packages/sqlalchemy/util/langhelpers.py:122: in __exit__
    raise exc_value.with_traceback(exc_tb)
../../tesis-fim-serio/backend/.venv/lib/python3.13/site-packages/sqlalchemy/orm/session.py:4449: in _flush
    flush_context.execute()
../../tesis-fim-serio/backend/.venv/lib/python3.13/site-packages/sqlalchemy/orm/unitofwork.py:465: in execute
    rec.execute(self)
../../tesis-fim-serio/backend/.venv/lib/python3.13/site-packages/sqlalchemy/orm/unitofwork.py:641: in execute
    util.preloaded.orm_persistence.save_obj(
../../tesis-fim-serio/backend/.venv/lib/python3.13/site-packages/sqlalchemy/orm/persistence.py:94: in save_obj
    _emit_insert_statements(
../../tesis-fim-serio/backend/.venv/lib/python3.13/site-packages/sqlalchemy/orm/persistence.py:1234: in _emit_insert_statements
    result = connection.execute(
../../tesis-fim-serio/backend/.venv/lib/python3.13/site-packages/sqlalchemy/engine/base.py:1421: in execute
    return meth(
../../tesis-fim-serio/backend/.venv/lib/python3.13/site-packages/sqlalchemy/sql/elements.py:526: in _execute_on_connection
    return connection._execute_clauseelement(
../../tesis-fim-serio/backend/.venv/lib/python3.13/site-packages/sqlalchemy/engine/base.py:1643: in _execute_clauseelement
    ret = self._execute_context(
../../tesis-fim-serio/backend/.venv/lib/python3.13/site-packages/sqlalchemy/engine/base.py:1848: in _execute_context
    return self._exec_single_context(
../../tesis-fim-serio/backend/.venv/lib/python3.13/site-packages/sqlalchemy/engine/base.py:1988: in _exec_single_context
    self._handle_dbapi_exception(
../../tesis-fim-serio/backend/.venv/lib/python3.13/site-packages/sqlalchemy/engine/base.py:2365: in _handle_dbapi_exception
    raise sqlalchemy_exception.with_traceback(exc_info[2]) from e
../../tesis-fim-serio/backend/.venv/lib/python3.13/site-packages/sqlalchemy/engine/base.py:1969: in _exec_single_context
    self.dialect.do_execute(
../../tesis-fim-serio/backend/.venv/lib/python3.13/site-packages/sqlalchemy/engine/default.py:952: in do_execute
    cursor.execute(statement, parameters)
../../tesis-fim-serio/backend/.venv/lib/python3.13/site-packages/psycopg/cursor.py:97: in execute
    raise ex.with_traceback(None)
E   sqlalchemy.exc.IntegrityError: (psycopg.errors.UniqueViolation) duplicate key value violates unique constraint "ix_users_username"
E   DETAIL:  Key (username)=(admin) already exists.
E   [SQL: INSERT INTO users (username, email, password_hash, role, is_active, must_change_password, created_at) VALUES (%(username)s::VARCHAR, %(email)s::VARCHAR, %(password_hash)s::VARCHAR, %(role)s::VARCHAR, %(is_active)s, %(must_change_password)s, %(created_at)s::TIMESTAMP WITH TIME ZONE) RETURNING users.id]
E   [parameters: {'username': 'admin', 'email': 'admin@fim.local', 'password_hash': '$argon2id$v=19$m=65536,t=3,p=4$lshclLaCUeZoiPyGTpjmBw$2Rszrq05sBtPebz1Kv3vXS+1ZmjS4O7EBRU9nyRFnus', 'role': 'admin', 'is_active': True, 'must_change_password': True, 'created_at': datetime.datetime(2026, 9, 12, 20, 23, 19, 423138, tzinfo=datetime.timezone.utc)}]
E   (Background on this error at: https://sqlalche.me/e/20/gkpj)
_ ERROR at setup of test_schema_version_unsupported_known_agent_gets_signed_nack _
../../tesis-fim-serio/backend/.venv/lib/python3.13/site-packages/sqlalchemy/engine/base.py:1969: in _exec_single_context
    self.dialect.do_execute(
../../tesis-fim-serio/backend/.venv/lib/python3.13/site-packages/sqlalchemy/engine/default.py:952: in do_execute
    cursor.execute(statement, parameters)
../../tesis-fim-serio/backend/.venv/lib/python3.13/site-packages/psycopg/cursor.py:97: in execute
    raise ex.with_traceback(None)
E   psycopg.errors.UniqueViolation: duplicate key value violates unique constraint "ix_users_username"
E   DETAIL:  Key (username)=(admin) already exists.

The above exception was the direct cause of the following exception:
backend/tests/conftest.py:133: in _db_isolation
    _seed_admin_impl()
backend/tests/conftest.py:108: in _seed_admin_impl
    session.commit()
../../tesis-fim-serio/backend/.venv/lib/python3.13/site-packages/sqlalchemy/orm/session.py:2035: in commit
    trans.commit(_to_root=True)
../../tesis-fim-serio/backend/.venv/lib/python3.13/site-packages/sqlalchemy/orm/state_changes.py:137: in _go
    ret_value = fn(self, *arg, **kw)
../../tesis-fim-serio/backend/.venv/lib/python3.13/site-packages/sqlalchemy/orm/session.py:1316: in commit
    self._prepare_impl()
../../tesis-fim-serio/backend/.venv/lib/python3.13/site-packages/sqlalchemy/orm/state_changes.py:137: in _go
    ret_value = fn(self, *arg, **kw)
../../tesis-fim-serio/backend/.venv/lib/python3.13/site-packages/sqlalchemy/orm/session.py:1290: in _prepare_impl
    self.session.flush()
../../tesis-fim-serio/backend/.venv/lib/python3.13/site-packages/sqlalchemy/orm/session.py:4353: in flush
    self._flush(objects)
../../tesis-fim-serio/backend/.venv/lib/python3.13/site-packages/sqlalchemy/orm/session.py:4488: in _flush
    with util.safe_reraise():
../../tesis-fim-serio/backend/.venv/lib/python3.13/site-packages/sqlalchemy/util/langhelpers.py:122: in __exit__
    raise exc_value.with_traceback(exc_tb)
../../tesis-fim-serio/backend/.venv/lib/python3.13/site-packages/sqlalchemy/orm/session.py:4449: in _flush
    flush_context.execute()
../../tesis-fim-serio/backend/.venv/lib/python3.13/site-packages/sqlalchemy/orm/unitofwork.py:465: in execute
    rec.execute(self)
../../tesis-fim-serio/backend/.venv/lib/python3.13/site-packages/sqlalchemy/orm/unitofwork.py:641: in execute
    util.preloaded.orm_persistence.save_obj(
../../tesis-fim-serio/backend/.venv/lib/python3.13/site-packages/sqlalchemy/orm/persistence.py:94: in save_obj
    _emit_insert_statements(
../../tesis-fim-serio/backend/.venv/lib/python3.13/site-packages/sqlalchemy/orm/persistence.py:1234: in _emit_insert_statements
    result = connection.execute(
../../tesis-fim-serio/backend/.venv/lib/python3.13/site-packages/sqlalchemy/engine/base.py:1421: in execute
    return meth(
../../tesis-fim-serio/backend/.venv/lib/python3.13/site-packages/sqlalchemy/sql/elements.py:526: in _execute_on_connection
    return connection._execute_clauseelement(
../../tesis-fim-serio/backend/.venv/lib/python3.13/site-packages/sqlalchemy/engine/base.py:1643: in _execute_clauseelement
    ret = self._execute_context(
../../tesis-fim-serio/backend/.venv/lib/python3.13/site-packages/sqlalchemy/engine/base.py:1848: in _execute_context
    return self._exec_single_context(
../../tesis-fim-serio/backend/.venv/lib/python3.13/site-packages/sqlalchemy/engine/base.py:1988: in _exec_single_context
    self._handle_dbapi_exception(
../../tesis-fim-serio/backend/.venv/lib/python3.13/site-packages/sqlalchemy/engine/base.py:2365: in _handle_dbapi_exception
    raise sqlalchemy_exception.with_traceback(exc_info[2]) from e
../../tesis-fim-serio/backend/.venv/lib/python3.13/site-packages/sqlalchemy/engine/base.py:1969: in _exec_single_context
    self.dialect.do_execute(
../../tesis-fim-serio/backend/.venv/lib/python3.13/site-packages/sqlalchemy/engine/default.py:952: in do_execute
    cursor.execute(statement, parameters)
../../tesis-fim-serio/backend/.venv/lib/python3.13/site-packages/psycopg/cursor.py:97: in execute
    raise ex.with_traceback(None)
E   sqlalchemy.exc.IntegrityError: (psycopg.errors.UniqueViolation) duplicate key value violates unique constraint "ix_users_username"
E   DETAIL:  Key (username)=(admin) already exists.
E   [SQL: INSERT INTO users (username, email, password_hash, role, is_active, must_change_password, created_at) VALUES (%(username)s::VARCHAR, %(email)s::VARCHAR, %(password_hash)s::VARCHAR, %(role)s::VARCHAR, %(is_active)s, %(must_change_password)s, %(created_at)s::TIMESTAMP WITH TIME ZONE) RETURNING users.id]
E   [parameters: {'username': 'admin', 'email': 'admin@fim.local', 'password_hash': '$argon2id$v=19$m=65536,t=3,p=4$i7y3jVPx2nwcR+zqN4LhrA$rSPPqfApdzDtJgawfGp/jDTUMNPtRqX9Se8nISPfubM', 'role': 'admin', 'is_active': True, 'must_change_password': True, 'created_at': datetime.datetime(2026, 9, 12, 20, 23, 19, 869740, tzinfo=datetime.timezone.utc)}]
E   (Background on this error at: https://sqlalche.me/e/20/gkpj)
__ ERROR at setup of test_schema_version_unsupported_unknown_agent_is_silent ___
../../tesis-fim-serio/backend/.venv/lib/python3.13/site-packages/sqlalchemy/engine/base.py:1969: in _exec_single_context
    self.dialect.do_execute(
../../tesis-fim-serio/backend/.venv/lib/python3.13/site-packages/sqlalchemy/engine/default.py:952: in do_execute
    cursor.execute(statement, parameters)
../../tesis-fim-serio/backend/.venv/lib/python3.13/site-packages/psycopg/cursor.py:97: in execute
    raise ex.with_traceback(None)
E   psycopg.errors.UniqueViolation: duplicate key value violates unique constraint "ix_users_username"
E   DETAIL:  Key (username)=(admin) already exists.

The above exception was the direct cause of the following exception:
backend/tests/conftest.py:133: in _db_isolation
    _seed_admin_impl()
backend/tests/conftest.py:108: in _seed_admin_impl
    session.commit()
../../tesis-fim-serio/backend/.venv/lib/python3.13/site-packages/sqlalchemy/orm/session.py:2035: in commit
    trans.commit(_to_root=True)
../../tesis-fim-serio/backend/.venv/lib/python3.13/site-packages/sqlalchemy/orm/state_changes.py:137: in _go
    ret_value = fn(self, *arg, **kw)
../../tesis-fim-serio/backend/.venv/lib/python3.13/site-packages/sqlalchemy/orm/session.py:1316: in commit
    self._prepare_impl()
../../tesis-fim-serio/backend/.venv/lib/python3.13/site-packages/sqlalchemy/orm/state_changes.py:137: in _go
    ret_value = fn(self, *arg, **kw)
../../tesis-fim-serio/backend/.venv/lib/python3.13/site-packages/sqlalchemy/orm/session.py:1290: in _prepare_impl
    self.session.flush()
../../tesis-fim-serio/backend/.venv/lib/python3.13/site-packages/sqlalchemy/orm/session.py:4353: in flush
    self._flush(objects)
../../tesis-fim-serio/backend/.venv/lib/python3.13/site-packages/sqlalchemy/orm/session.py:4488: in _flush
    with util.safe_reraise():
../../tesis-fim-serio/backend/.venv/lib/python3.13/site-packages/sqlalchemy/util/langhelpers.py:122: in __exit__
    raise exc_value.with_traceback(exc_tb)
../../tesis-fim-serio/backend/.venv/lib/python3.13/site-packages/sqlalchemy/orm/session.py:4449: in _flush
    flush_context.execute()
../../tesis-fim-serio/backend/.venv/lib/python3.13/site-packages/sqlalchemy/orm/unitofwork.py:465: in execute
    rec.execute(self)
../../tesis-fim-serio/backend/.venv/lib/python3.13/site-packages/sqlalchemy/orm/unitofwork.py:641: in execute
    util.preloaded.orm_persistence.save_obj(
../../tesis-fim-serio/backend/.venv/lib/python3.13/site-packages/sqlalchemy/orm/persistence.py:94: in save_obj
    _emit_insert_statements(
../../tesis-fim-serio/backend/.venv/lib/python3.13/site-packages/sqlalchemy/orm/persistence.py:1234: in _emit_insert_statements
    result = connection.execute(
../../tesis-fim-serio/backend/.venv/lib/python3.13/site-packages/sqlalchemy/engine/base.py:1421: in execute
    return meth(
../../tesis-fim-serio/backend/.venv/lib/python3.13/site-packages/sqlalchemy/sql/elements.py:526: in _execute_on_connection
    return connection._execute_clauseelement(
../../tesis-fim-serio/backend/.venv/lib/python3.13/site-packages/sqlalchemy/engine/base.py:1643: in _execute_clauseelement
    ret = self._execute_context(
../../tesis-fim-serio/backend/.venv/lib/python3.13/site-packages/sqlalchemy/engine/base.py:1848: in _execute_context
    return self._exec_single_context(
../../tesis-fim-serio/backend/.venv/lib/python3.13/site-packages/sqlalchemy/engine/base.py:1988: in _exec_single_context
    self._handle_dbapi_exception(
../../tesis-fim-serio/backend/.venv/lib/python3.13/site-packages/sqlalchemy/engine/base.py:2365: in _handle_dbapi_exception
    raise sqlalchemy_exception.with_traceback(exc_info[2]) from e
../../tesis-fim-serio/backend/.venv/lib/python3.13/site-packages/sqlalchemy/engine/base.py:1969: in _exec_single_context
    self.dialect.do_execute(
../../tesis-fim-serio/backend/.venv/lib/python3.13/site-packages/sqlalchemy/engine/default.py:952: in do_execute
    cursor.execute(statement, parameters)
../../tesis-fim-serio/backend/.venv/lib/python3.13/site-packages/psycopg/cursor.py:97: in execute
    raise ex.with_traceback(None)
E   sqlalchemy.exc.IntegrityError: (psycopg.errors.UniqueViolation) duplicate key value violates unique constraint "ix_users_username"
E   DETAIL:  Key (username)=(admin) already exists.
E   [SQL: INSERT INTO users (username, email, password_hash, role, is_active, must_change_password, created_at) VALUES (%(username)s::VARCHAR, %(email)s::VARCHAR, %(password_hash)s::VARCHAR, %(role)s::VARCHAR, %(is_active)s, %(must_change_password)s, %(created_at)s::TIMESTAMP WITH TIME ZONE) RETURNING users.id]
E   [parameters: {'username': 'admin', 'email': 'admin@fim.local', 'password_hash': '$argon2id$v=19$m=65536,t=3,p=4$gZAzUGFHbB3YbnnVFrnaGg$sZFksJZamZzzbhelV18ODpQcG1zLlMvlCEN17EuIOKw', 'role': 'admin', 'is_active': True, 'must_change_password': True, 'created_at': datetime.datetime(2026, 9, 12, 20, 23, 20, 460287, tzinfo=datetime.timezone.utc)}]
E   (Background on this error at: https://sqlalche.me/e/20/gkpj)
_____ ERROR at setup of test_approve_pending_row_born_in_same_transaction ______
../../tesis-fim-serio/backend/.venv/lib/python3.13/site-packages/sqlalchemy/engine/base.py:1969: in _exec_single_context
    self.dialect.do_execute(
../../tesis-fim-serio/backend/.venv/lib/python3.13/site-packages/sqlalchemy/engine/default.py:952: in do_execute
    cursor.execute(statement, parameters)
../../tesis-fim-serio/backend/.venv/lib/python3.13/site-packages/psycopg/cursor.py:97: in execute
    raise ex.with_traceback(None)
E   psycopg.errors.UniqueViolation: duplicate key value violates unique constraint "ix_users_username"
E   DETAIL:  Key (username)=(admin) already exists.

The above exception was the direct cause of the following exception:
backend/tests/conftest.py:133: in _db_isolation
    _seed_admin_impl()
backend/tests/conftest.py:108: in _seed_admin_impl
    session.commit()
../../tesis-fim-serio/backend/.venv/lib/python3.13/site-packages/sqlalchemy/orm/session.py:2035: in commit
    trans.commit(_to_root=True)
../../tesis-fim-serio/backend/.venv/lib/python3.13/site-packages/sqlalchemy/orm/state_changes.py:137: in _go
    ret_value = fn(self, *arg, **kw)
../../tesis-fim-serio/backend/.venv/lib/python3.13/site-packages/sqlalchemy/orm/session.py:1316: in commit
    self._prepare_impl()
../../tesis-fim-serio/backend/.venv/lib/python3.13/site-packages/sqlalchemy/orm/state_changes.py:137: in _go
    ret_value = fn(self, *arg, **kw)
../../tesis-fim-serio/backend/.venv/lib/python3.13/site-packages/sqlalchemy/orm/session.py:1290: in _prepare_impl
    self.session.flush()
../../tesis-fim-serio/backend/.venv/lib/python3.13/site-packages/sqlalchemy/orm/session.py:4353: in flush
    self._flush(objects)
../../tesis-fim-serio/backend/.venv/lib/python3.13/site-packages/sqlalchemy/orm/session.py:4488: in _flush
    with util.safe_reraise():
../../tesis-fim-serio/backend/.venv/lib/python3.13/site-packages/sqlalchemy/util/langhelpers.py:122: in __exit__
    raise exc_value.with_traceback(exc_tb)
../../tesis-fim-serio/backend/.venv/lib/python3.13/site-packages/sqlalchemy/orm/session.py:4449: in _flush
    flush_context.execute()
../../tesis-fim-serio/backend/.venv/lib/python3.13/site-packages/sqlalchemy/orm/unitofwork.py:465: in execute
    rec.execute(self)
../../tesis-fim-serio/backend/.venv/lib/python3.13/site-packages/sqlalchemy/orm/unitofwork.py:641: in execute
    util.preloaded.orm_persistence.save_obj(
../../tesis-fim-serio/backend/.venv/lib/python3.13/site-packages/sqlalchemy/orm/persistence.py:94: in save_obj
    _emit_insert_statements(
../../tesis-fim-serio/backend/.venv/lib/python3.13/site-packages/sqlalchemy/orm/persistence.py:1234: in _emit_insert_statements
    result = connection.execute(
../../tesis-fim-serio/backend/.venv/lib/python3.13/site-packages/sqlalchemy/engine/base.py:1421: in execute
    return meth(
../../tesis-fim-serio/backend/.venv/lib/python3.13/site-packages/sqlalchemy/sql/elements.py:526: in _execute_on_connection
    return connection._execute_clauseelement(
../../tesis-fim-serio/backend/.venv/lib/python3.13/site-packages/sqlalchemy/engine/base.py:1643: in _execute_clauseelement
    ret = self._execute_context(
../../tesis-fim-serio/backend/.venv/lib/python3.13/site-packages/sqlalchemy/engine/base.py:1848: in _execute_context
    return self._exec_single_context(
../../tesis-fim-serio/backend/.venv/lib/python3.13/site-packages/sqlalchemy/engine/base.py:1988: in _exec_single_context
    self._handle_dbapi_exception(
../../tesis-fim-serio/backend/.venv/lib/python3.13/site-packages/sqlalchemy/engine/base.py:2365: in _handle_dbapi_exception
    raise sqlalchemy_exception.with_traceback(exc_info[2]) from e
../../tesis-fim-serio/backend/.venv/lib/python3.13/site-packages/sqlalchemy/engine/base.py:1969: in _exec_single_context
    self.dialect.do_execute(
../../tesis-fim-serio/backend/.venv/lib/python3.13/site-packages/sqlalchemy/engine/default.py:952: in do_execute
    cursor.execute(statement, parameters)
../../tesis-fim-serio/backend/.venv/lib/python3.13/site-packages/psycopg/cursor.py:97: in execute
    raise ex.with_traceback(None)
E   sqlalchemy.exc.IntegrityError: (psycopg.errors.UniqueViolation) duplicate key value violates unique constraint "ix_users_username"
E   DETAIL:  Key (username)=(admin) already exists.
E   [SQL: INSERT INTO users (username, email, password_hash, role, is_active, must_change_password, created_at) VALUES (%(username)s::VARCHAR, %(email)s::VARCHAR, %(password_hash)s::VARCHAR, %(role)s::VARCHAR, %(is_active)s, %(must_change_password)s, %(created_at)s::TIMESTAMP WITH TIME ZONE) RETURNING users.id]
E   [parameters: {'username': 'admin', 'email': 'admin@fim.local', 'password_hash': '$argon2id$v=19$m=65536,t=3,p=4$UPmLR3HAaa1gZOZA8oLHvQ$i2LzWHfKyEGu6CBMQgYoNcf9cK1DVA0B/LAr4eQr7lc', 'role': 'admin', 'is_active': True, 'must_change_password': True, 'created_at': datetime.datetime(2026, 9, 12, 20, 23, 22, 19371, tzinfo=datetime.timezone.utc)}]
E   (Background on this error at: https://sqlalche.me/e/20/gkpj)
=================================== FAILURES ===================================
_______________________ test_admin_puede_listar_usuarios _______________________
backend/tests/modules/users/test_user_management.py:103: in test_admin_puede_listar_usuarios
    token = await _login_admin(admin_client)
backend/tests/modules/users/test_user_management.py:58: in _login_admin
    resp = await client.post(
../../tesis-fim-serio/backend/.venv/lib/python3.13/site-packages/httpx/_client.py:1859: in post
    return await self.request(
../../tesis-fim-serio/backend/.venv/lib/python3.13/site-packages/httpx/_client.py:1540: in request
    return await self.send(request, auth=auth, follow_redirects=follow_redirects)
../../tesis-fim-serio/backend/.venv/lib/python3.13/site-packages/httpx/_client.py:1629: in send
    response = await self._send_handling_auth(
../../tesis-fim-serio/backend/.venv/lib/python3.13/site-packages/httpx/_client.py:1657: in _send_handling_auth
    response = await self._send_handling_redirects(
../../tesis-fim-serio/backend/.venv/lib/python3.13/site-packages/httpx/_client.py:1694: in _send_handling_redirects
    response = await self._send_single_request(request)
../../tesis-fim-serio/backend/.venv/lib/python3.13/site-packages/httpx/_client.py:1730: in _send_single_request
    response = await transport.handle_async_request(request)
../../tesis-fim-serio/backend/.venv/lib/python3.13/site-packages/httpx/_transports/asgi.py:170: in handle_async_request
    await self.app(scope, receive, send)
../../tesis-fim-serio/backend/.venv/lib/python3.13/site-packages/fastapi/applications.py:1159: in __call__
    await super().__call__(scope, receive, send)
../../tesis-fim-serio/backend/.venv/lib/python3.13/site-packages/starlette/applications.py:90: in __call__
    await self.middleware_stack(scope, receive, send)
../../tesis-fim-serio/backend/.venv/lib/python3.13/site-packages/starlette/middleware/errors.py:186: in __call__
    raise exc
../../tesis-fim-serio/backend/.venv/lib/python3.13/site-packages/starlette/middleware/errors.py:164: in __call__
    await self.app(scope, receive, _send)
backend/app/core/middleware/trace_id.py:68: in __call__
    await self.app(scope, receive, send_with_trace)
../../tesis-fim-serio/backend/.venv/lib/python3.13/site-packages/starlette/middleware/base.py:193: in __call__
    response = await self.dispatch_func(request, call_next)
backend/app/core/middleware/cors.py:42: in dispatch
    response = await call_next(request)
../../tesis-fim-serio/backend/.venv/lib/python3.13/site-packages/starlette/middleware/base.py:168: in call_next
    raise app_exc from app_exc.__cause__ or app_exc.__context__
../../tesis-fim-serio/backend/.venv/lib/python3.13/site-packages/starlette/middleware/base.py:144: in coro
    await self.app(scope, receive_or_disconnect, send_no_error)
../../tesis-fim-serio/backend/.venv/lib/python3.13/site-packages/starlette/middleware/exceptions.py:63: in __call__
    await wrap_app_handling_exceptions(self.app, conn)(scope, receive, send)
../../tesis-fim-serio/backend/.venv/lib/python3.13/site-packages/starlette/_exception_handler.py:53: in wrapped_app
    raise exc
../../tesis-fim-serio/backend/.venv/lib/python3.13/site-packages/starlette/_exception_handler.py:42: in wrapped_app
    await app(scope, receive, sender)
../../tesis-fim-serio/backend/.venv/lib/python3.13/site-packages/fastapi/middleware/asyncexitstack.py:18: in __call__
    await self.app(scope, receive, send)
../../tesis-fim-serio/backend/.venv/lib/python3.13/site-packages/starlette/routing.py:660: in __call__
    await self.middleware_stack(scope, receive, send)
../../tesis-fim-serio/backend/.venv/lib/python3.13/site-packages/starlette/routing.py:680: in app
    await route.handle(scope, receive, send)
../../tesis-fim-serio/backend/.venv/lib/python3.13/site-packages/starlette/routing.py:276: in handle
    await self.app(scope, receive, send)
../../tesis-fim-serio/backend/.venv/lib/python3.13/site-packages/fastapi/routing.py:134: in app
    await wrap_app_handling_exceptions(app, request)(scope, receive, send)
../../tesis-fim-serio/backend/.venv/lib/python3.13/site-packages/starlette/_exception_handler.py:53: in wrapped_app
    raise exc
../../tesis-fim-serio/backend/.venv/lib/python3.13/site-packages/starlette/_exception_handler.py:42: in wrapped_app
    await app(scope, receive, sender)
../../tesis-fim-serio/backend/.venv/lib/python3.13/site-packages/fastapi/routing.py:120: in app
    response = await f(request)
../../tesis-fim-serio/backend/.venv/lib/python3.13/site-packages/fastapi/routing.py:674: in app
    raw_response = await run_endpoint_function(
../../tesis-fim-serio/backend/.venv/lib/python3.13/site-packages/fastapi/routing.py:328: in run_endpoint_function
    return await dependant.call(**values)
backend/app/modules/auth/router.py:125: in login
    must_change_password=user.must_change_password,
../../tesis-fim-serio/backend/.venv/lib/python3.13/site-packages/sqlalchemy/orm/attributes.py:569: in __get__
    return self.impl.get(state, dict_)  # type: ignore[no-any-return]
../../tesis-fim-serio/backend/.venv/lib/python3.13/site-packages/sqlalchemy/orm/attributes.py:1096: in get
    value = self._fire_loader_callables(state, key, passive)
../../tesis-fim-serio/backend/.venv/lib/python3.13/site-packages/sqlalchemy/orm/attributes.py:1126: in _fire_loader_callables
    return state._load_expired(state, passive)
../../tesis-fim-serio/backend/.venv/lib/python3.13/site-packages/sqlalchemy/orm/state.py:828: in _load_expired
    self.manager.expired_attribute_loader(self, toload, passive)
../../tesis-fim-serio/backend/.venv/lib/python3.13/site-packages/sqlalchemy/orm/loading.py:1686: in load_scalar_attributes
    raise orm_exc.ObjectDeletedError(state)
E   sqlalchemy.orm.exc.ObjectDeletedError: Instance '<User at 0x74a72271cd70>' has been deleted, or its row is otherwise not present.
_________________ test_post_users_email_duplicado_retorna_409 __________________
backend/tests/modules/users/test_user_management.py:162: in test_post_users_email_duplicado_retorna_409
    token = await _login_admin(admin_client)
backend/tests/modules/users/test_user_management.py:65: in _login_admin
    assert resp.status_code == 200, f"login falló: {resp.text}"
E   AssertionError: login falló: {"detail":"Incorrect username or password"}
E   assert 401 == 200
E    +  where 401 = <Response [401 Unauthorized]>.status_code
----------------------------- Captured stdout call -----------------------------
{"event": "HTTP Request: POST http://testserver/auth/login \"HTTP/1.1 401 Unauthorized\"", "level": "info", "logger": "httpx", "timestamp": "2026-09-12T20:19:48.802473Z"}
------------------------------ Captured log call -------------------------------
INFO     httpx:_client.py:1740 HTTP Request: POST http://testserver/auth/login "HTTP/1.1 401 Unauthorized"
__________________ test_post_users_email_invalido_retorna_422 __________________
backend/tests/modules/users/test_user_management.py:196: in test_post_users_email_invalido_retorna_422
    token = await _change_password(admin_client, token)
backend/tests/modules/users/test_user_management.py:80: in _change_password
    resp = await client.post(
../../tesis-fim-serio/backend/.venv/lib/python3.13/site-packages/httpx/_client.py:1859: in post
    return await self.request(
../../tesis-fim-serio/backend/.venv/lib/python3.13/site-packages/httpx/_client.py:1540: in request
    return await self.send(request, auth=auth, follow_redirects=follow_redirects)
../../tesis-fim-serio/backend/.venv/lib/python3.13/site-packages/httpx/_client.py:1629: in send
    response = await self._send_handling_auth(
../../tesis-fim-serio/backend/.venv/lib/python3.13/site-packages/httpx/_client.py:1657: in _send_handling_auth
    response = await self._send_handling_redirects(
../../tesis-fim-serio/backend/.venv/lib/python3.13/site-packages/httpx/_client.py:1694: in _send_handling_redirects
    response = await self._send_single_request(request)
../../tesis-fim-serio/backend/.venv/lib/python3.13/site-packages/httpx/_client.py:1730: in _send_single_request
    response = await transport.handle_async_request(request)
../../tesis-fim-serio/backend/.venv/lib/python3.13/site-packages/httpx/_transports/asgi.py:170: in handle_async_request
    await self.app(scope, receive, send)
../../tesis-fim-serio/backend/.venv/lib/python3.13/site-packages/fastapi/applications.py:1159: in __call__
    await super().__call__(scope, receive, send)
../../tesis-fim-serio/backend/.venv/lib/python3.13/site-packages/starlette/applications.py:90: in __call__
    await self.middleware_stack(scope, receive, send)
../../tesis-fim-serio/backend/.venv/lib/python3.13/site-packages/starlette/middleware/errors.py:186: in __call__
    raise exc
../../tesis-fim-serio/backend/.venv/lib/python3.13/site-packages/starlette/middleware/errors.py:164: in __call__
    await self.app(scope, receive, _send)
backend/app/core/middleware/trace_id.py:68: in __call__
    await self.app(scope, receive, send_with_trace)
../../tesis-fim-serio/backend/.venv/lib/python3.13/site-packages/starlette/middleware/base.py:193: in __call__
    response = await self.dispatch_func(request, call_next)
backend/app/core/middleware/cors.py:42: in dispatch
    response = await call_next(request)
../../tesis-fim-serio/backend/.venv/lib/python3.13/site-packages/starlette/middleware/base.py:168: in call_next
    raise app_exc from app_exc.__cause__ or app_exc.__context__
../../tesis-fim-serio/backend/.venv/lib/python3.13/site-packages/starlette/middleware/base.py:144: in coro
    await self.app(scope, receive_or_disconnect, send_no_error)
../../tesis-fim-serio/backend/.venv/lib/python3.13/site-packages/starlette/middleware/exceptions.py:63: in __call__
    await wrap_app_handling_exceptions(self.app, conn)(scope, receive, send)
../../tesis-fim-serio/backend/.venv/lib/python3.13/site-packages/starlette/_exception_handler.py:53: in wrapped_app
    raise exc
../../tesis-fim-serio/backend/.venv/lib/python3.13/site-packages/starlette/_exception_handler.py:42: in wrapped_app
    await app(scope, receive, sender)
../../tesis-fim-serio/backend/.venv/lib/python3.13/site-packages/fastapi/middleware/asyncexitstack.py:18: in __call__
    await self.app(scope, receive, send)
../../tesis-fim-serio/backend/.venv/lib/python3.13/site-packages/starlette/routing.py:660: in __call__
    await self.middleware_stack(scope, receive, send)
../../tesis-fim-serio/backend/.venv/lib/python3.13/site-packages/starlette/routing.py:680: in app
    await route.handle(scope, receive, send)
../../tesis-fim-serio/backend/.venv/lib/python3.13/site-packages/starlette/routing.py:276: in handle
    await self.app(scope, receive, send)
../../tesis-fim-serio/backend/.venv/lib/python3.13/site-packages/fastapi/routing.py:134: in app
    await wrap_app_handling_exceptions(app, request)(scope, receive, send)
../../tesis-fim-serio/backend/.venv/lib/python3.13/site-packages/starlette/_exception_handler.py:53: in wrapped_app
    raise exc
../../tesis-fim-serio/backend/.venv/lib/python3.13/site-packages/starlette/_exception_handler.py:42: in wrapped_app
    await app(scope, receive, sender)
../../tesis-fim-serio/backend/.venv/lib/python3.13/site-packages/fastapi/routing.py:120: in app
    response = await f(request)
../../tesis-fim-serio/backend/.venv/lib/python3.13/site-packages/fastapi/routing.py:674: in app
    raw_response = await run_endpoint_function(
../../tesis-fim-serio/backend/.venv/lib/python3.13/site-packages/fastapi/routing.py:328: in run_endpoint_function
    return await dependant.call(**values)
backend/app/modules/users/router.py:100: in change_password
    write_audit_log(session, "change_password", user.id)  # type: ignore[arg-type]
../../tesis-fim-serio/backend/.venv/lib/python3.13/site-packages/sqlalchemy/orm/attributes.py:569: in __get__
    return self.impl.get(state, dict_)  # type: ignore[no-any-return]
../../tesis-fim-serio/backend/.venv/lib/python3.13/site-packages/sqlalchemy/orm/attributes.py:1096: in get
    value = self._fire_loader_callables(state, key, passive)
../../tesis-fim-serio/backend/.venv/lib/python3.13/site-packages/sqlalchemy/orm/attributes.py:1126: in _fire_loader_callables
    return state._load_expired(state, passive)
../../tesis-fim-serio/backend/.venv/lib/python3.13/site-packages/sqlalchemy/orm/state.py:828: in _load_expired
    self.manager.expired_attribute_loader(self, toload, passive)
../../tesis-fim-serio/backend/.venv/lib/python3.13/site-packages/sqlalchemy/orm/loading.py:1686: in load_scalar_attributes
    raise orm_exc.ObjectDeletedError(state)
E   sqlalchemy.orm.exc.ObjectDeletedError: Instance '<User at 0x74a722f59630>' has been deleted, or its row is otherwise not present.
----------------------------- Captured stdout call -----------------------------
{"event": "HTTP Request: POST http://testserver/auth/login \"HTTP/1.1 200 OK\"", "level": "info", "logger": "httpx", "timestamp": "2026-09-12T20:19:49.332012Z"}
------------------------------ Captured log call -------------------------------
INFO     httpx:_client.py:1740 HTTP Request: POST http://testserver/auth/login "HTTP/1.1 200 OK"
_________________ test_seed_admin_usa_admin_email_configurado __________________
../../tesis-fim-serio/backend/.venv/lib/python3.13/site-packages/sqlalchemy/engine/base.py:1969: in _exec_single_context
    self.dialect.do_execute(
../../tesis-fim-serio/backend/.venv/lib/python3.13/site-packages/sqlalchemy/engine/default.py:952: in do_execute
    cursor.execute(statement, parameters)
../../tesis-fim-serio/backend/.venv/lib/python3.13/site-packages/psycopg/cursor.py:97: in execute
    raise ex.with_traceback(None)
E   psycopg.errors.UniqueViolation: duplicate key value violates unique constraint "ix_users_username"
E   DETAIL:  Key (username)=(admin) already exists.

The above exception was the direct cause of the following exception:
backend/tests/modules/users/test_user_management.py:229: in test_seed_admin_usa_admin_email_configurado
    seed_admin()
backend/app/modules/auth/service.py:31: in seed_admin
    session.commit()
../../tesis-fim-serio/backend/.venv/lib/python3.13/site-packages/sqlalchemy/orm/session.py:2035: in commit
    trans.commit(_to_root=True)
<string>:2: in commit
    ???
../../tesis-fim-serio/backend/.venv/lib/python3.13/site-packages/sqlalchemy/orm/state_changes.py:137: in _go
    ret_value = fn(self, *arg, **kw)
../../tesis-fim-serio/backend/.venv/lib/python3.13/site-packages/sqlalchemy/orm/session.py:1316: in commit
    self._prepare_impl()
<string>:2: in _prepare_impl
    ???
../../tesis-fim-serio/backend/.venv/lib/python3.13/site-packages/sqlalchemy/orm/state_changes.py:137: in _go
    ret_value = fn(self, *arg, **kw)
../../tesis-fim-serio/backend/.venv/lib/python3.13/site-packages/sqlalchemy/orm/session.py:1290: in _prepare_impl
    self.session.flush()
../../tesis-fim-serio/backend/.venv/lib/python3.13/site-packages/sqlalchemy/orm/session.py:4353: in flush
    self._flush(objects)
../../tesis-fim-serio/backend/.venv/lib/python3.13/site-packages/sqlalchemy/orm/session.py:4488: in _flush
    with util.safe_reraise():
../../tesis-fim-serio/backend/.venv/lib/python3.13/site-packages/sqlalchemy/util/langhelpers.py:122: in __exit__
    raise exc_value.with_traceback(exc_tb)
../../tesis-fim-serio/backend/.venv/lib/python3.13/site-packages/sqlalchemy/orm/session.py:4449: in _flush
    flush_context.execute()
../../tesis-fim-serio/backend/.venv/lib/python3.13/site-packages/sqlalchemy/orm/unitofwork.py:465: in execute
    rec.execute(self)
../../tesis-fim-serio/backend/.venv/lib/python3.13/site-packages/sqlalchemy/orm/unitofwork.py:641: in execute
    util.preloaded.orm_persistence.save_obj(
../../tesis-fim-serio/backend/.venv/lib/python3.13/site-packages/sqlalchemy/orm/persistence.py:94: in save_obj
    _emit_insert_statements(
../../tesis-fim-serio/backend/.venv/lib/python3.13/site-packages/sqlalchemy/orm/persistence.py:1234: in _emit_insert_statements
    result = connection.execute(
../../tesis-fim-serio/backend/.venv/lib/python3.13/site-packages/sqlalchemy/engine/base.py:1421: in execute
    return meth(
../../tesis-fim-serio/backend/.venv/lib/python3.13/site-packages/sqlalchemy/sql/elements.py:526: in _execute_on_connection
    return connection._execute_clauseelement(
../../tesis-fim-serio/backend/.venv/lib/python3.13/site-packages/sqlalchemy/engine/base.py:1643: in _execute_clauseelement
    ret = self._execute_context(
../../tesis-fim-serio/backend/.venv/lib/python3.13/site-packages/sqlalchemy/engine/base.py:1848: in _execute_context
    return self._exec_single_context(
../../tesis-fim-serio/backend/.venv/lib/python3.13/site-packages/sqlalchemy/engine/base.py:1988: in _exec_single_context
    self._handle_dbapi_exception(
../../tesis-fim-serio/backend/.venv/lib/python3.13/site-packages/sqlalchemy/engine/base.py:2365: in _handle_dbapi_exception
    raise sqlalchemy_exception.with_traceback(exc_info[2]) from e
../../tesis-fim-serio/backend/.venv/lib/python3.13/site-packages/sqlalchemy/engine/base.py:1969: in _exec_single_context
    self.dialect.do_execute(
../../tesis-fim-serio/backend/.venv/lib/python3.13/site-packages/sqlalchemy/engine/default.py:952: in do_execute
    cursor.execute(statement, parameters)
../../tesis-fim-serio/backend/.venv/lib/python3.13/site-packages/psycopg/cursor.py:97: in execute
    raise ex.with_traceback(None)
E   sqlalchemy.exc.IntegrityError: (psycopg.errors.UniqueViolation) duplicate key value violates unique constraint "ix_users_username"
E   DETAIL:  Key (username)=(admin) already exists.
E   [SQL: INSERT INTO users (username, email, password_hash, role, is_active, must_change_password, created_at) VALUES (%(username)s::VARCHAR, %(email)s::VARCHAR, %(password_hash)s::VARCHAR, %(role)s::VARCHAR, %(is_active)s, %(must_change_password)s, %(created_at)s::TIMESTAMP WITH TIME ZONE) RETURNING users.id]
E   [parameters: {'username': 'admin', 'email': 'ops@fim.example', 'password_hash': '$argon2id$v=19$m=65536,t=3,p=4$hfzsrMZTdmSi/C1WkxIoXQ$yojCEH88LITmenda7+lBUbnzfkklQpfeqvPrbHJ4Iho', 'role': 'admin', 'is_active': True, 'must_change_password': True, 'created_at': datetime.datetime(2026, 9, 12, 20, 19, 49, 867719, tzinfo=datetime.timezone.utc)}]
E   (Background on this error at: https://sqlalche.me/e/20/gkpj)
____________ test_seed_admin_usa_default_cuando_no_hay_admin_email _____________
../../tesis-fim-serio/backend/.venv/lib/python3.13/site-packages/sqlalchemy/engine/base.py:1969: in _exec_single_context
    self.dialect.do_execute(
../../tesis-fim-serio/backend/.venv/lib/python3.13/site-packages/sqlalchemy/engine/default.py:952: in do_execute
    cursor.execute(statement, parameters)
../../tesis-fim-serio/backend/.venv/lib/python3.13/site-packages/psycopg/cursor.py:97: in execute
    raise ex.with_traceback(None)
E   psycopg.errors.UniqueViolation: duplicate key value violates unique constraint "ix_users_username"
E   DETAIL:  Key (username)=(admin) already exists.

The above exception was the direct cause of the following exception:
backend/tests/modules/users/test_user_management.py:249: in test_seed_admin_usa_default_cuando_no_hay_admin_email
    seed_admin()
backend/app/modules/auth/service.py:31: in seed_admin
    session.commit()
../../tesis-fim-serio/backend/.venv/lib/python3.13/site-packages/sqlalchemy/orm/session.py:2035: in commit
    trans.commit(_to_root=True)
<string>:2: in commit
    ???
../../tesis-fim-serio/backend/.venv/lib/python3.13/site-packages/sqlalchemy/orm/state_changes.py:137: in _go
    ret_value = fn(self, *arg, **kw)
../../tesis-fim-serio/backend/.venv/lib/python3.13/site-packages/sqlalchemy/orm/session.py:1316: in commit
    self._prepare_impl()
<string>:2: in _prepare_impl
    ???
../../tesis-fim-serio/backend/.venv/lib/python3.13/site-packages/sqlalchemy/orm/state_changes.py:137: in _go
    ret_value = fn(self, *arg, **kw)
../../tesis-fim-serio/backend/.venv/lib/python3.13/site-packages/sqlalchemy/orm/session.py:1290: in _prepare_impl
    self.session.flush()
../../tesis-fim-serio/backend/.venv/lib/python3.13/site-packages/sqlalchemy/orm/session.py:4353: in flush
    self._flush(objects)
../../tesis-fim-serio/backend/.venv/lib/python3.13/site-packages/sqlalchemy/orm/session.py:4488: in _flush
    with util.safe_reraise():
../../tesis-fim-serio/backend/.venv/lib/python3.13/site-packages/sqlalchemy/util/langhelpers.py:122: in __exit__
    raise exc_value.with_traceback(exc_tb)
../../tesis-fim-serio/backend/.venv/lib/python3.13/site-packages/sqlalchemy/orm/session.py:4449: in _flush
    flush_context.execute()
../../tesis-fim-serio/backend/.venv/lib/python3.13/site-packages/sqlalchemy/orm/unitofwork.py:465: in execute
    rec.execute(self)
../../tesis-fim-serio/backend/.venv/lib/python3.13/site-packages/sqlalchemy/orm/unitofwork.py:641: in execute
    util.preloaded.orm_persistence.save_obj(
../../tesis-fim-serio/backend/.venv/lib/python3.13/site-packages/sqlalchemy/orm/persistence.py:94: in save_obj
    _emit_insert_statements(
../../tesis-fim-serio/backend/.venv/lib/python3.13/site-packages/sqlalchemy/orm/persistence.py:1234: in _emit_insert_statements
    result = connection.execute(
../../tesis-fim-serio/backend/.venv/lib/python3.13/site-packages/sqlalchemy/engine/base.py:1421: in execute
    return meth(
../../tesis-fim-serio/backend/.venv/lib/python3.13/site-packages/sqlalchemy/sql/elements.py:526: in _execute_on_connection
    return connection._execute_clauseelement(
../../tesis-fim-serio/backend/.venv/lib/python3.13/site-packages/sqlalchemy/engine/base.py:1643: in _execute_clauseelement
    ret = self._execute_context(
../../tesis-fim-serio/backend/.venv/lib/python3.13/site-packages/sqlalchemy/engine/base.py:1848: in _execute_context
    return self._exec_single_context(
../../tesis-fim-serio/backend/.venv/lib/python3.13/site-packages/sqlalchemy/engine/base.py:1988: in _exec_single_context
    self._handle_dbapi_exception(
../../tesis-fim-serio/backend/.venv/lib/python3.13/site-packages/sqlalchemy/engine/base.py:2365: in _handle_dbapi_exception
    raise sqlalchemy_exception.with_traceback(exc_info[2]) from e
../../tesis-fim-serio/backend/.venv/lib/python3.13/site-packages/sqlalchemy/engine/base.py:1969: in _exec_single_context
    self.dialect.do_execute(
../../tesis-fim-serio/backend/.venv/lib/python3.13/site-packages/sqlalchemy/engine/default.py:952: in do_execute
    cursor.execute(statement, parameters)
../../tesis-fim-serio/backend/.venv/lib/python3.13/site-packages/psycopg/cursor.py:97: in execute
    raise ex.with_traceback(None)
E   sqlalchemy.exc.IntegrityError: (psycopg.errors.UniqueViolation) duplicate key value violates unique constraint "ix_users_username"
E   DETAIL:  Key (username)=(admin) already exists.
E   [SQL: INSERT INTO users (username, email, password_hash, role, is_active, must_change_password, created_at) VALUES (%(username)s::VARCHAR, %(email)s::VARCHAR, %(password_hash)s::VARCHAR, %(role)s::VARCHAR, %(is_active)s, %(must_change_password)s, %(created_at)s::TIMESTAMP WITH TIME ZONE) RETURNING users.id]
E   [parameters: {'username': 'admin', 'email': 'admin@fim.local', 'password_hash': '$argon2id$v=19$m=65536,t=3,p=4$V+oEYsitEsSJw6+Pyomt+A$N+FcnuqtbpK1qYRzHdti9yl94dFimJWoPTkKUB1Fsyo', 'role': 'admin', 'is_active': True, 'must_change_password': True, 'created_at': datetime.datetime(2026, 9, 12, 20, 19, 50, 419309, tzinfo=datetime.timezone.utc)}]
E   (Background on this error at: https://sqlalche.me/e/20/gkpj)
__________________ test_reject_returns_action_response_shape ___________________
  + Exception Group Traceback (most recent call last):
  |   File "[HOME]/Facultad/tesis/tesis-fim-serio/backend/.venv/lib/python3.13/site-packages/_pytest/runner.py", line 341, in from_call
  |     result: TResult | None = func()
  |                              ~~~~^^
  |   File "[HOME]/Facultad/tesis/tesis-fim-serio/backend/.venv/lib/python3.13/site-packages/_pytest/runner.py", line 242, in <lambda>
  |     lambda: runtest_hook(item=item, **kwds), when=when, reraise=reraise
  |             ~~~~~~~~~~~~^^^^^^^^^^^^^^^^^^^
  |   File "[HOME]/Facultad/tesis/tesis-fim-serio/backend/.venv/lib/python3.13/site-packages/pluggy/_hooks.py", line 512, in __call__
  |     return self._hookexec(self.name, self._hookimpls.copy(), kwargs, firstresult)
  |            ~~~~~~~~~~~~~~^^^^^^^^^^^^^^^^^^^^^^^^^^^^^^^^^^^^^^^^^^^^^^^^^^^^^^^^
  |   File "[HOME]/Facultad/tesis/tesis-fim-serio/backend/.venv/lib/python3.13/site-packages/pluggy/_manager.py", line 120, in _hookexec
  |     return self._inner_hookexec(hook_name, methods, kwargs, firstresult)
  |            ~~~~~~~~~~~~~~~~~~~~^^^^^^^^^^^^^^^^^^^^^^^^^^^^^^^^^^^^^^^^^
  |   File "[HOME]/Facultad/tesis/tesis-fim-serio/backend/.venv/lib/python3.13/site-packages/pluggy/_callers.py", line 167, in _multicall
  |     raise exception
  |   File "[HOME]/Facultad/tesis/tesis-fim-serio/backend/.venv/lib/python3.13/site-packages/pluggy/_callers.py", line 139, in _multicall
  |     teardown.throw(exception)
  |     ~~~~~~~~~~~~~~^^^^^^^^^^^
  |   File "[HOME]/Facultad/tesis/tesis-fim-serio/backend/.venv/lib/python3.13/site-packages/_pytest/threadexception.py", line 92, in pytest_runtest_call
  |     yield from thread_exception_runtest_hook()
  |   File "[HOME]/Facultad/tesis/tesis-fim-serio/backend/.venv/lib/python3.13/site-packages/_pytest/threadexception.py", line 68, in thread_exception_runtest_hook
  |     yield
  |   File "[HOME]/Facultad/tesis/tesis-fim-serio/backend/.venv/lib/python3.13/site-packages/pluggy/_callers.py", line 139, in _multicall
  |     teardown.throw(exception)
  |     ~~~~~~~~~~~~~~^^^^^^^^^^^
  |   File "[HOME]/Facultad/tesis/tesis-fim-serio/backend/.venv/lib/python3.13/site-packages/_pytest/unraisableexception.py", line 95, in pytest_runtest_call
  |     yield from unraisable_exception_runtest_hook()
  |   File "[HOME]/Facultad/tesis/tesis-fim-serio/backend/.venv/lib/python3.13/site-packages/_pytest/unraisableexception.py", line 70, in unraisable_exception_runtest_hook
  |     yield
  |   File "[HOME]/Facultad/tesis/tesis-fim-serio/backend/.venv/lib/python3.13/site-packages/pluggy/_callers.py", line 139, in _multicall
  |     teardown.throw(exception)
  |     ~~~~~~~~~~~~~~^^^^^^^^^^^
  |   File "[HOME]/Facultad/tesis/tesis-fim-serio/backend/.venv/lib/python3.13/site-packages/_pytest/logging.py", line 846, in pytest_runtest_call
  |     yield from self._runtest_for(item, "call")
  |   File "[HOME]/Facultad/tesis/tesis-fim-serio/backend/.venv/lib/python3.13/site-packages/_pytest/logging.py", line 829, in _runtest_for
  |     yield
  |   File "[HOME]/Facultad/tesis/tesis-fim-serio/backend/.venv/lib/python3.13/site-packages/pluggy/_callers.py", line 139, in _multicall
  |     teardown.throw(exception)
  |     ~~~~~~~~~~~~~~^^^^^^^^^^^
  |   File "[HOME]/Facultad/tesis/tesis-fim-serio/backend/.venv/lib/python3.13/site-packages/_pytest/capture.py", line 880, in pytest_runtest_call
  |     return (yield)
  |             ^^^^^
  |   File "[HOME]/Facultad/tesis/tesis-fim-serio/backend/.venv/lib/python3.13/site-packages/pluggy/_callers.py", line 139, in _multicall
  |     teardown.throw(exception)
  |     ~~~~~~~~~~~~~~^^^^^^^^^^^
  |   File "[HOME]/Facultad/tesis/tesis-fim-serio/backend/.venv/lib/python3.13/site-packages/pluggy/_callers.py", line 53, in run_old_style_hookwrapper
  |     return result.get_result()
  |            ~~~~~~~~~~~~~~~~~^^
  |   File "[HOME]/Facultad/tesis/tesis-fim-serio/backend/.venv/lib/python3.13/site-packages/pluggy/_result.py", line 103, in get_result
  |     raise exc.with_traceback(tb)
  |   File "[HOME]/Facultad/tesis/tesis-fim-serio/backend/.venv/lib/python3.13/site-packages/pluggy/_callers.py", line 38, in run_old_style_hookwrapper
  |     res = yield
  |           ^^^^^
  |   File "[HOME]/Facultad/tesis/tesis-fim-serio/backend/.venv/lib/python3.13/site-packages/pluggy/_callers.py", line 139, in _multicall
  |     teardown.throw(exception)
  |     ~~~~~~~~~~~~~~^^^^^^^^^^^
  |   File "[HOME]/Facultad/tesis/tesis-fim-serio/backend/.venv/lib/python3.13/site-packages/_pytest/skipping.py", line 257, in pytest_runtest_call
  |     return (yield)
  |             ^^^^^
  |   File "[HOME]/Facultad/tesis/tesis-fim-serio/backend/.venv/lib/python3.13/site-packages/pluggy/_callers.py", line 121, in _multicall
  |     res = hook_impl.function(*args)
  |   File "[HOME]/Facultad/tesis/tesis-fim-serio/backend/.venv/lib/python3.13/site-packages/_pytest/runner.py", line 174, in pytest_runtest_call
  |     item.runtest()
  |     ~~~~~~~~~~~~^^
  |   File "[HOME]/Facultad/tesis/tesis-fim-serio/backend/.venv/lib/python3.13/site-packages/pytest_asyncio/plugin.py", line 533, in runtest
  |     super().runtest()
  |     ~~~~~~~~~~~~~~~^^
  |   File "[HOME]/Facultad/tesis/tesis-fim-serio/backend/.venv/lib/python3.13/site-packages/_pytest/python.py", line 1627, in runtest
  |     self.ihook.pytest_pyfunc_call(pyfuncitem=self)
  |     ~~~~~~~~~~~~~~~~~~~~~~~~~~~~~^^^^^^^^^^^^^^^^^
  |   File "[HOME]/Facultad/tesis/tesis-fim-serio/backend/.venv/lib/python3.13/site-packages/pluggy/_hooks.py", line 512, in __call__
  |     return self._hookexec(self.name, self._hookimpls.copy(), kwargs, firstresult)
  |            ~~~~~~~~~~~~~~^^^^^^^^^^^^^^^^^^^^^^^^^^^^^^^^^^^^^^^^^^^^^^^^^^^^^^^^
  |   File "[HOME]/Facultad/tesis/tesis-fim-serio/backend/.venv/lib/python3.13/site-packages/pluggy/_manager.py", line 120, in _hookexec
  |     return self._inner_hookexec(hook_name, methods, kwargs, firstresult)
  |            ~~~~~~~~~~~~~~~~~~~~^^^^^^^^^^^^^^^^^^^^^^^^^^^^^^^^^^^^^^^^^
  |   File "[HOME]/Facultad/tesis/tesis-fim-serio/backend/.venv/lib/python3.13/site-packages/pluggy/_callers.py", line 167, in _multicall
  |     raise exception
  |   File "[HOME]/Facultad/tesis/tesis-fim-serio/backend/.venv/lib/python3.13/site-packages/pluggy/_callers.py", line 139, in _multicall
  |     teardown.throw(exception)
  |     ~~~~~~~~~~~~~~^^^^^^^^^^^
  |   File "[HOME]/Facultad/tesis/tesis-fim-serio/backend/.venv/lib/python3.13/site-packages/pluggy/_callers.py", line 53, in run_old_style_hookwrapper
  |     return result.get_result()
  |            ~~~~~~~~~~~~~~~~~^^
  |   File "[HOME]/Facultad/tesis/tesis-fim-serio/backend/.venv/lib/python3.13/site-packages/pluggy/_result.py", line 103, in get_result
  |     raise exc.with_traceback(tb)
  |   File "[HOME]/Facultad/tesis/tesis-fim-serio/backend/.venv/lib/python3.13/site-packages/pluggy/_callers.py", line 38, in run_old_style_hookwrapper
  |     res = yield
  |           ^^^^^
  |   File "[HOME]/Facultad/tesis/tesis-fim-serio/backend/.venv/lib/python3.13/site-packages/pluggy/_callers.py", line 121, in _multicall
  |     res = hook_impl.function(*args)
  |   File "[HOME]/Facultad/tesis/tesis-fim-serio/backend/.venv/lib/python3.13/site-packages/_pytest/python.py", line 159, in pytest_pyfunc_call
  |     result = testfunction(**testargs)
  |   File "[HOME]/Facultad/tesis/tesis-fim-serio/backend/.venv/lib/python3.13/site-packages/pytest_asyncio/plugin.py", line 1052, in inner
  |     _loop.run_until_complete(task)
  |     ~~~~~~~~~~~~~~~~~~~~~~~~^^^^^^
  |   File "[HOME]/.local/share/uv/python/cpython-3.13.14-linux-x86_64-gnu/lib/python3.13/asyncio/base_events.py", line 725, in run_until_complete
  |     return future.result()
  |            ~~~~~~~~~~~~~^^
  |   File "[HOME]/Facultad/tesis/tesis-fim-serio-worktrees/l5-agents/backend/tests/test_actions_router.py", line 290, in test_reject_returns_action_response_shape
  |     resp = await client.post(
  |            ^^^^^^^^^^^^^^^^^^
  |     ...<3 lines>...
  |     )
  |     ^
  |   File "[HOME]/Facultad/tesis/tesis-fim-serio/backend/.venv/lib/python3.13/site-packages/httpx/_client.py", line 1859, in post
  |     return await self.request(
  |            ^^^^^^^^^^^^^^^^^^^
  |     ...<13 lines>...
  |     )
  |     ^
  |   File "[HOME]/Facultad/tesis/tesis-fim-serio/backend/.venv/lib/python3.13/site-packages/httpx/_client.py", line 1540, in request
  |     return await self.send(request, auth=auth, follow_redirects=follow_redirects)
  |            ^^^^^^^^^^^^^^^^^^^^^^^^^^^^^^^^^^^^^^^^^^^^^^^^^^^^^^^^^^^^^^^^^^^^^^
  |   File "[HOME]/Facultad/tesis/tesis-fim-serio/backend/.venv/lib/python3.13/site-packages/httpx/_client.py", line 1629, in send
  |     response = await self._send_handling_auth(
  |                ^^^^^^^^^^^^^^^^^^^^^^^^^^^^^^^
  |     ...<4 lines>...
  |     )
  |     ^
  |   File "[HOME]/Facultad/tesis/tesis-fim-serio/backend/.venv/lib/python3.13/site-packages/httpx/_client.py", line 1657, in _send_handling_auth
  |     response = await self._send_handling_redirects(
  |                ^^^^^^^^^^^^^^^^^^^^^^^^^^^^^^^^^^^^
  |     ...<3 lines>...
  |     )
  |     ^
  |   File "[HOME]/Facultad/tesis/tesis-fim-serio/backend/.venv/lib/python3.13/site-packages/httpx/_client.py", line 1694, in _send_handling_redirects
  |     response = await self._send_single_request(request)
  |                ^^^^^^^^^^^^^^^^^^^^^^^^^^^^^^^^^^^^^^^^
  |   File "[HOME]/Facultad/tesis/tesis-fim-serio/backend/.venv/lib/python3.13/site-packages/httpx/_client.py", line 1730, in _send_single_request
  |     response = await transport.handle_async_request(request)
  |                ^^^^^^^^^^^^^^^^^^^^^^^^^^^^^^^^^^^^^^^^^^^^^
  |   File "[HOME]/Facultad/tesis/tesis-fim-serio/backend/.venv/lib/python3.13/site-packages/httpx/_transports/asgi.py", line 170, in handle_async_request
  |     await self.app(scope, receive, send)
  |   File "[HOME]/Facultad/tesis/tesis-fim-serio/backend/.venv/lib/python3.13/site-packages/fastapi/applications.py", line 1159, in __call__
  |     await super().__call__(scope, receive, send)
  |   File "[HOME]/Facultad/tesis/tesis-fim-serio/backend/.venv/lib/python3.13/site-packages/starlette/applications.py", line 90, in __call__
  |     await self.middleware_stack(scope, receive, send)
  |   File "[HOME]/Facultad/tesis/tesis-fim-serio/backend/.venv/lib/python3.13/site-packages/starlette/middleware/errors.py", line 164, in __call__
  |     await self.app(scope, receive, _send)
  |   File "[HOME]/Facultad/tesis/tesis-fim-serio-worktrees/l5-agents/backend/app/core/middleware/trace_id.py", line 68, in __call__
  |     await self.app(scope, receive, send_with_trace)
  |   File "[HOME]/Facultad/tesis/tesis-fim-serio/backend/.venv/lib/python3.13/site-packages/starlette/middleware/base.py", line 192, in __call__
  |     async with create_collapsing_task_group() as task_group:
  |                ~~~~~~~~~~~~~~~~~~~~~~~~~~~~^^
  |   File "[HOME]/.local/share/uv/python/cpython-3.13.14-linux-x86_64-gnu/lib/python3.13/contextlib.py", line 235, in __aexit__
  |     await self.gen.athrow(value)
  |   File "[HOME]/Facultad/tesis/tesis-fim-serio/backend/.venv/lib/python3.13/site-packages/starlette/_utils.py", line 85, in create_collapsing_task_group
  |     async with anyio.create_task_group() as tg:
  |                ~~~~~~~~~~~~~~~~~~~~~~~^^
  |   File "[HOME]/Facultad/tesis/tesis-fim-serio/backend/.venv/lib/python3.13/site-packages/anyio/_backends/_asyncio.py", line 811, in __aexit__
  |     raise BaseExceptionGroup(
  |         "unhandled errors in a TaskGroup", self._exceptions
  |     ) from None
  | BaseExceptionGroup: unhandled errors in a TaskGroup (2 sub-exceptions)
  +-+---------------- 1 ----------------
    | Traceback (most recent call last):
    |   File "[HOME]/Facultad/tesis/tesis-fim-serio/backend/.venv/lib/python3.13/site-packages/starlette/middleware/base.py", line 151, in call_next
    |     message = await recv_stream.receive()
    |               ^^^^^^^^^^^^^^^^^^^^^^^^^^^
    |   File "[HOME]/Facultad/tesis/tesis-fim-serio/backend/.venv/lib/python3.13/site-packages/anyio/streams/memory.py", line 132, in receive
    |     raise EndOfStream from None
    | anyio.EndOfStream
    | 
    | During handling of the above exception, another exception occurred:
    | 
    | Traceback (most recent call last):
    |   File "[HOME]/Facultad/tesis/tesis-fim-serio/backend/.venv/lib/python3.13/site-packages/starlette/_utils.py", line 86, in create_collapsing_task_group
    |     yield tg
    |   File "[HOME]/Facultad/tesis/tesis-fim-serio/backend/.venv/lib/python3.13/site-packages/starlette/middleware/base.py", line 193, in __call__
    |     response = await self.dispatch_func(request, call_next)
    |                ^^^^^^^^^^^^^^^^^^^^^^^^^^^^^^^^^^^^^^^^^^^^
    |   File "[HOME]/Facultad/tesis/tesis-fim-serio-worktrees/l5-agents/backend/app/core/middleware/cors.py", line 42, in dispatch
    |     response = await call_next(request)
    |                ^^^^^^^^^^^^^^^^^^^^^^^^
    |   File "[HOME]/Facultad/tesis/tesis-fim-serio/backend/.venv/lib/python3.13/site-packages/starlette/middleware/base.py", line 169, in call_next
    |     raise RuntimeError("No response returned.")
    | RuntimeError: No response returned.
    +---------------- 2 ----------------
    | Traceback (most recent call last):
    |   File "[HOME]/Facultad/tesis/tesis-fim-serio/backend/.venv/lib/python3.13/site-packages/anyio/_core/_tasks.py", line 278, in _run_coro
    |     retval = await self._coro
    |              ^^^^^^^^^^^^^^^^
    |   File "[HOME]/Facultad/tesis/tesis-fim-serio/backend/.venv/lib/python3.13/site-packages/starlette/middleware/base.py", line 144, in coro
    |     await self.app(scope, receive_or_disconnect, send_no_error)
    |   File "[HOME]/Facultad/tesis/tesis-fim-serio/backend/.venv/lib/python3.13/site-packages/starlette/middleware/exceptions.py", line 63, in __call__
    |     await wrap_app_handling_exceptions(self.app, conn)(scope, receive, send)
    |   File "[HOME]/Facultad/tesis/tesis-fim-serio/backend/.venv/lib/python3.13/site-packages/starlette/_exception_handler.py", line 42, in wrapped_app
    |     await app(scope, receive, sender)
    |   File "[HOME]/Facultad/tesis/tesis-fim-serio/backend/.venv/lib/python3.13/site-packages/fastapi/middleware/asyncexitstack.py", line 18, in __call__
    |     await self.app(scope, receive, send)
    |   File "[HOME]/Facultad/tesis/tesis-fim-serio/backend/.venv/lib/python3.13/site-packages/starlette/routing.py", line 660, in __call__
    |     await self.middleware_stack(scope, receive, send)
    |   File "[HOME]/Facultad/tesis/tesis-fim-serio/backend/.venv/lib/python3.13/site-packages/starlette/routing.py", line 680, in app
    |     await route.handle(scope, receive, send)
    |   File "[HOME]/Facultad/tesis/tesis-fim-serio/backend/.venv/lib/python3.13/site-packages/starlette/routing.py", line 276, in handle
    |     await self.app(scope, receive, send)
    |   File "[HOME]/Facultad/tesis/tesis-fim-serio/backend/.venv/lib/python3.13/site-packages/fastapi/routing.py", line 134, in app
    |     await wrap_app_handling_exceptions(app, request)(scope, receive, send)
    |   File "[HOME]/Facultad/tesis/tesis-fim-serio/backend/.venv/lib/python3.13/site-packages/starlette/_exception_handler.py", line 42, in wrapped_app
    |     await app(scope, receive, sender)
    |   File "[HOME]/Facultad/tesis/tesis-fim-serio/backend/.venv/lib/python3.13/site-packages/fastapi/routing.py", line 120, in app
    |     response = await f(request)
    |                ^^^^^^^^^^^^^^^^
    |   File "[HOME]/Facultad/tesis/tesis-fim-serio/backend/.venv/lib/python3.13/site-packages/fastapi/routing.py", line 674, in app
    |     raw_response = await run_endpoint_function(
    |                    ^^^^^^^^^^^^^^^^^^^^^^^^^^^^
    |     ...<3 lines>...
    |     )
    |     ^
    |   File "[HOME]/Facultad/tesis/tesis-fim-serio/backend/.venv/lib/python3.13/site-packages/fastapi/routing.py", line 328, in run_endpoint_function
    |     return await dependant.call(**values)
    |            ^^^^^^^^^^^^^^^^^^^^^^^^^^^^^^
    |   File "[HOME]/Facultad/tesis/tesis-fim-serio-worktrees/l5-agents/backend/app/modules/actions/router.py", line 94, in reject_event
    |     return ActionResponse(event_id=event.id, status="rejected", baseline_absent=baseline_absent)  # type: ignore[arg-type]
    |                                    ^^^^^^^^
    |   File "[HOME]/Facultad/tesis/tesis-fim-serio/backend/.venv/lib/python3.13/site-packages/sqlalchemy/orm/attributes.py", line 569, in __get__
    |     return self.impl.get(state, dict_)  # type: ignore[no-any-return]
    |            ~~~~~~~~~~~~~^^^^^^^^^^^^^^
    |   File "[HOME]/Facultad/tesis/tesis-fim-serio/backend/.venv/lib/python3.13/site-packages/sqlalchemy/orm/attributes.py", line 1096, in get
    |     value = self._fire_loader_callables(state, key, passive)
    |   File "[HOME]/Facultad/tesis/tesis-fim-serio/backend/.venv/lib/python3.13/site-packages/sqlalchemy/orm/attributes.py", line 1126, in _fire_loader_callables
    |     return state._load_expired(state, passive)
    |            ~~~~~~~~~~~~~~~~~~~^^^^^^^^^^^^^^^^
    |   File "[HOME]/Facultad/tesis/tesis-fim-serio/backend/.venv/lib/python3.13/site-packages/sqlalchemy/orm/state.py", line 828, in _load_expired
    |     self.manager.expired_attribute_loader(self, toload, passive)
    |     ~~~~~~~~~~~~~~~~~~~~~~~~~~~~~~~~~~~~~^^^^^^^^^^^^^^^^^^^^^^^
    |   File "[HOME]/Facultad/tesis/tesis-fim-serio/backend/.venv/lib/python3.13/site-packages/sqlalchemy/orm/loading.py", line 1674, in load_scalar_attributes
    |     result = load_on_ident(
    |         session,
    |     ...<4 lines>...
    |         no_autoflush=no_autoflush,
    |     )
    |   File "[HOME]/Facultad/tesis/tesis-fim-serio/backend/.venv/lib/python3.13/site-packages/sqlalchemy/orm/loading.py", line 510, in load_on_ident
    |     return load_on_pk_identity(
    |         session,
    |     ...<11 lines>...
    |         is_user_refresh=is_user_refresh,
    |     )
    |   File "[HOME]/Facultad/tesis/tesis-fim-serio/backend/.venv/lib/python3.13/site-packages/sqlalchemy/orm/loading.py", line 695, in load_on_pk_identity
    |     session.execute(
    |     ~~~~~~~~~~~~~~~^
    |         q,
    |         ^^
    |     ...<2 lines>...
    |         bind_arguments=bind_arguments,
    |         ^^^^^^^^^^^^^^^^^^^^^^^^^^^^^^
    |     )
    |     ^
    |   File "[HOME]/Facultad/tesis/tesis-fim-serio/backend/.venv/lib/python3.13/site-packages/sqlmodel/orm/session.py", line 127, in execute
    |     return super().execute(
    |            ~~~~~~~~~~~~~~~^
    |         statement,
    |         ^^^^^^^^^^
    |     ...<4 lines>...
    |         _add_event=_add_event,
    |         ^^^^^^^^^^^^^^^^^^^^^^
    |     )
    |     ^
    |   File "[HOME]/Facultad/tesis/tesis-fim-serio/backend/.venv/lib/python3.13/site-packages/sqlalchemy/orm/session.py", line 2373, in execute
    |     return self._execute_internal(
    |            ~~~~~~~~~~~~~~~~~~~~~~^
    |         statement,
    |         ^^^^^^^^^^
    |     ...<4 lines>...
    |         _add_event=_add_event,
    |         ^^^^^^^^^^^^^^^^^^^^^^
    |     )
    |     ^
    |   File "[HOME]/Facultad/tesis/tesis-fim-serio/backend/.venv/lib/python3.13/site-packages/sqlalchemy/orm/session.py", line 2271, in _execute_internal
    |     result: Result[Any] = compile_state_cls.orm_execute_statement(
    |                           ~~~~~~~~~~~~~~~~~~~~~~~~~~~~~~~~~~~~~~~^
    |         self,
    |         ^^^^^
    |     ...<4 lines>...
    |         conn,
    |         ^^^^^
    |     )
    |     ^
    |   File "[HOME]/Facultad/tesis/tesis-fim-serio/backend/.venv/lib/python3.13/site-packages/sqlalchemy/orm/context.py", line 306, in orm_execute_statement
    |     result = conn.execute(
    |         statement, params or {}, execution_options=execution_options
    |     )
    |   File "[HOME]/Facultad/tesis/tesis-fim-serio/backend/.venv/lib/python3.13/site-packages/sqlalchemy/engine/base.py", line 1421, in execute
    |     return meth(
    |         self,
    |         distilled_parameters,
    |         execution_options or NO_OPTIONS,
    |     )
    |   File "[HOME]/Facultad/tesis/tesis-fim-serio/backend/.venv/lib/python3.13/site-packages/sqlalchemy/sql/elements.py", line 526, in _execute_on_connection
    |     return connection._execute_clauseelement(
    |            ~~~~~~~~~~~~~~~~~~~~~~~~~~~~~~~~~^
    |         self, distilled_params, execution_options
    |         ^^^^^^^^^^^^^^^^^^^^^^^^^^^^^^^^^^^^^^^^^
    |     )
    |     ^
    |   File "[HOME]/Facultad/tesis/tesis-fim-serio/backend/.venv/lib/python3.13/site-packages/sqlalchemy/engine/base.py", line 1643, in _execute_clauseelement
    |     ret = self._execute_context(
    |         dialect,
    |     ...<8 lines>...
    |         cache_hit=cache_hit,
    |     )
    |   File "[HOME]/Facultad/tesis/tesis-fim-serio/backend/.venv/lib/python3.13/site-packages/sqlalchemy/engine/base.py", line 1848, in _execute_context
    |     return self._exec_single_context(
    |            ~~~~~~~~~~~~~~~~~~~~~~~~~^
    |         dialect, context, statement, parameters
    |         ^^^^^^^^^^^^^^^^^^^^^^^^^^^^^^^^^^^^^^^
    |     )
    |     ^
    |   File "[HOME]/Facultad/tesis/tesis-fim-serio/backend/.venv/lib/python3.13/site-packages/sqlalchemy/engine/base.py", line 1988, in _exec_single_context
    |     self._handle_dbapi_exception(
    |     ~~~~~~~~~~~~~~~~~~~~~~~~~~~~^
    |         e, str_statement, effective_parameters, cursor, context
    |         ^^^^^^^^^^^^^^^^^^^^^^^^^^^^^^^^^^^^^^^^^^^^^^^^^^^^^^^
    |     )
    |     ^
    |   File "[HOME]/Facultad/tesis/tesis-fim-serio/backend/.venv/lib/python3.13/site-packages/sqlalchemy/engine/base.py", line 2368, in _handle_dbapi_exception
    |     raise exc_info[1].with_traceback(exc_info[2])
    |   File "[HOME]/Facultad/tesis/tesis-fim-serio/backend/.venv/lib/python3.13/site-packages/sqlalchemy/engine/base.py", line 1969, in _exec_single_context
    |     self.dialect.do_execute(
    |     ~~~~~~~~~~~~~~~~~~~~~~~^
    |         cursor, str_statement, effective_parameters, context
    |         ^^^^^^^^^^^^^^^^^^^^^^^^^^^^^^^^^^^^^^^^^^^^^^^^^^^^
    |     )
    |     ^
    |   File "[HOME]/Facultad/tesis/tesis-fim-serio/backend/.venv/lib/python3.13/site-packages/sqlalchemy/engine/default.py", line 952, in do_execute
    |     cursor.execute(statement, parameters)
    |     ~~~~~~~~~~~~~~^^^^^^^^^^^^^^^^^^^^^^^
    |   File "[HOME]/Facultad/tesis/tesis-fim-serio/backend/.venv/lib/python3.13/site-packages/psycopg/cursor.py", line 93, in execute
    |     self._conn.wait(
    |     ~~~~~~~~~~~~~~~^
    |         self._execute_gen(query, params, prepare=prepare, binary=binary)
    |         ^^^^^^^^^^^^^^^^^^^^^^^^^^^^^^^^^^^^^^^^^^^^^^^^^^^^^^^^^^^^^^^^
    |     )
    |     ^
    |   File "[HOME]/Facultad/tesis/tesis-fim-serio/backend/.venv/lib/python3.13/site-packages/psycopg/connection.py", line 409, in wait
    |     return waiting.wait(gen, self.pgconn.socket, interval=interval)
    |            ~~~~~~~~~~~~^^^^^^^^^^^^^^^^^^^^^^^^^^^^^^^^^^^^^^^^^^^^
    |   File "psycopg_binary/_psycopg/waiting.pyx", line 201, in psycopg_binary._psycopg.wait_c
    |   File "[HOME]/Facultad/tesis/tesis-fim-serio/backend/.venv/lib/python3.13/site-packages/pytest_timeout.py", line 313, in handler
    |     timeout_sigalrm(item, settings)
    |     ~~~~~~~~~~~~~~~^^^^^^^^^^^^^^^^
    |   File "[HOME]/Facultad/tesis/tesis-fim-serio/backend/.venv/lib/python3.13/site-packages/pytest_timeout.py", line 498, in timeout_sigalrm
    |     pytest.fail("Timeout >%ss" % settings.timeout)
    |     ~~~~~~~~~~~^^^^^^^^^^^^^^^^^^^^^^^^^^^^^^^^^^^
    |   File "[HOME]/Facultad/tesis/tesis-fim-serio/backend/.venv/lib/python3.13/site-packages/_pytest/outcomes.py", line 178, in fail
    |     raise Failed(msg=reason, pytrace=pytrace)
    | Failed: Timeout >60.0s
    +------------------------------------
----------------------------- Captured stdout call -----------------------------
{"event_id": 1, "agent_id": "agent-actions-2e8f7437", "command_id": "e417f01b-9887-43b2-90c5-1cb4fc48944a", "event": "streams.actions.restore_file_enqueued", "trace_id": "9fdd4600-63a3-4d37-aa48-d53113c37118", "level": "info", "timestamp": "2026-09-12T20:19:56.543761Z"}
{"published": 1, "event": "service.rules.publish_pending_commands.done", "trace_id": "9fdd4600-63a3-4d37-aa48-d53113c37118", "level": "info", "timestamp": "2026-09-12T20:19:56.551432Z"}
{"event_id": 1, "user_id": 1, "action": "restore", "event": "service.actions.reject", "trace_id": "9fdd4600-63a3-4d37-aa48-d53113c37118", "level": "info", "timestamp": "2026-09-12T20:19:56.551516Z"}
______________________ test_logout_invalida_access_token _______________________
backend/tests/test_auth.py:415: in test_logout_invalida_access_token
    access_token, refresh_cookies = await _full_access_login(blacklist_client)
backend/tests/test_auth.py:131: in _full_access_login
    change = await client.post(
../../tesis-fim-serio/backend/.venv/lib/python3.13/site-packages/httpx/_client.py:1859: in post
    return await self.request(
../../tesis-fim-serio/backend/.venv/lib/python3.13/site-packages/httpx/_client.py:1540: in request
    return await self.send(request, auth=auth, follow_redirects=follow_redirects)
../../tesis-fim-serio/backend/.venv/lib/python3.13/site-packages/httpx/_client.py:1629: in send
    response = await self._send_handling_auth(
../../tesis-fim-serio/backend/.venv/lib/python3.13/site-packages/httpx/_client.py:1657: in _send_handling_auth
    response = await self._send_handling_redirects(
../../tesis-fim-serio/backend/.venv/lib/python3.13/site-packages/httpx/_client.py:1694: in _send_handling_redirects
    response = await self._send_single_request(request)
../../tesis-fim-serio/backend/.venv/lib/python3.13/site-packages/httpx/_client.py:1730: in _send_single_request
    response = await transport.handle_async_request(request)
../../tesis-fim-serio/backend/.venv/lib/python3.13/site-packages/httpx/_transports/asgi.py:170: in handle_async_request
    await self.app(scope, receive, send)
../../tesis-fim-serio/backend/.venv/lib/python3.13/site-packages/fastapi/applications.py:1159: in __call__
    await super().__call__(scope, receive, send)
../../tesis-fim-serio/backend/.venv/lib/python3.13/site-packages/starlette/applications.py:90: in __call__
    await self.middleware_stack(scope, receive, send)
../../tesis-fim-serio/backend/.venv/lib/python3.13/site-packages/starlette/middleware/errors.py:186: in __call__
    raise exc
../../tesis-fim-serio/backend/.venv/lib/python3.13/site-packages/starlette/middleware/errors.py:164: in __call__
    await self.app(scope, receive, _send)
backend/app/core/middleware/trace_id.py:68: in __call__
    await self.app(scope, receive, send_with_trace)
../../tesis-fim-serio/backend/.venv/lib/python3.13/site-packages/starlette/middleware/base.py:193: in __call__
    response = await self.dispatch_func(request, call_next)
backend/app/core/middleware/cors.py:42: in dispatch
    response = await call_next(request)
../../tesis-fim-serio/backend/.venv/lib/python3.13/site-packages/starlette/middleware/base.py:168: in call_next
    raise app_exc from app_exc.__cause__ or app_exc.__context__
../../tesis-fim-serio/backend/.venv/lib/python3.13/site-packages/starlette/middleware/base.py:144: in coro
    await self.app(scope, receive_or_disconnect, send_no_error)
../../tesis-fim-serio/backend/.venv/lib/python3.13/site-packages/starlette/middleware/exceptions.py:63: in __call__
    await wrap_app_handling_exceptions(self.app, conn)(scope, receive, send)
../../tesis-fim-serio/backend/.venv/lib/python3.13/site-packages/starlette/_exception_handler.py:53: in wrapped_app
    raise exc
../../tesis-fim-serio/backend/.venv/lib/python3.13/site-packages/starlette/_exception_handler.py:42: in wrapped_app
    await app(scope, receive, sender)
../../tesis-fim-serio/backend/.venv/lib/python3.13/site-packages/fastapi/middleware/asyncexitstack.py:18: in __call__
    await self.app(scope, receive, send)
../../tesis-fim-serio/backend/.venv/lib/python3.13/site-packages/starlette/routing.py:660: in __call__
    await self.middleware_stack(scope, receive, send)
../../tesis-fim-serio/backend/.venv/lib/python3.13/site-packages/starlette/routing.py:680: in app
    await route.handle(scope, receive, send)
../../tesis-fim-serio/backend/.venv/lib/python3.13/site-packages/starlette/routing.py:276: in handle
    await self.app(scope, receive, send)
../../tesis-fim-serio/backend/.venv/lib/python3.13/site-packages/fastapi/routing.py:134: in app
    await wrap_app_handling_exceptions(app, request)(scope, receive, send)
../../tesis-fim-serio/backend/.venv/lib/python3.13/site-packages/starlette/_exception_handler.py:53: in wrapped_app
    raise exc
../../tesis-fim-serio/backend/.venv/lib/python3.13/site-packages/starlette/_exception_handler.py:42: in wrapped_app
    await app(scope, receive, sender)
../../tesis-fim-serio/backend/.venv/lib/python3.13/site-packages/fastapi/routing.py:120: in app
    response = await f(request)
../../tesis-fim-serio/backend/.venv/lib/python3.13/site-packages/fastapi/routing.py:674: in app
    raw_response = await run_endpoint_function(
../../tesis-fim-serio/backend/.venv/lib/python3.13/site-packages/fastapi/routing.py:328: in run_endpoint_function
    return await dependant.call(**values)
backend/app/modules/users/router.py:100: in change_password
    write_audit_log(session, "change_password", user.id)  # type: ignore[arg-type]
../../tesis-fim-serio/backend/.venv/lib/python3.13/site-packages/sqlalchemy/orm/attributes.py:569: in __get__
    return self.impl.get(state, dict_)  # type: ignore[no-any-return]
../../tesis-fim-serio/backend/.venv/lib/python3.13/site-packages/sqlalchemy/orm/attributes.py:1096: in get
    value = self._fire_loader_callables(state, key, passive)
../../tesis-fim-serio/backend/.venv/lib/python3.13/site-packages/sqlalchemy/orm/attributes.py:1126: in _fire_loader_callables
    return state._load_expired(state, passive)
../../tesis-fim-serio/backend/.venv/lib/python3.13/site-packages/sqlalchemy/orm/state.py:828: in _load_expired
    self.manager.expired_attribute_loader(self, toload, passive)
../../tesis-fim-serio/backend/.venv/lib/python3.13/site-packages/sqlalchemy/orm/loading.py:1686: in load_scalar_attributes
    raise orm_exc.ObjectDeletedError(state)
E   sqlalchemy.orm.exc.ObjectDeletedError: Instance '<User at 0x74a7229ad590>' has been deleted, or its row is otherwise not present.
----------------------------- Captured stdout call -----------------------------
{"event": "HTTP Request: POST https://testserver/auth/login \"HTTP/1.1 200 OK\"", "level": "info", "logger": "httpx", "timestamp": "2026-09-12T20:21:09.660570Z"}
------------------------------ Captured log call -------------------------------
INFO     httpx:_client.py:1740 HTTP Request: POST https://testserver/auth/login "HTTP/1.1 200 OK"
____________ test_get_event_by_id_pathless_event_returns_null_path _____________
backend/tests/test_event_listing_contract.py:517: in test_get_event_by_id_pathless_event_returns_null_path
    assert resp.status_code == 200
E   assert 401 == 200
E    +  where 401 = <Response [401 Unauthorized]>.status_code
----------------------------- Captured stdout call -----------------------------
{"event": "HTTP Request: GET http://testserver/events/1 \"HTTP/1.1 401 Unauthorized\"", "level": "info", "logger": "httpx", "timestamp": "2026-09-12T20:22:34.306684Z"}
------------------------------ Captured log call -------------------------------
INFO     httpx:_client.py:1740 HTTP Request: GET http://testserver/events/1 "HTTP/1.1 401 Unauthorized"
____________________________ test_delete_alert_204 _____________________________
../../tesis-fim-serio/backend/.venv/lib/python3.13/site-packages/sqlalchemy/engine/base.py:1969: in _exec_single_context
    self.dialect.do_execute(
../../tesis-fim-serio/backend/.venv/lib/python3.13/site-packages/sqlalchemy/engine/default.py:952: in do_execute
    cursor.execute(statement, parameters)
../../tesis-fim-serio/backend/.venv/lib/python3.13/site-packages/psycopg/cursor.py:97: in execute
    raise ex.with_traceback(None)
E   psycopg.errors.UniqueViolation: duplicate key value violates unique constraint "ix_users_username"
E   DETAIL:  Key (username)=(admin) already exists.

The above exception was the direct cause of the following exception:
backend/tests/test_notifications.py:776: in test_delete_alert_204
    with TestClient(app) as client:
../../tesis-fim-serio/backend/.venv/lib/python3.13/site-packages/starlette/testclient.py:697: in __enter__
    portal.call(self.wait_startup)
../../tesis-fim-serio/backend/.venv/lib/python3.13/site-packages/anyio/from_thread.py:338: in call
    return cast(T_Retval, self.start_task_soon(func, *args).result())
../../../../.local/share/uv/python/cpython-3.13.14-linux-x86_64-gnu/lib/python3.13/concurrent/futures/_base.py:460: in result
    return self.__get_result()
../../../../.local/share/uv/python/cpython-3.13.14-linux-x86_64-gnu/lib/python3.13/concurrent/futures/_base.py:402: in __get_result
    raise self._exception
../../tesis-fim-serio/backend/.venv/lib/python3.13/site-packages/anyio/from_thread.py:263: in _call_func
    retval = await retval_or_awaitable
../../tesis-fim-serio/backend/.venv/lib/python3.13/site-packages/starlette/testclient.py:732: in wait_startup
    await receive()
../../tesis-fim-serio/backend/.venv/lib/python3.13/site-packages/starlette/testclient.py:723: in receive
    self.task.result()
../../../../.local/share/uv/python/cpython-3.13.14-linux-x86_64-gnu/lib/python3.13/concurrent/futures/_base.py:453: in result
    return self.__get_result()
../../../../.local/share/uv/python/cpython-3.13.14-linux-x86_64-gnu/lib/python3.13/concurrent/futures/_base.py:402: in __get_result
    raise self._exception
../../tesis-fim-serio/backend/.venv/lib/python3.13/site-packages/anyio/from_thread.py:263: in _call_func
    retval = await retval_or_awaitable
../../tesis-fim-serio/backend/.venv/lib/python3.13/site-packages/starlette/testclient.py:713: in lifespan
    await self.app(scope, self.stream_receive.receive, self.stream_send.send)
../../tesis-fim-serio/backend/.venv/lib/python3.13/site-packages/fastapi/applications.py:1159: in __call__
    await super().__call__(scope, receive, send)
../../tesis-fim-serio/backend/.venv/lib/python3.13/site-packages/starlette/applications.py:90: in __call__
    await self.middleware_stack(scope, receive, send)
../../tesis-fim-serio/backend/.venv/lib/python3.13/site-packages/starlette/middleware/errors.py:151: in __call__
    await self.app(scope, receive, send)
backend/app/core/middleware/trace_id.py:48: in __call__
    await self.app(scope, receive, send)
../../tesis-fim-serio/backend/.venv/lib/python3.13/site-packages/starlette/middleware/base.py:103: in __call__
    await self.app(scope, receive, send)
../../tesis-fim-serio/backend/.venv/lib/python3.13/site-packages/starlette/middleware/exceptions.py:49: in __call__
    await self.app(scope, receive, send)
../../tesis-fim-serio/backend/.venv/lib/python3.13/site-packages/fastapi/middleware/asyncexitstack.py:18: in __call__
    await self.app(scope, receive, send)
../../tesis-fim-serio/backend/.venv/lib/python3.13/site-packages/starlette/routing.py:660: in __call__
    await self.middleware_stack(scope, receive, send)
../../tesis-fim-serio/backend/.venv/lib/python3.13/site-packages/starlette/routing.py:669: in app
    await self.lifespan(scope, receive, send)
../../tesis-fim-serio/backend/.venv/lib/python3.13/site-packages/starlette/routing.py:638: in lifespan
    async with self.lifespan_context(app) as maybe_state:
../../../../.local/share/uv/python/cpython-3.13.14-linux-x86_64-gnu/lib/python3.13/contextlib.py:214: in __aenter__
    return await anext(self.gen)
../../tesis-fim-serio/backend/.venv/lib/python3.13/site-packages/fastapi/routing.py:216: in merged_lifespan
    async with original_context(app) as maybe_original_state:
../../../../.local/share/uv/python/cpython-3.13.14-linux-x86_64-gnu/lib/python3.13/contextlib.py:214: in __aenter__
    return await anext(self.gen)
../../tesis-fim-serio/backend/.venv/lib/python3.13/site-packages/fastapi/routing.py:216: in merged_lifespan
    async with original_context(app) as maybe_original_state:
../../../../.local/share/uv/python/cpython-3.13.14-linux-x86_64-gnu/lib/python3.13/contextlib.py:214: in __aenter__
    return await anext(self.gen)
../../tesis-fim-serio/backend/.venv/lib/python3.13/site-packages/fastapi/routing.py:216: in merged_lifespan
    async with original_context(app) as maybe_original_state:
../../../../.local/share/uv/python/cpython-3.13.14-linux-x86_64-gnu/lib/python3.13/contextlib.py:214: in __aenter__
    return await anext(self.gen)
../../tesis-fim-serio/backend/.venv/lib/python3.13/site-packages/fastapi/routing.py:216: in merged_lifespan
    async with original_context(app) as maybe_original_state:
../../../../.local/share/uv/python/cpython-3.13.14-linux-x86_64-gnu/lib/python3.13/contextlib.py:214: in __aenter__
    return await anext(self.gen)
../../tesis-fim-serio/backend/.venv/lib/python3.13/site-packages/fastapi/routing.py:216: in merged_lifespan
    async with original_context(app) as maybe_original_state:
../../../../.local/share/uv/python/cpython-3.13.14-linux-x86_64-gnu/lib/python3.13/contextlib.py:214: in __aenter__
    return await anext(self.gen)
../../tesis-fim-serio/backend/.venv/lib/python3.13/site-packages/fastapi/routing.py:216: in merged_lifespan
    async with original_context(app) as maybe_original_state:
../../../../.local/share/uv/python/cpython-3.13.14-linux-x86_64-gnu/lib/python3.13/contextlib.py:214: in __aenter__
    return await anext(self.gen)
../../tesis-fim-serio/backend/.venv/lib/python3.13/site-packages/fastapi/routing.py:216: in merged_lifespan
    async with original_context(app) as maybe_original_state:
../../../../.local/share/uv/python/cpython-3.13.14-linux-x86_64-gnu/lib/python3.13/contextlib.py:214: in __aenter__
    return await anext(self.gen)
backend/app/main.py:63: in lifespan
    seed_admin()
backend/app/modules/auth/service.py:31: in seed_admin
    session.commit()
../../tesis-fim-serio/backend/.venv/lib/python3.13/site-packages/sqlalchemy/orm/session.py:2035: in commit
    trans.commit(_to_root=True)
<string>:2: in commit
    ???
../../tesis-fim-serio/backend/.venv/lib/python3.13/site-packages/sqlalchemy/orm/state_changes.py:137: in _go
    ret_value = fn(self, *arg, **kw)
../../tesis-fim-serio/backend/.venv/lib/python3.13/site-packages/sqlalchemy/orm/session.py:1316: in commit
    self._prepare_impl()
<string>:2: in _prepare_impl
    ???
../../tesis-fim-serio/backend/.venv/lib/python3.13/site-packages/sqlalchemy/orm/state_changes.py:137: in _go
    ret_value = fn(self, *arg, **kw)
../../tesis-fim-serio/backend/.venv/lib/python3.13/site-packages/sqlalchemy/orm/session.py:1290: in _prepare_impl
    self.session.flush()
../../tesis-fim-serio/backend/.venv/lib/python3.13/site-packages/sqlalchemy/orm/session.py:4353: in flush
    self._flush(objects)
../../tesis-fim-serio/backend/.venv/lib/python3.13/site-packages/sqlalchemy/orm/session.py:4488: in _flush
    with util.safe_reraise():
../../tesis-fim-serio/backend/.venv/lib/python3.13/site-packages/sqlalchemy/util/langhelpers.py:122: in __exit__
    raise exc_value.with_traceback(exc_tb)
../../tesis-fim-serio/backend/.venv/lib/python3.13/site-packages/sqlalchemy/orm/session.py:4449: in _flush
    flush_context.execute()
../../tesis-fim-serio/backend/.venv/lib/python3.13/site-packages/sqlalchemy/orm/unitofwork.py:465: in execute
    rec.execute(self)
../../tesis-fim-serio/backend/.venv/lib/python3.13/site-packages/sqlalchemy/orm/unitofwork.py:641: in execute
    util.preloaded.orm_persistence.save_obj(
../../tesis-fim-serio/backend/.venv/lib/python3.13/site-packages/sqlalchemy/orm/persistence.py:94: in save_obj
    _emit_insert_statements(
../../tesis-fim-serio/backend/.venv/lib/python3.13/site-packages/sqlalchemy/orm/persistence.py:1234: in _emit_insert_statements
    result = connection.execute(
../../tesis-fim-serio/backend/.venv/lib/python3.13/site-packages/sqlalchemy/engine/base.py:1421: in execute
    return meth(
../../tesis-fim-serio/backend/.venv/lib/python3.13/site-packages/sqlalchemy/sql/elements.py:526: in _execute_on_connection
    return connection._execute_clauseelement(
../../tesis-fim-serio/backend/.venv/lib/python3.13/site-packages/sqlalchemy/engine/base.py:1643: in _execute_clauseelement
    ret = self._execute_context(
../../tesis-fim-serio/backend/.venv/lib/python3.13/site-packages/sqlalchemy/engine/base.py:1848: in _execute_context
    return self._exec_single_context(
../../tesis-fim-serio/backend/.venv/lib/python3.13/site-packages/sqlalchemy/engine/base.py:1988: in _exec_single_context
    self._handle_dbapi_exception(
../../tesis-fim-serio/backend/.venv/lib/python3.13/site-packages/sqlalchemy/engine/base.py:2365: in _handle_dbapi_exception
    raise sqlalchemy_exception.with_traceback(exc_info[2]) from e
../../tesis-fim-serio/backend/.venv/lib/python3.13/site-packages/sqlalchemy/engine/base.py:1969: in _exec_single_context
    self.dialect.do_execute(
../../tesis-fim-serio/backend/.venv/lib/python3.13/site-packages/sqlalchemy/engine/default.py:952: in do_execute
    cursor.execute(statement, parameters)
../../tesis-fim-serio/backend/.venv/lib/python3.13/site-packages/psycopg/cursor.py:97: in execute
    raise ex.with_traceback(None)
E   sqlalchemy.exc.IntegrityError: (psycopg.errors.UniqueViolation) duplicate key value violates unique constraint "ix_users_username"
E   DETAIL:  Key (username)=(admin) already exists.
E   [SQL: INSERT INTO users (username, email, password_hash, role, is_active, must_change_password, created_at) VALUES (%(username)s::VARCHAR, %(email)s::VARCHAR, %(password_hash)s::VARCHAR, %(role)s::VARCHAR, %(is_active)s, %(must_change_password)s, %(created_at)s::TIMESTAMP WITH TIME ZONE) RETURNING users.id]
E   [parameters: {'username': 'admin', 'email': 'admin@fim.local', 'password_hash': '$argon2id$v=19$m=65536,t=3,p=4$DK4gCZvkHQvJiQndAVHxTg$dD+mCu5vkJh2VVVlg0IfEM4YEJOnujWvLZdRv6egOQ0', 'role': 'admin', 'is_active': True, 'must_change_password': True, 'created_at': datetime.datetime(2026, 9, 12, 20, 22, 59, 665527, tzinfo=datetime.timezone.utc)}]
E   (Background on this error at: https://sqlalche.me/e/20/gkpj)
----------------------------- Captured stdout call -----------------------------
{"environment": "dev", "event": "backend.startup", "level": "info", "timestamp": "2026-09-12T20:22:59.568168Z"}
{"reason": "CA_CERT_PATH or CA_KEY_PATH not set", "event": "pki.ensure_ca.skipped", "level": "warning", "timestamp": "2026-09-12T20:22:59.568494Z"}
_____________________ test_get_alerts_filter_severity_high _____________________
../../tesis-fim-serio/backend/.venv/lib/python3.13/site-packages/sqlalchemy/engine/base.py:1969: in _exec_single_context
    self.dialect.do_execute(
../../tesis-fim-serio/backend/.venv/lib/python3.13/site-packages/sqlalchemy/engine/default.py:952: in do_execute
    cursor.execute(statement, parameters)
../../tesis-fim-serio/backend/.venv/lib/python3.13/site-packages/psycopg/cursor.py:97: in execute
    raise ex.with_traceback(None)
E   psycopg.errors.UniqueViolation: duplicate key value violates unique constraint "ix_users_username"
E   DETAIL:  Key (username)=(admin) already exists.

The above exception was the direct cause of the following exception:
backend/tests/test_sse_alerts.py:323: in test_get_alerts_filter_severity_high
    with TestClient(app) as tc:
../../tesis-fim-serio/backend/.venv/lib/python3.13/site-packages/starlette/testclient.py:697: in __enter__
    portal.call(self.wait_startup)
../../tesis-fim-serio/backend/.venv/lib/python3.13/site-packages/anyio/from_thread.py:338: in call
    return cast(T_Retval, self.start_task_soon(func, *args).result())
../../../../.local/share/uv/python/cpython-3.13.14-linux-x86_64-gnu/lib/python3.13/concurrent/futures/_base.py:460: in result
    return self.__get_result()
../../../../.local/share/uv/python/cpython-3.13.14-linux-x86_64-gnu/lib/python3.13/concurrent/futures/_base.py:402: in __get_result
    raise self._exception
../../tesis-fim-serio/backend/.venv/lib/python3.13/site-packages/anyio/from_thread.py:263: in _call_func
    retval = await retval_or_awaitable
../../tesis-fim-serio/backend/.venv/lib/python3.13/site-packages/starlette/testclient.py:732: in wait_startup
    await receive()
../../tesis-fim-serio/backend/.venv/lib/python3.13/site-packages/starlette/testclient.py:723: in receive
    self.task.result()
../../../../.local/share/uv/python/cpython-3.13.14-linux-x86_64-gnu/lib/python3.13/concurrent/futures/_base.py:453: in result
    return self.__get_result()
../../../../.local/share/uv/python/cpython-3.13.14-linux-x86_64-gnu/lib/python3.13/concurrent/futures/_base.py:402: in __get_result
    raise self._exception
../../tesis-fim-serio/backend/.venv/lib/python3.13/site-packages/anyio/from_thread.py:263: in _call_func
    retval = await retval_or_awaitable
../../tesis-fim-serio/backend/.venv/lib/python3.13/site-packages/starlette/testclient.py:713: in lifespan
    await self.app(scope, self.stream_receive.receive, self.stream_send.send)
../../tesis-fim-serio/backend/.venv/lib/python3.13/site-packages/fastapi/applications.py:1159: in __call__
    await super().__call__(scope, receive, send)
../../tesis-fim-serio/backend/.venv/lib/python3.13/site-packages/starlette/applications.py:90: in __call__
    await self.middleware_stack(scope, receive, send)
../../tesis-fim-serio/backend/.venv/lib/python3.13/site-packages/starlette/middleware/errors.py:151: in __call__
    await self.app(scope, receive, send)
backend/app/core/middleware/trace_id.py:48: in __call__
    await self.app(scope, receive, send)
../../tesis-fim-serio/backend/.venv/lib/python3.13/site-packages/starlette/middleware/base.py:103: in __call__
    await self.app(scope, receive, send)
../../tesis-fim-serio/backend/.venv/lib/python3.13/site-packages/starlette/middleware/exceptions.py:49: in __call__
    await self.app(scope, receive, send)
../../tesis-fim-serio/backend/.venv/lib/python3.13/site-packages/fastapi/middleware/asyncexitstack.py:18: in __call__
    await self.app(scope, receive, send)
../../tesis-fim-serio/backend/.venv/lib/python3.13/site-packages/starlette/routing.py:660: in __call__
    await self.middleware_stack(scope, receive, send)
../../tesis-fim-serio/backend/.venv/lib/python3.13/site-packages/starlette/routing.py:669: in app
    await self.lifespan(scope, receive, send)
../../tesis-fim-serio/backend/.venv/lib/python3.13/site-packages/starlette/routing.py:638: in lifespan
    async with self.lifespan_context(app) as maybe_state:
../../../../.local/share/uv/python/cpython-3.13.14-linux-x86_64-gnu/lib/python3.13/contextlib.py:214: in __aenter__
    return await anext(self.gen)
../../tesis-fim-serio/backend/.venv/lib/python3.13/site-packages/fastapi/routing.py:216: in merged_lifespan
    async with original_context(app) as maybe_original_state:
../../../../.local/share/uv/python/cpython-3.13.14-linux-x86_64-gnu/lib/python3.13/contextlib.py:214: in __aenter__
    return await anext(self.gen)
../../tesis-fim-serio/backend/.venv/lib/python3.13/site-packages/fastapi/routing.py:216: in merged_lifespan
    async with original_context(app) as maybe_original_state:
../../../../.local/share/uv/python/cpython-3.13.14-linux-x86_64-gnu/lib/python3.13/contextlib.py:214: in __aenter__
    return await anext(self.gen)
../../tesis-fim-serio/backend/.venv/lib/python3.13/site-packages/fastapi/routing.py:216: in merged_lifespan
    async with original_context(app) as maybe_original_state:
../../../../.local/share/uv/python/cpython-3.13.14-linux-x86_64-gnu/lib/python3.13/contextlib.py:214: in __aenter__
    return await anext(self.gen)
../../tesis-fim-serio/backend/.venv/lib/python3.13/site-packages/fastapi/routing.py:216: in merged_lifespan
    async with original_context(app) as maybe_original_state:
../../../../.local/share/uv/python/cpython-3.13.14-linux-x86_64-gnu/lib/python3.13/contextlib.py:214: in __aenter__
    return await anext(self.gen)
../../tesis-fim-serio/backend/.venv/lib/python3.13/site-packages/fastapi/routing.py:216: in merged_lifespan
    async with original_context(app) as maybe_original_state:
../../../../.local/share/uv/python/cpython-3.13.14-linux-x86_64-gnu/lib/python3.13/contextlib.py:214: in __aenter__
    return await anext(self.gen)
../../tesis-fim-serio/backend/.venv/lib/python3.13/site-packages/fastapi/routing.py:216: in merged_lifespan
    async with original_context(app) as maybe_original_state:
../../../../.local/share/uv/python/cpython-3.13.14-linux-x86_64-gnu/lib/python3.13/contextlib.py:214: in __aenter__
    return await anext(self.gen)
../../tesis-fim-serio/backend/.venv/lib/python3.13/site-packages/fastapi/routing.py:216: in merged_lifespan
    async with original_context(app) as maybe_original_state:
../../../../.local/share/uv/python/cpython-3.13.14-linux-x86_64-gnu/lib/python3.13/contextlib.py:214: in __aenter__
    return await anext(self.gen)
backend/app/main.py:63: in lifespan
    seed_admin()
backend/app/modules/auth/service.py:31: in seed_admin
    session.commit()
../../tesis-fim-serio/backend/.venv/lib/python3.13/site-packages/sqlalchemy/orm/session.py:2035: in commit
    trans.commit(_to_root=True)
<string>:2: in commit
    ???
../../tesis-fim-serio/backend/.venv/lib/python3.13/site-packages/sqlalchemy/orm/state_changes.py:137: in _go
    ret_value = fn(self, *arg, **kw)
../../tesis-fim-serio/backend/.venv/lib/python3.13/site-packages/sqlalchemy/orm/session.py:1316: in commit
    self._prepare_impl()
<string>:2: in _prepare_impl
    ???
../../tesis-fim-serio/backend/.venv/lib/python3.13/site-packages/sqlalchemy/orm/state_changes.py:137: in _go
    ret_value = fn(self, *arg, **kw)
../../tesis-fim-serio/backend/.venv/lib/python3.13/site-packages/sqlalchemy/orm/session.py:1290: in _prepare_impl
    self.session.flush()
../../tesis-fim-serio/backend/.venv/lib/python3.13/site-packages/sqlalchemy/orm/session.py:4353: in flush
    self._flush(objects)
../../tesis-fim-serio/backend/.venv/lib/python3.13/site-packages/sqlalchemy/orm/session.py:4488: in _flush
    with util.safe_reraise():
../../tesis-fim-serio/backend/.venv/lib/python3.13/site-packages/sqlalchemy/util/langhelpers.py:122: in __exit__
    raise exc_value.with_traceback(exc_tb)
../../tesis-fim-serio/backend/.venv/lib/python3.13/site-packages/sqlalchemy/orm/session.py:4449: in _flush
    flush_context.execute()
../../tesis-fim-serio/backend/.venv/lib/python3.13/site-packages/sqlalchemy/orm/unitofwork.py:465: in execute
    rec.execute(self)
../../tesis-fim-serio/backend/.venv/lib/python3.13/site-packages/sqlalchemy/orm/unitofwork.py:641: in execute
    util.preloaded.orm_persistence.save_obj(
../../tesis-fim-serio/backend/.venv/lib/python3.13/site-packages/sqlalchemy/orm/persistence.py:94: in save_obj
    _emit_insert_statements(
../../tesis-fim-serio/backend/.venv/lib/python3.13/site-packages/sqlalchemy/orm/persistence.py:1234: in _emit_insert_statements
    result = connection.execute(
../../tesis-fim-serio/backend/.venv/lib/python3.13/site-packages/sqlalchemy/engine/base.py:1421: in execute
    return meth(
../../tesis-fim-serio/backend/.venv/lib/python3.13/site-packages/sqlalchemy/sql/elements.py:526: in _execute_on_connection
    return connection._execute_clauseelement(
../../tesis-fim-serio/backend/.venv/lib/python3.13/site-packages/sqlalchemy/engine/base.py:1643: in _execute_clauseelement
    ret = self._execute_context(
../../tesis-fim-serio/backend/.venv/lib/python3.13/site-packages/sqlalchemy/engine/base.py:1848: in _execute_context
    return self._exec_single_context(
../../tesis-fim-serio/backend/.venv/lib/python3.13/site-packages/sqlalchemy/engine/base.py:1988: in _exec_single_context
    self._handle_dbapi_exception(
../../tesis-fim-serio/backend/.venv/lib/python3.13/site-packages/sqlalchemy/engine/base.py:2365: in _handle_dbapi_exception
    raise sqlalchemy_exception.with_traceback(exc_info[2]) from e
../../tesis-fim-serio/backend/.venv/lib/python3.13/site-packages/sqlalchemy/engine/base.py:1969: in _exec_single_context
    self.dialect.do_execute(
../../tesis-fim-serio/backend/.venv/lib/python3.13/site-packages/sqlalchemy/engine/default.py:952: in do_execute
    cursor.execute(statement, parameters)
../../tesis-fim-serio/backend/.venv/lib/python3.13/site-packages/psycopg/cursor.py:97: in execute
    raise ex.with_traceback(None)
E   sqlalchemy.exc.IntegrityError: (psycopg.errors.UniqueViolation) duplicate key value violates unique constraint "ix_users_username"
E   DETAIL:  Key (username)=(admin) already exists.
E   [SQL: INSERT INTO users (username, email, password_hash, role, is_active, must_change_password, created_at) VALUES (%(username)s::VARCHAR, %(email)s::VARCHAR, %(password_hash)s::VARCHAR, %(role)s::VARCHAR, %(is_active)s, %(must_change_password)s, %(created_at)s::TIMESTAMP WITH TIME ZONE) RETURNING users.id]
E   [parameters: {'username': 'admin', 'email': 'admin@fim.local', 'password_hash': '$argon2id$v=19$m=65536,t=3,p=4$6poyx/j9cTHct05hzy6kMw$mKp77B2Xaj2z9WigTbaGqm4JpwybV/PXqK/9WEOdcw8', 'role': 'admin', 'is_active': True, 'must_change_password': True, 'created_at': datetime.datetime(2026, 9, 12, 20, 23, 13, 691075, tzinfo=datetime.timezone.utc)}]
E   (Background on this error at: https://sqlalche.me/e/20/gkpj)
----------------------------- Captured stdout call -----------------------------
{"environment": "dev", "event": "backend.startup", "level": "info", "timestamp": "2026-09-12T20:23:13.592682Z"}
{"reason": "CA_CERT_PATH or CA_KEY_PATH not set", "event": "pki.ensure_ca.skipped", "level": "warning", "timestamp": "2026-09-12T20:23:13.592948Z"}
=============================== warnings summary ===============================
../../tesis-fim-serio/backend/.venv/lib/python3.13/site-packages/fastapi/testclient.py:1
  [HOME]/Facultad/tesis/tesis-fim-serio/backend/.venv/lib/python3.13/site-packages/fastapi/testclient.py:1: StarletteDeprecationWarning: Using `httpx` with `starlette.testclient` is deprecated; install `httpx2` instead.
    from starlette.testclient import TestClient as TestClient  # noqa

tests/modules/users/test_user_management.py: 5 warnings
tests/test_actions_router.py: 21 warnings
tests/test_auth.py: 11 warnings
tests/test_c22_auth.py: 5 warnings
tests/test_c31_backend_event_correctness.py: 2 warnings
tests/test_event_listing_contract.py: 19 warnings
tests/test_event_router.py: 1 warning
tests/test_event_severity.py: 3 warnings
tests/test_rules_router.py: 8 warnings
tests/test_timestamps_timezone_aware.py: 8 warnings
  [HOME]/Facultad/tesis/tesis-fim-serio/backend/.venv/lib/python3.13/site-packages/jose/jwt.py:311: DeprecationWarning: datetime.datetime.utcnow() is deprecated and scheduled for removal in a future version. Use timezone-aware objects to represent datetimes in UTC: datetime.datetime.now(datetime.UTC).
    now = timegm(datetime.utcnow().utctimetuple())

tests/test_actions_router.py::test_approve_absent_file_without_confirmation_returns_422
tests/test_auth.py::test_change_password_short_retorna_422
tests/test_rules_router.py::test_post_rules_empty_pattern_returns_422
  [HOME]/Facultad/tesis/tesis-fim-serio/backend/.venv/lib/python3.13/site-packages/fastapi/routing.py:328: StarletteDeprecationWarning: 'HTTP_422_UNPROCESSABLE_ENTITY' is deprecated. Use 'HTTP_422_UNPROCESSABLE_CONTENT' instead.
    return await dependant.call(**values)

tests/test_auth.py::test_refresh_valido_rota_token
tests/test_auth.py::test_refresh_incluye_objeto_user
tests/test_auth.py::test_gracia_no_resucita_refresh_ganador_revocado_por_change_password_sin_cookie
tests/test_auth.py::test_gracia_no_resucita_refresh_ganador_revocado_por_change_password_sin_cookie
tests/test_auth.py::test_gracia_no_resucita_refresh_ganador_revocado_por_change_password_sin_cookie
  [HOME]/Facultad/tesis/tesis-fim-serio/backend/.venv/lib/python3.13/site-packages/httpx/_client.py:1859: DeprecationWarning: Setting per-request cookies=<...> is being deprecated, because the expected behaviour on cookie persistence is ambiguous. Set cookies directly on the client instance instead.
    return await self.request(

tests/test_c22_pki.py::test_start_mtls_server_no_spawna_thread
  [HOME]/Facultad/tesis/tesis-fim-serio/backend/.venv/lib/python3.13/site-packages/websockets/legacy/__init__.py:6: DeprecationWarning: websockets.legacy is deprecated; see https://websockets.readthedocs.io/en/stable/howto/upgrade.html for upgrade instructions
    warnings.warn(  # deprecated in 14.0 - 2024-11-09

tests/test_c22_pki.py::test_start_mtls_server_no_spawna_thread
  [HOME]/Facultad/tesis/tesis-fim-serio/backend/.venv/lib/python3.13/site-packages/uvicorn/protocols/websockets/websockets_impl.py:17: DeprecationWarning: websockets.server.WebSocketServerProtocol is deprecated
    from websockets.server import WebSocketServerProtocol

tests/test_notifications.py::test_health_all_ok
tests/test_notifications.py::test_health_n8n_degraded_when_not_configured
tests/test_notifications.py::test_health_check_reads_health_url_not_webhook_url
  [HOME]/.local/share/uv/python/cpython-3.13.14-linux-x86_64-gnu/lib/python3.13/asyncio/base_events.py:2045: RuntimeWarning: coroutine 'AsyncMockMixin._execute_mock_call' was never awaited
    handle = self._ready.popleft()
  Enable tracemalloc to get traceback where the object was allocated.
  See https://docs.pytest.org/en/stable/how-to/capture-warnings.html#resource-warnings for more info.

-- Docs: https://docs.pytest.org/en/stable/how-to/capture-warnings.html
- generated xml file: [HOME]/Facultad/tesis/tesis-fim-serio-worktrees/l5-agents/.v10-evidence/l5/junit/backend_full_attempt4.xml -
=========================== short test summary info ============================
FAILED backend/tests/modules/users/test_user_management.py::test_admin_puede_listar_usuarios
FAILED backend/tests/modules/users/test_user_management.py::test_post_users_email_duplicado_retorna_409
FAILED backend/tests/modules/users/test_user_management.py::test_post_users_email_invalido_retorna_422
FAILED backend/tests/modules/users/test_user_management.py::test_seed_admin_usa_admin_email_configurado
FAILED backend/tests/modules/users/test_user_management.py::test_seed_admin_usa_default_cuando_no_hay_admin_email
FAILED backend/tests/test_actions_router.py::test_reject_returns_action_response_shape
FAILED backend/tests/test_auth.py::test_logout_invalida_access_token - sqlalc...
FAILED backend/tests/test_event_listing_contract.py::test_get_event_by_id_pathless_event_returns_null_path
FAILED backend/tests/test_notifications.py::test_delete_alert_204 - sqlalchem...
FAILED backend/tests/test_sse_alerts.py::test_get_alerts_filter_severity_high
ERROR backend/tests/core/test_rate_limit_load.py::test_api_n_mas_1_request_retorna_429
ERROR backend/tests/core/test_rate_limit_load.py::test_api_ventana_se_resetea_en_primer_request
ERROR backend/tests/core/test_rate_limit_load.py::test_api_expire_usa_nx_en_requests_subsiguientes
ERROR backend/tests/core/test_rate_limit_semantics.py::test_expire_nx_autorepara_key_sin_ttl
ERROR backend/tests/modules/events/test_retention.py::test_compact_chain_compacta_cadena_mayor_10
ERROR backend/tests/modules/users/test_user_management.py::test_no_admin_recibe_403_en_get_users
ERROR backend/tests/test_actions.py::test_approve_success - sqlalchemy.exc.In...
ERROR backend/tests/test_actions.py::test_approve_conflict - sqlalchemy.exc.I...
ERROR backend/tests/test_actions.py::test_approve_absent_no_confirm - sqlalch...
ERROR backend/tests/test_actions.py::test_bulk_reject_partial - sqlalchemy.ex...
ERROR backend/tests/test_actions_router.py::test_actions_endpoints_require_authentication[/actions/bulk-approve]
ERROR backend/tests/test_actions_router.py::test_actions_endpoints_reject_non_admin[/actions/bulk-reject]
ERROR backend/tests/test_agent_mgmt.py::test_get_agent_detail - sqlalchemy.ex...
ERROR backend/tests/test_agent_mgmt.py::test_get_agent_detail_exposes_queue_size
ERROR backend/tests/test_agent_mgmt.py::test_agent_config_updates_watch_paths
ERROR backend/tests/test_agent_mgmt.py::test_agent_config_not_found - sqlalch...
ERROR backend/tests/test_agent_mgmt.py::test_rescan_no_pending_succeeds - sql...
ERROR backend/tests/test_agent_watch_path_status.py::test_heartbeat_persists_watch_path_status
ERROR backend/tests/test_agent_watch_path_status.py::test_agents_table_has_watch_path_status_column_after_migration
ERROR backend/tests/test_auth.py::test_refresh_con_token_revocado_retorna_401
ERROR backend/tests/test_auth.py::test_refresh_concurrente_dentro_de_gracia_reusa_la_sesion_rotada
ERROR backend/tests/test_auth.py::test_gracia_no_resucita_refresh_ganador_revocado_por_logout
ERROR backend/tests/test_auth.py::test_logout_invalida_tambien_el_refresh_token
ERROR backend/tests/test_auth.py::test_logout_revoca_refresh_jti_sin_recibir_cookie_canonica
ERROR backend/tests/test_auth.py::test_scope_password_change_only_en_access_token
ERROR backend/tests/test_auth.py::test_change_password_con_scope_password_change_only
ERROR backend/tests/test_c22_fk_chain.py::test_delete_parent_nulls_child_parent_event_id
ERROR backend/tests/test_c22_pki.py::test_start_mtls_server_retorna_server_con_install_signal_handlers_false
ERROR backend/tests/test_c22_scope_gate.py::test_get_events_scope_password_change_only_retorna_403
ERROR backend/tests/test_c31_backend_event_correctness.py::test_fix09_guard_detects_bare_reference_form
ERROR backend/tests/test_domain_models.py::TestAgentStatus::test_rejects_unknown
ERROR backend/tests/test_domain_models.py::TestBaselineStatus::test_rejects_unknown
ERROR backend/tests/test_domain_models.py::TestPublishedCommand::test_instantiation_with_required_fields
ERROR backend/tests/test_event_consumer_c11.py::test_rate_limiter_check_over_limit
ERROR backend/tests/test_event_consumer_c11.py::test_consumer_rate_limited_event_audited
ERROR backend/tests/test_event_consumer_c11.py::test_consumer_invalid_transition_xacks_and_does_not_persist
ERROR backend/tests/test_event_listing_contract.py::test_list_events_excludes_superseded_by_default
ERROR backend/tests/test_event_listing_contract.py::test_pagination_total_respects_status_filter
ERROR backend/tests/test_event_listing_contract.py::test_get_event_by_id_returns_full_detail
ERROR backend/tests/test_event_router.py::test_get_event_not_found_returns_404
ERROR backend/tests/test_event_service.py::test_validate_valid_pending_to_approved
ERROR backend/tests/test_event_service.py::test_validate_invalid_pending_to_alert_only
ERROR backend/tests/test_event_status_derivation.py::test_row_quarantine_success_yields_quarantined
ERROR backend/tests/test_event_status_derivation.py::test_forged_status_cannot_induce_backend_exclusive_transitions[approved]
ERROR backend/tests/test_event_status_derivation.py::test_forged_status_cannot_induce_backend_exclusive_transitions[rejected]
ERROR backend/tests/test_jwt_key_rotation.py::test_decode_token_acepta_clave_actual_y_anterior_durante_rotacion
ERROR backend/tests/test_logging_trace_id.py::test_trace_id_contextvars_reset_after_request
ERROR backend/tests/test_n8n_workflow_contract.py::test_known_divergence_list_can_only_shrink
ERROR backend/tests/test_notifications.py::test_send_n8n_skipped_when_no_url
ERROR backend/tests/test_notifications.py::test_send_smtp_skipped_when_no_host
ERROR backend/tests/test_notifications.py::test_determine_severity_critical
ERROR backend/tests/test_notifications.py::test_notify_skip_low_severity - sq...
ERROR backend/tests/test_notifications.py::test_retry_alert_resets_dlq_state_and_reschedules
ERROR backend/tests/test_published_command_ack_tracking.py::test_enqueue_update_config_creates_pending_command_without_advancing_version
ERROR backend/tests/test_published_command_ack_tracking.py::test_enqueue_restore_file_persists_once_caller_commits
ERROR backend/tests/test_rules_service.py::TestListRules::test_severity_order_constant_values
ERROR backend/tests/test_smtp_tls_modes.py::test_implicit_tls_wins_when_starttls_left_at_default
ERROR backend/tests/test_sse_alerts.py::test_list_alerts_no_filters - sqlalch...
ERROR backend/tests/test_sse_alerts.py::test_get_alerts_serializa_status_derivado
ERROR backend/tests/test_sse_alerts.py::test_sse_no_last_event_id_no_replay
ERROR backend/tests/test_stream_ack_durability_consumer.py::test_no_sent_at_old_detected_at_rejected
ERROR backend/tests/test_stream_ack_durability_consumer.py::test_response_matrix_rate_limited_nack_with_retry_after
ERROR backend/tests/test_stream_ack_durability_consumer.py::test_response_matrix_empty_event_id_is_silent
ERROR backend/tests/test_stream_ack_durability_consumer.py::test_schema_version_unsupported_known_agent_gets_signed_nack
ERROR backend/tests/test_stream_ack_durability_consumer.py::test_schema_version_unsupported_unknown_agent_is_silent
ERROR backend/tests/test_stream_ack_durability_outbox.py::test_approve_pending_row_born_in_same_transaction
====== 10 failed, 542 passed, 97 warnings, 66 errors in 223.10s (0:03:43) ======
