[HOME]/Facultad/tesis/tesis-fim-serio/backend/.venv/lib/python3.13/site-packages/pytest_asyncio/plugin.py:207: PytestDeprecationWarning: The configuration option "asyncio_default_fixture_loop_scope" is unset.
The event loop scope for asynchronous fixtures will default to the fixture caching scope. Future versions of pytest-asyncio will default the loop scope for asynchronous fixtures to function scope. Set the default fixture loop scope explicitly in order to avoid unexpected behavior in the future. Valid fixture loop scopes are: "function", "class", "module", "package", "session"

  warnings.warn(PytestDeprecationWarning(_DEFAULT_FIXTURE_LOOP_SCOPE_UNSET))
============================= test session starts ==============================
platform linux -- Python 3.13.14, pytest-8.3.4, pluggy-1.6.0
rootdir: [HOME]/Facultad/tesis/tesis-fim-serio-worktrees/l5-agents/backend
configfile: pyproject.toml
plugins: anyio-4.14.0, timeout-2.3.1, asyncio-0.25.2, cov-6.0.0
timeout: 60.0s
timeout method: signal
timeout func_only: False
asyncio: mode=Mode.AUTO, asyncio_default_fixture_loop_scope=None
collected 618 items

backend/tests/core/test_notification_settings.py ....                    [  0%]
backend/tests/core/test_rate_limit_load.py .........                     [  2%]
backend/tests/core/test_rate_limit_semantics.py ..                       [  2%]
backend/tests/modules/events/test_retention.py ......                    [  3%]
backend/tests/modules/users/test_user_management.py .........            [  4%]
backend/tests/test_actions.py ...............                            [  7%]
backend/tests/test_actions_router.py .........................           [ 11%]
backend/tests/test_agent_cert_renewal.py .......                         [ 12%]
backend/tests/test_agent_mgmt.py .....................                   [ 15%]
backend/tests/test_agent_watch_path_status.py .E.....EE                  [ 17%]
backend/tests/test_auth.py .FE.....E.....F...F.......                    [ 21%]
backend/tests/test_c22_auth.py ......                                    [ 22%]
backend/tests/test_c22_consumer.py EEEE.                                 [ 23%]
backend/tests/test_c22_fk_chain.py ...                                   [ 23%]
backend/tests/test_c22_pki.py .E...E                                     [ 24%]
backend/tests/test_c22_scope_gate.py E..E.                               [ 25%]
backend/tests/test_c31_backend_event_correctness.py ......EEEEEEE.       [ 27%]
backend/tests/test_c32_sse_security_fixes.py ...E....EEE..               [ 29%]
backend/tests/test_command_ack_consumer.py ....................          [ 33%]
backend/tests/test_consumer.py ..E....                                   [ 34%]
backend/tests/test_domain_models.py ..E...E.E....EE.E.                   [ 37%]
backend/tests/test_drain_backend_unit1.py ......                         [ 38%]
backend/tests/test_event_ack_status_field.py ..E                         [ 38%]
backend/tests/test_event_action_error.py .........                       [ 40%]
backend/tests/test_event_consumer_c11.py ..E......                       [ 41%]
backend/tests/test_event_listing_contract.py ...........F.....E..        [ 44%]
backend/tests/test_event_router.py ....                                  [ 45%]
backend/tests/test_event_service.py .E...E....................EEE..      [ 50%]
backend/tests/test_event_severity.py ....E....                           [ 51%]
backend/tests/test_event_status_derivation.py ............EEEE.....E.... [ 56%]
..                                                                       [ 56%]
backend/tests/test_event_symlink_metadata.py ..F...                      [ 57%]
backend/tests/test_health.py ...                                         [ 57%]
backend/tests/test_health_n8n_check.py ....EE..EE..E                     [ 60%]
backend/tests/test_heartbeat_consumer.py ..................              [ 62%]
backend/tests/test_integration_transport.py .E                           [ 63%]
backend/tests/test_jwt_key_rotation.py ..                                [ 63%]
backend/tests/test_logging_sanitize.py ..EE.....                         [ 65%]
backend/tests/test_logging_trace_id.py ....                              [ 65%]
backend/tests/test_mtls_transport.py .                                   [ 65%]
backend/tests/test_n8n_workflow_contract.py ..E.......                   [ 67%]
backend/tests/test_notification_payload_contract.py ...........          [ 69%]
backend/tests/test_notifications.py ..............EEEE...E.............. [ 75%]
...                                                                      [ 75%]
backend/tests/test_openspec_artifact_integrity.py ....E                  [ 76%]
backend/tests/test_published_command_ack_tracking.py E.....              [ 77%]
backend/tests/test_retention_task.py ....                                [ 77%]
backend/tests/test_rule_sync_outbox.py ....                              [ 78%]
backend/tests/test_rules_router.py ....E............                     [ 81%]
backend/tests/test_rules_service.py .................................    [ 86%]
backend/tests/test_ruleset_version_atomic.py E.                          [ 87%]
backend/tests/test_smtp_tls_modes.py ...E...                             [ 88%]
backend/tests/test_sse_alerts.py ...........................             [ 92%]
backend/tests/test_stream_ack_durability_consumer.py .E.......EE.......E [ 95%]
E..E..E..E                                                               [ 97%]
backend/tests/test_stream_ack_durability_outbox.py .........             [ 98%]
backend/tests/test_timestamps_timezone_aware.py ........                 [100%]

==================================== ERRORS ====================================
_ ERROR at setup of test_heartbeat_without_key_does_not_erase_previous_status __
../../tesis-fim-serio/backend/.venv/lib/python3.13/site-packages/sqlalchemy/engine/base.py:1969: in _exec_single_context
    self.dialect.do_execute(
../../tesis-fim-serio/backend/.venv/lib/python3.13/site-packages/sqlalchemy/engine/default.py:952: in do_execute
    cursor.execute(statement, parameters)
../../tesis-fim-serio/backend/.venv/lib/python3.13/site-packages/psycopg/cursor.py:97: in execute
    raise ex.with_traceback(None)
E   psycopg.errors.UniqueViolation: duplicate key value violates unique constraint "ix_users_username"
E   DETAIL:  Key (username)=(admin) already exists.

The above exception was the direct cause of the following exception:
backend/tests/conftest.py:133: in _db_isolation
    _seed_admin_impl()
backend/tests/conftest.py:108: in _seed_admin_impl
    session.commit()
../../tesis-fim-serio/backend/.venv/lib/python3.13/site-packages/sqlalchemy/orm/session.py:2035: in commit
    trans.commit(_to_root=True)
../../tesis-fim-serio/backend/.venv/lib/python3.13/site-packages/sqlalchemy/orm/state_changes.py:137: in _go
    ret_value = fn(self, *arg, **kw)
../../tesis-fim-serio/backend/.venv/lib/python3.13/site-packages/sqlalchemy/orm/session.py:1316: in commit
    self._prepare_impl()
../../tesis-fim-serio/backend/.venv/lib/python3.13/site-packages/sqlalchemy/orm/state_changes.py:137: in _go
    ret_value = fn(self, *arg, **kw)
../../tesis-fim-serio/backend/.venv/lib/python3.13/site-packages/sqlalchemy/orm/session.py:1290: in _prepare_impl
    self.session.flush()
../../tesis-fim-serio/backend/.venv/lib/python3.13/site-packages/sqlalchemy/orm/session.py:4353: in flush
    self._flush(objects)
../../tesis-fim-serio/backend/.venv/lib/python3.13/site-packages/sqlalchemy/orm/session.py:4488: in _flush
    with util.safe_reraise():
../../tesis-fim-serio/backend/.venv/lib/python3.13/site-packages/sqlalchemy/util/langhelpers.py:122: in __exit__
    raise exc_value.with_traceback(exc_tb)
../../tesis-fim-serio/backend/.venv/lib/python3.13/site-packages/sqlalchemy/orm/session.py:4449: in _flush
    flush_context.execute()
../../tesis-fim-serio/backend/.venv/lib/python3.13/site-packages/sqlalchemy/orm/unitofwork.py:465: in execute
    rec.execute(self)
../../tesis-fim-serio/backend/.venv/lib/python3.13/site-packages/sqlalchemy/orm/unitofwork.py:641: in execute
    util.preloaded.orm_persistence.save_obj(
../../tesis-fim-serio/backend/.venv/lib/python3.13/site-packages/sqlalchemy/orm/persistence.py:94: in save_obj
    _emit_insert_statements(
../../tesis-fim-serio/backend/.venv/lib/python3.13/site-packages/sqlalchemy/orm/persistence.py:1234: in _emit_insert_statements
    result = connection.execute(
../../tesis-fim-serio/backend/.venv/lib/python3.13/site-packages/sqlalchemy/engine/base.py:1421: in execute
    return meth(
../../tesis-fim-serio/backend/.venv/lib/python3.13/site-packages/sqlalchemy/sql/elements.py:526: in _execute_on_connection
    return connection._execute_clauseelement(
../../tesis-fim-serio/backend/.venv/lib/python3.13/site-packages/sqlalchemy/engine/base.py:1643: in _execute_clauseelement
    ret = self._execute_context(
../../tesis-fim-serio/backend/.venv/lib/python3.13/site-packages/sqlalchemy/engine/base.py:1848: in _execute_context
    return self._exec_single_context(
../../tesis-fim-serio/backend/.venv/lib/python3.13/site-packages/sqlalchemy/engine/base.py:1988: in _exec_single_context
    self._handle_dbapi_exception(
../../tesis-fim-serio/backend/.venv/lib/python3.13/site-packages/sqlalchemy/engine/base.py:2365: in _handle_dbapi_exception
    raise sqlalchemy_exception.with_traceback(exc_info[2]) from e
../../tesis-fim-serio/backend/.venv/lib/python3.13/site-packages/sqlalchemy/engine/base.py:1969: in _exec_single_context
    self.dialect.do_execute(
../../tesis-fim-serio/backend/.venv/lib/python3.13/site-packages/sqlalchemy/engine/default.py:952: in do_execute
    cursor.execute(statement, parameters)
../../tesis-fim-serio/backend/.venv/lib/python3.13/site-packages/psycopg/cursor.py:97: in execute
    raise ex.with_traceback(None)
E   sqlalchemy.exc.IntegrityError: (psycopg.errors.UniqueViolation) duplicate key value violates unique constraint "ix_users_username"
E   DETAIL:  Key (username)=(admin) already exists.
E   [SQL: INSERT INTO users (username, email, password_hash, role, is_active, must_change_password, created_at) VALUES (%(username)s::VARCHAR, %(email)s::VARCHAR, %(password_hash)s::VARCHAR, %(role)s::VARCHAR, %(is_active)s, %(must_change_password)s, %(created_at)s::TIMESTAMP WITH TIME ZONE) RETURNING users.id]
E   [parameters: {'username': 'admin', 'email': 'admin@fim.local', 'password_hash': '$argon2id$v=19$m=65536,t=3,p=4$Z+tcqgeyHUPYKts5m+Apug$KPhZWNY+6jOwFXNcVyR0YcpKFELjsTTobAy6CCM7Zuc', 'role': 'admin', 'is_active': True, 'must_change_password': True, 'created_at': datetime.datetime(2026, 9, 12, 20, 14, 0, 612077, tzinfo=datetime.timezone.utc)}]
E   (Background on this error at: https://sqlalche.me/e/20/gkpj)
______________ ERROR at setup of test_migration_009_is_idempotent ______________
../../tesis-fim-serio/backend/.venv/lib/python3.13/site-packages/sqlalchemy/engine/base.py:1969: in _exec_single_context
    self.dialect.do_execute(
../../tesis-fim-serio/backend/.venv/lib/python3.13/site-packages/sqlalchemy/engine/default.py:952: in do_execute
    cursor.execute(statement, parameters)
../../tesis-fim-serio/backend/.venv/lib/python3.13/site-packages/psycopg/cursor.py:97: in execute
    raise ex.with_traceback(None)
E   psycopg.errors.UniqueViolation: duplicate key value violates unique constraint "ix_users_username"
E   DETAIL:  Key (username)=(admin) already exists.

The above exception was the direct cause of the following exception:
backend/tests/conftest.py:133: in _db_isolation
    _seed_admin_impl()
backend/tests/conftest.py:108: in _seed_admin_impl
    session.commit()
../../tesis-fim-serio/backend/.venv/lib/python3.13/site-packages/sqlalchemy/orm/session.py:2035: in commit
    trans.commit(_to_root=True)
../../tesis-fim-serio/backend/.venv/lib/python3.13/site-packages/sqlalchemy/orm/state_changes.py:137: in _go
    ret_value = fn(self, *arg, **kw)
../../tesis-fim-serio/backend/.venv/lib/python3.13/site-packages/sqlalchemy/orm/session.py:1316: in commit
    self._prepare_impl()
../../tesis-fim-serio/backend/.venv/lib/python3.13/site-packages/sqlalchemy/orm/state_changes.py:137: in _go
    ret_value = fn(self, *arg, **kw)
../../tesis-fim-serio/backend/.venv/lib/python3.13/site-packages/sqlalchemy/orm/session.py:1290: in _prepare_impl
    self.session.flush()
../../tesis-fim-serio/backend/.venv/lib/python3.13/site-packages/sqlalchemy/orm/session.py:4353: in flush
    self._flush(objects)
../../tesis-fim-serio/backend/.venv/lib/python3.13/site-packages/sqlalchemy/orm/session.py:4488: in _flush
    with util.safe_reraise():
../../tesis-fim-serio/backend/.venv/lib/python3.13/site-packages/sqlalchemy/util/langhelpers.py:122: in __exit__
    raise exc_value.with_traceback(exc_tb)
../../tesis-fim-serio/backend/.venv/lib/python3.13/site-packages/sqlalchemy/orm/session.py:4449: in _flush
    flush_context.execute()
../../tesis-fim-serio/backend/.venv/lib/python3.13/site-packages/sqlalchemy/orm/unitofwork.py:465: in execute
    rec.execute(self)
../../tesis-fim-serio/backend/.venv/lib/python3.13/site-packages/sqlalchemy/orm/unitofwork.py:641: in execute
    util.preloaded.orm_persistence.save_obj(
../../tesis-fim-serio/backend/.venv/lib/python3.13/site-packages/sqlalchemy/orm/persistence.py:94: in save_obj
    _emit_insert_statements(
../../tesis-fim-serio/backend/.venv/lib/python3.13/site-packages/sqlalchemy/orm/persistence.py:1234: in _emit_insert_statements
    result = connection.execute(
../../tesis-fim-serio/backend/.venv/lib/python3.13/site-packages/sqlalchemy/engine/base.py:1421: in execute
    return meth(
../../tesis-fim-serio/backend/.venv/lib/python3.13/site-packages/sqlalchemy/sql/elements.py:526: in _execute_on_connection
    return connection._execute_clauseelement(
../../tesis-fim-serio/backend/.venv/lib/python3.13/site-packages/sqlalchemy/engine/base.py:1643: in _execute_clauseelement
    ret = self._execute_context(
../../tesis-fim-serio/backend/.venv/lib/python3.13/site-packages/sqlalchemy/engine/base.py:1848: in _execute_context
    return self._exec_single_context(
../../tesis-fim-serio/backend/.venv/lib/python3.13/site-packages/sqlalchemy/engine/base.py:1988: in _exec_single_context
    self._handle_dbapi_exception(
../../tesis-fim-serio/backend/.venv/lib/python3.13/site-packages/sqlalchemy/engine/base.py:2365: in _handle_dbapi_exception
    raise sqlalchemy_exception.with_traceback(exc_info[2]) from e
../../tesis-fim-serio/backend/.venv/lib/python3.13/site-packages/sqlalchemy/engine/base.py:1969: in _exec_single_context
    self.dialect.do_execute(
../../tesis-fim-serio/backend/.venv/lib/python3.13/site-packages/sqlalchemy/engine/default.py:952: in do_execute
    cursor.execute(statement, parameters)
../../tesis-fim-serio/backend/.venv/lib/python3.13/site-packages/psycopg/cursor.py:97: in execute
    raise ex.with_traceback(None)
E   sqlalchemy.exc.IntegrityError: (psycopg.errors.UniqueViolation) duplicate key value violates unique constraint "ix_users_username"
E   DETAIL:  Key (username)=(admin) already exists.
E   [SQL: INSERT INTO users (username, email, password_hash, role, is_active, must_change_password, created_at) VALUES (%(username)s::VARCHAR, %(email)s::VARCHAR, %(password_hash)s::VARCHAR, %(role)s::VARCHAR, %(is_active)s, %(must_change_password)s, %(created_at)s::TIMESTAMP WITH TIME ZONE) RETURNING users.id]
E   [parameters: {'username': 'admin', 'email': 'admin@fim.local', 'password_hash': '$argon2id$v=19$m=65536,t=3,p=4$C4zP69UPPvYmyvO+8f0ZPg$mUn2v6fhClTfR0PSFvLNccqp7Idp2dYZG+AvHQ90jNs', 'role': 'admin', 'is_active': True, 'must_change_password': True, 'created_at': datetime.datetime(2026, 9, 12, 20, 14, 1, 926067, tzinfo=datetime.timezone.utc)}]
E   (Background on this error at: https://sqlalche.me/e/20/gkpj)
_ ERROR at setup of test_agents_table_has_watch_path_status_column_after_migration _
../../tesis-fim-serio/backend/.venv/lib/python3.13/site-packages/sqlalchemy/engine/base.py:1969: in _exec_single_context
    self.dialect.do_execute(
../../tesis-fim-serio/backend/.venv/lib/python3.13/site-packages/sqlalchemy/engine/default.py:952: in do_execute
    cursor.execute(statement, parameters)
../../tesis-fim-serio/backend/.venv/lib/python3.13/site-packages/psycopg/cursor.py:97: in execute
    raise ex.with_traceback(None)
E   psycopg.errors.UniqueViolation: duplicate key value violates unique constraint "ix_users_username"
E   DETAIL:  Key (username)=(admin) already exists.

The above exception was the direct cause of the following exception:
backend/tests/conftest.py:133: in _db_isolation
    _seed_admin_impl()
backend/tests/conftest.py:108: in _seed_admin_impl
    session.commit()
../../tesis-fim-serio/backend/.venv/lib/python3.13/site-packages/sqlalchemy/orm/session.py:2035: in commit
    trans.commit(_to_root=True)
../../tesis-fim-serio/backend/.venv/lib/python3.13/site-packages/sqlalchemy/orm/state_changes.py:137: in _go
    ret_value = fn(self, *arg, **kw)
../../tesis-fim-serio/backend/.venv/lib/python3.13/site-packages/sqlalchemy/orm/session.py:1316: in commit
    self._prepare_impl()
../../tesis-fim-serio/backend/.venv/lib/python3.13/site-packages/sqlalchemy/orm/state_changes.py:137: in _go
    ret_value = fn(self, *arg, **kw)
../../tesis-fim-serio/backend/.venv/lib/python3.13/site-packages/sqlalchemy/orm/session.py:1290: in _prepare_impl
    self.session.flush()
../../tesis-fim-serio/backend/.venv/lib/python3.13/site-packages/sqlalchemy/orm/session.py:4353: in flush
    self._flush(objects)
../../tesis-fim-serio/backend/.venv/lib/python3.13/site-packages/sqlalchemy/orm/session.py:4488: in _flush
    with util.safe_reraise():
../../tesis-fim-serio/backend/.venv/lib/python3.13/site-packages/sqlalchemy/util/langhelpers.py:122: in __exit__
    raise exc_value.with_traceback(exc_tb)
../../tesis-fim-serio/backend/.venv/lib/python3.13/site-packages/sqlalchemy/orm/session.py:4449: in _flush
    flush_context.execute()
../../tesis-fim-serio/backend/.venv/lib/python3.13/site-packages/sqlalchemy/orm/unitofwork.py:465: in execute
    rec.execute(self)
../../tesis-fim-serio/backend/.venv/lib/python3.13/site-packages/sqlalchemy/orm/unitofwork.py:641: in execute
    util.preloaded.orm_persistence.save_obj(
../../tesis-fim-serio/backend/.venv/lib/python3.13/site-packages/sqlalchemy/orm/persistence.py:94: in save_obj
    _emit_insert_statements(
../../tesis-fim-serio/backend/.venv/lib/python3.13/site-packages/sqlalchemy/orm/persistence.py:1234: in _emit_insert_statements
    result = connection.execute(
../../tesis-fim-serio/backend/.venv/lib/python3.13/site-packages/sqlalchemy/engine/base.py:1421: in execute
    return meth(
../../tesis-fim-serio/backend/.venv/lib/python3.13/site-packages/sqlalchemy/sql/elements.py:526: in _execute_on_connection
    return connection._execute_clauseelement(
../../tesis-fim-serio/backend/.venv/lib/python3.13/site-packages/sqlalchemy/engine/base.py:1643: in _execute_clauseelement
    ret = self._execute_context(
../../tesis-fim-serio/backend/.venv/lib/python3.13/site-packages/sqlalchemy/engine/base.py:1848: in _execute_context
    return self._exec_single_context(
../../tesis-fim-serio/backend/.venv/lib/python3.13/site-packages/sqlalchemy/engine/base.py:1988: in _exec_single_context
    self._handle_dbapi_exception(
../../tesis-fim-serio/backend/.venv/lib/python3.13/site-packages/sqlalchemy/engine/base.py:2365: in _handle_dbapi_exception
    raise sqlalchemy_exception.with_traceback(exc_info[2]) from e
../../tesis-fim-serio/backend/.venv/lib/python3.13/site-packages/sqlalchemy/engine/base.py:1969: in _exec_single_context
    self.dialect.do_execute(
../../tesis-fim-serio/backend/.venv/lib/python3.13/site-packages/sqlalchemy/engine/default.py:952: in do_execute
    cursor.execute(statement, parameters)
../../tesis-fim-serio/backend/.venv/lib/python3.13/site-packages/psycopg/cursor.py:97: in execute
    raise ex.with_traceback(None)
E   sqlalchemy.exc.IntegrityError: (psycopg.errors.UniqueViolation) duplicate key value violates unique constraint "ix_users_username"
E   DETAIL:  Key (username)=(admin) already exists.
E   [SQL: INSERT INTO users (username, email, password_hash, role, is_active, must_change_password, created_at) VALUES (%(username)s::VARCHAR, %(email)s::VARCHAR, %(password_hash)s::VARCHAR, %(role)s::VARCHAR, %(is_active)s, %(must_change_password)s, %(created_at)s::TIMESTAMP WITH TIME ZONE) RETURNING users.id]
E   [parameters: {'username': 'admin', 'email': 'admin@fim.local', 'password_hash': '$argon2id$v=19$m=65536,t=3,p=4$fTh7Dp1ve0rKOVPPS8LfAA$M5dctHmrmnqZ0y26GcDKeu5JOjWqdcdddhFS6SrzVww', 'role': 'admin', 'is_active': True, 'must_change_password': True, 'created_at': datetime.datetime(2026, 9, 12, 20, 14, 2, 556061, tzinfo=datetime.timezone.utc)}]
E   (Background on this error at: https://sqlalche.me/e/20/gkpj)
_____ ERROR at setup of test_login_primer_admin_must_change_password_true ______
../../tesis-fim-serio/backend/.venv/lib/python3.13/site-packages/sqlalchemy/engine/base.py:1969: in _exec_single_context
    self.dialect.do_execute(
../../tesis-fim-serio/backend/.venv/lib/python3.13/site-packages/sqlalchemy/engine/default.py:952: in do_execute
    cursor.execute(statement, parameters)
../../tesis-fim-serio/backend/.venv/lib/python3.13/site-packages/psycopg/cursor.py:97: in execute
    raise ex.with_traceback(None)
E   psycopg.errors.UniqueViolation: duplicate key value violates unique constraint "ix_users_username"
E   DETAIL:  Key (username)=(admin) already exists.

The above exception was the direct cause of the following exception:
backend/tests/conftest.py:133: in _db_isolation
    _seed_admin_impl()
backend/tests/conftest.py:108: in _seed_admin_impl
    session.commit()
../../tesis-fim-serio/backend/.venv/lib/python3.13/site-packages/sqlalchemy/orm/session.py:2035: in commit
    trans.commit(_to_root=True)
../../tesis-fim-serio/backend/.venv/lib/python3.13/site-packages/sqlalchemy/orm/state_changes.py:137: in _go
    ret_value = fn(self, *arg, **kw)
../../tesis-fim-serio/backend/.venv/lib/python3.13/site-packages/sqlalchemy/orm/session.py:1316: in commit
    self._prepare_impl()
../../tesis-fim-serio/backend/.venv/lib/python3.13/site-packages/sqlalchemy/orm/state_changes.py:137: in _go
    ret_value = fn(self, *arg, **kw)
../../tesis-fim-serio/backend/.venv/lib/python3.13/site-packages/sqlalchemy/orm/session.py:1290: in _prepare_impl
    self.session.flush()
../../tesis-fim-serio/backend/.venv/lib/python3.13/site-packages/sqlalchemy/orm/session.py:4353: in flush
    self._flush(objects)
../../tesis-fim-serio/backend/.venv/lib/python3.13/site-packages/sqlalchemy/orm/session.py:4488: in _flush
    with util.safe_reraise():
../../tesis-fim-serio/backend/.venv/lib/python3.13/site-packages/sqlalchemy/util/langhelpers.py:122: in __exit__
    raise exc_value.with_traceback(exc_tb)
../../tesis-fim-serio/backend/.venv/lib/python3.13/site-packages/sqlalchemy/orm/session.py:4449: in _flush
    flush_context.execute()
../../tesis-fim-serio/backend/.venv/lib/python3.13/site-packages/sqlalchemy/orm/unitofwork.py:465: in execute
    rec.execute(self)
../../tesis-fim-serio/backend/.venv/lib/python3.13/site-packages/sqlalchemy/orm/unitofwork.py:641: in execute
    util.preloaded.orm_persistence.save_obj(
../../tesis-fim-serio/backend/.venv/lib/python3.13/site-packages/sqlalchemy/orm/persistence.py:94: in save_obj
    _emit_insert_statements(
../../tesis-fim-serio/backend/.venv/lib/python3.13/site-packages/sqlalchemy/orm/persistence.py:1234: in _emit_insert_statements
    result = connection.execute(
../../tesis-fim-serio/backend/.venv/lib/python3.13/site-packages/sqlalchemy/engine/base.py:1421: in execute
    return meth(
../../tesis-fim-serio/backend/.venv/lib/python3.13/site-packages/sqlalchemy/sql/elements.py:526: in _execute_on_connection
    return connection._execute_clauseelement(
../../tesis-fim-serio/backend/.venv/lib/python3.13/site-packages/sqlalchemy/engine/base.py:1643: in _execute_clauseelement
    ret = self._execute_context(
../../tesis-fim-serio/backend/.venv/lib/python3.13/site-packages/sqlalchemy/engine/base.py:1848: in _execute_context
    return self._exec_single_context(
../../tesis-fim-serio/backend/.venv/lib/python3.13/site-packages/sqlalchemy/engine/base.py:1988: in _exec_single_context
    self._handle_dbapi_exception(
../../tesis-fim-serio/backend/.venv/lib/python3.13/site-packages/sqlalchemy/engine/base.py:2365: in _handle_dbapi_exception
    raise sqlalchemy_exception.with_traceback(exc_info[2]) from e
../../tesis-fim-serio/backend/.venv/lib/python3.13/site-packages/sqlalchemy/engine/base.py:1969: in _exec_single_context
    self.dialect.do_execute(
../../tesis-fim-serio/backend/.venv/lib/python3.13/site-packages/sqlalchemy/engine/default.py:952: in do_execute
    cursor.execute(statement, parameters)
../../tesis-fim-serio/backend/.venv/lib/python3.13/site-packages/psycopg/cursor.py:97: in execute
    raise ex.with_traceback(None)
E   sqlalchemy.exc.IntegrityError: (psycopg.errors.UniqueViolation) duplicate key value violates unique constraint "ix_users_username"
E   DETAIL:  Key (username)=(admin) already exists.
E   [SQL: INSERT INTO users (username, email, password_hash, role, is_active, must_change_password, created_at) VALUES (%(username)s::VARCHAR, %(email)s::VARCHAR, %(password_hash)s::VARCHAR, %(role)s::VARCHAR, %(is_active)s, %(must_change_password)s, %(created_at)s::TIMESTAMP WITH TIME ZONE) RETURNING users.id]
E   [parameters: {'username': 'admin', 'email': 'admin@fim.local', 'password_hash': '$argon2id$v=19$m=65536,t=3,p=4$Jk5DMekBy4jC11+4ps+PmQ$vc4Oau+cHyivEQX3G1KKHL+lBjgN4lXgRnGUpUt1MJE', 'role': 'admin', 'is_active': True, 'must_change_password': True, 'created_at': datetime.datetime(2026, 9, 12, 20, 14, 4, 32573, tzinfo=datetime.timezone.utc)}]
E   (Background on this error at: https://sqlalche.me/e/20/gkpj)
___________ ERROR at setup of test_rate_limit_login_5_intentos_pasan ___________
../../tesis-fim-serio/backend/.venv/lib/python3.13/site-packages/sqlalchemy/engine/base.py:1969: in _exec_single_context
    self.dialect.do_execute(
../../tesis-fim-serio/backend/.venv/lib/python3.13/site-packages/sqlalchemy/engine/default.py:952: in do_execute
    cursor.execute(statement, parameters)
../../tesis-fim-serio/backend/.venv/lib/python3.13/site-packages/psycopg/cursor.py:97: in execute
    raise ex.with_traceback(None)
E   psycopg.errors.UniqueViolation: duplicate key value violates unique constraint "ix_users_username"
E   DETAIL:  Key (username)=(admin) already exists.

The above exception was the direct cause of the following exception:
backend/tests/conftest.py:133: in _db_isolation
    _seed_admin_impl()
backend/tests/conftest.py:108: in _seed_admin_impl
    session.commit()
../../tesis-fim-serio/backend/.venv/lib/python3.13/site-packages/sqlalchemy/orm/session.py:2035: in commit
    trans.commit(_to_root=True)
../../tesis-fim-serio/backend/.venv/lib/python3.13/site-packages/sqlalchemy/orm/state_changes.py:137: in _go
    ret_value = fn(self, *arg, **kw)
../../tesis-fim-serio/backend/.venv/lib/python3.13/site-packages/sqlalchemy/orm/session.py:1316: in commit
    self._prepare_impl()
../../tesis-fim-serio/backend/.venv/lib/python3.13/site-packages/sqlalchemy/orm/state_changes.py:137: in _go
    ret_value = fn(self, *arg, **kw)
../../tesis-fim-serio/backend/.venv/lib/python3.13/site-packages/sqlalchemy/orm/session.py:1290: in _prepare_impl
    self.session.flush()
../../tesis-fim-serio/backend/.venv/lib/python3.13/site-packages/sqlalchemy/orm/session.py:4353: in flush
    self._flush(objects)
../../tesis-fim-serio/backend/.venv/lib/python3.13/site-packages/sqlalchemy/orm/session.py:4488: in _flush
    with util.safe_reraise():
../../tesis-fim-serio/backend/.venv/lib/python3.13/site-packages/sqlalchemy/util/langhelpers.py:122: in __exit__
    raise exc_value.with_traceback(exc_tb)
../../tesis-fim-serio/backend/.venv/lib/python3.13/site-packages/sqlalchemy/orm/session.py:4449: in _flush
    flush_context.execute()
../../tesis-fim-serio/backend/.venv/lib/python3.13/site-packages/sqlalchemy/orm/unitofwork.py:465: in execute
    rec.execute(self)
../../tesis-fim-serio/backend/.venv/lib/python3.13/site-packages/sqlalchemy/orm/unitofwork.py:641: in execute
    util.preloaded.orm_persistence.save_obj(
../../tesis-fim-serio/backend/.venv/lib/python3.13/site-packages/sqlalchemy/orm/persistence.py:94: in save_obj
    _emit_insert_statements(
../../tesis-fim-serio/backend/.venv/lib/python3.13/site-packages/sqlalchemy/orm/persistence.py:1234: in _emit_insert_statements
    result = connection.execute(
../../tesis-fim-serio/backend/.venv/lib/python3.13/site-packages/sqlalchemy/engine/base.py:1421: in execute
    return meth(
../../tesis-fim-serio/backend/.venv/lib/python3.13/site-packages/sqlalchemy/sql/elements.py:526: in _execute_on_connection
    return connection._execute_clauseelement(
../../tesis-fim-serio/backend/.venv/lib/python3.13/site-packages/sqlalchemy/engine/base.py:1643: in _execute_clauseelement
    ret = self._execute_context(
../../tesis-fim-serio/backend/.venv/lib/python3.13/site-packages/sqlalchemy/engine/base.py:1848: in _execute_context
    return self._exec_single_context(
../../tesis-fim-serio/backend/.venv/lib/python3.13/site-packages/sqlalchemy/engine/base.py:1988: in _exec_single_context
    self._handle_dbapi_exception(
../../tesis-fim-serio/backend/.venv/lib/python3.13/site-packages/sqlalchemy/engine/base.py:2365: in _handle_dbapi_exception
    raise sqlalchemy_exception.with_traceback(exc_info[2]) from e
../../tesis-fim-serio/backend/.venv/lib/python3.13/site-packages/sqlalchemy/engine/base.py:1969: in _exec_single_context
    self.dialect.do_execute(
../../tesis-fim-serio/backend/.venv/lib/python3.13/site-packages/sqlalchemy/engine/default.py:952: in do_execute
    cursor.execute(statement, parameters)
../../tesis-fim-serio/backend/.venv/lib/python3.13/site-packages/psycopg/cursor.py:97: in execute
    raise ex.with_traceback(None)
E   sqlalchemy.exc.IntegrityError: (psycopg.errors.UniqueViolation) duplicate key value violates unique constraint "ix_users_username"
E   DETAIL:  Key (username)=(admin) already exists.
E   [SQL: INSERT INTO users (username, email, password_hash, role, is_active, must_change_password, created_at) VALUES (%(username)s::VARCHAR, %(email)s::VARCHAR, %(password_hash)s::VARCHAR, %(role)s::VARCHAR, %(is_active)s, %(must_change_password)s, %(created_at)s::TIMESTAMP WITH TIME ZONE) RETURNING users.id]
E   [parameters: {'username': 'admin', 'email': 'admin@fim.local', 'password_hash': '$argon2id$v=19$m=65536,t=3,p=4$funaXBDX2a5eSLUwaPzvyQ$qUz3Wsd5WlQ1wT4BWh4XOk6x0YuL8N0xgz/g+GhQll8', 'role': 'admin', 'is_active': True, 'must_change_password': True, 'created_at': datetime.datetime(2026, 9, 12, 20, 14, 5, 576763, tzinfo=datetime.timezone.utc)}]
E   (Background on this error at: https://sqlalche.me/e/20/gkpj)
_______ ERROR at setup of test_success_path_xack_and_publishes_event_ack _______
../../tesis-fim-serio/backend/.venv/lib/python3.13/site-packages/sqlalchemy/engine/base.py:1969: in _exec_single_context
    self.dialect.do_execute(
../../tesis-fim-serio/backend/.venv/lib/python3.13/site-packages/sqlalchemy/engine/default.py:952: in do_execute
    cursor.execute(statement, parameters)
../../tesis-fim-serio/backend/.venv/lib/python3.13/site-packages/psycopg/cursor.py:97: in execute
    raise ex.with_traceback(None)
E   psycopg.errors.UniqueViolation: duplicate key value violates unique constraint "ix_users_username"
E   DETAIL:  Key (username)=(admin) already exists.

The above exception was the direct cause of the following exception:
backend/tests/conftest.py:133: in _db_isolation
    _seed_admin_impl()
backend/tests/conftest.py:108: in _seed_admin_impl
    session.commit()
../../tesis-fim-serio/backend/.venv/lib/python3.13/site-packages/sqlalchemy/orm/session.py:2035: in commit
    trans.commit(_to_root=True)
../../tesis-fim-serio/backend/.venv/lib/python3.13/site-packages/sqlalchemy/orm/state_changes.py:137: in _go
    ret_value = fn(self, *arg, **kw)
../../tesis-fim-serio/backend/.venv/lib/python3.13/site-packages/sqlalchemy/orm/session.py:1316: in commit
    self._prepare_impl()
../../tesis-fim-serio/backend/.venv/lib/python3.13/site-packages/sqlalchemy/orm/state_changes.py:137: in _go
    ret_value = fn(self, *arg, **kw)
../../tesis-fim-serio/backend/.venv/lib/python3.13/site-packages/sqlalchemy/orm/session.py:1290: in _prepare_impl
    self.session.flush()
../../tesis-fim-serio/backend/.venv/lib/python3.13/site-packages/sqlalchemy/orm/session.py:4353: in flush
    self._flush(objects)
../../tesis-fim-serio/backend/.venv/lib/python3.13/site-packages/sqlalchemy/orm/session.py:4488: in _flush
    with util.safe_reraise():
../../tesis-fim-serio/backend/.venv/lib/python3.13/site-packages/sqlalchemy/util/langhelpers.py:122: in __exit__
    raise exc_value.with_traceback(exc_tb)
../../tesis-fim-serio/backend/.venv/lib/python3.13/site-packages/sqlalchemy/orm/session.py:4449: in _flush
    flush_context.execute()
../../tesis-fim-serio/backend/.venv/lib/python3.13/site-packages/sqlalchemy/orm/unitofwork.py:465: in execute
    rec.execute(self)
../../tesis-fim-serio/backend/.venv/lib/python3.13/site-packages/sqlalchemy/orm/unitofwork.py:641: in execute
    util.preloaded.orm_persistence.save_obj(
../../tesis-fim-serio/backend/.venv/lib/python3.13/site-packages/sqlalchemy/orm/persistence.py:94: in save_obj
    _emit_insert_statements(
../../tesis-fim-serio/backend/.venv/lib/python3.13/site-packages/sqlalchemy/orm/persistence.py:1234: in _emit_insert_statements
    result = connection.execute(
../../tesis-fim-serio/backend/.venv/lib/python3.13/site-packages/sqlalchemy/engine/base.py:1421: in execute
    return meth(
../../tesis-fim-serio/backend/.venv/lib/python3.13/site-packages/sqlalchemy/sql/elements.py:526: in _execute_on_connection
    return connection._execute_clauseelement(
../../tesis-fim-serio/backend/.venv/lib/python3.13/site-packages/sqlalchemy/engine/base.py:1643: in _execute_clauseelement
    ret = self._execute_context(
../../tesis-fim-serio/backend/.venv/lib/python3.13/site-packages/sqlalchemy/engine/base.py:1848: in _execute_context
    return self._exec_single_context(
../../tesis-fim-serio/backend/.venv/lib/python3.13/site-packages/sqlalchemy/engine/base.py:1988: in _exec_single_context
    self._handle_dbapi_exception(
../../tesis-fim-serio/backend/.venv/lib/python3.13/site-packages/sqlalchemy/engine/base.py:2365: in _handle_dbapi_exception
    raise sqlalchemy_exception.with_traceback(exc_info[2]) from e
../../tesis-fim-serio/backend/.venv/lib/python3.13/site-packages/sqlalchemy/engine/base.py:1969: in _exec_single_context
    self.dialect.do_execute(
../../tesis-fim-serio/backend/.venv/lib/python3.13/site-packages/sqlalchemy/engine/default.py:952: in do_execute
    cursor.execute(statement, parameters)
../../tesis-fim-serio/backend/.venv/lib/python3.13/site-packages/psycopg/cursor.py:97: in execute
    raise ex.with_traceback(None)
E   sqlalchemy.exc.IntegrityError: (psycopg.errors.UniqueViolation) duplicate key value violates unique constraint "ix_users_username"
E   DETAIL:  Key (username)=(admin) already exists.
E   [SQL: INSERT INTO users (username, email, password_hash, role, is_active, must_change_password, created_at) VALUES (%(username)s::VARCHAR, %(email)s::VARCHAR, %(password_hash)s::VARCHAR, %(role)s::VARCHAR, %(is_active)s, %(must_change_password)s, %(created_at)s::TIMESTAMP WITH TIME ZONE) RETURNING users.id]
E   [parameters: {'username': 'admin', 'email': 'admin@fim.local', 'password_hash': '$argon2id$v=19$m=65536,t=3,p=4$aZJ3uX1uVahnCkqohvAnCg$Z+p91J5njfHUdij2SZGAwY3DnIsd5IgQT7FR/F/Gy+w', 'role': 'admin', 'is_active': True, 'must_change_password': True, 'created_at': datetime.datetime(2026, 9, 12, 20, 14, 13, 643268, tzinfo=datetime.timezone.utc)}]
E   (Background on this error at: https://sqlalche.me/e/20/gkpj)
___________ ERROR at setup of test_dedup_path_xack_without_reinsert ____________
../../tesis-fim-serio/backend/.venv/lib/python3.13/site-packages/sqlalchemy/engine/base.py:1969: in _exec_single_context
    self.dialect.do_execute(
../../tesis-fim-serio/backend/.venv/lib/python3.13/site-packages/sqlalchemy/engine/default.py:952: in do_execute
    cursor.execute(statement, parameters)
../../tesis-fim-serio/backend/.venv/lib/python3.13/site-packages/psycopg/cursor.py:97: in execute
    raise ex.with_traceback(None)
E   psycopg.errors.UniqueViolation: duplicate key value violates unique constraint "ix_users_username"
E   DETAIL:  Key (username)=(admin) already exists.

The above exception was the direct cause of the following exception:
backend/tests/conftest.py:133: in _db_isolation
    _seed_admin_impl()
backend/tests/conftest.py:108: in _seed_admin_impl
    session.commit()
../../tesis-fim-serio/backend/.venv/lib/python3.13/site-packages/sqlalchemy/orm/session.py:2035: in commit
    trans.commit(_to_root=True)
../../tesis-fim-serio/backend/.venv/lib/python3.13/site-packages/sqlalchemy/orm/state_changes.py:137: in _go
    ret_value = fn(self, *arg, **kw)
../../tesis-fim-serio/backend/.venv/lib/python3.13/site-packages/sqlalchemy/orm/session.py:1316: in commit
    self._prepare_impl()
../../tesis-fim-serio/backend/.venv/lib/python3.13/site-packages/sqlalchemy/orm/state_changes.py:137: in _go
    ret_value = fn(self, *arg, **kw)
../../tesis-fim-serio/backend/.venv/lib/python3.13/site-packages/sqlalchemy/orm/session.py:1290: in _prepare_impl
    self.session.flush()
../../tesis-fim-serio/backend/.venv/lib/python3.13/site-packages/sqlalchemy/orm/session.py:4353: in flush
    self._flush(objects)
../../tesis-fim-serio/backend/.venv/lib/python3.13/site-packages/sqlalchemy/orm/session.py:4488: in _flush
    with util.safe_reraise():
../../tesis-fim-serio/backend/.venv/lib/python3.13/site-packages/sqlalchemy/util/langhelpers.py:122: in __exit__
    raise exc_value.with_traceback(exc_tb)
../../tesis-fim-serio/backend/.venv/lib/python3.13/site-packages/sqlalchemy/orm/session.py:4449: in _flush
    flush_context.execute()
../../tesis-fim-serio/backend/.venv/lib/python3.13/site-packages/sqlalchemy/orm/unitofwork.py:465: in execute
    rec.execute(self)
../../tesis-fim-serio/backend/.venv/lib/python3.13/site-packages/sqlalchemy/orm/unitofwork.py:641: in execute
    util.preloaded.orm_persistence.save_obj(
../../tesis-fim-serio/backend/.venv/lib/python3.13/site-packages/sqlalchemy/orm/persistence.py:94: in save_obj
    _emit_insert_statements(
../../tesis-fim-serio/backend/.venv/lib/python3.13/site-packages/sqlalchemy/orm/persistence.py:1234: in _emit_insert_statements
    result = connection.execute(
../../tesis-fim-serio/backend/.venv/lib/python3.13/site-packages/sqlalchemy/engine/base.py:1421: in execute
    return meth(
../../tesis-fim-serio/backend/.venv/lib/python3.13/site-packages/sqlalchemy/sql/elements.py:526: in _execute_on_connection
    return connection._execute_clauseelement(
../../tesis-fim-serio/backend/.venv/lib/python3.13/site-packages/sqlalchemy/engine/base.py:1643: in _execute_clauseelement
    ret = self._execute_context(
../../tesis-fim-serio/backend/.venv/lib/python3.13/site-packages/sqlalchemy/engine/base.py:1848: in _execute_context
    return self._exec_single_context(
../../tesis-fim-serio/backend/.venv/lib/python3.13/site-packages/sqlalchemy/engine/base.py:1988: in _exec_single_context
    self._handle_dbapi_exception(
../../tesis-fim-serio/backend/.venv/lib/python3.13/site-packages/sqlalchemy/engine/base.py:2365: in _handle_dbapi_exception
    raise sqlalchemy_exception.with_traceback(exc_info[2]) from e
../../tesis-fim-serio/backend/.venv/lib/python3.13/site-packages/sqlalchemy/engine/base.py:1969: in _exec_single_context
    self.dialect.do_execute(
../../tesis-fim-serio/backend/.venv/lib/python3.13/site-packages/sqlalchemy/engine/default.py:952: in do_execute
    cursor.execute(statement, parameters)
../../tesis-fim-serio/backend/.venv/lib/python3.13/site-packages/psycopg/cursor.py:97: in execute
    raise ex.with_traceback(None)
E   sqlalchemy.exc.IntegrityError: (psycopg.errors.UniqueViolation) duplicate key value violates unique constraint "ix_users_username"
E   DETAIL:  Key (username)=(admin) already exists.
E   [SQL: INSERT INTO users (username, email, password_hash, role, is_active, must_change_password, created_at) VALUES (%(username)s::VARCHAR, %(email)s::VARCHAR, %(password_hash)s::VARCHAR, %(role)s::VARCHAR, %(is_active)s, %(must_change_password)s, %(created_at)s::TIMESTAMP WITH TIME ZONE) RETURNING users.id]
E   [parameters: {'username': 'admin', 'email': 'admin@fim.local', 'password_hash': '$argon2id$v=19$m=65536,t=3,p=4$7VhAFREFKD+JW7uXb7nu9A$tdLnszdq1cVlflI59f2IxrffF0glhMbh5bF3ugj+0yg', 'role': 'admin', 'is_active': True, 'must_change_password': True, 'created_at': datetime.datetime(2026, 9, 12, 20, 14, 14, 237914, tzinfo=datetime.timezone.utc)}]
E   (Background on this error at: https://sqlalche.me/e/20/gkpj)
___________ ERROR at setup of test_supersede_race_xack_and_event_ack ___________
../../tesis-fim-serio/backend/.venv/lib/python3.13/site-packages/sqlalchemy/engine/base.py:1969: in _exec_single_context
    self.dialect.do_execute(
../../tesis-fim-serio/backend/.venv/lib/python3.13/site-packages/sqlalchemy/engine/default.py:952: in do_execute
    cursor.execute(statement, parameters)
../../tesis-fim-serio/backend/.venv/lib/python3.13/site-packages/psycopg/cursor.py:97: in execute
    raise ex.with_traceback(None)
E   psycopg.errors.UniqueViolation: duplicate key value violates unique constraint "ix_users_username"
E   DETAIL:  Key (username)=(admin) already exists.

The above exception was the direct cause of the following exception:
backend/tests/conftest.py:133: in _db_isolation
    _seed_admin_impl()
backend/tests/conftest.py:108: in _seed_admin_impl
    session.commit()
../../tesis-fim-serio/backend/.venv/lib/python3.13/site-packages/sqlalchemy/orm/session.py:2035: in commit
    trans.commit(_to_root=True)
../../tesis-fim-serio/backend/.venv/lib/python3.13/site-packages/sqlalchemy/orm/state_changes.py:137: in _go
    ret_value = fn(self, *arg, **kw)
../../tesis-fim-serio/backend/.venv/lib/python3.13/site-packages/sqlalchemy/orm/session.py:1316: in commit
    self._prepare_impl()
../../tesis-fim-serio/backend/.venv/lib/python3.13/site-packages/sqlalchemy/orm/state_changes.py:137: in _go
    ret_value = fn(self, *arg, **kw)
../../tesis-fim-serio/backend/.venv/lib/python3.13/site-packages/sqlalchemy/orm/session.py:1290: in _prepare_impl
    self.session.flush()
../../tesis-fim-serio/backend/.venv/lib/python3.13/site-packages/sqlalchemy/orm/session.py:4353: in flush
    self._flush(objects)
../../tesis-fim-serio/backend/.venv/lib/python3.13/site-packages/sqlalchemy/orm/session.py:4488: in _flush
    with util.safe_reraise():
../../tesis-fim-serio/backend/.venv/lib/python3.13/site-packages/sqlalchemy/util/langhelpers.py:122: in __exit__
    raise exc_value.with_traceback(exc_tb)
../../tesis-fim-serio/backend/.venv/lib/python3.13/site-packages/sqlalchemy/orm/session.py:4449: in _flush
    flush_context.execute()
../../tesis-fim-serio/backend/.venv/lib/python3.13/site-packages/sqlalchemy/orm/unitofwork.py:465: in execute
    rec.execute(self)
../../tesis-fim-serio/backend/.venv/lib/python3.13/site-packages/sqlalchemy/orm/unitofwork.py:641: in execute
    util.preloaded.orm_persistence.save_obj(
../../tesis-fim-serio/backend/.venv/lib/python3.13/site-packages/sqlalchemy/orm/persistence.py:94: in save_obj
    _emit_insert_statements(
../../tesis-fim-serio/backend/.venv/lib/python3.13/site-packages/sqlalchemy/orm/persistence.py:1234: in _emit_insert_statements
    result = connection.execute(
../../tesis-fim-serio/backend/.venv/lib/python3.13/site-packages/sqlalchemy/engine/base.py:1421: in execute
    return meth(
../../tesis-fim-serio/backend/.venv/lib/python3.13/site-packages/sqlalchemy/sql/elements.py:526: in _execute_on_connection
    return connection._execute_clauseelement(
../../tesis-fim-serio/backend/.venv/lib/python3.13/site-packages/sqlalchemy/engine/base.py:1643: in _execute_clauseelement
    ret = self._execute_context(
../../tesis-fim-serio/backend/.venv/lib/python3.13/site-packages/sqlalchemy/engine/base.py:1848: in _execute_context
    return self._exec_single_context(
../../tesis-fim-serio/backend/.venv/lib/python3.13/site-packages/sqlalchemy/engine/base.py:1988: in _exec_single_context
    self._handle_dbapi_exception(
../../tesis-fim-serio/backend/.venv/lib/python3.13/site-packages/sqlalchemy/engine/base.py:2365: in _handle_dbapi_exception
    raise sqlalchemy_exception.with_traceback(exc_info[2]) from e
../../tesis-fim-serio/backend/.venv/lib/python3.13/site-packages/sqlalchemy/engine/base.py:1969: in _exec_single_context
    self.dialect.do_execute(
../../tesis-fim-serio/backend/.venv/lib/python3.13/site-packages/sqlalchemy/engine/default.py:952: in do_execute
    cursor.execute(statement, parameters)
../../tesis-fim-serio/backend/.venv/lib/python3.13/site-packages/psycopg/cursor.py:97: in execute
    raise ex.with_traceback(None)
E   sqlalchemy.exc.IntegrityError: (psycopg.errors.UniqueViolation) duplicate key value violates unique constraint "ix_users_username"
E   DETAIL:  Key (username)=(admin) already exists.
E   [SQL: INSERT INTO users (username, email, password_hash, role, is_active, must_change_password, created_at) VALUES (%(username)s::VARCHAR, %(email)s::VARCHAR, %(password_hash)s::VARCHAR, %(role)s::VARCHAR, %(is_active)s, %(must_change_password)s, %(created_at)s::TIMESTAMP WITH TIME ZONE) RETURNING users.id]
E   [parameters: {'username': 'admin', 'email': 'admin@fim.local', 'password_hash': '$argon2id$v=19$m=65536,t=3,p=4$3nRk8W/xUCqYEMZehEKEeg$dpgluy1Thx0i23B77LIOJUzbQ1U2SH6GNLcmKJXzI88', 'role': 'admin', 'is_active': True, 'must_change_password': True, 'created_at': datetime.datetime(2026, 9, 12, 20, 14, 14, 828809, tzinfo=datetime.timezone.utc)}]
E   (Background on this error at: https://sqlalche.me/e/20/gkpj)
___ ERROR at setup of test_invalid_transition_xack_audits_and_terminal_nack ____
../../tesis-fim-serio/backend/.venv/lib/python3.13/site-packages/sqlalchemy/engine/base.py:1969: in _exec_single_context
    self.dialect.do_execute(
../../tesis-fim-serio/backend/.venv/lib/python3.13/site-packages/sqlalchemy/engine/default.py:952: in do_execute
    cursor.execute(statement, parameters)
../../tesis-fim-serio/backend/.venv/lib/python3.13/site-packages/psycopg/cursor.py:97: in execute
    raise ex.with_traceback(None)
E   psycopg.errors.UniqueViolation: duplicate key value violates unique constraint "ix_users_username"
E   DETAIL:  Key (username)=(admin) already exists.

The above exception was the direct cause of the following exception:
backend/tests/conftest.py:133: in _db_isolation
    _seed_admin_impl()
backend/tests/conftest.py:108: in _seed_admin_impl
    session.commit()
../../tesis-fim-serio/backend/.venv/lib/python3.13/site-packages/sqlalchemy/orm/session.py:2035: in commit
    trans.commit(_to_root=True)
../../tesis-fim-serio/backend/.venv/lib/python3.13/site-packages/sqlalchemy/orm/state_changes.py:137: in _go
    ret_value = fn(self, *arg, **kw)
../../tesis-fim-serio/backend/.venv/lib/python3.13/site-packages/sqlalchemy/orm/session.py:1316: in commit
    self._prepare_impl()
../../tesis-fim-serio/backend/.venv/lib/python3.13/site-packages/sqlalchemy/orm/state_changes.py:137: in _go
    ret_value = fn(self, *arg, **kw)
../../tesis-fim-serio/backend/.venv/lib/python3.13/site-packages/sqlalchemy/orm/session.py:1290: in _prepare_impl
    self.session.flush()
../../tesis-fim-serio/backend/.venv/lib/python3.13/site-packages/sqlalchemy/orm/session.py:4353: in flush
    self._flush(objects)
../../tesis-fim-serio/backend/.venv/lib/python3.13/site-packages/sqlalchemy/orm/session.py:4488: in _flush
    with util.safe_reraise():
../../tesis-fim-serio/backend/.venv/lib/python3.13/site-packages/sqlalchemy/util/langhelpers.py:122: in __exit__
    raise exc_value.with_traceback(exc_tb)
../../tesis-fim-serio/backend/.venv/lib/python3.13/site-packages/sqlalchemy/orm/session.py:4449: in _flush
    flush_context.execute()
../../tesis-fim-serio/backend/.venv/lib/python3.13/site-packages/sqlalchemy/orm/unitofwork.py:465: in execute
    rec.execute(self)
../../tesis-fim-serio/backend/.venv/lib/python3.13/site-packages/sqlalchemy/orm/unitofwork.py:641: in execute
    util.preloaded.orm_persistence.save_obj(
../../tesis-fim-serio/backend/.venv/lib/python3.13/site-packages/sqlalchemy/orm/persistence.py:94: in save_obj
    _emit_insert_statements(
../../tesis-fim-serio/backend/.venv/lib/python3.13/site-packages/sqlalchemy/orm/persistence.py:1234: in _emit_insert_statements
    result = connection.execute(
../../tesis-fim-serio/backend/.venv/lib/python3.13/site-packages/sqlalchemy/engine/base.py:1421: in execute
    return meth(
../../tesis-fim-serio/backend/.venv/lib/python3.13/site-packages/sqlalchemy/sql/elements.py:526: in _execute_on_connection
    return connection._execute_clauseelement(
../../tesis-fim-serio/backend/.venv/lib/python3.13/site-packages/sqlalchemy/engine/base.py:1643: in _execute_clauseelement
    ret = self._execute_context(
../../tesis-fim-serio/backend/.venv/lib/python3.13/site-packages/sqlalchemy/engine/base.py:1848: in _execute_context
    return self._exec_single_context(
../../tesis-fim-serio/backend/.venv/lib/python3.13/site-packages/sqlalchemy/engine/base.py:1988: in _exec_single_context
    self._handle_dbapi_exception(
../../tesis-fim-serio/backend/.venv/lib/python3.13/site-packages/sqlalchemy/engine/base.py:2365: in _handle_dbapi_exception
    raise sqlalchemy_exception.with_traceback(exc_info[2]) from e
../../tesis-fim-serio/backend/.venv/lib/python3.13/site-packages/sqlalchemy/engine/base.py:1969: in _exec_single_context
    self.dialect.do_execute(
../../tesis-fim-serio/backend/.venv/lib/python3.13/site-packages/sqlalchemy/engine/default.py:952: in do_execute
    cursor.execute(statement, parameters)
../../tesis-fim-serio/backend/.venv/lib/python3.13/site-packages/psycopg/cursor.py:97: in execute
    raise ex.with_traceback(None)
E   sqlalchemy.exc.IntegrityError: (psycopg.errors.UniqueViolation) duplicate key value violates unique constraint "ix_users_username"
E   DETAIL:  Key (username)=(admin) already exists.
E   [SQL: INSERT INTO users (username, email, password_hash, role, is_active, must_change_password, created_at) VALUES (%(username)s::VARCHAR, %(email)s::VARCHAR, %(password_hash)s::VARCHAR, %(role)s::VARCHAR, %(is_active)s, %(must_change_password)s, %(created_at)s::TIMESTAMP WITH TIME ZONE) RETURNING users.id]
E   [parameters: {'username': 'admin', 'email': 'admin@fim.local', 'password_hash': '$argon2id$v=19$m=65536,t=3,p=4$9rzO2zr/BEJr6EdU/WTtSA$XPwA6sLMvC4LdresNbk0RBPbXZZMYq+Wqu1YHJSHeN4', 'role': 'admin', 'is_active': True, 'must_change_password': True, 'created_at': datetime.datetime(2026, 9, 12, 20, 14, 15, 419934, tzinfo=datetime.timezone.utc)}]
E   (Background on this error at: https://sqlalche.me/e/20/gkpj)
_ ERROR at setup of test_ensure_ca_rejects_legacy_ca_without_key_usage_without_rewriting _
../../tesis-fim-serio/backend/.venv/lib/python3.13/site-packages/sqlalchemy/engine/base.py:1969: in _exec_single_context
    self.dialect.do_execute(
../../tesis-fim-serio/backend/.venv/lib/python3.13/site-packages/sqlalchemy/engine/default.py:952: in do_execute
    cursor.execute(statement, parameters)
../../tesis-fim-serio/backend/.venv/lib/python3.13/site-packages/psycopg/cursor.py:97: in execute
    raise ex.with_traceback(None)
E   psycopg.errors.UniqueViolation: duplicate key value violates unique constraint "ix_users_username"
E   DETAIL:  Key (username)=(admin) already exists.

The above exception was the direct cause of the following exception:
backend/tests/conftest.py:133: in _db_isolation
    _seed_admin_impl()
backend/tests/conftest.py:108: in _seed_admin_impl
    session.commit()
../../tesis-fim-serio/backend/.venv/lib/python3.13/site-packages/sqlalchemy/orm/session.py:2035: in commit
    trans.commit(_to_root=True)
../../tesis-fim-serio/backend/.venv/lib/python3.13/site-packages/sqlalchemy/orm/state_changes.py:137: in _go
    ret_value = fn(self, *arg, **kw)
../../tesis-fim-serio/backend/.venv/lib/python3.13/site-packages/sqlalchemy/orm/session.py:1316: in commit
    self._prepare_impl()
../../tesis-fim-serio/backend/.venv/lib/python3.13/site-packages/sqlalchemy/orm/state_changes.py:137: in _go
    ret_value = fn(self, *arg, **kw)
../../tesis-fim-serio/backend/.venv/lib/python3.13/site-packages/sqlalchemy/orm/session.py:1290: in _prepare_impl
    self.session.flush()
../../tesis-fim-serio/backend/.venv/lib/python3.13/site-packages/sqlalchemy/orm/session.py:4353: in flush
    self._flush(objects)
../../tesis-fim-serio/backend/.venv/lib/python3.13/site-packages/sqlalchemy/orm/session.py:4488: in _flush
    with util.safe_reraise():
../../tesis-fim-serio/backend/.venv/lib/python3.13/site-packages/sqlalchemy/util/langhelpers.py:122: in __exit__
    raise exc_value.with_traceback(exc_tb)
../../tesis-fim-serio/backend/.venv/lib/python3.13/site-packages/sqlalchemy/orm/session.py:4449: in _flush
    flush_context.execute()
../../tesis-fim-serio/backend/.venv/lib/python3.13/site-packages/sqlalchemy/orm/unitofwork.py:465: in execute
    rec.execute(self)
../../tesis-fim-serio/backend/.venv/lib/python3.13/site-packages/sqlalchemy/orm/unitofwork.py:641: in execute
    util.preloaded.orm_persistence.save_obj(
../../tesis-fim-serio/backend/.venv/lib/python3.13/site-packages/sqlalchemy/orm/persistence.py:94: in save_obj
    _emit_insert_statements(
../../tesis-fim-serio/backend/.venv/lib/python3.13/site-packages/sqlalchemy/orm/persistence.py:1234: in _emit_insert_statements
    result = connection.execute(
../../tesis-fim-serio/backend/.venv/lib/python3.13/site-packages/sqlalchemy/engine/base.py:1421: in execute
    return meth(
../../tesis-fim-serio/backend/.venv/lib/python3.13/site-packages/sqlalchemy/sql/elements.py:526: in _execute_on_connection
    return connection._execute_clauseelement(
../../tesis-fim-serio/backend/.venv/lib/python3.13/site-packages/sqlalchemy/engine/base.py:1643: in _execute_clauseelement
    ret = self._execute_context(
../../tesis-fim-serio/backend/.venv/lib/python3.13/site-packages/sqlalchemy/engine/base.py:1848: in _execute_context
    return self._exec_single_context(
../../tesis-fim-serio/backend/.venv/lib/python3.13/site-packages/sqlalchemy/engine/base.py:1988: in _exec_single_context
    self._handle_dbapi_exception(
../../tesis-fim-serio/backend/.venv/lib/python3.13/site-packages/sqlalchemy/engine/base.py:2365: in _handle_dbapi_exception
    raise sqlalchemy_exception.with_traceback(exc_info[2]) from e
../../tesis-fim-serio/backend/.venv/lib/python3.13/site-packages/sqlalchemy/engine/base.py:1969: in _exec_single_context
    self.dialect.do_execute(
../../tesis-fim-serio/backend/.venv/lib/python3.13/site-packages/sqlalchemy/engine/default.py:952: in do_execute
    cursor.execute(statement, parameters)
../../tesis-fim-serio/backend/.venv/lib/python3.13/site-packages/psycopg/cursor.py:97: in execute
    raise ex.with_traceback(None)
E   sqlalchemy.exc.IntegrityError: (psycopg.errors.UniqueViolation) duplicate key value violates unique constraint "ix_users_username"
E   DETAIL:  Key (username)=(admin) already exists.
E   [SQL: INSERT INTO users (username, email, password_hash, role, is_active, must_change_password, created_at) VALUES (%(username)s::VARCHAR, %(email)s::VARCHAR, %(password_hash)s::VARCHAR, %(role)s::VARCHAR, %(is_active)s, %(must_change_password)s, %(created_at)s::TIMESTAMP WITH TIME ZONE) RETURNING users.id]
E   [parameters: {'username': 'admin', 'email': 'admin@fim.local', 'password_hash': '$argon2id$v=19$m=65536,t=3,p=4$wQdvv/KnAqpGe8Bicst0mQ$0lhs0NjBwNnrP14xZCBKbtGx1JojJbNFurME6XXG+58', 'role': 'admin', 'is_active': True, 'must_change_password': True, 'created_at': datetime.datetime(2026, 9, 12, 20, 14, 16, 903424, tzinfo=datetime.timezone.utc)}]
E   (Background on this error at: https://sqlalche.me/e/20/gkpj)
__ ERROR at setup of test_start_mtls_server_retorna_none_cuando_paths_vacios ___
../../tesis-fim-serio/backend/.venv/lib/python3.13/site-packages/sqlalchemy/engine/base.py:1969: in _exec_single_context
    self.dialect.do_execute(
../../tesis-fim-serio/backend/.venv/lib/python3.13/site-packages/sqlalchemy/engine/default.py:952: in do_execute
    cursor.execute(statement, parameters)
../../tesis-fim-serio/backend/.venv/lib/python3.13/site-packages/psycopg/cursor.py:97: in execute
    raise ex.with_traceback(None)
E   psycopg.errors.UniqueViolation: duplicate key value violates unique constraint "ix_users_username"
E   DETAIL:  Key (username)=(admin) already exists.

The above exception was the direct cause of the following exception:
backend/tests/conftest.py:133: in _db_isolation
    _seed_admin_impl()
backend/tests/conftest.py:108: in _seed_admin_impl
    session.commit()
../../tesis-fim-serio/backend/.venv/lib/python3.13/site-packages/sqlalchemy/orm/session.py:2035: in commit
    trans.commit(_to_root=True)
../../tesis-fim-serio/backend/.venv/lib/python3.13/site-packages/sqlalchemy/orm/state_changes.py:137: in _go
    ret_value = fn(self, *arg, **kw)
../../tesis-fim-serio/backend/.venv/lib/python3.13/site-packages/sqlalchemy/orm/session.py:1316: in commit
    self._prepare_impl()
../../tesis-fim-serio/backend/.venv/lib/python3.13/site-packages/sqlalchemy/orm/state_changes.py:137: in _go
    ret_value = fn(self, *arg, **kw)
../../tesis-fim-serio/backend/.venv/lib/python3.13/site-packages/sqlalchemy/orm/session.py:1290: in _prepare_impl
    self.session.flush()
../../tesis-fim-serio/backend/.venv/lib/python3.13/site-packages/sqlalchemy/orm/session.py:4353: in flush
    self._flush(objects)
../../tesis-fim-serio/backend/.venv/lib/python3.13/site-packages/sqlalchemy/orm/session.py:4488: in _flush
    with util.safe_reraise():
../../tesis-fim-serio/backend/.venv/lib/python3.13/site-packages/sqlalchemy/util/langhelpers.py:122: in __exit__
    raise exc_value.with_traceback(exc_tb)
../../tesis-fim-serio/backend/.venv/lib/python3.13/site-packages/sqlalchemy/orm/session.py:4449: in _flush
    flush_context.execute()
../../tesis-fim-serio/backend/.venv/lib/python3.13/site-packages/sqlalchemy/orm/unitofwork.py:465: in execute
    rec.execute(self)
../../tesis-fim-serio/backend/.venv/lib/python3.13/site-packages/sqlalchemy/orm/unitofwork.py:641: in execute
    util.preloaded.orm_persistence.save_obj(
../../tesis-fim-serio/backend/.venv/lib/python3.13/site-packages/sqlalchemy/orm/persistence.py:94: in save_obj
    _emit_insert_statements(
../../tesis-fim-serio/backend/.venv/lib/python3.13/site-packages/sqlalchemy/orm/persistence.py:1234: in _emit_insert_statements
    result = connection.execute(
../../tesis-fim-serio/backend/.venv/lib/python3.13/site-packages/sqlalchemy/engine/base.py:1421: in execute
    return meth(
../../tesis-fim-serio/backend/.venv/lib/python3.13/site-packages/sqlalchemy/sql/elements.py:526: in _execute_on_connection
    return connection._execute_clauseelement(
../../tesis-fim-serio/backend/.venv/lib/python3.13/site-packages/sqlalchemy/engine/base.py:1643: in _execute_clauseelement
    ret = self._execute_context(
../../tesis-fim-serio/backend/.venv/lib/python3.13/site-packages/sqlalchemy/engine/base.py:1848: in _execute_context
    return self._exec_single_context(
../../tesis-fim-serio/backend/.venv/lib/python3.13/site-packages/sqlalchemy/engine/base.py:1988: in _exec_single_context
    self._handle_dbapi_exception(
../../tesis-fim-serio/backend/.venv/lib/python3.13/site-packages/sqlalchemy/engine/base.py:2365: in _handle_dbapi_exception
    raise sqlalchemy_exception.with_traceback(exc_info[2]) from e
../../tesis-fim-serio/backend/.venv/lib/python3.13/site-packages/sqlalchemy/engine/base.py:1969: in _exec_single_context
    self.dialect.do_execute(
../../tesis-fim-serio/backend/.venv/lib/python3.13/site-packages/sqlalchemy/engine/default.py:952: in do_execute
    cursor.execute(statement, parameters)
../../tesis-fim-serio/backend/.venv/lib/python3.13/site-packages/psycopg/cursor.py:97: in execute
    raise ex.with_traceback(None)
E   sqlalchemy.exc.IntegrityError: (psycopg.errors.UniqueViolation) duplicate key value violates unique constraint "ix_users_username"
E   DETAIL:  Key (username)=(admin) already exists.
E   [SQL: INSERT INTO users (username, email, password_hash, role, is_active, must_change_password, created_at) VALUES (%(username)s::VARCHAR, %(email)s::VARCHAR, %(password_hash)s::VARCHAR, %(role)s::VARCHAR, %(is_active)s, %(must_change_password)s, %(created_at)s::TIMESTAMP WITH TIME ZONE) RETURNING users.id]
E   [parameters: {'username': 'admin', 'email': 'admin@fim.local', 'password_hash': '$argon2id$v=19$m=65536,t=3,p=4$/AxBeA76M8e+BbW+vzyF7w$znyxsRgLce8ncKssZ0/xYmstV3JF6EwU8wEfQg58zo8', 'role': 'admin', 'is_active': True, 'must_change_password': True, 'created_at': datetime.datetime(2026, 9, 12, 20, 14, 17, 968960, tzinfo=datetime.timezone.utc)}]
E   (Background on this error at: https://sqlalche.me/e/20/gkpj)
___ ERROR at setup of test_get_events_scope_password_change_only_retorna_403 ___
../../tesis-fim-serio/backend/.venv/lib/python3.13/site-packages/sqlalchemy/engine/base.py:1969: in _exec_single_context
    self.dialect.do_execute(
../../tesis-fim-serio/backend/.venv/lib/python3.13/site-packages/sqlalchemy/engine/default.py:952: in do_execute
    cursor.execute(statement, parameters)
../../tesis-fim-serio/backend/.venv/lib/python3.13/site-packages/psycopg/cursor.py:97: in execute
    raise ex.with_traceback(None)
E   psycopg.errors.UniqueViolation: duplicate key value violates unique constraint "ix_users_username"
E   DETAIL:  Key (username)=(admin) already exists.

The above exception was the direct cause of the following exception:
backend/tests/conftest.py:133: in _db_isolation
    _seed_admin_impl()
backend/tests/conftest.py:108: in _seed_admin_impl
    session.commit()
../../tesis-fim-serio/backend/.venv/lib/python3.13/site-packages/sqlalchemy/orm/session.py:2035: in commit
    trans.commit(_to_root=True)
../../tesis-fim-serio/backend/.venv/lib/python3.13/site-packages/sqlalchemy/orm/state_changes.py:137: in _go
    ret_value = fn(self, *arg, **kw)
../../tesis-fim-serio/backend/.venv/lib/python3.13/site-packages/sqlalchemy/orm/session.py:1316: in commit
    self._prepare_impl()
../../tesis-fim-serio/backend/.venv/lib/python3.13/site-packages/sqlalchemy/orm/state_changes.py:137: in _go
    ret_value = fn(self, *arg, **kw)
../../tesis-fim-serio/backend/.venv/lib/python3.13/site-packages/sqlalchemy/orm/session.py:1290: in _prepare_impl
    self.session.flush()
../../tesis-fim-serio/backend/.venv/lib/python3.13/site-packages/sqlalchemy/orm/session.py:4353: in flush
    self._flush(objects)
../../tesis-fim-serio/backend/.venv/lib/python3.13/site-packages/sqlalchemy/orm/session.py:4488: in _flush
    with util.safe_reraise():
../../tesis-fim-serio/backend/.venv/lib/python3.13/site-packages/sqlalchemy/util/langhelpers.py:122: in __exit__
    raise exc_value.with_traceback(exc_tb)
../../tesis-fim-serio/backend/.venv/lib/python3.13/site-packages/sqlalchemy/orm/session.py:4449: in _flush
    flush_context.execute()
../../tesis-fim-serio/backend/.venv/lib/python3.13/site-packages/sqlalchemy/orm/unitofwork.py:465: in execute
    rec.execute(self)
../../tesis-fim-serio/backend/.venv/lib/python3.13/site-packages/sqlalchemy/orm/unitofwork.py:641: in execute
    util.preloaded.orm_persistence.save_obj(
../../tesis-fim-serio/backend/.venv/lib/python3.13/site-packages/sqlalchemy/orm/persistence.py:94: in save_obj
    _emit_insert_statements(
../../tesis-fim-serio/backend/.venv/lib/python3.13/site-packages/sqlalchemy/orm/persistence.py:1234: in _emit_insert_statements
    result = connection.execute(
../../tesis-fim-serio/backend/.venv/lib/python3.13/site-packages/sqlalchemy/engine/base.py:1421: in execute
    return meth(
../../tesis-fim-serio/backend/.venv/lib/python3.13/site-packages/sqlalchemy/sql/elements.py:526: in _execute_on_connection
    return connection._execute_clauseelement(
../../tesis-fim-serio/backend/.venv/lib/python3.13/site-packages/sqlalchemy/engine/base.py:1643: in _execute_clauseelement
    ret = self._execute_context(
../../tesis-fim-serio/backend/.venv/lib/python3.13/site-packages/sqlalchemy/engine/base.py:1848: in _execute_context
    return self._exec_single_context(
../../tesis-fim-serio/backend/.venv/lib/python3.13/site-packages/sqlalchemy/engine/base.py:1988: in _exec_single_context
    self._handle_dbapi_exception(
../../tesis-fim-serio/backend/.venv/lib/python3.13/site-packages/sqlalchemy/engine/base.py:2365: in _handle_dbapi_exception
    raise sqlalchemy_exception.with_traceback(exc_info[2]) from e
../../tesis-fim-serio/backend/.venv/lib/python3.13/site-packages/sqlalchemy/engine/base.py:1969: in _exec_single_context
    self.dialect.do_execute(
../../tesis-fim-serio/backend/.venv/lib/python3.13/site-packages/sqlalchemy/engine/default.py:952: in do_execute
    cursor.execute(statement, parameters)
../../tesis-fim-serio/backend/.venv/lib/python3.13/site-packages/psycopg/cursor.py:97: in execute
    raise ex.with_traceback(None)
E   sqlalchemy.exc.IntegrityError: (psycopg.errors.UniqueViolation) duplicate key value violates unique constraint "ix_users_username"
E   DETAIL:  Key (username)=(admin) already exists.
E   [SQL: INSERT INTO users (username, email, password_hash, role, is_active, must_change_password, created_at) VALUES (%(username)s::VARCHAR, %(email)s::VARCHAR, %(password_hash)s::VARCHAR, %(role)s::VARCHAR, %(is_active)s, %(must_change_password)s, %(created_at)s::TIMESTAMP WITH TIME ZONE) RETURNING users.id]
E   [parameters: {'username': 'admin', 'email': 'admin@fim.local', 'password_hash': '$argon2id$v=19$m=65536,t=3,p=4$OHfZL/yXFPnumKmNGiIJOg$2RuOOZsfn6TQATA7M0yu/ncFhfuuzkuOZZsp/3kVoes', 'role': 'admin', 'is_active': True, 'must_change_password': True, 'created_at': datetime.datetime(2026, 9, 12, 20, 14, 18, 605412, tzinfo=datetime.timezone.utc)}]
E   (Background on this error at: https://sqlalche.me/e/20/gkpj)
_ ERROR at setup of test_get_rule_by_id_scope_password_change_only_retorna_403 _
../../tesis-fim-serio/backend/.venv/lib/python3.13/site-packages/sqlalchemy/engine/base.py:1969: in _exec_single_context
    self.dialect.do_execute(
../../tesis-fim-serio/backend/.venv/lib/python3.13/site-packages/sqlalchemy/engine/default.py:952: in do_execute
    cursor.execute(statement, parameters)
../../tesis-fim-serio/backend/.venv/lib/python3.13/site-packages/psycopg/cursor.py:97: in execute
    raise ex.with_traceback(None)
E   psycopg.errors.UniqueViolation: duplicate key value violates unique constraint "ix_users_username"
E   DETAIL:  Key (username)=(admin) already exists.

The above exception was the direct cause of the following exception:
backend/tests/conftest.py:133: in _db_isolation
    _seed_admin_impl()
backend/tests/conftest.py:108: in _seed_admin_impl
    session.commit()
../../tesis-fim-serio/backend/.venv/lib/python3.13/site-packages/sqlalchemy/orm/session.py:2035: in commit
    trans.commit(_to_root=True)
../../tesis-fim-serio/backend/.venv/lib/python3.13/site-packages/sqlalchemy/orm/state_changes.py:137: in _go
    ret_value = fn(self, *arg, **kw)
../../tesis-fim-serio/backend/.venv/lib/python3.13/site-packages/sqlalchemy/orm/session.py:1316: in commit
    self._prepare_impl()
../../tesis-fim-serio/backend/.venv/lib/python3.13/site-packages/sqlalchemy/orm/state_changes.py:137: in _go
    ret_value = fn(self, *arg, **kw)
../../tesis-fim-serio/backend/.venv/lib/python3.13/site-packages/sqlalchemy/orm/session.py:1290: in _prepare_impl
    self.session.flush()
../../tesis-fim-serio/backend/.venv/lib/python3.13/site-packages/sqlalchemy/orm/session.py:4353: in flush
    self._flush(objects)
../../tesis-fim-serio/backend/.venv/lib/python3.13/site-packages/sqlalchemy/orm/session.py:4488: in _flush
    with util.safe_reraise():
../../tesis-fim-serio/backend/.venv/lib/python3.13/site-packages/sqlalchemy/util/langhelpers.py:122: in __exit__
    raise exc_value.with_traceback(exc_tb)
../../tesis-fim-serio/backend/.venv/lib/python3.13/site-packages/sqlalchemy/orm/session.py:4449: in _flush
    flush_context.execute()
../../tesis-fim-serio/backend/.venv/lib/python3.13/site-packages/sqlalchemy/orm/unitofwork.py:465: in execute
    rec.execute(self)
../../tesis-fim-serio/backend/.venv/lib/python3.13/site-packages/sqlalchemy/orm/unitofwork.py:641: in execute
    util.preloaded.orm_persistence.save_obj(
../../tesis-fim-serio/backend/.venv/lib/python3.13/site-packages/sqlalchemy/orm/persistence.py:94: in save_obj
    _emit_insert_statements(
../../tesis-fim-serio/backend/.venv/lib/python3.13/site-packages/sqlalchemy/orm/persistence.py:1234: in _emit_insert_statements
    result = connection.execute(
../../tesis-fim-serio/backend/.venv/lib/python3.13/site-packages/sqlalchemy/engine/base.py:1421: in execute
    return meth(
../../tesis-fim-serio/backend/.venv/lib/python3.13/site-packages/sqlalchemy/sql/elements.py:526: in _execute_on_connection
    return connection._execute_clauseelement(
../../tesis-fim-serio/backend/.venv/lib/python3.13/site-packages/sqlalchemy/engine/base.py:1643: in _execute_clauseelement
    ret = self._execute_context(
../../tesis-fim-serio/backend/.venv/lib/python3.13/site-packages/sqlalchemy/engine/base.py:1848: in _execute_context
    return self._exec_single_context(
../../tesis-fim-serio/backend/.venv/lib/python3.13/site-packages/sqlalchemy/engine/base.py:1988: in _exec_single_context
    self._handle_dbapi_exception(
../../tesis-fim-serio/backend/.venv/lib/python3.13/site-packages/sqlalchemy/engine/base.py:2365: in _handle_dbapi_exception
    raise sqlalchemy_exception.with_traceback(exc_info[2]) from e
../../tesis-fim-serio/backend/.venv/lib/python3.13/site-packages/sqlalchemy/engine/base.py:1969: in _exec_single_context
    self.dialect.do_execute(
../../tesis-fim-serio/backend/.venv/lib/python3.13/site-packages/sqlalchemy/engine/default.py:952: in do_execute
    cursor.execute(statement, parameters)
../../tesis-fim-serio/backend/.venv/lib/python3.13/site-packages/psycopg/cursor.py:97: in execute
    raise ex.with_traceback(None)
E   sqlalchemy.exc.IntegrityError: (psycopg.errors.UniqueViolation) duplicate key value violates unique constraint "ix_users_username"
E   DETAIL:  Key (username)=(admin) already exists.
E   [SQL: INSERT INTO users (username, email, password_hash, role, is_active, must_change_password, created_at) VALUES (%(username)s::VARCHAR, %(email)s::VARCHAR, %(password_hash)s::VARCHAR, %(role)s::VARCHAR, %(is_active)s, %(must_change_password)s, %(created_at)s::TIMESTAMP WITH TIME ZONE) RETURNING users.id]
E   [parameters: {'username': 'admin', 'email': 'admin@fim.local', 'password_hash': '$argon2id$v=19$m=65536,t=3,p=4$G+n5IZWUGEFTYDVVYqZARA$hy1NZljRKaRBC37MrtJ4cCERqBeVuEMNSg2oFOLJ01c', 'role': 'admin', 'is_active': True, 'must_change_password': True, 'created_at': datetime.datetime(2026, 9, 12, 20, 14, 19, 484674, tzinfo=datetime.timezone.utc)}]
E   (Background on this error at: https://sqlalche.me/e/20/gkpj)
_________________ ERROR at setup of test_fix04_pagination_sql __________________
../../tesis-fim-serio/backend/.venv/lib/python3.13/site-packages/sqlalchemy/engine/base.py:1969: in _exec_single_context
    self.dialect.do_execute(
../../tesis-fim-serio/backend/.venv/lib/python3.13/site-packages/sqlalchemy/engine/default.py:952: in do_execute
    cursor.execute(statement, parameters)
../../tesis-fim-serio/backend/.venv/lib/python3.13/site-packages/psycopg/cursor.py:97: in execute
    raise ex.with_traceback(None)
E   psycopg.errors.UniqueViolation: duplicate key value violates unique constraint "ix_users_username"
E   DETAIL:  Key (username)=(admin) already exists.

The above exception was the direct cause of the following exception:
backend/tests/conftest.py:133: in _db_isolation
    _seed_admin_impl()
backend/tests/conftest.py:108: in _seed_admin_impl
    session.commit()
../../tesis-fim-serio/backend/.venv/lib/python3.13/site-packages/sqlalchemy/orm/session.py:2035: in commit
    trans.commit(_to_root=True)
../../tesis-fim-serio/backend/.venv/lib/python3.13/site-packages/sqlalchemy/orm/state_changes.py:137: in _go
    ret_value = fn(self, *arg, **kw)
../../tesis-fim-serio/backend/.venv/lib/python3.13/site-packages/sqlalchemy/orm/session.py:1316: in commit
    self._prepare_impl()
../../tesis-fim-serio/backend/.venv/lib/python3.13/site-packages/sqlalchemy/orm/state_changes.py:137: in _go
    ret_value = fn(self, *arg, **kw)
../../tesis-fim-serio/backend/.venv/lib/python3.13/site-packages/sqlalchemy/orm/session.py:1290: in _prepare_impl
    self.session.flush()
../../tesis-fim-serio/backend/.venv/lib/python3.13/site-packages/sqlalchemy/orm/session.py:4353: in flush
    self._flush(objects)
../../tesis-fim-serio/backend/.venv/lib/python3.13/site-packages/sqlalchemy/orm/session.py:4488: in _flush
    with util.safe_reraise():
../../tesis-fim-serio/backend/.venv/lib/python3.13/site-packages/sqlalchemy/util/langhelpers.py:122: in __exit__
    raise exc_value.with_traceback(exc_tb)
../../tesis-fim-serio/backend/.venv/lib/python3.13/site-packages/sqlalchemy/orm/session.py:4449: in _flush
    flush_context.execute()
../../tesis-fim-serio/backend/.venv/lib/python3.13/site-packages/sqlalchemy/orm/unitofwork.py:465: in execute
    rec.execute(self)
../../tesis-fim-serio/backend/.venv/lib/python3.13/site-packages/sqlalchemy/orm/unitofwork.py:641: in execute
    util.preloaded.orm_persistence.save_obj(
../../tesis-fim-serio/backend/.venv/lib/python3.13/site-packages/sqlalchemy/orm/persistence.py:94: in save_obj
    _emit_insert_statements(
../../tesis-fim-serio/backend/.venv/lib/python3.13/site-packages/sqlalchemy/orm/persistence.py:1234: in _emit_insert_statements
    result = connection.execute(
../../tesis-fim-serio/backend/.venv/lib/python3.13/site-packages/sqlalchemy/engine/base.py:1421: in execute
    return meth(
../../tesis-fim-serio/backend/.venv/lib/python3.13/site-packages/sqlalchemy/sql/elements.py:526: in _execute_on_connection
    return connection._execute_clauseelement(
../../tesis-fim-serio/backend/.venv/lib/python3.13/site-packages/sqlalchemy/engine/base.py:1643: in _execute_clauseelement
    ret = self._execute_context(
../../tesis-fim-serio/backend/.venv/lib/python3.13/site-packages/sqlalchemy/engine/base.py:1848: in _execute_context
    return self._exec_single_context(
../../tesis-fim-serio/backend/.venv/lib/python3.13/site-packages/sqlalchemy/engine/base.py:1988: in _exec_single_context
    self._handle_dbapi_exception(
../../tesis-fim-serio/backend/.venv/lib/python3.13/site-packages/sqlalchemy/engine/base.py:2365: in _handle_dbapi_exception
    raise sqlalchemy_exception.with_traceback(exc_info[2]) from e
../../tesis-fim-serio/backend/.venv/lib/python3.13/site-packages/sqlalchemy/engine/base.py:1969: in _exec_single_context
    self.dialect.do_execute(
../../tesis-fim-serio/backend/.venv/lib/python3.13/site-packages/sqlalchemy/engine/default.py:952: in do_execute
    cursor.execute(statement, parameters)
../../tesis-fim-serio/backend/.venv/lib/python3.13/site-packages/psycopg/cursor.py:97: in execute
    raise ex.with_traceback(None)
E   sqlalchemy.exc.IntegrityError: (psycopg.errors.UniqueViolation) duplicate key value violates unique constraint "ix_users_username"
E   DETAIL:  Key (username)=(admin) already exists.
E   [SQL: INSERT INTO users (username, email, password_hash, role, is_active, must_change_password, created_at) VALUES (%(username)s::VARCHAR, %(email)s::VARCHAR, %(password_hash)s::VARCHAR, %(role)s::VARCHAR, %(is_active)s, %(must_change_password)s, %(created_at)s::TIMESTAMP WITH TIME ZONE) RETURNING users.id]
E   [parameters: {'username': 'admin', 'email': 'admin@fim.local', 'password_hash': '$argon2id$v=19$m=65536,t=3,p=4$zHbvj1jGrCki5hBOpkdXWA$fpAOuoUwf/yGyj+ghcF9SbjdtNY8kQd3l86LWbQu99E', 'role': 'admin', 'is_active': True, 'must_change_password': True, 'created_at': datetime.datetime(2026, 9, 12, 20, 14, 21, 27052, tzinfo=datetime.timezone.utc)}]
E   (Background on this error at: https://sqlalche.me/e/20/gkpj)
__________ ERROR at setup of test_fix05_compact_chain_retains_newest ___________
../../tesis-fim-serio/backend/.venv/lib/python3.13/site-packages/sqlalchemy/engine/base.py:1969: in _exec_single_context
    self.dialect.do_execute(
../../tesis-fim-serio/backend/.venv/lib/python3.13/site-packages/sqlalchemy/engine/default.py:952: in do_execute
    cursor.execute(statement, parameters)
../../tesis-fim-serio/backend/.venv/lib/python3.13/site-packages/psycopg/cursor.py:97: in execute
    raise ex.with_traceback(None)
E   psycopg.errors.UniqueViolation: duplicate key value violates unique constraint "ix_users_username"
E   DETAIL:  Key (username)=(admin) already exists.

The above exception was the direct cause of the following exception:
backend/tests/conftest.py:133: in _db_isolation
    _seed_admin_impl()
backend/tests/conftest.py:108: in _seed_admin_impl
    session.commit()
../../tesis-fim-serio/backend/.venv/lib/python3.13/site-packages/sqlalchemy/orm/session.py:2035: in commit
    trans.commit(_to_root=True)
../../tesis-fim-serio/backend/.venv/lib/python3.13/site-packages/sqlalchemy/orm/state_changes.py:137: in _go
    ret_value = fn(self, *arg, **kw)
../../tesis-fim-serio/backend/.venv/lib/python3.13/site-packages/sqlalchemy/orm/session.py:1316: in commit
    self._prepare_impl()
../../tesis-fim-serio/backend/.venv/lib/python3.13/site-packages/sqlalchemy/orm/state_changes.py:137: in _go
    ret_value = fn(self, *arg, **kw)
../../tesis-fim-serio/backend/.venv/lib/python3.13/site-packages/sqlalchemy/orm/session.py:1290: in _prepare_impl
    self.session.flush()
../../tesis-fim-serio/backend/.venv/lib/python3.13/site-packages/sqlalchemy/orm/session.py:4353: in flush
    self._flush(objects)
../../tesis-fim-serio/backend/.venv/lib/python3.13/site-packages/sqlalchemy/orm/session.py:4488: in _flush
    with util.safe_reraise():
../../tesis-fim-serio/backend/.venv/lib/python3.13/site-packages/sqlalchemy/util/langhelpers.py:122: in __exit__
    raise exc_value.with_traceback(exc_tb)
../../tesis-fim-serio/backend/.venv/lib/python3.13/site-packages/sqlalchemy/orm/session.py:4449: in _flush
    flush_context.execute()
../../tesis-fim-serio/backend/.venv/lib/python3.13/site-packages/sqlalchemy/orm/unitofwork.py:465: in execute
    rec.execute(self)
../../tesis-fim-serio/backend/.venv/lib/python3.13/site-packages/sqlalchemy/orm/unitofwork.py:641: in execute
    util.preloaded.orm_persistence.save_obj(
../../tesis-fim-serio/backend/.venv/lib/python3.13/site-packages/sqlalchemy/orm/persistence.py:94: in save_obj
    _emit_insert_statements(
../../tesis-fim-serio/backend/.venv/lib/python3.13/site-packages/sqlalchemy/orm/persistence.py:1234: in _emit_insert_statements
    result = connection.execute(
../../tesis-fim-serio/backend/.venv/lib/python3.13/site-packages/sqlalchemy/engine/base.py:1421: in execute
    return meth(
../../tesis-fim-serio/backend/.venv/lib/python3.13/site-packages/sqlalchemy/sql/elements.py:526: in _execute_on_connection
    return connection._execute_clauseelement(
../../tesis-fim-serio/backend/.venv/lib/python3.13/site-packages/sqlalchemy/engine/base.py:1643: in _execute_clauseelement
    ret = self._execute_context(
../../tesis-fim-serio/backend/.venv/lib/python3.13/site-packages/sqlalchemy/engine/base.py:1848: in _execute_context
    return self._exec_single_context(
../../tesis-fim-serio/backend/.venv/lib/python3.13/site-packages/sqlalchemy/engine/base.py:1988: in _exec_single_context
    self._handle_dbapi_exception(
../../tesis-fim-serio/backend/.venv/lib/python3.13/site-packages/sqlalchemy/engine/base.py:2365: in _handle_dbapi_exception
    raise sqlalchemy_exception.with_traceback(exc_info[2]) from e
../../tesis-fim-serio/backend/.venv/lib/python3.13/site-packages/sqlalchemy/engine/base.py:1969: in _exec_single_context
    self.dialect.do_execute(
../../tesis-fim-serio/backend/.venv/lib/python3.13/site-packages/sqlalchemy/engine/default.py:952: in do_execute
    cursor.execute(statement, parameters)
../../tesis-fim-serio/backend/.venv/lib/python3.13/site-packages/psycopg/cursor.py:97: in execute
    raise ex.with_traceback(None)
E   sqlalchemy.exc.IntegrityError: (psycopg.errors.UniqueViolation) duplicate key value violates unique constraint "ix_users_username"
E   DETAIL:  Key (username)=(admin) already exists.
E   [SQL: INSERT INTO users (username, email, password_hash, role, is_active, must_change_password, created_at) VALUES (%(username)s::VARCHAR, %(email)s::VARCHAR, %(password_hash)s::VARCHAR, %(role)s::VARCHAR, %(is_active)s, %(must_change_password)s, %(created_at)s::TIMESTAMP WITH TIME ZONE) RETURNING users.id]
E   [parameters: {'username': 'admin', 'email': 'admin@fim.local', 'password_hash': '$argon2id$v=19$m=65536,t=3,p=4$hhbw/hFwxUX7ndb4r5KcZw$t04am1nwbCEGF1O/Qbzli042UZHtF7GYTZHTIk59m4Y', 'role': 'admin', 'is_active': True, 'must_change_password': True, 'created_at': datetime.datetime(2026, 9, 12, 20, 14, 21, 645534, tzinfo=datetime.timezone.utc)}]
E   (Background on this error at: https://sqlalche.me/e/20/gkpj)
_____ ERROR at setup of test_fix06_redelivery_does_not_consume_rate_budget _____
../../tesis-fim-serio/backend/.venv/lib/python3.13/site-packages/sqlalchemy/engine/base.py:1969: in _exec_single_context
    self.dialect.do_execute(
../../tesis-fim-serio/backend/.venv/lib/python3.13/site-packages/sqlalchemy/engine/default.py:952: in do_execute
    cursor.execute(statement, parameters)
../../tesis-fim-serio/backend/.venv/lib/python3.13/site-packages/psycopg/cursor.py:97: in execute
    raise ex.with_traceback(None)
E   psycopg.errors.UniqueViolation: duplicate key value violates unique constraint "ix_users_username"
E   DETAIL:  Key (username)=(admin) already exists.

The above exception was the direct cause of the following exception:
backend/tests/conftest.py:133: in _db_isolation
    _seed_admin_impl()
backend/tests/conftest.py:108: in _seed_admin_impl
    session.commit()
../../tesis-fim-serio/backend/.venv/lib/python3.13/site-packages/sqlalchemy/orm/session.py:2035: in commit
    trans.commit(_to_root=True)
../../tesis-fim-serio/backend/.venv/lib/python3.13/site-packages/sqlalchemy/orm/state_changes.py:137: in _go
    ret_value = fn(self, *arg, **kw)
../../tesis-fim-serio/backend/.venv/lib/python3.13/site-packages/sqlalchemy/orm/session.py:1316: in commit
    self._prepare_impl()
../../tesis-fim-serio/backend/.venv/lib/python3.13/site-packages/sqlalchemy/orm/state_changes.py:137: in _go
    ret_value = fn(self, *arg, **kw)
../../tesis-fim-serio/backend/.venv/lib/python3.13/site-packages/sqlalchemy/orm/session.py:1290: in _prepare_impl
    self.session.flush()
../../tesis-fim-serio/backend/.venv/lib/python3.13/site-packages/sqlalchemy/orm/session.py:4353: in flush
    self._flush(objects)
../../tesis-fim-serio/backend/.venv/lib/python3.13/site-packages/sqlalchemy/orm/session.py:4488: in _flush
    with util.safe_reraise():
../../tesis-fim-serio/backend/.venv/lib/python3.13/site-packages/sqlalchemy/util/langhelpers.py:122: in __exit__
    raise exc_value.with_traceback(exc_tb)
../../tesis-fim-serio/backend/.venv/lib/python3.13/site-packages/sqlalchemy/orm/session.py:4449: in _flush
    flush_context.execute()
../../tesis-fim-serio/backend/.venv/lib/python3.13/site-packages/sqlalchemy/orm/unitofwork.py:465: in execute
    rec.execute(self)
../../tesis-fim-serio/backend/.venv/lib/python3.13/site-packages/sqlalchemy/orm/unitofwork.py:641: in execute
    util.preloaded.orm_persistence.save_obj(
../../tesis-fim-serio/backend/.venv/lib/python3.13/site-packages/sqlalchemy/orm/persistence.py:94: in save_obj
    _emit_insert_statements(
../../tesis-fim-serio/backend/.venv/lib/python3.13/site-packages/sqlalchemy/orm/persistence.py:1234: in _emit_insert_statements
    result = connection.execute(
../../tesis-fim-serio/backend/.venv/lib/python3.13/site-packages/sqlalchemy/engine/base.py:1421: in execute
    return meth(
../../tesis-fim-serio/backend/.venv/lib/python3.13/site-packages/sqlalchemy/sql/elements.py:526: in _execute_on_connection
    return connection._execute_clauseelement(
../../tesis-fim-serio/backend/.venv/lib/python3.13/site-packages/sqlalchemy/engine/base.py:1643: in _execute_clauseelement
    ret = self._execute_context(
../../tesis-fim-serio/backend/.venv/lib/python3.13/site-packages/sqlalchemy/engine/base.py:1848: in _execute_context
    return self._exec_single_context(
../../tesis-fim-serio/backend/.venv/lib/python3.13/site-packages/sqlalchemy/engine/base.py:1988: in _exec_single_context
    self._handle_dbapi_exception(
../../tesis-fim-serio/backend/.venv/lib/python3.13/site-packages/sqlalchemy/engine/base.py:2365: in _handle_dbapi_exception
    raise sqlalchemy_exception.with_traceback(exc_info[2]) from e
../../tesis-fim-serio/backend/.venv/lib/python3.13/site-packages/sqlalchemy/engine/base.py:1969: in _exec_single_context
    self.dialect.do_execute(
../../tesis-fim-serio/backend/.venv/lib/python3.13/site-packages/sqlalchemy/engine/default.py:952: in do_execute
    cursor.execute(statement, parameters)
../../tesis-fim-serio/backend/.venv/lib/python3.13/site-packages/psycopg/cursor.py:97: in execute
    raise ex.with_traceback(None)
E   sqlalchemy.exc.IntegrityError: (psycopg.errors.UniqueViolation) duplicate key value violates unique constraint "ix_users_username"
E   DETAIL:  Key (username)=(admin) already exists.
E   [SQL: INSERT INTO users (username, email, password_hash, role, is_active, must_change_password, created_at) VALUES (%(username)s::VARCHAR, %(email)s::VARCHAR, %(password_hash)s::VARCHAR, %(role)s::VARCHAR, %(is_active)s, %(must_change_password)s, %(created_at)s::TIMESTAMP WITH TIME ZONE) RETURNING users.id]
E   [parameters: {'username': 'admin', 'email': 'admin@fim.local', 'password_hash': '$argon2id$v=19$m=65536,t=3,p=4$NVaZiCgibTqTOjaP2et6PQ$h1zBKX/wDBvjQ0PMLYYabNu2b+hcNAIW22s3i5EfcqA', 'role': 'admin', 'is_active': True, 'must_change_password': True, 'created_at': datetime.datetime(2026, 9, 12, 20, 14, 22, 302419, tzinfo=datetime.timezone.utc)}]
E   (Background on this error at: https://sqlalche.me/e/20/gkpj)
____ ERROR at setup of test_fix07_empty_event_id_rejected_as_invalid_schema ____
../../tesis-fim-serio/backend/.venv/lib/python3.13/site-packages/sqlalchemy/engine/base.py:1969: in _exec_single_context
    self.dialect.do_execute(
../../tesis-fim-serio/backend/.venv/lib/python3.13/site-packages/sqlalchemy/engine/default.py:952: in do_execute
    cursor.execute(statement, parameters)
../../tesis-fim-serio/backend/.venv/lib/python3.13/site-packages/psycopg/cursor.py:97: in execute
    raise ex.with_traceback(None)
E   psycopg.errors.UniqueViolation: duplicate key value violates unique constraint "ix_users_username"
E   DETAIL:  Key (username)=(admin) already exists.

The above exception was the direct cause of the following exception:
backend/tests/conftest.py:133: in _db_isolation
    _seed_admin_impl()
backend/tests/conftest.py:108: in _seed_admin_impl
    session.commit()
../../tesis-fim-serio/backend/.venv/lib/python3.13/site-packages/sqlalchemy/orm/session.py:2035: in commit
    trans.commit(_to_root=True)
../../tesis-fim-serio/backend/.venv/lib/python3.13/site-packages/sqlalchemy/orm/state_changes.py:137: in _go
    ret_value = fn(self, *arg, **kw)
../../tesis-fim-serio/backend/.venv/lib/python3.13/site-packages/sqlalchemy/orm/session.py:1316: in commit
    self._prepare_impl()
../../tesis-fim-serio/backend/.venv/lib/python3.13/site-packages/sqlalchemy/orm/state_changes.py:137: in _go
    ret_value = fn(self, *arg, **kw)
../../tesis-fim-serio/backend/.venv/lib/python3.13/site-packages/sqlalchemy/orm/session.py:1290: in _prepare_impl
    self.session.flush()
../../tesis-fim-serio/backend/.venv/lib/python3.13/site-packages/sqlalchemy/orm/session.py:4353: in flush
    self._flush(objects)
../../tesis-fim-serio/backend/.venv/lib/python3.13/site-packages/sqlalchemy/orm/session.py:4488: in _flush
    with util.safe_reraise():
../../tesis-fim-serio/backend/.venv/lib/python3.13/site-packages/sqlalchemy/util/langhelpers.py:122: in __exit__
    raise exc_value.with_traceback(exc_tb)
../../tesis-fim-serio/backend/.venv/lib/python3.13/site-packages/sqlalchemy/orm/session.py:4449: in _flush
    flush_context.execute()
../../tesis-fim-serio/backend/.venv/lib/python3.13/site-packages/sqlalchemy/orm/unitofwork.py:465: in execute
    rec.execute(self)
../../tesis-fim-serio/backend/.venv/lib/python3.13/site-packages/sqlalchemy/orm/unitofwork.py:641: in execute
    util.preloaded.orm_persistence.save_obj(
../../tesis-fim-serio/backend/.venv/lib/python3.13/site-packages/sqlalchemy/orm/persistence.py:94: in save_obj
    _emit_insert_statements(
../../tesis-fim-serio/backend/.venv/lib/python3.13/site-packages/sqlalchemy/orm/persistence.py:1234: in _emit_insert_statements
    result = connection.execute(
../../tesis-fim-serio/backend/.venv/lib/python3.13/site-packages/sqlalchemy/engine/base.py:1421: in execute
    return meth(
../../tesis-fim-serio/backend/.venv/lib/python3.13/site-packages/sqlalchemy/sql/elements.py:526: in _execute_on_connection
    return connection._execute_clauseelement(
../../tesis-fim-serio/backend/.venv/lib/python3.13/site-packages/sqlalchemy/engine/base.py:1643: in _execute_clauseelement
    ret = self._execute_context(
../../tesis-fim-serio/backend/.venv/lib/python3.13/site-packages/sqlalchemy/engine/base.py:1848: in _execute_context
    return self._exec_single_context(
../../tesis-fim-serio/backend/.venv/lib/python3.13/site-packages/sqlalchemy/engine/base.py:1988: in _exec_single_context
    self._handle_dbapi_exception(
../../tesis-fim-serio/backend/.venv/lib/python3.13/site-packages/sqlalchemy/engine/base.py:2365: in _handle_dbapi_exception
    raise sqlalchemy_exception.with_traceback(exc_info[2]) from e
../../tesis-fim-serio/backend/.venv/lib/python3.13/site-packages/sqlalchemy/engine/base.py:1969: in _exec_single_context
    self.dialect.do_execute(
../../tesis-fim-serio/backend/.venv/lib/python3.13/site-packages/sqlalchemy/engine/default.py:952: in do_execute
    cursor.execute(statement, parameters)
../../tesis-fim-serio/backend/.venv/lib/python3.13/site-packages/psycopg/cursor.py:97: in execute
    raise ex.with_traceback(None)
E   sqlalchemy.exc.IntegrityError: (psycopg.errors.UniqueViolation) duplicate key value violates unique constraint "ix_users_username"
E   DETAIL:  Key (username)=(admin) already exists.
E   [SQL: INSERT INTO users (username, email, password_hash, role, is_active, must_change_password, created_at) VALUES (%(username)s::VARCHAR, %(email)s::VARCHAR, %(password_hash)s::VARCHAR, %(role)s::VARCHAR, %(is_active)s, %(must_change_password)s, %(created_at)s::TIMESTAMP WITH TIME ZONE) RETURNING users.id]
E   [parameters: {'username': 'admin', 'email': 'admin@fim.local', 'password_hash': '$argon2id$v=19$m=65536,t=3,p=4$lxnTrtknn9i8icLuoA0MbQ$Uxw00tJXrycmoCgT7eHeWMxQ0PkZ3JeDqjv3ZLVrtYg', 'role': 'admin', 'is_active': True, 'must_change_password': True, 'created_at': datetime.datetime(2026, 9, 12, 20, 14, 22, 972848, tzinfo=datetime.timezone.utc)}]
E   (Background on this error at: https://sqlalche.me/e/20/gkpj)
_ ERROR at setup of test_fix08_unparseable_detected_at_rejected_as_clock_skew __
../../tesis-fim-serio/backend/.venv/lib/python3.13/site-packages/sqlalchemy/engine/base.py:1969: in _exec_single_context
    self.dialect.do_execute(
../../tesis-fim-serio/backend/.venv/lib/python3.13/site-packages/sqlalchemy/engine/default.py:952: in do_execute
    cursor.execute(statement, parameters)
../../tesis-fim-serio/backend/.venv/lib/python3.13/site-packages/psycopg/cursor.py:97: in execute
    raise ex.with_traceback(None)
E   psycopg.errors.UniqueViolation: duplicate key value violates unique constraint "ix_users_username"
E   DETAIL:  Key (username)=(admin) already exists.

The above exception was the direct cause of the following exception:
backend/tests/conftest.py:133: in _db_isolation
    _seed_admin_impl()
backend/tests/conftest.py:108: in _seed_admin_impl
    session.commit()
../../tesis-fim-serio/backend/.venv/lib/python3.13/site-packages/sqlalchemy/orm/session.py:2035: in commit
    trans.commit(_to_root=True)
../../tesis-fim-serio/backend/.venv/lib/python3.13/site-packages/sqlalchemy/orm/state_changes.py:137: in _go
    ret_value = fn(self, *arg, **kw)
../../tesis-fim-serio/backend/.venv/lib/python3.13/site-packages/sqlalchemy/orm/session.py:1316: in commit
    self._prepare_impl()
../../tesis-fim-serio/backend/.venv/lib/python3.13/site-packages/sqlalchemy/orm/state_changes.py:137: in _go
    ret_value = fn(self, *arg, **kw)
../../tesis-fim-serio/backend/.venv/lib/python3.13/site-packages/sqlalchemy/orm/session.py:1290: in _prepare_impl
    self.session.flush()
../../tesis-fim-serio/backend/.venv/lib/python3.13/site-packages/sqlalchemy/orm/session.py:4353: in flush
    self._flush(objects)
../../tesis-fim-serio/backend/.venv/lib/python3.13/site-packages/sqlalchemy/orm/session.py:4488: in _flush
    with util.safe_reraise():
../../tesis-fim-serio/backend/.venv/lib/python3.13/site-packages/sqlalchemy/util/langhelpers.py:122: in __exit__
    raise exc_value.with_traceback(exc_tb)
../../tesis-fim-serio/backend/.venv/lib/python3.13/site-packages/sqlalchemy/orm/session.py:4449: in _flush
    flush_context.execute()
../../tesis-fim-serio/backend/.venv/lib/python3.13/site-packages/sqlalchemy/orm/unitofwork.py:465: in execute
    rec.execute(self)
../../tesis-fim-serio/backend/.venv/lib/python3.13/site-packages/sqlalchemy/orm/unitofwork.py:641: in execute
    util.preloaded.orm_persistence.save_obj(
../../tesis-fim-serio/backend/.venv/lib/python3.13/site-packages/sqlalchemy/orm/persistence.py:94: in save_obj
    _emit_insert_statements(
../../tesis-fim-serio/backend/.venv/lib/python3.13/site-packages/sqlalchemy/orm/persistence.py:1234: in _emit_insert_statements
    result = connection.execute(
../../tesis-fim-serio/backend/.venv/lib/python3.13/site-packages/sqlalchemy/engine/base.py:1421: in execute
    return meth(
../../tesis-fim-serio/backend/.venv/lib/python3.13/site-packages/sqlalchemy/sql/elements.py:526: in _execute_on_connection
    return connection._execute_clauseelement(
../../tesis-fim-serio/backend/.venv/lib/python3.13/site-packages/sqlalchemy/engine/base.py:1643: in _execute_clauseelement
    ret = self._execute_context(
../../tesis-fim-serio/backend/.venv/lib/python3.13/site-packages/sqlalchemy/engine/base.py:1848: in _execute_context
    return self._exec_single_context(
../../tesis-fim-serio/backend/.venv/lib/python3.13/site-packages/sqlalchemy/engine/base.py:1988: in _exec_single_context
    self._handle_dbapi_exception(
../../tesis-fim-serio/backend/.venv/lib/python3.13/site-packages/sqlalchemy/engine/base.py:2365: in _handle_dbapi_exception
    raise sqlalchemy_exception.with_traceback(exc_info[2]) from e
../../tesis-fim-serio/backend/.venv/lib/python3.13/site-packages/sqlalchemy/engine/base.py:1969: in _exec_single_context
    self.dialect.do_execute(
../../tesis-fim-serio/backend/.venv/lib/python3.13/site-packages/sqlalchemy/engine/default.py:952: in do_execute
    cursor.execute(statement, parameters)
../../tesis-fim-serio/backend/.venv/lib/python3.13/site-packages/psycopg/cursor.py:97: in execute
    raise ex.with_traceback(None)
E   sqlalchemy.exc.IntegrityError: (psycopg.errors.UniqueViolation) duplicate key value violates unique constraint "ix_users_username"
E   DETAIL:  Key (username)=(admin) already exists.
E   [SQL: INSERT INTO users (username, email, password_hash, role, is_active, must_change_password, created_at) VALUES (%(username)s::VARCHAR, %(email)s::VARCHAR, %(password_hash)s::VARCHAR, %(role)s::VARCHAR, %(is_active)s, %(must_change_password)s, %(created_at)s::TIMESTAMP WITH TIME ZONE) RETURNING users.id]
E   [parameters: {'username': 'admin', 'email': 'admin@fim.local', 'password_hash': '$argon2id$v=19$m=65536,t=3,p=4$UWG2fGGFNziepzws9+l7ew$eV6pIaJokxexrVvt3yCKmgKyRae1BRL/IX5s++vKegM', 'role': 'admin', 'is_active': True, 'must_change_password': True, 'created_at': datetime.datetime(2026, 9, 12, 20, 14, 23, 625982, tzinfo=datetime.timezone.utc)}]
E   (Background on this error at: https://sqlalche.me/e/20/gkpj)
______ ERROR at setup of test_fix08_naive_datetime_within_range_accepted _______
../../tesis-fim-serio/backend/.venv/lib/python3.13/site-packages/sqlalchemy/engine/base.py:1969: in _exec_single_context
    self.dialect.do_execute(
../../tesis-fim-serio/backend/.venv/lib/python3.13/site-packages/sqlalchemy/engine/default.py:952: in do_execute
    cursor.execute(statement, parameters)
../../tesis-fim-serio/backend/.venv/lib/python3.13/site-packages/psycopg/cursor.py:97: in execute
    raise ex.with_traceback(None)
E   psycopg.errors.UniqueViolation: duplicate key value violates unique constraint "ix_users_username"
E   DETAIL:  Key (username)=(admin) already exists.

The above exception was the direct cause of the following exception:
backend/tests/conftest.py:133: in _db_isolation
    _seed_admin_impl()
backend/tests/conftest.py:108: in _seed_admin_impl
    session.commit()
../../tesis-fim-serio/backend/.venv/lib/python3.13/site-packages/sqlalchemy/orm/session.py:2035: in commit
    trans.commit(_to_root=True)
../../tesis-fim-serio/backend/.venv/lib/python3.13/site-packages/sqlalchemy/orm/state_changes.py:137: in _go
    ret_value = fn(self, *arg, **kw)
../../tesis-fim-serio/backend/.venv/lib/python3.13/site-packages/sqlalchemy/orm/session.py:1316: in commit
    self._prepare_impl()
../../tesis-fim-serio/backend/.venv/lib/python3.13/site-packages/sqlalchemy/orm/state_changes.py:137: in _go
    ret_value = fn(self, *arg, **kw)
../../tesis-fim-serio/backend/.venv/lib/python3.13/site-packages/sqlalchemy/orm/session.py:1290: in _prepare_impl
    self.session.flush()
../../tesis-fim-serio/backend/.venv/lib/python3.13/site-packages/sqlalchemy/orm/session.py:4353: in flush
    self._flush(objects)
../../tesis-fim-serio/backend/.venv/lib/python3.13/site-packages/sqlalchemy/orm/session.py:4488: in _flush
    with util.safe_reraise():
../../tesis-fim-serio/backend/.venv/lib/python3.13/site-packages/sqlalchemy/util/langhelpers.py:122: in __exit__
    raise exc_value.with_traceback(exc_tb)
../../tesis-fim-serio/backend/.venv/lib/python3.13/site-packages/sqlalchemy/orm/session.py:4449: in _flush
    flush_context.execute()
../../tesis-fim-serio/backend/.venv/lib/python3.13/site-packages/sqlalchemy/orm/unitofwork.py:465: in execute
    rec.execute(self)
../../tesis-fim-serio/backend/.venv/lib/python3.13/site-packages/sqlalchemy/orm/unitofwork.py:641: in execute
    util.preloaded.orm_persistence.save_obj(
../../tesis-fim-serio/backend/.venv/lib/python3.13/site-packages/sqlalchemy/orm/persistence.py:94: in save_obj
    _emit_insert_statements(
../../tesis-fim-serio/backend/.venv/lib/python3.13/site-packages/sqlalchemy/orm/persistence.py:1234: in _emit_insert_statements
    result = connection.execute(
../../tesis-fim-serio/backend/.venv/lib/python3.13/site-packages/sqlalchemy/engine/base.py:1421: in execute
    return meth(
../../tesis-fim-serio/backend/.venv/lib/python3.13/site-packages/sqlalchemy/sql/elements.py:526: in _execute_on_connection
    return connection._execute_clauseelement(
../../tesis-fim-serio/backend/.venv/lib/python3.13/site-packages/sqlalchemy/engine/base.py:1643: in _execute_clauseelement
    ret = self._execute_context(
../../tesis-fim-serio/backend/.venv/lib/python3.13/site-packages/sqlalchemy/engine/base.py:1848: in _execute_context
    return self._exec_single_context(
../../tesis-fim-serio/backend/.venv/lib/python3.13/site-packages/sqlalchemy/engine/base.py:1988: in _exec_single_context
    self._handle_dbapi_exception(
../../tesis-fim-serio/backend/.venv/lib/python3.13/site-packages/sqlalchemy/engine/base.py:2365: in _handle_dbapi_exception
    raise sqlalchemy_exception.with_traceback(exc_info[2]) from e
../../tesis-fim-serio/backend/.venv/lib/python3.13/site-packages/sqlalchemy/engine/base.py:1969: in _exec_single_context
    self.dialect.do_execute(
../../tesis-fim-serio/backend/.venv/lib/python3.13/site-packages/sqlalchemy/engine/default.py:952: in do_execute
    cursor.execute(statement, parameters)
../../tesis-fim-serio/backend/.venv/lib/python3.13/site-packages/psycopg/cursor.py:97: in execute
    raise ex.with_traceback(None)
E   sqlalchemy.exc.IntegrityError: (psycopg.errors.UniqueViolation) duplicate key value violates unique constraint "ix_users_username"
E   DETAIL:  Key (username)=(admin) already exists.
E   [SQL: INSERT INTO users (username, email, password_hash, role, is_active, must_change_password, created_at) VALUES (%(username)s::VARCHAR, %(email)s::VARCHAR, %(password_hash)s::VARCHAR, %(role)s::VARCHAR, %(is_active)s, %(must_change_password)s, %(created_at)s::TIMESTAMP WITH TIME ZONE) RETURNING users.id]
E   [parameters: {'username': 'admin', 'email': 'admin@fim.local', 'password_hash': '$argon2id$v=19$m=65536,t=3,p=4$NPcGCceJE/rfMwCazeR54g$GwiS6+hTjmbWjg9rS/Vufa8eKAgXz09yL5mOO+cDwdI', 'role': 'admin', 'is_active': True, 'must_change_password': True, 'created_at': datetime.datetime(2026, 9, 12, 20, 14, 24, 217303, tzinfo=datetime.timezone.utc)}]
E   (Background on this error at: https://sqlalche.me/e/20/gkpj)
_________ ERROR at setup of test_fix09_no_utcnow_in_production_modules _________
../../tesis-fim-serio/backend/.venv/lib/python3.13/site-packages/sqlalchemy/engine/base.py:1969: in _exec_single_context
    self.dialect.do_execute(
../../tesis-fim-serio/backend/.venv/lib/python3.13/site-packages/sqlalchemy/engine/default.py:952: in do_execute
    cursor.execute(statement, parameters)
../../tesis-fim-serio/backend/.venv/lib/python3.13/site-packages/psycopg/cursor.py:97: in execute
    raise ex.with_traceback(None)
E   psycopg.errors.UniqueViolation: duplicate key value violates unique constraint "ix_users_username"
E   DETAIL:  Key (username)=(admin) already exists.

The above exception was the direct cause of the following exception:
backend/tests/conftest.py:133: in _db_isolation
    _seed_admin_impl()
backend/tests/conftest.py:108: in _seed_admin_impl
    session.commit()
../../tesis-fim-serio/backend/.venv/lib/python3.13/site-packages/sqlalchemy/orm/session.py:2035: in commit
    trans.commit(_to_root=True)
../../tesis-fim-serio/backend/.venv/lib/python3.13/site-packages/sqlalchemy/orm/state_changes.py:137: in _go
    ret_value = fn(self, *arg, **kw)
../../tesis-fim-serio/backend/.venv/lib/python3.13/site-packages/sqlalchemy/orm/session.py:1316: in commit
    self._prepare_impl()
../../tesis-fim-serio/backend/.venv/lib/python3.13/site-packages/sqlalchemy/orm/state_changes.py:137: in _go
    ret_value = fn(self, *arg, **kw)
../../tesis-fim-serio/backend/.venv/lib/python3.13/site-packages/sqlalchemy/orm/session.py:1290: in _prepare_impl
    self.session.flush()
../../tesis-fim-serio/backend/.venv/lib/python3.13/site-packages/sqlalchemy/orm/session.py:4353: in flush
    self._flush(objects)
../../tesis-fim-serio/backend/.venv/lib/python3.13/site-packages/sqlalchemy/orm/session.py:4488: in _flush
    with util.safe_reraise():
../../tesis-fim-serio/backend/.venv/lib/python3.13/site-packages/sqlalchemy/util/langhelpers.py:122: in __exit__
    raise exc_value.with_traceback(exc_tb)
../../tesis-fim-serio/backend/.venv/lib/python3.13/site-packages/sqlalchemy/orm/session.py:4449: in _flush
    flush_context.execute()
../../tesis-fim-serio/backend/.venv/lib/python3.13/site-packages/sqlalchemy/orm/unitofwork.py:465: in execute
    rec.execute(self)
../../tesis-fim-serio/backend/.venv/lib/python3.13/site-packages/sqlalchemy/orm/unitofwork.py:641: in execute
    util.preloaded.orm_persistence.save_obj(
../../tesis-fim-serio/backend/.venv/lib/python3.13/site-packages/sqlalchemy/orm/persistence.py:94: in save_obj
    _emit_insert_statements(
../../tesis-fim-serio/backend/.venv/lib/python3.13/site-packages/sqlalchemy/orm/persistence.py:1234: in _emit_insert_statements
    result = connection.execute(
../../tesis-fim-serio/backend/.venv/lib/python3.13/site-packages/sqlalchemy/engine/base.py:1421: in execute
    return meth(
../../tesis-fim-serio/backend/.venv/lib/python3.13/site-packages/sqlalchemy/sql/elements.py:526: in _execute_on_connection
    return connection._execute_clauseelement(
../../tesis-fim-serio/backend/.venv/lib/python3.13/site-packages/sqlalchemy/engine/base.py:1643: in _execute_clauseelement
    ret = self._execute_context(
../../tesis-fim-serio/backend/.venv/lib/python3.13/site-packages/sqlalchemy/engine/base.py:1848: in _execute_context
    return self._exec_single_context(
../../tesis-fim-serio/backend/.venv/lib/python3.13/site-packages/sqlalchemy/engine/base.py:1988: in _exec_single_context
    self._handle_dbapi_exception(
../../tesis-fim-serio/backend/.venv/lib/python3.13/site-packages/sqlalchemy/engine/base.py:2365: in _handle_dbapi_exception
    raise sqlalchemy_exception.with_traceback(exc_info[2]) from e
../../tesis-fim-serio/backend/.venv/lib/python3.13/site-packages/sqlalchemy/engine/base.py:1969: in _exec_single_context
    self.dialect.do_execute(
../../tesis-fim-serio/backend/.venv/lib/python3.13/site-packages/sqlalchemy/engine/default.py:952: in do_execute
    cursor.execute(statement, parameters)
../../tesis-fim-serio/backend/.venv/lib/python3.13/site-packages/psycopg/cursor.py:97: in execute
    raise ex.with_traceback(None)
E   sqlalchemy.exc.IntegrityError: (psycopg.errors.UniqueViolation) duplicate key value violates unique constraint "ix_users_username"
E   DETAIL:  Key (username)=(admin) already exists.
E   [SQL: INSERT INTO users (username, email, password_hash, role, is_active, must_change_password, created_at) VALUES (%(username)s::VARCHAR, %(email)s::VARCHAR, %(password_hash)s::VARCHAR, %(role)s::VARCHAR, %(is_active)s, %(must_change_password)s, %(created_at)s::TIMESTAMP WITH TIME ZONE) RETURNING users.id]
E   [parameters: {'username': 'admin', 'email': 'admin@fim.local', 'password_hash': '$argon2id$v=19$m=65536,t=3,p=4$4aZ9K1dAR2qsw1uBUIa3Rg$DBQfSDbgAPMtkdDsyn6vHiL7PouFUDZHat3Arrgacgg', 'role': 'admin', 'is_active': True, 'must_change_password': True, 'created_at': datetime.datetime(2026, 9, 12, 20, 14, 24, 860129, tzinfo=datetime.timezone.utc)}]
E   (Background on this error at: https://sqlalche.me/e/20/gkpj)
__________ ERROR at setup of test_broadcaster_queue_full_logs_warning __________
../../tesis-fim-serio/backend/.venv/lib/python3.13/site-packages/sqlalchemy/engine/base.py:1969: in _exec_single_context
    self.dialect.do_execute(
../../tesis-fim-serio/backend/.venv/lib/python3.13/site-packages/sqlalchemy/engine/default.py:952: in do_execute
    cursor.execute(statement, parameters)
../../tesis-fim-serio/backend/.venv/lib/python3.13/site-packages/psycopg/cursor.py:97: in execute
    raise ex.with_traceback(None)
E   psycopg.errors.UniqueViolation: duplicate key value violates unique constraint "ix_users_username"
E   DETAIL:  Key (username)=(admin) already exists.

The above exception was the direct cause of the following exception:
backend/tests/conftest.py:133: in _db_isolation
    _seed_admin_impl()
backend/tests/conftest.py:108: in _seed_admin_impl
    session.commit()
../../tesis-fim-serio/backend/.venv/lib/python3.13/site-packages/sqlalchemy/orm/session.py:2035: in commit
    trans.commit(_to_root=True)
../../tesis-fim-serio/backend/.venv/lib/python3.13/site-packages/sqlalchemy/orm/state_changes.py:137: in _go
    ret_value = fn(self, *arg, **kw)
../../tesis-fim-serio/backend/.venv/lib/python3.13/site-packages/sqlalchemy/orm/session.py:1316: in commit
    self._prepare_impl()
../../tesis-fim-serio/backend/.venv/lib/python3.13/site-packages/sqlalchemy/orm/state_changes.py:137: in _go
    ret_value = fn(self, *arg, **kw)
../../tesis-fim-serio/backend/.venv/lib/python3.13/site-packages/sqlalchemy/orm/session.py:1290: in _prepare_impl
    self.session.flush()
../../tesis-fim-serio/backend/.venv/lib/python3.13/site-packages/sqlalchemy/orm/session.py:4353: in flush
    self._flush(objects)
../../tesis-fim-serio/backend/.venv/lib/python3.13/site-packages/sqlalchemy/orm/session.py:4488: in _flush
    with util.safe_reraise():
../../tesis-fim-serio/backend/.venv/lib/python3.13/site-packages/sqlalchemy/util/langhelpers.py:122: in __exit__
    raise exc_value.with_traceback(exc_tb)
../../tesis-fim-serio/backend/.venv/lib/python3.13/site-packages/sqlalchemy/orm/session.py:4449: in _flush
    flush_context.execute()
../../tesis-fim-serio/backend/.venv/lib/python3.13/site-packages/sqlalchemy/orm/unitofwork.py:465: in execute
    rec.execute(self)
../../tesis-fim-serio/backend/.venv/lib/python3.13/site-packages/sqlalchemy/orm/unitofwork.py:641: in execute
    util.preloaded.orm_persistence.save_obj(
../../tesis-fim-serio/backend/.venv/lib/python3.13/site-packages/sqlalchemy/orm/persistence.py:94: in save_obj
    _emit_insert_statements(
../../tesis-fim-serio/backend/.venv/lib/python3.13/site-packages/sqlalchemy/orm/persistence.py:1234: in _emit_insert_statements
    result = connection.execute(
../../tesis-fim-serio/backend/.venv/lib/python3.13/site-packages/sqlalchemy/engine/base.py:1421: in execute
    return meth(
../../tesis-fim-serio/backend/.venv/lib/python3.13/site-packages/sqlalchemy/sql/elements.py:526: in _execute_on_connection
    return connection._execute_clauseelement(
../../tesis-fim-serio/backend/.venv/lib/python3.13/site-packages/sqlalchemy/engine/base.py:1643: in _execute_clauseelement
    ret = self._execute_context(
../../tesis-fim-serio/backend/.venv/lib/python3.13/site-packages/sqlalchemy/engine/base.py:1848: in _execute_context
    return self._exec_single_context(
../../tesis-fim-serio/backend/.venv/lib/python3.13/site-packages/sqlalchemy/engine/base.py:1988: in _exec_single_context
    self._handle_dbapi_exception(
../../tesis-fim-serio/backend/.venv/lib/python3.13/site-packages/sqlalchemy/engine/base.py:2365: in _handle_dbapi_exception
    raise sqlalchemy_exception.with_traceback(exc_info[2]) from e
../../tesis-fim-serio/backend/.venv/lib/python3.13/site-packages/sqlalchemy/engine/base.py:1969: in _exec_single_context
    self.dialect.do_execute(
../../tesis-fim-serio/backend/.venv/lib/python3.13/site-packages/sqlalchemy/engine/default.py:952: in do_execute
    cursor.execute(statement, parameters)
../../tesis-fim-serio/backend/.venv/lib/python3.13/site-packages/psycopg/cursor.py:97: in execute
    raise ex.with_traceback(None)
E   sqlalchemy.exc.IntegrityError: (psycopg.errors.UniqueViolation) duplicate key value violates unique constraint "ix_users_username"
E   DETAIL:  Key (username)=(admin) already exists.
E   [SQL: INSERT INTO users (username, email, password_hash, role, is_active, must_change_password, created_at) VALUES (%(username)s::VARCHAR, %(email)s::VARCHAR, %(password_hash)s::VARCHAR, %(role)s::VARCHAR, %(is_active)s, %(must_change_password)s, %(created_at)s::TIMESTAMP WITH TIME ZONE) RETURNING users.id]
E   [parameters: {'username': 'admin', 'email': 'admin@fim.local', 'password_hash': '$argon2id$v=19$m=65536,t=3,p=4$I0GiG/ZK0pEOhJvhJtZi7w$S+58G8ZpwI+muObm22mN9ODBban48R2h+h7USr61G08', 'role': 'admin', 'is_active': True, 'must_change_password': True, 'created_at': datetime.datetime(2026, 9, 12, 20, 14, 25, 976291, tzinfo=datetime.timezone.utc)}]
E   (Background on this error at: https://sqlalche.me/e/20/gkpj)
____ ERROR at setup of test_enqueue_restore_file_inserts_published_command _____
../../tesis-fim-serio/backend/.venv/lib/python3.13/site-packages/sqlalchemy/engine/base.py:1969: in _exec_single_context
    self.dialect.do_execute(
../../tesis-fim-serio/backend/.venv/lib/python3.13/site-packages/sqlalchemy/engine/default.py:952: in do_execute
    cursor.execute(statement, parameters)
../../tesis-fim-serio/backend/.venv/lib/python3.13/site-packages/psycopg/cursor.py:97: in execute
    raise ex.with_traceback(None)
E   psycopg.errors.UniqueViolation: duplicate key value violates unique constraint "ix_users_username"
E   DETAIL:  Key (username)=(admin) already exists.

The above exception was the direct cause of the following exception:
backend/tests/conftest.py:133: in _db_isolation
    _seed_admin_impl()
backend/tests/conftest.py:108: in _seed_admin_impl
    session.commit()
../../tesis-fim-serio/backend/.venv/lib/python3.13/site-packages/sqlalchemy/orm/session.py:2035: in commit
    trans.commit(_to_root=True)
../../tesis-fim-serio/backend/.venv/lib/python3.13/site-packages/sqlalchemy/orm/state_changes.py:137: in _go
    ret_value = fn(self, *arg, **kw)
../../tesis-fim-serio/backend/.venv/lib/python3.13/site-packages/sqlalchemy/orm/session.py:1316: in commit
    self._prepare_impl()
../../tesis-fim-serio/backend/.venv/lib/python3.13/site-packages/sqlalchemy/orm/state_changes.py:137: in _go
    ret_value = fn(self, *arg, **kw)
../../tesis-fim-serio/backend/.venv/lib/python3.13/site-packages/sqlalchemy/orm/session.py:1290: in _prepare_impl
    self.session.flush()
../../tesis-fim-serio/backend/.venv/lib/python3.13/site-packages/sqlalchemy/orm/session.py:4353: in flush
    self._flush(objects)
../../tesis-fim-serio/backend/.venv/lib/python3.13/site-packages/sqlalchemy/orm/session.py:4488: in _flush
    with util.safe_reraise():
../../tesis-fim-serio/backend/.venv/lib/python3.13/site-packages/sqlalchemy/util/langhelpers.py:122: in __exit__
    raise exc_value.with_traceback(exc_tb)
../../tesis-fim-serio/backend/.venv/lib/python3.13/site-packages/sqlalchemy/orm/session.py:4449: in _flush
    flush_context.execute()
../../tesis-fim-serio/backend/.venv/lib/python3.13/site-packages/sqlalchemy/orm/unitofwork.py:465: in execute
    rec.execute(self)
../../tesis-fim-serio/backend/.venv/lib/python3.13/site-packages/sqlalchemy/orm/unitofwork.py:641: in execute
    util.preloaded.orm_persistence.save_obj(
../../tesis-fim-serio/backend/.venv/lib/python3.13/site-packages/sqlalchemy/orm/persistence.py:94: in save_obj
    _emit_insert_statements(
../../tesis-fim-serio/backend/.venv/lib/python3.13/site-packages/sqlalchemy/orm/persistence.py:1234: in _emit_insert_statements
    result = connection.execute(
../../tesis-fim-serio/backend/.venv/lib/python3.13/site-packages/sqlalchemy/engine/base.py:1421: in execute
    return meth(
../../tesis-fim-serio/backend/.venv/lib/python3.13/site-packages/sqlalchemy/sql/elements.py:526: in _execute_on_connection
    return connection._execute_clauseelement(
../../tesis-fim-serio/backend/.venv/lib/python3.13/site-packages/sqlalchemy/engine/base.py:1643: in _execute_clauseelement
    ret = self._execute_context(
../../tesis-fim-serio/backend/.venv/lib/python3.13/site-packages/sqlalchemy/engine/base.py:1848: in _execute_context
    return self._exec_single_context(
../../tesis-fim-serio/backend/.venv/lib/python3.13/site-packages/sqlalchemy/engine/base.py:1988: in _exec_single_context
    self._handle_dbapi_exception(
../../tesis-fim-serio/backend/.venv/lib/python3.13/site-packages/sqlalchemy/engine/base.py:2365: in _handle_dbapi_exception
    raise sqlalchemy_exception.with_traceback(exc_info[2]) from e
../../tesis-fim-serio/backend/.venv/lib/python3.13/site-packages/sqlalchemy/engine/base.py:1969: in _exec_single_context
    self.dialect.do_execute(
../../tesis-fim-serio/backend/.venv/lib/python3.13/site-packages/sqlalchemy/engine/default.py:952: in do_execute
    cursor.execute(statement, parameters)
../../tesis-fim-serio/backend/.venv/lib/python3.13/site-packages/psycopg/cursor.py:97: in execute
    raise ex.with_traceback(None)
E   sqlalchemy.exc.IntegrityError: (psycopg.errors.UniqueViolation) duplicate key value violates unique constraint "ix_users_username"
E   DETAIL:  Key (username)=(admin) already exists.
E   [SQL: INSERT INTO users (username, email, password_hash, role, is_active, must_change_password, created_at) VALUES (%(username)s::VARCHAR, %(email)s::VARCHAR, %(password_hash)s::VARCHAR, %(role)s::VARCHAR, %(is_active)s, %(must_change_password)s, %(created_at)s::TIMESTAMP WITH TIME ZONE) RETURNING users.id]
E   [parameters: {'username': 'admin', 'email': 'admin@fim.local', 'password_hash': '$argon2id$v=19$m=65536,t=3,p=4$R24wsfrXp0BymfdZfzPDkg$LwJfnZdw+C2iWszExmbFVr9OwudxinLU/IVwFuc+OjQ', 'role': 'admin', 'is_active': True, 'must_change_password': True, 'created_at': datetime.datetime(2026, 9, 12, 20, 14, 27, 104448, tzinfo=datetime.timezone.utc)}]
E   (Background on this error at: https://sqlalche.me/e/20/gkpj)
___ ERROR at setup of test_enqueue_quarantine_file_inserts_published_command ___
../../tesis-fim-serio/backend/.venv/lib/python3.13/site-packages/sqlalchemy/engine/base.py:1969: in _exec_single_context
    self.dialect.do_execute(
../../tesis-fim-serio/backend/.venv/lib/python3.13/site-packages/sqlalchemy/engine/default.py:952: in do_execute
    cursor.execute(statement, parameters)
../../tesis-fim-serio/backend/.venv/lib/python3.13/site-packages/psycopg/cursor.py:97: in execute
    raise ex.with_traceback(None)
E   psycopg.errors.UniqueViolation: duplicate key value violates unique constraint "ix_users_username"
E   DETAIL:  Key (username)=(admin) already exists.

The above exception was the direct cause of the following exception:
backend/tests/conftest.py:133: in _db_isolation
    _seed_admin_impl()
backend/tests/conftest.py:108: in _seed_admin_impl
    session.commit()
../../tesis-fim-serio/backend/.venv/lib/python3.13/site-packages/sqlalchemy/orm/session.py:2035: in commit
    trans.commit(_to_root=True)
../../tesis-fim-serio/backend/.venv/lib/python3.13/site-packages/sqlalchemy/orm/state_changes.py:137: in _go
    ret_value = fn(self, *arg, **kw)
../../tesis-fim-serio/backend/.venv/lib/python3.13/site-packages/sqlalchemy/orm/session.py:1316: in commit
    self._prepare_impl()
../../tesis-fim-serio/backend/.venv/lib/python3.13/site-packages/sqlalchemy/orm/state_changes.py:137: in _go
    ret_value = fn(self, *arg, **kw)
../../tesis-fim-serio/backend/.venv/lib/python3.13/site-packages/sqlalchemy/orm/session.py:1290: in _prepare_impl
    self.session.flush()
../../tesis-fim-serio/backend/.venv/lib/python3.13/site-packages/sqlalchemy/orm/session.py:4353: in flush
    self._flush(objects)
../../tesis-fim-serio/backend/.venv/lib/python3.13/site-packages/sqlalchemy/orm/session.py:4488: in _flush
    with util.safe_reraise():
../../tesis-fim-serio/backend/.venv/lib/python3.13/site-packages/sqlalchemy/util/langhelpers.py:122: in __exit__
    raise exc_value.with_traceback(exc_tb)
../../tesis-fim-serio/backend/.venv/lib/python3.13/site-packages/sqlalchemy/orm/session.py:4449: in _flush
    flush_context.execute()
../../tesis-fim-serio/backend/.venv/lib/python3.13/site-packages/sqlalchemy/orm/unitofwork.py:465: in execute
    rec.execute(self)
../../tesis-fim-serio/backend/.venv/lib/python3.13/site-packages/sqlalchemy/orm/unitofwork.py:641: in execute
    util.preloaded.orm_persistence.save_obj(
../../tesis-fim-serio/backend/.venv/lib/python3.13/site-packages/sqlalchemy/orm/persistence.py:94: in save_obj
    _emit_insert_statements(
../../tesis-fim-serio/backend/.venv/lib/python3.13/site-packages/sqlalchemy/orm/persistence.py:1234: in _emit_insert_statements
    result = connection.execute(
../../tesis-fim-serio/backend/.venv/lib/python3.13/site-packages/sqlalchemy/engine/base.py:1421: in execute
    return meth(
../../tesis-fim-serio/backend/.venv/lib/python3.13/site-packages/sqlalchemy/sql/elements.py:526: in _execute_on_connection
    return connection._execute_clauseelement(
../../tesis-fim-serio/backend/.venv/lib/python3.13/site-packages/sqlalchemy/engine/base.py:1643: in _execute_clauseelement
    ret = self._execute_context(
../../tesis-fim-serio/backend/.venv/lib/python3.13/site-packages/sqlalchemy/engine/base.py:1848: in _execute_context
    return self._exec_single_context(
../../tesis-fim-serio/backend/.venv/lib/python3.13/site-packages/sqlalchemy/engine/base.py:1988: in _exec_single_context
    self._handle_dbapi_exception(
../../tesis-fim-serio/backend/.venv/lib/python3.13/site-packages/sqlalchemy/engine/base.py:2365: in _handle_dbapi_exception
    raise sqlalchemy_exception.with_traceback(exc_info[2]) from e
../../tesis-fim-serio/backend/.venv/lib/python3.13/site-packages/sqlalchemy/engine/base.py:1969: in _exec_single_context
    self.dialect.do_execute(
../../tesis-fim-serio/backend/.venv/lib/python3.13/site-packages/sqlalchemy/engine/default.py:952: in do_execute
    cursor.execute(statement, parameters)
../../tesis-fim-serio/backend/.venv/lib/python3.13/site-packages/psycopg/cursor.py:97: in execute
    raise ex.with_traceback(None)
E   sqlalchemy.exc.IntegrityError: (psycopg.errors.UniqueViolation) duplicate key value violates unique constraint "ix_users_username"
E   DETAIL:  Key (username)=(admin) already exists.
E   [SQL: INSERT INTO users (username, email, password_hash, role, is_active, must_change_password, created_at) VALUES (%(username)s::VARCHAR, %(email)s::VARCHAR, %(password_hash)s::VARCHAR, %(role)s::VARCHAR, %(is_active)s, %(must_change_password)s, %(created_at)s::TIMESTAMP WITH TIME ZONE) RETURNING users.id]
E   [parameters: {'username': 'admin', 'email': 'admin@fim.local', 'password_hash': '$argon2id$v=19$m=65536,t=3,p=4$/jPDfY7FH6KK6lItrdLKYA$+l0MxIW07P0TBxW08u22Xd6XoSOkKXS8OFdqa/l1FFM', 'role': 'admin', 'is_active': True, 'must_change_password': True, 'created_at': datetime.datetime(2026, 9, 12, 20, 14, 27, 693652, tzinfo=datetime.timezone.utc)}]
E   (Background on this error at: https://sqlalche.me/e/20/gkpj)
_ ERROR at setup of test_enqueue_baseline_update_inserts_published_command_with_ruleset_version _
../../tesis-fim-serio/backend/.venv/lib/python3.13/site-packages/sqlalchemy/engine/base.py:1969: in _exec_single_context
    self.dialect.do_execute(
../../tesis-fim-serio/backend/.venv/lib/python3.13/site-packages/sqlalchemy/engine/default.py:952: in do_execute
    cursor.execute(statement, parameters)
../../tesis-fim-serio/backend/.venv/lib/python3.13/site-packages/psycopg/cursor.py:97: in execute
    raise ex.with_traceback(None)
E   psycopg.errors.UniqueViolation: duplicate key value violates unique constraint "ix_users_username"
E   DETAIL:  Key (username)=(admin) already exists.

The above exception was the direct cause of the following exception:
backend/tests/conftest.py:133: in _db_isolation
    _seed_admin_impl()
backend/tests/conftest.py:108: in _seed_admin_impl
    session.commit()
../../tesis-fim-serio/backend/.venv/lib/python3.13/site-packages/sqlalchemy/orm/session.py:2035: in commit
    trans.commit(_to_root=True)
../../tesis-fim-serio/backend/.venv/lib/python3.13/site-packages/sqlalchemy/orm/state_changes.py:137: in _go
    ret_value = fn(self, *arg, **kw)
../../tesis-fim-serio/backend/.venv/lib/python3.13/site-packages/sqlalchemy/orm/session.py:1316: in commit
    self._prepare_impl()
../../tesis-fim-serio/backend/.venv/lib/python3.13/site-packages/sqlalchemy/orm/state_changes.py:137: in _go
    ret_value = fn(self, *arg, **kw)
../../tesis-fim-serio/backend/.venv/lib/python3.13/site-packages/sqlalchemy/orm/session.py:1290: in _prepare_impl
    self.session.flush()
../../tesis-fim-serio/backend/.venv/lib/python3.13/site-packages/sqlalchemy/orm/session.py:4353: in flush
    self._flush(objects)
../../tesis-fim-serio/backend/.venv/lib/python3.13/site-packages/sqlalchemy/orm/session.py:4488: in _flush
    with util.safe_reraise():
../../tesis-fim-serio/backend/.venv/lib/python3.13/site-packages/sqlalchemy/util/langhelpers.py:122: in __exit__
    raise exc_value.with_traceback(exc_tb)
../../tesis-fim-serio/backend/.venv/lib/python3.13/site-packages/sqlalchemy/orm/session.py:4449: in _flush
    flush_context.execute()
../../tesis-fim-serio/backend/.venv/lib/python3.13/site-packages/sqlalchemy/orm/unitofwork.py:465: in execute
    rec.execute(self)
../../tesis-fim-serio/backend/.venv/lib/python3.13/site-packages/sqlalchemy/orm/unitofwork.py:641: in execute
    util.preloaded.orm_persistence.save_obj(
../../tesis-fim-serio/backend/.venv/lib/python3.13/site-packages/sqlalchemy/orm/persistence.py:94: in save_obj
    _emit_insert_statements(
../../tesis-fim-serio/backend/.venv/lib/python3.13/site-packages/sqlalchemy/orm/persistence.py:1234: in _emit_insert_statements
    result = connection.execute(
../../tesis-fim-serio/backend/.venv/lib/python3.13/site-packages/sqlalchemy/engine/base.py:1421: in execute
    return meth(
../../tesis-fim-serio/backend/.venv/lib/python3.13/site-packages/sqlalchemy/sql/elements.py:526: in _execute_on_connection
    return connection._execute_clauseelement(
../../tesis-fim-serio/backend/.venv/lib/python3.13/site-packages/sqlalchemy/engine/base.py:1643: in _execute_clauseelement
    ret = self._execute_context(
../../tesis-fim-serio/backend/.venv/lib/python3.13/site-packages/sqlalchemy/engine/base.py:1848: in _execute_context
    return self._exec_single_context(
../../tesis-fim-serio/backend/.venv/lib/python3.13/site-packages/sqlalchemy/engine/base.py:1988: in _exec_single_context
    self._handle_dbapi_exception(
../../tesis-fim-serio/backend/.venv/lib/python3.13/site-packages/sqlalchemy/engine/base.py:2365: in _handle_dbapi_exception
    raise sqlalchemy_exception.with_traceback(exc_info[2]) from e
../../tesis-fim-serio/backend/.venv/lib/python3.13/site-packages/sqlalchemy/engine/base.py:1969: in _exec_single_context
    self.dialect.do_execute(
../../tesis-fim-serio/backend/.venv/lib/python3.13/site-packages/sqlalchemy/engine/default.py:952: in do_execute
    cursor.execute(statement, parameters)
../../tesis-fim-serio/backend/.venv/lib/python3.13/site-packages/psycopg/cursor.py:97: in execute
    raise ex.with_traceback(None)
E   sqlalchemy.exc.IntegrityError: (psycopg.errors.UniqueViolation) duplicate key value violates unique constraint "ix_users_username"
E   DETAIL:  Key (username)=(admin) already exists.
E   [SQL: INSERT INTO users (username, email, password_hash, role, is_active, must_change_password, created_at) VALUES (%(username)s::VARCHAR, %(email)s::VARCHAR, %(password_hash)s::VARCHAR, %(role)s::VARCHAR, %(is_active)s, %(must_change_password)s, %(created_at)s::TIMESTAMP WITH TIME ZONE) RETURNING users.id]
E   [parameters: {'username': 'admin', 'email': 'admin@fim.local', 'password_hash': '$argon2id$v=19$m=65536,t=3,p=4$5elpuWVXxERAvYfLOVOXdw$Nrp2WYviTSefropcB1MxCslC56dGmBS12dxR778LUes', 'role': 'admin', 'is_active': True, 'must_change_password': True, 'created_at': datetime.datetime(2026, 9, 12, 20, 14, 28, 607763, tzinfo=datetime.timezone.utc)}]
E   (Background on this error at: https://sqlalche.me/e/20/gkpj)
_________________ ERROR at setup of test_reject_unknown_agent __________________
../../tesis-fim-serio/backend/.venv/lib/python3.13/site-packages/sqlalchemy/engine/base.py:1969: in _exec_single_context
    self.dialect.do_execute(
../../tesis-fim-serio/backend/.venv/lib/python3.13/site-packages/sqlalchemy/engine/default.py:952: in do_execute
    cursor.execute(statement, parameters)
../../tesis-fim-serio/backend/.venv/lib/python3.13/site-packages/psycopg/cursor.py:97: in execute
    raise ex.with_traceback(None)
E   psycopg.errors.UniqueViolation: duplicate key value violates unique constraint "ix_users_username"
E   DETAIL:  Key (username)=(admin) already exists.

The above exception was the direct cause of the following exception:
backend/tests/conftest.py:133: in _db_isolation
    _seed_admin_impl()
backend/tests/conftest.py:108: in _seed_admin_impl
    session.commit()
../../tesis-fim-serio/backend/.venv/lib/python3.13/site-packages/sqlalchemy/orm/session.py:2035: in commit
    trans.commit(_to_root=True)
../../tesis-fim-serio/backend/.venv/lib/python3.13/site-packages/sqlalchemy/orm/state_changes.py:137: in _go
    ret_value = fn(self, *arg, **kw)
../../tesis-fim-serio/backend/.venv/lib/python3.13/site-packages/sqlalchemy/orm/session.py:1316: in commit
    self._prepare_impl()
../../tesis-fim-serio/backend/.venv/lib/python3.13/site-packages/sqlalchemy/orm/state_changes.py:137: in _go
    ret_value = fn(self, *arg, **kw)
../../tesis-fim-serio/backend/.venv/lib/python3.13/site-packages/sqlalchemy/orm/session.py:1290: in _prepare_impl
    self.session.flush()
../../tesis-fim-serio/backend/.venv/lib/python3.13/site-packages/sqlalchemy/orm/session.py:4353: in flush
    self._flush(objects)
../../tesis-fim-serio/backend/.venv/lib/python3.13/site-packages/sqlalchemy/orm/session.py:4488: in _flush
    with util.safe_reraise():
../../tesis-fim-serio/backend/.venv/lib/python3.13/site-packages/sqlalchemy/util/langhelpers.py:122: in __exit__
    raise exc_value.with_traceback(exc_tb)
../../tesis-fim-serio/backend/.venv/lib/python3.13/site-packages/sqlalchemy/orm/session.py:4449: in _flush
    flush_context.execute()
../../tesis-fim-serio/backend/.venv/lib/python3.13/site-packages/sqlalchemy/orm/unitofwork.py:465: in execute
    rec.execute(self)
../../tesis-fim-serio/backend/.venv/lib/python3.13/site-packages/sqlalchemy/orm/unitofwork.py:641: in execute
    util.preloaded.orm_persistence.save_obj(
../../tesis-fim-serio/backend/.venv/lib/python3.13/site-packages/sqlalchemy/orm/persistence.py:94: in save_obj
    _emit_insert_statements(
../../tesis-fim-serio/backend/.venv/lib/python3.13/site-packages/sqlalchemy/orm/persistence.py:1234: in _emit_insert_statements
    result = connection.execute(
../../tesis-fim-serio/backend/.venv/lib/python3.13/site-packages/sqlalchemy/engine/base.py:1421: in execute
    return meth(
../../tesis-fim-serio/backend/.venv/lib/python3.13/site-packages/sqlalchemy/sql/elements.py:526: in _execute_on_connection
    return connection._execute_clauseelement(
../../tesis-fim-serio/backend/.venv/lib/python3.13/site-packages/sqlalchemy/engine/base.py:1643: in _execute_clauseelement
    ret = self._execute_context(
../../tesis-fim-serio/backend/.venv/lib/python3.13/site-packages/sqlalchemy/engine/base.py:1848: in _execute_context
    return self._exec_single_context(
../../tesis-fim-serio/backend/.venv/lib/python3.13/site-packages/sqlalchemy/engine/base.py:1988: in _exec_single_context
    self._handle_dbapi_exception(
../../tesis-fim-serio/backend/.venv/lib/python3.13/site-packages/sqlalchemy/engine/base.py:2365: in _handle_dbapi_exception
    raise sqlalchemy_exception.with_traceback(exc_info[2]) from e
../../tesis-fim-serio/backend/.venv/lib/python3.13/site-packages/sqlalchemy/engine/base.py:1969: in _exec_single_context
    self.dialect.do_execute(
../../tesis-fim-serio/backend/.venv/lib/python3.13/site-packages/sqlalchemy/engine/default.py:952: in do_execute
    cursor.execute(statement, parameters)
../../tesis-fim-serio/backend/.venv/lib/python3.13/site-packages/psycopg/cursor.py:97: in execute
    raise ex.with_traceback(None)
E   sqlalchemy.exc.IntegrityError: (psycopg.errors.UniqueViolation) duplicate key value violates unique constraint "ix_users_username"
E   DETAIL:  Key (username)=(admin) already exists.
E   [SQL: INSERT INTO users (username, email, password_hash, role, is_active, must_change_password, created_at) VALUES (%(username)s::VARCHAR, %(email)s::VARCHAR, %(password_hash)s::VARCHAR, %(role)s::VARCHAR, %(is_active)s, %(must_change_password)s, %(created_at)s::TIMESTAMP WITH TIME ZONE) RETURNING users.id]
E   [parameters: {'username': 'admin', 'email': 'admin@fim.local', 'password_hash': '$argon2id$v=19$m=65536,t=3,p=4$t4j1t3qVVXMelpyldBfrWA$tAYPC7zg8SUWzGbV7ISjQ5yNhkp7B5OYdEjN+bkxTE4', 'role': 'admin', 'is_active': True, 'must_change_password': True, 'created_at': datetime.datetime(2026, 9, 12, 20, 14, 32, 502374, tzinfo=datetime.timezone.utc)}]
E   (Background on this error at: https://sqlalche.me/e/20/gkpj)
____________ ERROR at setup of TestEventStatus.test_rejects_unknown ____________
../../tesis-fim-serio/backend/.venv/lib/python3.13/site-packages/sqlalchemy/engine/base.py:1969: in _exec_single_context
    self.dialect.do_execute(
../../tesis-fim-serio/backend/.venv/lib/python3.13/site-packages/sqlalchemy/engine/default.py:952: in do_execute
    cursor.execute(statement, parameters)
../../tesis-fim-serio/backend/.venv/lib/python3.13/site-packages/psycopg/cursor.py:97: in execute
    raise ex.with_traceback(None)
E   psycopg.errors.UniqueViolation: duplicate key value violates unique constraint "ix_users_username"
E   DETAIL:  Key (username)=(admin) already exists.

The above exception was the direct cause of the following exception:
backend/tests/conftest.py:133: in _db_isolation
    _seed_admin_impl()
backend/tests/conftest.py:108: in _seed_admin_impl
    session.commit()
../../tesis-fim-serio/backend/.venv/lib/python3.13/site-packages/sqlalchemy/orm/session.py:2035: in commit
    trans.commit(_to_root=True)
../../tesis-fim-serio/backend/.venv/lib/python3.13/site-packages/sqlalchemy/orm/state_changes.py:137: in _go
    ret_value = fn(self, *arg, **kw)
../../tesis-fim-serio/backend/.venv/lib/python3.13/site-packages/sqlalchemy/orm/session.py:1316: in commit
    self._prepare_impl()
../../tesis-fim-serio/backend/.venv/lib/python3.13/site-packages/sqlalchemy/orm/state_changes.py:137: in _go
    ret_value = fn(self, *arg, **kw)
../../tesis-fim-serio/backend/.venv/lib/python3.13/site-packages/sqlalchemy/orm/session.py:1290: in _prepare_impl
    self.session.flush()
../../tesis-fim-serio/backend/.venv/lib/python3.13/site-packages/sqlalchemy/orm/session.py:4353: in flush
    self._flush(objects)
../../tesis-fim-serio/backend/.venv/lib/python3.13/site-packages/sqlalchemy/orm/session.py:4488: in _flush
    with util.safe_reraise():
../../tesis-fim-serio/backend/.venv/lib/python3.13/site-packages/sqlalchemy/util/langhelpers.py:122: in __exit__
    raise exc_value.with_traceback(exc_tb)
../../tesis-fim-serio/backend/.venv/lib/python3.13/site-packages/sqlalchemy/orm/session.py:4449: in _flush
    flush_context.execute()
../../tesis-fim-serio/backend/.venv/lib/python3.13/site-packages/sqlalchemy/orm/unitofwork.py:465: in execute
    rec.execute(self)
../../tesis-fim-serio/backend/.venv/lib/python3.13/site-packages/sqlalchemy/orm/unitofwork.py:641: in execute
    util.preloaded.orm_persistence.save_obj(
../../tesis-fim-serio/backend/.venv/lib/python3.13/site-packages/sqlalchemy/orm/persistence.py:94: in save_obj
    _emit_insert_statements(
../../tesis-fim-serio/backend/.venv/lib/python3.13/site-packages/sqlalchemy/orm/persistence.py:1234: in _emit_insert_statements
    result = connection.execute(
../../tesis-fim-serio/backend/.venv/lib/python3.13/site-packages/sqlalchemy/engine/base.py:1421: in execute
    return meth(
../../tesis-fim-serio/backend/.venv/lib/python3.13/site-packages/sqlalchemy/sql/elements.py:526: in _execute_on_connection
    return connection._execute_clauseelement(
../../tesis-fim-serio/backend/.venv/lib/python3.13/site-packages/sqlalchemy/engine/base.py:1643: in _execute_clauseelement
    ret = self._execute_context(
../../tesis-fim-serio/backend/.venv/lib/python3.13/site-packages/sqlalchemy/engine/base.py:1848: in _execute_context
    return self._exec_single_context(
../../tesis-fim-serio/backend/.venv/lib/python3.13/site-packages/sqlalchemy/engine/base.py:1988: in _exec_single_context
    self._handle_dbapi_exception(
../../tesis-fim-serio/backend/.venv/lib/python3.13/site-packages/sqlalchemy/engine/base.py:2365: in _handle_dbapi_exception
    raise sqlalchemy_exception.with_traceback(exc_info[2]) from e
../../tesis-fim-serio/backend/.venv/lib/python3.13/site-packages/sqlalchemy/engine/base.py:1969: in _exec_single_context
    self.dialect.do_execute(
../../tesis-fim-serio/backend/.venv/lib/python3.13/site-packages/sqlalchemy/engine/default.py:952: in do_execute
    cursor.execute(statement, parameters)
../../tesis-fim-serio/backend/.venv/lib/python3.13/site-packages/psycopg/cursor.py:97: in execute
    raise ex.with_traceback(None)
E   sqlalchemy.exc.IntegrityError: (psycopg.errors.UniqueViolation) duplicate key value violates unique constraint "ix_users_username"
E   DETAIL:  Key (username)=(admin) already exists.
E   [SQL: INSERT INTO users (username, email, password_hash, role, is_active, must_change_password, created_at) VALUES (%(username)s::VARCHAR, %(email)s::VARCHAR, %(password_hash)s::VARCHAR, %(role)s::VARCHAR, %(is_active)s, %(must_change_password)s, %(created_at)s::TIMESTAMP WITH TIME ZONE) RETURNING users.id]
E   [parameters: {'username': 'admin', 'email': 'admin@fim.local', 'password_hash': '$argon2id$v=19$m=65536,t=3,p=4$7ULmDjgCxpwrKRqx5OdtFA$2eD3fliPWvUWFNuH/ma3A7eLCBfWr4r5uUfWDjYSPQ0', 'role': 'admin', 'is_active': True, 'must_change_password': True, 'created_at': datetime.datetime(2026, 9, 12, 20, 14, 33, 988082, tzinfo=datetime.timezone.utc)}]
E   (Background on this error at: https://sqlalche.me/e/20/gkpj)
____________ ERROR at setup of TestRuleAction.test_rejects_unknown _____________
../../tesis-fim-serio/backend/.venv/lib/python3.13/site-packages/sqlalchemy/engine/base.py:1969: in _exec_single_context
    self.dialect.do_execute(
../../tesis-fim-serio/backend/.venv/lib/python3.13/site-packages/sqlalchemy/engine/default.py:952: in do_execute
    cursor.execute(statement, parameters)
../../tesis-fim-serio/backend/.venv/lib/python3.13/site-packages/psycopg/cursor.py:97: in execute
    raise ex.with_traceback(None)
E   psycopg.errors.UniqueViolation: duplicate key value violates unique constraint "ix_users_username"
E   DETAIL:  Key (username)=(admin) already exists.

The above exception was the direct cause of the following exception:
backend/tests/conftest.py:133: in _db_isolation
    _seed_admin_impl()
backend/tests/conftest.py:108: in _seed_admin_impl
    session.commit()
../../tesis-fim-serio/backend/.venv/lib/python3.13/site-packages/sqlalchemy/orm/session.py:2035: in commit
    trans.commit(_to_root=True)
../../tesis-fim-serio/backend/.venv/lib/python3.13/site-packages/sqlalchemy/orm/state_changes.py:137: in _go
    ret_value = fn(self, *arg, **kw)
../../tesis-fim-serio/backend/.venv/lib/python3.13/site-packages/sqlalchemy/orm/session.py:1316: in commit
    self._prepare_impl()
../../tesis-fim-serio/backend/.venv/lib/python3.13/site-packages/sqlalchemy/orm/state_changes.py:137: in _go
    ret_value = fn(self, *arg, **kw)
../../tesis-fim-serio/backend/.venv/lib/python3.13/site-packages/sqlalchemy/orm/session.py:1290: in _prepare_impl
    self.session.flush()
../../tesis-fim-serio/backend/.venv/lib/python3.13/site-packages/sqlalchemy/orm/session.py:4353: in flush
    self._flush(objects)
../../tesis-fim-serio/backend/.venv/lib/python3.13/site-packages/sqlalchemy/orm/session.py:4488: in _flush
    with util.safe_reraise():
../../tesis-fim-serio/backend/.venv/lib/python3.13/site-packages/sqlalchemy/util/langhelpers.py:122: in __exit__
    raise exc_value.with_traceback(exc_tb)
../../tesis-fim-serio/backend/.venv/lib/python3.13/site-packages/sqlalchemy/orm/session.py:4449: in _flush
    flush_context.execute()
../../tesis-fim-serio/backend/.venv/lib/python3.13/site-packages/sqlalchemy/orm/unitofwork.py:465: in execute
    rec.execute(self)
../../tesis-fim-serio/backend/.venv/lib/python3.13/site-packages/sqlalchemy/orm/unitofwork.py:641: in execute
    util.preloaded.orm_persistence.save_obj(
../../tesis-fim-serio/backend/.venv/lib/python3.13/site-packages/sqlalchemy/orm/persistence.py:94: in save_obj
    _emit_insert_statements(
../../tesis-fim-serio/backend/.venv/lib/python3.13/site-packages/sqlalchemy/orm/persistence.py:1234: in _emit_insert_statements
    result = connection.execute(
../../tesis-fim-serio/backend/.venv/lib/python3.13/site-packages/sqlalchemy/engine/base.py:1421: in execute
    return meth(
../../tesis-fim-serio/backend/.venv/lib/python3.13/site-packages/sqlalchemy/sql/elements.py:526: in _execute_on_connection
    return connection._execute_clauseelement(
../../tesis-fim-serio/backend/.venv/lib/python3.13/site-packages/sqlalchemy/engine/base.py:1643: in _execute_clauseelement
    ret = self._execute_context(
../../tesis-fim-serio/backend/.venv/lib/python3.13/site-packages/sqlalchemy/engine/base.py:1848: in _execute_context
    return self._exec_single_context(
../../tesis-fim-serio/backend/.venv/lib/python3.13/site-packages/sqlalchemy/engine/base.py:1988: in _exec_single_context
    self._handle_dbapi_exception(
../../tesis-fim-serio/backend/.venv/lib/python3.13/site-packages/sqlalchemy/engine/base.py:2365: in _handle_dbapi_exception
    raise sqlalchemy_exception.with_traceback(exc_info[2]) from e
../../tesis-fim-serio/backend/.venv/lib/python3.13/site-packages/sqlalchemy/engine/base.py:1969: in _exec_single_context
    self.dialect.do_execute(
../../tesis-fim-serio/backend/.venv/lib/python3.13/site-packages/sqlalchemy/engine/default.py:952: in do_execute
    cursor.execute(statement, parameters)
../../tesis-fim-serio/backend/.venv/lib/python3.13/site-packages/psycopg/cursor.py:97: in execute
    raise ex.with_traceback(None)
E   sqlalchemy.exc.IntegrityError: (psycopg.errors.UniqueViolation) duplicate key value violates unique constraint "ix_users_username"
E   DETAIL:  Key (username)=(admin) already exists.
E   [SQL: INSERT INTO users (username, email, password_hash, role, is_active, must_change_password, created_at) VALUES (%(username)s::VARCHAR, %(email)s::VARCHAR, %(password_hash)s::VARCHAR, %(role)s::VARCHAR, %(is_active)s, %(must_change_password)s, %(created_at)s::TIMESTAMP WITH TIME ZONE) RETURNING users.id]
E   [parameters: {'username': 'admin', 'email': 'admin@fim.local', 'password_hash': '$argon2id$v=19$m=65536,t=3,p=4$jcRnz1NfJYaBT0D3GR32dA$6g3N6B9J1n5mbU/gSwHNTmnSRFqoLWv+1YgIA+5iQ2c', 'role': 'admin', 'is_active': True, 'must_change_password': True, 'created_at': datetime.datetime(2026, 9, 12, 20, 14, 34, 952765, tzinfo=datetime.timezone.utc)}]
E   (Background on this error at: https://sqlalche.me/e/20/gkpj)
_________ ERROR at setup of TestAgentStatus.test_all_canonical_values __________
../../tesis-fim-serio/backend/.venv/lib/python3.13/site-packages/sqlalchemy/engine/base.py:1969: in _exec_single_context
    self.dialect.do_execute(
../../tesis-fim-serio/backend/.venv/lib/python3.13/site-packages/sqlalchemy/engine/default.py:952: in do_execute
    cursor.execute(statement, parameters)
../../tesis-fim-serio/backend/.venv/lib/python3.13/site-packages/psycopg/cursor.py:97: in execute
    raise ex.with_traceback(None)
E   psycopg.errors.UniqueViolation: duplicate key value violates unique constraint "ix_users_username"
E   DETAIL:  Key (username)=(admin) already exists.

The above exception was the direct cause of the following exception:
backend/tests/conftest.py:133: in _db_isolation
    _seed_admin_impl()
backend/tests/conftest.py:108: in _seed_admin_impl
    session.commit()
../../tesis-fim-serio/backend/.venv/lib/python3.13/site-packages/sqlalchemy/orm/session.py:2035: in commit
    trans.commit(_to_root=True)
../../tesis-fim-serio/backend/.venv/lib/python3.13/site-packages/sqlalchemy/orm/state_changes.py:137: in _go
    ret_value = fn(self, *arg, **kw)
../../tesis-fim-serio/backend/.venv/lib/python3.13/site-packages/sqlalchemy/orm/session.py:1316: in commit
    self._prepare_impl()
../../tesis-fim-serio/backend/.venv/lib/python3.13/site-packages/sqlalchemy/orm/state_changes.py:137: in _go
    ret_value = fn(self, *arg, **kw)
../../tesis-fim-serio/backend/.venv/lib/python3.13/site-packages/sqlalchemy/orm/session.py:1290: in _prepare_impl
    self.session.flush()
../../tesis-fim-serio/backend/.venv/lib/python3.13/site-packages/sqlalchemy/orm/session.py:4353: in flush
    self._flush(objects)
../../tesis-fim-serio/backend/.venv/lib/python3.13/site-packages/sqlalchemy/orm/session.py:4488: in _flush
    with util.safe_reraise():
../../tesis-fim-serio/backend/.venv/lib/python3.13/site-packages/sqlalchemy/util/langhelpers.py:122: in __exit__
    raise exc_value.with_traceback(exc_tb)
../../tesis-fim-serio/backend/.venv/lib/python3.13/site-packages/sqlalchemy/orm/session.py:4449: in _flush
    flush_context.execute()
../../tesis-fim-serio/backend/.venv/lib/python3.13/site-packages/sqlalchemy/orm/unitofwork.py:465: in execute
    rec.execute(self)
../../tesis-fim-serio/backend/.venv/lib/python3.13/site-packages/sqlalchemy/orm/unitofwork.py:641: in execute
    util.preloaded.orm_persistence.save_obj(
../../tesis-fim-serio/backend/.venv/lib/python3.13/site-packages/sqlalchemy/orm/persistence.py:94: in save_obj
    _emit_insert_statements(
../../tesis-fim-serio/backend/.venv/lib/python3.13/site-packages/sqlalchemy/orm/persistence.py:1234: in _emit_insert_statements
    result = connection.execute(
../../tesis-fim-serio/backend/.venv/lib/python3.13/site-packages/sqlalchemy/engine/base.py:1421: in execute
    return meth(
../../tesis-fim-serio/backend/.venv/lib/python3.13/site-packages/sqlalchemy/sql/elements.py:526: in _execute_on_connection
    return connection._execute_clauseelement(
../../tesis-fim-serio/backend/.venv/lib/python3.13/site-packages/sqlalchemy/engine/base.py:1643: in _execute_clauseelement
    ret = self._execute_context(
../../tesis-fim-serio/backend/.venv/lib/python3.13/site-packages/sqlalchemy/engine/base.py:1848: in _execute_context
    return self._exec_single_context(
../../tesis-fim-serio/backend/.venv/lib/python3.13/site-packages/sqlalchemy/engine/base.py:1988: in _exec_single_context
    self._handle_dbapi_exception(
../../tesis-fim-serio/backend/.venv/lib/python3.13/site-packages/sqlalchemy/engine/base.py:2365: in _handle_dbapi_exception
    raise sqlalchemy_exception.with_traceback(exc_info[2]) from e
../../tesis-fim-serio/backend/.venv/lib/python3.13/site-packages/sqlalchemy/engine/base.py:1969: in _exec_single_context
    self.dialect.do_execute(
../../tesis-fim-serio/backend/.venv/lib/python3.13/site-packages/sqlalchemy/engine/default.py:952: in do_execute
    cursor.execute(statement, parameters)
../../tesis-fim-serio/backend/.venv/lib/python3.13/site-packages/psycopg/cursor.py:97: in execute
    raise ex.with_traceback(None)
E   sqlalchemy.exc.IntegrityError: (psycopg.errors.UniqueViolation) duplicate key value violates unique constraint "ix_users_username"
E   DETAIL:  Key (username)=(admin) already exists.
E   [SQL: INSERT INTO users (username, email, password_hash, role, is_active, must_change_password, created_at) VALUES (%(username)s::VARCHAR, %(email)s::VARCHAR, %(password_hash)s::VARCHAR, %(role)s::VARCHAR, %(is_active)s, %(must_change_password)s, %(created_at)s::TIMESTAMP WITH TIME ZONE) RETURNING users.id]
E   [parameters: {'username': 'admin', 'email': 'admin@fim.local', 'password_hash': '$argon2id$v=19$m=65536,t=3,p=4$Zwg9TUGPo72cNbk0HwIH0w$BOJTjymR3VEbqUOgaV0XB17PLhJBPDAC/HXUXFg/vr4', 'role': 'admin', 'is_active': True, 'must_change_password': True, 'created_at': datetime.datetime(2026, 9, 12, 20, 14, 35, 690359, tzinfo=datetime.timezone.utc)}]
E   (Background on this error at: https://sqlalche.me/e/20/gkpj)
_________ ERROR at setup of TestAlertChannel.test_all_canonical_values _________
../../tesis-fim-serio/backend/.venv/lib/python3.13/site-packages/sqlalchemy/engine/base.py:1969: in _exec_single_context
    self.dialect.do_execute(
../../tesis-fim-serio/backend/.venv/lib/python3.13/site-packages/sqlalchemy/engine/default.py:952: in do_execute
    cursor.execute(statement, parameters)
../../tesis-fim-serio/backend/.venv/lib/python3.13/site-packages/psycopg/cursor.py:97: in execute
    raise ex.with_traceback(None)
E   psycopg.errors.UniqueViolation: duplicate key value violates unique constraint "ix_users_username"
E   DETAIL:  Key (username)=(admin) already exists.

The above exception was the direct cause of the following exception:
backend/tests/conftest.py:133: in _db_isolation
    _seed_admin_impl()
backend/tests/conftest.py:108: in _seed_admin_impl
    session.commit()
../../tesis-fim-serio/backend/.venv/lib/python3.13/site-packages/sqlalchemy/orm/session.py:2035: in commit
    trans.commit(_to_root=True)
../../tesis-fim-serio/backend/.venv/lib/python3.13/site-packages/sqlalchemy/orm/state_changes.py:137: in _go
    ret_value = fn(self, *arg, **kw)
../../tesis-fim-serio/backend/.venv/lib/python3.13/site-packages/sqlalchemy/orm/session.py:1316: in commit
    self._prepare_impl()
../../tesis-fim-serio/backend/.venv/lib/python3.13/site-packages/sqlalchemy/orm/state_changes.py:137: in _go
    ret_value = fn(self, *arg, **kw)
../../tesis-fim-serio/backend/.venv/lib/python3.13/site-packages/sqlalchemy/orm/session.py:1290: in _prepare_impl
    self.session.flush()
../../tesis-fim-serio/backend/.venv/lib/python3.13/site-packages/sqlalchemy/orm/session.py:4353: in flush
    self._flush(objects)
../../tesis-fim-serio/backend/.venv/lib/python3.13/site-packages/sqlalchemy/orm/session.py:4488: in _flush
    with util.safe_reraise():
../../tesis-fim-serio/backend/.venv/lib/python3.13/site-packages/sqlalchemy/util/langhelpers.py:122: in __exit__
    raise exc_value.with_traceback(exc_tb)
../../tesis-fim-serio/backend/.venv/lib/python3.13/site-packages/sqlalchemy/orm/session.py:4449: in _flush
    flush_context.execute()
../../tesis-fim-serio/backend/.venv/lib/python3.13/site-packages/sqlalchemy/orm/unitofwork.py:465: in execute
    rec.execute(self)
../../tesis-fim-serio/backend/.venv/lib/python3.13/site-packages/sqlalchemy/orm/unitofwork.py:641: in execute
    util.preloaded.orm_persistence.save_obj(
../../tesis-fim-serio/backend/.venv/lib/python3.13/site-packages/sqlalchemy/orm/persistence.py:94: in save_obj
    _emit_insert_statements(
../../tesis-fim-serio/backend/.venv/lib/python3.13/site-packages/sqlalchemy/orm/persistence.py:1234: in _emit_insert_statements
    result = connection.execute(
../../tesis-fim-serio/backend/.venv/lib/python3.13/site-packages/sqlalchemy/engine/base.py:1421: in execute
    return meth(
../../tesis-fim-serio/backend/.venv/lib/python3.13/site-packages/sqlalchemy/sql/elements.py:526: in _execute_on_connection
    return connection._execute_clauseelement(
../../tesis-fim-serio/backend/.venv/lib/python3.13/site-packages/sqlalchemy/engine/base.py:1643: in _execute_clauseelement
    ret = self._execute_context(
../../tesis-fim-serio/backend/.venv/lib/python3.13/site-packages/sqlalchemy/engine/base.py:1848: in _execute_context
    return self._exec_single_context(
../../tesis-fim-serio/backend/.venv/lib/python3.13/site-packages/sqlalchemy/engine/base.py:1988: in _exec_single_context
    self._handle_dbapi_exception(
../../tesis-fim-serio/backend/.venv/lib/python3.13/site-packages/sqlalchemy/engine/base.py:2365: in _handle_dbapi_exception
    raise sqlalchemy_exception.with_traceback(exc_info[2]) from e
../../tesis-fim-serio/backend/.venv/lib/python3.13/site-packages/sqlalchemy/engine/base.py:1969: in _exec_single_context
    self.dialect.do_execute(
../../tesis-fim-serio/backend/.venv/lib/python3.13/site-packages/sqlalchemy/engine/default.py:952: in do_execute
    cursor.execute(statement, parameters)
../../tesis-fim-serio/backend/.venv/lib/python3.13/site-packages/psycopg/cursor.py:97: in execute
    raise ex.with_traceback(None)
E   sqlalchemy.exc.IntegrityError: (psycopg.errors.UniqueViolation) duplicate key value violates unique constraint "ix_users_username"
E   DETAIL:  Key (username)=(admin) already exists.
E   [SQL: INSERT INTO users (username, email, password_hash, role, is_active, must_change_password, created_at) VALUES (%(username)s::VARCHAR, %(email)s::VARCHAR, %(password_hash)s::VARCHAR, %(role)s::VARCHAR, %(is_active)s, %(must_change_password)s, %(created_at)s::TIMESTAMP WITH TIME ZONE) RETURNING users.id]
E   [parameters: {'username': 'admin', 'email': 'admin@fim.local', 'password_hash': '$argon2id$v=19$m=65536,t=3,p=4$8jPLrK6kh/fbncSKpwR9nw$hO8QoJVeolcmmk2G7oxUjk0P4mVAHqXKmHSeGDivMP8', 'role': 'admin', 'is_active': True, 'must_change_password': True, 'created_at': datetime.datetime(2026, 9, 12, 20, 14, 36, 916705, tzinfo=datetime.timezone.utc)}]
E   (Background on this error at: https://sqlalche.me/e/20/gkpj)
___________ ERROR at setup of TestAlertChannel.test_rejects_unknown ____________
../../tesis-fim-serio/backend/.venv/lib/python3.13/site-packages/sqlalchemy/engine/base.py:1969: in _exec_single_context
    self.dialect.do_execute(
../../tesis-fim-serio/backend/.venv/lib/python3.13/site-packages/sqlalchemy/engine/default.py:952: in do_execute
    cursor.execute(statement, parameters)
../../tesis-fim-serio/backend/.venv/lib/python3.13/site-packages/psycopg/cursor.py:97: in execute
    raise ex.with_traceback(None)
E   psycopg.errors.UniqueViolation: duplicate key value violates unique constraint "ix_users_username"
E   DETAIL:  Key (username)=(admin) already exists.

The above exception was the direct cause of the following exception:
backend/tests/conftest.py:133: in _db_isolation
    _seed_admin_impl()
backend/tests/conftest.py:108: in _seed_admin_impl
    session.commit()
../../tesis-fim-serio/backend/.venv/lib/python3.13/site-packages/sqlalchemy/orm/session.py:2035: in commit
    trans.commit(_to_root=True)
../../tesis-fim-serio/backend/.venv/lib/python3.13/site-packages/sqlalchemy/orm/state_changes.py:137: in _go
    ret_value = fn(self, *arg, **kw)
../../tesis-fim-serio/backend/.venv/lib/python3.13/site-packages/sqlalchemy/orm/session.py:1316: in commit
    self._prepare_impl()
../../tesis-fim-serio/backend/.venv/lib/python3.13/site-packages/sqlalchemy/orm/state_changes.py:137: in _go
    ret_value = fn(self, *arg, **kw)
../../tesis-fim-serio/backend/.venv/lib/python3.13/site-packages/sqlalchemy/orm/session.py:1290: in _prepare_impl
    self.session.flush()
../../tesis-fim-serio/backend/.venv/lib/python3.13/site-packages/sqlalchemy/orm/session.py:4353: in flush
    self._flush(objects)
../../tesis-fim-serio/backend/.venv/lib/python3.13/site-packages/sqlalchemy/orm/session.py:4488: in _flush
    with util.safe_reraise():
../../tesis-fim-serio/backend/.venv/lib/python3.13/site-packages/sqlalchemy/util/langhelpers.py:122: in __exit__
    raise exc_value.with_traceback(exc_tb)
../../tesis-fim-serio/backend/.venv/lib/python3.13/site-packages/sqlalchemy/orm/session.py:4449: in _flush
    flush_context.execute()
../../tesis-fim-serio/backend/.venv/lib/python3.13/site-packages/sqlalchemy/orm/unitofwork.py:465: in execute
    rec.execute(self)
../../tesis-fim-serio/backend/.venv/lib/python3.13/site-packages/sqlalchemy/orm/unitofwork.py:641: in execute
    util.preloaded.orm_persistence.save_obj(
../../tesis-fim-serio/backend/.venv/lib/python3.13/site-packages/sqlalchemy/orm/persistence.py:94: in save_obj
    _emit_insert_statements(
../../tesis-fim-serio/backend/.venv/lib/python3.13/site-packages/sqlalchemy/orm/persistence.py:1234: in _emit_insert_statements
    result = connection.execute(
../../tesis-fim-serio/backend/.venv/lib/python3.13/site-packages/sqlalchemy/engine/base.py:1421: in execute
    return meth(
../../tesis-fim-serio/backend/.venv/lib/python3.13/site-packages/sqlalchemy/sql/elements.py:526: in _execute_on_connection
    return connection._execute_clauseelement(
../../tesis-fim-serio/backend/.venv/lib/python3.13/site-packages/sqlalchemy/engine/base.py:1643: in _execute_clauseelement
    ret = self._execute_context(
../../tesis-fim-serio/backend/.venv/lib/python3.13/site-packages/sqlalchemy/engine/base.py:1848: in _execute_context
    return self._exec_single_context(
../../tesis-fim-serio/backend/.venv/lib/python3.13/site-packages/sqlalchemy/engine/base.py:1988: in _exec_single_context
    self._handle_dbapi_exception(
../../tesis-fim-serio/backend/.venv/lib/python3.13/site-packages/sqlalchemy/engine/base.py:2365: in _handle_dbapi_exception
    raise sqlalchemy_exception.with_traceback(exc_info[2]) from e
../../tesis-fim-serio/backend/.venv/lib/python3.13/site-packages/sqlalchemy/engine/base.py:1969: in _exec_single_context
    self.dialect.do_execute(
../../tesis-fim-serio/backend/.venv/lib/python3.13/site-packages/sqlalchemy/engine/default.py:952: in do_execute
    cursor.execute(statement, parameters)
../../tesis-fim-serio/backend/.venv/lib/python3.13/site-packages/psycopg/cursor.py:97: in execute
    raise ex.with_traceback(None)
E   sqlalchemy.exc.IntegrityError: (psycopg.errors.UniqueViolation) duplicate key value violates unique constraint "ix_users_username"
E   DETAIL:  Key (username)=(admin) already exists.
E   [SQL: INSERT INTO users (username, email, password_hash, role, is_active, must_change_password, created_at) VALUES (%(username)s::VARCHAR, %(email)s::VARCHAR, %(password_hash)s::VARCHAR, %(role)s::VARCHAR, %(is_active)s, %(must_change_password)s, %(created_at)s::TIMESTAMP WITH TIME ZONE) RETURNING users.id]
E   [parameters: {'username': 'admin', 'email': 'admin@fim.local', 'password_hash': '$argon2id$v=19$m=65536,t=3,p=4$0v675pevu4RMrdqTUOTujg$C3yBBBJQQu+CV3lNkMMNcB2lIkQMuexqc2FHU3tHUes', 'role': 'admin', 'is_active': True, 'must_change_password': True, 'created_at': datetime.datetime(2026, 9, 12, 20, 14, 37, 551634, tzinfo=datetime.timezone.utc)}]
E   (Background on this error at: https://sqlalche.me/e/20/gkpj)
_____ ERROR at setup of TestPublishedCommand.test_target_agent_id_nullable _____
../../tesis-fim-serio/backend/.venv/lib/python3.13/site-packages/sqlalchemy/engine/base.py:1969: in _exec_single_context
    self.dialect.do_execute(
../../tesis-fim-serio/backend/.venv/lib/python3.13/site-packages/sqlalchemy/engine/default.py:952: in do_execute
    cursor.execute(statement, parameters)
../../tesis-fim-serio/backend/.venv/lib/python3.13/site-packages/psycopg/cursor.py:97: in execute
    raise ex.with_traceback(None)
E   psycopg.errors.UniqueViolation: duplicate key value violates unique constraint "ix_users_username"
E   DETAIL:  Key (username)=(admin) already exists.

The above exception was the direct cause of the following exception:
backend/tests/conftest.py:133: in _db_isolation
    _seed_admin_impl()
backend/tests/conftest.py:108: in _seed_admin_impl
    session.commit()
../../tesis-fim-serio/backend/.venv/lib/python3.13/site-packages/sqlalchemy/orm/session.py:2035: in commit
    trans.commit(_to_root=True)
../../tesis-fim-serio/backend/.venv/lib/python3.13/site-packages/sqlalchemy/orm/state_changes.py:137: in _go
    ret_value = fn(self, *arg, **kw)
../../tesis-fim-serio/backend/.venv/lib/python3.13/site-packages/sqlalchemy/orm/session.py:1316: in commit
    self._prepare_impl()
../../tesis-fim-serio/backend/.venv/lib/python3.13/site-packages/sqlalchemy/orm/state_changes.py:137: in _go
    ret_value = fn(self, *arg, **kw)
../../tesis-fim-serio/backend/.venv/lib/python3.13/site-packages/sqlalchemy/orm/session.py:1290: in _prepare_impl
    self.session.flush()
../../tesis-fim-serio/backend/.venv/lib/python3.13/site-packages/sqlalchemy/orm/session.py:4353: in flush
    self._flush(objects)
../../tesis-fim-serio/backend/.venv/lib/python3.13/site-packages/sqlalchemy/orm/session.py:4488: in _flush
    with util.safe_reraise():
../../tesis-fim-serio/backend/.venv/lib/python3.13/site-packages/sqlalchemy/util/langhelpers.py:122: in __exit__
    raise exc_value.with_traceback(exc_tb)
../../tesis-fim-serio/backend/.venv/lib/python3.13/site-packages/sqlalchemy/orm/session.py:4449: in _flush
    flush_context.execute()
../../tesis-fim-serio/backend/.venv/lib/python3.13/site-packages/sqlalchemy/orm/unitofwork.py:465: in execute
    rec.execute(self)
../../tesis-fim-serio/backend/.venv/lib/python3.13/site-packages/sqlalchemy/orm/unitofwork.py:641: in execute
    util.preloaded.orm_persistence.save_obj(
../../tesis-fim-serio/backend/.venv/lib/python3.13/site-packages/sqlalchemy/orm/persistence.py:94: in save_obj
    _emit_insert_statements(
../../tesis-fim-serio/backend/.venv/lib/python3.13/site-packages/sqlalchemy/orm/persistence.py:1234: in _emit_insert_statements
    result = connection.execute(
../../tesis-fim-serio/backend/.venv/lib/python3.13/site-packages/sqlalchemy/engine/base.py:1421: in execute
    return meth(
../../tesis-fim-serio/backend/.venv/lib/python3.13/site-packages/sqlalchemy/sql/elements.py:526: in _execute_on_connection
    return connection._execute_clauseelement(
../../tesis-fim-serio/backend/.venv/lib/python3.13/site-packages/sqlalchemy/engine/base.py:1643: in _execute_clauseelement
    ret = self._execute_context(
../../tesis-fim-serio/backend/.venv/lib/python3.13/site-packages/sqlalchemy/engine/base.py:1848: in _execute_context
    return self._exec_single_context(
../../tesis-fim-serio/backend/.venv/lib/python3.13/site-packages/sqlalchemy/engine/base.py:1988: in _exec_single_context
    self._handle_dbapi_exception(
../../tesis-fim-serio/backend/.venv/lib/python3.13/site-packages/sqlalchemy/engine/base.py:2365: in _handle_dbapi_exception
    raise sqlalchemy_exception.with_traceback(exc_info[2]) from e
../../tesis-fim-serio/backend/.venv/lib/python3.13/site-packages/sqlalchemy/engine/base.py:1969: in _exec_single_context
    self.dialect.do_execute(
../../tesis-fim-serio/backend/.venv/lib/python3.13/site-packages/sqlalchemy/engine/default.py:952: in do_execute
    cursor.execute(statement, parameters)
../../tesis-fim-serio/backend/.venv/lib/python3.13/site-packages/psycopg/cursor.py:97: in execute
    raise ex.with_traceback(None)
E   sqlalchemy.exc.IntegrityError: (psycopg.errors.UniqueViolation) duplicate key value violates unique constraint "ix_users_username"
E   DETAIL:  Key (username)=(admin) already exists.
E   [SQL: INSERT INTO users (username, email, password_hash, role, is_active, must_change_password, created_at) VALUES (%(username)s::VARCHAR, %(email)s::VARCHAR, %(password_hash)s::VARCHAR, %(role)s::VARCHAR, %(is_active)s, %(must_change_password)s, %(created_at)s::TIMESTAMP WITH TIME ZONE) RETURNING users.id]
E   [parameters: {'username': 'admin', 'email': 'admin@fim.local', 'password_hash': '$argon2id$v=19$m=65536,t=3,p=4$y3cw9Co62inCYZyO+UIcqQ$3+bAE94jD3E53TjPw7HvKkaV+L8nJb9WxJ8VJXrmUqM', 'role': 'admin', 'is_active': True, 'must_change_password': True, 'created_at': datetime.datetime(2026, 9, 12, 20, 14, 38, 235320, tzinfo=datetime.timezone.utc)}]
E   (Background on this error at: https://sqlalche.me/e/20/gkpj)
_______ ERROR at setup of test_event_uses_most_recent_published_command ________
../../tesis-fim-serio/backend/.venv/lib/python3.13/site-packages/sqlalchemy/engine/base.py:1969: in _exec_single_context
    self.dialect.do_execute(
../../tesis-fim-serio/backend/.venv/lib/python3.13/site-packages/sqlalchemy/engine/default.py:952: in do_execute
    cursor.execute(statement, parameters)
../../tesis-fim-serio/backend/.venv/lib/python3.13/site-packages/psycopg/cursor.py:97: in execute
    raise ex.with_traceback(None)
E   psycopg.errors.UniqueViolation: duplicate key value violates unique constraint "ix_users_username"
E   DETAIL:  Key (username)=(admin) already exists.

The above exception was the direct cause of the following exception:
backend/tests/conftest.py:133: in _db_isolation
    _seed_admin_impl()
backend/tests/conftest.py:108: in _seed_admin_impl
    session.commit()
../../tesis-fim-serio/backend/.venv/lib/python3.13/site-packages/sqlalchemy/orm/session.py:2035: in commit
    trans.commit(_to_root=True)
../../tesis-fim-serio/backend/.venv/lib/python3.13/site-packages/sqlalchemy/orm/state_changes.py:137: in _go
    ret_value = fn(self, *arg, **kw)
../../tesis-fim-serio/backend/.venv/lib/python3.13/site-packages/sqlalchemy/orm/session.py:1316: in commit
    self._prepare_impl()
../../tesis-fim-serio/backend/.venv/lib/python3.13/site-packages/sqlalchemy/orm/state_changes.py:137: in _go
    ret_value = fn(self, *arg, **kw)
../../tesis-fim-serio/backend/.venv/lib/python3.13/site-packages/sqlalchemy/orm/session.py:1290: in _prepare_impl
    self.session.flush()
../../tesis-fim-serio/backend/.venv/lib/python3.13/site-packages/sqlalchemy/orm/session.py:4353: in flush
    self._flush(objects)
../../tesis-fim-serio/backend/.venv/lib/python3.13/site-packages/sqlalchemy/orm/session.py:4488: in _flush
    with util.safe_reraise():
../../tesis-fim-serio/backend/.venv/lib/python3.13/site-packages/sqlalchemy/util/langhelpers.py:122: in __exit__
    raise exc_value.with_traceback(exc_tb)
../../tesis-fim-serio/backend/.venv/lib/python3.13/site-packages/sqlalchemy/orm/session.py:4449: in _flush
    flush_context.execute()
../../tesis-fim-serio/backend/.venv/lib/python3.13/site-packages/sqlalchemy/orm/unitofwork.py:465: in execute
    rec.execute(self)
../../tesis-fim-serio/backend/.venv/lib/python3.13/site-packages/sqlalchemy/orm/unitofwork.py:641: in execute
    util.preloaded.orm_persistence.save_obj(
../../tesis-fim-serio/backend/.venv/lib/python3.13/site-packages/sqlalchemy/orm/persistence.py:94: in save_obj
    _emit_insert_statements(
../../tesis-fim-serio/backend/.venv/lib/python3.13/site-packages/sqlalchemy/orm/persistence.py:1234: in _emit_insert_statements
    result = connection.execute(
../../tesis-fim-serio/backend/.venv/lib/python3.13/site-packages/sqlalchemy/engine/base.py:1421: in execute
    return meth(
../../tesis-fim-serio/backend/.venv/lib/python3.13/site-packages/sqlalchemy/sql/elements.py:526: in _execute_on_connection
    return connection._execute_clauseelement(
../../tesis-fim-serio/backend/.venv/lib/python3.13/site-packages/sqlalchemy/engine/base.py:1643: in _execute_clauseelement
    ret = self._execute_context(
../../tesis-fim-serio/backend/.venv/lib/python3.13/site-packages/sqlalchemy/engine/base.py:1848: in _execute_context
    return self._exec_single_context(
../../tesis-fim-serio/backend/.venv/lib/python3.13/site-packages/sqlalchemy/engine/base.py:1988: in _exec_single_context
    self._handle_dbapi_exception(
../../tesis-fim-serio/backend/.venv/lib/python3.13/site-packages/sqlalchemy/engine/base.py:2365: in _handle_dbapi_exception
    raise sqlalchemy_exception.with_traceback(exc_info[2]) from e
../../tesis-fim-serio/backend/.venv/lib/python3.13/site-packages/sqlalchemy/engine/base.py:1969: in _exec_single_context
    self.dialect.do_execute(
../../tesis-fim-serio/backend/.venv/lib/python3.13/site-packages/sqlalchemy/engine/default.py:952: in do_execute
    cursor.execute(statement, parameters)
../../tesis-fim-serio/backend/.venv/lib/python3.13/site-packages/psycopg/cursor.py:97: in execute
    raise ex.with_traceback(None)
E   sqlalchemy.exc.IntegrityError: (psycopg.errors.UniqueViolation) duplicate key value violates unique constraint "ix_users_username"
E   DETAIL:  Key (username)=(admin) already exists.
E   [SQL: INSERT INTO users (username, email, password_hash, role, is_active, must_change_password, created_at) VALUES (%(username)s::VARCHAR, %(email)s::VARCHAR, %(password_hash)s::VARCHAR, %(role)s::VARCHAR, %(is_active)s, %(must_change_password)s, %(created_at)s::TIMESTAMP WITH TIME ZONE) RETURNING users.id]
E   [parameters: {'username': 'admin', 'email': 'admin@fim.local', 'password_hash': '$argon2id$v=19$m=65536,t=3,p=4$3QwqlLcJH39fHBCaq6sqIg$HOgfg1opYrZ+O4DBveZ85TfW+hKxgpHlj0dngdbAUFA', 'role': 'admin', 'is_active': True, 'must_change_password': True, 'created_at': datetime.datetime(2026, 9, 12, 20, 14, 40, 208378, tzinfo=datetime.timezone.utc)}]
E   (Background on this error at: https://sqlalche.me/e/20/gkpj)
__________ ERROR at setup of test_rate_limiter_sliding_window_expires __________
../../tesis-fim-serio/backend/.venv/lib/python3.13/site-packages/sqlalchemy/engine/base.py:1969: in _exec_single_context
    self.dialect.do_execute(
../../tesis-fim-serio/backend/.venv/lib/python3.13/site-packages/sqlalchemy/engine/default.py:952: in do_execute
    cursor.execute(statement, parameters)
../../tesis-fim-serio/backend/.venv/lib/python3.13/site-packages/psycopg/cursor.py:97: in execute
    raise ex.with_traceback(None)
E   psycopg.errors.UniqueViolation: duplicate key value violates unique constraint "ix_users_username"
E   DETAIL:  Key (username)=(admin) already exists.

The above exception was the direct cause of the following exception:
backend/tests/conftest.py:133: in _db_isolation
    _seed_admin_impl()
backend/tests/conftest.py:108: in _seed_admin_impl
    session.commit()
../../tesis-fim-serio/backend/.venv/lib/python3.13/site-packages/sqlalchemy/orm/session.py:2035: in commit
    trans.commit(_to_root=True)
../../tesis-fim-serio/backend/.venv/lib/python3.13/site-packages/sqlalchemy/orm/state_changes.py:137: in _go
    ret_value = fn(self, *arg, **kw)
../../tesis-fim-serio/backend/.venv/lib/python3.13/site-packages/sqlalchemy/orm/session.py:1316: in commit
    self._prepare_impl()
../../tesis-fim-serio/backend/.venv/lib/python3.13/site-packages/sqlalchemy/orm/state_changes.py:137: in _go
    ret_value = fn(self, *arg, **kw)
../../tesis-fim-serio/backend/.venv/lib/python3.13/site-packages/sqlalchemy/orm/session.py:1290: in _prepare_impl
    self.session.flush()
../../tesis-fim-serio/backend/.venv/lib/python3.13/site-packages/sqlalchemy/orm/session.py:4353: in flush
    self._flush(objects)
../../tesis-fim-serio/backend/.venv/lib/python3.13/site-packages/sqlalchemy/orm/session.py:4488: in _flush
    with util.safe_reraise():
../../tesis-fim-serio/backend/.venv/lib/python3.13/site-packages/sqlalchemy/util/langhelpers.py:122: in __exit__
    raise exc_value.with_traceback(exc_tb)
../../tesis-fim-serio/backend/.venv/lib/python3.13/site-packages/sqlalchemy/orm/session.py:4449: in _flush
    flush_context.execute()
../../tesis-fim-serio/backend/.venv/lib/python3.13/site-packages/sqlalchemy/orm/unitofwork.py:465: in execute
    rec.execute(self)
../../tesis-fim-serio/backend/.venv/lib/python3.13/site-packages/sqlalchemy/orm/unitofwork.py:641: in execute
    util.preloaded.orm_persistence.save_obj(
../../tesis-fim-serio/backend/.venv/lib/python3.13/site-packages/sqlalchemy/orm/persistence.py:94: in save_obj
    _emit_insert_statements(
../../tesis-fim-serio/backend/.venv/lib/python3.13/site-packages/sqlalchemy/orm/persistence.py:1234: in _emit_insert_statements
    result = connection.execute(
../../tesis-fim-serio/backend/.venv/lib/python3.13/site-packages/sqlalchemy/engine/base.py:1421: in execute
    return meth(
../../tesis-fim-serio/backend/.venv/lib/python3.13/site-packages/sqlalchemy/sql/elements.py:526: in _execute_on_connection
    return connection._execute_clauseelement(
../../tesis-fim-serio/backend/.venv/lib/python3.13/site-packages/sqlalchemy/engine/base.py:1643: in _execute_clauseelement
    ret = self._execute_context(
../../tesis-fim-serio/backend/.venv/lib/python3.13/site-packages/sqlalchemy/engine/base.py:1848: in _execute_context
    return self._exec_single_context(
../../tesis-fim-serio/backend/.venv/lib/python3.13/site-packages/sqlalchemy/engine/base.py:1988: in _exec_single_context
    self._handle_dbapi_exception(
../../tesis-fim-serio/backend/.venv/lib/python3.13/site-packages/sqlalchemy/engine/base.py:2365: in _handle_dbapi_exception
    raise sqlalchemy_exception.with_traceback(exc_info[2]) from e
../../tesis-fim-serio/backend/.venv/lib/python3.13/site-packages/sqlalchemy/engine/base.py:1969: in _exec_single_context
    self.dialect.do_execute(
../../tesis-fim-serio/backend/.venv/lib/python3.13/site-packages/sqlalchemy/engine/default.py:952: in do_execute
    cursor.execute(statement, parameters)
../../tesis-fim-serio/backend/.venv/lib/python3.13/site-packages/psycopg/cursor.py:97: in execute
    raise ex.with_traceback(None)
E   sqlalchemy.exc.IntegrityError: (psycopg.errors.UniqueViolation) duplicate key value violates unique constraint "ix_users_username"
E   DETAIL:  Key (username)=(admin) already exists.
E   [SQL: INSERT INTO users (username, email, password_hash, role, is_active, must_change_password, created_at) VALUES (%(username)s::VARCHAR, %(email)s::VARCHAR, %(password_hash)s::VARCHAR, %(role)s::VARCHAR, %(is_active)s, %(must_change_password)s, %(created_at)s::TIMESTAMP WITH TIME ZONE) RETURNING users.id]
E   [parameters: {'username': 'admin', 'email': 'admin@fim.local', 'password_hash': '$argon2id$v=19$m=65536,t=3,p=4$jR4ZMklkwUJlM8mcDhMDNQ$/Sbr99kNgYJMC3di0Tn6MbsSUmmt/ITY4/u9dnTX/2k', 'role': 'admin', 'is_active': True, 'must_change_password': True, 'created_at': datetime.datetime(2026, 9, 12, 20, 14, 42, 477534, tzinfo=datetime.timezone.utc)}]
E   (Background on this error at: https://sqlalche.me/e/20/gkpj)
__________ ERROR at setup of test_get_event_by_id_requires_admin_role __________
backend/tests/test_event_listing_contract.py:62: in agent
    session.refresh(a)
../../tesis-fim-serio/backend/.venv/lib/python3.13/site-packages/sqlalchemy/orm/session.py:3192: in refresh
    raise sa_exc.InvalidRequestError(
E   sqlalchemy.exc.InvalidRequestError: Could not refresh instance '<Agent at 0x7ece6a45fa70>'
__________ ERROR at setup of test_validate_valid_pending_to_approved ___________
../../tesis-fim-serio/backend/.venv/lib/python3.13/site-packages/sqlalchemy/engine/base.py:1969: in _exec_single_context
    self.dialect.do_execute(
../../tesis-fim-serio/backend/.venv/lib/python3.13/site-packages/sqlalchemy/engine/default.py:952: in do_execute
    cursor.execute(statement, parameters)
../../tesis-fim-serio/backend/.venv/lib/python3.13/site-packages/psycopg/cursor.py:97: in execute
    raise ex.with_traceback(None)
E   psycopg.errors.UniqueViolation: duplicate key value violates unique constraint "ix_users_username"
E   DETAIL:  Key (username)=(admin) already exists.

The above exception was the direct cause of the following exception:
backend/tests/conftest.py:133: in _db_isolation
    _seed_admin_impl()
backend/tests/conftest.py:108: in _seed_admin_impl
    session.commit()
../../tesis-fim-serio/backend/.venv/lib/python3.13/site-packages/sqlalchemy/orm/session.py:2035: in commit
    trans.commit(_to_root=True)
../../tesis-fim-serio/backend/.venv/lib/python3.13/site-packages/sqlalchemy/orm/state_changes.py:137: in _go
    ret_value = fn(self, *arg, **kw)
../../tesis-fim-serio/backend/.venv/lib/python3.13/site-packages/sqlalchemy/orm/session.py:1316: in commit
    self._prepare_impl()
../../tesis-fim-serio/backend/.venv/lib/python3.13/site-packages/sqlalchemy/orm/state_changes.py:137: in _go
    ret_value = fn(self, *arg, **kw)
../../tesis-fim-serio/backend/.venv/lib/python3.13/site-packages/sqlalchemy/orm/session.py:1290: in _prepare_impl
    self.session.flush()
../../tesis-fim-serio/backend/.venv/lib/python3.13/site-packages/sqlalchemy/orm/session.py:4353: in flush
    self._flush(objects)
../../tesis-fim-serio/backend/.venv/lib/python3.13/site-packages/sqlalchemy/orm/session.py:4488: in _flush
    with util.safe_reraise():
../../tesis-fim-serio/backend/.venv/lib/python3.13/site-packages/sqlalchemy/util/langhelpers.py:122: in __exit__
    raise exc_value.with_traceback(exc_tb)
../../tesis-fim-serio/backend/.venv/lib/python3.13/site-packages/sqlalchemy/orm/session.py:4449: in _flush
    flush_context.execute()
../../tesis-fim-serio/backend/.venv/lib/python3.13/site-packages/sqlalchemy/orm/unitofwork.py:465: in execute
    rec.execute(self)
../../tesis-fim-serio/backend/.venv/lib/python3.13/site-packages/sqlalchemy/orm/unitofwork.py:641: in execute
    util.preloaded.orm_persistence.save_obj(
../../tesis-fim-serio/backend/.venv/lib/python3.13/site-packages/sqlalchemy/orm/persistence.py:94: in save_obj
    _emit_insert_statements(
../../tesis-fim-serio/backend/.venv/lib/python3.13/site-packages/sqlalchemy/orm/persistence.py:1234: in _emit_insert_statements
    result = connection.execute(
../../tesis-fim-serio/backend/.venv/lib/python3.13/site-packages/sqlalchemy/engine/base.py:1421: in execute
    return meth(
../../tesis-fim-serio/backend/.venv/lib/python3.13/site-packages/sqlalchemy/sql/elements.py:526: in _execute_on_connection
    return connection._execute_clauseelement(
../../tesis-fim-serio/backend/.venv/lib/python3.13/site-packages/sqlalchemy/engine/base.py:1643: in _execute_clauseelement
    ret = self._execute_context(
../../tesis-fim-serio/backend/.venv/lib/python3.13/site-packages/sqlalchemy/engine/base.py:1848: in _execute_context
    return self._exec_single_context(
../../tesis-fim-serio/backend/.venv/lib/python3.13/site-packages/sqlalchemy/engine/base.py:1988: in _exec_single_context
    self._handle_dbapi_exception(
../../tesis-fim-serio/backend/.venv/lib/python3.13/site-packages/sqlalchemy/engine/base.py:2365: in _handle_dbapi_exception
    raise sqlalchemy_exception.with_traceback(exc_info[2]) from e
../../tesis-fim-serio/backend/.venv/lib/python3.13/site-packages/sqlalchemy/engine/base.py:1969: in _exec_single_context
    self.dialect.do_execute(
../../tesis-fim-serio/backend/.venv/lib/python3.13/site-packages/sqlalchemy/engine/default.py:952: in do_execute
    cursor.execute(statement, parameters)
../../tesis-fim-serio/backend/.venv/lib/python3.13/site-packages/psycopg/cursor.py:97: in execute
    raise ex.with_traceback(None)
E   sqlalchemy.exc.IntegrityError: (psycopg.errors.UniqueViolation) duplicate key value violates unique constraint "ix_users_username"
E   DETAIL:  Key (username)=(admin) already exists.
E   [SQL: INSERT INTO users (username, email, password_hash, role, is_active, must_change_password, created_at) VALUES (%(username)s::VARCHAR, %(email)s::VARCHAR, %(password_hash)s::VARCHAR, %(role)s::VARCHAR, %(is_active)s, %(must_change_password)s, %(created_at)s::TIMESTAMP WITH TIME ZONE) RETURNING users.id]
E   [parameters: {'username': 'admin', 'email': 'admin@fim.local', 'password_hash': '$argon2id$v=19$m=65536,t=3,p=4$oMwb4i+yCiTScEWbRH1MJw$zfHm26BZyEBTAAQ/Fd0Hn3VLnLP5atdgxEPh4ttOF0o', 'role': 'admin', 'is_active': True, 'must_change_password': True, 'created_at': datetime.datetime(2026, 9, 12, 20, 14, 47, 677238, tzinfo=datetime.timezone.utc)}]
E   (Background on this error at: https://sqlalche.me/e/20/gkpj)
_______ ERROR at setup of test_validate_all_terminals_have_no_out_edges ________
../../tesis-fim-serio/backend/.venv/lib/python3.13/site-packages/sqlalchemy/engine/base.py:1969: in _exec_single_context
    self.dialect.do_execute(
../../tesis-fim-serio/backend/.venv/lib/python3.13/site-packages/sqlalchemy/engine/default.py:952: in do_execute
    cursor.execute(statement, parameters)
../../tesis-fim-serio/backend/.venv/lib/python3.13/site-packages/psycopg/cursor.py:97: in execute
    raise ex.with_traceback(None)
E   psycopg.errors.UniqueViolation: duplicate key value violates unique constraint "ix_users_username"
E   DETAIL:  Key (username)=(admin) already exists.

The above exception was the direct cause of the following exception:
backend/tests/conftest.py:133: in _db_isolation
    _seed_admin_impl()
backend/tests/conftest.py:108: in _seed_admin_impl
    session.commit()
../../tesis-fim-serio/backend/.venv/lib/python3.13/site-packages/sqlalchemy/orm/session.py:2035: in commit
    trans.commit(_to_root=True)
../../tesis-fim-serio/backend/.venv/lib/python3.13/site-packages/sqlalchemy/orm/state_changes.py:137: in _go
    ret_value = fn(self, *arg, **kw)
../../tesis-fim-serio/backend/.venv/lib/python3.13/site-packages/sqlalchemy/orm/session.py:1316: in commit
    self._prepare_impl()
../../tesis-fim-serio/backend/.venv/lib/python3.13/site-packages/sqlalchemy/orm/state_changes.py:137: in _go
    ret_value = fn(self, *arg, **kw)
../../tesis-fim-serio/backend/.venv/lib/python3.13/site-packages/sqlalchemy/orm/session.py:1290: in _prepare_impl
    self.session.flush()
../../tesis-fim-serio/backend/.venv/lib/python3.13/site-packages/sqlalchemy/orm/session.py:4353: in flush
    self._flush(objects)
../../tesis-fim-serio/backend/.venv/lib/python3.13/site-packages/sqlalchemy/orm/session.py:4488: in _flush
    with util.safe_reraise():
../../tesis-fim-serio/backend/.venv/lib/python3.13/site-packages/sqlalchemy/util/langhelpers.py:122: in __exit__
    raise exc_value.with_traceback(exc_tb)
../../tesis-fim-serio/backend/.venv/lib/python3.13/site-packages/sqlalchemy/orm/session.py:4449: in _flush
    flush_context.execute()
../../tesis-fim-serio/backend/.venv/lib/python3.13/site-packages/sqlalchemy/orm/unitofwork.py:465: in execute
    rec.execute(self)
../../tesis-fim-serio/backend/.venv/lib/python3.13/site-packages/sqlalchemy/orm/unitofwork.py:641: in execute
    util.preloaded.orm_persistence.save_obj(
../../tesis-fim-serio/backend/.venv/lib/python3.13/site-packages/sqlalchemy/orm/persistence.py:94: in save_obj
    _emit_insert_statements(
../../tesis-fim-serio/backend/.venv/lib/python3.13/site-packages/sqlalchemy/orm/persistence.py:1234: in _emit_insert_statements
    result = connection.execute(
../../tesis-fim-serio/backend/.venv/lib/python3.13/site-packages/sqlalchemy/engine/base.py:1421: in execute
    return meth(
../../tesis-fim-serio/backend/.venv/lib/python3.13/site-packages/sqlalchemy/sql/elements.py:526: in _execute_on_connection
    return connection._execute_clauseelement(
../../tesis-fim-serio/backend/.venv/lib/python3.13/site-packages/sqlalchemy/engine/base.py:1643: in _execute_clauseelement
    ret = self._execute_context(
../../tesis-fim-serio/backend/.venv/lib/python3.13/site-packages/sqlalchemy/engine/base.py:1848: in _execute_context
    return self._exec_single_context(
../../tesis-fim-serio/backend/.venv/lib/python3.13/site-packages/sqlalchemy/engine/base.py:1988: in _exec_single_context
    self._handle_dbapi_exception(
../../tesis-fim-serio/backend/.venv/lib/python3.13/site-packages/sqlalchemy/engine/base.py:2365: in _handle_dbapi_exception
    raise sqlalchemy_exception.with_traceback(exc_info[2]) from e
../../tesis-fim-serio/backend/.venv/lib/python3.13/site-packages/sqlalchemy/engine/base.py:1969: in _exec_single_context
    self.dialect.do_execute(
../../tesis-fim-serio/backend/.venv/lib/python3.13/site-packages/sqlalchemy/engine/default.py:952: in do_execute
    cursor.execute(statement, parameters)
../../tesis-fim-serio/backend/.venv/lib/python3.13/site-packages/psycopg/cursor.py:97: in execute
    raise ex.with_traceback(None)
E   sqlalchemy.exc.IntegrityError: (psycopg.errors.UniqueViolation) duplicate key value violates unique constraint "ix_users_username"
E   DETAIL:  Key (username)=(admin) already exists.
E   [SQL: INSERT INTO users (username, email, password_hash, role, is_active, must_change_password, created_at) VALUES (%(username)s::VARCHAR, %(email)s::VARCHAR, %(password_hash)s::VARCHAR, %(role)s::VARCHAR, %(is_active)s, %(must_change_password)s, %(created_at)s::TIMESTAMP WITH TIME ZONE) RETURNING users.id]
E   [parameters: {'username': 'admin', 'email': 'admin@fim.local', 'password_hash': '$argon2id$v=19$m=65536,t=3,p=4$jRKmTfTzkid6EVDPRarWyA$dM7GICrnkt9JIu8kO0b5dmEx5MbqILDc6b0M09Qwbgg', 'role': 'admin', 'is_active': True, 'must_change_password': True, 'created_at': datetime.datetime(2026, 9, 12, 20, 14, 48, 641901, tzinfo=datetime.timezone.utc)}]
E   (Background on this error at: https://sqlalche.me/e/20/gkpj)
__ ERROR at setup of test_ingest_pathless_event_skips_severity_ruleset_lookup __
../../tesis-fim-serio/backend/.venv/lib/python3.13/site-packages/sqlalchemy/engine/base.py:1969: in _exec_single_context
    self.dialect.do_execute(
../../tesis-fim-serio/backend/.venv/lib/python3.13/site-packages/sqlalchemy/engine/default.py:952: in do_execute
    cursor.execute(statement, parameters)
../../tesis-fim-serio/backend/.venv/lib/python3.13/site-packages/psycopg/cursor.py:97: in execute
    raise ex.with_traceback(None)
E   psycopg.errors.UniqueViolation: duplicate key value violates unique constraint "ix_users_username"
E   DETAIL:  Key (username)=(admin) already exists.

The above exception was the direct cause of the following exception:
backend/tests/conftest.py:133: in _db_isolation
    _seed_admin_impl()
backend/tests/conftest.py:108: in _seed_admin_impl
    session.commit()
../../tesis-fim-serio/backend/.venv/lib/python3.13/site-packages/sqlalchemy/orm/session.py:2035: in commit
    trans.commit(_to_root=True)
../../tesis-fim-serio/backend/.venv/lib/python3.13/site-packages/sqlalchemy/orm/state_changes.py:137: in _go
    ret_value = fn(self, *arg, **kw)
../../tesis-fim-serio/backend/.venv/lib/python3.13/site-packages/sqlalchemy/orm/session.py:1316: in commit
    self._prepare_impl()
../../tesis-fim-serio/backend/.venv/lib/python3.13/site-packages/sqlalchemy/orm/state_changes.py:137: in _go
    ret_value = fn(self, *arg, **kw)
../../tesis-fim-serio/backend/.venv/lib/python3.13/site-packages/sqlalchemy/orm/session.py:1290: in _prepare_impl
    self.session.flush()
../../tesis-fim-serio/backend/.venv/lib/python3.13/site-packages/sqlalchemy/orm/session.py:4353: in flush
    self._flush(objects)
../../tesis-fim-serio/backend/.venv/lib/python3.13/site-packages/sqlalchemy/orm/session.py:4488: in _flush
    with util.safe_reraise():
../../tesis-fim-serio/backend/.venv/lib/python3.13/site-packages/sqlalchemy/util/langhelpers.py:122: in __exit__
    raise exc_value.with_traceback(exc_tb)
../../tesis-fim-serio/backend/.venv/lib/python3.13/site-packages/sqlalchemy/orm/session.py:4449: in _flush
    flush_context.execute()
../../tesis-fim-serio/backend/.venv/lib/python3.13/site-packages/sqlalchemy/orm/unitofwork.py:465: in execute
    rec.execute(self)
../../tesis-fim-serio/backend/.venv/lib/python3.13/site-packages/sqlalchemy/orm/unitofwork.py:641: in execute
    util.preloaded.orm_persistence.save_obj(
../../tesis-fim-serio/backend/.venv/lib/python3.13/site-packages/sqlalchemy/orm/persistence.py:94: in save_obj
    _emit_insert_statements(
../../tesis-fim-serio/backend/.venv/lib/python3.13/site-packages/sqlalchemy/orm/persistence.py:1234: in _emit_insert_statements
    result = connection.execute(
../../tesis-fim-serio/backend/.venv/lib/python3.13/site-packages/sqlalchemy/engine/base.py:1421: in execute
    return meth(
../../tesis-fim-serio/backend/.venv/lib/python3.13/site-packages/sqlalchemy/sql/elements.py:526: in _execute_on_connection
    return connection._execute_clauseelement(
../../tesis-fim-serio/backend/.venv/lib/python3.13/site-packages/sqlalchemy/engine/base.py:1643: in _execute_clauseelement
    ret = self._execute_context(
../../tesis-fim-serio/backend/.venv/lib/python3.13/site-packages/sqlalchemy/engine/base.py:1848: in _execute_context
    return self._exec_single_context(
../../tesis-fim-serio/backend/.venv/lib/python3.13/site-packages/sqlalchemy/engine/base.py:1988: in _exec_single_context
    self._handle_dbapi_exception(
../../tesis-fim-serio/backend/.venv/lib/python3.13/site-packages/sqlalchemy/engine/base.py:2365: in _handle_dbapi_exception
    raise sqlalchemy_exception.with_traceback(exc_info[2]) from e
../../tesis-fim-serio/backend/.venv/lib/python3.13/site-packages/sqlalchemy/engine/base.py:1969: in _exec_single_context
    self.dialect.do_execute(
../../tesis-fim-serio/backend/.venv/lib/python3.13/site-packages/sqlalchemy/engine/default.py:952: in do_execute
    cursor.execute(statement, parameters)
../../tesis-fim-serio/backend/.venv/lib/python3.13/site-packages/psycopg/cursor.py:97: in execute
    raise ex.with_traceback(None)
E   sqlalchemy.exc.IntegrityError: (psycopg.errors.UniqueViolation) duplicate key value violates unique constraint "ix_users_username"
E   DETAIL:  Key (username)=(admin) already exists.
E   [SQL: INSERT INTO users (username, email, password_hash, role, is_active, must_change_password, created_at) VALUES (%(username)s::VARCHAR, %(email)s::VARCHAR, %(password_hash)s::VARCHAR, %(role)s::VARCHAR, %(is_active)s, %(must_change_password)s, %(created_at)s::TIMESTAMP WITH TIME ZONE) RETURNING users.id]
E   [parameters: {'username': 'admin', 'email': 'admin@fim.local', 'password_hash': '$argon2id$v=19$m=65536,t=3,p=4$4XX7ZAk8YUiPsA/81rdrvQ$Gl0g8qZAxIWvxLrUWbtx33QF+Uh8QXDg8wpNAEznjeE', 'role': 'admin', 'is_active': True, 'must_change_password': True, 'created_at': datetime.datetime(2026, 9, 12, 20, 14, 52, 89973, tzinfo=datetime.timezone.utc)}]
E   (Background on this error at: https://sqlalche.me/e/20/gkpj)
_ ERROR at setup of test_ingest_pathless_alert_only_event_resolves_without_operator _
../../tesis-fim-serio/backend/.venv/lib/python3.13/site-packages/sqlalchemy/engine/base.py:1969: in _exec_single_context
    self.dialect.do_execute(
../../tesis-fim-serio/backend/.venv/lib/python3.13/site-packages/sqlalchemy/engine/default.py:952: in do_execute
    cursor.execute(statement, parameters)
../../tesis-fim-serio/backend/.venv/lib/python3.13/site-packages/psycopg/cursor.py:97: in execute
    raise ex.with_traceback(None)
E   psycopg.errors.UniqueViolation: duplicate key value violates unique constraint "ix_users_username"
E   DETAIL:  Key (username)=(admin) already exists.

The above exception was the direct cause of the following exception:
backend/tests/conftest.py:133: in _db_isolation
    _seed_admin_impl()
backend/tests/conftest.py:108: in _seed_admin_impl
    session.commit()
../../tesis-fim-serio/backend/.venv/lib/python3.13/site-packages/sqlalchemy/orm/session.py:2035: in commit
    trans.commit(_to_root=True)
../../tesis-fim-serio/backend/.venv/lib/python3.13/site-packages/sqlalchemy/orm/state_changes.py:137: in _go
    ret_value = fn(self, *arg, **kw)
../../tesis-fim-serio/backend/.venv/lib/python3.13/site-packages/sqlalchemy/orm/session.py:1316: in commit
    self._prepare_impl()
../../tesis-fim-serio/backend/.venv/lib/python3.13/site-packages/sqlalchemy/orm/state_changes.py:137: in _go
    ret_value = fn(self, *arg, **kw)
../../tesis-fim-serio/backend/.venv/lib/python3.13/site-packages/sqlalchemy/orm/session.py:1290: in _prepare_impl
    self.session.flush()
../../tesis-fim-serio/backend/.venv/lib/python3.13/site-packages/sqlalchemy/orm/session.py:4353: in flush
    self._flush(objects)
../../tesis-fim-serio/backend/.venv/lib/python3.13/site-packages/sqlalchemy/orm/session.py:4488: in _flush
    with util.safe_reraise():
../../tesis-fim-serio/backend/.venv/lib/python3.13/site-packages/sqlalchemy/util/langhelpers.py:122: in __exit__
    raise exc_value.with_traceback(exc_tb)
../../tesis-fim-serio/backend/.venv/lib/python3.13/site-packages/sqlalchemy/orm/session.py:4449: in _flush
    flush_context.execute()
../../tesis-fim-serio/backend/.venv/lib/python3.13/site-packages/sqlalchemy/orm/unitofwork.py:465: in execute
    rec.execute(self)
../../tesis-fim-serio/backend/.venv/lib/python3.13/site-packages/sqlalchemy/orm/unitofwork.py:641: in execute
    util.preloaded.orm_persistence.save_obj(
../../tesis-fim-serio/backend/.venv/lib/python3.13/site-packages/sqlalchemy/orm/persistence.py:94: in save_obj
    _emit_insert_statements(
../../tesis-fim-serio/backend/.venv/lib/python3.13/site-packages/sqlalchemy/orm/persistence.py:1234: in _emit_insert_statements
    result = connection.execute(
../../tesis-fim-serio/backend/.venv/lib/python3.13/site-packages/sqlalchemy/engine/base.py:1421: in execute
    return meth(
../../tesis-fim-serio/backend/.venv/lib/python3.13/site-packages/sqlalchemy/sql/elements.py:526: in _execute_on_connection
    return connection._execute_clauseelement(
../../tesis-fim-serio/backend/.venv/lib/python3.13/site-packages/sqlalchemy/engine/base.py:1643: in _execute_clauseelement
    ret = self._execute_context(
../../tesis-fim-serio/backend/.venv/lib/python3.13/site-packages/sqlalchemy/engine/base.py:1848: in _execute_context
    return self._exec_single_context(
../../tesis-fim-serio/backend/.venv/lib/python3.13/site-packages/sqlalchemy/engine/base.py:1988: in _exec_single_context
    self._handle_dbapi_exception(
../../tesis-fim-serio/backend/.venv/lib/python3.13/site-packages/sqlalchemy/engine/base.py:2365: in _handle_dbapi_exception
    raise sqlalchemy_exception.with_traceback(exc_info[2]) from e
../../tesis-fim-serio/backend/.venv/lib/python3.13/site-packages/sqlalchemy/engine/base.py:1969: in _exec_single_context
    self.dialect.do_execute(
../../tesis-fim-serio/backend/.venv/lib/python3.13/site-packages/sqlalchemy/engine/default.py:952: in do_execute
    cursor.execute(statement, parameters)
../../tesis-fim-serio/backend/.venv/lib/python3.13/site-packages/psycopg/cursor.py:97: in execute
    raise ex.with_traceback(None)
E   sqlalchemy.exc.IntegrityError: (psycopg.errors.UniqueViolation) duplicate key value violates unique constraint "ix_users_username"
E   DETAIL:  Key (username)=(admin) already exists.
E   [SQL: INSERT INTO users (username, email, password_hash, role, is_active, must_change_password, created_at) VALUES (%(username)s::VARCHAR, %(email)s::VARCHAR, %(password_hash)s::VARCHAR, %(role)s::VARCHAR, %(is_active)s, %(must_change_password)s, %(created_at)s::TIMESTAMP WITH TIME ZONE) RETURNING users.id]
E   [parameters: {'username': 'admin', 'email': 'admin@fim.local', 'password_hash': '$argon2id$v=19$m=65536,t=3,p=4$3BmrhuBJXDgcTle/E/HhQA$ZMNfwob6lWlrgOBHRjzwb7uM+6dCtPYdzXWIqLARfdY', 'role': 'admin', 'is_active': True, 'must_change_password': True, 'created_at': datetime.datetime(2026, 9, 12, 20, 14, 52, 753485, tzinfo=datetime.timezone.utc)}]
E   (Background on this error at: https://sqlalche.me/e/20/gkpj)
_____ ERROR at setup of test_ingest_event_type_from_payload_reaches_column _____
../../tesis-fim-serio/backend/.venv/lib/python3.13/site-packages/sqlalchemy/engine/base.py:1969: in _exec_single_context
    self.dialect.do_execute(
../../tesis-fim-serio/backend/.venv/lib/python3.13/site-packages/sqlalchemy/engine/default.py:952: in do_execute
    cursor.execute(statement, parameters)
../../tesis-fim-serio/backend/.venv/lib/python3.13/site-packages/psycopg/cursor.py:97: in execute
    raise ex.with_traceback(None)
E   psycopg.errors.UniqueViolation: duplicate key value violates unique constraint "ix_users_username"
E   DETAIL:  Key (username)=(admin) already exists.

The above exception was the direct cause of the following exception:
backend/tests/conftest.py:133: in _db_isolation
    _seed_admin_impl()
backend/tests/conftest.py:108: in _seed_admin_impl
    session.commit()
../../tesis-fim-serio/backend/.venv/lib/python3.13/site-packages/sqlalchemy/orm/session.py:2035: in commit
    trans.commit(_to_root=True)
../../tesis-fim-serio/backend/.venv/lib/python3.13/site-packages/sqlalchemy/orm/state_changes.py:137: in _go
    ret_value = fn(self, *arg, **kw)
../../tesis-fim-serio/backend/.venv/lib/python3.13/site-packages/sqlalchemy/orm/session.py:1316: in commit
    self._prepare_impl()
../../tesis-fim-serio/backend/.venv/lib/python3.13/site-packages/sqlalchemy/orm/state_changes.py:137: in _go
    ret_value = fn(self, *arg, **kw)
../../tesis-fim-serio/backend/.venv/lib/python3.13/site-packages/sqlalchemy/orm/session.py:1290: in _prepare_impl
    self.session.flush()
../../tesis-fim-serio/backend/.venv/lib/python3.13/site-packages/sqlalchemy/orm/session.py:4353: in flush
    self._flush(objects)
../../tesis-fim-serio/backend/.venv/lib/python3.13/site-packages/sqlalchemy/orm/session.py:4488: in _flush
    with util.safe_reraise():
../../tesis-fim-serio/backend/.venv/lib/python3.13/site-packages/sqlalchemy/util/langhelpers.py:122: in __exit__
    raise exc_value.with_traceback(exc_tb)
../../tesis-fim-serio/backend/.venv/lib/python3.13/site-packages/sqlalchemy/orm/session.py:4449: in _flush
    flush_context.execute()
../../tesis-fim-serio/backend/.venv/lib/python3.13/site-packages/sqlalchemy/orm/unitofwork.py:465: in execute
    rec.execute(self)
../../tesis-fim-serio/backend/.venv/lib/python3.13/site-packages/sqlalchemy/orm/unitofwork.py:641: in execute
    util.preloaded.orm_persistence.save_obj(
../../tesis-fim-serio/backend/.venv/lib/python3.13/site-packages/sqlalchemy/orm/persistence.py:94: in save_obj
    _emit_insert_statements(
../../tesis-fim-serio/backend/.venv/lib/python3.13/site-packages/sqlalchemy/orm/persistence.py:1234: in _emit_insert_statements
    result = connection.execute(
../../tesis-fim-serio/backend/.venv/lib/python3.13/site-packages/sqlalchemy/engine/base.py:1421: in execute
    return meth(
../../tesis-fim-serio/backend/.venv/lib/python3.13/site-packages/sqlalchemy/sql/elements.py:526: in _execute_on_connection
    return connection._execute_clauseelement(
../../tesis-fim-serio/backend/.venv/lib/python3.13/site-packages/sqlalchemy/engine/base.py:1643: in _execute_clauseelement
    ret = self._execute_context(
../../tesis-fim-serio/backend/.venv/lib/python3.13/site-packages/sqlalchemy/engine/base.py:1848: in _execute_context
    return self._exec_single_context(
../../tesis-fim-serio/backend/.venv/lib/python3.13/site-packages/sqlalchemy/engine/base.py:1988: in _exec_single_context
    self._handle_dbapi_exception(
../../tesis-fim-serio/backend/.venv/lib/python3.13/site-packages/sqlalchemy/engine/base.py:2365: in _handle_dbapi_exception
    raise sqlalchemy_exception.with_traceback(exc_info[2]) from e
../../tesis-fim-serio/backend/.venv/lib/python3.13/site-packages/sqlalchemy/engine/base.py:1969: in _exec_single_context
    self.dialect.do_execute(
../../tesis-fim-serio/backend/.venv/lib/python3.13/site-packages/sqlalchemy/engine/default.py:952: in do_execute
    cursor.execute(statement, parameters)
../../tesis-fim-serio/backend/.venv/lib/python3.13/site-packages/psycopg/cursor.py:97: in execute
    raise ex.with_traceback(None)
E   sqlalchemy.exc.IntegrityError: (psycopg.errors.UniqueViolation) duplicate key value violates unique constraint "ix_users_username"
E   DETAIL:  Key (username)=(admin) already exists.
E   [SQL: INSERT INTO users (username, email, password_hash, role, is_active, must_change_password, created_at) VALUES (%(username)s::VARCHAR, %(email)s::VARCHAR, %(password_hash)s::VARCHAR, %(role)s::VARCHAR, %(is_active)s, %(must_change_password)s, %(created_at)s::TIMESTAMP WITH TIME ZONE) RETURNING users.id]
E   [parameters: {'username': 'admin', 'email': 'admin@fim.local', 'password_hash': '$argon2id$v=19$m=65536,t=3,p=4$U437dTpNat1fe8vuD/OkKA$c7O9/TGRTMdFfxtXpEKqCtob+4u8c6vZFm4LzLA6nms', 'role': 'admin', 'is_active': True, 'must_change_password': True, 'created_at': datetime.datetime(2026, 9, 12, 20, 14, 53, 347735, tzinfo=datetime.timezone.utc)}]
E   (Background on this error at: https://sqlalche.me/e/20/gkpj)
____________ ERROR at setup of test_list_events_filters_by_severity ____________
../../tesis-fim-serio/backend/.venv/lib/python3.13/site-packages/sqlalchemy/engine/base.py:1969: in _exec_single_context
    self.dialect.do_execute(
../../tesis-fim-serio/backend/.venv/lib/python3.13/site-packages/sqlalchemy/engine/default.py:952: in do_execute
    cursor.execute(statement, parameters)
../../tesis-fim-serio/backend/.venv/lib/python3.13/site-packages/psycopg/cursor.py:97: in execute
    raise ex.with_traceback(None)
E   psycopg.errors.UniqueViolation: duplicate key value violates unique constraint "ix_users_username"
E   DETAIL:  Key (username)=(admin) already exists.

The above exception was the direct cause of the following exception:
backend/tests/conftest.py:133: in _db_isolation
    _seed_admin_impl()
backend/tests/conftest.py:108: in _seed_admin_impl
    session.commit()
../../tesis-fim-serio/backend/.venv/lib/python3.13/site-packages/sqlalchemy/orm/session.py:2035: in commit
    trans.commit(_to_root=True)
../../tesis-fim-serio/backend/.venv/lib/python3.13/site-packages/sqlalchemy/orm/state_changes.py:137: in _go
    ret_value = fn(self, *arg, **kw)
../../tesis-fim-serio/backend/.venv/lib/python3.13/site-packages/sqlalchemy/orm/session.py:1316: in commit
    self._prepare_impl()
../../tesis-fim-serio/backend/.venv/lib/python3.13/site-packages/sqlalchemy/orm/state_changes.py:137: in _go
    ret_value = fn(self, *arg, **kw)
../../tesis-fim-serio/backend/.venv/lib/python3.13/site-packages/sqlalchemy/orm/session.py:1290: in _prepare_impl
    self.session.flush()
../../tesis-fim-serio/backend/.venv/lib/python3.13/site-packages/sqlalchemy/orm/session.py:4353: in flush
    self._flush(objects)
../../tesis-fim-serio/backend/.venv/lib/python3.13/site-packages/sqlalchemy/orm/session.py:4488: in _flush
    with util.safe_reraise():
../../tesis-fim-serio/backend/.venv/lib/python3.13/site-packages/sqlalchemy/util/langhelpers.py:122: in __exit__
    raise exc_value.with_traceback(exc_tb)
../../tesis-fim-serio/backend/.venv/lib/python3.13/site-packages/sqlalchemy/orm/session.py:4449: in _flush
    flush_context.execute()
../../tesis-fim-serio/backend/.venv/lib/python3.13/site-packages/sqlalchemy/orm/unitofwork.py:465: in execute
    rec.execute(self)
../../tesis-fim-serio/backend/.venv/lib/python3.13/site-packages/sqlalchemy/orm/unitofwork.py:641: in execute
    util.preloaded.orm_persistence.save_obj(
../../tesis-fim-serio/backend/.venv/lib/python3.13/site-packages/sqlalchemy/orm/persistence.py:94: in save_obj
    _emit_insert_statements(
../../tesis-fim-serio/backend/.venv/lib/python3.13/site-packages/sqlalchemy/orm/persistence.py:1234: in _emit_insert_statements
    result = connection.execute(
../../tesis-fim-serio/backend/.venv/lib/python3.13/site-packages/sqlalchemy/engine/base.py:1421: in execute
    return meth(
../../tesis-fim-serio/backend/.venv/lib/python3.13/site-packages/sqlalchemy/sql/elements.py:526: in _execute_on_connection
    return connection._execute_clauseelement(
../../tesis-fim-serio/backend/.venv/lib/python3.13/site-packages/sqlalchemy/engine/base.py:1643: in _execute_clauseelement
    ret = self._execute_context(
../../tesis-fim-serio/backend/.venv/lib/python3.13/site-packages/sqlalchemy/engine/base.py:1848: in _execute_context
    return self._exec_single_context(
../../tesis-fim-serio/backend/.venv/lib/python3.13/site-packages/sqlalchemy/engine/base.py:1988: in _exec_single_context
    self._handle_dbapi_exception(
../../tesis-fim-serio/backend/.venv/lib/python3.13/site-packages/sqlalchemy/engine/base.py:2365: in _handle_dbapi_exception
    raise sqlalchemy_exception.with_traceback(exc_info[2]) from e
../../tesis-fim-serio/backend/.venv/lib/python3.13/site-packages/sqlalchemy/engine/base.py:1969: in _exec_single_context
    self.dialect.do_execute(
../../tesis-fim-serio/backend/.venv/lib/python3.13/site-packages/sqlalchemy/engine/default.py:952: in do_execute
    cursor.execute(statement, parameters)
../../tesis-fim-serio/backend/.venv/lib/python3.13/site-packages/psycopg/cursor.py:97: in execute
    raise ex.with_traceback(None)
E   sqlalchemy.exc.IntegrityError: (psycopg.errors.UniqueViolation) duplicate key value violates unique constraint "ix_users_username"
E   DETAIL:  Key (username)=(admin) already exists.
E   [SQL: INSERT INTO users (username, email, password_hash, role, is_active, must_change_password, created_at) VALUES (%(username)s::VARCHAR, %(email)s::VARCHAR, %(password_hash)s::VARCHAR, %(role)s::VARCHAR, %(is_active)s, %(must_change_password)s, %(created_at)s::TIMESTAMP WITH TIME ZONE) RETURNING users.id]
E   [parameters: {'username': 'admin', 'email': 'admin@fim.local', 'password_hash': '$argon2id$v=19$m=65536,t=3,p=4$GC8zXUMRm4Ycbe+qp5e/xw$AxfEf3e91QR7P8T7bDeu7a75jBFtDbiykfNqvHAAq1w', 'role': 'admin', 'is_active': True, 'must_change_password': True, 'created_at': datetime.datetime(2026, 9, 12, 20, 14, 54, 819018, tzinfo=datetime.timezone.utc)}]
E   (Background on this error at: https://sqlalche.me/e/20/gkpj)
___________ ERROR at setup of test_row_manual_review_yields_pending ____________
../../tesis-fim-serio/backend/.venv/lib/python3.13/site-packages/sqlalchemy/engine/base.py:1969: in _exec_single_context
    self.dialect.do_execute(
../../tesis-fim-serio/backend/.venv/lib/python3.13/site-packages/sqlalchemy/engine/default.py:952: in do_execute
    cursor.execute(statement, parameters)
../../tesis-fim-serio/backend/.venv/lib/python3.13/site-packages/psycopg/cursor.py:97: in execute
    raise ex.with_traceback(None)
E   psycopg.errors.UniqueViolation: duplicate key value violates unique constraint "ix_users_username"
E   DETAIL:  Key (username)=(admin) already exists.

The above exception was the direct cause of the following exception:
backend/tests/conftest.py:133: in _db_isolation
    _seed_admin_impl()
backend/tests/conftest.py:108: in _seed_admin_impl
    session.commit()
../../tesis-fim-serio/backend/.venv/lib/python3.13/site-packages/sqlalchemy/orm/session.py:2035: in commit
    trans.commit(_to_root=True)
../../tesis-fim-serio/backend/.venv/lib/python3.13/site-packages/sqlalchemy/orm/state_changes.py:137: in _go
    ret_value = fn(self, *arg, **kw)
../../tesis-fim-serio/backend/.venv/lib/python3.13/site-packages/sqlalchemy/orm/session.py:1316: in commit
    self._prepare_impl()
../../tesis-fim-serio/backend/.venv/lib/python3.13/site-packages/sqlalchemy/orm/state_changes.py:137: in _go
    ret_value = fn(self, *arg, **kw)
../../tesis-fim-serio/backend/.venv/lib/python3.13/site-packages/sqlalchemy/orm/session.py:1290: in _prepare_impl
    self.session.flush()
../../tesis-fim-serio/backend/.venv/lib/python3.13/site-packages/sqlalchemy/orm/session.py:4353: in flush
    self._flush(objects)
../../tesis-fim-serio/backend/.venv/lib/python3.13/site-packages/sqlalchemy/orm/session.py:4488: in _flush
    with util.safe_reraise():
../../tesis-fim-serio/backend/.venv/lib/python3.13/site-packages/sqlalchemy/util/langhelpers.py:122: in __exit__
    raise exc_value.with_traceback(exc_tb)
../../tesis-fim-serio/backend/.venv/lib/python3.13/site-packages/sqlalchemy/orm/session.py:4449: in _flush
    flush_context.execute()
../../tesis-fim-serio/backend/.venv/lib/python3.13/site-packages/sqlalchemy/orm/unitofwork.py:465: in execute
    rec.execute(self)
../../tesis-fim-serio/backend/.venv/lib/python3.13/site-packages/sqlalchemy/orm/unitofwork.py:641: in execute
    util.preloaded.orm_persistence.save_obj(
../../tesis-fim-serio/backend/.venv/lib/python3.13/site-packages/sqlalchemy/orm/persistence.py:94: in save_obj
    _emit_insert_statements(
../../tesis-fim-serio/backend/.venv/lib/python3.13/site-packages/sqlalchemy/orm/persistence.py:1234: in _emit_insert_statements
    result = connection.execute(
../../tesis-fim-serio/backend/.venv/lib/python3.13/site-packages/sqlalchemy/engine/base.py:1421: in execute
    return meth(
../../tesis-fim-serio/backend/.venv/lib/python3.13/site-packages/sqlalchemy/sql/elements.py:526: in _execute_on_connection
    return connection._execute_clauseelement(
../../tesis-fim-serio/backend/.venv/lib/python3.13/site-packages/sqlalchemy/engine/base.py:1643: in _execute_clauseelement
    ret = self._execute_context(
../../tesis-fim-serio/backend/.venv/lib/python3.13/site-packages/sqlalchemy/engine/base.py:1848: in _execute_context
    return self._exec_single_context(
../../tesis-fim-serio/backend/.venv/lib/python3.13/site-packages/sqlalchemy/engine/base.py:1988: in _exec_single_context
    self._handle_dbapi_exception(
../../tesis-fim-serio/backend/.venv/lib/python3.13/site-packages/sqlalchemy/engine/base.py:2365: in _handle_dbapi_exception
    raise sqlalchemy_exception.with_traceback(exc_info[2]) from e
../../tesis-fim-serio/backend/.venv/lib/python3.13/site-packages/sqlalchemy/engine/base.py:1969: in _exec_single_context
    self.dialect.do_execute(
../../tesis-fim-serio/backend/.venv/lib/python3.13/site-packages/sqlalchemy/engine/default.py:952: in do_execute
    cursor.execute(statement, parameters)
../../tesis-fim-serio/backend/.venv/lib/python3.13/site-packages/psycopg/cursor.py:97: in execute
    raise ex.with_traceback(None)
E   sqlalchemy.exc.IntegrityError: (psycopg.errors.UniqueViolation) duplicate key value violates unique constraint "ix_users_username"
E   DETAIL:  Key (username)=(admin) already exists.
E   [SQL: INSERT INTO users (username, email, password_hash, role, is_active, must_change_password, created_at) VALUES (%(username)s::VARCHAR, %(email)s::VARCHAR, %(password_hash)s::VARCHAR, %(role)s::VARCHAR, %(is_active)s, %(must_change_password)s, %(created_at)s::TIMESTAMP WITH TIME ZONE) RETURNING users.id]
E   [parameters: {'username': 'admin', 'email': 'admin@fim.local', 'password_hash': '$argon2id$v=19$m=65536,t=3,p=4$Ybqk3XrjrWDLgGlhorU1xg$6HxOXDyCaXRQN9Lz42kiY7NTCQ9gTWHxP9fmCc8sM6A', 'role': 'admin', 'is_active': True, 'must_change_password': True, 'created_at': datetime.datetime(2026, 9, 12, 20, 14, 57, 514698, tzinfo=datetime.timezone.utc)}]
E   (Background on this error at: https://sqlalche.me/e/20/gkpj)
____ ERROR at setup of test_row_auto_restore_genuine_failure_yields_pending ____
../../tesis-fim-serio/backend/.venv/lib/python3.13/site-packages/sqlalchemy/engine/base.py:1969: in _exec_single_context
    self.dialect.do_execute(
../../tesis-fim-serio/backend/.venv/lib/python3.13/site-packages/sqlalchemy/engine/default.py:952: in do_execute
    cursor.execute(statement, parameters)
../../tesis-fim-serio/backend/.venv/lib/python3.13/site-packages/psycopg/cursor.py:97: in execute
    raise ex.with_traceback(None)
E   psycopg.errors.UniqueViolation: duplicate key value violates unique constraint "ix_users_username"
E   DETAIL:  Key (username)=(admin) already exists.

The above exception was the direct cause of the following exception:
backend/tests/conftest.py:133: in _db_isolation
    _seed_admin_impl()
backend/tests/conftest.py:108: in _seed_admin_impl
    session.commit()
../../tesis-fim-serio/backend/.venv/lib/python3.13/site-packages/sqlalchemy/orm/session.py:2035: in commit
    trans.commit(_to_root=True)
../../tesis-fim-serio/backend/.venv/lib/python3.13/site-packages/sqlalchemy/orm/state_changes.py:137: in _go
    ret_value = fn(self, *arg, **kw)
../../tesis-fim-serio/backend/.venv/lib/python3.13/site-packages/sqlalchemy/orm/session.py:1316: in commit
    self._prepare_impl()
../../tesis-fim-serio/backend/.venv/lib/python3.13/site-packages/sqlalchemy/orm/state_changes.py:137: in _go
    ret_value = fn(self, *arg, **kw)
../../tesis-fim-serio/backend/.venv/lib/python3.13/site-packages/sqlalchemy/orm/session.py:1290: in _prepare_impl
    self.session.flush()
../../tesis-fim-serio/backend/.venv/lib/python3.13/site-packages/sqlalchemy/orm/session.py:4353: in flush
    self._flush(objects)
../../tesis-fim-serio/backend/.venv/lib/python3.13/site-packages/sqlalchemy/orm/session.py:4488: in _flush
    with util.safe_reraise():
../../tesis-fim-serio/backend/.venv/lib/python3.13/site-packages/sqlalchemy/util/langhelpers.py:122: in __exit__
    raise exc_value.with_traceback(exc_tb)
../../tesis-fim-serio/backend/.venv/lib/python3.13/site-packages/sqlalchemy/orm/session.py:4449: in _flush
    flush_context.execute()
../../tesis-fim-serio/backend/.venv/lib/python3.13/site-packages/sqlalchemy/orm/unitofwork.py:465: in execute
    rec.execute(self)
../../tesis-fim-serio/backend/.venv/lib/python3.13/site-packages/sqlalchemy/orm/unitofwork.py:641: in execute
    util.preloaded.orm_persistence.save_obj(
../../tesis-fim-serio/backend/.venv/lib/python3.13/site-packages/sqlalchemy/orm/persistence.py:94: in save_obj
    _emit_insert_statements(
../../tesis-fim-serio/backend/.venv/lib/python3.13/site-packages/sqlalchemy/orm/persistence.py:1234: in _emit_insert_statements
    result = connection.execute(
../../tesis-fim-serio/backend/.venv/lib/python3.13/site-packages/sqlalchemy/engine/base.py:1421: in execute
    return meth(
../../tesis-fim-serio/backend/.venv/lib/python3.13/site-packages/sqlalchemy/sql/elements.py:526: in _execute_on_connection
    return connection._execute_clauseelement(
../../tesis-fim-serio/backend/.venv/lib/python3.13/site-packages/sqlalchemy/engine/base.py:1643: in _execute_clauseelement
    ret = self._execute_context(
../../tesis-fim-serio/backend/.venv/lib/python3.13/site-packages/sqlalchemy/engine/base.py:1848: in _execute_context
    return self._exec_single_context(
../../tesis-fim-serio/backend/.venv/lib/python3.13/site-packages/sqlalchemy/engine/base.py:1988: in _exec_single_context
    self._handle_dbapi_exception(
../../tesis-fim-serio/backend/.venv/lib/python3.13/site-packages/sqlalchemy/engine/base.py:2365: in _handle_dbapi_exception
    raise sqlalchemy_exception.with_traceback(exc_info[2]) from e
../../tesis-fim-serio/backend/.venv/lib/python3.13/site-packages/sqlalchemy/engine/base.py:1969: in _exec_single_context
    self.dialect.do_execute(
../../tesis-fim-serio/backend/.venv/lib/python3.13/site-packages/sqlalchemy/engine/default.py:952: in do_execute
    cursor.execute(statement, parameters)
../../tesis-fim-serio/backend/.venv/lib/python3.13/site-packages/psycopg/cursor.py:97: in execute
    raise ex.with_traceback(None)
E   sqlalchemy.exc.IntegrityError: (psycopg.errors.UniqueViolation) duplicate key value violates unique constraint "ix_users_username"
E   DETAIL:  Key (username)=(admin) already exists.
E   [SQL: INSERT INTO users (username, email, password_hash, role, is_active, must_change_password, created_at) VALUES (%(username)s::VARCHAR, %(email)s::VARCHAR, %(password_hash)s::VARCHAR, %(role)s::VARCHAR, %(is_active)s, %(must_change_password)s, %(created_at)s::TIMESTAMP WITH TIME ZONE) RETURNING users.id]
E   [parameters: {'username': 'admin', 'email': 'admin@fim.local', 'password_hash': '$argon2id$v=19$m=65536,t=3,p=4$L2oNMJed7waLAiyM1ek6kA$NhyQJegqMG8vuni+mLN9JnPS4s2zQjYDK2QG13aJJ4s', 'role': 'admin', 'is_active': True, 'must_change_password': True, 'created_at': datetime.datetime(2026, 9, 12, 20, 14, 58, 484926, tzinfo=datetime.timezone.utc)}]
E   (Background on this error at: https://sqlalche.me/e/20/gkpj)
_____ ERROR at setup of test_row_quarantine_genuine_failure_yields_pending _____
../../tesis-fim-serio/backend/.venv/lib/python3.13/site-packages/sqlalchemy/engine/base.py:1969: in _exec_single_context
    self.dialect.do_execute(
../../tesis-fim-serio/backend/.venv/lib/python3.13/site-packages/sqlalchemy/engine/default.py:952: in do_execute
    cursor.execute(statement, parameters)
../../tesis-fim-serio/backend/.venv/lib/python3.13/site-packages/psycopg/cursor.py:97: in execute
    raise ex.with_traceback(None)
E   psycopg.errors.UniqueViolation: duplicate key value violates unique constraint "ix_users_username"
E   DETAIL:  Key (username)=(admin) already exists.

The above exception was the direct cause of the following exception:
backend/tests/conftest.py:133: in _db_isolation
    _seed_admin_impl()
backend/tests/conftest.py:108: in _seed_admin_impl
    session.commit()
../../tesis-fim-serio/backend/.venv/lib/python3.13/site-packages/sqlalchemy/orm/session.py:2035: in commit
    trans.commit(_to_root=True)
../../tesis-fim-serio/backend/.venv/lib/python3.13/site-packages/sqlalchemy/orm/state_changes.py:137: in _go
    ret_value = fn(self, *arg, **kw)
../../tesis-fim-serio/backend/.venv/lib/python3.13/site-packages/sqlalchemy/orm/session.py:1316: in commit
    self._prepare_impl()
../../tesis-fim-serio/backend/.venv/lib/python3.13/site-packages/sqlalchemy/orm/state_changes.py:137: in _go
    ret_value = fn(self, *arg, **kw)
../../tesis-fim-serio/backend/.venv/lib/python3.13/site-packages/sqlalchemy/orm/session.py:1290: in _prepare_impl
    self.session.flush()
../../tesis-fim-serio/backend/.venv/lib/python3.13/site-packages/sqlalchemy/orm/session.py:4353: in flush
    self._flush(objects)
../../tesis-fim-serio/backend/.venv/lib/python3.13/site-packages/sqlalchemy/orm/session.py:4488: in _flush
    with util.safe_reraise():
../../tesis-fim-serio/backend/.venv/lib/python3.13/site-packages/sqlalchemy/util/langhelpers.py:122: in __exit__
    raise exc_value.with_traceback(exc_tb)
../../tesis-fim-serio/backend/.venv/lib/python3.13/site-packages/sqlalchemy/orm/session.py:4449: in _flush
    flush_context.execute()
../../tesis-fim-serio/backend/.venv/lib/python3.13/site-packages/sqlalchemy/orm/unitofwork.py:465: in execute
    rec.execute(self)
../../tesis-fim-serio/backend/.venv/lib/python3.13/site-packages/sqlalchemy/orm/unitofwork.py:641: in execute
    util.preloaded.orm_persistence.save_obj(
../../tesis-fim-serio/backend/.venv/lib/python3.13/site-packages/sqlalchemy/orm/persistence.py:94: in save_obj
    _emit_insert_statements(
../../tesis-fim-serio/backend/.venv/lib/python3.13/site-packages/sqlalchemy/orm/persistence.py:1234: in _emit_insert_statements
    result = connection.execute(
../../tesis-fim-serio/backend/.venv/lib/python3.13/site-packages/sqlalchemy/engine/base.py:1421: in execute
    return meth(
../../tesis-fim-serio/backend/.venv/lib/python3.13/site-packages/sqlalchemy/sql/elements.py:526: in _execute_on_connection
    return connection._execute_clauseelement(
../../tesis-fim-serio/backend/.venv/lib/python3.13/site-packages/sqlalchemy/engine/base.py:1643: in _execute_clauseelement
    ret = self._execute_context(
../../tesis-fim-serio/backend/.venv/lib/python3.13/site-packages/sqlalchemy/engine/base.py:1848: in _execute_context
    return self._exec_single_context(
../../tesis-fim-serio/backend/.venv/lib/python3.13/site-packages/sqlalchemy/engine/base.py:1988: in _exec_single_context
    self._handle_dbapi_exception(
../../tesis-fim-serio/backend/.venv/lib/python3.13/site-packages/sqlalchemy/engine/base.py:2365: in _handle_dbapi_exception
    raise sqlalchemy_exception.with_traceback(exc_info[2]) from e
../../tesis-fim-serio/backend/.venv/lib/python3.13/site-packages/sqlalchemy/engine/base.py:1969: in _exec_single_context
    self.dialect.do_execute(
../../tesis-fim-serio/backend/.venv/lib/python3.13/site-packages/sqlalchemy/engine/default.py:952: in do_execute
    cursor.execute(statement, parameters)
../../tesis-fim-serio/backend/.venv/lib/python3.13/site-packages/psycopg/cursor.py:97: in execute
    raise ex.with_traceback(None)
E   sqlalchemy.exc.IntegrityError: (psycopg.errors.UniqueViolation) duplicate key value violates unique constraint "ix_users_username"
E   DETAIL:  Key (username)=(admin) already exists.
E   [SQL: INSERT INTO users (username, email, password_hash, role, is_active, must_change_password, created_at) VALUES (%(username)s::VARCHAR, %(email)s::VARCHAR, %(password_hash)s::VARCHAR, %(role)s::VARCHAR, %(is_active)s, %(must_change_password)s, %(created_at)s::TIMESTAMP WITH TIME ZONE) RETURNING users.id]
E   [parameters: {'username': 'admin', 'email': 'admin@fim.local', 'password_hash': '$argon2id$v=19$m=65536,t=3,p=4$b+ytASDi5upsE0S/MI0CNg$ahvHFzw7vF8wkN2h75/JWEQ/XyPiPgFUEWJYgP2aWqs', 'role': 'admin', 'is_active': True, 'must_change_password': True, 'created_at': datetime.datetime(2026, 9, 12, 20, 14, 59, 51670, tzinfo=datetime.timezone.utc)}]
E   (Background on this error at: https://sqlalche.me/e/20/gkpj)
___ ERROR at setup of test_row_absent_action_from_older_agent_yields_pending ___
../../tesis-fim-serio/backend/.venv/lib/python3.13/site-packages/sqlalchemy/engine/base.py:1969: in _exec_single_context
    self.dialect.do_execute(
../../tesis-fim-serio/backend/.venv/lib/python3.13/site-packages/sqlalchemy/engine/default.py:952: in do_execute
    cursor.execute(statement, parameters)
../../tesis-fim-serio/backend/.venv/lib/python3.13/site-packages/psycopg/cursor.py:97: in execute
    raise ex.with_traceback(None)
E   psycopg.errors.UniqueViolation: duplicate key value violates unique constraint "ix_users_username"
E   DETAIL:  Key (username)=(admin) already exists.

The above exception was the direct cause of the following exception:
backend/tests/conftest.py:133: in _db_isolation
    _seed_admin_impl()
backend/tests/conftest.py:108: in _seed_admin_impl
    session.commit()
../../tesis-fim-serio/backend/.venv/lib/python3.13/site-packages/sqlalchemy/orm/session.py:2035: in commit
    trans.commit(_to_root=True)
../../tesis-fim-serio/backend/.venv/lib/python3.13/site-packages/sqlalchemy/orm/state_changes.py:137: in _go
    ret_value = fn(self, *arg, **kw)
../../tesis-fim-serio/backend/.venv/lib/python3.13/site-packages/sqlalchemy/orm/session.py:1316: in commit
    self._prepare_impl()
../../tesis-fim-serio/backend/.venv/lib/python3.13/site-packages/sqlalchemy/orm/state_changes.py:137: in _go
    ret_value = fn(self, *arg, **kw)
../../tesis-fim-serio/backend/.venv/lib/python3.13/site-packages/sqlalchemy/orm/session.py:1290: in _prepare_impl
    self.session.flush()
../../tesis-fim-serio/backend/.venv/lib/python3.13/site-packages/sqlalchemy/orm/session.py:4353: in flush
    self._flush(objects)
../../tesis-fim-serio/backend/.venv/lib/python3.13/site-packages/sqlalchemy/orm/session.py:4488: in _flush
    with util.safe_reraise():
../../tesis-fim-serio/backend/.venv/lib/python3.13/site-packages/sqlalchemy/util/langhelpers.py:122: in __exit__
    raise exc_value.with_traceback(exc_tb)
../../tesis-fim-serio/backend/.venv/lib/python3.13/site-packages/sqlalchemy/orm/session.py:4449: in _flush
    flush_context.execute()
../../tesis-fim-serio/backend/.venv/lib/python3.13/site-packages/sqlalchemy/orm/unitofwork.py:465: in execute
    rec.execute(self)
../../tesis-fim-serio/backend/.venv/lib/python3.13/site-packages/sqlalchemy/orm/unitofwork.py:641: in execute
    util.preloaded.orm_persistence.save_obj(
../../tesis-fim-serio/backend/.venv/lib/python3.13/site-packages/sqlalchemy/orm/persistence.py:94: in save_obj
    _emit_insert_statements(
../../tesis-fim-serio/backend/.venv/lib/python3.13/site-packages/sqlalchemy/orm/persistence.py:1234: in _emit_insert_statements
    result = connection.execute(
../../tesis-fim-serio/backend/.venv/lib/python3.13/site-packages/sqlalchemy/engine/base.py:1421: in execute
    return meth(
../../tesis-fim-serio/backend/.venv/lib/python3.13/site-packages/sqlalchemy/sql/elements.py:526: in _execute_on_connection
    return connection._execute_clauseelement(
../../tesis-fim-serio/backend/.venv/lib/python3.13/site-packages/sqlalchemy/engine/base.py:1643: in _execute_clauseelement
    ret = self._execute_context(
../../tesis-fim-serio/backend/.venv/lib/python3.13/site-packages/sqlalchemy/engine/base.py:1848: in _execute_context
    return self._exec_single_context(
../../tesis-fim-serio/backend/.venv/lib/python3.13/site-packages/sqlalchemy/engine/base.py:1988: in _exec_single_context
    self._handle_dbapi_exception(
../../tesis-fim-serio/backend/.venv/lib/python3.13/site-packages/sqlalchemy/engine/base.py:2365: in _handle_dbapi_exception
    raise sqlalchemy_exception.with_traceback(exc_info[2]) from e
../../tesis-fim-serio/backend/.venv/lib/python3.13/site-packages/sqlalchemy/engine/base.py:1969: in _exec_single_context
    self.dialect.do_execute(
../../tesis-fim-serio/backend/.venv/lib/python3.13/site-packages/sqlalchemy/engine/default.py:952: in do_execute
    cursor.execute(statement, parameters)
../../tesis-fim-serio/backend/.venv/lib/python3.13/site-packages/psycopg/cursor.py:97: in execute
    raise ex.with_traceback(None)
E   sqlalchemy.exc.IntegrityError: (psycopg.errors.UniqueViolation) duplicate key value violates unique constraint "ix_users_username"
E   DETAIL:  Key (username)=(admin) already exists.
E   [SQL: INSERT INTO users (username, email, password_hash, role, is_active, must_change_password, created_at) VALUES (%(username)s::VARCHAR, %(email)s::VARCHAR, %(password_hash)s::VARCHAR, %(role)s::VARCHAR, %(is_active)s, %(must_change_password)s, %(created_at)s::TIMESTAMP WITH TIME ZONE) RETURNING users.id]
E   [parameters: {'username': 'admin', 'email': 'admin@fim.local', 'password_hash': '$argon2id$v=19$m=65536,t=3,p=4$dC6LpPHG+0ZflQ3KX+6/Bg$lBrdJVvLCrFUcbFCWgAzSWVnPl15fYG6jw+Qai9+d4Q', 'role': 'admin', 'is_active': True, 'must_change_password': True, 'created_at': datetime.datetime(2026, 9, 12, 20, 14, 59, 682461, tzinfo=datetime.timezone.utc)}]
E   (Background on this error at: https://sqlalche.me/e/20/gkpj)
_ ERROR at setup of test_persisted_terminal_event_is_never_superseded_afterward _
../../tesis-fim-serio/backend/.venv/lib/python3.13/site-packages/sqlalchemy/engine/base.py:1969: in _exec_single_context
    self.dialect.do_execute(
../../tesis-fim-serio/backend/.venv/lib/python3.13/site-packages/sqlalchemy/engine/default.py:952: in do_execute
    cursor.execute(statement, parameters)
../../tesis-fim-serio/backend/.venv/lib/python3.13/site-packages/psycopg/cursor.py:97: in execute
    raise ex.with_traceback(None)
E   psycopg.errors.UniqueViolation: duplicate key value violates unique constraint "ix_users_username"
E   DETAIL:  Key (username)=(admin) already exists.

The above exception was the direct cause of the following exception:
backend/tests/conftest.py:133: in _db_isolation
    _seed_admin_impl()
backend/tests/conftest.py:108: in _seed_admin_impl
    session.commit()
../../tesis-fim-serio/backend/.venv/lib/python3.13/site-packages/sqlalchemy/orm/session.py:2035: in commit
    trans.commit(_to_root=True)
../../tesis-fim-serio/backend/.venv/lib/python3.13/site-packages/sqlalchemy/orm/state_changes.py:137: in _go
    ret_value = fn(self, *arg, **kw)
../../tesis-fim-serio/backend/.venv/lib/python3.13/site-packages/sqlalchemy/orm/session.py:1316: in commit
    self._prepare_impl()
../../tesis-fim-serio/backend/.venv/lib/python3.13/site-packages/sqlalchemy/orm/state_changes.py:137: in _go
    ret_value = fn(self, *arg, **kw)
../../tesis-fim-serio/backend/.venv/lib/python3.13/site-packages/sqlalchemy/orm/session.py:1290: in _prepare_impl
    self.session.flush()
../../tesis-fim-serio/backend/.venv/lib/python3.13/site-packages/sqlalchemy/orm/session.py:4353: in flush
    self._flush(objects)
../../tesis-fim-serio/backend/.venv/lib/python3.13/site-packages/sqlalchemy/orm/session.py:4488: in _flush
    with util.safe_reraise():
../../tesis-fim-serio/backend/.venv/lib/python3.13/site-packages/sqlalchemy/util/langhelpers.py:122: in __exit__
    raise exc_value.with_traceback(exc_tb)
../../tesis-fim-serio/backend/.venv/lib/python3.13/site-packages/sqlalchemy/orm/session.py:4449: in _flush
    flush_context.execute()
../../tesis-fim-serio/backend/.venv/lib/python3.13/site-packages/sqlalchemy/orm/unitofwork.py:465: in execute
    rec.execute(self)
../../tesis-fim-serio/backend/.venv/lib/python3.13/site-packages/sqlalchemy/orm/unitofwork.py:641: in execute
    util.preloaded.orm_persistence.save_obj(
../../tesis-fim-serio/backend/.venv/lib/python3.13/site-packages/sqlalchemy/orm/persistence.py:94: in save_obj
    _emit_insert_statements(
../../tesis-fim-serio/backend/.venv/lib/python3.13/site-packages/sqlalchemy/orm/persistence.py:1234: in _emit_insert_statements
    result = connection.execute(
../../tesis-fim-serio/backend/.venv/lib/python3.13/site-packages/sqlalchemy/engine/base.py:1421: in execute
    return meth(
../../tesis-fim-serio/backend/.venv/lib/python3.13/site-packages/sqlalchemy/sql/elements.py:526: in _execute_on_connection
    return connection._execute_clauseelement(
../../tesis-fim-serio/backend/.venv/lib/python3.13/site-packages/sqlalchemy/engine/base.py:1643: in _execute_clauseelement
    ret = self._execute_context(
../../tesis-fim-serio/backend/.venv/lib/python3.13/site-packages/sqlalchemy/engine/base.py:1848: in _execute_context
    return self._exec_single_context(
../../tesis-fim-serio/backend/.venv/lib/python3.13/site-packages/sqlalchemy/engine/base.py:1988: in _exec_single_context
    self._handle_dbapi_exception(
../../tesis-fim-serio/backend/.venv/lib/python3.13/site-packages/sqlalchemy/engine/base.py:2365: in _handle_dbapi_exception
    raise sqlalchemy_exception.with_traceback(exc_info[2]) from e
../../tesis-fim-serio/backend/.venv/lib/python3.13/site-packages/sqlalchemy/engine/base.py:1969: in _exec_single_context
    self.dialect.do_execute(
../../tesis-fim-serio/backend/.venv/lib/python3.13/site-packages/sqlalchemy/engine/default.py:952: in do_execute
    cursor.execute(statement, parameters)
../../tesis-fim-serio/backend/.venv/lib/python3.13/site-packages/psycopg/cursor.py:97: in execute
    raise ex.with_traceback(None)
E   sqlalchemy.exc.IntegrityError: (psycopg.errors.UniqueViolation) duplicate key value violates unique constraint "ix_users_username"
E   DETAIL:  Key (username)=(admin) already exists.
E   [SQL: INSERT INTO users (username, email, password_hash, role, is_active, must_change_password, created_at) VALUES (%(username)s::VARCHAR, %(email)s::VARCHAR, %(password_hash)s::VARCHAR, %(role)s::VARCHAR, %(is_active)s, %(must_change_password)s, %(created_at)s::TIMESTAMP WITH TIME ZONE) RETURNING users.id]
E   [parameters: {'username': 'admin', 'email': 'admin@fim.local', 'password_hash': '$argon2id$v=19$m=65536,t=3,p=4$bTEdBYyr1dj5Ber07X+iPQ$T58nAL3bbzStSWO3r4oN5l75n/GwedWSduks0Xa7oiA', 'role': 'admin', 'is_active': True, 'must_change_password': True, 'created_at': datetime.datetime(2026, 9, 12, 20, 15, 0, 990092, tzinfo=datetime.timezone.utc)}]
E   (Background on this error at: https://sqlalche.me/e/20/gkpj)
_____________ ERROR at setup of test_any_error_status_is_down[404] _____________
../../tesis-fim-serio/backend/.venv/lib/python3.13/site-packages/sqlalchemy/engine/base.py:1969: in _exec_single_context
    self.dialect.do_execute(
../../tesis-fim-serio/backend/.venv/lib/python3.13/site-packages/sqlalchemy/engine/default.py:952: in do_execute
    cursor.execute(statement, parameters)
../../tesis-fim-serio/backend/.venv/lib/python3.13/site-packages/psycopg/cursor.py:97: in execute
    raise ex.with_traceback(None)
E   psycopg.errors.UniqueViolation: duplicate key value violates unique constraint "ix_users_username"
E   DETAIL:  Key (username)=(admin) already exists.

The above exception was the direct cause of the following exception:
backend/tests/conftest.py:133: in _db_isolation
    _seed_admin_impl()
backend/tests/conftest.py:108: in _seed_admin_impl
    session.commit()
../../tesis-fim-serio/backend/.venv/lib/python3.13/site-packages/sqlalchemy/orm/session.py:2035: in commit
    trans.commit(_to_root=True)
../../tesis-fim-serio/backend/.venv/lib/python3.13/site-packages/sqlalchemy/orm/state_changes.py:137: in _go
    ret_value = fn(self, *arg, **kw)
../../tesis-fim-serio/backend/.venv/lib/python3.13/site-packages/sqlalchemy/orm/session.py:1316: in commit
    self._prepare_impl()
../../tesis-fim-serio/backend/.venv/lib/python3.13/site-packages/sqlalchemy/orm/state_changes.py:137: in _go
    ret_value = fn(self, *arg, **kw)
../../tesis-fim-serio/backend/.venv/lib/python3.13/site-packages/sqlalchemy/orm/session.py:1290: in _prepare_impl
    self.session.flush()
../../tesis-fim-serio/backend/.venv/lib/python3.13/site-packages/sqlalchemy/orm/session.py:4353: in flush
    self._flush(objects)
../../tesis-fim-serio/backend/.venv/lib/python3.13/site-packages/sqlalchemy/orm/session.py:4488: in _flush
    with util.safe_reraise():
../../tesis-fim-serio/backend/.venv/lib/python3.13/site-packages/sqlalchemy/util/langhelpers.py:122: in __exit__
    raise exc_value.with_traceback(exc_tb)
../../tesis-fim-serio/backend/.venv/lib/python3.13/site-packages/sqlalchemy/orm/session.py:4449: in _flush
    flush_context.execute()
../../tesis-fim-serio/backend/.venv/lib/python3.13/site-packages/sqlalchemy/orm/unitofwork.py:465: in execute
    rec.execute(self)
../../tesis-fim-serio/backend/.venv/lib/python3.13/site-packages/sqlalchemy/orm/unitofwork.py:641: in execute
    util.preloaded.orm_persistence.save_obj(
../../tesis-fim-serio/backend/.venv/lib/python3.13/site-packages/sqlalchemy/orm/persistence.py:94: in save_obj
    _emit_insert_statements(
../../tesis-fim-serio/backend/.venv/lib/python3.13/site-packages/sqlalchemy/orm/persistence.py:1234: in _emit_insert_statements
    result = connection.execute(
../../tesis-fim-serio/backend/.venv/lib/python3.13/site-packages/sqlalchemy/engine/base.py:1421: in execute
    return meth(
../../tesis-fim-serio/backend/.venv/lib/python3.13/site-packages/sqlalchemy/sql/elements.py:526: in _execute_on_connection
    return connection._execute_clauseelement(
../../tesis-fim-serio/backend/.venv/lib/python3.13/site-packages/sqlalchemy/engine/base.py:1643: in _execute_clauseelement
    ret = self._execute_context(
../../tesis-fim-serio/backend/.venv/lib/python3.13/site-packages/sqlalchemy/engine/base.py:1848: in _execute_context
    return self._exec_single_context(
../../tesis-fim-serio/backend/.venv/lib/python3.13/site-packages/sqlalchemy/engine/base.py:1988: in _exec_single_context
    self._handle_dbapi_exception(
../../tesis-fim-serio/backend/.venv/lib/python3.13/site-packages/sqlalchemy/engine/base.py:2365: in _handle_dbapi_exception
    raise sqlalchemy_exception.with_traceback(exc_info[2]) from e
../../tesis-fim-serio/backend/.venv/lib/python3.13/site-packages/sqlalchemy/engine/base.py:1969: in _exec_single_context
    self.dialect.do_execute(
../../tesis-fim-serio/backend/.venv/lib/python3.13/site-packages/sqlalchemy/engine/default.py:952: in do_execute
    cursor.execute(statement, parameters)
../../tesis-fim-serio/backend/.venv/lib/python3.13/site-packages/psycopg/cursor.py:97: in execute
    raise ex.with_traceback(None)
E   sqlalchemy.exc.IntegrityError: (psycopg.errors.UniqueViolation) duplicate key value violates unique constraint "ix_users_username"
E   DETAIL:  Key (username)=(admin) already exists.
E   [SQL: INSERT INTO users (username, email, password_hash, role, is_active, must_change_password, created_at) VALUES (%(username)s::VARCHAR, %(email)s::VARCHAR, %(password_hash)s::VARCHAR, %(role)s::VARCHAR, %(is_active)s, %(must_change_password)s, %(created_at)s::TIMESTAMP WITH TIME ZONE) RETURNING users.id]
E   [parameters: {'username': 'admin', 'email': 'admin@fim.local', 'password_hash': '$argon2id$v=19$m=65536,t=3,p=4$HAEHVAgFs9m8AzG+xiUp/w$gczOnGiqZD7V3h9LA1I4nFoUMXesXkJEvTAIR5kvHZ4', 'role': 'admin', 'is_active': True, 'must_change_password': True, 'created_at': datetime.datetime(2026, 9, 12, 20, 15, 4, 44163, tzinfo=datetime.timezone.utc)}]
E   (Background on this error at: https://sqlalche.me/e/20/gkpj)
_____________ ERROR at setup of test_any_error_status_is_down[405] _____________
../../tesis-fim-serio/backend/.venv/lib/python3.13/site-packages/sqlalchemy/engine/base.py:1969: in _exec_single_context
    self.dialect.do_execute(
../../tesis-fim-serio/backend/.venv/lib/python3.13/site-packages/sqlalchemy/engine/default.py:952: in do_execute
    cursor.execute(statement, parameters)
../../tesis-fim-serio/backend/.venv/lib/python3.13/site-packages/psycopg/cursor.py:97: in execute
    raise ex.with_traceback(None)
E   psycopg.errors.UniqueViolation: duplicate key value violates unique constraint "ix_users_username"
E   DETAIL:  Key (username)=(admin) already exists.

The above exception was the direct cause of the following exception:
backend/tests/conftest.py:133: in _db_isolation
    _seed_admin_impl()
backend/tests/conftest.py:108: in _seed_admin_impl
    session.commit()
../../tesis-fim-serio/backend/.venv/lib/python3.13/site-packages/sqlalchemy/orm/session.py:2035: in commit
    trans.commit(_to_root=True)
../../tesis-fim-serio/backend/.venv/lib/python3.13/site-packages/sqlalchemy/orm/state_changes.py:137: in _go
    ret_value = fn(self, *arg, **kw)
../../tesis-fim-serio/backend/.venv/lib/python3.13/site-packages/sqlalchemy/orm/session.py:1316: in commit
    self._prepare_impl()
../../tesis-fim-serio/backend/.venv/lib/python3.13/site-packages/sqlalchemy/orm/state_changes.py:137: in _go
    ret_value = fn(self, *arg, **kw)
../../tesis-fim-serio/backend/.venv/lib/python3.13/site-packages/sqlalchemy/orm/session.py:1290: in _prepare_impl
    self.session.flush()
../../tesis-fim-serio/backend/.venv/lib/python3.13/site-packages/sqlalchemy/orm/session.py:4353: in flush
    self._flush(objects)
../../tesis-fim-serio/backend/.venv/lib/python3.13/site-packages/sqlalchemy/orm/session.py:4488: in _flush
    with util.safe_reraise():
../../tesis-fim-serio/backend/.venv/lib/python3.13/site-packages/sqlalchemy/util/langhelpers.py:122: in __exit__
    raise exc_value.with_traceback(exc_tb)
../../tesis-fim-serio/backend/.venv/lib/python3.13/site-packages/sqlalchemy/orm/session.py:4449: in _flush
    flush_context.execute()
../../tesis-fim-serio/backend/.venv/lib/python3.13/site-packages/sqlalchemy/orm/unitofwork.py:465: in execute
    rec.execute(self)
../../tesis-fim-serio/backend/.venv/lib/python3.13/site-packages/sqlalchemy/orm/unitofwork.py:641: in execute
    util.preloaded.orm_persistence.save_obj(
../../tesis-fim-serio/backend/.venv/lib/python3.13/site-packages/sqlalchemy/orm/persistence.py:94: in save_obj
    _emit_insert_statements(
../../tesis-fim-serio/backend/.venv/lib/python3.13/site-packages/sqlalchemy/orm/persistence.py:1234: in _emit_insert_statements
    result = connection.execute(
../../tesis-fim-serio/backend/.venv/lib/python3.13/site-packages/sqlalchemy/engine/base.py:1421: in execute
    return meth(
../../tesis-fim-serio/backend/.venv/lib/python3.13/site-packages/sqlalchemy/sql/elements.py:526: in _execute_on_connection
    return connection._execute_clauseelement(
../../tesis-fim-serio/backend/.venv/lib/python3.13/site-packages/sqlalchemy/engine/base.py:1643: in _execute_clauseelement
    ret = self._execute_context(
../../tesis-fim-serio/backend/.venv/lib/python3.13/site-packages/sqlalchemy/engine/base.py:1848: in _execute_context
    return self._exec_single_context(
../../tesis-fim-serio/backend/.venv/lib/python3.13/site-packages/sqlalchemy/engine/base.py:1988: in _exec_single_context
    self._handle_dbapi_exception(
../../tesis-fim-serio/backend/.venv/lib/python3.13/site-packages/sqlalchemy/engine/base.py:2365: in _handle_dbapi_exception
    raise sqlalchemy_exception.with_traceback(exc_info[2]) from e
../../tesis-fim-serio/backend/.venv/lib/python3.13/site-packages/sqlalchemy/engine/base.py:1969: in _exec_single_context
    self.dialect.do_execute(
../../tesis-fim-serio/backend/.venv/lib/python3.13/site-packages/sqlalchemy/engine/default.py:952: in do_execute
    cursor.execute(statement, parameters)
../../tesis-fim-serio/backend/.venv/lib/python3.13/site-packages/psycopg/cursor.py:97: in execute
    raise ex.with_traceback(None)
E   sqlalchemy.exc.IntegrityError: (psycopg.errors.UniqueViolation) duplicate key value violates unique constraint "ix_users_username"
E   DETAIL:  Key (username)=(admin) already exists.
E   [SQL: INSERT INTO users (username, email, password_hash, role, is_active, must_change_password, created_at) VALUES (%(username)s::VARCHAR, %(email)s::VARCHAR, %(password_hash)s::VARCHAR, %(role)s::VARCHAR, %(is_active)s, %(must_change_password)s, %(created_at)s::TIMESTAMP WITH TIME ZONE) RETURNING users.id]
E   [parameters: {'username': 'admin', 'email': 'admin@fim.local', 'password_hash': '$argon2id$v=19$m=65536,t=3,p=4$siRLHYdK3/KvrkLvoPcscg$QZMqb6vsOG8wl09maRM/cMOxJvVqooST1xdYAaWwATo', 'role': 'admin', 'is_active': True, 'must_change_password': True, 'created_at': datetime.datetime(2026, 9, 12, 20, 15, 4, 662331, tzinfo=datetime.timezone.utc)}]
E   (Background on this error at: https://sqlalche.me/e/20/gkpj)
_____________ ERROR at setup of test_any_error_status_is_down[503] _____________
../../tesis-fim-serio/backend/.venv/lib/python3.13/site-packages/sqlalchemy/engine/base.py:1969: in _exec_single_context
    self.dialect.do_execute(
../../tesis-fim-serio/backend/.venv/lib/python3.13/site-packages/sqlalchemy/engine/default.py:952: in do_execute
    cursor.execute(statement, parameters)
../../tesis-fim-serio/backend/.venv/lib/python3.13/site-packages/psycopg/cursor.py:97: in execute
    raise ex.with_traceback(None)
E   psycopg.errors.UniqueViolation: duplicate key value violates unique constraint "ix_users_username"
E   DETAIL:  Key (username)=(admin) already exists.

The above exception was the direct cause of the following exception:
backend/tests/conftest.py:133: in _db_isolation
    _seed_admin_impl()
backend/tests/conftest.py:108: in _seed_admin_impl
    session.commit()
../../tesis-fim-serio/backend/.venv/lib/python3.13/site-packages/sqlalchemy/orm/session.py:2035: in commit
    trans.commit(_to_root=True)
../../tesis-fim-serio/backend/.venv/lib/python3.13/site-packages/sqlalchemy/orm/state_changes.py:137: in _go
    ret_value = fn(self, *arg, **kw)
../../tesis-fim-serio/backend/.venv/lib/python3.13/site-packages/sqlalchemy/orm/session.py:1316: in commit
    self._prepare_impl()
../../tesis-fim-serio/backend/.venv/lib/python3.13/site-packages/sqlalchemy/orm/state_changes.py:137: in _go
    ret_value = fn(self, *arg, **kw)
../../tesis-fim-serio/backend/.venv/lib/python3.13/site-packages/sqlalchemy/orm/session.py:1290: in _prepare_impl
    self.session.flush()
../../tesis-fim-serio/backend/.venv/lib/python3.13/site-packages/sqlalchemy/orm/session.py:4353: in flush
    self._flush(objects)
../../tesis-fim-serio/backend/.venv/lib/python3.13/site-packages/sqlalchemy/orm/session.py:4488: in _flush
    with util.safe_reraise():
../../tesis-fim-serio/backend/.venv/lib/python3.13/site-packages/sqlalchemy/util/langhelpers.py:122: in __exit__
    raise exc_value.with_traceback(exc_tb)
../../tesis-fim-serio/backend/.venv/lib/python3.13/site-packages/sqlalchemy/orm/session.py:4449: in _flush
    flush_context.execute()
../../tesis-fim-serio/backend/.venv/lib/python3.13/site-packages/sqlalchemy/orm/unitofwork.py:465: in execute
    rec.execute(self)
../../tesis-fim-serio/backend/.venv/lib/python3.13/site-packages/sqlalchemy/orm/unitofwork.py:641: in execute
    util.preloaded.orm_persistence.save_obj(
../../tesis-fim-serio/backend/.venv/lib/python3.13/site-packages/sqlalchemy/orm/persistence.py:94: in save_obj
    _emit_insert_statements(
../../tesis-fim-serio/backend/.venv/lib/python3.13/site-packages/sqlalchemy/orm/persistence.py:1234: in _emit_insert_statements
    result = connection.execute(
../../tesis-fim-serio/backend/.venv/lib/python3.13/site-packages/sqlalchemy/engine/base.py:1421: in execute
    return meth(
../../tesis-fim-serio/backend/.venv/lib/python3.13/site-packages/sqlalchemy/sql/elements.py:526: in _execute_on_connection
    return connection._execute_clauseelement(
../../tesis-fim-serio/backend/.venv/lib/python3.13/site-packages/sqlalchemy/engine/base.py:1643: in _execute_clauseelement
    ret = self._execute_context(
../../tesis-fim-serio/backend/.venv/lib/python3.13/site-packages/sqlalchemy/engine/base.py:1848: in _execute_context
    return self._exec_single_context(
../../tesis-fim-serio/backend/.venv/lib/python3.13/site-packages/sqlalchemy/engine/base.py:1988: in _exec_single_context
    self._handle_dbapi_exception(
../../tesis-fim-serio/backend/.venv/lib/python3.13/site-packages/sqlalchemy/engine/base.py:2365: in _handle_dbapi_exception
    raise sqlalchemy_exception.with_traceback(exc_info[2]) from e
../../tesis-fim-serio/backend/.venv/lib/python3.13/site-packages/sqlalchemy/engine/base.py:1969: in _exec_single_context
    self.dialect.do_execute(
../../tesis-fim-serio/backend/.venv/lib/python3.13/site-packages/sqlalchemy/engine/default.py:952: in do_execute
    cursor.execute(statement, parameters)
../../tesis-fim-serio/backend/.venv/lib/python3.13/site-packages/psycopg/cursor.py:97: in execute
    raise ex.with_traceback(None)
E   sqlalchemy.exc.IntegrityError: (psycopg.errors.UniqueViolation) duplicate key value violates unique constraint "ix_users_username"
E   DETAIL:  Key (username)=(admin) already exists.
E   [SQL: INSERT INTO users (username, email, password_hash, role, is_active, must_change_password, created_at) VALUES (%(username)s::VARCHAR, %(email)s::VARCHAR, %(password_hash)s::VARCHAR, %(role)s::VARCHAR, %(is_active)s, %(must_change_password)s, %(created_at)s::TIMESTAMP WITH TIME ZONE) RETURNING users.id]
E   [parameters: {'username': 'admin', 'email': 'admin@fim.local', 'password_hash': '$argon2id$v=19$m=65536,t=3,p=4$WWK7ALcOYMhJqxpk1qu1WQ$t/nJRbMXp55eIkh8JyIuCVWHvwdu5b2yLhNiW8XrcoE', 'role': 'admin', 'is_active': True, 'must_change_password': True, 'created_at': datetime.datetime(2026, 9, 12, 20, 15, 5, 501455, tzinfo=datetime.timezone.utc)}]
E   (Background on this error at: https://sqlalche.me/e/20/gkpj)
_______________ ERROR at setup of test_no_retry_on_error_status ________________
../../tesis-fim-serio/backend/.venv/lib/python3.13/site-packages/sqlalchemy/engine/base.py:1969: in _exec_single_context
    self.dialect.do_execute(
../../tesis-fim-serio/backend/.venv/lib/python3.13/site-packages/sqlalchemy/engine/default.py:952: in do_execute
    cursor.execute(statement, parameters)
../../tesis-fim-serio/backend/.venv/lib/python3.13/site-packages/psycopg/cursor.py:97: in execute
    raise ex.with_traceback(None)
E   psycopg.errors.UniqueViolation: duplicate key value violates unique constraint "ix_users_username"
E   DETAIL:  Key (username)=(admin) already exists.

The above exception was the direct cause of the following exception:
backend/tests/conftest.py:133: in _db_isolation
    _seed_admin_impl()
backend/tests/conftest.py:108: in _seed_admin_impl
    session.commit()
../../tesis-fim-serio/backend/.venv/lib/python3.13/site-packages/sqlalchemy/orm/session.py:2035: in commit
    trans.commit(_to_root=True)
../../tesis-fim-serio/backend/.venv/lib/python3.13/site-packages/sqlalchemy/orm/state_changes.py:137: in _go
    ret_value = fn(self, *arg, **kw)
../../tesis-fim-serio/backend/.venv/lib/python3.13/site-packages/sqlalchemy/orm/session.py:1316: in commit
    self._prepare_impl()
../../tesis-fim-serio/backend/.venv/lib/python3.13/site-packages/sqlalchemy/orm/state_changes.py:137: in _go
    ret_value = fn(self, *arg, **kw)
../../tesis-fim-serio/backend/.venv/lib/python3.13/site-packages/sqlalchemy/orm/session.py:1290: in _prepare_impl
    self.session.flush()
../../tesis-fim-serio/backend/.venv/lib/python3.13/site-packages/sqlalchemy/orm/session.py:4353: in flush
    self._flush(objects)
../../tesis-fim-serio/backend/.venv/lib/python3.13/site-packages/sqlalchemy/orm/session.py:4488: in _flush
    with util.safe_reraise():
../../tesis-fim-serio/backend/.venv/lib/python3.13/site-packages/sqlalchemy/util/langhelpers.py:122: in __exit__
    raise exc_value.with_traceback(exc_tb)
../../tesis-fim-serio/backend/.venv/lib/python3.13/site-packages/sqlalchemy/orm/session.py:4449: in _flush
    flush_context.execute()
../../tesis-fim-serio/backend/.venv/lib/python3.13/site-packages/sqlalchemy/orm/unitofwork.py:465: in execute
    rec.execute(self)
../../tesis-fim-serio/backend/.venv/lib/python3.13/site-packages/sqlalchemy/orm/unitofwork.py:641: in execute
    util.preloaded.orm_persistence.save_obj(
../../tesis-fim-serio/backend/.venv/lib/python3.13/site-packages/sqlalchemy/orm/persistence.py:94: in save_obj
    _emit_insert_statements(
../../tesis-fim-serio/backend/.venv/lib/python3.13/site-packages/sqlalchemy/orm/persistence.py:1234: in _emit_insert_statements
    result = connection.execute(
../../tesis-fim-serio/backend/.venv/lib/python3.13/site-packages/sqlalchemy/engine/base.py:1421: in execute
    return meth(
../../tesis-fim-serio/backend/.venv/lib/python3.13/site-packages/sqlalchemy/sql/elements.py:526: in _execute_on_connection
    return connection._execute_clauseelement(
../../tesis-fim-serio/backend/.venv/lib/python3.13/site-packages/sqlalchemy/engine/base.py:1643: in _execute_clauseelement
    ret = self._execute_context(
../../tesis-fim-serio/backend/.venv/lib/python3.13/site-packages/sqlalchemy/engine/base.py:1848: in _execute_context
    return self._exec_single_context(
../../tesis-fim-serio/backend/.venv/lib/python3.13/site-packages/sqlalchemy/engine/base.py:1988: in _exec_single_context
    self._handle_dbapi_exception(
../../tesis-fim-serio/backend/.venv/lib/python3.13/site-packages/sqlalchemy/engine/base.py:2365: in _handle_dbapi_exception
    raise sqlalchemy_exception.with_traceback(exc_info[2]) from e
../../tesis-fim-serio/backend/.venv/lib/python3.13/site-packages/sqlalchemy/engine/base.py:1969: in _exec_single_context
    self.dialect.do_execute(
../../tesis-fim-serio/backend/.venv/lib/python3.13/site-packages/sqlalchemy/engine/default.py:952: in do_execute
    cursor.execute(statement, parameters)
../../tesis-fim-serio/backend/.venv/lib/python3.13/site-packages/psycopg/cursor.py:97: in execute
    raise ex.with_traceback(None)
E   sqlalchemy.exc.IntegrityError: (psycopg.errors.UniqueViolation) duplicate key value violates unique constraint "ix_users_username"
E   DETAIL:  Key (username)=(admin) already exists.
E   [SQL: INSERT INTO users (username, email, password_hash, role, is_active, must_change_password, created_at) VALUES (%(username)s::VARCHAR, %(email)s::VARCHAR, %(password_hash)s::VARCHAR, %(role)s::VARCHAR, %(is_active)s, %(must_change_password)s, %(created_at)s::TIMESTAMP WITH TIME ZONE) RETURNING users.id]
E   [parameters: {'username': 'admin', 'email': 'admin@fim.local', 'password_hash': '$argon2id$v=19$m=65536,t=3,p=4$G/SBaPAMTe0tCDuheumSBQ$HAMqroBLkn1z0g6vZpBk+cDx4aCgM1H5MYSn0oEJzSU', 'role': 'admin', 'is_active': True, 'must_change_password': True, 'created_at': datetime.datetime(2026, 9, 12, 20, 15, 6, 114623, tzinfo=datetime.timezone.utc)}]
E   (Background on this error at: https://sqlalche.me/e/20/gkpj)
__________________ ERROR at setup of test_check_never_raises ___________________
../../tesis-fim-serio/backend/.venv/lib/python3.13/site-packages/sqlalchemy/engine/base.py:1969: in _exec_single_context
    self.dialect.do_execute(
../../tesis-fim-serio/backend/.venv/lib/python3.13/site-packages/sqlalchemy/engine/default.py:952: in do_execute
    cursor.execute(statement, parameters)
../../tesis-fim-serio/backend/.venv/lib/python3.13/site-packages/psycopg/cursor.py:97: in execute
    raise ex.with_traceback(None)
E   psycopg.errors.UniqueViolation: duplicate key value violates unique constraint "ix_users_username"
E   DETAIL:  Key (username)=(admin) already exists.

The above exception was the direct cause of the following exception:
backend/tests/conftest.py:133: in _db_isolation
    _seed_admin_impl()
backend/tests/conftest.py:108: in _seed_admin_impl
    session.commit()
../../tesis-fim-serio/backend/.venv/lib/python3.13/site-packages/sqlalchemy/orm/session.py:2035: in commit
    trans.commit(_to_root=True)
../../tesis-fim-serio/backend/.venv/lib/python3.13/site-packages/sqlalchemy/orm/state_changes.py:137: in _go
    ret_value = fn(self, *arg, **kw)
../../tesis-fim-serio/backend/.venv/lib/python3.13/site-packages/sqlalchemy/orm/session.py:1316: in commit
    self._prepare_impl()
../../tesis-fim-serio/backend/.venv/lib/python3.13/site-packages/sqlalchemy/orm/state_changes.py:137: in _go
    ret_value = fn(self, *arg, **kw)
../../tesis-fim-serio/backend/.venv/lib/python3.13/site-packages/sqlalchemy/orm/session.py:1290: in _prepare_impl
    self.session.flush()
../../tesis-fim-serio/backend/.venv/lib/python3.13/site-packages/sqlalchemy/orm/session.py:4353: in flush
    self._flush(objects)
../../tesis-fim-serio/backend/.venv/lib/python3.13/site-packages/sqlalchemy/orm/session.py:4488: in _flush
    with util.safe_reraise():
../../tesis-fim-serio/backend/.venv/lib/python3.13/site-packages/sqlalchemy/util/langhelpers.py:122: in __exit__
    raise exc_value.with_traceback(exc_tb)
../../tesis-fim-serio/backend/.venv/lib/python3.13/site-packages/sqlalchemy/orm/session.py:4449: in _flush
    flush_context.execute()
../../tesis-fim-serio/backend/.venv/lib/python3.13/site-packages/sqlalchemy/orm/unitofwork.py:465: in execute
    rec.execute(self)
../../tesis-fim-serio/backend/.venv/lib/python3.13/site-packages/sqlalchemy/orm/unitofwork.py:641: in execute
    util.preloaded.orm_persistence.save_obj(
../../tesis-fim-serio/backend/.venv/lib/python3.13/site-packages/sqlalchemy/orm/persistence.py:94: in save_obj
    _emit_insert_statements(
../../tesis-fim-serio/backend/.venv/lib/python3.13/site-packages/sqlalchemy/orm/persistence.py:1234: in _emit_insert_statements
    result = connection.execute(
../../tesis-fim-serio/backend/.venv/lib/python3.13/site-packages/sqlalchemy/engine/base.py:1421: in execute
    return meth(
../../tesis-fim-serio/backend/.venv/lib/python3.13/site-packages/sqlalchemy/sql/elements.py:526: in _execute_on_connection
    return connection._execute_clauseelement(
../../tesis-fim-serio/backend/.venv/lib/python3.13/site-packages/sqlalchemy/engine/base.py:1643: in _execute_clauseelement
    ret = self._execute_context(
../../tesis-fim-serio/backend/.venv/lib/python3.13/site-packages/sqlalchemy/engine/base.py:1848: in _execute_context
    return self._exec_single_context(
../../tesis-fim-serio/backend/.venv/lib/python3.13/site-packages/sqlalchemy/engine/base.py:1988: in _exec_single_context
    self._handle_dbapi_exception(
../../tesis-fim-serio/backend/.venv/lib/python3.13/site-packages/sqlalchemy/engine/base.py:2365: in _handle_dbapi_exception
    raise sqlalchemy_exception.with_traceback(exc_info[2]) from e
../../tesis-fim-serio/backend/.venv/lib/python3.13/site-packages/sqlalchemy/engine/base.py:1969: in _exec_single_context
    self.dialect.do_execute(
../../tesis-fim-serio/backend/.venv/lib/python3.13/site-packages/sqlalchemy/engine/default.py:952: in do_execute
    cursor.execute(statement, parameters)
../../tesis-fim-serio/backend/.venv/lib/python3.13/site-packages/psycopg/cursor.py:97: in execute
    raise ex.with_traceback(None)
E   sqlalchemy.exc.IntegrityError: (psycopg.errors.UniqueViolation) duplicate key value violates unique constraint "ix_users_username"
E   DETAIL:  Key (username)=(admin) already exists.
E   [SQL: INSERT INTO users (username, email, password_hash, role, is_active, must_change_password, created_at) VALUES (%(username)s::VARCHAR, %(email)s::VARCHAR, %(password_hash)s::VARCHAR, %(role)s::VARCHAR, %(is_active)s, %(must_change_password)s, %(created_at)s::TIMESTAMP WITH TIME ZONE) RETURNING users.id]
E   [parameters: {'username': 'admin', 'email': 'admin@fim.local', 'password_hash': '$argon2id$v=19$m=65536,t=3,p=4$O16OhaReA3UeM/vJ6w1gvw$jCgR5YNm5RXZ6UArt9IviBaPDfaq/eJeU1U5YkZjk0c', 'role': 'admin', 'is_active': True, 'must_change_password': True, 'created_at': datetime.datetime(2026, 9, 12, 20, 15, 6, 999304, tzinfo=datetime.timezone.utc)}]
E   (Background on this error at: https://sqlalche.me/e/20/gkpj)
_____________ ERROR at setup of test_heartbeat_marks_agent_online ______________
../../tesis-fim-serio/backend/.venv/lib/python3.13/site-packages/sqlalchemy/engine/base.py:1969: in _exec_single_context
    self.dialect.do_execute(
../../tesis-fim-serio/backend/.venv/lib/python3.13/site-packages/sqlalchemy/engine/default.py:952: in do_execute
    cursor.execute(statement, parameters)
../../tesis-fim-serio/backend/.venv/lib/python3.13/site-packages/psycopg/cursor.py:97: in execute
    raise ex.with_traceback(None)
E   psycopg.errors.UniqueViolation: duplicate key value violates unique constraint "ix_users_username"
E   DETAIL:  Key (username)=(admin) already exists.

The above exception was the direct cause of the following exception:
backend/tests/conftest.py:133: in _db_isolation
    _seed_admin_impl()
backend/tests/conftest.py:108: in _seed_admin_impl
    session.commit()
../../tesis-fim-serio/backend/.venv/lib/python3.13/site-packages/sqlalchemy/orm/session.py:2035: in commit
    trans.commit(_to_root=True)
../../tesis-fim-serio/backend/.venv/lib/python3.13/site-packages/sqlalchemy/orm/state_changes.py:137: in _go
    ret_value = fn(self, *arg, **kw)
../../tesis-fim-serio/backend/.venv/lib/python3.13/site-packages/sqlalchemy/orm/session.py:1316: in commit
    self._prepare_impl()
../../tesis-fim-serio/backend/.venv/lib/python3.13/site-packages/sqlalchemy/orm/state_changes.py:137: in _go
    ret_value = fn(self, *arg, **kw)
../../tesis-fim-serio/backend/.venv/lib/python3.13/site-packages/sqlalchemy/orm/session.py:1290: in _prepare_impl
    self.session.flush()
../../tesis-fim-serio/backend/.venv/lib/python3.13/site-packages/sqlalchemy/orm/session.py:4353: in flush
    self._flush(objects)
../../tesis-fim-serio/backend/.venv/lib/python3.13/site-packages/sqlalchemy/orm/session.py:4488: in _flush
    with util.safe_reraise():
../../tesis-fim-serio/backend/.venv/lib/python3.13/site-packages/sqlalchemy/util/langhelpers.py:122: in __exit__
    raise exc_value.with_traceback(exc_tb)
../../tesis-fim-serio/backend/.venv/lib/python3.13/site-packages/sqlalchemy/orm/session.py:4449: in _flush
    flush_context.execute()
../../tesis-fim-serio/backend/.venv/lib/python3.13/site-packages/sqlalchemy/orm/unitofwork.py:465: in execute
    rec.execute(self)
../../tesis-fim-serio/backend/.venv/lib/python3.13/site-packages/sqlalchemy/orm/unitofwork.py:641: in execute
    util.preloaded.orm_persistence.save_obj(
../../tesis-fim-serio/backend/.venv/lib/python3.13/site-packages/sqlalchemy/orm/persistence.py:94: in save_obj
    _emit_insert_statements(
../../tesis-fim-serio/backend/.venv/lib/python3.13/site-packages/sqlalchemy/orm/persistence.py:1234: in _emit_insert_statements
    result = connection.execute(
../../tesis-fim-serio/backend/.venv/lib/python3.13/site-packages/sqlalchemy/engine/base.py:1421: in execute
    return meth(
../../tesis-fim-serio/backend/.venv/lib/python3.13/site-packages/sqlalchemy/sql/elements.py:526: in _execute_on_connection
    return connection._execute_clauseelement(
../../tesis-fim-serio/backend/.venv/lib/python3.13/site-packages/sqlalchemy/engine/base.py:1643: in _execute_clauseelement
    ret = self._execute_context(
../../tesis-fim-serio/backend/.venv/lib/python3.13/site-packages/sqlalchemy/engine/base.py:1848: in _execute_context
    return self._exec_single_context(
../../tesis-fim-serio/backend/.venv/lib/python3.13/site-packages/sqlalchemy/engine/base.py:1988: in _exec_single_context
    self._handle_dbapi_exception(
../../tesis-fim-serio/backend/.venv/lib/python3.13/site-packages/sqlalchemy/engine/base.py:2365: in _handle_dbapi_exception
    raise sqlalchemy_exception.with_traceback(exc_info[2]) from e
../../tesis-fim-serio/backend/.venv/lib/python3.13/site-packages/sqlalchemy/engine/base.py:1969: in _exec_single_context
    self.dialect.do_execute(
../../tesis-fim-serio/backend/.venv/lib/python3.13/site-packages/sqlalchemy/engine/default.py:952: in do_execute
    cursor.execute(statement, parameters)
../../tesis-fim-serio/backend/.venv/lib/python3.13/site-packages/psycopg/cursor.py:97: in execute
    raise ex.with_traceback(None)
E   sqlalchemy.exc.IntegrityError: (psycopg.errors.UniqueViolation) duplicate key value violates unique constraint "ix_users_username"
E   DETAIL:  Key (username)=(admin) already exists.
E   [SQL: INSERT INTO users (username, email, password_hash, role, is_active, must_change_password, created_at) VALUES (%(username)s::VARCHAR, %(email)s::VARCHAR, %(password_hash)s::VARCHAR, %(role)s::VARCHAR, %(is_active)s, %(must_change_password)s, %(created_at)s::TIMESTAMP WITH TIME ZONE) RETURNING users.id]
E   [parameters: {'username': 'admin', 'email': 'admin@fim.local', 'password_hash': '$argon2id$v=19$m=65536,t=3,p=4$giX8FwDVFfQuf4PWuqcPyg$CAy9jwMAFgRRySPBt0TjqGcOmKz44Q5CTgIAs36baf8', 'role': 'admin', 'is_active': True, 'must_change_password': True, 'created_at': datetime.datetime(2026, 9, 12, 20, 15, 10, 62554, tzinfo=datetime.timezone.utc)}]
E   (Background on this error at: https://sqlalche.me/e/20/gkpj)
_______________ ERROR at setup of test_multiple_secrets_redacted _______________
../../tesis-fim-serio/backend/.venv/lib/python3.13/site-packages/sqlalchemy/engine/base.py:1969: in _exec_single_context
    self.dialect.do_execute(
../../tesis-fim-serio/backend/.venv/lib/python3.13/site-packages/sqlalchemy/engine/default.py:952: in do_execute
    cursor.execute(statement, parameters)
../../tesis-fim-serio/backend/.venv/lib/python3.13/site-packages/psycopg/cursor.py:97: in execute
    raise ex.with_traceback(None)
E   psycopg.errors.UniqueViolation: duplicate key value violates unique constraint "ix_users_username"
E   DETAIL:  Key (username)=(admin) already exists.

The above exception was the direct cause of the following exception:
backend/tests/conftest.py:133: in _db_isolation
    _seed_admin_impl()
backend/tests/conftest.py:108: in _seed_admin_impl
    session.commit()
../../tesis-fim-serio/backend/.venv/lib/python3.13/site-packages/sqlalchemy/orm/session.py:2035: in commit
    trans.commit(_to_root=True)
../../tesis-fim-serio/backend/.venv/lib/python3.13/site-packages/sqlalchemy/orm/state_changes.py:137: in _go
    ret_value = fn(self, *arg, **kw)
../../tesis-fim-serio/backend/.venv/lib/python3.13/site-packages/sqlalchemy/orm/session.py:1316: in commit
    self._prepare_impl()
../../tesis-fim-serio/backend/.venv/lib/python3.13/site-packages/sqlalchemy/orm/state_changes.py:137: in _go
    ret_value = fn(self, *arg, **kw)
../../tesis-fim-serio/backend/.venv/lib/python3.13/site-packages/sqlalchemy/orm/session.py:1290: in _prepare_impl
    self.session.flush()
../../tesis-fim-serio/backend/.venv/lib/python3.13/site-packages/sqlalchemy/orm/session.py:4353: in flush
    self._flush(objects)
../../tesis-fim-serio/backend/.venv/lib/python3.13/site-packages/sqlalchemy/orm/session.py:4488: in _flush
    with util.safe_reraise():
../../tesis-fim-serio/backend/.venv/lib/python3.13/site-packages/sqlalchemy/util/langhelpers.py:122: in __exit__
    raise exc_value.with_traceback(exc_tb)
../../tesis-fim-serio/backend/.venv/lib/python3.13/site-packages/sqlalchemy/orm/session.py:4449: in _flush
    flush_context.execute()
../../tesis-fim-serio/backend/.venv/lib/python3.13/site-packages/sqlalchemy/orm/unitofwork.py:465: in execute
    rec.execute(self)
../../tesis-fim-serio/backend/.venv/lib/python3.13/site-packages/sqlalchemy/orm/unitofwork.py:641: in execute
    util.preloaded.orm_persistence.save_obj(
../../tesis-fim-serio/backend/.venv/lib/python3.13/site-packages/sqlalchemy/orm/persistence.py:94: in save_obj
    _emit_insert_statements(
../../tesis-fim-serio/backend/.venv/lib/python3.13/site-packages/sqlalchemy/orm/persistence.py:1234: in _emit_insert_statements
    result = connection.execute(
../../tesis-fim-serio/backend/.venv/lib/python3.13/site-packages/sqlalchemy/engine/base.py:1421: in execute
    return meth(
../../tesis-fim-serio/backend/.venv/lib/python3.13/site-packages/sqlalchemy/sql/elements.py:526: in _execute_on_connection
    return connection._execute_clauseelement(
../../tesis-fim-serio/backend/.venv/lib/python3.13/site-packages/sqlalchemy/engine/base.py:1643: in _execute_clauseelement
    ret = self._execute_context(
../../tesis-fim-serio/backend/.venv/lib/python3.13/site-packages/sqlalchemy/engine/base.py:1848: in _execute_context
    return self._exec_single_context(
../../tesis-fim-serio/backend/.venv/lib/python3.13/site-packages/sqlalchemy/engine/base.py:1988: in _exec_single_context
    self._handle_dbapi_exception(
../../tesis-fim-serio/backend/.venv/lib/python3.13/site-packages/sqlalchemy/engine/base.py:2365: in _handle_dbapi_exception
    raise sqlalchemy_exception.with_traceback(exc_info[2]) from e
../../tesis-fim-serio/backend/.venv/lib/python3.13/site-packages/sqlalchemy/engine/base.py:1969: in _exec_single_context
    self.dialect.do_execute(
../../tesis-fim-serio/backend/.venv/lib/python3.13/site-packages/sqlalchemy/engine/default.py:952: in do_execute
    cursor.execute(statement, parameters)
../../tesis-fim-serio/backend/.venv/lib/python3.13/site-packages/psycopg/cursor.py:97: in execute
    raise ex.with_traceback(None)
E   sqlalchemy.exc.IntegrityError: (psycopg.errors.UniqueViolation) duplicate key value violates unique constraint "ix_users_username"
E   DETAIL:  Key (username)=(admin) already exists.
E   [SQL: INSERT INTO users (username, email, password_hash, role, is_active, must_change_password, created_at) VALUES (%(username)s::VARCHAR, %(email)s::VARCHAR, %(password_hash)s::VARCHAR, %(role)s::VARCHAR, %(is_active)s, %(must_change_password)s, %(created_at)s::TIMESTAMP WITH TIME ZONE) RETURNING users.id]
E   [parameters: {'username': 'admin', 'email': 'admin@fim.local', 'password_hash': '$argon2id$v=19$m=65536,t=3,p=4$wnb/bw4Ow/cX6Ya/rBzCUA$1x52ZZPYe6LxeVM7EJ5XV96hG5bhnVnlA5OkRTLx4PA', 'role': 'admin', 'is_active': True, 'must_change_password': True, 'created_at': datetime.datetime(2026, 9, 12, 20, 15, 11, 198879, tzinfo=datetime.timezone.utc)}]
E   (Background on this error at: https://sqlalche.me/e/20/gkpj)
___________ ERROR at setup of test_nested_dict_access_token_redacted ___________
../../tesis-fim-serio/backend/.venv/lib/python3.13/site-packages/sqlalchemy/engine/base.py:1969: in _exec_single_context
    self.dialect.do_execute(
../../tesis-fim-serio/backend/.venv/lib/python3.13/site-packages/sqlalchemy/engine/default.py:952: in do_execute
    cursor.execute(statement, parameters)
../../tesis-fim-serio/backend/.venv/lib/python3.13/site-packages/psycopg/cursor.py:97: in execute
    raise ex.with_traceback(None)
E   psycopg.errors.UniqueViolation: duplicate key value violates unique constraint "ix_users_username"
E   DETAIL:  Key (username)=(admin) already exists.

The above exception was the direct cause of the following exception:
backend/tests/conftest.py:133: in _db_isolation
    _seed_admin_impl()
backend/tests/conftest.py:108: in _seed_admin_impl
    session.commit()
../../tesis-fim-serio/backend/.venv/lib/python3.13/site-packages/sqlalchemy/orm/session.py:2035: in commit
    trans.commit(_to_root=True)
../../tesis-fim-serio/backend/.venv/lib/python3.13/site-packages/sqlalchemy/orm/state_changes.py:137: in _go
    ret_value = fn(self, *arg, **kw)
../../tesis-fim-serio/backend/.venv/lib/python3.13/site-packages/sqlalchemy/orm/session.py:1316: in commit
    self._prepare_impl()
../../tesis-fim-serio/backend/.venv/lib/python3.13/site-packages/sqlalchemy/orm/state_changes.py:137: in _go
    ret_value = fn(self, *arg, **kw)
../../tesis-fim-serio/backend/.venv/lib/python3.13/site-packages/sqlalchemy/orm/session.py:1290: in _prepare_impl
    self.session.flush()
../../tesis-fim-serio/backend/.venv/lib/python3.13/site-packages/sqlalchemy/orm/session.py:4353: in flush
    self._flush(objects)
../../tesis-fim-serio/backend/.venv/lib/python3.13/site-packages/sqlalchemy/orm/session.py:4488: in _flush
    with util.safe_reraise():
../../tesis-fim-serio/backend/.venv/lib/python3.13/site-packages/sqlalchemy/util/langhelpers.py:122: in __exit__
    raise exc_value.with_traceback(exc_tb)
../../tesis-fim-serio/backend/.venv/lib/python3.13/site-packages/sqlalchemy/orm/session.py:4449: in _flush
    flush_context.execute()
../../tesis-fim-serio/backend/.venv/lib/python3.13/site-packages/sqlalchemy/orm/unitofwork.py:465: in execute
    rec.execute(self)
../../tesis-fim-serio/backend/.venv/lib/python3.13/site-packages/sqlalchemy/orm/unitofwork.py:641: in execute
    util.preloaded.orm_persistence.save_obj(
../../tesis-fim-serio/backend/.venv/lib/python3.13/site-packages/sqlalchemy/orm/persistence.py:94: in save_obj
    _emit_insert_statements(
../../tesis-fim-serio/backend/.venv/lib/python3.13/site-packages/sqlalchemy/orm/persistence.py:1234: in _emit_insert_statements
    result = connection.execute(
../../tesis-fim-serio/backend/.venv/lib/python3.13/site-packages/sqlalchemy/engine/base.py:1421: in execute
    return meth(
../../tesis-fim-serio/backend/.venv/lib/python3.13/site-packages/sqlalchemy/sql/elements.py:526: in _execute_on_connection
    return connection._execute_clauseelement(
../../tesis-fim-serio/backend/.venv/lib/python3.13/site-packages/sqlalchemy/engine/base.py:1643: in _execute_clauseelement
    ret = self._execute_context(
../../tesis-fim-serio/backend/.venv/lib/python3.13/site-packages/sqlalchemy/engine/base.py:1848: in _execute_context
    return self._exec_single_context(
../../tesis-fim-serio/backend/.venv/lib/python3.13/site-packages/sqlalchemy/engine/base.py:1988: in _exec_single_context
    self._handle_dbapi_exception(
../../tesis-fim-serio/backend/.venv/lib/python3.13/site-packages/sqlalchemy/engine/base.py:2365: in _handle_dbapi_exception
    raise sqlalchemy_exception.with_traceback(exc_info[2]) from e
../../tesis-fim-serio/backend/.venv/lib/python3.13/site-packages/sqlalchemy/engine/base.py:1969: in _exec_single_context
    self.dialect.do_execute(
../../tesis-fim-serio/backend/.venv/lib/python3.13/site-packages/sqlalchemy/engine/default.py:952: in do_execute
    cursor.execute(statement, parameters)
../../tesis-fim-serio/backend/.venv/lib/python3.13/site-packages/psycopg/cursor.py:97: in execute
    raise ex.with_traceback(None)
E   sqlalchemy.exc.IntegrityError: (psycopg.errors.UniqueViolation) duplicate key value violates unique constraint "ix_users_username"
E   DETAIL:  Key (username)=(admin) already exists.
E   [SQL: INSERT INTO users (username, email, password_hash, role, is_active, must_change_password, created_at) VALUES (%(username)s::VARCHAR, %(email)s::VARCHAR, %(password_hash)s::VARCHAR, %(role)s::VARCHAR, %(is_active)s, %(must_change_password)s, %(created_at)s::TIMESTAMP WITH TIME ZONE) RETURNING users.id]
E   [parameters: {'username': 'admin', 'email': 'admin@fim.local', 'password_hash': '$argon2id$v=19$m=65536,t=3,p=4$8dsWOcIW62Sy29hzOPp64g$lumukYI7+jKxTp0qcvgGN3q/SFRjMmlf+/0gl7RpFLc', 'role': 'admin', 'is_active': True, 'must_change_password': True, 'created_at': datetime.datetime(2026, 9, 12, 20, 15, 11, 778943, tzinfo=datetime.timezone.utc)}]
E   (Background on this error at: https://sqlalche.me/e/20/gkpj)
_____ ERROR at setup of test_every_referenced_field_exists_in_the_payload ______
../../tesis-fim-serio/backend/.venv/lib/python3.13/site-packages/sqlalchemy/engine/base.py:1969: in _exec_single_context
    self.dialect.do_execute(
../../tesis-fim-serio/backend/.venv/lib/python3.13/site-packages/sqlalchemy/engine/default.py:952: in do_execute
    cursor.execute(statement, parameters)
../../tesis-fim-serio/backend/.venv/lib/python3.13/site-packages/psycopg/cursor.py:97: in execute
    raise ex.with_traceback(None)
E   psycopg.errors.UniqueViolation: duplicate key value violates unique constraint "ix_users_username"
E   DETAIL:  Key (username)=(admin) already exists.

The above exception was the direct cause of the following exception:
backend/tests/conftest.py:133: in _db_isolation
    _seed_admin_impl()
backend/tests/conftest.py:108: in _seed_admin_impl
    session.commit()
../../tesis-fim-serio/backend/.venv/lib/python3.13/site-packages/sqlalchemy/orm/session.py:2035: in commit
    trans.commit(_to_root=True)
../../tesis-fim-serio/backend/.venv/lib/python3.13/site-packages/sqlalchemy/orm/state_changes.py:137: in _go
    ret_value = fn(self, *arg, **kw)
../../tesis-fim-serio/backend/.venv/lib/python3.13/site-packages/sqlalchemy/orm/session.py:1316: in commit
    self._prepare_impl()
../../tesis-fim-serio/backend/.venv/lib/python3.13/site-packages/sqlalchemy/orm/state_changes.py:137: in _go
    ret_value = fn(self, *arg, **kw)
../../tesis-fim-serio/backend/.venv/lib/python3.13/site-packages/sqlalchemy/orm/session.py:1290: in _prepare_impl
    self.session.flush()
../../tesis-fim-serio/backend/.venv/lib/python3.13/site-packages/sqlalchemy/orm/session.py:4353: in flush
    self._flush(objects)
../../tesis-fim-serio/backend/.venv/lib/python3.13/site-packages/sqlalchemy/orm/session.py:4488: in _flush
    with util.safe_reraise():
../../tesis-fim-serio/backend/.venv/lib/python3.13/site-packages/sqlalchemy/util/langhelpers.py:122: in __exit__
    raise exc_value.with_traceback(exc_tb)
../../tesis-fim-serio/backend/.venv/lib/python3.13/site-packages/sqlalchemy/orm/session.py:4449: in _flush
    flush_context.execute()
../../tesis-fim-serio/backend/.venv/lib/python3.13/site-packages/sqlalchemy/orm/unitofwork.py:465: in execute
    rec.execute(self)
../../tesis-fim-serio/backend/.venv/lib/python3.13/site-packages/sqlalchemy/orm/unitofwork.py:641: in execute
    util.preloaded.orm_persistence.save_obj(
../../tesis-fim-serio/backend/.venv/lib/python3.13/site-packages/sqlalchemy/orm/persistence.py:94: in save_obj
    _emit_insert_statements(
../../tesis-fim-serio/backend/.venv/lib/python3.13/site-packages/sqlalchemy/orm/persistence.py:1234: in _emit_insert_statements
    result = connection.execute(
../../tesis-fim-serio/backend/.venv/lib/python3.13/site-packages/sqlalchemy/engine/base.py:1421: in execute
    return meth(
../../tesis-fim-serio/backend/.venv/lib/python3.13/site-packages/sqlalchemy/sql/elements.py:526: in _execute_on_connection
    return connection._execute_clauseelement(
../../tesis-fim-serio/backend/.venv/lib/python3.13/site-packages/sqlalchemy/engine/base.py:1643: in _execute_clauseelement
    ret = self._execute_context(
../../tesis-fim-serio/backend/.venv/lib/python3.13/site-packages/sqlalchemy/engine/base.py:1848: in _execute_context
    return self._exec_single_context(
../../tesis-fim-serio/backend/.venv/lib/python3.13/site-packages/sqlalchemy/engine/base.py:1988: in _exec_single_context
    self._handle_dbapi_exception(
../../tesis-fim-serio/backend/.venv/lib/python3.13/site-packages/sqlalchemy/engine/base.py:2365: in _handle_dbapi_exception
    raise sqlalchemy_exception.with_traceback(exc_info[2]) from e
../../tesis-fim-serio/backend/.venv/lib/python3.13/site-packages/sqlalchemy/engine/base.py:1969: in _exec_single_context
    self.dialect.do_execute(
../../tesis-fim-serio/backend/.venv/lib/python3.13/site-packages/sqlalchemy/engine/default.py:952: in do_execute
    cursor.execute(statement, parameters)
../../tesis-fim-serio/backend/.venv/lib/python3.13/site-packages/psycopg/cursor.py:97: in execute
    raise ex.with_traceback(None)
E   sqlalchemy.exc.IntegrityError: (psycopg.errors.UniqueViolation) duplicate key value violates unique constraint "ix_users_username"
E   DETAIL:  Key (username)=(admin) already exists.
E   [SQL: INSERT INTO users (username, email, password_hash, role, is_active, must_change_password, created_at) VALUES (%(username)s::VARCHAR, %(email)s::VARCHAR, %(password_hash)s::VARCHAR, %(role)s::VARCHAR, %(is_active)s, %(must_change_password)s, %(created_at)s::TIMESTAMP WITH TIME ZONE) RETURNING users.id]
E   [parameters: {'username': 'admin', 'email': 'admin@fim.local', 'password_hash': '$argon2id$v=19$m=65536,t=3,p=4$X71DIRDd+oMeVlToo0K2kg$2NNPAgdjcFFWhy9GGzKSENhtHsZX9qJr8oT4wLecjLI', 'role': 'admin', 'is_active': True, 'must_change_password': True, 'created_at': datetime.datetime(2026, 9, 12, 20, 15, 14, 183483, tzinfo=datetime.timezone.utc)}]
E   (Background on this error at: https://sqlalche.me/e/20/gkpj)
_ ERROR at setup of test_notify_critical_event_creates_alert_and_publishes_sse _
../../tesis-fim-serio/backend/.venv/lib/python3.13/site-packages/sqlalchemy/engine/base.py:1969: in _exec_single_context
    self.dialect.do_execute(
../../tesis-fim-serio/backend/.venv/lib/python3.13/site-packages/sqlalchemy/engine/default.py:952: in do_execute
    cursor.execute(statement, parameters)
../../tesis-fim-serio/backend/.venv/lib/python3.13/site-packages/psycopg/cursor.py:97: in execute
    raise ex.with_traceback(None)
E   psycopg.errors.UniqueViolation: duplicate key value violates unique constraint "ix_users_username"
E   DETAIL:  Key (username)=(admin) already exists.

The above exception was the direct cause of the following exception:
backend/tests/conftest.py:133: in _db_isolation
    _seed_admin_impl()
backend/tests/conftest.py:108: in _seed_admin_impl
    session.commit()
../../tesis-fim-serio/backend/.venv/lib/python3.13/site-packages/sqlalchemy/orm/session.py:2035: in commit
    trans.commit(_to_root=True)
../../tesis-fim-serio/backend/.venv/lib/python3.13/site-packages/sqlalchemy/orm/state_changes.py:137: in _go
    ret_value = fn(self, *arg, **kw)
../../tesis-fim-serio/backend/.venv/lib/python3.13/site-packages/sqlalchemy/orm/session.py:1316: in commit
    self._prepare_impl()
../../tesis-fim-serio/backend/.venv/lib/python3.13/site-packages/sqlalchemy/orm/state_changes.py:137: in _go
    ret_value = fn(self, *arg, **kw)
../../tesis-fim-serio/backend/.venv/lib/python3.13/site-packages/sqlalchemy/orm/session.py:1290: in _prepare_impl
    self.session.flush()
../../tesis-fim-serio/backend/.venv/lib/python3.13/site-packages/sqlalchemy/orm/session.py:4353: in flush
    self._flush(objects)
../../tesis-fim-serio/backend/.venv/lib/python3.13/site-packages/sqlalchemy/orm/session.py:4488: in _flush
    with util.safe_reraise():
../../tesis-fim-serio/backend/.venv/lib/python3.13/site-packages/sqlalchemy/util/langhelpers.py:122: in __exit__
    raise exc_value.with_traceback(exc_tb)
../../tesis-fim-serio/backend/.venv/lib/python3.13/site-packages/sqlalchemy/orm/session.py:4449: in _flush
    flush_context.execute()
../../tesis-fim-serio/backend/.venv/lib/python3.13/site-packages/sqlalchemy/orm/unitofwork.py:465: in execute
    rec.execute(self)
../../tesis-fim-serio/backend/.venv/lib/python3.13/site-packages/sqlalchemy/orm/unitofwork.py:641: in execute
    util.preloaded.orm_persistence.save_obj(
../../tesis-fim-serio/backend/.venv/lib/python3.13/site-packages/sqlalchemy/orm/persistence.py:94: in save_obj
    _emit_insert_statements(
../../tesis-fim-serio/backend/.venv/lib/python3.13/site-packages/sqlalchemy/orm/persistence.py:1234: in _emit_insert_statements
    result = connection.execute(
../../tesis-fim-serio/backend/.venv/lib/python3.13/site-packages/sqlalchemy/engine/base.py:1421: in execute
    return meth(
../../tesis-fim-serio/backend/.venv/lib/python3.13/site-packages/sqlalchemy/sql/elements.py:526: in _execute_on_connection
    return connection._execute_clauseelement(
../../tesis-fim-serio/backend/.venv/lib/python3.13/site-packages/sqlalchemy/engine/base.py:1643: in _execute_clauseelement
    ret = self._execute_context(
../../tesis-fim-serio/backend/.venv/lib/python3.13/site-packages/sqlalchemy/engine/base.py:1848: in _execute_context
    return self._exec_single_context(
../../tesis-fim-serio/backend/.venv/lib/python3.13/site-packages/sqlalchemy/engine/base.py:1988: in _exec_single_context
    self._handle_dbapi_exception(
../../tesis-fim-serio/backend/.venv/lib/python3.13/site-packages/sqlalchemy/engine/base.py:2365: in _handle_dbapi_exception
    raise sqlalchemy_exception.with_traceback(exc_info[2]) from e
../../tesis-fim-serio/backend/.venv/lib/python3.13/site-packages/sqlalchemy/engine/base.py:1969: in _exec_single_context
    self.dialect.do_execute(
../../tesis-fim-serio/backend/.venv/lib/python3.13/site-packages/sqlalchemy/engine/default.py:952: in do_execute
    cursor.execute(statement, parameters)
../../tesis-fim-serio/backend/.venv/lib/python3.13/site-packages/psycopg/cursor.py:97: in execute
    raise ex.with_traceback(None)
E   sqlalchemy.exc.IntegrityError: (psycopg.errors.UniqueViolation) duplicate key value violates unique constraint "ix_users_username"
E   DETAIL:  Key (username)=(admin) already exists.
E   [SQL: INSERT INTO users (username, email, password_hash, role, is_active, must_change_password, created_at) VALUES (%(username)s::VARCHAR, %(email)s::VARCHAR, %(password_hash)s::VARCHAR, %(role)s::VARCHAR, %(is_active)s, %(must_change_password)s, %(created_at)s::TIMESTAMP WITH TIME ZONE) RETURNING users.id]
E   [parameters: {'username': 'admin', 'email': 'admin@fim.local', 'password_hash': '$argon2id$v=19$m=65536,t=3,p=4$2iM/8uZH7mr/c/VKe2MvsA$djDP5cYV7lXTlBoJLy1toAYNGhwk5lQkiJcUVll5g6s', 'role': 'admin', 'is_active': True, 'must_change_password': True, 'created_at': datetime.datetime(2026, 9, 12, 20, 15, 18, 186693, tzinfo=datetime.timezone.utc)}]
E   (Background on this error at: https://sqlalche.me/e/20/gkpj)
________ ERROR at setup of test_notify_event_delivers_on_first_attempt _________
../../tesis-fim-serio/backend/.venv/lib/python3.13/site-packages/sqlalchemy/engine/base.py:1969: in _exec_single_context
    self.dialect.do_execute(
../../tesis-fim-serio/backend/.venv/lib/python3.13/site-packages/sqlalchemy/engine/default.py:952: in do_execute
    cursor.execute(statement, parameters)
../../tesis-fim-serio/backend/.venv/lib/python3.13/site-packages/psycopg/cursor.py:97: in execute
    raise ex.with_traceback(None)
E   psycopg.errors.UniqueViolation: duplicate key value violates unique constraint "ix_users_username"
E   DETAIL:  Key (username)=(admin) already exists.

The above exception was the direct cause of the following exception:
backend/tests/conftest.py:133: in _db_isolation
    _seed_admin_impl()
backend/tests/conftest.py:108: in _seed_admin_impl
    session.commit()
../../tesis-fim-serio/backend/.venv/lib/python3.13/site-packages/sqlalchemy/orm/session.py:2035: in commit
    trans.commit(_to_root=True)
../../tesis-fim-serio/backend/.venv/lib/python3.13/site-packages/sqlalchemy/orm/state_changes.py:137: in _go
    ret_value = fn(self, *arg, **kw)
../../tesis-fim-serio/backend/.venv/lib/python3.13/site-packages/sqlalchemy/orm/session.py:1316: in commit
    self._prepare_impl()
../../tesis-fim-serio/backend/.venv/lib/python3.13/site-packages/sqlalchemy/orm/state_changes.py:137: in _go
    ret_value = fn(self, *arg, **kw)
../../tesis-fim-serio/backend/.venv/lib/python3.13/site-packages/sqlalchemy/orm/session.py:1290: in _prepare_impl
    self.session.flush()
../../tesis-fim-serio/backend/.venv/lib/python3.13/site-packages/sqlalchemy/orm/session.py:4353: in flush
    self._flush(objects)
../../tesis-fim-serio/backend/.venv/lib/python3.13/site-packages/sqlalchemy/orm/session.py:4488: in _flush
    with util.safe_reraise():
../../tesis-fim-serio/backend/.venv/lib/python3.13/site-packages/sqlalchemy/util/langhelpers.py:122: in __exit__
    raise exc_value.with_traceback(exc_tb)
../../tesis-fim-serio/backend/.venv/lib/python3.13/site-packages/sqlalchemy/orm/session.py:4449: in _flush
    flush_context.execute()
../../tesis-fim-serio/backend/.venv/lib/python3.13/site-packages/sqlalchemy/orm/unitofwork.py:465: in execute
    rec.execute(self)
../../tesis-fim-serio/backend/.venv/lib/python3.13/site-packages/sqlalchemy/orm/unitofwork.py:641: in execute
    util.preloaded.orm_persistence.save_obj(
../../tesis-fim-serio/backend/.venv/lib/python3.13/site-packages/sqlalchemy/orm/persistence.py:94: in save_obj
    _emit_insert_statements(
../../tesis-fim-serio/backend/.venv/lib/python3.13/site-packages/sqlalchemy/orm/persistence.py:1234: in _emit_insert_statements
    result = connection.execute(
../../tesis-fim-serio/backend/.venv/lib/python3.13/site-packages/sqlalchemy/engine/base.py:1421: in execute
    return meth(
../../tesis-fim-serio/backend/.venv/lib/python3.13/site-packages/sqlalchemy/sql/elements.py:526: in _execute_on_connection
    return connection._execute_clauseelement(
../../tesis-fim-serio/backend/.venv/lib/python3.13/site-packages/sqlalchemy/engine/base.py:1643: in _execute_clauseelement
    ret = self._execute_context(
../../tesis-fim-serio/backend/.venv/lib/python3.13/site-packages/sqlalchemy/engine/base.py:1848: in _execute_context
    return self._exec_single_context(
../../tesis-fim-serio/backend/.venv/lib/python3.13/site-packages/sqlalchemy/engine/base.py:1988: in _exec_single_context
    self._handle_dbapi_exception(
../../tesis-fim-serio/backend/.venv/lib/python3.13/site-packages/sqlalchemy/engine/base.py:2365: in _handle_dbapi_exception
    raise sqlalchemy_exception.with_traceback(exc_info[2]) from e
../../tesis-fim-serio/backend/.venv/lib/python3.13/site-packages/sqlalchemy/engine/base.py:1969: in _exec_single_context
    self.dialect.do_execute(
../../tesis-fim-serio/backend/.venv/lib/python3.13/site-packages/sqlalchemy/engine/default.py:952: in do_execute
    cursor.execute(statement, parameters)
../../tesis-fim-serio/backend/.venv/lib/python3.13/site-packages/psycopg/cursor.py:97: in execute
    raise ex.with_traceback(None)
E   sqlalchemy.exc.IntegrityError: (psycopg.errors.UniqueViolation) duplicate key value violates unique constraint "ix_users_username"
E   DETAIL:  Key (username)=(admin) already exists.
E   [SQL: INSERT INTO users (username, email, password_hash, role, is_active, must_change_password, created_at) VALUES (%(username)s::VARCHAR, %(email)s::VARCHAR, %(password_hash)s::VARCHAR, %(role)s::VARCHAR, %(is_active)s, %(must_change_password)s, %(created_at)s::TIMESTAMP WITH TIME ZONE) RETURNING users.id]
E   [parameters: {'username': 'admin', 'email': 'admin@fim.local', 'password_hash': '$argon2id$v=19$m=65536,t=3,p=4$GgxbKRxPSXpDvbbIx72wPQ$LduvDobexPhv8FycVfADvzYye1Es4AvubtyIK2rgAFo', 'role': 'admin', 'is_active': True, 'must_change_password': True, 'created_at': datetime.datetime(2026, 9, 12, 20, 15, 18, 716277, tzinfo=datetime.timezone.utc)}]
E   (Background on this error at: https://sqlalche.me/e/20/gkpj)
____________ ERROR at setup of test_notify_event_retry_3x_then_dlq _____________
../../tesis-fim-serio/backend/.venv/lib/python3.13/site-packages/sqlalchemy/engine/base.py:1969: in _exec_single_context
    self.dialect.do_execute(
../../tesis-fim-serio/backend/.venv/lib/python3.13/site-packages/sqlalchemy/engine/default.py:952: in do_execute
    cursor.execute(statement, parameters)
../../tesis-fim-serio/backend/.venv/lib/python3.13/site-packages/psycopg/cursor.py:97: in execute
    raise ex.with_traceback(None)
E   psycopg.errors.UniqueViolation: duplicate key value violates unique constraint "ix_users_username"
E   DETAIL:  Key (username)=(admin) already exists.

The above exception was the direct cause of the following exception:
backend/tests/conftest.py:133: in _db_isolation
    _seed_admin_impl()
backend/tests/conftest.py:108: in _seed_admin_impl
    session.commit()
../../tesis-fim-serio/backend/.venv/lib/python3.13/site-packages/sqlalchemy/orm/session.py:2035: in commit
    trans.commit(_to_root=True)
../../tesis-fim-serio/backend/.venv/lib/python3.13/site-packages/sqlalchemy/orm/state_changes.py:137: in _go
    ret_value = fn(self, *arg, **kw)
../../tesis-fim-serio/backend/.venv/lib/python3.13/site-packages/sqlalchemy/orm/session.py:1316: in commit
    self._prepare_impl()
../../tesis-fim-serio/backend/.venv/lib/python3.13/site-packages/sqlalchemy/orm/state_changes.py:137: in _go
    ret_value = fn(self, *arg, **kw)
../../tesis-fim-serio/backend/.venv/lib/python3.13/site-packages/sqlalchemy/orm/session.py:1290: in _prepare_impl
    self.session.flush()
../../tesis-fim-serio/backend/.venv/lib/python3.13/site-packages/sqlalchemy/orm/session.py:4353: in flush
    self._flush(objects)
../../tesis-fim-serio/backend/.venv/lib/python3.13/site-packages/sqlalchemy/orm/session.py:4488: in _flush
    with util.safe_reraise():
../../tesis-fim-serio/backend/.venv/lib/python3.13/site-packages/sqlalchemy/util/langhelpers.py:122: in __exit__
    raise exc_value.with_traceback(exc_tb)
../../tesis-fim-serio/backend/.venv/lib/python3.13/site-packages/sqlalchemy/orm/session.py:4449: in _flush
    flush_context.execute()
../../tesis-fim-serio/backend/.venv/lib/python3.13/site-packages/sqlalchemy/orm/unitofwork.py:465: in execute
    rec.execute(self)
../../tesis-fim-serio/backend/.venv/lib/python3.13/site-packages/sqlalchemy/orm/unitofwork.py:641: in execute
    util.preloaded.orm_persistence.save_obj(
../../tesis-fim-serio/backend/.venv/lib/python3.13/site-packages/sqlalchemy/orm/persistence.py:94: in save_obj
    _emit_insert_statements(
../../tesis-fim-serio/backend/.venv/lib/python3.13/site-packages/sqlalchemy/orm/persistence.py:1234: in _emit_insert_statements
    result = connection.execute(
../../tesis-fim-serio/backend/.venv/lib/python3.13/site-packages/sqlalchemy/engine/base.py:1421: in execute
    return meth(
../../tesis-fim-serio/backend/.venv/lib/python3.13/site-packages/sqlalchemy/sql/elements.py:526: in _execute_on_connection
    return connection._execute_clauseelement(
../../tesis-fim-serio/backend/.venv/lib/python3.13/site-packages/sqlalchemy/engine/base.py:1643: in _execute_clauseelement
    ret = self._execute_context(
../../tesis-fim-serio/backend/.venv/lib/python3.13/site-packages/sqlalchemy/engine/base.py:1848: in _execute_context
    return self._exec_single_context(
../../tesis-fim-serio/backend/.venv/lib/python3.13/site-packages/sqlalchemy/engine/base.py:1988: in _exec_single_context
    self._handle_dbapi_exception(
../../tesis-fim-serio/backend/.venv/lib/python3.13/site-packages/sqlalchemy/engine/base.py:2365: in _handle_dbapi_exception
    raise sqlalchemy_exception.with_traceback(exc_info[2]) from e
../../tesis-fim-serio/backend/.venv/lib/python3.13/site-packages/sqlalchemy/engine/base.py:1969: in _exec_single_context
    self.dialect.do_execute(
../../tesis-fim-serio/backend/.venv/lib/python3.13/site-packages/sqlalchemy/engine/default.py:952: in do_execute
    cursor.execute(statement, parameters)
../../tesis-fim-serio/backend/.venv/lib/python3.13/site-packages/psycopg/cursor.py:97: in execute
    raise ex.with_traceback(None)
E   sqlalchemy.exc.IntegrityError: (psycopg.errors.UniqueViolation) duplicate key value violates unique constraint "ix_users_username"
E   DETAIL:  Key (username)=(admin) already exists.
E   [SQL: INSERT INTO users (username, email, password_hash, role, is_active, must_change_password, created_at) VALUES (%(username)s::VARCHAR, %(email)s::VARCHAR, %(password_hash)s::VARCHAR, %(role)s::VARCHAR, %(is_active)s, %(must_change_password)s, %(created_at)s::TIMESTAMP WITH TIME ZONE) RETURNING users.id]
E   [parameters: {'username': 'admin', 'email': 'admin@fim.local', 'password_hash': '$argon2id$v=19$m=65536,t=3,p=4$IPax+PspWRSPsC3rXCEXFA$n+2qhc368rA2E98F7Hs4Asn+/1Umnw0HtBtYfIHu4Ak', 'role': 'admin', 'is_active': True, 'must_change_password': True, 'created_at': datetime.datetime(2026, 9, 12, 20, 15, 19, 259678, tzinfo=datetime.timezone.utc)}]
E   (Background on this error at: https://sqlalche.me/e/20/gkpj)
___ ERROR at setup of test_log_only_no_entrega_si_hay_primarios_configurados ___
../../tesis-fim-serio/backend/.venv/lib/python3.13/site-packages/sqlalchemy/engine/base.py:1969: in _exec_single_context
    self.dialect.do_execute(
../../tesis-fim-serio/backend/.venv/lib/python3.13/site-packages/sqlalchemy/engine/default.py:952: in do_execute
    cursor.execute(statement, parameters)
../../tesis-fim-serio/backend/.venv/lib/python3.13/site-packages/psycopg/cursor.py:97: in execute
    raise ex.with_traceback(None)
E   psycopg.errors.UniqueViolation: duplicate key value violates unique constraint "ix_users_username"
E   DETAIL:  Key (username)=(admin) already exists.

The above exception was the direct cause of the following exception:
backend/tests/conftest.py:133: in _db_isolation
    _seed_admin_impl()
backend/tests/conftest.py:108: in _seed_admin_impl
    session.commit()
../../tesis-fim-serio/backend/.venv/lib/python3.13/site-packages/sqlalchemy/orm/session.py:2035: in commit
    trans.commit(_to_root=True)
../../tesis-fim-serio/backend/.venv/lib/python3.13/site-packages/sqlalchemy/orm/state_changes.py:137: in _go
    ret_value = fn(self, *arg, **kw)
../../tesis-fim-serio/backend/.venv/lib/python3.13/site-packages/sqlalchemy/orm/session.py:1316: in commit
    self._prepare_impl()
../../tesis-fim-serio/backend/.venv/lib/python3.13/site-packages/sqlalchemy/orm/state_changes.py:137: in _go
    ret_value = fn(self, *arg, **kw)
../../tesis-fim-serio/backend/.venv/lib/python3.13/site-packages/sqlalchemy/orm/session.py:1290: in _prepare_impl
    self.session.flush()
../../tesis-fim-serio/backend/.venv/lib/python3.13/site-packages/sqlalchemy/orm/session.py:4353: in flush
    self._flush(objects)
../../tesis-fim-serio/backend/.venv/lib/python3.13/site-packages/sqlalchemy/orm/session.py:4488: in _flush
    with util.safe_reraise():
../../tesis-fim-serio/backend/.venv/lib/python3.13/site-packages/sqlalchemy/util/langhelpers.py:122: in __exit__
    raise exc_value.with_traceback(exc_tb)
../../tesis-fim-serio/backend/.venv/lib/python3.13/site-packages/sqlalchemy/orm/session.py:4449: in _flush
    flush_context.execute()
../../tesis-fim-serio/backend/.venv/lib/python3.13/site-packages/sqlalchemy/orm/unitofwork.py:465: in execute
    rec.execute(self)
../../tesis-fim-serio/backend/.venv/lib/python3.13/site-packages/sqlalchemy/orm/unitofwork.py:641: in execute
    util.preloaded.orm_persistence.save_obj(
../../tesis-fim-serio/backend/.venv/lib/python3.13/site-packages/sqlalchemy/orm/persistence.py:94: in save_obj
    _emit_insert_statements(
../../tesis-fim-serio/backend/.venv/lib/python3.13/site-packages/sqlalchemy/orm/persistence.py:1234: in _emit_insert_statements
    result = connection.execute(
../../tesis-fim-serio/backend/.venv/lib/python3.13/site-packages/sqlalchemy/engine/base.py:1421: in execute
    return meth(
../../tesis-fim-serio/backend/.venv/lib/python3.13/site-packages/sqlalchemy/sql/elements.py:526: in _execute_on_connection
    return connection._execute_clauseelement(
../../tesis-fim-serio/backend/.venv/lib/python3.13/site-packages/sqlalchemy/engine/base.py:1643: in _execute_clauseelement
    ret = self._execute_context(
../../tesis-fim-serio/backend/.venv/lib/python3.13/site-packages/sqlalchemy/engine/base.py:1848: in _execute_context
    return self._exec_single_context(
../../tesis-fim-serio/backend/.venv/lib/python3.13/site-packages/sqlalchemy/engine/base.py:1988: in _exec_single_context
    self._handle_dbapi_exception(
../../tesis-fim-serio/backend/.venv/lib/python3.13/site-packages/sqlalchemy/engine/base.py:2365: in _handle_dbapi_exception
    raise sqlalchemy_exception.with_traceback(exc_info[2]) from e
../../tesis-fim-serio/backend/.venv/lib/python3.13/site-packages/sqlalchemy/engine/base.py:1969: in _exec_single_context
    self.dialect.do_execute(
../../tesis-fim-serio/backend/.venv/lib/python3.13/site-packages/sqlalchemy/engine/default.py:952: in do_execute
    cursor.execute(statement, parameters)
../../tesis-fim-serio/backend/.venv/lib/python3.13/site-packages/psycopg/cursor.py:97: in execute
    raise ex.with_traceback(None)
E   sqlalchemy.exc.IntegrityError: (psycopg.errors.UniqueViolation) duplicate key value violates unique constraint "ix_users_username"
E   DETAIL:  Key (username)=(admin) already exists.
E   [SQL: INSERT INTO users (username, email, password_hash, role, is_active, must_change_password, created_at) VALUES (%(username)s::VARCHAR, %(email)s::VARCHAR, %(password_hash)s::VARCHAR, %(role)s::VARCHAR, %(is_active)s, %(must_change_password)s, %(created_at)s::TIMESTAMP WITH TIME ZONE) RETURNING users.id]
E   [parameters: {'username': 'admin', 'email': 'admin@fim.local', 'password_hash': '$argon2id$v=19$m=65536,t=3,p=4$oiOoL/TLLHdMQpMtCK9F9g$kRA8GCV9VhL+D5GWMeYnzDkDmL2GAjTSyMdRGDDmeLY', 'role': 'admin', 'is_active': True, 'must_change_password': True, 'created_at': datetime.datetime(2026, 9, 12, 20, 15, 19, 755354, tzinfo=datetime.timezone.utc)}]
E   (Background on this error at: https://sqlalche.me/e/20/gkpj)
_________ ERROR at setup of test_get_failed_alerts_returns_only_failed _________
../../tesis-fim-serio/backend/.venv/lib/python3.13/site-packages/sqlalchemy/engine/base.py:1969: in _exec_single_context
    self.dialect.do_execute(
../../tesis-fim-serio/backend/.venv/lib/python3.13/site-packages/sqlalchemy/engine/default.py:952: in do_execute
    cursor.execute(statement, parameters)
../../tesis-fim-serio/backend/.venv/lib/python3.13/site-packages/psycopg/cursor.py:97: in execute
    raise ex.with_traceback(None)
E   psycopg.errors.UniqueViolation: duplicate key value violates unique constraint "ix_users_username"
E   DETAIL:  Key (username)=(admin) already exists.

The above exception was the direct cause of the following exception:
backend/tests/conftest.py:133: in _db_isolation
    _seed_admin_impl()
backend/tests/conftest.py:108: in _seed_admin_impl
    session.commit()
../../tesis-fim-serio/backend/.venv/lib/python3.13/site-packages/sqlalchemy/orm/session.py:2035: in commit
    trans.commit(_to_root=True)
../../tesis-fim-serio/backend/.venv/lib/python3.13/site-packages/sqlalchemy/orm/state_changes.py:137: in _go
    ret_value = fn(self, *arg, **kw)
../../tesis-fim-serio/backend/.venv/lib/python3.13/site-packages/sqlalchemy/orm/session.py:1316: in commit
    self._prepare_impl()
../../tesis-fim-serio/backend/.venv/lib/python3.13/site-packages/sqlalchemy/orm/state_changes.py:137: in _go
    ret_value = fn(self, *arg, **kw)
../../tesis-fim-serio/backend/.venv/lib/python3.13/site-packages/sqlalchemy/orm/session.py:1290: in _prepare_impl
    self.session.flush()
../../tesis-fim-serio/backend/.venv/lib/python3.13/site-packages/sqlalchemy/orm/session.py:4353: in flush
    self._flush(objects)
../../tesis-fim-serio/backend/.venv/lib/python3.13/site-packages/sqlalchemy/orm/session.py:4488: in _flush
    with util.safe_reraise():
../../tesis-fim-serio/backend/.venv/lib/python3.13/site-packages/sqlalchemy/util/langhelpers.py:122: in __exit__
    raise exc_value.with_traceback(exc_tb)
../../tesis-fim-serio/backend/.venv/lib/python3.13/site-packages/sqlalchemy/orm/session.py:4449: in _flush
    flush_context.execute()
../../tesis-fim-serio/backend/.venv/lib/python3.13/site-packages/sqlalchemy/orm/unitofwork.py:465: in execute
    rec.execute(self)
../../tesis-fim-serio/backend/.venv/lib/python3.13/site-packages/sqlalchemy/orm/unitofwork.py:641: in execute
    util.preloaded.orm_persistence.save_obj(
../../tesis-fim-serio/backend/.venv/lib/python3.13/site-packages/sqlalchemy/orm/persistence.py:94: in save_obj
    _emit_insert_statements(
../../tesis-fim-serio/backend/.venv/lib/python3.13/site-packages/sqlalchemy/orm/persistence.py:1234: in _emit_insert_statements
    result = connection.execute(
../../tesis-fim-serio/backend/.venv/lib/python3.13/site-packages/sqlalchemy/engine/base.py:1421: in execute
    return meth(
../../tesis-fim-serio/backend/.venv/lib/python3.13/site-packages/sqlalchemy/sql/elements.py:526: in _execute_on_connection
    return connection._execute_clauseelement(
../../tesis-fim-serio/backend/.venv/lib/python3.13/site-packages/sqlalchemy/engine/base.py:1643: in _execute_clauseelement
    ret = self._execute_context(
../../tesis-fim-serio/backend/.venv/lib/python3.13/site-packages/sqlalchemy/engine/base.py:1848: in _execute_context
    return self._exec_single_context(
../../tesis-fim-serio/backend/.venv/lib/python3.13/site-packages/sqlalchemy/engine/base.py:1988: in _exec_single_context
    self._handle_dbapi_exception(
../../tesis-fim-serio/backend/.venv/lib/python3.13/site-packages/sqlalchemy/engine/base.py:2365: in _handle_dbapi_exception
    raise sqlalchemy_exception.with_traceback(exc_info[2]) from e
../../tesis-fim-serio/backend/.venv/lib/python3.13/site-packages/sqlalchemy/engine/base.py:1969: in _exec_single_context
    self.dialect.do_execute(
../../tesis-fim-serio/backend/.venv/lib/python3.13/site-packages/sqlalchemy/engine/default.py:952: in do_execute
    cursor.execute(statement, parameters)
../../tesis-fim-serio/backend/.venv/lib/python3.13/site-packages/psycopg/cursor.py:97: in execute
    raise ex.with_traceback(None)
E   sqlalchemy.exc.IntegrityError: (psycopg.errors.UniqueViolation) duplicate key value violates unique constraint "ix_users_username"
E   DETAIL:  Key (username)=(admin) already exists.
E   [SQL: INSERT INTO users (username, email, password_hash, role, is_active, must_change_password, created_at) VALUES (%(username)s::VARCHAR, %(email)s::VARCHAR, %(password_hash)s::VARCHAR, %(role)s::VARCHAR, %(is_active)s, %(must_change_password)s, %(created_at)s::TIMESTAMP WITH TIME ZONE) RETURNING users.id]
E   [parameters: {'username': 'admin', 'email': 'admin@fim.local', 'password_hash': '$argon2id$v=19$m=65536,t=3,p=4$tJYLDHOsR/VpaYG6JqD13A$iw/WfMexaIYDJVeJ+M9q81yR1necUrANF5XpAiuX3j8', 'role': 'admin', 'is_active': True, 'must_change_password': True, 'created_at': datetime.datetime(2026, 9, 12, 20, 15, 20, 647955, tzinfo=datetime.timezone.utc)}]
E   (Background on this error at: https://sqlalche.me/e/20/gkpj)
____ ERROR at setup of test_confirmed_rename_applies_without_a_later_delta _____
../../tesis-fim-serio/backend/.venv/lib/python3.13/site-packages/sqlalchemy/engine/base.py:1969: in _exec_single_context
    self.dialect.do_execute(
../../tesis-fim-serio/backend/.venv/lib/python3.13/site-packages/sqlalchemy/engine/default.py:952: in do_execute
    cursor.execute(statement, parameters)
../../tesis-fim-serio/backend/.venv/lib/python3.13/site-packages/psycopg/cursor.py:97: in execute
    raise ex.with_traceback(None)
E   psycopg.errors.UniqueViolation: duplicate key value violates unique constraint "ix_users_username"
E   DETAIL:  Key (username)=(admin) already exists.

The above exception was the direct cause of the following exception:
backend/tests/conftest.py:133: in _db_isolation
    _seed_admin_impl()
backend/tests/conftest.py:108: in _seed_admin_impl
    session.commit()
../../tesis-fim-serio/backend/.venv/lib/python3.13/site-packages/sqlalchemy/orm/session.py:2035: in commit
    trans.commit(_to_root=True)
../../tesis-fim-serio/backend/.venv/lib/python3.13/site-packages/sqlalchemy/orm/state_changes.py:137: in _go
    ret_value = fn(self, *arg, **kw)
../../tesis-fim-serio/backend/.venv/lib/python3.13/site-packages/sqlalchemy/orm/session.py:1316: in commit
    self._prepare_impl()
../../tesis-fim-serio/backend/.venv/lib/python3.13/site-packages/sqlalchemy/orm/state_changes.py:137: in _go
    ret_value = fn(self, *arg, **kw)
../../tesis-fim-serio/backend/.venv/lib/python3.13/site-packages/sqlalchemy/orm/session.py:1290: in _prepare_impl
    self.session.flush()
../../tesis-fim-serio/backend/.venv/lib/python3.13/site-packages/sqlalchemy/orm/session.py:4353: in flush
    self._flush(objects)
../../tesis-fim-serio/backend/.venv/lib/python3.13/site-packages/sqlalchemy/orm/session.py:4488: in _flush
    with util.safe_reraise():
../../tesis-fim-serio/backend/.venv/lib/python3.13/site-packages/sqlalchemy/util/langhelpers.py:122: in __exit__
    raise exc_value.with_traceback(exc_tb)
../../tesis-fim-serio/backend/.venv/lib/python3.13/site-packages/sqlalchemy/orm/session.py:4449: in _flush
    flush_context.execute()
../../tesis-fim-serio/backend/.venv/lib/python3.13/site-packages/sqlalchemy/orm/unitofwork.py:465: in execute
    rec.execute(self)
../../tesis-fim-serio/backend/.venv/lib/python3.13/site-packages/sqlalchemy/orm/unitofwork.py:641: in execute
    util.preloaded.orm_persistence.save_obj(
../../tesis-fim-serio/backend/.venv/lib/python3.13/site-packages/sqlalchemy/orm/persistence.py:94: in save_obj
    _emit_insert_statements(
../../tesis-fim-serio/backend/.venv/lib/python3.13/site-packages/sqlalchemy/orm/persistence.py:1234: in _emit_insert_statements
    result = connection.execute(
../../tesis-fim-serio/backend/.venv/lib/python3.13/site-packages/sqlalchemy/engine/base.py:1421: in execute
    return meth(
../../tesis-fim-serio/backend/.venv/lib/python3.13/site-packages/sqlalchemy/sql/elements.py:526: in _execute_on_connection
    return connection._execute_clauseelement(
../../tesis-fim-serio/backend/.venv/lib/python3.13/site-packages/sqlalchemy/engine/base.py:1643: in _execute_clauseelement
    ret = self._execute_context(
../../tesis-fim-serio/backend/.venv/lib/python3.13/site-packages/sqlalchemy/engine/base.py:1848: in _execute_context
    return self._exec_single_context(
../../tesis-fim-serio/backend/.venv/lib/python3.13/site-packages/sqlalchemy/engine/base.py:1988: in _exec_single_context
    self._handle_dbapi_exception(
../../tesis-fim-serio/backend/.venv/lib/python3.13/site-packages/sqlalchemy/engine/base.py:2365: in _handle_dbapi_exception
    raise sqlalchemy_exception.with_traceback(exc_info[2]) from e
../../tesis-fim-serio/backend/.venv/lib/python3.13/site-packages/sqlalchemy/engine/base.py:1969: in _exec_single_context
    self.dialect.do_execute(
../../tesis-fim-serio/backend/.venv/lib/python3.13/site-packages/sqlalchemy/engine/default.py:952: in do_execute
    cursor.execute(statement, parameters)
../../tesis-fim-serio/backend/.venv/lib/python3.13/site-packages/psycopg/cursor.py:97: in execute
    raise ex.with_traceback(None)
E   sqlalchemy.exc.IntegrityError: (psycopg.errors.UniqueViolation) duplicate key value violates unique constraint "ix_users_username"
E   DETAIL:  Key (username)=(admin) already exists.
E   [SQL: INSERT INTO users (username, email, password_hash, role, is_active, must_change_password, created_at) VALUES (%(username)s::VARCHAR, %(email)s::VARCHAR, %(password_hash)s::VARCHAR, %(role)s::VARCHAR, %(is_active)s, %(must_change_password)s, %(created_at)s::TIMESTAMP WITH TIME ZONE) RETURNING users.id]
E   [parameters: {'username': 'admin', 'email': 'admin@fim.local', 'password_hash': '$argon2id$v=19$m=65536,t=3,p=4$sdbdvqBffp9W9gdgg55VZA$b8pkh6nOlN6R/UfudAamX4tVblgVKXievTKunObiG08', 'role': 'admin', 'is_active': True, 'must_change_password': True, 'created_at': datetime.datetime(2026, 9, 12, 20, 15, 23, 968320, tzinfo=datetime.timezone.utc)}]
E   (Background on this error at: https://sqlalche.me/e/20/gkpj)
_ ERROR at setup of test_enqueue_update_config_creates_pending_command_without_advancing_version _
../../tesis-fim-serio/backend/.venv/lib/python3.13/site-packages/sqlalchemy/engine/base.py:1969: in _exec_single_context
    self.dialect.do_execute(
../../tesis-fim-serio/backend/.venv/lib/python3.13/site-packages/sqlalchemy/engine/default.py:952: in do_execute
    cursor.execute(statement, parameters)
../../tesis-fim-serio/backend/.venv/lib/python3.13/site-packages/psycopg/cursor.py:97: in execute
    raise ex.with_traceback(None)
E   psycopg.errors.UniqueViolation: duplicate key value violates unique constraint "ix_users_username"
E   DETAIL:  Key (username)=(admin) already exists.

The above exception was the direct cause of the following exception:
backend/tests/conftest.py:133: in _db_isolation
    _seed_admin_impl()
backend/tests/conftest.py:108: in _seed_admin_impl
    session.commit()
../../tesis-fim-serio/backend/.venv/lib/python3.13/site-packages/sqlalchemy/orm/session.py:2035: in commit
    trans.commit(_to_root=True)
../../tesis-fim-serio/backend/.venv/lib/python3.13/site-packages/sqlalchemy/orm/state_changes.py:137: in _go
    ret_value = fn(self, *arg, **kw)
../../tesis-fim-serio/backend/.venv/lib/python3.13/site-packages/sqlalchemy/orm/session.py:1316: in commit
    self._prepare_impl()
../../tesis-fim-serio/backend/.venv/lib/python3.13/site-packages/sqlalchemy/orm/state_changes.py:137: in _go
    ret_value = fn(self, *arg, **kw)
../../tesis-fim-serio/backend/.venv/lib/python3.13/site-packages/sqlalchemy/orm/session.py:1290: in _prepare_impl
    self.session.flush()
../../tesis-fim-serio/backend/.venv/lib/python3.13/site-packages/sqlalchemy/orm/session.py:4353: in flush
    self._flush(objects)
../../tesis-fim-serio/backend/.venv/lib/python3.13/site-packages/sqlalchemy/orm/session.py:4488: in _flush
    with util.safe_reraise():
../../tesis-fim-serio/backend/.venv/lib/python3.13/site-packages/sqlalchemy/util/langhelpers.py:122: in __exit__
    raise exc_value.with_traceback(exc_tb)
../../tesis-fim-serio/backend/.venv/lib/python3.13/site-packages/sqlalchemy/orm/session.py:4449: in _flush
    flush_context.execute()
../../tesis-fim-serio/backend/.venv/lib/python3.13/site-packages/sqlalchemy/orm/unitofwork.py:465: in execute
    rec.execute(self)
../../tesis-fim-serio/backend/.venv/lib/python3.13/site-packages/sqlalchemy/orm/unitofwork.py:641: in execute
    util.preloaded.orm_persistence.save_obj(
../../tesis-fim-serio/backend/.venv/lib/python3.13/site-packages/sqlalchemy/orm/persistence.py:94: in save_obj
    _emit_insert_statements(
../../tesis-fim-serio/backend/.venv/lib/python3.13/site-packages/sqlalchemy/orm/persistence.py:1234: in _emit_insert_statements
    result = connection.execute(
../../tesis-fim-serio/backend/.venv/lib/python3.13/site-packages/sqlalchemy/engine/base.py:1421: in execute
    return meth(
../../tesis-fim-serio/backend/.venv/lib/python3.13/site-packages/sqlalchemy/sql/elements.py:526: in _execute_on_connection
    return connection._execute_clauseelement(
../../tesis-fim-serio/backend/.venv/lib/python3.13/site-packages/sqlalchemy/engine/base.py:1643: in _execute_clauseelement
    ret = self._execute_context(
../../tesis-fim-serio/backend/.venv/lib/python3.13/site-packages/sqlalchemy/engine/base.py:1848: in _execute_context
    return self._exec_single_context(
../../tesis-fim-serio/backend/.venv/lib/python3.13/site-packages/sqlalchemy/engine/base.py:1988: in _exec_single_context
    self._handle_dbapi_exception(
../../tesis-fim-serio/backend/.venv/lib/python3.13/site-packages/sqlalchemy/engine/base.py:2365: in _handle_dbapi_exception
    raise sqlalchemy_exception.with_traceback(exc_info[2]) from e
../../tesis-fim-serio/backend/.venv/lib/python3.13/site-packages/sqlalchemy/engine/base.py:1969: in _exec_single_context
    self.dialect.do_execute(
../../tesis-fim-serio/backend/.venv/lib/python3.13/site-packages/sqlalchemy/engine/default.py:952: in do_execute
    cursor.execute(statement, parameters)
../../tesis-fim-serio/backend/.venv/lib/python3.13/site-packages/psycopg/cursor.py:97: in execute
    raise ex.with_traceback(None)
E   sqlalchemy.exc.IntegrityError: (psycopg.errors.UniqueViolation) duplicate key value violates unique constraint "ix_users_username"
E   DETAIL:  Key (username)=(admin) already exists.
E   [SQL: INSERT INTO users (username, email, password_hash, role, is_active, must_change_password, created_at) VALUES (%(username)s::VARCHAR, %(email)s::VARCHAR, %(password_hash)s::VARCHAR, %(role)s::VARCHAR, %(is_active)s, %(must_change_password)s, %(created_at)s::TIMESTAMP WITH TIME ZONE) RETURNING users.id]
E   [parameters: {'username': 'admin', 'email': 'admin@fim.local', 'password_hash': '$argon2id$v=19$m=65536,t=3,p=4$4zx02PYmSwEjvIGYC5/nyA$cBv6VqoiAOA04B4smykTXaTn8Bel4GBaBKWFiC5y5s4', 'role': 'admin', 'is_active': True, 'must_change_password': True, 'created_at': datetime.datetime(2026, 9, 12, 20, 15, 24, 465582, tzinfo=datetime.timezone.utc)}]
E   (Background on this error at: https://sqlalche.me/e/20/gkpj)
____________ ERROR at setup of test_delete_rule_no_auth_returns_401 ____________
../../tesis-fim-serio/backend/.venv/lib/python3.13/site-packages/sqlalchemy/engine/base.py:1969: in _exec_single_context
    self.dialect.do_execute(
../../tesis-fim-serio/backend/.venv/lib/python3.13/site-packages/sqlalchemy/engine/default.py:952: in do_execute
    cursor.execute(statement, parameters)
../../tesis-fim-serio/backend/.venv/lib/python3.13/site-packages/psycopg/cursor.py:97: in execute
    raise ex.with_traceback(None)
E   psycopg.errors.UniqueViolation: duplicate key value violates unique constraint "ix_users_username"
E   DETAIL:  Key (username)=(admin) already exists.

The above exception was the direct cause of the following exception:
backend/tests/conftest.py:133: in _db_isolation
    _seed_admin_impl()
backend/tests/conftest.py:108: in _seed_admin_impl
    session.commit()
../../tesis-fim-serio/backend/.venv/lib/python3.13/site-packages/sqlalchemy/orm/session.py:2035: in commit
    trans.commit(_to_root=True)
../../tesis-fim-serio/backend/.venv/lib/python3.13/site-packages/sqlalchemy/orm/state_changes.py:137: in _go
    ret_value = fn(self, *arg, **kw)
../../tesis-fim-serio/backend/.venv/lib/python3.13/site-packages/sqlalchemy/orm/session.py:1316: in commit
    self._prepare_impl()
../../tesis-fim-serio/backend/.venv/lib/python3.13/site-packages/sqlalchemy/orm/state_changes.py:137: in _go
    ret_value = fn(self, *arg, **kw)
../../tesis-fim-serio/backend/.venv/lib/python3.13/site-packages/sqlalchemy/orm/session.py:1290: in _prepare_impl
    self.session.flush()
../../tesis-fim-serio/backend/.venv/lib/python3.13/site-packages/sqlalchemy/orm/session.py:4353: in flush
    self._flush(objects)
../../tesis-fim-serio/backend/.venv/lib/python3.13/site-packages/sqlalchemy/orm/session.py:4488: in _flush
    with util.safe_reraise():
../../tesis-fim-serio/backend/.venv/lib/python3.13/site-packages/sqlalchemy/util/langhelpers.py:122: in __exit__
    raise exc_value.with_traceback(exc_tb)
../../tesis-fim-serio/backend/.venv/lib/python3.13/site-packages/sqlalchemy/orm/session.py:4449: in _flush
    flush_context.execute()
../../tesis-fim-serio/backend/.venv/lib/python3.13/site-packages/sqlalchemy/orm/unitofwork.py:465: in execute
    rec.execute(self)
../../tesis-fim-serio/backend/.venv/lib/python3.13/site-packages/sqlalchemy/orm/unitofwork.py:641: in execute
    util.preloaded.orm_persistence.save_obj(
../../tesis-fim-serio/backend/.venv/lib/python3.13/site-packages/sqlalchemy/orm/persistence.py:94: in save_obj
    _emit_insert_statements(
../../tesis-fim-serio/backend/.venv/lib/python3.13/site-packages/sqlalchemy/orm/persistence.py:1234: in _emit_insert_statements
    result = connection.execute(
../../tesis-fim-serio/backend/.venv/lib/python3.13/site-packages/sqlalchemy/engine/base.py:1421: in execute
    return meth(
../../tesis-fim-serio/backend/.venv/lib/python3.13/site-packages/sqlalchemy/sql/elements.py:526: in _execute_on_connection
    return connection._execute_clauseelement(
../../tesis-fim-serio/backend/.venv/lib/python3.13/site-packages/sqlalchemy/engine/base.py:1643: in _execute_clauseelement
    ret = self._execute_context(
../../tesis-fim-serio/backend/.venv/lib/python3.13/site-packages/sqlalchemy/engine/base.py:1848: in _execute_context
    return self._exec_single_context(
../../tesis-fim-serio/backend/.venv/lib/python3.13/site-packages/sqlalchemy/engine/base.py:1988: in _exec_single_context
    self._handle_dbapi_exception(
../../tesis-fim-serio/backend/.venv/lib/python3.13/site-packages/sqlalchemy/engine/base.py:2365: in _handle_dbapi_exception
    raise sqlalchemy_exception.with_traceback(exc_info[2]) from e
../../tesis-fim-serio/backend/.venv/lib/python3.13/site-packages/sqlalchemy/engine/base.py:1969: in _exec_single_context
    self.dialect.do_execute(
../../tesis-fim-serio/backend/.venv/lib/python3.13/site-packages/sqlalchemy/engine/default.py:952: in do_execute
    cursor.execute(statement, parameters)
../../tesis-fim-serio/backend/.venv/lib/python3.13/site-packages/psycopg/cursor.py:97: in execute
    raise ex.with_traceback(None)
E   sqlalchemy.exc.IntegrityError: (psycopg.errors.UniqueViolation) duplicate key value violates unique constraint "ix_users_username"
E   DETAIL:  Key (username)=(admin) already exists.
E   [SQL: INSERT INTO users (username, email, password_hash, role, is_active, must_change_password, created_at) VALUES (%(username)s::VARCHAR, %(email)s::VARCHAR, %(password_hash)s::VARCHAR, %(role)s::VARCHAR, %(is_active)s, %(must_change_password)s, %(created_at)s::TIMESTAMP WITH TIME ZONE) RETURNING users.id]
E   [parameters: {'username': 'admin', 'email': 'admin@fim.local', 'password_hash': '$argon2id$v=19$m=65536,t=3,p=4$rJipEBrAemZYn5efFWg7mg$v7CEcQ7gWHKbznFdmtkAdaVVfFlpPevzKB4X9y1l4gA', 'role': 'admin', 'is_active': True, 'must_change_password': True, 'created_at': datetime.datetime(2026, 9, 12, 20, 15, 26, 942309, tzinfo=datetime.timezone.utc)}]
E   (Background on this error at: https://sqlalche.me/e/20/gkpj)
_________ ERROR at setup of test_concurrent_increments_no_lost_update __________
../../tesis-fim-serio/backend/.venv/lib/python3.13/site-packages/sqlalchemy/engine/base.py:1969: in _exec_single_context
    self.dialect.do_execute(
../../tesis-fim-serio/backend/.venv/lib/python3.13/site-packages/sqlalchemy/engine/default.py:952: in do_execute
    cursor.execute(statement, parameters)
../../tesis-fim-serio/backend/.venv/lib/python3.13/site-packages/psycopg/cursor.py:97: in execute
    raise ex.with_traceback(None)
E   psycopg.errors.UniqueViolation: duplicate key value violates unique constraint "ix_users_username"
E   DETAIL:  Key (username)=(admin) already exists.

The above exception was the direct cause of the following exception:
backend/tests/conftest.py:133: in _db_isolation
    _seed_admin_impl()
backend/tests/conftest.py:108: in _seed_admin_impl
    session.commit()
../../tesis-fim-serio/backend/.venv/lib/python3.13/site-packages/sqlalchemy/orm/session.py:2035: in commit
    trans.commit(_to_root=True)
../../tesis-fim-serio/backend/.venv/lib/python3.13/site-packages/sqlalchemy/orm/state_changes.py:137: in _go
    ret_value = fn(self, *arg, **kw)
../../tesis-fim-serio/backend/.venv/lib/python3.13/site-packages/sqlalchemy/orm/session.py:1316: in commit
    self._prepare_impl()
../../tesis-fim-serio/backend/.venv/lib/python3.13/site-packages/sqlalchemy/orm/state_changes.py:137: in _go
    ret_value = fn(self, *arg, **kw)
../../tesis-fim-serio/backend/.venv/lib/python3.13/site-packages/sqlalchemy/orm/session.py:1290: in _prepare_impl
    self.session.flush()
../../tesis-fim-serio/backend/.venv/lib/python3.13/site-packages/sqlalchemy/orm/session.py:4353: in flush
    self._flush(objects)
../../tesis-fim-serio/backend/.venv/lib/python3.13/site-packages/sqlalchemy/orm/session.py:4488: in _flush
    with util.safe_reraise():
../../tesis-fim-serio/backend/.venv/lib/python3.13/site-packages/sqlalchemy/util/langhelpers.py:122: in __exit__
    raise exc_value.with_traceback(exc_tb)
../../tesis-fim-serio/backend/.venv/lib/python3.13/site-packages/sqlalchemy/orm/session.py:4449: in _flush
    flush_context.execute()
../../tesis-fim-serio/backend/.venv/lib/python3.13/site-packages/sqlalchemy/orm/unitofwork.py:465: in execute
    rec.execute(self)
../../tesis-fim-serio/backend/.venv/lib/python3.13/site-packages/sqlalchemy/orm/unitofwork.py:641: in execute
    util.preloaded.orm_persistence.save_obj(
../../tesis-fim-serio/backend/.venv/lib/python3.13/site-packages/sqlalchemy/orm/persistence.py:94: in save_obj
    _emit_insert_statements(
../../tesis-fim-serio/backend/.venv/lib/python3.13/site-packages/sqlalchemy/orm/persistence.py:1234: in _emit_insert_statements
    result = connection.execute(
../../tesis-fim-serio/backend/.venv/lib/python3.13/site-packages/sqlalchemy/engine/base.py:1421: in execute
    return meth(
../../tesis-fim-serio/backend/.venv/lib/python3.13/site-packages/sqlalchemy/sql/elements.py:526: in _execute_on_connection
    return connection._execute_clauseelement(
../../tesis-fim-serio/backend/.venv/lib/python3.13/site-packages/sqlalchemy/engine/base.py:1643: in _execute_clauseelement
    ret = self._execute_context(
../../tesis-fim-serio/backend/.venv/lib/python3.13/site-packages/sqlalchemy/engine/base.py:1848: in _execute_context
    return self._exec_single_context(
../../tesis-fim-serio/backend/.venv/lib/python3.13/site-packages/sqlalchemy/engine/base.py:1988: in _exec_single_context
    self._handle_dbapi_exception(
../../tesis-fim-serio/backend/.venv/lib/python3.13/site-packages/sqlalchemy/engine/base.py:2365: in _handle_dbapi_exception
    raise sqlalchemy_exception.with_traceback(exc_info[2]) from e
../../tesis-fim-serio/backend/.venv/lib/python3.13/site-packages/sqlalchemy/engine/base.py:1969: in _exec_single_context
    self.dialect.do_execute(
../../tesis-fim-serio/backend/.venv/lib/python3.13/site-packages/sqlalchemy/engine/default.py:952: in do_execute
    cursor.execute(statement, parameters)
../../tesis-fim-serio/backend/.venv/lib/python3.13/site-packages/psycopg/cursor.py:97: in execute
    raise ex.with_traceback(None)
E   sqlalchemy.exc.IntegrityError: (psycopg.errors.UniqueViolation) duplicate key value violates unique constraint "ix_users_username"
E   DETAIL:  Key (username)=(admin) already exists.
E   [SQL: INSERT INTO users (username, email, password_hash, role, is_active, must_change_password, created_at) VALUES (%(username)s::VARCHAR, %(email)s::VARCHAR, %(password_hash)s::VARCHAR, %(role)s::VARCHAR, %(is_active)s, %(must_change_password)s, %(created_at)s::TIMESTAMP WITH TIME ZONE) RETURNING users.id]
E   [parameters: {'username': 'admin', 'email': 'admin@fim.local', 'password_hash': '$argon2id$v=19$m=65536,t=3,p=4$MbVfw2496booX+W7hxGT0Q$5EWiyxksRYwqW7Ul7Uw6fLrhMLThhILUMCyj1ygj7Yw', 'role': 'admin', 'is_active': True, 'must_change_password': True, 'created_at': datetime.datetime(2026, 9, 12, 20, 15, 32, 273523, tzinfo=datetime.timezone.utc)}]
E   (Background on this error at: https://sqlalche.me/e/20/gkpj)
________________ ERROR at setup of test_plain_relay_without_tls ________________
../../tesis-fim-serio/backend/.venv/lib/python3.13/site-packages/sqlalchemy/engine/base.py:1969: in _exec_single_context
    self.dialect.do_execute(
../../tesis-fim-serio/backend/.venv/lib/python3.13/site-packages/sqlalchemy/engine/default.py:952: in do_execute
    cursor.execute(statement, parameters)
../../tesis-fim-serio/backend/.venv/lib/python3.13/site-packages/psycopg/cursor.py:97: in execute
    raise ex.with_traceback(None)
E   psycopg.errors.UniqueViolation: duplicate key value violates unique constraint "ix_users_username"
E   DETAIL:  Key (username)=(admin) already exists.

The above exception was the direct cause of the following exception:
backend/tests/conftest.py:133: in _db_isolation
    _seed_admin_impl()
backend/tests/conftest.py:108: in _seed_admin_impl
    session.commit()
../../tesis-fim-serio/backend/.venv/lib/python3.13/site-packages/sqlalchemy/orm/session.py:2035: in commit
    trans.commit(_to_root=True)
../../tesis-fim-serio/backend/.venv/lib/python3.13/site-packages/sqlalchemy/orm/state_changes.py:137: in _go
    ret_value = fn(self, *arg, **kw)
../../tesis-fim-serio/backend/.venv/lib/python3.13/site-packages/sqlalchemy/orm/session.py:1316: in commit
    self._prepare_impl()
../../tesis-fim-serio/backend/.venv/lib/python3.13/site-packages/sqlalchemy/orm/state_changes.py:137: in _go
    ret_value = fn(self, *arg, **kw)
../../tesis-fim-serio/backend/.venv/lib/python3.13/site-packages/sqlalchemy/orm/session.py:1290: in _prepare_impl
    self.session.flush()
../../tesis-fim-serio/backend/.venv/lib/python3.13/site-packages/sqlalchemy/orm/session.py:4353: in flush
    self._flush(objects)
../../tesis-fim-serio/backend/.venv/lib/python3.13/site-packages/sqlalchemy/orm/session.py:4488: in _flush
    with util.safe_reraise():
../../tesis-fim-serio/backend/.venv/lib/python3.13/site-packages/sqlalchemy/util/langhelpers.py:122: in __exit__
    raise exc_value.with_traceback(exc_tb)
../../tesis-fim-serio/backend/.venv/lib/python3.13/site-packages/sqlalchemy/orm/session.py:4449: in _flush
    flush_context.execute()
../../tesis-fim-serio/backend/.venv/lib/python3.13/site-packages/sqlalchemy/orm/unitofwork.py:465: in execute
    rec.execute(self)
../../tesis-fim-serio/backend/.venv/lib/python3.13/site-packages/sqlalchemy/orm/unitofwork.py:641: in execute
    util.preloaded.orm_persistence.save_obj(
../../tesis-fim-serio/backend/.venv/lib/python3.13/site-packages/sqlalchemy/orm/persistence.py:94: in save_obj
    _emit_insert_statements(
../../tesis-fim-serio/backend/.venv/lib/python3.13/site-packages/sqlalchemy/orm/persistence.py:1234: in _emit_insert_statements
    result = connection.execute(
../../tesis-fim-serio/backend/.venv/lib/python3.13/site-packages/sqlalchemy/engine/base.py:1421: in execute
    return meth(
../../tesis-fim-serio/backend/.venv/lib/python3.13/site-packages/sqlalchemy/sql/elements.py:526: in _execute_on_connection
    return connection._execute_clauseelement(
../../tesis-fim-serio/backend/.venv/lib/python3.13/site-packages/sqlalchemy/engine/base.py:1643: in _execute_clauseelement
    ret = self._execute_context(
../../tesis-fim-serio/backend/.venv/lib/python3.13/site-packages/sqlalchemy/engine/base.py:1848: in _execute_context
    return self._exec_single_context(
../../tesis-fim-serio/backend/.venv/lib/python3.13/site-packages/sqlalchemy/engine/base.py:1988: in _exec_single_context
    self._handle_dbapi_exception(
../../tesis-fim-serio/backend/.venv/lib/python3.13/site-packages/sqlalchemy/engine/base.py:2365: in _handle_dbapi_exception
    raise sqlalchemy_exception.with_traceback(exc_info[2]) from e
../../tesis-fim-serio/backend/.venv/lib/python3.13/site-packages/sqlalchemy/engine/base.py:1969: in _exec_single_context
    self.dialect.do_execute(
../../tesis-fim-serio/backend/.venv/lib/python3.13/site-packages/sqlalchemy/engine/default.py:952: in do_execute
    cursor.execute(statement, parameters)
../../tesis-fim-serio/backend/.venv/lib/python3.13/site-packages/psycopg/cursor.py:97: in execute
    raise ex.with_traceback(None)
E   sqlalchemy.exc.IntegrityError: (psycopg.errors.UniqueViolation) duplicate key value violates unique constraint "ix_users_username"
E   DETAIL:  Key (username)=(admin) already exists.
E   [SQL: INSERT INTO users (username, email, password_hash, role, is_active, must_change_password, created_at) VALUES (%(username)s::VARCHAR, %(email)s::VARCHAR, %(password_hash)s::VARCHAR, %(role)s::VARCHAR, %(is_active)s, %(must_change_password)s, %(created_at)s::TIMESTAMP WITH TIME ZONE) RETURNING users.id]
E   [parameters: {'username': 'admin', 'email': 'admin@fim.local', 'password_hash': '$argon2id$v=19$m=65536,t=3,p=4$RNFbSf2dGJs0kI+HeslKHg$6TjmJuqu0GavirRUmjbxfjE5rF20xEj/cj5zeMvDVYA', 'role': 'admin', 'is_active': True, 'must_change_password': True, 'created_at': datetime.datetime(2026, 9, 12, 20, 15, 33, 163505, tzinfo=datetime.timezone.utc)}]
E   (Background on this error at: https://sqlalche.me/e/20/gkpj)
_____________ ERROR at setup of test_sent_at_out_of_range_rejected _____________
../../tesis-fim-serio/backend/.venv/lib/python3.13/site-packages/sqlalchemy/engine/base.py:1969: in _exec_single_context
    self.dialect.do_execute(
../../tesis-fim-serio/backend/.venv/lib/python3.13/site-packages/sqlalchemy/engine/default.py:952: in do_execute
    cursor.execute(statement, parameters)
../../tesis-fim-serio/backend/.venv/lib/python3.13/site-packages/psycopg/cursor.py:97: in execute
    raise ex.with_traceback(None)
E   psycopg.errors.UniqueViolation: duplicate key value violates unique constraint "ix_users_username"
E   DETAIL:  Key (username)=(admin) already exists.

The above exception was the direct cause of the following exception:
backend/tests/conftest.py:133: in _db_isolation
    _seed_admin_impl()
backend/tests/conftest.py:108: in _seed_admin_impl
    session.commit()
../../tesis-fim-serio/backend/.venv/lib/python3.13/site-packages/sqlalchemy/orm/session.py:2035: in commit
    trans.commit(_to_root=True)
../../tesis-fim-serio/backend/.venv/lib/python3.13/site-packages/sqlalchemy/orm/state_changes.py:137: in _go
    ret_value = fn(self, *arg, **kw)
../../tesis-fim-serio/backend/.venv/lib/python3.13/site-packages/sqlalchemy/orm/session.py:1316: in commit
    self._prepare_impl()
../../tesis-fim-serio/backend/.venv/lib/python3.13/site-packages/sqlalchemy/orm/state_changes.py:137: in _go
    ret_value = fn(self, *arg, **kw)
../../tesis-fim-serio/backend/.venv/lib/python3.13/site-packages/sqlalchemy/orm/session.py:1290: in _prepare_impl
    self.session.flush()
../../tesis-fim-serio/backend/.venv/lib/python3.13/site-packages/sqlalchemy/orm/session.py:4353: in flush
    self._flush(objects)
../../tesis-fim-serio/backend/.venv/lib/python3.13/site-packages/sqlalchemy/orm/session.py:4488: in _flush
    with util.safe_reraise():
../../tesis-fim-serio/backend/.venv/lib/python3.13/site-packages/sqlalchemy/util/langhelpers.py:122: in __exit__
    raise exc_value.with_traceback(exc_tb)
../../tesis-fim-serio/backend/.venv/lib/python3.13/site-packages/sqlalchemy/orm/session.py:4449: in _flush
    flush_context.execute()
../../tesis-fim-serio/backend/.venv/lib/python3.13/site-packages/sqlalchemy/orm/unitofwork.py:465: in execute
    rec.execute(self)
../../tesis-fim-serio/backend/.venv/lib/python3.13/site-packages/sqlalchemy/orm/unitofwork.py:641: in execute
    util.preloaded.orm_persistence.save_obj(
../../tesis-fim-serio/backend/.venv/lib/python3.13/site-packages/sqlalchemy/orm/persistence.py:94: in save_obj
    _emit_insert_statements(
../../tesis-fim-serio/backend/.venv/lib/python3.13/site-packages/sqlalchemy/orm/persistence.py:1234: in _emit_insert_statements
    result = connection.execute(
../../tesis-fim-serio/backend/.venv/lib/python3.13/site-packages/sqlalchemy/engine/base.py:1421: in execute
    return meth(
../../tesis-fim-serio/backend/.venv/lib/python3.13/site-packages/sqlalchemy/sql/elements.py:526: in _execute_on_connection
    return connection._execute_clauseelement(
../../tesis-fim-serio/backend/.venv/lib/python3.13/site-packages/sqlalchemy/engine/base.py:1643: in _execute_clauseelement
    ret = self._execute_context(
../../tesis-fim-serio/backend/.venv/lib/python3.13/site-packages/sqlalchemy/engine/base.py:1848: in _execute_context
    return self._exec_single_context(
../../tesis-fim-serio/backend/.venv/lib/python3.13/site-packages/sqlalchemy/engine/base.py:1988: in _exec_single_context
    self._handle_dbapi_exception(
../../tesis-fim-serio/backend/.venv/lib/python3.13/site-packages/sqlalchemy/engine/base.py:2365: in _handle_dbapi_exception
    raise sqlalchemy_exception.with_traceback(exc_info[2]) from e
../../tesis-fim-serio/backend/.venv/lib/python3.13/site-packages/sqlalchemy/engine/base.py:1969: in _exec_single_context
    self.dialect.do_execute(
../../tesis-fim-serio/backend/.venv/lib/python3.13/site-packages/sqlalchemy/engine/default.py:952: in do_execute
    cursor.execute(statement, parameters)
../../tesis-fim-serio/backend/.venv/lib/python3.13/site-packages/psycopg/cursor.py:97: in execute
    raise ex.with_traceback(None)
E   sqlalchemy.exc.IntegrityError: (psycopg.errors.UniqueViolation) duplicate key value violates unique constraint "ix_users_username"
E   DETAIL:  Key (username)=(admin) already exists.
E   [SQL: INSERT INTO users (username, email, password_hash, role, is_active, must_change_password, created_at) VALUES (%(username)s::VARCHAR, %(email)s::VARCHAR, %(password_hash)s::VARCHAR, %(role)s::VARCHAR, %(is_active)s, %(must_change_password)s, %(created_at)s::TIMESTAMP WITH TIME ZONE) RETURNING users.id]
E   [parameters: {'username': 'admin', 'email': 'admin@fim.local', 'password_hash': '$argon2id$v=19$m=65536,t=3,p=4$iV0QxskiYaEjgV0asOwtSQ$h7fhXzc7K7LGBKNHN7GVz+lA0Xlq/r0eWhAtOk8d6x0', 'role': 'admin', 'is_active': True, 'must_change_password': True, 'created_at': datetime.datetime(2026, 9, 12, 20, 15, 40, 830072, tzinfo=datetime.timezone.utc)}]
E   (Background on this error at: https://sqlalche.me/e/20/gkpj)
__________ ERROR at setup of test_no_sent_at_old_detected_at_rejected __________
../../tesis-fim-serio/backend/.venv/lib/python3.13/site-packages/sqlalchemy/engine/base.py:1969: in _exec_single_context
    self.dialect.do_execute(
../../tesis-fim-serio/backend/.venv/lib/python3.13/site-packages/sqlalchemy/engine/default.py:952: in do_execute
    cursor.execute(statement, parameters)
../../tesis-fim-serio/backend/.venv/lib/python3.13/site-packages/psycopg/cursor.py:97: in execute
    raise ex.with_traceback(None)
E   psycopg.errors.UniqueViolation: duplicate key value violates unique constraint "ix_users_username"
E   DETAIL:  Key (username)=(admin) already exists.

The above exception was the direct cause of the following exception:
backend/tests/conftest.py:133: in _db_isolation
    _seed_admin_impl()
backend/tests/conftest.py:108: in _seed_admin_impl
    session.commit()
../../tesis-fim-serio/backend/.venv/lib/python3.13/site-packages/sqlalchemy/orm/session.py:2035: in commit
    trans.commit(_to_root=True)
../../tesis-fim-serio/backend/.venv/lib/python3.13/site-packages/sqlalchemy/orm/state_changes.py:137: in _go
    ret_value = fn(self, *arg, **kw)
../../tesis-fim-serio/backend/.venv/lib/python3.13/site-packages/sqlalchemy/orm/session.py:1316: in commit
    self._prepare_impl()
../../tesis-fim-serio/backend/.venv/lib/python3.13/site-packages/sqlalchemy/orm/state_changes.py:137: in _go
    ret_value = fn(self, *arg, **kw)
../../tesis-fim-serio/backend/.venv/lib/python3.13/site-packages/sqlalchemy/orm/session.py:1290: in _prepare_impl
    self.session.flush()
../../tesis-fim-serio/backend/.venv/lib/python3.13/site-packages/sqlalchemy/orm/session.py:4353: in flush
    self._flush(objects)
../../tesis-fim-serio/backend/.venv/lib/python3.13/site-packages/sqlalchemy/orm/session.py:4488: in _flush
    with util.safe_reraise():
../../tesis-fim-serio/backend/.venv/lib/python3.13/site-packages/sqlalchemy/util/langhelpers.py:122: in __exit__
    raise exc_value.with_traceback(exc_tb)
../../tesis-fim-serio/backend/.venv/lib/python3.13/site-packages/sqlalchemy/orm/session.py:4449: in _flush
    flush_context.execute()
../../tesis-fim-serio/backend/.venv/lib/python3.13/site-packages/sqlalchemy/orm/unitofwork.py:465: in execute
    rec.execute(self)
../../tesis-fim-serio/backend/.venv/lib/python3.13/site-packages/sqlalchemy/orm/unitofwork.py:641: in execute
    util.preloaded.orm_persistence.save_obj(
../../tesis-fim-serio/backend/.venv/lib/python3.13/site-packages/sqlalchemy/orm/persistence.py:94: in save_obj
    _emit_insert_statements(
../../tesis-fim-serio/backend/.venv/lib/python3.13/site-packages/sqlalchemy/orm/persistence.py:1234: in _emit_insert_statements
    result = connection.execute(
../../tesis-fim-serio/backend/.venv/lib/python3.13/site-packages/sqlalchemy/engine/base.py:1421: in execute
    return meth(
../../tesis-fim-serio/backend/.venv/lib/python3.13/site-packages/sqlalchemy/sql/elements.py:526: in _execute_on_connection
    return connection._execute_clauseelement(
../../tesis-fim-serio/backend/.venv/lib/python3.13/site-packages/sqlalchemy/engine/base.py:1643: in _execute_clauseelement
    ret = self._execute_context(
../../tesis-fim-serio/backend/.venv/lib/python3.13/site-packages/sqlalchemy/engine/base.py:1848: in _execute_context
    return self._exec_single_context(
../../tesis-fim-serio/backend/.venv/lib/python3.13/site-packages/sqlalchemy/engine/base.py:1988: in _exec_single_context
    self._handle_dbapi_exception(
../../tesis-fim-serio/backend/.venv/lib/python3.13/site-packages/sqlalchemy/engine/base.py:2365: in _handle_dbapi_exception
    raise sqlalchemy_exception.with_traceback(exc_info[2]) from e
../../tesis-fim-serio/backend/.venv/lib/python3.13/site-packages/sqlalchemy/engine/base.py:1969: in _exec_single_context
    self.dialect.do_execute(
../../tesis-fim-serio/backend/.venv/lib/python3.13/site-packages/sqlalchemy/engine/default.py:952: in do_execute
    cursor.execute(statement, parameters)
../../tesis-fim-serio/backend/.venv/lib/python3.13/site-packages/psycopg/cursor.py:97: in execute
    raise ex.with_traceback(None)
E   sqlalchemy.exc.IntegrityError: (psycopg.errors.UniqueViolation) duplicate key value violates unique constraint "ix_users_username"
E   DETAIL:  Key (username)=(admin) already exists.
E   [SQL: INSERT INTO users (username, email, password_hash, role, is_active, must_change_password, created_at) VALUES (%(username)s::VARCHAR, %(email)s::VARCHAR, %(password_hash)s::VARCHAR, %(role)s::VARCHAR, %(is_active)s, %(must_change_password)s, %(created_at)s::TIMESTAMP WITH TIME ZONE) RETURNING users.id]
E   [parameters: {'username': 'admin', 'email': 'admin@fim.local', 'password_hash': '$argon2id$v=19$m=65536,t=3,p=4$jSPwUWWbzbgd6zTDdPBqdw$okMmwPJHhvWX/6xtHGMRd40nt6KbRUgu1kk44rMQDDQ', 'role': 'admin', 'is_active': True, 'must_change_password': True, 'created_at': datetime.datetime(2026, 9, 12, 20, 15, 45, 605203, tzinfo=datetime.timezone.utc)}]
E   (Background on this error at: https://sqlalche.me/e/20/gkpj)
__ ERROR at setup of test_sent_at_altered_after_signing_is_invalid_signature ___
../../tesis-fim-serio/backend/.venv/lib/python3.13/site-packages/sqlalchemy/engine/base.py:1969: in _exec_single_context
    self.dialect.do_execute(
../../tesis-fim-serio/backend/.venv/lib/python3.13/site-packages/sqlalchemy/engine/default.py:952: in do_execute
    cursor.execute(statement, parameters)
../../tesis-fim-serio/backend/.venv/lib/python3.13/site-packages/psycopg/cursor.py:97: in execute
    raise ex.with_traceback(None)
E   psycopg.errors.UniqueViolation: duplicate key value violates unique constraint "ix_users_username"
E   DETAIL:  Key (username)=(admin) already exists.

The above exception was the direct cause of the following exception:
backend/tests/conftest.py:133: in _db_isolation
    _seed_admin_impl()
backend/tests/conftest.py:108: in _seed_admin_impl
    session.commit()
../../tesis-fim-serio/backend/.venv/lib/python3.13/site-packages/sqlalchemy/orm/session.py:2035: in commit
    trans.commit(_to_root=True)
../../tesis-fim-serio/backend/.venv/lib/python3.13/site-packages/sqlalchemy/orm/state_changes.py:137: in _go
    ret_value = fn(self, *arg, **kw)
../../tesis-fim-serio/backend/.venv/lib/python3.13/site-packages/sqlalchemy/orm/session.py:1316: in commit
    self._prepare_impl()
../../tesis-fim-serio/backend/.venv/lib/python3.13/site-packages/sqlalchemy/orm/state_changes.py:137: in _go
    ret_value = fn(self, *arg, **kw)
../../tesis-fim-serio/backend/.venv/lib/python3.13/site-packages/sqlalchemy/orm/session.py:1290: in _prepare_impl
    self.session.flush()
../../tesis-fim-serio/backend/.venv/lib/python3.13/site-packages/sqlalchemy/orm/session.py:4353: in flush
    self._flush(objects)
../../tesis-fim-serio/backend/.venv/lib/python3.13/site-packages/sqlalchemy/orm/session.py:4488: in _flush
    with util.safe_reraise():
../../tesis-fim-serio/backend/.venv/lib/python3.13/site-packages/sqlalchemy/util/langhelpers.py:122: in __exit__
    raise exc_value.with_traceback(exc_tb)
../../tesis-fim-serio/backend/.venv/lib/python3.13/site-packages/sqlalchemy/orm/session.py:4449: in _flush
    flush_context.execute()
../../tesis-fim-serio/backend/.venv/lib/python3.13/site-packages/sqlalchemy/orm/unitofwork.py:465: in execute
    rec.execute(self)
../../tesis-fim-serio/backend/.venv/lib/python3.13/site-packages/sqlalchemy/orm/unitofwork.py:641: in execute
    util.preloaded.orm_persistence.save_obj(
../../tesis-fim-serio/backend/.venv/lib/python3.13/site-packages/sqlalchemy/orm/persistence.py:94: in save_obj
    _emit_insert_statements(
../../tesis-fim-serio/backend/.venv/lib/python3.13/site-packages/sqlalchemy/orm/persistence.py:1234: in _emit_insert_statements
    result = connection.execute(
../../tesis-fim-serio/backend/.venv/lib/python3.13/site-packages/sqlalchemy/engine/base.py:1421: in execute
    return meth(
../../tesis-fim-serio/backend/.venv/lib/python3.13/site-packages/sqlalchemy/sql/elements.py:526: in _execute_on_connection
    return connection._execute_clauseelement(
../../tesis-fim-serio/backend/.venv/lib/python3.13/site-packages/sqlalchemy/engine/base.py:1643: in _execute_clauseelement
    ret = self._execute_context(
../../tesis-fim-serio/backend/.venv/lib/python3.13/site-packages/sqlalchemy/engine/base.py:1848: in _execute_context
    return self._exec_single_context(
../../tesis-fim-serio/backend/.venv/lib/python3.13/site-packages/sqlalchemy/engine/base.py:1988: in _exec_single_context
    self._handle_dbapi_exception(
../../tesis-fim-serio/backend/.venv/lib/python3.13/site-packages/sqlalchemy/engine/base.py:2365: in _handle_dbapi_exception
    raise sqlalchemy_exception.with_traceback(exc_info[2]) from e
../../tesis-fim-serio/backend/.venv/lib/python3.13/site-packages/sqlalchemy/engine/base.py:1969: in _exec_single_context
    self.dialect.do_execute(
../../tesis-fim-serio/backend/.venv/lib/python3.13/site-packages/sqlalchemy/engine/default.py:952: in do_execute
    cursor.execute(statement, parameters)
../../tesis-fim-serio/backend/.venv/lib/python3.13/site-packages/psycopg/cursor.py:97: in execute
    raise ex.with_traceback(None)
E   sqlalchemy.exc.IntegrityError: (psycopg.errors.UniqueViolation) duplicate key value violates unique constraint "ix_users_username"
E   DETAIL:  Key (username)=(admin) already exists.
E   [SQL: INSERT INTO users (username, email, password_hash, role, is_active, must_change_password, created_at) VALUES (%(username)s::VARCHAR, %(email)s::VARCHAR, %(password_hash)s::VARCHAR, %(role)s::VARCHAR, %(is_active)s, %(must_change_password)s, %(created_at)s::TIMESTAMP WITH TIME ZONE) RETURNING users.id]
E   [parameters: {'username': 'admin', 'email': 'admin@fim.local', 'password_hash': '$argon2id$v=19$m=65536,t=3,p=4$KA6J7Zbp5joFlzx1iY3bqA$1+WtdrN5Ycl6Xhd90O+GuNURvHx+rDifm1YMlOtYOJc', 'role': 'admin', 'is_active': True, 'must_change_password': True, 'created_at': datetime.datetime(2026, 9, 12, 20, 15, 46, 745348, tzinfo=datetime.timezone.utc)}]
E   (Background on this error at: https://sqlalche.me/e/20/gkpj)
__ ERROR at setup of test_schema_version_unsupported_unknown_agent_is_silent ___
../../tesis-fim-serio/backend/.venv/lib/python3.13/site-packages/sqlalchemy/engine/base.py:1969: in _exec_single_context
    self.dialect.do_execute(
../../tesis-fim-serio/backend/.venv/lib/python3.13/site-packages/sqlalchemy/engine/default.py:952: in do_execute
    cursor.execute(statement, parameters)
../../tesis-fim-serio/backend/.venv/lib/python3.13/site-packages/psycopg/cursor.py:97: in execute
    raise ex.with_traceback(None)
E   psycopg.errors.UniqueViolation: duplicate key value violates unique constraint "ix_users_username"
E   DETAIL:  Key (username)=(admin) already exists.

The above exception was the direct cause of the following exception:
backend/tests/conftest.py:133: in _db_isolation
    _seed_admin_impl()
backend/tests/conftest.py:108: in _seed_admin_impl
    session.commit()
../../tesis-fim-serio/backend/.venv/lib/python3.13/site-packages/sqlalchemy/orm/session.py:2035: in commit
    trans.commit(_to_root=True)
../../tesis-fim-serio/backend/.venv/lib/python3.13/site-packages/sqlalchemy/orm/state_changes.py:137: in _go
    ret_value = fn(self, *arg, **kw)
../../tesis-fim-serio/backend/.venv/lib/python3.13/site-packages/sqlalchemy/orm/session.py:1316: in commit
    self._prepare_impl()
../../tesis-fim-serio/backend/.venv/lib/python3.13/site-packages/sqlalchemy/orm/state_changes.py:137: in _go
    ret_value = fn(self, *arg, **kw)
../../tesis-fim-serio/backend/.venv/lib/python3.13/site-packages/sqlalchemy/orm/session.py:1290: in _prepare_impl
    self.session.flush()
../../tesis-fim-serio/backend/.venv/lib/python3.13/site-packages/sqlalchemy/orm/session.py:4353: in flush
    self._flush(objects)
../../tesis-fim-serio/backend/.venv/lib/python3.13/site-packages/sqlalchemy/orm/session.py:4488: in _flush
    with util.safe_reraise():
../../tesis-fim-serio/backend/.venv/lib/python3.13/site-packages/sqlalchemy/util/langhelpers.py:122: in __exit__
    raise exc_value.with_traceback(exc_tb)
../../tesis-fim-serio/backend/.venv/lib/python3.13/site-packages/sqlalchemy/orm/session.py:4449: in _flush
    flush_context.execute()
../../tesis-fim-serio/backend/.venv/lib/python3.13/site-packages/sqlalchemy/orm/unitofwork.py:465: in execute
    rec.execute(self)
../../tesis-fim-serio/backend/.venv/lib/python3.13/site-packages/sqlalchemy/orm/unitofwork.py:641: in execute
    util.preloaded.orm_persistence.save_obj(
../../tesis-fim-serio/backend/.venv/lib/python3.13/site-packages/sqlalchemy/orm/persistence.py:94: in save_obj
    _emit_insert_statements(
../../tesis-fim-serio/backend/.venv/lib/python3.13/site-packages/sqlalchemy/orm/persistence.py:1234: in _emit_insert_statements
    result = connection.execute(
../../tesis-fim-serio/backend/.venv/lib/python3.13/site-packages/sqlalchemy/engine/base.py:1421: in execute
    return meth(
../../tesis-fim-serio/backend/.venv/lib/python3.13/site-packages/sqlalchemy/sql/elements.py:526: in _execute_on_connection
    return connection._execute_clauseelement(
../../tesis-fim-serio/backend/.venv/lib/python3.13/site-packages/sqlalchemy/engine/base.py:1643: in _execute_clauseelement
    ret = self._execute_context(
../../tesis-fim-serio/backend/.venv/lib/python3.13/site-packages/sqlalchemy/engine/base.py:1848: in _execute_context
    return self._exec_single_context(
../../tesis-fim-serio/backend/.venv/lib/python3.13/site-packages/sqlalchemy/engine/base.py:1988: in _exec_single_context
    self._handle_dbapi_exception(
../../tesis-fim-serio/backend/.venv/lib/python3.13/site-packages/sqlalchemy/engine/base.py:2365: in _handle_dbapi_exception
    raise sqlalchemy_exception.with_traceback(exc_info[2]) from e
../../tesis-fim-serio/backend/.venv/lib/python3.13/site-packages/sqlalchemy/engine/base.py:1969: in _exec_single_context
    self.dialect.do_execute(
../../tesis-fim-serio/backend/.venv/lib/python3.13/site-packages/sqlalchemy/engine/default.py:952: in do_execute
    cursor.execute(statement, parameters)
../../tesis-fim-serio/backend/.venv/lib/python3.13/site-packages/psycopg/cursor.py:97: in execute
    raise ex.with_traceback(None)
E   sqlalchemy.exc.IntegrityError: (psycopg.errors.UniqueViolation) duplicate key value violates unique constraint "ix_users_username"
E   DETAIL:  Key (username)=(admin) already exists.
E   [SQL: INSERT INTO users (username, email, password_hash, role, is_active, must_change_password, created_at) VALUES (%(username)s::VARCHAR, %(email)s::VARCHAR, %(password_hash)s::VARCHAR, %(role)s::VARCHAR, %(is_active)s, %(must_change_password)s, %(created_at)s::TIMESTAMP WITH TIME ZONE) RETURNING users.id]
E   [parameters: {'username': 'admin', 'email': 'admin@fim.local', 'password_hash': '$argon2id$v=19$m=65536,t=3,p=4$Dg+A8589BA1/n9nJ2+43VQ$YY/qI5R6Urmc5tQfv9+HWs0k/uX2ANju18O1Yi93JuM', 'role': 'admin', 'is_active': True, 'must_change_password': True, 'created_at': datetime.datetime(2026, 9, 12, 20, 15, 49, 173622, tzinfo=datetime.timezone.utc)}]
E   (Background on this error at: https://sqlalche.me/e/20/gkpj)
_ ERROR at setup of test_invalid_schema_unparseable_known_agent_gets_signed_terminal_nack _
../../tesis-fim-serio/backend/.venv/lib/python3.13/site-packages/sqlalchemy/engine/base.py:1969: in _exec_single_context
    self.dialect.do_execute(
../../tesis-fim-serio/backend/.venv/lib/python3.13/site-packages/sqlalchemy/engine/default.py:952: in do_execute
    cursor.execute(statement, parameters)
../../tesis-fim-serio/backend/.venv/lib/python3.13/site-packages/psycopg/cursor.py:97: in execute
    raise ex.with_traceback(None)
E   psycopg.errors.UniqueViolation: duplicate key value violates unique constraint "ix_users_username"
E   DETAIL:  Key (username)=(admin) already exists.

The above exception was the direct cause of the following exception:
backend/tests/conftest.py:133: in _db_isolation
    _seed_admin_impl()
backend/tests/conftest.py:108: in _seed_admin_impl
    session.commit()
../../tesis-fim-serio/backend/.venv/lib/python3.13/site-packages/sqlalchemy/orm/session.py:2035: in commit
    trans.commit(_to_root=True)
../../tesis-fim-serio/backend/.venv/lib/python3.13/site-packages/sqlalchemy/orm/state_changes.py:137: in _go
    ret_value = fn(self, *arg, **kw)
../../tesis-fim-serio/backend/.venv/lib/python3.13/site-packages/sqlalchemy/orm/session.py:1316: in commit
    self._prepare_impl()
../../tesis-fim-serio/backend/.venv/lib/python3.13/site-packages/sqlalchemy/orm/state_changes.py:137: in _go
    ret_value = fn(self, *arg, **kw)
../../tesis-fim-serio/backend/.venv/lib/python3.13/site-packages/sqlalchemy/orm/session.py:1290: in _prepare_impl
    self.session.flush()
../../tesis-fim-serio/backend/.venv/lib/python3.13/site-packages/sqlalchemy/orm/session.py:4353: in flush
    self._flush(objects)
../../tesis-fim-serio/backend/.venv/lib/python3.13/site-packages/sqlalchemy/orm/session.py:4488: in _flush
    with util.safe_reraise():
../../tesis-fim-serio/backend/.venv/lib/python3.13/site-packages/sqlalchemy/util/langhelpers.py:122: in __exit__
    raise exc_value.with_traceback(exc_tb)
../../tesis-fim-serio/backend/.venv/lib/python3.13/site-packages/sqlalchemy/orm/session.py:4449: in _flush
    flush_context.execute()
../../tesis-fim-serio/backend/.venv/lib/python3.13/site-packages/sqlalchemy/orm/unitofwork.py:465: in execute
    rec.execute(self)
../../tesis-fim-serio/backend/.venv/lib/python3.13/site-packages/sqlalchemy/orm/unitofwork.py:641: in execute
    util.preloaded.orm_persistence.save_obj(
../../tesis-fim-serio/backend/.venv/lib/python3.13/site-packages/sqlalchemy/orm/persistence.py:94: in save_obj
    _emit_insert_statements(
../../tesis-fim-serio/backend/.venv/lib/python3.13/site-packages/sqlalchemy/orm/persistence.py:1234: in _emit_insert_statements
    result = connection.execute(
../../tesis-fim-serio/backend/.venv/lib/python3.13/site-packages/sqlalchemy/engine/base.py:1421: in execute
    return meth(
../../tesis-fim-serio/backend/.venv/lib/python3.13/site-packages/sqlalchemy/sql/elements.py:526: in _execute_on_connection
    return connection._execute_clauseelement(
../../tesis-fim-serio/backend/.venv/lib/python3.13/site-packages/sqlalchemy/engine/base.py:1643: in _execute_clauseelement
    ret = self._execute_context(
../../tesis-fim-serio/backend/.venv/lib/python3.13/site-packages/sqlalchemy/engine/base.py:1848: in _execute_context
    return self._exec_single_context(
../../tesis-fim-serio/backend/.venv/lib/python3.13/site-packages/sqlalchemy/engine/base.py:1988: in _exec_single_context
    self._handle_dbapi_exception(
../../tesis-fim-serio/backend/.venv/lib/python3.13/site-packages/sqlalchemy/engine/base.py:2365: in _handle_dbapi_exception
    raise sqlalchemy_exception.with_traceback(exc_info[2]) from e
../../tesis-fim-serio/backend/.venv/lib/python3.13/site-packages/sqlalchemy/engine/base.py:1969: in _exec_single_context
    self.dialect.do_execute(
../../tesis-fim-serio/backend/.venv/lib/python3.13/site-packages/sqlalchemy/engine/default.py:952: in do_execute
    cursor.execute(statement, parameters)
../../tesis-fim-serio/backend/.venv/lib/python3.13/site-packages/psycopg/cursor.py:97: in execute
    raise ex.with_traceback(None)
E   sqlalchemy.exc.IntegrityError: (psycopg.errors.UniqueViolation) duplicate key value violates unique constraint "ix_users_username"
E   DETAIL:  Key (username)=(admin) already exists.
E   [SQL: INSERT INTO users (username, email, password_hash, role, is_active, must_change_password, created_at) VALUES (%(username)s::VARCHAR, %(email)s::VARCHAR, %(password_hash)s::VARCHAR, %(role)s::VARCHAR, %(is_active)s, %(must_change_password)s, %(created_at)s::TIMESTAMP WITH TIME ZONE) RETURNING users.id]
E   [parameters: {'username': 'admin', 'email': 'admin@fim.local', 'password_hash': '$argon2id$v=19$m=65536,t=3,p=4$wx0kxL+xQDTTDB7XiK9jgA$nJaxQlfwD13ssfY+yz63D78QT9ITo/8rS7RQ33PbpG0', 'role': 'admin', 'is_active': True, 'must_change_password': True, 'created_at': datetime.datetime(2026, 9, 12, 20, 15, 49, 726431, tzinfo=datetime.timezone.utc)}]
E   (Background on this error at: https://sqlalche.me/e/20/gkpj)
__________ ERROR at setup of test_supersede_race_skip_gets_event_ack ___________
../../tesis-fim-serio/backend/.venv/lib/python3.13/site-packages/sqlalchemy/engine/base.py:1969: in _exec_single_context
    self.dialect.do_execute(
../../tesis-fim-serio/backend/.venv/lib/python3.13/site-packages/sqlalchemy/engine/default.py:952: in do_execute
    cursor.execute(statement, parameters)
../../tesis-fim-serio/backend/.venv/lib/python3.13/site-packages/psycopg/cursor.py:97: in execute
    raise ex.with_traceback(None)
E   psycopg.errors.UniqueViolation: duplicate key value violates unique constraint "ix_users_username"
E   DETAIL:  Key (username)=(admin) already exists.

The above exception was the direct cause of the following exception:
backend/tests/conftest.py:133: in _db_isolation
    _seed_admin_impl()
backend/tests/conftest.py:108: in _seed_admin_impl
    session.commit()
../../tesis-fim-serio/backend/.venv/lib/python3.13/site-packages/sqlalchemy/orm/session.py:2035: in commit
    trans.commit(_to_root=True)
../../tesis-fim-serio/backend/.venv/lib/python3.13/site-packages/sqlalchemy/orm/state_changes.py:137: in _go
    ret_value = fn(self, *arg, **kw)
../../tesis-fim-serio/backend/.venv/lib/python3.13/site-packages/sqlalchemy/orm/session.py:1316: in commit
    self._prepare_impl()
../../tesis-fim-serio/backend/.venv/lib/python3.13/site-packages/sqlalchemy/orm/state_changes.py:137: in _go
    ret_value = fn(self, *arg, **kw)
../../tesis-fim-serio/backend/.venv/lib/python3.13/site-packages/sqlalchemy/orm/session.py:1290: in _prepare_impl
    self.session.flush()
../../tesis-fim-serio/backend/.venv/lib/python3.13/site-packages/sqlalchemy/orm/session.py:4353: in flush
    self._flush(objects)
../../tesis-fim-serio/backend/.venv/lib/python3.13/site-packages/sqlalchemy/orm/session.py:4488: in _flush
    with util.safe_reraise():
../../tesis-fim-serio/backend/.venv/lib/python3.13/site-packages/sqlalchemy/util/langhelpers.py:122: in __exit__
    raise exc_value.with_traceback(exc_tb)
../../tesis-fim-serio/backend/.venv/lib/python3.13/site-packages/sqlalchemy/orm/session.py:4449: in _flush
    flush_context.execute()
../../tesis-fim-serio/backend/.venv/lib/python3.13/site-packages/sqlalchemy/orm/unitofwork.py:465: in execute
    rec.execute(self)
../../tesis-fim-serio/backend/.venv/lib/python3.13/site-packages/sqlalchemy/orm/unitofwork.py:641: in execute
    util.preloaded.orm_persistence.save_obj(
../../tesis-fim-serio/backend/.venv/lib/python3.13/site-packages/sqlalchemy/orm/persistence.py:94: in save_obj
    _emit_insert_statements(
../../tesis-fim-serio/backend/.venv/lib/python3.13/site-packages/sqlalchemy/orm/persistence.py:1234: in _emit_insert_statements
    result = connection.execute(
../../tesis-fim-serio/backend/.venv/lib/python3.13/site-packages/sqlalchemy/engine/base.py:1421: in execute
    return meth(
../../tesis-fim-serio/backend/.venv/lib/python3.13/site-packages/sqlalchemy/sql/elements.py:526: in _execute_on_connection
    return connection._execute_clauseelement(
../../tesis-fim-serio/backend/.venv/lib/python3.13/site-packages/sqlalchemy/engine/base.py:1643: in _execute_clauseelement
    ret = self._execute_context(
../../tesis-fim-serio/backend/.venv/lib/python3.13/site-packages/sqlalchemy/engine/base.py:1848: in _execute_context
    return self._exec_single_context(
../../tesis-fim-serio/backend/.venv/lib/python3.13/site-packages/sqlalchemy/engine/base.py:1988: in _exec_single_context
    self._handle_dbapi_exception(
../../tesis-fim-serio/backend/.venv/lib/python3.13/site-packages/sqlalchemy/engine/base.py:2365: in _handle_dbapi_exception
    raise sqlalchemy_exception.with_traceback(exc_info[2]) from e
../../tesis-fim-serio/backend/.venv/lib/python3.13/site-packages/sqlalchemy/engine/base.py:1969: in _exec_single_context
    self.dialect.do_execute(
../../tesis-fim-serio/backend/.venv/lib/python3.13/site-packages/sqlalchemy/engine/default.py:952: in do_execute
    cursor.execute(statement, parameters)
../../tesis-fim-serio/backend/.venv/lib/python3.13/site-packages/psycopg/cursor.py:97: in execute
    raise ex.with_traceback(None)
E   sqlalchemy.exc.IntegrityError: (psycopg.errors.UniqueViolation) duplicate key value violates unique constraint "ix_users_username"
E   DETAIL:  Key (username)=(admin) already exists.
E   [SQL: INSERT INTO users (username, email, password_hash, role, is_active, must_change_password, created_at) VALUES (%(username)s::VARCHAR, %(email)s::VARCHAR, %(password_hash)s::VARCHAR, %(role)s::VARCHAR, %(is_active)s, %(must_change_password)s, %(created_at)s::TIMESTAMP WITH TIME ZONE) RETURNING users.id]
E   [parameters: {'username': 'admin', 'email': 'admin@fim.local', 'password_hash': '$argon2id$v=19$m=65536,t=3,p=4$qDJTZzHeUDoE70u651hbQw$6tGMMnUoQwIs/gjdGLfyZVo1UMu74kJ4nuVb0VoXlqE', 'role': 'admin', 'is_active': True, 'must_change_password': True, 'created_at': datetime.datetime(2026, 9, 12, 20, 15, 50, 560861, tzinfo=datetime.timezone.utc)}]
E   (Background on this error at: https://sqlalche.me/e/20/gkpj)
____ ERROR at setup of test_retry_after_window_almost_expired_waits_briefly ____
../../tesis-fim-serio/backend/.venv/lib/python3.13/site-packages/sqlalchemy/engine/base.py:1969: in _exec_single_context
    self.dialect.do_execute(
../../tesis-fim-serio/backend/.venv/lib/python3.13/site-packages/sqlalchemy/engine/default.py:952: in do_execute
    cursor.execute(statement, parameters)
../../tesis-fim-serio/backend/.venv/lib/python3.13/site-packages/psycopg/cursor.py:97: in execute
    raise ex.with_traceback(None)
E   psycopg.errors.UniqueViolation: duplicate key value violates unique constraint "ix_users_username"
E   DETAIL:  Key (username)=(admin) already exists.

The above exception was the direct cause of the following exception:
backend/tests/conftest.py:133: in _db_isolation
    _seed_admin_impl()
backend/tests/conftest.py:108: in _seed_admin_impl
    session.commit()
../../tesis-fim-serio/backend/.venv/lib/python3.13/site-packages/sqlalchemy/orm/session.py:2035: in commit
    trans.commit(_to_root=True)
../../tesis-fim-serio/backend/.venv/lib/python3.13/site-packages/sqlalchemy/orm/state_changes.py:137: in _go
    ret_value = fn(self, *arg, **kw)
../../tesis-fim-serio/backend/.venv/lib/python3.13/site-packages/sqlalchemy/orm/session.py:1316: in commit
    self._prepare_impl()
../../tesis-fim-serio/backend/.venv/lib/python3.13/site-packages/sqlalchemy/orm/state_changes.py:137: in _go
    ret_value = fn(self, *arg, **kw)
../../tesis-fim-serio/backend/.venv/lib/python3.13/site-packages/sqlalchemy/orm/session.py:1290: in _prepare_impl
    self.session.flush()
../../tesis-fim-serio/backend/.venv/lib/python3.13/site-packages/sqlalchemy/orm/session.py:4353: in flush
    self._flush(objects)
../../tesis-fim-serio/backend/.venv/lib/python3.13/site-packages/sqlalchemy/orm/session.py:4488: in _flush
    with util.safe_reraise():
../../tesis-fim-serio/backend/.venv/lib/python3.13/site-packages/sqlalchemy/util/langhelpers.py:122: in __exit__
    raise exc_value.with_traceback(exc_tb)
../../tesis-fim-serio/backend/.venv/lib/python3.13/site-packages/sqlalchemy/orm/session.py:4449: in _flush
    flush_context.execute()
../../tesis-fim-serio/backend/.venv/lib/python3.13/site-packages/sqlalchemy/orm/unitofwork.py:465: in execute
    rec.execute(self)
../../tesis-fim-serio/backend/.venv/lib/python3.13/site-packages/sqlalchemy/orm/unitofwork.py:641: in execute
    util.preloaded.orm_persistence.save_obj(
../../tesis-fim-serio/backend/.venv/lib/python3.13/site-packages/sqlalchemy/orm/persistence.py:94: in save_obj
    _emit_insert_statements(
../../tesis-fim-serio/backend/.venv/lib/python3.13/site-packages/sqlalchemy/orm/persistence.py:1234: in _emit_insert_statements
    result = connection.execute(
../../tesis-fim-serio/backend/.venv/lib/python3.13/site-packages/sqlalchemy/engine/base.py:1421: in execute
    return meth(
../../tesis-fim-serio/backend/.venv/lib/python3.13/site-packages/sqlalchemy/sql/elements.py:526: in _execute_on_connection
    return connection._execute_clauseelement(
../../tesis-fim-serio/backend/.venv/lib/python3.13/site-packages/sqlalchemy/engine/base.py:1643: in _execute_clauseelement
    ret = self._execute_context(
../../tesis-fim-serio/backend/.venv/lib/python3.13/site-packages/sqlalchemy/engine/base.py:1848: in _execute_context
    return self._exec_single_context(
../../tesis-fim-serio/backend/.venv/lib/python3.13/site-packages/sqlalchemy/engine/base.py:1988: in _exec_single_context
    self._handle_dbapi_exception(
../../tesis-fim-serio/backend/.venv/lib/python3.13/site-packages/sqlalchemy/engine/base.py:2365: in _handle_dbapi_exception
    raise sqlalchemy_exception.with_traceback(exc_info[2]) from e
../../tesis-fim-serio/backend/.venv/lib/python3.13/site-packages/sqlalchemy/engine/base.py:1969: in _exec_single_context
    self.dialect.do_execute(
../../tesis-fim-serio/backend/.venv/lib/python3.13/site-packages/sqlalchemy/engine/default.py:952: in do_execute
    cursor.execute(statement, parameters)
../../tesis-fim-serio/backend/.venv/lib/python3.13/site-packages/psycopg/cursor.py:97: in execute
    raise ex.with_traceback(None)
E   sqlalchemy.exc.IntegrityError: (psycopg.errors.UniqueViolation) duplicate key value violates unique constraint "ix_users_username"
E   DETAIL:  Key (username)=(admin) already exists.
E   [SQL: INSERT INTO users (username, email, password_hash, role, is_active, must_change_password, created_at) VALUES (%(username)s::VARCHAR, %(email)s::VARCHAR, %(password_hash)s::VARCHAR, %(role)s::VARCHAR, %(is_active)s, %(must_change_password)s, %(created_at)s::TIMESTAMP WITH TIME ZONE) RETURNING users.id]
E   [parameters: {'username': 'admin', 'email': 'admin@fim.local', 'password_hash': '$argon2id$v=19$m=65536,t=3,p=4$VpMCGpXTFYwwiTRwQK0aTw$RXkgoem0HraldUi9NrZjVcZYIPDlHJ1AUKpcWBJQdG4', 'role': 'admin', 'is_active': True, 'must_change_password': True, 'created_at': datetime.datetime(2026, 9, 12, 20, 15, 51, 388672, tzinfo=datetime.timezone.utc)}]
E   (Background on this error at: https://sqlalche.me/e/20/gkpj)
____________ ERROR at setup of test_reset_rate_limiter_clears_state ____________
../../tesis-fim-serio/backend/.venv/lib/python3.13/site-packages/sqlalchemy/engine/base.py:1969: in _exec_single_context
    self.dialect.do_execute(
../../tesis-fim-serio/backend/.venv/lib/python3.13/site-packages/sqlalchemy/engine/default.py:952: in do_execute
    cursor.execute(statement, parameters)
../../tesis-fim-serio/backend/.venv/lib/python3.13/site-packages/psycopg/cursor.py:97: in execute
    raise ex.with_traceback(None)
E   psycopg.errors.UniqueViolation: duplicate key value violates unique constraint "ix_users_username"
E   DETAIL:  Key (username)=(admin) already exists.

The above exception was the direct cause of the following exception:
backend/tests/conftest.py:133: in _db_isolation
    _seed_admin_impl()
backend/tests/conftest.py:108: in _seed_admin_impl
    session.commit()
../../tesis-fim-serio/backend/.venv/lib/python3.13/site-packages/sqlalchemy/orm/session.py:2035: in commit
    trans.commit(_to_root=True)
../../tesis-fim-serio/backend/.venv/lib/python3.13/site-packages/sqlalchemy/orm/state_changes.py:137: in _go
    ret_value = fn(self, *arg, **kw)
../../tesis-fim-serio/backend/.venv/lib/python3.13/site-packages/sqlalchemy/orm/session.py:1316: in commit
    self._prepare_impl()
../../tesis-fim-serio/backend/.venv/lib/python3.13/site-packages/sqlalchemy/orm/state_changes.py:137: in _go
    ret_value = fn(self, *arg, **kw)
../../tesis-fim-serio/backend/.venv/lib/python3.13/site-packages/sqlalchemy/orm/session.py:1290: in _prepare_impl
    self.session.flush()
../../tesis-fim-serio/backend/.venv/lib/python3.13/site-packages/sqlalchemy/orm/session.py:4353: in flush
    self._flush(objects)
../../tesis-fim-serio/backend/.venv/lib/python3.13/site-packages/sqlalchemy/orm/session.py:4488: in _flush
    with util.safe_reraise():
../../tesis-fim-serio/backend/.venv/lib/python3.13/site-packages/sqlalchemy/util/langhelpers.py:122: in __exit__
    raise exc_value.with_traceback(exc_tb)
../../tesis-fim-serio/backend/.venv/lib/python3.13/site-packages/sqlalchemy/orm/session.py:4449: in _flush
    flush_context.execute()
../../tesis-fim-serio/backend/.venv/lib/python3.13/site-packages/sqlalchemy/orm/unitofwork.py:465: in execute
    rec.execute(self)
../../tesis-fim-serio/backend/.venv/lib/python3.13/site-packages/sqlalchemy/orm/unitofwork.py:641: in execute
    util.preloaded.orm_persistence.save_obj(
../../tesis-fim-serio/backend/.venv/lib/python3.13/site-packages/sqlalchemy/orm/persistence.py:94: in save_obj
    _emit_insert_statements(
../../tesis-fim-serio/backend/.venv/lib/python3.13/site-packages/sqlalchemy/orm/persistence.py:1234: in _emit_insert_statements
    result = connection.execute(
../../tesis-fim-serio/backend/.venv/lib/python3.13/site-packages/sqlalchemy/engine/base.py:1421: in execute
    return meth(
../../tesis-fim-serio/backend/.venv/lib/python3.13/site-packages/sqlalchemy/sql/elements.py:526: in _execute_on_connection
    return connection._execute_clauseelement(
../../tesis-fim-serio/backend/.venv/lib/python3.13/site-packages/sqlalchemy/engine/base.py:1643: in _execute_clauseelement
    ret = self._execute_context(
../../tesis-fim-serio/backend/.venv/lib/python3.13/site-packages/sqlalchemy/engine/base.py:1848: in _execute_context
    return self._exec_single_context(
../../tesis-fim-serio/backend/.venv/lib/python3.13/site-packages/sqlalchemy/engine/base.py:1988: in _exec_single_context
    self._handle_dbapi_exception(
../../tesis-fim-serio/backend/.venv/lib/python3.13/site-packages/sqlalchemy/engine/base.py:2365: in _handle_dbapi_exception
    raise sqlalchemy_exception.with_traceback(exc_info[2]) from e
../../tesis-fim-serio/backend/.venv/lib/python3.13/site-packages/sqlalchemy/engine/base.py:1969: in _exec_single_context
    self.dialect.do_execute(
../../tesis-fim-serio/backend/.venv/lib/python3.13/site-packages/sqlalchemy/engine/default.py:952: in do_execute
    cursor.execute(statement, parameters)
../../tesis-fim-serio/backend/.venv/lib/python3.13/site-packages/psycopg/cursor.py:97: in execute
    raise ex.with_traceback(None)
E   sqlalchemy.exc.IntegrityError: (psycopg.errors.UniqueViolation) duplicate key value violates unique constraint "ix_users_username"
E   DETAIL:  Key (username)=(admin) already exists.
E   [SQL: INSERT INTO users (username, email, password_hash, role, is_active, must_change_password, created_at) VALUES (%(username)s::VARCHAR, %(email)s::VARCHAR, %(password_hash)s::VARCHAR, %(role)s::VARCHAR, %(is_active)s, %(must_change_password)s, %(created_at)s::TIMESTAMP WITH TIME ZONE) RETURNING users.id]
E   [parameters: {'username': 'admin', 'email': 'admin@fim.local', 'password_hash': '$argon2id$v=19$m=65536,t=3,p=4$X25gztvUNdvZSjiDbhYJPw$15GKVVvhlXpSyvfbMqg7+jG9IuKHXnP74YXC977GAUY', 'role': 'admin', 'is_active': True, 'must_change_password': True, 'created_at': datetime.datetime(2026, 9, 12, 20, 15, 52, 240988, tzinfo=datetime.timezone.utc)}]
E   (Background on this error at: https://sqlalche.me/e/20/gkpj)
=================================== FAILURES ===================================
____________ test_login_migra_cookie_legacy_y_emite_cookie_canonica ____________
backend/tests/test_auth.py:156: in test_login_migra_cookie_legacy_y_emite_cookie_canonica
    resp = await _login(auth_client)
backend/tests/test_auth.py:116: in _login
    resp = await auth_client.post(
../../tesis-fim-serio/backend/.venv/lib/python3.13/site-packages/httpx/_client.py:1859: in post
    return await self.request(
../../tesis-fim-serio/backend/.venv/lib/python3.13/site-packages/httpx/_client.py:1540: in request
    return await self.send(request, auth=auth, follow_redirects=follow_redirects)
../../tesis-fim-serio/backend/.venv/lib/python3.13/site-packages/httpx/_client.py:1629: in send
    response = await self._send_handling_auth(
../../tesis-fim-serio/backend/.venv/lib/python3.13/site-packages/httpx/_client.py:1657: in _send_handling_auth
    response = await self._send_handling_redirects(
../../tesis-fim-serio/backend/.venv/lib/python3.13/site-packages/httpx/_client.py:1694: in _send_handling_redirects
    response = await self._send_single_request(request)
../../tesis-fim-serio/backend/.venv/lib/python3.13/site-packages/httpx/_client.py:1730: in _send_single_request
    response = await transport.handle_async_request(request)
../../tesis-fim-serio/backend/.venv/lib/python3.13/site-packages/httpx/_transports/asgi.py:170: in handle_async_request
    await self.app(scope, receive, send)
../../tesis-fim-serio/backend/.venv/lib/python3.13/site-packages/fastapi/applications.py:1159: in __call__
    await super().__call__(scope, receive, send)
../../tesis-fim-serio/backend/.venv/lib/python3.13/site-packages/starlette/applications.py:90: in __call__
    await self.middleware_stack(scope, receive, send)
../../tesis-fim-serio/backend/.venv/lib/python3.13/site-packages/starlette/middleware/errors.py:186: in __call__
    raise exc
../../tesis-fim-serio/backend/.venv/lib/python3.13/site-packages/starlette/middleware/errors.py:164: in __call__
    await self.app(scope, receive, _send)
backend/app/core/middleware/trace_id.py:68: in __call__
    await self.app(scope, receive, send_with_trace)
../../tesis-fim-serio/backend/.venv/lib/python3.13/site-packages/starlette/middleware/base.py:193: in __call__
    response = await self.dispatch_func(request, call_next)
backend/app/core/middleware/cors.py:42: in dispatch
    response = await call_next(request)
../../tesis-fim-serio/backend/.venv/lib/python3.13/site-packages/starlette/middleware/base.py:168: in call_next
    raise app_exc from app_exc.__cause__ or app_exc.__context__
../../tesis-fim-serio/backend/.venv/lib/python3.13/site-packages/starlette/middleware/base.py:144: in coro
    await self.app(scope, receive_or_disconnect, send_no_error)
../../tesis-fim-serio/backend/.venv/lib/python3.13/site-packages/starlette/middleware/exceptions.py:63: in __call__
    await wrap_app_handling_exceptions(self.app, conn)(scope, receive, send)
../../tesis-fim-serio/backend/.venv/lib/python3.13/site-packages/starlette/_exception_handler.py:53: in wrapped_app
    raise exc
../../tesis-fim-serio/backend/.venv/lib/python3.13/site-packages/starlette/_exception_handler.py:42: in wrapped_app
    await app(scope, receive, sender)
../../tesis-fim-serio/backend/.venv/lib/python3.13/site-packages/fastapi/middleware/asyncexitstack.py:18: in __call__
    await self.app(scope, receive, send)
../../tesis-fim-serio/backend/.venv/lib/python3.13/site-packages/starlette/routing.py:660: in __call__
    await self.middleware_stack(scope, receive, send)
../../tesis-fim-serio/backend/.venv/lib/python3.13/site-packages/starlette/routing.py:680: in app
    await route.handle(scope, receive, send)
../../tesis-fim-serio/backend/.venv/lib/python3.13/site-packages/starlette/routing.py:276: in handle
    await self.app(scope, receive, send)
../../tesis-fim-serio/backend/.venv/lib/python3.13/site-packages/fastapi/routing.py:134: in app
    await wrap_app_handling_exceptions(app, request)(scope, receive, send)
../../tesis-fim-serio/backend/.venv/lib/python3.13/site-packages/starlette/_exception_handler.py:53: in wrapped_app
    raise exc
../../tesis-fim-serio/backend/.venv/lib/python3.13/site-packages/starlette/_exception_handler.py:42: in wrapped_app
    await app(scope, receive, sender)
../../tesis-fim-serio/backend/.venv/lib/python3.13/site-packages/fastapi/routing.py:120: in app
    response = await f(request)
../../tesis-fim-serio/backend/.venv/lib/python3.13/site-packages/fastapi/routing.py:674: in app
    raw_response = await run_endpoint_function(
../../tesis-fim-serio/backend/.venv/lib/python3.13/site-packages/fastapi/routing.py:328: in run_endpoint_function
    return await dependant.call(**values)
backend/app/modules/auth/router.py:125: in login
    must_change_password=user.must_change_password,
../../tesis-fim-serio/backend/.venv/lib/python3.13/site-packages/sqlalchemy/orm/attributes.py:569: in __get__
    return self.impl.get(state, dict_)  # type: ignore[no-any-return]
../../tesis-fim-serio/backend/.venv/lib/python3.13/site-packages/sqlalchemy/orm/attributes.py:1096: in get
    value = self._fire_loader_callables(state, key, passive)
../../tesis-fim-serio/backend/.venv/lib/python3.13/site-packages/sqlalchemy/orm/attributes.py:1126: in _fire_loader_callables
    return state._load_expired(state, passive)
../../tesis-fim-serio/backend/.venv/lib/python3.13/site-packages/sqlalchemy/orm/state.py:828: in _load_expired
    self.manager.expired_attribute_loader(self, toload, passive)
../../tesis-fim-serio/backend/.venv/lib/python3.13/site-packages/sqlalchemy/orm/loading.py:1686: in load_scalar_attributes
    raise orm_exc.ObjectDeletedError(state)
E   sqlalchemy.orm.exc.ObjectDeletedError: Instance '<User at 0x7ece6afd33e0>' has been deleted, or its row is otherwise not present.
_ test_gracia_no_resucita_refresh_ganador_revocado_por_change_password_sin_cookie _
backend/tests/test_auth.py:375: in test_gracia_no_resucita_refresh_ganador_revocado_por_change_password_sin_cookie
    changed = await blacklist_client.post(
../../tesis-fim-serio/backend/.venv/lib/python3.13/site-packages/httpx/_client.py:1859: in post
    return await self.request(
../../tesis-fim-serio/backend/.venv/lib/python3.13/site-packages/httpx/_client.py:1540: in request
    return await self.send(request, auth=auth, follow_redirects=follow_redirects)
../../tesis-fim-serio/backend/.venv/lib/python3.13/site-packages/httpx/_client.py:1629: in send
    response = await self._send_handling_auth(
../../tesis-fim-serio/backend/.venv/lib/python3.13/site-packages/httpx/_client.py:1657: in _send_handling_auth
    response = await self._send_handling_redirects(
../../tesis-fim-serio/backend/.venv/lib/python3.13/site-packages/httpx/_client.py:1694: in _send_handling_redirects
    response = await self._send_single_request(request)
../../tesis-fim-serio/backend/.venv/lib/python3.13/site-packages/httpx/_client.py:1730: in _send_single_request
    response = await transport.handle_async_request(request)
../../tesis-fim-serio/backend/.venv/lib/python3.13/site-packages/httpx/_transports/asgi.py:170: in handle_async_request
    await self.app(scope, receive, send)
../../tesis-fim-serio/backend/.venv/lib/python3.13/site-packages/fastapi/applications.py:1159: in __call__
    await super().__call__(scope, receive, send)
../../tesis-fim-serio/backend/.venv/lib/python3.13/site-packages/starlette/applications.py:90: in __call__
    await self.middleware_stack(scope, receive, send)
../../tesis-fim-serio/backend/.venv/lib/python3.13/site-packages/starlette/middleware/errors.py:186: in __call__
    raise exc
../../tesis-fim-serio/backend/.venv/lib/python3.13/site-packages/starlette/middleware/errors.py:164: in __call__
    await self.app(scope, receive, _send)
backend/app/core/middleware/trace_id.py:68: in __call__
    await self.app(scope, receive, send_with_trace)
../../tesis-fim-serio/backend/.venv/lib/python3.13/site-packages/starlette/middleware/base.py:193: in __call__
    response = await self.dispatch_func(request, call_next)
backend/app/core/middleware/cors.py:42: in dispatch
    response = await call_next(request)
../../tesis-fim-serio/backend/.venv/lib/python3.13/site-packages/starlette/middleware/base.py:168: in call_next
    raise app_exc from app_exc.__cause__ or app_exc.__context__
../../tesis-fim-serio/backend/.venv/lib/python3.13/site-packages/starlette/middleware/base.py:144: in coro
    await self.app(scope, receive_or_disconnect, send_no_error)
../../tesis-fim-serio/backend/.venv/lib/python3.13/site-packages/starlette/middleware/exceptions.py:63: in __call__
    await wrap_app_handling_exceptions(self.app, conn)(scope, receive, send)
../../tesis-fim-serio/backend/.venv/lib/python3.13/site-packages/starlette/_exception_handler.py:53: in wrapped_app
    raise exc
../../tesis-fim-serio/backend/.venv/lib/python3.13/site-packages/starlette/_exception_handler.py:42: in wrapped_app
    await app(scope, receive, sender)
../../tesis-fim-serio/backend/.venv/lib/python3.13/site-packages/fastapi/middleware/asyncexitstack.py:18: in __call__
    await self.app(scope, receive, send)
../../tesis-fim-serio/backend/.venv/lib/python3.13/site-packages/starlette/routing.py:660: in __call__
    await self.middleware_stack(scope, receive, send)
../../tesis-fim-serio/backend/.venv/lib/python3.13/site-packages/starlette/routing.py:680: in app
    await route.handle(scope, receive, send)
../../tesis-fim-serio/backend/.venv/lib/python3.13/site-packages/starlette/routing.py:276: in handle
    await self.app(scope, receive, send)
../../tesis-fim-serio/backend/.venv/lib/python3.13/site-packages/fastapi/routing.py:134: in app
    await wrap_app_handling_exceptions(app, request)(scope, receive, send)
../../tesis-fim-serio/backend/.venv/lib/python3.13/site-packages/starlette/_exception_handler.py:53: in wrapped_app
    raise exc
../../tesis-fim-serio/backend/.venv/lib/python3.13/site-packages/starlette/_exception_handler.py:42: in wrapped_app
    await app(scope, receive, sender)
../../tesis-fim-serio/backend/.venv/lib/python3.13/site-packages/fastapi/routing.py:120: in app
    response = await f(request)
../../tesis-fim-serio/backend/.venv/lib/python3.13/site-packages/fastapi/routing.py:674: in app
    raw_response = await run_endpoint_function(
../../tesis-fim-serio/backend/.venv/lib/python3.13/site-packages/fastapi/routing.py:328: in run_endpoint_function
    return await dependant.call(**values)
backend/app/modules/users/router.py:100: in change_password
    write_audit_log(session, "change_password", user.id)  # type: ignore[arg-type]
../../tesis-fim-serio/backend/.venv/lib/python3.13/site-packages/sqlalchemy/orm/attributes.py:569: in __get__
    return self.impl.get(state, dict_)  # type: ignore[no-any-return]
../../tesis-fim-serio/backend/.venv/lib/python3.13/site-packages/sqlalchemy/orm/attributes.py:1096: in get
    value = self._fire_loader_callables(state, key, passive)
../../tesis-fim-serio/backend/.venv/lib/python3.13/site-packages/sqlalchemy/orm/attributes.py:1126: in _fire_loader_callables
    return state._load_expired(state, passive)
../../tesis-fim-serio/backend/.venv/lib/python3.13/site-packages/sqlalchemy/orm/state.py:828: in _load_expired
    self.manager.expired_attribute_loader(self, toload, passive)
../../tesis-fim-serio/backend/.venv/lib/python3.13/site-packages/sqlalchemy/orm/loading.py:1686: in load_scalar_attributes
    raise orm_exc.ObjectDeletedError(state)
E   sqlalchemy.orm.exc.ObjectDeletedError: Instance '<User at 0x7ece695ab750>' has been deleted, or its row is otherwise not present.
----------------------------- Captured stdout call -----------------------------
{"event": "HTTP Request: POST https://testserver/auth/login \"HTTP/1.1 200 OK\"", "level": "info", "logger": "httpx", "timestamp": "2026-09-12T20:14:07.344336Z"}
{"event": "HTTP Request: POST https://testserver/auth/refresh \"HTTP/1.1 200 OK\"", "level": "info", "logger": "httpx", "timestamp": "2026-09-12T20:14:07.352472Z"}
------------------------------ Captured log call -------------------------------
INFO     httpx:_client.py:1740 HTTP Request: POST https://testserver/auth/login "HTTP/1.1 200 OK"
INFO     httpx:_client.py:1740 HTTP Request: POST https://testserver/auth/refresh "HTTP/1.1 200 OK"
__________ test_logout_revoca_refresh_jti_sin_recibir_cookie_canonica __________
backend/tests/test_auth.py:478: in test_logout_revoca_refresh_jti_sin_recibir_cookie_canonica
    access_token, refresh_cookies = await _full_access_login(blacklist_client)
backend/tests/test_auth.py:131: in _full_access_login
    change = await client.post(
../../tesis-fim-serio/backend/.venv/lib/python3.13/site-packages/httpx/_client.py:1859: in post
    return await self.request(
../../tesis-fim-serio/backend/.venv/lib/python3.13/site-packages/httpx/_client.py:1540: in request
    return await self.send(request, auth=auth, follow_redirects=follow_redirects)
../../tesis-fim-serio/backend/.venv/lib/python3.13/site-packages/httpx/_client.py:1629: in send
    response = await self._send_handling_auth(
../../tesis-fim-serio/backend/.venv/lib/python3.13/site-packages/httpx/_client.py:1657: in _send_handling_auth
    response = await self._send_handling_redirects(
../../tesis-fim-serio/backend/.venv/lib/python3.13/site-packages/httpx/_client.py:1694: in _send_handling_redirects
    response = await self._send_single_request(request)
../../tesis-fim-serio/backend/.venv/lib/python3.13/site-packages/httpx/_client.py:1730: in _send_single_request
    response = await transport.handle_async_request(request)
../../tesis-fim-serio/backend/.venv/lib/python3.13/site-packages/httpx/_transports/asgi.py:170: in handle_async_request
    await self.app(scope, receive, send)
../../tesis-fim-serio/backend/.venv/lib/python3.13/site-packages/fastapi/applications.py:1159: in __call__
    await super().__call__(scope, receive, send)
../../tesis-fim-serio/backend/.venv/lib/python3.13/site-packages/starlette/applications.py:90: in __call__
    await self.middleware_stack(scope, receive, send)
../../tesis-fim-serio/backend/.venv/lib/python3.13/site-packages/starlette/middleware/errors.py:186: in __call__
    raise exc
../../tesis-fim-serio/backend/.venv/lib/python3.13/site-packages/starlette/middleware/errors.py:164: in __call__
    await self.app(scope, receive, _send)
backend/app/core/middleware/trace_id.py:68: in __call__
    await self.app(scope, receive, send_with_trace)
../../tesis-fim-serio/backend/.venv/lib/python3.13/site-packages/starlette/middleware/base.py:193: in __call__
    response = await self.dispatch_func(request, call_next)
backend/app/core/middleware/cors.py:42: in dispatch
    response = await call_next(request)
../../tesis-fim-serio/backend/.venv/lib/python3.13/site-packages/starlette/middleware/base.py:168: in call_next
    raise app_exc from app_exc.__cause__ or app_exc.__context__
../../tesis-fim-serio/backend/.venv/lib/python3.13/site-packages/starlette/middleware/base.py:144: in coro
    await self.app(scope, receive_or_disconnect, send_no_error)
../../tesis-fim-serio/backend/.venv/lib/python3.13/site-packages/starlette/middleware/exceptions.py:63: in __call__
    await wrap_app_handling_exceptions(self.app, conn)(scope, receive, send)
../../tesis-fim-serio/backend/.venv/lib/python3.13/site-packages/starlette/_exception_handler.py:53: in wrapped_app
    raise exc
../../tesis-fim-serio/backend/.venv/lib/python3.13/site-packages/starlette/_exception_handler.py:42: in wrapped_app
    await app(scope, receive, sender)
../../tesis-fim-serio/backend/.venv/lib/python3.13/site-packages/fastapi/middleware/asyncexitstack.py:18: in __call__
    await self.app(scope, receive, send)
../../tesis-fim-serio/backend/.venv/lib/python3.13/site-packages/starlette/routing.py:660: in __call__
    await self.middleware_stack(scope, receive, send)
../../tesis-fim-serio/backend/.venv/lib/python3.13/site-packages/starlette/routing.py:680: in app
    await route.handle(scope, receive, send)
../../tesis-fim-serio/backend/.venv/lib/python3.13/site-packages/starlette/routing.py:276: in handle
    await self.app(scope, receive, send)
../../tesis-fim-serio/backend/.venv/lib/python3.13/site-packages/fastapi/routing.py:134: in app
    await wrap_app_handling_exceptions(app, request)(scope, receive, send)
../../tesis-fim-serio/backend/.venv/lib/python3.13/site-packages/starlette/_exception_handler.py:53: in wrapped_app
    raise exc
../../tesis-fim-serio/backend/.venv/lib/python3.13/site-packages/starlette/_exception_handler.py:42: in wrapped_app
    await app(scope, receive, sender)
../../tesis-fim-serio/backend/.venv/lib/python3.13/site-packages/fastapi/routing.py:120: in app
    response = await f(request)
../../tesis-fim-serio/backend/.venv/lib/python3.13/site-packages/fastapi/routing.py:674: in app
    raw_response = await run_endpoint_function(
../../tesis-fim-serio/backend/.venv/lib/python3.13/site-packages/fastapi/routing.py:328: in run_endpoint_function
    return await dependant.call(**values)
backend/app/modules/users/router.py:100: in change_password
    write_audit_log(session, "change_password", user.id)  # type: ignore[arg-type]
../../tesis-fim-serio/backend/.venv/lib/python3.13/site-packages/sqlalchemy/orm/attributes.py:569: in __get__
    return self.impl.get(state, dict_)  # type: ignore[no-any-return]
../../tesis-fim-serio/backend/.venv/lib/python3.13/site-packages/sqlalchemy/orm/attributes.py:1096: in get
    value = self._fire_loader_callables(state, key, passive)
../../tesis-fim-serio/backend/.venv/lib/python3.13/site-packages/sqlalchemy/orm/attributes.py:1126: in _fire_loader_callables
    return state._load_expired(state, passive)
../../tesis-fim-serio/backend/.venv/lib/python3.13/site-packages/sqlalchemy/orm/state.py:828: in _load_expired
    self.manager.expired_attribute_loader(self, toload, passive)
../../tesis-fim-serio/backend/.venv/lib/python3.13/site-packages/sqlalchemy/orm/loading.py:1686: in load_scalar_attributes
    raise orm_exc.ObjectDeletedError(state)
E   sqlalchemy.orm.exc.ObjectDeletedError: Instance '<User at 0x7ece69add450>' has been deleted, or its row is otherwise not present.
----------------------------- Captured stdout call -----------------------------
{"event": "HTTP Request: POST https://testserver/auth/login \"HTTP/1.1 200 OK\"", "level": "info", "logger": "httpx", "timestamp": "2026-09-12T20:14:09.906361Z"}
------------------------------ Captured log call -------------------------------
INFO     httpx:_client.py:1740 HTTP Request: POST https://testserver/auth/login "HTTP/1.1 200 OK"
___________ test_pathless_event_matches_severity_and_status_filters ____________
backend/tests/test_event_listing_contract.py:324: in test_pathless_event_matches_severity_and_status_filters
    _persist(session, gap)
backend/tests/test_event_listing_contract.py:130: in _persist
    session.refresh(event)
../../tesis-fim-serio/backend/.venv/lib/python3.13/site-packages/sqlalchemy/orm/session.py:3192: in refresh
    raise sa_exc.InvalidRequestError(
E   sqlalchemy.exc.InvalidRequestError: Could not refresh instance '<Event at 0x7ece69257480>'
__________________ test_event_out_serializes_symlink_metadata __________________
backend/tests/test_event_symlink_metadata.py:131: in test_event_out_serializes_symlink_metadata
    session.refresh(event)
../../tesis-fim-serio/backend/.venv/lib/python3.13/site-packages/sqlalchemy/orm/session.py:3192: in refresh
    raise sa_exc.InvalidRequestError(
E   sqlalchemy.exc.InvalidRequestError: Could not refresh instance '<Event at 0x7ece6a003070>'
=============================== warnings summary ===============================
../../tesis-fim-serio/backend/.venv/lib/python3.13/site-packages/fastapi/testclient.py:1
  [HOME]/Facultad/tesis/tesis-fim-serio/backend/.venv/lib/python3.13/site-packages/fastapi/testclient.py:1: StarletteDeprecationWarning: Using `httpx` with `starlette.testclient` is deprecated; install `httpx2` instead.
    from starlette.testclient import TestClient as TestClient  # noqa

tests/modules/users/test_user_management.py: 11 warnings
tests/test_actions_router.py: 22 warnings
tests/test_auth.py: 30 warnings
tests/test_c22_auth.py: 5 warnings
tests/test_event_listing_contract.py: 19 warnings
tests/test_event_router.py: 2 warnings
tests/test_event_severity.py: 2 warnings
tests/test_jwt_key_rotation.py: 2 warnings
tests/test_rules_router.py: 8 warnings
tests/test_timestamps_timezone_aware.py: 8 warnings
  [HOME]/Facultad/tesis/tesis-fim-serio/backend/.venv/lib/python3.13/site-packages/jose/jwt.py:311: DeprecationWarning: datetime.datetime.utcnow() is deprecated and scheduled for removal in a future version. Use timezone-aware objects to represent datetimes in UTC: datetime.datetime.now(datetime.UTC).
    now = timegm(datetime.utcnow().utctimetuple())

tests/test_actions_router.py::test_approve_absent_file_without_confirmation_returns_422
tests/test_auth.py::test_change_password_short_retorna_422
tests/test_rules_router.py::test_post_rules_empty_pattern_returns_422
  [HOME]/Facultad/tesis/tesis-fim-serio/backend/.venv/lib/python3.13/site-packages/fastapi/routing.py:328: StarletteDeprecationWarning: 'HTTP_422_UNPROCESSABLE_ENTITY' is deprecated. Use 'HTTP_422_UNPROCESSABLE_CONTENT' instead.
    return await dependant.call(**values)

tests/test_auth.py: 12 warnings
  [HOME]/Facultad/tesis/tesis-fim-serio/backend/.venv/lib/python3.13/site-packages/httpx/_client.py:1859: DeprecationWarning: Setting per-request cookies=<...> is being deprecated, because the expected behaviour on cookie persistence is ambiguous. Set cookies directly on the client instance instead.
    return await self.request(

tests/test_c22_pki.py::test_start_mtls_server_retorna_server_con_install_signal_handlers_false
  [HOME]/Facultad/tesis/tesis-fim-serio/backend/.venv/lib/python3.13/site-packages/websockets/legacy/__init__.py:6: DeprecationWarning: websockets.legacy is deprecated; see https://websockets.readthedocs.io/en/stable/howto/upgrade.html for upgrade instructions
    warnings.warn(  # deprecated in 14.0 - 2024-11-09

tests/test_c22_pki.py::test_start_mtls_server_retorna_server_con_install_signal_handlers_false
  [HOME]/Facultad/tesis/tesis-fim-serio/backend/.venv/lib/python3.13/site-packages/uvicorn/protocols/websockets/websockets_impl.py:17: DeprecationWarning: websockets.server.WebSocketServerProtocol is deprecated
    from websockets.server import WebSocketServerProtocol

tests/test_notifications.py::test_health_all_ok
tests/test_notifications.py::test_health_n8n_degraded_when_not_configured
tests/test_notifications.py::test_health_check_reads_health_url_not_webhook_url
  [HOME]/.local/share/uv/python/cpython-3.13.14-linux-x86_64-gnu/lib/python3.13/asyncio/base_events.py:2045: RuntimeWarning: coroutine 'AsyncMockMixin._execute_mock_call' was never awaited
    handle = self._ready.popleft()
  Enable tracemalloc to get traceback where the object was allocated.
  See https://docs.pytest.org/en/stable/how-to/capture-warnings.html#resource-warnings for more info.

-- Docs: https://docs.pytest.org/en/stable/how-to/capture-warnings.html
- generated xml file: [HOME]/Facultad/tesis/tesis-fim-serio-worktrees/l5-agents/.v10-evidence/l5/junit/backend_full_attempt3.xml -
=========================== short test summary info ============================
FAILED backend/tests/test_auth.py::test_login_migra_cookie_legacy_y_emite_cookie_canonica
FAILED backend/tests/test_auth.py::test_gracia_no_resucita_refresh_ganador_revocado_por_change_password_sin_cookie
FAILED backend/tests/test_auth.py::test_logout_revoca_refresh_jti_sin_recibir_cookie_canonica
FAILED backend/tests/test_event_listing_contract.py::test_pathless_event_matches_severity_and_status_filters
FAILED backend/tests/test_event_symlink_metadata.py::test_event_out_serializes_symlink_metadata
ERROR backend/tests/test_agent_watch_path_status.py::test_heartbeat_without_key_does_not_erase_previous_status
ERROR backend/tests/test_agent_watch_path_status.py::test_migration_009_is_idempotent
ERROR backend/tests/test_agent_watch_path_status.py::test_agents_table_has_watch_path_status_column_after_migration
ERROR backend/tests/test_auth.py::test_login_primer_admin_must_change_password_true
ERROR backend/tests/test_auth.py::test_rate_limit_login_5_intentos_pasan - sq...
ERROR backend/tests/test_c22_consumer.py::test_success_path_xack_and_publishes_event_ack
ERROR backend/tests/test_c22_consumer.py::test_dedup_path_xack_without_reinsert
ERROR backend/tests/test_c22_consumer.py::test_supersede_race_xack_and_event_ack
ERROR backend/tests/test_c22_consumer.py::test_invalid_transition_xack_audits_and_terminal_nack
ERROR backend/tests/test_c22_pki.py::test_ensure_ca_rejects_legacy_ca_without_key_usage_without_rewriting
ERROR backend/tests/test_c22_pki.py::test_start_mtls_server_retorna_none_cuando_paths_vacios
ERROR backend/tests/test_c22_scope_gate.py::test_get_events_scope_password_change_only_retorna_403
ERROR backend/tests/test_c22_scope_gate.py::test_get_rule_by_id_scope_password_change_only_retorna_403
ERROR backend/tests/test_c31_backend_event_correctness.py::test_fix04_pagination_sql
ERROR backend/tests/test_c31_backend_event_correctness.py::test_fix05_compact_chain_retains_newest
ERROR backend/tests/test_c31_backend_event_correctness.py::test_fix06_redelivery_does_not_consume_rate_budget
ERROR backend/tests/test_c31_backend_event_correctness.py::test_fix07_empty_event_id_rejected_as_invalid_schema
ERROR backend/tests/test_c31_backend_event_correctness.py::test_fix08_unparseable_detected_at_rejected_as_clock_skew
ERROR backend/tests/test_c31_backend_event_correctness.py::test_fix08_naive_datetime_within_range_accepted
ERROR backend/tests/test_c31_backend_event_correctness.py::test_fix09_no_utcnow_in_production_modules
ERROR backend/tests/test_c32_sse_security_fixes.py::test_broadcaster_queue_full_logs_warning
ERROR backend/tests/test_c32_sse_security_fixes.py::test_enqueue_restore_file_inserts_published_command
ERROR backend/tests/test_c32_sse_security_fixes.py::test_enqueue_quarantine_file_inserts_published_command
ERROR backend/tests/test_c32_sse_security_fixes.py::test_enqueue_baseline_update_inserts_published_command_with_ruleset_version
ERROR backend/tests/test_consumer.py::test_reject_unknown_agent - sqlalchemy....
ERROR backend/tests/test_domain_models.py::TestEventStatus::test_rejects_unknown
ERROR backend/tests/test_domain_models.py::TestRuleAction::test_rejects_unknown
ERROR backend/tests/test_domain_models.py::TestAgentStatus::test_all_canonical_values
ERROR backend/tests/test_domain_models.py::TestAlertChannel::test_all_canonical_values
ERROR backend/tests/test_domain_models.py::TestAlertChannel::test_rejects_unknown
ERROR backend/tests/test_domain_models.py::TestPublishedCommand::test_target_agent_id_nullable
ERROR backend/tests/test_event_ack_status_field.py::test_event_uses_most_recent_published_command
ERROR backend/tests/test_event_consumer_c11.py::test_rate_limiter_sliding_window_expires
ERROR backend/tests/test_event_listing_contract.py::test_get_event_by_id_requires_admin_role
ERROR backend/tests/test_event_service.py::test_validate_valid_pending_to_approved
ERROR backend/tests/test_event_service.py::test_validate_all_terminals_have_no_out_edges
ERROR backend/tests/test_event_service.py::test_ingest_pathless_event_skips_severity_ruleset_lookup
ERROR backend/tests/test_event_service.py::test_ingest_pathless_alert_only_event_resolves_without_operator
ERROR backend/tests/test_event_service.py::test_ingest_event_type_from_payload_reaches_column
ERROR backend/tests/test_event_severity.py::test_list_events_filters_by_severity
ERROR backend/tests/test_event_status_derivation.py::test_row_manual_review_yields_pending
ERROR backend/tests/test_event_status_derivation.py::test_row_auto_restore_genuine_failure_yields_pending
ERROR backend/tests/test_event_status_derivation.py::test_row_quarantine_genuine_failure_yields_pending
ERROR backend/tests/test_event_status_derivation.py::test_row_absent_action_from_older_agent_yields_pending
ERROR backend/tests/test_event_status_derivation.py::test_persisted_terminal_event_is_never_superseded_afterward
ERROR backend/tests/test_health_n8n_check.py::test_any_error_status_is_down[404]
ERROR backend/tests/test_health_n8n_check.py::test_any_error_status_is_down[405]
ERROR backend/tests/test_health_n8n_check.py::test_any_error_status_is_down[503]
ERROR backend/tests/test_health_n8n_check.py::test_no_retry_on_error_status
ERROR backend/tests/test_health_n8n_check.py::test_check_never_raises - sqlal...
ERROR backend/tests/test_integration_transport.py::test_heartbeat_marks_agent_online
ERROR backend/tests/test_logging_sanitize.py::test_multiple_secrets_redacted
ERROR backend/tests/test_logging_sanitize.py::test_nested_dict_access_token_redacted
ERROR backend/tests/test_n8n_workflow_contract.py::test_every_referenced_field_exists_in_the_payload
ERROR backend/tests/test_notifications.py::test_notify_critical_event_creates_alert_and_publishes_sse
ERROR backend/tests/test_notifications.py::test_notify_event_delivers_on_first_attempt
ERROR backend/tests/test_notifications.py::test_notify_event_retry_3x_then_dlq
ERROR backend/tests/test_notifications.py::test_log_only_no_entrega_si_hay_primarios_configurados
ERROR backend/tests/test_notifications.py::test_get_failed_alerts_returns_only_failed
ERROR backend/tests/test_openspec_artifact_integrity.py::test_confirmed_rename_applies_without_a_later_delta
ERROR backend/tests/test_published_command_ack_tracking.py::test_enqueue_update_config_creates_pending_command_without_advancing_version
ERROR backend/tests/test_rules_router.py::test_delete_rule_no_auth_returns_401
ERROR backend/tests/test_ruleset_version_atomic.py::test_concurrent_increments_no_lost_update
ERROR backend/tests/test_smtp_tls_modes.py::test_plain_relay_without_tls - sq...
ERROR backend/tests/test_stream_ack_durability_consumer.py::test_sent_at_out_of_range_rejected
ERROR backend/tests/test_stream_ack_durability_consumer.py::test_no_sent_at_old_detected_at_rejected
ERROR backend/tests/test_stream_ack_durability_consumer.py::test_sent_at_altered_after_signing_is_invalid_signature
ERROR backend/tests/test_stream_ack_durability_consumer.py::test_schema_version_unsupported_unknown_agent_is_silent
ERROR backend/tests/test_stream_ack_durability_consumer.py::test_invalid_schema_unparseable_known_agent_gets_signed_terminal_nack
ERROR backend/tests/test_stream_ack_durability_consumer.py::test_supersede_race_skip_gets_event_ack
ERROR backend/tests/test_stream_ack_durability_consumer.py::test_retry_after_window_almost_expired_waits_briefly
ERROR backend/tests/test_stream_ack_durability_consumer.py::test_reset_rate_limiter_clears_state
====== 5 failed, 541 passed, 130 warnings, 72 errors in 131.25s (0:02:11) ======
