[HOME]/Facultad/tesis/tesis-fim-serio/backend/.venv/lib/python3.13/site-packages/pytest_asyncio/plugin.py:207: PytestDeprecationWarning: The configuration option "asyncio_default_fixture_loop_scope" is unset.
The event loop scope for asynchronous fixtures will default to the fixture caching scope. Future versions of pytest-asyncio will default the loop scope for asynchronous fixtures to function scope. Set the default fixture loop scope explicitly in order to avoid unexpected behavior in the future. Valid fixture loop scopes are: "function", "class", "module", "package", "session"

  warnings.warn(PytestDeprecationWarning(_DEFAULT_FIXTURE_LOOP_SCOPE_UNSET))
============================= test session starts ==============================
platform linux -- Python 3.13.14, pytest-8.3.4, pluggy-1.6.0
rootdir: [HOME]/Facultad/tesis/tesis-fim-serio-worktrees/l5-agents/backend
configfile: pyproject.toml
plugins: anyio-4.14.0, timeout-2.3.1, asyncio-0.25.2, cov-6.0.0
timeout: 60.0s
timeout method: signal
timeout func_only: False
asyncio: mode=Mode.AUTO, asyncio_default_fixture_loop_scope=None
collected 618 items

backend/tests/core/test_notification_settings.py E...                    [  0%]
backend/tests/core/test_rate_limit_load.py ...EE..E.                     [  2%]
backend/tests/core/test_rate_limit_semantics.py ..                       [  2%]
backend/tests/modules/events/test_retention.py ...EEE                    [  3%]
backend/tests/modules/users/test_user_management.py ..FE.FFF.            [  4%]
backend/tests/test_actions.py ...............                            [  7%]
backend/tests/test_actions_router.py .............+++++++++++++++++++++++++++++++++++ Timeout ++++++++++++++++++++++++++++++++++++
~~~~~~~~~~~~~~~~ Stack of AnyIO worker thread (133069343286976) ~~~~~~~~~~~~~~~~
  File "[HOME]/.local/share/uv/python/cpython-3.13.14-linux-x86_64-gnu/lib/python3.13/threading.py", line 1015, in _bootstrap
    self._bootstrap_inner()
  File "[HOME]/.local/share/uv/python/cpython-3.13.14-linux-x86_64-gnu/lib/python3.13/threading.py", line 1044, in _bootstrap_inner
    self.run()
  File "[HOME]/Facultad/tesis/tesis-fim-serio/backend/.venv/lib/python3.13/site-packages/anyio/_backends/_asyncio.py", line 1018, in run
    item = self.queue.get()
  File "[HOME]/.local/share/uv/python/cpython-3.13.14-linux-x86_64-gnu/lib/python3.13/queue.py", line 199, in get
    self.not_empty.wait()
  File "[HOME]/.local/share/uv/python/cpython-3.13.14-linux-x86_64-gnu/lib/python3.13/threading.py", line 359, in wait
    waiter.acquire()
+++++++++++++++++++++++++++++++++++ Timeout ++++++++++++++++++++++++++++++++++++
F...........                                                             [ 11%]
backend/tests/test_agent_cert_renewal.py .......                         [ 12%]
backend/tests/test_agent_mgmt.py .....................                   [ 15%]
backend/tests/test_agent_watch_path_status.py .........                  [ 17%]
backend/tests/test_auth.py ......E.E.....FE.FEE......                    [ 21%]
backend/tests/test_c22_auth.py ......                                    [ 22%]
backend/tests/test_c22_consumer.py .....                                 [ 23%]
backend/tests/test_c22_fk_chain.py ..E                                   [ 23%]
backend/tests/test_c22_pki.py .E....                                     [ 24%]
backend/tests/test_c22_scope_gate.py E.EE.                               [ 25%]
backend/tests/test_c31_backend_event_correctness.py ......E.......       [ 27%]
backend/tests/test_c32_sse_security_fixes.py .............               [ 29%]
backend/tests/test_command_ack_consumer.py ....................          [ 33%]
backend/tests/test_consumer.py .......                                   [ 34%]
backend/tests/test_domain_models.py ................EE                   [ 37%]
backend/tests/test_drain_backend_unit1.py E.....                         [ 38%]
backend/tests/test_event_ack_status_field.py ...                         [ 38%]
backend/tests/test_event_action_error.py .........                       [ 40%]
backend/tests/test_event_consumer_c11.py .........                       [ 41%]
backend/tests/test_event_listing_contract.py ....+++++++++++++++++++++++++++++++++++ Timeout ++++++++++++++++++++++++++++++++++++
~~~~~~~~~~~~~~~~ Stack of AnyIO worker thread (133069334894272) ~~~~~~~~~~~~~~~~
  File "[HOME]/.local/share/uv/python/cpython-3.13.14-linux-x86_64-gnu/lib/python3.13/threading.py", line 1015, in _bootstrap
    self._bootstrap_inner()
  File "[HOME]/.local/share/uv/python/cpython-3.13.14-linux-x86_64-gnu/lib/python3.13/threading.py", line 1044, in _bootstrap_inner
    self.run()
  File "[HOME]/Facultad/tesis/tesis-fim-serio/backend/.venv/lib/python3.13/site-packages/anyio/_backends/_asyncio.py", line 1018, in run
    item = self.queue.get()
  File "[HOME]/.local/share/uv/python/cpython-3.13.14-linux-x86_64-gnu/lib/python3.13/queue.py", line 199, in get
    self.not_empty.wait()
  File "[HOME]/.local/share/uv/python/cpython-3.13.14-linux-x86_64-gnu/lib/python3.13/threading.py", line 359, in wait
    waiter.acquire()
+++++++++++++++++++++++++++++++++++ Timeout ++++++++++++++++++++++++++++++++++++
F...............                                                         [ 44%]
backend/tests/test_event_router.py .E..                                  [ 45%]
backend/tests/test_event_service.py ...............................      [ 50%]
backend/tests/test_event_severity.py ........F                           [ 51%]
backend/tests/test_event_status_derivation.py ....E...........E..E...EE. [ 56%]
..                                                                       [ 56%]
backend/tests/test_event_symlink_metadata.py ....E.                      [ 57%]
backend/tests/test_health.py ...                                         [ 57%]
backend/tests/test_health_n8n_check.py .......E...E.                     [ 60%]
backend/tests/test_heartbeat_consumer.py ..................              [ 62%]
backend/tests/test_integration_transport.py ..                           [ 63%]
backend/tests/test_jwt_key_rotation.py ..                                [ 63%]
backend/tests/test_logging_sanitize.py .........                         [ 65%]
backend/tests/test_logging_trace_id.py ....                              [ 65%]
backend/tests/test_mtls_transport.py .                                   [ 65%]
backend/tests/test_n8n_workflow_contract.py ....E..EEE                   [ 67%]
backend/tests/test_notification_payload_contract.py ......E....          [ 69%]
backend/tests/test_notifications.py ..E..EEEE..EE..............F........ [ 75%]
...                                                                      [ 75%]
backend/tests/test_openspec_artifact_integrity.py .....                  [ 76%]
backend/tests/test_published_command_ack_tracking.py ......              [ 77%]
backend/tests/test_retention_task.py ...E                                [ 77%]
backend/tests/test_rule_sync_outbox.py ....                              [ 78%]
backend/tests/test_rules_router.py ...E.............                     [ 81%]
backend/tests/test_rules_service.py .................................    [ 86%]
backend/tests/test_ruleset_version_atomic.py ..                          [ 87%]
backend/tests/test_smtp_tls_modes.py .......                             [ 88%]
backend/tests/test_sse_alerts.py ...........................             [ 92%]
backend/tests/test_stream_ack_durability_consumer.py ................... [ 95%]
..........                                                               [ 97%]
backend/tests/test_stream_ack_durability_outbox.py .........             [ 98%]
backend/tests/test_timestamps_timezone_aware.py ........                 [100%]

==================================== ERRORS ====================================
________ ERROR at setup of test_notification_settings_default_to_empty _________
../../tesis-fim-serio/backend/.venv/lib/python3.13/site-packages/sqlalchemy/engine/base.py:1969: in _exec_single_context
    self.dialect.do_execute(
../../tesis-fim-serio/backend/.venv/lib/python3.13/site-packages/sqlalchemy/engine/default.py:952: in do_execute
    cursor.execute(statement, parameters)
../../tesis-fim-serio/backend/.venv/lib/python3.13/site-packages/psycopg/cursor.py:97: in execute
    raise ex.with_traceback(None)
E   psycopg.errors.UniqueViolation: duplicate key value violates unique constraint "ix_users_username"
E   DETAIL:  Key (username)=(admin) already exists.

The above exception was the direct cause of the following exception:
backend/tests/conftest.py:133: in _db_isolation
    _seed_admin_impl()
backend/tests/conftest.py:108: in _seed_admin_impl
    session.commit()
../../tesis-fim-serio/backend/.venv/lib/python3.13/site-packages/sqlalchemy/orm/session.py:2035: in commit
    trans.commit(_to_root=True)
../../tesis-fim-serio/backend/.venv/lib/python3.13/site-packages/sqlalchemy/orm/state_changes.py:137: in _go
    ret_value = fn(self, *arg, **kw)
../../tesis-fim-serio/backend/.venv/lib/python3.13/site-packages/sqlalchemy/orm/session.py:1316: in commit
    self._prepare_impl()
../../tesis-fim-serio/backend/.venv/lib/python3.13/site-packages/sqlalchemy/orm/state_changes.py:137: in _go
    ret_value = fn(self, *arg, **kw)
../../tesis-fim-serio/backend/.venv/lib/python3.13/site-packages/sqlalchemy/orm/session.py:1290: in _prepare_impl
    self.session.flush()
../../tesis-fim-serio/backend/.venv/lib/python3.13/site-packages/sqlalchemy/orm/session.py:4353: in flush
    self._flush(objects)
../../tesis-fim-serio/backend/.venv/lib/python3.13/site-packages/sqlalchemy/orm/session.py:4488: in _flush
    with util.safe_reraise():
../../tesis-fim-serio/backend/.venv/lib/python3.13/site-packages/sqlalchemy/util/langhelpers.py:122: in __exit__
    raise exc_value.with_traceback(exc_tb)
../../tesis-fim-serio/backend/.venv/lib/python3.13/site-packages/sqlalchemy/orm/session.py:4449: in _flush
    flush_context.execute()
../../tesis-fim-serio/backend/.venv/lib/python3.13/site-packages/sqlalchemy/orm/unitofwork.py:465: in execute
    rec.execute(self)
../../tesis-fim-serio/backend/.venv/lib/python3.13/site-packages/sqlalchemy/orm/unitofwork.py:641: in execute
    util.preloaded.orm_persistence.save_obj(
../../tesis-fim-serio/backend/.venv/lib/python3.13/site-packages/sqlalchemy/orm/persistence.py:94: in save_obj
    _emit_insert_statements(
../../tesis-fim-serio/backend/.venv/lib/python3.13/site-packages/sqlalchemy/orm/persistence.py:1234: in _emit_insert_statements
    result = connection.execute(
../../tesis-fim-serio/backend/.venv/lib/python3.13/site-packages/sqlalchemy/engine/base.py:1421: in execute
    return meth(
../../tesis-fim-serio/backend/.venv/lib/python3.13/site-packages/sqlalchemy/sql/elements.py:526: in _execute_on_connection
    return connection._execute_clauseelement(
../../tesis-fim-serio/backend/.venv/lib/python3.13/site-packages/sqlalchemy/engine/base.py:1643: in _execute_clauseelement
    ret = self._execute_context(
../../tesis-fim-serio/backend/.venv/lib/python3.13/site-packages/sqlalchemy/engine/base.py:1848: in _execute_context
    return self._exec_single_context(
../../tesis-fim-serio/backend/.venv/lib/python3.13/site-packages/sqlalchemy/engine/base.py:1988: in _exec_single_context
    self._handle_dbapi_exception(
../../tesis-fim-serio/backend/.venv/lib/python3.13/site-packages/sqlalchemy/engine/base.py:2365: in _handle_dbapi_exception
    raise sqlalchemy_exception.with_traceback(exc_info[2]) from e
../../tesis-fim-serio/backend/.venv/lib/python3.13/site-packages/sqlalchemy/engine/base.py:1969: in _exec_single_context
    self.dialect.do_execute(
../../tesis-fim-serio/backend/.venv/lib/python3.13/site-packages/sqlalchemy/engine/default.py:952: in do_execute
    cursor.execute(statement, parameters)
../../tesis-fim-serio/backend/.venv/lib/python3.13/site-packages/psycopg/cursor.py:97: in execute
    raise ex.with_traceback(None)
E   sqlalchemy.exc.IntegrityError: (psycopg.errors.UniqueViolation) duplicate key value violates unique constraint "ix_users_username"
E   DETAIL:  Key (username)=(admin) already exists.
E   [SQL: INSERT INTO users (username, email, password_hash, role, is_active, must_change_password, created_at) VALUES (%(username)s::VARCHAR, %(email)s::VARCHAR, %(password_hash)s::VARCHAR, %(role)s::VARCHAR, %(is_active)s, %(must_change_password)s, %(created_at)s::TIMESTAMP WITH TIME ZONE) RETURNING users.id]
E   [parameters: {'username': 'admin', 'email': 'admin@fim.local', 'password_hash': '$argon2id$v=19$m=65536,t=3,p=4$RjPKn6qg5p6IYWiLL/TArQ$YuRu7WTa8xFNXVD4mnswZlfwfHXJd2851/ucNPHW+F0', 'role': 'admin', 'is_active': True, 'must_change_password': True, 'created_at': datetime.datetime(2026, 9, 12, 20, 9, 16, 853499, tzinfo=datetime.timezone.utc)}]
E   (Background on this error at: https://sqlalche.me/e/20/gkpj)
______ ERROR at setup of test_api_expire_usa_nx_en_requests_subsiguientes ______
../../tesis-fim-serio/backend/.venv/lib/python3.13/site-packages/sqlalchemy/engine/base.py:1969: in _exec_single_context
    self.dialect.do_execute(
../../tesis-fim-serio/backend/.venv/lib/python3.13/site-packages/sqlalchemy/engine/default.py:952: in do_execute
    cursor.execute(statement, parameters)
../../tesis-fim-serio/backend/.venv/lib/python3.13/site-packages/psycopg/cursor.py:97: in execute
    raise ex.with_traceback(None)
E   psycopg.errors.UniqueViolation: duplicate key value violates unique constraint "ix_users_username"
E   DETAIL:  Key (username)=(admin) already exists.

The above exception was the direct cause of the following exception:
backend/tests/conftest.py:133: in _db_isolation
    _seed_admin_impl()
backend/tests/conftest.py:108: in _seed_admin_impl
    session.commit()
../../tesis-fim-serio/backend/.venv/lib/python3.13/site-packages/sqlalchemy/orm/session.py:2035: in commit
    trans.commit(_to_root=True)
../../tesis-fim-serio/backend/.venv/lib/python3.13/site-packages/sqlalchemy/orm/state_changes.py:137: in _go
    ret_value = fn(self, *arg, **kw)
../../tesis-fim-serio/backend/.venv/lib/python3.13/site-packages/sqlalchemy/orm/session.py:1316: in commit
    self._prepare_impl()
../../tesis-fim-serio/backend/.venv/lib/python3.13/site-packages/sqlalchemy/orm/state_changes.py:137: in _go
    ret_value = fn(self, *arg, **kw)
../../tesis-fim-serio/backend/.venv/lib/python3.13/site-packages/sqlalchemy/orm/session.py:1290: in _prepare_impl
    self.session.flush()
../../tesis-fim-serio/backend/.venv/lib/python3.13/site-packages/sqlalchemy/orm/session.py:4353: in flush
    self._flush(objects)
../../tesis-fim-serio/backend/.venv/lib/python3.13/site-packages/sqlalchemy/orm/session.py:4488: in _flush
    with util.safe_reraise():
../../tesis-fim-serio/backend/.venv/lib/python3.13/site-packages/sqlalchemy/util/langhelpers.py:122: in __exit__
    raise exc_value.with_traceback(exc_tb)
../../tesis-fim-serio/backend/.venv/lib/python3.13/site-packages/sqlalchemy/orm/session.py:4449: in _flush
    flush_context.execute()
../../tesis-fim-serio/backend/.venv/lib/python3.13/site-packages/sqlalchemy/orm/unitofwork.py:465: in execute
    rec.execute(self)
../../tesis-fim-serio/backend/.venv/lib/python3.13/site-packages/sqlalchemy/orm/unitofwork.py:641: in execute
    util.preloaded.orm_persistence.save_obj(
../../tesis-fim-serio/backend/.venv/lib/python3.13/site-packages/sqlalchemy/orm/persistence.py:94: in save_obj
    _emit_insert_statements(
../../tesis-fim-serio/backend/.venv/lib/python3.13/site-packages/sqlalchemy/orm/persistence.py:1234: in _emit_insert_statements
    result = connection.execute(
../../tesis-fim-serio/backend/.venv/lib/python3.13/site-packages/sqlalchemy/engine/base.py:1421: in execute
    return meth(
../../tesis-fim-serio/backend/.venv/lib/python3.13/site-packages/sqlalchemy/sql/elements.py:526: in _execute_on_connection
    return connection._execute_clauseelement(
../../tesis-fim-serio/backend/.venv/lib/python3.13/site-packages/sqlalchemy/engine/base.py:1643: in _execute_clauseelement
    ret = self._execute_context(
../../tesis-fim-serio/backend/.venv/lib/python3.13/site-packages/sqlalchemy/engine/base.py:1848: in _execute_context
    return self._exec_single_context(
../../tesis-fim-serio/backend/.venv/lib/python3.13/site-packages/sqlalchemy/engine/base.py:1988: in _exec_single_context
    self._handle_dbapi_exception(
../../tesis-fim-serio/backend/.venv/lib/python3.13/site-packages/sqlalchemy/engine/base.py:2365: in _handle_dbapi_exception
    raise sqlalchemy_exception.with_traceback(exc_info[2]) from e
../../tesis-fim-serio/backend/.venv/lib/python3.13/site-packages/sqlalchemy/engine/base.py:1969: in _exec_single_context
    self.dialect.do_execute(
../../tesis-fim-serio/backend/.venv/lib/python3.13/site-packages/sqlalchemy/engine/default.py:952: in do_execute
    cursor.execute(statement, parameters)
../../tesis-fim-serio/backend/.venv/lib/python3.13/site-packages/psycopg/cursor.py:97: in execute
    raise ex.with_traceback(None)
E   sqlalchemy.exc.IntegrityError: (psycopg.errors.UniqueViolation) duplicate key value violates unique constraint "ix_users_username"
E   DETAIL:  Key (username)=(admin) already exists.
E   [SQL: INSERT INTO users (username, email, password_hash, role, is_active, must_change_password, created_at) VALUES (%(username)s::VARCHAR, %(email)s::VARCHAR, %(password_hash)s::VARCHAR, %(role)s::VARCHAR, %(is_active)s, %(must_change_password)s, %(created_at)s::TIMESTAMP WITH TIME ZONE) RETURNING users.id]
E   [parameters: {'username': 'admin', 'email': 'admin@fim.local', 'password_hash': '$argon2id$v=19$m=65536,t=3,p=4$U1ZGra07/D0yhi9RINLjWQ$RZ1ZrLUnpxAswhv6LIgYUbRxwUe2tqGUzW5x3HsIEFQ', 'role': 'admin', 'is_active': True, 'must_change_password': True, 'created_at': datetime.datetime(2026, 9, 12, 20, 9, 18, 33852, tzinfo=datetime.timezone.utc)}]
E   (Background on this error at: https://sqlalche.me/e/20/gkpj)
___ ERROR at setup of test_login_n_requests_dentro_del_bucket_no_rechazados ____
../../tesis-fim-serio/backend/.venv/lib/python3.13/site-packages/sqlalchemy/engine/base.py:1969: in _exec_single_context
    self.dialect.do_execute(
../../tesis-fim-serio/backend/.venv/lib/python3.13/site-packages/sqlalchemy/engine/default.py:952: in do_execute
    cursor.execute(statement, parameters)
../../tesis-fim-serio/backend/.venv/lib/python3.13/site-packages/psycopg/cursor.py:97: in execute
    raise ex.with_traceback(None)
E   psycopg.errors.UniqueViolation: duplicate key value violates unique constraint "ix_users_username"
E   DETAIL:  Key (username)=(admin) already exists.

The above exception was the direct cause of the following exception:
backend/tests/conftest.py:133: in _db_isolation
    _seed_admin_impl()
backend/tests/conftest.py:108: in _seed_admin_impl
    session.commit()
../../tesis-fim-serio/backend/.venv/lib/python3.13/site-packages/sqlalchemy/orm/session.py:2035: in commit
    trans.commit(_to_root=True)
../../tesis-fim-serio/backend/.venv/lib/python3.13/site-packages/sqlalchemy/orm/state_changes.py:137: in _go
    ret_value = fn(self, *arg, **kw)
../../tesis-fim-serio/backend/.venv/lib/python3.13/site-packages/sqlalchemy/orm/session.py:1316: in commit
    self._prepare_impl()
../../tesis-fim-serio/backend/.venv/lib/python3.13/site-packages/sqlalchemy/orm/state_changes.py:137: in _go
    ret_value = fn(self, *arg, **kw)
../../tesis-fim-serio/backend/.venv/lib/python3.13/site-packages/sqlalchemy/orm/session.py:1290: in _prepare_impl
    self.session.flush()
../../tesis-fim-serio/backend/.venv/lib/python3.13/site-packages/sqlalchemy/orm/session.py:4353: in flush
    self._flush(objects)
../../tesis-fim-serio/backend/.venv/lib/python3.13/site-packages/sqlalchemy/orm/session.py:4488: in _flush
    with util.safe_reraise():
../../tesis-fim-serio/backend/.venv/lib/python3.13/site-packages/sqlalchemy/util/langhelpers.py:122: in __exit__
    raise exc_value.with_traceback(exc_tb)
../../tesis-fim-serio/backend/.venv/lib/python3.13/site-packages/sqlalchemy/orm/session.py:4449: in _flush
    flush_context.execute()
../../tesis-fim-serio/backend/.venv/lib/python3.13/site-packages/sqlalchemy/orm/unitofwork.py:465: in execute
    rec.execute(self)
../../tesis-fim-serio/backend/.venv/lib/python3.13/site-packages/sqlalchemy/orm/unitofwork.py:641: in execute
    util.preloaded.orm_persistence.save_obj(
../../tesis-fim-serio/backend/.venv/lib/python3.13/site-packages/sqlalchemy/orm/persistence.py:94: in save_obj
    _emit_insert_statements(
../../tesis-fim-serio/backend/.venv/lib/python3.13/site-packages/sqlalchemy/orm/persistence.py:1234: in _emit_insert_statements
    result = connection.execute(
../../tesis-fim-serio/backend/.venv/lib/python3.13/site-packages/sqlalchemy/engine/base.py:1421: in execute
    return meth(
../../tesis-fim-serio/backend/.venv/lib/python3.13/site-packages/sqlalchemy/sql/elements.py:526: in _execute_on_connection
    return connection._execute_clauseelement(
../../tesis-fim-serio/backend/.venv/lib/python3.13/site-packages/sqlalchemy/engine/base.py:1643: in _execute_clauseelement
    ret = self._execute_context(
../../tesis-fim-serio/backend/.venv/lib/python3.13/site-packages/sqlalchemy/engine/base.py:1848: in _execute_context
    return self._exec_single_context(
../../tesis-fim-serio/backend/.venv/lib/python3.13/site-packages/sqlalchemy/engine/base.py:1988: in _exec_single_context
    self._handle_dbapi_exception(
../../tesis-fim-serio/backend/.venv/lib/python3.13/site-packages/sqlalchemy/engine/base.py:2365: in _handle_dbapi_exception
    raise sqlalchemy_exception.with_traceback(exc_info[2]) from e
../../tesis-fim-serio/backend/.venv/lib/python3.13/site-packages/sqlalchemy/engine/base.py:1969: in _exec_single_context
    self.dialect.do_execute(
../../tesis-fim-serio/backend/.venv/lib/python3.13/site-packages/sqlalchemy/engine/default.py:952: in do_execute
    cursor.execute(statement, parameters)
../../tesis-fim-serio/backend/.venv/lib/python3.13/site-packages/psycopg/cursor.py:97: in execute
    raise ex.with_traceback(None)
E   sqlalchemy.exc.IntegrityError: (psycopg.errors.UniqueViolation) duplicate key value violates unique constraint "ix_users_username"
E   DETAIL:  Key (username)=(admin) already exists.
E   [SQL: INSERT INTO users (username, email, password_hash, role, is_active, must_change_password, created_at) VALUES (%(username)s::VARCHAR, %(email)s::VARCHAR, %(password_hash)s::VARCHAR, %(role)s::VARCHAR, %(is_active)s, %(must_change_password)s, %(created_at)s::TIMESTAMP WITH TIME ZONE) RETURNING users.id]
E   [parameters: {'username': 'admin', 'email': 'admin@fim.local', 'password_hash': '$argon2id$v=19$m=65536,t=3,p=4$W/AUhbtNrWrR3A3SUgbbqw$bFk1K5qOGa8IjII/rpokLRDO/5DBAOXqai+mT4HPaaY', 'role': 'admin', 'is_active': True, 'must_change_password': True, 'created_at': datetime.datetime(2026, 9, 12, 20, 9, 18, 490986, tzinfo=datetime.timezone.utc)}]
E   (Background on this error at: https://sqlalche.me/e/20/gkpj)
_ ERROR at setup of test_login_ttl_siempre_presente_tras_incrementos_count_mayor_a_1 _
../../tesis-fim-serio/backend/.venv/lib/python3.13/site-packages/sqlalchemy/engine/base.py:1969: in _exec_single_context
    self.dialect.do_execute(
../../tesis-fim-serio/backend/.venv/lib/python3.13/site-packages/sqlalchemy/engine/default.py:952: in do_execute
    cursor.execute(statement, parameters)
../../tesis-fim-serio/backend/.venv/lib/python3.13/site-packages/psycopg/cursor.py:97: in execute
    raise ex.with_traceback(None)
E   psycopg.errors.UniqueViolation: duplicate key value violates unique constraint "ix_users_username"
E   DETAIL:  Key (username)=(admin) already exists.

The above exception was the direct cause of the following exception:
backend/tests/conftest.py:133: in _db_isolation
    _seed_admin_impl()
backend/tests/conftest.py:108: in _seed_admin_impl
    session.commit()
../../tesis-fim-serio/backend/.venv/lib/python3.13/site-packages/sqlalchemy/orm/session.py:2035: in commit
    trans.commit(_to_root=True)
../../tesis-fim-serio/backend/.venv/lib/python3.13/site-packages/sqlalchemy/orm/state_changes.py:137: in _go
    ret_value = fn(self, *arg, **kw)
../../tesis-fim-serio/backend/.venv/lib/python3.13/site-packages/sqlalchemy/orm/session.py:1316: in commit
    self._prepare_impl()
../../tesis-fim-serio/backend/.venv/lib/python3.13/site-packages/sqlalchemy/orm/state_changes.py:137: in _go
    ret_value = fn(self, *arg, **kw)
../../tesis-fim-serio/backend/.venv/lib/python3.13/site-packages/sqlalchemy/orm/session.py:1290: in _prepare_impl
    self.session.flush()
../../tesis-fim-serio/backend/.venv/lib/python3.13/site-packages/sqlalchemy/orm/session.py:4353: in flush
    self._flush(objects)
../../tesis-fim-serio/backend/.venv/lib/python3.13/site-packages/sqlalchemy/orm/session.py:4488: in _flush
    with util.safe_reraise():
../../tesis-fim-serio/backend/.venv/lib/python3.13/site-packages/sqlalchemy/util/langhelpers.py:122: in __exit__
    raise exc_value.with_traceback(exc_tb)
../../tesis-fim-serio/backend/.venv/lib/python3.13/site-packages/sqlalchemy/orm/session.py:4449: in _flush
    flush_context.execute()
../../tesis-fim-serio/backend/.venv/lib/python3.13/site-packages/sqlalchemy/orm/unitofwork.py:465: in execute
    rec.execute(self)
../../tesis-fim-serio/backend/.venv/lib/python3.13/site-packages/sqlalchemy/orm/unitofwork.py:641: in execute
    util.preloaded.orm_persistence.save_obj(
../../tesis-fim-serio/backend/.venv/lib/python3.13/site-packages/sqlalchemy/orm/persistence.py:94: in save_obj
    _emit_insert_statements(
../../tesis-fim-serio/backend/.venv/lib/python3.13/site-packages/sqlalchemy/orm/persistence.py:1234: in _emit_insert_statements
    result = connection.execute(
../../tesis-fim-serio/backend/.venv/lib/python3.13/site-packages/sqlalchemy/engine/base.py:1421: in execute
    return meth(
../../tesis-fim-serio/backend/.venv/lib/python3.13/site-packages/sqlalchemy/sql/elements.py:526: in _execute_on_connection
    return connection._execute_clauseelement(
../../tesis-fim-serio/backend/.venv/lib/python3.13/site-packages/sqlalchemy/engine/base.py:1643: in _execute_clauseelement
    ret = self._execute_context(
../../tesis-fim-serio/backend/.venv/lib/python3.13/site-packages/sqlalchemy/engine/base.py:1848: in _execute_context
    return self._exec_single_context(
../../tesis-fim-serio/backend/.venv/lib/python3.13/site-packages/sqlalchemy/engine/base.py:1988: in _exec_single_context
    self._handle_dbapi_exception(
../../tesis-fim-serio/backend/.venv/lib/python3.13/site-packages/sqlalchemy/engine/base.py:2365: in _handle_dbapi_exception
    raise sqlalchemy_exception.with_traceback(exc_info[2]) from e
../../tesis-fim-serio/backend/.venv/lib/python3.13/site-packages/sqlalchemy/engine/base.py:1969: in _exec_single_context
    self.dialect.do_execute(
../../tesis-fim-serio/backend/.venv/lib/python3.13/site-packages/sqlalchemy/engine/default.py:952: in do_execute
    cursor.execute(statement, parameters)
../../tesis-fim-serio/backend/.venv/lib/python3.13/site-packages/psycopg/cursor.py:97: in execute
    raise ex.with_traceback(None)
E   sqlalchemy.exc.IntegrityError: (psycopg.errors.UniqueViolation) duplicate key value violates unique constraint "ix_users_username"
E   DETAIL:  Key (username)=(admin) already exists.
E   [SQL: INSERT INTO users (username, email, password_hash, role, is_active, must_change_password, created_at) VALUES (%(username)s::VARCHAR, %(email)s::VARCHAR, %(password_hash)s::VARCHAR, %(role)s::VARCHAR, %(is_active)s, %(must_change_password)s, %(created_at)s::TIMESTAMP WITH TIME ZONE) RETURNING users.id]
E   [parameters: {'username': 'admin', 'email': 'admin@fim.local', 'password_hash': '$argon2id$v=19$m=65536,t=3,p=4$UmGOPIYDN8r0DWQmtHeNXg$/jtWWoMWKOUzBqRysvSmgq3rzM1pFNSvkYVLnL93/+I', 'role': 'admin', 'is_active': True, 'must_change_password': True, 'created_at': datetime.datetime(2026, 9, 12, 20, 9, 19, 135361, tzinfo=datetime.timezone.utc)}]
E   (Background on this error at: https://sqlalche.me/e/20/gkpj)
________ ERROR at setup of test_compact_chain_compacta_cadena_mayor_10 _________
../../tesis-fim-serio/backend/.venv/lib/python3.13/site-packages/sqlalchemy/engine/base.py:1969: in _exec_single_context
    self.dialect.do_execute(
../../tesis-fim-serio/backend/.venv/lib/python3.13/site-packages/sqlalchemy/engine/default.py:952: in do_execute
    cursor.execute(statement, parameters)
../../tesis-fim-serio/backend/.venv/lib/python3.13/site-packages/psycopg/cursor.py:97: in execute
    raise ex.with_traceback(None)
E   psycopg.errors.UniqueViolation: duplicate key value violates unique constraint "ix_users_username"
E   DETAIL:  Key (username)=(admin) already exists.

The above exception was the direct cause of the following exception:
backend/tests/conftest.py:133: in _db_isolation
    _seed_admin_impl()
backend/tests/conftest.py:108: in _seed_admin_impl
    session.commit()
../../tesis-fim-serio/backend/.venv/lib/python3.13/site-packages/sqlalchemy/orm/session.py:2035: in commit
    trans.commit(_to_root=True)
../../tesis-fim-serio/backend/.venv/lib/python3.13/site-packages/sqlalchemy/orm/state_changes.py:137: in _go
    ret_value = fn(self, *arg, **kw)
../../tesis-fim-serio/backend/.venv/lib/python3.13/site-packages/sqlalchemy/orm/session.py:1316: in commit
    self._prepare_impl()
../../tesis-fim-serio/backend/.venv/lib/python3.13/site-packages/sqlalchemy/orm/state_changes.py:137: in _go
    ret_value = fn(self, *arg, **kw)
../../tesis-fim-serio/backend/.venv/lib/python3.13/site-packages/sqlalchemy/orm/session.py:1290: in _prepare_impl
    self.session.flush()
../../tesis-fim-serio/backend/.venv/lib/python3.13/site-packages/sqlalchemy/orm/session.py:4353: in flush
    self._flush(objects)
../../tesis-fim-serio/backend/.venv/lib/python3.13/site-packages/sqlalchemy/orm/session.py:4488: in _flush
    with util.safe_reraise():
../../tesis-fim-serio/backend/.venv/lib/python3.13/site-packages/sqlalchemy/util/langhelpers.py:122: in __exit__
    raise exc_value.with_traceback(exc_tb)
../../tesis-fim-serio/backend/.venv/lib/python3.13/site-packages/sqlalchemy/orm/session.py:4449: in _flush
    flush_context.execute()
../../tesis-fim-serio/backend/.venv/lib/python3.13/site-packages/sqlalchemy/orm/unitofwork.py:465: in execute
    rec.execute(self)
../../tesis-fim-serio/backend/.venv/lib/python3.13/site-packages/sqlalchemy/orm/unitofwork.py:641: in execute
    util.preloaded.orm_persistence.save_obj(
../../tesis-fim-serio/backend/.venv/lib/python3.13/site-packages/sqlalchemy/orm/persistence.py:94: in save_obj
    _emit_insert_statements(
../../tesis-fim-serio/backend/.venv/lib/python3.13/site-packages/sqlalchemy/orm/persistence.py:1234: in _emit_insert_statements
    result = connection.execute(
../../tesis-fim-serio/backend/.venv/lib/python3.13/site-packages/sqlalchemy/engine/base.py:1421: in execute
    return meth(
../../tesis-fim-serio/backend/.venv/lib/python3.13/site-packages/sqlalchemy/sql/elements.py:526: in _execute_on_connection
    return connection._execute_clauseelement(
../../tesis-fim-serio/backend/.venv/lib/python3.13/site-packages/sqlalchemy/engine/base.py:1643: in _execute_clauseelement
    ret = self._execute_context(
../../tesis-fim-serio/backend/.venv/lib/python3.13/site-packages/sqlalchemy/engine/base.py:1848: in _execute_context
    return self._exec_single_context(
../../tesis-fim-serio/backend/.venv/lib/python3.13/site-packages/sqlalchemy/engine/base.py:1988: in _exec_single_context
    self._handle_dbapi_exception(
../../tesis-fim-serio/backend/.venv/lib/python3.13/site-packages/sqlalchemy/engine/base.py:2365: in _handle_dbapi_exception
    raise sqlalchemy_exception.with_traceback(exc_info[2]) from e
../../tesis-fim-serio/backend/.venv/lib/python3.13/site-packages/sqlalchemy/engine/base.py:1969: in _exec_single_context
    self.dialect.do_execute(
../../tesis-fim-serio/backend/.venv/lib/python3.13/site-packages/sqlalchemy/engine/default.py:952: in do_execute
    cursor.execute(statement, parameters)
../../tesis-fim-serio/backend/.venv/lib/python3.13/site-packages/psycopg/cursor.py:97: in execute
    raise ex.with_traceback(None)
E   sqlalchemy.exc.IntegrityError: (psycopg.errors.UniqueViolation) duplicate key value violates unique constraint "ix_users_username"
E   DETAIL:  Key (username)=(admin) already exists.
E   [SQL: INSERT INTO users (username, email, password_hash, role, is_active, must_change_password, created_at) VALUES (%(username)s::VARCHAR, %(email)s::VARCHAR, %(password_hash)s::VARCHAR, %(role)s::VARCHAR, %(is_active)s, %(must_change_password)s, %(created_at)s::TIMESTAMP WITH TIME ZONE) RETURNING users.id]
E   [parameters: {'username': 'admin', 'email': 'admin@fim.local', 'password_hash': '$argon2id$v=19$m=65536,t=3,p=4$wRg+oRyjUxD4rLG1JWD0dg$SgK1maUqHwiUQ0lLq30j0rwJJwdFAyd4YA4JiFNRJKs', 'role': 'admin', 'is_active': True, 'must_change_password': True, 'created_at': datetime.datetime(2026, 9, 12, 20, 9, 20, 272315, tzinfo=datetime.timezone.utc)}]
E   (Background on this error at: https://sqlalche.me/e/20/gkpj)
________ ERROR at setup of test_compact_chain_no_elimina_si_10_o_menos _________
../../tesis-fim-serio/backend/.venv/lib/python3.13/site-packages/sqlalchemy/engine/base.py:1969: in _exec_single_context
    self.dialect.do_execute(
../../tesis-fim-serio/backend/.venv/lib/python3.13/site-packages/sqlalchemy/engine/default.py:952: in do_execute
    cursor.execute(statement, parameters)
../../tesis-fim-serio/backend/.venv/lib/python3.13/site-packages/psycopg/cursor.py:97: in execute
    raise ex.with_traceback(None)
E   psycopg.errors.UniqueViolation: duplicate key value violates unique constraint "ix_users_username"
E   DETAIL:  Key (username)=(admin) already exists.

The above exception was the direct cause of the following exception:
backend/tests/conftest.py:133: in _db_isolation
    _seed_admin_impl()
backend/tests/conftest.py:108: in _seed_admin_impl
    session.commit()
../../tesis-fim-serio/backend/.venv/lib/python3.13/site-packages/sqlalchemy/orm/session.py:2035: in commit
    trans.commit(_to_root=True)
../../tesis-fim-serio/backend/.venv/lib/python3.13/site-packages/sqlalchemy/orm/state_changes.py:137: in _go
    ret_value = fn(self, *arg, **kw)
../../tesis-fim-serio/backend/.venv/lib/python3.13/site-packages/sqlalchemy/orm/session.py:1316: in commit
    self._prepare_impl()
../../tesis-fim-serio/backend/.venv/lib/python3.13/site-packages/sqlalchemy/orm/state_changes.py:137: in _go
    ret_value = fn(self, *arg, **kw)
../../tesis-fim-serio/backend/.venv/lib/python3.13/site-packages/sqlalchemy/orm/session.py:1290: in _prepare_impl
    self.session.flush()
../../tesis-fim-serio/backend/.venv/lib/python3.13/site-packages/sqlalchemy/orm/session.py:4353: in flush
    self._flush(objects)
../../tesis-fim-serio/backend/.venv/lib/python3.13/site-packages/sqlalchemy/orm/session.py:4488: in _flush
    with util.safe_reraise():
../../tesis-fim-serio/backend/.venv/lib/python3.13/site-packages/sqlalchemy/util/langhelpers.py:122: in __exit__
    raise exc_value.with_traceback(exc_tb)
../../tesis-fim-serio/backend/.venv/lib/python3.13/site-packages/sqlalchemy/orm/session.py:4449: in _flush
    flush_context.execute()
../../tesis-fim-serio/backend/.venv/lib/python3.13/site-packages/sqlalchemy/orm/unitofwork.py:465: in execute
    rec.execute(self)
../../tesis-fim-serio/backend/.venv/lib/python3.13/site-packages/sqlalchemy/orm/unitofwork.py:641: in execute
    util.preloaded.orm_persistence.save_obj(
../../tesis-fim-serio/backend/.venv/lib/python3.13/site-packages/sqlalchemy/orm/persistence.py:94: in save_obj
    _emit_insert_statements(
../../tesis-fim-serio/backend/.venv/lib/python3.13/site-packages/sqlalchemy/orm/persistence.py:1234: in _emit_insert_statements
    result = connection.execute(
../../tesis-fim-serio/backend/.venv/lib/python3.13/site-packages/sqlalchemy/engine/base.py:1421: in execute
    return meth(
../../tesis-fim-serio/backend/.venv/lib/python3.13/site-packages/sqlalchemy/sql/elements.py:526: in _execute_on_connection
    return connection._execute_clauseelement(
../../tesis-fim-serio/backend/.venv/lib/python3.13/site-packages/sqlalchemy/engine/base.py:1643: in _execute_clauseelement
    ret = self._execute_context(
../../tesis-fim-serio/backend/.venv/lib/python3.13/site-packages/sqlalchemy/engine/base.py:1848: in _execute_context
    return self._exec_single_context(
../../tesis-fim-serio/backend/.venv/lib/python3.13/site-packages/sqlalchemy/engine/base.py:1988: in _exec_single_context
    self._handle_dbapi_exception(
../../tesis-fim-serio/backend/.venv/lib/python3.13/site-packages/sqlalchemy/engine/base.py:2365: in _handle_dbapi_exception
    raise sqlalchemy_exception.with_traceback(exc_info[2]) from e
../../tesis-fim-serio/backend/.venv/lib/python3.13/site-packages/sqlalchemy/engine/base.py:1969: in _exec_single_context
    self.dialect.do_execute(
../../tesis-fim-serio/backend/.venv/lib/python3.13/site-packages/sqlalchemy/engine/default.py:952: in do_execute
    cursor.execute(statement, parameters)
../../tesis-fim-serio/backend/.venv/lib/python3.13/site-packages/psycopg/cursor.py:97: in execute
    raise ex.with_traceback(None)
E   sqlalchemy.exc.IntegrityError: (psycopg.errors.UniqueViolation) duplicate key value violates unique constraint "ix_users_username"
E   DETAIL:  Key (username)=(admin) already exists.
E   [SQL: INSERT INTO users (username, email, password_hash, role, is_active, must_change_password, created_at) VALUES (%(username)s::VARCHAR, %(email)s::VARCHAR, %(password_hash)s::VARCHAR, %(role)s::VARCHAR, %(is_active)s, %(must_change_password)s, %(created_at)s::TIMESTAMP WITH TIME ZONE) RETURNING users.id]
E   [parameters: {'username': 'admin', 'email': 'admin@fim.local', 'password_hash': '$argon2id$v=19$m=65536,t=3,p=4$i5FbUJcJrld7RJ9/L3HIfw$e3b+klg08oyu3uNFrsfYE39QjbW7aUg54VBwC31JhMw', 'role': 'admin', 'is_active': True, 'must_change_password': True, 'created_at': datetime.datetime(2026, 9, 12, 20, 9, 20, 718783, tzinfo=datetime.timezone.utc)}]
E   (Background on this error at: https://sqlalche.me/e/20/gkpj)
____ ERROR at setup of test_compact_chain_preserva_protegidos_por_audit_log ____
../../tesis-fim-serio/backend/.venv/lib/python3.13/site-packages/sqlalchemy/engine/base.py:1969: in _exec_single_context
    self.dialect.do_execute(
../../tesis-fim-serio/backend/.venv/lib/python3.13/site-packages/sqlalchemy/engine/default.py:952: in do_execute
    cursor.execute(statement, parameters)
../../tesis-fim-serio/backend/.venv/lib/python3.13/site-packages/psycopg/cursor.py:97: in execute
    raise ex.with_traceback(None)
E   psycopg.errors.UniqueViolation: duplicate key value violates unique constraint "ix_users_username"
E   DETAIL:  Key (username)=(admin) already exists.

The above exception was the direct cause of the following exception:
backend/tests/conftest.py:133: in _db_isolation
    _seed_admin_impl()
backend/tests/conftest.py:108: in _seed_admin_impl
    session.commit()
../../tesis-fim-serio/backend/.venv/lib/python3.13/site-packages/sqlalchemy/orm/session.py:2035: in commit
    trans.commit(_to_root=True)
../../tesis-fim-serio/backend/.venv/lib/python3.13/site-packages/sqlalchemy/orm/state_changes.py:137: in _go
    ret_value = fn(self, *arg, **kw)
../../tesis-fim-serio/backend/.venv/lib/python3.13/site-packages/sqlalchemy/orm/session.py:1316: in commit
    self._prepare_impl()
../../tesis-fim-serio/backend/.venv/lib/python3.13/site-packages/sqlalchemy/orm/state_changes.py:137: in _go
    ret_value = fn(self, *arg, **kw)
../../tesis-fim-serio/backend/.venv/lib/python3.13/site-packages/sqlalchemy/orm/session.py:1290: in _prepare_impl
    self.session.flush()
../../tesis-fim-serio/backend/.venv/lib/python3.13/site-packages/sqlalchemy/orm/session.py:4353: in flush
    self._flush(objects)
../../tesis-fim-serio/backend/.venv/lib/python3.13/site-packages/sqlalchemy/orm/session.py:4488: in _flush
    with util.safe_reraise():
../../tesis-fim-serio/backend/.venv/lib/python3.13/site-packages/sqlalchemy/util/langhelpers.py:122: in __exit__
    raise exc_value.with_traceback(exc_tb)
../../tesis-fim-serio/backend/.venv/lib/python3.13/site-packages/sqlalchemy/orm/session.py:4449: in _flush
    flush_context.execute()
../../tesis-fim-serio/backend/.venv/lib/python3.13/site-packages/sqlalchemy/orm/unitofwork.py:465: in execute
    rec.execute(self)
../../tesis-fim-serio/backend/.venv/lib/python3.13/site-packages/sqlalchemy/orm/unitofwork.py:641: in execute
    util.preloaded.orm_persistence.save_obj(
../../tesis-fim-serio/backend/.venv/lib/python3.13/site-packages/sqlalchemy/orm/persistence.py:94: in save_obj
    _emit_insert_statements(
../../tesis-fim-serio/backend/.venv/lib/python3.13/site-packages/sqlalchemy/orm/persistence.py:1234: in _emit_insert_statements
    result = connection.execute(
../../tesis-fim-serio/backend/.venv/lib/python3.13/site-packages/sqlalchemy/engine/base.py:1421: in execute
    return meth(
../../tesis-fim-serio/backend/.venv/lib/python3.13/site-packages/sqlalchemy/sql/elements.py:526: in _execute_on_connection
    return connection._execute_clauseelement(
../../tesis-fim-serio/backend/.venv/lib/python3.13/site-packages/sqlalchemy/engine/base.py:1643: in _execute_clauseelement
    ret = self._execute_context(
../../tesis-fim-serio/backend/.venv/lib/python3.13/site-packages/sqlalchemy/engine/base.py:1848: in _execute_context
    return self._exec_single_context(
../../tesis-fim-serio/backend/.venv/lib/python3.13/site-packages/sqlalchemy/engine/base.py:1988: in _exec_single_context
    self._handle_dbapi_exception(
../../tesis-fim-serio/backend/.venv/lib/python3.13/site-packages/sqlalchemy/engine/base.py:2365: in _handle_dbapi_exception
    raise sqlalchemy_exception.with_traceback(exc_info[2]) from e
../../tesis-fim-serio/backend/.venv/lib/python3.13/site-packages/sqlalchemy/engine/base.py:1969: in _exec_single_context
    self.dialect.do_execute(
../../tesis-fim-serio/backend/.venv/lib/python3.13/site-packages/sqlalchemy/engine/default.py:952: in do_execute
    cursor.execute(statement, parameters)
../../tesis-fim-serio/backend/.venv/lib/python3.13/site-packages/psycopg/cursor.py:97: in execute
    raise ex.with_traceback(None)
E   sqlalchemy.exc.IntegrityError: (psycopg.errors.UniqueViolation) duplicate key value violates unique constraint "ix_users_username"
E   DETAIL:  Key (username)=(admin) already exists.
E   [SQL: INSERT INTO users (username, email, password_hash, role, is_active, must_change_password, created_at) VALUES (%(username)s::VARCHAR, %(email)s::VARCHAR, %(password_hash)s::VARCHAR, %(role)s::VARCHAR, %(is_active)s, %(must_change_password)s, %(created_at)s::TIMESTAMP WITH TIME ZONE) RETURNING users.id]
E   [parameters: {'username': 'admin', 'email': 'admin@fim.local', 'password_hash': '$argon2id$v=19$m=65536,t=3,p=4$cm6wKRNCwD7LIy7SX649BA$LfNeqeOrCWXHd++cKwt5MbzgXCzihE++emyc8O0L/PI', 'role': 'admin', 'is_active': True, 'must_change_password': True, 'created_at': datetime.datetime(2026, 9, 12, 20, 9, 21, 153426, tzinfo=datetime.timezone.utc)}]
E   (Background on this error at: https://sqlalche.me/e/20/gkpj)
________ ERROR at setup of test_post_users_email_duplicado_retorna_409 _________
../../tesis-fim-serio/backend/.venv/lib/python3.13/site-packages/sqlalchemy/engine/base.py:1969: in _exec_single_context
    self.dialect.do_execute(
../../tesis-fim-serio/backend/.venv/lib/python3.13/site-packages/sqlalchemy/engine/default.py:952: in do_execute
    cursor.execute(statement, parameters)
../../tesis-fim-serio/backend/.venv/lib/python3.13/site-packages/psycopg/cursor.py:97: in execute
    raise ex.with_traceback(None)
E   psycopg.errors.UniqueViolation: duplicate key value violates unique constraint "ix_users_username"
E   DETAIL:  Key (username)=(admin) already exists.

The above exception was the direct cause of the following exception:
backend/tests/conftest.py:133: in _db_isolation
    _seed_admin_impl()
backend/tests/conftest.py:108: in _seed_admin_impl
    session.commit()
../../tesis-fim-serio/backend/.venv/lib/python3.13/site-packages/sqlalchemy/orm/session.py:2035: in commit
    trans.commit(_to_root=True)
../../tesis-fim-serio/backend/.venv/lib/python3.13/site-packages/sqlalchemy/orm/state_changes.py:137: in _go
    ret_value = fn(self, *arg, **kw)
../../tesis-fim-serio/backend/.venv/lib/python3.13/site-packages/sqlalchemy/orm/session.py:1316: in commit
    self._prepare_impl()
../../tesis-fim-serio/backend/.venv/lib/python3.13/site-packages/sqlalchemy/orm/state_changes.py:137: in _go
    ret_value = fn(self, *arg, **kw)
../../tesis-fim-serio/backend/.venv/lib/python3.13/site-packages/sqlalchemy/orm/session.py:1290: in _prepare_impl
    self.session.flush()
../../tesis-fim-serio/backend/.venv/lib/python3.13/site-packages/sqlalchemy/orm/session.py:4353: in flush
    self._flush(objects)
../../tesis-fim-serio/backend/.venv/lib/python3.13/site-packages/sqlalchemy/orm/session.py:4488: in _flush
    with util.safe_reraise():
../../tesis-fim-serio/backend/.venv/lib/python3.13/site-packages/sqlalchemy/util/langhelpers.py:122: in __exit__
    raise exc_value.with_traceback(exc_tb)
../../tesis-fim-serio/backend/.venv/lib/python3.13/site-packages/sqlalchemy/orm/session.py:4449: in _flush
    flush_context.execute()
../../tesis-fim-serio/backend/.venv/lib/python3.13/site-packages/sqlalchemy/orm/unitofwork.py:465: in execute
    rec.execute(self)
../../tesis-fim-serio/backend/.venv/lib/python3.13/site-packages/sqlalchemy/orm/unitofwork.py:641: in execute
    util.preloaded.orm_persistence.save_obj(
../../tesis-fim-serio/backend/.venv/lib/python3.13/site-packages/sqlalchemy/orm/persistence.py:94: in save_obj
    _emit_insert_statements(
../../tesis-fim-serio/backend/.venv/lib/python3.13/site-packages/sqlalchemy/orm/persistence.py:1234: in _emit_insert_statements
    result = connection.execute(
../../tesis-fim-serio/backend/.venv/lib/python3.13/site-packages/sqlalchemy/engine/base.py:1421: in execute
    return meth(
../../tesis-fim-serio/backend/.venv/lib/python3.13/site-packages/sqlalchemy/sql/elements.py:526: in _execute_on_connection
    return connection._execute_clauseelement(
../../tesis-fim-serio/backend/.venv/lib/python3.13/site-packages/sqlalchemy/engine/base.py:1643: in _execute_clauseelement
    ret = self._execute_context(
../../tesis-fim-serio/backend/.venv/lib/python3.13/site-packages/sqlalchemy/engine/base.py:1848: in _execute_context
    return self._exec_single_context(
../../tesis-fim-serio/backend/.venv/lib/python3.13/site-packages/sqlalchemy/engine/base.py:1988: in _exec_single_context
    self._handle_dbapi_exception(
../../tesis-fim-serio/backend/.venv/lib/python3.13/site-packages/sqlalchemy/engine/base.py:2365: in _handle_dbapi_exception
    raise sqlalchemy_exception.with_traceback(exc_info[2]) from e
../../tesis-fim-serio/backend/.venv/lib/python3.13/site-packages/sqlalchemy/engine/base.py:1969: in _exec_single_context
    self.dialect.do_execute(
../../tesis-fim-serio/backend/.venv/lib/python3.13/site-packages/sqlalchemy/engine/default.py:952: in do_execute
    cursor.execute(statement, parameters)
../../tesis-fim-serio/backend/.venv/lib/python3.13/site-packages/psycopg/cursor.py:97: in execute
    raise ex.with_traceback(None)
E   sqlalchemy.exc.IntegrityError: (psycopg.errors.UniqueViolation) duplicate key value violates unique constraint "ix_users_username"
E   DETAIL:  Key (username)=(admin) already exists.
E   [SQL: INSERT INTO users (username, email, password_hash, role, is_active, must_change_password, created_at) VALUES (%(username)s::VARCHAR, %(email)s::VARCHAR, %(password_hash)s::VARCHAR, %(role)s::VARCHAR, %(is_active)s, %(must_change_password)s, %(created_at)s::TIMESTAMP WITH TIME ZONE) RETURNING users.id]
E   [parameters: {'username': 'admin', 'email': 'admin@fim.local', 'password_hash': '$argon2id$v=19$m=65536,t=3,p=4$6Sz5UHd/BxAuIs5bBjEOBA$nT0SWuE3T4pmbeHB6oi0a93OIAGpEoQgXcbLpN6IWJM', 'role': 'admin', 'is_active': True, 'must_change_password': True, 'created_at': datetime.datetime(2026, 9, 12, 20, 9, 22, 469347, tzinfo=datetime.timezone.utc)}]
E   (Background on this error at: https://sqlalche.me/e/20/gkpj)
_ ERROR at setup of test_login_error_es_identico_para_password_mala_y_usuario_inexistente _
../../tesis-fim-serio/backend/.venv/lib/python3.13/site-packages/sqlalchemy/engine/base.py:1969: in _exec_single_context
    self.dialect.do_execute(
../../tesis-fim-serio/backend/.venv/lib/python3.13/site-packages/sqlalchemy/engine/default.py:952: in do_execute
    cursor.execute(statement, parameters)
../../tesis-fim-serio/backend/.venv/lib/python3.13/site-packages/psycopg/cursor.py:97: in execute
    raise ex.with_traceback(None)
E   psycopg.errors.UniqueViolation: duplicate key value violates unique constraint "ix_users_username"
E   DETAIL:  Key (username)=(admin) already exists.

The above exception was the direct cause of the following exception:
backend/tests/conftest.py:133: in _db_isolation
    _seed_admin_impl()
backend/tests/conftest.py:108: in _seed_admin_impl
    session.commit()
../../tesis-fim-serio/backend/.venv/lib/python3.13/site-packages/sqlalchemy/orm/session.py:2035: in commit
    trans.commit(_to_root=True)
../../tesis-fim-serio/backend/.venv/lib/python3.13/site-packages/sqlalchemy/orm/state_changes.py:137: in _go
    ret_value = fn(self, *arg, **kw)
../../tesis-fim-serio/backend/.venv/lib/python3.13/site-packages/sqlalchemy/orm/session.py:1316: in commit
    self._prepare_impl()
../../tesis-fim-serio/backend/.venv/lib/python3.13/site-packages/sqlalchemy/orm/state_changes.py:137: in _go
    ret_value = fn(self, *arg, **kw)
../../tesis-fim-serio/backend/.venv/lib/python3.13/site-packages/sqlalchemy/orm/session.py:1290: in _prepare_impl
    self.session.flush()
../../tesis-fim-serio/backend/.venv/lib/python3.13/site-packages/sqlalchemy/orm/session.py:4353: in flush
    self._flush(objects)
../../tesis-fim-serio/backend/.venv/lib/python3.13/site-packages/sqlalchemy/orm/session.py:4488: in _flush
    with util.safe_reraise():
../../tesis-fim-serio/backend/.venv/lib/python3.13/site-packages/sqlalchemy/util/langhelpers.py:122: in __exit__
    raise exc_value.with_traceback(exc_tb)
../../tesis-fim-serio/backend/.venv/lib/python3.13/site-packages/sqlalchemy/orm/session.py:4449: in _flush
    flush_context.execute()
../../tesis-fim-serio/backend/.venv/lib/python3.13/site-packages/sqlalchemy/orm/unitofwork.py:465: in execute
    rec.execute(self)
../../tesis-fim-serio/backend/.venv/lib/python3.13/site-packages/sqlalchemy/orm/unitofwork.py:641: in execute
    util.preloaded.orm_persistence.save_obj(
../../tesis-fim-serio/backend/.venv/lib/python3.13/site-packages/sqlalchemy/orm/persistence.py:94: in save_obj
    _emit_insert_statements(
../../tesis-fim-serio/backend/.venv/lib/python3.13/site-packages/sqlalchemy/orm/persistence.py:1234: in _emit_insert_statements
    result = connection.execute(
../../tesis-fim-serio/backend/.venv/lib/python3.13/site-packages/sqlalchemy/engine/base.py:1421: in execute
    return meth(
../../tesis-fim-serio/backend/.venv/lib/python3.13/site-packages/sqlalchemy/sql/elements.py:526: in _execute_on_connection
    return connection._execute_clauseelement(
../../tesis-fim-serio/backend/.venv/lib/python3.13/site-packages/sqlalchemy/engine/base.py:1643: in _execute_clauseelement
    ret = self._execute_context(
../../tesis-fim-serio/backend/.venv/lib/python3.13/site-packages/sqlalchemy/engine/base.py:1848: in _execute_context
    return self._exec_single_context(
../../tesis-fim-serio/backend/.venv/lib/python3.13/site-packages/sqlalchemy/engine/base.py:1988: in _exec_single_context
    self._handle_dbapi_exception(
../../tesis-fim-serio/backend/.venv/lib/python3.13/site-packages/sqlalchemy/engine/base.py:2365: in _handle_dbapi_exception
    raise sqlalchemy_exception.with_traceback(exc_info[2]) from e
../../tesis-fim-serio/backend/.venv/lib/python3.13/site-packages/sqlalchemy/engine/base.py:1969: in _exec_single_context
    self.dialect.do_execute(
../../tesis-fim-serio/backend/.venv/lib/python3.13/site-packages/sqlalchemy/engine/default.py:952: in do_execute
    cursor.execute(statement, parameters)
../../tesis-fim-serio/backend/.venv/lib/python3.13/site-packages/psycopg/cursor.py:97: in execute
    raise ex.with_traceback(None)
E   sqlalchemy.exc.IntegrityError: (psycopg.errors.UniqueViolation) duplicate key value violates unique constraint "ix_users_username"
E   DETAIL:  Key (username)=(admin) already exists.
E   [SQL: INSERT INTO users (username, email, password_hash, role, is_active, must_change_password, created_at) VALUES (%(username)s::VARCHAR, %(email)s::VARCHAR, %(password_hash)s::VARCHAR, %(role)s::VARCHAR, %(is_active)s, %(must_change_password)s, %(created_at)s::TIMESTAMP WITH TIME ZONE) RETURNING users.id]
E   [parameters: {'username': 'admin', 'email': 'admin@fim.local', 'password_hash': '$argon2id$v=19$m=65536,t=3,p=4$llUsvVJuE0Pw8b+bxdllLg$+I1wjs9mX3lnrjxSAe9wqisF+w/J1vQvI2NSACQSmSU', 'role': 'admin', 'is_active': True, 'must_change_password': True, 'created_at': datetime.datetime(2026, 9, 12, 20, 10, 38, 366583, tzinfo=datetime.timezone.utc)}]
E   (Background on this error at: https://sqlalche.me/e/20/gkpj)
___________ ERROR at setup of test_rate_limit_login_5_intentos_pasan ___________
../../tesis-fim-serio/backend/.venv/lib/python3.13/site-packages/sqlalchemy/engine/base.py:1969: in _exec_single_context
    self.dialect.do_execute(
../../tesis-fim-serio/backend/.venv/lib/python3.13/site-packages/sqlalchemy/engine/default.py:952: in do_execute
    cursor.execute(statement, parameters)
../../tesis-fim-serio/backend/.venv/lib/python3.13/site-packages/psycopg/cursor.py:97: in execute
    raise ex.with_traceback(None)
E   psycopg.errors.UniqueViolation: duplicate key value violates unique constraint "ix_users_username"
E   DETAIL:  Key (username)=(admin) already exists.

The above exception was the direct cause of the following exception:
backend/tests/conftest.py:133: in _db_isolation
    _seed_admin_impl()
backend/tests/conftest.py:108: in _seed_admin_impl
    session.commit()
../../tesis-fim-serio/backend/.venv/lib/python3.13/site-packages/sqlalchemy/orm/session.py:2035: in commit
    trans.commit(_to_root=True)
../../tesis-fim-serio/backend/.venv/lib/python3.13/site-packages/sqlalchemy/orm/state_changes.py:137: in _go
    ret_value = fn(self, *arg, **kw)
../../tesis-fim-serio/backend/.venv/lib/python3.13/site-packages/sqlalchemy/orm/session.py:1316: in commit
    self._prepare_impl()
../../tesis-fim-serio/backend/.venv/lib/python3.13/site-packages/sqlalchemy/orm/state_changes.py:137: in _go
    ret_value = fn(self, *arg, **kw)
../../tesis-fim-serio/backend/.venv/lib/python3.13/site-packages/sqlalchemy/orm/session.py:1290: in _prepare_impl
    self.session.flush()
../../tesis-fim-serio/backend/.venv/lib/python3.13/site-packages/sqlalchemy/orm/session.py:4353: in flush
    self._flush(objects)
../../tesis-fim-serio/backend/.venv/lib/python3.13/site-packages/sqlalchemy/orm/session.py:4488: in _flush
    with util.safe_reraise():
../../tesis-fim-serio/backend/.venv/lib/python3.13/site-packages/sqlalchemy/util/langhelpers.py:122: in __exit__
    raise exc_value.with_traceback(exc_tb)
../../tesis-fim-serio/backend/.venv/lib/python3.13/site-packages/sqlalchemy/orm/session.py:4449: in _flush
    flush_context.execute()
../../tesis-fim-serio/backend/.venv/lib/python3.13/site-packages/sqlalchemy/orm/unitofwork.py:465: in execute
    rec.execute(self)
../../tesis-fim-serio/backend/.venv/lib/python3.13/site-packages/sqlalchemy/orm/unitofwork.py:641: in execute
    util.preloaded.orm_persistence.save_obj(
../../tesis-fim-serio/backend/.venv/lib/python3.13/site-packages/sqlalchemy/orm/persistence.py:94: in save_obj
    _emit_insert_statements(
../../tesis-fim-serio/backend/.venv/lib/python3.13/site-packages/sqlalchemy/orm/persistence.py:1234: in _emit_insert_statements
    result = connection.execute(
../../tesis-fim-serio/backend/.venv/lib/python3.13/site-packages/sqlalchemy/engine/base.py:1421: in execute
    return meth(
../../tesis-fim-serio/backend/.venv/lib/python3.13/site-packages/sqlalchemy/sql/elements.py:526: in _execute_on_connection
    return connection._execute_clauseelement(
../../tesis-fim-serio/backend/.venv/lib/python3.13/site-packages/sqlalchemy/engine/base.py:1643: in _execute_clauseelement
    ret = self._execute_context(
../../tesis-fim-serio/backend/.venv/lib/python3.13/site-packages/sqlalchemy/engine/base.py:1848: in _execute_context
    return self._exec_single_context(
../../tesis-fim-serio/backend/.venv/lib/python3.13/site-packages/sqlalchemy/engine/base.py:1988: in _exec_single_context
    self._handle_dbapi_exception(
../../tesis-fim-serio/backend/.venv/lib/python3.13/site-packages/sqlalchemy/engine/base.py:2365: in _handle_dbapi_exception
    raise sqlalchemy_exception.with_traceback(exc_info[2]) from e
../../tesis-fim-serio/backend/.venv/lib/python3.13/site-packages/sqlalchemy/engine/base.py:1969: in _exec_single_context
    self.dialect.do_execute(
../../tesis-fim-serio/backend/.venv/lib/python3.13/site-packages/sqlalchemy/engine/default.py:952: in do_execute
    cursor.execute(statement, parameters)
../../tesis-fim-serio/backend/.venv/lib/python3.13/site-packages/psycopg/cursor.py:97: in execute
    raise ex.with_traceback(None)
E   sqlalchemy.exc.IntegrityError: (psycopg.errors.UniqueViolation) duplicate key value violates unique constraint "ix_users_username"
E   DETAIL:  Key (username)=(admin) already exists.
E   [SQL: INSERT INTO users (username, email, password_hash, role, is_active, must_change_password, created_at) VALUES (%(username)s::VARCHAR, %(email)s::VARCHAR, %(password_hash)s::VARCHAR, %(role)s::VARCHAR, %(is_active)s, %(must_change_password)s, %(created_at)s::TIMESTAMP WITH TIME ZONE) RETURNING users.id]
E   [parameters: {'username': 'admin', 'email': 'admin@fim.local', 'password_hash': '$argon2id$v=19$m=65536,t=3,p=4$WpEj9hgxwL22PqUunbDm0g$HAYcWD96Vf3J4A5fAibmee0/HUVxp8W/y9AsADc0cvk', 'role': 'admin', 'is_active': True, 'must_change_password': True, 'created_at': datetime.datetime(2026, 9, 12, 20, 10, 39, 158337, tzinfo=datetime.timezone.utc)}]
E   (Background on this error at: https://sqlalche.me/e/20/gkpj)
____________ ERROR at setup of test_refresh_sin_cookie_retorna_401 _____________
../../tesis-fim-serio/backend/.venv/lib/python3.13/site-packages/sqlalchemy/engine/base.py:1969: in _exec_single_context
    self.dialect.do_execute(
../../tesis-fim-serio/backend/.venv/lib/python3.13/site-packages/sqlalchemy/engine/default.py:952: in do_execute
    cursor.execute(statement, parameters)
../../tesis-fim-serio/backend/.venv/lib/python3.13/site-packages/psycopg/cursor.py:97: in execute
    raise ex.with_traceback(None)
E   psycopg.errors.UniqueViolation: duplicate key value violates unique constraint "ix_users_username"
E   DETAIL:  Key (username)=(admin) already exists.

The above exception was the direct cause of the following exception:
backend/tests/conftest.py:133: in _db_isolation
    _seed_admin_impl()
backend/tests/conftest.py:108: in _seed_admin_impl
    session.commit()
../../tesis-fim-serio/backend/.venv/lib/python3.13/site-packages/sqlalchemy/orm/session.py:2035: in commit
    trans.commit(_to_root=True)
../../tesis-fim-serio/backend/.venv/lib/python3.13/site-packages/sqlalchemy/orm/state_changes.py:137: in _go
    ret_value = fn(self, *arg, **kw)
../../tesis-fim-serio/backend/.venv/lib/python3.13/site-packages/sqlalchemy/orm/session.py:1316: in commit
    self._prepare_impl()
../../tesis-fim-serio/backend/.venv/lib/python3.13/site-packages/sqlalchemy/orm/state_changes.py:137: in _go
    ret_value = fn(self, *arg, **kw)
../../tesis-fim-serio/backend/.venv/lib/python3.13/site-packages/sqlalchemy/orm/session.py:1290: in _prepare_impl
    self.session.flush()
../../tesis-fim-serio/backend/.venv/lib/python3.13/site-packages/sqlalchemy/orm/session.py:4353: in flush
    self._flush(objects)
../../tesis-fim-serio/backend/.venv/lib/python3.13/site-packages/sqlalchemy/orm/session.py:4488: in _flush
    with util.safe_reraise():
../../tesis-fim-serio/backend/.venv/lib/python3.13/site-packages/sqlalchemy/util/langhelpers.py:122: in __exit__
    raise exc_value.with_traceback(exc_tb)
../../tesis-fim-serio/backend/.venv/lib/python3.13/site-packages/sqlalchemy/orm/session.py:4449: in _flush
    flush_context.execute()
../../tesis-fim-serio/backend/.venv/lib/python3.13/site-packages/sqlalchemy/orm/unitofwork.py:465: in execute
    rec.execute(self)
../../tesis-fim-serio/backend/.venv/lib/python3.13/site-packages/sqlalchemy/orm/unitofwork.py:641: in execute
    util.preloaded.orm_persistence.save_obj(
../../tesis-fim-serio/backend/.venv/lib/python3.13/site-packages/sqlalchemy/orm/persistence.py:94: in save_obj
    _emit_insert_statements(
../../tesis-fim-serio/backend/.venv/lib/python3.13/site-packages/sqlalchemy/orm/persistence.py:1234: in _emit_insert_statements
    result = connection.execute(
../../tesis-fim-serio/backend/.venv/lib/python3.13/site-packages/sqlalchemy/engine/base.py:1421: in execute
    return meth(
../../tesis-fim-serio/backend/.venv/lib/python3.13/site-packages/sqlalchemy/sql/elements.py:526: in _execute_on_connection
    return connection._execute_clauseelement(
../../tesis-fim-serio/backend/.venv/lib/python3.13/site-packages/sqlalchemy/engine/base.py:1643: in _execute_clauseelement
    ret = self._execute_context(
../../tesis-fim-serio/backend/.venv/lib/python3.13/site-packages/sqlalchemy/engine/base.py:1848: in _execute_context
    return self._exec_single_context(
../../tesis-fim-serio/backend/.venv/lib/python3.13/site-packages/sqlalchemy/engine/base.py:1988: in _exec_single_context
    self._handle_dbapi_exception(
../../tesis-fim-serio/backend/.venv/lib/python3.13/site-packages/sqlalchemy/engine/base.py:2365: in _handle_dbapi_exception
    raise sqlalchemy_exception.with_traceback(exc_info[2]) from e
../../tesis-fim-serio/backend/.venv/lib/python3.13/site-packages/sqlalchemy/engine/base.py:1969: in _exec_single_context
    self.dialect.do_execute(
../../tesis-fim-serio/backend/.venv/lib/python3.13/site-packages/sqlalchemy/engine/default.py:952: in do_execute
    cursor.execute(statement, parameters)
../../tesis-fim-serio/backend/.venv/lib/python3.13/site-packages/psycopg/cursor.py:97: in execute
    raise ex.with_traceback(None)
E   sqlalchemy.exc.IntegrityError: (psycopg.errors.UniqueViolation) duplicate key value violates unique constraint "ix_users_username"
E   DETAIL:  Key (username)=(admin) already exists.
E   [SQL: INSERT INTO users (username, email, password_hash, role, is_active, must_change_password, created_at) VALUES (%(username)s::VARCHAR, %(email)s::VARCHAR, %(password_hash)s::VARCHAR, %(role)s::VARCHAR, %(is_active)s, %(must_change_password)s, %(created_at)s::TIMESTAMP WITH TIME ZONE) RETURNING users.id]
E   [parameters: {'username': 'admin', 'email': 'admin@fim.local', 'password_hash': '$argon2id$v=19$m=65536,t=3,p=4$zzrkjYFWtUmn6gXQYx1Jkw$+xMKVZ7AHPmn9wAwpH3cqIBfE54AQyGMov2Y2tm9DjE', 'role': 'admin', 'is_active': True, 'must_change_password': True, 'created_at': datetime.datetime(2026, 9, 12, 20, 10, 41, 640074, tzinfo=datetime.timezone.utc)}]
E   (Background on this error at: https://sqlalche.me/e/20/gkpj)
_ ERROR at setup of test_logout_revoca_refresh_jti_sin_recibir_cookie_canonica _
../../tesis-fim-serio/backend/.venv/lib/python3.13/site-packages/sqlalchemy/engine/base.py:1969: in _exec_single_context
    self.dialect.do_execute(
../../tesis-fim-serio/backend/.venv/lib/python3.13/site-packages/sqlalchemy/engine/default.py:952: in do_execute
    cursor.execute(statement, parameters)
../../tesis-fim-serio/backend/.venv/lib/python3.13/site-packages/psycopg/cursor.py:97: in execute
    raise ex.with_traceback(None)
E   psycopg.errors.UniqueViolation: duplicate key value violates unique constraint "ix_users_username"
E   DETAIL:  Key (username)=(admin) already exists.

The above exception was the direct cause of the following exception:
backend/tests/conftest.py:133: in _db_isolation
    _seed_admin_impl()
backend/tests/conftest.py:108: in _seed_admin_impl
    session.commit()
../../tesis-fim-serio/backend/.venv/lib/python3.13/site-packages/sqlalchemy/orm/session.py:2035: in commit
    trans.commit(_to_root=True)
../../tesis-fim-serio/backend/.venv/lib/python3.13/site-packages/sqlalchemy/orm/state_changes.py:137: in _go
    ret_value = fn(self, *arg, **kw)
../../tesis-fim-serio/backend/.venv/lib/python3.13/site-packages/sqlalchemy/orm/session.py:1316: in commit
    self._prepare_impl()
../../tesis-fim-serio/backend/.venv/lib/python3.13/site-packages/sqlalchemy/orm/state_changes.py:137: in _go
    ret_value = fn(self, *arg, **kw)
../../tesis-fim-serio/backend/.venv/lib/python3.13/site-packages/sqlalchemy/orm/session.py:1290: in _prepare_impl
    self.session.flush()
../../tesis-fim-serio/backend/.venv/lib/python3.13/site-packages/sqlalchemy/orm/session.py:4353: in flush
    self._flush(objects)
../../tesis-fim-serio/backend/.venv/lib/python3.13/site-packages/sqlalchemy/orm/session.py:4488: in _flush
    with util.safe_reraise():
../../tesis-fim-serio/backend/.venv/lib/python3.13/site-packages/sqlalchemy/util/langhelpers.py:122: in __exit__
    raise exc_value.with_traceback(exc_tb)
../../tesis-fim-serio/backend/.venv/lib/python3.13/site-packages/sqlalchemy/orm/session.py:4449: in _flush
    flush_context.execute()
../../tesis-fim-serio/backend/.venv/lib/python3.13/site-packages/sqlalchemy/orm/unitofwork.py:465: in execute
    rec.execute(self)
../../tesis-fim-serio/backend/.venv/lib/python3.13/site-packages/sqlalchemy/orm/unitofwork.py:641: in execute
    util.preloaded.orm_persistence.save_obj(
../../tesis-fim-serio/backend/.venv/lib/python3.13/site-packages/sqlalchemy/orm/persistence.py:94: in save_obj
    _emit_insert_statements(
../../tesis-fim-serio/backend/.venv/lib/python3.13/site-packages/sqlalchemy/orm/persistence.py:1234: in _emit_insert_statements
    result = connection.execute(
../../tesis-fim-serio/backend/.venv/lib/python3.13/site-packages/sqlalchemy/engine/base.py:1421: in execute
    return meth(
../../tesis-fim-serio/backend/.venv/lib/python3.13/site-packages/sqlalchemy/sql/elements.py:526: in _execute_on_connection
    return connection._execute_clauseelement(
../../tesis-fim-serio/backend/.venv/lib/python3.13/site-packages/sqlalchemy/engine/base.py:1643: in _execute_clauseelement
    ret = self._execute_context(
../../tesis-fim-serio/backend/.venv/lib/python3.13/site-packages/sqlalchemy/engine/base.py:1848: in _execute_context
    return self._exec_single_context(
../../tesis-fim-serio/backend/.venv/lib/python3.13/site-packages/sqlalchemy/engine/base.py:1988: in _exec_single_context
    self._handle_dbapi_exception(
../../tesis-fim-serio/backend/.venv/lib/python3.13/site-packages/sqlalchemy/engine/base.py:2365: in _handle_dbapi_exception
    raise sqlalchemy_exception.with_traceback(exc_info[2]) from e
../../tesis-fim-serio/backend/.venv/lib/python3.13/site-packages/sqlalchemy/engine/base.py:1969: in _exec_single_context
    self.dialect.do_execute(
../../tesis-fim-serio/backend/.venv/lib/python3.13/site-packages/sqlalchemy/engine/default.py:952: in do_execute
    cursor.execute(statement, parameters)
../../tesis-fim-serio/backend/.venv/lib/python3.13/site-packages/psycopg/cursor.py:97: in execute
    raise ex.with_traceback(None)
E   sqlalchemy.exc.IntegrityError: (psycopg.errors.UniqueViolation) duplicate key value violates unique constraint "ix_users_username"
E   DETAIL:  Key (username)=(admin) already exists.
E   [SQL: INSERT INTO users (username, email, password_hash, role, is_active, must_change_password, created_at) VALUES (%(username)s::VARCHAR, %(email)s::VARCHAR, %(password_hash)s::VARCHAR, %(role)s::VARCHAR, %(is_active)s, %(must_change_password)s, %(created_at)s::TIMESTAMP WITH TIME ZONE) RETURNING users.id]
E   [parameters: {'username': 'admin', 'email': 'admin@fim.local', 'password_hash': '$argon2id$v=19$m=65536,t=3,p=4$f4CjE8lm3H2EXMhWKrhBHw$a23NjVc/qkdMGo0y3sza7RXDSk0rLbZ0mOGd9Wfcx/w', 'role': 'admin', 'is_active': True, 'must_change_password': True, 'created_at': datetime.datetime(2026, 9, 12, 20, 10, 43, 12114, tzinfo=datetime.timezone.utc)}]
E   (Background on this error at: https://sqlalche.me/e/20/gkpj)
______ ERROR at setup of test_scope_password_change_only_en_access_token _______
../../tesis-fim-serio/backend/.venv/lib/python3.13/site-packages/sqlalchemy/engine/base.py:1969: in _exec_single_context
    self.dialect.do_execute(
../../tesis-fim-serio/backend/.venv/lib/python3.13/site-packages/sqlalchemy/engine/default.py:952: in do_execute
    cursor.execute(statement, parameters)
../../tesis-fim-serio/backend/.venv/lib/python3.13/site-packages/psycopg/cursor.py:97: in execute
    raise ex.with_traceback(None)
E   psycopg.errors.UniqueViolation: duplicate key value violates unique constraint "ix_users_username"
E   DETAIL:  Key (username)=(admin) already exists.

The above exception was the direct cause of the following exception:
backend/tests/conftest.py:133: in _db_isolation
    _seed_admin_impl()
backend/tests/conftest.py:108: in _seed_admin_impl
    session.commit()
../../tesis-fim-serio/backend/.venv/lib/python3.13/site-packages/sqlalchemy/orm/session.py:2035: in commit
    trans.commit(_to_root=True)
../../tesis-fim-serio/backend/.venv/lib/python3.13/site-packages/sqlalchemy/orm/state_changes.py:137: in _go
    ret_value = fn(self, *arg, **kw)
../../tesis-fim-serio/backend/.venv/lib/python3.13/site-packages/sqlalchemy/orm/session.py:1316: in commit
    self._prepare_impl()
../../tesis-fim-serio/backend/.venv/lib/python3.13/site-packages/sqlalchemy/orm/state_changes.py:137: in _go
    ret_value = fn(self, *arg, **kw)
../../tesis-fim-serio/backend/.venv/lib/python3.13/site-packages/sqlalchemy/orm/session.py:1290: in _prepare_impl
    self.session.flush()
../../tesis-fim-serio/backend/.venv/lib/python3.13/site-packages/sqlalchemy/orm/session.py:4353: in flush
    self._flush(objects)
../../tesis-fim-serio/backend/.venv/lib/python3.13/site-packages/sqlalchemy/orm/session.py:4488: in _flush
    with util.safe_reraise():
../../tesis-fim-serio/backend/.venv/lib/python3.13/site-packages/sqlalchemy/util/langhelpers.py:122: in __exit__
    raise exc_value.with_traceback(exc_tb)
../../tesis-fim-serio/backend/.venv/lib/python3.13/site-packages/sqlalchemy/orm/session.py:4449: in _flush
    flush_context.execute()
../../tesis-fim-serio/backend/.venv/lib/python3.13/site-packages/sqlalchemy/orm/unitofwork.py:465: in execute
    rec.execute(self)
../../tesis-fim-serio/backend/.venv/lib/python3.13/site-packages/sqlalchemy/orm/unitofwork.py:641: in execute
    util.preloaded.orm_persistence.save_obj(
../../tesis-fim-serio/backend/.venv/lib/python3.13/site-packages/sqlalchemy/orm/persistence.py:94: in save_obj
    _emit_insert_statements(
../../tesis-fim-serio/backend/.venv/lib/python3.13/site-packages/sqlalchemy/orm/persistence.py:1234: in _emit_insert_statements
    result = connection.execute(
../../tesis-fim-serio/backend/.venv/lib/python3.13/site-packages/sqlalchemy/engine/base.py:1421: in execute
    return meth(
../../tesis-fim-serio/backend/.venv/lib/python3.13/site-packages/sqlalchemy/sql/elements.py:526: in _execute_on_connection
    return connection._execute_clauseelement(
../../tesis-fim-serio/backend/.venv/lib/python3.13/site-packages/sqlalchemy/engine/base.py:1643: in _execute_clauseelement
    ret = self._execute_context(
../../tesis-fim-serio/backend/.venv/lib/python3.13/site-packages/sqlalchemy/engine/base.py:1848: in _execute_context
    return self._exec_single_context(
../../tesis-fim-serio/backend/.venv/lib/python3.13/site-packages/sqlalchemy/engine/base.py:1988: in _exec_single_context
    self._handle_dbapi_exception(
../../tesis-fim-serio/backend/.venv/lib/python3.13/site-packages/sqlalchemy/engine/base.py:2365: in _handle_dbapi_exception
    raise sqlalchemy_exception.with_traceback(exc_info[2]) from e
../../tesis-fim-serio/backend/.venv/lib/python3.13/site-packages/sqlalchemy/engine/base.py:1969: in _exec_single_context
    self.dialect.do_execute(
../../tesis-fim-serio/backend/.venv/lib/python3.13/site-packages/sqlalchemy/engine/default.py:952: in do_execute
    cursor.execute(statement, parameters)
../../tesis-fim-serio/backend/.venv/lib/python3.13/site-packages/psycopg/cursor.py:97: in execute
    raise ex.with_traceback(None)
E   sqlalchemy.exc.IntegrityError: (psycopg.errors.UniqueViolation) duplicate key value violates unique constraint "ix_users_username"
E   DETAIL:  Key (username)=(admin) already exists.
E   [SQL: INSERT INTO users (username, email, password_hash, role, is_active, must_change_password, created_at) VALUES (%(username)s::VARCHAR, %(email)s::VARCHAR, %(password_hash)s::VARCHAR, %(role)s::VARCHAR, %(is_active)s, %(must_change_password)s, %(created_at)s::TIMESTAMP WITH TIME ZONE) RETURNING users.id]
E   [parameters: {'username': 'admin', 'email': 'admin@fim.local', 'password_hash': '$argon2id$v=19$m=65536,t=3,p=4$Vz48zLw8ArWZy3pv8o97NQ$5wpltpgQ7uasmIdR/Sl8kzbq+9GLycwpU2X242t+Auc', 'role': 'admin', 'is_active': True, 'must_change_password': True, 'created_at': datetime.datetime(2026, 9, 12, 20, 10, 43, 656555, tzinfo=datetime.timezone.utc)}]
E   (Background on this error at: https://sqlalche.me/e/20/gkpj)
_____ ERROR at setup of test_ingest_event_keeps_new_event_after_compaction _____
../../tesis-fim-serio/backend/.venv/lib/python3.13/site-packages/sqlalchemy/engine/base.py:1969: in _exec_single_context
    self.dialect.do_execute(
../../tesis-fim-serio/backend/.venv/lib/python3.13/site-packages/sqlalchemy/engine/default.py:952: in do_execute
    cursor.execute(statement, parameters)
../../tesis-fim-serio/backend/.venv/lib/python3.13/site-packages/psycopg/cursor.py:97: in execute
    raise ex.with_traceback(None)
E   psycopg.errors.UniqueViolation: duplicate key value violates unique constraint "ix_users_username"
E   DETAIL:  Key (username)=(admin) already exists.

The above exception was the direct cause of the following exception:
backend/tests/conftest.py:133: in _db_isolation
    _seed_admin_impl()
backend/tests/conftest.py:108: in _seed_admin_impl
    session.commit()
../../tesis-fim-serio/backend/.venv/lib/python3.13/site-packages/sqlalchemy/orm/session.py:2035: in commit
    trans.commit(_to_root=True)
../../tesis-fim-serio/backend/.venv/lib/python3.13/site-packages/sqlalchemy/orm/state_changes.py:137: in _go
    ret_value = fn(self, *arg, **kw)
../../tesis-fim-serio/backend/.venv/lib/python3.13/site-packages/sqlalchemy/orm/session.py:1316: in commit
    self._prepare_impl()
../../tesis-fim-serio/backend/.venv/lib/python3.13/site-packages/sqlalchemy/orm/state_changes.py:137: in _go
    ret_value = fn(self, *arg, **kw)
../../tesis-fim-serio/backend/.venv/lib/python3.13/site-packages/sqlalchemy/orm/session.py:1290: in _prepare_impl
    self.session.flush()
../../tesis-fim-serio/backend/.venv/lib/python3.13/site-packages/sqlalchemy/orm/session.py:4353: in flush
    self._flush(objects)
../../tesis-fim-serio/backend/.venv/lib/python3.13/site-packages/sqlalchemy/orm/session.py:4488: in _flush
    with util.safe_reraise():
../../tesis-fim-serio/backend/.venv/lib/python3.13/site-packages/sqlalchemy/util/langhelpers.py:122: in __exit__
    raise exc_value.with_traceback(exc_tb)
../../tesis-fim-serio/backend/.venv/lib/python3.13/site-packages/sqlalchemy/orm/session.py:4449: in _flush
    flush_context.execute()
../../tesis-fim-serio/backend/.venv/lib/python3.13/site-packages/sqlalchemy/orm/unitofwork.py:465: in execute
    rec.execute(self)
../../tesis-fim-serio/backend/.venv/lib/python3.13/site-packages/sqlalchemy/orm/unitofwork.py:641: in execute
    util.preloaded.orm_persistence.save_obj(
../../tesis-fim-serio/backend/.venv/lib/python3.13/site-packages/sqlalchemy/orm/persistence.py:94: in save_obj
    _emit_insert_statements(
../../tesis-fim-serio/backend/.venv/lib/python3.13/site-packages/sqlalchemy/orm/persistence.py:1234: in _emit_insert_statements
    result = connection.execute(
../../tesis-fim-serio/backend/.venv/lib/python3.13/site-packages/sqlalchemy/engine/base.py:1421: in execute
    return meth(
../../tesis-fim-serio/backend/.venv/lib/python3.13/site-packages/sqlalchemy/sql/elements.py:526: in _execute_on_connection
    return connection._execute_clauseelement(
../../tesis-fim-serio/backend/.venv/lib/python3.13/site-packages/sqlalchemy/engine/base.py:1643: in _execute_clauseelement
    ret = self._execute_context(
../../tesis-fim-serio/backend/.venv/lib/python3.13/site-packages/sqlalchemy/engine/base.py:1848: in _execute_context
    return self._exec_single_context(
../../tesis-fim-serio/backend/.venv/lib/python3.13/site-packages/sqlalchemy/engine/base.py:1988: in _exec_single_context
    self._handle_dbapi_exception(
../../tesis-fim-serio/backend/.venv/lib/python3.13/site-packages/sqlalchemy/engine/base.py:2365: in _handle_dbapi_exception
    raise sqlalchemy_exception.with_traceback(exc_info[2]) from e
../../tesis-fim-serio/backend/.venv/lib/python3.13/site-packages/sqlalchemy/engine/base.py:1969: in _exec_single_context
    self.dialect.do_execute(
../../tesis-fim-serio/backend/.venv/lib/python3.13/site-packages/sqlalchemy/engine/default.py:952: in do_execute
    cursor.execute(statement, parameters)
../../tesis-fim-serio/backend/.venv/lib/python3.13/site-packages/psycopg/cursor.py:97: in execute
    raise ex.with_traceback(None)
E   sqlalchemy.exc.IntegrityError: (psycopg.errors.UniqueViolation) duplicate key value violates unique constraint "ix_users_username"
E   DETAIL:  Key (username)=(admin) already exists.
E   [SQL: INSERT INTO users (username, email, password_hash, role, is_active, must_change_password, created_at) VALUES (%(username)s::VARCHAR, %(email)s::VARCHAR, %(password_hash)s::VARCHAR, %(role)s::VARCHAR, %(is_active)s, %(must_change_password)s, %(created_at)s::TIMESTAMP WITH TIME ZONE) RETURNING users.id]
E   [parameters: {'username': 'admin', 'email': 'admin@fim.local', 'password_hash': '$argon2id$v=19$m=65536,t=3,p=4$P4NbqV6hPqiTVjynYilDJw$SVZ2gny7Oi8o2eJcWMuWRY6ontylij2ttDYIrKaz74U', 'role': 'admin', 'is_active': True, 'must_change_password': True, 'created_at': datetime.datetime(2026, 9, 12, 20, 10, 47, 449764, tzinfo=datetime.timezone.utc)}]
E   (Background on this error at: https://sqlalche.me/e/20/gkpj)
_ ERROR at setup of test_ensure_ca_rejects_legacy_ca_without_key_usage_without_rewriting _
../../tesis-fim-serio/backend/.venv/lib/python3.13/site-packages/sqlalchemy/engine/base.py:1969: in _exec_single_context
    self.dialect.do_execute(
../../tesis-fim-serio/backend/.venv/lib/python3.13/site-packages/sqlalchemy/engine/default.py:952: in do_execute
    cursor.execute(statement, parameters)
../../tesis-fim-serio/backend/.venv/lib/python3.13/site-packages/psycopg/cursor.py:97: in execute
    raise ex.with_traceback(None)
E   psycopg.errors.UniqueViolation: duplicate key value violates unique constraint "ix_users_username"
E   DETAIL:  Key (username)=(admin) already exists.

The above exception was the direct cause of the following exception:
backend/tests/conftest.py:133: in _db_isolation
    _seed_admin_impl()
backend/tests/conftest.py:108: in _seed_admin_impl
    session.commit()
../../tesis-fim-serio/backend/.venv/lib/python3.13/site-packages/sqlalchemy/orm/session.py:2035: in commit
    trans.commit(_to_root=True)
../../tesis-fim-serio/backend/.venv/lib/python3.13/site-packages/sqlalchemy/orm/state_changes.py:137: in _go
    ret_value = fn(self, *arg, **kw)
../../tesis-fim-serio/backend/.venv/lib/python3.13/site-packages/sqlalchemy/orm/session.py:1316: in commit
    self._prepare_impl()
../../tesis-fim-serio/backend/.venv/lib/python3.13/site-packages/sqlalchemy/orm/state_changes.py:137: in _go
    ret_value = fn(self, *arg, **kw)
../../tesis-fim-serio/backend/.venv/lib/python3.13/site-packages/sqlalchemy/orm/session.py:1290: in _prepare_impl
    self.session.flush()
../../tesis-fim-serio/backend/.venv/lib/python3.13/site-packages/sqlalchemy/orm/session.py:4353: in flush
    self._flush(objects)
../../tesis-fim-serio/backend/.venv/lib/python3.13/site-packages/sqlalchemy/orm/session.py:4488: in _flush
    with util.safe_reraise():
../../tesis-fim-serio/backend/.venv/lib/python3.13/site-packages/sqlalchemy/util/langhelpers.py:122: in __exit__
    raise exc_value.with_traceback(exc_tb)
../../tesis-fim-serio/backend/.venv/lib/python3.13/site-packages/sqlalchemy/orm/session.py:4449: in _flush
    flush_context.execute()
../../tesis-fim-serio/backend/.venv/lib/python3.13/site-packages/sqlalchemy/orm/unitofwork.py:465: in execute
    rec.execute(self)
../../tesis-fim-serio/backend/.venv/lib/python3.13/site-packages/sqlalchemy/orm/unitofwork.py:641: in execute
    util.preloaded.orm_persistence.save_obj(
../../tesis-fim-serio/backend/.venv/lib/python3.13/site-packages/sqlalchemy/orm/persistence.py:94: in save_obj
    _emit_insert_statements(
../../tesis-fim-serio/backend/.venv/lib/python3.13/site-packages/sqlalchemy/orm/persistence.py:1234: in _emit_insert_statements
    result = connection.execute(
../../tesis-fim-serio/backend/.venv/lib/python3.13/site-packages/sqlalchemy/engine/base.py:1421: in execute
    return meth(
../../tesis-fim-serio/backend/.venv/lib/python3.13/site-packages/sqlalchemy/sql/elements.py:526: in _execute_on_connection
    return connection._execute_clauseelement(
../../tesis-fim-serio/backend/.venv/lib/python3.13/site-packages/sqlalchemy/engine/base.py:1643: in _execute_clauseelement
    ret = self._execute_context(
../../tesis-fim-serio/backend/.venv/lib/python3.13/site-packages/sqlalchemy/engine/base.py:1848: in _execute_context
    return self._exec_single_context(
../../tesis-fim-serio/backend/.venv/lib/python3.13/site-packages/sqlalchemy/engine/base.py:1988: in _exec_single_context
    self._handle_dbapi_exception(
../../tesis-fim-serio/backend/.venv/lib/python3.13/site-packages/sqlalchemy/engine/base.py:2365: in _handle_dbapi_exception
    raise sqlalchemy_exception.with_traceback(exc_info[2]) from e
../../tesis-fim-serio/backend/.venv/lib/python3.13/site-packages/sqlalchemy/engine/base.py:1969: in _exec_single_context
    self.dialect.do_execute(
../../tesis-fim-serio/backend/.venv/lib/python3.13/site-packages/sqlalchemy/engine/default.py:952: in do_execute
    cursor.execute(statement, parameters)
../../tesis-fim-serio/backend/.venv/lib/python3.13/site-packages/psycopg/cursor.py:97: in execute
    raise ex.with_traceback(None)
E   sqlalchemy.exc.IntegrityError: (psycopg.errors.UniqueViolation) duplicate key value violates unique constraint "ix_users_username"
E   DETAIL:  Key (username)=(admin) already exists.
E   [SQL: INSERT INTO users (username, email, password_hash, role, is_active, must_change_password, created_at) VALUES (%(username)s::VARCHAR, %(email)s::VARCHAR, %(password_hash)s::VARCHAR, %(role)s::VARCHAR, %(is_active)s, %(must_change_password)s, %(created_at)s::TIMESTAMP WITH TIME ZONE) RETURNING users.id]
E   [parameters: {'username': 'admin', 'email': 'admin@fim.local', 'password_hash': '$argon2id$v=19$m=65536,t=3,p=4$8BBZ8Paid8FzCyxAN18a0w$59yygWG5mYmJNYPzmfj6svZlPEWsqvvhlvIMytuu7XY', 'role': 'admin', 'is_active': True, 'must_change_password': True, 'created_at': datetime.datetime(2026, 9, 12, 20, 10, 48, 346546, tzinfo=datetime.timezone.utc)}]
E   (Background on this error at: https://sqlalche.me/e/20/gkpj)
___ ERROR at setup of test_get_events_scope_password_change_only_retorna_403 ___
../../tesis-fim-serio/backend/.venv/lib/python3.13/site-packages/sqlalchemy/engine/base.py:1969: in _exec_single_context
    self.dialect.do_execute(
../../tesis-fim-serio/backend/.venv/lib/python3.13/site-packages/sqlalchemy/engine/default.py:952: in do_execute
    cursor.execute(statement, parameters)
../../tesis-fim-serio/backend/.venv/lib/python3.13/site-packages/psycopg/cursor.py:97: in execute
    raise ex.with_traceback(None)
E   psycopg.errors.UniqueViolation: duplicate key value violates unique constraint "ix_users_username"
E   DETAIL:  Key (username)=(admin) already exists.

The above exception was the direct cause of the following exception:
backend/tests/conftest.py:133: in _db_isolation
    _seed_admin_impl()
backend/tests/conftest.py:108: in _seed_admin_impl
    session.commit()
../../tesis-fim-serio/backend/.venv/lib/python3.13/site-packages/sqlalchemy/orm/session.py:2035: in commit
    trans.commit(_to_root=True)
../../tesis-fim-serio/backend/.venv/lib/python3.13/site-packages/sqlalchemy/orm/state_changes.py:137: in _go
    ret_value = fn(self, *arg, **kw)
../../tesis-fim-serio/backend/.venv/lib/python3.13/site-packages/sqlalchemy/orm/session.py:1316: in commit
    self._prepare_impl()
../../tesis-fim-serio/backend/.venv/lib/python3.13/site-packages/sqlalchemy/orm/state_changes.py:137: in _go
    ret_value = fn(self, *arg, **kw)
../../tesis-fim-serio/backend/.venv/lib/python3.13/site-packages/sqlalchemy/orm/session.py:1290: in _prepare_impl
    self.session.flush()
../../tesis-fim-serio/backend/.venv/lib/python3.13/site-packages/sqlalchemy/orm/session.py:4353: in flush
    self._flush(objects)
../../tesis-fim-serio/backend/.venv/lib/python3.13/site-packages/sqlalchemy/orm/session.py:4488: in _flush
    with util.safe_reraise():
../../tesis-fim-serio/backend/.venv/lib/python3.13/site-packages/sqlalchemy/util/langhelpers.py:122: in __exit__
    raise exc_value.with_traceback(exc_tb)
../../tesis-fim-serio/backend/.venv/lib/python3.13/site-packages/sqlalchemy/orm/session.py:4449: in _flush
    flush_context.execute()
../../tesis-fim-serio/backend/.venv/lib/python3.13/site-packages/sqlalchemy/orm/unitofwork.py:465: in execute
    rec.execute(self)
../../tesis-fim-serio/backend/.venv/lib/python3.13/site-packages/sqlalchemy/orm/unitofwork.py:641: in execute
    util.preloaded.orm_persistence.save_obj(
../../tesis-fim-serio/backend/.venv/lib/python3.13/site-packages/sqlalchemy/orm/persistence.py:94: in save_obj
    _emit_insert_statements(
../../tesis-fim-serio/backend/.venv/lib/python3.13/site-packages/sqlalchemy/orm/persistence.py:1234: in _emit_insert_statements
    result = connection.execute(
../../tesis-fim-serio/backend/.venv/lib/python3.13/site-packages/sqlalchemy/engine/base.py:1421: in execute
    return meth(
../../tesis-fim-serio/backend/.venv/lib/python3.13/site-packages/sqlalchemy/sql/elements.py:526: in _execute_on_connection
    return connection._execute_clauseelement(
../../tesis-fim-serio/backend/.venv/lib/python3.13/site-packages/sqlalchemy/engine/base.py:1643: in _execute_clauseelement
    ret = self._execute_context(
../../tesis-fim-serio/backend/.venv/lib/python3.13/site-packages/sqlalchemy/engine/base.py:1848: in _execute_context
    return self._exec_single_context(
../../tesis-fim-serio/backend/.venv/lib/python3.13/site-packages/sqlalchemy/engine/base.py:1988: in _exec_single_context
    self._handle_dbapi_exception(
../../tesis-fim-serio/backend/.venv/lib/python3.13/site-packages/sqlalchemy/engine/base.py:2365: in _handle_dbapi_exception
    raise sqlalchemy_exception.with_traceback(exc_info[2]) from e
../../tesis-fim-serio/backend/.venv/lib/python3.13/site-packages/sqlalchemy/engine/base.py:1969: in _exec_single_context
    self.dialect.do_execute(
../../tesis-fim-serio/backend/.venv/lib/python3.13/site-packages/sqlalchemy/engine/default.py:952: in do_execute
    cursor.execute(statement, parameters)
../../tesis-fim-serio/backend/.venv/lib/python3.13/site-packages/psycopg/cursor.py:97: in execute
    raise ex.with_traceback(None)
E   sqlalchemy.exc.IntegrityError: (psycopg.errors.UniqueViolation) duplicate key value violates unique constraint "ix_users_username"
E   DETAIL:  Key (username)=(admin) already exists.
E   [SQL: INSERT INTO users (username, email, password_hash, role, is_active, must_change_password, created_at) VALUES (%(username)s::VARCHAR, %(email)s::VARCHAR, %(password_hash)s::VARCHAR, %(role)s::VARCHAR, %(is_active)s, %(must_change_password)s, %(created_at)s::TIMESTAMP WITH TIME ZONE) RETURNING users.id]
E   [parameters: {'username': 'admin', 'email': 'admin@fim.local', 'password_hash': '$argon2id$v=19$m=65536,t=3,p=4$K5gJZQfy6IfpvVW1x0u6Cw$LjkpxbGKNSfpGIfOdhwRwyyRs+Eb9/kol1uSciVivFY', 'role': 'admin', 'is_active': True, 'must_change_password': True, 'created_at': datetime.datetime(2026, 9, 12, 20, 10, 49, 674130, tzinfo=datetime.timezone.utc)}]
E   (Background on this error at: https://sqlalche.me/e/20/gkpj)
___ ERROR at setup of test_get_rules_scope_password_change_only_retorna_403 ____
../../tesis-fim-serio/backend/.venv/lib/python3.13/site-packages/sqlalchemy/engine/base.py:1969: in _exec_single_context
    self.dialect.do_execute(
../../tesis-fim-serio/backend/.venv/lib/python3.13/site-packages/sqlalchemy/engine/default.py:952: in do_execute
    cursor.execute(statement, parameters)
../../tesis-fim-serio/backend/.venv/lib/python3.13/site-packages/psycopg/cursor.py:97: in execute
    raise ex.with_traceback(None)
E   psycopg.errors.UniqueViolation: duplicate key value violates unique constraint "ix_users_username"
E   DETAIL:  Key (username)=(admin) already exists.

The above exception was the direct cause of the following exception:
backend/tests/conftest.py:133: in _db_isolation
    _seed_admin_impl()
backend/tests/conftest.py:108: in _seed_admin_impl
    session.commit()
../../tesis-fim-serio/backend/.venv/lib/python3.13/site-packages/sqlalchemy/orm/session.py:2035: in commit
    trans.commit(_to_root=True)
../../tesis-fim-serio/backend/.venv/lib/python3.13/site-packages/sqlalchemy/orm/state_changes.py:137: in _go
    ret_value = fn(self, *arg, **kw)
../../tesis-fim-serio/backend/.venv/lib/python3.13/site-packages/sqlalchemy/orm/session.py:1316: in commit
    self._prepare_impl()
../../tesis-fim-serio/backend/.venv/lib/python3.13/site-packages/sqlalchemy/orm/state_changes.py:137: in _go
    ret_value = fn(self, *arg, **kw)
../../tesis-fim-serio/backend/.venv/lib/python3.13/site-packages/sqlalchemy/orm/session.py:1290: in _prepare_impl
    self.session.flush()
../../tesis-fim-serio/backend/.venv/lib/python3.13/site-packages/sqlalchemy/orm/session.py:4353: in flush
    self._flush(objects)
../../tesis-fim-serio/backend/.venv/lib/python3.13/site-packages/sqlalchemy/orm/session.py:4488: in _flush
    with util.safe_reraise():
../../tesis-fim-serio/backend/.venv/lib/python3.13/site-packages/sqlalchemy/util/langhelpers.py:122: in __exit__
    raise exc_value.with_traceback(exc_tb)
../../tesis-fim-serio/backend/.venv/lib/python3.13/site-packages/sqlalchemy/orm/session.py:4449: in _flush
    flush_context.execute()
../../tesis-fim-serio/backend/.venv/lib/python3.13/site-packages/sqlalchemy/orm/unitofwork.py:465: in execute
    rec.execute(self)
../../tesis-fim-serio/backend/.venv/lib/python3.13/site-packages/sqlalchemy/orm/unitofwork.py:641: in execute
    util.preloaded.orm_persistence.save_obj(
../../tesis-fim-serio/backend/.venv/lib/python3.13/site-packages/sqlalchemy/orm/persistence.py:94: in save_obj
    _emit_insert_statements(
../../tesis-fim-serio/backend/.venv/lib/python3.13/site-packages/sqlalchemy/orm/persistence.py:1234: in _emit_insert_statements
    result = connection.execute(
../../tesis-fim-serio/backend/.venv/lib/python3.13/site-packages/sqlalchemy/engine/base.py:1421: in execute
    return meth(
../../tesis-fim-serio/backend/.venv/lib/python3.13/site-packages/sqlalchemy/sql/elements.py:526: in _execute_on_connection
    return connection._execute_clauseelement(
../../tesis-fim-serio/backend/.venv/lib/python3.13/site-packages/sqlalchemy/engine/base.py:1643: in _execute_clauseelement
    ret = self._execute_context(
../../tesis-fim-serio/backend/.venv/lib/python3.13/site-packages/sqlalchemy/engine/base.py:1848: in _execute_context
    return self._exec_single_context(
../../tesis-fim-serio/backend/.venv/lib/python3.13/site-packages/sqlalchemy/engine/base.py:1988: in _exec_single_context
    self._handle_dbapi_exception(
../../tesis-fim-serio/backend/.venv/lib/python3.13/site-packages/sqlalchemy/engine/base.py:2365: in _handle_dbapi_exception
    raise sqlalchemy_exception.with_traceback(exc_info[2]) from e
../../tesis-fim-serio/backend/.venv/lib/python3.13/site-packages/sqlalchemy/engine/base.py:1969: in _exec_single_context
    self.dialect.do_execute(
../../tesis-fim-serio/backend/.venv/lib/python3.13/site-packages/sqlalchemy/engine/default.py:952: in do_execute
    cursor.execute(statement, parameters)
../../tesis-fim-serio/backend/.venv/lib/python3.13/site-packages/psycopg/cursor.py:97: in execute
    raise ex.with_traceback(None)
E   sqlalchemy.exc.IntegrityError: (psycopg.errors.UniqueViolation) duplicate key value violates unique constraint "ix_users_username"
E   DETAIL:  Key (username)=(admin) already exists.
E   [SQL: INSERT INTO users (username, email, password_hash, role, is_active, must_change_password, created_at) VALUES (%(username)s::VARCHAR, %(email)s::VARCHAR, %(password_hash)s::VARCHAR, %(role)s::VARCHAR, %(is_active)s, %(must_change_password)s, %(created_at)s::TIMESTAMP WITH TIME ZONE) RETURNING users.id]
E   [parameters: {'username': 'admin', 'email': 'admin@fim.local', 'password_hash': '$argon2id$v=19$m=65536,t=3,p=4$zzzvy+fSzug7QIEUJfX/OA$/015Ngj/HM9LlnTejlGuziueSln5nA9RphGCGdyAZyM', 'role': 'admin', 'is_active': True, 'must_change_password': True, 'created_at': datetime.datetime(2026, 9, 12, 20, 10, 50, 500277, tzinfo=datetime.timezone.utc)}]
E   (Background on this error at: https://sqlalche.me/e/20/gkpj)
_ ERROR at setup of test_get_rule_by_id_scope_password_change_only_retorna_403 _
../../tesis-fim-serio/backend/.venv/lib/python3.13/site-packages/sqlalchemy/engine/base.py:1969: in _exec_single_context
    self.dialect.do_execute(
../../tesis-fim-serio/backend/.venv/lib/python3.13/site-packages/sqlalchemy/engine/default.py:952: in do_execute
    cursor.execute(statement, parameters)
../../tesis-fim-serio/backend/.venv/lib/python3.13/site-packages/psycopg/cursor.py:97: in execute
    raise ex.with_traceback(None)
E   psycopg.errors.UniqueViolation: duplicate key value violates unique constraint "ix_users_username"
E   DETAIL:  Key (username)=(admin) already exists.

The above exception was the direct cause of the following exception:
backend/tests/conftest.py:133: in _db_isolation
    _seed_admin_impl()
backend/tests/conftest.py:108: in _seed_admin_impl
    session.commit()
../../tesis-fim-serio/backend/.venv/lib/python3.13/site-packages/sqlalchemy/orm/session.py:2035: in commit
    trans.commit(_to_root=True)
../../tesis-fim-serio/backend/.venv/lib/python3.13/site-packages/sqlalchemy/orm/state_changes.py:137: in _go
    ret_value = fn(self, *arg, **kw)
../../tesis-fim-serio/backend/.venv/lib/python3.13/site-packages/sqlalchemy/orm/session.py:1316: in commit
    self._prepare_impl()
../../tesis-fim-serio/backend/.venv/lib/python3.13/site-packages/sqlalchemy/orm/state_changes.py:137: in _go
    ret_value = fn(self, *arg, **kw)
../../tesis-fim-serio/backend/.venv/lib/python3.13/site-packages/sqlalchemy/orm/session.py:1290: in _prepare_impl
    self.session.flush()
../../tesis-fim-serio/backend/.venv/lib/python3.13/site-packages/sqlalchemy/orm/session.py:4353: in flush
    self._flush(objects)
../../tesis-fim-serio/backend/.venv/lib/python3.13/site-packages/sqlalchemy/orm/session.py:4488: in _flush
    with util.safe_reraise():
../../tesis-fim-serio/backend/.venv/lib/python3.13/site-packages/sqlalchemy/util/langhelpers.py:122: in __exit__
    raise exc_value.with_traceback(exc_tb)
../../tesis-fim-serio/backend/.venv/lib/python3.13/site-packages/sqlalchemy/orm/session.py:4449: in _flush
    flush_context.execute()
../../tesis-fim-serio/backend/.venv/lib/python3.13/site-packages/sqlalchemy/orm/unitofwork.py:465: in execute
    rec.execute(self)
../../tesis-fim-serio/backend/.venv/lib/python3.13/site-packages/sqlalchemy/orm/unitofwork.py:641: in execute
    util.preloaded.orm_persistence.save_obj(
../../tesis-fim-serio/backend/.venv/lib/python3.13/site-packages/sqlalchemy/orm/persistence.py:94: in save_obj
    _emit_insert_statements(
../../tesis-fim-serio/backend/.venv/lib/python3.13/site-packages/sqlalchemy/orm/persistence.py:1234: in _emit_insert_statements
    result = connection.execute(
../../tesis-fim-serio/backend/.venv/lib/python3.13/site-packages/sqlalchemy/engine/base.py:1421: in execute
    return meth(
../../tesis-fim-serio/backend/.venv/lib/python3.13/site-packages/sqlalchemy/sql/elements.py:526: in _execute_on_connection
    return connection._execute_clauseelement(
../../tesis-fim-serio/backend/.venv/lib/python3.13/site-packages/sqlalchemy/engine/base.py:1643: in _execute_clauseelement
    ret = self._execute_context(
../../tesis-fim-serio/backend/.venv/lib/python3.13/site-packages/sqlalchemy/engine/base.py:1848: in _execute_context
    return self._exec_single_context(
../../tesis-fim-serio/backend/.venv/lib/python3.13/site-packages/sqlalchemy/engine/base.py:1988: in _exec_single_context
    self._handle_dbapi_exception(
../../tesis-fim-serio/backend/.venv/lib/python3.13/site-packages/sqlalchemy/engine/base.py:2365: in _handle_dbapi_exception
    raise sqlalchemy_exception.with_traceback(exc_info[2]) from e
../../tesis-fim-serio/backend/.venv/lib/python3.13/site-packages/sqlalchemy/engine/base.py:1969: in _exec_single_context
    self.dialect.do_execute(
../../tesis-fim-serio/backend/.venv/lib/python3.13/site-packages/sqlalchemy/engine/default.py:952: in do_execute
    cursor.execute(statement, parameters)
../../tesis-fim-serio/backend/.venv/lib/python3.13/site-packages/psycopg/cursor.py:97: in execute
    raise ex.with_traceback(None)
E   sqlalchemy.exc.IntegrityError: (psycopg.errors.UniqueViolation) duplicate key value violates unique constraint "ix_users_username"
E   DETAIL:  Key (username)=(admin) already exists.
E   [SQL: INSERT INTO users (username, email, password_hash, role, is_active, must_change_password, created_at) VALUES (%(username)s::VARCHAR, %(email)s::VARCHAR, %(password_hash)s::VARCHAR, %(role)s::VARCHAR, %(is_active)s, %(must_change_password)s, %(created_at)s::TIMESTAMP WITH TIME ZONE) RETURNING users.id]
E   [parameters: {'username': 'admin', 'email': 'admin@fim.local', 'password_hash': '$argon2id$v=19$m=65536,t=3,p=4$4e6EOxAFPn59i9PxyXEA7g$z+OR7jFrIjyxQTbZD3nfhQXQivmYyRJ6aMI/UbDNDyg', 'role': 'admin', 'is_active': True, 'must_change_password': True, 'created_at': datetime.datetime(2026, 9, 12, 20, 10, 51, 117388, tzinfo=datetime.timezone.utc)}]
E   (Background on this error at: https://sqlalche.me/e/20/gkpj)
_________________ ERROR at setup of test_fix04_pagination_sql __________________
../../tesis-fim-serio/backend/.venv/lib/python3.13/site-packages/sqlalchemy/engine/base.py:1969: in _exec_single_context
    self.dialect.do_execute(
../../tesis-fim-serio/backend/.venv/lib/python3.13/site-packages/sqlalchemy/engine/default.py:952: in do_execute
    cursor.execute(statement, parameters)
../../tesis-fim-serio/backend/.venv/lib/python3.13/site-packages/psycopg/cursor.py:97: in execute
    raise ex.with_traceback(None)
E   psycopg.errors.UniqueViolation: duplicate key value violates unique constraint "ix_users_username"
E   DETAIL:  Key (username)=(admin) already exists.

The above exception was the direct cause of the following exception:
backend/tests/conftest.py:133: in _db_isolation
    _seed_admin_impl()
backend/tests/conftest.py:108: in _seed_admin_impl
    session.commit()
../../tesis-fim-serio/backend/.venv/lib/python3.13/site-packages/sqlalchemy/orm/session.py:2035: in commit
    trans.commit(_to_root=True)
../../tesis-fim-serio/backend/.venv/lib/python3.13/site-packages/sqlalchemy/orm/state_changes.py:137: in _go
    ret_value = fn(self, *arg, **kw)
../../tesis-fim-serio/backend/.venv/lib/python3.13/site-packages/sqlalchemy/orm/session.py:1316: in commit
    self._prepare_impl()
../../tesis-fim-serio/backend/.venv/lib/python3.13/site-packages/sqlalchemy/orm/state_changes.py:137: in _go
    ret_value = fn(self, *arg, **kw)
../../tesis-fim-serio/backend/.venv/lib/python3.13/site-packages/sqlalchemy/orm/session.py:1290: in _prepare_impl
    self.session.flush()
../../tesis-fim-serio/backend/.venv/lib/python3.13/site-packages/sqlalchemy/orm/session.py:4353: in flush
    self._flush(objects)
../../tesis-fim-serio/backend/.venv/lib/python3.13/site-packages/sqlalchemy/orm/session.py:4488: in _flush
    with util.safe_reraise():
../../tesis-fim-serio/backend/.venv/lib/python3.13/site-packages/sqlalchemy/util/langhelpers.py:122: in __exit__
    raise exc_value.with_traceback(exc_tb)
../../tesis-fim-serio/backend/.venv/lib/python3.13/site-packages/sqlalchemy/orm/session.py:4449: in _flush
    flush_context.execute()
../../tesis-fim-serio/backend/.venv/lib/python3.13/site-packages/sqlalchemy/orm/unitofwork.py:465: in execute
    rec.execute(self)
../../tesis-fim-serio/backend/.venv/lib/python3.13/site-packages/sqlalchemy/orm/unitofwork.py:641: in execute
    util.preloaded.orm_persistence.save_obj(
../../tesis-fim-serio/backend/.venv/lib/python3.13/site-packages/sqlalchemy/orm/persistence.py:94: in save_obj
    _emit_insert_statements(
../../tesis-fim-serio/backend/.venv/lib/python3.13/site-packages/sqlalchemy/orm/persistence.py:1234: in _emit_insert_statements
    result = connection.execute(
../../tesis-fim-serio/backend/.venv/lib/python3.13/site-packages/sqlalchemy/engine/base.py:1421: in execute
    return meth(
../../tesis-fim-serio/backend/.venv/lib/python3.13/site-packages/sqlalchemy/sql/elements.py:526: in _execute_on_connection
    return connection._execute_clauseelement(
../../tesis-fim-serio/backend/.venv/lib/python3.13/site-packages/sqlalchemy/engine/base.py:1643: in _execute_clauseelement
    ret = self._execute_context(
../../tesis-fim-serio/backend/.venv/lib/python3.13/site-packages/sqlalchemy/engine/base.py:1848: in _execute_context
    return self._exec_single_context(
../../tesis-fim-serio/backend/.venv/lib/python3.13/site-packages/sqlalchemy/engine/base.py:1988: in _exec_single_context
    self._handle_dbapi_exception(
../../tesis-fim-serio/backend/.venv/lib/python3.13/site-packages/sqlalchemy/engine/base.py:2365: in _handle_dbapi_exception
    raise sqlalchemy_exception.with_traceback(exc_info[2]) from e
../../tesis-fim-serio/backend/.venv/lib/python3.13/site-packages/sqlalchemy/engine/base.py:1969: in _exec_single_context
    self.dialect.do_execute(
../../tesis-fim-serio/backend/.venv/lib/python3.13/site-packages/sqlalchemy/engine/default.py:952: in do_execute
    cursor.execute(statement, parameters)
../../tesis-fim-serio/backend/.venv/lib/python3.13/site-packages/psycopg/cursor.py:97: in execute
    raise ex.with_traceback(None)
E   sqlalchemy.exc.IntegrityError: (psycopg.errors.UniqueViolation) duplicate key value violates unique constraint "ix_users_username"
E   DETAIL:  Key (username)=(admin) already exists.
E   [SQL: INSERT INTO users (username, email, password_hash, role, is_active, must_change_password, created_at) VALUES (%(username)s::VARCHAR, %(email)s::VARCHAR, %(password_hash)s::VARCHAR, %(role)s::VARCHAR, %(is_active)s, %(must_change_password)s, %(created_at)s::TIMESTAMP WITH TIME ZONE) RETURNING users.id]
E   [parameters: {'username': 'admin', 'email': 'admin@fim.local', 'password_hash': '$argon2id$v=19$m=65536,t=3,p=4$SoEX4wa4qi25EDSWlmZr0Q$kQO5DliqA7gzbGzl9o7KZ34AWi+bsmVMYeJUedXDyNQ', 'role': 'admin', 'is_active': True, 'must_change_password': True, 'created_at': datetime.datetime(2026, 9, 12, 20, 10, 52, 859510, tzinfo=datetime.timezone.utc)}]
E   (Background on this error at: https://sqlalche.me/e/20/gkpj)
_____ ERROR at setup of TestPublishedCommand.test_target_agent_id_nullable _____
../../tesis-fim-serio/backend/.venv/lib/python3.13/site-packages/sqlalchemy/engine/base.py:1969: in _exec_single_context
    self.dialect.do_execute(
../../tesis-fim-serio/backend/.venv/lib/python3.13/site-packages/sqlalchemy/engine/default.py:952: in do_execute
    cursor.execute(statement, parameters)
../../tesis-fim-serio/backend/.venv/lib/python3.13/site-packages/psycopg/cursor.py:97: in execute
    raise ex.with_traceback(None)
E   psycopg.errors.UniqueViolation: duplicate key value violates unique constraint "ix_users_username"
E   DETAIL:  Key (username)=(admin) already exists.

The above exception was the direct cause of the following exception:
backend/tests/conftest.py:133: in _db_isolation
    _seed_admin_impl()
backend/tests/conftest.py:108: in _seed_admin_impl
    session.commit()
../../tesis-fim-serio/backend/.venv/lib/python3.13/site-packages/sqlalchemy/orm/session.py:2035: in commit
    trans.commit(_to_root=True)
../../tesis-fim-serio/backend/.venv/lib/python3.13/site-packages/sqlalchemy/orm/state_changes.py:137: in _go
    ret_value = fn(self, *arg, **kw)
../../tesis-fim-serio/backend/.venv/lib/python3.13/site-packages/sqlalchemy/orm/session.py:1316: in commit
    self._prepare_impl()
../../tesis-fim-serio/backend/.venv/lib/python3.13/site-packages/sqlalchemy/orm/state_changes.py:137: in _go
    ret_value = fn(self, *arg, **kw)
../../tesis-fim-serio/backend/.venv/lib/python3.13/site-packages/sqlalchemy/orm/session.py:1290: in _prepare_impl
    self.session.flush()
../../tesis-fim-serio/backend/.venv/lib/python3.13/site-packages/sqlalchemy/orm/session.py:4353: in flush
    self._flush(objects)
../../tesis-fim-serio/backend/.venv/lib/python3.13/site-packages/sqlalchemy/orm/session.py:4488: in _flush
    with util.safe_reraise():
../../tesis-fim-serio/backend/.venv/lib/python3.13/site-packages/sqlalchemy/util/langhelpers.py:122: in __exit__
    raise exc_value.with_traceback(exc_tb)
../../tesis-fim-serio/backend/.venv/lib/python3.13/site-packages/sqlalchemy/orm/session.py:4449: in _flush
    flush_context.execute()
../../tesis-fim-serio/backend/.venv/lib/python3.13/site-packages/sqlalchemy/orm/unitofwork.py:465: in execute
    rec.execute(self)
../../tesis-fim-serio/backend/.venv/lib/python3.13/site-packages/sqlalchemy/orm/unitofwork.py:641: in execute
    util.preloaded.orm_persistence.save_obj(
../../tesis-fim-serio/backend/.venv/lib/python3.13/site-packages/sqlalchemy/orm/persistence.py:94: in save_obj
    _emit_insert_statements(
../../tesis-fim-serio/backend/.venv/lib/python3.13/site-packages/sqlalchemy/orm/persistence.py:1234: in _emit_insert_statements
    result = connection.execute(
../../tesis-fim-serio/backend/.venv/lib/python3.13/site-packages/sqlalchemy/engine/base.py:1421: in execute
    return meth(
../../tesis-fim-serio/backend/.venv/lib/python3.13/site-packages/sqlalchemy/sql/elements.py:526: in _execute_on_connection
    return connection._execute_clauseelement(
../../tesis-fim-serio/backend/.venv/lib/python3.13/site-packages/sqlalchemy/engine/base.py:1643: in _execute_clauseelement
    ret = self._execute_context(
../../tesis-fim-serio/backend/.venv/lib/python3.13/site-packages/sqlalchemy/engine/base.py:1848: in _execute_context
    return self._exec_single_context(
../../tesis-fim-serio/backend/.venv/lib/python3.13/site-packages/sqlalchemy/engine/base.py:1988: in _exec_single_context
    self._handle_dbapi_exception(
../../tesis-fim-serio/backend/.venv/lib/python3.13/site-packages/sqlalchemy/engine/base.py:2365: in _handle_dbapi_exception
    raise sqlalchemy_exception.with_traceback(exc_info[2]) from e
../../tesis-fim-serio/backend/.venv/lib/python3.13/site-packages/sqlalchemy/engine/base.py:1969: in _exec_single_context
    self.dialect.do_execute(
../../tesis-fim-serio/backend/.venv/lib/python3.13/site-packages/sqlalchemy/engine/default.py:952: in do_execute
    cursor.execute(statement, parameters)
../../tesis-fim-serio/backend/.venv/lib/python3.13/site-packages/psycopg/cursor.py:97: in execute
    raise ex.with_traceback(None)
E   sqlalchemy.exc.IntegrityError: (psycopg.errors.UniqueViolation) duplicate key value violates unique constraint "ix_users_username"
E   DETAIL:  Key (username)=(admin) already exists.
E   [SQL: INSERT INTO users (username, email, password_hash, role, is_active, must_change_password, created_at) VALUES (%(username)s::VARCHAR, %(email)s::VARCHAR, %(password_hash)s::VARCHAR, %(role)s::VARCHAR, %(is_active)s, %(must_change_password)s, %(created_at)s::TIMESTAMP WITH TIME ZONE) RETURNING users.id]
E   [parameters: {'username': 'admin', 'email': 'admin@fim.local', 'password_hash': '$argon2id$v=19$m=65536,t=3,p=4$/BW/TuLtHTQs6z4Qlk3Chw$w0mbbq5xCKCKcjFszf8t8MJM5pvfViKh/GjYve+9m3A', 'role': 'admin', 'is_active': True, 'must_change_password': True, 'created_at': datetime.datetime(2026, 9, 12, 20, 11, 1, 981168, tzinfo=datetime.timezone.utc)}]
E   (Background on this error at: https://sqlalche.me/e/20/gkpj)
_ ERROR at setup of TestPublishedCommand.test_published_at_defaults_to_none_pending_outbox_row _
../../tesis-fim-serio/backend/.venv/lib/python3.13/site-packages/sqlalchemy/engine/base.py:1969: in _exec_single_context
    self.dialect.do_execute(
../../tesis-fim-serio/backend/.venv/lib/python3.13/site-packages/sqlalchemy/engine/default.py:952: in do_execute
    cursor.execute(statement, parameters)
../../tesis-fim-serio/backend/.venv/lib/python3.13/site-packages/psycopg/cursor.py:97: in execute
    raise ex.with_traceback(None)
E   psycopg.errors.UniqueViolation: duplicate key value violates unique constraint "ix_users_username"
E   DETAIL:  Key (username)=(admin) already exists.

The above exception was the direct cause of the following exception:
backend/tests/conftest.py:133: in _db_isolation
    _seed_admin_impl()
backend/tests/conftest.py:108: in _seed_admin_impl
    session.commit()
../../tesis-fim-serio/backend/.venv/lib/python3.13/site-packages/sqlalchemy/orm/session.py:2035: in commit
    trans.commit(_to_root=True)
../../tesis-fim-serio/backend/.venv/lib/python3.13/site-packages/sqlalchemy/orm/state_changes.py:137: in _go
    ret_value = fn(self, *arg, **kw)
../../tesis-fim-serio/backend/.venv/lib/python3.13/site-packages/sqlalchemy/orm/session.py:1316: in commit
    self._prepare_impl()
../../tesis-fim-serio/backend/.venv/lib/python3.13/site-packages/sqlalchemy/orm/state_changes.py:137: in _go
    ret_value = fn(self, *arg, **kw)
../../tesis-fim-serio/backend/.venv/lib/python3.13/site-packages/sqlalchemy/orm/session.py:1290: in _prepare_impl
    self.session.flush()
../../tesis-fim-serio/backend/.venv/lib/python3.13/site-packages/sqlalchemy/orm/session.py:4353: in flush
    self._flush(objects)
../../tesis-fim-serio/backend/.venv/lib/python3.13/site-packages/sqlalchemy/orm/session.py:4488: in _flush
    with util.safe_reraise():
../../tesis-fim-serio/backend/.venv/lib/python3.13/site-packages/sqlalchemy/util/langhelpers.py:122: in __exit__
    raise exc_value.with_traceback(exc_tb)
../../tesis-fim-serio/backend/.venv/lib/python3.13/site-packages/sqlalchemy/orm/session.py:4449: in _flush
    flush_context.execute()
../../tesis-fim-serio/backend/.venv/lib/python3.13/site-packages/sqlalchemy/orm/unitofwork.py:465: in execute
    rec.execute(self)
../../tesis-fim-serio/backend/.venv/lib/python3.13/site-packages/sqlalchemy/orm/unitofwork.py:641: in execute
    util.preloaded.orm_persistence.save_obj(
../../tesis-fim-serio/backend/.venv/lib/python3.13/site-packages/sqlalchemy/orm/persistence.py:94: in save_obj
    _emit_insert_statements(
../../tesis-fim-serio/backend/.venv/lib/python3.13/site-packages/sqlalchemy/orm/persistence.py:1234: in _emit_insert_statements
    result = connection.execute(
../../tesis-fim-serio/backend/.venv/lib/python3.13/site-packages/sqlalchemy/engine/base.py:1421: in execute
    return meth(
../../tesis-fim-serio/backend/.venv/lib/python3.13/site-packages/sqlalchemy/sql/elements.py:526: in _execute_on_connection
    return connection._execute_clauseelement(
../../tesis-fim-serio/backend/.venv/lib/python3.13/site-packages/sqlalchemy/engine/base.py:1643: in _execute_clauseelement
    ret = self._execute_context(
../../tesis-fim-serio/backend/.venv/lib/python3.13/site-packages/sqlalchemy/engine/base.py:1848: in _execute_context
    return self._exec_single_context(
../../tesis-fim-serio/backend/.venv/lib/python3.13/site-packages/sqlalchemy/engine/base.py:1988: in _exec_single_context
    self._handle_dbapi_exception(
../../tesis-fim-serio/backend/.venv/lib/python3.13/site-packages/sqlalchemy/engine/base.py:2365: in _handle_dbapi_exception
    raise sqlalchemy_exception.with_traceback(exc_info[2]) from e
../../tesis-fim-serio/backend/.venv/lib/python3.13/site-packages/sqlalchemy/engine/base.py:1969: in _exec_single_context
    self.dialect.do_execute(
../../tesis-fim-serio/backend/.venv/lib/python3.13/site-packages/sqlalchemy/engine/default.py:952: in do_execute
    cursor.execute(statement, parameters)
../../tesis-fim-serio/backend/.venv/lib/python3.13/site-packages/psycopg/cursor.py:97: in execute
    raise ex.with_traceback(None)
E   sqlalchemy.exc.IntegrityError: (psycopg.errors.UniqueViolation) duplicate key value violates unique constraint "ix_users_username"
E   DETAIL:  Key (username)=(admin) already exists.
E   [SQL: INSERT INTO users (username, email, password_hash, role, is_active, must_change_password, created_at) VALUES (%(username)s::VARCHAR, %(email)s::VARCHAR, %(password_hash)s::VARCHAR, %(role)s::VARCHAR, %(is_active)s, %(must_change_password)s, %(created_at)s::TIMESTAMP WITH TIME ZONE) RETURNING users.id]
E   [parameters: {'username': 'admin', 'email': 'admin@fim.local', 'password_hash': '$argon2id$v=19$m=65536,t=3,p=4$ldfAQxQBZfLorcPo7eeaaw$jdRxXHSVcaN5bmOpQMkC1QKibs9Kcl2gdqo0npE7EQI', 'role': 'admin', 'is_active': True, 'must_change_password': True, 'created_at': datetime.datetime(2026, 9, 12, 20, 11, 2, 495711, tzinfo=datetime.timezone.utc)}]
E   (Background on this error at: https://sqlalche.me/e/20/gkpj)
____ ERROR at setup of test_agent_credentials_and_revocation_use_one_select ____
../../tesis-fim-serio/backend/.venv/lib/python3.13/site-packages/sqlalchemy/engine/base.py:1969: in _exec_single_context
    self.dialect.do_execute(
../../tesis-fim-serio/backend/.venv/lib/python3.13/site-packages/sqlalchemy/engine/default.py:952: in do_execute
    cursor.execute(statement, parameters)
../../tesis-fim-serio/backend/.venv/lib/python3.13/site-packages/psycopg/cursor.py:97: in execute
    raise ex.with_traceback(None)
E   psycopg.errors.UniqueViolation: duplicate key value violates unique constraint "ix_users_username"
E   DETAIL:  Key (username)=(admin) already exists.

The above exception was the direct cause of the following exception:
backend/tests/conftest.py:133: in _db_isolation
    _seed_admin_impl()
backend/tests/conftest.py:108: in _seed_admin_impl
    session.commit()
../../tesis-fim-serio/backend/.venv/lib/python3.13/site-packages/sqlalchemy/orm/session.py:2035: in commit
    trans.commit(_to_root=True)
../../tesis-fim-serio/backend/.venv/lib/python3.13/site-packages/sqlalchemy/orm/state_changes.py:137: in _go
    ret_value = fn(self, *arg, **kw)
../../tesis-fim-serio/backend/.venv/lib/python3.13/site-packages/sqlalchemy/orm/session.py:1316: in commit
    self._prepare_impl()
../../tesis-fim-serio/backend/.venv/lib/python3.13/site-packages/sqlalchemy/orm/state_changes.py:137: in _go
    ret_value = fn(self, *arg, **kw)
../../tesis-fim-serio/backend/.venv/lib/python3.13/site-packages/sqlalchemy/orm/session.py:1290: in _prepare_impl
    self.session.flush()
../../tesis-fim-serio/backend/.venv/lib/python3.13/site-packages/sqlalchemy/orm/session.py:4353: in flush
    self._flush(objects)
../../tesis-fim-serio/backend/.venv/lib/python3.13/site-packages/sqlalchemy/orm/session.py:4488: in _flush
    with util.safe_reraise():
../../tesis-fim-serio/backend/.venv/lib/python3.13/site-packages/sqlalchemy/util/langhelpers.py:122: in __exit__
    raise exc_value.with_traceback(exc_tb)
../../tesis-fim-serio/backend/.venv/lib/python3.13/site-packages/sqlalchemy/orm/session.py:4449: in _flush
    flush_context.execute()
../../tesis-fim-serio/backend/.venv/lib/python3.13/site-packages/sqlalchemy/orm/unitofwork.py:465: in execute
    rec.execute(self)
../../tesis-fim-serio/backend/.venv/lib/python3.13/site-packages/sqlalchemy/orm/unitofwork.py:641: in execute
    util.preloaded.orm_persistence.save_obj(
../../tesis-fim-serio/backend/.venv/lib/python3.13/site-packages/sqlalchemy/orm/persistence.py:94: in save_obj
    _emit_insert_statements(
../../tesis-fim-serio/backend/.venv/lib/python3.13/site-packages/sqlalchemy/orm/persistence.py:1234: in _emit_insert_statements
    result = connection.execute(
../../tesis-fim-serio/backend/.venv/lib/python3.13/site-packages/sqlalchemy/engine/base.py:1421: in execute
    return meth(
../../tesis-fim-serio/backend/.venv/lib/python3.13/site-packages/sqlalchemy/sql/elements.py:526: in _execute_on_connection
    return connection._execute_clauseelement(
../../tesis-fim-serio/backend/.venv/lib/python3.13/site-packages/sqlalchemy/engine/base.py:1643: in _execute_clauseelement
    ret = self._execute_context(
../../tesis-fim-serio/backend/.venv/lib/python3.13/site-packages/sqlalchemy/engine/base.py:1848: in _execute_context
    return self._exec_single_context(
../../tesis-fim-serio/backend/.venv/lib/python3.13/site-packages/sqlalchemy/engine/base.py:1988: in _exec_single_context
    self._handle_dbapi_exception(
../../tesis-fim-serio/backend/.venv/lib/python3.13/site-packages/sqlalchemy/engine/base.py:2365: in _handle_dbapi_exception
    raise sqlalchemy_exception.with_traceback(exc_info[2]) from e
../../tesis-fim-serio/backend/.venv/lib/python3.13/site-packages/sqlalchemy/engine/base.py:1969: in _exec_single_context
    self.dialect.do_execute(
../../tesis-fim-serio/backend/.venv/lib/python3.13/site-packages/sqlalchemy/engine/default.py:952: in do_execute
    cursor.execute(statement, parameters)
../../tesis-fim-serio/backend/.venv/lib/python3.13/site-packages/psycopg/cursor.py:97: in execute
    raise ex.with_traceback(None)
E   sqlalchemy.exc.IntegrityError: (psycopg.errors.UniqueViolation) duplicate key value violates unique constraint "ix_users_username"
E   DETAIL:  Key (username)=(admin) already exists.
E   [SQL: INSERT INTO users (username, email, password_hash, role, is_active, must_change_password, created_at) VALUES (%(username)s::VARCHAR, %(email)s::VARCHAR, %(password_hash)s::VARCHAR, %(role)s::VARCHAR, %(is_active)s, %(must_change_password)s, %(created_at)s::TIMESTAMP WITH TIME ZONE) RETURNING users.id]
E   [parameters: {'username': 'admin', 'email': 'admin@fim.local', 'password_hash': '$argon2id$v=19$m=65536,t=3,p=4$m4yonVVaCaQqHgqGlWM08Q$itGPQnanb/f+3zrJuApLVuAvisU/VOZwmj5svSzTxJU', 'role': 'admin', 'is_active': True, 'must_change_password': True, 'created_at': datetime.datetime(2026, 9, 12, 20, 11, 2, 939499, tzinfo=datetime.timezone.utc)}]
E   (Background on this error at: https://sqlalche.me/e/20/gkpj)
__________ ERROR at setup of test_get_event_by_id_no_auth_returns_401 __________
../../tesis-fim-serio/backend/.venv/lib/python3.13/site-packages/sqlalchemy/engine/base.py:1969: in _exec_single_context
    self.dialect.do_execute(
../../tesis-fim-serio/backend/.venv/lib/python3.13/site-packages/sqlalchemy/engine/default.py:952: in do_execute
    cursor.execute(statement, parameters)
../../tesis-fim-serio/backend/.venv/lib/python3.13/site-packages/psycopg/cursor.py:97: in execute
    raise ex.with_traceback(None)
E   psycopg.errors.UniqueViolation: duplicate key value violates unique constraint "ix_users_username"
E   DETAIL:  Key (username)=(admin) already exists.

The above exception was the direct cause of the following exception:
backend/tests/conftest.py:133: in _db_isolation
    _seed_admin_impl()
backend/tests/conftest.py:108: in _seed_admin_impl
    session.commit()
../../tesis-fim-serio/backend/.venv/lib/python3.13/site-packages/sqlalchemy/orm/session.py:2035: in commit
    trans.commit(_to_root=True)
../../tesis-fim-serio/backend/.venv/lib/python3.13/site-packages/sqlalchemy/orm/state_changes.py:137: in _go
    ret_value = fn(self, *arg, **kw)
../../tesis-fim-serio/backend/.venv/lib/python3.13/site-packages/sqlalchemy/orm/session.py:1316: in commit
    self._prepare_impl()
../../tesis-fim-serio/backend/.venv/lib/python3.13/site-packages/sqlalchemy/orm/state_changes.py:137: in _go
    ret_value = fn(self, *arg, **kw)
../../tesis-fim-serio/backend/.venv/lib/python3.13/site-packages/sqlalchemy/orm/session.py:1290: in _prepare_impl
    self.session.flush()
../../tesis-fim-serio/backend/.venv/lib/python3.13/site-packages/sqlalchemy/orm/session.py:4353: in flush
    self._flush(objects)
../../tesis-fim-serio/backend/.venv/lib/python3.13/site-packages/sqlalchemy/orm/session.py:4488: in _flush
    with util.safe_reraise():
../../tesis-fim-serio/backend/.venv/lib/python3.13/site-packages/sqlalchemy/util/langhelpers.py:122: in __exit__
    raise exc_value.with_traceback(exc_tb)
../../tesis-fim-serio/backend/.venv/lib/python3.13/site-packages/sqlalchemy/orm/session.py:4449: in _flush
    flush_context.execute()
../../tesis-fim-serio/backend/.venv/lib/python3.13/site-packages/sqlalchemy/orm/unitofwork.py:465: in execute
    rec.execute(self)
../../tesis-fim-serio/backend/.venv/lib/python3.13/site-packages/sqlalchemy/orm/unitofwork.py:641: in execute
    util.preloaded.orm_persistence.save_obj(
../../tesis-fim-serio/backend/.venv/lib/python3.13/site-packages/sqlalchemy/orm/persistence.py:94: in save_obj
    _emit_insert_statements(
../../tesis-fim-serio/backend/.venv/lib/python3.13/site-packages/sqlalchemy/orm/persistence.py:1234: in _emit_insert_statements
    result = connection.execute(
../../tesis-fim-serio/backend/.venv/lib/python3.13/site-packages/sqlalchemy/engine/base.py:1421: in execute
    return meth(
../../tesis-fim-serio/backend/.venv/lib/python3.13/site-packages/sqlalchemy/sql/elements.py:526: in _execute_on_connection
    return connection._execute_clauseelement(
../../tesis-fim-serio/backend/.venv/lib/python3.13/site-packages/sqlalchemy/engine/base.py:1643: in _execute_clauseelement
    ret = self._execute_context(
../../tesis-fim-serio/backend/.venv/lib/python3.13/site-packages/sqlalchemy/engine/base.py:1848: in _execute_context
    return self._exec_single_context(
../../tesis-fim-serio/backend/.venv/lib/python3.13/site-packages/sqlalchemy/engine/base.py:1988: in _exec_single_context
    self._handle_dbapi_exception(
../../tesis-fim-serio/backend/.venv/lib/python3.13/site-packages/sqlalchemy/engine/base.py:2365: in _handle_dbapi_exception
    raise sqlalchemy_exception.with_traceback(exc_info[2]) from e
../../tesis-fim-serio/backend/.venv/lib/python3.13/site-packages/sqlalchemy/engine/base.py:1969: in _exec_single_context
    self.dialect.do_execute(
../../tesis-fim-serio/backend/.venv/lib/python3.13/site-packages/sqlalchemy/engine/default.py:952: in do_execute
    cursor.execute(statement, parameters)
../../tesis-fim-serio/backend/.venv/lib/python3.13/site-packages/psycopg/cursor.py:97: in execute
    raise ex.with_traceback(None)
E   sqlalchemy.exc.IntegrityError: (psycopg.errors.UniqueViolation) duplicate key value violates unique constraint "ix_users_username"
E   DETAIL:  Key (username)=(admin) already exists.
E   [SQL: INSERT INTO users (username, email, password_hash, role, is_active, must_change_password, created_at) VALUES (%(username)s::VARCHAR, %(email)s::VARCHAR, %(password_hash)s::VARCHAR, %(role)s::VARCHAR, %(is_active)s, %(must_change_password)s, %(created_at)s::TIMESTAMP WITH TIME ZONE) RETURNING users.id]
E   [parameters: {'username': 'admin', 'email': 'admin@fim.local', 'password_hash': '$argon2id$v=19$m=65536,t=3,p=4$NLHV/4gBHDHV+Yc2r57Rqg$2m5XcinvuBPGzb5yXWUwD52b2g0fzfy32wcg8fzWs4M', 'role': 'admin', 'is_active': True, 'must_change_password': True, 'created_at': datetime.datetime(2026, 9, 12, 20, 12, 8, 801220, tzinfo=datetime.timezone.utc)}]
E   (Background on this error at: https://sqlalche.me/e/20/gkpj)
_ ERROR at setup of test_derive_event_status_table[manual_review-False-pending] _
../../tesis-fim-serio/backend/.venv/lib/python3.13/site-packages/sqlalchemy/engine/base.py:1969: in _exec_single_context
    self.dialect.do_execute(
../../tesis-fim-serio/backend/.venv/lib/python3.13/site-packages/sqlalchemy/engine/default.py:952: in do_execute
    cursor.execute(statement, parameters)
../../tesis-fim-serio/backend/.venv/lib/python3.13/site-packages/psycopg/cursor.py:97: in execute
    raise ex.with_traceback(None)
E   psycopg.errors.UniqueViolation: duplicate key value violates unique constraint "ix_users_username"
E   DETAIL:  Key (username)=(admin) already exists.

The above exception was the direct cause of the following exception:
backend/tests/conftest.py:133: in _db_isolation
    _seed_admin_impl()
backend/tests/conftest.py:108: in _seed_admin_impl
    session.commit()
../../tesis-fim-serio/backend/.venv/lib/python3.13/site-packages/sqlalchemy/orm/session.py:2035: in commit
    trans.commit(_to_root=True)
../../tesis-fim-serio/backend/.venv/lib/python3.13/site-packages/sqlalchemy/orm/state_changes.py:137: in _go
    ret_value = fn(self, *arg, **kw)
../../tesis-fim-serio/backend/.venv/lib/python3.13/site-packages/sqlalchemy/orm/session.py:1316: in commit
    self._prepare_impl()
../../tesis-fim-serio/backend/.venv/lib/python3.13/site-packages/sqlalchemy/orm/state_changes.py:137: in _go
    ret_value = fn(self, *arg, **kw)
../../tesis-fim-serio/backend/.venv/lib/python3.13/site-packages/sqlalchemy/orm/session.py:1290: in _prepare_impl
    self.session.flush()
../../tesis-fim-serio/backend/.venv/lib/python3.13/site-packages/sqlalchemy/orm/session.py:4353: in flush
    self._flush(objects)
../../tesis-fim-serio/backend/.venv/lib/python3.13/site-packages/sqlalchemy/orm/session.py:4488: in _flush
    with util.safe_reraise():
../../tesis-fim-serio/backend/.venv/lib/python3.13/site-packages/sqlalchemy/util/langhelpers.py:122: in __exit__
    raise exc_value.with_traceback(exc_tb)
../../tesis-fim-serio/backend/.venv/lib/python3.13/site-packages/sqlalchemy/orm/session.py:4449: in _flush
    flush_context.execute()
../../tesis-fim-serio/backend/.venv/lib/python3.13/site-packages/sqlalchemy/orm/unitofwork.py:465: in execute
    rec.execute(self)
../../tesis-fim-serio/backend/.venv/lib/python3.13/site-packages/sqlalchemy/orm/unitofwork.py:641: in execute
    util.preloaded.orm_persistence.save_obj(
../../tesis-fim-serio/backend/.venv/lib/python3.13/site-packages/sqlalchemy/orm/persistence.py:94: in save_obj
    _emit_insert_statements(
../../tesis-fim-serio/backend/.venv/lib/python3.13/site-packages/sqlalchemy/orm/persistence.py:1234: in _emit_insert_statements
    result = connection.execute(
../../tesis-fim-serio/backend/.venv/lib/python3.13/site-packages/sqlalchemy/engine/base.py:1421: in execute
    return meth(
../../tesis-fim-serio/backend/.venv/lib/python3.13/site-packages/sqlalchemy/sql/elements.py:526: in _execute_on_connection
    return connection._execute_clauseelement(
../../tesis-fim-serio/backend/.venv/lib/python3.13/site-packages/sqlalchemy/engine/base.py:1643: in _execute_clauseelement
    ret = self._execute_context(
../../tesis-fim-serio/backend/.venv/lib/python3.13/site-packages/sqlalchemy/engine/base.py:1848: in _execute_context
    return self._exec_single_context(
../../tesis-fim-serio/backend/.venv/lib/python3.13/site-packages/sqlalchemy/engine/base.py:1988: in _exec_single_context
    self._handle_dbapi_exception(
../../tesis-fim-serio/backend/.venv/lib/python3.13/site-packages/sqlalchemy/engine/base.py:2365: in _handle_dbapi_exception
    raise sqlalchemy_exception.with_traceback(exc_info[2]) from e
../../tesis-fim-serio/backend/.venv/lib/python3.13/site-packages/sqlalchemy/engine/base.py:1969: in _exec_single_context
    self.dialect.do_execute(
../../tesis-fim-serio/backend/.venv/lib/python3.13/site-packages/sqlalchemy/engine/default.py:952: in do_execute
    cursor.execute(statement, parameters)
../../tesis-fim-serio/backend/.venv/lib/python3.13/site-packages/psycopg/cursor.py:97: in execute
    raise ex.with_traceback(None)
E   sqlalchemy.exc.IntegrityError: (psycopg.errors.UniqueViolation) duplicate key value violates unique constraint "ix_users_username"
E   DETAIL:  Key (username)=(admin) already exists.
E   [SQL: INSERT INTO users (username, email, password_hash, role, is_active, must_change_password, created_at) VALUES (%(username)s::VARCHAR, %(email)s::VARCHAR, %(password_hash)s::VARCHAR, %(role)s::VARCHAR, %(is_active)s, %(must_change_password)s, %(created_at)s::TIMESTAMP WITH TIME ZONE) RETURNING users.id]
E   [parameters: {'username': 'admin', 'email': 'admin@fim.local', 'password_hash': '$argon2id$v=19$m=65536,t=3,p=4$zXXzoO/csN7dNdXccg7O6g$F7L0GPTDHZDW58A1o0LEOrjmud07/9H9+rbNumiv1ec', 'role': 'admin', 'is_active': True, 'must_change_password': True, 'created_at': datetime.datetime(2026, 9, 12, 20, 12, 14, 515900, tzinfo=datetime.timezone.utc)}]
E   (Background on this error at: https://sqlalche.me/e/20/gkpj)
____________ ERROR at setup of test_explicit_status_key_is_ignored _____________
../../tesis-fim-serio/backend/.venv/lib/python3.13/site-packages/sqlalchemy/engine/base.py:1969: in _exec_single_context
    self.dialect.do_execute(
../../tesis-fim-serio/backend/.venv/lib/python3.13/site-packages/sqlalchemy/engine/default.py:952: in do_execute
    cursor.execute(statement, parameters)
../../tesis-fim-serio/backend/.venv/lib/python3.13/site-packages/psycopg/cursor.py:97: in execute
    raise ex.with_traceback(None)
E   psycopg.errors.UniqueViolation: duplicate key value violates unique constraint "ix_users_username"
E   DETAIL:  Key (username)=(admin) already exists.

The above exception was the direct cause of the following exception:
backend/tests/conftest.py:133: in _db_isolation
    _seed_admin_impl()
backend/tests/conftest.py:108: in _seed_admin_impl
    session.commit()
../../tesis-fim-serio/backend/.venv/lib/python3.13/site-packages/sqlalchemy/orm/session.py:2035: in commit
    trans.commit(_to_root=True)
../../tesis-fim-serio/backend/.venv/lib/python3.13/site-packages/sqlalchemy/orm/state_changes.py:137: in _go
    ret_value = fn(self, *arg, **kw)
../../tesis-fim-serio/backend/.venv/lib/python3.13/site-packages/sqlalchemy/orm/session.py:1316: in commit
    self._prepare_impl()
../../tesis-fim-serio/backend/.venv/lib/python3.13/site-packages/sqlalchemy/orm/state_changes.py:137: in _go
    ret_value = fn(self, *arg, **kw)
../../tesis-fim-serio/backend/.venv/lib/python3.13/site-packages/sqlalchemy/orm/session.py:1290: in _prepare_impl
    self.session.flush()
../../tesis-fim-serio/backend/.venv/lib/python3.13/site-packages/sqlalchemy/orm/session.py:4353: in flush
    self._flush(objects)
../../tesis-fim-serio/backend/.venv/lib/python3.13/site-packages/sqlalchemy/orm/session.py:4488: in _flush
    with util.safe_reraise():
../../tesis-fim-serio/backend/.venv/lib/python3.13/site-packages/sqlalchemy/util/langhelpers.py:122: in __exit__
    raise exc_value.with_traceback(exc_tb)
../../tesis-fim-serio/backend/.venv/lib/python3.13/site-packages/sqlalchemy/orm/session.py:4449: in _flush
    flush_context.execute()
../../tesis-fim-serio/backend/.venv/lib/python3.13/site-packages/sqlalchemy/orm/unitofwork.py:465: in execute
    rec.execute(self)
../../tesis-fim-serio/backend/.venv/lib/python3.13/site-packages/sqlalchemy/orm/unitofwork.py:641: in execute
    util.preloaded.orm_persistence.save_obj(
../../tesis-fim-serio/backend/.venv/lib/python3.13/site-packages/sqlalchemy/orm/persistence.py:94: in save_obj
    _emit_insert_statements(
../../tesis-fim-serio/backend/.venv/lib/python3.13/site-packages/sqlalchemy/orm/persistence.py:1234: in _emit_insert_statements
    result = connection.execute(
../../tesis-fim-serio/backend/.venv/lib/python3.13/site-packages/sqlalchemy/engine/base.py:1421: in execute
    return meth(
../../tesis-fim-serio/backend/.venv/lib/python3.13/site-packages/sqlalchemy/sql/elements.py:526: in _execute_on_connection
    return connection._execute_clauseelement(
../../tesis-fim-serio/backend/.venv/lib/python3.13/site-packages/sqlalchemy/engine/base.py:1643: in _execute_clauseelement
    ret = self._execute_context(
../../tesis-fim-serio/backend/.venv/lib/python3.13/site-packages/sqlalchemy/engine/base.py:1848: in _execute_context
    return self._exec_single_context(
../../tesis-fim-serio/backend/.venv/lib/python3.13/site-packages/sqlalchemy/engine/base.py:1988: in _exec_single_context
    self._handle_dbapi_exception(
../../tesis-fim-serio/backend/.venv/lib/python3.13/site-packages/sqlalchemy/engine/base.py:2365: in _handle_dbapi_exception
    raise sqlalchemy_exception.with_traceback(exc_info[2]) from e
../../tesis-fim-serio/backend/.venv/lib/python3.13/site-packages/sqlalchemy/engine/base.py:1969: in _exec_single_context
    self.dialect.do_execute(
../../tesis-fim-serio/backend/.venv/lib/python3.13/site-packages/sqlalchemy/engine/default.py:952: in do_execute
    cursor.execute(statement, parameters)
../../tesis-fim-serio/backend/.venv/lib/python3.13/site-packages/psycopg/cursor.py:97: in execute
    raise ex.with_traceback(None)
E   sqlalchemy.exc.IntegrityError: (psycopg.errors.UniqueViolation) duplicate key value violates unique constraint "ix_users_username"
E   DETAIL:  Key (username)=(admin) already exists.
E   [SQL: INSERT INTO users (username, email, password_hash, role, is_active, must_change_password, created_at) VALUES (%(username)s::VARCHAR, %(email)s::VARCHAR, %(password_hash)s::VARCHAR, %(role)s::VARCHAR, %(is_active)s, %(must_change_password)s, %(created_at)s::TIMESTAMP WITH TIME ZONE) RETURNING users.id]
E   [parameters: {'username': 'admin', 'email': 'admin@fim.local', 'password_hash': '$argon2id$v=19$m=65536,t=3,p=4$baXBxINzG0fg+Zneo2IUOQ$od44L5K3UONqgTMr730ZvNu6O4bKc92xnbd4dbhkacQ', 'role': 'admin', 'is_active': True, 'must_change_password': True, 'created_at': datetime.datetime(2026, 9, 12, 20, 12, 16, 58524, tzinfo=datetime.timezone.utc)}]
E   (Background on this error at: https://sqlalche.me/e/20/gkpj)
_ ERROR at setup of test_forged_status_cannot_induce_backend_exclusive_transitions[superseded] _
../../tesis-fim-serio/backend/.venv/lib/python3.13/site-packages/sqlalchemy/engine/base.py:1969: in _exec_single_context
    self.dialect.do_execute(
../../tesis-fim-serio/backend/.venv/lib/python3.13/site-packages/sqlalchemy/engine/default.py:952: in do_execute
    cursor.execute(statement, parameters)
../../tesis-fim-serio/backend/.venv/lib/python3.13/site-packages/psycopg/cursor.py:97: in execute
    raise ex.with_traceback(None)
E   psycopg.errors.UniqueViolation: duplicate key value violates unique constraint "ix_users_username"
E   DETAIL:  Key (username)=(admin) already exists.

The above exception was the direct cause of the following exception:
backend/tests/conftest.py:133: in _db_isolation
    _seed_admin_impl()
backend/tests/conftest.py:108: in _seed_admin_impl
    session.commit()
../../tesis-fim-serio/backend/.venv/lib/python3.13/site-packages/sqlalchemy/orm/session.py:2035: in commit
    trans.commit(_to_root=True)
../../tesis-fim-serio/backend/.venv/lib/python3.13/site-packages/sqlalchemy/orm/state_changes.py:137: in _go
    ret_value = fn(self, *arg, **kw)
../../tesis-fim-serio/backend/.venv/lib/python3.13/site-packages/sqlalchemy/orm/session.py:1316: in commit
    self._prepare_impl()
../../tesis-fim-serio/backend/.venv/lib/python3.13/site-packages/sqlalchemy/orm/state_changes.py:137: in _go
    ret_value = fn(self, *arg, **kw)
../../tesis-fim-serio/backend/.venv/lib/python3.13/site-packages/sqlalchemy/orm/session.py:1290: in _prepare_impl
    self.session.flush()
../../tesis-fim-serio/backend/.venv/lib/python3.13/site-packages/sqlalchemy/orm/session.py:4353: in flush
    self._flush(objects)
../../tesis-fim-serio/backend/.venv/lib/python3.13/site-packages/sqlalchemy/orm/session.py:4488: in _flush
    with util.safe_reraise():
../../tesis-fim-serio/backend/.venv/lib/python3.13/site-packages/sqlalchemy/util/langhelpers.py:122: in __exit__
    raise exc_value.with_traceback(exc_tb)
../../tesis-fim-serio/backend/.venv/lib/python3.13/site-packages/sqlalchemy/orm/session.py:4449: in _flush
    flush_context.execute()
../../tesis-fim-serio/backend/.venv/lib/python3.13/site-packages/sqlalchemy/orm/unitofwork.py:465: in execute
    rec.execute(self)
../../tesis-fim-serio/backend/.venv/lib/python3.13/site-packages/sqlalchemy/orm/unitofwork.py:641: in execute
    util.preloaded.orm_persistence.save_obj(
../../tesis-fim-serio/backend/.venv/lib/python3.13/site-packages/sqlalchemy/orm/persistence.py:94: in save_obj
    _emit_insert_statements(
../../tesis-fim-serio/backend/.venv/lib/python3.13/site-packages/sqlalchemy/orm/persistence.py:1234: in _emit_insert_statements
    result = connection.execute(
../../tesis-fim-serio/backend/.venv/lib/python3.13/site-packages/sqlalchemy/engine/base.py:1421: in execute
    return meth(
../../tesis-fim-serio/backend/.venv/lib/python3.13/site-packages/sqlalchemy/sql/elements.py:526: in _execute_on_connection
    return connection._execute_clauseelement(
../../tesis-fim-serio/backend/.venv/lib/python3.13/site-packages/sqlalchemy/engine/base.py:1643: in _execute_clauseelement
    ret = self._execute_context(
../../tesis-fim-serio/backend/.venv/lib/python3.13/site-packages/sqlalchemy/engine/base.py:1848: in _execute_context
    return self._exec_single_context(
../../tesis-fim-serio/backend/.venv/lib/python3.13/site-packages/sqlalchemy/engine/base.py:1988: in _exec_single_context
    self._handle_dbapi_exception(
../../tesis-fim-serio/backend/.venv/lib/python3.13/site-packages/sqlalchemy/engine/base.py:2365: in _handle_dbapi_exception
    raise sqlalchemy_exception.with_traceback(exc_info[2]) from e
../../tesis-fim-serio/backend/.venv/lib/python3.13/site-packages/sqlalchemy/engine/base.py:1969: in _exec_single_context
    self.dialect.do_execute(
../../tesis-fim-serio/backend/.venv/lib/python3.13/site-packages/sqlalchemy/engine/default.py:952: in do_execute
    cursor.execute(statement, parameters)
../../tesis-fim-serio/backend/.venv/lib/python3.13/site-packages/psycopg/cursor.py:97: in execute
    raise ex.with_traceback(None)
E   sqlalchemy.exc.IntegrityError: (psycopg.errors.UniqueViolation) duplicate key value violates unique constraint "ix_users_username"
E   DETAIL:  Key (username)=(admin) already exists.
E   [SQL: INSERT INTO users (username, email, password_hash, role, is_active, must_change_password, created_at) VALUES (%(username)s::VARCHAR, %(email)s::VARCHAR, %(password_hash)s::VARCHAR, %(role)s::VARCHAR, %(is_active)s, %(must_change_password)s, %(created_at)s::TIMESTAMP WITH TIME ZONE) RETURNING users.id]
E   [parameters: {'username': 'admin', 'email': 'admin@fim.local', 'password_hash': '$argon2id$v=19$m=65536,t=3,p=4$zFOZWSMH6QgJTAsAYwijxw$lZByq7Xs9qRVYUHDjmwNYKuC/9y5Tcrplo+lkGDoRt4', 'role': 'admin', 'is_active': True, 'must_change_password': True, 'created_at': datetime.datetime(2026, 9, 12, 20, 12, 16, 719594, tzinfo=datetime.timezone.utc)}]
E   (Background on this error at: https://sqlalche.me/e/20/gkpj)
_________ ERROR at setup of test_rehydrate_failed_entry_yields_pending _________
../../tesis-fim-serio/backend/.venv/lib/python3.13/site-packages/sqlalchemy/engine/base.py:1969: in _exec_single_context
    self.dialect.do_execute(
../../tesis-fim-serio/backend/.venv/lib/python3.13/site-packages/sqlalchemy/engine/default.py:952: in do_execute
    cursor.execute(statement, parameters)
../../tesis-fim-serio/backend/.venv/lib/python3.13/site-packages/psycopg/cursor.py:97: in execute
    raise ex.with_traceback(None)
E   psycopg.errors.UniqueViolation: duplicate key value violates unique constraint "ix_users_username"
E   DETAIL:  Key (username)=(admin) already exists.

The above exception was the direct cause of the following exception:
backend/tests/conftest.py:133: in _db_isolation
    _seed_admin_impl()
backend/tests/conftest.py:108: in _seed_admin_impl
    session.commit()
../../tesis-fim-serio/backend/.venv/lib/python3.13/site-packages/sqlalchemy/orm/session.py:2035: in commit
    trans.commit(_to_root=True)
../../tesis-fim-serio/backend/.venv/lib/python3.13/site-packages/sqlalchemy/orm/state_changes.py:137: in _go
    ret_value = fn(self, *arg, **kw)
../../tesis-fim-serio/backend/.venv/lib/python3.13/site-packages/sqlalchemy/orm/session.py:1316: in commit
    self._prepare_impl()
../../tesis-fim-serio/backend/.venv/lib/python3.13/site-packages/sqlalchemy/orm/state_changes.py:137: in _go
    ret_value = fn(self, *arg, **kw)
../../tesis-fim-serio/backend/.venv/lib/python3.13/site-packages/sqlalchemy/orm/session.py:1290: in _prepare_impl
    self.session.flush()
../../tesis-fim-serio/backend/.venv/lib/python3.13/site-packages/sqlalchemy/orm/session.py:4353: in flush
    self._flush(objects)
../../tesis-fim-serio/backend/.venv/lib/python3.13/site-packages/sqlalchemy/orm/session.py:4488: in _flush
    with util.safe_reraise():
../../tesis-fim-serio/backend/.venv/lib/python3.13/site-packages/sqlalchemy/util/langhelpers.py:122: in __exit__
    raise exc_value.with_traceback(exc_tb)
../../tesis-fim-serio/backend/.venv/lib/python3.13/site-packages/sqlalchemy/orm/session.py:4449: in _flush
    flush_context.execute()
../../tesis-fim-serio/backend/.venv/lib/python3.13/site-packages/sqlalchemy/orm/unitofwork.py:465: in execute
    rec.execute(self)
../../tesis-fim-serio/backend/.venv/lib/python3.13/site-packages/sqlalchemy/orm/unitofwork.py:641: in execute
    util.preloaded.orm_persistence.save_obj(
../../tesis-fim-serio/backend/.venv/lib/python3.13/site-packages/sqlalchemy/orm/persistence.py:94: in save_obj
    _emit_insert_statements(
../../tesis-fim-serio/backend/.venv/lib/python3.13/site-packages/sqlalchemy/orm/persistence.py:1234: in _emit_insert_statements
    result = connection.execute(
../../tesis-fim-serio/backend/.venv/lib/python3.13/site-packages/sqlalchemy/engine/base.py:1421: in execute
    return meth(
../../tesis-fim-serio/backend/.venv/lib/python3.13/site-packages/sqlalchemy/sql/elements.py:526: in _execute_on_connection
    return connection._execute_clauseelement(
../../tesis-fim-serio/backend/.venv/lib/python3.13/site-packages/sqlalchemy/engine/base.py:1643: in _execute_clauseelement
    ret = self._execute_context(
../../tesis-fim-serio/backend/.venv/lib/python3.13/site-packages/sqlalchemy/engine/base.py:1848: in _execute_context
    return self._exec_single_context(
../../tesis-fim-serio/backend/.venv/lib/python3.13/site-packages/sqlalchemy/engine/base.py:1988: in _exec_single_context
    self._handle_dbapi_exception(
../../tesis-fim-serio/backend/.venv/lib/python3.13/site-packages/sqlalchemy/engine/base.py:2365: in _handle_dbapi_exception
    raise sqlalchemy_exception.with_traceback(exc_info[2]) from e
../../tesis-fim-serio/backend/.venv/lib/python3.13/site-packages/sqlalchemy/engine/base.py:1969: in _exec_single_context
    self.dialect.do_execute(
../../tesis-fim-serio/backend/.venv/lib/python3.13/site-packages/sqlalchemy/engine/default.py:952: in do_execute
    cursor.execute(statement, parameters)
../../tesis-fim-serio/backend/.venv/lib/python3.13/site-packages/psycopg/cursor.py:97: in execute
    raise ex.with_traceback(None)
E   sqlalchemy.exc.IntegrityError: (psycopg.errors.UniqueViolation) duplicate key value violates unique constraint "ix_users_username"
E   DETAIL:  Key (username)=(admin) already exists.
E   [SQL: INSERT INTO users (username, email, password_hash, role, is_active, must_change_password, created_at) VALUES (%(username)s::VARCHAR, %(email)s::VARCHAR, %(password_hash)s::VARCHAR, %(role)s::VARCHAR, %(is_active)s, %(must_change_password)s, %(created_at)s::TIMESTAMP WITH TIME ZONE) RETURNING users.id]
E   [parameters: {'username': 'admin', 'email': 'admin@fim.local', 'password_hash': '$argon2id$v=19$m=65536,t=3,p=4$Ne1525ecQa47lU2DSMS/IQ$3eT3txqeBCDTNJaEy/RZAWGCXfS1LrKgv8J/0js9qhw', 'role': 'admin', 'is_active': True, 'must_change_password': True, 'created_at': datetime.datetime(2026, 9, 12, 20, 12, 17, 499753, tzinfo=datetime.timezone.utc)}]
E   (Background on this error at: https://sqlalche.me/e/20/gkpj)
______________ ERROR at setup of test_migration_007_is_idempotent ______________
../../tesis-fim-serio/backend/.venv/lib/python3.13/site-packages/sqlalchemy/engine/base.py:1969: in _exec_single_context
    self.dialect.do_execute(
../../tesis-fim-serio/backend/.venv/lib/python3.13/site-packages/sqlalchemy/engine/default.py:952: in do_execute
    cursor.execute(statement, parameters)
../../tesis-fim-serio/backend/.venv/lib/python3.13/site-packages/psycopg/cursor.py:97: in execute
    raise ex.with_traceback(None)
E   psycopg.errors.UniqueViolation: duplicate key value violates unique constraint "ix_users_username"
E   DETAIL:  Key (username)=(admin) already exists.

The above exception was the direct cause of the following exception:
backend/tests/conftest.py:133: in _db_isolation
    _seed_admin_impl()
backend/tests/conftest.py:108: in _seed_admin_impl
    session.commit()
../../tesis-fim-serio/backend/.venv/lib/python3.13/site-packages/sqlalchemy/orm/session.py:2035: in commit
    trans.commit(_to_root=True)
../../tesis-fim-serio/backend/.venv/lib/python3.13/site-packages/sqlalchemy/orm/state_changes.py:137: in _go
    ret_value = fn(self, *arg, **kw)
../../tesis-fim-serio/backend/.venv/lib/python3.13/site-packages/sqlalchemy/orm/session.py:1316: in commit
    self._prepare_impl()
../../tesis-fim-serio/backend/.venv/lib/python3.13/site-packages/sqlalchemy/orm/state_changes.py:137: in _go
    ret_value = fn(self, *arg, **kw)
../../tesis-fim-serio/backend/.venv/lib/python3.13/site-packages/sqlalchemy/orm/session.py:1290: in _prepare_impl
    self.session.flush()
../../tesis-fim-serio/backend/.venv/lib/python3.13/site-packages/sqlalchemy/orm/session.py:4353: in flush
    self._flush(objects)
../../tesis-fim-serio/backend/.venv/lib/python3.13/site-packages/sqlalchemy/orm/session.py:4488: in _flush
    with util.safe_reraise():
../../tesis-fim-serio/backend/.venv/lib/python3.13/site-packages/sqlalchemy/util/langhelpers.py:122: in __exit__
    raise exc_value.with_traceback(exc_tb)
../../tesis-fim-serio/backend/.venv/lib/python3.13/site-packages/sqlalchemy/orm/session.py:4449: in _flush
    flush_context.execute()
../../tesis-fim-serio/backend/.venv/lib/python3.13/site-packages/sqlalchemy/orm/unitofwork.py:465: in execute
    rec.execute(self)
../../tesis-fim-serio/backend/.venv/lib/python3.13/site-packages/sqlalchemy/orm/unitofwork.py:641: in execute
    util.preloaded.orm_persistence.save_obj(
../../tesis-fim-serio/backend/.venv/lib/python3.13/site-packages/sqlalchemy/orm/persistence.py:94: in save_obj
    _emit_insert_statements(
../../tesis-fim-serio/backend/.venv/lib/python3.13/site-packages/sqlalchemy/orm/persistence.py:1234: in _emit_insert_statements
    result = connection.execute(
../../tesis-fim-serio/backend/.venv/lib/python3.13/site-packages/sqlalchemy/engine/base.py:1421: in execute
    return meth(
../../tesis-fim-serio/backend/.venv/lib/python3.13/site-packages/sqlalchemy/sql/elements.py:526: in _execute_on_connection
    return connection._execute_clauseelement(
../../tesis-fim-serio/backend/.venv/lib/python3.13/site-packages/sqlalchemy/engine/base.py:1643: in _execute_clauseelement
    ret = self._execute_context(
../../tesis-fim-serio/backend/.venv/lib/python3.13/site-packages/sqlalchemy/engine/base.py:1848: in _execute_context
    return self._exec_single_context(
../../tesis-fim-serio/backend/.venv/lib/python3.13/site-packages/sqlalchemy/engine/base.py:1988: in _exec_single_context
    self._handle_dbapi_exception(
../../tesis-fim-serio/backend/.venv/lib/python3.13/site-packages/sqlalchemy/engine/base.py:2365: in _handle_dbapi_exception
    raise sqlalchemy_exception.with_traceback(exc_info[2]) from e
../../tesis-fim-serio/backend/.venv/lib/python3.13/site-packages/sqlalchemy/engine/base.py:1969: in _exec_single_context
    self.dialect.do_execute(
../../tesis-fim-serio/backend/.venv/lib/python3.13/site-packages/sqlalchemy/engine/default.py:952: in do_execute
    cursor.execute(statement, parameters)
../../tesis-fim-serio/backend/.venv/lib/python3.13/site-packages/psycopg/cursor.py:97: in execute
    raise ex.with_traceback(None)
E   sqlalchemy.exc.IntegrityError: (psycopg.errors.UniqueViolation) duplicate key value violates unique constraint "ix_users_username"
E   DETAIL:  Key (username)=(admin) already exists.
E   [SQL: INSERT INTO users (username, email, password_hash, role, is_active, must_change_password, created_at) VALUES (%(username)s::VARCHAR, %(email)s::VARCHAR, %(password_hash)s::VARCHAR, %(role)s::VARCHAR, %(is_active)s, %(must_change_password)s, %(created_at)s::TIMESTAMP WITH TIME ZONE) RETURNING users.id]
E   [parameters: {'username': 'admin', 'email': 'admin@fim.local', 'password_hash': '$argon2id$v=19$m=65536,t=3,p=4$fAk3H+312oSKuLFc5qVN2Q$SZ4QPqk2QsmoI/HGGLo3T4NSJhBsZopbEWoN4/+TE9c', 'role': 'admin', 'is_active': True, 'must_change_password': True, 'created_at': datetime.datetime(2026, 9, 12, 20, 12, 18, 15627, tzinfo=datetime.timezone.utc)}]
E   (Background on this error at: https://sqlalche.me/e/20/gkpj)
______________ ERROR at setup of test_migration_005_is_idempotent ______________
../../tesis-fim-serio/backend/.venv/lib/python3.13/site-packages/sqlalchemy/engine/base.py:1969: in _exec_single_context
    self.dialect.do_execute(
../../tesis-fim-serio/backend/.venv/lib/python3.13/site-packages/sqlalchemy/engine/default.py:952: in do_execute
    cursor.execute(statement, parameters)
../../tesis-fim-serio/backend/.venv/lib/python3.13/site-packages/psycopg/cursor.py:97: in execute
    raise ex.with_traceback(None)
E   psycopg.errors.UniqueViolation: duplicate key value violates unique constraint "ix_users_username"
E   DETAIL:  Key (username)=(admin) already exists.

The above exception was the direct cause of the following exception:
backend/tests/conftest.py:133: in _db_isolation
    _seed_admin_impl()
backend/tests/conftest.py:108: in _seed_admin_impl
    session.commit()
../../tesis-fim-serio/backend/.venv/lib/python3.13/site-packages/sqlalchemy/orm/session.py:2035: in commit
    trans.commit(_to_root=True)
../../tesis-fim-serio/backend/.venv/lib/python3.13/site-packages/sqlalchemy/orm/state_changes.py:137: in _go
    ret_value = fn(self, *arg, **kw)
../../tesis-fim-serio/backend/.venv/lib/python3.13/site-packages/sqlalchemy/orm/session.py:1316: in commit
    self._prepare_impl()
../../tesis-fim-serio/backend/.venv/lib/python3.13/site-packages/sqlalchemy/orm/state_changes.py:137: in _go
    ret_value = fn(self, *arg, **kw)
../../tesis-fim-serio/backend/.venv/lib/python3.13/site-packages/sqlalchemy/orm/session.py:1290: in _prepare_impl
    self.session.flush()
../../tesis-fim-serio/backend/.venv/lib/python3.13/site-packages/sqlalchemy/orm/session.py:4353: in flush
    self._flush(objects)
../../tesis-fim-serio/backend/.venv/lib/python3.13/site-packages/sqlalchemy/orm/session.py:4488: in _flush
    with util.safe_reraise():
../../tesis-fim-serio/backend/.venv/lib/python3.13/site-packages/sqlalchemy/util/langhelpers.py:122: in __exit__
    raise exc_value.with_traceback(exc_tb)
../../tesis-fim-serio/backend/.venv/lib/python3.13/site-packages/sqlalchemy/orm/session.py:4449: in _flush
    flush_context.execute()
../../tesis-fim-serio/backend/.venv/lib/python3.13/site-packages/sqlalchemy/orm/unitofwork.py:465: in execute
    rec.execute(self)
../../tesis-fim-serio/backend/.venv/lib/python3.13/site-packages/sqlalchemy/orm/unitofwork.py:641: in execute
    util.preloaded.orm_persistence.save_obj(
../../tesis-fim-serio/backend/.venv/lib/python3.13/site-packages/sqlalchemy/orm/persistence.py:94: in save_obj
    _emit_insert_statements(
../../tesis-fim-serio/backend/.venv/lib/python3.13/site-packages/sqlalchemy/orm/persistence.py:1234: in _emit_insert_statements
    result = connection.execute(
../../tesis-fim-serio/backend/.venv/lib/python3.13/site-packages/sqlalchemy/engine/base.py:1421: in execute
    return meth(
../../tesis-fim-serio/backend/.venv/lib/python3.13/site-packages/sqlalchemy/sql/elements.py:526: in _execute_on_connection
    return connection._execute_clauseelement(
../../tesis-fim-serio/backend/.venv/lib/python3.13/site-packages/sqlalchemy/engine/base.py:1643: in _execute_clauseelement
    ret = self._execute_context(
../../tesis-fim-serio/backend/.venv/lib/python3.13/site-packages/sqlalchemy/engine/base.py:1848: in _execute_context
    return self._exec_single_context(
../../tesis-fim-serio/backend/.venv/lib/python3.13/site-packages/sqlalchemy/engine/base.py:1988: in _exec_single_context
    self._handle_dbapi_exception(
../../tesis-fim-serio/backend/.venv/lib/python3.13/site-packages/sqlalchemy/engine/base.py:2365: in _handle_dbapi_exception
    raise sqlalchemy_exception.with_traceback(exc_info[2]) from e
../../tesis-fim-serio/backend/.venv/lib/python3.13/site-packages/sqlalchemy/engine/base.py:1969: in _exec_single_context
    self.dialect.do_execute(
../../tesis-fim-serio/backend/.venv/lib/python3.13/site-packages/sqlalchemy/engine/default.py:952: in do_execute
    cursor.execute(statement, parameters)
../../tesis-fim-serio/backend/.venv/lib/python3.13/site-packages/psycopg/cursor.py:97: in execute
    raise ex.with_traceback(None)
E   sqlalchemy.exc.IntegrityError: (psycopg.errors.UniqueViolation) duplicate key value violates unique constraint "ix_users_username"
E   DETAIL:  Key (username)=(admin) already exists.
E   [SQL: INSERT INTO users (username, email, password_hash, role, is_active, must_change_password, created_at) VALUES (%(username)s::VARCHAR, %(email)s::VARCHAR, %(password_hash)s::VARCHAR, %(role)s::VARCHAR, %(is_active)s, %(must_change_password)s, %(created_at)s::TIMESTAMP WITH TIME ZONE) RETURNING users.id]
E   [parameters: {'username': 'admin', 'email': 'admin@fim.local', 'password_hash': '$argon2id$v=19$m=65536,t=3,p=4$FM3E6jn1FRo5c2AQb6pujg$pD4Ath/WsMmGXirvYnrpG1ux1XZ7wHsYzyb2TfdUIXA', 'role': 'admin', 'is_active': True, 'must_change_password': True, 'created_at': datetime.datetime(2026, 9, 12, 20, 12, 19, 333586, tzinfo=datetime.timezone.utc)}]
E   (Background on this error at: https://sqlalche.me/e/20/gkpj)
_____________ ERROR at setup of test_any_error_status_is_down[502] _____________
../../tesis-fim-serio/backend/.venv/lib/python3.13/site-packages/sqlalchemy/engine/base.py:1969: in _exec_single_context
    self.dialect.do_execute(
../../tesis-fim-serio/backend/.venv/lib/python3.13/site-packages/sqlalchemy/engine/default.py:952: in do_execute
    cursor.execute(statement, parameters)
../../tesis-fim-serio/backend/.venv/lib/python3.13/site-packages/psycopg/cursor.py:97: in execute
    raise ex.with_traceback(None)
E   psycopg.errors.UniqueViolation: duplicate key value violates unique constraint "ix_users_username"
E   DETAIL:  Key (username)=(admin) already exists.

The above exception was the direct cause of the following exception:
backend/tests/conftest.py:133: in _db_isolation
    _seed_admin_impl()
backend/tests/conftest.py:108: in _seed_admin_impl
    session.commit()
../../tesis-fim-serio/backend/.venv/lib/python3.13/site-packages/sqlalchemy/orm/session.py:2035: in commit
    trans.commit(_to_root=True)
../../tesis-fim-serio/backend/.venv/lib/python3.13/site-packages/sqlalchemy/orm/state_changes.py:137: in _go
    ret_value = fn(self, *arg, **kw)
../../tesis-fim-serio/backend/.venv/lib/python3.13/site-packages/sqlalchemy/orm/session.py:1316: in commit
    self._prepare_impl()
../../tesis-fim-serio/backend/.venv/lib/python3.13/site-packages/sqlalchemy/orm/state_changes.py:137: in _go
    ret_value = fn(self, *arg, **kw)
../../tesis-fim-serio/backend/.venv/lib/python3.13/site-packages/sqlalchemy/orm/session.py:1290: in _prepare_impl
    self.session.flush()
../../tesis-fim-serio/backend/.venv/lib/python3.13/site-packages/sqlalchemy/orm/session.py:4353: in flush
    self._flush(objects)
../../tesis-fim-serio/backend/.venv/lib/python3.13/site-packages/sqlalchemy/orm/session.py:4488: in _flush
    with util.safe_reraise():
../../tesis-fim-serio/backend/.venv/lib/python3.13/site-packages/sqlalchemy/util/langhelpers.py:122: in __exit__
    raise exc_value.with_traceback(exc_tb)
../../tesis-fim-serio/backend/.venv/lib/python3.13/site-packages/sqlalchemy/orm/session.py:4449: in _flush
    flush_context.execute()
../../tesis-fim-serio/backend/.venv/lib/python3.13/site-packages/sqlalchemy/orm/unitofwork.py:465: in execute
    rec.execute(self)
../../tesis-fim-serio/backend/.venv/lib/python3.13/site-packages/sqlalchemy/orm/unitofwork.py:641: in execute
    util.preloaded.orm_persistence.save_obj(
../../tesis-fim-serio/backend/.venv/lib/python3.13/site-packages/sqlalchemy/orm/persistence.py:94: in save_obj
    _emit_insert_statements(
../../tesis-fim-serio/backend/.venv/lib/python3.13/site-packages/sqlalchemy/orm/persistence.py:1234: in _emit_insert_statements
    result = connection.execute(
../../tesis-fim-serio/backend/.venv/lib/python3.13/site-packages/sqlalchemy/engine/base.py:1421: in execute
    return meth(
../../tesis-fim-serio/backend/.venv/lib/python3.13/site-packages/sqlalchemy/sql/elements.py:526: in _execute_on_connection
    return connection._execute_clauseelement(
../../tesis-fim-serio/backend/.venv/lib/python3.13/site-packages/sqlalchemy/engine/base.py:1643: in _execute_clauseelement
    ret = self._execute_context(
../../tesis-fim-serio/backend/.venv/lib/python3.13/site-packages/sqlalchemy/engine/base.py:1848: in _execute_context
    return self._exec_single_context(
../../tesis-fim-serio/backend/.venv/lib/python3.13/site-packages/sqlalchemy/engine/base.py:1988: in _exec_single_context
    self._handle_dbapi_exception(
../../tesis-fim-serio/backend/.venv/lib/python3.13/site-packages/sqlalchemy/engine/base.py:2365: in _handle_dbapi_exception
    raise sqlalchemy_exception.with_traceback(exc_info[2]) from e
../../tesis-fim-serio/backend/.venv/lib/python3.13/site-packages/sqlalchemy/engine/base.py:1969: in _exec_single_context
    self.dialect.do_execute(
../../tesis-fim-serio/backend/.venv/lib/python3.13/site-packages/sqlalchemy/engine/default.py:952: in do_execute
    cursor.execute(statement, parameters)
../../tesis-fim-serio/backend/.venv/lib/python3.13/site-packages/psycopg/cursor.py:97: in execute
    raise ex.with_traceback(None)
E   sqlalchemy.exc.IntegrityError: (psycopg.errors.UniqueViolation) duplicate key value violates unique constraint "ix_users_username"
E   DETAIL:  Key (username)=(admin) already exists.
E   [SQL: INSERT INTO users (username, email, password_hash, role, is_active, must_change_password, created_at) VALUES (%(username)s::VARCHAR, %(email)s::VARCHAR, %(password_hash)s::VARCHAR, %(role)s::VARCHAR, %(is_active)s, %(must_change_password)s, %(created_at)s::TIMESTAMP WITH TIME ZONE) RETURNING users.id]
E   [parameters: {'username': 'admin', 'email': 'admin@fim.local', 'password_hash': '$argon2id$v=19$m=65536,t=3,p=4$PwyhP8fGe4Zgq0gRZLORkA$Qj9dYAM5wNSjc0LuB0TKgCCeu6NgTuBlbcezFThNmBc', 'role': 'admin', 'is_active': True, 'must_change_password': True, 'created_at': datetime.datetime(2026, 9, 12, 20, 12, 20, 813878, tzinfo=datetime.timezone.utc)}]
E   (Background on this error at: https://sqlalche.me/e/20/gkpj)
___________ ERROR at setup of test_n8n_degraded_when_not_configured ____________
../../tesis-fim-serio/backend/.venv/lib/python3.13/site-packages/sqlalchemy/engine/base.py:1969: in _exec_single_context
    self.dialect.do_execute(
../../tesis-fim-serio/backend/.venv/lib/python3.13/site-packages/sqlalchemy/engine/default.py:952: in do_execute
    cursor.execute(statement, parameters)
../../tesis-fim-serio/backend/.venv/lib/python3.13/site-packages/psycopg/cursor.py:97: in execute
    raise ex.with_traceback(None)
E   psycopg.errors.UniqueViolation: duplicate key value violates unique constraint "ix_users_username"
E   DETAIL:  Key (username)=(admin) already exists.

The above exception was the direct cause of the following exception:
backend/tests/conftest.py:133: in _db_isolation
    _seed_admin_impl()
backend/tests/conftest.py:108: in _seed_admin_impl
    session.commit()
../../tesis-fim-serio/backend/.venv/lib/python3.13/site-packages/sqlalchemy/orm/session.py:2035: in commit
    trans.commit(_to_root=True)
../../tesis-fim-serio/backend/.venv/lib/python3.13/site-packages/sqlalchemy/orm/state_changes.py:137: in _go
    ret_value = fn(self, *arg, **kw)
../../tesis-fim-serio/backend/.venv/lib/python3.13/site-packages/sqlalchemy/orm/session.py:1316: in commit
    self._prepare_impl()
../../tesis-fim-serio/backend/.venv/lib/python3.13/site-packages/sqlalchemy/orm/state_changes.py:137: in _go
    ret_value = fn(self, *arg, **kw)
../../tesis-fim-serio/backend/.venv/lib/python3.13/site-packages/sqlalchemy/orm/session.py:1290: in _prepare_impl
    self.session.flush()
../../tesis-fim-serio/backend/.venv/lib/python3.13/site-packages/sqlalchemy/orm/session.py:4353: in flush
    self._flush(objects)
../../tesis-fim-serio/backend/.venv/lib/python3.13/site-packages/sqlalchemy/orm/session.py:4488: in _flush
    with util.safe_reraise():
../../tesis-fim-serio/backend/.venv/lib/python3.13/site-packages/sqlalchemy/util/langhelpers.py:122: in __exit__
    raise exc_value.with_traceback(exc_tb)
../../tesis-fim-serio/backend/.venv/lib/python3.13/site-packages/sqlalchemy/orm/session.py:4449: in _flush
    flush_context.execute()
../../tesis-fim-serio/backend/.venv/lib/python3.13/site-packages/sqlalchemy/orm/unitofwork.py:465: in execute
    rec.execute(self)
../../tesis-fim-serio/backend/.venv/lib/python3.13/site-packages/sqlalchemy/orm/unitofwork.py:641: in execute
    util.preloaded.orm_persistence.save_obj(
../../tesis-fim-serio/backend/.venv/lib/python3.13/site-packages/sqlalchemy/orm/persistence.py:94: in save_obj
    _emit_insert_statements(
../../tesis-fim-serio/backend/.venv/lib/python3.13/site-packages/sqlalchemy/orm/persistence.py:1234: in _emit_insert_statements
    result = connection.execute(
../../tesis-fim-serio/backend/.venv/lib/python3.13/site-packages/sqlalchemy/engine/base.py:1421: in execute
    return meth(
../../tesis-fim-serio/backend/.venv/lib/python3.13/site-packages/sqlalchemy/sql/elements.py:526: in _execute_on_connection
    return connection._execute_clauseelement(
../../tesis-fim-serio/backend/.venv/lib/python3.13/site-packages/sqlalchemy/engine/base.py:1643: in _execute_clauseelement
    ret = self._execute_context(
../../tesis-fim-serio/backend/.venv/lib/python3.13/site-packages/sqlalchemy/engine/base.py:1848: in _execute_context
    return self._exec_single_context(
../../tesis-fim-serio/backend/.venv/lib/python3.13/site-packages/sqlalchemy/engine/base.py:1988: in _exec_single_context
    self._handle_dbapi_exception(
../../tesis-fim-serio/backend/.venv/lib/python3.13/site-packages/sqlalchemy/engine/base.py:2365: in _handle_dbapi_exception
    raise sqlalchemy_exception.with_traceback(exc_info[2]) from e
../../tesis-fim-serio/backend/.venv/lib/python3.13/site-packages/sqlalchemy/engine/base.py:1969: in _exec_single_context
    self.dialect.do_execute(
../../tesis-fim-serio/backend/.venv/lib/python3.13/site-packages/sqlalchemy/engine/default.py:952: in do_execute
    cursor.execute(statement, parameters)
../../tesis-fim-serio/backend/.venv/lib/python3.13/site-packages/psycopg/cursor.py:97: in execute
    raise ex.with_traceback(None)
E   sqlalchemy.exc.IntegrityError: (psycopg.errors.UniqueViolation) duplicate key value violates unique constraint "ix_users_username"
E   DETAIL:  Key (username)=(admin) already exists.
E   [SQL: INSERT INTO users (username, email, password_hash, role, is_active, must_change_password, created_at) VALUES (%(username)s::VARCHAR, %(email)s::VARCHAR, %(password_hash)s::VARCHAR, %(role)s::VARCHAR, %(is_active)s, %(must_change_password)s, %(created_at)s::TIMESTAMP WITH TIME ZONE) RETURNING users.id]
E   [parameters: {'username': 'admin', 'email': 'admin@fim.local', 'password_hash': '$argon2id$v=19$m=65536,t=3,p=4$lg+YvD6xaNRCJYPwYpujyQ$8bswwd2rXYGcaOydoOezoosfUWCkJ4NU+z5iZCfMHFg', 'role': 'admin', 'is_active': True, 'must_change_password': True, 'created_at': datetime.datetime(2026, 9, 12, 20, 12, 21, 597735, tzinfo=datetime.timezone.utc)}]
E   (Background on this error at: https://sqlalche.me/e/20/gkpj)
______ ERROR at setup of test_workflows_do_not_use_forbidden_field_names _______
../../tesis-fim-serio/backend/.venv/lib/python3.13/site-packages/sqlalchemy/engine/base.py:1969: in _exec_single_context
    self.dialect.do_execute(
../../tesis-fim-serio/backend/.venv/lib/python3.13/site-packages/sqlalchemy/engine/default.py:952: in do_execute
    cursor.execute(statement, parameters)
../../tesis-fim-serio/backend/.venv/lib/python3.13/site-packages/psycopg/cursor.py:97: in execute
    raise ex.with_traceback(None)
E   psycopg.errors.UniqueViolation: duplicate key value violates unique constraint "ix_users_username"
E   DETAIL:  Key (username)=(admin) already exists.

The above exception was the direct cause of the following exception:
backend/tests/conftest.py:133: in _db_isolation
    _seed_admin_impl()
backend/tests/conftest.py:108: in _seed_admin_impl
    session.commit()
../../tesis-fim-serio/backend/.venv/lib/python3.13/site-packages/sqlalchemy/orm/session.py:2035: in commit
    trans.commit(_to_root=True)
../../tesis-fim-serio/backend/.venv/lib/python3.13/site-packages/sqlalchemy/orm/state_changes.py:137: in _go
    ret_value = fn(self, *arg, **kw)
../../tesis-fim-serio/backend/.venv/lib/python3.13/site-packages/sqlalchemy/orm/session.py:1316: in commit
    self._prepare_impl()
../../tesis-fim-serio/backend/.venv/lib/python3.13/site-packages/sqlalchemy/orm/state_changes.py:137: in _go
    ret_value = fn(self, *arg, **kw)
../../tesis-fim-serio/backend/.venv/lib/python3.13/site-packages/sqlalchemy/orm/session.py:1290: in _prepare_impl
    self.session.flush()
../../tesis-fim-serio/backend/.venv/lib/python3.13/site-packages/sqlalchemy/orm/session.py:4353: in flush
    self._flush(objects)
../../tesis-fim-serio/backend/.venv/lib/python3.13/site-packages/sqlalchemy/orm/session.py:4488: in _flush
    with util.safe_reraise():
../../tesis-fim-serio/backend/.venv/lib/python3.13/site-packages/sqlalchemy/util/langhelpers.py:122: in __exit__
    raise exc_value.with_traceback(exc_tb)
../../tesis-fim-serio/backend/.venv/lib/python3.13/site-packages/sqlalchemy/orm/session.py:4449: in _flush
    flush_context.execute()
../../tesis-fim-serio/backend/.venv/lib/python3.13/site-packages/sqlalchemy/orm/unitofwork.py:465: in execute
    rec.execute(self)
../../tesis-fim-serio/backend/.venv/lib/python3.13/site-packages/sqlalchemy/orm/unitofwork.py:641: in execute
    util.preloaded.orm_persistence.save_obj(
../../tesis-fim-serio/backend/.venv/lib/python3.13/site-packages/sqlalchemy/orm/persistence.py:94: in save_obj
    _emit_insert_statements(
../../tesis-fim-serio/backend/.venv/lib/python3.13/site-packages/sqlalchemy/orm/persistence.py:1234: in _emit_insert_statements
    result = connection.execute(
../../tesis-fim-serio/backend/.venv/lib/python3.13/site-packages/sqlalchemy/engine/base.py:1421: in execute
    return meth(
../../tesis-fim-serio/backend/.venv/lib/python3.13/site-packages/sqlalchemy/sql/elements.py:526: in _execute_on_connection
    return connection._execute_clauseelement(
../../tesis-fim-serio/backend/.venv/lib/python3.13/site-packages/sqlalchemy/engine/base.py:1643: in _execute_clauseelement
    ret = self._execute_context(
../../tesis-fim-serio/backend/.venv/lib/python3.13/site-packages/sqlalchemy/engine/base.py:1848: in _execute_context
    return self._exec_single_context(
../../tesis-fim-serio/backend/.venv/lib/python3.13/site-packages/sqlalchemy/engine/base.py:1988: in _exec_single_context
    self._handle_dbapi_exception(
../../tesis-fim-serio/backend/.venv/lib/python3.13/site-packages/sqlalchemy/engine/base.py:2365: in _handle_dbapi_exception
    raise sqlalchemy_exception.with_traceback(exc_info[2]) from e
../../tesis-fim-serio/backend/.venv/lib/python3.13/site-packages/sqlalchemy/engine/base.py:1969: in _exec_single_context
    self.dialect.do_execute(
../../tesis-fim-serio/backend/.venv/lib/python3.13/site-packages/sqlalchemy/engine/default.py:952: in do_execute
    cursor.execute(statement, parameters)
../../tesis-fim-serio/backend/.venv/lib/python3.13/site-packages/psycopg/cursor.py:97: in execute
    raise ex.with_traceback(None)
E   sqlalchemy.exc.IntegrityError: (psycopg.errors.UniqueViolation) duplicate key value violates unique constraint "ix_users_username"
E   DETAIL:  Key (username)=(admin) already exists.
E   [SQL: INSERT INTO users (username, email, password_hash, role, is_active, must_change_password, created_at) VALUES (%(username)s::VARCHAR, %(email)s::VARCHAR, %(password_hash)s::VARCHAR, %(role)s::VARCHAR, %(is_active)s, %(must_change_password)s, %(created_at)s::TIMESTAMP WITH TIME ZONE) RETURNING users.id]
E   [parameters: {'username': 'admin', 'email': 'admin@fim.local', 'password_hash': '$argon2id$v=19$m=65536,t=3,p=4$070Cldddr4oHy0sTsBS2bg$6GTPEfJJ7pdnC7i/4YsVyeIWbCVVhrYv6RzSZEgKFJc', 'role': 'admin', 'is_active': True, 'must_change_password': True, 'created_at': datetime.datetime(2026, 9, 12, 20, 12, 26, 698792, tzinfo=datetime.timezone.utc)}]
E   (Background on this error at: https://sqlalche.me/e/20/gkpj)
_ ERROR at setup of test_extractor_handles_the_expression_forms_in_use[={{ $json.body.severity }}] _
../../tesis-fim-serio/backend/.venv/lib/python3.13/site-packages/sqlalchemy/engine/base.py:1969: in _exec_single_context
    self.dialect.do_execute(
../../tesis-fim-serio/backend/.venv/lib/python3.13/site-packages/sqlalchemy/engine/default.py:952: in do_execute
    cursor.execute(statement, parameters)
../../tesis-fim-serio/backend/.venv/lib/python3.13/site-packages/psycopg/cursor.py:97: in execute
    raise ex.with_traceback(None)
E   psycopg.errors.UniqueViolation: duplicate key value violates unique constraint "ix_users_username"
E   DETAIL:  Key (username)=(admin) already exists.

The above exception was the direct cause of the following exception:
backend/tests/conftest.py:133: in _db_isolation
    _seed_admin_impl()
backend/tests/conftest.py:108: in _seed_admin_impl
    session.commit()
../../tesis-fim-serio/backend/.venv/lib/python3.13/site-packages/sqlalchemy/orm/session.py:2035: in commit
    trans.commit(_to_root=True)
../../tesis-fim-serio/backend/.venv/lib/python3.13/site-packages/sqlalchemy/orm/state_changes.py:137: in _go
    ret_value = fn(self, *arg, **kw)
../../tesis-fim-serio/backend/.venv/lib/python3.13/site-packages/sqlalchemy/orm/session.py:1316: in commit
    self._prepare_impl()
../../tesis-fim-serio/backend/.venv/lib/python3.13/site-packages/sqlalchemy/orm/state_changes.py:137: in _go
    ret_value = fn(self, *arg, **kw)
../../tesis-fim-serio/backend/.venv/lib/python3.13/site-packages/sqlalchemy/orm/session.py:1290: in _prepare_impl
    self.session.flush()
../../tesis-fim-serio/backend/.venv/lib/python3.13/site-packages/sqlalchemy/orm/session.py:4353: in flush
    self._flush(objects)
../../tesis-fim-serio/backend/.venv/lib/python3.13/site-packages/sqlalchemy/orm/session.py:4488: in _flush
    with util.safe_reraise():
../../tesis-fim-serio/backend/.venv/lib/python3.13/site-packages/sqlalchemy/util/langhelpers.py:122: in __exit__
    raise exc_value.with_traceback(exc_tb)
../../tesis-fim-serio/backend/.venv/lib/python3.13/site-packages/sqlalchemy/orm/session.py:4449: in _flush
    flush_context.execute()
../../tesis-fim-serio/backend/.venv/lib/python3.13/site-packages/sqlalchemy/orm/unitofwork.py:465: in execute
    rec.execute(self)
../../tesis-fim-serio/backend/.venv/lib/python3.13/site-packages/sqlalchemy/orm/unitofwork.py:641: in execute
    util.preloaded.orm_persistence.save_obj(
../../tesis-fim-serio/backend/.venv/lib/python3.13/site-packages/sqlalchemy/orm/persistence.py:94: in save_obj
    _emit_insert_statements(
../../tesis-fim-serio/backend/.venv/lib/python3.13/site-packages/sqlalchemy/orm/persistence.py:1234: in _emit_insert_statements
    result = connection.execute(
../../tesis-fim-serio/backend/.venv/lib/python3.13/site-packages/sqlalchemy/engine/base.py:1421: in execute
    return meth(
../../tesis-fim-serio/backend/.venv/lib/python3.13/site-packages/sqlalchemy/sql/elements.py:526: in _execute_on_connection
    return connection._execute_clauseelement(
../../tesis-fim-serio/backend/.venv/lib/python3.13/site-packages/sqlalchemy/engine/base.py:1643: in _execute_clauseelement
    ret = self._execute_context(
../../tesis-fim-serio/backend/.venv/lib/python3.13/site-packages/sqlalchemy/engine/base.py:1848: in _execute_context
    return self._exec_single_context(
../../tesis-fim-serio/backend/.venv/lib/python3.13/site-packages/sqlalchemy/engine/base.py:1988: in _exec_single_context
    self._handle_dbapi_exception(
../../tesis-fim-serio/backend/.venv/lib/python3.13/site-packages/sqlalchemy/engine/base.py:2365: in _handle_dbapi_exception
    raise sqlalchemy_exception.with_traceback(exc_info[2]) from e
../../tesis-fim-serio/backend/.venv/lib/python3.13/site-packages/sqlalchemy/engine/base.py:1969: in _exec_single_context
    self.dialect.do_execute(
../../tesis-fim-serio/backend/.venv/lib/python3.13/site-packages/sqlalchemy/engine/default.py:952: in do_execute
    cursor.execute(statement, parameters)
../../tesis-fim-serio/backend/.venv/lib/python3.13/site-packages/psycopg/cursor.py:97: in execute
    raise ex.with_traceback(None)
E   sqlalchemy.exc.IntegrityError: (psycopg.errors.UniqueViolation) duplicate key value violates unique constraint "ix_users_username"
E   DETAIL:  Key (username)=(admin) already exists.
E   [SQL: INSERT INTO users (username, email, password_hash, role, is_active, must_change_password, created_at) VALUES (%(username)s::VARCHAR, %(email)s::VARCHAR, %(password_hash)s::VARCHAR, %(role)s::VARCHAR, %(is_active)s, %(must_change_password)s, %(created_at)s::TIMESTAMP WITH TIME ZONE) RETURNING users.id]
E   [parameters: {'username': 'admin', 'email': 'admin@fim.local', 'password_hash': '$argon2id$v=19$m=65536,t=3,p=4$wuF7FEeiKQwF/9P+t9BcRA$oock88lm5md1mNqADgGj4+7jKATxTQygi6m9wQgLb9Y', 'role': 'admin', 'is_active': True, 'must_change_password': True, 'created_at': datetime.datetime(2026, 9, 12, 20, 12, 27, 382667, tzinfo=datetime.timezone.utc)}]
E   (Background on this error at: https://sqlalche.me/e/20/gkpj)
_ ERROR at setup of test_extractor_handles_the_expression_forms_in_use[=[FIM] {{ $json.body.severity | upper }}: {{ $json.body.path }}] _
../../tesis-fim-serio/backend/.venv/lib/python3.13/site-packages/sqlalchemy/engine/base.py:1969: in _exec_single_context
    self.dialect.do_execute(
../../tesis-fim-serio/backend/.venv/lib/python3.13/site-packages/sqlalchemy/engine/default.py:952: in do_execute
    cursor.execute(statement, parameters)
../../tesis-fim-serio/backend/.venv/lib/python3.13/site-packages/psycopg/cursor.py:97: in execute
    raise ex.with_traceback(None)
E   psycopg.errors.UniqueViolation: duplicate key value violates unique constraint "ix_users_username"
E   DETAIL:  Key (username)=(admin) already exists.

The above exception was the direct cause of the following exception:
backend/tests/conftest.py:133: in _db_isolation
    _seed_admin_impl()
backend/tests/conftest.py:108: in _seed_admin_impl
    session.commit()
../../tesis-fim-serio/backend/.venv/lib/python3.13/site-packages/sqlalchemy/orm/session.py:2035: in commit
    trans.commit(_to_root=True)
../../tesis-fim-serio/backend/.venv/lib/python3.13/site-packages/sqlalchemy/orm/state_changes.py:137: in _go
    ret_value = fn(self, *arg, **kw)
../../tesis-fim-serio/backend/.venv/lib/python3.13/site-packages/sqlalchemy/orm/session.py:1316: in commit
    self._prepare_impl()
../../tesis-fim-serio/backend/.venv/lib/python3.13/site-packages/sqlalchemy/orm/state_changes.py:137: in _go
    ret_value = fn(self, *arg, **kw)
../../tesis-fim-serio/backend/.venv/lib/python3.13/site-packages/sqlalchemy/orm/session.py:1290: in _prepare_impl
    self.session.flush()
../../tesis-fim-serio/backend/.venv/lib/python3.13/site-packages/sqlalchemy/orm/session.py:4353: in flush
    self._flush(objects)
../../tesis-fim-serio/backend/.venv/lib/python3.13/site-packages/sqlalchemy/orm/session.py:4488: in _flush
    with util.safe_reraise():
../../tesis-fim-serio/backend/.venv/lib/python3.13/site-packages/sqlalchemy/util/langhelpers.py:122: in __exit__
    raise exc_value.with_traceback(exc_tb)
../../tesis-fim-serio/backend/.venv/lib/python3.13/site-packages/sqlalchemy/orm/session.py:4449: in _flush
    flush_context.execute()
../../tesis-fim-serio/backend/.venv/lib/python3.13/site-packages/sqlalchemy/orm/unitofwork.py:465: in execute
    rec.execute(self)
../../tesis-fim-serio/backend/.venv/lib/python3.13/site-packages/sqlalchemy/orm/unitofwork.py:641: in execute
    util.preloaded.orm_persistence.save_obj(
../../tesis-fim-serio/backend/.venv/lib/python3.13/site-packages/sqlalchemy/orm/persistence.py:94: in save_obj
    _emit_insert_statements(
../../tesis-fim-serio/backend/.venv/lib/python3.13/site-packages/sqlalchemy/orm/persistence.py:1234: in _emit_insert_statements
    result = connection.execute(
../../tesis-fim-serio/backend/.venv/lib/python3.13/site-packages/sqlalchemy/engine/base.py:1421: in execute
    return meth(
../../tesis-fim-serio/backend/.venv/lib/python3.13/site-packages/sqlalchemy/sql/elements.py:526: in _execute_on_connection
    return connection._execute_clauseelement(
../../tesis-fim-serio/backend/.venv/lib/python3.13/site-packages/sqlalchemy/engine/base.py:1643: in _execute_clauseelement
    ret = self._execute_context(
../../tesis-fim-serio/backend/.venv/lib/python3.13/site-packages/sqlalchemy/engine/base.py:1848: in _execute_context
    return self._exec_single_context(
../../tesis-fim-serio/backend/.venv/lib/python3.13/site-packages/sqlalchemy/engine/base.py:1988: in _exec_single_context
    self._handle_dbapi_exception(
../../tesis-fim-serio/backend/.venv/lib/python3.13/site-packages/sqlalchemy/engine/base.py:2365: in _handle_dbapi_exception
    raise sqlalchemy_exception.with_traceback(exc_info[2]) from e
../../tesis-fim-serio/backend/.venv/lib/python3.13/site-packages/sqlalchemy/engine/base.py:1969: in _exec_single_context
    self.dialect.do_execute(
../../tesis-fim-serio/backend/.venv/lib/python3.13/site-packages/sqlalchemy/engine/default.py:952: in do_execute
    cursor.execute(statement, parameters)
../../tesis-fim-serio/backend/.venv/lib/python3.13/site-packages/psycopg/cursor.py:97: in execute
    raise ex.with_traceback(None)
E   sqlalchemy.exc.IntegrityError: (psycopg.errors.UniqueViolation) duplicate key value violates unique constraint "ix_users_username"
E   DETAIL:  Key (username)=(admin) already exists.
E   [SQL: INSERT INTO users (username, email, password_hash, role, is_active, must_change_password, created_at) VALUES (%(username)s::VARCHAR, %(email)s::VARCHAR, %(password_hash)s::VARCHAR, %(role)s::VARCHAR, %(is_active)s, %(must_change_password)s, %(created_at)s::TIMESTAMP WITH TIME ZONE) RETURNING users.id]
E   [parameters: {'username': 'admin', 'email': 'admin@fim.local', 'password_hash': '$argon2id$v=19$m=65536,t=3,p=4$kwo7h7HNQZl7nT7l2R7+XA$BoR8HlULBvfwXEDITuSpbFduW3GQXLlQmKFSfvPC4JM', 'role': 'admin', 'is_active': True, 'must_change_password': True, 'created_at': datetime.datetime(2026, 9, 12, 20, 12, 27, 830771, tzinfo=datetime.timezone.utc)}]
E   (Background on this error at: https://sqlalche.me/e/20/gkpj)
_ ERROR at setup of test_extractor_handles_the_expression_forms_in_use[={{ $json.body.recipient || 'security@example.com' }}] _
../../tesis-fim-serio/backend/.venv/lib/python3.13/site-packages/sqlalchemy/engine/base.py:1969: in _exec_single_context
    self.dialect.do_execute(
../../tesis-fim-serio/backend/.venv/lib/python3.13/site-packages/sqlalchemy/engine/default.py:952: in do_execute
    cursor.execute(statement, parameters)
../../tesis-fim-serio/backend/.venv/lib/python3.13/site-packages/psycopg/cursor.py:97: in execute
    raise ex.with_traceback(None)
E   psycopg.errors.UniqueViolation: duplicate key value violates unique constraint "ix_users_username"
E   DETAIL:  Key (username)=(admin) already exists.

The above exception was the direct cause of the following exception:
backend/tests/conftest.py:133: in _db_isolation
    _seed_admin_impl()
backend/tests/conftest.py:108: in _seed_admin_impl
    session.commit()
../../tesis-fim-serio/backend/.venv/lib/python3.13/site-packages/sqlalchemy/orm/session.py:2035: in commit
    trans.commit(_to_root=True)
../../tesis-fim-serio/backend/.venv/lib/python3.13/site-packages/sqlalchemy/orm/state_changes.py:137: in _go
    ret_value = fn(self, *arg, **kw)
../../tesis-fim-serio/backend/.venv/lib/python3.13/site-packages/sqlalchemy/orm/session.py:1316: in commit
    self._prepare_impl()
../../tesis-fim-serio/backend/.venv/lib/python3.13/site-packages/sqlalchemy/orm/state_changes.py:137: in _go
    ret_value = fn(self, *arg, **kw)
../../tesis-fim-serio/backend/.venv/lib/python3.13/site-packages/sqlalchemy/orm/session.py:1290: in _prepare_impl
    self.session.flush()
../../tesis-fim-serio/backend/.venv/lib/python3.13/site-packages/sqlalchemy/orm/session.py:4353: in flush
    self._flush(objects)
../../tesis-fim-serio/backend/.venv/lib/python3.13/site-packages/sqlalchemy/orm/session.py:4488: in _flush
    with util.safe_reraise():
../../tesis-fim-serio/backend/.venv/lib/python3.13/site-packages/sqlalchemy/util/langhelpers.py:122: in __exit__
    raise exc_value.with_traceback(exc_tb)
../../tesis-fim-serio/backend/.venv/lib/python3.13/site-packages/sqlalchemy/orm/session.py:4449: in _flush
    flush_context.execute()
../../tesis-fim-serio/backend/.venv/lib/python3.13/site-packages/sqlalchemy/orm/unitofwork.py:465: in execute
    rec.execute(self)
../../tesis-fim-serio/backend/.venv/lib/python3.13/site-packages/sqlalchemy/orm/unitofwork.py:641: in execute
    util.preloaded.orm_persistence.save_obj(
../../tesis-fim-serio/backend/.venv/lib/python3.13/site-packages/sqlalchemy/orm/persistence.py:94: in save_obj
    _emit_insert_statements(
../../tesis-fim-serio/backend/.venv/lib/python3.13/site-packages/sqlalchemy/orm/persistence.py:1234: in _emit_insert_statements
    result = connection.execute(
../../tesis-fim-serio/backend/.venv/lib/python3.13/site-packages/sqlalchemy/engine/base.py:1421: in execute
    return meth(
../../tesis-fim-serio/backend/.venv/lib/python3.13/site-packages/sqlalchemy/sql/elements.py:526: in _execute_on_connection
    return connection._execute_clauseelement(
../../tesis-fim-serio/backend/.venv/lib/python3.13/site-packages/sqlalchemy/engine/base.py:1643: in _execute_clauseelement
    ret = self._execute_context(
../../tesis-fim-serio/backend/.venv/lib/python3.13/site-packages/sqlalchemy/engine/base.py:1848: in _execute_context
    return self._exec_single_context(
../../tesis-fim-serio/backend/.venv/lib/python3.13/site-packages/sqlalchemy/engine/base.py:1988: in _exec_single_context
    self._handle_dbapi_exception(
../../tesis-fim-serio/backend/.venv/lib/python3.13/site-packages/sqlalchemy/engine/base.py:2365: in _handle_dbapi_exception
    raise sqlalchemy_exception.with_traceback(exc_info[2]) from e
../../tesis-fim-serio/backend/.venv/lib/python3.13/site-packages/sqlalchemy/engine/base.py:1969: in _exec_single_context
    self.dialect.do_execute(
../../tesis-fim-serio/backend/.venv/lib/python3.13/site-packages/sqlalchemy/engine/default.py:952: in do_execute
    cursor.execute(statement, parameters)
../../tesis-fim-serio/backend/.venv/lib/python3.13/site-packages/psycopg/cursor.py:97: in execute
    raise ex.with_traceback(None)
E   sqlalchemy.exc.IntegrityError: (psycopg.errors.UniqueViolation) duplicate key value violates unique constraint "ix_users_username"
E   DETAIL:  Key (username)=(admin) already exists.
E   [SQL: INSERT INTO users (username, email, password_hash, role, is_active, must_change_password, created_at) VALUES (%(username)s::VARCHAR, %(email)s::VARCHAR, %(password_hash)s::VARCHAR, %(role)s::VARCHAR, %(is_active)s, %(must_change_password)s, %(created_at)s::TIMESTAMP WITH TIME ZONE) RETURNING users.id]
E   [parameters: {'username': 'admin', 'email': 'admin@fim.local', 'password_hash': '$argon2id$v=19$m=65536,t=3,p=4$SBiLF8EzLtWkMxvtYG6wiA$CvHo9XVEuSOvr5LSfoscT9wwaEwow2BT4/gm7iZNAP4', 'role': 'admin', 'is_active': True, 'must_change_password': True, 'created_at': datetime.datetime(2026, 9, 12, 20, 12, 28, 254469, tzinfo=datetime.timezone.utc)}]
E   (Background on this error at: https://sqlalche.me/e/20/gkpj)
_ ERROR at setup of test_action_taken_is_not_a_second_copy_of_status[auto_restored-auto_restore] _
../../tesis-fim-serio/backend/.venv/lib/python3.13/site-packages/sqlalchemy/engine/base.py:1969: in _exec_single_context
    self.dialect.do_execute(
../../tesis-fim-serio/backend/.venv/lib/python3.13/site-packages/sqlalchemy/engine/default.py:952: in do_execute
    cursor.execute(statement, parameters)
../../tesis-fim-serio/backend/.venv/lib/python3.13/site-packages/psycopg/cursor.py:97: in execute
    raise ex.with_traceback(None)
E   psycopg.errors.UniqueViolation: duplicate key value violates unique constraint "ix_users_username"
E   DETAIL:  Key (username)=(admin) already exists.

The above exception was the direct cause of the following exception:
backend/tests/conftest.py:133: in _db_isolation
    _seed_admin_impl()
backend/tests/conftest.py:108: in _seed_admin_impl
    session.commit()
../../tesis-fim-serio/backend/.venv/lib/python3.13/site-packages/sqlalchemy/orm/session.py:2035: in commit
    trans.commit(_to_root=True)
../../tesis-fim-serio/backend/.venv/lib/python3.13/site-packages/sqlalchemy/orm/state_changes.py:137: in _go
    ret_value = fn(self, *arg, **kw)
../../tesis-fim-serio/backend/.venv/lib/python3.13/site-packages/sqlalchemy/orm/session.py:1316: in commit
    self._prepare_impl()
../../tesis-fim-serio/backend/.venv/lib/python3.13/site-packages/sqlalchemy/orm/state_changes.py:137: in _go
    ret_value = fn(self, *arg, **kw)
../../tesis-fim-serio/backend/.venv/lib/python3.13/site-packages/sqlalchemy/orm/session.py:1290: in _prepare_impl
    self.session.flush()
../../tesis-fim-serio/backend/.venv/lib/python3.13/site-packages/sqlalchemy/orm/session.py:4353: in flush
    self._flush(objects)
../../tesis-fim-serio/backend/.venv/lib/python3.13/site-packages/sqlalchemy/orm/session.py:4488: in _flush
    with util.safe_reraise():
../../tesis-fim-serio/backend/.venv/lib/python3.13/site-packages/sqlalchemy/util/langhelpers.py:122: in __exit__
    raise exc_value.with_traceback(exc_tb)
../../tesis-fim-serio/backend/.venv/lib/python3.13/site-packages/sqlalchemy/orm/session.py:4449: in _flush
    flush_context.execute()
../../tesis-fim-serio/backend/.venv/lib/python3.13/site-packages/sqlalchemy/orm/unitofwork.py:465: in execute
    rec.execute(self)
../../tesis-fim-serio/backend/.venv/lib/python3.13/site-packages/sqlalchemy/orm/unitofwork.py:641: in execute
    util.preloaded.orm_persistence.save_obj(
../../tesis-fim-serio/backend/.venv/lib/python3.13/site-packages/sqlalchemy/orm/persistence.py:94: in save_obj
    _emit_insert_statements(
../../tesis-fim-serio/backend/.venv/lib/python3.13/site-packages/sqlalchemy/orm/persistence.py:1234: in _emit_insert_statements
    result = connection.execute(
../../tesis-fim-serio/backend/.venv/lib/python3.13/site-packages/sqlalchemy/engine/base.py:1421: in execute
    return meth(
../../tesis-fim-serio/backend/.venv/lib/python3.13/site-packages/sqlalchemy/sql/elements.py:526: in _execute_on_connection
    return connection._execute_clauseelement(
../../tesis-fim-serio/backend/.venv/lib/python3.13/site-packages/sqlalchemy/engine/base.py:1643: in _execute_clauseelement
    ret = self._execute_context(
../../tesis-fim-serio/backend/.venv/lib/python3.13/site-packages/sqlalchemy/engine/base.py:1848: in _execute_context
    return self._exec_single_context(
../../tesis-fim-serio/backend/.venv/lib/python3.13/site-packages/sqlalchemy/engine/base.py:1988: in _exec_single_context
    self._handle_dbapi_exception(
../../tesis-fim-serio/backend/.venv/lib/python3.13/site-packages/sqlalchemy/engine/base.py:2365: in _handle_dbapi_exception
    raise sqlalchemy_exception.with_traceback(exc_info[2]) from e
../../tesis-fim-serio/backend/.venv/lib/python3.13/site-packages/sqlalchemy/engine/base.py:1969: in _exec_single_context
    self.dialect.do_execute(
../../tesis-fim-serio/backend/.venv/lib/python3.13/site-packages/sqlalchemy/engine/default.py:952: in do_execute
    cursor.execute(statement, parameters)
../../tesis-fim-serio/backend/.venv/lib/python3.13/site-packages/psycopg/cursor.py:97: in execute
    raise ex.with_traceback(None)
E   sqlalchemy.exc.IntegrityError: (psycopg.errors.UniqueViolation) duplicate key value violates unique constraint "ix_users_username"
E   DETAIL:  Key (username)=(admin) already exists.
E   [SQL: INSERT INTO users (username, email, password_hash, role, is_active, must_change_password, created_at) VALUES (%(username)s::VARCHAR, %(email)s::VARCHAR, %(password_hash)s::VARCHAR, %(role)s::VARCHAR, %(is_active)s, %(must_change_password)s, %(created_at)s::TIMESTAMP WITH TIME ZONE) RETURNING users.id]
E   [parameters: {'username': 'admin', 'email': 'admin@fim.local', 'password_hash': '$argon2id$v=19$m=65536,t=3,p=4$hFeyKwTYfn3QdUuebjID+g$xQt8lg2VCWv4yJ2VNEfkhwfiP1hpjNbbqolrAA9bnpQ', 'role': 'admin', 'is_active': True, 'must_change_password': True, 'created_at': datetime.datetime(2026, 9, 12, 20, 12, 29, 277894, tzinfo=datetime.timezone.utc)}]
E   (Background on this error at: https://sqlalche.me/e/20/gkpj)
___________________ ERROR at setup of test_send_n8n_success ____________________
../../tesis-fim-serio/backend/.venv/lib/python3.13/site-packages/sqlalchemy/engine/base.py:1969: in _exec_single_context
    self.dialect.do_execute(
../../tesis-fim-serio/backend/.venv/lib/python3.13/site-packages/sqlalchemy/engine/default.py:952: in do_execute
    cursor.execute(statement, parameters)
../../tesis-fim-serio/backend/.venv/lib/python3.13/site-packages/psycopg/cursor.py:97: in execute
    raise ex.with_traceback(None)
E   psycopg.errors.UniqueViolation: duplicate key value violates unique constraint "ix_users_username"
E   DETAIL:  Key (username)=(admin) already exists.

The above exception was the direct cause of the following exception:
backend/tests/conftest.py:133: in _db_isolation
    _seed_admin_impl()
backend/tests/conftest.py:108: in _seed_admin_impl
    session.commit()
../../tesis-fim-serio/backend/.venv/lib/python3.13/site-packages/sqlalchemy/orm/session.py:2035: in commit
    trans.commit(_to_root=True)
../../tesis-fim-serio/backend/.venv/lib/python3.13/site-packages/sqlalchemy/orm/state_changes.py:137: in _go
    ret_value = fn(self, *arg, **kw)
../../tesis-fim-serio/backend/.venv/lib/python3.13/site-packages/sqlalchemy/orm/session.py:1316: in commit
    self._prepare_impl()
../../tesis-fim-serio/backend/.venv/lib/python3.13/site-packages/sqlalchemy/orm/state_changes.py:137: in _go
    ret_value = fn(self, *arg, **kw)
../../tesis-fim-serio/backend/.venv/lib/python3.13/site-packages/sqlalchemy/orm/session.py:1290: in _prepare_impl
    self.session.flush()
../../tesis-fim-serio/backend/.venv/lib/python3.13/site-packages/sqlalchemy/orm/session.py:4353: in flush
    self._flush(objects)
../../tesis-fim-serio/backend/.venv/lib/python3.13/site-packages/sqlalchemy/orm/session.py:4488: in _flush
    with util.safe_reraise():
../../tesis-fim-serio/backend/.venv/lib/python3.13/site-packages/sqlalchemy/util/langhelpers.py:122: in __exit__
    raise exc_value.with_traceback(exc_tb)
../../tesis-fim-serio/backend/.venv/lib/python3.13/site-packages/sqlalchemy/orm/session.py:4449: in _flush
    flush_context.execute()
../../tesis-fim-serio/backend/.venv/lib/python3.13/site-packages/sqlalchemy/orm/unitofwork.py:465: in execute
    rec.execute(self)
../../tesis-fim-serio/backend/.venv/lib/python3.13/site-packages/sqlalchemy/orm/unitofwork.py:641: in execute
    util.preloaded.orm_persistence.save_obj(
../../tesis-fim-serio/backend/.venv/lib/python3.13/site-packages/sqlalchemy/orm/persistence.py:94: in save_obj
    _emit_insert_statements(
../../tesis-fim-serio/backend/.venv/lib/python3.13/site-packages/sqlalchemy/orm/persistence.py:1234: in _emit_insert_statements
    result = connection.execute(
../../tesis-fim-serio/backend/.venv/lib/python3.13/site-packages/sqlalchemy/engine/base.py:1421: in execute
    return meth(
../../tesis-fim-serio/backend/.venv/lib/python3.13/site-packages/sqlalchemy/sql/elements.py:526: in _execute_on_connection
    return connection._execute_clauseelement(
../../tesis-fim-serio/backend/.venv/lib/python3.13/site-packages/sqlalchemy/engine/base.py:1643: in _execute_clauseelement
    ret = self._execute_context(
../../tesis-fim-serio/backend/.venv/lib/python3.13/site-packages/sqlalchemy/engine/base.py:1848: in _execute_context
    return self._exec_single_context(
../../tesis-fim-serio/backend/.venv/lib/python3.13/site-packages/sqlalchemy/engine/base.py:1988: in _exec_single_context
    self._handle_dbapi_exception(
../../tesis-fim-serio/backend/.venv/lib/python3.13/site-packages/sqlalchemy/engine/base.py:2365: in _handle_dbapi_exception
    raise sqlalchemy_exception.with_traceback(exc_info[2]) from e
../../tesis-fim-serio/backend/.venv/lib/python3.13/site-packages/sqlalchemy/engine/base.py:1969: in _exec_single_context
    self.dialect.do_execute(
../../tesis-fim-serio/backend/.venv/lib/python3.13/site-packages/sqlalchemy/engine/default.py:952: in do_execute
    cursor.execute(statement, parameters)
../../tesis-fim-serio/backend/.venv/lib/python3.13/site-packages/psycopg/cursor.py:97: in execute
    raise ex.with_traceback(None)
E   sqlalchemy.exc.IntegrityError: (psycopg.errors.UniqueViolation) duplicate key value violates unique constraint "ix_users_username"
E   DETAIL:  Key (username)=(admin) already exists.
E   [SQL: INSERT INTO users (username, email, password_hash, role, is_active, must_change_password, created_at) VALUES (%(username)s::VARCHAR, %(email)s::VARCHAR, %(password_hash)s::VARCHAR, %(role)s::VARCHAR, %(is_active)s, %(must_change_password)s, %(created_at)s::TIMESTAMP WITH TIME ZONE) RETURNING users.id]
E   [parameters: {'username': 'admin', 'email': 'admin@fim.local', 'password_hash': '$argon2id$v=19$m=65536,t=3,p=4$B2IfOqClSuTxdr6spF8hyQ$T3NflXeIOT9qYzFOgwTnP+ci/ZCCj/8L/JzAr6MIwjk', 'role': 'admin', 'is_active': True, 'must_change_password': True, 'created_at': datetime.datetime(2026, 9, 12, 20, 12, 30, 371275, tzinfo=datetime.timezone.utc)}]
E   (Background on this error at: https://sqlalche.me/e/20/gkpj)
_______ ERROR at setup of test_send_webhook_fallback_skipped_when_no_url _______
../../tesis-fim-serio/backend/.venv/lib/python3.13/site-packages/sqlalchemy/engine/base.py:1969: in _exec_single_context
    self.dialect.do_execute(
../../tesis-fim-serio/backend/.venv/lib/python3.13/site-packages/sqlalchemy/engine/default.py:952: in do_execute
    cursor.execute(statement, parameters)
../../tesis-fim-serio/backend/.venv/lib/python3.13/site-packages/psycopg/cursor.py:97: in execute
    raise ex.with_traceback(None)
E   psycopg.errors.UniqueViolation: duplicate key value violates unique constraint "ix_users_username"
E   DETAIL:  Key (username)=(admin) already exists.

The above exception was the direct cause of the following exception:
backend/tests/conftest.py:133: in _db_isolation
    _seed_admin_impl()
backend/tests/conftest.py:108: in _seed_admin_impl
    session.commit()
../../tesis-fim-serio/backend/.venv/lib/python3.13/site-packages/sqlalchemy/orm/session.py:2035: in commit
    trans.commit(_to_root=True)
../../tesis-fim-serio/backend/.venv/lib/python3.13/site-packages/sqlalchemy/orm/state_changes.py:137: in _go
    ret_value = fn(self, *arg, **kw)
../../tesis-fim-serio/backend/.venv/lib/python3.13/site-packages/sqlalchemy/orm/session.py:1316: in commit
    self._prepare_impl()
../../tesis-fim-serio/backend/.venv/lib/python3.13/site-packages/sqlalchemy/orm/state_changes.py:137: in _go
    ret_value = fn(self, *arg, **kw)
../../tesis-fim-serio/backend/.venv/lib/python3.13/site-packages/sqlalchemy/orm/session.py:1290: in _prepare_impl
    self.session.flush()
../../tesis-fim-serio/backend/.venv/lib/python3.13/site-packages/sqlalchemy/orm/session.py:4353: in flush
    self._flush(objects)
../../tesis-fim-serio/backend/.venv/lib/python3.13/site-packages/sqlalchemy/orm/session.py:4488: in _flush
    with util.safe_reraise():
../../tesis-fim-serio/backend/.venv/lib/python3.13/site-packages/sqlalchemy/util/langhelpers.py:122: in __exit__
    raise exc_value.with_traceback(exc_tb)
../../tesis-fim-serio/backend/.venv/lib/python3.13/site-packages/sqlalchemy/orm/session.py:4449: in _flush
    flush_context.execute()
../../tesis-fim-serio/backend/.venv/lib/python3.13/site-packages/sqlalchemy/orm/unitofwork.py:465: in execute
    rec.execute(self)
../../tesis-fim-serio/backend/.venv/lib/python3.13/site-packages/sqlalchemy/orm/unitofwork.py:641: in execute
    util.preloaded.orm_persistence.save_obj(
../../tesis-fim-serio/backend/.venv/lib/python3.13/site-packages/sqlalchemy/orm/persistence.py:94: in save_obj
    _emit_insert_statements(
../../tesis-fim-serio/backend/.venv/lib/python3.13/site-packages/sqlalchemy/orm/persistence.py:1234: in _emit_insert_statements
    result = connection.execute(
../../tesis-fim-serio/backend/.venv/lib/python3.13/site-packages/sqlalchemy/engine/base.py:1421: in execute
    return meth(
../../tesis-fim-serio/backend/.venv/lib/python3.13/site-packages/sqlalchemy/sql/elements.py:526: in _execute_on_connection
    return connection._execute_clauseelement(
../../tesis-fim-serio/backend/.venv/lib/python3.13/site-packages/sqlalchemy/engine/base.py:1643: in _execute_clauseelement
    ret = self._execute_context(
../../tesis-fim-serio/backend/.venv/lib/python3.13/site-packages/sqlalchemy/engine/base.py:1848: in _execute_context
    return self._exec_single_context(
../../tesis-fim-serio/backend/.venv/lib/python3.13/site-packages/sqlalchemy/engine/base.py:1988: in _exec_single_context
    self._handle_dbapi_exception(
../../tesis-fim-serio/backend/.venv/lib/python3.13/site-packages/sqlalchemy/engine/base.py:2365: in _handle_dbapi_exception
    raise sqlalchemy_exception.with_traceback(exc_info[2]) from e
../../tesis-fim-serio/backend/.venv/lib/python3.13/site-packages/sqlalchemy/engine/base.py:1969: in _exec_single_context
    self.dialect.do_execute(
../../tesis-fim-serio/backend/.venv/lib/python3.13/site-packages/sqlalchemy/engine/default.py:952: in do_execute
    cursor.execute(statement, parameters)
../../tesis-fim-serio/backend/.venv/lib/python3.13/site-packages/psycopg/cursor.py:97: in execute
    raise ex.with_traceback(None)
E   sqlalchemy.exc.IntegrityError: (psycopg.errors.UniqueViolation) duplicate key value violates unique constraint "ix_users_username"
E   DETAIL:  Key (username)=(admin) already exists.
E   [SQL: INSERT INTO users (username, email, password_hash, role, is_active, must_change_password, created_at) VALUES (%(username)s::VARCHAR, %(email)s::VARCHAR, %(password_hash)s::VARCHAR, %(role)s::VARCHAR, %(is_active)s, %(must_change_password)s, %(created_at)s::TIMESTAMP WITH TIME ZONE) RETURNING users.id]
E   [parameters: {'username': 'admin', 'email': 'admin@fim.local', 'password_hash': '$argon2id$v=19$m=65536,t=3,p=4$bBXiuWIwlIREBt4WAbXWqQ$sHMzYNBExpqmJqxILsQ2QHC4NDgzfgE1G+WkcNdFLmc', 'role': 'admin', 'is_active': True, 'must_change_password': True, 'created_at': datetime.datetime(2026, 9, 12, 20, 12, 31, 37204, tzinfo=datetime.timezone.utc)}]
E   (Background on this error at: https://sqlalche.me/e/20/gkpj)
______________ ERROR at setup of test_determine_severity_critical ______________
../../tesis-fim-serio/backend/.venv/lib/python3.13/site-packages/sqlalchemy/engine/base.py:1969: in _exec_single_context
    self.dialect.do_execute(
../../tesis-fim-serio/backend/.venv/lib/python3.13/site-packages/sqlalchemy/engine/default.py:952: in do_execute
    cursor.execute(statement, parameters)
../../tesis-fim-serio/backend/.venv/lib/python3.13/site-packages/psycopg/cursor.py:97: in execute
    raise ex.with_traceback(None)
E   psycopg.errors.UniqueViolation: duplicate key value violates unique constraint "ix_users_username"
E   DETAIL:  Key (username)=(admin) already exists.

The above exception was the direct cause of the following exception:
backend/tests/conftest.py:133: in _db_isolation
    _seed_admin_impl()
backend/tests/conftest.py:108: in _seed_admin_impl
    session.commit()
../../tesis-fim-serio/backend/.venv/lib/python3.13/site-packages/sqlalchemy/orm/session.py:2035: in commit
    trans.commit(_to_root=True)
../../tesis-fim-serio/backend/.venv/lib/python3.13/site-packages/sqlalchemy/orm/state_changes.py:137: in _go
    ret_value = fn(self, *arg, **kw)
../../tesis-fim-serio/backend/.venv/lib/python3.13/site-packages/sqlalchemy/orm/session.py:1316: in commit
    self._prepare_impl()
../../tesis-fim-serio/backend/.venv/lib/python3.13/site-packages/sqlalchemy/orm/state_changes.py:137: in _go
    ret_value = fn(self, *arg, **kw)
../../tesis-fim-serio/backend/.venv/lib/python3.13/site-packages/sqlalchemy/orm/session.py:1290: in _prepare_impl
    self.session.flush()
../../tesis-fim-serio/backend/.venv/lib/python3.13/site-packages/sqlalchemy/orm/session.py:4353: in flush
    self._flush(objects)
../../tesis-fim-serio/backend/.venv/lib/python3.13/site-packages/sqlalchemy/orm/session.py:4488: in _flush
    with util.safe_reraise():
../../tesis-fim-serio/backend/.venv/lib/python3.13/site-packages/sqlalchemy/util/langhelpers.py:122: in __exit__
    raise exc_value.with_traceback(exc_tb)
../../tesis-fim-serio/backend/.venv/lib/python3.13/site-packages/sqlalchemy/orm/session.py:4449: in _flush
    flush_context.execute()
../../tesis-fim-serio/backend/.venv/lib/python3.13/site-packages/sqlalchemy/orm/unitofwork.py:465: in execute
    rec.execute(self)
../../tesis-fim-serio/backend/.venv/lib/python3.13/site-packages/sqlalchemy/orm/unitofwork.py:641: in execute
    util.preloaded.orm_persistence.save_obj(
../../tesis-fim-serio/backend/.venv/lib/python3.13/site-packages/sqlalchemy/orm/persistence.py:94: in save_obj
    _emit_insert_statements(
../../tesis-fim-serio/backend/.venv/lib/python3.13/site-packages/sqlalchemy/orm/persistence.py:1234: in _emit_insert_statements
    result = connection.execute(
../../tesis-fim-serio/backend/.venv/lib/python3.13/site-packages/sqlalchemy/engine/base.py:1421: in execute
    return meth(
../../tesis-fim-serio/backend/.venv/lib/python3.13/site-packages/sqlalchemy/sql/elements.py:526: in _execute_on_connection
    return connection._execute_clauseelement(
../../tesis-fim-serio/backend/.venv/lib/python3.13/site-packages/sqlalchemy/engine/base.py:1643: in _execute_clauseelement
    ret = self._execute_context(
../../tesis-fim-serio/backend/.venv/lib/python3.13/site-packages/sqlalchemy/engine/base.py:1848: in _execute_context
    return self._exec_single_context(
../../tesis-fim-serio/backend/.venv/lib/python3.13/site-packages/sqlalchemy/engine/base.py:1988: in _exec_single_context
    self._handle_dbapi_exception(
../../tesis-fim-serio/backend/.venv/lib/python3.13/site-packages/sqlalchemy/engine/base.py:2365: in _handle_dbapi_exception
    raise sqlalchemy_exception.with_traceback(exc_info[2]) from e
../../tesis-fim-serio/backend/.venv/lib/python3.13/site-packages/sqlalchemy/engine/base.py:1969: in _exec_single_context
    self.dialect.do_execute(
../../tesis-fim-serio/backend/.venv/lib/python3.13/site-packages/sqlalchemy/engine/default.py:952: in do_execute
    cursor.execute(statement, parameters)
../../tesis-fim-serio/backend/.venv/lib/python3.13/site-packages/psycopg/cursor.py:97: in execute
    raise ex.with_traceback(None)
E   sqlalchemy.exc.IntegrityError: (psycopg.errors.UniqueViolation) duplicate key value violates unique constraint "ix_users_username"
E   DETAIL:  Key (username)=(admin) already exists.
E   [SQL: INSERT INTO users (username, email, password_hash, role, is_active, must_change_password, created_at) VALUES (%(username)s::VARCHAR, %(email)s::VARCHAR, %(password_hash)s::VARCHAR, %(role)s::VARCHAR, %(is_active)s, %(must_change_password)s, %(created_at)s::TIMESTAMP WITH TIME ZONE) RETURNING users.id]
E   [parameters: {'username': 'admin', 'email': 'admin@fim.local', 'password_hash': '$argon2id$v=19$m=65536,t=3,p=4$xxBEeiVJe+Trp3nTr6X70g$vdDz9kel1GQf1B/5OnHKbC9qu/X/m4yqi3U5ZkKIDiI', 'role': 'admin', 'is_active': True, 'must_change_password': True, 'created_at': datetime.datetime(2026, 9, 12, 20, 12, 31, 466340, tzinfo=datetime.timezone.utc)}]
E   (Background on this error at: https://sqlalche.me/e/20/gkpj)
___________ ERROR at setup of test_determine_severity_high_over_low ____________
../../tesis-fim-serio/backend/.venv/lib/python3.13/site-packages/sqlalchemy/engine/base.py:1969: in _exec_single_context
    self.dialect.do_execute(
../../tesis-fim-serio/backend/.venv/lib/python3.13/site-packages/sqlalchemy/engine/default.py:952: in do_execute
    cursor.execute(statement, parameters)
../../tesis-fim-serio/backend/.venv/lib/python3.13/site-packages/psycopg/cursor.py:97: in execute
    raise ex.with_traceback(None)
E   psycopg.errors.UniqueViolation: duplicate key value violates unique constraint "ix_users_username"
E   DETAIL:  Key (username)=(admin) already exists.

The above exception was the direct cause of the following exception:
backend/tests/conftest.py:133: in _db_isolation
    _seed_admin_impl()
backend/tests/conftest.py:108: in _seed_admin_impl
    session.commit()
../../tesis-fim-serio/backend/.venv/lib/python3.13/site-packages/sqlalchemy/orm/session.py:2035: in commit
    trans.commit(_to_root=True)
../../tesis-fim-serio/backend/.venv/lib/python3.13/site-packages/sqlalchemy/orm/state_changes.py:137: in _go
    ret_value = fn(self, *arg, **kw)
../../tesis-fim-serio/backend/.venv/lib/python3.13/site-packages/sqlalchemy/orm/session.py:1316: in commit
    self._prepare_impl()
../../tesis-fim-serio/backend/.venv/lib/python3.13/site-packages/sqlalchemy/orm/state_changes.py:137: in _go
    ret_value = fn(self, *arg, **kw)
../../tesis-fim-serio/backend/.venv/lib/python3.13/site-packages/sqlalchemy/orm/session.py:1290: in _prepare_impl
    self.session.flush()
../../tesis-fim-serio/backend/.venv/lib/python3.13/site-packages/sqlalchemy/orm/session.py:4353: in flush
    self._flush(objects)
../../tesis-fim-serio/backend/.venv/lib/python3.13/site-packages/sqlalchemy/orm/session.py:4488: in _flush
    with util.safe_reraise():
../../tesis-fim-serio/backend/.venv/lib/python3.13/site-packages/sqlalchemy/util/langhelpers.py:122: in __exit__
    raise exc_value.with_traceback(exc_tb)
../../tesis-fim-serio/backend/.venv/lib/python3.13/site-packages/sqlalchemy/orm/session.py:4449: in _flush
    flush_context.execute()
../../tesis-fim-serio/backend/.venv/lib/python3.13/site-packages/sqlalchemy/orm/unitofwork.py:465: in execute
    rec.execute(self)
../../tesis-fim-serio/backend/.venv/lib/python3.13/site-packages/sqlalchemy/orm/unitofwork.py:641: in execute
    util.preloaded.orm_persistence.save_obj(
../../tesis-fim-serio/backend/.venv/lib/python3.13/site-packages/sqlalchemy/orm/persistence.py:94: in save_obj
    _emit_insert_statements(
../../tesis-fim-serio/backend/.venv/lib/python3.13/site-packages/sqlalchemy/orm/persistence.py:1234: in _emit_insert_statements
    result = connection.execute(
../../tesis-fim-serio/backend/.venv/lib/python3.13/site-packages/sqlalchemy/engine/base.py:1421: in execute
    return meth(
../../tesis-fim-serio/backend/.venv/lib/python3.13/site-packages/sqlalchemy/sql/elements.py:526: in _execute_on_connection
    return connection._execute_clauseelement(
../../tesis-fim-serio/backend/.venv/lib/python3.13/site-packages/sqlalchemy/engine/base.py:1643: in _execute_clauseelement
    ret = self._execute_context(
../../tesis-fim-serio/backend/.venv/lib/python3.13/site-packages/sqlalchemy/engine/base.py:1848: in _execute_context
    return self._exec_single_context(
../../tesis-fim-serio/backend/.venv/lib/python3.13/site-packages/sqlalchemy/engine/base.py:1988: in _exec_single_context
    self._handle_dbapi_exception(
../../tesis-fim-serio/backend/.venv/lib/python3.13/site-packages/sqlalchemy/engine/base.py:2365: in _handle_dbapi_exception
    raise sqlalchemy_exception.with_traceback(exc_info[2]) from e
../../tesis-fim-serio/backend/.venv/lib/python3.13/site-packages/sqlalchemy/engine/base.py:1969: in _exec_single_context
    self.dialect.do_execute(
../../tesis-fim-serio/backend/.venv/lib/python3.13/site-packages/sqlalchemy/engine/default.py:952: in do_execute
    cursor.execute(statement, parameters)
../../tesis-fim-serio/backend/.venv/lib/python3.13/site-packages/psycopg/cursor.py:97: in execute
    raise ex.with_traceback(None)
E   sqlalchemy.exc.IntegrityError: (psycopg.errors.UniqueViolation) duplicate key value violates unique constraint "ix_users_username"
E   DETAIL:  Key (username)=(admin) already exists.
E   [SQL: INSERT INTO users (username, email, password_hash, role, is_active, must_change_password, created_at) VALUES (%(username)s::VARCHAR, %(email)s::VARCHAR, %(password_hash)s::VARCHAR, %(role)s::VARCHAR, %(is_active)s, %(must_change_password)s, %(created_at)s::TIMESTAMP WITH TIME ZONE) RETURNING users.id]
E   [parameters: {'username': 'admin', 'email': 'admin@fim.local', 'password_hash': '$argon2id$v=19$m=65536,t=3,p=4$jEPiA3YUL9noAxch93GeDg$ocGBt5+2dUGefZKNBm+izZD4Pe6TSEtbNBocWel4jHY', 'role': 'admin', 'is_active': True, 'must_change_password': True, 'created_at': datetime.datetime(2026, 9, 12, 20, 12, 31, 899834, tzinfo=datetime.timezone.utc)}]
E   (Background on this error at: https://sqlalche.me/e/20/gkpj)
______________ ERROR at setup of test_determine_severity_no_match ______________
../../tesis-fim-serio/backend/.venv/lib/python3.13/site-packages/sqlalchemy/engine/base.py:1969: in _exec_single_context
    self.dialect.do_execute(
../../tesis-fim-serio/backend/.venv/lib/python3.13/site-packages/sqlalchemy/engine/default.py:952: in do_execute
    cursor.execute(statement, parameters)
../../tesis-fim-serio/backend/.venv/lib/python3.13/site-packages/psycopg/cursor.py:97: in execute
    raise ex.with_traceback(None)
E   psycopg.errors.UniqueViolation: duplicate key value violates unique constraint "ix_users_username"
E   DETAIL:  Key (username)=(admin) already exists.

The above exception was the direct cause of the following exception:
backend/tests/conftest.py:133: in _db_isolation
    _seed_admin_impl()
backend/tests/conftest.py:108: in _seed_admin_impl
    session.commit()
../../tesis-fim-serio/backend/.venv/lib/python3.13/site-packages/sqlalchemy/orm/session.py:2035: in commit
    trans.commit(_to_root=True)
../../tesis-fim-serio/backend/.venv/lib/python3.13/site-packages/sqlalchemy/orm/state_changes.py:137: in _go
    ret_value = fn(self, *arg, **kw)
../../tesis-fim-serio/backend/.venv/lib/python3.13/site-packages/sqlalchemy/orm/session.py:1316: in commit
    self._prepare_impl()
../../tesis-fim-serio/backend/.venv/lib/python3.13/site-packages/sqlalchemy/orm/state_changes.py:137: in _go
    ret_value = fn(self, *arg, **kw)
../../tesis-fim-serio/backend/.venv/lib/python3.13/site-packages/sqlalchemy/orm/session.py:1290: in _prepare_impl
    self.session.flush()
../../tesis-fim-serio/backend/.venv/lib/python3.13/site-packages/sqlalchemy/orm/session.py:4353: in flush
    self._flush(objects)
../../tesis-fim-serio/backend/.venv/lib/python3.13/site-packages/sqlalchemy/orm/session.py:4488: in _flush
    with util.safe_reraise():
../../tesis-fim-serio/backend/.venv/lib/python3.13/site-packages/sqlalchemy/util/langhelpers.py:122: in __exit__
    raise exc_value.with_traceback(exc_tb)
../../tesis-fim-serio/backend/.venv/lib/python3.13/site-packages/sqlalchemy/orm/session.py:4449: in _flush
    flush_context.execute()
../../tesis-fim-serio/backend/.venv/lib/python3.13/site-packages/sqlalchemy/orm/unitofwork.py:465: in execute
    rec.execute(self)
../../tesis-fim-serio/backend/.venv/lib/python3.13/site-packages/sqlalchemy/orm/unitofwork.py:641: in execute
    util.preloaded.orm_persistence.save_obj(
../../tesis-fim-serio/backend/.venv/lib/python3.13/site-packages/sqlalchemy/orm/persistence.py:94: in save_obj
    _emit_insert_statements(
../../tesis-fim-serio/backend/.venv/lib/python3.13/site-packages/sqlalchemy/orm/persistence.py:1234: in _emit_insert_statements
    result = connection.execute(
../../tesis-fim-serio/backend/.venv/lib/python3.13/site-packages/sqlalchemy/engine/base.py:1421: in execute
    return meth(
../../tesis-fim-serio/backend/.venv/lib/python3.13/site-packages/sqlalchemy/sql/elements.py:526: in _execute_on_connection
    return connection._execute_clauseelement(
../../tesis-fim-serio/backend/.venv/lib/python3.13/site-packages/sqlalchemy/engine/base.py:1643: in _execute_clauseelement
    ret = self._execute_context(
../../tesis-fim-serio/backend/.venv/lib/python3.13/site-packages/sqlalchemy/engine/base.py:1848: in _execute_context
    return self._exec_single_context(
../../tesis-fim-serio/backend/.venv/lib/python3.13/site-packages/sqlalchemy/engine/base.py:1988: in _exec_single_context
    self._handle_dbapi_exception(
../../tesis-fim-serio/backend/.venv/lib/python3.13/site-packages/sqlalchemy/engine/base.py:2365: in _handle_dbapi_exception
    raise sqlalchemy_exception.with_traceback(exc_info[2]) from e
../../tesis-fim-serio/backend/.venv/lib/python3.13/site-packages/sqlalchemy/engine/base.py:1969: in _exec_single_context
    self.dialect.do_execute(
../../tesis-fim-serio/backend/.venv/lib/python3.13/site-packages/sqlalchemy/engine/default.py:952: in do_execute
    cursor.execute(statement, parameters)
../../tesis-fim-serio/backend/.venv/lib/python3.13/site-packages/psycopg/cursor.py:97: in execute
    raise ex.with_traceback(None)
E   sqlalchemy.exc.IntegrityError: (psycopg.errors.UniqueViolation) duplicate key value violates unique constraint "ix_users_username"
E   DETAIL:  Key (username)=(admin) already exists.
E   [SQL: INSERT INTO users (username, email, password_hash, role, is_active, must_change_password, created_at) VALUES (%(username)s::VARCHAR, %(email)s::VARCHAR, %(password_hash)s::VARCHAR, %(role)s::VARCHAR, %(is_active)s, %(must_change_password)s, %(created_at)s::TIMESTAMP WITH TIME ZONE) RETURNING users.id]
E   [parameters: {'username': 'admin', 'email': 'admin@fim.local', 'password_hash': '$argon2id$v=19$m=65536,t=3,p=4$firGUu7w11RS6nkxZQeOoQ$OJQjVn6KIgG4bcZmixivFd+zbya9TEStTZ+tJ5hbsfc', 'role': 'admin', 'is_active': True, 'must_change_password': True, 'created_at': datetime.datetime(2026, 9, 12, 20, 12, 32, 386379, tzinfo=datetime.timezone.utc)}]
E   (Background on this error at: https://sqlalche.me/e/20/gkpj)
________________ ERROR at setup of test_notify_skip_superseded _________________
../../tesis-fim-serio/backend/.venv/lib/python3.13/site-packages/sqlalchemy/engine/base.py:1969: in _exec_single_context
    self.dialect.do_execute(
../../tesis-fim-serio/backend/.venv/lib/python3.13/site-packages/sqlalchemy/engine/default.py:952: in do_execute
    cursor.execute(statement, parameters)
../../tesis-fim-serio/backend/.venv/lib/python3.13/site-packages/psycopg/cursor.py:97: in execute
    raise ex.with_traceback(None)
E   psycopg.errors.UniqueViolation: duplicate key value violates unique constraint "ix_users_username"
E   DETAIL:  Key (username)=(admin) already exists.

The above exception was the direct cause of the following exception:
backend/tests/conftest.py:133: in _db_isolation
    _seed_admin_impl()
backend/tests/conftest.py:108: in _seed_admin_impl
    session.commit()
../../tesis-fim-serio/backend/.venv/lib/python3.13/site-packages/sqlalchemy/orm/session.py:2035: in commit
    trans.commit(_to_root=True)
../../tesis-fim-serio/backend/.venv/lib/python3.13/site-packages/sqlalchemy/orm/state_changes.py:137: in _go
    ret_value = fn(self, *arg, **kw)
../../tesis-fim-serio/backend/.venv/lib/python3.13/site-packages/sqlalchemy/orm/session.py:1316: in commit
    self._prepare_impl()
../../tesis-fim-serio/backend/.venv/lib/python3.13/site-packages/sqlalchemy/orm/state_changes.py:137: in _go
    ret_value = fn(self, *arg, **kw)
../../tesis-fim-serio/backend/.venv/lib/python3.13/site-packages/sqlalchemy/orm/session.py:1290: in _prepare_impl
    self.session.flush()
../../tesis-fim-serio/backend/.venv/lib/python3.13/site-packages/sqlalchemy/orm/session.py:4353: in flush
    self._flush(objects)
../../tesis-fim-serio/backend/.venv/lib/python3.13/site-packages/sqlalchemy/orm/session.py:4488: in _flush
    with util.safe_reraise():
../../tesis-fim-serio/backend/.venv/lib/python3.13/site-packages/sqlalchemy/util/langhelpers.py:122: in __exit__
    raise exc_value.with_traceback(exc_tb)
../../tesis-fim-serio/backend/.venv/lib/python3.13/site-packages/sqlalchemy/orm/session.py:4449: in _flush
    flush_context.execute()
../../tesis-fim-serio/backend/.venv/lib/python3.13/site-packages/sqlalchemy/orm/unitofwork.py:465: in execute
    rec.execute(self)
../../tesis-fim-serio/backend/.venv/lib/python3.13/site-packages/sqlalchemy/orm/unitofwork.py:641: in execute
    util.preloaded.orm_persistence.save_obj(
../../tesis-fim-serio/backend/.venv/lib/python3.13/site-packages/sqlalchemy/orm/persistence.py:94: in save_obj
    _emit_insert_statements(
../../tesis-fim-serio/backend/.venv/lib/python3.13/site-packages/sqlalchemy/orm/persistence.py:1234: in _emit_insert_statements
    result = connection.execute(
../../tesis-fim-serio/backend/.venv/lib/python3.13/site-packages/sqlalchemy/engine/base.py:1421: in execute
    return meth(
../../tesis-fim-serio/backend/.venv/lib/python3.13/site-packages/sqlalchemy/sql/elements.py:526: in _execute_on_connection
    return connection._execute_clauseelement(
../../tesis-fim-serio/backend/.venv/lib/python3.13/site-packages/sqlalchemy/engine/base.py:1643: in _execute_clauseelement
    ret = self._execute_context(
../../tesis-fim-serio/backend/.venv/lib/python3.13/site-packages/sqlalchemy/engine/base.py:1848: in _execute_context
    return self._exec_single_context(
../../tesis-fim-serio/backend/.venv/lib/python3.13/site-packages/sqlalchemy/engine/base.py:1988: in _exec_single_context
    self._handle_dbapi_exception(
../../tesis-fim-serio/backend/.venv/lib/python3.13/site-packages/sqlalchemy/engine/base.py:2365: in _handle_dbapi_exception
    raise sqlalchemy_exception.with_traceback(exc_info[2]) from e
../../tesis-fim-serio/backend/.venv/lib/python3.13/site-packages/sqlalchemy/engine/base.py:1969: in _exec_single_context
    self.dialect.do_execute(
../../tesis-fim-serio/backend/.venv/lib/python3.13/site-packages/sqlalchemy/engine/default.py:952: in do_execute
    cursor.execute(statement, parameters)
../../tesis-fim-serio/backend/.venv/lib/python3.13/site-packages/psycopg/cursor.py:97: in execute
    raise ex.with_traceback(None)
E   sqlalchemy.exc.IntegrityError: (psycopg.errors.UniqueViolation) duplicate key value violates unique constraint "ix_users_username"
E   DETAIL:  Key (username)=(admin) already exists.
E   [SQL: INSERT INTO users (username, email, password_hash, role, is_active, must_change_password, created_at) VALUES (%(username)s::VARCHAR, %(email)s::VARCHAR, %(password_hash)s::VARCHAR, %(role)s::VARCHAR, %(is_active)s, %(must_change_password)s, %(created_at)s::TIMESTAMP WITH TIME ZONE) RETURNING users.id]
E   [parameters: {'username': 'admin', 'email': 'admin@fim.local', 'password_hash': '$argon2id$v=19$m=65536,t=3,p=4$xp/Fmx5KuistJx6w5tuUEg$BaO0eibyLJx5+s99XhlDyHRAmnQ9HXL4SI2mLXf5mBI', 'role': 'admin', 'is_active': True, 'must_change_password': True, 'created_at': datetime.datetime(2026, 9, 12, 20, 12, 33, 22846, tzinfo=datetime.timezone.utc)}]
E   (Background on this error at: https://sqlalche.me/e/20/gkpj)
_______________ ERROR at setup of test_notify_skip_low_severity ________________
../../tesis-fim-serio/backend/.venv/lib/python3.13/site-packages/sqlalchemy/engine/base.py:1969: in _exec_single_context
    self.dialect.do_execute(
../../tesis-fim-serio/backend/.venv/lib/python3.13/site-packages/sqlalchemy/engine/default.py:952: in do_execute
    cursor.execute(statement, parameters)
../../tesis-fim-serio/backend/.venv/lib/python3.13/site-packages/psycopg/cursor.py:97: in execute
    raise ex.with_traceback(None)
E   psycopg.errors.UniqueViolation: duplicate key value violates unique constraint "ix_users_username"
E   DETAIL:  Key (username)=(admin) already exists.

The above exception was the direct cause of the following exception:
backend/tests/conftest.py:133: in _db_isolation
    _seed_admin_impl()
backend/tests/conftest.py:108: in _seed_admin_impl
    session.commit()
../../tesis-fim-serio/backend/.venv/lib/python3.13/site-packages/sqlalchemy/orm/session.py:2035: in commit
    trans.commit(_to_root=True)
../../tesis-fim-serio/backend/.venv/lib/python3.13/site-packages/sqlalchemy/orm/state_changes.py:137: in _go
    ret_value = fn(self, *arg, **kw)
../../tesis-fim-serio/backend/.venv/lib/python3.13/site-packages/sqlalchemy/orm/session.py:1316: in commit
    self._prepare_impl()
../../tesis-fim-serio/backend/.venv/lib/python3.13/site-packages/sqlalchemy/orm/state_changes.py:137: in _go
    ret_value = fn(self, *arg, **kw)
../../tesis-fim-serio/backend/.venv/lib/python3.13/site-packages/sqlalchemy/orm/session.py:1290: in _prepare_impl
    self.session.flush()
../../tesis-fim-serio/backend/.venv/lib/python3.13/site-packages/sqlalchemy/orm/session.py:4353: in flush
    self._flush(objects)
../../tesis-fim-serio/backend/.venv/lib/python3.13/site-packages/sqlalchemy/orm/session.py:4488: in _flush
    with util.safe_reraise():
../../tesis-fim-serio/backend/.venv/lib/python3.13/site-packages/sqlalchemy/util/langhelpers.py:122: in __exit__
    raise exc_value.with_traceback(exc_tb)
../../tesis-fim-serio/backend/.venv/lib/python3.13/site-packages/sqlalchemy/orm/session.py:4449: in _flush
    flush_context.execute()
../../tesis-fim-serio/backend/.venv/lib/python3.13/site-packages/sqlalchemy/orm/unitofwork.py:465: in execute
    rec.execute(self)
../../tesis-fim-serio/backend/.venv/lib/python3.13/site-packages/sqlalchemy/orm/unitofwork.py:641: in execute
    util.preloaded.orm_persistence.save_obj(
../../tesis-fim-serio/backend/.venv/lib/python3.13/site-packages/sqlalchemy/orm/persistence.py:94: in save_obj
    _emit_insert_statements(
../../tesis-fim-serio/backend/.venv/lib/python3.13/site-packages/sqlalchemy/orm/persistence.py:1234: in _emit_insert_statements
    result = connection.execute(
../../tesis-fim-serio/backend/.venv/lib/python3.13/site-packages/sqlalchemy/engine/base.py:1421: in execute
    return meth(
../../tesis-fim-serio/backend/.venv/lib/python3.13/site-packages/sqlalchemy/sql/elements.py:526: in _execute_on_connection
    return connection._execute_clauseelement(
../../tesis-fim-serio/backend/.venv/lib/python3.13/site-packages/sqlalchemy/engine/base.py:1643: in _execute_clauseelement
    ret = self._execute_context(
../../tesis-fim-serio/backend/.venv/lib/python3.13/site-packages/sqlalchemy/engine/base.py:1848: in _execute_context
    return self._exec_single_context(
../../tesis-fim-serio/backend/.venv/lib/python3.13/site-packages/sqlalchemy/engine/base.py:1988: in _exec_single_context
    self._handle_dbapi_exception(
../../tesis-fim-serio/backend/.venv/lib/python3.13/site-packages/sqlalchemy/engine/base.py:2365: in _handle_dbapi_exception
    raise sqlalchemy_exception.with_traceback(exc_info[2]) from e
../../tesis-fim-serio/backend/.venv/lib/python3.13/site-packages/sqlalchemy/engine/base.py:1969: in _exec_single_context
    self.dialect.do_execute(
../../tesis-fim-serio/backend/.venv/lib/python3.13/site-packages/sqlalchemy/engine/default.py:952: in do_execute
    cursor.execute(statement, parameters)
../../tesis-fim-serio/backend/.venv/lib/python3.13/site-packages/psycopg/cursor.py:97: in execute
    raise ex.with_traceback(None)
E   sqlalchemy.exc.IntegrityError: (psycopg.errors.UniqueViolation) duplicate key value violates unique constraint "ix_users_username"
E   DETAIL:  Key (username)=(admin) already exists.
E   [SQL: INSERT INTO users (username, email, password_hash, role, is_active, must_change_password, created_at) VALUES (%(username)s::VARCHAR, %(email)s::VARCHAR, %(password_hash)s::VARCHAR, %(role)s::VARCHAR, %(is_active)s, %(must_change_password)s, %(created_at)s::TIMESTAMP WITH TIME ZONE) RETURNING users.id]
E   [parameters: {'username': 'admin', 'email': 'admin@fim.local', 'password_hash': '$argon2id$v=19$m=65536,t=3,p=4$WPPE4YXCJ0yIeZIjCjcXwA$qNaYTgbkycDCoq5n7pCxNFgqWKWl83esx3C+0TaB3ys', 'role': 'admin', 'is_active': True, 'must_change_password': True, 'created_at': datetime.datetime(2026, 9, 12, 20, 12, 33, 443776, tzinfo=datetime.timezone.utc)}]
E   (Background on this error at: https://sqlalche.me/e/20/gkpj)
___________ ERROR at setup of test_retention_does_not_delete_pending ___________
../../tesis-fim-serio/backend/.venv/lib/python3.13/site-packages/sqlalchemy/engine/base.py:1969: in _exec_single_context
    self.dialect.do_execute(
../../tesis-fim-serio/backend/.venv/lib/python3.13/site-packages/sqlalchemy/engine/default.py:952: in do_execute
    cursor.execute(statement, parameters)
../../tesis-fim-serio/backend/.venv/lib/python3.13/site-packages/psycopg/cursor.py:97: in execute
    raise ex.with_traceback(None)
E   psycopg.errors.UniqueViolation: duplicate key value violates unique constraint "ix_users_username"
E   DETAIL:  Key (username)=(admin) already exists.

The above exception was the direct cause of the following exception:
backend/tests/conftest.py:133: in _db_isolation
    _seed_admin_impl()
backend/tests/conftest.py:108: in _seed_admin_impl
    session.commit()
../../tesis-fim-serio/backend/.venv/lib/python3.13/site-packages/sqlalchemy/orm/session.py:2035: in commit
    trans.commit(_to_root=True)
../../tesis-fim-serio/backend/.venv/lib/python3.13/site-packages/sqlalchemy/orm/state_changes.py:137: in _go
    ret_value = fn(self, *arg, **kw)
../../tesis-fim-serio/backend/.venv/lib/python3.13/site-packages/sqlalchemy/orm/session.py:1316: in commit
    self._prepare_impl()
../../tesis-fim-serio/backend/.venv/lib/python3.13/site-packages/sqlalchemy/orm/state_changes.py:137: in _go
    ret_value = fn(self, *arg, **kw)
../../tesis-fim-serio/backend/.venv/lib/python3.13/site-packages/sqlalchemy/orm/session.py:1290: in _prepare_impl
    self.session.flush()
../../tesis-fim-serio/backend/.venv/lib/python3.13/site-packages/sqlalchemy/orm/session.py:4353: in flush
    self._flush(objects)
../../tesis-fim-serio/backend/.venv/lib/python3.13/site-packages/sqlalchemy/orm/session.py:4488: in _flush
    with util.safe_reraise():
../../tesis-fim-serio/backend/.venv/lib/python3.13/site-packages/sqlalchemy/util/langhelpers.py:122: in __exit__
    raise exc_value.with_traceback(exc_tb)
../../tesis-fim-serio/backend/.venv/lib/python3.13/site-packages/sqlalchemy/orm/session.py:4449: in _flush
    flush_context.execute()
../../tesis-fim-serio/backend/.venv/lib/python3.13/site-packages/sqlalchemy/orm/unitofwork.py:465: in execute
    rec.execute(self)
../../tesis-fim-serio/backend/.venv/lib/python3.13/site-packages/sqlalchemy/orm/unitofwork.py:641: in execute
    util.preloaded.orm_persistence.save_obj(
../../tesis-fim-serio/backend/.venv/lib/python3.13/site-packages/sqlalchemy/orm/persistence.py:94: in save_obj
    _emit_insert_statements(
../../tesis-fim-serio/backend/.venv/lib/python3.13/site-packages/sqlalchemy/orm/persistence.py:1234: in _emit_insert_statements
    result = connection.execute(
../../tesis-fim-serio/backend/.venv/lib/python3.13/site-packages/sqlalchemy/engine/base.py:1421: in execute
    return meth(
../../tesis-fim-serio/backend/.venv/lib/python3.13/site-packages/sqlalchemy/sql/elements.py:526: in _execute_on_connection
    return connection._execute_clauseelement(
../../tesis-fim-serio/backend/.venv/lib/python3.13/site-packages/sqlalchemy/engine/base.py:1643: in _execute_clauseelement
    ret = self._execute_context(
../../tesis-fim-serio/backend/.venv/lib/python3.13/site-packages/sqlalchemy/engine/base.py:1848: in _execute_context
    return self._exec_single_context(
../../tesis-fim-serio/backend/.venv/lib/python3.13/site-packages/sqlalchemy/engine/base.py:1988: in _exec_single_context
    self._handle_dbapi_exception(
../../tesis-fim-serio/backend/.venv/lib/python3.13/site-packages/sqlalchemy/engine/base.py:2365: in _handle_dbapi_exception
    raise sqlalchemy_exception.with_traceback(exc_info[2]) from e
../../tesis-fim-serio/backend/.venv/lib/python3.13/site-packages/sqlalchemy/engine/base.py:1969: in _exec_single_context
    self.dialect.do_execute(
../../tesis-fim-serio/backend/.venv/lib/python3.13/site-packages/sqlalchemy/engine/default.py:952: in do_execute
    cursor.execute(statement, parameters)
../../tesis-fim-serio/backend/.venv/lib/python3.13/site-packages/psycopg/cursor.py:97: in execute
    raise ex.with_traceback(None)
E   sqlalchemy.exc.IntegrityError: (psycopg.errors.UniqueViolation) duplicate key value violates unique constraint "ix_users_username"
E   DETAIL:  Key (username)=(admin) already exists.
E   [SQL: INSERT INTO users (username, email, password_hash, role, is_active, must_change_password, created_at) VALUES (%(username)s::VARCHAR, %(email)s::VARCHAR, %(password_hash)s::VARCHAR, %(role)s::VARCHAR, %(is_active)s, %(must_change_password)s, %(created_at)s::TIMESTAMP WITH TIME ZONE) RETURNING users.id]
E   [parameters: {'username': 'admin', 'email': 'admin@fim.local', 'password_hash': '$argon2id$v=19$m=65536,t=3,p=4$H0OmkHPKFpruJtHMjh0Gtg$Ck4+1zUhHhwHZGXzKygISda/yGcodET0kxrhUuUgpJc', 'role': 'admin', 'is_active': True, 'must_change_password': True, 'created_at': datetime.datetime(2026, 9, 12, 20, 12, 39, 989689, tzinfo=datetime.timezone.utc)}]
E   (Background on this error at: https://sqlalche.me/e/20/gkpj)
_____________ ERROR at setup of test_put_rule_no_auth_returns_401 ______________
../../tesis-fim-serio/backend/.venv/lib/python3.13/site-packages/sqlalchemy/engine/base.py:1969: in _exec_single_context
    self.dialect.do_execute(
../../tesis-fim-serio/backend/.venv/lib/python3.13/site-packages/sqlalchemy/engine/default.py:952: in do_execute
    cursor.execute(statement, parameters)
../../tesis-fim-serio/backend/.venv/lib/python3.13/site-packages/psycopg/cursor.py:97: in execute
    raise ex.with_traceback(None)
E   psycopg.errors.UniqueViolation: duplicate key value violates unique constraint "ix_users_username"
E   DETAIL:  Key (username)=(admin) already exists.

The above exception was the direct cause of the following exception:
backend/tests/conftest.py:133: in _db_isolation
    _seed_admin_impl()
backend/tests/conftest.py:108: in _seed_admin_impl
    session.commit()
../../tesis-fim-serio/backend/.venv/lib/python3.13/site-packages/sqlalchemy/orm/session.py:2035: in commit
    trans.commit(_to_root=True)
../../tesis-fim-serio/backend/.venv/lib/python3.13/site-packages/sqlalchemy/orm/state_changes.py:137: in _go
    ret_value = fn(self, *arg, **kw)
../../tesis-fim-serio/backend/.venv/lib/python3.13/site-packages/sqlalchemy/orm/session.py:1316: in commit
    self._prepare_impl()
../../tesis-fim-serio/backend/.venv/lib/python3.13/site-packages/sqlalchemy/orm/state_changes.py:137: in _go
    ret_value = fn(self, *arg, **kw)
../../tesis-fim-serio/backend/.venv/lib/python3.13/site-packages/sqlalchemy/orm/session.py:1290: in _prepare_impl
    self.session.flush()
../../tesis-fim-serio/backend/.venv/lib/python3.13/site-packages/sqlalchemy/orm/session.py:4353: in flush
    self._flush(objects)
../../tesis-fim-serio/backend/.venv/lib/python3.13/site-packages/sqlalchemy/orm/session.py:4488: in _flush
    with util.safe_reraise():
../../tesis-fim-serio/backend/.venv/lib/python3.13/site-packages/sqlalchemy/util/langhelpers.py:122: in __exit__
    raise exc_value.with_traceback(exc_tb)
../../tesis-fim-serio/backend/.venv/lib/python3.13/site-packages/sqlalchemy/orm/session.py:4449: in _flush
    flush_context.execute()
../../tesis-fim-serio/backend/.venv/lib/python3.13/site-packages/sqlalchemy/orm/unitofwork.py:465: in execute
    rec.execute(self)
../../tesis-fim-serio/backend/.venv/lib/python3.13/site-packages/sqlalchemy/orm/unitofwork.py:641: in execute
    util.preloaded.orm_persistence.save_obj(
../../tesis-fim-serio/backend/.venv/lib/python3.13/site-packages/sqlalchemy/orm/persistence.py:94: in save_obj
    _emit_insert_statements(
../../tesis-fim-serio/backend/.venv/lib/python3.13/site-packages/sqlalchemy/orm/persistence.py:1234: in _emit_insert_statements
    result = connection.execute(
../../tesis-fim-serio/backend/.venv/lib/python3.13/site-packages/sqlalchemy/engine/base.py:1421: in execute
    return meth(
../../tesis-fim-serio/backend/.venv/lib/python3.13/site-packages/sqlalchemy/sql/elements.py:526: in _execute_on_connection
    return connection._execute_clauseelement(
../../tesis-fim-serio/backend/.venv/lib/python3.13/site-packages/sqlalchemy/engine/base.py:1643: in _execute_clauseelement
    ret = self._execute_context(
../../tesis-fim-serio/backend/.venv/lib/python3.13/site-packages/sqlalchemy/engine/base.py:1848: in _execute_context
    return self._exec_single_context(
../../tesis-fim-serio/backend/.venv/lib/python3.13/site-packages/sqlalchemy/engine/base.py:1988: in _exec_single_context
    self._handle_dbapi_exception(
../../tesis-fim-serio/backend/.venv/lib/python3.13/site-packages/sqlalchemy/engine/base.py:2365: in _handle_dbapi_exception
    raise sqlalchemy_exception.with_traceback(exc_info[2]) from e
../../tesis-fim-serio/backend/.venv/lib/python3.13/site-packages/sqlalchemy/engine/base.py:1969: in _exec_single_context
    self.dialect.do_execute(
../../tesis-fim-serio/backend/.venv/lib/python3.13/site-packages/sqlalchemy/engine/default.py:952: in do_execute
    cursor.execute(statement, parameters)
../../tesis-fim-serio/backend/.venv/lib/python3.13/site-packages/psycopg/cursor.py:97: in execute
    raise ex.with_traceback(None)
E   sqlalchemy.exc.IntegrityError: (psycopg.errors.UniqueViolation) duplicate key value violates unique constraint "ix_users_username"
E   DETAIL:  Key (username)=(admin) already exists.
E   [SQL: INSERT INTO users (username, email, password_hash, role, is_active, must_change_password, created_at) VALUES (%(username)s::VARCHAR, %(email)s::VARCHAR, %(password_hash)s::VARCHAR, %(role)s::VARCHAR, %(is_active)s, %(must_change_password)s, %(created_at)s::TIMESTAMP WITH TIME ZONE) RETURNING users.id]
E   [parameters: {'username': 'admin', 'email': 'admin@fim.local', 'password_hash': '$argon2id$v=19$m=65536,t=3,p=4$W6UFWKTUD7ltkNnEH75YGw$vpaGFG0DKoMhDI/vGZAV+Y7cOFrKvZAR6Nq9E27FZlg', 'role': 'admin', 'is_active': True, 'must_change_password': True, 'created_at': datetime.datetime(2026, 9, 12, 20, 12, 41, 366390, tzinfo=datetime.timezone.utc)}]
E   (Background on this error at: https://sqlalche.me/e/20/gkpj)
=================================== FAILURES ===================================
___________________ test_admin_crea_usuario_201_y_audit_log ____________________
backend/tests/modules/users/test_user_management.py:142: in test_admin_crea_usuario_201_y_audit_log
    assert resp.status_code == 201
E   assert 401 == 201
E    +  where 401 = <Response [401 Unauthorized]>.status_code
----------------------------- Captured stdout call -----------------------------
{"event": "HTTP Request: POST http://testserver/auth/login \"HTTP/1.1 200 OK\"", "level": "info", "logger": "httpx", "timestamp": "2026-09-12T20:09:22.181109Z"}
{"event": "HTTP Request: POST http://testserver/users/change-password \"HTTP/1.1 200 OK\"", "level": "info", "logger": "httpx", "timestamp": "2026-09-12T20:09:22.250365Z"}
{"event": "HTTP Request: POST http://testserver/auth/login \"HTTP/1.1 200 OK\"", "level": "info", "logger": "httpx", "timestamp": "2026-09-12T20:09:22.331687Z"}
{"event": "HTTP Request: POST http://testserver/users \"HTTP/1.1 401 Unauthorized\"", "level": "info", "logger": "httpx", "timestamp": "2026-09-12T20:09:22.365947Z"}
------------------------------ Captured log call -------------------------------
INFO     httpx:_client.py:1740 HTTP Request: POST http://testserver/auth/login "HTTP/1.1 200 OK"
INFO     httpx:_client.py:1740 HTTP Request: POST http://testserver/users/change-password "HTTP/1.1 200 OK"
INFO     httpx:_client.py:1740 HTTP Request: POST http://testserver/auth/login "HTTP/1.1 200 OK"
INFO     httpx:_client.py:1740 HTTP Request: POST http://testserver/users "HTTP/1.1 401 Unauthorized"
__________________ test_post_users_email_invalido_retorna_422 __________________
backend/tests/modules/users/test_user_management.py:196: in test_post_users_email_invalido_retorna_422
    token = await _change_password(admin_client, token)
backend/tests/modules/users/test_user_management.py:80: in _change_password
    resp = await client.post(
../../tesis-fim-serio/backend/.venv/lib/python3.13/site-packages/httpx/_client.py:1859: in post
    return await self.request(
../../tesis-fim-serio/backend/.venv/lib/python3.13/site-packages/httpx/_client.py:1540: in request
    return await self.send(request, auth=auth, follow_redirects=follow_redirects)
../../tesis-fim-serio/backend/.venv/lib/python3.13/site-packages/httpx/_client.py:1629: in send
    response = await self._send_handling_auth(
../../tesis-fim-serio/backend/.venv/lib/python3.13/site-packages/httpx/_client.py:1657: in _send_handling_auth
    response = await self._send_handling_redirects(
../../tesis-fim-serio/backend/.venv/lib/python3.13/site-packages/httpx/_client.py:1694: in _send_handling_redirects
    response = await self._send_single_request(request)
../../tesis-fim-serio/backend/.venv/lib/python3.13/site-packages/httpx/_client.py:1730: in _send_single_request
    response = await transport.handle_async_request(request)
../../tesis-fim-serio/backend/.venv/lib/python3.13/site-packages/httpx/_transports/asgi.py:170: in handle_async_request
    await self.app(scope, receive, send)
../../tesis-fim-serio/backend/.venv/lib/python3.13/site-packages/fastapi/applications.py:1159: in __call__
    await super().__call__(scope, receive, send)
../../tesis-fim-serio/backend/.venv/lib/python3.13/site-packages/starlette/applications.py:90: in __call__
    await self.middleware_stack(scope, receive, send)
../../tesis-fim-serio/backend/.venv/lib/python3.13/site-packages/starlette/middleware/errors.py:186: in __call__
    raise exc
../../tesis-fim-serio/backend/.venv/lib/python3.13/site-packages/starlette/middleware/errors.py:164: in __call__
    await self.app(scope, receive, _send)
backend/app/core/middleware/trace_id.py:68: in __call__
    await self.app(scope, receive, send_with_trace)
../../tesis-fim-serio/backend/.venv/lib/python3.13/site-packages/starlette/middleware/base.py:193: in __call__
    response = await self.dispatch_func(request, call_next)
backend/app/core/middleware/cors.py:42: in dispatch
    response = await call_next(request)
../../tesis-fim-serio/backend/.venv/lib/python3.13/site-packages/starlette/middleware/base.py:168: in call_next
    raise app_exc from app_exc.__cause__ or app_exc.__context__
../../tesis-fim-serio/backend/.venv/lib/python3.13/site-packages/starlette/middleware/base.py:144: in coro
    await self.app(scope, receive_or_disconnect, send_no_error)
../../tesis-fim-serio/backend/.venv/lib/python3.13/site-packages/starlette/middleware/exceptions.py:63: in __call__
    await wrap_app_handling_exceptions(self.app, conn)(scope, receive, send)
../../tesis-fim-serio/backend/.venv/lib/python3.13/site-packages/starlette/_exception_handler.py:53: in wrapped_app
    raise exc
../../tesis-fim-serio/backend/.venv/lib/python3.13/site-packages/starlette/_exception_handler.py:42: in wrapped_app
    await app(scope, receive, sender)
../../tesis-fim-serio/backend/.venv/lib/python3.13/site-packages/fastapi/middleware/asyncexitstack.py:18: in __call__
    await self.app(scope, receive, send)
../../tesis-fim-serio/backend/.venv/lib/python3.13/site-packages/starlette/routing.py:660: in __call__
    await self.middleware_stack(scope, receive, send)
../../tesis-fim-serio/backend/.venv/lib/python3.13/site-packages/starlette/routing.py:680: in app
    await route.handle(scope, receive, send)
../../tesis-fim-serio/backend/.venv/lib/python3.13/site-packages/starlette/routing.py:276: in handle
    await self.app(scope, receive, send)
../../tesis-fim-serio/backend/.venv/lib/python3.13/site-packages/fastapi/routing.py:134: in app
    await wrap_app_handling_exceptions(app, request)(scope, receive, send)
../../tesis-fim-serio/backend/.venv/lib/python3.13/site-packages/starlette/_exception_handler.py:53: in wrapped_app
    raise exc
../../tesis-fim-serio/backend/.venv/lib/python3.13/site-packages/starlette/_exception_handler.py:42: in wrapped_app
    await app(scope, receive, sender)
../../tesis-fim-serio/backend/.venv/lib/python3.13/site-packages/fastapi/routing.py:120: in app
    response = await f(request)
../../tesis-fim-serio/backend/.venv/lib/python3.13/site-packages/fastapi/routing.py:674: in app
    raw_response = await run_endpoint_function(
../../tesis-fim-serio/backend/.venv/lib/python3.13/site-packages/fastapi/routing.py:328: in run_endpoint_function
    return await dependant.call(**values)
backend/app/modules/users/router.py:100: in change_password
    write_audit_log(session, "change_password", user.id)  # type: ignore[arg-type]
../../tesis-fim-serio/backend/.venv/lib/python3.13/site-packages/sqlalchemy/orm/attributes.py:569: in __get__
    return self.impl.get(state, dict_)  # type: ignore[no-any-return]
../../tesis-fim-serio/backend/.venv/lib/python3.13/site-packages/sqlalchemy/orm/attributes.py:1096: in get
    value = self._fire_loader_callables(state, key, passive)
../../tesis-fim-serio/backend/.venv/lib/python3.13/site-packages/sqlalchemy/orm/attributes.py:1126: in _fire_loader_callables
    return state._load_expired(state, passive)
../../tesis-fim-serio/backend/.venv/lib/python3.13/site-packages/sqlalchemy/orm/state.py:828: in _load_expired
    self.manager.expired_attribute_loader(self, toload, passive)
../../tesis-fim-serio/backend/.venv/lib/python3.13/site-packages/sqlalchemy/orm/loading.py:1686: in load_scalar_attributes
    raise orm_exc.ObjectDeletedError(state)
E   sqlalchemy.orm.exc.ObjectDeletedError: Instance '<User at 0x7906a2152850>' has been deleted, or its row is otherwise not present.
----------------------------- Captured stdout call -----------------------------
{"event": "HTTP Request: POST http://testserver/auth/login \"HTTP/1.1 200 OK\"", "level": "info", "logger": "httpx", "timestamp": "2026-09-12T20:09:23.419115Z"}
------------------------------ Captured log call -------------------------------
INFO     httpx:_client.py:1740 HTTP Request: POST http://testserver/auth/login "HTTP/1.1 200 OK"
_________________ test_seed_admin_usa_admin_email_configurado __________________
../../tesis-fim-serio/backend/.venv/lib/python3.13/site-packages/sqlalchemy/engine/base.py:1969: in _exec_single_context
    self.dialect.do_execute(
../../tesis-fim-serio/backend/.venv/lib/python3.13/site-packages/sqlalchemy/engine/default.py:952: in do_execute
    cursor.execute(statement, parameters)
../../tesis-fim-serio/backend/.venv/lib/python3.13/site-packages/psycopg/cursor.py:97: in execute
    raise ex.with_traceback(None)
E   psycopg.errors.UniqueViolation: duplicate key value violates unique constraint "ix_users_username"
E   DETAIL:  Key (username)=(admin) already exists.

The above exception was the direct cause of the following exception:
backend/tests/modules/users/test_user_management.py:229: in test_seed_admin_usa_admin_email_configurado
    seed_admin()
backend/app/modules/auth/service.py:31: in seed_admin
    session.commit()
../../tesis-fim-serio/backend/.venv/lib/python3.13/site-packages/sqlalchemy/orm/session.py:2035: in commit
    trans.commit(_to_root=True)
<string>:2: in commit
    ???
../../tesis-fim-serio/backend/.venv/lib/python3.13/site-packages/sqlalchemy/orm/state_changes.py:137: in _go
    ret_value = fn(self, *arg, **kw)
../../tesis-fim-serio/backend/.venv/lib/python3.13/site-packages/sqlalchemy/orm/session.py:1316: in commit
    self._prepare_impl()
<string>:2: in _prepare_impl
    ???
../../tesis-fim-serio/backend/.venv/lib/python3.13/site-packages/sqlalchemy/orm/state_changes.py:137: in _go
    ret_value = fn(self, *arg, **kw)
../../tesis-fim-serio/backend/.venv/lib/python3.13/site-packages/sqlalchemy/orm/session.py:1290: in _prepare_impl
    self.session.flush()
../../tesis-fim-serio/backend/.venv/lib/python3.13/site-packages/sqlalchemy/orm/session.py:4353: in flush
    self._flush(objects)
../../tesis-fim-serio/backend/.venv/lib/python3.13/site-packages/sqlalchemy/orm/session.py:4488: in _flush
    with util.safe_reraise():
../../tesis-fim-serio/backend/.venv/lib/python3.13/site-packages/sqlalchemy/util/langhelpers.py:122: in __exit__
    raise exc_value.with_traceback(exc_tb)
../../tesis-fim-serio/backend/.venv/lib/python3.13/site-packages/sqlalchemy/orm/session.py:4449: in _flush
    flush_context.execute()
../../tesis-fim-serio/backend/.venv/lib/python3.13/site-packages/sqlalchemy/orm/unitofwork.py:465: in execute
    rec.execute(self)
../../tesis-fim-serio/backend/.venv/lib/python3.13/site-packages/sqlalchemy/orm/unitofwork.py:641: in execute
    util.preloaded.orm_persistence.save_obj(
../../tesis-fim-serio/backend/.venv/lib/python3.13/site-packages/sqlalchemy/orm/persistence.py:94: in save_obj
    _emit_insert_statements(
../../tesis-fim-serio/backend/.venv/lib/python3.13/site-packages/sqlalchemy/orm/persistence.py:1234: in _emit_insert_statements
    result = connection.execute(
../../tesis-fim-serio/backend/.venv/lib/python3.13/site-packages/sqlalchemy/engine/base.py:1421: in execute
    return meth(
../../tesis-fim-serio/backend/.venv/lib/python3.13/site-packages/sqlalchemy/sql/elements.py:526: in _execute_on_connection
    return connection._execute_clauseelement(
../../tesis-fim-serio/backend/.venv/lib/python3.13/site-packages/sqlalchemy/engine/base.py:1643: in _execute_clauseelement
    ret = self._execute_context(
../../tesis-fim-serio/backend/.venv/lib/python3.13/site-packages/sqlalchemy/engine/base.py:1848: in _execute_context
    return self._exec_single_context(
../../tesis-fim-serio/backend/.venv/lib/python3.13/site-packages/sqlalchemy/engine/base.py:1988: in _exec_single_context
    self._handle_dbapi_exception(
../../tesis-fim-serio/backend/.venv/lib/python3.13/site-packages/sqlalchemy/engine/base.py:2365: in _handle_dbapi_exception
    raise sqlalchemy_exception.with_traceback(exc_info[2]) from e
../../tesis-fim-serio/backend/.venv/lib/python3.13/site-packages/sqlalchemy/engine/base.py:1969: in _exec_single_context
    self.dialect.do_execute(
../../tesis-fim-serio/backend/.venv/lib/python3.13/site-packages/sqlalchemy/engine/default.py:952: in do_execute
    cursor.execute(statement, parameters)
../../tesis-fim-serio/backend/.venv/lib/python3.13/site-packages/psycopg/cursor.py:97: in execute
    raise ex.with_traceback(None)
E   sqlalchemy.exc.IntegrityError: (psycopg.errors.UniqueViolation) duplicate key value violates unique constraint "ix_users_username"
E   DETAIL:  Key (username)=(admin) already exists.
E   [SQL: INSERT INTO users (username, email, password_hash, role, is_active, must_change_password, created_at) VALUES (%(username)s::VARCHAR, %(email)s::VARCHAR, %(password_hash)s::VARCHAR, %(role)s::VARCHAR, %(is_active)s, %(must_change_password)s, %(created_at)s::TIMESTAMP WITH TIME ZONE) RETURNING users.id]
E   [parameters: {'username': 'admin', 'email': 'ops@fim.example', 'password_hash': '$argon2id$v=19$m=65536,t=3,p=4$hQndspOn7FrtQTNU1cBqGA$6yos+Wt/dN9I1wUH/nEHEdrW3fd0TCZkx+Kd+gA6JZk', 'role': 'admin', 'is_active': True, 'must_change_password': True, 'created_at': datetime.datetime(2026, 9, 12, 20, 9, 23, 991903, tzinfo=datetime.timezone.utc)}]
E   (Background on this error at: https://sqlalche.me/e/20/gkpj)
____________ test_seed_admin_usa_default_cuando_no_hay_admin_email _____________
../../tesis-fim-serio/backend/.venv/lib/python3.13/site-packages/sqlalchemy/engine/base.py:1969: in _exec_single_context
    self.dialect.do_execute(
../../tesis-fim-serio/backend/.venv/lib/python3.13/site-packages/sqlalchemy/engine/default.py:952: in do_execute
    cursor.execute(statement, parameters)
../../tesis-fim-serio/backend/.venv/lib/python3.13/site-packages/psycopg/cursor.py:97: in execute
    raise ex.with_traceback(None)
E   psycopg.errors.UniqueViolation: duplicate key value violates unique constraint "ix_users_username"
E   DETAIL:  Key (username)=(admin) already exists.

The above exception was the direct cause of the following exception:
backend/tests/modules/users/test_user_management.py:249: in test_seed_admin_usa_default_cuando_no_hay_admin_email
    seed_admin()
backend/app/modules/auth/service.py:31: in seed_admin
    session.commit()
../../tesis-fim-serio/backend/.venv/lib/python3.13/site-packages/sqlalchemy/orm/session.py:2035: in commit
    trans.commit(_to_root=True)
<string>:2: in commit
    ???
../../tesis-fim-serio/backend/.venv/lib/python3.13/site-packages/sqlalchemy/orm/state_changes.py:137: in _go
    ret_value = fn(self, *arg, **kw)
../../tesis-fim-serio/backend/.venv/lib/python3.13/site-packages/sqlalchemy/orm/session.py:1316: in commit
    self._prepare_impl()
<string>:2: in _prepare_impl
    ???
../../tesis-fim-serio/backend/.venv/lib/python3.13/site-packages/sqlalchemy/orm/state_changes.py:137: in _go
    ret_value = fn(self, *arg, **kw)
../../tesis-fim-serio/backend/.venv/lib/python3.13/site-packages/sqlalchemy/orm/session.py:1290: in _prepare_impl
    self.session.flush()
../../tesis-fim-serio/backend/.venv/lib/python3.13/site-packages/sqlalchemy/orm/session.py:4353: in flush
    self._flush(objects)
../../tesis-fim-serio/backend/.venv/lib/python3.13/site-packages/sqlalchemy/orm/session.py:4488: in _flush
    with util.safe_reraise():
../../tesis-fim-serio/backend/.venv/lib/python3.13/site-packages/sqlalchemy/util/langhelpers.py:122: in __exit__
    raise exc_value.with_traceback(exc_tb)
../../tesis-fim-serio/backend/.venv/lib/python3.13/site-packages/sqlalchemy/orm/session.py:4449: in _flush
    flush_context.execute()
../../tesis-fim-serio/backend/.venv/lib/python3.13/site-packages/sqlalchemy/orm/unitofwork.py:465: in execute
    rec.execute(self)
../../tesis-fim-serio/backend/.venv/lib/python3.13/site-packages/sqlalchemy/orm/unitofwork.py:641: in execute
    util.preloaded.orm_persistence.save_obj(
../../tesis-fim-serio/backend/.venv/lib/python3.13/site-packages/sqlalchemy/orm/persistence.py:94: in save_obj
    _emit_insert_statements(
../../tesis-fim-serio/backend/.venv/lib/python3.13/site-packages/sqlalchemy/orm/persistence.py:1234: in _emit_insert_statements
    result = connection.execute(
../../tesis-fim-serio/backend/.venv/lib/python3.13/site-packages/sqlalchemy/engine/base.py:1421: in execute
    return meth(
../../tesis-fim-serio/backend/.venv/lib/python3.13/site-packages/sqlalchemy/sql/elements.py:526: in _execute_on_connection
    return connection._execute_clauseelement(
../../tesis-fim-serio/backend/.venv/lib/python3.13/site-packages/sqlalchemy/engine/base.py:1643: in _execute_clauseelement
    ret = self._execute_context(
../../tesis-fim-serio/backend/.venv/lib/python3.13/site-packages/sqlalchemy/engine/base.py:1848: in _execute_context
    return self._exec_single_context(
../../tesis-fim-serio/backend/.venv/lib/python3.13/site-packages/sqlalchemy/engine/base.py:1988: in _exec_single_context
    self._handle_dbapi_exception(
../../tesis-fim-serio/backend/.venv/lib/python3.13/site-packages/sqlalchemy/engine/base.py:2365: in _handle_dbapi_exception
    raise sqlalchemy_exception.with_traceback(exc_info[2]) from e
../../tesis-fim-serio/backend/.venv/lib/python3.13/site-packages/sqlalchemy/engine/base.py:1969: in _exec_single_context
    self.dialect.do_execute(
../../tesis-fim-serio/backend/.venv/lib/python3.13/site-packages/sqlalchemy/engine/default.py:952: in do_execute
    cursor.execute(statement, parameters)
../../tesis-fim-serio/backend/.venv/lib/python3.13/site-packages/psycopg/cursor.py:97: in execute
    raise ex.with_traceback(None)
E   sqlalchemy.exc.IntegrityError: (psycopg.errors.UniqueViolation) duplicate key value violates unique constraint "ix_users_username"
E   DETAIL:  Key (username)=(admin) already exists.
E   [SQL: INSERT INTO users (username, email, password_hash, role, is_active, must_change_password, created_at) VALUES (%(username)s::VARCHAR, %(email)s::VARCHAR, %(password_hash)s::VARCHAR, %(role)s::VARCHAR, %(is_active)s, %(must_change_password)s, %(created_at)s::TIMESTAMP WITH TIME ZONE) RETURNING users.id]
E   [parameters: {'username': 'admin', 'email': 'admin@fim.local', 'password_hash': '$argon2id$v=19$m=65536,t=3,p=4$di8hIwVyZGRw8lLyF7jGLg$O8ADR/vck7IFlE4AuZOZm8QGvn1B6MKvBcdkbagpONU', 'role': 'admin', 'is_active': True, 'must_change_password': True, 'created_at': datetime.datetime(2026, 9, 12, 20, 9, 24, 552263, tzinfo=datetime.timezone.utc)}]
E   (Background on this error at: https://sqlalche.me/e/20/gkpj)
__________ test_approve_missing_required_field_returns_validation_422 __________
  + Exception Group Traceback (most recent call last):
  |   File "[HOME]/Facultad/tesis/tesis-fim-serio/backend/.venv/lib/python3.13/site-packages/_pytest/runner.py", line 341, in from_call
  |     result: TResult | None = func()
  |                              ~~~~^^
  |   File "[HOME]/Facultad/tesis/tesis-fim-serio/backend/.venv/lib/python3.13/site-packages/_pytest/runner.py", line 242, in <lambda>
  |     lambda: runtest_hook(item=item, **kwds), when=when, reraise=reraise
  |             ~~~~~~~~~~~~^^^^^^^^^^^^^^^^^^^
  |   File "[HOME]/Facultad/tesis/tesis-fim-serio/backend/.venv/lib/python3.13/site-packages/pluggy/_hooks.py", line 512, in __call__
  |     return self._hookexec(self.name, self._hookimpls.copy(), kwargs, firstresult)
  |            ~~~~~~~~~~~~~~^^^^^^^^^^^^^^^^^^^^^^^^^^^^^^^^^^^^^^^^^^^^^^^^^^^^^^^^
  |   File "[HOME]/Facultad/tesis/tesis-fim-serio/backend/.venv/lib/python3.13/site-packages/pluggy/_manager.py", line 120, in _hookexec
  |     return self._inner_hookexec(hook_name, methods, kwargs, firstresult)
  |            ~~~~~~~~~~~~~~~~~~~~^^^^^^^^^^^^^^^^^^^^^^^^^^^^^^^^^^^^^^^^^
  |   File "[HOME]/Facultad/tesis/tesis-fim-serio/backend/.venv/lib/python3.13/site-packages/pluggy/_callers.py", line 167, in _multicall
  |     raise exception
  |   File "[HOME]/Facultad/tesis/tesis-fim-serio/backend/.venv/lib/python3.13/site-packages/pluggy/_callers.py", line 139, in _multicall
  |     teardown.throw(exception)
  |     ~~~~~~~~~~~~~~^^^^^^^^^^^
  |   File "[HOME]/Facultad/tesis/tesis-fim-serio/backend/.venv/lib/python3.13/site-packages/_pytest/threadexception.py", line 92, in pytest_runtest_call
  |     yield from thread_exception_runtest_hook()
  |   File "[HOME]/Facultad/tesis/tesis-fim-serio/backend/.venv/lib/python3.13/site-packages/_pytest/threadexception.py", line 68, in thread_exception_runtest_hook
  |     yield
  |   File "[HOME]/Facultad/tesis/tesis-fim-serio/backend/.venv/lib/python3.13/site-packages/pluggy/_callers.py", line 139, in _multicall
  |     teardown.throw(exception)
  |     ~~~~~~~~~~~~~~^^^^^^^^^^^
  |   File "[HOME]/Facultad/tesis/tesis-fim-serio/backend/.venv/lib/python3.13/site-packages/_pytest/unraisableexception.py", line 95, in pytest_runtest_call
  |     yield from unraisable_exception_runtest_hook()
  |   File "[HOME]/Facultad/tesis/tesis-fim-serio/backend/.venv/lib/python3.13/site-packages/_pytest/unraisableexception.py", line 70, in unraisable_exception_runtest_hook
  |     yield
  |   File "[HOME]/Facultad/tesis/tesis-fim-serio/backend/.venv/lib/python3.13/site-packages/pluggy/_callers.py", line 139, in _multicall
  |     teardown.throw(exception)
  |     ~~~~~~~~~~~~~~^^^^^^^^^^^
  |   File "[HOME]/Facultad/tesis/tesis-fim-serio/backend/.venv/lib/python3.13/site-packages/_pytest/logging.py", line 846, in pytest_runtest_call
  |     yield from self._runtest_for(item, "call")
  |   File "[HOME]/Facultad/tesis/tesis-fim-serio/backend/.venv/lib/python3.13/site-packages/_pytest/logging.py", line 829, in _runtest_for
  |     yield
  |   File "[HOME]/Facultad/tesis/tesis-fim-serio/backend/.venv/lib/python3.13/site-packages/pluggy/_callers.py", line 139, in _multicall
  |     teardown.throw(exception)
  |     ~~~~~~~~~~~~~~^^^^^^^^^^^
  |   File "[HOME]/Facultad/tesis/tesis-fim-serio/backend/.venv/lib/python3.13/site-packages/_pytest/capture.py", line 880, in pytest_runtest_call
  |     return (yield)
  |             ^^^^^
  |   File "[HOME]/Facultad/tesis/tesis-fim-serio/backend/.venv/lib/python3.13/site-packages/pluggy/_callers.py", line 139, in _multicall
  |     teardown.throw(exception)
  |     ~~~~~~~~~~~~~~^^^^^^^^^^^
  |   File "[HOME]/Facultad/tesis/tesis-fim-serio/backend/.venv/lib/python3.13/site-packages/pluggy/_callers.py", line 53, in run_old_style_hookwrapper
  |     return result.get_result()
  |            ~~~~~~~~~~~~~~~~~^^
  |   File "[HOME]/Facultad/tesis/tesis-fim-serio/backend/.venv/lib/python3.13/site-packages/pluggy/_result.py", line 103, in get_result
  |     raise exc.with_traceback(tb)
  |   File "[HOME]/Facultad/tesis/tesis-fim-serio/backend/.venv/lib/python3.13/site-packages/pluggy/_callers.py", line 38, in run_old_style_hookwrapper
  |     res = yield
  |           ^^^^^
  |   File "[HOME]/Facultad/tesis/tesis-fim-serio/backend/.venv/lib/python3.13/site-packages/pluggy/_callers.py", line 139, in _multicall
  |     teardown.throw(exception)
  |     ~~~~~~~~~~~~~~^^^^^^^^^^^
  |   File "[HOME]/Facultad/tesis/tesis-fim-serio/backend/.venv/lib/python3.13/site-packages/_pytest/skipping.py", line 257, in pytest_runtest_call
  |     return (yield)
  |             ^^^^^
  |   File "[HOME]/Facultad/tesis/tesis-fim-serio/backend/.venv/lib/python3.13/site-packages/pluggy/_callers.py", line 121, in _multicall
  |     res = hook_impl.function(*args)
  |   File "[HOME]/Facultad/tesis/tesis-fim-serio/backend/.venv/lib/python3.13/site-packages/_pytest/runner.py", line 174, in pytest_runtest_call
  |     item.runtest()
  |     ~~~~~~~~~~~~^^
  |   File "[HOME]/Facultad/tesis/tesis-fim-serio/backend/.venv/lib/python3.13/site-packages/pytest_asyncio/plugin.py", line 533, in runtest
  |     super().runtest()
  |     ~~~~~~~~~~~~~~~^^
  |   File "[HOME]/Facultad/tesis/tesis-fim-serio/backend/.venv/lib/python3.13/site-packages/_pytest/python.py", line 1627, in runtest
  |     self.ihook.pytest_pyfunc_call(pyfuncitem=self)
  |     ~~~~~~~~~~~~~~~~~~~~~~~~~~~~~^^^^^^^^^^^^^^^^^
  |   File "[HOME]/Facultad/tesis/tesis-fim-serio/backend/.venv/lib/python3.13/site-packages/pluggy/_hooks.py", line 512, in __call__
  |     return self._hookexec(self.name, self._hookimpls.copy(), kwargs, firstresult)
  |            ~~~~~~~~~~~~~~^^^^^^^^^^^^^^^^^^^^^^^^^^^^^^^^^^^^^^^^^^^^^^^^^^^^^^^^
  |   File "[HOME]/Facultad/tesis/tesis-fim-serio/backend/.venv/lib/python3.13/site-packages/pluggy/_manager.py", line 120, in _hookexec
  |     return self._inner_hookexec(hook_name, methods, kwargs, firstresult)
  |            ~~~~~~~~~~~~~~~~~~~~^^^^^^^^^^^^^^^^^^^^^^^^^^^^^^^^^^^^^^^^^
  |   File "[HOME]/Facultad/tesis/tesis-fim-serio/backend/.venv/lib/python3.13/site-packages/pluggy/_callers.py", line 167, in _multicall
  |     raise exception
  |   File "[HOME]/Facultad/tesis/tesis-fim-serio/backend/.venv/lib/python3.13/site-packages/pluggy/_callers.py", line 139, in _multicall
  |     teardown.throw(exception)
  |     ~~~~~~~~~~~~~~^^^^^^^^^^^
  |   File "[HOME]/Facultad/tesis/tesis-fim-serio/backend/.venv/lib/python3.13/site-packages/pluggy/_callers.py", line 53, in run_old_style_hookwrapper
  |     return result.get_result()
  |            ~~~~~~~~~~~~~~~~~^^
  |   File "[HOME]/Facultad/tesis/tesis-fim-serio/backend/.venv/lib/python3.13/site-packages/pluggy/_result.py", line 103, in get_result
  |     raise exc.with_traceback(tb)
  |   File "[HOME]/Facultad/tesis/tesis-fim-serio/backend/.venv/lib/python3.13/site-packages/pluggy/_callers.py", line 38, in run_old_style_hookwrapper
  |     res = yield
  |           ^^^^^
  |   File "[HOME]/Facultad/tesis/tesis-fim-serio/backend/.venv/lib/python3.13/site-packages/pluggy/_callers.py", line 121, in _multicall
  |     res = hook_impl.function(*args)
  |   File "[HOME]/Facultad/tesis/tesis-fim-serio/backend/.venv/lib/python3.13/site-packages/_pytest/python.py", line 159, in pytest_pyfunc_call
  |     result = testfunction(**testargs)
  |   File "[HOME]/Facultad/tesis/tesis-fim-serio/backend/.venv/lib/python3.13/site-packages/pytest_asyncio/plugin.py", line 1052, in inner
  |     _loop.run_until_complete(task)
  |     ~~~~~~~~~~~~~~~~~~~~~~~~^^^^^^
  |   File "[HOME]/.local/share/uv/python/cpython-3.13.14-linux-x86_64-gnu/lib/python3.13/asyncio/base_events.py", line 725, in run_until_complete
  |     return future.result()
  |            ~~~~~~~~~~~~~^^
  |   File "[HOME]/Facultad/tesis/tesis-fim-serio-worktrees/l5-agents/backend/tests/test_actions_router.py", line 276, in test_approve_missing_required_field_returns_validation_422
  |     resp = await client.post(
  |            ^^^^^^^^^^^^^^^^^^
  |         "/actions/approve", json={"event_id": 1}, headers=_headers(admin_id)
  |         ^^^^^^^^^^^^^^^^^^^^^^^^^^^^^^^^^^^^^^^^^^^^^^^^^^^^^^^^^^^^^^^^^^^^
  |     )
  |     ^
  |   File "[HOME]/Facultad/tesis/tesis-fim-serio/backend/.venv/lib/python3.13/site-packages/httpx/_client.py", line 1859, in post
  |     return await self.request(
  |            ^^^^^^^^^^^^^^^^^^^
  |     ...<13 lines>...
  |     )
  |     ^
  |   File "[HOME]/Facultad/tesis/tesis-fim-serio/backend/.venv/lib/python3.13/site-packages/httpx/_client.py", line 1540, in request
  |     return await self.send(request, auth=auth, follow_redirects=follow_redirects)
  |            ^^^^^^^^^^^^^^^^^^^^^^^^^^^^^^^^^^^^^^^^^^^^^^^^^^^^^^^^^^^^^^^^^^^^^^
  |   File "[HOME]/Facultad/tesis/tesis-fim-serio/backend/.venv/lib/python3.13/site-packages/httpx/_client.py", line 1629, in send
  |     response = await self._send_handling_auth(
  |                ^^^^^^^^^^^^^^^^^^^^^^^^^^^^^^^
  |     ...<4 lines>...
  |     )
  |     ^
  |   File "[HOME]/Facultad/tesis/tesis-fim-serio/backend/.venv/lib/python3.13/site-packages/httpx/_client.py", line 1657, in _send_handling_auth
  |     response = await self._send_handling_redirects(
  |                ^^^^^^^^^^^^^^^^^^^^^^^^^^^^^^^^^^^^
  |     ...<3 lines>...
  |     )
  |     ^
  |   File "[HOME]/Facultad/tesis/tesis-fim-serio/backend/.venv/lib/python3.13/site-packages/httpx/_client.py", line 1694, in _send_handling_redirects
  |     response = await self._send_single_request(request)
  |                ^^^^^^^^^^^^^^^^^^^^^^^^^^^^^^^^^^^^^^^^
  |   File "[HOME]/Facultad/tesis/tesis-fim-serio/backend/.venv/lib/python3.13/site-packages/httpx/_client.py", line 1730, in _send_single_request
  |     response = await transport.handle_async_request(request)
  |                ^^^^^^^^^^^^^^^^^^^^^^^^^^^^^^^^^^^^^^^^^^^^^
  |   File "[HOME]/Facultad/tesis/tesis-fim-serio/backend/.venv/lib/python3.13/site-packages/httpx/_transports/asgi.py", line 170, in handle_async_request
  |     await self.app(scope, receive, send)
  |   File "[HOME]/Facultad/tesis/tesis-fim-serio/backend/.venv/lib/python3.13/site-packages/fastapi/applications.py", line 1159, in __call__
  |     await super().__call__(scope, receive, send)
  |   File "[HOME]/Facultad/tesis/tesis-fim-serio/backend/.venv/lib/python3.13/site-packages/starlette/applications.py", line 90, in __call__
  |     await self.middleware_stack(scope, receive, send)
  |   File "[HOME]/Facultad/tesis/tesis-fim-serio/backend/.venv/lib/python3.13/site-packages/starlette/middleware/errors.py", line 164, in __call__
  |     await self.app(scope, receive, _send)
  |   File "[HOME]/Facultad/tesis/tesis-fim-serio-worktrees/l5-agents/backend/app/core/middleware/trace_id.py", line 68, in __call__
  |     await self.app(scope, receive, send_with_trace)
  |   File "[HOME]/Facultad/tesis/tesis-fim-serio/backend/.venv/lib/python3.13/site-packages/starlette/middleware/base.py", line 192, in __call__
  |     async with create_collapsing_task_group() as task_group:
  |                ~~~~~~~~~~~~~~~~~~~~~~~~~~~~^^
  |   File "[HOME]/.local/share/uv/python/cpython-3.13.14-linux-x86_64-gnu/lib/python3.13/contextlib.py", line 235, in __aexit__
  |     await self.gen.athrow(value)
  |   File "[HOME]/Facultad/tesis/tesis-fim-serio/backend/.venv/lib/python3.13/site-packages/starlette/_utils.py", line 85, in create_collapsing_task_group
  |     async with anyio.create_task_group() as tg:
  |                ~~~~~~~~~~~~~~~~~~~~~~~^^
  |   File "[HOME]/Facultad/tesis/tesis-fim-serio/backend/.venv/lib/python3.13/site-packages/anyio/_backends/_asyncio.py", line 811, in __aexit__
  |     raise BaseExceptionGroup(
  |         "unhandled errors in a TaskGroup", self._exceptions
  |     ) from None
  | BaseExceptionGroup: unhandled errors in a TaskGroup (2 sub-exceptions)
  +-+---------------- 1 ----------------
    | Traceback (most recent call last):
    |   File "[HOME]/Facultad/tesis/tesis-fim-serio/backend/.venv/lib/python3.13/site-packages/starlette/middleware/base.py", line 151, in call_next
    |     message = await recv_stream.receive()
    |               ^^^^^^^^^^^^^^^^^^^^^^^^^^^
    |   File "[HOME]/Facultad/tesis/tesis-fim-serio/backend/.venv/lib/python3.13/site-packages/anyio/streams/memory.py", line 132, in receive
    |     raise EndOfStream from None
    | anyio.EndOfStream
    | 
    | During handling of the above exception, another exception occurred:
    | 
    | Traceback (most recent call last):
    |   File "[HOME]/Facultad/tesis/tesis-fim-serio/backend/.venv/lib/python3.13/site-packages/starlette/_utils.py", line 86, in create_collapsing_task_group
    |     yield tg
    |   File "[HOME]/Facultad/tesis/tesis-fim-serio/backend/.venv/lib/python3.13/site-packages/starlette/middleware/base.py", line 193, in __call__
    |     response = await self.dispatch_func(request, call_next)
    |                ^^^^^^^^^^^^^^^^^^^^^^^^^^^^^^^^^^^^^^^^^^^^
    |   File "[HOME]/Facultad/tesis/tesis-fim-serio-worktrees/l5-agents/backend/app/core/middleware/cors.py", line 42, in dispatch
    |     response = await call_next(request)
    |                ^^^^^^^^^^^^^^^^^^^^^^^^
    |   File "[HOME]/Facultad/tesis/tesis-fim-serio/backend/.venv/lib/python3.13/site-packages/starlette/middleware/base.py", line 169, in call_next
    |     raise RuntimeError("No response returned.")
    | RuntimeError: No response returned.
    +---------------- 2 ----------------
    | Traceback (most recent call last):
    |   File "[HOME]/Facultad/tesis/tesis-fim-serio/backend/.venv/lib/python3.13/site-packages/anyio/_core/_tasks.py", line 278, in _run_coro
    |     retval = await self._coro
    |              ^^^^^^^^^^^^^^^^
    |   File "[HOME]/Facultad/tesis/tesis-fim-serio/backend/.venv/lib/python3.13/site-packages/starlette/middleware/base.py", line 144, in coro
    |     await self.app(scope, receive_or_disconnect, send_no_error)
    |   File "[HOME]/Facultad/tesis/tesis-fim-serio/backend/.venv/lib/python3.13/site-packages/starlette/middleware/exceptions.py", line 63, in __call__
    |     await wrap_app_handling_exceptions(self.app, conn)(scope, receive, send)
    |   File "[HOME]/Facultad/tesis/tesis-fim-serio/backend/.venv/lib/python3.13/site-packages/starlette/_exception_handler.py", line 42, in wrapped_app
    |     await app(scope, receive, sender)
    |   File "[HOME]/Facultad/tesis/tesis-fim-serio/backend/.venv/lib/python3.13/site-packages/fastapi/middleware/asyncexitstack.py", line 18, in __call__
    |     await self.app(scope, receive, send)
    |   File "[HOME]/Facultad/tesis/tesis-fim-serio/backend/.venv/lib/python3.13/site-packages/starlette/routing.py", line 660, in __call__
    |     await self.middleware_stack(scope, receive, send)
    |   File "[HOME]/Facultad/tesis/tesis-fim-serio/backend/.venv/lib/python3.13/site-packages/starlette/routing.py", line 680, in app
    |     await route.handle(scope, receive, send)
    |   File "[HOME]/Facultad/tesis/tesis-fim-serio/backend/.venv/lib/python3.13/site-packages/starlette/routing.py", line 276, in handle
    |     await self.app(scope, receive, send)
    |   File "[HOME]/Facultad/tesis/tesis-fim-serio/backend/.venv/lib/python3.13/site-packages/fastapi/routing.py", line 134, in app
    |     await wrap_app_handling_exceptions(app, request)(scope, receive, send)
    |   File "[HOME]/Facultad/tesis/tesis-fim-serio/backend/.venv/lib/python3.13/site-packages/starlette/_exception_handler.py", line 42, in wrapped_app
    |     await app(scope, receive, sender)
    |   File "[HOME]/Facultad/tesis/tesis-fim-serio/backend/.venv/lib/python3.13/site-packages/fastapi/routing.py", line 120, in app
    |     response = await f(request)
    |                ^^^^^^^^^^^^^^^^
    |   File "[HOME]/Facultad/tesis/tesis-fim-serio/backend/.venv/lib/python3.13/site-packages/fastapi/routing.py", line 457, in app
    |     solved_result = await solve_dependencies(
    |                     ^^^^^^^^^^^^^^^^^^^^^^^^^
    |     ...<6 lines>...
    |     )
    |     ^
    |   File "[HOME]/Facultad/tesis/tesis-fim-serio/backend/.venv/lib/python3.13/site-packages/fastapi/dependencies/utils.py", line 649, in solve_dependencies
    |     solved_result = await solve_dependencies(
    |                     ^^^^^^^^^^^^^^^^^^^^^^^^^
    |     ...<9 lines>...
    |     )
    |     ^
    |   File "[HOME]/Facultad/tesis/tesis-fim-serio/backend/.venv/lib/python3.13/site-packages/fastapi/dependencies/utils.py", line 649, in solve_dependencies
    |     solved_result = await solve_dependencies(
    |                     ^^^^^^^^^^^^^^^^^^^^^^^^^
    |     ...<9 lines>...
    |     )
    |     ^
    |   File "[HOME]/Facultad/tesis/tesis-fim-serio/backend/.venv/lib/python3.13/site-packages/fastapi/dependencies/utils.py", line 678, in solve_dependencies
    |     solved = await call(**solved_result.values)
    |              ^^^^^^^^^^^^^^^^^^^^^^^^^^^^^^^^^^
    |   File "[HOME]/Facultad/tesis/tesis-fim-serio-worktrees/l5-agents/backend/app/core/deps.py", line 63, in get_current_user
    |     user = session.exec(select(User).where(User.id == int(user_id))).first()
    |            ~~~~~~~~~~~~^^^^^^^^^^^^^^^^^^^^^^^^^^^^^^^^^^^^^^^^^^^^^
    |   File "[HOME]/Facultad/tesis/tesis-fim-serio/backend/.venv/lib/python3.13/site-packages/sqlmodel/orm/session.py", line 66, in exec
    |     results = super().execute(
    |         statement,
    |     ...<4 lines>...
    |         _add_event=_add_event,
    |     )
    |   File "[HOME]/Facultad/tesis/tesis-fim-serio/backend/.venv/lib/python3.13/site-packages/sqlalchemy/orm/session.py", line 2373, in execute
    |     return self._execute_internal(
    |            ~~~~~~~~~~~~~~~~~~~~~~^
    |         statement,
    |         ^^^^^^^^^^
    |     ...<4 lines>...
    |         _add_event=_add_event,
    |         ^^^^^^^^^^^^^^^^^^^^^^
    |     )
    |     ^
    |   File "[HOME]/Facultad/tesis/tesis-fim-serio/backend/.venv/lib/python3.13/site-packages/sqlalchemy/orm/session.py", line 2271, in _execute_internal
    |     result: Result[Any] = compile_state_cls.orm_execute_statement(
    |                           ~~~~~~~~~~~~~~~~~~~~~~~~~~~~~~~~~~~~~~~^
    |         self,
    |         ^^^^^
    |     ...<4 lines>...
    |         conn,
    |         ^^^^^
    |     )
    |     ^
    |   File "[HOME]/Facultad/tesis/tesis-fim-serio/backend/.venv/lib/python3.13/site-packages/sqlalchemy/orm/context.py", line 306, in orm_execute_statement
    |     result = conn.execute(
    |         statement, params or {}, execution_options=execution_options
    |     )
    |   File "[HOME]/Facultad/tesis/tesis-fim-serio/backend/.venv/lib/python3.13/site-packages/sqlalchemy/engine/base.py", line 1421, in execute
    |     return meth(
    |         self,
    |         distilled_parameters,
    |         execution_options or NO_OPTIONS,
    |     )
    |   File "[HOME]/Facultad/tesis/tesis-fim-serio/backend/.venv/lib/python3.13/site-packages/sqlalchemy/sql/elements.py", line 526, in _execute_on_connection
    |     return connection._execute_clauseelement(
    |            ~~~~~~~~~~~~~~~~~~~~~~~~~~~~~~~~~^
    |         self, distilled_params, execution_options
    |         ^^^^^^^^^^^^^^^^^^^^^^^^^^^^^^^^^^^^^^^^^
    |     )
    |     ^
    |   File "[HOME]/Facultad/tesis/tesis-fim-serio/backend/.venv/lib/python3.13/site-packages/sqlalchemy/engine/base.py", line 1643, in _execute_clauseelement
    |     ret = self._execute_context(
    |         dialect,
    |     ...<8 lines>...
    |         cache_hit=cache_hit,
    |     )
    |   File "[HOME]/Facultad/tesis/tesis-fim-serio/backend/.venv/lib/python3.13/site-packages/sqlalchemy/engine/base.py", line 1848, in _execute_context
    |     return self._exec_single_context(
    |            ~~~~~~~~~~~~~~~~~~~~~~~~~^
    |         dialect, context, statement, parameters
    |         ^^^^^^^^^^^^^^^^^^^^^^^^^^^^^^^^^^^^^^^
    |     )
    |     ^
    |   File "[HOME]/Facultad/tesis/tesis-fim-serio/backend/.venv/lib/python3.13/site-packages/sqlalchemy/engine/base.py", line 1988, in _exec_single_context
    |     self._handle_dbapi_exception(
    |     ~~~~~~~~~~~~~~~~~~~~~~~~~~~~^
    |         e, str_statement, effective_parameters, cursor, context
    |         ^^^^^^^^^^^^^^^^^^^^^^^^^^^^^^^^^^^^^^^^^^^^^^^^^^^^^^^
    |     )
    |     ^
    |   File "[HOME]/Facultad/tesis/tesis-fim-serio/backend/.venv/lib/python3.13/site-packages/sqlalchemy/engine/base.py", line 2368, in _handle_dbapi_exception
    |     raise exc_info[1].with_traceback(exc_info[2])
    |   File "[HOME]/Facultad/tesis/tesis-fim-serio/backend/.venv/lib/python3.13/site-packages/sqlalchemy/engine/base.py", line 1969, in _exec_single_context
    |     self.dialect.do_execute(
    |     ~~~~~~~~~~~~~~~~~~~~~~~^
    |         cursor, str_statement, effective_parameters, context
    |         ^^^^^^^^^^^^^^^^^^^^^^^^^^^^^^^^^^^^^^^^^^^^^^^^^^^^
    |     )
    |     ^
    |   File "[HOME]/Facultad/tesis/tesis-fim-serio/backend/.venv/lib/python3.13/site-packages/sqlalchemy/engine/default.py", line 952, in do_execute
    |     cursor.execute(statement, parameters)
    |     ~~~~~~~~~~~~~~^^^^^^^^^^^^^^^^^^^^^^^
    |   File "[HOME]/Facultad/tesis/tesis-fim-serio/backend/.venv/lib/python3.13/site-packages/psycopg/cursor.py", line 93, in execute
    |     self._conn.wait(
    |     ~~~~~~~~~~~~~~~^
    |         self._execute_gen(query, params, prepare=prepare, binary=binary)
    |         ^^^^^^^^^^^^^^^^^^^^^^^^^^^^^^^^^^^^^^^^^^^^^^^^^^^^^^^^^^^^^^^^
    |     )
    |     ^
    |   File "[HOME]/Facultad/tesis/tesis-fim-serio/backend/.venv/lib/python3.13/site-packages/psycopg/connection.py", line 409, in wait
    |     return waiting.wait(gen, self.pgconn.socket, interval=interval)
    |            ~~~~~~~~~~~~^^^^^^^^^^^^^^^^^^^^^^^^^^^^^^^^^^^^^^^^^^^^
    |   File "psycopg_binary/_psycopg/waiting.pyx", line 201, in psycopg_binary._psycopg.wait_c
    |   File "[HOME]/Facultad/tesis/tesis-fim-serio/backend/.venv/lib/python3.13/site-packages/pytest_timeout.py", line 313, in handler
    |     timeout_sigalrm(item, settings)
    |     ~~~~~~~~~~~~~~~^^^^^^^^^^^^^^^^
    |   File "[HOME]/Facultad/tesis/tesis-fim-serio/backend/.venv/lib/python3.13/site-packages/pytest_timeout.py", line 498, in timeout_sigalrm
    |     pytest.fail("Timeout >%ss" % settings.timeout)
    |     ~~~~~~~~~~~^^^^^^^^^^^^^^^^^^^^^^^^^^^^^^^^^^^
    |   File "[HOME]/Facultad/tesis/tesis-fim-serio/backend/.venv/lib/python3.13/site-packages/_pytest/outcomes.py", line 178, in fail
    |     raise Failed(msg=reason, pytrace=pytrace)
    | Failed: Timeout >60.0s
    +------------------------------------
_ test_gracia_no_resucita_refresh_ganador_revocado_por_change_password_sin_cookie _
backend/tests/test_auth.py:380: in test_gracia_no_resucita_refresh_ganador_revocado_por_change_password_sin_cookie
    assert changed.status_code == 200
E   assert 401 == 200
E    +  where 401 = <Response [401 Unauthorized]>.status_code
----------------------------- Captured stdout call -----------------------------
{"event": "HTTP Request: POST https://testserver/auth/login \"HTTP/1.1 200 OK\"", "level": "info", "logger": "httpx", "timestamp": "2026-09-12T20:10:41.467035Z"}
{"event": "HTTP Request: POST https://testserver/auth/refresh \"HTTP/1.1 200 OK\"", "level": "info", "logger": "httpx", "timestamp": "2026-09-12T20:10:41.478402Z"}
{"event": "HTTP Request: POST https://testserver/users/change-password \"HTTP/1.1 401 Unauthorized\"", "level": "info", "logger": "httpx", "timestamp": "2026-09-12T20:10:41.502678Z"}
------------------------------ Captured log call -------------------------------
INFO     httpx:_client.py:1740 HTTP Request: POST https://testserver/auth/login "HTTP/1.1 200 OK"
INFO     httpx:_client.py:1740 HTTP Request: POST https://testserver/auth/refresh "HTTP/1.1 200 OK"
INFO     httpx:_client.py:1740 HTTP Request: POST https://testserver/users/change-password "HTTP/1.1 401 Unauthorized"
________________ test_logout_invalida_tambien_el_refresh_token _________________
backend/tests/test_auth.py:448: in test_logout_invalida_tambien_el_refresh_token
    access_token, refresh_cookies = await _full_access_login(blacklist_client)
backend/tests/test_auth.py:139: in _full_access_login
    assert full.status_code == 200, full.text
E   AssertionError: {"detail":"Incorrect username or password"}
E   assert 401 == 200
E    +  where 401 = <Response [401 Unauthorized]>.status_code
----------------------------- Captured stdout call -----------------------------
{"event": "HTTP Request: POST https://testserver/auth/login \"HTTP/1.1 200 OK\"", "level": "info", "logger": "httpx", "timestamp": "2026-09-12T20:10:42.786849Z"}
{"event": "HTTP Request: POST https://testserver/users/change-password \"HTTP/1.1 200 OK\"", "level": "info", "logger": "httpx", "timestamp": "2026-09-12T20:10:42.879947Z"}
{"event": "HTTP Request: POST https://testserver/auth/login \"HTTP/1.1 401 Unauthorized\"", "level": "info", "logger": "httpx", "timestamp": "2026-09-12T20:10:42.893650Z"}
------------------------------ Captured log call -------------------------------
INFO     httpx:_client.py:1740 HTTP Request: POST https://testserver/auth/login "HTTP/1.1 200 OK"
INFO     httpx:_client.py:1740 HTTP Request: POST https://testserver/users/change-password "HTTP/1.1 200 OK"
INFO     httpx:_client.py:1740 HTTP Request: POST https://testserver/auth/login "HTTP/1.1 401 Unauthorized"
___________________ test_list_events_default_page_size_is_50 ___________________
  + Exception Group Traceback (most recent call last):
  |   File "[HOME]/Facultad/tesis/tesis-fim-serio/backend/.venv/lib/python3.13/site-packages/_pytest/runner.py", line 341, in from_call
  |     result: TResult | None = func()
  |                              ~~~~^^
  |   File "[HOME]/Facultad/tesis/tesis-fim-serio/backend/.venv/lib/python3.13/site-packages/_pytest/runner.py", line 242, in <lambda>
  |     lambda: runtest_hook(item=item, **kwds), when=when, reraise=reraise
  |             ~~~~~~~~~~~~^^^^^^^^^^^^^^^^^^^
  |   File "[HOME]/Facultad/tesis/tesis-fim-serio/backend/.venv/lib/python3.13/site-packages/pluggy/_hooks.py", line 512, in __call__
  |     return self._hookexec(self.name, self._hookimpls.copy(), kwargs, firstresult)
  |            ~~~~~~~~~~~~~~^^^^^^^^^^^^^^^^^^^^^^^^^^^^^^^^^^^^^^^^^^^^^^^^^^^^^^^^
  |   File "[HOME]/Facultad/tesis/tesis-fim-serio/backend/.venv/lib/python3.13/site-packages/pluggy/_manager.py", line 120, in _hookexec
  |     return self._inner_hookexec(hook_name, methods, kwargs, firstresult)
  |            ~~~~~~~~~~~~~~~~~~~~^^^^^^^^^^^^^^^^^^^^^^^^^^^^^^^^^^^^^^^^^
  |   File "[HOME]/Facultad/tesis/tesis-fim-serio/backend/.venv/lib/python3.13/site-packages/pluggy/_callers.py", line 167, in _multicall
  |     raise exception
  |   File "[HOME]/Facultad/tesis/tesis-fim-serio/backend/.venv/lib/python3.13/site-packages/pluggy/_callers.py", line 139, in _multicall
  |     teardown.throw(exception)
  |     ~~~~~~~~~~~~~~^^^^^^^^^^^
  |   File "[HOME]/Facultad/tesis/tesis-fim-serio/backend/.venv/lib/python3.13/site-packages/_pytest/threadexception.py", line 92, in pytest_runtest_call
  |     yield from thread_exception_runtest_hook()
  |   File "[HOME]/Facultad/tesis/tesis-fim-serio/backend/.venv/lib/python3.13/site-packages/_pytest/threadexception.py", line 68, in thread_exception_runtest_hook
  |     yield
  |   File "[HOME]/Facultad/tesis/tesis-fim-serio/backend/.venv/lib/python3.13/site-packages/pluggy/_callers.py", line 139, in _multicall
  |     teardown.throw(exception)
  |     ~~~~~~~~~~~~~~^^^^^^^^^^^
  |   File "[HOME]/Facultad/tesis/tesis-fim-serio/backend/.venv/lib/python3.13/site-packages/_pytest/unraisableexception.py", line 95, in pytest_runtest_call
  |     yield from unraisable_exception_runtest_hook()
  |   File "[HOME]/Facultad/tesis/tesis-fim-serio/backend/.venv/lib/python3.13/site-packages/_pytest/unraisableexception.py", line 70, in unraisable_exception_runtest_hook
  |     yield
  |   File "[HOME]/Facultad/tesis/tesis-fim-serio/backend/.venv/lib/python3.13/site-packages/pluggy/_callers.py", line 139, in _multicall
  |     teardown.throw(exception)
  |     ~~~~~~~~~~~~~~^^^^^^^^^^^
  |   File "[HOME]/Facultad/tesis/tesis-fim-serio/backend/.venv/lib/python3.13/site-packages/_pytest/logging.py", line 846, in pytest_runtest_call
  |     yield from self._runtest_for(item, "call")
  |   File "[HOME]/Facultad/tesis/tesis-fim-serio/backend/.venv/lib/python3.13/site-packages/_pytest/logging.py", line 829, in _runtest_for
  |     yield
  |   File "[HOME]/Facultad/tesis/tesis-fim-serio/backend/.venv/lib/python3.13/site-packages/pluggy/_callers.py", line 139, in _multicall
  |     teardown.throw(exception)
  |     ~~~~~~~~~~~~~~^^^^^^^^^^^
  |   File "[HOME]/Facultad/tesis/tesis-fim-serio/backend/.venv/lib/python3.13/site-packages/_pytest/capture.py", line 880, in pytest_runtest_call
  |     return (yield)
  |             ^^^^^
  |   File "[HOME]/Facultad/tesis/tesis-fim-serio/backend/.venv/lib/python3.13/site-packages/pluggy/_callers.py", line 139, in _multicall
  |     teardown.throw(exception)
  |     ~~~~~~~~~~~~~~^^^^^^^^^^^
  |   File "[HOME]/Facultad/tesis/tesis-fim-serio/backend/.venv/lib/python3.13/site-packages/pluggy/_callers.py", line 53, in run_old_style_hookwrapper
  |     return result.get_result()
  |            ~~~~~~~~~~~~~~~~~^^
  |   File "[HOME]/Facultad/tesis/tesis-fim-serio/backend/.venv/lib/python3.13/site-packages/pluggy/_result.py", line 103, in get_result
  |     raise exc.with_traceback(tb)
  |   File "[HOME]/Facultad/tesis/tesis-fim-serio/backend/.venv/lib/python3.13/site-packages/pluggy/_callers.py", line 38, in run_old_style_hookwrapper
  |     res = yield
  |           ^^^^^
  |   File "[HOME]/Facultad/tesis/tesis-fim-serio/backend/.venv/lib/python3.13/site-packages/pluggy/_callers.py", line 139, in _multicall
  |     teardown.throw(exception)
  |     ~~~~~~~~~~~~~~^^^^^^^^^^^
  |   File "[HOME]/Facultad/tesis/tesis-fim-serio/backend/.venv/lib/python3.13/site-packages/_pytest/skipping.py", line 257, in pytest_runtest_call
  |     return (yield)
  |             ^^^^^
  |   File "[HOME]/Facultad/tesis/tesis-fim-serio/backend/.venv/lib/python3.13/site-packages/pluggy/_callers.py", line 121, in _multicall
  |     res = hook_impl.function(*args)
  |   File "[HOME]/Facultad/tesis/tesis-fim-serio/backend/.venv/lib/python3.13/site-packages/_pytest/runner.py", line 174, in pytest_runtest_call
  |     item.runtest()
  |     ~~~~~~~~~~~~^^
  |   File "[HOME]/Facultad/tesis/tesis-fim-serio/backend/.venv/lib/python3.13/site-packages/pytest_asyncio/plugin.py", line 533, in runtest
  |     super().runtest()
  |     ~~~~~~~~~~~~~~~^^
  |   File "[HOME]/Facultad/tesis/tesis-fim-serio/backend/.venv/lib/python3.13/site-packages/_pytest/python.py", line 1627, in runtest
  |     self.ihook.pytest_pyfunc_call(pyfuncitem=self)
  |     ~~~~~~~~~~~~~~~~~~~~~~~~~~~~~^^^^^^^^^^^^^^^^^
  |   File "[HOME]/Facultad/tesis/tesis-fim-serio/backend/.venv/lib/python3.13/site-packages/pluggy/_hooks.py", line 512, in __call__
  |     return self._hookexec(self.name, self._hookimpls.copy(), kwargs, firstresult)
  |            ~~~~~~~~~~~~~~^^^^^^^^^^^^^^^^^^^^^^^^^^^^^^^^^^^^^^^^^^^^^^^^^^^^^^^^
  |   File "[HOME]/Facultad/tesis/tesis-fim-serio/backend/.venv/lib/python3.13/site-packages/pluggy/_manager.py", line 120, in _hookexec
  |     return self._inner_hookexec(hook_name, methods, kwargs, firstresult)
  |            ~~~~~~~~~~~~~~~~~~~~^^^^^^^^^^^^^^^^^^^^^^^^^^^^^^^^^^^^^^^^^
  |   File "[HOME]/Facultad/tesis/tesis-fim-serio/backend/.venv/lib/python3.13/site-packages/pluggy/_callers.py", line 167, in _multicall
  |     raise exception
  |   File "[HOME]/Facultad/tesis/tesis-fim-serio/backend/.venv/lib/python3.13/site-packages/pluggy/_callers.py", line 139, in _multicall
  |     teardown.throw(exception)
  |     ~~~~~~~~~~~~~~^^^^^^^^^^^
  |   File "[HOME]/Facultad/tesis/tesis-fim-serio/backend/.venv/lib/python3.13/site-packages/pluggy/_callers.py", line 53, in run_old_style_hookwrapper
  |     return result.get_result()
  |            ~~~~~~~~~~~~~~~~~^^
  |   File "[HOME]/Facultad/tesis/tesis-fim-serio/backend/.venv/lib/python3.13/site-packages/pluggy/_result.py", line 103, in get_result
  |     raise exc.with_traceback(tb)
  |   File "[HOME]/Facultad/tesis/tesis-fim-serio/backend/.venv/lib/python3.13/site-packages/pluggy/_callers.py", line 38, in run_old_style_hookwrapper
  |     res = yield
  |           ^^^^^
  |   File "[HOME]/Facultad/tesis/tesis-fim-serio/backend/.venv/lib/python3.13/site-packages/pluggy/_callers.py", line 121, in _multicall
  |     res = hook_impl.function(*args)
  |   File "[HOME]/Facultad/tesis/tesis-fim-serio/backend/.venv/lib/python3.13/site-packages/_pytest/python.py", line 159, in pytest_pyfunc_call
  |     result = testfunction(**testargs)
  |   File "[HOME]/Facultad/tesis/tesis-fim-serio/backend/.venv/lib/python3.13/site-packages/pytest_asyncio/plugin.py", line 1052, in inner
  |     _loop.run_until_complete(task)
  |     ~~~~~~~~~~~~~~~~~~~~~~~~^^^^^^
  |   File "[HOME]/.local/share/uv/python/cpython-3.13.14-linux-x86_64-gnu/lib/python3.13/asyncio/base_events.py", line 725, in run_until_complete
  |     return future.result()
  |            ~~~~~~~~~~~~~^^
  |   File "[HOME]/Facultad/tesis/tesis-fim-serio-worktrees/l5-agents/backend/tests/test_event_listing_contract.py", line 205, in test_list_events_default_page_size_is_50
  |     resp = await client.get("/events", headers=_auth_headers())
  |            ^^^^^^^^^^^^^^^^^^^^^^^^^^^^^^^^^^^^^^^^^^^^^^^^^^^^
  |   File "[HOME]/Facultad/tesis/tesis-fim-serio/backend/.venv/lib/python3.13/site-packages/httpx/_client.py", line 1768, in get
  |     return await self.request(
  |            ^^^^^^^^^^^^^^^^^^^
  |     ...<9 lines>...
  |     )
  |     ^
  |   File "[HOME]/Facultad/tesis/tesis-fim-serio/backend/.venv/lib/python3.13/site-packages/httpx/_client.py", line 1540, in request
  |     return await self.send(request, auth=auth, follow_redirects=follow_redirects)
  |            ^^^^^^^^^^^^^^^^^^^^^^^^^^^^^^^^^^^^^^^^^^^^^^^^^^^^^^^^^^^^^^^^^^^^^^
  |   File "[HOME]/Facultad/tesis/tesis-fim-serio/backend/.venv/lib/python3.13/site-packages/httpx/_client.py", line 1629, in send
  |     response = await self._send_handling_auth(
  |                ^^^^^^^^^^^^^^^^^^^^^^^^^^^^^^^
  |     ...<4 lines>...
  |     )
  |     ^
  |   File "[HOME]/Facultad/tesis/tesis-fim-serio/backend/.venv/lib/python3.13/site-packages/httpx/_client.py", line 1657, in _send_handling_auth
  |     response = await self._send_handling_redirects(
  |                ^^^^^^^^^^^^^^^^^^^^^^^^^^^^^^^^^^^^
  |     ...<3 lines>...
  |     )
  |     ^
  |   File "[HOME]/Facultad/tesis/tesis-fim-serio/backend/.venv/lib/python3.13/site-packages/httpx/_client.py", line 1694, in _send_handling_redirects
  |     response = await self._send_single_request(request)
  |                ^^^^^^^^^^^^^^^^^^^^^^^^^^^^^^^^^^^^^^^^
  |   File "[HOME]/Facultad/tesis/tesis-fim-serio/backend/.venv/lib/python3.13/site-packages/httpx/_client.py", line 1730, in _send_single_request
  |     response = await transport.handle_async_request(request)
  |                ^^^^^^^^^^^^^^^^^^^^^^^^^^^^^^^^^^^^^^^^^^^^^
  |   File "[HOME]/Facultad/tesis/tesis-fim-serio/backend/.venv/lib/python3.13/site-packages/httpx/_transports/asgi.py", line 170, in handle_async_request
  |     await self.app(scope, receive, send)
  |   File "[HOME]/Facultad/tesis/tesis-fim-serio/backend/.venv/lib/python3.13/site-packages/fastapi/applications.py", line 1159, in __call__
  |     await super().__call__(scope, receive, send)
  |   File "[HOME]/Facultad/tesis/tesis-fim-serio/backend/.venv/lib/python3.13/site-packages/starlette/applications.py", line 90, in __call__
  |     await self.middleware_stack(scope, receive, send)
  |   File "[HOME]/Facultad/tesis/tesis-fim-serio/backend/.venv/lib/python3.13/site-packages/starlette/middleware/errors.py", line 164, in __call__
  |     await self.app(scope, receive, _send)
  |   File "[HOME]/Facultad/tesis/tesis-fim-serio-worktrees/l5-agents/backend/app/core/middleware/trace_id.py", line 68, in __call__
  |     await self.app(scope, receive, send_with_trace)
  |   File "[HOME]/Facultad/tesis/tesis-fim-serio/backend/.venv/lib/python3.13/site-packages/starlette/middleware/base.py", line 192, in __call__
  |     async with create_collapsing_task_group() as task_group:
  |                ~~~~~~~~~~~~~~~~~~~~~~~~~~~~^^
  |   File "[HOME]/.local/share/uv/python/cpython-3.13.14-linux-x86_64-gnu/lib/python3.13/contextlib.py", line 235, in __aexit__
  |     await self.gen.athrow(value)
  |   File "[HOME]/Facultad/tesis/tesis-fim-serio/backend/.venv/lib/python3.13/site-packages/starlette/_utils.py", line 85, in create_collapsing_task_group
  |     async with anyio.create_task_group() as tg:
  |                ~~~~~~~~~~~~~~~~~~~~~~~^^
  |   File "[HOME]/Facultad/tesis/tesis-fim-serio/backend/.venv/lib/python3.13/site-packages/anyio/_backends/_asyncio.py", line 811, in __aexit__
  |     raise BaseExceptionGroup(
  |         "unhandled errors in a TaskGroup", self._exceptions
  |     ) from None
  | BaseExceptionGroup: unhandled errors in a TaskGroup (2 sub-exceptions)
  +-+---------------- 1 ----------------
    | Traceback (most recent call last):
    |   File "[HOME]/Facultad/tesis/tesis-fim-serio/backend/.venv/lib/python3.13/site-packages/starlette/middleware/base.py", line 151, in call_next
    |     message = await recv_stream.receive()
    |               ^^^^^^^^^^^^^^^^^^^^^^^^^^^
    |   File "[HOME]/Facultad/tesis/tesis-fim-serio/backend/.venv/lib/python3.13/site-packages/anyio/streams/memory.py", line 132, in receive
    |     raise EndOfStream from None
    | anyio.EndOfStream
    | 
    | During handling of the above exception, another exception occurred:
    | 
    | Traceback (most recent call last):
    |   File "[HOME]/Facultad/tesis/tesis-fim-serio/backend/.venv/lib/python3.13/site-packages/starlette/_utils.py", line 86, in create_collapsing_task_group
    |     yield tg
    |   File "[HOME]/Facultad/tesis/tesis-fim-serio/backend/.venv/lib/python3.13/site-packages/starlette/middleware/base.py", line 193, in __call__
    |     response = await self.dispatch_func(request, call_next)
    |                ^^^^^^^^^^^^^^^^^^^^^^^^^^^^^^^^^^^^^^^^^^^^
    |   File "[HOME]/Facultad/tesis/tesis-fim-serio-worktrees/l5-agents/backend/app/core/middleware/cors.py", line 42, in dispatch
    |     response = await call_next(request)
    |                ^^^^^^^^^^^^^^^^^^^^^^^^
    |   File "[HOME]/Facultad/tesis/tesis-fim-serio/backend/.venv/lib/python3.13/site-packages/starlette/middleware/base.py", line 169, in call_next
    |     raise RuntimeError("No response returned.")
    | RuntimeError: No response returned.
    +---------------- 2 ----------------
    | Traceback (most recent call last):
    |   File "[HOME]/Facultad/tesis/tesis-fim-serio/backend/.venv/lib/python3.13/site-packages/anyio/_core/_tasks.py", line 278, in _run_coro
    |     retval = await self._coro
    |              ^^^^^^^^^^^^^^^^
    |   File "[HOME]/Facultad/tesis/tesis-fim-serio/backend/.venv/lib/python3.13/site-packages/starlette/middleware/base.py", line 144, in coro
    |     await self.app(scope, receive_or_disconnect, send_no_error)
    |   File "[HOME]/Facultad/tesis/tesis-fim-serio/backend/.venv/lib/python3.13/site-packages/starlette/middleware/exceptions.py", line 63, in __call__
    |     await wrap_app_handling_exceptions(self.app, conn)(scope, receive, send)
    |   File "[HOME]/Facultad/tesis/tesis-fim-serio/backend/.venv/lib/python3.13/site-packages/starlette/_exception_handler.py", line 42, in wrapped_app
    |     await app(scope, receive, sender)
    |   File "[HOME]/Facultad/tesis/tesis-fim-serio/backend/.venv/lib/python3.13/site-packages/fastapi/middleware/asyncexitstack.py", line 18, in __call__
    |     await self.app(scope, receive, send)
    |   File "[HOME]/Facultad/tesis/tesis-fim-serio/backend/.venv/lib/python3.13/site-packages/starlette/routing.py", line 660, in __call__
    |     await self.middleware_stack(scope, receive, send)
    |   File "[HOME]/Facultad/tesis/tesis-fim-serio/backend/.venv/lib/python3.13/site-packages/starlette/routing.py", line 680, in app
    |     await route.handle(scope, receive, send)
    |   File "[HOME]/Facultad/tesis/tesis-fim-serio/backend/.venv/lib/python3.13/site-packages/starlette/routing.py", line 276, in handle
    |     await self.app(scope, receive, send)
    |   File "[HOME]/Facultad/tesis/tesis-fim-serio/backend/.venv/lib/python3.13/site-packages/fastapi/routing.py", line 134, in app
    |     await wrap_app_handling_exceptions(app, request)(scope, receive, send)
    |   File "[HOME]/Facultad/tesis/tesis-fim-serio/backend/.venv/lib/python3.13/site-packages/starlette/_exception_handler.py", line 42, in wrapped_app
    |     await app(scope, receive, sender)
    |   File "[HOME]/Facultad/tesis/tesis-fim-serio/backend/.venv/lib/python3.13/site-packages/fastapi/routing.py", line 120, in app
    |     response = await f(request)
    |                ^^^^^^^^^^^^^^^^
    |   File "[HOME]/Facultad/tesis/tesis-fim-serio/backend/.venv/lib/python3.13/site-packages/fastapi/routing.py", line 457, in app
    |     solved_result = await solve_dependencies(
    |                     ^^^^^^^^^^^^^^^^^^^^^^^^^
    |     ...<6 lines>...
    |     )
    |     ^
    |   File "[HOME]/Facultad/tesis/tesis-fim-serio/backend/.venv/lib/python3.13/site-packages/fastapi/dependencies/utils.py", line 649, in solve_dependencies
    |     solved_result = await solve_dependencies(
    |                     ^^^^^^^^^^^^^^^^^^^^^^^^^
    |     ...<9 lines>...
    |     )
    |     ^
    |   File "[HOME]/Facultad/tesis/tesis-fim-serio/backend/.venv/lib/python3.13/site-packages/fastapi/dependencies/utils.py", line 678, in solve_dependencies
    |     solved = await call(**solved_result.values)
    |              ^^^^^^^^^^^^^^^^^^^^^^^^^^^^^^^^^^
    |   File "[HOME]/Facultad/tesis/tesis-fim-serio-worktrees/l5-agents/backend/app/core/deps.py", line 63, in get_current_user
    |     user = session.exec(select(User).where(User.id == int(user_id))).first()
    |            ~~~~~~~~~~~~^^^^^^^^^^^^^^^^^^^^^^^^^^^^^^^^^^^^^^^^^^^^^
    |   File "[HOME]/Facultad/tesis/tesis-fim-serio/backend/.venv/lib/python3.13/site-packages/sqlmodel/orm/session.py", line 66, in exec
    |     results = super().execute(
    |         statement,
    |     ...<4 lines>...
    |         _add_event=_add_event,
    |     )
    |   File "[HOME]/Facultad/tesis/tesis-fim-serio/backend/.venv/lib/python3.13/site-packages/sqlalchemy/orm/session.py", line 2373, in execute
    |     return self._execute_internal(
    |            ~~~~~~~~~~~~~~~~~~~~~~^
    |         statement,
    |         ^^^^^^^^^^
    |     ...<4 lines>...
    |         _add_event=_add_event,
    |         ^^^^^^^^^^^^^^^^^^^^^^
    |     )
    |     ^
    |   File "[HOME]/Facultad/tesis/tesis-fim-serio/backend/.venv/lib/python3.13/site-packages/sqlalchemy/orm/session.py", line 2271, in _execute_internal
    |     result: Result[Any] = compile_state_cls.orm_execute_statement(
    |                           ~~~~~~~~~~~~~~~~~~~~~~~~~~~~~~~~~~~~~~~^
    |         self,
    |         ^^^^^
    |     ...<4 lines>...
    |         conn,
    |         ^^^^^
    |     )
    |     ^
    |   File "[HOME]/Facultad/tesis/tesis-fim-serio/backend/.venv/lib/python3.13/site-packages/sqlalchemy/orm/context.py", line 306, in orm_execute_statement
    |     result = conn.execute(
    |         statement, params or {}, execution_options=execution_options
    |     )
    |   File "[HOME]/Facultad/tesis/tesis-fim-serio/backend/.venv/lib/python3.13/site-packages/sqlalchemy/engine/base.py", line 1421, in execute
    |     return meth(
    |         self,
    |         distilled_parameters,
    |         execution_options or NO_OPTIONS,
    |     )
    |   File "[HOME]/Facultad/tesis/tesis-fim-serio/backend/.venv/lib/python3.13/site-packages/sqlalchemy/sql/elements.py", line 526, in _execute_on_connection
    |     return connection._execute_clauseelement(
    |            ~~~~~~~~~~~~~~~~~~~~~~~~~~~~~~~~~^
    |         self, distilled_params, execution_options
    |         ^^^^^^^^^^^^^^^^^^^^^^^^^^^^^^^^^^^^^^^^^
    |     )
    |     ^
    |   File "[HOME]/Facultad/tesis/tesis-fim-serio/backend/.venv/lib/python3.13/site-packages/sqlalchemy/engine/base.py", line 1643, in _execute_clauseelement
    |     ret = self._execute_context(
    |         dialect,
    |     ...<8 lines>...
    |         cache_hit=cache_hit,
    |     )
    |   File "[HOME]/Facultad/tesis/tesis-fim-serio/backend/.venv/lib/python3.13/site-packages/sqlalchemy/engine/base.py", line 1848, in _execute_context
    |     return self._exec_single_context(
    |            ~~~~~~~~~~~~~~~~~~~~~~~~~^
    |         dialect, context, statement, parameters
    |         ^^^^^^^^^^^^^^^^^^^^^^^^^^^^^^^^^^^^^^^
    |     )
    |     ^
    |   File "[HOME]/Facultad/tesis/tesis-fim-serio/backend/.venv/lib/python3.13/site-packages/sqlalchemy/engine/base.py", line 1988, in _exec_single_context
    |     self._handle_dbapi_exception(
    |     ~~~~~~~~~~~~~~~~~~~~~~~~~~~~^
    |         e, str_statement, effective_parameters, cursor, context
    |         ^^^^^^^^^^^^^^^^^^^^^^^^^^^^^^^^^^^^^^^^^^^^^^^^^^^^^^^
    |     )
    |     ^
    |   File "[HOME]/Facultad/tesis/tesis-fim-serio/backend/.venv/lib/python3.13/site-packages/sqlalchemy/engine/base.py", line 2368, in _handle_dbapi_exception
    |     raise exc_info[1].with_traceback(exc_info[2])
    |   File "[HOME]/Facultad/tesis/tesis-fim-serio/backend/.venv/lib/python3.13/site-packages/sqlalchemy/engine/base.py", line 1969, in _exec_single_context
    |     self.dialect.do_execute(
    |     ~~~~~~~~~~~~~~~~~~~~~~~^
    |         cursor, str_statement, effective_parameters, context
    |         ^^^^^^^^^^^^^^^^^^^^^^^^^^^^^^^^^^^^^^^^^^^^^^^^^^^^
    |     )
    |     ^
    |   File "[HOME]/Facultad/tesis/tesis-fim-serio/backend/.venv/lib/python3.13/site-packages/sqlalchemy/engine/default.py", line 952, in do_execute
    |     cursor.execute(statement, parameters)
    |     ~~~~~~~~~~~~~~^^^^^^^^^^^^^^^^^^^^^^^
    |   File "[HOME]/Facultad/tesis/tesis-fim-serio/backend/.venv/lib/python3.13/site-packages/psycopg/cursor.py", line 93, in execute
    |     self._conn.wait(
    |     ~~~~~~~~~~~~~~~^
    |         self._execute_gen(query, params, prepare=prepare, binary=binary)
    |         ^^^^^^^^^^^^^^^^^^^^^^^^^^^^^^^^^^^^^^^^^^^^^^^^^^^^^^^^^^^^^^^^
    |     )
    |     ^
    |   File "[HOME]/Facultad/tesis/tesis-fim-serio/backend/.venv/lib/python3.13/site-packages/psycopg/connection.py", line 409, in wait
    |     return waiting.wait(gen, self.pgconn.socket, interval=interval)
    |            ~~~~~~~~~~~~^^^^^^^^^^^^^^^^^^^^^^^^^^^^^^^^^^^^^^^^^^^^
    |   File "psycopg_binary/_psycopg/waiting.pyx", line 201, in psycopg_binary._psycopg.wait_c
    |   File "[HOME]/Facultad/tesis/tesis-fim-serio/backend/.venv/lib/python3.13/site-packages/pytest_timeout.py", line 313, in handler
    |     timeout_sigalrm(item, settings)
    |     ~~~~~~~~~~~~~~~^^^^^^^^^^^^^^^^
    |   File "[HOME]/Facultad/tesis/tesis-fim-serio/backend/.venv/lib/python3.13/site-packages/pytest_timeout.py", line 498, in timeout_sigalrm
    |     pytest.fail("Timeout >%ss" % settings.timeout)
    |     ~~~~~~~~~~~^^^^^^^^^^^^^^^^^^^^^^^^^^^^^^^^^^^
    |   File "[HOME]/Facultad/tesis/tesis-fim-serio/backend/.venv/lib/python3.13/site-packages/_pytest/outcomes.py", line 178, in fail
    |     raise Failed(msg=reason, pytrace=pytrace)
    | Failed: Timeout >60.0s
    +------------------------------------
_________ test_events_severity_query_fixture_is_accepted_and_selective _________
backend/tests/test_event_severity.py:254: in test_events_severity_query_fixture_is_accepted_and_selective
    _make_event(session, agent, RuleSeverity.critical)
backend/tests/test_event_severity.py:146: in _make_event
    session.refresh(event)
../../tesis-fim-serio/backend/.venv/lib/python3.13/site-packages/sqlalchemy/orm/session.py:3192: in refresh
    raise sa_exc.InvalidRequestError(
E   sqlalchemy.exc.InvalidRequestError: Could not refresh instance '<Event at 0x7906a0c2ff20>'
____________________ test_post_retry_alert_409_if_delivered ____________________
../../tesis-fim-serio/backend/.venv/lib/python3.13/site-packages/sqlalchemy/engine/base.py:1969: in _exec_single_context
    self.dialect.do_execute(
../../tesis-fim-serio/backend/.venv/lib/python3.13/site-packages/sqlalchemy/engine/default.py:952: in do_execute
    cursor.execute(statement, parameters)
../../tesis-fim-serio/backend/.venv/lib/python3.13/site-packages/psycopg/cursor.py:97: in execute
    raise ex.with_traceback(None)
E   psycopg.errors.UniqueViolation: duplicate key value violates unique constraint "ix_users_username"
E   DETAIL:  Key (username)=(admin) already exists.

The above exception was the direct cause of the following exception:
backend/tests/test_notifications.py:753: in test_post_retry_alert_409_if_delivered
    with TestClient(app) as client:
../../tesis-fim-serio/backend/.venv/lib/python3.13/site-packages/starlette/testclient.py:697: in __enter__
    portal.call(self.wait_startup)
../../tesis-fim-serio/backend/.venv/lib/python3.13/site-packages/anyio/from_thread.py:338: in call
    return cast(T_Retval, self.start_task_soon(func, *args).result())
../../../../.local/share/uv/python/cpython-3.13.14-linux-x86_64-gnu/lib/python3.13/concurrent/futures/_base.py:460: in result
    return self.__get_result()
../../../../.local/share/uv/python/cpython-3.13.14-linux-x86_64-gnu/lib/python3.13/concurrent/futures/_base.py:402: in __get_result
    raise self._exception
../../tesis-fim-serio/backend/.venv/lib/python3.13/site-packages/anyio/from_thread.py:263: in _call_func
    retval = await retval_or_awaitable
../../tesis-fim-serio/backend/.venv/lib/python3.13/site-packages/starlette/testclient.py:732: in wait_startup
    await receive()
../../tesis-fim-serio/backend/.venv/lib/python3.13/site-packages/starlette/testclient.py:723: in receive
    self.task.result()
../../../../.local/share/uv/python/cpython-3.13.14-linux-x86_64-gnu/lib/python3.13/concurrent/futures/_base.py:453: in result
    return self.__get_result()
../../../../.local/share/uv/python/cpython-3.13.14-linux-x86_64-gnu/lib/python3.13/concurrent/futures/_base.py:402: in __get_result
    raise self._exception
../../tesis-fim-serio/backend/.venv/lib/python3.13/site-packages/anyio/from_thread.py:263: in _call_func
    retval = await retval_or_awaitable
../../tesis-fim-serio/backend/.venv/lib/python3.13/site-packages/starlette/testclient.py:713: in lifespan
    await self.app(scope, self.stream_receive.receive, self.stream_send.send)
../../tesis-fim-serio/backend/.venv/lib/python3.13/site-packages/fastapi/applications.py:1159: in __call__
    await super().__call__(scope, receive, send)
../../tesis-fim-serio/backend/.venv/lib/python3.13/site-packages/starlette/applications.py:90: in __call__
    await self.middleware_stack(scope, receive, send)
../../tesis-fim-serio/backend/.venv/lib/python3.13/site-packages/starlette/middleware/errors.py:151: in __call__
    await self.app(scope, receive, send)
backend/app/core/middleware/trace_id.py:48: in __call__
    await self.app(scope, receive, send)
../../tesis-fim-serio/backend/.venv/lib/python3.13/site-packages/starlette/middleware/base.py:103: in __call__
    await self.app(scope, receive, send)
../../tesis-fim-serio/backend/.venv/lib/python3.13/site-packages/starlette/middleware/exceptions.py:49: in __call__
    await self.app(scope, receive, send)
../../tesis-fim-serio/backend/.venv/lib/python3.13/site-packages/fastapi/middleware/asyncexitstack.py:18: in __call__
    await self.app(scope, receive, send)
../../tesis-fim-serio/backend/.venv/lib/python3.13/site-packages/starlette/routing.py:660: in __call__
    await self.middleware_stack(scope, receive, send)
../../tesis-fim-serio/backend/.venv/lib/python3.13/site-packages/starlette/routing.py:669: in app
    await self.lifespan(scope, receive, send)
../../tesis-fim-serio/backend/.venv/lib/python3.13/site-packages/starlette/routing.py:638: in lifespan
    async with self.lifespan_context(app) as maybe_state:
../../../../.local/share/uv/python/cpython-3.13.14-linux-x86_64-gnu/lib/python3.13/contextlib.py:214: in __aenter__
    return await anext(self.gen)
../../tesis-fim-serio/backend/.venv/lib/python3.13/site-packages/fastapi/routing.py:216: in merged_lifespan
    async with original_context(app) as maybe_original_state:
../../../../.local/share/uv/python/cpython-3.13.14-linux-x86_64-gnu/lib/python3.13/contextlib.py:214: in __aenter__
    return await anext(self.gen)
../../tesis-fim-serio/backend/.venv/lib/python3.13/site-packages/fastapi/routing.py:216: in merged_lifespan
    async with original_context(app) as maybe_original_state:
../../../../.local/share/uv/python/cpython-3.13.14-linux-x86_64-gnu/lib/python3.13/contextlib.py:214: in __aenter__
    return await anext(self.gen)
../../tesis-fim-serio/backend/.venv/lib/python3.13/site-packages/fastapi/routing.py:216: in merged_lifespan
    async with original_context(app) as maybe_original_state:
../../../../.local/share/uv/python/cpython-3.13.14-linux-x86_64-gnu/lib/python3.13/contextlib.py:214: in __aenter__
    return await anext(self.gen)
../../tesis-fim-serio/backend/.venv/lib/python3.13/site-packages/fastapi/routing.py:216: in merged_lifespan
    async with original_context(app) as maybe_original_state:
../../../../.local/share/uv/python/cpython-3.13.14-linux-x86_64-gnu/lib/python3.13/contextlib.py:214: in __aenter__
    return await anext(self.gen)
../../tesis-fim-serio/backend/.venv/lib/python3.13/site-packages/fastapi/routing.py:216: in merged_lifespan
    async with original_context(app) as maybe_original_state:
../../../../.local/share/uv/python/cpython-3.13.14-linux-x86_64-gnu/lib/python3.13/contextlib.py:214: in __aenter__
    return await anext(self.gen)
../../tesis-fim-serio/backend/.venv/lib/python3.13/site-packages/fastapi/routing.py:216: in merged_lifespan
    async with original_context(app) as maybe_original_state:
../../../../.local/share/uv/python/cpython-3.13.14-linux-x86_64-gnu/lib/python3.13/contextlib.py:214: in __aenter__
    return await anext(self.gen)
../../tesis-fim-serio/backend/.venv/lib/python3.13/site-packages/fastapi/routing.py:216: in merged_lifespan
    async with original_context(app) as maybe_original_state:
../../../../.local/share/uv/python/cpython-3.13.14-linux-x86_64-gnu/lib/python3.13/contextlib.py:214: in __aenter__
    return await anext(self.gen)
backend/app/main.py:63: in lifespan
    seed_admin()
backend/app/modules/auth/service.py:31: in seed_admin
    session.commit()
../../tesis-fim-serio/backend/.venv/lib/python3.13/site-packages/sqlalchemy/orm/session.py:2035: in commit
    trans.commit(_to_root=True)
<string>:2: in commit
    ???
../../tesis-fim-serio/backend/.venv/lib/python3.13/site-packages/sqlalchemy/orm/state_changes.py:137: in _go
    ret_value = fn(self, *arg, **kw)
../../tesis-fim-serio/backend/.venv/lib/python3.13/site-packages/sqlalchemy/orm/session.py:1316: in commit
    self._prepare_impl()
<string>:2: in _prepare_impl
    ???
../../tesis-fim-serio/backend/.venv/lib/python3.13/site-packages/sqlalchemy/orm/state_changes.py:137: in _go
    ret_value = fn(self, *arg, **kw)
../../tesis-fim-serio/backend/.venv/lib/python3.13/site-packages/sqlalchemy/orm/session.py:1290: in _prepare_impl
    self.session.flush()
../../tesis-fim-serio/backend/.venv/lib/python3.13/site-packages/sqlalchemy/orm/session.py:4353: in flush
    self._flush(objects)
../../tesis-fim-serio/backend/.venv/lib/python3.13/site-packages/sqlalchemy/orm/session.py:4488: in _flush
    with util.safe_reraise():
../../tesis-fim-serio/backend/.venv/lib/python3.13/site-packages/sqlalchemy/util/langhelpers.py:122: in __exit__
    raise exc_value.with_traceback(exc_tb)
../../tesis-fim-serio/backend/.venv/lib/python3.13/site-packages/sqlalchemy/orm/session.py:4449: in _flush
    flush_context.execute()
../../tesis-fim-serio/backend/.venv/lib/python3.13/site-packages/sqlalchemy/orm/unitofwork.py:465: in execute
    rec.execute(self)
../../tesis-fim-serio/backend/.venv/lib/python3.13/site-packages/sqlalchemy/orm/unitofwork.py:641: in execute
    util.preloaded.orm_persistence.save_obj(
../../tesis-fim-serio/backend/.venv/lib/python3.13/site-packages/sqlalchemy/orm/persistence.py:94: in save_obj
    _emit_insert_statements(
../../tesis-fim-serio/backend/.venv/lib/python3.13/site-packages/sqlalchemy/orm/persistence.py:1234: in _emit_insert_statements
    result = connection.execute(
../../tesis-fim-serio/backend/.venv/lib/python3.13/site-packages/sqlalchemy/engine/base.py:1421: in execute
    return meth(
../../tesis-fim-serio/backend/.venv/lib/python3.13/site-packages/sqlalchemy/sql/elements.py:526: in _execute_on_connection
    return connection._execute_clauseelement(
../../tesis-fim-serio/backend/.venv/lib/python3.13/site-packages/sqlalchemy/engine/base.py:1643: in _execute_clauseelement
    ret = self._execute_context(
../../tesis-fim-serio/backend/.venv/lib/python3.13/site-packages/sqlalchemy/engine/base.py:1848: in _execute_context
    return self._exec_single_context(
../../tesis-fim-serio/backend/.venv/lib/python3.13/site-packages/sqlalchemy/engine/base.py:1988: in _exec_single_context
    self._handle_dbapi_exception(
../../tesis-fim-serio/backend/.venv/lib/python3.13/site-packages/sqlalchemy/engine/base.py:2365: in _handle_dbapi_exception
    raise sqlalchemy_exception.with_traceback(exc_info[2]) from e
../../tesis-fim-serio/backend/.venv/lib/python3.13/site-packages/sqlalchemy/engine/base.py:1969: in _exec_single_context
    self.dialect.do_execute(
../../tesis-fim-serio/backend/.venv/lib/python3.13/site-packages/sqlalchemy/engine/default.py:952: in do_execute
    cursor.execute(statement, parameters)
../../tesis-fim-serio/backend/.venv/lib/python3.13/site-packages/psycopg/cursor.py:97: in execute
    raise ex.with_traceback(None)
E   sqlalchemy.exc.IntegrityError: (psycopg.errors.UniqueViolation) duplicate key value violates unique constraint "ix_users_username"
E   DETAIL:  Key (username)=(admin) already exists.
E   [SQL: INSERT INTO users (username, email, password_hash, role, is_active, must_change_password, created_at) VALUES (%(username)s::VARCHAR, %(email)s::VARCHAR, %(password_hash)s::VARCHAR, %(role)s::VARCHAR, %(is_active)s, %(must_change_password)s, %(created_at)s::TIMESTAMP WITH TIME ZONE) RETURNING users.id]
E   [parameters: {'username': 'admin', 'email': 'admin@fim.local', 'password_hash': '$argon2id$v=19$m=65536,t=3,p=4$QT6YMDGRDvL/lbm8JSJUfQ$sE3M4amP4SaHPg6TxwsnlyRbBqoXmv4QCpLAm7givl8', 'role': 'admin', 'is_active': True, 'must_change_password': True, 'created_at': datetime.datetime(2026, 9, 12, 20, 12, 35, 801885, tzinfo=datetime.timezone.utc)}]
E   (Background on this error at: https://sqlalche.me/e/20/gkpj)
----------------------------- Captured stdout call -----------------------------
{"environment": "dev", "event": "backend.startup", "level": "info", "timestamp": "2026-09-12T20:12:35.697431Z"}
{"reason": "CA_CERT_PATH or CA_KEY_PATH not set", "event": "pki.ensure_ca.skipped", "level": "warning", "timestamp": "2026-09-12T20:12:35.697913Z"}
=============================== warnings summary ===============================
../../tesis-fim-serio/backend/.venv/lib/python3.13/site-packages/fastapi/testclient.py:1
  [HOME]/Facultad/tesis/tesis-fim-serio/backend/.venv/lib/python3.13/site-packages/fastapi/testclient.py:1: StarletteDeprecationWarning: Using `httpx` with `starlette.testclient` is deprecated; install `httpx2` instead.
    from starlette.testclient import TestClient as TestClient  # noqa

tests/modules/users/test_user_management.py: 7 warnings
tests/test_actions_router.py: 22 warnings
tests/test_auth.py: 25 warnings
tests/test_c22_auth.py: 5 warnings
tests/test_event_listing_contract.py: 21 warnings
tests/test_event_router.py: 2 warnings
tests/test_event_severity.py: 2 warnings
tests/test_jwt_key_rotation.py: 2 warnings
tests/test_rules_router.py: 8 warnings
tests/test_timestamps_timezone_aware.py: 8 warnings
  [HOME]/Facultad/tesis/tesis-fim-serio/backend/.venv/lib/python3.13/site-packages/jose/jwt.py:311: DeprecationWarning: datetime.datetime.utcnow() is deprecated and scheduled for removal in a future version. Use timezone-aware objects to represent datetimes in UTC: datetime.datetime.now(datetime.UTC).
    now = timegm(datetime.utcnow().utctimetuple())

tests/test_actions_router.py::test_approve_absent_file_without_confirmation_returns_422
tests/test_auth.py::test_change_password_short_retorna_422
tests/test_rules_router.py::test_post_rules_empty_pattern_returns_422
  [HOME]/Facultad/tesis/tesis-fim-serio/backend/.venv/lib/python3.13/site-packages/fastapi/routing.py:328: StarletteDeprecationWarning: 'HTTP_422_UNPROCESSABLE_ENTITY' is deprecated. Use 'HTTP_422_UNPROCESSABLE_CONTENT' instead.
    return await dependant.call(**values)

tests/test_auth.py: 10 warnings
  [HOME]/Facultad/tesis/tesis-fim-serio/backend/.venv/lib/python3.13/site-packages/httpx/_client.py:1859: DeprecationWarning: Setting per-request cookies=<...> is being deprecated, because the expected behaviour on cookie persistence is ambiguous. Set cookies directly on the client instance instead.
    return await self.request(

tests/test_c22_pki.py::test_start_mtls_server_retorna_server_con_install_signal_handlers_false
  [HOME]/Facultad/tesis/tesis-fim-serio/backend/.venv/lib/python3.13/site-packages/websockets/legacy/__init__.py:6: DeprecationWarning: websockets.legacy is deprecated; see https://websockets.readthedocs.io/en/stable/howto/upgrade.html for upgrade instructions
    warnings.warn(  # deprecated in 14.0 - 2024-11-09

tests/test_c22_pki.py::test_start_mtls_server_retorna_server_con_install_signal_handlers_false
  [HOME]/Facultad/tesis/tesis-fim-serio/backend/.venv/lib/python3.13/site-packages/uvicorn/protocols/websockets/websockets_impl.py:17: DeprecationWarning: websockets.server.WebSocketServerProtocol is deprecated
    from websockets.server import WebSocketServerProtocol

tests/test_notifications.py::test_health_all_ok
tests/test_notifications.py::test_health_n8n_degraded_when_not_configured
tests/test_notifications.py::test_health_check_reads_health_url_not_webhook_url
  [HOME]/.local/share/uv/python/cpython-3.13.14-linux-x86_64-gnu/lib/python3.13/asyncio/base_events.py:2045: RuntimeWarning: coroutine 'AsyncMockMixin._execute_mock_call' was never awaited
    handle = self._ready.popleft()
  Enable tracemalloc to get traceback where the object was allocated.
  See https://docs.pytest.org/en/stable/how-to/capture-warnings.html#resource-warnings for more info.

-- Docs: https://docs.pytest.org/en/stable/how-to/capture-warnings.html
- generated xml file: [HOME]/Facultad/tesis/tesis-fim-serio-worktrees/l5-agents/.v10-evidence/l5/junit/backend_full_rerun.xml -
=========================== short test summary info ============================
FAILED backend/tests/modules/users/test_user_management.py::test_admin_crea_usuario_201_y_audit_log
FAILED backend/tests/modules/users/test_user_management.py::test_post_users_email_invalido_retorna_422
FAILED backend/tests/modules/users/test_user_management.py::test_seed_admin_usa_admin_email_configurado
FAILED backend/tests/modules/users/test_user_management.py::test_seed_admin_usa_default_cuando_no_hay_admin_email
FAILED backend/tests/test_actions_router.py::test_approve_missing_required_field_returns_validation_422
FAILED backend/tests/test_auth.py::test_gracia_no_resucita_refresh_ganador_revocado_por_change_password_sin_cookie
FAILED backend/tests/test_auth.py::test_logout_invalida_tambien_el_refresh_token
FAILED backend/tests/test_event_listing_contract.py::test_list_events_default_page_size_is_50
FAILED backend/tests/test_event_severity.py::test_events_severity_query_fixture_is_accepted_and_selective
FAILED backend/tests/test_notifications.py::test_post_retry_alert_409_if_delivered
ERROR backend/tests/core/test_notification_settings.py::test_notification_settings_default_to_empty
ERROR backend/tests/core/test_rate_limit_load.py::test_api_expire_usa_nx_en_requests_subsiguientes
ERROR backend/tests/core/test_rate_limit_load.py::test_login_n_requests_dentro_del_bucket_no_rechazados
ERROR backend/tests/core/test_rate_limit_load.py::test_login_ttl_siempre_presente_tras_incrementos_count_mayor_a_1
ERROR backend/tests/modules/events/test_retention.py::test_compact_chain_compacta_cadena_mayor_10
ERROR backend/tests/modules/events/test_retention.py::test_compact_chain_no_elimina_si_10_o_menos
ERROR backend/tests/modules/events/test_retention.py::test_compact_chain_preserva_protegidos_por_audit_log
ERROR backend/tests/modules/users/test_user_management.py::test_post_users_email_duplicado_retorna_409
ERROR backend/tests/test_auth.py::test_login_error_es_identico_para_password_mala_y_usuario_inexistente
ERROR backend/tests/test_auth.py::test_rate_limit_login_5_intentos_pasan - sq...
ERROR backend/tests/test_auth.py::test_refresh_sin_cookie_retorna_401 - sqlal...
ERROR backend/tests/test_auth.py::test_logout_revoca_refresh_jti_sin_recibir_cookie_canonica
ERROR backend/tests/test_auth.py::test_scope_password_change_only_en_access_token
ERROR backend/tests/test_c22_fk_chain.py::test_ingest_event_keeps_new_event_after_compaction
ERROR backend/tests/test_c22_pki.py::test_ensure_ca_rejects_legacy_ca_without_key_usage_without_rewriting
ERROR backend/tests/test_c22_scope_gate.py::test_get_events_scope_password_change_only_retorna_403
ERROR backend/tests/test_c22_scope_gate.py::test_get_rules_scope_password_change_only_retorna_403
ERROR backend/tests/test_c22_scope_gate.py::test_get_rule_by_id_scope_password_change_only_retorna_403
ERROR backend/tests/test_c31_backend_event_correctness.py::test_fix04_pagination_sql
ERROR backend/tests/test_domain_models.py::TestPublishedCommand::test_target_agent_id_nullable
ERROR backend/tests/test_domain_models.py::TestPublishedCommand::test_published_at_defaults_to_none_pending_outbox_row
ERROR backend/tests/test_drain_backend_unit1.py::test_agent_credentials_and_revocation_use_one_select
ERROR backend/tests/test_event_router.py::test_get_event_by_id_no_auth_returns_401
ERROR backend/tests/test_event_status_derivation.py::test_derive_event_status_table[manual_review-False-pending]
ERROR backend/tests/test_event_status_derivation.py::test_explicit_status_key_is_ignored
ERROR backend/tests/test_event_status_derivation.py::test_forged_status_cannot_induce_backend_exclusive_transitions[superseded]
ERROR backend/tests/test_event_status_derivation.py::test_rehydrate_failed_entry_yields_pending
ERROR backend/tests/test_event_status_derivation.py::test_migration_007_is_idempotent
ERROR backend/tests/test_event_symlink_metadata.py::test_migration_005_is_idempotent
ERROR backend/tests/test_health_n8n_check.py::test_any_error_status_is_down[502]
ERROR backend/tests/test_health_n8n_check.py::test_n8n_degraded_when_not_configured
ERROR backend/tests/test_n8n_workflow_contract.py::test_workflows_do_not_use_forbidden_field_names
ERROR backend/tests/test_n8n_workflow_contract.py::test_extractor_handles_the_expression_forms_in_use[={{ $json.body.severity }}]
ERROR backend/tests/test_n8n_workflow_contract.py::test_extractor_handles_the_expression_forms_in_use[=[FIM] {{ $json.body.severity | upper }}: {{ $json.body.path }}]
ERROR backend/tests/test_n8n_workflow_contract.py::test_extractor_handles_the_expression_forms_in_use[={{ $json.body.recipient || 'security@example.com' }}]
ERROR backend/tests/test_notification_payload_contract.py::test_action_taken_is_not_a_second_copy_of_status[auto_restored-auto_restore]
ERROR backend/tests/test_notifications.py::test_send_n8n_success - sqlalchemy...
ERROR backend/tests/test_notifications.py::test_send_webhook_fallback_skipped_when_no_url
ERROR backend/tests/test_notifications.py::test_determine_severity_critical
ERROR backend/tests/test_notifications.py::test_determine_severity_high_over_low
ERROR backend/tests/test_notifications.py::test_determine_severity_no_match
ERROR backend/tests/test_notifications.py::test_notify_skip_superseded - sqla...
ERROR backend/tests/test_notifications.py::test_notify_skip_low_severity - sq...
ERROR backend/tests/test_retention_task.py::test_retention_does_not_delete_pending
ERROR backend/tests/test_rules_router.py::test_put_rule_no_auth_returns_401
===== 10 failed, 563 passed, 121 warnings, 45 errors in 221.38s (0:03:41) ======
