event_id,path,event_type,status,severity,detected_at,received_at
5667a1c0-c6d6-4d3f-ae3a-542ac74bba88,/srv/fim-watch/gen_00001.txt,file_modified,alert_only,high,2026-09-18 01:46:35.651973+00,2026-09-18 01:51:40.104123+00
2c8ffdd5-4f47-4c87-8bc0-7799839f06dc,/srv/fim-watch/gen_00001.txt,file_modified,alert_only,high,2026-09-18 01:46:35.752647+00,2026-09-18 01:51:40.169445+00
f80536cc-694d-42c9-8c56-7910ade8836b,/srv/fim-watch/gen_00001.txt,file_modified,alert_only,high,2026-09-18 01:46:35.852758+00,2026-09-18 01:51:40.185345+00
574c3725-3a20-4002-9d4c-4a8b8c0898ce,/srv/fim-watch/gen_00001.txt,file_modified,alert_only,high,2026-09-18 01:46:35.952734+00,2026-09-18 01:51:40.229097+00
d68f02cb-b0ea-4784-9759-b900d7271ac9,/srv/fim-watch/gen_00001.txt,file_modified,alert_only,high,2026-09-18 01:46:36.052523+00,2026-09-18 01:51:40.237668+00
b0691dfb-60fe-4344-b64d-15dd494f8741,/srv/fim-watch/gen_00002.txt,file_created,alert_only,high,2026-09-18 01:46:36.152803+00,2026-09-18 01:51:40.256443+00
3ca5bdd1-9951-4b38-af1f-3e6b3b4c51f7,/srv/fim-watch/critico/gen_00003.txt,file_modified,alert_only,critical,2026-09-18 01:46:36.253032+00,2026-09-18 01:51:40.273635+00
f2953ee5-9910-4a7c-a11c-300b32a4f5cb,/srv/fim-watch/gen_00001.txt,file_deleted,alert_only,high,2026-09-18 01:46:36.352508+00,2026-09-18 01:51:40.290717+00
3a0e9e1a-4bec-496b-98a6-de37ad84eabe,/srv/fim-watch/gen_00004.txt,file_modified,alert_only,high,2026-09-18 01:46:36.452953+00,2026-09-18 01:51:40.310465+00
ec29b2a3-e92d-41f2-aae0-6e0b7521e3c5,/srv/fim-watch/critico/gen_00003.txt,file_modified,alert_only,critical,2026-09-18 01:46:36.552517+00,2026-09-18 01:51:40.327126+00
1e499ddf-2003-47a3-9cd3-5146264a7cca,/srv/fim-watch/critico/gen_00003.txt,file_modified,alert_only,critical,2026-09-18 01:46:36.652997+00,2026-09-18 01:51:40.343406+00
dd83d19a-bfd9-480b-98f7-24e0c02c5a61,/srv/fim-watch/gen_00004.txt,file_modified,alert_only,high,2026-09-18 01:46:36.753045+00,2026-09-18 01:51:40.359203+00
b62c1661-b401-4853-a1dd-b7c79d39a56f,/srv/fim-watch/gen_00002.txt,file_modified,alert_only,high,2026-09-18 01:46:36.85275+00,2026-09-18 01:51:40.375544+00
fd02d8ef-2ebd-4fe9-9c53-917452990b82,/srv/fim-watch/critico/gen_00003.txt,file_modified,alert_only,critical,2026-09-18 01:46:36.95262+00,2026-09-18 01:51:40.403652+00
58581ef4-340a-47b5-b43f-91e1e7e8e8af,/srv/fim-watch/gen_00005.txt,file_modified,alert_only,high,2026-09-18 01:46:37.052393+00,2026-09-18 01:51:40.411197+00
0e8fdbdd-f9f7-41ac-aae2-bd0430ca2c89,/srv/fim-watch/gen_00005.txt,file_deleted,alert_only,high,2026-09-18 01:46:37.152464+00,2026-09-18 01:51:40.431727+00
fffb3241-9af0-4fc2-a2c3-0a232246226a,/srv/fim-watch/gen_00006.txt,file_modified,alert_only,high,2026-09-18 01:46:37.252974+00,2026-09-18 01:51:40.449328+00
98b86b3b-e0d4-4906-b3fc-cd9e07a56963,/srv/fim-watch/gen_00007.txt,file_modified,alert_only,high,2026-09-18 01:46:37.35262+00,2026-09-18 01:51:40.466629+00
dcf41950-c6fc-4c18-8d4a-524a006074d7,/srv/fim-watch/gen_00004.txt,file_modified,alert_only,high,2026-09-18 01:46:37.452804+00,2026-09-18 01:51:40.483958+00
b5d2c097-ccc9-4181-8a94-78630d0e145e,/srv/fim-watch/critico/gen_00003.txt,file_modified,alert_only,critical,2026-09-18 01:46:37.552974+00,2026-09-18 01:51:40.499632+00
8af35dd2-6ca7-4617-b0bd-a4cfbc93375d,/srv/fim-watch/critico/gen_00003.txt,file_modified,alert_only,critical,2026-09-18 01:46:37.652571+00,2026-09-18 01:51:40.515528+00
435f5146-112f-4362-97b4-608c72565a60,/srv/fim-watch/critico/gen_00003.txt,file_modified,alert_only,critical,2026-09-18 01:46:37.752986+00,2026-09-18 01:51:40.532184+00
9f7b8160-7647-4f4e-a466-e7d3236c9581,/srv/fim-watch/gen_00006.txt,file_modified,alert_only,high,2026-09-18 01:46:37.852245+00,2026-09-18 01:51:40.549167+00
5e014083-1b6c-4b8d-b473-ddd811bc36dc,/srv/fim-watch/critico/gen_00003.txt,file_deleted,alert_only,critical,2026-09-18 01:46:37.952666+00,2026-09-18 01:51:40.567144+00
eb9438f3-6faf-4cc1-adb3-2cdf20adf663,/srv/fim-watch/gen_00006.txt,file_modified,alert_only,high,2026-09-18 01:46:38.052528+00,2026-09-18 01:51:40.583347+00
39b3db2e-87bc-4029-8efc-1b87614cb03b,/srv/fim-watch/gen_00008.txt,file_modified,alert_only,high,2026-09-18 01:46:38.152466+00,2026-09-18 01:51:40.598726+00
789f5838-0db8-45cb-9015-0d0f3267e417,/srv/fim-watch/gen_00007.txt,file_modified,alert_only,high,2026-09-18 01:46:38.253015+00,2026-09-18 01:51:40.614347+00
c2846ad4-1fb2-4c06-aff4-40a8a7886bb9,/srv/fim-watch/gen_00007.txt,file_modified,alert_only,high,2026-09-18 01:46:38.352628+00,2026-09-18 01:51:40.63189+00
5fa52384-8d6a-44f2-a3b0-77cefe89c85c,/srv/fim-watch/gen_00002.txt,file_modified,alert_only,high,2026-09-18 01:46:38.452831+00,2026-09-18 01:51:40.647915+00
447e3dd3-9eb3-4937-8c5c-66ea71a65dac,/srv/fim-watch/gen_00009.txt,file_modified,alert_only,high,2026-09-18 01:46:38.552925+00,2026-09-18 01:51:40.663767+00
3a32fe6d-1295-491b-b662-572722f113b0,/srv/fim-watch/gen_00009.txt,file_deleted,alert_only,high,2026-09-18 01:46:38.652993+00,2026-09-18 01:51:40.680269+00
60b51191-cade-4c8b-bed6-25cb3f177141,/srv/fim-watch/gen_00006.txt,file_modified,alert_only,high,2026-09-18 01:46:38.753071+00,2026-09-18 01:51:40.696968+00
82ca2d21-7a30-4e08-8e8b-fe1c5a1eb1d4,/srv/fim-watch/gen_00007.txt,file_modified,alert_only,high,2026-09-18 01:46:38.852804+00,2026-09-18 01:51:40.712506+00
f09acef0-2e6f-4da5-940c-f23b330586d2,/srv/fim-watch/gen_00002.txt,file_deleted,alert_only,high,2026-09-18 01:46:38.952631+00,2026-09-18 01:51:40.72844+00
0560e7de-b10b-4567-8686-32619af10ea5,/srv/fim-watch/gen_00010.txt,file_created,alert_only,high,2026-09-18 01:46:39.052431+00,2026-09-18 01:51:40.746819+00
12fcb4fa-d414-4e42-9220-c1291114575c,/srv/fim-watch/gen_00010.txt,file_modified,alert_only,high,2026-09-18 01:46:39.152572+00,2026-09-18 01:51:40.76409+00
234c5e6f-7cf0-4600-a12e-8469818c59e6,/srv/fim-watch/gen_00004.txt,file_modified,alert_only,high,2026-09-18 01:46:39.253013+00,2026-09-18 01:51:40.780834+00
20558007-1597-4f77-99c8-5cfda5953795,/srv/fim-watch/gen_00004.txt,file_modified,alert_only,high,2026-09-18 01:46:39.352956+00,2026-09-18 01:51:40.798657+00
c04fdc9d-185d-4fd8-ab82-f131c3876521,/srv/fim-watch/gen_00004.txt,file_modified,alert_only,high,2026-09-18 01:46:39.452775+00,2026-09-18 01:51:40.816279+00
d80617b4-f56e-405c-afd0-e84dea874cc7,/srv/fim-watch/gen_00004.txt,file_modified,alert_only,high,2026-09-18 01:46:39.552424+00,2026-09-18 01:51:40.833409+00
67e8ae7d-0c57-445d-9e3d-7b188bc9d0f9,/srv/fim-watch/gen_00004.txt,file_modified,alert_only,high,2026-09-18 01:46:39.652833+00,2026-09-18 01:51:40.848449+00
a914fb35-5bee-49a3-85c9-d9ec0bf84fe8,/srv/fim-watch/gen_00004.txt,file_modified,alert_only,high,2026-09-18 01:46:39.753155+00,2026-09-18 01:51:40.863118+00
6e5c4ca4-4ca6-4c0b-b9ff-d8e0b8508984,/srv/fim-watch/gen_00004.txt,file_modified,alert_only,high,2026-09-18 01:46:39.852942+00,2026-09-18 01:51:40.88024+00
59014e23-7747-4fef-a493-f247b78d9ba6,/srv/fim-watch/gen_00004.txt,file_modified,alert_only,high,2026-09-18 01:46:39.953052+00,2026-09-18 01:51:40.908184+00
4c1834a4-6635-4378-be27-57c850bf8071,/srv/fim-watch/gen_00004.txt,file_modified,alert_only,high,2026-09-18 01:46:40.051883+00,2026-09-18 01:51:40.91594+00
1777f6c8-9979-4702-9243-6022f381a18e,/srv/fim-watch/gen_00004.txt,file_modified,alert_only,high,2026-09-18 01:46:40.152507+00,2026-09-18 01:51:40.934352+00
75fd1125-490e-4dd0-905b-cf17af8e125c,/srv/fim-watch/gen_00004.txt,file_modified,alert_only,high,2026-09-18 01:46:40.252468+00,2026-09-18 01:51:40.951477+00
1003c85a-bb37-4eda-b8f7-5f9b2141bfee,/srv/fim-watch/gen_00011.txt,file_created,alert_only,high,2026-09-18 01:46:40.352505+00,2026-09-18 01:51:40.970165+00
3d887071-0442-489d-a5f0-7fdfdf4099ad,/srv/fim-watch/gen_00012.txt,file_modified,alert_only,high,2026-09-18 01:46:40.452672+00,2026-09-18 01:51:40.9868+00
161310ca-2c9b-4321-bb90-d76ab828a3b8,/srv/fim-watch/gen_00007.txt,file_modified,alert_only,high,2026-09-18 01:46:40.552924+00,2026-09-18 01:51:41.004057+00
87bad096-152b-48c3-b311-39da926a14f5,/srv/fim-watch/gen_00007.txt,file_modified,alert_only,high,2026-09-18 01:46:40.652538+00,2026-09-18 01:51:41.021429+00
f4d4a785-c88f-45db-8e17-ca8ba1c4dde5,/srv/fim-watch/gen_00007.txt,file_modified,alert_only,high,2026-09-18 01:46:40.752466+00,2026-09-18 01:51:41.037415+00
335830bc-c28f-4f3d-aea9-68660e844723,/srv/fim-watch/gen_00007.txt,file_modified,alert_only,high,2026-09-18 01:46:40.853035+00,2026-09-18 01:51:41.053324+00
db6f8739-677b-4f0b-a4c8-f2f22625ed92,/srv/fim-watch/gen_00007.txt,file_modified,alert_only,high,2026-09-18 01:46:40.95273+00,2026-09-18 01:51:41.072108+00
3a3535e0-bbeb-4819-9df0-1ec9db2c4996,/srv/fim-watch/gen_00010.txt,file_modified,alert_only,high,2026-09-18 01:46:41.052491+00,2026-09-18 01:51:41.092422+00
d3824bcb-a959-4b2d-93ec-ea50cf0d2acb,/srv/fim-watch/gen_00007.txt,file_deleted,alert_only,high,2026-09-18 01:46:41.15208+00,2026-09-18 01:51:41.110057+00
c880c227-dffc-43ef-a817-deb63473b89a,/srv/fim-watch/gen_00012.txt,file_deleted,alert_only,high,2026-09-18 01:46:41.252607+00,2026-09-18 01:51:41.125299+00
40fd90de-a63a-453c-8025-c3105efcd581,/srv/fim-watch/gen_00013.txt,file_created,alert_only,high,2026-09-18 01:46:41.352736+00,2026-09-18 01:51:41.141669+00
93c085b5-1c89-41b4-b5d3-7b14309ccf04,/srv/fim-watch/gen_00013.txt,file_modified,alert_only,high,2026-09-18 01:46:41.452487+00,2026-09-18 01:51:41.158437+00
8f6e0e29-f933-4418-8365-275352d0e231,/srv/fim-watch/gen_00010.txt,file_modified,alert_only,high,2026-09-18 01:46:41.652938+00,2026-09-18 01:51:41.175113+00
c2ff79de-8fee-4284-94a3-75a1c5b48d46,/srv/fim-watch/gen_00011.txt,file_modified,alert_only,high,2026-09-18 01:46:41.752664+00,2026-09-18 01:51:41.191336+00
c1eddfb2-f11e-4324-b8f8-b41915321e91,/srv/fim-watch/gen_00014.txt,file_modified,alert_only,high,2026-09-18 01:46:41.852466+00,2026-09-18 01:51:41.207469+00
a0beddc1-f14e-4565-b182-3f2c3c0242f3,/srv/fim-watch/gen_00011.txt,file_modified,alert_only,high,2026-09-18 01:46:41.95314+00,2026-09-18 01:51:41.224168+00
68a6e858-2f5d-45b2-8cc2-bbed3d8cdadc,/srv/fim-watch/gen_00006.txt,file_modified,alert_only,high,2026-09-18 01:46:42.052519+00,2026-09-18 01:51:41.241896+00
d868470a-3bd7-4f84-8014-2435714049c1,/srv/fim-watch/gen_00008.txt,file_modified,alert_only,high,2026-09-18 01:46:42.152682+00,2026-09-18 01:51:41.256805+00
805529bf-a5d6-4ecc-999b-95217c82d92c,/srv/fim-watch/gen_00011.txt,file_modified,alert_only,high,2026-09-18 01:46:42.253151+00,2026-09-18 01:51:41.271943+00
cbd56469-4bfc-44a8-92b6-561ff4de009c,/srv/fim-watch/gen_00011.txt,file_modified,alert_only,high,2026-09-18 01:46:42.352735+00,2026-09-18 01:51:41.288459+00
18110ed8-21cc-4cfe-97e3-89f0db91823f,/srv/fim-watch/gen_00004.txt,file_modified,alert_only,high,2026-09-18 01:46:42.452931+00,2026-09-18 01:51:41.305225+00
1e8a5921-225f-48df-b5b9-b35564f2d0f5,/srv/fim-watch/gen_00004.txt,file_modified,alert_only,high,2026-09-18 01:46:42.552438+00,2026-09-18 01:51:41.321883+00
7ad090d7-1fe5-4b6c-bf03-8e20b1ba9790,/srv/fim-watch/gen_00010.txt,file_modified,alert_only,high,2026-09-18 01:46:42.652509+00,2026-09-18 01:51:41.341932+00
6d043143-c329-4e60-b3b4-e9cd47e289e4,/srv/fim-watch/gen_00013.txt,file_modified,alert_only,high,2026-09-18 01:46:42.752622+00,2026-09-18 01:51:41.362803+00
b603354c-16cf-4205-8eda-10d0f6b1efac,/srv/fim-watch/gen_00013.txt,file_modified,alert_only,high,2026-09-18 01:46:42.852501+00,2026-09-18 01:51:41.383332+00
f4a63eb8-6eef-49a0-8bdf-c1a00cb97866,/srv/fim-watch/gen_00015.txt,file_modified,alert_only,high,2026-09-18 01:46:42.952515+00,2026-09-18 01:51:41.403438+00
a8b23abd-491e-47c9-b9a7-9a36408b0c26,/srv/fim-watch/gen_00016.txt,file_modified,alert_only,high,2026-09-18 01:46:43.051972+00,2026-09-18 01:51:41.421573+00
debfb8c1-93d0-4f1c-8c3d-a20f6cc8f7df,/srv/fim-watch/gen_00014.txt,file_modified,alert_only,high,2026-09-18 01:46:43.152628+00,2026-09-18 01:51:41.439214+00
297d1bae-a163-40a2-b775-5248d4447884,/srv/fim-watch/gen_00014.txt,file_modified,alert_only,high,2026-09-18 01:46:43.252333+00,2026-09-18 01:51:41.45621+00
58273a7a-ff63-43a8-ae07-b9fb0a5cac61,/srv/fim-watch/gen_00014.txt,file_modified,alert_only,high,2026-09-18 01:46:43.352591+00,2026-09-18 01:51:41.472998+00
47488ab5-5189-4dbf-af0f-68fb738cbb5c,/srv/fim-watch/gen_00004.txt,file_modified,alert_only,high,2026-09-18 01:46:43.452547+00,2026-09-18 01:51:41.489763+00
b6a891b6-8a4b-450b-be49-92ab2c2c331e,/srv/fim-watch/gen_00004.txt,file_deleted,alert_only,high,2026-09-18 01:46:43.552137+00,2026-09-18 01:51:41.506589+00
a5cf5d47-094e-4c2a-87bb-4b5370a2e06b,/srv/fim-watch/gen_00014.txt,file_deleted,alert_only,high,2026-09-18 01:46:43.652358+00,2026-09-18 01:51:41.52487+00
0667e9c7-c716-4064-adcd-1385d0beff3c,/srv/fim-watch/gen_00016.txt,file_modified,alert_only,high,2026-09-18 01:46:43.752987+00,2026-09-18 01:51:41.54635+00
146d8a78-ec7b-450e-8c73-7d71463ba125,/srv/fim-watch/gen_00015.txt,file_modified,alert_only,high,2026-09-18 01:46:43.852697+00,2026-09-18 01:51:41.567262+00
087b9832-b8b7-49bf-bb4d-0d79a85dd7b7,/srv/fim-watch/gen_00015.txt,file_modified,alert_only,high,2026-09-18 01:46:43.953046+00,2026-09-18 01:51:41.586005+00
af0e65bb-bc28-4dec-aa00-e256bf5c8ac8,/srv/fim-watch/gen_00017.txt,file_modified,alert_only,high,2026-09-18 01:46:44.05358+00,2026-09-18 01:51:41.606254+00
afe3569f-cc21-4e1a-8fd2-40096873a98c,/srv/fim-watch/gen_00017.txt,file_deleted,alert_only,high,2026-09-18 01:46:44.152934+00,2026-09-18 01:51:41.622812+00
85878e29-bbb9-47ae-9200-606b317fc0d0,/srv/fim-watch/gen_00006.txt,file_modified,alert_only,high,2026-09-18 01:46:44.252603+00,2026-09-18 01:51:41.642922+00
49d1e8b6-3b0b-47f4-93b6-6f2d85ea7428,/srv/fim-watch/gen_00006.txt,file_modified,alert_only,high,2026-09-18 01:46:44.353103+00,2026-09-18 01:51:41.661643+00
ec71ee59-c9af-41ce-b62f-9fedede39c43,/srv/fim-watch/gen_00015.txt,file_modified,alert_only,high,2026-09-18 01:46:44.45256+00,2026-09-18 01:51:41.67601+00
57d6a7b0-64e2-44cc-ae44-4c6e2c9ee882,/srv/fim-watch/gen_00016.txt,file_modified,alert_only,high,2026-09-18 01:46:44.552225+00,2026-09-18 01:51:41.690592+00
52cebbab-476b-4651-a724-ccdebd8a80ca,/srv/fim-watch/gen_00016.txt,file_modified,alert_only,high,2026-09-18 01:46:44.652115+00,2026-09-18 01:51:41.705736+00
fdc2f713-da28-4f78-bfa3-559776266564,/srv/fim-watch/gen_00018.txt,file_modified,alert_only,high,2026-09-18 01:46:44.753125+00,2026-09-18 01:51:41.721814+00
a18eb2e0-812b-4468-8071-6a07e1410139,/srv/fim-watch/gen_00008.txt,file_modified,alert_only,high,2026-09-18 01:46:44.852512+00,2026-09-18 01:51:41.738023+00
30242782-5375-47d9-ba09-dcd83ca7094b,/srv/fim-watch/gen_00008.txt,file_modified,alert_only,high,2026-09-18 01:46:44.952773+00,2026-09-18 01:51:41.75285+00
e076bb1e-4a05-470a-be1f-730421ffe8da,/srv/fim-watch/gen_00008.txt,file_modified,alert_only,high,2026-09-18 01:46:45.052624+00,2026-09-18 01:51:41.776546+00
d8c82bdb-d5ef-48e5-8b95-21edb6dffbf4,/srv/fim-watch/gen_00008.txt,file_modified,alert_only,high,2026-09-18 01:46:45.152131+00,2026-09-18 01:51:41.783891+00
d2c9aab3-f1ec-4e0b-910a-e5af18f9e65c,/srv/fim-watch/gen_00008.txt,file_modified,alert_only,high,2026-09-18 01:46:45.252656+00,2026-09-18 01:51:41.803092+00
a0024539-c946-43ba-891c-5fbac1a2ca86,/srv/fim-watch/gen_00011.txt,file_modified,alert_only,high,2026-09-18 01:46:45.35302+00,2026-09-18 01:51:41.822423+00
ed4ba29c-fa79-43b6-a897-d06f5129f024,/srv/fim-watch/gen_00013.txt,file_modified,alert_only,high,2026-09-18 01:46:45.452753+00,2026-09-18 01:51:41.844662+00
aeaa056b-fbc9-46b1-b677-35c455ec0a58,/srv/fim-watch/gen_00013.txt,file_modified,alert_only,high,2026-09-18 01:46:45.552503+00,2026-09-18 01:51:41.866707+00
106d500a-32e2-4072-bab1-1e432d856b31,/srv/fim-watch/gen_00013.txt,file_modified,alert_only,high,2026-09-18 01:46:45.652481+00,2026-09-18 01:51:41.885797+00
45a3585a-b3c8-40b6-a122-320edc5ade77,/srv/fim-watch/gen_00013.txt,file_modified,alert_only,high,2026-09-18 01:46:45.752728+00,2026-09-18 01:51:41.90457+00
02c647e0-0380-47cc-9b6e-3ad9942927d1,/srv/fim-watch/gen_00013.txt,file_modified,alert_only,high,2026-09-18 01:46:45.8527+00,2026-09-18 01:51:41.921157+00
1c1261da-c5bf-4c82-835f-b545074c4833,/srv/fim-watch/gen_00013.txt,file_modified,alert_only,high,2026-09-18 01:46:45.952802+00,2026-09-18 01:51:41.93715+00
0f557068-6723-4409-945a-c1d5d69a9e3d,/srv/fim-watch/gen_00019.txt,file_modified,alert_only,high,2026-09-18 01:46:46.052524+00,2026-09-18 01:51:41.953327+00
8abf35ea-3b1c-433e-8938-47fdf1738698,/srv/fim-watch/gen_00008.txt,file_deleted,alert_only,high,2026-09-18 01:46:46.152449+00,2026-09-18 01:51:41.970738+00
caa269e6-c778-47f2-adbc-f9e19478273c,/srv/fim-watch/gen_00018.txt,file_modified,alert_only,high,2026-09-18 01:46:46.353146+00,2026-09-18 01:51:41.988014+00
8cdbb789-1bb8-4e99-8ff2-d21c642dd0df,/srv/fim-watch/gen_00018.txt,file_modified,alert_only,high,2026-09-18 01:46:46.452697+00,2026-09-18 01:51:42.005468+00
d74941ae-8eda-4e8d-bc36-59a59d1a7a17,/srv/fim-watch/gen_00020.txt,file_modified,alert_only,high,2026-09-18 01:46:46.5528+00,2026-09-18 01:51:42.022336+00
98ba6d1d-ff0e-4dc9-8374-a8e672fd1c79,/srv/fim-watch/gen_00018.txt,file_modified,alert_only,high,2026-09-18 01:46:46.652825+00,2026-09-18 01:51:42.039542+00
6e764c61-2c9e-4fec-8820-119f2868bdf5,/srv/fim-watch/gen_00015.txt,file_modified,alert_only,high,2026-09-18 01:46:46.752701+00,2026-09-18 01:51:42.056539+00
25db876b-055d-4fec-9116-f6ce83441850,/srv/fim-watch/gen_00010.txt,file_deleted,alert_only,high,2026-09-18 01:46:46.852371+00,2026-09-18 01:51:42.073769+00
0aed0e47-7247-4730-a998-94ba17957b7f,/srv/fim-watch/gen_00013.txt,file_modified,alert_only,high,2026-09-18 01:46:46.952687+00,2026-09-18 01:51:42.090777+00
b004fc5c-5562-4457-b21c-ea0c395a95fd,/srv/fim-watch/gen_00013.txt,file_modified,alert_only,high,2026-09-18 01:46:47.052649+00,2026-09-18 01:51:42.10859+00
ee55a376-8c18-4db8-8711-b07986c20e70,/srv/fim-watch/gen_00021.txt,file_modified,alert_only,high,2026-09-18 01:46:47.152507+00,2026-09-18 01:51:42.126477+00
eceee40f-e2c4-4c54-9788-210cef6f1ba9,/srv/fim-watch/gen_00011.txt,file_modified,alert_only,high,2026-09-18 01:46:47.252645+00,2026-09-18 01:51:42.145523+00
729f9612-ce68-4c90-b2e1-487f3fe91e0a,/srv/fim-watch/gen_00021.txt,file_modified,alert_only,high,2026-09-18 01:46:47.352506+00,2026-09-18 01:51:42.164765+00
e38496eb-4195-4306-9532-c1dbb4b452da,/srv/fim-watch/gen_00021.txt,file_deleted,alert_only,high,2026-09-18 01:46:47.452386+00,2026-09-18 01:51:42.183396+00
af2db3e9-5311-4fa9-a480-55c7ce5404a1,/srv/fim-watch/gen_00022.txt,file_created,alert_only,high,2026-09-18 01:46:47.552319+00,2026-09-18 01:51:42.202416+00
236581bf-daa0-447b-baff-5105763e9b2d,/srv/fim-watch/critico/gen_00023.txt,file_created,alert_only,critical,2026-09-18 01:46:47.652233+00,2026-09-18 01:51:42.219548+00
c084c96a-6667-4e40-ba18-0ac67d2f0c3e,/srv/fim-watch/gen_00022.txt,file_modified,alert_only,high,2026-09-18 01:46:47.752924+00,2026-09-18 01:51:42.236301+00
2abe7594-477e-4fc7-bcf2-0969059912a2,/srv/fim-watch/gen_00022.txt,file_modified,alert_only,high,2026-09-18 01:46:47.852194+00,2026-09-18 01:51:42.255902+00
595e78f1-e99a-4f4b-be70-181a5b57aca8,/srv/fim-watch/gen_00022.txt,file_modified,alert_only,high,2026-09-18 01:46:47.952533+00,2026-09-18 01:51:42.276464+00
fae922c4-183d-41ce-8663-75ba4bfe5511,/srv/fim-watch/gen_00022.txt,file_modified,alert_only,high,2026-09-18 01:46:48.052777+00,2026-09-18 01:51:42.29687+00
e1b807d6-7510-4947-876b-4d0fe61a78d2,/srv/fim-watch/gen_00022.txt,file_modified,alert_only,high,2026-09-18 01:46:48.152948+00,2026-09-18 01:51:42.316881+00
22368516-024e-44a8-822e-88bbdc88f276,/srv/fim-watch/gen_00011.txt,file_modified,alert_only,high,2026-09-18 01:46:48.252407+00,2026-09-18 01:51:42.33673+00
36bc070c-cc34-4f4d-a380-43e5b7b0b7e2,/srv/fim-watch/gen_00020.txt,file_modified,alert_only,high,2026-09-18 01:46:48.352928+00,2026-09-18 01:51:42.355801+00
bf323b94-2c5c-444f-abc6-3cf7813382c5,/srv/fim-watch/gen_00015.txt,file_modified,alert_only,high,2026-09-18 01:46:48.452904+00,2026-09-18 01:51:42.375851+00
296d85e4-3eb9-44e0-b755-05c390491b2d,/srv/fim-watch/gen_00020.txt,file_modified,alert_only,high,2026-09-18 01:46:48.552462+00,2026-09-18 01:51:42.396289+00
99c4e7ee-7343-4a6b-8c5e-8d8b49fce2ef,/srv/fim-watch/gen_00006.txt,file_modified,alert_only,high,2026-09-18 01:46:48.652702+00,2026-09-18 01:51:42.41474+00
0584b8d0-aaeb-458a-a1f4-c30906a7fbcf,/srv/fim-watch/critico/gen_00023.txt,file_modified,alert_only,critical,2026-09-18 01:46:48.753048+00,2026-09-18 01:51:42.429044+00
c5f46984-7f52-4c94-b3bb-d5f8ecd8d0e6,/srv/fim-watch/gen_00018.txt,file_modified,alert_only,high,2026-09-18 01:46:48.85295+00,2026-09-18 01:51:42.443072+00
35028d5f-ebd8-4d18-97a4-cd83fc287e05,/srv/fim-watch/gen_00011.txt,file_modified,alert_only,high,2026-09-18 01:46:48.952747+00,2026-09-18 01:51:42.457619+00
53d4cfb5-62e2-4a62-846e-1be60dab39df,/srv/fim-watch/gen_00016.txt,file_modified,alert_only,high,2026-09-18 01:46:49.053368+00,2026-09-18 01:51:42.471202+00
cf8e2dbc-87fa-45dd-b181-f9abd520da61,/srv/fim-watch/gen_00024.txt,file_modified,alert_only,high,2026-09-18 01:46:49.152598+00,2026-09-18 01:51:42.485986+00
84865747-58ab-41fd-a8ee-8e3949352ef3,/srv/fim-watch/gen_00011.txt,file_modified,alert_only,high,2026-09-18 01:46:49.253306+00,2026-09-18 01:51:42.500277+00
2cc0c04f-f05c-4fdf-aa41-bb7680a0640c,/srv/fim-watch/gen_00018.txt,file_modified,alert_only,high,2026-09-18 01:46:49.352925+00,2026-09-18 01:51:42.515485+00
76cd7f62-b6dd-42e7-acf4-225af9710789,/srv/fim-watch/critico/gen_00025.txt,file_modified,alert_only,critical,2026-09-18 01:46:49.452359+00,2026-09-18 01:51:42.527818+00
b0a10c60-df3b-497f-8501-f73dc40e67ce,/srv/fim-watch/gen_00018.txt,file_modified,alert_only,high,2026-09-18 01:46:49.552079+00,2026-09-18 01:51:42.540459+00
a9912a3e-46bb-49b9-af26-1ad8cfde588e,/srv/fim-watch/gen_00026.txt,file_modified,alert_only,high,2026-09-18 01:46:49.652352+00,2026-09-18 01:51:42.554443+00
fa553072-5c51-4595-a8ef-fcbc8f1689f0,/srv/fim-watch/gen_00015.txt,file_deleted,alert_only,high,2026-09-18 01:46:49.752623+00,2026-09-18 01:51:42.570135+00
6d580d61-b34a-4e16-a5a7-01bb981fc526,/srv/fim-watch/gen_00020.txt,file_modified,alert_only,high,2026-09-18 01:46:49.853017+00,2026-09-18 01:51:42.585489+00
45f75a4d-c426-4b9c-a61a-818a3ea561c9,/srv/fim-watch/critico/gen_00023.txt,file_modified,alert_only,critical,2026-09-18 01:46:49.95333+00,2026-09-18 01:51:42.599456+00
46484513-7b4a-432b-9028-d850148689fc,/srv/fim-watch/gen_00006.txt,file_modified,alert_only,high,2026-09-18 01:46:50.052718+00,2026-09-18 01:51:42.613346+00
a0a73f11-f1fb-4f87-a0f7-44fdf3a01b91,/srv/fim-watch/gen_00026.txt,file_modified,alert_only,high,2026-09-18 01:46:50.152645+00,2026-09-18 01:51:42.639174+00
f94883b2-1c41-4271-bb05-009f7817f8a4,/srv/fim-watch/gen_00018.txt,file_modified,alert_only,high,2026-09-18 01:46:50.252526+00,2026-09-18 01:51:42.646309+00
ca5d28f7-5992-4259-8c06-9c09a681f90d,/srv/fim-watch/gen_00018.txt,file_deleted,alert_only,high,2026-09-18 01:46:50.352633+00,2026-09-18 01:51:42.662588+00
b40e4344-8b01-444a-94bf-7ef02fa8f357,/srv/fim-watch/gen_00027.txt,file_modified,alert_only,high,2026-09-18 01:46:50.452941+00,2026-09-18 01:51:42.677647+00
5aa9edd6-0438-48b7-a0e8-89a83e58c0d3,/srv/fim-watch/gen_00026.txt,file_modified,alert_only,high,2026-09-18 01:46:50.552664+00,2026-09-18 01:51:42.694694+00
b38abaa4-df42-48ba-8b13-bf3325569fd6,/srv/fim-watch/critico/gen_00025.txt,file_modified,alert_only,critical,2026-09-18 01:46:50.653199+00,2026-09-18 01:51:42.709834+00
06cd3d22-edb3-4260-b4f9-a26d3a26d40d,/srv/fim-watch/gen_00020.txt,file_modified,alert_only,high,2026-09-18 01:46:50.752963+00,2026-09-18 01:51:42.724281+00
25d1832b-d362-4c1a-8e4f-26d79d859868,/srv/fim-watch/gen_00019.txt,file_modified,alert_only,high,2026-09-18 01:46:50.852546+00,2026-09-18 01:51:42.738683+00
57551840-7b78-4e07-b0d4-a68484536453,/srv/fim-watch/gen_00019.txt,file_modified,alert_only,high,2026-09-18 01:46:50.952557+00,2026-09-18 01:51:42.753248+00
a2d78e63-11a9-47d6-806c-107b4f4e23f2,/srv/fim-watch/gen_00019.txt,file_modified,alert_only,high,2026-09-18 01:46:51.052693+00,2026-09-18 01:51:42.769419+00
8ac98cb1-5005-4373-8440-dc4b950eb4ab,/srv/fim-watch/gen_00019.txt,file_modified,alert_only,high,2026-09-18 01:46:51.153228+00,2026-09-18 01:51:42.78426+00
69b1cba6-9e55-4758-b517-a776e4b0b0eb,/srv/fim-watch/gen_00019.txt,file_modified,alert_only,high,2026-09-18 01:46:51.252561+00,2026-09-18 01:51:42.799425+00
e55417ac-823a-45d0-bfb9-897ab7ae9b9e,/srv/fim-watch/gen_00020.txt,file_modified,alert_only,high,2026-09-18 01:46:51.352675+00,2026-09-18 01:51:42.816079+00
8ddb55a4-db95-4c1a-855f-3545c9bf3d87,/srv/fim-watch/gen_00026.txt,file_deleted,alert_only,high,2026-09-18 01:46:51.452302+00,2026-09-18 01:51:42.832381+00
c46f47d1-c6c4-47d9-8762-e8bd963c5b44,/srv/fim-watch/gen_00027.txt,file_modified,alert_only,high,2026-09-18 01:46:51.552056+00,2026-09-18 01:51:42.848716+00
cb109bba-8835-425c-abbb-2392f8d435ac,/srv/fim-watch/gen_00020.txt,file_modified,alert_only,high,2026-09-18 01:46:51.652958+00,2026-09-18 01:51:42.866573+00
0b23b99f-c0d2-4bdf-b1f3-c102665c9be0,/srv/fim-watch/gen_00028.txt,file_modified,alert_only,high,2026-09-18 01:46:51.75305+00,2026-09-18 01:51:42.881495+00
7ac054c2-d37e-47a0-b3e6-cf92e62e8b11,/srv/fim-watch/gen_00020.txt,file_modified,alert_only,high,2026-09-18 01:46:51.852552+00,2026-09-18 01:51:42.895481+00
046f2b07-f044-4a17-a0f9-166acf9b4582,/srv/fim-watch/gen_00024.txt,file_modified,alert_only,high,2026-09-18 01:46:51.952896+00,2026-09-18 01:51:42.911087+00
6391bd40-7957-48cd-bd09-9055e85369af,/srv/fim-watch/gen_00029.txt,file_modified,alert_only,high,2026-09-18 01:46:52.052673+00,2026-09-18 01:51:42.924884+00
fa2f7151-c7fe-4f92-b782-62cc470b3403,/srv/fim-watch/gen_00028.txt,file_modified,alert_only,high,2026-09-18 01:46:52.152935+00,2026-09-18 01:51:42.940529+00
2d7102e5-2d16-4314-b1fa-1a7553b7812c,/srv/fim-watch/critico/gen_00025.txt,file_modified,alert_only,critical,2026-09-18 01:46:52.252904+00,2026-09-18 01:51:42.957606+00
70c4eaa0-54c0-48a2-978b-4ffe7c48a228,/srv/fim-watch/gen_00024.txt,file_modified,alert_only,high,2026-09-18 01:46:52.353082+00,2026-09-18 01:51:42.971297+00
70d6ec84-a015-482d-bcdb-e99c3d085082,/srv/fim-watch/gen_00030.txt,file_modified,alert_only,high,2026-09-18 01:46:52.452673+00,2026-09-18 01:51:42.987837+00
db3cf12f-f55c-494b-b2b2-fb2b5f949f20,/srv/fim-watch/gen_00022.txt,file_modified,alert_only,high,2026-09-18 01:46:52.553059+00,2026-09-18 01:51:43.003781+00
88449db2-3d44-431f-bc47-b58e71a0d868,/srv/fim-watch/gen_00031.txt,file_modified,alert_only,high,2026-09-18 01:46:52.652684+00,2026-09-18 01:51:43.019195+00
ee7e0918-6672-4a85-b034-bbb04d245579,/srv/fim-watch/gen_00032.txt,file_modified,alert_only,high,2026-09-18 01:46:52.752949+00,2026-09-18 01:51:43.03362+00
044626b1-08d5-4fc8-97cf-5454dcfa1dbd,/srv/fim-watch/gen_00032.txt,file_deleted,alert_only,high,2026-09-18 01:46:52.852945+00,2026-09-18 01:51:43.048111+00
774143f8-e461-4f0c-a184-f1fd05ea9b7b,/srv/fim-watch/gen_00027.txt,file_modified,alert_only,high,2026-09-18 01:46:52.952214+00,2026-09-18 01:51:43.063878+00
e6e5ef7b-b1b8-41ea-8c2b-7a6d1382278d,/srv/fim-watch/gen_00024.txt,file_modified,alert_only,high,2026-09-18 01:46:53.052447+00,2026-09-18 01:51:43.079656+00
c0536ee6-4c80-4aaa-ba0f-9732bb35ea0f,/srv/fim-watch/gen_00006.txt,file_modified,alert_only,high,2026-09-18 01:46:53.152581+00,2026-09-18 01:51:43.093866+00
fd90036a-c994-4102-8c3b-bd37295eee84,/srv/fim-watch/gen_00033.txt,file_modified,alert_only,high,2026-09-18 01:46:53.252523+00,2026-09-18 01:51:43.109352+00
b4910c6f-7f11-4966-9cf8-95fd5c5990d2,/srv/fim-watch/gen_00029.txt,file_modified,alert_only,high,2026-09-18 01:46:53.353151+00,2026-09-18 01:51:43.126309+00
06cd3217-10b6-4ce4-b8a6-8b260d6d3179,/srv/fim-watch/gen_00006.txt,file_modified,alert_only,high,2026-09-18 01:46:53.452929+00,2026-09-18 01:51:43.143025+00
4ca8f953-af54-45bc-af96-4a7bf3aaeccc,/srv/fim-watch/gen_00027.txt,file_modified,alert_only,high,2026-09-18 01:46:53.55318+00,2026-09-18 01:51:43.160284+00
6b10d97f-8771-406b-9831-3a5b76d9f5ac,/srv/fim-watch/gen_00027.txt,file_modified,alert_only,high,2026-09-18 01:46:53.652609+00,2026-09-18 01:51:43.176718+00
74e27295-151d-452b-b489-a3ad2014e90f,/srv/fim-watch/critico/gen_00025.txt,file_modified,alert_only,critical,2026-09-18 01:46:53.752652+00,2026-09-18 01:51:43.191968+00
6d080840-e986-40de-afda-3d887e219637,/srv/fim-watch/critico/gen_00025.txt,file_modified,alert_only,critical,2026-09-18 01:46:53.853194+00,2026-09-18 01:51:43.208836+00
cfdc8eb1-b270-4e01-bd13-3be089af7d3d,/srv/fim-watch/critico/gen_00025.txt,file_modified,alert_only,critical,2026-09-18 01:46:53.953085+00,2026-09-18 01:51:43.227362+00
a464910a-a3ed-4505-b138-663559772b87,/srv/fim-watch/critico/gen_00025.txt,file_modified,alert_only,critical,2026-09-18 01:46:54.052664+00,2026-09-18 01:51:43.246817+00
740854a7-3fed-45b4-a03d-5ea63e539508,/srv/fim-watch/critico/gen_00025.txt,file_modified,alert_only,critical,2026-09-18 01:46:54.153091+00,2026-09-18 01:51:43.263046+00
28174ec8-554e-43c4-b0fc-2231be035873,/srv/fim-watch/gen_00034.txt,file_modified,alert_only,high,2026-09-18 01:46:54.252526+00,2026-09-18 01:51:43.277882+00
8ea12924-6c71-4ee6-983d-baee3927486b,/srv/fim-watch/gen_00034.txt,file_deleted,alert_only,high,2026-09-18 01:46:54.352921+00,2026-09-18 01:51:43.293912+00
3ac43cf7-4096-4ba0-a838-50fab4df9e90,/srv/fim-watch/gen_00035.txt,file_modified,alert_only,high,2026-09-18 01:46:54.452537+00,2026-09-18 01:51:43.310799+00
f126a20b-b558-4428-9e74-a0c65c16be0f,/srv/fim-watch/gen_00024.txt,file_modified,alert_only,high,2026-09-18 01:46:54.552792+00,2026-09-18 01:51:43.331506+00
fca6db0f-e3d1-4db1-97f4-c218ec8f2468,/srv/fim-watch/gen_00035.txt,file_modified,alert_only,high,2026-09-18 01:46:54.651972+00,2026-09-18 01:51:43.349181+00
47f7b279-1ad1-4945-89db-8e20db6513b1,/srv/fim-watch/gen_00031.txt,file_modified,alert_only,high,2026-09-18 01:46:54.752519+00,2026-09-18 01:51:43.363473+00
2ac74a49-df24-4b5f-8345-e3b6f4b11692,/srv/fim-watch/gen_00033.txt,file_modified,alert_only,high,2026-09-18 01:46:54.853347+00,2026-09-18 01:51:43.37977+00
d8fdd8e9-1498-41d4-a096-5d1820ea2f80,/srv/fim-watch/gen_00033.txt,file_modified,alert_only,high,2026-09-18 01:46:54.952636+00,2026-09-18 01:51:43.396355+00
e1779437-f2bf-4a8f-a405-ec1202ca5837,/srv/fim-watch/gen_00029.txt,file_modified,alert_only,high,2026-09-18 01:46:55.052948+00,2026-09-18 01:51:43.41223+00
0c809dff-d1d6-44a8-a88d-e5d769c720c8,/srv/fim-watch/gen_00029.txt,file_modified,alert_only,high,2026-09-18 01:46:55.152899+00,2026-09-18 01:51:43.436834+00
907a4aef-2a1b-4ab4-bf3f-60b93bc2e86d,/srv/fim-watch/gen_00029.txt,file_modified,alert_only,high,2026-09-18 01:46:55.253347+00,2026-09-18 01:51:43.443036+00
67c14e47-4af3-4d7e-8691-12864d80c541,/srv/fim-watch/gen_00029.txt,file_modified,alert_only,high,2026-09-18 01:46:55.352566+00,2026-09-18 01:51:43.457909+00
acda5605-69a2-45fd-b411-4b0ff9bc95ce,/srv/fim-watch/gen_00029.txt,file_modified,alert_only,high,2026-09-18 01:46:55.452962+00,2026-09-18 01:51:43.472443+00
6f1cf91d-99fb-4c7c-93f1-c1b08b43ecea,/srv/fim-watch/gen_00022.txt,file_modified,alert_only,high,2026-09-18 01:46:55.552967+00,2026-09-18 01:51:43.487259+00
6b81a2d4-2b4f-464c-9845-70adcb21c060,/srv/fim-watch/gen_00013.txt,file_modified,alert_only,high,2026-09-18 01:46:55.653055+00,2026-09-18 01:51:43.503207+00
5d8390fa-3ff1-4f01-a4e2-a92f88ec7519,/srv/fim-watch/gen_00024.txt,file_modified,alert_only,high,2026-09-18 01:46:55.752045+00,2026-09-18 01:51:43.519399+00
3ec5ef8d-cecc-493c-8fe7-dcc28dd23d8a,/srv/fim-watch/gen_00006.txt,file_modified,alert_only,high,2026-09-18 01:46:55.852694+00,2026-09-18 01:51:43.535806+00
7523fda1-7525-4f42-ba26-12aa441406a3,/srv/fim-watch/gen_00036.txt,file_created,alert_only,high,2026-09-18 01:46:55.953143+00,2026-09-18 01:51:43.552539+00
a595ff7c-83ea-4240-a789-fac06b5fd92c,/srv/fim-watch/gen_00030.txt,file_deleted,alert_only,high,2026-09-18 01:46:56.052057+00,2026-09-18 01:51:43.569517+00
6fab68bd-0d54-4226-822e-6a1dc9ecbefb,/srv/fim-watch/gen_00024.txt,file_modified,alert_only,high,2026-09-18 01:46:56.152771+00,2026-09-18 01:51:43.586277+00
4b34054c-153d-4f83-82fc-5e19d283d4e2,/srv/fim-watch/gen_00011.txt,file_modified,alert_only,high,2026-09-18 01:46:56.25267+00,2026-09-18 01:51:43.601166+00
437375b6-f051-4a6c-925e-892fbff2c335,/srv/fim-watch/gen_00028.txt,file_modified,alert_only,high,2026-09-18 01:46:56.353263+00,2026-09-18 01:51:43.617875+00
61460e1a-f099-4242-8533-ad6b62c79c73,/srv/fim-watch/gen_00028.txt,file_modified,alert_only,high,2026-09-18 01:46:56.453254+00,2026-09-18 01:51:43.635099+00
fc02859a-6940-41f5-b577-679369e076e7,/srv/fim-watch/gen_00016.txt,file_modified,alert_only,high,2026-09-18 01:46:56.552892+00,2026-09-18 01:51:43.651485+00
3fce6453-846d-496c-a486-245881e9eacf,/srv/fim-watch/gen_00016.txt,file_modified,alert_only,high,2026-09-18 01:46:56.652674+00,2026-09-18 01:51:43.667626+00
d9b40808-09c9-433f-9c78-e4c96e38b553,/srv/fim-watch/gen_00029.txt,file_modified,alert_only,high,2026-09-18 01:46:56.752552+00,2026-09-18 01:51:43.683634+00
4db3f1f2-5f34-46ca-b841-65d02af785aa,/srv/fim-watch/critico/gen_00037.txt,file_modified,alert_only,critical,2026-09-18 01:46:56.85299+00,2026-09-18 01:51:43.698993+00
9ec3e8a3-2f86-4a1c-ab26-6253df40a3ac,/srv/fim-watch/gen_00024.txt,file_modified,alert_only,high,2026-09-18 01:46:56.953053+00,2026-09-18 01:51:43.714188+00
3a7226ee-ada9-487e-a5b7-880482ebd235,/srv/fim-watch/gen_00024.txt,file_modified,alert_only,high,2026-09-18 01:46:57.052669+00,2026-09-18 01:51:43.729302+00
d4f51da2-b891-48e9-a48b-b4a255d32793,/srv/fim-watch/gen_00024.txt,file_modified,alert_only,high,2026-09-18 01:46:57.152894+00,2026-09-18 01:51:43.744543+00
fec46d6b-d904-4d02-bbd0-43bb15e547b8,/srv/fim-watch/gen_00024.txt,file_modified,alert_only,high,2026-09-18 01:46:57.252562+00,2026-09-18 01:51:43.75957+00
9b968bdf-f04b-486e-b02b-c7318231d959,/srv/fim-watch/gen_00024.txt,file_modified,alert_only,high,2026-09-18 01:46:57.352721+00,2026-09-18 01:51:43.774797+00
6f3a3e5c-e03f-405b-a59e-a419bd3b510a,/srv/fim-watch/gen_00038.txt,file_created,alert_only,high,2026-09-18 01:46:57.452749+00,2026-09-18 01:51:43.791351+00
7d1f04d2-a320-4f34-9fbf-d7eacd3353bd,/srv/fim-watch/gen_00031.txt,file_modified,alert_only,high,2026-09-18 01:46:57.552741+00,2026-09-18 01:51:43.808541+00
b7861026-657b-499a-bf41-2f607c7edf90,/srv/fim-watch/gen_00039.txt,file_created,alert_only,high,2026-09-18 01:46:57.652965+00,2026-09-18 01:51:43.82541+00
995e4b17-1e04-4981-9515-802f1f5c1cf7,/srv/fim-watch/gen_00040.txt,file_modified,alert_only,high,2026-09-18 01:46:57.75199+00,2026-09-18 01:51:43.838448+00
de9a5c70-6271-4003-9a93-f7f591f8ec7c,/srv/fim-watch/gen_00041.txt,file_created,alert_only,high,2026-09-18 01:46:57.852763+00,2026-09-18 01:51:43.851799+00
5b875fdc-e592-47f4-aef1-2606f06a5e34,/srv/fim-watch/gen_00041.txt,file_deleted,alert_only,high,2026-09-18 01:46:57.952731+00,2026-09-18 01:51:43.866138+00
b1d24708-2274-4b99-ae4d-c4a0bcd24ceb,/srv/fim-watch/gen_00036.txt,file_modified,alert_only,high,2026-09-18 01:46:58.052312+00,2026-09-18 01:51:43.881352+00
1c13b550-8cf5-4e77-ab5c-39777e016d5f,/srv/fim-watch/gen_00042.txt,file_modified,alert_only,high,2026-09-18 01:46:58.152697+00,2026-09-18 01:51:43.896748+00
cc5d31ad-9af0-4684-9ac8-958747d4d88d,/srv/fim-watch/gen_00043.txt,file_created,alert_only,high,2026-09-18 01:46:58.252632+00,2026-09-18 01:51:43.9125+00
f1d605e5-4fb9-4754-9778-da1c156dd6b4,/srv/fim-watch/critico/gen_00037.txt,file_modified,alert_only,critical,2026-09-18 01:46:58.352998+00,2026-09-18 01:51:43.931799+00
a59aca16-4267-449f-8206-3ad8e52568f0,/srv/fim-watch/gen_00031.txt,file_modified,alert_only,high,2026-09-18 01:46:58.452716+00,2026-09-18 01:51:43.946155+00
8f745d39-0b91-4bd0-81f7-3d604e80f0cc,/srv/fim-watch/gen_00031.txt,file_modified,alert_only,high,2026-09-18 01:46:58.55272+00,2026-09-18 01:51:43.960391+00
1a7650bf-f14f-48f1-a0a0-4e260d76c4c5,/srv/fim-watch/gen_00031.txt,file_modified,alert_only,high,2026-09-18 01:46:58.65273+00,2026-09-18 01:51:43.974622+00
46fedc9c-a6bf-423f-aebe-1ad80a6fcde6,/srv/fim-watch/gen_00031.txt,file_modified,alert_only,high,2026-09-18 01:46:58.752546+00,2026-09-18 01:51:43.990171+00
b0189c52-e7c9-44f6-85f2-091777cd3c01,/srv/fim-watch/gen_00031.txt,file_modified,alert_only,high,2026-09-18 01:46:58.852783+00,2026-09-18 01:51:44.004445+00
8777f490-e3ab-489a-8a8a-db983eaa63aa,/srv/fim-watch/gen_00028.txt,file_modified,alert_only,high,2026-09-18 01:46:58.952699+00,2026-09-18 01:51:44.017412+00
ebe7312a-b59d-4268-9102-8dc15007e63c,/srv/fim-watch/gen_00029.txt,file_modified,alert_only,high,2026-09-18 01:46:59.052571+00,2026-09-18 01:51:44.030999+00
446e2a9a-f874-4ccc-8224-5d46abd6c2f0,/srv/fim-watch/gen_00042.txt,file_modified,alert_only,high,2026-09-18 01:46:59.152708+00,2026-09-18 01:51:44.044306+00
3c591132-7633-4874-963d-b25201b75557,/srv/fim-watch/gen_00027.txt,file_modified,alert_only,high,2026-09-18 01:46:59.252914+00,2026-09-18 01:51:44.058683+00
14ed8039-d4d3-4c2d-aba7-cab637d43312,/srv/fim-watch/gen_00038.txt,file_deleted,alert_only,high,2026-09-18 01:46:59.352667+00,2026-09-18 01:51:44.073296+00
7eb0d419-a9ef-41e4-94d6-81e98d9f5ad6,/srv/fim-watch/critico/gen_00023.txt,file_modified,alert_only,critical,2026-09-18 01:46:59.452984+00,2026-09-18 01:51:44.089277+00
72f8640e-0584-4f0b-8221-366f99a0d788,/srv/fim-watch/gen_00011.txt,file_modified,alert_only,high,2026-09-18 01:46:59.553153+00,2026-09-18 01:51:44.103845+00
beb0c66a-7456-4521-98c1-af1fe2f16886,/srv/fim-watch/gen_00011.txt,file_modified,alert_only,high,2026-09-18 01:46:59.652315+00,2026-09-18 01:51:44.118877+00
c16ceefb-693f-4e9b-85fe-0d7847de5771,/srv/fim-watch/gen_00011.txt,file_modified,alert_only,high,2026-09-18 01:46:59.752425+00,2026-09-18 01:51:44.134623+00
b6ca2768-0089-45bf-9d82-a9774d3a8edb,/srv/fim-watch/gen_00011.txt,file_modified,alert_only,high,2026-09-18 01:46:59.853013+00,2026-09-18 01:51:44.149368+00
6c92979a-6bc1-436c-9954-819f5838a534,/srv/fim-watch/gen_00011.txt,file_modified,alert_only,high,2026-09-18 01:46:59.952929+00,2026-09-18 01:51:44.164969+00
bd0de552-3a43-4d4a-9ae9-bfade2df14d0,/srv/fim-watch/gen_00022.txt,file_modified,alert_only,high,2026-09-18 01:47:00.052841+00,2026-09-18 01:51:44.180189+00
26901265-4d6b-4b46-99cd-cdcebe60dcd7,/srv/fim-watch/gen_00022.txt,file_modified,alert_only,high,2026-09-18 01:47:00.152523+00,2026-09-18 01:51:44.205064+00
b0614a70-6936-4eca-9fc3-895d90a847a7,/srv/fim-watch/critico/gen_00023.txt,file_modified,alert_only,critical,2026-09-18 01:47:00.252619+00,2026-09-18 01:51:44.211972+00
1b4f8801-92fc-40b9-b994-132c977ad0ee,/srv/fim-watch/gen_00027.txt,file_deleted,alert_only,high,2026-09-18 01:47:00.352502+00,2026-09-18 01:51:44.22815+00
bfc7f238-2a5e-4637-9ee0-7dd8540f2b91,/srv/fim-watch/gen_00031.txt,file_modified,alert_only,high,2026-09-18 01:47:00.452539+00,2026-09-18 01:51:44.242797+00
1efdc61f-b311-48eb-bc84-9bb7811f75af,/srv/fim-watch/gen_00029.txt,file_modified,alert_only,high,2026-09-18 01:47:00.552579+00,2026-09-18 01:51:44.258093+00
cee9070c-66aa-4c9f-af2e-ccae6571d406,/srv/fim-watch/gen_00011.txt,file_modified,alert_only,high,2026-09-18 01:47:00.652717+00,2026-09-18 01:51:44.273219+00
a8d26e4b-dd57-4eae-aa97-6873939ea16f,/srv/fim-watch/gen_00044.txt,file_modified,alert_only,high,2026-09-18 01:47:00.752705+00,2026-09-18 01:51:44.288071+00
0c3b808a-0aa3-42f6-a20c-9de7dd0fd632,/srv/fim-watch/critico/gen_00037.txt,file_modified,alert_only,critical,2026-09-18 01:47:00.853079+00,2026-09-18 01:51:44.30319+00
f9c7743a-964b-46de-9aed-82f35979e216,/srv/fim-watch/gen_00016.txt,file_modified,alert_only,high,2026-09-18 01:47:00.953047+00,2026-09-18 01:51:44.318502+00
130e4515-ed3b-4d95-a205-7baa56bdd54d,/srv/fim-watch/gen_00042.txt,file_modified,alert_only,high,2026-09-18 01:47:01.053043+00,2026-09-18 01:51:44.333662+00
ec7beb24-235a-4d89-986f-8a69525e8174,/srv/fim-watch/critico/gen_00023.txt,file_modified,alert_only,critical,2026-09-18 01:47:01.15264+00,2026-09-18 01:51:44.348657+00
09fb7b56-90ad-4c8d-ac96-65518c7b7854,/srv/fim-watch/gen_00011.txt,file_modified,alert_only,high,2026-09-18 01:47:01.253294+00,2026-09-18 01:51:44.363936+00
9aaf02b7-3360-4c68-a9f7-e054d6d506d4,/srv/fim-watch/gen_00013.txt,file_modified,alert_only,high,2026-09-18 01:47:01.352947+00,2026-09-18 01:51:44.378924+00
5bf2ba63-8219-4b9e-a31a-8d925a01f70a,/srv/fim-watch/gen_00013.txt,file_modified,alert_only,high,2026-09-18 01:47:01.452623+00,2026-09-18 01:51:44.395289+00
d9b9beee-066b-4779-bf05-25884e0e784b,/srv/fim-watch/gen_00036.txt,file_modified,alert_only,high,2026-09-18 01:47:01.552653+00,2026-09-18 01:51:44.410988+00
3e2192d6-03df-4af9-84c1-c0241675c3a2,/srv/fim-watch/gen_00036.txt,file_modified,alert_only,high,2026-09-18 01:47:01.65279+00,2026-09-18 01:51:44.426211+00
4fffcbf7-8918-4f5b-b19a-68c647e379f4,/srv/fim-watch/gen_00024.txt,file_deleted,alert_only,high,2026-09-18 01:47:01.753023+00,2026-09-18 01:51:44.441581+00
8291702d-d4ee-42c1-8885-705f80912176,/srv/fim-watch/gen_00045.txt,file_modified,alert_only,high,2026-09-18 01:47:01.8531+00,2026-09-18 01:51:44.45778+00
e99d4e06-7778-46eb-a9cc-9b33721eab7a,/srv/fim-watch/gen_00046.txt,file_modified,alert_only,high,2026-09-18 01:47:01.952932+00,2026-09-18 01:51:44.473729+00
65ffb4e3-3d4c-4ad3-af00-fec3ce5c28cd,/srv/fim-watch/gen_00022.txt,file_modified,alert_only,high,2026-09-18 01:47:02.053059+00,2026-09-18 01:51:44.489775+00
1e9f1d8d-09cd-4f46-8343-fb7480a382ee,/srv/fim-watch/gen_00013.txt,file_modified,alert_only,high,2026-09-18 01:47:02.152478+00,2026-09-18 01:51:44.505289+00
3d0813dc-4d38-4a9a-a52e-9e6c3e01f0e9,/srv/fim-watch/gen_00035.txt,file_deleted,alert_only,high,2026-09-18 01:47:02.252995+00,2026-09-18 01:51:44.520348+00
8a999555-2d41-43bb-ab7f-d9f339ea0ac5,/srv/fim-watch/gen_00033.txt,file_modified,alert_only,high,2026-09-18 01:47:02.3533+00,2026-09-18 01:51:44.535455+00
b854ca6f-7780-4e9d-9d05-ba21c64dcba4,/srv/fim-watch/gen_00036.txt,file_modified,alert_only,high,2026-09-18 01:47:02.452907+00,2026-09-18 01:51:44.550124+00
88186eb2-ac84-4797-820f-26f769024e2c,/srv/fim-watch/critico/gen_00047.txt,file_created,alert_only,critical,2026-09-18 01:47:02.552017+00,2026-09-18 01:51:44.566457+00
da26c4ce-e4eb-422a-94b0-cccec3503efb,/srv/fim-watch/critico/gen_00047.txt,file_modified,alert_only,critical,2026-09-18 01:47:02.653261+00,2026-09-18 01:51:44.582753+00
98b1579f-3f1d-436e-b000-1899dce510a0,/srv/fim-watch/gen_00039.txt,file_modified,alert_only,high,2026-09-18 01:47:02.752809+00,2026-09-18 01:51:44.598852+00
90b0433f-4d3e-475d-b22c-a5fa6e23203f,/srv/fim-watch/gen_00043.txt,file_modified,alert_only,high,2026-09-18 01:47:02.853339+00,2026-09-18 01:51:44.615802+00
1ac1ae81-3357-47bc-a3df-578d6d645758,/srv/fim-watch/gen_00029.txt,file_modified,alert_only,high,2026-09-18 01:47:02.953266+00,2026-09-18 01:51:44.631651+00
763307fc-7a09-4167-b8de-375ce4b794e3,/srv/fim-watch/gen_00048.txt,file_modified,alert_only,high,2026-09-18 01:47:03.052428+00,2026-09-18 01:51:44.648984+00
f1fc6e11-bdab-4194-8383-e563fe13d695,/srv/fim-watch/gen_00043.txt,file_modified,alert_only,high,2026-09-18 01:47:03.152627+00,2026-09-18 01:51:44.665238+00
ad6a8d15-1500-44ad-9197-c8b7faed9f7e,/srv/fim-watch/gen_00006.txt,file_modified,alert_only,high,2026-09-18 01:47:03.253449+00,2026-09-18 01:51:44.680431+00
feb2afd5-3ff8-473d-978e-2824e99f5105,/srv/fim-watch/gen_00046.txt,file_modified,alert_only,high,2026-09-18 01:47:03.353009+00,2026-09-18 01:51:44.695696+00
050e7ba6-3080-49af-a28e-95f0de66ae3e,/srv/fim-watch/gen_00031.txt,file_modified,alert_only,high,2026-09-18 01:47:03.452749+00,2026-09-18 01:51:44.712091+00
2a240d50-3932-4c2e-89c2-b13727446af8,/srv/fim-watch/gen_00049.txt,file_modified,alert_only,high,2026-09-18 01:47:03.553129+00,2026-09-18 01:51:44.728825+00
2c48ef03-f3cf-4d34-9495-9ba8f398efc8,/srv/fim-watch/gen_00036.txt,file_modified,alert_only,high,2026-09-18 01:47:03.652822+00,2026-09-18 01:51:44.744867+00
e87a1872-8b46-4d5f-a4a3-c5df88b3c608,/srv/fim-watch/critico/gen_00051.txt,file_modified,alert_only,critical,2026-09-18 01:47:03.852971+00,2026-09-18 01:51:44.758717+00
f26864e8-775e-424b-9095-6bf39a44589f,/srv/fim-watch/gen_00044.txt,file_modified,alert_only,high,2026-09-18 01:47:03.953237+00,2026-09-18 01:51:44.77247+00
edb8a52a-6db1-4b96-9e64-aba4dfeaa7bb,/srv/fim-watch/gen_00044.txt,file_modified,alert_only,high,2026-09-18 01:47:04.053054+00,2026-09-18 01:51:44.787171+00
465f7271-2bda-4d0d-860e-f5cf93e9266a,/srv/fim-watch/gen_00020.txt,file_modified,alert_only,high,2026-09-18 01:47:04.152924+00,2026-09-18 01:51:44.802841+00
5f000ee6-d241-428e-b177-3116c38263a8,/srv/fim-watch/gen_00045.txt,file_modified,alert_only,high,2026-09-18 01:47:04.253011+00,2026-09-18 01:51:44.817711+00
1c0c1b54-5bc9-48a5-b853-f6c8084486c9,/srv/fim-watch/gen_00042.txt,file_modified,alert_only,high,2026-09-18 01:47:04.352796+00,2026-09-18 01:51:44.832462+00
2508700d-7beb-4f25-9848-4f28adc64476,/srv/fim-watch/gen_00042.txt,file_modified,alert_only,high,2026-09-18 01:47:04.453382+00,2026-09-18 01:51:44.847894+00
322d83d7-687f-449a-a69a-c788ead5aca8,/srv/fim-watch/critico/gen_00025.txt,file_modified,alert_only,critical,2026-09-18 01:47:04.552375+00,2026-09-18 01:51:44.863151+00
12163bcd-1bee-493d-acdf-62221d778601,/srv/fim-watch/gen_00043.txt,file_modified,alert_only,high,2026-09-18 01:47:04.65244+00,2026-09-18 01:51:44.879079+00
4e7ade61-384c-4c6f-82a3-2d0ced798e68,/srv/fim-watch/gen_00011.txt,file_modified,alert_only,high,2026-09-18 01:47:04.752217+00,2026-09-18 01:51:44.893461+00
17a45d4d-bb2b-4ce3-8131-f3ffdd26b742,/srv/fim-watch/gen_00052.txt,file_modified,alert_only,high,2026-09-18 01:47:04.85306+00,2026-09-18 01:51:44.909144+00
1e24a1cc-35d9-4b91-a5bd-b3e1b3ac206b,/srv/fim-watch/critico/gen_00053.txt,file_modified,alert_only,critical,2026-09-18 01:47:04.952597+00,2026-09-18 01:51:44.924638+00
3641743a-253e-401c-b304-b958fd60230b,/srv/fim-watch/critico/gen_00047.txt,file_modified,alert_only,critical,2026-09-18 01:47:05.052657+00,2026-09-18 01:51:44.93989+00
29adc447-ba9b-4622-8cc3-80c5f935ef06,/srv/fim-watch/gen_00022.txt,file_modified,alert_only,high,2026-09-18 01:47:05.153066+00,2026-09-18 01:51:44.95526+00
56add3f1-a931-43fb-92cd-4dd8988f1122,/srv/fim-watch/gen_00054.txt,file_modified,alert_only,high,2026-09-18 01:47:05.253394+00,2026-09-18 01:51:44.98139+00
fa2bb2db-628b-4a9f-9837-579decfd346f,/srv/fim-watch/gen_00055.txt,file_modified,alert_only,high,2026-09-18 01:47:05.35281+00,2026-09-18 01:51:44.988455+00
c7c63fc7-4e5b-4365-a704-3942ebf1be3c,/srv/fim-watch/gen_00042.txt,file_modified,alert_only,high,2026-09-18 01:47:05.452843+00,2026-09-18 01:51:45.004849+00
a9d4e2de-28e3-4e3b-b560-951705784647,/srv/fim-watch/critico/gen_00051.txt,file_modified,alert_only,critical,2026-09-18 01:47:05.553222+00,2026-09-18 01:51:45.021824+00
c2c30123-748d-4d69-8e6c-3529b7c21049,/srv/fim-watch/critico/gen_00051.txt,file_modified,alert_only,critical,2026-09-18 01:47:05.653353+00,2026-09-18 01:51:45.038363+00
c098863b-5ee7-4126-a7c3-3e6c8b943b59,/srv/fim-watch/critico/gen_00051.txt,file_modified,alert_only,critical,2026-09-18 01:47:05.753016+00,2026-09-18 01:51:45.054439+00
3af09e19-cb04-4029-9915-6df7c8403501,/srv/fim-watch/critico/gen_00051.txt,file_modified,alert_only,critical,2026-09-18 01:47:05.853227+00,2026-09-18 01:51:45.070227+00
fe9ba011-8d96-4b09-aad9-55194335c057,/srv/fim-watch/critico/gen_00051.txt,file_modified,alert_only,critical,2026-09-18 01:47:05.953567+00,2026-09-18 01:51:45.084963+00
43c06d0c-aa16-492e-967b-545e07f82583,/srv/fim-watch/gen_00056.txt,file_modified,alert_only,high,2026-09-18 01:47:06.052802+00,2026-09-18 01:51:45.09887+00
b0b5929f-e069-4d2a-9d60-2fe0407f63e3,/srv/fim-watch/gen_00057.txt,file_modified,alert_only,high,2026-09-18 01:47:06.152742+00,2026-09-18 01:51:45.112489+00
d8ebcf49-47a4-46ae-b232-08bd6a2cc88b,/srv/fim-watch/gen_00058.txt,file_modified,alert_only,high,2026-09-18 01:47:06.253237+00,2026-09-18 01:51:45.126281+00
d7bc4719-6bec-4979-96b2-e1d87e3ab0ba,/srv/fim-watch/critico/gen_00047.txt,file_modified,alert_only,critical,2026-09-18 01:47:06.353509+00,2026-09-18 01:51:45.14039+00
b5570197-234e-4fa7-b134-588f50108324,/srv/fim-watch/critico/gen_00047.txt,file_modified,alert_only,critical,2026-09-18 01:47:06.45354+00,2026-09-18 01:51:45.154252+00
8348e58b-ecc4-4e5b-8be7-c8684748378f,/srv/fim-watch/gen_00054.txt,file_modified,alert_only,high,2026-09-18 01:47:06.553325+00,2026-09-18 01:51:45.168273+00
6fe0a343-38fa-429c-8819-5d31cbdb064c,/srv/fim-watch/gen_00054.txt,file_modified,alert_only,high,2026-09-18 01:47:06.652775+00,2026-09-18 01:51:45.182048+00
9dc5cbfa-b841-499f-a2f9-ee07e253e39c,/srv/fim-watch/gen_00054.txt,file_modified,alert_only,high,2026-09-18 01:47:06.752803+00,2026-09-18 01:51:45.195799+00
8d58727f-14b9-4eaa-903c-4f0b5afe93e3,/srv/fim-watch/critico/gen_00053.txt,file_modified,alert_only,critical,2026-09-18 01:47:06.853005+00,2026-09-18 01:51:45.20976+00
798079ef-294c-45b7-a842-ff73b99cd9b1,/srv/fim-watch/critico/gen_00053.txt,file_modified,alert_only,critical,2026-09-18 01:47:06.953441+00,2026-09-18 01:51:45.22359+00
44db261b-ca8a-424f-b635-4eaf531c37ae,/srv/fim-watch/critico/gen_00053.txt,file_modified,alert_only,critical,2026-09-18 01:47:07.053545+00,2026-09-18 01:51:45.237395+00
f2818307-d142-4f73-b17c-dea3df1367c0,/srv/fim-watch/critico/gen_00053.txt,file_modified,alert_only,critical,2026-09-18 01:47:07.152746+00,2026-09-18 01:51:45.251592+00
d6fe1d58-e4e7-49b2-b534-e4c0a7fe7176,/srv/fim-watch/critico/gen_00053.txt,file_modified,alert_only,critical,2026-09-18 01:47:07.253564+00,2026-09-18 01:51:45.265383+00
f85a223a-62ae-483d-b296-b360f6c22c47,/srv/fim-watch/critico/gen_00025.txt,file_modified,alert_only,critical,2026-09-18 01:47:07.353337+00,2026-09-18 01:51:45.27895+00
9eb57c78-0929-4181-8589-e04f198cf5da,/srv/fim-watch/gen_00011.txt,file_modified,alert_only,high,2026-09-18 01:47:07.453525+00,2026-09-18 01:51:45.293782+00
b767bfac-eaa5-4aee-8531-bfa4f8092733,/srv/fim-watch/gen_00011.txt,file_modified,alert_only,high,2026-09-18 01:47:07.552654+00,2026-09-18 01:51:45.308964+00
ed54db59-1ac1-4ecf-ac1f-d92de134ca03,/srv/fim-watch/gen_00044.txt,file_modified,alert_only,high,2026-09-18 01:47:07.652657+00,2026-09-18 01:51:45.323914+00
6b33a1c7-1a04-41f0-b2df-7af0f2e15225,/srv/fim-watch/gen_00054.txt,file_modified,alert_only,high,2026-09-18 01:47:07.753254+00,2026-09-18 01:51:45.338385+00
e1cac820-4720-4d51-ad99-adbf3c9522f9,/srv/fim-watch/gen_00036.txt,file_modified,alert_only,high,2026-09-18 01:47:07.852002+00,2026-09-18 01:51:45.352227+00
208a5dcf-4b83-4ec5-aeb3-f428f7122984,/srv/fim-watch/gen_00052.txt,file_deleted,alert_only,high,2026-09-18 01:47:07.952445+00,2026-09-18 01:51:45.366314+00
f99e64d7-4e54-405d-b134-050a5e38cc47,/srv/fim-watch/gen_00022.txt,file_modified,alert_only,high,2026-09-18 01:47:08.052391+00,2026-09-18 01:51:45.379962+00
f6bdcee3-004f-45ca-b71f-549f359a8935,/srv/fim-watch/gen_00044.txt,file_modified,alert_only,high,2026-09-18 01:47:08.152076+00,2026-09-18 01:51:45.394132+00
b2df7a9a-572b-41a4-b03a-984230365ad8,/srv/fim-watch/gen_00054.txt,file_modified,alert_only,high,2026-09-18 01:47:08.252425+00,2026-09-18 01:51:45.4086+00
ac8bfec2-b912-4a8c-926a-711137bc6252,/srv/fim-watch/gen_00040.txt,file_modified,alert_only,high,2026-09-18 01:47:08.353332+00,2026-09-18 01:51:45.423878+00
d6702715-41c6-4b6d-aaea-340cf8936623,/srv/fim-watch/gen_00046.txt,file_deleted,alert_only,high,2026-09-18 01:47:08.452492+00,2026-09-18 01:51:45.439182+00
cd9baf25-1123-4c65-bedf-e99b74c29be3,/srv/fim-watch/gen_00039.txt,file_deleted,alert_only,high,2026-09-18 01:47:08.552529+00,2026-09-18 01:51:45.454491+00
98b694b3-d0c4-479d-bda0-c22b606f4bf2,/srv/fim-watch/gen_00036.txt,file_modified,alert_only,high,2026-09-18 01:47:08.652485+00,2026-09-18 01:51:45.469574+00
894c26fc-c144-49cf-a245-5e6522d638da,/srv/fim-watch/gen_00036.txt,file_modified,alert_only,high,2026-09-18 01:47:08.753085+00,2026-09-18 01:51:45.484731+00
2f7ccd10-3e93-486d-ab14-536bb1ecbba8,/srv/fim-watch/gen_00050.txt,file_modified,alert_only,high,2026-09-18 01:47:08.852964+00,2026-09-18 01:51:45.499622+00
ea51c1d0-6ff8-4e13-a80f-42280eba66cd,/srv/fim-watch/gen_00059.txt,file_modified,alert_only,high,2026-09-18 01:47:08.952743+00,2026-09-18 01:51:45.51458+00
30c6ecc0-1856-4312-82be-7a04feab2074,/srv/fim-watch/gen_00054.txt,file_modified,alert_only,high,2026-09-18 01:47:09.052447+00,2026-09-18 01:51:45.529613+00
f247cc7e-c0ad-4e0c-9dd2-71475d6734b2,/srv/fim-watch/gen_00043.txt,file_modified,alert_only,high,2026-09-18 01:47:09.152733+00,2026-09-18 01:51:45.544616+00
3089ad69-589f-4b2f-ba00-12e6b64bf70f,/srv/fim-watch/gen_00060.txt,file_modified,alert_only,high,2026-09-18 01:47:09.252972+00,2026-09-18 01:51:45.560352+00
7e903152-9599-4f42-bf6a-e09d70dd98c1,/srv/fim-watch/gen_00050.txt,file_modified,alert_only,high,2026-09-18 01:47:09.353231+00,2026-09-18 01:51:45.576418+00
785e8f17-5de5-49fe-ae4b-48cb198d4685,/srv/fim-watch/gen_00058.txt,file_modified,alert_only,high,2026-09-18 01:47:09.453223+00,2026-09-18 01:51:45.592365+00
ad620762-11b3-4b56-872f-0a1e782bbc13,/srv/fim-watch/gen_00019.txt,file_modified,alert_only,high,2026-09-18 01:47:09.553133+00,2026-09-18 01:51:45.607802+00
b2ba20a9-ba96-4abf-8a5e-0ba0e18a6f01,/srv/fim-watch/gen_00019.txt,file_modified,alert_only,high,2026-09-18 01:47:09.652805+00,2026-09-18 01:51:45.62314+00
f70b5817-638c-4df1-b3ea-d6bdb467d84b,/srv/fim-watch/gen_00058.txt,file_modified,alert_only,high,2026-09-18 01:47:09.752436+00,2026-09-18 01:51:45.637961+00
54a6b8b8-db56-410b-b91c-33b570dbc3e8,/srv/fim-watch/gen_00042.txt,file_modified,alert_only,high,2026-09-18 01:47:09.85262+00,2026-09-18 01:51:45.652982+00
e8238bc5-0beb-493a-aea5-802c7b5652db,/srv/fim-watch/gen_00042.txt,file_modified,alert_only,high,2026-09-18 01:47:09.952941+00,2026-09-18 01:51:45.668526+00
ad54c444-0733-40a5-939f-33999673406e,/srv/fim-watch/gen_00042.txt,file_modified,alert_only,high,2026-09-18 01:47:10.052688+00,2026-09-18 01:51:45.682163+00
89cb05af-11cc-474c-a0fe-387bcf44caec,/srv/fim-watch/gen_00042.txt,file_modified,alert_only,high,2026-09-18 01:47:10.152378+00,2026-09-18 01:51:45.696174+00
3121bec7-2d1f-47d4-bb45-793009085711,/srv/fim-watch/gen_00042.txt,file_modified,alert_only,high,2026-09-18 01:47:10.253059+00,2026-09-18 01:51:45.718771+00
485ff369-6810-4a94-9a2f-8c4ce59507b2,/srv/fim-watch/critico/gen_00061.txt,file_modified,alert_only,critical,2026-09-18 01:47:10.352995+00,2026-09-18 01:51:45.724646+00
3cbeda52-3789-4290-9aa9-921cb52edb87,/srv/fim-watch/gen_00062.txt,file_modified,alert_only,high,2026-09-18 01:47:10.452199+00,2026-09-18 01:51:45.738601+00
64986369-25f1-40b8-85cd-db4771d470eb,/srv/fim-watch/critico/gen_00051.txt,file_deleted,alert_only,critical,2026-09-18 01:47:10.5526+00,2026-09-18 01:51:45.752341+00
b36f33a9-29b8-4a4b-a0a7-aa6455f8f90c,/srv/fim-watch/gen_00020.txt,file_modified,alert_only,high,2026-09-18 01:47:10.653044+00,2026-09-18 01:51:45.7666+00
855cf75e-2b2b-4f9e-8427-77b0fb593969,/srv/fim-watch/critico/gen_00047.txt,file_modified,alert_only,critical,2026-09-18 01:47:10.752752+00,2026-09-18 01:51:45.782252+00
52d0584a-66a0-493d-825d-e2a6e58fbf94,/srv/fim-watch/gen_00063.txt,file_modified,alert_only,high,2026-09-18 01:47:10.852134+00,2026-09-18 01:51:45.79852+00
b1a055e6-5d66-47aa-8f10-1a4d332b87ec,/srv/fim-watch/gen_00059.txt,file_modified,alert_only,high,2026-09-18 01:47:10.952414+00,2026-09-18 01:51:45.812882+00
5fd55220-9c0b-4a22-8d1d-6b7ba816d7ad,/srv/fim-watch/gen_00064.txt,file_modified,alert_only,high,2026-09-18 01:47:11.052058+00,2026-09-18 01:51:45.828073+00
7a253e9d-798d-4e2e-a319-e9349ddbc29c,/srv/fim-watch/gen_00065.txt,file_modified,alert_only,high,2026-09-18 01:47:11.152352+00,2026-09-18 01:51:45.842272+00
343d5075-4efd-42ae-af6b-89c3baf31608,/srv/fim-watch/gen_00066.txt,file_modified,alert_only,high,2026-09-18 01:47:11.252436+00,2026-09-18 01:51:45.856111+00
68a89e87-ecba-413a-bf06-2d3cf02a098b,/srv/fim-watch/gen_00067.txt,file_modified,alert_only,high,2026-09-18 01:47:11.353101+00,2026-09-18 01:51:45.871227+00
165b06f3-e42c-4be1-8f86-9b2537ead64f,/srv/fim-watch/gen_00068.txt,file_modified,alert_only,high,2026-09-18 01:47:11.453102+00,2026-09-18 01:51:45.885498+00
02cf8eb6-8d8c-4509-b0d2-dd65cee6b6ea,/srv/fim-watch/critico/gen_00061.txt,file_modified,alert_only,critical,2026-09-18 01:47:11.552803+00,2026-09-18 01:51:45.900465+00
c37ac8fd-11de-49eb-9c57-9fa2db1959dd,/srv/fim-watch/gen_00031.txt,file_modified,alert_only,high,2026-09-18 01:47:11.652795+00,2026-09-18 01:51:45.91502+00
6e956810-d0a7-48bf-807b-97b7a9222d1e,/srv/fim-watch/gen_00031.txt,file_modified,alert_only,high,2026-09-18 01:47:11.75261+00,2026-09-18 01:51:45.928841+00
ecca7261-e877-46af-940c-f6d173976626,/srv/fim-watch/critico/gen_00069.txt,file_modified,alert_only,critical,2026-09-18 01:47:11.85309+00,2026-09-18 01:51:45.943952+00
d330de93-5b5d-4205-9d10-fd0b3ddd2b1a,/srv/fim-watch/gen_00044.txt,file_modified,alert_only,high,2026-09-18 01:47:11.953093+00,2026-09-18 01:51:45.960012+00
469a7423-3f3b-4478-b58e-0f5ed8cf0b1a,/srv/fim-watch/gen_00044.txt,file_modified,alert_only,high,2026-09-18 01:47:12.052659+00,2026-09-18 01:51:45.977016+00
db62c734-cfe0-4701-bee6-9d8fdb1d0190,/srv/fim-watch/gen_00063.txt,file_modified,alert_only,high,2026-09-18 01:47:12.152465+00,2026-09-18 01:51:45.993863+00
f8e98575-0718-487e-a274-731fbc412c60,/srv/fim-watch/gen_00062.txt,file_modified,alert_only,high,2026-09-18 01:47:12.25264+00,2026-09-18 01:51:46.009689+00
ebe0dcf8-4f11-487b-8377-6be2f955eea0,/srv/fim-watch/gen_00070.txt,file_modified,alert_only,high,2026-09-18 01:47:12.353168+00,2026-09-18 01:51:46.025911+00
41ce9f41-fa3e-4db2-8b21-7343703f059f,/srv/fim-watch/gen_00071.txt,file_modified,alert_only,high,2026-09-18 01:47:12.452577+00,2026-09-18 01:51:46.041934+00
1b005872-f13b-4592-b8bb-fa0126c4e938,/srv/fim-watch/gen_00031.txt,file_deleted,alert_only,high,2026-09-18 01:47:12.553104+00,2026-09-18 01:51:46.057728+00
8afe1c73-cae8-4710-9121-529c4b021fe0,/srv/fim-watch/gen_00058.txt,file_modified,alert_only,high,2026-09-18 01:47:12.653445+00,2026-09-18 01:51:46.073691+00
26c23d39-a8ba-4921-980b-38bc11a68df2,/srv/fim-watch/critico/gen_00047.txt,file_modified,alert_only,critical,2026-09-18 01:47:12.753218+00,2026-09-18 01:51:46.089094+00
5603847b-0577-48ac-83b1-c917fa16a7b5,/srv/fim-watch/critico/gen_00025.txt,file_modified,alert_only,critical,2026-09-18 01:47:12.853417+00,2026-09-18 01:51:46.104411+00
26cbd5b1-1b6a-42b5-9545-f1d5a3aafe0b,/srv/fim-watch/gen_00045.txt,file_modified,alert_only,high,2026-09-18 01:47:12.952802+00,2026-09-18 01:51:46.118633+00
ec0d9615-f27b-4a96-9a8b-98054fe717ce,/srv/fim-watch/gen_00072.txt,file_modified,alert_only,high,2026-09-18 01:47:13.052793+00,2026-09-18 01:51:46.132828+00
fd236d52-b374-4651-af6d-db0645409476,/srv/fim-watch/gen_00056.txt,file_deleted,alert_only,high,2026-09-18 01:47:13.152979+00,2026-09-18 01:51:46.146619+00
1551f72d-ff72-4a57-aabd-de39f060661d,/srv/fim-watch/gen_00040.txt,file_modified,alert_only,high,2026-09-18 01:47:13.252707+00,2026-09-18 01:51:46.161721+00
93026a83-76c0-4c74-9186-c50a2921c60b,/srv/fim-watch/gen_00055.txt,file_modified,alert_only,high,2026-09-18 01:47:13.35314+00,2026-09-18 01:51:46.175855+00
807cfed5-f2e0-44e0-a1a6-2fb73648a848,/srv/fim-watch/gen_00068.txt,file_modified,alert_only,high,2026-09-18 01:47:13.452977+00,2026-09-18 01:51:46.189645+00
99822920-6c20-4b1d-bb6c-4a6603e27436,/srv/fim-watch/gen_00068.txt,file_modified,alert_only,high,2026-09-18 01:47:13.552744+00,2026-09-18 01:51:46.203215+00
717bdd48-8b98-409b-b1ac-41b364d701ad,/srv/fim-watch/gen_00068.txt,file_modified,alert_only,high,2026-09-18 01:47:13.652729+00,2026-09-18 01:51:46.217779+00
b92e6dc9-2568-477d-bdbe-0613bad44cab,/srv/fim-watch/gen_00068.txt,file_modified,alert_only,high,2026-09-18 01:47:13.752709+00,2026-09-18 01:51:46.232343+00
e42c69ca-31e5-4a05-9da5-9d78b8bad55b,/srv/fim-watch/gen_00068.txt,file_modified,alert_only,high,2026-09-18 01:47:13.852726+00,2026-09-18 01:51:46.249766+00
3288dc32-3a31-4874-86e6-009484880d2e,/srv/fim-watch/gen_00059.txt,file_modified,alert_only,high,2026-09-18 01:47:13.953185+00,2026-09-18 01:51:46.264319+00
abddace6-abad-4f81-b3e3-481f6801553f,/srv/fim-watch/gen_00048.txt,file_modified,alert_only,high,2026-09-18 01:47:14.052732+00,2026-09-18 01:51:46.278765+00
5dd94fba-ada0-4392-bd7f-866d470eb232,/srv/fim-watch/gen_00073.txt,file_modified,alert_only,high,2026-09-18 01:47:14.153574+00,2026-09-18 01:51:46.292956+00
fc69b335-bb15-49b0-9e1b-4d731d636efb,/srv/fim-watch/gen_00042.txt,file_modified,alert_only,high,2026-09-18 01:47:14.252917+00,2026-09-18 01:51:46.307666+00
7b1ec677-61b8-4174-b410-bc946fdc954f,/srv/fim-watch/gen_00042.txt,file_modified,alert_only,high,2026-09-18 01:47:14.35308+00,2026-09-18 01:51:46.322365+00
db50b305-6a1a-4788-9220-501474ca0285,/srv/fim-watch/gen_00042.txt,file_modified,alert_only,high,2026-09-18 01:47:14.453017+00,2026-09-18 01:51:46.336063+00
df536d2a-9abc-4b1c-8b0a-a9c240076980,/srv/fim-watch/gen_00042.txt,file_modified,alert_only,high,2026-09-18 01:47:14.552783+00,2026-09-18 01:51:46.350164+00
c6a0a741-449b-4554-8fb2-50eaf489230c,/srv/fim-watch/gen_00042.txt,file_modified,alert_only,high,2026-09-18 01:47:14.653055+00,2026-09-18 01:51:46.365207+00
422b2397-747b-476b-a4ab-ef559164ca1b,/srv/fim-watch/gen_00064.txt,file_modified,alert_only,high,2026-09-18 01:47:14.752495+00,2026-09-18 01:51:46.379769+00
532b555e-246e-4175-8dfb-e87fef5bca4b,/srv/fim-watch/gen_00064.txt,file_modified,alert_only,high,2026-09-18 01:47:14.852818+00,2026-09-18 01:51:46.394762+00
2893622a-fd77-47fa-bb9b-61bd21d6442d,/srv/fim-watch/gen_00070.txt,file_modified,alert_only,high,2026-09-18 01:47:14.952542+00,2026-09-18 01:51:46.409212+00
5be0e4f5-1d9d-429e-916d-885940ffe4a9,/srv/fim-watch/gen_00022.txt,file_deleted,alert_only,high,2026-09-18 01:47:15.052739+00,2026-09-18 01:51:46.424091+00
c05c918a-a87d-400f-b051-bf5c6f34c93d,/srv/fim-watch/gen_00028.txt,file_modified,alert_only,high,2026-09-18 01:47:15.15276+00,2026-09-18 01:51:46.440629+00
0e37e449-e6fd-42a7-a012-a790ef27f59e,/srv/fim-watch/gen_00036.txt,file_modified,alert_only,high,2026-09-18 01:47:15.253491+00,2026-09-18 01:51:46.465677+00
896c1207-f71a-46df-83de-000b21f3b023,/srv/fim-watch/critico/gen_00037.txt,file_modified,alert_only,critical,2026-09-18 01:47:15.353128+00,2026-09-18 01:51:46.473489+00
49feea0b-26d8-4ebf-9534-2e48003aa2e4,/srv/fim-watch/gen_00011.txt,file_deleted,alert_only,high,2026-09-18 01:47:15.452746+00,2026-09-18 01:51:46.490501+00
8d4937ec-9d9c-4190-a41d-d813e9ccb1c0,/srv/fim-watch/gen_00074.txt,file_modified,alert_only,high,2026-09-18 01:47:15.552195+00,2026-09-18 01:51:46.506356+00
f54a127d-98a4-4692-933c-0e8d7a923139,/srv/fim-watch/gen_00040.txt,file_modified,alert_only,high,2026-09-18 01:47:15.652765+00,2026-09-18 01:51:46.522312+00
87ea8bad-3758-4dcf-a391-71a9df7d18e2,/srv/fim-watch/gen_00043.txt,file_modified,alert_only,high,2026-09-18 01:47:15.75273+00,2026-09-18 01:51:46.538078+00
5f7efa26-5ba8-427f-b4e8-b2f9e51c0d84,/srv/fim-watch/critico/gen_00075.txt,file_created,alert_only,critical,2026-09-18 01:47:15.852751+00,2026-09-18 01:51:46.55299+00
d869067d-fa20-4d93-aaa3-83b3b31db912,/srv/fim-watch/critico/gen_00075.txt,file_deleted,alert_only,critical,2026-09-18 01:47:15.952927+00,2026-09-18 01:51:46.568073+00
b0776c72-60a7-483d-bc41-ef4bdb5d3208,/srv/fim-watch/gen_00076.txt,file_modified,alert_only,high,2026-09-18 01:47:16.052504+00,2026-09-18 01:51:46.58493+00
8dd1d147-6fdb-4243-b0c5-a1afd1fa95f5,/srv/fim-watch/gen_00077.txt,file_modified,alert_only,high,2026-09-18 01:47:16.152501+00,2026-09-18 01:51:46.6013+00
83162aa9-d79e-4135-89d1-df485dfa30f4,/srv/fim-watch/gen_00078.txt,file_modified,alert_only,high,2026-09-18 01:47:16.252689+00,2026-09-18 01:51:46.61674+00
e25e81e5-650b-4339-8038-dfd4f93f7d02,/srv/fim-watch/gen_00044.txt,file_modified,alert_only,high,2026-09-18 01:47:16.353033+00,2026-09-18 01:51:46.632453+00
843c2bed-6f7d-4a5b-9523-9d225a20bdf9,/srv/fim-watch/gen_00079.txt,file_modified,alert_only,high,2026-09-18 01:47:16.453077+00,2026-09-18 01:51:46.648685+00
21e616d9-7ccd-41a0-9015-2a9841cd74fa,/srv/fim-watch/gen_00029.txt,file_modified,alert_only,high,2026-09-18 01:47:16.552537+00,2026-09-18 01:51:46.669437+00
f279a727-2fb6-4761-afb9-d3e680261309,/srv/fim-watch/gen_00063.txt,file_modified,alert_only,high,2026-09-18 01:47:16.752548+00,2026-09-18 01:51:46.688622+00
e4b4a921-2446-49d6-802b-6df1f9872d4f,/srv/fim-watch/gen_00033.txt,file_modified,alert_only,high,2026-09-18 01:47:16.852938+00,2026-09-18 01:51:46.711084+00
d1e51edf-c6bd-4c0e-94ee-6b0c878a9082,/srv/fim-watch/gen_00062.txt,file_modified,alert_only,high,2026-09-18 01:47:16.952532+00,2026-09-18 01:51:46.7286+00
9d554011-8fa8-403e-9cc0-cc6951bc7fdf,/srv/fim-watch/gen_00033.txt,file_modified,alert_only,high,2026-09-18 01:47:17.052524+00,2026-09-18 01:51:46.742879+00
6ec420ee-eea5-434c-b34a-2588c6787546,/srv/fim-watch/gen_00066.txt,file_modified,alert_only,high,2026-09-18 01:47:17.152413+00,2026-09-18 01:51:46.755585+00
34342163-40d3-4bd0-94bb-84e2b4b60c51,/srv/fim-watch/gen_00066.txt,file_modified,alert_only,high,2026-09-18 01:47:17.253064+00,2026-09-18 01:51:46.768737+00
2ca346bb-d40e-4c5d-93e4-59a4ea866306,/srv/fim-watch/gen_00066.txt,file_modified,alert_only,high,2026-09-18 01:47:17.352603+00,2026-09-18 01:51:46.783998+00
0558781f-2028-45f3-829f-cd1c6a26e81a,/srv/fim-watch/gen_00066.txt,file_modified,alert_only,high,2026-09-18 01:47:17.453173+00,2026-09-18 01:51:46.799254+00
d5b0980a-71a4-4224-ad7c-389901551b3a,/srv/fim-watch/gen_00066.txt,file_modified,alert_only,high,2026-09-18 01:47:17.552704+00,2026-09-18 01:51:46.814321+00
887cfa2a-c891-4385-b43d-845347c813be,/srv/fim-watch/gen_00080.txt,file_modified,alert_only,high,2026-09-18 01:47:17.652599+00,2026-09-18 01:51:46.832519+00
a7bacf14-f6cb-4e7e-85e3-3431611746af,/srv/fim-watch/gen_00059.txt,file_modified,alert_only,high,2026-09-18 01:47:17.752526+00,2026-09-18 01:51:46.847599+00
0700271c-d10f-4f07-9249-5a73ed40f3c7,/srv/fim-watch/gen_00073.txt,file_modified,alert_only,high,2026-09-18 01:47:17.853086+00,2026-09-18 01:51:46.863809+00
62507e96-db28-44f4-8537-c0268b2cae92,/srv/fim-watch/gen_00063.txt,file_deleted,alert_only,high,2026-09-18 01:47:17.952438+00,2026-09-18 01:51:46.884419+00
4adb5b63-dc76-4104-93b9-a9d8185af3e9,/srv/fim-watch/gen_00048.txt,file_modified,alert_only,high,2026-09-18 01:47:18.052485+00,2026-09-18 01:51:46.902963+00
302a74ad-ddb3-4ea4-8aa4-e53ddfecd5c5,/srv/fim-watch/gen_00048.txt,file_modified,alert_only,high,2026-09-18 01:47:18.152508+00,2026-09-18 01:51:46.920162+00
65fd4573-fd2a-44fb-a726-3daa0b8881c5,/srv/fim-watch/gen_00058.txt,file_modified,alert_only,high,2026-09-18 01:47:18.252017+00,2026-09-18 01:51:46.934553+00
d3e44ec4-ebd5-49ee-ac41-75a5b8d0525b,/srv/fim-watch/gen_00059.txt,file_modified,alert_only,high,2026-09-18 01:47:18.352921+00,2026-09-18 01:51:46.950047+00
3de310e4-1877-4374-9ee7-9146dddf710a,/srv/fim-watch/critico/gen_00081.txt,file_modified,alert_only,critical,2026-09-18 01:47:18.45297+00,2026-09-18 01:51:46.963673+00
7e444fc7-8a16-45e8-a933-de2d23d7190e,/srv/fim-watch/gen_00082.txt,file_modified,alert_only,high,2026-09-18 01:47:18.552623+00,2026-09-18 01:51:46.977323+00
17bfb18a-b018-4283-8386-3321cb365e32,/srv/fim-watch/gen_00045.txt,file_modified,alert_only,high,2026-09-18 01:47:18.652442+00,2026-09-18 01:51:46.991191+00
f34c46ef-2e57-4016-a4bc-043e34d13508,/srv/fim-watch/gen_00028.txt,file_modified,alert_only,high,2026-09-18 01:47:18.752658+00,2026-09-18 01:51:47.00439+00
0bafe332-e8c0-4cac-af88-5da43d443e03,/srv/fim-watch/gen_00028.txt,file_modified,alert_only,high,2026-09-18 01:47:18.852635+00,2026-09-18 01:51:47.018995+00
b31cc471-0d7a-40bb-a025-212900a910d2,/srv/fim-watch/gen_00083.txt,file_modified,alert_only,high,2026-09-18 01:47:18.953035+00,2026-09-18 01:51:47.034652+00
3f52545a-0c30-416d-a2b5-e68f0188b1c2,/srv/fim-watch/gen_00083.txt,file_deleted,alert_only,high,2026-09-18 01:47:19.052366+00,2026-09-18 01:51:47.051625+00
f183b04d-9add-487e-bec3-dd6fbecccab9,/srv/fim-watch/gen_00080.txt,file_deleted,alert_only,high,2026-09-18 01:47:19.152749+00,2026-09-18 01:51:47.068525+00
bae35a6b-ea80-4a4f-8049-4360d2d8d398,/srv/fim-watch/gen_00073.txt,file_modified,alert_only,high,2026-09-18 01:47:19.252476+00,2026-09-18 01:51:47.085461+00
56d9e18a-f72c-4148-b323-1cd6de5f2635,/srv/fim-watch/gen_00028.txt,file_modified,alert_only,high,2026-09-18 01:47:19.352894+00,2026-09-18 01:51:47.102155+00
f57dd726-bf0d-4801-9e03-55d57f5e694c,/srv/fim-watch/gen_00084.txt,file_modified,alert_only,high,2026-09-18 01:47:19.452682+00,2026-09-18 01:51:47.117788+00
f5b9af61-9f13-46f2-9932-0eccd0b3b6a1,/srv/fim-watch/gen_00068.txt,file_modified,alert_only,high,2026-09-18 01:47:19.552113+00,2026-09-18 01:51:47.133489+00
3888b4de-c2c9-42eb-9094-e3753018e13a,/srv/fim-watch/gen_00068.txt,file_modified,alert_only,high,2026-09-18 01:47:19.652801+00,2026-09-18 01:51:47.149677+00
92f53f3d-4194-4e9f-9b45-c715b2316af2,/srv/fim-watch/gen_00044.txt,file_modified,alert_only,high,2026-09-18 01:47:19.752736+00,2026-09-18 01:51:47.16437+00
4cb83ec2-9700-4ec4-9207-7e7503af9dff,/srv/fim-watch/gen_00071.txt,file_modified,alert_only,high,2026-09-18 01:47:19.852113+00,2026-09-18 01:51:47.178452+00
4f5584de-1a34-4143-91dc-dc1d93c1aed8,/srv/fim-watch/gen_00067.txt,file_modified,alert_only,high,2026-09-18 01:47:19.95259+00,2026-09-18 01:51:47.193288+00
f3e88d8f-9bd2-495a-a17b-ec3cb3660e06,/srv/fim-watch/gen_00067.txt,file_modified,alert_only,high,2026-09-18 01:47:20.052579+00,2026-09-18 01:51:47.209056+00
2c2f69cc-6dd5-4406-ac16-4944369af7b0,/srv/fim-watch/gen_00085.txt,file_modified,alert_only,high,2026-09-18 01:47:20.152459+00,2026-09-18 01:51:47.225113+00
4f248aa1-176a-48a2-b828-3c7bcc2c4792,/srv/fim-watch/critico/gen_00023.txt,file_deleted,alert_only,critical,2026-09-18 01:47:20.252612+00,2026-09-18 01:51:47.24155+00
9de2e499-183a-4297-94d1-d26e17928bb4,/srv/fim-watch/gen_00062.txt,file_modified,alert_only,high,2026-09-18 01:47:20.352676+00,2026-09-18 01:51:47.267002+00
64517a08-9755-472c-b4d5-ee39f2fd26ac,/srv/fim-watch/gen_00020.txt,file_modified,alert_only,high,2026-09-18 01:47:20.452534+00,2026-09-18 01:51:47.27448+00
44aac014-7e00-4c46-907e-3f6f6d062a2a,/srv/fim-watch/gen_00019.txt,file_modified,alert_only,high,2026-09-18 01:47:20.552033+00,2026-09-18 01:51:47.292564+00
0d97e9d2-9322-4515-b470-055b1d850af2,/srv/fim-watch/gen_00086.txt,file_modified,alert_only,high,2026-09-18 01:47:20.652143+00,2026-09-18 01:51:47.308475+00
48622ab2-27fd-4a55-81c6-8567dc096bc6,/srv/fim-watch/gen_00059.txt,file_modified,alert_only,high,2026-09-18 01:47:20.752698+00,2026-09-18 01:51:47.323933+00
89ce0048-5ea7-4936-8792-0a56352ee98a,/srv/fim-watch/critico/gen_00087.txt,file_modified,alert_only,critical,2026-09-18 01:47:20.852839+00,2026-09-18 01:51:47.339442+00
91232f23-89c4-4f63-9774-05ae8d44a66a,/srv/fim-watch/gen_00058.txt,file_modified,alert_only,high,2026-09-18 01:47:20.952816+00,2026-09-18 01:51:47.352602+00
ac16af76-3e29-4f7a-84fe-2a9ccac43b2b,/srv/fim-watch/gen_00058.txt,file_modified,alert_only,high,2026-09-18 01:47:21.052317+00,2026-09-18 01:51:47.366158+00
95e30ab2-0a99-4179-90d9-5732a608c36a,/srv/fim-watch/gen_00072.txt,file_modified,alert_only,high,2026-09-18 01:47:21.153059+00,2026-09-18 01:51:47.380447+00
ae49fffd-7741-4e58-a46d-17b0f55df974,/srv/fim-watch/gen_00072.txt,file_modified,alert_only,high,2026-09-18 01:47:21.252899+00,2026-09-18 01:51:47.394459+00
75037b66-04d1-410e-aa92-48f871efa691,/srv/fim-watch/gen_00072.txt,file_modified,alert_only,high,2026-09-18 01:47:21.35283+00,2026-09-18 01:51:47.409578+00
ea4be522-601a-4dc2-98d9-4f20d72bfbd2,/srv/fim-watch/gen_00072.txt,file_modified,alert_only,high,2026-09-18 01:47:21.452254+00,2026-09-18 01:51:47.424708+00
ad6a5dda-48c6-4b25-a7c0-257af57acc7a,/srv/fim-watch/gen_00072.txt,file_modified,alert_only,high,2026-09-18 01:47:21.552645+00,2026-09-18 01:51:47.440172+00
4f37ba9f-97b2-4cde-8d19-6f7069651353,/srv/fim-watch/gen_00082.txt,file_modified,alert_only,high,2026-09-18 01:47:21.652441+00,2026-09-18 01:51:47.455852+00
ed06acd8-ba07-44bf-8faf-3b475512bfda,/srv/fim-watch/critico/gen_00081.txt,file_modified,alert_only,critical,2026-09-18 01:47:21.752681+00,2026-09-18 01:51:47.471+00
43e4fb23-e131-42ef-9a5e-83d3f900eb9c,/srv/fim-watch/gen_00066.txt,file_modified,alert_only,high,2026-09-18 01:47:21.85322+00,2026-09-18 01:51:47.486348+00
ede9f64a-b8f1-495b-b4fd-d0732bae880d,/srv/fim-watch/gen_00066.txt,file_modified,alert_only,high,2026-09-18 01:47:21.9527+00,2026-09-18 01:51:47.503013+00
43e70ba8-bfc3-4a00-b05a-c38bd647cc97,/srv/fim-watch/critico/gen_00087.txt,file_modified,alert_only,critical,2026-09-18 01:47:22.052088+00,2026-09-18 01:51:47.519316+00
845b1918-81e3-410c-8c9a-10f69cd335ba,/srv/fim-watch/gen_00019.txt,file_deleted,alert_only,high,2026-09-18 01:47:22.152113+00,2026-09-18 01:51:47.535443+00
c1e46c5b-bcc2-4b74-8e49-041c5ac0f55e,/srv/fim-watch/gen_00029.txt,file_modified,alert_only,high,2026-09-18 01:47:22.252765+00,2026-09-18 01:51:47.552491+00
204d5de5-4369-49d6-85a6-560c92e679d7,/srv/fim-watch/gen_00088.txt,file_created,alert_only,high,2026-09-18 01:47:22.35267+00,2026-09-18 01:51:47.569539+00
2379b393-16b6-4371-86f6-df3f0b419591,/srv/fim-watch/gen_00089.txt,file_modified,alert_only,high,2026-09-18 01:47:22.45266+00,2026-09-18 01:51:47.586541+00
61c33703-6d2f-47f9-850e-ff03504d40f8,/srv/fim-watch/gen_00050.txt,file_modified,alert_only,high,2026-09-18 01:47:22.552186+00,2026-09-18 01:51:47.60353+00
122545ec-48f3-419b-9590-f277670de15b,/srv/fim-watch/gen_00090.txt,file_modified,alert_only,high,2026-09-18 01:47:22.652174+00,2026-09-18 01:51:47.620635+00
040c9ff3-45c7-4c06-9b68-c3c1e633f9d1,/srv/fim-watch/critico/gen_00081.txt,file_modified,alert_only,critical,2026-09-18 01:47:22.752588+00,2026-09-18 01:51:47.637324+00
b83aebcb-0545-49f1-bb5e-80106d1b49cb,/srv/fim-watch/critico/gen_00081.txt,file_modified,alert_only,critical,2026-09-18 01:47:22.853039+00,2026-09-18 01:51:47.653094+00
ae7385ba-417f-44ef-ae22-7e4ec5b08858,/srv/fim-watch/critico/gen_00081.txt,file_modified,alert_only,critical,2026-09-18 01:47:22.953033+00,2026-09-18 01:51:47.670343+00
07961543-b1ca-420b-851a-b76ee103df92,/srv/fim-watch/critico/gen_00081.txt,file_modified,alert_only,critical,2026-09-18 01:47:23.05298+00,2026-09-18 01:51:47.686336+00
7385c505-f4ee-4c9f-a88d-fccee033cab8,/srv/fim-watch/critico/gen_00081.txt,file_modified,alert_only,critical,2026-09-18 01:47:23.152786+00,2026-09-18 01:51:47.70149+00
58bf8275-5fff-4e6d-93be-b1954b7f1dbf,/srv/fim-watch/gen_00045.txt,file_deleted,alert_only,high,2026-09-18 01:47:23.252773+00,2026-09-18 01:51:47.715906+00
e4e0ccd1-1677-467d-b459-a3bf8198f09b,/srv/fim-watch/gen_00013.txt,file_deleted,alert_only,high,2026-09-18 01:47:23.352233+00,2026-09-18 01:51:47.732052+00
900b84ac-0e2b-4b6b-aa81-492ec458fa46,/srv/fim-watch/critico/gen_00091.txt,file_modified,alert_only,critical,2026-09-18 01:47:23.452594+00,2026-09-18 01:51:47.74845+00
6c83603b-7734-4362-be73-908cfb1b7e96,/srv/fim-watch/gen_00033.txt,file_modified,alert_only,high,2026-09-18 01:47:23.552827+00,2026-09-18 01:51:47.762835+00
f65cb825-685a-4401-8119-ab5ed2795a32,/srv/fim-watch/gen_00040.txt,file_modified,alert_only,high,2026-09-18 01:47:23.652941+00,2026-09-18 01:51:47.777583+00
f2671d89-c294-48ef-9ca5-42db9972e956,/srv/fim-watch/gen_00057.txt,file_modified,alert_only,high,2026-09-18 01:47:23.752601+00,2026-09-18 01:51:47.793001+00
af1619c4-13f8-470b-9424-635743b20df2,/srv/fim-watch/gen_00040.txt,file_modified,alert_only,high,2026-09-18 01:47:23.853107+00,2026-09-18 01:51:47.807741+00
41f198a0-4f38-4a4f-bbd5-87f8a665149e,/srv/fim-watch/gen_00054.txt,file_modified,alert_only,high,2026-09-18 01:47:23.952806+00,2026-09-18 01:51:47.821939+00
ba2fd2a8-1c90-4c3a-b7ba-3b00cd96e7c9,/srv/fim-watch/gen_00054.txt,file_modified,alert_only,high,2026-09-18 01:47:24.052529+00,2026-09-18 01:51:47.836155+00
aa042048-b173-4d15-8cc8-2ec989a579a7,/srv/fim-watch/gen_00054.txt,file_modified,alert_only,high,2026-09-18 01:47:24.152639+00,2026-09-18 01:51:47.849929+00
cc05e042-c490-4930-888b-148c79eee573,/srv/fim-watch/gen_00054.txt,file_modified,alert_only,high,2026-09-18 01:47:24.252519+00,2026-09-18 01:51:47.864486+00
9ebe2f80-30fc-4cee-8e3f-bdc1094e0d5b,/srv/fim-watch/gen_00054.txt,file_modified,alert_only,high,2026-09-18 01:47:24.352821+00,2026-09-18 01:51:47.880164+00
85692a6d-e78e-495d-b7b7-e9d7cc668c16,/srv/fim-watch/gen_00092.txt,file_modified,alert_only,high,2026-09-18 01:47:24.452696+00,2026-09-18 01:51:47.894394+00
0b69f570-cbf6-4352-91c9-76294cface45,/srv/fim-watch/critico/gen_00087.txt,file_deleted,alert_only,critical,2026-09-18 01:47:24.552397+00,2026-09-18 01:51:47.909888+00
b534e77b-7224-460b-a50e-65f2fc100fb8,/srv/fim-watch/gen_00070.txt,file_modified,alert_only,high,2026-09-18 01:47:24.65227+00,2026-09-18 01:51:47.924788+00
017760b3-5300-46f3-850d-1294de4c6ac5,/srv/fim-watch/gen_00070.txt,file_modified,alert_only,high,2026-09-18 01:47:24.752683+00,2026-09-18 01:51:47.939592+00
8a214c8b-3f17-4263-9d0d-317f0a3e95d2,/srv/fim-watch/gen_00093.txt,file_modified,alert_only,high,2026-09-18 01:47:24.852104+00,2026-09-18 01:51:47.954733+00
b35dbece-7a8d-4d34-9eee-66b60eec7368,/srv/fim-watch/critico/gen_00047.txt,file_modified,alert_only,critical,2026-09-18 01:47:24.952627+00,2026-09-18 01:51:47.970152+00
dbc08fa0-8852-475b-8fbd-fd470ec6f74d,/srv/fim-watch/critico/gen_00094.txt,file_modified,alert_only,critical,2026-09-18 01:47:25.052491+00,2026-09-18 01:51:47.986005+00
b1c9d61e-56fc-4dc8-9b78-c46b0f62fe5b,/srv/fim-watch/gen_00095.txt,file_modified,alert_only,high,2026-09-18 01:47:25.152731+00,2026-09-18 01:51:48.002708+00
4343a954-faf4-4678-a4d7-9deeed6b9c7d,/srv/fim-watch/gen_00089.txt,file_modified,alert_only,high,2026-09-18 01:47:25.25258+00,2026-09-18 01:51:48.019714+00
e2cec43b-4dfa-47f7-8f52-254b3ced1451,/srv/fim-watch/gen_00096.txt,file_modified,alert_only,high,2026-09-18 01:47:25.353063+00,2026-09-18 01:51:48.05441+00
9fe8eb9d-1708-49ef-aabd-fb7310b8c436,/srv/fim-watch/gen_00095.txt,file_deleted,alert_only,high,2026-09-18 01:47:25.45275+00,2026-09-18 01:51:48.062652+00
1fa610f4-763d-4540-b467-c1b8bd6600d5,/srv/fim-watch/gen_00055.txt,file_modified,alert_only,high,2026-09-18 01:47:25.552198+00,2026-09-18 01:51:48.081152+00
d4d70fe8-5d85-471a-b599-122cd5cfd379,/srv/fim-watch/gen_00071.txt,file_modified,alert_only,high,2026-09-18 01:47:25.652324+00,2026-09-18 01:51:48.09584+00
1523ab39-30a1-4c20-929f-7eb43c6d9a25,/srv/fim-watch/gen_00097.txt,file_modified,alert_only,high,2026-09-18 01:47:25.752361+00,2026-09-18 01:51:48.112242+00
9c50853e-5090-4eed-8bb1-02fc58f746f2,/srv/fim-watch/gen_00055.txt,file_modified,alert_only,high,2026-09-18 01:47:25.852616+00,2026-09-18 01:51:48.126764+00
b1b0db2b-cb9d-46b6-ad52-90155bfd0b7d,/srv/fim-watch/critico/gen_00037.txt,file_modified,alert_only,critical,2026-09-18 01:47:25.952723+00,2026-09-18 01:51:48.141201+00
6f305155-3879-49a5-a749-87c82d1f260f,/srv/fim-watch/critico/gen_00037.txt,file_modified,alert_only,critical,2026-09-18 01:47:26.052657+00,2026-09-18 01:51:48.156569+00
b191309d-b31b-47fc-ad36-8a2634ec8201,/srv/fim-watch/gen_00029.txt,file_modified,alert_only,high,2026-09-18 01:47:26.152631+00,2026-09-18 01:51:48.171336+00
b1556cdb-cb6d-4248-82c9-4010bcae2d0e,/srv/fim-watch/gen_00085.txt,file_modified,alert_only,high,2026-09-18 01:47:26.252588+00,2026-09-18 01:51:48.186116+00
f0007468-bfe4-4994-929a-dc5a896d830b,/srv/fim-watch/gen_00055.txt,file_modified,alert_only,high,2026-09-18 01:47:26.35328+00,2026-09-18 01:51:48.201297+00
d56f793a-0d7e-4803-a3e3-d16fbdeacddf,/srv/fim-watch/gen_00082.txt,file_deleted,alert_only,high,2026-09-18 01:47:26.452884+00,2026-09-18 01:51:48.215724+00
7e33719c-27d5-4a8d-bdc7-3ef6ba1115d7,/srv/fim-watch/gen_00055.txt,file_deleted,alert_only,high,2026-09-18 01:47:26.55227+00,2026-09-18 01:51:48.231545+00
d2adce95-c9b5-41ae-931c-f541c6021599,/srv/fim-watch/gen_00098.txt,file_modified,alert_only,high,2026-09-18 01:47:26.653077+00,2026-09-18 01:51:48.248579+00
95ed436b-1b40-4ab0-b1d2-2b49e866e708,/srv/fim-watch/gen_00099.txt,file_modified,alert_only,high,2026-09-18 01:47:26.752309+00,2026-09-18 01:51:48.265257+00
14b3e2a6-43e8-4fce-b34e-8accbce8dfa8,/srv/fim-watch/gen_00043.txt,file_modified,alert_only,high,2026-09-18 01:47:26.853077+00,2026-09-18 01:51:48.282114+00
cb358ca0-a266-4d61-ac24-888623b7c2fc,/srv/fim-watch/gen_00093.txt,file_modified,alert_only,high,2026-09-18 01:47:26.953028+00,2026-09-18 01:51:48.298479+00
9fb59a66-478b-457c-bd6f-a41fac42b2ed,/srv/fim-watch/gen_00066.txt,file_modified,alert_only,high,2026-09-18 01:47:27.052718+00,2026-09-18 01:51:48.314079+00
67c2df21-9b41-4159-89d3-491f0553c31e,/srv/fim-watch/critico/gen_00025.txt,file_modified,alert_only,critical,2026-09-18 01:47:27.153034+00,2026-09-18 01:51:48.328971+00
5ba81786-1afb-4e5c-ac64-4708e3f17e34,/srv/fim-watch/gen_00100.txt,file_modified,alert_only,high,2026-09-18 01:47:27.252422+00,2026-09-18 01:51:48.343917+00
466132ec-98fe-47e3-841f-d6c24eec415b,/srv/fim-watch/gen_00090.txt,file_modified,alert_only,high,2026-09-18 01:47:27.352787+00,2026-09-18 01:51:48.358785+00
38fd07c6-b88b-4f26-9312-d0e583a9cbd7,/srv/fim-watch/gen_00077.txt,file_deleted,alert_only,high,2026-09-18 01:47:27.45256+00,2026-09-18 01:51:48.37385+00
5b6a029b-3a3a-4844-8b96-a468c898f659,/srv/fim-watch/gen_00098.txt,file_modified,alert_only,high,2026-09-18 01:47:27.552438+00,2026-09-18 01:51:48.389593+00
198f591f-4ae8-497f-9823-f2068c939cb1,/srv/fim-watch/gen_00067.txt,file_modified,alert_only,high,2026-09-18 01:47:27.652619+00,2026-09-18 01:51:48.40602+00
21b561b4-89c5-485a-8bb4-ff6037a1d301,/srv/fim-watch/gen_00093.txt,file_modified,alert_only,high,2026-09-18 01:47:27.752632+00,2026-09-18 01:51:48.422349+00
2d44c2ec-277e-46c4-a2c2-311988c91343,/srv/fim-watch/gen_00071.txt,file_modified,alert_only,high,2026-09-18 01:47:27.852519+00,2026-09-18 01:51:48.438435+00
bbab05f2-4ed2-4d0d-92ba-070488dca2f1,/srv/fim-watch/gen_00006.txt,file_modified,alert_only,high,2026-09-18 01:47:27.953355+00,2026-09-18 01:51:48.454991+00
3dc6da83-28bb-4685-a1ea-5036650a06f5,/srv/fim-watch/gen_00101.txt,file_modified,alert_only,high,2026-09-18 01:47:28.052749+00,2026-09-18 01:51:48.471347+00
d68d97c8-ce04-4a2c-86d1-7817aa57d236,/srv/fim-watch/gen_00101.txt,file_deleted,alert_only,high,2026-09-18 01:47:28.152597+00,2026-09-18 01:51:48.485903+00
c4f808b7-81ff-46fe-ac0a-cf016f2bab87,/srv/fim-watch/gen_00049.txt,file_modified,alert_only,high,2026-09-18 01:47:28.252987+00,2026-09-18 01:51:48.501164+00
8383bfa8-5f2e-4602-bbf9-0917541a9c12,/srv/fim-watch/gen_00067.txt,file_modified,alert_only,high,2026-09-18 01:47:28.352193+00,2026-09-18 01:51:48.515898+00
ea1b0cb1-26ab-4e5b-a43d-df601b10f038,/srv/fim-watch/gen_00067.txt,file_modified,alert_only,high,2026-09-18 01:47:28.453065+00,2026-09-18 01:51:48.53096+00
62fc0424-f5c6-4c52-8eba-fa2e000f2b59,/srv/fim-watch/gen_00067.txt,file_modified,alert_only,high,2026-09-18 01:47:28.552916+00,2026-09-18 01:51:48.546125+00
448906a8-0c46-47fd-89e7-229200b8a36f,/srv/fim-watch/gen_00067.txt,file_modified,alert_only,high,2026-09-18 01:47:28.653291+00,2026-09-18 01:51:48.56076+00
5c5b954b-eb76-4a18-bc05-c7e2cf4fef78,/srv/fim-watch/gen_00067.txt,file_modified,alert_only,high,2026-09-18 01:47:28.752849+00,2026-09-18 01:51:48.575459+00
90eb3c17-ac80-4d18-9409-145b87c4047d,/srv/fim-watch/gen_00071.txt,file_modified,alert_only,high,2026-09-18 01:47:28.853573+00,2026-09-18 01:51:48.590702+00
9aa94679-eaba-4dbc-a6d7-7ef16c69a38e,/srv/fim-watch/gen_00103.txt,file_created,alert_only,high,2026-09-18 01:47:29.052048+00,2026-09-18 01:51:48.607213+00
37161d87-e6be-4cc1-80fc-2cfd12c21b46,/srv/fim-watch/gen_00072.txt,file_modified,alert_only,high,2026-09-18 01:47:29.153371+00,2026-09-18 01:51:48.623427+00
398fe3cf-f8c2-45a4-9346-cf14a997b1a9,/srv/fim-watch/gen_00028.txt,file_modified,alert_only,high,2026-09-18 01:47:29.25305+00,2026-09-18 01:51:48.636926+00
a659fa60-acca-4d88-a978-50868a28836b,/srv/fim-watch/critico/gen_00081.txt,file_deleted,alert_only,critical,2026-09-18 01:47:29.353245+00,2026-09-18 01:51:48.651599+00
1bd98d8f-8c37-4450-a619-9fe8bbbbddc4,/srv/fim-watch/gen_00070.txt,file_modified,alert_only,high,2026-09-18 01:47:29.453114+00,2026-09-18 01:51:48.666842+00
6a7390ae-3a9b-4a4c-9886-34ec9f661040,/srv/fim-watch/gen_00050.txt,file_modified,alert_only,high,2026-09-18 01:47:29.552365+00,2026-09-18 01:51:48.682703+00
3507306e-8459-4d81-82bb-a4e668ea62e4,/srv/fim-watch/gen_00050.txt,file_modified,alert_only,high,2026-09-18 01:47:29.653037+00,2026-09-18 01:51:48.699122+00
57eae018-911a-479c-b2e1-6b8b284f7d8e,/srv/fim-watch/gen_00050.txt,file_modified,alert_only,high,2026-09-18 01:47:29.752819+00,2026-09-18 01:51:48.716163+00
533b3a19-e856-40e7-a66e-647abb755df7,/srv/fim-watch/gen_00050.txt,file_modified,alert_only,high,2026-09-18 01:47:29.852731+00,2026-09-18 01:51:48.732397+00
df0c574d-3b15-4cb5-921b-bceee4e71869,/srv/fim-watch/gen_00050.txt,file_modified,alert_only,high,2026-09-18 01:47:29.952145+00,2026-09-18 01:51:48.748772+00
cd022337-ba68-455c-8e68-df24b4831f26,/srv/fim-watch/gen_00071.txt,file_modified,alert_only,high,2026-09-18 01:47:30.052464+00,2026-09-18 01:51:48.764281+00
98809f5e-9a74-4061-8891-3cdd5ba07af0,/srv/fim-watch/gen_00072.txt,file_modified,alert_only,high,2026-09-18 01:47:30.152952+00,2026-09-18 01:51:48.780066+00
84aa162e-50c8-4a0b-b9eb-a753a590f618,/srv/fim-watch/gen_00104.txt,file_modified,alert_only,high,2026-09-18 01:47:30.2534+00,2026-09-18 01:51:48.797396+00
e5212f11-543e-4edb-b069-0b15a391622b,/srv/fim-watch/gen_00028.txt,file_modified,alert_only,high,2026-09-18 01:47:30.353228+00,2026-09-18 01:51:48.813351+00
50d703cd-a4af-4621-9c71-a27fddb192b5,/srv/fim-watch/critico/gen_00069.txt,file_modified,alert_only,critical,2026-09-18 01:47:30.453559+00,2026-09-18 01:51:48.844063+00
5b5fd5d7-8de9-4bda-8205-737d2398c20c,/srv/fim-watch/critico/gen_00069.txt,file_modified,alert_only,critical,2026-09-18 01:47:30.552625+00,2026-09-18 01:51:48.851164+00
6421fbdb-89b3-4d01-a69b-36c428b95b64,/srv/fim-watch/gen_00105.txt,file_modified,alert_only,high,2026-09-18 01:47:30.653351+00,2026-09-18 01:51:48.867769+00
13611766-3541-4088-bdde-99e6b9e7b11e,/srv/fim-watch/gen_00048.txt,file_modified,alert_only,high,2026-09-18 01:47:30.752423+00,2026-09-18 01:51:48.885144+00
fd2ae5f3-087c-4454-9954-f075596dc1a0,/srv/fim-watch/gen_00048.txt,file_modified,alert_only,high,2026-09-18 01:47:30.853095+00,2026-09-18 01:51:48.900381+00
61822e27-bb26-42f9-a6f9-010a9db1f785,/srv/fim-watch/gen_00086.txt,file_modified,alert_only,high,2026-09-18 01:47:30.95335+00,2026-09-18 01:51:48.916185+00
81feb5ea-8ae6-40a1-9a7c-b8cc23e22693,/srv/fim-watch/gen_00036.txt,file_modified,alert_only,high,2026-09-18 01:47:31.052352+00,2026-09-18 01:51:48.937534+00
4fe55c2a-a295-419a-ac93-ea65b80e3a73,/srv/fim-watch/gen_00036.txt,file_modified,alert_only,high,2026-09-18 01:47:31.152849+00,2026-09-18 01:51:48.954221+00
bfc58655-9116-419f-a14c-bac1d8fb5db1,/srv/fim-watch/gen_00040.txt,file_modified,alert_only,high,2026-09-18 01:47:31.253325+00,2026-09-18 01:51:48.971501+00
37ceec7a-e06c-413d-9b26-9f7d37d956e0,/srv/fim-watch/gen_00036.txt,file_modified,alert_only,high,2026-09-18 01:47:31.353151+00,2026-09-18 01:51:48.98887+00
0900dfcd-8ad2-4d51-905d-1ec62fdbcb2b,/srv/fim-watch/gen_00036.txt,file_modified,alert_only,high,2026-09-18 01:47:31.45331+00,2026-09-18 01:51:49.008671+00
c8f9b664-98e0-476f-840e-67803cc87462,/srv/fim-watch/gen_00073.txt,file_modified,alert_only,high,2026-09-18 01:47:31.552459+00,2026-09-18 01:51:49.026333+00
e46abc69-36f7-4f5d-8696-6c4b71e1d394,/srv/fim-watch/gen_00073.txt,file_modified,alert_only,high,2026-09-18 01:47:31.653552+00,2026-09-18 01:51:49.043573+00
f934dc2f-2f43-462f-99c4-a9aa02b4ba5d,/srv/fim-watch/gen_00042.txt,file_modified,alert_only,high,2026-09-18 01:47:31.752637+00,2026-09-18 01:51:49.060556+00
12be33af-51be-4712-9f21-bf7e52983535,/srv/fim-watch/gen_00040.txt,file_modified,alert_only,high,2026-09-18 01:47:31.853316+00,2026-09-18 01:51:49.075272+00
b9a4e033-1d1b-4525-867b-56c501f0c346,/srv/fim-watch/gen_00088.txt,file_modified,alert_only,high,2026-09-18 01:47:31.953311+00,2026-09-18 01:51:49.091086+00
e4824834-4a90-4172-bb86-226669548b4e,/srv/fim-watch/gen_00106.txt,file_modified,alert_only,high,2026-09-18 01:47:32.052652+00,2026-09-18 01:51:49.104915+00
b3f6ae06-8fe5-4da0-bfb9-4f84f43ce015,/srv/fim-watch/gen_00076.txt,file_modified,alert_only,high,2026-09-18 01:47:32.153278+00,2026-09-18 01:51:49.120107+00
0887311d-18b0-414f-ac04-0c8420274e27,/srv/fim-watch/gen_00072.txt,file_modified,alert_only,high,2026-09-18 01:47:32.252829+00,2026-09-18 01:51:49.13578+00
4cbcca72-5596-4823-b37b-4b40c1596d5d,/srv/fim-watch/gen_00036.txt,file_modified,alert_only,high,2026-09-18 01:47:32.352986+00,2026-09-18 01:51:49.150579+00
4c65d571-698d-4569-8d80-c916ea55e2ce,/srv/fim-watch/gen_00036.txt,file_modified,alert_only,high,2026-09-18 01:47:32.453006+00,2026-09-18 01:51:49.16585+00
78045b97-fd1a-47b1-815f-60684e8d6475,/srv/fim-watch/gen_00049.txt,file_modified,alert_only,high,2026-09-18 01:47:32.552495+00,2026-09-18 01:51:49.182069+00
e8175357-c8c3-4206-94e6-92db5077fb58,/srv/fim-watch/gen_00107.txt,file_modified,alert_only,high,2026-09-18 01:47:32.653132+00,2026-09-18 01:51:49.19806+00
b0a8dac5-2823-48a8-87b3-89cbdb968f94,/srv/fim-watch/gen_00107.txt,file_deleted,alert_only,high,2026-09-18 01:47:32.752639+00,2026-09-18 01:51:49.213922+00
aa0081c5-10cf-4510-a370-4b8ed5624ad2,/srv/fim-watch/gen_00054.txt,file_modified,alert_only,high,2026-09-18 01:47:32.853515+00,2026-09-18 01:51:49.229773+00
b687c310-058a-4cc7-8577-db72955fa4a5,/srv/fim-watch/gen_00103.txt,file_modified,alert_only,high,2026-09-18 01:47:32.953279+00,2026-09-18 01:51:49.245695+00
d5f3c691-1968-4a45-82f3-40710b8296d3,/srv/fim-watch/gen_00064.txt,file_modified,alert_only,high,2026-09-18 01:47:33.052586+00,2026-09-18 01:51:49.261244+00
e5c2a8e6-5207-4b3b-bbdc-3e2d1734cf84,/srv/fim-watch/gen_00096.txt,file_modified,alert_only,high,2026-09-18 01:47:33.153472+00,2026-09-18 01:51:49.277366+00
f4e43617-f3c3-4faf-9ae4-ca972ef0174e,/srv/fim-watch/gen_00078.txt,file_modified,alert_only,high,2026-09-18 01:47:33.253407+00,2026-09-18 01:51:49.293262+00
54240f1f-0a09-40f0-b31c-ac84fa8ceebc,/srv/fim-watch/gen_00020.txt,file_modified,alert_only,high,2026-09-18 01:47:33.353296+00,2026-09-18 01:51:49.309167+00
c3cdc754-8a43-407f-ba1d-95adabca43cb,/srv/fim-watch/gen_00044.txt,file_modified,alert_only,high,2026-09-18 01:47:33.452223+00,2026-09-18 01:51:49.325196+00
afa713db-bb23-4645-a503-eb1ac8312b25,/srv/fim-watch/gen_00073.txt,file_modified,alert_only,high,2026-09-18 01:47:33.552714+00,2026-09-18 01:51:49.341711+00
b6b90710-78ab-4999-af20-d1dcb241a0e6,/srv/fim-watch/gen_00073.txt,file_modified,alert_only,high,2026-09-18 01:47:33.652805+00,2026-09-18 01:51:49.357605+00
7fc9e8ae-63cd-40c4-9ae8-0176999e2aae,/srv/fim-watch/gen_00108.txt,file_modified,alert_only,high,2026-09-18 01:47:33.752799+00,2026-09-18 01:51:49.373258+00
cb4e67d8-0009-4a8e-9ccb-567093e707ff,/srv/fim-watch/gen_00109.txt,file_modified,alert_only,high,2026-09-18 01:47:33.853091+00,2026-09-18 01:51:49.389167+00
3e42df1f-6b4f-4ed6-a590-17f454c69f5d,/srv/fim-watch/gen_00033.txt,file_modified,alert_only,high,2026-09-18 01:47:33.952776+00,2026-09-18 01:51:49.405298+00
36be3ea6-4560-47ad-8af9-2d59a852be8a,/srv/fim-watch/gen_00029.txt,file_modified,alert_only,high,2026-09-18 01:47:34.052521+00,2026-09-18 01:51:49.420621+00
208c9d9e-d947-4dc1-b813-356a5b3326c6,/srv/fim-watch/gen_00029.txt,file_modified,alert_only,high,2026-09-18 01:47:34.152813+00,2026-09-18 01:51:49.435674+00
3a341aca-880c-4003-8487-4097abb3f3a6,/srv/fim-watch/critico/gen_00110.txt,file_modified,alert_only,critical,2026-09-18 01:47:34.252983+00,2026-09-18 01:51:49.451629+00
4201e95e-8409-422f-bf72-87829b1e617f,/srv/fim-watch/gen_00111.txt,file_modified,alert_only,high,2026-09-18 01:47:34.352587+00,2026-09-18 01:51:49.467585+00
f73fd821-93b0-4663-b16c-80295a4fcc38,/srv/fim-watch/gen_00079.txt,file_modified,alert_only,high,2026-09-18 01:47:34.452391+00,2026-09-18 01:51:49.483508+00
bf918550-1138-4f0f-8ff2-b32576d80275,/srv/fim-watch/gen_00060.txt,file_modified,alert_only,high,2026-09-18 01:47:34.552359+00,2026-09-18 01:51:49.499554+00
6cfc50c9-05fc-475f-a0d9-f46f907f3a77,/srv/fim-watch/gen_00112.txt,file_modified,alert_only,high,2026-09-18 01:47:34.652998+00,2026-09-18 01:51:49.515483+00
45be7a98-6271-4ed7-a33a-688cd7b27839,/srv/fim-watch/gen_00112.txt,file_deleted,alert_only,high,2026-09-18 01:47:34.752157+00,2026-09-18 01:51:49.531263+00
8c6443e9-a0d8-487a-9750-97bdead007e5,/srv/fim-watch/gen_00088.txt,file_modified,alert_only,high,2026-09-18 01:47:34.852972+00,2026-09-18 01:51:49.547269+00
c5ea1bc7-5a1b-4545-b9d9-9691357c21af,/srv/fim-watch/gen_00088.txt,file_modified,alert_only,high,2026-09-18 01:47:34.952265+00,2026-09-18 01:51:49.56177+00
2361aaff-ee4f-4237-9dc4-6cd6063710ae,/srv/fim-watch/gen_00058.txt,file_modified,alert_only,high,2026-09-18 01:47:35.052516+00,2026-09-18 01:51:49.577514+00
bb8d351c-0d93-4b28-98f6-2f1dd941cb69,/srv/fim-watch/gen_00048.txt,file_modified,alert_only,high,2026-09-18 01:47:35.153103+00,2026-09-18 01:51:49.592918+00
7a0a8074-d109-4ce9-a436-6869416a8b52,/srv/fim-watch/gen_00042.txt,file_modified,alert_only,high,2026-09-18 01:47:35.25328+00,2026-09-18 01:51:49.608255+00
266dae63-7fc0-4756-b592-14f9f29489ab,/srv/fim-watch/gen_00042.txt,file_modified,alert_only,high,2026-09-18 01:47:35.353036+00,2026-09-18 01:51:49.624866+00
25dfd0d4-bdf5-435e-a980-b50e135c5cb0,/srv/fim-watch/gen_00059.txt,file_deleted,alert_only,high,2026-09-18 01:47:35.452912+00,2026-09-18 01:51:49.655185+00
0d6c3399-9211-4f3d-baba-6a466acd69b2,/srv/fim-watch/gen_00113.txt,file_modified,alert_only,high,2026-09-18 01:47:35.552537+00,2026-09-18 01:51:49.661664+00
e64973a3-0029-4c8f-8ebd-b1c5fdd55dae,/srv/fim-watch/gen_00092.txt,file_deleted,alert_only,high,2026-09-18 01:47:35.653043+00,2026-09-18 01:51:49.676638+00
d8bb2f64-2ac2-4922-9ed5-e6e98605e346,/srv/fim-watch/gen_00006.txt,file_modified,alert_only,high,2026-09-18 01:47:35.752344+00,2026-09-18 01:51:49.690712+00
516a6b3e-5dd2-46b9-bac8-b987784b80ae,/srv/fim-watch/gen_00072.txt,file_modified,alert_only,high,2026-09-18 01:47:35.851997+00,2026-09-18 01:51:49.70498+00
d52b38eb-e647-441f-8b20-14bd9f2fbae3,/srv/fim-watch/gen_00072.txt,file_modified,alert_only,high,2026-09-18 01:47:35.952974+00,2026-09-18 01:51:49.719396+00
1177b337-25b3-4fd6-82e0-c7de49b6cad0,/srv/fim-watch/gen_00070.txt,file_modified,alert_only,high,2026-09-18 01:47:36.052365+00,2026-09-18 01:51:49.736418+00
8fb4904d-1211-42d0-a9bf-5ff597fb1431,/srv/fim-watch/gen_00079.txt,file_modified,alert_only,high,2026-09-18 01:47:36.152622+00,2026-09-18 01:51:49.752854+00
569c4412-56ec-44d9-8775-3947d473aa4b,/srv/fim-watch/gen_00079.txt,file_modified,alert_only,high,2026-09-18 01:47:36.253339+00,2026-09-18 01:51:49.767892+00
7968137c-f537-4d00-a36e-2a55003be8be,/srv/fim-watch/gen_00079.txt,file_modified,alert_only,high,2026-09-18 01:47:36.353441+00,2026-09-18 01:51:49.782539+00
78e5d49c-c08f-414a-b30f-1798040994ae,/srv/fim-watch/gen_00079.txt,file_modified,alert_only,high,2026-09-18 01:47:36.453071+00,2026-09-18 01:51:49.798908+00
390197e7-a87d-4a6c-b04f-b7e94cb371d8,/srv/fim-watch/gen_00079.txt,file_modified,alert_only,high,2026-09-18 01:47:36.552744+00,2026-09-18 01:51:49.816707+00
e9d45585-784e-49fa-a5de-5cedb2cd3c5a,/srv/fim-watch/gen_00020.txt,file_modified,alert_only,high,2026-09-18 01:47:36.653045+00,2026-09-18 01:51:49.831538+00
77e50077-944b-4b90-8000-f3d69c27aa1b,/srv/fim-watch/gen_00060.txt,file_modified,alert_only,high,2026-09-18 01:47:36.752676+00,2026-09-18 01:51:49.848674+00
966b7505-65e1-47ba-ad8e-7d737c105d7b,/srv/fim-watch/gen_00049.txt,file_modified,alert_only,high,2026-09-18 01:47:36.853538+00,2026-09-18 01:51:49.865594+00
0075c2b1-8cc1-42d8-ae5d-2cb64a0a879c,/srv/fim-watch/gen_00114.txt,file_modified,alert_only,high,2026-09-18 01:47:36.953091+00,2026-09-18 01:51:49.880857+00
1856d3ed-2a88-419b-9132-6ac1ab6ca4b7,/srv/fim-watch/gen_00115.txt,file_modified,alert_only,high,2026-09-18 01:47:37.052244+00,2026-09-18 01:51:49.894743+00
7e1d8a15-d17a-4ee9-bb63-01caf2d85ea9,/srv/fim-watch/gen_00033.txt,file_modified,alert_only,high,2026-09-18 01:47:37.152755+00,2026-09-18 01:51:49.909121+00
e01be60c-4b61-4cb6-a206-901b13acbed7,/srv/fim-watch/gen_00088.txt,file_modified,alert_only,high,2026-09-18 01:47:37.252999+00,2026-09-18 01:51:49.923446+00
4b6cccbc-0126-4239-9d38-deef6b2608e7,/srv/fim-watch/gen_00116.txt,file_modified,alert_only,high,2026-09-18 01:47:37.353053+00,2026-09-18 01:51:49.939172+00
44a33653-7b09-44e6-be65-d74d374113b3,/srv/fim-watch/gen_00106.txt,file_modified,alert_only,high,2026-09-18 01:47:37.452708+00,2026-09-18 01:51:49.955096+00
b88c6253-50b6-4b1b-ba83-7ff2fb3faed0,/srv/fim-watch/gen_00016.txt,file_modified,alert_only,high,2026-09-18 01:47:37.55218+00,2026-09-18 01:51:49.97048+00
c9a4879b-5ea5-4fbf-842b-066337fd68e0,/srv/fim-watch/gen_00117.txt,file_modified,alert_only,high,2026-09-18 01:47:37.652952+00,2026-09-18 01:51:49.98656+00
9c3e43dd-5559-4b6a-9ab9-2ca8c280ec3c,/srv/fim-watch/gen_00067.txt,file_modified,alert_only,high,2026-09-18 01:47:37.752768+00,2026-09-18 01:51:50.002491+00
7fd7081b-7389-4841-9ca3-5feddf9d2719,/srv/fim-watch/critico/gen_00094.txt,file_deleted,alert_only,critical,2026-09-18 01:47:37.852687+00,2026-09-18 01:51:50.019119+00
146f1d84-bf20-42df-9b21-fd6cbda1a1d0,/srv/fim-watch/gen_00028.txt,file_deleted,alert_only,high,2026-09-18 01:47:37.952568+00,2026-09-18 01:51:50.036804+00
ab28250e-1558-4d09-9559-cfe16a3b38e7,/srv/fim-watch/gen_00050.txt,file_modified,alert_only,high,2026-09-18 01:47:38.052406+00,2026-09-18 01:51:50.053146+00
69693d94-86cb-4fc6-81c9-2fe4f6195baf,/srv/fim-watch/critico/gen_00069.txt,file_modified,alert_only,critical,2026-09-18 01:47:38.153036+00,2026-09-18 01:51:50.069973+00
2ab10961-8075-401c-a52b-0f1a36b3e735,/srv/fim-watch/gen_00118.txt,file_modified,alert_only,high,2026-09-18 01:47:38.251914+00,2026-09-18 01:51:50.085616+00
01423729-ebdc-4f06-adcb-ab6fbde90233,/srv/fim-watch/gen_00118.txt,file_deleted,alert_only,high,2026-09-18 01:47:38.352927+00,2026-09-18 01:51:50.100774+00
c869b485-f8ca-40f7-9327-d7c6115de1f7,/srv/fim-watch/gen_00044.txt,file_modified,alert_only,high,2026-09-18 01:47:38.452969+00,2026-09-18 01:51:50.116614+00
4d82fa75-457e-4549-9cb3-055af455e039,/srv/fim-watch/gen_00044.txt,file_modified,alert_only,high,2026-09-18 01:47:38.552522+00,2026-09-18 01:51:50.131948+00
5630a887-7e39-4d26-8b36-f206e5e9a950,/srv/fim-watch/gen_00044.txt,file_modified,alert_only,high,2026-09-18 01:47:38.652957+00,2026-09-18 01:51:50.147919+00
ca8e6fff-d77d-44c9-a8b3-bd313b64af31,/srv/fim-watch/gen_00044.txt,file_modified,alert_only,high,2026-09-18 01:47:38.752411+00,2026-09-18 01:51:50.163002+00
57e74d33-487f-4d01-a09c-2b48f39fd125,/srv/fim-watch/gen_00044.txt,file_modified,alert_only,high,2026-09-18 01:47:38.852904+00,2026-09-18 01:51:50.179919+00
287901ea-abdd-4313-a738-cb832c8db31b,/srv/fim-watch/gen_00116.txt,file_modified,alert_only,high,2026-09-18 01:47:38.953172+00,2026-09-18 01:51:50.196413+00
c2910748-6309-424c-afaf-18ef250dc164,/srv/fim-watch/gen_00119.txt,file_modified,alert_only,high,2026-09-18 01:47:39.052484+00,2026-09-18 01:51:50.213025+00
a7c78688-d70a-4618-a559-0c32862a8ecf,/srv/fim-watch/gen_00042.txt,file_modified,alert_only,high,2026-09-18 01:47:39.152933+00,2026-09-18 01:51:50.228612+00
69645502-5919-492f-894f-c331769f047d,/srv/fim-watch/gen_00120.txt,file_modified,alert_only,high,2026-09-18 01:47:39.252396+00,2026-09-18 01:51:50.244335+00
1d5cb895-7d2c-466a-920a-2a22444ca6fa,/srv/fim-watch/gen_00121.txt,file_modified,alert_only,high,2026-09-18 01:47:39.352509+00,2026-09-18 01:51:50.259825+00
f17a22c0-1b57-41cc-a54b-8d152680a3fd,/srv/fim-watch/gen_00058.txt,file_modified,alert_only,high,2026-09-18 01:47:39.453295+00,2026-09-18 01:51:50.275466+00
8b691ec0-e54a-43db-911a-fa4c5a3e151d,/srv/fim-watch/gen_00122.txt,file_modified,alert_only,high,2026-09-18 01:47:39.552466+00,2026-09-18 01:51:50.291199+00
fef03880-d431-4dd6-9337-f87da06efe93,/srv/fim-watch/gen_00102.txt,file_modified,alert_only,high,2026-09-18 01:47:39.753169+00,2026-09-18 01:51:50.307609+00
05bc8a50-6804-46b0-90cc-983803fe4f94,/srv/fim-watch/gen_00090.txt,file_modified,alert_only,high,2026-09-18 01:47:39.85249+00,2026-09-18 01:51:50.323974+00
a5b9362d-2916-4733-a87d-995e05eeab8f,/srv/fim-watch/gen_00090.txt,file_modified,alert_only,high,2026-09-18 01:47:39.952392+00,2026-09-18 01:51:50.339772+00
1b94f8f7-5deb-4aec-96d0-9fc6da337cdc,/srv/fim-watch/gen_00098.txt,file_modified,alert_only,high,2026-09-18 01:47:40.052058+00,2026-09-18 01:51:50.355506+00
7d14edfd-1021-455a-bba5-a9072c9bca7b,/srv/fim-watch/gen_00068.txt,file_modified,alert_only,high,2026-09-18 01:47:40.152913+00,2026-09-18 01:51:50.371606+00
f2356851-7b23-47f2-b5cb-19b904aa8306,/srv/fim-watch/critico/gen_00047.txt,file_deleted,alert_only,critical,2026-09-18 01:47:40.252625+00,2026-09-18 01:51:50.38662+00
efcb32c3-53e4-40a9-8e17-b9b65f16e63c,/srv/fim-watch/critico/gen_00061.txt,file_modified,alert_only,critical,2026-09-18 01:47:40.352908+00,2026-09-18 01:51:50.401646+00
9cdfaf3b-0b30-497b-8a16-330d6b819839,/srv/fim-watch/critico/gen_00069.txt,file_modified,alert_only,critical,2026-09-18 01:47:40.452882+00,2026-09-18 01:51:50.416755+00
0722a93c-95cc-4f13-9466-306969d2c6ba,/srv/fim-watch/gen_00124.txt,file_modified,alert_only,high,2026-09-18 01:47:40.552911+00,2026-09-18 01:51:50.442421+00
68a41849-5a11-424e-8911-0cadf1c0f68c,/srv/fim-watch/gen_00097.txt,file_deleted,alert_only,high,2026-09-18 01:47:40.652936+00,2026-09-18 01:51:50.448963+00
628a3aeb-c3a8-431a-b757-14a0a2cd9b96,/srv/fim-watch/gen_00033.txt,file_modified,alert_only,high,2026-09-18 01:47:40.752696+00,2026-09-18 01:51:50.462645+00
802c9885-aebe-49a2-9707-2e96a5ffa8a2,/srv/fim-watch/gen_00076.txt,file_deleted,alert_only,high,2026-09-18 01:47:40.852352+00,2026-09-18 01:51:50.476391+00
54d70122-bd9f-483a-a64d-7aaaa01b1c35,/srv/fim-watch/gen_00100.txt,file_modified,alert_only,high,2026-09-18 01:47:40.953095+00,2026-09-18 01:51:50.492124+00
93893b23-0b16-4569-9dc9-ad7078f1982b,/srv/fim-watch/critico/gen_00053.txt,file_modified,alert_only,critical,2026-09-18 01:47:41.052724+00,2026-09-18 01:51:50.506654+00
56844d6c-9b22-4a36-afaa-bd688bb456d7,/srv/fim-watch/gen_00093.txt,file_modified,alert_only,high,2026-09-18 01:47:41.153215+00,2026-09-18 01:51:50.522025+00
bb3934e2-ceb7-444b-a4b1-ae047bbbf205,/srv/fim-watch/gen_00125.txt,file_modified,alert_only,high,2026-09-18 01:47:41.252619+00,2026-09-18 01:51:50.53632+00
e873fb1c-38df-4c74-8125-e1166fb5d1ec,/srv/fim-watch/gen_00104.txt,file_modified,alert_only,high,2026-09-18 01:47:41.35253+00,2026-09-18 01:51:50.551829+00
8905f139-d779-4ba0-98a0-b42768d0b9e2,/srv/fim-watch/gen_00115.txt,file_modified,alert_only,high,2026-09-18 01:47:41.453141+00,2026-09-18 01:51:50.566749+00
17f98160-5839-484f-baab-690abcd8d2b5,/srv/fim-watch/gen_00126.txt,file_modified,alert_only,high,2026-09-18 01:47:41.552678+00,2026-09-18 01:51:50.581407+00
36fe8689-716e-4b4a-a525-3dddc1d00518,/srv/fim-watch/gen_00114.txt,file_modified,alert_only,high,2026-09-18 01:47:41.652799+00,2026-09-18 01:51:50.595456+00
d2726815-fc89-485b-9ade-17ae954323bf,/srv/fim-watch/gen_00122.txt,file_modified,alert_only,high,2026-09-18 01:47:41.7544+00,2026-09-18 01:51:50.610229+00
7fe4ba9e-4f8e-4511-baa2-6c3e2b5b0244,/srv/fim-watch/gen_00127.txt,file_created,alert_only,high,2026-09-18 01:47:41.852535+00,2026-09-18 01:51:50.624713+00
0ed1c8d1-c4ec-409c-b9c8-b9f8d4a9e649,/srv/fim-watch/gen_00128.txt,file_modified,alert_only,high,2026-09-18 01:47:41.952651+00,2026-09-18 01:51:50.639329+00
2e67fe7f-5ccb-49af-bac8-0eaace9c32c7,/srv/fim-watch/gen_00098.txt,file_modified,alert_only,high,2026-09-18 01:47:42.052338+00,2026-09-18 01:51:50.653932+00
56f79c81-7405-4b87-8a34-ede397387ea8,/srv/fim-watch/critico/gen_00110.txt,file_modified,alert_only,critical,2026-09-18 01:47:42.153211+00,2026-09-18 01:51:50.668956+00
b6fc3097-f932-4539-ae82-6ce4d789b939,/srv/fim-watch/critico/gen_00110.txt,file_modified,alert_only,critical,2026-09-18 01:47:42.252137+00,2026-09-18 01:51:50.682955+00
b6e78786-8401-4733-aca9-02866e810f3f,/srv/fim-watch/gen_00090.txt,file_deleted,alert_only,high,2026-09-18 01:47:42.352663+00,2026-09-18 01:51:50.696139+00
28370509-364d-4361-b54c-e8d1a6df96eb,/srv/fim-watch/gen_00116.txt,file_modified,alert_only,high,2026-09-18 01:47:42.453089+00,2026-09-18 01:51:50.710267+00
d9b096c8-84c9-4ceb-8d11-e644be014bec,/srv/fim-watch/gen_00125.txt,file_modified,alert_only,high,2026-09-18 01:47:42.552651+00,2026-09-18 01:51:50.723646+00
d254b484-444b-47b5-87a3-8b7831aa04a2,/srv/fim-watch/gen_00129.txt,file_modified,alert_only,high,2026-09-18 01:47:42.652887+00,2026-09-18 01:51:50.737095+00
0c47eed6-794e-40e4-ad50-cf4419067610,/srv/fim-watch/gen_00131.txt,file_created,alert_only,high,2026-09-18 01:47:42.852636+00,2026-09-18 01:51:50.752304+00
15cf6326-6807-4724-879b-662231c3789e,/srv/fim-watch/gen_00100.txt,file_modified,alert_only,high,2026-09-18 01:47:42.953122+00,2026-09-18 01:51:50.766936+00
b1407473-d3ba-44dc-a64e-dd804c867d24,/srv/fim-watch/gen_00054.txt,file_modified,alert_only,high,2026-09-18 01:47:43.052539+00,2026-09-18 01:51:50.780894+00
07f15d36-97f9-400c-87e9-5937505d7a04,/srv/fim-watch/gen_00132.txt,file_modified,alert_only,high,2026-09-18 01:47:43.153179+00,2026-09-18 01:51:50.795315+00
be5fe4ae-6cd7-41eb-bdf4-f23724b9c13a,/srv/fim-watch/gen_00129.txt,file_modified,alert_only,high,2026-09-18 01:47:43.252413+00,2026-09-18 01:51:50.808537+00
627ef9bb-4c4e-4135-8b40-380b14442c20,/srv/fim-watch/gen_00099.txt,file_modified,alert_only,high,2026-09-18 01:47:43.352786+00,2026-09-18 01:51:50.822158+00
70a01518-34ed-4020-ab98-d70afcc3d4b7,/srv/fim-watch/gen_00099.txt,file_modified,alert_only,high,2026-09-18 01:47:43.452585+00,2026-09-18 01:51:50.83534+00
484f00f8-ebeb-4111-84cd-a3f21e29a8c3,/srv/fim-watch/critico/gen_00061.txt,file_modified,alert_only,critical,2026-09-18 01:47:43.552128+00,2026-09-18 01:51:50.848609+00
14e6c515-f97f-48ec-9f88-d13050b1aff5,/srv/fim-watch/gen_00104.txt,file_modified,alert_only,high,2026-09-18 01:47:43.652203+00,2026-09-18 01:51:50.861363+00
e4140e12-9e30-491f-a5ab-697951b561ca,/srv/fim-watch/critico/gen_00110.txt,file_modified,alert_only,critical,2026-09-18 01:47:43.753233+00,2026-09-18 01:51:50.874381+00
4c38192b-25da-45d2-865f-da2d99779065,/srv/fim-watch/critico/gen_00110.txt,file_deleted,alert_only,critical,2026-09-18 01:47:43.852595+00,2026-09-18 01:51:50.888298+00
0aa091a4-50c1-403e-9e14-39b166aef16d,/srv/fim-watch/gen_00079.txt,file_modified,alert_only,high,2026-09-18 01:47:43.95256+00,2026-09-18 01:51:50.901998+00
845baea4-ee1e-4ad2-926b-d47044486ddb,/srv/fim-watch/gen_00109.txt,file_modified,alert_only,high,2026-09-18 01:47:44.052713+00,2026-09-18 01:51:50.91538+00
4c9ee6e7-0866-4179-8c0b-de2b62bd5d14,/srv/fim-watch/gen_00119.txt,file_deleted,alert_only,high,2026-09-18 01:47:44.152462+00,2026-09-18 01:51:50.928611+00
1bcfe1df-bcda-4f29-8def-85e8ade37c7d,/srv/fim-watch/gen_00042.txt,file_modified,alert_only,high,2026-09-18 01:47:44.252575+00,2026-09-18 01:51:50.941947+00
0500d20f-5e0e-4e6a-a2be-76b4915805dd,/srv/fim-watch/gen_00093.txt,file_modified,alert_only,high,2026-09-18 01:47:44.352668+00,2026-09-18 01:51:50.954919+00
cc2e943b-e41f-4ba0-84d4-d6d47490fcdb,/srv/fim-watch/critico/gen_00069.txt,file_deleted,alert_only,critical,2026-09-18 01:47:44.45262+00,2026-09-18 01:51:50.968443+00
69f11547-f621-408a-82f4-68cf587ba2c5,/srv/fim-watch/gen_00133.txt,file_modified,alert_only,high,2026-09-18 01:47:44.552481+00,2026-09-18 01:51:50.981523+00
f4017ed3-6963-4c14-9878-d6dd9a9298ed,/srv/fim-watch/gen_00133.txt,file_deleted,alert_only,high,2026-09-18 01:47:44.652978+00,2026-09-18 01:51:50.994429+00
2461d8ad-24c9-431d-871d-78d0b9cf0847,/srv/fim-watch/gen_00079.txt,file_modified,alert_only,high,2026-09-18 01:47:44.753394+00,2026-09-18 01:51:51.007274+00
2c77294d-de1a-4b26-8afd-319c93c9f97b,/srv/fim-watch/gen_00116.txt,file_modified,alert_only,high,2026-09-18 01:47:44.852641+00,2026-09-18 01:51:51.020966+00
67aa85ea-6c03-4862-b2ff-7ac94d0d7f5b,/srv/fim-watch/gen_00068.txt,file_modified,alert_only,high,2026-09-18 01:47:44.952791+00,2026-09-18 01:51:51.035001+00
a7f3bf31-4666-404c-ad03-a53efa03945b,/srv/fim-watch/gen_00088.txt,file_modified,alert_only,high,2026-09-18 01:47:45.052294+00,2026-09-18 01:51:51.049123+00
140f98cf-aecf-4253-812a-c193a3c2e763,/srv/fim-watch/gen_00088.txt,file_modified,alert_only,high,2026-09-18 01:47:45.15318+00,2026-09-18 01:51:51.062558+00
29c92405-932b-4bbc-9f72-0f4cb60f2c2c,/srv/fim-watch/gen_00088.txt,file_modified,alert_only,high,2026-09-18 01:47:45.253283+00,2026-09-18 01:51:51.076669+00
19d02a65-c809-4326-af63-1d46525ff4b9,/srv/fim-watch/gen_00088.txt,file_modified,alert_only,high,2026-09-18 01:47:45.352848+00,2026-09-18 01:51:51.089959+00
9f4d6089-d638-479f-b8d9-a3aa755a5c24,/srv/fim-watch/gen_00088.txt,file_modified,alert_only,high,2026-09-18 01:47:45.45298+00,2026-09-18 01:51:51.103478+00
52a23cfc-37f4-413c-b48a-cdfdbeaae00e,/srv/fim-watch/gen_00134.txt,file_modified,alert_only,high,2026-09-18 01:47:45.552518+00,2026-09-18 01:51:51.117788+00
42e94f47-4e75-4bb9-ac0b-28bc697cda56,/srv/fim-watch/gen_00100.txt,file_modified,alert_only,high,2026-09-18 01:47:45.653154+00,2026-09-18 01:51:51.140853+00
7ad19385-f28d-4f24-aed3-6cd9b91c8dfe,/srv/fim-watch/gen_00044.txt,file_deleted,alert_only,high,2026-09-18 01:47:45.753176+00,2026-09-18 01:51:51.14769+00
3b4aca36-65cb-450a-a214-114c30d7438c,/srv/fim-watch/gen_00135.txt,file_modified,alert_only,high,2026-09-18 01:47:45.852564+00,2026-09-18 01:51:51.162+00
74888e79-6f38-4e00-95bf-74e84c2aafc6,/srv/fim-watch/gen_00060.txt,file_modified,alert_only,high,2026-09-18 01:47:45.953035+00,2026-09-18 01:51:51.175965+00
bc1f5e7c-2958-4d43-912d-18cd144e19ae,/srv/fim-watch/gen_00121.txt,file_modified,alert_only,high,2026-09-18 01:47:46.053111+00,2026-09-18 01:51:51.190156+00
601825fd-4bbd-4069-9827-f973411787c9,/srv/fim-watch/gen_00121.txt,file_modified,alert_only,high,2026-09-18 01:47:46.152674+00,2026-09-18 01:51:51.204379+00
85119bd9-4125-43bd-864f-c0d0b8f00a9e,/srv/fim-watch/gen_00121.txt,file_modified,alert_only,high,2026-09-18 01:47:46.253041+00,2026-09-18 01:51:51.218333+00
d0058bbb-ed05-4c6b-b5da-8e80b1bac91a,/srv/fim-watch/gen_00121.txt,file_modified,alert_only,high,2026-09-18 01:47:46.352553+00,2026-09-18 01:51:51.232293+00
8b6a0d43-079a-4be3-a990-095d8b99f287,/srv/fim-watch/gen_00121.txt,file_modified,alert_only,high,2026-09-18 01:47:46.452748+00,2026-09-18 01:51:51.245952+00
898a9b17-3d04-4913-b874-cd1ac7b5a621,/srv/fim-watch/gen_00084.txt,file_modified,alert_only,high,2026-09-18 01:47:46.552356+00,2026-09-18 01:51:51.260125+00
446af161-8306-4754-a282-87bd0033f0ed,/srv/fim-watch/gen_00084.txt,file_modified,alert_only,high,2026-09-18 01:47:46.652772+00,2026-09-18 01:51:51.273802+00
b438df97-b63b-47bc-b3b9-e1dcef1e807c,/srv/fim-watch/gen_00100.txt,file_modified,alert_only,high,2026-09-18 01:47:46.854736+00,2026-09-18 01:51:51.288139+00
db9538af-e481-4506-984a-1bd2680abb5e,/srv/fim-watch/gen_00060.txt,file_modified,alert_only,high,2026-09-18 01:47:46.951793+00,2026-09-18 01:51:51.302451+00
d356a684-6629-4429-a290-574e40c92585,/srv/fim-watch/gen_00060.txt,file_modified,alert_only,high,2026-09-18 01:47:47.052762+00,2026-09-18 01:51:51.31737+00
2cfa35d0-c83a-4756-920d-23a5400a4906,/srv/fim-watch/gen_00067.txt,file_modified,alert_only,high,2026-09-18 01:47:47.152968+00,2026-09-18 01:51:51.331662+00
b2750c3d-65b9-4d93-aa2e-6694aa7a4695,/srv/fim-watch/gen_00042.txt,file_modified,alert_only,high,2026-09-18 01:47:47.253036+00,2026-09-18 01:51:51.345785+00
70b2783a-e5b9-4879-ab45-b548ab606f03,/srv/fim-watch/gen_00137.txt,file_modified,alert_only,high,2026-09-18 01:47:47.352435+00,2026-09-18 01:51:51.360341+00
c08870f1-45ec-45f8-bffc-f63187160bfa,/srv/fim-watch/gen_00137.txt,file_deleted,alert_only,high,2026-09-18 01:47:47.452551+00,2026-09-18 01:51:51.375276+00
648c0c7f-61f0-4de2-9ffb-8ed5487072af,/srv/fim-watch/critico/gen_00061.txt,file_modified,alert_only,critical,2026-09-18 01:47:47.552807+00,2026-09-18 01:51:51.387616+00
763420c3-8806-44bc-87ce-5361afef680a,/srv/fim-watch/gen_00121.txt,file_deleted,alert_only,high,2026-09-18 01:47:47.652727+00,2026-09-18 01:51:51.401627+00
37fc9dd5-4bf4-4557-b7de-6886133d170d,/srv/fim-watch/gen_00085.txt,file_modified,alert_only,high,2026-09-18 01:47:47.752612+00,2026-09-18 01:51:51.416089+00
8de8b210-5a2b-4fe5-bf48-84f0cbc7f5c3,/srv/fim-watch/gen_00085.txt,file_modified,alert_only,high,2026-09-18 01:47:47.853252+00,2026-09-18 01:51:51.430159+00
8628cac8-c69d-469e-8d5f-5b7edac0b088,/srv/fim-watch/gen_00116.txt,file_modified,alert_only,high,2026-09-18 01:47:47.95267+00,2026-09-18 01:51:51.442946+00
b2aff091-67e7-4c49-aa9f-55173d322d6f,/srv/fim-watch/gen_00136.txt,file_modified,alert_only,high,2026-09-18 01:47:48.052327+00,2026-09-18 01:51:51.456295+00
7eafaabd-537f-46b2-b5e5-67f135810c66,/srv/fim-watch/gen_00029.txt,file_modified,alert_only,high,2026-09-18 01:47:48.152557+00,2026-09-18 01:51:51.469333+00
5ee66732-153c-42b1-877d-7aee42dae451,/srv/fim-watch/critico/gen_00123.txt,file_modified,alert_only,critical,2026-09-18 01:47:48.252497+00,2026-09-18 01:51:51.482646+00
32a216d0-bd34-418f-93f9-fd05e7590c43,/srv/fim-watch/gen_00062.txt,file_modified,alert_only,high,2026-09-18 01:47:48.352483+00,2026-09-18 01:51:51.496049+00
fd1e8109-5c7b-4f24-b81d-917a4475739d,/srv/fim-watch/gen_00065.txt,file_modified,alert_only,high,2026-09-18 01:47:48.452463+00,2026-09-18 01:51:51.509158+00
56799c13-661c-41ad-8172-ccaef5b3aba4,/srv/fim-watch/gen_00106.txt,file_modified,alert_only,high,2026-09-18 01:47:48.552778+00,2026-09-18 01:51:51.522171+00
8d197787-fa96-415e-86cf-942247c8fb93,/srv/fim-watch/critico/gen_00138.txt,file_modified,alert_only,critical,2026-09-18 01:47:48.652218+00,2026-09-18 01:51:51.535036+00
74f5fe81-74bf-401e-9190-261852707816,/srv/fim-watch/critico/gen_00138.txt,file_deleted,alert_only,critical,2026-09-18 01:47:48.753108+00,2026-09-18 01:51:51.548086+00
8a75b114-1b58-448f-841c-16920b919201,/srv/fim-watch/gen_00054.txt,file_modified,alert_only,high,2026-09-18 01:47:48.852733+00,2026-09-18 01:51:51.560832+00
c6ff7f0e-336e-46dd-bc26-4268ab4f30d6,/srv/fim-watch/gen_00072.txt,file_deleted,alert_only,high,2026-09-18 01:47:49.052424+00,2026-09-18 01:51:51.574272+00
52467936-bcd0-4b25-a787-811b3e6016a5,/srv/fim-watch/gen_00116.txt,file_modified,alert_only,high,2026-09-18 01:47:49.153037+00,2026-09-18 01:51:51.587333+00
25831928-39be-46eb-996e-3eb2a8845d1f,/srv/fim-watch/gen_00116.txt,file_modified,alert_only,high,2026-09-18 01:47:49.253271+00,2026-09-18 01:51:51.600533+00
cb05e850-b1b2-4f4a-9a9a-f8376693081b,/srv/fim-watch/gen_00116.txt,file_modified,alert_only,high,2026-09-18 01:47:49.352539+00,2026-09-18 01:51:51.613492+00
dd0c056a-25cd-44f2-888e-803ecf201cf6,/srv/fim-watch/gen_00116.txt,file_modified,alert_only,high,2026-09-18 01:47:49.453046+00,2026-09-18 01:51:51.626354+00
f2389386-ee77-4a89-9c5c-f49e551594fa,/srv/fim-watch/gen_00116.txt,file_modified,alert_only,high,2026-09-18 01:47:49.553+00,2026-09-18 01:51:51.639519+00
53440055-3581-486c-8f4f-a3859781d8b5,/srv/fim-watch/gen_00078.txt,file_modified,alert_only,high,2026-09-18 01:47:49.652758+00,2026-09-18 01:51:51.652873+00
57c15a8d-f23b-4e37-9423-11828e5c4b0a,/srv/fim-watch/gen_00140.txt,file_modified,alert_only,high,2026-09-18 01:47:49.752485+00,2026-09-18 01:51:51.665956+00
a5bf1e4f-2137-4e15-a853-2fe9fc05a3cd,/srv/fim-watch/gen_00086.txt,file_modified,alert_only,high,2026-09-18 01:47:49.85329+00,2026-09-18 01:51:51.678743+00
fb054391-dd94-4850-9ee5-d318409c32f5,/srv/fim-watch/gen_00086.txt,file_modified,alert_only,high,2026-09-18 01:47:49.953274+00,2026-09-18 01:51:51.691809+00
9c155e1f-0580-40f5-857e-2c88853cab48,/srv/fim-watch/gen_00086.txt,file_modified,alert_only,high,2026-09-18 01:47:50.05224+00,2026-09-18 01:51:51.704854+00
7084b237-bcac-4972-afe0-8b79e23278bd,/srv/fim-watch/gen_00086.txt,file_modified,alert_only,high,2026-09-18 01:47:50.152642+00,2026-09-18 01:51:51.717761+00
b675e611-bdd5-497d-83a9-2f3772781e7c,/srv/fim-watch/gen_00086.txt,file_modified,alert_only,high,2026-09-18 01:47:50.252583+00,2026-09-18 01:51:51.73235+00
3a7f34f9-c90b-476c-bda7-5025cccea3bc,/srv/fim-watch/critico/gen_00141.txt,file_modified,alert_only,critical,2026-09-18 01:47:50.352466+00,2026-09-18 01:51:51.7509+00
2e261f2a-b787-4279-a9f8-e3ca500cc7af,/srv/fim-watch/gen_00088.txt,file_modified,alert_only,high,2026-09-18 01:47:50.45309+00,2026-09-18 01:51:51.768924+00
b374bd0e-957b-497f-acea-047677e29279,/srv/fim-watch/gen_00140.txt,file_modified,alert_only,high,2026-09-18 01:47:50.55253+00,2026-09-18 01:51:51.790742+00
cceb58bd-b65e-4390-af27-6c9444b383c0,/srv/fim-watch/gen_00073.txt,file_modified,alert_only,high,2026-09-18 01:47:50.652516+00,2026-09-18 01:51:51.810451+00
fe625a77-b551-4949-804e-c0d9e27d3470,/srv/fim-watch/gen_00135.txt,file_modified,alert_only,high,2026-09-18 01:47:50.753194+00,2026-09-18 01:51:51.82775+00
c8d6a8e1-2225-4b2d-9e38-36585191433a,/srv/fim-watch/gen_00102.txt,file_modified,alert_only,high,2026-09-18 01:47:50.853029+00,2026-09-18 01:51:51.848037+00
3540e9f4-f2a1-43ea-8ebe-ff891f838cae,/srv/fim-watch/gen_00050.txt,file_modified,alert_only,high,2026-09-18 01:47:50.952311+00,2026-09-18 01:51:51.853248+00
a86e267e-fd31-4e47-a855-2baf26ac4186,/srv/fim-watch/gen_00117.txt,file_modified,alert_only,high,2026-09-18 01:47:51.052682+00,2026-09-18 01:51:51.871073+00
bf578dea-1c0f-4d0e-8f96-6a28de8eac16,/srv/fim-watch/gen_00142.txt,file_modified,alert_only,high,2026-09-18 01:47:51.153002+00,2026-09-18 01:51:51.884065+00
fe892f98-1f6d-4aed-acef-3b7b5fc89a02,/srv/fim-watch/gen_00131.txt,file_modified,alert_only,high,2026-09-18 01:47:51.253046+00,2026-09-18 01:51:51.89821+00
77639b6d-0e0e-4216-8b98-28c4b740ed5d,/srv/fim-watch/gen_00089.txt,file_modified,alert_only,high,2026-09-18 01:47:51.3527+00,2026-09-18 01:51:51.913147+00
17023bb6-76f8-456c-8fb9-2a0a1b597773,/srv/fim-watch/gen_00128.txt,file_modified,alert_only,high,2026-09-18 01:47:51.453009+00,2026-09-18 01:51:51.928001+00
60a45c99-ce49-404a-8e54-ffa4dddfe6b3,/srv/fim-watch/critico/gen_00061.txt,file_modified,alert_only,critical,2026-09-18 01:47:51.552527+00,2026-09-18 01:51:51.944881+00
16840cb3-348d-4648-b930-7ea7e5902f6c,/srv/fim-watch/critico/gen_00061.txt,file_modified,alert_only,critical,2026-09-18 01:47:51.65253+00,2026-09-18 01:51:51.960677+00
cb1edbea-7865-4bc7-80fe-d60c10e548d0,/srv/fim-watch/gen_00086.txt,file_modified,alert_only,high,2026-09-18 01:47:51.75319+00,2026-09-18 01:51:51.972954+00
cb76ea0b-ff28-4d45-8bca-99067d6edc5a,/srv/fim-watch/gen_00143.txt,file_modified,alert_only,high,2026-09-18 01:47:51.853265+00,2026-09-18 01:51:51.987079+00
0b21cda0-9115-4a00-a3d4-16d1bed43912,/srv/fim-watch/gen_00143.txt,file_deleted,alert_only,high,2026-09-18 01:47:51.953375+00,2026-09-18 01:51:51.998304+00
57fcd727-bd3d-4f99-b35c-e5a27094d412,/srv/fim-watch/gen_00054.txt,file_modified,alert_only,high,2026-09-18 01:47:52.053092+00,2026-09-18 01:51:52.009349+00
5fa6d5ec-df4a-4c5a-9db8-d10fc09a104a,/srv/fim-watch/gen_00054.txt,file_modified,alert_only,high,2026-09-18 01:47:52.15258+00,2026-09-18 01:51:52.020658+00
219fd3b5-e088-484d-9a3c-bc7fb0c92296,/srv/fim-watch/gen_00054.txt,file_modified,alert_only,high,2026-09-18 01:47:52.253019+00,2026-09-18 01:51:52.035045+00
3cab372e-7a16-4ff1-aba5-8a1a2ffd65cd,/srv/fim-watch/gen_00054.txt,file_modified,alert_only,high,2026-09-18 01:47:52.352948+00,2026-09-18 01:51:52.048913+00
31cf235a-0bd4-4e5d-8bad-470ea5bdf5c7,/srv/fim-watch/gen_00054.txt,file_modified,alert_only,high,2026-09-18 01:47:52.453573+00,2026-09-18 01:51:52.063722+00
051c144c-5093-41a4-ac5a-bdea17aaa037,/srv/fim-watch/gen_00117.txt,file_modified,alert_only,high,2026-09-18 01:47:52.552842+00,2026-09-18 01:51:52.081307+00
dee7e3cc-a0a1-42d4-b2b5-1104be49f96e,/srv/fim-watch/gen_00117.txt,file_modified,alert_only,high,2026-09-18 01:47:52.653664+00,2026-09-18 01:51:52.097949+00
894b3208-c6a6-4670-b49c-518941decb24,/srv/fim-watch/critico/gen_00144.txt,file_modified,alert_only,critical,2026-09-18 01:47:52.753485+00,2026-09-18 01:51:52.113707+00
f76b593b-31ad-4f64-bdba-75ece43dc65b,/srv/fim-watch/gen_00054.txt,file_modified,alert_only,high,2026-09-18 01:47:52.852749+00,2026-09-18 01:51:52.129787+00
2e2933cb-90bd-425e-bf90-4dbcb25f7e43,/srv/fim-watch/gen_00145.txt,file_modified,alert_only,high,2026-09-18 01:47:52.952714+00,2026-09-18 01:51:52.146082+00
d081257c-7994-43f4-84da-7bb5476f9130,/srv/fim-watch/gen_00105.txt,file_modified,alert_only,high,2026-09-18 01:47:53.053307+00,2026-09-18 01:51:52.161833+00
5150bc11-6f42-4522-b69b-c6cc78d103b6,/srv/fim-watch/gen_00016.txt,file_modified,alert_only,high,2026-09-18 01:47:53.152563+00,2026-09-18 01:51:52.17707+00
64b2da3f-d076-4367-bb11-d732221bca94,/srv/fim-watch/gen_00016.txt,file_modified,alert_only,high,2026-09-18 01:47:53.253399+00,2026-09-18 01:51:52.192911+00
26795660-1059-4eed-a210-13226f341ba7,/srv/fim-watch/critico/gen_00144.txt,file_modified,alert_only,critical,2026-09-18 01:47:53.352761+00,2026-09-18 01:51:52.208294+00
be4d2418-3f1e-4cbb-85cf-8f932bc9de9c,/srv/fim-watch/gen_00146.txt,file_modified,alert_only,high,2026-09-18 01:47:53.452994+00,2026-09-18 01:51:52.223237+00
993a8fbf-901d-4877-bf17-e134c9f99365,/srv/fim-watch/gen_00098.txt,file_modified,alert_only,high,2026-09-18 01:47:53.553479+00,2026-09-18 01:51:52.238199+00
408034a4-153f-4c1b-a8e3-f70e8f59b4ef,/srv/fim-watch/gen_00098.txt,file_modified,alert_only,high,2026-09-18 01:47:53.65312+00,2026-09-18 01:51:52.252799+00
8fa7acb5-0fd6-4f30-8449-d2b009d66cbd,/srv/fim-watch/gen_00128.txt,file_modified,alert_only,high,2026-09-18 01:47:53.752727+00,2026-09-18 01:51:52.26723+00
9fb6d876-db9c-41ef-8e79-3970f830ff9b,/srv/fim-watch/gen_00074.txt,file_modified,alert_only,high,2026-09-18 01:47:53.85345+00,2026-09-18 01:51:52.281578+00
b86294ac-6058-46cd-8efe-e3168f720646,/srv/fim-watch/gen_00073.txt,file_modified,alert_only,high,2026-09-18 01:47:53.953226+00,2026-09-18 01:51:52.29721+00
7489398b-35c8-4724-a6a6-5c724e642765,/srv/fim-watch/gen_00135.txt,file_modified,alert_only,high,2026-09-18 01:47:54.052584+00,2026-09-18 01:51:52.312303+00
c2cd0b9b-a4c1-4c90-aa12-01ce5129eb6c,/srv/fim-watch/gen_00100.txt,file_modified,alert_only,high,2026-09-18 01:47:54.152535+00,2026-09-18 01:51:52.328808+00
b79ce197-1eff-4f70-8f72-6b3e53fe4f18,/srv/fim-watch/gen_00115.txt,file_modified,alert_only,high,2026-09-18 01:47:54.253001+00,2026-09-18 01:51:52.34633+00
a8d0ea94-29cf-4176-a1c5-06e02ecca469,/srv/fim-watch/gen_00147.txt,file_modified,alert_only,high,2026-09-18 01:47:54.353046+00,2026-09-18 01:51:52.358802+00
e6d4e033-0e32-4a91-b0f9-eea2eaff1d8b,/srv/fim-watch/critico/gen_00091.txt,file_deleted,alert_only,critical,2026-09-18 01:47:54.453039+00,2026-09-18 01:51:52.371791+00
8bceb2da-d9ab-422e-8053-2afec6d33ab0,/srv/fim-watch/gen_00062.txt,file_modified,alert_only,high,2026-09-18 01:47:54.553159+00,2026-09-18 01:51:52.384809+00
9deeccd8-9c27-425b-a641-93564c3b9b6e,/srv/fim-watch/gen_00132.txt,file_modified,alert_only,high,2026-09-18 01:47:54.652821+00,2026-09-18 01:51:52.396518+00
21474806-f80a-44a2-be96-399fde307ab5,/srv/fim-watch/gen_00048.txt,file_modified,alert_only,high,2026-09-18 01:47:54.753267+00,2026-09-18 01:51:52.410054+00
bb7d83b1-ec8f-46fb-9a78-677721460e1f,/srv/fim-watch/gen_00136.txt,file_modified,alert_only,high,2026-09-18 01:47:54.85306+00,2026-09-18 01:51:52.426064+00
5574e0d3-23a5-4043-b3ad-d63d79f41555,/srv/fim-watch/gen_00109.txt,file_deleted,alert_only,high,2026-09-18 01:47:54.952536+00,2026-09-18 01:51:52.442084+00
e4e335c6-18d8-4af6-bd42-13b62cbcd379,/srv/fim-watch/gen_00085.txt,file_modified,alert_only,high,2026-09-18 01:47:55.052235+00,2026-09-18 01:51:52.457961+00
92547c52-38f1-4e01-a684-16b9c2e8ee44,/srv/fim-watch/gen_00085.txt,file_modified,alert_only,high,2026-09-18 01:47:55.152745+00,2026-09-18 01:51:52.474838+00
edd585f1-0bb5-4ef8-b1ab-cb029c16c25d,/srv/fim-watch/critico/gen_00130.txt,file_modified,alert_only,critical,2026-09-18 01:47:55.252121+00,2026-09-18 01:51:52.4922+00
9ab42479-2912-422f-b40c-d5eb922d4551,/srv/fim-watch/gen_00006.txt,file_modified,alert_only,high,2026-09-18 01:47:55.353339+00,2026-09-18 01:51:52.50901+00
99170af6-e17d-4d23-ba01-e212748837a0,/srv/fim-watch/gen_00148.txt,file_modified,alert_only,high,2026-09-18 01:47:55.45276+00,2026-09-18 01:51:52.526258+00
79773f42-839d-4c3b-80e8-8e0c1db49fcc,/srv/fim-watch/gen_00116.txt,file_deleted,alert_only,high,2026-09-18 01:47:55.552407+00,2026-09-18 01:51:52.543306+00
dd8125c2-b2bc-407d-95e7-73a2489c8910,/srv/fim-watch/gen_00148.txt,file_modified,alert_only,high,2026-09-18 01:47:55.652747+00,2026-09-18 01:51:52.558903+00
69b5635a-7bec-4a6d-a974-f98e6c8bcc17,/srv/fim-watch/gen_00148.txt,file_modified,alert_only,high,2026-09-18 01:47:55.753108+00,2026-09-18 01:51:52.575394+00
0cf40267-4c4e-4f0d-9760-c25208507371,/srv/fim-watch/gen_00148.txt,file_modified,alert_only,high,2026-09-18 01:47:55.852611+00,2026-09-18 01:51:52.603278+00
cfa1a9f4-7088-42b5-bb0a-98044756ff3c,/srv/fim-watch/gen_00148.txt,file_modified,alert_only,high,2026-09-18 01:47:55.95271+00,2026-09-18 01:51:52.609904+00
2ca81b9d-7cc7-4f68-829d-26a9b1ba4767,/srv/fim-watch/gen_00148.txt,file_modified,alert_only,high,2026-09-18 01:47:56.052467+00,2026-09-18 01:51:52.625908+00
b9e75014-3e1d-45a1-bc96-f8bac89c7a5b,/srv/fim-watch/gen_00064.txt,file_modified,alert_only,high,2026-09-18 01:47:56.153062+00,2026-09-18 01:51:52.64223+00
c19a3f9b-bd9e-4b4c-9018-04d0fdf5b4ea,/srv/fim-watch/gen_00064.txt,file_modified,alert_only,high,2026-09-18 01:47:56.253174+00,2026-09-18 01:51:52.658168+00
83deb2e6-6ce7-45a3-bf5a-cc89099a9069,/srv/fim-watch/gen_00085.txt,file_deleted,alert_only,high,2026-09-18 01:47:56.352632+00,2026-09-18 01:51:52.674259+00
78b61af6-3df4-4110-ade7-57a58cdc29ce,/srv/fim-watch/critico/gen_00144.txt,file_modified,alert_only,critical,2026-09-18 01:47:56.553224+00,2026-09-18 01:51:52.690972+00
383b61b3-2eec-49fa-b951-9356e207b7ee,/srv/fim-watch/gen_00103.txt,file_modified,alert_only,high,2026-09-18 01:47:56.653015+00,2026-09-18 01:51:52.707887+00
900321ed-5b4b-44eb-9be7-0b9a34c0bed6,/srv/fim-watch/gen_00106.txt,file_modified,alert_only,high,2026-09-18 01:47:56.753095+00,2026-09-18 01:51:52.724451+00
3dabf0df-e676-4e49-9637-f0dd00ec84c1,/srv/fim-watch/gen_00131.txt,file_deleted,alert_only,high,2026-09-18 01:47:56.852679+00,2026-09-18 01:51:52.741087+00
6d1b4ad5-ef76-4cd8-b999-f02f9687ce2f,/srv/fim-watch/gen_00096.txt,file_modified,alert_only,high,2026-09-18 01:47:56.952973+00,2026-09-18 01:51:52.757769+00
5b557f56-4a70-4177-855f-441a59f51964,/srv/fim-watch/critico/gen_00150.txt,file_modified,alert_only,critical,2026-09-18 01:47:57.05267+00,2026-09-18 01:51:52.774456+00
64322348-1258-4367-a186-cea9d0087c57,/srv/fim-watch/gen_00151.txt,file_modified,alert_only,high,2026-09-18 01:47:57.154644+00,2026-09-18 01:51:52.792158+00
90ba32c9-32b2-429b-879e-13afd8cd97be,/srv/fim-watch/gen_00084.txt,file_modified,alert_only,high,2026-09-18 01:47:57.352804+00,2026-09-18 01:51:52.809735+00
62e6e616-f68f-4bc1-94b7-a6fc12d05e1f,/srv/fim-watch/gen_00127.txt,file_deleted,alert_only,high,2026-09-18 01:47:57.552476+00,2026-09-18 01:51:52.826558+00
93dd677d-f2ca-474e-bb74-4d76fa9a82c9,/srv/fim-watch/gen_00154.txt,file_created,alert_only,high,2026-09-18 01:47:57.652631+00,2026-09-18 01:51:52.843911+00
e35c1be0-f346-47c5-bcad-c1db234ec66d,/srv/fim-watch/critico/gen_00150.txt,file_modified,alert_only,critical,2026-09-18 01:47:57.752752+00,2026-09-18 01:51:52.860784+00
c3dae1d5-8663-4f7c-b2b7-c91ad55393ab,/srv/fim-watch/gen_00155.txt,file_modified,alert_only,high,2026-09-18 01:47:57.852607+00,2026-09-18 01:51:52.877687+00
12a45850-425a-41c2-8ce3-7f752bad628f,/srv/fim-watch/gen_00147.txt,file_modified,alert_only,high,2026-09-18 01:47:57.953228+00,2026-09-18 01:51:52.894657+00
a3685df3-365a-4ce5-96db-64272dc1d34d,/srv/fim-watch/gen_00120.txt,file_modified,alert_only,high,2026-09-18 01:47:58.052681+00,2026-09-18 01:51:52.911796+00
f9d0bc6e-a4f4-4441-96a6-f642811316b4,/srv/fim-watch/gen_00120.txt,file_modified,alert_only,high,2026-09-18 01:47:58.15273+00,2026-09-18 01:51:52.928412+00
34ab3123-8513-49ce-93cc-02b000e48498,/srv/fim-watch/critico/gen_00156.txt,file_created,alert_only,critical,2026-09-18 01:47:58.252623+00,2026-09-18 01:51:52.945059+00
53948725-4e13-4572-aca5-5246f4dd7da0,/srv/fim-watch/gen_00151.txt,file_modified,alert_only,high,2026-09-18 01:47:58.352916+00,2026-09-18 01:51:52.961618+00
416dff78-b33e-423a-aed7-78b812beb328,/srv/fim-watch/gen_00125.txt,file_modified,alert_only,high,2026-09-18 01:47:58.452707+00,2026-09-18 01:51:52.978343+00
611a7309-3ad6-4aa0-8500-72af47d5df3f,/srv/fim-watch/critico/gen_00144.txt,file_deleted,alert_only,critical,2026-09-18 01:47:58.552658+00,2026-09-18 01:51:52.995168+00
d6da7073-472e-49d2-a570-4ddf2ddad00a,/srv/fim-watch/gen_00155.txt,file_modified,alert_only,high,2026-09-18 01:47:58.652962+00,2026-09-18 01:51:53.010947+00
98ae1a6b-5043-46eb-8383-3e00f3922b3b,/srv/fim-watch/gen_00078.txt,file_modified,alert_only,high,2026-09-18 01:47:58.752265+00,2026-09-18 01:51:53.025908+00
fee5dd4e-92f7-4908-889d-6c5a6f34f3b1,/srv/fim-watch/gen_00157.txt,file_created,alert_only,high,2026-09-18 01:47:58.85307+00,2026-09-18 01:51:53.042638+00
4dc9f67d-da62-4390-9c79-9bb6d2159f89,/srv/fim-watch/gen_00151.txt,file_modified,alert_only,high,2026-09-18 01:47:58.953338+00,2026-09-18 01:51:53.059506+00
a7e37e47-c289-4e3c-bf71-aad58a94f684,/srv/fim-watch/gen_00158.txt,file_modified,alert_only,high,2026-09-18 01:47:59.05272+00,2026-09-18 01:51:53.076935+00
ba63e533-3a2c-4f43-95b0-cea64b19b2f4,/srv/fim-watch/gen_00142.txt,file_modified,alert_only,high,2026-09-18 01:47:59.152581+00,2026-09-18 01:51:53.094199+00
0c9675a9-f40d-4606-8393-adff031247a7,/srv/fim-watch/gen_00142.txt,file_modified,alert_only,high,2026-09-18 01:47:59.252766+00,2026-09-18 01:51:53.110973+00
ba87b2f5-587a-46f5-af7a-7232d7a32f2b,/srv/fim-watch/gen_00142.txt,file_modified,alert_only,high,2026-09-18 01:47:59.35272+00,2026-09-18 01:51:53.127217+00
df5213e6-4cee-4f48-b239-4cd71ddd943d,/srv/fim-watch/gen_00142.txt,file_modified,alert_only,high,2026-09-18 01:47:59.453267+00,2026-09-18 01:51:53.14362+00
3706ea2d-6c4b-41a7-b5f7-14dd61a4bbda,/srv/fim-watch/gen_00142.txt,file_modified,alert_only,high,2026-09-18 01:47:59.553091+00,2026-09-18 01:51:53.1604+00
e85f9699-93e6-42b0-91d4-7dea8a4327f5,/srv/fim-watch/gen_00159.txt,file_modified,alert_only,high,2026-09-18 01:47:59.65296+00,2026-09-18 01:51:53.177222+00
de260811-60e7-4a60-b785-7ac14848126a,/srv/fim-watch/gen_00160.txt,file_modified,alert_only,high,2026-09-18 01:47:59.7532+00,2026-09-18 01:51:53.194146+00
7c7b81a9-34bd-4d66-83ac-79df241e573e,/srv/fim-watch/gen_00050.txt,file_modified,alert_only,high,2026-09-18 01:47:59.852978+00,2026-09-18 01:51:53.211265+00
20ba928e-4279-4595-a19d-09d7fb202ccd,/srv/fim-watch/gen_00078.txt,file_modified,alert_only,high,2026-09-18 01:47:59.953168+00,2026-09-18 01:51:53.228153+00
da278ea6-2c69-472e-8cbf-e5e6642e1062,/srv/fim-watch/gen_00151.txt,file_modified,alert_only,high,2026-09-18 01:48:00.052939+00,2026-09-18 01:51:53.244667+00
3fc58b4a-fccd-4190-a55f-39890c78e348,/srv/fim-watch/gen_00161.txt,file_modified,alert_only,high,2026-09-18 01:48:00.152254+00,2026-09-18 01:51:53.261001+00
92f24fa0-37c8-410a-bd7e-69e49fa83ed1,/srv/fim-watch/gen_00062.txt,file_modified,alert_only,high,2026-09-18 01:48:00.253004+00,2026-09-18 01:51:53.277561+00
4f532e01-ad17-4246-b7e9-f78cc6ed81bb,/srv/fim-watch/gen_00062.txt,file_modified,alert_only,high,2026-09-18 01:48:00.352942+00,2026-09-18 01:51:53.293623+00
5d241f30-5877-4f49-8f56-ea495c5f5f35,/srv/fim-watch/gen_00099.txt,file_deleted,alert_only,high,2026-09-18 01:48:00.452814+00,2026-09-18 01:51:53.310079+00
f550312e-65e3-4ae8-87f8-94670f4273fc,/srv/fim-watch/gen_00054.txt,file_modified,alert_only,high,2026-09-18 01:48:00.552768+00,2026-09-18 01:51:53.324964+00
b8b67b02-17ea-45b0-a443-78493224caa4,/srv/fim-watch/gen_00054.txt,file_modified,alert_only,high,2026-09-18 01:48:00.652895+00,2026-09-18 01:51:53.341446+00
4390b798-6b6f-48fb-aa79-cd87bbede113,/srv/fim-watch/critico/gen_00053.txt,file_modified,alert_only,critical,2026-09-18 01:48:00.752955+00,2026-09-18 01:51:53.357415+00
789a3e2f-c1d8-48a6-8316-6c4dd74712e3,/srv/fim-watch/critico/gen_00053.txt,file_modified,alert_only,critical,2026-09-18 01:48:00.852922+00,2026-09-18 01:51:53.372999+00
3f559bbc-e7bd-4fc9-9a64-2a310c655e85,/srv/fim-watch/gen_00159.txt,file_modified,alert_only,high,2026-09-18 01:48:00.953211+00,2026-09-18 01:51:53.388676+00
a19a4837-2038-452e-9086-b73f4880f249,/srv/fim-watch/gen_00151.txt,file_modified,alert_only,high,2026-09-18 01:48:01.052965+00,2026-09-18 01:51:53.406046+00
491ae712-5015-49ea-a245-bb60c8598ecf,/srv/fim-watch/gen_00151.txt,file_modified,alert_only,high,2026-09-18 01:48:01.152392+00,2026-09-18 01:51:53.433156+00
49d57acb-12df-40f2-9bc6-5a5f7652f823,/srv/fim-watch/gen_00115.txt,file_modified,alert_only,high,2026-09-18 01:48:01.253049+00,2026-09-18 01:51:53.440134+00
a4c2a94e-c8af-494f-b7bb-0c210554c38f,/srv/fim-watch/gen_00162.txt,file_modified,alert_only,high,2026-09-18 01:48:01.352794+00,2026-09-18 01:51:53.457062+00
96fd1ead-0889-4641-9123-c4b35335810f,/srv/fim-watch/gen_00100.txt,file_modified,alert_only,high,2026-09-18 01:48:01.45317+00,2026-09-18 01:51:53.473059+00
8e8fed51-5884-40d4-bca9-03f9957045ec,/srv/fim-watch/gen_00100.txt,file_modified,alert_only,high,2026-09-18 01:48:01.552556+00,2026-09-18 01:51:53.489339+00
c59bdcda-28a3-4e0d-98c6-4a6ce1df921f,/srv/fim-watch/gen_00006.txt,file_modified,alert_only,high,2026-09-18 01:48:01.652789+00,2026-09-18 01:51:53.505185+00
4dfaffdf-080f-4531-9d47-bf2779ba93ad,/srv/fim-watch/gen_00049.txt,file_modified,alert_only,high,2026-09-18 01:48:01.752373+00,2026-09-18 01:51:53.520977+00
46ca2ebe-8e91-49d2-b2b2-4144877d26a3,/srv/fim-watch/gen_00161.txt,file_modified,alert_only,high,2026-09-18 01:48:01.8528+00,2026-09-18 01:51:53.536824+00
5c82f3f3-56cd-41b8-9a60-b9d12c3f8411,/srv/fim-watch/gen_00160.txt,file_modified,alert_only,high,2026-09-18 01:48:01.952498+00,2026-09-18 01:51:53.552701+00
06d9991d-8dca-4481-8353-a8ef8e4d1219,/srv/fim-watch/gen_00122.txt,file_modified,alert_only,high,2026-09-18 01:48:02.052555+00,2026-09-18 01:51:53.568667+00
aa3dbe36-f1c8-425b-b706-08e2b40c3c32,/srv/fim-watch/gen_00155.txt,file_modified,alert_only,high,2026-09-18 01:48:02.153015+00,2026-09-18 01:51:53.585365+00
10c1050b-45d1-4091-894f-66a5ed7e3d9a,/srv/fim-watch/gen_00065.txt,file_modified,alert_only,high,2026-09-18 01:48:02.252731+00,2026-09-18 01:51:53.601454+00
a287d3cd-6ef7-4de7-816b-f6619b517cc9,/srv/fim-watch/gen_00065.txt,file_modified,alert_only,high,2026-09-18 01:48:02.352344+00,2026-09-18 01:51:53.618529+00
c17c28f2-2cf2-4d2e-8cae-89e3663566ef,/srv/fim-watch/gen_00163.txt,file_created,alert_only,high,2026-09-18 01:48:02.451697+00,2026-09-18 01:51:53.634409+00
02340fd4-5f75-4987-a72f-866cd3c779f0,/srv/fim-watch/gen_00126.txt,file_modified,alert_only,high,2026-09-18 01:48:02.552157+00,2026-09-18 01:51:53.652311+00
8e6e215b-4d32-4318-8e53-b26b6dce401a,/srv/fim-watch/gen_00164.txt,file_created,alert_only,high,2026-09-18 01:48:02.652401+00,2026-09-18 01:51:53.67071+00
4c379cb2-6727-4973-85ff-de166f6a1cce,/srv/fim-watch/gen_00164.txt,file_deleted,alert_only,high,2026-09-18 01:48:02.752712+00,2026-09-18 01:51:53.689901+00
7015a7b4-82a5-41cf-a5ec-2b59093d3018,/srv/fim-watch/gen_00165.txt,file_created,alert_only,high,2026-09-18 01:48:02.85272+00,2026-09-18 01:51:53.707524+00
ef194fbb-4350-40bf-af22-fc30006461b3,/srv/fim-watch/gen_00078.txt,file_modified,alert_only,high,2026-09-18 01:48:02.953158+00,2026-09-18 01:51:53.724287+00
5317e536-d3e0-4b71-ac13-a30143a31ff0,/srv/fim-watch/gen_00125.txt,file_modified,alert_only,high,2026-09-18 01:48:03.052986+00,2026-09-18 01:51:53.741396+00
70ce833d-2990-43e0-ac65-89d8bc9fd47e,/srv/fim-watch/gen_00057.txt,file_modified,alert_only,high,2026-09-18 01:48:03.152968+00,2026-09-18 01:51:53.758762+00
7d8f877b-d54b-43ff-8154-f846fa9a161c,/srv/fim-watch/gen_00124.txt,file_modified,alert_only,high,2026-09-18 01:48:03.252835+00,2026-09-18 01:51:53.776124+00
76526a83-ca9d-4c51-ab8c-8b040f1f34b7,/srv/fim-watch/gen_00166.txt,file_created,alert_only,high,2026-09-18 01:48:03.35268+00,2026-09-18 01:51:53.795488+00
96744016-944a-4f6e-81a8-b3a4e4449b27,/srv/fim-watch/gen_00158.txt,file_modified,alert_only,high,2026-09-18 01:48:03.45275+00,2026-09-18 01:51:53.813503+00
fe9fcb6e-012e-411f-b193-db58cdd3e908,/srv/fim-watch/gen_00088.txt,file_modified,alert_only,high,2026-09-18 01:48:03.55283+00,2026-09-18 01:51:53.829712+00
5413c2a8-a22d-425b-885b-7b44c48d4e64,/srv/fim-watch/gen_00048.txt,file_modified,alert_only,high,2026-09-18 01:48:03.652644+00,2026-09-18 01:51:53.844472+00
fb911d62-c414-4c8b-bbe1-b2b0dc33c344,/srv/fim-watch/critico/gen_00150.txt,file_modified,alert_only,critical,2026-09-18 01:48:03.752978+00,2026-09-18 01:51:53.85901+00
dfb32531-351c-4e60-a410-621ff556292f,/srv/fim-watch/gen_00161.txt,file_modified,alert_only,high,2026-09-18 01:48:03.852131+00,2026-09-18 01:51:53.87534+00
4625616b-9fc7-4938-b58c-8a8d72ee5260,/srv/fim-watch/gen_00049.txt,file_modified,alert_only,high,2026-09-18 01:48:03.952948+00,2026-09-18 01:51:53.893717+00
9b5a38b7-333e-4d2d-89a9-ee61d1edf4f1,/srv/fim-watch/gen_00049.txt,file_modified,alert_only,high,2026-09-18 01:48:04.052504+00,2026-09-18 01:51:53.910709+00
5e6b2ff4-0b05-481d-b9ff-881d26200a2c,/srv/fim-watch/gen_00102.txt,file_modified,alert_only,high,2026-09-18 01:48:04.152754+00,2026-09-18 01:51:53.927654+00
07543527-bd21-4e00-beb8-7d646a39fd94,/srv/fim-watch/gen_00167.txt,file_modified,alert_only,high,2026-09-18 01:48:04.252763+00,2026-09-18 01:51:53.944155+00
045cc587-a5db-42a0-bc45-cb73cf1ed4d5,/srv/fim-watch/gen_00040.txt,file_modified,alert_only,high,2026-09-18 01:48:04.352507+00,2026-09-18 01:51:53.961202+00
47da568c-47d7-433e-a532-436f4c5cf69d,/srv/fim-watch/gen_00151.txt,file_modified,alert_only,high,2026-09-18 01:48:04.452674+00,2026-09-18 01:51:53.97798+00
722b787d-4ef8-4e4d-983c-dd780babddeb,/srv/fim-watch/gen_00151.txt,file_modified,alert_only,high,2026-09-18 01:48:04.552908+00,2026-09-18 01:51:53.994775+00
5694b6c6-ae6f-4302-bd23-f84238f0125f,/srv/fim-watch/gen_00151.txt,file_modified,alert_only,high,2026-09-18 01:48:04.652963+00,2026-09-18 01:51:54.012125+00
3075ef53-106c-4937-a4cc-7810a7f6eda8,/srv/fim-watch/gen_00151.txt,file_modified,alert_only,high,2026-09-18 01:48:04.75312+00,2026-09-18 01:51:54.029018+00
7c74349c-2526-4efa-b357-9c725a23d63d,/srv/fim-watch/gen_00151.txt,file_modified,alert_only,high,2026-09-18 01:48:04.852322+00,2026-09-18 01:51:54.045679+00
7109f3fc-815d-4aa7-97b3-3045d25dedfb,/srv/fim-watch/gen_00033.txt,file_modified,alert_only,high,2026-09-18 01:48:04.95289+00,2026-09-18 01:51:54.06373+00
56af2943-75a4-4dbc-98b8-83fedc790808,/srv/fim-watch/gen_00166.txt,file_modified,alert_only,high,2026-09-18 01:48:05.052762+00,2026-09-18 01:51:54.080548+00
6b10abf9-2945-4abd-94f7-2e8d047d7966,/srv/fim-watch/critico/gen_00130.txt,file_modified,alert_only,critical,2026-09-18 01:48:05.152108+00,2026-09-18 01:51:54.094177+00
8d17f08a-d5e3-4e32-88ae-ec38442db213,/srv/fim-watch/critico/gen_00025.txt,file_modified,alert_only,critical,2026-09-18 01:48:05.252258+00,2026-09-18 01:51:54.109769+00
54dfb90f-e159-4c91-8703-487482d8d8cc,/srv/fim-watch/gen_00054.txt,file_deleted,alert_only,high,2026-09-18 01:48:05.353101+00,2026-09-18 01:51:54.126075+00
54ad5a3d-c0bf-4874-9009-bb9f6c5488fe,/srv/fim-watch/gen_00168.txt,file_modified,alert_only,high,2026-09-18 01:48:05.452604+00,2026-09-18 01:51:54.139284+00
d88f72b7-d576-4218-a767-d6032c9ff8a6,/srv/fim-watch/critico/gen_00169.txt,file_created,alert_only,critical,2026-09-18 01:48:05.552402+00,2026-09-18 01:51:54.155107+00
70de3a5a-4621-41f9-8a91-03f9ea75a855,/srv/fim-watch/gen_00170.txt,file_created,alert_only,high,2026-09-18 01:48:05.652704+00,2026-09-18 01:51:54.168909+00
089739f9-ea76-4760-8220-e1cb2d3117d7,/srv/fim-watch/gen_00033.txt,file_modified,alert_only,high,2026-09-18 01:48:05.7534+00,2026-09-18 01:51:54.18174+00
8e194ef1-fc18-45c1-b0e6-206c763e292a,/srv/fim-watch/gen_00171.txt,file_modified,alert_only,high,2026-09-18 01:48:05.852765+00,2026-09-18 01:51:54.195519+00
d6db41ec-5e05-452a-b708-46e1d1240e1e,/srv/fim-watch/gen_00172.txt,file_modified,alert_only,high,2026-09-18 01:48:05.952622+00,2026-09-18 01:51:54.209224+00
e4ae07c8-0daf-405d-aa77-9708671df97a,/srv/fim-watch/gen_00093.txt,file_modified,alert_only,high,2026-09-18 01:48:06.052961+00,2026-09-18 01:51:54.223295+00
f4392697-9e23-4d96-b5b8-df49c84aa4d2,/srv/fim-watch/gen_00065.txt,file_modified,alert_only,high,2026-09-18 01:48:06.152332+00,2026-09-18 01:51:54.246892+00
a3709cce-5497-477d-8540-89404729671e,/srv/fim-watch/critico/gen_00156.txt,file_modified,alert_only,critical,2026-09-18 01:48:06.253061+00,2026-09-18 01:51:54.252956+00
f0f9984b-59af-4c03-899a-470fc88e9b2d,/srv/fim-watch/gen_00135.txt,file_modified,alert_only,high,2026-09-18 01:48:06.35355+00,2026-09-18 01:51:54.269214+00
6cd55b07-49e9-404c-8f87-f602cc7da3c8,/srv/fim-watch/gen_00089.txt,file_modified,alert_only,high,2026-09-18 01:48:06.452684+00,2026-09-18 01:51:54.285458+00
d3e27c37-f358-437d-9bb9-fa71bb23f9e3,/srv/fim-watch/gen_00040.txt,file_modified,alert_only,high,2026-09-18 01:48:06.553172+00,2026-09-18 01:51:54.301461+00
2fb523e9-91dd-43d3-aa3b-3ee5de213ed7,/srv/fim-watch/gen_00006.txt,file_modified,alert_only,high,2026-09-18 01:48:06.652638+00,2026-09-18 01:51:54.316451+00
c4baac8c-6d4e-4171-8f1e-0eac163222e3,/srv/fim-watch/gen_00140.txt,file_modified,alert_only,high,2026-09-18 01:48:06.753274+00,2026-09-18 01:51:54.331313+00
74c88561-5dc5-405e-8b41-ad19c7ebc874,/srv/fim-watch/gen_00071.txt,file_modified,alert_only,high,2026-09-18 01:48:06.85323+00,2026-09-18 01:51:54.346143+00
89854bd2-f4d8-4d88-a10e-718fa77f9b52,/srv/fim-watch/gen_00071.txt,file_modified,alert_only,high,2026-09-18 01:48:06.952718+00,2026-09-18 01:51:54.361474+00
ba7e4a89-8323-4ac0-83ea-b22211f4a938,/srv/fim-watch/gen_00161.txt,file_modified,alert_only,high,2026-09-18 01:48:07.053045+00,2026-09-18 01:51:54.377131+00
7f25a482-5d03-4add-9ba7-9f99b0e56c82,/srv/fim-watch/gen_00168.txt,file_deleted,alert_only,high,2026-09-18 01:48:07.152665+00,2026-09-18 01:51:54.392045+00
71bdfd53-c649-4c91-be43-380433b9ddbb,/srv/fim-watch/gen_00105.txt,file_modified,alert_only,high,2026-09-18 01:48:07.253475+00,2026-09-18 01:51:54.410303+00
7a4505f7-e524-4081-af3a-59873cf2b93e,/srv/fim-watch/gen_00105.txt,file_modified,alert_only,high,2026-09-18 01:48:07.353449+00,2026-09-18 01:51:54.424479+00
ef7424f4-8166-4ce3-843e-3f79905c0a53,/srv/fim-watch/gen_00064.txt,file_modified,alert_only,high,2026-09-18 01:48:07.453146+00,2026-09-18 01:51:54.440085+00
e6d98a0c-d48b-4ad3-80dc-9e01163db3e4,/srv/fim-watch/gen_00064.txt,file_modified,alert_only,high,2026-09-18 01:48:07.553068+00,2026-09-18 01:51:54.456473+00
25460394-eb59-49fa-920b-ae51c522e42a,/srv/fim-watch/gen_00064.txt,file_modified,alert_only,high,2026-09-18 01:48:07.652498+00,2026-09-18 01:51:54.47064+00
b1be2192-dd0d-4ea6-a5e3-cc83550acdda,/srv/fim-watch/gen_00064.txt,file_modified,alert_only,high,2026-09-18 01:48:07.753565+00,2026-09-18 01:51:54.48575+00
1e12dedf-69ce-45f5-aa63-6746807a746b,/srv/fim-watch/gen_00064.txt,file_modified,alert_only,high,2026-09-18 01:48:07.852721+00,2026-09-18 01:51:54.500676+00
446776ae-f00e-4a23-bace-1c7731dde0de,/srv/fim-watch/gen_00147.txt,file_modified,alert_only,high,2026-09-18 01:48:07.953121+00,2026-09-18 01:51:54.513982+00
e8b9e850-061e-45b3-bd4a-342b6039dc1f,/srv/fim-watch/gen_00160.txt,file_modified,alert_only,high,2026-09-18 01:48:08.052766+00,2026-09-18 01:51:54.527491+00
00e7ef60-70b2-4105-8214-24431a6f16a2,/srv/fim-watch/gen_00136.txt,file_modified,alert_only,high,2026-09-18 01:48:08.15292+00,2026-09-18 01:51:54.541013+00
54c5bec3-40f1-42d1-a3bc-183a7c831974,/srv/fim-watch/gen_00172.txt,file_deleted,alert_only,high,2026-09-18 01:48:08.252976+00,2026-09-18 01:51:54.554983+00
2f4d6f59-82c5-43f2-b52f-75ae1f34ed8f,/srv/fim-watch/gen_00070.txt,file_modified,alert_only,high,2026-09-18 01:48:08.352644+00,2026-09-18 01:51:54.570035+00
9fa5cddb-7aec-4c32-a57b-bf589e2605fb,/srv/fim-watch/gen_00079.txt,file_modified,alert_only,high,2026-09-18 01:48:08.452714+00,2026-09-18 01:51:54.583512+00
b7b966cf-d3f5-4c8a-9f9c-a8214972f7d7,/srv/fim-watch/critico/gen_00173.txt,file_modified,alert_only,critical,2026-09-18 01:48:08.55256+00,2026-09-18 01:51:54.596841+00
cb26e8ce-6437-49b6-8482-8f257e5cbcb1,/srv/fim-watch/gen_00042.txt,file_modified,alert_only,high,2026-09-18 01:48:08.652178+00,2026-09-18 01:51:54.611708+00
da8035f2-b1ca-42af-b631-32fa2f6a820f,/srv/fim-watch/gen_00036.txt,file_modified,alert_only,high,2026-09-18 01:48:08.753122+00,2026-09-18 01:51:54.626206+00
b5bf70ec-c4a8-49a5-b1cd-f69054c1dfea,/srv/fim-watch/gen_00066.txt,file_modified,alert_only,high,2026-09-18 01:48:08.852583+00,2026-09-18 01:51:54.640698+00
7c2888f5-2165-40ca-961f-d4e09cb0c485,/srv/fim-watch/gen_00146.txt,file_modified,alert_only,high,2026-09-18 01:48:08.952403+00,2026-09-18 01:51:54.655346+00
2f2ebdc7-abe0-4a1f-8173-6d506b914519,/srv/fim-watch/gen_00174.txt,file_modified,alert_only,high,2026-09-18 01:48:09.052522+00,2026-09-18 01:51:54.670287+00
2b123895-879a-47df-a16c-0029dc2f2cc6,/srv/fim-watch/gen_00175.txt,file_modified,alert_only,high,2026-09-18 01:48:09.152549+00,2026-09-18 01:51:54.686396+00
821f079f-803a-4962-9585-212d72919c9e,/srv/fim-watch/gen_00134.txt,file_modified,alert_only,high,2026-09-18 01:48:09.253352+00,2026-09-18 01:51:54.703278+00
8dafbf1f-2a54-4a53-8f9a-bbe2498a7efa,/srv/fim-watch/gen_00048.txt,file_modified,alert_only,high,2026-09-18 01:48:09.353004+00,2026-09-18 01:51:54.720276+00
dd41b852-ea7a-4e51-8f81-fd29664a6f4e,/srv/fim-watch/gen_00029.txt,file_deleted,alert_only,high,2026-09-18 01:48:09.452888+00,2026-09-18 01:51:54.736967+00
f1c90469-474d-4f4a-a8ab-911fca2f386f,/srv/fim-watch/gen_00104.txt,file_modified,alert_only,high,2026-09-18 01:48:09.552894+00,2026-09-18 01:51:54.753879+00
9ecd58fd-24b6-4774-820f-ca923e5a05f4,/srv/fim-watch/critico/gen_00141.txt,file_deleted,alert_only,critical,2026-09-18 01:48:09.652961+00,2026-09-18 01:51:54.769932+00
9abc6457-f1c2-499b-b1ac-42a23fbc6e68,/srv/fim-watch/gen_00084.txt,file_modified,alert_only,high,2026-09-18 01:48:09.753482+00,2026-09-18 01:51:54.786317+00
3d7307b3-35d6-4304-909d-7b37da62984c,/srv/fim-watch/gen_00176.txt,file_modified,alert_only,high,2026-09-18 01:48:09.853347+00,2026-09-18 01:51:54.803573+00
ea9ae982-a279-4b9d-8d39-3e6663bfed94,/srv/fim-watch/critico/gen_00053.txt,file_modified,alert_only,critical,2026-09-18 01:48:09.953687+00,2026-09-18 01:51:54.819915+00
ede386fb-eed4-4580-b2d9-c11d98be07af,/srv/fim-watch/critico/gen_00053.txt,file_modified,alert_only,critical,2026-09-18 01:48:10.053074+00,2026-09-18 01:51:54.837854+00
8bd0c1a3-f7df-47ca-aef8-0682198d20bb,/srv/fim-watch/critico/gen_00053.txt,file_modified,alert_only,critical,2026-09-18 01:48:10.152972+00,2026-09-18 01:51:54.855018+00
bdec6210-2ed5-46b9-9235-210aa32beb47,/srv/fim-watch/critico/gen_00053.txt,file_modified,alert_only,critical,2026-09-18 01:48:10.252339+00,2026-09-18 01:51:54.871326+00
163d3d46-bdf8-4c94-abb4-63d870921a51,/srv/fim-watch/critico/gen_00053.txt,file_modified,alert_only,critical,2026-09-18 01:48:10.353361+00,2026-09-18 01:51:54.888482+00
17c00a8c-97c6-406b-b370-d2f00de1662f,/srv/fim-watch/gen_00146.txt,file_modified,alert_only,high,2026-09-18 01:48:10.453221+00,2026-09-18 01:51:54.904649+00
2637753d-66db-4b47-93df-c8c23dacd103,/srv/fim-watch/gen_00060.txt,file_modified,alert_only,high,2026-09-18 01:48:10.552909+00,2026-09-18 01:51:54.920589+00
4723d65e-207b-41aa-9b12-532989b7b797,/srv/fim-watch/gen_00060.txt,file_modified,alert_only,high,2026-09-18 01:48:10.653028+00,2026-09-18 01:51:54.936898+00
73b702f2-55db-4565-af88-da2c3c3d5a4e,/srv/fim-watch/gen_00113.txt,file_modified,alert_only,high,2026-09-18 01:48:10.753047+00,2026-09-18 01:51:54.953038+00
1cc2da55-7892-4185-b126-1511121ce04d,/srv/fim-watch/gen_00113.txt,file_modified,alert_only,high,2026-09-18 01:48:10.853266+00,2026-09-18 01:51:54.969692+00
caea31a9-9b2c-4582-8b6b-db14ca124286,/srv/fim-watch/critico/gen_00150.txt,file_modified,alert_only,critical,2026-09-18 01:48:10.953096+00,2026-09-18 01:51:54.985705+00
e3c1407b-ddaf-45d6-ab47-701e9af8369a,/srv/fim-watch/gen_00111.txt,file_modified,alert_only,high,2026-09-18 01:48:11.052322+00,2026-09-18 01:51:55.001667+00
8a3dfa10-422b-4288-beef-84b621506db3,/srv/fim-watch/gen_00166.txt,file_modified,alert_only,high,2026-09-18 01:48:11.152846+00,2026-09-18 01:51:55.028095+00
ecad0f7e-e13d-4fad-9819-1d3b5f067803,/srv/fim-watch/gen_00166.txt,file_modified,alert_only,high,2026-09-18 01:48:11.252254+00,2026-09-18 01:51:55.037145+00
e8748f15-5ea0-465e-8fee-dac39ba0cec7,/srv/fim-watch/gen_00166.txt,file_modified,alert_only,high,2026-09-18 01:48:11.352801+00,2026-09-18 01:51:55.056061+00
83974ae5-81e1-464a-a7c2-f69018ee05b1,/srv/fim-watch/gen_00166.txt,file_modified,alert_only,high,2026-09-18 01:48:11.452655+00,2026-09-18 01:51:55.074889+00
4eee1528-9ed2-4229-8b32-c282e2602668,/srv/fim-watch/gen_00166.txt,file_modified,alert_only,high,2026-09-18 01:48:11.553034+00,2026-09-18 01:51:55.094995+00
6dda04f1-5556-411e-a40b-0b3434bda07c,/srv/fim-watch/gen_00042.txt,file_modified,alert_only,high,2026-09-18 01:48:11.652392+00,2026-09-18 01:51:55.114857+00
ad6f6272-8de4-4ccc-a424-1fab5c41281f,/srv/fim-watch/gen_00100.txt,file_modified,alert_only,high,2026-09-18 01:48:11.753066+00,2026-09-18 01:51:55.133687+00
2cbbb798-7f72-4401-acb1-40c325a32514,/srv/fim-watch/gen_00176.txt,file_modified,alert_only,high,2026-09-18 01:48:11.852811+00,2026-09-18 01:51:55.152877+00
b489ea86-ed4c-4c63-a0ed-bf3e6ce65e12,/srv/fim-watch/gen_00176.txt,file_modified,alert_only,high,2026-09-18 01:48:11.953014+00,2026-09-18 01:51:55.170755+00
85f38b2e-d167-49bb-a31c-83ae4d0674ac,/srv/fim-watch/gen_00177.txt,file_modified,alert_only,high,2026-09-18 01:48:12.053291+00,2026-09-18 01:51:55.187897+00
2f9ea0bf-5b07-47eb-a5cb-286c786aa552,/srv/fim-watch/gen_00178.txt,file_modified,alert_only,high,2026-09-18 01:48:12.153087+00,2026-09-18 01:51:55.204907+00
43d1a976-8528-462c-b854-9f5db9c151c7,/srv/fim-watch/gen_00104.txt,file_modified,alert_only,high,2026-09-18 01:48:12.252957+00,2026-09-18 01:51:55.221867+00
3812e817-f944-461b-b944-a90400924765,/srv/fim-watch/gen_00113.txt,file_modified,alert_only,high,2026-09-18 01:48:12.352656+00,2026-09-18 01:51:55.239212+00
05505902-8a88-48cb-a1de-23a3bdd1ee0f,/srv/fim-watch/gen_00179.txt,file_modified,alert_only,high,2026-09-18 01:48:12.452592+00,2026-09-18 01:51:55.25559+00
66c4a4a8-bf96-442d-84b6-900a27d2e47a,/srv/fim-watch/gen_00049.txt,file_modified,alert_only,high,2026-09-18 01:48:12.55298+00,2026-09-18 01:51:55.271824+00
acac1fa7-c563-4aad-b78e-6c36dd82abc1,/srv/fim-watch/gen_00049.txt,file_modified,alert_only,high,2026-09-18 01:48:12.652766+00,2026-09-18 01:51:55.288089+00
a4ab508b-8b72-4f98-a2b0-64976e76ebbb,/srv/fim-watch/gen_00117.txt,file_modified,alert_only,high,2026-09-18 01:48:12.753392+00,2026-09-18 01:51:55.30387+00
a224835e-ef67-449b-a8e0-6f27f940c8c3,/srv/fim-watch/gen_00158.txt,file_deleted,alert_only,high,2026-09-18 01:48:12.852547+00,2026-09-18 01:51:55.319704+00
b08f51e5-977a-4eb5-893b-3ebe17e357c3,/srv/fim-watch/gen_00048.txt,file_deleted,alert_only,high,2026-09-18 01:48:12.954401+00,2026-09-18 01:51:55.335972+00
427425ec-3d8c-4c2f-ba13-cfd4e5a96430,/srv/fim-watch/gen_00124.txt,file_modified,alert_only,high,2026-09-18 01:48:13.052589+00,2026-09-18 01:51:55.352752+00
c65b6a23-300e-4dd3-8eeb-3676dd678980,/srv/fim-watch/gen_00177.txt,file_modified,alert_only,high,2026-09-18 01:48:13.152699+00,2026-09-18 01:51:55.369576+00
10e47cf9-6308-486d-897a-3ca442062500,/srv/fim-watch/gen_00177.txt,file_modified,alert_only,high,2026-09-18 01:48:13.253381+00,2026-09-18 01:51:55.386583+00
836525fb-b9e4-46e5-806f-46a4f37ce83b,/srv/fim-watch/gen_00060.txt,file_modified,alert_only,high,2026-09-18 01:48:13.352378+00,2026-09-18 01:51:55.403004+00
d37bdfa3-3f62-4cc2-818c-5df56c262fe4,/srv/fim-watch/gen_00180.txt,file_modified,alert_only,high,2026-09-18 01:48:13.452545+00,2026-09-18 01:51:55.419459+00
911e896c-e939-4201-b3c0-945a0d0ddc4f,/srv/fim-watch/gen_00033.txt,file_modified,alert_only,high,2026-09-18 01:48:13.553333+00,2026-09-18 01:51:55.436245+00
1c99d209-2271-403d-a4c1-ee93dce3b262,/srv/fim-watch/gen_00171.txt,file_modified,alert_only,high,2026-09-18 01:48:13.652654+00,2026-09-18 01:51:55.453606+00
7cbb8d01-6dd7-4e9f-8ac3-f62a4782f213,/srv/fim-watch/gen_00181.txt,file_modified,alert_only,high,2026-09-18 01:48:13.752592+00,2026-09-18 01:51:55.470593+00
0188dffb-ae23-4ac8-a38a-c5fe351f1f5f,/srv/fim-watch/gen_00180.txt,file_modified,alert_only,high,2026-09-18 01:48:13.85265+00,2026-09-18 01:51:55.487353+00
d6e09e39-5f02-45f8-ad0c-b078e26693a6,/srv/fim-watch/gen_00078.txt,file_modified,alert_only,high,2026-09-18 01:48:13.9521+00,2026-09-18 01:51:55.504063+00
139927db-f9a6-463c-a5b5-5589571a5d18,/srv/fim-watch/gen_00073.txt,file_modified,alert_only,high,2026-09-18 01:48:14.052561+00,2026-09-18 01:51:55.520907+00
121ee276-72f2-4192-b711-18eb1e9b7bbe,/srv/fim-watch/gen_00155.txt,file_modified,alert_only,high,2026-09-18 01:48:14.153138+00,2026-09-18 01:51:55.537719+00
fc075144-58d3-4cb1-a0d3-69e96487a68e,/srv/fim-watch/gen_00161.txt,file_modified,alert_only,high,2026-09-18 01:48:14.253096+00,2026-09-18 01:51:55.554452+00
ab0d3e8e-97bd-4cf7-ad78-c6c3e22dedaa,/srv/fim-watch/gen_00111.txt,file_deleted,alert_only,high,2026-09-18 01:48:14.353439+00,2026-09-18 01:51:55.571117+00
53da9fc2-c07e-44c2-9d1d-93c2a58dbd56,/srv/fim-watch/gen_00182.txt,file_modified,alert_only,high,2026-09-18 01:48:14.452546+00,2026-09-18 01:51:55.588451+00
46107713-6213-4795-b787-308c0b323d4f,/srv/fim-watch/gen_00074.txt,file_modified,alert_only,high,2026-09-18 01:48:14.553144+00,2026-09-18 01:51:55.605625+00
c7665d12-53db-4f88-8834-eabb1ac8091f,/srv/fim-watch/gen_00016.txt,file_modified,alert_only,high,2026-09-18 01:48:14.65307+00,2026-09-18 01:51:55.622166+00
2f9212b4-24e4-4985-89eb-c979f2e5ca70,/srv/fim-watch/gen_00159.txt,file_modified,alert_only,high,2026-09-18 01:48:14.75301+00,2026-09-18 01:51:55.639037+00
b5e87c8f-5f82-4bc2-a814-850e55fade4f,/srv/fim-watch/critico/gen_00123.txt,file_modified,alert_only,critical,2026-09-18 01:48:14.853146+00,2026-09-18 01:51:55.656091+00
58a0147d-6cd8-470b-bb48-e99c1cd14dd3,/srv/fim-watch/gen_00170.txt,file_modified,alert_only,high,2026-09-18 01:48:14.952389+00,2026-09-18 01:51:55.672676+00
7e90bc2a-bb13-4235-877f-5ae79408873d,/srv/fim-watch/gen_00178.txt,file_modified,alert_only,high,2026-09-18 01:48:15.052562+00,2026-09-18 01:51:55.689197+00
b8f53784-73ba-4154-803c-776f458c5a3b,/srv/fim-watch/critico/gen_00183.txt,file_modified,alert_only,critical,2026-09-18 01:48:15.152492+00,2026-09-18 01:51:55.704932+00
9b8d0971-9108-4178-97b7-10fb46376271,/srv/fim-watch/gen_00170.txt,file_modified,alert_only,high,2026-09-18 01:48:15.252268+00,2026-09-18 01:51:55.721459+00
978d8098-03b0-4f7f-94cd-2d8b60e2e019,/srv/fim-watch/gen_00174.txt,file_modified,alert_only,high,2026-09-18 01:48:15.352756+00,2026-09-18 01:51:55.738296+00
4c4fc640-9aa0-486f-97e3-ed38d8428a3e,/srv/fim-watch/gen_00036.txt,file_modified,alert_only,high,2026-09-18 01:48:15.452052+00,2026-09-18 01:51:55.754376+00
7c4b30df-f9d4-45bd-ba67-ffead28c8622,/srv/fim-watch/gen_00135.txt,file_modified,alert_only,high,2026-09-18 01:48:15.552989+00,2026-09-18 01:51:55.770323+00
4602cff2-81a5-4171-9685-b41a9615b859,/srv/fim-watch/gen_00135.txt,file_modified,alert_only,high,2026-09-18 01:48:15.652916+00,2026-09-18 01:51:55.78659+00
9e999afc-86b7-48f0-906c-6b9942a44040,/srv/fim-watch/gen_00120.txt,file_modified,alert_only,high,2026-09-18 01:48:15.752944+00,2026-09-18 01:51:55.803599+00
aabd1694-35ae-414d-8045-1e51a4258835,/srv/fim-watch/gen_00120.txt,file_modified,alert_only,high,2026-09-18 01:48:15.852999+00,2026-09-18 01:51:55.820205+00
07c48f33-3719-47bf-b1ef-a96c0bf32b57,/srv/fim-watch/critico/gen_00184.txt,file_modified,alert_only,critical,2026-09-18 01:48:15.952233+00,2026-09-18 01:51:55.836966+00
b931e22e-ced4-4173-bcce-09428b2b2d16,/srv/fim-watch/gen_00049.txt,file_modified,alert_only,high,2026-09-18 01:48:16.05268+00,2026-09-18 01:51:55.85427+00
21984bac-57ba-4663-aeff-a00a3c6810e6,/srv/fim-watch/gen_00182.txt,file_deleted,alert_only,high,2026-09-18 01:48:16.152589+00,2026-09-18 01:51:55.88183+00
f2ece3ba-c960-479e-ab15-82fb06146fbc,/srv/fim-watch/gen_00171.txt,file_modified,alert_only,high,2026-09-18 01:48:16.25263+00,2026-09-18 01:51:55.888836+00
984e6bdb-3f90-4862-acab-d0405ccc91a4,/srv/fim-watch/gen_00185.txt,file_modified,alert_only,high,2026-09-18 01:48:16.352712+00,2026-09-18 01:51:55.908374+00
46e3b7f3-011e-4d83-94b6-a2154bf4bd5c,/srv/fim-watch/critico/gen_00156.txt,file_modified,alert_only,critical,2026-09-18 01:48:16.452433+00,2026-09-18 01:51:55.926887+00
1cd33ec5-3042-423f-965e-ce45080bf89a,/srv/fim-watch/gen_00093.txt,file_modified,alert_only,high,2026-09-18 01:48:16.55276+00,2026-09-18 01:51:55.94486+00
042b9f6b-99d0-45ef-b1fd-2aef2266a442,/srv/fim-watch/gen_00186.txt,file_modified,alert_only,high,2026-09-18 01:48:16.652623+00,2026-09-18 01:51:55.961638+00
181200ca-f78a-4b35-90e4-1890cddd3f16,/srv/fim-watch/gen_00100.txt,file_modified,alert_only,high,2026-09-18 01:48:16.7528+00,2026-09-18 01:51:55.978059+00
96e68673-e80c-4dca-8547-5e9104679c37,/srv/fim-watch/critico/gen_00061.txt,file_modified,alert_only,critical,2026-09-18 01:48:16.852692+00,2026-09-18 01:51:55.994037+00
ac9cd37f-efdd-4b54-a396-4e2602acb7a1,/srv/fim-watch/gen_00129.txt,file_modified,alert_only,high,2026-09-18 01:48:16.952765+00,2026-09-18 01:51:56.011547+00
d1f6d1fb-6a7d-49a2-99d6-079a5ffb899e,/srv/fim-watch/gen_00187.txt,file_modified,alert_only,high,2026-09-18 01:48:17.052345+00,2026-09-18 01:51:56.028884+00
67dc0707-a719-419d-8649-0a40f7a447f1,/srv/fim-watch/gen_00163.txt,file_modified,alert_only,high,2026-09-18 01:48:17.152492+00,2026-09-18 01:51:56.045532+00
af4d2b36-ec80-4764-9a8b-b7b7bc91ceb0,/srv/fim-watch/critico/gen_00123.txt,file_modified,alert_only,critical,2026-09-18 01:48:17.352602+00,2026-09-18 01:51:56.062041+00
acb6feb7-f985-46bc-ab3f-c0397c6dbd5d,/srv/fim-watch/gen_00181.txt,file_modified,alert_only,high,2026-09-18 01:48:17.4524+00,2026-09-18 01:51:56.080565+00
fee7315d-a183-4520-abc4-e5eb7f6cc139,/srv/fim-watch/gen_00108.txt,file_modified,alert_only,high,2026-09-18 01:48:17.552368+00,2026-09-18 01:51:56.097597+00
679cb3c4-fbe2-46a8-95a6-a4670bb58bae,/srv/fim-watch/gen_00186.txt,file_deleted,alert_only,high,2026-09-18 01:48:17.652985+00,2026-09-18 01:51:56.114776+00
b653df19-eb34-4272-a9d4-23391d8abaf8,/srv/fim-watch/gen_00114.txt,file_modified,alert_only,high,2026-09-18 01:48:17.753196+00,2026-09-18 01:51:56.131872+00
1ec1b1aa-b734-4c2b-9b17-fb09e2f3ed29,/srv/fim-watch/gen_00188.txt,file_created,alert_only,high,2026-09-18 01:48:17.85274+00,2026-09-18 01:51:56.149047+00
22d5b0aa-56a6-42c7-b91a-bde79a2c0e11,/srv/fim-watch/critico/gen_00189.txt,file_modified,alert_only,critical,2026-09-18 01:48:17.953059+00,2026-09-18 01:51:56.166122+00
437d6027-557f-4c06-9b2d-23ffced6abc2,/srv/fim-watch/gen_00120.txt,file_deleted,alert_only,high,2026-09-18 01:48:18.053054+00,2026-09-18 01:51:56.182979+00
8f354a20-0f45-4e29-b1b2-e1f8378e1e55,/srv/fim-watch/gen_00190.txt,file_modified,alert_only,high,2026-09-18 01:48:18.152344+00,2026-09-18 01:51:56.19977+00
e0553ac0-2e47-4cfa-8233-181d4ff4fa07,/srv/fim-watch/gen_00100.txt,file_modified,alert_only,high,2026-09-18 01:48:18.253125+00,2026-09-18 01:51:56.217082+00
e405c6dd-8325-4641-99a8-7991d33b2f84,/srv/fim-watch/gen_00100.txt,file_modified,alert_only,high,2026-09-18 01:48:18.352796+00,2026-09-18 01:51:56.234145+00
06b7ed22-8094-4bad-b83b-a89a1f6b70eb,/srv/fim-watch/gen_00161.txt,file_modified,alert_only,high,2026-09-18 01:48:18.452837+00,2026-09-18 01:51:56.253776+00
08b1ae68-4091-48a0-b165-4d9aec945a97,/srv/fim-watch/gen_00073.txt,file_deleted,alert_only,high,2026-09-18 01:48:18.552225+00,2026-09-18 01:51:56.269698+00
b72c4137-632f-4d61-9e58-32cec1d8d31c,/srv/fim-watch/critico/gen_00191.txt,file_modified,alert_only,critical,2026-09-18 01:48:18.65232+00,2026-09-18 01:51:56.285548+00
ab9fc7b1-8746-457c-bfa1-7efaab0bc37c,/srv/fim-watch/gen_00190.txt,file_deleted,alert_only,high,2026-09-18 01:48:18.752299+00,2026-09-18 01:51:56.301978+00
1a549384-cdd7-412c-98c3-b4acb5ddbb3a,/srv/fim-watch/gen_00033.txt,file_modified,alert_only,high,2026-09-18 01:48:18.852428+00,2026-09-18 01:51:56.318404+00
4a8964b0-6cfa-441b-b33d-409fa3fecf87,/srv/fim-watch/gen_00113.txt,file_deleted,alert_only,high,2026-09-18 01:48:18.952578+00,2026-09-18 01:51:56.334611+00
724e05b9-886e-4312-95b9-0494f0811d8c,/srv/fim-watch/gen_00192.txt,file_modified,alert_only,high,2026-09-18 01:48:19.052317+00,2026-09-18 01:51:56.350762+00
30c15fda-426d-441f-95b9-31feb7b5ccf1,/srv/fim-watch/gen_00193.txt,file_modified,alert_only,high,2026-09-18 01:48:19.152498+00,2026-09-18 01:51:56.367092+00
b17a39fc-d251-4fbd-9ce8-f2c299089e09,/srv/fim-watch/gen_00194.txt,file_modified,alert_only,high,2026-09-18 01:48:19.252464+00,2026-09-18 01:51:56.383293+00
3af9c049-bac4-4580-8a09-7bba8d95433d,/srv/fim-watch/gen_00071.txt,file_modified,alert_only,high,2026-09-18 01:48:19.352432+00,2026-09-18 01:51:56.399624+00
a7bdda2e-447a-4f19-85ce-b08fa4ae0076,/srv/fim-watch/gen_00071.txt,file_modified,alert_only,high,2026-09-18 01:48:19.45265+00,2026-09-18 01:51:56.415637+00
116a2e8b-049b-4357-92c9-9bdbb07da1cc,/srv/fim-watch/gen_00060.txt,file_deleted,alert_only,high,2026-09-18 01:48:19.552547+00,2026-09-18 01:51:56.432399+00
d74ba86f-7f15-4453-8865-21857ce85ae2,/srv/fim-watch/gen_00100.txt,file_deleted,alert_only,high,2026-09-18 01:48:19.65251+00,2026-09-18 01:51:56.449172+00
6414a11a-5356-4c24-983a-cfcc020fe471,/srv/fim-watch/gen_00062.txt,file_modified,alert_only,high,2026-09-18 01:48:19.752484+00,2026-09-18 01:51:56.466612+00
8f7b083e-ad2d-45f9-aa86-672192714b7f,/srv/fim-watch/gen_00187.txt,file_modified,alert_only,high,2026-09-18 01:48:19.852986+00,2026-09-18 01:51:56.483238+00
dc0efe28-b88d-4621-89e2-937e10a89dde,/srv/fim-watch/critico/gen_00025.txt,file_modified,alert_only,critical,2026-09-18 01:48:19.953026+00,2026-09-18 01:51:56.500433+00
72f90b59-0320-4677-8bac-fdcbc133b142,/srv/fim-watch/gen_00066.txt,file_deleted,alert_only,high,2026-09-18 01:48:20.052693+00,2026-09-18 01:51:56.517565+00
d342c67a-e422-4cac-92e3-3f82c224d3cd,/srv/fim-watch/gen_00103.txt,file_modified,alert_only,high,2026-09-18 01:48:20.152091+00,2026-09-18 01:51:56.534129+00
79f96f48-4183-4fc4-90a3-094ea271af89,/srv/fim-watch/gen_00124.txt,file_deleted,alert_only,high,2026-09-18 01:48:20.25224+00,2026-09-18 01:51:56.550789+00
7c3ffc93-b085-4168-9c35-3eca9c4cc610,/srv/fim-watch/gen_00187.txt,file_modified,alert_only,high,2026-09-18 01:48:20.45203+00,2026-09-18 01:51:56.567785+00
721b4d05-3f7b-4759-8f50-f7b4707209bd,/srv/fim-watch/gen_00187.txt,file_modified,alert_only,high,2026-09-18 01:48:20.55222+00,2026-09-18 01:51:56.585558+00
e8dc53d8-99d9-4b8b-9541-cfe4b73498cd,/srv/fim-watch/gen_00187.txt,file_modified,alert_only,high,2026-09-18 01:48:20.652516+00,2026-09-18 01:51:56.603053+00
3be233a0-54da-4b43-8650-dde96de2baf8,/srv/fim-watch/gen_00187.txt,file_modified,alert_only,high,2026-09-18 01:48:20.752088+00,2026-09-18 01:51:56.619285+00
4f093573-d9b8-4c48-aa93-75178e43ca81,/srv/fim-watch/gen_00187.txt,file_modified,alert_only,high,2026-09-18 01:48:20.852814+00,2026-09-18 01:51:56.635314+00
423e8509-5255-4bc0-b7b9-8f35dd8ac213,/srv/fim-watch/gen_00096.txt,file_modified,alert_only,high,2026-09-18 01:48:20.952779+00,2026-09-18 01:51:56.651278+00
97f07657-4c3a-4ca5-8d22-f6afed39334c,/srv/fim-watch/gen_00103.txt,file_modified,alert_only,high,2026-09-18 01:48:21.052982+00,2026-09-18 01:51:56.667283+00
11b8825d-f215-4603-b522-476d8c8a0a2d,/srv/fim-watch/critico/gen_00183.txt,file_modified,alert_only,critical,2026-09-18 01:48:21.152778+00,2026-09-18 01:51:56.682848+00
ea1ba1be-1779-491a-a9d9-00b6b820959b,/srv/fim-watch/gen_00154.txt,file_deleted,alert_only,high,2026-09-18 01:48:21.25281+00,2026-09-18 01:51:56.698877+00
4d7f1484-df3b-415b-afc7-e01efdfff981,/srv/fim-watch/gen_00170.txt,file_modified,alert_only,high,2026-09-18 01:48:21.352094+00,2026-09-18 01:51:56.724245+00
33fe053c-747f-4358-851d-2893caf9f720,/srv/fim-watch/gen_00170.txt,file_modified,alert_only,high,2026-09-18 01:48:21.452674+00,2026-09-18 01:51:56.731146+00
54ddee6b-1567-4e16-8049-a2d3c83a5ab1,/srv/fim-watch/critico/gen_00037.txt,file_modified,alert_only,critical,2026-09-18 01:48:21.552824+00,2026-09-18 01:51:56.748209+00
e45b6792-6226-4915-b7a0-6f0eae1ef2fb,/srv/fim-watch/gen_00196.txt,file_modified,alert_only,high,2026-09-18 01:48:21.652664+00,2026-09-18 01:51:56.763683+00
1555e14e-6a54-4bd0-8a1d-11b666034db4,/srv/fim-watch/gen_00197.txt,file_modified,alert_only,high,2026-09-18 01:48:21.752389+00,2026-09-18 01:51:56.780604+00
1cac5519-a609-4d39-a2c7-9bbc676c86cf,/srv/fim-watch/gen_00197.txt,file_deleted,alert_only,high,2026-09-18 01:48:21.852499+00,2026-09-18 01:51:56.799558+00
40841c09-8f47-46d0-987e-11e15d60b386,/srv/fim-watch/gen_00108.txt,file_modified,alert_only,high,2026-09-18 01:48:21.952763+00,2026-09-18 01:51:56.817159+00
45a6ceb2-6ca8-4461-9588-588ec67b332e,/srv/fim-watch/gen_00126.txt,file_modified,alert_only,high,2026-09-18 01:48:22.05252+00,2026-09-18 01:51:56.830438+00
753c86e7-16ca-46ed-a768-bb44c8ed27cd,/srv/fim-watch/gen_00106.txt,file_modified,alert_only,high,2026-09-18 01:48:22.152782+00,2026-09-18 01:51:56.845485+00
4df0e437-249a-41e1-9316-a2cd11d757b4,/srv/fim-watch/gen_00049.txt,file_modified,alert_only,high,2026-09-18 01:48:22.252475+00,2026-09-18 01:51:56.862549+00
85812978-0ea0-496d-aa70-f6163c437ad4,/srv/fim-watch/gen_00049.txt,file_modified,alert_only,high,2026-09-18 01:48:22.352887+00,2026-09-18 01:51:56.876839+00
69fe3486-8c78-437f-b80b-11273a2bd67c,/srv/fim-watch/critico/gen_00150.txt,file_deleted,alert_only,critical,2026-09-18 01:48:22.452742+00,2026-09-18 01:51:56.890413+00
f8c6a606-b7c1-4b2c-b13a-f86aad464388,/srv/fim-watch/gen_00064.txt,file_modified,alert_only,high,2026-09-18 01:48:22.551965+00,2026-09-18 01:51:56.908275+00
fef1324d-e285-44b7-a3e9-4d63d58803ba,/srv/fim-watch/gen_00086.txt,file_deleted,alert_only,high,2026-09-18 01:48:22.652616+00,2026-09-18 01:51:56.922322+00
3f2726c2-5b35-43ee-b328-bef8ccb2d453,/srv/fim-watch/critico/gen_00184.txt,file_modified,alert_only,critical,2026-09-18 01:48:22.752765+00,2026-09-18 01:51:56.93701+00
6ffafd4d-969d-437b-9228-b91dfb5c1cf6,/srv/fim-watch/gen_00043.txt,file_modified,alert_only,high,2026-09-18 01:48:22.852952+00,2026-09-18 01:51:56.953287+00
fd00ae09-1838-4066-b47d-41cf1581dda1,/srv/fim-watch/gen_00198.txt,file_modified,alert_only,high,2026-09-18 01:48:22.952715+00,2026-09-18 01:51:56.970792+00
6bb7eae7-640c-4411-b08f-616eda3285a5,/srv/fim-watch/gen_00108.txt,file_modified,alert_only,high,2026-09-18 01:48:23.052724+00,2026-09-18 01:51:56.991388+00
d6607d5c-1baa-446b-9506-a724cc0cb9ec,/srv/fim-watch/gen_00043.txt,file_deleted,alert_only,high,2026-09-18 01:48:23.152473+00,2026-09-18 01:51:57.006791+00
fd3f9705-13bd-4cd6-908c-1d326ae98b8b,/srv/fim-watch/gen_00165.txt,file_modified,alert_only,high,2026-09-18 01:48:23.252792+00,2026-09-18 01:51:57.021599+00
c28512ed-a50d-4a8c-883e-19b9060d8633,/srv/fim-watch/gen_00185.txt,file_modified,alert_only,high,2026-09-18 01:48:23.352429+00,2026-09-18 01:51:57.035169+00
132ab9ed-e4f5-415a-98c0-e2a5adb0fbaa,/srv/fim-watch/gen_00020.txt,file_modified,alert_only,high,2026-09-18 01:48:23.452705+00,2026-09-18 01:51:57.047898+00
9fd2c371-2007-4a06-9c87-fde7a6c5224d,/srv/fim-watch/gen_00125.txt,file_modified,alert_only,high,2026-09-18 01:48:23.553007+00,2026-09-18 01:51:57.061438+00
2b1e5d5b-50dc-4739-b733-fbf5f33f1c60,/srv/fim-watch/gen_00199.txt,file_modified,alert_only,high,2026-09-18 01:48:23.65226+00,2026-09-18 01:51:57.076214+00
e6d464e7-0606-4806-949f-bdd200677a0a,/srv/fim-watch/critico/gen_00123.txt,file_modified,alert_only,critical,2026-09-18 01:48:23.752824+00,2026-09-18 01:51:57.090226+00
57f7396e-e112-4b6c-8f94-366f0d19017b,/srv/fim-watch/critico/gen_00200.txt,file_modified,alert_only,critical,2026-09-18 01:48:23.852138+00,2026-09-18 01:51:57.103541+00
a7d198ce-f898-4700-a99e-15e0186a1d60,/srv/fim-watch/gen_00201.txt,file_modified,alert_only,high,2026-09-18 01:48:23.952734+00,2026-09-18 01:51:57.116443+00
91b5ca06-09aa-4bc1-bf1e-7d42e8b3569c,/srv/fim-watch/critico/gen_00053.txt,file_modified,alert_only,critical,2026-09-18 01:48:24.052281+00,2026-09-18 01:51:57.129565+00
42a5b77f-38be-4dca-8318-8d44af5d8d4b,/srv/fim-watch/critico/gen_00053.txt,file_modified,alert_only,critical,2026-09-18 01:48:24.152529+00,2026-09-18 01:51:57.142433+00
f2c51eee-d19b-4233-bae0-6c1f3bc4ece6,/srv/fim-watch/critico/gen_00202.txt,file_modified,alert_only,critical,2026-09-18 01:48:24.252836+00,2026-09-18 01:51:57.156788+00
98b5ef55-1b38-4499-9f24-493deb2255cc,/srv/fim-watch/gen_00126.txt,file_modified,alert_only,high,2026-09-18 01:48:24.453014+00,2026-09-18 01:51:57.170211+00
3e5b7b4b-5666-4488-8ab2-174494b4753a,/srv/fim-watch/gen_00115.txt,file_modified,alert_only,high,2026-09-18 01:48:24.553192+00,2026-09-18 01:51:57.184676+00
81b76f46-7185-4ebd-8397-f5449f2d9eeb,/srv/fim-watch/gen_00140.txt,file_deleted,alert_only,high,2026-09-18 01:48:24.652923+00,2026-09-18 01:51:57.199882+00
b4cfa148-e45f-4977-a3a9-16b445235cd8,/srv/fim-watch/gen_00204.txt,file_modified,alert_only,high,2026-09-18 01:48:24.752624+00,2026-09-18 01:51:57.215158+00
904ae079-6e87-434f-8075-823d93312fbf,/srv/fim-watch/critico/gen_00156.txt,file_modified,alert_only,critical,2026-09-18 01:48:24.852628+00,2026-09-18 01:51:57.2301+00
8163b208-4fa6-4002-baf8-e30bc1ed8952,/srv/fim-watch/gen_00205.txt,file_modified,alert_only,high,2026-09-18 01:48:24.952248+00,2026-09-18 01:51:57.245231+00
cd6e2f53-67d3-4992-8476-0f4ea558e88e,/srv/fim-watch/gen_00205.txt,file_deleted,alert_only,high,2026-09-18 01:48:25.052076+00,2026-09-18 01:51:57.260906+00
14db10e9-e94f-4be6-b251-93c7482f2704,/srv/fim-watch/gen_00170.txt,file_modified,alert_only,high,2026-09-18 01:48:25.152841+00,2026-09-18 01:51:57.276249+00
fb562463-e37c-4751-bf9e-bc86dcc7289b,/srv/fim-watch/gen_00170.txt,file_modified,alert_only,high,2026-09-18 01:48:25.252571+00,2026-09-18 01:51:57.29137+00
c2f2d898-cb9f-4a50-ba27-3af78a6bd483,/srv/fim-watch/critico/gen_00061.txt,file_modified,alert_only,critical,2026-09-18 01:48:25.352119+00,2026-09-18 01:51:57.306985+00
61622c6a-9a0e-49b2-86b4-f0162b65acfd,/srv/fim-watch/gen_00188.txt,file_modified,alert_only,high,2026-09-18 01:48:25.452504+00,2026-09-18 01:51:57.323304+00
f07867e2-2379-4cc4-b4d9-2edf4e462c25,/srv/fim-watch/gen_00145.txt,file_deleted,alert_only,high,2026-09-18 01:48:25.552466+00,2026-09-18 01:51:57.339208+00
fd7da299-061c-4cdd-be47-a3c8dee5fcf4,/srv/fim-watch/gen_00206.txt,file_modified,alert_only,high,2026-09-18 01:48:25.652438+00,2026-09-18 01:51:57.35511+00
70bb558c-2fa8-49ef-8e3b-51d2dbf2b9d4,/srv/fim-watch/gen_00148.txt,file_deleted,alert_only,high,2026-09-18 01:48:25.752696+00,2026-09-18 01:51:57.371042+00
cf484520-f9b9-4295-b417-3283946ad0bb,/srv/fim-watch/gen_00198.txt,file_modified,alert_only,high,2026-09-18 01:48:25.852751+00,2026-09-18 01:51:57.389465+00
71533387-f40e-45b2-99f8-5e1dcbca3416,/srv/fim-watch/gen_00198.txt,file_modified,alert_only,high,2026-09-18 01:48:25.952438+00,2026-09-18 01:51:57.406516+00
b4266203-d955-414a-a2f8-915183a5aec6,/srv/fim-watch/gen_00036.txt,file_modified,alert_only,high,2026-09-18 01:48:26.053031+00,2026-09-18 01:51:57.42426+00
42a02723-2a28-4d4a-b86c-6cf2b2bff51c,/srv/fim-watch/gen_00036.txt,file_modified,alert_only,high,2026-09-18 01:48:26.152631+00,2026-09-18 01:51:57.437787+00
ed1c64ae-1e4d-4c19-a5a4-ad2bfd31014d,/srv/fim-watch/critico/gen_00053.txt,file_modified,alert_only,critical,2026-09-18 01:48:26.25298+00,2026-09-18 01:51:57.453831+00
c1077966-c632-4a05-a5cb-06703d07ed05,/srv/fim-watch/gen_00142.txt,file_modified,alert_only,high,2026-09-18 01:48:26.35259+00,2026-09-18 01:51:57.471336+00
bce22462-70f6-4e2a-bdf9-9813c31e8895,/srv/fim-watch/gen_00163.txt,file_modified,alert_only,high,2026-09-18 01:48:26.45249+00,2026-09-18 01:51:57.498878+00
d5d9cf38-7ac4-425e-a318-94020ad92cce,/srv/fim-watch/gen_00204.txt,file_modified,alert_only,high,2026-09-18 01:48:26.552149+00,2026-09-18 01:51:57.506018+00
57cd5dc1-fe72-4257-a632-0ec773834752,/srv/fim-watch/gen_00049.txt,file_modified,alert_only,high,2026-09-18 01:48:26.652712+00,2026-09-18 01:51:57.522179+00
1383586a-f527-4d7d-940f-1ad825a072b0,/srv/fim-watch/gen_00170.txt,file_modified,alert_only,high,2026-09-18 01:48:26.752746+00,2026-09-18 01:51:57.539512+00
8ef5cb8a-e68b-4a7c-b03a-eead0c152713,/srv/fim-watch/gen_00020.txt,file_modified,alert_only,high,2026-09-18 01:48:26.852968+00,2026-09-18 01:51:57.557419+00
f795455c-2c9d-44e1-8cfb-b13abc1152a7,/srv/fim-watch/gen_00207.txt,file_modified,alert_only,high,2026-09-18 01:48:26.952379+00,2026-09-18 01:51:57.573428+00
e0072619-3b81-4e3c-9d70-593e14320cb9,/srv/fim-watch/gen_00057.txt,file_modified,alert_only,high,2026-09-18 01:48:27.052768+00,2026-09-18 01:51:57.588477+00
b143d5be-6311-4ea7-a122-b7ad08614f2d,/srv/fim-watch/gen_00064.txt,file_modified,alert_only,high,2026-09-18 01:48:27.153024+00,2026-09-18 01:51:57.602956+00
416e74c9-97cd-4628-a16f-5a3de25dd658,/srv/fim-watch/gen_00016.txt,file_modified,alert_only,high,2026-09-18 01:48:27.252834+00,2026-09-18 01:51:57.619149+00
abb59637-0442-4f29-8a72-8f09bc924609,/srv/fim-watch/gen_00208.txt,file_modified,alert_only,high,2026-09-18 01:48:27.352672+00,2026-09-18 01:51:57.634564+00
2c220231-617f-4413-8935-79787201b5b0,/srv/fim-watch/gen_00208.txt,file_deleted,alert_only,high,2026-09-18 01:48:27.452951+00,2026-09-18 01:51:57.650146+00
b47e6f61-e665-4e53-a1d8-f173192f5939,/srv/fim-watch/critico/gen_00156.txt,file_modified,alert_only,critical,2026-09-18 01:48:27.552536+00,2026-09-18 01:51:57.664857+00
14513673-c286-46cd-b6de-08b267d42638,/srv/fim-watch/gen_00125.txt,file_modified,alert_only,high,2026-09-18 01:48:27.653134+00,2026-09-18 01:51:57.67919+00
82bf4975-4363-44dc-a674-c8cf6ab489d9,/srv/fim-watch/gen_00125.txt,file_modified,alert_only,high,2026-09-18 01:48:27.753021+00,2026-09-18 01:51:57.696538+00
6299dbaa-3a3b-4b48-8dbb-cc0cb74fab07,/srv/fim-watch/gen_00125.txt,file_modified,alert_only,high,2026-09-18 01:48:27.852779+00,2026-09-18 01:51:57.712836+00
94b5f7de-0e68-4f94-958b-8a68f695e518,/srv/fim-watch/gen_00125.txt,file_modified,alert_only,high,2026-09-18 01:48:27.953003+00,2026-09-18 01:51:57.72907+00
96d5d04b-6151-45ee-8ffb-4f6e1dc76690,/srv/fim-watch/gen_00125.txt,file_modified,alert_only,high,2026-09-18 01:48:28.052634+00,2026-09-18 01:51:57.74511+00
ea38f6da-27ac-44b7-ab93-342a2e68ed1a,/srv/fim-watch/gen_00088.txt,file_modified,alert_only,high,2026-09-18 01:48:28.152417+00,2026-09-18 01:51:57.760223+00
2dde745f-0185-42c0-8961-c92ae0452db5,/srv/fim-watch/gen_00136.txt,file_modified,alert_only,high,2026-09-18 01:48:28.252801+00,2026-09-18 01:51:57.776035+00
10803d53-1399-45d6-bb92-919efff2e100,/srv/fim-watch/gen_00170.txt,file_modified,alert_only,high,2026-09-18 01:48:28.35258+00,2026-09-18 01:51:57.795015+00
e520a04a-a362-4f79-9fe9-bc6a727dbf09,/srv/fim-watch/gen_00036.txt,file_modified,alert_only,high,2026-09-18 01:48:28.452737+00,2026-09-18 01:51:57.811219+00
61a8e919-7af3-47b2-b25f-6a433c4e5ef7,/srv/fim-watch/gen_00201.txt,file_modified,alert_only,high,2026-09-18 01:48:28.552679+00,2026-09-18 01:51:57.825783+00
f4bb554b-afd6-4236-8200-ec2d70ee3722,/srv/fim-watch/critico/gen_00209.txt,file_modified,alert_only,critical,2026-09-18 01:48:28.652246+00,2026-09-18 01:51:57.839392+00
d2751d39-482e-4b79-b199-4f3bd0ec2262,/srv/fim-watch/critico/gen_00130.txt,file_modified,alert_only,critical,2026-09-18 01:48:28.752909+00,2026-09-18 01:51:57.855888+00
8d334949-6b8a-4d1e-a045-b7330c5f8b50,/srv/fim-watch/gen_00096.txt,file_modified,alert_only,high,2026-09-18 01:48:28.854116+00,2026-09-18 01:51:57.875998+00
ba00be3b-0ef2-4e7f-ab7b-525f248d94cd,/srv/fim-watch/critico/gen_00210.txt,file_created,alert_only,critical,2026-09-18 01:48:28.951717+00,2026-09-18 01:51:57.895916+00
e2ea09f1-2c0c-4c13-a05f-212c8670e07b,/srv/fim-watch/gen_00201.txt,file_deleted,alert_only,high,2026-09-18 01:48:29.052754+00,2026-09-18 01:51:57.914208+00
5a254f0f-7f09-47fb-b900-fd8794dbdbb8,/srv/fim-watch/gen_00211.txt,file_modified,alert_only,high,2026-09-18 01:48:29.153+00,2026-09-18 01:51:57.931508+00
da3cf789-b0db-4941-94b2-e3ecce57c54a,/srv/fim-watch/gen_00211.txt,file_deleted,alert_only,high,2026-09-18 01:48:29.252598+00,2026-09-18 01:51:57.949941+00
9a09c836-e760-44d0-a350-d6f19f7f167b,/srv/fim-watch/gen_00058.txt,file_modified,alert_only,high,2026-09-18 01:48:29.352696+00,2026-09-18 01:51:57.967914+00
0e2e678d-c4a9-4ab8-a975-213ca21de53a,/srv/fim-watch/gen_00160.txt,file_modified,alert_only,high,2026-09-18 01:48:29.452659+00,2026-09-18 01:51:57.985641+00
9911d02e-1a85-4d05-a83d-081dfa444564,/srv/fim-watch/gen_00096.txt,file_modified,alert_only,high,2026-09-18 01:48:29.552613+00,2026-09-18 01:51:58.00341+00
9284057a-5a8e-4147-a1c7-03433dfd21cf,/srv/fim-watch/gen_00096.txt,file_modified,alert_only,high,2026-09-18 01:48:29.65271+00,2026-09-18 01:51:58.021218+00
4f265004-56ac-4b76-8f11-a62bd5ae48b3,/srv/fim-watch/gen_00178.txt,file_modified,alert_only,high,2026-09-18 01:48:29.752207+00,2026-09-18 01:51:58.038672+00
e8b191dc-0b13-422e-814a-0a7ae470449e,/srv/fim-watch/critico/gen_00025.txt,file_modified,alert_only,critical,2026-09-18 01:48:29.85261+00,2026-09-18 01:51:58.056529+00
a4f95ecb-6923-4a64-85e0-a31a425c703e,/srv/fim-watch/critico/gen_00169.txt,file_modified,alert_only,critical,2026-09-18 01:48:29.95208+00,2026-09-18 01:51:58.074629+00
5ca80f36-3678-4271-84f5-dbf76af3b4f6,/srv/fim-watch/gen_00161.txt,file_modified,alert_only,high,2026-09-18 01:48:30.052805+00,2026-09-18 01:51:58.093928+00
52a8e05a-d992-4351-9ae2-10f424b6dfe9,/srv/fim-watch/gen_00161.txt,file_modified,alert_only,high,2026-09-18 01:48:30.152395+00,2026-09-18 01:51:58.111691+00
6431961c-578a-452f-9927-065ceeeddd35,/srv/fim-watch/gen_00162.txt,file_modified,alert_only,high,2026-09-18 01:48:30.252002+00,2026-09-18 01:51:58.129751+00
5654ba69-f3eb-49a3-b71b-b0d68e9fb586,/srv/fim-watch/gen_00212.txt,file_modified,alert_only,high,2026-09-18 01:48:30.351984+00,2026-09-18 01:51:58.14788+00
6a49ae06-ce16-42c6-aa0f-df4908547d4d,/srv/fim-watch/gen_00213.txt,file_modified,alert_only,high,2026-09-18 01:48:30.452384+00,2026-09-18 01:51:58.165642+00
cb23454e-2e50-45f9-bead-53851561ad08,/srv/fim-watch/gen_00103.txt,file_modified,alert_only,high,2026-09-18 01:48:30.553091+00,2026-09-18 01:51:58.182757+00
fdf57ad7-a378-40b2-ae91-5945a24d8d0f,/srv/fim-watch/gen_00071.txt,file_modified,alert_only,high,2026-09-18 01:48:30.652393+00,2026-09-18 01:51:58.200183+00
ebca0ee4-4786-45b7-b72f-07e7d311d395,/srv/fim-watch/gen_00050.txt,file_modified,alert_only,high,2026-09-18 01:48:30.752977+00,2026-09-18 01:51:58.217881+00
98819590-3cb0-4216-95ad-ad7b9ab3bf69,/srv/fim-watch/gen_00214.txt,file_modified,alert_only,high,2026-09-18 01:48:30.852705+00,2026-09-18 01:51:58.235357+00
9093e0e2-2038-4e90-b813-4ac75c347026,/srv/fim-watch/critico/gen_00200.txt,file_modified,alert_only,critical,2026-09-18 01:48:30.952568+00,2026-09-18 01:51:58.253345+00
a0b43b9f-0250-49b0-af22-094593cc95f7,/srv/fim-watch/critico/gen_00200.txt,file_modified,alert_only,critical,2026-09-18 01:48:31.052611+00,2026-09-18 01:51:58.270757+00
e16158c1-4a07-4231-b4f2-b105b3f85f7b,/srv/fim-watch/critico/gen_00200.txt,file_modified,alert_only,critical,2026-09-18 01:48:31.152782+00,2026-09-18 01:51:58.287293+00
49922744-69af-4f33-9c4a-2329cdf7fb0f,/srv/fim-watch/critico/gen_00200.txt,file_modified,alert_only,critical,2026-09-18 01:48:31.252783+00,2026-09-18 01:51:58.304939+00
20ad96db-55da-42db-af7e-d9e30b2350f0,/srv/fim-watch/critico/gen_00200.txt,file_modified,alert_only,critical,2026-09-18 01:48:31.352677+00,2026-09-18 01:51:58.324448+00
892552ec-a843-44a9-8656-a81bbd402cdb,/srv/fim-watch/gen_00057.txt,file_modified,alert_only,high,2026-09-18 01:48:31.452589+00,2026-09-18 01:51:58.352192+00
c99fd252-3dd2-40e4-897f-445a10210dea,/srv/fim-watch/gen_00215.txt,file_modified,alert_only,high,2026-09-18 01:48:31.552482+00,2026-09-18 01:51:58.358965+00
fabbdf30-8708-40e4-84e2-2f0c74b3367d,/srv/fim-watch/gen_00074.txt,file_modified,alert_only,high,2026-09-18 01:48:31.652736+00,2026-09-18 01:51:58.376895+00
d8297191-f5b5-4595-90cd-5488a8e52b59,/srv/fim-watch/critico/gen_00123.txt,file_modified,alert_only,critical,2026-09-18 01:48:31.752574+00,2026-09-18 01:51:58.392827+00
52b2e1ea-d2b2-4158-a050-5e21e7986152,/srv/fim-watch/gen_00102.txt,file_modified,alert_only,high,2026-09-18 01:48:31.852616+00,2026-09-18 01:51:58.409961+00
642793a1-9d1d-4972-9d0d-5da7163fdb2c,/srv/fim-watch/gen_00170.txt,file_modified,alert_only,high,2026-09-18 01:48:31.952759+00,2026-09-18 01:51:58.427426+00
30e3893a-cc6f-442d-98a2-9173a10017aa,/srv/fim-watch/gen_00216.txt,file_modified,alert_only,high,2026-09-18 01:48:32.052564+00,2026-09-18 01:51:58.444513+00
941cba2d-8401-40c3-95f2-ed959c7c1c73,/srv/fim-watch/gen_00216.txt,file_deleted,alert_only,high,2026-09-18 01:48:32.15284+00,2026-09-18 01:51:58.46218+00
636db63e-396f-44d8-8795-5055c71a9fc8,/srv/fim-watch/critico/gen_00153.txt,file_modified,alert_only,critical,2026-09-18 01:48:32.252552+00,2026-09-18 01:51:58.479154+00
188b8ed6-2638-463c-8f26-39807473eff9,/srv/fim-watch/gen_00217.txt,file_modified,alert_only,high,2026-09-18 01:48:32.35274+00,2026-09-18 01:51:58.49676+00
e533116e-d778-4a08-89fc-faa5da3a4073,/srv/fim-watch/gen_00134.txt,file_modified,alert_only,high,2026-09-18 01:48:32.452706+00,2026-09-18 01:51:58.51395+00
a363e9da-06b1-46e0-90ce-9fec405b8fd5,/srv/fim-watch/gen_00218.txt,file_modified,alert_only,high,2026-09-18 01:48:32.552389+00,2026-09-18 01:51:58.529893+00
ef5bbe78-bbcb-41ba-89fa-b1ab8eae8a4e,/srv/fim-watch/gen_00215.txt,file_modified,alert_only,high,2026-09-18 01:48:32.652639+00,2026-09-18 01:51:58.545125+00
380ac266-ff98-48d4-a5bc-c58d2cc9e189,/srv/fim-watch/gen_00070.txt,file_modified,alert_only,high,2026-09-18 01:48:32.752929+00,2026-09-18 01:51:58.556736+00
e3f4a536-3072-4681-81c2-256bdc8c2d6e,/srv/fim-watch/gen_00070.txt,file_modified,alert_only,high,2026-09-18 01:48:32.852788+00,2026-09-18 01:51:58.571651+00
b1d8b1e9-b9ff-4fd2-9dcb-0e3a7b26a886,/srv/fim-watch/gen_00067.txt,file_modified,alert_only,high,2026-09-18 01:48:32.95276+00,2026-09-18 01:51:58.586806+00
c074e339-f953-460a-b470-7a6dd2462b92,/srv/fim-watch/gen_00135.txt,file_modified,alert_only,high,2026-09-18 01:48:33.05262+00,2026-09-18 01:51:58.602561+00
c8fac4fb-5b3a-4e16-bc6e-426e2a009793,/srv/fim-watch/gen_00174.txt,file_modified,alert_only,high,2026-09-18 01:48:33.152966+00,2026-09-18 01:51:58.618922+00
b90ed844-ee9f-4ad4-bef1-9645118ba97d,/srv/fim-watch/gen_00220.txt,file_modified,alert_only,high,2026-09-18 01:48:33.352603+00,2026-09-18 01:51:58.634158+00
ac49ebe6-4649-404d-a398-481fa3467708,/srv/fim-watch/gen_00220.txt,file_deleted,alert_only,high,2026-09-18 01:48:33.452543+00,2026-09-18 01:51:58.649958+00
2ffef13b-73cd-4594-b076-a9d7c2f0d1df,/srv/fim-watch/gen_00128.txt,file_modified,alert_only,high,2026-09-18 01:48:33.552733+00,2026-09-18 01:51:58.665046+00
f0d0da3a-41e7-4817-a726-eed23e67b13c,/srv/fim-watch/gen_00020.txt,file_modified,alert_only,high,2026-09-18 01:48:33.652744+00,2026-09-18 01:51:58.680313+00
b63914d4-6ce1-4c55-86b7-a702a90f7c19,/srv/fim-watch/gen_00175.txt,file_modified,alert_only,high,2026-09-18 01:48:33.752202+00,2026-09-18 01:51:58.695653+00
eb35e0c3-1ef6-4f54-b8d5-802013d4d214,/srv/fim-watch/gen_00193.txt,file_modified,alert_only,high,2026-09-18 01:48:33.852256+00,2026-09-18 01:51:58.711299+00
f1add70c-6550-4f44-8f45-683fdde76ba9,/srv/fim-watch/gen_00151.txt,file_modified,alert_only,high,2026-09-18 01:48:33.952554+00,2026-09-18 01:51:58.726394+00
8e711f27-494b-47a5-9d24-c069bcfd61fe,/srv/fim-watch/gen_00151.txt,file_modified,alert_only,high,2026-09-18 01:48:34.052611+00,2026-09-18 01:51:58.742889+00
726f929e-6a32-408e-98f5-37cccb2680d8,/srv/fim-watch/gen_00106.txt,file_modified,alert_only,high,2026-09-18 01:48:34.152591+00,2026-09-18 01:51:58.758724+00
29600aa5-6934-4384-b60e-bf08fe1155c5,/srv/fim-watch/gen_00170.txt,file_deleted,alert_only,high,2026-09-18 01:48:34.253234+00,2026-09-18 01:51:58.774261+00
86797260-3081-4abe-b5b2-164282217da3,/srv/fim-watch/gen_00149.txt,file_modified,alert_only,high,2026-09-18 01:48:34.352909+00,2026-09-18 01:51:58.791867+00
de1a70eb-994b-446c-9846-0b063953f627,/srv/fim-watch/gen_00103.txt,file_deleted,alert_only,high,2026-09-18 01:48:34.452662+00,2026-09-18 01:51:58.808699+00
409869d6-01ba-4cd2-87c5-d4d97f1a5cf3,/srv/fim-watch/gen_00147.txt,file_deleted,alert_only,high,2026-09-18 01:48:34.552398+00,2026-09-18 01:51:58.825473+00
504f0270-9fd1-46c7-8cc6-8cd336e34295,/srv/fim-watch/gen_00181.txt,file_modified,alert_only,high,2026-09-18 01:48:34.652528+00,2026-09-18 01:51:58.843082+00
dc90d937-42dd-442f-8f83-b55ecf7257bb,/srv/fim-watch/gen_00181.txt,file_modified,alert_only,high,2026-09-18 01:48:34.752762+00,2026-09-18 01:51:58.860396+00
d545d3ba-e69e-4195-a53b-43de45360dbc,/srv/fim-watch/gen_00093.txt,file_modified,alert_only,high,2026-09-18 01:48:34.852361+00,2026-09-18 01:51:58.87769+00
45578f91-fcad-4e30-bec9-7318ca677418,/srv/fim-watch/gen_00175.txt,file_modified,alert_only,high,2026-09-18 01:48:34.952253+00,2026-09-18 01:51:58.894881+00
fa14644c-46e8-442f-b154-f65eca604c61,/srv/fim-watch/gen_00175.txt,file_modified,alert_only,high,2026-09-18 01:48:35.052647+00,2026-09-18 01:51:58.912562+00
ee6d275c-7bd6-4f83-806f-0e89ac62c671,/srv/fim-watch/gen_00175.txt,file_modified,alert_only,high,2026-09-18 01:48:35.152678+00,2026-09-18 01:51:58.929403+00
e5711d96-800c-46eb-be5c-9f706774666e,/srv/fim-watch/gen_00175.txt,file_modified,alert_only,high,2026-09-18 01:48:35.25281+00,2026-09-18 01:51:58.946905+00
32650688-31c8-4c7d-91fb-1d11e890d040,/srv/fim-watch/gen_00175.txt,file_modified,alert_only,high,2026-09-18 01:48:35.352673+00,2026-09-18 01:51:58.96406+00
1da28975-d100-4aad-9aa0-4f16447c461b,/srv/fim-watch/gen_00125.txt,file_modified,alert_only,high,2026-09-18 01:48:35.452416+00,2026-09-18 01:51:58.981435+00
8ff1ce17-18cc-444f-9f52-47e151fce5a3,/srv/fim-watch/gen_00062.txt,file_modified,alert_only,high,2026-09-18 01:48:35.552693+00,2026-09-18 01:51:58.998725+00
de4420c9-b24f-4435-87f1-5c51d4e58bcf,/srv/fim-watch/critico/gen_00184.txt,file_modified,alert_only,critical,2026-09-18 01:48:35.652826+00,2026-09-18 01:51:59.015876+00
1f48dfa2-dd85-4c0f-b659-6d5047e7c93e,/srv/fim-watch/gen_00167.txt,file_modified,alert_only,high,2026-09-18 01:48:35.752539+00,2026-09-18 01:51:59.033174+00
4a8c7a26-c482-4abe-8e18-f970ed1ba9ce,/srv/fim-watch/gen_00221.txt,file_modified,alert_only,high,2026-09-18 01:48:35.852604+00,2026-09-18 01:51:59.050363+00
2d6ad03d-1b74-467b-b9ab-fcd0500a5a2c,/srv/fim-watch/critico/gen_00222.txt,file_created,alert_only,critical,2026-09-18 01:48:35.952298+00,2026-09-18 01:51:59.068006+00
5dbd5532-9daf-4bbe-9b2c-c2a0d1cc7871,/srv/fim-watch/gen_00108.txt,file_modified,alert_only,high,2026-09-18 01:48:36.052216+00,2026-09-18 01:51:59.085667+00
3561f337-c4c0-412d-8e93-4267b0e027ac,/srv/fim-watch/gen_00139.txt,file_modified,alert_only,high,2026-09-18 01:48:36.152454+00,2026-09-18 01:51:59.103083+00
119a21d5-f53b-453d-8a81-e84da3fd6d69,/srv/fim-watch/gen_00213.txt,file_modified,alert_only,high,2026-09-18 01:48:36.252596+00,2026-09-18 01:51:59.12045+00
1d03f5a0-ec2c-4a27-b492-fc0f6ae1f588,/srv/fim-watch/gen_00106.txt,file_modified,alert_only,high,2026-09-18 01:48:36.35258+00,2026-09-18 01:51:59.138396+00
4230b091-8a03-40c8-a40a-5f8bdd44c7f6,/srv/fim-watch/gen_00223.txt,file_created,alert_only,high,2026-09-18 01:48:36.452683+00,2026-09-18 01:51:59.153057+00
c26a8577-c7f6-46c9-ae4c-8331264005c7,/srv/fim-watch/gen_00224.txt,file_modified,alert_only,high,2026-09-18 01:48:36.552093+00,2026-09-18 01:51:59.177034+00
e9ae3d9a-96fe-434b-b2e5-a851c9369d05,/srv/fim-watch/gen_00224.txt,file_deleted,alert_only,high,2026-09-18 01:48:36.652698+00,2026-09-18 01:51:59.18333+00
2875e557-88d2-4bba-89d0-d2e8b8039ff1,/srv/fim-watch/critico/gen_00025.txt,file_modified,alert_only,critical,2026-09-18 01:48:36.752687+00,2026-09-18 01:51:59.200124+00
c346423f-2f37-4957-9042-f01a2eeed8e7,/srv/fim-watch/critico/gen_00025.txt,file_modified,alert_only,critical,2026-09-18 01:48:36.852602+00,2026-09-18 01:51:59.21533+00
afcd8a4d-b0c3-48ce-aeda-2fb9f80d60fc,/srv/fim-watch/gen_00225.txt,file_modified,alert_only,high,2026-09-18 01:48:36.95248+00,2026-09-18 01:51:59.231261+00
baaea067-1b14-4ca8-b5ff-209624f6cca7,/srv/fim-watch/critico/gen_00025.txt,file_modified,alert_only,critical,2026-09-18 01:48:37.052664+00,2026-09-18 01:51:59.247779+00
d52105e8-e02a-4351-a3ed-4aa2db3ff5ce,/srv/fim-watch/gen_00226.txt,file_modified,alert_only,high,2026-09-18 01:48:37.152474+00,2026-09-18 01:51:59.26322+00
1ea178c5-0164-44c5-9429-0ca56d8ff480,/srv/fim-watch/gen_00049.txt,file_modified,alert_only,high,2026-09-18 01:48:37.252597+00,2026-09-18 01:51:59.278608+00
744657b5-edf5-470a-bdf4-45a43f4c4474,/srv/fim-watch/gen_00203.txt,file_modified,alert_only,high,2026-09-18 01:48:37.352103+00,2026-09-18 01:51:59.29456+00
090ae025-9845-49b7-b945-4d3a06ba21fc,/srv/fim-watch/gen_00114.txt,file_modified,alert_only,high,2026-09-18 01:48:37.452624+00,2026-09-18 01:51:59.311891+00
991014e6-3bf6-4fe3-a396-3307744ec77a,/srv/fim-watch/gen_00114.txt,file_modified,alert_only,high,2026-09-18 01:48:37.552439+00,2026-09-18 01:51:59.32892+00
472b1b87-a785-4993-813e-563ccf4e2829,/srv/fim-watch/gen_00114.txt,file_modified,alert_only,high,2026-09-18 01:48:37.652562+00,2026-09-18 01:51:59.347018+00
2d439b15-ee02-45d2-9242-b4fed02347fe,/srv/fim-watch/gen_00114.txt,file_modified,alert_only,high,2026-09-18 01:48:37.752692+00,2026-09-18 01:51:59.365873+00
d0426a32-eac2-47fc-a937-bff8b3080dfe,/srv/fim-watch/gen_00114.txt,file_modified,alert_only,high,2026-09-18 01:48:37.852709+00,2026-09-18 01:51:59.384426+00
27a40c20-ecd0-4f44-ae5a-70707860bd03,/srv/fim-watch/critico/gen_00227.txt,file_modified,alert_only,critical,2026-09-18 01:48:37.952309+00,2026-09-18 01:51:59.402022+00
897400f2-4b91-423a-9eb0-3943b0bc9f79,/srv/fim-watch/critico/gen_00227.txt,file_deleted,alert_only,critical,2026-09-18 01:48:38.052564+00,2026-09-18 01:51:59.417847+00
ee146d0e-9834-4cb1-a826-b8f88b8b8d95,/srv/fim-watch/gen_00016.txt,file_modified,alert_only,high,2026-09-18 01:48:38.152677+00,2026-09-18 01:51:59.434164+00
0e97e5dd-1f91-476a-b0f9-10284609c89b,/srv/fim-watch/gen_00192.txt,file_modified,alert_only,high,2026-09-18 01:48:38.252331+00,2026-09-18 01:51:59.451815+00
15660fe3-4ff1-4388-8210-ce7aa2746449,/srv/fim-watch/gen_00228.txt,file_modified,alert_only,high,2026-09-18 01:48:38.352501+00,2026-09-18 01:51:59.46929+00
5095b123-030f-4d2a-803b-b0f6ef4f2a15,/srv/fim-watch/critico/gen_00123.txt,file_modified,alert_only,critical,2026-09-18 01:48:38.452148+00,2026-09-18 01:51:59.486746+00
6dce15ee-ff4b-4355-a53b-d2e4b4c4f18b,/srv/fim-watch/gen_00159.txt,file_modified,alert_only,high,2026-09-18 01:48:38.552649+00,2026-09-18 01:51:59.504168+00
606e6aca-c790-4464-a218-0c7b8dc89099,/srv/fim-watch/gen_00159.txt,file_modified,alert_only,high,2026-09-18 01:48:38.652616+00,2026-09-18 01:51:59.521565+00
35b4857e-fb9f-437c-80e5-9ee1fe3a6219,/srv/fim-watch/gen_00135.txt,file_modified,alert_only,high,2026-09-18 01:48:38.752417+00,2026-09-18 01:51:59.538763+00
5506a340-7006-47b5-a9e3-48b9e9bd2e91,/srv/fim-watch/gen_00229.txt,file_modified,alert_only,high,2026-09-18 01:48:38.852506+00,2026-09-18 01:51:59.556416+00
23543df5-a413-44ee-bb12-64378c19241e,/srv/fim-watch/critico/gen_00200.txt,file_modified,alert_only,critical,2026-09-18 01:48:38.952567+00,2026-09-18 01:51:59.573857+00
1153d84b-8c2c-4a2e-826f-f2d4512daf75,/srv/fim-watch/critico/gen_00200.txt,file_modified,alert_only,critical,2026-09-18 01:48:39.052526+00,2026-09-18 01:51:59.591045+00
7a614db0-bfed-4e10-b2be-67a50855e166,/srv/fim-watch/gen_00181.txt,file_deleted,alert_only,high,2026-09-18 01:48:39.152466+00,2026-09-18 01:51:59.608127+00
38ae28d2-fbbe-4192-84a8-831f40e8f3ec,/srv/fim-watch/gen_00167.txt,file_deleted,alert_only,high,2026-09-18 01:48:39.25245+00,2026-09-18 01:51:59.626401+00
27f347d2-4b89-4da7-8d32-f9525e2761af,/srv/fim-watch/gen_00062.txt,file_modified,alert_only,high,2026-09-18 01:48:39.352061+00,2026-09-18 01:51:59.643892+00
a36714e3-4efa-488a-a4d8-4e2405e354da,/srv/fim-watch/gen_00230.txt,file_modified,alert_only,high,2026-09-18 01:48:39.452608+00,2026-09-18 01:51:59.663109+00
b87a9c81-6365-4a1a-bb0d-1703edd7a255,/srv/fim-watch/gen_00062.txt,file_modified,alert_only,high,2026-09-18 01:48:39.555064+00,2026-09-18 01:51:59.677018+00
e52b6f5b-8a67-44af-9dce-66e6740fb171,/srv/fim-watch/gen_00042.txt,file_modified,alert_only,high,2026-09-18 01:48:39.653134+00,2026-09-18 01:51:59.690151+00
d6a362fe-a4c6-42c8-ba67-0260ebce630a,/srv/fim-watch/gen_00212.txt,file_modified,alert_only,high,2026-09-18 01:48:39.752071+00,2026-09-18 01:51:59.706543+00
f31a0730-c3c3-4993-9d5e-26f483f68129,/srv/fim-watch/gen_00212.txt,file_modified,alert_only,high,2026-09-18 01:48:39.853311+00,2026-09-18 01:51:59.721981+00
099b6e1f-ac23-4ddd-a52d-3150487ab8b4,/srv/fim-watch/gen_00231.txt,file_created,alert_only,high,2026-09-18 01:48:39.953066+00,2026-09-18 01:51:59.736764+00
78ab881d-d880-41f6-95ef-e7616ed607de,/srv/fim-watch/gen_00218.txt,file_deleted,alert_only,high,2026-09-18 01:48:40.055437+00,2026-09-18 01:51:59.749809+00
3621bda4-df85-4d0b-afca-e469aa8feda5,/srv/fim-watch/gen_00122.txt,file_modified,alert_only,high,2026-09-18 01:48:40.151789+00,2026-09-18 01:51:59.764967+00
438a0ca3-ee7e-4ac0-8034-70fe2e31f459,/srv/fim-watch/gen_00122.txt,file_modified,alert_only,high,2026-09-18 01:48:40.25219+00,2026-09-18 01:51:59.779291+00
5367df4b-6a27-463c-9eda-79a20a7d2e78,/srv/fim-watch/gen_00232.txt,file_created,alert_only,high,2026-09-18 01:48:40.353303+00,2026-09-18 01:51:59.792683+00
4fd732ab-0ec3-439e-87ef-175bd437f916,/srv/fim-watch/critico/gen_00233.txt,file_modified,alert_only,critical,2026-09-18 01:48:40.452252+00,2026-09-18 01:51:59.806954+00
bb6d32f0-d3a8-4dd6-a511-32e7174d689f,/srv/fim-watch/critico/gen_00233.txt,file_modified,alert_only,critical,2026-09-18 01:48:40.552542+00,2026-09-18 01:51:59.820757+00
58a0919a-61ca-495a-9ef7-152020b3a77a,/srv/fim-watch/gen_00068.txt,file_modified,alert_only,high,2026-09-18 01:48:40.652842+00,2026-09-18 01:51:59.837207+00
6fdd448e-b351-41bc-81c9-b8614706d547,/srv/fim-watch/gen_00234.txt,file_modified,alert_only,high,2026-09-18 01:48:40.753026+00,2026-09-18 01:51:59.851823+00
07fc4159-1689-4eec-acdf-83b093ae1105,/srv/fim-watch/gen_00117.txt,file_modified,alert_only,high,2026-09-18 01:48:40.852528+00,2026-09-18 01:51:59.866631+00
3967d247-f30d-4ef6-ac89-673a19c020c0,/srv/fim-watch/gen_00102.txt,file_modified,alert_only,high,2026-09-18 01:48:40.952835+00,2026-09-18 01:51:59.881666+00
c163a157-7224-4299-a98e-8c0fe2aca11d,/srv/fim-watch/gen_00108.txt,file_modified,alert_only,high,2026-09-18 01:48:41.05291+00,2026-09-18 01:51:59.897921+00
ab5d9303-68e5-4cbc-9ecc-0be49e66f980,/srv/fim-watch/gen_00235.txt,file_modified,alert_only,high,2026-09-18 01:48:41.152965+00,2026-09-18 01:51:59.912888+00
ebf254d7-ce2a-488b-b5be-35aa8e30c853,/srv/fim-watch/critico/gen_00236.txt,file_modified,alert_only,critical,2026-09-18 01:48:41.252663+00,2026-09-18 01:51:59.927998+00
e0e2ac03-bf22-446a-8055-c0a5b382cacf,/srv/fim-watch/critico/gen_00222.txt,file_modified,alert_only,critical,2026-09-18 01:48:41.35283+00,2026-09-18 01:51:59.942492+00
53b03e8f-5460-4d1a-8ab4-5cb68a802ca1,/srv/fim-watch/gen_00237.txt,file_modified,alert_only,high,2026-09-18 01:48:41.452651+00,2026-09-18 01:51:59.957874+00
c32e2610-b630-48e4-a318-56d8cad95fb3,/srv/fim-watch/gen_00238.txt,file_modified,alert_only,high,2026-09-18 01:48:41.552607+00,2026-09-18 01:51:59.983501+00
8c80aa3a-cb91-4b2c-9805-684944d4c067,/srv/fim-watch/gen_00195.txt,file_modified,alert_only,high,2026-09-18 01:48:41.652504+00,2026-09-18 01:51:59.989068+00
4f6760c1-e52c-42f0-bb33-a470612801fb,/srv/fim-watch/gen_00115.txt,file_modified,alert_only,high,2026-09-18 01:48:41.752534+00,2026-09-18 01:52:00.003907+00
325a724a-c35a-4d71-b7c8-fdf148567c4c,/srv/fim-watch/gen_00115.txt,file_modified,alert_only,high,2026-09-18 01:48:41.852128+00,2026-09-18 01:52:00.019992+00
cf8b3668-2287-40ab-be4a-12c4530e6e7f,/srv/fim-watch/gen_00115.txt,file_modified,alert_only,high,2026-09-18 01:48:41.952705+00,2026-09-18 01:52:00.036079+00
2ade2924-42e0-4f18-a1c0-057a6391021e,/srv/fim-watch/gen_00115.txt,file_modified,alert_only,high,2026-09-18 01:48:42.052777+00,2026-09-18 01:52:00.051903+00
448aa301-665d-4c41-b8f6-d0c903af65e0,/srv/fim-watch/gen_00115.txt,file_modified,alert_only,high,2026-09-18 01:48:42.152842+00,2026-09-18 01:52:00.067928+00
c0f7fc19-1506-481f-9103-ede5e7ebf82f,/srv/fim-watch/gen_00079.txt,file_modified,alert_only,high,2026-09-18 01:48:42.253028+00,2026-09-18 01:52:00.083864+00
e02d560f-444a-4f3d-a608-00a13ffe9b3b,/srv/fim-watch/gen_00057.txt,file_modified,alert_only,high,2026-09-18 01:48:42.353258+00,2026-09-18 01:52:00.095728+00
528d807e-db03-48bd-b75d-7d4bcdb8eb45,/srv/fim-watch/gen_00194.txt,file_modified,alert_only,high,2026-09-18 01:48:42.452544+00,2026-09-18 01:52:00.108459+00
a48bbd47-8965-4917-ab1b-d1c41cc299eb,/srv/fim-watch/gen_00239.txt,file_modified,alert_only,high,2026-09-18 01:48:42.552151+00,2026-09-18 01:52:00.121259+00
274abb8a-800e-48a7-8eb2-1f36239d36a6,/srv/fim-watch/gen_00240.txt,file_modified,alert_only,high,2026-09-18 01:48:42.652582+00,2026-09-18 01:52:00.13562+00
698520e5-474e-4a76-a546-24774f4832dd,/srv/fim-watch/gen_00185.txt,file_deleted,alert_only,high,2026-09-18 01:48:42.752206+00,2026-09-18 01:52:00.149086+00
6a4ce2eb-e3bd-490f-96b9-7a9719330f6c,/srv/fim-watch/gen_00203.txt,file_modified,alert_only,high,2026-09-18 01:48:42.852564+00,2026-09-18 01:52:00.161791+00
8457055e-ac7c-4ac5-a762-42a02f7a1513,/srv/fim-watch/gen_00231.txt,file_modified,alert_only,high,2026-09-18 01:48:42.953032+00,2026-09-18 01:52:00.174118+00
f3573b78-6660-4edf-9256-d729a7eb857e,/srv/fim-watch/gen_00217.txt,file_modified,alert_only,high,2026-09-18 01:48:43.052656+00,2026-09-18 01:52:00.189392+00
75ece0c9-2557-4887-852a-d23201ee601f,/srv/fim-watch/gen_00049.txt,file_modified,alert_only,high,2026-09-18 01:48:43.152875+00,2026-09-18 01:52:00.206542+00
2b83cf53-8cdf-4d93-94f9-96c03df1cd8e,/srv/fim-watch/gen_00240.txt,file_modified,alert_only,high,2026-09-18 01:48:43.252456+00,2026-09-18 01:52:00.223059+00
a591af00-ab22-4e16-87d2-b45867bf5eab,/srv/fim-watch/gen_00078.txt,file_modified,alert_only,high,2026-09-18 01:48:43.352708+00,2026-09-18 01:52:00.239862+00
03722bbc-f921-49bb-b4ca-f85af42fe0f2,/srv/fim-watch/gen_00146.txt,file_deleted,alert_only,high,2026-09-18 01:48:43.452377+00,2026-09-18 01:52:00.256119+00
119e831e-7698-40fb-aecd-6072e179a775,/srv/fim-watch/gen_00104.txt,file_modified,alert_only,high,2026-09-18 01:48:43.552756+00,2026-09-18 01:52:00.271803+00
002cc313-a767-42e3-9fb5-090f7de04333,/srv/fim-watch/critico/gen_00037.txt,file_deleted,alert_only,critical,2026-09-18 01:48:43.652555+00,2026-09-18 01:52:00.288078+00
95b4c36e-93ed-49e3-b7dd-292daeccce24,/srv/fim-watch/gen_00155.txt,file_deleted,alert_only,high,2026-09-18 01:48:43.752401+00,2026-09-18 01:52:00.303624+00
b8eda113-d377-4279-954a-34018dc2d16e,/srv/fim-watch/gen_00241.txt,file_modified,alert_only,high,2026-09-18 01:48:43.852481+00,2026-09-18 01:52:00.31855+00
566bf5de-5d8c-4db2-aba3-b7f0f0593c6d,/srv/fim-watch/gen_00219.txt,file_modified,alert_only,high,2026-09-18 01:48:43.952699+00,2026-09-18 01:52:00.334663+00
997482d6-d62e-4ee0-9f3d-33a9d071c00d,/srv/fim-watch/critico/gen_00222.txt,file_modified,alert_only,critical,2026-09-18 01:48:44.053137+00,2026-09-18 01:52:00.350135+00
081a1654-31d3-4290-b085-f261a2461d24,/srv/fim-watch/gen_00088.txt,file_modified,alert_only,high,2026-09-18 01:48:44.152764+00,2026-09-18 01:52:00.366427+00
92f543f0-4938-4618-8a94-10528d0f1a6f,/srv/fim-watch/critico/gen_00025.txt,file_deleted,alert_only,critical,2026-09-18 01:48:44.252775+00,2026-09-18 01:52:00.382524+00
bc939382-49ab-4f69-b81c-b58e8b8ac336,/srv/fim-watch/gen_00229.txt,file_deleted,alert_only,high,2026-09-18 01:48:44.35239+00,2026-09-18 01:52:00.398366+00
4e0ebb2a-fe8a-46ab-a3d0-2db48b828149,/srv/fim-watch/gen_00217.txt,file_deleted,alert_only,high,2026-09-18 01:48:44.452515+00,2026-09-18 01:52:00.414085+00
5750a6ab-99e8-4364-b5d0-6712bf606191,/srv/fim-watch/critico/gen_00242.txt,file_modified,alert_only,critical,2026-09-18 01:48:44.552574+00,2026-09-18 01:52:00.430484+00
5cac1eec-e37d-4d96-99d7-76e3c3346b49,/srv/fim-watch/gen_00243.txt,file_modified,alert_only,high,2026-09-18 01:48:44.652734+00,2026-09-18 01:52:00.446561+00
6c075007-44f1-4356-ba2a-9dbaf942a6ca,/srv/fim-watch/gen_00089.txt,file_modified,alert_only,high,2026-09-18 01:48:44.752611+00,2026-09-18 01:52:00.462929+00
cef84392-b56c-4683-8a5a-f71d5b786465,/srv/fim-watch/gen_00244.txt,file_modified,alert_only,high,2026-09-18 01:48:44.852586+00,2026-09-18 01:52:00.479554+00
5cbb1005-d677-4f97-b7ff-05f1d64d806d,/srv/fim-watch/gen_00244.txt,file_deleted,alert_only,high,2026-09-18 01:48:44.952661+00,2026-09-18 01:52:00.494947+00
8a49cfb6-d771-4e1e-85f2-9459c7339a93,/srv/fim-watch/critico/gen_00191.txt,file_modified,alert_only,critical,2026-09-18 01:48:45.052469+00,2026-09-18 01:52:00.511345+00
d97feb6b-f402-4442-9d19-7429b0ad3dc6,/srv/fim-watch/gen_00203.txt,file_modified,alert_only,high,2026-09-18 01:48:45.153606+00,2026-09-18 01:52:00.5294+00
7cb24882-9ef9-4ede-a60a-8fdf29f9cd75,/srv/fim-watch/gen_00203.txt,file_modified,alert_only,high,2026-09-18 01:48:45.252048+00,2026-09-18 01:52:00.546059+00
ea7d1aa9-7fdb-41c2-bb69-e2c316a6a18e,/srv/fim-watch/gen_00088.txt,file_modified,alert_only,high,2026-09-18 01:48:45.351959+00,2026-09-18 01:52:00.562781+00
67d0ceb2-ed02-4759-9879-78f72c7f2345,/srv/fim-watch/gen_00245.txt,file_modified,alert_only,high,2026-09-18 01:48:45.452506+00,2026-09-18 01:52:00.579467+00
71ea3e47-dc18-404a-9489-63759b4a1dd1,/srv/fim-watch/critico/gen_00156.txt,file_modified,alert_only,critical,2026-09-18 01:48:45.552652+00,2026-09-18 01:52:00.596139+00
4ed3ac3b-b7bb-4f57-ae8d-f97d1a48b51a,/srv/fim-watch/gen_00198.txt,file_modified,alert_only,high,2026-09-18 01:48:45.652489+00,2026-09-18 01:52:00.611468+00
cc3da0a7-2b0b-4384-af5a-67d2918b766a,/srv/fim-watch/gen_00246.txt,file_modified,alert_only,high,2026-09-18 01:48:45.752153+00,2026-09-18 01:52:00.627073+00
7bf7661b-e88d-4997-9c58-3ef3fcf6542c,/srv/fim-watch/critico/gen_00200.txt,file_modified,alert_only,critical,2026-09-18 01:48:45.852474+00,2026-09-18 01:52:00.643193+00
4825581e-195c-4c44-b726-5c816ea16998,/srv/fim-watch/gen_00219.txt,file_modified,alert_only,high,2026-09-18 01:48:45.952532+00,2026-09-18 01:52:00.659666+00
8738248a-c02e-4bc1-a32d-4e32bff8417f,/srv/fim-watch/gen_00174.txt,file_modified,alert_only,high,2026-09-18 01:48:46.052549+00,2026-09-18 01:52:00.676349+00
3d550e01-905d-4534-8db1-bdeee757ba3a,/srv/fim-watch/critico/gen_00209.txt,file_modified,alert_only,critical,2026-09-18 01:48:46.152719+00,2026-09-18 01:52:00.693379+00
5056875d-c12a-458a-9dcc-9d59b87bc084,/srv/fim-watch/gen_00057.txt,file_modified,alert_only,high,2026-09-18 01:48:46.252975+00,2026-09-18 01:52:00.710749+00
aec7fbae-dbce-4e22-9bc3-8b0881d560d7,/srv/fim-watch/gen_00161.txt,file_modified,alert_only,high,2026-09-18 01:48:46.352909+00,2026-09-18 01:52:00.726699+00
6b264fb1-6007-42d4-ba65-c231d9fe9412,/srv/fim-watch/gen_00237.txt,file_deleted,alert_only,high,2026-09-18 01:48:46.452289+00,2026-09-18 01:52:00.744443+00
80a8cad3-4f51-4e33-8bb9-cd0b965e4c4e,/srv/fim-watch/critico/gen_00242.txt,file_modified,alert_only,critical,2026-09-18 01:48:46.55278+00,2026-09-18 01:52:00.772331+00
166a852e-63d9-485c-ba97-18e0b811a9ca,/srv/fim-watch/gen_00247.txt,file_modified,alert_only,high,2026-09-18 01:48:46.652248+00,2026-09-18 01:52:00.779546+00
77d56c92-f126-4a21-9a1f-ed5602e0c89c,/srv/fim-watch/gen_00006.txt,file_modified,alert_only,high,2026-09-18 01:48:46.752424+00,2026-09-18 01:52:00.79786+00
e5429ae5-9828-4c10-b8d6-2864d77adde0,/srv/fim-watch/gen_00114.txt,file_modified,alert_only,high,2026-09-18 01:48:46.852606+00,2026-09-18 01:52:00.813735+00
5cca24fc-e29d-49ab-b0de-bf3a0af255b7,/srv/fim-watch/gen_00128.txt,file_modified,alert_only,high,2026-09-18 01:48:46.953004+00,2026-09-18 01:52:00.832281+00
75e0cf09-3e0b-4e1e-bc1d-4d8bae9f6016,/srv/fim-watch/gen_00128.txt,file_modified,alert_only,high,2026-09-18 01:48:47.053041+00,2026-09-18 01:52:00.85011+00
3cd043b7-8df5-436c-9950-bb70c12e957e,/srv/fim-watch/gen_00128.txt,file_modified,alert_only,high,2026-09-18 01:48:47.152911+00,2026-09-18 01:52:00.868725+00
31d63698-4370-4b7d-9fbd-a396486d2afb,/srv/fim-watch/gen_00128.txt,file_modified,alert_only,high,2026-09-18 01:48:47.253467+00,2026-09-18 01:52:00.887981+00
a836139b-e134-437b-9bd3-ba4adf2263a2,/srv/fim-watch/gen_00128.txt,file_modified,alert_only,high,2026-09-18 01:48:47.352785+00,2026-09-18 01:52:00.904609+00
f183d83d-9f56-4ab7-898a-7b98b168c4e7,/srv/fim-watch/gen_00162.txt,file_modified,alert_only,high,2026-09-18 01:48:47.452773+00,2026-09-18 01:52:00.919707+00
8bccfef6-9102-4ecf-ace0-a8c7ba0642c8,/srv/fim-watch/critico/gen_00248.txt,file_modified,alert_only,critical,2026-09-18 01:48:47.552978+00,2026-09-18 01:52:00.936962+00
e53e1ef3-b0f0-4a54-8b71-26e462d9fdc0,/srv/fim-watch/gen_00249.txt,file_modified,alert_only,high,2026-09-18 01:48:47.653152+00,2026-09-18 01:52:00.953741+00
64ddbb2c-8963-4232-8055-30283502b966,/srv/fim-watch/critico/gen_00236.txt,file_modified,alert_only,critical,2026-09-18 01:48:47.752819+00,2026-09-18 01:52:00.970383+00
12aedabe-4b90-43f7-88a0-12ca22f16937,/srv/fim-watch/gen_00093.txt,file_modified,alert_only,high,2026-09-18 01:48:47.852699+00,2026-09-18 01:52:00.986291+00
8ebc3961-1425-4e57-8f99-8ef66f0b2650,/srv/fim-watch/critico/gen_00222.txt,file_modified,alert_only,critical,2026-09-18 01:48:47.952642+00,2026-09-18 01:52:01.00256+00
20cadd1e-7e84-45b3-bbe3-7a2c321f9e16,/srv/fim-watch/gen_00239.txt,file_deleted,alert_only,high,2026-09-18 01:48:48.052056+00,2026-09-18 01:52:01.019647+00
789ed888-c1bf-4da8-a92a-3a264aa8582e,/srv/fim-watch/gen_00128.txt,file_modified,alert_only,high,2026-09-18 01:48:48.153003+00,2026-09-18 01:52:01.036453+00
e462918c-bdb0-4232-a849-f9e472e0345f,/srv/fim-watch/gen_00235.txt,file_modified,alert_only,high,2026-09-18 01:48:48.253031+00,2026-09-18 01:52:01.052712+00
79e0d062-7747-41ec-9639-87151b89e9d3,/srv/fim-watch/gen_00074.txt,file_deleted,alert_only,high,2026-09-18 01:48:48.352561+00,2026-09-18 01:52:01.071743+00
3460ac41-4fc3-4288-8fd0-355cfc3c7ac5,/srv/fim-watch/gen_00159.txt,file_deleted,alert_only,high,2026-09-18 01:48:48.452395+00,2026-09-18 01:52:01.088746+00
0df81e28-05e4-4661-b31c-724843459dcb,/srv/fim-watch/gen_00250.txt,file_created,alert_only,high,2026-09-18 01:48:48.552731+00,2026-09-18 01:52:01.105088+00
53979769-7fb8-439a-83cd-dc62cc2c228f,/srv/fim-watch/gen_00068.txt,file_deleted,alert_only,high,2026-09-18 01:48:48.652457+00,2026-09-18 01:52:01.121988+00
c061a25d-5f1b-41f7-bf6a-db2152b0b968,/srv/fim-watch/critico/gen_00189.txt,file_modified,alert_only,critical,2026-09-18 01:48:48.752514+00,2026-09-18 01:52:01.138631+00
03a5997b-a560-42a8-8fec-7d3b9c8d1ab4,/srv/fim-watch/critico/gen_00189.txt,file_modified,alert_only,critical,2026-09-18 01:48:48.853175+00,2026-09-18 01:52:01.155042+00
1f1bf44f-4391-4894-a673-4e7102a35e02,/srv/fim-watch/gen_00234.txt,file_modified,alert_only,high,2026-09-18 01:48:48.952744+00,2026-09-18 01:52:01.171998+00
4c38e664-5f5d-4d63-9749-44c52cdf41bf,/srv/fim-watch/gen_00214.txt,file_modified,alert_only,high,2026-09-18 01:48:49.052631+00,2026-09-18 01:52:01.187849+00
981f1d78-5570-4c84-8555-2516d08b0a33,/srv/fim-watch/gen_00163.txt,file_modified,alert_only,high,2026-09-18 01:48:49.152836+00,2026-09-18 01:52:01.204766+00
0c996136-a476-482f-8f1b-f386eb1d1744,/srv/fim-watch/gen_00231.txt,file_modified,alert_only,high,2026-09-18 01:48:49.353378+00,2026-09-18 01:52:01.221124+00
69ede952-f0a1-4d6e-a6a4-14ea95654e89,/srv/fim-watch/gen_00252.txt,file_modified,alert_only,high,2026-09-18 01:48:49.452005+00,2026-09-18 01:52:01.23821+00
cce1be30-dfd4-4971-8e73-7c4c1a6cceee,/srv/fim-watch/critico/gen_00233.txt,file_modified,alert_only,critical,2026-09-18 01:48:49.552975+00,2026-09-18 01:52:01.25512+00
ddc681cc-24ac-444c-a423-6d6d9a0b18c2,/srv/fim-watch/critico/gen_00253.txt,file_modified,alert_only,critical,2026-09-18 01:48:49.653064+00,2026-09-18 01:52:01.271315+00
0c20db8a-f915-4c99-9ef0-801d1d60380c,/srv/fim-watch/gen_00221.txt,file_modified,alert_only,high,2026-09-18 01:48:49.752057+00,2026-09-18 01:52:01.287866+00
c56a45d5-1b66-4490-a823-5d6294dcc909,/srv/fim-watch/gen_00254.txt,file_modified,alert_only,high,2026-09-18 01:48:49.85316+00,2026-09-18 01:52:01.30475+00
855f6941-ccd2-4d24-b031-d2efaa80c59a,/srv/fim-watch/gen_00255.txt,file_modified,alert_only,high,2026-09-18 01:48:49.952617+00,2026-09-18 01:52:01.321451+00
613831c8-37a5-4965-b1f5-37ded95d3c7c,/srv/fim-watch/gen_00256.txt,file_modified,alert_only,high,2026-09-18 01:48:50.052995+00,2026-09-18 01:52:01.338283+00
00be52cb-1f54-4aaf-a65c-7fab3fa10499,/srv/fim-watch/gen_00187.txt,file_modified,alert_only,high,2026-09-18 01:48:50.152966+00,2026-09-18 01:52:01.355143+00
45a72eea-c1b5-49ac-a11e-85f445efe308,/srv/fim-watch/gen_00187.txt,file_modified,alert_only,high,2026-09-18 01:48:50.252691+00,2026-09-18 01:52:01.371244+00
207c0763-26e5-49e6-aaab-c10b3910e658,/srv/fim-watch/gen_00064.txt,file_modified,alert_only,high,2026-09-18 01:48:50.352411+00,2026-09-18 01:52:01.387727+00
8c8cfabb-9473-4bf2-afe1-b2ee8672ae77,/srv/fim-watch/gen_00257.txt,file_created,alert_only,high,2026-09-18 01:48:50.452179+00,2026-09-18 01:52:01.40443+00
356379c6-1fe6-415c-8567-a9579be55ddc,/srv/fim-watch/gen_00258.txt,file_modified,alert_only,high,2026-09-18 01:48:50.552094+00,2026-09-18 01:52:01.420564+00
8be197ef-ac25-41dd-88b6-0a95e156d1cc,/srv/fim-watch/gen_00258.txt,file_deleted,alert_only,high,2026-09-18 01:48:50.652592+00,2026-09-18 01:52:01.437068+00
f23779ed-1b8a-467a-9152-842811bf070d,/srv/fim-watch/gen_00259.txt,file_modified,alert_only,high,2026-09-18 01:48:50.754132+00,2026-09-18 01:52:01.453769+00
13c2b485-cd84-4e7a-b88f-ec9dd211c989,/srv/fim-watch/gen_00006.txt,file_modified,alert_only,high,2026-09-18 01:48:50.852669+00,2026-09-18 01:52:01.470414+00
7eeba85f-9547-4f9c-a504-a94d44633bca,/srv/fim-watch/gen_00108.txt,file_modified,alert_only,high,2026-09-18 01:48:50.952142+00,2026-09-18 01:52:01.486897+00
f01c4c94-41db-4af5-8759-7549e412631c,/srv/fim-watch/gen_00256.txt,file_modified,alert_only,high,2026-09-18 01:48:51.053068+00,2026-09-18 01:52:01.503939+00
91b0859e-00ee-4d99-bda7-92420e0094a4,/srv/fim-watch/gen_00260.txt,file_created,alert_only,high,2026-09-18 01:48:51.152716+00,2026-09-18 01:52:01.520108+00
31e5138e-8e16-40cb-980e-5633ed2393ca,/srv/fim-watch/gen_00175.txt,file_modified,alert_only,high,2026-09-18 01:48:51.252643+00,2026-09-18 01:52:01.53665+00
2b9bd01a-2b05-4129-ad88-9b59debb0122,/srv/fim-watch/gen_00261.txt,file_modified,alert_only,high,2026-09-18 01:48:51.352289+00,2026-09-18 01:52:01.552824+00
dab97e6e-0184-4cc5-8c2e-18aaa3a35dca,/srv/fim-watch/gen_00263.txt,file_modified,alert_only,high,2026-09-18 01:48:51.552612+00,2026-09-18 01:52:01.567591+00
b2b6d1b7-d5c4-4e71-8b1e-29e8673e1360,/srv/fim-watch/gen_00264.txt,file_modified,alert_only,high,2026-09-18 01:48:51.652563+00,2026-09-18 01:52:01.583107+00
794efa99-6e63-437e-807c-9c9609a61fee,/srv/fim-watch/gen_00050.txt,file_modified,alert_only,high,2026-09-18 01:48:51.752103+00,2026-09-18 01:52:01.609433+00
2e802dcc-ae7e-4280-b006-42b8584d930c,/srv/fim-watch/gen_00084.txt,file_modified,alert_only,high,2026-09-18 01:48:51.852581+00,2026-09-18 01:52:01.616208+00
6f373019-2929-46fd-ad62-b234acff9720,/srv/fim-watch/gen_00265.txt,file_modified,alert_only,high,2026-09-18 01:48:51.952346+00,2026-09-18 01:52:01.633431+00
c579907f-c820-4a01-a32f-38e2435273db,/srv/fim-watch/gen_00266.txt,file_modified,alert_only,high,2026-09-18 01:48:52.052546+00,2026-09-18 01:52:01.650098+00
ef9efe62-6d96-416e-b973-845236ef9218,/srv/fim-watch/critico/gen_00053.txt,file_modified,alert_only,critical,2026-09-18 01:48:52.152518+00,2026-09-18 01:52:01.666782+00
7fe25377-e646-4ceb-bd5a-b69899f10831,/srv/fim-watch/gen_00006.txt,file_modified,alert_only,high,2026-09-18 01:48:52.252755+00,2026-09-18 01:52:01.683193+00
a24a40b9-8fa7-4c14-9735-25891b0e2507,/srv/fim-watch/critico/gen_00209.txt,file_modified,alert_only,critical,2026-09-18 01:48:52.352632+00,2026-09-18 01:52:01.698888+00
09b1809c-f6ae-4180-a3aa-531ab6fc209d,/srv/fim-watch/critico/gen_00156.txt,file_modified,alert_only,critical,2026-09-18 01:48:52.452605+00,2026-09-18 01:52:01.714979+00
72866404-b28e-4cee-b4ee-459a5c3b84a1,/srv/fim-watch/gen_00267.txt,file_modified,alert_only,high,2026-09-18 01:48:52.552442+00,2026-09-18 01:52:01.731459+00
847425a5-2345-4107-891a-e5e1f8fe68d3,/srv/fim-watch/gen_00195.txt,file_modified,alert_only,high,2026-09-18 01:48:52.65243+00,2026-09-18 01:52:01.748596+00
177988a7-cb7e-424c-85e8-6d19a94086b0,/srv/fim-watch/gen_00254.txt,file_modified,alert_only,high,2026-09-18 01:48:52.752452+00,2026-09-18 01:52:01.764946+00
6014dc1d-2a22-42d3-a749-42bfcf87576b,/srv/fim-watch/gen_00269.txt,file_modified,alert_only,high,2026-09-18 01:48:52.952935+00,2026-09-18 01:52:01.781149+00
b0cbdf8c-6075-4c6c-a818-1010fcef36c2,/srv/fim-watch/gen_00270.txt,file_modified,alert_only,high,2026-09-18 01:48:53.052626+00,2026-09-18 01:52:01.798682+00
5e780acb-4dfc-45b2-84e6-9d605b8be99d,/srv/fim-watch/gen_00270.txt,file_deleted,alert_only,high,2026-09-18 01:48:53.152783+00,2026-09-18 01:52:01.814835+00
b769766d-4573-48f4-9424-2c4698e4fbd8,/srv/fim-watch/gen_00175.txt,file_modified,alert_only,high,2026-09-18 01:48:53.252614+00,2026-09-18 01:52:01.830429+00
f2fa70bc-a043-42cd-ac1b-0e3a79063b8d,/srv/fim-watch/gen_00175.txt,file_modified,alert_only,high,2026-09-18 01:48:53.353005+00,2026-09-18 01:52:01.846299+00
1b1993ba-a7c3-4550-b21a-94a3bc89cb4a,/srv/fim-watch/gen_00271.txt,file_modified,alert_only,high,2026-09-18 01:48:53.452752+00,2026-09-18 01:52:01.862655+00
1a844e88-c6c7-42e5-8283-a7ef03ad4174,/srv/fim-watch/gen_00033.txt,file_modified,alert_only,high,2026-09-18 01:48:53.552782+00,2026-09-18 01:52:01.881065+00
ee796bf1-c81f-45c9-80d3-295b9f9fc710,/srv/fim-watch/critico/gen_00272.txt,file_modified,alert_only,critical,2026-09-18 01:48:53.652599+00,2026-09-18 01:52:01.896396+00
1617d923-960b-428e-970b-16a3c01d691d,/srv/fim-watch/gen_00058.txt,file_deleted,alert_only,high,2026-09-18 01:48:53.752656+00,2026-09-18 01:52:01.912182+00
7bbed5db-0049-46b7-b556-fb206d438b6c,/srv/fim-watch/critico/gen_00169.txt,file_modified,alert_only,critical,2026-09-18 01:48:53.853042+00,2026-09-18 01:52:01.927444+00
a1fe3f94-358e-4bee-8ed0-227419915a8b,/srv/fim-watch/gen_00267.txt,file_modified,alert_only,high,2026-09-18 01:48:53.953182+00,2026-09-18 01:52:01.94334+00
539b49c8-477c-4333-bcc9-04d964e7712f,/srv/fim-watch/gen_00267.txt,file_modified,alert_only,high,2026-09-18 01:48:54.0531+00,2026-09-18 01:52:01.957498+00
f80c2d2f-5029-421f-80ea-0361ae9e4aab,/srv/fim-watch/gen_00267.txt,file_modified,alert_only,high,2026-09-18 01:48:54.153181+00,2026-09-18 01:52:01.971446+00
8699509c-2125-48ea-a110-5bcb0602311e,/srv/fim-watch/gen_00267.txt,file_modified,alert_only,high,2026-09-18 01:48:54.253092+00,2026-09-18 01:52:01.98496+00
7e30c2c4-3e71-4efe-8982-a3d9bfaf7620,/srv/fim-watch/gen_00267.txt,file_modified,alert_only,high,2026-09-18 01:48:54.352972+00,2026-09-18 01:52:02.000144+00
f2882e43-b133-444a-a9f2-e5353fc80abe,/srv/fim-watch/gen_00036.txt,file_modified,alert_only,high,2026-09-18 01:48:54.452652+00,2026-09-18 01:52:02.015439+00
db2a38dc-cae5-4718-8de3-9d509d1efd79,/srv/fim-watch/gen_00065.txt,file_deleted,alert_only,high,2026-09-18 01:48:54.55244+00,2026-09-18 01:52:02.033404+00
a8510cc3-0fb7-4401-815c-cd330576b8e0,/srv/fim-watch/gen_00273.txt,file_modified,alert_only,high,2026-09-18 01:48:54.652919+00,2026-09-18 01:52:02.048282+00
a6a3b545-730b-448b-b944-b70dbbc8ad74,/srv/fim-watch/critico/gen_00236.txt,file_modified,alert_only,critical,2026-09-18 01:48:54.75254+00,2026-09-18 01:52:02.063557+00
87df8868-64b9-4e4f-abe1-91f6388d89a6,/srv/fim-watch/critico/gen_00236.txt,file_modified,alert_only,critical,2026-09-18 01:48:54.853006+00,2026-09-18 01:52:02.077925+00
565c0260-6433-4eab-a632-fdeb1d952e7e,/srv/fim-watch/gen_00245.txt,file_deleted,alert_only,high,2026-09-18 01:48:54.952482+00,2026-09-18 01:52:02.090654+00
acbf1b5b-5709-4506-b194-1c5cb976a8d5,/srv/fim-watch/gen_00268.txt,file_modified,alert_only,high,2026-09-18 01:48:55.052398+00,2026-09-18 01:52:02.103035+00
3e6cb459-f525-46e9-9d7c-ccd973d7f067,/srv/fim-watch/gen_00274.txt,file_created,alert_only,high,2026-09-18 01:48:55.252609+00,2026-09-18 01:52:02.117833+00
cc07f763-f29d-4b10-be6e-0f8c9f5e6792,/srv/fim-watch/gen_00134.txt,file_modified,alert_only,high,2026-09-18 01:48:55.352181+00,2026-09-18 01:52:02.133013+00
b104b995-15cd-4608-89bd-5632f550ab10,/srv/fim-watch/gen_00266.txt,file_modified,alert_only,high,2026-09-18 01:48:55.452735+00,2026-09-18 01:52:02.149873+00
f93ecc92-6c11-4251-a431-70b249056bb1,/srv/fim-watch/gen_00088.txt,file_modified,alert_only,high,2026-09-18 01:48:55.552068+00,2026-09-18 01:52:02.166865+00
4d877021-4393-4f83-963e-f7b159a2a23f,/srv/fim-watch/gen_00088.txt,file_modified,alert_only,high,2026-09-18 01:48:55.652633+00,2026-09-18 01:52:02.183442+00
8b4089ae-64c5-44c2-a6ee-529c8aa9f652,/srv/fim-watch/gen_00129.txt,file_modified,alert_only,high,2026-09-18 01:48:55.752677+00,2026-09-18 01:52:02.200509+00
fdeb5b27-9ad4-4731-8dac-15ce6444f308,/srv/fim-watch/gen_00084.txt,file_modified,alert_only,high,2026-09-18 01:48:55.852382+00,2026-09-18 01:52:02.217753+00
d358f185-bf34-4fae-9622-09e59baae9f0,/srv/fim-watch/gen_00256.txt,file_modified,alert_only,high,2026-09-18 01:48:55.952641+00,2026-09-18 01:52:02.234766+00
eca94541-ff56-4e37-928b-9ae4eb2ec874,/srv/fim-watch/gen_00093.txt,file_deleted,alert_only,high,2026-09-18 01:48:56.052891+00,2026-09-18 01:52:02.250985+00
5d3f1b14-9af3-4f41-93ec-4bc6c67061e9,/srv/fim-watch/gen_00067.txt,file_deleted,alert_only,high,2026-09-18 01:48:56.152675+00,2026-09-18 01:52:02.267724+00
9b1d8a7f-5f9c-4d43-a944-fb4c11b44dcc,/srv/fim-watch/gen_00275.txt,file_modified,alert_only,high,2026-09-18 01:48:56.253005+00,2026-09-18 01:52:02.284758+00
81f73df3-a06a-4a39-b36a-cb2d85f96013,/srv/fim-watch/critico/gen_00202.txt,file_deleted,alert_only,critical,2026-09-18 01:48:56.353042+00,2026-09-18 01:52:02.302062+00
ab6b87e6-4359-49da-8332-ec980294feff,/srv/fim-watch/gen_00267.txt,file_modified,alert_only,high,2026-09-18 01:48:56.452662+00,2026-09-18 01:52:02.319022+00
29cc906b-183e-4d66-83ec-e6f83524b450,/srv/fim-watch/gen_00267.txt,file_modified,alert_only,high,2026-09-18 01:48:56.552817+00,2026-09-18 01:52:02.335203+00
7717c24b-2af0-4761-8acc-7a013451ad82,/srv/fim-watch/gen_00267.txt,file_modified,alert_only,high,2026-09-18 01:48:56.65269+00,2026-09-18 01:52:02.350789+00
c2582950-0959-4efa-997c-b417cdf5d96a,/srv/fim-watch/gen_00267.txt,file_modified,alert_only,high,2026-09-18 01:48:56.752951+00,2026-09-18 01:52:02.369403+00
9848c1d9-f9e4-4a64-b341-56cf97dca577,/srv/fim-watch/gen_00267.txt,file_modified,alert_only,high,2026-09-18 01:48:56.852799+00,2026-09-18 01:52:02.387281+00
a9bdab2f-04b7-4a56-99de-13ee7de90c42,/srv/fim-watch/gen_00160.txt,file_modified,alert_only,high,2026-09-18 01:48:56.952163+00,2026-09-18 01:52:02.415363+00
1363a023-7a00-487a-aee2-7db880722319,/srv/fim-watch/gen_00098.txt,file_modified,alert_only,high,2026-09-18 01:48:57.052324+00,2026-09-18 01:52:02.423257+00
ebd7ab49-859a-49de-a3cb-bfbcbc65948a,/srv/fim-watch/critico/gen_00153.txt,file_modified,alert_only,critical,2026-09-18 01:48:57.152819+00,2026-09-18 01:52:02.439497+00
7cbe47cf-14e4-4b2b-8bd7-257bc1f45cf7,/srv/fim-watch/gen_00177.txt,file_modified,alert_only,high,2026-09-18 01:48:57.252785+00,2026-09-18 01:52:02.452648+00
89237635-719d-4854-84c4-d5660a83739d,/srv/fim-watch/critico/gen_00276.txt,file_modified,alert_only,critical,2026-09-18 01:48:57.352993+00,2026-09-18 01:52:02.467907+00
37bb2995-761c-4490-9f4b-3bc4c699bae4,/srv/fim-watch/critico/gen_00173.txt,file_modified,alert_only,critical,2026-09-18 01:48:57.452826+00,2026-09-18 01:52:02.481466+00
5aa77b58-b3dd-4aae-9a6e-00c9a02a71fb,/srv/fim-watch/critico/gen_00233.txt,file_deleted,alert_only,critical,2026-09-18 01:48:57.552923+00,2026-09-18 01:52:02.494739+00
607f1ef1-6497-4d8b-8d58-62a4c3cefe06,/srv/fim-watch/gen_00105.txt,file_modified,alert_only,high,2026-09-18 01:48:57.653224+00,2026-09-18 01:52:02.510785+00
8056257a-3d23-4ae6-88c3-3ccb5cb69b2c,/srv/fim-watch/gen_00230.txt,file_modified,alert_only,high,2026-09-18 01:48:57.752961+00,2026-09-18 01:52:02.527325+00
2070c4b0-f066-4b82-8585-aa943aa0a309,/srv/fim-watch/gen_00117.txt,file_modified,alert_only,high,2026-09-18 01:48:57.852636+00,2026-09-18 01:52:02.543515+00
ecd63d14-c718-40de-b705-ff8babe2186e,/srv/fim-watch/gen_00277.txt,file_modified,alert_only,high,2026-09-18 01:48:57.952574+00,2026-09-18 01:52:02.560606+00
7d30d8c1-12a1-4f7d-9af4-e467459d1ff6,/srv/fim-watch/gen_00136.txt,file_modified,alert_only,high,2026-09-18 01:48:58.052741+00,2026-09-18 01:52:02.576842+00
dfc74ba6-aa3f-4cac-a3f9-bd468ce5cedb,/srv/fim-watch/gen_00079.txt,file_modified,alert_only,high,2026-09-18 01:48:58.152598+00,2026-09-18 01:52:02.592735+00
e28af807-2abf-4385-aa1a-67a4c7fce0fd,/srv/fim-watch/gen_00079.txt,file_modified,alert_only,high,2026-09-18 01:48:58.252682+00,2026-09-18 01:52:02.608434+00
e9ee4967-3146-4c95-914f-d95210afd12f,/srv/fim-watch/gen_00006.txt,file_deleted,alert_only,high,2026-09-18 01:48:58.352749+00,2026-09-18 01:52:02.624104+00
2b267227-d12c-49f1-bef9-8393312484b8,/srv/fim-watch/critico/gen_00184.txt,file_modified,alert_only,critical,2026-09-18 01:48:58.452752+00,2026-09-18 01:52:02.640875+00
88ae25fc-84e1-4df6-b61a-3d349be04a99,/srv/fim-watch/gen_00070.txt,file_modified,alert_only,high,2026-09-18 01:48:58.552571+00,2026-09-18 01:52:02.658224+00
9a776a45-6fc3-42c4-b574-64805bfb2728,/srv/fim-watch/gen_00278.txt,file_modified,alert_only,high,2026-09-18 01:48:58.652613+00,2026-09-18 01:52:02.675121+00
35e092e1-8bbe-4c61-8071-4809d69937d6,/srv/fim-watch/gen_00176.txt,file_modified,alert_only,high,2026-09-18 01:48:58.752748+00,2026-09-18 01:52:02.691089+00
e1f00019-cc3e-4668-b0ec-95a85acd26ed,/srv/fim-watch/gen_00213.txt,file_modified,alert_only,high,2026-09-18 01:48:58.852703+00,2026-09-18 01:52:02.707536+00
fec0797e-0a5f-4aa8-b8e2-8a7064ddcf9c,/srv/fim-watch/gen_00213.txt,file_modified,alert_only,high,2026-09-18 01:48:58.952712+00,2026-09-18 01:52:02.72377+00
3d6fa3d1-0b9d-4901-914d-7eb174885afa,/srv/fim-watch/gen_00259.txt,file_modified,alert_only,high,2026-09-18 01:48:59.052547+00,2026-09-18 01:52:02.73914+00
d87d7a7e-75db-424c-8651-0df92e6a6e08,/srv/fim-watch/gen_00259.txt,file_modified,alert_only,high,2026-09-18 01:48:59.152588+00,2026-09-18 01:52:02.753847+00
7b817ac9-43c1-4814-82cc-a454c1206fb6,/srv/fim-watch/critico/gen_00242.txt,file_modified,alert_only,critical,2026-09-18 01:48:59.252812+00,2026-09-18 01:52:02.769892+00
3f8f779c-ba7a-459a-8c8b-f8047e1472da,/srv/fim-watch/critico/gen_00242.txt,file_modified,alert_only,critical,2026-09-18 01:48:59.353032+00,2026-09-18 01:52:02.784662+00
544c8685-d58c-4558-b72a-e8d6a1435f22,/srv/fim-watch/gen_00267.txt,file_deleted,alert_only,high,2026-09-18 01:48:59.452706+00,2026-09-18 01:52:02.799452+00
a4b3d3f7-57fc-4ac7-b4b6-4911b1d19803,/srv/fim-watch/gen_00279.txt,file_modified,alert_only,high,2026-09-18 01:48:59.552095+00,2026-09-18 01:52:02.814767+00
4fedb25f-6e76-489b-84e1-e71c62e32197,/srv/fim-watch/critico/gen_00280.txt,file_modified,alert_only,critical,2026-09-18 01:48:59.652509+00,2026-09-18 01:52:02.830775+00
27fd8b43-10b4-4003-b125-0bd2da9fdb87,/srv/fim-watch/gen_00204.txt,file_modified,alert_only,high,2026-09-18 01:48:59.75278+00,2026-09-18 01:52:02.846374+00
7f9d812a-0bca-4885-9504-3d24d6b59601,/srv/fim-watch/gen_00274.txt,file_modified,alert_only,high,2026-09-18 01:48:59.852598+00,2026-09-18 01:52:02.861982+00
a8b72251-91d9-40a6-b865-a15357a3f5b4,/srv/fim-watch/gen_00260.txt,file_modified,alert_only,high,2026-09-18 01:48:59.952554+00,2026-09-18 01:52:02.877137+00
c1b7ba20-792b-464e-a9f5-42463cb18321,/srv/fim-watch/gen_00260.txt,file_modified,alert_only,high,2026-09-18 01:49:00.052453+00,2026-09-18 01:52:02.892798+00
32cb1c26-3084-4680-8d2d-80aa825f53e3,/srv/fim-watch/gen_00260.txt,file_modified,alert_only,high,2026-09-18 01:49:00.152619+00,2026-09-18 01:52:02.909133+00
3aeb0e05-d46c-4e00-85f2-f589b26e194e,/srv/fim-watch/gen_00260.txt,file_modified,alert_only,high,2026-09-18 01:49:00.25257+00,2026-09-18 01:52:02.924365+00
ccf034e5-676f-4280-9c1e-07c31d7efb57,/srv/fim-watch/gen_00260.txt,file_modified,alert_only,high,2026-09-18 01:49:00.352633+00,2026-09-18 01:52:02.939339+00
db98a8b4-1eda-4b32-9898-1daedaab4c66,/srv/fim-watch/gen_00281.txt,file_modified,alert_only,high,2026-09-18 01:49:00.452699+00,2026-09-18 01:52:02.954678+00
6902f532-79b1-4a26-ac56-3466821a9a15,/srv/fim-watch/gen_00261.txt,file_deleted,alert_only,high,2026-09-18 01:49:00.552077+00,2026-09-18 01:52:02.97199+00
4483d759-b663-4b43-a20f-cc1c3e67e262,/srv/fim-watch/gen_00282.txt,file_modified,alert_only,high,2026-09-18 01:49:00.652001+00,2026-09-18 01:52:02.988252+00
36965aa6-b945-4c01-9aa9-503ec9bdb6eb,/srv/fim-watch/gen_00283.txt,file_modified,alert_only,high,2026-09-18 01:49:00.752584+00,2026-09-18 01:52:03.003018+00
7e68c9a7-3898-4b7e-a8a8-e9097ea858dc,/srv/fim-watch/gen_00283.txt,file_deleted,alert_only,high,2026-09-18 01:49:00.852708+00,2026-09-18 01:52:03.01898+00
1c3a8d3b-9a82-4da5-9914-d2c148aff8d1,/srv/fim-watch/gen_00275.txt,file_modified,alert_only,high,2026-09-18 01:49:00.952999+00,2026-09-18 01:52:03.034824+00
2b6a93a9-a670-466c-9210-57e0bf345ce6,/srv/fim-watch/gen_00275.txt,file_modified,alert_only,high,2026-09-18 01:49:01.052692+00,2026-09-18 01:52:03.051218+00
2c1273a8-0a52-4214-9385-bbdf407aec96,/srv/fim-watch/critico/gen_00183.txt,file_modified,alert_only,critical,2026-09-18 01:49:01.152743+00,2026-09-18 01:52:03.067604+00
62d4b88f-f425-4a26-9955-750b43e4f7fa,/srv/fim-watch/gen_00278.txt,file_deleted,alert_only,high,2026-09-18 01:49:01.252585+00,2026-09-18 01:52:03.083481+00
b194301d-8072-479c-9bf5-08723ef3e742,/srv/fim-watch/gen_00122.txt,file_modified,alert_only,high,2026-09-18 01:49:01.352584+00,2026-09-18 01:52:03.100422+00
fa437be2-5309-4232-a27f-e896c5804ff7,/srv/fim-watch/gen_00284.txt,file_modified,alert_only,high,2026-09-18 01:49:01.452695+00,2026-09-18 01:52:03.117125+00
b6b7ca33-2af0-4683-ac09-644c1337e5a1,/srv/fim-watch/gen_00275.txt,file_modified,alert_only,high,2026-09-18 01:49:01.552547+00,2026-09-18 01:52:03.133937+00
59e7193d-a90e-432e-9350-84b7d2ab400c,/srv/fim-watch/gen_00040.txt,file_modified,alert_only,high,2026-09-18 01:49:01.653101+00,2026-09-18 01:52:03.150754+00
959d4d76-8c74-441a-9177-0b838830c8c9,/srv/fim-watch/critico/gen_00156.txt,file_modified,alert_only,critical,2026-09-18 01:49:01.753019+00,2026-09-18 01:52:03.167874+00
9842d24a-2058-4d53-9587-283f8b0b4d50,/srv/fim-watch/gen_00215.txt,file_modified,alert_only,high,2026-09-18 01:49:01.852324+00,2026-09-18 01:52:03.18545+00
cc97f54c-0c10-4f58-b8a0-3df9a1d9392b,/srv/fim-watch/gen_00215.txt,file_modified,alert_only,high,2026-09-18 01:49:01.953064+00,2026-09-18 01:52:03.211349+00
30a193b6-7639-4e9a-878f-cf019fbb018c,/srv/fim-watch/gen_00285.txt,file_modified,alert_only,high,2026-09-18 01:49:02.053055+00,2026-09-18 01:52:03.218182+00
0280fe39-24f2-47c3-ac14-8c243b3f56f4,/srv/fim-watch/gen_00203.txt,file_modified,alert_only,high,2026-09-18 01:49:02.152056+00,2026-09-18 01:52:03.234461+00
02a7b8d2-44f3-47d2-83a8-a4a838270972,/srv/fim-watch/gen_00231.txt,file_modified,alert_only,high,2026-09-18 01:49:02.252886+00,2026-09-18 01:52:03.250436+00
35c34f69-8a60-4ea9-bf7e-d00c3256154d,/srv/fim-watch/gen_00106.txt,file_modified,alert_only,high,2026-09-18 01:49:02.352255+00,2026-09-18 01:52:03.266294+00
b3ed9124-a356-4cdf-a552-5c35aa9be258,/srv/fim-watch/gen_00106.txt,file_modified,alert_only,high,2026-09-18 01:49:02.453672+00,2026-09-18 01:52:03.283057+00
418d8aba-5907-41e5-93e6-26d9d6d916fe,/srv/fim-watch/gen_00166.txt,file_modified,alert_only,high,2026-09-18 01:49:02.553313+00,2026-09-18 01:52:03.299133+00
53faa9a1-2597-4dcf-bbeb-f0288a526730,/srv/fim-watch/gen_00286.txt,file_modified,alert_only,high,2026-09-18 01:49:02.653454+00,2026-09-18 01:52:03.315361+00
f8543159-c0bb-43de-8d12-ec0c58125987,/srv/fim-watch/critico/gen_00280.txt,file_modified,alert_only,critical,2026-09-18 01:49:02.752768+00,2026-09-18 01:52:03.331961+00
5f480f96-727f-4dd9-a359-02d5a842b1f6,/srv/fim-watch/critico/gen_00053.txt,file_modified,alert_only,critical,2026-09-18 01:49:02.85292+00,2026-09-18 01:52:03.349266+00
9e90bbcf-86d4-4bfe-ad5f-c0f3888f7d09,/srv/fim-watch/gen_00135.txt,file_modified,alert_only,high,2026-09-18 01:49:02.953066+00,2026-09-18 01:52:03.365571+00
4ba40d3d-84d1-4e8c-a602-ecd6ac1352c3,/srv/fim-watch/gen_00135.txt,file_modified,alert_only,high,2026-09-18 01:49:03.053148+00,2026-09-18 01:52:03.382425+00
f2522817-5b7c-4a8b-b48b-4a30dbd611a8,/srv/fim-watch/critico/gen_00287.txt,file_modified,alert_only,critical,2026-09-18 01:49:03.153153+00,2026-09-18 01:52:03.399414+00
614972bc-87ba-4502-940e-92d7c887ee38,/srv/fim-watch/critico/gen_00200.txt,file_deleted,alert_only,critical,2026-09-18 01:49:03.25291+00,2026-09-18 01:52:03.416253+00
fa1398ab-0764-4a80-aa88-031816f98309,/srv/fim-watch/gen_00193.txt,file_modified,alert_only,high,2026-09-18 01:49:03.353043+00,2026-09-18 01:52:03.432783+00
97ccc0f3-883c-428f-82a5-abf6f43d0f6f,/srv/fim-watch/gen_00265.txt,file_modified,alert_only,high,2026-09-18 01:49:03.453142+00,2026-09-18 01:52:03.449204+00
76bf384f-0253-4036-8da5-5c9831073ff4,/srv/fim-watch/gen_00265.txt,file_modified,alert_only,high,2026-09-18 01:49:03.552696+00,2026-09-18 01:52:03.465338+00
d4140ac9-2cd5-40b1-bbfd-0645820f9925,/srv/fim-watch/gen_00265.txt,file_modified,alert_only,high,2026-09-18 01:49:03.652788+00,2026-09-18 01:52:03.480895+00
ecb6c079-ef5c-4688-8baa-3841b0cdffa0,/srv/fim-watch/gen_00265.txt,file_modified,alert_only,high,2026-09-18 01:49:03.752962+00,2026-09-18 01:52:03.497358+00
62fc90f3-0ce0-43cf-be4e-6dc8265b6fd1,/srv/fim-watch/gen_00265.txt,file_modified,alert_only,high,2026-09-18 01:49:03.853025+00,2026-09-18 01:52:03.513519+00
b3e14022-8f10-4d22-bc42-6915811e3a70,/srv/fim-watch/critico/gen_00210.txt,file_modified,alert_only,critical,2026-09-18 01:49:03.953201+00,2026-09-18 01:52:03.529084+00
5aa72b5a-5c69-40f1-8ec2-bd91bec991c6,/srv/fim-watch/gen_00275.txt,file_modified,alert_only,high,2026-09-18 01:49:04.0532+00,2026-09-18 01:52:03.544755+00
6d1a72d3-36c1-4b2a-ae14-ce928fc45b4c,/srv/fim-watch/critico/gen_00287.txt,file_modified,alert_only,critical,2026-09-18 01:49:04.153239+00,2026-09-18 01:52:03.560464+00
b0697c61-b4ee-4a1e-96a2-93571bb2bd58,/srv/fim-watch/gen_00117.txt,file_modified,alert_only,high,2026-09-18 01:49:04.252739+00,2026-09-18 01:52:03.576259+00
ad0029ae-2c37-4fa7-a6c2-9c1026176e08,/srv/fim-watch/gen_00281.txt,file_modified,alert_only,high,2026-09-18 01:49:04.352912+00,2026-09-18 01:52:03.592482+00
1222e3d1-30fc-4433-aaf7-1d7b21114066,/srv/fim-watch/critico/gen_00288.txt,file_modified,alert_only,critical,2026-09-18 01:49:04.453038+00,2026-09-18 01:52:03.608402+00
ac067490-221a-4fe3-8465-870354ec7b52,/srv/fim-watch/gen_00161.txt,file_modified,alert_only,high,2026-09-18 01:49:04.553176+00,2026-09-18 01:52:03.623978+00
a9b3c8e1-7c42-49b6-a89a-7fed53ac16cd,/srv/fim-watch/gen_00282.txt,file_modified,alert_only,high,2026-09-18 01:49:04.652449+00,2026-09-18 01:52:03.639792+00
f65deeef-6235-4c2c-b738-7a87043f4c4f,/srv/fim-watch/critico/gen_00169.txt,file_deleted,alert_only,critical,2026-09-18 01:49:04.752924+00,2026-09-18 01:52:03.655089+00
e89771bd-abc0-4b27-94f6-3aa489612dd5,/srv/fim-watch/gen_00161.txt,file_modified,alert_only,high,2026-09-18 01:49:04.853035+00,2026-09-18 01:52:03.671038+00
8afb4cfe-59b7-48be-a19a-1c6619caa184,/srv/fim-watch/gen_00177.txt,file_modified,alert_only,high,2026-09-18 01:49:04.953057+00,2026-09-18 01:52:03.686903+00
9d7205dd-e159-43e3-8974-493251b26cbc,/srv/fim-watch/gen_00049.txt,file_modified,alert_only,high,2026-09-18 01:49:05.052824+00,2026-09-18 01:52:03.702413+00
306e49f4-be31-4665-9e94-0d842d55441a,/srv/fim-watch/gen_00247.txt,file_modified,alert_only,high,2026-09-18 01:49:05.152807+00,2026-09-18 01:52:03.71782+00
f973f579-14d4-4faa-a0bb-c53b5ed49f08,/srv/fim-watch/gen_00247.txt,file_modified,alert_only,high,2026-09-18 01:49:05.252833+00,2026-09-18 01:52:03.733457+00
8f0dea11-4be6-4187-a166-a3c2c57f0895,/srv/fim-watch/gen_00289.txt,file_modified,alert_only,high,2026-09-18 01:49:05.352823+00,2026-09-18 01:52:03.74941+00
3b601a97-2d16-4854-b3e7-9563c7095894,/srv/fim-watch/critico/gen_00173.txt,file_modified,alert_only,critical,2026-09-18 01:49:05.452746+00,2026-09-18 01:52:03.765015+00
1e6b6271-a343-4cb6-99d1-98c1f65c8ed2,/srv/fim-watch/gen_00177.txt,file_modified,alert_only,high,2026-09-18 01:49:05.552885+00,2026-09-18 01:52:03.7818+00
d8ada870-1e7c-422e-9f69-2b2aec196e13,/srv/fim-watch/gen_00290.txt,file_modified,alert_only,high,2026-09-18 01:49:05.652259+00,2026-09-18 01:52:03.800233+00
835f33de-6758-4a16-9adc-72fe5a12e8d2,/srv/fim-watch/gen_00206.txt,file_modified,alert_only,high,2026-09-18 01:49:05.752832+00,2026-09-18 01:52:03.817361+00
6b0fd5e3-7922-459d-a9e3-630d79a71d81,/srv/fim-watch/gen_00259.txt,file_modified,alert_only,high,2026-09-18 01:49:05.95293+00,2026-09-18 01:52:03.833934+00
3f0c3ab8-a4b3-42be-93fb-921687f13a41,/srv/fim-watch/gen_00231.txt,file_modified,alert_only,high,2026-09-18 01:49:06.052936+00,2026-09-18 01:52:03.850839+00
d27608b0-2073-4a6f-a832-470be68b6f3e,/srv/fim-watch/gen_00250.txt,file_modified,alert_only,high,2026-09-18 01:49:06.152706+00,2026-09-18 01:52:03.867755+00
61198534-e1b9-4f7f-b6ed-f7bc41f03825,/srv/fim-watch/gen_00180.txt,file_deleted,alert_only,high,2026-09-18 01:49:06.252784+00,2026-09-18 01:52:03.885761+00
3cfafc56-3959-4f33-a73b-62c4fc94c961,/srv/fim-watch/gen_00108.txt,file_modified,alert_only,high,2026-09-18 01:49:06.353019+00,2026-09-18 01:52:03.902568+00
25c068ca-366c-41e6-b8e0-ac608299a787,/srv/fim-watch/gen_00269.txt,file_modified,alert_only,high,2026-09-18 01:49:06.452969+00,2026-09-18 01:52:03.918149+00
f77cbf12-8a09-47f9-b587-37054461d591,/srv/fim-watch/gen_00279.txt,file_modified,alert_only,high,2026-09-18 01:49:06.55284+00,2026-09-18 01:52:03.933706+00
daa870fd-fed1-453f-a804-c451ecb3ea97,/srv/fim-watch/gen_00292.txt,file_modified,alert_only,high,2026-09-18 01:49:06.652694+00,2026-09-18 01:52:03.949521+00
0e7f1000-45bf-4556-b224-c41e63e0f329,/srv/fim-watch/gen_00256.txt,file_modified,alert_only,high,2026-09-18 01:49:06.752374+00,2026-09-18 01:52:03.964427+00
2d07f728-e88f-49e0-af44-cbc5039cf789,/srv/fim-watch/gen_00256.txt,file_modified,alert_only,high,2026-09-18 01:49:06.853255+00,2026-09-18 01:52:03.979606+00
1f4585d5-fc10-428d-a999-69341d281000,/srv/fim-watch/gen_00252.txt,file_modified,alert_only,high,2026-09-18 01:49:06.952438+00,2026-09-18 01:52:03.994906+00
1895f9e5-02f3-42af-aaf2-b8703e504ac2,/srv/fim-watch/gen_00157.txt,file_modified,alert_only,high,2026-09-18 01:49:07.0529+00,2026-09-18 01:52:04.019854+00
99a9c5b5-0a13-4425-8002-a3ba2dc75bdf,/srv/fim-watch/gen_00223.txt,file_modified,alert_only,high,2026-09-18 01:49:07.152804+00,2026-09-18 01:52:04.026823+00
5ce488cf-19e8-40c8-8396-a9e1d47f2527,/srv/fim-watch/gen_00033.txt,file_deleted,alert_only,high,2026-09-18 01:49:07.252436+00,2026-09-18 01:52:04.042562+00
12bd7dc9-a47b-41f9-94dc-410f300832d9,/srv/fim-watch/gen_00249.txt,file_modified,alert_only,high,2026-09-18 01:49:07.352552+00,2026-09-18 01:52:04.056917+00
b6833b39-f64b-4549-919b-d46ae30f9ce2,/srv/fim-watch/gen_00249.txt,file_modified,alert_only,high,2026-09-18 01:49:07.453158+00,2026-09-18 01:52:04.073589+00
2a2cb2f3-3b96-4a5d-beff-8682e825085f,/srv/fim-watch/critico/gen_00210.txt,file_deleted,alert_only,critical,2026-09-18 01:49:07.553485+00,2026-09-18 01:52:04.090278+00
611b6e71-4237-4e57-af29-3c72b3bce1f6,/srv/fim-watch/gen_00225.txt,file_modified,alert_only,high,2026-09-18 01:49:07.652615+00,2026-09-18 01:52:04.106004+00
23ec653f-2441-4700-b658-561a039d39f7,/srv/fim-watch/gen_00225.txt,file_modified,alert_only,high,2026-09-18 01:49:07.754012+00,2026-09-18 01:52:04.121661+00
fb11c7cf-6367-45ed-8502-55a63896aa0e,/srv/fim-watch/gen_00250.txt,file_modified,alert_only,high,2026-09-18 01:49:07.853028+00,2026-09-18 01:52:04.137528+00
30aa5771-a676-4441-9b53-a40b0e675949,/srv/fim-watch/gen_00293.txt,file_modified,alert_only,high,2026-09-18 01:49:07.952406+00,2026-09-18 01:52:04.153141+00
62100ef4-df33-46c6-8b36-9371167b1bff,/srv/fim-watch/gen_00294.txt,file_modified,alert_only,high,2026-09-18 01:49:08.052686+00,2026-09-18 01:52:04.169432+00
57756e44-c6e3-47b0-bef2-96ed56e1ba8a,/srv/fim-watch/gen_00230.txt,file_modified,alert_only,high,2026-09-18 01:49:08.152738+00,2026-09-18 01:52:04.186254+00
faf65eec-e558-4ebe-a2e2-e4e5709d6be1,/srv/fim-watch/critico/gen_00222.txt,file_modified,alert_only,critical,2026-09-18 01:49:08.252791+00,2026-09-18 01:52:04.204102+00
fa05a932-262c-452f-8265-77772e134f44,/srv/fim-watch/gen_00295.txt,file_modified,alert_only,high,2026-09-18 01:49:08.352696+00,2026-09-18 01:52:04.216696+00
89eed4ee-fde3-4167-bd2e-d08bec5851dc,/srv/fim-watch/gen_00142.txt,file_modified,alert_only,high,2026-09-18 01:49:08.452711+00,2026-09-18 01:52:04.230563+00
03d7e497-5818-4b09-b34a-06c9c15ff052,/srv/fim-watch/gen_00249.txt,file_modified,alert_only,high,2026-09-18 01:49:08.552645+00,2026-09-18 01:52:04.243908+00
18ea0638-e2b0-497f-bb21-9d23d5cbb8e7,/srv/fim-watch/gen_00296.txt,file_modified,alert_only,high,2026-09-18 01:49:08.652615+00,2026-09-18 01:52:04.258777+00
e36955d5-859a-4ce6-8a18-ed87a53033f4,/srv/fim-watch/gen_00194.txt,file_deleted,alert_only,high,2026-09-18 01:49:08.752389+00,2026-09-18 01:52:04.273733+00
650de0d2-75ce-4488-9f13-a8aa6577ee2d,/srv/fim-watch/gen_00297.txt,file_modified,alert_only,high,2026-09-18 01:49:08.852568+00,2026-09-18 01:52:04.288638+00
d25ab213-294a-4daa-9b75-fe10b9ae53f7,/srv/fim-watch/gen_00298.txt,file_modified,alert_only,high,2026-09-18 01:49:08.953307+00,2026-09-18 01:52:04.304756+00
0c439c69-1f5c-4d45-8960-8c5e20950d4b,/srv/fim-watch/gen_00193.txt,file_modified,alert_only,high,2026-09-18 01:49:09.052609+00,2026-09-18 01:52:04.321356+00
4db4388f-c5f1-47c4-9e7f-086cdffcf0c2,/srv/fim-watch/gen_00299.txt,file_modified,alert_only,high,2026-09-18 01:49:09.152593+00,2026-09-18 01:52:04.338164+00
b10aff65-f953-40d8-ac02-6b8b9a48cf38,/srv/fim-watch/gen_00266.txt,file_modified,alert_only,high,2026-09-18 01:49:09.252802+00,2026-09-18 01:52:04.355021+00
6eac3707-67a5-47ed-99f1-2792272f6412,/srv/fim-watch/gen_00219.txt,file_modified,alert_only,high,2026-09-18 01:49:09.352949+00,2026-09-18 01:52:04.371863+00
26066265-2407-48c2-98ce-20fd66290af1,/srv/fim-watch/gen_00219.txt,file_modified,alert_only,high,2026-09-18 01:49:09.452775+00,2026-09-18 01:52:04.386546+00
cc0acdf0-4193-4405-b5c5-65f449680d67,/srv/fim-watch/gen_00219.txt,file_modified,alert_only,high,2026-09-18 01:49:09.553075+00,2026-09-18 01:52:04.402136+00
6ec43991-c826-45c3-a9c4-503ee5f537bd,/srv/fim-watch/gen_00219.txt,file_modified,alert_only,high,2026-09-18 01:49:09.653161+00,2026-09-18 01:52:04.418407+00
897c3273-6a99-479a-b804-488c51469887,/srv/fim-watch/gen_00219.txt,file_modified,alert_only,high,2026-09-18 01:49:09.752035+00,2026-09-18 01:52:04.434881+00
224e1f81-25c4-411c-9553-6a7bdd5390ec,/srv/fim-watch/critico/gen_00276.txt,file_modified,alert_only,critical,2026-09-18 01:49:09.852704+00,2026-09-18 01:52:04.451925+00
f11bad96-b55c-459b-9c29-9ab22bc18aba,/srv/fim-watch/gen_00259.txt,file_modified,alert_only,high,2026-09-18 01:49:09.952621+00,2026-09-18 01:52:04.468773+00
0ee9de18-52ad-4d0c-a385-783128f29555,/srv/fim-watch/gen_00259.txt,file_modified,alert_only,high,2026-09-18 01:49:10.052991+00,2026-09-18 01:52:04.485642+00
f72e2844-b444-43d8-8ca9-a652bc0fd4f9,/srv/fim-watch/gen_00300.txt,file_created,alert_only,high,2026-09-18 01:49:10.152597+00,2026-09-18 01:52:04.502357+00
bab0e58e-f83d-4086-8c9f-be2d10cd2c42,/srv/fim-watch/gen_00300.txt,file_deleted,alert_only,high,2026-09-18 01:49:10.25235+00,2026-09-18 01:52:04.518367+00
5cf8842c-5234-4415-a878-468f2fafff05,/srv/fim-watch/gen_00231.txt,file_modified,alert_only,high,2026-09-18 01:49:10.352987+00,2026-09-18 01:52:04.53431+00
c0213de1-ee43-4475-bacb-993562305ac6,/srv/fim-watch/gen_00247.txt,file_deleted,alert_only,high,2026-09-18 01:49:10.452612+00,2026-09-18 01:52:04.550635+00
476b4bce-1916-44c9-84b3-48e30b0f500a,/srv/fim-watch/gen_00243.txt,file_deleted,alert_only,high,2026-09-18 01:49:10.552608+00,2026-09-18 01:52:04.565898+00
826dc8ba-21ba-4ba3-8887-043894ead867,/srv/fim-watch/gen_00016.txt,file_deleted,alert_only,high,2026-09-18 01:49:10.65203+00,2026-09-18 01:52:04.580909+00
5367e5f2-46e0-4a76-bf83-74b19a33c99d,/srv/fim-watch/gen_00062.txt,file_modified,alert_only,high,2026-09-18 01:49:10.752366+00,2026-09-18 01:52:04.597961+00
1f347812-628c-4e74-aee8-97b13d589148,/srv/fim-watch/gen_00271.txt,file_modified,alert_only,high,2026-09-18 01:49:10.852508+00,2026-09-18 01:52:04.614224+00
4213a818-b266-4b5f-bda2-1a3f0f26fafe,/srv/fim-watch/critico/gen_00053.txt,file_modified,alert_only,critical,2026-09-18 01:49:10.952796+00,2026-09-18 01:52:04.630364+00
26f262e8-bc82-483a-8d96-8322418b0615,/srv/fim-watch/gen_00062.txt,file_modified,alert_only,high,2026-09-18 01:49:11.052351+00,2026-09-18 01:52:04.647115+00
f3943fa1-8880-4ffe-af9f-a9ab4ad3ac3d,/srv/fim-watch/gen_00238.txt,file_modified,alert_only,high,2026-09-18 01:49:11.152701+00,2026-09-18 01:52:04.664297+00
b1ce4324-da49-40e7-871c-66b35e83f61f,/srv/fim-watch/gen_00301.txt,file_created,alert_only,high,2026-09-18 01:49:11.252615+00,2026-09-18 01:52:04.681158+00
6c5e191d-683b-4a6e-9686-de8c0b38bcf9,/srv/fim-watch/gen_00134.txt,file_modified,alert_only,high,2026-09-18 01:49:11.352958+00,2026-09-18 01:52:04.698079+00
6301ca5f-2069-482d-bf1a-9157ba9ec475,/srv/fim-watch/gen_00302.txt,file_modified,alert_only,high,2026-09-18 01:49:11.452559+00,2026-09-18 01:52:04.713834+00
0ec86624-1fe7-431b-8341-ca275b52ef39,/srv/fim-watch/gen_00171.txt,file_modified,alert_only,high,2026-09-18 01:49:11.552795+00,2026-09-18 01:52:04.729676+00
e65e60f6-e149-4e4d-bfc6-2b847e46d6a3,/srv/fim-watch/gen_00171.txt,file_modified,alert_only,high,2026-09-18 01:49:11.652722+00,2026-09-18 01:52:04.746425+00
990285ad-fd0c-41d9-8aee-3b2299107906,/srv/fim-watch/gen_00171.txt,file_modified,alert_only,high,2026-09-18 01:49:11.75261+00,2026-09-18 01:52:04.762473+00
1df9f46c-2e85-4b2e-afd7-ff479876ce14,/srv/fim-watch/gen_00171.txt,file_modified,alert_only,high,2026-09-18 01:49:11.852673+00,2026-09-18 01:52:04.779044+00
04c95bc0-bb43-470e-930a-d7359c1b9212,/srv/fim-watch/gen_00171.txt,file_modified,alert_only,high,2026-09-18 01:49:11.953092+00,2026-09-18 01:52:04.795772+00
409d1b38-b1ae-4922-8304-3020dc004653,/srv/fim-watch/gen_00254.txt,file_modified,alert_only,high,2026-09-18 01:49:12.052527+00,2026-09-18 01:52:04.824137+00
109d98bd-e4db-4165-863d-3e3fc9956c68,/srv/fim-watch/gen_00296.txt,file_deleted,alert_only,high,2026-09-18 01:49:12.153239+00,2026-09-18 01:52:04.831225+00
5a2c4ea5-2279-4880-90ae-e15ba8beee6a,/srv/fim-watch/gen_00078.txt,file_modified,alert_only,high,2026-09-18 01:49:12.252592+00,2026-09-18 01:52:04.848312+00
d5faeb50-673f-47ff-9f6a-6ab634fce312,/srv/fim-watch/gen_00303.txt,file_created,alert_only,high,2026-09-18 01:49:12.352716+00,2026-09-18 01:52:04.865245+00
37fdcf4b-5be7-41f1-acd1-525b61a44d77,/srv/fim-watch/gen_00179.txt,file_modified,alert_only,high,2026-09-18 01:49:12.452934+00,2026-09-18 01:52:04.883131+00
3599910b-e3ad-4982-b868-fda27d89ec0f,/srv/fim-watch/critico/gen_00304.txt,file_modified,alert_only,critical,2026-09-18 01:49:12.552469+00,2026-09-18 01:52:04.899458+00
92ab6e68-0aaf-48b6-bd0c-d53ddf3d1afb,/srv/fim-watch/gen_00084.txt,file_deleted,alert_only,high,2026-09-18 01:49:12.652772+00,2026-09-18 01:52:04.915279+00
82dc1fb3-3320-4757-866e-2f1c63f6d550,/srv/fim-watch/gen_00149.txt,file_modified,alert_only,high,2026-09-18 01:49:12.752688+00,2026-09-18 01:52:04.931216+00
50e07c65-101c-411f-9874-a55191415009,/srv/fim-watch/gen_00305.txt,file_modified,alert_only,high,2026-09-18 01:49:12.852519+00,2026-09-18 01:52:04.946965+00
1b1851fa-a177-4396-a24b-0ac5bfb6ef73,/srv/fim-watch/gen_00132.txt,file_deleted,alert_only,high,2026-09-18 01:49:12.952519+00,2026-09-18 01:52:04.962831+00
9211116d-6c36-48e4-a8fb-82c074887d3d,/srv/fim-watch/gen_00106.txt,file_modified,alert_only,high,2026-09-18 01:49:13.053116+00,2026-09-18 01:52:04.978577+00
4e86239d-b224-4d81-8261-5583c711ab6f,/srv/fim-watch/gen_00207.txt,file_modified,alert_only,high,2026-09-18 01:49:13.154128+00,2026-09-18 01:52:04.994269+00
950b485d-b8b7-48f6-b9da-5f647b07f696,/srv/fim-watch/gen_00207.txt,file_modified,alert_only,high,2026-09-18 01:49:13.252389+00,2026-09-18 01:52:05.011214+00
a2b7eb6a-1d53-4eaf-9457-38c4212c9f24,/srv/fim-watch/gen_00108.txt,file_modified,alert_only,high,2026-09-18 01:49:13.352841+00,2026-09-18 01:52:05.028518+00
bdbc61a7-a682-4b6d-b4d2-b33bfe98c643,/srv/fim-watch/critico/gen_00191.txt,file_modified,alert_only,critical,2026-09-18 01:49:13.451783+00,2026-09-18 01:52:05.044842+00
1548e0ec-6942-4320-a1e8-9d789c5b0883,/srv/fim-watch/gen_00161.txt,file_modified,alert_only,high,2026-09-18 01:49:13.554273+00,2026-09-18 01:52:05.061661+00
413c7fce-e07d-48b4-9f09-35eb9c63bfb7,/srv/fim-watch/gen_00125.txt,file_modified,alert_only,high,2026-09-18 01:49:13.652814+00,2026-09-18 01:52:05.080224+00
23619dba-ea5a-4480-af57-4be298cc29c8,/srv/fim-watch/gen_00128.txt,file_modified,alert_only,high,2026-09-18 01:49:13.75245+00,2026-09-18 01:52:05.095637+00
b1df34f6-73f1-496e-b081-261a4fbdcf66,/srv/fim-watch/gen_00285.txt,file_modified,alert_only,high,2026-09-18 01:49:13.85292+00,2026-09-18 01:52:05.111583+00
cdb8352e-140f-4cff-b126-122349975b20,/srv/fim-watch/gen_00285.txt,file_modified,alert_only,high,2026-09-18 01:49:13.952777+00,2026-09-18 01:52:05.128142+00
ebf9a532-be17-48f4-897b-28328a0a871f,/srv/fim-watch/gen_00214.txt,file_modified,alert_only,high,2026-09-18 01:49:14.052617+00,2026-09-18 01:52:05.144884+00
586eb738-5ab9-47e2-92b8-67d51bb62634,/srv/fim-watch/gen_00214.txt,file_modified,alert_only,high,2026-09-18 01:49:14.152844+00,2026-09-18 01:52:05.161649+00
47f07a8a-0751-46c2-a7cd-99275e6f0821,/srv/fim-watch/gen_00214.txt,file_modified,alert_only,high,2026-09-18 01:49:14.253373+00,2026-09-18 01:52:05.178366+00
31299422-4711-4840-ac37-b04a9d9bf033,/srv/fim-watch/gen_00214.txt,file_modified,alert_only,high,2026-09-18 01:49:14.352592+00,2026-09-18 01:52:05.197226+00
5107a8fd-1731-45b0-b435-91b9b9543494,/srv/fim-watch/gen_00214.txt,file_modified,alert_only,high,2026-09-18 01:49:14.453257+00,2026-09-18 01:52:05.212935+00
ae3bbbd1-ac84-47e7-8299-cbc6b193568a,/srv/fim-watch/gen_00049.txt,file_modified,alert_only,high,2026-09-18 01:49:14.553106+00,2026-09-18 01:52:05.231652+00
303744ae-2261-4469-9fbc-302b1e5b143a,/srv/fim-watch/critico/gen_00280.txt,file_modified,alert_only,critical,2026-09-18 01:49:14.652663+00,2026-09-18 01:52:05.249383+00
f61473dc-2cf5-40b6-a495-df54ef12818f,/srv/fim-watch/gen_00219.txt,file_modified,alert_only,high,2026-09-18 01:49:14.752479+00,2026-09-18 01:52:05.265096+00
125484e1-57c6-457e-97b4-0f8dfc0571c8,/srv/fim-watch/gen_00306.txt,file_modified,alert_only,high,2026-09-18 01:49:14.85263+00,2026-09-18 01:52:05.282391+00
20966674-d536-4cdd-a9be-5d57ba93d918,/srv/fim-watch/gen_00166.txt,file_modified,alert_only,high,2026-09-18 01:49:14.953113+00,2026-09-18 01:52:05.297316+00
1a6aa385-ecb4-40d0-ab00-4781caffbcdb,/srv/fim-watch/gen_00307.txt,file_created,alert_only,high,2026-09-18 01:49:15.052795+00,2026-09-18 01:52:05.312622+00
ac34e43e-7aa3-4c4b-913a-bace980f82a7,/srv/fim-watch/gen_00273.txt,file_modified,alert_only,high,2026-09-18 01:49:15.152624+00,2026-09-18 01:52:05.327365+00
30cc3fd0-165b-4eba-8cf0-c7462d73b171,/srv/fim-watch/gen_00255.txt,file_modified,alert_only,high,2026-09-18 01:49:15.252819+00,2026-09-18 01:52:05.34271+00
5c879ee6-ee47-4fa2-be79-ea2938ab0bd8,/srv/fim-watch/gen_00308.txt,file_modified,alert_only,high,2026-09-18 01:49:15.352495+00,2026-09-18 01:52:05.357538+00
19b6d318-85b2-4a53-9140-e7b4bf4145ed,/srv/fim-watch/gen_00299.txt,file_modified,alert_only,high,2026-09-18 01:49:15.452679+00,2026-09-18 01:52:05.371822+00
a0c5bffd-cde4-48c8-97f6-7af06373cd28,/srv/fim-watch/gen_00122.txt,file_modified,alert_only,high,2026-09-18 01:49:15.552513+00,2026-09-18 01:52:05.385889+00
c8893d54-5a88-405c-a92b-69f47d88222b,/srv/fim-watch/gen_00268.txt,file_modified,alert_only,high,2026-09-18 01:49:15.65265+00,2026-09-18 01:52:05.399685+00
87f88466-6b4c-4bbb-839d-bdf861038fea,/srv/fim-watch/gen_00309.txt,file_created,alert_only,high,2026-09-18 01:49:15.752059+00,2026-09-18 01:52:05.415162+00
2b929060-b351-4ea7-b735-e3f5f01b9bc2,/srv/fim-watch/gen_00273.txt,file_modified,alert_only,high,2026-09-18 01:49:15.85259+00,2026-09-18 01:52:05.431413+00
681c0a81-89bb-4c47-b741-6b112ea59801,/srv/fim-watch/critico/gen_00123.txt,file_modified,alert_only,critical,2026-09-18 01:49:15.952945+00,2026-09-18 01:52:05.447062+00
6e35ba55-a1ce-47e1-8894-f052d3abac53,/srv/fim-watch/critico/gen_00310.txt,file_modified,alert_only,critical,2026-09-18 01:49:16.052451+00,2026-09-18 01:52:05.463297+00
fdc49dc3-70b5-4c05-8f1e-180f05b428d2,/srv/fim-watch/gen_00311.txt,file_modified,alert_only,high,2026-09-18 01:49:16.152631+00,2026-09-18 01:52:05.478485+00
1ae1d11d-bd26-488a-acc2-1968dd4ac9c3,/srv/fim-watch/critico/gen_00312.txt,file_created,alert_only,critical,2026-09-18 01:49:16.252915+00,2026-09-18 01:52:05.493599+00
0bf03d7a-439f-413b-8b46-3b6c7f3d8c34,/srv/fim-watch/gen_00106.txt,file_modified,alert_only,high,2026-09-18 01:49:16.35263+00,2026-09-18 01:52:05.508696+00
6c37f297-0713-4495-a336-6c1c2ed7f45f,/srv/fim-watch/gen_00106.txt,file_modified,alert_only,high,2026-09-18 01:49:16.453045+00,2026-09-18 01:52:05.524419+00
dfcb8fe5-67d7-4c73-8d87-ce1b12ee9f02,/srv/fim-watch/gen_00106.txt,file_modified,alert_only,high,2026-09-18 01:49:16.5525+00,2026-09-18 01:52:05.541971+00
1ee9f92b-b39c-4892-9c0d-32de5134e6bc,/srv/fim-watch/gen_00106.txt,file_modified,alert_only,high,2026-09-18 01:49:16.653094+00,2026-09-18 01:52:05.557641+00
0dff8cf1-0b01-4c00-9872-6d74c15ed8ac,/srv/fim-watch/gen_00106.txt,file_modified,alert_only,high,2026-09-18 01:49:16.75271+00,2026-09-18 01:52:05.573326+00
fc868a19-afdd-4c96-a384-19f1e0e54a4a,/srv/fim-watch/gen_00070.txt,file_deleted,alert_only,high,2026-09-18 01:49:16.852411+00,2026-09-18 01:52:05.588521+00
3d7d1c3c-c9b2-43d6-aa2e-0aae11467f83,/srv/fim-watch/gen_00309.txt,file_modified,alert_only,high,2026-09-18 01:49:16.95288+00,2026-09-18 01:52:05.605682+00
bcaf3acd-f456-4e26-b1b7-e34e4f4b476c,/srv/fim-watch/gen_00089.txt,file_deleted,alert_only,high,2026-09-18 01:49:17.052226+00,2026-09-18 01:52:05.636068+00
14a5b9c2-89ed-4066-85e2-a7d259dae9e6,/srv/fim-watch/gen_00204.txt,file_modified,alert_only,high,2026-09-18 01:49:17.153148+00,2026-09-18 01:52:05.642564+00
bbf5414d-cb3a-4a0f-b5a8-807369dad5ae,/srv/fim-watch/gen_00204.txt,file_modified,alert_only,high,2026-09-18 01:49:17.252964+00,2026-09-18 01:52:05.657741+00
06235527-f9b3-404a-917a-128d4d2a36a2,/srv/fim-watch/critico/gen_00222.txt,file_modified,alert_only,critical,2026-09-18 01:49:17.352898+00,2026-09-18 01:52:05.672907+00
f0f0f0f9-a239-40a2-8d56-ec0e91eda4be,/srv/fim-watch/gen_00279.txt,file_modified,alert_only,high,2026-09-18 01:49:17.452551+00,2026-09-18 01:52:05.686411+00
e5923490-1c92-44b6-b48a-6cc064935ce7,/srv/fim-watch/gen_00040.txt,file_deleted,alert_only,high,2026-09-18 01:49:17.552649+00,2026-09-18 01:52:05.701004+00
48900d27-cf82-4898-9f70-99c6faa145e4,/srv/fim-watch/gen_00228.txt,file_modified,alert_only,high,2026-09-18 01:49:17.652594+00,2026-09-18 01:52:05.715911+00
a97d285a-5668-4d83-bf0c-3b651532a28f,/srv/fim-watch/gen_00313.txt,file_modified,alert_only,high,2026-09-18 01:49:17.752617+00,2026-09-18 01:52:05.729134+00
094a25ef-0901-4a41-a3c2-938bc721aa68,/srv/fim-watch/gen_00314.txt,file_modified,alert_only,high,2026-09-18 01:49:17.852487+00,2026-09-18 01:52:05.742956+00
9fbb176b-dc76-4fd5-9e8f-50db1345c4ec,/srv/fim-watch/gen_00152.txt,file_modified,alert_only,high,2026-09-18 01:49:17.952661+00,2026-09-18 01:52:05.757864+00
4949b1ce-905f-40d3-a27d-fa1e64b7914b,/srv/fim-watch/critico/gen_00248.txt,file_modified,alert_only,critical,2026-09-18 01:49:18.052224+00,2026-09-18 01:52:05.772115+00
2aad73c7-05ea-46a3-aa68-c41925624317,/srv/fim-watch/gen_00315.txt,file_modified,alert_only,high,2026-09-18 01:49:18.152472+00,2026-09-18 01:52:05.786717+00
5dcd7c0e-fda7-46de-9746-c4b2bdca981d,/srv/fim-watch/gen_00316.txt,file_modified,alert_only,high,2026-09-18 01:49:18.25259+00,2026-09-18 01:52:05.802995+00
6aaee3a0-4092-45dc-b19c-e2b8d80c0def,/srv/fim-watch/gen_00179.txt,file_modified,alert_only,high,2026-09-18 01:49:18.352559+00,2026-09-18 01:52:05.817882+00
e39e9b22-f538-4087-b4bc-f3f63e658cd3,/srv/fim-watch/gen_00106.txt,file_modified,alert_only,high,2026-09-18 01:49:18.452518+00,2026-09-18 01:52:05.833685+00
b3d2b87d-18b9-4992-9c7b-8d69bf3e255b,/srv/fim-watch/gen_00282.txt,file_modified,alert_only,high,2026-09-18 01:49:18.552836+00,2026-09-18 01:52:05.849642+00
d361048f-df7a-460c-b1d3-1ad0d2ab02ae,/srv/fim-watch/critico/gen_00189.txt,file_modified,alert_only,critical,2026-09-18 01:49:18.652565+00,2026-09-18 01:52:05.865524+00
c5346128-2bdd-458f-838a-6558764b4fc4,/srv/fim-watch/gen_00317.txt,file_modified,alert_only,high,2026-09-18 01:49:18.75282+00,2026-09-18 01:52:05.881149+00
fb4f525b-b89b-49d9-af9b-5b97c2304915,/srv/fim-watch/gen_00149.txt,file_modified,alert_only,high,2026-09-18 01:49:18.852514+00,2026-09-18 01:52:05.897814+00
6a194cf3-039a-4bd3-b2d1-c9b3f140c1d6,/srv/fim-watch/gen_00149.txt,file_modified,alert_only,high,2026-09-18 01:49:18.952512+00,2026-09-18 01:52:05.91355+00
3e3c897f-2383-44ed-b9eb-07cba724ef49,/srv/fim-watch/gen_00096.txt,file_modified,alert_only,high,2026-09-18 01:49:19.052917+00,2026-09-18 01:52:05.928629+00
8033cd23-8897-450c-a83e-9e7a6666aff2,/srv/fim-watch/gen_00266.txt,file_modified,alert_only,high,2026-09-18 01:49:19.152848+00,2026-09-18 01:52:05.94445+00
56b567f7-ed22-4c72-ac50-b32621adc16c,/srv/fim-watch/gen_00231.txt,file_modified,alert_only,high,2026-09-18 01:49:19.252889+00,2026-09-18 01:52:05.960252+00
ea5e76ba-a6b8-4b3c-8191-969765113c5c,/srv/fim-watch/gen_00293.txt,file_modified,alert_only,high,2026-09-18 01:49:19.353756+00,2026-09-18 01:52:05.975166+00
49d2fd17-2452-4b0e-b392-42cb07efb252,/srv/fim-watch/gen_00174.txt,file_modified,alert_only,high,2026-09-18 01:49:19.452667+00,2026-09-18 01:52:05.990232+00
61c84209-8419-4d81-b555-667146490f41,/srv/fim-watch/gen_00318.txt,file_created,alert_only,high,2026-09-18 01:49:19.551721+00,2026-09-18 01:52:06.005485+00
3a48aaf4-7425-41d7-aebf-9874c7a176d6,/srv/fim-watch/gen_00096.txt,file_modified,alert_only,high,2026-09-18 01:49:19.652986+00,2026-09-18 01:52:06.020431+00
b6901f6c-046f-480a-9068-7d39c15abf84,/srv/fim-watch/gen_00231.txt,file_modified,alert_only,high,2026-09-18 01:49:19.752663+00,2026-09-18 01:52:06.034902+00
1322b59c-a0a4-4de1-be8c-62c554dd2f07,/srv/fim-watch/gen_00319.txt,file_modified,alert_only,high,2026-09-18 01:49:19.852148+00,2026-09-18 01:52:06.050472+00
3617b9e0-b1b9-4552-93c9-7c059ba865c4,/srv/fim-watch/critico/gen_00236.txt,file_deleted,alert_only,critical,2026-09-18 01:49:19.952735+00,2026-09-18 01:52:06.066948+00
c7828044-f714-48c0-b53f-3c30906ec752,/srv/fim-watch/gen_00320.txt,file_modified,alert_only,high,2026-09-18 01:49:20.05239+00,2026-09-18 01:52:06.082789+00
0e398d31-26af-4c1c-8880-017a995cfe5e,/srv/fim-watch/gen_00321.txt,file_created,alert_only,high,2026-09-18 01:49:20.152613+00,2026-09-18 01:52:06.09872+00
e10f380b-889e-4ae3-b883-4e94644f3df1,/srv/fim-watch/gen_00274.txt,file_modified,alert_only,high,2026-09-18 01:49:20.252613+00,2026-09-18 01:52:06.114549+00
0737c158-f26f-49b0-a4c9-243641e374df,/srv/fim-watch/critico/gen_00191.txt,file_modified,alert_only,critical,2026-09-18 01:49:20.45273+00,2026-09-18 01:52:06.130512+00
c5ab27be-5991-40eb-8ec6-75a3b16cd139,/srv/fim-watch/gen_00323.txt,file_modified,alert_only,high,2026-09-18 01:49:20.552558+00,2026-09-18 01:52:06.146807+00
f16b251c-e6f7-411d-ab4e-8612aad5e96d,/srv/fim-watch/gen_00324.txt,file_modified,alert_only,high,2026-09-18 01:49:20.652985+00,2026-09-18 01:52:06.162992+00
fc1cfbe1-94de-4ad5-a731-cca3e5523bc1,/srv/fim-watch/gen_00324.txt,file_deleted,alert_only,high,2026-09-18 01:49:20.752341+00,2026-09-18 01:52:06.179698+00
16ab4fd9-f881-4067-88b4-c474885f61b5,/srv/fim-watch/critico/gen_00248.txt,file_modified,alert_only,critical,2026-09-18 01:49:20.852386+00,2026-09-18 01:52:06.196524+00
894c20b6-0ec0-41b4-aa57-2a82a08417a5,/srv/fim-watch/critico/gen_00156.txt,file_modified,alert_only,critical,2026-09-18 01:49:20.952828+00,2026-09-18 01:52:06.213254+00
d48428b7-326e-4046-a72a-9835bded6e49,/srv/fim-watch/gen_00319.txt,file_modified,alert_only,high,2026-09-18 01:49:21.052509+00,2026-09-18 01:52:06.230288+00
3c9773f5-e08b-4f89-bd78-b71faefc5c96,/srv/fim-watch/gen_00325.txt,file_modified,alert_only,high,2026-09-18 01:49:21.152453+00,2026-09-18 01:52:06.246316+00
17ebd873-8e72-4202-a1d8-1e518947cc34,/srv/fim-watch/critico/gen_00222.txt,file_modified,alert_only,critical,2026-09-18 01:49:21.253072+00,2026-09-18 01:52:06.265161+00
a4197d42-44d2-417f-b7d5-fa59fc95789c,/srv/fim-watch/critico/gen_00253.txt,file_modified,alert_only,critical,2026-09-18 01:49:21.352818+00,2026-09-18 01:52:06.281658+00
bd1d9fa0-1733-4d05-9a54-2990df339e3f,/srv/fim-watch/gen_00326.txt,file_created,alert_only,high,2026-09-18 01:49:21.452807+00,2026-09-18 01:52:06.297949+00
1abc50fe-ddd7-41a2-9932-389e3c833b00,/srv/fim-watch/gen_00212.txt,file_deleted,alert_only,high,2026-09-18 01:49:21.552416+00,2026-09-18 01:52:06.314505+00
35d5a50a-79c4-44ff-900f-72ba02d3c0d9,/srv/fim-watch/gen_00175.txt,file_modified,alert_only,high,2026-09-18 01:49:21.653024+00,2026-09-18 01:52:06.330098+00
51b2138e-e834-492d-a69d-c723d9aa40cb,/srv/fim-watch/gen_00327.txt,file_modified,alert_only,high,2026-09-18 01:49:21.753029+00,2026-09-18 01:52:06.345271+00
e0013805-fa47-4977-8cb0-f3b38a2614a0,/srv/fim-watch/gen_00096.txt,file_modified,alert_only,high,2026-09-18 01:49:21.852612+00,2026-09-18 01:52:06.36085+00
d30cad98-2d47-45ec-b3db-9ae8bb507977,/srv/fim-watch/gen_00096.txt,file_modified,alert_only,high,2026-09-18 01:49:21.952761+00,2026-09-18 01:52:06.377785+00
5caf7ee8-7b97-4dc0-a8d6-3ebd448dc528,/srv/fim-watch/critico/gen_00328.txt,file_modified,alert_only,critical,2026-09-18 01:49:22.052671+00,2026-09-18 01:52:06.394676+00
63829cc0-1a7c-4f3a-9222-cbf0eb66689b,/srv/fim-watch/critico/gen_00328.txt,file_deleted,alert_only,critical,2026-09-18 01:49:22.15251+00,2026-09-18 01:52:06.422461+00
6dc5877f-ce89-425f-ba4f-56a6ebde0bd6,/srv/fim-watch/gen_00313.txt,file_modified,alert_only,high,2026-09-18 01:49:22.253049+00,2026-09-18 01:52:06.427866+00
e5938378-5047-4af2-9429-b0de145d01cc,/srv/fim-watch/gen_00115.txt,file_modified,alert_only,high,2026-09-18 01:49:22.35331+00,2026-09-18 01:52:06.442871+00
b4f89349-2a94-4c33-aaf3-aeb857a6eca2,/srv/fim-watch/gen_00177.txt,file_modified,alert_only,high,2026-09-18 01:49:22.45336+00,2026-09-18 01:52:06.459162+00
a462a41b-41c6-44ce-9dd3-0482bd8cdac5,/srv/fim-watch/gen_00255.txt,file_modified,alert_only,high,2026-09-18 01:49:22.552555+00,2026-09-18 01:52:06.475951+00
bb6205ac-6b9b-4563-aa0d-31630c131654,/srv/fim-watch/gen_00252.txt,file_modified,alert_only,high,2026-09-18 01:49:22.65268+00,2026-09-18 01:52:06.493161+00
b9edfc72-3cf0-493d-b50b-235bd447dab1,/srv/fim-watch/gen_00329.txt,file_modified,alert_only,high,2026-09-18 01:49:22.753266+00,2026-09-18 01:52:06.51063+00
f9fe118a-61cc-4659-9101-c55271052a43,/srv/fim-watch/gen_00152.txt,file_modified,alert_only,high,2026-09-18 01:49:22.852731+00,2026-09-18 01:52:06.527747+00
cd80b69f-6092-4478-9d3a-d4add506f8ea,/srv/fim-watch/gen_00171.txt,file_modified,alert_only,high,2026-09-18 01:49:22.953205+00,2026-09-18 01:52:06.543731+00
f92418d5-5498-49e3-a20e-0fd0ad845787,/srv/fim-watch/gen_00279.txt,file_modified,alert_only,high,2026-09-18 01:49:23.052626+00,2026-09-18 01:52:06.560618+00
9e97c1dc-1607-451a-8860-4174e64c308a,/srv/fim-watch/gen_00088.txt,file_modified,alert_only,high,2026-09-18 01:49:23.152656+00,2026-09-18 01:52:06.577607+00
deb6ac26-08ad-4886-9838-73ac2ee864c2,/srv/fim-watch/critico/gen_00330.txt,file_created,alert_only,critical,2026-09-18 01:49:23.252753+00,2026-09-18 01:52:06.594912+00
ac54d6c5-a270-4ac5-99d0-37d6a01f956a,/srv/fim-watch/gen_00331.txt,file_modified,alert_only,high,2026-09-18 01:49:23.352989+00,2026-09-18 01:52:06.611721+00
bf1ec385-cb37-4f32-845c-be71d5684cdf,/srv/fim-watch/gen_00078.txt,file_deleted,alert_only,high,2026-09-18 01:49:23.452997+00,2026-09-18 01:52:06.6286+00
b0675de1-0425-49eb-969b-fd7081de702e,/srv/fim-watch/gen_00266.txt,file_modified,alert_only,high,2026-09-18 01:49:23.55238+00,2026-09-18 01:52:06.644319+00
006aa8fa-acd2-4a99-8fb2-ed48ef03809b,/srv/fim-watch/gen_00088.txt,file_modified,alert_only,high,2026-09-18 01:49:23.652815+00,2026-09-18 01:52:06.65999+00
f9fcb7cb-fb2e-4a3e-9b64-f680c81cd1f3,/srv/fim-watch/gen_00225.txt,file_modified,alert_only,high,2026-09-18 01:49:23.753199+00,2026-09-18 01:52:06.677103+00
7c791f8f-14ab-46af-93c8-efb50ff4baae,/srv/fim-watch/gen_00255.txt,file_modified,alert_only,high,2026-09-18 01:49:23.853068+00,2026-09-18 01:52:06.694502+00
92b91f14-d14a-48be-842a-080bb9be177b,/srv/fim-watch/gen_00160.txt,file_modified,alert_only,high,2026-09-18 01:49:23.953261+00,2026-09-18 01:52:06.711583+00
12fef339-0d49-454f-9ac0-56b99d2c6531,/srv/fim-watch/gen_00160.txt,file_modified,alert_only,high,2026-09-18 01:49:24.052585+00,2026-09-18 01:52:06.728303+00
8f4bace5-08ea-4d10-8cb2-87a43271daf7,/srv/fim-watch/gen_00157.txt,file_modified,alert_only,high,2026-09-18 01:49:24.152507+00,2026-09-18 01:52:06.743794+00
b813b3e5-26f4-4c6f-910a-1127d1cff83a,/srv/fim-watch/gen_00157.txt,file_modified,alert_only,high,2026-09-18 01:49:24.252652+00,2026-09-18 01:52:06.758843+00
3586797f-f188-4a4e-a645-0a77da2d5564,/srv/fim-watch/gen_00157.txt,file_modified,alert_only,high,2026-09-18 01:49:24.352955+00,2026-09-18 01:52:06.774271+00
a365f168-56ac-4f6f-9f55-c514957c1264,/srv/fim-watch/gen_00157.txt,file_modified,alert_only,high,2026-09-18 01:49:24.453119+00,2026-09-18 01:52:06.790411+00
c8bf62ae-6e23-4d4a-b9cc-792a49ada475,/srv/fim-watch/gen_00157.txt,file_modified,alert_only,high,2026-09-18 01:49:24.552403+00,2026-09-18 01:52:06.80824+00
2af16f91-ab07-48e7-a756-bbecefb63b2a,/srv/fim-watch/gen_00206.txt,file_modified,alert_only,high,2026-09-18 01:49:24.652394+00,2026-09-18 01:52:06.826577+00
d27e53c2-44f8-4af5-bfad-a5f9d7ebeb57,/srv/fim-watch/gen_00256.txt,file_modified,alert_only,high,2026-09-18 01:49:24.753128+00,2026-09-18 01:52:06.844764+00
06b90c89-a83b-4054-942c-b6c5de0f774d,/srv/fim-watch/gen_00281.txt,file_deleted,alert_only,high,2026-09-18 01:49:24.853449+00,2026-09-18 01:52:06.861629+00
d2bd2e38-c5d4-41fc-82f3-26b99155033e,/srv/fim-watch/critico/gen_00332.txt,file_modified,alert_only,critical,2026-09-18 01:49:24.953072+00,2026-09-18 01:52:06.878588+00
8ca2181d-5517-456b-89c0-ca718d826be3,/srv/fim-watch/gen_00096.txt,file_modified,alert_only,high,2026-09-18 01:49:25.053043+00,2026-09-18 01:52:06.898957+00
759b57ff-1d31-44ee-b956-5b416c254df9,/srv/fim-watch/gen_00327.txt,file_deleted,alert_only,high,2026-09-18 01:49:25.152276+00,2026-09-18 01:52:06.915201+00
e0d21384-30ea-4701-afca-9cef7ec2bc94,/srv/fim-watch/critico/gen_00280.txt,file_modified,alert_only,critical,2026-09-18 01:49:25.2522+00,2026-09-18 01:52:06.931314+00
e6019a90-d175-40b8-95c9-c16fea37cd6c,/srv/fim-watch/gen_00273.txt,file_deleted,alert_only,high,2026-09-18 01:49:25.352728+00,2026-09-18 01:52:06.950416+00
bf915faf-7909-424c-83e5-d3dff64f436a,/srv/fim-watch/critico/gen_00248.txt,file_modified,alert_only,critical,2026-09-18 01:49:25.453165+00,2026-09-18 01:52:06.964155+00
13c0421e-b8d8-48a0-b2c5-ab6d575830ad,/srv/fim-watch/gen_00128.txt,file_modified,alert_only,high,2026-09-18 01:49:25.552495+00,2026-09-18 01:52:06.982523+00
378ada82-13c8-40a4-93e1-11814f9405e1,/srv/fim-watch/gen_00152.txt,file_modified,alert_only,high,2026-09-18 01:49:25.652693+00,2026-09-18 01:52:06.99912+00
e8adb8f4-9712-43a7-abe3-7b5a894ac850,/srv/fim-watch/gen_00317.txt,file_modified,alert_only,high,2026-09-18 01:49:25.752281+00,2026-09-18 01:52:07.013325+00
b7c6b2ba-a3be-4c3c-9fa0-6e51c8b83b7a,/srv/fim-watch/critico/gen_00287.txt,file_deleted,alert_only,critical,2026-09-18 01:49:25.85196+00,2026-09-18 01:52:07.025946+00
6a766c3d-2a40-4665-8d98-827ad5137a7f,/srv/fim-watch/critico/gen_00332.txt,file_modified,alert_only,critical,2026-09-18 01:49:25.952951+00,2026-09-18 01:52:07.041881+00
c62b6c45-9212-4976-8bb4-e28799f9d949,/srv/fim-watch/gen_00179.txt,file_modified,alert_only,high,2026-09-18 01:49:26.052779+00,2026-09-18 01:52:07.05843+00
8abbc287-d88b-4c52-9f66-ab140fef4714,/srv/fim-watch/gen_00219.txt,file_modified,alert_only,high,2026-09-18 01:49:26.152839+00,2026-09-18 01:52:07.076836+00
d04e5280-6e4e-4542-86d7-06770c24e7de,/srv/fim-watch/critico/gen_00242.txt,file_modified,alert_only,critical,2026-09-18 01:49:26.25331+00,2026-09-18 01:52:07.08993+00
ac86cc8e-55fb-49bc-9fec-5baf77fe3080,/srv/fim-watch/gen_00279.txt,file_modified,alert_only,high,2026-09-18 01:49:26.353121+00,2026-09-18 01:52:07.103248+00
a4b7eac9-ad03-49c5-a3f2-bf858abb52e5,/srv/fim-watch/gen_00042.txt,file_modified,alert_only,high,2026-09-18 01:49:26.453305+00,2026-09-18 01:52:07.116827+00
63b4c76b-d4f1-4c6f-95d1-09d7ab20a6eb,/srv/fim-watch/gen_00311.txt,file_modified,alert_only,high,2026-09-18 01:49:26.554386+00,2026-09-18 01:52:07.129084+00
8511e974-b5c7-439f-a650-523c2fbc97bf,/srv/fim-watch/gen_00311.txt,file_modified,alert_only,high,2026-09-18 01:49:26.653292+00,2026-09-18 01:52:07.142264+00
9c3f0bc3-f16c-4644-a43e-4827897d441a,/srv/fim-watch/gen_00254.txt,file_modified,alert_only,high,2026-09-18 01:49:26.753491+00,2026-09-18 01:52:07.157335+00
cf846eae-1611-4710-8e73-4012630ab591,/srv/fim-watch/critico/gen_00304.txt,file_modified,alert_only,critical,2026-09-18 01:49:26.852831+00,2026-09-18 01:52:07.172586+00
b1578b76-6353-4c3c-bddb-ed405dac3b63,/srv/fim-watch/gen_00126.txt,file_modified,alert_only,high,2026-09-18 01:49:26.953262+00,2026-09-18 01:52:07.188612+00
34819f24-ec5b-4fbc-a721-d418b3962eeb,/srv/fim-watch/gen_00301.txt,file_modified,alert_only,high,2026-09-18 01:49:27.052955+00,2026-09-18 01:52:07.204568+00
b2f5ad05-456c-4d7d-973a-d6777d9683b9,/srv/fim-watch/gen_00286.txt,file_modified,alert_only,high,2026-09-18 01:49:27.153386+00,2026-09-18 01:52:07.229076+00
43541016-0686-4d30-a06e-db9856026f0d,/srv/fim-watch/critico/gen_00333.txt,file_modified,alert_only,critical,2026-09-18 01:49:27.252464+00,2026-09-18 01:52:07.235568+00
e421cf1e-8d2f-4a98-8b5b-9095f0bc3031,/srv/fim-watch/critico/gen_00183.txt,file_modified,alert_only,critical,2026-09-18 01:49:27.352795+00,2026-09-18 01:52:07.252192+00
e21e5eee-df66-49a8-977e-a428150e7d3b,/srv/fim-watch/critico/gen_00183.txt,file_modified,alert_only,critical,2026-09-18 01:49:27.453461+00,2026-09-18 01:52:07.267837+00
8b980c6c-cbc5-4e46-87e7-0ae8bc8620a1,/srv/fim-watch/gen_00166.txt,file_modified,alert_only,high,2026-09-18 01:49:27.552972+00,2026-09-18 01:52:07.283163+00
d6434ee3-bf98-4a91-9dc1-941b83d0f2e0,/srv/fim-watch/gen_00334.txt,file_modified,alert_only,high,2026-09-18 01:49:27.652804+00,2026-09-18 01:52:07.29826+00
0d848f64-9eed-40d5-b4bd-e9f1219ba609,/srv/fim-watch/gen_00335.txt,file_created,alert_only,high,2026-09-18 01:49:27.753141+00,2026-09-18 01:52:07.313181+00
8de27601-187e-4b7a-90d3-878f95cbe26d,/srv/fim-watch/gen_00241.txt,file_modified,alert_only,high,2026-09-18 01:49:27.852497+00,2026-09-18 01:52:07.328385+00
d1d6738b-4b36-4bfd-8a58-eef1a3c415d7,/srv/fim-watch/gen_00125.txt,file_modified,alert_only,high,2026-09-18 01:49:27.952972+00,2026-09-18 01:52:07.343548+00
c29fee33-e531-4192-a8d5-daea364ccdc7,/srv/fim-watch/gen_00260.txt,file_modified,alert_only,high,2026-09-18 01:49:28.05256+00,2026-09-18 01:52:07.358307+00
53984769-34e6-4421-9cea-93126aa30941,/srv/fim-watch/gen_00337.txt,file_modified,alert_only,high,2026-09-18 01:49:28.253379+00,2026-09-18 01:52:07.373451+00
8f2d023e-7e60-45e9-be03-b8afeacdf513,/srv/fim-watch/gen_00337.txt,file_deleted,alert_only,high,2026-09-18 01:49:28.352686+00,2026-09-18 01:52:07.388799+00
f1c56f0e-ceaf-433c-95a7-cc9c025fe54d,/srv/fim-watch/gen_00219.txt,file_modified,alert_only,high,2026-09-18 01:49:28.453434+00,2026-09-18 01:52:07.405301+00
c85db67e-9397-4626-a6d5-044f51e91681,/srv/fim-watch/critico/gen_00276.txt,file_deleted,alert_only,critical,2026-09-18 01:49:28.552647+00,2026-09-18 01:52:07.421254+00
dcad188c-cb54-43a1-a91b-bbacc67d33ce,/srv/fim-watch/gen_00177.txt,file_modified,alert_only,high,2026-09-18 01:49:28.653055+00,2026-09-18 01:52:07.436449+00
9ad06383-498d-4606-92cc-5e2acf1206fc,/srv/fim-watch/gen_00338.txt,file_modified,alert_only,high,2026-09-18 01:49:28.753246+00,2026-09-18 01:52:07.452713+00
9f73b132-b65b-4c24-84db-bcd3ec7a0ad1,/srv/fim-watch/gen_00176.txt,file_deleted,alert_only,high,2026-09-18 01:49:28.852616+00,2026-09-18 01:52:07.470424+00
c7af545d-c1a8-472b-bb66-4cf9595f4c21,/srv/fim-watch/gen_00301.txt,file_deleted,alert_only,high,2026-09-18 01:49:28.952642+00,2026-09-18 01:52:07.485359+00
a7f48c88-595b-43f9-92f3-bf14d97ca9ec,/srv/fim-watch/gen_00126.txt,file_modified,alert_only,high,2026-09-18 01:49:29.052557+00,2026-09-18 01:52:07.500303+00
03fe9e8b-c9c2-4054-b96d-9c116d42ed8b,/srv/fim-watch/gen_00135.txt,file_deleted,alert_only,high,2026-09-18 01:49:29.152627+00,2026-09-18 01:52:07.514213+00
eeaec97b-163b-4e93-a31b-3a5b9947fbc0,/srv/fim-watch/critico/gen_00184.txt,file_modified,alert_only,critical,2026-09-18 01:49:29.25316+00,2026-09-18 01:52:07.527887+00
d26ea86f-7d38-4caa-9577-f635653155e6,/srv/fim-watch/gen_00292.txt,file_deleted,alert_only,high,2026-09-18 01:49:29.353063+00,2026-09-18 01:52:07.543214+00
3430fbd1-5d0f-448a-88de-e0d79c8325de,/srv/fim-watch/gen_00071.txt,file_modified,alert_only,high,2026-09-18 01:49:29.45322+00,2026-09-18 01:52:07.558023+00
585a2752-d738-4c7a-9c0f-91cabd88e8ad,/srv/fim-watch/gen_00339.txt,file_modified,alert_only,high,2026-09-18 01:49:29.552365+00,2026-09-18 01:52:07.572422+00
bfebc188-df66-4021-b8c9-65f5539bff78,/srv/fim-watch/gen_00338.txt,file_deleted,alert_only,high,2026-09-18 01:49:29.652985+00,2026-09-18 01:52:07.58684+00
917c86f5-f106-4901-9356-910f6e0258fc,/srv/fim-watch/critico/gen_00310.txt,file_modified,alert_only,critical,2026-09-18 01:49:29.752826+00,2026-09-18 01:52:07.603727+00
7a84f29c-78c7-43e9-83c6-d588d0b1a48e,/srv/fim-watch/gen_00206.txt,file_modified,alert_only,high,2026-09-18 01:49:29.852826+00,2026-09-18 01:52:07.620635+00
a3cd93ee-3cd7-4f14-9e62-074c17a53aa0,/srv/fim-watch/gen_00206.txt,file_modified,alert_only,high,2026-09-18 01:49:29.952742+00,2026-09-18 01:52:07.636139+00
ee1cf75d-9bd1-4c74-87d5-a388c2420801,/srv/fim-watch/gen_00206.txt,file_modified,alert_only,high,2026-09-18 01:49:30.052432+00,2026-09-18 01:52:07.648883+00
3cdaadf0-7b66-4e41-8dd5-d7a61589c4a7,/srv/fim-watch/gen_00206.txt,file_modified,alert_only,high,2026-09-18 01:49:30.153152+00,2026-09-18 01:52:07.662707+00
6fe3243b-6388-41f4-8961-5d2875ab1e7c,/srv/fim-watch/gen_00206.txt,file_modified,alert_only,high,2026-09-18 01:49:30.253097+00,2026-09-18 01:52:07.674347+00
573ab5d4-2db9-41ce-b3ff-6faffc018da6,/srv/fim-watch/gen_00256.txt,file_modified,alert_only,high,2026-09-18 01:49:30.354285+00,2026-09-18 01:52:07.688595+00
3464f66e-f960-4d41-bd9b-bac674db844e,/srv/fim-watch/gen_00088.txt,file_deleted,alert_only,high,2026-09-18 01:49:30.452232+00,2026-09-18 01:52:07.703602+00
124510fe-fe18-4491-9ea4-158597e4f0f4,/srv/fim-watch/critico/gen_00191.txt,file_modified,alert_only,critical,2026-09-18 01:49:30.552783+00,2026-09-18 01:52:07.716495+00
c7d36262-cd70-4555-b4bb-41e2d0ce1034,/srv/fim-watch/critico/gen_00191.txt,file_modified,alert_only,critical,2026-09-18 01:49:30.65307+00,2026-09-18 01:52:07.731122+00
5b439a91-11ed-4e3c-8b20-4e97458bb370,/srv/fim-watch/critico/gen_00262.txt,file_modified,alert_only,critical,2026-09-18 01:49:30.753111+00,2026-09-18 01:52:07.744125+00
1cf5877c-3713-4834-b206-2949e9e167d0,/srv/fim-watch/gen_00126.txt,file_modified,alert_only,high,2026-09-18 01:49:30.853267+00,2026-09-18 01:52:07.755385+00
3200db50-995c-4ca5-b494-3fcab59e40fc,/srv/fim-watch/gen_00246.txt,file_deleted,alert_only,high,2026-09-18 01:49:30.95252+00,2026-09-18 01:52:07.766643+00
c225d37d-d79d-4ce0-aa2c-f29dfa04f9cd,/srv/fim-watch/gen_00179.txt,file_modified,alert_only,high,2026-09-18 01:49:31.053298+00,2026-09-18 01:52:07.778559+00
5d00a56b-d559-487c-9846-12b092dd6147,/srv/fim-watch/gen_00317.txt,file_modified,alert_only,high,2026-09-18 01:49:31.1526+00,2026-09-18 01:52:07.79121+00
241ee5e9-e19c-4d9b-8309-ec0d3bb79d1f,/srv/fim-watch/gen_00340.txt,file_modified,alert_only,high,2026-09-18 01:49:31.252933+00,2026-09-18 01:52:07.806874+00
a120699d-9cd2-4c06-8eef-68c156f473ee,/srv/fim-watch/gen_00108.txt,file_modified,alert_only,high,2026-09-18 01:49:31.352922+00,2026-09-18 01:52:07.820718+00
e0ba5074-4586-4fbe-aabf-639134455273,/srv/fim-watch/gen_00193.txt,file_modified,alert_only,high,2026-09-18 01:49:31.453187+00,2026-09-18 01:52:07.836942+00
fba39466-3649-4443-b34f-1fb912a74537,/srv/fim-watch/critico/gen_00184.txt,file_modified,alert_only,critical,2026-09-18 01:49:31.552791+00,2026-09-18 01:52:07.856155+00
1b5a49d7-0ce5-4893-8a77-adfb0a965aea,/srv/fim-watch/gen_00341.txt,file_modified,alert_only,high,2026-09-18 01:49:31.652731+00,2026-09-18 01:52:07.874165+00
d94fa5e3-70ba-4a05-9d76-c3481d09ea5b,/srv/fim-watch/gen_00105.txt,file_modified,alert_only,high,2026-09-18 01:49:31.752594+00,2026-09-18 01:52:07.891598+00
7eeab49b-90af-4f8a-8db5-6f7ee217408e,/srv/fim-watch/gen_00299.txt,file_modified,alert_only,high,2026-09-18 01:49:31.852548+00,2026-09-18 01:52:07.907055+00
b0fe97b7-bfd7-4545-b937-b41dbce43929,/srv/fim-watch/critico/gen_00342.txt,file_modified,alert_only,critical,2026-09-18 01:49:31.953072+00,2026-09-18 01:52:07.921457+00
be382cc3-35f8-4766-9105-d0e87e97d142,/srv/fim-watch/gen_00223.txt,file_modified,alert_only,high,2026-09-18 01:49:32.052658+00,2026-09-18 01:52:07.93842+00
d241158b-9366-49f7-9504-546544e4fee4,/srv/fim-watch/critico/gen_00343.txt,file_modified,alert_only,critical,2026-09-18 01:49:32.152304+00,2026-09-18 01:52:07.954364+00
b8aeb1a2-e18b-45c8-b62a-6160e30d8c68,/srv/fim-watch/critico/gen_00272.txt,file_modified,alert_only,critical,2026-09-18 01:49:32.252421+00,2026-09-18 01:52:07.981278+00
abc93df3-aa3e-40e4-9131-b4b38de60635,/srv/fim-watch/gen_00221.txt,file_modified,alert_only,high,2026-09-18 01:49:32.352509+00,2026-09-18 01:52:07.987706+00
e65ed03e-a64e-48e2-9ea0-1ff4d4ff7176,/srv/fim-watch/gen_00203.txt,file_modified,alert_only,high,2026-09-18 01:49:32.453122+00,2026-09-18 01:52:08.002201+00
4802ff4a-c2e2-4746-a124-1254f970d320,/srv/fim-watch/critico/gen_00344.txt,file_modified,alert_only,critical,2026-09-18 01:49:32.552363+00,2026-09-18 01:52:08.016628+00
9c53201d-a433-465c-bfd8-d028134115e7,/srv/fim-watch/gen_00151.txt,file_modified,alert_only,high,2026-09-18 01:49:32.652986+00,2026-09-18 01:52:08.030695+00
3164e5a6-1c93-405a-bc82-397567ac5113,/srv/fim-watch/gen_00282.txt,file_modified,alert_only,high,2026-09-18 01:49:32.752563+00,2026-09-18 01:52:08.044718+00
fc27b69f-1cd0-42e1-838c-4e66110c5a9a,/srv/fim-watch/gen_00282.txt,file_modified,alert_only,high,2026-09-18 01:49:32.85256+00,2026-09-18 01:52:08.058797+00
a4c72ade-9ad5-4580-87ed-633d3a5e44f9,/srv/fim-watch/gen_00282.txt,file_modified,alert_only,high,2026-09-18 01:49:32.952849+00,2026-09-18 01:52:08.074373+00
86e377d9-ed7d-484e-9ad9-86b63f5368f2,/srv/fim-watch/gen_00282.txt,file_modified,alert_only,high,2026-09-18 01:49:33.053255+00,2026-09-18 01:52:08.088585+00
8b4474f6-182c-4e30-b085-ba84cc5f28d3,/srv/fim-watch/gen_00282.txt,file_modified,alert_only,high,2026-09-18 01:49:33.153238+00,2026-09-18 01:52:08.101736+00
3b149e2e-b548-4505-b59c-2b3eb8d15937,/srv/fim-watch/gen_00231.txt,file_modified,alert_only,high,2026-09-18 01:49:33.25264+00,2026-09-18 01:52:08.114586+00
c2f596f1-638b-4b5d-8a20-f7981d95677a,/srv/fim-watch/critico/gen_00345.txt,file_modified,alert_only,critical,2026-09-18 01:49:33.35304+00,2026-09-18 01:52:08.129462+00
fd122d53-09aa-466c-bf6f-a57164ed729c,/srv/fim-watch/gen_00311.txt,file_modified,alert_only,high,2026-09-18 01:49:33.453014+00,2026-09-18 01:52:08.143722+00
cd932070-449c-4119-b596-22eb770ed899,/srv/fim-watch/gen_00263.txt,file_modified,alert_only,high,2026-09-18 01:49:33.552573+00,2026-09-18 01:52:08.156876+00
d6a6adbf-e0e3-4ad1-9b21-2eb0ef35b4af,/srv/fim-watch/critico/gen_00344.txt,file_modified,alert_only,critical,2026-09-18 01:49:33.653297+00,2026-09-18 01:52:08.169484+00
438075d6-2805-497c-b14c-6ce8a1414a24,/srv/fim-watch/gen_00235.txt,file_modified,alert_only,high,2026-09-18 01:49:33.752644+00,2026-09-18 01:52:08.180892+00
143324d1-7825-4a17-86f4-fd280678c796,/srv/fim-watch/gen_00235.txt,file_modified,alert_only,high,2026-09-18 01:49:33.852696+00,2026-09-18 01:52:08.192329+00
a0ddc6c4-a480-4daa-a9bb-8cf2a1dcafb0,/srv/fim-watch/critico/gen_00336.txt,file_modified,alert_only,critical,2026-09-18 01:49:33.952559+00,2026-09-18 01:52:08.20438+00
0e0b4f94-3277-463e-837e-8f2cae1fe7ce,/srv/fim-watch/gen_00152.txt,file_modified,alert_only,high,2026-09-18 01:49:34.052511+00,2026-09-18 01:52:08.218157+00
6a71c969-96b4-4605-9a76-c18602205f89,/srv/fim-watch/gen_00177.txt,file_modified,alert_only,high,2026-09-18 01:49:34.152751+00,2026-09-18 01:52:08.232821+00
8be30211-1248-483d-bdd4-9caa876529dc,/srv/fim-watch/gen_00311.txt,file_modified,alert_only,high,2026-09-18 01:49:34.252531+00,2026-09-18 01:52:08.248329+00
02bfe7d5-c698-455c-bfb5-0a37cbd394fb,/srv/fim-watch/critico/gen_00345.txt,file_modified,alert_only,critical,2026-09-18 01:49:34.352709+00,2026-09-18 01:52:08.264469+00
d4623576-b894-4b89-a293-f00f12203603,/srv/fim-watch/critico/gen_00345.txt,file_modified,alert_only,critical,2026-09-18 01:49:34.453161+00,2026-09-18 01:52:08.28122+00
12790f07-24b4-4149-a902-986c5a3a6e89,/srv/fim-watch/gen_00289.txt,file_modified,alert_only,high,2026-09-18 01:49:34.552734+00,2026-09-18 01:52:08.296354+00
3b8a8c23-33d2-4485-a025-d474c467ac6e,/srv/fim-watch/gen_00346.txt,file_modified,alert_only,high,2026-09-18 01:49:34.652596+00,2026-09-18 01:52:08.312187+00
1545e2fd-77ff-412b-9114-00fdad80eb11,/srv/fim-watch/gen_00171.txt,file_modified,alert_only,high,2026-09-18 01:49:34.752716+00,2026-09-18 01:52:08.327911+00
4b53ad00-2bfd-4f0c-8460-75efc21af699,/srv/fim-watch/gen_00297.txt,file_modified,alert_only,high,2026-09-18 01:49:34.853152+00,2026-09-18 01:52:08.343419+00
362fd38e-e027-4e13-b61c-31359580b6b3,/srv/fim-watch/gen_00318.txt,file_modified,alert_only,high,2026-09-18 01:49:34.952706+00,2026-09-18 01:52:08.359543+00
a39068eb-8015-40a3-9895-ed7fdefd3999,/srv/fim-watch/critico/gen_00347.txt,file_modified,alert_only,critical,2026-09-18 01:49:35.152558+00,2026-09-18 01:52:08.375913+00
6a6dcc8b-c0f1-446f-96db-c222f623e6af,/srv/fim-watch/gen_00348.txt,file_modified,alert_only,high,2026-09-18 01:49:35.253305+00,2026-09-18 01:52:08.393704+00
1f73fda9-4e1e-4232-951c-e3e75fd84864,/srv/fim-watch/gen_00126.txt,file_modified,alert_only,high,2026-09-18 01:49:35.353149+00,2026-09-18 01:52:08.410571+00
dd672d06-b887-48bc-8a06-e9db8a1c6b1a,/srv/fim-watch/gen_00349.txt,file_modified,alert_only,high,2026-09-18 01:49:35.452712+00,2026-09-18 01:52:08.428024+00
081b64e8-1b70-4d0f-9c8a-95885cfd3333,/srv/fim-watch/gen_00232.txt,file_modified,alert_only,high,2026-09-18 01:49:35.552781+00,2026-09-18 01:52:08.444813+00
a1fdbaa8-6c86-46e9-80f6-d2871efb3728,/srv/fim-watch/gen_00298.txt,file_modified,alert_only,high,2026-09-18 01:49:35.652585+00,2026-09-18 01:52:08.460163+00
d4da5e9b-da4f-4055-b2a2-c0132ff96bea,/srv/fim-watch/gen_00341.txt,file_deleted,alert_only,high,2026-09-18 01:49:35.752992+00,2026-09-18 01:52:08.475794+00
a23f7ea8-0b5e-4a51-9cec-e2babfce8fa0,/srv/fim-watch/gen_00350.txt,file_modified,alert_only,high,2026-09-18 01:49:35.852118+00,2026-09-18 01:52:08.491773+00
7a9585f4-4fba-4eec-9444-12f3ab21dca6,/srv/fim-watch/gen_00306.txt,file_modified,alert_only,high,2026-09-18 01:49:35.952062+00,2026-09-18 01:52:08.508255+00
eedb13bb-80e4-4871-b92f-11915ac6aae1,/srv/fim-watch/gen_00057.txt,file_modified,alert_only,high,2026-09-18 01:49:36.052457+00,2026-09-18 01:52:08.524073+00
edcf8e0d-9322-45a8-aac3-55485f489049,/srv/fim-watch/critico/gen_00262.txt,file_modified,alert_only,critical,2026-09-18 01:49:36.152559+00,2026-09-18 01:52:08.540611+00
546db2fc-32ee-49e9-a90b-73f756be7e64,/srv/fim-watch/critico/gen_00253.txt,file_modified,alert_only,critical,2026-09-18 01:49:36.253109+00,2026-09-18 01:52:08.557373+00
3f353c27-859b-4cc9-9e11-31cbf29f992e,/srv/fim-watch/gen_00238.txt,file_modified,alert_only,high,2026-09-18 01:49:36.351731+00,2026-09-18 01:52:08.572808+00
e026235f-6c83-4122-8026-dc7aae8efe5c,/srv/fim-watch/critico/gen_00351.txt,file_modified,alert_only,critical,2026-09-18 01:49:36.45268+00,2026-09-18 01:52:08.587558+00
2d96e3b5-0968-4b30-b231-92010441b020,/srv/fim-watch/gen_00352.txt,file_created,alert_only,high,2026-09-18 01:49:36.552398+00,2026-09-18 01:52:08.604017+00
d31973a2-b135-4144-abe0-6c75a63fbaa7,/srv/fim-watch/gen_00198.txt,file_modified,alert_only,high,2026-09-18 01:49:36.652848+00,2026-09-18 01:52:08.620588+00
26bd31a8-ace8-49bf-aa64-639b570a6475,/srv/fim-watch/gen_00299.txt,file_modified,alert_only,high,2026-09-18 01:49:36.852237+00,2026-09-18 01:52:08.635077+00
2d6ae310-626e-4cdf-aa2c-f727dc4d9196,/srv/fim-watch/gen_00064.txt,file_modified,alert_only,high,2026-09-18 01:49:36.952588+00,2026-09-18 01:52:08.651676+00
c9e245b6-8628-4081-8ab4-35024766a16e,/srv/fim-watch/gen_00348.txt,file_modified,alert_only,high,2026-09-18 01:49:37.053146+00,2026-09-18 01:52:08.6677+00
f1e8bd50-0071-4dc7-b3be-61f1d1adc9b7,/srv/fim-watch/gen_00348.txt,file_modified,alert_only,high,2026-09-18 01:49:37.15274+00,2026-09-18 01:52:08.685392+00
5d37c6a4-5ece-4f4d-b014-b9254e3a39fc,/srv/fim-watch/gen_00348.txt,file_modified,alert_only,high,2026-09-18 01:49:37.252847+00,2026-09-18 01:52:08.70195+00
4510e2da-bcb7-446e-a2e6-cd83249e5cc9,/srv/fim-watch/gen_00348.txt,file_modified,alert_only,high,2026-09-18 01:49:37.352041+00,2026-09-18 01:52:08.718855+00
4d6130cf-20d5-4972-a2ba-6173a1041f26,/srv/fim-watch/gen_00348.txt,file_modified,alert_only,high,2026-09-18 01:49:37.452601+00,2026-09-18 01:52:08.746883+00
830c42ee-4062-4c6b-9715-0029aa070c91,/srv/fim-watch/critico/gen_00209.txt,file_modified,alert_only,critical,2026-09-18 01:49:37.553038+00,2026-09-18 01:52:08.753807+00
9d57f6df-c45d-4b1e-a627-c9e69e83144e,/srv/fim-watch/gen_00266.txt,file_modified,alert_only,high,2026-09-18 01:49:37.652715+00,2026-09-18 01:52:08.770997+00
04eed6e0-2cf2-4ccd-9b67-5bfca5998b82,/srv/fim-watch/critico/gen_00330.txt,file_modified,alert_only,critical,2026-09-18 01:49:37.753134+00,2026-09-18 01:52:08.787801+00
786239d4-75a1-4736-9b52-6a4fcc4776a0,/srv/fim-watch/critico/gen_00354.txt,file_created,alert_only,critical,2026-09-18 01:49:37.852586+00,2026-09-18 01:52:08.806783+00
09503c69-00e3-4a88-9a2d-92416cb18308,/srv/fim-watch/gen_00049.txt,file_deleted,alert_only,high,2026-09-18 01:49:37.952464+00,2026-09-18 01:52:08.825567+00
ab1ad347-56e1-4ca8-9223-9e37540d81a7,/srv/fim-watch/gen_00279.txt,file_modified,alert_only,high,2026-09-18 01:49:38.052706+00,2026-09-18 01:52:08.843787+00
b54938e1-1be4-4fe4-80f5-69c67cb157ca,/srv/fim-watch/gen_00279.txt,file_modified,alert_only,high,2026-09-18 01:49:38.152498+00,2026-09-18 01:52:08.860431+00
4dbc24fb-7929-4ee8-aab6-f2b9436817ca,/srv/fim-watch/gen_00282.txt,file_modified,alert_only,high,2026-09-18 01:49:38.252649+00,2026-09-18 01:52:08.878117+00
b4c5ccc1-ac44-42c6-892d-953e0422da9d,/srv/fim-watch/gen_00282.txt,file_modified,alert_only,high,2026-09-18 01:49:38.35274+00,2026-09-18 01:52:08.89911+00
bf07fa7d-aa5f-4e3c-bf2f-0e4ca32daba0,/srv/fim-watch/gen_00275.txt,file_modified,alert_only,high,2026-09-18 01:49:38.452919+00,2026-09-18 01:52:08.919343+00
4920876c-48b4-49d2-a264-1d36cf4efdf3,/srv/fim-watch/gen_00275.txt,file_modified,alert_only,high,2026-09-18 01:49:38.553302+00,2026-09-18 01:52:08.937848+00
227d3c13-c956-4fc5-bc1a-093732d8698e,/srv/fim-watch/gen_00275.txt,file_modified,alert_only,high,2026-09-18 01:49:38.652147+00,2026-09-18 01:52:08.956089+00
65074533-8000-4b85-9628-fee750b931ca,/srv/fim-watch/gen_00275.txt,file_modified,alert_only,high,2026-09-18 01:49:38.752423+00,2026-09-18 01:52:08.973933+00
6b6e6ecd-c1a2-4ec3-9f6d-5ef7c07d9cad,/srv/fim-watch/gen_00275.txt,file_modified,alert_only,high,2026-09-18 01:49:38.852616+00,2026-09-18 01:52:08.989613+00
19de614c-64ca-4869-a272-451f39185e8f,/srv/fim-watch/gen_00325.txt,file_modified,alert_only,high,2026-09-18 01:49:38.952536+00,2026-09-18 01:52:09.006495+00
8af43ea9-f88f-4659-b280-e3eba9a9b0b9,/srv/fim-watch/gen_00355.txt,file_modified,alert_only,high,2026-09-18 01:49:39.052974+00,2026-09-18 01:52:09.024408+00
4393844c-cda0-4712-a308-0369808f9f72,/srv/fim-watch/gen_00162.txt,file_deleted,alert_only,high,2026-09-18 01:49:39.152555+00,2026-09-18 01:52:09.041549+00
1d57118c-601f-4cad-a660-97287ba3c613,/srv/fim-watch/gen_00356.txt,file_created,alert_only,high,2026-09-18 01:49:39.253049+00,2026-09-18 01:52:09.058842+00
7c56fce5-5522-4cc2-9970-76a5061fb35f,/srv/fim-watch/gen_00357.txt,file_created,alert_only,high,2026-09-18 01:49:39.352632+00,2026-09-18 01:52:09.07523+00
08aa85f6-8c73-405a-89a7-85bec81fb26b,/srv/fim-watch/gen_00358.txt,file_modified,alert_only,high,2026-09-18 01:49:39.452465+00,2026-09-18 01:52:09.090938+00
053c007c-d787-42f6-aede-72c15ac8b3d1,/srv/fim-watch/gen_00359.txt,file_created,alert_only,high,2026-09-18 01:49:39.552442+00,2026-09-18 01:52:09.107745+00
0d02fca0-f567-4e24-8ea2-8eefa2195929,/srv/fim-watch/gen_00230.txt,file_modified,alert_only,high,2026-09-18 01:49:39.652801+00,2026-09-18 01:52:09.125596+00
e1af6f58-ed95-4d0d-ab3f-e3713f2bc791,/srv/fim-watch/gen_00263.txt,file_modified,alert_only,high,2026-09-18 01:49:39.752728+00,2026-09-18 01:52:09.142858+00
ec4e56f1-c603-4a80-8983-45e23c53ed14,/srv/fim-watch/gen_00263.txt,file_modified,alert_only,high,2026-09-18 01:49:39.852962+00,2026-09-18 01:52:09.160077+00
94b117e0-29be-4112-8058-b4529a0a4ed1,/srv/fim-watch/gen_00360.txt,file_created,alert_only,high,2026-09-18 01:49:39.952638+00,2026-09-18 01:52:09.176949+00
8fac2912-cf4b-4b67-b605-fc6ddf4e30f9,/srv/fim-watch/gen_00360.txt,file_deleted,alert_only,high,2026-09-18 01:49:40.052079+00,2026-09-18 01:52:09.195074+00
efa3c819-d4c6-451e-9909-f667bebefff9,/srv/fim-watch/gen_00308.txt,file_modified,alert_only,high,2026-09-18 01:49:40.152694+00,2026-09-18 01:52:09.212403+00
3dfd4b3e-baf1-44bd-ba88-fd7931155352,/srv/fim-watch/critico/gen_00361.txt,file_modified,alert_only,critical,2026-09-18 01:49:40.252893+00,2026-09-18 01:52:09.226508+00
9964983d-5495-488c-926d-91807d958918,/srv/fim-watch/gen_00177.txt,file_modified,alert_only,high,2026-09-18 01:49:40.353006+00,2026-09-18 01:52:09.242454+00
8c60507f-8760-40b8-837e-6f5945f837de,/srv/fim-watch/gen_00177.txt,file_modified,alert_only,high,2026-09-18 01:49:40.453103+00,2026-09-18 01:52:09.260501+00
f4161909-f253-47e1-a70b-72de17227794,/srv/fim-watch/gen_00362.txt,file_modified,alert_only,high,2026-09-18 01:49:40.553013+00,2026-09-18 01:52:09.274237+00
44b549ad-5200-4481-adcc-b6b232a30133,/srv/fim-watch/gen_00266.txt,file_modified,alert_only,high,2026-09-18 01:49:40.652676+00,2026-09-18 01:52:09.287359+00
618a0200-9d09-4180-8d37-6871ba9d6dfc,/srv/fim-watch/gen_00196.txt,file_modified,alert_only,high,2026-09-18 01:49:40.752515+00,2026-09-18 01:52:09.299935+00
dee30827-ed2a-4681-93cd-4b382d09b607,/srv/fim-watch/gen_00198.txt,file_modified,alert_only,high,2026-09-18 01:49:40.852487+00,2026-09-18 01:52:09.312227+00
18cd6990-d853-449d-a875-93f0141e59f1,/srv/fim-watch/gen_00329.txt,file_modified,alert_only,high,2026-09-18 01:49:40.952094+00,2026-09-18 01:52:09.326311+00
669844c0-3ab3-4db3-a305-3f06a7bacdf7,/srv/fim-watch/gen_00329.txt,file_modified,alert_only,high,2026-09-18 01:49:41.052769+00,2026-09-18 01:52:09.340871+00
e3a00844-a145-445d-9695-726c2e06b3bd,/srv/fim-watch/gen_00311.txt,file_modified,alert_only,high,2026-09-18 01:49:41.152772+00,2026-09-18 01:52:09.357346+00
11005ed5-01ee-4279-8733-5014b3ab2cc6,/srv/fim-watch/gen_00363.txt,file_created,alert_only,high,2026-09-18 01:49:41.253041+00,2026-09-18 01:52:09.374685+00
13bde815-aa75-4835-b1a7-b0df01387f0e,/srv/fim-watch/gen_00363.txt,file_deleted,alert_only,high,2026-09-18 01:49:41.3526+00,2026-09-18 01:52:09.391102+00
6f03e13a-7512-49dd-a704-b2e6999212fa,/srv/fim-watch/critico/gen_00053.txt,file_modified,alert_only,critical,2026-09-18 01:49:41.452661+00,2026-09-18 01:52:09.407417+00
a0dbea76-b917-4ee3-8abc-e2ff08c786a6,/srv/fim-watch/critico/gen_00061.txt,file_modified,alert_only,critical,2026-09-18 01:49:41.553327+00,2026-09-18 01:52:09.423794+00
62bc60c0-a28f-4ec8-83c8-a33b0cd8a021,/srv/fim-watch/critico/gen_00061.txt,file_modified,alert_only,critical,2026-09-18 01:49:41.652961+00,2026-09-18 01:52:09.440503+00
6d259d5e-e91f-4168-a2b0-25bdbe26acd1,/srv/fim-watch/gen_00364.txt,file_created,alert_only,high,2026-09-18 01:49:41.753011+00,2026-09-18 01:52:09.457472+00
901d5aca-d8c8-444d-bf50-60e17a93c05c,/srv/fim-watch/gen_00295.txt,file_modified,alert_only,high,2026-09-18 01:49:41.853404+00,2026-09-18 01:52:09.475219+00
53eb91a0-bbd8-4126-9e19-bd1dc12c4fa6,/srv/fim-watch/gen_00250.txt,file_modified,alert_only,high,2026-09-18 01:49:41.952898+00,2026-09-18 01:52:09.492993+00
e08b98f9-9b8e-4b3c-8d94-b0fc37402d60,/srv/fim-watch/critico/gen_00130.txt,file_modified,alert_only,critical,2026-09-18 01:49:42.052246+00,2026-09-18 01:52:09.509865+00
d0895a8d-4b84-4677-a535-afeb247c3001,/srv/fim-watch/critico/gen_00304.txt,file_modified,alert_only,critical,2026-09-18 01:49:42.152565+00,2026-09-18 01:52:09.52668+00
c5c1ceb1-9784-4dc6-868e-56bffacd8041,/srv/fim-watch/gen_00057.txt,file_deleted,alert_only,high,2026-09-18 01:49:42.251799+00,2026-09-18 01:52:09.543997+00
ba1b3076-369c-4b9a-ac40-f3eb3d885cce,/srv/fim-watch/critico/gen_00353.txt,file_modified,alert_only,critical,2026-09-18 01:49:42.352946+00,2026-09-18 01:52:09.559825+00
e08c8299-f837-4efe-ba1d-cf7253c5b43a,/srv/fim-watch/gen_00365.txt,file_created,alert_only,high,2026-09-18 01:49:42.452784+00,2026-09-18 01:52:09.585944+00
e90ce9e7-8178-4024-9b40-fd3cf424408b,/srv/fim-watch/gen_00096.txt,file_modified,alert_only,high,2026-09-18 01:49:42.552626+00,2026-09-18 01:52:09.593187+00
aab558e5-4997-45b2-9ce8-f3a086e15f08,/srv/fim-watch/gen_00096.txt,file_modified,alert_only,high,2026-09-18 01:49:42.652952+00,2026-09-18 01:52:09.613548+00
75912482-54ec-4d50-a92e-7366ff8ef28c,/srv/fim-watch/gen_00104.txt,file_deleted,alert_only,high,2026-09-18 01:49:42.75295+00,2026-09-18 01:52:09.632095+00
1d26fc89-e8a9-421c-803d-dccf9d42a5f9,/srv/fim-watch/gen_00366.txt,file_modified,alert_only,high,2026-09-18 01:49:42.853214+00,2026-09-18 01:52:09.650544+00
9b4651ce-41eb-4129-b532-8915000aded6,/srv/fim-watch/critico/gen_00189.txt,file_modified,alert_only,critical,2026-09-18 01:49:42.953559+00,2026-09-18 01:52:09.669199+00
54805c7c-a886-4a20-b77e-baea29b7c5ee,/srv/fim-watch/gen_00214.txt,file_deleted,alert_only,high,2026-09-18 01:49:43.053186+00,2026-09-18 01:52:09.688217+00
66d259b1-8dec-46cb-8c01-2d368caaa17f,/srv/fim-watch/gen_00367.txt,file_modified,alert_only,high,2026-09-18 01:49:43.152533+00,2026-09-18 01:52:09.707129+00
458b30b5-7af7-4f42-a48a-69a6295e03ce,/srv/fim-watch/gen_00368.txt,file_modified,alert_only,high,2026-09-18 01:49:43.252994+00,2026-09-18 01:52:09.724744+00
ffee020a-4ffb-43db-9787-f38196407680,/srv/fim-watch/critico/gen_00183.txt,file_modified,alert_only,critical,2026-09-18 01:49:43.352963+00,2026-09-18 01:52:09.741982+00
6484d831-63c7-4ae2-9029-3cfcd22edd6b,/srv/fim-watch/critico/gen_00183.txt,file_modified,alert_only,critical,2026-09-18 01:49:43.45318+00,2026-09-18 01:52:09.758896+00
7e02e7a1-0ac7-412c-b225-71386559ab5a,/srv/fim-watch/critico/gen_00183.txt,file_modified,alert_only,critical,2026-09-18 01:49:43.552759+00,2026-09-18 01:52:09.776403+00
ad5e1592-546e-424b-8f47-fb8c4075a363,/srv/fim-watch/critico/gen_00183.txt,file_modified,alert_only,critical,2026-09-18 01:49:43.652688+00,2026-09-18 01:52:09.795837+00
6049bbc1-11b8-4401-9680-5b21fa4c7899,/srv/fim-watch/critico/gen_00183.txt,file_modified,alert_only,critical,2026-09-18 01:49:43.753019+00,2026-09-18 01:52:09.813759+00
5653c414-00df-4c15-a14d-0349afb2be42,/srv/fim-watch/gen_00311.txt,file_modified,alert_only,high,2026-09-18 01:49:43.952593+00,2026-09-18 01:52:09.829607+00
a8579e91-05e5-4984-b0b0-d07d05d1ef9c,/srv/fim-watch/gen_00256.txt,file_modified,alert_only,high,2026-09-18 01:49:44.152964+00,2026-09-18 01:52:09.844579+00
a955f6ff-ba2e-4f3e-a2f5-6ee3d7a5857e,/srv/fim-watch/critico/gen_00251.txt,file_modified,alert_only,critical,2026-09-18 01:49:44.253189+00,2026-09-18 01:52:09.860257+00
d01c3502-c9e5-43e1-b178-d67b26d0b78f,/srv/fim-watch/gen_00187.txt,file_modified,alert_only,high,2026-09-18 01:49:44.353017+00,2026-09-18 01:52:09.875883+00
d3d79f38-c4c0-402f-86fa-41dadda079d1,/srv/fim-watch/gen_00318.txt,file_deleted,alert_only,high,2026-09-18 01:49:44.453199+00,2026-09-18 01:52:09.895227+00
6bc31c39-48ed-4756-854c-0e5da0408b43,/srv/fim-watch/critico/gen_00343.txt,file_modified,alert_only,critical,2026-09-18 01:49:44.552631+00,2026-09-18 01:52:09.913857+00
1d8744ff-ad05-4be8-84a1-d277ad413713,/srv/fim-watch/critico/gen_00351.txt,file_modified,alert_only,critical,2026-09-18 01:49:44.652762+00,2026-09-18 01:52:09.932799+00
0d6aadea-745e-47a7-af2a-e259e77ce46a,/srv/fim-watch/critico/gen_00371.txt,file_modified,alert_only,critical,2026-09-18 01:49:44.752678+00,2026-09-18 01:52:09.949426+00
af93ec76-ab77-487a-8659-835703b0067d,/srv/fim-watch/gen_00215.txt,file_modified,alert_only,high,2026-09-18 01:49:44.853017+00,2026-09-18 01:52:09.966272+00
a43f1673-5c3e-46b7-aee3-ea381c5be72b,/srv/fim-watch/critico/gen_00344.txt,file_modified,alert_only,critical,2026-09-18 01:49:44.952914+00,2026-09-18 01:52:09.98268+00
ade5991a-6569-4672-8d36-2f4903dbcaaf,/srv/fim-watch/gen_00372.txt,file_modified,alert_only,high,2026-09-18 01:49:45.052565+00,2026-09-18 01:52:09.999844+00
be6cb58e-4d66-42fb-92a5-0b2402b0abbe,/srv/fim-watch/gen_00372.txt,file_deleted,alert_only,high,2026-09-18 01:49:45.152306+00,2026-09-18 01:52:10.01702+00
dfed2e3c-a7ee-4a18-ad56-40a316c37508,/srv/fim-watch/critico/gen_00248.txt,file_deleted,alert_only,critical,2026-09-18 01:49:45.252455+00,2026-09-18 01:52:10.034023+00
0c29d130-b065-42c4-83c7-d7910ae64572,/srv/fim-watch/gen_00264.txt,file_modified,alert_only,high,2026-09-18 01:49:45.352487+00,2026-09-18 01:52:10.051128+00
d90bf1f5-d9e0-4d20-abb1-115da69f6d52,/srv/fim-watch/gen_00357.txt,file_deleted,alert_only,high,2026-09-18 01:49:45.452653+00,2026-09-18 01:52:10.069524+00
3bea0374-af60-406c-a9ef-802bc2330d8b,/srv/fim-watch/critico/gen_00222.txt,file_modified,alert_only,critical,2026-09-18 01:49:45.552513+00,2026-09-18 01:52:10.087587+00
a86406d7-6174-4cfc-8d17-f782119d8b5d,/srv/fim-watch/critico/gen_00222.txt,file_modified,alert_only,critical,2026-09-18 01:49:45.65283+00,2026-09-18 01:52:10.10531+00
cbd703f5-78a0-43b2-90bc-c6769dec05b9,/srv/fim-watch/gen_00259.txt,file_modified,alert_only,high,2026-09-18 01:49:45.7525+00,2026-09-18 01:52:10.120845+00
616a167a-6abb-4ab9-a999-ae4f9f68f1b0,/srv/fim-watch/gen_00373.txt,file_modified,alert_only,high,2026-09-18 01:49:45.852805+00,2026-09-18 01:52:10.137579+00
38bd1861-c1db-435b-a99e-d313a320aed4,/srv/fim-watch/gen_00373.txt,file_deleted,alert_only,high,2026-09-18 01:49:45.951925+00,2026-09-18 01:52:10.154198+00
5cad25f5-5a7a-4d14-bf64-fc4b8e42cc06,/srv/fim-watch/critico/gen_00374.txt,file_modified,alert_only,critical,2026-09-18 01:49:46.05241+00,2026-09-18 01:52:10.17039+00
2cc3115f-6005-44b0-ad77-cb92c2c010fe,/srv/fim-watch/critico/gen_00374.txt,file_deleted,alert_only,critical,2026-09-18 01:49:46.152376+00,2026-09-18 01:52:10.186133+00
7925d894-09e0-46fc-ad1c-1f5ade9948c8,/srv/fim-watch/critico/gen_00333.txt,file_modified,alert_only,critical,2026-09-18 01:49:46.25314+00,2026-09-18 01:52:10.202777+00
3c98f56d-1dd6-4bb3-95ad-89992893add3,/srv/fim-watch/gen_00071.txt,file_modified,alert_only,high,2026-09-18 01:49:46.352972+00,2026-09-18 01:52:10.218393+00
6177078b-8955-45cd-8c37-f463e3f2ddad,/srv/fim-watch/gen_00375.txt,file_modified,alert_only,high,2026-09-18 01:49:46.452613+00,2026-09-18 01:52:10.23373+00
ca171455-d4a8-49c4-b3c5-1d7d0d4b4bbe,/srv/fim-watch/critico/gen_00222.txt,file_modified,alert_only,critical,2026-09-18 01:49:46.553246+00,2026-09-18 01:52:10.249716+00
06542bb0-9843-4cb9-8cd0-269a074f18df,/srv/fim-watch/gen_00298.txt,file_modified,alert_only,high,2026-09-18 01:49:46.652474+00,2026-09-18 01:52:10.264663+00
49a396c5-3501-42c3-b956-0fe4d64b5bda,/srv/fim-watch/gen_00376.txt,file_modified,alert_only,high,2026-09-18 01:49:46.753039+00,2026-09-18 01:52:10.279043+00
5a09aad4-8fc6-4a4d-bb7a-cb03170f98d2,/srv/fim-watch/gen_00376.txt,file_deleted,alert_only,high,2026-09-18 01:49:46.852361+00,2026-09-18 01:52:10.29324+00
c13646f1-8068-4a00-a0de-f444cb9e3d3d,/srv/fim-watch/gen_00128.txt,file_modified,alert_only,high,2026-09-18 01:49:46.953167+00,2026-09-18 01:52:10.305473+00
b43756f9-6606-4a67-879a-e82eb22bfddf,/srv/fim-watch/gen_00377.txt,file_modified,alert_only,high,2026-09-18 01:49:47.052815+00,2026-09-18 01:52:10.317015+00
44a2be0f-22dd-4470-aed3-d005e1e2c48b,/srv/fim-watch/gen_00378.txt,file_modified,alert_only,high,2026-09-18 01:49:47.152471+00,2026-09-18 01:52:10.329202+00
3d470500-71b9-4d49-b4aa-37e681c0a808,/srv/fim-watch/gen_00378.txt,file_deleted,alert_only,high,2026-09-18 01:49:47.253064+00,2026-09-18 01:52:10.345473+00
375eac1e-009d-46fa-8f0a-7e6708ab5abf,/srv/fim-watch/gen_00196.txt,file_modified,alert_only,high,2026-09-18 01:49:47.352899+00,2026-09-18 01:52:10.361996+00
ea0c1645-443e-4579-9188-0cd746c9a2f3,/srv/fim-watch/gen_00196.txt,file_modified,alert_only,high,2026-09-18 01:49:47.452096+00,2026-09-18 01:52:10.377952+00
eef05887-3ff2-406a-a933-be1be9ea18d5,/srv/fim-watch/critico/gen_00336.txt,file_modified,alert_only,critical,2026-09-18 01:49:47.552476+00,2026-09-18 01:52:10.393923+00
575376ef-a715-4df4-a880-e40ec6d38545,/srv/fim-watch/critico/gen_00379.txt,file_modified,alert_only,critical,2026-09-18 01:49:47.652392+00,2026-09-18 01:52:10.420396+00
f8eec868-bdbc-4255-ac13-6d0cc9a27dbc,/srv/fim-watch/critico/gen_00345.txt,file_modified,alert_only,critical,2026-09-18 01:49:47.752514+00,2026-09-18 01:52:10.42726+00
15001af3-8530-4874-ab3c-905bd6569b0d,/srv/fim-watch/gen_00203.txt,file_modified,alert_only,high,2026-09-18 01:49:47.852997+00,2026-09-18 01:52:10.444222+00
91ae9e3b-a4ef-4093-92f4-74385218c46a,/srv/fim-watch/gen_00380.txt,file_created,alert_only,high,2026-09-18 01:49:47.952874+00,2026-09-18 01:52:10.460127+00
ff1a3d27-15fd-4a61-a2de-b0eb4a45b688,/srv/fim-watch/gen_00380.txt,file_deleted,alert_only,high,2026-09-18 01:49:48.052909+00,2026-09-18 01:52:10.476104+00
4625caa2-c3d1-48dc-86fc-ed885a075b29,/srv/fim-watch/gen_00266.txt,file_modified,alert_only,high,2026-09-18 01:49:48.151927+00,2026-09-18 01:52:10.492672+00
1fa57dba-d0e5-47d7-a524-c8ed17b3a8b5,/srv/fim-watch/gen_00064.txt,file_modified,alert_only,high,2026-09-18 01:49:48.252366+00,2026-09-18 01:52:10.511344+00
5f9b126f-4c40-43b8-8121-f27764df5edd,/srv/fim-watch/gen_00362.txt,file_deleted,alert_only,high,2026-09-18 01:49:48.351984+00,2026-09-18 01:52:10.527704+00
2d74b168-0bdb-4f0b-9b29-9221921182da,/srv/fim-watch/gen_00366.txt,file_modified,alert_only,high,2026-09-18 01:49:48.452822+00,2026-09-18 01:52:10.544955+00
2f3c5d12-644c-4989-9c56-a9a880a28f2e,/srv/fim-watch/gen_00291.txt,file_modified,alert_only,high,2026-09-18 01:49:48.551813+00,2026-09-18 01:52:10.56333+00
81d5e747-9fd7-439a-89c9-cc4df3bd34cb,/srv/fim-watch/gen_00295.txt,file_modified,alert_only,high,2026-09-18 01:49:48.652902+00,2026-09-18 01:52:10.581809+00
94738399-3814-41f7-8a0c-f02bb3ecbf30,/srv/fim-watch/gen_00240.txt,file_modified,alert_only,high,2026-09-18 01:49:48.753033+00,2026-09-18 01:52:10.601224+00
71001df3-27d9-4a60-bf13-8b5ddb9fe87e,/srv/fim-watch/gen_00311.txt,file_modified,alert_only,high,2026-09-18 01:49:48.853264+00,2026-09-18 01:52:10.619653+00
d7570486-63fe-469b-b895-86e09a11166d,/srv/fim-watch/gen_00311.txt,file_modified,alert_only,high,2026-09-18 01:49:48.952587+00,2026-09-18 01:52:10.638677+00
360f6007-eba9-4aec-9ee8-1cf04ce8c435,/srv/fim-watch/gen_00311.txt,file_modified,alert_only,high,2026-09-18 01:49:49.052476+00,2026-09-18 01:52:10.656618+00
b5e2dc2c-80cd-48fd-adc7-6f5c8742845d,/srv/fim-watch/gen_00311.txt,file_modified,alert_only,high,2026-09-18 01:49:49.15236+00,2026-09-18 01:52:10.67454+00
3252f21d-eccb-4d36-b800-0abaa5e7c29a,/srv/fim-watch/gen_00311.txt,file_modified,alert_only,high,2026-09-18 01:49:49.252755+00,2026-09-18 01:52:10.693675+00
bf67bcf2-cc94-4fc5-9c71-ee4c676ac573,/srv/fim-watch/gen_00134.txt,file_modified,alert_only,high,2026-09-18 01:49:49.352497+00,2026-09-18 01:52:10.713097+00
19b23b55-d1ca-419c-a832-82d735736850,/srv/fim-watch/gen_00134.txt,file_modified,alert_only,high,2026-09-18 01:49:49.452841+00,2026-09-18 01:52:10.731073+00
ec6f9d10-cafc-4ccf-a13d-09a59ee11f37,/srv/fim-watch/gen_00381.txt,file_modified,alert_only,high,2026-09-18 01:49:49.552595+00,2026-09-18 01:52:10.749011+00
b7c3683b-d690-4bfe-a390-27b994578716,/srv/fim-watch/gen_00366.txt,file_modified,alert_only,high,2026-09-18 01:49:49.652396+00,2026-09-18 01:52:10.766835+00
741171c5-93fe-4fc7-9a8a-47da5efadb48,/srv/fim-watch/gen_00252.txt,file_deleted,alert_only,high,2026-09-18 01:49:49.752561+00,2026-09-18 01:52:10.78219+00
a6f62e0d-4e38-4dbc-a53a-61e681a265e8,/srv/fim-watch/critico/gen_00382.txt,file_modified,alert_only,critical,2026-09-18 01:49:49.852514+00,2026-09-18 01:52:10.798794+00
026841bb-af70-4413-bf60-7fa43a7ab076,/srv/fim-watch/critico/gen_00382.txt,file_deleted,alert_only,critical,2026-09-18 01:49:49.952596+00,2026-09-18 01:52:10.812606+00
cb259b70-39ef-41f2-bfd2-953876165f59,/srv/fim-watch/gen_00355.txt,file_modified,alert_only,high,2026-09-18 01:49:50.152475+00,2026-09-18 01:52:10.825977+00
19686eb7-f939-435a-a5f2-0ff11c05c1df,/srv/fim-watch/gen_00071.txt,file_deleted,alert_only,high,2026-09-18 01:49:50.35249+00,2026-09-18 01:52:10.840564+00
73f49a24-b291-4451-966c-2fd30e0ab1c8,/srv/fim-watch/gen_00178.txt,file_deleted,alert_only,high,2026-09-18 01:49:50.452362+00,2026-09-18 01:52:10.856343+00
01cc8448-2140-40b1-a956-3dae289dd723,/srv/fim-watch/critico/gen_00351.txt,file_modified,alert_only,critical,2026-09-18 01:49:50.557361+00,2026-09-18 01:52:10.870814+00
6779e77c-acb8-422a-a629-e6c604705cb7,/srv/fim-watch/gen_00161.txt,file_deleted,alert_only,high,2026-09-18 01:49:50.652401+00,2026-09-18 01:52:10.886058+00
3e373593-d006-4795-a541-b319258aa09b,/srv/fim-watch/gen_00294.txt,file_deleted,alert_only,high,2026-09-18 01:49:50.752468+00,2026-09-18 01:52:10.900738+00
919ad83c-9108-4c03-952a-88f7642834e1,/srv/fim-watch/gen_00230.txt,file_modified,alert_only,high,2026-09-18 01:49:50.852619+00,2026-09-18 01:52:10.915845+00
46413030-970e-4ba3-bfcb-7831b605c12e,/srv/fim-watch/gen_00385.txt,file_modified,alert_only,high,2026-09-18 01:49:50.952001+00,2026-09-18 01:52:10.928959+00
ed83150d-a2a4-4e2f-be5c-3562ed2b304e,/srv/fim-watch/gen_00365.txt,file_modified,alert_only,high,2026-09-18 01:49:51.152884+00,2026-09-18 01:52:10.943378+00
e29ba650-4c71-4b2c-955c-bcc12e5f6cea,/srv/fim-watch/gen_00352.txt,file_modified,alert_only,high,2026-09-18 01:49:51.253264+00,2026-09-18 01:52:10.957862+00
18b385e3-5e34-46d3-abb5-26b3da91877d,/srv/fim-watch/gen_00193.txt,file_modified,alert_only,high,2026-09-18 01:49:51.353064+00,2026-09-18 01:52:10.973281+00
9889adc0-316a-44a9-82b0-254f8b8ec354,/srv/fim-watch/gen_00193.txt,file_modified,alert_only,high,2026-09-18 01:49:51.452672+00,2026-09-18 01:52:10.989016+00
7fedb00d-afc1-4c21-9baa-2a741d329f77,/srv/fim-watch/gen_00231.txt,file_modified,alert_only,high,2026-09-18 01:49:51.552793+00,2026-09-18 01:52:11.004675+00
c530a8e0-e2df-4e9e-a532-92e1c2d08a68,/srv/fim-watch/gen_00231.txt,file_modified,alert_only,high,2026-09-18 01:49:51.652417+00,2026-09-18 01:52:11.020761+00
c84d6674-0133-40fa-9bed-a154251b0a33,/srv/fim-watch/gen_00387.txt,file_modified,alert_only,high,2026-09-18 01:49:51.752602+00,2026-09-18 01:52:11.036672+00
604abab0-5b26-4caa-b2c4-110b4fb29829,/srv/fim-watch/gen_00282.txt,file_modified,alert_only,high,2026-09-18 01:49:51.852779+00,2026-09-18 01:52:11.051451+00
be837576-b381-4fe6-bee5-5bdc6e1f2a14,/srv/fim-watch/gen_00388.txt,file_modified,alert_only,high,2026-09-18 01:49:51.952604+00,2026-09-18 01:52:11.066815+00
8ae36131-3105-4167-84b0-1e0f274899dc,/srv/fim-watch/gen_00192.txt,file_deleted,alert_only,high,2026-09-18 01:49:52.052603+00,2026-09-18 01:52:11.08542+00
19d086ad-8e7a-4533-aff3-ea70accb484f,/srv/fim-watch/critico/gen_00351.txt,file_modified,alert_only,critical,2026-09-18 01:49:52.152204+00,2026-09-18 01:52:11.102392+00
28f3c4c9-cadf-474b-babc-aa52431b4d66,/srv/fim-watch/critico/gen_00053.txt,file_modified,alert_only,critical,2026-09-18 01:49:52.252536+00,2026-09-18 01:52:11.11772+00
19fd44ee-774f-4cde-af80-b1c7e975a149,/srv/fim-watch/gen_00389.txt,file_modified,alert_only,high,2026-09-18 01:49:52.352657+00,2026-09-18 01:52:11.132544+00
c28856dc-93b4-474b-ae23-8c5709a12550,/srv/fim-watch/gen_00264.txt,file_modified,alert_only,high,2026-09-18 01:49:52.452469+00,2026-09-18 01:52:11.147507+00
f4594099-918b-403a-86fc-f1b0a01be19a,/srv/fim-watch/critico/gen_00053.txt,file_modified,alert_only,critical,2026-09-18 01:49:52.552467+00,2026-09-18 01:52:11.163957+00
304677b5-1745-4767-9c6b-97549872015e,/srv/fim-watch/gen_00152.txt,file_modified,alert_only,high,2026-09-18 01:49:52.6529+00,2026-09-18 01:52:11.180378+00
08fd6c47-c27c-4705-a819-1c9a639ecafc,/srv/fim-watch/gen_00125.txt,file_modified,alert_only,high,2026-09-18 01:49:52.752798+00,2026-09-18 01:52:11.197733+00
8013fa86-42c2-4eb8-9fd2-a1903afeab23,/srv/fim-watch/gen_00235.txt,file_modified,alert_only,high,2026-09-18 01:49:52.852817+00,2026-09-18 01:52:11.21192+00
ef223635-3555-4dac-96bd-89d2d7fd0168,/srv/fim-watch/gen_00235.txt,file_modified,alert_only,high,2026-09-18 01:49:52.952608+00,2026-09-18 01:52:11.234551+00
8e8011b2-4743-42dc-8494-86a87cd97c37,/srv/fim-watch/critico/gen_00304.txt,file_modified,alert_only,critical,2026-09-18 01:49:53.052602+00,2026-09-18 01:52:11.239683+00
a9df9616-efc1-4b6c-b17f-4c2157885d26,/srv/fim-watch/gen_00303.txt,file_modified,alert_only,high,2026-09-18 01:49:53.153025+00,2026-09-18 01:52:11.253281+00
9b705414-68e5-4868-8069-1afdf8969f42,/srv/fim-watch/gen_00165.txt,file_modified,alert_only,high,2026-09-18 01:49:53.252996+00,2026-09-18 01:52:11.268084+00
fb51fadd-e37a-444f-9795-d49d1aecd233,/srv/fim-watch/gen_00365.txt,file_modified,alert_only,high,2026-09-18 01:49:53.352822+00,2026-09-18 01:52:11.281104+00
77de0229-5b33-4475-95f2-c3aac0595f3f,/srv/fim-watch/gen_00105.txt,file_modified,alert_only,high,2026-09-18 01:49:53.452655+00,2026-09-18 01:52:11.295892+00
035fece2-5c1c-486d-b817-e8450cd1cf89,/srv/fim-watch/gen_00386.txt,file_modified,alert_only,high,2026-09-18 01:49:53.552481+00,2026-09-18 01:52:11.31187+00
bca293a1-f173-4954-9d92-0df76870661a,/srv/fim-watch/critico/gen_00390.txt,file_modified,alert_only,critical,2026-09-18 01:49:53.654638+00,2026-09-18 01:52:11.326737+00
0f3ac3db-874e-4e8b-866e-0a51f86850db,/srv/fim-watch/critico/gen_00390.txt,file_deleted,alert_only,critical,2026-09-18 01:49:53.752686+00,2026-09-18 01:52:11.343339+00
bbc13177-73cf-480f-a2d7-315f5e9d7eda,/srv/fim-watch/gen_00179.txt,file_modified,alert_only,high,2026-09-18 01:49:53.852018+00,2026-09-18 01:52:11.359537+00
6bd3cd0e-5e7a-4ce7-8ccf-57c0ee28585d,/srv/fim-watch/gen_00179.txt,file_modified,alert_only,high,2026-09-18 01:49:53.951801+00,2026-09-18 01:52:11.376237+00
beca996f-aead-43bc-9a13-3c5714e961b0,/srv/fim-watch/gen_00179.txt,file_modified,alert_only,high,2026-09-18 01:49:54.052382+00,2026-09-18 01:52:11.393467+00
0b9a3aa3-f9fd-4e52-8071-ef05d4fd6829,/srv/fim-watch/gen_00179.txt,file_modified,alert_only,high,2026-09-18 01:49:54.152698+00,2026-09-18 01:52:11.41073+00
85967149-69eb-4376-85ec-481f0925f920,/srv/fim-watch/gen_00179.txt,file_modified,alert_only,high,2026-09-18 01:49:54.253124+00,2026-09-18 01:52:11.426866+00
a1399177-8b9f-43c6-8977-566323f65774,/srv/fim-watch/gen_00230.txt,file_modified,alert_only,high,2026-09-18 01:49:54.35173+00,2026-09-18 01:52:11.442872+00
84aea731-b206-4592-9743-4518ec8b61dc,/srv/fim-watch/gen_00098.txt,file_modified,alert_only,high,2026-09-18 01:49:54.452202+00,2026-09-18 01:52:11.459385+00
6f47026e-d259-4893-a1c0-153f018a6048,/srv/fim-watch/gen_00166.txt,file_modified,alert_only,high,2026-09-18 01:49:54.552814+00,2026-09-18 01:52:11.476357+00
50e44119-0292-4575-bc1c-e0780cb2d2e2,/srv/fim-watch/gen_00166.txt,file_modified,alert_only,high,2026-09-18 01:49:54.653387+00,2026-09-18 01:52:11.492706+00
0aa6dcae-cf9b-4925-95e9-3b00b6d3667c,/srv/fim-watch/critico/gen_00189.txt,file_modified,alert_only,critical,2026-09-18 01:49:54.75189+00,2026-09-18 01:52:11.508804+00
92349439-c5f3-4829-8af5-bac1f6fb8d61,/srv/fim-watch/gen_00264.txt,file_deleted,alert_only,high,2026-09-18 01:49:54.852567+00,2026-09-18 01:52:11.52526+00
85159b54-5ac0-433c-a6a3-2c230caec983,/srv/fim-watch/critico/gen_00392.txt,file_modified,alert_only,critical,2026-09-18 01:49:55.052386+00,2026-09-18 01:52:11.542253+00
0c5c1c8b-f2e9-4b47-ab2a-cb69cb52f17c,/srv/fim-watch/gen_00260.txt,file_deleted,alert_only,high,2026-09-18 01:49:55.152439+00,2026-09-18 01:52:11.558853+00
875b6236-bf61-47f9-9241-585cec202c24,/srv/fim-watch/gen_00293.txt,file_modified,alert_only,high,2026-09-18 01:49:55.252422+00,2026-09-18 01:52:11.575669+00
ee9f0351-140f-4afd-8241-7ad5460aff19,/srv/fim-watch/gen_00250.txt,file_modified,alert_only,high,2026-09-18 01:49:55.352686+00,2026-09-18 01:52:11.592772+00
d9ba6842-a553-47c2-a2e5-5a55f6a27c1f,/srv/fim-watch/gen_00166.txt,file_modified,alert_only,high,2026-09-18 01:49:55.453061+00,2026-09-18 01:52:11.609992+00
f5eeb49f-00f3-4add-9b02-44d2c8ab6bb2,/srv/fim-watch/gen_00179.txt,file_modified,alert_only,high,2026-09-18 01:49:55.552837+00,2026-09-18 01:52:11.626805+00
ecb401df-7283-4eaa-9857-588e8baf7bde,/srv/fim-watch/gen_00348.txt,file_deleted,alert_only,high,2026-09-18 01:49:55.652345+00,2026-09-18 01:52:11.643586+00
ea118027-a680-48b6-99f0-7b8d83e643a2,/srv/fim-watch/gen_00232.txt,file_modified,alert_only,high,2026-09-18 01:49:55.752511+00,2026-09-18 01:52:11.660223+00
9843da43-4c4e-4889-9abe-75c89a3ec570,/srv/fim-watch/gen_00393.txt,file_modified,alert_only,high,2026-09-18 01:49:55.852648+00,2026-09-18 01:52:11.676015+00
619e587e-538e-4a20-939a-4aebae74814d,/srv/fim-watch/gen_00320.txt,file_modified,alert_only,high,2026-09-18 01:49:55.952803+00,2026-09-18 01:52:11.693048+00
75049188-6f3b-4b24-9343-ebafe7f85258,/srv/fim-watch/critico/gen_00354.txt,file_modified,alert_only,critical,2026-09-18 01:49:56.05197+00,2026-09-18 01:52:11.709998+00
08e102d4-c7ca-4f01-86b2-b9dc5a8ee02e,/srv/fim-watch/gen_00256.txt,file_modified,alert_only,high,2026-09-18 01:49:56.152893+00,2026-09-18 01:52:11.727189+00
75c0e53e-1dbb-4cda-8dfe-b9fceb0d56ce,/srv/fim-watch/gen_00394.txt,file_modified,alert_only,high,2026-09-18 01:49:56.252485+00,2026-09-18 01:52:11.744143+00
bcb39c1b-3668-44da-927e-ee041fa316e7,/srv/fim-watch/critico/gen_00379.txt,file_modified,alert_only,critical,2026-09-18 01:49:56.35307+00,2026-09-18 01:52:11.758939+00
999b2d1b-5bc4-4344-b0c0-0aa1c9ad33ae,/srv/fim-watch/critico/gen_00379.txt,file_modified,alert_only,critical,2026-09-18 01:49:56.45304+00,2026-09-18 01:52:11.773337+00
a37c328f-2ea0-42cd-919b-b85f27723ce6,/srv/fim-watch/critico/gen_00379.txt,file_modified,alert_only,critical,2026-09-18 01:49:56.553061+00,2026-09-18 01:52:11.790375+00
3e9f3293-6796-4c7b-86ca-0aa61f744a90,/srv/fim-watch/critico/gen_00379.txt,file_modified,alert_only,critical,2026-09-18 01:49:56.652761+00,2026-09-18 01:52:11.808423+00
882b4e32-2340-4bb6-b35a-823258037792,/srv/fim-watch/critico/gen_00379.txt,file_modified,alert_only,critical,2026-09-18 01:49:56.752791+00,2026-09-18 01:52:11.82767+00
de57c32e-486c-4a2d-95ca-e512818dd895,/srv/fim-watch/gen_00364.txt,file_modified,alert_only,high,2026-09-18 01:49:56.852489+00,2026-09-18 01:52:11.847746+00
7559ea96-2be9-40da-88a0-62a5392ccaf0,/srv/fim-watch/gen_00395.txt,file_modified,alert_only,high,2026-09-18 01:49:56.952432+00,2026-09-18 01:52:11.866296+00
379be50e-c9e5-457c-ab4f-4f00771ac5be,/srv/fim-watch/gen_00096.txt,file_modified,alert_only,high,2026-09-18 01:49:57.052956+00,2026-09-18 01:52:11.88535+00
f0c017ce-cd87-4bb6-b70d-567da7230218,/srv/fim-watch/gen_00396.txt,file_modified,alert_only,high,2026-09-18 01:49:57.152558+00,2026-09-18 01:52:11.904273+00
1b55066d-bd8b-497c-8997-ab019e9dc420,/srv/fim-watch/critico/gen_00189.txt,file_modified,alert_only,critical,2026-09-18 01:49:57.252833+00,2026-09-18 01:52:11.922494+00
0497f4fc-72b5-49af-b2ed-979b15ebe003,/srv/fim-watch/gen_00266.txt,file_modified,alert_only,high,2026-09-18 01:49:57.352771+00,2026-09-18 01:52:11.941272+00
5c510e83-8334-4d23-bc4f-8d87fedd29ac,/srv/fim-watch/gen_00171.txt,file_modified,alert_only,high,2026-09-18 01:49:57.452793+00,2026-09-18 01:52:11.96006+00
0b9102c7-daf4-4c21-b38f-812159397ee6,/srv/fim-watch/gen_00313.txt,file_modified,alert_only,high,2026-09-18 01:49:57.552487+00,2026-09-18 01:52:11.978175+00
a5f5a24e-cbde-40d4-9c14-08e0478c64eb,/srv/fim-watch/gen_00316.txt,file_modified,alert_only,high,2026-09-18 01:49:57.652383+00,2026-09-18 01:52:11.996792+00
021646a1-12af-4e70-9ec4-986e57749d17,/srv/fim-watch/gen_00316.txt,file_modified,alert_only,high,2026-09-18 01:49:57.753148+00,2026-09-18 01:52:12.01809+00
8e95aecf-52d6-43a8-b84b-e85f330b8c81,/srv/fim-watch/gen_00149.txt,file_modified,alert_only,high,2026-09-18 01:49:57.852818+00,2026-09-18 01:52:12.03341+00
f49b766d-5e13-4e1a-8da5-88ff8192f341,/srv/fim-watch/gen_00397.txt,file_modified,alert_only,high,2026-09-18 01:49:57.95292+00,2026-09-18 01:52:12.051046+00
b0055d84-15e5-45e0-ba1e-5ba975b4cb55,/srv/fim-watch/critico/gen_00398.txt,file_modified,alert_only,critical,2026-09-18 01:49:58.052848+00,2026-09-18 01:52:12.082335+00
38bfb594-95d3-4c08-99c2-fa273e082339,/srv/fim-watch/critico/gen_00342.txt,file_modified,alert_only,critical,2026-09-18 01:49:58.153225+00,2026-09-18 01:52:12.088668+00
84b6cb3b-5ea6-4d74-a131-a971535bf22e,/srv/fim-watch/gen_00062.txt,file_modified,alert_only,high,2026-09-18 01:49:58.253114+00,2026-09-18 01:52:12.1062+00
a0f746e8-5532-4d00-a5e9-852303f036be,/srv/fim-watch/critico/gen_00399.txt,file_modified,alert_only,critical,2026-09-18 01:49:58.352667+00,2026-09-18 01:52:12.123112+00
424ca42f-fe61-47a2-906c-86339214b5b1,/srv/fim-watch/critico/gen_00399.txt,file_deleted,alert_only,critical,2026-09-18 01:49:58.453254+00,2026-09-18 01:52:12.137367+00
b63241d5-c1a3-4911-afa0-855421b4aa9d,/srv/fim-watch/gen_00115.txt,file_modified,alert_only,high,2026-09-18 01:49:58.553246+00,2026-09-18 01:52:12.151353+00
ac05e0d8-f513-4237-a793-e42ff3520a69,/srv/fim-watch/gen_00171.txt,file_deleted,alert_only,high,2026-09-18 01:49:58.652525+00,2026-09-18 01:52:12.164081+00
688227a7-25e5-4392-9c42-a2b265e248a1,/srv/fim-watch/gen_00136.txt,file_modified,alert_only,high,2026-09-18 01:49:58.753008+00,2026-09-18 01:52:12.178965+00
eb825fcf-c634-4d42-8f25-5f3cf37db211,/srv/fim-watch/gen_00365.txt,file_modified,alert_only,high,2026-09-18 01:49:58.853189+00,2026-09-18 01:52:12.194833+00
1e2b7448-f244-4295-afed-4763e299a58e,/srv/fim-watch/gen_00241.txt,file_modified,alert_only,high,2026-09-18 01:49:58.953058+00,2026-09-18 01:52:12.211575+00
f4c9e600-c272-474c-a647-7b564f05673d,/srv/fim-watch/gen_00401.txt,file_modified,alert_only,high,2026-09-18 01:49:59.153215+00,2026-09-18 01:52:12.228521+00
e32c2cc8-a177-41c0-a346-c4a9b534d1ed,/srv/fim-watch/gen_00402.txt,file_modified,alert_only,high,2026-09-18 01:49:59.252339+00,2026-09-18 01:52:12.245457+00
7469e949-b482-487f-9f20-3cd7a1773307,/srv/fim-watch/gen_00403.txt,file_modified,alert_only,high,2026-09-18 01:49:59.352792+00,2026-09-18 01:52:12.262311+00
18d66167-d930-490b-807e-928b70b15df6,/srv/fim-watch/critico/gen_00361.txt,file_modified,alert_only,critical,2026-09-18 01:49:59.452839+00,2026-09-18 01:52:12.277437+00
4e618947-1b72-41e6-83c5-b5cf9dcff4c2,/srv/fim-watch/gen_00388.txt,file_modified,alert_only,high,2026-09-18 01:49:59.552771+00,2026-09-18 01:52:12.291969+00
0cd43c4c-d53c-444c-974f-6c044ba48313,/srv/fim-watch/critico/gen_00184.txt,file_modified,alert_only,critical,2026-09-18 01:49:59.652736+00,2026-09-18 01:52:12.307261+00
a2c1d705-7a5e-4172-8b5d-a1518351351a,/srv/fim-watch/gen_00404.txt,file_modified,alert_only,high,2026-09-18 01:49:59.752935+00,2026-09-18 01:52:12.324018+00
c70215f2-d733-4dbe-8a0a-85b555af5c5d,/srv/fim-watch/gen_00405.txt,file_created,alert_only,high,2026-09-18 01:49:59.852625+00,2026-09-18 01:52:12.340747+00
5560b827-1371-4555-8b20-6b37189cf2f9,/srv/fim-watch/critico/gen_00333.txt,file_deleted,alert_only,critical,2026-09-18 01:49:59.952807+00,2026-09-18 01:52:12.356585+00
a2ada4d7-aa76-48df-a4ab-9f16c4148f26,/srv/fim-watch/gen_00226.txt,file_modified,alert_only,high,2026-09-18 01:50:00.05236+00,2026-09-18 01:52:12.372324+00
2919c778-64d1-4ed8-8486-1ad5ee1e03a2,/srv/fim-watch/gen_00174.txt,file_modified,alert_only,high,2026-09-18 01:50:00.152972+00,2026-09-18 01:52:12.387987+00
00ba25ce-f3ad-4583-b18b-375d7a403251,/srv/fim-watch/critico/gen_00332.txt,file_modified,alert_only,critical,2026-09-18 01:50:00.252145+00,2026-09-18 01:52:12.40378+00
5f3bcf72-6a09-4383-a5ae-fa22552456cf,/srv/fim-watch/gen_00177.txt,file_deleted,alert_only,high,2026-09-18 01:50:00.352987+00,2026-09-18 01:52:12.420066+00
61b02aad-d323-472b-9fcb-ec4aa7f07eb2,/srv/fim-watch/critico/gen_00345.txt,file_modified,alert_only,critical,2026-09-18 01:50:00.45283+00,2026-09-18 01:52:12.436931+00
a34633ec-e12d-4dfc-a6f7-eb35d9fb8add,/srv/fim-watch/critico/gen_00345.txt,file_modified,alert_only,critical,2026-09-18 01:50:00.552615+00,2026-09-18 01:52:12.453669+00
bd5e5f3f-3514-4c95-a013-c3b727a98221,/srv/fim-watch/critico/gen_00353.txt,file_modified,alert_only,critical,2026-09-18 01:50:00.652109+00,2026-09-18 01:52:12.469376+00
984cf725-e048-4f92-93d0-3fd1348dd186,/srv/fim-watch/critico/gen_00242.txt,file_modified,alert_only,critical,2026-09-18 01:50:00.753058+00,2026-09-18 01:52:12.484378+00
930a9e14-be39-4622-a4e6-168424980c84,/srv/fim-watch/gen_00259.txt,file_modified,alert_only,high,2026-09-18 01:50:00.852592+00,2026-09-18 01:52:12.49865+00
8e119709-8a95-48ad-b827-65167db641c1,/srv/fim-watch/gen_00314.txt,file_modified,alert_only,high,2026-09-18 01:50:00.953316+00,2026-09-18 01:52:12.515196+00
d1daff3c-a5ba-48bf-bff7-c003d4ad1c83,/srv/fim-watch/gen_00275.txt,file_modified,alert_only,high,2026-09-18 01:50:01.05212+00,2026-09-18 01:52:12.528866+00
522e3c9e-af7b-4154-b0fa-f2d72f31c1f7,/srv/fim-watch/gen_00115.txt,file_modified,alert_only,high,2026-09-18 01:50:01.152449+00,2026-09-18 01:52:12.543812+00
f991cce4-4f69-4c84-b2fe-85858318f442,/srv/fim-watch/gen_00175.txt,file_modified,alert_only,high,2026-09-18 01:50:01.253131+00,2026-09-18 01:52:12.558427+00
5ab9034b-4d86-49ab-9326-991634b9961c,/srv/fim-watch/critico/gen_00156.txt,file_modified,alert_only,critical,2026-09-18 01:50:01.352133+00,2026-09-18 01:52:12.571212+00
9aac5961-6252-40d8-8360-064c2a68897f,/srv/fim-watch/gen_00406.txt,file_modified,alert_only,high,2026-09-18 01:50:01.453053+00,2026-09-18 01:52:12.584967+00
538cd4c3-c0ed-4562-aaa8-256e22def6c9,/srv/fim-watch/gen_00136.txt,file_modified,alert_only,high,2026-09-18 01:50:01.552719+00,2026-09-18 01:52:12.600499+00
b498ccde-da24-4aca-9830-a30d28adf7b8,/srv/fim-watch/gen_00407.txt,file_created,alert_only,high,2026-09-18 01:50:01.653762+00,2026-09-18 01:52:12.616379+00
d24aa41f-158c-4cf9-bcaf-319dd8b916ac,/srv/fim-watch/gen_00199.txt,file_modified,alert_only,high,2026-09-18 01:50:01.752972+00,2026-09-18 01:52:12.632596+00
2eb1d6ea-38c7-4497-8d1b-0095d0a7d07f,/srv/fim-watch/critico/gen_00312.txt,file_modified,alert_only,critical,2026-09-18 01:50:01.853306+00,2026-09-18 01:52:12.649164+00
4b38822c-912f-491a-afff-de5b22017cae,/srv/fim-watch/gen_00316.txt,file_modified,alert_only,high,2026-09-18 01:50:01.952802+00,2026-09-18 01:52:12.664739+00
3779e136-d1c1-4e62-8b5e-6d175ed1c935,/srv/fim-watch/critico/gen_00354.txt,file_modified,alert_only,critical,2026-09-18 01:50:02.052618+00,2026-09-18 01:52:12.678635+00
40bede5c-e24c-4b0f-bcc7-512789c5a6f6,/srv/fim-watch/critico/gen_00408.txt,file_modified,alert_only,critical,2026-09-18 01:50:02.153071+00,2026-09-18 01:52:12.693869+00
71255750-4bcd-445d-af80-19f513534a1f,/srv/fim-watch/critico/gen_00310.txt,file_modified,alert_only,critical,2026-09-18 01:50:02.253267+00,2026-09-18 01:52:12.710462+00
4c2b6afb-1048-4337-af14-d3615e7a1d9b,/srv/fim-watch/gen_00271.txt,file_deleted,alert_only,high,2026-09-18 01:50:02.35307+00,2026-09-18 01:52:12.726428+00
125d3ac5-7d05-4727-9059-2181ca623038,/srv/fim-watch/gen_00193.txt,file_modified,alert_only,high,2026-09-18 01:50:02.453231+00,2026-09-18 01:52:12.742456+00
e82fe853-da73-4422-8556-44311f49e1fb,/srv/fim-watch/gen_00036.txt,file_modified,alert_only,high,2026-09-18 01:50:02.55308+00,2026-09-18 01:52:12.758431+00
102114de-24ce-44d5-add0-de2a828705de,/srv/fim-watch/critico/gen_00251.txt,file_modified,alert_only,critical,2026-09-18 01:50:02.652326+00,2026-09-18 01:52:12.773712+00
107a4e9f-b355-4575-82ce-74578c6e1b1c,/srv/fim-watch/gen_00238.txt,file_modified,alert_only,high,2026-09-18 01:50:02.753109+00,2026-09-18 01:52:12.791597+00
27baa1b5-1c6b-44f5-8520-2b2ac911a564,/srv/fim-watch/gen_00257.txt,file_deleted,alert_only,high,2026-09-18 01:50:02.852618+00,2026-09-18 01:52:12.810613+00
15ed3e61-0190-49f6-bf1d-adcc586698c9,/srv/fim-watch/gen_00400.txt,file_modified,alert_only,high,2026-09-18 01:50:02.953019+00,2026-09-18 01:52:12.828435+00
bf7a8800-38cb-4923-a89a-378b63b8fbcc,/srv/fim-watch/gen_00400.txt,file_modified,alert_only,high,2026-09-18 01:50:03.052923+00,2026-09-18 01:52:12.847526+00
312cbf54-82f9-4c31-bdfb-511d865fd218,/srv/fim-watch/gen_00400.txt,file_modified,alert_only,high,2026-09-18 01:50:03.152804+00,2026-09-18 01:52:12.878674+00
63e5876c-a0a2-48e5-a93c-7025ac99d20d,/srv/fim-watch/gen_00400.txt,file_modified,alert_only,high,2026-09-18 01:50:03.25278+00,2026-09-18 01:52:12.886568+00
4ddbe1ae-77e9-4403-8daa-c970b518044f,/srv/fim-watch/gen_00400.txt,file_modified,alert_only,high,2026-09-18 01:50:03.352755+00,2026-09-18 01:52:12.905462+00
b661e4c4-8339-4f58-b0be-7622a29884d1,/srv/fim-watch/critico/gen_00409.txt,file_modified,alert_only,critical,2026-09-18 01:50:03.452971+00,2026-09-18 01:52:12.923443+00
52e7b120-70ec-4227-bf47-51291221b977,/srv/fim-watch/gen_00142.txt,file_modified,alert_only,high,2026-09-18 01:50:03.55277+00,2026-09-18 01:52:12.942639+00
8a1a7adb-056b-40ac-9d17-f814cc0b115c,/srv/fim-watch/gen_00142.txt,file_modified,alert_only,high,2026-09-18 01:50:03.653071+00,2026-09-18 01:52:12.959715+00
5aee2040-e07c-45a0-b2b8-d81b0a24b19d,/srv/fim-watch/gen_00410.txt,file_modified,alert_only,high,2026-09-18 01:50:03.75311+00,2026-09-18 01:52:12.975639+00
900afc31-fd97-443c-bc4b-78e5fb305c50,/srv/fim-watch/gen_00269.txt,file_modified,alert_only,high,2026-09-18 01:50:03.853256+00,2026-09-18 01:52:12.992561+00
84226fbf-55ed-4b5f-9a85-321540604ded,/srv/fim-watch/gen_00269.txt,file_modified,alert_only,high,2026-09-18 01:50:03.953242+00,2026-09-18 01:52:13.009555+00
458132ba-a1aa-4eb8-b2bc-55391ef00977,/srv/fim-watch/gen_00269.txt,file_modified,alert_only,high,2026-09-18 01:50:04.052685+00,2026-09-18 01:52:13.026441+00
d5a36d28-4772-436c-8444-de6251e6a65e,/srv/fim-watch/gen_00269.txt,file_modified,alert_only,high,2026-09-18 01:50:04.153178+00,2026-09-18 01:52:13.043374+00
98d399f0-5e8e-4161-a9b6-98cae5abb12e,/srv/fim-watch/gen_00269.txt,file_modified,alert_only,high,2026-09-18 01:50:04.252471+00,2026-09-18 01:52:13.060337+00
049d51e8-6542-4e5e-b5ae-68b546fedb93,/srv/fim-watch/gen_00411.txt,file_modified,alert_only,high,2026-09-18 01:50:04.352997+00,2026-09-18 01:52:13.078062+00
cb979a44-7834-43fe-9a31-445dd4c2471a,/srv/fim-watch/gen_00412.txt,file_modified,alert_only,high,2026-09-18 01:50:04.45296+00,2026-09-18 01:52:13.095266+00
d86d0d97-950c-4227-b8d7-6a7575a58776,/srv/fim-watch/gen_00340.txt,file_deleted,alert_only,high,2026-09-18 01:50:04.552474+00,2026-09-18 01:52:13.112513+00
81b0d617-fb85-43d9-a022-b9883da6e6e1,/srv/fim-watch/gen_00231.txt,file_modified,alert_only,high,2026-09-18 01:50:04.65299+00,2026-09-18 01:52:13.129405+00
cb449236-12c2-4e10-afd1-a071c4a8c353,/srv/fim-watch/critico/gen_00413.txt,file_modified,alert_only,critical,2026-09-18 01:50:04.752553+00,2026-09-18 01:52:13.145656+00
096a2bd9-0b36-4743-8b7c-01181e8ee21c,/srv/fim-watch/critico/gen_00347.txt,file_modified,alert_only,critical,2026-09-18 01:50:04.853098+00,2026-09-18 01:52:13.162688+00
9e4be03c-7e49-4f0a-b991-b7950a917d54,/srv/fim-watch/gen_00203.txt,file_modified,alert_only,high,2026-09-18 01:50:04.953106+00,2026-09-18 01:52:13.180375+00
a8224729-75e4-4c17-8339-2a92a7f0c365,/srv/fim-watch/gen_00203.txt,file_modified,alert_only,high,2026-09-18 01:50:05.052656+00,2026-09-18 01:52:13.198463+00
e6298372-cf30-4bda-b743-d8b1fd77d132,/srv/fim-watch/gen_00235.txt,file_modified,alert_only,high,2026-09-18 01:50:05.253154+00,2026-09-18 01:52:13.21532+00
1224af1f-f797-4647-978d-24398f1b2e19,/srv/fim-watch/gen_00268.txt,file_modified,alert_only,high,2026-09-18 01:50:05.352528+00,2026-09-18 01:52:13.232167+00
b7d4309b-b8ec-4a3b-8411-0b8e78011a8f,/srv/fim-watch/critico/gen_00415.txt,file_created,alert_only,critical,2026-09-18 01:50:05.452189+00,2026-09-18 01:52:13.249054+00
a3ff88d2-7533-4bed-b6e5-d81d558de284,/srv/fim-watch/critico/gen_00272.txt,file_modified,alert_only,critical,2026-09-18 01:50:05.552935+00,2026-09-18 01:52:13.263311+00
19638062-0e10-4e39-82e2-1fee2c3a8328,/srv/fim-watch/critico/gen_00409.txt,file_modified,alert_only,critical,2026-09-18 01:50:05.753477+00,2026-09-18 01:52:13.278225+00
44134587-7105-4ee6-98cd-ea9f5177da40,/srv/fim-watch/gen_00417.txt,file_modified,alert_only,high,2026-09-18 01:50:05.852635+00,2026-09-18 01:52:13.294526+00
3ff8ff85-aad5-4a82-910a-50c5ce367390,/srv/fim-watch/gen_00418.txt,file_modified,alert_only,high,2026-09-18 01:50:05.95268+00,2026-09-18 01:52:13.309445+00
9dc4a903-aa8d-4ff4-9c26-a3541fbb6ab6,/srv/fim-watch/gen_00265.txt,file_modified,alert_only,high,2026-09-18 01:50:06.051961+00,2026-09-18 01:52:13.324541+00
f3d032ae-540b-44d0-8d70-207b91c2b4eb,/srv/fim-watch/gen_00265.txt,file_modified,alert_only,high,2026-09-18 01:50:06.153242+00,2026-09-18 01:52:13.340774+00
23c12433-6d67-4a04-ad47-e02c449d932c,/srv/fim-watch/gen_00265.txt,file_modified,alert_only,high,2026-09-18 01:50:06.253129+00,2026-09-18 01:52:13.356336+00
a01eee19-c78f-4bba-a510-d01e136f7e33,/srv/fim-watch/gen_00265.txt,file_modified,alert_only,high,2026-09-18 01:50:06.352765+00,2026-09-18 01:52:13.37181+00
0ae05363-ce23-40a5-932b-bb4ef89fb590,/srv/fim-watch/gen_00265.txt,file_modified,alert_only,high,2026-09-18 01:50:06.453286+00,2026-09-18 01:52:13.387293+00
2b1c3067-d47c-4dcd-90e4-84fcc575a817,/srv/fim-watch/gen_00419.txt,file_modified,alert_only,high,2026-09-18 01:50:06.552764+00,2026-09-18 01:52:13.402497+00
5080fc36-4dec-4502-b6e7-ac4d466517e5,/srv/fim-watch/gen_00349.txt,file_modified,alert_only,high,2026-09-18 01:50:06.653007+00,2026-09-18 01:52:13.417137+00
f6adc297-7a50-4cbe-8913-fd134f6560f0,/srv/fim-watch/gen_00349.txt,file_modified,alert_only,high,2026-09-18 01:50:06.752835+00,2026-09-18 01:52:13.430842+00
522425c4-5d56-4196-83da-6e658e6a05c0,/srv/fim-watch/gen_00295.txt,file_deleted,alert_only,high,2026-09-18 01:50:06.852789+00,2026-09-18 01:52:13.444887+00
d1182f9f-98e8-4f42-a6a9-ff9e286d6218,/srv/fim-watch/gen_00352.txt,file_modified,alert_only,high,2026-09-18 01:50:06.952813+00,2026-09-18 01:52:13.459863+00
39faafb3-6142-4984-9953-8c707e588779,/srv/fim-watch/critico/gen_00173.txt,file_modified,alert_only,critical,2026-09-18 01:50:07.053061+00,2026-09-18 01:52:13.474723+00
68954f0d-acdd-4651-a07e-fc04be63ed0c,/srv/fim-watch/critico/gen_00173.txt,file_modified,alert_only,critical,2026-09-18 01:50:07.153123+00,2026-09-18 01:52:13.489304+00
c0f05ec0-daf7-4033-86d7-c8fe0b0ab7d3,/srv/fim-watch/gen_00420.txt,file_created,alert_only,high,2026-09-18 01:50:07.252805+00,2026-09-18 01:52:13.505355+00
cb69a1db-228b-46d2-9513-068df2c879cd,/srv/fim-watch/gen_00420.txt,file_deleted,alert_only,high,2026-09-18 01:50:07.352461+00,2026-09-18 01:52:13.521227+00
aee613fc-97f4-4524-b36b-64b603130b3b,/srv/fim-watch/gen_00365.txt,file_modified,alert_only,high,2026-09-18 01:50:07.452957+00,2026-09-18 01:52:13.536814+00
75f931b6-0b80-4687-8ea4-5a88f5ea9dcd,/srv/fim-watch/gen_00422.txt,file_modified,alert_only,high,2026-09-18 01:50:07.653045+00,2026-09-18 01:52:13.552945+00
cdc1f717-bddd-4016-b989-34da0c5e9411,/srv/fim-watch/gen_00136.txt,file_modified,alert_only,high,2026-09-18 01:50:07.752533+00,2026-09-18 01:52:13.570912+00
21c3f466-5248-428a-bc0b-cf05d2c3ee2c,/srv/fim-watch/gen_00423.txt,file_modified,alert_only,high,2026-09-18 01:50:07.852513+00,2026-09-18 01:52:13.588438+00
3904ff79-97ff-470f-b455-4e21b57d26e0,/srv/fim-watch/gen_00402.txt,file_modified,alert_only,high,2026-09-18 01:50:07.952584+00,2026-09-18 01:52:13.607518+00
3a3fcfa1-ce78-4228-b232-6a4accd117ad,/srv/fim-watch/gen_00402.txt,file_modified,alert_only,high,2026-09-18 01:50:08.052584+00,2026-09-18 01:52:13.625912+00
ad9bf0e7-f7c7-4cfd-b2b9-f35d8688928b,/srv/fim-watch/gen_00402.txt,file_modified,alert_only,high,2026-09-18 01:50:08.152836+00,2026-09-18 01:52:13.644365+00
717268f4-cb62-4c9e-a017-74a39f92d8e9,/srv/fim-watch/gen_00402.txt,file_modified,alert_only,high,2026-09-18 01:50:08.25278+00,2026-09-18 01:52:13.662125+00
d00e2050-22e1-4489-9e2c-418fc7586e90,/srv/fim-watch/gen_00402.txt,file_modified,alert_only,high,2026-09-18 01:50:08.352951+00,2026-09-18 01:52:13.679588+00
bb605027-83e4-41d7-91a1-6d4e04ea950c,/srv/fim-watch/gen_00424.txt,file_modified,alert_only,high,2026-09-18 01:50:08.452953+00,2026-09-18 01:52:13.706964+00
f407658a-6ddd-4736-bc5d-24676dbdb82b,/srv/fim-watch/critico/gen_00312.txt,file_modified,alert_only,critical,2026-09-18 01:50:08.552615+00,2026-09-18 01:52:13.714104+00
a6627e92-5c2e-4d54-a023-b257e8e0d2a4,/srv/fim-watch/gen_00020.txt,file_modified,alert_only,high,2026-09-18 01:50:08.652574+00,2026-09-18 01:52:13.732077+00
e534a687-8c7a-4196-8d73-5dd2a431b5e8,/srv/fim-watch/gen_00125.txt,file_modified,alert_only,high,2026-09-18 01:50:08.7528+00,2026-09-18 01:52:13.749184+00
46365a33-aa9a-49d8-9839-2b3fd9685579,/srv/fim-watch/gen_00352.txt,file_modified,alert_only,high,2026-09-18 01:50:08.85308+00,2026-09-18 01:52:13.764443+00
f23460d2-b42a-495f-a9e7-25a782ebaa5e,/srv/fim-watch/gen_00352.txt,file_modified,alert_only,high,2026-09-18 01:50:08.953033+00,2026-09-18 01:52:13.779162+00
c3d8c46c-950d-422a-95ea-42829d8e7296,/srv/fim-watch/gen_00187.txt,file_deleted,alert_only,high,2026-09-18 01:50:09.052617+00,2026-09-18 01:52:13.795681+00
acc971fb-f256-48e7-867b-aa49ab012f1f,/srv/fim-watch/critico/gen_00173.txt,file_deleted,alert_only,critical,2026-09-18 01:50:09.152911+00,2026-09-18 01:52:13.810115+00
316eb0cd-e389-4b2f-96cc-3ce56606d3f7,/srv/fim-watch/gen_00129.txt,file_deleted,alert_only,high,2026-09-18 01:50:09.252571+00,2026-09-18 01:52:13.826274+00
ddb1d121-b46a-44e0-ae46-66097c1cfa87,/srv/fim-watch/gen_00241.txt,file_modified,alert_only,high,2026-09-18 01:50:09.353119+00,2026-09-18 01:52:13.84183+00
27a0090e-97f2-4a29-84a2-5f0870a8f75d,/srv/fim-watch/gen_00425.txt,file_modified,alert_only,high,2026-09-18 01:50:09.453106+00,2026-09-18 01:52:13.856775+00
38d45f3e-944d-46ee-a48a-7b0b8f2588ee,/srv/fim-watch/gen_00426.txt,file_modified,alert_only,high,2026-09-18 01:50:09.552454+00,2026-09-18 01:52:13.873193+00
d04e37d7-11c6-4763-ae89-12175ff23a43,/srv/fim-watch/gen_00427.txt,file_created,alert_only,high,2026-09-18 01:50:09.652754+00,2026-09-18 01:52:13.889374+00
b104bcb9-4645-4fad-b60f-b42dec26654e,/srv/fim-watch/gen_00356.txt,file_modified,alert_only,high,2026-09-18 01:50:09.752957+00,2026-09-18 01:52:13.905259+00
4458910b-639b-40b2-ada3-a952491e4871,/srv/fim-watch/gen_00188.txt,file_modified,alert_only,high,2026-09-18 01:50:09.852667+00,2026-09-18 01:52:13.920765+00
82de2be3-886e-4dd1-8ddf-da6b5206a050,/srv/fim-watch/gen_00188.txt,file_modified,alert_only,high,2026-09-18 01:50:09.952842+00,2026-09-18 01:52:13.936381+00
6d55f5af-fec0-48b8-8e96-aeafd98a1aa8,/srv/fim-watch/gen_00188.txt,file_modified,alert_only,high,2026-09-18 01:50:10.052654+00,2026-09-18 01:52:13.951958+00
247f9052-8557-4464-90ab-2acaf8c76af0,/srv/fim-watch/gen_00188.txt,file_modified,alert_only,high,2026-09-18 01:50:10.15298+00,2026-09-18 01:52:13.967729+00
3c7c1ef6-ae29-4759-88e1-036309219921,/srv/fim-watch/gen_00188.txt,file_modified,alert_only,high,2026-09-18 01:50:10.253093+00,2026-09-18 01:52:13.9836+00
6e5edb6d-ca46-425f-b177-0825ca658d70,/srv/fim-watch/critico/gen_00332.txt,file_modified,alert_only,critical,2026-09-18 01:50:10.353006+00,2026-09-18 01:52:13.999428+00
bf464a5e-3e6e-4629-b2b5-0445bc80fd52,/srv/fim-watch/gen_00331.txt,file_modified,alert_only,high,2026-09-18 01:50:10.452045+00,2026-09-18 01:52:14.014938+00
d8409705-1b55-447b-9325-e2507f278b44,/srv/fim-watch/gen_00331.txt,file_modified,alert_only,high,2026-09-18 01:50:10.552941+00,2026-09-18 01:52:14.030622+00
8aaf4abc-6400-4838-aa12-5bf8310a5f63,/srv/fim-watch/critico/gen_00428.txt,file_modified,alert_only,critical,2026-09-18 01:50:10.652407+00,2026-09-18 01:52:14.046273+00
1e5a3eeb-334f-4078-a7a5-b53ffa8e922c,/srv/fim-watch/gen_00429.txt,file_modified,alert_only,high,2026-09-18 01:50:10.753008+00,2026-09-18 01:52:14.061964+00
18e2cf7a-4c0d-4711-9c51-47d4d1b25eec,/srv/fim-watch/gen_00309.txt,file_modified,alert_only,high,2026-09-18 01:50:10.853279+00,2026-09-18 01:52:14.078611+00
dd53f817-cd59-45fc-ac5f-62bca481cd6f,/srv/fim-watch/gen_00309.txt,file_modified,alert_only,high,2026-09-18 01:50:10.95304+00,2026-09-18 01:52:14.097188+00
abc35918-f551-415a-9108-34b41a8d774a,/srv/fim-watch/gen_00430.txt,file_modified,alert_only,high,2026-09-18 01:50:11.052915+00,2026-09-18 01:52:14.115103+00
ad64b632-cae4-494f-8d50-5ae15b99becf,/srv/fim-watch/critico/gen_00262.txt,file_modified,alert_only,critical,2026-09-18 01:50:11.152213+00,2026-09-18 01:52:14.133135+00
4300057b-6303-49cb-a932-16aeba750e40,/srv/fim-watch/gen_00196.txt,file_modified,alert_only,high,2026-09-18 01:50:11.252972+00,2026-09-18 01:52:14.150945+00
fabb172a-92a4-48dc-a8c0-55c1591da3b7,/srv/fim-watch/gen_00196.txt,file_modified,alert_only,high,2026-09-18 01:50:11.35293+00,2026-09-18 01:52:14.169462+00
4be867a6-55f0-48f9-b66f-061dd3773d02,/srv/fim-watch/gen_00196.txt,file_modified,alert_only,high,2026-09-18 01:50:11.45283+00,2026-09-18 01:52:14.187191+00
8ab145e2-1c95-4a49-a98f-4d5ef9429ba9,/srv/fim-watch/gen_00196.txt,file_modified,alert_only,high,2026-09-18 01:50:11.552498+00,2026-09-18 01:52:14.204201+00
c0f0593a-46c2-4b85-8d88-fbf5f9068ce0,/srv/fim-watch/gen_00196.txt,file_modified,alert_only,high,2026-09-18 01:50:11.65293+00,2026-09-18 01:52:14.220849+00
89c1eb98-e220-48ee-bfd3-cb25c79cffdc,/srv/fim-watch/gen_00274.txt,file_modified,alert_only,high,2026-09-18 01:50:11.754001+00,2026-09-18 01:52:14.237517+00
97cdd56d-5c4e-4c92-9178-0ff77b68ddc1,/srv/fim-watch/gen_00395.txt,file_modified,alert_only,high,2026-09-18 01:50:11.852784+00,2026-09-18 01:52:14.256087+00
485665b1-2d7c-48b5-a244-de320481dc68,/srv/fim-watch/gen_00306.txt,file_modified,alert_only,high,2026-09-18 01:50:11.952734+00,2026-09-18 01:52:14.274225+00
4a72cf7b-c375-4f1a-b203-7dd4353524d4,/srv/fim-watch/gen_00139.txt,file_modified,alert_only,high,2026-09-18 01:50:12.051885+00,2026-09-18 01:52:14.292219+00
f7592d0a-d781-4a50-bdc2-89d0cadc2bc9,/srv/fim-watch/gen_00431.txt,file_modified,alert_only,high,2026-09-18 01:50:12.15241+00,2026-09-18 01:52:14.310203+00
3aab6c4b-4d35-45f6-9407-7281ba6890d3,/srv/fim-watch/gen_00193.txt,file_modified,alert_only,high,2026-09-18 01:50:12.251959+00,2026-09-18 01:52:14.328597+00
d6101552-eed0-43f3-8057-2768c70ae537,/srv/fim-watch/critico/gen_00432.txt,file_created,alert_only,critical,2026-09-18 01:50:12.352401+00,2026-09-18 01:52:14.342083+00
de74c399-994b-4ad6-b7e9-9bc69424553a,/srv/fim-watch/critico/gen_00432.txt,file_deleted,alert_only,critical,2026-09-18 01:50:12.452117+00,2026-09-18 01:52:14.357144+00
72c3374a-51c1-4652-94d2-1c42fe288236,/srv/fim-watch/gen_00275.txt,file_deleted,alert_only,high,2026-09-18 01:50:12.552825+00,2026-09-18 01:52:14.371749+00
1c2ee236-f8cf-4c7f-b98e-d01c6aecb6fd,/srv/fim-watch/gen_00433.txt,file_modified,alert_only,high,2026-09-18 01:50:12.652522+00,2026-09-18 01:52:14.387375+00
614a6fd4-8fc8-4825-9291-91ddf24da441,/srv/fim-watch/gen_00125.txt,file_modified,alert_only,high,2026-09-18 01:50:12.753261+00,2026-09-18 01:52:14.400913+00
969697e7-d043-4d0f-9f55-2f79a37d4b4d,/srv/fim-watch/gen_00285.txt,file_modified,alert_only,high,2026-09-18 01:50:12.852463+00,2026-09-18 01:52:14.415426+00
772f298d-7ffc-44af-8c0f-732e828fe301,/srv/fim-watch/gen_00320.txt,file_modified,alert_only,high,2026-09-18 01:50:13.05252+00,2026-09-18 01:52:14.430737+00
c1f79f01-0805-45db-a7f4-46dd38fdb203,/srv/fim-watch/critico/gen_00437.txt,file_modified,alert_only,critical,2026-09-18 01:50:13.352993+00,2026-09-18 01:52:14.446358+00
7d054637-b6ce-468a-9fcb-5c0703982c65,/srv/fim-watch/gen_00263.txt,file_modified,alert_only,high,2026-09-18 01:50:13.453229+00,2026-09-18 01:52:14.462851+00
dd91a7eb-73e7-49b0-ace8-9329746f64f4,/srv/fim-watch/gen_00401.txt,file_modified,alert_only,high,2026-09-18 01:50:13.55275+00,2026-09-18 01:52:14.479985+00
9e135160-953e-4da8-b209-a4ab86bd7e94,/srv/fim-watch/gen_00359.txt,file_modified,alert_only,high,2026-09-18 01:50:13.752789+00,2026-09-18 01:52:14.497374+00
5121cdc2-1c4a-4389-87cf-7411777c782d,/srv/fim-watch/gen_00403.txt,file_modified,alert_only,high,2026-09-18 01:50:13.953066+00,2026-09-18 01:52:14.524889+00
f6e862e3-cd20-4cf1-9938-7fae01a67adc,/srv/fim-watch/gen_00403.txt,file_modified,alert_only,high,2026-09-18 01:50:14.053108+00,2026-09-18 01:52:14.532067+00
a6b9acfb-0d8c-4229-815b-afb8168dcf78,/srv/fim-watch/gen_00418.txt,file_modified,alert_only,high,2026-09-18 01:50:14.153176+00,2026-09-18 01:52:14.549445+00
d6e6de4e-1758-4a91-8605-72951bac87da,/srv/fim-watch/critico/gen_00209.txt,file_modified,alert_only,critical,2026-09-18 01:50:14.253087+00,2026-09-18 01:52:14.566281+00
afc19333-fd05-4a6f-a496-113ae6cc85e0,/srv/fim-watch/critico/gen_00336.txt,file_modified,alert_only,critical,2026-09-18 01:50:14.353049+00,2026-09-18 01:52:14.583838+00
d2443bcc-c714-4f97-a93d-2ab6cdda2a9c,/srv/fim-watch/gen_00282.txt,file_modified,alert_only,high,2026-09-18 01:50:14.453104+00,2026-09-18 01:52:14.600788+00
bf9c1fe2-162d-46cf-a4df-a03ede8aa1fc,/srv/fim-watch/gen_00282.txt,file_modified,alert_only,high,2026-09-18 01:50:14.552822+00,2026-09-18 01:52:14.616886+00
c78f825e-0219-493c-88e4-84358fdc2bd7,/srv/fim-watch/gen_00139.txt,file_modified,alert_only,high,2026-09-18 01:50:14.653295+00,2026-09-18 01:52:14.632655+00
9525a64e-ff99-42c0-abba-bc2f6ccb5b9e,/srv/fim-watch/gen_00226.txt,file_modified,alert_only,high,2026-09-18 01:50:14.753157+00,2026-09-18 01:52:14.649329+00
86f56af7-9361-4de6-8bd1-a1da20b74cf0,/srv/fim-watch/gen_00366.txt,file_deleted,alert_only,high,2026-09-18 01:50:14.85308+00,2026-09-18 01:52:14.665634+00
43a83518-b724-4659-a6c6-ceb537adf7df,/srv/fim-watch/critico/gen_00156.txt,file_modified,alert_only,critical,2026-09-18 01:50:14.953158+00,2026-09-18 01:52:14.682473+00
375ba933-a394-4c6f-8614-0297bf643512,/srv/fim-watch/gen_00411.txt,file_deleted,alert_only,high,2026-09-18 01:50:15.053333+00,2026-09-18 01:52:14.699599+00
122f9187-80cf-4e2c-baa8-bb7d3e41dffb,/srv/fim-watch/gen_00036.txt,file_modified,alert_only,high,2026-09-18 01:50:15.152776+00,2026-09-18 01:52:14.716523+00
32c1da59-7060-48d6-8ee3-dd69ee4795f0,/srv/fim-watch/gen_00389.txt,file_modified,alert_only,high,2026-09-18 01:50:15.253082+00,2026-09-18 01:52:14.732505+00
bce51386-6914-4299-93be-33ed15880fc3,/srv/fim-watch/gen_00149.txt,file_modified,alert_only,high,2026-09-18 01:50:15.353129+00,2026-09-18 01:52:14.747796+00
dc67f690-a0f4-4cb2-ab72-5c3868811797,/srv/fim-watch/gen_00440.txt,file_modified,alert_only,high,2026-09-18 01:50:15.452983+00,2026-09-18 01:52:14.763158+00
687897ed-8e7a-4676-ac83-1f6d63aaac62,/srv/fim-watch/gen_00329.txt,file_modified,alert_only,high,2026-09-18 01:50:15.552719+00,2026-09-18 01:52:14.778708+00
c38a9554-de2d-4d47-b155-87598b234100,/srv/fim-watch/gen_00384.txt,file_modified,alert_only,high,2026-09-18 01:50:15.652696+00,2026-09-18 01:52:14.795965+00
c80c050f-8843-4512-a6d1-ffb5f1b245e3,/srv/fim-watch/gen_00384.txt,file_modified,alert_only,high,2026-09-18 01:50:15.753099+00,2026-09-18 01:52:14.811413+00
349e1415-ffe7-4f64-859e-59c79d047e69,/srv/fim-watch/gen_00384.txt,file_modified,alert_only,high,2026-09-18 01:50:15.852939+00,2026-09-18 01:52:14.825649+00
b3f627db-a212-4f4c-a3ff-949ec4650f52,/srv/fim-watch/gen_00384.txt,file_modified,alert_only,high,2026-09-18 01:50:15.952948+00,2026-09-18 01:52:14.840071+00
cf5ac09a-eeb6-4bf6-a58a-ed02c4755b29,/srv/fim-watch/gen_00384.txt,file_modified,alert_only,high,2026-09-18 01:50:16.052487+00,2026-09-18 01:52:14.853889+00
50326465-89ca-4a12-9842-a309aa2ab232,/srv/fim-watch/gen_00441.txt,file_modified,alert_only,high,2026-09-18 01:50:16.152218+00,2026-09-18 01:52:14.869547+00
544355b9-6318-4300-80f7-195241924851,/srv/fim-watch/gen_00442.txt,file_modified,alert_only,high,2026-09-18 01:50:16.252524+00,2026-09-18 01:52:14.885661+00
1101b07e-77ae-4d83-adc1-b56a6ff12afb,/srv/fim-watch/gen_00230.txt,file_modified,alert_only,high,2026-09-18 01:50:16.352933+00,2026-09-18 01:52:14.902188+00
57471faa-7f42-45aa-a521-1fd4ca286759,/srv/fim-watch/critico/gen_00369.txt,file_modified,alert_only,critical,2026-09-18 01:50:16.452773+00,2026-09-18 01:52:14.917388+00
6131c1a7-27c7-4af1-8c8f-14348bb94e2c,/srv/fim-watch/gen_00204.txt,file_modified,alert_only,high,2026-09-18 01:50:16.552816+00,2026-09-18 01:52:14.932442+00
65a8303d-cd33-4f0a-994c-b248790511e3,/srv/fim-watch/critico/gen_00123.txt,file_modified,alert_only,critical,2026-09-18 01:50:16.653249+00,2026-09-18 01:52:14.948408+00
7b51ba83-4a5a-4d20-ab40-550c67c0828c,/srv/fim-watch/gen_00265.txt,file_deleted,alert_only,high,2026-09-18 01:50:16.753081+00,2026-09-18 01:52:14.965316+00
772298f2-5092-4719-84fa-947918ce00eb,/srv/fim-watch/gen_00050.txt,file_modified,alert_only,high,2026-09-18 01:50:16.852771+00,2026-09-18 01:52:14.982111+00
fa050195-35c1-4539-a897-aa29ca6a4460,/srv/fim-watch/gen_00443.txt,file_modified,alert_only,high,2026-09-18 01:50:16.952456+00,2026-09-18 01:52:14.999367+00
ab14f345-5714-4440-a84c-258544a47055,/srv/fim-watch/gen_00195.txt,file_modified,alert_only,high,2026-09-18 01:50:17.053016+00,2026-09-18 01:52:15.015653+00
719d629c-b5aa-40dd-827a-3c72cf7c5543,/srv/fim-watch/gen_00405.txt,file_modified,alert_only,high,2026-09-18 01:50:17.153106+00,2026-09-18 01:52:15.032345+00
ce613463-c0bf-4f96-adaf-0eebc83b6744,/srv/fim-watch/critico/gen_00322.txt,file_modified,alert_only,critical,2026-09-18 01:50:17.253282+00,2026-09-18 01:52:15.047804+00
b14c32ca-7d0f-45aa-8f05-d497b97c703c,/srv/fim-watch/gen_00313.txt,file_modified,alert_only,high,2026-09-18 01:50:17.453011+00,2026-09-18 01:52:15.064437+00
d2bac70c-d3fc-4efe-8870-bdaa5f38b04a,/srv/fim-watch/gen_00427.txt,file_modified,alert_only,high,2026-09-18 01:50:17.552613+00,2026-09-18 01:52:15.082005+00
bbd5ccac-1854-45ee-b1a4-319d25f4f74f,/srv/fim-watch/gen_00219.txt,file_modified,alert_only,high,2026-09-18 01:50:17.753301+00,2026-09-18 01:52:15.099103+00
771b3523-22b7-4756-be00-c5469e4256d8,/srv/fim-watch/gen_00213.txt,file_modified,alert_only,high,2026-09-18 01:50:17.852062+00,2026-09-18 01:52:15.117434+00
575821cb-3555-449e-ba14-7628801418b5,/srv/fim-watch/gen_00297.txt,file_deleted,alert_only,high,2026-09-18 01:50:17.952512+00,2026-09-18 01:52:15.134873+00
5d0f6736-ba99-4c0e-9fe8-5476c808b9aa,/srv/fim-watch/gen_00020.txt,file_modified,alert_only,high,2026-09-18 01:50:18.052486+00,2026-09-18 01:52:15.151125+00
3c5e8f45-0b62-4659-a4e4-19c8931c4263,/srv/fim-watch/gen_00445.txt,file_modified,alert_only,high,2026-09-18 01:50:18.152623+00,2026-09-18 01:52:15.167015+00
757391f9-6824-4121-bb61-2cee7b4c5422,/srv/fim-watch/gen_00152.txt,file_modified,alert_only,high,2026-09-18 01:50:18.252425+00,2026-09-18 01:52:15.182868+00
a4de41ae-2833-424e-b538-47f43f617777,/srv/fim-watch/gen_00407.txt,file_deleted,alert_only,high,2026-09-18 01:50:18.35205+00,2026-09-18 01:52:15.199054+00
88bb6895-3e7f-4dc7-8e74-59a4493bc64b,/srv/fim-watch/gen_00446.txt,file_created,alert_only,high,2026-09-18 01:50:18.452467+00,2026-09-18 01:52:15.215018+00
54014c8f-2abb-447d-bfa0-1108e5105359,/srv/fim-watch/gen_00355.txt,file_modified,alert_only,high,2026-09-18 01:50:18.552686+00,2026-09-18 01:52:15.230244+00
9e50e839-0ac7-4e25-ab64-cf0a0204d427,/srv/fim-watch/gen_00319.txt,file_deleted,alert_only,high,2026-09-18 01:50:18.65323+00,2026-09-18 01:52:15.245077+00
81be6006-bdbc-452c-90b3-245880996dca,/srv/fim-watch/gen_00285.txt,file_modified,alert_only,high,2026-09-18 01:50:18.75289+00,2026-09-18 01:52:15.259629+00
9b592683-6672-4a82-a313-7ba0d4b1eb73,/srv/fim-watch/gen_00193.txt,file_modified,alert_only,high,2026-09-18 01:50:18.853221+00,2026-09-18 01:52:15.274942+00
a23dde40-464f-4a48-84bb-ece5f376b815,/srv/fim-watch/critico/gen_00371.txt,file_modified,alert_only,critical,2026-09-18 01:50:18.952621+00,2026-09-18 01:52:15.290842+00
da4dc124-8051-4853-9b12-ce732bf04297,/srv/fim-watch/critico/gen_00242.txt,file_modified,alert_only,critical,2026-09-18 01:50:19.052597+00,2026-09-18 01:52:15.308129+00
a32941d1-1676-466e-9ad9-dfb7ebcf73be,/srv/fim-watch/critico/gen_00242.txt,file_modified,alert_only,critical,2026-09-18 01:50:19.152809+00,2026-09-18 01:52:15.335916+00
991f5d83-91ff-4469-ac5c-d004aed7c25d,/srv/fim-watch/gen_00166.txt,file_modified,alert_only,high,2026-09-18 01:50:19.252661+00,2026-09-18 01:52:15.342468+00
17b7654a-6cac-4aa7-9a91-41c47006f138,/srv/fim-watch/gen_00412.txt,file_modified,alert_only,high,2026-09-18 01:50:19.353228+00,2026-09-18 01:52:15.359686+00
f451f4fa-ceb4-42e9-a30f-53970f858f33,/srv/fim-watch/gen_00105.txt,file_modified,alert_only,high,2026-09-18 01:50:19.453038+00,2026-09-18 01:52:15.375565+00
e336d61b-a2fa-4eb2-b2f7-8817f34b5163,/srv/fim-watch/gen_00418.txt,file_modified,alert_only,high,2026-09-18 01:50:19.553207+00,2026-09-18 01:52:15.391054+00
49231a65-230c-4faf-b920-9fde512e02e4,/srv/fim-watch/gen_00418.txt,file_modified,alert_only,high,2026-09-18 01:50:19.652425+00,2026-09-18 01:52:15.407447+00
8db61808-61ef-4827-9cc9-af6875805a79,/srv/fim-watch/gen_00418.txt,file_modified,alert_only,high,2026-09-18 01:50:19.753056+00,2026-09-18 01:52:15.422995+00
4b557a20-00c7-443d-8336-f285c9168280,/srv/fim-watch/gen_00418.txt,file_modified,alert_only,high,2026-09-18 01:50:19.85323+00,2026-09-18 01:52:15.43806+00
788378de-0359-482e-890e-f51647b530b8,/srv/fim-watch/gen_00418.txt,file_modified,alert_only,high,2026-09-18 01:50:19.952605+00,2026-09-18 01:52:15.45385+00
c7ec0ae9-e8b7-4559-a2c2-0abc75e5cb5b,/srv/fim-watch/gen_00375.txt,file_modified,alert_only,high,2026-09-18 01:50:20.052721+00,2026-09-18 01:52:15.469498+00
1022f83f-943c-4f9d-8309-c32e13e2e245,/srv/fim-watch/gen_00234.txt,file_modified,alert_only,high,2026-09-18 01:50:20.152769+00,2026-09-18 01:52:15.484995+00
26d41033-c18a-4297-91f8-b5be58e64246,/srv/fim-watch/gen_00298.txt,file_modified,alert_only,high,2026-09-18 01:50:20.253261+00,2026-09-18 01:52:15.500995+00
757919a0-170e-49ab-aa8f-9c466291d203,/srv/fim-watch/gen_00298.txt,file_modified,alert_only,high,2026-09-18 01:50:20.353042+00,2026-09-18 01:52:15.516577+00
fa72a49b-186e-4989-8312-62c1e839c84d,/srv/fim-watch/gen_00422.txt,file_modified,alert_only,high,2026-09-18 01:50:20.45256+00,2026-09-18 01:52:15.531784+00
971fb80b-4a3f-49d5-83c5-b2953a93a016,/srv/fim-watch/gen_00447.txt,file_modified,alert_only,high,2026-09-18 01:50:20.552162+00,2026-09-18 01:52:15.547078+00
60eb5637-a13d-49f2-aa2f-6fed39c3a0ff,/srv/fim-watch/gen_00447.txt,file_deleted,alert_only,high,2026-09-18 01:50:20.652504+00,2026-09-18 01:52:15.563016+00
3c52144c-bed7-43ee-9d13-908111ab5a07,/srv/fim-watch/gen_00367.txt,file_modified,alert_only,high,2026-09-18 01:50:20.752348+00,2026-09-18 01:52:15.57885+00
e0ca14d8-04ac-4771-9a52-1367d9b0b258,/srv/fim-watch/gen_00423.txt,file_deleted,alert_only,high,2026-09-18 01:50:20.852184+00,2026-09-18 01:52:15.594979+00
ad25bfeb-d018-4397-b7f0-220e52ed6ece,/srv/fim-watch/gen_00346.txt,file_modified,alert_only,high,2026-09-18 01:50:20.953061+00,2026-09-18 01:52:15.611593+00
36b4dc8a-3161-4477-9ba9-c27103bc999c,/srv/fim-watch/gen_00346.txt,file_modified,alert_only,high,2026-09-18 01:50:21.053033+00,2026-09-18 01:52:15.627207+00
089cebec-3d4b-4ce2-bd8a-42bef6d8cfda,/srv/fim-watch/critico/gen_00312.txt,file_modified,alert_only,critical,2026-09-18 01:50:21.152735+00,2026-09-18 01:52:15.642467+00
86ecaacc-6e68-4312-8099-5c2173076bde,/srv/fim-watch/critico/gen_00061.txt,file_modified,alert_only,critical,2026-09-18 01:50:21.252181+00,2026-09-18 01:52:15.657869+00
ea9b7576-e1ff-4335-919a-59096036ad16,/srv/fim-watch/gen_00448.txt,file_modified,alert_only,high,2026-09-18 01:50:21.352775+00,2026-09-18 01:52:15.671859+00
93611fa7-2c48-4840-9f48-72b9827f8be0,/srv/fim-watch/gen_00449.txt,file_created,alert_only,high,2026-09-18 01:50:21.452623+00,2026-09-18 01:52:15.686689+00
1f8b2410-a749-4a60-8e64-d9e98615bd82,/srv/fim-watch/gen_00179.txt,file_modified,alert_only,high,2026-09-18 01:50:21.553096+00,2026-09-18 01:52:15.702584+00
b41a9163-9f40-49a6-9e24-669712945b6b,/srv/fim-watch/gen_00254.txt,file_modified,alert_only,high,2026-09-18 01:50:21.652963+00,2026-09-18 01:52:15.718435+00
c7aa4aa7-e20d-4a9f-9ed6-42f3aebb0ef0,/srv/fim-watch/gen_00254.txt,file_modified,alert_only,high,2026-09-18 01:50:21.752736+00,2026-09-18 01:52:15.734424+00
82ef080c-4496-4bbb-bebc-07c7ae75d510,/srv/fim-watch/gen_00443.txt,file_modified,alert_only,high,2026-09-18 01:50:21.853005+00,2026-09-18 01:52:15.75015+00
48a8f4ab-d355-4cad-b3f4-1f2de51a912b,/srv/fim-watch/gen_00383.txt,file_modified,alert_only,high,2026-09-18 01:50:21.953038+00,2026-09-18 01:52:15.766274+00
4271f45b-77a3-43e6-9231-2e7885fe941c,/srv/fim-watch/critico/gen_00351.txt,file_modified,alert_only,critical,2026-09-18 01:50:22.052582+00,2026-09-18 01:52:15.782319+00
485f9ccd-9bef-4832-bbf1-20f87c09299e,/srv/fim-watch/gen_00450.txt,file_modified,alert_only,high,2026-09-18 01:50:22.152487+00,2026-09-18 01:52:15.800798+00
ecbf0842-338e-48ff-a622-d1687dac3883,/srv/fim-watch/gen_00114.txt,file_modified,alert_only,high,2026-09-18 01:50:22.253066+00,2026-09-18 01:52:15.818454+00
464b215a-4234-49fe-9ff0-6ff8f6145336,/srv/fim-watch/gen_00114.txt,file_modified,alert_only,high,2026-09-18 01:50:22.352946+00,2026-09-18 01:52:15.836168+00
9f1ae809-c79a-4c0c-bc2b-3013a5547a18,/srv/fim-watch/critico/gen_00451.txt,file_modified,alert_only,critical,2026-09-18 01:50:22.452835+00,2026-09-18 01:52:15.85333+00
4a499e76-2e92-48e6-80b8-50667d48da62,/srv/fim-watch/gen_00452.txt,file_modified,alert_only,high,2026-09-18 01:50:22.552559+00,2026-09-18 01:52:15.870563+00
34c2bca6-dd5d-4502-be81-da14840ea9c9,/srv/fim-watch/gen_00453.txt,file_modified,alert_only,high,2026-09-18 01:50:22.652994+00,2026-09-18 01:52:15.888166+00
5daacefe-d4a9-4505-afed-03c5b903430f,/srv/fim-watch/gen_00433.txt,file_deleted,alert_only,high,2026-09-18 01:50:22.753134+00,2026-09-18 01:52:15.905543+00
ced41184-07ec-47ec-8dd1-6d7576343e55,/srv/fim-watch/critico/gen_00288.txt,file_modified,alert_only,critical,2026-09-18 01:50:22.852994+00,2026-09-18 01:52:15.92211+00
6c7f2b1c-db6e-464f-8bed-4c6d4acfdfc3,/srv/fim-watch/gen_00125.txt,file_modified,alert_only,high,2026-09-18 01:50:22.952563+00,2026-09-18 01:52:15.939283+00
9e288a18-e77d-440e-9a51-8633ec9acd73,/srv/fim-watch/gen_00125.txt,file_modified,alert_only,high,2026-09-18 01:50:23.052667+00,2026-09-18 01:52:15.955484+00
28ba16ed-8e37-4759-b715-6d55dc37d195,/srv/fim-watch/critico/gen_00414.txt,file_modified,alert_only,critical,2026-09-18 01:50:23.15289+00,2026-09-18 01:52:15.972441+00
f916ac0a-b693-407d-b847-72ab7c65080f,/srv/fim-watch/gen_00298.txt,file_modified,alert_only,high,2026-09-18 01:50:23.25278+00,2026-09-18 01:52:15.989394+00
ee131404-3900-49a1-bc50-e3a00b4b2bf3,/srv/fim-watch/gen_00263.txt,file_modified,alert_only,high,2026-09-18 01:50:23.352961+00,2026-09-18 01:52:16.007301+00
085196b7-7d4c-422e-8c01-43c9b3933f4a,/srv/fim-watch/gen_00454.txt,file_modified,alert_only,high,2026-09-18 01:50:23.45278+00,2026-09-18 01:52:16.024441+00
e99d4bc6-f1c6-4698-96f0-4d1b7312fcfe,/srv/fim-watch/critico/gen_00130.txt,file_modified,alert_only,critical,2026-09-18 01:50:23.552641+00,2026-09-18 01:52:16.044242+00
9abff49f-4f98-4ef5-a391-35101aa9c605,/srv/fim-watch/gen_00455.txt,file_modified,alert_only,high,2026-09-18 01:50:23.652759+00,2026-09-18 01:52:16.061692+00
ec4add47-1b91-4aec-9135-412c3ee8ff33,/srv/fim-watch/gen_00317.txt,file_modified,alert_only,high,2026-09-18 01:50:23.75304+00,2026-09-18 01:52:16.078624+00
2eae5b2e-845e-4077-a3b5-06b032b9aa63,/srv/fim-watch/gen_00163.txt,file_modified,alert_only,high,2026-09-18 01:50:23.852712+00,2026-09-18 01:52:16.093105+00
9faedc49-8b10-4469-a52b-fe37f2680e7e,/srv/fim-watch/critico/gen_00457.txt,file_created,alert_only,critical,2026-09-18 01:50:24.052939+00,2026-09-18 01:52:16.108594+00
179e8707-680b-4a58-99be-37bee17a583e,/srv/fim-watch/gen_00405.txt,file_modified,alert_only,high,2026-09-18 01:50:24.152835+00,2026-09-18 01:52:16.124021+00
90331361-d65a-4d31-b6f2-eeaefa19b3e2,/srv/fim-watch/gen_00195.txt,file_modified,alert_only,high,2026-09-18 01:50:24.252306+00,2026-09-18 01:52:16.150159+00
fa097247-337f-4c33-9239-217d520afa49,/srv/fim-watch/gen_00308.txt,file_modified,alert_only,high,2026-09-18 01:50:24.352137+00,2026-09-18 01:52:16.156959+00
dbf0d25d-324e-4607-a335-6591c9a526b6,/srv/fim-watch/gen_00458.txt,file_created,alert_only,high,2026-09-18 01:50:24.452682+00,2026-09-18 01:52:16.174689+00
243a12b0-d78f-421a-8e2d-203fb4f6ae4e,/srv/fim-watch/gen_00098.txt,file_modified,alert_only,high,2026-09-18 01:50:24.552366+00,2026-09-18 01:52:16.191596+00
c6a9b8c2-4776-47ba-adc3-de482c0f9acc,/srv/fim-watch/gen_00459.txt,file_modified,alert_only,high,2026-09-18 01:50:24.65265+00,2026-09-18 01:52:16.208304+00
c7eb3360-c85f-41fc-a642-33aab47eba0d,/srv/fim-watch/gen_00331.txt,file_modified,alert_only,high,2026-09-18 01:50:24.752794+00,2026-09-18 01:52:16.223777+00
b4ba440c-7a02-4f42-be60-9efccd749236,/srv/fim-watch/gen_00460.txt,file_modified,alert_only,high,2026-09-18 01:50:24.852536+00,2026-09-18 01:52:16.239247+00
b19157ab-de74-4dc3-ada9-f256394a89c9,/srv/fim-watch/gen_00199.txt,file_modified,alert_only,high,2026-09-18 01:50:24.952358+00,2026-09-18 01:52:16.257543+00
202e69e8-15ec-4330-80c2-94d051c363dc,/srv/fim-watch/critico/gen_00461.txt,file_modified,alert_only,critical,2026-09-18 01:50:25.052697+00,2026-09-18 01:52:16.272146+00
3457f371-d9ea-4621-84a8-cf169babf9fe,/srv/fim-watch/critico/gen_00330.txt,file_modified,alert_only,critical,2026-09-18 01:50:25.152786+00,2026-09-18 01:52:16.287808+00
ad0628f0-111a-45e8-8112-523a618ab09c,/srv/fim-watch/gen_00313.txt,file_modified,alert_only,high,2026-09-18 01:50:25.252661+00,2026-09-18 01:52:16.305082+00
0cac8ab5-99df-4e04-921a-489cd019d9da,/srv/fim-watch/gen_00250.txt,file_modified,alert_only,high,2026-09-18 01:50:25.352661+00,2026-09-18 01:52:16.32221+00
809b9b10-9a6e-47c3-a891-266ac0741d34,/srv/fim-watch/gen_00412.txt,file_modified,alert_only,high,2026-09-18 01:50:25.452737+00,2026-09-18 01:52:16.335898+00
a44b22e0-bc5a-48fd-99d2-acc88b0dfaa6,/srv/fim-watch/gen_00462.txt,file_modified,alert_only,high,2026-09-18 01:50:25.55246+00,2026-09-18 01:52:16.351988+00
58880f69-fe2c-404d-b092-92e1dbc97040,/srv/fim-watch/gen_00462.txt,file_deleted,alert_only,high,2026-09-18 01:50:25.652258+00,2026-09-18 01:52:16.366931+00
f16293ad-4c01-482b-931c-ec7d1fcd7387,/srv/fim-watch/gen_00401.txt,file_modified,alert_only,high,2026-09-18 01:50:25.853182+00,2026-09-18 01:52:16.380921+00
d16051e6-bfbc-4483-85a7-6a01f3bf9a43,/srv/fim-watch/critico/gen_00184.txt,file_modified,alert_only,critical,2026-09-18 01:50:25.952696+00,2026-09-18 01:52:16.397709+00
34b345ee-8892-4662-a4b1-7e1f7e8b16be,/srv/fim-watch/gen_00226.txt,file_modified,alert_only,high,2026-09-18 01:50:26.052754+00,2026-09-18 01:52:16.413009+00
44611191-fd78-496f-b636-e0cf58efdef7,/srv/fim-watch/gen_00268.txt,file_modified,alert_only,high,2026-09-18 01:50:26.152772+00,2026-09-18 01:52:16.428404+00
2ee8a68c-cce2-4989-b772-71f5b9ad05f2,/srv/fim-watch/gen_00334.txt,file_deleted,alert_only,high,2026-09-18 01:50:26.25241+00,2026-09-18 01:52:16.442602+00
188b050b-965a-4af7-a947-ec4afd6c130f,/srv/fim-watch/gen_00453.txt,file_modified,alert_only,high,2026-09-18 01:50:26.352483+00,2026-09-18 01:52:16.457413+00
5ec8ab41-39d7-4a02-a903-f6a689789d9a,/srv/fim-watch/critico/gen_00413.txt,file_modified,alert_only,critical,2026-09-18 01:50:26.453181+00,2026-09-18 01:52:16.475296+00
c6f6c743-d4e7-43c3-9c81-3255cf7bf443,/srv/fim-watch/gen_00282.txt,file_modified,alert_only,high,2026-09-18 01:50:26.552797+00,2026-09-18 01:52:16.491868+00
f0f9a009-eaee-45ee-8ccf-cae6fe4a4c88,/srv/fim-watch/gen_00431.txt,file_modified,alert_only,high,2026-09-18 01:50:26.652775+00,2026-09-18 01:52:16.508866+00
aff8daa5-4d94-4a53-9ebe-9aea1a00b9e8,/srv/fim-watch/gen_00431.txt,file_modified,alert_only,high,2026-09-18 01:50:26.753218+00,2026-09-18 01:52:16.529104+00
c79b18a3-fd07-41e6-9b0a-f847a7a0638d,/srv/fim-watch/critico/gen_00253.txt,file_modified,alert_only,critical,2026-09-18 01:50:26.852823+00,2026-09-18 01:52:16.551177+00
e367ced1-1ff4-44af-991e-fb2a29cac4cb,/srv/fim-watch/gen_00377.txt,file_modified,alert_only,high,2026-09-18 01:50:26.953473+00,2026-09-18 01:52:16.572949+00
57398b75-cd3d-409d-96b6-3a5c7dba6694,/srv/fim-watch/gen_00405.txt,file_modified,alert_only,high,2026-09-18 01:50:27.052814+00,2026-09-18 01:52:16.589987+00
7352a75f-1a44-4b47-8f01-5f8cfd5d068f,/srv/fim-watch/gen_00285.txt,file_modified,alert_only,high,2026-09-18 01:50:27.15295+00,2026-09-18 01:52:16.607438+00
f57d3123-d72a-4ee2-ab2d-5bb241ba535d,/srv/fim-watch/critico/gen_00322.txt,file_modified,alert_only,critical,2026-09-18 01:50:27.252921+00,2026-09-18 01:52:16.628603+00
24c67055-b015-4217-b422-9e63cf250ab1,/srv/fim-watch/gen_00464.txt,file_modified,alert_only,high,2026-09-18 01:50:27.353532+00,2026-09-18 01:52:16.650213+00
8f1a5a9b-456e-4246-9b64-369d58f87fee,/srv/fim-watch/critico/gen_00465.txt,file_modified,alert_only,critical,2026-09-18 01:50:27.453486+00,2026-09-18 01:52:16.671639+00
5f530552-8c64-4b5b-8c14-09baa4c73b12,/srv/fim-watch/gen_00198.txt,file_modified,alert_only,high,2026-09-18 01:50:27.552887+00,2026-09-18 01:52:16.686839+00
cc739e18-f0ec-4924-9ad9-fc0407615c65,/srv/fim-watch/gen_00427.txt,file_modified,alert_only,high,2026-09-18 01:50:27.653445+00,2026-09-18 01:52:16.701409+00
ee1f23be-534b-4a00-bc43-6a1551dcb347,/srv/fim-watch/gen_00427.txt,file_modified,alert_only,high,2026-09-18 01:50:27.753279+00,2026-09-18 01:52:16.71595+00
5c93bd24-dcc6-4f85-81f9-356c389b0cb3,/srv/fim-watch/critico/gen_00053.txt,file_modified,alert_only,critical,2026-09-18 01:50:27.952382+00,2026-09-18 01:52:16.7315+00
be3b36d0-abef-4431-b759-12635ff82030,/srv/fim-watch/critico/gen_00053.txt,file_modified,alert_only,critical,2026-09-18 01:50:28.05274+00,2026-09-18 01:52:16.747266+00
ddeb0036-7aa0-451d-b5c6-aa88db07212d,/srv/fim-watch/gen_00306.txt,file_deleted,alert_only,high,2026-09-18 01:50:28.153451+00,2026-09-18 01:52:16.765771+00
f862b3f9-b05d-4eba-a77a-509c0f65ea65,/srv/fim-watch/gen_00165.txt,file_modified,alert_only,high,2026-09-18 01:50:28.353387+00,2026-09-18 01:52:16.781884+00
4b2ed7d1-c5e8-4f21-b0f0-0aae79dfea66,/srv/fim-watch/gen_00468.txt,file_modified,alert_only,high,2026-09-18 01:50:28.453224+00,2026-09-18 01:52:16.797189+00
934967e7-e83b-4341-874a-7af269a6c526,/srv/fim-watch/gen_00469.txt,file_modified,alert_only,high,2026-09-18 01:50:28.552974+00,2026-09-18 01:52:16.812458+00
75866ecc-4f29-4b3f-a0ea-f1716b296034,/srv/fim-watch/gen_00228.txt,file_modified,alert_only,high,2026-09-18 01:50:28.652937+00,2026-09-18 01:52:16.826738+00
af8310ad-27d2-45f0-912d-088176ddd579,/srv/fim-watch/critico/gen_00342.txt,file_modified,alert_only,critical,2026-09-18 01:50:28.753219+00,2026-09-18 01:52:16.843767+00
a7691806-2ef6-450d-94e0-350b26e81c55,/srv/fim-watch/gen_00422.txt,file_modified,alert_only,high,2026-09-18 01:50:28.853322+00,2026-09-18 01:52:16.860061+00
d2ee8625-5aba-4808-945d-65a641440f6a,/srv/fim-watch/critico/gen_00371.txt,file_deleted,alert_only,critical,2026-09-18 01:50:28.952933+00,2026-09-18 01:52:16.875507+00
6790ad94-52d1-42e0-93fd-5bb87f0b0483,/srv/fim-watch/gen_00096.txt,file_modified,alert_only,high,2026-09-18 01:50:29.052894+00,2026-09-18 01:52:16.892649+00
683c075c-bee1-4a18-bc74-72c5d552a436,/srv/fim-watch/gen_00096.txt,file_modified,alert_only,high,2026-09-18 01:50:29.153397+00,2026-09-18 01:52:16.910338+00
8557a1a0-6c58-425b-9f1c-be0e2fddfd92,/srv/fim-watch/gen_00404.txt,file_modified,alert_only,high,2026-09-18 01:50:29.252845+00,2026-09-18 01:52:16.928636+00
6a5a1174-69f9-4fd2-81ba-17ff7bc6affb,/srv/fim-watch/gen_00434.txt,file_modified,alert_only,high,2026-09-18 01:50:29.352838+00,2026-09-18 01:52:16.94734+00
52726559-aa5c-4a05-b5f3-5f46c6fb4a78,/srv/fim-watch/gen_00434.txt,file_modified,alert_only,high,2026-09-18 01:50:29.453526+00,2026-09-18 01:52:16.965484+00
e77fbb45-a64a-44f8-926c-86f76810671c,/srv/fim-watch/gen_00434.txt,file_modified,alert_only,high,2026-09-18 01:50:29.55248+00,2026-09-18 01:52:16.993997+00
4a598a8f-f242-4747-9072-e840ac4ac842,/srv/fim-watch/gen_00434.txt,file_modified,alert_only,high,2026-09-18 01:50:29.653195+00,2026-09-18 01:52:17.0011+00
a303a396-54d1-41fe-8144-a12200a97dc3,/srv/fim-watch/gen_00434.txt,file_modified,alert_only,high,2026-09-18 01:50:29.752596+00,2026-09-18 01:52:17.021155+00
bf255bcc-9f16-4c78-ad44-acaab854aabf,/srv/fim-watch/gen_00114.txt,file_modified,alert_only,high,2026-09-18 01:50:29.852654+00,2026-09-18 01:52:17.03995+00
ee7c5016-8259-482d-a01e-2e43e955251b,/srv/fim-watch/gen_00427.txt,file_deleted,alert_only,high,2026-09-18 01:50:29.95264+00,2026-09-18 01:52:17.059359+00
acdc9f46-003f-4cfe-b067-568977f7d9d4,/srv/fim-watch/critico/gen_00061.txt,file_modified,alert_only,critical,2026-09-18 01:50:30.052583+00,2026-09-18 01:52:17.081464+00
f907f99a-1ec5-44e4-b7d6-7258a8f649e7,/srv/fim-watch/gen_00470.txt,file_modified,alert_only,high,2026-09-18 01:50:30.153067+00,2026-09-18 01:52:17.096822+00
c44618d9-a6c1-4add-8dc4-0a8524be62ba,/srv/fim-watch/gen_00175.txt,file_deleted,alert_only,high,2026-09-18 01:50:30.251686+00,2026-09-18 01:52:17.118279+00
0091bd1b-93a0-401d-b953-e2943bc2055d,/srv/fim-watch/critico/gen_00471.txt,file_modified,alert_only,critical,2026-09-18 01:50:30.352897+00,2026-09-18 01:52:17.139792+00
7d3af4fd-14ee-4822-87c4-869c095cd634,/srv/fim-watch/critico/gen_00471.txt,file_deleted,alert_only,critical,2026-09-18 01:50:30.452627+00,2026-09-18 01:52:17.15787+00
e4c816fe-d202-4a1a-b91b-2f8758daa5c7,/srv/fim-watch/gen_00393.txt,file_modified,alert_only,high,2026-09-18 01:50:30.552125+00,2026-09-18 01:52:17.172178+00
0ffeb233-33b4-4556-b8ef-111e7560462c,/srv/fim-watch/gen_00472.txt,file_modified,alert_only,high,2026-09-18 01:50:30.652575+00,2026-09-18 01:52:17.188564+00
6dd2884b-c7c8-42a0-a34c-32c7e0956e8e,/srv/fim-watch/gen_00096.txt,file_modified,alert_only,high,2026-09-18 01:50:30.753106+00,2026-09-18 01:52:17.202725+00
e5a65faf-f1c9-46fa-96a3-07c837aa4b01,/srv/fim-watch/gen_00290.txt,file_modified,alert_only,high,2026-09-18 01:50:30.85206+00,2026-09-18 01:52:17.21726+00
cce9fece-4c3c-42ca-81fa-66b6a4bbe4ef,/srv/fim-watch/gen_00367.txt,file_modified,alert_only,high,2026-09-18 01:50:30.953069+00,2026-09-18 01:52:17.232534+00
a802b050-50cb-4ff8-a24a-0203ca3bc285,/srv/fim-watch/critico/gen_00209.txt,file_modified,alert_only,critical,2026-09-18 01:50:31.0524+00,2026-09-18 01:52:17.248613+00
7b5f4ffd-b19b-4958-b52a-22a728feacac,/srv/fim-watch/critico/gen_00209.txt,file_modified,alert_only,critical,2026-09-18 01:50:31.15296+00,2026-09-18 01:52:17.264405+00
37b4c724-48f9-4cc8-a9c4-087178c66ba3,/srv/fim-watch/gen_00473.txt,file_modified,alert_only,high,2026-09-18 01:50:31.252226+00,2026-09-18 01:52:17.281604+00
e98ce517-c130-4eec-a123-a70f15b3d3dc,/srv/fim-watch/critico/gen_00253.txt,file_modified,alert_only,critical,2026-09-18 01:50:31.352558+00,2026-09-18 01:52:17.299125+00
6d94647c-c205-4271-b021-28bbc1c011cd,/srv/fim-watch/gen_00474.txt,file_modified,alert_only,high,2026-09-18 01:50:31.452655+00,2026-09-18 01:52:17.317191+00
38064942-657a-41b9-b19d-8325510e1ed0,/srv/fim-watch/gen_00393.txt,file_deleted,alert_only,high,2026-09-18 01:50:31.552463+00,2026-09-18 01:52:17.335091+00
2bca5549-b7e7-4cfd-be3a-0086b1620507,/srv/fim-watch/gen_00449.txt,file_modified,alert_only,high,2026-09-18 01:50:31.652944+00,2026-09-18 01:52:17.352992+00
2ea7e145-6230-4630-b7e9-a80cd2b23d69,/srv/fim-watch/gen_00230.txt,file_modified,alert_only,high,2026-09-18 01:50:31.953305+00,2026-09-18 01:52:17.370866+00
13e7ec70-ab9d-4257-a40c-14b1395d5656,/srv/fim-watch/critico/gen_00428.txt,file_modified,alert_only,critical,2026-09-18 01:50:32.052512+00,2026-09-18 01:52:17.388736+00
3cba5e84-0204-4384-9bdb-1b54a79eeeca,/srv/fim-watch/gen_00235.txt,file_modified,alert_only,high,2026-09-18 01:50:32.253092+00,2026-09-18 01:52:17.406097+00
c269c736-d062-4a3e-8baf-51012a65e56a,/srv/fim-watch/gen_00430.txt,file_modified,alert_only,high,2026-09-18 01:50:32.353064+00,2026-09-18 01:52:17.424189+00
428a730e-6bad-481b-999e-18ecbad82f46,/srv/fim-watch/gen_00477.txt,file_modified,alert_only,high,2026-09-18 01:50:32.453023+00,2026-09-18 01:52:17.443491+00
1a48d703-e6f1-4b81-8308-947f8917afd1,/srv/fim-watch/critico/gen_00437.txt,file_modified,alert_only,critical,2026-09-18 01:50:32.552517+00,2026-09-18 01:52:17.461961+00
a4bd95dd-4bad-43ab-8a36-9a304a88b937,/srv/fim-watch/gen_00395.txt,file_modified,alert_only,high,2026-09-18 01:50:32.65307+00,2026-09-18 01:52:17.479877+00
7ad97e4e-fe11-4f2a-b420-64bd1eb8a242,/srv/fim-watch/gen_00314.txt,file_deleted,alert_only,high,2026-09-18 01:50:32.7523+00,2026-09-18 01:52:17.496652+00
bcc97beb-2f5d-4f7a-b788-69e389de42e0,/srv/fim-watch/gen_00446.txt,file_modified,alert_only,high,2026-09-18 01:50:32.852708+00,2026-09-18 01:52:17.514345+00
1edabbe8-8851-4bd2-9689-a6bfd0c0cc3e,/srv/fim-watch/gen_00446.txt,file_modified,alert_only,high,2026-09-18 01:50:32.952677+00,2026-09-18 01:52:17.532045+00
5c06f004-951d-4e91-b654-7441d8ee5149,/srv/fim-watch/gen_00446.txt,file_modified,alert_only,high,2026-09-18 01:50:33.052503+00,2026-09-18 01:52:17.549887+00
ebb0f2e4-224b-49e8-877f-70c5cd1ca0e6,/srv/fim-watch/gen_00446.txt,file_modified,alert_only,high,2026-09-18 01:50:33.152889+00,2026-09-18 01:52:17.568602+00
9ff208e4-0e2a-42c6-b760-00a9542bcba9,/srv/fim-watch/gen_00446.txt,file_modified,alert_only,high,2026-09-18 01:50:33.253203+00,2026-09-18 01:52:17.582375+00
82d9868f-7fb9-4fab-a43d-2cb834685221,/srv/fim-watch/gen_00352.txt,file_modified,alert_only,high,2026-09-18 01:50:33.35281+00,2026-09-18 01:52:17.598888+00
e1ada637-9381-461a-b388-dbf80077306b,/srv/fim-watch/gen_00349.txt,file_deleted,alert_only,high,2026-09-18 01:50:33.453072+00,2026-09-18 01:52:17.613145+00
ea33ca9d-a7ee-4591-b8d8-e67c404a60dd,/srv/fim-watch/critico/gen_00253.txt,file_modified,alert_only,critical,2026-09-18 01:50:33.552466+00,2026-09-18 01:52:17.62894+00
717b5d29-cd83-4fc3-93cb-d77ba441ab7c,/srv/fim-watch/critico/gen_00253.txt,file_modified,alert_only,critical,2026-09-18 01:50:33.653211+00,2026-09-18 01:52:17.645887+00
ae10649e-5b9d-4a55-9fa2-312406063ccf,/srv/fim-watch/critico/gen_00253.txt,file_modified,alert_only,critical,2026-09-18 01:50:33.752355+00,2026-09-18 01:52:17.663515+00
36edbc16-648c-4f0e-908c-1284d3d98c58,/srv/fim-watch/critico/gen_00253.txt,file_modified,alert_only,critical,2026-09-18 01:50:33.85331+00,2026-09-18 01:52:17.681641+00
aaa792af-c567-4e02-a224-33912e5c5f2e,/srv/fim-watch/critico/gen_00253.txt,file_modified,alert_only,critical,2026-09-18 01:50:33.952793+00,2026-09-18 01:52:17.699344+00
6a64843f-dfa3-48c6-a0ed-423bb0a2dd4d,/srv/fim-watch/critico/gen_00310.txt,file_modified,alert_only,critical,2026-09-18 01:50:34.052538+00,2026-09-18 01:52:17.718271+00
76b9811d-4def-4eda-8bb6-86ea6d8e4821,/srv/fim-watch/critico/gen_00310.txt,file_modified,alert_only,critical,2026-09-18 01:50:34.15302+00,2026-09-18 01:52:17.735604+00
d2db32c8-3984-4f14-8c58-e64cf5f3acbe,/srv/fim-watch/gen_00365.txt,file_modified,alert_only,high,2026-09-18 01:50:34.253512+00,2026-09-18 01:52:17.753346+00
f7209f0e-0c8e-4509-85bc-1ca04886a328,/srv/fim-watch/critico/gen_00251.txt,file_modified,alert_only,critical,2026-09-18 01:50:34.35315+00,2026-09-18 01:52:17.769912+00
5f645f32-484f-41ff-927f-590df7f9e6b5,/srv/fim-watch/gen_00478.txt,file_modified,alert_only,high,2026-09-18 01:50:34.453155+00,2026-09-18 01:52:17.786225+00
0ddc0d62-3b9a-4898-a9d4-40efb58df07c,/srv/fim-watch/critico/gen_00242.txt,file_deleted,alert_only,critical,2026-09-18 01:50:34.552844+00,2026-09-18 01:52:17.805604+00
8b31af9e-aebb-4c0e-8b72-121e1a913f76,/srv/fim-watch/gen_00126.txt,file_modified,alert_only,high,2026-09-18 01:50:34.653574+00,2026-09-18 01:52:17.822442+00
c1409be3-e559-4f2e-bbe8-9e56ee010797,/srv/fim-watch/gen_00356.txt,file_modified,alert_only,high,2026-09-18 01:50:34.753324+00,2026-09-18 01:52:17.839976+00
447d6950-c271-4491-8ccc-0d9b410ce6f8,/srv/fim-watch/gen_00238.txt,file_deleted,alert_only,high,2026-09-18 01:50:34.852514+00,2026-09-18 01:52:17.869346+00
07a9aa0b-8b61-426c-b7b5-207ab36e2da8,/srv/fim-watch/gen_00359.txt,file_modified,alert_only,high,2026-09-18 01:50:34.95276+00,2026-09-18 01:52:17.876672+00
1d265f3f-267d-4071-958a-27a1cfa9d9bd,/srv/fim-watch/gen_00479.txt,file_modified,alert_only,high,2026-09-18 01:50:35.052722+00,2026-09-18 01:52:17.896001+00
3ec823fa-f5b4-423f-a474-1316063d170c,/srv/fim-watch/gen_00435.txt,file_modified,alert_only,high,2026-09-18 01:50:35.152788+00,2026-09-18 01:52:17.914298+00
891063db-9570-4d84-8c6a-866660274127,/srv/fim-watch/gen_00480.txt,file_modified,alert_only,high,2026-09-18 01:50:35.353039+00,2026-09-18 01:52:17.931361+00
3e679496-4511-4b79-812f-9466bee5fa4e,/srv/fim-watch/gen_00230.txt,file_modified,alert_only,high,2026-09-18 01:50:35.453141+00,2026-09-18 01:52:17.949815+00
185cd6c3-5430-45e9-a892-fb2a750f0cae,/srv/fim-watch/gen_00481.txt,file_modified,alert_only,high,2026-09-18 01:50:35.553136+00,2026-09-18 01:52:17.96776+00
7a57c9f5-f639-41bc-80c4-4e96838a230e,/srv/fim-watch/gen_00151.txt,file_modified,alert_only,high,2026-09-18 01:50:35.653197+00,2026-09-18 01:52:17.985711+00
20c327fe-1c55-45b2-84b0-7084ccf7f43b,/srv/fim-watch/critico/gen_00053.txt,file_modified,alert_only,critical,2026-09-18 01:50:35.752084+00,2026-09-18 01:52:18.003883+00
21a5c4bf-9285-4513-b7a9-f6d82fd6f85b,/srv/fim-watch/gen_00036.txt,file_modified,alert_only,high,2026-09-18 01:50:35.953071+00,2026-09-18 01:52:18.024212+00
9a4030c9-b13f-48ca-bd6e-f7b25ee9774c,/srv/fim-watch/gen_00483.txt,file_modified,alert_only,high,2026-09-18 01:50:36.052925+00,2026-09-18 01:52:18.043202+00
c5552a73-3bbd-435d-897a-6c8dfd0d7cb0,/srv/fim-watch/gen_00157.txt,file_modified,alert_only,high,2026-09-18 01:50:36.155056+00,2026-09-18 01:52:18.063207+00
158b1634-e27c-4a48-840b-46679e35d47b,/srv/fim-watch/gen_00157.txt,file_modified,alert_only,high,2026-09-18 01:50:36.252166+00,2026-09-18 01:52:18.082753+00
312a648d-94d4-41e5-b70e-adfba551154a,/srv/fim-watch/critico/gen_00262.txt,file_modified,alert_only,critical,2026-09-18 01:50:36.353159+00,2026-09-18 01:52:18.099203+00
addaa5c4-d5fd-4f32-9015-6b00e94e6613,/srv/fim-watch/gen_00385.txt,file_modified,alert_only,high,2026-09-18 01:50:36.452196+00,2026-09-18 01:52:18.116619+00
5381118b-e0b7-4930-83ee-7788ba0858b2,/srv/fim-watch/gen_00268.txt,file_modified,alert_only,high,2026-09-18 01:50:36.551751+00,2026-09-18 01:52:18.133855+00
3e73cc15-b3f6-4620-a90f-84969e6c8040,/srv/fim-watch/critico/gen_00437.txt,file_modified,alert_only,critical,2026-09-18 01:50:36.653682+00,2026-09-18 01:52:18.15016+00
3e57c082-930a-45f5-8ef9-9eb7990b39c2,/srv/fim-watch/gen_00335.txt,file_deleted,alert_only,high,2026-09-18 01:50:36.751942+00,2026-09-18 01:52:18.165698+00
94fd7f3c-d47b-41fe-827f-436f696befb2,/srv/fim-watch/gen_00350.txt,file_modified,alert_only,high,2026-09-18 01:50:36.852845+00,2026-09-18 01:52:18.181665+00
05169711-e3cf-4eb9-93cf-99d9a51358db,/srv/fim-watch/gen_00484.txt,file_modified,alert_only,high,2026-09-18 01:50:36.952341+00,2026-09-18 01:52:18.198184+00
8c1a5ae2-6d76-42c6-97df-e9747ff5150e,/srv/fim-watch/gen_00484.txt,file_deleted,alert_only,high,2026-09-18 01:50:37.052495+00,2026-09-18 01:52:18.213638+00
1317ba3e-22c5-4cb8-95f9-461efb527e47,/srv/fim-watch/gen_00365.txt,file_modified,alert_only,high,2026-09-18 01:50:37.15256+00,2026-09-18 01:52:18.228888+00
bd943257-546b-453a-8305-8eed426fe93e,/srv/fim-watch/critico/gen_00344.txt,file_modified,alert_only,critical,2026-09-18 01:50:37.453486+00,2026-09-18 01:52:18.244602+00
fb9311ec-d1f6-4d18-9437-7c63f7863ed1,/srv/fim-watch/gen_00213.txt,file_modified,alert_only,high,2026-09-18 01:50:37.553027+00,2026-09-18 01:52:18.260196+00
1200687a-afb0-47c5-ab35-e5f6581fa363,/srv/fim-watch/gen_00213.txt,file_modified,alert_only,high,2026-09-18 01:50:37.653272+00,2026-09-18 01:52:18.276195+00
ce1bd4bb-3882-4493-a32b-ec4ca2797350,/srv/fim-watch/critico/gen_00409.txt,file_modified,alert_only,critical,2026-09-18 01:50:37.753331+00,2026-09-18 01:52:18.292173+00
273753ad-c29f-4f43-bfe0-7d50a32421a7,/srv/fim-watch/critico/gen_00488.txt,file_modified,alert_only,critical,2026-09-18 01:50:37.952592+00,2026-09-18 01:52:18.307926+00
ecb82601-dc7e-4492-b183-3fe133798fdf,/srv/fim-watch/gen_00303.txt,file_modified,alert_only,high,2026-09-18 01:50:38.052556+00,2026-09-18 01:52:18.323636+00
d0d59949-99a1-4a9b-8fe8-99d80641849a,/srv/fim-watch/gen_00096.txt,file_modified,alert_only,high,2026-09-18 01:50:38.152496+00,2026-09-18 01:52:18.339505+00
1554ccbe-9456-4762-9de1-d903a90a43d2,/srv/fim-watch/gen_00285.txt,file_modified,alert_only,high,2026-09-18 01:50:38.252651+00,2026-09-18 01:52:18.355022+00
e62b53e8-268c-44d6-be72-786f8140224e,/srv/fim-watch/gen_00285.txt,file_modified,alert_only,high,2026-09-18 01:50:38.352846+00,2026-09-18 01:52:18.371081+00
1e1a80cf-6fa3-47dd-903f-9d20fd2db9a2,/srv/fim-watch/gen_00285.txt,file_modified,alert_only,high,2026-09-18 01:50:38.453173+00,2026-09-18 01:52:18.386854+00
bfbeac01-4650-4bb3-8a4a-378ecf5b5d05,/srv/fim-watch/gen_00285.txt,file_modified,alert_only,high,2026-09-18 01:50:38.553009+00,2026-09-18 01:52:18.401673+00
a1386737-29a3-4b4c-8b50-a8d231fa2bf9,/srv/fim-watch/gen_00285.txt,file_modified,alert_only,high,2026-09-18 01:50:38.653037+00,2026-09-18 01:52:18.416558+00
70d8bf27-67d8-401b-829b-3121a956d441,/srv/fim-watch/gen_00400.txt,file_modified,alert_only,high,2026-09-18 01:50:38.752331+00,2026-09-18 01:52:18.431497+00
7169526a-9caf-4ef9-b8b5-29a9e3dea2e1,/srv/fim-watch/gen_00489.txt,file_modified,alert_only,high,2026-09-18 01:50:38.852004+00,2026-09-18 01:52:18.446225+00
ce7bfa48-f638-401d-a8f8-5c1470de4e23,/srv/fim-watch/gen_00485.txt,file_modified,alert_only,high,2026-09-18 01:50:38.952101+00,2026-09-18 01:52:18.461017+00
60e5b966-c6bd-42c8-8277-8157661f95de,/srv/fim-watch/gen_00458.txt,file_modified,alert_only,high,2026-09-18 01:50:39.052677+00,2026-09-18 01:52:18.475739+00
d2489363-3852-485d-8187-44fe443ea06b,/srv/fim-watch/critico/gen_00191.txt,file_modified,alert_only,critical,2026-09-18 01:50:39.252986+00,2026-09-18 01:52:18.490549+00
3dcc55d5-fdc7-4900-868d-1e03f89cba86,/srv/fim-watch/critico/gen_00189.txt,file_modified,alert_only,critical,2026-09-18 01:50:39.352603+00,2026-09-18 01:52:18.505541+00
baca4b9c-4ec0-43db-bb72-7460e765e158,/srv/fim-watch/gen_00436.txt,file_modified,alert_only,high,2026-09-18 01:50:39.453462+00,2026-09-18 01:52:18.520141+00
48223d4b-a9df-4bde-a9e4-23031e1b19c1,/srv/fim-watch/gen_00491.txt,file_modified,alert_only,high,2026-09-18 01:50:39.652983+00,2026-09-18 01:52:18.535163+00
d30a091e-b5e4-4bfa-8ef2-c4e930e201d7,/srv/fim-watch/gen_00163.txt,file_modified,alert_only,high,2026-09-18 01:50:39.752631+00,2026-09-18 01:52:18.550852+00
da578e61-7183-4dc1-b2bc-fda5546e7735,/srv/fim-watch/gen_00436.txt,file_modified,alert_only,high,2026-09-18 01:50:39.852648+00,2026-09-18 01:52:18.565804+00
1037a3a7-e3a6-402e-9e42-5b474fe4e0a7,/srv/fim-watch/gen_00479.txt,file_modified,alert_only,high,2026-09-18 01:50:39.952667+00,2026-09-18 01:52:18.580979+00
3237cf1d-860a-4d70-8063-bb7247ec85dc,/srv/fim-watch/gen_00479.txt,file_modified,alert_only,high,2026-09-18 01:50:40.052726+00,2026-09-18 01:52:18.59646+00
a14ca124-4ee7-4553-b9f0-99dffff3b9ff,/srv/fim-watch/gen_00042.txt,file_modified,alert_only,high,2026-09-18 01:50:40.152631+00,2026-09-18 01:52:18.611579+00
f8dd403c-a76b-4ec1-acb5-06ba93011124,/srv/fim-watch/gen_00157.txt,file_deleted,alert_only,high,2026-09-18 01:50:40.252579+00,2026-09-18 01:52:18.626969+00
d32f7add-7889-4315-a09d-df956b886730,/srv/fim-watch/gen_00492.txt,file_modified,alert_only,high,2026-09-18 01:50:40.352993+00,2026-09-18 01:52:18.642605+00
e878de7f-a511-4c3f-94c8-de5c5578584a,/srv/fim-watch/gen_00282.txt,file_deleted,alert_only,high,2026-09-18 01:50:40.452532+00,2026-09-18 01:52:18.659736+00
85f475e8-c133-4c14-9ff5-b5f2f6133fba,/srv/fim-watch/gen_00439.txt,file_modified,alert_only,high,2026-09-18 01:50:40.55233+00,2026-09-18 01:52:18.688305+00
7ef08936-92e8-4549-996f-5a264c371f65,/srv/fim-watch/gen_00325.txt,file_modified,alert_only,high,2026-09-18 01:50:40.653086+00,2026-09-18 01:52:18.695713+00
0afa33a0-902d-4497-9114-d996329d4f70,/srv/fim-watch/gen_00325.txt,file_modified,alert_only,high,2026-09-18 01:50:40.752798+00,2026-09-18 01:52:18.712308+00
31e36d63-aea0-45c2-bf16-2e98565a27aa,/srv/fim-watch/gen_00493.txt,file_modified,alert_only,high,2026-09-18 01:50:40.852284+00,2026-09-18 01:52:18.729367+00
ed400e0d-e3a8-461a-bf1d-d7f47f245836,/srv/fim-watch/critico/gen_00461.txt,file_deleted,alert_only,critical,2026-09-18 01:50:40.953065+00,2026-09-18 01:52:18.745709+00
fdf5b106-7f75-4709-bd18-2bc99eab8b43,/srv/fim-watch/critico/gen_00061.txt,file_modified,alert_only,critical,2026-09-18 01:50:41.052779+00,2026-09-18 01:52:18.761859+00
d447d8d3-7ff4-44c4-b314-622ef1e263fc,/srv/fim-watch/critico/gen_00061.txt,file_modified,alert_only,critical,2026-09-18 01:50:41.152599+00,2026-09-18 01:52:18.77797+00
c6b31a4d-2ea6-4093-878b-58ef6b290a98,/srv/fim-watch/gen_00494.txt,file_modified,alert_only,high,2026-09-18 01:50:41.252627+00,2026-09-18 01:52:18.794807+00
18ba31e5-c8d3-4cfa-98d1-10dd720977ff,/srv/fim-watch/gen_00477.txt,file_modified,alert_only,high,2026-09-18 01:50:41.352561+00,2026-09-18 01:52:18.810649+00
01455811-5ff1-4e42-a789-e40a5ca979f9,/srv/fim-watch/gen_00477.txt,file_modified,alert_only,high,2026-09-18 01:50:41.452004+00,2026-09-18 01:52:18.826038+00
bfd75f8a-5b69-4351-8cf7-dbd191da4aec,/srv/fim-watch/critico/gen_00408.txt,file_deleted,alert_only,critical,2026-09-18 01:50:41.552913+00,2026-09-18 01:52:18.84193+00
079208cc-1d81-4a3e-9bfc-9794aaf6b836,/srv/fim-watch/gen_00395.txt,file_modified,alert_only,high,2026-09-18 01:50:41.652827+00,2026-09-18 01:52:18.856187+00
f19c2387-d7dc-41e9-b461-a512defe03c1,/srv/fim-watch/critico/gen_00153.txt,file_modified,alert_only,critical,2026-09-18 01:50:41.753041+00,2026-09-18 01:52:18.871289+00
b0c32dfb-07c4-44f7-970c-3beb328e75e2,/srv/fim-watch/critico/gen_00322.txt,file_modified,alert_only,critical,2026-09-18 01:50:41.852788+00,2026-09-18 01:52:18.889713+00
c8598c24-3e88-4f29-98c0-e461b065ffb8,/srv/fim-watch/gen_00416.txt,file_modified,alert_only,high,2026-09-18 01:50:41.952899+00,2026-09-18 01:52:18.905277+00
3f3a29cd-a830-4e0b-9b22-c4880036411e,/srv/fim-watch/gen_00219.txt,file_modified,alert_only,high,2026-09-18 01:50:42.052559+00,2026-09-18 01:52:18.920683+00
ff65cf07-0244-4558-a0d2-bea72d8da524,/srv/fim-watch/gen_00219.txt,file_modified,alert_only,high,2026-09-18 01:50:42.152699+00,2026-09-18 01:52:18.935974+00
8567bd2a-af0e-4c59-bc8b-99020a2a90f3,/srv/fim-watch/gen_00050.txt,file_modified,alert_only,high,2026-09-18 01:50:42.253134+00,2026-09-18 01:52:18.951335+00
23f59f87-a4f1-4831-a28f-824274958d27,/srv/fim-watch/gen_00098.txt,file_modified,alert_only,high,2026-09-18 01:50:42.356136+00,2026-09-18 01:52:18.966732+00
dfc592a1-ebf7-45c5-9d76-3fce97e04fc4,/srv/fim-watch/gen_00325.txt,file_modified,alert_only,high,2026-09-18 01:50:42.452798+00,2026-09-18 01:52:18.982013+00
5fe777a5-2381-42f9-ac39-c9b5b772c048,/srv/fim-watch/critico/gen_00415.txt,file_modified,alert_only,critical,2026-09-18 01:50:42.552982+00,2026-09-18 01:52:18.998244+00
50316a7a-844e-44df-a49c-f0cedcfe6205,/srv/fim-watch/gen_00496.txt,file_created,alert_only,high,2026-09-18 01:50:42.752604+00,2026-09-18 01:52:19.013557+00
8e3cccdd-17c5-4ffa-8790-ab59e34033aa,/srv/fim-watch/gen_00496.txt,file_deleted,alert_only,high,2026-09-18 01:50:42.852711+00,2026-09-18 01:52:19.029253+00
5d739680-bbb4-47c7-8862-4dd5e73bf600,/srv/fim-watch/gen_00311.txt,file_modified,alert_only,high,2026-09-18 01:50:42.95205+00,2026-09-18 01:52:19.046359+00
2a1a7a82-17d0-4313-b729-a77d896bf7ab,/srv/fim-watch/gen_00166.txt,file_modified,alert_only,high,2026-09-18 01:50:43.052805+00,2026-09-18 01:52:19.062272+00
df01f297-6413-46e2-90e6-14f3abb3e2ad,/srv/fim-watch/gen_00425.txt,file_modified,alert_only,high,2026-09-18 01:50:43.152665+00,2026-09-18 01:52:19.078691+00
7660c5ed-7aad-4f4c-8c13-256e34b3ea75,/srv/fim-watch/gen_00497.txt,file_modified,alert_only,high,2026-09-18 01:50:43.252565+00,2026-09-18 01:52:19.096074+00
e9d39fd6-d5d2-41fc-8db9-5c2c7a1e80e1,/srv/fim-watch/gen_00128.txt,file_modified,alert_only,high,2026-09-18 01:50:43.35264+00,2026-09-18 01:52:19.112581+00
ac214f1e-e144-4e19-b1b4-abb09253a22b,/srv/fim-watch/gen_00375.txt,file_deleted,alert_only,high,2026-09-18 01:50:43.451738+00,2026-09-18 01:52:19.129046+00
ccdb963b-1bd1-4a23-b2fa-8a7fa9ac7ee5,/srv/fim-watch/gen_00498.txt,file_modified,alert_only,high,2026-09-18 01:50:43.552425+00,2026-09-18 01:52:19.14547+00
3136f85e-4aef-4be5-bc8a-834dece989d7,/srv/fim-watch/gen_00468.txt,file_modified,alert_only,high,2026-09-18 01:50:43.653019+00,2026-09-18 01:52:19.161854+00
b217e66c-4804-4d5c-8130-04a3f4faf593,/srv/fim-watch/gen_00410.txt,file_modified,alert_only,high,2026-09-18 01:50:43.853304+00,2026-09-18 01:52:19.177014+00
709c4f29-06db-46b4-b301-85760a745779,/srv/fim-watch/gen_00410.txt,file_modified,alert_only,high,2026-09-18 01:50:43.952836+00,2026-09-18 01:52:19.192043+00
ab4ba41c-37b0-4199-9af2-fcdd9d4162b4,/srv/fim-watch/gen_00355.txt,file_modified,alert_only,high,2026-09-18 01:50:44.052977+00,2026-09-18 01:52:19.208884+00
203fc51d-1210-48cb-a7d8-00de20777da6,/srv/fim-watch/gen_00355.txt,file_modified,alert_only,high,2026-09-18 01:50:44.153662+00,2026-09-18 01:52:19.224105+00
853aeacd-02b4-4f17-b683-30a9ed96a2bd,/srv/fim-watch/gen_00478.txt,file_modified,alert_only,high,2026-09-18 01:50:44.253551+00,2026-09-18 01:52:19.238339+00
3f37fd86-0105-40e4-b4a0-299d36e9a9bd,/srv/fim-watch/gen_00291.txt,file_modified,alert_only,high,2026-09-18 01:50:44.353299+00,2026-09-18 01:52:19.252591+00
c41fe969-a126-4bcb-93c3-a08356f317cf,/srv/fim-watch/gen_00500.txt,file_modified,alert_only,high,2026-09-18 01:50:44.453455+00,2026-09-18 01:52:19.267477+00
4231eeeb-0c1d-40be-b9d3-bd01a61a56f4,/srv/fim-watch/gen_00501.txt,file_modified,alert_only,high,2026-09-18 01:50:44.553164+00,2026-09-18 01:52:19.282324+00
11120aba-950b-413b-ae82-8416e5c5872e,/srv/fim-watch/critico/gen_00502.txt,file_modified,alert_only,critical,2026-09-18 01:50:44.652898+00,2026-09-18 01:52:19.298012+00
82f2ebc1-3bcd-42a4-8d17-43b6586d9b89,/srv/fim-watch/critico/gen_00488.txt,file_modified,alert_only,critical,2026-09-18 01:50:44.753333+00,2026-09-18 01:52:19.314376+00
7341468f-96e4-4336-b8e1-9d32550d8375,/srv/fim-watch/critico/gen_00488.txt,file_modified,alert_only,critical,2026-09-18 01:50:44.853311+00,2026-09-18 01:52:19.330813+00
f3860910-b0b9-4874-90a2-5b292c8133cf,/srv/fim-watch/gen_00474.txt,file_modified,alert_only,high,2026-09-18 01:50:44.952976+00,2026-09-18 01:52:19.346943+00
14842eb4-3375-4e62-b7a2-f6cab24245dd,/srv/fim-watch/gen_00320.txt,file_modified,alert_only,high,2026-09-18 01:50:45.052606+00,2026-09-18 01:52:19.363379+00
1d570f25-fd59-42be-ac39-38fba00c8d3c,/srv/fim-watch/gen_00329.txt,file_modified,alert_only,high,2026-09-18 01:50:45.153019+00,2026-09-18 01:52:19.379825+00
6612e4c6-89b1-4c59-93a8-26c11b8217ef,/srv/fim-watch/gen_00436.txt,file_modified,alert_only,high,2026-09-18 01:50:45.253252+00,2026-09-18 01:52:19.396686+00
2a38c691-8bf5-4619-be41-df841c0651b0,/srv/fim-watch/gen_00384.txt,file_modified,alert_only,high,2026-09-18 01:50:45.353371+00,2026-09-18 01:52:19.410306+00
0054aae5-3c3e-4e2c-a694-f246d3b36270,/srv/fim-watch/gen_00384.txt,file_modified,alert_only,high,2026-09-18 01:50:45.45306+00,2026-09-18 01:52:19.424901+00
e8cfa066-bc5c-49fa-86cb-604f87da2bd1,/srv/fim-watch/critico/gen_00280.txt,file_modified,alert_only,critical,2026-09-18 01:50:45.553561+00,2026-09-18 01:52:19.440736+00
e9132e3f-b7ba-4a54-b3bf-562bff8965f4,/srv/fim-watch/gen_00459.txt,file_modified,alert_only,high,2026-09-18 01:50:45.752808+00,2026-09-18 01:52:19.456737+00
61f74775-4e6c-47b0-9453-141df05ffc4f,/srv/fim-watch/gen_00430.txt,file_modified,alert_only,high,2026-09-18 01:50:45.853479+00,2026-09-18 01:52:19.481772+00
688c7f4d-b508-468c-838c-81387f34cc88,/srv/fim-watch/gen_00384.txt,file_modified,alert_only,high,2026-09-18 01:50:45.952653+00,2026-09-18 01:52:19.488117+00
5ba194f5-36b6-400b-86e2-2f157432c17f,/srv/fim-watch/critico/gen_00437.txt,file_modified,alert_only,critical,2026-09-18 01:50:46.052804+00,2026-09-18 01:52:19.50258+00
6bb24fcc-7ba0-4871-b0ef-7722d22093ac,/srv/fim-watch/gen_00325.txt,file_modified,alert_only,high,2026-09-18 01:50:46.153201+00,2026-09-18 01:52:19.517017+00
28a46712-f7e1-4b84-a9c7-19fff44aa453,/srv/fim-watch/gen_00460.txt,file_modified,alert_only,high,2026-09-18 01:50:46.2534+00,2026-09-18 01:52:19.531522+00
68d9f669-1f09-461a-a979-ad212b52559f,/srv/fim-watch/gen_00387.txt,file_modified,alert_only,high,2026-09-18 01:50:46.35336+00,2026-09-18 01:52:19.546079+00
7b2e4b5b-0649-4939-a11a-a3e8d0456f29,/srv/fim-watch/gen_00504.txt,file_modified,alert_only,high,2026-09-18 01:50:46.452064+00,2026-09-18 01:52:19.560722+00
ec934cba-1d3e-4920-aeb7-58b1a50d9694,/srv/fim-watch/gen_00434.txt,file_modified,alert_only,high,2026-09-18 01:50:46.553319+00,2026-09-18 01:52:19.575549+00
2f361bf2-84b1-4372-bce9-6446b33e66de,/srv/fim-watch/gen_00505.txt,file_modified,alert_only,high,2026-09-18 01:50:46.6532+00,2026-09-18 01:52:19.591098+00
d8cd3f52-e9cd-4037-8e63-02e54c7e8be4,/srv/fim-watch/critico/gen_00428.txt,file_modified,alert_only,critical,2026-09-18 01:50:46.753528+00,2026-09-18 01:52:19.6076+00
50f0fdfc-c43c-4066-8f4f-4e22f5043acb,/srv/fim-watch/gen_00317.txt,file_deleted,alert_only,high,2026-09-18 01:50:46.852814+00,2026-09-18 01:52:19.623248+00
5fe00e84-9fcd-4749-8e46-7159c4b9709c,/srv/fim-watch/gen_00368.txt,file_deleted,alert_only,high,2026-09-18 01:50:46.952955+00,2026-09-18 01:52:19.639346+00
551f52e1-b6da-468c-b941-f0a2f304df50,/srv/fim-watch/critico/gen_00506.txt,file_modified,alert_only,critical,2026-09-18 01:50:47.052785+00,2026-09-18 01:52:19.654393+00
21ad46bc-bacf-4fee-83b4-a19ef8dcd55b,/srv/fim-watch/critico/gen_00506.txt,file_deleted,alert_only,critical,2026-09-18 01:50:47.153785+00,2026-09-18 01:52:19.669091+00
e51e024f-a70b-4562-8616-f8a71ee9fc8b,/srv/fim-watch/critico/gen_00444.txt,file_modified,alert_only,critical,2026-09-18 01:50:47.253546+00,2026-09-18 01:52:19.683845+00
babf5f17-5c5e-4fb8-8063-c56e36db4da2,/srv/fim-watch/gen_00507.txt,file_modified,alert_only,high,2026-09-18 01:50:47.453156+00,2026-09-18 01:52:19.698727+00
a88f3810-b153-4960-9a17-27b958c03d08,/srv/fim-watch/gen_00400.txt,file_modified,alert_only,high,2026-09-18 01:50:47.553214+00,2026-09-18 01:52:19.713284+00
35480931-fbe4-47db-9a00-db6963626eb7,/srv/fim-watch/gen_00299.txt,file_modified,alert_only,high,2026-09-18 01:50:47.653531+00,2026-09-18 01:52:19.727689+00
4718871b-facc-44f9-b01e-cb6396489c22,/srv/fim-watch/gen_00299.txt,file_modified,alert_only,high,2026-09-18 01:50:47.753534+00,2026-09-18 01:52:19.74198+00
cd85f6e4-72b7-4428-ae5e-2bb24c48e7ac,/srv/fim-watch/gen_00249.txt,file_modified,alert_only,high,2026-09-18 01:50:47.85367+00,2026-09-18 01:52:19.756671+00
8a232557-1746-46a2-a959-847a28ac315e,/srv/fim-watch/gen_00439.txt,file_modified,alert_only,high,2026-09-18 01:50:47.953489+00,2026-09-18 01:52:19.770987+00
dd76f552-64f3-4a02-9134-dd4c60496228,/srv/fim-watch/critico/gen_00272.txt,file_modified,alert_only,critical,2026-09-18 01:50:48.05296+00,2026-09-18 01:52:19.785577+00
e9ab39a9-1509-47ef-8622-608fe4a8f6ac,/srv/fim-watch/gen_00188.txt,file_modified,alert_only,high,2026-09-18 01:50:48.153438+00,2026-09-18 01:52:19.803047+00
cbafbe96-1c2a-4912-a51a-99d932e761b1,/srv/fim-watch/gen_00487.txt,file_modified,alert_only,high,2026-09-18 01:50:48.252439+00,2026-09-18 01:52:19.820061+00
53ee9481-534c-48e5-981b-4d58628b85fa,/srv/fim-watch/critico/gen_00369.txt,file_modified,alert_only,critical,2026-09-18 01:50:48.353194+00,2026-09-18 01:52:19.838038+00
c2b79992-a851-44ee-a01d-877e0bcbbfcc,/srv/fim-watch/critico/gen_00156.txt,file_modified,alert_only,critical,2026-09-18 01:50:48.454523+00,2026-09-18 01:52:19.855815+00
4e8fb0d6-7aae-43c0-90c4-540745cb9400,/srv/fim-watch/gen_00503.txt,file_modified,alert_only,high,2026-09-18 01:50:48.551869+00,2026-09-18 01:52:19.873465+00
a16f1b5f-f609-454e-be9a-a7ed97343e31,/srv/fim-watch/critico/gen_00189.txt,file_modified,alert_only,critical,2026-09-18 01:50:48.651736+00,2026-09-18 01:52:19.890848+00
06488824-49ac-41b0-864b-837a46357abe,/srv/fim-watch/gen_00489.txt,file_modified,alert_only,high,2026-09-18 01:50:48.852571+00,2026-09-18 01:52:19.907544+00
8f719bad-7271-41fc-bf35-4e2c1d0c6629,/srv/fim-watch/gen_00504.txt,file_modified,alert_only,high,2026-09-18 01:50:48.95369+00,2026-09-18 01:52:19.924137+00
b4cb8f17-a89e-4e6d-9de2-9562ce1d910e,/srv/fim-watch/gen_00298.txt,file_modified,alert_only,high,2026-09-18 01:50:49.252125+00,2026-09-18 01:52:19.940621+00
0a6d48d9-c32a-4c11-8080-8e686fb52c4a,/srv/fim-watch/critico/gen_00511.txt,file_modified,alert_only,critical,2026-09-18 01:50:49.352048+00,2026-09-18 01:52:19.956516+00
e9c6c6b7-4e27-4a24-b6d1-4b6bda9dfe6d,/srv/fim-watch/critico/gen_00511.txt,file_deleted,alert_only,critical,2026-09-18 01:50:49.452135+00,2026-09-18 01:52:19.973206+00
f721bff6-0430-4ef5-9b15-50fdd4ea1390,/srv/fim-watch/gen_00352.txt,file_modified,alert_only,high,2026-09-18 01:50:49.551726+00,2026-09-18 01:52:19.98973+00
69a910e3-0c3e-4cf2-960f-d2db5e61421d,/srv/fim-watch/critico/gen_00130.txt,file_modified,alert_only,critical,2026-09-18 01:50:49.652363+00,2026-09-18 01:52:20.006544+00
eadd5e77-7aa6-427b-b18e-20d368054e49,/srv/fim-watch/critico/gen_00457.txt,file_deleted,alert_only,critical,2026-09-18 01:50:49.753146+00,2026-09-18 01:52:20.0233+00
607f23e0-8821-4dd1-a37c-4dafba261e8f,/srv/fim-watch/gen_00418.txt,file_modified,alert_only,high,2026-09-18 01:50:49.853567+00,2026-09-18 01:52:20.039859+00
a8049dce-ffb0-4a0a-a6c8-30f3d109d8b2,/srv/fim-watch/gen_00417.txt,file_modified,alert_only,high,2026-09-18 01:50:49.953391+00,2026-09-18 01:52:20.056523+00
50802a71-ccb5-4aaf-a4d1-2fddac9a88bd,/srv/fim-watch/gen_00126.txt,file_modified,alert_only,high,2026-09-18 01:50:50.053052+00,2026-09-18 01:52:20.074008+00
fc091800-9e58-499a-8f5e-a2b3e36a3f63,/srv/fim-watch/gen_00255.txt,file_deleted,alert_only,high,2026-09-18 01:50:50.153249+00,2026-09-18 01:52:20.091495+00
088d72bf-e850-434e-b54f-9a8d9003ddda,/srv/fim-watch/gen_00477.txt,file_modified,alert_only,high,2026-09-18 01:50:50.253143+00,2026-09-18 01:52:20.106214+00
12fb6d85-96da-4a39-bbff-669d8f92862f,/srv/fim-watch/critico/gen_00512.txt,file_modified,alert_only,critical,2026-09-18 01:50:50.353431+00,2026-09-18 01:52:20.120739+00
6b810f27-ecb5-4ab1-bea7-c510adc133a4,/srv/fim-watch/gen_00228.txt,file_modified,alert_only,high,2026-09-18 01:50:50.452904+00,2026-09-18 01:52:20.13567+00
297000ba-27f4-4d0e-aa8a-92f5eafaa712,/srv/fim-watch/gen_00513.txt,file_modified,alert_only,high,2026-09-18 01:50:50.552818+00,2026-09-18 01:52:20.151443+00
acdfe347-fe12-46d6-a52f-51e4d9653c6d,/srv/fim-watch/gen_00514.txt,file_modified,alert_only,high,2026-09-18 01:50:50.652575+00,2026-09-18 01:52:20.1679+00
2419fc78-a263-4561-9287-8d1f3b7f974b,/srv/fim-watch/critico/gen_00344.txt,file_deleted,alert_only,critical,2026-09-18 01:50:50.753063+00,2026-09-18 01:52:20.184634+00
5f8572ef-5146-4f7c-ad3d-4dbdabe20e2c,/srv/fim-watch/gen_00117.txt,file_modified,alert_only,high,2026-09-18 01:50:50.852666+00,2026-09-18 01:52:20.204587+00
8b206b1d-cf0c-441d-b0a9-d0a0a348a680,/srv/fim-watch/gen_00453.txt,file_modified,alert_only,high,2026-09-18 01:50:50.952359+00,2026-09-18 01:52:20.221624+00
d4b451d3-79fb-4cbd-8671-e98a014f9856,/srv/fim-watch/gen_00453.txt,file_modified,alert_only,high,2026-09-18 01:50:51.052785+00,2026-09-18 01:52:20.238078+00
812144bc-adb1-4545-9938-708a446a3b5f,/srv/fim-watch/gen_00215.txt,file_modified,alert_only,high,2026-09-18 01:50:51.152781+00,2026-09-18 01:52:20.254488+00
cb6737b9-263f-475e-976b-1a620597c8cb,/srv/fim-watch/gen_00394.txt,file_deleted,alert_only,high,2026-09-18 01:50:51.253104+00,2026-09-18 01:52:20.281557+00
929e2d02-206c-47ad-98c9-d1cd1b9a1cde,/srv/fim-watch/gen_00515.txt,file_modified,alert_only,high,2026-09-18 01:50:51.353009+00,2026-09-18 01:52:20.288786+00
fecd0be4-59a8-4b07-80ed-a2b88ad758f7,/srv/fim-watch/critico/gen_00209.txt,file_modified,alert_only,critical,2026-09-18 01:50:51.452162+00,2026-09-18 01:52:20.305332+00
26ae6a3a-22de-454b-91e3-3b624c82276c,/srv/fim-watch/critico/gen_00361.txt,file_modified,alert_only,critical,2026-09-18 01:50:51.552242+00,2026-09-18 01:52:20.320947+00
c87d3c0f-41f3-4931-8b7f-303e867937d5,/srv/fim-watch/critico/gen_00516.txt,file_modified,alert_only,critical,2026-09-18 01:50:51.653224+00,2026-09-18 01:52:20.335441+00
f0d67825-ba13-40dc-b271-6f2daf50b7b4,/srv/fim-watch/gen_00517.txt,file_modified,alert_only,high,2026-09-18 01:50:51.753193+00,2026-09-18 01:52:20.349922+00
20363415-3c8d-43fb-b42f-fce1b7358289,/srv/fim-watch/gen_00486.txt,file_modified,alert_only,high,2026-09-18 01:50:51.853024+00,2026-09-18 01:52:20.364284+00
46b2656a-be09-439f-8c1c-fdf1828faad2,/srv/fim-watch/gen_00291.txt,file_modified,alert_only,high,2026-09-18 01:50:51.952593+00,2026-09-18 01:52:20.378603+00
3630c598-6065-4f9b-898c-bbada47f4ed6,/srv/fim-watch/gen_00291.txt,file_modified,alert_only,high,2026-09-18 01:50:52.052533+00,2026-09-18 01:52:20.392872+00
f6ace7f7-07d7-4173-b211-2f1fda561653,/srv/fim-watch/gen_00160.txt,file_modified,alert_only,high,2026-09-18 01:50:52.153135+00,2026-09-18 01:52:20.407473+00
163fab05-2ecc-4005-8db3-b8a432613e44,/srv/fim-watch/gen_00160.txt,file_modified,alert_only,high,2026-09-18 01:50:52.253036+00,2026-09-18 01:52:20.423547+00
b9e43ab4-34b1-453d-957c-11f2df2419a2,/srv/fim-watch/gen_00458.txt,file_modified,alert_only,high,2026-09-18 01:50:52.353306+00,2026-09-18 01:52:20.440169+00
620c892c-62ed-4d1e-ad71-145749db99c3,/srv/fim-watch/gen_00518.txt,file_modified,alert_only,high,2026-09-18 01:50:52.45243+00,2026-09-18 01:52:20.456787+00
64c7ae00-f8c5-4b23-a020-6ae2035fda06,/srv/fim-watch/gen_00249.txt,file_deleted,alert_only,high,2026-09-18 01:50:52.552926+00,2026-09-18 01:52:20.473346+00
e7dd3105-354b-4b98-b043-9c62c9725626,/srv/fim-watch/gen_00429.txt,file_modified,alert_only,high,2026-09-18 01:50:52.653328+00,2026-09-18 01:52:20.489856+00
01cd19aa-5248-4abb-a7e5-35e1f9bacc09,/srv/fim-watch/gen_00429.txt,file_modified,alert_only,high,2026-09-18 01:50:52.752978+00,2026-09-18 01:52:20.50639+00
7a4a7f04-8dc8-49cc-95f3-5e2ac6582ddc,/srv/fim-watch/critico/gen_00451.txt,file_modified,alert_only,critical,2026-09-18 01:50:52.852607+00,2026-09-18 01:52:20.523925+00
ec78ab78-c488-40fe-9555-8c31fc8d8076,/srv/fim-watch/gen_00395.txt,file_modified,alert_only,high,2026-09-18 01:50:52.952604+00,2026-09-18 01:52:20.542638+00
4487163a-51ec-48f6-a81d-d6ff8b214941,/srv/fim-watch/gen_00519.txt,file_modified,alert_only,high,2026-09-18 01:50:53.052665+00,2026-09-18 01:52:20.560106+00
b1a94ffc-90cd-4d81-b8d3-bb84041ed82d,/srv/fim-watch/gen_00501.txt,file_modified,alert_only,high,2026-09-18 01:50:53.152985+00,2026-09-18 01:52:20.5782+00
83580281-c10d-45ab-adba-c59e06ba480e,/srv/fim-watch/gen_00475.txt,file_modified,alert_only,high,2026-09-18 01:50:53.253015+00,2026-09-18 01:52:20.596012+00
a316e325-3eb3-4800-a648-ab715cb03c25,/srv/fim-watch/critico/gen_00280.txt,file_modified,alert_only,critical,2026-09-18 01:50:53.352743+00,2026-09-18 01:52:20.612887+00
f4b622e5-5ec6-4b5c-881c-49f015bc0e3a,/srv/fim-watch/critico/gen_00280.txt,file_modified,alert_only,critical,2026-09-18 01:50:53.452662+00,2026-09-18 01:52:20.629851+00
9d074d45-f924-48c6-b9ec-ecf6f23a5bf1,/srv/fim-watch/critico/gen_00280.txt,file_modified,alert_only,critical,2026-09-18 01:50:53.553005+00,2026-09-18 01:52:20.646353+00
c27851e5-1590-4196-b5df-6f508984f58d,/srv/fim-watch/critico/gen_00280.txt,file_modified,alert_only,critical,2026-09-18 01:50:53.652707+00,2026-09-18 01:52:20.662916+00
e4cca842-1d4d-4ef7-a882-7e7796c61f40,/srv/fim-watch/critico/gen_00280.txt,file_modified,alert_only,critical,2026-09-18 01:50:53.753278+00,2026-09-18 01:52:20.679445+00
2a4a0b6f-36de-48fa-841d-410af9e07af9,/srv/fim-watch/critico/gen_00391.txt,file_modified,alert_only,critical,2026-09-18 01:50:53.852947+00,2026-09-18 01:52:20.696397+00
d427264d-ef1b-44ad-9968-a3031b385fd0,/srv/fim-watch/gen_00520.txt,file_modified,alert_only,high,2026-09-18 01:50:53.952741+00,2026-09-18 01:52:20.712993+00
ace8e73f-d100-4d99-9c35-6074a21be194,/srv/fim-watch/gen_00521.txt,file_modified,alert_only,high,2026-09-18 01:50:54.052555+00,2026-09-18 01:52:20.729737+00
ae0ed758-bb2b-4cc4-972b-da2db3e58926,/srv/fim-watch/gen_00520.txt,file_modified,alert_only,high,2026-09-18 01:50:54.153306+00,2026-09-18 01:52:20.746445+00
2e36207a-a0bc-4f43-b5c2-730cf0452e89,/srv/fim-watch/gen_00464.txt,file_modified,alert_only,high,2026-09-18 01:50:54.25292+00,2026-09-18 01:52:20.763647+00
2a66a403-b0d9-48bd-ab5c-ba0425495db1,/srv/fim-watch/gen_00491.txt,file_modified,alert_only,high,2026-09-18 01:50:54.352616+00,2026-09-18 01:52:20.780211+00
c8c797d7-3d0d-439d-a6c4-dbd723d08884,/srv/fim-watch/gen_00522.txt,file_modified,alert_only,high,2026-09-18 01:50:54.45258+00,2026-09-18 01:52:20.796997+00
01a4bacc-949a-4624-a61d-47bd84750111,/srv/fim-watch/gen_00352.txt,file_modified,alert_only,high,2026-09-18 01:50:54.653248+00,2026-09-18 01:52:20.813958+00
7fdadc8c-4d96-41de-a403-851dcd901fe6,/srv/fim-watch/gen_00307.txt,file_deleted,alert_only,high,2026-09-18 01:50:54.753905+00,2026-09-18 01:52:20.830117+00
e6bc9be5-2a3e-413f-9129-53f6f376b780,/srv/fim-watch/gen_00467.txt,file_modified,alert_only,high,2026-09-18 01:50:54.952598+00,2026-09-18 01:52:20.84648+00
1b15664a-81e7-423a-8a70-3c83b862471c,/srv/fim-watch/gen_00467.txt,file_modified,alert_only,high,2026-09-18 01:50:55.051893+00,2026-09-18 01:52:20.862684+00
565f2963-7fd5-474c-9099-db766edb313c,/srv/fim-watch/gen_00467.txt,file_modified,alert_only,high,2026-09-18 01:50:55.152542+00,2026-09-18 01:52:20.879231+00
5e77e73d-38ba-4b92-872b-b7660dff639e,/srv/fim-watch/gen_00467.txt,file_modified,alert_only,high,2026-09-18 01:50:55.252457+00,2026-09-18 01:52:20.894974+00
e0ea849c-c541-482f-9368-f480dab22bf6,/srv/fim-watch/gen_00467.txt,file_modified,alert_only,high,2026-09-18 01:50:55.353746+00,2026-09-18 01:52:20.909951+00
7296f053-f043-4dc6-a770-6ac3eee61924,/srv/fim-watch/gen_00050.txt,file_modified,alert_only,high,2026-09-18 01:50:55.45179+00,2026-09-18 01:52:20.925238+00
04c33a79-d537-47fa-98c5-674ac88301fc,/srv/fim-watch/gen_00254.txt,file_modified,alert_only,high,2026-09-18 01:50:55.552937+00,2026-09-18 01:52:20.940259+00
2bca90d8-bdf0-45f2-9568-ae82f0e15db7,/srv/fim-watch/gen_00525.txt,file_modified,alert_only,high,2026-09-18 01:50:55.651829+00,2026-09-18 01:52:20.955285+00
f8ff03b5-8acd-4d9a-b5a3-2c4e2acbca1a,/srv/fim-watch/critico/gen_00053.txt,file_modified,alert_only,critical,2026-09-18 01:50:55.752588+00,2026-09-18 01:52:20.971506+00
e6493d4d-0a22-41f9-ad3f-fac3752cd9d3,/srv/fim-watch/critico/gen_00304.txt,file_modified,alert_only,critical,2026-09-18 01:50:55.851741+00,2026-09-18 01:52:20.989229+00
6c151e33-7e9d-4e8a-a7c9-2696f3c79d51,/srv/fim-watch/gen_00474.txt,file_deleted,alert_only,high,2026-09-18 01:50:55.952787+00,2026-09-18 01:52:21.007693+00
11e2c852-cfd5-419f-9859-753adba6d112,/srv/fim-watch/gen_00289.txt,file_deleted,alert_only,high,2026-09-18 01:50:56.052738+00,2026-09-18 01:52:21.026131+00
774d35c9-be97-43e9-ae58-e81eed21c69e,/srv/fim-watch/gen_00513.txt,file_modified,alert_only,high,2026-09-18 01:50:56.152761+00,2026-09-18 01:52:21.042718+00
e3e98580-2cba-4313-aeee-5e93fa7d6c0f,/srv/fim-watch/gen_00418.txt,file_modified,alert_only,high,2026-09-18 01:50:56.353086+00,2026-09-18 01:52:21.058242+00
8ee35905-608e-49b0-9c58-f57e5c6bbd90,/srv/fim-watch/critico/gen_00527.txt,file_created,alert_only,critical,2026-09-18 01:50:56.452114+00,2026-09-18 01:52:21.075346+00
1d1e2c75-d2e4-4ef1-a3d2-50c8e3decbec,/srv/fim-watch/gen_00179.txt,file_modified,alert_only,high,2026-09-18 01:50:56.552312+00,2026-09-18 01:52:21.101215+00
ef85b210-0ee4-4558-b78e-4816bc172801,/srv/fim-watch/gen_00179.txt,file_modified,alert_only,high,2026-09-18 01:50:56.652665+00,2026-09-18 01:52:21.107791+00
62014e55-ba3a-483a-86ec-22061676d937,/srv/fim-watch/gen_00528.txt,file_modified,alert_only,high,2026-09-18 01:50:56.752569+00,2026-09-18 01:52:21.122548+00
b4748e76-df52-4f06-8cd0-891ce332d028,/srv/fim-watch/gen_00514.txt,file_modified,alert_only,high,2026-09-18 01:50:56.852694+00,2026-09-18 01:52:21.137327+00
bf41e7ab-fb3c-4cb9-a0a1-3647d9373abf,/srv/fim-watch/gen_00486.txt,file_modified,alert_only,high,2026-09-18 01:50:56.952396+00,2026-09-18 01:52:21.152094+00
df2c5b11-fabd-4d96-bccb-5649b5d96899,/srv/fim-watch/critico/gen_00502.txt,file_modified,alert_only,critical,2026-09-18 01:50:57.052484+00,2026-09-18 01:52:21.166804+00
d22b246f-0ea7-468c-8dc7-25a263f5fb3f,/srv/fim-watch/gen_00325.txt,file_modified,alert_only,high,2026-09-18 01:50:57.15282+00,2026-09-18 01:52:21.181641+00
145bcf17-3863-412f-9de5-6911bccc7195,/srv/fim-watch/critico/gen_00353.txt,file_modified,alert_only,critical,2026-09-18 01:50:57.253068+00,2026-09-18 01:52:21.196121+00
dd750e5f-853a-435f-9a99-a49f4345530d,/srv/fim-watch/gen_00284.txt,file_modified,alert_only,high,2026-09-18 01:50:57.352924+00,2026-09-18 01:52:21.21413+00
10bfe36e-1738-4c65-a959-af39387afca3,/srv/fim-watch/gen_00241.txt,file_modified,alert_only,high,2026-09-18 01:50:57.452637+00,2026-09-18 01:52:21.229915+00
6673fa02-85d4-4cc4-bafb-c65b62fe76c0,/srv/fim-watch/gen_00405.txt,file_modified,alert_only,high,2026-09-18 01:50:57.552988+00,2026-09-18 01:52:21.24646+00
f4edb38a-1800-4837-9490-aea7c831d467,/srv/fim-watch/gen_00405.txt,file_modified,alert_only,high,2026-09-18 01:50:57.653003+00,2026-09-18 01:52:21.263888+00
7bc4eee1-b2c8-4011-afe6-1bfa349c5ecf,/srv/fim-watch/critico/gen_00465.txt,file_modified,alert_only,critical,2026-09-18 01:50:57.752628+00,2026-09-18 01:52:21.280089+00
02b4d464-7fd5-44f7-a51c-d3f4b7633a2a,/srv/fim-watch/critico/gen_00184.txt,file_modified,alert_only,critical,2026-09-18 01:50:57.85262+00,2026-09-18 01:52:21.29559+00
d6d34c02-a1ec-4ab2-8314-bc9d77e6123b,/srv/fim-watch/gen_00529.txt,file_modified,alert_only,high,2026-09-18 01:50:57.952992+00,2026-09-18 01:52:21.310989+00
8821a954-dc5f-4c1b-ad48-89fff035c5f5,/srv/fim-watch/gen_00426.txt,file_modified,alert_only,high,2026-09-18 01:50:58.052676+00,2026-09-18 01:52:21.326266+00
dfe553b7-5290-47b8-9260-a80030192310,/srv/fim-watch/critico/gen_00530.txt,file_modified,alert_only,critical,2026-09-18 01:50:58.153178+00,2026-09-18 01:52:21.341586+00
dfc87560-7e8e-46f0-96ae-26c9191c30f3,/srv/fim-watch/critico/gen_00262.txt,file_modified,alert_only,critical,2026-09-18 01:50:58.252743+00,2026-09-18 01:52:21.356884+00
2cb04c10-274d-45e7-84e5-f6222a7afd35,/srv/fim-watch/gen_00531.txt,file_modified,alert_only,high,2026-09-18 01:50:58.352445+00,2026-09-18 01:52:21.372213+00
d679c48d-de6a-418d-aeae-9791e85e9af9,/srv/fim-watch/gen_00500.txt,file_modified,alert_only,high,2026-09-18 01:50:58.452518+00,2026-09-18 01:52:21.387402+00
910864cc-e1ae-4e14-a8fa-2596b592a823,/srv/fim-watch/gen_00500.txt,file_modified,alert_only,high,2026-09-18 01:50:58.552626+00,2026-09-18 01:52:21.402898+00
4d8b6f3c-36c9-424c-b965-ab44ac78568f,/srv/fim-watch/gen_00331.txt,file_modified,alert_only,high,2026-09-18 01:50:58.653063+00,2026-09-18 01:52:21.419456+00
c4bbbbd5-7dda-41ac-b880-fcdf3517f82f,/srv/fim-watch/gen_00377.txt,file_modified,alert_only,high,2026-09-18 01:50:58.752549+00,2026-09-18 01:52:21.435878+00
ffad8a61-e386-4a4a-be6e-5468f6c88ead,/srv/fim-watch/gen_00323.txt,file_deleted,alert_only,high,2026-09-18 01:50:58.852715+00,2026-09-18 01:52:21.45128+00
ed768652-bad0-42bc-9dcc-068b888ef868,/srv/fim-watch/gen_00228.txt,file_modified,alert_only,high,2026-09-18 01:50:58.953143+00,2026-09-18 01:52:21.465989+00
36f4e24c-3401-43a2-8355-04f1f824c5a0,/srv/fim-watch/gen_00228.txt,file_modified,alert_only,high,2026-09-18 01:50:59.053331+00,2026-09-18 01:52:21.480801+00
6a789660-464f-4b22-970c-e13f86f05456,/srv/fim-watch/gen_00228.txt,file_modified,alert_only,high,2026-09-18 01:50:59.152654+00,2026-09-18 01:52:21.495669+00
2aff6681-7fd7-4ca4-b433-20bc7608bd7d,/srv/fim-watch/gen_00228.txt,file_modified,alert_only,high,2026-09-18 01:50:59.253218+00,2026-09-18 01:52:21.510346+00
a9f128d3-efa8-4e62-9394-6ab5316c8849,/srv/fim-watch/gen_00228.txt,file_modified,alert_only,high,2026-09-18 01:50:59.352801+00,2026-09-18 01:52:21.525042+00
320ee68c-725a-4473-be07-8fe5e2e5933e,/srv/fim-watch/gen_00417.txt,file_modified,alert_only,high,2026-09-18 01:50:59.453263+00,2026-09-18 01:52:21.539728+00
5dbfac92-1e4b-481d-b912-0ccb3ccb60a9,/srv/fim-watch/critico/gen_00532.txt,file_modified,alert_only,critical,2026-09-18 01:50:59.553267+00,2026-09-18 01:52:21.554414+00
5c62abee-7c4d-44de-bd3e-5c8b1fdf8c09,/srv/fim-watch/gen_00325.txt,file_modified,alert_only,high,2026-09-18 01:50:59.653374+00,2026-09-18 01:52:21.569087+00
2656ecb2-e0ef-471f-bc90-fbf9bdcee196,/srv/fim-watch/gen_00533.txt,file_modified,alert_only,high,2026-09-18 01:50:59.752658+00,2026-09-18 01:52:21.583798+00
17b1478b-7158-42f0-801f-583645fe5dbe,/srv/fim-watch/gen_00513.txt,file_modified,alert_only,high,2026-09-18 01:50:59.853242+00,2026-09-18 01:52:21.598622+00
7a1dece9-7d00-4352-b815-53ad65689ded,/srv/fim-watch/gen_00206.txt,file_deleted,alert_only,high,2026-09-18 01:50:59.952725+00,2026-09-18 01:52:21.613327+00
5b2ef621-4657-4435-b388-52b09756f5ee,/srv/fim-watch/gen_00501.txt,file_modified,alert_only,high,2026-09-18 01:51:00.053072+00,2026-09-18 01:52:21.628011+00
a0e93ce5-ac56-4dfd-8553-6520e757147e,/srv/fim-watch/gen_00298.txt,file_modified,alert_only,high,2026-09-18 01:51:00.153139+00,2026-09-18 01:52:21.642758+00
f6a193ae-da26-42ef-a68a-a06daba74e78,/srv/fim-watch/gen_00352.txt,file_modified,alert_only,high,2026-09-18 01:51:00.253291+00,2026-09-18 01:52:21.65752+00
6daa64d0-b66f-498a-8386-39ee3e854a20,/srv/fim-watch/critico/gen_00409.txt,file_modified,alert_only,critical,2026-09-18 01:51:00.353323+00,2026-09-18 01:52:21.672466+00
f9ea9f70-b40d-4d18-ad0b-29549f7787c2,/srv/fim-watch/gen_00534.txt,file_modified,alert_only,high,2026-09-18 01:51:00.452771+00,2026-09-18 01:52:21.68901+00
1628242f-625a-4c4a-928a-5f08e4a5e35c,/srv/fim-watch/gen_00064.txt,file_modified,alert_only,high,2026-09-18 01:51:00.552905+00,2026-09-18 01:52:21.705494+00
9490c296-dbf0-4734-9106-348d7ed92b8e,/srv/fim-watch/gen_00424.txt,file_modified,alert_only,high,2026-09-18 01:51:00.652833+00,2026-09-18 01:52:21.721057+00
ee438288-3c77-4b30-b50d-4ba76a04531f,/srv/fim-watch/gen_00424.txt,file_modified,alert_only,high,2026-09-18 01:51:00.753308+00,2026-09-18 01:52:21.735843+00
6f2c44d8-a525-4467-bf34-e5956c2ae52e,/srv/fim-watch/gen_00424.txt,file_modified,alert_only,high,2026-09-18 01:51:00.853386+00,2026-09-18 01:52:21.750454+00
2bb9786f-226a-454c-bd15-305f8ede7a10,/srv/fim-watch/gen_00424.txt,file_modified,alert_only,high,2026-09-18 01:51:00.95344+00,2026-09-18 01:52:21.765296+00
beff9216-b897-4bae-b577-18ce3364c5f1,/srv/fim-watch/gen_00424.txt,file_modified,alert_only,high,2026-09-18 01:51:01.05323+00,2026-09-18 01:52:21.780333+00
2d37b5f5-f5d9-4746-ac95-5427a2021d88,/srv/fim-watch/critico/gen_00413.txt,file_deleted,alert_only,critical,2026-09-18 01:51:01.252572+00,2026-09-18 01:52:21.796094+00
e82bfff2-3a92-4c4e-b027-b44d97af62ae,/srv/fim-watch/gen_00448.txt,file_modified,alert_only,high,2026-09-18 01:51:01.35354+00,2026-09-18 01:52:21.812735+00
eb193f34-7456-45d9-961f-6395f6e1565e,/srv/fim-watch/gen_00448.txt,file_modified,alert_only,high,2026-09-18 01:51:01.452796+00,2026-09-18 01:52:21.830863+00
4feb9bdf-5d94-406d-a986-d8a571069213,/srv/fim-watch/gen_00435.txt,file_modified,alert_only,high,2026-09-18 01:51:01.55228+00,2026-09-18 01:52:21.847292+00
9731dcdb-88f8-474b-a08b-42319e15a48d,/srv/fim-watch/gen_00096.txt,file_modified,alert_only,high,2026-09-18 01:51:01.65271+00,2026-09-18 01:52:21.875241+00
18ddf2f6-c122-4a74-8e46-bb70929aa107,/srv/fim-watch/critico/gen_00191.txt,file_modified,alert_only,critical,2026-09-18 01:51:01.753242+00,2026-09-18 01:52:21.882489+00
62c9c765-1c52-43ad-a6e6-46f241c31b9e,/srv/fim-watch/critico/gen_00428.txt,file_modified,alert_only,critical,2026-09-18 01:51:01.851712+00,2026-09-18 01:52:21.900341+00
724b68fd-050c-4fbf-81c4-000f37272cde,/srv/fim-watch/gen_00259.txt,file_modified,alert_only,high,2026-09-18 01:51:01.952786+00,2026-09-18 01:52:21.914241+00
f3c9a1df-286e-4566-bff3-40f2cff3011b,/srv/fim-watch/gen_00259.txt,file_modified,alert_only,high,2026-09-18 01:51:02.052498+00,2026-09-18 01:52:21.929404+00
50502542-6da2-4e7c-be33-f0f9691f853a,/srv/fim-watch/gen_00259.txt,file_modified,alert_only,high,2026-09-18 01:51:02.152403+00,2026-09-18 01:52:21.943316+00
07ae6bea-f2e4-4af5-8323-10e737e14a66,/srv/fim-watch/gen_00259.txt,file_modified,alert_only,high,2026-09-18 01:51:02.252436+00,2026-09-18 01:52:21.955907+00
c5b263e5-32c1-478f-bcd1-d7b9568d48e2,/srv/fim-watch/gen_00259.txt,file_modified,alert_only,high,2026-09-18 01:51:02.352621+00,2026-09-18 01:52:21.968511+00
9d81ff58-b494-4094-af1a-40f9f9b6259f,/srv/fim-watch/gen_00269.txt,file_deleted,alert_only,high,2026-09-18 01:51:02.452905+00,2026-09-18 01:52:21.985076+00
a3ef6a9c-49af-4431-a526-0752fb518fe7,/srv/fim-watch/gen_00256.txt,file_modified,alert_only,high,2026-09-18 01:51:02.552746+00,2026-09-18 01:52:22.001419+00
181cb063-ca9f-44f9-a822-05583682226d,/srv/fim-watch/gen_00256.txt,file_modified,alert_only,high,2026-09-18 01:51:02.651772+00,2026-09-18 01:52:22.017222+00
05cad7ab-8008-4ed1-9938-1c8b57912bf0,/srv/fim-watch/critico/gen_00123.txt,file_modified,alert_only,critical,2026-09-18 01:51:02.753213+00,2026-09-18 01:52:22.033053+00
68e6ac6f-25ae-416b-af62-391690057683,/srv/fim-watch/gen_00290.txt,file_modified,alert_only,high,2026-09-18 01:51:02.853267+00,2026-09-18 01:52:22.048888+00
8ea656e0-d818-4778-82df-04269ac5405b,/srv/fim-watch/gen_00225.txt,file_modified,alert_only,high,2026-09-18 01:51:02.953067+00,2026-09-18 01:52:22.06259+00
346348e6-8cd2-4e44-a522-ff0ff00bf6d3,/srv/fim-watch/gen_00404.txt,file_modified,alert_only,high,2026-09-18 01:51:03.053327+00,2026-09-18 01:52:22.076225+00
8dc4ed19-a26a-4721-aeff-807be7fafbd4,/srv/fim-watch/gen_00479.txt,file_modified,alert_only,high,2026-09-18 01:51:03.153387+00,2026-09-18 01:52:22.093428+00
9c2c5533-efdd-4c0d-b85f-e8782f92699c,/srv/fim-watch/gen_00235.txt,file_modified,alert_only,high,2026-09-18 01:51:03.25297+00,2026-09-18 01:52:22.108015+00
b72a71f9-288a-4096-94eb-0d2ce51dc160,/srv/fim-watch/critico/gen_00490.txt,file_modified,alert_only,critical,2026-09-18 01:51:03.353306+00,2026-09-18 01:52:22.123459+00
9e69182c-1af4-4381-b061-e51885a3d2e1,/srv/fim-watch/critico/gen_00209.txt,file_modified,alert_only,critical,2026-09-18 01:51:03.452719+00,2026-09-18 01:52:22.139285+00
1f5a2191-9aca-498b-95ed-9f9afd610c2e,/srv/fim-watch/gen_00285.txt,file_modified,alert_only,high,2026-09-18 01:51:03.553489+00,2026-09-18 01:52:22.161368+00
058f8c69-a25c-4d45-a82f-dceb0da3b1fc,/srv/fim-watch/gen_00536.txt,file_modified,alert_only,high,2026-09-18 01:51:03.653258+00,2026-09-18 01:52:22.183174+00
918d54ae-9fa7-4194-9ab8-c337cef39f70,/srv/fim-watch/gen_00470.txt,file_modified,alert_only,high,2026-09-18 01:51:03.753238+00,2026-09-18 01:52:22.209846+00
3fe3d606-2fb3-4fdb-b3e1-39be39a0813d,/srv/fim-watch/gen_00385.txt,file_modified,alert_only,high,2026-09-18 01:51:03.852647+00,2026-09-18 01:52:22.229383+00
25f4c4ba-42a6-419b-aeca-41caaaea3f40,/srv/fim-watch/gen_00139.txt,file_modified,alert_only,high,2026-09-18 01:51:03.95358+00,2026-09-18 01:52:22.245874+00
7047fc54-d93d-44f2-aa1e-683e5f88b348,/srv/fim-watch/gen_00537.txt,file_modified,alert_only,high,2026-09-18 01:51:04.052601+00,2026-09-18 01:52:22.261089+00
a4fd0498-21fc-44d5-9c0b-0775177d0785,/srv/fim-watch/critico/gen_00456.txt,file_modified,alert_only,critical,2026-09-18 01:51:04.153833+00,2026-09-18 01:52:22.275535+00
34b9ceb2-d82e-44f0-84f2-4d763a30f1ea,/srv/fim-watch/gen_00498.txt,file_modified,alert_only,high,2026-09-18 01:51:04.253326+00,2026-09-18 01:52:22.290221+00
7de08524-d8db-46f9-952b-26b223ddaa41,/srv/fim-watch/gen_00538.txt,file_modified,alert_only,high,2026-09-18 01:51:04.353368+00,2026-09-18 01:52:22.30556+00
f309830d-56e9-4924-8eb9-536da02f2af4,/srv/fim-watch/gen_00539.txt,file_modified,alert_only,high,2026-09-18 01:51:04.452379+00,2026-09-18 01:52:22.322176+00
2a90ef70-7dfa-457f-92f3-4e0d23f56e86,/srv/fim-watch/gen_00498.txt,file_modified,alert_only,high,2026-09-18 01:51:04.55278+00,2026-09-18 01:52:22.33745+00
bd2a5825-4014-4fe9-ba8a-6b3528447c99,/srv/fim-watch/gen_00498.txt,file_modified,alert_only,high,2026-09-18 01:51:04.65262+00,2026-09-18 01:52:22.351691+00
b7d94326-9f9b-42a5-9ba9-ec464edd6701,/srv/fim-watch/gen_00498.txt,file_modified,alert_only,high,2026-09-18 01:51:04.753481+00,2026-09-18 01:52:22.365491+00
70c5c5b3-eac4-4097-ac6a-d0f81586fd18,/srv/fim-watch/gen_00498.txt,file_modified,alert_only,high,2026-09-18 01:51:04.853042+00,2026-09-18 01:52:22.38065+00
a21c70c6-f980-4817-8b36-62a8284ae317,/srv/fim-watch/gen_00498.txt,file_modified,alert_only,high,2026-09-18 01:51:04.953376+00,2026-09-18 01:52:22.398733+00
5a475af1-9da5-4683-93ae-ac92a7b6c8fb,/srv/fim-watch/gen_00540.txt,file_modified,alert_only,high,2026-09-18 01:51:05.053457+00,2026-09-18 01:52:22.414669+00
b040682e-a7f0-44f5-b383-3b1cd5fcdb2f,/srv/fim-watch/gen_00508.txt,file_modified,alert_only,high,2026-09-18 01:51:05.152842+00,2026-09-18 01:52:22.429357+00
c0596ede-43ee-490d-94f5-ee4f3a024792,/srv/fim-watch/gen_00426.txt,file_modified,alert_only,high,2026-09-18 01:51:05.252949+00,2026-09-18 01:52:22.445104+00
a18592f9-018b-4d0a-bef2-2433fe0ebe03,/srv/fim-watch/gen_00534.txt,file_deleted,alert_only,high,2026-09-18 01:51:05.352283+00,2026-09-18 01:52:22.463444+00
b9ec0cf9-cb38-40b3-9d49-36914fdcc413,/srv/fim-watch/gen_00541.txt,file_modified,alert_only,high,2026-09-18 01:51:05.452991+00,2026-09-18 01:52:22.480777+00
0cffebea-f40c-4581-9d6c-63a4464a3708,/srv/fim-watch/gen_00542.txt,file_modified,alert_only,high,2026-09-18 01:51:05.552548+00,2026-09-18 01:52:22.496563+00
ef30b092-243e-478c-b481-31f8a758cf66,/srv/fim-watch/gen_00475.txt,file_modified,alert_only,high,2026-09-18 01:51:05.65332+00,2026-09-18 01:52:22.516671+00
17d9dabe-fbb1-4426-8970-931cbf7b068e,/srv/fim-watch/gen_00475.txt,file_modified,alert_only,high,2026-09-18 01:51:05.753082+00,2026-09-18 01:52:22.538652+00
253f0abc-1a02-4e46-820c-72872c691e65,/srv/fim-watch/critico/gen_00509.txt,file_modified,alert_only,critical,2026-09-18 01:51:05.852619+00,2026-09-18 01:52:22.55789+00
99680d73-c5d2-4319-be90-d7b4eb2aeac7,/srv/fim-watch/gen_00479.txt,file_modified,alert_only,high,2026-09-18 01:51:06.052786+00,2026-09-18 01:52:22.57551+00
1f41869d-ca6d-4cba-8dd7-eca1f1f6d61a,/srv/fim-watch/gen_00479.txt,file_modified,alert_only,high,2026-09-18 01:51:06.152117+00,2026-09-18 01:52:22.593866+00
9459a66e-ba0e-4dc4-bd86-6e00f3b0a571,/srv/fim-watch/gen_00479.txt,file_modified,alert_only,high,2026-09-18 01:51:06.253166+00,2026-09-18 01:52:22.611382+00
2a04265e-9112-4254-8ee5-ec6513b69c59,/srv/fim-watch/gen_00479.txt,file_modified,alert_only,high,2026-09-18 01:51:06.353043+00,2026-09-18 01:52:22.626054+00
d0c94879-81e5-4a1a-8eb1-cb6f4c5c41a2,/srv/fim-watch/gen_00479.txt,file_modified,alert_only,high,2026-09-18 01:51:06.453455+00,2026-09-18 01:52:22.641087+00
5f5b57c5-4c2f-4310-853b-fb6d39b89ede,/srv/fim-watch/gen_00543.txt,file_modified,alert_only,high,2026-09-18 01:51:06.55225+00,2026-09-18 01:52:22.654947+00
3db9ef88-7764-4d11-8fa2-f0aa8451fd3c,/srv/fim-watch/gen_00498.txt,file_deleted,alert_only,high,2026-09-18 01:51:06.652649+00,2026-09-18 01:52:22.667984+00
aa534cb8-a18c-41ef-aa2e-36350fe7434b,/srv/fim-watch/gen_00326.txt,file_modified,alert_only,high,2026-09-18 01:51:06.75322+00,2026-09-18 01:52:22.694416+00
dbaf37e6-6ede-498f-803a-5e0907718325,/srv/fim-watch/critico/gen_00130.txt,file_modified,alert_only,critical,2026-09-18 01:51:06.953285+00,2026-09-18 01:52:22.701468+00
3d3ae801-49ec-4a54-ab57-2a648bf2ca20,/srv/fim-watch/gen_00545.txt,file_modified,alert_only,high,2026-09-18 01:51:07.053039+00,2026-09-18 01:52:22.719805+00
1ed7ab9c-58d8-4b34-9d08-0c3dc23afb9a,/srv/fim-watch/gen_00426.txt,file_modified,alert_only,high,2026-09-18 01:51:07.152789+00,2026-09-18 01:52:22.737815+00
2585f6e4-ec2b-4470-ad21-97d756b24f8e,/srv/fim-watch/gen_00163.txt,file_modified,alert_only,high,2026-09-18 01:51:07.353217+00,2026-09-18 01:52:22.755034+00
60e591d7-7384-4136-95aa-a1a68f7a8941,/srv/fim-watch/gen_00442.txt,file_modified,alert_only,high,2026-09-18 01:51:07.553462+00,2026-09-18 01:52:22.772832+00
29727a51-8a07-4739-9e53-85081866c0a1,/srv/fim-watch/gen_00519.txt,file_modified,alert_only,high,2026-09-18 01:51:07.652808+00,2026-09-18 01:52:22.790502+00
5d3436bf-7076-4f13-a4da-a81159b7e928,/srv/fim-watch/gen_00254.txt,file_modified,alert_only,high,2026-09-18 01:51:07.756153+00,2026-09-18 01:52:22.808888+00
34ecd53c-1655-4018-b997-75f31c9d4a19,/srv/fim-watch/gen_00134.txt,file_modified,alert_only,high,2026-09-18 01:51:07.851716+00,2026-09-18 01:52:22.825298+00
a22ddc5f-7cc3-4ef3-94c8-3891b6bc8735,/srv/fim-watch/gen_00134.txt,file_modified,alert_only,high,2026-09-18 01:51:07.952645+00,2026-09-18 01:52:22.841333+00
bf1eb72d-f89c-4b46-b668-0bd220ebbdc6,/srv/fim-watch/critico/gen_00530.txt,file_modified,alert_only,critical,2026-09-18 01:51:08.053205+00,2026-09-18 01:52:22.857585+00
a6c44a56-b59c-40a1-88a2-c4ab19c48dcb,/srv/fim-watch/gen_00196.txt,file_modified,alert_only,high,2026-09-18 01:51:08.152693+00,2026-09-18 01:52:22.873446+00
854eeecc-e909-4696-96a1-de36765a0784,/srv/fim-watch/gen_00309.txt,file_modified,alert_only,high,2026-09-18 01:51:08.252298+00,2026-09-18 01:52:22.890342+00
3620dda8-8d7f-4890-9731-925edfeb85b2,/srv/fim-watch/gen_00500.txt,file_modified,alert_only,high,2026-09-18 01:51:08.35459+00,2026-09-18 01:52:22.907345+00
c45235a9-8038-49d9-bdb0-3b410adabf62,/srv/fim-watch/critico/gen_00438.txt,file_modified,alert_only,critical,2026-09-18 01:51:08.453794+00,2026-09-18 01:52:22.924571+00
2ab08b81-b395-47ec-ab8d-f078508133f0,/srv/fim-watch/critico/gen_00548.txt,file_modified,alert_only,critical,2026-09-18 01:51:08.552025+00,2026-09-18 01:52:22.942703+00
ec99a190-8678-4284-8937-f829aa541f83,/srv/fim-watch/gen_00128.txt,file_modified,alert_only,high,2026-09-18 01:51:08.652746+00,2026-09-18 01:52:22.960592+00
a3f0f421-d984-44d7-9059-262c50b4006c,/srv/fim-watch/gen_00207.txt,file_modified,alert_only,high,2026-09-18 01:51:08.752544+00,2026-09-18 01:52:22.979212+00
ed560ac4-e639-4e83-a450-dfaa2c04b0b0,/srv/fim-watch/gen_00207.txt,file_modified,alert_only,high,2026-09-18 01:51:08.851721+00,2026-09-18 01:52:22.998636+00
27744510-0e01-42c4-affe-71fb85270ad8,/srv/fim-watch/gen_00539.txt,file_modified,alert_only,high,2026-09-18 01:51:08.952767+00,2026-09-18 01:52:23.018618+00
9f295909-95ad-4025-a0a5-b991dbaf6753,/srv/fim-watch/gen_00466.txt,file_modified,alert_only,high,2026-09-18 01:51:09.052644+00,2026-09-18 01:52:23.037237+00
a9bcc528-6076-417b-bdcb-1eeea368aedf,/srv/fim-watch/gen_00163.txt,file_modified,alert_only,high,2026-09-18 01:51:09.15262+00,2026-09-18 01:52:23.055501+00
202276e1-eab4-4d20-bf7c-9617c0bd27c2,/srv/fim-watch/gen_00549.txt,file_modified,alert_only,high,2026-09-18 01:51:09.252834+00,2026-09-18 01:52:23.073876+00
64933783-f8b8-4e5e-b359-fb15f1ed5bfa,/srv/fim-watch/gen_00412.txt,file_modified,alert_only,high,2026-09-18 01:51:09.353299+00,2026-09-18 01:52:23.092494+00
ca8ae422-21b9-4a69-aa19-05a67ac5eab9,/srv/fim-watch/gen_00550.txt,file_modified,alert_only,high,2026-09-18 01:51:09.453205+00,2026-09-18 01:52:23.110459+00
8f7806e1-fec1-4715-8f1e-be874a034e55,/srv/fim-watch/gen_00547.txt,file_modified,alert_only,high,2026-09-18 01:51:09.552525+00,2026-09-18 01:52:23.127855+00
64dba575-3e50-44d3-8b07-7725930d1e7a,/srv/fim-watch/gen_00543.txt,file_modified,alert_only,high,2026-09-18 01:51:09.652703+00,2026-09-18 01:52:23.145683+00
dbbab63e-357a-41e4-ad69-0172c9c2a515,/srv/fim-watch/gen_00320.txt,file_modified,alert_only,high,2026-09-18 01:51:09.753189+00,2026-09-18 01:52:23.163811+00
7c62930b-ddda-4431-8968-86fae9842ba3,/srv/fim-watch/gen_00221.txt,file_modified,alert_only,high,2026-09-18 01:51:09.85308+00,2026-09-18 01:52:23.181438+00
0860ee58-b235-4268-8a92-7b165db98f42,/srv/fim-watch/gen_00466.txt,file_modified,alert_only,high,2026-09-18 01:51:09.953328+00,2026-09-18 01:52:23.200055+00
a550148b-b06a-42ac-9bce-c28ce19f8f26,/srv/fim-watch/gen_00331.txt,file_deleted,alert_only,high,2026-09-18 01:51:10.053155+00,2026-09-18 01:52:23.218513+00
feea6c50-06a5-45c5-b36d-7edf2750448d,/srv/fim-watch/critico/gen_00330.txt,file_modified,alert_only,critical,2026-09-18 01:51:10.152598+00,2026-09-18 01:52:23.235293+00
a93b7c9c-9980-4334-a4c3-9a46bc2e569f,/srv/fim-watch/gen_00215.txt,file_deleted,alert_only,high,2026-09-18 01:51:10.252845+00,2026-09-18 01:52:23.251119+00
e909260c-7fdf-47d0-b912-524166643729,/srv/fim-watch/gen_00442.txt,file_modified,alert_only,high,2026-09-18 01:51:10.352611+00,2026-09-18 01:52:23.268646+00
8154cd9e-027d-413f-a3d0-0a58ac4b7a06,/srv/fim-watch/gen_00442.txt,file_modified,alert_only,high,2026-09-18 01:51:10.453242+00,2026-09-18 01:52:23.285933+00
6bd053ea-084d-4804-b425-1153d374b964,/srv/fim-watch/critico/gen_00509.txt,file_modified,alert_only,critical,2026-09-18 01:51:10.553245+00,2026-09-18 01:52:23.303612+00
1162a14e-e186-411c-9276-3d23404c71c6,/srv/fim-watch/gen_00358.txt,file_modified,alert_only,high,2026-09-18 01:51:10.652613+00,2026-09-18 01:52:23.321186+00
82485633-f7af-40c8-936b-51eea2d597bd,/srv/fim-watch/critico/gen_00322.txt,file_modified,alert_only,critical,2026-09-18 01:51:10.752625+00,2026-09-18 01:52:23.33705+00
87ead7eb-e598-41f7-84c9-dcad36b80441,/srv/fim-watch/gen_00551.txt,file_modified,alert_only,high,2026-09-18 01:51:10.852672+00,2026-09-18 01:52:23.353849+00
34b8adb8-c27c-4f59-b90f-353a4170ddc3,/srv/fim-watch/gen_00528.txt,file_modified,alert_only,high,2026-09-18 01:51:10.953028+00,2026-09-18 01:52:23.371574+00
82aa2d8d-8505-4073-a9c2-3cab565c85a9,/srv/fim-watch/gen_00430.txt,file_deleted,alert_only,high,2026-09-18 01:51:11.052447+00,2026-09-18 01:52:23.390455+00
921810b9-f603-40ec-af3e-4273ebc293f1,/srv/fim-watch/critico/gen_00552.txt,file_modified,alert_only,critical,2026-09-18 01:51:11.152596+00,2026-09-18 01:52:23.410083+00
f7e15d23-49d6-4e5e-8ef4-5225d3d80e1e,/srv/fim-watch/gen_00364.txt,file_modified,alert_only,high,2026-09-18 01:51:11.252589+00,2026-09-18 01:52:23.428543+00
72e4efca-6942-408f-9010-ff36feb0fd82,/srv/fim-watch/gen_00364.txt,file_modified,alert_only,high,2026-09-18 01:51:11.35314+00,2026-09-18 01:52:23.449306+00
77234d8d-6bfb-479f-acb2-9e5785f4b4aa,/srv/fim-watch/gen_00553.txt,file_modified,alert_only,high,2026-09-18 01:51:11.452689+00,2026-09-18 01:52:23.468218+00
f12ad4a3-205f-4be2-a4e7-5c6972dee024,/srv/fim-watch/gen_00477.txt,file_deleted,alert_only,high,2026-09-18 01:51:11.552517+00,2026-09-18 01:52:23.487902+00
934745b4-0c85-49f4-ab45-fdf910e6315f,/srv/fim-watch/gen_00266.txt,file_modified,alert_only,high,2026-09-18 01:51:11.652415+00,2026-09-18 01:52:23.506943+00
40e9bf37-2f34-405c-8f30-7297c5ebabb2,/srv/fim-watch/gen_00266.txt,file_modified,alert_only,high,2026-09-18 01:51:11.753066+00,2026-09-18 01:52:23.526806+00
6d92d3fd-7366-4df0-bb8a-943228fea9bd,/srv/fim-watch/gen_00266.txt,file_modified,alert_only,high,2026-09-18 01:51:11.853071+00,2026-09-18 01:52:23.545154+00
f6e5c88e-6e7d-46da-aa84-ddd09eb323d9,/srv/fim-watch/gen_00266.txt,file_modified,alert_only,high,2026-09-18 01:51:11.95261+00,2026-09-18 01:52:23.56301+00
134ce5de-7b2b-4f2c-8f41-f7dd326da3a6,/srv/fim-watch/gen_00266.txt,file_modified,alert_only,high,2026-09-18 01:51:12.053047+00,2026-09-18 01:52:23.592093+00
27d141f2-ce5a-4e7d-87aa-db21a690b7ab,/srv/fim-watch/gen_00196.txt,file_deleted,alert_only,high,2026-09-18 01:51:12.152743+00,2026-09-18 01:52:23.599239+00
078b4386-a96d-452e-830a-e39b83542ec2,/srv/fim-watch/gen_00554.txt,file_modified,alert_only,high,2026-09-18 01:51:12.2531+00,2026-09-18 01:52:23.619704+00
7ffbdef9-705a-4966-a009-ad016039498f,/srv/fim-watch/gen_00526.txt,file_modified,alert_only,high,2026-09-18 01:51:12.352593+00,2026-09-18 01:52:23.637499+00
2a287f15-6f26-41b5-8904-261df67b2bdd,/srv/fim-watch/critico/gen_00262.txt,file_modified,alert_only,critical,2026-09-18 01:51:12.552906+00,2026-09-18 01:52:23.65506+00
d0f70446-30b9-4b1d-9f16-6870f4dce8a4,/srv/fim-watch/critico/gen_00392.txt,file_modified,alert_only,critical,2026-09-18 01:51:12.652479+00,2026-09-18 01:52:23.672744+00
3f397e45-a91c-4618-98da-b8740f3eb60c,/srv/fim-watch/gen_00494.txt,file_modified,alert_only,high,2026-09-18 01:51:12.752625+00,2026-09-18 01:52:23.691753+00
cc68f472-0c2a-43ed-9fa7-3951b61e1bd9,/srv/fim-watch/gen_00494.txt,file_modified,alert_only,high,2026-09-18 01:51:12.853043+00,2026-09-18 01:52:23.711709+00
dcdeb585-077d-4f03-8797-416dbe4db769,/srv/fim-watch/gen_00234.txt,file_modified,alert_only,high,2026-09-18 01:51:12.952789+00,2026-09-18 01:52:23.731539+00
7d6caf02-31e1-49ba-9a90-7816e8b0eaa6,/srv/fim-watch/gen_00293.txt,file_modified,alert_only,high,2026-09-18 01:51:13.052833+00,2026-09-18 01:52:23.753062+00
3641c5ee-b5ca-4eac-8617-a995a2b0e0f0,/srv/fim-watch/critico/gen_00502.txt,file_modified,alert_only,critical,2026-09-18 01:51:13.153236+00,2026-09-18 01:52:23.775399+00
4124b684-ad27-4efd-9526-74f1e47ae6b0,/srv/fim-watch/gen_00234.txt,file_modified,alert_only,high,2026-09-18 01:51:13.252358+00,2026-09-18 01:52:23.794834+00
47014f5d-7653-45df-a237-13f8636163f0,/srv/fim-watch/gen_00234.txt,file_modified,alert_only,high,2026-09-18 01:51:13.352773+00,2026-09-18 01:52:23.813066+00
4aab2f58-045c-4add-9620-0cebc52e8168,/srv/fim-watch/gen_00234.txt,file_modified,alert_only,high,2026-09-18 01:51:13.45279+00,2026-09-18 01:52:23.83173+00
7ee0c98d-0803-4158-a75c-8bbc57742de2,/srv/fim-watch/gen_00234.txt,file_modified,alert_only,high,2026-09-18 01:51:13.552419+00,2026-09-18 01:52:23.851789+00
0b3d06a7-29b9-4562-9b89-22a1e3e8557d,/srv/fim-watch/gen_00234.txt,file_modified,alert_only,high,2026-09-18 01:51:13.652582+00,2026-09-18 01:52:23.872102+00
87804350-f4a0-49ef-a76d-c91d4a66b63f,/srv/fim-watch/critico/gen_00351.txt,file_modified,alert_only,critical,2026-09-18 01:51:13.752809+00,2026-09-18 01:52:23.891497+00
7af9096b-93b7-4911-888a-fa52dd2ed934,/srv/fim-watch/gen_00555.txt,file_modified,alert_only,high,2026-09-18 01:51:13.852579+00,2026-09-18 01:52:23.910416+00
d93445b8-6621-4f51-b8be-6d3b68b19668,/srv/fim-watch/gen_00555.txt,file_deleted,alert_only,high,2026-09-18 01:51:13.953046+00,2026-09-18 01:52:23.9274+00
3cfce750-b736-441e-ab2e-f6ee821d61e6,/srv/fim-watch/gen_00290.txt,file_modified,alert_only,high,2026-09-18 01:51:14.05259+00,2026-09-18 01:52:23.944313+00
8d70c77c-039c-4afc-bb1c-e106b642db27,/srv/fim-watch/gen_00470.txt,file_modified,alert_only,high,2026-09-18 01:51:14.15423+00,2026-09-18 01:52:23.960903+00
45cc8c70-03c5-456b-a134-72c7bbdbef27,/srv/fim-watch/gen_00470.txt,file_modified,alert_only,high,2026-09-18 01:51:14.252906+00,2026-09-18 01:52:23.978601+00
89c5003e-3e8f-4713-b2f4-6f0ae08f43b7,/srv/fim-watch/gen_00441.txt,file_modified,alert_only,high,2026-09-18 01:51:14.353384+00,2026-09-18 01:52:23.996523+00
7c9816bd-6d0d-4ded-b160-fe69d9c452e4,/srv/fim-watch/gen_00494.txt,file_modified,alert_only,high,2026-09-18 01:51:14.452677+00,2026-09-18 01:52:24.014351+00
1e497dab-28c0-4394-ad35-59f019cc4319,/srv/fim-watch/gen_00384.txt,file_modified,alert_only,high,2026-09-18 01:51:14.552794+00,2026-09-18 01:52:24.032492+00
501af0ca-1eb9-4e39-a9e6-f4d427ce2708,/srv/fim-watch/gen_00285.txt,file_modified,alert_only,high,2026-09-18 01:51:14.652609+00,2026-09-18 01:52:24.050909+00
7154c749-99c0-490c-b39f-9d35571321bb,/srv/fim-watch/gen_00446.txt,file_modified,alert_only,high,2026-09-18 01:51:14.752468+00,2026-09-18 01:52:24.067378+00
81e73152-8c70-4173-bc12-0bf07ca5840f,/srv/fim-watch/gen_00108.txt,file_deleted,alert_only,high,2026-09-18 01:51:14.851666+00,2026-09-18 01:52:24.085704+00
43abc6c3-1f62-49c8-ab2b-1489822cd6fc,/srv/fim-watch/critico/gen_00556.txt,file_modified,alert_only,critical,2026-09-18 01:51:14.952667+00,2026-09-18 01:52:24.103055+00
df08a5ed-def0-404c-b068-aeb2a21a3129,/srv/fim-watch/gen_00470.txt,file_modified,alert_only,high,2026-09-18 01:51:15.051724+00,2026-09-18 01:52:24.120344+00
809404f2-283b-4564-9c0a-fd07545e0dea,/srv/fim-watch/gen_00557.txt,file_modified,alert_only,high,2026-09-18 01:51:15.152755+00,2026-09-18 01:52:24.140699+00
ce7ea77f-2e83-498e-a47b-39d89eeb0ebb,/srv/fim-watch/critico/gen_00061.txt,file_modified,alert_only,critical,2026-09-18 01:51:15.252612+00,2026-09-18 01:52:24.158887+00
602b7c58-b3be-4e4f-ab66-33b7f43e8995,/srv/fim-watch/gen_00320.txt,file_deleted,alert_only,high,2026-09-18 01:51:15.352526+00,2026-09-18 01:52:24.176648+00
c18dd4e4-1312-401a-9605-72c7d129e0eb,/srv/fim-watch/gen_00500.txt,file_deleted,alert_only,high,2026-09-18 01:51:15.452691+00,2026-09-18 01:52:24.194228+00
db34f1b3-00f7-49d6-b338-94ec4f7fe078,/srv/fim-watch/critico/gen_00347.txt,file_modified,alert_only,critical,2026-09-18 01:51:15.552357+00,2026-09-18 01:52:24.21241+00
d3b3ff32-caea-45d8-b458-dbf461b17620,/srv/fim-watch/critico/gen_00347.txt,file_modified,alert_only,critical,2026-09-18 01:51:15.652708+00,2026-09-18 01:52:24.23163+00
959f839a-538b-4684-8368-5bb15dcc6b1c,/srv/fim-watch/critico/gen_00502.txt,file_modified,alert_only,critical,2026-09-18 01:51:15.753279+00,2026-09-18 01:52:24.250876+00
9d7e0ee1-5e5d-46e5-9471-85f2fe70c525,/srv/fim-watch/gen_00417.txt,file_modified,alert_only,high,2026-09-18 01:51:15.853316+00,2026-09-18 01:52:24.269202+00
23ca960e-71b8-4f61-9a11-5a387aa1962e,/srv/fim-watch/gen_00417.txt,file_modified,alert_only,high,2026-09-18 01:51:15.952927+00,2026-09-18 01:52:24.285971+00
31356270-b3d1-4e6e-8179-d03d0e78ca83,/srv/fim-watch/gen_00188.txt,file_modified,alert_only,high,2026-09-18 01:51:16.053064+00,2026-09-18 01:52:24.301924+00
a74dce7a-8e85-4cf1-9251-6b5ab2c6bfd0,/srv/fim-watch/gen_00142.txt,file_modified,alert_only,high,2026-09-18 01:51:16.153106+00,2026-09-18 01:52:24.318754+00
7f0b7e65-0bf6-42ce-9d34-c5e4f6e1af20,/srv/fim-watch/gen_00558.txt,file_modified,alert_only,high,2026-09-18 01:51:16.253185+00,2026-09-18 01:52:24.335497+00
c251d3b1-07ba-469d-bbdd-bb56f998cfe2,/srv/fim-watch/gen_00559.txt,file_modified,alert_only,high,2026-09-18 01:51:16.352266+00,2026-09-18 01:52:24.351498+00
354de291-ccba-4c8c-8772-3b84df191c34,/srv/fim-watch/gen_00559.txt,file_deleted,alert_only,high,2026-09-18 01:51:16.452715+00,2026-09-18 01:52:24.368232+00
87f96b63-7751-4e16-853e-4861403db26e,/srv/fim-watch/gen_00377.txt,file_modified,alert_only,high,2026-09-18 01:51:16.553267+00,2026-09-18 01:52:24.384338+00
3bfe7ffc-0ed4-4263-9470-8757f854141c,/srv/fim-watch/gen_00521.txt,file_modified,alert_only,high,2026-09-18 01:51:16.65218+00,2026-09-18 01:52:24.400207+00
f522fb11-5462-4181-b20c-b1e6fdb9d8e1,/srv/fim-watch/critico/gen_00272.txt,file_modified,alert_only,critical,2026-09-18 01:51:16.752948+00,2026-09-18 01:52:24.416316+00
fb50aac0-5e04-49fe-8c63-a1d15e6b1876,/srv/fim-watch/gen_00560.txt,file_modified,alert_only,high,2026-09-18 01:51:16.853194+00,2026-09-18 01:52:24.432198+00
e75a9b61-7a6b-42ec-91c8-9804c7920bf8,/srv/fim-watch/gen_00561.txt,file_modified,alert_only,high,2026-09-18 01:51:16.953491+00,2026-09-18 01:52:24.448237+00
12ea02a1-1e43-4d46-a6dc-b4c551b45e41,/srv/fim-watch/gen_00561.txt,file_deleted,alert_only,high,2026-09-18 01:51:17.053171+00,2026-09-18 01:52:24.466652+00
3bbb7dfa-8458-4e3a-8a85-9fd82e461612,/srv/fim-watch/critico/gen_00562.txt,file_modified,alert_only,critical,2026-09-18 01:51:17.153293+00,2026-09-18 01:52:24.487602+00
fdf8b657-88e8-4231-8778-c254694d3d13,/srv/fim-watch/gen_00563.txt,file_modified,alert_only,high,2026-09-18 01:51:17.253346+00,2026-09-18 01:52:24.493197+00
cfc94ab9-dd3c-45b9-bb17-eb4ae0201fa4,/srv/fim-watch/gen_00563.txt,file_deleted,alert_only,high,2026-09-18 01:51:17.353325+00,2026-09-18 01:52:24.505959+00
9f9e1f9c-594d-4b14-9805-d703706573b3,/srv/fim-watch/gen_00350.txt,file_modified,alert_only,high,2026-09-18 01:51:17.45283+00,2026-09-18 01:52:24.519555+00
623eb9ec-979b-410b-970a-d5466840433e,/srv/fim-watch/gen_00425.txt,file_modified,alert_only,high,2026-09-18 01:51:17.553477+00,2026-09-18 01:52:24.53253+00
46d8ebc7-e504-4c63-a926-855fd80fa801,/srv/fim-watch/gen_00564.txt,file_modified,alert_only,high,2026-09-18 01:51:17.652656+00,2026-09-18 01:52:24.548121+00
1e912221-e2e7-4007-84fc-eefecae39deb,/srv/fim-watch/gen_00098.txt,file_modified,alert_only,high,2026-09-18 01:51:17.752517+00,2026-09-18 01:52:24.563209+00
5d84a8a7-c0d5-417c-b1d3-10aa46aebf90,/srv/fim-watch/gen_00098.txt,file_modified,alert_only,high,2026-09-18 01:51:17.852621+00,2026-09-18 01:52:24.579272+00
d6410704-b7cf-4249-b418-a71892196459,/srv/fim-watch/gen_00139.txt,file_modified,alert_only,high,2026-09-18 01:51:17.953097+00,2026-09-18 01:52:24.596596+00
c736f42c-7b8c-496f-bd5a-d711505da0f6,/srv/fim-watch/gen_00268.txt,file_modified,alert_only,high,2026-09-18 01:51:18.053116+00,2026-09-18 01:52:24.612279+00
c3ea9e96-c321-4cde-932a-84f3d9b52ee3,/srv/fim-watch/critico/gen_00565.txt,file_modified,alert_only,critical,2026-09-18 01:51:18.153056+00,2026-09-18 01:52:24.629398+00
9817959b-3c8c-45b4-9a2a-9d101910e497,/srv/fim-watch/gen_00540.txt,file_deleted,alert_only,high,2026-09-18 01:51:18.252652+00,2026-09-18 01:52:24.646656+00
1ca60cb4-8359-49a9-968f-08457981d54d,/srv/fim-watch/critico/gen_00361.txt,file_modified,alert_only,critical,2026-09-18 01:51:18.352986+00,2026-09-18 01:52:24.664188+00
6572fd49-3d0b-4de3-be31-04fb6afc1d4c,/srv/fim-watch/gen_00543.txt,file_modified,alert_only,high,2026-09-18 01:51:18.453238+00,2026-09-18 01:52:24.683336+00
12e15598-e260-4546-b368-0875d3d78c47,/srv/fim-watch/gen_00517.txt,file_modified,alert_only,high,2026-09-18 01:51:18.552794+00,2026-09-18 01:52:24.70156+00
8e0c3e83-d704-4636-bbd1-80d5113ec661,/srv/fim-watch/gen_00525.txt,file_deleted,alert_only,high,2026-09-18 01:51:18.6521+00,2026-09-18 01:52:24.719618+00
d8904845-b3a3-41f8-8800-224033f3793c,/srv/fim-watch/gen_00219.txt,file_modified,alert_only,high,2026-09-18 01:51:18.752813+00,2026-09-18 01:52:24.737333+00
20ef6f50-54ec-441a-a630-6acb78cb791a,/srv/fim-watch/gen_00566.txt,file_modified,alert_only,high,2026-09-18 01:51:18.852922+00,2026-09-18 01:52:24.754914+00
dec3f01c-7a63-4857-b4fc-66fb45834cd8,/srv/fim-watch/critico/gen_00209.txt,file_deleted,alert_only,critical,2026-09-18 01:51:18.953248+00,2026-09-18 01:52:24.773438+00
254d2bc1-e85a-4b93-bdb1-8bb7ee1cd85f,/srv/fim-watch/gen_00203.txt,file_modified,alert_only,high,2026-09-18 01:51:19.053411+00,2026-09-18 01:52:24.792544+00
9d1c357a-b45e-4709-b3de-3369a3dddf3a,/srv/fim-watch/critico/gen_00392.txt,file_modified,alert_only,critical,2026-09-18 01:51:19.153363+00,2026-09-18 01:52:24.810617+00
b90f67f2-3604-499b-942e-0131b985e7a1,/srv/fim-watch/gen_00384.txt,file_modified,alert_only,high,2026-09-18 01:51:19.353251+00,2026-09-18 01:52:24.827537+00
163f5e4a-303e-44ba-9aef-eb0fc356bcd3,/srv/fim-watch/gen_00395.txt,file_deleted,alert_only,high,2026-09-18 01:51:19.453103+00,2026-09-18 01:52:24.844162+00
1d491a40-b0e0-4ccf-a810-41d36a379391,/srv/fim-watch/critico/gen_00414.txt,file_modified,alert_only,critical,2026-09-18 01:51:19.553508+00,2026-09-18 01:52:24.860821+00
7b94c62e-7b18-469e-b2cd-f684dbfff4b9,/srv/fim-watch/gen_00406.txt,file_modified,alert_only,high,2026-09-18 01:51:19.653466+00,2026-09-18 01:52:24.878001+00
f6590930-b70c-4a11-8cd4-2bad6261bc85,/srv/fim-watch/gen_00115.txt,file_modified,alert_only,high,2026-09-18 01:51:19.852572+00,2026-09-18 01:52:24.895113+00
5fc81f18-2cbf-4d67-a1cb-5962a2e48fd3,/srv/fim-watch/gen_00115.txt,file_modified,alert_only,high,2026-09-18 01:51:19.953509+00,2026-09-18 01:52:24.912278+00
2161d4c3-9288-4a90-b882-342ebf543a4b,/srv/fim-watch/gen_00115.txt,file_modified,alert_only,high,2026-09-18 01:51:20.053437+00,2026-09-18 01:52:24.928853+00
0db2dd08-6776-478f-882a-d8d9161a9741,/srv/fim-watch/gen_00115.txt,file_modified,alert_only,high,2026-09-18 01:51:20.153019+00,2026-09-18 01:52:24.944072+00
12da3a29-b94f-48c5-9437-6c7aa70234e8,/srv/fim-watch/gen_00115.txt,file_modified,alert_only,high,2026-09-18 01:51:20.253398+00,2026-09-18 01:52:24.959861+00
4bfec653-bd3b-42da-aa48-fc3893ef8bfa,/srv/fim-watch/gen_00418.txt,file_modified,alert_only,high,2026-09-18 01:51:20.353326+00,2026-09-18 01:52:24.976408+00
b1150275-b9eb-4703-9a68-f1e5871e404a,/srv/fim-watch/gen_00418.txt,file_modified,alert_only,high,2026-09-18 01:51:20.453471+00,2026-09-18 01:52:24.992362+00
e7fa5131-d525-4dc8-b1b2-7bc5888be8d5,/srv/fim-watch/gen_00418.txt,file_modified,alert_only,high,2026-09-18 01:51:20.553334+00,2026-09-18 01:52:25.009216+00
8fa208c5-2a3f-4e5a-bf80-01e4d4a05d08,/srv/fim-watch/gen_00418.txt,file_modified,alert_only,high,2026-09-18 01:51:20.653191+00,2026-09-18 01:52:25.026988+00
427f5617-fe3f-40a6-847f-c83fb64f2f15,/srv/fim-watch/gen_00418.txt,file_modified,alert_only,high,2026-09-18 01:51:20.752972+00,2026-09-18 01:52:25.043467+00
93803ac6-b4bc-4d7e-a6d7-3feaeac7cf93,/srv/fim-watch/gen_00458.txt,file_modified,alert_only,high,2026-09-18 01:51:20.852616+00,2026-09-18 01:52:25.060284+00
7a02a2c4-5467-4b6f-9deb-912fcf9794a4,/srv/fim-watch/gen_00311.txt,file_deleted,alert_only,high,2026-09-18 01:51:20.952645+00,2026-09-18 01:52:25.0783+00
72ab04c5-ff63-4c7e-b5ca-eaf6aca19fef,/srv/fim-watch/gen_00536.txt,file_modified,alert_only,high,2026-09-18 01:51:21.053359+00,2026-09-18 01:52:25.098179+00
886eb144-dd2f-440b-8091-8ad13a290138,/srv/fim-watch/gen_00481.txt,file_modified,alert_only,high,2026-09-18 01:51:21.152977+00,2026-09-18 01:52:25.117437+00
f90d2045-634a-47d9-84c8-3594fea8d7da,/srv/fim-watch/gen_00569.txt,file_modified,alert_only,high,2026-09-18 01:51:21.252421+00,2026-09-18 01:52:25.137871+00
09bfde7c-7b37-47f2-8d8f-9d000903e941,/srv/fim-watch/gen_00250.txt,file_modified,alert_only,high,2026-09-18 01:51:21.352423+00,2026-09-18 01:52:25.155704+00
59540434-763b-46e4-bf84-e27924bec2f2,/srv/fim-watch/gen_00403.txt,file_modified,alert_only,high,2026-09-18 01:51:21.452571+00,2026-09-18 01:52:25.171839+00
562dc64e-70b6-4ccf-8038-885e9e1b21aa,/srv/fim-watch/gen_00513.txt,file_modified,alert_only,high,2026-09-18 01:51:21.552881+00,2026-09-18 01:52:25.188693+00
2c94947f-4898-4f35-8436-e463bedfd45e,/srv/fim-watch/gen_00226.txt,file_modified,alert_only,high,2026-09-18 01:51:21.652646+00,2026-09-18 01:52:25.203982+00
43cb244b-0d61-4208-bdde-2b5cc4f79cb3,/srv/fim-watch/gen_00539.txt,file_deleted,alert_only,high,2026-09-18 01:51:21.752395+00,2026-09-18 01:52:25.219526+00
15a10e7f-4bb9-42ce-a1b5-8d4f9a13c753,/srv/fim-watch/gen_00472.txt,file_modified,alert_only,high,2026-09-18 01:51:21.953531+00,2026-09-18 01:52:25.234808+00
56082383-13a6-4350-bba3-b7b4ddb8cc4e,/srv/fim-watch/gen_00507.txt,file_deleted,alert_only,high,2026-09-18 01:51:22.052526+00,2026-09-18 01:52:25.250265+00
735ba6bc-7fae-4701-a0aa-cf62d02cbc4c,/srv/fim-watch/gen_00554.txt,file_modified,alert_only,high,2026-09-18 01:51:22.152502+00,2026-09-18 01:52:25.265507+00
441828f5-23bd-4d94-bb06-6566260af17e,/srv/fim-watch/gen_00554.txt,file_modified,alert_only,high,2026-09-18 01:51:22.252716+00,2026-09-18 01:52:25.280577+00
5067adf1-84e2-4bb9-a181-4b6ed052d5c2,/srv/fim-watch/gen_00501.txt,file_modified,alert_only,high,2026-09-18 01:51:22.353354+00,2026-09-18 01:52:25.296106+00
5a391037-8b28-4234-a190-6de471e738fb,/srv/fim-watch/gen_00571.txt,file_modified,alert_only,high,2026-09-18 01:51:22.452624+00,2026-09-18 01:52:25.32183+00
b611e4f8-f3eb-40aa-bbc8-9450e7f299d4,/srv/fim-watch/gen_00126.txt,file_modified,alert_only,high,2026-09-18 01:51:22.552653+00,2026-09-18 01:52:25.327928+00
3b848d5b-413b-4086-8ba1-4e6bc21479f8,/srv/fim-watch/gen_00126.txt,file_modified,alert_only,high,2026-09-18 01:51:22.652623+00,2026-09-18 01:52:25.344227+00
6ba5bd2c-6c4a-46d4-ba4d-fbc9ea6b9bf6,/srv/fim-watch/gen_00126.txt,file_modified,alert_only,high,2026-09-18 01:51:22.753035+00,2026-09-18 01:52:25.359168+00
0a4356ea-dcc3-42f7-b3f2-20b7078578b9,/srv/fim-watch/gen_00126.txt,file_modified,alert_only,high,2026-09-18 01:51:22.852485+00,2026-09-18 01:52:25.374633+00
af38d498-64b6-4719-be9e-26acdbacc28e,/srv/fim-watch/gen_00126.txt,file_modified,alert_only,high,2026-09-18 01:51:22.95346+00,2026-09-18 01:52:25.390987+00
128a18a6-99e3-4620-9b4b-f50a0c89820c,/srv/fim-watch/gen_00481.txt,file_modified,alert_only,high,2026-09-18 01:51:23.053147+00,2026-09-18 01:52:25.407071+00
023a5423-14f2-42d2-a861-02a1e5a1323f,/srv/fim-watch/gen_00545.txt,file_deleted,alert_only,high,2026-09-18 01:51:23.152495+00,2026-09-18 01:52:25.422787+00
a4ce4382-ace7-4690-b871-99b3ef6fd3b7,/srv/fim-watch/gen_00479.txt,file_modified,alert_only,high,2026-09-18 01:51:23.252762+00,2026-09-18 01:52:25.438685+00
ac65856f-a5d8-49d1-8845-8fcf352d7413,/srv/fim-watch/gen_00277.txt,file_deleted,alert_only,high,2026-09-18 01:51:23.352951+00,2026-09-18 01:52:25.453829+00
9c5b8604-64da-4c1e-8505-b7a6376892d0,/srv/fim-watch/gen_00503.txt,file_modified,alert_only,high,2026-09-18 01:51:23.452576+00,2026-09-18 01:52:25.46927+00
28f80ead-5c25-4696-b253-13aab776d2e8,/srv/fim-watch/gen_00572.txt,file_modified,alert_only,high,2026-09-18 01:51:23.552966+00,2026-09-18 01:52:25.484632+00
86715643-e9fe-4eb2-92a0-4b9059747dd1,/srv/fim-watch/gen_00572.txt,file_deleted,alert_only,high,2026-09-18 01:51:23.652731+00,2026-09-18 01:52:25.500114+00
55163968-c513-458b-9db9-81d78ab2c24f,/srv/fim-watch/critico/gen_00392.txt,file_modified,alert_only,critical,2026-09-18 01:51:23.752522+00,2026-09-18 01:52:28.901603+00
3065b873-a7e8-46a7-bae7-7c679c65a503,/srv/fim-watch/critico/gen_00392.txt,file_modified,alert_only,critical,2026-09-18 01:51:23.853253+00,2026-09-18 01:52:28.935835+00
6bcffae7-813b-48c5-aa4a-20e83a17647f,/srv/fim-watch/gen_00098.txt,file_modified,alert_only,high,2026-09-18 01:51:23.953196+00,2026-09-18 01:52:28.970684+00
5acaa7c1-3b5e-4a31-9daa-da13f063b11b,/srv/fim-watch/gen_00284.txt,file_modified,alert_only,high,2026-09-18 01:51:24.052571+00,2026-09-18 01:52:28.986065+00
47dbe70c-c444-4461-bb83-8fa311bea2cd,/srv/fim-watch/gen_00573.txt,file_modified,alert_only,high,2026-09-18 01:51:24.153226+00,2026-09-18 01:52:29.01882+00
0f8100b5-1304-4ef9-9d19-aab05555185c,/srv/fim-watch/critico/gen_00437.txt,file_modified,alert_only,critical,2026-09-18 01:51:24.253038+00,2026-09-18 01:52:29.042239+00
02bcf82d-ca9d-42e8-80aa-37d45fbd5541,/srv/fim-watch/gen_00290.txt,file_modified,alert_only,high,2026-09-18 01:51:24.353107+00,2026-09-18 01:52:29.068368+00
d9f18e8e-87d1-4206-a91a-fc210ab365fe,/srv/fim-watch/critico/gen_00574.txt,file_modified,alert_only,critical,2026-09-18 01:51:24.453133+00,2026-09-18 01:52:29.076795+00
88081bd5-2106-4e62-93dd-5667ae3d3aa7,/srv/fim-watch/critico/gen_00556.txt,file_modified,alert_only,critical,2026-09-18 01:51:24.553271+00,2026-09-18 01:52:29.092934+00
c4a0629d-5a75-4c28-bbbe-304c2d1f9bcf,/srv/fim-watch/gen_00195.txt,file_modified,alert_only,high,2026-09-18 01:51:24.653206+00,2026-09-18 01:52:29.108728+00
dc2d10fb-d7cb-4bb7-ad3d-e114318f8cbf,/srv/fim-watch/gen_00575.txt,file_modified,alert_only,high,2026-09-18 01:51:24.753025+00,2026-09-18 01:52:29.124424+00
a42dfa9a-943f-46b2-8dbd-baefa2421b5b,/srv/fim-watch/gen_00558.txt,file_deleted,alert_only,high,2026-09-18 01:51:24.853231+00,2026-09-18 01:52:29.14025+00
849d8f04-ffbb-4abc-b5ef-de9b2c6d8b82,/srv/fim-watch/gen_00400.txt,file_modified,alert_only,high,2026-09-18 01:51:24.953198+00,2026-09-18 01:52:29.155137+00
567a2508-093b-46fc-aa59-a4fa22e98b6c,/srv/fim-watch/gen_00576.txt,file_modified,alert_only,high,2026-09-18 01:51:25.053158+00,2026-09-18 01:52:29.16981+00
61f0fde6-4823-45f7-86a8-9e830b58d19f,/srv/fim-watch/gen_00467.txt,file_modified,alert_only,high,2026-09-18 01:51:25.153554+00,2026-09-18 01:52:29.184781+00
bf0b6b9a-04ea-4da0-baf4-02c5e5919b43,/srv/fim-watch/gen_00495.txt,file_modified,alert_only,high,2026-09-18 01:51:25.253062+00,2026-09-18 01:52:29.199726+00
c91332f2-c431-4825-bd30-0ddd8c02c8fb,/srv/fim-watch/critico/gen_00532.txt,file_modified,alert_only,critical,2026-09-18 01:51:25.35313+00,2026-09-18 01:52:29.214316+00
31380812-2496-41cd-a9b8-8fe6b237095e,/srv/fim-watch/gen_00098.txt,file_modified,alert_only,high,2026-09-18 01:51:25.453197+00,2026-09-18 01:52:29.229242+00
a428cc1d-24dc-4402-ace0-9f1771b15e6a,/srv/fim-watch/gen_00098.txt,file_modified,alert_only,high,2026-09-18 01:51:25.552571+00,2026-09-18 01:52:29.243864+00
fb8aef1f-7601-4199-9bc7-047ce6f83796,/srv/fim-watch/gen_00480.txt,file_modified,alert_only,high,2026-09-18 01:51:25.652517+00,2026-09-18 01:52:29.259357+00
af7a0b69-c750-4e00-a4f6-f0a3580e0036,/srv/fim-watch/gen_00452.txt,file_modified,alert_only,high,2026-09-18 01:51:25.75278+00,2026-09-18 01:52:29.286925+00
e7a0b816-019f-4a43-85d0-5aa41df7a6a4,/srv/fim-watch/gen_00402.txt,file_modified,alert_only,high,2026-09-18 01:51:25.853002+00,2026-09-18 01:52:29.29409+00
43b24883-7e19-42e0-bbba-35f9474ec439,/srv/fim-watch/gen_00152.txt,file_modified,alert_only,high,2026-09-18 01:51:25.952844+00,2026-09-18 01:52:29.310909+00
5df2cea0-6f2b-4d7e-b12a-2cd04ccec42b,/srv/fim-watch/critico/gen_00530.txt,file_modified,alert_only,critical,2026-09-18 01:51:26.053197+00,2026-09-18 01:52:29.327656+00
c2a8bf0a-1adb-49aa-a8fa-21f52c01c8fd,/srv/fim-watch/critico/gen_00322.txt,file_modified,alert_only,critical,2026-09-18 01:51:26.153362+00,2026-09-18 01:52:29.344175+00
0a3a0bc0-a662-45d1-a95c-0815306148a0,/srv/fim-watch/gen_00577.txt,file_modified,alert_only,high,2026-09-18 01:51:26.252994+00,2026-09-18 01:52:29.361218+00
8dc4b9a3-2793-4816-be0b-b18386eda930,/srv/fim-watch/critico/gen_00579.txt,file_modified,alert_only,critical,2026-09-18 01:51:26.453037+00,2026-09-18 01:52:29.37766+00
b2d7b3c4-e8ec-484e-b8ed-7d2f1159dda2,/srv/fim-watch/gen_00385.txt,file_modified,alert_only,high,2026-09-18 01:51:26.553534+00,2026-09-18 01:52:29.394235+00
594190fc-c3e6-47c8-b024-90d2e45045cd,/srv/fim-watch/gen_00385.txt,file_modified,alert_only,high,2026-09-18 01:51:26.653265+00,2026-09-18 01:52:29.410358+00
1d705776-8ddf-4f5e-a30d-ce6dcf8bf9aa,/srv/fim-watch/gen_00385.txt,file_modified,alert_only,high,2026-09-18 01:51:26.752275+00,2026-09-18 01:52:29.426278+00
9103797d-997e-4543-9f29-0a24ad65cb08,/srv/fim-watch/gen_00385.txt,file_modified,alert_only,high,2026-09-18 01:51:26.853163+00,2026-09-18 01:52:29.442648+00
a2b016b6-8531-4403-935d-21b92ee00b21,/srv/fim-watch/gen_00385.txt,file_modified,alert_only,high,2026-09-18 01:51:26.953375+00,2026-09-18 01:52:29.459412+00
e86b52c9-5554-4807-ac1e-eef65b18d60d,/srv/fim-watch/gen_00473.txt,file_modified,alert_only,high,2026-09-18 01:51:27.053357+00,2026-09-18 01:52:29.47612+00
80879d3b-d1d3-4bb3-bfca-76e3c3d0b22e,/srv/fim-watch/gen_00580.txt,file_modified,alert_only,high,2026-09-18 01:51:27.152131+00,2026-09-18 01:52:29.492976+00
6c538865-dafb-442d-834b-9000ec13a9a9,/srv/fim-watch/gen_00577.txt,file_modified,alert_only,high,2026-09-18 01:51:27.251703+00,2026-09-18 01:52:29.509839+00
cb837067-b405-461f-bab8-9685587d1ae9,/srv/fim-watch/gen_00577.txt,file_modified,alert_only,high,2026-09-18 01:51:27.352935+00,2026-09-18 01:52:29.527049+00
4cc1c822-d421-4b4d-ac47-498330a3e2c1,/srv/fim-watch/gen_00570.txt,file_modified,alert_only,high,2026-09-18 01:51:27.45273+00,2026-09-18 01:52:29.543364+00
bf070daf-93cc-4222-9f60-728f5fc1eb61,/srv/fim-watch/gen_00581.txt,file_modified,alert_only,high,2026-09-18 01:51:27.552584+00,2026-09-18 01:52:29.559622+00
d5197559-b099-4c70-877d-01075c968d1f,/srv/fim-watch/critico/gen_00392.txt,file_modified,alert_only,critical,2026-09-18 01:51:27.652587+00,2026-09-18 01:52:29.574595+00
2e973098-5bcc-424f-b721-82c94ba33913,/srv/fim-watch/critico/gen_00392.txt,file_modified,alert_only,critical,2026-09-18 01:51:27.752879+00,2026-09-18 01:52:29.58935+00
7f5a07dd-36b4-436b-b80a-0eb766107c23,/srv/fim-watch/critico/gen_00392.txt,file_modified,alert_only,critical,2026-09-18 01:51:27.851833+00,2026-09-18 01:52:29.60324+00
968fdc52-7861-49f8-b81f-6371111d6566,/srv/fim-watch/critico/gen_00392.txt,file_modified,alert_only,critical,2026-09-18 01:51:27.952948+00,2026-09-18 01:52:29.617082+00
8dd58397-f91d-47e3-8745-d3ecb793a96f,/srv/fim-watch/critico/gen_00392.txt,file_modified,alert_only,critical,2026-09-18 01:51:28.051751+00,2026-09-18 01:52:29.632812+00
32b2cd08-5ef7-4617-acc5-43c92aa5ae3e,/srv/fim-watch/gen_00582.txt,file_created,alert_only,high,2026-09-18 01:51:28.151687+00,2026-09-18 01:52:29.649974+00
8b13c173-9b08-4f81-9961-53b10bebf384,/srv/fim-watch/gen_00538.txt,file_modified,alert_only,high,2026-09-18 01:51:28.252645+00,2026-09-18 01:52:29.667012+00
5ad09727-aba6-4dfb-bf43-2ccdd12fa001,/srv/fim-watch/gen_00405.txt,file_modified,alert_only,high,2026-09-18 01:51:28.352885+00,2026-09-18 01:52:29.683994+00
998dab52-941f-4a00-9330-cbfd58f78d4a,/srv/fim-watch/gen_00583.txt,file_modified,alert_only,high,2026-09-18 01:51:28.45255+00,2026-09-18 01:52:29.701127+00
26e640e9-30c1-4e4f-a56f-952d6be1bbc5,/srv/fim-watch/gen_00583.txt,file_deleted,alert_only,high,2026-09-18 01:51:28.551812+00,2026-09-18 01:52:29.717605+00
b2ade6e0-59df-494a-9586-b3dccbb70649,/srv/fim-watch/gen_00436.txt,file_modified,alert_only,high,2026-09-18 01:51:28.652393+00,2026-09-18 01:52:29.73258+00
5f2d16a7-63e9-4f8b-9c82-c43474c5f6ce,/srv/fim-watch/gen_00584.txt,file_modified,alert_only,high,2026-09-18 01:51:28.752485+00,2026-09-18 01:52:29.747585+00
b68ccd32-b72f-447a-ac3a-19340d297f48,/srv/fim-watch/critico/gen_00437.txt,file_modified,alert_only,critical,2026-09-18 01:51:28.852932+00,2026-09-18 01:52:29.76268+00
5211b52d-3c3b-4e01-a77d-453296c3696d,/srv/fim-watch/critico/gen_00532.txt,file_modified,alert_only,critical,2026-09-18 01:51:28.952628+00,2026-09-18 01:52:34.193933+00
eb8df7d2-e161-4322-aae4-1c1f0b17bcf2,/srv/fim-watch/gen_00585.txt,file_modified,alert_only,high,2026-09-18 01:51:29.053086+00,2026-09-18 01:52:34.227297+00
991bdb45-b1fe-408d-843c-7d1c755b8537,/srv/fim-watch/gen_00570.txt,file_modified,alert_only,high,2026-09-18 01:51:29.153225+00,2026-09-18 01:52:34.259658+00
b9398849-3cd9-4b85-99fa-54b43dc8198a,/srv/fim-watch/critico/gen_00586.txt,file_modified,alert_only,critical,2026-09-18 01:51:29.252978+00,2026-09-18 01:52:34.272677+00
300170f5-bccb-4c02-9cef-bf3df74acd15,/srv/fim-watch/gen_00259.txt,file_deleted,alert_only,high,2026-09-18 01:51:29.352939+00,2026-09-18 01:52:34.301415+00
c576a12f-d755-4434-83d4-685a745e54c3,/srv/fim-watch/gen_00421.txt,file_modified,alert_only,high,2026-09-18 01:51:29.453124+00,2026-09-18 01:52:34.331954+00
2b779394-64ec-47b7-b314-ae19440b0234,/srv/fim-watch/critico/gen_00153.txt,file_modified,alert_only,critical,2026-09-18 01:51:29.552959+00,2026-09-18 01:52:34.364217+00
41887025-c27a-4d48-916e-a54966f1d9f0,/srv/fim-watch/critico/gen_00153.txt,file_modified,alert_only,critical,2026-09-18 01:51:29.653342+00,2026-09-18 01:52:34.370652+00
fdb4c6b4-5b28-4dc2-a328-7c16a926bb43,/srv/fim-watch/gen_00489.txt,file_modified,alert_only,high,2026-09-18 01:51:29.753342+00,2026-09-18 01:52:34.386148+00
0e484272-976f-4ffb-a5db-192bc6a9e9a4,/srv/fim-watch/gen_00356.txt,file_modified,alert_only,high,2026-09-18 01:51:29.853152+00,2026-09-18 01:52:34.401602+00
61a4ac39-6b3c-41e3-9042-d85794f34688,/srv/fim-watch/gen_00356.txt,file_modified,alert_only,high,2026-09-18 01:51:29.953091+00,2026-09-18 01:52:34.416942+00
341d65c8-dad4-49cd-afb6-c8dedb72007d,/srv/fim-watch/gen_00587.txt,file_modified,alert_only,high,2026-09-18 01:51:30.052371+00,2026-09-18 01:52:34.433985+00
affe583d-dd3a-45c6-a689-5b301002d942,/srv/fim-watch/gen_00493.txt,file_modified,alert_only,high,2026-09-18 01:51:30.153255+00,2026-09-18 01:52:34.451623+00
a02e6e68-04df-4a8b-bcf4-ce5dcd87bd7c,/srv/fim-watch/gen_00493.txt,file_modified,alert_only,high,2026-09-18 01:51:30.253041+00,2026-09-18 01:52:34.468645+00
74caa28d-368e-494c-8df0-6cc86e0d267d,/srv/fim-watch/gen_00550.txt,file_modified,alert_only,high,2026-09-18 01:51:30.352957+00,2026-09-18 01:52:34.485451+00
1918dc2a-ea53-400d-b906-c1606476ffcb,/srv/fim-watch/gen_00232.txt,file_modified,alert_only,high,2026-09-18 01:51:30.45279+00,2026-09-18 01:52:34.502347+00
5eb95eca-78cb-463b-9f7a-51420faae09f,/srv/fim-watch/gen_00588.txt,file_modified,alert_only,high,2026-09-18 01:51:30.553262+00,2026-09-18 01:52:34.516997+00
c4b8b156-e01c-458e-b908-a89cb7d0d872,/srv/fim-watch/gen_00326.txt,file_modified,alert_only,high,2026-09-18 01:51:30.652631+00,2026-09-18 01:52:34.531772+00
9c40d7cc-fa35-4c8f-868f-f41933ca6f60,/srv/fim-watch/gen_00386.txt,file_modified,alert_only,high,2026-09-18 01:51:30.753234+00,2026-09-18 01:52:34.546532+00
8e6a44ad-faec-492d-a317-1f0791c31d4d,/srv/fim-watch/gen_00492.txt,file_modified,alert_only,high,2026-09-18 01:51:30.853059+00,2026-09-18 01:52:34.561079+00
a1de0c82-197c-41bb-a6c1-18c742bc8569,/srv/fim-watch/gen_00589.txt,file_modified,alert_only,high,2026-09-18 01:51:30.952939+00,2026-09-18 01:52:34.575781+00
8fe5cde3-f3e3-4c33-9281-d21d446f59a8,/srv/fim-watch/critico/gen_00342.txt,file_deleted,alert_only,critical,2026-09-18 01:51:31.05301+00,2026-09-18 01:52:34.591731+00
19bf24df-5e5b-440c-b621-6e39b09d15da,/srv/fim-watch/gen_00519.txt,file_modified,alert_only,high,2026-09-18 01:51:31.152567+00,2026-09-18 01:52:34.607743+00
644196a5-21fd-478e-92ee-842d0dd7e8f1,/srv/fim-watch/gen_00125.txt,file_modified,alert_only,high,2026-09-18 01:51:31.252953+00,2026-09-18 01:52:34.622529+00
37a3e19a-d35a-4edd-a99a-00634fd66541,/srv/fim-watch/critico/gen_00304.txt,file_modified,alert_only,critical,2026-09-18 01:51:31.352815+00,2026-09-18 01:52:34.63838+00
d31912c8-98b0-428a-a414-c50773e9f341,/srv/fim-watch/critico/gen_00304.txt,file_modified,alert_only,critical,2026-09-18 01:51:31.452716+00,2026-09-18 01:52:34.655706+00
c251b4b2-1980-4193-8c06-7c087f5e56ad,/srv/fim-watch/gen_00590.txt,file_modified,alert_only,high,2026-09-18 01:51:31.552324+00,2026-09-18 01:52:34.668241+00
8f2e901c-aaba-4b71-ab4a-7cb183f84ed8,/srv/fim-watch/gen_00517.txt,file_modified,alert_only,high,2026-09-18 01:51:31.652985+00,2026-09-18 01:52:34.692554+00
b40417b1-d464-4470-9907-8ef97e702921,/srv/fim-watch/critico/gen_00565.txt,file_modified,alert_only,critical,2026-09-18 01:51:31.752198+00,2026-09-18 01:52:34.699503+00
99084a79-0b58-4325-be0b-8e7be9d16f77,/srv/fim-watch/critico/gen_00345.txt,file_deleted,alert_only,critical,2026-09-18 01:51:31.952096+00,2026-09-18 01:52:34.716538+00
b0d57096-57ea-4151-87ac-689fed77760c,/srv/fim-watch/gen_00521.txt,file_deleted,alert_only,high,2026-09-18 01:51:32.05212+00,2026-09-18 01:52:34.732835+00
9b973950-8ec7-4d1f-b6df-7f2495ec9a8a,/srv/fim-watch/gen_00546.txt,file_modified,alert_only,high,2026-09-18 01:51:32.152878+00,2026-09-18 01:52:34.748771+00
f41ed847-614b-4573-ac14-e48bc835d3fc,/srv/fim-watch/gen_00193.txt,file_modified,alert_only,high,2026-09-18 01:51:32.352904+00,2026-09-18 01:52:34.763647+00
eb96f080-220a-4a03-b583-23395817352d,/srv/fim-watch/gen_00470.txt,file_modified,alert_only,high,2026-09-18 01:51:32.452767+00,2026-09-18 01:52:34.778284+00
ac0b5352-931a-4daa-81a3-793154005e39,/srv/fim-watch/critico/gen_00593.txt,file_modified,alert_only,critical,2026-09-18 01:51:32.553285+00,2026-09-18 01:52:34.794669+00
c8cddb64-63a7-4365-ab76-c99c9dc71d6c,/srv/fim-watch/critico/gen_00593.txt,file_deleted,alert_only,critical,2026-09-18 01:51:32.653+00,2026-09-18 01:52:34.811095+00
ee7ba424-2537-41ca-9e46-6a2ea704cfbb,/srv/fim-watch/gen_00223.txt,file_modified,alert_only,high,2026-09-18 01:51:32.752687+00,2026-09-18 01:52:34.82775+00
d8f1150f-2ad2-4893-b6cd-211727b9b406,/srv/fim-watch/gen_00405.txt,file_modified,alert_only,high,2026-09-18 01:51:32.853132+00,2026-09-18 01:52:34.844336+00
ae9b1986-4252-48b2-a58b-c090486bd5cc,/srv/fim-watch/gen_00405.txt,file_modified,alert_only,high,2026-09-18 01:51:32.953103+00,2026-09-18 01:52:34.86061+00
d0b674d4-2e50-459d-b66e-264180ecbb0b,/srv/fim-watch/gen_00274.txt,file_modified,alert_only,high,2026-09-18 01:51:33.052642+00,2026-09-18 01:52:34.876703+00
f777b4bf-0bc5-4667-b19c-d0c76a1285e7,/srv/fim-watch/gen_00469.txt,file_modified,alert_only,high,2026-09-18 01:51:33.252882+00,2026-09-18 01:52:34.893594+00
dd1ca23f-4b67-47a7-84e4-40ad694baec9,/srv/fim-watch/gen_00358.txt,file_modified,alert_only,high,2026-09-18 01:51:33.453266+00,2026-09-18 01:52:34.911258+00
c49ea101-5ae5-4fb6-943b-5002974b99dc,/srv/fim-watch/gen_00358.txt,file_modified,alert_only,high,2026-09-18 01:51:33.553931+00,2026-09-18 01:52:34.926969+00
18dcb8e3-4b97-4dd9-a8f5-0d199818a58f,/srv/fim-watch/gen_00062.txt,file_modified,alert_only,high,2026-09-18 01:51:33.654887+00,2026-09-18 01:52:34.941621+00
794a20c4-3937-419f-a496-c3cd9f279b68,/srv/fim-watch/critico/gen_00574.txt,file_modified,alert_only,critical,2026-09-18 01:51:33.75239+00,2026-09-18 01:52:34.956338+00
5024d0ac-7374-4d1e-bb1b-4046c6ffb3eb,/srv/fim-watch/critico/gen_00574.txt,file_modified,alert_only,critical,2026-09-18 01:51:33.853044+00,2026-09-18 01:52:34.971263+00
989d0814-c2dd-4526-a74b-f27b1045927b,/srv/fim-watch/gen_00569.txt,file_modified,alert_only,high,2026-09-18 01:51:33.951975+00,2026-09-18 01:52:34.985915+00
de071190-a3f3-43d1-80c3-b887b3629109,/srv/fim-watch/gen_00352.txt,file_modified,alert_only,high,2026-09-18 01:51:34.052763+00,2026-09-18 01:52:35.000638+00
8dc5a34a-2809-4dab-9a1b-89f73b999fed,/srv/fim-watch/critico/gen_00596.txt,file_modified,alert_only,critical,2026-09-18 01:51:34.15316+00,2026-09-18 01:52:35.015355+00
8fabfbad-5b56-4946-a57e-9b38be081816,/srv/fim-watch/gen_00597.txt,file_modified,alert_only,high,2026-09-18 01:51:34.25348+00,2026-09-18 01:52:39.438204+00
0ac31238-c184-4bda-9244-3fad3bab2db9,/srv/fim-watch/gen_00448.txt,file_modified,alert_only,high,2026-09-18 01:51:34.352811+00,2026-09-18 01:52:39.465447+00
82c75d60-97c0-4554-9b65-f113f192fa62,/srv/fim-watch/critico/gen_00304.txt,file_modified,alert_only,critical,2026-09-18 01:51:34.452899+00,2026-09-18 01:52:39.474688+00
70c1d0ea-5629-4122-8022-9d1ce26a6079,/srv/fim-watch/gen_00290.txt,file_modified,alert_only,high,2026-09-18 01:51:34.552007+00,2026-09-18 01:52:39.502763+00
2b16d3a8-c617-4c0f-99a7-ac804e9c9aa2,/srv/fim-watch/critico/gen_00398.txt,file_modified,alert_only,critical,2026-09-18 01:51:34.652989+00,2026-09-18 01:52:39.508812+00
6f64eba3-a1c4-449b-b146-d333c835c813,/srv/fim-watch/critico/gen_00262.txt,file_modified,alert_only,critical,2026-09-18 01:51:34.75259+00,2026-09-18 01:52:39.526548+00
fdb0005d-418a-45c4-ab55-0d7eb6a15ab3,/srv/fim-watch/gen_00598.txt,file_modified,alert_only,high,2026-09-18 01:51:34.85259+00,2026-09-18 01:52:39.543854+00
ad027f0d-636d-4855-949b-63ec241017fb,/srv/fim-watch/critico/gen_00599.txt,file_created,alert_only,critical,2026-09-18 01:51:34.951729+00,2026-09-18 01:52:39.55916+00
9eccaeea-cfa1-4573-a8f0-8ddce83ae923,/srv/fim-watch/critico/gen_00599.txt,file_deleted,alert_only,critical,2026-09-18 01:51:35.052545+00,2026-09-18 01:52:39.575594+00
1f78b7b0-197f-4ce8-b4a4-08adf93046e5,/srv/fim-watch/gen_00356.txt,file_deleted,alert_only,high,2026-09-18 01:51:35.153009+00,2026-09-18 01:52:39.588181+00
3cfd6e91-ebba-41b7-9b3b-476d11a20925,/srv/fim-watch/gen_00418.txt,file_modified,alert_only,high,2026-09-18 01:51:35.252583+00,2026-09-18 01:52:39.601095+00
773c8710-cac5-43ed-bf5d-41569d0ae2ae,/srv/fim-watch/gen_00179.txt,file_deleted,alert_only,high,2026-09-18 01:51:35.3526+00,2026-09-18 01:52:39.614586+00
756154b4-8f4e-4317-aa4b-160090473ac7,/srv/fim-watch/gen_00403.txt,file_modified,alert_only,high,2026-09-18 01:51:35.452752+00,2026-09-18 01:52:39.629379+00
2fc1fba9-ebbb-4643-a50f-0ddf69e9b870,/srv/fim-watch/gen_00600.txt,file_modified,alert_only,high,2026-09-18 01:51:35.552648+00,2026-09-18 01:52:39.644147+00
