[2026-10-03T08:41:13.25379473Z] === Battery 5 — label=perfil ===
[2026-10-03T08:41:13.32402849Z] compose_files=docker-compose.yml docker-compose.tls.yml /home/ezequiel/fim-lab/docker-compose.mailpit.yml
[2026-10-03T08:41:13.313507843Z] ingest_rate_limit: rate_per_s=1.6666666666666667 burst=3000
[2026-10-03T08:41:13.591863935Z] legacy_RATE_LIMIT_INGEST_EVENTS='' legacy_RATE_LIMIT_INGEST_WINDOW_SECONDS=''
[2026-10-03T08:41:13.699887115Z] backend_container_id_before=e8a046fdd4bac6ecec743803c1b63fff0a51a61650ecbf67c5ca5d43a7241bce
[2026-10-03T08:41:13.739207022Z] candidate=52d916534c96009004110ce08f07ffffd6237679 tree=7e87b249c3484d3d9cb8fda46cee30527c2a32e6 tag=v5.0-tesis
[2026-10-03T08:41:14.276689263Z] initial: events=0 queue+discarded=0 0 valkey_6380=1
[2026-10-03T08:41:16.305567002Z] preflight ok: preflight=ok schema=migrar.py --verificar ok host_clock_offset_us=962 vm_clock_offset_us=1707 sink=mailpit /api/v1/info ok baseline_entries=0 rate_limit=rate_per_s=1.6666666666666667 burst=3000 variant=none valkey_appendonly=yes 
[2026-10-03T08:41:16.438538420Z] backend_inspect_pre: id=e8a046fdd4bac6ecec743803c1b63fff0a51a61650ecbf67c5ca5d43a7241bce started_at=2026-10-03T08:40:54.869567682Z restart_count=0
[2026-10-03T08:41:16.445168139Z] --- phase 1: stop Valkey (5-minute outage, service down) ---
[2026-10-03T08:41:16.457445621Z] INICIO_CORTE t=2026-10-03T08:41:16Z
[2026-10-03T08:41:17.267072087Z] valkey stopped; valkey_6380=0
[2026-10-03T08:41:17.274209075Z] --- phase 2: generate 3000 changes at 10/s over 300 s ---
========================================================================
generador_carga.py — arranque 2026-10-03T08:41:17.677726+00:00
========================================================================
  generador                    = scripts/generador_carga.py
  seed                         = 20260917
  rate_eventos_por_segundo     = 10.0
  count                        = 3000
  mix                          = {'creacion': 0.2, 'modificacion': 0.7, 'borrado': 0.1}
  revert_frac                  = 0.2
  burst_frac                   = 0.2
  burst_size                   = 5
  ephemeral_frac               = 0.2
  critical_subdir              = critico
  critical_frac                = 0.2
  file_size_bytes              = 64
  prefix                       = gen
  dir_host                     = /srv/fim-watch
  agent_prefix                 = /srv/fim-watch
  intervalo_s                  = 0.1
  duracion_estimada_s          = 299.90000000000003
  manifiesto                   = /srv/evidencia/bateria5_perfil_manifiesto.json
  log                          = /srv/evidencia/bateria5_perfil_generador.log
  dry_run                      = False
  python                       = 3.13.15
  host                         = fim-host
  plan.creaciones              = 600
  plan.modificaciones          = 2100
  plan.borrados                = 300
  plan.grupos_efimeros         = 60
  plan.pares_revertidos        = 210
  plan.rafagas                 = 84
  plan.tamano_rafaga           = 5
  plan.operaciones_planificadas = 3000
  plan.archivos_distintos      = 600
========================================================================
inicio_utc = 2026-10-03T08:41:17.682396+00:00
 [00001/3000] create simple     /srv/fim-watch/gen_00001.txt ts=2026-10-03T08:41:17.682597+00:00
 [00002/3000] modify simple     /srv/fim-watch/gen_00001.txt ts=2026-10-03T08:41:17.782990+00:00
 [00003/3000] modify revertido  /srv/fim-watch/gen_00001.txt ts=2026-10-03T08:41:17.883262+00:00
 [00004/3000] modify revertido  /srv/fim-watch/gen_00001.txt ts=2026-10-03T08:41:17.983507+00:00
 [00005/3000] modify simple     /srv/fim-watch/gen_00001.txt ts=2026-10-03T08:41:18.083046+00:00
 [00006/3000] create simple     /srv/fim-watch/gen_00002.txt ts=2026-10-03T08:41:18.183451+00:00
 [00007/3000] create simple     /srv/fim-watch/critico/gen_00003.txt ts=2026-10-03T08:41:18.283354+00:00
 [00008/3000] delete simple     /srv/fim-watch/gen_00001.txt ts=2026-10-03T08:41:18.383329+00:00
 [00009/3000] create simple     /srv/fim-watch/gen_00004.txt ts=2026-10-03T08:41:18.483063+00:00
 [00010/3000] modify simple     /srv/fim-watch/critico/gen_00003.txt ts=2026-10-03T08:41:18.583304+00:00
 [00011/3000] modify simple     /srv/fim-watch/critico/gen_00003.txt ts=2026-10-03T08:41:18.683119+00:00
 [00012/3000] modify simple     /srv/fim-watch/gen_00004.txt ts=2026-10-03T08:41:18.782989+00:00
 [00013/3000] modify simple     /srv/fim-watch/gen_00002.txt ts=2026-10-03T08:41:18.883336+00:00
 [00014/3000] modify simple     /srv/fim-watch/critico/gen_00003.txt ts=2026-10-03T08:41:18.983135+00:00
 [00015/3000] create simple     /srv/fim-watch/gen_00005.txt ts=2026-10-03T08:41:19.082893+00:00
 [00016/3000] delete simple     /srv/fim-watch/gen_00005.txt ts=2026-10-03T08:41:19.182948+00:00
 [00017/3000] create simple     /srv/fim-watch/gen_00006.txt ts=2026-10-03T08:41:19.283163+00:00
 [00018/3000] create simple     /srv/fim-watch/gen_00007.txt ts=2026-10-03T08:41:19.382996+00:00
 [00019/3000] modify simple     /srv/fim-watch/gen_00004.txt ts=2026-10-03T08:41:19.483272+00:00
 [00020/3000] modify revertido  /srv/fim-watch/critico/gen_00003.txt ts=2026-10-03T08:41:19.583270+00:00
 [00021/3000] modify revertido  /srv/fim-watch/critico/gen_00003.txt ts=2026-10-03T08:41:19.683116+00:00
 [00022/3000] modify simple     /srv/fim-watch/critico/gen_00003.txt ts=2026-10-03T08:41:19.783499+00:00
 [00023/3000] modify simple     /srv/fim-watch/gen_00006.txt ts=2026-10-03T08:41:19.883070+00:00
 [00024/3000] delete simple     /srv/fim-watch/critico/gen_00003.txt ts=2026-10-03T08:41:19.983131+00:00
 [00025/3000] modify simple     /srv/fim-watch/gen_00006.txt ts=2026-10-03T08:41:20.083118+00:00
 [00026/3000] create simple     /srv/fim-watch/gen_00008.txt ts=2026-10-03T08:41:20.183278+00:00
 [00027/3000] modify simple     /srv/fim-watch/gen_00007.txt ts=2026-10-03T08:41:20.283105+00:00
 [00028/3000] modify simple     /srv/fim-watch/gen_00007.txt ts=2026-10-03T08:41:20.383385+00:00
 [00029/3000] modify simple     /srv/fim-watch/gen_00002.txt ts=2026-10-03T08:41:20.483046+00:00
 [00030/3000] create efimero    /srv/fim-watch/gen_00009.txt ts=2026-10-03T08:41:20.583011+00:00
 [00031/3000] delete efimero    /srv/fim-watch/gen_00009.txt ts=2026-10-03T08:41:20.682948+00:00
 [00032/3000] modify simple     /srv/fim-watch/gen_00006.txt ts=2026-10-03T08:41:20.783101+00:00
 [00033/3000] modify simple     /srv/fim-watch/gen_00007.txt ts=2026-10-03T08:41:20.883289+00:00
 [00034/3000] delete simple     /srv/fim-watch/gen_00002.txt ts=2026-10-03T08:41:20.983332+00:00
 [00035/3000] create simple     /srv/fim-watch/gen_00010.txt ts=2026-10-03T08:41:21.082902+00:00
 [00036/3000] modify simple     /srv/fim-watch/gen_00010.txt ts=2026-10-03T08:41:21.183296+00:00
 [00037/3000] modify colapsado  /srv/fim-watch/gen_00004.txt ts=2026-10-03T08:41:21.283138+00:00
 [00038/3000] modify colapsado  /srv/fim-watch/gen_00004.txt ts=2026-10-03T08:41:21.383279+00:00
 [00039/3000] modify colapsado  /srv/fim-watch/gen_00004.txt ts=2026-10-03T08:41:21.483131+00:00
 [00040/3000] modify colapsado  /srv/fim-watch/gen_00004.txt ts=2026-10-03T08:41:21.583106+00:00
 [00041/3000] modify colapsado  /srv/fim-watch/gen_00004.txt ts=2026-10-03T08:41:21.683108+00:00
 [00042/3000] modify simple     /srv/fim-watch/gen_00004.txt ts=2026-10-03T08:41:21.783088+00:00
 [00043/3000] modify revertido  /srv/fim-watch/gen_00004.txt ts=2026-10-03T08:41:21.883255+00:00
 [00044/3000] modify revertido  /srv/fim-watch/gen_00004.txt ts=2026-10-03T08:41:21.983099+00:00
 [00045/3000] modify simple     /srv/fim-watch/gen_00004.txt ts=2026-10-03T08:41:22.083468+00:00
 [00046/3000] modify simple     /srv/fim-watch/gen_00004.txt ts=2026-10-03T08:41:22.183282+00:00
 [00047/3000] modify simple     /srv/fim-watch/gen_00004.txt ts=2026-10-03T08:41:22.283500+00:00
 [00048/3000] create simple     /srv/fim-watch/gen_00011.txt ts=2026-10-03T08:41:22.383182+00:00
 [00049/3000] create simple     /srv/fim-watch/gen_00012.txt ts=2026-10-03T08:41:22.483166+00:00
 [00050/3000] modify colapsado  /srv/fim-watch/gen_00007.txt ts=2026-10-03T08:41:22.583272+00:00
 [00051/3000] modify colapsado  /srv/fim-watch/gen_00007.txt ts=2026-10-03T08:41:22.683167+00:00
 [00052/3000] modify colapsado  /srv/fim-watch/gen_00007.txt ts=2026-10-03T08:41:22.783539+00:00
 [00053/3000] modify colapsado  /srv/fim-watch/gen_00007.txt ts=2026-10-03T08:41:22.883116+00:00
 [00054/3000] modify colapsado  /srv/fim-watch/gen_00007.txt ts=2026-10-03T08:41:22.983260+00:00
 [00055/3000] modify simple     /srv/fim-watch/gen_00010.txt ts=2026-10-03T08:41:23.083277+00:00
 [00056/3000] delete simple     /srv/fim-watch/gen_00007.txt ts=2026-10-03T08:41:23.183300+00:00
 [00057/3000] delete simple     /srv/fim-watch/gen_00012.txt ts=2026-10-03T08:41:23.283500+00:00
 [00058/3000] create simple     /srv/fim-watch/gen_00013.txt ts=2026-10-03T08:41:23.383007+00:00
 [00059/3000] modify revertido  /srv/fim-watch/gen_00013.txt ts=2026-10-03T08:41:23.483350+00:00
 [00060/3000] modify revertido  /srv/fim-watch/gen_00013.txt ts=2026-10-03T08:41:23.583038+00:00
 [00061/3000] modify simple     /srv/fim-watch/gen_00010.txt ts=2026-10-03T08:41:23.683175+00:00
 [00062/3000] modify simple     /srv/fim-watch/gen_00011.txt ts=2026-10-03T08:41:23.783264+00:00
 [00063/3000] create simple     /srv/fim-watch/gen_00014.txt ts=2026-10-03T08:41:23.883016+00:00
 [00064/3000] modify simple     /srv/fim-watch/gen_00011.txt ts=2026-10-03T08:41:23.983257+00:00
 [00065/3000] modify simple     /srv/fim-watch/gen_00006.txt ts=2026-10-03T08:41:24.082856+00:00
 [00066/3000] modify simple     /srv/fim-watch/gen_00008.txt ts=2026-10-03T08:41:24.182835+00:00
 [00067/3000] modify simple     /srv/fim-watch/gen_00011.txt ts=2026-10-03T08:41:24.283601+00:00
 [00068/3000] modify simple     /srv/fim-watch/gen_00011.txt ts=2026-10-03T08:41:24.383807+00:00
 [00069/3000] modify revertido  /srv/fim-watch/gen_00004.txt ts=2026-10-03T08:41:24.483340+00:00
 [00070/3000] modify revertido  /srv/fim-watch/gen_00004.txt ts=2026-10-03T08:41:24.583506+00:00
 [00071/3000] modify simple     /srv/fim-watch/gen_00010.txt ts=2026-10-03T08:41:24.683373+00:00
 [00072/3000] modify simple     /srv/fim-watch/gen_00013.txt ts=2026-10-03T08:41:24.783065+00:00
 [00073/3000] modify simple     /srv/fim-watch/gen_00013.txt ts=2026-10-03T08:41:24.882989+00:00
 [00074/3000] create simple     /srv/fim-watch/gen_00015.txt ts=2026-10-03T08:41:24.983329+00:00
 [00075/3000] create simple     /srv/fim-watch/gen_00016.txt ts=2026-10-03T08:41:25.083085+00:00
 [00076/3000] modify revertido  /srv/fim-watch/gen_00014.txt ts=2026-10-03T08:41:25.183483+00:00
 [00077/3000] modify revertido  /srv/fim-watch/gen_00014.txt ts=2026-10-03T08:41:25.283200+00:00
 [00078/3000] modify simple     /srv/fim-watch/gen_00014.txt ts=2026-10-03T08:41:25.383098+00:00
 [00079/3000] modify simple     /srv/fim-watch/gen_00004.txt ts=2026-10-03T08:41:25.483334+00:00
 [00080/3000] delete simple     /srv/fim-watch/gen_00004.txt ts=2026-10-03T08:41:25.583140+00:00
 [00081/3000] delete simple     /srv/fim-watch/gen_00014.txt ts=2026-10-03T08:41:25.683197+00:00
 [00082/3000] modify simple     /srv/fim-watch/gen_00016.txt ts=2026-10-03T08:41:25.783487+00:00
 [00083/3000] modify simple     /srv/fim-watch/gen_00015.txt ts=2026-10-03T08:41:25.883526+00:00
 [00084/3000] modify simple     /srv/fim-watch/gen_00015.txt ts=2026-10-03T08:41:25.983538+00:00
 [00085/3000] create efimero    /srv/fim-watch/gen_00017.txt ts=2026-10-03T08:41:26.083144+00:00
 [00086/3000] delete efimero    /srv/fim-watch/gen_00017.txt ts=2026-10-03T08:41:26.183272+00:00
 [00087/3000] modify revertido  /srv/fim-watch/gen_00006.txt ts=2026-10-03T08:41:26.283130+00:00
 [00088/3000] modify revertido  /srv/fim-watch/gen_00006.txt ts=2026-10-03T08:41:26.383491+00:00
 [00089/3000] modify simple     /srv/fim-watch/gen_00015.txt ts=2026-10-03T08:41:26.483495+00:00
 [00090/3000] modify revertido  /srv/fim-watch/gen_00016.txt ts=2026-10-03T08:41:26.583040+00:00
 [00091/3000] modify revertido  /srv/fim-watch/gen_00016.txt ts=2026-10-03T08:41:26.683271+00:00
 [00092/3000] create simple     /srv/fim-watch/gen_00018.txt ts=2026-10-03T08:41:26.782876+00:00
 [00093/3000] modify colapsado  /srv/fim-watch/gen_00008.txt ts=2026-10-03T08:41:26.883597+00:00
 [00094/3000] modify colapsado  /srv/fim-watch/gen_00008.txt ts=2026-10-03T08:41:26.983030+00:00
 [00095/3000] modify colapsado  /srv/fim-watch/gen_00008.txt ts=2026-10-03T08:41:27.083283+00:00
 [00096/3000] modify colapsado  /srv/fim-watch/gen_00008.txt ts=2026-10-03T08:41:27.183128+00:00
 [00097/3000] modify colapsado  /srv/fim-watch/gen_00008.txt ts=2026-10-03T08:41:27.283168+00:00
 [00098/3000] modify simple     /srv/fim-watch/gen_00011.txt ts=2026-10-03T08:41:27.383553+00:00
 [00099/3000] modify simple     /srv/fim-watch/gen_00013.txt ts=2026-10-03T08:41:27.483275+00:00
 [00100/3000] modify simple     /srv/fim-watch/gen_00013.txt ts=2026-10-03T08:41:27.583512+00:00
 [00101/3000] modify revertido  /srv/fim-watch/gen_00013.txt ts=2026-10-03T08:41:27.683507+00:00
 [00102/3000] modify revertido  /srv/fim-watch/gen_00013.txt ts=2026-10-03T08:41:27.782979+00:00
 [00103/3000] modify revertido  /srv/fim-watch/gen_00013.txt ts=2026-10-03T08:41:27.882959+00:00
 [00104/3000] modify revertido  /srv/fim-watch/gen_00013.txt ts=2026-10-03T08:41:27.983191+00:00
 [00105/3000] create simple     /srv/fim-watch/gen_00019.txt ts=2026-10-03T08:41:28.082992+00:00
 [00106/3000] delete simple     /srv/fim-watch/gen_00008.txt ts=2026-10-03T08:41:28.183156+00:00
 [00107/3000] create simple     /srv/fim-watch/gen_00020.txt ts=2026-10-03T08:41:28.282867+00:00
 [00108/3000] modify revertido  /srv/fim-watch/gen_00018.txt ts=2026-10-03T08:41:28.383489+00:00
 [00109/3000] modify revertido  /srv/fim-watch/gen_00018.txt ts=2026-10-03T08:41:28.483341+00:00
 [00110/3000] modify simple     /srv/fim-watch/gen_00020.txt ts=2026-10-03T08:41:28.582869+00:00
 [00111/3000] modify simple     /srv/fim-watch/gen_00018.txt ts=2026-10-03T08:41:28.683254+00:00
 [00112/3000] modify simple     /srv/fim-watch/gen_00015.txt ts=2026-10-03T08:41:28.782847+00:00
 [00113/3000] delete simple     /srv/fim-watch/gen_00010.txt ts=2026-10-03T08:41:28.883301+00:00
 [00114/3000] modify simple     /srv/fim-watch/gen_00013.txt ts=2026-10-03T08:41:28.982840+00:00
 [00115/3000] modify simple     /srv/fim-watch/gen_00013.txt ts=2026-10-03T08:41:29.083121+00:00
 [00116/3000] create simple     /srv/fim-watch/gen_00021.txt ts=2026-10-03T08:41:29.182913+00:00
 [00117/3000] modify simple     /srv/fim-watch/gen_00011.txt ts=2026-10-03T08:41:29.282960+00:00
 [00118/3000] modify simple     /srv/fim-watch/gen_00021.txt ts=2026-10-03T08:41:29.383139+00:00
 [00119/3000] delete simple     /srv/fim-watch/gen_00021.txt ts=2026-10-03T08:41:29.483273+00:00
 [00120/3000] create simple     /srv/fim-watch/gen_00022.txt ts=2026-10-03T08:41:29.583473+00:00
 [00121/3000] create simple     /srv/fim-watch/critico/gen_00023.txt ts=2026-10-03T08:41:29.683107+00:00
 [00122/3000] modify colapsado  /srv/fim-watch/gen_00022.txt ts=2026-10-03T08:41:29.783146+00:00
 [00123/3000] modify colapsado  /srv/fim-watch/gen_00022.txt ts=2026-10-03T08:41:29.883528+00:00
 [00124/3000] modify colapsado  /srv/fim-watch/gen_00022.txt ts=2026-10-03T08:41:29.983543+00:00
 [00125/3000] modify colapsado  /srv/fim-watch/gen_00022.txt ts=2026-10-03T08:41:30.083537+00:00
 [00126/3000] modify colapsado  /srv/fim-watch/gen_00022.txt ts=2026-10-03T08:41:30.183245+00:00
 [00127/3000] modify simple     /srv/fim-watch/gen_00011.txt ts=2026-10-03T08:41:30.283149+00:00
 [00128/3000] modify simple     /srv/fim-watch/gen_00020.txt ts=2026-10-03T08:41:30.383334+00:00
 [00129/3000] modify simple     /srv/fim-watch/gen_00015.txt ts=2026-10-03T08:41:30.483536+00:00
 [00130/3000] modify simple     /srv/fim-watch/gen_00020.txt ts=2026-10-03T08:41:30.583256+00:00
 [00131/3000] modify simple     /srv/fim-watch/gen_00006.txt ts=2026-10-03T08:41:30.683491+00:00
 [00132/3000] modify simple     /srv/fim-watch/critico/gen_00023.txt ts=2026-10-03T08:41:30.783122+00:00
 [00133/3000] modify simple     /srv/fim-watch/gen_00018.txt ts=2026-10-03T08:41:30.883474+00:00
 [00134/3000] modify simple     /srv/fim-watch/gen_00011.txt ts=2026-10-03T08:41:30.983530+00:00
 [00135/3000] modify simple     /srv/fim-watch/gen_00016.txt ts=2026-10-03T08:41:31.083093+00:00
 [00136/3000] create simple     /srv/fim-watch/gen_00024.txt ts=2026-10-03T08:41:31.183282+00:00
 [00137/3000] modify simple     /srv/fim-watch/gen_00011.txt ts=2026-10-03T08:41:31.283116+00:00
 [00138/3000] modify simple     /srv/fim-watch/gen_00018.txt ts=2026-10-03T08:41:31.383544+00:00
 [00139/3000] create simple     /srv/fim-watch/critico/gen_00025.txt ts=2026-10-03T08:41:31.483021+00:00
 [00140/3000] modify simple     /srv/fim-watch/gen_00018.txt ts=2026-10-03T08:41:31.583212+00:00
 [00141/3000] create simple     /srv/fim-watch/gen_00026.txt ts=2026-10-03T08:41:31.682884+00:00
 [00142/3000] delete simple     /srv/fim-watch/gen_00015.txt ts=2026-10-03T08:41:31.783144+00:00
 [00143/3000] modify simple     /srv/fim-watch/gen_00020.txt ts=2026-10-03T08:41:31.883292+00:00
 [00144/3000] modify simple     /srv/fim-watch/critico/gen_00023.txt ts=2026-10-03T08:41:31.983518+00:00
 [00145/3000] modify simple     /srv/fim-watch/gen_00006.txt ts=2026-10-03T08:41:32.083324+00:00
 [00146/3000] modify simple     /srv/fim-watch/gen_00026.txt ts=2026-10-03T08:41:32.183320+00:00
 [00147/3000] modify simple     /srv/fim-watch/gen_00018.txt ts=2026-10-03T08:41:32.283271+00:00
 [00148/3000] delete simple     /srv/fim-watch/gen_00018.txt ts=2026-10-03T08:41:32.383194+00:00
 [00149/3000] create simple     /srv/fim-watch/gen_00027.txt ts=2026-10-03T08:41:32.483267+00:00
 [00150/3000] modify simple     /srv/fim-watch/gen_00026.txt ts=2026-10-03T08:41:32.583522+00:00
 [00151/3000] modify simple     /srv/fim-watch/critico/gen_00025.txt ts=2026-10-03T08:41:32.683253+00:00
 [00152/3000] modify simple     /srv/fim-watch/gen_00020.txt ts=2026-10-03T08:41:32.783277+00:00
 [00153/3000] modify colapsado  /srv/fim-watch/gen_00019.txt ts=2026-10-03T08:41:32.883484+00:00
 [00154/3000] modify colapsado  /srv/fim-watch/gen_00019.txt ts=2026-10-03T08:41:32.983063+00:00
 [00155/3000] modify colapsado  /srv/fim-watch/gen_00019.txt ts=2026-10-03T08:41:33.082855+00:00
 [00156/3000] modify colapsado  /srv/fim-watch/gen_00019.txt ts=2026-10-03T08:41:33.183127+00:00
 [00157/3000] modify colapsado  /srv/fim-watch/gen_00019.txt ts=2026-10-03T08:41:33.283144+00:00
 [00158/3000] modify simple     /srv/fim-watch/gen_00020.txt ts=2026-10-03T08:41:33.383166+00:00
 [00159/3000] delete simple     /srv/fim-watch/gen_00026.txt ts=2026-10-03T08:41:33.483302+00:00
 [00160/3000] modify simple     /srv/fim-watch/gen_00027.txt ts=2026-10-03T08:41:33.583262+00:00
 [00161/3000] modify simple     /srv/fim-watch/gen_00020.txt ts=2026-10-03T08:41:33.683260+00:00
 [00162/3000] create simple     /srv/fim-watch/gen_00028.txt ts=2026-10-03T08:41:33.783201+00:00
 [00163/3000] modify simple     /srv/fim-watch/gen_00020.txt ts=2026-10-03T08:41:33.883524+00:00
 [00164/3000] modify simple     /srv/fim-watch/gen_00024.txt ts=2026-10-03T08:41:33.983506+00:00
 [00165/3000] create simple     /srv/fim-watch/gen_00029.txt ts=2026-10-03T08:41:34.083308+00:00
 [00166/3000] modify simple     /srv/fim-watch/gen_00028.txt ts=2026-10-03T08:41:34.183522+00:00
 [00167/3000] modify simple     /srv/fim-watch/critico/gen_00025.txt ts=2026-10-03T08:41:34.283091+00:00
 [00168/3000] modify simple     /srv/fim-watch/gen_00024.txt ts=2026-10-03T08:41:34.383354+00:00
 [00169/3000] create simple     /srv/fim-watch/gen_00030.txt ts=2026-10-03T08:41:34.482943+00:00
 [00170/3000] modify simple     /srv/fim-watch/gen_00022.txt ts=2026-10-03T08:41:34.583460+00:00
 [00171/3000] create simple     /srv/fim-watch/gen_00031.txt ts=2026-10-03T08:41:34.683332+00:00
 [00172/3000] create efimero    /srv/fim-watch/gen_00032.txt ts=2026-10-03T08:41:34.783172+00:00
 [00173/3000] delete efimero    /srv/fim-watch/gen_00032.txt ts=2026-10-03T08:41:34.883255+00:00
 [00174/3000] modify simple     /srv/fim-watch/gen_00027.txt ts=2026-10-03T08:41:34.983468+00:00
 [00175/3000] modify simple     /srv/fim-watch/gen_00024.txt ts=2026-10-03T08:41:35.083340+00:00
 [00176/3000] modify simple     /srv/fim-watch/gen_00006.txt ts=2026-10-03T08:41:35.182837+00:00
 [00177/3000] create simple     /srv/fim-watch/gen_00033.txt ts=2026-10-03T08:41:35.283129+00:00
 [00178/3000] modify simple     /srv/fim-watch/gen_00029.txt ts=2026-10-03T08:41:35.383101+00:00
 [00179/3000] modify simple     /srv/fim-watch/gen_00006.txt ts=2026-10-03T08:41:35.483475+00:00
 [00180/3000] modify revertido  /srv/fim-watch/gen_00027.txt ts=2026-10-03T08:41:35.583600+00:00
 [00181/3000] modify revertido  /srv/fim-watch/gen_00027.txt ts=2026-10-03T08:41:35.683260+00:00
 [00182/3000] modify colapsado  /srv/fim-watch/critico/gen_00025.txt ts=2026-10-03T08:41:35.783155+00:00
 [00183/3000] modify colapsado  /srv/fim-watch/critico/gen_00025.txt ts=2026-10-03T08:41:35.883452+00:00
 [00184/3000] modify colapsado  /srv/fim-watch/critico/gen_00025.txt ts=2026-10-03T08:41:35.983283+00:00
 [00185/3000] modify colapsado  /srv/fim-watch/critico/gen_00025.txt ts=2026-10-03T08:41:36.083269+00:00
 [00186/3000] modify colapsado  /srv/fim-watch/critico/gen_00025.txt ts=2026-10-03T08:41:36.183533+00:00
 [00187/3000] create efimero    /srv/fim-watch/gen_00034.txt ts=2026-10-03T08:41:36.283011+00:00
 [00188/3000] delete efimero    /srv/fim-watch/gen_00034.txt ts=2026-10-03T08:41:36.383362+00:00
 [00189/3000] create simple     /srv/fim-watch/gen_00035.txt ts=2026-10-03T08:41:36.483331+00:00
 [00190/3000] modify simple     /srv/fim-watch/gen_00024.txt ts=2026-10-03T08:41:36.583517+00:00
 [00191/3000] modify simple     /srv/fim-watch/gen_00035.txt ts=2026-10-03T08:41:36.682820+00:00
 [00192/3000] modify simple     /srv/fim-watch/gen_00031.txt ts=2026-10-03T08:41:36.783108+00:00
 [00193/3000] modify revertido  /srv/fim-watch/gen_00033.txt ts=2026-10-03T08:41:36.882872+00:00
 [00194/3000] modify revertido  /srv/fim-watch/gen_00033.txt ts=2026-10-03T08:41:36.983268+00:00
 [00195/3000] modify colapsado  /srv/fim-watch/gen_00029.txt ts=2026-10-03T08:41:37.083272+00:00
 [00196/3000] modify colapsado  /srv/fim-watch/gen_00029.txt ts=2026-10-03T08:41:37.183109+00:00
 [00197/3000] modify colapsado  /srv/fim-watch/gen_00029.txt ts=2026-10-03T08:41:37.283287+00:00
 [00198/3000] modify colapsado  /srv/fim-watch/gen_00029.txt ts=2026-10-03T08:41:37.383270+00:00
 [00199/3000] modify colapsado  /srv/fim-watch/gen_00029.txt ts=2026-10-03T08:41:37.483107+00:00
 [00200/3000] modify simple     /srv/fim-watch/gen_00022.txt ts=2026-10-03T08:41:37.583104+00:00
 [00201/3000] modify simple     /srv/fim-watch/gen_00013.txt ts=2026-10-03T08:41:37.683370+00:00
 [00202/3000] modify simple     /srv/fim-watch/gen_00024.txt ts=2026-10-03T08:41:37.783280+00:00
 [00203/3000] modify simple     /srv/fim-watch/gen_00006.txt ts=2026-10-03T08:41:37.883512+00:00
 [00204/3000] create simple     /srv/fim-watch/gen_00036.txt ts=2026-10-03T08:41:37.983562+00:00
 [00205/3000] delete simple     /srv/fim-watch/gen_00030.txt ts=2026-10-03T08:41:38.082930+00:00
 [00206/3000] modify simple     /srv/fim-watch/gen_00024.txt ts=2026-10-03T08:41:38.183512+00:00
 [00207/3000] modify simple     /srv/fim-watch/gen_00011.txt ts=2026-10-03T08:41:38.283141+00:00
 [00208/3000] modify revertido  /srv/fim-watch/gen_00028.txt ts=2026-10-03T08:41:38.383276+00:00
 [00209/3000] modify revertido  /srv/fim-watch/gen_00028.txt ts=2026-10-03T08:41:38.483620+00:00
 [00210/3000] modify revertido  /srv/fim-watch/gen_00016.txt ts=2026-10-03T08:41:38.583325+00:00
 [00211/3000] modify revertido  /srv/fim-watch/gen_00016.txt ts=2026-10-03T08:41:38.682920+00:00
 [00212/3000] modify simple     /srv/fim-watch/gen_00029.txt ts=2026-10-03T08:41:38.783477+00:00
 [00213/3000] create simple     /srv/fim-watch/critico/gen_00037.txt ts=2026-10-03T08:41:38.883169+00:00
 [00214/3000] modify colapsado  /srv/fim-watch/gen_00024.txt ts=2026-10-03T08:41:38.983567+00:00
 [00215/3000] modify colapsado  /srv/fim-watch/gen_00024.txt ts=2026-10-03T08:41:39.083282+00:00
 [00216/3000] modify colapsado  /srv/fim-watch/gen_00024.txt ts=2026-10-03T08:41:39.183135+00:00
 [00217/3000] modify colapsado  /srv/fim-watch/gen_00024.txt ts=2026-10-03T08:41:39.282897+00:00
 [00218/3000] modify colapsado  /srv/fim-watch/gen_00024.txt ts=2026-10-03T08:41:39.383302+00:00
 [00219/3000] create simple     /srv/fim-watch/gen_00038.txt ts=2026-10-03T08:41:39.483511+00:00
 [00220/3000] modify simple     /srv/fim-watch/gen_00031.txt ts=2026-10-03T08:41:39.583282+00:00
 [00221/3000] create simple     /srv/fim-watch/gen_00039.txt ts=2026-10-03T08:41:39.683315+00:00
 [00222/3000] create simple     /srv/fim-watch/gen_00040.txt ts=2026-10-03T08:41:39.783156+00:00
 [00223/3000] create efimero    /srv/fim-watch/gen_00041.txt ts=2026-10-03T08:41:39.883149+00:00
 [00224/3000] delete efimero    /srv/fim-watch/gen_00041.txt ts=2026-10-03T08:41:39.983279+00:00
 [00225/3000] modify simple     /srv/fim-watch/gen_00036.txt ts=2026-10-03T08:41:40.083273+00:00
 [00226/3000] create simple     /srv/fim-watch/gen_00042.txt ts=2026-10-03T08:41:40.183184+00:00
 [00227/3000] create simple     /srv/fim-watch/gen_00043.txt ts=2026-10-03T08:41:40.283050+00:00
 [00228/3000] modify simple     /srv/fim-watch/critico/gen_00037.txt ts=2026-10-03T08:41:40.382975+00:00
 [00229/3000] modify colapsado  /srv/fim-watch/gen_00031.txt ts=2026-10-03T08:41:40.483130+00:00
 [00230/3000] modify colapsado  /srv/fim-watch/gen_00031.txt ts=2026-10-03T08:41:40.583398+00:00
 [00231/3000] modify colapsado  /srv/fim-watch/gen_00031.txt ts=2026-10-03T08:41:40.683172+00:00
 [00232/3000] modify colapsado  /srv/fim-watch/gen_00031.txt ts=2026-10-03T08:41:40.783139+00:00
 [00233/3000] modify colapsado  /srv/fim-watch/gen_00031.txt ts=2026-10-03T08:41:40.883322+00:00
 [00234/3000] modify simple     /srv/fim-watch/gen_00028.txt ts=2026-10-03T08:41:40.983393+00:00
 [00235/3000] modify simple     /srv/fim-watch/gen_00029.txt ts=2026-10-03T08:41:41.083324+00:00
 [00236/3000] modify simple     /srv/fim-watch/gen_00042.txt ts=2026-10-03T08:41:41.183256+00:00
 [00237/3000] modify simple     /srv/fim-watch/gen_00027.txt ts=2026-10-03T08:41:41.282963+00:00
 [00238/3000] delete simple     /srv/fim-watch/gen_00038.txt ts=2026-10-03T08:41:41.382859+00:00
 [00239/3000] modify simple     /srv/fim-watch/critico/gen_00023.txt ts=2026-10-03T08:41:41.483310+00:00
 [00240/3000] modify colapsado  /srv/fim-watch/gen_00011.txt ts=2026-10-03T08:41:41.583335+00:00
 [00241/3000] modify colapsado  /srv/fim-watch/gen_00011.txt ts=2026-10-03T08:41:41.682949+00:00
 [00242/3000] modify colapsado  /srv/fim-watch/gen_00011.txt ts=2026-10-03T08:41:41.783128+00:00
 [00243/3000] modify colapsado  /srv/fim-watch/gen_00011.txt ts=2026-10-03T08:41:41.883085+00:00
 [00244/3000] modify colapsado  /srv/fim-watch/gen_00011.txt ts=2026-10-03T08:41:41.983404+00:00
 [00245/3000] modify simple     /srv/fim-watch/gen_00022.txt ts=2026-10-03T08:41:42.083595+00:00
 [00246/3000] modify simple     /srv/fim-watch/gen_00022.txt ts=2026-10-03T08:41:42.183161+00:00
 [00247/3000] modify simple     /srv/fim-watch/critico/gen_00023.txt ts=2026-10-03T08:41:42.283207+00:00
 [00248/3000] delete simple     /srv/fim-watch/gen_00027.txt ts=2026-10-03T08:41:42.382863+00:00
 [00249/3000] modify simple     /srv/fim-watch/gen_00031.txt ts=2026-10-03T08:41:42.483526+00:00
 [00250/3000] modify simple     /srv/fim-watch/gen_00029.txt ts=2026-10-03T08:41:42.583117+00:00
 [00251/3000] modify simple     /srv/fim-watch/gen_00011.txt ts=2026-10-03T08:41:42.683129+00:00
 [00252/3000] create simple     /srv/fim-watch/gen_00044.txt ts=2026-10-03T08:41:42.783336+00:00
 [00253/3000] modify simple     /srv/fim-watch/critico/gen_00037.txt ts=2026-10-03T08:41:42.883507+00:00
 [00254/3000] modify simple     /srv/fim-watch/gen_00016.txt ts=2026-10-03T08:41:42.983488+00:00
 [00255/3000] modify simple     /srv/fim-watch/gen_00042.txt ts=2026-10-03T08:41:43.082961+00:00
 [00256/3000] modify simple     /srv/fim-watch/critico/gen_00023.txt ts=2026-10-03T08:41:43.183115+00:00
 [00257/3000] modify simple     /srv/fim-watch/gen_00011.txt ts=2026-10-03T08:41:43.282845+00:00
 [00258/3000] modify revertido  /srv/fim-watch/gen_00013.txt ts=2026-10-03T08:41:43.383260+00:00
 [00259/3000] modify revertido  /srv/fim-watch/gen_00013.txt ts=2026-10-03T08:41:43.483465+00:00
 [00260/3000] modify revertido  /srv/fim-watch/gen_00036.txt ts=2026-10-03T08:41:43.583099+00:00
 [00261/3000] modify revertido  /srv/fim-watch/gen_00036.txt ts=2026-10-03T08:41:43.683226+00:00
 [00262/3000] delete simple     /srv/fim-watch/gen_00024.txt ts=2026-10-03T08:41:43.783318+00:00
 [00263/3000] create simple     /srv/fim-watch/gen_00045.txt ts=2026-10-03T08:41:43.883325+00:00
 [00264/3000] create simple     /srv/fim-watch/gen_00046.txt ts=2026-10-03T08:41:43.983387+00:00
 [00265/3000] modify simple     /srv/fim-watch/gen_00022.txt ts=2026-10-03T08:41:44.083107+00:00
 [00266/3000] modify simple     /srv/fim-watch/gen_00013.txt ts=2026-10-03T08:41:44.183153+00:00
 [00267/3000] delete simple     /srv/fim-watch/gen_00035.txt ts=2026-10-03T08:41:44.283003+00:00
 [00268/3000] modify simple     /srv/fim-watch/gen_00033.txt ts=2026-10-03T08:41:44.382914+00:00
 [00269/3000] modify simple     /srv/fim-watch/gen_00036.txt ts=2026-10-03T08:41:44.483469+00:00
 [00270/3000] create simple     /srv/fim-watch/critico/gen_00047.txt ts=2026-10-03T08:41:44.583006+00:00
 [00271/3000] modify simple     /srv/fim-watch/critico/gen_00047.txt ts=2026-10-03T08:41:44.683559+00:00
 [00272/3000] modify simple     /srv/fim-watch/gen_00039.txt ts=2026-10-03T08:41:44.783370+00:00
 [00273/3000] modify simple     /srv/fim-watch/gen_00043.txt ts=2026-10-03T08:41:44.883195+00:00
 [00274/3000] modify simple     /srv/fim-watch/gen_00029.txt ts=2026-10-03T08:41:44.983040+00:00
 [00275/3000] create simple     /srv/fim-watch/gen_00048.txt ts=2026-10-03T08:41:45.083130+00:00
 [00276/3000] modify simple     /srv/fim-watch/gen_00043.txt ts=2026-10-03T08:41:45.183106+00:00
 [00277/3000] modify simple     /srv/fim-watch/gen_00006.txt ts=2026-10-03T08:41:45.283313+00:00
 [00278/3000] modify simple     /srv/fim-watch/gen_00046.txt ts=2026-10-03T08:41:45.382991+00:00
 [00279/3000] modify simple     /srv/fim-watch/gen_00031.txt ts=2026-10-03T08:41:45.483327+00:00
 [00280/3000] create simple     /srv/fim-watch/gen_00049.txt ts=2026-10-03T08:41:45.582915+00:00
 [00281/3000] modify simple     /srv/fim-watch/gen_00036.txt ts=2026-10-03T08:41:45.683129+00:00
 [00282/3000] create simple     /srv/fim-watch/gen_00050.txt ts=2026-10-03T08:41:45.783161+00:00
 [00283/3000] create simple     /srv/fim-watch/critico/gen_00051.txt ts=2026-10-03T08:41:45.883049+00:00
 [00284/3000] modify revertido  /srv/fim-watch/gen_00044.txt ts=2026-10-03T08:41:45.983271+00:00
 [00285/3000] modify revertido  /srv/fim-watch/gen_00044.txt ts=2026-10-03T08:41:46.083084+00:00
 [00286/3000] modify simple     /srv/fim-watch/gen_00020.txt ts=2026-10-03T08:41:46.183247+00:00
 [00287/3000] modify simple     /srv/fim-watch/gen_00045.txt ts=2026-10-03T08:41:46.283486+00:00
 [00288/3000] modify revertido  /srv/fim-watch/gen_00042.txt ts=2026-10-03T08:41:46.383343+00:00
 [00289/3000] modify revertido  /srv/fim-watch/gen_00042.txt ts=2026-10-03T08:41:46.483253+00:00
 [00290/3000] modify simple     /srv/fim-watch/critico/gen_00025.txt ts=2026-10-03T08:41:46.583137+00:00
 [00291/3000] modify simple     /srv/fim-watch/gen_00043.txt ts=2026-10-03T08:41:46.683501+00:00
 [00292/3000] modify simple     /srv/fim-watch/gen_00011.txt ts=2026-10-03T08:41:46.783123+00:00
 [00293/3000] create simple     /srv/fim-watch/gen_00052.txt ts=2026-10-03T08:41:46.883149+00:00
 [00294/3000] create simple     /srv/fim-watch/critico/gen_00053.txt ts=2026-10-03T08:41:46.982952+00:00
 [00295/3000] modify simple     /srv/fim-watch/critico/gen_00047.txt ts=2026-10-03T08:41:47.083134+00:00
 [00296/3000] modify simple     /srv/fim-watch/gen_00022.txt ts=2026-10-03T08:41:47.183299+00:00
 [00297/3000] create simple     /srv/fim-watch/gen_00054.txt ts=2026-10-03T08:41:47.283030+00:00
 [00298/3000] create simple     /srv/fim-watch/gen_00055.txt ts=2026-10-03T08:41:47.382998+00:00
 [00299/3000] modify simple     /srv/fim-watch/gen_00042.txt ts=2026-10-03T08:41:47.483492+00:00
 [00300/3000] modify colapsado  /srv/fim-watch/critico/gen_00051.txt ts=2026-10-03T08:41:47.583187+00:00
 [00301/3000] modify colapsado  /srv/fim-watch/critico/gen_00051.txt ts=2026-10-03T08:41:47.683286+00:00
 [00302/3000] modify colapsado  /srv/fim-watch/critico/gen_00051.txt ts=2026-10-03T08:41:47.783556+00:00
 [00303/3000] modify colapsado  /srv/fim-watch/critico/gen_00051.txt ts=2026-10-03T08:41:47.883508+00:00
 [00304/3000] modify colapsado  /srv/fim-watch/critico/gen_00051.txt ts=2026-10-03T08:41:47.983545+00:00
 [00305/3000] create simple     /srv/fim-watch/gen_00056.txt ts=2026-10-03T08:41:48.083042+00:00
 [00306/3000] create simple     /srv/fim-watch/gen_00057.txt ts=2026-10-03T08:41:48.182897+00:00
 [00307/3000] create simple     /srv/fim-watch/gen_00058.txt ts=2026-10-03T08:41:48.283106+00:00
 [00308/3000] modify revertido  /srv/fim-watch/critico/gen_00047.txt ts=2026-10-03T08:41:48.383655+00:00
 [00309/3000] modify revertido  /srv/fim-watch/critico/gen_00047.txt ts=2026-10-03T08:41:48.483466+00:00
 [00310/3000] modify simple     /srv/fim-watch/gen_00054.txt ts=2026-10-03T08:41:48.583300+00:00
 [00311/3000] modify revertido  /srv/fim-watch/gen_00054.txt ts=2026-10-03T08:41:48.683276+00:00
 [00312/3000] modify revertido  /srv/fim-watch/gen_00054.txt ts=2026-10-03T08:41:48.783046+00:00
 [00313/3000] modify colapsado  /srv/fim-watch/critico/gen_00053.txt ts=2026-10-03T08:41:48.883288+00:00
 [00314/3000] modify colapsado  /srv/fim-watch/critico/gen_00053.txt ts=2026-10-03T08:41:48.983674+00:00
 [00315/3000] modify colapsado  /srv/fim-watch/critico/gen_00053.txt ts=2026-10-03T08:41:49.083133+00:00
 [00316/3000] modify colapsado  /srv/fim-watch/critico/gen_00053.txt ts=2026-10-03T08:41:49.183277+00:00
 [00317/3000] modify colapsado  /srv/fim-watch/critico/gen_00053.txt ts=2026-10-03T08:41:49.283571+00:00
 [00318/3000] modify simple     /srv/fim-watch/critico/gen_00025.txt ts=2026-10-03T08:41:49.383155+00:00
 [00319/3000] modify revertido  /srv/fim-watch/gen_00011.txt ts=2026-10-03T08:41:49.483146+00:00
 [00320/3000] modify revertido  /srv/fim-watch/gen_00011.txt ts=2026-10-03T08:41:49.583353+00:00
 [00321/3000] modify simple     /srv/fim-watch/gen_00044.txt ts=2026-10-03T08:41:49.683288+00:00
 [00322/3000] modify simple     /srv/fim-watch/gen_00054.txt ts=2026-10-03T08:41:49.783553+00:00
 [00323/3000] modify simple     /srv/fim-watch/gen_00036.txt ts=2026-10-03T08:41:49.883526+00:00
 [00324/3000] delete simple     /srv/fim-watch/gen_00052.txt ts=2026-10-03T08:41:49.983230+00:00
 [00325/3000] modify simple     /srv/fim-watch/gen_00022.txt ts=2026-10-03T08:41:50.083131+00:00
 [00326/3000] modify simple     /srv/fim-watch/gen_00044.txt ts=2026-10-03T08:41:50.182774+00:00
 [00327/3000] modify simple     /srv/fim-watch/gen_00054.txt ts=2026-10-03T08:41:50.283287+00:00
 [00328/3000] modify simple     /srv/fim-watch/gen_00040.txt ts=2026-10-03T08:41:50.383366+00:00
 [00329/3000] delete simple     /srv/fim-watch/gen_00046.txt ts=2026-10-03T08:41:50.483286+00:00
 [00330/3000] delete simple     /srv/fim-watch/gen_00039.txt ts=2026-10-03T08:41:50.583309+00:00
 [00331/3000] modify revertido  /srv/fim-watch/gen_00036.txt ts=2026-10-03T08:41:50.683296+00:00
 [00332/3000] modify revertido  /srv/fim-watch/gen_00036.txt ts=2026-10-03T08:41:50.783292+00:00
 [00333/3000] modify simple     /srv/fim-watch/gen_00050.txt ts=2026-10-03T08:41:50.883122+00:00
 [00334/3000] create simple     /srv/fim-watch/gen_00059.txt ts=2026-10-03T08:41:50.983469+00:00
 [00335/3000] modify simple     /srv/fim-watch/gen_00054.txt ts=2026-10-03T08:41:51.083249+00:00
 [00336/3000] modify simple     /srv/fim-watch/gen_00043.txt ts=2026-10-03T08:41:51.182965+00:00
 [00337/3000] create simple     /srv/fim-watch/gen_00060.txt ts=2026-10-03T08:41:51.283170+00:00
 [00338/3000] modify simple     /srv/fim-watch/gen_00050.txt ts=2026-10-03T08:41:51.383280+00:00
 [00339/3000] modify simple     /srv/fim-watch/gen_00058.txt ts=2026-10-03T08:41:51.483096+00:00
 [00340/3000] modify revertido  /srv/fim-watch/gen_00019.txt ts=2026-10-03T08:41:51.583452+00:00
 [00341/3000] modify revertido  /srv/fim-watch/gen_00019.txt ts=2026-10-03T08:41:51.683172+00:00
 [00342/3000] modify simple     /srv/fim-watch/gen_00058.txt ts=2026-10-03T08:41:51.783003+00:00
 [00343/3000] modify colapsado  /srv/fim-watch/gen_00042.txt ts=2026-10-03T08:41:51.883283+00:00
 [00344/3000] modify colapsado  /srv/fim-watch/gen_00042.txt ts=2026-10-03T08:41:51.983098+00:00
 [00345/3000] modify colapsado  /srv/fim-watch/gen_00042.txt ts=2026-10-03T08:41:52.083326+00:00
 [00346/3000] modify colapsado  /srv/fim-watch/gen_00042.txt ts=2026-10-03T08:41:52.183066+00:00
 [00347/3000] modify colapsado  /srv/fim-watch/gen_00042.txt ts=2026-10-03T08:41:52.283474+00:00
 [00348/3000] create simple     /srv/fim-watch/critico/gen_00061.txt ts=2026-10-03T08:41:52.383304+00:00
 [00349/3000] create simple     /srv/fim-watch/gen_00062.txt ts=2026-10-03T08:41:52.483216+00:00
 [00350/3000] delete simple     /srv/fim-watch/critico/gen_00051.txt ts=2026-10-03T08:41:52.583481+00:00
 [00351/3000] modify simple     /srv/fim-watch/gen_00020.txt ts=2026-10-03T08:41:52.683516+00:00
 [00352/3000] modify simple     /srv/fim-watch/critico/gen_00047.txt ts=2026-10-03T08:41:52.783475+00:00
 [00353/3000] create simple     /srv/fim-watch/gen_00063.txt ts=2026-10-03T08:41:52.883175+00:00
 [00354/3000] modify simple     /srv/fim-watch/gen_00059.txt ts=2026-10-03T08:41:52.983504+00:00
 [00355/3000] create simple     /srv/fim-watch/gen_00064.txt ts=2026-10-03T08:41:53.083328+00:00
 [00356/3000] create simple     /srv/fim-watch/gen_00065.txt ts=2026-10-03T08:41:53.182847+00:00
 [00357/3000] create simple     /srv/fim-watch/gen_00066.txt ts=2026-10-03T08:41:53.283192+00:00
 [00358/3000] create simple     /srv/fim-watch/gen_00067.txt ts=2026-10-03T08:41:53.383912+00:00
 [00359/3000] create simple     /srv/fim-watch/gen_00068.txt ts=2026-10-03T08:41:53.482846+00:00
 [00360/3000] modify simple     /srv/fim-watch/critico/gen_00061.txt ts=2026-10-03T08:41:53.583496+00:00
 [00361/3000] modify revertido  /srv/fim-watch/gen_00031.txt ts=2026-10-03T08:41:53.683513+00:00
 [00362/3000] modify revertido  /srv/fim-watch/gen_00031.txt ts=2026-10-03T08:41:53.782842+00:00
 [00363/3000] create simple     /srv/fim-watch/critico/gen_00069.txt ts=2026-10-03T08:41:53.883187+00:00
 [00364/3000] modify revertido  /srv/fim-watch/gen_00044.txt ts=2026-10-03T08:41:53.982975+00:00
 [00365/3000] modify revertido  /srv/fim-watch/gen_00044.txt ts=2026-10-03T08:41:54.083517+00:00
 [00366/3000] modify simple     /srv/fim-watch/gen_00063.txt ts=2026-10-03T08:41:54.182961+00:00
 [00367/3000] modify simple     /srv/fim-watch/gen_00062.txt ts=2026-10-03T08:41:54.283517+00:00
 [00368/3000] create simple     /srv/fim-watch/gen_00070.txt ts=2026-10-03T08:41:54.383035+00:00
 [00369/3000] create simple     /srv/fim-watch/gen_00071.txt ts=2026-10-03T08:41:54.482718+00:00
 [00370/3000] delete simple     /srv/fim-watch/gen_00031.txt ts=2026-10-03T08:41:54.583338+00:00
 [00371/3000] modify simple     /srv/fim-watch/gen_00058.txt ts=2026-10-03T08:41:54.683589+00:00
 [00372/3000] modify simple     /srv/fim-watch/critico/gen_00047.txt ts=2026-10-03T08:41:54.783093+00:00
 [00373/3000] modify simple     /srv/fim-watch/critico/gen_00025.txt ts=2026-10-03T08:41:54.883154+00:00
 [00374/3000] modify simple     /srv/fim-watch/gen_00045.txt ts=2026-10-03T08:41:54.983031+00:00
 [00375/3000] create simple     /srv/fim-watch/gen_00072.txt ts=2026-10-03T08:41:55.083366+00:00
 [00376/3000] delete simple     /srv/fim-watch/gen_00056.txt ts=2026-10-03T08:41:55.182849+00:00
 [00377/3000] modify simple     /srv/fim-watch/gen_00040.txt ts=2026-10-03T08:41:55.283231+00:00
 [00378/3000] modify simple     /srv/fim-watch/gen_00055.txt ts=2026-10-03T08:41:55.382892+00:00
 [00379/3000] modify colapsado  /srv/fim-watch/gen_00068.txt ts=2026-10-03T08:41:55.483275+00:00
 [00380/3000] modify colapsado  /srv/fim-watch/gen_00068.txt ts=2026-10-03T08:41:55.583117+00:00
 [00381/3000] modify colapsado  /srv/fim-watch/gen_00068.txt ts=2026-10-03T08:41:55.683525+00:00
 [00382/3000] modify colapsado  /srv/fim-watch/gen_00068.txt ts=2026-10-03T08:41:55.783148+00:00
 [00383/3000] modify colapsado  /srv/fim-watch/gen_00068.txt ts=2026-10-03T08:41:55.883101+00:00
 [00384/3000] modify simple     /srv/fim-watch/gen_00059.txt ts=2026-10-03T08:41:55.983548+00:00
 [00385/3000] modify simple     /srv/fim-watch/gen_00048.txt ts=2026-10-03T08:41:56.083317+00:00
 [00386/3000] create simple     /srv/fim-watch/gen_00073.txt ts=2026-10-03T08:41:56.183343+00:00
 [00387/3000] modify colapsado  /srv/fim-watch/gen_00042.txt ts=2026-10-03T08:41:56.283606+00:00
 [00388/3000] modify colapsado  /srv/fim-watch/gen_00042.txt ts=2026-10-03T08:41:56.383101+00:00
 [00389/3000] modify colapsado  /srv/fim-watch/gen_00042.txt ts=2026-10-03T08:41:56.483106+00:00
 [00390/3000] modify colapsado  /srv/fim-watch/gen_00042.txt ts=2026-10-03T08:41:56.583287+00:00
 [00391/3000] modify colapsado  /srv/fim-watch/gen_00042.txt ts=2026-10-03T08:41:56.683282+00:00
 [00392/3000] modify revertido  /srv/fim-watch/gen_00064.txt ts=2026-10-03T08:41:56.783621+00:00
 [00393/3000] modify revertido  /srv/fim-watch/gen_00064.txt ts=2026-10-03T08:41:56.883040+00:00
 [00394/3000] modify simple     /srv/fim-watch/gen_00070.txt ts=2026-10-03T08:41:56.983397+00:00
 [00395/3000] delete simple     /srv/fim-watch/gen_00022.txt ts=2026-10-03T08:41:57.082986+00:00
 [00396/3000] modify simple     /srv/fim-watch/gen_00028.txt ts=2026-10-03T08:41:57.183558+00:00
 [00397/3000] modify simple     /srv/fim-watch/gen_00036.txt ts=2026-10-03T08:41:57.283228+00:00
 [00398/3000] modify simple     /srv/fim-watch/critico/gen_00037.txt ts=2026-10-03T08:41:57.383377+00:00
 [00399/3000] delete simple     /srv/fim-watch/gen_00011.txt ts=2026-10-03T08:41:57.483354+00:00
 [00400/3000] create simple     /srv/fim-watch/gen_00074.txt ts=2026-10-03T08:41:57.583060+00:00
 [00401/3000] modify simple     /srv/fim-watch/gen_00040.txt ts=2026-10-03T08:41:57.683510+00:00
 [00402/3000] modify simple     /srv/fim-watch/gen_00043.txt ts=2026-10-03T08:41:57.783282+00:00
 [00403/3000] create efimero    /srv/fim-watch/critico/gen_00075.txt ts=2026-10-03T08:41:57.883540+00:00
 [00404/3000] delete efimero    /srv/fim-watch/critico/gen_00075.txt ts=2026-10-03T08:41:57.983218+00:00
 [00405/3000] create simple     /srv/fim-watch/gen_00076.txt ts=2026-10-03T08:41:58.083220+00:00
 [00406/3000] create simple     /srv/fim-watch/gen_00077.txt ts=2026-10-03T08:41:58.183167+00:00
 [00407/3000] create simple     /srv/fim-watch/gen_00078.txt ts=2026-10-03T08:41:58.282920+00:00
 [00408/3000] modify simple     /srv/fim-watch/gen_00044.txt ts=2026-10-03T08:41:58.383350+00:00
 [00409/3000] create simple     /srv/fim-watch/gen_00079.txt ts=2026-10-03T08:41:58.483013+00:00
 [00410/3000] modify simple     /srv/fim-watch/gen_00029.txt ts=2026-10-03T08:41:58.583467+00:00
 [00411/3000] modify simple     /srv/fim-watch/gen_00079.txt ts=2026-10-03T08:41:58.683513+00:00
 [00412/3000] modify simple     /srv/fim-watch/gen_00063.txt ts=2026-10-03T08:41:58.783557+00:00
 [00413/3000] modify simple     /srv/fim-watch/gen_00033.txt ts=2026-10-03T08:41:58.883145+00:00
 [00414/3000] modify simple     /srv/fim-watch/gen_00062.txt ts=2026-10-03T08:41:58.983377+00:00
 [00415/3000] modify simple     /srv/fim-watch/gen_00033.txt ts=2026-10-03T08:41:59.083521+00:00
 [00416/3000] modify colapsado  /srv/fim-watch/gen_00066.txt ts=2026-10-03T08:41:59.183293+00:00
 [00417/3000] modify colapsado  /srv/fim-watch/gen_00066.txt ts=2026-10-03T08:41:59.283520+00:00
 [00418/3000] modify colapsado  /srv/fim-watch/gen_00066.txt ts=2026-10-03T08:41:59.383545+00:00
 [00419/3000] modify colapsado  /srv/fim-watch/gen_00066.txt ts=2026-10-03T08:41:59.483134+00:00
 [00420/3000] modify colapsado  /srv/fim-watch/gen_00066.txt ts=2026-10-03T08:41:59.583062+00:00
 [00421/3000] create simple     /srv/fim-watch/gen_00080.txt ts=2026-10-03T08:41:59.682999+00:00
 [00422/3000] modify simple     /srv/fim-watch/gen_00059.txt ts=2026-10-03T08:41:59.783520+00:00
 [00423/3000] modify simple     /srv/fim-watch/gen_00073.txt ts=2026-10-03T08:41:59.883256+00:00
 [00424/3000] delete simple     /srv/fim-watch/gen_00063.txt ts=2026-10-03T08:41:59.983216+00:00
 [00425/3000] modify revertido  /srv/fim-watch/gen_00048.txt ts=2026-10-03T08:42:00.083164+00:00
 [00426/3000] modify revertido  /srv/fim-watch/gen_00048.txt ts=2026-10-03T08:42:00.183297+00:00
 [00427/3000] modify simple     /srv/fim-watch/gen_00058.txt ts=2026-10-03T08:42:00.283306+00:00
 [00428/3000] modify simple     /srv/fim-watch/gen_00059.txt ts=2026-10-03T08:42:00.383574+00:00
 [00429/3000] create simple     /srv/fim-watch/critico/gen_00081.txt ts=2026-10-03T08:42:00.483478+00:00
 [00430/3000] create simple     /srv/fim-watch/gen_00082.txt ts=2026-10-03T08:42:00.582922+00:00
 [00431/3000] modify simple     /srv/fim-watch/gen_00045.txt ts=2026-10-03T08:42:00.683541+00:00
 [00432/3000] modify revertido  /srv/fim-watch/gen_00028.txt ts=2026-10-03T08:42:00.783521+00:00
 [00433/3000] modify revertido  /srv/fim-watch/gen_00028.txt ts=2026-10-03T08:42:00.883552+00:00
 [00434/3000] create efimero    /srv/fim-watch/gen_00083.txt ts=2026-10-03T08:42:00.983236+00:00
 [00435/3000] delete efimero    /srv/fim-watch/gen_00083.txt ts=2026-10-03T08:42:01.083117+00:00
 [00436/3000] delete simple     /srv/fim-watch/gen_00080.txt ts=2026-10-03T08:42:01.183089+00:00
 [00437/3000] modify simple     /srv/fim-watch/gen_00073.txt ts=2026-10-03T08:42:01.283265+00:00
 [00438/3000] modify simple     /srv/fim-watch/gen_00028.txt ts=2026-10-03T08:42:01.383287+00:00
 [00439/3000] create simple     /srv/fim-watch/gen_00084.txt ts=2026-10-03T08:42:01.483154+00:00
 [00440/3000] modify revertido  /srv/fim-watch/gen_00068.txt ts=2026-10-03T08:42:01.583192+00:00
 [00441/3000] modify revertido  /srv/fim-watch/gen_00068.txt ts=2026-10-03T08:42:01.683009+00:00
 [00442/3000] modify simple     /srv/fim-watch/gen_00044.txt ts=2026-10-03T08:42:01.783277+00:00
 [00443/3000] modify simple     /srv/fim-watch/gen_00071.txt ts=2026-10-03T08:42:01.882820+00:00
 [00444/3000] modify revertido  /srv/fim-watch/gen_00067.txt ts=2026-10-03T08:42:01.983282+00:00
 [00445/3000] modify revertido  /srv/fim-watch/gen_00067.txt ts=2026-10-03T08:42:02.082972+00:00
 [00446/3000] create simple     /srv/fim-watch/gen_00085.txt ts=2026-10-03T08:42:02.183160+00:00
 [00447/3000] delete simple     /srv/fim-watch/critico/gen_00023.txt ts=2026-10-03T08:42:02.283163+00:00
 [00448/3000] modify simple     /srv/fim-watch/gen_00062.txt ts=2026-10-03T08:42:02.383099+00:00
 [00449/3000] modify simple     /srv/fim-watch/gen_00020.txt ts=2026-10-03T08:42:02.483244+00:00
 [00450/3000] modify simple     /srv/fim-watch/gen_00019.txt ts=2026-10-03T08:42:02.583009+00:00
 [00451/3000] create simple     /srv/fim-watch/gen_00086.txt ts=2026-10-03T08:42:02.683001+00:00
 [00452/3000] modify simple     /srv/fim-watch/gen_00059.txt ts=2026-10-03T08:42:02.783250+00:00
 [00453/3000] create simple     /srv/fim-watch/critico/gen_00087.txt ts=2026-10-03T08:42:02.883142+00:00
 [00454/3000] modify revertido  /srv/fim-watch/gen_00058.txt ts=2026-10-03T08:42:02.983267+00:00
 [00455/3000] modify revertido  /srv/fim-watch/gen_00058.txt ts=2026-10-03T08:42:03.083143+00:00
 [00456/3000] modify colapsado  /srv/fim-watch/gen_00072.txt ts=2026-10-03T08:42:03.183240+00:00
 [00457/3000] modify colapsado  /srv/fim-watch/gen_00072.txt ts=2026-10-03T08:42:03.283289+00:00
 [00458/3000] modify colapsado  /srv/fim-watch/gen_00072.txt ts=2026-10-03T08:42:03.382986+00:00
 [00459/3000] modify colapsado  /srv/fim-watch/gen_00072.txt ts=2026-10-03T08:42:03.483276+00:00
 [00460/3000] modify colapsado  /srv/fim-watch/gen_00072.txt ts=2026-10-03T08:42:03.583101+00:00
 [00461/3000] modify simple     /srv/fim-watch/gen_00082.txt ts=2026-10-03T08:42:03.682882+00:00
 [00462/3000] modify simple     /srv/fim-watch/critico/gen_00081.txt ts=2026-10-03T08:42:03.783168+00:00
 [00463/3000] modify revertido  /srv/fim-watch/gen_00066.txt ts=2026-10-03T08:42:03.882823+00:00
 [00464/3000] modify revertido  /srv/fim-watch/gen_00066.txt ts=2026-10-03T08:42:03.983180+00:00
 [00465/3000] modify simple     /srv/fim-watch/critico/gen_00087.txt ts=2026-10-03T08:42:04.083254+00:00
 [00466/3000] delete simple     /srv/fim-watch/gen_00019.txt ts=2026-10-03T08:42:04.183192+00:00
 [00467/3000] modify simple     /srv/fim-watch/gen_00029.txt ts=2026-10-03T08:42:04.283335+00:00
 [00468/3000] create simple     /srv/fim-watch/gen_00088.txt ts=2026-10-03T08:42:04.383037+00:00
 [00469/3000] create simple     /srv/fim-watch/gen_00089.txt ts=2026-10-03T08:42:04.482783+00:00
 [00470/3000] modify simple     /srv/fim-watch/gen_00050.txt ts=2026-10-03T08:42:04.582936+00:00
 [00471/3000] create simple     /srv/fim-watch/gen_00090.txt ts=2026-10-03T08:42:04.682844+00:00
 [00472/3000] modify colapsado  /srv/fim-watch/critico/gen_00081.txt ts=2026-10-03T08:42:04.783474+00:00
 [00473/3000] modify colapsado  /srv/fim-watch/critico/gen_00081.txt ts=2026-10-03T08:42:04.883174+00:00
 [00474/3000] modify colapsado  /srv/fim-watch/critico/gen_00081.txt ts=2026-10-03T08:42:04.983828+00:00
 [00475/3000] modify colapsado  /srv/fim-watch/critico/gen_00081.txt ts=2026-10-03T08:42:05.082993+00:00
 [00476/3000] modify colapsado  /srv/fim-watch/critico/gen_00081.txt ts=2026-10-03T08:42:05.183364+00:00
 [00477/3000] delete simple     /srv/fim-watch/gen_00045.txt ts=2026-10-03T08:42:05.282979+00:00
 [00478/3000] delete simple     /srv/fim-watch/gen_00013.txt ts=2026-10-03T08:42:05.383133+00:00
 [00479/3000] create simple     /srv/fim-watch/critico/gen_00091.txt ts=2026-10-03T08:42:05.483109+00:00
 [00480/3000] modify simple     /srv/fim-watch/gen_00033.txt ts=2026-10-03T08:42:05.583275+00:00
 [00481/3000] modify simple     /srv/fim-watch/gen_00040.txt ts=2026-10-03T08:42:05.683368+00:00
 [00482/3000] modify simple     /srv/fim-watch/gen_00057.txt ts=2026-10-03T08:42:05.782927+00:00
 [00483/3000] modify simple     /srv/fim-watch/gen_00040.txt ts=2026-10-03T08:42:05.883111+00:00
 [00484/3000] modify colapsado  /srv/fim-watch/gen_00054.txt ts=2026-10-03T08:42:05.983246+00:00
 [00485/3000] modify colapsado  /srv/fim-watch/gen_00054.txt ts=2026-10-03T08:42:06.083165+00:00
 [00486/3000] modify colapsado  /srv/fim-watch/gen_00054.txt ts=2026-10-03T08:42:06.183114+00:00
 [00487/3000] modify colapsado  /srv/fim-watch/gen_00054.txt ts=2026-10-03T08:42:06.283260+00:00
 [00488/3000] modify colapsado  /srv/fim-watch/gen_00054.txt ts=2026-10-03T08:42:06.383271+00:00
 [00489/3000] create simple     /srv/fim-watch/gen_00092.txt ts=2026-10-03T08:42:06.483163+00:00
 [00490/3000] delete simple     /srv/fim-watch/critico/gen_00087.txt ts=2026-10-03T08:42:06.582972+00:00
 [00491/3000] modify revertido  /srv/fim-watch/gen_00070.txt ts=2026-10-03T08:42:06.683216+00:00
 [00492/3000] modify revertido  /srv/fim-watch/gen_00070.txt ts=2026-10-03T08:42:06.783255+00:00
 [00493/3000] create simple     /srv/fim-watch/gen_00093.txt ts=2026-10-03T08:42:06.882848+00:00
 [00494/3000] modify simple     /srv/fim-watch/critico/gen_00047.txt ts=2026-10-03T08:42:06.983088+00:00
 [00495/3000] create simple     /srv/fim-watch/critico/gen_00094.txt ts=2026-10-03T08:42:07.082991+00:00
 [00496/3000] create simple     /srv/fim-watch/gen_00095.txt ts=2026-10-03T08:42:07.183161+00:00
 [00497/3000] modify simple     /srv/fim-watch/gen_00089.txt ts=2026-10-03T08:42:07.283125+00:00
 [00498/3000] create simple     /srv/fim-watch/gen_00096.txt ts=2026-10-03T08:42:07.383041+00:00
 [00499/3000] delete simple     /srv/fim-watch/gen_00095.txt ts=2026-10-03T08:42:07.483131+00:00
 [00500/3000] modify simple     /srv/fim-watch/gen_00055.txt ts=2026-10-03T08:42:07.583253+00:00
 [00501/3000] modify simple     /srv/fim-watch/gen_00071.txt ts=2026-10-03T08:42:07.683117+00:00
 [00502/3000] create simple     /srv/fim-watch/gen_00097.txt ts=2026-10-03T08:42:07.782901+00:00
 [00503/3000] modify simple     /srv/fim-watch/gen_00055.txt ts=2026-10-03T08:42:07.883128+00:00
 [00504/3000] modify revertido  /srv/fim-watch/critico/gen_00037.txt ts=2026-10-03T08:42:07.983256+00:00
 [00505/3000] modify revertido  /srv/fim-watch/critico/gen_00037.txt ts=2026-10-03T08:42:08.083282+00:00
 [00506/3000] modify simple     /srv/fim-watch/gen_00029.txt ts=2026-10-03T08:42:08.183505+00:00
 [00507/3000] modify simple     /srv/fim-watch/gen_00085.txt ts=2026-10-03T08:42:08.283092+00:00
 [00508/3000] modify simple     /srv/fim-watch/gen_00055.txt ts=2026-10-03T08:42:08.383267+00:00
 [00509/3000] delete simple     /srv/fim-watch/gen_00082.txt ts=2026-10-03T08:42:08.482989+00:00
 [00510/3000] delete simple     /srv/fim-watch/gen_00055.txt ts=2026-10-03T08:42:08.583151+00:00
 [00511/3000] create simple     /srv/fim-watch/gen_00098.txt ts=2026-10-03T08:42:08.683361+00:00
 [00512/3000] create simple     /srv/fim-watch/gen_00099.txt ts=2026-10-03T08:42:08.783201+00:00
 [00513/3000] modify simple     /srv/fim-watch/gen_00043.txt ts=2026-10-03T08:42:08.883053+00:00
 [00514/3000] modify simple     /srv/fim-watch/gen_00093.txt ts=2026-10-03T08:42:08.983274+00:00
 [00515/3000] modify simple     /srv/fim-watch/gen_00066.txt ts=2026-10-03T08:42:09.083145+00:00
 [00516/3000] modify simple     /srv/fim-watch/critico/gen_00025.txt ts=2026-10-03T08:42:09.183290+00:00
 [00517/3000] create simple     /srv/fim-watch/gen_00100.txt ts=2026-10-03T08:42:09.283099+00:00
 [00518/3000] modify simple     /srv/fim-watch/gen_00090.txt ts=2026-10-03T08:42:09.383281+00:00
 [00519/3000] delete simple     /srv/fim-watch/gen_00077.txt ts=2026-10-03T08:42:09.483156+00:00
 [00520/3000] modify simple     /srv/fim-watch/gen_00098.txt ts=2026-10-03T08:42:09.583054+00:00
 [00521/3000] modify simple     /srv/fim-watch/gen_00067.txt ts=2026-10-03T08:42:09.682992+00:00
 [00522/3000] modify simple     /srv/fim-watch/gen_00093.txt ts=2026-10-03T08:42:09.783279+00:00
 [00523/3000] modify simple     /srv/fim-watch/gen_00071.txt ts=2026-10-03T08:42:09.883119+00:00
 [00524/3000] modify simple     /srv/fim-watch/gen_00006.txt ts=2026-10-03T08:42:09.983268+00:00
 [00525/3000] create efimero    /srv/fim-watch/gen_00101.txt ts=2026-10-03T08:42:10.083003+00:00
 [00526/3000] delete efimero    /srv/fim-watch/gen_00101.txt ts=2026-10-03T08:42:10.183120+00:00
 [00527/3000] modify simple     /srv/fim-watch/gen_00049.txt ts=2026-10-03T08:42:10.283117+00:00
 [00528/3000] modify colapsado  /srv/fim-watch/gen_00067.txt ts=2026-10-03T08:42:10.383106+00:00
 [00529/3000] modify colapsado  /srv/fim-watch/gen_00067.txt ts=2026-10-03T08:42:10.483332+00:00
 [00530/3000] modify colapsado  /srv/fim-watch/gen_00067.txt ts=2026-10-03T08:42:10.583280+00:00
 [00531/3000] modify colapsado  /srv/fim-watch/gen_00067.txt ts=2026-10-03T08:42:10.683279+00:00
 [00532/3000] modify colapsado  /srv/fim-watch/gen_00067.txt ts=2026-10-03T08:42:10.783282+00:00
 [00533/3000] modify simple     /srv/fim-watch/gen_00071.txt ts=2026-10-03T08:42:10.883254+00:00
 [00534/3000] create simple     /srv/fim-watch/gen_00102.txt ts=2026-10-03T08:42:10.982930+00:00
 [00535/3000] create simple     /srv/fim-watch/gen_00103.txt ts=2026-10-03T08:42:11.083046+00:00
 [00536/3000] modify simple     /srv/fim-watch/gen_00072.txt ts=2026-10-03T08:42:11.183298+00:00
 [00537/3000] modify simple     /srv/fim-watch/gen_00028.txt ts=2026-10-03T08:42:11.283281+00:00
 [00538/3000] delete simple     /srv/fim-watch/critico/gen_00081.txt ts=2026-10-03T08:42:11.383175+00:00
 [00539/3000] modify simple     /srv/fim-watch/gen_00070.txt ts=2026-10-03T08:42:11.483132+00:00
 [00540/3000] modify colapsado  /srv/fim-watch/gen_00050.txt ts=2026-10-03T08:42:11.583313+00:00
 [00541/3000] modify colapsado  /srv/fim-watch/gen_00050.txt ts=2026-10-03T08:42:11.683021+00:00
 [00542/3000] modify colapsado  /srv/fim-watch/gen_00050.txt ts=2026-10-03T08:42:11.783269+00:00
 [00543/3000] modify colapsado  /srv/fim-watch/gen_00050.txt ts=2026-10-03T08:42:11.883077+00:00
 [00544/3000] modify colapsado  /srv/fim-watch/gen_00050.txt ts=2026-10-03T08:42:11.983087+00:00
 [00545/3000] modify simple     /srv/fim-watch/gen_00071.txt ts=2026-10-03T08:42:12.083286+00:00
 [00546/3000] modify simple     /srv/fim-watch/gen_00072.txt ts=2026-10-03T08:42:12.183074+00:00
 [00547/3000] create simple     /srv/fim-watch/gen_00104.txt ts=2026-10-03T08:42:12.283178+00:00
 [00548/3000] modify simple     /srv/fim-watch/gen_00028.txt ts=2026-10-03T08:42:12.383283+00:00
 [00549/3000] modify revertido  /srv/fim-watch/critico/gen_00069.txt ts=2026-10-03T08:42:12.483278+00:00
 [00550/3000] modify revertido  /srv/fim-watch/critico/gen_00069.txt ts=2026-10-03T08:42:12.583260+00:00
 [00551/3000] create simple     /srv/fim-watch/gen_00105.txt ts=2026-10-03T08:42:12.683209+00:00
 [00552/3000] modify simple     /srv/fim-watch/gen_00048.txt ts=2026-10-03T08:42:12.783122+00:00
 [00553/3000] modify simple     /srv/fim-watch/gen_00048.txt ts=2026-10-03T08:42:12.883259+00:00
 [00554/3000] modify simple     /srv/fim-watch/gen_00086.txt ts=2026-10-03T08:42:12.983255+00:00
 [00555/3000] modify revertido  /srv/fim-watch/gen_00036.txt ts=2026-10-03T08:42:13.083101+00:00
 [00556/3000] modify revertido  /srv/fim-watch/gen_00036.txt ts=2026-10-03T08:42:13.183474+00:00
 [00557/3000] modify simple     /srv/fim-watch/gen_00040.txt ts=2026-10-03T08:42:13.283263+00:00
 [00558/3000] modify revertido  /srv/fim-watch/gen_00036.txt ts=2026-10-03T08:42:13.383209+00:00
 [00559/3000] modify revertido  /srv/fim-watch/gen_00036.txt ts=2026-10-03T08:42:13.483036+00:00
 [00560/3000] modify revertido  /srv/fim-watch/gen_00073.txt ts=2026-10-03T08:42:13.583179+00:00
 [00561/3000] modify revertido  /srv/fim-watch/gen_00073.txt ts=2026-10-03T08:42:13.683286+00:00
 [00562/3000] modify simple     /srv/fim-watch/gen_00042.txt ts=2026-10-03T08:42:13.783021+00:00
 [00563/3000] modify simple     /srv/fim-watch/gen_00040.txt ts=2026-10-03T08:42:13.883152+00:00
 [00564/3000] modify simple     /srv/fim-watch/gen_00088.txt ts=2026-10-03T08:42:13.983090+00:00
 [00565/3000] create simple     /srv/fim-watch/gen_00106.txt ts=2026-10-03T08:42:14.083283+00:00
 [00566/3000] modify simple     /srv/fim-watch/gen_00076.txt ts=2026-10-03T08:42:14.182990+00:00
 [00567/3000] modify simple     /srv/fim-watch/gen_00072.txt ts=2026-10-03T08:42:14.282978+00:00
 [00568/3000] modify revertido  /srv/fim-watch/gen_00036.txt ts=2026-10-03T08:42:14.383284+00:00
 [00569/3000] modify revertido  /srv/fim-watch/gen_00036.txt ts=2026-10-03T08:42:14.483459+00:00
 [00570/3000] modify simple     /srv/fim-watch/gen_00049.txt ts=2026-10-03T08:42:14.582907+00:00
 [00571/3000] create efimero    /srv/fim-watch/gen_00107.txt ts=2026-10-03T08:42:14.683341+00:00
 [00572/3000] delete efimero    /srv/fim-watch/gen_00107.txt ts=2026-10-03T08:42:14.782704+00:00
 [00573/3000] modify simple     /srv/fim-watch/gen_00054.txt ts=2026-10-03T08:42:14.883702+00:00
 [00574/3000] modify simple     /srv/fim-watch/gen_00103.txt ts=2026-10-03T08:42:14.983108+00:00
 [00575/3000] modify simple     /srv/fim-watch/gen_00064.txt ts=2026-10-03T08:42:15.083299+00:00
 [00576/3000] modify simple     /srv/fim-watch/gen_00096.txt ts=2026-10-03T08:42:15.183032+00:00
 [00577/3000] modify simple     /srv/fim-watch/gen_00078.txt ts=2026-10-03T08:42:15.283268+00:00
 [00578/3000] modify simple     /srv/fim-watch/gen_00020.txt ts=2026-10-03T08:42:15.382984+00:00
 [00579/3000] modify simple     /srv/fim-watch/gen_00044.txt ts=2026-10-03T08:42:15.483291+00:00
 [00580/3000] modify revertido  /srv/fim-watch/gen_00073.txt ts=2026-10-03T08:42:15.583344+00:00
 [00581/3000] modify revertido  /srv/fim-watch/gen_00073.txt ts=2026-10-03T08:42:15.683131+00:00
 [00582/3000] create simple     /srv/fim-watch/gen_00108.txt ts=2026-10-03T08:42:15.782942+00:00
 [00583/3000] create simple     /srv/fim-watch/gen_00109.txt ts=2026-10-03T08:42:15.883173+00:00
 [00584/3000] modify simple     /srv/fim-watch/gen_00033.txt ts=2026-10-03T08:42:15.982914+00:00
 [00585/3000] modify revertido  /srv/fim-watch/gen_00029.txt ts=2026-10-03T08:42:16.083118+00:00
 [00586/3000] modify revertido  /srv/fim-watch/gen_00029.txt ts=2026-10-03T08:42:16.183135+00:00
 [00587/3000] create simple     /srv/fim-watch/critico/gen_00110.txt ts=2026-10-03T08:42:16.283157+00:00
 [00588/3000] create simple     /srv/fim-watch/gen_00111.txt ts=2026-10-03T08:42:16.383075+00:00
 [00589/3000] modify simple     /srv/fim-watch/gen_00079.txt ts=2026-10-03T08:42:16.483456+00:00
 [00590/3000] modify simple     /srv/fim-watch/gen_00060.txt ts=2026-10-03T08:42:16.583245+00:00
 [00591/3000] create efimero    /srv/fim-watch/gen_00112.txt ts=2026-10-03T08:42:16.682842+00:00
 [00592/3000] delete efimero    /srv/fim-watch/gen_00112.txt ts=2026-10-03T08:42:16.782976+00:00
 [00593/3000] modify revertido  /srv/fim-watch/gen_00088.txt ts=2026-10-03T08:42:16.883295+00:00
 [00594/3000] modify revertido  /srv/fim-watch/gen_00088.txt ts=2026-10-03T08:42:16.982987+00:00
 [00595/3000] modify simple     /srv/fim-watch/gen_00058.txt ts=2026-10-03T08:42:17.083249+00:00
 [00596/3000] modify simple     /srv/fim-watch/gen_00048.txt ts=2026-10-03T08:42:17.183053+00:00
 [00597/3000] modify revertido  /srv/fim-watch/gen_00042.txt ts=2026-10-03T08:42:17.283122+00:00
 [00598/3000] modify revertido  /srv/fim-watch/gen_00042.txt ts=2026-10-03T08:42:17.383031+00:00
 [00599/3000] delete simple     /srv/fim-watch/gen_00059.txt ts=2026-10-03T08:42:17.483154+00:00
 [00600/3000] create simple     /srv/fim-watch/gen_00113.txt ts=2026-10-03T08:42:17.583341+00:00
 [00601/3000] delete simple     /srv/fim-watch/gen_00092.txt ts=2026-10-03T08:42:17.682966+00:00
 [00602/3000] modify simple     /srv/fim-watch/gen_00006.txt ts=2026-10-03T08:42:17.783141+00:00
 [00603/3000] modify revertido  /srv/fim-watch/gen_00072.txt ts=2026-10-03T08:42:17.883321+00:00
 [00604/3000] modify revertido  /srv/fim-watch/gen_00072.txt ts=2026-10-03T08:42:17.982979+00:00
 [00605/3000] modify simple     /srv/fim-watch/gen_00070.txt ts=2026-10-03T08:42:18.083280+00:00
 [00606/3000] modify colapsado  /srv/fim-watch/gen_00079.txt ts=2026-10-03T08:42:18.183501+00:00
 [00607/3000] modify colapsado  /srv/fim-watch/gen_00079.txt ts=2026-10-03T08:42:18.283153+00:00
 [00608/3000] modify colapsado  /srv/fim-watch/gen_00079.txt ts=2026-10-03T08:42:18.383291+00:00
 [00609/3000] modify colapsado  /srv/fim-watch/gen_00079.txt ts=2026-10-03T08:42:18.483300+00:00
 [00610/3000] modify colapsado  /srv/fim-watch/gen_00079.txt ts=2026-10-03T08:42:18.583129+00:00
 [00611/3000] modify simple     /srv/fim-watch/gen_00020.txt ts=2026-10-03T08:42:18.683284+00:00
 [00612/3000] modify simple     /srv/fim-watch/gen_00060.txt ts=2026-10-03T08:42:18.783499+00:00
 [00613/3000] modify simple     /srv/fim-watch/gen_00049.txt ts=2026-10-03T08:42:18.883523+00:00
 [00614/3000] create simple     /srv/fim-watch/gen_00114.txt ts=2026-10-03T08:42:18.982796+00:00
 [00615/3000] create simple     /srv/fim-watch/gen_00115.txt ts=2026-10-03T08:42:19.083068+00:00
 [00616/3000] modify simple     /srv/fim-watch/gen_00033.txt ts=2026-10-03T08:42:19.183102+00:00
 [00617/3000] modify simple     /srv/fim-watch/gen_00088.txt ts=2026-10-03T08:42:19.283274+00:00
 [00618/3000] create simple     /srv/fim-watch/gen_00116.txt ts=2026-10-03T08:42:19.383176+00:00
 [00619/3000] modify simple     /srv/fim-watch/gen_00106.txt ts=2026-10-03T08:42:19.483109+00:00
 [00620/3000] modify simple     /srv/fim-watch/gen_00016.txt ts=2026-10-03T08:42:19.583291+00:00
 [00621/3000] create simple     /srv/fim-watch/gen_00117.txt ts=2026-10-03T08:42:19.682971+00:00
 [00622/3000] modify simple     /srv/fim-watch/gen_00067.txt ts=2026-10-03T08:42:19.782930+00:00
 [00623/3000] delete simple     /srv/fim-watch/critico/gen_00094.txt ts=2026-10-03T08:42:19.882875+00:00
 [00624/3000] delete simple     /srv/fim-watch/gen_00028.txt ts=2026-10-03T08:42:19.982907+00:00
 [00625/3000] modify simple     /srv/fim-watch/gen_00050.txt ts=2026-10-03T08:42:20.082970+00:00
 [00626/3000] modify simple     /srv/fim-watch/critico/gen_00069.txt ts=2026-10-03T08:42:20.183257+00:00
 [00627/3000] create efimero    /srv/fim-watch/gen_00118.txt ts=2026-10-03T08:42:20.283181+00:00
 [00628/3000] delete efimero    /srv/fim-watch/gen_00118.txt ts=2026-10-03T08:42:20.383367+00:00
 [00629/3000] modify colapsado  /srv/fim-watch/gen_00044.txt ts=2026-10-03T08:42:20.483259+00:00
 [00630/3000] modify colapsado  /srv/fim-watch/gen_00044.txt ts=2026-10-03T08:42:20.583127+00:00
 [00631/3000] modify colapsado  /srv/fim-watch/gen_00044.txt ts=2026-10-03T08:42:20.683262+00:00
 [00632/3000] modify colapsado  /srv/fim-watch/gen_00044.txt ts=2026-10-03T08:42:20.783271+00:00
 [00633/3000] modify colapsado  /srv/fim-watch/gen_00044.txt ts=2026-10-03T08:42:20.883407+00:00
 [00634/3000] modify simple     /srv/fim-watch/gen_00116.txt ts=2026-10-03T08:42:20.983113+00:00
 [00635/3000] create simple     /srv/fim-watch/gen_00119.txt ts=2026-10-03T08:42:21.083085+00:00
 [00636/3000] modify simple     /srv/fim-watch/gen_00042.txt ts=2026-10-03T08:42:21.183270+00:00
 [00637/3000] create simple     /srv/fim-watch/gen_00120.txt ts=2026-10-03T08:42:21.282990+00:00
 [00638/3000] create simple     /srv/fim-watch/gen_00121.txt ts=2026-10-03T08:42:21.382992+00:00
 [00639/3000] modify simple     /srv/fim-watch/gen_00058.txt ts=2026-10-03T08:42:21.483115+00:00
 [00640/3000] create simple     /srv/fim-watch/gen_00122.txt ts=2026-10-03T08:42:21.583010+00:00
 [00641/3000] create simple     /srv/fim-watch/critico/gen_00123.txt ts=2026-10-03T08:42:21.683357+00:00
 [00642/3000] modify simple     /srv/fim-watch/gen_00102.txt ts=2026-10-03T08:42:21.783274+00:00
 [00643/3000] modify revertido  /srv/fim-watch/gen_00090.txt ts=2026-10-03T08:42:21.883293+00:00
 [00644/3000] modify revertido  /srv/fim-watch/gen_00090.txt ts=2026-10-03T08:42:21.983361+00:00
 [00645/3000] modify simple     /srv/fim-watch/gen_00098.txt ts=2026-10-03T08:42:22.082968+00:00
 [00646/3000] modify simple     /srv/fim-watch/gen_00068.txt ts=2026-10-03T08:42:22.183269+00:00
 [00647/3000] delete simple     /srv/fim-watch/critico/gen_00047.txt ts=2026-10-03T08:42:22.282866+00:00
 [00648/3000] modify simple     /srv/fim-watch/critico/gen_00061.txt ts=2026-10-03T08:42:22.383309+00:00
 [00649/3000] modify simple     /srv/fim-watch/critico/gen_00069.txt ts=2026-10-03T08:42:22.483268+00:00
 [00650/3000] create simple     /srv/fim-watch/gen_00124.txt ts=2026-10-03T08:42:22.582940+00:00
 [00651/3000] delete simple     /srv/fim-watch/gen_00097.txt ts=2026-10-03T08:42:22.683101+00:00
 [00652/3000] modify simple     /srv/fim-watch/gen_00033.txt ts=2026-10-03T08:42:22.783517+00:00
 [00653/3000] delete simple     /srv/fim-watch/gen_00076.txt ts=2026-10-03T08:42:22.883150+00:00
 [00654/3000] modify simple     /srv/fim-watch/gen_00100.txt ts=2026-10-03T08:42:22.983347+00:00
 [00655/3000] modify simple     /srv/fim-watch/critico/gen_00053.txt ts=2026-10-03T08:42:23.083511+00:00
 [00656/3000] modify simple     /srv/fim-watch/gen_00093.txt ts=2026-10-03T08:42:23.183260+00:00
 [00657/3000] create simple     /srv/fim-watch/gen_00125.txt ts=2026-10-03T08:42:23.283074+00:00
 [00658/3000] modify simple     /srv/fim-watch/gen_00104.txt ts=2026-10-03T08:42:23.383155+00:00
 [00659/3000] modify simple     /srv/fim-watch/gen_00115.txt ts=2026-10-03T08:42:23.483295+00:00
 [00660/3000] create simple     /srv/fim-watch/gen_00126.txt ts=2026-10-03T08:42:23.583004+00:00
 [00661/3000] modify simple     /srv/fim-watch/gen_00114.txt ts=2026-10-03T08:42:23.683128+00:00
 [00662/3000] modify simple     /srv/fim-watch/gen_00122.txt ts=2026-10-03T08:42:23.783350+00:00
 [00663/3000] create simple     /srv/fim-watch/gen_00127.txt ts=2026-10-03T08:42:23.883343+00:00
 [00664/3000] create simple     /srv/fim-watch/gen_00128.txt ts=2026-10-03T08:42:23.983364+00:00
 [00665/3000] modify simple     /srv/fim-watch/gen_00098.txt ts=2026-10-03T08:42:24.083101+00:00
 [00666/3000] modify revertido  /srv/fim-watch/critico/gen_00110.txt ts=2026-10-03T08:42:24.183259+00:00
 [00667/3000] modify revertido  /srv/fim-watch/critico/gen_00110.txt ts=2026-10-03T08:42:24.282973+00:00
 [00668/3000] delete simple     /srv/fim-watch/gen_00090.txt ts=2026-10-03T08:42:24.383021+00:00
 [00669/3000] modify simple     /srv/fim-watch/gen_00116.txt ts=2026-10-03T08:42:24.483301+00:00
 [00670/3000] modify simple     /srv/fim-watch/gen_00125.txt ts=2026-10-03T08:42:24.583499+00:00
 [00671/3000] create simple     /srv/fim-watch/gen_00129.txt ts=2026-10-03T08:42:24.682766+00:00
 [00672/3000] create simple     /srv/fim-watch/critico/gen_00130.txt ts=2026-10-03T08:42:24.783018+00:00
 [00673/3000] create simple     /srv/fim-watch/gen_00131.txt ts=2026-10-03T08:42:24.882848+00:00
 [00674/3000] modify simple     /srv/fim-watch/gen_00100.txt ts=2026-10-03T08:42:24.983274+00:00
 [00675/3000] modify simple     /srv/fim-watch/gen_00054.txt ts=2026-10-03T08:42:25.083388+00:00
 [00676/3000] create simple     /srv/fim-watch/gen_00132.txt ts=2026-10-03T08:42:25.183357+00:00
 [00677/3000] modify simple     /srv/fim-watch/gen_00129.txt ts=2026-10-03T08:42:25.282997+00:00
 [00678/3000] modify revertido  /srv/fim-watch/gen_00099.txt ts=2026-10-03T08:42:25.383259+00:00
 [00679/3000] modify revertido  /srv/fim-watch/gen_00099.txt ts=2026-10-03T08:42:25.483510+00:00
 [00680/3000] modify simple     /srv/fim-watch/critico/gen_00061.txt ts=2026-10-03T08:42:25.583149+00:00
 [00681/3000] modify simple     /srv/fim-watch/gen_00104.txt ts=2026-10-03T08:42:25.683292+00:00
 [00682/3000] modify simple     /srv/fim-watch/critico/gen_00110.txt ts=2026-10-03T08:42:25.783527+00:00
 [00683/3000] delete simple     /srv/fim-watch/critico/gen_00110.txt ts=2026-10-03T08:42:25.883140+00:00
 [00684/3000] modify simple     /srv/fim-watch/gen_00079.txt ts=2026-10-03T08:42:25.983530+00:00
 [00685/3000] modify simple     /srv/fim-watch/gen_00109.txt ts=2026-10-03T08:42:26.083254+00:00
 [00686/3000] delete simple     /srv/fim-watch/gen_00119.txt ts=2026-10-03T08:42:26.183039+00:00
 [00687/3000] modify simple     /srv/fim-watch/gen_00042.txt ts=2026-10-03T08:42:26.283265+00:00
 [00688/3000] modify simple     /srv/fim-watch/gen_00093.txt ts=2026-10-03T08:42:26.383310+00:00
 [00689/3000] delete simple     /srv/fim-watch/critico/gen_00069.txt ts=2026-10-03T08:42:26.483005+00:00
 [00690/3000] create efimero    /srv/fim-watch/gen_00133.txt ts=2026-10-03T08:42:26.583375+00:00
 [00691/3000] delete efimero    /srv/fim-watch/gen_00133.txt ts=2026-10-03T08:42:26.683198+00:00
 [00692/3000] modify simple     /srv/fim-watch/gen_00079.txt ts=2026-10-03T08:42:26.782995+00:00
 [00693/3000] modify simple     /srv/fim-watch/gen_00116.txt ts=2026-10-03T08:42:26.883291+00:00
 [00694/3000] modify simple     /srv/fim-watch/gen_00068.txt ts=2026-10-03T08:42:26.983519+00:00
 [00695/3000] modify colapsado  /srv/fim-watch/gen_00088.txt ts=2026-10-03T08:42:27.082992+00:00
 [00696/3000] modify colapsado  /srv/fim-watch/gen_00088.txt ts=2026-10-03T08:42:27.183553+00:00
 [00697/3000] modify colapsado  /srv/fim-watch/gen_00088.txt ts=2026-10-03T08:42:27.282696+00:00
 [00698/3000] modify colapsado  /srv/fim-watch/gen_00088.txt ts=2026-10-03T08:42:27.383179+00:00
 [00699/3000] modify colapsado  /srv/fim-watch/gen_00088.txt ts=2026-10-03T08:42:27.483530+00:00
 [00700/3000] create simple     /srv/fim-watch/gen_00134.txt ts=2026-10-03T08:42:27.583128+00:00
 [00701/3000] modify simple     /srv/fim-watch/gen_00100.txt ts=2026-10-03T08:42:27.683570+00:00
 [00702/3000] delete simple     /srv/fim-watch/gen_00044.txt ts=2026-10-03T08:42:27.782920+00:00
 [00703/3000] create simple     /srv/fim-watch/gen_00135.txt ts=2026-10-03T08:42:27.883178+00:00
 [00704/3000] modify simple     /srv/fim-watch/gen_00060.txt ts=2026-10-03T08:42:27.983497+00:00
 [00705/3000] modify colapsado  /srv/fim-watch/gen_00121.txt ts=2026-10-03T08:42:28.083137+00:00
 [00706/3000] modify colapsado  /srv/fim-watch/gen_00121.txt ts=2026-10-03T08:42:28.182975+00:00
 [00707/3000] modify colapsado  /srv/fim-watch/gen_00121.txt ts=2026-10-03T08:42:28.283128+00:00
 [00708/3000] modify colapsado  /srv/fim-watch/gen_00121.txt ts=2026-10-03T08:42:28.383290+00:00
 [00709/3000] modify colapsado  /srv/fim-watch/gen_00121.txt ts=2026-10-03T08:42:28.483254+00:00
 [00710/3000] modify revertido  /srv/fim-watch/gen_00084.txt ts=2026-10-03T08:42:28.583306+00:00
 [00711/3000] modify revertido  /srv/fim-watch/gen_00084.txt ts=2026-10-03T08:42:28.683057+00:00
 [00712/3000] create simple     /srv/fim-watch/gen_00136.txt ts=2026-10-03T08:42:28.783342+00:00
 [00713/3000] modify simple     /srv/fim-watch/gen_00100.txt ts=2026-10-03T08:42:28.883538+00:00
 [00714/3000] modify revertido  /srv/fim-watch/gen_00060.txt ts=2026-10-03T08:42:28.983461+00:00
 [00715/3000] modify revertido  /srv/fim-watch/gen_00060.txt ts=2026-10-03T08:42:29.082939+00:00
 [00716/3000] modify simple     /srv/fim-watch/gen_00067.txt ts=2026-10-03T08:42:29.183140+00:00
 [00717/3000] modify simple     /srv/fim-watch/gen_00042.txt ts=2026-10-03T08:42:29.283648+00:00
 [00718/3000] create efimero    /srv/fim-watch/gen_00137.txt ts=2026-10-03T08:42:29.382999+00:00
 [00719/3000] delete efimero    /srv/fim-watch/gen_00137.txt ts=2026-10-03T08:42:29.483122+00:00
 [00720/3000] modify simple     /srv/fim-watch/critico/gen_00061.txt ts=2026-10-03T08:42:29.583341+00:00
 [00721/3000] delete simple     /srv/fim-watch/gen_00121.txt ts=2026-10-03T08:42:29.683031+00:00
 [00722/3000] modify revertido  /srv/fim-watch/gen_00085.txt ts=2026-10-03T08:42:29.783333+00:00
 [00723/3000] modify revertido  /srv/fim-watch/gen_00085.txt ts=2026-10-03T08:42:29.883451+00:00
 [00724/3000] modify simple     /srv/fim-watch/gen_00116.txt ts=2026-10-03T08:42:29.983119+00:00
 [00725/3000] modify simple     /srv/fim-watch/gen_00136.txt ts=2026-10-03T08:42:30.083133+00:00
 [00726/3000] modify simple     /srv/fim-watch/gen_00029.txt ts=2026-10-03T08:42:30.183478+00:00
 [00727/3000] modify simple     /srv/fim-watch/critico/gen_00123.txt ts=2026-10-03T08:42:30.283054+00:00
 [00728/3000] modify simple     /srv/fim-watch/gen_00062.txt ts=2026-10-03T08:42:30.383088+00:00
 [00729/3000] modify simple     /srv/fim-watch/gen_00065.txt ts=2026-10-03T08:42:30.483310+00:00
 [00730/3000] modify simple     /srv/fim-watch/gen_00106.txt ts=2026-10-03T08:42:30.583277+00:00
 [00731/3000] create efimero    /srv/fim-watch/critico/gen_00138.txt ts=2026-10-03T08:42:30.683175+00:00
 [00732/3000] delete efimero    /srv/fim-watch/critico/gen_00138.txt ts=2026-10-03T08:42:30.783122+00:00
 [00733/3000] modify simple     /srv/fim-watch/gen_00054.txt ts=2026-10-03T08:42:30.883274+00:00
 [00734/3000] create simple     /srv/fim-watch/gen_00139.txt ts=2026-10-03T08:42:30.983309+00:00
 [00735/3000] delete simple     /srv/fim-watch/gen_00072.txt ts=2026-10-03T08:42:31.083162+00:00
 [00736/3000] modify colapsado  /srv/fim-watch/gen_00116.txt ts=2026-10-03T08:42:31.183296+00:00
 [00737/3000] modify colapsado  /srv/fim-watch/gen_00116.txt ts=2026-10-03T08:42:31.283378+00:00
 [00738/3000] modify colapsado  /srv/fim-watch/gen_00116.txt ts=2026-10-03T08:42:31.383110+00:00
 [00739/3000] modify colapsado  /srv/fim-watch/gen_00116.txt ts=2026-10-03T08:42:31.483223+00:00
 [00740/3000] modify colapsado  /srv/fim-watch/gen_00116.txt ts=2026-10-03T08:42:31.583405+00:00
 [00741/3000] modify simple     /srv/fim-watch/gen_00078.txt ts=2026-10-03T08:42:31.683500+00:00
 [00742/3000] create simple     /srv/fim-watch/gen_00140.txt ts=2026-10-03T08:42:31.783035+00:00
 [00743/3000] modify colapsado  /srv/fim-watch/gen_00086.txt ts=2026-10-03T08:42:31.883094+00:00
 [00744/3000] modify colapsado  /srv/fim-watch/gen_00086.txt ts=2026-10-03T08:42:31.983309+00:00
 [00745/3000] modify colapsado  /srv/fim-watch/gen_00086.txt ts=2026-10-03T08:42:32.083295+00:00
 [00746/3000] modify colapsado  /srv/fim-watch/gen_00086.txt ts=2026-10-03T08:42:32.183083+00:00
 [00747/3000] modify colapsado  /srv/fim-watch/gen_00086.txt ts=2026-10-03T08:42:32.282872+00:00
 [00748/3000] create simple     /srv/fim-watch/critico/gen_00141.txt ts=2026-10-03T08:42:32.383007+00:00
 [00749/3000] modify simple     /srv/fim-watch/gen_00088.txt ts=2026-10-03T08:42:32.483353+00:00
 [00750/3000] modify simple     /srv/fim-watch/gen_00140.txt ts=2026-10-03T08:42:32.583526+00:00
 [00751/3000] modify simple     /srv/fim-watch/gen_00073.txt ts=2026-10-03T08:42:32.683555+00:00
 [00752/3000] modify simple     /srv/fim-watch/gen_00135.txt ts=2026-10-03T08:42:32.783305+00:00
 [00753/3000] modify simple     /srv/fim-watch/gen_00102.txt ts=2026-10-03T08:42:32.883044+00:00
 [00754/3000] modify simple     /srv/fim-watch/gen_00050.txt ts=2026-10-03T08:42:32.983122+00:00
 [00755/3000] modify simple     /srv/fim-watch/gen_00117.txt ts=2026-10-03T08:42:33.083497+00:00
 [00756/3000] create simple     /srv/fim-watch/gen_00142.txt ts=2026-10-03T08:42:33.183169+00:00
 [00757/3000] modify simple     /srv/fim-watch/gen_00131.txt ts=2026-10-03T08:42:33.283211+00:00
 [00758/3000] modify simple     /srv/fim-watch/gen_00089.txt ts=2026-10-03T08:42:33.383123+00:00
 [00759/3000] modify simple     /srv/fim-watch/gen_00128.txt ts=2026-10-03T08:42:33.483035+00:00
 [00760/3000] modify revertido  /srv/fim-watch/critico/gen_00061.txt ts=2026-10-03T08:42:33.583497+00:00
 [00761/3000] modify revertido  /srv/fim-watch/critico/gen_00061.txt ts=2026-10-03T08:42:33.683280+00:00
 [00762/3000] modify simple     /srv/fim-watch/gen_00086.txt ts=2026-10-03T08:42:33.783116+00:00
 [00763/3000] create efimero    /srv/fim-watch/gen_00143.txt ts=2026-10-03T08:42:33.883102+00:00
 [00764/3000] delete efimero    /srv/fim-watch/gen_00143.txt ts=2026-10-03T08:42:33.983463+00:00
 [00765/3000] modify colapsado  /srv/fim-watch/gen_00054.txt ts=2026-10-03T08:42:34.083508+00:00
 [00766/3000] modify colapsado  /srv/fim-watch/gen_00054.txt ts=2026-10-03T08:42:34.183113+00:00
 [00767/3000] modify colapsado  /srv/fim-watch/gen_00054.txt ts=2026-10-03T08:42:34.283549+00:00
 [00768/3000] modify colapsado  /srv/fim-watch/gen_00054.txt ts=2026-10-03T08:42:34.382877+00:00
 [00769/3000] modify colapsado  /srv/fim-watch/gen_00054.txt ts=2026-10-03T08:42:34.483162+00:00
 [00770/3000] modify revertido  /srv/fim-watch/gen_00117.txt ts=2026-10-03T08:42:34.583276+00:00
 [00771/3000] modify revertido  /srv/fim-watch/gen_00117.txt ts=2026-10-03T08:42:34.683186+00:00
 [00772/3000] create simple     /srv/fim-watch/critico/gen_00144.txt ts=2026-10-03T08:42:34.782988+00:00
 [00773/3000] modify simple     /srv/fim-watch/gen_00054.txt ts=2026-10-03T08:42:34.883536+00:00
 [00774/3000] create simple     /srv/fim-watch/gen_00145.txt ts=2026-10-03T08:42:34.982823+00:00
 [00775/3000] modify simple     /srv/fim-watch/gen_00105.txt ts=2026-10-03T08:42:35.083257+00:00
 [00776/3000] modify revertido  /srv/fim-watch/gen_00016.txt ts=2026-10-03T08:42:35.183108+00:00
 [00777/3000] modify revertido  /srv/fim-watch/gen_00016.txt ts=2026-10-03T08:42:35.283512+00:00
 [00778/3000] modify simple     /srv/fim-watch/critico/gen_00144.txt ts=2026-10-03T08:42:35.383488+00:00
 [00779/3000] create simple     /srv/fim-watch/gen_00146.txt ts=2026-10-03T08:42:35.483453+00:00
 [00780/3000] modify revertido  /srv/fim-watch/gen_00098.txt ts=2026-10-03T08:42:35.583071+00:00
 [00781/3000] modify revertido  /srv/fim-watch/gen_00098.txt ts=2026-10-03T08:42:35.683487+00:00
 [00782/3000] modify simple     /srv/fim-watch/gen_00128.txt ts=2026-10-03T08:42:35.783326+00:00
 [00783/3000] modify simple     /srv/fim-watch/gen_00074.txt ts=2026-10-03T08:42:35.883463+00:00
 [00784/3000] modify simple     /srv/fim-watch/gen_00073.txt ts=2026-10-03T08:42:35.983590+00:00
 [00785/3000] modify simple     /srv/fim-watch/gen_00135.txt ts=2026-10-03T08:42:36.083636+00:00
 [00786/3000] modify simple     /srv/fim-watch/gen_00100.txt ts=2026-10-03T08:42:36.183502+00:00
 [00787/3000] modify simple     /srv/fim-watch/gen_00115.txt ts=2026-10-03T08:42:36.283318+00:00
 [00788/3000] create simple     /srv/fim-watch/gen_00147.txt ts=2026-10-03T08:42:36.383056+00:00
 [00789/3000] delete simple     /srv/fim-watch/critico/gen_00091.txt ts=2026-10-03T08:42:36.483034+00:00
 [00790/3000] modify simple     /srv/fim-watch/gen_00062.txt ts=2026-10-03T08:42:36.583583+00:00
 [00791/3000] modify simple     /srv/fim-watch/gen_00132.txt ts=2026-10-03T08:42:36.683209+00:00
 [00792/3000] modify simple     /srv/fim-watch/gen_00048.txt ts=2026-10-03T08:42:36.783190+00:00
 [00793/3000] modify simple     /srv/fim-watch/gen_00136.txt ts=2026-10-03T08:42:36.883530+00:00
 [00794/3000] delete simple     /srv/fim-watch/gen_00109.txt ts=2026-10-03T08:42:36.983329+00:00
 [00795/3000] modify revertido  /srv/fim-watch/gen_00085.txt ts=2026-10-03T08:42:37.083329+00:00
 [00796/3000] modify revertido  /srv/fim-watch/gen_00085.txt ts=2026-10-03T08:42:37.183077+00:00
 [00797/3000] modify simple     /srv/fim-watch/critico/gen_00130.txt ts=2026-10-03T08:42:37.283137+00:00
 [00798/3000] modify simple     /srv/fim-watch/gen_00006.txt ts=2026-10-03T08:42:37.383279+00:00
 [00799/3000] create simple     /srv/fim-watch/gen_00148.txt ts=2026-10-03T08:42:37.482961+00:00
 [00800/3000] delete simple     /srv/fim-watch/gen_00116.txt ts=2026-10-03T08:42:37.583135+00:00
 [00801/3000] modify colapsado  /srv/fim-watch/gen_00148.txt ts=2026-10-03T08:42:37.683100+00:00
 [00802/3000] modify colapsado  /srv/fim-watch/gen_00148.txt ts=2026-10-03T08:42:37.783482+00:00
 [00803/3000] modify colapsado  /srv/fim-watch/gen_00148.txt ts=2026-10-03T08:42:37.883527+00:00
 [00804/3000] modify colapsado  /srv/fim-watch/gen_00148.txt ts=2026-10-03T08:42:37.983299+00:00
 [00805/3000] modify colapsado  /srv/fim-watch/gen_00148.txt ts=2026-10-03T08:42:38.083196+00:00
 [00806/3000] modify revertido  /srv/fim-watch/gen_00064.txt ts=2026-10-03T08:42:38.183354+00:00
 [00807/3000] modify revertido  /srv/fim-watch/gen_00064.txt ts=2026-10-03T08:42:38.283195+00:00
 [00808/3000] delete simple     /srv/fim-watch/gen_00085.txt ts=2026-10-03T08:42:38.383140+00:00
 [00809/3000] create simple     /srv/fim-watch/gen_00149.txt ts=2026-10-03T08:42:38.482696+00:00
 [00810/3000] modify simple     /srv/fim-watch/critico/gen_00144.txt ts=2026-10-03T08:42:38.583551+00:00
 [00811/3000] modify simple     /srv/fim-watch/gen_00103.txt ts=2026-10-03T08:42:38.683627+00:00
 [00812/3000] modify simple     /srv/fim-watch/gen_00106.txt ts=2026-10-03T08:42:38.782995+00:00
 [00813/3000] delete simple     /srv/fim-watch/gen_00131.txt ts=2026-10-03T08:42:38.883166+00:00
 [00814/3000] modify simple     /srv/fim-watch/gen_00096.txt ts=2026-10-03T08:42:38.983142+00:00
 [00815/3000] create simple     /srv/fim-watch/critico/gen_00150.txt ts=2026-10-03T08:42:39.083336+00:00
 [00816/3000] create simple     /srv/fim-watch/gen_00151.txt ts=2026-10-03T08:42:39.182902+00:00
 [00817/3000] create simple     /srv/fim-watch/gen_00152.txt ts=2026-10-03T08:42:39.283360+00:00
 [00818/3000] modify simple     /srv/fim-watch/gen_00084.txt ts=2026-10-03T08:42:39.383485+00:00
 [00819/3000] create simple     /srv/fim-watch/critico/gen_00153.txt ts=2026-10-03T08:42:39.483071+00:00
 [00820/3000] delete simple     /srv/fim-watch/gen_00127.txt ts=2026-10-03T08:42:39.583302+00:00
 [00821/3000] create simple     /srv/fim-watch/gen_00154.txt ts=2026-10-03T08:42:39.683379+00:00
 [00822/3000] modify simple     /srv/fim-watch/critico/gen_00150.txt ts=2026-10-03T08:42:39.783052+00:00
 [00823/3000] create simple     /srv/fim-watch/gen_00155.txt ts=2026-10-03T08:42:39.883345+00:00
 [00824/3000] modify simple     /srv/fim-watch/gen_00147.txt ts=2026-10-03T08:42:39.983508+00:00
 [00825/3000] modify revertido  /srv/fim-watch/gen_00120.txt ts=2026-10-03T08:42:40.082931+00:00
 [00826/3000] modify revertido  /srv/fim-watch/gen_00120.txt ts=2026-10-03T08:42:40.183488+00:00
 [00827/3000] create simple     /srv/fim-watch/critico/gen_00156.txt ts=2026-10-03T08:42:40.283344+00:00
 [00828/3000] modify simple     /srv/fim-watch/gen_00151.txt ts=2026-10-03T08:42:40.382958+00:00
 [00829/3000] modify simple     /srv/fim-watch/gen_00125.txt ts=2026-10-03T08:42:40.483041+00:00
 [00830/3000] delete simple     /srv/fim-watch/critico/gen_00144.txt ts=2026-10-03T08:42:40.583119+00:00
 [00831/3000] modify simple     /srv/fim-watch/gen_00155.txt ts=2026-10-03T08:42:40.683364+00:00
 [00832/3000] modify simple     /srv/fim-watch/gen_00078.txt ts=2026-10-03T08:42:40.783058+00:00
 [00833/3000] create simple     /srv/fim-watch/gen_00157.txt ts=2026-10-03T08:42:40.882860+00:00
 [00834/3000] modify simple     /srv/fim-watch/gen_00151.txt ts=2026-10-03T08:42:40.983285+00:00
 [00835/3000] create simple     /srv/fim-watch/gen_00158.txt ts=2026-10-03T08:42:41.083159+00:00
 [00836/3000] modify colapsado  /srv/fim-watch/gen_00142.txt ts=2026-10-03T08:42:41.183500+00:00
 [00837/3000] modify colapsado  /srv/fim-watch/gen_00142.txt ts=2026-10-03T08:42:41.283556+00:00
 [00838/3000] modify colapsado  /srv/fim-watch/gen_00142.txt ts=2026-10-03T08:42:41.382963+00:00
 [00839/3000] modify colapsado  /srv/fim-watch/gen_00142.txt ts=2026-10-03T08:42:41.483034+00:00
 [00840/3000] modify colapsado  /srv/fim-watch/gen_00142.txt ts=2026-10-03T08:42:41.583097+00:00
 [00841/3000] create simple     /srv/fim-watch/gen_00159.txt ts=2026-10-03T08:42:41.683194+00:00
 [00842/3000] create simple     /srv/fim-watch/gen_00160.txt ts=2026-10-03T08:42:41.783077+00:00
 [00843/3000] modify simple     /srv/fim-watch/gen_00050.txt ts=2026-10-03T08:42:41.883382+00:00
 [00844/3000] modify simple     /srv/fim-watch/gen_00078.txt ts=2026-10-03T08:42:41.983079+00:00
 [00845/3000] modify simple     /srv/fim-watch/gen_00151.txt ts=2026-10-03T08:42:42.083332+00:00
 [00846/3000] create simple     /srv/fim-watch/gen_00161.txt ts=2026-10-03T08:42:42.182827+00:00
 [00847/3000] modify revertido  /srv/fim-watch/gen_00062.txt ts=2026-10-03T08:42:42.283522+00:00
 [00848/3000] modify revertido  /srv/fim-watch/gen_00062.txt ts=2026-10-03T08:42:42.382980+00:00
 [00849/3000] delete simple     /srv/fim-watch/gen_00099.txt ts=2026-10-03T08:42:42.482885+00:00
 [00850/3000] modify revertido  /srv/fim-watch/gen_00054.txt ts=2026-10-03T08:42:42.583536+00:00
 [00851/3000] modify revertido  /srv/fim-watch/gen_00054.txt ts=2026-10-03T08:42:42.683284+00:00
 [00852/3000] modify revertido  /srv/fim-watch/critico/gen_00053.txt ts=2026-10-03T08:42:42.783240+00:00
 [00853/3000] modify revertido  /srv/fim-watch/critico/gen_00053.txt ts=2026-10-03T08:42:42.883167+00:00
 [00854/3000] modify simple     /srv/fim-watch/gen_00159.txt ts=2026-10-03T08:42:42.983522+00:00
 [00855/3000] modify revertido  /srv/fim-watch/gen_00151.txt ts=2026-10-03T08:42:43.083496+00:00
 [00856/3000] modify revertido  /srv/fim-watch/gen_00151.txt ts=2026-10-03T08:42:43.183497+00:00
 [00857/3000] modify simple     /srv/fim-watch/gen_00115.txt ts=2026-10-03T08:42:43.283526+00:00
 [00858/3000] create simple     /srv/fim-watch/gen_00162.txt ts=2026-10-03T08:42:43.383378+00:00
 [00859/3000] modify revertido  /srv/fim-watch/gen_00100.txt ts=2026-10-03T08:42:43.483229+00:00
 [00860/3000] modify revertido  /srv/fim-watch/gen_00100.txt ts=2026-10-03T08:42:43.583405+00:00
 [00861/3000] modify simple     /srv/fim-watch/gen_00006.txt ts=2026-10-03T08:42:43.683117+00:00
 [00862/3000] modify simple     /srv/fim-watch/gen_00049.txt ts=2026-10-03T08:42:43.783106+00:00
 [00863/3000] modify simple     /srv/fim-watch/gen_00161.txt ts=2026-10-03T08:42:43.882995+00:00
 [00864/3000] modify simple     /srv/fim-watch/gen_00160.txt ts=2026-10-03T08:42:43.983353+00:00
 [00865/3000] modify simple     /srv/fim-watch/gen_00122.txt ts=2026-10-03T08:42:44.083269+00:00
 [00866/3000] modify simple     /srv/fim-watch/gen_00155.txt ts=2026-10-03T08:42:44.183348+00:00
 [00867/3000] modify revertido  /srv/fim-watch/gen_00065.txt ts=2026-10-03T08:42:44.283522+00:00
 [00868/3000] modify revertido  /srv/fim-watch/gen_00065.txt ts=2026-10-03T08:42:44.383513+00:00
 [00869/3000] create simple     /srv/fim-watch/gen_00163.txt ts=2026-10-03T08:42:44.483282+00:00
 [00870/3000] modify simple     /srv/fim-watch/gen_00126.txt ts=2026-10-03T08:42:44.583084+00:00
 [00871/3000] create efimero    /srv/fim-watch/gen_00164.txt ts=2026-10-03T08:42:44.682998+00:00
 [00872/3000] delete efimero    /srv/fim-watch/gen_00164.txt ts=2026-10-03T08:42:44.782996+00:00
 [00873/3000] create simple     /srv/fim-watch/gen_00165.txt ts=2026-10-03T08:42:44.882998+00:00
 [00874/3000] modify simple     /srv/fim-watch/gen_00078.txt ts=2026-10-03T08:42:44.983282+00:00
 [00875/3000] modify simple     /srv/fim-watch/gen_00125.txt ts=2026-10-03T08:42:45.083303+00:00
 [00876/3000] modify simple     /srv/fim-watch/gen_00057.txt ts=2026-10-03T08:42:45.183115+00:00
 [00877/3000] modify simple     /srv/fim-watch/gen_00124.txt ts=2026-10-03T08:42:45.283514+00:00
 [00878/3000] create simple     /srv/fim-watch/gen_00166.txt ts=2026-10-03T08:42:45.383362+00:00
 [00879/3000] modify simple     /srv/fim-watch/gen_00158.txt ts=2026-10-03T08:42:45.483592+00:00
 [00880/3000] modify simple     /srv/fim-watch/gen_00088.txt ts=2026-10-03T08:42:45.583356+00:00
 [00881/3000] modify simple     /srv/fim-watch/gen_00048.txt ts=2026-10-03T08:42:45.683291+00:00
 [00882/3000] modify simple     /srv/fim-watch/critico/gen_00150.txt ts=2026-10-03T08:42:45.783107+00:00
 [00883/3000] modify simple     /srv/fim-watch/gen_00161.txt ts=2026-10-03T08:42:45.883160+00:00
 [00884/3000] modify revertido  /srv/fim-watch/gen_00049.txt ts=2026-10-03T08:42:45.983050+00:00
 [00885/3000] modify revertido  /srv/fim-watch/gen_00049.txt ts=2026-10-03T08:42:46.083291+00:00
 [00886/3000] modify simple     /srv/fim-watch/gen_00102.txt ts=2026-10-03T08:42:46.183535+00:00
 [00887/3000] create simple     /srv/fim-watch/gen_00167.txt ts=2026-10-03T08:42:46.283366+00:00
 [00888/3000] modify simple     /srv/fim-watch/gen_00040.txt ts=2026-10-03T08:42:46.383543+00:00
 [00889/3000] modify colapsado  /srv/fim-watch/gen_00151.txt ts=2026-10-03T08:42:46.483381+00:00
 [00890/3000] modify colapsado  /srv/fim-watch/gen_00151.txt ts=2026-10-03T08:42:46.582988+00:00
 [00891/3000] modify colapsado  /srv/fim-watch/gen_00151.txt ts=2026-10-03T08:42:46.683352+00:00
 [00892/3000] modify colapsado  /srv/fim-watch/gen_00151.txt ts=2026-10-03T08:42:46.783565+00:00
 [00893/3000] modify colapsado  /srv/fim-watch/gen_00151.txt ts=2026-10-03T08:42:46.883502+00:00
 [00894/3000] modify simple     /srv/fim-watch/gen_00033.txt ts=2026-10-03T08:42:46.983591+00:00
 [00895/3000] modify simple     /srv/fim-watch/gen_00166.txt ts=2026-10-03T08:42:47.083028+00:00
 [00896/3000] modify simple     /srv/fim-watch/critico/gen_00130.txt ts=2026-10-03T08:42:47.183329+00:00
 [00897/3000] modify simple     /srv/fim-watch/critico/gen_00025.txt ts=2026-10-03T08:42:47.283061+00:00
 [00898/3000] delete simple     /srv/fim-watch/gen_00054.txt ts=2026-10-03T08:42:47.382996+00:00
 [00899/3000] create simple     /srv/fim-watch/gen_00168.txt ts=2026-10-03T08:42:47.483289+00:00
 [00900/3000] create simple     /srv/fim-watch/critico/gen_00169.txt ts=2026-10-03T08:42:47.583239+00:00
 [00901/3000] create simple     /srv/fim-watch/gen_00170.txt ts=2026-10-03T08:42:47.682996+00:00
 [00902/3000] modify simple     /srv/fim-watch/gen_00033.txt ts=2026-10-03T08:42:47.783327+00:00
 [00903/3000] create simple     /srv/fim-watch/gen_00171.txt ts=2026-10-03T08:42:47.883274+00:00
 [00904/3000] create simple     /srv/fim-watch/gen_00172.txt ts=2026-10-03T08:42:47.983347+00:00
 [00905/3000] modify simple     /srv/fim-watch/gen_00093.txt ts=2026-10-03T08:42:48.083239+00:00
 [00906/3000] modify simple     /srv/fim-watch/gen_00065.txt ts=2026-10-03T08:42:48.183318+00:00
 [00907/3000] modify simple     /srv/fim-watch/critico/gen_00156.txt ts=2026-10-03T08:42:48.283541+00:00
 [00908/3000] modify simple     /srv/fim-watch/gen_00135.txt ts=2026-10-03T08:42:48.383507+00:00
 [00909/3000] modify simple     /srv/fim-watch/gen_00089.txt ts=2026-10-03T08:42:48.483508+00:00
 [00910/3000] modify simple     /srv/fim-watch/gen_00040.txt ts=2026-10-03T08:42:48.583050+00:00
 [00911/3000] modify simple     /srv/fim-watch/gen_00006.txt ts=2026-10-03T08:42:48.683274+00:00
 [00912/3000] modify simple     /srv/fim-watch/gen_00140.txt ts=2026-10-03T08:42:48.783515+00:00
 [00913/3000] modify revertido  /srv/fim-watch/gen_00071.txt ts=2026-10-03T08:42:48.883552+00:00
 [00914/3000] modify revertido  /srv/fim-watch/gen_00071.txt ts=2026-10-03T08:42:48.983096+00:00
 [00915/3000] modify simple     /srv/fim-watch/gen_00161.txt ts=2026-10-03T08:42:49.083265+00:00
 [00916/3000] delete simple     /srv/fim-watch/gen_00168.txt ts=2026-10-03T08:42:49.183298+00:00
 [00917/3000] modify revertido  /srv/fim-watch/gen_00105.txt ts=2026-10-03T08:42:49.283098+00:00
 [00918/3000] modify revertido  /srv/fim-watch/gen_00105.txt ts=2026-10-03T08:42:49.383466+00:00
 [00919/3000] modify colapsado  /srv/fim-watch/gen_00064.txt ts=2026-10-03T08:42:49.483514+00:00
 [00920/3000] modify colapsado  /srv/fim-watch/gen_00064.txt ts=2026-10-03T08:42:49.583594+00:00
 [00921/3000] modify colapsado  /srv/fim-watch/gen_00064.txt ts=2026-10-03T08:42:49.683681+00:00
 [00922/3000] modify colapsado  /srv/fim-watch/gen_00064.txt ts=2026-10-03T08:42:49.783564+00:00
 [00923/3000] modify colapsado  /srv/fim-watch/gen_00064.txt ts=2026-10-03T08:42:49.882933+00:00
 [00924/3000] modify simple     /srv/fim-watch/gen_00147.txt ts=2026-10-03T08:42:49.983278+00:00
 [00925/3000] modify simple     /srv/fim-watch/gen_00160.txt ts=2026-10-03T08:42:50.083296+00:00
 [00926/3000] modify simple     /srv/fim-watch/gen_00136.txt ts=2026-10-03T08:42:50.182978+00:00
 [00927/3000] delete simple     /srv/fim-watch/gen_00172.txt ts=2026-10-03T08:42:50.282710+00:00
 [00928/3000] modify simple     /srv/fim-watch/gen_00070.txt ts=2026-10-03T08:42:50.383326+00:00
 [00929/3000] modify simple     /srv/fim-watch/gen_00079.txt ts=2026-10-03T08:42:50.483528+00:00
 [00930/3000] create simple     /srv/fim-watch/critico/gen_00173.txt ts=2026-10-03T08:42:50.583335+00:00
 [00931/3000] modify simple     /srv/fim-watch/gen_00042.txt ts=2026-10-03T08:42:50.682821+00:00
 [00932/3000] modify simple     /srv/fim-watch/gen_00036.txt ts=2026-10-03T08:42:50.783526+00:00
 [00933/3000] modify simple     /srv/fim-watch/gen_00066.txt ts=2026-10-03T08:42:50.883491+00:00
 [00934/3000] modify simple     /srv/fim-watch/gen_00146.txt ts=2026-10-03T08:42:50.983495+00:00
 [00935/3000] create simple     /srv/fim-watch/gen_00174.txt ts=2026-10-03T08:42:51.082993+00:00
 [00936/3000] create simple     /srv/fim-watch/gen_00175.txt ts=2026-10-03T08:42:51.183066+00:00
 [00937/3000] modify simple     /srv/fim-watch/gen_00134.txt ts=2026-10-03T08:42:51.283610+00:00
 [00938/3000] modify simple     /srv/fim-watch/gen_00048.txt ts=2026-10-03T08:42:51.383276+00:00
 [00939/3000] delete simple     /srv/fim-watch/gen_00029.txt ts=2026-10-03T08:42:51.482863+00:00
 [00940/3000] modify simple     /srv/fim-watch/gen_00104.txt ts=2026-10-03T08:42:51.583287+00:00
 [00941/3000] delete simple     /srv/fim-watch/critico/gen_00141.txt ts=2026-10-03T08:42:51.683208+00:00
 [00942/3000] modify simple     /srv/fim-watch/gen_00084.txt ts=2026-10-03T08:42:51.783613+00:00
 [00943/3000] create simple     /srv/fim-watch/gen_00176.txt ts=2026-10-03T08:42:51.883337+00:00
 [00944/3000] modify colapsado  /srv/fim-watch/critico/gen_00053.txt ts=2026-10-03T08:42:51.983182+00:00
 [00945/3000] modify colapsado  /srv/fim-watch/critico/gen_00053.txt ts=2026-10-03T08:42:52.083610+00:00
 [00946/3000] modify colapsado  /srv/fim-watch/critico/gen_00053.txt ts=2026-10-03T08:42:52.183536+00:00
 [00947/3000] modify colapsado  /srv/fim-watch/critico/gen_00053.txt ts=2026-10-03T08:42:52.283112+00:00
 [00948/3000] modify colapsado  /srv/fim-watch/critico/gen_00053.txt ts=2026-10-03T08:42:52.383377+00:00
 [00949/3000] modify simple     /srv/fim-watch/gen_00146.txt ts=2026-10-03T08:42:52.482960+00:00
 [00950/3000] modify revertido  /srv/fim-watch/gen_00060.txt ts=2026-10-03T08:42:52.583088+00:00
 [00951/3000] modify revertido  /srv/fim-watch/gen_00060.txt ts=2026-10-03T08:42:52.683222+00:00
 [00952/3000] modify revertido  /srv/fim-watch/gen_00113.txt ts=2026-10-03T08:42:52.783268+00:00
 [00953/3000] modify revertido  /srv/fim-watch/gen_00113.txt ts=2026-10-03T08:42:52.883373+00:00
 [00954/3000] modify simple     /srv/fim-watch/critico/gen_00150.txt ts=2026-10-03T08:42:52.983056+00:00
 [00955/3000] modify simple     /srv/fim-watch/gen_00111.txt ts=2026-10-03T08:42:53.083335+00:00
 [00956/3000] modify colapsado  /srv/fim-watch/gen_00166.txt ts=2026-10-03T08:42:53.183303+00:00
 [00957/3000] modify colapsado  /srv/fim-watch/gen_00166.txt ts=2026-10-03T08:42:53.283402+00:00
 [00958/3000] modify colapsado  /srv/fim-watch/gen_00166.txt ts=2026-10-03T08:42:53.383275+00:00
 [00959/3000] modify colapsado  /srv/fim-watch/gen_00166.txt ts=2026-10-03T08:42:53.483327+00:00
 [00960/3000] modify colapsado  /srv/fim-watch/gen_00166.txt ts=2026-10-03T08:42:53.583279+00:00
 [00961/3000] modify simple     /srv/fim-watch/gen_00042.txt ts=2026-10-03T08:42:53.683307+00:00
 [00962/3000] modify simple     /srv/fim-watch/gen_00100.txt ts=2026-10-03T08:42:53.783194+00:00
 [00963/3000] modify revertido  /srv/fim-watch/gen_00176.txt ts=2026-10-03T08:42:53.883068+00:00
 [00964/3000] modify revertido  /srv/fim-watch/gen_00176.txt ts=2026-10-03T08:42:53.982945+00:00
 [00965/3000] create simple     /srv/fim-watch/gen_00177.txt ts=2026-10-03T08:42:54.083058+00:00
 [00966/3000] create simple     /srv/fim-watch/gen_00178.txt ts=2026-10-03T08:42:54.183026+00:00
 [00967/3000] modify simple     /srv/fim-watch/gen_00104.txt ts=2026-10-03T08:42:54.283014+00:00
 [00968/3000] modify simple     /srv/fim-watch/gen_00113.txt ts=2026-10-03T08:42:54.383146+00:00
 [00969/3000] create simple     /srv/fim-watch/gen_00179.txt ts=2026-10-03T08:42:54.482861+00:00
 [00970/3000] modify revertido  /srv/fim-watch/gen_00049.txt ts=2026-10-03T08:42:54.583284+00:00
 [00971/3000] modify revertido  /srv/fim-watch/gen_00049.txt ts=2026-10-03T08:42:54.683298+00:00
 [00972/3000] modify simple     /srv/fim-watch/gen_00117.txt ts=2026-10-03T08:42:54.783136+00:00
 [00973/3000] delete simple     /srv/fim-watch/gen_00158.txt ts=2026-10-03T08:42:54.883505+00:00
 [00974/3000] delete simple     /srv/fim-watch/gen_00048.txt ts=2026-10-03T08:42:54.982898+00:00
 [00975/3000] modify simple     /srv/fim-watch/gen_00124.txt ts=2026-10-03T08:42:55.083499+00:00
 [00976/3000] modify revertido  /srv/fim-watch/gen_00177.txt ts=2026-10-03T08:42:55.183307+00:00
 [00977/3000] modify revertido  /srv/fim-watch/gen_00177.txt ts=2026-10-03T08:42:55.283015+00:00
 [00978/3000] modify simple     /srv/fim-watch/gen_00060.txt ts=2026-10-03T08:42:55.383193+00:00
 [00979/3000] create simple     /srv/fim-watch/gen_00180.txt ts=2026-10-03T08:42:55.483027+00:00
 [00980/3000] modify simple     /srv/fim-watch/gen_00033.txt ts=2026-10-03T08:42:55.583307+00:00
 [00981/3000] modify simple     /srv/fim-watch/gen_00171.txt ts=2026-10-03T08:42:55.683114+00:00
 [00982/3000] create simple     /srv/fim-watch/gen_00181.txt ts=2026-10-03T08:42:55.783312+00:00
 [00983/3000] modify simple     /srv/fim-watch/gen_00180.txt ts=2026-10-03T08:42:55.883451+00:00
 [00984/3000] modify simple     /srv/fim-watch/gen_00078.txt ts=2026-10-03T08:42:55.983103+00:00
 [00985/3000] modify simple     /srv/fim-watch/gen_00073.txt ts=2026-10-03T08:42:56.083341+00:00
 [00986/3000] modify simple     /srv/fim-watch/gen_00155.txt ts=2026-10-03T08:42:56.183168+00:00
 [00987/3000] modify simple     /srv/fim-watch/gen_00161.txt ts=2026-10-03T08:42:56.283276+00:00
 [00988/3000] delete simple     /srv/fim-watch/gen_00111.txt ts=2026-10-03T08:42:56.383285+00:00
 [00989/3000] create simple     /srv/fim-watch/gen_00182.txt ts=2026-10-03T08:42:56.483014+00:00
 [00990/3000] modify simple     /srv/fim-watch/gen_00074.txt ts=2026-10-03T08:42:56.583150+00:00
 [00991/3000] modify simple     /srv/fim-watch/gen_00016.txt ts=2026-10-03T08:42:56.683512+00:00
 [00992/3000] modify simple     /srv/fim-watch/gen_00159.txt ts=2026-10-03T08:42:56.782856+00:00
 [00993/3000] modify simple     /srv/fim-watch/critico/gen_00123.txt ts=2026-10-03T08:42:56.883255+00:00
 [00994/3000] modify simple     /srv/fim-watch/gen_00170.txt ts=2026-10-03T08:42:56.983287+00:00
 [00995/3000] modify simple     /srv/fim-watch/gen_00178.txt ts=2026-10-03T08:42:57.083268+00:00
 [00996/3000] create simple     /srv/fim-watch/critico/gen_00183.txt ts=2026-10-03T08:42:57.183003+00:00
 [00997/3000] modify simple     /srv/fim-watch/gen_00170.txt ts=2026-10-03T08:42:57.283144+00:00
 [00998/3000] modify simple     /srv/fim-watch/gen_00174.txt ts=2026-10-03T08:42:57.382705+00:00
 [00999/3000] modify simple     /srv/fim-watch/gen_00036.txt ts=2026-10-03T08:42:57.483010+00:00
 [01000/3000] modify revertido  /srv/fim-watch/gen_00135.txt ts=2026-10-03T08:42:57.583266+00:00
 [01001/3000] modify revertido  /srv/fim-watch/gen_00135.txt ts=2026-10-03T08:42:57.683459+00:00
 [01002/3000] modify revertido  /srv/fim-watch/gen_00120.txt ts=2026-10-03T08:42:57.783067+00:00
 [01003/3000] modify revertido  /srv/fim-watch/gen_00120.txt ts=2026-10-03T08:42:57.883298+00:00
 [01004/3000] create simple     /srv/fim-watch/critico/gen_00184.txt ts=2026-10-03T08:42:57.983155+00:00
 [01005/3000] modify simple     /srv/fim-watch/gen_00049.txt ts=2026-10-03T08:42:58.083135+00:00
 [01006/3000] delete simple     /srv/fim-watch/gen_00182.txt ts=2026-10-03T08:42:58.182945+00:00
 [01007/3000] modify simple     /srv/fim-watch/gen_00171.txt ts=2026-10-03T08:42:58.283092+00:00
 [01008/3000] create simple     /srv/fim-watch/gen_00185.txt ts=2026-10-03T08:42:58.382961+00:00
 [01009/3000] modify simple     /srv/fim-watch/critico/gen_00156.txt ts=2026-10-03T08:42:58.483094+00:00
 [01010/3000] modify simple     /srv/fim-watch/gen_00093.txt ts=2026-10-03T08:42:58.583047+00:00
 [01011/3000] create simple     /srv/fim-watch/gen_00186.txt ts=2026-10-03T08:42:58.683311+00:00
 [01012/3000] modify simple     /srv/fim-watch/gen_00100.txt ts=2026-10-03T08:42:58.783132+00:00
 [01013/3000] modify simple     /srv/fim-watch/critico/gen_00061.txt ts=2026-10-03T08:42:58.883065+00:00
 [01014/3000] modify simple     /srv/fim-watch/gen_00129.txt ts=2026-10-03T08:42:58.983051+00:00
 [01015/3000] create simple     /srv/fim-watch/gen_00187.txt ts=2026-10-03T08:42:59.082998+00:00
 [01016/3000] modify revertido  /srv/fim-watch/gen_00163.txt ts=2026-10-03T08:42:59.182902+00:00
 [01017/3000] modify revertido  /srv/fim-watch/gen_00163.txt ts=2026-10-03T08:42:59.283114+00:00
 [01018/3000] modify simple     /srv/fim-watch/critico/gen_00123.txt ts=2026-10-03T08:42:59.382708+00:00
 [01019/3000] modify simple     /srv/fim-watch/gen_00181.txt ts=2026-10-03T08:42:59.483109+00:00
 [01020/3000] modify simple     /srv/fim-watch/gen_00108.txt ts=2026-10-03T08:42:59.583286+00:00
 [01021/3000] delete simple     /srv/fim-watch/gen_00186.txt ts=2026-10-03T08:42:59.683236+00:00
 [01022/3000] modify simple     /srv/fim-watch/gen_00114.txt ts=2026-10-03T08:42:59.783099+00:00
 [01023/3000] create simple     /srv/fim-watch/gen_00188.txt ts=2026-10-03T08:42:59.883367+00:00
 [01024/3000] create simple     /srv/fim-watch/critico/gen_00189.txt ts=2026-10-03T08:42:59.982873+00:00
 [01025/3000] delete simple     /srv/fim-watch/gen_00120.txt ts=2026-10-03T08:43:00.083139+00:00
 [01026/3000] create simple     /srv/fim-watch/gen_00190.txt ts=2026-10-03T08:43:00.183352+00:00
 [01027/3000] modify revertido  /srv/fim-watch/gen_00100.txt ts=2026-10-03T08:43:00.283152+00:00
 [01028/3000] modify revertido  /srv/fim-watch/gen_00100.txt ts=2026-10-03T08:43:00.382706+00:00
 [01029/3000] modify simple     /srv/fim-watch/gen_00161.txt ts=2026-10-03T08:43:00.483121+00:00
 [01030/3000] delete simple     /srv/fim-watch/gen_00073.txt ts=2026-10-03T08:43:00.583295+00:00
 [01031/3000] create simple     /srv/fim-watch/critico/gen_00191.txt ts=2026-10-03T08:43:00.683497+00:00
 [01032/3000] delete simple     /srv/fim-watch/gen_00190.txt ts=2026-10-03T08:43:00.783138+00:00
 [01033/3000] modify simple     /srv/fim-watch/gen_00033.txt ts=2026-10-03T08:43:00.882976+00:00
 [01034/3000] delete simple     /srv/fim-watch/gen_00113.txt ts=2026-10-03T08:43:00.983314+00:00
 [01035/3000] create simple     /srv/fim-watch/gen_00192.txt ts=2026-10-03T08:43:01.083080+00:00
 [01036/3000] create simple     /srv/fim-watch/gen_00193.txt ts=2026-10-03T08:43:01.183259+00:00
 [01037/3000] create simple     /srv/fim-watch/gen_00194.txt ts=2026-10-03T08:43:01.283292+00:00
 [01038/3000] modify revertido  /srv/fim-watch/gen_00071.txt ts=2026-10-03T08:43:01.383672+00:00
 [01039/3000] modify revertido  /srv/fim-watch/gen_00071.txt ts=2026-10-03T08:43:01.483072+00:00
 [01040/3000] delete simple     /srv/fim-watch/gen_00060.txt ts=2026-10-03T08:43:01.582928+00:00
 [01041/3000] delete simple     /srv/fim-watch/gen_00100.txt ts=2026-10-03T08:43:01.683185+00:00
 [01042/3000] modify simple     /srv/fim-watch/gen_00062.txt ts=2026-10-03T08:43:01.783265+00:00
 [01043/3000] modify simple     /srv/fim-watch/gen_00187.txt ts=2026-10-03T08:43:01.883265+00:00
 [01044/3000] modify simple     /srv/fim-watch/critico/gen_00025.txt ts=2026-10-03T08:43:01.983295+00:00
 [01045/3000] delete simple     /srv/fim-watch/gen_00066.txt ts=2026-10-03T08:43:02.083010+00:00
 [01046/3000] modify simple     /srv/fim-watch/gen_00103.txt ts=2026-10-03T08:43:02.183447+00:00
 [01047/3000] delete simple     /srv/fim-watch/gen_00124.txt ts=2026-10-03T08:43:02.283291+00:00
 [01048/3000] create simple     /srv/fim-watch/gen_00195.txt ts=2026-10-03T08:43:02.382777+00:00
 [01049/3000] modify colapsado  /srv/fim-watch/gen_00187.txt ts=2026-10-03T08:43:02.483097+00:00
 [01050/3000] modify colapsado  /srv/fim-watch/gen_00187.txt ts=2026-10-03T08:43:02.582816+00:00
 [01051/3000] modify colapsado  /srv/fim-watch/gen_00187.txt ts=2026-10-03T08:43:02.683357+00:00
 [01052/3000] modify colapsado  /srv/fim-watch/gen_00187.txt ts=2026-10-03T08:43:02.783045+00:00
 [01053/3000] modify colapsado  /srv/fim-watch/gen_00187.txt ts=2026-10-03T08:43:02.883305+00:00
 [01054/3000] modify simple     /srv/fim-watch/gen_00096.txt ts=2026-10-03T08:43:02.983204+00:00
 [01055/3000] modify simple     /srv/fim-watch/gen_00103.txt ts=2026-10-03T08:43:03.083319+00:00
 [01056/3000] modify simple     /srv/fim-watch/critico/gen_00183.txt ts=2026-10-03T08:43:03.183123+00:00
 [01057/3000] delete simple     /srv/fim-watch/gen_00154.txt ts=2026-10-03T08:43:03.283137+00:00
 [01058/3000] modify revertido  /srv/fim-watch/gen_00170.txt ts=2026-10-03T08:43:03.383281+00:00
 [01059/3000] modify revertido  /srv/fim-watch/gen_00170.txt ts=2026-10-03T08:43:03.483122+00:00
 [01060/3000] modify simple     /srv/fim-watch/critico/gen_00037.txt ts=2026-10-03T08:43:03.583535+00:00
 [01061/3000] create simple     /srv/fim-watch/gen_00196.txt ts=2026-10-03T08:43:03.682918+00:00
 [01062/3000] create efimero    /srv/fim-watch/gen_00197.txt ts=2026-10-03T08:43:03.783152+00:00
 [01063/3000] delete efimero    /srv/fim-watch/gen_00197.txt ts=2026-10-03T08:43:03.882990+00:00
 [01064/3000] modify simple     /srv/fim-watch/gen_00108.txt ts=2026-10-03T08:43:03.983285+00:00
 [01065/3000] modify simple     /srv/fim-watch/gen_00126.txt ts=2026-10-03T08:43:04.083138+00:00
 [01066/3000] modify simple     /srv/fim-watch/gen_00106.txt ts=2026-10-03T08:43:04.183118+00:00
 [01067/3000] modify revertido  /srv/fim-watch/gen_00049.txt ts=2026-10-03T08:43:04.283176+00:00
 [01068/3000] modify revertido  /srv/fim-watch/gen_00049.txt ts=2026-10-03T08:43:04.383012+00:00
 [01069/3000] delete simple     /srv/fim-watch/critico/gen_00150.txt ts=2026-10-03T08:43:04.483007+00:00
 [01070/3000] modify simple     /srv/fim-watch/gen_00064.txt ts=2026-10-03T08:43:04.583162+00:00
 [01071/3000] delete simple     /srv/fim-watch/gen_00086.txt ts=2026-10-03T08:43:04.683034+00:00
 [01072/3000] modify simple     /srv/fim-watch/critico/gen_00184.txt ts=2026-10-03T08:43:04.783188+00:00
 [01073/3000] modify simple     /srv/fim-watch/gen_00043.txt ts=2026-10-03T08:43:04.883391+00:00
 [01074/3000] create simple     /srv/fim-watch/gen_00198.txt ts=2026-10-03T08:43:04.982939+00:00
 [01075/3000] modify simple     /srv/fim-watch/gen_00108.txt ts=2026-10-03T08:43:05.082955+00:00
 [01076/3000] delete simple     /srv/fim-watch/gen_00043.txt ts=2026-10-03T08:43:05.183597+00:00
 [01077/3000] modify simple     /srv/fim-watch/gen_00165.txt ts=2026-10-03T08:43:05.283112+00:00
 [01078/3000] modify simple     /srv/fim-watch/gen_00185.txt ts=2026-10-03T08:43:05.382996+00:00
 [01079/3000] modify simple     /srv/fim-watch/gen_00020.txt ts=2026-10-03T08:43:05.483112+00:00
 [01080/3000] modify simple     /srv/fim-watch/gen_00125.txt ts=2026-10-03T08:43:05.583270+00:00
 [01081/3000] create simple     /srv/fim-watch/gen_00199.txt ts=2026-10-03T08:43:05.683162+00:00
 [01082/3000] modify simple     /srv/fim-watch/critico/gen_00123.txt ts=2026-10-03T08:43:05.783312+00:00
 [01083/3000] create simple     /srv/fim-watch/critico/gen_00200.txt ts=2026-10-03T08:43:05.883474+00:00
 [01084/3000] create simple     /srv/fim-watch/gen_00201.txt ts=2026-10-03T08:43:05.983002+00:00
 [01085/3000] modify revertido  /srv/fim-watch/critico/gen_00053.txt ts=2026-10-03T08:43:06.082973+00:00
 [01086/3000] modify revertido  /srv/fim-watch/critico/gen_00053.txt ts=2026-10-03T08:43:06.183252+00:00
 [01087/3000] create simple     /srv/fim-watch/critico/gen_00202.txt ts=2026-10-03T08:43:06.283015+00:00
 [01088/3000] create simple     /srv/fim-watch/gen_00203.txt ts=2026-10-03T08:43:06.383168+00:00
 [01089/3000] modify simple     /srv/fim-watch/gen_00126.txt ts=2026-10-03T08:43:06.483129+00:00
 [01090/3000] modify simple     /srv/fim-watch/gen_00115.txt ts=2026-10-03T08:43:06.583012+00:00
 [01091/3000] delete simple     /srv/fim-watch/gen_00140.txt ts=2026-10-03T08:43:06.683160+00:00
 [01092/3000] create simple     /srv/fim-watch/gen_00204.txt ts=2026-10-03T08:43:06.782943+00:00
 [01093/3000] modify simple     /srv/fim-watch/critico/gen_00156.txt ts=2026-10-03T08:43:06.883521+00:00
 [01094/3000] create efimero    /srv/fim-watch/gen_00205.txt ts=2026-10-03T08:43:06.982953+00:00
 [01095/3000] delete efimero    /srv/fim-watch/gen_00205.txt ts=2026-10-03T08:43:07.082960+00:00
 [01096/3000] modify revertido  /srv/fim-watch/gen_00170.txt ts=2026-10-03T08:43:07.183049+00:00
 [01097/3000] modify revertido  /srv/fim-watch/gen_00170.txt ts=2026-10-03T08:43:07.283270+00:00
 [01098/3000] modify simple     /srv/fim-watch/critico/gen_00061.txt ts=2026-10-03T08:43:07.383233+00:00
 [01099/3000] modify simple     /srv/fim-watch/gen_00188.txt ts=2026-10-03T08:43:07.483047+00:00
 [01100/3000] delete simple     /srv/fim-watch/gen_00145.txt ts=2026-10-03T08:43:07.582793+00:00
 [01101/3000] create simple     /srv/fim-watch/gen_00206.txt ts=2026-10-03T08:43:07.683181+00:00
 [01102/3000] delete simple     /srv/fim-watch/gen_00148.txt ts=2026-10-03T08:43:07.783152+00:00
 [01103/3000] modify revertido  /srv/fim-watch/gen_00198.txt ts=2026-10-03T08:43:07.883303+00:00
 [01104/3000] modify revertido  /srv/fim-watch/gen_00198.txt ts=2026-10-03T08:43:07.983625+00:00
 [01105/3000] modify revertido  /srv/fim-watch/gen_00036.txt ts=2026-10-03T08:43:08.083463+00:00
 [01106/3000] modify revertido  /srv/fim-watch/gen_00036.txt ts=2026-10-03T08:43:08.183529+00:00
 [01107/3000] modify simple     /srv/fim-watch/critico/gen_00053.txt ts=2026-10-03T08:43:08.283124+00:00
 [01108/3000] modify simple     /srv/fim-watch/gen_00142.txt ts=2026-10-03T08:43:08.383328+00:00
 [01109/3000] modify simple     /srv/fim-watch/gen_00163.txt ts=2026-10-03T08:43:08.483159+00:00
 [01110/3000] modify simple     /srv/fim-watch/gen_00204.txt ts=2026-10-03T08:43:08.583458+00:00
 [01111/3000] modify simple     /srv/fim-watch/gen_00049.txt ts=2026-10-03T08:43:08.683342+00:00
 [01112/3000] modify simple     /srv/fim-watch/gen_00170.txt ts=2026-10-03T08:43:08.783303+00:00
 [01113/3000] modify simple     /srv/fim-watch/gen_00020.txt ts=2026-10-03T08:43:08.883313+00:00
 [01114/3000] create simple     /srv/fim-watch/gen_00207.txt ts=2026-10-03T08:43:08.983034+00:00
 [01115/3000] modify simple     /srv/fim-watch/gen_00057.txt ts=2026-10-03T08:43:09.083098+00:00
 [01116/3000] modify simple     /srv/fim-watch/gen_00064.txt ts=2026-10-03T08:43:09.183090+00:00
 [01117/3000] modify simple     /srv/fim-watch/gen_00016.txt ts=2026-10-03T08:43:09.283371+00:00
 [01118/3000] create efimero    /srv/fim-watch/gen_00208.txt ts=2026-10-03T08:43:09.383294+00:00
 [01119/3000] delete efimero    /srv/fim-watch/gen_00208.txt ts=2026-10-03T08:43:09.482976+00:00
 [01120/3000] modify simple     /srv/fim-watch/critico/gen_00156.txt ts=2026-10-03T08:43:09.583645+00:00
 [01121/3000] modify colapsado  /srv/fim-watch/gen_00125.txt ts=2026-10-03T08:43:09.683583+00:00
 [01122/3000] modify colapsado  /srv/fim-watch/gen_00125.txt ts=2026-10-03T08:43:09.783149+00:00
 [01123/3000] modify colapsado  /srv/fim-watch/gen_00125.txt ts=2026-10-03T08:43:09.883395+00:00
 [01124/3000] modify colapsado  /srv/fim-watch/gen_00125.txt ts=2026-10-03T08:43:09.983525+00:00
 [01125/3000] modify colapsado  /srv/fim-watch/gen_00125.txt ts=2026-10-03T08:43:10.083184+00:00
 [01126/3000] modify simple     /srv/fim-watch/gen_00088.txt ts=2026-10-03T08:43:10.183553+00:00
 [01127/3000] modify simple     /srv/fim-watch/gen_00136.txt ts=2026-10-03T08:43:10.283102+00:00
 [01128/3000] modify simple     /srv/fim-watch/gen_00170.txt ts=2026-10-03T08:43:10.383472+00:00
 [01129/3000] modify simple     /srv/fim-watch/gen_00036.txt ts=2026-10-03T08:43:10.482858+00:00
 [01130/3000] modify simple     /srv/fim-watch/gen_00201.txt ts=2026-10-03T08:43:10.583263+00:00
 [01131/3000] create simple     /srv/fim-watch/critico/gen_00209.txt ts=2026-10-03T08:43:10.683350+00:00
 [01132/3000] modify simple     /srv/fim-watch/critico/gen_00130.txt ts=2026-10-03T08:43:10.783549+00:00
 [01133/3000] modify simple     /srv/fim-watch/gen_00096.txt ts=2026-10-03T08:43:10.883489+00:00
 [01134/3000] create simple     /srv/fim-watch/critico/gen_00210.txt ts=2026-10-03T08:43:10.983157+00:00
 [01135/3000] delete simple     /srv/fim-watch/gen_00201.txt ts=2026-10-03T08:43:11.082863+00:00
 [01136/3000] create efimero    /srv/fim-watch/gen_00211.txt ts=2026-10-03T08:43:11.183174+00:00
 [01137/3000] delete efimero    /srv/fim-watch/gen_00211.txt ts=2026-10-03T08:43:11.283275+00:00
 [01138/3000] modify simple     /srv/fim-watch/gen_00058.txt ts=2026-10-03T08:43:11.382819+00:00
 [01139/3000] modify simple     /srv/fim-watch/gen_00160.txt ts=2026-10-03T08:43:11.483145+00:00
 [01140/3000] modify revertido  /srv/fim-watch/gen_00096.txt ts=2026-10-03T08:43:11.583513+00:00
 [01141/3000] modify revertido  /srv/fim-watch/gen_00096.txt ts=2026-10-03T08:43:11.683483+00:00
 [01142/3000] modify simple     /srv/fim-watch/gen_00178.txt ts=2026-10-03T08:43:11.783365+00:00
 [01143/3000] modify simple     /srv/fim-watch/critico/gen_00025.txt ts=2026-10-03T08:43:11.883303+00:00
 [01144/3000] modify simple     /srv/fim-watch/critico/gen_00169.txt ts=2026-10-03T08:43:11.983034+00:00
 [01145/3000] modify revertido  /srv/fim-watch/gen_00161.txt ts=2026-10-03T08:43:12.083270+00:00
 [01146/3000] modify revertido  /srv/fim-watch/gen_00161.txt ts=2026-10-03T08:43:12.183580+00:00
 [01147/3000] modify simple     /srv/fim-watch/gen_00162.txt ts=2026-10-03T08:43:12.283482+00:00
 [01148/3000] create simple     /srv/fim-watch/gen_00212.txt ts=2026-10-03T08:43:12.383332+00:00
 [01149/3000] create simple     /srv/fim-watch/gen_00213.txt ts=2026-10-03T08:43:12.483052+00:00
 [01150/3000] modify simple     /srv/fim-watch/gen_00103.txt ts=2026-10-03T08:43:12.583510+00:00
 [01151/3000] modify simple     /srv/fim-watch/gen_00071.txt ts=2026-10-03T08:43:12.683292+00:00
 [01152/3000] modify simple     /srv/fim-watch/gen_00050.txt ts=2026-10-03T08:43:12.783277+00:00
 [01153/3000] create simple     /srv/fim-watch/gen_00214.txt ts=2026-10-03T08:43:12.882987+00:00
 [01154/3000] modify colapsado  /srv/fim-watch/critico/gen_00200.txt ts=2026-10-03T08:43:12.983178+00:00
 [01155/3000] modify colapsado  /srv/fim-watch/critico/gen_00200.txt ts=2026-10-03T08:43:13.083271+00:00
 [01156/3000] modify colapsado  /srv/fim-watch/critico/gen_00200.txt ts=2026-10-03T08:43:13.183091+00:00
 [01157/3000] modify colapsado  /srv/fim-watch/critico/gen_00200.txt ts=2026-10-03T08:43:13.283205+00:00
 [01158/3000] modify colapsado  /srv/fim-watch/critico/gen_00200.txt ts=2026-10-03T08:43:13.383456+00:00
 [01159/3000] modify simple     /srv/fim-watch/gen_00057.txt ts=2026-10-03T08:43:13.483120+00:00
 [01160/3000] create simple     /srv/fim-watch/gen_00215.txt ts=2026-10-03T08:43:13.583295+00:00
 [01161/3000] modify simple     /srv/fim-watch/gen_00074.txt ts=2026-10-03T08:43:13.683463+00:00
 [01162/3000] modify simple     /srv/fim-watch/critico/gen_00123.txt ts=2026-10-03T08:43:13.783590+00:00
 [01163/3000] modify simple     /srv/fim-watch/gen_00102.txt ts=2026-10-03T08:43:13.883175+00:00
 [01164/3000] modify simple     /srv/fim-watch/gen_00170.txt ts=2026-10-03T08:43:13.983257+00:00
 [01165/3000] create efimero    /srv/fim-watch/gen_00216.txt ts=2026-10-03T08:43:14.083036+00:00
 [01166/3000] delete efimero    /srv/fim-watch/gen_00216.txt ts=2026-10-03T08:43:14.183319+00:00
 [01167/3000] modify simple     /srv/fim-watch/critico/gen_00153.txt ts=2026-10-03T08:43:14.282997+00:00
 [01168/3000] create simple     /srv/fim-watch/gen_00217.txt ts=2026-10-03T08:43:14.382983+00:00
 [01169/3000] modify simple     /srv/fim-watch/gen_00134.txt ts=2026-10-03T08:43:14.482828+00:00
 [01170/3000] create simple     /srv/fim-watch/gen_00218.txt ts=2026-10-03T08:43:14.583173+00:00
 [01171/3000] modify simple     /srv/fim-watch/gen_00215.txt ts=2026-10-03T08:43:14.683522+00:00
 [01172/3000] modify revertido  /srv/fim-watch/gen_00070.txt ts=2026-10-03T08:43:14.783041+00:00
 [01173/3000] modify revertido  /srv/fim-watch/gen_00070.txt ts=2026-10-03T08:43:14.883286+00:00
 [01174/3000] modify simple     /srv/fim-watch/gen_00067.txt ts=2026-10-03T08:43:14.983132+00:00
 [01175/3000] modify simple     /srv/fim-watch/gen_00135.txt ts=2026-10-03T08:43:15.082860+00:00
 [01176/3000] modify simple     /srv/fim-watch/gen_00174.txt ts=2026-10-03T08:43:15.183095+00:00
 [01177/3000] create simple     /srv/fim-watch/gen_00219.txt ts=2026-10-03T08:43:15.283344+00:00
 [01178/3000] create efimero    /srv/fim-watch/gen_00220.txt ts=2026-10-03T08:43:15.383275+00:00
 [01179/3000] delete efimero    /srv/fim-watch/gen_00220.txt ts=2026-10-03T08:43:15.482972+00:00
 [01180/3000] modify simple     /srv/fim-watch/gen_00128.txt ts=2026-10-03T08:43:15.582781+00:00
 [01181/3000] modify simple     /srv/fim-watch/gen_00020.txt ts=2026-10-03T08:43:15.683459+00:00
 [01182/3000] modify simple     /srv/fim-watch/gen_00175.txt ts=2026-10-03T08:43:15.783271+00:00
 [01183/3000] modify simple     /srv/fim-watch/gen_00193.txt ts=2026-10-03T08:43:15.883331+00:00
 [01184/3000] modify revertido  /srv/fim-watch/gen_00151.txt ts=2026-10-03T08:43:15.983298+00:00
 [01185/3000] modify revertido  /srv/fim-watch/gen_00151.txt ts=2026-10-03T08:43:16.083103+00:00
 [01186/3000] modify simple     /srv/fim-watch/gen_00106.txt ts=2026-10-03T08:43:16.183473+00:00
 [01187/3000] delete simple     /srv/fim-watch/gen_00170.txt ts=2026-10-03T08:43:16.283152+00:00
 [01188/3000] modify simple     /srv/fim-watch/gen_00149.txt ts=2026-10-03T08:43:16.383366+00:00
 [01189/3000] delete simple     /srv/fim-watch/gen_00103.txt ts=2026-10-03T08:43:16.483030+00:00
 [01190/3000] delete simple     /srv/fim-watch/gen_00147.txt ts=2026-10-03T08:43:16.583165+00:00
 [01191/3000] modify revertido  /srv/fim-watch/gen_00181.txt ts=2026-10-03T08:43:16.683145+00:00
 [01192/3000] modify revertido  /srv/fim-watch/gen_00181.txt ts=2026-10-03T08:43:16.783148+00:00
 [01193/3000] modify simple     /srv/fim-watch/gen_00093.txt ts=2026-10-03T08:43:16.883112+00:00
 [01194/3000] modify colapsado  /srv/fim-watch/gen_00175.txt ts=2026-10-03T08:43:16.983086+00:00
 [01195/3000] modify colapsado  /srv/fim-watch/gen_00175.txt ts=2026-10-03T08:43:17.083210+00:00
 [01196/3000] modify colapsado  /srv/fim-watch/gen_00175.txt ts=2026-10-03T08:43:17.183041+00:00
 [01197/3000] modify colapsado  /srv/fim-watch/gen_00175.txt ts=2026-10-03T08:43:17.283100+00:00
 [01198/3000] modify colapsado  /srv/fim-watch/gen_00175.txt ts=2026-10-03T08:43:17.383659+00:00
 [01199/3000] modify simple     /srv/fim-watch/gen_00125.txt ts=2026-10-03T08:43:17.482922+00:00
 [01200/3000] modify simple     /srv/fim-watch/gen_00062.txt ts=2026-10-03T08:43:17.583519+00:00
 [01201/3000] modify simple     /srv/fim-watch/critico/gen_00184.txt ts=2026-10-03T08:43:17.682857+00:00
 [01202/3000] modify simple     /srv/fim-watch/gen_00167.txt ts=2026-10-03T08:43:17.783506+00:00
 [01203/3000] create simple     /srv/fim-watch/gen_00221.txt ts=2026-10-03T08:43:17.883376+00:00
 [01204/3000] create simple     /srv/fim-watch/critico/gen_00222.txt ts=2026-10-03T08:43:17.983355+00:00
 [01205/3000] modify simple     /srv/fim-watch/gen_00108.txt ts=2026-10-03T08:43:18.083160+00:00
 [01206/3000] modify simple     /srv/fim-watch/gen_00139.txt ts=2026-10-03T08:43:18.183043+00:00
 [01207/3000] modify simple     /srv/fim-watch/gen_00213.txt ts=2026-10-03T08:43:18.283504+00:00
 [01208/3000] modify simple     /srv/fim-watch/gen_00106.txt ts=2026-10-03T08:43:18.383510+00:00
 [01209/3000] create simple     /srv/fim-watch/gen_00223.txt ts=2026-10-03T08:43:18.483577+00:00
 [01210/3000] create efimero    /srv/fim-watch/gen_00224.txt ts=2026-10-03T08:43:18.582933+00:00
 [01211/3000] delete efimero    /srv/fim-watch/gen_00224.txt ts=2026-10-03T08:43:18.683290+00:00
 [01212/3000] modify revertido  /srv/fim-watch/critico/gen_00025.txt ts=2026-10-03T08:43:18.783520+00:00
 [01213/3000] modify revertido  /srv/fim-watch/critico/gen_00025.txt ts=2026-10-03T08:43:18.883512+00:00
 [01214/3000] create simple     /srv/fim-watch/gen_00225.txt ts=2026-10-03T08:43:18.983003+00:00
 [01215/3000] modify simple     /srv/fim-watch/critico/gen_00025.txt ts=2026-10-03T08:43:19.083320+00:00
 [01216/3000] create simple     /srv/fim-watch/gen_00226.txt ts=2026-10-03T08:43:19.183364+00:00
 [01217/3000] modify simple     /srv/fim-watch/gen_00049.txt ts=2026-10-03T08:43:19.283119+00:00
 [01218/3000] modify simple     /srv/fim-watch/gen_00203.txt ts=2026-10-03T08:43:19.383105+00:00
 [01219/3000] modify colapsado  /srv/fim-watch/gen_00114.txt ts=2026-10-03T08:43:19.483114+00:00
 [01220/3000] modify colapsado  /srv/fim-watch/gen_00114.txt ts=2026-10-03T08:43:19.583104+00:00
 [01221/3000] modify colapsado  /srv/fim-watch/gen_00114.txt ts=2026-10-03T08:43:19.683091+00:00
 [01222/3000] modify colapsado  /srv/fim-watch/gen_00114.txt ts=2026-10-03T08:43:19.783054+00:00
 [01223/3000] modify colapsado  /srv/fim-watch/gen_00114.txt ts=2026-10-03T08:43:19.883260+00:00
 [01224/3000] create efimero    /srv/fim-watch/critico/gen_00227.txt ts=2026-10-03T08:43:19.983381+00:00
 [01225/3000] delete efimero    /srv/fim-watch/critico/gen_00227.txt ts=2026-10-03T08:43:20.082990+00:00
 [01226/3000] modify simple     /srv/fim-watch/gen_00016.txt ts=2026-10-03T08:43:20.183113+00:00
 [01227/3000] modify simple     /srv/fim-watch/gen_00192.txt ts=2026-10-03T08:43:20.283245+00:00
 [01228/3000] create simple     /srv/fim-watch/gen_00228.txt ts=2026-10-03T08:43:20.383195+00:00
 [01229/3000] modify simple     /srv/fim-watch/critico/gen_00123.txt ts=2026-10-03T08:43:20.483286+00:00
 [01230/3000] modify revertido  /srv/fim-watch/gen_00159.txt ts=2026-10-03T08:43:20.583073+00:00
 [01231/3000] modify revertido  /srv/fim-watch/gen_00159.txt ts=2026-10-03T08:43:20.683282+00:00
 [01232/3000] modify simple     /srv/fim-watch/gen_00135.txt ts=2026-10-03T08:43:20.783454+00:00
 [01233/3000] create simple     /srv/fim-watch/gen_00229.txt ts=2026-10-03T08:43:20.883170+00:00
 [01234/3000] modify revertido  /srv/fim-watch/critico/gen_00200.txt ts=2026-10-03T08:43:20.983313+00:00
 [01235/3000] modify revertido  /srv/fim-watch/critico/gen_00200.txt ts=2026-10-03T08:43:21.083280+00:00
 [01236/3000] delete simple     /srv/fim-watch/gen_00181.txt ts=2026-10-03T08:43:21.182987+00:00
 [01237/3000] delete simple     /srv/fim-watch/gen_00167.txt ts=2026-10-03T08:43:21.282876+00:00
 [01238/3000] modify simple     /srv/fim-watch/gen_00062.txt ts=2026-10-03T08:43:21.383285+00:00
 [01239/3000] create simple     /srv/fim-watch/gen_00230.txt ts=2026-10-03T08:43:21.483093+00:00
 [01240/3000] modify simple     /srv/fim-watch/gen_00062.txt ts=2026-10-03T08:43:21.583080+00:00
 [01241/3000] modify simple     /srv/fim-watch/gen_00042.txt ts=2026-10-03T08:43:21.683531+00:00
 [01242/3000] modify revertido  /srv/fim-watch/gen_00212.txt ts=2026-10-03T08:43:21.783154+00:00
 [01243/3000] modify revertido  /srv/fim-watch/gen_00212.txt ts=2026-10-03T08:43:21.883494+00:00
 [01244/3000] create simple     /srv/fim-watch/gen_00231.txt ts=2026-10-03T08:43:21.983348+00:00
 [01245/3000] delete simple     /srv/fim-watch/gen_00218.txt ts=2026-10-03T08:43:22.083016+00:00
 [01246/3000] modify revertido  /srv/fim-watch/gen_00122.txt ts=2026-10-03T08:43:22.183499+00:00
 [01247/3000] modify revertido  /srv/fim-watch/gen_00122.txt ts=2026-10-03T08:43:22.283290+00:00
 [01248/3000] create simple     /srv/fim-watch/gen_00232.txt ts=2026-10-03T08:43:22.382948+00:00
 [01249/3000] create simple     /srv/fim-watch/critico/gen_00233.txt ts=2026-10-03T08:43:22.483346+00:00
 [01250/3000] modify simple     /srv/fim-watch/critico/gen_00233.txt ts=2026-10-03T08:43:22.582817+00:00
 [01251/3000] modify simple     /srv/fim-watch/gen_00068.txt ts=2026-10-03T08:43:22.682897+00:00
 [01252/3000] create simple     /srv/fim-watch/gen_00234.txt ts=2026-10-03T08:43:22.783261+00:00
 [01253/3000] modify simple     /srv/fim-watch/gen_00117.txt ts=2026-10-03T08:43:22.883149+00:00
 [01254/3000] modify simple     /srv/fim-watch/gen_00102.txt ts=2026-10-03T08:43:22.983479+00:00
 [01255/3000] modify simple     /srv/fim-watch/gen_00108.txt ts=2026-10-03T08:43:23.083528+00:00
 [01256/3000] create simple     /srv/fim-watch/gen_00235.txt ts=2026-10-03T08:43:23.183479+00:00
 [01257/3000] create simple     /srv/fim-watch/critico/gen_00236.txt ts=2026-10-03T08:43:23.283340+00:00
 [01258/3000] modify simple     /srv/fim-watch/critico/gen_00222.txt ts=2026-10-03T08:43:23.383053+00:00
 [01259/3000] create simple     /srv/fim-watch/gen_00237.txt ts=2026-10-03T08:43:23.483226+00:00
 [01260/3000] create simple     /srv/fim-watch/gen_00238.txt ts=2026-10-03T08:43:23.583030+00:00
 [01261/3000] modify simple     /srv/fim-watch/gen_00195.txt ts=2026-10-03T08:43:23.683537+00:00
 [01262/3000] modify colapsado  /srv/fim-watch/gen_00115.txt ts=2026-10-03T08:43:23.783040+00:00
 [01263/3000] modify colapsado  /srv/fim-watch/gen_00115.txt ts=2026-10-03T08:43:23.883278+00:00
 [01264/3000] modify colapsado  /srv/fim-watch/gen_00115.txt ts=2026-10-03T08:43:23.983111+00:00
 [01265/3000] modify colapsado  /srv/fim-watch/gen_00115.txt ts=2026-10-03T08:43:24.083517+00:00
 [01266/3000] modify colapsado  /srv/fim-watch/gen_00115.txt ts=2026-10-03T08:43:24.183498+00:00
 [01267/3000] modify simple     /srv/fim-watch/gen_00079.txt ts=2026-10-03T08:43:24.283347+00:00
 [01268/3000] modify simple     /srv/fim-watch/gen_00057.txt ts=2026-10-03T08:43:24.382974+00:00
 [01269/3000] modify simple     /srv/fim-watch/gen_00194.txt ts=2026-10-03T08:43:24.483145+00:00
 [01270/3000] create simple     /srv/fim-watch/gen_00239.txt ts=2026-10-03T08:43:24.582954+00:00
 [01271/3000] create simple     /srv/fim-watch/gen_00240.txt ts=2026-10-03T08:43:24.682980+00:00
 [01272/3000] delete simple     /srv/fim-watch/gen_00185.txt ts=2026-10-03T08:43:24.782933+00:00
 [01273/3000] modify simple     /srv/fim-watch/gen_00203.txt ts=2026-10-03T08:43:24.883282+00:00
 [01274/3000] modify simple     /srv/fim-watch/gen_00231.txt ts=2026-10-03T08:43:24.983401+00:00
 [01275/3000] modify simple     /srv/fim-watch/gen_00217.txt ts=2026-10-03T08:43:25.083338+00:00
 [01276/3000] modify simple     /srv/fim-watch/gen_00049.txt ts=2026-10-03T08:43:25.182868+00:00
 [01277/3000] modify simple     /srv/fim-watch/gen_00240.txt ts=2026-10-03T08:43:25.283648+00:00
 [01278/3000] modify simple     /srv/fim-watch/gen_00078.txt ts=2026-10-03T08:43:25.383055+00:00
 [01279/3000] delete simple     /srv/fim-watch/gen_00146.txt ts=2026-10-03T08:43:25.482991+00:00
 [01280/3000] modify simple     /srv/fim-watch/gen_00104.txt ts=2026-10-03T08:43:25.583533+00:00
 [01281/3000] delete simple     /srv/fim-watch/critico/gen_00037.txt ts=2026-10-03T08:43:25.682963+00:00
 [01282/3000] delete simple     /srv/fim-watch/gen_00155.txt ts=2026-10-03T08:43:25.783550+00:00
 [01283/3000] create simple     /srv/fim-watch/gen_00241.txt ts=2026-10-03T08:43:25.883161+00:00
 [01284/3000] modify simple     /srv/fim-watch/gen_00219.txt ts=2026-10-03T08:43:25.983281+00:00
 [01285/3000] modify simple     /srv/fim-watch/critico/gen_00222.txt ts=2026-10-03T08:43:26.083327+00:00
 [01286/3000] modify simple     /srv/fim-watch/gen_00088.txt ts=2026-10-03T08:43:26.183513+00:00
 [01287/3000] delete simple     /srv/fim-watch/critico/gen_00025.txt ts=2026-10-03T08:43:26.283461+00:00
 [01288/3000] delete simple     /srv/fim-watch/gen_00229.txt ts=2026-10-03T08:43:26.383116+00:00
 [01289/3000] delete simple     /srv/fim-watch/gen_00217.txt ts=2026-10-03T08:43:26.483070+00:00
 [01290/3000] create simple     /srv/fim-watch/critico/gen_00242.txt ts=2026-10-03T08:43:26.583348+00:00
 [01291/3000] create simple     /srv/fim-watch/gen_00243.txt ts=2026-10-03T08:43:26.683349+00:00
 [01292/3000] modify simple     /srv/fim-watch/gen_00089.txt ts=2026-10-03T08:43:26.783587+00:00
 [01293/3000] create efimero    /srv/fim-watch/gen_00244.txt ts=2026-10-03T08:43:26.883168+00:00
 [01294/3000] delete efimero    /srv/fim-watch/gen_00244.txt ts=2026-10-03T08:43:26.983160+00:00
 [01295/3000] modify simple     /srv/fim-watch/critico/gen_00191.txt ts=2026-10-03T08:43:27.083462+00:00
 [01296/3000] modify revertido  /srv/fim-watch/gen_00203.txt ts=2026-10-03T08:43:27.183526+00:00
 [01297/3000] modify revertido  /srv/fim-watch/gen_00203.txt ts=2026-10-03T08:43:27.283471+00:00
 [01298/3000] modify simple     /srv/fim-watch/gen_00088.txt ts=2026-10-03T08:43:27.383138+00:00
 [01299/3000] create simple     /srv/fim-watch/gen_00245.txt ts=2026-10-03T08:43:27.483050+00:00
 [01300/3000] modify simple     /srv/fim-watch/critico/gen_00156.txt ts=2026-10-03T08:43:27.582894+00:00
 [01301/3000] modify simple     /srv/fim-watch/gen_00198.txt ts=2026-10-03T08:43:27.683496+00:00
 [01302/3000] create simple     /srv/fim-watch/gen_00246.txt ts=2026-10-03T08:43:27.782924+00:00
 [01303/3000] modify simple     /srv/fim-watch/critico/gen_00200.txt ts=2026-10-03T08:43:27.883168+00:00
 [01304/3000] modify simple     /srv/fim-watch/gen_00219.txt ts=2026-10-03T08:43:27.983128+00:00
 [01305/3000] modify simple     /srv/fim-watch/gen_00174.txt ts=2026-10-03T08:43:28.083286+00:00
 [01306/3000] modify simple     /srv/fim-watch/critico/gen_00209.txt ts=2026-10-03T08:43:28.183319+00:00
 [01307/3000] modify simple     /srv/fim-watch/gen_00057.txt ts=2026-10-03T08:43:28.283013+00:00
 [01308/3000] modify simple     /srv/fim-watch/gen_00161.txt ts=2026-10-03T08:43:28.383262+00:00
 [01309/3000] delete simple     /srv/fim-watch/gen_00237.txt ts=2026-10-03T08:43:28.482873+00:00
 [01310/3000] modify simple     /srv/fim-watch/critico/gen_00242.txt ts=2026-10-03T08:43:28.583180+00:00
 [01311/3000] create simple     /srv/fim-watch/gen_00247.txt ts=2026-10-03T08:43:28.683355+00:00
 [01312/3000] modify simple     /srv/fim-watch/gen_00006.txt ts=2026-10-03T08:43:28.782961+00:00
 [01313/3000] modify simple     /srv/fim-watch/gen_00114.txt ts=2026-10-03T08:43:28.883263+00:00
 [01314/3000] modify colapsado  /srv/fim-watch/gen_00128.txt ts=2026-10-03T08:43:28.983054+00:00
 [01315/3000] modify colapsado  /srv/fim-watch/gen_00128.txt ts=2026-10-03T08:43:29.083468+00:00
 [01316/3000] modify colapsado  /srv/fim-watch/gen_00128.txt ts=2026-10-03T08:43:29.183513+00:00
 [01317/3000] modify colapsado  /srv/fim-watch/gen_00128.txt ts=2026-10-03T08:43:29.283355+00:00
 [01318/3000] modify colapsado  /srv/fim-watch/gen_00128.txt ts=2026-10-03T08:43:29.383118+00:00
 [01319/3000] modify simple     /srv/fim-watch/gen_00162.txt ts=2026-10-03T08:43:29.483005+00:00
 [01320/3000] create simple     /srv/fim-watch/critico/gen_00248.txt ts=2026-10-03T08:43:29.582995+00:00
 [01321/3000] create simple     /srv/fim-watch/gen_00249.txt ts=2026-10-03T08:43:29.683049+00:00
 [01322/3000] modify simple     /srv/fim-watch/critico/gen_00236.txt ts=2026-10-03T08:43:29.783258+00:00
 [01323/3000] modify simple     /srv/fim-watch/gen_00093.txt ts=2026-10-03T08:43:29.883146+00:00
 [01324/3000] modify simple     /srv/fim-watch/critico/gen_00222.txt ts=2026-10-03T08:43:29.983209+00:00
 [01325/3000] delete simple     /srv/fim-watch/gen_00239.txt ts=2026-10-03T08:43:30.083195+00:00
 [01326/3000] modify simple     /srv/fim-watch/gen_00128.txt ts=2026-10-03T08:43:30.183060+00:00
 [01327/3000] modify simple     /srv/fim-watch/gen_00235.txt ts=2026-10-03T08:43:30.283129+00:00
 [01328/3000] delete simple     /srv/fim-watch/gen_00074.txt ts=2026-10-03T08:43:30.382962+00:00
 [01329/3000] delete simple     /srv/fim-watch/gen_00159.txt ts=2026-10-03T08:43:30.482857+00:00
 [01330/3000] create simple     /srv/fim-watch/gen_00250.txt ts=2026-10-03T08:43:30.583343+00:00
 [01331/3000] delete simple     /srv/fim-watch/gen_00068.txt ts=2026-10-03T08:43:30.682916+00:00
 [01332/3000] modify revertido  /srv/fim-watch/critico/gen_00189.txt ts=2026-10-03T08:43:30.783137+00:00
 [01333/3000] modify revertido  /srv/fim-watch/critico/gen_00189.txt ts=2026-10-03T08:43:30.883250+00:00
 [01334/3000] modify simple     /srv/fim-watch/gen_00234.txt ts=2026-10-03T08:43:30.983200+00:00
 [01335/3000] modify simple     /srv/fim-watch/gen_00214.txt ts=2026-10-03T08:43:31.083263+00:00
 [01336/3000] modify simple     /srv/fim-watch/gen_00163.txt ts=2026-10-03T08:43:31.183513+00:00
 [01337/3000] create simple     /srv/fim-watch/critico/gen_00251.txt ts=2026-10-03T08:43:31.283209+00:00
 [01338/3000] modify simple     /srv/fim-watch/gen_00231.txt ts=2026-10-03T08:43:31.383488+00:00
 [01339/3000] create simple     /srv/fim-watch/gen_00252.txt ts=2026-10-03T08:43:31.482725+00:00
 [01340/3000] modify simple     /srv/fim-watch/critico/gen_00233.txt ts=2026-10-03T08:43:31.583659+00:00
 [01341/3000] create simple     /srv/fim-watch/critico/gen_00253.txt ts=2026-10-03T08:43:31.683130+00:00
 [01342/3000] modify simple     /srv/fim-watch/gen_00221.txt ts=2026-10-03T08:43:31.783293+00:00
 [01343/3000] create simple     /srv/fim-watch/gen_00254.txt ts=2026-10-03T08:43:31.882997+00:00
 [01344/3000] create simple     /srv/fim-watch/gen_00255.txt ts=2026-10-03T08:43:31.983039+00:00
 [01345/3000] create simple     /srv/fim-watch/gen_00256.txt ts=2026-10-03T08:43:32.083219+00:00
 [01346/3000] modify revertido  /srv/fim-watch/gen_00187.txt ts=2026-10-03T08:43:32.183177+00:00
 [01347/3000] modify revertido  /srv/fim-watch/gen_00187.txt ts=2026-10-03T08:43:32.282951+00:00
 [01348/3000] modify simple     /srv/fim-watch/gen_00064.txt ts=2026-10-03T08:43:32.383123+00:00
 [01349/3000] create simple     /srv/fim-watch/gen_00257.txt ts=2026-10-03T08:43:32.482855+00:00
 [01350/3000] create efimero    /srv/fim-watch/gen_00258.txt ts=2026-10-03T08:43:32.582983+00:00
 [01351/3000] delete efimero    /srv/fim-watch/gen_00258.txt ts=2026-10-03T08:43:32.682920+00:00
 [01352/3000] create simple     /srv/fim-watch/gen_00259.txt ts=2026-10-03T08:43:32.782703+00:00
 [01353/3000] modify simple     /srv/fim-watch/gen_00006.txt ts=2026-10-03T08:43:32.883145+00:00
 [01354/3000] modify simple     /srv/fim-watch/gen_00108.txt ts=2026-10-03T08:43:32.983326+00:00
 [01355/3000] modify simple     /srv/fim-watch/gen_00256.txt ts=2026-10-03T08:43:33.083625+00:00
 [01356/3000] create simple     /srv/fim-watch/gen_00260.txt ts=2026-10-03T08:43:33.183352+00:00
 [01357/3000] modify simple     /srv/fim-watch/gen_00175.txt ts=2026-10-03T08:43:33.283483+00:00
 [01358/3000] create simple     /srv/fim-watch/gen_00261.txt ts=2026-10-03T08:43:33.382911+00:00
 [01359/3000] create simple     /srv/fim-watch/critico/gen_00262.txt ts=2026-10-03T08:43:33.482869+00:00
 [01360/3000] create simple     /srv/fim-watch/gen_00263.txt ts=2026-10-03T08:43:33.583012+00:00
 [01361/3000] create simple     /srv/fim-watch/gen_00264.txt ts=2026-10-03T08:43:33.682919+00:00
 [01362/3000] modify simple     /srv/fim-watch/gen_00050.txt ts=2026-10-03T08:43:33.783098+00:00
 [01363/3000] modify simple     /srv/fim-watch/gen_00084.txt ts=2026-10-03T08:43:33.883114+00:00
 [01364/3000] create simple     /srv/fim-watch/gen_00265.txt ts=2026-10-03T08:43:33.983042+00:00
 [01365/3000] create simple     /srv/fim-watch/gen_00266.txt ts=2026-10-03T08:43:34.083045+00:00
 [01366/3000] modify simple     /srv/fim-watch/critico/gen_00053.txt ts=2026-10-03T08:43:34.183035+00:00
 [01367/3000] modify simple     /srv/fim-watch/gen_00006.txt ts=2026-10-03T08:43:34.282971+00:00
 [01368/3000] modify simple     /srv/fim-watch/critico/gen_00209.txt ts=2026-10-03T08:43:34.383184+00:00
 [01369/3000] modify simple     /srv/fim-watch/critico/gen_00156.txt ts=2026-10-03T08:43:34.483119+00:00
 [01370/3000] create simple     /srv/fim-watch/gen_00267.txt ts=2026-10-03T08:43:34.583082+00:00
 [01371/3000] modify simple     /srv/fim-watch/gen_00195.txt ts=2026-10-03T08:43:34.683364+00:00
 [01372/3000] modify simple     /srv/fim-watch/gen_00254.txt ts=2026-10-03T08:43:34.783504+00:00
 [01373/3000] create simple     /srv/fim-watch/gen_00268.txt ts=2026-10-03T08:43:34.883281+00:00
 [01374/3000] create simple     /srv/fim-watch/gen_00269.txt ts=2026-10-03T08:43:34.983169+00:00
 [01375/3000] create efimero    /srv/fim-watch/gen_00270.txt ts=2026-10-03T08:43:35.083350+00:00
 [01376/3000] delete efimero    /srv/fim-watch/gen_00270.txt ts=2026-10-03T08:43:35.183249+00:00
 [01377/3000] modify revertido  /srv/fim-watch/gen_00175.txt ts=2026-10-03T08:43:35.283056+00:00
 [01378/3000] modify revertido  /srv/fim-watch/gen_00175.txt ts=2026-10-03T08:43:35.383038+00:00
 [01379/3000] create simple     /srv/fim-watch/gen_00271.txt ts=2026-10-03T08:43:35.483361+00:00
 [01380/3000] modify simple     /srv/fim-watch/gen_00033.txt ts=2026-10-03T08:43:35.583012+00:00
 [01381/3000] create simple     /srv/fim-watch/critico/gen_00272.txt ts=2026-10-03T08:43:35.683328+00:00
 [01382/3000] delete simple     /srv/fim-watch/gen_00058.txt ts=2026-10-03T08:43:35.782871+00:00
 [01383/3000] modify simple     /srv/fim-watch/critico/gen_00169.txt ts=2026-10-03T08:43:35.883107+00:00
 [01384/3000] modify colapsado  /srv/fim-watch/gen_00267.txt ts=2026-10-03T08:43:35.983547+00:00
 [01385/3000] modify colapsado  /srv/fim-watch/gen_00267.txt ts=2026-10-03T08:43:36.083488+00:00
 [01386/3000] modify colapsado  /srv/fim-watch/gen_00267.txt ts=2026-10-03T08:43:36.183528+00:00
 [01387/3000] modify colapsado  /srv/fim-watch/gen_00267.txt ts=2026-10-03T08:43:36.283632+00:00
 [01388/3000] modify colapsado  /srv/fim-watch/gen_00267.txt ts=2026-10-03T08:43:36.383264+00:00
 [01389/3000] modify simple     /srv/fim-watch/gen_00036.txt ts=2026-10-03T08:43:36.483147+00:00
 [01390/3000] delete simple     /srv/fim-watch/gen_00065.txt ts=2026-10-03T08:43:36.583310+00:00
 [01391/3000] create simple     /srv/fim-watch/gen_00273.txt ts=2026-10-03T08:43:36.682967+00:00
 [01392/3000] modify revertido  /srv/fim-watch/critico/gen_00236.txt ts=2026-10-03T08:43:36.783118+00:00
 [01393/3000] modify revertido  /srv/fim-watch/critico/gen_00236.txt ts=2026-10-03T08:43:36.883252+00:00
 [01394/3000] delete simple     /srv/fim-watch/gen_00245.txt ts=2026-10-03T08:43:36.983210+00:00
 [01395/3000] modify revertido  /srv/fim-watch/gen_00268.txt ts=2026-10-03T08:43:37.083481+00:00
 [01396/3000] modify revertido  /srv/fim-watch/gen_00268.txt ts=2026-10-03T08:43:37.183567+00:00
 [01397/3000] create simple     /srv/fim-watch/gen_00274.txt ts=2026-10-03T08:43:37.283158+00:00
 [01398/3000] modify simple     /srv/fim-watch/gen_00134.txt ts=2026-10-03T08:43:37.383301+00:00
 [01399/3000] modify simple     /srv/fim-watch/gen_00266.txt ts=2026-10-03T08:43:37.483282+00:00
 [01400/3000] modify revertido  /srv/fim-watch/gen_00088.txt ts=2026-10-03T08:43:37.583126+00:00
 [01401/3000] modify revertido  /srv/fim-watch/gen_00088.txt ts=2026-10-03T08:43:37.683914+00:00
 [01402/3000] modify simple     /srv/fim-watch/gen_00129.txt ts=2026-10-03T08:43:37.783649+00:00
 [01403/3000] modify simple     /srv/fim-watch/gen_00084.txt ts=2026-10-03T08:43:37.883123+00:00
 [01404/3000] modify simple     /srv/fim-watch/gen_00256.txt ts=2026-10-03T08:43:37.983062+00:00
 [01405/3000] delete simple     /srv/fim-watch/gen_00093.txt ts=2026-10-03T08:43:38.083321+00:00
 [01406/3000] delete simple     /srv/fim-watch/gen_00067.txt ts=2026-10-03T08:43:38.183329+00:00
 [01407/3000] create simple     /srv/fim-watch/gen_00275.txt ts=2026-10-03T08:43:38.283381+00:00
 [01408/3000] delete simple     /srv/fim-watch/critico/gen_00202.txt ts=2026-10-03T08:43:38.382890+00:00
 [01409/3000] modify colapsado  /srv/fim-watch/gen_00267.txt ts=2026-10-03T08:43:38.483519+00:00
 [01410/3000] modify colapsado  /srv/fim-watch/gen_00267.txt ts=2026-10-03T08:43:38.583484+00:00
 [01411/3000] modify colapsado  /srv/fim-watch/gen_00267.txt ts=2026-10-03T08:43:38.683481+00:00
 [01412/3000] modify colapsado  /srv/fim-watch/gen_00267.txt ts=2026-10-03T08:43:38.783265+00:00
 [01413/3000] modify colapsado  /srv/fim-watch/gen_00267.txt ts=2026-10-03T08:43:38.883311+00:00
 [01414/3000] modify simple     /srv/fim-watch/gen_00160.txt ts=2026-10-03T08:43:38.983398+00:00
 [01415/3000] modify simple     /srv/fim-watch/gen_00098.txt ts=2026-10-03T08:43:39.083493+00:00
 [01416/3000] modify simple     /srv/fim-watch/critico/gen_00153.txt ts=2026-10-03T08:43:39.183518+00:00
 [01417/3000] modify simple     /srv/fim-watch/gen_00177.txt ts=2026-10-03T08:43:39.283263+00:00
 [01418/3000] create simple     /srv/fim-watch/critico/gen_00276.txt ts=2026-10-03T08:43:39.382928+00:00
 [01419/3000] modify simple     /srv/fim-watch/critico/gen_00173.txt ts=2026-10-03T08:43:39.483107+00:00
 [01420/3000] delete simple     /srv/fim-watch/critico/gen_00233.txt ts=2026-10-03T08:43:39.582846+00:00
 [01421/3000] modify simple     /srv/fim-watch/gen_00105.txt ts=2026-10-03T08:43:39.682841+00:00
 [01422/3000] modify simple     /srv/fim-watch/gen_00230.txt ts=2026-10-03T08:43:39.783300+00:00
 [01423/3000] modify simple     /srv/fim-watch/gen_00117.txt ts=2026-10-03T08:43:39.882975+00:00
 [01424/3000] create simple     /srv/fim-watch/gen_00277.txt ts=2026-10-03T08:43:39.983169+00:00
 [01425/3000] modify simple     /srv/fim-watch/gen_00136.txt ts=2026-10-03T08:43:40.083165+00:00
 [01426/3000] modify revertido  /srv/fim-watch/gen_00079.txt ts=2026-10-03T08:43:40.183533+00:00
 [01427/3000] modify revertido  /srv/fim-watch/gen_00079.txt ts=2026-10-03T08:43:40.282898+00:00
 [01428/3000] delete simple     /srv/fim-watch/gen_00006.txt ts=2026-10-03T08:43:40.382834+00:00
 [01429/3000] modify simple     /srv/fim-watch/critico/gen_00184.txt ts=2026-10-03T08:43:40.483121+00:00
 [01430/3000] modify simple     /srv/fim-watch/gen_00070.txt ts=2026-10-03T08:43:40.583235+00:00
 [01431/3000] create simple     /srv/fim-watch/gen_00278.txt ts=2026-10-03T08:43:40.683178+00:00
 [01432/3000] modify simple     /srv/fim-watch/gen_00176.txt ts=2026-10-03T08:43:40.783269+00:00
 [01433/3000] modify revertido  /srv/fim-watch/gen_00213.txt ts=2026-10-03T08:43:40.882994+00:00
 [01434/3000] modify revertido  /srv/fim-watch/gen_00213.txt ts=2026-10-03T08:43:40.983645+00:00
 [01435/3000] modify revertido  /srv/fim-watch/gen_00259.txt ts=2026-10-03T08:43:41.083448+00:00
 [01436/3000] modify revertido  /srv/fim-watch/gen_00259.txt ts=2026-10-03T08:43:41.183093+00:00
 [01437/3000] modify revertido  /srv/fim-watch/critico/gen_00242.txt ts=2026-10-03T08:43:41.283152+00:00
 [01438/3000] modify revertido  /srv/fim-watch/critico/gen_00242.txt ts=2026-10-03T08:43:41.383258+00:00
 [01439/3000] delete simple     /srv/fim-watch/gen_00267.txt ts=2026-10-03T08:43:41.483477+00:00
 [01440/3000] create simple     /srv/fim-watch/gen_00279.txt ts=2026-10-03T08:43:41.583126+00:00
 [01441/3000] create simple     /srv/fim-watch/critico/gen_00280.txt ts=2026-10-03T08:43:41.682921+00:00
 [01442/3000] modify simple     /srv/fim-watch/gen_00204.txt ts=2026-10-03T08:43:41.783275+00:00
 [01443/3000] modify simple     /srv/fim-watch/gen_00274.txt ts=2026-10-03T08:43:41.883301+00:00
 [01444/3000] modify colapsado  /srv/fim-watch/gen_00260.txt ts=2026-10-03T08:43:41.983119+00:00
 [01445/3000] modify colapsado  /srv/fim-watch/gen_00260.txt ts=2026-10-03T08:43:42.083462+00:00
 [01446/3000] modify colapsado  /srv/fim-watch/gen_00260.txt ts=2026-10-03T08:43:42.183125+00:00
 [01447/3000] modify colapsado  /srv/fim-watch/gen_00260.txt ts=2026-10-03T08:43:42.283269+00:00
 [01448/3000] modify colapsado  /srv/fim-watch/gen_00260.txt ts=2026-10-03T08:43:42.383510+00:00
 [01449/3000] create simple     /srv/fim-watch/gen_00281.txt ts=2026-10-03T08:43:42.483304+00:00
 [01450/3000] delete simple     /srv/fim-watch/gen_00261.txt ts=2026-10-03T08:43:42.583279+00:00
 [01451/3000] create simple     /srv/fim-watch/gen_00282.txt ts=2026-10-03T08:43:42.683039+00:00
 [01452/3000] create efimero    /srv/fim-watch/gen_00283.txt ts=2026-10-03T08:43:42.783190+00:00
 [01453/3000] delete efimero    /srv/fim-watch/gen_00283.txt ts=2026-10-03T08:43:42.882941+00:00
 [01454/3000] modify revertido  /srv/fim-watch/gen_00275.txt ts=2026-10-03T08:43:42.983305+00:00
 [01455/3000] modify revertido  /srv/fim-watch/gen_00275.txt ts=2026-10-03T08:43:43.083245+00:00
 [01456/3000] modify simple     /srv/fim-watch/critico/gen_00183.txt ts=2026-10-03T08:43:43.183105+00:00
 [01457/3000] delete simple     /srv/fim-watch/gen_00278.txt ts=2026-10-03T08:43:43.283304+00:00
 [01458/3000] modify simple     /srv/fim-watch/gen_00122.txt ts=2026-10-03T08:43:43.383062+00:00
 [01459/3000] create simple     /srv/fim-watch/gen_00284.txt ts=2026-10-03T08:43:43.483329+00:00
 [01460/3000] modify simple     /srv/fim-watch/gen_00275.txt ts=2026-10-03T08:43:43.583327+00:00
 [01461/3000] modify simple     /srv/fim-watch/gen_00040.txt ts=2026-10-03T08:43:43.683330+00:00
 [01462/3000] modify simple     /srv/fim-watch/critico/gen_00156.txt ts=2026-10-03T08:43:43.783083+00:00
 [01463/3000] modify revertido  /srv/fim-watch/gen_00215.txt ts=2026-10-03T08:43:43.883510+00:00
 [01464/3000] modify revertido  /srv/fim-watch/gen_00215.txt ts=2026-10-03T08:43:43.983117+00:00
 [01465/3000] create simple     /srv/fim-watch/gen_00285.txt ts=2026-10-03T08:43:44.083319+00:00
 [01466/3000] modify simple     /srv/fim-watch/gen_00203.txt ts=2026-10-03T08:43:44.183492+00:00
 [01467/3000] modify simple     /srv/fim-watch/gen_00231.txt ts=2026-10-03T08:43:44.283229+00:00
 [01468/3000] modify revertido  /srv/fim-watch/gen_00106.txt ts=2026-10-03T08:43:44.383413+00:00
 [01469/3000] modify revertido  /srv/fim-watch/gen_00106.txt ts=2026-10-03T08:43:44.483173+00:00
 [01470/3000] modify simple     /srv/fim-watch/gen_00166.txt ts=2026-10-03T08:43:44.582876+00:00
 [01471/3000] create simple     /srv/fim-watch/gen_00286.txt ts=2026-10-03T08:43:44.682904+00:00
 [01472/3000] modify simple     /srv/fim-watch/critico/gen_00280.txt ts=2026-10-03T08:43:44.783095+00:00
 [01473/3000] modify simple     /srv/fim-watch/critico/gen_00053.txt ts=2026-10-03T08:43:44.883113+00:00
 [01474/3000] modify revertido  /srv/fim-watch/gen_00135.txt ts=2026-10-03T08:43:44.983472+00:00
 [01475/3000] modify revertido  /srv/fim-watch/gen_00135.txt ts=2026-10-03T08:43:45.083508+00:00
 [01476/3000] create simple     /srv/fim-watch/critico/gen_00287.txt ts=2026-10-03T08:43:45.182994+00:00
 [01477/3000] delete simple     /srv/fim-watch/critico/gen_00200.txt ts=2026-10-03T08:43:45.282989+00:00
 [01478/3000] modify simple     /srv/fim-watch/gen_00193.txt ts=2026-10-03T08:43:45.382871+00:00
 [01479/3000] modify colapsado  /srv/fim-watch/gen_00265.txt ts=2026-10-03T08:43:45.483348+00:00
 [01480/3000] modify colapsado  /srv/fim-watch/gen_00265.txt ts=2026-10-03T08:43:45.583366+00:00
 [01481/3000] modify colapsado  /srv/fim-watch/gen_00265.txt ts=2026-10-03T08:43:45.683322+00:00
 [01482/3000] modify colapsado  /srv/fim-watch/gen_00265.txt ts=2026-10-03T08:43:45.782793+00:00
 [01483/3000] modify colapsado  /srv/fim-watch/gen_00265.txt ts=2026-10-03T08:43:45.883040+00:00
 [01484/3000] modify simple     /srv/fim-watch/critico/gen_00210.txt ts=2026-10-03T08:43:45.983268+00:00
 [01485/3000] modify simple     /srv/fim-watch/gen_00275.txt ts=2026-10-03T08:43:46.083507+00:00
 [01486/3000] modify simple     /srv/fim-watch/critico/gen_00287.txt ts=2026-10-03T08:43:46.183175+00:00
 [01487/3000] modify simple     /srv/fim-watch/gen_00117.txt ts=2026-10-03T08:43:46.283491+00:00
 [01488/3000] modify simple     /srv/fim-watch/gen_00281.txt ts=2026-10-03T08:43:46.383515+00:00
 [01489/3000] create simple     /srv/fim-watch/critico/gen_00288.txt ts=2026-10-03T08:43:46.483502+00:00
 [01490/3000] modify simple     /srv/fim-watch/gen_00161.txt ts=2026-10-03T08:43:46.583129+00:00
 [01491/3000] modify simple     /srv/fim-watch/gen_00282.txt ts=2026-10-03T08:43:46.683270+00:00
 [01492/3000] delete simple     /srv/fim-watch/critico/gen_00169.txt ts=2026-10-03T08:43:46.783175+00:00
 [01493/3000] modify simple     /srv/fim-watch/gen_00161.txt ts=2026-10-03T08:43:46.883640+00:00
 [01494/3000] modify simple     /srv/fim-watch/gen_00177.txt ts=2026-10-03T08:43:46.983466+00:00
 [01495/3000] modify simple     /srv/fim-watch/gen_00049.txt ts=2026-10-03T08:43:47.083502+00:00
 [01496/3000] modify revertido  /srv/fim-watch/gen_00247.txt ts=2026-10-03T08:43:47.183254+00:00
 [01497/3000] modify revertido  /srv/fim-watch/gen_00247.txt ts=2026-10-03T08:43:47.283366+00:00
 [01498/3000] create simple     /srv/fim-watch/gen_00289.txt ts=2026-10-03T08:43:47.383009+00:00
 [01499/3000] modify simple     /srv/fim-watch/critico/gen_00173.txt ts=2026-10-03T08:43:47.483221+00:00
 [01500/3000] modify simple     /srv/fim-watch/gen_00177.txt ts=2026-10-03T08:43:47.583152+00:00
 [01501/3000] create simple     /srv/fim-watch/gen_00290.txt ts=2026-10-03T08:43:47.682788+00:00
 [01502/3000] modify simple     /srv/fim-watch/gen_00206.txt ts=2026-10-03T08:43:47.782933+00:00
 [01503/3000] create simple     /srv/fim-watch/gen_00291.txt ts=2026-10-03T08:43:47.882801+00:00
 [01504/3000] modify simple     /srv/fim-watch/gen_00259.txt ts=2026-10-03T08:43:47.983286+00:00
 [01505/3000] modify simple     /srv/fim-watch/gen_00231.txt ts=2026-10-03T08:43:48.083263+00:00
 [01506/3000] modify simple     /srv/fim-watch/gen_00250.txt ts=2026-10-03T08:43:48.183248+00:00
 [01507/3000] delete simple     /srv/fim-watch/gen_00180.txt ts=2026-10-03T08:43:48.283149+00:00
 [01508/3000] modify simple     /srv/fim-watch/gen_00108.txt ts=2026-10-03T08:43:48.383321+00:00
 [01509/3000] modify simple     /srv/fim-watch/gen_00269.txt ts=2026-10-03T08:43:48.483137+00:00
 [01510/3000] modify simple     /srv/fim-watch/gen_00279.txt ts=2026-10-03T08:43:48.583257+00:00
 [01511/3000] create simple     /srv/fim-watch/gen_00292.txt ts=2026-10-03T08:43:48.683086+00:00
 [01512/3000] modify revertido  /srv/fim-watch/gen_00256.txt ts=2026-10-03T08:43:48.783089+00:00
 [01513/3000] modify revertido  /srv/fim-watch/gen_00256.txt ts=2026-10-03T08:43:48.883275+00:00
 [01514/3000] modify simple     /srv/fim-watch/gen_00252.txt ts=2026-10-03T08:43:48.983277+00:00
 [01515/3000] modify simple     /srv/fim-watch/gen_00157.txt ts=2026-10-03T08:43:49.083269+00:00
 [01516/3000] modify simple     /srv/fim-watch/gen_00223.txt ts=2026-10-03T08:43:49.183270+00:00
 [01517/3000] delete simple     /srv/fim-watch/gen_00033.txt ts=2026-10-03T08:43:49.283144+00:00
 [01518/3000] modify revertido  /srv/fim-watch/gen_00249.txt ts=2026-10-03T08:43:49.383190+00:00
 [01519/3000] modify revertido  /srv/fim-watch/gen_00249.txt ts=2026-10-03T08:43:49.483112+00:00
 [01520/3000] delete simple     /srv/fim-watch/critico/gen_00210.txt ts=2026-10-03T08:43:49.583304+00:00
 [01521/3000] modify revertido  /srv/fim-watch/gen_00225.txt ts=2026-10-03T08:43:49.682943+00:00
 [01522/3000] modify revertido  /srv/fim-watch/gen_00225.txt ts=2026-10-03T08:43:49.782835+00:00
 [01523/3000] modify simple     /srv/fim-watch/gen_00250.txt ts=2026-10-03T08:43:49.882853+00:00
 [01524/3000] create simple     /srv/fim-watch/gen_00293.txt ts=2026-10-03T08:43:49.983170+00:00
 [01525/3000] create simple     /srv/fim-watch/gen_00294.txt ts=2026-10-03T08:43:50.083132+00:00
 [01526/3000] modify simple     /srv/fim-watch/gen_00230.txt ts=2026-10-03T08:43:50.183284+00:00
 [01527/3000] modify simple     /srv/fim-watch/critico/gen_00222.txt ts=2026-10-03T08:43:50.283302+00:00
 [01528/3000] create simple     /srv/fim-watch/gen_00295.txt ts=2026-10-03T08:43:50.382924+00:00
 [01529/3000] modify simple     /srv/fim-watch/gen_00142.txt ts=2026-10-03T08:43:50.483138+00:00
 [01530/3000] modify simple     /srv/fim-watch/gen_00249.txt ts=2026-10-03T08:43:50.583257+00:00
 [01531/3000] create simple     /srv/fim-watch/gen_00296.txt ts=2026-10-03T08:43:50.683347+00:00
 [01532/3000] delete simple     /srv/fim-watch/gen_00194.txt ts=2026-10-03T08:43:50.783169+00:00
 [01533/3000] create simple     /srv/fim-watch/gen_00297.txt ts=2026-10-03T08:43:50.883325+00:00
 [01534/3000] create simple     /srv/fim-watch/gen_00298.txt ts=2026-10-03T08:43:50.982882+00:00
 [01535/3000] modify simple     /srv/fim-watch/gen_00193.txt ts=2026-10-03T08:43:51.083106+00:00
 [01536/3000] create simple     /srv/fim-watch/gen_00299.txt ts=2026-10-03T08:43:51.183034+00:00
 [01537/3000] modify simple     /srv/fim-watch/gen_00266.txt ts=2026-10-03T08:43:51.283283+00:00
 [01538/3000] modify colapsado  /srv/fim-watch/gen_00219.txt ts=2026-10-03T08:43:51.383000+00:00
 [01539/3000] modify colapsado  /srv/fim-watch/gen_00219.txt ts=2026-10-03T08:43:51.483035+00:00
 [01540/3000] modify colapsado  /srv/fim-watch/gen_00219.txt ts=2026-10-03T08:43:51.583297+00:00
 [01541/3000] modify colapsado  /srv/fim-watch/gen_00219.txt ts=2026-10-03T08:43:51.683133+00:00
 [01542/3000] modify colapsado  /srv/fim-watch/gen_00219.txt ts=2026-10-03T08:43:51.783150+00:00
 [01543/3000] modify simple     /srv/fim-watch/critico/gen_00276.txt ts=2026-10-03T08:43:51.883123+00:00
 [01544/3000] modify revertido  /srv/fim-watch/gen_00259.txt ts=2026-10-03T08:43:51.983111+00:00
 [01545/3000] modify revertido  /srv/fim-watch/gen_00259.txt ts=2026-10-03T08:43:52.083290+00:00
 [01546/3000] create efimero    /srv/fim-watch/gen_00300.txt ts=2026-10-03T08:43:52.183040+00:00
 [01547/3000] delete efimero    /srv/fim-watch/gen_00300.txt ts=2026-10-03T08:43:52.283138+00:00
 [01548/3000] modify simple     /srv/fim-watch/gen_00231.txt ts=2026-10-03T08:43:52.383288+00:00
 [01549/3000] delete simple     /srv/fim-watch/gen_00247.txt ts=2026-10-03T08:43:52.483282+00:00
 [01550/3000] delete simple     /srv/fim-watch/gen_00243.txt ts=2026-10-03T08:43:52.583117+00:00
 [01551/3000] delete simple     /srv/fim-watch/gen_00016.txt ts=2026-10-03T08:43:52.682971+00:00
 [01552/3000] modify simple     /srv/fim-watch/gen_00062.txt ts=2026-10-03T08:43:52.782991+00:00
 [01553/3000] modify simple     /srv/fim-watch/gen_00271.txt ts=2026-10-03T08:43:52.883090+00:00
 [01554/3000] modify simple     /srv/fim-watch/critico/gen_00053.txt ts=2026-10-03T08:43:52.982986+00:00
 [01555/3000] modify simple     /srv/fim-watch/gen_00062.txt ts=2026-10-03T08:43:53.083116+00:00
 [01556/3000] modify simple     /srv/fim-watch/gen_00238.txt ts=2026-10-03T08:43:53.183271+00:00
 [01557/3000] create simple     /srv/fim-watch/gen_00301.txt ts=2026-10-03T08:43:53.283025+00:00
 [01558/3000] modify simple     /srv/fim-watch/gen_00134.txt ts=2026-10-03T08:43:53.383260+00:00
 [01559/3000] create simple     /srv/fim-watch/gen_00302.txt ts=2026-10-03T08:43:53.482867+00:00
 [01560/3000] modify colapsado  /srv/fim-watch/gen_00171.txt ts=2026-10-03T08:43:53.583094+00:00
 [01561/3000] modify colapsado  /srv/fim-watch/gen_00171.txt ts=2026-10-03T08:43:53.683131+00:00
 [01562/3000] modify colapsado  /srv/fim-watch/gen_00171.txt ts=2026-10-03T08:43:53.783504+00:00
 [01563/3000] modify colapsado  /srv/fim-watch/gen_00171.txt ts=2026-10-03T08:43:53.883229+00:00
 [01564/3000] modify colapsado  /srv/fim-watch/gen_00171.txt ts=2026-10-03T08:43:53.982687+00:00
 [01565/3000] modify simple     /srv/fim-watch/gen_00254.txt ts=2026-10-03T08:43:54.083258+00:00
 [01566/3000] delete simple     /srv/fim-watch/gen_00296.txt ts=2026-10-03T08:43:54.183166+00:00
 [01567/3000] modify simple     /srv/fim-watch/gen_00078.txt ts=2026-10-03T08:43:54.283130+00:00
 [01568/3000] create simple     /srv/fim-watch/gen_00303.txt ts=2026-10-03T08:43:54.383191+00:00
 [01569/3000] modify simple     /srv/fim-watch/gen_00179.txt ts=2026-10-03T08:43:54.483298+00:00
 [01570/3000] create simple     /srv/fim-watch/critico/gen_00304.txt ts=2026-10-03T08:43:54.583364+00:00
 [01571/3000] delete simple     /srv/fim-watch/gen_00084.txt ts=2026-10-03T08:43:54.683281+00:00
 [01572/3000] modify simple     /srv/fim-watch/gen_00149.txt ts=2026-10-03T08:43:54.783099+00:00
 [01573/3000] create simple     /srv/fim-watch/gen_00305.txt ts=2026-10-03T08:43:54.883139+00:00
 [01574/3000] delete simple     /srv/fim-watch/gen_00132.txt ts=2026-10-03T08:43:54.983127+00:00
 [01575/3000] modify simple     /srv/fim-watch/gen_00106.txt ts=2026-10-03T08:43:55.083647+00:00
 [01576/3000] modify revertido  /srv/fim-watch/gen_00207.txt ts=2026-10-03T08:43:55.183490+00:00
 [01577/3000] modify revertido  /srv/fim-watch/gen_00207.txt ts=2026-10-03T08:43:55.283261+00:00
 [01578/3000] modify simple     /srv/fim-watch/gen_00108.txt ts=2026-10-03T08:43:55.383571+00:00
 [01579/3000] modify simple     /srv/fim-watch/critico/gen_00191.txt ts=2026-10-03T08:43:55.483139+00:00
 [01580/3000] modify simple     /srv/fim-watch/gen_00161.txt ts=2026-10-03T08:43:55.583311+00:00
 [01581/3000] modify simple     /srv/fim-watch/gen_00125.txt ts=2026-10-03T08:43:55.683250+00:00
 [01582/3000] modify simple     /srv/fim-watch/gen_00128.txt ts=2026-10-03T08:43:55.783048+00:00
 [01583/3000] modify revertido  /srv/fim-watch/gen_00285.txt ts=2026-10-03T08:43:55.883224+00:00
 [01584/3000] modify revertido  /srv/fim-watch/gen_00285.txt ts=2026-10-03T08:43:55.982794+00:00
 [01585/3000] modify colapsado  /srv/fim-watch/gen_00214.txt ts=2026-10-03T08:43:56.083130+00:00
 [01586/3000] modify colapsado  /srv/fim-watch/gen_00214.txt ts=2026-10-03T08:43:56.183362+00:00
 [01587/3000] modify colapsado  /srv/fim-watch/gen_00214.txt ts=2026-10-03T08:43:56.283305+00:00
 [01588/3000] modify colapsado  /srv/fim-watch/gen_00214.txt ts=2026-10-03T08:43:56.383103+00:00
 [01589/3000] modify colapsado  /srv/fim-watch/gen_00214.txt ts=2026-10-03T08:43:56.483258+00:00
 [01590/3000] modify simple     /srv/fim-watch/gen_00049.txt ts=2026-10-03T08:43:56.583139+00:00
 [01591/3000] modify simple     /srv/fim-watch/critico/gen_00280.txt ts=2026-10-03T08:43:56.683406+00:00
 [01592/3000] modify simple     /srv/fim-watch/gen_00219.txt ts=2026-10-03T08:43:56.783086+00:00
 [01593/3000] create simple     /srv/fim-watch/gen_00306.txt ts=2026-10-03T08:43:56.883225+00:00
 [01594/3000] modify simple     /srv/fim-watch/gen_00166.txt ts=2026-10-03T08:43:56.983130+00:00
 [01595/3000] create simple     /srv/fim-watch/gen_00307.txt ts=2026-10-03T08:43:57.083167+00:00
 [01596/3000] modify simple     /srv/fim-watch/gen_00273.txt ts=2026-10-03T08:43:57.183651+00:00
 [01597/3000] modify simple     /srv/fim-watch/gen_00255.txt ts=2026-10-03T08:43:57.283257+00:00
 [01598/3000] create simple     /srv/fim-watch/gen_00308.txt ts=2026-10-03T08:43:57.383172+00:00
 [01599/3000] modify simple     /srv/fim-watch/gen_00299.txt ts=2026-10-03T08:43:57.483279+00:00
 [01600/3000] modify simple     /srv/fim-watch/gen_00122.txt ts=2026-10-03T08:43:57.583544+00:00
 [01601/3000] modify simple     /srv/fim-watch/gen_00268.txt ts=2026-10-03T08:43:57.683255+00:00
 [01602/3000] create simple     /srv/fim-watch/gen_00309.txt ts=2026-10-03T08:43:57.783323+00:00
 [01603/3000] modify simple     /srv/fim-watch/gen_00273.txt ts=2026-10-03T08:43:57.883021+00:00
 [01604/3000] modify simple     /srv/fim-watch/critico/gen_00123.txt ts=2026-10-03T08:43:57.983146+00:00
 [01605/3000] create simple     /srv/fim-watch/critico/gen_00310.txt ts=2026-10-03T08:43:58.082973+00:00
 [01606/3000] create simple     /srv/fim-watch/gen_00311.txt ts=2026-10-03T08:43:58.183343+00:00
 [01607/3000] create simple     /srv/fim-watch/critico/gen_00312.txt ts=2026-10-03T08:43:58.283148+00:00
 [01608/3000] modify colapsado  /srv/fim-watch/gen_00106.txt ts=2026-10-03T08:43:58.383080+00:00
 [01609/3000] modify colapsado  /srv/fim-watch/gen_00106.txt ts=2026-10-03T08:43:58.483277+00:00
 [01610/3000] modify colapsado  /srv/fim-watch/gen_00106.txt ts=2026-10-03T08:43:58.583371+00:00
 [01611/3000] modify colapsado  /srv/fim-watch/gen_00106.txt ts=2026-10-03T08:43:58.683274+00:00
 [01612/3000] modify colapsado  /srv/fim-watch/gen_00106.txt ts=2026-10-03T08:43:58.783266+00:00
 [01613/3000] delete simple     /srv/fim-watch/gen_00070.txt ts=2026-10-03T08:43:58.883147+00:00
 [01614/3000] modify simple     /srv/fim-watch/gen_00309.txt ts=2026-10-03T08:43:58.983096+00:00
 [01615/3000] delete simple     /srv/fim-watch/gen_00089.txt ts=2026-10-03T08:43:59.083392+00:00
 [01616/3000] modify revertido  /srv/fim-watch/gen_00204.txt ts=2026-10-03T08:43:59.183552+00:00
 [01617/3000] modify revertido  /srv/fim-watch/gen_00204.txt ts=2026-10-03T08:43:59.283529+00:00
 [01618/3000] modify simple     /srv/fim-watch/critico/gen_00222.txt ts=2026-10-03T08:43:59.383528+00:00
 [01619/3000] modify simple     /srv/fim-watch/gen_00279.txt ts=2026-10-03T08:43:59.483302+00:00
 [01620/3000] delete simple     /srv/fim-watch/gen_00040.txt ts=2026-10-03T08:43:59.582858+00:00
 [01621/3000] modify simple     /srv/fim-watch/gen_00228.txt ts=2026-10-03T08:43:59.683279+00:00
 [01622/3000] create simple     /srv/fim-watch/gen_00313.txt ts=2026-10-03T08:43:59.783469+00:00
 [01623/3000] create simple     /srv/fim-watch/gen_00314.txt ts=2026-10-03T08:43:59.882900+00:00
 [01624/3000] modify simple     /srv/fim-watch/gen_00152.txt ts=2026-10-03T08:43:59.983280+00:00
 [01625/3000] modify simple     /srv/fim-watch/critico/gen_00248.txt ts=2026-10-03T08:44:00.082848+00:00
 [01626/3000] create simple     /srv/fim-watch/gen_00315.txt ts=2026-10-03T08:44:00.183357+00:00
 [01627/3000] create simple     /srv/fim-watch/gen_00316.txt ts=2026-10-03T08:44:00.283096+00:00
 [01628/3000] modify simple     /srv/fim-watch/gen_00179.txt ts=2026-10-03T08:44:00.383138+00:00
 [01629/3000] modify simple     /srv/fim-watch/gen_00106.txt ts=2026-10-03T08:44:00.483016+00:00
 [01630/3000] modify simple     /srv/fim-watch/gen_00282.txt ts=2026-10-03T08:44:00.583271+00:00
 [01631/3000] modify simple     /srv/fim-watch/critico/gen_00189.txt ts=2026-10-03T08:44:00.683352+00:00
 [01632/3000] create simple     /srv/fim-watch/gen_00317.txt ts=2026-10-03T08:44:00.783188+00:00
 [01633/3000] modify revertido  /srv/fim-watch/gen_00149.txt ts=2026-10-03T08:44:00.883298+00:00
 [01634/3000] modify revertido  /srv/fim-watch/gen_00149.txt ts=2026-10-03T08:44:00.983139+00:00
 [01635/3000] modify simple     /srv/fim-watch/gen_00096.txt ts=2026-10-03T08:44:01.082914+00:00
 [01636/3000] modify simple     /srv/fim-watch/gen_00266.txt ts=2026-10-03T08:44:01.183136+00:00
 [01637/3000] modify simple     /srv/fim-watch/gen_00231.txt ts=2026-10-03T08:44:01.283264+00:00
 [01638/3000] modify simple     /srv/fim-watch/gen_00293.txt ts=2026-10-03T08:44:01.383245+00:00
 [01639/3000] modify simple     /srv/fim-watch/gen_00174.txt ts=2026-10-03T08:44:01.483203+00:00
 [01640/3000] create simple     /srv/fim-watch/gen_00318.txt ts=2026-10-03T08:44:01.583048+00:00
 [01641/3000] modify simple     /srv/fim-watch/gen_00096.txt ts=2026-10-03T08:44:01.683472+00:00
 [01642/3000] modify simple     /srv/fim-watch/gen_00231.txt ts=2026-10-03T08:44:01.783524+00:00
 [01643/3000] create simple     /srv/fim-watch/gen_00319.txt ts=2026-10-03T08:44:01.883514+00:00
 [01644/3000] delete simple     /srv/fim-watch/critico/gen_00236.txt ts=2026-10-03T08:44:01.983269+00:00
 [01645/3000] create simple     /srv/fim-watch/gen_00320.txt ts=2026-10-03T08:44:02.083202+00:00
 [01646/3000] create simple     /srv/fim-watch/gen_00321.txt ts=2026-10-03T08:44:02.183369+00:00
 [01647/3000] modify simple     /srv/fim-watch/gen_00274.txt ts=2026-10-03T08:44:02.283155+00:00
 [01648/3000] create simple     /srv/fim-watch/critico/gen_00322.txt ts=2026-10-03T08:44:02.383036+00:00
 [01649/3000] modify simple     /srv/fim-watch/critico/gen_00191.txt ts=2026-10-03T08:44:02.483268+00:00
 [01650/3000] create simple     /srv/fim-watch/gen_00323.txt ts=2026-10-03T08:44:02.582866+00:00
 [01651/3000] create efimero    /srv/fim-watch/gen_00324.txt ts=2026-10-03T08:44:02.683344+00:00
 [01652/3000] delete efimero    /srv/fim-watch/gen_00324.txt ts=2026-10-03T08:44:02.783271+00:00
 [01653/3000] modify simple     /srv/fim-watch/critico/gen_00248.txt ts=2026-10-03T08:44:02.882936+00:00
 [01654/3000] modify simple     /srv/fim-watch/critico/gen_00156.txt ts=2026-10-03T08:44:02.983644+00:00
 [01655/3000] modify simple     /srv/fim-watch/gen_00319.txt ts=2026-10-03T08:44:03.082718+00:00
 [01656/3000] create simple     /srv/fim-watch/gen_00325.txt ts=2026-10-03T08:44:03.183363+00:00
 [01657/3000] modify simple     /srv/fim-watch/critico/gen_00222.txt ts=2026-10-03T08:44:03.283072+00:00
 [01658/3000] modify simple     /srv/fim-watch/critico/gen_00253.txt ts=2026-10-03T08:44:03.383124+00:00
 [01659/3000] create simple     /srv/fim-watch/gen_00326.txt ts=2026-10-03T08:44:03.483170+00:00
 [01660/3000] delete simple     /srv/fim-watch/gen_00212.txt ts=2026-10-03T08:44:03.582870+00:00
 [01661/3000] modify simple     /srv/fim-watch/gen_00175.txt ts=2026-10-03T08:44:03.683122+00:00
 [01662/3000] create simple     /srv/fim-watch/gen_00327.txt ts=2026-10-03T08:44:03.783354+00:00
 [01663/3000] modify revertido  /srv/fim-watch/gen_00096.txt ts=2026-10-03T08:44:03.883253+00:00
 [01664/3000] modify revertido  /srv/fim-watch/gen_00096.txt ts=2026-10-03T08:44:03.983438+00:00
 [01665/3000] create efimero    /srv/fim-watch/critico/gen_00328.txt ts=2026-10-03T08:44:04.083156+00:00
 [01666/3000] delete efimero    /srv/fim-watch/critico/gen_00328.txt ts=2026-10-03T08:44:04.182941+00:00
 [01667/3000] modify simple     /srv/fim-watch/gen_00313.txt ts=2026-10-03T08:44:04.283120+00:00
 [01668/3000] modify simple     /srv/fim-watch/gen_00115.txt ts=2026-10-03T08:44:04.383147+00:00
 [01669/3000] modify simple     /srv/fim-watch/gen_00177.txt ts=2026-10-03T08:44:04.483590+00:00
 [01670/3000] modify simple     /srv/fim-watch/gen_00255.txt ts=2026-10-03T08:44:04.582987+00:00
 [01671/3000] modify simple     /srv/fim-watch/gen_00252.txt ts=2026-10-03T08:44:04.683490+00:00
 [01672/3000] create simple     /srv/fim-watch/gen_00329.txt ts=2026-10-03T08:44:04.782939+00:00
 [01673/3000] modify simple     /srv/fim-watch/gen_00152.txt ts=2026-10-03T08:44:04.883105+00:00
 [01674/3000] modify simple     /srv/fim-watch/gen_00171.txt ts=2026-10-03T08:44:04.983519+00:00
 [01675/3000] modify simple     /srv/fim-watch/gen_00279.txt ts=2026-10-03T08:44:05.083115+00:00
 [01676/3000] modify simple     /srv/fim-watch/gen_00088.txt ts=2026-10-03T08:44:05.183342+00:00
 [01677/3000] create simple     /srv/fim-watch/critico/gen_00330.txt ts=2026-10-03T08:44:05.283166+00:00
 [01678/3000] create simple     /srv/fim-watch/gen_00331.txt ts=2026-10-03T08:44:05.383169+00:00
 [01679/3000] delete simple     /srv/fim-watch/gen_00078.txt ts=2026-10-03T08:44:05.483150+00:00
 [01680/3000] modify simple     /srv/fim-watch/gen_00266.txt ts=2026-10-03T08:44:05.582933+00:00
 [01681/3000] modify simple     /srv/fim-watch/gen_00088.txt ts=2026-10-03T08:44:05.683529+00:00
 [01682/3000] modify simple     /srv/fim-watch/gen_00225.txt ts=2026-10-03T08:44:05.783528+00:00
 [01683/3000] modify simple     /srv/fim-watch/gen_00255.txt ts=2026-10-03T08:44:05.883526+00:00
 [01684/3000] modify revertido  /srv/fim-watch/gen_00160.txt ts=2026-10-03T08:44:05.983548+00:00
 [01685/3000] modify revertido  /srv/fim-watch/gen_00160.txt ts=2026-10-03T08:44:06.083036+00:00
 [01686/3000] modify colapsado  /srv/fim-watch/gen_00157.txt ts=2026-10-03T08:44:06.182942+00:00
 [01687/3000] modify colapsado  /srv/fim-watch/gen_00157.txt ts=2026-10-03T08:44:06.283118+00:00
 [01688/3000] modify colapsado  /srv/fim-watch/gen_00157.txt ts=2026-10-03T08:44:06.383302+00:00
 [01689/3000] modify colapsado  /srv/fim-watch/gen_00157.txt ts=2026-10-03T08:44:06.483274+00:00
 [01690/3000] modify colapsado  /srv/fim-watch/gen_00157.txt ts=2026-10-03T08:44:06.583006+00:00
 [01691/3000] modify simple     /srv/fim-watch/gen_00206.txt ts=2026-10-03T08:44:06.683296+00:00
 [01692/3000] modify simple     /srv/fim-watch/gen_00256.txt ts=2026-10-03T08:44:06.783253+00:00
 [01693/3000] delete simple     /srv/fim-watch/gen_00281.txt ts=2026-10-03T08:44:06.883204+00:00
 [01694/3000] create simple     /srv/fim-watch/critico/gen_00332.txt ts=2026-10-03T08:44:06.983172+00:00
 [01695/3000] modify simple     /srv/fim-watch/gen_00096.txt ts=2026-10-03T08:44:07.083183+00:00
 [01696/3000] delete simple     /srv/fim-watch/gen_00327.txt ts=2026-10-03T08:44:07.183244+00:00
 [01697/3000] modify simple     /srv/fim-watch/critico/gen_00280.txt ts=2026-10-03T08:44:07.283454+00:00
 [01698/3000] delete simple     /srv/fim-watch/gen_00273.txt ts=2026-10-03T08:44:07.382985+00:00
 [01699/3000] modify simple     /srv/fim-watch/critico/gen_00248.txt ts=2026-10-03T08:44:07.483293+00:00
 [01700/3000] modify simple     /srv/fim-watch/gen_00128.txt ts=2026-10-03T08:44:07.582998+00:00
 [01701/3000] modify simple     /srv/fim-watch/gen_00152.txt ts=2026-10-03T08:44:07.683166+00:00
 [01702/3000] modify simple     /srv/fim-watch/gen_00317.txt ts=2026-10-03T08:44:07.783343+00:00
 [01703/3000] delete simple     /srv/fim-watch/critico/gen_00287.txt ts=2026-10-03T08:44:07.882924+00:00
 [01704/3000] modify simple     /srv/fim-watch/critico/gen_00332.txt ts=2026-10-03T08:44:07.983089+00:00
 [01705/3000] modify simple     /srv/fim-watch/gen_00179.txt ts=2026-10-03T08:44:08.082794+00:00
 [01706/3000] modify simple     /srv/fim-watch/gen_00219.txt ts=2026-10-03T08:44:08.183111+00:00
 [01707/3000] modify simple     /srv/fim-watch/critico/gen_00242.txt ts=2026-10-03T08:44:08.283103+00:00
 [01708/3000] modify simple     /srv/fim-watch/gen_00279.txt ts=2026-10-03T08:44:08.383326+00:00
 [01709/3000] modify simple     /srv/fim-watch/gen_00042.txt ts=2026-10-03T08:44:08.483528+00:00
 [01710/3000] modify revertido  /srv/fim-watch/gen_00311.txt ts=2026-10-03T08:44:08.583069+00:00
 [01711/3000] modify revertido  /srv/fim-watch/gen_00311.txt ts=2026-10-03T08:44:08.683282+00:00
 [01712/3000] modify simple     /srv/fim-watch/gen_00254.txt ts=2026-10-03T08:44:08.783123+00:00
 [01713/3000] modify simple     /srv/fim-watch/critico/gen_00304.txt ts=2026-10-03T08:44:08.883357+00:00
 [01714/3000] modify simple     /srv/fim-watch/gen_00126.txt ts=2026-10-03T08:44:08.983562+00:00
 [01715/3000] modify simple     /srv/fim-watch/gen_00301.txt ts=2026-10-03T08:44:09.083097+00:00
 [01716/3000] modify simple     /srv/fim-watch/gen_00286.txt ts=2026-10-03T08:44:09.183060+00:00
 [01717/3000] create simple     /srv/fim-watch/critico/gen_00333.txt ts=2026-10-03T08:44:09.283198+00:00
 [01718/3000] modify revertido  /srv/fim-watch/critico/gen_00183.txt ts=2026-10-03T08:44:09.383484+00:00
 [01719/3000] modify revertido  /srv/fim-watch/critico/gen_00183.txt ts=2026-10-03T08:44:09.483514+00:00
 [01720/3000] modify simple     /srv/fim-watch/gen_00166.txt ts=2026-10-03T08:44:09.583149+00:00
 [01721/3000] create simple     /srv/fim-watch/gen_00334.txt ts=2026-10-03T08:44:09.683314+00:00
 [01722/3000] create simple     /srv/fim-watch/gen_00335.txt ts=2026-10-03T08:44:09.783001+00:00
 [01723/3000] modify simple     /srv/fim-watch/gen_00241.txt ts=2026-10-03T08:44:09.883126+00:00
 [01724/3000] modify simple     /srv/fim-watch/gen_00125.txt ts=2026-10-03T08:44:09.982897+00:00
 [01725/3000] modify simple     /srv/fim-watch/gen_00260.txt ts=2026-10-03T08:44:10.083149+00:00
 [01726/3000] create simple     /srv/fim-watch/critico/gen_00336.txt ts=2026-10-03T08:44:10.183018+00:00
 [01727/3000] create efimero    /srv/fim-watch/gen_00337.txt ts=2026-10-03T08:44:10.282796+00:00
 [01728/3000] delete efimero    /srv/fim-watch/gen_00337.txt ts=2026-10-03T08:44:10.382900+00:00
 [01729/3000] modify simple     /srv/fim-watch/gen_00219.txt ts=2026-10-03T08:44:10.483542+00:00
 [01730/3000] delete simple     /srv/fim-watch/critico/gen_00276.txt ts=2026-10-03T08:44:10.582693+00:00
 [01731/3000] modify simple     /srv/fim-watch/gen_00177.txt ts=2026-10-03T08:44:10.683539+00:00
 [01732/3000] create simple     /srv/fim-watch/gen_00338.txt ts=2026-10-03T08:44:10.782996+00:00
 [01733/3000] delete simple     /srv/fim-watch/gen_00176.txt ts=2026-10-03T08:44:10.883174+00:00
 [01734/3000] delete simple     /srv/fim-watch/gen_00301.txt ts=2026-10-03T08:44:10.983063+00:00
 [01735/3000] modify simple     /srv/fim-watch/gen_00126.txt ts=2026-10-03T08:44:11.083295+00:00
 [01736/3000] delete simple     /srv/fim-watch/gen_00135.txt ts=2026-10-03T08:44:11.182938+00:00
 [01737/3000] modify simple     /srv/fim-watch/critico/gen_00184.txt ts=2026-10-03T08:44:11.283116+00:00
 [01738/3000] delete simple     /srv/fim-watch/gen_00292.txt ts=2026-10-03T08:44:11.383190+00:00
 [01739/3000] modify simple     /srv/fim-watch/gen_00071.txt ts=2026-10-03T08:44:11.483297+00:00
 [01740/3000] create simple     /srv/fim-watch/gen_00339.txt ts=2026-10-03T08:44:11.583168+00:00
 [01741/3000] delete simple     /srv/fim-watch/gen_00338.txt ts=2026-10-03T08:44:11.683134+00:00
 [01742/3000] modify simple     /srv/fim-watch/critico/gen_00310.txt ts=2026-10-03T08:44:11.783047+00:00
 [01743/3000] modify colapsado  /srv/fim-watch/gen_00206.txt ts=2026-10-03T08:44:11.883581+00:00
 [01744/3000] modify colapsado  /srv/fim-watch/gen_00206.txt ts=2026-10-03T08:44:11.983366+00:00
 [01745/3000] modify colapsado  /srv/fim-watch/gen_00206.txt ts=2026-10-03T08:44:12.083162+00:00
 [01746/3000] modify colapsado  /srv/fim-watch/gen_00206.txt ts=2026-10-03T08:44:12.183168+00:00
 [01747/3000] modify colapsado  /srv/fim-watch/gen_00206.txt ts=2026-10-03T08:44:12.283275+00:00
 [01748/3000] modify simple     /srv/fim-watch/gen_00256.txt ts=2026-10-03T08:44:12.383349+00:00
 [01749/3000] delete simple     /srv/fim-watch/gen_00088.txt ts=2026-10-03T08:44:12.483123+00:00
 [01750/3000] modify revertido  /srv/fim-watch/critico/gen_00191.txt ts=2026-10-03T08:44:12.583691+00:00
 [01751/3000] modify revertido  /srv/fim-watch/critico/gen_00191.txt ts=2026-10-03T08:44:12.683273+00:00
 [01752/3000] modify simple     /srv/fim-watch/critico/gen_00262.txt ts=2026-10-03T08:44:12.783048+00:00
 [01753/3000] modify simple     /srv/fim-watch/gen_00126.txt ts=2026-10-03T08:44:12.883278+00:00
 [01754/3000] delete simple     /srv/fim-watch/gen_00246.txt ts=2026-10-03T08:44:12.982863+00:00
 [01755/3000] modify simple     /srv/fim-watch/gen_00179.txt ts=2026-10-03T08:44:13.082821+00:00
 [01756/3000] modify simple     /srv/fim-watch/gen_00317.txt ts=2026-10-03T08:44:13.183306+00:00
 [01757/3000] create simple     /srv/fim-watch/gen_00340.txt ts=2026-10-03T08:44:13.283165+00:00
 [01758/3000] modify simple     /srv/fim-watch/gen_00108.txt ts=2026-10-03T08:44:13.383118+00:00
 [01759/3000] modify simple     /srv/fim-watch/gen_00193.txt ts=2026-10-03T08:44:13.483368+00:00
 [01760/3000] modify simple     /srv/fim-watch/critico/gen_00184.txt ts=2026-10-03T08:44:13.583107+00:00
 [01761/3000] create simple     /srv/fim-watch/gen_00341.txt ts=2026-10-03T08:44:13.683112+00:00
 [01762/3000] modify simple     /srv/fim-watch/gen_00105.txt ts=2026-10-03T08:44:13.783391+00:00
 [01763/3000] modify simple     /srv/fim-watch/gen_00299.txt ts=2026-10-03T08:44:13.883317+00:00
 [01764/3000] create simple     /srv/fim-watch/critico/gen_00342.txt ts=2026-10-03T08:44:13.983271+00:00
 [01765/3000] modify simple     /srv/fim-watch/gen_00223.txt ts=2026-10-03T08:44:14.083133+00:00
 [01766/3000] create simple     /srv/fim-watch/critico/gen_00343.txt ts=2026-10-03T08:44:14.183159+00:00
 [01767/3000] modify simple     /srv/fim-watch/critico/gen_00272.txt ts=2026-10-03T08:44:14.283401+00:00
 [01768/3000] modify simple     /srv/fim-watch/gen_00221.txt ts=2026-10-03T08:44:14.383053+00:00
 [01769/3000] modify simple     /srv/fim-watch/gen_00203.txt ts=2026-10-03T08:44:14.483568+00:00
 [01770/3000] create simple     /srv/fim-watch/critico/gen_00344.txt ts=2026-10-03T08:44:14.583087+00:00
 [01771/3000] modify simple     /srv/fim-watch/gen_00151.txt ts=2026-10-03T08:44:14.683292+00:00
 [01772/3000] modify colapsado  /srv/fim-watch/gen_00282.txt ts=2026-10-03T08:44:14.783121+00:00
 [01773/3000] modify colapsado  /srv/fim-watch/gen_00282.txt ts=2026-10-03T08:44:14.883532+00:00
 [01774/3000] modify colapsado  /srv/fim-watch/gen_00282.txt ts=2026-10-03T08:44:14.982971+00:00
 [01775/3000] modify colapsado  /srv/fim-watch/gen_00282.txt ts=2026-10-03T08:44:15.083274+00:00
 [01776/3000] modify colapsado  /srv/fim-watch/gen_00282.txt ts=2026-10-03T08:44:15.183029+00:00
 [01777/3000] modify simple     /srv/fim-watch/gen_00231.txt ts=2026-10-03T08:44:15.283480+00:00
 [01778/3000] create simple     /srv/fim-watch/critico/gen_00345.txt ts=2026-10-03T08:44:15.382910+00:00
 [01779/3000] modify simple     /srv/fim-watch/gen_00311.txt ts=2026-10-03T08:44:15.483514+00:00
 [01780/3000] modify simple     /srv/fim-watch/gen_00263.txt ts=2026-10-03T08:44:15.582967+00:00
 [01781/3000] modify simple     /srv/fim-watch/critico/gen_00344.txt ts=2026-10-03T08:44:15.682696+00:00
 [01782/3000] modify revertido  /srv/fim-watch/gen_00235.txt ts=2026-10-03T08:44:15.783062+00:00
 [01783/3000] modify revertido  /srv/fim-watch/gen_00235.txt ts=2026-10-03T08:44:15.883116+00:00
 [01784/3000] modify simple     /srv/fim-watch/critico/gen_00336.txt ts=2026-10-03T08:44:15.983260+00:00
 [01785/3000] modify simple     /srv/fim-watch/gen_00152.txt ts=2026-10-03T08:44:16.083345+00:00
 [01786/3000] modify simple     /srv/fim-watch/gen_00177.txt ts=2026-10-03T08:44:16.183270+00:00
 [01787/3000] modify simple     /srv/fim-watch/gen_00311.txt ts=2026-10-03T08:44:16.282970+00:00
 [01788/3000] modify revertido  /srv/fim-watch/critico/gen_00345.txt ts=2026-10-03T08:44:16.382956+00:00
 [01789/3000] modify revertido  /srv/fim-watch/critico/gen_00345.txt ts=2026-10-03T08:44:16.483119+00:00
 [01790/3000] modify simple     /srv/fim-watch/gen_00289.txt ts=2026-10-03T08:44:16.583258+00:00
 [01791/3000] create simple     /srv/fim-watch/gen_00346.txt ts=2026-10-03T08:44:16.683180+00:00
 [01792/3000] modify simple     /srv/fim-watch/gen_00171.txt ts=2026-10-03T08:44:16.783135+00:00
 [01793/3000] modify simple     /srv/fim-watch/gen_00297.txt ts=2026-10-03T08:44:16.883185+00:00
 [01794/3000] modify revertido  /srv/fim-watch/gen_00318.txt ts=2026-10-03T08:44:16.983119+00:00
 [01795/3000] modify revertido  /srv/fim-watch/gen_00318.txt ts=2026-10-03T08:44:17.083411+00:00
 [01796/3000] create simple     /srv/fim-watch/critico/gen_00347.txt ts=2026-10-03T08:44:17.183302+00:00
 [01797/3000] create simple     /srv/fim-watch/gen_00348.txt ts=2026-10-03T08:44:17.283323+00:00
 [01798/3000] modify simple     /srv/fim-watch/gen_00126.txt ts=2026-10-03T08:44:17.383309+00:00
 [01799/3000] create simple     /srv/fim-watch/gen_00349.txt ts=2026-10-03T08:44:17.483348+00:00
 [01800/3000] modify simple     /srv/fim-watch/gen_00232.txt ts=2026-10-03T08:44:17.583309+00:00
 [01801/3000] modify simple     /srv/fim-watch/gen_00298.txt ts=2026-10-03T08:44:17.683348+00:00
 [01802/3000] delete simple     /srv/fim-watch/gen_00341.txt ts=2026-10-03T08:44:17.783121+00:00
 [01803/3000] create simple     /srv/fim-watch/gen_00350.txt ts=2026-10-03T08:44:17.883286+00:00
 [01804/3000] modify simple     /srv/fim-watch/gen_00306.txt ts=2026-10-03T08:44:17.982874+00:00
 [01805/3000] modify simple     /srv/fim-watch/gen_00057.txt ts=2026-10-03T08:44:18.083168+00:00
 [01806/3000] modify simple     /srv/fim-watch/critico/gen_00262.txt ts=2026-10-03T08:44:18.183148+00:00
 [01807/3000] modify simple     /srv/fim-watch/critico/gen_00253.txt ts=2026-10-03T08:44:18.283328+00:00
 [01808/3000] modify simple     /srv/fim-watch/gen_00238.txt ts=2026-10-03T08:44:18.383279+00:00
 [01809/3000] create simple     /srv/fim-watch/critico/gen_00351.txt ts=2026-10-03T08:44:18.483068+00:00
 [01810/3000] create simple     /srv/fim-watch/gen_00352.txt ts=2026-10-03T08:44:18.583289+00:00
 [01811/3000] modify simple     /srv/fim-watch/gen_00198.txt ts=2026-10-03T08:44:18.683642+00:00
 [01812/3000] create simple     /srv/fim-watch/critico/gen_00353.txt ts=2026-10-03T08:44:18.783193+00:00
 [01813/3000] modify simple     /srv/fim-watch/gen_00299.txt ts=2026-10-03T08:44:18.883265+00:00
 [01814/3000] modify simple     /srv/fim-watch/gen_00064.txt ts=2026-10-03T08:44:18.983252+00:00
 [01815/3000] modify colapsado  /srv/fim-watch/gen_00348.txt ts=2026-10-03T08:44:19.083091+00:00
 [01816/3000] modify colapsado  /srv/fim-watch/gen_00348.txt ts=2026-10-03T08:44:19.183081+00:00
 [01817/3000] modify colapsado  /srv/fim-watch/gen_00348.txt ts=2026-10-03T08:44:19.283360+00:00
 [01818/3000] modify colapsado  /srv/fim-watch/gen_00348.txt ts=2026-10-03T08:44:19.383053+00:00
 [01819/3000] modify colapsado  /srv/fim-watch/gen_00348.txt ts=2026-10-03T08:44:19.483451+00:00
 [01820/3000] modify simple     /srv/fim-watch/critico/gen_00209.txt ts=2026-10-03T08:44:19.582982+00:00
 [01821/3000] modify simple     /srv/fim-watch/gen_00266.txt ts=2026-10-03T08:44:19.683135+00:00
 [01822/3000] modify simple     /srv/fim-watch/critico/gen_00330.txt ts=2026-10-03T08:44:19.783294+00:00
 [01823/3000] create simple     /srv/fim-watch/critico/gen_00354.txt ts=2026-10-03T08:44:19.883315+00:00
 [01824/3000] delete simple     /srv/fim-watch/gen_00049.txt ts=2026-10-03T08:44:19.982735+00:00
 [01825/3000] modify revertido  /srv/fim-watch/gen_00279.txt ts=2026-10-03T08:44:20.082981+00:00
 [01826/3000] modify revertido  /srv/fim-watch/gen_00279.txt ts=2026-10-03T08:44:20.183005+00:00
 [01827/3000] modify revertido  /srv/fim-watch/gen_00282.txt ts=2026-10-03T08:44:20.283275+00:00
 [01828/3000] modify revertido  /srv/fim-watch/gen_00282.txt ts=2026-10-03T08:44:20.383110+00:00
 [01829/3000] modify colapsado  /srv/fim-watch/gen_00275.txt ts=2026-10-03T08:44:20.483112+00:00
 [01830/3000] modify colapsado  /srv/fim-watch/gen_00275.txt ts=2026-10-03T08:44:20.583234+00:00
 [01831/3000] modify colapsado  /srv/fim-watch/gen_00275.txt ts=2026-10-03T08:44:20.683097+00:00
 [01832/3000] modify colapsado  /srv/fim-watch/gen_00275.txt ts=2026-10-03T08:44:20.783475+00:00
 [01833/3000] modify colapsado  /srv/fim-watch/gen_00275.txt ts=2026-10-03T08:44:20.883370+00:00
 [01834/3000] modify simple     /srv/fim-watch/gen_00325.txt ts=2026-10-03T08:44:20.983294+00:00
 [01835/3000] create simple     /srv/fim-watch/gen_00355.txt ts=2026-10-03T08:44:21.083126+00:00
 [01836/3000] delete simple     /srv/fim-watch/gen_00162.txt ts=2026-10-03T08:44:21.183025+00:00
 [01837/3000] create simple     /srv/fim-watch/gen_00356.txt ts=2026-10-03T08:44:21.283040+00:00
 [01838/3000] create simple     /srv/fim-watch/gen_00357.txt ts=2026-10-03T08:44:21.383028+00:00
 [01839/3000] create simple     /srv/fim-watch/gen_00358.txt ts=2026-10-03T08:44:21.483166+00:00
 [01840/3000] create simple     /srv/fim-watch/gen_00359.txt ts=2026-10-03T08:44:21.583173+00:00
 [01841/3000] modify simple     /srv/fim-watch/gen_00230.txt ts=2026-10-03T08:44:21.683506+00:00
 [01842/3000] modify revertido  /srv/fim-watch/gen_00263.txt ts=2026-10-03T08:44:21.783599+00:00
 [01843/3000] modify revertido  /srv/fim-watch/gen_00263.txt ts=2026-10-03T08:44:21.883292+00:00
 [01844/3000] create efimero    /srv/fim-watch/gen_00360.txt ts=2026-10-03T08:44:21.983378+00:00
 [01845/3000] delete efimero    /srv/fim-watch/gen_00360.txt ts=2026-10-03T08:44:22.083331+00:00
 [01846/3000] modify simple     /srv/fim-watch/gen_00308.txt ts=2026-10-03T08:44:22.183271+00:00
 [01847/3000] create simple     /srv/fim-watch/critico/gen_00361.txt ts=2026-10-03T08:44:22.283004+00:00
 [01848/3000] modify revertido  /srv/fim-watch/gen_00177.txt ts=2026-10-03T08:44:22.383402+00:00
 [01849/3000] modify revertido  /srv/fim-watch/gen_00177.txt ts=2026-10-03T08:44:22.483459+00:00
 [01850/3000] create simple     /srv/fim-watch/gen_00362.txt ts=2026-10-03T08:44:22.583017+00:00
 [01851/3000] modify simple     /srv/fim-watch/gen_00266.txt ts=2026-10-03T08:44:22.683493+00:00
 [01852/3000] modify simple     /srv/fim-watch/gen_00196.txt ts=2026-10-03T08:44:22.783153+00:00
 [01853/3000] modify simple     /srv/fim-watch/gen_00198.txt ts=2026-10-03T08:44:22.883794+00:00
 [01854/3000] modify revertido  /srv/fim-watch/gen_00329.txt ts=2026-10-03T08:44:22.983401+00:00
 [01855/3000] modify revertido  /srv/fim-watch/gen_00329.txt ts=2026-10-03T08:44:23.083110+00:00
 [01856/3000] modify simple     /srv/fim-watch/gen_00311.txt ts=2026-10-03T08:44:23.183125+00:00
 [01857/3000] create efimero    /srv/fim-watch/gen_00363.txt ts=2026-10-03T08:44:23.283349+00:00
 [01858/3000] delete efimero    /srv/fim-watch/gen_00363.txt ts=2026-10-03T08:44:23.383108+00:00
 [01859/3000] modify simple     /srv/fim-watch/critico/gen_00053.txt ts=2026-10-03T08:44:23.483513+00:00
 [01860/3000] modify revertido  /srv/fim-watch/critico/gen_00061.txt ts=2026-10-03T08:44:23.583541+00:00
 [01861/3000] modify revertido  /srv/fim-watch/critico/gen_00061.txt ts=2026-10-03T08:44:23.683136+00:00
 [01862/3000] create simple     /srv/fim-watch/gen_00364.txt ts=2026-10-03T08:44:23.783370+00:00
 [01863/3000] modify simple     /srv/fim-watch/gen_00295.txt ts=2026-10-03T08:44:23.882839+00:00
 [01864/3000] modify simple     /srv/fim-watch/gen_00250.txt ts=2026-10-03T08:44:23.983320+00:00
 [01865/3000] modify simple     /srv/fim-watch/critico/gen_00130.txt ts=2026-10-03T08:44:24.083210+00:00
 [01866/3000] modify simple     /srv/fim-watch/critico/gen_00304.txt ts=2026-10-03T08:44:24.182835+00:00
 [01867/3000] delete simple     /srv/fim-watch/gen_00057.txt ts=2026-10-03T08:44:24.283309+00:00
 [01868/3000] modify simple     /srv/fim-watch/critico/gen_00353.txt ts=2026-10-03T08:44:24.383254+00:00
 [01869/3000] create simple     /srv/fim-watch/gen_00365.txt ts=2026-10-03T08:44:24.483356+00:00
 [01870/3000] modify revertido  /srv/fim-watch/gen_00096.txt ts=2026-10-03T08:44:24.582896+00:00
 [01871/3000] modify revertido  /srv/fim-watch/gen_00096.txt ts=2026-10-03T08:44:24.683050+00:00
 [01872/3000] delete simple     /srv/fim-watch/gen_00104.txt ts=2026-10-03T08:44:24.782934+00:00
 [01873/3000] create simple     /srv/fim-watch/gen_00366.txt ts=2026-10-03T08:44:24.883280+00:00
 [01874/3000] modify simple     /srv/fim-watch/critico/gen_00189.txt ts=2026-10-03T08:44:24.983130+00:00
 [01875/3000] delete simple     /srv/fim-watch/gen_00214.txt ts=2026-10-03T08:44:25.082859+00:00
 [01876/3000] create simple     /srv/fim-watch/gen_00367.txt ts=2026-10-03T08:44:25.182896+00:00
 [01877/3000] create simple     /srv/fim-watch/gen_00368.txt ts=2026-10-03T08:44:25.283335+00:00
 [01878/3000] modify colapsado  /srv/fim-watch/critico/gen_00183.txt ts=2026-10-03T08:44:25.383262+00:00
 [01879/3000] modify colapsado  /srv/fim-watch/critico/gen_00183.txt ts=2026-10-03T08:44:25.483666+00:00
 [01880/3000] modify colapsado  /srv/fim-watch/critico/gen_00183.txt ts=2026-10-03T08:44:25.583408+00:00
 [01881/3000] modify colapsado  /srv/fim-watch/critico/gen_00183.txt ts=2026-10-03T08:44:25.683127+00:00
 [01882/3000] modify colapsado  /srv/fim-watch/critico/gen_00183.txt ts=2026-10-03T08:44:25.783480+00:00
 [01883/3000] create simple     /srv/fim-watch/critico/gen_00369.txt ts=2026-10-03T08:44:25.883245+00:00
 [01884/3000] modify simple     /srv/fim-watch/gen_00311.txt ts=2026-10-03T08:44:25.983588+00:00
 [01885/3000] create simple     /srv/fim-watch/gen_00370.txt ts=2026-10-03T08:44:26.083374+00:00
 [01886/3000] modify simple     /srv/fim-watch/gen_00256.txt ts=2026-10-03T08:44:26.182788+00:00
 [01887/3000] modify simple     /srv/fim-watch/critico/gen_00251.txt ts=2026-10-03T08:44:26.283383+00:00
 [01888/3000] modify simple     /srv/fim-watch/gen_00187.txt ts=2026-10-03T08:44:26.383474+00:00
 [01889/3000] delete simple     /srv/fim-watch/gen_00318.txt ts=2026-10-03T08:44:26.483006+00:00
 [01890/3000] modify simple     /srv/fim-watch/critico/gen_00343.txt ts=2026-10-03T08:44:26.582952+00:00
 [01891/3000] modify simple     /srv/fim-watch/critico/gen_00351.txt ts=2026-10-03T08:44:26.683501+00:00
 [01892/3000] create simple     /srv/fim-watch/critico/gen_00371.txt ts=2026-10-03T08:44:26.782775+00:00
 [01893/3000] modify simple     /srv/fim-watch/gen_00215.txt ts=2026-10-03T08:44:26.883166+00:00
 [01894/3000] modify simple     /srv/fim-watch/critico/gen_00344.txt ts=2026-10-03T08:44:26.983540+00:00
 [01895/3000] create efimero    /srv/fim-watch/gen_00372.txt ts=2026-10-03T08:44:27.082989+00:00
 [01896/3000] delete efimero    /srv/fim-watch/gen_00372.txt ts=2026-10-03T08:44:27.183316+00:00
 [01897/3000] delete simple     /srv/fim-watch/critico/gen_00248.txt ts=2026-10-03T08:44:27.282823+00:00
 [01898/3000] modify simple     /srv/fim-watch/gen_00264.txt ts=2026-10-03T08:44:27.383257+00:00
 [01899/3000] delete simple     /srv/fim-watch/gen_00357.txt ts=2026-10-03T08:44:27.483339+00:00
 [01900/3000] modify revertido  /srv/fim-watch/critico/gen_00222.txt ts=2026-10-03T08:44:27.583646+00:00
 [01901/3000] modify revertido  /srv/fim-watch/critico/gen_00222.txt ts=2026-10-03T08:44:27.683463+00:00
 [01902/3000] modify simple     /srv/fim-watch/gen_00259.txt ts=2026-10-03T08:44:27.783086+00:00
 [01903/3000] create efimero    /srv/fim-watch/gen_00373.txt ts=2026-10-03T08:44:27.883356+00:00
 [01904/3000] delete efimero    /srv/fim-watch/gen_00373.txt ts=2026-10-03T08:44:27.983305+00:00
 [01905/3000] create efimero    /srv/fim-watch/critico/gen_00374.txt ts=2026-10-03T08:44:28.082798+00:00
 [01906/3000] delete efimero    /srv/fim-watch/critico/gen_00374.txt ts=2026-10-03T08:44:28.182857+00:00
 [01907/3000] modify simple     /srv/fim-watch/critico/gen_00333.txt ts=2026-10-03T08:44:28.283108+00:00
 [01908/3000] modify simple     /srv/fim-watch/gen_00071.txt ts=2026-10-03T08:44:28.383126+00:00
 [01909/3000] create simple     /srv/fim-watch/gen_00375.txt ts=2026-10-03T08:44:28.483266+00:00
 [01910/3000] modify simple     /srv/fim-watch/critico/gen_00222.txt ts=2026-10-03T08:44:28.583506+00:00
 [01911/3000] modify simple     /srv/fim-watch/gen_00298.txt ts=2026-10-03T08:44:28.682996+00:00
 [01912/3000] create efimero    /srv/fim-watch/gen_00376.txt ts=2026-10-03T08:44:28.782996+00:00
 [01913/3000] delete efimero    /srv/fim-watch/gen_00376.txt ts=2026-10-03T08:44:28.883005+00:00
 [01914/3000] modify simple     /srv/fim-watch/gen_00128.txt ts=2026-10-03T08:44:28.983310+00:00
 [01915/3000] create simple     /srv/fim-watch/gen_00377.txt ts=2026-10-03T08:44:29.083333+00:00
 [01916/3000] create efimero    /srv/fim-watch/gen_00378.txt ts=2026-10-03T08:44:29.183515+00:00
 [01917/3000] delete efimero    /srv/fim-watch/gen_00378.txt ts=2026-10-03T08:44:29.283260+00:00
 [01918/3000] modify revertido  /srv/fim-watch/gen_00196.txt ts=2026-10-03T08:44:29.383502+00:00
 [01919/3000] modify revertido  /srv/fim-watch/gen_00196.txt ts=2026-10-03T08:44:29.483234+00:00
 [01920/3000] modify simple     /srv/fim-watch/critico/gen_00336.txt ts=2026-10-03T08:44:29.583242+00:00
 [01921/3000] create simple     /srv/fim-watch/critico/gen_00379.txt ts=2026-10-03T08:44:29.683521+00:00
 [01922/3000] modify simple     /srv/fim-watch/critico/gen_00345.txt ts=2026-10-03T08:44:29.783558+00:00
 [01923/3000] modify simple     /srv/fim-watch/gen_00203.txt ts=2026-10-03T08:44:29.883548+00:00
 [01924/3000] create efimero    /srv/fim-watch/gen_00380.txt ts=2026-10-03T08:44:29.983167+00:00
 [01925/3000] delete efimero    /srv/fim-watch/gen_00380.txt ts=2026-10-03T08:44:30.082867+00:00
 [01926/3000] modify simple     /srv/fim-watch/gen_00266.txt ts=2026-10-03T08:44:30.183109+00:00
 [01927/3000] modify simple     /srv/fim-watch/gen_00064.txt ts=2026-10-03T08:44:30.283135+00:00
 [01928/3000] delete simple     /srv/fim-watch/gen_00362.txt ts=2026-10-03T08:44:30.383308+00:00
 [01929/3000] modify simple     /srv/fim-watch/gen_00366.txt ts=2026-10-03T08:44:30.483126+00:00
 [01930/3000] modify simple     /srv/fim-watch/gen_00291.txt ts=2026-10-03T08:44:30.583516+00:00
 [01931/3000] modify simple     /srv/fim-watch/gen_00295.txt ts=2026-10-03T08:44:30.682974+00:00
 [01932/3000] modify simple     /srv/fim-watch/gen_00240.txt ts=2026-10-03T08:44:30.783269+00:00
 [01933/3000] modify colapsado  /srv/fim-watch/gen_00311.txt ts=2026-10-03T08:44:30.883175+00:00
 [01934/3000] modify colapsado  /srv/fim-watch/gen_00311.txt ts=2026-10-03T08:44:30.982826+00:00
 [01935/3000] modify colapsado  /srv/fim-watch/gen_00311.txt ts=2026-10-03T08:44:31.083538+00:00
 [01936/3000] modify colapsado  /srv/fim-watch/gen_00311.txt ts=2026-10-03T08:44:31.183301+00:00
 [01937/3000] modify colapsado  /srv/fim-watch/gen_00311.txt ts=2026-10-03T08:44:31.283262+00:00
 [01938/3000] modify revertido  /srv/fim-watch/gen_00134.txt ts=2026-10-03T08:44:31.383065+00:00
 [01939/3000] modify revertido  /srv/fim-watch/gen_00134.txt ts=2026-10-03T08:44:31.482881+00:00
 [01940/3000] create simple     /srv/fim-watch/gen_00381.txt ts=2026-10-03T08:44:31.583103+00:00
 [01941/3000] modify simple     /srv/fim-watch/gen_00366.txt ts=2026-10-03T08:44:31.683171+00:00
 [01942/3000] delete simple     /srv/fim-watch/gen_00252.txt ts=2026-10-03T08:44:31.783298+00:00
 [01943/3000] create efimero    /srv/fim-watch/critico/gen_00382.txt ts=2026-10-03T08:44:31.883039+00:00
 [01944/3000] delete efimero    /srv/fim-watch/critico/gen_00382.txt ts=2026-10-03T08:44:31.983294+00:00
 [01945/3000] create simple     /srv/fim-watch/gen_00383.txt ts=2026-10-03T08:44:32.083166+00:00
 [01946/3000] modify simple     /srv/fim-watch/gen_00355.txt ts=2026-10-03T08:44:32.183520+00:00
 [01947/3000] create simple     /srv/fim-watch/gen_00384.txt ts=2026-10-03T08:44:32.283079+00:00
 [01948/3000] delete simple     /srv/fim-watch/gen_00071.txt ts=2026-10-03T08:44:32.383004+00:00
 [01949/3000] delete simple     /srv/fim-watch/gen_00178.txt ts=2026-10-03T08:44:32.483017+00:00
 [01950/3000] modify simple     /srv/fim-watch/critico/gen_00351.txt ts=2026-10-03T08:44:32.583127+00:00
 [01951/3000] delete simple     /srv/fim-watch/gen_00161.txt ts=2026-10-03T08:44:32.683136+00:00
 [01952/3000] delete simple     /srv/fim-watch/gen_00294.txt ts=2026-10-03T08:44:32.782953+00:00
 [01953/3000] modify simple     /srv/fim-watch/gen_00230.txt ts=2026-10-03T08:44:32.883151+00:00
 [01954/3000] create simple     /srv/fim-watch/gen_00385.txt ts=2026-10-03T08:44:32.983366+00:00
 [01955/3000] create simple     /srv/fim-watch/gen_00386.txt ts=2026-10-03T08:44:33.083623+00:00
 [01956/3000] modify simple     /srv/fim-watch/gen_00365.txt ts=2026-10-03T08:44:33.183087+00:00
 [01957/3000] modify simple     /srv/fim-watch/gen_00352.txt ts=2026-10-03T08:44:33.283040+00:00
 [01958/3000] modify revertido  /srv/fim-watch/gen_00193.txt ts=2026-10-03T08:44:33.383530+00:00
 [01959/3000] modify revertido  /srv/fim-watch/gen_00193.txt ts=2026-10-03T08:44:33.483223+00:00
 [01960/3000] modify revertido  /srv/fim-watch/gen_00231.txt ts=2026-10-03T08:44:33.583300+00:00
 [01961/3000] modify revertido  /srv/fim-watch/gen_00231.txt ts=2026-10-03T08:44:33.683280+00:00
 [01962/3000] create simple     /srv/fim-watch/gen_00387.txt ts=2026-10-03T08:44:33.782961+00:00
 [01963/3000] modify simple     /srv/fim-watch/gen_00282.txt ts=2026-10-03T08:44:33.883082+00:00
 [01964/3000] create simple     /srv/fim-watch/gen_00388.txt ts=2026-10-03T08:44:33.983156+00:00
 [01965/3000] delete simple     /srv/fim-watch/gen_00192.txt ts=2026-10-03T08:44:34.083277+00:00
 [01966/3000] modify simple     /srv/fim-watch/critico/gen_00351.txt ts=2026-10-03T08:44:34.183287+00:00
 [01967/3000] modify simple     /srv/fim-watch/critico/gen_00053.txt ts=2026-10-03T08:44:34.283328+00:00
 [01968/3000] create simple     /srv/fim-watch/gen_00389.txt ts=2026-10-03T08:44:34.383262+00:00
 [01969/3000] modify simple     /srv/fim-watch/gen_00264.txt ts=2026-10-03T08:44:34.483521+00:00
 [01970/3000] modify simple     /srv/fim-watch/critico/gen_00053.txt ts=2026-10-03T08:44:34.583319+00:00
 [01971/3000] modify simple     /srv/fim-watch/gen_00152.txt ts=2026-10-03T08:44:34.683340+00:00
 [01972/3000] modify simple     /srv/fim-watch/gen_00125.txt ts=2026-10-03T08:44:34.782921+00:00
 [01973/3000] modify revertido  /srv/fim-watch/gen_00235.txt ts=2026-10-03T08:44:34.882822+00:00
 [01974/3000] modify revertido  /srv/fim-watch/gen_00235.txt ts=2026-10-03T08:44:34.983502+00:00
 [01975/3000] modify simple     /srv/fim-watch/critico/gen_00304.txt ts=2026-10-03T08:44:35.083553+00:00
 [01976/3000] modify simple     /srv/fim-watch/gen_00303.txt ts=2026-10-03T08:44:35.183272+00:00
 [01977/3000] modify simple     /srv/fim-watch/gen_00165.txt ts=2026-10-03T08:44:35.282968+00:00
 [01978/3000] modify simple     /srv/fim-watch/gen_00365.txt ts=2026-10-03T08:44:35.383002+00:00
 [01979/3000] modify simple     /srv/fim-watch/gen_00105.txt ts=2026-10-03T08:44:35.483489+00:00
 [01980/3000] modify simple     /srv/fim-watch/gen_00386.txt ts=2026-10-03T08:44:35.583517+00:00
 [01981/3000] create efimero    /srv/fim-watch/critico/gen_00390.txt ts=2026-10-03T08:44:35.683359+00:00
 [01982/3000] delete efimero    /srv/fim-watch/critico/gen_00390.txt ts=2026-10-03T08:44:35.782718+00:00
 [01983/3000] modify colapsado  /srv/fim-watch/gen_00179.txt ts=2026-10-03T08:44:35.882868+00:00
 [01984/3000] modify colapsado  /srv/fim-watch/gen_00179.txt ts=2026-10-03T08:44:35.983805+00:00
 [01985/3000] modify colapsado  /srv/fim-watch/gen_00179.txt ts=2026-10-03T08:44:36.083564+00:00
 [01986/3000] modify colapsado  /srv/fim-watch/gen_00179.txt ts=2026-10-03T08:44:36.183266+00:00
 [01987/3000] modify colapsado  /srv/fim-watch/gen_00179.txt ts=2026-10-03T08:44:36.283269+00:00
 [01988/3000] modify simple     /srv/fim-watch/gen_00230.txt ts=2026-10-03T08:44:36.383522+00:00
 [01989/3000] modify simple     /srv/fim-watch/gen_00098.txt ts=2026-10-03T08:44:36.483330+00:00
 [01990/3000] modify revertido  /srv/fim-watch/gen_00166.txt ts=2026-10-03T08:44:36.582777+00:00
 [01991/3000] modify revertido  /srv/fim-watch/gen_00166.txt ts=2026-10-03T08:44:36.682995+00:00
 [01992/3000] modify simple     /srv/fim-watch/critico/gen_00189.txt ts=2026-10-03T08:44:36.783157+00:00
 [01993/3000] delete simple     /srv/fim-watch/gen_00264.txt ts=2026-10-03T08:44:36.883039+00:00
 [01994/3000] create simple     /srv/fim-watch/critico/gen_00391.txt ts=2026-10-03T08:44:36.983218+00:00
 [01995/3000] create simple     /srv/fim-watch/critico/gen_00392.txt ts=2026-10-03T08:44:37.083005+00:00
 [01996/3000] delete simple     /srv/fim-watch/gen_00260.txt ts=2026-10-03T08:44:37.183323+00:00
 [01997/3000] modify simple     /srv/fim-watch/gen_00293.txt ts=2026-10-03T08:44:37.283307+00:00
 [01998/3000] modify simple     /srv/fim-watch/gen_00250.txt ts=2026-10-03T08:44:37.383534+00:00
 [01999/3000] modify simple     /srv/fim-watch/gen_00166.txt ts=2026-10-03T08:44:37.483544+00:00
 [02000/3000] modify simple     /srv/fim-watch/gen_00179.txt ts=2026-10-03T08:44:37.583283+00:00
 [02001/3000] delete simple     /srv/fim-watch/gen_00348.txt ts=2026-10-03T08:44:37.682861+00:00
 [02002/3000] modify simple     /srv/fim-watch/gen_00232.txt ts=2026-10-03T08:44:37.783124+00:00
 [02003/3000] create simple     /srv/fim-watch/gen_00393.txt ts=2026-10-03T08:44:37.883364+00:00
 [02004/3000] modify simple     /srv/fim-watch/gen_00320.txt ts=2026-10-03T08:44:37.983357+00:00
 [02005/3000] modify simple     /srv/fim-watch/critico/gen_00354.txt ts=2026-10-03T08:44:38.083564+00:00
 [02006/3000] modify simple     /srv/fim-watch/gen_00256.txt ts=2026-10-03T08:44:38.182899+00:00
 [02007/3000] create simple     /srv/fim-watch/gen_00394.txt ts=2026-10-03T08:44:38.282783+00:00
 [02008/3000] modify colapsado  /srv/fim-watch/critico/gen_00379.txt ts=2026-10-03T08:44:38.383313+00:00
 [02009/3000] modify colapsado  /srv/fim-watch/critico/gen_00379.txt ts=2026-10-03T08:44:38.483516+00:00
 [02010/3000] modify colapsado  /srv/fim-watch/critico/gen_00379.txt ts=2026-10-03T08:44:38.583658+00:00
 [02011/3000] modify colapsado  /srv/fim-watch/critico/gen_00379.txt ts=2026-10-03T08:44:38.683045+00:00
 [02012/3000] modify colapsado  /srv/fim-watch/critico/gen_00379.txt ts=2026-10-03T08:44:38.783329+00:00
 [02013/3000] modify simple     /srv/fim-watch/gen_00364.txt ts=2026-10-03T08:44:38.883043+00:00
 [02014/3000] create simple     /srv/fim-watch/gen_00395.txt ts=2026-10-03T08:44:38.983028+00:00
 [02015/3000] modify simple     /srv/fim-watch/gen_00096.txt ts=2026-10-03T08:44:39.083697+00:00
 [02016/3000] create simple     /srv/fim-watch/gen_00396.txt ts=2026-10-03T08:44:39.183244+00:00
 [02017/3000] modify simple     /srv/fim-watch/critico/gen_00189.txt ts=2026-10-03T08:44:39.283456+00:00
 [02018/3000] modify simple     /srv/fim-watch/gen_00266.txt ts=2026-10-03T08:44:39.383007+00:00
 [02019/3000] modify simple     /srv/fim-watch/gen_00171.txt ts=2026-10-03T08:44:39.483518+00:00
 [02020/3000] modify simple     /srv/fim-watch/gen_00313.txt ts=2026-10-03T08:44:39.583464+00:00
 [02021/3000] modify revertido  /srv/fim-watch/gen_00316.txt ts=2026-10-03T08:44:39.683002+00:00
 [02022/3000] modify revertido  /srv/fim-watch/gen_00316.txt ts=2026-10-03T08:44:39.783467+00:00
 [02023/3000] modify simple     /srv/fim-watch/gen_00149.txt ts=2026-10-03T08:44:39.882968+00:00
 [02024/3000] create simple     /srv/fim-watch/gen_00397.txt ts=2026-10-03T08:44:39.983377+00:00
 [02025/3000] create simple     /srv/fim-watch/critico/gen_00398.txt ts=2026-10-03T08:44:40.083226+00:00
 [02026/3000] modify simple     /srv/fim-watch/critico/gen_00342.txt ts=2026-10-03T08:44:40.183107+00:00
 [02027/3000] modify simple     /srv/fim-watch/gen_00062.txt ts=2026-10-03T08:44:40.283052+00:00
 [02028/3000] create efimero    /srv/fim-watch/critico/gen_00399.txt ts=2026-10-03T08:44:40.382619+00:00
 [02029/3000] delete efimero    /srv/fim-watch/critico/gen_00399.txt ts=2026-10-03T08:44:40.483114+00:00
 [02030/3000] modify simple     /srv/fim-watch/gen_00115.txt ts=2026-10-03T08:44:40.583298+00:00
 [02031/3000] delete simple     /srv/fim-watch/gen_00171.txt ts=2026-10-03T08:44:40.682846+00:00
 [02032/3000] modify simple     /srv/fim-watch/gen_00136.txt ts=2026-10-03T08:44:40.783156+00:00
 [02033/3000] modify simple     /srv/fim-watch/gen_00365.txt ts=2026-10-03T08:44:40.883147+00:00
 [02034/3000] modify simple     /srv/fim-watch/gen_00241.txt ts=2026-10-03T08:44:40.983134+00:00
 [02035/3000] create simple     /srv/fim-watch/gen_00400.txt ts=2026-10-03T08:44:41.083248+00:00
 [02036/3000] create simple     /srv/fim-watch/gen_00401.txt ts=2026-10-03T08:44:41.183392+00:00
 [02037/3000] create simple     /srv/fim-watch/gen_00402.txt ts=2026-10-03T08:44:41.283246+00:00
 [02038/3000] create simple     /srv/fim-watch/gen_00403.txt ts=2026-10-03T08:44:41.383218+00:00
 [02039/3000] modify simple     /srv/fim-watch/critico/gen_00361.txt ts=2026-10-03T08:44:41.483479+00:00
 [02040/3000] modify simple     /srv/fim-watch/gen_00388.txt ts=2026-10-03T08:44:41.582881+00:00
 [02041/3000] modify simple     /srv/fim-watch/critico/gen_00184.txt ts=2026-10-03T08:44:41.683080+00:00
 [02042/3000] create simple     /srv/fim-watch/gen_00404.txt ts=2026-10-03T08:44:41.782965+00:00
 [02043/3000] create simple     /srv/fim-watch/gen_00405.txt ts=2026-10-03T08:44:41.883307+00:00
 [02044/3000] delete simple     /srv/fim-watch/critico/gen_00333.txt ts=2026-10-03T08:44:41.982910+00:00
 [02045/3000] modify simple     /srv/fim-watch/gen_00226.txt ts=2026-10-03T08:44:42.083537+00:00
 [02046/3000] modify simple     /srv/fim-watch/gen_00174.txt ts=2026-10-03T08:44:42.183534+00:00
 [02047/3000] modify simple     /srv/fim-watch/critico/gen_00332.txt ts=2026-10-03T08:44:42.283267+00:00
 [02048/3000] delete simple     /srv/fim-watch/gen_00177.txt ts=2026-10-03T08:44:42.383138+00:00
 [02049/3000] modify revertido  /srv/fim-watch/critico/gen_00345.txt ts=2026-10-03T08:44:42.483319+00:00
 [02050/3000] modify revertido  /srv/fim-watch/critico/gen_00345.txt ts=2026-10-03T08:44:42.583508+00:00
 [02051/3000] modify simple     /srv/fim-watch/critico/gen_00353.txt ts=2026-10-03T08:44:42.683582+00:00
 [02052/3000] modify simple     /srv/fim-watch/critico/gen_00242.txt ts=2026-10-03T08:44:42.783454+00:00
 [02053/3000] modify simple     /srv/fim-watch/gen_00259.txt ts=2026-10-03T08:44:42.883499+00:00
 [02054/3000] modify simple     /srv/fim-watch/gen_00314.txt ts=2026-10-03T08:44:42.983079+00:00
 [02055/3000] modify simple     /srv/fim-watch/gen_00275.txt ts=2026-10-03T08:44:43.083530+00:00
 [02056/3000] modify simple     /srv/fim-watch/gen_00115.txt ts=2026-10-03T08:44:43.183320+00:00
 [02057/3000] modify simple     /srv/fim-watch/gen_00175.txt ts=2026-10-03T08:44:43.283131+00:00
 [02058/3000] modify simple     /srv/fim-watch/critico/gen_00156.txt ts=2026-10-03T08:44:43.383137+00:00
 [02059/3000] create simple     /srv/fim-watch/gen_00406.txt ts=2026-10-03T08:44:43.483343+00:00
 [02060/3000] modify simple     /srv/fim-watch/gen_00136.txt ts=2026-10-03T08:44:43.583525+00:00
 [02061/3000] create simple     /srv/fim-watch/gen_00407.txt ts=2026-10-03T08:44:43.683096+00:00
 [02062/3000] modify simple     /srv/fim-watch/gen_00199.txt ts=2026-10-03T08:44:43.783319+00:00
 [02063/3000] modify simple     /srv/fim-watch/critico/gen_00312.txt ts=2026-10-03T08:44:43.883277+00:00
 [02064/3000] modify simple     /srv/fim-watch/gen_00316.txt ts=2026-10-03T08:44:43.983305+00:00
 [02065/3000] modify simple     /srv/fim-watch/critico/gen_00354.txt ts=2026-10-03T08:44:44.083526+00:00
 [02066/3000] create simple     /srv/fim-watch/critico/gen_00408.txt ts=2026-10-03T08:44:44.183400+00:00
 [02067/3000] modify simple     /srv/fim-watch/critico/gen_00310.txt ts=2026-10-03T08:44:44.283283+00:00
 [02068/3000] delete simple     /srv/fim-watch/gen_00271.txt ts=2026-10-03T08:44:44.383146+00:00
 [02069/3000] modify simple     /srv/fim-watch/gen_00193.txt ts=2026-10-03T08:44:44.483316+00:00
 [02070/3000] modify simple     /srv/fim-watch/gen_00036.txt ts=2026-10-03T08:44:44.583330+00:00
 [02071/3000] modify simple     /srv/fim-watch/critico/gen_00251.txt ts=2026-10-03T08:44:44.683303+00:00
 [02072/3000] modify simple     /srv/fim-watch/gen_00238.txt ts=2026-10-03T08:44:44.782897+00:00
 [02073/3000] delete simple     /srv/fim-watch/gen_00257.txt ts=2026-10-03T08:44:44.883082+00:00
 [02074/3000] modify colapsado  /srv/fim-watch/gen_00400.txt ts=2026-10-03T08:44:44.982958+00:00
 [02075/3000] modify colapsado  /srv/fim-watch/gen_00400.txt ts=2026-10-03T08:44:45.083279+00:00
 [02076/3000] modify colapsado  /srv/fim-watch/gen_00400.txt ts=2026-10-03T08:44:45.183022+00:00
 [02077/3000] modify colapsado  /srv/fim-watch/gen_00400.txt ts=2026-10-03T08:44:45.283319+00:00
 [02078/3000] modify colapsado  /srv/fim-watch/gen_00400.txt ts=2026-10-03T08:44:45.383047+00:00
 [02079/3000] create simple     /srv/fim-watch/critico/gen_00409.txt ts=2026-10-03T08:44:45.483011+00:00
 [02080/3000] modify revertido  /srv/fim-watch/gen_00142.txt ts=2026-10-03T08:44:45.582931+00:00
 [02081/3000] modify revertido  /srv/fim-watch/gen_00142.txt ts=2026-10-03T08:44:45.683336+00:00
 [02082/3000] create simple     /srv/fim-watch/gen_00410.txt ts=2026-10-03T08:44:45.783142+00:00
 [02083/3000] modify colapsado  /srv/fim-watch/gen_00269.txt ts=2026-10-03T08:44:45.883022+00:00
 [02084/3000] modify colapsado  /srv/fim-watch/gen_00269.txt ts=2026-10-03T08:44:45.983127+00:00
 [02085/3000] modify colapsado  /srv/fim-watch/gen_00269.txt ts=2026-10-03T08:44:46.083297+00:00
 [02086/3000] modify colapsado  /srv/fim-watch/gen_00269.txt ts=2026-10-03T08:44:46.183515+00:00
 [02087/3000] modify colapsado  /srv/fim-watch/gen_00269.txt ts=2026-10-03T08:44:46.283271+00:00
 [02088/3000] create simple     /srv/fim-watch/gen_00411.txt ts=2026-10-03T08:44:46.382951+00:00
 [02089/3000] create simple     /srv/fim-watch/gen_00412.txt ts=2026-10-03T08:44:46.483330+00:00
 [02090/3000] delete simple     /srv/fim-watch/gen_00340.txt ts=2026-10-03T08:44:46.583296+00:00
 [02091/3000] modify simple     /srv/fim-watch/gen_00231.txt ts=2026-10-03T08:44:46.682914+00:00
 [02092/3000] create simple     /srv/fim-watch/critico/gen_00413.txt ts=2026-10-03T08:44:46.783014+00:00
 [02093/3000] modify simple     /srv/fim-watch/critico/gen_00347.txt ts=2026-10-03T08:44:46.883124+00:00
 [02094/3000] modify revertido  /srv/fim-watch/gen_00203.txt ts=2026-10-03T08:44:46.982995+00:00
 [02095/3000] modify revertido  /srv/fim-watch/gen_00203.txt ts=2026-10-03T08:44:47.083231+00:00
 [02096/3000] create simple     /srv/fim-watch/critico/gen_00414.txt ts=2026-10-03T08:44:47.183097+00:00
 [02097/3000] modify simple     /srv/fim-watch/gen_00235.txt ts=2026-10-03T08:44:47.283315+00:00
 [02098/3000] modify simple     /srv/fim-watch/gen_00268.txt ts=2026-10-03T08:44:47.383523+00:00
 [02099/3000] create simple     /srv/fim-watch/critico/gen_00415.txt ts=2026-10-03T08:44:47.483118+00:00
 [02100/3000] modify simple     /srv/fim-watch/critico/gen_00272.txt ts=2026-10-03T08:44:47.583377+00:00
 [02101/3000] create simple     /srv/fim-watch/gen_00416.txt ts=2026-10-03T08:44:47.683018+00:00
 [02102/3000] modify simple     /srv/fim-watch/critico/gen_00409.txt ts=2026-10-03T08:44:47.783123+00:00
 [02103/3000] create simple     /srv/fim-watch/gen_00417.txt ts=2026-10-03T08:44:47.883173+00:00
 [02104/3000] create simple     /srv/fim-watch/gen_00418.txt ts=2026-10-03T08:44:47.983393+00:00
 [02105/3000] modify colapsado  /srv/fim-watch/gen_00265.txt ts=2026-10-03T08:44:48.083409+00:00
 [02106/3000] modify colapsado  /srv/fim-watch/gen_00265.txt ts=2026-10-03T08:44:48.183275+00:00
 [02107/3000] modify colapsado  /srv/fim-watch/gen_00265.txt ts=2026-10-03T08:44:48.283099+00:00
 [02108/3000] modify colapsado  /srv/fim-watch/gen_00265.txt ts=2026-10-03T08:44:48.382835+00:00
 [02109/3000] modify colapsado  /srv/fim-watch/gen_00265.txt ts=2026-10-03T08:44:48.483510+00:00
 [02110/3000] create simple     /srv/fim-watch/gen_00419.txt ts=2026-10-03T08:44:48.583239+00:00
 [02111/3000] modify revertido  /srv/fim-watch/gen_00349.txt ts=2026-10-03T08:44:48.683338+00:00
 [02112/3000] modify revertido  /srv/fim-watch/gen_00349.txt ts=2026-10-03T08:44:48.783342+00:00
 [02113/3000] delete simple     /srv/fim-watch/gen_00295.txt ts=2026-10-03T08:44:48.883033+00:00
 [02114/3000] modify simple     /srv/fim-watch/gen_00352.txt ts=2026-10-03T08:44:48.983138+00:00
 [02115/3000] modify revertido  /srv/fim-watch/critico/gen_00173.txt ts=2026-10-03T08:44:49.083097+00:00
 [02116/3000] modify revertido  /srv/fim-watch/critico/gen_00173.txt ts=2026-10-03T08:44:49.183380+00:00
 [02117/3000] create efimero    /srv/fim-watch/gen_00420.txt ts=2026-10-03T08:44:49.283341+00:00
 [02118/3000] delete efimero    /srv/fim-watch/gen_00420.txt ts=2026-10-03T08:44:49.383167+00:00
 [02119/3000] modify simple     /srv/fim-watch/gen_00365.txt ts=2026-10-03T08:44:49.483270+00:00
 [02120/3000] create simple     /srv/fim-watch/gen_00421.txt ts=2026-10-03T08:44:49.583481+00:00
 [02121/3000] create simple     /srv/fim-watch/gen_00422.txt ts=2026-10-03T08:44:49.683202+00:00
 [02122/3000] modify simple     /srv/fim-watch/gen_00136.txt ts=2026-10-03T08:44:49.783245+00:00
 [02123/3000] create simple     /srv/fim-watch/gen_00423.txt ts=2026-10-03T08:44:49.883224+00:00
 [02124/3000] modify colapsado  /srv/fim-watch/gen_00402.txt ts=2026-10-03T08:44:49.983099+00:00
 [02125/3000] modify colapsado  /srv/fim-watch/gen_00402.txt ts=2026-10-03T08:44:50.083193+00:00
 [02126/3000] modify colapsado  /srv/fim-watch/gen_00402.txt ts=2026-10-03T08:44:50.183373+00:00
 [02127/3000] modify colapsado  /srv/fim-watch/gen_00402.txt ts=2026-10-03T08:44:50.283137+00:00
 [02128/3000] modify colapsado  /srv/fim-watch/gen_00402.txt ts=2026-10-03T08:44:50.383339+00:00
 [02129/3000] create simple     /srv/fim-watch/gen_00424.txt ts=2026-10-03T08:44:50.482914+00:00
 [02130/3000] modify simple     /srv/fim-watch/critico/gen_00312.txt ts=2026-10-03T08:44:50.583213+00:00
 [02131/3000] modify simple     /srv/fim-watch/gen_00020.txt ts=2026-10-03T08:44:50.683277+00:00
 [02132/3000] modify simple     /srv/fim-watch/gen_00125.txt ts=2026-10-03T08:44:50.783416+00:00
 [02133/3000] modify revertido  /srv/fim-watch/gen_00352.txt ts=2026-10-03T08:44:50.882992+00:00
 [02134/3000] modify revertido  /srv/fim-watch/gen_00352.txt ts=2026-10-03T08:44:50.983137+00:00
 [02135/3000] delete simple     /srv/fim-watch/gen_00187.txt ts=2026-10-03T08:44:51.083347+00:00
 [02136/3000] delete simple     /srv/fim-watch/critico/gen_00173.txt ts=2026-10-03T08:44:51.183271+00:00
 [02137/3000] delete simple     /srv/fim-watch/gen_00129.txt ts=2026-10-03T08:44:51.283306+00:00
 [02138/3000] modify simple     /srv/fim-watch/gen_00241.txt ts=2026-10-03T08:44:51.383275+00:00
 [02139/3000] create simple     /srv/fim-watch/gen_00425.txt ts=2026-10-03T08:44:51.483247+00:00
 [02140/3000] create simple     /srv/fim-watch/gen_00426.txt ts=2026-10-03T08:44:51.583390+00:00
 [02141/3000] create simple     /srv/fim-watch/gen_00427.txt ts=2026-10-03T08:44:51.683337+00:00
 [02142/3000] modify simple     /srv/fim-watch/gen_00356.txt ts=2026-10-03T08:44:51.783069+00:00
 [02143/3000] modify colapsado  /srv/fim-watch/gen_00188.txt ts=2026-10-03T08:44:51.883274+00:00
 [02144/3000] modify colapsado  /srv/fim-watch/gen_00188.txt ts=2026-10-03T08:44:51.983299+00:00
 [02145/3000] modify colapsado  /srv/fim-watch/gen_00188.txt ts=2026-10-03T08:44:52.083221+00:00
 [02146/3000] modify colapsado  /srv/fim-watch/gen_00188.txt ts=2026-10-03T08:44:52.183348+00:00
 [02147/3000] modify colapsado  /srv/fim-watch/gen_00188.txt ts=2026-10-03T08:44:52.283338+00:00
 [02148/3000] modify simple     /srv/fim-watch/critico/gen_00332.txt ts=2026-10-03T08:44:52.383140+00:00
 [02149/3000] modify revertido  /srv/fim-watch/gen_00331.txt ts=2026-10-03T08:44:52.483108+00:00
 [02150/3000] modify revertido  /srv/fim-watch/gen_00331.txt ts=2026-10-03T08:44:52.583525+00:00
 [02151/3000] create simple     /srv/fim-watch/critico/gen_00428.txt ts=2026-10-03T08:44:52.683060+00:00
 [02152/3000] create simple     /srv/fim-watch/gen_00429.txt ts=2026-10-03T08:44:52.783017+00:00
 [02153/3000] modify revertido  /srv/fim-watch/gen_00309.txt ts=2026-10-03T08:44:52.883154+00:00
 [02154/3000] modify revertido  /srv/fim-watch/gen_00309.txt ts=2026-10-03T08:44:52.982938+00:00
 [02155/3000] create simple     /srv/fim-watch/gen_00430.txt ts=2026-10-03T08:44:53.083371+00:00
 [02156/3000] modify simple     /srv/fim-watch/critico/gen_00262.txt ts=2026-10-03T08:44:53.183095+00:00
 [02157/3000] modify colapsado  /srv/fim-watch/gen_00196.txt ts=2026-10-03T08:44:53.283051+00:00
 [02158/3000] modify colapsado  /srv/fim-watch/gen_00196.txt ts=2026-10-03T08:44:53.382962+00:00
 [02159/3000] modify colapsado  /srv/fim-watch/gen_00196.txt ts=2026-10-03T08:44:53.482660+00:00
 [02160/3000] modify colapsado  /srv/fim-watch/gen_00196.txt ts=2026-10-03T08:44:53.583499+00:00
 [02161/3000] modify colapsado  /srv/fim-watch/gen_00196.txt ts=2026-10-03T08:44:53.683226+00:00
 [02162/3000] modify simple     /srv/fim-watch/gen_00274.txt ts=2026-10-03T08:44:53.783079+00:00
 [02163/3000] modify simple     /srv/fim-watch/gen_00395.txt ts=2026-10-03T08:44:53.883383+00:00
 [02164/3000] modify simple     /srv/fim-watch/gen_00306.txt ts=2026-10-03T08:44:53.983097+00:00
 [02165/3000] modify simple     /srv/fim-watch/gen_00139.txt ts=2026-10-03T08:44:54.083518+00:00
 [02166/3000] create simple     /srv/fim-watch/gen_00431.txt ts=2026-10-03T08:44:54.183031+00:00
 [02167/3000] modify simple     /srv/fim-watch/gen_00193.txt ts=2026-10-03T08:44:54.283405+00:00
 [02168/3000] create efimero    /srv/fim-watch/critico/gen_00432.txt ts=2026-10-03T08:44:54.383079+00:00
 [02169/3000] delete efimero    /srv/fim-watch/critico/gen_00432.txt ts=2026-10-03T08:44:54.483087+00:00
 [02170/3000] delete simple     /srv/fim-watch/gen_00275.txt ts=2026-10-03T08:44:54.583415+00:00
 [02171/3000] create simple     /srv/fim-watch/gen_00433.txt ts=2026-10-03T08:44:54.683368+00:00
 [02172/3000] modify simple     /srv/fim-watch/gen_00125.txt ts=2026-10-03T08:44:54.782838+00:00
 [02173/3000] modify simple     /srv/fim-watch/gen_00285.txt ts=2026-10-03T08:44:54.883567+00:00
 [02174/3000] create simple     /srv/fim-watch/gen_00434.txt ts=2026-10-03T08:44:54.983007+00:00
 [02175/3000] modify simple     /srv/fim-watch/gen_00320.txt ts=2026-10-03T08:44:55.083563+00:00
 [02176/3000] create simple     /srv/fim-watch/gen_00435.txt ts=2026-10-03T08:44:55.182905+00:00
 [02177/3000] create simple     /srv/fim-watch/gen_00436.txt ts=2026-10-03T08:44:55.282819+00:00
 [02178/3000] create simple     /srv/fim-watch/critico/gen_00437.txt ts=2026-10-03T08:44:55.383121+00:00
 [02179/3000] modify simple     /srv/fim-watch/gen_00263.txt ts=2026-10-03T08:44:55.483488+00:00
 [02180/3000] modify simple     /srv/fim-watch/gen_00401.txt ts=2026-10-03T08:44:55.583105+00:00
 [02181/3000] create simple     /srv/fim-watch/critico/gen_00438.txt ts=2026-10-03T08:44:55.683256+00:00
 [02182/3000] modify simple     /srv/fim-watch/gen_00359.txt ts=2026-10-03T08:44:55.783324+00:00
 [02183/3000] create simple     /srv/fim-watch/gen_00439.txt ts=2026-10-03T08:44:55.883274+00:00
 [02184/3000] modify revertido  /srv/fim-watch/gen_00403.txt ts=2026-10-03T08:44:55.983268+00:00
 [02185/3000] modify revertido  /srv/fim-watch/gen_00403.txt ts=2026-10-03T08:44:56.083500+00:00
 [02186/3000] modify simple     /srv/fim-watch/gen_00418.txt ts=2026-10-03T08:44:56.183508+00:00
 [02187/3000] modify simple     /srv/fim-watch/critico/gen_00209.txt ts=2026-10-03T08:44:56.283287+00:00
 [02188/3000] modify simple     /srv/fim-watch/critico/gen_00336.txt ts=2026-10-03T08:44:56.383343+00:00
 [02189/3000] modify revertido  /srv/fim-watch/gen_00282.txt ts=2026-10-03T08:44:56.483575+00:00
 [02190/3000] modify revertido  /srv/fim-watch/gen_00282.txt ts=2026-10-03T08:44:56.583593+00:00
 [02191/3000] modify simple     /srv/fim-watch/gen_00139.txt ts=2026-10-03T08:44:56.683511+00:00
 [02192/3000] modify simple     /srv/fim-watch/gen_00226.txt ts=2026-10-03T08:44:56.782856+00:00
 [02193/3000] delete simple     /srv/fim-watch/gen_00366.txt ts=2026-10-03T08:44:56.883023+00:00
 [02194/3000] modify simple     /srv/fim-watch/critico/gen_00156.txt ts=2026-10-03T08:44:56.983284+00:00
 [02195/3000] delete simple     /srv/fim-watch/gen_00411.txt ts=2026-10-03T08:44:57.083107+00:00
 [02196/3000] modify simple     /srv/fim-watch/gen_00036.txt ts=2026-10-03T08:44:57.183529+00:00
 [02197/3000] modify simple     /srv/fim-watch/gen_00389.txt ts=2026-10-03T08:44:57.283062+00:00
 [02198/3000] modify simple     /srv/fim-watch/gen_00149.txt ts=2026-10-03T08:44:57.383114+00:00
 [02199/3000] create simple     /srv/fim-watch/gen_00440.txt ts=2026-10-03T08:44:57.483346+00:00
 [02200/3000] modify simple     /srv/fim-watch/gen_00329.txt ts=2026-10-03T08:44:57.583493+00:00
 [02201/3000] modify colapsado  /srv/fim-watch/gen_00384.txt ts=2026-10-03T08:44:57.683496+00:00
 [02202/3000] modify colapsado  /srv/fim-watch/gen_00384.txt ts=2026-10-03T08:44:57.783260+00:00
 [02203/3000] modify colapsado  /srv/fim-watch/gen_00384.txt ts=2026-10-03T08:44:57.883394+00:00
 [02204/3000] modify colapsado  /srv/fim-watch/gen_00384.txt ts=2026-10-03T08:44:57.983079+00:00
 [02205/3000] modify colapsado  /srv/fim-watch/gen_00384.txt ts=2026-10-03T08:44:58.083692+00:00
 [02206/3000] create simple     /srv/fim-watch/gen_00441.txt ts=2026-10-03T08:44:58.183216+00:00
 [02207/3000] create simple     /srv/fim-watch/gen_00442.txt ts=2026-10-03T08:44:58.283165+00:00
 [02208/3000] modify simple     /srv/fim-watch/gen_00230.txt ts=2026-10-03T08:44:58.383110+00:00
 [02209/3000] modify simple     /srv/fim-watch/critico/gen_00369.txt ts=2026-10-03T08:44:58.483069+00:00
 [02210/3000] modify simple     /srv/fim-watch/gen_00204.txt ts=2026-10-03T08:44:58.583470+00:00
 [02211/3000] modify simple     /srv/fim-watch/critico/gen_00123.txt ts=2026-10-03T08:44:58.683525+00:00
 [02212/3000] delete simple     /srv/fim-watch/gen_00265.txt ts=2026-10-03T08:44:58.783176+00:00
 [02213/3000] modify simple     /srv/fim-watch/gen_00050.txt ts=2026-10-03T08:44:58.883314+00:00
 [02214/3000] create simple     /srv/fim-watch/gen_00443.txt ts=2026-10-03T08:44:58.982968+00:00
 [02215/3000] modify simple     /srv/fim-watch/gen_00195.txt ts=2026-10-03T08:44:59.083525+00:00
 [02216/3000] modify simple     /srv/fim-watch/gen_00405.txt ts=2026-10-03T08:44:59.183271+00:00
 [02217/3000] modify revertido  /srv/fim-watch/critico/gen_00322.txt ts=2026-10-03T08:44:59.282991+00:00
 [02218/3000] modify revertido  /srv/fim-watch/critico/gen_00322.txt ts=2026-10-03T08:44:59.383527+00:00
 [02219/3000] modify simple     /srv/fim-watch/gen_00313.txt ts=2026-10-03T08:44:59.483573+00:00
 [02220/3000] modify simple     /srv/fim-watch/gen_00427.txt ts=2026-10-03T08:44:59.583378+00:00
 [02221/3000] create simple     /srv/fim-watch/critico/gen_00444.txt ts=2026-10-03T08:44:59.683363+00:00
 [02222/3000] modify simple     /srv/fim-watch/gen_00219.txt ts=2026-10-03T08:44:59.783325+00:00
 [02223/3000] modify simple     /srv/fim-watch/gen_00213.txt ts=2026-10-03T08:44:59.883302+00:00
 [02224/3000] delete simple     /srv/fim-watch/gen_00297.txt ts=2026-10-03T08:44:59.982971+00:00
 [02225/3000] modify simple     /srv/fim-watch/gen_00020.txt ts=2026-10-03T08:45:00.083275+00:00
 [02226/3000] create simple     /srv/fim-watch/gen_00445.txt ts=2026-10-03T08:45:00.183018+00:00
 [02227/3000] modify simple     /srv/fim-watch/gen_00152.txt ts=2026-10-03T08:45:00.282823+00:00
 [02228/3000] delete simple     /srv/fim-watch/gen_00407.txt ts=2026-10-03T08:45:00.383144+00:00
 [02229/3000] create simple     /srv/fim-watch/gen_00446.txt ts=2026-10-03T08:45:00.483327+00:00
 [02230/3000] modify simple     /srv/fim-watch/gen_00355.txt ts=2026-10-03T08:45:00.583033+00:00
 [02231/3000] delete simple     /srv/fim-watch/gen_00319.txt ts=2026-10-03T08:45:00.683016+00:00
 [02232/3000] modify simple     /srv/fim-watch/gen_00285.txt ts=2026-10-03T08:45:00.783461+00:00
 [02233/3000] modify simple     /srv/fim-watch/gen_00193.txt ts=2026-10-03T08:45:00.883536+00:00
 [02234/3000] modify simple     /srv/fim-watch/critico/gen_00371.txt ts=2026-10-03T08:45:00.983100+00:00
 [02235/3000] modify revertido  /srv/fim-watch/critico/gen_00242.txt ts=2026-10-03T08:45:01.083636+00:00
 [02236/3000] modify revertido  /srv/fim-watch/critico/gen_00242.txt ts=2026-10-03T08:45:01.183220+00:00
 [02237/3000] modify simple     /srv/fim-watch/gen_00166.txt ts=2026-10-03T08:45:01.282974+00:00
 [02238/3000] modify simple     /srv/fim-watch/gen_00412.txt ts=2026-10-03T08:45:01.383114+00:00
 [02239/3000] modify simple     /srv/fim-watch/gen_00105.txt ts=2026-10-03T08:45:01.483115+00:00
 [02240/3000] modify colapsado  /srv/fim-watch/gen_00418.txt ts=2026-10-03T08:45:01.583269+00:00
 [02241/3000] modify colapsado  /srv/fim-watch/gen_00418.txt ts=2026-10-03T08:45:01.683232+00:00
 [02242/3000] modify colapsado  /srv/fim-watch/gen_00418.txt ts=2026-10-03T08:45:01.783302+00:00
 [02243/3000] modify colapsado  /srv/fim-watch/gen_00418.txt ts=2026-10-03T08:45:01.883115+00:00
 [02244/3000] modify colapsado  /srv/fim-watch/gen_00418.txt ts=2026-10-03T08:45:01.983259+00:00
 [02245/3000] modify simple     /srv/fim-watch/gen_00375.txt ts=2026-10-03T08:45:02.083562+00:00
 [02246/3000] modify simple     /srv/fim-watch/gen_00234.txt ts=2026-10-03T08:45:02.183317+00:00
 [02247/3000] modify revertido  /srv/fim-watch/gen_00298.txt ts=2026-10-03T08:45:02.283034+00:00
 [02248/3000] modify revertido  /srv/fim-watch/gen_00298.txt ts=2026-10-03T08:45:02.383158+00:00
 [02249/3000] modify simple     /srv/fim-watch/gen_00422.txt ts=2026-10-03T08:45:02.483468+00:00
 [02250/3000] create efimero    /srv/fim-watch/gen_00447.txt ts=2026-10-03T08:45:02.583158+00:00
 [02251/3000] delete efimero    /srv/fim-watch/gen_00447.txt ts=2026-10-03T08:45:02.683493+00:00
 [02252/3000] modify simple     /srv/fim-watch/gen_00367.txt ts=2026-10-03T08:45:02.783552+00:00
 [02253/3000] delete simple     /srv/fim-watch/gen_00423.txt ts=2026-10-03T08:45:02.883291+00:00
 [02254/3000] modify revertido  /srv/fim-watch/gen_00346.txt ts=2026-10-03T08:45:02.983548+00:00
 [02255/3000] modify revertido  /srv/fim-watch/gen_00346.txt ts=2026-10-03T08:45:03.083547+00:00
 [02256/3000] modify simple     /srv/fim-watch/critico/gen_00312.txt ts=2026-10-03T08:45:03.183717+00:00
 [02257/3000] modify simple     /srv/fim-watch/critico/gen_00061.txt ts=2026-10-03T08:45:03.283397+00:00
 [02258/3000] create simple     /srv/fim-watch/gen_00448.txt ts=2026-10-03T08:45:03.382838+00:00
 [02259/3000] create simple     /srv/fim-watch/gen_00449.txt ts=2026-10-03T08:45:03.482917+00:00
 [02260/3000] modify simple     /srv/fim-watch/gen_00179.txt ts=2026-10-03T08:45:03.583118+00:00
 [02261/3000] modify revertido  /srv/fim-watch/gen_00254.txt ts=2026-10-03T08:45:03.683672+00:00
 [02262/3000] modify revertido  /srv/fim-watch/gen_00254.txt ts=2026-10-03T08:45:03.783121+00:00
 [02263/3000] modify simple     /srv/fim-watch/gen_00443.txt ts=2026-10-03T08:45:03.883340+00:00
 [02264/3000] modify simple     /srv/fim-watch/gen_00383.txt ts=2026-10-03T08:45:03.983375+00:00
 [02265/3000] modify simple     /srv/fim-watch/critico/gen_00351.txt ts=2026-10-03T08:45:04.083001+00:00
 [02266/3000] create simple     /srv/fim-watch/gen_00450.txt ts=2026-10-03T08:45:04.183397+00:00
 [02267/3000] modify revertido  /srv/fim-watch/gen_00114.txt ts=2026-10-03T08:45:04.283531+00:00
 [02268/3000] modify revertido  /srv/fim-watch/gen_00114.txt ts=2026-10-03T08:45:04.383398+00:00
 [02269/3000] create simple     /srv/fim-watch/critico/gen_00451.txt ts=2026-10-03T08:45:04.483364+00:00
 [02270/3000] create simple     /srv/fim-watch/gen_00452.txt ts=2026-10-03T08:45:04.583041+00:00
 [02271/3000] create simple     /srv/fim-watch/gen_00453.txt ts=2026-10-03T08:45:04.683180+00:00
 [02272/3000] delete simple     /srv/fim-watch/gen_00433.txt ts=2026-10-03T08:45:04.783133+00:00
 [02273/3000] modify simple     /srv/fim-watch/critico/gen_00288.txt ts=2026-10-03T08:45:04.883264+00:00
 [02274/3000] modify revertido  /srv/fim-watch/gen_00125.txt ts=2026-10-03T08:45:04.983395+00:00
 [02275/3000] modify revertido  /srv/fim-watch/gen_00125.txt ts=2026-10-03T08:45:05.083091+00:00
 [02276/3000] modify simple     /srv/fim-watch/critico/gen_00414.txt ts=2026-10-03T08:45:05.183513+00:00
 [02277/3000] modify simple     /srv/fim-watch/gen_00298.txt ts=2026-10-03T08:45:05.283325+00:00
 [02278/3000] modify simple     /srv/fim-watch/gen_00263.txt ts=2026-10-03T08:45:05.382897+00:00
 [02279/3000] create simple     /srv/fim-watch/gen_00454.txt ts=2026-10-03T08:45:05.483373+00:00
 [02280/3000] modify simple     /srv/fim-watch/critico/gen_00130.txt ts=2026-10-03T08:45:05.583417+00:00
 [02281/3000] create simple     /srv/fim-watch/gen_00455.txt ts=2026-10-03T08:45:05.682916+00:00
 [02282/3000] modify simple     /srv/fim-watch/gen_00317.txt ts=2026-10-03T08:45:05.783700+00:00
 [02283/3000] modify simple     /srv/fim-watch/gen_00163.txt ts=2026-10-03T08:45:05.883142+00:00
 [02284/3000] create simple     /srv/fim-watch/critico/gen_00456.txt ts=2026-10-03T08:45:05.983333+00:00
 [02285/3000] create simple     /srv/fim-watch/critico/gen_00457.txt ts=2026-10-03T08:45:06.083095+00:00
 [02286/3000] modify simple     /srv/fim-watch/gen_00405.txt ts=2026-10-03T08:45:06.183596+00:00
 [02287/3000] modify simple     /srv/fim-watch/gen_00195.txt ts=2026-10-03T08:45:06.283492+00:00
 [02288/3000] modify simple     /srv/fim-watch/gen_00308.txt ts=2026-10-03T08:45:06.383279+00:00
 [02289/3000] create simple     /srv/fim-watch/gen_00458.txt ts=2026-10-03T08:45:06.483198+00:00
 [02290/3000] modify simple     /srv/fim-watch/gen_00098.txt ts=2026-10-03T08:45:06.583285+00:00
 [02291/3000] create simple     /srv/fim-watch/gen_00459.txt ts=2026-10-03T08:45:06.683386+00:00
 [02292/3000] modify simple     /srv/fim-watch/gen_00331.txt ts=2026-10-03T08:45:06.783275+00:00
 [02293/3000] create simple     /srv/fim-watch/gen_00460.txt ts=2026-10-03T08:45:06.883160+00:00
 [02294/3000] modify simple     /srv/fim-watch/gen_00199.txt ts=2026-10-03T08:45:06.983122+00:00
 [02295/3000] create simple     /srv/fim-watch/critico/gen_00461.txt ts=2026-10-03T08:45:07.083375+00:00
 [02296/3000] modify simple     /srv/fim-watch/critico/gen_00330.txt ts=2026-10-03T08:45:07.183276+00:00
 [02297/3000] modify simple     /srv/fim-watch/gen_00313.txt ts=2026-10-03T08:45:07.283251+00:00
 [02298/3000] modify simple     /srv/fim-watch/gen_00250.txt ts=2026-10-03T08:45:07.383273+00:00
 [02299/3000] modify simple     /srv/fim-watch/gen_00412.txt ts=2026-10-03T08:45:07.483053+00:00
 [02300/3000] create efimero    /srv/fim-watch/gen_00462.txt ts=2026-10-03T08:45:07.583210+00:00
 [02301/3000] delete efimero    /srv/fim-watch/gen_00462.txt ts=2026-10-03T08:45:07.682972+00:00
 [02302/3000] create simple     /srv/fim-watch/critico/gen_00463.txt ts=2026-10-03T08:45:07.782898+00:00
 [02303/3000] modify simple     /srv/fim-watch/gen_00401.txt ts=2026-10-03T08:45:07.883316+00:00
 [02304/3000] modify simple     /srv/fim-watch/critico/gen_00184.txt ts=2026-10-03T08:45:07.983287+00:00
 [02305/3000] modify simple     /srv/fim-watch/gen_00226.txt ts=2026-10-03T08:45:08.083322+00:00
 [02306/3000] modify simple     /srv/fim-watch/gen_00268.txt ts=2026-10-03T08:45:08.183534+00:00
 [02307/3000] delete simple     /srv/fim-watch/gen_00334.txt ts=2026-10-03T08:45:08.283154+00:00
 [02308/3000] modify simple     /srv/fim-watch/gen_00453.txt ts=2026-10-03T08:45:08.383161+00:00
 [02309/3000] modify simple     /srv/fim-watch/critico/gen_00413.txt ts=2026-10-03T08:45:08.483128+00:00
 [02310/3000] modify simple     /srv/fim-watch/gen_00282.txt ts=2026-10-03T08:45:08.583236+00:00
 [02311/3000] modify revertido  /srv/fim-watch/gen_00431.txt ts=2026-10-03T08:45:08.683519+00:00
 [02312/3000] modify revertido  /srv/fim-watch/gen_00431.txt ts=2026-10-03T08:45:08.782965+00:00
 [02313/3000] modify simple     /srv/fim-watch/critico/gen_00253.txt ts=2026-10-03T08:45:08.882826+00:00
 [02314/3000] modify simple     /srv/fim-watch/gen_00377.txt ts=2026-10-03T08:45:08.983264+00:00
 [02315/3000] modify simple     /srv/fim-watch/gen_00405.txt ts=2026-10-03T08:45:09.083480+00:00
 [02316/3000] modify simple     /srv/fim-watch/gen_00285.txt ts=2026-10-03T08:45:09.183291+00:00
 [02317/3000] modify simple     /srv/fim-watch/critico/gen_00322.txt ts=2026-10-03T08:45:09.283306+00:00
 [02318/3000] create simple     /srv/fim-watch/gen_00464.txt ts=2026-10-03T08:45:09.383467+00:00
 [02319/3000] create simple     /srv/fim-watch/critico/gen_00465.txt ts=2026-10-03T08:45:09.482784+00:00
 [02320/3000] modify simple     /srv/fim-watch/gen_00198.txt ts=2026-10-03T08:45:09.583322+00:00
 [02321/3000] modify simple     /srv/fim-watch/gen_00427.txt ts=2026-10-03T08:45:09.683288+00:00
 [02322/3000] modify simple     /srv/fim-watch/gen_00427.txt ts=2026-10-03T08:45:09.782990+00:00
 [02323/3000] create simple     /srv/fim-watch/gen_00466.txt ts=2026-10-03T08:45:09.883233+00:00
 [02324/3000] modify revertido  /srv/fim-watch/critico/gen_00053.txt ts=2026-10-03T08:45:09.983790+00:00
 [02325/3000] modify revertido  /srv/fim-watch/critico/gen_00053.txt ts=2026-10-03T08:45:10.083263+00:00
 [02326/3000] delete simple     /srv/fim-watch/gen_00306.txt ts=2026-10-03T08:45:10.182998+00:00
 [02327/3000] create simple     /srv/fim-watch/gen_00467.txt ts=2026-10-03T08:45:10.282997+00:00
 [02328/3000] modify simple     /srv/fim-watch/gen_00165.txt ts=2026-10-03T08:45:10.383169+00:00
 [02329/3000] create simple     /srv/fim-watch/gen_00468.txt ts=2026-10-03T08:45:10.483233+00:00
 [02330/3000] create simple     /srv/fim-watch/gen_00469.txt ts=2026-10-03T08:45:10.583364+00:00
 [02331/3000] modify simple     /srv/fim-watch/gen_00228.txt ts=2026-10-03T08:45:10.683087+00:00
 [02332/3000] modify simple     /srv/fim-watch/critico/gen_00342.txt ts=2026-10-03T08:45:10.782693+00:00
 [02333/3000] modify simple     /srv/fim-watch/gen_00422.txt ts=2026-10-03T08:45:10.883316+00:00
 [02334/3000] delete simple     /srv/fim-watch/critico/gen_00371.txt ts=2026-10-03T08:45:10.983099+00:00
 [02335/3000] modify revertido  /srv/fim-watch/gen_00096.txt ts=2026-10-03T08:45:11.083119+00:00
 [02336/3000] modify revertido  /srv/fim-watch/gen_00096.txt ts=2026-10-03T08:45:11.183301+00:00
 [02337/3000] modify simple     /srv/fim-watch/gen_00404.txt ts=2026-10-03T08:45:11.283572+00:00
 [02338/3000] modify colapsado  /srv/fim-watch/gen_00434.txt ts=2026-10-03T08:45:11.383277+00:00
 [02339/3000] modify colapsado  /srv/fim-watch/gen_00434.txt ts=2026-10-03T08:45:11.483291+00:00
 [02340/3000] modify colapsado  /srv/fim-watch/gen_00434.txt ts=2026-10-03T08:45:11.582868+00:00
 [02341/3000] modify colapsado  /srv/fim-watch/gen_00434.txt ts=2026-10-03T08:45:11.683533+00:00
 [02342/3000] modify colapsado  /srv/fim-watch/gen_00434.txt ts=2026-10-03T08:45:11.783257+00:00
 [02343/3000] modify simple     /srv/fim-watch/gen_00114.txt ts=2026-10-03T08:45:11.883531+00:00
 [02344/3000] delete simple     /srv/fim-watch/gen_00427.txt ts=2026-10-03T08:45:11.982852+00:00
 [02345/3000] modify simple     /srv/fim-watch/critico/gen_00061.txt ts=2026-10-03T08:45:12.083397+00:00
 [02346/3000] create simple     /srv/fim-watch/gen_00470.txt ts=2026-10-03T08:45:12.182998+00:00
 [02347/3000] delete simple     /srv/fim-watch/gen_00175.txt ts=2026-10-03T08:45:12.283205+00:00
 [02348/3000] create efimero    /srv/fim-watch/critico/gen_00471.txt ts=2026-10-03T08:45:12.383200+00:00
 [02349/3000] delete efimero    /srv/fim-watch/critico/gen_00471.txt ts=2026-10-03T08:45:12.483180+00:00
 [02350/3000] modify simple     /srv/fim-watch/gen_00393.txt ts=2026-10-03T08:45:12.583716+00:00
 [02351/3000] create simple     /srv/fim-watch/gen_00472.txt ts=2026-10-03T08:45:12.683368+00:00
 [02352/3000] modify simple     /srv/fim-watch/gen_00096.txt ts=2026-10-03T08:45:12.783301+00:00
 [02353/3000] modify simple     /srv/fim-watch/gen_00290.txt ts=2026-10-03T08:45:12.883493+00:00
 [02354/3000] modify simple     /srv/fim-watch/gen_00367.txt ts=2026-10-03T08:45:12.983036+00:00
 [02355/3000] modify revertido  /srv/fim-watch/critico/gen_00209.txt ts=2026-10-03T08:45:13.083651+00:00
 [02356/3000] modify revertido  /srv/fim-watch/critico/gen_00209.txt ts=2026-10-03T08:45:13.183354+00:00
 [02357/3000] create simple     /srv/fim-watch/gen_00473.txt ts=2026-10-03T08:45:13.283194+00:00
 [02358/3000] modify simple     /srv/fim-watch/critico/gen_00253.txt ts=2026-10-03T08:45:13.383125+00:00
 [02359/3000] create simple     /srv/fim-watch/gen_00474.txt ts=2026-10-03T08:45:13.482776+00:00
 [02360/3000] delete simple     /srv/fim-watch/gen_00393.txt ts=2026-10-03T08:45:13.582771+00:00
 [02361/3000] modify revertido  /srv/fim-watch/gen_00449.txt ts=2026-10-03T08:45:13.683128+00:00
 [02362/3000] modify revertido  /srv/fim-watch/gen_00449.txt ts=2026-10-03T08:45:13.783524+00:00
 [02363/3000] create simple     /srv/fim-watch/gen_00475.txt ts=2026-10-03T08:45:13.883204+00:00
 [02364/3000] modify simple     /srv/fim-watch/gen_00230.txt ts=2026-10-03T08:45:13.983299+00:00
 [02365/3000] modify simple     /srv/fim-watch/critico/gen_00428.txt ts=2026-10-03T08:45:14.083369+00:00
 [02366/3000] create simple     /srv/fim-watch/critico/gen_00476.txt ts=2026-10-03T08:45:14.182949+00:00
 [02367/3000] modify simple     /srv/fim-watch/gen_00235.txt ts=2026-10-03T08:45:14.283513+00:00
 [02368/3000] modify simple     /srv/fim-watch/gen_00430.txt ts=2026-10-03T08:45:14.383244+00:00
 [02369/3000] create simple     /srv/fim-watch/gen_00477.txt ts=2026-10-03T08:45:14.483032+00:00
 [02370/3000] modify simple     /srv/fim-watch/critico/gen_00437.txt ts=2026-10-03T08:45:14.583532+00:00
 [02371/3000] modify simple     /srv/fim-watch/gen_00395.txt ts=2026-10-03T08:45:14.683714+00:00
 [02372/3000] delete simple     /srv/fim-watch/gen_00314.txt ts=2026-10-03T08:45:14.782863+00:00
 [02373/3000] modify colapsado  /srv/fim-watch/gen_00446.txt ts=2026-10-03T08:45:14.883129+00:00
 [02374/3000] modify colapsado  /srv/fim-watch/gen_00446.txt ts=2026-10-03T08:45:14.983346+00:00
 [02375/3000] modify colapsado  /srv/fim-watch/gen_00446.txt ts=2026-10-03T08:45:15.083282+00:00
 [02376/3000] modify colapsado  /srv/fim-watch/gen_00446.txt ts=2026-10-03T08:45:15.183148+00:00
 [02377/3000] modify colapsado  /srv/fim-watch/gen_00446.txt ts=2026-10-03T08:45:15.283518+00:00
 [02378/3000] modify simple     /srv/fim-watch/gen_00352.txt ts=2026-10-03T08:45:15.383275+00:00
 [02379/3000] delete simple     /srv/fim-watch/gen_00349.txt ts=2026-10-03T08:45:15.482868+00:00
 [02380/3000] modify colapsado  /srv/fim-watch/critico/gen_00253.txt ts=2026-10-03T08:45:15.583115+00:00
 [02381/3000] modify colapsado  /srv/fim-watch/critico/gen_00253.txt ts=2026-10-03T08:45:15.683286+00:00
 [02382/3000] modify colapsado  /srv/fim-watch/critico/gen_00253.txt ts=2026-10-03T08:45:15.782969+00:00
 [02383/3000] modify colapsado  /srv/fim-watch/critico/gen_00253.txt ts=2026-10-03T08:45:15.883036+00:00
 [02384/3000] modify colapsado  /srv/fim-watch/critico/gen_00253.txt ts=2026-10-03T08:45:15.983476+00:00
 [02385/3000] modify revertido  /srv/fim-watch/critico/gen_00310.txt ts=2026-10-03T08:45:16.082895+00:00
 [02386/3000] modify revertido  /srv/fim-watch/critico/gen_00310.txt ts=2026-10-03T08:45:16.183266+00:00
 [02387/3000] modify simple     /srv/fim-watch/gen_00365.txt ts=2026-10-03T08:45:16.283327+00:00
 [02388/3000] modify simple     /srv/fim-watch/critico/gen_00251.txt ts=2026-10-03T08:45:16.383124+00:00
 [02389/3000] create simple     /srv/fim-watch/gen_00478.txt ts=2026-10-03T08:45:16.483315+00:00
 [02390/3000] delete simple     /srv/fim-watch/critico/gen_00242.txt ts=2026-10-03T08:45:16.583320+00:00
 [02391/3000] modify simple     /srv/fim-watch/gen_00126.txt ts=2026-10-03T08:45:16.682977+00:00
 [02392/3000] modify simple     /srv/fim-watch/gen_00356.txt ts=2026-10-03T08:45:16.783068+00:00
 [02393/3000] delete simple     /srv/fim-watch/gen_00238.txt ts=2026-10-03T08:45:16.882985+00:00
 [02394/3000] modify simple     /srv/fim-watch/gen_00359.txt ts=2026-10-03T08:45:16.983126+00:00
 [02395/3000] create simple     /srv/fim-watch/gen_00479.txt ts=2026-10-03T08:45:17.082892+00:00
 [02396/3000] modify revertido  /srv/fim-watch/gen_00435.txt ts=2026-10-03T08:45:17.183053+00:00
 [02397/3000] modify revertido  /srv/fim-watch/gen_00435.txt ts=2026-10-03T08:45:17.283394+00:00
 [02398/3000] create simple     /srv/fim-watch/gen_00480.txt ts=2026-10-03T08:45:17.383243+00:00
 [02399/3000] modify simple     /srv/fim-watch/gen_00230.txt ts=2026-10-03T08:45:17.483355+00:00
 [02400/3000] create simple     /srv/fim-watch/gen_00481.txt ts=2026-10-03T08:45:17.583416+00:00
 [02401/3000] modify simple     /srv/fim-watch/gen_00151.txt ts=2026-10-03T08:45:17.683115+00:00
 [02402/3000] modify simple     /srv/fim-watch/critico/gen_00053.txt ts=2026-10-03T08:45:17.783529+00:00
 [02403/3000] create simple     /srv/fim-watch/critico/gen_00482.txt ts=2026-10-03T08:45:17.883302+00:00
 [02404/3000] modify simple     /srv/fim-watch/gen_00036.txt ts=2026-10-03T08:45:17.983161+00:00
 [02405/3000] create simple     /srv/fim-watch/gen_00483.txt ts=2026-10-03T08:45:18.083210+00:00
 [02406/3000] modify revertido  /srv/fim-watch/gen_00157.txt ts=2026-10-03T08:45:18.183118+00:00
 [02407/3000] modify revertido  /srv/fim-watch/gen_00157.txt ts=2026-10-03T08:45:18.283165+00:00
 [02408/3000] modify simple     /srv/fim-watch/critico/gen_00262.txt ts=2026-10-03T08:45:18.383551+00:00
 [02409/3000] modify simple     /srv/fim-watch/gen_00385.txt ts=2026-10-03T08:45:18.482989+00:00
 [02410/3000] modify simple     /srv/fim-watch/gen_00268.txt ts=2026-10-03T08:45:18.582819+00:00
 [02411/3000] modify simple     /srv/fim-watch/critico/gen_00437.txt ts=2026-10-03T08:45:18.683455+00:00
 [02412/3000] delete simple     /srv/fim-watch/gen_00335.txt ts=2026-10-03T08:45:18.783355+00:00
 [02413/3000] modify simple     /srv/fim-watch/gen_00350.txt ts=2026-10-03T08:45:18.883370+00:00
 [02414/3000] create efimero    /srv/fim-watch/gen_00484.txt ts=2026-10-03T08:45:18.983016+00:00
 [02415/3000] delete efimero    /srv/fim-watch/gen_00484.txt ts=2026-10-03T08:45:19.083013+00:00
 [02416/3000] modify simple     /srv/fim-watch/gen_00365.txt ts=2026-10-03T08:45:19.183505+00:00
 [02417/3000] create simple     /srv/fim-watch/gen_00485.txt ts=2026-10-03T08:45:19.283226+00:00
 [02418/3000] create simple     /srv/fim-watch/gen_00486.txt ts=2026-10-03T08:45:19.383090+00:00
 [02419/3000] modify simple     /srv/fim-watch/critico/gen_00344.txt ts=2026-10-03T08:45:19.483129+00:00
 [02420/3000] modify revertido  /srv/fim-watch/gen_00213.txt ts=2026-10-03T08:45:19.583146+00:00
 [02421/3000] modify revertido  /srv/fim-watch/gen_00213.txt ts=2026-10-03T08:45:19.682854+00:00
 [02422/3000] modify simple     /srv/fim-watch/critico/gen_00409.txt ts=2026-10-03T08:45:19.783329+00:00
 [02423/3000] create simple     /srv/fim-watch/gen_00487.txt ts=2026-10-03T08:45:19.883243+00:00
 [02424/3000] create simple     /srv/fim-watch/critico/gen_00488.txt ts=2026-10-03T08:45:19.983224+00:00
 [02425/3000] modify simple     /srv/fim-watch/gen_00303.txt ts=2026-10-03T08:45:20.083172+00:00
 [02426/3000] modify simple     /srv/fim-watch/gen_00096.txt ts=2026-10-03T08:45:20.183294+00:00
 [02427/3000] modify colapsado  /srv/fim-watch/gen_00285.txt ts=2026-10-03T08:45:20.283370+00:00
 [02428/3000] modify colapsado  /srv/fim-watch/gen_00285.txt ts=2026-10-03T08:45:20.383584+00:00
 [02429/3000] modify colapsado  /srv/fim-watch/gen_00285.txt ts=2026-10-03T08:45:20.483007+00:00
 [02430/3000] modify colapsado  /srv/fim-watch/gen_00285.txt ts=2026-10-03T08:45:20.583510+00:00
 [02431/3000] modify colapsado  /srv/fim-watch/gen_00285.txt ts=2026-10-03T08:45:20.683355+00:00
 [02432/3000] modify simple     /srv/fim-watch/gen_00400.txt ts=2026-10-03T08:45:20.783287+00:00
 [02433/3000] create simple     /srv/fim-watch/gen_00489.txt ts=2026-10-03T08:45:20.882941+00:00
 [02434/3000] modify simple     /srv/fim-watch/gen_00485.txt ts=2026-10-03T08:45:20.983153+00:00
 [02435/3000] modify simple     /srv/fim-watch/gen_00458.txt ts=2026-10-03T08:45:21.083116+00:00
 [02436/3000] create simple     /srv/fim-watch/critico/gen_00490.txt ts=2026-10-03T08:45:21.183001+00:00
 [02437/3000] modify simple     /srv/fim-watch/critico/gen_00191.txt ts=2026-10-03T08:45:21.283693+00:00
 [02438/3000] modify simple     /srv/fim-watch/critico/gen_00189.txt ts=2026-10-03T08:45:21.383294+00:00
 [02439/3000] modify revertido  /srv/fim-watch/gen_00436.txt ts=2026-10-03T08:45:21.483363+00:00
 [02440/3000] modify revertido  /srv/fim-watch/gen_00436.txt ts=2026-10-03T08:45:21.583280+00:00
 [02441/3000] create simple     /srv/fim-watch/gen_00491.txt ts=2026-10-03T08:45:21.683193+00:00
 [02442/3000] modify simple     /srv/fim-watch/gen_00163.txt ts=2026-10-03T08:45:21.783273+00:00
 [02443/3000] modify simple     /srv/fim-watch/gen_00436.txt ts=2026-10-03T08:45:21.883254+00:00
 [02444/3000] modify revertido  /srv/fim-watch/gen_00479.txt ts=2026-10-03T08:45:21.983417+00:00
 [02445/3000] modify revertido  /srv/fim-watch/gen_00479.txt ts=2026-10-03T08:45:22.083146+00:00
 [02446/3000] modify simple     /srv/fim-watch/gen_00042.txt ts=2026-10-03T08:45:22.183041+00:00
 [02447/3000] delete simple     /srv/fim-watch/gen_00157.txt ts=2026-10-03T08:45:22.283480+00:00
 [02448/3000] create simple     /srv/fim-watch/gen_00492.txt ts=2026-10-03T08:45:22.383255+00:00
 [02449/3000] delete simple     /srv/fim-watch/gen_00282.txt ts=2026-10-03T08:45:22.483034+00:00
 [02450/3000] modify simple     /srv/fim-watch/gen_00439.txt ts=2026-10-03T08:45:22.583144+00:00
 [02451/3000] modify revertido  /srv/fim-watch/gen_00325.txt ts=2026-10-03T08:45:22.683463+00:00
 [02452/3000] modify revertido  /srv/fim-watch/gen_00325.txt ts=2026-10-03T08:45:22.783134+00:00
 [02453/3000] create simple     /srv/fim-watch/gen_00493.txt ts=2026-10-03T08:45:22.883025+00:00
 [02454/3000] delete simple     /srv/fim-watch/critico/gen_00461.txt ts=2026-10-03T08:45:22.983140+00:00
 [02455/3000] modify revertido  /srv/fim-watch/critico/gen_00061.txt ts=2026-10-03T08:45:23.083136+00:00
 [02456/3000] modify revertido  /srv/fim-watch/critico/gen_00061.txt ts=2026-10-03T08:45:23.183635+00:00
 [02457/3000] create simple     /srv/fim-watch/gen_00494.txt ts=2026-10-03T08:45:23.283382+00:00
 [02458/3000] modify revertido  /srv/fim-watch/gen_00477.txt ts=2026-10-03T08:45:23.383037+00:00
 [02459/3000] modify revertido  /srv/fim-watch/gen_00477.txt ts=2026-10-03T08:45:23.483502+00:00
 [02460/3000] delete simple     /srv/fim-watch/critico/gen_00408.txt ts=2026-10-03T08:45:23.582724+00:00
 [02461/3000] modify simple     /srv/fim-watch/gen_00395.txt ts=2026-10-03T08:45:23.683171+00:00
 [02462/3000] modify simple     /srv/fim-watch/critico/gen_00153.txt ts=2026-10-03T08:45:23.782847+00:00
 [02463/3000] modify simple     /srv/fim-watch/critico/gen_00322.txt ts=2026-10-03T08:45:23.883365+00:00
 [02464/3000] modify simple     /srv/fim-watch/gen_00416.txt ts=2026-10-03T08:45:23.983291+00:00
 [02465/3000] modify revertido  /srv/fim-watch/gen_00219.txt ts=2026-10-03T08:45:24.083122+00:00
 [02466/3000] modify revertido  /srv/fim-watch/gen_00219.txt ts=2026-10-03T08:45:24.183032+00:00
 [02467/3000] modify simple     /srv/fim-watch/gen_00050.txt ts=2026-10-03T08:45:24.283276+00:00
 [02468/3000] modify simple     /srv/fim-watch/gen_00098.txt ts=2026-10-03T08:45:24.383530+00:00
 [02469/3000] modify simple     /srv/fim-watch/gen_00325.txt ts=2026-10-03T08:45:24.483323+00:00
 [02470/3000] modify simple     /srv/fim-watch/critico/gen_00415.txt ts=2026-10-03T08:45:24.583404+00:00
 [02471/3000] create simple     /srv/fim-watch/gen_00495.txt ts=2026-10-03T08:45:24.683176+00:00
 [02472/3000] create efimero    /srv/fim-watch/gen_00496.txt ts=2026-10-03T08:45:24.782862+00:00
 [02473/3000] delete efimero    /srv/fim-watch/gen_00496.txt ts=2026-10-03T08:45:24.883039+00:00
 [02474/3000] modify simple     /srv/fim-watch/gen_00311.txt ts=2026-10-03T08:45:24.983334+00:00
 [02475/3000] modify simple     /srv/fim-watch/gen_00166.txt ts=2026-10-03T08:45:25.083130+00:00
 [02476/3000] modify simple     /srv/fim-watch/gen_00425.txt ts=2026-10-03T08:45:25.183392+00:00
 [02477/3000] create simple     /srv/fim-watch/gen_00497.txt ts=2026-10-03T08:45:25.283380+00:00
 [02478/3000] modify simple     /srv/fim-watch/gen_00128.txt ts=2026-10-03T08:45:25.383528+00:00
 [02479/3000] delete simple     /srv/fim-watch/gen_00375.txt ts=2026-10-03T08:45:25.483325+00:00
 [02480/3000] create simple     /srv/fim-watch/gen_00498.txt ts=2026-10-03T08:45:25.582808+00:00
 [02481/3000] modify simple     /srv/fim-watch/gen_00468.txt ts=2026-10-03T08:45:25.683136+00:00
 [02482/3000] create simple     /srv/fim-watch/gen_00499.txt ts=2026-10-03T08:45:25.783066+00:00
 [02483/3000] modify revertido  /srv/fim-watch/gen_00410.txt ts=2026-10-03T08:45:25.883202+00:00
 [02484/3000] modify revertido  /srv/fim-watch/gen_00410.txt ts=2026-10-03T08:45:25.983253+00:00
 [02485/3000] modify revertido  /srv/fim-watch/gen_00355.txt ts=2026-10-03T08:45:26.083234+00:00
 [02486/3000] modify revertido  /srv/fim-watch/gen_00355.txt ts=2026-10-03T08:45:26.183112+00:00
 [02487/3000] modify simple     /srv/fim-watch/gen_00478.txt ts=2026-10-03T08:45:26.283317+00:00
 [02488/3000] modify simple     /srv/fim-watch/gen_00291.txt ts=2026-10-03T08:45:26.383330+00:00
 [02489/3000] create simple     /srv/fim-watch/gen_00500.txt ts=2026-10-03T08:45:26.483061+00:00
 [02490/3000] create simple     /srv/fim-watch/gen_00501.txt ts=2026-10-03T08:45:26.583200+00:00
 [02491/3000] create simple     /srv/fim-watch/critico/gen_00502.txt ts=2026-10-03T08:45:26.683060+00:00
 [02492/3000] modify revertido  /srv/fim-watch/critico/gen_00488.txt ts=2026-10-03T08:45:26.783371+00:00
 [02493/3000] modify revertido  /srv/fim-watch/critico/gen_00488.txt ts=2026-10-03T08:45:26.883250+00:00
 [02494/3000] modify simple     /srv/fim-watch/gen_00474.txt ts=2026-10-03T08:45:26.983250+00:00
 [02495/3000] modify simple     /srv/fim-watch/gen_00320.txt ts=2026-10-03T08:45:27.083134+00:00
 [02496/3000] modify simple     /srv/fim-watch/gen_00329.txt ts=2026-10-03T08:45:27.182994+00:00
 [02497/3000] modify simple     /srv/fim-watch/gen_00436.txt ts=2026-10-03T08:45:27.283345+00:00
 [02498/3000] modify revertido  /srv/fim-watch/gen_00384.txt ts=2026-10-03T08:45:27.383350+00:00
 [02499/3000] modify revertido  /srv/fim-watch/gen_00384.txt ts=2026-10-03T08:45:27.483280+00:00
 [02500/3000] modify simple     /srv/fim-watch/critico/gen_00280.txt ts=2026-10-03T08:45:27.583524+00:00
 [02501/3000] create simple     /srv/fim-watch/gen_00503.txt ts=2026-10-03T08:45:27.683236+00:00
 [02502/3000] modify simple     /srv/fim-watch/gen_00459.txt ts=2026-10-03T08:45:27.783105+00:00
 [02503/3000] modify simple     /srv/fim-watch/gen_00430.txt ts=2026-10-03T08:45:27.882831+00:00
 [02504/3000] modify simple     /srv/fim-watch/gen_00384.txt ts=2026-10-03T08:45:27.983130+00:00
 [02505/3000] modify simple     /srv/fim-watch/critico/gen_00437.txt ts=2026-10-03T08:45:28.083273+00:00
 [02506/3000] modify simple     /srv/fim-watch/gen_00325.txt ts=2026-10-03T08:45:28.183292+00:00
 [02507/3000] modify simple     /srv/fim-watch/gen_00460.txt ts=2026-10-03T08:45:28.283390+00:00
 [02508/3000] modify simple     /srv/fim-watch/gen_00387.txt ts=2026-10-03T08:45:28.383345+00:00
 [02509/3000] create simple     /srv/fim-watch/gen_00504.txt ts=2026-10-03T08:45:28.483169+00:00
 [02510/3000] modify simple     /srv/fim-watch/gen_00434.txt ts=2026-10-03T08:45:28.582816+00:00
 [02511/3000] create simple     /srv/fim-watch/gen_00505.txt ts=2026-10-03T08:45:28.682770+00:00
 [02512/3000] modify simple     /srv/fim-watch/critico/gen_00428.txt ts=2026-10-03T08:45:28.783118+00:00
 [02513/3000] delete simple     /srv/fim-watch/gen_00317.txt ts=2026-10-03T08:45:28.883351+00:00
 [02514/3000] delete simple     /srv/fim-watch/gen_00368.txt ts=2026-10-03T08:45:28.983054+00:00
 [02515/3000] create efimero    /srv/fim-watch/critico/gen_00506.txt ts=2026-10-03T08:45:29.083219+00:00
 [02516/3000] delete efimero    /srv/fim-watch/critico/gen_00506.txt ts=2026-10-03T08:45:29.183211+00:00
 [02517/3000] modify revertido  /srv/fim-watch/critico/gen_00444.txt ts=2026-10-03T08:45:29.283352+00:00
 [02518/3000] modify revertido  /srv/fim-watch/critico/gen_00444.txt ts=2026-10-03T08:45:29.383290+00:00
 [02519/3000] create simple     /srv/fim-watch/gen_00507.txt ts=2026-10-03T08:45:29.483045+00:00
 [02520/3000] modify simple     /srv/fim-watch/gen_00400.txt ts=2026-10-03T08:45:29.583547+00:00
 [02521/3000] modify revertido  /srv/fim-watch/gen_00299.txt ts=2026-10-03T08:45:29.683561+00:00
 [02522/3000] modify revertido  /srv/fim-watch/gen_00299.txt ts=2026-10-03T08:45:29.782961+00:00
 [02523/3000] modify simple     /srv/fim-watch/gen_00249.txt ts=2026-10-03T08:45:29.883079+00:00
 [02524/3000] modify simple     /srv/fim-watch/gen_00439.txt ts=2026-10-03T08:45:29.983162+00:00
 [02525/3000] modify simple     /srv/fim-watch/critico/gen_00272.txt ts=2026-10-03T08:45:30.083317+00:00
 [02526/3000] modify simple     /srv/fim-watch/gen_00188.txt ts=2026-10-03T08:45:30.183530+00:00
 [02527/3000] modify simple     /srv/fim-watch/gen_00487.txt ts=2026-10-03T08:45:30.283487+00:00
 [02528/3000] modify simple     /srv/fim-watch/critico/gen_00369.txt ts=2026-10-03T08:45:30.383690+00:00
 [02529/3000] modify simple     /srv/fim-watch/critico/gen_00156.txt ts=2026-10-03T08:45:30.483283+00:00
 [02530/3000] modify simple     /srv/fim-watch/gen_00503.txt ts=2026-10-03T08:45:30.583016+00:00
 [02531/3000] modify simple     /srv/fim-watch/critico/gen_00189.txt ts=2026-10-03T08:45:30.683073+00:00
 [02532/3000] create simple     /srv/fim-watch/gen_00508.txt ts=2026-10-03T08:45:30.783202+00:00
 [02533/3000] modify simple     /srv/fim-watch/gen_00489.txt ts=2026-10-03T08:45:30.883643+00:00
 [02534/3000] modify simple     /srv/fim-watch/gen_00504.txt ts=2026-10-03T08:45:30.983061+00:00
 [02535/3000] create simple     /srv/fim-watch/critico/gen_00509.txt ts=2026-10-03T08:45:31.083336+00:00
 [02536/3000] create simple     /srv/fim-watch/gen_00510.txt ts=2026-10-03T08:45:31.183004+00:00
 [02537/3000] modify simple     /srv/fim-watch/gen_00298.txt ts=2026-10-03T08:45:31.283134+00:00
 [02538/3000] create efimero    /srv/fim-watch/critico/gen_00511.txt ts=2026-10-03T08:45:31.383290+00:00
 [02539/3000] delete efimero    /srv/fim-watch/critico/gen_00511.txt ts=2026-10-03T08:45:31.483025+00:00
 [02540/3000] modify simple     /srv/fim-watch/gen_00352.txt ts=2026-10-03T08:45:31.583126+00:00
 [02541/3000] modify simple     /srv/fim-watch/critico/gen_00130.txt ts=2026-10-03T08:45:31.683295+00:00
 [02542/3000] delete simple     /srv/fim-watch/critico/gen_00457.txt ts=2026-10-03T08:45:31.783107+00:00
 [02543/3000] modify simple     /srv/fim-watch/gen_00418.txt ts=2026-10-03T08:45:31.883255+00:00
 [02544/3000] modify simple     /srv/fim-watch/gen_00417.txt ts=2026-10-03T08:45:31.982916+00:00
 [02545/3000] modify simple     /srv/fim-watch/gen_00126.txt ts=2026-10-03T08:45:32.083138+00:00
 [02546/3000] delete simple     /srv/fim-watch/gen_00255.txt ts=2026-10-03T08:45:32.183013+00:00
 [02547/3000] modify simple     /srv/fim-watch/gen_00477.txt ts=2026-10-03T08:45:32.282842+00:00
 [02548/3000] create simple     /srv/fim-watch/critico/gen_00512.txt ts=2026-10-03T08:45:32.383332+00:00
 [02549/3000] modify simple     /srv/fim-watch/gen_00228.txt ts=2026-10-03T08:45:32.483111+00:00
 [02550/3000] create simple     /srv/fim-watch/gen_00513.txt ts=2026-10-03T08:45:32.583223+00:00
 [02551/3000] create simple     /srv/fim-watch/gen_00514.txt ts=2026-10-03T08:45:32.683184+00:00
 [02552/3000] delete simple     /srv/fim-watch/critico/gen_00344.txt ts=2026-10-03T08:45:32.783143+00:00
 [02553/3000] modify simple     /srv/fim-watch/gen_00117.txt ts=2026-10-03T08:45:32.883282+00:00
 [02554/3000] modify revertido  /srv/fim-watch/gen_00453.txt ts=2026-10-03T08:45:32.983131+00:00
 [02555/3000] modify revertido  /srv/fim-watch/gen_00453.txt ts=2026-10-03T08:45:33.083253+00:00
 [02556/3000] modify simple     /srv/fim-watch/gen_00215.txt ts=2026-10-03T08:45:33.183268+00:00
 [02557/3000] delete simple     /srv/fim-watch/gen_00394.txt ts=2026-10-03T08:45:33.283026+00:00
 [02558/3000] create simple     /srv/fim-watch/gen_00515.txt ts=2026-10-03T08:45:33.383054+00:00
 [02559/3000] modify simple     /srv/fim-watch/critico/gen_00209.txt ts=2026-10-03T08:45:33.483251+00:00
 [02560/3000] modify simple     /srv/fim-watch/critico/gen_00361.txt ts=2026-10-03T08:45:33.583306+00:00
 [02561/3000] create simple     /srv/fim-watch/critico/gen_00516.txt ts=2026-10-03T08:45:33.682786+00:00
 [02562/3000] create simple     /srv/fim-watch/gen_00517.txt ts=2026-10-03T08:45:33.782946+00:00
 [02563/3000] modify simple     /srv/fim-watch/gen_00486.txt ts=2026-10-03T08:45:33.883539+00:00
 [02564/3000] modify revertido  /srv/fim-watch/gen_00291.txt ts=2026-10-03T08:45:33.982966+00:00
 [02565/3000] modify revertido  /srv/fim-watch/gen_00291.txt ts=2026-10-03T08:45:34.083133+00:00
 [02566/3000] modify revertido  /srv/fim-watch/gen_00160.txt ts=2026-10-03T08:45:34.182885+00:00
 [02567/3000] modify revertido  /srv/fim-watch/gen_00160.txt ts=2026-10-03T08:45:34.283257+00:00
 [02568/3000] modify simple     /srv/fim-watch/gen_00458.txt ts=2026-10-03T08:45:34.383152+00:00
 [02569/3000] create simple     /srv/fim-watch/gen_00518.txt ts=2026-10-03T08:45:34.483037+00:00
 [02570/3000] delete simple     /srv/fim-watch/gen_00249.txt ts=2026-10-03T08:45:34.583160+00:00
 [02571/3000] modify revertido  /srv/fim-watch/gen_00429.txt ts=2026-10-03T08:45:34.683279+00:00
 [02572/3000] modify revertido  /srv/fim-watch/gen_00429.txt ts=2026-10-03T08:45:34.783288+00:00
 [02573/3000] modify simple     /srv/fim-watch/critico/gen_00451.txt ts=2026-10-03T08:45:34.883259+00:00
 [02574/3000] modify simple     /srv/fim-watch/gen_00395.txt ts=2026-10-03T08:45:34.983098+00:00
 [02575/3000] create simple     /srv/fim-watch/gen_00519.txt ts=2026-10-03T08:45:35.083246+00:00
 [02576/3000] modify simple     /srv/fim-watch/gen_00501.txt ts=2026-10-03T08:45:35.183085+00:00
 [02577/3000] modify simple     /srv/fim-watch/gen_00475.txt ts=2026-10-03T08:45:35.283271+00:00
 [02578/3000] modify colapsado  /srv/fim-watch/critico/gen_00280.txt ts=2026-10-03T08:45:35.383291+00:00
 [02579/3000] modify colapsado  /srv/fim-watch/critico/gen_00280.txt ts=2026-10-03T08:45:35.483165+00:00
 [02580/3000] modify colapsado  /srv/fim-watch/critico/gen_00280.txt ts=2026-10-03T08:45:35.583294+00:00
 [02581/3000] modify colapsado  /srv/fim-watch/critico/gen_00280.txt ts=2026-10-03T08:45:35.683336+00:00
 [02582/3000] modify colapsado  /srv/fim-watch/critico/gen_00280.txt ts=2026-10-03T08:45:35.783287+00:00
 [02583/3000] modify simple     /srv/fim-watch/critico/gen_00391.txt ts=2026-10-03T08:45:35.883307+00:00
 [02584/3000] create simple     /srv/fim-watch/gen_00520.txt ts=2026-10-03T08:45:35.983181+00:00
 [02585/3000] create simple     /srv/fim-watch/gen_00521.txt ts=2026-10-03T08:45:36.083016+00:00
 [02586/3000] modify simple     /srv/fim-watch/gen_00520.txt ts=2026-10-03T08:45:36.183402+00:00
 [02587/3000] modify simple     /srv/fim-watch/gen_00464.txt ts=2026-10-03T08:45:36.282940+00:00
 [02588/3000] modify simple     /srv/fim-watch/gen_00491.txt ts=2026-10-03T08:45:36.383079+00:00
 [02589/3000] create simple     /srv/fim-watch/gen_00522.txt ts=2026-10-03T08:45:36.483156+00:00
 [02590/3000] create simple     /srv/fim-watch/critico/gen_00523.txt ts=2026-10-03T08:45:36.583158+00:00
 [02591/3000] modify simple     /srv/fim-watch/gen_00352.txt ts=2026-10-03T08:45:36.683160+00:00
 [02592/3000] delete simple     /srv/fim-watch/gen_00307.txt ts=2026-10-03T08:45:36.782920+00:00
 [02593/3000] create simple     /srv/fim-watch/critico/gen_00524.txt ts=2026-10-03T08:45:36.883186+00:00
 [02594/3000] modify colapsado  /srv/fim-watch/gen_00467.txt ts=2026-10-03T08:45:36.983130+00:00
 [02595/3000] modify colapsado  /srv/fim-watch/gen_00467.txt ts=2026-10-03T08:45:37.083124+00:00
 [02596/3000] modify colapsado  /srv/fim-watch/gen_00467.txt ts=2026-10-03T08:45:37.183305+00:00
 [02597/3000] modify colapsado  /srv/fim-watch/gen_00467.txt ts=2026-10-03T08:45:37.282873+00:00
 [02598/3000] modify colapsado  /srv/fim-watch/gen_00467.txt ts=2026-10-03T08:45:37.383116+00:00
 [02599/3000] modify simple     /srv/fim-watch/gen_00050.txt ts=2026-10-03T08:45:37.483135+00:00
 [02600/3000] modify simple     /srv/fim-watch/gen_00254.txt ts=2026-10-03T08:45:37.583116+00:00
 [02601/3000] create simple     /srv/fim-watch/gen_00525.txt ts=2026-10-03T08:45:37.683226+00:00
 [02602/3000] modify simple     /srv/fim-watch/critico/gen_00053.txt ts=2026-10-03T08:45:37.783412+00:00
 [02603/3000] modify simple     /srv/fim-watch/critico/gen_00304.txt ts=2026-10-03T08:45:37.882998+00:00
 [02604/3000] delete simple     /srv/fim-watch/gen_00474.txt ts=2026-10-03T08:45:37.983044+00:00
 [02605/3000] delete simple     /srv/fim-watch/gen_00289.txt ts=2026-10-03T08:45:38.082857+00:00
 [02606/3000] modify simple     /srv/fim-watch/gen_00513.txt ts=2026-10-03T08:45:38.183270+00:00
 [02607/3000] create simple     /srv/fim-watch/gen_00526.txt ts=2026-10-03T08:45:38.283211+00:00
 [02608/3000] modify simple     /srv/fim-watch/gen_00418.txt ts=2026-10-03T08:45:38.383285+00:00
 [02609/3000] create simple     /srv/fim-watch/critico/gen_00527.txt ts=2026-10-03T08:45:38.483027+00:00
 [02610/3000] modify revertido  /srv/fim-watch/gen_00179.txt ts=2026-10-03T08:45:38.583495+00:00
 [02611/3000] modify revertido  /srv/fim-watch/gen_00179.txt ts=2026-10-03T08:45:38.682869+00:00
 [02612/3000] create simple     /srv/fim-watch/gen_00528.txt ts=2026-10-03T08:45:38.783052+00:00
 [02613/3000] modify simple     /srv/fim-watch/gen_00514.txt ts=2026-10-03T08:45:38.882981+00:00
 [02614/3000] modify simple     /srv/fim-watch/gen_00486.txt ts=2026-10-03T08:45:38.983277+00:00
 [02615/3000] modify simple     /srv/fim-watch/critico/gen_00502.txt ts=2026-10-03T08:45:39.083198+00:00
 [02616/3000] modify simple     /srv/fim-watch/gen_00325.txt ts=2026-10-03T08:45:39.183269+00:00
 [02617/3000] modify simple     /srv/fim-watch/critico/gen_00353.txt ts=2026-10-03T08:45:39.283332+00:00
 [02618/3000] modify simple     /srv/fim-watch/gen_00284.txt ts=2026-10-03T08:45:39.383273+00:00
 [02619/3000] modify simple     /srv/fim-watch/gen_00241.txt ts=2026-10-03T08:45:39.483300+00:00
 [02620/3000] modify revertido  /srv/fim-watch/gen_00405.txt ts=2026-10-03T08:45:39.583298+00:00
 [02621/3000] modify revertido  /srv/fim-watch/gen_00405.txt ts=2026-10-03T08:45:39.683267+00:00
 [02622/3000] modify simple     /srv/fim-watch/critico/gen_00465.txt ts=2026-10-03T08:45:39.783144+00:00
 [02623/3000] modify simple     /srv/fim-watch/critico/gen_00184.txt ts=2026-10-03T08:45:39.882975+00:00
 [02624/3000] create simple     /srv/fim-watch/gen_00529.txt ts=2026-10-03T08:45:39.983171+00:00
 [02625/3000] modify simple     /srv/fim-watch/gen_00426.txt ts=2026-10-03T08:45:40.083102+00:00
 [02626/3000] create simple     /srv/fim-watch/critico/gen_00530.txt ts=2026-10-03T08:45:40.183190+00:00
 [02627/3000] modify simple     /srv/fim-watch/critico/gen_00262.txt ts=2026-10-03T08:45:40.283148+00:00
 [02628/3000] create simple     /srv/fim-watch/gen_00531.txt ts=2026-10-03T08:45:40.382916+00:00
 [02629/3000] modify revertido  /srv/fim-watch/gen_00500.txt ts=2026-10-03T08:45:40.483256+00:00
 [02630/3000] modify revertido  /srv/fim-watch/gen_00500.txt ts=2026-10-03T08:45:40.583277+00:00
 [02631/3000] modify simple     /srv/fim-watch/gen_00331.txt ts=2026-10-03T08:45:40.683125+00:00
 [02632/3000] modify simple     /srv/fim-watch/gen_00377.txt ts=2026-10-03T08:45:40.783036+00:00
 [02633/3000] delete simple     /srv/fim-watch/gen_00323.txt ts=2026-10-03T08:45:40.882900+00:00
 [02634/3000] modify colapsado  /srv/fim-watch/gen_00228.txt ts=2026-10-03T08:45:40.983097+00:00
 [02635/3000] modify colapsado  /srv/fim-watch/gen_00228.txt ts=2026-10-03T08:45:41.083039+00:00
 [02636/3000] modify colapsado  /srv/fim-watch/gen_00228.txt ts=2026-10-03T08:45:41.183115+00:00
 [02637/3000] modify colapsado  /srv/fim-watch/gen_00228.txt ts=2026-10-03T08:45:41.283167+00:00
 [02638/3000] modify colapsado  /srv/fim-watch/gen_00228.txt ts=2026-10-03T08:45:41.382912+00:00
 [02639/3000] modify simple     /srv/fim-watch/gen_00417.txt ts=2026-10-03T08:45:41.483266+00:00
 [02640/3000] create simple     /srv/fim-watch/critico/gen_00532.txt ts=2026-10-03T08:45:41.583155+00:00
 [02641/3000] modify simple     /srv/fim-watch/gen_00325.txt ts=2026-10-03T08:45:41.683296+00:00
 [02642/3000] create simple     /srv/fim-watch/gen_00533.txt ts=2026-10-03T08:45:41.783039+00:00
 [02643/3000] modify simple     /srv/fim-watch/gen_00513.txt ts=2026-10-03T08:45:41.883422+00:00
 [02644/3000] delete simple     /srv/fim-watch/gen_00206.txt ts=2026-10-03T08:45:41.983027+00:00
 [02645/3000] modify simple     /srv/fim-watch/gen_00501.txt ts=2026-10-03T08:45:42.083491+00:00
 [02646/3000] modify simple     /srv/fim-watch/gen_00298.txt ts=2026-10-03T08:45:42.183148+00:00
 [02647/3000] modify simple     /srv/fim-watch/gen_00352.txt ts=2026-10-03T08:45:42.283187+00:00
 [02648/3000] modify simple     /srv/fim-watch/critico/gen_00409.txt ts=2026-10-03T08:45:42.383043+00:00
 [02649/3000] create simple     /srv/fim-watch/gen_00534.txt ts=2026-10-03T08:45:42.483004+00:00
 [02650/3000] modify simple     /srv/fim-watch/gen_00064.txt ts=2026-10-03T08:45:42.583510+00:00
 [02651/3000] modify colapsado  /srv/fim-watch/gen_00424.txt ts=2026-10-03T08:45:42.683353+00:00
 [02652/3000] modify colapsado  /srv/fim-watch/gen_00424.txt ts=2026-10-03T08:45:42.783264+00:00
 [02653/3000] modify colapsado  /srv/fim-watch/gen_00424.txt ts=2026-10-03T08:45:42.883647+00:00
 [02654/3000] modify colapsado  /srv/fim-watch/gen_00424.txt ts=2026-10-03T08:45:42.983102+00:00
 [02655/3000] modify colapsado  /srv/fim-watch/gen_00424.txt ts=2026-10-03T08:45:43.083283+00:00
 [02656/3000] create simple     /srv/fim-watch/gen_00535.txt ts=2026-10-03T08:45:43.183158+00:00
 [02657/3000] delete simple     /srv/fim-watch/critico/gen_00413.txt ts=2026-10-03T08:45:43.283284+00:00
 [02658/3000] modify revertido  /srv/fim-watch/gen_00448.txt ts=2026-10-03T08:45:43.383491+00:00
 [02659/3000] modify revertido  /srv/fim-watch/gen_00448.txt ts=2026-10-03T08:45:43.483076+00:00
 [02660/3000] modify simple     /srv/fim-watch/gen_00435.txt ts=2026-10-03T08:45:43.583287+00:00
 [02661/3000] modify simple     /srv/fim-watch/gen_00096.txt ts=2026-10-03T08:45:43.683143+00:00
 [02662/3000] modify simple     /srv/fim-watch/critico/gen_00191.txt ts=2026-10-03T08:45:43.783185+00:00
 [02663/3000] modify simple     /srv/fim-watch/critico/gen_00428.txt ts=2026-10-03T08:45:43.883289+00:00
 [02664/3000] modify colapsado  /srv/fim-watch/gen_00259.txt ts=2026-10-03T08:45:43.983124+00:00
 [02665/3000] modify colapsado  /srv/fim-watch/gen_00259.txt ts=2026-10-03T08:45:44.083115+00:00
 [02666/3000] modify colapsado  /srv/fim-watch/gen_00259.txt ts=2026-10-03T08:45:44.183057+00:00
 [02667/3000] modify colapsado  /srv/fim-watch/gen_00259.txt ts=2026-10-03T08:45:44.283148+00:00
 [02668/3000] modify colapsado  /srv/fim-watch/gen_00259.txt ts=2026-10-03T08:45:44.383111+00:00
 [02669/3000] delete simple     /srv/fim-watch/gen_00269.txt ts=2026-10-03T08:45:44.483037+00:00
 [02670/3000] modify revertido  /srv/fim-watch/gen_00256.txt ts=2026-10-03T08:45:44.583519+00:00
 [02671/3000] modify revertido  /srv/fim-watch/gen_00256.txt ts=2026-10-03T08:45:44.683298+00:00
 [02672/3000] modify simple     /srv/fim-watch/critico/gen_00123.txt ts=2026-10-03T08:45:44.783134+00:00
 [02673/3000] modify simple     /srv/fim-watch/gen_00290.txt ts=2026-10-03T08:45:44.883143+00:00
 [02674/3000] modify simple     /srv/fim-watch/gen_00225.txt ts=2026-10-03T08:45:44.983450+00:00
 [02675/3000] modify simple     /srv/fim-watch/gen_00404.txt ts=2026-10-03T08:45:45.083391+00:00
 [02676/3000] modify simple     /srv/fim-watch/gen_00479.txt ts=2026-10-03T08:45:45.183400+00:00
 [02677/3000] modify simple     /srv/fim-watch/gen_00235.txt ts=2026-10-03T08:45:45.283143+00:00
 [02678/3000] modify simple     /srv/fim-watch/critico/gen_00490.txt ts=2026-10-03T08:45:45.383289+00:00
 [02679/3000] modify simple     /srv/fim-watch/critico/gen_00209.txt ts=2026-10-03T08:45:45.483371+00:00
 [02680/3000] modify simple     /srv/fim-watch/gen_00285.txt ts=2026-10-03T08:45:45.583120+00:00
 [02681/3000] create simple     /srv/fim-watch/gen_00536.txt ts=2026-10-03T08:45:45.682920+00:00
 [02682/3000] modify simple     /srv/fim-watch/gen_00470.txt ts=2026-10-03T08:45:45.783604+00:00
 [02683/3000] modify simple     /srv/fim-watch/gen_00385.txt ts=2026-10-03T08:45:45.883536+00:00
 [02684/3000] modify simple     /srv/fim-watch/gen_00139.txt ts=2026-10-03T08:45:45.983299+00:00
 [02685/3000] create simple     /srv/fim-watch/gen_00537.txt ts=2026-10-03T08:45:46.083251+00:00
 [02686/3000] modify simple     /srv/fim-watch/critico/gen_00456.txt ts=2026-10-03T08:45:46.183000+00:00
 [02687/3000] modify simple     /srv/fim-watch/gen_00498.txt ts=2026-10-03T08:45:46.283109+00:00
 [02688/3000] create simple     /srv/fim-watch/gen_00538.txt ts=2026-10-03T08:45:46.383016+00:00
 [02689/3000] create simple     /srv/fim-watch/gen_00539.txt ts=2026-10-03T08:45:46.483176+00:00
 [02690/3000] modify colapsado  /srv/fim-watch/gen_00498.txt ts=2026-10-03T08:45:46.583148+00:00
 [02691/3000] modify colapsado  /srv/fim-watch/gen_00498.txt ts=2026-10-03T08:45:46.683374+00:00
 [02692/3000] modify colapsado  /srv/fim-watch/gen_00498.txt ts=2026-10-03T08:45:46.783275+00:00
 [02693/3000] modify colapsado  /srv/fim-watch/gen_00498.txt ts=2026-10-03T08:45:46.883327+00:00
 [02694/3000] modify colapsado  /srv/fim-watch/gen_00498.txt ts=2026-10-03T08:45:46.983273+00:00
 [02695/3000] create simple     /srv/fim-watch/gen_00540.txt ts=2026-10-03T08:45:47.083036+00:00
 [02696/3000] modify simple     /srv/fim-watch/gen_00508.txt ts=2026-10-03T08:45:47.183135+00:00
 [02697/3000] modify simple     /srv/fim-watch/gen_00426.txt ts=2026-10-03T08:45:47.283131+00:00
 [02698/3000] delete simple     /srv/fim-watch/gen_00534.txt ts=2026-10-03T08:45:47.383147+00:00
 [02699/3000] create simple     /srv/fim-watch/gen_00541.txt ts=2026-10-03T08:45:47.482773+00:00
 [02700/3000] create simple     /srv/fim-watch/gen_00542.txt ts=2026-10-03T08:45:47.583190+00:00
 [02701/3000] modify revertido  /srv/fim-watch/gen_00475.txt ts=2026-10-03T08:45:47.683379+00:00
 [02702/3000] modify revertido  /srv/fim-watch/gen_00475.txt ts=2026-10-03T08:45:47.783275+00:00
 [02703/3000] modify revertido  /srv/fim-watch/critico/gen_00509.txt ts=2026-10-03T08:45:47.883252+00:00
 [02704/3000] modify revertido  /srv/fim-watch/critico/gen_00509.txt ts=2026-10-03T08:45:47.983082+00:00
 [02705/3000] modify colapsado  /srv/fim-watch/gen_00479.txt ts=2026-10-03T08:45:48.083132+00:00
 [02706/3000] modify colapsado  /srv/fim-watch/gen_00479.txt ts=2026-10-03T08:45:48.183174+00:00
 [02707/3000] modify colapsado  /srv/fim-watch/gen_00479.txt ts=2026-10-03T08:45:48.282974+00:00
 [02708/3000] modify colapsado  /srv/fim-watch/gen_00479.txt ts=2026-10-03T08:45:48.383278+00:00
 [02709/3000] modify colapsado  /srv/fim-watch/gen_00479.txt ts=2026-10-03T08:45:48.483216+00:00
 [02710/3000] create simple     /srv/fim-watch/gen_00543.txt ts=2026-10-03T08:45:48.583265+00:00
 [02711/3000] delete simple     /srv/fim-watch/gen_00498.txt ts=2026-10-03T08:45:48.682999+00:00
 [02712/3000] modify simple     /srv/fim-watch/gen_00326.txt ts=2026-10-03T08:45:48.782988+00:00
 [02713/3000] create simple     /srv/fim-watch/gen_00544.txt ts=2026-10-03T08:45:48.882777+00:00
 [02714/3000] modify simple     /srv/fim-watch/critico/gen_00130.txt ts=2026-10-03T08:45:48.983335+00:00
 [02715/3000] create simple     /srv/fim-watch/gen_00545.txt ts=2026-10-03T08:45:49.083164+00:00
 [02716/3000] modify simple     /srv/fim-watch/gen_00426.txt ts=2026-10-03T08:45:49.183067+00:00
 [02717/3000] create simple     /srv/fim-watch/gen_00546.txt ts=2026-10-03T08:45:49.283100+00:00
 [02718/3000] modify simple     /srv/fim-watch/gen_00163.txt ts=2026-10-03T08:45:49.383077+00:00
 [02719/3000] create simple     /srv/fim-watch/gen_00547.txt ts=2026-10-03T08:45:49.483228+00:00
 [02720/3000] modify simple     /srv/fim-watch/gen_00442.txt ts=2026-10-03T08:45:49.583147+00:00
 [02721/3000] modify simple     /srv/fim-watch/gen_00519.txt ts=2026-10-03T08:45:49.683279+00:00
 [02722/3000] modify simple     /srv/fim-watch/gen_00254.txt ts=2026-10-03T08:45:49.783571+00:00
 [02723/3000] modify revertido  /srv/fim-watch/gen_00134.txt ts=2026-10-03T08:45:49.883271+00:00
 [02724/3000] modify revertido  /srv/fim-watch/gen_00134.txt ts=2026-10-03T08:45:49.983266+00:00
 [02725/3000] modify simple     /srv/fim-watch/critico/gen_00530.txt ts=2026-10-03T08:45:50.083259+00:00
 [02726/3000] modify simple     /srv/fim-watch/gen_00196.txt ts=2026-10-03T08:45:50.183132+00:00
 [02727/3000] modify simple     /srv/fim-watch/gen_00309.txt ts=2026-10-03T08:45:50.283641+00:00
 [02728/3000] modify simple     /srv/fim-watch/gen_00500.txt ts=2026-10-03T08:45:50.383188+00:00
 [02729/3000] modify simple     /srv/fim-watch/critico/gen_00438.txt ts=2026-10-03T08:45:50.483300+00:00
 [02730/3000] create simple     /srv/fim-watch/critico/gen_00548.txt ts=2026-10-03T08:45:50.583195+00:00
 [02731/3000] modify simple     /srv/fim-watch/gen_00128.txt ts=2026-10-03T08:45:50.683299+00:00
 [02732/3000] modify revertido  /srv/fim-watch/gen_00207.txt ts=2026-10-03T08:45:50.783122+00:00
 [02733/3000] modify revertido  /srv/fim-watch/gen_00207.txt ts=2026-10-03T08:45:50.883265+00:00
 [02734/3000] modify simple     /srv/fim-watch/gen_00539.txt ts=2026-10-03T08:45:50.982838+00:00
 [02735/3000] modify simple     /srv/fim-watch/gen_00466.txt ts=2026-10-03T08:45:51.083159+00:00
 [02736/3000] modify simple     /srv/fim-watch/gen_00163.txt ts=2026-10-03T08:45:51.183255+00:00
 [02737/3000] create simple     /srv/fim-watch/gen_00549.txt ts=2026-10-03T08:45:51.283036+00:00
 [02738/3000] modify simple     /srv/fim-watch/gen_00412.txt ts=2026-10-03T08:45:51.382912+00:00
 [02739/3000] create simple     /srv/fim-watch/gen_00550.txt ts=2026-10-03T08:45:51.483023+00:00
 [02740/3000] modify simple     /srv/fim-watch/gen_00547.txt ts=2026-10-03T08:45:51.583140+00:00
 [02741/3000] modify simple     /srv/fim-watch/gen_00543.txt ts=2026-10-03T08:45:51.683470+00:00
 [02742/3000] modify simple     /srv/fim-watch/gen_00320.txt ts=2026-10-03T08:45:51.783281+00:00
 [02743/3000] modify simple     /srv/fim-watch/gen_00221.txt ts=2026-10-03T08:45:51.883318+00:00
 [02744/3000] modify simple     /srv/fim-watch/gen_00466.txt ts=2026-10-03T08:45:51.983542+00:00
 [02745/3000] delete simple     /srv/fim-watch/gen_00331.txt ts=2026-10-03T08:45:52.083144+00:00
 [02746/3000] modify simple     /srv/fim-watch/critico/gen_00330.txt ts=2026-10-03T08:45:52.183323+00:00
 [02747/3000] delete simple     /srv/fim-watch/gen_00215.txt ts=2026-10-03T08:45:52.283164+00:00
 [02748/3000] modify revertido  /srv/fim-watch/gen_00442.txt ts=2026-10-03T08:45:52.383110+00:00
 [02749/3000] modify revertido  /srv/fim-watch/gen_00442.txt ts=2026-10-03T08:45:52.483155+00:00
 [02750/3000] modify simple     /srv/fim-watch/critico/gen_00509.txt ts=2026-10-03T08:45:52.582992+00:00
 [02751/3000] modify simple     /srv/fim-watch/gen_00358.txt ts=2026-10-03T08:45:52.683452+00:00
 [02752/3000] modify simple     /srv/fim-watch/critico/gen_00322.txt ts=2026-10-03T08:45:52.783266+00:00
 [02753/3000] create simple     /srv/fim-watch/gen_00551.txt ts=2026-10-03T08:45:52.883263+00:00
 [02754/3000] modify simple     /srv/fim-watch/gen_00528.txt ts=2026-10-03T08:45:52.983287+00:00
 [02755/3000] delete simple     /srv/fim-watch/gen_00430.txt ts=2026-10-03T08:45:53.082873+00:00
 [02756/3000] create simple     /srv/fim-watch/critico/gen_00552.txt ts=2026-10-03T08:45:53.183324+00:00
 [02757/3000] modify revertido  /srv/fim-watch/gen_00364.txt ts=2026-10-03T08:45:53.283278+00:00
 [02758/3000] modify revertido  /srv/fim-watch/gen_00364.txt ts=2026-10-03T08:45:53.383460+00:00
 [02759/3000] create simple     /srv/fim-watch/gen_00553.txt ts=2026-10-03T08:45:53.483286+00:00
 [02760/3000] delete simple     /srv/fim-watch/gen_00477.txt ts=2026-10-03T08:45:53.583315+00:00
 [02761/3000] modify colapsado  /srv/fim-watch/gen_00266.txt ts=2026-10-03T08:45:53.683272+00:00
 [02762/3000] modify colapsado  /srv/fim-watch/gen_00266.txt ts=2026-10-03T08:45:53.782979+00:00
 [02763/3000] modify colapsado  /srv/fim-watch/gen_00266.txt ts=2026-10-03T08:45:53.882971+00:00
 [02764/3000] modify colapsado  /srv/fim-watch/gen_00266.txt ts=2026-10-03T08:45:53.983670+00:00
 [02765/3000] modify colapsado  /srv/fim-watch/gen_00266.txt ts=2026-10-03T08:45:54.083333+00:00
 [02766/3000] delete simple     /srv/fim-watch/gen_00196.txt ts=2026-10-03T08:45:54.183024+00:00
 [02767/3000] create simple     /srv/fim-watch/gen_00554.txt ts=2026-10-03T08:45:54.283327+00:00
 [02768/3000] modify revertido  /srv/fim-watch/gen_00526.txt ts=2026-10-03T08:45:54.383151+00:00
 [02769/3000] modify revertido  /srv/fim-watch/gen_00526.txt ts=2026-10-03T08:45:54.483134+00:00
 [02770/3000] modify simple     /srv/fim-watch/critico/gen_00262.txt ts=2026-10-03T08:45:54.583072+00:00
 [02771/3000] modify simple     /srv/fim-watch/critico/gen_00392.txt ts=2026-10-03T08:45:54.683171+00:00
 [02772/3000] modify revertido  /srv/fim-watch/gen_00494.txt ts=2026-10-03T08:45:54.782821+00:00
 [02773/3000] modify revertido  /srv/fim-watch/gen_00494.txt ts=2026-10-03T08:45:54.883260+00:00
 [02774/3000] modify simple     /srv/fim-watch/gen_00234.txt ts=2026-10-03T08:45:54.983585+00:00
 [02775/3000] modify simple     /srv/fim-watch/gen_00293.txt ts=2026-10-03T08:45:55.083308+00:00
 [02776/3000] modify simple     /srv/fim-watch/critico/gen_00502.txt ts=2026-10-03T08:45:55.183270+00:00
 [02777/3000] modify colapsado  /srv/fim-watch/gen_00234.txt ts=2026-10-03T08:45:55.283113+00:00
 [02778/3000] modify colapsado  /srv/fim-watch/gen_00234.txt ts=2026-10-03T08:45:55.383138+00:00
 [02779/3000] modify colapsado  /srv/fim-watch/gen_00234.txt ts=2026-10-03T08:45:55.483354+00:00
 [02780/3000] modify colapsado  /srv/fim-watch/gen_00234.txt ts=2026-10-03T08:45:55.583277+00:00
 [02781/3000] modify colapsado  /srv/fim-watch/gen_00234.txt ts=2026-10-03T08:45:55.683256+00:00
 [02782/3000] modify simple     /srv/fim-watch/critico/gen_00351.txt ts=2026-10-03T08:45:55.782847+00:00
 [02783/3000] create efimero    /srv/fim-watch/gen_00555.txt ts=2026-10-03T08:45:55.883092+00:00
 [02784/3000] delete efimero    /srv/fim-watch/gen_00555.txt ts=2026-10-03T08:45:55.983106+00:00
 [02785/3000] modify simple     /srv/fim-watch/gen_00290.txt ts=2026-10-03T08:45:56.083359+00:00
 [02786/3000] modify revertido  /srv/fim-watch/gen_00470.txt ts=2026-10-03T08:45:56.183147+00:00
 [02787/3000] modify revertido  /srv/fim-watch/gen_00470.txt ts=2026-10-03T08:45:56.282859+00:00
 [02788/3000] modify simple     /srv/fim-watch/gen_00441.txt ts=2026-10-03T08:45:56.383282+00:00
 [02789/3000] modify simple     /srv/fim-watch/gen_00494.txt ts=2026-10-03T08:45:56.483091+00:00
 [02790/3000] modify simple     /srv/fim-watch/gen_00384.txt ts=2026-10-03T08:45:56.583343+00:00
 [02791/3000] modify simple     /srv/fim-watch/gen_00285.txt ts=2026-10-03T08:45:56.683165+00:00
 [02792/3000] modify simple     /srv/fim-watch/gen_00446.txt ts=2026-10-03T08:45:56.783065+00:00
 [02793/3000] delete simple     /srv/fim-watch/gen_00108.txt ts=2026-10-03T08:45:56.883328+00:00
 [02794/3000] create simple     /srv/fim-watch/critico/gen_00556.txt ts=2026-10-03T08:45:56.983190+00:00
 [02795/3000] modify simple     /srv/fim-watch/gen_00470.txt ts=2026-10-03T08:45:57.083382+00:00
 [02796/3000] create simple     /srv/fim-watch/gen_00557.txt ts=2026-10-03T08:45:57.183171+00:00
 [02797/3000] modify simple     /srv/fim-watch/critico/gen_00061.txt ts=2026-10-03T08:45:57.283118+00:00
 [02798/3000] delete simple     /srv/fim-watch/gen_00320.txt ts=2026-10-03T08:45:57.383007+00:00
 [02799/3000] delete simple     /srv/fim-watch/gen_00500.txt ts=2026-10-03T08:45:57.483173+00:00
 [02800/3000] modify revertido  /srv/fim-watch/critico/gen_00347.txt ts=2026-10-03T08:45:57.583022+00:00
 [02801/3000] modify revertido  /srv/fim-watch/critico/gen_00347.txt ts=2026-10-03T08:45:57.683349+00:00
 [02802/3000] modify simple     /srv/fim-watch/critico/gen_00502.txt ts=2026-10-03T08:45:57.783515+00:00
 [02803/3000] modify revertido  /srv/fim-watch/gen_00417.txt ts=2026-10-03T08:45:57.883255+00:00
 [02804/3000] modify revertido  /srv/fim-watch/gen_00417.txt ts=2026-10-03T08:45:57.983133+00:00
 [02805/3000] modify simple     /srv/fim-watch/gen_00188.txt ts=2026-10-03T08:45:58.083290+00:00
 [02806/3000] modify simple     /srv/fim-watch/gen_00142.txt ts=2026-10-03T08:45:58.183481+00:00
 [02807/3000] create simple     /srv/fim-watch/gen_00558.txt ts=2026-10-03T08:45:58.283174+00:00
 [02808/3000] create efimero    /srv/fim-watch/gen_00559.txt ts=2026-10-03T08:45:58.383194+00:00
 [02809/3000] delete efimero    /srv/fim-watch/gen_00559.txt ts=2026-10-03T08:45:58.482834+00:00
 [02810/3000] modify simple     /srv/fim-watch/gen_00377.txt ts=2026-10-03T08:45:58.583257+00:00
 [02811/3000] modify simple     /srv/fim-watch/gen_00521.txt ts=2026-10-03T08:45:58.683196+00:00
 [02812/3000] modify simple     /srv/fim-watch/critico/gen_00272.txt ts=2026-10-03T08:45:58.783289+00:00
 [02813/3000] create simple     /srv/fim-watch/gen_00560.txt ts=2026-10-03T08:45:58.882992+00:00
 [02814/3000] create efimero    /srv/fim-watch/gen_00561.txt ts=2026-10-03T08:45:58.983346+00:00
 [02815/3000] delete efimero    /srv/fim-watch/gen_00561.txt ts=2026-10-03T08:45:59.083307+00:00
 [02816/3000] create simple     /srv/fim-watch/critico/gen_00562.txt ts=2026-10-03T08:45:59.183268+00:00
 [02817/3000] create efimero    /srv/fim-watch/gen_00563.txt ts=2026-10-03T08:45:59.283184+00:00
 [02818/3000] delete efimero    /srv/fim-watch/gen_00563.txt ts=2026-10-03T08:45:59.382998+00:00
 [02819/3000] modify simple     /srv/fim-watch/gen_00350.txt ts=2026-10-03T08:45:59.483531+00:00
 [02820/3000] modify simple     /srv/fim-watch/gen_00425.txt ts=2026-10-03T08:45:59.583561+00:00
 [02821/3000] create simple     /srv/fim-watch/gen_00564.txt ts=2026-10-03T08:45:59.683235+00:00
 [02822/3000] modify revertido  /srv/fim-watch/gen_00098.txt ts=2026-10-03T08:45:59.783044+00:00
 [02823/3000] modify revertido  /srv/fim-watch/gen_00098.txt ts=2026-10-03T08:45:59.883462+00:00
 [02824/3000] modify simple     /srv/fim-watch/gen_00139.txt ts=2026-10-03T08:45:59.983546+00:00
 [02825/3000] modify simple     /srv/fim-watch/gen_00268.txt ts=2026-10-03T08:46:00.083211+00:00
 [02826/3000] create simple     /srv/fim-watch/critico/gen_00565.txt ts=2026-10-03T08:46:00.183244+00:00
 [02827/3000] delete simple     /srv/fim-watch/gen_00540.txt ts=2026-10-03T08:46:00.283169+00:00
 [02828/3000] modify simple     /srv/fim-watch/critico/gen_00361.txt ts=2026-10-03T08:46:00.383314+00:00
 [02829/3000] modify simple     /srv/fim-watch/gen_00543.txt ts=2026-10-03T08:46:00.483259+00:00
 [02830/3000] modify simple     /srv/fim-watch/gen_00517.txt ts=2026-10-03T08:46:00.582998+00:00
 [02831/3000] delete simple     /srv/fim-watch/gen_00525.txt ts=2026-10-03T08:46:00.683243+00:00
 [02832/3000] modify simple     /srv/fim-watch/gen_00219.txt ts=2026-10-03T08:46:00.783249+00:00
 [02833/3000] create simple     /srv/fim-watch/gen_00566.txt ts=2026-10-03T08:46:00.883009+00:00
 [02834/3000] delete simple     /srv/fim-watch/critico/gen_00209.txt ts=2026-10-03T08:46:00.983000+00:00
 [02835/3000] modify simple     /srv/fim-watch/gen_00203.txt ts=2026-10-03T08:46:01.083397+00:00
 [02836/3000] modify simple     /srv/fim-watch/critico/gen_00392.txt ts=2026-10-03T08:46:01.183576+00:00
 [02837/3000] create simple     /srv/fim-watch/gen_00567.txt ts=2026-10-03T08:46:01.283036+00:00
 [02838/3000] modify simple     /srv/fim-watch/gen_00384.txt ts=2026-10-03T08:46:01.382873+00:00
 [02839/3000] delete simple     /srv/fim-watch/gen_00395.txt ts=2026-10-03T08:46:01.482881+00:00
 [02840/3000] modify simple     /srv/fim-watch/critico/gen_00414.txt ts=2026-10-03T08:46:01.582991+00:00
 [02841/3000] modify simple     /srv/fim-watch/gen_00406.txt ts=2026-10-03T08:46:01.683161+00:00
 [02842/3000] create simple     /srv/fim-watch/gen_00568.txt ts=2026-10-03T08:46:01.783214+00:00
 [02843/3000] modify colapsado  /srv/fim-watch/gen_00115.txt ts=2026-10-03T08:46:01.883345+00:00
 [02844/3000] modify colapsado  /srv/fim-watch/gen_00115.txt ts=2026-10-03T08:46:01.982966+00:00
 [02845/3000] modify colapsado  /srv/fim-watch/gen_00115.txt ts=2026-10-03T08:46:02.082978+00:00
 [02846/3000] modify colapsado  /srv/fim-watch/gen_00115.txt ts=2026-10-03T08:46:02.183277+00:00
 [02847/3000] modify colapsado  /srv/fim-watch/gen_00115.txt ts=2026-10-03T08:46:02.283287+00:00
 [02848/3000] modify colapsado  /srv/fim-watch/gen_00418.txt ts=2026-10-03T08:46:02.383177+00:00
 [02849/3000] modify colapsado  /srv/fim-watch/gen_00418.txt ts=2026-10-03T08:46:02.483521+00:00
 [02850/3000] modify colapsado  /srv/fim-watch/gen_00418.txt ts=2026-10-03T08:46:02.583067+00:00
 [02851/3000] modify colapsado  /srv/fim-watch/gen_00418.txt ts=2026-10-03T08:46:02.683126+00:00
 [02852/3000] modify colapsado  /srv/fim-watch/gen_00418.txt ts=2026-10-03T08:46:02.783394+00:00
 [02853/3000] modify simple     /srv/fim-watch/gen_00458.txt ts=2026-10-03T08:46:02.883574+00:00
 [02854/3000] delete simple     /srv/fim-watch/gen_00311.txt ts=2026-10-03T08:46:02.982899+00:00
 [02855/3000] modify simple     /srv/fim-watch/gen_00536.txt ts=2026-10-03T08:46:03.083494+00:00
 [02856/3000] modify simple     /srv/fim-watch/gen_00481.txt ts=2026-10-03T08:46:03.183304+00:00
 [02857/3000] create simple     /srv/fim-watch/gen_00569.txt ts=2026-10-03T08:46:03.283080+00:00
 [02858/3000] modify simple     /srv/fim-watch/gen_00250.txt ts=2026-10-03T08:46:03.383681+00:00
 [02859/3000] modify simple     /srv/fim-watch/gen_00403.txt ts=2026-10-03T08:46:03.483255+00:00
 [02860/3000] modify simple     /srv/fim-watch/gen_00513.txt ts=2026-10-03T08:46:03.583609+00:00
 [02861/3000] modify simple     /srv/fim-watch/gen_00226.txt ts=2026-10-03T08:46:03.683508+00:00
 [02862/3000] delete simple     /srv/fim-watch/gen_00539.txt ts=2026-10-03T08:46:03.783002+00:00
 [02863/3000] create simple     /srv/fim-watch/gen_00570.txt ts=2026-10-03T08:46:03.882910+00:00
 [02864/3000] modify simple     /srv/fim-watch/gen_00472.txt ts=2026-10-03T08:46:03.982992+00:00
 [02865/3000] delete simple     /srv/fim-watch/gen_00507.txt ts=2026-10-03T08:46:04.082987+00:00
 [02866/3000] modify revertido  /srv/fim-watch/gen_00554.txt ts=2026-10-03T08:46:04.183261+00:00
 [02867/3000] modify revertido  /srv/fim-watch/gen_00554.txt ts=2026-10-03T08:46:04.283279+00:00
 [02868/3000] modify simple     /srv/fim-watch/gen_00501.txt ts=2026-10-03T08:46:04.383623+00:00
 [02869/3000] create simple     /srv/fim-watch/gen_00571.txt ts=2026-10-03T08:46:04.483299+00:00
 [02870/3000] modify colapsado  /srv/fim-watch/gen_00126.txt ts=2026-10-03T08:46:04.583119+00:00
 [02871/3000] modify colapsado  /srv/fim-watch/gen_00126.txt ts=2026-10-03T08:46:04.683126+00:00
 [02872/3000] modify colapsado  /srv/fim-watch/gen_00126.txt ts=2026-10-03T08:46:04.783026+00:00
 [02873/3000] modify colapsado  /srv/fim-watch/gen_00126.txt ts=2026-10-03T08:46:04.883126+00:00
 [02874/3000] modify colapsado  /srv/fim-watch/gen_00126.txt ts=2026-10-03T08:46:04.982957+00:00
 [02875/3000] modify simple     /srv/fim-watch/gen_00481.txt ts=2026-10-03T08:46:05.083282+00:00
 [02876/3000] delete simple     /srv/fim-watch/gen_00545.txt ts=2026-10-03T08:46:05.183337+00:00
 [02877/3000] modify simple     /srv/fim-watch/gen_00479.txt ts=2026-10-03T08:46:05.283421+00:00
 [02878/3000] delete simple     /srv/fim-watch/gen_00277.txt ts=2026-10-03T08:46:05.383400+00:00
 [02879/3000] modify simple     /srv/fim-watch/gen_00503.txt ts=2026-10-03T08:46:05.483353+00:00
 [02880/3000] create efimero    /srv/fim-watch/gen_00572.txt ts=2026-10-03T08:46:05.583380+00:00
 [02881/3000] delete efimero    /srv/fim-watch/gen_00572.txt ts=2026-10-03T08:46:05.683164+00:00
 [02882/3000] modify revertido  /srv/fim-watch/critico/gen_00392.txt ts=2026-10-03T08:46:05.783501+00:00
 [02883/3000] modify revertido  /srv/fim-watch/critico/gen_00392.txt ts=2026-10-03T08:46:05.883132+00:00
 [02884/3000] modify simple     /srv/fim-watch/gen_00098.txt ts=2026-10-03T08:46:05.983804+00:00
 [02885/3000] modify simple     /srv/fim-watch/gen_00284.txt ts=2026-10-03T08:46:06.083542+00:00
 [02886/3000] create simple     /srv/fim-watch/gen_00573.txt ts=2026-10-03T08:46:06.183066+00:00
 [02887/3000] modify simple     /srv/fim-watch/critico/gen_00437.txt ts=2026-10-03T08:46:06.283783+00:00
 [02888/3000] modify simple     /srv/fim-watch/gen_00290.txt ts=2026-10-03T08:46:06.383095+00:00
 [02889/3000] create simple     /srv/fim-watch/critico/gen_00574.txt ts=2026-10-03T08:46:06.483016+00:00
 [02890/3000] modify simple     /srv/fim-watch/critico/gen_00556.txt ts=2026-10-03T08:46:06.583144+00:00
 [02891/3000] modify simple     /srv/fim-watch/gen_00195.txt ts=2026-10-03T08:46:06.683070+00:00
 [02892/3000] create simple     /srv/fim-watch/gen_00575.txt ts=2026-10-03T08:46:06.783388+00:00
 [02893/3000] delete simple     /srv/fim-watch/gen_00558.txt ts=2026-10-03T08:46:06.883108+00:00
 [02894/3000] modify simple     /srv/fim-watch/gen_00400.txt ts=2026-10-03T08:46:06.983597+00:00
 [02895/3000] create simple     /srv/fim-watch/gen_00576.txt ts=2026-10-03T08:46:07.083223+00:00
 [02896/3000] modify simple     /srv/fim-watch/gen_00467.txt ts=2026-10-03T08:46:07.183155+00:00
 [02897/3000] modify simple     /srv/fim-watch/gen_00495.txt ts=2026-10-03T08:46:07.283536+00:00
 [02898/3000] modify simple     /srv/fim-watch/critico/gen_00532.txt ts=2026-10-03T08:46:07.383106+00:00
 [02899/3000] modify revertido  /srv/fim-watch/gen_00098.txt ts=2026-10-03T08:46:07.483533+00:00
 [02900/3000] modify revertido  /srv/fim-watch/gen_00098.txt ts=2026-10-03T08:46:07.583203+00:00
 [02901/3000] modify simple     /srv/fim-watch/gen_00480.txt ts=2026-10-03T08:46:07.682984+00:00
 [02902/3000] modify simple     /srv/fim-watch/gen_00452.txt ts=2026-10-03T08:46:07.782959+00:00
 [02903/3000] modify simple     /srv/fim-watch/gen_00402.txt ts=2026-10-03T08:46:07.883229+00:00
 [02904/3000] modify simple     /srv/fim-watch/gen_00152.txt ts=2026-10-03T08:46:07.983577+00:00
 [02905/3000] modify simple     /srv/fim-watch/critico/gen_00530.txt ts=2026-10-03T08:46:08.083400+00:00
 [02906/3000] modify simple     /srv/fim-watch/critico/gen_00322.txt ts=2026-10-03T08:46:08.183594+00:00
 [02907/3000] create simple     /srv/fim-watch/gen_00577.txt ts=2026-10-03T08:46:08.283330+00:00
 [02908/3000] create simple     /srv/fim-watch/gen_00578.txt ts=2026-10-03T08:46:08.383354+00:00
 [02909/3000] create simple     /srv/fim-watch/critico/gen_00579.txt ts=2026-10-03T08:46:08.483363+00:00
 [02910/3000] modify colapsado  /srv/fim-watch/gen_00385.txt ts=2026-10-03T08:46:08.583281+00:00
 [02911/3000] modify colapsado  /srv/fim-watch/gen_00385.txt ts=2026-10-03T08:46:08.683069+00:00
 [02912/3000] modify colapsado  /srv/fim-watch/gen_00385.txt ts=2026-10-03T08:46:08.783298+00:00
 [02913/3000] modify colapsado  /srv/fim-watch/gen_00385.txt ts=2026-10-03T08:46:08.883322+00:00
 [02914/3000] modify colapsado  /srv/fim-watch/gen_00385.txt ts=2026-10-03T08:46:08.982975+00:00
 [02915/3000] modify simple     /srv/fim-watch/gen_00473.txt ts=2026-10-03T08:46:09.083507+00:00
 [02916/3000] create simple     /srv/fim-watch/gen_00580.txt ts=2026-10-03T08:46:09.183236+00:00
 [02917/3000] modify revertido  /srv/fim-watch/gen_00577.txt ts=2026-10-03T08:46:09.283131+00:00
 [02918/3000] modify revertido  /srv/fim-watch/gen_00577.txt ts=2026-10-03T08:46:09.383484+00:00
 [02919/3000] modify simple     /srv/fim-watch/gen_00570.txt ts=2026-10-03T08:46:09.483269+00:00
 [02920/3000] create simple     /srv/fim-watch/gen_00581.txt ts=2026-10-03T08:46:09.583188+00:00
 [02921/3000] modify colapsado  /srv/fim-watch/critico/gen_00392.txt ts=2026-10-03T08:46:09.683462+00:00
 [02922/3000] modify colapsado  /srv/fim-watch/critico/gen_00392.txt ts=2026-10-03T08:46:09.783551+00:00
 [02923/3000] modify colapsado  /srv/fim-watch/critico/gen_00392.txt ts=2026-10-03T08:46:09.883189+00:00
 [02924/3000] modify colapsado  /srv/fim-watch/critico/gen_00392.txt ts=2026-10-03T08:46:09.983521+00:00
 [02925/3000] modify colapsado  /srv/fim-watch/critico/gen_00392.txt ts=2026-10-03T08:46:10.083287+00:00
 [02926/3000] create simple     /srv/fim-watch/gen_00582.txt ts=2026-10-03T08:46:10.182953+00:00
 [02927/3000] modify simple     /srv/fim-watch/gen_00538.txt ts=2026-10-03T08:46:10.283278+00:00
 [02928/3000] modify simple     /srv/fim-watch/gen_00405.txt ts=2026-10-03T08:46:10.383145+00:00
 [02929/3000] create efimero    /srv/fim-watch/gen_00583.txt ts=2026-10-03T08:46:10.483485+00:00
 [02930/3000] delete efimero    /srv/fim-watch/gen_00583.txt ts=2026-10-03T08:46:10.583025+00:00
 [02931/3000] modify simple     /srv/fim-watch/gen_00436.txt ts=2026-10-03T08:46:10.683266+00:00
 [02932/3000] create simple     /srv/fim-watch/gen_00584.txt ts=2026-10-03T08:46:10.782901+00:00
 [02933/3000] modify simple     /srv/fim-watch/critico/gen_00437.txt ts=2026-10-03T08:46:10.883119+00:00
 [02934/3000] modify simple     /srv/fim-watch/critico/gen_00532.txt ts=2026-10-03T08:46:10.983552+00:00
 [02935/3000] create simple     /srv/fim-watch/gen_00585.txt ts=2026-10-03T08:46:11.083343+00:00
 [02936/3000] modify simple     /srv/fim-watch/gen_00570.txt ts=2026-10-03T08:46:11.183114+00:00
 [02937/3000] create simple     /srv/fim-watch/critico/gen_00586.txt ts=2026-10-03T08:46:11.282989+00:00
 [02938/3000] delete simple     /srv/fim-watch/gen_00259.txt ts=2026-10-03T08:46:11.383179+00:00
 [02939/3000] modify simple     /srv/fim-watch/gen_00421.txt ts=2026-10-03T08:46:11.482995+00:00
 [02940/3000] modify revertido  /srv/fim-watch/critico/gen_00153.txt ts=2026-10-03T08:46:11.583127+00:00
 [02941/3000] modify revertido  /srv/fim-watch/critico/gen_00153.txt ts=2026-10-03T08:46:11.683137+00:00
 [02942/3000] modify simple     /srv/fim-watch/gen_00489.txt ts=2026-10-03T08:46:11.783151+00:00
 [02943/3000] modify revertido  /srv/fim-watch/gen_00356.txt ts=2026-10-03T08:46:11.883157+00:00
 [02944/3000] modify revertido  /srv/fim-watch/gen_00356.txt ts=2026-10-03T08:46:11.983310+00:00
 [02945/3000] create simple     /srv/fim-watch/gen_00587.txt ts=2026-10-03T08:46:12.083396+00:00
 [02946/3000] modify revertido  /srv/fim-watch/gen_00493.txt ts=2026-10-03T08:46:12.183521+00:00
 [02947/3000] modify revertido  /srv/fim-watch/gen_00493.txt ts=2026-10-03T08:46:12.283119+00:00
 [02948/3000] modify simple     /srv/fim-watch/gen_00550.txt ts=2026-10-03T08:46:12.383255+00:00
 [02949/3000] modify simple     /srv/fim-watch/gen_00232.txt ts=2026-10-03T08:46:12.483549+00:00
 [02950/3000] create simple     /srv/fim-watch/gen_00588.txt ts=2026-10-03T08:46:12.583263+00:00
 [02951/3000] modify simple     /srv/fim-watch/gen_00326.txt ts=2026-10-03T08:46:12.683552+00:00
 [02952/3000] modify simple     /srv/fim-watch/gen_00386.txt ts=2026-10-03T08:46:12.783035+00:00
 [02953/3000] modify simple     /srv/fim-watch/gen_00492.txt ts=2026-10-03T08:46:12.883363+00:00
 [02954/3000] create simple     /srv/fim-watch/gen_00589.txt ts=2026-10-03T08:46:12.983223+00:00
 [02955/3000] delete simple     /srv/fim-watch/critico/gen_00342.txt ts=2026-10-03T08:46:13.083185+00:00
 [02956/3000] modify simple     /srv/fim-watch/gen_00519.txt ts=2026-10-03T08:46:13.182989+00:00
 [02957/3000] modify simple     /srv/fim-watch/gen_00125.txt ts=2026-10-03T08:46:13.283128+00:00
 [02958/3000] modify revertido  /srv/fim-watch/critico/gen_00304.txt ts=2026-10-03T08:46:13.383503+00:00
 [02959/3000] modify revertido  /srv/fim-watch/critico/gen_00304.txt ts=2026-10-03T08:46:13.483274+00:00
 [02960/3000] create simple     /srv/fim-watch/gen_00590.txt ts=2026-10-03T08:46:13.583483+00:00
 [02961/3000] modify simple     /srv/fim-watch/gen_00517.txt ts=2026-10-03T08:46:13.682942+00:00
 [02962/3000] modify simple     /srv/fim-watch/critico/gen_00565.txt ts=2026-10-03T08:46:13.783174+00:00
 [02963/3000] create simple     /srv/fim-watch/gen_00591.txt ts=2026-10-03T08:46:13.883131+00:00
 [02964/3000] delete simple     /srv/fim-watch/critico/gen_00345.txt ts=2026-10-03T08:46:13.982820+00:00
 [02965/3000] delete simple     /srv/fim-watch/gen_00521.txt ts=2026-10-03T08:46:14.083415+00:00
 [02966/3000] modify simple     /srv/fim-watch/gen_00546.txt ts=2026-10-03T08:46:14.183155+00:00
 [02967/3000] create simple     /srv/fim-watch/critico/gen_00592.txt ts=2026-10-03T08:46:14.283324+00:00
 [02968/3000] modify simple     /srv/fim-watch/gen_00193.txt ts=2026-10-03T08:46:14.383065+00:00
 [02969/3000] modify simple     /srv/fim-watch/gen_00470.txt ts=2026-10-03T08:46:14.483114+00:00
 [02970/3000] create efimero    /srv/fim-watch/critico/gen_00593.txt ts=2026-10-03T08:46:14.582964+00:00
 [02971/3000] delete efimero    /srv/fim-watch/critico/gen_00593.txt ts=2026-10-03T08:46:14.683096+00:00
 [02972/3000] modify simple     /srv/fim-watch/gen_00223.txt ts=2026-10-03T08:46:14.782857+00:00
 [02973/3000] modify revertido  /srv/fim-watch/gen_00405.txt ts=2026-10-03T08:46:14.883291+00:00
 [02974/3000] modify revertido  /srv/fim-watch/gen_00405.txt ts=2026-10-03T08:46:14.983383+00:00
 [02975/3000] modify simple     /srv/fim-watch/gen_00274.txt ts=2026-10-03T08:46:15.083537+00:00
 [02976/3000] create simple     /srv/fim-watch/gen_00594.txt ts=2026-10-03T08:46:15.183188+00:00
 [02977/3000] modify simple     /srv/fim-watch/gen_00469.txt ts=2026-10-03T08:46:15.283374+00:00
 [02978/3000] create simple     /srv/fim-watch/gen_00595.txt ts=2026-10-03T08:46:15.383058+00:00
 [02979/3000] modify revertido  /srv/fim-watch/gen_00358.txt ts=2026-10-03T08:46:15.483523+00:00
 [02980/3000] modify revertido  /srv/fim-watch/gen_00358.txt ts=2026-10-03T08:46:15.583486+00:00
 [02981/3000] modify simple     /srv/fim-watch/gen_00062.txt ts=2026-10-03T08:46:15.683515+00:00
 [02982/3000] modify revertido  /srv/fim-watch/critico/gen_00574.txt ts=2026-10-03T08:46:15.783264+00:00
 [02983/3000] modify revertido  /srv/fim-watch/critico/gen_00574.txt ts=2026-10-03T08:46:15.883416+00:00
 [02984/3000] modify simple     /srv/fim-watch/gen_00569.txt ts=2026-10-03T08:46:15.983266+00:00
 [02985/3000] modify simple     /srv/fim-watch/gen_00352.txt ts=2026-10-03T08:46:16.083498+00:00
 [02986/3000] create simple     /srv/fim-watch/critico/gen_00596.txt ts=2026-10-03T08:46:16.183204+00:00
 [02987/3000] create simple     /srv/fim-watch/gen_00597.txt ts=2026-10-03T08:46:16.283194+00:00
 [02988/3000] modify simple     /srv/fim-watch/gen_00448.txt ts=2026-10-03T08:46:16.383507+00:00
 [02989/3000] modify simple     /srv/fim-watch/critico/gen_00304.txt ts=2026-10-03T08:46:16.483673+00:00
 [02990/3000] modify simple     /srv/fim-watch/gen_00290.txt ts=2026-10-03T08:46:16.582919+00:00
 [02991/3000] modify simple     /srv/fim-watch/critico/gen_00398.txt ts=2026-10-03T08:46:16.683322+00:00
 [02992/3000] modify simple     /srv/fim-watch/critico/gen_00262.txt ts=2026-10-03T08:46:16.783279+00:00
 [02993/3000] create simple     /srv/fim-watch/gen_00598.txt ts=2026-10-03T08:46:16.883085+00:00
 [02994/3000] create efimero    /srv/fim-watch/critico/gen_00599.txt ts=2026-10-03T08:46:16.982987+00:00
 [02995/3000] delete efimero    /srv/fim-watch/critico/gen_00599.txt ts=2026-10-03T08:46:17.083272+00:00
 [02996/3000] delete simple     /srv/fim-watch/gen_00356.txt ts=2026-10-03T08:46:17.182845+00:00
 [02997/3000] modify simple     /srv/fim-watch/gen_00418.txt ts=2026-10-03T08:46:17.283083+00:00
 [02998/3000] delete simple     /srv/fim-watch/gen_00179.txt ts=2026-10-03T08:46:17.383384+00:00
 [02999/3000] modify simple     /srv/fim-watch/gen_00403.txt ts=2026-10-03T08:46:17.483386+00:00
 [03000/3000] create simple     /srv/fim-watch/gen_00600.txt ts=2026-10-03T08:46:17.583230+00:00
========================================================================
fin_utc = 2026-10-03T08:46:17.583529+00:00  duracion_s = 299.901
cambios_registrados = 3000  errores = 0
manifiesto = /srv/evidencia/bateria5_perfil_manifiesto.json
manifiesto incremental = /srv/evidencia/bateria5_perfil_manifiesto.jsonl
========================================================================
[2026-10-03T08:46:18.315532016Z] generator finished; queue+discarded=2995 0
[2026-10-03T08:46:18.322143551Z] --- phase 3: restore Valkey and time the drain ---
[2026-10-03T08:46:19.807051415Z] FIN_CORTE t=2026-10-03T08:46:19.801683526Z
[2026-10-03T08:46:19.896290594Z] valkey up (t0); valkey_6380=1
[2026-10-03T08:47:16.856916529Z] DRAIN COMPLETE: events=2995 queue=0 discarded=0
[2026-10-03T08:47:16.866239969Z] drain_duration_s=56.997285365
[2026-10-03T08:47:16.875730021Z] throughput_ev_s=52.5463
[2026-10-03T08:47:16.882184464Z] delivered_of_3000=2995 discarded=0
[2026-10-03T08:47:16.988885854Z] backend_container_id_after=e8a046fdd4bac6ecec743803c1b63fff0a51a61650ecbf67c5ca5d43a7241bce
[2026-10-03T08:47:17.20423086Z] backend_inspect_post: id=e8a046fdd4bac6ecec743803c1b63fff0a51a61650ecbf67c5ca5d43a7241bce started_at=2026-10-03T08:40:54.869567682Z restart_count=0
[2026-10-03T08:47:17.196218410Z] backend logs since INICIO_CORTE: 13993 lines
[2026-10-03T08:47:17.203306759Z] --- summary ---
[2026-10-03T08:47:17.775155819Z] final: events=2995 queue+discarded=0 0
 events | unique_events 
--------+---------------
   2995 |          2995
(1 row)

 reason | count 
--------+-------
(0 rows)

[2026-10-03T08:47:18.129154461Z] === end ===
