event_id,path,detected_at,received_at
f46e8004-ddda-42f1-b328-577f3fd38c81,/srv/fim-watch/gen_00001.txt,2026-10-03 08:41:17.683091+00,2026-10-03 08:46:20.791705+00
979eac1f-6c50-444d-98c8-984b42435d8e,/srv/fim-watch/gen_00001.txt,2026-10-03 08:41:17.783704+00,2026-10-03 08:46:20.827184+00
8f1d6f29-8530-4f1c-a199-af3bb375924b,/srv/fim-watch/gen_00001.txt,2026-10-03 08:41:17.884493+00,2026-10-03 08:46:20.835449+00
0513453b-8cd6-434e-bea6-79cedecf5741,/srv/fim-watch/gen_00001.txt,2026-10-03 08:41:17.984357+00,2026-10-03 08:46:20.845318+00
9cd6c45b-3c92-447d-9043-1291e05b1232,/srv/fim-watch/gen_00001.txt,2026-10-03 08:41:18.083887+00,2026-10-03 08:46:20.856885+00
27bf5c2e-dd0b-4aad-83d7-52bd1c8dc445,/srv/fim-watch/gen_00002.txt,2026-10-03 08:41:18.184662+00,2026-10-03 08:46:20.875299+00
03e95e07-5d92-444b-a034-eef9215a6a7a,/srv/fim-watch/critico/gen_00003.txt,2026-10-03 08:41:18.284678+00,2026-10-03 08:46:20.907716+00
19083533-17c1-44cb-9468-ba0f8b6e09b1,/srv/fim-watch/gen_00001.txt,2026-10-03 08:41:18.384654+00,2026-10-03 08:46:20.920996+00
2e3d0981-54ce-41c2-a570-f06eebcfec4e,/srv/fim-watch/gen_00004.txt,2026-10-03 08:41:18.483973+00,2026-10-03 08:46:20.939495+00
ee073120-9b40-4537-8081-018812b9b064,/srv/fim-watch/critico/gen_00003.txt,2026-10-03 08:41:18.584504+00,2026-10-03 08:46:20.957677+00
279ac666-475b-4b01-b82f-c6a7a354b578,/srv/fim-watch/critico/gen_00003.txt,2026-10-03 08:41:18.684363+00,2026-10-03 08:46:20.978542+00
af898ca4-09d0-46a1-b212-d24d5093b6f6,/srv/fim-watch/gen_00004.txt,2026-10-03 08:41:18.783839+00,2026-10-03 08:46:20.999836+00
354152b4-3a49-42f8-a4dd-c5359c303b83,/srv/fim-watch/gen_00002.txt,2026-10-03 08:41:18.88463+00,2026-10-03 08:46:21.019224+00
5949001b-8676-410d-9694-879d187cb7a0,/srv/fim-watch/critico/gen_00003.txt,2026-10-03 08:41:18.984304+00,2026-10-03 08:46:21.036244+00
bb8b334f-a1d7-4581-b519-9ae6a27203b3,/srv/fim-watch/gen_00005.txt,2026-10-03 08:41:19.083734+00,2026-10-03 08:46:21.059257+00
5b917d77-db06-468d-9f75-7a39d987b1b3,/srv/fim-watch/gen_00005.txt,2026-10-03 08:41:19.184016+00,2026-10-03 08:46:21.08144+00
c1c38149-b645-42ee-9078-8b4cd51f0223,/srv/fim-watch/gen_00006.txt,2026-10-03 08:41:19.283965+00,2026-10-03 08:46:21.106663+00
87fddda7-ff5f-47ff-b905-35dd3b1737c5,/srv/fim-watch/gen_00007.txt,2026-10-03 08:41:19.384033+00,2026-10-03 08:46:21.128381+00
a61caf4b-8e52-4dda-a622-853667a007af,/srv/fim-watch/gen_00004.txt,2026-10-03 08:41:19.484566+00,2026-10-03 08:46:21.145721+00
1f34848b-3260-4cc5-8164-f324f925acd3,/srv/fim-watch/critico/gen_00003.txt,2026-10-03 08:41:19.584485+00,2026-10-03 08:46:21.166197+00
dc5f414c-709d-4146-a466-d784480ad804,/srv/fim-watch/critico/gen_00003.txt,2026-10-03 08:41:19.684315+00,2026-10-03 08:46:21.184108+00
df2dfe65-bbb3-4193-8c42-247df30cdc16,/srv/fim-watch/critico/gen_00003.txt,2026-10-03 08:41:19.784696+00,2026-10-03 08:46:21.202751+00
db669df5-f2c5-48e6-a7a7-9f675590f775,/srv/fim-watch/gen_00006.txt,2026-10-03 08:41:19.884156+00,2026-10-03 08:46:21.229493+00
1a30b9d5-8558-4441-ae4b-dfc4ca2d40f9,/srv/fim-watch/critico/gen_00003.txt,2026-10-03 08:41:19.984448+00,2026-10-03 08:46:21.240606+00
429fb163-b161-4886-a358-0064e25efedd,/srv/fim-watch/gen_00006.txt,2026-10-03 08:41:20.084289+00,2026-10-03 08:46:21.257317+00
aaa061a0-c826-42dd-9999-475d8c2cf480,/srv/fim-watch/gen_00008.txt,2026-10-03 08:41:20.184486+00,2026-10-03 08:46:21.273795+00
b4eed190-60f4-47a2-97a4-87165ccf9702,/srv/fim-watch/gen_00007.txt,2026-10-03 08:41:20.284093+00,2026-10-03 08:46:21.290862+00
188d5df6-42b9-4bcd-bbb7-6324155983db,/srv/fim-watch/gen_00007.txt,2026-10-03 08:41:20.384488+00,2026-10-03 08:46:21.310583+00
71d18702-cc2f-4253-8b83-887a654d986a,/srv/fim-watch/gen_00002.txt,2026-10-03 08:41:20.48403+00,2026-10-03 08:46:21.330774+00
99cac74f-811d-44f9-b489-abd8bb104978,/srv/fim-watch/gen_00009.txt,2026-10-03 08:41:20.584098+00,2026-10-03 08:46:21.350301+00
2be6ed3c-9e0f-4b23-83d8-9e1c027cf507,/srv/fim-watch/gen_00009.txt,2026-10-03 08:41:20.683861+00,2026-10-03 08:46:21.364628+00
3c909e9f-e711-4483-8672-2bf727644bac,/srv/fim-watch/gen_00006.txt,2026-10-03 08:41:20.784227+00,2026-10-03 08:46:21.382216+00
cfe2b3e2-017b-4818-bdbc-74038fe724cd,/srv/fim-watch/gen_00007.txt,2026-10-03 08:41:20.884394+00,2026-10-03 08:46:21.409129+00
3ddfed96-4915-42f2-8e1d-e3ef2ccf19ee,/srv/fim-watch/gen_00002.txt,2026-10-03 08:41:20.984599+00,2026-10-03 08:46:21.436244+00
2c1ff013-ff8b-4f7a-9f62-32d884da714a,/srv/fim-watch/gen_00010.txt,2026-10-03 08:41:21.08368+00,2026-10-03 08:46:21.460439+00
330fdfa4-f860-45d4-9444-65147f3b29ce,/srv/fim-watch/gen_00010.txt,2026-10-03 08:41:21.184501+00,2026-10-03 08:46:21.476001+00
11a968e3-16c1-45a4-adaf-788fb8d958a7,/srv/fim-watch/gen_00004.txt,2026-10-03 08:41:21.284216+00,2026-10-03 08:46:21.492328+00
aa2e39e7-f2b6-428d-9601-e93128b47bd7,/srv/fim-watch/gen_00004.txt,2026-10-03 08:41:21.384438+00,2026-10-03 08:46:21.501087+00
cf6c939d-4d77-4d44-a7fe-884a6b33a4cb,/srv/fim-watch/gen_00004.txt,2026-10-03 08:41:21.484123+00,2026-10-03 08:46:21.508532+00
ac93e528-119a-4305-89ab-16f25b06d057,/srv/fim-watch/gen_00004.txt,2026-10-03 08:41:21.583863+00,2026-10-03 08:46:21.516642+00
c2d18bb3-976a-4493-944d-438e04dc15ed,/srv/fim-watch/gen_00004.txt,2026-10-03 08:41:21.684014+00,2026-10-03 08:46:21.52541+00
ef6301f0-5852-4917-b9f0-5aead54316b5,/srv/fim-watch/gen_00004.txt,2026-10-03 08:41:21.783922+00,2026-10-03 08:46:21.533425+00
b533c1ed-561c-4d8a-aacf-ee9c71ed21de,/srv/fim-watch/gen_00004.txt,2026-10-03 08:41:21.88424+00,2026-10-03 08:46:21.540971+00
4d8356ae-98d2-49b9-82db-786e71d2bbaf,/srv/fim-watch/gen_00004.txt,2026-10-03 08:41:21.984022+00,2026-10-03 08:46:21.548868+00
a11a8e43-049a-43e0-bc92-3a2d8664db62,/srv/fim-watch/gen_00004.txt,2026-10-03 08:41:22.084712+00,2026-10-03 08:46:21.558273+00
2b649a9e-d691-4fec-ad84-0b0ac469af4a,/srv/fim-watch/gen_00004.txt,2026-10-03 08:41:22.184434+00,2026-10-03 08:46:21.568759+00
b88d7db8-1f85-4e1f-91f8-f5015526f1f4,/srv/fim-watch/gen_00004.txt,2026-10-03 08:41:22.28463+00,2026-10-03 08:46:21.579218+00
ed68f1f5-c21a-4068-9f15-6698ce7d01a9,/srv/fim-watch/gen_00011.txt,2026-10-03 08:41:22.384029+00,2026-10-03 08:46:21.587769+00
9f3bd6f3-dd66-47dd-8a09-88bcdab04915,/srv/fim-watch/gen_00012.txt,2026-10-03 08:41:22.484002+00,2026-10-03 08:46:21.59731+00
9c2cd622-5135-4289-9b88-f860d7a6aa01,/srv/fim-watch/gen_00007.txt,2026-10-03 08:41:22.584079+00,2026-10-03 08:46:21.608091+00
6ca3de32-0c24-4814-bad9-5835dd1f5170,/srv/fim-watch/gen_00007.txt,2026-10-03 08:41:22.684121+00,2026-10-03 08:46:21.624259+00
2f3bff46-43a4-4926-9931-8f1a1fe0e76f,/srv/fim-watch/gen_00007.txt,2026-10-03 08:41:22.784219+00,2026-10-03 08:46:21.638905+00
68b18eda-d6f2-4a82-b1b0-749919402062,/srv/fim-watch/gen_00007.txt,2026-10-03 08:41:22.88393+00,2026-10-03 08:46:21.657501+00
f9024812-f9c3-4a01-9790-e88b284f26e2,/srv/fim-watch/gen_00007.txt,2026-10-03 08:41:22.98407+00,2026-10-03 08:46:21.666205+00
173e2ca0-7f75-4aef-a794-7ab6fcfdacbf,/srv/fim-watch/gen_00010.txt,2026-10-03 08:41:23.085226+00,2026-10-03 08:46:21.673437+00
f37c764e-8bd4-43d7-904f-8774040e888f,/srv/fim-watch/gen_00007.txt,2026-10-03 08:41:23.184308+00,2026-10-03 08:46:21.682093+00
42105b67-35fa-4c40-aa39-7fb18fd740a7,/srv/fim-watch/gen_00012.txt,2026-10-03 08:41:23.284466+00,2026-10-03 08:46:21.690208+00
0fed151c-164a-45d4-9610-2101f8723cb1,/srv/fim-watch/gen_00013.txt,2026-10-03 08:41:23.383821+00,2026-10-03 08:46:21.697999+00
5ab757dc-22d3-46f5-9025-f72f6126ffc1,/srv/fim-watch/gen_00013.txt,2026-10-03 08:41:23.48415+00,2026-10-03 08:46:21.709566+00
c5724f10-3c97-4800-b8bc-138fc621369a,/srv/fim-watch/gen_00013.txt,2026-10-03 08:41:23.583677+00,2026-10-03 08:46:21.718582+00
059ff13c-5da8-4de2-9fbe-79f68cf9d8a4,/srv/fim-watch/gen_00010.txt,2026-10-03 08:41:23.683984+00,2026-10-03 08:46:21.727877+00
14fecf12-52f4-41da-b262-81f34f3c8c70,/srv/fim-watch/gen_00011.txt,2026-10-03 08:41:23.78407+00,2026-10-03 08:46:21.736756+00
21165041-402f-4fe8-b831-77a1bf5926f2,/srv/fim-watch/gen_00014.txt,2026-10-03 08:41:23.884019+00,2026-10-03 08:46:21.744344+00
2fe4c677-879d-4a40-98d4-e04401203842,/srv/fim-watch/gen_00011.txt,2026-10-03 08:41:23.984069+00,2026-10-03 08:46:21.753967+00
ce5327af-4e54-4acc-851c-87cfb2243d02,/srv/fim-watch/gen_00006.txt,2026-10-03 08:41:24.083327+00,2026-10-03 08:46:21.761168+00
26069365-4930-4d68-90db-1ac35483fac4,/srv/fim-watch/gen_00008.txt,2026-10-03 08:41:24.183515+00,2026-10-03 08:46:21.769823+00
8922e2e3-2f93-4065-b3cf-c2ab4b8ac47b,/srv/fim-watch/gen_00011.txt,2026-10-03 08:41:24.284781+00,2026-10-03 08:46:21.777941+00
0b6ae327-d03e-4daf-b575-b5a448889022,/srv/fim-watch/gen_00011.txt,2026-10-03 08:41:24.384979+00,2026-10-03 08:46:21.788056+00
44fd99c0-c423-43c0-9c7a-3b7d78b35c82,/srv/fim-watch/gen_00004.txt,2026-10-03 08:41:24.484446+00,2026-10-03 08:46:21.800035+00
803f9982-a3d7-46e3-9028-57e55324bd91,/srv/fim-watch/gen_00004.txt,2026-10-03 08:41:24.584726+00,2026-10-03 08:46:21.813227+00
a802fc5e-db71-4972-ae53-a6fcce81428d,/srv/fim-watch/gen_00010.txt,2026-10-03 08:41:24.684322+00,2026-10-03 08:46:21.823477+00
1d76133c-1ccc-449f-a90c-dcaf37965134,/srv/fim-watch/gen_00013.txt,2026-10-03 08:41:24.783917+00,2026-10-03 08:46:21.831566+00
c40206c9-4906-4937-8146-b1bb45901350,/srv/fim-watch/gen_00013.txt,2026-10-03 08:41:24.883653+00,2026-10-03 08:46:21.855062+00
1a3781cb-a200-4de2-9631-89a2ce7f0801,/srv/fim-watch/gen_00015.txt,2026-10-03 08:41:24.984191+00,2026-10-03 08:46:21.876089+00
12550bd3-a564-4b56-af72-180b9ff9f2e5,/srv/fim-watch/gen_00016.txt,2026-10-03 08:41:25.084108+00,2026-10-03 08:46:21.884628+00
6fcd839c-667e-4ad5-813d-acab311cb0af,/srv/fim-watch/gen_00014.txt,2026-10-03 08:41:25.184344+00,2026-10-03 08:46:21.893026+00
4723ca74-bd74-48d5-ba95-27d2bd4a6b40,/srv/fim-watch/gen_00014.txt,2026-10-03 08:41:25.2837+00,2026-10-03 08:46:21.90238+00
a45efef4-d33d-4214-8023-fe78944e272b,/srv/fim-watch/gen_00014.txt,2026-10-03 08:41:25.38389+00,2026-10-03 08:46:21.911672+00
dde1a134-0809-4cd4-9c06-24fbc028eaa0,/srv/fim-watch/gen_00004.txt,2026-10-03 08:41:25.484237+00,2026-10-03 08:46:21.919856+00
f673ef72-fbea-47b6-b7b0-27b292b5474d,/srv/fim-watch/gen_00004.txt,2026-10-03 08:41:25.583997+00,2026-10-03 08:46:21.929467+00
c840f8d4-64ef-4829-b49e-fac0de6ed08f,/srv/fim-watch/gen_00014.txt,2026-10-03 08:41:25.684069+00,2026-10-03 08:46:21.939196+00
9a61c85d-cfdb-4817-857f-929a87b6cb11,/srv/fim-watch/gen_00016.txt,2026-10-03 08:41:25.784216+00,2026-10-03 08:46:21.947938+00
d6db335b-ed46-40fd-a105-9d5dbb1d5bb9,/srv/fim-watch/gen_00015.txt,2026-10-03 08:41:25.88465+00,2026-10-03 08:46:21.957372+00
a41f7204-b47b-4cd0-af5d-cd2c76df77e0,/srv/fim-watch/gen_00015.txt,2026-10-03 08:41:25.984692+00,2026-10-03 08:46:21.966668+00
07f4c867-188f-407e-953c-1a9d94fca5ab,/srv/fim-watch/gen_00017.txt,2026-10-03 08:41:26.084147+00,2026-10-03 08:46:21.9741+00
7bbbd7c3-0941-4ef8-a9bd-61708a5153cd,/srv/fim-watch/gen_00017.txt,2026-10-03 08:41:26.184162+00,2026-10-03 08:46:21.984175+00
63679adf-0d0e-403a-851d-46e930173ef7,/srv/fim-watch/gen_00006.txt,2026-10-03 08:41:26.284069+00,2026-10-03 08:46:21.996103+00
ff79429d-9654-49de-a743-c439d26e4f0d,/srv/fim-watch/gen_00006.txt,2026-10-03 08:41:26.384689+00,2026-10-03 08:46:22.009408+00
5e897b64-b3ce-451c-9c7c-33832ebed033,/srv/fim-watch/gen_00015.txt,2026-10-03 08:41:26.484504+00,2026-10-03 08:46:22.026613+00
b51d4bae-db4c-45a3-8527-bd1606dc019a,/srv/fim-watch/gen_00016.txt,2026-10-03 08:41:26.583631+00,2026-10-03 08:46:22.036002+00
efda7270-691d-4c0d-9ce7-9cf92a5b73bd,/srv/fim-watch/gen_00016.txt,2026-10-03 08:41:26.68429+00,2026-10-03 08:46:22.04526+00
d654e354-60bf-43a7-b0c8-cd1d17c36516,/srv/fim-watch/gen_00018.txt,2026-10-03 08:41:26.783496+00,2026-10-03 08:46:22.054225+00
36a0d72e-aa95-4580-b8a8-5b690f9eb8b2,/srv/fim-watch/gen_00008.txt,2026-10-03 08:41:26.884032+00,2026-10-03 08:46:22.064188+00
390b746c-b6a0-424a-a5ec-c94276f4a760,/srv/fim-watch/gen_00008.txt,2026-10-03 08:41:26.983968+00,2026-10-03 08:46:22.073454+00
1803e057-2bd3-4bb2-9438-a761e249def0,/srv/fim-watch/gen_00008.txt,2026-10-03 08:41:27.084244+00,2026-10-03 08:46:22.087878+00
b900781a-aa84-4c9b-8a83-cf14c53189cc,/srv/fim-watch/gen_00008.txt,2026-10-03 08:41:27.184078+00,2026-10-03 08:46:22.097261+00
f870d75c-5cc6-4686-9ab5-45ed1cef2d00,/srv/fim-watch/gen_00008.txt,2026-10-03 08:41:27.284075+00,2026-10-03 08:46:22.104978+00
87720f6a-0484-49dc-985d-b3051fae6070,/srv/fim-watch/gen_00011.txt,2026-10-03 08:41:27.384497+00,2026-10-03 08:46:22.114364+00
35882868-b540-483d-b5b2-58eb3f350412,/srv/fim-watch/gen_00013.txt,2026-10-03 08:41:27.484258+00,2026-10-03 08:46:22.121759+00
df4eb2e1-9cfd-480e-9c32-1c8a39236a52,/srv/fim-watch/gen_00013.txt,2026-10-03 08:41:27.58484+00,2026-10-03 08:46:22.130112+00
68d1097a-e963-4ed4-ab42-bbdc8bcd6ae6,/srv/fim-watch/gen_00013.txt,2026-10-03 08:41:27.684804+00,2026-10-03 08:46:22.138311+00
02f433d7-4846-46a0-a075-51fe1f1d0b4b,/srv/fim-watch/gen_00013.txt,2026-10-03 08:41:27.783617+00,2026-10-03 08:46:22.145325+00
711d4faa-1dfd-49c4-b7b4-c182506cca00,/srv/fim-watch/gen_00013.txt,2026-10-03 08:41:27.883504+00,2026-10-03 08:46:22.152847+00
d7370842-7f51-4d06-abf7-8a371f30f63a,/srv/fim-watch/gen_00013.txt,2026-10-03 08:41:27.983965+00,2026-10-03 08:46:22.160875+00
833c3d3b-a121-415c-99b8-65e8bcb7c417,/srv/fim-watch/gen_00019.txt,2026-10-03 08:41:28.083945+00,2026-10-03 08:46:22.169319+00
ae1bfaad-975d-4ec5-af0d-78c26bb42200,/srv/fim-watch/gen_00008.txt,2026-10-03 08:41:28.184157+00,2026-10-03 08:46:22.176624+00
73523d07-c0f1-472f-98a3-552f4b79e81a,/srv/fim-watch/gen_00020.txt,2026-10-03 08:41:28.283332+00,2026-10-03 08:46:22.186994+00
3fe5097f-cd22-4694-bb15-42125471baf2,/srv/fim-watch/gen_00018.txt,2026-10-03 08:41:28.384403+00,2026-10-03 08:46:22.199076+00
b3710117-7af3-4599-a09f-27a5d041296a,/srv/fim-watch/gen_00020.txt,2026-10-03 08:41:28.583479+00,2026-10-03 08:46:22.2107+00
5b53debc-dbe8-4764-8b6b-25047b443eab,/srv/fim-watch/gen_00018.txt,2026-10-03 08:41:28.684349+00,2026-10-03 08:46:22.222+00
81332304-887a-4146-9d14-efc68d9ffb24,/srv/fim-watch/gen_00015.txt,2026-10-03 08:41:28.783043+00,2026-10-03 08:46:22.234628+00
e192bbb9-4614-468a-b55d-530943d180ab,/srv/fim-watch/gen_00010.txt,2026-10-03 08:41:28.884301+00,2026-10-03 08:46:22.250694+00
be165218-e41d-44eb-8c98-370548267522,/srv/fim-watch/gen_00013.txt,2026-10-03 08:41:28.983513+00,2026-10-03 08:46:22.274962+00
c1f29ec6-5645-492e-943c-4c391908948d,/srv/fim-watch/gen_00013.txt,2026-10-03 08:41:29.083796+00,2026-10-03 08:46:22.292795+00
70222172-d868-4d49-9c2e-262efb057f38,/srv/fim-watch/gen_00021.txt,2026-10-03 08:41:29.183558+00,2026-10-03 08:46:22.30201+00
28d69e6f-02db-4c3c-af9b-249d525fb2e4,/srv/fim-watch/gen_00011.txt,2026-10-03 08:41:29.283488+00,2026-10-03 08:46:22.309966+00
5940ad41-2d69-4bcc-a6b2-3be894ca2a02,/srv/fim-watch/gen_00021.txt,2026-10-03 08:41:29.384167+00,2026-10-03 08:46:22.319889+00
7133fa06-82ce-469f-b90e-7f9e764fd11b,/srv/fim-watch/gen_00021.txt,2026-10-03 08:41:29.484334+00,2026-10-03 08:46:22.331717+00
538b03c7-80e3-4f28-9191-3fe5e3c3c034,/srv/fim-watch/gen_00022.txt,2026-10-03 08:41:29.584567+00,2026-10-03 08:46:22.344693+00
dfe6ae3f-42c7-4530-839a-db6872f3b753,/srv/fim-watch/critico/gen_00023.txt,2026-10-03 08:41:29.684083+00,2026-10-03 08:46:22.353953+00
36459a18-ae97-40e0-9db5-bce073db5f8b,/srv/fim-watch/gen_00022.txt,2026-10-03 08:41:29.783523+00,2026-10-03 08:46:22.361537+00
987ff414-1cbd-4847-9514-cb4615d46ae4,/srv/fim-watch/gen_00022.txt,2026-10-03 08:41:29.884518+00,2026-10-03 08:46:22.372878+00
860f4180-1bcc-492e-ad17-87af601fce95,/srv/fim-watch/gen_00022.txt,2026-10-03 08:41:29.984825+00,2026-10-03 08:46:22.394455+00
c9a3400a-c0a1-4a9c-8724-18ad01e2b516,/srv/fim-watch/gen_00022.txt,2026-10-03 08:41:30.084644+00,2026-10-03 08:46:22.409492+00
1f0a7271-feb1-4e8c-9fd8-c5bd906c48d8,/srv/fim-watch/gen_00022.txt,2026-10-03 08:41:30.184297+00,2026-10-03 08:46:22.421886+00
656e3c4b-ad1b-4d4d-883f-dd2a75188300,/srv/fim-watch/gen_00011.txt,2026-10-03 08:41:30.284097+00,2026-10-03 08:46:22.433384+00
9f1870e9-99ff-45a5-864e-d7739a7a785c,/srv/fim-watch/gen_00020.txt,2026-10-03 08:41:30.384548+00,2026-10-03 08:46:22.444345+00
0b2142d2-e6ea-4d11-a56c-9e4d261189ba,/srv/fim-watch/gen_00015.txt,2026-10-03 08:41:30.484822+00,2026-10-03 08:46:22.464367+00
33586d66-3840-4488-b77e-98ebb7048556,/srv/fim-watch/gen_00020.txt,2026-10-03 08:41:30.584269+00,2026-10-03 08:46:22.479071+00
ebb71552-f4de-4566-b88e-a1e666279d98,/srv/fim-watch/gen_00006.txt,2026-10-03 08:41:30.684616+00,2026-10-03 08:46:22.490882+00
6ed994eb-056a-4a97-be97-951ce0ad4fca,/srv/fim-watch/critico/gen_00023.txt,2026-10-03 08:41:30.784087+00,2026-10-03 08:46:22.50264+00
f8c7e360-32dd-4fd7-8d7d-f5b3e315d43b,/srv/fim-watch/gen_00018.txt,2026-10-03 08:41:30.884642+00,2026-10-03 08:46:22.510807+00
6d48c8af-9317-4619-817f-4233d9257ac7,/srv/fim-watch/gen_00011.txt,2026-10-03 08:41:30.984506+00,2026-10-03 08:46:22.521821+00
f737a442-4fd6-4a12-addb-92a88ae71e61,/srv/fim-watch/gen_00016.txt,2026-10-03 08:41:31.083848+00,2026-10-03 08:46:22.531435+00
aa38fef6-9058-42f7-a235-29f5b97d1fd1,/srv/fim-watch/gen_00024.txt,2026-10-03 08:41:31.184333+00,2026-10-03 08:46:22.541082+00
378aa399-fe62-435a-82b9-e2f191bde170,/srv/fim-watch/gen_00011.txt,2026-10-03 08:41:31.284077+00,2026-10-03 08:46:22.558799+00
fe6189a8-c3ff-44a6-a877-3d33beede9d5,/srv/fim-watch/gen_00018.txt,2026-10-03 08:41:31.384807+00,2026-10-03 08:46:22.569737+00
662c1a49-8257-452c-982e-08e65632452d,/srv/fim-watch/critico/gen_00025.txt,2026-10-03 08:41:31.483965+00,2026-10-03 08:46:22.582999+00
0b8e7b81-6d38-4d75-974a-ef72db49b43d,/srv/fim-watch/gen_00018.txt,2026-10-03 08:41:31.584234+00,2026-10-03 08:46:22.591481+00
332abf76-e5e0-40a7-9ef6-51a512867062,/srv/fim-watch/gen_00026.txt,2026-10-03 08:41:31.683263+00,2026-10-03 08:46:22.598514+00
27ea12ea-93cb-4c09-b1b7-f35bcc16172d,/srv/fim-watch/gen_00015.txt,2026-10-03 08:41:31.78414+00,2026-10-03 08:46:22.60894+00
1204d861-b39d-4957-a2a8-b865769d1688,/srv/fim-watch/gen_00020.txt,2026-10-03 08:41:31.884286+00,2026-10-03 08:46:22.621654+00
f2cadeee-6a96-44f8-9aee-00244ac9de0f,/srv/fim-watch/critico/gen_00023.txt,2026-10-03 08:41:31.984563+00,2026-10-03 08:46:22.634448+00
a2d8861c-0128-4c41-a5c5-2be01ce356e7,/srv/fim-watch/gen_00006.txt,2026-10-03 08:41:32.084597+00,2026-10-03 08:46:22.642899+00
6398f824-8a78-4036-bfad-fa242a8cbd00,/srv/fim-watch/gen_00026.txt,2026-10-03 08:41:32.184361+00,2026-10-03 08:46:22.649557+00
29abd079-a83a-4e7c-be89-99b20d9e9f4a,/srv/fim-watch/gen_00018.txt,2026-10-03 08:41:32.283944+00,2026-10-03 08:46:22.657249+00
eb925f6b-ce44-496c-8889-a2d68cd1f191,/srv/fim-watch/gen_00018.txt,2026-10-03 08:41:32.384333+00,2026-10-03 08:46:22.665774+00
fbbc053a-4eeb-4d8c-bcd5-9c44d5dfad4e,/srv/fim-watch/gen_00027.txt,2026-10-03 08:41:32.484321+00,2026-10-03 08:46:22.677015+00
8bfb5eca-9302-476a-a068-2a3fa68f3e60,/srv/fim-watch/gen_00026.txt,2026-10-03 08:41:32.584705+00,2026-10-03 08:46:22.710952+00
a2593d65-ba0a-4216-8c2b-3a64cabdbd34,/srv/fim-watch/critico/gen_00025.txt,2026-10-03 08:41:32.684254+00,2026-10-03 08:46:22.724656+00
d0ab856d-a8bb-4457-9710-e827ed590267,/srv/fim-watch/gen_00020.txt,2026-10-03 08:41:32.784191+00,2026-10-03 08:46:22.739757+00
11bbff3d-9144-408d-8c0a-6841a6fc26b2,/srv/fim-watch/gen_00019.txt,2026-10-03 08:41:32.884522+00,2026-10-03 08:46:22.752259+00
a43bb1e5-260d-4ce1-bce2-820880674f00,/srv/fim-watch/gen_00019.txt,2026-10-03 08:41:32.983579+00,2026-10-03 08:46:22.762906+00
4efe5198-7c51-4260-870c-99ac8bc60537,/srv/fim-watch/gen_00019.txt,2026-10-03 08:41:33.083471+00,2026-10-03 08:46:22.777677+00
767212dc-e20e-472a-b8f7-40ae356bb74c,/srv/fim-watch/gen_00019.txt,2026-10-03 08:41:33.183949+00,2026-10-03 08:46:22.788825+00
2b94c4ff-5ee4-4fad-8d51-909846b385b9,/srv/fim-watch/gen_00019.txt,2026-10-03 08:41:33.283961+00,2026-10-03 08:46:22.798828+00
f51a189b-8945-4c22-b3f3-534540b6da18,/srv/fim-watch/gen_00020.txt,2026-10-03 08:41:33.384118+00,2026-10-03 08:46:22.813254+00
09bed122-8c32-48dd-8ab9-6b8f49490755,/srv/fim-watch/gen_00026.txt,2026-10-03 08:41:33.484295+00,2026-10-03 08:46:22.825356+00
2b8a51d9-8039-4274-a8c0-3ab61ff11848,/srv/fim-watch/gen_00027.txt,2026-10-03 08:41:33.584172+00,2026-10-03 08:46:22.836816+00
8cebaa07-c5a2-4fa1-86e5-03ddc4314f77,/srv/fim-watch/gen_00020.txt,2026-10-03 08:41:33.684103+00,2026-10-03 08:46:22.857532+00
3204b1fc-9deb-480e-b918-1c2ed04620e6,/srv/fim-watch/gen_00028.txt,2026-10-03 08:41:33.784082+00,2026-10-03 08:46:22.871139+00
9cc1df99-8c96-427c-93fe-450bd3a6ba0b,/srv/fim-watch/gen_00020.txt,2026-10-03 08:41:33.884559+00,2026-10-03 08:46:22.891791+00
545cc6e8-ef95-4665-a35c-d2e80bd827f3,/srv/fim-watch/gen_00024.txt,2026-10-03 08:41:33.984636+00,2026-10-03 08:46:22.903548+00
a325ea51-8587-404e-b888-c59640c20f7d,/srv/fim-watch/gen_00029.txt,2026-10-03 08:41:34.084237+00,2026-10-03 08:46:22.913044+00
7ee747f1-f8dc-48e9-9cc5-33adeb8542d8,/srv/fim-watch/gen_00028.txt,2026-10-03 08:41:34.18445+00,2026-10-03 08:46:22.927785+00
66c5d4a7-5a8e-4fb5-8591-2dad049eaa34,/srv/fim-watch/critico/gen_00025.txt,2026-10-03 08:41:34.28381+00,2026-10-03 08:46:22.951747+00
d6f9abe3-5197-4990-962f-f39efa2d2bc1,/srv/fim-watch/gen_00024.txt,2026-10-03 08:41:34.384341+00,2026-10-03 08:46:22.976696+00
cc11430a-cd56-4f71-b979-121dab171092,/srv/fim-watch/gen_00030.txt,2026-10-03 08:41:34.483692+00,2026-10-03 08:46:22.990589+00
61ec5822-4b93-4792-b0c7-1aa2b645184a,/srv/fim-watch/gen_00022.txt,2026-10-03 08:41:34.584295+00,2026-10-03 08:46:23.01684+00
577a07fd-998e-40b1-abae-9c9e6f397a9b,/srv/fim-watch/gen_00031.txt,2026-10-03 08:41:34.684253+00,2026-10-03 08:46:23.030806+00
95823815-215f-4232-bb65-dd82bd5ffc8e,/srv/fim-watch/gen_00032.txt,2026-10-03 08:41:34.784037+00,2026-10-03 08:46:23.04703+00
b8ab5dcb-5ff4-4310-b8cb-e3abf333d5f3,/srv/fim-watch/gen_00032.txt,2026-10-03 08:41:34.88423+00,2026-10-03 08:46:23.059814+00
ebab9565-78a1-4068-ba3a-af4879c2dc20,/srv/fim-watch/gen_00027.txt,2026-10-03 08:41:34.984458+00,2026-10-03 08:46:23.099817+00
07846f56-9db9-41fa-ae9b-b3c26d524c39,/srv/fim-watch/gen_00024.txt,2026-10-03 08:41:35.084159+00,2026-10-03 08:46:23.112855+00
c8bd3dc9-7746-4093-b146-95da4dcc647a,/srv/fim-watch/gen_00006.txt,2026-10-03 08:41:35.183469+00,2026-10-03 08:46:23.140312+00
b58e946c-68ff-4431-9107-8cc9ee3e2b0f,/srv/fim-watch/gen_00033.txt,2026-10-03 08:41:35.284032+00,2026-10-03 08:46:23.161639+00
91138680-e8b3-4623-888a-5298e5e87289,/srv/fim-watch/gen_00029.txt,2026-10-03 08:41:35.384104+00,2026-10-03 08:46:23.171525+00
5dc3df3f-f825-4312-9e9f-399ab33ca8eb,/srv/fim-watch/gen_00006.txt,2026-10-03 08:41:35.484515+00,2026-10-03 08:46:23.179604+00
284872da-d996-475b-810a-ec44bb6ef48b,/srv/fim-watch/gen_00027.txt,2026-10-03 08:41:35.584505+00,2026-10-03 08:46:23.191586+00
3a533be4-2ec2-49f4-a5d3-71e7d278d00c,/srv/fim-watch/gen_00027.txt,2026-10-03 08:41:35.684117+00,2026-10-03 08:46:23.198739+00
9e6d9b7e-86f5-4cca-a72b-1a40e6836ea8,/srv/fim-watch/critico/gen_00025.txt,2026-10-03 08:41:35.784056+00,2026-10-03 08:46:23.208182+00
13b33b5c-e7a0-449e-a81f-4fb8c3d50e30,/srv/fim-watch/critico/gen_00025.txt,2026-10-03 08:41:35.884478+00,2026-10-03 08:46:23.216348+00
282f6402-b135-4c5e-92c2-ce0fd038f7c0,/srv/fim-watch/critico/gen_00025.txt,2026-10-03 08:41:35.984298+00,2026-10-03 08:46:23.234868+00
781ca3d0-091f-44f7-b5f5-2c146a327f6e,/srv/fim-watch/critico/gen_00025.txt,2026-10-03 08:41:36.084203+00,2026-10-03 08:46:23.246648+00
0971321b-46e0-4857-b426-4691025ac7e3,/srv/fim-watch/critico/gen_00025.txt,2026-10-03 08:41:36.184704+00,2026-10-03 08:46:23.26375+00
176ea655-36f9-4c8d-ae38-444d68b0aebd,/srv/fim-watch/gen_00034.txt,2026-10-03 08:41:36.283874+00,2026-10-03 08:46:23.274318+00
5f44e9be-f0d6-4a6d-95f4-57b5fdef34eb,/srv/fim-watch/gen_00034.txt,2026-10-03 08:41:36.384595+00,2026-10-03 08:46:23.283152+00
b22d2e61-8c3f-4dc3-ab43-924291acb90b,/srv/fim-watch/gen_00035.txt,2026-10-03 08:41:36.484445+00,2026-10-03 08:46:23.291196+00
8c69e715-3b1b-4168-8307-4c7eb8de5617,/srv/fim-watch/gen_00024.txt,2026-10-03 08:41:36.58454+00,2026-10-03 08:46:23.30145+00
427484cc-84d5-4437-9bdf-f305ad4159aa,/srv/fim-watch/gen_00035.txt,2026-10-03 08:41:36.683538+00,2026-10-03 08:46:23.308466+00
1e453cc6-90d6-453a-8b4e-70ef9e42c44b,/srv/fim-watch/gen_00031.txt,2026-10-03 08:41:36.783832+00,2026-10-03 08:46:23.315541+00
0f6bb4ba-8770-4535-99ad-ec740832172e,/srv/fim-watch/gen_00033.txt,2026-10-03 08:41:36.883257+00,2026-10-03 08:46:23.322687+00
903f5978-5649-4876-8bc6-d6d17e8186a9,/srv/fim-watch/gen_00033.txt,2026-10-03 08:41:36.9842+00,2026-10-03 08:46:23.331311+00
63219794-5481-4bcf-98e0-9107dff72f5e,/srv/fim-watch/gen_00029.txt,2026-10-03 08:41:37.084108+00,2026-10-03 08:46:23.339536+00
3dc50a2f-7c11-44ed-a542-12bc759b5db6,/srv/fim-watch/gen_00029.txt,2026-10-03 08:41:37.18384+00,2026-10-03 08:46:23.347623+00
06076c0a-d882-4da6-bda7-6c232a78a817,/srv/fim-watch/gen_00029.txt,2026-10-03 08:41:37.284183+00,2026-10-03 08:46:23.354041+00
81145962-abfb-4f09-ac25-044596cfd3a6,/srv/fim-watch/gen_00029.txt,2026-10-03 08:41:37.384183+00,2026-10-03 08:46:23.360748+00
5845dc9e-381b-484f-b55a-7234013415cf,/srv/fim-watch/gen_00029.txt,2026-10-03 08:41:37.484027+00,2026-10-03 08:46:23.36756+00
f0cfcfea-a7a0-4f27-b1b6-04c6bca4bcee,/srv/fim-watch/gen_00022.txt,2026-10-03 08:41:37.583933+00,2026-10-03 08:46:23.377321+00
74ed449d-0436-445d-b5a8-c288faec850d,/srv/fim-watch/gen_00013.txt,2026-10-03 08:41:37.684322+00,2026-10-03 08:46:23.385248+00
540e73a1-2cbb-4592-ab58-c97673589d9e,/srv/fim-watch/gen_00024.txt,2026-10-03 08:41:37.784225+00,2026-10-03 08:46:23.391498+00
8544cf34-89aa-4e18-a834-124ff8d0539c,/srv/fim-watch/gen_00006.txt,2026-10-03 08:41:37.884519+00,2026-10-03 08:46:23.397951+00
dd2c36ba-abed-4cdb-88e0-f88cafb8b072,/srv/fim-watch/gen_00036.txt,2026-10-03 08:41:37.98447+00,2026-10-03 08:46:23.40558+00
b2378648-5a95-4cc0-88f2-e00c06970b09,/srv/fim-watch/gen_00030.txt,2026-10-03 08:41:38.083948+00,2026-10-03 08:46:23.41338+00
20e98eea-75fa-4c9d-a2f2-170526cf2dc1,/srv/fim-watch/gen_00024.txt,2026-10-03 08:41:38.184386+00,2026-10-03 08:46:23.420307+00
c63dc89f-34d5-4edc-b2e6-f87b46981247,/srv/fim-watch/gen_00011.txt,2026-10-03 08:41:38.283961+00,2026-10-03 08:46:23.428855+00
60b7c2ac-5876-43c2-a6f4-269aae6b4a8e,/srv/fim-watch/gen_00028.txt,2026-10-03 08:41:38.38411+00,2026-10-03 08:46:23.437344+00
4b05cbb5-22e4-42a9-878a-0e38fe85bf27,/srv/fim-watch/gen_00028.txt,2026-10-03 08:41:38.484556+00,2026-10-03 08:46:23.446939+00
8f27f3dc-3623-4ae9-a26b-5b460b2c83e9,/srv/fim-watch/gen_00016.txt,2026-10-03 08:41:38.584215+00,2026-10-03 08:46:23.460905+00
d42ac65c-c7c4-4d2d-8257-2e1db78c22db,/srv/fim-watch/gen_00016.txt,2026-10-03 08:41:38.683391+00,2026-10-03 08:46:23.476872+00
0db577dd-c9a8-4f15-9617-7280938b5385,/srv/fim-watch/gen_00029.txt,2026-10-03 08:41:38.784504+00,2026-10-03 08:46:23.484713+00
70863fcf-7e7f-4a2c-bcfd-e811264ebc23,/srv/fim-watch/critico/gen_00037.txt,2026-10-03 08:41:38.884103+00,2026-10-03 08:46:23.493041+00
e080e45a-d854-4635-bd0b-47bd01aa1874,/srv/fim-watch/gen_00024.txt,2026-10-03 08:41:38.984449+00,2026-10-03 08:46:23.50686+00
2b6f9510-5207-4428-b06e-6f379739986f,/srv/fim-watch/gen_00024.txt,2026-10-03 08:41:39.084275+00,2026-10-03 08:46:23.516492+00
7c689d1c-caf7-4153-87cd-fb463ac9b3d0,/srv/fim-watch/gen_00024.txt,2026-10-03 08:41:39.183973+00,2026-10-03 08:46:23.524733+00
12b410f3-7117-4b38-9cbc-f9a49eb06cf6,/srv/fim-watch/gen_00024.txt,2026-10-03 08:41:39.283314+00,2026-10-03 08:46:23.532925+00
617c8eb5-943c-4431-97f7-59520a6a07e2,/srv/fim-watch/gen_00024.txt,2026-10-03 08:41:39.383845+00,2026-10-03 08:46:23.540374+00
a7562fbf-b884-43dd-a0a2-0d20e72d5c4a,/srv/fim-watch/gen_00038.txt,2026-10-03 08:41:39.484563+00,2026-10-03 08:46:23.546344+00
1af33f46-e43e-43e2-8d4a-dcdb97d70b4e,/srv/fim-watch/gen_00031.txt,2026-10-03 08:41:39.584094+00,2026-10-03 08:46:23.553422+00
4f00f2b1-9af6-4116-969d-74f5276772a6,/srv/fim-watch/gen_00039.txt,2026-10-03 08:41:39.684184+00,2026-10-03 08:46:23.560484+00
1bab196a-5b8a-4ebe-af18-7779b820119b,/srv/fim-watch/gen_00040.txt,2026-10-03 08:41:39.784027+00,2026-10-03 08:46:23.567406+00
6a14431d-5a8b-4d64-80e7-f1b57ba2fb42,/srv/fim-watch/gen_00041.txt,2026-10-03 08:41:39.884116+00,2026-10-03 08:46:23.575815+00
7b83ebf6-008f-48fb-8d87-28c3407861a1,/srv/fim-watch/gen_00041.txt,2026-10-03 08:41:39.984266+00,2026-10-03 08:46:23.588297+00
7ca9537a-0a19-4775-a166-8627c9d07949,/srv/fim-watch/gen_00036.txt,2026-10-03 08:41:40.084161+00,2026-10-03 08:46:23.594745+00
9046e73e-a5de-4578-8a5a-5952fa8926aa,/srv/fim-watch/gen_00042.txt,2026-10-03 08:41:40.184156+00,2026-10-03 08:46:23.600994+00
bdb12b19-cb8c-49d6-ba17-9e2cb1710fec,/srv/fim-watch/gen_00043.txt,2026-10-03 08:41:40.284033+00,2026-10-03 08:46:23.607227+00
afe63071-57d7-4c69-a757-54572bb79feb,/srv/fim-watch/critico/gen_00037.txt,2026-10-03 08:41:40.38383+00,2026-10-03 08:46:23.614253+00
10acdbbb-2630-46f4-a8e2-7632109a4848,/srv/fim-watch/gen_00031.txt,2026-10-03 08:41:40.484117+00,2026-10-03 08:46:23.622595+00
449cec79-926a-4c5f-8c2c-e8f27af01563,/srv/fim-watch/gen_00031.txt,2026-10-03 08:41:40.584378+00,2026-10-03 08:46:23.632177+00
0d1cf30b-ff0b-4b36-8c7d-bd81cc07c781,/srv/fim-watch/gen_00031.txt,2026-10-03 08:41:40.684006+00,2026-10-03 08:46:23.641249+00
9be6144c-8040-4966-a891-952ae8177ca7,/srv/fim-watch/gen_00031.txt,2026-10-03 08:41:40.783992+00,2026-10-03 08:46:23.655414+00
5036585b-7a05-425c-b5fc-d88d1ce38a97,/srv/fim-watch/gen_00031.txt,2026-10-03 08:41:40.884178+00,2026-10-03 08:46:23.664566+00
8b4b3099-1def-4892-b58c-c6c034aad26d,/srv/fim-watch/gen_00028.txt,2026-10-03 08:41:40.984209+00,2026-10-03 08:46:23.679553+00
792f39c8-43da-4e68-871a-8c9b87c59418,/srv/fim-watch/gen_00029.txt,2026-10-03 08:41:41.084296+00,2026-10-03 08:46:23.689752+00
90041a98-4369-448c-9fae-9682050b4382,/srv/fim-watch/gen_00042.txt,2026-10-03 08:41:41.184217+00,2026-10-03 08:46:23.69872+00
a86e75a1-7086-447d-8658-00d9b2a49a70,/srv/fim-watch/gen_00027.txt,2026-10-03 08:41:41.283449+00,2026-10-03 08:46:23.707957+00
d5818a8a-bbfb-4e50-8415-39ae3d0f05f6,/srv/fim-watch/gen_00038.txt,2026-10-03 08:41:41.383593+00,2026-10-03 08:46:23.718453+00
da49999f-4386-4ed5-8ce0-f6076f14901b,/srv/fim-watch/critico/gen_00023.txt,2026-10-03 08:41:41.484509+00,2026-10-03 08:46:23.728686+00
d3a95ef3-9f17-4954-9685-5dd252955292,/srv/fim-watch/gen_00011.txt,2026-10-03 08:41:41.584282+00,2026-10-03 08:46:23.739801+00
c68bd28e-fc80-46de-afa6-d696969d083c,/srv/fim-watch/gen_00011.txt,2026-10-03 08:41:41.683587+00,2026-10-03 08:46:23.748839+00
4d510213-c9e8-4f4a-a9e7-6a52bd6d0c2d,/srv/fim-watch/gen_00011.txt,2026-10-03 08:41:41.78353+00,2026-10-03 08:46:23.757809+00
effcaa17-2409-49e2-8191-b320b09c25d1,/srv/fim-watch/gen_00011.txt,2026-10-03 08:41:41.883999+00,2026-10-03 08:46:23.763729+00
c759a71d-dae2-495c-ba30-9eb6b19a80a2,/srv/fim-watch/gen_00011.txt,2026-10-03 08:41:41.984567+00,2026-10-03 08:46:23.774998+00
d2a2ff00-feba-4051-a73b-18699dcd7121,/srv/fim-watch/gen_00022.txt,2026-10-03 08:41:42.084785+00,2026-10-03 08:46:23.782192+00
934ee69a-3364-4cc2-afda-2e8bf5511970,/srv/fim-watch/gen_00022.txt,2026-10-03 08:41:42.184196+00,2026-10-03 08:46:23.7903+00
6bb5b11a-f661-4895-bb29-914986721082,/srv/fim-watch/critico/gen_00023.txt,2026-10-03 08:41:42.284153+00,2026-10-03 08:46:23.797877+00
72af8bd3-7fe6-40c3-b2d8-cead341e399f,/srv/fim-watch/gen_00027.txt,2026-10-03 08:41:42.384341+00,2026-10-03 08:46:23.805911+00
00787051-b62e-4236-9e55-1ce252cdc6b8,/srv/fim-watch/gen_00031.txt,2026-10-03 08:41:42.484435+00,2026-10-03 08:46:23.811926+00
b593eece-87a5-4e70-a933-a5f2522ada90,/srv/fim-watch/gen_00029.txt,2026-10-03 08:41:42.584195+00,2026-10-03 08:46:23.819364+00
4372d43c-c4fc-4895-a31f-b2050737a2ec,/srv/fim-watch/gen_00011.txt,2026-10-03 08:41:42.684227+00,2026-10-03 08:46:23.826325+00
e5e5150e-71f3-48c4-95e9-034151751db2,/srv/fim-watch/gen_00044.txt,2026-10-03 08:41:42.78444+00,2026-10-03 08:46:23.832369+00
37512075-7c73-4cdf-bae9-4db44349ce39,/srv/fim-watch/critico/gen_00037.txt,2026-10-03 08:41:42.886279+00,2026-10-03 08:46:23.839246+00
9479fa04-32f2-484c-96b8-83dea2f2339e,/srv/fim-watch/gen_00016.txt,2026-10-03 08:41:42.984491+00,2026-10-03 08:46:23.848566+00
9ccf4838-9059-4dd3-865a-47751a8b73c5,/srv/fim-watch/gen_00042.txt,2026-10-03 08:41:43.083623+00,2026-10-03 08:46:23.859744+00
8778b019-178e-4cd5-b160-9e2c2397cf5a,/srv/fim-watch/critico/gen_00023.txt,2026-10-03 08:41:43.184048+00,2026-10-03 08:46:23.875701+00
48a49a2a-2662-4aba-870e-2b4e7d6cfe08,/srv/fim-watch/gen_00011.txt,2026-10-03 08:41:43.283379+00,2026-10-03 08:46:23.885023+00
8855b5cd-ed4e-42e9-a09a-08111e3333ee,/srv/fim-watch/gen_00013.txt,2026-10-03 08:41:43.384185+00,2026-10-03 08:46:23.89211+00
cea9ea26-2940-4cb6-8979-a9cc3d0e36fa,/srv/fim-watch/gen_00013.txt,2026-10-03 08:41:43.484387+00,2026-10-03 08:46:23.904923+00
c4ca021e-1678-4378-b498-fb1ffac272b7,/srv/fim-watch/gen_00036.txt,2026-10-03 08:41:43.58413+00,2026-10-03 08:46:23.926513+00
a7900310-0cd0-43d2-8dba-045a9bdf7067,/srv/fim-watch/gen_00036.txt,2026-10-03 08:41:43.684442+00,2026-10-03 08:46:23.935296+00
76d1b7ef-63cc-4221-ac62-6f64c07aa6d4,/srv/fim-watch/gen_00024.txt,2026-10-03 08:41:43.784287+00,2026-10-03 08:46:23.945567+00
bff15c3f-10f7-48c2-a1b9-bc74284f1fb3,/srv/fim-watch/gen_00045.txt,2026-10-03 08:41:43.884339+00,2026-10-03 08:46:23.954389+00
acffd7f5-d5f7-4d5a-9827-d61f8680953e,/srv/fim-watch/gen_00046.txt,2026-10-03 08:41:43.984555+00,2026-10-03 08:46:23.963692+00
26b6c426-63b3-4c27-b4b8-6950dd39f8d7,/srv/fim-watch/gen_00022.txt,2026-10-03 08:41:44.084105+00,2026-10-03 08:46:23.97219+00
f37ac976-9f00-4927-a42e-d82d74dd5a69,/srv/fim-watch/gen_00013.txt,2026-10-03 08:41:44.184192+00,2026-10-03 08:46:23.982951+00
9fb62618-df59-4944-888b-61cedb99961e,/srv/fim-watch/gen_00035.txt,2026-10-03 08:41:44.283976+00,2026-10-03 08:46:23.994269+00
4990026d-7976-41c7-8590-3a04a69b0386,/srv/fim-watch/gen_00033.txt,2026-10-03 08:41:44.383475+00,2026-10-03 08:46:24.006678+00
9083c68a-522e-43ca-a404-7ec98e411503,/srv/fim-watch/gen_00036.txt,2026-10-03 08:41:44.484646+00,2026-10-03 08:46:24.018644+00
c8772f1e-87fa-4542-a6a3-3e10b6f03be0,/srv/fim-watch/critico/gen_00047.txt,2026-10-03 08:41:44.584034+00,2026-10-03 08:46:24.029279+00
ab19d790-680c-4e02-940b-419b01e309c2,/srv/fim-watch/critico/gen_00047.txt,2026-10-03 08:41:44.684851+00,2026-10-03 08:46:24.049437+00
8315a720-ee5d-4804-b74d-0906425dc52a,/srv/fim-watch/gen_00039.txt,2026-10-03 08:41:44.784302+00,2026-10-03 08:46:24.062944+00
2ba7eb48-5a67-4170-9367-1f519d03db1d,/srv/fim-watch/gen_00043.txt,2026-10-03 08:41:44.88422+00,2026-10-03 08:46:24.072733+00
094bc537-4e12-4440-90fb-31850707ece3,/srv/fim-watch/gen_00029.txt,2026-10-03 08:41:44.983921+00,2026-10-03 08:46:24.094701+00
c1d1277a-f9eb-40a7-a68a-4fd0932b1dab,/srv/fim-watch/gen_00048.txt,2026-10-03 08:41:45.084125+00,2026-10-03 08:46:24.103543+00
19171291-3575-4337-8172-8e1f0f5a7a82,/srv/fim-watch/gen_00043.txt,2026-10-03 08:41:45.183978+00,2026-10-03 08:46:24.119253+00
571b2534-01f6-4ecc-bf74-a2b23701ab19,/srv/fim-watch/gen_00006.txt,2026-10-03 08:41:45.284305+00,2026-10-03 08:46:24.129954+00
48df757c-626c-4865-8f75-60713a22c57b,/srv/fim-watch/gen_00046.txt,2026-10-03 08:41:45.383855+00,2026-10-03 08:46:24.148049+00
31d705fc-52a8-49f8-b294-dee47d1b85a1,/srv/fim-watch/gen_00031.txt,2026-10-03 08:41:45.484333+00,2026-10-03 08:46:24.15666+00
8555d6e9-dcf9-485d-bb7b-895f31e4fd7d,/srv/fim-watch/gen_00049.txt,2026-10-03 08:41:45.583662+00,2026-10-03 08:46:24.164619+00
5f0188a6-c045-4683-998c-e0738bd1f56f,/srv/fim-watch/gen_00036.txt,2026-10-03 08:41:45.683996+00,2026-10-03 08:46:24.17208+00
681e00ef-6864-47b9-a29e-2e836c17c6dc,/srv/fim-watch/gen_00050.txt,2026-10-03 08:41:45.78405+00,2026-10-03 08:46:24.181103+00
fbeece1a-2643-4c15-87f1-4a33afc58af2,/srv/fim-watch/critico/gen_00051.txt,2026-10-03 08:41:45.88373+00,2026-10-03 08:46:24.190458+00
1e2399b0-9704-4206-b2ce-c6928c21c155,/srv/fim-watch/gen_00044.txt,2026-10-03 08:41:45.984114+00,2026-10-03 08:46:24.200313+00
a856ace4-2d8c-45f5-b136-f582eb4482b0,/srv/fim-watch/gen_00044.txt,2026-10-03 08:41:46.084021+00,2026-10-03 08:46:24.216834+00
e908bd8b-3f04-4dde-9464-01ca7e4564a6,/srv/fim-watch/gen_00020.txt,2026-10-03 08:41:46.184358+00,2026-10-03 08:46:24.224885+00
639d6bbe-7aac-4745-a870-9cb3567542a0,/srv/fim-watch/gen_00045.txt,2026-10-03 08:41:46.284579+00,2026-10-03 08:46:24.249648+00
0e8611c8-0e74-44ec-8ec1-f2a87e81c9a3,/srv/fim-watch/gen_00042.txt,2026-10-03 08:41:46.384477+00,2026-10-03 08:46:24.260621+00
8771ebbe-3f57-41d2-b738-e6d50c1bcdf6,/srv/fim-watch/gen_00042.txt,2026-10-03 08:41:46.484307+00,2026-10-03 08:46:24.268598+00
75f4fc23-bb6d-45f0-9b1d-2ac19758de7e,/srv/fim-watch/critico/gen_00025.txt,2026-10-03 08:41:46.584102+00,2026-10-03 08:46:24.276784+00
978d622b-bfad-4c6f-9361-81172a7ae6ad,/srv/fim-watch/gen_00043.txt,2026-10-03 08:41:46.684503+00,2026-10-03 08:46:24.28625+00
9ed8fc8c-8937-4e4b-825f-909b795b3e03,/srv/fim-watch/gen_00011.txt,2026-10-03 08:41:46.783874+00,2026-10-03 08:46:24.294318+00
c50fdd28-e5ab-44bc-b87b-1b06bf1072e8,/srv/fim-watch/gen_00052.txt,2026-10-03 08:41:46.884108+00,2026-10-03 08:46:24.304263+00
6b2f8218-2a34-42aa-b421-3cf2379fff76,/srv/fim-watch/critico/gen_00053.txt,2026-10-03 08:41:46.983731+00,2026-10-03 08:46:24.311998+00
82d72a47-911f-43d0-86ee-47dc4018583d,/srv/fim-watch/critico/gen_00047.txt,2026-10-03 08:41:47.084028+00,2026-10-03 08:46:24.319792+00
4c3d8209-112f-47b2-94f6-308b81aa5cdc,/srv/fim-watch/gen_00022.txt,2026-10-03 08:41:47.184301+00,2026-10-03 08:46:24.326515+00
a9af30eb-7596-43b2-9b98-1a6fbc475605,/srv/fim-watch/gen_00054.txt,2026-10-03 08:41:47.283947+00,2026-10-03 08:46:24.339388+00
670a8a4b-a6f4-4fa1-958e-b6c41976c729,/srv/fim-watch/gen_00055.txt,2026-10-03 08:41:47.38371+00,2026-10-03 08:46:24.357675+00
52fd392a-e81c-422d-9ce4-3a06a8f4db02,/srv/fim-watch/gen_00042.txt,2026-10-03 08:41:47.484472+00,2026-10-03 08:46:24.372665+00
5ae30755-aae4-4016-92a7-208fca7f5d45,/srv/fim-watch/critico/gen_00051.txt,2026-10-03 08:41:47.584196+00,2026-10-03 08:46:24.381891+00
ce508e80-047e-42dc-8f94-7ead0f52bbd9,/srv/fim-watch/critico/gen_00051.txt,2026-10-03 08:41:47.684356+00,2026-10-03 08:46:24.392413+00
44d7e598-bee2-46a6-be54-86d5fdaedeba,/srv/fim-watch/critico/gen_00051.txt,2026-10-03 08:41:47.784716+00,2026-10-03 08:46:24.401378+00
821e8051-467c-4163-a317-45250636601d,/srv/fim-watch/critico/gen_00051.txt,2026-10-03 08:41:47.884554+00,2026-10-03 08:46:24.410855+00
78b97f74-e832-4027-90a6-4440aaa4d1ca,/srv/fim-watch/critico/gen_00051.txt,2026-10-03 08:41:47.984603+00,2026-10-03 08:46:24.418946+00
83749600-72aa-4745-8814-0b30f1d056e1,/srv/fim-watch/gen_00056.txt,2026-10-03 08:41:48.084021+00,2026-10-03 08:46:24.433983+00
2fd61a55-ea23-4a6e-96b2-ac0e351284f3,/srv/fim-watch/gen_00057.txt,2026-10-03 08:41:48.183497+00,2026-10-03 08:46:24.443566+00
95e266df-4ee5-4708-98cf-2707bb6eec7c,/srv/fim-watch/gen_00058.txt,2026-10-03 08:41:48.284086+00,2026-10-03 08:46:24.458662+00
b8095bc6-fba8-498d-80e7-53c0e83ac814,/srv/fim-watch/critico/gen_00047.txt,2026-10-03 08:41:48.384687+00,2026-10-03 08:46:24.468876+00
9db589f4-0eab-4160-b9eb-36f9fa65c2ba,/srv/fim-watch/critico/gen_00047.txt,2026-10-03 08:41:48.484561+00,2026-10-03 08:46:24.477164+00
85383614-6f83-47d5-b806-368a25ced951,/srv/fim-watch/gen_00054.txt,2026-10-03 08:41:48.584319+00,2026-10-03 08:46:24.486252+00
b3ce2215-206b-429e-94c3-02ae2d4fbd13,/srv/fim-watch/gen_00054.txt,2026-10-03 08:41:48.684165+00,2026-10-03 08:46:24.49607+00
a5d89e1b-e435-46ab-b190-6e6aa53d6c51,/srv/fim-watch/gen_00054.txt,2026-10-03 08:41:48.783623+00,2026-10-03 08:46:24.502941+00
a39fdaf1-2d5f-40e2-8f90-0f8012e7dbfb,/srv/fim-watch/critico/gen_00053.txt,2026-10-03 08:41:48.884565+00,2026-10-03 08:46:24.509249+00
435d8c69-ee2a-4f8f-9e65-197c01f017bb,/srv/fim-watch/critico/gen_00053.txt,2026-10-03 08:41:48.984933+00,2026-10-03 08:46:24.515772+00
ecaee6af-388b-4dd5-ba41-f9e4eb4817e5,/srv/fim-watch/critico/gen_00053.txt,2026-10-03 08:41:49.084166+00,2026-10-03 08:46:24.527022+00
81d6fc09-e021-44a9-91f1-1e0aba037f2a,/srv/fim-watch/critico/gen_00053.txt,2026-10-03 08:41:49.184331+00,2026-10-03 08:46:24.540186+00
de60a0e7-101c-49fb-8b26-4100f72ade62,/srv/fim-watch/critico/gen_00053.txt,2026-10-03 08:41:49.284631+00,2026-10-03 08:46:24.55872+00
7fd019f1-0557-4a17-9d57-c043e0dfa0f4,/srv/fim-watch/critico/gen_00025.txt,2026-10-03 08:41:49.383824+00,2026-10-03 08:46:24.568984+00
f64c3071-95da-40eb-95c7-a7472d6e4190,/srv/fim-watch/gen_00011.txt,2026-10-03 08:41:49.483968+00,2026-10-03 08:46:24.584282+00
d04c447d-b960-4a06-8426-82eae2736d6c,/srv/fim-watch/gen_00011.txt,2026-10-03 08:41:49.584559+00,2026-10-03 08:46:24.601489+00
e53d7709-9c62-4091-973e-1101bcf5fc38,/srv/fim-watch/gen_00044.txt,2026-10-03 08:41:49.684119+00,2026-10-03 08:46:24.613946+00
3078ac04-f797-4c60-94c6-8dd1e13d5899,/srv/fim-watch/gen_00054.txt,2026-10-03 08:41:49.784505+00,2026-10-03 08:46:24.629444+00
6c5cac8b-97da-4e17-9351-d2c5fbea3804,/srv/fim-watch/gen_00036.txt,2026-10-03 08:41:49.884444+00,2026-10-03 08:46:24.643817+00
5ca52f28-c21f-4e18-a3d7-5162ce0858c5,/srv/fim-watch/gen_00052.txt,2026-10-03 08:41:49.984102+00,2026-10-03 08:46:24.656936+00
92855cc6-b321-43eb-9fee-6a0aafac0c4a,/srv/fim-watch/gen_00022.txt,2026-10-03 08:41:50.084015+00,2026-10-03 08:46:24.666032+00
e0400f51-7bb8-4362-9559-0cdadfdbe344,/srv/fim-watch/gen_00044.txt,2026-10-03 08:41:50.183486+00,2026-10-03 08:46:24.683036+00
fc888c2a-02c3-4243-bc16-8294e71e184d,/srv/fim-watch/gen_00054.txt,2026-10-03 08:41:50.284319+00,2026-10-03 08:46:24.6932+00
25df772b-8087-4f9b-b8df-3305962c814e,/srv/fim-watch/gen_00040.txt,2026-10-03 08:41:50.384516+00,2026-10-03 08:46:24.712874+00
33bc2482-5369-436c-8e70-755512cae52e,/srv/fim-watch/gen_00046.txt,2026-10-03 08:41:50.484144+00,2026-10-03 08:46:24.723184+00
4fa0ebb5-c024-4021-a125-03887f535854,/srv/fim-watch/gen_00039.txt,2026-10-03 08:41:50.584363+00,2026-10-03 08:46:24.734103+00
bf8c077f-4572-4b75-8907-365a5fac26ed,/srv/fim-watch/gen_00036.txt,2026-10-03 08:41:50.684317+00,2026-10-03 08:46:24.74283+00
0a0db41c-e7a6-46f8-9331-cf333c2c438d,/srv/fim-watch/gen_00036.txt,2026-10-03 08:41:50.784292+00,2026-10-03 08:46:24.751647+00
fc8a20ce-1b9a-405e-b438-de2fed935ec0,/srv/fim-watch/gen_00050.txt,2026-10-03 08:41:50.884068+00,2026-10-03 08:46:24.759946+00
094d4f1d-be9b-4c2f-a30d-6dd85276f0e9,/srv/fim-watch/gen_00059.txt,2026-10-03 08:41:50.984503+00,2026-10-03 08:46:24.769193+00
2de093c1-ee1e-4381-9325-7506511079ba,/srv/fim-watch/gen_00054.txt,2026-10-03 08:41:51.084113+00,2026-10-03 08:46:24.780766+00
e60a3e3f-5651-4b9d-bcc0-abf590c39ae4,/srv/fim-watch/gen_00043.txt,2026-10-03 08:41:51.184093+00,2026-10-03 08:46:24.795437+00
55593522-aa8e-42a9-8b26-30f759ca4cdd,/srv/fim-watch/gen_00060.txt,2026-10-03 08:41:51.284068+00,2026-10-03 08:46:24.81149+00
427541be-222a-493c-8e5c-7bf6ebfd731e,/srv/fim-watch/gen_00050.txt,2026-10-03 08:41:51.384143+00,2026-10-03 08:46:24.831452+00
1521380c-b7d2-407c-8866-cfbdab5ffe18,/srv/fim-watch/gen_00058.txt,2026-10-03 08:41:51.484113+00,2026-10-03 08:46:24.840923+00
7d3cd9ca-0879-4c31-9bce-210800bc8c53,/srv/fim-watch/gen_00019.txt,2026-10-03 08:41:51.584321+00,2026-10-03 08:46:24.8555+00
96c6268e-a94b-4208-9eac-71e95b779d32,/srv/fim-watch/gen_00019.txt,2026-10-03 08:41:51.684172+00,2026-10-03 08:46:24.86515+00
9a8a4e60-538b-4c10-805f-5c714e3bc93f,/srv/fim-watch/gen_00058.txt,2026-10-03 08:41:51.783463+00,2026-10-03 08:46:24.872512+00
d0e69a4b-0aee-4477-8c4d-e9df3dd8f1e0,/srv/fim-watch/gen_00042.txt,2026-10-03 08:41:51.884255+00,2026-10-03 08:46:24.879904+00
f99e751d-ccbd-4d91-8d35-67b0d8e27697,/srv/fim-watch/gen_00042.txt,2026-10-03 08:41:51.983887+00,2026-10-03 08:46:24.889307+00
2107ba03-b973-493f-8340-3d4c131eabee,/srv/fim-watch/gen_00042.txt,2026-10-03 08:41:52.08419+00,2026-10-03 08:46:24.898824+00
b8bd1daf-c3f0-4188-a8e1-77c91d7c0e0c,/srv/fim-watch/gen_00042.txt,2026-10-03 08:41:52.183908+00,2026-10-03 08:46:24.915986+00
f32011af-22ca-45da-88ee-5ed8dd094d4c,/srv/fim-watch/gen_00042.txt,2026-10-03 08:41:52.284226+00,2026-10-03 08:46:24.924482+00
c481ec56-7de5-43b0-bdf4-9f5ca2f207df,/srv/fim-watch/critico/gen_00061.txt,2026-10-03 08:41:52.384028+00,2026-10-03 08:46:24.930283+00
25984300-46fb-4a9f-a92e-5a53652660ca,/srv/fim-watch/gen_00062.txt,2026-10-03 08:41:52.483593+00,2026-10-03 08:46:24.937468+00
325c0e36-35d2-4611-bcf1-c4e8eb3eee85,/srv/fim-watch/critico/gen_00051.txt,2026-10-03 08:41:52.584394+00,2026-10-03 08:46:24.944362+00
b71dced7-9807-4858-9191-d33bec914612,/srv/fim-watch/gen_00020.txt,2026-10-03 08:41:52.684381+00,2026-10-03 08:46:24.950416+00
c9a0fb61-2f58-45b6-ad91-22712a3c5be5,/srv/fim-watch/critico/gen_00047.txt,2026-10-03 08:41:52.784436+00,2026-10-03 08:46:24.957846+00
8124d723-64da-48f8-8e60-651927eccf95,/srv/fim-watch/gen_00063.txt,2026-10-03 08:41:52.884006+00,2026-10-03 08:46:24.963796+00
175158ae-0d6d-433d-a2cf-e51218c1ebf0,/srv/fim-watch/gen_00059.txt,2026-10-03 08:41:52.984265+00,2026-10-03 08:46:24.977802+00
2db2c441-ed69-485a-a39d-30eb3f781247,/srv/fim-watch/gen_00064.txt,2026-10-03 08:41:53.084228+00,2026-10-03 08:46:24.990416+00
e452ebd0-9904-4640-99dd-de4bc7d52190,/srv/fim-watch/gen_00065.txt,2026-10-03 08:41:53.183552+00,2026-10-03 08:46:24.998483+00
78577ca6-5277-4ddb-98da-8378a18374bb,/srv/fim-watch/gen_00066.txt,2026-10-03 08:41:53.284115+00,2026-10-03 08:46:25.006972+00
3166e9ce-5fd7-4fb6-9150-f9d8ae7d56d4,/srv/fim-watch/gen_00067.txt,2026-10-03 08:41:53.384965+00,2026-10-03 08:46:25.016051+00
51a3a38e-9d00-4095-9043-f0bb1ef0f426,/srv/fim-watch/gen_00068.txt,2026-10-03 08:41:53.483481+00,2026-10-03 08:46:25.023963+00
761b3178-5406-456a-ac6e-54476b09c898,/srv/fim-watch/critico/gen_00061.txt,2026-10-03 08:41:53.58433+00,2026-10-03 08:46:25.030886+00
f90dd759-ac17-4a8a-b1d3-1b35b26b711a,/srv/fim-watch/gen_00031.txt,2026-10-03 08:41:53.684393+00,2026-10-03 08:46:25.039265+00
150de646-e796-4d4b-9a92-9dc2087ffef2,/srv/fim-watch/gen_00031.txt,2026-10-03 08:41:53.783314+00,2026-10-03 08:46:25.070227+00
313f60e6-6078-45cf-8025-74525353a9ce,/srv/fim-watch/critico/gen_00069.txt,2026-10-03 08:41:53.883933+00,2026-10-03 08:46:25.08572+00
10b89533-734c-4e65-8e19-cb3511fb59a2,/srv/fim-watch/gen_00044.txt,2026-10-03 08:41:53.983612+00,2026-10-03 08:46:25.092824+00
c095a8f6-e926-4e3a-8f18-6e739e5d4bf2,/srv/fim-watch/gen_00044.txt,2026-10-03 08:41:54.084658+00,2026-10-03 08:46:25.099482+00
3c9e892d-cb0e-4afe-bdfe-cce1ac6b397e,/srv/fim-watch/gen_00063.txt,2026-10-03 08:41:54.183633+00,2026-10-03 08:46:25.105905+00
375d96e6-f100-4c13-9ab7-d59fa4889add,/srv/fim-watch/gen_00062.txt,2026-10-03 08:41:54.284487+00,2026-10-03 08:46:25.112289+00
a2f5d6fe-a750-4527-974d-5594e194c67b,/srv/fim-watch/gen_00070.txt,2026-10-03 08:41:54.383873+00,2026-10-03 08:46:25.119334+00
1d88c066-54dc-49d3-847c-f2e94a9fcb0a,/srv/fim-watch/gen_00071.txt,2026-10-03 08:41:54.483119+00,2026-10-03 08:46:25.125662+00
30388adf-3316-4766-9458-1166830f6ce0,/srv/fim-watch/gen_00031.txt,2026-10-03 08:41:54.584398+00,2026-10-03 08:46:25.133085+00
77facb21-0d30-4ef1-994c-c833c6ec0f48,/srv/fim-watch/gen_00058.txt,2026-10-03 08:41:54.68455+00,2026-10-03 08:46:25.13991+00
e8198c84-efcf-441e-a459-3ac1692972c0,/srv/fim-watch/critico/gen_00047.txt,2026-10-03 08:41:54.783947+00,2026-10-03 08:46:25.148628+00
ecd4387a-b89b-499b-85ea-b714e9e748ba,/srv/fim-watch/critico/gen_00025.txt,2026-10-03 08:41:54.884007+00,2026-10-03 08:46:25.155488+00
2b75c910-0270-44a0-9bde-ac73a8cf11a9,/srv/fim-watch/gen_00045.txt,2026-10-03 08:41:54.985361+00,2026-10-03 08:46:25.168323+00
17a48ae6-0bca-4db8-9f11-88aee7169fb3,/srv/fim-watch/gen_00072.txt,2026-10-03 08:41:55.084194+00,2026-10-03 08:46:25.175236+00
73e039f5-67c9-4b96-a9e8-b85c1b7e4460,/srv/fim-watch/gen_00056.txt,2026-10-03 08:41:55.183991+00,2026-10-03 08:46:25.181541+00
a23b6739-0c99-457f-a248-e64f31131d40,/srv/fim-watch/gen_00040.txt,2026-10-03 08:41:55.284142+00,2026-10-03 08:46:25.18851+00
db786e1e-dadb-4129-a5b4-74bc2cab1ccb,/srv/fim-watch/gen_00055.txt,2026-10-03 08:41:55.383504+00,2026-10-03 08:46:25.197063+00
75dfa298-435a-477c-aaa2-a57b3de814bf,/srv/fim-watch/gen_00068.txt,2026-10-03 08:41:55.484204+00,2026-10-03 08:46:25.203889+00
6efe4d2e-7020-4439-9222-8a09d90722f5,/srv/fim-watch/gen_00068.txt,2026-10-03 08:41:55.584042+00,2026-10-03 08:46:25.211037+00
54ce8c9f-63d0-4a48-b6bb-12450fb7ad0e,/srv/fim-watch/gen_00068.txt,2026-10-03 08:41:55.684733+00,2026-10-03 08:46:25.218597+00
ecb0890e-ccb7-4c10-98fb-d46575e4812a,/srv/fim-watch/gen_00068.txt,2026-10-03 08:41:55.784066+00,2026-10-03 08:46:25.224794+00
d5fda493-1db8-43fd-98e4-4645f1c06575,/srv/fim-watch/gen_00068.txt,2026-10-03 08:41:55.884025+00,2026-10-03 08:46:25.231669+00
dd53c2a4-1ff0-4e93-a433-986848a286e7,/srv/fim-watch/gen_00059.txt,2026-10-03 08:41:55.98468+00,2026-10-03 08:46:25.240595+00
8bb1137f-595e-4236-bfb0-a514cd3573b1,/srv/fim-watch/gen_00048.txt,2026-10-03 08:41:56.084239+00,2026-10-03 08:46:25.25014+00
e892b9e3-20ab-422d-9740-7f57f9dd97e0,/srv/fim-watch/gen_00073.txt,2026-10-03 08:41:56.185687+00,2026-10-03 08:46:25.260481+00
11aef408-2215-4eb7-a413-9b76104015f5,/srv/fim-watch/gen_00042.txt,2026-10-03 08:41:56.284584+00,2026-10-03 08:46:25.271319+00
2c4d2d27-ee14-4ccd-93d8-8bcea67afc80,/srv/fim-watch/gen_00042.txt,2026-10-03 08:41:56.384149+00,2026-10-03 08:46:25.281741+00
7af5a584-336e-44d5-975c-c73f98d16e0f,/srv/fim-watch/gen_00042.txt,2026-10-03 08:41:56.484029+00,2026-10-03 08:46:25.293069+00
a44f8524-9ca1-4323-98da-d2391bbc1e63,/srv/fim-watch/gen_00042.txt,2026-10-03 08:41:56.584436+00,2026-10-03 08:46:25.303328+00
56facd4c-27fe-4c39-8083-de51bed971da,/srv/fim-watch/gen_00042.txt,2026-10-03 08:41:56.684246+00,2026-10-03 08:46:25.312843+00
1e9f782b-9b7e-4365-9714-45cc26259d2b,/srv/fim-watch/gen_00064.txt,2026-10-03 08:41:56.784569+00,2026-10-03 08:46:25.321837+00
b8c4b416-9cee-4460-926a-dff3f2111f8f,/srv/fim-watch/gen_00064.txt,2026-10-03 08:41:56.883703+00,2026-10-03 08:46:25.330176+00
f7246df1-37f5-40cb-a8ce-0c3e8db2d6d1,/srv/fim-watch/gen_00070.txt,2026-10-03 08:41:56.98421+00,2026-10-03 08:46:25.338542+00
581e20bf-4f3f-4885-9df4-7118a8208cf3,/srv/fim-watch/gen_00022.txt,2026-10-03 08:41:57.083926+00,2026-10-03 08:46:25.346604+00
26b8836c-bbe5-497f-99ff-a2f14367abd1,/srv/fim-watch/gen_00028.txt,2026-10-03 08:41:57.18452+00,2026-10-03 08:46:25.358948+00
b691526d-dd12-45aa-981c-5473cb75a4b1,/srv/fim-watch/gen_00036.txt,2026-10-03 08:41:57.284251+00,2026-10-03 08:46:25.367736+00
3a2aa7bb-92d3-4ee4-a707-de697974e893,/srv/fim-watch/critico/gen_00037.txt,2026-10-03 08:41:57.38432+00,2026-10-03 08:46:25.376646+00
f647ce9b-cca2-4ade-a299-1e5ae39b2fe8,/srv/fim-watch/gen_00011.txt,2026-10-03 08:41:57.484353+00,2026-10-03 08:46:25.384397+00
0294ddc5-78eb-449f-8c55-e2aa651b8164,/srv/fim-watch/gen_00074.txt,2026-10-03 08:41:57.583838+00,2026-10-03 08:46:25.392138+00
6044faf5-ee95-49e3-b395-ccfbdef4a53f,/srv/fim-watch/gen_00040.txt,2026-10-03 08:41:57.684347+00,2026-10-03 08:46:25.40003+00
e3704aba-48e0-4ff6-ba8b-793decb4f315,/srv/fim-watch/gen_00043.txt,2026-10-03 08:41:57.784295+00,2026-10-03 08:46:25.408568+00
9bb24b7b-b495-41f4-b494-dc8dacae7d1a,/srv/fim-watch/critico/gen_00075.txt,2026-10-03 08:41:57.884615+00,2026-10-03 08:46:25.418242+00
98c1345c-dacd-4322-91cc-98bb268c0baa,/srv/fim-watch/critico/gen_00075.txt,2026-10-03 08:41:57.984377+00,2026-10-03 08:46:25.428567+00
f4e88375-ad23-4da8-92b6-91a565c6af44,/srv/fim-watch/gen_00076.txt,2026-10-03 08:41:58.084244+00,2026-10-03 08:46:25.43846+00
74d2e6c2-8d82-4d75-b8e9-99a3464654e3,/srv/fim-watch/gen_00077.txt,2026-10-03 08:41:58.184186+00,2026-10-03 08:46:25.449033+00
a2c51f98-8e96-4306-8bd6-a12172313454,/srv/fim-watch/gen_00078.txt,2026-10-03 08:41:58.283664+00,2026-10-03 08:46:25.462403+00
43d426c3-5e21-415a-956d-c7da5bcc29e3,/srv/fim-watch/gen_00044.txt,2026-10-03 08:41:58.384306+00,2026-10-03 08:46:25.474624+00
bb464bf9-1882-4ca6-8171-5e857e33cacd,/srv/fim-watch/gen_00079.txt,2026-10-03 08:41:58.483941+00,2026-10-03 08:46:25.509461+00
894d458b-28be-4033-9fca-2a5326371d0c,/srv/fim-watch/gen_00029.txt,2026-10-03 08:41:58.584507+00,2026-10-03 08:46:25.52205+00
810acd87-92a0-4408-b758-5b1b28bc7716,/srv/fim-watch/gen_00079.txt,2026-10-03 08:41:58.684554+00,2026-10-03 08:46:25.533422+00
66212ee1-b77f-4b34-8e38-8184c94de9ab,/srv/fim-watch/gen_00063.txt,2026-10-03 08:41:58.784515+00,2026-10-03 08:46:25.543793+00
fff2f8aa-e9d4-4821-a4eb-b1e152380e81,/srv/fim-watch/gen_00033.txt,2026-10-03 08:41:58.884012+00,2026-10-03 08:46:25.553449+00
f62cf5a7-bf64-41bb-8633-ebd49e9fabfb,/srv/fim-watch/gen_00062.txt,2026-10-03 08:41:58.984291+00,2026-10-03 08:46:25.563917+00
886ced38-4740-474f-94f0-2a10e5c893f6,/srv/fim-watch/gen_00033.txt,2026-10-03 08:41:59.084367+00,2026-10-03 08:46:25.578519+00
0c9347df-27ff-458c-a371-b6ba6e4c3c55,/srv/fim-watch/gen_00066.txt,2026-10-03 08:41:59.184318+00,2026-10-03 08:46:25.587809+00
95546d63-6f57-4bca-82b9-088e5927ef77,/srv/fim-watch/gen_00066.txt,2026-10-03 08:41:59.284327+00,2026-10-03 08:46:25.596827+00
ad14913f-13c9-4590-8c7a-1ba24aa585a7,/srv/fim-watch/gen_00066.txt,2026-10-03 08:41:59.384321+00,2026-10-03 08:46:25.607506+00
3401d26f-fa0c-4cc1-a6d9-f30a153a82b4,/srv/fim-watch/gen_00066.txt,2026-10-03 08:41:59.483977+00,2026-10-03 08:46:25.617538+00
bd1dd085-a348-4f2a-b816-66d6f8e3dfcf,/srv/fim-watch/gen_00066.txt,2026-10-03 08:41:59.583778+00,2026-10-03 08:46:25.629432+00
27c83c41-fcaa-43b4-91c9-0cf8d257e09d,/srv/fim-watch/gen_00080.txt,2026-10-03 08:41:59.683933+00,2026-10-03 08:46:25.642361+00
27ed24ce-e036-412e-8c49-9c2eae4295e0,/srv/fim-watch/gen_00059.txt,2026-10-03 08:41:59.78433+00,2026-10-03 08:46:25.653974+00
d23a2e37-7281-42d9-ae3c-e0a28b08a2c4,/srv/fim-watch/gen_00073.txt,2026-10-03 08:41:59.884094+00,2026-10-03 08:46:25.665454+00
763528a5-8ed8-439e-b876-5affabea1c7e,/srv/fim-watch/gen_00063.txt,2026-10-03 08:41:59.984162+00,2026-10-03 08:46:25.682618+00
155ad4e3-6d9a-48b2-8a57-fc4f796f3ef1,/srv/fim-watch/gen_00048.txt,2026-10-03 08:42:00.084137+00,2026-10-03 08:46:25.693806+00
1f65ee11-c065-4363-b6c2-d36bde09b5f3,/srv/fim-watch/gen_00048.txt,2026-10-03 08:42:00.184101+00,2026-10-03 08:46:25.706525+00
3b394023-bafd-4e31-ace9-3abb8a1f788a,/srv/fim-watch/gen_00058.txt,2026-10-03 08:42:00.284126+00,2026-10-03 08:46:25.717261+00
ea04b479-8489-4d91-821a-d250255d879a,/srv/fim-watch/gen_00059.txt,2026-10-03 08:42:00.384309+00,2026-10-03 08:46:25.729322+00
5ede870a-35d4-4ec0-8d54-837ea3485657,/srv/fim-watch/critico/gen_00081.txt,2026-10-03 08:42:00.484364+00,2026-10-03 08:46:25.758624+00
794af98b-3e7e-44f4-92c5-357d0bd3ae28,/srv/fim-watch/gen_00082.txt,2026-10-03 08:42:00.583678+00,2026-10-03 08:46:25.76727+00
20530680-a988-4991-b008-5518b8ef1dc4,/srv/fim-watch/gen_00045.txt,2026-10-03 08:42:00.684393+00,2026-10-03 08:46:25.775776+00
c8511f26-f355-4dc4-9ea6-267a3b33d500,/srv/fim-watch/gen_00028.txt,2026-10-03 08:42:00.78444+00,2026-10-03 08:46:25.787462+00
6575272b-534a-4d32-abec-e89443523ca9,/srv/fim-watch/gen_00028.txt,2026-10-03 08:42:00.8843+00,2026-10-03 08:46:25.7991+00
61e202f9-4166-4c79-9408-0a10586f055a,/srv/fim-watch/gen_00083.txt,2026-10-03 08:42:00.984064+00,2026-10-03 08:46:25.817489+00
8eba4fc1-2192-4793-a59b-8b94a01a7036,/srv/fim-watch/gen_00083.txt,2026-10-03 08:42:01.084037+00,2026-10-03 08:46:25.825717+00
54cfa9fb-8947-4173-9d84-ec0322054dec,/srv/fim-watch/gen_00080.txt,2026-10-03 08:42:01.184038+00,2026-10-03 08:46:25.835061+00
597fe262-bc6d-42cd-ae66-535131f7f0ec,/srv/fim-watch/gen_00073.txt,2026-10-03 08:42:01.284143+00,2026-10-03 08:46:25.845567+00
6d7823d4-c0e0-467f-9b00-9ed33c2800a9,/srv/fim-watch/gen_00028.txt,2026-10-03 08:42:01.384181+00,2026-10-03 08:46:25.858311+00
6b2c41f1-ff18-4754-9065-0b94baf8d462,/srv/fim-watch/gen_00084.txt,2026-10-03 08:42:01.484008+00,2026-10-03 08:46:25.870815+00
717aae62-00c5-4dd3-8b70-cbb6f3deee04,/srv/fim-watch/gen_00068.txt,2026-10-03 08:42:01.584204+00,2026-10-03 08:46:25.886697+00
125b6128-8e0e-4ca3-abda-2af5e8c26d59,/srv/fim-watch/gen_00068.txt,2026-10-03 08:42:01.683711+00,2026-10-03 08:46:25.902056+00
fc815403-a671-4389-824d-43c269f241d2,/srv/fim-watch/gen_00044.txt,2026-10-03 08:42:01.784149+00,2026-10-03 08:46:25.916544+00
79732004-5962-451a-8ed2-53862735a1bf,/srv/fim-watch/gen_00071.txt,2026-10-03 08:42:01.883212+00,2026-10-03 08:46:25.928061+00
db606048-6a91-470c-8671-439d463bdc22,/srv/fim-watch/gen_00067.txt,2026-10-03 08:42:01.984183+00,2026-10-03 08:46:25.948245+00
937f4958-73fb-40d7-82ee-1ab95cefe10d,/srv/fim-watch/gen_00085.txt,2026-10-03 08:42:02.184062+00,2026-10-03 08:46:25.964114+00
6f60ce03-9d98-41b4-bdab-6c4272412482,/srv/fim-watch/critico/gen_00023.txt,2026-10-03 08:42:02.284175+00,2026-10-03 08:46:25.98747+00
1277e0ed-4f02-437a-9310-5cd202cb34f8,/srv/fim-watch/gen_00062.txt,2026-10-03 08:42:02.383967+00,2026-10-03 08:46:26.0027+00
047dc002-8162-40d4-9da1-7292e673ef47,/srv/fim-watch/gen_00020.txt,2026-10-03 08:42:02.48411+00,2026-10-03 08:46:26.017795+00
da51f0fa-d390-4500-8d6f-750a9a2249c8,/srv/fim-watch/gen_00019.txt,2026-10-03 08:42:02.583792+00,2026-10-03 08:46:26.031258+00
309d6269-310f-456b-bf99-526b687a6cf8,/srv/fim-watch/gen_00086.txt,2026-10-03 08:42:02.683775+00,2026-10-03 08:46:26.042051+00
8bc7cdb0-477f-4fab-84c3-05bcf097776e,/srv/fim-watch/gen_00059.txt,2026-10-03 08:42:02.784096+00,2026-10-03 08:46:26.053869+00
2191aae4-830c-4c23-a063-1c64f3cf24a4,/srv/fim-watch/critico/gen_00087.txt,2026-10-03 08:42:02.883856+00,2026-10-03 08:46:26.068141+00
93a06a7a-0b71-4082-836a-704363e9caf8,/srv/fim-watch/gen_00058.txt,2026-10-03 08:42:02.984081+00,2026-10-03 08:46:26.080581+00
1796b902-5554-4423-a502-c0ea80e32f42,/srv/fim-watch/gen_00058.txt,2026-10-03 08:42:03.083816+00,2026-10-03 08:46:26.093969+00
08c6753d-9dfa-43d9-a5e8-91c9fb14624d,/srv/fim-watch/gen_00072.txt,2026-10-03 08:42:03.184149+00,2026-10-03 08:46:26.108851+00
0910ce23-bd70-4f57-859a-efd0db51164f,/srv/fim-watch/gen_00072.txt,2026-10-03 08:42:03.284089+00,2026-10-03 08:46:26.127793+00
d78b6446-c528-427f-b8df-27ddfe61fb0a,/srv/fim-watch/gen_00072.txt,2026-10-03 08:42:03.383531+00,2026-10-03 08:46:26.142942+00
bc285a0a-3462-4d42-a85b-a4f897b93753,/srv/fim-watch/gen_00072.txt,2026-10-03 08:42:03.484174+00,2026-10-03 08:46:26.16018+00
2d96e200-b51b-4c2f-9450-608346827776,/srv/fim-watch/gen_00072.txt,2026-10-03 08:42:03.583951+00,2026-10-03 08:46:26.180479+00
a48598de-3c44-4587-99dc-4ea63360f00d,/srv/fim-watch/gen_00082.txt,2026-10-03 08:42:03.683633+00,2026-10-03 08:46:26.194417+00
3e216271-b46e-4149-aba0-addd8e255438,/srv/fim-watch/critico/gen_00081.txt,2026-10-03 08:42:03.784149+00,2026-10-03 08:46:26.211832+00
7f366eb4-4144-4646-b77d-e7a15322a460,/srv/fim-watch/gen_00066.txt,2026-10-03 08:42:03.883343+00,2026-10-03 08:46:26.245853+00
11189b7a-296d-41f5-b4e0-89a00e549b78,/srv/fim-watch/gen_00066.txt,2026-10-03 08:42:03.984143+00,2026-10-03 08:46:26.267711+00
5ac8adfe-ff87-4e54-84b4-9d5fb5d3cbb2,/srv/fim-watch/critico/gen_00087.txt,2026-10-03 08:42:04.084183+00,2026-10-03 08:46:26.292932+00
f2c9c0a3-7e3a-4129-a671-500aa5c9597e,/srv/fim-watch/gen_00019.txt,2026-10-03 08:42:04.184144+00,2026-10-03 08:46:26.312296+00
77d3e65b-1c5d-4f39-b39d-3d5c250f2735,/srv/fim-watch/gen_00029.txt,2026-10-03 08:42:04.284352+00,2026-10-03 08:46:26.3242+00
68e01b8c-8c89-4d35-80f8-49f2fb9dd675,/srv/fim-watch/gen_00088.txt,2026-10-03 08:42:04.384035+00,2026-10-03 08:46:26.338705+00
f2951e2c-cb2d-469a-af65-f4408ea20354,/srv/fim-watch/gen_00089.txt,2026-10-03 08:42:04.483375+00,2026-10-03 08:46:26.353612+00
a27b0adf-bac2-4366-8654-af680d5bdda4,/srv/fim-watch/gen_00050.txt,2026-10-03 08:42:04.583672+00,2026-10-03 08:46:26.36736+00
542e6252-b966-4b5b-b416-0daca6998756,/srv/fim-watch/gen_00090.txt,2026-10-03 08:42:04.683712+00,2026-10-03 08:46:26.388924+00
cd0570e4-0cb6-4f9e-abb9-05557533e23a,/srv/fim-watch/critico/gen_00081.txt,2026-10-03 08:42:04.784668+00,2026-10-03 08:46:26.399278+00
f355cf6d-8eb2-4274-a676-6f5a0a01aaa3,/srv/fim-watch/critico/gen_00081.txt,2026-10-03 08:42:04.884228+00,2026-10-03 08:46:26.414107+00
bd1bc6ce-c248-4562-b4cf-db38e5159529,/srv/fim-watch/critico/gen_00081.txt,2026-10-03 08:42:04.984948+00,2026-10-03 08:46:26.428324+00
02328954-120b-48b9-b31d-0d010b335918,/srv/fim-watch/critico/gen_00081.txt,2026-10-03 08:42:05.083712+00,2026-10-03 08:46:26.464098+00
e3ce04b4-3c1b-4053-873b-dc1a28532872,/srv/fim-watch/critico/gen_00081.txt,2026-10-03 08:42:05.184462+00,2026-10-03 08:46:26.475549+00
a19d1ac7-4a8d-4fa6-bcd0-adb6bc3665a1,/srv/fim-watch/gen_00045.txt,2026-10-03 08:42:05.283874+00,2026-10-03 08:46:26.485423+00
2cc003b7-dbd3-48e6-a73a-0df5f3c42bb4,/srv/fim-watch/gen_00013.txt,2026-10-03 08:42:05.384053+00,2026-10-03 08:46:26.495355+00
c4007af0-43f9-46d3-b574-6e81caa64c21,/srv/fim-watch/critico/gen_00091.txt,2026-10-03 08:42:05.484055+00,2026-10-03 08:46:26.502814+00
4044d91d-cc63-4cb6-a4f4-e497dbc76250,/srv/fim-watch/gen_00033.txt,2026-10-03 08:42:05.584261+00,2026-10-03 08:46:26.510739+00
07560e22-c9b7-4fff-8c08-b5b889522ae7,/srv/fim-watch/gen_00040.txt,2026-10-03 08:42:05.684369+00,2026-10-03 08:46:26.521027+00
3fea087b-2029-4d32-8aeb-c137fa4220b4,/srv/fim-watch/gen_00057.txt,2026-10-03 08:42:05.783386+00,2026-10-03 08:46:26.529679+00
f25284c5-f4a0-4839-85c6-3a79e10ad4a8,/srv/fim-watch/gen_00040.txt,2026-10-03 08:42:05.884031+00,2026-10-03 08:46:26.544678+00
7f77a111-8adb-40d8-9323-ecf3550a32b9,/srv/fim-watch/gen_00054.txt,2026-10-03 08:42:05.98425+00,2026-10-03 08:46:26.552159+00
e14f140b-ddbe-44fb-83db-8fd1899fcab8,/srv/fim-watch/gen_00054.txt,2026-10-03 08:42:06.08392+00,2026-10-03 08:46:26.558165+00
01a065f6-efab-413b-8f67-1d5bbb3ec8fd,/srv/fim-watch/gen_00054.txt,2026-10-03 08:42:06.184027+00,2026-10-03 08:46:26.567834+00
c7e981ea-f355-40dc-a22a-3e182f1970ca,/srv/fim-watch/gen_00054.txt,2026-10-03 08:42:06.284249+00,2026-10-03 08:46:26.578344+00
d29fb133-6225-4385-b444-664be0b23e87,/srv/fim-watch/gen_00054.txt,2026-10-03 08:42:06.384154+00,2026-10-03 08:46:26.589796+00
8fe3ec82-4a5a-47b6-8aca-959b2a7fa096,/srv/fim-watch/gen_00092.txt,2026-10-03 08:42:06.484165+00,2026-10-03 08:46:26.598817+00
e54f3082-515b-46bd-9304-b40781466580,/srv/fim-watch/critico/gen_00087.txt,2026-10-03 08:42:06.584465+00,2026-10-03 08:46:26.604424+00
fc178345-2595-4d84-ac1a-810d921608b2,/srv/fim-watch/gen_00070.txt,2026-10-03 08:42:06.684139+00,2026-10-03 08:46:26.613004+00
d9bb1ef1-dc25-43ce-b52f-39964731fb0e,/srv/fim-watch/gen_00070.txt,2026-10-03 08:42:06.784177+00,2026-10-03 08:46:26.619094+00
c1b9f8ec-f5cc-4462-a698-75a33b5094e7,/srv/fim-watch/gen_00093.txt,2026-10-03 08:42:06.884152+00,2026-10-03 08:46:26.626436+00
ccb91b25-4fe7-438b-ad7c-e5e36f14ca6b,/srv/fim-watch/critico/gen_00047.txt,2026-10-03 08:42:06.983939+00,2026-10-03 08:46:26.633142+00
64926ad3-9f3d-43bf-a514-f4ab8c2e7fc5,/srv/fim-watch/critico/gen_00094.txt,2026-10-03 08:42:07.083938+00,2026-10-03 08:46:26.640181+00
0e94a836-c841-43d5-8fc4-20574890947a,/srv/fim-watch/gen_00095.txt,2026-10-03 08:42:07.184118+00,2026-10-03 08:46:26.646738+00
25ca1917-c786-41cf-b4c9-e5204628f1a3,/srv/fim-watch/gen_00089.txt,2026-10-03 08:42:07.284029+00,2026-10-03 08:46:26.652973+00
e61fb2f2-9690-43d6-b710-75111b871922,/srv/fim-watch/gen_00096.txt,2026-10-03 08:42:07.383941+00,2026-10-03 08:46:26.661143+00
9f046acc-362f-42f5-9552-8b832d0ab6ca,/srv/fim-watch/gen_00095.txt,2026-10-03 08:42:07.483874+00,2026-10-03 08:46:26.669123+00
74040be2-0a93-4fe4-b01d-de0fb6dd7443,/srv/fim-watch/gen_00055.txt,2026-10-03 08:42:07.584131+00,2026-10-03 08:46:26.67606+00
1c541900-9195-4adb-99cd-804270ef5bd2,/srv/fim-watch/gen_00071.txt,2026-10-03 08:42:07.683971+00,2026-10-03 08:46:26.684482+00
f7267b7c-f14c-4574-b552-cc2b833b7ff1,/srv/fim-watch/gen_00097.txt,2026-10-03 08:42:07.78335+00,2026-10-03 08:46:26.695396+00
1181de35-817c-4e41-a1b8-91b7a6554776,/srv/fim-watch/gen_00055.txt,2026-10-03 08:42:07.88394+00,2026-10-03 08:46:26.710241+00
5b4608e6-2cfe-4139-bab2-432b31953e43,/srv/fim-watch/critico/gen_00037.txt,2026-10-03 08:42:07.984115+00,2026-10-03 08:46:26.735058+00
3df5fb39-e234-436a-8a4e-54e8f6e26216,/srv/fim-watch/critico/gen_00037.txt,2026-10-03 08:42:08.084279+00,2026-10-03 08:46:26.746841+00
9c8ae8a5-000e-4514-a1f4-ec79877c99e0,/srv/fim-watch/gen_00029.txt,2026-10-03 08:42:08.184586+00,2026-10-03 08:46:26.757409+00
063f0397-366f-471f-bc16-d2696e2c8237,/srv/fim-watch/gen_00085.txt,2026-10-03 08:42:08.283943+00,2026-10-03 08:46:26.768461+00
0bff34d3-bde2-4fd2-bf8c-c189d77bb41d,/srv/fim-watch/gen_00055.txt,2026-10-03 08:42:08.384157+00,2026-10-03 08:46:26.780813+00
af64ca1e-80b4-45dd-b1e3-f0db2933b14c,/srv/fim-watch/gen_00082.txt,2026-10-03 08:42:08.483687+00,2026-10-03 08:46:26.793931+00
6da43d2d-932b-4681-9b00-67941d3cb477,/srv/fim-watch/gen_00055.txt,2026-10-03 08:42:08.584152+00,2026-10-03 08:46:26.803652+00
9df57b38-c25a-414c-ab12-4458b1f470da,/srv/fim-watch/gen_00098.txt,2026-10-03 08:42:08.684558+00,2026-10-03 08:46:26.811754+00
81d03ff2-80e2-44fb-ad60-981fe59d79de,/srv/fim-watch/gen_00099.txt,2026-10-03 08:42:08.78406+00,2026-10-03 08:46:26.820369+00
27092b73-5c00-4eb2-b85b-9503b14f6aaf,/srv/fim-watch/gen_00043.txt,2026-10-03 08:42:08.88338+00,2026-10-03 08:46:26.828424+00
b2ae9bac-ed9c-4b91-abe8-0edf6607b8cd,/srv/fim-watch/gen_00093.txt,2026-10-03 08:42:08.984042+00,2026-10-03 08:46:26.836317+00
dc227da6-8957-4096-836f-b15f9ad57457,/srv/fim-watch/gen_00066.txt,2026-10-03 08:42:09.083935+00,2026-10-03 08:46:26.844356+00
62de5ebb-620d-4e54-b707-d43d59ec97f8,/srv/fim-watch/critico/gen_00025.txt,2026-10-03 08:42:09.184169+00,2026-10-03 08:46:26.85479+00
157cf9c0-e723-4547-8376-7c4dda5d62b5,/srv/fim-watch/gen_00100.txt,2026-10-03 08:42:09.284195+00,2026-10-03 08:46:26.862702+00
795bdb9a-1010-4f4f-b533-742463754221,/srv/fim-watch/gen_00090.txt,2026-10-03 08:42:09.384074+00,2026-10-03 08:46:26.871411+00
9e2b11e0-9821-4b0b-b9f6-772936721880,/srv/fim-watch/gen_00077.txt,2026-10-03 08:42:09.484011+00,2026-10-03 08:46:26.879797+00
ec071670-2f3b-41d6-84dc-b68bf90b248a,/srv/fim-watch/gen_00098.txt,2026-10-03 08:42:09.583672+00,2026-10-03 08:46:26.888704+00
c896994f-09c4-4317-82b9-603c33d6ef54,/srv/fim-watch/gen_00067.txt,2026-10-03 08:42:09.683524+00,2026-10-03 08:46:26.901539+00
bcb07d7a-2275-4920-9309-158c6c18da85,/srv/fim-watch/gen_00093.txt,2026-10-03 08:42:09.784112+00,2026-10-03 08:46:26.914088+00
a79ae974-d533-4ef3-96fd-32aee6e9d7ae,/srv/fim-watch/gen_00071.txt,2026-10-03 08:42:09.883928+00,2026-10-03 08:46:26.927304+00
17bc442c-2e18-4871-9b47-e0461c109fea,/srv/fim-watch/gen_00006.txt,2026-10-03 08:42:09.984275+00,2026-10-03 08:46:26.937013+00
e4e0c7fe-2929-4c40-bc91-3afa60c76261,/srv/fim-watch/gen_00101.txt,2026-10-03 08:42:10.083839+00,2026-10-03 08:46:26.957194+00
05d632b2-4fa2-424b-9cd4-82d3b76fa31d,/srv/fim-watch/gen_00101.txt,2026-10-03 08:42:10.184001+00,2026-10-03 08:46:26.981961+00
acddaefd-16a5-44a1-ae81-5cbc3b421967,/srv/fim-watch/gen_00049.txt,2026-10-03 08:42:10.283994+00,2026-10-03 08:46:27.006008+00
1bbf6839-a7b0-4c45-892d-8eea7d4f1476,/srv/fim-watch/gen_00067.txt,2026-10-03 08:42:10.38399+00,2026-10-03 08:46:27.01687+00
57495e06-dc63-44cc-8b3e-612283cd2bb6,/srv/fim-watch/gen_00067.txt,2026-10-03 08:42:10.484378+00,2026-10-03 08:46:27.025012+00
ffdfe792-319e-4d0c-9e75-4e85224cd9a3,/srv/fim-watch/gen_00067.txt,2026-10-03 08:42:10.584237+00,2026-10-03 08:46:27.032865+00
b4e71b5d-e1b5-4430-bbe3-51d85bf6a34c,/srv/fim-watch/gen_00067.txt,2026-10-03 08:42:10.684234+00,2026-10-03 08:46:27.041609+00
0121474b-ffaf-4d06-95e8-01ea1c672471,/srv/fim-watch/gen_00067.txt,2026-10-03 08:42:10.78425+00,2026-10-03 08:46:27.052282+00
8b310754-297e-4c0c-9cb8-76c0e1602a6e,/srv/fim-watch/gen_00071.txt,2026-10-03 08:42:10.884184+00,2026-10-03 08:46:27.064346+00
88128657-d446-478a-bcb1-acd62859393b,/srv/fim-watch/gen_00102.txt,2026-10-03 08:42:10.983791+00,2026-10-03 08:46:27.083442+00
ea4a72ec-0cea-4bf7-a0d9-bc34568ec1c6,/srv/fim-watch/gen_00103.txt,2026-10-03 08:42:11.083935+00,2026-10-03 08:46:27.09482+00
38164d0a-7d03-47e7-a9b7-a9c0cfb87c65,/srv/fim-watch/gen_00072.txt,2026-10-03 08:42:11.184294+00,2026-10-03 08:46:27.116243+00
4cc683f7-9bbe-48c8-8054-b11770d6cb65,/srv/fim-watch/gen_00028.txt,2026-10-03 08:42:11.284236+00,2026-10-03 08:46:27.129542+00
8a8179ea-cfd1-4717-b451-f112273d3a3d,/srv/fim-watch/critico/gen_00081.txt,2026-10-03 08:42:11.38417+00,2026-10-03 08:46:27.147735+00
ebd465e9-ce07-4e50-a85d-ddc8bc152b3b,/srv/fim-watch/gen_00070.txt,2026-10-03 08:42:11.484048+00,2026-10-03 08:46:27.158194+00
cfc8fa93-727a-4bd7-a053-2f91bbaff024,/srv/fim-watch/gen_00050.txt,2026-10-03 08:42:11.584271+00,2026-10-03 08:46:27.169249+00
a428eccf-da5b-469e-9603-c2047512214e,/srv/fim-watch/gen_00050.txt,2026-10-03 08:42:11.683889+00,2026-10-03 08:46:27.181041+00
38e1a36b-fdec-4c7e-a0c2-4150df4e622a,/srv/fim-watch/gen_00050.txt,2026-10-03 08:42:11.784183+00,2026-10-03 08:46:27.223033+00
c9014ffa-10de-484e-b53a-02bf48426bcd,/srv/fim-watch/gen_00050.txt,2026-10-03 08:42:11.88395+00,2026-10-03 08:46:27.234917+00
00d937f9-11a6-4811-8db0-718dd564b612,/srv/fim-watch/gen_00050.txt,2026-10-03 08:42:11.983511+00,2026-10-03 08:46:27.248173+00
33fdef58-09f6-4a60-9983-be06e4ad0dee,/srv/fim-watch/gen_00071.txt,2026-10-03 08:42:12.084298+00,2026-10-03 08:46:27.260017+00
b02d7987-a16a-4ca3-9570-c928d88f47c2,/srv/fim-watch/gen_00072.txt,2026-10-03 08:42:12.183963+00,2026-10-03 08:46:27.274202+00
5990587d-8a69-48fe-95b4-a54cb879ccdf,/srv/fim-watch/gen_00104.txt,2026-10-03 08:42:12.28444+00,2026-10-03 08:46:27.28556+00
ee6814d3-0061-4881-97db-9ac464a31af8,/srv/fim-watch/gen_00028.txt,2026-10-03 08:42:12.384258+00,2026-10-03 08:46:27.296302+00
57e33a14-a2bd-4e85-ad47-58d1378c8b56,/srv/fim-watch/critico/gen_00069.txt,2026-10-03 08:42:12.484208+00,2026-10-03 08:46:27.315082+00
2d669181-3e09-407f-a8c3-edff0976da3e,/srv/fim-watch/critico/gen_00069.txt,2026-10-03 08:42:12.584288+00,2026-10-03 08:46:27.328302+00
6cc2bc00-a20a-4942-921f-3cf9b56c78ac,/srv/fim-watch/gen_00105.txt,2026-10-03 08:42:12.684351+00,2026-10-03 08:46:27.33914+00
58ccfb59-88c3-4eb5-b209-00cd639d4134,/srv/fim-watch/gen_00048.txt,2026-10-03 08:42:12.784023+00,2026-10-03 08:46:27.353637+00
fd05fd18-45bb-42fb-8aad-3015346b14ee,/srv/fim-watch/gen_00048.txt,2026-10-03 08:42:12.884171+00,2026-10-03 08:46:27.366107+00
880c1cc4-52f8-4c0c-8af9-126cbebc6227,/srv/fim-watch/gen_00086.txt,2026-10-03 08:42:12.984215+00,2026-10-03 08:46:27.378118+00
d0759a4f-20f3-46e8-8798-e8704453589b,/srv/fim-watch/gen_00036.txt,2026-10-03 08:42:13.084029+00,2026-10-03 08:46:27.399817+00
fcf2efce-c840-40ec-9333-78b80f6558d8,/srv/fim-watch/gen_00036.txt,2026-10-03 08:42:13.184384+00,2026-10-03 08:46:27.412048+00
4fe9e536-5fec-46c1-b98a-11932a2e47eb,/srv/fim-watch/gen_00040.txt,2026-10-03 08:42:13.284257+00,2026-10-03 08:46:27.429151+00
7cfd7ac2-3a9d-4964-84ba-339e0912fec2,/srv/fim-watch/gen_00036.txt,2026-10-03 08:42:13.384065+00,2026-10-03 08:46:27.446442+00
067b29b1-53b2-481c-bf3a-8469cfbbbc40,/srv/fim-watch/gen_00036.txt,2026-10-03 08:42:13.483865+00,2026-10-03 08:46:27.455661+00
8cb46440-2af0-40d8-a34d-198d654a5055,/srv/fim-watch/gen_00073.txt,2026-10-03 08:42:13.584027+00,2026-10-03 08:46:27.462766+00
b24c5ae1-59e8-4c23-9b8c-85f763074f00,/srv/fim-watch/gen_00073.txt,2026-10-03 08:42:13.684132+00,2026-10-03 08:46:27.47174+00
fca05c10-6bfd-4249-9a42-e8d0ddefde94,/srv/fim-watch/gen_00042.txt,2026-10-03 08:42:13.783647+00,2026-10-03 08:46:27.486589+00
f5873d87-e239-4223-9228-b27f41add497,/srv/fim-watch/gen_00040.txt,2026-10-03 08:42:13.884152+00,2026-10-03 08:46:27.499591+00
a56d79b4-643f-429e-862f-a02c2e3ee164,/srv/fim-watch/gen_00088.txt,2026-10-03 08:42:13.98368+00,2026-10-03 08:46:27.511724+00
5df76f3f-fa7e-4f28-9a9a-e10523a7c96e,/srv/fim-watch/gen_00106.txt,2026-10-03 08:42:14.084152+00,2026-10-03 08:46:27.527305+00
f24c9c94-9fd6-4204-9930-17048291f1ca,/srv/fim-watch/gen_00076.txt,2026-10-03 08:42:14.183901+00,2026-10-03 08:46:27.547861+00
b9330896-1ce9-4cf0-b331-92a33cda045f,/srv/fim-watch/gen_00072.txt,2026-10-03 08:42:14.2837+00,2026-10-03 08:46:27.566936+00
493a93e7-21b0-42f7-90ef-420a40192d33,/srv/fim-watch/gen_00036.txt,2026-10-03 08:42:14.384264+00,2026-10-03 08:46:27.577762+00
ae2e6be8-a427-49c5-baef-92ceffeee4f5,/srv/fim-watch/gen_00036.txt,2026-10-03 08:42:14.484377+00,2026-10-03 08:46:27.589731+00
554baca0-aa06-4e09-9c75-1c0069fe3ccb,/srv/fim-watch/gen_00049.txt,2026-10-03 08:42:14.5835+00,2026-10-03 08:46:27.602292+00
02566ca0-27a4-44bf-8281-9d50ec202607,/srv/fim-watch/gen_00107.txt,2026-10-03 08:42:14.684298+00,2026-10-03 08:46:27.61222+00
f2f1a212-530b-4604-be9e-c7e3124d4185,/srv/fim-watch/gen_00107.txt,2026-10-03 08:42:14.783164+00,2026-10-03 08:46:27.62144+00
4bf00753-5021-46ba-aee1-dfb19841a325,/srv/fim-watch/gen_00054.txt,2026-10-03 08:42:14.884723+00,2026-10-03 08:46:27.631401+00
22b7cb22-210b-4dda-92c6-4892201e7329,/srv/fim-watch/gen_00103.txt,2026-10-03 08:42:14.984002+00,2026-10-03 08:46:27.650457+00
574c0412-afe1-4631-8769-7a2b815fb67a,/srv/fim-watch/gen_00064.txt,2026-10-03 08:42:15.084035+00,2026-10-03 08:46:27.79269+00
a6e64b8e-bba7-4529-a63a-eb78fa06516f,/srv/fim-watch/gen_00096.txt,2026-10-03 08:42:15.183843+00,2026-10-03 08:46:27.815074+00
1c0c0969-aed8-409c-a732-d1aa861ff20d,/srv/fim-watch/gen_00078.txt,2026-10-03 08:42:15.284291+00,2026-10-03 08:46:27.857313+00
b1101923-c84d-49ed-85c1-890ac64c2573,/srv/fim-watch/gen_00020.txt,2026-10-03 08:42:15.383682+00,2026-10-03 08:46:27.893642+00
cfb3ae40-7a89-453d-af3e-0e55ad30e5f2,/srv/fim-watch/gen_00044.txt,2026-10-03 08:42:15.48409+00,2026-10-03 08:46:27.91052+00
45efdb3c-49b4-414c-8b0d-38f2e7879871,/srv/fim-watch/gen_00073.txt,2026-10-03 08:42:15.584355+00,2026-10-03 08:46:27.923144+00
cf63e50d-12bb-4910-8782-7d847ab22e3f,/srv/fim-watch/gen_00073.txt,2026-10-03 08:42:15.684147+00,2026-10-03 08:46:27.950005+00
f1759bc4-1114-4d2a-9372-e2479ad76ac0,/srv/fim-watch/gen_00108.txt,2026-10-03 08:42:15.783933+00,2026-10-03 08:46:27.961476+00
f9ccd346-b825-4386-a016-d6b55ffde70c,/srv/fim-watch/gen_00109.txt,2026-10-03 08:42:15.884049+00,2026-10-03 08:46:27.978854+00
068b1c4b-c7dd-4848-8baa-2cf85864eccb,/srv/fim-watch/gen_00033.txt,2026-10-03 08:42:15.98329+00,2026-10-03 08:46:27.987372+00
85799918-f332-41e6-89b1-364d94f1e514,/srv/fim-watch/gen_00029.txt,2026-10-03 08:42:16.083903+00,2026-10-03 08:46:27.997786+00
26a405da-e144-462e-99fa-8eec35391efd,/srv/fim-watch/gen_00029.txt,2026-10-03 08:42:16.183948+00,2026-10-03 08:46:28.007991+00
6c318342-7e1a-4dc4-b6f6-1de4f3076636,/srv/fim-watch/critico/gen_00110.txt,2026-10-03 08:42:16.284205+00,2026-10-03 08:46:28.017939+00
9de37e27-8f0b-4d36-8527-2327f96bbbb5,/srv/fim-watch/gen_00111.txt,2026-10-03 08:42:16.383909+00,2026-10-03 08:46:28.02802+00
9221d7e3-c070-4baf-b879-ad0e60333f07,/srv/fim-watch/gen_00079.txt,2026-10-03 08:42:16.484266+00,2026-10-03 08:46:28.038109+00
1cd60cde-7aa4-4ad3-b12c-9fb516a96fa8,/srv/fim-watch/gen_00060.txt,2026-10-03 08:42:16.584135+00,2026-10-03 08:46:28.050668+00
017e4352-33a7-42ce-9207-9f80d4ce4857,/srv/fim-watch/gen_00112.txt,2026-10-03 08:42:16.683517+00,2026-10-03 08:46:28.063996+00
b5f6ac8d-f174-43e4-ae24-5d16ef239342,/srv/fim-watch/gen_00112.txt,2026-10-03 08:42:16.783808+00,2026-10-03 08:46:28.075032+00
71e23d07-1f06-429a-b5a2-037ecdefa8fd,/srv/fim-watch/gen_00088.txt,2026-10-03 08:42:16.884138+00,2026-10-03 08:46:28.099074+00
4223327b-d13c-4940-9ad3-4dfd7746d903,/srv/fim-watch/gen_00088.txt,2026-10-03 08:42:16.983498+00,2026-10-03 08:46:28.110447+00
8cd7e668-0c69-4740-8224-064cc834b127,/srv/fim-watch/gen_00058.txt,2026-10-03 08:42:17.083961+00,2026-10-03 08:46:28.121623+00
ebf286f4-1434-4e92-b2a0-a818ec5bca70,/srv/fim-watch/gen_00048.txt,2026-10-03 08:42:17.18429+00,2026-10-03 08:46:28.131132+00
640f6bae-28b3-43f9-acdd-1a208a08f626,/srv/fim-watch/gen_00042.txt,2026-10-03 08:42:17.284312+00,2026-10-03 08:46:28.143464+00
434162a9-b5b0-4aab-8dc6-5c53b074fccd,/srv/fim-watch/gen_00042.txt,2026-10-03 08:42:17.384093+00,2026-10-03 08:46:28.153276+00
2b7719a5-274a-49e5-8688-2df5f9f653ca,/srv/fim-watch/gen_00059.txt,2026-10-03 08:42:17.484236+00,2026-10-03 08:46:28.160695+00
fa2ef529-0ead-477c-b384-e682cc130717,/srv/fim-watch/gen_00113.txt,2026-10-03 08:42:17.584618+00,2026-10-03 08:46:28.168727+00
f7517322-00ea-403d-9eb7-213909be87c4,/srv/fim-watch/gen_00092.txt,2026-10-03 08:42:17.684012+00,2026-10-03 08:46:28.176536+00
25442da6-2c3b-446f-8632-517ee84e3ee1,/srv/fim-watch/gen_00006.txt,2026-10-03 08:42:17.78422+00,2026-10-03 08:46:28.185058+00
89da7b4e-4d56-4934-9563-ef18fc7b147d,/srv/fim-watch/gen_00072.txt,2026-10-03 08:42:17.884185+00,2026-10-03 08:46:28.193225+00
432bf411-0084-4990-90ea-5a5f1cd05313,/srv/fim-watch/gen_00072.txt,2026-10-03 08:42:17.983711+00,2026-10-03 08:46:28.201733+00
3fbdd773-5d8e-489b-8b23-8f87a2dbf09f,/srv/fim-watch/gen_00070.txt,2026-10-03 08:42:18.084123+00,2026-10-03 08:46:28.209888+00
8a03f353-2cb3-4085-90e4-dde80899e2d9,/srv/fim-watch/gen_00079.txt,2026-10-03 08:42:18.184651+00,2026-10-03 08:46:28.218663+00
fc387632-1dfd-49a9-9e68-085cebdf764a,/srv/fim-watch/gen_00079.txt,2026-10-03 08:42:18.284293+00,2026-10-03 08:46:28.2258+00
79ed5f78-7883-4991-bdcd-78f23acf17cf,/srv/fim-watch/gen_00079.txt,2026-10-03 08:42:18.38435+00,2026-10-03 08:46:28.235083+00
d31313c8-ce19-4e33-b64b-54e0a26f8b13,/srv/fim-watch/gen_00079.txt,2026-10-03 08:42:18.48435+00,2026-10-03 08:46:28.244024+00
f94a2dd3-9092-4f52-8c04-699a6d8752b5,/srv/fim-watch/gen_00079.txt,2026-10-03 08:42:18.584166+00,2026-10-03 08:46:28.255156+00
ac19c4ec-8269-4092-b7af-c4916560ed4b,/srv/fim-watch/gen_00020.txt,2026-10-03 08:42:18.684343+00,2026-10-03 08:46:28.264417+00
b74e16a4-44da-4842-9e5d-1c04af6bbf24,/srv/fim-watch/gen_00060.txt,2026-10-03 08:42:18.784636+00,2026-10-03 08:46:28.280776+00
74e7f473-0524-4e85-9548-b2ec79a0ba7c,/srv/fim-watch/gen_00049.txt,2026-10-03 08:42:18.884901+00,2026-10-03 08:46:28.291628+00
7381598c-a4c0-4e8b-93a5-132fe7eda0e4,/srv/fim-watch/gen_00114.txt,2026-10-03 08:42:18.983795+00,2026-10-03 08:46:28.313365+00
0646441d-ce21-4e1a-add0-018733d022d1,/srv/fim-watch/gen_00115.txt,2026-10-03 08:42:19.084284+00,2026-10-03 08:46:28.327063+00
9a32ef17-5916-4a78-a882-8a720c4cb7c4,/srv/fim-watch/gen_00033.txt,2026-10-03 08:42:19.183887+00,2026-10-03 08:46:28.337344+00
95528265-8b41-44ac-803f-de90db1d54a9,/srv/fim-watch/gen_00088.txt,2026-10-03 08:42:19.284161+00,2026-10-03 08:46:28.34731+00
a96bd4cb-bae6-4a66-8cc6-68f4b61bcd00,/srv/fim-watch/gen_00116.txt,2026-10-03 08:42:19.38435+00,2026-10-03 08:46:28.355167+00
e8a70d2b-f3d4-44ba-bce1-432df329c7f1,/srv/fim-watch/gen_00106.txt,2026-10-03 08:42:19.484335+00,2026-10-03 08:46:28.363768+00
36b8e8ae-ed57-4afc-a94a-0768ed09bf74,/srv/fim-watch/gen_00016.txt,2026-10-03 08:42:19.584625+00,2026-10-03 08:46:28.37166+00
6e76d28c-6407-4fc5-b1ca-18c52c7ae3b1,/srv/fim-watch/gen_00117.txt,2026-10-03 08:42:19.683729+00,2026-10-03 08:46:28.380988+00
f4ecf8a1-ea0b-429b-8cb0-138ef1621e33,/srv/fim-watch/gen_00067.txt,2026-10-03 08:42:19.783679+00,2026-10-03 08:46:28.389129+00
6fd7d0bc-936c-4995-a883-18d1abae9138,/srv/fim-watch/critico/gen_00094.txt,2026-10-03 08:42:19.883659+00,2026-10-03 08:46:28.401115+00
918be159-8aef-492e-91ac-eeae9322e39d,/srv/fim-watch/gen_00028.txt,2026-10-03 08:42:19.983671+00,2026-10-03 08:46:28.413213+00
328ae517-5cc2-4a6e-9d96-41b05a66ef76,/srv/fim-watch/gen_00050.txt,2026-10-03 08:42:20.083792+00,2026-10-03 08:46:28.436192+00
8647e773-e170-4da7-9b07-6e098cc52352,/srv/fim-watch/critico/gen_00069.txt,2026-10-03 08:42:20.184278+00,2026-10-03 08:46:28.446199+00
5c13da46-efb5-426e-9dcc-1764fad7bc33,/srv/fim-watch/gen_00118.txt,2026-10-03 08:42:20.284256+00,2026-10-03 08:46:28.460304+00
7eeb0f22-2691-4f1b-ad70-4ca793e31345,/srv/fim-watch/gen_00118.txt,2026-10-03 08:42:20.384466+00,2026-10-03 08:46:28.472791+00
5aa67500-92d4-489c-bd8a-d4741b99599f,/srv/fim-watch/gen_00044.txt,2026-10-03 08:42:20.484255+00,2026-10-03 08:46:28.483884+00
d08a3eae-a95b-4228-b368-ae73fcefd20b,/srv/fim-watch/gen_00044.txt,2026-10-03 08:42:20.584183+00,2026-10-03 08:46:28.498566+00
4c0d3cdc-be8b-4b5b-b2d7-e3f64d2a3880,/srv/fim-watch/gen_00044.txt,2026-10-03 08:42:20.68429+00,2026-10-03 08:46:28.508536+00
8d9b3286-3a54-4aae-8aba-b691b3619dae,/srv/fim-watch/gen_00044.txt,2026-10-03 08:42:20.78445+00,2026-10-03 08:46:28.522591+00
ed2ce5ef-5ada-4a4c-a1a1-c4c2d38c6401,/srv/fim-watch/gen_00044.txt,2026-10-03 08:42:20.88454+00,2026-10-03 08:46:28.535397+00
781f3f48-c14b-4452-9ed6-57dfe8d8906f,/srv/fim-watch/gen_00116.txt,2026-10-03 08:42:20.984165+00,2026-10-03 08:46:28.543084+00
b5a0a3cf-c1bb-46c7-925f-2bbc1ed56131,/srv/fim-watch/gen_00119.txt,2026-10-03 08:42:21.084196+00,2026-10-03 08:46:28.553153+00
f883077d-7d06-45d3-83d8-570d1b2ba56d,/srv/fim-watch/gen_00042.txt,2026-10-03 08:42:21.184396+00,2026-10-03 08:46:28.559949+00
d0c40b8a-f825-4833-ba2f-dc72660d1dfc,/srv/fim-watch/gen_00120.txt,2026-10-03 08:42:21.283974+00,2026-10-03 08:46:28.571149+00
787e7b0d-e0bd-4f73-ad70-2956c7b08f42,/srv/fim-watch/gen_00121.txt,2026-10-03 08:42:21.38421+00,2026-10-03 08:46:28.584435+00
6b635352-1c5f-46b4-b6d7-4800158600d0,/srv/fim-watch/gen_00058.txt,2026-10-03 08:42:21.484123+00,2026-10-03 08:46:28.598679+00
0b4bec5e-8cc5-49eb-9a63-4eff009d3754,/srv/fim-watch/gen_00122.txt,2026-10-03 08:42:21.584029+00,2026-10-03 08:46:28.609047+00
1b8f08b9-8261-4ceb-b6dd-3ee46a320e2b,/srv/fim-watch/critico/gen_00123.txt,2026-10-03 08:42:21.684555+00,2026-10-03 08:46:28.624499+00
aeee00f0-aaac-4359-8f3e-ce130b389007,/srv/fim-watch/gen_00102.txt,2026-10-03 08:42:21.784328+00,2026-10-03 08:46:28.638068+00
62cf16bc-1fb9-42a0-86e9-41ba03742402,/srv/fim-watch/gen_00090.txt,2026-10-03 08:42:21.88433+00,2026-10-03 08:46:28.656609+00
aedbd845-10f2-4853-8dba-c9d6027db2a0,/srv/fim-watch/gen_00090.txt,2026-10-03 08:42:21.984544+00,2026-10-03 08:46:28.669248+00
1142009f-27db-446b-8304-6850c16e5dfc,/srv/fim-watch/gen_00098.txt,2026-10-03 08:42:22.083522+00,2026-10-03 08:46:28.688799+00
f1c5c153-66cc-41f1-a767-adbbbec98f31,/srv/fim-watch/gen_00068.txt,2026-10-03 08:42:22.184501+00,2026-10-03 08:46:28.7066+00
7936875d-2108-47fb-b0f2-fb3cbb584f70,/srv/fim-watch/critico/gen_00047.txt,2026-10-03 08:42:22.283805+00,2026-10-03 08:46:28.721541+00
83bf813d-896a-46d7-a372-a38fcd28dfa3,/srv/fim-watch/critico/gen_00061.txt,2026-10-03 08:42:22.384608+00,2026-10-03 08:46:28.745554+00
d37b6ff8-6bc2-4c97-bbe3-53c26775be1c,/srv/fim-watch/critico/gen_00069.txt,2026-10-03 08:42:22.484439+00,2026-10-03 08:46:28.76628+00
5e4159eb-b8e9-47da-9926-e2d18a74a978,/srv/fim-watch/gen_00124.txt,2026-10-03 08:42:22.584044+00,2026-10-03 08:46:28.7759+00
f6910d5e-fa95-4cef-997a-aad308b9427a,/srv/fim-watch/gen_00097.txt,2026-10-03 08:42:22.684311+00,2026-10-03 08:46:28.789366+00
1df58ac1-7ed9-41e5-9eb0-42b69d24ecf1,/srv/fim-watch/gen_00033.txt,2026-10-03 08:42:22.784954+00,2026-10-03 08:46:28.801728+00
303aca7d-253d-47de-8602-ad3e3387648a,/srv/fim-watch/gen_00076.txt,2026-10-03 08:42:22.884328+00,2026-10-03 08:46:28.812474+00
e336df83-af84-412c-9e33-da86003be5c0,/srv/fim-watch/gen_00100.txt,2026-10-03 08:42:22.984645+00,2026-10-03 08:46:28.825622+00
8afba13c-d2ac-4d49-baf6-3882415cf3be,/srv/fim-watch/critico/gen_00053.txt,2026-10-03 08:42:23.085138+00,2026-10-03 08:46:28.835453+00
813c1178-744b-40fe-86b4-97244c3cb9f7,/srv/fim-watch/gen_00093.txt,2026-10-03 08:42:23.184508+00,2026-10-03 08:46:28.844705+00
740a63c7-e4e0-4cc9-8d5a-a17981f7f41b,/srv/fim-watch/gen_00125.txt,2026-10-03 08:42:23.284187+00,2026-10-03 08:46:28.853808+00
2195ff59-632b-43fc-9094-c1a57b8b2de9,/srv/fim-watch/gen_00104.txt,2026-10-03 08:42:23.38429+00,2026-10-03 08:46:28.867478+00
fce0d82a-bfaf-4255-ac4d-3ab8e087fc72,/srv/fim-watch/gen_00115.txt,2026-10-03 08:42:23.484502+00,2026-10-03 08:46:28.879595+00
584ecce6-2d26-4d5e-a612-162f0774ffbe,/srv/fim-watch/gen_00126.txt,2026-10-03 08:42:23.584237+00,2026-10-03 08:46:28.894915+00
2fc2f1b3-a893-4cd8-b3e9-e09a720a1e03,/srv/fim-watch/gen_00114.txt,2026-10-03 08:42:23.684251+00,2026-10-03 08:46:28.918877+00
f6d6568b-2372-4e4c-89b7-b148240e889b,/srv/fim-watch/gen_00122.txt,2026-10-03 08:42:23.784536+00,2026-10-03 08:46:28.931169+00
43283d08-b208-4eb9-8252-c264ea6e65f3,/srv/fim-watch/gen_00127.txt,2026-10-03 08:42:23.884653+00,2026-10-03 08:46:28.956042+00
c966916a-e50b-452c-8b30-bd7091d782f8,/srv/fim-watch/gen_00128.txt,2026-10-03 08:42:23.9847+00,2026-10-03 08:46:28.975694+00
d395e605-e4e4-49aa-8bde-773b611834dc,/srv/fim-watch/gen_00098.txt,2026-10-03 08:42:24.083996+00,2026-10-03 08:46:28.987781+00
e0a0ff52-8f22-44f3-9a9d-1722cd9b5d25,/srv/fim-watch/critico/gen_00110.txt,2026-10-03 08:42:24.184205+00,2026-10-03 08:46:28.996932+00
c0b7bd63-e3fd-4e4c-94b9-030dc9d803e8,/srv/fim-watch/critico/gen_00110.txt,2026-10-03 08:42:24.28413+00,2026-10-03 08:46:29.005717+00
1711586b-39b3-487e-bfc0-2d8fc576852b,/srv/fim-watch/gen_00090.txt,2026-10-03 08:42:24.384127+00,2026-10-03 08:46:29.014052+00
e6d6a49d-44df-43b7-aa3f-a50666f8d46d,/srv/fim-watch/gen_00116.txt,2026-10-03 08:42:24.484511+00,2026-10-03 08:46:29.022055+00
4a3a7a74-6eed-43d0-8828-9fabeb96cff3,/srv/fim-watch/gen_00125.txt,2026-10-03 08:42:24.584714+00,2026-10-03 08:46:29.030318+00
924b280a-d654-46fa-9c14-5b69ed1612d3,/srv/fim-watch/gen_00129.txt,2026-10-03 08:42:24.683699+00,2026-10-03 08:46:29.039041+00
42029fcb-b167-4bcf-a712-de0b5defdd8f,/srv/fim-watch/critico/gen_00130.txt,2026-10-03 08:42:24.784156+00,2026-10-03 08:46:29.049801+00
c8e61101-631b-4fbe-89dd-49fb721ce7e0,/srv/fim-watch/gen_00131.txt,2026-10-03 08:42:24.883505+00,2026-10-03 08:46:29.058423+00
305aea43-74c3-416b-8bc3-f99a040ff3d8,/srv/fim-watch/gen_00100.txt,2026-10-03 08:42:24.984328+00,2026-10-03 08:46:29.067777+00
d6e5c8f6-eb14-413c-aa89-df47fe1f21d7,/srv/fim-watch/gen_00054.txt,2026-10-03 08:42:25.084577+00,2026-10-03 08:46:29.085697+00
d152a758-b6e1-436b-b545-5a8678c60987,/srv/fim-watch/gen_00132.txt,2026-10-03 08:42:25.184636+00,2026-10-03 08:46:29.096611+00
de0aaad8-e88e-49f4-a126-98f8a521f907,/srv/fim-watch/gen_00129.txt,2026-10-03 08:42:25.284041+00,2026-10-03 08:46:29.10878+00
e597cdf3-aa96-494b-9a8b-c61da705dfb9,/srv/fim-watch/gen_00099.txt,2026-10-03 08:42:25.384466+00,2026-10-03 08:46:29.127113+00
ea7aee62-8241-4a52-a166-79907e759f3c,/srv/fim-watch/gen_00099.txt,2026-10-03 08:42:25.484652+00,2026-10-03 08:46:29.138543+00
72df5938-d72a-4a57-b241-9fb65a7d6c97,/srv/fim-watch/critico/gen_00061.txt,2026-10-03 08:42:25.584318+00,2026-10-03 08:46:29.151001+00
19d8e221-76aa-4510-97aa-5301fd181766,/srv/fim-watch/gen_00104.txt,2026-10-03 08:42:25.684481+00,2026-10-03 08:46:29.160031+00
d4778345-2bf7-4ab6-9a4b-65f9666de2f9,/srv/fim-watch/critico/gen_00110.txt,2026-10-03 08:42:25.784789+00,2026-10-03 08:46:29.167321+00
e53d3e46-45e6-4507-bfb5-3b909add77a7,/srv/fim-watch/critico/gen_00110.txt,2026-10-03 08:42:25.884501+00,2026-10-03 08:46:29.174464+00
108e4b7f-329a-45f2-9818-dd0548c13540,/srv/fim-watch/gen_00079.txt,2026-10-03 08:42:25.98467+00,2026-10-03 08:46:29.181206+00
79c897e0-6a55-44bd-aed8-9357adbd69b4,/srv/fim-watch/gen_00109.txt,2026-10-03 08:42:26.084331+00,2026-10-03 08:46:29.188788+00
a7498b25-e221-44f5-af03-247db9bd6b01,/srv/fim-watch/gen_00119.txt,2026-10-03 08:42:26.184118+00,2026-10-03 08:46:29.198834+00
2c03ac50-038e-4b1c-8aea-7ab36123d3ec,/srv/fim-watch/gen_00042.txt,2026-10-03 08:42:26.284115+00,2026-10-03 08:46:29.207402+00
19c3418b-1d6d-4465-bc26-4edffcf9e9ca,/srv/fim-watch/gen_00093.txt,2026-10-03 08:42:26.384127+00,2026-10-03 08:46:29.215441+00
ef63ab05-83ba-45e7-b9ee-77b9fc072c97,/srv/fim-watch/critico/gen_00069.txt,2026-10-03 08:42:26.48434+00,2026-10-03 08:46:29.225866+00
9e7dc3a2-137c-4b9c-8f8c-29274983b19d,/srv/fim-watch/gen_00133.txt,2026-10-03 08:42:26.5847+00,2026-10-03 08:46:29.23546+00
44bf4f5d-b05e-43c7-b5a0-407ec9a115d4,/srv/fim-watch/gen_00133.txt,2026-10-03 08:42:26.68462+00,2026-10-03 08:46:29.250504+00
20e80e68-bfa8-49c2-bfc6-0a4750098350,/srv/fim-watch/gen_00079.txt,2026-10-03 08:42:26.783654+00,2026-10-03 08:46:29.26292+00
e3ad8c34-09e2-4a46-8550-02f2c448703a,/srv/fim-watch/gen_00116.txt,2026-10-03 08:42:26.884696+00,2026-10-03 08:46:29.2808+00
248b9b0e-fc2b-4bb7-b47d-ea6d623688d6,/srv/fim-watch/gen_00068.txt,2026-10-03 08:42:26.98483+00,2026-10-03 08:46:29.317516+00
98917f22-3bf1-4db1-990f-5d9d7672f6a8,/srv/fim-watch/gen_00088.txt,2026-10-03 08:42:27.083956+00,2026-10-03 08:46:29.340024+00
5947ccf3-6a5f-4e3e-a407-262d32bf3c0c,/srv/fim-watch/gen_00088.txt,2026-10-03 08:42:27.184536+00,2026-10-03 08:46:29.366585+00
80d2d3a4-42aa-48a4-b145-4c66563ab1fe,/srv/fim-watch/gen_00088.txt,2026-10-03 08:42:27.283225+00,2026-10-03 08:46:29.394547+00
d2757bc2-fd4b-40cf-9290-d863ed49ffa2,/srv/fim-watch/gen_00088.txt,2026-10-03 08:42:27.384583+00,2026-10-03 08:46:29.416797+00
d895cb6f-8616-4bce-a1c6-300227b32e69,/srv/fim-watch/gen_00088.txt,2026-10-03 08:42:27.484558+00,2026-10-03 08:46:29.469702+00
e6c13b56-7f56-4831-814d-6ac938f2a398,/srv/fim-watch/gen_00134.txt,2026-10-03 08:42:27.584543+00,2026-10-03 08:46:29.482504+00
c66338cf-e553-43d8-9734-231e3a750953,/srv/fim-watch/gen_00100.txt,2026-10-03 08:42:27.684855+00,2026-10-03 08:46:29.493383+00
fccde4e9-d5eb-46dc-8cad-da75337e585a,/srv/fim-watch/gen_00044.txt,2026-10-03 08:42:27.785338+00,2026-10-03 08:46:29.505026+00
2e74124c-bdee-4e0a-9311-8d950445d9c3,/srv/fim-watch/gen_00135.txt,2026-10-03 08:42:27.884655+00,2026-10-03 08:46:29.520191+00
9b9bb566-29ec-4221-acf3-b47bea1a1505,/srv/fim-watch/gen_00060.txt,2026-10-03 08:42:27.984518+00,2026-10-03 08:46:29.529817+00
80f973ed-f2da-445e-9c2e-a633ae2d8301,/srv/fim-watch/gen_00121.txt,2026-10-03 08:42:28.084346+00,2026-10-03 08:46:29.539009+00
789353d2-759c-4015-b32d-c0879f35ad00,/srv/fim-watch/gen_00121.txt,2026-10-03 08:42:28.184064+00,2026-10-03 08:46:29.549427+00
fde0c5b3-7c43-459e-a729-aaf334ed0bb2,/srv/fim-watch/gen_00121.txt,2026-10-03 08:42:28.283847+00,2026-10-03 08:46:29.562949+00
b9f9e225-0f47-45fc-9f6c-643f0fed6380,/srv/fim-watch/gen_00121.txt,2026-10-03 08:42:28.38431+00,2026-10-03 08:46:29.575132+00
4515d07d-5a8a-4d35-afc7-a49ca8325229,/srv/fim-watch/gen_00121.txt,2026-10-03 08:42:28.484622+00,2026-10-03 08:46:29.58455+00
17b01386-bbe5-4809-b0cf-301413b52318,/srv/fim-watch/gen_00084.txt,2026-10-03 08:42:28.584257+00,2026-10-03 08:46:29.592156+00
6b1b4002-6341-4498-b964-91f09d46d4d7,/srv/fim-watch/gen_00084.txt,2026-10-03 08:42:28.683735+00,2026-10-03 08:46:29.59987+00
f0674d5e-0861-4150-8bbb-310be0844445,/srv/fim-watch/gen_00136.txt,2026-10-03 08:42:28.784453+00,2026-10-03 08:46:29.606962+00
b1e8d2b4-8fb3-4fbc-b193-147a314f12d3,/srv/fim-watch/gen_00100.txt,2026-10-03 08:42:28.884961+00,2026-10-03 08:46:29.615424+00
ceecedaa-98c7-45c2-b94c-6425133d4b81,/srv/fim-watch/gen_00060.txt,2026-10-03 08:42:28.984616+00,2026-10-03 08:46:29.623843+00
b7d52b2f-eef9-4324-bcd8-383d0346b4c9,/srv/fim-watch/gen_00060.txt,2026-10-03 08:42:29.084009+00,2026-10-03 08:46:29.632054+00
9add36be-bf8b-47d0-a1d4-2d59d9528ac1,/srv/fim-watch/gen_00067.txt,2026-10-03 08:42:29.184271+00,2026-10-03 08:46:29.641729+00
b8df728d-9007-41c2-b0dd-017690a7c4f8,/srv/fim-watch/gen_00042.txt,2026-10-03 08:42:29.28516+00,2026-10-03 08:46:29.650155+00
b7d1f722-04b8-491e-afdc-99756d10c4fe,/srv/fim-watch/gen_00137.txt,2026-10-03 08:42:29.384108+00,2026-10-03 08:46:29.660227+00
20669289-4aa8-4557-b8f1-00bd2f0ebd42,/srv/fim-watch/gen_00137.txt,2026-10-03 08:42:29.484535+00,2026-10-03 08:46:29.671491+00
4e4b751c-4136-4167-97d5-5890876d9e2b,/srv/fim-watch/critico/gen_00061.txt,2026-10-03 08:42:29.584527+00,2026-10-03 08:46:29.681022+00
52bb72b9-d4cf-470d-be31-e09a83cdbc91,/srv/fim-watch/gen_00121.txt,2026-10-03 08:42:29.683843+00,2026-10-03 08:46:29.690666+00
0c088eb3-c53f-4a80-9c1f-0df9b57381f7,/srv/fim-watch/gen_00085.txt,2026-10-03 08:42:29.784537+00,2026-10-03 08:46:29.699623+00
07907617-79de-4dad-8260-bf761c8b37a3,/srv/fim-watch/gen_00085.txt,2026-10-03 08:42:29.884501+00,2026-10-03 08:46:29.710987+00
4454e911-7de2-4a7c-9060-822f83ff959b,/srv/fim-watch/gen_00116.txt,2026-10-03 08:42:29.983958+00,2026-10-03 08:46:29.719455+00
790bd864-b8a7-45ea-95aa-992860a38447,/srv/fim-watch/gen_00136.txt,2026-10-03 08:42:30.084229+00,2026-10-03 08:46:29.752187+00
fa3a2fb2-a786-4df0-9d69-dfd667cb2b9b,/srv/fim-watch/gen_00029.txt,2026-10-03 08:42:30.184648+00,2026-10-03 08:46:29.764987+00
93e6ffdb-a0fd-4fbb-a72a-c5122234fe52,/srv/fim-watch/critico/gen_00123.txt,2026-10-03 08:42:30.284259+00,2026-10-03 08:46:29.780835+00
14af48f0-e133-468b-809f-2c43e68b2b03,/srv/fim-watch/gen_00062.txt,2026-10-03 08:42:30.384231+00,2026-10-03 08:46:29.800616+00
f192ecd6-4118-41a7-8137-14a8a8e435fe,/srv/fim-watch/gen_00065.txt,2026-10-03 08:42:30.484503+00,2026-10-03 08:46:29.811711+00
01096d5a-b7d8-4102-87ab-d1bdc0858dfe,/srv/fim-watch/gen_00106.txt,2026-10-03 08:42:30.584378+00,2026-10-03 08:46:29.821003+00
72990615-98ae-4233-8864-760015ad5d7f,/srv/fim-watch/critico/gen_00138.txt,2026-10-03 08:42:30.684504+00,2026-10-03 08:46:29.828892+00
d1ff4fb7-e630-4266-ab77-b36532f7325e,/srv/fim-watch/critico/gen_00138.txt,2026-10-03 08:42:30.784308+00,2026-10-03 08:46:29.838156+00
dbe1646a-0281-465d-9cba-c14d4da07d78,/srv/fim-watch/gen_00054.txt,2026-10-03 08:42:30.884258+00,2026-10-03 08:46:29.857764+00
a96f7fc0-feb7-44cc-962e-bba221ec0774,/srv/fim-watch/gen_00139.txt,2026-10-03 08:42:30.984512+00,2026-10-03 08:46:29.868955+00
09dd9cf5-777a-4d7b-b693-9909f925bd28,/srv/fim-watch/gen_00072.txt,2026-10-03 08:42:31.084632+00,2026-10-03 08:46:29.885662+00
6e0a6817-55b4-4460-92fd-882511cc84dc,/srv/fim-watch/gen_00116.txt,2026-10-03 08:42:31.184519+00,2026-10-03 08:46:29.900517+00
f10d66a9-f788-4e31-b379-86e1ad6b8b6f,/srv/fim-watch/gen_00116.txt,2026-10-03 08:42:31.284894+00,2026-10-03 08:46:29.92464+00
c9012127-25be-4862-a232-2552f6cd45d8,/srv/fim-watch/gen_00116.txt,2026-10-03 08:42:31.384294+00,2026-10-03 08:46:29.937154+00
0e696cb0-80c4-43c7-857b-5280a5ceb950,/srv/fim-watch/gen_00116.txt,2026-10-03 08:42:31.484683+00,2026-10-03 08:46:29.94999+00
86c385b5-0322-4631-9d44-1e2c568e5de5,/srv/fim-watch/gen_00116.txt,2026-10-03 08:42:31.584571+00,2026-10-03 08:46:29.959682+00
e45aafd8-4b93-41bc-bf9a-82a4bfcb394b,/srv/fim-watch/gen_00078.txt,2026-10-03 08:42:31.684863+00,2026-10-03 08:46:29.967933+00
2cba5e0b-95db-4550-821c-53d0b8ce202e,/srv/fim-watch/gen_00140.txt,2026-10-03 08:42:31.784097+00,2026-10-03 08:46:29.976308+00
6af51283-3635-4ed9-927c-d2f76689124b,/srv/fim-watch/gen_00086.txt,2026-10-03 08:42:31.884187+00,2026-10-03 08:46:29.9842+00
4a535506-4d5c-4309-8c7b-2a30ebc6e09a,/srv/fim-watch/gen_00086.txt,2026-10-03 08:42:31.98469+00,2026-10-03 08:46:29.990886+00
e1de92ac-2209-4b64-a4b4-439f043c7395,/srv/fim-watch/gen_00086.txt,2026-10-03 08:42:32.08473+00,2026-10-03 08:46:29.998877+00
8d6a334f-9215-432e-8ff5-7fe2a20b4716,/srv/fim-watch/gen_00086.txt,2026-10-03 08:42:32.184114+00,2026-10-03 08:46:30.006767+00
008c2ce1-0d1c-4923-b639-dd5e6a015c74,/srv/fim-watch/gen_00086.txt,2026-10-03 08:42:32.283599+00,2026-10-03 08:46:30.014522+00
fae42ce3-4151-47bb-9fe3-ae6646381e7a,/srv/fim-watch/critico/gen_00141.txt,2026-10-03 08:42:32.384121+00,2026-10-03 08:46:30.022291+00
21de01ca-5f7e-4876-9fcf-fb5915eb3c3f,/srv/fim-watch/gen_00088.txt,2026-10-03 08:42:32.484628+00,2026-10-03 08:46:30.031436+00
7c6a27bc-3d3e-40ca-8b01-788a663b9710,/srv/fim-watch/gen_00140.txt,2026-10-03 08:42:32.584887+00,2026-10-03 08:46:30.0518+00
6a9d8496-4772-4f52-b224-8587b0f1f414,/srv/fim-watch/gen_00073.txt,2026-10-03 08:42:32.68489+00,2026-10-03 08:46:30.063338+00
d5ecec67-4aca-43d0-b703-c1b03299f4ec,/srv/fim-watch/gen_00135.txt,2026-10-03 08:42:32.784619+00,2026-10-03 08:46:30.074518+00
87c90f16-2394-421e-be50-24e706c5d950,/srv/fim-watch/gen_00102.txt,2026-10-03 08:42:32.884133+00,2026-10-03 08:46:30.085917+00
9b6aab3f-bcc1-46ae-859b-6de1198e1a9d,/srv/fim-watch/gen_00050.txt,2026-10-03 08:42:32.984387+00,2026-10-03 08:46:30.097732+00
e3b1cda7-3014-4ded-977b-fa14aae759a9,/srv/fim-watch/gen_00117.txt,2026-10-03 08:42:33.084484+00,2026-10-03 08:46:30.10995+00
25c7a026-6164-4381-b0b1-5b73f6f33627,/srv/fim-watch/gen_00142.txt,2026-10-03 08:42:33.184202+00,2026-10-03 08:46:30.132166+00
cb526850-e41c-49ee-9265-137f215ec07f,/srv/fim-watch/gen_00131.txt,2026-10-03 08:42:33.284283+00,2026-10-03 08:46:30.152993+00
f018ba83-fb1a-4e29-9ae0-74bb2f2fbabd,/srv/fim-watch/gen_00089.txt,2026-10-03 08:42:33.384154+00,2026-10-03 08:46:30.165537+00
4c544cce-d863-4e7b-a284-82119295d61c,/srv/fim-watch/gen_00128.txt,2026-10-03 08:42:33.484096+00,2026-10-03 08:46:30.17635+00
5106615c-9265-4f19-95fd-bd9efeaeb583,/srv/fim-watch/critico/gen_00061.txt,2026-10-03 08:42:33.584805+00,2026-10-03 08:46:30.18537+00
20d8b756-d8f9-4fd0-8417-e258b93cc1a7,/srv/fim-watch/critico/gen_00061.txt,2026-10-03 08:42:33.684499+00,2026-10-03 08:46:30.196059+00
d4ffd8e0-576e-4bcb-8a03-68e7ded57a94,/srv/fim-watch/gen_00086.txt,2026-10-03 08:42:33.784007+00,2026-10-03 08:46:30.207814+00
fd287aef-1521-4194-bcb8-5cf850105bba,/srv/fim-watch/gen_00143.txt,2026-10-03 08:42:33.884177+00,2026-10-03 08:46:30.230806+00
c4e69859-99bc-44ba-8e0d-676bebc0c90d,/srv/fim-watch/gen_00143.txt,2026-10-03 08:42:33.984779+00,2026-10-03 08:46:30.260836+00
92f90590-9d33-4d79-9d35-52d05189b2f7,/srv/fim-watch/gen_00054.txt,2026-10-03 08:42:34.084719+00,2026-10-03 08:46:30.284134+00
4baf0d5b-cf10-4a59-a4e9-1735d614ea85,/srv/fim-watch/gen_00054.txt,2026-10-03 08:42:34.184165+00,2026-10-03 08:46:30.322231+00
96101cae-7c34-4d2a-9418-eb3c78f7c3ca,/srv/fim-watch/gen_00054.txt,2026-10-03 08:42:34.284654+00,2026-10-03 08:46:30.334719+00
09804b38-0921-409e-83e9-dc8398f639ab,/srv/fim-watch/gen_00054.txt,2026-10-03 08:42:34.384024+00,2026-10-03 08:46:30.349271+00
c0716412-7dd7-4028-a6fc-770f2a4869ad,/srv/fim-watch/gen_00054.txt,2026-10-03 08:42:34.484575+00,2026-10-03 08:46:30.362206+00
50cf5d2d-b99e-4f06-9b7f-0e4002339437,/srv/fim-watch/gen_00117.txt,2026-10-03 08:42:34.584396+00,2026-10-03 08:46:30.376027+00
f30bdc77-b4b1-4907-98c5-43b334820788,/srv/fim-watch/gen_00117.txt,2026-10-03 08:42:34.684354+00,2026-10-03 08:46:30.396114+00
c8d747d0-6d0d-406e-ab22-22e0ebe2bda9,/srv/fim-watch/critico/gen_00144.txt,2026-10-03 08:42:34.784125+00,2026-10-03 08:46:30.407735+00
38c94cd2-2ee9-4bc4-89c9-9fe906fd8c75,/srv/fim-watch/gen_00054.txt,2026-10-03 08:42:34.884657+00,2026-10-03 08:46:30.415371+00
d2b83a43-9921-45d2-873f-22321468a903,/srv/fim-watch/gen_00145.txt,2026-10-03 08:42:34.983732+00,2026-10-03 08:46:30.425141+00
ab566cf9-c1d5-4062-91fe-c25b17cc74f9,/srv/fim-watch/gen_00105.txt,2026-10-03 08:42:35.084048+00,2026-10-03 08:46:30.439204+00
6ed2bfa6-776c-4784-92b1-dcd8ae8cc1b1,/srv/fim-watch/gen_00016.txt,2026-10-03 08:42:35.184139+00,2026-10-03 08:46:30.44858+00
b743980a-3c29-45fa-8698-2c6d8a40ac88,/srv/fim-watch/gen_00016.txt,2026-10-03 08:42:35.28479+00,2026-10-03 08:46:30.456794+00
d0624ec2-efe2-4586-8408-530867454a31,/srv/fim-watch/critico/gen_00144.txt,2026-10-03 08:42:35.385129+00,2026-10-03 08:46:30.466441+00
65c1ecf0-a32f-4b3e-8a91-764ed0f2e8a8,/srv/fim-watch/gen_00146.txt,2026-10-03 08:42:35.484555+00,2026-10-03 08:46:30.477629+00
597bb59f-c258-4438-97ec-899da237d567,/srv/fim-watch/gen_00098.txt,2026-10-03 08:42:35.584229+00,2026-10-03 08:46:30.485865+00
466f0c51-104a-4829-ae2a-1814344cc01b,/srv/fim-watch/gen_00098.txt,2026-10-03 08:42:35.684671+00,2026-10-03 08:46:30.495137+00
06f3f307-0e61-4129-8fd0-df03d6bc8f74,/srv/fim-watch/gen_00128.txt,2026-10-03 08:42:35.784818+00,2026-10-03 08:46:30.503446+00
f012ee56-9f61-45be-9b85-5a1cf7a33477,/srv/fim-watch/gen_00074.txt,2026-10-03 08:42:35.884818+00,2026-10-03 08:46:30.512122+00
05bd3f4f-017e-40ab-9a5a-db46e383519c,/srv/fim-watch/gen_00073.txt,2026-10-03 08:42:35.985018+00,2026-10-03 08:46:30.519999+00
ba912456-73c4-4062-8711-373379af997d,/srv/fim-watch/gen_00135.txt,2026-10-03 08:42:36.085085+00,2026-10-03 08:46:30.528738+00
12ca7af6-3206-4f88-a20e-15c5955956c4,/srv/fim-watch/gen_00100.txt,2026-10-03 08:42:36.184649+00,2026-10-03 08:46:30.536611+00
c3a71d4f-bda9-48cb-871d-5367df73dec5,/srv/fim-watch/gen_00115.txt,2026-10-03 08:42:36.284834+00,2026-10-03 08:46:30.544638+00
cb91d5ff-dd2f-4157-b3ba-8c668a566e15,/srv/fim-watch/gen_00147.txt,2026-10-03 08:42:36.384078+00,2026-10-03 08:46:30.553058+00
5b15f052-cb53-4465-ac5c-e40a43745a75,/srv/fim-watch/critico/gen_00091.txt,2026-10-03 08:42:36.484119+00,2026-10-03 08:46:30.561163+00
efd24f57-605f-4dbe-bf47-d7c46251cb28,/srv/fim-watch/gen_00062.txt,2026-10-03 08:42:36.584774+00,2026-10-03 08:46:30.569252+00
560ec228-a2a7-496a-8efc-10f55e9981da,/srv/fim-watch/gen_00132.txt,2026-10-03 08:42:36.684262+00,2026-10-03 08:46:30.580025+00
901bd0cb-d23f-4e49-a7a3-49862ff9e903,/srv/fim-watch/gen_00048.txt,2026-10-03 08:42:36.784182+00,2026-10-03 08:46:30.591287+00
67c874de-a495-4615-b762-16ebcf4d43c4,/srv/fim-watch/gen_00136.txt,2026-10-03 08:42:36.884711+00,2026-10-03 08:46:30.602659+00
fb38092c-ad01-40ae-944b-4f14f487faae,/srv/fim-watch/gen_00109.txt,2026-10-03 08:42:36.984403+00,2026-10-03 08:46:30.611939+00
9d885293-e980-44c1-b2d2-8932685986ff,/srv/fim-watch/gen_00085.txt,2026-10-03 08:42:37.08454+00,2026-10-03 08:46:30.62039+00
d8c74890-c912-48b2-8f90-9401a89f5e2a,/srv/fim-watch/gen_00085.txt,2026-10-03 08:42:37.18401+00,2026-10-03 08:46:30.629776+00
2839cda0-9406-4c03-8db5-b93c6d8b78f5,/srv/fim-watch/critico/gen_00130.txt,2026-10-03 08:42:37.284204+00,2026-10-03 08:46:30.63771+00
5ab50a00-c62d-4b0e-92ff-f87b15c744fb,/srv/fim-watch/gen_00006.txt,2026-10-03 08:42:37.384241+00,2026-10-03 08:46:30.646083+00
3ec9b2fc-5f33-4637-8b37-0368dd74bd15,/srv/fim-watch/gen_00148.txt,2026-10-03 08:42:37.484043+00,2026-10-03 08:46:30.655231+00
5a72e20d-593b-4f77-8fd9-be2733bace71,/srv/fim-watch/gen_00116.txt,2026-10-03 08:42:37.58422+00,2026-10-03 08:46:30.666882+00
bf9f37ee-5a4c-421a-8980-09aefc0199f5,/srv/fim-watch/gen_00148.txt,2026-10-03 08:42:37.684114+00,2026-10-03 08:46:30.689212+00
a4b1c28a-f11c-4ea8-928d-d2eeb4e76f84,/srv/fim-watch/gen_00148.txt,2026-10-03 08:42:37.784577+00,2026-10-03 08:46:30.711324+00
a2cd8d5b-f913-4261-ae81-5d6a2e34697b,/srv/fim-watch/gen_00148.txt,2026-10-03 08:42:37.884887+00,2026-10-03 08:46:30.738465+00
2041e6db-6ba6-4f6d-b51e-fff9b72b19eb,/srv/fim-watch/gen_00148.txt,2026-10-03 08:42:37.984441+00,2026-10-03 08:46:30.762135+00
2de553f6-260a-438e-9451-84558f9b6b75,/srv/fim-watch/gen_00148.txt,2026-10-03 08:42:38.084279+00,2026-10-03 08:46:30.778306+00
826cb005-d24b-436a-b3cb-d1f8c4fcdcba,/srv/fim-watch/gen_00064.txt,2026-10-03 08:42:38.184522+00,2026-10-03 08:46:30.810413+00
50f825ae-7f2b-4a73-997d-2bb81cd3f775,/srv/fim-watch/gen_00064.txt,2026-10-03 08:42:38.28424+00,2026-10-03 08:46:30.84423+00
eb9e566e-a90f-44b4-88a1-90bbafcab1a0,/srv/fim-watch/gen_00085.txt,2026-10-03 08:42:38.384222+00,2026-10-03 08:46:30.853485+00
192b3eb7-b7e0-4e30-8c54-2a445c850ffe,/srv/fim-watch/gen_00149.txt,2026-10-03 08:42:38.483085+00,2026-10-03 08:46:30.869882+00
ff440884-41fe-4532-a648-108280b9780e,/srv/fim-watch/critico/gen_00144.txt,2026-10-03 08:42:38.584708+00,2026-10-03 08:46:30.881994+00
8a83ced1-27a6-47d8-a0bb-1c2c0b377b45,/srv/fim-watch/gen_00103.txt,2026-10-03 08:42:38.684829+00,2026-10-03 08:46:30.890395+00
d0aacea8-67d6-4696-9ced-e0db35343d29,/srv/fim-watch/gen_00106.txt,2026-10-03 08:42:38.78388+00,2026-10-03 08:46:30.904712+00
fbc40116-562b-471b-942f-91a52743159a,/srv/fim-watch/gen_00131.txt,2026-10-03 08:42:38.88423+00,2026-10-03 08:46:30.912628+00
20a7ad72-f56c-4455-b424-f0cd03934cb5,/srv/fim-watch/gen_00096.txt,2026-10-03 08:42:38.984322+00,2026-10-03 08:46:30.921166+00
ef8dacfb-6cba-49cd-a9f3-3ffe53700497,/srv/fim-watch/critico/gen_00150.txt,2026-10-03 08:42:39.084632+00,2026-10-03 08:46:30.928012+00
dfde3f2f-53f4-41c1-a2d1-f90242c63c9e,/srv/fim-watch/gen_00151.txt,2026-10-03 08:42:39.183694+00,2026-10-03 08:46:30.935067+00
3d30a55f-ede0-4483-a796-b769fbc5bb84,/srv/fim-watch/gen_00152.txt,2026-10-03 08:42:39.28479+00,2026-10-03 08:46:30.947007+00
fc16d21e-8887-4d8c-b4be-ba21658b33f2,/srv/fim-watch/gen_00084.txt,2026-10-03 08:42:39.384546+00,2026-10-03 08:46:30.956396+00
68239d1b-400d-4872-a531-5dceb3b61803,/srv/fim-watch/critico/gen_00153.txt,2026-10-03 08:42:39.48427+00,2026-10-03 08:46:30.970846+00
ed77e398-26df-4861-9478-3c11a73ee991,/srv/fim-watch/gen_00127.txt,2026-10-03 08:42:39.584774+00,2026-10-03 08:46:30.978914+00
4ee48ca9-0736-4e61-aa35-468d7ede2cd1,/srv/fim-watch/gen_00154.txt,2026-10-03 08:42:39.684727+00,2026-10-03 08:46:30.986849+00
599a413e-8ae6-4ef4-aaeb-ef0eb34edf3f,/srv/fim-watch/critico/gen_00150.txt,2026-10-03 08:42:39.783878+00,2026-10-03 08:46:30.996327+00
6102ed2f-2c49-4db0-86e5-80e33034b19e,/srv/fim-watch/gen_00155.txt,2026-10-03 08:42:39.884399+00,2026-10-03 08:46:31.003674+00
62ba8f87-b210-4851-8e12-22e60b0499fb,/srv/fim-watch/gen_00147.txt,2026-10-03 08:42:39.984817+00,2026-10-03 08:46:31.010347+00
89573466-eb81-4bd6-874f-a8da45e2e0e9,/srv/fim-watch/gen_00120.txt,2026-10-03 08:42:40.083913+00,2026-10-03 08:46:31.023339+00
eb9fa6a6-1cf1-44be-8063-4592848a902a,/srv/fim-watch/gen_00120.txt,2026-10-03 08:42:40.184719+00,2026-10-03 08:46:31.029905+00
5ff44cb3-1173-4ada-8535-decb3c50633e,/srv/fim-watch/critico/gen_00156.txt,2026-10-03 08:42:40.284731+00,2026-10-03 08:46:31.037802+00
50518587-b49b-4c2f-86b9-4bbe98999aa2,/srv/fim-watch/gen_00151.txt,2026-10-03 08:42:40.384004+00,2026-10-03 08:46:31.046098+00
0eb891d0-2ab3-4120-8f60-c887740f480d,/srv/fim-watch/gen_00125.txt,2026-10-03 08:42:40.483526+00,2026-10-03 08:46:31.05406+00
46396e6c-f759-48ae-8973-ebcacb6a96c4,/srv/fim-watch/critico/gen_00144.txt,2026-10-03 08:42:40.584251+00,2026-10-03 08:46:31.063015+00
7e042634-503f-47e8-9cd9-7727c3764dad,/srv/fim-watch/gen_00155.txt,2026-10-03 08:42:40.684444+00,2026-10-03 08:46:31.072361+00
fdc509d7-d1dc-4bd6-a03a-b20f46e4d263,/srv/fim-watch/gen_00078.txt,2026-10-03 08:42:40.784067+00,2026-10-03 08:46:31.081689+00
46ab81b7-c207-4421-ae2e-9b794034416d,/srv/fim-watch/gen_00157.txt,2026-10-03 08:42:40.883814+00,2026-10-03 08:46:31.100496+00
6c079573-9b31-42b1-88a1-26b2e613234d,/srv/fim-watch/gen_00151.txt,2026-10-03 08:42:40.984315+00,2026-10-03 08:46:31.122253+00
457a9a92-6c27-4351-b9ae-34f60aa5d63b,/srv/fim-watch/gen_00158.txt,2026-10-03 08:42:41.084231+00,2026-10-03 08:46:31.133013+00
1729cbff-a161-4b12-8f6a-8052bd80d807,/srv/fim-watch/gen_00142.txt,2026-10-03 08:42:41.184669+00,2026-10-03 08:46:31.148838+00
0ceff8d5-ae93-4ad1-9468-7e06df646201,/srv/fim-watch/gen_00142.txt,2026-10-03 08:42:41.284598+00,2026-10-03 08:46:31.168481+00
c1f36526-2811-41bd-b56c-82782a67b368,/srv/fim-watch/gen_00142.txt,2026-10-03 08:42:41.384321+00,2026-10-03 08:46:31.187381+00
1f3763be-0e06-4f2a-a40a-d9a4ec0cb768,/srv/fim-watch/gen_00142.txt,2026-10-03 08:42:41.48385+00,2026-10-03 08:46:31.199196+00
2e1058dc-4b46-42c0-a7fd-4385c36a979b,/srv/fim-watch/gen_00142.txt,2026-10-03 08:42:41.583853+00,2026-10-03 08:46:31.208502+00
73f9a864-af59-45de-bc51-245fbf93744d,/srv/fim-watch/gen_00159.txt,2026-10-03 08:42:41.684045+00,2026-10-03 08:46:31.215921+00
56721ade-e726-4320-a976-4e80fd04e803,/srv/fim-watch/gen_00160.txt,2026-10-03 08:42:41.783881+00,2026-10-03 08:46:31.225395+00
fbcae001-9e1a-4664-a15e-59dbbb55b0a1,/srv/fim-watch/gen_00050.txt,2026-10-03 08:42:41.886366+00,2026-10-03 08:46:31.236476+00
cb5f786b-85e6-4072-bfe5-a7cac8e55f5b,/srv/fim-watch/gen_00078.txt,2026-10-03 08:42:41.984044+00,2026-10-03 08:46:31.248032+00
081d4b9c-389f-46a0-bc42-473acb326ffa,/srv/fim-watch/gen_00151.txt,2026-10-03 08:42:42.084387+00,2026-10-03 08:46:31.263093+00
2ffb4af1-3740-4073-9353-e25ff053cd5a,/srv/fim-watch/gen_00161.txt,2026-10-03 08:42:42.183351+00,2026-10-03 08:46:31.27768+00
5f222a17-9da6-4851-865b-9ebc3492991e,/srv/fim-watch/gen_00062.txt,2026-10-03 08:42:42.284352+00,2026-10-03 08:46:31.292139+00
535b35f1-87da-41e7-8c0a-6467fa15ed05,/srv/fim-watch/gen_00062.txt,2026-10-03 08:42:42.383437+00,2026-10-03 08:46:31.304706+00
7c70a554-49b1-4e86-8562-8fba0426a998,/srv/fim-watch/gen_00099.txt,2026-10-03 08:42:42.483508+00,2026-10-03 08:46:31.326511+00
3d512018-a8bd-4df4-94cf-7fe3f95c0dd7,/srv/fim-watch/gen_00054.txt,2026-10-03 08:42:42.584657+00,2026-10-03 08:46:31.336142+00
8389211f-6324-4f79-89c5-2ff82b9ead3c,/srv/fim-watch/gen_00054.txt,2026-10-03 08:42:42.684529+00,2026-10-03 08:46:31.345081+00
36527e1c-9766-4668-9dae-03f6571dfc79,/srv/fim-watch/critico/gen_00053.txt,2026-10-03 08:42:42.784366+00,2026-10-03 08:46:31.353794+00
303c1629-9c3b-47b3-9cb0-e50279e51416,/srv/fim-watch/critico/gen_00053.txt,2026-10-03 08:42:42.884316+00,2026-10-03 08:46:31.362545+00
06eee81a-22a1-4b5f-b63c-61a51f8d03f8,/srv/fim-watch/gen_00159.txt,2026-10-03 08:42:42.985047+00,2026-10-03 08:46:31.374274+00
865caa1d-deab-46f1-95d2-55b5ac221afb,/srv/fim-watch/gen_00151.txt,2026-10-03 08:42:43.084662+00,2026-10-03 08:46:31.386707+00
7619f6ca-75a3-4822-bd35-99a75976984d,/srv/fim-watch/gen_00151.txt,2026-10-03 08:42:43.184673+00,2026-10-03 08:46:31.400632+00
6f8fcc9e-9e28-4f13-912f-8b7025f7ab5a,/srv/fim-watch/gen_00115.txt,2026-10-03 08:42:43.284715+00,2026-10-03 08:46:31.410942+00
55fb7cbc-5baa-43fd-b4a3-4ff933c6fdb7,/srv/fim-watch/gen_00162.txt,2026-10-03 08:42:43.384592+00,2026-10-03 08:46:31.419308+00
e0e22444-cad0-4f7f-99d7-f0cb48331fa7,/srv/fim-watch/gen_00100.txt,2026-10-03 08:42:43.484345+00,2026-10-03 08:46:31.428295+00
14fc4b02-ea61-46d8-8648-d35946ecab14,/srv/fim-watch/gen_00100.txt,2026-10-03 08:42:43.584875+00,2026-10-03 08:46:31.438379+00
a3fc5c64-d8a5-413e-8ad9-f229ee5838fb,/srv/fim-watch/gen_00006.txt,2026-10-03 08:42:43.684222+00,2026-10-03 08:46:31.44765+00
9ee50099-21e9-4648-bafd-c8b03223cd0c,/srv/fim-watch/gen_00049.txt,2026-10-03 08:42:43.783834+00,2026-10-03 08:46:31.45875+00
c3c26161-6518-4d33-a86f-9273d62afb85,/srv/fim-watch/gen_00161.txt,2026-10-03 08:42:43.884136+00,2026-10-03 08:46:31.468375+00
b47a1a16-7f4e-4f18-a3ec-a6ea2c15f28a,/srv/fim-watch/gen_00160.txt,2026-10-03 08:42:43.984698+00,2026-10-03 08:46:31.489404+00
60ea25af-2db5-4f28-bace-2b105ee931c6,/srv/fim-watch/gen_00122.txt,2026-10-03 08:42:44.084218+00,2026-10-03 08:46:31.503459+00
31dfa2d3-b33f-4c92-bc30-62e3e57f6fd5,/srv/fim-watch/gen_00155.txt,2026-10-03 08:42:44.184873+00,2026-10-03 08:46:31.51603+00
057427a4-1c30-4ba6-aacc-92a22287f938,/srv/fim-watch/gen_00065.txt,2026-10-03 08:42:44.284496+00,2026-10-03 08:46:31.528703+00
279e5110-0d8c-4b35-bc99-de5a212fe084,/srv/fim-watch/gen_00065.txt,2026-10-03 08:42:44.38465+00,2026-10-03 08:46:31.540179+00
24111c75-a22b-4586-b0d9-744ec752e01c,/srv/fim-watch/gen_00163.txt,2026-10-03 08:42:44.48429+00,2026-10-03 08:46:31.549561+00
87a6dedf-c125-4a63-9a9c-322ed1bfc4df,/srv/fim-watch/gen_00126.txt,2026-10-03 08:42:44.584089+00,2026-10-03 08:46:31.559754+00
16d30070-2358-46a0-bbe9-ea9e4d6ec19a,/srv/fim-watch/gen_00164.txt,2026-10-03 08:42:44.684061+00,2026-10-03 08:46:31.590494+00
fc964c69-3c70-49c8-8ca3-d48fe62b297f,/srv/fim-watch/gen_00164.txt,2026-10-03 08:42:44.783951+00,2026-10-03 08:46:31.607986+00
607b5196-225b-496f-8872-8c81a1141032,/srv/fim-watch/gen_00165.txt,2026-10-03 08:42:44.88372+00,2026-10-03 08:46:31.635552+00
72f895c8-3126-4f4b-ba95-540db70af14e,/srv/fim-watch/gen_00078.txt,2026-10-03 08:42:44.984264+00,2026-10-03 08:46:31.651635+00
3c8b6bf9-aaa2-44f1-af00-f6350cdbbe2d,/srv/fim-watch/gen_00125.txt,2026-10-03 08:42:45.084327+00,2026-10-03 08:46:31.69242+00
7f282e24-bec6-483f-8f4a-65828c389a26,/srv/fim-watch/gen_00057.txt,2026-10-03 08:42:45.184151+00,2026-10-03 08:46:31.715428+00
ef6e5083-5f08-42b2-94c1-1b9904251571,/srv/fim-watch/gen_00124.txt,2026-10-03 08:42:45.284638+00,2026-10-03 08:46:31.732195+00
2cfcd1ab-38af-4f1b-a17a-9e63f6fa1e44,/srv/fim-watch/gen_00166.txt,2026-10-03 08:42:45.38459+00,2026-10-03 08:46:31.75315+00
b85e259a-09b3-427a-85d0-ef5bfc1e641c,/srv/fim-watch/gen_00158.txt,2026-10-03 08:42:45.484917+00,2026-10-03 08:46:31.774988+00
4333268d-5ead-4440-9591-e0d62578ad70,/srv/fim-watch/gen_00088.txt,2026-10-03 08:42:45.584569+00,2026-10-03 08:46:31.80243+00
f014a253-76a6-4cdd-bf49-6e4c085b18cd,/srv/fim-watch/gen_00048.txt,2026-10-03 08:42:45.684378+00,2026-10-03 08:46:31.818298+00
f3f02a4f-c11f-4b21-ac84-f2cf40721d85,/srv/fim-watch/critico/gen_00150.txt,2026-10-03 08:42:45.784274+00,2026-10-03 08:46:31.839444+00
489700c1-37df-4a84-af81-f139bc088085,/srv/fim-watch/gen_00161.txt,2026-10-03 08:42:45.88424+00,2026-10-03 08:46:31.857252+00
ffd22cca-b4ca-4a6b-a85c-dee1bac79efc,/srv/fim-watch/gen_00049.txt,2026-10-03 08:42:45.984102+00,2026-10-03 08:46:31.867326+00
99102829-fbff-4f57-90a6-d815950dd72e,/srv/fim-watch/gen_00049.txt,2026-10-03 08:42:46.084348+00,2026-10-03 08:46:31.876342+00
385b3bbe-c6a9-4848-8da0-b078cc9c05cd,/srv/fim-watch/gen_00102.txt,2026-10-03 08:42:46.184781+00,2026-10-03 08:46:31.885816+00
3be5ef1a-d9d8-44e1-a1e0-c1ec6d36dceb,/srv/fim-watch/gen_00167.txt,2026-10-03 08:42:46.284504+00,2026-10-03 08:46:31.894466+00
d6ffcb00-49dd-4dce-a9f7-c597ce63b2f7,/srv/fim-watch/gen_00040.txt,2026-10-03 08:42:46.384584+00,2026-10-03 08:46:31.90244+00
89b8b20e-51ef-4c2e-bb38-c7a7ed1d59a7,/srv/fim-watch/gen_00151.txt,2026-10-03 08:42:46.484567+00,2026-10-03 08:46:31.910367+00
d8042cb3-4c2e-4604-9695-3d3f54454438,/srv/fim-watch/gen_00151.txt,2026-10-03 08:42:46.583786+00,2026-10-03 08:46:31.91851+00
4f2fcf8f-7df1-460c-ae81-c4b1aad1abf7,/srv/fim-watch/gen_00151.txt,2026-10-03 08:42:46.684508+00,2026-10-03 08:46:31.927515+00
b9c90aea-d173-47d3-adfe-67a00011e59f,/srv/fim-watch/gen_00151.txt,2026-10-03 08:42:46.784687+00,2026-10-03 08:46:31.936809+00
c5a5ed24-8bb4-4559-b094-c1fac63f9497,/srv/fim-watch/gen_00151.txt,2026-10-03 08:42:46.884663+00,2026-10-03 08:46:31.946226+00
08297e39-d691-437a-bd9e-4a677b9387e3,/srv/fim-watch/gen_00033.txt,2026-10-03 08:42:46.984696+00,2026-10-03 08:46:31.955534+00
e59b54b2-7b11-4f8c-963d-75144d3185fd,/srv/fim-watch/gen_00166.txt,2026-10-03 08:42:47.084171+00,2026-10-03 08:46:31.963676+00
86ca01f8-e761-4efd-bc10-fb02deea4687,/srv/fim-watch/critico/gen_00130.txt,2026-10-03 08:42:47.184642+00,2026-10-03 08:46:31.972349+00
19f691b8-606c-4b8d-b3ed-268010f11ded,/srv/fim-watch/critico/gen_00025.txt,2026-10-03 08:42:47.284178+00,2026-10-03 08:46:31.980666+00
6bbce973-7435-4b56-8dbb-1a2194f2d137,/srv/fim-watch/gen_00054.txt,2026-10-03 08:42:47.384188+00,2026-10-03 08:46:31.988917+00
e52d60b0-5f00-4385-8493-a2155268bcee,/srv/fim-watch/gen_00168.txt,2026-10-03 08:42:47.484595+00,2026-10-03 08:46:31.99742+00
4965c1d4-d7b5-49f0-8734-db9eb4cccbcf,/srv/fim-watch/critico/gen_00169.txt,2026-10-03 08:42:47.584354+00,2026-10-03 08:46:32.008384+00
e96c57c1-8e75-45a5-a435-c1b1f5a708ba,/srv/fim-watch/gen_00170.txt,2026-10-03 08:42:47.684106+00,2026-10-03 08:46:32.018538+00
14c5738f-3d55-4f6d-b6ad-85598a51190e,/srv/fim-watch/gen_00033.txt,2026-10-03 08:42:47.784812+00,2026-10-03 08:46:32.037049+00
ff697e60-e57c-4074-b4c1-08f07369911c,/srv/fim-watch/gen_00171.txt,2026-10-03 08:42:47.884644+00,2026-10-03 08:46:32.057458+00
d7a82397-f235-4be1-a055-272814827992,/srv/fim-watch/gen_00172.txt,2026-10-03 08:42:47.984826+00,2026-10-03 08:46:32.067079+00
c0f3abf1-5bea-4220-bb82-0ba9c5518f30,/srv/fim-watch/gen_00093.txt,2026-10-03 08:42:48.084375+00,2026-10-03 08:46:32.076566+00
32857e96-3e9d-4a06-b177-ff92480fd109,/srv/fim-watch/gen_00065.txt,2026-10-03 08:42:48.18472+00,2026-10-03 08:46:32.084634+00
1a4cdd56-5355-49d0-9474-ad7b2cec424f,/srv/fim-watch/critico/gen_00156.txt,2026-10-03 08:42:48.284896+00,2026-10-03 08:46:32.0922+00
b3b938bc-aa80-4e93-8c87-eaab447bdd6d,/srv/fim-watch/gen_00135.txt,2026-10-03 08:42:48.384971+00,2026-10-03 08:46:32.102085+00
92a709be-0b30-42ed-b3bc-098a8718d48c,/srv/fim-watch/gen_00089.txt,2026-10-03 08:42:48.484783+00,2026-10-03 08:46:32.110164+00
29d2e04f-7cf9-451d-a156-19538290cabf,/srv/fim-watch/gen_00040.txt,2026-10-03 08:42:48.584185+00,2026-10-03 08:46:32.121171+00
1ecc387c-f640-462e-bf97-2eeab03f5138,/srv/fim-watch/gen_00006.txt,2026-10-03 08:42:48.684396+00,2026-10-03 08:46:32.138845+00
3524b760-74e3-417f-89d5-12d34297e41e,/srv/fim-watch/gen_00140.txt,2026-10-03 08:42:48.785002+00,2026-10-03 08:46:32.162238+00
60b212b2-0b7a-4e2f-970b-00cfca481332,/srv/fim-watch/gen_00071.txt,2026-10-03 08:42:48.885031+00,2026-10-03 08:46:32.174072+00
e5d69cc0-3511-4ccf-9c06-c82bc3525855,/srv/fim-watch/gen_00071.txt,2026-10-03 08:42:48.983702+00,2026-10-03 08:46:32.188862+00
fd318aa1-93d0-404a-9d8c-377148b84bc2,/srv/fim-watch/gen_00161.txt,2026-10-03 08:42:49.08434+00,2026-10-03 08:46:32.20826+00
99be3d44-01b3-4e60-9e8b-fa19c28926ce,/srv/fim-watch/gen_00168.txt,2026-10-03 08:42:49.184652+00,2026-10-03 08:46:32.220419+00
7bfda7ec-7feb-4a4a-9b8d-a17913a37d66,/srv/fim-watch/gen_00105.txt,2026-10-03 08:42:49.284121+00,2026-10-03 08:46:32.241745+00
2184d128-32d1-4385-bbf9-ccbbbd2c4278,/srv/fim-watch/gen_00105.txt,2026-10-03 08:42:49.384636+00,2026-10-03 08:46:32.260006+00
fd8f2d7e-5653-4851-bdd5-a6e605999cd1,/srv/fim-watch/gen_00064.txt,2026-10-03 08:42:49.484623+00,2026-10-03 08:46:32.275974+00
9bddd85b-4a76-4f4d-a07a-3e5efc015e15,/srv/fim-watch/gen_00064.txt,2026-10-03 08:42:49.584648+00,2026-10-03 08:46:32.294423+00
fa3d6366-bb08-40a3-beeb-b282636c8e1f,/srv/fim-watch/gen_00064.txt,2026-10-03 08:42:49.684882+00,2026-10-03 08:46:32.327655+00
7d0345c1-cdca-4926-ace1-fe99ae88e464,/srv/fim-watch/gen_00064.txt,2026-10-03 08:42:49.78471+00,2026-10-03 08:46:32.34132+00
7510b41c-b08f-46a8-ad44-648275cab00c,/srv/fim-watch/gen_00064.txt,2026-10-03 08:42:49.883432+00,2026-10-03 08:46:32.381786+00
d48ecf7b-2279-421d-a6db-357dd38385dc,/srv/fim-watch/gen_00147.txt,2026-10-03 08:42:49.984296+00,2026-10-03 08:46:32.394728+00
e7bc7de6-f173-44da-878b-3ec4a9f4baab,/srv/fim-watch/gen_00160.txt,2026-10-03 08:42:50.084373+00,2026-10-03 08:46:32.416688+00
582a7654-1c3a-4d3e-b63f-51200ab0bba3,/srv/fim-watch/gen_00136.txt,2026-10-03 08:42:50.183663+00,2026-10-03 08:46:32.424503+00
963d05e2-beb4-4202-8617-580e0df9488f,/srv/fim-watch/gen_00172.txt,2026-10-03 08:42:50.283799+00,2026-10-03 08:46:32.432485+00
9a85e874-966c-496f-993f-11756effcb95,/srv/fim-watch/gen_00070.txt,2026-10-03 08:42:50.384562+00,2026-10-03 08:46:32.439763+00
f9281c8e-6644-4a48-942e-741b56737ac0,/srv/fim-watch/gen_00079.txt,2026-10-03 08:42:50.484729+00,2026-10-03 08:46:32.447521+00
da820de8-2dd4-4d1c-b85e-5594d3f7a119,/srv/fim-watch/critico/gen_00173.txt,2026-10-03 08:42:50.584476+00,2026-10-03 08:46:32.455702+00
8a3254a3-aec2-44b9-be19-54a9c9c6887f,/srv/fim-watch/gen_00042.txt,2026-10-03 08:42:50.683279+00,2026-10-03 08:46:32.464448+00
92e64b9c-e00f-49f8-b502-1230b3553d0c,/srv/fim-watch/gen_00036.txt,2026-10-03 08:42:50.78467+00,2026-10-03 08:46:32.472458+00
b4176254-ea6e-43aa-b110-6437e7b48377,/srv/fim-watch/gen_00066.txt,2026-10-03 08:42:50.884681+00,2026-10-03 08:46:32.480501+00
82097e56-3a02-4ac5-a466-74b58d02adcc,/srv/fim-watch/gen_00146.txt,2026-10-03 08:42:50.984588+00,2026-10-03 08:46:32.487497+00
a8cca81f-2b69-4965-ae18-662b937be589,/srv/fim-watch/gen_00174.txt,2026-10-03 08:42:51.084074+00,2026-10-03 08:46:32.513962+00
4214236d-e550-419b-acff-c38a3296933d,/srv/fim-watch/gen_00175.txt,2026-10-03 08:42:51.184227+00,2026-10-03 08:46:32.523719+00
c50e1400-7be9-4733-90ed-7ffdf381f2c0,/srv/fim-watch/gen_00134.txt,2026-10-03 08:42:51.284671+00,2026-10-03 08:46:32.535674+00
e6df58d5-2cfa-4263-ba58-a928bb7f8073,/srv/fim-watch/gen_00048.txt,2026-10-03 08:42:51.3843+00,2026-10-03 08:46:32.543898+00
5d5e8677-1843-4e15-a5a2-2b8255d33112,/srv/fim-watch/gen_00029.txt,2026-10-03 08:42:51.483189+00,2026-10-03 08:46:32.550421+00
41a23cc7-2c71-41e8-8577-bad0210cf6c8,/srv/fim-watch/gen_00104.txt,2026-10-03 08:42:51.584546+00,2026-10-03 08:46:32.55956+00
ac56eb7c-fcaa-4411-a112-25b48922875a,/srv/fim-watch/critico/gen_00141.txt,2026-10-03 08:42:51.6843+00,2026-10-03 08:46:32.575167+00
7f37939f-4131-4f51-a39b-49caad26a373,/srv/fim-watch/gen_00084.txt,2026-10-03 08:42:51.7848+00,2026-10-03 08:46:32.584726+00
ca851f63-153b-4e9d-924a-2e772b89e090,/srv/fim-watch/gen_00176.txt,2026-10-03 08:42:51.884201+00,2026-10-03 08:46:32.60036+00
344ba2a9-027e-4dee-87bc-ccc5e5303ad3,/srv/fim-watch/critico/gen_00053.txt,2026-10-03 08:42:51.984353+00,2026-10-03 08:46:32.609232+00
12c0baf8-cd02-4460-9b11-2bff0c2086d4,/srv/fim-watch/critico/gen_00053.txt,2026-10-03 08:42:52.084777+00,2026-10-03 08:46:32.617142+00
a8d09897-ef4e-4135-b22d-16eac5b7c3a1,/srv/fim-watch/critico/gen_00053.txt,2026-10-03 08:42:52.184547+00,2026-10-03 08:46:32.623967+00
42922f58-60c9-4c07-9a32-1a20597611eb,/srv/fim-watch/critico/gen_00053.txt,2026-10-03 08:42:52.283796+00,2026-10-03 08:46:32.631484+00
8f382313-df89-41fc-9536-487003e70837,/srv/fim-watch/critico/gen_00053.txt,2026-10-03 08:42:52.384265+00,2026-10-03 08:46:32.638854+00
fba6071c-0c1a-47b1-88c3-c9bbfe76e340,/srv/fim-watch/gen_00146.txt,2026-10-03 08:42:52.48349+00,2026-10-03 08:46:32.6448+00
48a8dc7f-b745-4e34-8d76-7523b018900e,/srv/fim-watch/gen_00060.txt,2026-10-03 08:42:52.584186+00,2026-10-03 08:46:32.65224+00
77a04c14-4aca-408a-985e-7f8c25595ae9,/srv/fim-watch/gen_00060.txt,2026-10-03 08:42:52.684353+00,2026-10-03 08:46:32.66243+00
c4e001ca-dea8-40f0-a9f1-33271ce44a80,/srv/fim-watch/gen_00113.txt,2026-10-03 08:42:52.784551+00,2026-10-03 08:46:32.681607+00
21c94746-a936-4db9-91a3-2bcf09046b97,/srv/fim-watch/gen_00113.txt,2026-10-03 08:42:52.884506+00,2026-10-03 08:46:32.69197+00
ce72caf3-0008-4c39-a0fd-cbc2309be287,/srv/fim-watch/critico/gen_00150.txt,2026-10-03 08:42:52.984219+00,2026-10-03 08:46:32.706021+00
05c12496-e162-4531-94e9-3b532d716a84,/srv/fim-watch/gen_00111.txt,2026-10-03 08:42:53.084654+00,2026-10-03 08:46:32.716495+00
806153c2-af56-4571-a46e-486001709679,/srv/fim-watch/gen_00166.txt,2026-10-03 08:42:53.184606+00,2026-10-03 08:46:32.726529+00
ce8fe6e6-01f9-496d-8041-a816f275eea6,/srv/fim-watch/gen_00166.txt,2026-10-03 08:42:53.284566+00,2026-10-03 08:46:32.738734+00
7dfc27a3-c3ef-4807-9985-b965340ef462,/srv/fim-watch/gen_00166.txt,2026-10-03 08:42:53.384368+00,2026-10-03 08:46:32.747663+00
0480953f-a94c-406f-933e-72f5177b76f1,/srv/fim-watch/gen_00166.txt,2026-10-03 08:42:53.484676+00,2026-10-03 08:46:32.754889+00
ebf79386-f119-4467-af46-84bcd726b9d9,/srv/fim-watch/gen_00166.txt,2026-10-03 08:42:53.584396+00,2026-10-03 08:46:32.762456+00
bbb1412e-4fea-4fbe-a695-76308c62a670,/srv/fim-watch/gen_00042.txt,2026-10-03 08:42:53.684664+00,2026-10-03 08:46:32.768936+00
1527d46b-fd66-401d-b9ad-6b35cb786978,/srv/fim-watch/gen_00100.txt,2026-10-03 08:42:53.784319+00,2026-10-03 08:46:32.776696+00
e2e0dab6-212c-41d1-bafa-e305d25bf4be,/srv/fim-watch/gen_00176.txt,2026-10-03 08:42:53.884108+00,2026-10-03 08:46:32.78364+00
e66100b6-40be-4582-8a10-6d456e5e4cc9,/srv/fim-watch/gen_00176.txt,2026-10-03 08:42:53.983555+00,2026-10-03 08:46:32.792362+00
a325b6ba-62ca-438a-84fa-7ac47043fde4,/srv/fim-watch/gen_00177.txt,2026-10-03 08:42:54.084216+00,2026-10-03 08:46:32.805038+00
03e350b1-36b8-4cb6-b29f-267536fa02e2,/srv/fim-watch/gen_00178.txt,2026-10-03 08:42:54.18415+00,2026-10-03 08:46:32.812589+00
abebd7de-2d3f-423b-847a-8edbf77db9cf,/srv/fim-watch/gen_00104.txt,2026-10-03 08:42:54.283436+00,2026-10-03 08:46:32.819156+00
3bcbb6dd-e15d-4877-8e23-9045845a670e,/srv/fim-watch/gen_00113.txt,2026-10-03 08:42:54.384144+00,2026-10-03 08:46:32.826161+00
20b33335-53b5-4159-95be-a6ed3f5d04bd,/srv/fim-watch/gen_00179.txt,2026-10-03 08:42:54.483659+00,2026-10-03 08:46:32.833048+00
a8c40016-be29-4a6a-85d7-1d25d2b36345,/srv/fim-watch/gen_00049.txt,2026-10-03 08:42:54.58436+00,2026-10-03 08:46:32.839295+00
c9b60d81-b2e3-4bce-9cf3-de89a431448a,/srv/fim-watch/gen_00049.txt,2026-10-03 08:42:54.684205+00,2026-10-03 08:46:32.845623+00
9a5018dd-ab7e-45db-b3a9-06a6f7ea86ae,/srv/fim-watch/gen_00117.txt,2026-10-03 08:42:54.784079+00,2026-10-03 08:46:32.852615+00
55b61fd9-6bc1-4412-bda1-29b9c6b18761,/srv/fim-watch/gen_00158.txt,2026-10-03 08:42:54.884718+00,2026-10-03 08:46:32.860671+00
1201af10-33ac-4165-8134-65d735b1cb0e,/srv/fim-watch/gen_00048.txt,2026-10-03 08:42:54.984345+00,2026-10-03 08:46:32.869614+00
a354907e-00e3-41be-969a-a5ffb5498137,/srv/fim-watch/gen_00124.txt,2026-10-03 08:42:55.084637+00,2026-10-03 08:46:32.888532+00
195ced3d-87cd-4378-bb53-d09f05fe8f0b,/srv/fim-watch/gen_00177.txt,2026-10-03 08:42:55.184378+00,2026-10-03 08:46:32.92239+00
394a3419-98da-40a4-89cd-b955293c742a,/srv/fim-watch/gen_00177.txt,2026-10-03 08:42:55.283903+00,2026-10-03 08:46:32.931182+00
07a95c58-9bf5-49e1-bcdf-7e7dc0abb460,/srv/fim-watch/gen_00060.txt,2026-10-03 08:42:55.384266+00,2026-10-03 08:46:32.942706+00
9b86f099-eafe-4c37-8ff8-bfd8fc08423e,/srv/fim-watch/gen_00180.txt,2026-10-03 08:42:55.484305+00,2026-10-03 08:46:32.953551+00
064659f0-4aa6-4522-b7cb-3ad86c3f2632,/srv/fim-watch/gen_00033.txt,2026-10-03 08:42:55.584603+00,2026-10-03 08:46:32.960882+00
849116fc-03f4-412d-99b4-27e85cd919eb,/srv/fim-watch/gen_00171.txt,2026-10-03 08:42:55.684237+00,2026-10-03 08:46:32.967683+00
a9391fc8-e700-481e-a8a3-0f5555fea62f,/srv/fim-watch/gen_00181.txt,2026-10-03 08:42:55.784385+00,2026-10-03 08:46:32.975352+00
126e0239-1cd2-498e-8d0a-99632eee712f,/srv/fim-watch/gen_00180.txt,2026-10-03 08:42:55.884542+00,2026-10-03 08:46:32.985136+00
0ec8cf93-d1b3-4227-a77b-e67e0e812df2,/srv/fim-watch/gen_00078.txt,2026-10-03 08:42:55.984077+00,2026-10-03 08:46:32.992464+00
8a8245aa-5f82-427c-9a24-67a15517fa59,/srv/fim-watch/gen_00073.txt,2026-10-03 08:42:56.084528+00,2026-10-03 08:46:33.002892+00
d704e340-0d4e-486a-9d94-a24ba9272c33,/srv/fim-watch/gen_00155.txt,2026-10-03 08:42:56.184225+00,2026-10-03 08:46:33.023198+00
c68947e2-83ec-4e98-ad9a-50c63bdce43b,/srv/fim-watch/gen_00161.txt,2026-10-03 08:42:56.284342+00,2026-10-03 08:46:33.034276+00
307c424e-5559-4b20-9279-3e3204ffc5dc,/srv/fim-watch/gen_00111.txt,2026-10-03 08:42:56.384404+00,2026-10-03 08:46:33.049457+00
af490253-999c-4d97-b802-16f9dc32a050,/srv/fim-watch/gen_00182.txt,2026-10-03 08:42:56.484061+00,2026-10-03 08:46:33.063093+00
2102f410-dbc9-40fc-8c3f-1f1f1b99371d,/srv/fim-watch/gen_00074.txt,2026-10-03 08:42:56.584223+00,2026-10-03 08:46:33.075693+00
115fa879-2f54-4d1e-be0e-5f19d416ca9f,/srv/fim-watch/gen_00016.txt,2026-10-03 08:42:56.684647+00,2026-10-03 08:46:33.09168+00
ce59c519-80ac-41d8-8c9d-6c9b4c99a697,/srv/fim-watch/gen_00159.txt,2026-10-03 08:42:56.783378+00,2026-10-03 08:46:33.109758+00
e601f7c1-0d38-41ef-86e3-d04b80aa2a53,/srv/fim-watch/critico/gen_00123.txt,2026-10-03 08:42:56.884358+00,2026-10-03 08:46:33.129272+00
7ed92350-aa46-4ed2-8eaf-ff4e6da0dc17,/srv/fim-watch/gen_00170.txt,2026-10-03 08:42:56.984384+00,2026-10-03 08:46:33.140704+00
fbfe5d0d-96d3-4511-b106-7b0828cab53a,/srv/fim-watch/gen_00178.txt,2026-10-03 08:42:57.084311+00,2026-10-03 08:46:33.153042+00
b195692b-90b1-4de1-80a0-6b8cd2c309a5,/srv/fim-watch/critico/gen_00183.txt,2026-10-03 08:42:57.18403+00,2026-10-03 08:46:33.173025+00
75587052-e260-4c2d-bdbe-61be0d01c7f8,/srv/fim-watch/gen_00170.txt,2026-10-03 08:42:57.284245+00,2026-10-03 08:46:33.182292+00
5fab582e-3c38-4914-b6d2-1378cbc314d7,/srv/fim-watch/gen_00174.txt,2026-10-03 08:42:57.383212+00,2026-10-03 08:46:33.194625+00
7b23373b-17e2-49ba-86b0-5555441558a3,/srv/fim-watch/gen_00036.txt,2026-10-03 08:42:57.483963+00,2026-10-03 08:46:33.206515+00
48536dd9-0364-42bd-866a-43718f816327,/srv/fim-watch/gen_00135.txt,2026-10-03 08:42:57.584481+00,2026-10-03 08:46:33.224888+00
0f43606b-3ceb-4901-ab6a-0796b4df25e3,/srv/fim-watch/gen_00135.txt,2026-10-03 08:42:57.684657+00,2026-10-03 08:46:33.24016+00
ed58ff31-24c3-41f0-a852-e206e34b30ca,/srv/fim-watch/gen_00120.txt,2026-10-03 08:42:57.784238+00,2026-10-03 08:46:33.261845+00
9dbf48df-3da3-4ba0-866c-0b8ee734ff58,/srv/fim-watch/gen_00120.txt,2026-10-03 08:42:57.884199+00,2026-10-03 08:46:33.272239+00
5a8f9d63-79ba-4fbe-8bee-48fb616a48e4,/srv/fim-watch/critico/gen_00184.txt,2026-10-03 08:42:57.9843+00,2026-10-03 08:46:33.281341+00
b247b188-bf14-4205-ab8a-6fab2a6d9ecf,/srv/fim-watch/gen_00049.txt,2026-10-03 08:42:58.084281+00,2026-10-03 08:46:33.289595+00
a954e466-a14d-4863-a9d9-0acfbb4467a2,/srv/fim-watch/gen_00182.txt,2026-10-03 08:42:58.184153+00,2026-10-03 08:46:33.296371+00
205085e7-8ddb-499e-938f-932733ee8505,/srv/fim-watch/gen_00171.txt,2026-10-03 08:42:58.284509+00,2026-10-03 08:46:33.304667+00
59b58361-9f9e-40e4-a611-e0f4eee71acf,/srv/fim-watch/gen_00185.txt,2026-10-03 08:42:58.383995+00,2026-10-03 08:46:33.311889+00
0a206bc1-3922-4544-871a-5f0308969299,/srv/fim-watch/critico/gen_00156.txt,2026-10-03 08:42:58.484264+00,2026-10-03 08:46:33.318685+00
888a99e0-5c68-4ff2-b909-a536166f96ad,/srv/fim-watch/gen_00093.txt,2026-10-03 08:42:58.58422+00,2026-10-03 08:46:33.325774+00
6a8b1d31-702c-4032-bd76-f08054a42e23,/srv/fim-watch/gen_00186.txt,2026-10-03 08:42:58.684556+00,2026-10-03 08:46:33.333942+00
3330ec0f-a465-46b8-9ca4-0b80f72992c7,/srv/fim-watch/gen_00100.txt,2026-10-03 08:42:58.78411+00,2026-10-03 08:46:33.340855+00
3573a9c4-e9b6-461a-a34d-bf8cd964e64a,/srv/fim-watch/critico/gen_00061.txt,2026-10-03 08:42:58.884176+00,2026-10-03 08:46:33.349858+00
ff281291-fe6a-40bc-b4b2-7e45bef5fa70,/srv/fim-watch/gen_00129.txt,2026-10-03 08:42:58.984197+00,2026-10-03 08:46:33.357706+00
e4d24053-08e7-4267-abaa-85b5e86a5ccb,/srv/fim-watch/gen_00187.txt,2026-10-03 08:42:59.083489+00,2026-10-03 08:46:33.364981+00
1a4e736b-097c-40fc-a511-a8d53d62b842,/srv/fim-watch/gen_00163.txt,2026-10-03 08:42:59.184036+00,2026-10-03 08:46:33.37153+00
de6f2d52-d76f-4ec8-968b-3f888bebe925,/srv/fim-watch/gen_00163.txt,2026-10-03 08:42:59.284261+00,2026-10-03 08:46:33.386269+00
e1bd0217-4fd9-4e01-9dff-f63d5d708f4d,/srv/fim-watch/critico/gen_00123.txt,2026-10-03 08:42:59.383275+00,2026-10-03 08:46:33.402713+00
50dbe759-9991-49f6-acf7-d8db652b447a,/srv/fim-watch/gen_00181.txt,2026-10-03 08:42:59.484723+00,2026-10-03 08:46:33.41246+00
302879d4-0d59-498c-a08c-21338e6f9332,/srv/fim-watch/gen_00108.txt,2026-10-03 08:42:59.584569+00,2026-10-03 08:46:33.427935+00
419473dd-9cfe-45d5-8115-fb64a0cf8bb9,/srv/fim-watch/gen_00186.txt,2026-10-03 08:42:59.684488+00,2026-10-03 08:46:33.436659+00
2250623b-3d0d-4c65-a4e8-152c3803156a,/srv/fim-watch/gen_00114.txt,2026-10-03 08:42:59.784211+00,2026-10-03 08:46:33.444417+00
8d1a0743-e17b-41b6-b449-bdd749646bde,/srv/fim-watch/gen_00188.txt,2026-10-03 08:42:59.884938+00,2026-10-03 08:46:33.453492+00
cef644df-876a-4a64-83a9-1c0d38896e5d,/srv/fim-watch/critico/gen_00189.txt,2026-10-03 08:42:59.983798+00,2026-10-03 08:46:33.460566+00
a02834eb-9f1e-489f-8ef8-d609313c6298,/srv/fim-watch/gen_00120.txt,2026-10-03 08:43:00.084315+00,2026-10-03 08:46:33.474899+00
29aa90d8-5ca6-4387-bbd4-de0c79d10090,/srv/fim-watch/gen_00190.txt,2026-10-03 08:43:00.184717+00,2026-10-03 08:46:33.482007+00
fc2c3dac-592c-4081-88a1-aa36e8ddc024,/srv/fim-watch/gen_00100.txt,2026-10-03 08:43:00.284376+00,2026-10-03 08:46:33.489404+00
25167363-51a3-47a3-a6a6-8dc0300f2873,/srv/fim-watch/gen_00100.txt,2026-10-03 08:43:00.383588+00,2026-10-03 08:46:33.496876+00
9dab215d-96e3-4ba2-87f6-4b7404523325,/srv/fim-watch/gen_00161.txt,2026-10-03 08:43:00.484254+00,2026-10-03 08:46:33.504685+00
13b7060b-888b-47b6-8d22-a0eea35ed967,/srv/fim-watch/gen_00073.txt,2026-10-03 08:43:00.584586+00,2026-10-03 08:46:33.514301+00
f70b1b7e-f5f4-4f97-b02a-70f14e6ee0a8,/srv/fim-watch/critico/gen_00191.txt,2026-10-03 08:43:00.684817+00,2026-10-03 08:46:33.526718+00
6457dcc7-6d0b-4a0b-977c-4f20e3a1d9cd,/srv/fim-watch/gen_00190.txt,2026-10-03 08:43:00.784402+00,2026-10-03 08:46:33.555727+00
54f3b2fb-f017-4887-8d8f-fbb8c43f40f7,/srv/fim-watch/gen_00033.txt,2026-10-03 08:43:00.884135+00,2026-10-03 08:46:33.569436+00
8618c9f5-44aa-47a5-bc57-0b0f1ff68507,/srv/fim-watch/gen_00113.txt,2026-10-03 08:43:00.98496+00,2026-10-03 08:46:33.581958+00
10267027-92d8-488c-9dcb-3a254511628b,/srv/fim-watch/gen_00192.txt,2026-10-03 08:43:01.084217+00,2026-10-03 08:46:33.601243+00
5354373f-765f-4c6e-a83a-1061c0525513,/srv/fim-watch/gen_00193.txt,2026-10-03 08:43:01.184668+00,2026-10-03 08:46:33.610206+00
b2df8b88-5d73-4a2c-9958-24ab6d7934c9,/srv/fim-watch/gen_00194.txt,2026-10-03 08:43:01.284532+00,2026-10-03 08:46:33.622551+00
0400441c-0c7e-40c2-b797-106013e17509,/srv/fim-watch/gen_00071.txt,2026-10-03 08:43:01.385811+00,2026-10-03 08:46:33.632025+00
e84c60ff-8d04-40c9-ba70-70712edc4439,/srv/fim-watch/gen_00071.txt,2026-10-03 08:43:01.484187+00,2026-10-03 08:46:33.644386+00
b8752436-c0cd-44db-ad2f-395c9ce21f53,/srv/fim-watch/gen_00060.txt,2026-10-03 08:43:01.584029+00,2026-10-03 08:46:33.657036+00
2bb8c7ad-3532-443d-83ab-9eafe4b478e9,/srv/fim-watch/gen_00100.txt,2026-10-03 08:43:01.68449+00,2026-10-03 08:46:33.667843+00
85a4dcd1-d62a-4534-8c51-4bc41750b616,/srv/fim-watch/gen_00062.txt,2026-10-03 08:43:01.784506+00,2026-10-03 08:46:33.677866+00
11cf53f9-90d5-4bb3-a268-c8c10c387159,/srv/fim-watch/gen_00187.txt,2026-10-03 08:43:01.884514+00,2026-10-03 08:46:33.694005+00
8f209770-9f45-45d3-9077-e365d18a5fd3,/srv/fim-watch/critico/gen_00025.txt,2026-10-03 08:43:01.98455+00,2026-10-03 08:46:33.70374+00
b3912c5c-61e5-4d73-9052-d32d696630e4,/srv/fim-watch/gen_00066.txt,2026-10-03 08:43:02.084105+00,2026-10-03 08:46:33.716462+00
90fad785-3fe0-46f8-bb44-aa58e195a6d6,/srv/fim-watch/gen_00103.txt,2026-10-03 08:43:02.184373+00,2026-10-03 08:46:33.728822+00
0bb6dd59-19f2-41d5-98b9-1cb64558bbca,/srv/fim-watch/gen_00124.txt,2026-10-03 08:43:02.284547+00,2026-10-03 08:46:33.75137+00
2045ac6c-a999-4256-80d3-e101bad7b18c,/srv/fim-watch/gen_00195.txt,2026-10-03 08:43:02.38346+00,2026-10-03 08:46:33.772678+00
276878ae-234f-45dd-b0f7-cdfb975ad2e4,/srv/fim-watch/gen_00187.txt,2026-10-03 08:43:02.484226+00,2026-10-03 08:46:33.798274+00
a83d5639-525e-43eb-8391-14207c435ac0,/srv/fim-watch/gen_00187.txt,2026-10-03 08:43:02.583645+00,2026-10-03 08:46:33.826176+00
c5c68c5a-69be-40e2-9f9e-7d8c8a9f8280,/srv/fim-watch/gen_00187.txt,2026-10-03 08:43:02.684827+00,2026-10-03 08:46:33.846807+00
8f70f7e2-6cad-4fcc-a98c-b4b131bd4950,/srv/fim-watch/gen_00187.txt,2026-10-03 08:43:02.783836+00,2026-10-03 08:46:33.856271+00
e005355a-f0e8-4e49-9ef1-3bccf9eb7fad,/srv/fim-watch/gen_00187.txt,2026-10-03 08:43:02.884536+00,2026-10-03 08:46:33.874918+00
9dc5e93e-689f-479d-afd4-397a6dd96190,/srv/fim-watch/gen_00096.txt,2026-10-03 08:43:02.984054+00,2026-10-03 08:46:33.88888+00
6e2fb6d6-6138-47e0-8ed5-fa7da1116bd5,/srv/fim-watch/gen_00103.txt,2026-10-03 08:43:03.084712+00,2026-10-03 08:46:33.898511+00
6ade16dc-9a2e-46f2-aa8a-a771228915b5,/srv/fim-watch/critico/gen_00183.txt,2026-10-03 08:43:03.184295+00,2026-10-03 08:46:33.905989+00
d757e7d4-9edf-4e94-b85a-becc8f96e0c8,/srv/fim-watch/gen_00154.txt,2026-10-03 08:43:03.284003+00,2026-10-03 08:46:33.915883+00
17271a40-e6cf-4de0-93e3-e459d6e91391,/srv/fim-watch/gen_00170.txt,2026-10-03 08:43:03.384335+00,2026-10-03 08:46:33.931151+00
9791a0b8-55e8-4c64-a698-c1856b05dd2b,/srv/fim-watch/gen_00170.txt,2026-10-03 08:43:03.484286+00,2026-10-03 08:46:33.944498+00
3af7f460-960e-44e5-b0a5-795ccab3c931,/srv/fim-watch/critico/gen_00037.txt,2026-10-03 08:43:03.584855+00,2026-10-03 08:46:33.962903+00
c443764b-27e8-42f8-b932-c9f2c9c74220,/srv/fim-watch/gen_00196.txt,2026-10-03 08:43:03.68326+00,2026-10-03 08:46:33.973432+00
7e3a457b-1c28-48e1-9fad-88b2092054f1,/srv/fim-watch/gen_00197.txt,2026-10-03 08:43:03.784284+00,2026-10-03 08:46:33.991782+00
8e046a81-8b58-42fe-97a6-9cea38dcf997,/srv/fim-watch/gen_00197.txt,2026-10-03 08:43:03.884151+00,2026-10-03 08:46:34.001052+00
3b668379-20fa-4e88-8cb6-0416b67a225c,/srv/fim-watch/gen_00108.txt,2026-10-03 08:43:03.984488+00,2026-10-03 08:46:34.008341+00
36524107-1b43-4a16-b504-338ab10512d0,/srv/fim-watch/gen_00126.txt,2026-10-03 08:43:04.084342+00,2026-10-03 08:46:34.01562+00
bb30d674-e804-4257-8316-6b7266a48154,/srv/fim-watch/gen_00106.txt,2026-10-03 08:43:04.184196+00,2026-10-03 08:46:34.0245+00
f4f58a61-6700-4118-9ef5-6397d61c016d,/srv/fim-watch/gen_00049.txt,2026-10-03 08:43:04.28434+00,2026-10-03 08:46:34.034347+00
63f9b7a1-275f-4558-bb3a-15591f09acb5,/srv/fim-watch/gen_00049.txt,2026-10-03 08:43:04.383785+00,2026-10-03 08:46:34.04237+00
bdcbe38e-4531-44e1-97b7-95cc2cd19f8e,/srv/fim-watch/critico/gen_00150.txt,2026-10-03 08:43:04.484187+00,2026-10-03 08:46:34.050442+00
19da48ce-a1ed-467f-8b1a-6b3d0e450e3e,/srv/fim-watch/gen_00064.txt,2026-10-03 08:43:04.584451+00,2026-10-03 08:46:34.059002+00
2063ed2b-686a-4266-bf1c-8f706454ebcc,/srv/fim-watch/gen_00086.txt,2026-10-03 08:43:04.684178+00,2026-10-03 08:46:34.068097+00
190142ae-196f-4fa2-be03-51bfba191426,/srv/fim-watch/critico/gen_00184.txt,2026-10-03 08:43:04.784267+00,2026-10-03 08:46:34.080758+00
f7210ec7-8247-4420-8c84-07a884ff74e5,/srv/fim-watch/gen_00043.txt,2026-10-03 08:43:04.884457+00,2026-10-03 08:46:34.096311+00
2c5a0f92-bc28-48fd-ad0e-7fa823e742bc,/srv/fim-watch/gen_00198.txt,2026-10-03 08:43:04.983809+00,2026-10-03 08:46:34.118121+00
6b1ba416-d236-44fd-aa8c-86933a71a97a,/srv/fim-watch/gen_00108.txt,2026-10-03 08:43:05.083824+00,2026-10-03 08:46:34.13916+00
d4c27598-1502-438d-ba78-358436fcaf58,/srv/fim-watch/gen_00043.txt,2026-10-03 08:43:05.18469+00,2026-10-03 08:46:34.150461+00
b3ab5957-32bf-4bde-ba35-601f3c28010b,/srv/fim-watch/gen_00165.txt,2026-10-03 08:43:05.284252+00,2026-10-03 08:46:34.162416+00
f1a97275-9f4a-44dc-8445-3b46e210ab7b,/srv/fim-watch/gen_00185.txt,2026-10-03 08:43:05.383436+00,2026-10-03 08:46:34.17251+00
a47e3287-c5ef-41f5-b962-6f064f87efee,/srv/fim-watch/gen_00020.txt,2026-10-03 08:43:05.484095+00,2026-10-03 08:46:34.182114+00
7055e480-e295-4832-a2d5-bad61884c7dc,/srv/fim-watch/gen_00125.txt,2026-10-03 08:43:05.584289+00,2026-10-03 08:46:34.19189+00
d0ec760f-d39f-4534-b50e-d14428e2a229,/srv/fim-watch/gen_00199.txt,2026-10-03 08:43:05.684251+00,2026-10-03 08:46:34.203405+00
c36170e7-037a-4007-b1c5-6f668e7ae989,/srv/fim-watch/critico/gen_00123.txt,2026-10-03 08:43:05.784612+00,2026-10-03 08:46:34.214323+00
f63f7872-fb71-458c-8c25-f289210df387,/srv/fim-watch/critico/gen_00200.txt,2026-10-03 08:43:05.884718+00,2026-10-03 08:46:34.227447+00
5735c8e2-17a4-4cac-afa5-39f2bdf98dbb,/srv/fim-watch/gen_00201.txt,2026-10-03 08:43:05.984113+00,2026-10-03 08:46:34.237418+00
4b6996fa-ba11-4916-bd27-82c98612b822,/srv/fim-watch/critico/gen_00053.txt,2026-10-03 08:43:06.083912+00,2026-10-03 08:46:34.247202+00
b3e5159a-f5bb-4791-ba01-dc1cc28dcb14,/srv/fim-watch/critico/gen_00053.txt,2026-10-03 08:43:06.184317+00,2026-10-03 08:46:34.257934+00
a747ab27-45ba-473f-b8d9-13ff68497fe3,/srv/fim-watch/critico/gen_00202.txt,2026-10-03 08:43:06.28404+00,2026-10-03 08:46:34.269179+00
6b5369d6-c07b-4fe0-8a5c-bc8d93e7b5de,/srv/fim-watch/gen_00203.txt,2026-10-03 08:43:06.384244+00,2026-10-03 08:46:34.284521+00
ec44d375-2b8b-4de2-9b74-4b36b91df2aa,/srv/fim-watch/gen_00126.txt,2026-10-03 08:43:06.484238+00,2026-10-03 08:46:34.294462+00
6d5d136c-e073-4687-8ad3-8e53fc9dee30,/srv/fim-watch/gen_00115.txt,2026-10-03 08:43:06.584409+00,2026-10-03 08:46:34.302534+00
725b0c41-fba6-4d73-8910-45eaaad8e581,/srv/fim-watch/gen_00140.txt,2026-10-03 08:43:06.684208+00,2026-10-03 08:46:34.310727+00
d4fb4b3e-67c9-4854-8d6c-2ef4688999d6,/srv/fim-watch/gen_00204.txt,2026-10-03 08:43:06.783803+00,2026-10-03 08:46:34.318675+00
74022283-3e03-4352-9bec-783600888f84,/srv/fim-watch/critico/gen_00156.txt,2026-10-03 08:43:06.884631+00,2026-10-03 08:46:34.331044+00
6fe78dc1-4948-4d40-aa1b-d2bb92ed7818,/srv/fim-watch/gen_00205.txt,2026-10-03 08:43:06.983811+00,2026-10-03 08:46:34.356933+00
697946e3-2258-413d-87e3-fba192389ca5,/srv/fim-watch/gen_00205.txt,2026-10-03 08:43:07.084375+00,2026-10-03 08:46:34.368226+00
f77e0bbd-8f28-4693-92ff-9acba519fd22,/srv/fim-watch/gen_00170.txt,2026-10-03 08:43:07.184044+00,2026-10-03 08:46:34.37818+00
a2f9eb3e-1607-4f14-ba39-0bcf30fee219,/srv/fim-watch/gen_00170.txt,2026-10-03 08:43:07.284366+00,2026-10-03 08:46:34.38608+00
f545dc25-49d2-4ac8-b72d-1eea441583d9,/srv/fim-watch/critico/gen_00061.txt,2026-10-03 08:43:07.384465+00,2026-10-03 08:46:34.395886+00
08e4ee7a-5502-4285-9b7a-314d4fd052c4,/srv/fim-watch/gen_00188.txt,2026-10-03 08:43:07.483998+00,2026-10-03 08:46:34.406789+00
b82978a4-3b31-4942-ab54-d33a295ed019,/srv/fim-watch/gen_00145.txt,2026-10-03 08:43:07.583645+00,2026-10-03 08:46:34.43367+00
ccf332e8-c9ad-4705-b1b3-2ed039e7359e,/srv/fim-watch/gen_00206.txt,2026-10-03 08:43:07.684262+00,2026-10-03 08:46:34.449376+00
0e9abe68-0acb-4282-86ef-d11400f4b147,/srv/fim-watch/gen_00148.txt,2026-10-03 08:43:07.784291+00,2026-10-03 08:46:34.467814+00
72e277e3-7afe-466c-aa5e-667a387e8d73,/srv/fim-watch/gen_00198.txt,2026-10-03 08:43:07.884155+00,2026-10-03 08:46:34.479039+00
2d6c6516-8c4d-44d8-a6fc-8f2646b5ba02,/srv/fim-watch/gen_00198.txt,2026-10-03 08:43:07.984481+00,2026-10-03 08:46:34.487343+00
efaf4b0c-397b-461f-b5d0-523bd274df4c,/srv/fim-watch/gen_00036.txt,2026-10-03 08:43:08.084306+00,2026-10-03 08:46:34.497878+00
a839abe2-1a7c-41da-95f4-6bbd673d7088,/srv/fim-watch/gen_00036.txt,2026-10-03 08:43:08.184803+00,2026-10-03 08:46:34.510426+00
9a3cc551-7780-4f7b-a918-30db81190413,/srv/fim-watch/critico/gen_00053.txt,2026-10-03 08:43:08.284343+00,2026-10-03 08:46:34.530033+00
8e652d46-1eb7-4e9a-8970-344b3c83c01b,/srv/fim-watch/gen_00142.txt,2026-10-03 08:43:08.384543+00,2026-10-03 08:46:34.541218+00
53d66b15-eb74-45ed-a4f8-1c6b9eda909c,/srv/fim-watch/gen_00163.txt,2026-10-03 08:43:08.484182+00,2026-10-03 08:46:34.560741+00
7e709c93-85d1-44f8-a194-b3e4e6b01de1,/srv/fim-watch/gen_00204.txt,2026-10-03 08:43:08.584626+00,2026-10-03 08:46:34.585792+00
84a63ef7-c8af-46be-991c-8b686d84b8f7,/srv/fim-watch/gen_00049.txt,2026-10-03 08:43:08.68428+00,2026-10-03 08:46:34.597687+00
8c9da660-1b6e-491f-b928-e9f47c042b68,/srv/fim-watch/gen_00170.txt,2026-10-03 08:43:08.784494+00,2026-10-03 08:46:34.613628+00
a950b80c-ba6b-4a8d-9d86-2f12481c19fa,/srv/fim-watch/gen_00020.txt,2026-10-03 08:43:08.884361+00,2026-10-03 08:46:34.634517+00
0575c755-7f83-470c-8454-55cd305287ca,/srv/fim-watch/gen_00207.txt,2026-10-03 08:43:08.984025+00,2026-10-03 08:46:34.649556+00
1a7b5855-407a-44a2-ba76-df0900254feb,/srv/fim-watch/gen_00057.txt,2026-10-03 08:43:09.084058+00,2026-10-03 08:46:34.675244+00
ca3405a3-8785-4596-85f0-0c632a3e94e8,/srv/fim-watch/gen_00064.txt,2026-10-03 08:43:09.183466+00,2026-10-03 08:46:34.687699+00
15a45a14-af7e-4014-97b4-0680f79b9780,/srv/fim-watch/gen_00016.txt,2026-10-03 08:43:09.284463+00,2026-10-03 08:46:34.695516+00
d1a5d51e-99b8-4665-bc9b-cf01d64b5bc5,/srv/fim-watch/gen_00208.txt,2026-10-03 08:43:09.384442+00,2026-10-03 08:46:34.704493+00
c9be66a2-c5d5-463f-a882-2b96e77da631,/srv/fim-watch/gen_00208.txt,2026-10-03 08:43:09.484043+00,2026-10-03 08:46:34.712841+00
594568ec-81f3-46b0-a3f0-ca6b222d61a6,/srv/fim-watch/critico/gen_00156.txt,2026-10-03 08:43:09.584568+00,2026-10-03 08:46:34.722228+00
9203319b-94fe-4a2e-bbb6-31b8d41e3a0f,/srv/fim-watch/gen_00125.txt,2026-10-03 08:43:09.684538+00,2026-10-03 08:46:34.730394+00
65e398cf-36f1-45bc-bca2-413067b4d8fd,/srv/fim-watch/gen_00125.txt,2026-10-03 08:43:09.784368+00,2026-10-03 08:46:34.738912+00
894e47ea-5d75-41e2-8471-de88114b2314,/srv/fim-watch/gen_00125.txt,2026-10-03 08:43:09.884443+00,2026-10-03 08:46:34.746333+00
ef70ac53-8263-4d67-9917-495af12ba6f0,/srv/fim-watch/gen_00125.txt,2026-10-03 08:43:09.984555+00,2026-10-03 08:46:34.75612+00
857524bb-02f5-4a1f-8a6a-e27c0a137d9a,/srv/fim-watch/gen_00125.txt,2026-10-03 08:43:10.083941+00,2026-10-03 08:46:34.769691+00
d3a8a6bc-9c0d-4cf9-9988-ad74867a75f7,/srv/fim-watch/gen_00088.txt,2026-10-03 08:43:10.184898+00,2026-10-03 08:46:34.775611+00
d15bd583-55c5-4a28-a446-5bca603501f4,/srv/fim-watch/gen_00136.txt,2026-10-03 08:43:10.28423+00,2026-10-03 08:46:34.782285+00
80bef739-729c-41e7-9004-185422012086,/srv/fim-watch/gen_00170.txt,2026-10-03 08:43:10.384508+00,2026-10-03 08:46:34.791215+00
45a9e0d5-2694-4576-90f3-d74488f4232a,/srv/fim-watch/gen_00036.txt,2026-10-03 08:43:10.483368+00,2026-10-03 08:46:34.80219+00
4457325e-76b8-47e8-921e-36011a695311,/srv/fim-watch/gen_00201.txt,2026-10-03 08:43:10.584291+00,2026-10-03 08:46:34.823453+00
10614cce-c84e-48d3-8538-0a3ee9cc3354,/srv/fim-watch/critico/gen_00209.txt,2026-10-03 08:43:10.684663+00,2026-10-03 08:46:34.838909+00
65030d5a-a8c4-4f89-930a-61f6f0590815,/srv/fim-watch/critico/gen_00130.txt,2026-10-03 08:43:10.784916+00,2026-10-03 08:46:34.847788+00
03d7ad59-925a-4c92-8e02-5e7ecae3aaf9,/srv/fim-watch/gen_00096.txt,2026-10-03 08:43:10.884545+00,2026-10-03 08:46:34.856353+00
19ca4a6c-5736-4e58-bc48-403d650c5785,/srv/fim-watch/critico/gen_00210.txt,2026-10-03 08:43:10.98425+00,2026-10-03 08:46:34.864444+00
894c04d5-a7c0-42f5-8a77-056cb2f0de41,/srv/fim-watch/gen_00201.txt,2026-10-03 08:43:11.083589+00,2026-10-03 08:46:34.874052+00
2d999993-a845-468a-9588-b49ebea0b7a4,/srv/fim-watch/gen_00211.txt,2026-10-03 08:43:11.184258+00,2026-10-03 08:46:34.882992+00
18ad11b7-6acd-4b78-80d6-c2aa74ad22e4,/srv/fim-watch/gen_00211.txt,2026-10-03 08:43:11.28454+00,2026-10-03 08:46:34.892826+00
e89c1211-977e-4a16-92fe-ab4e3656165c,/srv/fim-watch/gen_00058.txt,2026-10-03 08:43:11.383624+00,2026-10-03 08:46:34.90291+00
260390ea-4bb7-438b-b325-b4b14673d799,/srv/fim-watch/gen_00160.txt,2026-10-03 08:43:11.484193+00,2026-10-03 08:46:34.91205+00
a0a6ff70-5b7c-4cc6-a082-aa060094e12c,/srv/fim-watch/gen_00096.txt,2026-10-03 08:43:11.584483+00,2026-10-03 08:46:34.920802+00
bcef3fa0-b5cb-473b-aca7-d9b10260d595,/srv/fim-watch/gen_00096.txt,2026-10-03 08:43:11.684718+00,2026-10-03 08:46:34.933589+00
ce70e498-dc3d-4f86-994f-5b04aaa0dfee,/srv/fim-watch/gen_00178.txt,2026-10-03 08:43:11.784825+00,2026-10-03 08:46:34.951892+00
1ab28916-a2d0-448b-9887-fde400a58189,/srv/fim-watch/critico/gen_00025.txt,2026-10-03 08:43:11.884862+00,2026-10-03 08:46:34.971612+00
1737e87d-01e5-43d7-8d05-78d307f2f024,/srv/fim-watch/critico/gen_00169.txt,2026-10-03 08:43:11.984185+00,2026-10-03 08:46:34.984681+00
fbc8edc2-f8a7-4c24-aac5-20b5f21f6627,/srv/fim-watch/gen_00161.txt,2026-10-03 08:43:12.084482+00,2026-10-03 08:46:34.998114+00
275cc10f-824c-461c-a2e6-9dacbe175748,/srv/fim-watch/gen_00161.txt,2026-10-03 08:43:12.185178+00,2026-10-03 08:46:35.021735+00
52228402-5f43-472a-a76a-bfc63408af6f,/srv/fim-watch/gen_00162.txt,2026-10-03 08:43:12.285025+00,2026-10-03 08:46:35.031699+00
6a5d4ceb-90c6-4ecf-a2db-4ff319424316,/srv/fim-watch/gen_00212.txt,2026-10-03 08:43:12.384931+00,2026-10-03 08:46:35.04385+00
01106a12-efd7-435f-847e-5f38ff80a4fb,/srv/fim-watch/gen_00213.txt,2026-10-03 08:43:12.483639+00,2026-10-03 08:46:35.05939+00
cf843556-eb2c-4869-96dd-c69483bdb25d,/srv/fim-watch/gen_00103.txt,2026-10-03 08:43:12.584315+00,2026-10-03 08:46:35.077771+00
ff24e6b5-260b-48e3-b3a4-0d11d33edc7f,/srv/fim-watch/gen_00071.txt,2026-10-03 08:43:12.684465+00,2026-10-03 08:46:35.092661+00
c4b88d58-806c-43b1-af8a-209caf861d44,/srv/fim-watch/gen_00050.txt,2026-10-03 08:43:12.784492+00,2026-10-03 08:46:35.105386+00
c46913bd-e279-4189-a1cf-b2bd5bea7e43,/srv/fim-watch/gen_00214.txt,2026-10-03 08:43:12.883862+00,2026-10-03 08:46:35.117593+00
0d46f5d3-20fe-45ce-8a1a-e4aae1311088,/srv/fim-watch/critico/gen_00200.txt,2026-10-03 08:43:12.984397+00,2026-10-03 08:46:35.132404+00
5782c5db-84cf-49b5-9bb7-b186f7b4c854,/srv/fim-watch/critico/gen_00200.txt,2026-10-03 08:43:13.08455+00,2026-10-03 08:46:35.152423+00
7190ebd6-6f19-4429-aac7-f4c4ec434836,/srv/fim-watch/critico/gen_00200.txt,2026-10-03 08:43:13.183871+00,2026-10-03 08:46:35.176614+00
6b2a09e3-e3d1-4d20-8d2b-140cfb3b18ca,/srv/fim-watch/critico/gen_00200.txt,2026-10-03 08:43:13.284341+00,2026-10-03 08:46:35.190905+00
022f988b-9232-4dad-bca6-ef4c88a22351,/srv/fim-watch/critico/gen_00200.txt,2026-10-03 08:43:13.384319+00,2026-10-03 08:46:35.205302+00
79b0421f-d11e-4873-9809-6cd8ba6826d2,/srv/fim-watch/gen_00057.txt,2026-10-03 08:43:13.484028+00,2026-10-03 08:46:35.224698+00
e6aa3998-9517-4705-9e51-c60baa4dfa2e,/srv/fim-watch/gen_00215.txt,2026-10-03 08:43:13.584526+00,2026-10-03 08:46:35.244409+00
32857dcc-c865-4b14-a1f8-68b6222237dd,/srv/fim-watch/gen_00074.txt,2026-10-03 08:43:13.68493+00,2026-10-03 08:46:35.265971+00
56d45b1b-af34-4189-9612-8e3dc29ace87,/srv/fim-watch/critico/gen_00123.txt,2026-10-03 08:43:13.7848+00,2026-10-03 08:46:35.275559+00
f9697978-f46b-440a-a115-4fbc6b1b3b29,/srv/fim-watch/gen_00102.txt,2026-10-03 08:43:13.884322+00,2026-10-03 08:46:35.285703+00
155de740-8c96-4aaa-8704-ac35f501f03c,/srv/fim-watch/gen_00170.txt,2026-10-03 08:43:13.984494+00,2026-10-03 08:46:35.295153+00
12f15d2c-ae4a-438c-87d5-99c7a1d4c9ca,/srv/fim-watch/gen_00216.txt,2026-10-03 08:43:14.084192+00,2026-10-03 08:46:35.306161+00
462bb371-f802-4098-8f86-2dff653878e3,/srv/fim-watch/gen_00216.txt,2026-10-03 08:43:14.184648+00,2026-10-03 08:46:35.318899+00
55caed85-34cc-4ea9-811d-9ff553e7254b,/srv/fim-watch/critico/gen_00153.txt,2026-10-03 08:43:14.283936+00,2026-10-03 08:46:35.353011+00
80eaaea5-86de-4ccc-a5d4-bfa29c11fe38,/srv/fim-watch/gen_00217.txt,2026-10-03 08:43:14.383883+00,2026-10-03 08:46:35.365682+00
bfbc568f-c638-4b50-8129-166b3f863d87,/srv/fim-watch/gen_00134.txt,2026-10-03 08:43:14.483483+00,2026-10-03 08:46:35.374535+00
593d71cd-f23f-4b6a-b665-239ba7388d82,/srv/fim-watch/gen_00218.txt,2026-10-03 08:43:14.584295+00,2026-10-03 08:46:35.393662+00
690ab1f5-7b2c-4971-9d2c-345ce96f0565,/srv/fim-watch/gen_00215.txt,2026-10-03 08:43:14.684809+00,2026-10-03 08:46:35.407779+00
0d35191e-7141-4c4c-a5d2-8cf952fed1e7,/srv/fim-watch/gen_00070.txt,2026-10-03 08:43:14.783902+00,2026-10-03 08:46:35.420532+00
5e35906c-4bf5-4b53-bc2e-f28988c80c75,/srv/fim-watch/gen_00070.txt,2026-10-03 08:43:14.884688+00,2026-10-03 08:46:35.430311+00
c4e5d43f-7656-47bd-a003-a5e6bee16593,/srv/fim-watch/gen_00067.txt,2026-10-03 08:43:14.984015+00,2026-10-03 08:46:35.439836+00
8bd7f120-6e82-44e6-8211-31d08dd3316e,/srv/fim-watch/gen_00135.txt,2026-10-03 08:43:15.08361+00,2026-10-03 08:46:35.456671+00
4096ef4f-8f20-4e97-9fe3-5289a5a123da,/srv/fim-watch/gen_00174.txt,2026-10-03 08:43:15.184221+00,2026-10-03 08:46:35.464399+00
d9721bcb-c1bc-470b-878a-b1363d96d30d,/srv/fim-watch/gen_00219.txt,2026-10-03 08:43:15.284709+00,2026-10-03 08:46:35.473028+00
66d47ed4-8812-4797-ae87-5b56602ec7d4,/srv/fim-watch/gen_00220.txt,2026-10-03 08:43:15.384687+00,2026-10-03 08:46:35.48242+00
e8b3854f-8843-4c44-adb3-8e4b86ffafe0,/srv/fim-watch/gen_00220.txt,2026-10-03 08:43:15.484062+00,2026-10-03 08:46:35.494435+00
0917572b-65ea-4287-b4e4-8dd6e4a91d02,/srv/fim-watch/gen_00128.txt,2026-10-03 08:43:15.583584+00,2026-10-03 08:46:35.508267+00
4629ac9f-8bfa-492b-84cc-5649cdd1af49,/srv/fim-watch/gen_00020.txt,2026-10-03 08:43:15.684728+00,2026-10-03 08:46:35.52155+00
c3b9f651-75ec-414b-9344-d04f55df52ff,/srv/fim-watch/gen_00175.txt,2026-10-03 08:43:15.784393+00,2026-10-03 08:46:35.546561+00
eed2d3a0-3a2d-49a9-9804-6b4b5e319a14,/srv/fim-watch/gen_00193.txt,2026-10-03 08:43:15.884353+00,2026-10-03 08:46:35.568612+00
bdb4bcd6-5bc6-4b58-9104-1b1365504fe3,/srv/fim-watch/gen_00151.txt,2026-10-03 08:43:15.984373+00,2026-10-03 08:46:35.581524+00
a4280f1c-fe2d-4e1f-9b1b-2ae914e67d86,/srv/fim-watch/gen_00151.txt,2026-10-03 08:43:16.084249+00,2026-10-03 08:46:35.599892+00
7c637e07-0f0d-429a-a139-75a5583ae8d7,/srv/fim-watch/gen_00106.txt,2026-10-03 08:43:16.184666+00,2026-10-03 08:46:35.60984+00
01b4d1d7-a965-4daa-8d38-356b4648b850,/srv/fim-watch/gen_00170.txt,2026-10-03 08:43:16.284329+00,2026-10-03 08:46:35.618754+00
9d431898-0210-4277-9ad4-86eef5844d94,/srv/fim-watch/gen_00149.txt,2026-10-03 08:43:16.384543+00,2026-10-03 08:46:35.627843+00
a07c395c-849d-497c-a5ce-26c149d43846,/srv/fim-watch/gen_00103.txt,2026-10-03 08:43:16.48413+00,2026-10-03 08:46:35.637632+00
588a9f18-cf00-4a96-bc03-c57176bc06ac,/srv/fim-watch/gen_00147.txt,2026-10-03 08:43:16.584298+00,2026-10-03 08:46:35.650287+00
58ffdaba-6925-4ee5-b63c-4f7707b3d8a4,/srv/fim-watch/gen_00181.txt,2026-10-03 08:43:16.68426+00,2026-10-03 08:46:35.66277+00
9dac47a4-b99d-4d78-ac2b-8e2232a20bc7,/srv/fim-watch/gen_00181.txt,2026-10-03 08:43:16.784205+00,2026-10-03 08:46:35.675275+00
40f3411a-a501-4d2c-a482-c1264a16a059,/srv/fim-watch/gen_00093.txt,2026-10-03 08:43:16.884213+00,2026-10-03 08:46:35.684257+00
f8eec698-dd8f-45af-b5fb-29050a1cec9d,/srv/fim-watch/gen_00175.txt,2026-10-03 08:43:16.984134+00,2026-10-03 08:46:35.693054+00
1660e2cc-17bf-4bd4-8d6d-c0f82caaf501,/srv/fim-watch/gen_00175.txt,2026-10-03 08:43:17.084063+00,2026-10-03 08:46:35.702219+00
99e02cc1-34e2-4da9-a785-34a3992d1aeb,/srv/fim-watch/gen_00175.txt,2026-10-03 08:43:17.184035+00,2026-10-03 08:46:35.711808+00
d32ea1c4-5462-4328-a1c2-1d5f35625fa6,/srv/fim-watch/gen_00175.txt,2026-10-03 08:43:17.284178+00,2026-10-03 08:46:35.723807+00
9b37d0d7-41c1-44b0-9698-bf2ad66cf91a,/srv/fim-watch/gen_00175.txt,2026-10-03 08:43:17.384724+00,2026-10-03 08:46:35.743279+00
cc3096fa-1aba-434a-89d8-33897b0ed8f4,/srv/fim-watch/gen_00125.txt,2026-10-03 08:43:17.483531+00,2026-10-03 08:46:35.762399+00
d1092260-ad0d-4741-ad50-90a4e7f13129,/srv/fim-watch/gen_00062.txt,2026-10-03 08:43:17.584195+00,2026-10-03 08:46:35.77748+00
308f6141-838e-46c6-89c6-f18f76a9b86f,/srv/fim-watch/critico/gen_00184.txt,2026-10-03 08:43:17.683095+00,2026-10-03 08:46:35.79071+00
addd40d7-e827-4736-a89f-1ef80066adb3,/srv/fim-watch/gen_00167.txt,2026-10-03 08:43:17.784651+00,2026-10-03 08:46:35.802503+00
71b791e8-f52d-4a95-95b1-76ba972d35cd,/srv/fim-watch/gen_00221.txt,2026-10-03 08:43:17.884492+00,2026-10-03 08:46:35.813931+00
e18dc8dd-613a-46db-9149-8e314aca2d31,/srv/fim-watch/critico/gen_00222.txt,2026-10-03 08:43:17.984522+00,2026-10-03 08:46:35.83597+00
7b1cae4e-de59-48e3-94f3-694e5c0d54db,/srv/fim-watch/gen_00108.txt,2026-10-03 08:43:18.084235+00,2026-10-03 08:46:35.856746+00
b3714c9f-cb25-4ce1-94a0-a77cb282a841,/srv/fim-watch/gen_00139.txt,2026-10-03 08:43:18.18555+00,2026-10-03 08:46:35.8683+00
74ee6278-2b7d-4d7f-b41c-702d703e8a71,/srv/fim-watch/gen_00213.txt,2026-10-03 08:43:18.284401+00,2026-10-03 08:46:35.885428+00
d2e347d6-5a81-4a48-bbc3-a20ba5a30929,/srv/fim-watch/gen_00106.txt,2026-10-03 08:43:18.384801+00,2026-10-03 08:46:35.896905+00
620551d2-1b4f-419b-a6a5-ae1362f88e27,/srv/fim-watch/gen_00223.txt,2026-10-03 08:43:18.484863+00,2026-10-03 08:46:35.914913+00
a0fa7011-9394-4e01-8318-0979f32dbb92,/srv/fim-watch/gen_00224.txt,2026-10-03 08:43:18.584125+00,2026-10-03 08:46:35.928308+00
c22a0dfc-276e-40b8-976d-6929f4a4c07b,/srv/fim-watch/gen_00224.txt,2026-10-03 08:43:18.68488+00,2026-10-03 08:46:35.95279+00
0459faa8-1185-4e8b-a6ea-e2a71c67384c,/srv/fim-watch/critico/gen_00025.txt,2026-10-03 08:43:18.784447+00,2026-10-03 08:46:35.982607+00
227a4813-2cd5-46a5-9d3c-687215c47ec1,/srv/fim-watch/critico/gen_00025.txt,2026-10-03 08:43:18.885068+00,2026-10-03 08:46:35.994645+00
ac0e3c5f-be95-4ad2-81e3-0912f0095e13,/srv/fim-watch/gen_00225.txt,2026-10-03 08:43:18.984262+00,2026-10-03 08:46:36.005177+00
50b51bbf-e4f1-4a10-b4a5-395a45982aa8,/srv/fim-watch/critico/gen_00025.txt,2026-10-03 08:43:19.084713+00,2026-10-03 08:46:36.01723+00
6dba31fd-a6d5-4d06-ab83-576c383a990c,/srv/fim-watch/gen_00226.txt,2026-10-03 08:43:19.184644+00,2026-10-03 08:46:36.035779+00
860e6fc4-2b6f-4819-acae-6b6f0a363153,/srv/fim-watch/gen_00049.txt,2026-10-03 08:43:19.28414+00,2026-10-03 08:46:36.046333+00
ea7aaf8d-31d1-46ab-8994-87529feb7105,/srv/fim-watch/gen_00203.txt,2026-10-03 08:43:19.383773+00,2026-10-03 08:46:36.057873+00
068b3883-b70b-473d-ac89-e233862dc9c9,/srv/fim-watch/gen_00114.txt,2026-10-03 08:43:19.484143+00,2026-10-03 08:46:36.06655+00
943b2180-538b-4baa-9fab-588982054974,/srv/fim-watch/gen_00114.txt,2026-10-03 08:43:19.583999+00,2026-10-03 08:46:36.074517+00
2412f6c2-fe89-43f0-ac64-434672d2f10b,/srv/fim-watch/gen_00114.txt,2026-10-03 08:43:19.684169+00,2026-10-03 08:46:36.082268+00
ac6edeca-fd42-40dd-8312-971eaeaecc74,/srv/fim-watch/gen_00114.txt,2026-10-03 08:43:19.78418+00,2026-10-03 08:46:36.090777+00
38f1b4ed-1fd7-47b2-919d-90ce9c2d9a95,/srv/fim-watch/gen_00114.txt,2026-10-03 08:43:19.884529+00,2026-10-03 08:46:36.09812+00
6c1baa68-030d-417b-8327-fcffb87d7647,/srv/fim-watch/critico/gen_00227.txt,2026-10-03 08:43:19.984548+00,2026-10-03 08:46:36.106344+00
4d7ebdf9-2d29-40d1-b48e-87267f411cec,/srv/fim-watch/critico/gen_00227.txt,2026-10-03 08:43:20.084142+00,2026-10-03 08:46:36.121105+00
b53cd029-8878-46b5-959e-dbd378decf47,/srv/fim-watch/gen_00016.txt,2026-10-03 08:43:20.183906+00,2026-10-03 08:46:36.129421+00
9c091402-ee49-4f69-8a79-28438fd0ff8a,/srv/fim-watch/gen_00192.txt,2026-10-03 08:43:20.284302+00,2026-10-03 08:46:36.138871+00
a2521ab2-d210-4060-a074-9dcc6e1dc088,/srv/fim-watch/gen_00228.txt,2026-10-03 08:43:20.384315+00,2026-10-03 08:46:36.151132+00
df978f6b-b589-4baf-a9e0-564bee4b59b5,/srv/fim-watch/critico/gen_00123.txt,2026-10-03 08:43:20.48454+00,2026-10-03 08:46:36.159215+00
ef0b91a4-2e00-444a-a5a1-3abb616fd367,/srv/fim-watch/gen_00159.txt,2026-10-03 08:43:20.58365+00,2026-10-03 08:46:36.167063+00
70a61909-4acd-4106-8d9c-125aead7f16a,/srv/fim-watch/gen_00159.txt,2026-10-03 08:43:20.684337+00,2026-10-03 08:46:36.175778+00
26b548a3-ada0-4548-9065-89c619af384a,/srv/fim-watch/gen_00135.txt,2026-10-03 08:43:20.784698+00,2026-10-03 08:46:36.183234+00
d3c51612-e7b1-44cd-b5b4-a839f056439a,/srv/fim-watch/gen_00229.txt,2026-10-03 08:43:20.883998+00,2026-10-03 08:46:36.194048+00
fda05815-555f-4ad8-a627-acf9046bee5d,/srv/fim-watch/critico/gen_00200.txt,2026-10-03 08:43:20.984391+00,2026-10-03 08:46:36.204705+00
f6b8c542-c18f-4fa3-a354-651ab1d41909,/srv/fim-watch/critico/gen_00200.txt,2026-10-03 08:43:21.084383+00,2026-10-03 08:46:36.219051+00
9c81d0a2-7482-48e9-800b-d51af0086793,/srv/fim-watch/gen_00181.txt,2026-10-03 08:43:21.18399+00,2026-10-03 08:46:36.229596+00
55b460b8-914b-4341-85fd-a370a50509c0,/srv/fim-watch/gen_00167.txt,2026-10-03 08:43:21.283224+00,2026-10-03 08:46:36.238997+00
fc171998-7556-4043-a20f-a4d42d04fae9,/srv/fim-watch/gen_00062.txt,2026-10-03 08:43:21.384392+00,2026-10-03 08:46:36.247837+00
aa50f92c-67d0-4181-8f6c-8adab9d05cce,/srv/fim-watch/gen_00230.txt,2026-10-03 08:43:21.484144+00,2026-10-03 08:46:36.255836+00
8affe7fc-5fc6-41d0-a085-d3b28e13780e,/srv/fim-watch/gen_00062.txt,2026-10-03 08:43:21.584126+00,2026-10-03 08:46:36.265049+00
750f7c9d-d696-45a9-85bf-1f3681b96c0d,/srv/fim-watch/gen_00042.txt,2026-10-03 08:43:21.684911+00,2026-10-03 08:46:36.273744+00
f9f65556-2d7f-4256-88ed-1617ecc0d4cb,/srv/fim-watch/gen_00212.txt,2026-10-03 08:43:21.784189+00,2026-10-03 08:46:36.282957+00
b0d01994-4d21-4314-995a-c989f8d6f14b,/srv/fim-watch/gen_00212.txt,2026-10-03 08:43:21.884594+00,2026-10-03 08:46:36.292187+00
b11f302e-e51a-43a4-bd0a-557cbcd3c588,/srv/fim-watch/gen_00231.txt,2026-10-03 08:43:21.984624+00,2026-10-03 08:46:36.314858+00
22d109c9-4f4f-4c63-8f53-caee285435d8,/srv/fim-watch/gen_00218.txt,2026-10-03 08:43:22.08405+00,2026-10-03 08:46:36.327409+00
5a38c9ff-bff3-4406-ba23-0b06c5af2280,/srv/fim-watch/gen_00122.txt,2026-10-03 08:43:22.184645+00,2026-10-03 08:46:36.345696+00
052e47f5-37f2-4c55-acd1-0d0c0e55163b,/srv/fim-watch/gen_00122.txt,2026-10-03 08:43:22.284307+00,2026-10-03 08:46:36.366989+00
3ac9493e-91d6-4672-a442-0050650c0510,/srv/fim-watch/gen_00232.txt,2026-10-03 08:43:22.384106+00,2026-10-03 08:46:36.385357+00
6dfb2950-1444-47c1-934c-067ea7418d02,/srv/fim-watch/critico/gen_00233.txt,2026-10-03 08:43:22.484557+00,2026-10-03 08:46:36.409045+00
4241a7cf-407a-46b6-aebc-8f25b984ea31,/srv/fim-watch/critico/gen_00233.txt,2026-10-03 08:43:22.583592+00,2026-10-03 08:46:36.420708+00
7e607345-37ab-4df6-81e9-2fdadfb84d30,/srv/fim-watch/gen_00068.txt,2026-10-03 08:43:22.683688+00,2026-10-03 08:46:36.43353+00
6127beb5-fb21-4302-a4e4-cea32617ed89,/srv/fim-watch/gen_00234.txt,2026-10-03 08:43:22.784471+00,2026-10-03 08:46:36.456906+00
e8188abe-cd8a-472f-88d1-438c27210393,/srv/fim-watch/gen_00117.txt,2026-10-03 08:43:22.884247+00,2026-10-03 08:46:36.470159+00
e7190a5e-0ebf-480e-b7c0-a5270367db74,/srv/fim-watch/gen_00102.txt,2026-10-03 08:43:22.984499+00,2026-10-03 08:46:36.487084+00
584fc7dc-e790-4f5b-b14b-500a5193c953,/srv/fim-watch/gen_00108.txt,2026-10-03 08:43:23.084677+00,2026-10-03 08:46:36.499076+00
ec8fb76f-1c85-4dfc-8802-963ff7e4ddc9,/srv/fim-watch/gen_00235.txt,2026-10-03 08:43:23.184684+00,2026-10-03 08:46:36.511845+00
f519a173-29cd-49d6-86ca-94b3a708e852,/srv/fim-watch/critico/gen_00236.txt,2026-10-03 08:43:23.284673+00,2026-10-03 08:46:36.523617+00
9db7734f-e632-4805-a054-c09cf104c153,/srv/fim-watch/critico/gen_00222.txt,2026-10-03 08:43:23.384108+00,2026-10-03 08:46:36.536361+00
280b4732-9fa7-4e9b-8c18-0f1d7da14f80,/srv/fim-watch/gen_00237.txt,2026-10-03 08:43:23.484288+00,2026-10-03 08:46:36.556256+00
cbefc978-ebf8-4783-a167-afebfba061b4,/srv/fim-watch/gen_00238.txt,2026-10-03 08:43:23.584126+00,2026-10-03 08:46:36.575602+00
bc8e3977-aa68-416e-b247-2a4dde60a73f,/srv/fim-watch/gen_00195.txt,2026-10-03 08:43:23.684715+00,2026-10-03 08:46:36.587785+00
8a1976fa-125e-4b51-a61a-2d7275d547ac,/srv/fim-watch/gen_00115.txt,2026-10-03 08:43:23.784061+00,2026-10-03 08:46:36.609714+00
5b6ed303-2928-4d2e-8fd5-98d7ab50a6ab,/srv/fim-watch/gen_00115.txt,2026-10-03 08:43:23.884395+00,2026-10-03 08:46:36.631058+00
14fbea8d-8882-419c-98d9-6bc023c36885,/srv/fim-watch/gen_00115.txt,2026-10-03 08:43:23.984355+00,2026-10-03 08:46:36.643016+00
1412cf7c-1f2e-405d-ac8c-1a1a62924a31,/srv/fim-watch/gen_00115.txt,2026-10-03 08:43:24.084799+00,2026-10-03 08:46:36.657054+00
b825e286-edfd-4e8b-8e23-535ca731ec13,/srv/fim-watch/gen_00115.txt,2026-10-03 08:43:24.184696+00,2026-10-03 08:46:36.67477+00
fc98fa97-3cb9-43e7-bb4b-96389ed80a6c,/srv/fim-watch/gen_00079.txt,2026-10-03 08:43:24.28472+00,2026-10-03 08:46:36.685937+00
571dbc7a-da70-4ed6-980a-3d235666fa44,/srv/fim-watch/gen_00057.txt,2026-10-03 08:43:24.383835+00,2026-10-03 08:46:36.695251+00
fff7ba16-1cb0-4a0d-8522-3af4e2348196,/srv/fim-watch/gen_00194.txt,2026-10-03 08:43:24.484246+00,2026-10-03 08:46:36.704268+00
7bd5b7e0-b8c4-42b9-a22e-a6052d528eed,/srv/fim-watch/gen_00239.txt,2026-10-03 08:43:24.583996+00,2026-10-03 08:46:36.711397+00
0f998fd2-9a6c-4e85-8f8f-1ccbf595ee21,/srv/fim-watch/gen_00240.txt,2026-10-03 08:43:24.684074+00,2026-10-03 08:46:36.721299+00
d0dfa0c0-c52c-4533-a2fd-20835422882d,/srv/fim-watch/gen_00185.txt,2026-10-03 08:43:24.783983+00,2026-10-03 08:46:36.733556+00
71f32f35-eb69-46a8-8dd8-7a290fdf3881,/srv/fim-watch/gen_00203.txt,2026-10-03 08:43:24.884553+00,2026-10-03 08:46:36.752214+00
9236f126-bad6-448d-af4a-706036257a35,/srv/fim-watch/gen_00231.txt,2026-10-03 08:43:24.984517+00,2026-10-03 08:46:36.772288+00
4f883214-e0c0-4801-9a5d-9faf833ca610,/srv/fim-watch/gen_00217.txt,2026-10-03 08:43:25.084551+00,2026-10-03 08:46:36.788512+00
94462d4e-c98c-4732-85bd-d0aa3c8472ce,/srv/fim-watch/gen_00049.txt,2026-10-03 08:43:25.183441+00,2026-10-03 08:46:36.796075+00
90b0fe68-409e-42c5-8069-419fbda87d70,/srv/fim-watch/gen_00240.txt,2026-10-03 08:43:25.285133+00,2026-10-03 08:46:36.804585+00
372f8e93-ca83-40f4-baf0-31e543961e1e,/srv/fim-watch/gen_00078.txt,2026-10-03 08:43:25.384014+00,2026-10-03 08:46:36.824363+00
b8a1c8e0-2fcd-4459-b309-2e037cb742ec,/srv/fim-watch/gen_00146.txt,2026-10-03 08:43:25.484147+00,2026-10-03 08:46:36.839789+00
4b393506-c448-48a5-8d64-683117644201,/srv/fim-watch/gen_00104.txt,2026-10-03 08:43:25.584933+00,2026-10-03 08:46:36.854561+00
d8446db5-f273-4930-b2ad-a810876361f4,/srv/fim-watch/critico/gen_00037.txt,2026-10-03 08:43:25.68377+00,2026-10-03 08:46:36.865331+00
624aa75c-05e7-4e67-a8e0-36a0c2d6c401,/srv/fim-watch/gen_00155.txt,2026-10-03 08:43:25.785+00,2026-10-03 08:46:36.87462+00
3d2222bd-5f8f-40ac-bf47-6fa40f995a29,/srv/fim-watch/gen_00241.txt,2026-10-03 08:43:25.88431+00,2026-10-03 08:46:36.889003+00
cc72b837-9321-4e84-b2bf-fcc2f20e8b75,/srv/fim-watch/gen_00219.txt,2026-10-03 08:43:25.984636+00,2026-10-03 08:46:36.901743+00
aa1bfeda-888c-4e4c-b4e6-5c3640bdb268,/srv/fim-watch/critico/gen_00222.txt,2026-10-03 08:43:26.084548+00,2026-10-03 08:46:36.919142+00
0f2e7b7f-a19d-493e-bef8-b2b38d4b4160,/srv/fim-watch/gen_00088.txt,2026-10-03 08:43:26.184713+00,2026-10-03 08:46:36.93723+00
a3259ace-78f6-42f3-b54d-19801424bbd3,/srv/fim-watch/critico/gen_00025.txt,2026-10-03 08:43:26.284726+00,2026-10-03 08:46:36.956034+00
15ebe9e3-de1e-47a9-8877-5d229056a2d3,/srv/fim-watch/gen_00229.txt,2026-10-03 08:43:26.384232+00,2026-10-03 08:46:36.972767+00
0d15698f-afd8-4eb9-b9a6-d1a213608d55,/srv/fim-watch/gen_00217.txt,2026-10-03 08:43:26.484215+00,2026-10-03 08:46:36.982154+00
a4141203-bb58-4aca-8a9a-6a95959b31fe,/srv/fim-watch/critico/gen_00242.txt,2026-10-03 08:43:26.584721+00,2026-10-03 08:46:36.992327+00
c1073132-cab6-485a-94e0-2f762bdab372,/srv/fim-watch/gen_00243.txt,2026-10-03 08:43:26.684686+00,2026-10-03 08:46:37.001458+00
01fa424f-9040-4a31-8b4f-f0147e4d7b0d,/srv/fim-watch/gen_00089.txt,2026-10-03 08:43:26.784832+00,2026-10-03 08:46:37.010904+00
02b223b7-6087-4796-bb45-6bf2cbd6899d,/srv/fim-watch/gen_00244.txt,2026-10-03 08:43:26.884275+00,2026-10-03 08:46:37.020651+00
4c38a534-a99a-45b4-90fb-bebd0b9f8b2e,/srv/fim-watch/gen_00244.txt,2026-10-03 08:43:26.984304+00,2026-10-03 08:46:37.033408+00
63e62d37-ed6e-4a72-94c9-f4cb72f0b549,/srv/fim-watch/critico/gen_00191.txt,2026-10-03 08:43:27.084722+00,2026-10-03 08:46:37.051016+00
920087c6-9e2a-4026-8dcc-71ee3beaaced,/srv/fim-watch/gen_00203.txt,2026-10-03 08:43:27.184817+00,2026-10-03 08:46:37.062605+00
b173fc8b-253b-4f72-af5c-c552c192e4e5,/srv/fim-watch/gen_00203.txt,2026-10-03 08:43:27.284546+00,2026-10-03 08:46:37.072643+00
c55b48d7-0598-49aa-a33f-25e585fdfe48,/srv/fim-watch/gen_00088.txt,2026-10-03 08:43:27.38421+00,2026-10-03 08:46:37.093968+00
cdedd3f6-429a-4bc6-b4bd-a48c4baecce9,/srv/fim-watch/gen_00245.txt,2026-10-03 08:43:27.48414+00,2026-10-03 08:46:37.104311+00
1dd53e4d-3ab8-495c-a5cf-46c69fa334dc,/srv/fim-watch/critico/gen_00156.txt,2026-10-03 08:43:27.583607+00,2026-10-03 08:46:37.112669+00
29166f64-6435-487f-8e55-8462e5cac04f,/srv/fim-watch/gen_00198.txt,2026-10-03 08:43:27.684921+00,2026-10-03 08:46:37.121598+00
80455bdb-ab23-475d-bb03-032ba50c16de,/srv/fim-watch/gen_00246.txt,2026-10-03 08:43:27.783871+00,2026-10-03 08:46:37.132854+00
35834c86-c47d-4a01-ac12-bd9672fe46b4,/srv/fim-watch/critico/gen_00200.txt,2026-10-03 08:43:27.884313+00,2026-10-03 08:46:37.143306+00
47425dab-aae2-44e0-b927-26a3a8a9be90,/srv/fim-watch/gen_00219.txt,2026-10-03 08:43:27.984261+00,2026-10-03 08:46:37.155639+00
d25b7c4e-08ca-40fa-b4e3-1eb494aa19f0,/srv/fim-watch/gen_00174.txt,2026-10-03 08:43:28.084515+00,2026-10-03 08:46:37.167792+00
8baf7aa5-8ac2-4493-866e-433a584bdc11,/srv/fim-watch/critico/gen_00209.txt,2026-10-03 08:43:28.18457+00,2026-10-03 08:46:37.180258+00
4e1f6f05-5b5d-4f8a-bcb7-ceab421b3d03,/srv/fim-watch/gen_00057.txt,2026-10-03 08:43:28.284057+00,2026-10-03 08:46:37.191711+00
0acbb62c-75d0-4ffa-8c6b-809087484f3c,/srv/fim-watch/gen_00161.txt,2026-10-03 08:43:28.384389+00,2026-10-03 08:46:37.203232+00
2715b0e1-e79e-4907-b34c-374bd671a67f,/srv/fim-watch/gen_00237.txt,2026-10-03 08:43:28.483797+00,2026-10-03 08:46:37.220158+00
f36cbfda-71a3-4ffc-86d8-21a744436379,/srv/fim-watch/critico/gen_00242.txt,2026-10-03 08:43:28.58457+00,2026-10-03 08:46:37.229988+00
7c1287b6-d017-47c9-ac94-2c7ae5703a37,/srv/fim-watch/gen_00247.txt,2026-10-03 08:43:28.684975+00,2026-10-03 08:46:37.238971+00
9d3ebb97-83dc-4922-b044-1abc56ea18ef,/srv/fim-watch/gen_00006.txt,2026-10-03 08:43:28.78398+00,2026-10-03 08:46:37.248595+00
61928414-5ea8-41f6-b156-b9cebdb76ca6,/srv/fim-watch/gen_00114.txt,2026-10-03 08:43:28.884588+00,2026-10-03 08:46:37.259122+00
448c35e0-511a-435b-9f6a-0b6804fad852,/srv/fim-watch/gen_00128.txt,2026-10-03 08:43:28.984135+00,2026-10-03 08:46:37.273615+00
221aa912-2e46-49ef-b8b7-098faf3ef6dd,/srv/fim-watch/gen_00128.txt,2026-10-03 08:43:29.084622+00,2026-10-03 08:46:37.290645+00
9f6142aa-1e37-4b22-b99a-3e7c0adf773f,/srv/fim-watch/gen_00128.txt,2026-10-03 08:43:29.184909+00,2026-10-03 08:46:37.306124+00
8a88c07a-5da4-40dd-a4f2-76a68f4ae7d8,/srv/fim-watch/gen_00128.txt,2026-10-03 08:43:29.284492+00,2026-10-03 08:46:37.318984+00
5c5229bc-444c-43c8-a39f-cd4ca745fd81,/srv/fim-watch/gen_00128.txt,2026-10-03 08:43:29.383862+00,2026-10-03 08:46:37.331958+00
2e7eabb7-4808-4557-a697-cab1ac546b9b,/srv/fim-watch/gen_00162.txt,2026-10-03 08:43:29.483928+00,2026-10-03 08:46:37.343494+00
13519f04-edb0-45ce-92a5-737ba537fc68,/srv/fim-watch/critico/gen_00248.txt,2026-10-03 08:43:29.583541+00,2026-10-03 08:46:37.364187+00
c6dd5d10-4225-42c0-bfe8-ce233d3fb012,/srv/fim-watch/gen_00249.txt,2026-10-03 08:43:29.684191+00,2026-10-03 08:46:37.376248+00
2d5015c9-0f63-4bc3-a738-27ec753f9f9b,/srv/fim-watch/critico/gen_00236.txt,2026-10-03 08:43:29.784512+00,2026-10-03 08:46:37.388744+00
5e151dac-6180-4738-9c4b-1763fd9f975e,/srv/fim-watch/gen_00093.txt,2026-10-03 08:43:29.883863+00,2026-10-03 08:46:37.404987+00
aee2a51d-dd8e-4709-96ce-55fde3e31d28,/srv/fim-watch/critico/gen_00222.txt,2026-10-03 08:43:29.984346+00,2026-10-03 08:46:37.423126+00
7f5b5777-d4ce-4195-833b-e763f1b7c07f,/srv/fim-watch/gen_00239.txt,2026-10-03 08:43:30.084818+00,2026-10-03 08:46:37.456444+00
c36177f4-e05b-4960-9e93-4c89b9941b5f,/srv/fim-watch/gen_00128.txt,2026-10-03 08:43:30.18415+00,2026-10-03 08:46:37.476309+00
de117237-f611-4af0-8e30-91076cf5046d,/srv/fim-watch/gen_00235.txt,2026-10-03 08:43:30.283692+00,2026-10-03 08:46:37.498372+00
c49b0950-f2d9-40fb-a97c-8b64bc2b74ff,/srv/fim-watch/gen_00074.txt,2026-10-03 08:43:30.383307+00,2026-10-03 08:46:37.509022+00
ac23f100-352c-4a0e-af7c-f6cc53232ec9,/srv/fim-watch/gen_00159.txt,2026-10-03 08:43:30.483814+00,2026-10-03 08:46:37.528087+00
18592d42-3717-4501-a80a-e96ef2db517b,/srv/fim-watch/gen_00250.txt,2026-10-03 08:43:30.584476+00,2026-10-03 08:46:37.539185+00
3182ac24-5fd5-48c2-8ed6-b51f87d39e88,/srv/fim-watch/gen_00068.txt,2026-10-03 08:43:30.683381+00,2026-10-03 08:46:37.562591+00
56e47df5-3027-4536-b4e5-4689e1b754b8,/srv/fim-watch/critico/gen_00189.txt,2026-10-03 08:43:30.783943+00,2026-10-03 08:46:37.577298+00
9ee604fd-25cc-48d3-b308-ccd1e0901372,/srv/fim-watch/critico/gen_00189.txt,2026-10-03 08:43:30.884325+00,2026-10-03 08:46:37.588814+00
7628f709-0deb-4bdd-bf7a-ee09b094cabc,/srv/fim-watch/gen_00234.txt,2026-10-03 08:43:30.984244+00,2026-10-03 08:46:37.599879+00
c79386be-c068-4392-b884-4f895c479085,/srv/fim-watch/gen_00214.txt,2026-10-03 08:43:31.084395+00,2026-10-03 08:46:37.609745+00
0e959037-7bf2-428d-987c-a57fa080269d,/srv/fim-watch/gen_00163.txt,2026-10-03 08:43:31.184787+00,2026-10-03 08:46:37.621664+00
4c187b51-ae2b-4a4c-afa3-cf707185b651,/srv/fim-watch/critico/gen_00251.txt,2026-10-03 08:43:31.284382+00,2026-10-03 08:46:37.631175+00
2e4286c7-b023-4fbc-b93d-e75c521941ed,/srv/fim-watch/gen_00231.txt,2026-10-03 08:43:31.384498+00,2026-10-03 08:46:37.640984+00
8459b869-b1b9-4ce1-a435-1ed9db0f878a,/srv/fim-watch/gen_00252.txt,2026-10-03 08:43:31.483304+00,2026-10-03 08:46:37.652818+00
24222bce-3cc5-437a-b005-f6943414d100,/srv/fim-watch/critico/gen_00233.txt,2026-10-03 08:43:31.58492+00,2026-10-03 08:46:37.661331+00
c4c46e92-c9e8-41ce-92a4-7fdc71615cb1,/srv/fim-watch/critico/gen_00253.txt,2026-10-03 08:43:31.684156+00,2026-10-03 08:46:37.67128+00
87579fb1-7e1e-484a-8280-c6b58b572244,/srv/fim-watch/gen_00221.txt,2026-10-03 08:43:31.784348+00,2026-10-03 08:46:37.679899+00
81ad70a7-4ace-4c7a-a8c3-822951168ebd,/srv/fim-watch/gen_00254.txt,2026-10-03 08:43:31.88384+00,2026-10-03 08:46:37.690075+00
9410d3bc-9d67-415f-ab41-f6b28579cb08,/srv/fim-watch/gen_00255.txt,2026-10-03 08:43:31.984264+00,2026-10-03 08:46:37.699962+00
0580b0f6-4a9a-44b5-87ab-a9b4d6f401a2,/srv/fim-watch/gen_00256.txt,2026-10-03 08:43:32.084373+00,2026-10-03 08:46:37.713061+00
3affff78-a51a-4113-aee9-a159f72e21d8,/srv/fim-watch/gen_00187.txt,2026-10-03 08:43:32.184408+00,2026-10-03 08:46:37.729526+00
1f667ab7-8c60-42a6-9553-a787a9706ce7,/srv/fim-watch/gen_00187.txt,2026-10-03 08:43:32.283671+00,2026-10-03 08:46:37.738958+00
20141ab0-bc7c-4d4e-96e1-c3d9acf24241,/srv/fim-watch/gen_00064.txt,2026-10-03 08:43:32.383587+00,2026-10-03 08:46:37.748937+00
177d1011-ce34-4d29-929f-9ccf72bcd908,/srv/fim-watch/gen_00257.txt,2026-10-03 08:43:32.483915+00,2026-10-03 08:46:37.756769+00
1df653c6-2097-41fc-b2fe-de29b16066d8,/srv/fim-watch/gen_00258.txt,2026-10-03 08:43:32.584331+00,2026-10-03 08:46:37.76535+00
95fa93db-d2d3-41b1-913b-1f1216cee8fc,/srv/fim-watch/gen_00258.txt,2026-10-03 08:43:32.683935+00,2026-10-03 08:46:37.775539+00
990d2fe1-9ef4-49c7-b41c-0516306a674c,/srv/fim-watch/gen_00259.txt,2026-10-03 08:43:32.783357+00,2026-10-03 08:46:37.784327+00
b3b54037-338a-4002-8f7d-0848066f9c96,/srv/fim-watch/gen_00006.txt,2026-10-03 08:43:32.883711+00,2026-10-03 08:46:37.792892+00
23ba2ef9-971c-4b8c-abbe-3c821a5213a1,/srv/fim-watch/gen_00108.txt,2026-10-03 08:43:32.984525+00,2026-10-03 08:46:37.802165+00
414cb76b-a1a4-4c3d-a99b-07d392ca2239,/srv/fim-watch/gen_00256.txt,2026-10-03 08:43:33.08487+00,2026-10-03 08:46:37.812315+00
8da26c47-d22f-48d2-b74f-9a961ede4f14,/srv/fim-watch/gen_00260.txt,2026-10-03 08:43:33.184915+00,2026-10-03 08:46:37.823791+00
ca7995fa-25ad-4405-aa3c-21ed61be9a6d,/srv/fim-watch/gen_00175.txt,2026-10-03 08:43:33.284839+00,2026-10-03 08:46:37.83556+00
39f7d908-b0c9-401e-96c4-c49cb3fa79a2,/srv/fim-watch/gen_00261.txt,2026-10-03 08:43:33.38395+00,2026-10-03 08:46:37.846961+00
4dc29a9c-03b1-45e4-8c27-8aa3559a3b95,/srv/fim-watch/critico/gen_00262.txt,2026-10-03 08:43:33.484365+00,2026-10-03 08:46:37.867623+00
811fabb3-9899-4030-b526-c99da1fcaa95,/srv/fim-watch/gen_00263.txt,2026-10-03 08:43:33.583853+00,2026-10-03 08:46:37.892836+00
630d0db4-ca74-4c9e-ab4c-5c65356fbafe,/srv/fim-watch/gen_00264.txt,2026-10-03 08:43:33.683297+00,2026-10-03 08:46:37.910097+00
a31ea9cd-1e51-4816-9dc3-a53b232e1299,/srv/fim-watch/gen_00050.txt,2026-10-03 08:43:33.784277+00,2026-10-03 08:46:37.923134+00
07bee8ef-e2cd-437a-aaef-990dd0e6e255,/srv/fim-watch/gen_00084.txt,2026-10-03 08:43:33.884171+00,2026-10-03 08:46:37.935628+00
af2e7f10-4d79-44cb-8152-9899b379a41f,/srv/fim-watch/gen_00265.txt,2026-10-03 08:43:33.984165+00,2026-10-03 08:46:37.954057+00
801eaa6f-db3f-4cc0-9f72-78ebcc902bcd,/srv/fim-watch/gen_00266.txt,2026-10-03 08:43:34.084181+00,2026-10-03 08:46:37.96535+00
dd31ff0b-076b-4f7b-8a5a-30bf80a72034,/srv/fim-watch/critico/gen_00053.txt,2026-10-03 08:43:34.18414+00,2026-10-03 08:46:37.979919+00
d6f3cbc1-48f2-44fe-8d8f-51bc0236fc43,/srv/fim-watch/gen_00006.txt,2026-10-03 08:43:34.284086+00,2026-10-03 08:46:37.990485+00
5245e3fe-71b6-4e80-aaba-7b4afe14e43a,/srv/fim-watch/critico/gen_00209.txt,2026-10-03 08:43:34.384046+00,2026-10-03 08:46:38.004806+00
570a475a-1011-4180-85f1-f7af7702daec,/srv/fim-watch/critico/gen_00156.txt,2026-10-03 08:43:34.485866+00,2026-10-03 08:46:38.020207+00
f090a11e-219e-4d8c-9296-4a35656adb9a,/srv/fim-watch/gen_00267.txt,2026-10-03 08:43:34.583702+00,2026-10-03 08:46:38.041907+00
72da7d2a-d9e6-4335-a7c5-c6cf1d4db8c3,/srv/fim-watch/gen_00195.txt,2026-10-03 08:43:34.684588+00,2026-10-03 08:46:38.05531+00
b5792241-1440-49c9-86b4-d907338db0ed,/srv/fim-watch/gen_00254.txt,2026-10-03 08:43:34.784626+00,2026-10-03 08:46:38.074133+00
d8c70e85-5e41-44d6-b855-43bdd2d074d3,/srv/fim-watch/gen_00268.txt,2026-10-03 08:43:34.884345+00,2026-10-03 08:46:38.094991+00
9e2dfad9-deac-4497-969a-82e2d7629ab7,/srv/fim-watch/gen_00269.txt,2026-10-03 08:43:34.984278+00,2026-10-03 08:46:38.115145+00
cd4a4612-42cb-4aa9-afd2-e94df9ad741d,/srv/fim-watch/gen_00270.txt,2026-10-03 08:43:35.084638+00,2026-10-03 08:46:38.156035+00
da6ca29c-7f88-46f2-99fa-d3ea67036551,/srv/fim-watch/gen_00270.txt,2026-10-03 08:43:35.184372+00,2026-10-03 08:46:38.174742+00
8845479e-47bc-46da-aa29-926a87069df4,/srv/fim-watch/gen_00175.txt,2026-10-03 08:43:35.284019+00,2026-10-03 08:46:38.198074+00
0805c862-f34d-4a90-8042-2fd26faa1fb0,/srv/fim-watch/gen_00175.txt,2026-10-03 08:43:35.384123+00,2026-10-03 08:46:38.21554+00
955e173d-598f-48bd-a68f-e332dfa63cb0,/srv/fim-watch/gen_00271.txt,2026-10-03 08:43:35.484545+00,2026-10-03 08:46:38.223985+00
1aae635e-b6e3-43a9-b605-67cc25cece95,/srv/fim-watch/gen_00033.txt,2026-10-03 08:43:35.583816+00,2026-10-03 08:46:38.230723+00
245d74bf-0231-41fa-8440-3884de669f18,/srv/fim-watch/critico/gen_00272.txt,2026-10-03 08:43:35.684329+00,2026-10-03 08:46:38.238197+00
83dfb113-9dd7-4088-972c-4a8633f9ba70,/srv/fim-watch/gen_00058.txt,2026-10-03 08:43:35.783569+00,2026-10-03 08:46:38.246176+00
aa01eae2-468c-4e4b-92d6-7072b227dd5d,/srv/fim-watch/critico/gen_00169.txt,2026-10-03 08:43:35.883472+00,2026-10-03 08:46:38.252979+00
4432e7b2-2ca4-40d0-9d82-21d5d31cb4b4,/srv/fim-watch/gen_00267.txt,2026-10-03 08:43:35.984704+00,2026-10-03 08:46:38.260641+00
38b5ed4d-3580-44a6-a03f-2defc0344859,/srv/fim-watch/gen_00267.txt,2026-10-03 08:43:36.084521+00,2026-10-03 08:46:38.270302+00
0ad41e67-ffd5-44e4-82ae-af113aa22fd2,/srv/fim-watch/gen_00267.txt,2026-10-03 08:43:36.184565+00,2026-10-03 08:46:38.279954+00
1837d59c-add9-4412-88db-7886a7e524ac,/srv/fim-watch/gen_00267.txt,2026-10-03 08:43:36.284768+00,2026-10-03 08:46:38.292802+00
b4d313bb-c9b4-4985-9c31-208d57c7d296,/srv/fim-watch/gen_00267.txt,2026-10-03 08:43:36.384322+00,2026-10-03 08:46:38.304924+00
a32246fc-e989-49cb-b752-78436844d619,/srv/fim-watch/gen_00036.txt,2026-10-03 08:43:36.484175+00,2026-10-03 08:46:38.315068+00
380bcf43-89c3-4cf4-b65f-2422d410e2f9,/srv/fim-watch/gen_00065.txt,2026-10-03 08:43:36.584407+00,2026-10-03 08:46:38.324002+00
f4d994b5-f539-48e2-b852-568e492dea29,/srv/fim-watch/gen_00273.txt,2026-10-03 08:43:36.684064+00,2026-10-03 08:46:38.332268+00
a2d4c6c5-3cbf-416c-89fd-ff280928d215,/srv/fim-watch/critico/gen_00236.txt,2026-10-03 08:43:36.784187+00,2026-10-03 08:46:38.33963+00
5fd34f63-4d42-4bfd-bd1a-769b9c42ccf0,/srv/fim-watch/critico/gen_00236.txt,2026-10-03 08:43:36.884452+00,2026-10-03 08:46:38.350309+00
1a7cb2b6-cc47-47f9-961a-b6b3a9bdcf40,/srv/fim-watch/gen_00245.txt,2026-10-03 08:43:36.984404+00,2026-10-03 08:46:38.358391+00
887bcaf0-2257-4f34-9162-b09d9dc70e6c,/srv/fim-watch/gen_00268.txt,2026-10-03 08:43:37.084633+00,2026-10-03 08:46:38.366973+00
1de83c5f-3165-4f40-aa3f-76ace7bf676a,/srv/fim-watch/gen_00268.txt,2026-10-03 08:43:37.184729+00,2026-10-03 08:46:38.388535+00
fc0b68d6-a6c5-457b-91dc-afa5881133ec,/srv/fim-watch/gen_00274.txt,2026-10-03 08:43:37.284304+00,2026-10-03 08:46:38.401855+00
a92b23df-6fd7-4c2e-ad92-f4a04cc69340,/srv/fim-watch/gen_00134.txt,2026-10-03 08:43:37.384455+00,2026-10-03 08:46:38.413979+00
6d0b8225-fa74-4da1-b0ef-e5f85c3357be,/srv/fim-watch/gen_00266.txt,2026-10-03 08:43:37.484615+00,2026-10-03 08:46:38.435251+00
eb6d4c2e-7bd8-494e-9574-ce9f5796ab3b,/srv/fim-watch/gen_00088.txt,2026-10-03 08:43:37.584204+00,2026-10-03 08:46:38.45014+00
3d5a0ebe-b9f3-4c0d-84bb-2b75ff56abcc,/srv/fim-watch/gen_00088.txt,2026-10-03 08:43:37.684524+00,2026-10-03 08:46:38.470461+00
50901747-117f-4bcd-9fe7-3d93bc8a583a,/srv/fim-watch/gen_00129.txt,2026-10-03 08:43:37.784923+00,2026-10-03 08:46:38.480938+00
8798533e-1181-474c-b632-f4d8c2ff774f,/srv/fim-watch/gen_00084.txt,2026-10-03 08:43:37.884297+00,2026-10-03 08:46:38.495168+00
11ea6704-f11f-40da-a735-b144b6cd0024,/srv/fim-watch/gen_00256.txt,2026-10-03 08:43:37.984159+00,2026-10-03 08:46:38.504355+00
f31aec20-1efe-4689-893a-359bd09090ec,/srv/fim-watch/gen_00093.txt,2026-10-03 08:43:38.084614+00,2026-10-03 08:46:38.514322+00
b95ec3bc-e231-4e9e-b648-4176ab4dfbd7,/srv/fim-watch/gen_00067.txt,2026-10-03 08:43:38.184564+00,2026-10-03 08:46:38.524065+00
ec2a0b10-4ad5-484e-b994-76b579a06256,/srv/fim-watch/gen_00275.txt,2026-10-03 08:43:38.284654+00,2026-10-03 08:46:38.534265+00
a82ad8c0-e00b-4571-a86f-2f1b8acbce27,/srv/fim-watch/critico/gen_00202.txt,2026-10-03 08:43:38.383791+00,2026-10-03 08:46:38.546198+00
3aaa5953-9e4d-48d5-b9ad-52b3025a4bd0,/srv/fim-watch/gen_00267.txt,2026-10-03 08:43:38.484911+00,2026-10-03 08:46:38.556088+00
555129f1-195f-461b-8698-4428c4fbddac,/srv/fim-watch/gen_00267.txt,2026-10-03 08:43:38.584858+00,2026-10-03 08:46:38.564752+00
a5fa603d-187d-4022-9387-8c6f42136e83,/srv/fim-watch/gen_00267.txt,2026-10-03 08:43:38.684603+00,2026-10-03 08:46:38.575899+00
4e220911-6515-4875-b504-471530f7825a,/srv/fim-watch/gen_00267.txt,2026-10-03 08:43:38.784347+00,2026-10-03 08:46:38.590155+00
dfb82546-723c-4111-ace6-6b3eec56c681,/srv/fim-watch/gen_00267.txt,2026-10-03 08:43:38.884099+00,2026-10-03 08:46:38.601455+00
7682c72d-e7f8-496e-8f83-ba637b58d053,/srv/fim-watch/gen_00160.txt,2026-10-03 08:43:38.984578+00,2026-10-03 08:46:38.61139+00
b6e0370f-4c5b-483b-ab5a-1556663eda6b,/srv/fim-watch/gen_00098.txt,2026-10-03 08:43:39.084775+00,2026-10-03 08:46:38.625768+00
08986c35-eca2-46b7-b238-3946728c02bb,/srv/fim-watch/critico/gen_00153.txt,2026-10-03 08:43:39.184833+00,2026-10-03 08:46:38.635642+00
619f48c4-3274-41d3-a9bc-2cf003cb4249,/srv/fim-watch/gen_00177.txt,2026-10-03 08:43:39.284464+00,2026-10-03 08:46:38.644184+00
3065ffae-99e5-403d-84a6-810115cae908,/srv/fim-watch/critico/gen_00276.txt,2026-10-03 08:43:39.384008+00,2026-10-03 08:46:38.653845+00
f100c72a-b4c2-4e0f-a38a-cb53952aa138,/srv/fim-watch/critico/gen_00173.txt,2026-10-03 08:43:39.484225+00,2026-10-03 08:46:38.665509+00
bc55283c-8586-4b9e-89e5-c55dcb9765f7,/srv/fim-watch/critico/gen_00233.txt,2026-10-03 08:43:39.583849+00,2026-10-03 08:46:38.675901+00
421eb671-2f6e-4797-a187-9e0560018405,/srv/fim-watch/gen_00105.txt,2026-10-03 08:43:39.68337+00,2026-10-03 08:46:38.684745+00
2ac466b0-6bfd-4688-9aab-d4be07d04f09,/srv/fim-watch/gen_00230.txt,2026-10-03 08:43:39.784532+00,2026-10-03 08:46:38.692079+00
53f5483c-b2ac-45ae-9804-b582c618025a,/srv/fim-watch/gen_00117.txt,2026-10-03 08:43:39.884066+00,2026-10-03 08:46:38.700175+00
f1d02f45-feb0-49f0-8c91-87c1c411b2b3,/srv/fim-watch/gen_00277.txt,2026-10-03 08:43:39.984135+00,2026-10-03 08:46:38.70944+00
6d331fc2-f997-415e-8c53-ded8c314072c,/srv/fim-watch/gen_00136.txt,2026-10-03 08:43:40.084316+00,2026-10-03 08:46:38.727549+00
ccc42aed-e17b-4637-b8a4-37c4782af75c,/srv/fim-watch/gen_00079.txt,2026-10-03 08:43:40.184791+00,2026-10-03 08:46:38.740565+00
b130a250-bc04-4c59-badf-5482b6507f5a,/srv/fim-watch/gen_00079.txt,2026-10-03 08:43:40.283665+00,2026-10-03 08:46:38.753112+00
7c2d94d6-347b-449d-b65a-f871a2df3bac,/srv/fim-watch/gen_00006.txt,2026-10-03 08:43:40.3838+00,2026-10-03 08:46:38.766928+00
b296dad6-87e8-4609-a379-20bbc33d5872,/srv/fim-watch/critico/gen_00184.txt,2026-10-03 08:43:40.484175+00,2026-10-03 08:46:38.776952+00
65e55f18-445b-4700-8e9b-ad1af304091d,/srv/fim-watch/gen_00070.txt,2026-10-03 08:43:40.584322+00,2026-10-03 08:46:38.78896+00
b4497e35-0e72-4784-8b9e-151dc22d1b9b,/srv/fim-watch/gen_00278.txt,2026-10-03 08:43:40.684218+00,2026-10-03 08:46:38.799793+00
260a1920-5c6b-49da-a3e1-cccf31a7ac80,/srv/fim-watch/gen_00176.txt,2026-10-03 08:43:40.784327+00,2026-10-03 08:46:38.807093+00
efae0113-6406-4b67-a84a-1165dccac8af,/srv/fim-watch/gen_00213.txt,2026-10-03 08:43:40.883711+00,2026-10-03 08:46:38.81611+00
f43c7f6e-dde4-48c9-a7b5-551ef4eb5e1b,/srv/fim-watch/gen_00213.txt,2026-10-03 08:43:40.984721+00,2026-10-03 08:46:38.826436+00
85bc3ca0-dd51-4452-bb3a-3aba988fdd20,/srv/fim-watch/gen_00259.txt,2026-10-03 08:43:41.084489+00,2026-10-03 08:46:38.837058+00
ab7408f5-e37a-443a-b598-3f0d842c88da,/srv/fim-watch/gen_00259.txt,2026-10-03 08:43:41.18416+00,2026-10-03 08:46:38.879257+00
afb029e5-4490-4a14-9a12-6c79dc635375,/srv/fim-watch/critico/gen_00242.txt,2026-10-03 08:43:41.284267+00,2026-10-03 08:46:38.904168+00
f71ba8ab-4b50-46ad-a9c2-4f202b956ef8,/srv/fim-watch/critico/gen_00242.txt,2026-10-03 08:43:41.384138+00,2026-10-03 08:46:38.917548+00
449fb509-ac92-4ea5-aa67-f6da22e4e824,/srv/fim-watch/gen_00267.txt,2026-10-03 08:43:41.484551+00,2026-10-03 08:46:38.937377+00
f1360018-9843-4faa-8e10-ea41b7b26c48,/srv/fim-watch/gen_00279.txt,2026-10-03 08:43:41.584182+00,2026-10-03 08:46:38.954012+00
c10d627b-7d0b-4dc8-ace5-66bfb2e8147d,/srv/fim-watch/critico/gen_00280.txt,2026-10-03 08:43:41.683473+00,2026-10-03 08:46:38.969963+00
679719eb-094f-4e9c-8158-3553d5dcc2ac,/srv/fim-watch/gen_00204.txt,2026-10-03 08:43:41.78434+00,2026-10-03 08:46:38.989355+00
17be372a-dd8f-4a82-9743-5945d510cb95,/srv/fim-watch/gen_00274.txt,2026-10-03 08:43:41.884519+00,2026-10-03 08:46:39.002076+00
f284924c-d30e-4abc-9755-b8d552528b81,/srv/fim-watch/gen_00260.txt,2026-10-03 08:43:41.984147+00,2026-10-03 08:46:39.015635+00
ed43ea29-ac9b-4ac3-b231-39ca88d60e61,/srv/fim-watch/gen_00260.txt,2026-10-03 08:43:42.084731+00,2026-10-03 08:46:39.027909+00
5e403090-971d-4362-bc0a-deb3d2e9ec73,/srv/fim-watch/gen_00260.txt,2026-10-03 08:43:42.184201+00,2026-10-03 08:46:39.038526+00
87aaaf64-7472-4b5e-a9fc-fbb3461496a2,/srv/fim-watch/gen_00260.txt,2026-10-03 08:43:42.284543+00,2026-10-03 08:46:39.047854+00
dbec8146-a5b3-4f47-af61-2cc80e6ad5c8,/srv/fim-watch/gen_00260.txt,2026-10-03 08:43:42.384731+00,2026-10-03 08:46:39.056157+00
81812b59-d7d6-483a-b846-221bbd95a408,/srv/fim-watch/gen_00281.txt,2026-10-03 08:43:42.484484+00,2026-10-03 08:46:39.064142+00
357aa65c-624e-43d2-85e2-df8308231fb2,/srv/fim-watch/gen_00261.txt,2026-10-03 08:43:42.584605+00,2026-10-03 08:46:39.074027+00
17349ad5-0b01-4d8b-a8ce-7afa5aa8c42e,/srv/fim-watch/gen_00282.txt,2026-10-03 08:43:42.684217+00,2026-10-03 08:46:39.085058+00
c5bbbdce-a732-4005-9482-f69a67df7fe1,/srv/fim-watch/gen_00283.txt,2026-10-03 08:43:42.78365+00,2026-10-03 08:46:39.096988+00
099ae116-afd3-4ad4-9000-1f914632b75a,/srv/fim-watch/gen_00283.txt,2026-10-03 08:43:42.883657+00,2026-10-03 08:46:39.108533+00
72b819af-c757-40c5-8b08-079446ce5699,/srv/fim-watch/gen_00275.txt,2026-10-03 08:43:42.984537+00,2026-10-03 08:46:39.119194+00
05ab4f14-1f3e-4f7f-bfa7-1710a73d3042,/srv/fim-watch/gen_00275.txt,2026-10-03 08:43:43.084398+00,2026-10-03 08:46:39.130185+00
e0574a66-1106-45ff-83d9-09637a11a63c,/srv/fim-watch/critico/gen_00183.txt,2026-10-03 08:43:43.184346+00,2026-10-03 08:46:39.138973+00
0230ca74-8d45-448a-8d02-08322fdcffb8,/srv/fim-watch/gen_00278.txt,2026-10-03 08:43:43.284714+00,2026-10-03 08:46:39.147461+00
a3a49ab6-1648-4ecf-ace6-1be8ce8dda99,/srv/fim-watch/gen_00122.txt,2026-10-03 08:43:43.384062+00,2026-10-03 08:46:39.154863+00
853c6971-884d-4a39-ab29-26231c198714,/srv/fim-watch/gen_00284.txt,2026-10-03 08:43:43.484725+00,2026-10-03 08:46:39.162168+00
b3d80dad-5076-4e1f-b555-39ea6eaad087,/srv/fim-watch/gen_00275.txt,2026-10-03 08:43:43.584622+00,2026-10-03 08:46:39.170139+00
f8b824c4-8c9b-4b51-8566-06994f6327ba,/srv/fim-watch/gen_00040.txt,2026-10-03 08:43:43.6847+00,2026-10-03 08:46:39.176983+00
f372c882-9da1-44e9-a493-a830eb6e226a,/srv/fim-watch/critico/gen_00156.txt,2026-10-03 08:43:43.78417+00,2026-10-03 08:46:39.18636+00
a2486bec-45fd-4e58-b563-d6b2d4e4f324,/srv/fim-watch/gen_00215.txt,2026-10-03 08:43:43.884787+00,2026-10-03 08:46:39.196342+00
3a6dd9b9-79ef-4051-a4a4-54ca3dfffc6b,/srv/fim-watch/gen_00215.txt,2026-10-03 08:43:43.984264+00,2026-10-03 08:46:39.210477+00
070fd1a9-3de0-43c2-ad52-ebdb4babea58,/srv/fim-watch/gen_00285.txt,2026-10-03 08:43:44.084671+00,2026-10-03 08:46:39.224213+00
de0f90c5-d059-49ad-a895-ee7618cfd643,/srv/fim-watch/gen_00203.txt,2026-10-03 08:43:44.184783+00,2026-10-03 08:46:39.232698+00
db5cb43f-29b1-4844-998a-680553490fd2,/srv/fim-watch/gen_00231.txt,2026-10-03 08:43:44.284603+00,2026-10-03 08:46:39.249875+00
4a165119-4ce8-4e79-a0a1-54baea3378a9,/srv/fim-watch/gen_00106.txt,2026-10-03 08:43:44.384887+00,2026-10-03 08:46:39.261706+00
c914266a-4d55-4878-b49a-b536e9284833,/srv/fim-watch/gen_00106.txt,2026-10-03 08:43:44.484211+00,2026-10-03 08:46:39.276212+00
71a4e3e6-352a-4ac2-9c61-263916b22196,/srv/fim-watch/gen_00166.txt,2026-10-03 08:43:44.583635+00,2026-10-03 08:46:39.288468+00
e88b0648-e7f2-41a1-a3e0-ce1913e33dc0,/srv/fim-watch/gen_00286.txt,2026-10-03 08:43:44.683479+00,2026-10-03 08:46:39.328246+00
e11b33e5-1491-433e-ae80-c0ae18835951,/srv/fim-watch/critico/gen_00280.txt,2026-10-03 08:43:44.784072+00,2026-10-03 08:46:39.342791+00
85134d78-1dd4-4ae1-8965-9328c859fe18,/srv/fim-watch/critico/gen_00053.txt,2026-10-03 08:43:44.884317+00,2026-10-03 08:46:39.360158+00
c3e770d9-3224-466c-99f8-d4eeb9f4e6c2,/srv/fim-watch/gen_00135.txt,2026-10-03 08:43:44.984449+00,2026-10-03 08:46:39.374776+00
44782f8e-dd22-46a1-85f5-1d27d25d6438,/srv/fim-watch/gen_00135.txt,2026-10-03 08:43:45.084868+00,2026-10-03 08:46:39.40905+00
ebf48ef6-6e88-4a72-84a5-1ebac31da80b,/srv/fim-watch/critico/gen_00287.txt,2026-10-03 08:43:45.184004+00,2026-10-03 08:46:39.418887+00
0e5cf638-8feb-47a1-8465-88225eef981a,/srv/fim-watch/critico/gen_00200.txt,2026-10-03 08:43:45.28405+00,2026-10-03 08:46:39.437979+00
0f8e6d38-71e5-4859-8648-7eab74d47222,/srv/fim-watch/gen_00193.txt,2026-10-03 08:43:45.383575+00,2026-10-03 08:46:39.450487+00
367796a4-7baa-4670-a898-7df66351ddd4,/srv/fim-watch/gen_00265.txt,2026-10-03 08:43:45.484342+00,2026-10-03 08:46:39.476203+00
6169b6ca-245e-4512-b2e0-ea3b8a812abb,/srv/fim-watch/gen_00265.txt,2026-10-03 08:43:45.584198+00,2026-10-03 08:46:39.491743+00
77299c27-8903-46a1-9dcc-8eb88dcc620c,/srv/fim-watch/gen_00265.txt,2026-10-03 08:43:45.684213+00,2026-10-03 08:46:39.516615+00
b704e3c6-3ba4-4b15-8c33-adeef8ffea1a,/srv/fim-watch/gen_00265.txt,2026-10-03 08:43:45.783306+00,2026-10-03 08:46:39.532345+00
2a75ed2c-6df1-4bd1-874f-9be17de377b1,/srv/fim-watch/gen_00265.txt,2026-10-03 08:43:45.884017+00,2026-10-03 08:46:39.555409+00
2d2e7102-4156-4c14-9896-95c93d75f461,/srv/fim-watch/critico/gen_00210.txt,2026-10-03 08:43:45.984338+00,2026-10-03 08:46:39.567324+00
7db64fc0-1ecf-4824-b14a-8d83f40067e7,/srv/fim-watch/gen_00275.txt,2026-10-03 08:43:46.084989+00,2026-10-03 08:46:39.584063+00
5b99c051-14f4-413e-8719-d54de2add4fe,/srv/fim-watch/critico/gen_00287.txt,2026-10-03 08:43:46.184341+00,2026-10-03 08:46:39.609364+00
6c7aae90-64f0-4d50-bd93-28a94a2b56f6,/srv/fim-watch/gen_00117.txt,2026-10-03 08:43:46.284959+00,2026-10-03 08:46:39.625754+00
3d763c2f-726c-4f06-977f-fd7594358249,/srv/fim-watch/gen_00281.txt,2026-10-03 08:43:46.384991+00,2026-10-03 08:46:39.639276+00
8a2547d2-d3e7-42c4-a3ff-d269f8a489bd,/srv/fim-watch/critico/gen_00288.txt,2026-10-03 08:43:46.485036+00,2026-10-03 08:46:39.649558+00
7a97e192-a424-4e1d-92f3-bf2fd2fcf0a8,/srv/fim-watch/gen_00161.txt,2026-10-03 08:43:46.584243+00,2026-10-03 08:46:39.658456+00
645d25e6-650e-4055-ab4e-ba11be62576c,/srv/fim-watch/gen_00282.txt,2026-10-03 08:43:46.684397+00,2026-10-03 08:46:39.666765+00
c7dbc369-42d5-43e2-9c9d-8696abf24c47,/srv/fim-watch/critico/gen_00169.txt,2026-10-03 08:43:46.784545+00,2026-10-03 08:46:39.676228+00
0808b8af-362a-4a5d-9e6b-1bb7eb752daf,/srv/fim-watch/gen_00161.txt,2026-10-03 08:43:46.884892+00,2026-10-03 08:46:39.688982+00
eb17376f-d569-47d4-8e92-8c84b35332ed,/srv/fim-watch/gen_00177.txt,2026-10-03 08:43:46.984478+00,2026-10-03 08:46:39.702023+00
ccaaf289-1730-4650-8f57-216afde5bf7a,/srv/fim-watch/gen_00049.txt,2026-10-03 08:43:47.08461+00,2026-10-03 08:46:39.71192+00
fbff845b-d8a5-4fcf-8bc2-4c56146d601e,/srv/fim-watch/gen_00247.txt,2026-10-03 08:43:47.184355+00,2026-10-03 08:46:39.72173+00
34beba0c-81a5-4eae-ab34-ea8cddd22a65,/srv/fim-watch/gen_00247.txt,2026-10-03 08:43:47.28446+00,2026-10-03 08:46:39.731453+00
7d726346-361f-4ed9-835a-1f6eee43bc57,/srv/fim-watch/gen_00289.txt,2026-10-03 08:43:47.384209+00,2026-10-03 08:46:39.741365+00
4691fff8-1d49-4836-96f0-7cb15a1a489c,/srv/fim-watch/critico/gen_00173.txt,2026-10-03 08:43:47.484272+00,2026-10-03 08:46:39.752139+00
397f56f2-4b0f-4027-96e0-66801dc0dfe3,/srv/fim-watch/gen_00177.txt,2026-10-03 08:43:47.584453+00,2026-10-03 08:46:39.775879+00
d0c3d43b-4eb0-4ce0-a941-77d46a1c5f63,/srv/fim-watch/gen_00290.txt,2026-10-03 08:43:47.683604+00,2026-10-03 08:46:39.786284+00
ab2c9eff-8821-4d74-9c88-e8f535fb5c1c,/srv/fim-watch/gen_00206.txt,2026-10-03 08:43:47.783389+00,2026-10-03 08:46:39.795606+00
2e9a4eb7-d5b0-471c-ba60-8efa5b1b5282,/srv/fim-watch/gen_00291.txt,2026-10-03 08:43:47.8833+00,2026-10-03 08:46:39.817294+00
39cc1b92-67da-4336-a899-dad3a45e98a5,/srv/fim-watch/gen_00259.txt,2026-10-03 08:43:47.984325+00,2026-10-03 08:46:39.834254+00
e9a35759-6019-4d05-8571-608f8d6979f1,/srv/fim-watch/gen_00231.txt,2026-10-03 08:43:48.084337+00,2026-10-03 08:46:39.843255+00
f236be5b-8352-4879-85e2-6c1890ba6f72,/srv/fim-watch/gen_00250.txt,2026-10-03 08:43:48.184099+00,2026-10-03 08:46:39.856431+00
ece7cdfa-db7f-4ac7-b49d-37f0e5621c8c,/srv/fim-watch/gen_00180.txt,2026-10-03 08:43:48.284027+00,2026-10-03 08:46:39.868174+00
d71beb0a-2cbe-4c49-8d59-bb3124a94192,/srv/fim-watch/gen_00108.txt,2026-10-03 08:43:48.38438+00,2026-10-03 08:46:39.886727+00
62e25b6f-ba97-4259-9a8a-b87f89c7ef6c,/srv/fim-watch/gen_00269.txt,2026-10-03 08:43:48.484178+00,2026-10-03 08:46:39.898564+00
43563946-f774-4f9b-b310-48f9c573a62f,/srv/fim-watch/gen_00279.txt,2026-10-03 08:43:48.584308+00,2026-10-03 08:46:39.907678+00
043a9167-8e6a-4750-8a65-c076db2b852c,/srv/fim-watch/gen_00292.txt,2026-10-03 08:43:48.684286+00,2026-10-03 08:46:39.916668+00
661bc40d-5d2a-496e-a164-afd9d49e3dff,/srv/fim-watch/gen_00256.txt,2026-10-03 08:43:48.784087+00,2026-10-03 08:46:39.928313+00
ee44b638-9251-4d0c-917a-567e519cc0fa,/srv/fim-watch/gen_00256.txt,2026-10-03 08:43:48.884295+00,2026-10-03 08:46:39.939815+00
7365b50f-2cc8-4e93-8b39-84e74eb14a66,/srv/fim-watch/gen_00252.txt,2026-10-03 08:43:48.984502+00,2026-10-03 08:46:39.954109+00
83997c57-1be0-45b8-8c45-d156b60106da,/srv/fim-watch/gen_00157.txt,2026-10-03 08:43:49.084496+00,2026-10-03 08:46:39.967831+00
dbc303ea-866b-48a7-abc1-c2b3a3917d1d,/srv/fim-watch/gen_00223.txt,2026-10-03 08:43:49.184183+00,2026-10-03 08:46:39.990186+00
18563d8c-88ae-4c93-a0d4-c24258924f0a,/srv/fim-watch/gen_00033.txt,2026-10-03 08:43:49.284116+00,2026-10-03 08:46:40.001353+00
0f9e567f-037a-4082-bcaa-47b63e031dff,/srv/fim-watch/gen_00249.txt,2026-10-03 08:43:49.384116+00,2026-10-03 08:46:40.012072+00
9371b1e1-a885-48af-99d6-d8b85a0e5d6f,/srv/fim-watch/gen_00249.txt,2026-10-03 08:43:49.484258+00,2026-10-03 08:46:40.026761+00
da3330af-42a0-47f9-99b1-a4b9de554e35,/srv/fim-watch/critico/gen_00210.txt,2026-10-03 08:43:49.584582+00,2026-10-03 08:46:40.036351+00
b68fde9f-aba2-4ad5-b5ed-343b90f8dad9,/srv/fim-watch/gen_00225.txt,2026-10-03 08:43:49.68377+00,2026-10-03 08:46:40.04746+00
0ad5771f-669b-45d1-b0e4-9ff036d89a3d,/srv/fim-watch/gen_00225.txt,2026-10-03 08:43:49.783553+00,2026-10-03 08:46:40.059188+00
b60fcb89-de4a-4f20-bac8-3ee729e8a9d3,/srv/fim-watch/gen_00250.txt,2026-10-03 08:43:49.883402+00,2026-10-03 08:46:40.077981+00
a5fefe72-064a-4c3d-a4bf-667a7d0a6501,/srv/fim-watch/gen_00293.txt,2026-10-03 08:43:49.984334+00,2026-10-03 08:46:40.090017+00
dd97bf3b-9ef1-4701-bc06-f3abe9d0acee,/srv/fim-watch/gen_00294.txt,2026-10-03 08:43:50.084243+00,2026-10-03 08:46:40.116209+00
d2c5cf77-6c7a-48d5-b9fb-18ae85f35e6a,/srv/fim-watch/gen_00230.txt,2026-10-03 08:43:50.184207+00,2026-10-03 08:46:40.12356+00
05ff33f4-205d-4c0e-a56c-3ff25793e46d,/srv/fim-watch/critico/gen_00222.txt,2026-10-03 08:43:50.284539+00,2026-10-03 08:46:40.131813+00
25d04eb9-15d5-4582-b5a2-8371ac9631e0,/srv/fim-watch/gen_00295.txt,2026-10-03 08:43:50.384131+00,2026-10-03 08:46:40.139973+00
37c3d7de-aab4-4c82-abac-cb6668ba7b57,/srv/fim-watch/gen_00142.txt,2026-10-03 08:43:50.484142+00,2026-10-03 08:46:40.150628+00
a7cc6ded-5629-40d0-8a9c-7b57ede64d5c,/srv/fim-watch/gen_00249.txt,2026-10-03 08:43:50.584108+00,2026-10-03 08:46:40.159281+00
05df76d3-0390-4378-a4b7-c14088ee5c6f,/srv/fim-watch/gen_00296.txt,2026-10-03 08:43:50.684591+00,2026-10-03 08:46:40.170698+00
2ca71f9b-9722-469a-a3cd-fbbe10c77e94,/srv/fim-watch/gen_00194.txt,2026-10-03 08:43:50.784227+00,2026-10-03 08:46:40.18191+00
938f21af-9ecb-4586-9504-a363f7227ae5,/srv/fim-watch/gen_00297.txt,2026-10-03 08:43:50.884569+00,2026-10-03 08:46:40.197972+00
9ebcfa78-429a-4d21-9633-c71316b94ad3,/srv/fim-watch/gen_00298.txt,2026-10-03 08:43:50.98347+00,2026-10-03 08:46:40.20815+00
c9bbe581-adf4-48b6-bc24-c88d7096eb98,/srv/fim-watch/gen_00193.txt,2026-10-03 08:43:51.084119+00,2026-10-03 08:46:40.219333+00
9e49337f-4155-4b39-9235-f8fafbc09a48,/srv/fim-watch/gen_00299.txt,2026-10-03 08:43:51.184083+00,2026-10-03 08:46:40.228566+00
28c7c683-7725-4514-ae56-1b6c54315210,/srv/fim-watch/gen_00266.txt,2026-10-03 08:43:51.284363+00,2026-10-03 08:46:40.239383+00
21f3edfd-69ff-42a3-a0e8-ec21bd6ad5cc,/srv/fim-watch/gen_00219.txt,2026-10-03 08:43:51.383866+00,2026-10-03 08:46:40.253688+00
886b94e9-7f62-44a9-84d8-b3ef0e6d2e49,/srv/fim-watch/gen_00219.txt,2026-10-03 08:43:51.483906+00,2026-10-03 08:46:40.266018+00
07e03a4b-d45d-483c-a080-e991d44638ae,/srv/fim-watch/gen_00219.txt,2026-10-03 08:43:51.58433+00,2026-10-03 08:46:40.277365+00
e0a505bd-ca2c-44e5-baa6-d3f111b632db,/srv/fim-watch/gen_00219.txt,2026-10-03 08:43:51.684149+00,2026-10-03 08:46:40.290194+00
5978ddb4-9280-4add-9919-61fe078aadee,/srv/fim-watch/gen_00219.txt,2026-10-03 08:43:51.784246+00,2026-10-03 08:46:40.302166+00
480f90ac-6be8-4821-a01a-b468161a2f08,/srv/fim-watch/critico/gen_00276.txt,2026-10-03 08:43:51.884257+00,2026-10-03 08:46:40.313316+00
523989b5-c3ac-4120-a033-50a2a8303059,/srv/fim-watch/gen_00259.txt,2026-10-03 08:43:51.983939+00,2026-10-03 08:46:40.322463+00
896b7ac6-02f5-40c4-9014-8631185ce72b,/srv/fim-watch/gen_00259.txt,2026-10-03 08:43:52.084401+00,2026-10-03 08:46:40.338381+00
202b54a0-b784-4dc5-ac37-e50ab47ae2b4,/srv/fim-watch/gen_00300.txt,2026-10-03 08:43:52.184115+00,2026-10-03 08:46:40.352979+00
5c1f383c-d5d7-4f4e-9254-c374194c2270,/srv/fim-watch/gen_00300.txt,2026-10-03 08:43:52.284259+00,2026-10-03 08:46:40.361279+00
ead7f73b-ea18-4c41-84d7-706cc84c985c,/srv/fim-watch/gen_00231.txt,2026-10-03 08:43:52.384328+00,2026-10-03 08:46:40.371395+00
f7197744-d051-482b-93af-a3d56a120594,/srv/fim-watch/gen_00247.txt,2026-10-03 08:43:52.484344+00,2026-10-03 08:46:40.381177+00
e5a587c1-e6e0-4ac7-9f5f-de1751327d78,/srv/fim-watch/gen_00243.txt,2026-10-03 08:43:52.58432+00,2026-10-03 08:46:40.39102+00
533f34a8-1430-4cc6-8d59-d633c637ba0e,/srv/fim-watch/gen_00016.txt,2026-10-03 08:43:52.68407+00,2026-10-03 08:46:40.411703+00
7c0c6dd2-bf3a-43fe-898a-e705b3941d7d,/srv/fim-watch/gen_00062.txt,2026-10-03 08:43:52.783776+00,2026-10-03 08:46:40.432369+00
f9962438-b4e4-4318-ba81-d8d626bf68c1,/srv/fim-watch/gen_00271.txt,2026-10-03 08:43:52.883826+00,2026-10-03 08:46:40.459432+00
2a4dae44-c926-444b-a0e5-556670fc715c,/srv/fim-watch/critico/gen_00053.txt,2026-10-03 08:43:52.98327+00,2026-10-03 08:46:40.473841+00
a06b8c25-0ee1-496e-a1f8-d0f4712db817,/srv/fim-watch/gen_00062.txt,2026-10-03 08:43:53.084284+00,2026-10-03 08:46:40.509203+00
79faf615-ad33-42d6-b5b3-7993fb8ec7fc,/srv/fim-watch/gen_00238.txt,2026-10-03 08:43:53.184469+00,2026-10-03 08:46:40.54327+00
9d147087-1ff9-4273-a22d-261e78edc592,/srv/fim-watch/gen_00301.txt,2026-10-03 08:43:53.283966+00,2026-10-03 08:46:40.555225+00
82c3cad1-68a3-48b7-b8bc-9a941a381bd8,/srv/fim-watch/gen_00134.txt,2026-10-03 08:43:53.384473+00,2026-10-03 08:46:40.564238+00
6ee9a042-5595-4508-b945-0d9e90bf094a,/srv/fim-watch/gen_00302.txt,2026-10-03 08:43:53.483888+00,2026-10-03 08:46:40.573512+00
205c47bb-6fed-4550-b286-e545d218cc46,/srv/fim-watch/gen_00171.txt,2026-10-03 08:43:53.584014+00,2026-10-03 08:46:40.583217+00
ef3b6c48-2eda-479b-b489-f493d1d1f1fb,/srv/fim-watch/gen_00171.txt,2026-10-03 08:43:53.684469+00,2026-10-03 08:46:40.595684+00
8df17c98-2bf3-4f11-82d5-9e74ff533ed4,/srv/fim-watch/gen_00171.txt,2026-10-03 08:43:53.784959+00,2026-10-03 08:46:40.608557+00
ca9bbdf3-ab9e-4ddb-90da-c988b18f94ed,/srv/fim-watch/gen_00171.txt,2026-10-03 08:43:53.884592+00,2026-10-03 08:46:40.622076+00
38cde1a3-8b63-4bf7-9bd2-8c24bed62984,/srv/fim-watch/gen_00171.txt,2026-10-03 08:43:53.983259+00,2026-10-03 08:46:40.632004+00
7597d86d-1d77-4174-890e-133776022480,/srv/fim-watch/gen_00254.txt,2026-10-03 08:43:54.084645+00,2026-10-03 08:46:40.645389+00
75d04e06-5a64-4e9b-8c71-8b234848359a,/srv/fim-watch/gen_00296.txt,2026-10-03 08:43:54.184016+00,2026-10-03 08:46:40.653275+00
1e449526-0598-4b0a-989c-760a05defca5,/srv/fim-watch/gen_00078.txt,2026-10-03 08:43:54.284211+00,2026-10-03 08:46:40.660569+00
f20ff10e-0585-440b-87dd-500475076062,/srv/fim-watch/gen_00303.txt,2026-10-03 08:43:54.384316+00,2026-10-03 08:46:40.668152+00
a49e81a6-90a1-4ccc-abff-77cdef504072,/srv/fim-watch/gen_00179.txt,2026-10-03 08:43:54.485484+00,2026-10-03 08:46:40.675194+00
f0e9ea55-d9f2-41b0-878f-18908f28c7d4,/srv/fim-watch/critico/gen_00304.txt,2026-10-03 08:43:54.584532+00,2026-10-03 08:46:40.683757+00
66d49b21-beee-46d6-b492-871288fc3c3a,/srv/fim-watch/gen_00084.txt,2026-10-03 08:43:54.684517+00,2026-10-03 08:46:40.691722+00
dee620b0-d959-435e-bf86-0a875cabbe9f,/srv/fim-watch/gen_00149.txt,2026-10-03 08:43:54.784145+00,2026-10-03 08:46:40.698845+00
c76e8315-6d3f-4c36-b527-1889a3706e27,/srv/fim-watch/gen_00305.txt,2026-10-03 08:43:54.884254+00,2026-10-03 08:46:40.705295+00
e3486f12-5aaa-4edd-9e93-d90cf94cd425,/srv/fim-watch/gen_00132.txt,2026-10-03 08:43:54.984173+00,2026-10-03 08:46:40.712734+00
56819b59-3a88-4b6b-a0d5-8b31ac75eb8e,/srv/fim-watch/gen_00106.txt,2026-10-03 08:43:55.084795+00,2026-10-03 08:46:40.728938+00
c4b08273-e16a-4e23-85d0-a951906a2fcb,/srv/fim-watch/gen_00207.txt,2026-10-03 08:43:55.184699+00,2026-10-03 08:46:40.737811+00
0ed657ef-a009-4c85-834f-80c8e3e4c56d,/srv/fim-watch/gen_00207.txt,2026-10-03 08:43:55.284361+00,2026-10-03 08:46:40.74859+00
eec0a8a7-2dfd-4dae-924c-709c5a7550cb,/srv/fim-watch/gen_00108.txt,2026-10-03 08:43:55.384924+00,2026-10-03 08:46:40.759023+00
d64e49bc-38c7-40f1-ac63-90401891440b,/srv/fim-watch/critico/gen_00191.txt,2026-10-03 08:43:55.484044+00,2026-10-03 08:46:40.780054+00
45e14d51-0cf0-421b-89ff-06f64684dcf3,/srv/fim-watch/gen_00161.txt,2026-10-03 08:43:55.584354+00,2026-10-03 08:46:40.793321+00
ffcdf912-6e12-49bb-b773-a3c7163628d5,/srv/fim-watch/gen_00125.txt,2026-10-03 08:43:55.684301+00,2026-10-03 08:46:40.806045+00
80684392-6998-4b32-bdca-73fcaadeaaa5,/srv/fim-watch/gen_00128.txt,2026-10-03 08:43:55.783914+00,2026-10-03 08:46:40.826491+00
503394d5-188e-4061-bc18-676ddfbcf4f1,/srv/fim-watch/gen_00285.txt,2026-10-03 08:43:55.884336+00,2026-10-03 08:46:40.865039+00
ef5d4fb1-7027-4533-99e2-08690feba9b0,/srv/fim-watch/gen_00285.txt,2026-10-03 08:43:55.983307+00,2026-10-03 08:46:40.881751+00
8fe3f016-e96d-4bac-a1a5-6cfb25ff42b3,/srv/fim-watch/gen_00214.txt,2026-10-03 08:43:56.083802+00,2026-10-03 08:46:40.892297+00
481cb235-b853-47b2-9bcd-66a5d5303819,/srv/fim-watch/gen_00214.txt,2026-10-03 08:43:56.184309+00,2026-10-03 08:46:40.906133+00
12392b87-3a40-4e93-89a8-77632f0b3750,/srv/fim-watch/gen_00214.txt,2026-10-03 08:43:56.284384+00,2026-10-03 08:46:40.917059+00
dbcbdca7-d7d9-4584-813c-2efa61be2890,/srv/fim-watch/gen_00214.txt,2026-10-03 08:43:56.384123+00,2026-10-03 08:46:40.936963+00
54c56705-8ae9-4d40-bce8-f6a4c64bee37,/srv/fim-watch/gen_00214.txt,2026-10-03 08:43:56.48435+00,2026-10-03 08:46:40.95108+00
ba55043f-7576-46e6-a803-739cc5f55220,/srv/fim-watch/gen_00049.txt,2026-10-03 08:43:56.584158+00,2026-10-03 08:46:40.973107+00
b8f63099-d4f0-4bb7-95c5-00bbba939079,/srv/fim-watch/critico/gen_00280.txt,2026-10-03 08:43:56.684601+00,2026-10-03 08:46:40.987734+00
dc21507b-e546-4688-b621-95eec0fb2174,/srv/fim-watch/gen_00219.txt,2026-10-03 08:43:56.784197+00,2026-10-03 08:46:41.005192+00
0af01a58-87cf-4227-b055-c9a6a1884c60,/srv/fim-watch/gen_00306.txt,2026-10-03 08:43:56.884255+00,2026-10-03 08:46:41.033558+00
be04aa2b-f1d6-4625-b47e-61a9c4028c7b,/srv/fim-watch/gen_00166.txt,2026-10-03 08:43:56.984158+00,2026-10-03 08:46:41.048659+00
52828480-78c9-4514-8007-0036a4e0948b,/srv/fim-watch/gen_00307.txt,2026-10-03 08:43:57.084069+00,2026-10-03 08:46:41.06845+00
a943aa2c-b148-436c-b0af-f8c59a481c30,/srv/fim-watch/gen_00273.txt,2026-10-03 08:43:57.184697+00,2026-10-03 08:46:41.096452+00
d946a09e-63e3-4557-a83e-78ec5991d8cd,/srv/fim-watch/gen_00255.txt,2026-10-03 08:43:57.284402+00,2026-10-03 08:46:41.110469+00
a69b44da-475e-4f4e-94a3-13650d48a039,/srv/fim-watch/gen_00308.txt,2026-10-03 08:43:57.384243+00,2026-10-03 08:46:41.128621+00
fc874a38-9018-4e1b-94a3-ac028592ccc9,/srv/fim-watch/gen_00299.txt,2026-10-03 08:43:57.484337+00,2026-10-03 08:46:41.141512+00
fe00e943-cc9a-4393-8c5b-86343226eabd,/srv/fim-watch/gen_00122.txt,2026-10-03 08:43:57.584664+00,2026-10-03 08:46:41.156996+00
304be34e-6dcd-4072-a6d0-cecbee0e5f21,/srv/fim-watch/gen_00268.txt,2026-10-03 08:43:57.68434+00,2026-10-03 08:46:41.169129+00
293ac283-f269-4779-a09b-4d1fd9e6cbca,/srv/fim-watch/gen_00309.txt,2026-10-03 08:43:57.784288+00,2026-10-03 08:46:41.176993+00
40000f83-e01f-4ece-8aad-bfcbc171dda6,/srv/fim-watch/gen_00273.txt,2026-10-03 08:43:57.884072+00,2026-10-03 08:46:41.187382+00
6aaa4eb4-3e93-4fc0-a6b8-ec4cc0467219,/srv/fim-watch/critico/gen_00123.txt,2026-10-03 08:43:57.984218+00,2026-10-03 08:46:41.198411+00
2d5b7dad-f173-4e6b-88f0-1e423c68c5c5,/srv/fim-watch/critico/gen_00310.txt,2026-10-03 08:43:58.083885+00,2026-10-03 08:46:41.205617+00
43a14af5-bfb2-43a4-a57c-37ece372932b,/srv/fim-watch/gen_00311.txt,2026-10-03 08:43:58.184604+00,2026-10-03 08:46:41.213594+00
e7d6383f-a8f1-4c56-9f14-0ccaf826c9c5,/srv/fim-watch/critico/gen_00312.txt,2026-10-03 08:43:58.284248+00,2026-10-03 08:46:41.223508+00
dd0715dd-4aa7-4192-b960-c37262cce3d4,/srv/fim-watch/gen_00106.txt,2026-10-03 08:43:58.384201+00,2026-10-03 08:46:41.240367+00
a5795464-c9ae-4d3a-9990-48745e347a94,/srv/fim-watch/gen_00106.txt,2026-10-03 08:43:58.484355+00,2026-10-03 08:46:41.248877+00
436c0172-54b5-46c4-8715-9b438b5f623b,/srv/fim-watch/gen_00106.txt,2026-10-03 08:43:58.584542+00,2026-10-03 08:46:41.256883+00
e80e566d-8abe-4058-8d01-7adac70c7dd0,/srv/fim-watch/gen_00106.txt,2026-10-03 08:43:58.684325+00,2026-10-03 08:46:41.268543+00
fb45876d-7f5f-4e43-a120-b363debda1cc,/srv/fim-watch/gen_00106.txt,2026-10-03 08:43:58.784311+00,2026-10-03 08:46:41.276883+00
86933d50-137c-4e47-a228-88c449d0d92e,/srv/fim-watch/gen_00070.txt,2026-10-03 08:43:58.884087+00,2026-10-03 08:46:41.292236+00
0c54fb96-5c10-4ce7-bf38-acb890242f62,/srv/fim-watch/gen_00309.txt,2026-10-03 08:43:58.984163+00,2026-10-03 08:46:41.305406+00
89a93dae-cc5c-4843-8c14-fbdeda4fcca7,/srv/fim-watch/gen_00089.txt,2026-10-03 08:43:59.08453+00,2026-10-03 08:46:41.345905+00
a433a884-ef1b-4aa6-b32b-2d11fb1f4e3f,/srv/fim-watch/gen_00204.txt,2026-10-03 08:43:59.184724+00,2026-10-03 08:46:41.38547+00
84478d12-a899-4fd4-8429-5e9ae5c679f6,/srv/fim-watch/gen_00204.txt,2026-10-03 08:43:59.284699+00,2026-10-03 08:46:41.408103+00
ccff7c2f-74be-4a45-9219-bc5cabe4576f,/srv/fim-watch/critico/gen_00222.txt,2026-10-03 08:43:59.384802+00,2026-10-03 08:46:41.424936+00
2e2fe8b4-149f-4a76-b818-cffa16c9e3a6,/srv/fim-watch/gen_00279.txt,2026-10-03 08:43:59.484589+00,2026-10-03 08:46:41.442105+00
8443edbb-4f47-4235-8be1-f532cfef2d2a,/srv/fim-watch/gen_00040.txt,2026-10-03 08:43:59.584108+00,2026-10-03 08:46:41.460731+00
3549a69a-8751-4139-ba83-7a38ac62d870,/srv/fim-watch/gen_00228.txt,2026-10-03 08:43:59.684315+00,2026-10-03 08:46:41.470387+00
7818a104-cfc9-4442-8b1b-24b55893b0ca,/srv/fim-watch/gen_00313.txt,2026-10-03 08:43:59.784563+00,2026-10-03 08:46:41.483843+00
6a5bff02-a043-478d-a1ff-26dc3e2a1e9e,/srv/fim-watch/gen_00314.txt,2026-10-03 08:43:59.883702+00,2026-10-03 08:46:41.498767+00
0c0589df-1d2c-49e4-9b43-a42914c82475,/srv/fim-watch/gen_00152.txt,2026-10-03 08:43:59.984405+00,2026-10-03 08:46:41.507797+00
8337aaa4-1768-45c8-b28c-7b7678207b8e,/srv/fim-watch/critico/gen_00248.txt,2026-10-03 08:44:00.08397+00,2026-10-03 08:46:41.525997+00
c7ba2ea3-8ef1-4fa9-8fd4-4db4d490ad43,/srv/fim-watch/gen_00315.txt,2026-10-03 08:44:00.184588+00,2026-10-03 08:46:41.54353+00
20aa087a-f04e-4ea6-b171-0f4dc76a0da5,/srv/fim-watch/gen_00316.txt,2026-10-03 08:44:00.284251+00,2026-10-03 08:46:41.557087+00
16551126-5601-4a58-93ab-70e17d0107da,/srv/fim-watch/gen_00179.txt,2026-10-03 08:44:00.384307+00,2026-10-03 08:46:41.574277+00
de7cde59-2369-49ab-b510-b02b5e8882b5,/srv/fim-watch/gen_00106.txt,2026-10-03 08:44:00.484027+00,2026-10-03 08:46:41.585633+00
02489045-eb49-43ac-962f-0d8c9af08fae,/srv/fim-watch/gen_00282.txt,2026-10-03 08:44:00.584339+00,2026-10-03 08:46:41.595205+00
d763ff34-dec5-4669-b097-f2be8781035a,/srv/fim-watch/critico/gen_00189.txt,2026-10-03 08:44:00.684406+00,2026-10-03 08:46:41.60384+00
12620162-7aa3-45b9-8bd7-0d3ba183a465,/srv/fim-watch/gen_00317.txt,2026-10-03 08:44:00.78428+00,2026-10-03 08:46:41.613039+00
47d31ed3-3b46-42aa-93c0-2e5dcd07a756,/srv/fim-watch/gen_00149.txt,2026-10-03 08:44:00.88452+00,2026-10-03 08:46:41.621533+00
40dbc305-5146-4818-969c-097cec44c310,/srv/fim-watch/gen_00149.txt,2026-10-03 08:44:00.984411+00,2026-10-03 08:46:41.629351+00
42adbaff-e235-41eb-86be-c94a613d7a0e,/srv/fim-watch/gen_00096.txt,2026-10-03 08:44:01.08348+00,2026-10-03 08:46:41.637744+00
5931a9f3-fd65-4d51-b2bb-d8a2bec92a8e,/srv/fim-watch/gen_00266.txt,2026-10-03 08:44:01.183967+00,2026-10-03 08:46:41.645984+00
7a20d3db-98fb-42ae-ae4d-809bccbc1ae2,/srv/fim-watch/gen_00231.txt,2026-10-03 08:44:01.284328+00,2026-10-03 08:46:41.654693+00
4ce3637d-0659-40e6-863f-a3d40b4ad3df,/srv/fim-watch/gen_00293.txt,2026-10-03 08:44:01.384459+00,2026-10-03 08:46:41.665167+00
76a7a047-27a5-4cb3-a09a-cba418b9b6e5,/srv/fim-watch/gen_00174.txt,2026-10-03 08:44:01.484372+00,2026-10-03 08:46:41.675515+00
c43955a4-7df3-4228-b850-bff949453bf0,/srv/fim-watch/gen_00318.txt,2026-10-03 08:44:01.583862+00,2026-10-03 08:46:41.69728+00
559efbf8-5724-45be-863b-68afd5aa42da,/srv/fim-watch/gen_00096.txt,2026-10-03 08:44:01.684497+00,2026-10-03 08:46:41.712167+00
709beebd-9239-476c-b2fd-a454afe4acae,/srv/fim-watch/gen_00231.txt,2026-10-03 08:44:01.78458+00,2026-10-03 08:46:41.72708+00
3a1f8539-b6da-491b-8be9-babc27027121,/srv/fim-watch/gen_00319.txt,2026-10-03 08:44:01.884781+00,2026-10-03 08:46:41.739296+00
db308179-802f-4cc2-9d72-56b78edce88e,/srv/fim-watch/critico/gen_00236.txt,2026-10-03 08:44:01.984789+00,2026-10-03 08:46:41.759608+00
28ae54a3-9b04-4af0-8e6e-855297dc1e8e,/srv/fim-watch/gen_00320.txt,2026-10-03 08:44:02.084294+00,2026-10-03 08:46:41.774548+00
08ef1a9f-203a-4ab4-9e64-b95e6e67828c,/srv/fim-watch/gen_00321.txt,2026-10-03 08:44:02.184612+00,2026-10-03 08:46:41.817831+00
3da522e2-a214-43a5-b17a-164d3a7f29bd,/srv/fim-watch/gen_00274.txt,2026-10-03 08:44:02.284169+00,2026-10-03 08:46:41.827069+00
85d15350-6984-419a-8d49-0f87d47d740f,/srv/fim-watch/critico/gen_00322.txt,2026-10-03 08:44:02.384183+00,2026-10-03 08:46:41.846019+00
1e16bd54-b9de-48bd-ac5e-db2a9ddd8095,/srv/fim-watch/critico/gen_00191.txt,2026-10-03 08:44:02.48446+00,2026-10-03 08:46:41.867557+00
8afe7c21-0562-4ff9-a0e5-7f4603318e01,/srv/fim-watch/gen_00323.txt,2026-10-03 08:44:02.583842+00,2026-10-03 08:46:41.876894+00
a91665a6-c811-4e58-9b18-3f0d4e002391,/srv/fim-watch/gen_00324.txt,2026-10-03 08:44:02.684711+00,2026-10-03 08:46:41.89394+00
670ad4e8-44b1-4b6a-a5ee-e9de7541d779,/srv/fim-watch/gen_00324.txt,2026-10-03 08:44:02.784489+00,2026-10-03 08:46:41.902634+00
4598243f-154f-497f-9034-ba0fe49fb940,/srv/fim-watch/critico/gen_00248.txt,2026-10-03 08:44:02.884094+00,2026-10-03 08:46:41.908958+00
d468488a-d316-4070-a38c-f442370d3e45,/srv/fim-watch/critico/gen_00156.txt,2026-10-03 08:44:02.984928+00,2026-10-03 08:46:41.916275+00
c51e997d-c494-4036-866b-2a68aa0a6d64,/srv/fim-watch/gen_00319.txt,2026-10-03 08:44:03.083625+00,2026-10-03 08:46:41.923286+00
0117e7f8-34c3-4048-af9b-940a2607c6c9,/srv/fim-watch/gen_00325.txt,2026-10-03 08:44:03.18469+00,2026-10-03 08:46:41.931803+00
8ce5a085-7b31-48c6-8679-a2506e5d68b5,/srv/fim-watch/critico/gen_00222.txt,2026-10-03 08:44:03.284097+00,2026-10-03 08:46:41.938779+00
f1c27f64-6795-40fe-a3b6-06d0fc849909,/srv/fim-watch/critico/gen_00253.txt,2026-10-03 08:44:03.384294+00,2026-10-03 08:46:41.945165+00
2f3316db-4310-4e99-a793-11e656e2c29d,/srv/fim-watch/gen_00326.txt,2026-10-03 08:44:03.484366+00,2026-10-03 08:46:41.950812+00
ccee5d60-9a9f-4690-8aef-2a148c854d48,/srv/fim-watch/gen_00212.txt,2026-10-03 08:44:03.583786+00,2026-10-03 08:46:41.958265+00
913e03eb-4f63-4d2e-8bea-fd15a3c01140,/srv/fim-watch/gen_00175.txt,2026-10-03 08:44:03.684076+00,2026-10-03 08:46:41.96479+00
220ae3f4-acf5-473c-a9ca-b9d663a1ac4d,/srv/fim-watch/gen_00327.txt,2026-10-03 08:44:03.784665+00,2026-10-03 08:46:41.972319+00
cc48574f-5923-4eff-a6b6-19a3664ae574,/srv/fim-watch/gen_00096.txt,2026-10-03 08:44:03.884462+00,2026-10-03 08:46:41.981971+00
9c29945b-3996-4ad9-8cc9-f69baab93494,/srv/fim-watch/gen_00096.txt,2026-10-03 08:44:03.984581+00,2026-10-03 08:46:41.990958+00
c9174e82-3905-475a-b700-b722bec6b2bb,/srv/fim-watch/critico/gen_00328.txt,2026-10-03 08:44:04.084135+00,2026-10-03 08:46:42.004369+00
40c51bb5-eb34-4f6a-b437-6fa880701ff5,/srv/fim-watch/critico/gen_00328.txt,2026-10-03 08:44:04.18404+00,2026-10-03 08:46:42.014219+00
8a6bf54b-a627-4245-8043-1d153a4952d7,/srv/fim-watch/gen_00313.txt,2026-10-03 08:44:04.284213+00,2026-10-03 08:46:42.032196+00
e88c380e-2d8f-4fe8-ae81-8e9a36bee469,/srv/fim-watch/gen_00115.txt,2026-10-03 08:44:04.384039+00,2026-10-03 08:46:42.043173+00
cb974393-164a-47c0-8626-b18b918ecf5b,/srv/fim-watch/gen_00177.txt,2026-10-03 08:44:04.484395+00,2026-10-03 08:46:42.060152+00
befc79a3-a473-4890-a4a4-630ebe8b3959,/srv/fim-watch/gen_00255.txt,2026-10-03 08:44:04.585685+00,2026-10-03 08:46:42.072014+00
1a9dd82e-992b-4e73-9173-4d3bceb8f902,/srv/fim-watch/gen_00252.txt,2026-10-03 08:44:04.68459+00,2026-10-03 08:46:42.082268+00
e19a569c-ec25-4dcd-9452-f1100875e7f1,/srv/fim-watch/gen_00329.txt,2026-10-03 08:44:04.783659+00,2026-10-03 08:46:42.103965+00
48f04e1b-70c2-4937-a4c9-d12e63398c5c,/srv/fim-watch/gen_00152.txt,2026-10-03 08:44:04.883987+00,2026-10-03 08:46:42.111982+00
2b7a027b-3d0b-4546-9b32-142e3e814df1,/srv/fim-watch/gen_00171.txt,2026-10-03 08:44:04.984031+00,2026-10-03 08:46:42.124379+00
54a89970-20ab-4554-acb4-c29e5489e3d3,/srv/fim-watch/gen_00279.txt,2026-10-03 08:44:05.084048+00,2026-10-03 08:46:42.153618+00
c3dbe947-7fb0-431f-b8fa-d214eb1cdd39,/srv/fim-watch/gen_00088.txt,2026-10-03 08:44:05.184388+00,2026-10-03 08:46:42.168333+00
a17a75be-db60-4a9c-80d1-2f2b3778fbb5,/srv/fim-watch/critico/gen_00330.txt,2026-10-03 08:44:05.284132+00,2026-10-03 08:46:42.186312+00
76cc2d5b-5881-4e77-96d2-e613754aa19a,/srv/fim-watch/gen_00331.txt,2026-10-03 08:44:05.384128+00,2026-10-03 08:46:42.212471+00
f474a19d-8073-4bd4-8a4a-abf98faaf8c6,/srv/fim-watch/gen_00078.txt,2026-10-03 08:44:05.484083+00,2026-10-03 08:46:42.245884+00
2d0d4ba5-ee95-41aa-831a-e99678fd41c3,/srv/fim-watch/gen_00266.txt,2026-10-03 08:44:05.583597+00,2026-10-03 08:46:42.271132+00
a88b4686-d7dd-4865-bbcf-a9662b5d3a78,/srv/fim-watch/gen_00088.txt,2026-10-03 08:44:05.684507+00,2026-10-03 08:46:42.283503+00
22f9a100-d453-422b-8564-294e38c27cb8,/srv/fim-watch/gen_00225.txt,2026-10-03 08:44:05.784492+00,2026-10-03 08:46:42.300077+00
d598cef8-e6b4-4982-b59c-1636e064d456,/srv/fim-watch/gen_00255.txt,2026-10-03 08:44:05.884527+00,2026-10-03 08:46:42.319378+00
1e69d24d-69b7-4633-8531-bc2cd5e39a62,/srv/fim-watch/gen_00160.txt,2026-10-03 08:44:05.984452+00,2026-10-03 08:46:42.345102+00
31950082-799f-481b-9a6c-a4e18fd64e93,/srv/fim-watch/gen_00160.txt,2026-10-03 08:44:06.083721+00,2026-10-03 08:46:42.358413+00
54478e27-7222-4860-b450-a8e27a1c4a12,/srv/fim-watch/gen_00157.txt,2026-10-03 08:44:06.183381+00,2026-10-03 08:46:42.376505+00
5e0ffc5e-75c6-4f13-a18a-c0a2362defd3,/srv/fim-watch/gen_00157.txt,2026-10-03 08:44:06.283949+00,2026-10-03 08:46:42.386518+00
32414a0b-3560-478d-9baa-cb1e6a1e7d49,/srv/fim-watch/gen_00157.txt,2026-10-03 08:44:06.384384+00,2026-10-03 08:46:42.398273+00
3ab1fabc-6a8c-411d-a06a-2d319a51d598,/srv/fim-watch/gen_00157.txt,2026-10-03 08:44:06.484297+00,2026-10-03 08:46:42.406447+00
82121beb-4c91-47ca-a858-50b47532d894,/srv/fim-watch/gen_00157.txt,2026-10-03 08:44:06.583971+00,2026-10-03 08:46:42.417569+00
bc41bc5f-8c55-420d-bce9-3e42751444fd,/srv/fim-watch/gen_00206.txt,2026-10-03 08:44:06.684341+00,2026-10-03 08:46:42.428019+00
7f53e330-5b2a-4681-962e-1724f8b29f8c,/srv/fim-watch/gen_00256.txt,2026-10-03 08:44:06.784113+00,2026-10-03 08:46:42.445242+00
dd726dbd-fa78-4a75-9b14-d03c8c68aa67,/srv/fim-watch/gen_00281.txt,2026-10-03 08:44:06.884272+00,2026-10-03 08:46:42.454304+00
2461e51a-8b12-40de-b2a3-3155ba71eea7,/srv/fim-watch/critico/gen_00332.txt,2026-10-03 08:44:06.984333+00,2026-10-03 08:46:42.463873+00
c5e0e68d-b6b4-4ad1-9ff7-67eab00cbdf3,/srv/fim-watch/gen_00096.txt,2026-10-03 08:44:07.084268+00,2026-10-03 08:46:42.471282+00
112820ab-c74e-4246-8022-03a3ed2aa76a,/srv/fim-watch/gen_00327.txt,2026-10-03 08:44:07.184309+00,2026-10-03 08:46:42.478538+00
853cdcec-6855-4c3a-9d15-9d1a341439ac,/srv/fim-watch/critico/gen_00280.txt,2026-10-03 08:44:07.284447+00,2026-10-03 08:46:42.486995+00
f3310b33-4cca-4bd2-8f62-685e3baa2d1a,/srv/fim-watch/gen_00273.txt,2026-10-03 08:44:07.384104+00,2026-10-03 08:46:42.495167+00
fa3e834f-03f6-4df1-9abf-18cc0b5831cd,/srv/fim-watch/critico/gen_00248.txt,2026-10-03 08:44:07.484244+00,2026-10-03 08:46:42.503813+00
b3cb0e2c-2c8f-4f5d-a347-a03a93343f1c,/srv/fim-watch/gen_00128.txt,2026-10-03 08:44:07.584074+00,2026-10-03 08:46:42.513381+00
39a0d5d5-5214-490f-acea-e15f27181573,/srv/fim-watch/gen_00152.txt,2026-10-03 08:44:07.684478+00,2026-10-03 08:46:42.522196+00
ae9336c4-32a6-48bc-be8d-c06cb3990f91,/srv/fim-watch/gen_00317.txt,2026-10-03 08:44:07.784837+00,2026-10-03 08:46:42.530344+00
56631ab5-7f4d-41db-8b36-2f46e24545fd,/srv/fim-watch/critico/gen_00287.txt,2026-10-03 08:44:07.883673+00,2026-10-03 08:46:42.539671+00
e28c0a7d-9503-4dcd-bf4a-22461d63e861,/srv/fim-watch/critico/gen_00332.txt,2026-10-03 08:44:07.984344+00,2026-10-03 08:46:42.547607+00
cb21b2d3-91ac-4189-9a01-6da6aca0dbed,/srv/fim-watch/gen_00179.txt,2026-10-03 08:44:08.083775+00,2026-10-03 08:46:42.555909+00
8d20e28c-6aa8-46b4-84b8-bd73ccc7c30b,/srv/fim-watch/gen_00219.txt,2026-10-03 08:44:08.184359+00,2026-10-03 08:46:42.56382+00
bf60e238-43a7-48d2-b6e6-5a79c608a061,/srv/fim-watch/critico/gen_00242.txt,2026-10-03 08:44:08.284402+00,2026-10-03 08:46:42.571137+00
ec811c70-9c1a-4fa6-8c8a-13c5101a6757,/srv/fim-watch/gen_00279.txt,2026-10-03 08:44:08.384281+00,2026-10-03 08:46:42.579865+00
239c11e0-5027-423c-b531-369788d3346f,/srv/fim-watch/gen_00042.txt,2026-10-03 08:44:08.485091+00,2026-10-03 08:46:42.587798+00
5f03651b-6952-41fc-88c7-82a6ac44de42,/srv/fim-watch/gen_00311.txt,2026-10-03 08:44:08.585586+00,2026-10-03 08:46:42.595779+00
837af238-c0dd-400f-898d-b86322f7171a,/srv/fim-watch/gen_00311.txt,2026-10-03 08:44:08.684616+00,2026-10-03 08:46:42.605293+00
5bc0ea5c-7980-4677-ac87-a63d28578ae1,/srv/fim-watch/gen_00254.txt,2026-10-03 08:44:08.784653+00,2026-10-03 08:46:42.619435+00
96b35967-4399-4573-a889-9e987755cbc7,/srv/fim-watch/critico/gen_00304.txt,2026-10-03 08:44:08.884255+00,2026-10-03 08:46:42.632182+00
b42dc1b3-59c6-4591-a27f-a7a20455dac3,/srv/fim-watch/gen_00126.txt,2026-10-03 08:44:08.984929+00,2026-10-03 08:46:42.65345+00
6e813427-eb54-4321-80a7-411f3a5f6679,/srv/fim-watch/gen_00301.txt,2026-10-03 08:44:09.084091+00,2026-10-03 08:46:42.688805+00
01f7f685-e411-4a04-b0b8-06d264fa2ce6,/srv/fim-watch/gen_00286.txt,2026-10-03 08:44:09.184397+00,2026-10-03 08:46:42.705187+00
429bb936-f700-4b49-9d8c-308dae45caba,/srv/fim-watch/critico/gen_00333.txt,2026-10-03 08:44:09.284192+00,2026-10-03 08:46:42.725028+00
3b745cd7-c758-4790-9f70-abc9492c6c1a,/srv/fim-watch/critico/gen_00183.txt,2026-10-03 08:44:09.384931+00,2026-10-03 08:46:42.738371+00
26a406b0-29e6-4a88-971d-9d5de6cb4aab,/srv/fim-watch/critico/gen_00183.txt,2026-10-03 08:44:09.48509+00,2026-10-03 08:46:42.751996+00
17f3141e-c54b-497a-8597-60f9fbcb75f2,/srv/fim-watch/gen_00166.txt,2026-10-03 08:44:09.58447+00,2026-10-03 08:46:42.761939+00
6627eadb-a9d9-4f65-90a9-cb3ce6ab53f7,/srv/fim-watch/gen_00334.txt,2026-10-03 08:44:09.684924+00,2026-10-03 08:46:42.781782+00
7d93f2fe-45b2-43fb-a176-f0d2802395f1,/srv/fim-watch/gen_00335.txt,2026-10-03 08:44:09.783843+00,2026-10-03 08:46:42.793661+00
01f8a0fd-cdeb-4f91-a115-ca9ceb7590aa,/srv/fim-watch/gen_00241.txt,2026-10-03 08:44:09.884405+00,2026-10-03 08:46:42.804095+00
c83860b8-9936-41f7-ae78-54a1a0638087,/srv/fim-watch/gen_00125.txt,2026-10-03 08:44:09.984028+00,2026-10-03 08:46:42.817523+00
bc38b393-c027-4e02-8edd-eadc7fd7a52e,/srv/fim-watch/gen_00260.txt,2026-10-03 08:44:10.084273+00,2026-10-03 08:46:42.831536+00
39d4e7d9-cf5b-45c5-aad9-f3b3208fc80c,/srv/fim-watch/critico/gen_00336.txt,2026-10-03 08:44:10.183845+00,2026-10-03 08:46:42.839541+00
72a5ac08-6a93-4efc-9bc8-6f5fb8ee8eea,/srv/fim-watch/gen_00337.txt,2026-10-03 08:44:10.283348+00,2026-10-03 08:46:42.848864+00
c5439e02-3ba1-4634-9985-16610e21534a,/srv/fim-watch/gen_00337.txt,2026-10-03 08:44:10.383997+00,2026-10-03 08:46:42.858464+00
bdc85541-eceb-43bd-89ab-e71d650b0f62,/srv/fim-watch/gen_00219.txt,2026-10-03 08:44:10.484868+00,2026-10-03 08:46:42.866516+00
2dfbc882-c846-4f5b-903f-517fa6d9726e,/srv/fim-watch/critico/gen_00276.txt,2026-10-03 08:44:10.583213+00,2026-10-03 08:46:42.874194+00
85a3929a-6d14-406f-8de6-824e017e3bbc,/srv/fim-watch/gen_00177.txt,2026-10-03 08:44:10.684718+00,2026-10-03 08:46:42.883671+00
19084855-e004-4bb1-8eb8-df387e3e1c45,/srv/fim-watch/gen_00338.txt,2026-10-03 08:44:10.784065+00,2026-10-03 08:46:42.894602+00
2a8aa670-c1dd-41e8-ae02-b9b23e000c16,/srv/fim-watch/gen_00176.txt,2026-10-03 08:44:10.884332+00,2026-10-03 08:46:42.906781+00
579f6fe6-ead0-4d92-935b-ffbd84d49933,/srv/fim-watch/gen_00301.txt,2026-10-03 08:44:10.984183+00,2026-10-03 08:46:42.920655+00
9dc78c77-7615-432c-9234-f2013797d9c9,/srv/fim-watch/gen_00126.txt,2026-10-03 08:44:11.084496+00,2026-10-03 08:46:42.933689+00
e032493a-3ff2-4caf-bb72-99b2f0bca4f5,/srv/fim-watch/gen_00135.txt,2026-10-03 08:44:11.183968+00,2026-10-03 08:46:42.946594+00
00041fb6-e5ee-41a1-98af-db291533e6de,/srv/fim-watch/critico/gen_00184.txt,2026-10-03 08:44:11.28389+00,2026-10-03 08:46:42.959257+00
41534201-8762-4f06-a824-48428b6bc7c2,/srv/fim-watch/gen_00292.txt,2026-10-03 08:44:11.384396+00,2026-10-03 08:46:42.969427+00
aa9a2a02-160c-486d-b9b2-134127b943ed,/srv/fim-watch/gen_00071.txt,2026-10-03 08:44:11.484512+00,2026-10-03 08:46:42.978828+00
ceb0e032-03e8-4dbe-a8f5-99da17e4f338,/srv/fim-watch/gen_00339.txt,2026-10-03 08:44:11.584336+00,2026-10-03 08:46:42.988182+00
cd317e2f-57f1-41a6-bd01-8cadbcc10f53,/srv/fim-watch/gen_00338.txt,2026-10-03 08:44:11.684495+00,2026-10-03 08:46:43.002853+00
dd552c5d-4598-448e-af3f-72df737afd1e,/srv/fim-watch/critico/gen_00310.txt,2026-10-03 08:44:11.784181+00,2026-10-03 08:46:43.016143+00
532db089-a827-4fa5-a579-ad03f721d767,/srv/fim-watch/gen_00206.txt,2026-10-03 08:44:11.884919+00,2026-10-03 08:46:43.028143+00
f6eec556-8ff2-41cb-806a-6817e7c9f8b5,/srv/fim-watch/gen_00206.txt,2026-10-03 08:44:11.984571+00,2026-10-03 08:46:43.036907+00
570376d9-af33-460d-b8f7-94931386b33a,/srv/fim-watch/gen_00206.txt,2026-10-03 08:44:12.084311+00,2026-10-03 08:46:43.044018+00
a98b261f-81ad-4714-9cda-804cfc3f510b,/srv/fim-watch/gen_00206.txt,2026-10-03 08:44:12.184311+00,2026-10-03 08:46:43.0528+00
1b0ac7a1-7f09-465e-b4cf-b49bc008ed76,/srv/fim-watch/gen_00206.txt,2026-10-03 08:44:12.284363+00,2026-10-03 08:46:43.061837+00
fddfc5b6-8154-4431-b2d1-8cb8112f7997,/srv/fim-watch/gen_00256.txt,2026-10-03 08:44:12.384579+00,2026-10-03 08:46:43.073061+00
445bf4d6-4063-445e-baf6-528b96d7f686,/srv/fim-watch/gen_00088.txt,2026-10-03 08:44:12.484224+00,2026-10-03 08:46:43.084858+00
0a390d38-67da-45f5-b789-938c85e7bfef,/srv/fim-watch/critico/gen_00191.txt,2026-10-03 08:44:12.584926+00,2026-10-03 08:46:43.098399+00
c8d793f3-186c-4bcc-8cfa-62117fa2f016,/srv/fim-watch/critico/gen_00191.txt,2026-10-03 08:44:12.684388+00,2026-10-03 08:46:43.137765+00
54dd445d-ee4e-4f27-bbb1-a35f346cef25,/srv/fim-watch/critico/gen_00262.txt,2026-10-03 08:44:12.784173+00,2026-10-03 08:46:43.16618+00
515da417-bedd-4e90-9680-351d8b5f1f51,/srv/fim-watch/gen_00126.txt,2026-10-03 08:44:12.884357+00,2026-10-03 08:46:43.177264+00
4e1f7957-8290-4e8a-a930-4b18cab9d799,/srv/fim-watch/gen_00246.txt,2026-10-03 08:44:12.983514+00,2026-10-03 08:46:43.188529+00
0f07eb42-6e1d-4b2b-bf11-6b022b7ceef8,/srv/fim-watch/gen_00179.txt,2026-10-03 08:44:13.083371+00,2026-10-03 08:46:43.196224+00
683caf7f-c809-4ab1-a612-a08d779a5b0e,/srv/fim-watch/gen_00317.txt,2026-10-03 08:44:13.184518+00,2026-10-03 08:46:43.204886+00
87c53c30-6726-4da7-b6e3-ef2830a1dc36,/srv/fim-watch/gen_00340.txt,2026-10-03 08:44:13.284228+00,2026-10-03 08:46:43.214212+00
42aed603-dfa8-4874-a50d-150e19914116,/srv/fim-watch/gen_00108.txt,2026-10-03 08:44:13.38434+00,2026-10-03 08:46:43.221857+00
5d08a710-8074-4a2a-b3b5-ea5da985f882,/srv/fim-watch/gen_00193.txt,2026-10-03 08:44:13.48458+00,2026-10-03 08:46:43.229084+00
46fb1efa-4553-40c4-b856-e3584d53d683,/srv/fim-watch/critico/gen_00184.txt,2026-10-03 08:44:13.584173+00,2026-10-03 08:46:43.236084+00
cf263c63-f800-406f-91fd-032d01f1e24e,/srv/fim-watch/gen_00341.txt,2026-10-03 08:44:13.684238+00,2026-10-03 08:46:43.247611+00
c36e2114-c905-4709-9179-1626593ed16d,/srv/fim-watch/gen_00105.txt,2026-10-03 08:44:13.784722+00,2026-10-03 08:46:43.259554+00
7a71ef27-941e-4a6c-a20e-718798961183,/srv/fim-watch/gen_00299.txt,2026-10-03 08:44:13.884831+00,2026-10-03 08:46:43.280201+00
70917332-2821-49e5-82da-dadcac746347,/srv/fim-watch/critico/gen_00342.txt,2026-10-03 08:44:13.984561+00,2026-10-03 08:46:43.290401+00
84d4ba69-34d1-481b-b0af-2869175620cd,/srv/fim-watch/gen_00223.txt,2026-10-03 08:44:14.084291+00,2026-10-03 08:46:43.300532+00
e8f27f10-458c-452a-ba1c-0ca4dbdf89cc,/srv/fim-watch/critico/gen_00343.txt,2026-10-03 08:44:14.184333+00,2026-10-03 08:46:43.308605+00
3ef48c71-e682-434e-9a1b-281343154701,/srv/fim-watch/critico/gen_00272.txt,2026-10-03 08:44:14.284602+00,2026-10-03 08:46:43.317922+00
20c1990b-c3dd-4fa6-b985-1d6063459fa4,/srv/fim-watch/gen_00221.txt,2026-10-03 08:44:14.383505+00,2026-10-03 08:46:43.328001+00
42b10776-df46-4530-a3a2-3562580fe2a9,/srv/fim-watch/gen_00203.txt,2026-10-03 08:44:14.485034+00,2026-10-03 08:46:43.337719+00
441aab01-4b0f-4e79-a4fa-5358275ddff2,/srv/fim-watch/critico/gen_00344.txt,2026-10-03 08:44:14.584447+00,2026-10-03 08:46:43.346041+00
b8d5ecc6-6983-4ea6-83c6-a047e37be302,/srv/fim-watch/gen_00151.txt,2026-10-03 08:44:14.684534+00,2026-10-03 08:46:43.355979+00
96ac954a-7395-4687-b33e-a910d1bc2ae1,/srv/fim-watch/gen_00282.txt,2026-10-03 08:44:14.784249+00,2026-10-03 08:46:43.366448+00
93bcc616-aec8-419c-8e2a-20b4652be876,/srv/fim-watch/gen_00282.txt,2026-10-03 08:44:14.884726+00,2026-10-03 08:46:43.376421+00
6b672b2e-aab6-4781-b4b9-757eba81119e,/srv/fim-watch/gen_00282.txt,2026-10-03 08:44:14.983874+00,2026-10-03 08:46:43.385844+00
60834090-e025-436e-9192-40ca8106b12a,/srv/fim-watch/gen_00282.txt,2026-10-03 08:44:15.084401+00,2026-10-03 08:46:43.402615+00
db446360-9b38-4294-8c1a-db248669134d,/srv/fim-watch/gen_00282.txt,2026-10-03 08:44:15.184074+00,2026-10-03 08:46:43.422526+00
0be8d988-3736-4aa9-bc96-85e426ac2af5,/srv/fim-watch/gen_00231.txt,2026-10-03 08:44:15.28456+00,2026-10-03 08:46:43.438965+00
5228fcf1-eea0-4a59-9567-779e4bd13f26,/srv/fim-watch/critico/gen_00345.txt,2026-10-03 08:44:15.383279+00,2026-10-03 08:46:43.459872+00
726e6f5f-6897-48b7-b2b5-eb2a6c8a1838,/srv/fim-watch/gen_00311.txt,2026-10-03 08:44:15.48465+00,2026-10-03 08:46:43.47439+00
ac377a1c-be4a-4fc2-a7ca-4bdd84f6b464,/srv/fim-watch/gen_00263.txt,2026-10-03 08:44:15.583535+00,2026-10-03 08:46:43.49127+00
762823a2-06aa-4cd6-b54c-150cfff43945,/srv/fim-watch/critico/gen_00344.txt,2026-10-03 08:44:15.683112+00,2026-10-03 08:46:43.502282+00
9f3d8474-f868-41df-b3ea-b1e386b20991,/srv/fim-watch/gen_00235.txt,2026-10-03 08:44:15.784212+00,2026-10-03 08:46:43.510593+00
5d7d31bf-fd17-44ab-bc0e-7a9a36efface,/srv/fim-watch/gen_00235.txt,2026-10-03 08:44:15.884206+00,2026-10-03 08:46:43.522066+00
36a8c6b3-0121-4220-9d50-9940e140dda9,/srv/fim-watch/critico/gen_00336.txt,2026-10-03 08:44:15.984544+00,2026-10-03 08:46:43.56507+00
9b600bbd-415c-4fce-a732-e384aae6a250,/srv/fim-watch/gen_00152.txt,2026-10-03 08:44:16.084451+00,2026-10-03 08:46:43.597358+00
2da16c2b-843a-41e2-8973-251fb6a0ab93,/srv/fim-watch/gen_00177.txt,2026-10-03 08:44:16.186101+00,2026-10-03 08:46:43.609286+00
46123405-bbbe-4862-9d65-44505bc9f8c2,/srv/fim-watch/gen_00311.txt,2026-10-03 08:44:16.283658+00,2026-10-03 08:46:43.637298+00
42af5e75-4b03-464e-92cd-ce7b21d85f00,/srv/fim-watch/critico/gen_00345.txt,2026-10-03 08:44:16.383459+00,2026-10-03 08:46:43.652594+00
53c6955e-7b4a-4782-8a4e-d8dc287590e7,/srv/fim-watch/gen_00289.txt,2026-10-03 08:44:16.584272+00,2026-10-03 08:46:43.668904+00
6d3fd881-c12f-40cf-aa1f-1e66a675f39b,/srv/fim-watch/gen_00346.txt,2026-10-03 08:44:16.68417+00,2026-10-03 08:46:43.690562+00
8b453bc0-84c8-4555-a7e0-719a530d3f14,/srv/fim-watch/gen_00171.txt,2026-10-03 08:44:16.784014+00,2026-10-03 08:46:43.701881+00
5239612a-e925-43dc-93df-9ad545a07a30,/srv/fim-watch/gen_00297.txt,2026-10-03 08:44:16.883955+00,2026-10-03 08:46:43.715924+00
01a39b10-96e8-4efb-b3ac-536c47bc3c75,/srv/fim-watch/gen_00318.txt,2026-10-03 08:44:16.983897+00,2026-10-03 08:46:43.725875+00
c9deec44-8ea7-447e-9212-f9052c98c3f6,/srv/fim-watch/gen_00318.txt,2026-10-03 08:44:17.084091+00,2026-10-03 08:46:43.735661+00
5dab37ee-b92c-4499-ad8b-d2327ed676ef,/srv/fim-watch/critico/gen_00347.txt,2026-10-03 08:44:17.184163+00,2026-10-03 08:46:43.744233+00
4efbf940-8ae5-4693-a6ad-462ed616fdb3,/srv/fim-watch/gen_00348.txt,2026-10-03 08:44:17.284109+00,2026-10-03 08:46:43.752722+00
4bc319ae-ced9-4353-a176-27f5f5c19887,/srv/fim-watch/gen_00126.txt,2026-10-03 08:44:17.384171+00,2026-10-03 08:46:43.760519+00
82dcc7a5-74f8-40cc-b14f-0e6ea671da9f,/srv/fim-watch/gen_00349.txt,2026-10-03 08:44:17.484405+00,2026-10-03 08:46:43.770045+00
c7973e04-4399-4671-84a2-ebace0be7802,/srv/fim-watch/gen_00232.txt,2026-10-03 08:44:17.584362+00,2026-10-03 08:46:43.779625+00
126be3e7-54b5-4df2-acc1-40901b28b0ab,/srv/fim-watch/gen_00298.txt,2026-10-03 08:44:17.684482+00,2026-10-03 08:46:43.788544+00
a257df88-9dc2-46c1-8e1e-d119792f97b0,/srv/fim-watch/gen_00341.txt,2026-10-03 08:44:17.78409+00,2026-10-03 08:46:43.796221+00
5f05dfa2-da7e-4920-9dd5-783d2ef28c21,/srv/fim-watch/gen_00350.txt,2026-10-03 08:44:17.884391+00,2026-10-03 08:46:43.804809+00
5e9bc8d7-13e0-4ef9-8129-7e37e5127512,/srv/fim-watch/gen_00306.txt,2026-10-03 08:44:17.983567+00,2026-10-03 08:46:43.812373+00
2bc4fcbf-154e-4938-9a58-85b868ad8538,/srv/fim-watch/gen_00057.txt,2026-10-03 08:44:18.083904+00,2026-10-03 08:46:43.82096+00
a09e9146-c6b0-4c1d-85e4-68c19e88d0cf,/srv/fim-watch/critico/gen_00262.txt,2026-10-03 08:44:18.183958+00,2026-10-03 08:46:43.828138+00
79ef74ea-cca6-4663-9a7b-54e7ba68d1d1,/srv/fim-watch/critico/gen_00253.txt,2026-10-03 08:44:18.284357+00,2026-10-03 08:46:43.836144+00
391fbae3-eabc-42ec-a747-87979a92288f,/srv/fim-watch/gen_00238.txt,2026-10-03 08:44:18.384162+00,2026-10-03 08:46:43.844088+00
38b94a90-53e9-4352-81f4-9f9fc7265c03,/srv/fim-watch/critico/gen_00351.txt,2026-10-03 08:44:18.483796+00,2026-10-03 08:46:43.85289+00
06228feb-644d-49f8-8817-bd41de01184f,/srv/fim-watch/gen_00352.txt,2026-10-03 08:44:18.584233+00,2026-10-03 08:46:43.860684+00
5f9522c4-9ab5-4f53-89df-12a9329548da,/srv/fim-watch/gen_00198.txt,2026-10-03 08:44:18.684572+00,2026-10-03 08:46:43.869616+00
2946dd00-4d3f-4a7e-9b58-2f864f3f676a,/srv/fim-watch/critico/gen_00353.txt,2026-10-03 08:44:18.784196+00,2026-10-03 08:46:43.878705+00
01298462-7981-4833-acd8-ccb0e9c3d905,/srv/fim-watch/gen_00299.txt,2026-10-03 08:44:18.884163+00,2026-10-03 08:46:43.887356+00
b5e1eabf-fd49-4615-8ba9-0ac7e83ff3e7,/srv/fim-watch/gen_00064.txt,2026-10-03 08:44:18.984228+00,2026-10-03 08:46:43.896935+00
7982fdbc-de6e-41c6-b152-3c226d571406,/srv/fim-watch/gen_00348.txt,2026-10-03 08:44:19.083984+00,2026-10-03 08:46:43.90784+00
0c60e619-07bd-4cad-81a4-c2abae48ce34,/srv/fim-watch/gen_00348.txt,2026-10-03 08:44:19.184001+00,2026-10-03 08:46:43.937141+00
c2282076-9d40-4c0c-8d4a-8894cfb8f905,/srv/fim-watch/gen_00348.txt,2026-10-03 08:44:19.284642+00,2026-10-03 08:46:43.957841+00
c121291b-f1aa-4db7-956a-838bba418b33,/srv/fim-watch/gen_00348.txt,2026-10-03 08:44:19.383939+00,2026-10-03 08:46:43.98112+00
b80f8311-ad8c-422a-8b65-896a0b867f7b,/srv/fim-watch/gen_00348.txt,2026-10-03 08:44:19.484583+00,2026-10-03 08:46:44.002954+00
879272b2-e4d0-48db-8c57-bfb525229a13,/srv/fim-watch/critico/gen_00209.txt,2026-10-03 08:44:19.583889+00,2026-10-03 08:46:44.047475+00
b2f164b2-c000-4087-a7e9-3a09971599fc,/srv/fim-watch/gen_00266.txt,2026-10-03 08:44:19.683963+00,2026-10-03 08:46:44.058373+00
5b93a1e9-aa99-4425-bfa1-307a2357ca8c,/srv/fim-watch/critico/gen_00330.txt,2026-10-03 08:44:19.784371+00,2026-10-03 08:46:44.083861+00
db733ff9-bd93-4bf8-9dae-5bdce3c30161,/srv/fim-watch/critico/gen_00354.txt,2026-10-03 08:44:19.884296+00,2026-10-03 08:46:44.100373+00
b9f8ebe1-c503-409c-9289-1b135f63e964,/srv/fim-watch/gen_00049.txt,2026-10-03 08:44:19.983412+00,2026-10-03 08:46:44.117356+00
ac4d2b0c-0023-4639-b9f5-2b57a1a1a4ad,/srv/fim-watch/gen_00279.txt,2026-10-03 08:44:20.083479+00,2026-10-03 08:46:44.127568+00
b8ff6aae-42b7-46b1-87e2-fbcf4164e18e,/srv/fim-watch/gen_00279.txt,2026-10-03 08:44:20.183665+00,2026-10-03 08:46:44.142748+00
10a83700-7819-4933-9c24-90177e10c869,/srv/fim-watch/gen_00282.txt,2026-10-03 08:44:20.284079+00,2026-10-03 08:46:44.152633+00
639c7aff-24f2-49a4-810c-ab9a2f3d739f,/srv/fim-watch/gen_00282.txt,2026-10-03 08:44:20.383986+00,2026-10-03 08:46:44.16918+00
ad0e9ac1-23ea-46bf-9672-e8eb3f133269,/srv/fim-watch/gen_00275.txt,2026-10-03 08:44:20.484023+00,2026-10-03 08:46:44.179469+00
2e865f90-9fda-4bdc-ae5e-40d0576793bf,/srv/fim-watch/gen_00275.txt,2026-10-03 08:44:20.583923+00,2026-10-03 08:46:44.190851+00
5ada3f21-4d5b-4e7c-881c-bc93d7d50871,/srv/fim-watch/gen_00275.txt,2026-10-03 08:44:20.683769+00,2026-10-03 08:46:44.200102+00
19102a4e-2e2c-4998-8e39-fa5658e2cd7d,/srv/fim-watch/gen_00275.txt,2026-10-03 08:44:20.784283+00,2026-10-03 08:46:44.210223+00
e8e11a6f-c071-4870-9251-3f604566c2b9,/srv/fim-watch/gen_00275.txt,2026-10-03 08:44:20.884399+00,2026-10-03 08:46:44.222153+00
2dd2ea63-01e4-4392-a705-e5127c6e0d8c,/srv/fim-watch/gen_00325.txt,2026-10-03 08:44:20.984233+00,2026-10-03 08:46:44.231404+00
2df3060c-671d-4cf4-9c58-a7d6e25d745a,/srv/fim-watch/gen_00355.txt,2026-10-03 08:44:21.084071+00,2026-10-03 08:46:44.240113+00
23eb5c64-25ed-48b8-8a66-7afc1ad7ee36,/srv/fim-watch/gen_00162.txt,2026-10-03 08:44:21.184011+00,2026-10-03 08:46:44.248526+00
086f1e83-600d-4259-8fca-213209496d2f,/srv/fim-watch/gen_00356.txt,2026-10-03 08:44:21.283926+00,2026-10-03 08:46:44.260535+00
7cfe2d9a-1707-41df-8633-5a9a19a1a85f,/srv/fim-watch/gen_00357.txt,2026-10-03 08:44:21.383492+00,2026-10-03 08:46:44.274516+00
6ec0cc56-895b-457c-9b29-5c154c18fe37,/srv/fim-watch/gen_00358.txt,2026-10-03 08:44:21.483985+00,2026-10-03 08:46:44.282629+00
6f39b082-9413-4286-ad94-fc7ce7f581a5,/srv/fim-watch/gen_00359.txt,2026-10-03 08:44:21.583848+00,2026-10-03 08:46:44.293888+00
6b32b020-934c-4e3e-80bb-3742c673b22c,/srv/fim-watch/gen_00230.txt,2026-10-03 08:44:21.684447+00,2026-10-03 08:46:44.309103+00
16adb72a-50e0-4e3c-9804-b6a35e79da9c,/srv/fim-watch/gen_00263.txt,2026-10-03 08:44:21.784481+00,2026-10-03 08:46:44.329946+00
abd62d42-bae7-47ff-b194-1ade2490d2a4,/srv/fim-watch/gen_00263.txt,2026-10-03 08:44:21.884139+00,2026-10-03 08:46:44.33847+00
1263a10a-9ff4-4a9e-b747-ae11ca3403bc,/srv/fim-watch/gen_00360.txt,2026-10-03 08:44:21.984278+00,2026-10-03 08:46:44.345744+00
bf32fb2a-0b96-4e88-904e-92a8bbf7da00,/srv/fim-watch/gen_00360.txt,2026-10-03 08:44:22.084362+00,2026-10-03 08:46:44.353465+00
84fcca5c-08ad-4e77-b856-a682124fed3a,/srv/fim-watch/gen_00308.txt,2026-10-03 08:44:22.184096+00,2026-10-03 08:46:44.361359+00
a6f5cbe4-1262-4e55-9b59-1e7242e02ad6,/srv/fim-watch/critico/gen_00361.txt,2026-10-03 08:44:22.283626+00,2026-10-03 08:46:44.373083+00
d10870c5-7b4f-4d26-9631-7f1e3c66c201,/srv/fim-watch/gen_00177.txt,2026-10-03 08:44:22.384263+00,2026-10-03 08:46:44.383679+00
ace5a006-f69d-4623-81c6-16bba7cb4232,/srv/fim-watch/gen_00177.txt,2026-10-03 08:44:22.484341+00,2026-10-03 08:46:44.403503+00
bdfbf824-3838-4e8c-a6f6-5f75e7079cb7,/srv/fim-watch/gen_00362.txt,2026-10-03 08:44:22.583846+00,2026-10-03 08:46:44.420418+00
1622912b-f356-453b-85a9-fffafad7a2bf,/srv/fim-watch/gen_00266.txt,2026-10-03 08:44:22.684282+00,2026-10-03 08:46:44.437617+00
e94c73e8-b43a-4f62-a78f-fb0082399486,/srv/fim-watch/gen_00196.txt,2026-10-03 08:44:22.783957+00,2026-10-03 08:46:44.455091+00
09b1bb24-a5f2-4d72-8229-20d392213651,/srv/fim-watch/gen_00198.txt,2026-10-03 08:44:22.884578+00,2026-10-03 08:46:44.480513+00
c4c3ccfc-2dd8-43e1-9cd0-55ff3aaf2b14,/srv/fim-watch/gen_00329.txt,2026-10-03 08:44:22.984217+00,2026-10-03 08:46:44.495785+00
39a56d23-026b-46f1-9583-617ab7b3b546,/srv/fim-watch/gen_00329.txt,2026-10-03 08:44:23.083545+00,2026-10-03 08:46:44.506225+00
4bdd0763-86e4-499b-ab2d-4952f20601d7,/srv/fim-watch/gen_00311.txt,2026-10-03 08:44:23.184042+00,2026-10-03 08:46:44.516552+00
426aa997-4f4b-439e-bdfe-123bdf08f7f3,/srv/fim-watch/gen_00363.txt,2026-10-03 08:44:23.28427+00,2026-10-03 08:46:44.525533+00
ee1f3c89-7904-41c2-a1e5-9247a46820f3,/srv/fim-watch/gen_00363.txt,2026-10-03 08:44:23.383981+00,2026-10-03 08:46:44.533075+00
c8da47fa-eddb-4062-b477-5e54f42534eb,/srv/fim-watch/critico/gen_00053.txt,2026-10-03 08:44:23.484445+00,2026-10-03 08:46:44.544397+00
2dafb0cc-ef00-46ab-a3de-0aacf4eb61d2,/srv/fim-watch/critico/gen_00061.txt,2026-10-03 08:44:23.584457+00,2026-10-03 08:46:44.555998+00
cb3aa1fd-4bd0-4198-9c68-237049ead41a,/srv/fim-watch/critico/gen_00061.txt,2026-10-03 08:44:23.683949+00,2026-10-03 08:46:44.586588+00
5d86c27b-39af-4e75-a742-782b918c42d6,/srv/fim-watch/gen_00364.txt,2026-10-03 08:44:23.784285+00,2026-10-03 08:46:44.60585+00
367e733a-540e-43f3-9e5a-48237c90552c,/srv/fim-watch/gen_00295.txt,2026-10-03 08:44:23.883404+00,2026-10-03 08:46:44.61517+00
c4ad3ede-627c-4e17-bc3c-67e89f008e29,/srv/fim-watch/gen_00250.txt,2026-10-03 08:44:23.984134+00,2026-10-03 08:46:44.623597+00
b863f528-c09d-4dd5-bfc6-39a0522a0394,/srv/fim-watch/critico/gen_00130.txt,2026-10-03 08:44:24.083908+00,2026-10-03 08:46:44.633102+00
52d2ad3b-74f4-464b-8aba-adade3b2fdc0,/srv/fim-watch/critico/gen_00304.txt,2026-10-03 08:44:24.183414+00,2026-10-03 08:46:44.641795+00
f7ee0256-1e6e-40cf-815c-e5a53189bee2,/srv/fim-watch/gen_00057.txt,2026-10-03 08:44:24.284178+00,2026-10-03 08:46:44.649727+00
27fd2fae-5f0d-47b3-9b59-f3c1327a309d,/srv/fim-watch/critico/gen_00353.txt,2026-10-03 08:44:24.384001+00,2026-10-03 08:46:44.658271+00
2f79be4f-ccfc-44aa-aafa-b79f3aa2b3d3,/srv/fim-watch/gen_00365.txt,2026-10-03 08:44:24.484335+00,2026-10-03 08:46:44.667106+00
01ade2c9-a7cc-4906-a294-8b94f008a079,/srv/fim-watch/gen_00096.txt,2026-10-03 08:44:24.583346+00,2026-10-03 08:46:44.67882+00
a6ae2361-1902-40ef-91b4-ae5d2058de8c,/srv/fim-watch/gen_00096.txt,2026-10-03 08:44:24.683949+00,2026-10-03 08:46:44.69612+00
7b4660d7-f836-4985-ab98-f616188e8d6c,/srv/fim-watch/gen_00104.txt,2026-10-03 08:44:24.783647+00,2026-10-03 08:46:44.70734+00
6b1b407b-f428-45ce-b14d-0831d79f5d9b,/srv/fim-watch/gen_00366.txt,2026-10-03 08:44:24.884287+00,2026-10-03 08:46:44.717652+00
81de5ceb-a934-4204-905e-b70475a06940,/srv/fim-watch/critico/gen_00189.txt,2026-10-03 08:44:24.984188+00,2026-10-03 08:46:44.72871+00
f2e68754-baa8-4d73-8b4e-de287fb3cb3c,/srv/fim-watch/gen_00214.txt,2026-10-03 08:44:25.083182+00,2026-10-03 08:46:44.742913+00
601d8364-a90c-4110-b12d-7361aaaaf0b1,/srv/fim-watch/gen_00367.txt,2026-10-03 08:44:25.183822+00,2026-10-03 08:46:44.765282+00
9676c6db-7bee-4c83-acce-6aa9fa03a136,/srv/fim-watch/gen_00368.txt,2026-10-03 08:44:25.283795+00,2026-10-03 08:46:44.777997+00
e14f4836-a5d6-4fab-b6ff-b2522bb716c1,/srv/fim-watch/critico/gen_00183.txt,2026-10-03 08:44:25.384106+00,2026-10-03 08:46:44.788364+00
3b6101c5-b6ac-40e7-ba77-b7ab7e2fe533,/srv/fim-watch/critico/gen_00183.txt,2026-10-03 08:44:25.484615+00,2026-10-03 08:46:44.807479+00
edbd2043-20c6-493c-a262-707dc366958f,/srv/fim-watch/critico/gen_00183.txt,2026-10-03 08:44:25.584213+00,2026-10-03 08:46:44.818117+00
adb1664e-7503-4cec-b71e-5a77c94540d4,/srv/fim-watch/critico/gen_00183.txt,2026-10-03 08:44:25.683885+00,2026-10-03 08:46:44.827426+00
4427c32b-3201-4fd5-a8de-0fdc581a7976,/srv/fim-watch/critico/gen_00183.txt,2026-10-03 08:44:25.784306+00,2026-10-03 08:46:44.837918+00
82e9f0bf-38fa-4167-a962-2993c319149b,/srv/fim-watch/critico/gen_00369.txt,2026-10-03 08:44:25.884106+00,2026-10-03 08:46:44.854463+00
d30f8885-6113-4a93-b490-e014af95b7fb,/srv/fim-watch/gen_00311.txt,2026-10-03 08:44:25.984415+00,2026-10-03 08:46:44.867472+00
4aef7a9d-3026-4199-9ce7-592669fa1a0f,/srv/fim-watch/gen_00370.txt,2026-10-03 08:44:26.084293+00,2026-10-03 08:46:44.890471+00
4035f83c-4bc2-44f4-b6a2-2658cff56eb5,/srv/fim-watch/gen_00256.txt,2026-10-03 08:44:26.183369+00,2026-10-03 08:46:44.901819+00
da23580d-dbad-423c-a371-919b382d1cee,/srv/fim-watch/critico/gen_00251.txt,2026-10-03 08:44:26.284046+00,2026-10-03 08:46:44.941362+00
ccad8c1d-cefd-4b5b-891f-76ed17e30aba,/srv/fim-watch/gen_00187.txt,2026-10-03 08:44:26.384259+00,2026-10-03 08:46:44.974728+00
9da331a6-869d-4a20-8c75-631ce085bd82,/srv/fim-watch/gen_00318.txt,2026-10-03 08:44:26.484028+00,2026-10-03 08:46:45.006494+00
c9c9eff2-0702-4626-b21b-b6ca3eed4c5b,/srv/fim-watch/critico/gen_00343.txt,2026-10-03 08:44:26.584015+00,2026-10-03 08:46:45.016724+00
5e0357a8-f63e-4543-b7c6-7e9bcacb9114,/srv/fim-watch/critico/gen_00351.txt,2026-10-03 08:44:26.684373+00,2026-10-03 08:46:45.024683+00
b05f63f9-f9f5-4886-8647-78e4fe7290a4,/srv/fim-watch/critico/gen_00371.txt,2026-10-03 08:44:26.783027+00,2026-10-03 08:46:45.033162+00
82e29910-793e-49ab-94be-f9e37168c82e,/srv/fim-watch/gen_00215.txt,2026-10-03 08:44:26.883662+00,2026-10-03 08:46:45.040465+00
7a31446e-44cf-48cc-8f14-80c1f8f7821f,/srv/fim-watch/critico/gen_00344.txt,2026-10-03 08:44:26.984347+00,2026-10-03 08:46:45.048781+00
54928711-70f2-4875-a742-a4b82690c602,/srv/fim-watch/gen_00372.txt,2026-10-03 08:44:27.083794+00,2026-10-03 08:46:45.05648+00
d87729b0-9693-427c-b36a-bd22ce07d20d,/srv/fim-watch/gen_00372.txt,2026-10-03 08:44:27.184185+00,2026-10-03 08:46:45.065616+00
007841dd-7b6e-458c-9420-ec5d9a3f4e1e,/srv/fim-watch/critico/gen_00248.txt,2026-10-03 08:44:27.283585+00,2026-10-03 08:46:45.075797+00
d6218c64-e64e-4a99-b1fe-bf503344591a,/srv/fim-watch/gen_00264.txt,2026-10-03 08:44:27.384167+00,2026-10-03 08:46:45.084368+00
ad36cf64-3187-460b-9d7c-7cedb7b03467,/srv/fim-watch/gen_00357.txt,2026-10-03 08:44:27.484281+00,2026-10-03 08:46:45.094706+00
799cacc0-285d-4d15-b687-bf0b4d9d0e1c,/srv/fim-watch/critico/gen_00222.txt,2026-10-03 08:44:27.584625+00,2026-10-03 08:46:45.104436+00
27c10c73-a274-4416-b8ef-4221318ae883,/srv/fim-watch/critico/gen_00222.txt,2026-10-03 08:44:27.68448+00,2026-10-03 08:46:45.116898+00
2e35c8d7-9553-4768-a290-00b0dedf632a,/srv/fim-watch/gen_00259.txt,2026-10-03 08:44:27.784859+00,2026-10-03 08:46:45.128178+00
dff66994-2ec1-4ab8-b1f1-2187c156edae,/srv/fim-watch/gen_00373.txt,2026-10-03 08:44:27.8844+00,2026-10-03 08:46:45.140055+00
ceb4d508-6eaa-46f7-9044-6bed3520aa09,/srv/fim-watch/gen_00373.txt,2026-10-03 08:44:27.984235+00,2026-10-03 08:46:45.152645+00
694644bf-abe5-4cc3-b9f1-cea712c7d0ce,/srv/fim-watch/critico/gen_00374.txt,2026-10-03 08:44:28.083165+00,2026-10-03 08:46:45.164155+00
6e20a6cb-5bb1-4fdd-8bea-04e685a5fb04,/srv/fim-watch/critico/gen_00374.txt,2026-10-03 08:44:28.183556+00,2026-10-03 08:46:45.175626+00
006c2906-7ec1-43a0-bf67-90da97712116,/srv/fim-watch/critico/gen_00333.txt,2026-10-03 08:44:28.283939+00,2026-10-03 08:46:45.187116+00
ba231a5c-60d1-421c-80f6-ceab373958f1,/srv/fim-watch/gen_00071.txt,2026-10-03 08:44:28.383929+00,2026-10-03 08:46:45.203809+00
eb2a2446-8159-4bbe-b0c6-749ef8beba04,/srv/fim-watch/gen_00375.txt,2026-10-03 08:44:28.484157+00,2026-10-03 08:46:45.219171+00
f9493c91-aade-467d-8a3f-04ee28f5b6ca,/srv/fim-watch/critico/gen_00222.txt,2026-10-03 08:44:28.584457+00,2026-10-03 08:46:45.242477+00
f0a61287-30d4-4cd0-aa01-87cd41844815,/srv/fim-watch/gen_00298.txt,2026-10-03 08:44:28.683921+00,2026-10-03 08:46:45.259371+00
c825a004-8b67-40a0-afed-3396da5d0183,/srv/fim-watch/gen_00376.txt,2026-10-03 08:44:28.783962+00,2026-10-03 08:46:45.273629+00
c1bde91e-2d54-4c57-9011-1f8f320cd424,/srv/fim-watch/gen_00376.txt,2026-10-03 08:44:28.883962+00,2026-10-03 08:46:45.289287+00
d86fd40b-ca6e-4058-8ce9-66d4d23c2abb,/srv/fim-watch/gen_00128.txt,2026-10-03 08:44:28.984159+00,2026-10-03 08:46:45.306274+00
332e9522-70e4-4948-9aba-b88097c96fdc,/srv/fim-watch/gen_00377.txt,2026-10-03 08:44:29.084343+00,2026-10-03 08:46:45.316893+00
8972a13a-a68d-46b8-8fd0-db944d2a2a33,/srv/fim-watch/gen_00378.txt,2026-10-03 08:44:29.184385+00,2026-10-03 08:46:45.337413+00
4d7e94e3-b295-439e-bbac-64364f112f0c,/srv/fim-watch/gen_00378.txt,2026-10-03 08:44:29.284363+00,2026-10-03 08:46:45.350303+00
490be8a3-2c76-4e2a-a3e7-a530bff83f63,/srv/fim-watch/gen_00196.txt,2026-10-03 08:44:29.384471+00,2026-10-03 08:46:45.375332+00
50321ceb-4a2a-43c9-9535-28f1d7a7f9c5,/srv/fim-watch/gen_00196.txt,2026-10-03 08:44:29.484066+00,2026-10-03 08:46:45.409081+00
236d5acd-2438-48b3-a26b-9dbe4a87a162,/srv/fim-watch/critico/gen_00336.txt,2026-10-03 08:44:29.584148+00,2026-10-03 08:46:45.418009+00
ca063cde-f068-4b91-9362-27a42ddd3d40,/srv/fim-watch/critico/gen_00379.txt,2026-10-03 08:44:29.684298+00,2026-10-03 08:46:45.429605+00
3ebf57ba-2cd3-4a86-8938-98898f55cd71,/srv/fim-watch/critico/gen_00345.txt,2026-10-03 08:44:29.784384+00,2026-10-03 08:46:45.438374+00
b004a240-5afa-4b19-836f-ec1480b8f4aa,/srv/fim-watch/gen_00203.txt,2026-10-03 08:44:29.884391+00,2026-10-03 08:46:45.45273+00
b23a3593-b3ef-42ec-bdd2-61a342eab506,/srv/fim-watch/gen_00380.txt,2026-10-03 08:44:29.984019+00,2026-10-03 08:46:45.461452+00
e27e3288-58e3-4ab8-876a-48864d006e16,/srv/fim-watch/gen_00380.txt,2026-10-03 08:44:30.083497+00,2026-10-03 08:46:45.46923+00
780af3f6-790c-47fb-864f-791b88f74010,/srv/fim-watch/gen_00266.txt,2026-10-03 08:44:30.183992+00,2026-10-03 08:46:45.494881+00
f908bea5-e6df-4a85-b021-56a13e4ab719,/srv/fim-watch/gen_00064.txt,2026-10-03 08:44:30.284085+00,2026-10-03 08:46:45.502106+00
9e018d8b-a4aa-4be8-9200-5723d437071e,/srv/fim-watch/gen_00362.txt,2026-10-03 08:44:30.3846+00,2026-10-03 08:46:45.511143+00
9f43c088-355b-4f56-8127-e3235292db9a,/srv/fim-watch/gen_00366.txt,2026-10-03 08:44:30.484078+00,2026-10-03 08:46:45.518468+00
8e65a9e8-09a3-49d5-a1a5-903d43164e8d,/srv/fim-watch/gen_00291.txt,2026-10-03 08:44:30.584603+00,2026-10-03 08:46:45.524839+00
c2809694-2030-4e2f-9db0-7e742cf4d4f6,/srv/fim-watch/gen_00295.txt,2026-10-03 08:44:30.68363+00,2026-10-03 08:46:45.53331+00
e896058b-1125-4674-93fd-4543c2f0799f,/srv/fim-watch/gen_00240.txt,2026-10-03 08:44:30.784226+00,2026-10-03 08:46:45.540658+00
683db1ef-a264-4e72-8ee8-a8b4bbaf53a2,/srv/fim-watch/gen_00311.txt,2026-10-03 08:44:30.883526+00,2026-10-03 08:46:45.547964+00
86f903c3-160f-4a4a-9bd4-5627189404d3,/srv/fim-watch/gen_00311.txt,2026-10-03 08:44:30.983249+00,2026-10-03 08:46:45.55539+00
d1aa20e2-6118-4936-b946-7ee4abdbaa04,/srv/fim-watch/gen_00311.txt,2026-10-03 08:44:31.084504+00,2026-10-03 08:46:45.564734+00
61f65daf-c86f-4eda-8bd8-399d226b27c6,/srv/fim-watch/gen_00311.txt,2026-10-03 08:44:31.184255+00,2026-10-03 08:46:45.575062+00
67c65481-d20f-4d88-b405-db33ad33699e,/srv/fim-watch/gen_00311.txt,2026-10-03 08:44:31.284299+00,2026-10-03 08:46:45.586264+00
1b42bdb1-8110-48ee-9cb1-ab8f16a42b54,/srv/fim-watch/gen_00134.txt,2026-10-03 08:44:31.384059+00,2026-10-03 08:46:45.593323+00
cbbef248-0e6f-4318-a34a-4a5b5a181bdc,/srv/fim-watch/gen_00134.txt,2026-10-03 08:44:31.483286+00,2026-10-03 08:46:45.601672+00
ce4dd1ef-0bf3-4f34-bcca-6c8d7a9f00e8,/srv/fim-watch/gen_00381.txt,2026-10-03 08:44:31.584097+00,2026-10-03 08:46:45.608488+00
20af9b08-b25e-4746-82a8-47542f9b4c0c,/srv/fim-watch/gen_00366.txt,2026-10-03 08:44:31.684207+00,2026-10-03 08:46:45.614274+00
538bf143-5144-43da-8392-8e5aab1db328,/srv/fim-watch/gen_00252.txt,2026-10-03 08:44:31.78434+00,2026-10-03 08:46:45.621963+00
0ebd250c-ff63-4d80-bd79-03da15331e56,/srv/fim-watch/critico/gen_00382.txt,2026-10-03 08:44:31.884073+00,2026-10-03 08:46:45.628381+00
07d4136b-6488-4f4a-b6ae-3230f2f9f762,/srv/fim-watch/critico/gen_00382.txt,2026-10-03 08:44:31.984398+00,2026-10-03 08:46:45.635932+00
10dc6787-666b-4ffd-b32a-79acab4a92d3,/srv/fim-watch/gen_00383.txt,2026-10-03 08:44:32.08406+00,2026-10-03 08:46:45.643242+00
c82b2643-c9db-4ec9-ab89-90513446bc65,/srv/fim-watch/gen_00355.txt,2026-10-03 08:44:32.184312+00,2026-10-03 08:46:45.650407+00
327595a3-9222-4a71-8af6-f64e5dad8988,/srv/fim-watch/gen_00384.txt,2026-10-03 08:44:32.283927+00,2026-10-03 08:46:45.661167+00
121bb458-2462-45b8-b678-140e3d5eea9c,/srv/fim-watch/gen_00071.txt,2026-10-03 08:44:32.383817+00,2026-10-03 08:46:45.680111+00
64d964f0-ef58-41de-b67f-89ef97237db0,/srv/fim-watch/gen_00178.txt,2026-10-03 08:44:32.483884+00,2026-10-03 08:46:45.701722+00
e112b4ed-41ff-4818-8886-e557c064e3ee,/srv/fim-watch/critico/gen_00351.txt,2026-10-03 08:44:32.584069+00,2026-10-03 08:46:45.714889+00
721226f1-38a1-4231-89e1-e265c32149c4,/srv/fim-watch/gen_00161.txt,2026-10-03 08:44:32.684145+00,2026-10-03 08:46:45.741202+00
8f0882f7-1652-4864-9549-92bcf9cc92b6,/srv/fim-watch/gen_00294.txt,2026-10-03 08:44:32.783682+00,2026-10-03 08:46:45.755197+00
4abc1523-567e-4a6c-90d3-9d7c5b15d487,/srv/fim-watch/gen_00230.txt,2026-10-03 08:44:32.88412+00,2026-10-03 08:46:45.767157+00
d841ac9b-cef0-4e75-900a-4c507a1a8e82,/srv/fim-watch/gen_00385.txt,2026-10-03 08:44:32.984356+00,2026-10-03 08:46:45.778849+00
42f2ea88-42f2-4c7d-a9cb-bd978642a518,/srv/fim-watch/gen_00386.txt,2026-10-03 08:44:33.084549+00,2026-10-03 08:46:45.814299+00
20aec220-a80b-4f1d-a14e-5d214882760e,/srv/fim-watch/gen_00365.txt,2026-10-03 08:44:33.183625+00,2026-10-03 08:46:45.824871+00
12f4d199-a15d-4cac-9ef1-8e06bc3a3688,/srv/fim-watch/gen_00352.txt,2026-10-03 08:44:33.283699+00,2026-10-03 08:46:45.835948+00
ee331028-b9a6-4d3d-a0c2-1535e944a09f,/srv/fim-watch/gen_00193.txt,2026-10-03 08:44:33.38438+00,2026-10-03 08:46:45.844343+00
893e7326-8ab2-46c6-9294-6bd008cad19c,/srv/fim-watch/gen_00193.txt,2026-10-03 08:44:33.484014+00,2026-10-03 08:46:45.853512+00
6f743862-223a-4be1-9970-9f74ba8515b7,/srv/fim-watch/gen_00231.txt,2026-10-03 08:44:33.584092+00,2026-10-03 08:46:45.868063+00
14c00c79-5a2d-4679-96de-6d8f4ec4b2cc,/srv/fim-watch/gen_00231.txt,2026-10-03 08:44:33.684293+00,2026-10-03 08:46:45.879631+00
773b828f-3641-4a78-aa71-9d2b3b7e161d,/srv/fim-watch/gen_00387.txt,2026-10-03 08:44:33.783856+00,2026-10-03 08:46:45.908033+00
7e8c1ba4-8af0-4e9b-bedb-7635ed41e140,/srv/fim-watch/gen_00282.txt,2026-10-03 08:44:33.883904+00,2026-10-03 08:46:45.918269+00
8c643a31-d080-44f0-a5d1-01dbb613fad1,/srv/fim-watch/gen_00388.txt,2026-10-03 08:44:33.983998+00,2026-10-03 08:46:45.925115+00
0291a2e5-4e41-44da-8c6c-cc181a35e910,/srv/fim-watch/gen_00192.txt,2026-10-03 08:44:34.084228+00,2026-10-03 08:46:45.932956+00
55987cfd-dc59-43d9-9ad5-fba292767c4b,/srv/fim-watch/critico/gen_00351.txt,2026-10-03 08:44:34.184308+00,2026-10-03 08:46:45.939588+00
d3166f75-b52b-48c9-863e-ba4e6cff582c,/srv/fim-watch/critico/gen_00053.txt,2026-10-03 08:44:34.284143+00,2026-10-03 08:46:45.949832+00
b5b00699-abee-4415-9951-de221bf41427,/srv/fim-watch/gen_00389.txt,2026-10-03 08:44:34.384102+00,2026-10-03 08:46:45.957395+00
bf9a67f6-ade0-4e8c-a5a0-05257504eae7,/srv/fim-watch/gen_00264.txt,2026-10-03 08:44:34.484386+00,2026-10-03 08:46:45.970495+00
003e9a84-7c82-48b2-a7c7-7ad6b521b684,/srv/fim-watch/critico/gen_00053.txt,2026-10-03 08:44:34.584275+00,2026-10-03 08:46:45.981148+00
b57facce-1bb6-4cfd-9cad-4ef1d9aabb38,/srv/fim-watch/gen_00152.txt,2026-10-03 08:44:34.684134+00,2026-10-03 08:46:45.997858+00
11312700-e819-48cb-9665-212357b74be2,/srv/fim-watch/gen_00125.txt,2026-10-03 08:44:34.7833+00,2026-10-03 08:46:46.015449+00
2d2857cb-2355-4b8a-b0c1-19adddacd72a,/srv/fim-watch/gen_00235.txt,2026-10-03 08:44:34.883399+00,2026-10-03 08:46:46.039288+00
897ffd84-52cc-4ad5-b4c6-6f39aa1cdb99,/srv/fim-watch/gen_00235.txt,2026-10-03 08:44:34.984353+00,2026-10-03 08:46:46.058799+00
c7f975ed-97ed-4835-a4fd-a1842cafcf96,/srv/fim-watch/critico/gen_00304.txt,2026-10-03 08:44:35.084657+00,2026-10-03 08:46:46.07483+00
a7f787cf-3fae-4c98-a031-9ab5d7898f2b,/srv/fim-watch/gen_00303.txt,2026-10-03 08:44:35.18415+00,2026-10-03 08:46:46.104822+00
5560e2bb-0989-4651-b2f8-40b3c471c20f,/srv/fim-watch/gen_00165.txt,2026-10-03 08:44:35.283609+00,2026-10-03 08:46:46.11822+00
1d869234-e323-4819-9546-72f2ec084ccb,/srv/fim-watch/gen_00365.txt,2026-10-03 08:44:35.383726+00,2026-10-03 08:46:46.133962+00
6e660c3e-ecb8-4010-8e38-3d1e4a775970,/srv/fim-watch/gen_00105.txt,2026-10-03 08:44:35.484351+00,2026-10-03 08:46:46.146155+00
9150a760-b60a-4f1d-8c30-02937376f450,/srv/fim-watch/gen_00386.txt,2026-10-03 08:44:35.584381+00,2026-10-03 08:46:46.158682+00
a9df75ee-7f55-405f-bd4f-f2c9b619b982,/srv/fim-watch/critico/gen_00390.txt,2026-10-03 08:44:35.684368+00,2026-10-03 08:46:46.170913+00
26d30df2-5913-4aba-90b7-96597bbf7d16,/srv/fim-watch/critico/gen_00390.txt,2026-10-03 08:44:35.783141+00,2026-10-03 08:46:46.190138+00
e44743fc-843e-452f-bc88-893012d9a0f6,/srv/fim-watch/gen_00179.txt,2026-10-03 08:44:35.88361+00,2026-10-03 08:46:46.206188+00
0adc02f3-aafe-4c46-b86d-b1f427c2e7e3,/srv/fim-watch/gen_00179.txt,2026-10-03 08:44:35.984689+00,2026-10-03 08:46:46.223333+00
4a495589-c1ff-40fa-9af4-9ee0d0f734d2,/srv/fim-watch/gen_00179.txt,2026-10-03 08:44:36.084356+00,2026-10-03 08:46:46.238126+00
d1c74c1e-d8d7-45da-859b-d1b842d6cab8,/srv/fim-watch/gen_00179.txt,2026-10-03 08:44:36.184092+00,2026-10-03 08:46:46.272397+00
3b5762dd-4fa8-491a-a17f-2f1d83675578,/srv/fim-watch/gen_00179.txt,2026-10-03 08:44:36.284136+00,2026-10-03 08:46:46.291634+00
fc5b3d91-bb34-45ec-b721-f6f6e06d0718,/srv/fim-watch/gen_00230.txt,2026-10-03 08:44:36.384414+00,2026-10-03 08:46:46.309668+00
cb0c65f0-c7eb-4478-b8f2-35c0340e21fd,/srv/fim-watch/gen_00098.txt,2026-10-03 08:44:36.48411+00,2026-10-03 08:46:46.325602+00
9cca7af9-5516-4f1c-8bd7-6b5c4886b94e,/srv/fim-watch/gen_00166.txt,2026-10-03 08:44:36.583401+00,2026-10-03 08:46:46.334383+00
6a0cfa85-473f-4188-b0c8-8e9a4f512dbc,/srv/fim-watch/gen_00166.txt,2026-10-03 08:44:36.683791+00,2026-10-03 08:46:46.343043+00
50511cbe-62e6-4a2b-901d-1c1bb5369a79,/srv/fim-watch/critico/gen_00189.txt,2026-10-03 08:44:36.784046+00,2026-10-03 08:46:46.351075+00
8f13b96a-3cff-4f39-b103-b20bd87db569,/srv/fim-watch/gen_00264.txt,2026-10-03 08:44:36.88401+00,2026-10-03 08:46:46.357742+00
065d4364-785e-4bdd-86e8-03d9ddab472c,/srv/fim-watch/critico/gen_00391.txt,2026-10-03 08:44:36.984256+00,2026-10-03 08:46:46.36475+00
cb4d06d1-0282-49cb-9c90-f45d58f741a2,/srv/fim-watch/critico/gen_00392.txt,2026-10-03 08:44:37.0841+00,2026-10-03 08:46:46.372471+00
de9a8eed-caee-47fb-b36c-53749ea23317,/srv/fim-watch/gen_00260.txt,2026-10-03 08:44:37.184513+00,2026-10-03 08:46:46.383568+00
163c2dc9-fbab-4891-b8e4-f158eeb6570c,/srv/fim-watch/gen_00293.txt,2026-10-03 08:44:37.284322+00,2026-10-03 08:46:46.392282+00
f1d0b24a-33ce-4039-a972-1da343a9e686,/srv/fim-watch/gen_00250.txt,2026-10-03 08:44:37.384678+00,2026-10-03 08:46:46.402481+00
296404c8-7362-4896-842d-013f1b4370d5,/srv/fim-watch/gen_00166.txt,2026-10-03 08:44:37.48452+00,2026-10-03 08:46:46.411564+00
7606da41-dfab-4b92-938a-7116ee90cb40,/srv/fim-watch/gen_00179.txt,2026-10-03 08:44:37.584284+00,2026-10-03 08:46:46.418345+00
5399cbee-8200-4fb1-9d13-2e2f77cdde9a,/srv/fim-watch/gen_00348.txt,2026-10-03 08:44:37.683666+00,2026-10-03 08:46:46.425701+00
90bb44b5-2673-43ba-a1fa-b8b665713018,/srv/fim-watch/gen_00232.txt,2026-10-03 08:44:37.784014+00,2026-10-03 08:46:46.436116+00
cdf55a93-0a21-4b46-a5de-2bdeabba242c,/srv/fim-watch/gen_00393.txt,2026-10-03 08:44:37.884625+00,2026-10-03 08:46:46.444693+00
6add387b-a3ac-432e-a17e-e949377c59af,/srv/fim-watch/gen_00320.txt,2026-10-03 08:44:37.984308+00,2026-10-03 08:46:46.452425+00
417f58de-1ceb-42df-88bd-d57110eef9db,/srv/fim-watch/critico/gen_00354.txt,2026-10-03 08:44:38.084725+00,2026-10-03 08:46:46.459885+00
b4958c32-84b5-4491-a6cf-99442f9ec26c,/srv/fim-watch/gen_00256.txt,2026-10-03 08:44:38.18356+00,2026-10-03 08:46:46.467164+00
92507f0a-ca3b-4911-94f4-b6a45dc58413,/srv/fim-watch/gen_00394.txt,2026-10-03 08:44:38.283199+00,2026-10-03 08:46:46.474192+00
618a10bb-e27b-4972-810d-b770a3ee8853,/srv/fim-watch/critico/gen_00379.txt,2026-10-03 08:44:38.384457+00,2026-10-03 08:46:46.481784+00
352b6473-3447-49ea-afbe-f35eeda52214,/srv/fim-watch/critico/gen_00379.txt,2026-10-03 08:44:38.484598+00,2026-10-03 08:46:46.489548+00
e05219b9-82c1-4841-acd1-fc31748f9e6d,/srv/fim-watch/critico/gen_00379.txt,2026-10-03 08:44:38.585071+00,2026-10-03 08:46:46.499488+00
1cec9b94-c807-4b66-8482-b6e4c2409397,/srv/fim-watch/critico/gen_00379.txt,2026-10-03 08:44:38.68403+00,2026-10-03 08:46:46.508935+00
9a3b7efd-dde2-40b2-893e-d298e2ff212c,/srv/fim-watch/critico/gen_00379.txt,2026-10-03 08:44:38.784677+00,2026-10-03 08:46:46.519001+00
a074ce38-6b68-4167-8718-515c5c9d255a,/srv/fim-watch/gen_00364.txt,2026-10-03 08:44:38.883947+00,2026-10-03 08:46:46.529192+00
6065557e-64d1-4b92-8213-0ac8215756a0,/srv/fim-watch/gen_00395.txt,2026-10-03 08:44:38.98409+00,2026-10-03 08:46:46.540802+00
c2bf38b5-245d-425f-9ff7-85491d86cc7b,/srv/fim-watch/gen_00096.txt,2026-10-03 08:44:39.084949+00,2026-10-03 08:46:46.554034+00
f42b399a-6795-4cf7-8294-5dcdd2250aaf,/srv/fim-watch/gen_00396.txt,2026-10-03 08:44:39.184459+00,2026-10-03 08:46:46.572526+00
bc36e471-f21f-42b7-9149-adc1a9c7bb34,/srv/fim-watch/critico/gen_00189.txt,2026-10-03 08:44:39.284659+00,2026-10-03 08:46:46.583839+00
9e726a68-09b7-4e9a-8ec8-319d6781c629,/srv/fim-watch/gen_00266.txt,2026-10-03 08:44:39.383821+00,2026-10-03 08:46:46.601429+00
b0064d0e-2e7e-4f88-8d49-b7ee9b033cab,/srv/fim-watch/gen_00171.txt,2026-10-03 08:44:39.48482+00,2026-10-03 08:46:46.612868+00
02d09ff7-1107-44e5-9c12-d030363a1f02,/srv/fim-watch/gen_00313.txt,2026-10-03 08:44:39.584526+00,2026-10-03 08:46:46.641501+00
ff311f25-61ef-4853-9638-734d0e91f544,/srv/fim-watch/gen_00316.txt,2026-10-03 08:44:39.683959+00,2026-10-03 08:46:46.659614+00
5fdcbd26-2486-4139-9813-e1016ff6cb9e,/srv/fim-watch/gen_00316.txt,2026-10-03 08:44:39.784535+00,2026-10-03 08:46:46.672762+00
905aad9d-7545-410e-a900-72251cb0950c,/srv/fim-watch/gen_00149.txt,2026-10-03 08:44:39.883904+00,2026-10-03 08:46:46.720613+00
0af483bf-e807-4883-9df4-3c64925fed96,/srv/fim-watch/gen_00397.txt,2026-10-03 08:44:39.984651+00,2026-10-03 08:46:46.74739+00
bb536155-c9a6-463c-9ab3-dc2d5f9cb564,/srv/fim-watch/critico/gen_00398.txt,2026-10-03 08:44:40.08436+00,2026-10-03 08:46:46.758443+00
c003f9a3-803f-4ca9-8745-2dcf139c60e1,/srv/fim-watch/critico/gen_00342.txt,2026-10-03 08:44:40.183981+00,2026-10-03 08:46:46.790163+00
04ea5ac1-4749-46b5-9e37-679c90a8360e,/srv/fim-watch/gen_00062.txt,2026-10-03 08:44:40.283968+00,2026-10-03 08:46:46.803239+00
573df8d0-19d2-44a5-b070-87f31cd66c34,/srv/fim-watch/critico/gen_00399.txt,2026-10-03 08:44:40.38295+00,2026-10-03 08:46:46.817775+00
8c74bb2f-31fa-4f03-b0ba-26df66dd3f56,/srv/fim-watch/critico/gen_00399.txt,2026-10-03 08:44:40.484498+00,2026-10-03 08:46:46.828806+00
3ce69906-a12d-4cd7-8369-842eab8a5db4,/srv/fim-watch/gen_00115.txt,2026-10-03 08:44:40.584504+00,2026-10-03 08:46:46.845231+00
05e5aced-c423-45e9-a2d5-4208979ead1a,/srv/fim-watch/gen_00171.txt,2026-10-03 08:44:40.683651+00,2026-10-03 08:46:46.856641+00
3841c80f-c959-44b6-a771-31c034be1169,/srv/fim-watch/gen_00136.txt,2026-10-03 08:44:40.78426+00,2026-10-03 08:46:46.867209+00
dd834d25-630e-45fc-927b-422f027c61b9,/srv/fim-watch/gen_00365.txt,2026-10-03 08:44:40.884583+00,2026-10-03 08:46:46.87729+00
f46ba0b1-37fa-4ad0-a7ae-f1aad1401ca0,/srv/fim-watch/gen_00241.txt,2026-10-03 08:44:40.984067+00,2026-10-03 08:46:46.889091+00
82b3c002-6fda-4535-8dc6-d3ba24af3853,/srv/fim-watch/gen_00400.txt,2026-10-03 08:44:41.084229+00,2026-10-03 08:46:46.899652+00
d20aa171-4126-4f92-a88d-6b255db335dc,/srv/fim-watch/gen_00401.txt,2026-10-03 08:44:41.184366+00,2026-10-03 08:46:46.913817+00
511a37d0-b286-4f0f-8662-8028a58c8eb7,/srv/fim-watch/gen_00402.txt,2026-10-03 08:44:41.284328+00,2026-10-03 08:46:46.924856+00
f5c5de5d-4af6-4811-879a-5385aeb19f5e,/srv/fim-watch/gen_00403.txt,2026-10-03 08:44:41.384343+00,2026-10-03 08:46:46.945682+00
80552c0f-012d-447c-b9b5-5f3e3b80255f,/srv/fim-watch/critico/gen_00361.txt,2026-10-03 08:44:41.48459+00,2026-10-03 08:46:46.955698+00
bd4429cf-16d8-43ab-aa62-390fb6627cd7,/srv/fim-watch/gen_00388.txt,2026-10-03 08:44:41.583681+00,2026-10-03 08:46:46.966475+00
da1c13de-35e6-4b5f-b0a8-3c990826399a,/srv/fim-watch/critico/gen_00184.txt,2026-10-03 08:44:41.683752+00,2026-10-03 08:46:46.979297+00
688bef83-1636-4428-ae42-ef2f6380dc3d,/srv/fim-watch/gen_00404.txt,2026-10-03 08:44:41.783702+00,2026-10-03 08:46:46.995816+00
b5fc1351-eed5-46fe-8a39-5c764a8886b6,/srv/fim-watch/gen_00405.txt,2026-10-03 08:44:41.884343+00,2026-10-03 08:46:47.014875+00
575759a0-79d1-4bdb-95fb-c9a1fcc3f682,/srv/fim-watch/critico/gen_00333.txt,2026-10-03 08:44:41.983851+00,2026-10-03 08:46:47.025284+00
e3ce18ea-e281-496f-af8e-3301ccae6af7,/srv/fim-watch/gen_00226.txt,2026-10-03 08:44:42.08438+00,2026-10-03 08:46:47.034399+00
a450aee3-0c19-4bbb-a308-d8ebe3c03979,/srv/fim-watch/gen_00174.txt,2026-10-03 08:44:42.184468+00,2026-10-03 08:46:47.04942+00
da3e71d1-397e-4b03-b2f1-5283445347d2,/srv/fim-watch/critico/gen_00332.txt,2026-10-03 08:44:42.284095+00,2026-10-03 08:46:47.061001+00
29b35842-1da7-485b-8011-471818605670,/srv/fim-watch/gen_00177.txt,2026-10-03 08:44:42.384083+00,2026-10-03 08:46:47.071504+00
753d08bc-e8d8-42f2-8c6b-20c1b1a1b0b0,/srv/fim-watch/critico/gen_00345.txt,2026-10-03 08:44:42.484266+00,2026-10-03 08:46:47.082454+00
4c20f004-12c5-4b32-9cf1-af6757e01f01,/srv/fim-watch/critico/gen_00345.txt,2026-10-03 08:44:42.584597+00,2026-10-03 08:46:47.093349+00
1ef724b5-3ddf-4b36-b881-00d4d07842e8,/srv/fim-watch/critico/gen_00353.txt,2026-10-03 08:44:42.684842+00,2026-10-03 08:46:47.103374+00
92c24dd1-593d-4b54-ac9b-e75c2627bc8b,/srv/fim-watch/critico/gen_00242.txt,2026-10-03 08:44:42.784335+00,2026-10-03 08:46:47.116894+00
046aae8a-59c1-43ec-a41a-b5269a43fc1f,/srv/fim-watch/gen_00259.txt,2026-10-03 08:44:42.884497+00,2026-10-03 08:46:47.127286+00
74840368-f957-4b45-9791-2766c99468d2,/srv/fim-watch/gen_00314.txt,2026-10-03 08:44:42.983685+00,2026-10-03 08:46:47.138702+00
d5ecb5c0-bef4-41d5-a5b0-0a60496490d7,/srv/fim-watch/gen_00275.txt,2026-10-03 08:44:43.084661+00,2026-10-03 08:46:47.148267+00
b9cab326-feb8-4488-9c7a-8fa0213ad987,/srv/fim-watch/gen_00115.txt,2026-10-03 08:44:43.184267+00,2026-10-03 08:46:47.15824+00
82504762-f525-4613-9d85-04bbf4799bc8,/srv/fim-watch/gen_00175.txt,2026-10-03 08:44:43.283931+00,2026-10-03 08:46:47.166286+00
22c6e574-aa57-4001-b6f9-d516fdd80164,/srv/fim-watch/critico/gen_00156.txt,2026-10-03 08:44:43.383921+00,2026-10-03 08:46:47.189776+00
b440f765-023e-46b7-8923-aa05f1a4e694,/srv/fim-watch/gen_00406.txt,2026-10-03 08:44:43.484322+00,2026-10-03 08:46:47.199408+00
e31ac7d9-d308-4d0c-bd44-b57fa6676419,/srv/fim-watch/gen_00136.txt,2026-10-03 08:44:43.584465+00,2026-10-03 08:46:47.21338+00
1db9e8b7-e7e5-41e7-843c-71e71a46323e,/srv/fim-watch/gen_00407.txt,2026-10-03 08:44:43.683931+00,2026-10-03 08:46:47.224482+00
7498391e-710c-4184-af30-e4dcfd2c0fae,/srv/fim-watch/gen_00199.txt,2026-10-03 08:44:43.784218+00,2026-10-03 08:46:47.234732+00
e80a39ce-84d6-4ebb-89a1-2d8b2a2fe969,/srv/fim-watch/critico/gen_00312.txt,2026-10-03 08:44:43.884143+00,2026-10-03 08:46:47.248181+00
23d1ea34-3564-4147-b0df-d23c78dc6e4a,/srv/fim-watch/gen_00316.txt,2026-10-03 08:44:43.984122+00,2026-10-03 08:46:47.259716+00
dc8bb416-5b6b-4189-866e-d49acdbc355d,/srv/fim-watch/critico/gen_00354.txt,2026-10-03 08:44:44.084466+00,2026-10-03 08:46:47.278668+00
10d00d1c-c2e4-4d18-84e3-d33703b712a0,/srv/fim-watch/critico/gen_00408.txt,2026-10-03 08:44:44.184602+00,2026-10-03 08:46:47.289154+00
376d6388-80ca-4b68-a8ff-68f769def189,/srv/fim-watch/critico/gen_00310.txt,2026-10-03 08:44:44.284141+00,2026-10-03 08:46:47.300233+00
e3360e9e-8bc6-455c-957c-0fa5a27095d7,/srv/fim-watch/gen_00271.txt,2026-10-03 08:44:44.384036+00,2026-10-03 08:46:47.310729+00
e9b0efd9-0910-4bbc-8064-80e66d32f626,/srv/fim-watch/gen_00193.txt,2026-10-03 08:44:44.48433+00,2026-10-03 08:46:47.320834+00
cabc6b41-6eb1-405b-9a83-0a300d0e32ac,/srv/fim-watch/gen_00036.txt,2026-10-03 08:44:44.584275+00,2026-10-03 08:46:47.329075+00
aeeb80c3-c065-4298-84ce-0b7662d7dec0,/srv/fim-watch/critico/gen_00251.txt,2026-10-03 08:44:44.684532+00,2026-10-03 08:46:47.344087+00
39f01e4f-ad18-484a-b544-6cc8ae67b062,/srv/fim-watch/gen_00238.txt,2026-10-03 08:44:44.783239+00,2026-10-03 08:46:47.352671+00
4df11a82-fb8a-4c51-8ee9-77ffff5bafd3,/srv/fim-watch/gen_00257.txt,2026-10-03 08:44:44.883814+00,2026-10-03 08:46:47.363008+00
078f8d36-0d7b-4b4b-aeaf-be367eaf2099,/srv/fim-watch/gen_00400.txt,2026-10-03 08:44:44.983684+00,2026-10-03 08:46:47.373889+00
b26f5a60-0179-4662-a403-83d77b670cf0,/srv/fim-watch/gen_00400.txt,2026-10-03 08:44:45.084039+00,2026-10-03 08:46:47.388849+00
1a26e55e-670d-4cda-b4f7-99962438b1c2,/srv/fim-watch/gen_00400.txt,2026-10-03 08:44:45.183417+00,2026-10-03 08:46:47.422602+00
fbfdad15-09e5-43e2-8917-1024ebdc98d0,/srv/fim-watch/gen_00400.txt,2026-10-03 08:44:45.284034+00,2026-10-03 08:46:47.433821+00
2e618bd6-5637-480d-accf-f29b371a168a,/srv/fim-watch/gen_00400.txt,2026-10-03 08:44:45.383988+00,2026-10-03 08:46:47.451903+00
8163ad46-d04f-4aba-a249-a289691f727d,/srv/fim-watch/critico/gen_00409.txt,2026-10-03 08:44:45.483917+00,2026-10-03 08:46:47.471502+00
1e62616a-7e55-4241-a915-172fe5976b22,/srv/fim-watch/gen_00142.txt,2026-10-03 08:44:45.583639+00,2026-10-03 08:46:47.486545+00
b63483e1-3ef3-48e2-8d40-8536b68e5d5e,/srv/fim-watch/gen_00142.txt,2026-10-03 08:44:45.684301+00,2026-10-03 08:46:47.507704+00
407a188a-b61b-4f1a-b2bf-9470a7935161,/srv/fim-watch/gen_00410.txt,2026-10-03 08:44:45.784018+00,2026-10-03 08:46:47.518619+00
dd2c32dd-9df3-41ab-ba85-5d39454a5bfd,/srv/fim-watch/gen_00269.txt,2026-10-03 08:44:45.883822+00,2026-10-03 08:46:47.53635+00
ac0391b9-bcbd-4e10-8155-c83362c8fb5c,/srv/fim-watch/gen_00269.txt,2026-10-03 08:44:45.983954+00,2026-10-03 08:46:47.553639+00
6bd1292f-e332-43b7-9060-c9d1b407c81d,/srv/fim-watch/gen_00269.txt,2026-10-03 08:44:46.084128+00,2026-10-03 08:46:47.57865+00
c65908f4-3af1-4b77-85d8-05e51bf5557a,/srv/fim-watch/gen_00269.txt,2026-10-03 08:44:46.1844+00,2026-10-03 08:46:47.588672+00
0e8f4536-3e89-47bc-8d1d-7de76ee16bfe,/srv/fim-watch/gen_00269.txt,2026-10-03 08:44:46.28418+00,2026-10-03 08:46:47.594875+00
f7351aab-20e3-4452-8632-f3f32e6bb281,/srv/fim-watch/gen_00411.txt,2026-10-03 08:44:46.383701+00,2026-10-03 08:46:47.601338+00
79e0a615-c9d6-4c40-99d4-7f7799f97c4a,/srv/fim-watch/gen_00412.txt,2026-10-03 08:44:46.484233+00,2026-10-03 08:46:47.608868+00
f62c63dd-4fc6-4919-8e3b-8bc527898295,/srv/fim-watch/gen_00340.txt,2026-10-03 08:44:46.584097+00,2026-10-03 08:46:47.615007+00
7b95bd54-c145-4d98-9670-8eb21c6ec966,/srv/fim-watch/gen_00231.txt,2026-10-03 08:44:46.683611+00,2026-10-03 08:46:47.621454+00
c3a3cb60-d8d6-4068-869d-6fb04867dfad,/srv/fim-watch/critico/gen_00413.txt,2026-10-03 08:44:46.783885+00,2026-10-03 08:46:47.62676+00
c268f304-a815-428f-a40d-5a0e7ea82e23,/srv/fim-watch/critico/gen_00347.txt,2026-10-03 08:44:46.884037+00,2026-10-03 08:46:47.634899+00
34debce2-79c1-4bc7-9f5a-5d6fe490c010,/srv/fim-watch/gen_00203.txt,2026-10-03 08:44:46.983816+00,2026-10-03 08:46:47.641513+00
ef55aa06-f4cb-4900-b670-dafa1c04f88a,/srv/fim-watch/gen_00203.txt,2026-10-03 08:44:47.084012+00,2026-10-03 08:46:47.647251+00
2eaf2380-27b9-42a6-8ded-58f1d0830382,/srv/fim-watch/critico/gen_00414.txt,2026-10-03 08:44:47.184088+00,2026-10-03 08:46:47.65323+00
e8e9a285-04d1-41e1-b6ce-77e971ff68b3,/srv/fim-watch/gen_00235.txt,2026-10-03 08:44:47.283967+00,2026-10-03 08:46:47.66721+00
a33a5f16-ed4c-44e8-9ab3-2414b123bd8a,/srv/fim-watch/gen_00268.txt,2026-10-03 08:44:47.384341+00,2026-10-03 08:46:47.684635+00
21c706ee-766f-415e-9fe5-d085f23e5b42,/srv/fim-watch/critico/gen_00415.txt,2026-10-03 08:44:47.483959+00,2026-10-03 08:46:47.694829+00
872483e5-d074-453b-8414-952fe104e026,/srv/fim-watch/critico/gen_00272.txt,2026-10-03 08:44:47.584315+00,2026-10-03 08:46:47.704138+00
4573634d-8212-42b8-8f6b-62165be54106,/srv/fim-watch/gen_00416.txt,2026-10-03 08:44:47.683825+00,2026-10-03 08:46:47.711357+00
3160e29b-fb37-4587-ab39-15268670cb2e,/srv/fim-watch/critico/gen_00409.txt,2026-10-03 08:44:47.783975+00,2026-10-03 08:46:47.718951+00
80776b11-58ee-4c34-a430-11040a026569,/srv/fim-watch/gen_00417.txt,2026-10-03 08:44:47.884169+00,2026-10-03 08:46:47.727869+00
8ba57428-6341-454d-9311-1152a4b53586,/srv/fim-watch/gen_00418.txt,2026-10-03 08:44:47.984236+00,2026-10-03 08:46:47.736776+00
24a749c5-8266-4916-b702-cb62eb4d376b,/srv/fim-watch/gen_00265.txt,2026-10-03 08:44:48.084395+00,2026-10-03 08:46:47.743004+00
37972213-c12c-4937-8517-aec6e57fe4fc,/srv/fim-watch/gen_00265.txt,2026-10-03 08:44:48.184275+00,2026-10-03 08:46:47.751764+00
71ebbd03-6dea-494b-a99c-9b62c104946b,/srv/fim-watch/gen_00265.txt,2026-10-03 08:44:48.283806+00,2026-10-03 08:46:47.762296+00
877a4413-caa1-4f36-8da8-9cf21a481562,/srv/fim-watch/gen_00265.txt,2026-10-03 08:44:48.38329+00,2026-10-03 08:46:47.771509+00
5fb5531a-a2a5-484b-b77e-88d91ff3d67f,/srv/fim-watch/gen_00265.txt,2026-10-03 08:44:48.484333+00,2026-10-03 08:46:47.789161+00
833e52c0-388e-45f9-a215-6b662ff3dd94,/srv/fim-watch/gen_00419.txt,2026-10-03 08:44:48.58423+00,2026-10-03 08:46:47.800183+00
fe7760af-9ab6-4d17-92f5-1483bd0805de,/srv/fim-watch/gen_00349.txt,2026-10-03 08:44:48.684172+00,2026-10-03 08:46:47.814737+00
216520cf-8675-4c80-8a7d-70e27ba3222f,/srv/fim-watch/gen_00349.txt,2026-10-03 08:44:48.784229+00,2026-10-03 08:46:47.825685+00
60d9e1da-ecb5-4b98-83b6-edf880d16707,/srv/fim-watch/gen_00295.txt,2026-10-03 08:44:48.883971+00,2026-10-03 08:46:47.843182+00
6e5e1076-7a51-405a-9a4c-43c44da45b0e,/srv/fim-watch/gen_00352.txt,2026-10-03 08:44:48.983945+00,2026-10-03 08:46:47.85849+00
fb85b3c8-e8df-458e-a592-1b976353e788,/srv/fim-watch/critico/gen_00173.txt,2026-10-03 08:44:49.08397+00,2026-10-03 08:46:47.880949+00
913e292b-379d-4ce6-b31e-cd98c2de0ee9,/srv/fim-watch/critico/gen_00173.txt,2026-10-03 08:44:49.184184+00,2026-10-03 08:46:47.905494+00
c10d9b0f-1a1b-45b3-a8ee-bbc0d07030c5,/srv/fim-watch/gen_00420.txt,2026-10-03 08:44:49.284192+00,2026-10-03 08:46:47.931321+00
c2b368bb-2817-485f-9829-adeee54745eb,/srv/fim-watch/gen_00420.txt,2026-10-03 08:44:49.383937+00,2026-10-03 08:46:47.942548+00
794ff251-8cc6-4f79-ac96-64fe21097057,/srv/fim-watch/gen_00365.txt,2026-10-03 08:44:49.483991+00,2026-10-03 08:46:47.968064+00
995ac915-0d39-4308-9463-4030e668a53b,/srv/fim-watch/gen_00421.txt,2026-10-03 08:44:49.584163+00,2026-10-03 08:46:47.985285+00
00cc839b-79ef-4996-beb8-6407777a8a10,/srv/fim-watch/gen_00422.txt,2026-10-03 08:44:49.684021+00,2026-10-03 08:46:48.014194+00
9c259af7-ca6e-4f41-b1a3-d8f5751c8b24,/srv/fim-watch/gen_00136.txt,2026-10-03 08:44:49.784209+00,2026-10-03 08:46:48.04925+00
4528ea08-fb69-4e2f-b268-e8f9db2db5f9,/srv/fim-watch/gen_00423.txt,2026-10-03 08:44:49.884032+00,2026-10-03 08:46:48.062319+00
a636c071-e1c0-441c-bc81-050ef390773d,/srv/fim-watch/gen_00402.txt,2026-10-03 08:44:49.98387+00,2026-10-03 08:46:48.077556+00
8a1a9466-d533-4289-98a4-9b288179667b,/srv/fim-watch/gen_00402.txt,2026-10-03 08:44:50.083999+00,2026-10-03 08:46:48.087603+00
00391eb9-c825-4f9c-beaf-9100e8cb3faf,/srv/fim-watch/gen_00402.txt,2026-10-03 08:44:50.184319+00,2026-10-03 08:46:48.100913+00
da61690c-cf33-4752-9838-dc36d3f605f8,/srv/fim-watch/gen_00402.txt,2026-10-03 08:44:50.283761+00,2026-10-03 08:46:48.111463+00
56a60061-e753-4d4f-9b93-0c500f2ac2b5,/srv/fim-watch/gen_00402.txt,2026-10-03 08:44:50.384318+00,2026-10-03 08:46:48.122527+00
838ecf29-cb8a-49eb-90c6-5de846dd1948,/srv/fim-watch/gen_00424.txt,2026-10-03 08:44:50.483245+00,2026-10-03 08:46:48.140305+00
75531acb-7307-4065-a577-52faf63ad296,/srv/fim-watch/critico/gen_00312.txt,2026-10-03 08:44:50.583813+00,2026-10-03 08:46:48.149197+00
8fba8125-f345-41b4-98d3-803f1310a59a,/srv/fim-watch/gen_00020.txt,2026-10-03 08:44:50.684225+00,2026-10-03 08:46:48.160912+00
7b27569c-7eee-4480-a9b2-b8f101687847,/srv/fim-watch/gen_00125.txt,2026-10-03 08:44:50.784609+00,2026-10-03 08:46:48.172599+00
3ed1b9f8-cc8c-4513-84b1-6b8b7ff2fc79,/srv/fim-watch/gen_00352.txt,2026-10-03 08:44:50.883691+00,2026-10-03 08:46:48.208692+00
f5302e87-92d9-457a-9b74-394ac6508b19,/srv/fim-watch/gen_00352.txt,2026-10-03 08:44:50.983958+00,2026-10-03 08:46:48.230101+00
914d2544-684d-49f9-aae5-6dcc4d132870,/srv/fim-watch/gen_00187.txt,2026-10-03 08:44:51.084516+00,2026-10-03 08:46:48.240305+00
8494c741-0d36-4b91-8333-c91773c67515,/srv/fim-watch/critico/gen_00173.txt,2026-10-03 08:44:51.184183+00,2026-10-03 08:46:48.258861+00
84858cf5-1e8f-4b5d-8441-d501ca9212ac,/srv/fim-watch/gen_00129.txt,2026-10-03 08:44:51.284307+00,2026-10-03 08:46:48.274249+00
c8a695d4-bc0d-4fe2-91a5-1c047c9249e0,/srv/fim-watch/gen_00241.txt,2026-10-03 08:44:51.384179+00,2026-10-03 08:46:48.286947+00
c104426b-94a3-411f-a5fe-9f5429c1f788,/srv/fim-watch/gen_00425.txt,2026-10-03 08:44:51.48396+00,2026-10-03 08:46:48.29995+00
9f80f28a-7904-4b7e-9b9d-ec886e6a07e0,/srv/fim-watch/gen_00426.txt,2026-10-03 08:44:51.584357+00,2026-10-03 08:46:48.311859+00
66193ea6-29a2-4fc2-9331-7c9484e48cb0,/srv/fim-watch/gen_00427.txt,2026-10-03 08:44:51.684417+00,2026-10-03 08:46:48.329206+00
51199dc5-a049-4955-b539-65ad3949877c,/srv/fim-watch/gen_00356.txt,2026-10-03 08:44:51.78372+00,2026-10-03 08:46:48.349709+00
0043c052-066d-4a11-83e4-d51427b2f57c,/srv/fim-watch/gen_00188.txt,2026-10-03 08:44:51.884216+00,2026-10-03 08:46:48.365269+00
1c6835ac-a359-42fb-8481-b50ef211f602,/srv/fim-watch/gen_00188.txt,2026-10-03 08:44:51.984175+00,2026-10-03 08:46:48.385392+00
9ca28e64-7eb8-43cb-aa0c-78792bc830fd,/srv/fim-watch/gen_00188.txt,2026-10-03 08:44:52.084053+00,2026-10-03 08:46:48.39738+00
129b575d-a7c0-458b-8629-ae50733e7937,/srv/fim-watch/gen_00188.txt,2026-10-03 08:44:52.184246+00,2026-10-03 08:46:48.410878+00
6c6a958c-e5fc-481d-8ba0-5c2b5c6ab31c,/srv/fim-watch/gen_00188.txt,2026-10-03 08:44:52.284337+00,2026-10-03 08:46:48.42536+00
52e6798f-efcc-49d1-b757-d6c1ecd914df,/srv/fim-watch/critico/gen_00332.txt,2026-10-03 08:44:52.384127+00,2026-10-03 08:46:48.441709+00
3be9d764-4671-414b-99a1-c4813b312e38,/srv/fim-watch/gen_00331.txt,2026-10-03 08:44:52.483689+00,2026-10-03 08:46:48.450395+00
4244ae7b-8ff9-47d9-9882-1d0bc0eb3d48,/srv/fim-watch/gen_00331.txt,2026-10-03 08:44:52.584188+00,2026-10-03 08:46:48.457309+00
c9b100cd-6c2a-4668-b0cc-afe90b1e3b8d,/srv/fim-watch/critico/gen_00428.txt,2026-10-03 08:44:52.683926+00,2026-10-03 08:46:48.464696+00
1409b2d6-e7b3-4888-a88d-7be0051b10ed,/srv/fim-watch/gen_00429.txt,2026-10-03 08:44:52.78389+00,2026-10-03 08:46:48.475137+00
11e0541f-e4b4-442a-89d3-16efaac3f593,/srv/fim-watch/gen_00309.txt,2026-10-03 08:44:52.88398+00,2026-10-03 08:46:48.48427+00
622117c2-3159-4f7c-978d-6f4b2254c2e5,/srv/fim-watch/gen_00309.txt,2026-10-03 08:44:52.983615+00,2026-10-03 08:46:48.502862+00
0a385ea0-bbe2-43cc-a687-eb2fa7a371f3,/srv/fim-watch/gen_00430.txt,2026-10-03 08:44:53.084544+00,2026-10-03 08:46:48.515971+00
426f2dfc-1102-4ae7-a78f-37af7f369cb3,/srv/fim-watch/critico/gen_00262.txt,2026-10-03 08:44:53.183783+00,2026-10-03 08:46:48.529306+00
38bc8517-6650-474a-a860-cfc4c19ee0c0,/srv/fim-watch/gen_00196.txt,2026-10-03 08:44:53.283806+00,2026-10-03 08:46:48.539475+00
037f61c0-e568-4736-891d-c2868d7b5908,/srv/fim-watch/gen_00196.txt,2026-10-03 08:44:53.383364+00,2026-10-03 08:46:48.562394+00
efecd899-0f56-4cff-9b2c-248424ee870c,/srv/fim-watch/gen_00196.txt,2026-10-03 08:44:53.483212+00,2026-10-03 08:46:48.573902+00
27b1a261-be79-450d-992a-dfb253d08734,/srv/fim-watch/gen_00196.txt,2026-10-03 08:44:53.584137+00,2026-10-03 08:46:48.58717+00
5c5f37ba-6b97-4ea0-9be4-a4f78038756e,/srv/fim-watch/gen_00196.txt,2026-10-03 08:44:53.684023+00,2026-10-03 08:46:48.595568+00
d5615f03-ce7c-4b66-9cb7-ba8c54584bb5,/srv/fim-watch/gen_00274.txt,2026-10-03 08:44:53.783829+00,2026-10-03 08:46:48.604327+00
a6720be5-0a53-4e36-80d0-702e66d4b9bd,/srv/fim-watch/gen_00395.txt,2026-10-03 08:44:53.884298+00,2026-10-03 08:46:48.611795+00
98a25be6-9d18-437b-9f3d-45f3e13e45a4,/srv/fim-watch/gen_00306.txt,2026-10-03 08:44:53.985805+00,2026-10-03 08:46:48.619987+00
87bad462-1255-4622-bfb4-41e5be97eba4,/srv/fim-watch/gen_00139.txt,2026-10-03 08:44:54.084537+00,2026-10-03 08:46:48.632296+00
7d9a8de7-e4de-4dc8-bfa7-b164f121f5f6,/srv/fim-watch/gen_00431.txt,2026-10-03 08:44:54.183997+00,2026-10-03 08:46:48.651804+00
9f9b27c8-c9d1-4c2c-963e-f12604e03a5f,/srv/fim-watch/gen_00193.txt,2026-10-03 08:44:54.284415+00,2026-10-03 08:46:48.660624+00
ba2c3e90-db32-4d55-b04b-a17406e38659,/srv/fim-watch/critico/gen_00432.txt,2026-10-03 08:44:54.383901+00,2026-10-03 08:46:48.667894+00
328e734b-1406-40c8-9a64-3a0c7d754e9c,/srv/fim-watch/critico/gen_00432.txt,2026-10-03 08:44:54.483971+00,2026-10-03 08:46:48.675423+00
9cfb30cc-f685-4182-bfaf-e48d067cda86,/srv/fim-watch/gen_00275.txt,2026-10-03 08:44:54.584923+00,2026-10-03 08:46:48.705103+00
cd371748-897f-4ef5-b745-8497c5d09352,/srv/fim-watch/gen_00433.txt,2026-10-03 08:44:54.684475+00,2026-10-03 08:46:48.719559+00
7c73e81c-0cfa-429b-96b8-770288fa1930,/srv/fim-watch/gen_00125.txt,2026-10-03 08:44:54.783486+00,2026-10-03 08:46:48.744136+00
13128bf2-ff81-494e-ba77-87801b7cdf4b,/srv/fim-watch/gen_00285.txt,2026-10-03 08:44:54.884392+00,2026-10-03 08:46:48.759331+00
1cc90290-60f2-4d50-8e13-431f4e040d16,/srv/fim-watch/gen_00434.txt,2026-10-03 08:44:54.983844+00,2026-10-03 08:46:48.777773+00
46f1ecc5-7946-4cc3-bab6-6eb16d81c988,/srv/fim-watch/gen_00320.txt,2026-10-03 08:44:55.084679+00,2026-10-03 08:46:48.786689+00
38a457d5-a40a-4ba3-8928-22728fc8d531,/srv/fim-watch/gen_00435.txt,2026-10-03 08:44:55.183561+00,2026-10-03 08:46:48.808799+00
3aece0f5-f90f-44e5-a6c3-99b032c1d740,/srv/fim-watch/gen_00436.txt,2026-10-03 08:44:55.283512+00,2026-10-03 08:46:48.825685+00
b49c7a15-e04c-46b5-9712-6ab965c1a895,/srv/fim-watch/critico/gen_00437.txt,2026-10-03 08:44:55.38437+00,2026-10-03 08:46:48.836854+00
895a5b67-2790-420d-8527-dde0fd8baed1,/srv/fim-watch/gen_00263.txt,2026-10-03 08:44:55.484313+00,2026-10-03 08:46:48.853458+00
7fabbac0-5225-4a4c-b691-8f6f87e0891e,/srv/fim-watch/gen_00401.txt,2026-10-03 08:44:55.583925+00,2026-10-03 08:46:48.863778+00
4f8acb61-5b82-45b2-b96c-d840fe4a5e19,/srv/fim-watch/critico/gen_00438.txt,2026-10-03 08:44:55.68447+00,2026-10-03 08:46:48.871978+00
99c22fc4-e307-4964-afae-4e2241f6bb38,/srv/fim-watch/gen_00359.txt,2026-10-03 08:44:55.783825+00,2026-10-03 08:46:48.879434+00
fc9694be-691b-477f-9092-3e41fc464f11,/srv/fim-watch/gen_00439.txt,2026-10-03 08:44:55.884258+00,2026-10-03 08:46:48.888668+00
b7176af3-7fd7-4aec-a1d8-9890db49e8a6,/srv/fim-watch/gen_00403.txt,2026-10-03 08:44:55.984077+00,2026-10-03 08:46:48.896972+00
8d627e70-3944-41f5-a092-9401fce492b9,/srv/fim-watch/gen_00403.txt,2026-10-03 08:44:56.084454+00,2026-10-03 08:46:48.908148+00
747403e9-2f04-4a7b-8c8d-f84b78e690ad,/srv/fim-watch/gen_00418.txt,2026-10-03 08:44:56.184553+00,2026-10-03 08:46:48.915903+00
f483dda5-8248-4a2a-9a88-89003c124801,/srv/fim-watch/critico/gen_00209.txt,2026-10-03 08:44:56.284301+00,2026-10-03 08:46:48.92237+00
85d093de-d5dc-4456-ab91-3c698eebfc74,/srv/fim-watch/critico/gen_00336.txt,2026-10-03 08:44:56.384349+00,2026-10-03 08:46:48.930152+00
b855e195-e1e0-4063-ab9f-35be8104a982,/srv/fim-watch/gen_00282.txt,2026-10-03 08:44:56.484502+00,2026-10-03 08:46:48.9374+00
546df3fc-ba4a-4062-9f9f-06db78454400,/srv/fim-watch/gen_00282.txt,2026-10-03 08:44:56.584476+00,2026-10-03 08:46:48.944945+00
3dd285b1-7638-458b-bcd0-a95b4a7f6fe4,/srv/fim-watch/gen_00139.txt,2026-10-03 08:44:56.684471+00,2026-10-03 08:46:48.953688+00
015ed183-44cb-4662-a5ad-7cc40149e979,/srv/fim-watch/gen_00226.txt,2026-10-03 08:44:56.783277+00,2026-10-03 08:46:48.96116+00
baa62e04-8b02-459d-905e-de0818a5e07e,/srv/fim-watch/gen_00366.txt,2026-10-03 08:44:56.8838+00,2026-10-03 08:46:48.969298+00
97e81b62-0c9b-45d2-b287-cc98390fafff,/srv/fim-watch/critico/gen_00156.txt,2026-10-03 08:44:56.984131+00,2026-10-03 08:46:48.976975+00
48ef1bb9-7c60-4b60-9b79-3825399295f1,/srv/fim-watch/gen_00411.txt,2026-10-03 08:44:57.084027+00,2026-10-03 08:46:48.984492+00
24202a91-9cbb-42a8-999e-0d912ebd22fc,/srv/fim-watch/gen_00036.txt,2026-10-03 08:44:57.184516+00,2026-10-03 08:46:48.993297+00
08fe5dde-8f89-4ac5-946c-adef3b17ef1f,/srv/fim-watch/gen_00389.txt,2026-10-03 08:44:57.283806+00,2026-10-03 08:46:49.000153+00
33709f07-76ad-4e0e-95e6-957becd88482,/srv/fim-watch/gen_00149.txt,2026-10-03 08:44:57.383893+00,2026-10-03 08:46:49.007289+00
75abbc80-006a-4062-a33e-3b0bed4fb69a,/srv/fim-watch/gen_00440.txt,2026-10-03 08:44:57.484264+00,2026-10-03 08:46:49.014968+00
56389a33-fdb3-49ab-8da9-bf2590ec9e32,/srv/fim-watch/gen_00329.txt,2026-10-03 08:44:57.584262+00,2026-10-03 08:46:49.022788+00
c5ca438e-413a-4a94-8b33-57e789d3a395,/srv/fim-watch/gen_00384.txt,2026-10-03 08:44:57.684373+00,2026-10-03 08:46:49.030998+00
2a46a869-f5c6-4355-b25e-3f52979b7c7d,/srv/fim-watch/gen_00384.txt,2026-10-03 08:44:57.783941+00,2026-10-03 08:46:49.038714+00
c155f424-ef3f-4f46-9830-8d2ba7815a9e,/srv/fim-watch/gen_00384.txt,2026-10-03 08:44:57.884237+00,2026-10-03 08:46:49.047437+00
7dd8f585-6277-444b-8494-a162321f48b5,/srv/fim-watch/gen_00384.txt,2026-10-03 08:44:57.983931+00,2026-10-03 08:46:49.067983+00
0da5f466-6fa7-4f7d-843c-de4f3dd537a3,/srv/fim-watch/gen_00384.txt,2026-10-03 08:44:58.084607+00,2026-10-03 08:46:49.076643+00
11a13863-68ba-47c7-a1ca-4345ca69e457,/srv/fim-watch/gen_00441.txt,2026-10-03 08:44:58.184221+00,2026-10-03 08:46:49.084308+00
9c7c2c67-570b-407f-9e33-d164a6ad2cd8,/srv/fim-watch/gen_00442.txt,2026-10-03 08:44:58.284029+00,2026-10-03 08:46:49.091105+00
900b108b-0c2e-49e4-89cf-2be8848b515e,/srv/fim-watch/gen_00230.txt,2026-10-03 08:44:58.383855+00,2026-10-03 08:46:49.101852+00
fb4618f8-e567-4822-8758-74f0a3ab9c03,/srv/fim-watch/critico/gen_00369.txt,2026-10-03 08:44:58.483911+00,2026-10-03 08:46:49.12274+00
79095e5f-725d-42a3-a01c-2536c3db7835,/srv/fim-watch/gen_00204.txt,2026-10-03 08:44:58.584369+00,2026-10-03 08:46:49.141169+00
59d8fbad-9ce9-4120-8f3f-ac31c228b7c9,/srv/fim-watch/critico/gen_00123.txt,2026-10-03 08:44:58.68445+00,2026-10-03 08:46:49.160016+00
830d14aa-0006-446c-a2f0-29fc4ccd259d,/srv/fim-watch/gen_00265.txt,2026-10-03 08:44:58.784046+00,2026-10-03 08:46:49.170354+00
ad9b275f-7297-4b92-8eb9-1168cb5aed10,/srv/fim-watch/gen_00050.txt,2026-10-03 08:44:58.884147+00,2026-10-03 08:46:49.182982+00
8b3ee8f3-1e89-49fa-97e9-420078851d69,/srv/fim-watch/gen_00443.txt,2026-10-03 08:44:58.98373+00,2026-10-03 08:46:49.195509+00
3ccb8479-d980-49c2-a54f-d5ac4ac60479,/srv/fim-watch/gen_00195.txt,2026-10-03 08:44:59.084509+00,2026-10-03 08:46:49.212694+00
9b94ee06-4c94-4041-ae62-fc221bae8108,/srv/fim-watch/gen_00405.txt,2026-10-03 08:44:59.184077+00,2026-10-03 08:46:49.225042+00
b3ee8899-544e-436e-9886-3c74b0aeccff,/srv/fim-watch/critico/gen_00322.txt,2026-10-03 08:44:59.283453+00,2026-10-03 08:46:49.247307+00
4a30a14f-2fe8-47fc-85fc-e63474ce0097,/srv/fim-watch/critico/gen_00322.txt,2026-10-03 08:44:59.384444+00,2026-10-03 08:46:49.260351+00
2f2b1879-8f9b-46b0-99a9-a7fe43ddbcf1,/srv/fim-watch/gen_00313.txt,2026-10-03 08:44:59.484414+00,2026-10-03 08:46:49.272764+00
fe4bb7be-6c4d-4164-8d62-8cb75a499be5,/srv/fim-watch/gen_00427.txt,2026-10-03 08:44:59.584279+00,2026-10-03 08:46:49.284436+00
d057c577-55da-44d1-9f98-cc9f443bbea5,/srv/fim-watch/critico/gen_00444.txt,2026-10-03 08:44:59.684575+00,2026-10-03 08:46:49.30464+00
866cf930-8f86-418f-9810-232e00c1d15e,/srv/fim-watch/gen_00219.txt,2026-10-03 08:44:59.784562+00,2026-10-03 08:46:49.33078+00
b30f013f-0eb8-46ca-9e11-a07cc9ccc682,/srv/fim-watch/gen_00213.txt,2026-10-03 08:44:59.884265+00,2026-10-03 08:46:49.342888+00
c6b895ca-dd32-4576-b5e6-5cb162b78f4d,/srv/fim-watch/gen_00297.txt,2026-10-03 08:44:59.983984+00,2026-10-03 08:46:49.357217+00
3275b56a-40a7-4358-a97d-c25c7ed766ef,/srv/fim-watch/gen_00020.txt,2026-10-03 08:45:00.084235+00,2026-10-03 08:46:49.368045+00
2d615f1d-fd9c-4643-9fc6-a149375eb620,/srv/fim-watch/gen_00445.txt,2026-10-03 08:45:00.183915+00,2026-10-03 08:46:49.384288+00
879c493f-9879-49d2-85f2-88b8fa8a8c42,/srv/fim-watch/gen_00152.txt,2026-10-03 08:45:00.283697+00,2026-10-03 08:46:49.398481+00
ca2fd4b8-40bb-4d07-9a6e-072aefad2d77,/srv/fim-watch/gen_00407.txt,2026-10-03 08:45:00.384156+00,2026-10-03 08:46:49.407973+00
cd5467c7-dc9f-4a30-b470-a4c21e5c7d97,/srv/fim-watch/gen_00446.txt,2026-10-03 08:45:00.484573+00,2026-10-03 08:46:49.421967+00
f99009b4-fcb1-4de3-bad6-b110ecedc8a7,/srv/fim-watch/gen_00355.txt,2026-10-03 08:45:00.583597+00,2026-10-03 08:46:49.430801+00
33860dfd-12fc-4e52-98e3-a3586f4693eb,/srv/fim-watch/gen_00319.txt,2026-10-03 08:45:00.683857+00,2026-10-03 08:46:49.438973+00
bbca2c9b-112d-4851-9ea6-365f75ab74cb,/srv/fim-watch/gen_00285.txt,2026-10-03 08:45:00.784353+00,2026-10-03 08:46:49.452226+00
7f767661-0621-4538-8e5d-81e563951711,/srv/fim-watch/gen_00193.txt,2026-10-03 08:45:00.88469+00,2026-10-03 08:46:49.461664+00
d590cef7-074e-462a-8298-824757b221dc,/srv/fim-watch/critico/gen_00371.txt,2026-10-03 08:45:00.983697+00,2026-10-03 08:46:49.475339+00
292fe03c-7153-46d4-9d57-373295936cda,/srv/fim-watch/critico/gen_00242.txt,2026-10-03 08:45:01.084581+00,2026-10-03 08:46:49.483841+00
202cc7a4-c24f-45a2-82f4-189edf474ecc,/srv/fim-watch/critico/gen_00242.txt,2026-10-03 08:45:01.183804+00,2026-10-03 08:46:49.491288+00
759e2ecb-c8ad-414e-84d4-4956f541a8a1,/srv/fim-watch/gen_00166.txt,2026-10-03 08:45:01.285663+00,2026-10-03 08:46:49.498447+00
30188f98-fe51-45d7-8a0b-a92899cb7745,/srv/fim-watch/gen_00412.txt,2026-10-03 08:45:01.383591+00,2026-10-03 08:46:49.506851+00
0657ecae-9420-4fbe-a60d-e9be3ff13578,/srv/fim-watch/gen_00105.txt,2026-10-03 08:45:01.483914+00,2026-10-03 08:46:49.514644+00
53e95bdc-206e-4bc7-bc5b-4e9295c24ae7,/srv/fim-watch/gen_00418.txt,2026-10-03 08:45:01.584101+00,2026-10-03 08:46:49.526726+00
0ea71f6f-79a5-4676-8c5f-e7f692e9e4f0,/srv/fim-watch/gen_00418.txt,2026-10-03 08:45:01.68396+00,2026-10-03 08:46:49.540588+00
d902c10d-c32e-4225-8f7d-edb5dfcc92d0,/srv/fim-watch/gen_00418.txt,2026-10-03 08:45:01.784226+00,2026-10-03 08:46:49.558971+00
d878931b-f20a-4b09-8f99-51c7841a16c1,/srv/fim-watch/gen_00418.txt,2026-10-03 08:45:01.884033+00,2026-10-03 08:46:49.592703+00
496947ca-bb95-4d06-8fce-4637998fa18e,/srv/fim-watch/gen_00418.txt,2026-10-03 08:45:01.98431+00,2026-10-03 08:46:49.613461+00
fa6ff581-8836-478b-8f78-8974f6099de9,/srv/fim-watch/gen_00375.txt,2026-10-03 08:45:02.084383+00,2026-10-03 08:46:49.624026+00
3493b629-491c-4796-aee5-9f60ba3a1940,/srv/fim-watch/gen_00234.txt,2026-10-03 08:45:02.184339+00,2026-10-03 08:46:49.641026+00
b478c8d0-19da-42a7-a033-4c88ac82aa73,/srv/fim-watch/gen_00298.txt,2026-10-03 08:45:02.283828+00,2026-10-03 08:46:49.65503+00
9b33b201-93cb-49d9-8f26-395c0ddd22b7,/srv/fim-watch/gen_00298.txt,2026-10-03 08:45:02.384173+00,2026-10-03 08:46:49.667485+00
d3540e7f-8cab-41fe-ba11-23d549e147e3,/srv/fim-watch/gen_00422.txt,2026-10-03 08:45:02.484349+00,2026-10-03 08:46:49.682768+00
a2b53dde-7221-4f2d-8b85-1b1945f655c9,/srv/fim-watch/gen_00447.txt,2026-10-03 08:45:02.584155+00,2026-10-03 08:46:49.691911+00
91cde569-7641-4277-9714-8b311ec0be0c,/srv/fim-watch/gen_00447.txt,2026-10-03 08:45:02.684648+00,2026-10-03 08:46:49.70132+00
7d952c1f-32f6-42b3-89ff-e8504a7304a0,/srv/fim-watch/gen_00367.txt,2026-10-03 08:45:02.784485+00,2026-10-03 08:46:49.712549+00
fb2b827b-9f2d-4f5b-836c-3cb2ab4cf3ec,/srv/fim-watch/gen_00423.txt,2026-10-03 08:45:02.884244+00,2026-10-03 08:46:49.727874+00
bedb37eb-0e17-417a-83fb-cb0a89d0c0fd,/srv/fim-watch/gen_00346.txt,2026-10-03 08:45:02.98448+00,2026-10-03 08:46:49.744261+00
7bcfec8b-c0c1-42e2-a96c-7f2a733887f3,/srv/fim-watch/gen_00346.txt,2026-10-03 08:45:03.084625+00,2026-10-03 08:46:49.754492+00
34554db4-9cea-4795-b278-a3b0a8b09abf,/srv/fim-watch/critico/gen_00312.txt,2026-10-03 08:45:03.184902+00,2026-10-03 08:46:49.763748+00
cffea09f-0e5f-4510-8a82-69525c5b2523,/srv/fim-watch/critico/gen_00061.txt,2026-10-03 08:45:03.284537+00,2026-10-03 08:46:49.776154+00
a636d928-f4ad-4a73-87d6-84dbb12f0d87,/srv/fim-watch/gen_00448.txt,2026-10-03 08:45:03.383373+00,2026-10-03 08:46:49.796874+00
84e642c1-fa73-4443-a70a-7ce750349eca,/srv/fim-watch/gen_00449.txt,2026-10-03 08:45:03.483471+00,2026-10-03 08:46:49.806374+00
61460215-ce24-4ca4-9f13-e9dee98247d7,/srv/fim-watch/gen_00179.txt,2026-10-03 08:45:03.583933+00,2026-10-03 08:46:49.817706+00
226c46f9-ebbd-4c0a-86e7-22f08b72590e,/srv/fim-watch/gen_00254.txt,2026-10-03 08:45:03.684894+00,2026-10-03 08:46:49.827105+00
49921cfb-7027-44fb-9154-9d6b736a48ba,/srv/fim-watch/gen_00254.txt,2026-10-03 08:45:03.784143+00,2026-10-03 08:46:49.837315+00
63252cd2-b4c8-4f83-8834-e3dce5860b0b,/srv/fim-watch/gen_00443.txt,2026-10-03 08:45:03.884223+00,2026-10-03 08:46:49.848974+00
58a0215f-8291-4fce-a8f4-4cdb5528add7,/srv/fim-watch/gen_00383.txt,2026-10-03 08:45:03.983893+00,2026-10-03 08:46:49.862528+00
d831b6e4-f154-4f85-8811-aa7cc7bc9118,/srv/fim-watch/critico/gen_00351.txt,2026-10-03 08:45:04.083898+00,2026-10-03 08:46:49.874912+00
deedce91-1531-4498-a820-39a5ee3abec4,/srv/fim-watch/gen_00450.txt,2026-10-03 08:45:04.184628+00,2026-10-03 08:46:49.885365+00
6067c520-0560-42d1-8a3d-0c91e027279e,/srv/fim-watch/gen_00114.txt,2026-10-03 08:45:04.284648+00,2026-10-03 08:46:49.895591+00
e69f4660-47a3-49ec-bee6-e0b8491b7b99,/srv/fim-watch/gen_00114.txt,2026-10-03 08:45:04.384604+00,2026-10-03 08:46:49.905335+00
ca3e147c-f88f-4f49-95c5-71e1cdf44e7a,/srv/fim-watch/critico/gen_00451.txt,2026-10-03 08:45:04.484517+00,2026-10-03 08:46:49.913082+00
15a7fc66-3215-4b6c-92b1-1399a1fc46b0,/srv/fim-watch/gen_00452.txt,2026-10-03 08:45:04.584025+00,2026-10-03 08:46:49.924134+00
5c5f91a4-da89-445d-9afd-3ba133132435,/srv/fim-watch/gen_00453.txt,2026-10-03 08:45:04.684138+00,2026-10-03 08:46:49.938649+00
b7031df1-7d2d-4287-97c2-7c3b9bfb0de0,/srv/fim-watch/gen_00433.txt,2026-10-03 08:45:04.784107+00,2026-10-03 08:46:49.947463+00
f9266f0b-79a5-4126-ac5f-a59988188873,/srv/fim-watch/critico/gen_00288.txt,2026-10-03 08:45:04.884269+00,2026-10-03 08:46:49.953803+00
bfbd0b85-11d2-43c9-9023-8affc2dec29b,/srv/fim-watch/gen_00125.txt,2026-10-03 08:45:04.984131+00,2026-10-03 08:46:49.9609+00
8a1877a4-c05a-44ab-9756-f52e91d4762c,/srv/fim-watch/gen_00125.txt,2026-10-03 08:45:05.083959+00,2026-10-03 08:46:49.967577+00
91875574-ce12-47e1-bcda-efbef3ee3652,/srv/fim-watch/critico/gen_00414.txt,2026-10-03 08:45:05.184601+00,2026-10-03 08:46:49.980472+00
c1a64945-ea95-42f1-8dea-eb8d5cee9f7d,/srv/fim-watch/gen_00298.txt,2026-10-03 08:45:05.284391+00,2026-10-03 08:46:49.98961+00
661e5854-369a-4d86-9b0b-10e0af4fa79d,/srv/fim-watch/gen_00263.txt,2026-10-03 08:45:05.383417+00,2026-10-03 08:46:50.026403+00
fec33f3e-b47f-4969-9675-b314d804a1fb,/srv/fim-watch/gen_00454.txt,2026-10-03 08:45:05.484351+00,2026-10-03 08:46:50.058995+00
5d414e53-5504-46c2-847d-742d6775eafb,/srv/fim-watch/critico/gen_00130.txt,2026-10-03 08:45:05.584372+00,2026-10-03 08:46:50.079746+00
71334088-eef5-49b3-a198-874b1f866cbc,/srv/fim-watch/gen_00455.txt,2026-10-03 08:45:05.683289+00,2026-10-03 08:46:50.110418+00
510db2ae-1821-4d7f-9572-513a216cfcce,/srv/fim-watch/gen_00317.txt,2026-10-03 08:45:05.784672+00,2026-10-03 08:46:50.138919+00
21cddfbe-d619-44a3-97f4-82fe939404a4,/srv/fim-watch/gen_00163.txt,2026-10-03 08:45:05.884051+00,2026-10-03 08:46:50.167289+00
87ca0c67-2070-43ce-8576-738e44b54c28,/srv/fim-watch/critico/gen_00456.txt,2026-10-03 08:45:05.984039+00,2026-10-03 08:46:50.178811+00
523a3dbe-73f3-4b47-b97a-5aa1dd2dbed9,/srv/fim-watch/critico/gen_00457.txt,2026-10-03 08:45:06.083805+00,2026-10-03 08:46:50.1892+00
a8376682-e609-462e-b2d2-454126354f9e,/srv/fim-watch/gen_00405.txt,2026-10-03 08:45:06.18447+00,2026-10-03 08:46:50.197708+00
74016f87-8eb3-4c1e-87fe-c24262eccf61,/srv/fim-watch/gen_00195.txt,2026-10-03 08:45:06.284299+00,2026-10-03 08:46:50.20818+00
b587df96-d67c-4347-b91a-06fe85979f76,/srv/fim-watch/gen_00308.txt,2026-10-03 08:45:06.38418+00,2026-10-03 08:46:50.218192+00
3adfefff-5892-43e8-b62e-544071ff352c,/srv/fim-watch/gen_00458.txt,2026-10-03 08:45:06.48416+00,2026-10-03 08:46:50.22449+00
5b6d96d7-bd38-4baa-ac34-9f477121a971,/srv/fim-watch/gen_00098.txt,2026-10-03 08:45:06.584188+00,2026-10-03 08:46:50.233444+00
809c6317-a624-4127-9d87-cbbcb2c6b966,/srv/fim-watch/gen_00459.txt,2026-10-03 08:45:06.684527+00,2026-10-03 08:46:50.243177+00
0f6596b6-7cb3-4e2d-9cd0-c5c166744efb,/srv/fim-watch/gen_00331.txt,2026-10-03 08:45:06.784385+00,2026-10-03 08:46:50.253092+00
ee7637da-f32d-4a61-a516-b097a2bd13e0,/srv/fim-watch/gen_00460.txt,2026-10-03 08:45:06.884172+00,2026-10-03 08:46:50.264943+00
af958b62-fcbc-4358-acaa-b99f96ccbf39,/srv/fim-watch/gen_00199.txt,2026-10-03 08:45:06.983965+00,2026-10-03 08:46:50.274893+00
13a92d0d-aeff-4ab0-a688-f1a47ca2b5a5,/srv/fim-watch/critico/gen_00461.txt,2026-10-03 08:45:07.084624+00,2026-10-03 08:46:50.285422+00
162c72d6-22f1-40f6-8795-e464e697373f,/srv/fim-watch/critico/gen_00330.txt,2026-10-03 08:45:07.184257+00,2026-10-03 08:46:50.29836+00
a18fe00d-d3f7-4aa0-aa33-b7abb0c12810,/srv/fim-watch/gen_00313.txt,2026-10-03 08:45:07.284081+00,2026-10-03 08:46:50.309508+00
a8ae633b-efba-45e0-a272-1ef90a25c7a2,/srv/fim-watch/gen_00250.txt,2026-10-03 08:45:07.384228+00,2026-10-03 08:46:50.323323+00
edf9279b-43fb-42ee-a1c4-3c40c5fbd6dd,/srv/fim-watch/gen_00412.txt,2026-10-03 08:45:07.483816+00,2026-10-03 08:46:50.353878+00
b8833a03-6dca-4ee9-94bc-9118a5503c04,/srv/fim-watch/gen_00462.txt,2026-10-03 08:45:07.584298+00,2026-10-03 08:46:50.36253+00
e61a6b3b-be68-427d-82f3-330b91581709,/srv/fim-watch/gen_00462.txt,2026-10-03 08:45:07.683713+00,2026-10-03 08:46:50.370124+00
144ddc9a-231c-4d08-a0f2-25ddfa501780,/srv/fim-watch/critico/gen_00463.txt,2026-10-03 08:45:07.783669+00,2026-10-03 08:46:50.377889+00
1211e57f-1423-49c8-9122-508e34a7d315,/srv/fim-watch/gen_00401.txt,2026-10-03 08:45:07.883924+00,2026-10-03 08:46:50.390125+00
89fde7a9-2f71-49a0-ba53-02d6bbd9d166,/srv/fim-watch/critico/gen_00184.txt,2026-10-03 08:45:07.984001+00,2026-10-03 08:46:50.401135+00
4cc3cf32-79d1-4cc8-8a20-7f07e771b8c1,/srv/fim-watch/gen_00226.txt,2026-10-03 08:45:08.084308+00,2026-10-03 08:46:50.415187+00
738ca87f-e4f0-43bd-9111-8d327ea55e6d,/srv/fim-watch/gen_00268.txt,2026-10-03 08:45:08.184505+00,2026-10-03 08:46:50.440959+00
d17478ef-fd35-4875-bc54-92a964f084d8,/srv/fim-watch/gen_00334.txt,2026-10-03 08:45:08.28401+00,2026-10-03 08:46:50.457663+00
539b116f-5564-4d89-af47-1cd00eba28a4,/srv/fim-watch/gen_00453.txt,2026-10-03 08:45:08.38418+00,2026-10-03 08:46:50.47086+00
eaef67c7-38de-4c8d-8bd9-905c6f4afffe,/srv/fim-watch/critico/gen_00413.txt,2026-10-03 08:45:08.483921+00,2026-10-03 08:46:50.489612+00
9ee7fad8-6b80-4ee3-812f-4e1a224d077c,/srv/fim-watch/gen_00282.txt,2026-10-03 08:45:08.583915+00,2026-10-03 08:46:50.500729+00
c6969955-45ae-4085-8c37-50e026f5652a,/srv/fim-watch/gen_00431.txt,2026-10-03 08:45:08.684403+00,2026-10-03 08:46:50.511896+00
95ebf09e-3135-4a52-9731-7e5504c26396,/srv/fim-watch/gen_00431.txt,2026-10-03 08:45:08.783669+00,2026-10-03 08:46:50.548413+00
ab6cdbab-08f5-4f8b-b2a3-20dc97c4801b,/srv/fim-watch/critico/gen_00253.txt,2026-10-03 08:45:08.883479+00,2026-10-03 08:46:50.56387+00
9d3d621b-a373-4ef0-b388-bec9b009ec5f,/srv/fim-watch/gen_00377.txt,2026-10-03 08:45:08.984098+00,2026-10-03 08:46:50.594846+00
ceb6edf6-5a08-4fd0-b2df-9d2352fa1053,/srv/fim-watch/gen_00405.txt,2026-10-03 08:45:09.084319+00,2026-10-03 08:46:50.624069+00
1ff59b1a-4e52-4df7-89bc-fb5fadb59770,/srv/fim-watch/gen_00285.txt,2026-10-03 08:45:09.184196+00,2026-10-03 08:46:50.638121+00
fff25894-0a3f-425d-b121-8f9768dff668,/srv/fim-watch/critico/gen_00322.txt,2026-10-03 08:45:09.284349+00,2026-10-03 08:46:50.648099+00
4ceed1ed-49cd-429c-8394-d43ae3d40130,/srv/fim-watch/gen_00464.txt,2026-10-03 08:45:09.384409+00,2026-10-03 08:46:50.659907+00
271a030b-c9e8-4c91-8bd3-76e1e1ad4cd6,/srv/fim-watch/critico/gen_00465.txt,2026-10-03 08:45:09.483393+00,2026-10-03 08:46:50.67071+00
2a2d8a66-5bb2-4935-9d7d-c577775e8383,/srv/fim-watch/gen_00198.txt,2026-10-03 08:45:09.584189+00,2026-10-03 08:46:50.685795+00
a65a2b6e-c4e5-4a40-be40-7ff9df90116d,/srv/fim-watch/gen_00427.txt,2026-10-03 08:45:09.684155+00,2026-10-03 08:46:50.696907+00
219e2a49-e16c-4de3-bfca-0c0f44037736,/srv/fim-watch/gen_00427.txt,2026-10-03 08:45:09.783817+00,2026-10-03 08:46:50.708782+00
460e8153-26b3-49e1-a7c7-70fb04a5fa38,/srv/fim-watch/gen_00466.txt,2026-10-03 08:45:09.884126+00,2026-10-03 08:46:50.719377+00
49687e18-6e70-486e-8bb9-743361217b94,/srv/fim-watch/critico/gen_00053.txt,2026-10-03 08:45:09.98461+00,2026-10-03 08:46:50.73337+00
de638055-3381-4443-8112-cda7c309bc91,/srv/fim-watch/critico/gen_00053.txt,2026-10-03 08:45:10.084155+00,2026-10-03 08:46:50.755864+00
0378f51d-2cee-40b9-89e1-ebc5ede2019a,/srv/fim-watch/gen_00306.txt,2026-10-03 08:45:10.183603+00,2026-10-03 08:46:50.791439+00
f8d5f802-70b2-4b46-bd31-cd69c25c3132,/srv/fim-watch/gen_00467.txt,2026-10-03 08:45:10.283798+00,2026-10-03 08:46:50.811474+00
d2005369-3a77-453a-8a52-618ea2dd039d,/srv/fim-watch/gen_00165.txt,2026-10-03 08:45:10.384081+00,2026-10-03 08:46:50.827391+00
fa436639-c557-4ff2-a334-ba5d368f69d4,/srv/fim-watch/gen_00468.txt,2026-10-03 08:45:10.484149+00,2026-10-03 08:46:50.839474+00
d74401d6-2dda-44a2-a3f1-3af6e6fa3b2f,/srv/fim-watch/gen_00469.txt,2026-10-03 08:45:10.584477+00,2026-10-03 08:46:50.850111+00
a47bcc36-df55-4563-bbb2-205940f8381e,/srv/fim-watch/gen_00228.txt,2026-10-03 08:45:10.683777+00,2026-10-03 08:46:50.859656+00
64bfba9f-0ec7-4bf4-aa07-d79c387e0f1a,/srv/fim-watch/critico/gen_00342.txt,2026-10-03 08:45:10.783045+00,2026-10-03 08:46:50.869214+00
850a9a44-322e-4974-a59d-f02924bb2543,/srv/fim-watch/gen_00422.txt,2026-10-03 08:45:10.884164+00,2026-10-03 08:46:50.881869+00
fdbd3a55-f4f2-47ee-8481-a0ae0b34d4ae,/srv/fim-watch/critico/gen_00371.txt,2026-10-03 08:45:10.984139+00,2026-10-03 08:46:50.898954+00
066b280c-db30-4b07-ab26-c7abe8bf9a8a,/srv/fim-watch/gen_00096.txt,2026-10-03 08:45:11.083986+00,2026-10-03 08:46:50.910737+00
00a75635-b2b3-4064-a6bb-34d4a99b2593,/srv/fim-watch/gen_00096.txt,2026-10-03 08:45:11.184251+00,2026-10-03 08:46:50.918271+00
584c7431-900b-4e69-9988-3c9da8c9100b,/srv/fim-watch/gen_00404.txt,2026-10-03 08:45:11.284388+00,2026-10-03 08:46:50.925242+00
e59c3a88-3035-4861-bf77-a6c6d763d4e6,/srv/fim-watch/gen_00434.txt,2026-10-03 08:45:11.384272+00,2026-10-03 08:46:50.932139+00
d48461fc-c044-4882-9b2c-d769c0a1fbfa,/srv/fim-watch/gen_00434.txt,2026-10-03 08:45:11.484253+00,2026-10-03 08:46:50.941682+00
a892622b-413c-4589-9d28-2965a204e7a5,/srv/fim-watch/gen_00434.txt,2026-10-03 08:45:11.583239+00,2026-10-03 08:46:50.955639+00
a2239c27-05f0-45f3-9199-5f6fd96b347f,/srv/fim-watch/gen_00434.txt,2026-10-03 08:45:11.68478+00,2026-10-03 08:46:50.977084+00
756322d6-7900-42de-997f-93d9b7b9cf25,/srv/fim-watch/gen_00434.txt,2026-10-03 08:45:11.784629+00,2026-10-03 08:46:50.986813+00
89809b0a-1dbf-4a6e-9b78-4bb7096f4d53,/srv/fim-watch/gen_00114.txt,2026-10-03 08:45:11.884811+00,2026-10-03 08:46:51.019031+00
b8bf5883-2943-4aca-a0ef-a7297b9c0f7d,/srv/fim-watch/gen_00427.txt,2026-10-03 08:45:11.983729+00,2026-10-03 08:46:51.035061+00
0a12d622-2caa-4fd9-a08b-216ab00ae519,/srv/fim-watch/critico/gen_00061.txt,2026-10-03 08:45:12.084652+00,2026-10-03 08:46:51.05751+00
92b87db0-0c11-4e55-8933-764f7812042d,/srv/fim-watch/gen_00470.txt,2026-10-03 08:45:12.184035+00,2026-10-03 08:46:51.067899+00
8e7141fa-b961-4ce0-9f52-30d472427362,/srv/fim-watch/gen_00175.txt,2026-10-03 08:45:12.284514+00,2026-10-03 08:46:51.083331+00
90c1972b-fc3d-4bc6-84c5-1279175f8f93,/srv/fim-watch/critico/gen_00471.txt,2026-10-03 08:45:12.384395+00,2026-10-03 08:46:51.095276+00
daa3e76e-a5bd-49fb-97f4-8116202f9250,/srv/fim-watch/critico/gen_00471.txt,2026-10-03 08:45:12.4843+00,2026-10-03 08:46:51.105603+00
8986daea-7b28-4e0d-8086-842a262b6c5b,/srv/fim-watch/gen_00393.txt,2026-10-03 08:45:12.584926+00,2026-10-03 08:46:51.119399+00
da64b784-da75-4281-b9ef-e601e0c41b0f,/srv/fim-watch/gen_00472.txt,2026-10-03 08:45:12.684718+00,2026-10-03 08:46:51.129416+00
80fc347c-7b49-4e0e-b750-4c0ae1309872,/srv/fim-watch/gen_00096.txt,2026-10-03 08:45:12.785713+00,2026-10-03 08:46:51.141349+00
069aa5a0-8cb0-4975-a5ba-2e82c91c680b,/srv/fim-watch/gen_00290.txt,2026-10-03 08:45:12.884543+00,2026-10-03 08:46:51.148297+00
7aeccac5-8cb0-4054-8f1e-b5c5febdaac8,/srv/fim-watch/gen_00367.txt,2026-10-03 08:45:12.984093+00,2026-10-03 08:46:51.157068+00
289ac2b7-2807-46de-98ac-87ab1fdf15cf,/srv/fim-watch/critico/gen_00209.txt,2026-10-03 08:45:13.085251+00,2026-10-03 08:46:51.165901+00
3b4506fd-8dcc-4785-8798-6efdb1045132,/srv/fim-watch/critico/gen_00209.txt,2026-10-03 08:45:13.184654+00,2026-10-03 08:46:51.174482+00
0481e38a-d629-4597-83a9-472e6a6f3d8e,/srv/fim-watch/gen_00473.txt,2026-10-03 08:45:13.284492+00,2026-10-03 08:46:51.182153+00
be660e67-0e50-48b6-b138-254840f7df05,/srv/fim-watch/critico/gen_00253.txt,2026-10-03 08:45:13.384284+00,2026-10-03 08:46:51.190856+00
c72cdd0f-3c27-49eb-b60a-617a68bc6339,/srv/fim-watch/gen_00474.txt,2026-10-03 08:45:13.483285+00,2026-10-03 08:46:51.197691+00
f386eb43-d95a-44b8-aff7-7e35bb8fe6e4,/srv/fim-watch/gen_00393.txt,2026-10-03 08:45:13.583666+00,2026-10-03 08:46:51.206023+00
b9e24f4d-aea0-4621-baf7-f959c0c0aa31,/srv/fim-watch/gen_00449.txt,2026-10-03 08:45:13.68432+00,2026-10-03 08:46:51.213858+00
c49d2990-e24b-400b-94d0-3bf2063668cc,/srv/fim-watch/gen_00449.txt,2026-10-03 08:45:13.784883+00,2026-10-03 08:46:51.226641+00
2edb85a9-22be-47fc-aa2d-e13bc62f578b,/srv/fim-watch/gen_00475.txt,2026-10-03 08:45:13.884343+00,2026-10-03 08:46:51.235926+00
c8d24f8f-11f4-474d-8ce7-2b2a26aa1df4,/srv/fim-watch/gen_00230.txt,2026-10-03 08:45:13.984351+00,2026-10-03 08:46:51.255126+00
9b16d3ac-f4b3-40e2-a10f-ec168e682369,/srv/fim-watch/critico/gen_00428.txt,2026-10-03 08:45:14.084506+00,2026-10-03 08:46:51.268569+00
d1588266-0d2e-4b58-bd78-2256c7017eb2,/srv/fim-watch/critico/gen_00476.txt,2026-10-03 08:45:14.183955+00,2026-10-03 08:46:51.288933+00
9a69ce1a-91f9-4a21-bbdd-0771900b801e,/srv/fim-watch/gen_00235.txt,2026-10-03 08:45:14.284624+00,2026-10-03 08:46:51.306551+00
e778ebdd-198a-482b-86bc-6ae23e80aeb8,/srv/fim-watch/gen_00430.txt,2026-10-03 08:45:14.384283+00,2026-10-03 08:46:51.322264+00
846d70d1-cd11-424b-b61c-4db18db9def1,/srv/fim-watch/gen_00477.txt,2026-10-03 08:45:14.484058+00,2026-10-03 08:46:51.331395+00
818766ec-b9bf-4109-bd2b-9d79f0d3534e,/srv/fim-watch/critico/gen_00437.txt,2026-10-03 08:45:14.584697+00,2026-10-03 08:46:51.344067+00
f91988ee-a424-4a3f-9c30-37319c9aad67,/srv/fim-watch/gen_00395.txt,2026-10-03 08:45:14.684778+00,2026-10-03 08:46:51.366124+00
1ac551a3-62cd-46c2-955f-b943f006dea1,/srv/fim-watch/gen_00314.txt,2026-10-03 08:45:14.78388+00,2026-10-03 08:46:51.388599+00
8610ad99-82db-4e23-9ddf-6c3b3688f181,/srv/fim-watch/gen_00446.txt,2026-10-03 08:45:14.884151+00,2026-10-03 08:46:51.401478+00
fed95d24-a472-49e1-89b2-8cfe56466059,/srv/fim-watch/gen_00446.txt,2026-10-03 08:45:14.984348+00,2026-10-03 08:46:51.40785+00
a234d4e7-ffd8-4465-a7a8-636088db28e4,/srv/fim-watch/gen_00446.txt,2026-10-03 08:45:15.084312+00,2026-10-03 08:46:51.415216+00
8ad9ddf9-3444-4b2c-948b-d846602dff33,/srv/fim-watch/gen_00446.txt,2026-10-03 08:45:15.184217+00,2026-10-03 08:46:51.431956+00
0ddf0097-b909-41b8-a50a-6223588f1f4f,/srv/fim-watch/gen_00446.txt,2026-10-03 08:45:15.284665+00,2026-10-03 08:46:51.440288+00
8e72fa5a-4567-4c86-8d27-d721465b7bc8,/srv/fim-watch/gen_00352.txt,2026-10-03 08:45:15.384326+00,2026-10-03 08:46:51.449906+00
7c0f88b5-4f30-4eea-9267-a005fc2ec37c,/srv/fim-watch/gen_00349.txt,2026-10-03 08:45:15.483343+00,2026-10-03 08:46:51.459485+00
f3e7ce33-3d0d-4382-91de-8148520fed10,/srv/fim-watch/critico/gen_00253.txt,2026-10-03 08:45:15.584159+00,2026-10-03 08:46:51.488173+00
a0c9a11c-808a-4d63-85d4-a4c517a135c3,/srv/fim-watch/critico/gen_00253.txt,2026-10-03 08:45:15.684321+00,2026-10-03 08:46:51.501618+00
4f832579-8e50-439e-8f62-9fa5e4e3ca25,/srv/fim-watch/critico/gen_00253.txt,2026-10-03 08:45:15.78331+00,2026-10-03 08:46:51.510164+00
660a1dd1-ed35-410b-b065-1c2e4dff1e4e,/srv/fim-watch/critico/gen_00253.txt,2026-10-03 08:45:15.884056+00,2026-10-03 08:46:51.519927+00
4624e9b6-3727-4823-ab8e-147fb6e69d23,/srv/fim-watch/critico/gen_00253.txt,2026-10-03 08:45:15.984527+00,2026-10-03 08:46:51.529159+00
43a428f9-d671-4766-8cd6-30e530af35ce,/srv/fim-watch/critico/gen_00310.txt,2026-10-03 08:45:16.083623+00,2026-10-03 08:46:51.546754+00
3b0c2a75-63ba-4205-9a58-8793ec37ad50,/srv/fim-watch/critico/gen_00310.txt,2026-10-03 08:45:16.184365+00,2026-10-03 08:46:51.555033+00
e3045f76-1a51-4d12-bcba-38a2ceffdf61,/srv/fim-watch/gen_00365.txt,2026-10-03 08:45:16.284491+00,2026-10-03 08:46:51.562123+00
4ffe9f53-e0a2-4c60-899e-ddc751a98865,/srv/fim-watch/critico/gen_00251.txt,2026-10-03 08:45:16.38419+00,2026-10-03 08:46:51.570348+00
1be12d16-87e0-46fc-a1f7-0b103edae813,/srv/fim-watch/gen_00478.txt,2026-10-03 08:45:16.484486+00,2026-10-03 08:46:51.577772+00
7f0d40b8-19b0-437e-821f-d47792977e49,/srv/fim-watch/critico/gen_00242.txt,2026-10-03 08:45:16.584451+00,2026-10-03 08:46:51.585308+00
1b9a1c66-0305-4c29-8bc0-ab22e447832b,/srv/fim-watch/gen_00126.txt,2026-10-03 08:45:16.683879+00,2026-10-03 08:46:51.592271+00
60464c0e-3d18-47be-a4ef-7ad48bd1962c,/srv/fim-watch/gen_00356.txt,2026-10-03 08:45:16.784127+00,2026-10-03 08:46:51.601543+00
9b0248a6-c91c-4a4c-a446-dc2e6036648c,/srv/fim-watch/gen_00238.txt,2026-10-03 08:45:16.884043+00,2026-10-03 08:46:51.611999+00
f036c03d-e4db-498d-96f9-826faa00544f,/srv/fim-watch/gen_00359.txt,2026-10-03 08:45:16.98415+00,2026-10-03 08:46:51.627198+00
8cd08451-4e7b-4290-8a9d-80f6cf3001c7,/srv/fim-watch/gen_00479.txt,2026-10-03 08:45:17.083264+00,2026-10-03 08:46:51.637207+00
63ff74a3-4dba-4460-8ce0-f77b4a9950db,/srv/fim-watch/gen_00435.txt,2026-10-03 08:45:17.183725+00,2026-10-03 08:46:51.646941+00
9cc1513c-cf33-4167-8b32-09302d37bd23,/srv/fim-watch/gen_00480.txt,2026-10-03 08:45:17.384379+00,2026-10-03 08:46:51.658509+00
a5067f81-a3e0-4f5c-8a54-1a1accd19b7d,/srv/fim-watch/gen_00230.txt,2026-10-03 08:45:17.484398+00,2026-10-03 08:46:51.669843+00
b1e7e46b-12bd-4576-9a73-9d96aefee308,/srv/fim-watch/gen_00481.txt,2026-10-03 08:45:17.584671+00,2026-10-03 08:46:51.684671+00
509edff5-cb95-4ed0-bbc2-e1cc6e231920,/srv/fim-watch/gen_00151.txt,2026-10-03 08:45:17.685088+00,2026-10-03 08:46:51.703425+00
5538dac1-3ab6-4b51-a6b3-d9a3fb11d23b,/srv/fim-watch/critico/gen_00053.txt,2026-10-03 08:45:17.784595+00,2026-10-03 08:46:51.717628+00
3a7541b8-a50a-4149-bd34-cdac0a58e3a5,/srv/fim-watch/critico/gen_00482.txt,2026-10-03 08:45:17.884722+00,2026-10-03 08:46:51.727435+00
d7d2449f-8200-4cf6-80fc-f75e812c2986,/srv/fim-watch/gen_00036.txt,2026-10-03 08:45:17.983987+00,2026-10-03 08:46:51.741953+00
4779cc70-01b0-407d-954d-4dbfdcc431f9,/srv/fim-watch/gen_00483.txt,2026-10-03 08:45:18.084416+00,2026-10-03 08:46:51.751558+00
aa70c6d2-4717-4b05-9b21-4ceaf1b5b1fb,/srv/fim-watch/gen_00157.txt,2026-10-03 08:45:18.184285+00,2026-10-03 08:46:51.765145+00
d592f3dd-a68c-41da-b688-9b55e8e308bb,/srv/fim-watch/gen_00157.txt,2026-10-03 08:45:18.284391+00,2026-10-03 08:46:51.778594+00
0860b81a-3e10-4c4d-8cf6-3166aa88de1d,/srv/fim-watch/critico/gen_00262.txt,2026-10-03 08:45:18.384677+00,2026-10-03 08:46:51.789009+00
db39de6b-e3e8-4bea-81da-10b0582a7e77,/srv/fim-watch/gen_00385.txt,2026-10-03 08:45:18.483527+00,2026-10-03 08:46:51.811333+00
9d90c302-485a-4964-907e-75665afec229,/srv/fim-watch/gen_00268.txt,2026-10-03 08:45:18.58346+00,2026-10-03 08:46:51.821371+00
79ca23e6-ff46-47af-9e4c-8a9fe9ef0f61,/srv/fim-watch/critico/gen_00437.txt,2026-10-03 08:45:18.684077+00,2026-10-03 08:46:51.831373+00
8fe74bdc-3da7-4931-a56f-9aa121dc71e7,/srv/fim-watch/gen_00335.txt,2026-10-03 08:45:18.784257+00,2026-10-03 08:46:51.844559+00
af70a06d-a57c-49b3-a8c5-8eb3ccaed09e,/srv/fim-watch/gen_00350.txt,2026-10-03 08:45:18.884206+00,2026-10-03 08:46:51.858112+00
aecc0fe2-a471-4e6a-98f4-5392bb622689,/srv/fim-watch/gen_00484.txt,2026-10-03 08:45:18.983844+00,2026-10-03 08:46:51.868911+00
f200fd0a-657a-47c5-9ff1-58a772111ced,/srv/fim-watch/gen_00484.txt,2026-10-03 08:45:19.084017+00,2026-10-03 08:46:51.878654+00
6062048c-d359-4310-a09c-9a0e3ab66a59,/srv/fim-watch/gen_00365.txt,2026-10-03 08:45:19.184294+00,2026-10-03 08:46:51.891269+00
a6ede1fe-8aec-47e0-a5dc-c04c21086022,/srv/fim-watch/gen_00485.txt,2026-10-03 08:45:19.28408+00,2026-10-03 08:46:51.900473+00
f04dc18b-8a0f-4b47-8b09-21a91fcf53e6,/srv/fim-watch/gen_00486.txt,2026-10-03 08:45:19.384095+00,2026-10-03 08:46:51.906893+00
7416c454-657f-4678-baa4-9f04c7847d0d,/srv/fim-watch/critico/gen_00344.txt,2026-10-03 08:45:19.484177+00,2026-10-03 08:46:51.913315+00
4965373a-2636-4ada-93ec-75ce758863bb,/srv/fim-watch/gen_00213.txt,2026-10-03 08:45:19.583966+00,2026-10-03 08:46:51.928305+00
96a90491-49e5-430c-9426-d9c7b9962f33,/srv/fim-watch/gen_00213.txt,2026-10-03 08:45:19.683361+00,2026-10-03 08:46:51.943939+00
2f0b6668-08e8-4331-a2c5-c7af50aaebd1,/srv/fim-watch/critico/gen_00409.txt,2026-10-03 08:45:19.784099+00,2026-10-03 08:46:51.954022+00
2d5c666a-a6a5-439e-9835-d89a64c951b9,/srv/fim-watch/gen_00487.txt,2026-10-03 08:45:19.884148+00,2026-10-03 08:46:51.968119+00
cae985cb-0ee2-41d2-92a1-8a2a014980b0,/srv/fim-watch/critico/gen_00488.txt,2026-10-03 08:45:19.984166+00,2026-10-03 08:46:51.989196+00
21f44fe6-014f-43d9-8831-de3110d17c0a,/srv/fim-watch/gen_00303.txt,2026-10-03 08:45:20.084055+00,2026-10-03 08:46:52.007565+00
246ae154-21c1-466c-a3c4-1f723899c95e,/srv/fim-watch/gen_00096.txt,2026-10-03 08:45:20.18425+00,2026-10-03 08:46:52.022381+00
7a34f7cf-1fcc-4a2c-8565-5400561457b0,/srv/fim-watch/gen_00285.txt,2026-10-03 08:45:20.284525+00,2026-10-03 08:46:52.049894+00
e3745ef3-51f4-4102-9152-ac52007d7811,/srv/fim-watch/gen_00285.txt,2026-10-03 08:45:20.384552+00,2026-10-03 08:46:52.063774+00
cf793427-1f73-4eb2-bfcb-7f276c544d57,/srv/fim-watch/gen_00285.txt,2026-10-03 08:45:20.483668+00,2026-10-03 08:46:52.079538+00
73864d1d-efa1-4208-bc9d-141c8f0fabcd,/srv/fim-watch/gen_00285.txt,2026-10-03 08:45:20.584496+00,2026-10-03 08:46:52.090289+00
4349e3ab-98ac-482c-be16-f6f4ea812711,/srv/fim-watch/gen_00285.txt,2026-10-03 08:45:20.684417+00,2026-10-03 08:46:52.102747+00
7dc0fb55-4384-49a5-9e83-9a157a2810d5,/srv/fim-watch/gen_00400.txt,2026-10-03 08:45:20.784157+00,2026-10-03 08:46:52.114392+00
4ba743b4-d2c2-422b-bd5f-87b90d4ffc2e,/srv/fim-watch/gen_00489.txt,2026-10-03 08:45:20.883316+00,2026-10-03 08:46:52.124121+00
28d6d461-5a77-45ce-8fff-c018d307ad97,/srv/fim-watch/gen_00485.txt,2026-10-03 08:45:20.983563+00,2026-10-03 08:46:52.134582+00
8afd044f-708a-4be4-bfd9-9ef9b1e80957,/srv/fim-watch/gen_00458.txt,2026-10-03 08:45:21.084035+00,2026-10-03 08:46:52.144445+00
1ee9b005-87a7-4972-999b-012fe5f309c9,/srv/fim-watch/critico/gen_00490.txt,2026-10-03 08:45:21.183659+00,2026-10-03 08:46:52.15886+00
c751b91a-fc51-40a1-9026-16e244592fc5,/srv/fim-watch/critico/gen_00191.txt,2026-10-03 08:45:21.284642+00,2026-10-03 08:46:52.183997+00
812568ca-ef64-4428-8d75-ba6bcc527cf3,/srv/fim-watch/critico/gen_00189.txt,2026-10-03 08:45:21.384158+00,2026-10-03 08:46:52.19402+00
5677b324-30f6-445a-ae89-9c633ed0db9a,/srv/fim-watch/gen_00436.txt,2026-10-03 08:45:21.484222+00,2026-10-03 08:46:52.20767+00
2f6cd0c1-5231-4cc7-8e9c-a38a4de83b66,/srv/fim-watch/gen_00436.txt,2026-10-03 08:45:21.584129+00,2026-10-03 08:46:52.21633+00
317a5b2e-54b0-4643-97f6-9f0b32f45567,/srv/fim-watch/gen_00491.txt,2026-10-03 08:45:21.684116+00,2026-10-03 08:46:52.231457+00
f72d9f76-3cc1-439a-962e-60cbcf2de9ee,/srv/fim-watch/gen_00163.txt,2026-10-03 08:45:21.784106+00,2026-10-03 08:46:52.243735+00
7d0232fa-f374-414b-90c0-b5b5ed03c7b6,/srv/fim-watch/gen_00436.txt,2026-10-03 08:45:21.884135+00,2026-10-03 08:46:52.271797+00
b87ca90a-3b33-4aa4-9f75-9b896ab75217,/srv/fim-watch/gen_00479.txt,2026-10-03 08:45:21.984259+00,2026-10-03 08:46:52.291561+00
abfcb15d-6d61-4070-83b9-c1fa5c118fdd,/srv/fim-watch/gen_00042.txt,2026-10-03 08:45:22.183677+00,2026-10-03 08:46:52.300606+00
ba1d7575-fa99-4e0d-8038-31a9b6b7f99f,/srv/fim-watch/gen_00157.txt,2026-10-03 08:45:22.284547+00,2026-10-03 08:46:52.315915+00
9ef0c217-89a8-4890-aed9-c8e4fcc7f35b,/srv/fim-watch/gen_00492.txt,2026-10-03 08:45:22.384155+00,2026-10-03 08:46:52.324701+00
f17d36a6-2921-4ee1-992c-7951554f8849,/srv/fim-watch/gen_00282.txt,2026-10-03 08:45:22.483879+00,2026-10-03 08:46:52.344157+00
9a49f469-08bb-478d-bd31-6e9f4ff71609,/srv/fim-watch/gen_00439.txt,2026-10-03 08:45:22.583983+00,2026-10-03 08:46:52.353817+00
6227a642-0ab4-414f-8bc7-e8e86d6de037,/srv/fim-watch/gen_00325.txt,2026-10-03 08:45:22.684254+00,2026-10-03 08:46:52.362918+00
9e29bf74-c670-4808-9250-22994e2cbeaa,/srv/fim-watch/gen_00325.txt,2026-10-03 08:45:22.783975+00,2026-10-03 08:46:52.371648+00
08faf867-5f11-4f90-a213-2ec2cd3a0252,/srv/fim-watch/gen_00493.txt,2026-10-03 08:45:22.883855+00,2026-10-03 08:46:52.377677+00
1ae4ef46-4299-4664-939c-a0db40a35b56,/srv/fim-watch/critico/gen_00461.txt,2026-10-03 08:45:22.984078+00,2026-10-03 08:46:52.384591+00
c8fea5a2-c750-495e-b085-aaa1ccd5362c,/srv/fim-watch/critico/gen_00061.txt,2026-10-03 08:45:23.083983+00,2026-10-03 08:46:52.391035+00
53a63ee5-e63f-49e6-9e90-29889ab2193c,/srv/fim-watch/critico/gen_00061.txt,2026-10-03 08:45:23.184458+00,2026-10-03 08:46:52.400235+00
09c476cf-4ab1-4807-8f8e-8c534cab1038,/srv/fim-watch/gen_00494.txt,2026-10-03 08:45:23.284346+00,2026-10-03 08:46:52.407439+00
b7a12377-f4e6-43ee-9ed2-0682eedede28,/srv/fim-watch/gen_00477.txt,2026-10-03 08:45:23.383913+00,2026-10-03 08:46:52.414388+00
23106662-e5da-43d3-b82d-eb1fa8ddc795,/srv/fim-watch/gen_00477.txt,2026-10-03 08:45:23.48431+00,2026-10-03 08:46:52.431291+00
b5861ae4-09f0-4791-a0f4-7687850ea7a7,/srv/fim-watch/critico/gen_00408.txt,2026-10-03 08:45:23.583085+00,2026-10-03 08:46:52.449379+00
b833eb98-2dc5-426a-8ff4-6a4d629c36cb,/srv/fim-watch/gen_00395.txt,2026-10-03 08:45:23.683987+00,2026-10-03 08:46:52.461539+00
247c24fe-d2a9-4c63-92b1-a64d8bff643f,/srv/fim-watch/critico/gen_00153.txt,2026-10-03 08:45:23.783788+00,2026-10-03 08:46:52.47487+00
6625d2e6-5ee3-4b8e-a164-d2075b388dd5,/srv/fim-watch/critico/gen_00322.txt,2026-10-03 08:45:23.884258+00,2026-10-03 08:46:52.49285+00
cfb93c27-4b75-45cb-9b84-f5d0c31c9bc1,/srv/fim-watch/gen_00416.txt,2026-10-03 08:45:23.984314+00,2026-10-03 08:46:52.512975+00
0d6c0e20-e11e-4358-9895-e48d50a5a7e7,/srv/fim-watch/gen_00219.txt,2026-10-03 08:45:24.084124+00,2026-10-03 08:46:52.526277+00
163854de-4fd3-4675-900d-f47adc27c99a,/srv/fim-watch/gen_00219.txt,2026-10-03 08:45:24.183905+00,2026-10-03 08:46:52.54269+00
02489d14-b09c-431c-b7ce-66f30886cb30,/srv/fim-watch/gen_00050.txt,2026-10-03 08:45:24.284187+00,2026-10-03 08:46:52.554322+00
99d35370-85c9-4316-ab0d-91ba3f711dd2,/srv/fim-watch/gen_00098.txt,2026-10-03 08:45:24.384455+00,2026-10-03 08:46:52.571935+00
9650e6c2-9490-49a8-927b-2c16306a7699,/srv/fim-watch/gen_00325.txt,2026-10-03 08:45:24.484257+00,2026-10-03 08:46:52.584201+00
37b9096d-7db2-4e65-b395-f19b320dc98b,/srv/fim-watch/critico/gen_00415.txt,2026-10-03 08:45:24.584365+00,2026-10-03 08:46:52.606826+00
97827cfb-8696-40aa-a74b-eb86d9977947,/srv/fim-watch/gen_00495.txt,2026-10-03 08:45:24.684061+00,2026-10-03 08:46:52.627039+00
bcbc5003-8702-423b-81a1-7ec8b717e044,/srv/fim-watch/gen_00496.txt,2026-10-03 08:45:24.783294+00,2026-10-03 08:46:52.638052+00
0cf7792c-1f7c-4bf7-9b8a-9817270a1584,/srv/fim-watch/gen_00496.txt,2026-10-03 08:45:24.884036+00,2026-10-03 08:46:52.647098+00
dfd6772f-2e33-43bd-89f1-aa5e8d99cc4b,/srv/fim-watch/gen_00311.txt,2026-10-03 08:45:24.984357+00,2026-10-03 08:46:52.655487+00
3db86889-1d4d-4418-bc5e-7bab623b10c3,/srv/fim-watch/gen_00166.txt,2026-10-03 08:45:25.083964+00,2026-10-03 08:46:52.664921+00
b482b51f-8674-40bd-8824-7bb97e79b2a1,/srv/fim-watch/gen_00425.txt,2026-10-03 08:45:25.184243+00,2026-10-03 08:46:52.672918+00
eb3e9700-bc7b-49e3-a813-64d324aae5f5,/srv/fim-watch/gen_00497.txt,2026-10-03 08:45:25.284389+00,2026-10-03 08:46:52.679786+00
678175b6-e3c6-4838-b026-1c2aadc5f27a,/srv/fim-watch/gen_00128.txt,2026-10-03 08:45:25.384477+00,2026-10-03 08:46:52.692796+00
94336ad5-286c-4f81-a474-4f893f3174a8,/srv/fim-watch/gen_00375.txt,2026-10-03 08:45:25.484535+00,2026-10-03 08:46:52.700071+00
5d20208e-a50a-4aca-a418-7988029ebb45,/srv/fim-watch/gen_00498.txt,2026-10-03 08:45:25.583409+00,2026-10-03 08:46:52.708678+00
50f29d35-f5fa-42ad-a54e-ec5b8a67618c,/srv/fim-watch/gen_00468.txt,2026-10-03 08:45:25.684006+00,2026-10-03 08:46:52.71688+00
03c44e70-83d8-4f27-9a92-325c51bb5291,/srv/fim-watch/gen_00499.txt,2026-10-03 08:45:25.784064+00,2026-10-03 08:46:52.728915+00
0ea419c9-d937-4eac-a25a-97d8a0cc1ec1,/srv/fim-watch/gen_00410.txt,2026-10-03 08:45:25.884167+00,2026-10-03 08:46:52.739877+00
39eabef0-f801-4a50-ae1b-73f0f4e9dddf,/srv/fim-watch/gen_00410.txt,2026-10-03 08:45:25.983914+00,2026-10-03 08:46:52.754405+00
bb38f191-0128-4419-81ab-a11f7efa9341,/srv/fim-watch/gen_00355.txt,2026-10-03 08:45:26.084204+00,2026-10-03 08:46:52.764745+00
9a504573-bdaf-44e2-a9df-3301afd155fe,/srv/fim-watch/gen_00355.txt,2026-10-03 08:45:26.183864+00,2026-10-03 08:46:52.773238+00
6fe8ea92-0edb-457b-91cc-eaaf5d067cce,/srv/fim-watch/gen_00478.txt,2026-10-03 08:45:26.284287+00,2026-10-03 08:46:52.781752+00
1572f7b9-5074-454c-8bb4-4be6d2c3088c,/srv/fim-watch/gen_00291.txt,2026-10-03 08:45:26.384343+00,2026-10-03 08:46:52.789051+00
875f3c18-c639-4d24-a9cc-ecd4c8166b89,/srv/fim-watch/gen_00500.txt,2026-10-03 08:45:26.483718+00,2026-10-03 08:46:52.796985+00
14509def-6824-482f-8c3d-c2acce79a30e,/srv/fim-watch/gen_00501.txt,2026-10-03 08:45:26.58417+00,2026-10-03 08:46:52.804624+00
772073c6-6932-4d49-939b-b10e03c16d27,/srv/fim-watch/critico/gen_00502.txt,2026-10-03 08:45:26.683921+00,2026-10-03 08:46:52.813419+00
b659632e-e520-4640-970a-0f9a0769c21c,/srv/fim-watch/critico/gen_00488.txt,2026-10-03 08:45:26.784318+00,2026-10-03 08:46:52.827689+00
928c17f6-815d-4336-83c6-c6e46c729fc4,/srv/fim-watch/critico/gen_00488.txt,2026-10-03 08:45:26.884157+00,2026-10-03 08:46:52.848673+00
3b775d11-fc2f-4592-a990-70d4da75859e,/srv/fim-watch/gen_00474.txt,2026-10-03 08:45:26.984086+00,2026-10-03 08:46:52.862756+00
3ddec8f5-e5b6-4251-b9de-730873c4a0b2,/srv/fim-watch/gen_00320.txt,2026-10-03 08:45:27.083642+00,2026-10-03 08:46:52.881087+00
cb009992-9d95-405f-a152-8a0471de0c3e,/srv/fim-watch/gen_00329.txt,2026-10-03 08:45:27.183587+00,2026-10-03 08:46:52.894302+00
387068da-a549-48eb-b6e2-2699561c7c91,/srv/fim-watch/gen_00436.txt,2026-10-03 08:45:27.28401+00,2026-10-03 08:46:52.904938+00
0f2fc06d-26a2-47f3-aef7-07d8ca7453b7,/srv/fim-watch/gen_00384.txt,2026-10-03 08:45:27.38438+00,2026-10-03 08:46:52.922656+00
26309edc-db36-4ab8-9ec6-718981f3d88e,/srv/fim-watch/gen_00384.txt,2026-10-03 08:45:27.484173+00,2026-10-03 08:46:52.949171+00
0bf715f9-abf6-4666-a95c-4bcc9e9078a4,/srv/fim-watch/critico/gen_00280.txt,2026-10-03 08:45:27.584552+00,2026-10-03 08:46:52.972739+00
5a3491e0-8023-4e95-8aba-28223a2d6720,/srv/fim-watch/gen_00503.txt,2026-10-03 08:45:27.684097+00,2026-10-03 08:46:52.986286+00
a12d5776-7a40-41cd-bd87-adff33b5ec4b,/srv/fim-watch/gen_00459.txt,2026-10-03 08:45:27.783932+00,2026-10-03 08:46:53.004985+00
723abd8b-28d5-4f97-9e7c-0abbe1ea88dc,/srv/fim-watch/gen_00430.txt,2026-10-03 08:45:27.883479+00,2026-10-03 08:46:53.029035+00
68ac917c-1543-487b-8a0a-7f73e374aa40,/srv/fim-watch/gen_00384.txt,2026-10-03 08:45:27.983955+00,2026-10-03 08:46:53.044618+00
d438f0ad-05d9-4f1c-a97c-c5a5d15a0124,/srv/fim-watch/critico/gen_00437.txt,2026-10-03 08:45:28.084126+00,2026-10-03 08:46:53.059699+00
0c5726b2-4bdb-4244-a1f9-51aba769c127,/srv/fim-watch/gen_00325.txt,2026-10-03 08:45:28.1842+00,2026-10-03 08:46:53.091406+00
3174a596-c484-43a2-b2b7-67a9a073fac4,/srv/fim-watch/gen_00460.txt,2026-10-03 08:45:28.284216+00,2026-10-03 08:46:53.102626+00
4eebfc75-902b-459e-8beb-2c386c7c3d17,/srv/fim-watch/gen_00387.txt,2026-10-03 08:45:28.384143+00,2026-10-03 08:46:53.120304+00
ae82704b-9343-430f-89b5-e201ff4c9d70,/srv/fim-watch/gen_00504.txt,2026-10-03 08:45:28.483989+00,2026-10-03 08:46:53.130039+00
2be3b912-c629-4a68-a836-142e02299c08,/srv/fim-watch/gen_00434.txt,2026-10-03 08:45:28.583209+00,2026-10-03 08:46:53.146527+00
e58cbd32-b2f8-43d1-aae8-83601b2a911a,/srv/fim-watch/gen_00505.txt,2026-10-03 08:45:28.683153+00,2026-10-03 08:46:53.15654+00
f825db8b-2574-434d-9e76-457de2c847cc,/srv/fim-watch/critico/gen_00428.txt,2026-10-03 08:45:28.783951+00,2026-10-03 08:46:53.168037+00
7e863215-826f-4b74-815c-bb8aec8b6dd7,/srv/fim-watch/gen_00317.txt,2026-10-03 08:45:28.884553+00,2026-10-03 08:46:53.178175+00
94186dbe-7cc5-478e-947b-4d0a21d4eca9,/srv/fim-watch/gen_00368.txt,2026-10-03 08:45:28.984033+00,2026-10-03 08:46:53.193842+00
aa0f14b2-9ad2-4370-b9e1-39200c07444c,/srv/fim-watch/critico/gen_00506.txt,2026-10-03 08:45:29.084288+00,2026-10-03 08:46:53.204828+00
3d00041d-4127-4d8b-8687-fbcf5690e53e,/srv/fim-watch/critico/gen_00506.txt,2026-10-03 08:45:29.184266+00,2026-10-03 08:46:53.217703+00
8d999fbc-7f42-4fb9-b980-f62e2ff0ba8e,/srv/fim-watch/critico/gen_00444.txt,2026-10-03 08:45:29.284104+00,2026-10-03 08:46:53.234279+00
a2ebb7aa-0955-4e69-b7ac-1a115960c5d2,/srv/fim-watch/critico/gen_00444.txt,2026-10-03 08:45:29.384201+00,2026-10-03 08:46:53.245302+00
ce924474-1030-461d-8d54-9e85358e2ea5,/srv/fim-watch/gen_00507.txt,2026-10-03 08:45:29.48387+00,2026-10-03 08:46:53.260148+00
fa9db0c0-250d-40cc-ae0d-5f1d3718b823,/srv/fim-watch/gen_00400.txt,2026-10-03 08:45:29.584651+00,2026-10-03 08:46:53.277416+00
0712073e-126c-486e-8580-b84103eb3834,/srv/fim-watch/gen_00299.txt,2026-10-03 08:45:29.684497+00,2026-10-03 08:46:53.290246+00
ff571f68-b445-4751-bb1d-8e7bf1b207c6,/srv/fim-watch/gen_00299.txt,2026-10-03 08:45:29.783602+00,2026-10-03 08:46:53.302211+00
8aefe44a-4f83-4ab6-9c55-2cb919f43830,/srv/fim-watch/gen_00249.txt,2026-10-03 08:45:29.883934+00,2026-10-03 08:46:53.317+00
b81efa7b-2e6d-421e-ad74-aea48f0758a6,/srv/fim-watch/gen_00439.txt,2026-10-03 08:45:29.984105+00,2026-10-03 08:46:53.334637+00
c8157835-3d82-48f9-b326-d7b8aa2b2893,/srv/fim-watch/critico/gen_00272.txt,2026-10-03 08:45:30.084372+00,2026-10-03 08:46:53.355789+00
066c4698-7bf4-4ec0-8435-6c7a58516f6b,/srv/fim-watch/gen_00188.txt,2026-10-03 08:45:30.184515+00,2026-10-03 08:46:53.365796+00
5aa0d9be-3bee-41e5-a48b-2744fa719981,/srv/fim-watch/gen_00487.txt,2026-10-03 08:45:30.286716+00,2026-10-03 08:46:53.37481+00
8e9ea55e-17ca-4293-8891-be2b1ece0511,/srv/fim-watch/critico/gen_00369.txt,2026-10-03 08:45:30.384554+00,2026-10-03 08:46:53.392103+00
7d75549e-d8ff-426d-8ef1-73d630ea294a,/srv/fim-watch/critico/gen_00156.txt,2026-10-03 08:45:30.484171+00,2026-10-03 08:46:53.424046+00
340dab51-8767-40b6-9539-7c48cad396a9,/srv/fim-watch/gen_00503.txt,2026-10-03 08:45:30.583812+00,2026-10-03 08:46:53.468122+00
efd97b98-2377-4e7e-84d6-712ec0327e87,/srv/fim-watch/critico/gen_00189.txt,2026-10-03 08:45:30.683921+00,2026-10-03 08:46:53.489304+00
c9f96952-ebb4-4036-9f13-2ec0cd902056,/srv/fim-watch/gen_00508.txt,2026-10-03 08:45:30.7842+00,2026-10-03 08:46:53.504195+00
8fad0d95-9b36-4a2f-a5be-15ea2f29f714,/srv/fim-watch/gen_00489.txt,2026-10-03 08:45:30.884696+00,2026-10-03 08:46:53.53486+00
06cf631f-ad52-4bd9-80e7-965751846ac1,/srv/fim-watch/gen_00504.txt,2026-10-03 08:45:30.983659+00,2026-10-03 08:46:53.552622+00
abefcf40-59f5-4f8f-93ed-b380e91eec5f,/srv/fim-watch/critico/gen_00509.txt,2026-10-03 08:45:31.084101+00,2026-10-03 08:46:53.565989+00
11275970-c2c8-4be1-a7c1-271a7c261c29,/srv/fim-watch/gen_00510.txt,2026-10-03 08:45:31.183863+00,2026-10-03 08:46:53.586971+00
5641ef55-a642-4d4b-9102-b0b42c8a69fd,/srv/fim-watch/gen_00298.txt,2026-10-03 08:45:31.284161+00,2026-10-03 08:46:53.596701+00
508ca188-8b03-491d-804d-8d1e652a92b4,/srv/fim-watch/critico/gen_00511.txt,2026-10-03 08:45:31.384291+00,2026-10-03 08:46:53.604086+00
c261630e-bb8c-4efe-8b0e-9d8f3d3ace12,/srv/fim-watch/critico/gen_00511.txt,2026-10-03 08:45:31.483571+00,2026-10-03 08:46:53.612223+00
1197ca70-f128-48b9-bdc5-280d452d90db,/srv/fim-watch/gen_00352.txt,2026-10-03 08:45:31.583959+00,2026-10-03 08:46:53.618224+00
c2d679fb-4761-45a8-ab94-7f6d5686c0d0,/srv/fim-watch/critico/gen_00130.txt,2026-10-03 08:45:31.68417+00,2026-10-03 08:46:53.625647+00
f8d92cce-f4b1-4a13-84d6-6f980055c8e9,/srv/fim-watch/critico/gen_00457.txt,2026-10-03 08:45:31.784022+00,2026-10-03 08:46:53.633155+00
5985848f-422a-4757-99ca-d124ce34465e,/srv/fim-watch/gen_00418.txt,2026-10-03 08:45:31.884178+00,2026-10-03 08:46:53.640027+00
50b1b311-23fa-4cc7-b8a1-c12431a3e376,/srv/fim-watch/gen_00417.txt,2026-10-03 08:45:31.983661+00,2026-10-03 08:46:53.649131+00
b42cff99-6dc4-468e-a16a-e85be8cc90f5,/srv/fim-watch/gen_00126.txt,2026-10-03 08:45:32.083952+00,2026-10-03 08:46:53.65633+00
c426d48a-13b4-4897-9baa-3f85f3633ab9,/srv/fim-watch/gen_00255.txt,2026-10-03 08:45:32.183924+00,2026-10-03 08:46:53.665091+00
c3a6f32a-7aa9-4da8-b3ab-9eb13dbe1052,/srv/fim-watch/gen_00477.txt,2026-10-03 08:45:32.283196+00,2026-10-03 08:46:53.672776+00
f2fde7fa-062d-4950-97b7-7722dcdbd525,/srv/fim-watch/critico/gen_00512.txt,2026-10-03 08:45:32.384189+00,2026-10-03 08:46:53.682102+00
1d7f6789-06ff-440a-8559-2da818870a6c,/srv/fim-watch/gen_00228.txt,2026-10-03 08:45:32.483889+00,2026-10-03 08:46:53.689666+00
4b505760-8b74-457b-be95-2ecf5a61da32,/srv/fim-watch/gen_00513.txt,2026-10-03 08:45:32.584258+00,2026-10-03 08:46:53.697279+00
eee0dc52-4c4f-4d2e-9e84-9e48cf019e0f,/srv/fim-watch/gen_00514.txt,2026-10-03 08:45:32.68423+00,2026-10-03 08:46:53.705154+00
e6e7b4f4-c6fe-4aa2-b72e-8aa375f6d1fc,/srv/fim-watch/critico/gen_00344.txt,2026-10-03 08:45:32.784143+00,2026-10-03 08:46:53.713531+00
021f4e3f-6464-433b-8d82-fe0158db9df0,/srv/fim-watch/gen_00117.txt,2026-10-03 08:45:32.884278+00,2026-10-03 08:46:53.722471+00
400bd056-25e1-48db-9f45-32eac6b104b1,/srv/fim-watch/gen_00453.txt,2026-10-03 08:45:32.984094+00,2026-10-03 08:46:53.733217+00
f3159c27-e1cf-49e0-8dd6-d6f8c091d6e6,/srv/fim-watch/gen_00453.txt,2026-10-03 08:45:33.084142+00,2026-10-03 08:46:53.742751+00
791b57e2-2f7c-44d0-b8dc-84b6a1acbae0,/srv/fim-watch/gen_00215.txt,2026-10-03 08:45:33.184111+00,2026-10-03 08:46:53.750309+00
f9e7479d-8b40-4b01-8a1c-9ac480570448,/srv/fim-watch/gen_00394.txt,2026-10-03 08:45:33.28393+00,2026-10-03 08:46:53.757746+00
9e9dcaa2-9541-4e59-9788-ca3b6a041308,/srv/fim-watch/gen_00515.txt,2026-10-03 08:45:33.383947+00,2026-10-03 08:46:53.767385+00
78868984-8bb8-4796-950a-a6fc8f1b62f1,/srv/fim-watch/critico/gen_00209.txt,2026-10-03 08:45:33.484206+00,2026-10-03 08:46:53.778335+00
d3996a80-da40-46b8-be48-28cad3789263,/srv/fim-watch/critico/gen_00361.txt,2026-10-03 08:45:33.584229+00,2026-10-03 08:46:53.796291+00
b86fd0cc-5bf8-4d54-b602-3ea13132adbf,/srv/fim-watch/critico/gen_00516.txt,2026-10-03 08:45:33.683489+00,2026-10-03 08:46:53.810334+00
934d1cde-711b-4415-8884-9f367b998426,/srv/fim-watch/gen_00517.txt,2026-10-03 08:45:33.783898+00,2026-10-03 08:46:53.828509+00
1aed8093-85da-4e42-8b4d-370cf3d9b72d,/srv/fim-watch/gen_00486.txt,2026-10-03 08:45:33.884855+00,2026-10-03 08:46:53.847326+00
28f4d2e7-0885-44df-b48b-f1f2eae1b58f,/srv/fim-watch/gen_00291.txt,2026-10-03 08:45:33.983646+00,2026-10-03 08:46:53.867011+00
5b2a0b14-931b-4829-930e-93f1fc8a266b,/srv/fim-watch/gen_00291.txt,2026-10-03 08:45:34.084095+00,2026-10-03 08:46:53.889984+00
16e4b6e1-f911-4711-b803-fcebe58b0357,/srv/fim-watch/gen_00160.txt,2026-10-03 08:45:34.183792+00,2026-10-03 08:46:53.906204+00
d528f867-def3-4bc0-9ed9-6146c2e6f594,/srv/fim-watch/gen_00160.txt,2026-10-03 08:45:34.284246+00,2026-10-03 08:46:53.914507+00
8fbd19c4-b388-4f06-87b5-1b6d11943d19,/srv/fim-watch/gen_00458.txt,2026-10-03 08:45:34.384103+00,2026-10-03 08:46:53.922779+00
7ecc9f28-9554-413b-9ef2-a79051456adc,/srv/fim-watch/gen_00518.txt,2026-10-03 08:45:34.483974+00,2026-10-03 08:46:53.93071+00
7a9dbee9-792f-4422-a66d-4301e9f62cbe,/srv/fim-watch/gen_00249.txt,2026-10-03 08:45:34.584074+00,2026-10-03 08:46:53.939187+00
76a9d974-45e7-4cd5-a29f-fb920a357d20,/srv/fim-watch/gen_00429.txt,2026-10-03 08:45:34.684259+00,2026-10-03 08:46:53.948259+00
721881e0-4a3e-45bf-b143-c256c6dc36c3,/srv/fim-watch/gen_00429.txt,2026-10-03 08:45:34.784273+00,2026-10-03 08:46:53.959928+00
81ebb24f-31d8-4031-8498-ef9ba56e05ab,/srv/fim-watch/critico/gen_00451.txt,2026-10-03 08:45:34.884258+00,2026-10-03 08:46:53.970967+00
d8ed41d4-fa83-4572-9d84-d256283b157b,/srv/fim-watch/gen_00395.txt,2026-10-03 08:45:34.984016+00,2026-10-03 08:46:53.979827+00
90e9db3b-184b-43ee-8023-c85b4918da7b,/srv/fim-watch/gen_00519.txt,2026-10-03 08:45:35.08425+00,2026-10-03 08:46:53.986924+00
8314545e-3067-49a6-8ebc-dea376494310,/srv/fim-watch/gen_00501.txt,2026-10-03 08:45:35.184024+00,2026-10-03 08:46:53.994089+00
71f8a9ab-f16b-4d9f-ba5a-69f6dd6d4b78,/srv/fim-watch/gen_00475.txt,2026-10-03 08:45:35.284263+00,2026-10-03 08:46:54.001402+00
40aa0d60-9e83-4390-b29a-85b13bcd4002,/srv/fim-watch/critico/gen_00280.txt,2026-10-03 08:45:35.384266+00,2026-10-03 08:46:54.015163+00
7253abda-cc61-4496-87d4-9a037bc18d24,/srv/fim-watch/critico/gen_00280.txt,2026-10-03 08:45:35.484096+00,2026-10-03 08:46:54.023152+00
7c772e89-b33b-4dc0-8735-17b89334fae2,/srv/fim-watch/critico/gen_00280.txt,2026-10-03 08:45:35.584467+00,2026-10-03 08:46:54.0313+00
906f4573-08d2-4765-9055-937da309fe02,/srv/fim-watch/critico/gen_00280.txt,2026-10-03 08:45:35.684226+00,2026-10-03 08:46:54.038679+00
d1ac8b5f-b75c-4b20-829f-bbafb4a98848,/srv/fim-watch/critico/gen_00280.txt,2026-10-03 08:45:35.78432+00,2026-10-03 08:46:54.046168+00
a64eb890-4c0b-4c2f-8d03-b5d33d8e3c08,/srv/fim-watch/critico/gen_00391.txt,2026-10-03 08:45:35.884388+00,2026-10-03 08:46:54.053857+00
242eee7e-6e58-4e0d-84ff-e3a4b689eb1e,/srv/fim-watch/gen_00520.txt,2026-10-03 08:45:35.984123+00,2026-10-03 08:46:54.061756+00
d85d00c8-d3a8-4462-9f8f-a9a6d106d2ab,/srv/fim-watch/gen_00521.txt,2026-10-03 08:45:36.083781+00,2026-10-03 08:46:54.069279+00
4d5e8d76-4f1e-4096-9572-b91dfc8a5cfc,/srv/fim-watch/gen_00520.txt,2026-10-03 08:45:36.184381+00,2026-10-03 08:46:54.076466+00
4234f3da-5f5c-4a06-9d07-ae8426cf0b3b,/srv/fim-watch/gen_00464.txt,2026-10-03 08:45:36.283842+00,2026-10-03 08:46:54.084431+00
13d20276-05c7-4b3f-9c78-ee054e2789fc,/srv/fim-watch/gen_00491.txt,2026-10-03 08:45:36.384033+00,2026-10-03 08:46:54.09486+00
853d171b-e942-4953-b55d-f66316c49f48,/srv/fim-watch/gen_00522.txt,2026-10-03 08:45:36.484209+00,2026-10-03 08:46:54.112904+00
33b89081-5692-467b-8d46-e53ee724b9da,/srv/fim-watch/critico/gen_00523.txt,2026-10-03 08:45:36.584241+00,2026-10-03 08:46:54.12312+00
50f27ccd-0bd7-421a-9e9c-180bada0266e,/srv/fim-watch/gen_00352.txt,2026-10-03 08:45:36.684129+00,2026-10-03 08:46:54.133551+00
5af9cd91-5584-4670-9fcd-6625701a3799,/srv/fim-watch/gen_00307.txt,2026-10-03 08:45:36.783914+00,2026-10-03 08:46:54.143801+00
0366bf2e-9c13-4ea2-9ba3-04196cb71e68,/srv/fim-watch/critico/gen_00524.txt,2026-10-03 08:45:36.884285+00,2026-10-03 08:46:54.161625+00
7b63ad51-0a0f-4f7b-95c6-b15b986a7dce,/srv/fim-watch/gen_00467.txt,2026-10-03 08:45:36.984123+00,2026-10-03 08:46:54.174945+00
9ebb2894-c54f-4cf5-b159-7cf0ec35d642,/srv/fim-watch/gen_00467.txt,2026-10-03 08:45:37.084094+00,2026-10-03 08:46:54.190405+00
d29a47c3-a65a-482f-827d-201f8e148b00,/srv/fim-watch/gen_00467.txt,2026-10-03 08:45:37.18429+00,2026-10-03 08:46:54.201331+00
3251a91c-338a-401d-b2c2-954c00799421,/srv/fim-watch/gen_00467.txt,2026-10-03 08:45:37.28368+00,2026-10-03 08:46:54.214989+00
35d1d991-9a8e-466a-9a53-3f8844ad19d9,/srv/fim-watch/gen_00467.txt,2026-10-03 08:45:37.383474+00,2026-10-03 08:46:54.228147+00
8364bc2e-4eec-4062-973c-95271c555f4f,/srv/fim-watch/gen_00050.txt,2026-10-03 08:45:37.483951+00,2026-10-03 08:46:54.246503+00
0745cd70-615b-476e-8eb9-c36815012e30,/srv/fim-watch/gen_00254.txt,2026-10-03 08:45:37.583976+00,2026-10-03 08:46:54.258852+00
054881d1-9394-458c-9b79-7e19c7fd4e26,/srv/fim-watch/gen_00525.txt,2026-10-03 08:45:37.684092+00,2026-10-03 08:46:54.276742+00
32b9cd98-9daa-47b1-9536-38f3fdf3edf1,/srv/fim-watch/critico/gen_00053.txt,2026-10-03 08:45:37.784338+00,2026-10-03 08:46:54.296782+00
0d39cfff-5936-4144-bbcd-b450b0b745f9,/srv/fim-watch/critico/gen_00304.txt,2026-10-03 08:45:37.883882+00,2026-10-03 08:46:54.325568+00
10867acd-709c-46a5-939e-c88957c53bd6,/srv/fim-watch/gen_00474.txt,2026-10-03 08:45:37.983937+00,2026-10-03 08:46:54.350475+00
e9752cde-9ac9-4cf7-a87f-fb97400e18b7,/srv/fim-watch/gen_00289.txt,2026-10-03 08:45:38.08328+00,2026-10-03 08:46:54.403845+00
c365da60-b7e7-4800-ae10-400acc4af3a8,/srv/fim-watch/gen_00513.txt,2026-10-03 08:45:38.184179+00,2026-10-03 08:46:54.432151+00
5aec81fa-c83a-4333-aab3-8c1bc7690c88,/srv/fim-watch/gen_00526.txt,2026-10-03 08:45:38.284073+00,2026-10-03 08:46:54.446013+00
a67c3bd6-3b8a-4fd0-9b49-17771dafac9b,/srv/fim-watch/gen_00418.txt,2026-10-03 08:45:38.384197+00,2026-10-03 08:46:54.457281+00
eb4fff43-e75e-46ef-87b7-9122b00c48db,/srv/fim-watch/critico/gen_00527.txt,2026-10-03 08:45:38.483936+00,2026-10-03 08:46:54.467098+00
fa6f1eb2-53bc-4b6b-bff2-75f9c8698515,/srv/fim-watch/gen_00179.txt,2026-10-03 08:45:38.584354+00,2026-10-03 08:46:54.494568+00
e7517935-2093-4da8-9503-5495ac066bbd,/srv/fim-watch/gen_00179.txt,2026-10-03 08:45:38.683404+00,2026-10-03 08:46:54.509698+00
1b7379a6-1289-40c8-ac73-54b80ce96f83,/srv/fim-watch/gen_00528.txt,2026-10-03 08:45:38.783857+00,2026-10-03 08:46:54.528212+00
c396e5e7-b437-447c-84e1-76bb31998252,/srv/fim-watch/gen_00514.txt,2026-10-03 08:45:38.883893+00,2026-10-03 08:46:54.5447+00
2a638acf-d6e9-4ac1-8a86-cfdc2658313b,/srv/fim-watch/gen_00486.txt,2026-10-03 08:45:38.984235+00,2026-10-03 08:46:54.563423+00
f80e3ded-1d37-4b4a-911f-326773248128,/srv/fim-watch/critico/gen_00502.txt,2026-10-03 08:45:39.084138+00,2026-10-03 08:46:54.576563+00
e845dcc9-a9c6-49e6-a249-589dbfc94190,/srv/fim-watch/gen_00325.txt,2026-10-03 08:45:39.184143+00,2026-10-03 08:46:54.58452+00
975cbe32-fbc7-435a-a913-7bf0def6ef43,/srv/fim-watch/critico/gen_00353.txt,2026-10-03 08:45:39.284198+00,2026-10-03 08:46:54.595071+00
acd6b183-92fc-4967-99e7-4a3b6dbe42b8,/srv/fim-watch/gen_00284.txt,2026-10-03 08:45:39.384155+00,2026-10-03 08:46:54.605321+00
bd5a855f-f211-4ec8-a9fa-d25279bb4367,/srv/fim-watch/gen_00241.txt,2026-10-03 08:45:39.484236+00,2026-10-03 08:46:54.614552+00
a2499d53-9717-4f40-a4fc-2fa7cd6ed755,/srv/fim-watch/gen_00405.txt,2026-10-03 08:45:39.58439+00,2026-10-03 08:46:54.629685+00
97f8651a-d84e-49ae-82d2-ba18d0291d5f,/srv/fim-watch/gen_00405.txt,2026-10-03 08:45:39.684102+00,2026-10-03 08:46:54.640984+00
016de1b4-07f3-4ce5-b773-f2249cb85723,/srv/fim-watch/critico/gen_00465.txt,2026-10-03 08:45:39.784061+00,2026-10-03 08:46:54.653015+00
876d57c3-b729-416c-b135-c06d3ff5b3fd,/srv/fim-watch/critico/gen_00184.txt,2026-10-03 08:45:39.883726+00,2026-10-03 08:46:54.662894+00
27564486-c637-4a88-a228-49091c27cd1f,/srv/fim-watch/gen_00529.txt,2026-10-03 08:45:39.984036+00,2026-10-03 08:46:54.673281+00
f91a826f-dfea-4f05-b579-ca11898ae218,/srv/fim-watch/gen_00426.txt,2026-10-03 08:45:40.084153+00,2026-10-03 08:46:54.686396+00
813d8d5f-6c93-4eb0-a9b2-0dc4836c61c8,/srv/fim-watch/critico/gen_00530.txt,2026-10-03 08:45:40.18407+00,2026-10-03 08:46:54.695216+00
4697d03c-9fc8-4113-a694-ad4f03565f86,/srv/fim-watch/critico/gen_00262.txt,2026-10-03 08:45:40.284076+00,2026-10-03 08:46:54.719738+00
c1099615-ae34-456b-ad58-a5ba9bb623c3,/srv/fim-watch/gen_00531.txt,2026-10-03 08:45:40.383635+00,2026-10-03 08:46:54.755097+00
a3fe7eeb-fa29-45d2-8589-bbdb4e95e752,/srv/fim-watch/gen_00500.txt,2026-10-03 08:45:40.484182+00,2026-10-03 08:46:54.768604+00
913fe74c-6ce3-4503-ae9f-9a461d12ad33,/srv/fim-watch/gen_00500.txt,2026-10-03 08:45:40.584195+00,2026-10-03 08:46:54.79276+00
d4b6b475-f38a-47cf-af81-85fdb0e15407,/srv/fim-watch/gen_00331.txt,2026-10-03 08:45:40.683873+00,2026-10-03 08:46:54.803757+00
3e6ea19b-be1f-42fa-aaa6-276a16676159,/srv/fim-watch/gen_00377.txt,2026-10-03 08:45:40.78393+00,2026-10-03 08:46:54.825855+00
f6cdd0b9-ed98-4c54-aabe-3945fa4d53b1,/srv/fim-watch/gen_00323.txt,2026-10-03 08:45:40.884152+00,2026-10-03 08:46:54.857224+00
83636b32-37be-4fec-bb6f-0d630d72c3af,/srv/fim-watch/gen_00228.txt,2026-10-03 08:45:40.983416+00,2026-10-03 08:46:54.880254+00
79d82388-7079-4081-a7df-2b4b57440019,/srv/fim-watch/gen_00228.txt,2026-10-03 08:45:41.083991+00,2026-10-03 08:46:54.890311+00
ae5f904f-44c9-46b8-a535-d15932983b0a,/srv/fim-watch/gen_00228.txt,2026-10-03 08:45:41.184082+00,2026-10-03 08:46:54.903358+00
40d617cb-1cd0-4671-abaf-ea99766343c1,/srv/fim-watch/gen_00228.txt,2026-10-03 08:45:41.284323+00,2026-10-03 08:46:54.911857+00
64b40af8-4bd6-438c-b7ca-8b7af826ae4a,/srv/fim-watch/gen_00228.txt,2026-10-03 08:45:41.383905+00,2026-10-03 08:46:54.919718+00
961c05af-424b-44bb-847e-b8515e1bd30f,/srv/fim-watch/gen_00417.txt,2026-10-03 08:45:41.484367+00,2026-10-03 08:46:54.927476+00
946e053f-fd0b-403a-a6d4-57ccb2725aa6,/srv/fim-watch/critico/gen_00532.txt,2026-10-03 08:45:41.584326+00,2026-10-03 08:46:54.934803+00
405ad93d-11df-445c-9c30-c1f57ea1e950,/srv/fim-watch/gen_00325.txt,2026-10-03 08:45:41.684512+00,2026-10-03 08:46:54.942106+00
3f8a6c13-3bde-47c1-8b39-d37109bc89e0,/srv/fim-watch/gen_00533.txt,2026-10-03 08:45:41.784091+00,2026-10-03 08:46:54.952867+00
f98cc965-b916-4fbf-aed0-e09bbef2208d,/srv/fim-watch/gen_00513.txt,2026-10-03 08:45:41.887181+00,2026-10-03 08:46:54.968988+00
90eaa36b-58b4-4dc7-9883-45fac41cb16a,/srv/fim-watch/gen_00206.txt,2026-10-03 08:45:41.983896+00,2026-10-03 08:46:54.97738+00
ae77e6cf-972d-4b9b-ad57-76f9694b6c90,/srv/fim-watch/gen_00501.txt,2026-10-03 08:45:42.084472+00,2026-10-03 08:46:54.983023+00
790e59d8-969e-4d81-8da4-f26028b26a7d,/srv/fim-watch/gen_00298.txt,2026-10-03 08:45:42.183883+00,2026-10-03 08:46:54.99148+00
ebb97292-9623-4139-92f9-18142191ce6e,/srv/fim-watch/gen_00352.txt,2026-10-03 08:45:42.284179+00,2026-10-03 08:46:54.997392+00
24f89959-3210-4191-9ab2-89689a60797b,/srv/fim-watch/critico/gen_00409.txt,2026-10-03 08:45:42.38365+00,2026-10-03 08:46:55.007996+00
7ca6bf65-bc0e-4e44-ac85-b074736300c2,/srv/fim-watch/gen_00534.txt,2026-10-03 08:45:42.483673+00,2026-10-03 08:46:55.019129+00
b5320b87-1cbe-4948-9a4d-268bc8b32ad2,/srv/fim-watch/gen_00064.txt,2026-10-03 08:45:42.584416+00,2026-10-03 08:46:55.037399+00
148283ff-f85f-4f41-9466-2c9d3a7f5c71,/srv/fim-watch/gen_00424.txt,2026-10-03 08:45:42.684229+00,2026-10-03 08:46:55.049704+00
20c258bc-d944-47f1-92e2-90a9a2df0fda,/srv/fim-watch/gen_00424.txt,2026-10-03 08:45:42.784096+00,2026-10-03 08:46:55.061475+00
d64a0db4-0a5d-4727-bbae-5487c535bc4b,/srv/fim-watch/gen_00424.txt,2026-10-03 08:45:42.88452+00,2026-10-03 08:46:55.077195+00
9a82e85f-06b0-4bc2-aef9-c3717d6e16c7,/srv/fim-watch/gen_00424.txt,2026-10-03 08:45:42.984006+00,2026-10-03 08:46:55.085784+00
aebdce49-c058-4cc7-9a00-82625d9c89eb,/srv/fim-watch/gen_00424.txt,2026-10-03 08:45:43.084121+00,2026-10-03 08:46:55.099293+00
b5d56d07-8ef8-43df-a214-6e1e8b2bae32,/srv/fim-watch/gen_00535.txt,2026-10-03 08:45:43.184013+00,2026-10-03 08:46:55.111853+00
32572a13-81fa-459d-9814-a785463742b4,/srv/fim-watch/critico/gen_00413.txt,2026-10-03 08:45:43.284166+00,2026-10-03 08:46:55.132164+00
3a287199-2ae1-4340-9f2f-8e5becf71a3e,/srv/fim-watch/gen_00448.txt,2026-10-03 08:45:43.384299+00,2026-10-03 08:46:55.142999+00
7b3f714a-f6c6-43a5-865d-e44982f2cb69,/srv/fim-watch/gen_00448.txt,2026-10-03 08:45:43.483815+00,2026-10-03 08:46:55.159621+00
20ff3064-a427-4edb-8c40-93a65e838007,/srv/fim-watch/gen_00435.txt,2026-10-03 08:45:43.584269+00,2026-10-03 08:46:55.170054+00
da315954-f895-4272-b1d1-4b6ac6870b48,/srv/fim-watch/gen_00096.txt,2026-10-03 08:45:43.68411+00,2026-10-03 08:46:55.178076+00
7e616d31-7497-48c6-b507-191c009a3a3f,/srv/fim-watch/critico/gen_00191.txt,2026-10-03 08:45:43.78409+00,2026-10-03 08:46:55.18891+00
655f7dcc-139b-4afe-87d7-ca0e3c57e92c,/srv/fim-watch/critico/gen_00428.txt,2026-10-03 08:45:43.884229+00,2026-10-03 08:46:55.197781+00
7922dcba-038e-4161-af4a-b61904792ef1,/srv/fim-watch/gen_00259.txt,2026-10-03 08:45:43.983496+00,2026-10-03 08:46:55.210838+00
127d3cf7-6f6e-400e-8461-76b57323382d,/srv/fim-watch/gen_00259.txt,2026-10-03 08:45:44.084055+00,2026-10-03 08:46:55.222619+00
ffe27e03-5b7a-40ad-ae22-0b8e256811ca,/srv/fim-watch/gen_00259.txt,2026-10-03 08:45:44.183769+00,2026-10-03 08:46:55.23187+00
7725c2f6-1a46-48b6-bf82-e5c1ef9c1f7f,/srv/fim-watch/gen_00259.txt,2026-10-03 08:45:44.284059+00,2026-10-03 08:46:55.245507+00
6b10cb1b-5d44-4afa-9146-6828caf998c3,/srv/fim-watch/gen_00259.txt,2026-10-03 08:45:44.384015+00,2026-10-03 08:46:55.2552+00
11e9239f-f018-4358-95ab-9ddf73dc9f8f,/srv/fim-watch/gen_00269.txt,2026-10-03 08:45:44.483925+00,2026-10-03 08:46:55.270252+00
4ad06bae-030d-40fe-b308-d06658b1a60a,/srv/fim-watch/gen_00256.txt,2026-10-03 08:45:44.584542+00,2026-10-03 08:46:55.279971+00
486c64da-d27d-4867-9186-4cc773e63e7d,/srv/fim-watch/gen_00256.txt,2026-10-03 08:45:44.684369+00,2026-10-03 08:46:55.293951+00
695e9179-a4b4-4cf7-a2c8-2c3473964b79,/srv/fim-watch/critico/gen_00123.txt,2026-10-03 08:45:44.783554+00,2026-10-03 08:46:55.303149+00
f0e7b0d1-f765-496f-ae44-2edce0ede3b2,/srv/fim-watch/gen_00290.txt,2026-10-03 08:45:44.884117+00,2026-10-03 08:46:55.314331+00
65519dfd-3c73-414c-91d7-32c1c366d7b6,/srv/fim-watch/gen_00225.txt,2026-10-03 08:45:44.984361+00,2026-10-03 08:46:55.340578+00
30114b38-3ab6-487b-8bf1-2b37875e097d,/srv/fim-watch/gen_00404.txt,2026-10-03 08:45:45.084286+00,2026-10-03 08:46:55.363503+00
adb4ee45-c0b5-4ddf-afd5-8f89a52aa61b,/srv/fim-watch/gen_00479.txt,2026-10-03 08:45:45.184471+00,2026-10-03 08:46:55.373874+00
14df3be3-17fc-465b-8696-0e9d10cc061f,/srv/fim-watch/gen_00235.txt,2026-10-03 08:45:45.284057+00,2026-10-03 08:46:55.39774+00
320dad57-fd22-40fc-b2c4-f4f217a28999,/srv/fim-watch/critico/gen_00490.txt,2026-10-03 08:45:45.384203+00,2026-10-03 08:46:55.416242+00
0c326e17-32a2-4449-9063-3f356f4e8139,/srv/fim-watch/critico/gen_00209.txt,2026-10-03 08:45:45.4843+00,2026-10-03 08:46:55.427355+00
ae9a9ac4-5bd6-4ffc-8cb5-e9558f8a1bc8,/srv/fim-watch/gen_00285.txt,2026-10-03 08:45:45.584015+00,2026-10-03 08:46:55.440003+00
3b968ece-1d67-4521-a1a7-3f455da449c0,/srv/fim-watch/gen_00536.txt,2026-10-03 08:45:45.683375+00,2026-10-03 08:46:55.450489+00
c0f31e7d-bec8-424f-9392-c6793045007d,/srv/fim-watch/gen_00470.txt,2026-10-03 08:45:45.784611+00,2026-10-03 08:46:55.467407+00
2ad7f51d-8f55-4ca1-893c-27be0d129678,/srv/fim-watch/gen_00385.txt,2026-10-03 08:45:45.884635+00,2026-10-03 08:46:55.479382+00
dff2a86c-1720-4cf2-a904-ca897d0a7b77,/srv/fim-watch/gen_00139.txt,2026-10-03 08:45:45.984255+00,2026-10-03 08:46:55.488935+00
3f86a9ee-091f-49b2-95fb-d2a41cce6213,/srv/fim-watch/gen_00537.txt,2026-10-03 08:45:46.084264+00,2026-10-03 08:46:55.504391+00
b9e4b76b-f6d7-4c6a-a4d3-8fcba9604838,/srv/fim-watch/critico/gen_00456.txt,2026-10-03 08:45:46.183894+00,2026-10-03 08:46:55.514795+00
5206ae09-bbe4-465e-be03-3a136bc47649,/srv/fim-watch/gen_00498.txt,2026-10-03 08:45:46.28403+00,2026-10-03 08:46:55.523511+00
a965ad12-32ba-4897-a8ef-3054b2ee7b42,/srv/fim-watch/gen_00538.txt,2026-10-03 08:45:46.383967+00,2026-10-03 08:46:55.537025+00
cc685daf-419a-417f-b72c-5c5ec0c3aa86,/srv/fim-watch/gen_00539.txt,2026-10-03 08:45:46.484227+00,2026-10-03 08:46:55.559473+00
db017fff-6b2d-46a0-a985-5064d7974f76,/srv/fim-watch/gen_00498.txt,2026-10-03 08:45:46.584054+00,2026-10-03 08:46:55.58373+00
a1217c1a-4e5f-4d35-a255-f8219a955c84,/srv/fim-watch/gen_00498.txt,2026-10-03 08:45:46.684504+00,2026-10-03 08:46:55.5939+00
90c15f4e-13ac-4895-b444-f43fa90ec52f,/srv/fim-watch/gen_00498.txt,2026-10-03 08:45:46.78426+00,2026-10-03 08:46:55.614472+00
5566fc71-fa60-4389-b73a-a4a4c5565006,/srv/fim-watch/gen_00498.txt,2026-10-03 08:45:46.884257+00,2026-10-03 08:46:55.638868+00
8d7c0bef-71b9-4e1f-86c3-fed9d9e1e184,/srv/fim-watch/gen_00498.txt,2026-10-03 08:45:46.984266+00,2026-10-03 08:46:55.659825+00
98836b2b-dead-44ae-bf44-e27009963a77,/srv/fim-watch/gen_00540.txt,2026-10-03 08:45:47.083473+00,2026-10-03 08:46:55.686405+00
a2c32054-6b48-4ba2-8adc-bc845722088d,/srv/fim-watch/gen_00508.txt,2026-10-03 08:45:47.184126+00,2026-10-03 08:46:55.705551+00
8543d06e-529b-4c31-93bf-989db8f5f9e8,/srv/fim-watch/gen_00426.txt,2026-10-03 08:45:47.283819+00,2026-10-03 08:46:55.739988+00
e9d3ba09-be0e-413b-b35b-57d945baa2e9,/srv/fim-watch/gen_00534.txt,2026-10-03 08:45:47.384232+00,2026-10-03 08:46:55.756334+00
a1ca3b0f-733e-4e85-9370-6d7e2a03eada,/srv/fim-watch/gen_00541.txt,2026-10-03 08:45:47.483375+00,2026-10-03 08:46:55.777091+00
1131e9a1-c553-4e2a-bf15-21058131d3d0,/srv/fim-watch/gen_00542.txt,2026-10-03 08:45:47.58406+00,2026-10-03 08:46:55.789888+00
0ad5d11b-7fce-4d6e-ae4b-1742b8adcd01,/srv/fim-watch/gen_00475.txt,2026-10-03 08:45:47.684244+00,2026-10-03 08:46:55.86735+00
3cb23234-2cad-4375-ad9d-5890d43c65c4,/srv/fim-watch/gen_00475.txt,2026-10-03 08:45:47.784038+00,2026-10-03 08:46:55.892172+00
80ed9f6a-512a-4dcf-a054-4d9c901c0024,/srv/fim-watch/critico/gen_00509.txt,2026-10-03 08:45:47.884107+00,2026-10-03 08:46:55.918457+00
beacac7a-c0cf-42a9-9013-cde30239f054,/srv/fim-watch/critico/gen_00509.txt,2026-10-03 08:45:47.983968+00,2026-10-03 08:46:55.938374+00
02f2eaa1-150d-47a9-9d86-7ec65d7121dd,/srv/fim-watch/gen_00479.txt,2026-10-03 08:45:48.083985+00,2026-10-03 08:46:55.954006+00
10fc0b42-5ee3-4ce8-8c7a-bcf7117ed779,/srv/fim-watch/gen_00479.txt,2026-10-03 08:45:48.184036+00,2026-10-03 08:46:55.969331+00
cc60e1a0-f6f9-4973-bc95-2df6449f91ee,/srv/fim-watch/gen_00479.txt,2026-10-03 08:45:48.283605+00,2026-10-03 08:46:55.987716+00
0cb0ac4a-5ad7-4c63-8d28-af6ae6959d49,/srv/fim-watch/gen_00479.txt,2026-10-03 08:45:48.384092+00,2026-10-03 08:46:56.008478+00
e3b9840c-8a34-4277-9ef0-abf11517dd78,/srv/fim-watch/gen_00479.txt,2026-10-03 08:45:48.484048+00,2026-10-03 08:46:56.020444+00
7bd7641b-3728-43eb-b9f6-c18986575c13,/srv/fim-watch/gen_00543.txt,2026-10-03 08:45:48.584139+00,2026-10-03 08:46:56.032744+00
6f6b8cba-548d-4fe4-9d49-94d22f8ee8ee,/srv/fim-watch/gen_00498.txt,2026-10-03 08:45:48.683702+00,2026-10-03 08:46:56.042156+00
e6bae690-943f-4c58-a6ea-11363f6592fc,/srv/fim-watch/gen_00326.txt,2026-10-03 08:45:48.783375+00,2026-10-03 08:46:56.050694+00
4941b968-a5b4-4566-abf4-9862fcd0a4c8,/srv/fim-watch/gen_00544.txt,2026-10-03 08:45:48.883367+00,2026-10-03 08:46:56.063413+00
84205633-b72c-43c9-9c2d-7bc1aef527b6,/srv/fim-watch/critico/gen_00130.txt,2026-10-03 08:45:48.984337+00,2026-10-03 08:46:56.079434+00
fce95fd9-c4cb-405f-a2e9-52ff2940a619,/srv/fim-watch/gen_00545.txt,2026-10-03 08:45:49.084035+00,2026-10-03 08:46:56.092457+00
38cb8579-018c-4ce9-9415-60dd3df825d7,/srv/fim-watch/gen_00426.txt,2026-10-03 08:45:49.184078+00,2026-10-03 08:46:56.109066+00
b6ebf14b-c49f-4a29-aa7a-1057a8a17d1c,/srv/fim-watch/gen_00546.txt,2026-10-03 08:45:49.284112+00,2026-10-03 08:46:56.116249+00
30949fa4-ad2a-4e36-84df-49c8a4de49c3,/srv/fim-watch/gen_00163.txt,2026-10-03 08:45:49.384096+00,2026-10-03 08:46:56.124189+00
8103690d-1f69-4811-8ec4-18dbe50809f6,/srv/fim-watch/gen_00547.txt,2026-10-03 08:45:49.484231+00,2026-10-03 08:46:56.13481+00
95936fc0-8c89-46c5-b1a8-8323e39e0524,/srv/fim-watch/gen_00442.txt,2026-10-03 08:45:49.583949+00,2026-10-03 08:46:56.143404+00
f9b9af97-f97f-4427-8859-a37634ddb62b,/srv/fim-watch/gen_00519.txt,2026-10-03 08:45:49.684092+00,2026-10-03 08:46:56.153436+00
fd1d182c-78f6-4ff7-abc2-ce8cfd32576d,/srv/fim-watch/gen_00254.txt,2026-10-03 08:45:49.784551+00,2026-10-03 08:46:56.162122+00
dc41c813-a0ac-4cf4-8e2a-9bcfcaf6f27e,/srv/fim-watch/gen_00134.txt,2026-10-03 08:45:49.884115+00,2026-10-03 08:46:56.174393+00
e62828bc-8fd6-4192-a61d-69d790079dd9,/srv/fim-watch/gen_00134.txt,2026-10-03 08:45:49.984109+00,2026-10-03 08:46:56.190162+00
7eb3a043-699a-4ba7-b7a5-aa8f3b376dc6,/srv/fim-watch/critico/gen_00530.txt,2026-10-03 08:45:50.084219+00,2026-10-03 08:46:56.199825+00
7684c9a8-a922-4205-bdb7-5724bd654382,/srv/fim-watch/gen_00196.txt,2026-10-03 08:45:50.183957+00,2026-10-03 08:46:56.209816+00
894a4481-0e70-4098-a151-31bc8953faf0,/srv/fim-watch/gen_00309.txt,2026-10-03 08:45:50.284495+00,2026-10-03 08:46:56.218309+00
52efa17b-280b-4521-9304-80a0a360ced6,/srv/fim-watch/gen_00500.txt,2026-10-03 08:45:50.383969+00,2026-10-03 08:46:56.245609+00
ab6cc294-fb5b-482b-b9fc-0ba3dc0d1294,/srv/fim-watch/critico/gen_00438.txt,2026-10-03 08:45:50.484146+00,2026-10-03 08:46:56.255946+00
8dd755d6-39fc-4525-be98-6c9cadc02317,/srv/fim-watch/critico/gen_00548.txt,2026-10-03 08:45:50.584233+00,2026-10-03 08:46:56.274981+00
b20271e4-d4f1-4966-9235-eaccb8e085a7,/srv/fim-watch/gen_00128.txt,2026-10-03 08:45:50.684164+00,2026-10-03 08:46:56.286247+00
a79c15ac-0ffa-4d1d-84fe-0c10050d73b4,/srv/fim-watch/gen_00207.txt,2026-10-03 08:45:50.783901+00,2026-10-03 08:46:56.30319+00
fa22e539-d0ff-488a-83ca-21384ac4766b,/srv/fim-watch/gen_00207.txt,2026-10-03 08:45:50.884102+00,2026-10-03 08:46:56.317498+00
fb0e51bf-6f4c-4826-bbe2-53f3f44578dc,/srv/fim-watch/gen_00539.txt,2026-10-03 08:45:50.983184+00,2026-10-03 08:46:56.360936+00
29b3e014-e623-4556-a1b7-60ff888799ff,/srv/fim-watch/gen_00466.txt,2026-10-03 08:45:51.083976+00,2026-10-03 08:46:56.371284+00
d09b2351-a968-4283-8bf6-a16b5c0eef6f,/srv/fim-watch/gen_00163.txt,2026-10-03 08:45:51.184175+00,2026-10-03 08:46:56.382179+00
38f936d0-8dea-423f-932c-fb7a62f7bf7b,/srv/fim-watch/gen_00549.txt,2026-10-03 08:45:51.283936+00,2026-10-03 08:46:56.394854+00
ef712d1b-0f77-4941-97c6-05ac15e27fae,/srv/fim-watch/gen_00412.txt,2026-10-03 08:45:51.383255+00,2026-10-03 08:46:56.405137+00
f4382769-aff5-4310-8f14-aff43144bf92,/srv/fim-watch/gen_00550.txt,2026-10-03 08:45:51.483969+00,2026-10-03 08:46:56.414237+00
02179b17-1515-4325-9627-0b7d2a884513,/srv/fim-watch/gen_00547.txt,2026-10-03 08:45:51.584103+00,2026-10-03 08:46:56.42126+00
1a36a971-ff1f-4e34-afd7-c9ef407954f2,/srv/fim-watch/gen_00543.txt,2026-10-03 08:45:51.684509+00,2026-10-03 08:46:56.428668+00
89bb5a16-2193-4ac7-98d0-29afea752abd,/srv/fim-watch/gen_00320.txt,2026-10-03 08:45:51.784246+00,2026-10-03 08:46:56.438485+00
4fc333ed-d234-4fe3-a32f-6a16373fb216,/srv/fim-watch/gen_00221.txt,2026-10-03 08:45:51.884253+00,2026-10-03 08:46:56.446295+00
463c6f54-895c-44af-b1ba-58d46927a400,/srv/fim-watch/gen_00466.txt,2026-10-03 08:45:51.986676+00,2026-10-03 08:46:56.454037+00
b73aeb08-2425-4f5d-92c1-f0df774f329f,/srv/fim-watch/gen_00331.txt,2026-10-03 08:45:52.084087+00,2026-10-03 08:46:56.461821+00
04ccbc16-1c6e-477f-a0f8-621fdbf49cb5,/srv/fim-watch/critico/gen_00330.txt,2026-10-03 08:45:52.184286+00,2026-10-03 08:46:56.468856+00
661c4764-6142-454b-823d-d9545e1a09a5,/srv/fim-watch/gen_00215.txt,2026-10-03 08:45:52.284079+00,2026-10-03 08:46:56.47884+00
17e572c0-6819-44a9-8261-6d9e360a447b,/srv/fim-watch/gen_00442.txt,2026-10-03 08:45:52.383922+00,2026-10-03 08:46:56.489235+00
9519c291-93a6-4eab-be80-f76fb4acfdba,/srv/fim-watch/gen_00442.txt,2026-10-03 08:45:52.4841+00,2026-10-03 08:46:56.50065+00
e4f2e3a5-1e38-4550-9064-72b02ca6bc5d,/srv/fim-watch/critico/gen_00509.txt,2026-10-03 08:45:52.583447+00,2026-10-03 08:46:56.512092+00
fc9c3fd8-89d0-4a80-b74e-4bfa2b1286d8,/srv/fim-watch/gen_00358.txt,2026-10-03 08:45:52.684367+00,2026-10-03 08:46:56.52235+00
936f9d7b-854b-4f33-81a3-6a09c7293d41,/srv/fim-watch/critico/gen_00322.txt,2026-10-03 08:45:52.784192+00,2026-10-03 08:46:56.540392+00
5b1d0a95-7720-4b97-a7f4-be9c5917bc45,/srv/fim-watch/gen_00551.txt,2026-10-03 08:45:52.88413+00,2026-10-03 08:46:56.550695+00
139d95b2-3d4c-4335-8ea7-1bf97f9db670,/srv/fim-watch/gen_00528.txt,2026-10-03 08:45:52.984204+00,2026-10-03 08:46:56.562108+00
c61a7322-675d-4388-b8e3-816856193d4e,/srv/fim-watch/gen_00430.txt,2026-10-03 08:45:53.083641+00,2026-10-03 08:46:56.570753+00
0f7f0ea6-490c-460a-9307-acaf6f5eff6c,/srv/fim-watch/critico/gen_00552.txt,2026-10-03 08:45:53.184361+00,2026-10-03 08:46:56.580641+00
ff27efbc-3ea5-44b6-8383-2e263233bd01,/srv/fim-watch/gen_00364.txt,2026-10-03 08:45:53.284128+00,2026-10-03 08:46:56.593017+00
4bdf71fc-c1d8-41c7-a3e2-60c5f80c3f97,/srv/fim-watch/gen_00364.txt,2026-10-03 08:45:53.384387+00,2026-10-03 08:46:56.602969+00
afc09417-e4fa-4760-9f5d-3414f84401cd,/srv/fim-watch/gen_00553.txt,2026-10-03 08:45:53.48414+00,2026-10-03 08:46:56.612567+00
10799893-4212-4ee4-b18d-e991c5dbc77b,/srv/fim-watch/gen_00477.txt,2026-10-03 08:45:53.584299+00,2026-10-03 08:46:56.633089+00
5c83b4e1-7e1a-4f8e-817b-a7dbac1ae9ab,/srv/fim-watch/gen_00266.txt,2026-10-03 08:45:53.684101+00,2026-10-03 08:46:56.648062+00
3bc82e35-4c3f-4779-bfab-29d8c01521b9,/srv/fim-watch/gen_00266.txt,2026-10-03 08:45:53.783564+00,2026-10-03 08:46:56.661953+00
3b7b2773-5963-41c8-86d6-40d7725ac249,/srv/fim-watch/gen_00266.txt,2026-10-03 08:45:53.88367+00,2026-10-03 08:46:56.676794+00
156a383d-787f-4b6b-ac5d-caeb9fb6a621,/srv/fim-watch/gen_00266.txt,2026-10-03 08:45:53.984644+00,2026-10-03 08:46:56.690701+00
662e4a20-5bb0-41d9-aab6-b552b57cb21c,/srv/fim-watch/gen_00266.txt,2026-10-03 08:45:54.084347+00,2026-10-03 08:46:56.714456+00
fc9b7d37-7626-4bb1-b07b-6c61a166f62e,/srv/fim-watch/gen_00196.txt,2026-10-03 08:45:54.183856+00,2026-10-03 08:46:56.734907+00
e2c8dffb-7811-49ec-b2e6-82aff6d4207a,/srv/fim-watch/gen_00554.txt,2026-10-03 08:45:54.284311+00,2026-10-03 08:46:56.753707+00
060a6687-56bd-46ad-97b6-35337fb4717b,/srv/fim-watch/gen_00526.txt,2026-10-03 08:45:54.384162+00,2026-10-03 08:46:56.789316+00
cedc2407-d94e-40e8-9703-c2b5dd2dca8c,/srv/fim-watch/gen_00526.txt,2026-10-03 08:45:54.483977+00,2026-10-03 08:46:56.80983+00
48a22c8a-8a12-4124-b118-9ab5f3ddc703,/srv/fim-watch/critico/gen_00262.txt,2026-10-03 08:45:54.584124+00,2026-10-03 08:46:56.828748+00
23774d12-7d27-4cf2-9baa-0b24f8b1deff,/srv/fim-watch/critico/gen_00392.txt,2026-10-03 08:45:54.684023+00,2026-10-03 08:46:56.846869+00
79449410-b8ec-4684-a79e-13814d21d35a,/srv/fim-watch/gen_00494.txt,2026-10-03 08:45:54.783581+00,2026-10-03 08:46:56.861671+00
affebf17-55d7-4903-947c-dc9139722d72,/srv/fim-watch/gen_00494.txt,2026-10-03 08:45:54.884184+00,2026-10-03 08:46:56.877656+00
7ba98c2c-957f-456d-8e85-d973e97c082b,/srv/fim-watch/gen_00234.txt,2026-10-03 08:45:54.984527+00,2026-10-03 08:46:56.892252+00
74b9a6db-a3c6-4e84-938e-ea061944b63a,/srv/fim-watch/gen_00293.txt,2026-10-03 08:45:55.084143+00,2026-10-03 08:46:56.902692+00
00fe0e65-2450-4b15-b007-27374896b341,/srv/fim-watch/critico/gen_00502.txt,2026-10-03 08:45:55.184158+00,2026-10-03 08:46:56.914184+00
4a882c72-c4c2-4dde-877d-4461e30aa15f,/srv/fim-watch/gen_00234.txt,2026-10-03 08:45:55.283991+00,2026-10-03 08:46:56.928537+00
02160e56-05f1-484f-b6a6-b392c870263b,/srv/fim-watch/gen_00234.txt,2026-10-03 08:45:55.383988+00,2026-10-03 08:46:56.943938+00
4b46170d-d77b-40cd-8117-ecfb953aeda0,/srv/fim-watch/gen_00234.txt,2026-10-03 08:45:55.484315+00,2026-10-03 08:46:56.952138+00
8174ab4a-e4eb-4e69-ba55-54b3e15dbffa,/srv/fim-watch/gen_00234.txt,2026-10-03 08:45:55.584103+00,2026-10-03 08:46:56.958841+00
01b8f8a3-67a3-43c1-ba08-40e54cefe7cb,/srv/fim-watch/gen_00234.txt,2026-10-03 08:45:55.684153+00,2026-10-03 08:46:56.966569+00
88ac2a88-7460-493e-b4f5-3b018055da5a,/srv/fim-watch/critico/gen_00351.txt,2026-10-03 08:45:55.783494+00,2026-10-03 08:46:56.97614+00
d038c63c-bd3c-4e72-8907-1d23e912c8d0,/srv/fim-watch/gen_00555.txt,2026-10-03 08:45:55.883904+00,2026-10-03 08:46:56.986965+00
8fb6761f-3bbf-4eb2-a4c4-0ba7f0cfb67f,/srv/fim-watch/gen_00555.txt,2026-10-03 08:45:55.983984+00,2026-10-03 08:46:57.003533+00
8f083e97-e730-402c-adb0-12be6b7566d1,/srv/fim-watch/gen_00290.txt,2026-10-03 08:45:56.084315+00,2026-10-03 08:46:57.012639+00
dd69ed69-4ec4-425a-ba03-4f0a0f956437,/srv/fim-watch/gen_00470.txt,2026-10-03 08:45:56.183992+00,2026-10-03 08:46:57.021605+00
ba955c6f-0852-4da6-872c-626c48c5cfd2,/srv/fim-watch/gen_00470.txt,2026-10-03 08:45:56.283489+00,2026-10-03 08:46:57.040424+00
7a0a13cf-5c36-4dfa-ac77-5548c3c8fef1,/srv/fim-watch/gen_00441.txt,2026-10-03 08:45:56.384097+00,2026-10-03 08:46:57.051014+00
b310aeec-b147-4d61-8d49-a2489e160776,/srv/fim-watch/gen_00494.txt,2026-10-03 08:45:56.483705+00,2026-10-03 08:46:57.06197+00
cac77f2c-8e83-4c41-bd9b-9fdaa1e2c28d,/srv/fim-watch/gen_00384.txt,2026-10-03 08:45:56.58433+00,2026-10-03 08:46:57.071762+00
1dcc1074-7dae-4c66-aa95-050fcd3fa458,/srv/fim-watch/gen_00285.txt,2026-10-03 08:45:56.684033+00,2026-10-03 08:46:57.080476+00
326e62bc-9cf3-44a3-b037-089eb48df1a7,/srv/fim-watch/gen_00446.txt,2026-10-03 08:45:56.783903+00,2026-10-03 08:46:57.08864+00
00362d59-9cd5-44cf-8764-a155d313e335,/srv/fim-watch/gen_00108.txt,2026-10-03 08:45:56.884316+00,2026-10-03 08:46:57.098026+00
51ff30b8-fe8f-4db6-8858-35ac5e0ca32c,/srv/fim-watch/critico/gen_00556.txt,2026-10-03 08:45:56.984223+00,2026-10-03 08:46:57.106995+00
c65aeeed-bb91-4c75-8903-e08ab8d41512,/srv/fim-watch/gen_00470.txt,2026-10-03 08:45:57.084254+00,2026-10-03 08:46:57.119638+00
610ef2cb-9e18-46b7-96bd-9a0183c415b5,/srv/fim-watch/gen_00557.txt,2026-10-03 08:45:57.184072+00,2026-10-03 08:46:57.127073+00
81df5e5c-4fa3-485f-ab16-d90576512d7c,/srv/fim-watch/critico/gen_00061.txt,2026-10-03 08:45:57.284006+00,2026-10-03 08:46:57.138045+00
d6d51234-2063-49f6-a680-66e007021974,/srv/fim-watch/gen_00320.txt,2026-10-03 08:45:57.383881+00,2026-10-03 08:46:57.146759+00
774d69f7-45f7-4959-ac96-e893072fd84e,/srv/fim-watch/gen_00500.txt,2026-10-03 08:45:57.48408+00,2026-10-03 08:46:57.153967+00
fc768019-dd94-49b8-9774-42db8bccd169,/srv/fim-watch/critico/gen_00347.txt,2026-10-03 08:45:57.583557+00,2026-10-03 08:46:57.161467+00
a07a0303-3010-4130-a4c0-75eaa07aea9c,/srv/fim-watch/critico/gen_00347.txt,2026-10-03 08:45:57.684364+00,2026-10-03 08:46:57.169958+00
0e108e48-bc62-409a-b734-05359332ad2d,/srv/fim-watch/critico/gen_00502.txt,2026-10-03 08:45:57.784322+00,2026-10-03 08:46:57.196253+00
e7cdb03d-c63c-43fb-bf22-a7ebf3e374fd,/srv/fim-watch/gen_00417.txt,2026-10-03 08:45:57.884087+00,2026-10-03 08:46:57.214174+00
98f267b0-38ae-4419-8adc-c7b59c8951f1,/srv/fim-watch/gen_00417.txt,2026-10-03 08:45:57.983959+00,2026-10-03 08:46:57.22666+00
b3a14746-ad87-46f6-98c4-ad2845ceae8c,/srv/fim-watch/gen_00188.txt,2026-10-03 08:45:58.084238+00,2026-10-03 08:46:57.241641+00
1f85d15b-3920-4b62-947c-36708ac74cc0,/srv/fim-watch/gen_00142.txt,2026-10-03 08:45:58.184345+00,2026-10-03 08:46:57.257501+00
bbd04187-fa7a-4a2e-ae70-678be5fb0ddf,/srv/fim-watch/gen_00558.txt,2026-10-03 08:45:58.284054+00,2026-10-03 08:46:57.278632+00
8c1fcf8a-3700-4f3b-8e87-6e49176e186a,/srv/fim-watch/gen_00559.txt,2026-10-03 08:45:58.384041+00,2026-10-03 08:46:57.290822+00
462d232a-f3de-4061-bdd4-3b36931855bc,/srv/fim-watch/gen_00559.txt,2026-10-03 08:45:58.483182+00,2026-10-03 08:46:57.300698+00
c7a7aade-abae-4b6e-ad3b-6771dba0ed8b,/srv/fim-watch/gen_00377.txt,2026-10-03 08:45:58.584276+00,2026-10-03 08:46:57.313422+00
0b661cfa-067c-4f76-907c-5cce9b43373d,/srv/fim-watch/gen_00521.txt,2026-10-03 08:45:58.68407+00,2026-10-03 08:46:57.323666+00
188baf00-232b-4936-b174-584715c7e97f,/srv/fim-watch/critico/gen_00272.txt,2026-10-03 08:45:58.784162+00,2026-10-03 08:46:57.340271+00
7dfe13cc-1ecc-4b37-9bc5-a94d0caf3281,/srv/fim-watch/gen_00560.txt,2026-10-03 08:45:58.883867+00,2026-10-03 08:46:57.347796+00
ebf7606d-0e08-4998-a6f7-afd2081856fd,/srv/fim-watch/gen_00561.txt,2026-10-03 08:45:58.984206+00,2026-10-03 08:46:57.355454+00
d368eaad-577c-4391-8038-11bfb903c615,/srv/fim-watch/gen_00561.txt,2026-10-03 08:45:59.084454+00,2026-10-03 08:46:57.362715+00
f3729a78-ffc4-40a4-bb8a-7966a37984fe,/srv/fim-watch/critico/gen_00562.txt,2026-10-03 08:45:59.184228+00,2026-10-03 08:46:57.37277+00
fb806999-0fdf-4fa0-b1c4-076653fdeab1,/srv/fim-watch/gen_00563.txt,2026-10-03 08:45:59.284241+00,2026-10-03 08:46:57.381393+00
6b2bf76b-f39d-4696-a8c6-af42ba54e0ea,/srv/fim-watch/gen_00563.txt,2026-10-03 08:45:59.384013+00,2026-10-03 08:46:57.394013+00
0e5dfd99-9696-429a-a7ae-a247e1b440f6,/srv/fim-watch/gen_00350.txt,2026-10-03 08:45:59.484462+00,2026-10-03 08:46:57.402176+00
066bca31-17d8-40fa-bba1-e33904d1d73c,/srv/fim-watch/gen_00425.txt,2026-10-03 08:45:59.584503+00,2026-10-03 08:46:57.409579+00
2273197a-be92-4f80-abcc-014431764215,/srv/fim-watch/gen_00564.txt,2026-10-03 08:45:59.684318+00,2026-10-03 08:46:57.415917+00
b44c3a81-f2e8-4ae3-8498-9725a1d85467,/srv/fim-watch/gen_00098.txt,2026-10-03 08:45:59.783924+00,2026-10-03 08:46:57.423686+00
4c01cb94-8ab3-42f3-8aed-4ce403a24b0c,/srv/fim-watch/gen_00098.txt,2026-10-03 08:45:59.884465+00,2026-10-03 08:46:57.433465+00
ca444449-b31a-4357-acd1-cc284200be0c,/srv/fim-watch/gen_00139.txt,2026-10-03 08:45:59.984506+00,2026-10-03 08:46:57.442707+00
a3e142e7-3179-42c1-ad7b-3dbda7916f07,/srv/fim-watch/gen_00268.txt,2026-10-03 08:46:00.084335+00,2026-10-03 08:46:57.452294+00
e5327457-694b-4fa8-a5e6-a23723b6125b,/srv/fim-watch/critico/gen_00565.txt,2026-10-03 08:46:00.184276+00,2026-10-03 08:46:57.46509+00
97901575-922d-4688-b105-29f7bca73f4a,/srv/fim-watch/gen_00540.txt,2026-10-03 08:46:00.284173+00,2026-10-03 08:46:57.473802+00
952a9735-4366-427b-abe5-ae4f39fd994f,/srv/fim-watch/critico/gen_00361.txt,2026-10-03 08:46:00.38418+00,2026-10-03 08:46:57.487342+00
ffe57604-8fe6-4ae8-ba11-c5a96bb39a52,/srv/fim-watch/gen_00543.txt,2026-10-03 08:46:00.484111+00,2026-10-03 08:46:57.495616+00
2a99b921-ff58-4af2-a879-d79137ab029b,/srv/fim-watch/gen_00517.txt,2026-10-03 08:46:00.58354+00,2026-10-03 08:46:57.506003+00
f9e5e68a-89cf-49e5-a5bc-bb2566c2638d,/srv/fim-watch/gen_00525.txt,2026-10-03 08:46:00.684116+00,2026-10-03 08:46:57.517588+00
e01aa1ab-1bf4-45fc-8c94-e0abc5abd50b,/srv/fim-watch/gen_00219.txt,2026-10-03 08:46:00.784052+00,2026-10-03 08:46:57.531292+00
576d3231-6e3b-40e3-97b3-bcc95d921fac,/srv/fim-watch/gen_00566.txt,2026-10-03 08:46:00.883833+00,2026-10-03 08:46:57.543508+00
1972c800-4ed1-4f3b-ab58-43232eda3dcb,/srv/fim-watch/critico/gen_00209.txt,2026-10-03 08:46:00.983852+00,2026-10-03 08:46:57.561863+00
5c6aa06d-306e-40fb-8308-f03ca805ee96,/srv/fim-watch/gen_00203.txt,2026-10-03 08:46:01.084331+00,2026-10-03 08:46:57.571413+00
d05d113e-ee60-4523-b8a6-ebcf8d37cdf7,/srv/fim-watch/critico/gen_00392.txt,2026-10-03 08:46:01.184508+00,2026-10-03 08:46:57.594246+00
5b5c5ab3-8bfc-4553-9b01-d14b5e39b6ac,/srv/fim-watch/gen_00567.txt,2026-10-03 08:46:01.283871+00,2026-10-03 08:46:57.616767+00
5066f84b-3db9-4d66-82a8-494977f013f6,/srv/fim-watch/gen_00384.txt,2026-10-03 08:46:01.383449+00,2026-10-03 08:46:57.629735+00
bbc2c47e-b5a3-4560-a89d-fda0855164b6,/srv/fim-watch/gen_00395.txt,2026-10-03 08:46:01.483524+00,2026-10-03 08:46:57.64021+00
382831e8-baf9-40cd-b864-65b2763e3acb,/srv/fim-watch/critico/gen_00414.txt,2026-10-03 08:46:01.583918+00,2026-10-03 08:46:57.649591+00
63c27eb1-c3b7-4e05-b8ba-b479aee78952,/srv/fim-watch/gen_00406.txt,2026-10-03 08:46:01.684178+00,2026-10-03 08:46:57.65847+00
f6cf3201-5da0-431c-9b7e-778cf82a9b66,/srv/fim-watch/gen_00568.txt,2026-10-03 08:46:01.784071+00,2026-10-03 08:46:57.665579+00
7b38fb69-2279-4355-87c8-938b82013601,/srv/fim-watch/gen_00115.txt,2026-10-03 08:46:01.884162+00,2026-10-03 08:46:57.672689+00
0be720e1-6dc6-4cf6-b52a-c0dac8badda8,/srv/fim-watch/gen_00115.txt,2026-10-03 08:46:01.98369+00,2026-10-03 08:46:57.679247+00
5f6f8089-7554-4e8e-b3d4-7e922cf5e1d6,/srv/fim-watch/gen_00115.txt,2026-10-03 08:46:02.083675+00,2026-10-03 08:46:57.686183+00
33d17c84-48de-4fdb-94d6-4fe503d2dbbd,/srv/fim-watch/gen_00115.txt,2026-10-03 08:46:02.184112+00,2026-10-03 08:46:57.69537+00
81621a5e-f92e-48b3-8395-fe1410cc8e4a,/srv/fim-watch/gen_00115.txt,2026-10-03 08:46:02.284131+00,2026-10-03 08:46:57.704598+00
394e48c2-a2f6-4988-9f8f-9eca173686f7,/srv/fim-watch/gen_00418.txt,2026-10-03 08:46:02.384016+00,2026-10-03 08:46:57.711556+00
7da7c6f2-a5ca-4307-9c07-0d1f0edfa045,/srv/fim-watch/gen_00418.txt,2026-10-03 08:46:02.484453+00,2026-10-03 08:46:57.719703+00
3f5ee3ad-4866-4dc6-899f-843d9323b500,/srv/fim-watch/gen_00418.txt,2026-10-03 08:46:02.584628+00,2026-10-03 08:46:57.727203+00
29747b77-05f6-467d-be71-64032703de39,/srv/fim-watch/gen_00418.txt,2026-10-03 08:46:02.683826+00,2026-10-03 08:46:57.736144+00
6031e557-0007-4d57-bf10-90a293678582,/srv/fim-watch/gen_00418.txt,2026-10-03 08:46:02.784223+00,2026-10-03 08:46:57.744636+00
02767b04-a6d6-48c3-af7a-1bcc09ecff1b,/srv/fim-watch/gen_00458.txt,2026-10-03 08:46:02.884621+00,2026-10-03 08:46:57.754064+00
81c2021b-7a74-4842-b279-5e55a59e67a7,/srv/fim-watch/gen_00311.txt,2026-10-03 08:46:02.983609+00,2026-10-03 08:46:57.767848+00
0a1d4d44-4ad6-4e60-bdae-d1fce8bfd02f,/srv/fim-watch/gen_00536.txt,2026-10-03 08:46:03.08439+00,2026-10-03 08:46:57.785157+00
35406e1f-53ff-4039-a6ef-f46ff09b2cb2,/srv/fim-watch/gen_00481.txt,2026-10-03 08:46:03.184177+00,2026-10-03 08:46:57.794092+00
2872e589-dc7a-4284-bdac-945f16362595,/srv/fim-watch/gen_00569.txt,2026-10-03 08:46:03.283903+00,2026-10-03 08:46:57.807865+00
2eca09e6-665b-4b6f-a642-844101a78241,/srv/fim-watch/gen_00250.txt,2026-10-03 08:46:03.38489+00,2026-10-03 08:46:57.818418+00
282855b5-6ab9-407f-b746-c0ce2051b745,/srv/fim-watch/gen_00403.txt,2026-10-03 08:46:03.484217+00,2026-10-03 08:46:57.826511+00
1c5a5c62-d078-44b7-b79c-0ca747d79076,/srv/fim-watch/gen_00513.txt,2026-10-03 08:46:03.584814+00,2026-10-03 08:46:57.837942+00
88b05528-ea4c-4d19-8a1d-a201a9a51e97,/srv/fim-watch/gen_00226.txt,2026-10-03 08:46:03.684311+00,2026-10-03 08:46:57.85044+00
6264adcb-8637-4770-b07a-7af4e13b84d6,/srv/fim-watch/gen_00539.txt,2026-10-03 08:46:03.783833+00,2026-10-03 08:46:57.867392+00
9a9e47d2-ee79-42af-bb27-0241e1916a9e,/srv/fim-watch/gen_00570.txt,2026-10-03 08:46:03.883376+00,2026-10-03 08:46:57.883303+00
b80cbb5a-b225-41a8-bb7e-dafeacdf94f3,/srv/fim-watch/gen_00472.txt,2026-10-03 08:46:03.983726+00,2026-10-03 08:46:57.900433+00
b91ccb90-c680-442f-add2-770674dd9099,/srv/fim-watch/gen_00507.txt,2026-10-03 08:46:04.08382+00,2026-10-03 08:46:57.920688+00
2309ecd6-2939-45be-b94b-ebfa32f1f4d8,/srv/fim-watch/gen_00554.txt,2026-10-03 08:46:04.18423+00,2026-10-03 08:46:57.939999+00
2f2ce528-2b2e-403d-a472-7fbce3fd1f28,/srv/fim-watch/gen_00554.txt,2026-10-03 08:46:04.284122+00,2026-10-03 08:46:57.960065+00
4b32240a-6c99-4c23-af8e-7562e17e210c,/srv/fim-watch/gen_00501.txt,2026-10-03 08:46:04.384482+00,2026-10-03 08:46:57.973154+00
91374f81-ebc8-49c3-a392-add3f4558290,/srv/fim-watch/gen_00571.txt,2026-10-03 08:46:04.484157+00,2026-10-03 08:46:57.986132+00
c9383f9c-74a4-4673-ba96-9afadfa12efd,/srv/fim-watch/gen_00126.txt,2026-10-03 08:46:04.584147+00,2026-10-03 08:46:58.001793+00
4fcce62d-7bae-4eb1-9e82-98af2ef40d49,/srv/fim-watch/gen_00126.txt,2026-10-03 08:46:04.684051+00,2026-10-03 08:46:58.015652+00
2e6f13eb-810e-4974-9c40-2714eeb4374c,/srv/fim-watch/gen_00126.txt,2026-10-03 08:46:04.78396+00,2026-10-03 08:46:58.028245+00
7ca4aac0-7a0d-4cab-9325-43ceeb4205a4,/srv/fim-watch/gen_00126.txt,2026-10-03 08:46:04.883952+00,2026-10-03 08:46:58.055747+00
62e4f5db-8e35-4ee8-8633-0c157e659be8,/srv/fim-watch/gen_00126.txt,2026-10-03 08:46:04.984364+00,2026-10-03 08:46:58.069737+00
c99c7834-6ca2-4fa1-b541-b90ff8ff6272,/srv/fim-watch/gen_00481.txt,2026-10-03 08:46:05.084573+00,2026-10-03 08:46:58.119453+00
83a96f24-d2d4-4e9a-95ae-da50a051692c,/srv/fim-watch/gen_00545.txt,2026-10-03 08:46:05.184626+00,2026-10-03 08:46:58.140741+00
cb335b53-bfc8-4e87-8f0f-141be67e48a1,/srv/fim-watch/gen_00479.txt,2026-10-03 08:46:05.284773+00,2026-10-03 08:46:58.172427+00
4eece488-81da-4baa-bd0b-095791547dc1,/srv/fim-watch/gen_00277.txt,2026-10-03 08:46:05.384862+00,2026-10-03 08:46:58.219546+00
63cc21d3-fc5e-4705-89a3-c77f966667dd,/srv/fim-watch/gen_00503.txt,2026-10-03 08:46:05.484829+00,2026-10-03 08:46:58.234047+00
d3f5df59-eef5-4ecd-96d0-ec8a21ade8b2,/srv/fim-watch/gen_00572.txt,2026-10-03 08:46:05.584922+00,2026-10-03 08:46:58.252689+00
d75ead8d-fcb2-47d9-a134-be74a62941ee,/srv/fim-watch/gen_00572.txt,2026-10-03 08:46:05.684102+00,2026-10-03 08:46:58.270845+00
54ad5660-19db-4fcf-9d7a-0502fb6d6edd,/srv/fim-watch/critico/gen_00392.txt,2026-10-03 08:46:05.784584+00,2026-10-03 08:46:58.280791+00
fb3e96b2-ce67-4f35-a117-171a1e35c27e,/srv/fim-watch/critico/gen_00392.txt,2026-10-03 08:46:05.884334+00,2026-10-03 08:46:58.291935+00
a54dee12-2767-4833-9a23-34cd2a790419,/srv/fim-watch/gen_00098.txt,2026-10-03 08:46:05.986038+00,2026-10-03 08:46:58.306986+00
fa6886f0-9fd8-4f0b-a3bd-419fa5edc6b3,/srv/fim-watch/gen_00284.txt,2026-10-03 08:46:06.084959+00,2026-10-03 08:46:58.317599+00
d2130c50-c802-47ff-be84-8d0ab7eb7f38,/srv/fim-watch/gen_00573.txt,2026-10-03 08:46:06.184089+00,2026-10-03 08:46:58.32871+00
5160b819-a72b-4471-9974-1bb469d993ae,/srv/fim-watch/critico/gen_00437.txt,2026-10-03 08:46:06.284955+00,2026-10-03 08:46:58.344839+00
5acd1511-35ad-4546-9c28-8942e976d8b6,/srv/fim-watch/gen_00290.txt,2026-10-03 08:46:06.384231+00,2026-10-03 08:46:58.354214+00
a4932dc7-53f3-4971-9fb5-28e6b6e14d04,/srv/fim-watch/critico/gen_00574.txt,2026-10-03 08:46:06.483493+00,2026-10-03 08:46:58.363611+00
19dcb9af-4e48-45c6-b048-20a95155f8d9,/srv/fim-watch/critico/gen_00556.txt,2026-10-03 08:46:06.584312+00,2026-10-03 08:46:58.372617+00
3b4ba139-a045-4fbf-91e2-b01c3e479149,/srv/fim-watch/gen_00195.txt,2026-10-03 08:46:06.68417+00,2026-10-03 08:46:58.380491+00
41a99521-2898-4702-a658-ed07f5d02f74,/srv/fim-watch/gen_00575.txt,2026-10-03 08:46:06.784617+00,2026-10-03 08:46:58.388168+00
20def69a-c6b1-4de9-a91e-8ad409032b2b,/srv/fim-watch/gen_00558.txt,2026-10-03 08:46:06.884327+00,2026-10-03 08:46:58.395369+00
2ccd23d8-3ed2-483c-b3d5-37192ca32656,/srv/fim-watch/gen_00400.txt,2026-10-03 08:46:06.984804+00,2026-10-03 08:46:58.403601+00
723e544e-c090-4dbe-8295-8db9725f18ed,/srv/fim-watch/gen_00576.txt,2026-10-03 08:46:07.084543+00,2026-10-03 08:46:58.412286+00
e4da9c20-d10a-463d-a2b0-98b1fa668d9a,/srv/fim-watch/gen_00467.txt,2026-10-03 08:46:07.184321+00,2026-10-03 08:46:58.421082+00
0a5af0de-16e5-4548-9c78-4d6914cfa148,/srv/fim-watch/gen_00495.txt,2026-10-03 08:46:07.285004+00,2026-10-03 08:46:58.429853+00
2ad8ec7c-4e10-48d9-b52a-3d058aaefe24,/srv/fim-watch/critico/gen_00532.txt,2026-10-03 08:46:07.384304+00,2026-10-03 08:46:58.446803+00
5474aedf-9af0-4fbe-89d6-d44096825717,/srv/fim-watch/gen_00098.txt,2026-10-03 08:46:07.484798+00,2026-10-03 08:46:58.459489+00
cf3bfe31-7acb-43ff-92db-531b233efbeb,/srv/fim-watch/gen_00098.txt,2026-10-03 08:46:07.584539+00,2026-10-03 08:46:58.48408+00
da3eaaef-069d-46d6-9838-3acf912cb996,/srv/fim-watch/gen_00480.txt,2026-10-03 08:46:07.683655+00,2026-10-03 08:46:58.498534+00
d08fb2fa-7af3-4df6-a0a7-4f32a6a82c35,/srv/fim-watch/gen_00452.txt,2026-10-03 08:46:07.783821+00,2026-10-03 08:46:58.521409+00
4b40a6c6-d4aa-4cea-8514-521904b08fed,/srv/fim-watch/gen_00402.txt,2026-10-03 08:46:07.884059+00,2026-10-03 08:46:58.550538+00
e6f5f5fe-f880-468d-8690-534ebea99886,/srv/fim-watch/gen_00152.txt,2026-10-03 08:46:07.984586+00,2026-10-03 08:46:58.568307+00
e2404cf6-6a43-40af-8acb-b477505664a2,/srv/fim-watch/critico/gen_00530.txt,2026-10-03 08:46:08.084533+00,2026-10-03 08:46:58.588013+00
c84978e6-9ede-4366-955f-2868b4f56692,/srv/fim-watch/critico/gen_00322.txt,2026-10-03 08:46:08.184687+00,2026-10-03 08:46:58.602016+00
403c77ce-d2b8-4aa6-a004-7714dea28c73,/srv/fim-watch/gen_00577.txt,2026-10-03 08:46:08.28459+00,2026-10-03 08:46:58.62028+00
bf977f72-91ec-4570-a1be-ab222d00c617,/srv/fim-watch/gen_00578.txt,2026-10-03 08:46:08.38449+00,2026-10-03 08:46:58.640375+00
f6694b53-3613-455b-9727-2d7d792b49ee,/srv/fim-watch/critico/gen_00579.txt,2026-10-03 08:46:08.484661+00,2026-10-03 08:46:58.653861+00
93dd4106-e639-494c-8b7d-ce350bdebc9c,/srv/fim-watch/gen_00385.txt,2026-10-03 08:46:08.584394+00,2026-10-03 08:46:58.668793+00
313008dc-5743-4c9e-9f1f-97fd9a739c8c,/srv/fim-watch/gen_00385.txt,2026-10-03 08:46:08.68385+00,2026-10-03 08:46:58.68103+00
1c46c8c6-95a1-4ad1-8dc4-34166c1b564f,/srv/fim-watch/gen_00385.txt,2026-10-03 08:46:08.784355+00,2026-10-03 08:46:58.694369+00
9bc7701f-ce54-4eb9-b787-3d7dbb702351,/srv/fim-watch/gen_00385.txt,2026-10-03 08:46:08.884392+00,2026-10-03 08:46:58.704232+00
a0dd7076-e623-4de8-963c-bce04c264dba,/srv/fim-watch/gen_00385.txt,2026-10-03 08:46:08.983366+00,2026-10-03 08:46:58.716756+00
5b987a07-4b55-45de-9044-beca405789d9,/srv/fim-watch/gen_00473.txt,2026-10-03 08:46:09.084816+00,2026-10-03 08:46:58.726039+00
bcc1d463-1598-43d9-8635-4805f3e2fd9b,/srv/fim-watch/gen_00580.txt,2026-10-03 08:46:09.184224+00,2026-10-03 08:46:58.73617+00
a2112b2d-66f5-452a-8b19-8365503131f7,/srv/fim-watch/gen_00577.txt,2026-10-03 08:46:09.284371+00,2026-10-03 08:46:58.745941+00
3873cc09-f521-452b-be1f-77e67142226b,/srv/fim-watch/gen_00577.txt,2026-10-03 08:46:09.38472+00,2026-10-03 08:46:58.75378+00
19d8cdec-eea1-44c4-b588-d2ee7b78f6f6,/srv/fim-watch/gen_00570.txt,2026-10-03 08:46:09.48456+00,2026-10-03 08:46:58.766406+00
27978103-167e-4b51-8687-5b66fcd34eb4,/srv/fim-watch/gen_00581.txt,2026-10-03 08:46:09.584279+00,2026-10-03 08:46:58.777946+00
691f9da9-549d-49a8-be19-d984d6319fb6,/srv/fim-watch/critico/gen_00392.txt,2026-10-03 08:46:09.684671+00,2026-10-03 08:46:58.796754+00
50d915b4-a9ce-46b6-a699-be55e8997bed,/srv/fim-watch/critico/gen_00392.txt,2026-10-03 08:46:09.784891+00,2026-10-03 08:46:58.808277+00
0b599902-7f18-4604-b85e-beec9e99a513,/srv/fim-watch/critico/gen_00392.txt,2026-10-03 08:46:09.884379+00,2026-10-03 08:46:58.82328+00
9ed64a33-18b9-43fd-8539-c92913916277,/srv/fim-watch/critico/gen_00392.txt,2026-10-03 08:46:09.98481+00,2026-10-03 08:46:58.836633+00
893823b6-98ab-45ee-b6bd-587bf1975805,/srv/fim-watch/critico/gen_00392.txt,2026-10-03 08:46:10.084397+00,2026-10-03 08:46:58.848381+00
79d846cc-652b-49e9-b6c9-f923811f3389,/srv/fim-watch/gen_00582.txt,2026-10-03 08:46:10.18393+00,2026-10-03 08:46:58.857725+00
1a25276f-5c9e-40d4-8956-aabcca08ed27,/srv/fim-watch/gen_00538.txt,2026-10-03 08:46:10.284328+00,2026-10-03 08:46:58.881437+00
931e36de-e92a-4dc2-a991-7eef3290a62a,/srv/fim-watch/gen_00405.txt,2026-10-03 08:46:10.384192+00,2026-10-03 08:46:58.901883+00
89449a6a-e195-4a59-99ab-292c1bbea59e,/srv/fim-watch/gen_00583.txt,2026-10-03 08:46:10.484537+00,2026-10-03 08:46:58.912293+00
4a087766-a9a8-4d19-b4e4-2832fb2108e2,/srv/fim-watch/gen_00583.txt,2026-10-03 08:46:10.584115+00,2026-10-03 08:46:58.92151+00
9991a42c-0c11-41fb-a330-420a7c859345,/srv/fim-watch/gen_00436.txt,2026-10-03 08:46:10.684325+00,2026-10-03 08:46:58.930776+00
db51e048-f8b8-45bb-8228-c3224d6424b6,/srv/fim-watch/gen_00584.txt,2026-10-03 08:46:10.783967+00,2026-10-03 08:46:58.941884+00
e89a80f6-5b87-4e15-8ee8-4fb9262ae48d,/srv/fim-watch/critico/gen_00437.txt,2026-10-03 08:46:10.884114+00,2026-10-03 08:46:58.955871+00
448d80b4-cc16-49a8-bab0-26b19dc18eab,/srv/fim-watch/critico/gen_00532.txt,2026-10-03 08:46:10.984948+00,2026-10-03 08:46:58.978115+00
8e8c0e63-3efa-4ddb-ab7e-48ff807102fa,/srv/fim-watch/gen_00585.txt,2026-10-03 08:46:11.084569+00,2026-10-03 08:46:58.990721+00
db43ca65-a4eb-452c-8f17-462fa3b95c93,/srv/fim-watch/gen_00570.txt,2026-10-03 08:46:11.184251+00,2026-10-03 08:46:59.005814+00
28c27e65-1844-4d9b-a850-6b776a3c8709,/srv/fim-watch/critico/gen_00586.txt,2026-10-03 08:46:11.284089+00,2026-10-03 08:46:59.013505+00
bc906b95-15da-45fe-9a1d-4401b8b06405,/srv/fim-watch/gen_00259.txt,2026-10-03 08:46:11.38433+00,2026-10-03 08:46:59.02133+00
8b96f2bf-9ded-42af-ae26-1cc3acbcdf2e,/srv/fim-watch/gen_00421.txt,2026-10-03 08:46:11.483461+00,2026-10-03 08:46:59.02886+00
21342463-9529-46cd-b7ad-d928998b186b,/srv/fim-watch/critico/gen_00153.txt,2026-10-03 08:46:11.584024+00,2026-10-03 08:46:59.037068+00
2b5892dd-2398-4fb8-bded-0444b11ec341,/srv/fim-watch/critico/gen_00153.txt,2026-10-03 08:46:11.684327+00,2026-10-03 08:46:59.051843+00
4c2b148b-c483-4524-a7b8-7e5db6ca9894,/srv/fim-watch/gen_00489.txt,2026-10-03 08:46:11.784273+00,2026-10-03 08:46:59.066027+00
f48e7fbe-3e81-4a37-9bb3-89781598518d,/srv/fim-watch/gen_00356.txt,2026-10-03 08:46:11.884198+00,2026-10-03 08:46:59.074459+00
23540392-8ab8-463d-9efe-fac750aed8be,/srv/fim-watch/gen_00356.txt,2026-10-03 08:46:11.984475+00,2026-10-03 08:46:59.085801+00
58e62d24-5d56-44a7-b4bd-4bab52ca1cd4,/srv/fim-watch/gen_00587.txt,2026-10-03 08:46:12.084628+00,2026-10-03 08:46:59.095493+00
e12b02b8-6ba2-46a2-94d6-8505eef482b7,/srv/fim-watch/gen_00493.txt,2026-10-03 08:46:12.184574+00,2026-10-03 08:46:59.104012+00
58ecabab-8c81-4fd9-b108-44a8e1795665,/srv/fim-watch/gen_00493.txt,2026-10-03 08:46:12.28419+00,2026-10-03 08:46:59.111925+00
56e34cd2-6172-44bd-8f9f-d50c9bb512d2,/srv/fim-watch/gen_00550.txt,2026-10-03 08:46:12.384318+00,2026-10-03 08:46:59.121364+00
849646b0-dbf8-4dd9-91e8-b6285d805b9d,/srv/fim-watch/gen_00232.txt,2026-10-03 08:46:12.484705+00,2026-10-03 08:46:59.134934+00
535fc331-bcf3-451d-b5ef-6751432a182e,/srv/fim-watch/gen_00588.txt,2026-10-03 08:46:12.584617+00,2026-10-03 08:46:59.147037+00
2118a16c-9af6-4794-a373-53fdc83265b0,/srv/fim-watch/gen_00326.txt,2026-10-03 08:46:12.684718+00,2026-10-03 08:46:59.170067+00
1139020e-db22-47fc-8378-1ff9a45614f5,/srv/fim-watch/gen_00386.txt,2026-10-03 08:46:12.783869+00,2026-10-03 08:46:59.185757+00
8121c239-b145-4340-a0ed-e66582747e22,/srv/fim-watch/gen_00492.txt,2026-10-03 08:46:12.884629+00,2026-10-03 08:46:59.194535+00
0a9e7dec-ec9d-424f-a464-fe3d010abf33,/srv/fim-watch/gen_00589.txt,2026-10-03 08:46:12.984419+00,2026-10-03 08:46:59.203608+00
4ca30bc6-f81e-45e9-a128-193f00f455fc,/srv/fim-watch/critico/gen_00342.txt,2026-10-03 08:46:13.084478+00,2026-10-03 08:46:59.210192+00
0c2004c1-4445-4d99-987e-54ca7fe4280f,/srv/fim-watch/gen_00519.txt,2026-10-03 08:46:13.183952+00,2026-10-03 08:46:59.217665+00
e0020ccc-08ae-449b-bca2-0caa437be472,/srv/fim-watch/gen_00125.txt,2026-10-03 08:46:13.284188+00,2026-10-03 08:46:59.226463+00
a31a934c-fd2e-4c4b-9944-b8df086212a6,/srv/fim-watch/critico/gen_00304.txt,2026-10-03 08:46:13.384648+00,2026-10-03 08:46:59.235188+00
8b0679df-b019-446d-9aa9-1741e8d77329,/srv/fim-watch/critico/gen_00304.txt,2026-10-03 08:46:13.48446+00,2026-10-03 08:46:59.249595+00
ceba8960-247c-4694-98d4-33344dfecf57,/srv/fim-watch/gen_00590.txt,2026-10-03 08:46:13.584676+00,2026-10-03 08:46:59.260091+00
4fd02369-cbf8-4185-b1bd-eddb0a33bb4e,/srv/fim-watch/gen_00517.txt,2026-10-03 08:46:13.683852+00,2026-10-03 08:46:59.273548+00
14bfced2-539c-408a-94eb-0427d5c6e576,/srv/fim-watch/critico/gen_00565.txt,2026-10-03 08:46:13.784346+00,2026-10-03 08:46:59.28466+00
2f8eb8e1-bf9d-44f9-ac72-00f386a1e0f9,/srv/fim-watch/gen_00591.txt,2026-10-03 08:46:13.884159+00,2026-10-03 08:46:59.305549+00
68de0721-4394-4199-bfe1-2f4564752859,/srv/fim-watch/critico/gen_00345.txt,2026-10-03 08:46:13.983403+00,2026-10-03 08:46:59.321625+00
3a348c47-58e4-4844-864f-dced08eda913,/srv/fim-watch/gen_00521.txt,2026-10-03 08:46:14.084329+00,2026-10-03 08:46:59.330397+00
a9dedf4e-65e8-42db-aaa8-e94886578b8a,/srv/fim-watch/gen_00546.txt,2026-10-03 08:46:14.185881+00,2026-10-03 08:46:59.337132+00
d6a5745c-f45f-42e0-97f5-7e1c5d5df4bb,/srv/fim-watch/critico/gen_00592.txt,2026-10-03 08:46:14.284512+00,2026-10-03 08:46:59.344406+00
613c934d-5cde-4e10-9a40-716b239dbba2,/srv/fim-watch/gen_00193.txt,2026-10-03 08:46:14.384032+00,2026-10-03 08:46:59.351713+00
b10fce72-bdec-4085-bc23-f414920e47d9,/srv/fim-watch/gen_00470.txt,2026-10-03 08:46:14.48414+00,2026-10-03 08:46:59.361954+00
0dd12c0b-8920-4b77-976e-af4ca859c551,/srv/fim-watch/critico/gen_00593.txt,2026-10-03 08:46:14.584004+00,2026-10-03 08:46:59.370617+00
98ee3265-8a68-41f7-ad41-eaf9d070bcf8,/srv/fim-watch/critico/gen_00593.txt,2026-10-03 08:46:14.684269+00,2026-10-03 08:46:59.377883+00
06d9b44b-2143-4ac2-b8bc-94b49c9f231e,/srv/fim-watch/gen_00223.txt,2026-10-03 08:46:14.783531+00,2026-10-03 08:46:59.385308+00
cd1ed322-ff5e-45c4-9b70-002cb35d03f3,/srv/fim-watch/gen_00405.txt,2026-10-03 08:46:14.884215+00,2026-10-03 08:46:59.394007+00
ee56c78c-d6a0-4baa-b21a-c551422264fd,/srv/fim-watch/gen_00405.txt,2026-10-03 08:46:14.984522+00,2026-10-03 08:46:59.403794+00
d9f090bc-9586-449c-997e-c63065897b1d,/srv/fim-watch/gen_00274.txt,2026-10-03 08:46:15.084727+00,2026-10-03 08:46:59.439777+00
e9a2fbfd-4dcf-4946-a72c-395c28a9f9c9,/srv/fim-watch/gen_00594.txt,2026-10-03 08:46:15.184423+00,2026-10-03 08:46:59.462009+00
12abc386-5e9b-4b9d-9fe8-f5d82816f99b,/srv/fim-watch/gen_00469.txt,2026-10-03 08:46:15.284198+00,2026-10-03 08:46:59.512508+00
277b71a1-6de9-4e6d-8c84-ab600cc79d34,/srv/fim-watch/gen_00595.txt,2026-10-03 08:46:15.384403+00,2026-10-03 08:46:59.598817+00
d4a0028e-8682-49f2-9278-5c4e900f04ad,/srv/fim-watch/gen_00358.txt,2026-10-03 08:46:15.484578+00,2026-10-03 08:46:59.628807+00
2a066cb0-4234-48d2-9128-2f21620e7a6b,/srv/fim-watch/gen_00358.txt,2026-10-03 08:46:15.584555+00,2026-10-03 08:46:59.652512+00
744c0c09-426c-4220-9d39-324a49568232,/srv/fim-watch/gen_00062.txt,2026-10-03 08:46:15.684894+00,2026-10-03 08:46:59.672283+00
bd15de26-f6f1-4c0a-a049-76acbcd5194b,/srv/fim-watch/critico/gen_00574.txt,2026-10-03 08:46:15.78448+00,2026-10-03 08:46:59.685291+00
3cb03faa-a270-460c-9eaf-07edd18cf6d4,/srv/fim-watch/critico/gen_00574.txt,2026-10-03 08:46:15.884869+00,2026-10-03 08:46:59.696278+00
d77ac903-3aaa-4491-bcbe-a9911ceb90a8,/srv/fim-watch/gen_00569.txt,2026-10-03 08:46:15.984456+00,2026-10-03 08:46:59.71255+00
9960b929-e920-4a3a-8b8e-b0e23583c460,/srv/fim-watch/gen_00352.txt,2026-10-03 08:46:16.084696+00,2026-10-03 08:46:59.724678+00
72602e70-6a2b-47c6-8d28-c48be1d724e8,/srv/fim-watch/critico/gen_00596.txt,2026-10-03 08:46:16.184533+00,2026-10-03 08:46:59.738427+00
6cfea3f0-8abb-4922-b067-4cc9f570b2f1,/srv/fim-watch/gen_00597.txt,2026-10-03 08:46:16.284346+00,2026-10-03 08:46:59.750745+00
f61e2894-5f10-4c9d-9b90-691f3bbd33ff,/srv/fim-watch/gen_00448.txt,2026-10-03 08:46:16.384867+00,2026-10-03 08:46:59.758617+00
9e2fb36a-b2b2-43e5-b1e6-08b5e2e4293b,/srv/fim-watch/critico/gen_00304.txt,2026-10-03 08:46:16.484919+00,2026-10-03 08:46:59.767288+00
c6ed873e-b4bd-44fd-add4-64b7d945de69,/srv/fim-watch/gen_00290.txt,2026-10-03 08:46:16.583528+00,2026-10-03 08:46:59.778742+00
970ead6b-63e8-468b-8743-48136081497f,/srv/fim-watch/critico/gen_00398.txt,2026-10-03 08:46:16.684554+00,2026-10-03 08:46:59.790034+00
10c6c205-011e-43c2-9034-18e9e4fa2159,/srv/fim-watch/critico/gen_00262.txt,2026-10-03 08:46:16.7837+00,2026-10-03 08:46:59.798976+00
adc466aa-45f5-4d35-8781-262938aacd5e,/srv/fim-watch/gen_00598.txt,2026-10-03 08:46:16.884134+00,2026-10-03 08:46:59.809488+00
7b31214d-3c87-498f-a9fa-888e179886e3,/srv/fim-watch/critico/gen_00599.txt,2026-10-03 08:46:16.984127+00,2026-10-03 08:46:59.817277+00
e8860236-3edf-4c89-914b-05d004c0828a,/srv/fim-watch/critico/gen_00599.txt,2026-10-03 08:46:17.084617+00,2026-10-03 08:46:59.82829+00
6e2c4da9-05fe-48df-9080-126bf9111d91,/srv/fim-watch/gen_00356.txt,2026-10-03 08:46:17.183238+00,2026-10-03 08:46:59.840117+00
62b06805-a359-4ec1-b440-effd45340af8,/srv/fim-watch/gen_00418.txt,2026-10-03 08:46:17.283884+00,2026-10-03 08:46:59.859414+00
c0685880-da4c-4c02-a8c3-a06243e200c4,/srv/fim-watch/gen_00179.txt,2026-10-03 08:46:17.384556+00,2026-10-03 08:46:59.86985+00
b8b2e6a3-8ebe-4257-98f7-fc988d93f781,/srv/fim-watch/gen_00403.txt,2026-10-03 08:46:17.484469+00,2026-10-03 08:46:59.884998+00
8b06ce6c-3dc1-4053-b967-0a870452e936,/srv/fim-watch/gen_00600.txt,2026-10-03 08:46:17.584175+00,2026-10-03 08:46:59.893657+00
