Oct 03 09:57:58 fim-host fim-agent[71140]: {"signal": "SIGTERM", "event": "shutting down", "level": "info", "timestamp": "2026-10-03T12:57:58.522518Z"}
Oct 03 09:57:58 fim-host systemd[1]: Stopping fim-agent.service - FIM Agent — File Integrity Monitor...
Oct 03 09:57:59 fim-host fim-agent[71140]: {"event": "detector.stopped", "level": "info", "timestamp": "2026-10-03T12:57:59.100684Z"}
Oct 03 09:58:01 fim-host systemd[1]: fim-agent.service: Deactivated successfully.
Oct 03 09:58:01 fim-host systemd[1]: Stopped fim-agent.service - FIM Agent — File Integrity Monitor.
Oct 03 09:58:01 fim-host systemd[1]: fim-agent.service: Consumed 11.153s CPU time, 41.6M memory peak, 0B memory swap peak.
Oct 03 09:58:01 fim-host systemd[1]: Started fim-agent.service - FIM Agent — File Integrity Monitor.
Oct 03 09:58:02 fim-host fim-agent[71473]: {"migrated": 0, "migration_skipped": 0, "migration_failed": 0, "migration_pending": 0, "retention_deleted": 0, "retention_retained": 0, "retention_corrupt": 0, "retention_failed": 0, "event": "quarantine.maintenance.complete", "level": "info", "timestamp": "2026-10-03T12:58:02.115304Z"}
Oct 03 09:58:02 fim-host fim-agent[71473]: {"total": 1, "degraded": 0, "event": "agent.preflight.summary", "level": "info", "timestamp": "2026-10-03T12:58:02.115771Z"}
Oct 03 09:58:02 fim-host fim-agent[71473]: {"scanned": 10, "skipped": 0, "oversize": 0, "errors": 0, "initialized": 1, "event": "baseline.init_scan.complete", "level": "info", "timestamp": "2026-10-03T12:58:02.232725Z"}
Oct 03 09:58:02 fim-host fim-agent[71473]: {"agent_id": "fim-vm", "ruleset_version": 6, "event": "agent started", "level": "info", "timestamp": "2026-10-03T12:58:02.232934Z"}
Oct 03 09:58:02 fim-host fim-agent[71473]: {"queue_migrated": 0, "queue_unreadable": 0, "queue_failed": 0, "discard_migrated": 0, "discard_unreadable": 0, "discard_failed": 0, "event": "queue.migration", "level": "info", "timestamp": "2026-10-03T12:58:02.234701Z"}
Oct 03 09:58:02 fim-host fim-agent[71473]: {"deleted": 0, "modified": 0, "created": 0, "suppressed_already_reported": 0, "unchanged": 10, "errors": 0, "duration_ms": 6, "event": "baseline.reconcile.complete", "level": "info", "timestamp": "2026-10-03T12:58:02.244716Z"}
Oct 03 09:58:02 fim-host fim-agent[71473]: {"work_dir": "/var/lib/fim-agent", "reason": "work dir comparte filesystem con watch_paths; una marca FILESYSTEM de ignorados los cegar\u00eda. Se delega en el filtro de scope.", "event": "detector.mark_exclusion_skipped_same_fs", "level": "warning", "timestamp": "2026-10-03T12:58:02.297111Z"}
Oct 03 09:58:02 fim-host fim-agent[71473]: {"watch_paths": ["/srv/fim-watch"], "event": "detector.started", "level": "info", "timestamp": "2026-10-03T12:58:02.297424Z"}
Oct 03 09:58:02 fim-host systemd[1]: Stopping fim-agent.service - FIM Agent — File Integrity Monitor...
Oct 03 09:58:02 fim-host fim-agent[71473]: {"signal": "SIGTERM", "event": "shutting down", "level": "info", "timestamp": "2026-10-03T12:58:02.841123Z"}
Oct 03 09:58:03 fim-host fim-agent[71473]: {"event": "detector.stopped", "level": "info", "timestamp": "2026-10-03T12:58:03.299366Z"}
Oct 03 09:58:07 fim-host systemd[1]: fim-agent.service: Deactivated successfully.
Oct 03 09:58:07 fim-host systemd[1]: Stopped fim-agent.service - FIM Agent — File Integrity Monitor.
Oct 03 09:58:07 fim-host systemd[1]: Started fim-agent.service - FIM Agent — File Integrity Monitor.
Oct 03 09:58:08 fim-host fim-agent[71501]: {"migrated": 0, "migration_skipped": 0, "migration_failed": 0, "migration_pending": 0, "retention_deleted": 0, "retention_retained": 0, "retention_corrupt": 0, "retention_failed": 0, "event": "quarantine.maintenance.complete", "level": "info", "timestamp": "2026-10-03T12:58:08.278806Z"}
Oct 03 09:58:08 fim-host fim-agent[71501]: {"total": 1, "degraded": 0, "event": "agent.preflight.summary", "level": "info", "timestamp": "2026-10-03T12:58:08.279329Z"}
Oct 03 09:58:08 fim-host fim-agent[71501]: {"scanned": 0, "skipped": 0, "oversize": 0, "errors": 0, "initialized": 0, "event": "baseline.init_scan.complete", "level": "info", "timestamp": "2026-10-03T12:58:08.279487Z"}
Oct 03 09:58:08 fim-host fim-agent[71501]: {"agent_id": "fim-vm", "ruleset_version": 6, "event": "agent started", "level": "info", "timestamp": "2026-10-03T12:58:08.279572Z"}
Oct 03 09:58:08 fim-host fim-agent[71501]: {"queue_migrated": 0, "queue_unreadable": 0, "queue_failed": 0, "discard_migrated": 0, "discard_unreadable": 0, "discard_failed": 0, "event": "queue.migration", "level": "info", "timestamp": "2026-10-03T12:58:08.281418Z"}
Oct 03 09:58:08 fim-host fim-agent[71501]: {"event_id": "fa908b92-38a3-4cfc-96a9-64188d66ba4d", "path": "/srv/fim-watch/r01", "action": "alert_only", "action_failed": false, "event": "decision.evaluated", "level": "info", "timestamp": "2026-10-03T12:58:08.306499Z"}
Oct 03 09:58:08 fim-host fim-agent[71501]: {"event_id": "fa908b92-38a3-4cfc-96a9-64188d66ba4d", "deferred": false, "event": "publisher.event_published", "level": "info", "timestamp": "2026-10-03T12:58:08.363049Z"}
Oct 03 09:58:08 fim-host fim-agent[71501]: {"path": "/srv/fim-watch/r01", "event_type": "file_modified", "event_id": "fa908b92-38a3-4cfc-96a9-64188d66ba4d", "event": "detector.change_detected", "level": "info", "timestamp": "2026-10-03T12:58:08.365991Z"}
Oct 03 09:58:08 fim-host fim-agent[71501]: {"event_id": "32817a21-e0a9-4029-b187-13a3ae3be570", "path": "/srv/fim-watch/r02", "action": "alert_only", "action_failed": false, "event": "decision.evaluated", "level": "info", "timestamp": "2026-10-03T12:58:08.371989Z"}
Oct 03 09:58:08 fim-host fim-agent[71501]: {"event_id": "32817a21-e0a9-4029-b187-13a3ae3be570", "deferred": false, "event": "publisher.event_published", "level": "info", "timestamp": "2026-10-03T12:58:08.379354Z"}
Oct 03 09:58:08 fim-host fim-agent[71501]: {"path": "/srv/fim-watch/r02", "event_type": "file_modified", "event_id": "32817a21-e0a9-4029-b187-13a3ae3be570", "event": "detector.change_detected", "level": "info", "timestamp": "2026-10-03T12:58:08.381028Z"}
Oct 03 09:58:08 fim-host fim-agent[71501]: {"event_id": "321884e1-471c-4681-aaf0-17c51a3cc7a9", "path": "/srv/fim-watch/r03", "action": "alert_only", "action_failed": false, "event": "decision.evaluated", "level": "info", "timestamp": "2026-10-03T12:58:08.385462Z"}
Oct 03 09:58:08 fim-host fim-agent[71501]: {"event_id": "321884e1-471c-4681-aaf0-17c51a3cc7a9", "deferred": false, "event": "publisher.event_published", "level": "info", "timestamp": "2026-10-03T12:58:08.392768Z"}
Oct 03 09:58:08 fim-host fim-agent[71501]: {"path": "/srv/fim-watch/r03", "event_type": "file_modified", "event_id": "321884e1-471c-4681-aaf0-17c51a3cc7a9", "event": "detector.change_detected", "level": "info", "timestamp": "2026-10-03T12:58:08.394979Z"}
Oct 03 09:58:08 fim-host fim-agent[71501]: {"event_id": "7409223d-a106-4b8a-bc28-93133be11448", "path": "/srv/fim-watch/r04", "action": "alert_only", "action_failed": false, "event": "decision.evaluated", "level": "info", "timestamp": "2026-10-03T12:58:08.398949Z"}
Oct 03 09:58:08 fim-host fim-agent[71501]: {"event_id": "7409223d-a106-4b8a-bc28-93133be11448", "deferred": false, "event": "publisher.event_published", "level": "info", "timestamp": "2026-10-03T12:58:08.406179Z"}
Oct 03 09:58:08 fim-host fim-agent[71501]: {"path": "/srv/fim-watch/r04", "event_type": "file_modified", "event_id": "7409223d-a106-4b8a-bc28-93133be11448", "event": "detector.change_detected", "level": "info", "timestamp": "2026-10-03T12:58:08.408119Z"}
Oct 03 09:58:08 fim-host fim-agent[71501]: {"event_id": "c99dc7c6-c842-4847-927b-280e9f29e157", "path": "/srv/fim-watch/r05", "action": "alert_only", "action_failed": false, "event": "decision.evaluated", "level": "info", "timestamp": "2026-10-03T12:58:08.411880Z"}
Oct 03 09:58:08 fim-host fim-agent[71501]: {"event_id": "c99dc7c6-c842-4847-927b-280e9f29e157", "deferred": false, "event": "publisher.event_published", "level": "info", "timestamp": "2026-10-03T12:58:08.418564Z"}
Oct 03 09:58:08 fim-host fim-agent[71501]: {"path": "/srv/fim-watch/r05", "event_type": "file_deleted", "event_id": "c99dc7c6-c842-4847-927b-280e9f29e157", "event": "detector.change_detected", "level": "info", "timestamp": "2026-10-03T12:58:08.420766Z"}
Oct 03 09:58:08 fim-host fim-agent[71501]: {"event_id": "7e716251-def1-4834-bf0b-e744af450692", "path": "/srv/fim-watch/r06", "action": "alert_only", "action_failed": false, "event": "decision.evaluated", "level": "info", "timestamp": "2026-10-03T12:58:08.424602Z"}
Oct 03 09:58:08 fim-host fim-agent[71501]: {"event_id": "7e716251-def1-4834-bf0b-e744af450692", "deferred": false, "event": "publisher.event_published", "level": "info", "timestamp": "2026-10-03T12:58:08.431122Z"}
Oct 03 09:58:08 fim-host fim-agent[71501]: {"path": "/srv/fim-watch/r06", "event_type": "file_deleted", "event_id": "7e716251-def1-4834-bf0b-e744af450692", "event": "detector.change_detected", "level": "info", "timestamp": "2026-10-03T12:58:08.433074Z"}
Oct 03 09:58:08 fim-host fim-agent[71501]: {"event_id": "02ae1972-beac-469f-8b57-45053d9246f8", "path": "/srv/fim-watch/r07", "action": "alert_only", "action_failed": false, "event": "decision.evaluated", "level": "info", "timestamp": "2026-10-03T12:58:08.437121Z"}
Oct 03 09:58:08 fim-host fim-agent[71501]: {"event_id": "02ae1972-beac-469f-8b57-45053d9246f8", "deferred": false, "event": "publisher.event_published", "level": "info", "timestamp": "2026-10-03T12:58:08.443964Z"}
Oct 03 09:58:08 fim-host fim-agent[71501]: {"path": "/srv/fim-watch/r07", "event_type": "file_deleted", "event_id": "02ae1972-beac-469f-8b57-45053d9246f8", "event": "detector.change_detected", "level": "info", "timestamp": "2026-10-03T12:58:08.446054Z"}
Oct 03 09:58:08 fim-host fim-agent[71501]: {"deleted": 3, "modified": 4, "created": 0, "suppressed_already_reported": 0, "unchanged": 3, "errors": 0, "duration_ms": 160, "event": "baseline.reconcile.complete", "level": "info", "timestamp": "2026-10-03T12:58:08.446164Z"}
Oct 03 09:58:08 fim-host fim-agent[71501]: {"work_dir": "/var/lib/fim-agent", "reason": "work dir comparte filesystem con watch_paths; una marca FILESYSTEM de ignorados los cegar\u00eda. Se delega en el filtro de scope.", "event": "detector.mark_exclusion_skipped_same_fs", "level": "warning", "timestamp": "2026-10-03T12:58:08.471452Z"}
Oct 03 09:58:08 fim-host fim-agent[71501]: {"watch_paths": ["/srv/fim-watch"], "event": "detector.started", "level": "info", "timestamp": "2026-10-03T12:58:08.471975Z"}
Oct 03 09:58:08 fim-host fim-agent[71501]: {"event_id": "fa908b92-38a3-4cfc-96a9-64188d66ba4d", "event": "publisher.event_acked", "level": "info", "timestamp": "2026-10-03T12:58:08.473022Z"}
Oct 03 09:58:08 fim-host fim-agent[71501]: {"event_id": "32817a21-e0a9-4029-b187-13a3ae3be570", "event": "publisher.event_acked", "level": "info", "timestamp": "2026-10-03T12:58:08.476338Z"}
Oct 03 09:58:08 fim-host fim-agent[71501]: {"event_id": "321884e1-471c-4681-aaf0-17c51a3cc7a9", "event": "publisher.event_acked", "level": "info", "timestamp": "2026-10-03T12:58:08.480648Z"}
Oct 03 09:58:08 fim-host fim-agent[71501]: {"event_id": "7409223d-a106-4b8a-bc28-93133be11448", "event": "publisher.event_acked", "level": "info", "timestamp": "2026-10-03T12:58:08.482879Z"}
Oct 03 09:58:08 fim-host fim-agent[71501]: {"event_id": "c99dc7c6-c842-4847-927b-280e9f29e157", "event": "publisher.event_acked", "level": "info", "timestamp": "2026-10-03T12:58:08.485289Z"}
Oct 03 09:58:08 fim-host fim-agent[71501]: {"event_id": "7e716251-def1-4834-bf0b-e744af450692", "event": "publisher.event_acked", "level": "info", "timestamp": "2026-10-03T12:58:08.487777Z"}
Oct 03 09:58:08 fim-host fim-agent[71501]: {"event_id": "02ae1972-beac-469f-8b57-45053d9246f8", "event": "publisher.event_acked", "level": "info", "timestamp": "2026-10-03T12:58:08.500388Z"}
Oct 03 09:58:21 fim-host systemd[1]: Stopping fim-agent.service - FIM Agent — File Integrity Monitor...
Oct 03 09:58:21 fim-host fim-agent[71501]: {"signal": "SIGTERM", "event": "shutting down", "level": "info", "timestamp": "2026-10-03T12:58:21.223810Z"}
Oct 03 09:58:21 fim-host fim-agent[71501]: {"event": "detector.stopped", "level": "info", "timestamp": "2026-10-03T12:58:21.490941Z"}
Oct 03 09:58:24 fim-host systemd[1]: fim-agent.service: Deactivated successfully.
Oct 03 09:58:24 fim-host systemd[1]: Stopped fim-agent.service - FIM Agent — File Integrity Monitor.
Oct 03 09:58:24 fim-host systemd[1]: Started fim-agent.service - FIM Agent — File Integrity Monitor.
Oct 03 09:58:24 fim-host fim-agent[71605]: {"migrated": 0, "migration_skipped": 0, "migration_failed": 0, "migration_pending": 0, "retention_deleted": 0, "retention_retained": 0, "retention_corrupt": 0, "retention_failed": 0, "event": "quarantine.maintenance.complete", "level": "info", "timestamp": "2026-10-03T12:58:24.540874Z"}
Oct 03 09:58:24 fim-host fim-agent[71605]: {"total": 1, "degraded": 0, "event": "agent.preflight.summary", "level": "info", "timestamp": "2026-10-03T12:58:24.541329Z"}
Oct 03 09:58:24 fim-host fim-agent[71605]: {"scanned": 10, "skipped": 0, "oversize": 0, "errors": 0, "initialized": 1, "event": "baseline.init_scan.complete", "level": "info", "timestamp": "2026-10-03T12:58:24.568330Z"}
Oct 03 09:58:24 fim-host fim-agent[71605]: {"agent_id": "fim-vm", "ruleset_version": 6, "event": "agent started", "level": "info", "timestamp": "2026-10-03T12:58:24.568500Z"}
Oct 03 09:58:24 fim-host fim-agent[71605]: {"queue_migrated": 0, "queue_unreadable": 0, "queue_failed": 0, "discard_migrated": 0, "discard_unreadable": 0, "discard_failed": 0, "event": "queue.migration", "level": "info", "timestamp": "2026-10-03T12:58:24.570197Z"}
Oct 03 09:58:24 fim-host fim-agent[71605]: {"deleted": 0, "modified": 0, "created": 0, "suppressed_already_reported": 0, "unchanged": 10, "errors": 0, "duration_ms": 3, "event": "baseline.reconcile.complete", "level": "info", "timestamp": "2026-10-03T12:58:24.575803Z"}
Oct 03 09:58:24 fim-host fim-agent[71605]: {"work_dir": "/var/lib/fim-agent", "reason": "work dir comparte filesystem con watch_paths; una marca FILESYSTEM de ignorados los cegar\u00eda. Se delega en el filtro de scope.", "event": "detector.mark_exclusion_skipped_same_fs", "level": "warning", "timestamp": "2026-10-03T12:58:24.616431Z"}
Oct 03 09:58:24 fim-host fim-agent[71605]: {"watch_paths": ["/srv/fim-watch"], "event": "detector.started", "level": "info", "timestamp": "2026-10-03T12:58:24.616881Z"}
Oct 03 09:58:25 fim-host systemd[1]: Stopping fim-agent.service - FIM Agent — File Integrity Monitor...
Oct 03 09:58:25 fim-host fim-agent[71605]: {"signal": "SIGTERM", "event": "shutting down", "level": "info", "timestamp": "2026-10-03T12:58:25.312381Z"}
Oct 03 09:58:25 fim-host fim-agent[71605]: {"event": "detector.stopped", "level": "info", "timestamp": "2026-10-03T12:58:25.619145Z"}
Oct 03 09:58:30 fim-host systemd[1]: fim-agent.service: Deactivated successfully.
Oct 03 09:58:30 fim-host systemd[1]: Stopped fim-agent.service - FIM Agent — File Integrity Monitor.
Oct 03 09:58:30 fim-host systemd[1]: Started fim-agent.service - FIM Agent — File Integrity Monitor.
Oct 03 09:58:30 fim-host fim-agent[71633]: {"migrated": 0, "migration_skipped": 0, "migration_failed": 0, "migration_pending": 0, "retention_deleted": 0, "retention_retained": 0, "retention_corrupt": 0, "retention_failed": 0, "event": "quarantine.maintenance.complete", "level": "info", "timestamp": "2026-10-03T12:58:30.622960Z"}
Oct 03 09:58:30 fim-host fim-agent[71633]: {"total": 1, "degraded": 0, "event": "agent.preflight.summary", "level": "info", "timestamp": "2026-10-03T12:58:30.623426Z"}
Oct 03 09:58:30 fim-host fim-agent[71633]: {"scanned": 0, "skipped": 0, "oversize": 0, "errors": 0, "initialized": 0, "event": "baseline.init_scan.complete", "level": "info", "timestamp": "2026-10-03T12:58:30.623525Z"}
Oct 03 09:58:30 fim-host fim-agent[71633]: {"agent_id": "fim-vm", "ruleset_version": 6, "event": "agent started", "level": "info", "timestamp": "2026-10-03T12:58:30.623552Z"}
Oct 03 09:58:30 fim-host fim-agent[71633]: {"queue_migrated": 0, "queue_unreadable": 0, "queue_failed": 0, "discard_migrated": 0, "discard_unreadable": 0, "discard_failed": 0, "event": "queue.migration", "level": "info", "timestamp": "2026-10-03T12:58:30.624345Z"}
Oct 03 09:58:30 fim-host fim-agent[71633]: {"event_id": "26550921-f3de-4e7e-a48e-83b1e46dc6d4", "path": "/srv/fim-watch/r01", "action": "alert_only", "action_failed": false, "event": "decision.evaluated", "level": "info", "timestamp": "2026-10-03T12:58:30.652584Z"}
Oct 03 09:58:30 fim-host fim-agent[71633]: {"event_id": "26550921-f3de-4e7e-a48e-83b1e46dc6d4", "deferred": false, "event": "publisher.event_published", "level": "info", "timestamp": "2026-10-03T12:58:30.690863Z"}
Oct 03 09:58:30 fim-host fim-agent[71633]: {"path": "/srv/fim-watch/r01", "event_type": "file_modified", "event_id": "26550921-f3de-4e7e-a48e-83b1e46dc6d4", "event": "detector.change_detected", "level": "info", "timestamp": "2026-10-03T12:58:30.694586Z"}
Oct 03 09:58:30 fim-host fim-agent[71633]: {"event_id": "1d536aa5-858c-4cc9-adcb-37dd7a2020d9", "path": "/srv/fim-watch/r02", "action": "alert_only", "action_failed": false, "event": "decision.evaluated", "level": "info", "timestamp": "2026-10-03T12:58:30.701685Z"}
Oct 03 09:58:30 fim-host fim-agent[71633]: {"event_id": "1d536aa5-858c-4cc9-adcb-37dd7a2020d9", "deferred": false, "event": "publisher.event_published", "level": "info", "timestamp": "2026-10-03T12:58:30.710939Z"}
Oct 03 09:58:30 fim-host fim-agent[71633]: {"path": "/srv/fim-watch/r02", "event_type": "file_modified", "event_id": "1d536aa5-858c-4cc9-adcb-37dd7a2020d9", "event": "detector.change_detected", "level": "info", "timestamp": "2026-10-03T12:58:30.712943Z"}
Oct 03 09:58:30 fim-host fim-agent[71633]: {"event_id": "7ee4cc67-43ae-4846-991a-b5984a7bfdc9", "path": "/srv/fim-watch/r03", "action": "alert_only", "action_failed": false, "event": "decision.evaluated", "level": "info", "timestamp": "2026-10-03T12:58:30.718009Z"}
Oct 03 09:58:30 fim-host fim-agent[71633]: {"event_id": "7ee4cc67-43ae-4846-991a-b5984a7bfdc9", "deferred": false, "event": "publisher.event_published", "level": "info", "timestamp": "2026-10-03T12:58:30.725924Z"}
Oct 03 09:58:30 fim-host fim-agent[71633]: {"path": "/srv/fim-watch/r03", "event_type": "file_modified", "event_id": "7ee4cc67-43ae-4846-991a-b5984a7bfdc9", "event": "detector.change_detected", "level": "info", "timestamp": "2026-10-03T12:58:30.728831Z"}
Oct 03 09:58:30 fim-host fim-agent[71633]: {"event_id": "61471608-2b7b-4942-bccd-de6a1517c2a2", "path": "/srv/fim-watch/r04", "action": "alert_only", "action_failed": false, "event": "decision.evaluated", "level": "info", "timestamp": "2026-10-03T12:58:30.736173Z"}
Oct 03 09:58:30 fim-host fim-agent[71633]: {"event_id": "61471608-2b7b-4942-bccd-de6a1517c2a2", "deferred": false, "event": "publisher.event_published", "level": "info", "timestamp": "2026-10-03T12:58:30.744535Z"}
Oct 03 09:58:30 fim-host fim-agent[71633]: {"path": "/srv/fim-watch/r04", "event_type": "file_modified", "event_id": "61471608-2b7b-4942-bccd-de6a1517c2a2", "event": "detector.change_detected", "level": "info", "timestamp": "2026-10-03T12:58:30.748160Z"}
Oct 03 09:58:30 fim-host fim-agent[71633]: {"event_id": "e3fbc224-fcaa-4534-a4c6-5517faf9f3eb", "path": "/srv/fim-watch/r05", "action": "alert_only", "action_failed": false, "event": "decision.evaluated", "level": "info", "timestamp": "2026-10-03T12:58:30.759499Z"}
Oct 03 09:58:30 fim-host fim-agent[71633]: {"event_id": "e3fbc224-fcaa-4534-a4c6-5517faf9f3eb", "deferred": false, "event": "publisher.event_published", "level": "info", "timestamp": "2026-10-03T12:58:30.771989Z"}
Oct 03 09:58:30 fim-host fim-agent[71633]: {"path": "/srv/fim-watch/r05", "event_type": "file_deleted", "event_id": "e3fbc224-fcaa-4534-a4c6-5517faf9f3eb", "event": "detector.change_detected", "level": "info", "timestamp": "2026-10-03T12:58:30.776090Z"}
Oct 03 09:58:30 fim-host fim-agent[71633]: {"event_id": "c8ce28c5-b970-4e5a-91ae-b09c7347aa54", "path": "/srv/fim-watch/r06", "action": "alert_only", "action_failed": false, "event": "decision.evaluated", "level": "info", "timestamp": "2026-10-03T12:58:30.784639Z"}
Oct 03 09:58:30 fim-host fim-agent[71633]: {"event_id": "c8ce28c5-b970-4e5a-91ae-b09c7347aa54", "deferred": false, "event": "publisher.event_published", "level": "info", "timestamp": "2026-10-03T12:58:30.793051Z"}
Oct 03 09:58:30 fim-host fim-agent[71633]: {"path": "/srv/fim-watch/r06", "event_type": "file_deleted", "event_id": "c8ce28c5-b970-4e5a-91ae-b09c7347aa54", "event": "detector.change_detected", "level": "info", "timestamp": "2026-10-03T12:58:30.795334Z"}
Oct 03 09:58:30 fim-host fim-agent[71633]: {"event_id": "41739503-e608-4973-91ca-3223cd5d2dbe", "path": "/srv/fim-watch/r07", "action": "alert_only", "action_failed": false, "event": "decision.evaluated", "level": "info", "timestamp": "2026-10-03T12:58:30.799837Z"}
Oct 03 09:58:30 fim-host fim-agent[71633]: {"event_id": "41739503-e608-4973-91ca-3223cd5d2dbe", "deferred": false, "event": "publisher.event_published", "level": "info", "timestamp": "2026-10-03T12:58:30.807493Z"}
Oct 03 09:58:30 fim-host fim-agent[71633]: {"path": "/srv/fim-watch/r07", "event_type": "file_deleted", "event_id": "41739503-e608-4973-91ca-3223cd5d2dbe", "event": "detector.change_detected", "level": "info", "timestamp": "2026-10-03T12:58:30.810595Z"}
Oct 03 09:58:30 fim-host fim-agent[71633]: {"deleted": 3, "modified": 4, "created": 0, "suppressed_already_reported": 0, "unchanged": 3, "errors": 0, "duration_ms": 184, "event": "baseline.reconcile.complete", "level": "info", "timestamp": "2026-10-03T12:58:30.810715Z"}
Oct 03 09:58:30 fim-host fim-agent[71633]: {"work_dir": "/var/lib/fim-agent", "reason": "work dir comparte filesystem con watch_paths; una marca FILESYSTEM de ignorados los cegar\u00eda. Se delega en el filtro de scope.", "event": "detector.mark_exclusion_skipped_same_fs", "level": "warning", "timestamp": "2026-10-03T12:58:30.832292Z"}
Oct 03 09:58:30 fim-host fim-agent[71633]: {"watch_paths": ["/srv/fim-watch"], "event": "detector.started", "level": "info", "timestamp": "2026-10-03T12:58:30.832637Z"}
Oct 03 09:58:30 fim-host fim-agent[71633]: {"event_id": "26550921-f3de-4e7e-a48e-83b1e46dc6d4", "event": "publisher.event_acked", "level": "info", "timestamp": "2026-10-03T12:58:30.833362Z"}
Oct 03 09:58:30 fim-host fim-agent[71633]: {"event_id": "1d536aa5-858c-4cc9-adcb-37dd7a2020d9", "event": "publisher.event_acked", "level": "info", "timestamp": "2026-10-03T12:58:30.835315Z"}
Oct 03 09:58:30 fim-host fim-agent[71633]: {"event_id": "7ee4cc67-43ae-4846-991a-b5984a7bfdc9", "event": "publisher.event_acked", "level": "info", "timestamp": "2026-10-03T12:58:30.837498Z"}
Oct 03 09:58:30 fim-host fim-agent[71633]: {"event_id": "61471608-2b7b-4942-bccd-de6a1517c2a2", "event": "publisher.event_acked", "level": "info", "timestamp": "2026-10-03T12:58:30.839526Z"}
Oct 03 09:58:30 fim-host fim-agent[71633]: {"event_id": "e3fbc224-fcaa-4534-a4c6-5517faf9f3eb", "event": "publisher.event_acked", "level": "info", "timestamp": "2026-10-03T12:58:30.841526Z"}
Oct 03 09:58:30 fim-host fim-agent[71633]: {"event_id": "c8ce28c5-b970-4e5a-91ae-b09c7347aa54", "event": "publisher.event_acked", "level": "info", "timestamp": "2026-10-03T12:58:30.843925Z"}
Oct 03 09:58:30 fim-host fim-agent[71633]: {"event_id": "41739503-e608-4973-91ca-3223cd5d2dbe", "event": "publisher.event_acked", "level": "info", "timestamp": "2026-10-03T12:58:30.847567Z"}
Oct 03 09:58:43 fim-host systemd[1]: Stopping fim-agent.service - FIM Agent — File Integrity Monitor...
Oct 03 09:58:43 fim-host fim-agent[71633]: {"signal": "SIGTERM", "event": "shutting down", "level": "info", "timestamp": "2026-10-03T12:58:43.561095Z"}
Oct 03 09:58:43 fim-host fim-agent[71633]: {"event": "detector.stopped", "level": "info", "timestamp": "2026-10-03T12:58:43.853130Z"}
Oct 03 09:58:46 fim-host systemd[1]: fim-agent.service: Deactivated successfully.
Oct 03 09:58:46 fim-host systemd[1]: Stopped fim-agent.service - FIM Agent — File Integrity Monitor.
Oct 03 09:58:46 fim-host systemd[1]: Started fim-agent.service - FIM Agent — File Integrity Monitor.
Oct 03 09:58:46 fim-host fim-agent[71737]: {"migrated": 0, "migration_skipped": 0, "migration_failed": 0, "migration_pending": 0, "retention_deleted": 0, "retention_retained": 0, "retention_corrupt": 0, "retention_failed": 0, "event": "quarantine.maintenance.complete", "level": "info", "timestamp": "2026-10-03T12:58:46.886276Z"}
Oct 03 09:58:46 fim-host fim-agent[71737]: {"total": 1, "degraded": 0, "event": "agent.preflight.summary", "level": "info", "timestamp": "2026-10-03T12:58:46.886772Z"}
Oct 03 09:58:46 fim-host fim-agent[71737]: {"scanned": 10, "skipped": 0, "oversize": 0, "errors": 0, "initialized": 1, "event": "baseline.init_scan.complete", "level": "info", "timestamp": "2026-10-03T12:58:46.914001Z"}
Oct 03 09:58:46 fim-host fim-agent[71737]: {"agent_id": "fim-vm", "ruleset_version": 6, "event": "agent started", "level": "info", "timestamp": "2026-10-03T12:58:46.914089Z"}
Oct 03 09:58:46 fim-host fim-agent[71737]: {"queue_migrated": 0, "queue_unreadable": 0, "queue_failed": 0, "discard_migrated": 0, "discard_unreadable": 0, "discard_failed": 0, "event": "queue.migration", "level": "info", "timestamp": "2026-10-03T12:58:46.915074Z"}
Oct 03 09:58:46 fim-host fim-agent[71737]: {"deleted": 0, "modified": 0, "created": 0, "suppressed_already_reported": 0, "unchanged": 10, "errors": 0, "duration_ms": 5, "event": "baseline.reconcile.complete", "level": "info", "timestamp": "2026-10-03T12:58:46.922045Z"}
Oct 03 09:58:46 fim-host fim-agent[71737]: {"work_dir": "/var/lib/fim-agent", "reason": "work dir comparte filesystem con watch_paths; una marca FILESYSTEM de ignorados los cegar\u00eda. Se delega en el filtro de scope.", "event": "detector.mark_exclusion_skipped_same_fs", "level": "warning", "timestamp": "2026-10-03T12:58:46.962290Z"}
Oct 03 09:58:46 fim-host fim-agent[71737]: {"watch_paths": ["/srv/fim-watch"], "event": "detector.started", "level": "info", "timestamp": "2026-10-03T12:58:46.962632Z"}
Oct 03 09:58:47 fim-host systemd[1]: Stopping fim-agent.service - FIM Agent — File Integrity Monitor...
Oct 03 09:58:47 fim-host fim-agent[71737]: {"signal": "SIGTERM", "event": "shutting down", "level": "info", "timestamp": "2026-10-03T12:58:47.620668Z"}
Oct 03 09:58:47 fim-host fim-agent[71737]: {"event": "detector.stopped", "level": "info", "timestamp": "2026-10-03T12:58:47.963878Z"}
Oct 03 09:58:52 fim-host systemd[1]: fim-agent.service: Deactivated successfully.
Oct 03 09:58:52 fim-host systemd[1]: Stopped fim-agent.service - FIM Agent — File Integrity Monitor.
Oct 03 09:58:52 fim-host systemd[1]: Started fim-agent.service - FIM Agent — File Integrity Monitor.
Oct 03 09:58:52 fim-host fim-agent[71765]: {"migrated": 0, "migration_skipped": 0, "migration_failed": 0, "migration_pending": 0, "retention_deleted": 0, "retention_retained": 0, "retention_corrupt": 0, "retention_failed": 0, "event": "quarantine.maintenance.complete", "level": "info", "timestamp": "2026-10-03T12:58:52.923824Z"}
Oct 03 09:58:52 fim-host fim-agent[71765]: {"total": 1, "degraded": 0, "event": "agent.preflight.summary", "level": "info", "timestamp": "2026-10-03T12:58:52.924231Z"}
Oct 03 09:58:52 fim-host fim-agent[71765]: {"scanned": 0, "skipped": 0, "oversize": 0, "errors": 0, "initialized": 0, "event": "baseline.init_scan.complete", "level": "info", "timestamp": "2026-10-03T12:58:52.924332Z"}
Oct 03 09:58:52 fim-host fim-agent[71765]: {"agent_id": "fim-vm", "ruleset_version": 6, "event": "agent started", "level": "info", "timestamp": "2026-10-03T12:58:52.924383Z"}
Oct 03 09:58:52 fim-host fim-agent[71765]: {"queue_migrated": 0, "queue_unreadable": 0, "queue_failed": 0, "discard_migrated": 0, "discard_unreadable": 0, "discard_failed": 0, "event": "queue.migration", "level": "info", "timestamp": "2026-10-03T12:58:52.925846Z"}
Oct 03 09:58:52 fim-host fim-agent[71765]: {"event_id": "713ae1ba-6c65-401d-b4ca-2f7489599122", "path": "/srv/fim-watch/r01", "action": "alert_only", "action_failed": false, "event": "decision.evaluated", "level": "info", "timestamp": "2026-10-03T12:58:52.949215Z"}
Oct 03 09:58:52 fim-host fim-agent[71765]: {"event_id": "713ae1ba-6c65-401d-b4ca-2f7489599122", "deferred": false, "event": "publisher.event_published", "level": "info", "timestamp": "2026-10-03T12:58:52.985289Z"}
Oct 03 09:58:52 fim-host fim-agent[71765]: {"path": "/srv/fim-watch/r01", "event_type": "file_modified", "event_id": "713ae1ba-6c65-401d-b4ca-2f7489599122", "event": "detector.change_detected", "level": "info", "timestamp": "2026-10-03T12:58:52.988703Z"}
Oct 03 09:58:52 fim-host fim-agent[71765]: {"event_id": "cce91c52-2f81-4cbc-911a-ced58db0d1e4", "path": "/srv/fim-watch/r02", "action": "alert_only", "action_failed": false, "event": "decision.evaluated", "level": "info", "timestamp": "2026-10-03T12:58:52.993938Z"}
Oct 03 09:58:53 fim-host fim-agent[71765]: {"event_id": "cce91c52-2f81-4cbc-911a-ced58db0d1e4", "deferred": false, "event": "publisher.event_published", "level": "info", "timestamp": "2026-10-03T12:58:53.001398Z"}
Oct 03 09:58:53 fim-host fim-agent[71765]: {"path": "/srv/fim-watch/r02", "event_type": "file_modified", "event_id": "cce91c52-2f81-4cbc-911a-ced58db0d1e4", "event": "detector.change_detected", "level": "info", "timestamp": "2026-10-03T12:58:53.003727Z"}
Oct 03 09:58:53 fim-host fim-agent[71765]: {"event_id": "b87b3c85-80cc-49cc-8852-a20f2bdcfd47", "path": "/srv/fim-watch/r03", "action": "alert_only", "action_failed": false, "event": "decision.evaluated", "level": "info", "timestamp": "2026-10-03T12:58:53.009323Z"}
Oct 03 09:58:53 fim-host fim-agent[71765]: {"event_id": "b87b3c85-80cc-49cc-8852-a20f2bdcfd47", "deferred": false, "event": "publisher.event_published", "level": "info", "timestamp": "2026-10-03T12:58:53.018680Z"}
Oct 03 09:58:53 fim-host fim-agent[71765]: {"path": "/srv/fim-watch/r03", "event_type": "file_modified", "event_id": "b87b3c85-80cc-49cc-8852-a20f2bdcfd47", "event": "detector.change_detected", "level": "info", "timestamp": "2026-10-03T12:58:53.021140Z"}
Oct 03 09:58:53 fim-host fim-agent[71765]: {"event_id": "1722b725-f6c6-4b3f-b9c7-04173e068813", "path": "/srv/fim-watch/r04", "action": "alert_only", "action_failed": false, "event": "decision.evaluated", "level": "info", "timestamp": "2026-10-03T12:58:53.025920Z"}
Oct 03 09:58:53 fim-host fim-agent[71765]: {"event_id": "1722b725-f6c6-4b3f-b9c7-04173e068813", "deferred": false, "event": "publisher.event_published", "level": "info", "timestamp": "2026-10-03T12:58:53.035064Z"}
Oct 03 09:58:53 fim-host fim-agent[71765]: {"path": "/srv/fim-watch/r04", "event_type": "file_modified", "event_id": "1722b725-f6c6-4b3f-b9c7-04173e068813", "event": "detector.change_detected", "level": "info", "timestamp": "2026-10-03T12:58:53.037472Z"}
Oct 03 09:58:53 fim-host fim-agent[71765]: {"event_id": "c051aebc-6959-4a6d-9a1b-dd3e1f64dcbf", "path": "/srv/fim-watch/r05", "action": "alert_only", "action_failed": false, "event": "decision.evaluated", "level": "info", "timestamp": "2026-10-03T12:58:53.042233Z"}
Oct 03 09:58:53 fim-host fim-agent[71765]: {"event_id": "c051aebc-6959-4a6d-9a1b-dd3e1f64dcbf", "deferred": false, "event": "publisher.event_published", "level": "info", "timestamp": "2026-10-03T12:58:53.049643Z"}
Oct 03 09:58:53 fim-host fim-agent[71765]: {"path": "/srv/fim-watch/r05", "event_type": "file_deleted", "event_id": "c051aebc-6959-4a6d-9a1b-dd3e1f64dcbf", "event": "detector.change_detected", "level": "info", "timestamp": "2026-10-03T12:58:53.051879Z"}
Oct 03 09:58:53 fim-host fim-agent[71765]: {"event_id": "5e3a438f-3c67-4c67-bf90-6e3c0aaa3bff", "path": "/srv/fim-watch/r06", "action": "alert_only", "action_failed": false, "event": "decision.evaluated", "level": "info", "timestamp": "2026-10-03T12:58:53.055720Z"}
Oct 03 09:58:53 fim-host fim-agent[71765]: {"event_id": "5e3a438f-3c67-4c67-bf90-6e3c0aaa3bff", "deferred": false, "event": "publisher.event_published", "level": "info", "timestamp": "2026-10-03T12:58:53.063625Z"}
Oct 03 09:58:53 fim-host fim-agent[71765]: {"path": "/srv/fim-watch/r06", "event_type": "file_deleted", "event_id": "5e3a438f-3c67-4c67-bf90-6e3c0aaa3bff", "event": "detector.change_detected", "level": "info", "timestamp": "2026-10-03T12:58:53.066059Z"}
Oct 03 09:58:53 fim-host fim-agent[71765]: {"event_id": "7fc8d932-1c5d-4e34-ba27-6ebd9d64a45b", "path": "/srv/fim-watch/r07", "action": "alert_only", "action_failed": false, "event": "decision.evaluated", "level": "info", "timestamp": "2026-10-03T12:58:53.070800Z"}
Oct 03 09:58:53 fim-host fim-agent[71765]: {"event_id": "7fc8d932-1c5d-4e34-ba27-6ebd9d64a45b", "deferred": false, "event": "publisher.event_published", "level": "info", "timestamp": "2026-10-03T12:58:53.078688Z"}
Oct 03 09:58:53 fim-host fim-agent[71765]: {"path": "/srv/fim-watch/r07", "event_type": "file_deleted", "event_id": "7fc8d932-1c5d-4e34-ba27-6ebd9d64a45b", "event": "detector.change_detected", "level": "info", "timestamp": "2026-10-03T12:58:53.081379Z"}
Oct 03 09:58:53 fim-host fim-agent[71765]: {"deleted": 3, "modified": 4, "created": 0, "suppressed_already_reported": 0, "unchanged": 3, "errors": 0, "duration_ms": 152, "event": "baseline.reconcile.complete", "level": "info", "timestamp": "2026-10-03T12:58:53.081582Z"}
Oct 03 09:58:53 fim-host fim-agent[71765]: {"work_dir": "/var/lib/fim-agent", "reason": "work dir comparte filesystem con watch_paths; una marca FILESYSTEM de ignorados los cegar\u00eda. Se delega en el filtro de scope.", "event": "detector.mark_exclusion_skipped_same_fs", "level": "warning", "timestamp": "2026-10-03T12:58:53.110053Z"}
Oct 03 09:58:53 fim-host fim-agent[71765]: {"watch_paths": ["/srv/fim-watch"], "event": "detector.started", "level": "info", "timestamp": "2026-10-03T12:58:53.110543Z"}
Oct 03 09:58:53 fim-host fim-agent[71765]: {"event_id": "713ae1ba-6c65-401d-b4ca-2f7489599122", "event": "publisher.event_acked", "level": "info", "timestamp": "2026-10-03T12:58:53.111506Z"}
Oct 03 09:58:53 fim-host fim-agent[71765]: {"event_id": "cce91c52-2f81-4cbc-911a-ced58db0d1e4", "event": "publisher.event_acked", "level": "info", "timestamp": "2026-10-03T12:58:53.114200Z"}
Oct 03 09:58:53 fim-host fim-agent[71765]: {"event_id": "b87b3c85-80cc-49cc-8852-a20f2bdcfd47", "event": "publisher.event_acked", "level": "info", "timestamp": "2026-10-03T12:58:53.117355Z"}
Oct 03 09:58:53 fim-host fim-agent[71765]: {"event_id": "1722b725-f6c6-4b3f-b9c7-04173e068813", "event": "publisher.event_acked", "level": "info", "timestamp": "2026-10-03T12:58:53.121365Z"}
Oct 03 09:58:53 fim-host fim-agent[71765]: {"event_id": "c051aebc-6959-4a6d-9a1b-dd3e1f64dcbf", "event": "publisher.event_acked", "level": "info", "timestamp": "2026-10-03T12:58:53.124198Z"}
Oct 03 09:58:53 fim-host fim-agent[71765]: {"event_id": "5e3a438f-3c67-4c67-bf90-6e3c0aaa3bff", "event": "publisher.event_acked", "level": "info", "timestamp": "2026-10-03T12:58:53.126701Z"}
Oct 03 09:58:53 fim-host fim-agent[71765]: {"event_id": "7fc8d932-1c5d-4e34-ba27-6ebd9d64a45b", "event": "publisher.event_acked", "level": "info", "timestamp": "2026-10-03T12:58:53.130823Z"}
Oct 03 09:59:06 fim-host fim-agent[71765]: {"signal": "SIGTERM", "event": "shutting down", "level": "info", "timestamp": "2026-10-03T12:59:06.173341Z"}
Oct 03 09:59:06 fim-host systemd[1]: Stopping fim-agent.service - FIM Agent — File Integrity Monitor...
Oct 03 09:59:07 fim-host fim-agent[71765]: {"event": "detector.stopped", "level": "info", "timestamp": "2026-10-03T12:59:07.128673Z"}
Oct 03 09:59:08 fim-host systemd[1]: fim-agent.service: Deactivated successfully.
Oct 03 09:59:08 fim-host systemd[1]: Stopped fim-agent.service - FIM Agent — File Integrity Monitor.
Oct 03 09:59:08 fim-host systemd[1]: Started fim-agent.service - FIM Agent — File Integrity Monitor.
Oct 03 09:59:09 fim-host fim-agent[71878]: {"migrated": 0, "migration_skipped": 0, "migration_failed": 0, "migration_pending": 0, "retention_deleted": 0, "retention_retained": 0, "retention_corrupt": 0, "retention_failed": 0, "event": "quarantine.maintenance.complete", "level": "info", "timestamp": "2026-10-03T12:59:09.155859Z"}
Oct 03 09:59:09 fim-host fim-agent[71878]: {"total": 1, "degraded": 0, "event": "agent.preflight.summary", "level": "info", "timestamp": "2026-10-03T12:59:09.156108Z"}
Oct 03 09:59:09 fim-host fim-agent[71878]: {"scanned": 10, "skipped": 0, "oversize": 0, "errors": 0, "initialized": 1, "event": "baseline.init_scan.complete", "level": "info", "timestamp": "2026-10-03T12:59:09.192563Z"}
Oct 03 09:59:09 fim-host fim-agent[71878]: {"agent_id": "fim-vm", "ruleset_version": 6, "event": "agent started", "level": "info", "timestamp": "2026-10-03T12:59:09.192643Z"}
Oct 03 09:59:09 fim-host fim-agent[71878]: {"queue_migrated": 0, "queue_unreadable": 0, "queue_failed": 0, "discard_migrated": 0, "discard_unreadable": 0, "discard_failed": 0, "event": "queue.migration", "level": "info", "timestamp": "2026-10-03T12:59:09.193483Z"}
Oct 03 09:59:09 fim-host fim-agent[71878]: {"deleted": 0, "modified": 0, "created": 0, "suppressed_already_reported": 0, "unchanged": 10, "errors": 0, "duration_ms": 3, "event": "baseline.reconcile.complete", "level": "info", "timestamp": "2026-10-03T12:59:09.198496Z"}
Oct 03 09:59:09 fim-host fim-agent[71878]: {"work_dir": "/var/lib/fim-agent", "reason": "work dir comparte filesystem con watch_paths; una marca FILESYSTEM de ignorados los cegar\u00eda. Se delega en el filtro de scope.", "event": "detector.mark_exclusion_skipped_same_fs", "level": "warning", "timestamp": "2026-10-03T12:59:09.238532Z"}
Oct 03 09:59:09 fim-host fim-agent[71878]: {"watch_paths": ["/srv/fim-watch"], "event": "detector.started", "level": "info", "timestamp": "2026-10-03T12:59:09.238950Z"}
Oct 03 09:59:09 fim-host systemd[1]: Stopping fim-agent.service - FIM Agent — File Integrity Monitor...
Oct 03 09:59:09 fim-host fim-agent[71878]: {"signal": "SIGTERM", "event": "shutting down", "level": "info", "timestamp": "2026-10-03T12:59:09.926907Z"}
Oct 03 09:59:10 fim-host fim-agent[71878]: {"event": "detector.stopped", "level": "info", "timestamp": "2026-10-03T12:59:10.239977Z"}
Oct 03 09:59:14 fim-host systemd[1]: fim-agent.service: Deactivated successfully.
Oct 03 09:59:14 fim-host systemd[1]: Stopped fim-agent.service - FIM Agent — File Integrity Monitor.
Oct 03 09:59:14 fim-host systemd[1]: Started fim-agent.service - FIM Agent — File Integrity Monitor.
Oct 03 09:59:15 fim-host fim-agent[71906]: {"migrated": 0, "migration_skipped": 0, "migration_failed": 0, "migration_pending": 0, "retention_deleted": 0, "retention_retained": 0, "retention_corrupt": 0, "retention_failed": 0, "event": "quarantine.maintenance.complete", "level": "info", "timestamp": "2026-10-03T12:59:15.201671Z"}
Oct 03 09:59:15 fim-host fim-agent[71906]: {"total": 1, "degraded": 0, "event": "agent.preflight.summary", "level": "info", "timestamp": "2026-10-03T12:59:15.201965Z"}
Oct 03 09:59:15 fim-host fim-agent[71906]: {"scanned": 0, "skipped": 0, "oversize": 0, "errors": 0, "initialized": 0, "event": "baseline.init_scan.complete", "level": "info", "timestamp": "2026-10-03T12:59:15.202028Z"}
Oct 03 09:59:15 fim-host fim-agent[71906]: {"agent_id": "fim-vm", "ruleset_version": 6, "event": "agent started", "level": "info", "timestamp": "2026-10-03T12:59:15.202053Z"}
Oct 03 09:59:15 fim-host fim-agent[71906]: {"queue_migrated": 0, "queue_unreadable": 0, "queue_failed": 0, "discard_migrated": 0, "discard_unreadable": 0, "discard_failed": 0, "event": "queue.migration", "level": "info", "timestamp": "2026-10-03T12:59:15.202988Z"}
Oct 03 09:59:15 fim-host fim-agent[71906]: {"event_id": "d87adfc1-00a3-47c1-b2fa-dd31c83dc90f", "path": "/srv/fim-watch/r01", "action": "alert_only", "action_failed": false, "event": "decision.evaluated", "level": "info", "timestamp": "2026-10-03T12:59:15.215470Z"}
Oct 03 09:59:15 fim-host fim-agent[71906]: {"event_id": "d87adfc1-00a3-47c1-b2fa-dd31c83dc90f", "deferred": false, "event": "publisher.event_published", "level": "info", "timestamp": "2026-10-03T12:59:15.249974Z"}
Oct 03 09:59:15 fim-host fim-agent[71906]: {"path": "/srv/fim-watch/r01", "event_type": "file_modified", "event_id": "d87adfc1-00a3-47c1-b2fa-dd31c83dc90f", "event": "detector.change_detected", "level": "info", "timestamp": "2026-10-03T12:59:15.252654Z"}
Oct 03 09:59:15 fim-host fim-agent[71906]: {"event_id": "61912249-bb77-43ca-9649-dd16bb2c45b3", "path": "/srv/fim-watch/r02", "action": "alert_only", "action_failed": false, "event": "decision.evaluated", "level": "info", "timestamp": "2026-10-03T12:59:15.257711Z"}
Oct 03 09:59:15 fim-host fim-agent[71906]: {"event_id": "61912249-bb77-43ca-9649-dd16bb2c45b3", "deferred": false, "event": "publisher.event_published", "level": "info", "timestamp": "2026-10-03T12:59:15.266227Z"}
Oct 03 09:59:15 fim-host fim-agent[71906]: {"path": "/srv/fim-watch/r02", "event_type": "file_modified", "event_id": "61912249-bb77-43ca-9649-dd16bb2c45b3", "event": "detector.change_detected", "level": "info", "timestamp": "2026-10-03T12:59:15.268452Z"}
Oct 03 09:59:15 fim-host fim-agent[71906]: {"event_id": "918599d8-2aec-48aa-9765-4582737220f1", "path": "/srv/fim-watch/r03", "action": "alert_only", "action_failed": false, "event": "decision.evaluated", "level": "info", "timestamp": "2026-10-03T12:59:15.273185Z"}
Oct 03 09:59:15 fim-host fim-agent[71906]: {"event_id": "918599d8-2aec-48aa-9765-4582737220f1", "deferred": false, "event": "publisher.event_published", "level": "info", "timestamp": "2026-10-03T12:59:15.283874Z"}
Oct 03 09:59:15 fim-host fim-agent[71906]: {"path": "/srv/fim-watch/r03", "event_type": "file_modified", "event_id": "918599d8-2aec-48aa-9765-4582737220f1", "event": "detector.change_detected", "level": "info", "timestamp": "2026-10-03T12:59:15.286775Z"}
Oct 03 09:59:15 fim-host fim-agent[71906]: {"event_id": "a139f8ad-948c-4f7b-ae2c-9020669f11e5", "path": "/srv/fim-watch/r04", "action": "alert_only", "action_failed": false, "event": "decision.evaluated", "level": "info", "timestamp": "2026-10-03T12:59:15.292898Z"}
Oct 03 09:59:15 fim-host fim-agent[71906]: {"event_id": "a139f8ad-948c-4f7b-ae2c-9020669f11e5", "deferred": false, "event": "publisher.event_published", "level": "info", "timestamp": "2026-10-03T12:59:15.301243Z"}
Oct 03 09:59:15 fim-host fim-agent[71906]: {"path": "/srv/fim-watch/r04", "event_type": "file_modified", "event_id": "a139f8ad-948c-4f7b-ae2c-9020669f11e5", "event": "detector.change_detected", "level": "info", "timestamp": "2026-10-03T12:59:15.304099Z"}
Oct 03 09:59:15 fim-host fim-agent[71906]: {"event_id": "8f150500-e07d-45dd-a5f6-0d2b06e23a05", "path": "/srv/fim-watch/r05", "action": "alert_only", "action_failed": false, "event": "decision.evaluated", "level": "info", "timestamp": "2026-10-03T12:59:15.309995Z"}
Oct 03 09:59:15 fim-host fim-agent[71906]: {"event_id": "8f150500-e07d-45dd-a5f6-0d2b06e23a05", "deferred": false, "event": "publisher.event_published", "level": "info", "timestamp": "2026-10-03T12:59:15.323849Z"}
Oct 03 09:59:15 fim-host fim-agent[71906]: {"path": "/srv/fim-watch/r05", "event_type": "file_deleted", "event_id": "8f150500-e07d-45dd-a5f6-0d2b06e23a05", "event": "detector.change_detected", "level": "info", "timestamp": "2026-10-03T12:59:15.327062Z"}
Oct 03 09:59:15 fim-host fim-agent[71906]: {"event_id": "9e425de5-4b63-4a05-a1c7-b5b4b8310860", "path": "/srv/fim-watch/r06", "action": "alert_only", "action_failed": false, "event": "decision.evaluated", "level": "info", "timestamp": "2026-10-03T12:59:15.333549Z"}
Oct 03 09:59:15 fim-host fim-agent[71906]: {"event_id": "9e425de5-4b63-4a05-a1c7-b5b4b8310860", "deferred": false, "event": "publisher.event_published", "level": "info", "timestamp": "2026-10-03T12:59:15.342279Z"}
Oct 03 09:59:15 fim-host fim-agent[71906]: {"path": "/srv/fim-watch/r06", "event_type": "file_deleted", "event_id": "9e425de5-4b63-4a05-a1c7-b5b4b8310860", "event": "detector.change_detected", "level": "info", "timestamp": "2026-10-03T12:59:15.344887Z"}
Oct 03 09:59:15 fim-host fim-agent[71906]: {"event_id": "bb16d106-310f-4173-92e7-c73fab40de8e", "path": "/srv/fim-watch/r07", "action": "alert_only", "action_failed": false, "event": "decision.evaluated", "level": "info", "timestamp": "2026-10-03T12:59:15.349440Z"}
Oct 03 09:59:15 fim-host fim-agent[71906]: {"event_id": "bb16d106-310f-4173-92e7-c73fab40de8e", "deferred": false, "event": "publisher.event_published", "level": "info", "timestamp": "2026-10-03T12:59:15.356888Z"}
Oct 03 09:59:15 fim-host fim-agent[71906]: {"path": "/srv/fim-watch/r07", "event_type": "file_deleted", "event_id": "bb16d106-310f-4173-92e7-c73fab40de8e", "event": "detector.change_detected", "level": "info", "timestamp": "2026-10-03T12:59:15.358848Z"}
Oct 03 09:59:15 fim-host fim-agent[71906]: {"deleted": 3, "modified": 4, "created": 0, "suppressed_already_reported": 0, "unchanged": 3, "errors": 0, "duration_ms": 154, "event": "baseline.reconcile.complete", "level": "info", "timestamp": "2026-10-03T12:59:15.358953Z"}
Oct 03 09:59:15 fim-host fim-agent[71906]: {"work_dir": "/var/lib/fim-agent", "reason": "work dir comparte filesystem con watch_paths; una marca FILESYSTEM de ignorados los cegar\u00eda. Se delega en el filtro de scope.", "event": "detector.mark_exclusion_skipped_same_fs", "level": "warning", "timestamp": "2026-10-03T12:59:15.379792Z"}
Oct 03 09:59:15 fim-host fim-agent[71906]: {"watch_paths": ["/srv/fim-watch"], "event": "detector.started", "level": "info", "timestamp": "2026-10-03T12:59:15.380138Z"}
Oct 03 09:59:15 fim-host fim-agent[71906]: {"event_id": "d87adfc1-00a3-47c1-b2fa-dd31c83dc90f", "event": "publisher.event_acked", "level": "info", "timestamp": "2026-10-03T12:59:15.380821Z"}
Oct 03 09:59:15 fim-host fim-agent[71906]: {"event_id": "61912249-bb77-43ca-9649-dd16bb2c45b3", "event": "publisher.event_acked", "level": "info", "timestamp": "2026-10-03T12:59:15.383280Z"}
Oct 03 09:59:15 fim-host fim-agent[71906]: {"event_id": "918599d8-2aec-48aa-9765-4582737220f1", "event": "publisher.event_acked", "level": "info", "timestamp": "2026-10-03T12:59:15.385562Z"}
Oct 03 09:59:15 fim-host fim-agent[71906]: {"event_id": "a139f8ad-948c-4f7b-ae2c-9020669f11e5", "event": "publisher.event_acked", "level": "info", "timestamp": "2026-10-03T12:59:15.387846Z"}
Oct 03 09:59:15 fim-host fim-agent[71906]: {"event_id": "8f150500-e07d-45dd-a5f6-0d2b06e23a05", "event": "publisher.event_acked", "level": "info", "timestamp": "2026-10-03T12:59:15.389825Z"}
Oct 03 09:59:15 fim-host fim-agent[71906]: {"event_id": "9e425de5-4b63-4a05-a1c7-b5b4b8310860", "event": "publisher.event_acked", "level": "info", "timestamp": "2026-10-03T12:59:15.392644Z"}
Oct 03 09:59:15 fim-host fim-agent[71906]: {"event_id": "bb16d106-310f-4173-92e7-c73fab40de8e", "event": "publisher.event_acked", "level": "info", "timestamp": "2026-10-03T12:59:15.396594Z"}
Oct 03 09:59:28 fim-host systemd[1]: Stopping fim-agent.service - FIM Agent — File Integrity Monitor...
Oct 03 09:59:28 fim-host fim-agent[71906]: {"signal": "SIGTERM", "event": "shutting down", "level": "info", "timestamp": "2026-10-03T12:59:28.138129Z"}
Oct 03 09:59:28 fim-host fim-agent[71906]: {"event": "detector.stopped", "level": "info", "timestamp": "2026-10-03T12:59:28.398991Z"}
Oct 03 09:59:31 fim-host systemd[1]: fim-agent.service: Deactivated successfully.
Oct 03 09:59:31 fim-host systemd[1]: Stopped fim-agent.service - FIM Agent — File Integrity Monitor.
Oct 03 09:59:31 fim-host systemd[1]: Started fim-agent.service - FIM Agent — File Integrity Monitor.
Oct 03 09:59:31 fim-host fim-agent[72010]: {"migrated": 0, "migration_skipped": 0, "migration_failed": 0, "migration_pending": 0, "retention_deleted": 0, "retention_retained": 0, "retention_corrupt": 0, "retention_failed": 0, "event": "quarantine.maintenance.complete", "level": "info", "timestamp": "2026-10-03T12:59:31.433367Z"}
Oct 03 09:59:31 fim-host fim-agent[72010]: {"total": 1, "degraded": 0, "event": "agent.preflight.summary", "level": "info", "timestamp": "2026-10-03T12:59:31.433671Z"}
Oct 03 09:59:31 fim-host fim-agent[72010]: {"scanned": 10, "skipped": 0, "oversize": 0, "errors": 0, "initialized": 1, "event": "baseline.init_scan.complete", "level": "info", "timestamp": "2026-10-03T12:59:31.471323Z"}
Oct 03 09:59:31 fim-host fim-agent[72010]: {"agent_id": "fim-vm", "ruleset_version": 6, "event": "agent started", "level": "info", "timestamp": "2026-10-03T12:59:31.471429Z"}
Oct 03 09:59:31 fim-host fim-agent[72010]: {"queue_migrated": 0, "queue_unreadable": 0, "queue_failed": 0, "discard_migrated": 0, "discard_unreadable": 0, "discard_failed": 0, "event": "queue.migration", "level": "info", "timestamp": "2026-10-03T12:59:31.472355Z"}
Oct 03 09:59:31 fim-host fim-agent[72010]: {"deleted": 0, "modified": 0, "created": 0, "suppressed_already_reported": 0, "unchanged": 10, "errors": 0, "duration_ms": 2, "event": "baseline.reconcile.complete", "level": "info", "timestamp": "2026-10-03T12:59:31.476682Z"}
Oct 03 09:59:31 fim-host fim-agent[72010]: {"work_dir": "/var/lib/fim-agent", "reason": "work dir comparte filesystem con watch_paths; una marca FILESYSTEM de ignorados los cegar\u00eda. Se delega en el filtro de scope.", "event": "detector.mark_exclusion_skipped_same_fs", "level": "warning", "timestamp": "2026-10-03T12:59:31.516270Z"}
Oct 03 09:59:31 fim-host fim-agent[72010]: {"watch_paths": ["/srv/fim-watch"], "event": "detector.started", "level": "info", "timestamp": "2026-10-03T12:59:31.516654Z"}
Oct 03 09:59:32 fim-host systemd[1]: Stopping fim-agent.service - FIM Agent — File Integrity Monitor...
Oct 03 09:59:32 fim-host fim-agent[72010]: {"signal": "SIGTERM", "event": "shutting down", "level": "info", "timestamp": "2026-10-03T12:59:32.172891Z"}
Oct 03 09:59:32 fim-host fim-agent[72010]: {"event": "detector.stopped", "level": "info", "timestamp": "2026-10-03T12:59:32.518373Z"}
Oct 03 09:59:37 fim-host systemd[1]: fim-agent.service: Deactivated successfully.
Oct 03 09:59:37 fim-host systemd[1]: Stopped fim-agent.service - FIM Agent — File Integrity Monitor.
Oct 03 09:59:37 fim-host systemd[1]: Started fim-agent.service - FIM Agent — File Integrity Monitor.
Oct 03 09:59:37 fim-host fim-agent[72038]: {"migrated": 0, "migration_skipped": 0, "migration_failed": 0, "migration_pending": 0, "retention_deleted": 0, "retention_retained": 0, "retention_corrupt": 0, "retention_failed": 0, "event": "quarantine.maintenance.complete", "level": "info", "timestamp": "2026-10-03T12:59:37.544688Z"}
Oct 03 09:59:37 fim-host fim-agent[72038]: {"total": 1, "degraded": 0, "event": "agent.preflight.summary", "level": "info", "timestamp": "2026-10-03T12:59:37.545513Z"}
Oct 03 09:59:37 fim-host fim-agent[72038]: {"scanned": 0, "skipped": 0, "oversize": 0, "errors": 0, "initialized": 0, "event": "baseline.init_scan.complete", "level": "info", "timestamp": "2026-10-03T12:59:37.545602Z"}
Oct 03 09:59:37 fim-host fim-agent[72038]: {"agent_id": "fim-vm", "ruleset_version": 6, "event": "agent started", "level": "info", "timestamp": "2026-10-03T12:59:37.545627Z"}
Oct 03 09:59:37 fim-host fim-agent[72038]: {"queue_migrated": 0, "queue_unreadable": 0, "queue_failed": 0, "discard_migrated": 0, "discard_unreadable": 0, "discard_failed": 0, "event": "queue.migration", "level": "info", "timestamp": "2026-10-03T12:59:37.546458Z"}
Oct 03 09:59:37 fim-host fim-agent[72038]: {"event_id": "da2eeaa8-0c55-41c2-9a9d-5cbd037a1e60", "path": "/srv/fim-watch/r01", "action": "alert_only", "action_failed": false, "event": "decision.evaluated", "level": "info", "timestamp": "2026-10-03T12:59:37.572160Z"}
Oct 03 09:59:37 fim-host fim-agent[72038]: {"event_id": "da2eeaa8-0c55-41c2-9a9d-5cbd037a1e60", "deferred": false, "event": "publisher.event_published", "level": "info", "timestamp": "2026-10-03T12:59:37.607976Z"}
Oct 03 09:59:37 fim-host fim-agent[72038]: {"path": "/srv/fim-watch/r01", "event_type": "file_modified", "event_id": "da2eeaa8-0c55-41c2-9a9d-5cbd037a1e60", "event": "detector.change_detected", "level": "info", "timestamp": "2026-10-03T12:59:37.610831Z"}
Oct 03 09:59:37 fim-host fim-agent[72038]: {"event_id": "2ecfd9fa-37ae-4054-bf2b-26db489603b2", "path": "/srv/fim-watch/r02", "action": "alert_only", "action_failed": false, "event": "decision.evaluated", "level": "info", "timestamp": "2026-10-03T12:59:37.616288Z"}
Oct 03 09:59:37 fim-host fim-agent[72038]: {"event_id": "2ecfd9fa-37ae-4054-bf2b-26db489603b2", "deferred": false, "event": "publisher.event_published", "level": "info", "timestamp": "2026-10-03T12:59:37.624305Z"}
Oct 03 09:59:37 fim-host fim-agent[72038]: {"path": "/srv/fim-watch/r02", "event_type": "file_modified", "event_id": "2ecfd9fa-37ae-4054-bf2b-26db489603b2", "event": "detector.change_detected", "level": "info", "timestamp": "2026-10-03T12:59:37.626936Z"}
Oct 03 09:59:37 fim-host fim-agent[72038]: {"event_id": "3f0fd931-7b29-4866-b556-1e5a00ade759", "path": "/srv/fim-watch/r03", "action": "alert_only", "action_failed": false, "event": "decision.evaluated", "level": "info", "timestamp": "2026-10-03T12:59:37.632314Z"}
Oct 03 09:59:37 fim-host fim-agent[72038]: {"event_id": "3f0fd931-7b29-4866-b556-1e5a00ade759", "deferred": false, "event": "publisher.event_published", "level": "info", "timestamp": "2026-10-03T12:59:37.641773Z"}
Oct 03 09:59:37 fim-host fim-agent[72038]: {"path": "/srv/fim-watch/r03", "event_type": "file_modified", "event_id": "3f0fd931-7b29-4866-b556-1e5a00ade759", "event": "detector.change_detected", "level": "info", "timestamp": "2026-10-03T12:59:37.645071Z"}
Oct 03 09:59:37 fim-host fim-agent[72038]: {"event_id": "97538f76-215c-4c57-96aa-ba6fffd2a7db", "path": "/srv/fim-watch/r04", "action": "alert_only", "action_failed": false, "event": "decision.evaluated", "level": "info", "timestamp": "2026-10-03T12:59:37.651113Z"}
Oct 03 09:59:37 fim-host fim-agent[72038]: {"event_id": "97538f76-215c-4c57-96aa-ba6fffd2a7db", "deferred": false, "event": "publisher.event_published", "level": "info", "timestamp": "2026-10-03T12:59:37.660093Z"}
Oct 03 09:59:37 fim-host fim-agent[72038]: {"path": "/srv/fim-watch/r04", "event_type": "file_modified", "event_id": "97538f76-215c-4c57-96aa-ba6fffd2a7db", "event": "detector.change_detected", "level": "info", "timestamp": "2026-10-03T12:59:37.662570Z"}
Oct 03 09:59:37 fim-host fim-agent[72038]: {"event_id": "7ba1d1ab-d272-420b-a392-eb2d9f2f573a", "path": "/srv/fim-watch/r05", "action": "alert_only", "action_failed": false, "event": "decision.evaluated", "level": "info", "timestamp": "2026-10-03T12:59:37.667778Z"}
Oct 03 09:59:37 fim-host fim-agent[72038]: {"event_id": "7ba1d1ab-d272-420b-a392-eb2d9f2f573a", "deferred": false, "event": "publisher.event_published", "level": "info", "timestamp": "2026-10-03T12:59:37.676776Z"}
Oct 03 09:59:37 fim-host fim-agent[72038]: {"path": "/srv/fim-watch/r05", "event_type": "file_deleted", "event_id": "7ba1d1ab-d272-420b-a392-eb2d9f2f573a", "event": "detector.change_detected", "level": "info", "timestamp": "2026-10-03T12:59:37.679313Z"}
Oct 03 09:59:37 fim-host fim-agent[72038]: {"event_id": "2466a5df-0da3-40c9-804b-f4854bd00e8d", "path": "/srv/fim-watch/r06", "action": "alert_only", "action_failed": false, "event": "decision.evaluated", "level": "info", "timestamp": "2026-10-03T12:59:37.684154Z"}
Oct 03 09:59:37 fim-host fim-agent[72038]: {"event_id": "2466a5df-0da3-40c9-804b-f4854bd00e8d", "deferred": false, "event": "publisher.event_published", "level": "info", "timestamp": "2026-10-03T12:59:37.694622Z"}
Oct 03 09:59:37 fim-host fim-agent[72038]: {"path": "/srv/fim-watch/r06", "event_type": "file_deleted", "event_id": "2466a5df-0da3-40c9-804b-f4854bd00e8d", "event": "detector.change_detected", "level": "info", "timestamp": "2026-10-03T12:59:37.698489Z"}
Oct 03 09:59:37 fim-host fim-agent[72038]: {"event_id": "4120b912-0932-4911-9772-78d534cbde0f", "path": "/srv/fim-watch/r07", "action": "alert_only", "action_failed": false, "event": "decision.evaluated", "level": "info", "timestamp": "2026-10-03T12:59:37.704049Z"}
Oct 03 09:59:37 fim-host fim-agent[72038]: {"event_id": "4120b912-0932-4911-9772-78d534cbde0f", "deferred": false, "event": "publisher.event_published", "level": "info", "timestamp": "2026-10-03T12:59:37.711957Z"}
Oct 03 09:59:37 fim-host fim-agent[72038]: {"path": "/srv/fim-watch/r07", "event_type": "file_deleted", "event_id": "4120b912-0932-4911-9772-78d534cbde0f", "event": "detector.change_detected", "level": "info", "timestamp": "2026-10-03T12:59:37.714222Z"}
Oct 03 09:59:37 fim-host fim-agent[72038]: {"deleted": 3, "modified": 4, "created": 0, "suppressed_already_reported": 0, "unchanged": 3, "errors": 0, "duration_ms": 166, "event": "baseline.reconcile.complete", "level": "info", "timestamp": "2026-10-03T12:59:37.714355Z"}
Oct 03 09:59:37 fim-host fim-agent[72038]: {"work_dir": "/var/lib/fim-agent", "reason": "work dir comparte filesystem con watch_paths; una marca FILESYSTEM de ignorados los cegar\u00eda. Se delega en el filtro de scope.", "event": "detector.mark_exclusion_skipped_same_fs", "level": "warning", "timestamp": "2026-10-03T12:59:37.739079Z"}
Oct 03 09:59:37 fim-host fim-agent[72038]: {"watch_paths": ["/srv/fim-watch"], "event": "detector.started", "level": "info", "timestamp": "2026-10-03T12:59:37.739505Z"}
Oct 03 09:59:37 fim-host fim-agent[72038]: {"event_id": "da2eeaa8-0c55-41c2-9a9d-5cbd037a1e60", "event": "publisher.event_acked", "level": "info", "timestamp": "2026-10-03T12:59:37.740433Z"}
Oct 03 09:59:37 fim-host fim-agent[72038]: {"event_id": "2ecfd9fa-37ae-4054-bf2b-26db489603b2", "event": "publisher.event_acked", "level": "info", "timestamp": "2026-10-03T12:59:37.742823Z"}
Oct 03 09:59:37 fim-host fim-agent[72038]: {"event_id": "3f0fd931-7b29-4866-b556-1e5a00ade759", "event": "publisher.event_acked", "level": "info", "timestamp": "2026-10-03T12:59:37.745297Z"}
Oct 03 09:59:37 fim-host fim-agent[72038]: {"event_id": "97538f76-215c-4c57-96aa-ba6fffd2a7db", "event": "publisher.event_acked", "level": "info", "timestamp": "2026-10-03T12:59:37.747891Z"}
Oct 03 09:59:37 fim-host fim-agent[72038]: {"event_id": "7ba1d1ab-d272-420b-a392-eb2d9f2f573a", "event": "publisher.event_acked", "level": "info", "timestamp": "2026-10-03T12:59:37.750699Z"}
Oct 03 09:59:37 fim-host fim-agent[72038]: {"event_id": "2466a5df-0da3-40c9-804b-f4854bd00e8d", "event": "publisher.event_acked", "level": "info", "timestamp": "2026-10-03T12:59:37.755161Z"}
Oct 03 09:59:37 fim-host fim-agent[72038]: {"event_id": "4120b912-0932-4911-9772-78d534cbde0f", "event": "publisher.event_acked", "level": "info", "timestamp": "2026-10-03T12:59:37.759949Z"}
Oct 03 09:59:50 fim-host systemd[1]: Stopping fim-agent.service - FIM Agent — File Integrity Monitor...
Oct 03 09:59:50 fim-host fim-agent[72038]: {"signal": "SIGTERM", "event": "shutting down", "level": "info", "timestamp": "2026-10-03T12:59:50.517812Z"}
Oct 03 09:59:50 fim-host fim-agent[72038]: {"event": "detector.stopped", "level": "info", "timestamp": "2026-10-03T12:59:50.756621Z"}
Oct 03 09:59:53 fim-host systemd[1]: fim-agent.service: Deactivated successfully.
Oct 03 09:59:53 fim-host systemd[1]: Stopped fim-agent.service - FIM Agent — File Integrity Monitor.
Oct 03 09:59:53 fim-host systemd[1]: Started fim-agent.service - FIM Agent — File Integrity Monitor.
Oct 03 09:59:53 fim-host fim-agent[72142]: {"migrated": 0, "migration_skipped": 0, "migration_failed": 0, "migration_pending": 0, "retention_deleted": 0, "retention_retained": 0, "retention_corrupt": 0, "retention_failed": 0, "event": "quarantine.maintenance.complete", "level": "info", "timestamp": "2026-10-03T12:59:53.868169Z"}
Oct 03 09:59:53 fim-host fim-agent[72142]: {"total": 1, "degraded": 0, "event": "agent.preflight.summary", "level": "info", "timestamp": "2026-10-03T12:59:53.868891Z"}
Oct 03 09:59:53 fim-host fim-agent[72142]: {"scanned": 10, "skipped": 0, "oversize": 0, "errors": 0, "initialized": 1, "event": "baseline.init_scan.complete", "level": "info", "timestamp": "2026-10-03T12:59:53.892100Z"}
Oct 03 09:59:53 fim-host fim-agent[72142]: {"agent_id": "fim-vm", "ruleset_version": 6, "event": "agent started", "level": "info", "timestamp": "2026-10-03T12:59:53.892167Z"}
Oct 03 09:59:53 fim-host fim-agent[72142]: {"queue_migrated": 0, "queue_unreadable": 0, "queue_failed": 0, "discard_migrated": 0, "discard_unreadable": 0, "discard_failed": 0, "event": "queue.migration", "level": "info", "timestamp": "2026-10-03T12:59:53.893016Z"}
Oct 03 09:59:53 fim-host fim-agent[72142]: {"deleted": 0, "modified": 0, "created": 0, "suppressed_already_reported": 0, "unchanged": 10, "errors": 0, "duration_ms": 4, "event": "baseline.reconcile.complete", "level": "info", "timestamp": "2026-10-03T12:59:53.899590Z"}
Oct 03 09:59:53 fim-host fim-agent[72142]: {"work_dir": "/var/lib/fim-agent", "reason": "work dir comparte filesystem con watch_paths; una marca FILESYSTEM de ignorados los cegar\u00eda. Se delega en el filtro de scope.", "event": "detector.mark_exclusion_skipped_same_fs", "level": "warning", "timestamp": "2026-10-03T12:59:53.939129Z"}
Oct 03 09:59:53 fim-host fim-agent[72142]: {"watch_paths": ["/srv/fim-watch"], "event": "detector.started", "level": "info", "timestamp": "2026-10-03T12:59:53.939893Z"}
Oct 03 09:59:54 fim-host systemd[1]: Stopping fim-agent.service - FIM Agent — File Integrity Monitor...
Oct 03 09:59:54 fim-host fim-agent[72142]: {"signal": "SIGTERM", "event": "shutting down", "level": "info", "timestamp": "2026-10-03T12:59:54.601417Z"}
Oct 03 09:59:54 fim-host fim-agent[72142]: {"event": "detector.stopped", "level": "info", "timestamp": "2026-10-03T12:59:54.941890Z"}
Oct 03 09:59:59 fim-host systemd[1]: fim-agent.service: Deactivated successfully.
Oct 03 09:59:59 fim-host systemd[1]: Stopped fim-agent.service - FIM Agent — File Integrity Monitor.
Oct 03 09:59:59 fim-host systemd[1]: Started fim-agent.service - FIM Agent — File Integrity Monitor.
Oct 03 09:59:59 fim-host fim-agent[72170]: {"migrated": 0, "migration_skipped": 0, "migration_failed": 0, "migration_pending": 0, "retention_deleted": 0, "retention_retained": 0, "retention_corrupt": 0, "retention_failed": 0, "event": "quarantine.maintenance.complete", "level": "info", "timestamp": "2026-10-03T12:59:59.893063Z"}
Oct 03 09:59:59 fim-host fim-agent[72170]: {"total": 1, "degraded": 0, "event": "agent.preflight.summary", "level": "info", "timestamp": "2026-10-03T12:59:59.893496Z"}
Oct 03 09:59:59 fim-host fim-agent[72170]: {"scanned": 0, "skipped": 0, "oversize": 0, "errors": 0, "initialized": 0, "event": "baseline.init_scan.complete", "level": "info", "timestamp": "2026-10-03T12:59:59.893599Z"}
Oct 03 09:59:59 fim-host fim-agent[72170]: {"agent_id": "fim-vm", "ruleset_version": 6, "event": "agent started", "level": "info", "timestamp": "2026-10-03T12:59:59.893649Z"}
Oct 03 09:59:59 fim-host fim-agent[72170]: {"queue_migrated": 0, "queue_unreadable": 0, "queue_failed": 0, "discard_migrated": 0, "discard_unreadable": 0, "discard_failed": 0, "event": "queue.migration", "level": "info", "timestamp": "2026-10-03T12:59:59.895107Z"}
Oct 03 09:59:59 fim-host fim-agent[72170]: {"event_id": "cb50eacc-7a05-4be3-ae87-49edcdf07ca7", "path": "/srv/fim-watch/r01", "action": "alert_only", "action_failed": false, "event": "decision.evaluated", "level": "info", "timestamp": "2026-10-03T12:59:59.921014Z"}
Oct 03 09:59:59 fim-host fim-agent[72170]: {"event_id": "cb50eacc-7a05-4be3-ae87-49edcdf07ca7", "deferred": false, "event": "publisher.event_published", "level": "info", "timestamp": "2026-10-03T12:59:59.969994Z"}
Oct 03 09:59:59 fim-host fim-agent[72170]: {"path": "/srv/fim-watch/r01", "event_type": "file_modified", "event_id": "cb50eacc-7a05-4be3-ae87-49edcdf07ca7", "event": "detector.change_detected", "level": "info", "timestamp": "2026-10-03T12:59:59.972932Z"}
Oct 03 09:59:59 fim-host fim-agent[72170]: {"event_id": "9aea62e8-b40d-4695-b062-348a054ecb61", "path": "/srv/fim-watch/r02", "action": "alert_only", "action_failed": false, "event": "decision.evaluated", "level": "info", "timestamp": "2026-10-03T12:59:59.979429Z"}
Oct 03 09:59:59 fim-host fim-agent[72170]: {"event_id": "9aea62e8-b40d-4695-b062-348a054ecb61", "deferred": false, "event": "publisher.event_published", "level": "info", "timestamp": "2026-10-03T12:59:59.991282Z"}
Oct 03 09:59:59 fim-host fim-agent[72170]: {"path": "/srv/fim-watch/r02", "event_type": "file_modified", "event_id": "9aea62e8-b40d-4695-b062-348a054ecb61", "event": "detector.change_detected", "level": "info", "timestamp": "2026-10-03T12:59:59.994443Z"}
Oct 03 10:00:00 fim-host fim-agent[72170]: {"event_id": "27025077-13c7-4c5a-b21b-ab35bef3f319", "path": "/srv/fim-watch/r03", "action": "alert_only", "action_failed": false, "event": "decision.evaluated", "level": "info", "timestamp": "2026-10-03T13:00:00.001269Z"}
Oct 03 10:00:00 fim-host fim-agent[72170]: {"event_id": "27025077-13c7-4c5a-b21b-ab35bef3f319", "deferred": false, "event": "publisher.event_published", "level": "info", "timestamp": "2026-10-03T13:00:00.009475Z"}
Oct 03 10:00:00 fim-host fim-agent[72170]: {"path": "/srv/fim-watch/r03", "event_type": "file_modified", "event_id": "27025077-13c7-4c5a-b21b-ab35bef3f319", "event": "detector.change_detected", "level": "info", "timestamp": "2026-10-03T13:00:00.011885Z"}
Oct 03 10:00:00 fim-host fim-agent[72170]: {"event_id": "67376f75-8ec3-429c-ac53-8975d3723a00", "path": "/srv/fim-watch/r04", "action": "alert_only", "action_failed": false, "event": "decision.evaluated", "level": "info", "timestamp": "2026-10-03T13:00:00.016931Z"}
Oct 03 10:00:00 fim-host fim-agent[72170]: {"event_id": "67376f75-8ec3-429c-ac53-8975d3723a00", "deferred": false, "event": "publisher.event_published", "level": "info", "timestamp": "2026-10-03T13:00:00.025629Z"}
Oct 03 10:00:00 fim-host fim-agent[72170]: {"path": "/srv/fim-watch/r04", "event_type": "file_modified", "event_id": "67376f75-8ec3-429c-ac53-8975d3723a00", "event": "detector.change_detected", "level": "info", "timestamp": "2026-10-03T13:00:00.028208Z"}
Oct 03 10:00:00 fim-host fim-agent[72170]: {"event_id": "46922817-448f-4ce9-95fb-55fe4f468ceb", "path": "/srv/fim-watch/r05", "action": "alert_only", "action_failed": false, "event": "decision.evaluated", "level": "info", "timestamp": "2026-10-03T13:00:00.033703Z"}
Oct 03 10:00:00 fim-host fim-agent[72170]: {"event_id": "46922817-448f-4ce9-95fb-55fe4f468ceb", "deferred": false, "event": "publisher.event_published", "level": "info", "timestamp": "2026-10-03T13:00:00.043733Z"}
Oct 03 10:00:00 fim-host fim-agent[72170]: {"path": "/srv/fim-watch/r05", "event_type": "file_deleted", "event_id": "46922817-448f-4ce9-95fb-55fe4f468ceb", "event": "detector.change_detected", "level": "info", "timestamp": "2026-10-03T13:00:00.046576Z"}
Oct 03 10:00:00 fim-host fim-agent[72170]: {"event_id": "bdaca251-9c0b-4c6c-9c0b-1a199041ccdc", "path": "/srv/fim-watch/r06", "action": "alert_only", "action_failed": false, "event": "decision.evaluated", "level": "info", "timestamp": "2026-10-03T13:00:00.051069Z"}
Oct 03 10:00:00 fim-host fim-agent[72170]: {"event_id": "bdaca251-9c0b-4c6c-9c0b-1a199041ccdc", "deferred": false, "event": "publisher.event_published", "level": "info", "timestamp": "2026-10-03T13:00:00.059783Z"}
Oct 03 10:00:00 fim-host fim-agent[72170]: {"path": "/srv/fim-watch/r06", "event_type": "file_deleted", "event_id": "bdaca251-9c0b-4c6c-9c0b-1a199041ccdc", "event": "detector.change_detected", "level": "info", "timestamp": "2026-10-03T13:00:00.062841Z"}
Oct 03 10:00:00 fim-host fim-agent[72170]: {"event_id": "fe905adc-77db-4b22-88ed-d0394ed08da7", "path": "/srv/fim-watch/r07", "action": "alert_only", "action_failed": false, "event": "decision.evaluated", "level": "info", "timestamp": "2026-10-03T13:00:00.068652Z"}
Oct 03 10:00:00 fim-host fim-agent[72170]: {"event_id": "fe905adc-77db-4b22-88ed-d0394ed08da7", "deferred": false, "event": "publisher.event_published", "level": "info", "timestamp": "2026-10-03T13:00:00.076549Z"}
Oct 03 10:00:00 fim-host fim-agent[72170]: {"path": "/srv/fim-watch/r07", "event_type": "file_deleted", "event_id": "fe905adc-77db-4b22-88ed-d0394ed08da7", "event": "detector.change_detected", "level": "info", "timestamp": "2026-10-03T13:00:00.080070Z"}
Oct 03 10:00:00 fim-host fim-agent[72170]: {"deleted": 3, "modified": 4, "created": 0, "suppressed_already_reported": 0, "unchanged": 3, "errors": 0, "duration_ms": 181, "event": "baseline.reconcile.complete", "level": "info", "timestamp": "2026-10-03T13:00:00.080254Z"}
Oct 03 10:00:00 fim-host fim-agent[72170]: {"work_dir": "/var/lib/fim-agent", "reason": "work dir comparte filesystem con watch_paths; una marca FILESYSTEM de ignorados los cegar\u00eda. Se delega en el filtro de scope.", "event": "detector.mark_exclusion_skipped_same_fs", "level": "warning", "timestamp": "2026-10-03T13:00:00.111943Z"}
Oct 03 10:00:00 fim-host fim-agent[72170]: {"watch_paths": ["/srv/fim-watch"], "event": "detector.started", "level": "info", "timestamp": "2026-10-03T13:00:00.112474Z"}
Oct 03 10:00:00 fim-host fim-agent[72170]: {"event_id": "cb50eacc-7a05-4be3-ae87-49edcdf07ca7", "event": "publisher.event_acked", "level": "info", "timestamp": "2026-10-03T13:00:00.113453Z"}
Oct 03 10:00:00 fim-host fim-agent[72170]: {"event_id": "9aea62e8-b40d-4695-b062-348a054ecb61", "event": "publisher.event_acked", "level": "info", "timestamp": "2026-10-03T13:00:00.116645Z"}
Oct 03 10:00:00 fim-host fim-agent[72170]: {"event_id": "27025077-13c7-4c5a-b21b-ab35bef3f319", "event": "publisher.event_acked", "level": "info", "timestamp": "2026-10-03T13:00:00.118928Z"}
Oct 03 10:00:00 fim-host fim-agent[72170]: {"event_id": "67376f75-8ec3-429c-ac53-8975d3723a00", "event": "publisher.event_acked", "level": "info", "timestamp": "2026-10-03T13:00:00.121141Z"}
Oct 03 10:00:00 fim-host fim-agent[72170]: {"event_id": "46922817-448f-4ce9-95fb-55fe4f468ceb", "event": "publisher.event_acked", "level": "info", "timestamp": "2026-10-03T13:00:00.123588Z"}
Oct 03 10:00:00 fim-host fim-agent[72170]: {"event_id": "bdaca251-9c0b-4c6c-9c0b-1a199041ccdc", "event": "publisher.event_acked", "level": "info", "timestamp": "2026-10-03T13:00:00.125664Z"}
Oct 03 10:00:00 fim-host fim-agent[72170]: {"event_id": "fe905adc-77db-4b22-88ed-d0394ed08da7", "event": "publisher.event_acked", "level": "info", "timestamp": "2026-10-03T13:00:00.129912Z"}
Oct 03 10:00:13 fim-host fim-agent[72170]: {"signal": "SIGTERM", "event": "shutting down", "level": "info", "timestamp": "2026-10-03T13:00:13.152113Z"}
Oct 03 10:00:13 fim-host systemd[1]: Stopping fim-agent.service - FIM Agent — File Integrity Monitor...
Oct 03 10:00:14 fim-host fim-agent[72170]: {"event": "detector.stopped", "level": "info", "timestamp": "2026-10-03T13:00:14.133675Z"}
Oct 03 10:00:15 fim-host systemd[1]: fim-agent.service: Deactivated successfully.
Oct 03 10:00:15 fim-host systemd[1]: Stopped fim-agent.service - FIM Agent — File Integrity Monitor.
Oct 03 10:00:15 fim-host systemd[1]: Started fim-agent.service - FIM Agent — File Integrity Monitor.
Oct 03 10:00:16 fim-host fim-agent[72286]: {"migrated": 0, "migration_skipped": 0, "migration_failed": 0, "migration_pending": 0, "retention_deleted": 0, "retention_retained": 0, "retention_corrupt": 0, "retention_failed": 0, "event": "quarantine.maintenance.complete", "level": "info", "timestamp": "2026-10-03T13:00:16.220609Z"}
Oct 03 10:00:16 fim-host fim-agent[72286]: {"total": 1, "degraded": 0, "event": "agent.preflight.summary", "level": "info", "timestamp": "2026-10-03T13:00:16.221474Z"}
Oct 03 10:00:16 fim-host fim-agent[72286]: {"scanned": 10, "skipped": 0, "oversize": 0, "errors": 0, "initialized": 1, "event": "baseline.init_scan.complete", "level": "info", "timestamp": "2026-10-03T13:00:16.254542Z"}
Oct 03 10:00:16 fim-host fim-agent[72286]: {"agent_id": "fim-vm", "ruleset_version": 6, "event": "agent started", "level": "info", "timestamp": "2026-10-03T13:00:16.254633Z"}
Oct 03 10:00:16 fim-host fim-agent[72286]: {"queue_migrated": 0, "queue_unreadable": 0, "queue_failed": 0, "discard_migrated": 0, "discard_unreadable": 0, "discard_failed": 0, "event": "queue.migration", "level": "info", "timestamp": "2026-10-03T13:00:16.255567Z"}
Oct 03 10:00:16 fim-host fim-agent[72286]: {"deleted": 0, "modified": 0, "created": 0, "suppressed_already_reported": 0, "unchanged": 10, "errors": 0, "duration_ms": 2, "event": "baseline.reconcile.complete", "level": "info", "timestamp": "2026-10-03T13:00:16.259846Z"}
Oct 03 10:00:16 fim-host fim-agent[72286]: {"work_dir": "/var/lib/fim-agent", "reason": "work dir comparte filesystem con watch_paths; una marca FILESYSTEM de ignorados los cegar\u00eda. Se delega en el filtro de scope.", "event": "detector.mark_exclusion_skipped_same_fs", "level": "warning", "timestamp": "2026-10-03T13:00:16.299083Z"}
Oct 03 10:00:16 fim-host fim-agent[72286]: {"watch_paths": ["/srv/fim-watch"], "event": "detector.started", "level": "info", "timestamp": "2026-10-03T13:00:16.299399Z"}
Oct 03 10:00:16 fim-host systemd[1]: Stopping fim-agent.service - FIM Agent — File Integrity Monitor...
Oct 03 10:00:16 fim-host fim-agent[72286]: {"signal": "SIGTERM", "event": "shutting down", "level": "info", "timestamp": "2026-10-03T13:00:16.959317Z"}
Oct 03 10:00:17 fim-host fim-agent[72286]: {"event": "detector.stopped", "level": "info", "timestamp": "2026-10-03T13:00:17.300329Z"}
Oct 03 10:00:22 fim-host systemd[1]: fim-agent.service: Deactivated successfully.
Oct 03 10:00:22 fim-host systemd[1]: Stopped fim-agent.service - FIM Agent — File Integrity Monitor.
Oct 03 10:00:22 fim-host systemd[1]: Started fim-agent.service - FIM Agent — File Integrity Monitor.
Oct 03 10:00:22 fim-host fim-agent[72314]: {"migrated": 0, "migration_skipped": 0, "migration_failed": 0, "migration_pending": 0, "retention_deleted": 0, "retention_retained": 0, "retention_corrupt": 0, "retention_failed": 0, "event": "quarantine.maintenance.complete", "level": "info", "timestamp": "2026-10-03T13:00:22.352963Z"}
Oct 03 10:00:22 fim-host fim-agent[72314]: {"total": 1, "degraded": 0, "event": "agent.preflight.summary", "level": "info", "timestamp": "2026-10-03T13:00:22.353358Z"}
Oct 03 10:00:22 fim-host fim-agent[72314]: {"scanned": 0, "skipped": 0, "oversize": 0, "errors": 0, "initialized": 0, "event": "baseline.init_scan.complete", "level": "info", "timestamp": "2026-10-03T13:00:22.353490Z"}
Oct 03 10:00:22 fim-host fim-agent[72314]: {"agent_id": "fim-vm", "ruleset_version": 6, "event": "agent started", "level": "info", "timestamp": "2026-10-03T13:00:22.353542Z"}
Oct 03 10:00:22 fim-host fim-agent[72314]: {"queue_migrated": 0, "queue_unreadable": 0, "queue_failed": 0, "discard_migrated": 0, "discard_unreadable": 0, "discard_failed": 0, "event": "queue.migration", "level": "info", "timestamp": "2026-10-03T13:00:22.355002Z"}
Oct 03 10:00:22 fim-host fim-agent[72314]: {"event_id": "c9450fa1-6e72-4585-a49d-aa269012cfa7", "path": "/srv/fim-watch/r01", "action": "alert_only", "action_failed": false, "event": "decision.evaluated", "level": "info", "timestamp": "2026-10-03T13:00:22.379115Z"}
Oct 03 10:00:22 fim-host fim-agent[72314]: {"event_id": "c9450fa1-6e72-4585-a49d-aa269012cfa7", "deferred": false, "event": "publisher.event_published", "level": "info", "timestamp": "2026-10-03T13:00:22.434307Z"}
Oct 03 10:00:22 fim-host fim-agent[72314]: {"path": "/srv/fim-watch/r01", "event_type": "file_modified", "event_id": "c9450fa1-6e72-4585-a49d-aa269012cfa7", "event": "detector.change_detected", "level": "info", "timestamp": "2026-10-03T13:00:22.436903Z"}
Oct 03 10:00:22 fim-host fim-agent[72314]: {"event_id": "8fc45356-68d7-44df-860d-20b0f08da92c", "path": "/srv/fim-watch/r02", "action": "alert_only", "action_failed": false, "event": "decision.evaluated", "level": "info", "timestamp": "2026-10-03T13:00:22.441143Z"}
Oct 03 10:00:22 fim-host fim-agent[72314]: {"event_id": "8fc45356-68d7-44df-860d-20b0f08da92c", "deferred": false, "event": "publisher.event_published", "level": "info", "timestamp": "2026-10-03T13:00:22.448288Z"}
Oct 03 10:00:22 fim-host fim-agent[72314]: {"path": "/srv/fim-watch/r02", "event_type": "file_modified", "event_id": "8fc45356-68d7-44df-860d-20b0f08da92c", "event": "detector.change_detected", "level": "info", "timestamp": "2026-10-03T13:00:22.450807Z"}
Oct 03 10:00:22 fim-host fim-agent[72314]: {"event_id": "e98aafd7-b4b4-4dd2-a045-db63e2c2e75a", "path": "/srv/fim-watch/r03", "action": "alert_only", "action_failed": false, "event": "decision.evaluated", "level": "info", "timestamp": "2026-10-03T13:00:22.457139Z"}
Oct 03 10:00:22 fim-host fim-agent[72314]: {"event_id": "e98aafd7-b4b4-4dd2-a045-db63e2c2e75a", "deferred": false, "event": "publisher.event_published", "level": "info", "timestamp": "2026-10-03T13:00:22.467341Z"}
Oct 03 10:00:22 fim-host fim-agent[72314]: {"path": "/srv/fim-watch/r03", "event_type": "file_modified", "event_id": "e98aafd7-b4b4-4dd2-a045-db63e2c2e75a", "event": "detector.change_detected", "level": "info", "timestamp": "2026-10-03T13:00:22.470565Z"}
Oct 03 10:00:22 fim-host fim-agent[72314]: {"event_id": "0903a6a5-9469-42fe-9798-01be6f9f1e00", "path": "/srv/fim-watch/r04", "action": "alert_only", "action_failed": false, "event": "decision.evaluated", "level": "info", "timestamp": "2026-10-03T13:00:22.475723Z"}
Oct 03 10:00:22 fim-host fim-agent[72314]: {"event_id": "0903a6a5-9469-42fe-9798-01be6f9f1e00", "deferred": false, "event": "publisher.event_published", "level": "info", "timestamp": "2026-10-03T13:00:22.484143Z"}
Oct 03 10:00:22 fim-host fim-agent[72314]: {"path": "/srv/fim-watch/r04", "event_type": "file_modified", "event_id": "0903a6a5-9469-42fe-9798-01be6f9f1e00", "event": "detector.change_detected", "level": "info", "timestamp": "2026-10-03T13:00:22.486665Z"}
Oct 03 10:00:22 fim-host fim-agent[72314]: {"event_id": "e0754860-681f-4847-bebf-a9714cba2f99", "path": "/srv/fim-watch/r05", "action": "alert_only", "action_failed": false, "event": "decision.evaluated", "level": "info", "timestamp": "2026-10-03T13:00:22.493072Z"}
Oct 03 10:00:22 fim-host fim-agent[72314]: {"event_id": "e0754860-681f-4847-bebf-a9714cba2f99", "deferred": false, "event": "publisher.event_published", "level": "info", "timestamp": "2026-10-03T13:00:22.503820Z"}
Oct 03 10:00:22 fim-host fim-agent[72314]: {"path": "/srv/fim-watch/r05", "event_type": "file_deleted", "event_id": "e0754860-681f-4847-bebf-a9714cba2f99", "event": "detector.change_detected", "level": "info", "timestamp": "2026-10-03T13:00:22.506339Z"}
Oct 03 10:00:22 fim-host fim-agent[72314]: {"event_id": "b2f0a76d-936f-40b6-97ba-699ce6bd2e6f", "path": "/srv/fim-watch/r06", "action": "alert_only", "action_failed": false, "event": "decision.evaluated", "level": "info", "timestamp": "2026-10-03T13:00:22.511048Z"}
Oct 03 10:00:22 fim-host fim-agent[72314]: {"event_id": "b2f0a76d-936f-40b6-97ba-699ce6bd2e6f", "deferred": false, "event": "publisher.event_published", "level": "info", "timestamp": "2026-10-03T13:00:22.522618Z"}
Oct 03 10:00:22 fim-host fim-agent[72314]: {"path": "/srv/fim-watch/r06", "event_type": "file_deleted", "event_id": "b2f0a76d-936f-40b6-97ba-699ce6bd2e6f", "event": "detector.change_detected", "level": "info", "timestamp": "2026-10-03T13:00:22.526144Z"}
Oct 03 10:00:22 fim-host fim-agent[72314]: {"event_id": "d8f33e39-d30b-4516-8d2c-557e0228d1da", "path": "/srv/fim-watch/r07", "action": "alert_only", "action_failed": false, "event": "decision.evaluated", "level": "info", "timestamp": "2026-10-03T13:00:22.532042Z"}
Oct 03 10:00:22 fim-host fim-agent[72314]: {"event_id": "d8f33e39-d30b-4516-8d2c-557e0228d1da", "deferred": false, "event": "publisher.event_published", "level": "info", "timestamp": "2026-10-03T13:00:22.541637Z"}
Oct 03 10:00:22 fim-host fim-agent[72314]: {"path": "/srv/fim-watch/r07", "event_type": "file_deleted", "event_id": "d8f33e39-d30b-4516-8d2c-557e0228d1da", "event": "detector.change_detected", "level": "info", "timestamp": "2026-10-03T13:00:22.544338Z"}
Oct 03 10:00:22 fim-host fim-agent[72314]: {"deleted": 3, "modified": 4, "created": 0, "suppressed_already_reported": 0, "unchanged": 3, "errors": 0, "duration_ms": 186, "event": "baseline.reconcile.complete", "level": "info", "timestamp": "2026-10-03T13:00:22.544575Z"}
Oct 03 10:00:22 fim-host fim-agent[72314]: {"work_dir": "/var/lib/fim-agent", "reason": "work dir comparte filesystem con watch_paths; una marca FILESYSTEM de ignorados los cegar\u00eda. Se delega en el filtro de scope.", "event": "detector.mark_exclusion_skipped_same_fs", "level": "warning", "timestamp": "2026-10-03T13:00:22.566715Z"}
Oct 03 10:00:22 fim-host fim-agent[72314]: {"watch_paths": ["/srv/fim-watch"], "event": "detector.started", "level": "info", "timestamp": "2026-10-03T13:00:22.567086Z"}
Oct 03 10:00:22 fim-host fim-agent[72314]: {"event_id": "c9450fa1-6e72-4585-a49d-aa269012cfa7", "event": "publisher.event_acked", "level": "info", "timestamp": "2026-10-03T13:00:22.567935Z"}
Oct 03 10:00:22 fim-host fim-agent[72314]: {"event_id": "8fc45356-68d7-44df-860d-20b0f08da92c", "event": "publisher.event_acked", "level": "info", "timestamp": "2026-10-03T13:00:22.571098Z"}
Oct 03 10:00:22 fim-host fim-agent[72314]: {"event_id": "e98aafd7-b4b4-4dd2-a045-db63e2c2e75a", "event": "publisher.event_acked", "level": "info", "timestamp": "2026-10-03T13:00:22.574075Z"}
Oct 03 10:00:22 fim-host fim-agent[72314]: {"event_id": "0903a6a5-9469-42fe-9798-01be6f9f1e00", "event": "publisher.event_acked", "level": "info", "timestamp": "2026-10-03T13:00:22.577155Z"}
Oct 03 10:00:22 fim-host fim-agent[72314]: {"event_id": "e0754860-681f-4847-bebf-a9714cba2f99", "event": "publisher.event_acked", "level": "info", "timestamp": "2026-10-03T13:00:22.580273Z"}
Oct 03 10:00:22 fim-host fim-agent[72314]: {"event_id": "b2f0a76d-936f-40b6-97ba-699ce6bd2e6f", "event": "publisher.event_acked", "level": "info", "timestamp": "2026-10-03T13:00:22.582506Z"}
Oct 03 10:00:22 fim-host fim-agent[72314]: {"event_id": "d8f33e39-d30b-4516-8d2c-557e0228d1da", "event": "publisher.event_acked", "level": "info", "timestamp": "2026-10-03T13:00:22.586975Z"}
Oct 03 10:00:35 fim-host fim-agent[72314]: {"signal": "SIGTERM", "event": "shutting down", "level": "info", "timestamp": "2026-10-03T13:00:35.292300Z"}
Oct 03 10:00:35 fim-host systemd[1]: Stopping fim-agent.service - FIM Agent — File Integrity Monitor...
Oct 03 10:00:35 fim-host fim-agent[72314]: {"event": "detector.stopped", "level": "info", "timestamp": "2026-10-03T13:00:35.585969Z"}
Oct 03 10:00:38 fim-host systemd[1]: fim-agent.service: Deactivated successfully.
Oct 03 10:00:38 fim-host systemd[1]: Stopped fim-agent.service - FIM Agent — File Integrity Monitor.
Oct 03 10:00:38 fim-host systemd[1]: Started fim-agent.service - FIM Agent — File Integrity Monitor.
Oct 03 10:00:38 fim-host fim-agent[72420]: {"migrated": 0, "migration_skipped": 0, "migration_failed": 0, "migration_pending": 0, "retention_deleted": 0, "retention_retained": 0, "retention_corrupt": 0, "retention_failed": 0, "event": "quarantine.maintenance.complete", "level": "info", "timestamp": "2026-10-03T13:00:38.650228Z"}
Oct 03 10:00:38 fim-host fim-agent[72420]: {"total": 1, "degraded": 0, "event": "agent.preflight.summary", "level": "info", "timestamp": "2026-10-03T13:00:38.650599Z"}
Oct 03 10:00:38 fim-host fim-agent[72420]: {"scanned": 10, "skipped": 0, "oversize": 0, "errors": 0, "initialized": 1, "event": "baseline.init_scan.complete", "level": "info", "timestamp": "2026-10-03T13:00:38.679133Z"}
Oct 03 10:00:38 fim-host fim-agent[72420]: {"agent_id": "fim-vm", "ruleset_version": 6, "event": "agent started", "level": "info", "timestamp": "2026-10-03T13:00:38.679221Z"}
Oct 03 10:00:38 fim-host fim-agent[72420]: {"queue_migrated": 0, "queue_unreadable": 0, "queue_failed": 0, "discard_migrated": 0, "discard_unreadable": 0, "discard_failed": 0, "event": "queue.migration", "level": "info", "timestamp": "2026-10-03T13:00:38.680170Z"}
Oct 03 10:00:38 fim-host fim-agent[72420]: {"deleted": 0, "modified": 0, "created": 0, "suppressed_already_reported": 0, "unchanged": 10, "errors": 0, "duration_ms": 2, "event": "baseline.reconcile.complete", "level": "info", "timestamp": "2026-10-03T13:00:38.684481Z"}
Oct 03 10:00:38 fim-host fim-agent[72420]: {"work_dir": "/var/lib/fim-agent", "reason": "work dir comparte filesystem con watch_paths; una marca FILESYSTEM de ignorados los cegar\u00eda. Se delega en el filtro de scope.", "event": "detector.mark_exclusion_skipped_same_fs", "level": "warning", "timestamp": "2026-10-03T13:00:38.723905Z"}
Oct 03 10:00:38 fim-host fim-agent[72420]: {"watch_paths": ["/srv/fim-watch"], "event": "detector.started", "level": "info", "timestamp": "2026-10-03T13:00:38.724249Z"}
Oct 03 10:00:39 fim-host systemd[1]: Stopping fim-agent.service - FIM Agent — File Integrity Monitor...
Oct 03 10:00:39 fim-host fim-agent[72420]: {"signal": "SIGTERM", "event": "shutting down", "level": "info", "timestamp": "2026-10-03T13:00:39.412679Z"}
Oct 03 10:00:39 fim-host fim-agent[72420]: {"event": "detector.stopped", "level": "info", "timestamp": "2026-10-03T13:00:39.726037Z"}
Oct 03 10:00:44 fim-host systemd[1]: fim-agent.service: Deactivated successfully.
Oct 03 10:00:44 fim-host systemd[1]: Stopped fim-agent.service - FIM Agent — File Integrity Monitor.
Oct 03 10:00:44 fim-host systemd[1]: Started fim-agent.service - FIM Agent — File Integrity Monitor.
Oct 03 10:00:44 fim-host fim-agent[72448]: {"migrated": 0, "migration_skipped": 0, "migration_failed": 0, "migration_pending": 0, "retention_deleted": 0, "retention_retained": 0, "retention_corrupt": 0, "retention_failed": 0, "event": "quarantine.maintenance.complete", "level": "info", "timestamp": "2026-10-03T13:00:44.692232Z"}
Oct 03 10:00:44 fim-host fim-agent[72448]: {"total": 1, "degraded": 0, "event": "agent.preflight.summary", "level": "info", "timestamp": "2026-10-03T13:00:44.692599Z"}
Oct 03 10:00:44 fim-host fim-agent[72448]: {"scanned": 0, "skipped": 0, "oversize": 0, "errors": 0, "initialized": 0, "event": "baseline.init_scan.complete", "level": "info", "timestamp": "2026-10-03T13:00:44.692662Z"}
Oct 03 10:00:44 fim-host fim-agent[72448]: {"agent_id": "fim-vm", "ruleset_version": 6, "event": "agent started", "level": "info", "timestamp": "2026-10-03T13:00:44.692690Z"}
Oct 03 10:00:44 fim-host fim-agent[72448]: {"queue_migrated": 0, "queue_unreadable": 0, "queue_failed": 0, "discard_migrated": 0, "discard_unreadable": 0, "discard_failed": 0, "event": "queue.migration", "level": "info", "timestamp": "2026-10-03T13:00:44.693500Z"}
Oct 03 10:00:44 fim-host fim-agent[72448]: {"event_id": "a78b685d-5557-4080-93be-355aa5a3655f", "path": "/srv/fim-watch/r01", "action": "alert_only", "action_failed": false, "event": "decision.evaluated", "level": "info", "timestamp": "2026-10-03T13:00:44.724080Z"}
Oct 03 10:00:44 fim-host fim-agent[72448]: {"event_id": "a78b685d-5557-4080-93be-355aa5a3655f", "deferred": false, "event": "publisher.event_published", "level": "info", "timestamp": "2026-10-03T13:00:44.759109Z"}
Oct 03 10:00:44 fim-host fim-agent[72448]: {"path": "/srv/fim-watch/r01", "event_type": "file_modified", "event_id": "a78b685d-5557-4080-93be-355aa5a3655f", "event": "detector.change_detected", "level": "info", "timestamp": "2026-10-03T13:00:44.762629Z"}
Oct 03 10:00:44 fim-host fim-agent[72448]: {"event_id": "7ba81403-8362-4381-b177-89bf223af599", "path": "/srv/fim-watch/r02", "action": "alert_only", "action_failed": false, "event": "decision.evaluated", "level": "info", "timestamp": "2026-10-03T13:00:44.769478Z"}
Oct 03 10:00:44 fim-host fim-agent[72448]: {"event_id": "7ba81403-8362-4381-b177-89bf223af599", "deferred": false, "event": "publisher.event_published", "level": "info", "timestamp": "2026-10-03T13:00:44.779710Z"}
Oct 03 10:00:44 fim-host fim-agent[72448]: {"path": "/srv/fim-watch/r02", "event_type": "file_modified", "event_id": "7ba81403-8362-4381-b177-89bf223af599", "event": "detector.change_detected", "level": "info", "timestamp": "2026-10-03T13:00:44.782821Z"}
Oct 03 10:00:44 fim-host fim-agent[72448]: {"event_id": "f08b417d-b571-4a13-9d9a-3f2afdc7fc9b", "path": "/srv/fim-watch/r03", "action": "alert_only", "action_failed": false, "event": "decision.evaluated", "level": "info", "timestamp": "2026-10-03T13:00:44.789055Z"}
Oct 03 10:00:44 fim-host fim-agent[72448]: {"event_id": "f08b417d-b571-4a13-9d9a-3f2afdc7fc9b", "deferred": false, "event": "publisher.event_published", "level": "info", "timestamp": "2026-10-03T13:00:44.798170Z"}
Oct 03 10:00:44 fim-host fim-agent[72448]: {"path": "/srv/fim-watch/r03", "event_type": "file_modified", "event_id": "f08b417d-b571-4a13-9d9a-3f2afdc7fc9b", "event": "detector.change_detected", "level": "info", "timestamp": "2026-10-03T13:00:44.800950Z"}
Oct 03 10:00:44 fim-host fim-agent[72448]: {"event_id": "a5c38ad8-26a6-4f29-acd7-c7e3066e5598", "path": "/srv/fim-watch/r04", "action": "alert_only", "action_failed": false, "event": "decision.evaluated", "level": "info", "timestamp": "2026-10-03T13:00:44.806385Z"}
Oct 03 10:00:44 fim-host fim-agent[72448]: {"event_id": "a5c38ad8-26a6-4f29-acd7-c7e3066e5598", "deferred": false, "event": "publisher.event_published", "level": "info", "timestamp": "2026-10-03T13:00:44.816874Z"}
Oct 03 10:00:44 fim-host fim-agent[72448]: {"path": "/srv/fim-watch/r04", "event_type": "file_modified", "event_id": "a5c38ad8-26a6-4f29-acd7-c7e3066e5598", "event": "detector.change_detected", "level": "info", "timestamp": "2026-10-03T13:00:44.819522Z"}
Oct 03 10:00:44 fim-host fim-agent[72448]: {"event_id": "6dbe45a3-1326-4b68-8ef5-8e0e130b09a3", "path": "/srv/fim-watch/r05", "action": "alert_only", "action_failed": false, "event": "decision.evaluated", "level": "info", "timestamp": "2026-10-03T13:00:44.824666Z"}
Oct 03 10:00:44 fim-host fim-agent[72448]: {"event_id": "6dbe45a3-1326-4b68-8ef5-8e0e130b09a3", "deferred": false, "event": "publisher.event_published", "level": "info", "timestamp": "2026-10-03T13:00:44.834215Z"}
Oct 03 10:00:44 fim-host fim-agent[72448]: {"path": "/srv/fim-watch/r05", "event_type": "file_deleted", "event_id": "6dbe45a3-1326-4b68-8ef5-8e0e130b09a3", "event": "detector.change_detected", "level": "info", "timestamp": "2026-10-03T13:00:44.837138Z"}
Oct 03 10:00:44 fim-host fim-agent[72448]: {"event_id": "5e695511-59a8-45a7-bd91-c3d66de36859", "path": "/srv/fim-watch/r06", "action": "alert_only", "action_failed": false, "event": "decision.evaluated", "level": "info", "timestamp": "2026-10-03T13:00:44.842697Z"}
Oct 03 10:00:44 fim-host fim-agent[72448]: {"event_id": "5e695511-59a8-45a7-bd91-c3d66de36859", "deferred": false, "event": "publisher.event_published", "level": "info", "timestamp": "2026-10-03T13:00:44.852934Z"}
Oct 03 10:00:44 fim-host fim-agent[72448]: {"path": "/srv/fim-watch/r06", "event_type": "file_deleted", "event_id": "5e695511-59a8-45a7-bd91-c3d66de36859", "event": "detector.change_detected", "level": "info", "timestamp": "2026-10-03T13:00:44.856090Z"}
Oct 03 10:00:44 fim-host fim-agent[72448]: {"event_id": "41fba411-8868-4b5e-8bf7-f9e953195bfd", "path": "/srv/fim-watch/r07", "action": "alert_only", "action_failed": false, "event": "decision.evaluated", "level": "info", "timestamp": "2026-10-03T13:00:44.863604Z"}
Oct 03 10:00:44 fim-host fim-agent[72448]: {"event_id": "41fba411-8868-4b5e-8bf7-f9e953195bfd", "deferred": false, "event": "publisher.event_published", "level": "info", "timestamp": "2026-10-03T13:00:44.872791Z"}
Oct 03 10:00:44 fim-host fim-agent[72448]: {"path": "/srv/fim-watch/r07", "event_type": "file_deleted", "event_id": "41fba411-8868-4b5e-8bf7-f9e953195bfd", "event": "detector.change_detected", "level": "info", "timestamp": "2026-10-03T13:00:44.875694Z"}
Oct 03 10:00:44 fim-host fim-agent[72448]: {"deleted": 3, "modified": 4, "created": 0, "suppressed_already_reported": 0, "unchanged": 3, "errors": 0, "duration_ms": 180, "event": "baseline.reconcile.complete", "level": "info", "timestamp": "2026-10-03T13:00:44.875862Z"}
Oct 03 10:00:44 fim-host fim-agent[72448]: {"work_dir": "/var/lib/fim-agent", "reason": "work dir comparte filesystem con watch_paths; una marca FILESYSTEM de ignorados los cegar\u00eda. Se delega en el filtro de scope.", "event": "detector.mark_exclusion_skipped_same_fs", "level": "warning", "timestamp": "2026-10-03T13:00:44.898448Z"}
Oct 03 10:00:44 fim-host fim-agent[72448]: {"watch_paths": ["/srv/fim-watch"], "event": "detector.started", "level": "info", "timestamp": "2026-10-03T13:00:44.898889Z"}
Oct 03 10:00:44 fim-host fim-agent[72448]: {"event_id": "a78b685d-5557-4080-93be-355aa5a3655f", "event": "publisher.event_acked", "level": "info", "timestamp": "2026-10-03T13:00:44.900023Z"}
Oct 03 10:00:44 fim-host fim-agent[72448]: {"event_id": "7ba81403-8362-4381-b177-89bf223af599", "event": "publisher.event_acked", "level": "info", "timestamp": "2026-10-03T13:00:44.904851Z"}
Oct 03 10:00:44 fim-host fim-agent[72448]: {"event_id": "f08b417d-b571-4a13-9d9a-3f2afdc7fc9b", "event": "publisher.event_acked", "level": "info", "timestamp": "2026-10-03T13:00:44.908476Z"}
Oct 03 10:00:44 fim-host fim-agent[72448]: {"event_id": "a5c38ad8-26a6-4f29-acd7-c7e3066e5598", "event": "publisher.event_acked", "level": "info", "timestamp": "2026-10-03T13:00:44.911595Z"}
Oct 03 10:00:44 fim-host fim-agent[72448]: {"event_id": "6dbe45a3-1326-4b68-8ef5-8e0e130b09a3", "event": "publisher.event_acked", "level": "info", "timestamp": "2026-10-03T13:00:44.914653Z"}
Oct 03 10:00:44 fim-host fim-agent[72448]: {"event_id": "5e695511-59a8-45a7-bd91-c3d66de36859", "event": "publisher.event_acked", "level": "info", "timestamp": "2026-10-03T13:00:44.920820Z"}
Oct 03 10:00:44 fim-host fim-agent[72448]: {"event_id": "41fba411-8868-4b5e-8bf7-f9e953195bfd", "event": "publisher.event_acked", "level": "info", "timestamp": "2026-10-03T13:00:44.923827Z"}
Oct 03 10:00:57 fim-host fim-agent[72448]: {"signal": "SIGTERM", "event": "shutting down", "level": "info", "timestamp": "2026-10-03T13:00:57.631425Z"}
Oct 03 10:00:57 fim-host systemd[1]: Stopping fim-agent.service - FIM Agent — File Integrity Monitor...
Oct 03 10:00:57 fim-host fim-agent[72448]: {"event": "detector.stopped", "level": "info", "timestamp": "2026-10-03T13:00:57.918410Z"}
Oct 03 10:01:00 fim-host systemd[1]: fim-agent.service: Deactivated successfully.
Oct 03 10:01:00 fim-host systemd[1]: Stopped fim-agent.service - FIM Agent — File Integrity Monitor.
Oct 03 10:01:00 fim-host systemd[1]: Started fim-agent.service - FIM Agent — File Integrity Monitor.
Oct 03 10:01:01 fim-host fim-agent[72552]: {"migrated": 0, "migration_skipped": 0, "migration_failed": 0, "migration_pending": 0, "retention_deleted": 0, "retention_retained": 0, "retention_corrupt": 0, "retention_failed": 0, "event": "quarantine.maintenance.complete", "level": "info", "timestamp": "2026-10-03T13:01:01.004086Z"}
Oct 03 10:01:01 fim-host fim-agent[72552]: {"total": 1, "degraded": 0, "event": "agent.preflight.summary", "level": "info", "timestamp": "2026-10-03T13:01:01.004436Z"}
Oct 03 10:01:01 fim-host fim-agent[72552]: {"scanned": 10, "skipped": 0, "oversize": 0, "errors": 0, "initialized": 1, "event": "baseline.init_scan.complete", "level": "info", "timestamp": "2026-10-03T13:01:01.047793Z"}
Oct 03 10:01:01 fim-host fim-agent[72552]: {"agent_id": "fim-vm", "ruleset_version": 6, "event": "agent started", "level": "info", "timestamp": "2026-10-03T13:01:01.047925Z"}
Oct 03 10:01:01 fim-host fim-agent[72552]: {"queue_migrated": 0, "queue_unreadable": 0, "queue_failed": 0, "discard_migrated": 0, "discard_unreadable": 0, "discard_failed": 0, "event": "queue.migration", "level": "info", "timestamp": "2026-10-03T13:01:01.049712Z"}
Oct 03 10:01:01 fim-host fim-agent[72552]: {"deleted": 0, "modified": 0, "created": 0, "suppressed_already_reported": 0, "unchanged": 10, "errors": 0, "duration_ms": 3, "event": "baseline.reconcile.complete", "level": "info", "timestamp": "2026-10-03T13:01:01.056808Z"}
Oct 03 10:01:01 fim-host fim-agent[72552]: {"work_dir": "/var/lib/fim-agent", "reason": "work dir comparte filesystem con watch_paths; una marca FILESYSTEM de ignorados los cegar\u00eda. Se delega en el filtro de scope.", "event": "detector.mark_exclusion_skipped_same_fs", "level": "warning", "timestamp": "2026-10-03T13:01:01.110671Z"}
Oct 03 10:01:01 fim-host fim-agent[72552]: {"watch_paths": ["/srv/fim-watch"], "event": "detector.started", "level": "info", "timestamp": "2026-10-03T13:01:01.110964Z"}
Oct 03 10:01:01 fim-host systemd[1]: Stopping fim-agent.service - FIM Agent — File Integrity Monitor...
Oct 03 10:01:01 fim-host fim-agent[72552]: {"signal": "SIGTERM", "event": "shutting down", "level": "info", "timestamp": "2026-10-03T13:01:01.774955Z"}
Oct 03 10:01:02 fim-host fim-agent[72552]: {"event": "detector.stopped", "level": "info", "timestamp": "2026-10-03T13:01:02.111916Z"}
Oct 03 10:01:06 fim-host systemd[1]: fim-agent.service: Deactivated successfully.
Oct 03 10:01:06 fim-host systemd[1]: Stopped fim-agent.service - FIM Agent — File Integrity Monitor.
Oct 03 10:01:06 fim-host systemd[1]: Started fim-agent.service - FIM Agent — File Integrity Monitor.
Oct 03 10:01:07 fim-host fim-agent[72580]: {"migrated": 0, "migration_skipped": 0, "migration_failed": 0, "migration_pending": 0, "retention_deleted": 0, "retention_retained": 0, "retention_corrupt": 0, "retention_failed": 0, "event": "quarantine.maintenance.complete", "level": "info", "timestamp": "2026-10-03T13:01:07.114186Z"}
Oct 03 10:01:07 fim-host fim-agent[72580]: {"total": 1, "degraded": 0, "event": "agent.preflight.summary", "level": "info", "timestamp": "2026-10-03T13:01:07.114445Z"}
Oct 03 10:01:07 fim-host fim-agent[72580]: {"scanned": 0, "skipped": 0, "oversize": 0, "errors": 0, "initialized": 0, "event": "baseline.init_scan.complete", "level": "info", "timestamp": "2026-10-03T13:01:07.114499Z"}
Oct 03 10:01:07 fim-host fim-agent[72580]: {"agent_id": "fim-vm", "ruleset_version": 6, "event": "agent started", "level": "info", "timestamp": "2026-10-03T13:01:07.114523Z"}
Oct 03 10:01:07 fim-host fim-agent[72580]: {"queue_migrated": 0, "queue_unreadable": 0, "queue_failed": 0, "discard_migrated": 0, "discard_unreadable": 0, "discard_failed": 0, "event": "queue.migration", "level": "info", "timestamp": "2026-10-03T13:01:07.115308Z"}
Oct 03 10:01:07 fim-host fim-agent[72580]: {"event_id": "9fc1583e-2c96-4ecc-b498-e540f2495a6b", "path": "/srv/fim-watch/r01", "action": "alert_only", "action_failed": false, "event": "decision.evaluated", "level": "info", "timestamp": "2026-10-03T13:01:07.137092Z"}
Oct 03 10:01:07 fim-host fim-agent[72580]: {"event_id": "9fc1583e-2c96-4ecc-b498-e540f2495a6b", "deferred": false, "event": "publisher.event_published", "level": "info", "timestamp": "2026-10-03T13:01:07.171014Z"}
Oct 03 10:01:07 fim-host fim-agent[72580]: {"path": "/srv/fim-watch/r01", "event_type": "file_modified", "event_id": "9fc1583e-2c96-4ecc-b498-e540f2495a6b", "event": "detector.change_detected", "level": "info", "timestamp": "2026-10-03T13:01:07.174305Z"}
Oct 03 10:01:07 fim-host fim-agent[72580]: {"event_id": "3640f57c-d85d-40e3-821c-6cf11e781d25", "path": "/srv/fim-watch/r02", "action": "alert_only", "action_failed": false, "event": "decision.evaluated", "level": "info", "timestamp": "2026-10-03T13:01:07.179987Z"}
Oct 03 10:01:07 fim-host fim-agent[72580]: {"event_id": "3640f57c-d85d-40e3-821c-6cf11e781d25", "deferred": false, "event": "publisher.event_published", "level": "info", "timestamp": "2026-10-03T13:01:07.187974Z"}
Oct 03 10:01:07 fim-host fim-agent[72580]: {"path": "/srv/fim-watch/r02", "event_type": "file_modified", "event_id": "3640f57c-d85d-40e3-821c-6cf11e781d25", "event": "detector.change_detected", "level": "info", "timestamp": "2026-10-03T13:01:07.189825Z"}
Oct 03 10:01:07 fim-host fim-agent[72580]: {"event_id": "415a820f-5a0b-4a69-a732-2a426a6854bf", "path": "/srv/fim-watch/r03", "action": "alert_only", "action_failed": false, "event": "decision.evaluated", "level": "info", "timestamp": "2026-10-03T13:01:07.193488Z"}
Oct 03 10:01:07 fim-host fim-agent[72580]: {"event_id": "415a820f-5a0b-4a69-a732-2a426a6854bf", "deferred": false, "event": "publisher.event_published", "level": "info", "timestamp": "2026-10-03T13:01:07.202074Z"}
Oct 03 10:01:07 fim-host fim-agent[72580]: {"path": "/srv/fim-watch/r03", "event_type": "file_modified", "event_id": "415a820f-5a0b-4a69-a732-2a426a6854bf", "event": "detector.change_detected", "level": "info", "timestamp": "2026-10-03T13:01:07.204261Z"}
Oct 03 10:01:07 fim-host fim-agent[72580]: {"event_id": "89ba665c-5410-41b4-af8c-03547236b831", "path": "/srv/fim-watch/r04", "action": "alert_only", "action_failed": false, "event": "decision.evaluated", "level": "info", "timestamp": "2026-10-03T13:01:07.208651Z"}
Oct 03 10:01:07 fim-host fim-agent[72580]: {"event_id": "89ba665c-5410-41b4-af8c-03547236b831", "deferred": false, "event": "publisher.event_published", "level": "info", "timestamp": "2026-10-03T13:01:07.214475Z"}
Oct 03 10:01:07 fim-host fim-agent[72580]: {"path": "/srv/fim-watch/r04", "event_type": "file_modified", "event_id": "89ba665c-5410-41b4-af8c-03547236b831", "event": "detector.change_detected", "level": "info", "timestamp": "2026-10-03T13:01:07.217038Z"}
Oct 03 10:01:07 fim-host fim-agent[72580]: {"event_id": "7ae913f0-eade-4e20-a840-b1ca81fa17fa", "path": "/srv/fim-watch/r05", "action": "alert_only", "action_failed": false, "event": "decision.evaluated", "level": "info", "timestamp": "2026-10-03T13:01:07.222456Z"}
Oct 03 10:01:07 fim-host fim-agent[72580]: {"event_id": "7ae913f0-eade-4e20-a840-b1ca81fa17fa", "deferred": false, "event": "publisher.event_published", "level": "info", "timestamp": "2026-10-03T13:01:07.229438Z"}
Oct 03 10:01:07 fim-host fim-agent[72580]: {"path": "/srv/fim-watch/r05", "event_type": "file_deleted", "event_id": "7ae913f0-eade-4e20-a840-b1ca81fa17fa", "event": "detector.change_detected", "level": "info", "timestamp": "2026-10-03T13:01:07.231958Z"}
Oct 03 10:01:07 fim-host fim-agent[72580]: {"event_id": "0967f3dc-a062-4193-af83-315fc33e29c6", "path": "/srv/fim-watch/r06", "action": "alert_only", "action_failed": false, "event": "decision.evaluated", "level": "info", "timestamp": "2026-10-03T13:01:07.236195Z"}
Oct 03 10:01:07 fim-host fim-agent[72580]: {"event_id": "0967f3dc-a062-4193-af83-315fc33e29c6", "deferred": false, "event": "publisher.event_published", "level": "info", "timestamp": "2026-10-03T13:01:07.241672Z"}
Oct 03 10:01:07 fim-host fim-agent[72580]: {"path": "/srv/fim-watch/r06", "event_type": "file_deleted", "event_id": "0967f3dc-a062-4193-af83-315fc33e29c6", "event": "detector.change_detected", "level": "info", "timestamp": "2026-10-03T13:01:07.243300Z"}
Oct 03 10:01:07 fim-host fim-agent[72580]: {"event_id": "3d6ab18d-d385-414e-b300-dda9f189bd86", "path": "/srv/fim-watch/r07", "action": "alert_only", "action_failed": false, "event": "decision.evaluated", "level": "info", "timestamp": "2026-10-03T13:01:07.246325Z"}
Oct 03 10:01:07 fim-host fim-agent[72580]: {"event_id": "3d6ab18d-d385-414e-b300-dda9f189bd86", "deferred": false, "event": "publisher.event_published", "level": "info", "timestamp": "2026-10-03T13:01:07.254008Z"}
Oct 03 10:01:07 fim-host fim-agent[72580]: {"path": "/srv/fim-watch/r07", "event_type": "file_deleted", "event_id": "3d6ab18d-d385-414e-b300-dda9f189bd86", "event": "detector.change_detected", "level": "info", "timestamp": "2026-10-03T13:01:07.256195Z"}
Oct 03 10:01:07 fim-host fim-agent[72580]: {"deleted": 3, "modified": 4, "created": 0, "suppressed_already_reported": 0, "unchanged": 3, "errors": 0, "duration_ms": 139, "event": "baseline.reconcile.complete", "level": "info", "timestamp": "2026-10-03T13:01:07.256318Z"}
Oct 03 10:01:07 fim-host fim-agent[72580]: {"work_dir": "/var/lib/fim-agent", "reason": "work dir comparte filesystem con watch_paths; una marca FILESYSTEM de ignorados los cegar\u00eda. Se delega en el filtro de scope.", "event": "detector.mark_exclusion_skipped_same_fs", "level": "warning", "timestamp": "2026-10-03T13:01:07.276713Z"}
Oct 03 10:01:07 fim-host fim-agent[72580]: {"watch_paths": ["/srv/fim-watch"], "event": "detector.started", "level": "info", "timestamp": "2026-10-03T13:01:07.277190Z"}
Oct 03 10:01:07 fim-host fim-agent[72580]: {"event_id": "9fc1583e-2c96-4ecc-b498-e540f2495a6b", "event": "publisher.event_acked", "level": "info", "timestamp": "2026-10-03T13:01:07.278014Z"}
Oct 03 10:01:07 fim-host fim-agent[72580]: {"event_id": "3640f57c-d85d-40e3-821c-6cf11e781d25", "event": "publisher.event_acked", "level": "info", "timestamp": "2026-10-03T13:01:07.280857Z"}
Oct 03 10:01:07 fim-host fim-agent[72580]: {"event_id": "415a820f-5a0b-4a69-a732-2a426a6854bf", "event": "publisher.event_acked", "level": "info", "timestamp": "2026-10-03T13:01:07.284484Z"}
Oct 03 10:01:07 fim-host fim-agent[72580]: {"event_id": "89ba665c-5410-41b4-af8c-03547236b831", "event": "publisher.event_acked", "level": "info", "timestamp": "2026-10-03T13:01:07.287499Z"}
Oct 03 10:01:07 fim-host fim-agent[72580]: {"event_id": "7ae913f0-eade-4e20-a840-b1ca81fa17fa", "event": "publisher.event_acked", "level": "info", "timestamp": "2026-10-03T13:01:07.292221Z"}
Oct 03 10:01:07 fim-host fim-agent[72580]: {"event_id": "0967f3dc-a062-4193-af83-315fc33e29c6", "event": "publisher.event_acked", "level": "info", "timestamp": "2026-10-03T13:01:07.294851Z"}
Oct 03 10:01:07 fim-host fim-agent[72580]: {"event_id": "3d6ab18d-d385-414e-b300-dda9f189bd86", "event": "publisher.event_acked", "level": "info", "timestamp": "2026-10-03T13:01:07.305609Z"}
Oct 03 10:01:20 fim-host systemd[1]: Stopping fim-agent.service - FIM Agent — File Integrity Monitor...
Oct 03 10:01:20 fim-host fim-agent[72580]: {"signal": "SIGTERM", "event": "shutting down", "level": "info", "timestamp": "2026-10-03T13:01:20.425212Z"}
Oct 03 10:01:21 fim-host fim-agent[72580]: {"event": "detector.stopped", "level": "info", "timestamp": "2026-10-03T13:01:21.296585Z"}
Oct 03 10:01:22 fim-host systemd[1]: fim-agent.service: Deactivated successfully.
Oct 03 10:01:22 fim-host systemd[1]: Stopped fim-agent.service - FIM Agent — File Integrity Monitor.
Oct 03 10:01:23 fim-host systemd[1]: Started fim-agent.service - FIM Agent — File Integrity Monitor.
Oct 03 10:01:23 fim-host fim-agent[72715]: {"migrated": 0, "migration_skipped": 0, "migration_failed": 0, "migration_pending": 0, "retention_deleted": 0, "retention_retained": 0, "retention_corrupt": 0, "retention_failed": 0, "event": "quarantine.maintenance.complete", "level": "info", "timestamp": "2026-10-03T13:01:23.343839Z"}
Oct 03 10:01:23 fim-host fim-agent[72715]: {"total": 1, "degraded": 0, "event": "agent.preflight.summary", "level": "info", "timestamp": "2026-10-03T13:01:23.344199Z"}
Oct 03 10:01:23 fim-host fim-agent[72715]: {"scanned": 10, "skipped": 0, "oversize": 0, "errors": 0, "initialized": 1, "event": "baseline.init_scan.complete", "level": "info", "timestamp": "2026-10-03T13:01:23.384943Z"}
Oct 03 10:01:23 fim-host fim-agent[72715]: {"agent_id": "fim-vm", "ruleset_version": 6, "event": "agent started", "level": "info", "timestamp": "2026-10-03T13:01:23.385032Z"}
Oct 03 10:01:23 fim-host fim-agent[72715]: {"queue_migrated": 0, "queue_unreadable": 0, "queue_failed": 0, "discard_migrated": 0, "discard_unreadable": 0, "discard_failed": 0, "event": "queue.migration", "level": "info", "timestamp": "2026-10-03T13:01:23.385971Z"}
Oct 03 10:01:23 fim-host fim-agent[72715]: {"deleted": 0, "modified": 0, "created": 0, "suppressed_already_reported": 0, "unchanged": 10, "errors": 0, "duration_ms": 2, "event": "baseline.reconcile.complete", "level": "info", "timestamp": "2026-10-03T13:01:23.390256Z"}
Oct 03 10:01:23 fim-host fim-agent[72715]: {"work_dir": "/var/lib/fim-agent", "reason": "work dir comparte filesystem con watch_paths; una marca FILESYSTEM de ignorados los cegar\u00eda. Se delega en el filtro de scope.", "event": "detector.mark_exclusion_skipped_same_fs", "level": "warning", "timestamp": "2026-10-03T13:01:23.429555Z"}
Oct 03 10:01:23 fim-host fim-agent[72715]: {"watch_paths": ["/srv/fim-watch"], "event": "detector.started", "level": "info", "timestamp": "2026-10-03T13:01:23.429967Z"}
Oct 03 10:01:24 fim-host systemd[1]: Stopping fim-agent.service - FIM Agent — File Integrity Monitor...
Oct 03 10:01:24 fim-host fim-agent[72715]: {"signal": "SIGTERM", "event": "shutting down", "level": "info", "timestamp": "2026-10-03T13:01:24.071939Z"}
Oct 03 10:01:24 fim-host fim-agent[72715]: {"event": "detector.stopped", "level": "info", "timestamp": "2026-10-03T13:01:24.430877Z"}
Oct 03 10:01:29 fim-host systemd[1]: fim-agent.service: Deactivated successfully.
Oct 03 10:01:29 fim-host systemd[1]: Stopped fim-agent.service - FIM Agent — File Integrity Monitor.
Oct 03 10:01:29 fim-host systemd[1]: Started fim-agent.service - FIM Agent — File Integrity Monitor.
Oct 03 10:01:29 fim-host fim-agent[72743]: {"migrated": 0, "migration_skipped": 0, "migration_failed": 0, "migration_pending": 0, "retention_deleted": 0, "retention_retained": 0, "retention_corrupt": 0, "retention_failed": 0, "event": "quarantine.maintenance.complete", "level": "info", "timestamp": "2026-10-03T13:01:29.395102Z"}
Oct 03 10:01:29 fim-host fim-agent[72743]: {"total": 1, "degraded": 0, "event": "agent.preflight.summary", "level": "info", "timestamp": "2026-10-03T13:01:29.395456Z"}
Oct 03 10:01:29 fim-host fim-agent[72743]: {"scanned": 0, "skipped": 0, "oversize": 0, "errors": 0, "initialized": 0, "event": "baseline.init_scan.complete", "level": "info", "timestamp": "2026-10-03T13:01:29.395517Z"}
Oct 03 10:01:29 fim-host fim-agent[72743]: {"agent_id": "fim-vm", "ruleset_version": 6, "event": "agent started", "level": "info", "timestamp": "2026-10-03T13:01:29.395543Z"}
Oct 03 10:01:29 fim-host fim-agent[72743]: {"queue_migrated": 0, "queue_unreadable": 0, "queue_failed": 0, "discard_migrated": 0, "discard_unreadable": 0, "discard_failed": 0, "event": "queue.migration", "level": "info", "timestamp": "2026-10-03T13:01:29.396338Z"}
Oct 03 10:01:29 fim-host fim-agent[72743]: {"event_id": "8c064e34-4613-4502-893c-ec5db79cc9a6", "path": "/srv/fim-watch/r01", "action": "alert_only", "action_failed": false, "event": "decision.evaluated", "level": "info", "timestamp": "2026-10-03T13:01:29.422860Z"}
Oct 03 10:01:29 fim-host fim-agent[72743]: {"event_id": "8c064e34-4613-4502-893c-ec5db79cc9a6", "deferred": false, "event": "publisher.event_published", "level": "info", "timestamp": "2026-10-03T13:01:29.459284Z"}
Oct 03 10:01:29 fim-host fim-agent[72743]: {"path": "/srv/fim-watch/r01", "event_type": "file_modified", "event_id": "8c064e34-4613-4502-893c-ec5db79cc9a6", "event": "detector.change_detected", "level": "info", "timestamp": "2026-10-03T13:01:29.462193Z"}
Oct 03 10:01:29 fim-host fim-agent[72743]: {"event_id": "34329c95-0aad-41a7-a9d6-ea4f83a05178", "path": "/srv/fim-watch/r02", "action": "alert_only", "action_failed": false, "event": "decision.evaluated", "level": "info", "timestamp": "2026-10-03T13:01:29.468353Z"}
Oct 03 10:01:29 fim-host fim-agent[72743]: {"event_id": "34329c95-0aad-41a7-a9d6-ea4f83a05178", "deferred": false, "event": "publisher.event_published", "level": "info", "timestamp": "2026-10-03T13:01:29.477421Z"}
Oct 03 10:01:29 fim-host fim-agent[72743]: {"path": "/srv/fim-watch/r02", "event_type": "file_modified", "event_id": "34329c95-0aad-41a7-a9d6-ea4f83a05178", "event": "detector.change_detected", "level": "info", "timestamp": "2026-10-03T13:01:29.480386Z"}
Oct 03 10:01:29 fim-host fim-agent[72743]: {"event_id": "13c0cab6-248b-400e-9a3a-b3e53bf4622f", "path": "/srv/fim-watch/r03", "action": "alert_only", "action_failed": false, "event": "decision.evaluated", "level": "info", "timestamp": "2026-10-03T13:01:29.487013Z"}
Oct 03 10:01:29 fim-host fim-agent[72743]: {"event_id": "13c0cab6-248b-400e-9a3a-b3e53bf4622f", "deferred": false, "event": "publisher.event_published", "level": "info", "timestamp": "2026-10-03T13:01:29.497413Z"}
Oct 03 10:01:29 fim-host fim-agent[72743]: {"path": "/srv/fim-watch/r03", "event_type": "file_modified", "event_id": "13c0cab6-248b-400e-9a3a-b3e53bf4622f", "event": "detector.change_detected", "level": "info", "timestamp": "2026-10-03T13:01:29.500267Z"}
Oct 03 10:01:29 fim-host fim-agent[72743]: {"event_id": "7712b599-6e07-4db5-b348-2c0156c774a4", "path": "/srv/fim-watch/r04", "action": "alert_only", "action_failed": false, "event": "decision.evaluated", "level": "info", "timestamp": "2026-10-03T13:01:29.506059Z"}
Oct 03 10:01:29 fim-host fim-agent[72743]: {"event_id": "7712b599-6e07-4db5-b348-2c0156c774a4", "deferred": false, "event": "publisher.event_published", "level": "info", "timestamp": "2026-10-03T13:01:29.516286Z"}
Oct 03 10:01:29 fim-host fim-agent[72743]: {"path": "/srv/fim-watch/r04", "event_type": "file_modified", "event_id": "7712b599-6e07-4db5-b348-2c0156c774a4", "event": "detector.change_detected", "level": "info", "timestamp": "2026-10-03T13:01:29.520022Z"}
Oct 03 10:01:29 fim-host fim-agent[72743]: {"event_id": "faf30370-519b-43a9-baba-27759ef392f0", "path": "/srv/fim-watch/r05", "action": "alert_only", "action_failed": false, "event": "decision.evaluated", "level": "info", "timestamp": "2026-10-03T13:01:29.525803Z"}
Oct 03 10:01:29 fim-host fim-agent[72743]: {"event_id": "faf30370-519b-43a9-baba-27759ef392f0", "deferred": false, "event": "publisher.event_published", "level": "info", "timestamp": "2026-10-03T13:01:29.536448Z"}
Oct 03 10:01:29 fim-host fim-agent[72743]: {"path": "/srv/fim-watch/r05", "event_type": "file_deleted", "event_id": "faf30370-519b-43a9-baba-27759ef392f0", "event": "detector.change_detected", "level": "info", "timestamp": "2026-10-03T13:01:29.539066Z"}
Oct 03 10:01:29 fim-host fim-agent[72743]: {"event_id": "3cb634c4-28d1-48fd-85cf-aa6009c04793", "path": "/srv/fim-watch/r06", "action": "alert_only", "action_failed": false, "event": "decision.evaluated", "level": "info", "timestamp": "2026-10-03T13:01:29.544170Z"}
Oct 03 10:01:29 fim-host fim-agent[72743]: {"event_id": "3cb634c4-28d1-48fd-85cf-aa6009c04793", "deferred": false, "event": "publisher.event_published", "level": "info", "timestamp": "2026-10-03T13:01:29.552791Z"}
Oct 03 10:01:29 fim-host fim-agent[72743]: {"path": "/srv/fim-watch/r06", "event_type": "file_deleted", "event_id": "3cb634c4-28d1-48fd-85cf-aa6009c04793", "event": "detector.change_detected", "level": "info", "timestamp": "2026-10-03T13:01:29.555608Z"}
Oct 03 10:01:29 fim-host fim-agent[72743]: {"event_id": "b3c98466-4178-44d0-8f59-de314fb28265", "path": "/srv/fim-watch/r07", "action": "alert_only", "action_failed": false, "event": "decision.evaluated", "level": "info", "timestamp": "2026-10-03T13:01:29.560625Z"}
Oct 03 10:01:29 fim-host fim-agent[72743]: {"event_id": "b3c98466-4178-44d0-8f59-de314fb28265", "deferred": false, "event": "publisher.event_published", "level": "info", "timestamp": "2026-10-03T13:01:29.569128Z"}
Oct 03 10:01:29 fim-host fim-agent[72743]: {"path": "/srv/fim-watch/r07", "event_type": "file_deleted", "event_id": "b3c98466-4178-44d0-8f59-de314fb28265", "event": "detector.change_detected", "level": "info", "timestamp": "2026-10-03T13:01:29.571438Z"}
Oct 03 10:01:29 fim-host fim-agent[72743]: {"deleted": 3, "modified": 4, "created": 0, "suppressed_already_reported": 0, "unchanged": 3, "errors": 0, "duration_ms": 173, "event": "baseline.reconcile.complete", "level": "info", "timestamp": "2026-10-03T13:01:29.571557Z"}
Oct 03 10:01:29 fim-host fim-agent[72743]: {"work_dir": "/var/lib/fim-agent", "reason": "work dir comparte filesystem con watch_paths; una marca FILESYSTEM de ignorados los cegar\u00eda. Se delega en el filtro de scope.", "event": "detector.mark_exclusion_skipped_same_fs", "level": "warning", "timestamp": "2026-10-03T13:01:29.591884Z"}
Oct 03 10:01:29 fim-host fim-agent[72743]: {"watch_paths": ["/srv/fim-watch"], "event": "detector.started", "level": "info", "timestamp": "2026-10-03T13:01:29.592197Z"}
Oct 03 10:01:29 fim-host fim-agent[72743]: {"event_id": "8c064e34-4613-4502-893c-ec5db79cc9a6", "event": "publisher.event_acked", "level": "info", "timestamp": "2026-10-03T13:01:29.593033Z"}
Oct 03 10:01:29 fim-host fim-agent[72743]: {"event_id": "34329c95-0aad-41a7-a9d6-ea4f83a05178", "event": "publisher.event_acked", "level": "info", "timestamp": "2026-10-03T13:01:29.595515Z"}
Oct 03 10:01:29 fim-host fim-agent[72743]: {"event_id": "13c0cab6-248b-400e-9a3a-b3e53bf4622f", "event": "publisher.event_acked", "level": "info", "timestamp": "2026-10-03T13:01:29.597977Z"}
Oct 03 10:01:29 fim-host fim-agent[72743]: {"event_id": "7712b599-6e07-4db5-b348-2c0156c774a4", "event": "publisher.event_acked", "level": "info", "timestamp": "2026-10-03T13:01:29.600599Z"}
Oct 03 10:01:29 fim-host fim-agent[72743]: {"event_id": "faf30370-519b-43a9-baba-27759ef392f0", "event": "publisher.event_acked", "level": "info", "timestamp": "2026-10-03T13:01:29.603944Z"}
Oct 03 10:01:29 fim-host fim-agent[72743]: {"event_id": "3cb634c4-28d1-48fd-85cf-aa6009c04793", "event": "publisher.event_acked", "level": "info", "timestamp": "2026-10-03T13:01:29.606263Z"}
Oct 03 10:01:29 fim-host fim-agent[72743]: {"event_id": "b3c98466-4178-44d0-8f59-de314fb28265", "event": "publisher.event_acked", "level": "info", "timestamp": "2026-10-03T13:01:29.610144Z"}
