event_id,path,event_type,status,severity,detected_at,received_at
437c09e2-85ed-4ca5-ab89-ff6d52d87dc6,/srv/fim-watch/gen_00001.txt,file_modified,alert_only,high,2026-09-18 02:57:41.702339+00,2026-09-18 03:02:45.900467+00
c04fa519-53c9-4336-bef6-25a74620edf4,/srv/fim-watch/gen_00001.txt,file_modified,alert_only,high,2026-09-18 02:57:41.802995+00,2026-09-18 03:02:45.975533+00
4acc7769-5b92-47d9-a25e-211ee4368f03,/srv/fim-watch/gen_00001.txt,file_modified,alert_only,high,2026-09-18 02:57:41.903209+00,2026-09-18 03:02:45.988725+00
55d4d913-613f-46ca-b56b-114e27d5df92,/srv/fim-watch/gen_00001.txt,file_modified,alert_only,high,2026-09-18 02:57:42.003436+00,2026-09-18 03:02:46.008867+00
cac1f726-8cee-42cb-b87f-090bdd27f4ff,/srv/fim-watch/gen_00001.txt,file_modified,alert_only,high,2026-09-18 02:57:42.103023+00,2026-09-18 03:02:46.028264+00
652cb0ba-bfdc-4014-9951-1a604f6b1c0d,/srv/fim-watch/gen_00002.txt,file_modified,alert_only,high,2026-09-18 02:57:42.203358+00,2026-09-18 03:02:46.055947+00
976f4588-2e7a-4f86-b32f-73d961c7af56,/srv/fim-watch/critico/gen_00003.txt,file_modified,alert_only,critical,2026-09-18 02:57:42.303033+00,2026-09-18 03:02:46.063424+00
efb6e9bc-3af7-4aee-9e8d-84f987d5b6bf,/srv/fim-watch/gen_00001.txt,file_deleted,alert_only,high,2026-09-18 02:57:42.403327+00,2026-09-18 03:02:46.082561+00
e743aa91-7f47-49ff-be03-a521a16bdd3a,/srv/fim-watch/gen_00004.txt,file_modified,alert_only,high,2026-09-18 02:57:42.50245+00,2026-09-18 03:02:46.102578+00
5151b01f-e061-4df5-983f-0795f8ed99cc,/srv/fim-watch/critico/gen_00003.txt,file_modified,alert_only,critical,2026-09-18 02:57:42.60316+00,2026-09-18 03:02:46.121469+00
f9d68d25-6209-49bd-b1bb-3e8099d8da4a,/srv/fim-watch/critico/gen_00003.txt,file_modified,alert_only,critical,2026-09-18 02:57:42.703342+00,2026-09-18 03:02:46.140839+00
9c73550b-b7c1-4b6d-ac74-a011fb700bda,/srv/fim-watch/gen_00004.txt,file_modified,alert_only,high,2026-09-18 02:57:42.803184+00,2026-09-18 03:02:46.161595+00
bfb508b7-6352-40d6-8f67-db934b616e6f,/srv/fim-watch/gen_00002.txt,file_modified,alert_only,high,2026-09-18 02:57:42.903231+00,2026-09-18 03:02:46.18224+00
43b6a8cc-359a-4058-8338-cb5d7f4f67ab,/srv/fim-watch/critico/gen_00003.txt,file_modified,alert_only,critical,2026-09-18 02:57:43.00336+00,2026-09-18 03:02:46.199986+00
2823f994-fea0-440b-a4d2-ce91e772bfe5,/srv/fim-watch/gen_00005.txt,file_modified,alert_only,high,2026-09-18 02:57:43.102809+00,2026-09-18 03:02:46.216713+00
1d4bd79f-1d3d-43c8-a727-0de82ea68d79,/srv/fim-watch/gen_00005.txt,file_deleted,alert_only,high,2026-09-18 02:57:43.203175+00,2026-09-18 03:02:46.232133+00
81c3ad9a-242c-4ad6-ae9e-46cd02897729,/srv/fim-watch/gen_00006.txt,file_modified,alert_only,high,2026-09-18 02:57:43.303274+00,2026-09-18 03:02:46.246951+00
274078d5-4e4c-451b-9181-c5e394216c88,/srv/fim-watch/gen_00007.txt,file_modified,alert_only,high,2026-09-18 02:57:43.403255+00,2026-09-18 03:02:46.261542+00
d010e876-5ee6-44c7-8ae6-6e9e4dece5ba,/srv/fim-watch/gen_00004.txt,file_modified,alert_only,high,2026-09-18 02:57:43.503368+00,2026-09-18 03:02:46.278496+00
7aa4b84b-a350-4559-a564-307d8deecee8,/srv/fim-watch/critico/gen_00003.txt,file_modified,alert_only,critical,2026-09-18 02:57:43.603135+00,2026-09-18 03:02:46.293024+00
7ec77783-e9d2-44f5-b797-e10e9e691f47,/srv/fim-watch/critico/gen_00003.txt,file_modified,alert_only,critical,2026-09-18 02:57:43.703341+00,2026-09-18 03:02:46.318872+00
64f0759a-1305-4197-9ffc-1bc4c27dce47,/srv/fim-watch/critico/gen_00003.txt,file_modified,alert_only,critical,2026-09-18 02:57:43.803193+00,2026-09-18 03:02:46.326075+00
7d9b7b29-9ca3-4c90-9448-0501e4e01b7a,/srv/fim-watch/gen_00006.txt,file_modified,alert_only,high,2026-09-18 02:57:43.903384+00,2026-09-18 03:02:46.341574+00
e7f7cdd8-2aa5-465e-845a-b23baae8cf1b,/srv/fim-watch/critico/gen_00003.txt,file_deleted,alert_only,critical,2026-09-18 02:57:44.003377+00,2026-09-18 03:02:46.356545+00
6d73997f-e8f0-4657-b9ae-5678328f596a,/srv/fim-watch/gen_00006.txt,file_modified,alert_only,high,2026-09-18 02:57:44.102881+00,2026-09-18 03:02:46.371403+00
eca64909-73f4-4a5b-9d7f-4addfe0bf5b2,/srv/fim-watch/gen_00008.txt,file_modified,alert_only,high,2026-09-18 02:57:44.202663+00,2026-09-18 03:02:46.386038+00
1faf081f-b23d-4e28-b54f-5ee514cfcaa0,/srv/fim-watch/gen_00007.txt,file_modified,alert_only,high,2026-09-18 02:57:44.302614+00,2026-09-18 03:02:46.399992+00
c76069a8-ecca-4e30-bae9-0f44fea8d2b1,/srv/fim-watch/gen_00007.txt,file_modified,alert_only,high,2026-09-18 02:57:44.403424+00,2026-09-18 03:02:46.415012+00
3dc5cd85-35f2-439a-b746-7419d153487c,/srv/fim-watch/gen_00002.txt,file_modified,alert_only,high,2026-09-18 02:57:44.502946+00,2026-09-18 03:02:46.430532+00
011476c8-8cad-4dfe-9e9d-38dd2b96bcbd,/srv/fim-watch/gen_00009.txt,file_modified,alert_only,high,2026-09-18 02:57:44.603123+00,2026-09-18 03:02:46.445618+00
80bc3919-606f-482a-aa66-0ab80a4395b2,/srv/fim-watch/gen_00009.txt,file_deleted,alert_only,high,2026-09-18 02:57:44.703347+00,2026-09-18 03:02:46.461186+00
c88420b2-a68e-474a-ac12-bb43963b96a4,/srv/fim-watch/gen_00006.txt,file_modified,alert_only,high,2026-09-18 02:57:44.80344+00,2026-09-18 03:02:46.477176+00
7f085e32-71a9-449c-914b-05530e4b2581,/srv/fim-watch/gen_00007.txt,file_modified,alert_only,high,2026-09-18 02:57:44.903216+00,2026-09-18 03:02:46.492631+00
4fdcf608-f5b3-451a-8286-088417835867,/srv/fim-watch/gen_00002.txt,file_deleted,alert_only,high,2026-09-18 02:57:45.002351+00,2026-09-18 03:02:46.509813+00
4687b3cf-335f-4fc9-9b94-b2fecd35241d,/srv/fim-watch/gen_00010.txt,file_created,alert_only,high,2026-09-18 02:57:45.102703+00,2026-09-18 03:02:46.525139+00
9cc8042f-26af-4cd2-ba4d-e8b9fcdecf55,/srv/fim-watch/gen_00010.txt,file_modified,alert_only,high,2026-09-18 02:57:45.20353+00,2026-09-18 03:02:46.541372+00
d4806377-8175-4a5c-9ad1-c6ae70c5cf81,/srv/fim-watch/gen_00004.txt,file_modified,alert_only,high,2026-09-18 02:57:45.302995+00,2026-09-18 03:02:46.55767+00
269b9074-0e37-4fe8-a438-55c4a1c4d3a6,/srv/fim-watch/gen_00004.txt,file_modified,alert_only,high,2026-09-18 02:57:45.402561+00,2026-09-18 03:02:46.57349+00
436b179f-6396-4a81-b208-af897d2734d9,/srv/fim-watch/gen_00004.txt,file_modified,alert_only,high,2026-09-18 02:57:45.503551+00,2026-09-18 03:02:46.589994+00
57a66879-30e4-4d9c-811d-963f440e92ed,/srv/fim-watch/gen_00004.txt,file_modified,alert_only,high,2026-09-18 02:57:45.603255+00,2026-09-18 03:02:46.607254+00
9d5867f7-4c6e-4ba5-ab78-e5bc7cbe82a5,/srv/fim-watch/gen_00004.txt,file_modified,alert_only,high,2026-09-18 02:57:45.703258+00,2026-09-18 03:02:46.623873+00
9dc5795b-07d7-4bbb-9a41-150c51136f10,/srv/fim-watch/gen_00004.txt,file_modified,alert_only,high,2026-09-18 02:57:45.803259+00,2026-09-18 03:02:46.641479+00
c451be0a-0a38-412e-abc2-b5eb59701931,/srv/fim-watch/gen_00004.txt,file_modified,alert_only,high,2026-09-18 02:57:45.903327+00,2026-09-18 03:02:46.657358+00
4e5dc3b6-ab69-428a-8ddb-c3a0fb0bb73b,/srv/fim-watch/gen_00004.txt,file_modified,alert_only,high,2026-09-18 02:57:46.003213+00,2026-09-18 03:02:46.673003+00
0406be6a-f348-4a4c-b868-b908819fcafb,/srv/fim-watch/gen_00004.txt,file_modified,alert_only,high,2026-09-18 02:57:46.102972+00,2026-09-18 03:02:46.688901+00
ebc1ddb7-a821-431a-b9d7-f0f4963452ef,/srv/fim-watch/gen_00004.txt,file_modified,alert_only,high,2026-09-18 02:57:46.203282+00,2026-09-18 03:02:46.704437+00
a9d3bea6-17bd-4d3e-bf65-53c001d3aead,/srv/fim-watch/gen_00004.txt,file_modified,alert_only,high,2026-09-18 02:57:46.303106+00,2026-09-18 03:02:46.720235+00
d2c4fd7c-be02-4066-9af9-2d73ee1c3d6d,/srv/fim-watch/gen_00011.txt,file_modified,alert_only,high,2026-09-18 02:57:46.402913+00,2026-09-18 03:02:46.736019+00
07f89981-b83d-441c-9656-d9e49847102f,/srv/fim-watch/gen_00012.txt,file_modified,alert_only,high,2026-09-18 02:57:46.502756+00,2026-09-18 03:02:46.75221+00
91576ecf-0760-4fb4-9114-40f3c1dd644c,/srv/fim-watch/gen_00007.txt,file_modified,alert_only,high,2026-09-18 02:57:46.603143+00,2026-09-18 03:02:46.769431+00
896e10c0-24cb-4f03-be82-9da990e1871f,/srv/fim-watch/gen_00007.txt,file_modified,alert_only,high,2026-09-18 02:57:46.703079+00,2026-09-18 03:02:46.784993+00
73ab6a70-5cb7-4c0e-8a50-a7e885f90243,/srv/fim-watch/gen_00007.txt,file_modified,alert_only,high,2026-09-18 02:57:46.802792+00,2026-09-18 03:02:46.801326+00
1abf41fb-ad7a-4c14-a889-ba089b03df5a,/srv/fim-watch/gen_00007.txt,file_modified,alert_only,high,2026-09-18 02:57:46.903133+00,2026-09-18 03:02:46.817425+00
a59b79b4-b3d0-43cd-8bd9-3210fc204ce4,/srv/fim-watch/gen_00007.txt,file_modified,alert_only,high,2026-09-18 02:57:47.003272+00,2026-09-18 03:02:46.833008+00
e870d3ac-55e2-4cdb-897f-ea4f6597586d,/srv/fim-watch/gen_00010.txt,file_modified,alert_only,high,2026-09-18 02:57:47.102538+00,2026-09-18 03:02:46.846712+00
267e974b-9c20-444e-b313-86d8b64cf5c6,/srv/fim-watch/gen_00007.txt,file_deleted,alert_only,high,2026-09-18 02:57:47.203032+00,2026-09-18 03:02:46.860655+00
442080d7-ba7d-4bec-87b7-8836fd7e6313,/srv/fim-watch/gen_00012.txt,file_deleted,alert_only,high,2026-09-18 02:57:47.303045+00,2026-09-18 03:02:46.874928+00
f529dc3c-33a5-46f0-9ffe-70d1c04d0bb0,/srv/fim-watch/gen_00013.txt,file_modified,alert_only,high,2026-09-18 02:57:47.403113+00,2026-09-18 03:02:46.891409+00
38ef97ce-30da-460c-abda-855307206e7f,/srv/fim-watch/gen_00013.txt,file_modified,alert_only,high,2026-09-18 02:57:47.502718+00,2026-09-18 03:02:46.908128+00
f48953dc-495d-45de-838a-96d76b601628,/srv/fim-watch/gen_00013.txt,file_modified,alert_only,high,2026-09-18 02:57:47.602929+00,2026-09-18 03:02:46.924877+00
1504aea4-f071-44d3-8f1d-ba871ed6676b,/srv/fim-watch/gen_00010.txt,file_modified,alert_only,high,2026-09-18 02:57:47.703185+00,2026-09-18 03:02:46.941508+00
ebbb508f-1fa8-4a99-a38b-110c87874abf,/srv/fim-watch/gen_00011.txt,file_modified,alert_only,high,2026-09-18 02:57:47.803125+00,2026-09-18 03:02:46.959377+00
bbb26624-08fe-4d42-99a7-f21a70a5a8df,/srv/fim-watch/gen_00014.txt,file_modified,alert_only,high,2026-09-18 02:57:47.903007+00,2026-09-18 03:02:46.975771+00
584b43f2-944e-4991-908a-6c57b2b14d0b,/srv/fim-watch/gen_00011.txt,file_modified,alert_only,high,2026-09-18 02:57:48.00349+00,2026-09-18 03:02:46.992173+00
d3467e25-257b-4a43-a203-4fbe89e0a971,/srv/fim-watch/gen_00006.txt,file_modified,alert_only,high,2026-09-18 02:57:48.104157+00,2026-09-18 03:02:47.007736+00
e09f8744-c829-4921-98f5-6b853522c499,/srv/fim-watch/gen_00008.txt,file_modified,alert_only,high,2026-09-18 02:57:48.20319+00,2026-09-18 03:02:47.022684+00
cb9460b7-acf4-4722-99e5-4e7f5b5d3708,/srv/fim-watch/gen_00011.txt,file_modified,alert_only,high,2026-09-18 02:57:48.303093+00,2026-09-18 03:02:47.037867+00
c81ac4f6-fc9e-4ba8-b9f2-b3f19391cc8c,/srv/fim-watch/gen_00011.txt,file_modified,alert_only,high,2026-09-18 02:57:48.403142+00,2026-09-18 03:02:47.053261+00
d8964512-99a3-4f3b-86da-d04f13d9ebec,/srv/fim-watch/gen_00004.txt,file_modified,alert_only,high,2026-09-18 02:57:48.503163+00,2026-09-18 03:02:47.067922+00
6051b61a-a297-4eb1-8841-bfe4e94de5fe,/srv/fim-watch/gen_00004.txt,file_modified,alert_only,high,2026-09-18 02:57:48.603207+00,2026-09-18 03:02:47.084101+00
253e5e26-b583-4ff8-91e4-e9f3bb90b3bc,/srv/fim-watch/gen_00010.txt,file_modified,alert_only,high,2026-09-18 02:57:48.703286+00,2026-09-18 03:02:47.109502+00
587b7990-3455-4283-9917-fb291565ec54,/srv/fim-watch/gen_00013.txt,file_modified,alert_only,high,2026-09-18 02:57:48.803175+00,2026-09-18 03:02:47.116518+00
2e9cbc13-31e5-447e-95ba-b84c288eda8a,/srv/fim-watch/gen_00013.txt,file_modified,alert_only,high,2026-09-18 02:57:48.903178+00,2026-09-18 03:02:47.131832+00
8f9a3080-86e9-4ed9-a951-2c4d5f75234b,/srv/fim-watch/gen_00015.txt,file_modified,alert_only,high,2026-09-18 02:57:49.00282+00,2026-09-18 03:02:47.14913+00
5b429237-10af-497b-a82e-58bcef8a1274,/srv/fim-watch/gen_00016.txt,file_modified,alert_only,high,2026-09-18 02:57:49.10314+00,2026-09-18 03:02:47.162819+00
26fd524c-0bbf-4638-8bf6-991fe361ee27,/srv/fim-watch/gen_00014.txt,file_modified,alert_only,high,2026-09-18 02:57:49.203364+00,2026-09-18 03:02:47.185533+00
79f24b82-e6d9-49f3-bed9-6e9bdefc4ac8,/srv/fim-watch/gen_00014.txt,file_modified,alert_only,high,2026-09-18 02:57:49.302698+00,2026-09-18 03:02:47.201218+00
3f549ad2-a5a8-494f-871d-9c2ce1bcad63,/srv/fim-watch/gen_00014.txt,file_modified,alert_only,high,2026-09-18 02:57:49.403383+00,2026-09-18 03:02:47.216225+00
da0da214-c1f5-4c9c-8f6e-56bafa1aac84,/srv/fim-watch/gen_00004.txt,file_modified,alert_only,high,2026-09-18 02:57:49.503417+00,2026-09-18 03:02:47.231334+00
ad957a6a-4e3a-4cf1-b041-f9d6254af117,/srv/fim-watch/gen_00004.txt,file_deleted,alert_only,high,2026-09-18 02:57:49.603284+00,2026-09-18 03:02:47.246009+00
dee0b961-4c25-47d1-84c7-c175c014d2b2,/srv/fim-watch/gen_00014.txt,file_deleted,alert_only,high,2026-09-18 02:57:49.703302+00,2026-09-18 03:02:47.260985+00
8b1eea5e-a9ac-4eb0-a9a6-6137200d34e3,/srv/fim-watch/gen_00016.txt,file_modified,alert_only,high,2026-09-18 02:57:49.802584+00,2026-09-18 03:02:47.276087+00
75b4506e-0d92-49a4-89be-8f7a14282709,/srv/fim-watch/gen_00015.txt,file_modified,alert_only,high,2026-09-18 02:57:49.902603+00,2026-09-18 03:02:47.29208+00
18caea23-b72f-4aeb-b997-d53d7b5febe4,/srv/fim-watch/gen_00015.txt,file_modified,alert_only,high,2026-09-18 02:57:50.00313+00,2026-09-18 03:02:47.308547+00
aa52b7c5-aba8-4a7b-b48e-69a9224c8f18,/srv/fim-watch/gen_00017.txt,file_modified,alert_only,high,2026-09-18 02:57:50.103292+00,2026-09-18 03:02:47.325127+00
7f382bfc-50a0-44b6-b8c8-9782506d2f7d,/srv/fim-watch/gen_00017.txt,file_deleted,alert_only,high,2026-09-18 02:57:50.203156+00,2026-09-18 03:02:47.341064+00
d3ee97eb-6173-4f1c-8a6b-0ebe69c32109,/srv/fim-watch/gen_00006.txt,file_modified,alert_only,high,2026-09-18 02:57:50.303175+00,2026-09-18 03:02:47.356965+00
dbe47f79-da6c-43c8-a004-b94387eb28c8,/srv/fim-watch/gen_00006.txt,file_modified,alert_only,high,2026-09-18 02:57:50.403305+00,2026-09-18 03:02:47.372113+00
7b4cbbf4-fba7-4243-b1f1-7183097aefc3,/srv/fim-watch/gen_00015.txt,file_modified,alert_only,high,2026-09-18 02:57:50.502466+00,2026-09-18 03:02:47.388379+00
f1e53c74-de4c-4ed1-870c-500c03d82566,/srv/fim-watch/gen_00016.txt,file_modified,alert_only,high,2026-09-18 02:57:50.602363+00,2026-09-18 03:02:47.405111+00
73cf14d6-a86b-42f7-967f-96a33bb51cae,/srv/fim-watch/gen_00016.txt,file_modified,alert_only,high,2026-09-18 02:57:50.703138+00,2026-09-18 03:02:47.422121+00
12d58c55-0ea5-4884-89d4-5d0730f25351,/srv/fim-watch/gen_00018.txt,file_modified,alert_only,high,2026-09-18 02:57:50.803029+00,2026-09-18 03:02:47.438524+00
a9b83924-cc59-4042-979d-fab8bd2ad907,/srv/fim-watch/gen_00008.txt,file_modified,alert_only,high,2026-09-18 02:57:50.903086+00,2026-09-18 03:02:47.455067+00
b787401d-44fb-40e2-ae8e-e64cb918f9b3,/srv/fim-watch/gen_00008.txt,file_modified,alert_only,high,2026-09-18 02:57:51.003072+00,2026-09-18 03:02:47.471974+00
3209fbfa-4b5f-4ac5-a772-0fbcc86f2b64,/srv/fim-watch/gen_00008.txt,file_modified,alert_only,high,2026-09-18 02:57:51.103176+00,2026-09-18 03:02:47.489653+00
03da3c66-d60e-49c2-a56f-63720d0f40dc,/srv/fim-watch/gen_00008.txt,file_modified,alert_only,high,2026-09-18 02:57:51.203274+00,2026-09-18 03:02:47.507194+00
4d7e4495-748a-412c-83f1-c18af568130f,/srv/fim-watch/gen_00008.txt,file_modified,alert_only,high,2026-09-18 02:57:51.303179+00,2026-09-18 03:02:47.52241+00
99506d44-d5eb-46fd-88de-fe93cd0a2e06,/srv/fim-watch/gen_00011.txt,file_modified,alert_only,high,2026-09-18 02:57:51.403293+00,2026-09-18 03:02:47.53618+00
6ee3b354-5f02-4fb1-b581-e5fc2c8665d3,/srv/fim-watch/gen_00013.txt,file_modified,alert_only,high,2026-09-18 02:57:51.502522+00,2026-09-18 03:02:47.551788+00
024a4d3d-8f49-4a84-9bea-03ed1d4c1e55,/srv/fim-watch/gen_00013.txt,file_modified,alert_only,high,2026-09-18 02:57:51.603487+00,2026-09-18 03:02:47.565129+00
e929ad65-8577-47a2-a3bd-4c2074be28bf,/srv/fim-watch/gen_00013.txt,file_modified,alert_only,high,2026-09-18 02:57:51.703362+00,2026-09-18 03:02:47.578604+00
0e86ccc8-1ba6-4f15-a0b8-83951d52fc3d,/srv/fim-watch/gen_00013.txt,file_modified,alert_only,high,2026-09-18 02:57:51.803215+00,2026-09-18 03:02:47.594277+00
22f8e2e5-c06c-4bb7-8d7d-c9c9851a77b4,/srv/fim-watch/gen_00013.txt,file_modified,alert_only,high,2026-09-18 02:57:51.903504+00,2026-09-18 03:02:47.610302+00
a1f9cc45-9930-45c1-a40d-0ca07599171a,/srv/fim-watch/gen_00013.txt,file_modified,alert_only,high,2026-09-18 02:57:52.003235+00,2026-09-18 03:02:47.626302+00
0af6ae6f-9629-4369-8ae3-e4956f891c27,/srv/fim-watch/gen_00019.txt,file_modified,alert_only,high,2026-09-18 02:57:52.105357+00,2026-09-18 03:02:47.641708+00
b7f8db56-98f7-4204-ab5d-8625798f978b,/srv/fim-watch/gen_00008.txt,file_deleted,alert_only,high,2026-09-18 02:57:52.203598+00,2026-09-18 03:02:47.656479+00
9edcdae6-0ab5-4e2c-9afd-771d2d1fb18a,/srv/fim-watch/gen_00018.txt,file_modified,alert_only,high,2026-09-18 02:57:52.403238+00,2026-09-18 03:02:47.671831+00
0de5f511-705d-4570-9ce8-fddd4de1c4ed,/srv/fim-watch/gen_00018.txt,file_modified,alert_only,high,2026-09-18 02:57:52.50295+00,2026-09-18 03:02:47.68693+00
e4751fc1-631c-4ec7-a655-3ad9273125ec,/srv/fim-watch/gen_00020.txt,file_modified,alert_only,high,2026-09-18 02:57:52.602732+00,2026-09-18 03:02:47.702355+00
4a9b21fc-50b0-41ff-bccf-7a9ccc227b35,/srv/fim-watch/gen_00018.txt,file_modified,alert_only,high,2026-09-18 02:57:52.703097+00,2026-09-18 03:02:47.718411+00
251e83e8-34c2-4071-956f-0324673d7d6e,/srv/fim-watch/gen_00015.txt,file_modified,alert_only,high,2026-09-18 02:57:52.803055+00,2026-09-18 03:02:47.734726+00
e58ec1e4-0728-48ce-a1ed-59ff92d2cd95,/srv/fim-watch/gen_00010.txt,file_deleted,alert_only,high,2026-09-18 02:57:52.903363+00,2026-09-18 03:02:47.751625+00
aa191f45-ca50-472e-86f8-3f33ec6dba8f,/srv/fim-watch/gen_00013.txt,file_modified,alert_only,high,2026-09-18 02:57:53.003193+00,2026-09-18 03:02:47.768648+00
1e525e1b-99e2-4d49-9008-acdb2a4300f2,/srv/fim-watch/gen_00013.txt,file_modified,alert_only,high,2026-09-18 02:57:53.103193+00,2026-09-18 03:02:47.785359+00
e2577ef4-8915-4c9b-986c-188ecdab6657,/srv/fim-watch/gen_00021.txt,file_modified,alert_only,high,2026-09-18 02:57:53.203361+00,2026-09-18 03:02:47.801833+00
43738a47-e764-4944-820d-3072fd8fdca6,/srv/fim-watch/gen_00011.txt,file_modified,alert_only,high,2026-09-18 02:57:53.303346+00,2026-09-18 03:02:47.818263+00
29392eb6-817b-4cb2-81f2-c14b6d6fdaba,/srv/fim-watch/gen_00021.txt,file_modified,alert_only,high,2026-09-18 02:57:53.403538+00,2026-09-18 03:02:47.834309+00
bfb406d2-9495-4617-8f2f-11d95692b701,/srv/fim-watch/gen_00021.txt,file_deleted,alert_only,high,2026-09-18 02:57:53.502758+00,2026-09-18 03:02:47.84987+00
c8fb9659-4e6e-4b2b-b2d6-01f7d5fa2032,/srv/fim-watch/gen_00022.txt,file_modified,alert_only,high,2026-09-18 02:57:53.603352+00,2026-09-18 03:02:47.866288+00
4da03633-350f-4a98-97a6-30ba7274c66d,/srv/fim-watch/critico/gen_00023.txt,file_modified,alert_only,critical,2026-09-18 02:57:53.703487+00,2026-09-18 03:02:47.882719+00
b8a6addb-1743-433d-b890-03772c0eedb3,/srv/fim-watch/gen_00022.txt,file_modified,alert_only,high,2026-09-18 02:57:53.803551+00,2026-09-18 03:02:47.910401+00
2f56581a-5f01-4cd6-a30d-089e9d702276,/srv/fim-watch/gen_00022.txt,file_modified,alert_only,high,2026-09-18 02:57:53.903249+00,2026-09-18 03:02:47.917817+00
44142c18-2f82-46a4-9e0f-7851e357baa5,/srv/fim-watch/gen_00022.txt,file_modified,alert_only,high,2026-09-18 02:57:54.003438+00,2026-09-18 03:02:47.934391+00
7923375e-3f6a-44d5-ab04-a300afa9df6f,/srv/fim-watch/gen_00022.txt,file_modified,alert_only,high,2026-09-18 02:57:54.10336+00,2026-09-18 03:02:47.950722+00
248ab863-f908-4dc2-9e4c-006639a6c006,/srv/fim-watch/gen_00022.txt,file_modified,alert_only,high,2026-09-18 02:57:54.203705+00,2026-09-18 03:02:47.967062+00
e391bec0-00a3-4cd1-9fa7-6887dac53c8c,/srv/fim-watch/gen_00011.txt,file_modified,alert_only,high,2026-09-18 02:57:54.302682+00,2026-09-18 03:02:47.98383+00
88e823be-6ff6-4308-81d9-333649433a14,/srv/fim-watch/gen_00020.txt,file_modified,alert_only,high,2026-09-18 02:57:54.403+00,2026-09-18 03:02:48.000935+00
2f0ec11b-7c67-4b56-8940-cc713df7eaaf,/srv/fim-watch/gen_00015.txt,file_modified,alert_only,high,2026-09-18 02:57:54.50353+00,2026-09-18 03:02:48.016899+00
70dd8f91-e486-425b-a793-0cc1dfd61966,/srv/fim-watch/gen_00020.txt,file_modified,alert_only,high,2026-09-18 02:57:54.603295+00,2026-09-18 03:02:48.03299+00
c6998b15-4d42-4eb7-9e2c-e60813fd78fa,/srv/fim-watch/gen_00006.txt,file_modified,alert_only,high,2026-09-18 02:57:54.703453+00,2026-09-18 03:02:48.050314+00
863e3e53-82f9-45d0-88ac-794083e1692e,/srv/fim-watch/critico/gen_00023.txt,file_modified,alert_only,critical,2026-09-18 02:57:54.803292+00,2026-09-18 03:02:48.063895+00
f87406dd-ca36-4ebc-95b7-b45ac430017a,/srv/fim-watch/gen_00018.txt,file_modified,alert_only,high,2026-09-18 02:57:54.903466+00,2026-09-18 03:02:48.079563+00
85aae955-d22b-4501-abd7-0a3b106f9d94,/srv/fim-watch/gen_00011.txt,file_modified,alert_only,high,2026-09-18 02:57:55.002818+00,2026-09-18 03:02:48.095804+00
3bd9d504-5787-40dc-8222-6a76d1d5307d,/srv/fim-watch/gen_00016.txt,file_modified,alert_only,high,2026-09-18 02:57:55.102712+00,2026-09-18 03:02:48.112232+00
618c389f-9256-41a9-b0b8-11d392caffef,/srv/fim-watch/gen_00024.txt,file_modified,alert_only,high,2026-09-18 02:57:55.203476+00,2026-09-18 03:02:48.126158+00
b8b7b220-8511-4125-b082-b9c2f03513c3,/srv/fim-watch/gen_00011.txt,file_modified,alert_only,high,2026-09-18 02:57:55.302993+00,2026-09-18 03:02:48.141414+00
c852af29-b7fa-43dc-a213-7fe24f9c2559,/srv/fim-watch/gen_00018.txt,file_modified,alert_only,high,2026-09-18 02:57:55.403235+00,2026-09-18 03:02:48.158171+00
303c63f1-c8c7-4af3-8b5a-296942af24e7,/srv/fim-watch/critico/gen_00025.txt,file_modified,alert_only,critical,2026-09-18 02:57:55.503486+00,2026-09-18 03:02:48.174005+00
f3d659ba-114c-475e-80c7-176f0e1b4175,/srv/fim-watch/gen_00018.txt,file_modified,alert_only,high,2026-09-18 02:57:55.603144+00,2026-09-18 03:02:48.189547+00
71b1c857-c745-4d4a-898c-4551e15bdaed,/srv/fim-watch/gen_00026.txt,file_modified,alert_only,high,2026-09-18 02:57:55.702947+00,2026-09-18 03:02:48.205506+00
6d106b25-dbbb-4af2-a6ba-42f3382ba4e3,/srv/fim-watch/gen_00015.txt,file_deleted,alert_only,high,2026-09-18 02:57:55.802404+00,2026-09-18 03:02:48.222145+00
9c13fdaf-f803-43cd-9887-a466c2b1e1cc,/srv/fim-watch/gen_00020.txt,file_modified,alert_only,high,2026-09-18 02:57:55.90338+00,2026-09-18 03:02:48.238505+00
ca55c442-d6cd-4d04-8320-4c50abf89742,/srv/fim-watch/critico/gen_00023.txt,file_modified,alert_only,critical,2026-09-18 02:57:56.003412+00,2026-09-18 03:02:48.25544+00
27c105ac-013a-43e2-a954-3ea59fc99574,/srv/fim-watch/gen_00006.txt,file_modified,alert_only,high,2026-09-18 02:57:56.103351+00,2026-09-18 03:02:48.271681+00
023ea25a-b5cf-4117-96b9-a0d21d27cfdc,/srv/fim-watch/gen_00026.txt,file_modified,alert_only,high,2026-09-18 02:57:56.203423+00,2026-09-18 03:02:48.287859+00
9e6ba0da-cdad-4189-afa9-3c801ef287ec,/srv/fim-watch/gen_00018.txt,file_modified,alert_only,high,2026-09-18 02:57:56.302963+00,2026-09-18 03:02:48.305016+00
fdf4b28e-ef43-45ac-8aa1-8dea9b0cf0ec,/srv/fim-watch/gen_00018.txt,file_deleted,alert_only,high,2026-09-18 02:57:56.403505+00,2026-09-18 03:02:48.323661+00
1930aa03-b4c3-4914-a2ec-b457dfe411d0,/srv/fim-watch/gen_00027.txt,file_modified,alert_only,high,2026-09-18 02:57:56.502397+00,2026-09-18 03:02:48.338525+00
c01b5a1d-dc9a-431b-b333-c9d15896b59a,/srv/fim-watch/gen_00026.txt,file_modified,alert_only,high,2026-09-18 02:57:56.602699+00,2026-09-18 03:02:48.353654+00
27954b67-4fe6-4dfe-a353-5f0283a6e97b,/srv/fim-watch/critico/gen_00025.txt,file_modified,alert_only,critical,2026-09-18 02:57:56.703223+00,2026-09-18 03:02:48.367604+00
4e9f99be-7714-415a-b6fe-9b32e04760b9,/srv/fim-watch/gen_00020.txt,file_modified,alert_only,high,2026-09-18 02:57:56.803177+00,2026-09-18 03:02:48.383605+00
64714548-87ff-47a3-9c8e-005fc6d425d0,/srv/fim-watch/gen_00019.txt,file_modified,alert_only,high,2026-09-18 02:57:56.903254+00,2026-09-18 03:02:48.397279+00
49757e16-c021-4654-996e-56503b93d103,/srv/fim-watch/gen_00019.txt,file_modified,alert_only,high,2026-09-18 02:57:57.003314+00,2026-09-18 03:02:48.4121+00
4ab62a35-c53a-4b1d-814e-42e9e2f81d3f,/srv/fim-watch/gen_00019.txt,file_modified,alert_only,high,2026-09-18 02:57:57.103329+00,2026-09-18 03:02:48.428668+00
5b981a13-b2a6-4110-b5e2-9b025d740ff1,/srv/fim-watch/gen_00019.txt,file_modified,alert_only,high,2026-09-18 02:57:57.203397+00,2026-09-18 03:02:48.445837+00
fb35f350-03fb-4d47-b9ab-3d5ca4ca5ed1,/srv/fim-watch/gen_00019.txt,file_modified,alert_only,high,2026-09-18 02:57:57.303198+00,2026-09-18 03:02:48.462949+00
d6db01a6-6a31-4ba0-9e08-af032a212647,/srv/fim-watch/gen_00020.txt,file_modified,alert_only,high,2026-09-18 02:57:57.403381+00,2026-09-18 03:02:48.480051+00
89856ae1-fd04-4dc4-8805-87e5f33063f9,/srv/fim-watch/gen_00026.txt,file_deleted,alert_only,high,2026-09-18 02:57:57.503267+00,2026-09-18 03:02:48.4976+00
34322e6c-18f7-406b-97df-f76266add1b2,/srv/fim-watch/gen_00027.txt,file_modified,alert_only,high,2026-09-18 02:57:57.602955+00,2026-09-18 03:02:48.514763+00
750486a3-20b2-432d-9857-2f9f7c3770ae,/srv/fim-watch/gen_00020.txt,file_modified,alert_only,high,2026-09-18 02:57:57.703238+00,2026-09-18 03:02:48.53117+00
c20f8b62-35cf-4538-88da-dc7e4d97cca9,/srv/fim-watch/gen_00028.txt,file_modified,alert_only,high,2026-09-18 02:57:57.803253+00,2026-09-18 03:02:48.548021+00
1d618fed-dbee-45aa-9343-11f965b86451,/srv/fim-watch/gen_00020.txt,file_modified,alert_only,high,2026-09-18 02:57:57.903043+00,2026-09-18 03:02:48.564995+00
7a90cb42-a800-40d5-8dae-2388dd5c945a,/srv/fim-watch/gen_00024.txt,file_modified,alert_only,high,2026-09-18 02:57:58.003435+00,2026-09-18 03:02:48.582039+00
86eb9f0a-0796-47e6-b640-3bacb0c847d2,/srv/fim-watch/gen_00029.txt,file_modified,alert_only,high,2026-09-18 02:57:58.102821+00,2026-09-18 03:02:48.598988+00
0b3407c3-7d20-43ff-ac8f-2567b2661a58,/srv/fim-watch/gen_00028.txt,file_modified,alert_only,high,2026-09-18 02:57:58.203295+00,2026-09-18 03:02:48.616252+00
9c9d9639-d941-4d2c-9252-4c14e06620e5,/srv/fim-watch/critico/gen_00025.txt,file_modified,alert_only,critical,2026-09-18 02:57:58.30297+00,2026-09-18 03:02:48.633648+00
f28c9d46-d4c6-421f-b4db-db759433c7a0,/srv/fim-watch/gen_00024.txt,file_modified,alert_only,high,2026-09-18 02:57:58.403365+00,2026-09-18 03:02:48.648979+00
c818d9e0-a05e-4fa3-a880-1a83a51ecee9,/srv/fim-watch/gen_00030.txt,file_modified,alert_only,high,2026-09-18 02:57:58.503318+00,2026-09-18 03:02:48.665081+00
f4b722e4-2e05-4d10-82c9-0925aad1a6cf,/srv/fim-watch/gen_00022.txt,file_modified,alert_only,high,2026-09-18 02:57:58.603221+00,2026-09-18 03:02:48.679987+00
10b5157c-558e-4b6c-85bd-39ee4e6b5f2a,/srv/fim-watch/gen_00031.txt,file_modified,alert_only,high,2026-09-18 02:57:58.703324+00,2026-09-18 03:02:48.695682+00
85e27ce9-d68b-45a1-a791-dd510b8db31c,/srv/fim-watch/gen_00032.txt,file_modified,alert_only,high,2026-09-18 02:57:58.802665+00,2026-09-18 03:02:48.721648+00
e0169036-0b6c-4318-8ed2-386d863f50ec,/srv/fim-watch/gen_00032.txt,file_deleted,alert_only,high,2026-09-18 02:57:58.903225+00,2026-09-18 03:02:48.729242+00
ebde72fe-1b1c-4816-9038-dc06bbf1d950,/srv/fim-watch/gen_00027.txt,file_modified,alert_only,high,2026-09-18 02:57:59.003332+00,2026-09-18 03:02:48.74629+00
e4d37baf-9728-4638-9798-c778d8d4f441,/srv/fim-watch/gen_00024.txt,file_modified,alert_only,high,2026-09-18 02:57:59.103197+00,2026-09-18 03:02:48.763021+00
1d22b7ac-2881-4921-9485-a23a7815d8e0,/srv/fim-watch/gen_00006.txt,file_modified,alert_only,high,2026-09-18 02:57:59.203352+00,2026-09-18 03:02:48.779243+00
b0d878ec-54c0-49c9-9c1c-ed15fd136f80,/srv/fim-watch/gen_00033.txt,file_modified,alert_only,high,2026-09-18 02:57:59.303368+00,2026-09-18 03:02:48.796286+00
d70496a1-f3f2-47b9-8169-32b936d0ce6b,/srv/fim-watch/gen_00029.txt,file_modified,alert_only,high,2026-09-18 02:57:59.402419+00,2026-09-18 03:02:48.813052+00
8c92a024-7045-4fe6-a2af-dffbff155a08,/srv/fim-watch/gen_00006.txt,file_modified,alert_only,high,2026-09-18 02:57:59.50348+00,2026-09-18 03:02:48.833824+00
a93458bd-e4d0-4c32-95a8-7ebff4ff73bd,/srv/fim-watch/gen_00027.txt,file_modified,alert_only,high,2026-09-18 02:57:59.603303+00,2026-09-18 03:02:48.850099+00
f456565a-b15c-488f-a52e-5af20549a1ce,/srv/fim-watch/gen_00027.txt,file_modified,alert_only,high,2026-09-18 02:57:59.703212+00,2026-09-18 03:02:48.863487+00
b3aba7a7-d536-4b87-935e-bb95299dc4fb,/srv/fim-watch/critico/gen_00025.txt,file_modified,alert_only,critical,2026-09-18 02:57:59.802718+00,2026-09-18 03:02:48.877529+00
9112aa6b-5c8d-4ba9-8be4-19717051a980,/srv/fim-watch/critico/gen_00025.txt,file_modified,alert_only,critical,2026-09-18 02:57:59.903242+00,2026-09-18 03:02:48.893284+00
540e0ddd-ec80-46d4-90fa-c4ef78faa3f2,/srv/fim-watch/critico/gen_00025.txt,file_modified,alert_only,critical,2026-09-18 02:58:00.003083+00,2026-09-18 03:02:48.909678+00
7e5609a6-2737-44c6-b583-fdeefe5bf5f9,/srv/fim-watch/critico/gen_00025.txt,file_modified,alert_only,critical,2026-09-18 02:58:00.103037+00,2026-09-18 03:02:48.923972+00
1ea3f17e-9388-45aa-a657-3f08ab3dae5b,/srv/fim-watch/critico/gen_00025.txt,file_modified,alert_only,critical,2026-09-18 02:58:00.203405+00,2026-09-18 03:02:48.939566+00
666154e3-2a96-40b4-b8d1-ed77919adc53,/srv/fim-watch/gen_00034.txt,file_modified,alert_only,high,2026-09-18 02:58:00.303006+00,2026-09-18 03:02:48.956806+00
3615f609-2482-4c53-9b06-23f6719bf610,/srv/fim-watch/gen_00034.txt,file_deleted,alert_only,high,2026-09-18 02:58:00.403203+00,2026-09-18 03:02:48.97204+00
1918d5ff-8d00-4d77-92cc-027104f73a6d,/srv/fim-watch/gen_00035.txt,file_modified,alert_only,high,2026-09-18 02:58:00.50318+00,2026-09-18 03:02:48.986523+00
b85d9aab-8f51-46fd-aa0f-bd562a2c18c1,/srv/fim-watch/gen_00024.txt,file_modified,alert_only,high,2026-09-18 02:58:00.602903+00,2026-09-18 03:02:49.002884+00
afa93389-5b88-4baf-9980-df06c9fd43c9,/srv/fim-watch/gen_00035.txt,file_modified,alert_only,high,2026-09-18 02:58:00.703471+00,2026-09-18 03:02:49.018676+00
f5d4b23a-11e9-4730-bdae-e0ac708fdc4c,/srv/fim-watch/gen_00031.txt,file_modified,alert_only,high,2026-09-18 02:58:00.803115+00,2026-09-18 03:02:49.03223+00
0fe93583-69bd-48a3-9dc4-e436d281e949,/srv/fim-watch/gen_00033.txt,file_modified,alert_only,high,2026-09-18 02:58:00.903261+00,2026-09-18 03:02:49.048586+00
7445695e-b41c-4149-bcad-a4903b7df73f,/srv/fim-watch/gen_00033.txt,file_modified,alert_only,high,2026-09-18 02:58:01.003209+00,2026-09-18 03:02:49.064155+00
346b73a2-b126-44fb-ac84-adb5426d0479,/srv/fim-watch/gen_00029.txt,file_modified,alert_only,high,2026-09-18 02:58:01.103174+00,2026-09-18 03:02:49.079769+00
eafa346d-b220-49da-93d4-e0f6e5a3c827,/srv/fim-watch/gen_00029.txt,file_modified,alert_only,high,2026-09-18 02:58:01.203416+00,2026-09-18 03:02:49.095183+00
87172f34-f785-4235-a0c5-25ecdf1634dd,/srv/fim-watch/gen_00029.txt,file_modified,alert_only,high,2026-09-18 02:58:01.303464+00,2026-09-18 03:02:49.112438+00
8b22f4df-081f-462a-b7da-2181800f8a66,/srv/fim-watch/gen_00029.txt,file_modified,alert_only,high,2026-09-18 02:58:01.403454+00,2026-09-18 03:02:49.128507+00
e82f7721-9fca-4e6b-8dfc-73a90429582c,/srv/fim-watch/gen_00029.txt,file_modified,alert_only,high,2026-09-18 02:58:01.503273+00,2026-09-18 03:02:49.142197+00
22d30848-1ca6-477e-ace0-0f40958c1d0b,/srv/fim-watch/gen_00022.txt,file_modified,alert_only,high,2026-09-18 02:58:01.602837+00,2026-09-18 03:02:49.157459+00
88ecaa3c-63dd-4072-984a-cf2c41ac6d0e,/srv/fim-watch/gen_00013.txt,file_modified,alert_only,high,2026-09-18 02:58:01.703154+00,2026-09-18 03:02:49.172639+00
64df782d-1c01-497b-8c7b-55d9dc6f10d1,/srv/fim-watch/gen_00024.txt,file_modified,alert_only,high,2026-09-18 02:58:01.80321+00,2026-09-18 03:02:49.188458+00
1781f7c7-2c75-44e3-b007-8eeb341827f1,/srv/fim-watch/gen_00006.txt,file_modified,alert_only,high,2026-09-18 02:58:01.903615+00,2026-09-18 03:02:49.204337+00
b8712202-7dcc-487c-a733-7e1dcf0ca114,/srv/fim-watch/gen_00036.txt,file_modified,alert_only,high,2026-09-18 02:58:02.003583+00,2026-09-18 03:02:49.221351+00
9141998d-d393-4e3d-90ae-2161a6d6ebe5,/srv/fim-watch/gen_00030.txt,file_deleted,alert_only,high,2026-09-18 02:58:02.103252+00,2026-09-18 03:02:49.238065+00
86af57ea-4c8d-4610-a6dc-8a2c5222094f,/srv/fim-watch/gen_00024.txt,file_modified,alert_only,high,2026-09-18 02:58:02.203472+00,2026-09-18 03:02:49.253705+00
9f6f73c9-0359-4dd8-b70e-47dea7e8056e,/srv/fim-watch/gen_00011.txt,file_modified,alert_only,high,2026-09-18 02:58:02.303463+00,2026-09-18 03:02:49.26935+00
81421077-d864-497d-b27a-4f22ad5d7643,/srv/fim-watch/gen_00028.txt,file_modified,alert_only,high,2026-09-18 02:58:02.403445+00,2026-09-18 03:02:49.285985+00
7960504d-c58b-4857-a40f-c00db189aa9b,/srv/fim-watch/gen_00028.txt,file_modified,alert_only,high,2026-09-18 02:58:02.503279+00,2026-09-18 03:02:49.303246+00
2576dc80-57e8-4b30-b0ee-517b945beebc,/srv/fim-watch/gen_00016.txt,file_modified,alert_only,high,2026-09-18 02:58:02.602827+00,2026-09-18 03:02:49.321856+00
84a6cb74-7a54-42f7-be96-1d22e314f2fc,/srv/fim-watch/gen_00016.txt,file_modified,alert_only,high,2026-09-18 02:58:02.702312+00,2026-09-18 03:02:49.340812+00
714fd05e-207a-4e91-a7cf-63ce8e99ebae,/srv/fim-watch/gen_00029.txt,file_modified,alert_only,high,2026-09-18 02:58:02.803208+00,2026-09-18 03:02:49.357751+00
1f24afe5-b271-4343-b5d6-334664b20009,/srv/fim-watch/critico/gen_00037.txt,file_modified,alert_only,critical,2026-09-18 02:58:02.903111+00,2026-09-18 03:02:49.374751+00
6276691b-a347-4005-bf79-7ed287cc2975,/srv/fim-watch/gen_00024.txt,file_modified,alert_only,high,2026-09-18 02:58:03.002462+00,2026-09-18 03:02:49.390415+00
e45af30b-dee0-4fb2-93f9-e6298d27717b,/srv/fim-watch/gen_00024.txt,file_modified,alert_only,high,2026-09-18 02:58:03.103302+00,2026-09-18 03:02:49.405455+00
9bb1c994-ce5c-48f8-964c-9436308d8618,/srv/fim-watch/gen_00024.txt,file_modified,alert_only,high,2026-09-18 02:58:03.203089+00,2026-09-18 03:02:49.424011+00
d8807e56-4c36-412f-b5f8-4c8132adbfb1,/srv/fim-watch/gen_00024.txt,file_modified,alert_only,high,2026-09-18 02:58:03.303179+00,2026-09-18 03:02:49.445194+00
77d92209-fc5c-4b22-9fd8-3d6faaffeb86,/srv/fim-watch/gen_00024.txt,file_modified,alert_only,high,2026-09-18 02:58:03.403282+00,2026-09-18 03:02:49.460729+00
0d4c94ff-624b-4fd3-b77e-11dd18fcc1ab,/srv/fim-watch/gen_00038.txt,file_modified,alert_only,high,2026-09-18 02:58:03.503145+00,2026-09-18 03:02:49.478112+00
b86a6901-7bd1-436c-9e96-703b290035ab,/srv/fim-watch/gen_00031.txt,file_modified,alert_only,high,2026-09-18 02:58:03.60308+00,2026-09-18 03:02:49.494424+00
c899baeb-fe7a-4cfc-8cb9-54f1993ff773,/srv/fim-watch/gen_00039.txt,file_modified,alert_only,high,2026-09-18 02:58:03.70345+00,2026-09-18 03:02:49.510499+00
8b3e6677-f3d1-4b9e-b827-2cf934d28ad1,/srv/fim-watch/gen_00040.txt,file_modified,alert_only,high,2026-09-18 02:58:03.803481+00,2026-09-18 03:02:49.536222+00
41f1ab01-e810-4de5-8705-63302fdd250e,/srv/fim-watch/gen_00041.txt,file_modified,alert_only,high,2026-09-18 02:58:03.903843+00,2026-09-18 03:02:49.542721+00
d9bb3579-9da3-46c0-8a44-6b3e6269c249,/srv/fim-watch/gen_00041.txt,file_deleted,alert_only,high,2026-09-18 02:58:04.003336+00,2026-09-18 03:02:49.558877+00
29df008a-94df-4d5c-a5ca-d221163c1f7c,/srv/fim-watch/gen_00036.txt,file_modified,alert_only,high,2026-09-18 02:58:04.103208+00,2026-09-18 03:02:49.573115+00
d8468a8d-3d36-46fd-a93c-4d6fbe60d8ca,/srv/fim-watch/gen_00042.txt,file_modified,alert_only,high,2026-09-18 02:58:04.203471+00,2026-09-18 03:02:49.587338+00
89f86b2d-fcab-4e94-959b-1b61b6660f5f,/srv/fim-watch/gen_00043.txt,file_modified,alert_only,high,2026-09-18 02:58:04.303827+00,2026-09-18 03:02:49.601881+00
476b51f0-ab93-4fd2-b433-cde7639ceeb2,/srv/fim-watch/critico/gen_00037.txt,file_modified,alert_only,critical,2026-09-18 02:58:04.403454+00,2026-09-18 03:02:49.617838+00
9eccd1f4-d0c6-4fa5-b0e7-0b13ae84e9f8,/srv/fim-watch/gen_00031.txt,file_modified,alert_only,high,2026-09-18 02:58:04.503303+00,2026-09-18 03:02:49.634521+00
4113750a-d989-4d8e-9201-008b223b0ccb,/srv/fim-watch/gen_00031.txt,file_modified,alert_only,high,2026-09-18 02:58:04.603431+00,2026-09-18 03:02:49.650994+00
be53ba99-ab7e-4ffd-9309-eadffd336785,/srv/fim-watch/gen_00031.txt,file_modified,alert_only,high,2026-09-18 02:58:04.703274+00,2026-09-18 03:02:49.668069+00
46ebed4a-5cbc-4672-997e-43ca2e9dca08,/srv/fim-watch/gen_00031.txt,file_modified,alert_only,high,2026-09-18 02:58:04.80393+00,2026-09-18 03:02:49.685589+00
4246ef0f-40f4-4c64-b75c-1a669979db17,/srv/fim-watch/gen_00031.txt,file_modified,alert_only,high,2026-09-18 02:58:04.90345+00,2026-09-18 03:02:49.702926+00
88b18fce-30f9-4033-be61-d874c7c322d2,/srv/fim-watch/gen_00028.txt,file_modified,alert_only,high,2026-09-18 02:58:05.003547+00,2026-09-18 03:02:49.718963+00
5512b1d8-a62a-4cd9-91d7-b64cc1585098,/srv/fim-watch/gen_00029.txt,file_modified,alert_only,high,2026-09-18 02:58:05.102908+00,2026-09-18 03:02:49.737587+00
66f1f72f-977c-4382-a988-2a2b2798e8cb,/srv/fim-watch/gen_00042.txt,file_modified,alert_only,high,2026-09-18 02:58:05.203195+00,2026-09-18 03:02:49.753883+00
142bdb8e-b3b5-4fce-b8a9-b4ce947d70ea,/srv/fim-watch/gen_00027.txt,file_modified,alert_only,high,2026-09-18 02:58:05.303559+00,2026-09-18 03:02:49.770322+00
1f5338de-44ad-4256-9f89-6b251df8f6e5,/srv/fim-watch/gen_00038.txt,file_deleted,alert_only,high,2026-09-18 02:58:05.403045+00,2026-09-18 03:02:49.787354+00
532fed92-13be-4e89-89b4-8912760bac5a,/srv/fim-watch/critico/gen_00023.txt,file_modified,alert_only,critical,2026-09-18 02:58:05.503968+00,2026-09-18 03:02:49.807311+00
64a17c2a-0c15-4d25-bdec-8eff087ed558,/srv/fim-watch/gen_00011.txt,file_modified,alert_only,high,2026-09-18 02:58:05.60345+00,2026-09-18 03:02:49.825708+00
d756b5c4-2be3-4e53-9c50-55b7551d3c7b,/srv/fim-watch/gen_00011.txt,file_modified,alert_only,high,2026-09-18 02:58:05.703679+00,2026-09-18 03:02:49.841319+00
d7003187-49ee-43e1-a2d3-061202f7deeb,/srv/fim-watch/gen_00011.txt,file_modified,alert_only,high,2026-09-18 02:58:05.803521+00,2026-09-18 03:02:49.860533+00
10648081-59f9-4b6d-b744-d1ff514653bf,/srv/fim-watch/gen_00011.txt,file_modified,alert_only,high,2026-09-18 02:58:05.903427+00,2026-09-18 03:02:49.875491+00
d18367eb-15a1-45f0-8d40-b050bda5bc5e,/srv/fim-watch/gen_00011.txt,file_modified,alert_only,high,2026-09-18 02:58:06.003756+00,2026-09-18 03:02:49.892262+00
9f4e6722-a97a-49c1-b0b2-d24518fcf6d2,/srv/fim-watch/gen_00022.txt,file_modified,alert_only,high,2026-09-18 02:58:06.102705+00,2026-09-18 03:02:49.905948+00
004dcac6-3226-40d9-af0e-ed65637cbabf,/srv/fim-watch/gen_00022.txt,file_modified,alert_only,high,2026-09-18 02:58:06.203142+00,2026-09-18 03:02:49.919989+00
8ddc5901-8531-4b30-bcae-7bf76b824f0f,/srv/fim-watch/critico/gen_00023.txt,file_modified,alert_only,critical,2026-09-18 02:58:06.303988+00,2026-09-18 03:02:49.933494+00
961a4cb3-5794-489b-b1db-b23924933df5,/srv/fim-watch/gen_00027.txt,file_deleted,alert_only,high,2026-09-18 02:58:06.403633+00,2026-09-18 03:02:49.948993+00
65b029a7-bada-44da-9f38-e7cd2214404e,/srv/fim-watch/gen_00031.txt,file_modified,alert_only,high,2026-09-18 02:58:06.503615+00,2026-09-18 03:02:49.965022+00
0f92ad44-4b43-46a6-96be-82dcf0293116,/srv/fim-watch/gen_00029.txt,file_modified,alert_only,high,2026-09-18 02:58:06.603056+00,2026-09-18 03:02:49.981706+00
fed5ed36-dcc9-461a-bdaf-537b9aea37d2,/srv/fim-watch/gen_00011.txt,file_modified,alert_only,high,2026-09-18 02:58:06.702447+00,2026-09-18 03:02:49.998688+00
44170bb1-9c31-4f03-81c7-9bdc91d7f60e,/srv/fim-watch/gen_00044.txt,file_modified,alert_only,high,2026-09-18 02:58:06.803555+00,2026-09-18 03:02:50.014975+00
6dfff72c-bc32-4416-ae38-87762dcaccc7,/srv/fim-watch/critico/gen_00037.txt,file_modified,alert_only,critical,2026-09-18 02:58:06.903292+00,2026-09-18 03:02:50.031691+00
01ed5b2f-9fb9-47b7-b8c1-01c1980d5638,/srv/fim-watch/gen_00016.txt,file_modified,alert_only,high,2026-09-18 02:58:07.003724+00,2026-09-18 03:02:50.048723+00
9358225d-18d7-4b04-8114-5e8e8284bde9,/srv/fim-watch/gen_00042.txt,file_modified,alert_only,high,2026-09-18 02:58:07.10299+00,2026-09-18 03:02:50.065385+00
4b432262-f1b2-4405-a0c8-bf401beeb53d,/srv/fim-watch/critico/gen_00023.txt,file_modified,alert_only,critical,2026-09-18 02:58:07.203278+00,2026-09-18 03:02:50.083393+00
ab192754-6563-4212-8e83-a751561b475d,/srv/fim-watch/gen_00011.txt,file_modified,alert_only,high,2026-09-18 02:58:07.302952+00,2026-09-18 03:02:50.101099+00
743470a2-b139-46f3-88ff-93ed585a8d91,/srv/fim-watch/gen_00013.txt,file_modified,alert_only,high,2026-09-18 02:58:07.403937+00,2026-09-18 03:02:50.120229+00
56515e0b-4710-44a8-9a00-a7ed79a660bb,/srv/fim-watch/gen_00013.txt,file_modified,alert_only,high,2026-09-18 02:58:07.502908+00,2026-09-18 03:02:50.138698+00
3c4a86d2-13c8-4c71-b214-41c99b42d37a,/srv/fim-watch/gen_00036.txt,file_modified,alert_only,high,2026-09-18 02:58:07.603433+00,2026-09-18 03:02:50.156577+00
7a38719d-2d21-4243-8733-b29ceb10add1,/srv/fim-watch/gen_00036.txt,file_modified,alert_only,high,2026-09-18 02:58:07.702495+00,2026-09-18 03:02:50.173884+00
0e9ec931-ee1d-41c8-a3e7-9015ca1690f6,/srv/fim-watch/gen_00024.txt,file_deleted,alert_only,high,2026-09-18 02:58:07.803343+00,2026-09-18 03:02:50.190835+00
7070ac82-e591-412d-bbc1-81ce2b94960e,/srv/fim-watch/gen_00045.txt,file_modified,alert_only,high,2026-09-18 02:58:07.90339+00,2026-09-18 03:02:50.20709+00
0d294de4-288b-4855-a5d4-112ed6cb7155,/srv/fim-watch/gen_00046.txt,file_modified,alert_only,high,2026-09-18 02:58:08.00323+00,2026-09-18 03:02:50.222905+00
648a67f6-4bd6-40c4-8421-a582cb83f806,/srv/fim-watch/gen_00022.txt,file_modified,alert_only,high,2026-09-18 02:58:08.103537+00,2026-09-18 03:02:50.238813+00
19623b25-b425-4905-89aa-8feeaa0b396f,/srv/fim-watch/gen_00013.txt,file_modified,alert_only,high,2026-09-18 02:58:08.203192+00,2026-09-18 03:02:50.25466+00
ba32571c-114d-4f0d-b5b0-383372dac510,/srv/fim-watch/gen_00035.txt,file_deleted,alert_only,high,2026-09-18 02:58:08.303492+00,2026-09-18 03:02:50.272139+00
7c9b5aba-60f8-4e94-be3d-c77cde626a29,/srv/fim-watch/gen_00033.txt,file_modified,alert_only,high,2026-09-18 02:58:08.403264+00,2026-09-18 03:02:50.290413+00
3edc4723-18cc-47d6-8cd1-e42dabd55bd0,/srv/fim-watch/gen_00036.txt,file_modified,alert_only,high,2026-09-18 02:58:08.503434+00,2026-09-18 03:02:50.307949+00
6f6c3b41-3342-4ef9-8dd0-f8764d77d4b2,/srv/fim-watch/critico/gen_00047.txt,file_modified,alert_only,critical,2026-09-18 02:58:08.603132+00,2026-09-18 03:02:50.325503+00
69828ea6-f815-4462-9ea5-a868a878c1dc,/srv/fim-watch/critico/gen_00047.txt,file_modified,alert_only,critical,2026-09-18 02:58:08.70333+00,2026-09-18 03:02:50.342755+00
ee60fcab-a277-4123-ba02-b8bc7018040b,/srv/fim-watch/gen_00039.txt,file_modified,alert_only,high,2026-09-18 02:58:08.803173+00,2026-09-18 03:02:50.365972+00
fe27370c-5911-4f20-8153-c007aabb3617,/srv/fim-watch/gen_00043.txt,file_modified,alert_only,high,2026-09-18 02:58:08.903585+00,2026-09-18 03:02:50.372197+00
237ff397-bcd3-43a5-b6dc-5d6f1bf0ce9c,/srv/fim-watch/gen_00029.txt,file_modified,alert_only,high,2026-09-18 02:58:09.003365+00,2026-09-18 03:02:50.386234+00
f59726c9-da15-4a22-8efe-2cabdbae2624,/srv/fim-watch/gen_00048.txt,file_modified,alert_only,high,2026-09-18 02:58:09.102826+00,2026-09-18 03:02:50.399827+00
88aeedf8-3cb6-40cc-b1f5-d7d6d72bfbb7,/srv/fim-watch/gen_00043.txt,file_modified,alert_only,high,2026-09-18 02:58:09.203177+00,2026-09-18 03:02:50.415186+00
2d3499f1-f419-4443-b2df-dfbf0d511c89,/srv/fim-watch/gen_00006.txt,file_modified,alert_only,high,2026-09-18 02:58:09.302446+00,2026-09-18 03:02:50.429889+00
faa9eaa8-71d6-4956-bcea-b2b8924a7d06,/srv/fim-watch/gen_00046.txt,file_modified,alert_only,high,2026-09-18 02:58:09.403637+00,2026-09-18 03:02:50.445181+00
b13ac8d0-a092-4fe7-a186-24fb506b1591,/srv/fim-watch/gen_00031.txt,file_modified,alert_only,high,2026-09-18 02:58:09.502844+00,2026-09-18 03:02:50.460232+00
28d6ce2c-1863-4be3-a89f-a2fd8b2a27bb,/srv/fim-watch/gen_00049.txt,file_modified,alert_only,high,2026-09-18 02:58:09.603066+00,2026-09-18 03:02:50.474656+00
289054fa-194c-4edb-9d93-b6ff0e0ad9bc,/srv/fim-watch/gen_00036.txt,file_modified,alert_only,high,2026-09-18 02:58:09.70351+00,2026-09-18 03:02:50.48929+00
bc7753d1-7745-4996-832f-0da95ca2af55,/srv/fim-watch/gen_00050.txt,file_modified,alert_only,high,2026-09-18 02:58:09.803498+00,2026-09-18 03:02:50.50325+00
5d124592-5484-4357-a10a-f458f51d33ba,/srv/fim-watch/critico/gen_00051.txt,file_modified,alert_only,critical,2026-09-18 02:58:09.903338+00,2026-09-18 03:02:50.517672+00
d87fd8d6-dd07-432c-b2a6-79b892c50a2d,/srv/fim-watch/gen_00044.txt,file_modified,alert_only,high,2026-09-18 02:58:10.002531+00,2026-09-18 03:02:50.532247+00
c88ead4d-80f3-43d7-8bc8-dd22a87ce468,/srv/fim-watch/gen_00044.txt,file_modified,alert_only,high,2026-09-18 02:58:10.102515+00,2026-09-18 03:02:50.546486+00
773ba558-fd2b-4438-8173-5a8f45f8b7f7,/srv/fim-watch/gen_00020.txt,file_modified,alert_only,high,2026-09-18 02:58:10.202521+00,2026-09-18 03:02:50.560572+00
3e1739d1-0264-4c81-957d-ec30cf2b7dc4,/srv/fim-watch/gen_00045.txt,file_modified,alert_only,high,2026-09-18 02:58:10.302872+00,2026-09-18 03:02:50.573646+00
ad68b6f1-2a57-4d9f-9546-baf3a207ec10,/srv/fim-watch/gen_00042.txt,file_modified,alert_only,high,2026-09-18 02:58:10.402983+00,2026-09-18 03:02:50.586527+00
7914e45f-14e4-48ee-afa9-94c978db9dcb,/srv/fim-watch/gen_00042.txt,file_modified,alert_only,high,2026-09-18 02:58:10.503819+00,2026-09-18 03:02:50.599942+00
5c558411-69f7-4bf5-b2fc-c519db523218,/srv/fim-watch/critico/gen_00025.txt,file_modified,alert_only,critical,2026-09-18 02:58:10.603592+00,2026-09-18 03:02:50.612957+00
cdf10e22-2e1f-4716-b32b-01c06aef097e,/srv/fim-watch/gen_00043.txt,file_modified,alert_only,high,2026-09-18 02:58:10.703265+00,2026-09-18 03:02:50.626332+00
bc7f7fd3-b93e-4fe6-8486-471014276fe0,/srv/fim-watch/gen_00011.txt,file_modified,alert_only,high,2026-09-18 02:58:10.803882+00,2026-09-18 03:02:50.639386+00
78f52312-3cd4-4e08-89dc-243ae50282a7,/srv/fim-watch/gen_00052.txt,file_modified,alert_only,high,2026-09-18 02:58:10.90327+00,2026-09-18 03:02:50.652656+00
f1e0476a-2987-41cb-b43e-7dbf4b5908f8,/srv/fim-watch/critico/gen_00053.txt,file_modified,alert_only,critical,2026-09-18 02:58:11.00333+00,2026-09-18 03:02:50.666152+00
cb574e86-72d8-463c-aafe-419e828f4448,/srv/fim-watch/critico/gen_00047.txt,file_modified,alert_only,critical,2026-09-18 02:58:11.103483+00,2026-09-18 03:02:50.67943+00
dc4448aa-8b99-47a2-8ba6-f442dc6736fd,/srv/fim-watch/gen_00022.txt,file_modified,alert_only,high,2026-09-18 02:58:11.203034+00,2026-09-18 03:02:50.692814+00
4a8d6086-96bb-4f80-bf4d-2b3a30b20db7,/srv/fim-watch/gen_00054.txt,file_modified,alert_only,high,2026-09-18 02:58:11.303382+00,2026-09-18 03:02:50.706289+00
3fd5a0a9-dd40-42f0-aedd-d6f1fc4cb611,/srv/fim-watch/gen_00055.txt,file_modified,alert_only,high,2026-09-18 02:58:11.403084+00,2026-09-18 03:02:50.71968+00
5ec0230d-dc91-44ba-af36-fdd6da093266,/srv/fim-watch/gen_00042.txt,file_modified,alert_only,high,2026-09-18 02:58:11.504078+00,2026-09-18 03:02:50.733268+00
ed4a7694-df74-4f9c-9393-40a7ce486d7c,/srv/fim-watch/critico/gen_00051.txt,file_modified,alert_only,critical,2026-09-18 02:58:11.603621+00,2026-09-18 03:02:50.746407+00
477eba69-56d1-4f41-821d-fc9c7c5a54fd,/srv/fim-watch/critico/gen_00051.txt,file_modified,alert_only,critical,2026-09-18 02:58:11.703462+00,2026-09-18 03:02:50.760087+00
71bce675-26db-495b-9e7a-f2ea3e134adc,/srv/fim-watch/critico/gen_00051.txt,file_modified,alert_only,critical,2026-09-18 02:58:11.802658+00,2026-09-18 03:02:50.773246+00
d340f6b2-ac17-403e-8c02-4ceb13cb13d0,/srv/fim-watch/critico/gen_00051.txt,file_modified,alert_only,critical,2026-09-18 02:58:11.903515+00,2026-09-18 03:02:50.786553+00
17fb37a4-e24e-4f84-9633-e1f498fa9e4c,/srv/fim-watch/critico/gen_00051.txt,file_modified,alert_only,critical,2026-09-18 02:58:12.003182+00,2026-09-18 03:02:50.799849+00
3c59b583-3382-48a5-a206-25046abb242b,/srv/fim-watch/gen_00056.txt,file_modified,alert_only,high,2026-09-18 02:58:12.104311+00,2026-09-18 03:02:50.813225+00
a722833e-7c5a-4b7a-b849-1026a72100c4,/srv/fim-watch/gen_00057.txt,file_modified,alert_only,high,2026-09-18 02:58:12.203314+00,2026-09-18 03:02:50.826725+00
3f30713c-9f89-40d1-a504-2e7384007893,/srv/fim-watch/gen_00058.txt,file_modified,alert_only,high,2026-09-18 02:58:12.303563+00,2026-09-18 03:02:50.839688+00
178d2609-8593-4ea3-9f54-4f6c181b15e3,/srv/fim-watch/critico/gen_00047.txt,file_modified,alert_only,critical,2026-09-18 02:58:12.403648+00,2026-09-18 03:02:50.852209+00
5427bd7d-4f9f-495a-9924-90907c3ba84c,/srv/fim-watch/critico/gen_00047.txt,file_modified,alert_only,critical,2026-09-18 02:58:12.503574+00,2026-09-18 03:02:50.865298+00
b620834a-a29c-4445-9048-637d68a94211,/srv/fim-watch/gen_00054.txt,file_modified,alert_only,high,2026-09-18 02:58:12.604104+00,2026-09-18 03:02:50.878566+00
f8dd78df-001f-4789-af53-8db845b455b9,/srv/fim-watch/gen_00054.txt,file_modified,alert_only,high,2026-09-18 02:58:12.702719+00,2026-09-18 03:02:50.891721+00
91e3176a-8d83-4650-8042-c385c0a173ab,/srv/fim-watch/gen_00054.txt,file_modified,alert_only,high,2026-09-18 02:58:12.802393+00,2026-09-18 03:02:50.904793+00
e98944a8-e69b-489a-9e67-a14282ac6e38,/srv/fim-watch/critico/gen_00053.txt,file_modified,alert_only,critical,2026-09-18 02:58:12.903174+00,2026-09-18 03:02:50.920266+00
f2a26f7e-b950-44b8-91eb-557241af8a56,/srv/fim-watch/critico/gen_00053.txt,file_modified,alert_only,critical,2026-09-18 02:58:13.003568+00,2026-09-18 03:02:50.935972+00
31f1827b-6ee9-4733-ba9e-39f709c99d42,/srv/fim-watch/critico/gen_00053.txt,file_modified,alert_only,critical,2026-09-18 02:58:13.103643+00,2026-09-18 03:02:50.952712+00
e27bcb67-7d8f-4b6b-bb87-9a77e7080e38,/srv/fim-watch/critico/gen_00053.txt,file_modified,alert_only,critical,2026-09-18 02:58:13.203179+00,2026-09-18 03:02:50.970071+00
66902c29-03c3-43a1-93e2-f0db1b39bc65,/srv/fim-watch/critico/gen_00053.txt,file_modified,alert_only,critical,2026-09-18 02:58:13.303114+00,2026-09-18 03:02:50.987074+00
2d3ab24f-25e2-43b3-ab57-53af22b3a73a,/srv/fim-watch/critico/gen_00025.txt,file_modified,alert_only,critical,2026-09-18 02:58:13.403614+00,2026-09-18 03:02:51.005971+00
1ff30b00-64d4-4e64-9512-e7d0fcf27439,/srv/fim-watch/gen_00011.txt,file_modified,alert_only,high,2026-09-18 02:58:13.503163+00,2026-09-18 03:02:51.022641+00
170cebcb-9d42-4952-805a-5b42777fdefb,/srv/fim-watch/gen_00011.txt,file_modified,alert_only,high,2026-09-18 02:58:13.602989+00,2026-09-18 03:02:51.03951+00
3888bbf2-1048-407b-b658-69189ac97ef6,/srv/fim-watch/gen_00044.txt,file_modified,alert_only,high,2026-09-18 02:58:13.702957+00,2026-09-18 03:02:51.057632+00
e4aa0a1f-051f-4e60-8e97-821ae4ceeceb,/srv/fim-watch/gen_00054.txt,file_modified,alert_only,high,2026-09-18 02:58:13.803308+00,2026-09-18 03:02:51.08627+00
a87764ef-2837-4a33-80d9-9494cba2b27a,/srv/fim-watch/gen_00036.txt,file_modified,alert_only,high,2026-09-18 02:58:13.903248+00,2026-09-18 03:02:51.094069+00
0bfade11-b9bf-4b59-bfd5-46f2a6828ced,/srv/fim-watch/gen_00052.txt,file_deleted,alert_only,high,2026-09-18 02:58:14.003343+00,2026-09-18 03:02:51.111712+00
4f13641f-c7c7-4c5e-af80-bf50635eae9e,/srv/fim-watch/gen_00022.txt,file_modified,alert_only,high,2026-09-18 02:58:14.103656+00,2026-09-18 03:02:51.13009+00
4a9c1463-989b-4ec4-89c8-ceda4356c58c,/srv/fim-watch/gen_00044.txt,file_modified,alert_only,high,2026-09-18 02:58:14.203166+00,2026-09-18 03:02:51.148025+00
5d93e63d-13ef-4627-98a4-7c1d2ba29337,/srv/fim-watch/gen_00054.txt,file_modified,alert_only,high,2026-09-18 02:58:14.303508+00,2026-09-18 03:02:51.165232+00
5ae07c0e-6f7b-4ac2-b8de-d73d84d1953b,/srv/fim-watch/gen_00040.txt,file_modified,alert_only,high,2026-09-18 02:58:14.403345+00,2026-09-18 03:02:51.181839+00
c466cefa-1cbc-4ccf-817d-12ee119730f6,/srv/fim-watch/gen_00046.txt,file_deleted,alert_only,high,2026-09-18 02:58:14.503025+00,2026-09-18 03:02:51.198877+00
8d2405e6-3073-4054-9e50-ae9a96af57fd,/srv/fim-watch/gen_00039.txt,file_deleted,alert_only,high,2026-09-18 02:58:14.602715+00,2026-09-18 03:02:51.215824+00
08a35fe5-d53e-4e69-b41e-d935d6ede70c,/srv/fim-watch/gen_00036.txt,file_modified,alert_only,high,2026-09-18 02:58:14.703188+00,2026-09-18 03:02:51.231566+00
22400a02-83a8-43c6-96f0-7a3804034fb5,/srv/fim-watch/gen_00036.txt,file_modified,alert_only,high,2026-09-18 02:58:14.803007+00,2026-09-18 03:02:51.246922+00
ef53816a-fab9-488f-a867-ffc925891e99,/srv/fim-watch/gen_00050.txt,file_modified,alert_only,high,2026-09-18 02:58:14.903489+00,2026-09-18 03:02:51.264841+00
00af15fd-db8a-4de9-901b-674131ac96df,/srv/fim-watch/gen_00059.txt,file_modified,alert_only,high,2026-09-18 02:58:15.003289+00,2026-09-18 03:02:51.282123+00
2061597c-4a79-43d7-9d4b-79b41887385f,/srv/fim-watch/gen_00054.txt,file_modified,alert_only,high,2026-09-18 02:58:15.103544+00,2026-09-18 03:02:51.298545+00
94667c28-62fe-4363-8639-e29a9465d69f,/srv/fim-watch/gen_00043.txt,file_modified,alert_only,high,2026-09-18 02:58:15.203058+00,2026-09-18 03:02:51.316437+00
7ad5f4cd-f033-4661-b3e8-8bbff23e3c42,/srv/fim-watch/gen_00060.txt,file_modified,alert_only,high,2026-09-18 02:58:15.303038+00,2026-09-18 03:02:51.331812+00
bf6ff16d-ec74-46d5-a39d-b7c9b151aabd,/srv/fim-watch/gen_00050.txt,file_modified,alert_only,high,2026-09-18 02:58:15.403111+00,2026-09-18 03:02:51.346018+00
685d3e19-ccb0-457d-ab7a-68b9f3dd8c5a,/srv/fim-watch/gen_00058.txt,file_modified,alert_only,high,2026-09-18 02:58:15.503108+00,2026-09-18 03:02:51.360515+00
afe741ff-799d-4634-b094-8f296714079c,/srv/fim-watch/gen_00019.txt,file_modified,alert_only,high,2026-09-18 02:58:15.603205+00,2026-09-18 03:02:51.375511+00
3cbbd965-3a81-44cd-8dd1-7fcc9905a80c,/srv/fim-watch/gen_00019.txt,file_modified,alert_only,high,2026-09-18 02:58:15.703331+00,2026-09-18 03:02:51.390711+00
5a231480-710e-4c4b-add9-b703c72d39cd,/srv/fim-watch/gen_00058.txt,file_modified,alert_only,high,2026-09-18 02:58:15.803412+00,2026-09-18 03:02:51.405621+00
dbcdcfb3-37e1-4a53-9008-8a1ebc7a827c,/srv/fim-watch/gen_00042.txt,file_modified,alert_only,high,2026-09-18 02:58:15.903537+00,2026-09-18 03:02:51.421129+00
d586e7cc-c6b8-40af-a5a7-ee95b994bffd,/srv/fim-watch/gen_00042.txt,file_modified,alert_only,high,2026-09-18 02:58:16.003588+00,2026-09-18 03:02:51.435303+00
e75b7e17-a2d4-41c4-a119-32355d1acf6e,/srv/fim-watch/gen_00042.txt,file_modified,alert_only,high,2026-09-18 02:58:16.103334+00,2026-09-18 03:02:51.449627+00
0c5946b0-dcef-4e3a-b85d-38aa79bd023e,/srv/fim-watch/gen_00042.txt,file_modified,alert_only,high,2026-09-18 02:58:16.203087+00,2026-09-18 03:02:51.463703+00
0c26ac89-6f5d-4c36-a0f0-0ee77b66af09,/srv/fim-watch/gen_00042.txt,file_modified,alert_only,high,2026-09-18 02:58:16.303124+00,2026-09-18 03:02:51.477812+00
11f5e011-3667-43bc-8615-d4f09a6ba9fa,/srv/fim-watch/critico/gen_00061.txt,file_modified,alert_only,critical,2026-09-18 02:58:16.403096+00,2026-09-18 03:02:51.492317+00
90137894-53b5-4045-95e7-672b050366ed,/srv/fim-watch/gen_00062.txt,file_modified,alert_only,high,2026-09-18 02:58:16.503164+00,2026-09-18 03:02:51.506592+00
60c9445c-bc61-4f3d-b4d0-865d1725578a,/srv/fim-watch/critico/gen_00051.txt,file_deleted,alert_only,critical,2026-09-18 02:58:16.603074+00,2026-09-18 03:02:51.521722+00
f5fba68d-1589-41c5-bd3e-04aaf9e4fd3e,/srv/fim-watch/gen_00020.txt,file_modified,alert_only,high,2026-09-18 02:58:16.702821+00,2026-09-18 03:02:51.537512+00
9eba87f7-1aba-4a9e-98e7-a7db5419bed2,/srv/fim-watch/critico/gen_00047.txt,file_modified,alert_only,critical,2026-09-18 02:58:16.802618+00,2026-09-18 03:02:51.553394+00
e0d5b686-b631-405a-b278-0633246a8988,/srv/fim-watch/gen_00063.txt,file_modified,alert_only,high,2026-09-18 02:58:16.902446+00,2026-09-18 03:02:51.569043+00
b01a11bd-38df-4eac-b6b8-89e358d84cdd,/srv/fim-watch/gen_00059.txt,file_modified,alert_only,high,2026-09-18 02:58:17.003314+00,2026-09-18 03:02:51.584244+00
41d7bf45-79fb-48b9-a77e-4bb945ec874a,/srv/fim-watch/gen_00064.txt,file_modified,alert_only,high,2026-09-18 02:58:17.103427+00,2026-09-18 03:02:51.600389+00
d55a03cd-40f0-4486-8868-5147ce4bf2cf,/srv/fim-watch/gen_00065.txt,file_modified,alert_only,high,2026-09-18 02:58:17.203187+00,2026-09-18 03:02:51.615595+00
f72418fa-3f35-4db2-af43-9d56db2efacf,/srv/fim-watch/gen_00066.txt,file_modified,alert_only,high,2026-09-18 02:58:17.303259+00,2026-09-18 03:02:51.629836+00
6d4103b4-5ef8-48c9-9efc-552401b1af8f,/srv/fim-watch/gen_00067.txt,file_modified,alert_only,high,2026-09-18 02:58:17.404014+00,2026-09-18 03:02:51.645103+00
2d81bb74-30d0-4165-a957-8bb4601bf352,/srv/fim-watch/gen_00068.txt,file_modified,alert_only,high,2026-09-18 02:58:17.503294+00,2026-09-18 03:02:51.661221+00
1fc1be7c-f092-4165-a79e-1711988f797b,/srv/fim-watch/critico/gen_00061.txt,file_modified,alert_only,critical,2026-09-18 02:58:17.603232+00,2026-09-18 03:02:51.677564+00
a994fc39-e407-4e31-9244-fd452315f388,/srv/fim-watch/gen_00031.txt,file_modified,alert_only,high,2026-09-18 02:58:17.703193+00,2026-09-18 03:02:51.692518+00
45253557-d565-4c5f-b296-f1f5a771857b,/srv/fim-watch/gen_00031.txt,file_modified,alert_only,high,2026-09-18 02:58:17.802328+00,2026-09-18 03:02:51.707262+00
5801f368-ef1a-43f1-bf84-a1bd7daea830,/srv/fim-watch/critico/gen_00069.txt,file_modified,alert_only,critical,2026-09-18 02:58:17.903242+00,2026-09-18 03:02:51.722157+00
27c21f30-79ae-4df6-a25c-801018dc9d05,/srv/fim-watch/gen_00044.txt,file_modified,alert_only,high,2026-09-18 02:58:18.002929+00,2026-09-18 03:02:51.737426+00
1873b791-572b-4517-9bab-7b02ff10dcd2,/srv/fim-watch/gen_00044.txt,file_modified,alert_only,high,2026-09-18 02:58:18.103229+00,2026-09-18 03:02:51.75256+00
b616c512-ff30-4c2e-87a2-ddf53d3eebd3,/srv/fim-watch/gen_00063.txt,file_modified,alert_only,high,2026-09-18 02:58:18.203227+00,2026-09-18 03:02:51.767464+00
000a94fd-281b-4394-9ab6-94147f4dbd47,/srv/fim-watch/gen_00062.txt,file_modified,alert_only,high,2026-09-18 02:58:18.303134+00,2026-09-18 03:02:51.788181+00
1bcd31e5-0da6-461b-b298-59223e7ca193,/srv/fim-watch/gen_00070.txt,file_modified,alert_only,high,2026-09-18 02:58:18.403388+00,2026-09-18 03:02:51.805363+00
e3a5888d-82ab-4d7b-afd3-39f12a196add,/srv/fim-watch/gen_00071.txt,file_modified,alert_only,high,2026-09-18 02:58:18.503375+00,2026-09-18 03:02:51.822405+00
15119042-6284-4c64-9f98-f5df9eee907f,/srv/fim-watch/gen_00031.txt,file_deleted,alert_only,high,2026-09-18 02:58:18.603097+00,2026-09-18 03:02:51.839548+00
ef900c09-c84d-4489-b803-91b979517f21,/srv/fim-watch/gen_00058.txt,file_modified,alert_only,high,2026-09-18 02:58:18.703896+00,2026-09-18 03:02:51.85638+00
1c1911f9-f5d9-4313-b5e8-156fd255f30c,/srv/fim-watch/critico/gen_00047.txt,file_modified,alert_only,critical,2026-09-18 02:58:18.803995+00,2026-09-18 03:02:51.882304+00
872bb6f4-defc-4940-90b6-399bf8262a7a,/srv/fim-watch/critico/gen_00025.txt,file_modified,alert_only,critical,2026-09-18 02:58:18.904201+00,2026-09-18 03:02:51.889766+00
3e20843a-71ae-42dc-8e0c-b93ad76ed956,/srv/fim-watch/gen_00045.txt,file_modified,alert_only,high,2026-09-18 02:58:19.003435+00,2026-09-18 03:02:51.906356+00
ba35f95f-fe47-466b-9885-c008fa07378d,/srv/fim-watch/gen_00072.txt,file_modified,alert_only,high,2026-09-18 02:58:19.103514+00,2026-09-18 03:02:51.922977+00
c1b9c606-b560-4cb9-b51c-3ea78033daad,/srv/fim-watch/gen_00056.txt,file_deleted,alert_only,high,2026-09-18 02:58:19.203562+00,2026-09-18 03:02:51.939353+00
6439d059-457c-4d77-8867-ee7bc9a7dcf9,/srv/fim-watch/gen_00040.txt,file_modified,alert_only,high,2026-09-18 02:58:19.303437+00,2026-09-18 03:02:51.955931+00
cd74d36e-00cc-4ba1-b2da-fc06fef7f0f1,/srv/fim-watch/gen_00055.txt,file_modified,alert_only,high,2026-09-18 02:58:19.404108+00,2026-09-18 03:02:51.970604+00
8d19b3e5-5e32-4fc8-b476-d4bb885b75ea,/srv/fim-watch/gen_00068.txt,file_modified,alert_only,high,2026-09-18 02:58:19.503447+00,2026-09-18 03:02:51.986258+00
0104319a-06d6-46c3-9026-bec3246c4c93,/srv/fim-watch/gen_00068.txt,file_modified,alert_only,high,2026-09-18 02:58:19.60325+00,2026-09-18 03:02:52.002913+00
9639350b-e785-4e2f-bbb5-0302b7dce1b8,/srv/fim-watch/gen_00068.txt,file_modified,alert_only,high,2026-09-18 02:58:19.702496+00,2026-09-18 03:02:52.019297+00
3ad800de-74c6-46ed-9267-f7841f9f4a1d,/srv/fim-watch/gen_00068.txt,file_modified,alert_only,high,2026-09-18 02:58:19.80397+00,2026-09-18 03:02:52.034828+00
f7d7d5dc-b4b8-4146-b64b-497b21d3bc1e,/srv/fim-watch/gen_00068.txt,file_modified,alert_only,high,2026-09-18 02:58:19.904041+00,2026-09-18 03:02:52.050571+00
5a017e8e-682a-42e8-b56a-5d7848ffb956,/srv/fim-watch/gen_00059.txt,file_modified,alert_only,high,2026-09-18 02:58:20.00345+00,2026-09-18 03:02:52.066607+00
d2eb1882-0b70-4944-a461-be140b848f01,/srv/fim-watch/gen_00048.txt,file_modified,alert_only,high,2026-09-18 02:58:20.10342+00,2026-09-18 03:02:52.08224+00
4f041839-7557-42eb-991a-edef6889a959,/srv/fim-watch/gen_00073.txt,file_modified,alert_only,high,2026-09-18 02:58:20.203353+00,2026-09-18 03:02:52.097986+00
ea4ea5a8-4623-4fcd-9041-6736ef5db4b5,/srv/fim-watch/gen_00042.txt,file_modified,alert_only,high,2026-09-18 02:58:20.302965+00,2026-09-18 03:02:52.114424+00
795d86b7-68ef-4e0a-b325-05d4b346944b,/srv/fim-watch/gen_00042.txt,file_modified,alert_only,high,2026-09-18 02:58:20.403621+00,2026-09-18 03:02:52.129912+00
df9fc01a-7d32-4979-a9ac-37a56b5c27ef,/srv/fim-watch/gen_00042.txt,file_modified,alert_only,high,2026-09-18 02:58:20.503554+00,2026-09-18 03:02:52.146211+00
6883616a-a079-4807-82e8-152c78c543bd,/srv/fim-watch/gen_00042.txt,file_modified,alert_only,high,2026-09-18 02:58:20.603239+00,2026-09-18 03:02:52.161818+00
002ecb2a-9b27-412d-8a6f-e8a5f9ffa405,/srv/fim-watch/gen_00042.txt,file_modified,alert_only,high,2026-09-18 02:58:20.703492+00,2026-09-18 03:02:52.177222+00
90c5f946-0200-4452-a858-1c29f4739c91,/srv/fim-watch/gen_00064.txt,file_modified,alert_only,high,2026-09-18 02:58:20.803383+00,2026-09-18 03:02:52.192862+00
2acb502d-e631-49f1-8e4f-afa3cc9d63a9,/srv/fim-watch/gen_00064.txt,file_modified,alert_only,high,2026-09-18 02:58:20.903414+00,2026-09-18 03:02:52.20877+00
f9632867-b026-493b-8306-5bc98be3e112,/srv/fim-watch/gen_00070.txt,file_modified,alert_only,high,2026-09-18 02:58:21.003246+00,2026-09-18 03:02:52.224268+00
a56cfaa4-9304-4b16-91ac-2ab2470989da,/srv/fim-watch/gen_00022.txt,file_deleted,alert_only,high,2026-09-18 02:58:21.103097+00,2026-09-18 03:02:52.240021+00
626dfb88-4cde-4951-8130-98260505d9d4,/srv/fim-watch/gen_00028.txt,file_modified,alert_only,high,2026-09-18 02:58:21.203725+00,2026-09-18 03:02:52.255436+00
eafffc5a-e879-4b8c-9a1d-3dabbc5733c3,/srv/fim-watch/gen_00036.txt,file_modified,alert_only,high,2026-09-18 02:58:21.303419+00,2026-09-18 03:02:52.271258+00
b892e937-4216-41e6-b483-99f3d187ab84,/srv/fim-watch/critico/gen_00037.txt,file_modified,alert_only,critical,2026-09-18 02:58:21.403832+00,2026-09-18 03:02:52.286792+00
aa2772f2-1752-49b7-a9d1-d4d34a570252,/srv/fim-watch/gen_00011.txt,file_deleted,alert_only,high,2026-09-18 02:58:21.503344+00,2026-09-18 03:02:52.302633+00
1080bc19-8ee4-4256-8f89-53628b395d33,/srv/fim-watch/gen_00074.txt,file_modified,alert_only,high,2026-09-18 02:58:21.603629+00,2026-09-18 03:02:52.318947+00
59f4982d-c668-4d8e-bc32-8e908b85033e,/srv/fim-watch/gen_00040.txt,file_modified,alert_only,high,2026-09-18 02:58:21.703291+00,2026-09-18 03:02:52.333523+00
e6211c3f-874c-4d4c-b7a0-8e898d8fdc04,/srv/fim-watch/gen_00043.txt,file_modified,alert_only,high,2026-09-18 02:58:21.803227+00,2026-09-18 03:02:52.346952+00
adbf25a2-3365-4341-b0cc-af291d948c78,/srv/fim-watch/critico/gen_00075.txt,file_modified,alert_only,critical,2026-09-18 02:58:21.90243+00,2026-09-18 03:02:52.361017+00
21590c2d-7433-4226-812f-5a41012d0b63,/srv/fim-watch/critico/gen_00075.txt,file_deleted,alert_only,critical,2026-09-18 02:58:22.003023+00,2026-09-18 03:02:52.375206+00
b3049139-1873-4292-b333-06cbc108b3c4,/srv/fim-watch/gen_00076.txt,file_modified,alert_only,high,2026-09-18 02:58:22.103189+00,2026-09-18 03:02:52.389889+00
e49b412b-4181-4077-a407-4ec73f06229b,/srv/fim-watch/gen_00077.txt,file_modified,alert_only,high,2026-09-18 02:58:22.203302+00,2026-09-18 03:02:52.408836+00
32643722-2143-4be4-8bcd-0e6c41d92d86,/srv/fim-watch/gen_00078.txt,file_modified,alert_only,high,2026-09-18 02:58:22.303206+00,2026-09-18 03:02:52.423908+00
14e369c9-21ad-4f0b-8de7-59b6a81f66d3,/srv/fim-watch/gen_00044.txt,file_modified,alert_only,high,2026-09-18 02:58:22.403544+00,2026-09-18 03:02:52.438043+00
dd773c64-3867-436b-b1cb-0972cc9d04bb,/srv/fim-watch/gen_00079.txt,file_modified,alert_only,high,2026-09-18 02:58:22.503167+00,2026-09-18 03:02:52.452083+00
675fffd5-b949-40f4-a0d4-7f520b8a7d86,/srv/fim-watch/gen_00029.txt,file_modified,alert_only,high,2026-09-18 02:58:22.603456+00,2026-09-18 03:02:52.467558+00
4671651b-e19d-4058-aa37-a353d4ff16e3,/srv/fim-watch/gen_00063.txt,file_modified,alert_only,high,2026-09-18 02:58:22.802559+00,2026-09-18 03:02:52.482441+00
864900ab-fe09-4cc6-986e-29b497f24ac5,/srv/fim-watch/gen_00033.txt,file_modified,alert_only,high,2026-09-18 02:58:22.903358+00,2026-09-18 03:02:52.497959+00
c7ca80f2-957e-4530-befe-38197957ed89,/srv/fim-watch/gen_00062.txt,file_modified,alert_only,high,2026-09-18 02:58:23.003383+00,2026-09-18 03:02:52.51241+00
d7acf979-4e02-4d01-93f3-26c105988820,/srv/fim-watch/gen_00033.txt,file_modified,alert_only,high,2026-09-18 02:58:23.10316+00,2026-09-18 03:02:52.526697+00
c5f50c70-10a1-45fb-b613-95f58a406b52,/srv/fim-watch/gen_00066.txt,file_modified,alert_only,high,2026-09-18 02:58:23.203067+00,2026-09-18 03:02:52.541739+00
3e938373-3133-42e4-bcb5-077db58c7298,/srv/fim-watch/gen_00066.txt,file_modified,alert_only,high,2026-09-18 02:58:23.303338+00,2026-09-18 03:02:52.559783+00
a6e2ecc0-f6ce-4440-b0e4-c9640d0f74c8,/srv/fim-watch/gen_00066.txt,file_modified,alert_only,high,2026-09-18 02:58:23.403184+00,2026-09-18 03:02:52.573564+00
4bfa204d-acc7-418f-ab3b-0f6db0db0779,/srv/fim-watch/gen_00066.txt,file_modified,alert_only,high,2026-09-18 02:58:23.503583+00,2026-09-18 03:02:52.591259+00
6dc418d8-2c5b-4c8b-861b-e94914462c9b,/srv/fim-watch/gen_00066.txt,file_modified,alert_only,high,2026-09-18 02:58:23.603149+00,2026-09-18 03:02:52.607799+00
ab9ac398-4ce9-433a-ab47-4103699e4684,/srv/fim-watch/gen_00080.txt,file_modified,alert_only,high,2026-09-18 02:58:23.703083+00,2026-09-18 03:02:52.62395+00
1b1a285d-1e29-4041-a77f-5ce291305545,/srv/fim-watch/gen_00059.txt,file_modified,alert_only,high,2026-09-18 02:58:23.8032+00,2026-09-18 03:02:52.644179+00
7f0df7cd-ca54-4b18-b0b9-e4b0072c6222,/srv/fim-watch/gen_00073.txt,file_modified,alert_only,high,2026-09-18 02:58:23.903592+00,2026-09-18 03:02:52.680268+00
9bceb023-ed33-4dfc-a5c8-6e29359f6eb9,/srv/fim-watch/gen_00063.txt,file_deleted,alert_only,high,2026-09-18 02:58:24.003245+00,2026-09-18 03:02:52.688652+00
32597881-40ad-467a-8d69-6baf5e4c5c42,/srv/fim-watch/gen_00048.txt,file_modified,alert_only,high,2026-09-18 02:58:24.103805+00,2026-09-18 03:02:52.710389+00
93d3e278-a0f3-4320-a254-a24157af8a9e,/srv/fim-watch/gen_00048.txt,file_modified,alert_only,high,2026-09-18 02:58:24.203716+00,2026-09-18 03:02:52.730917+00
93b909dc-fdf1-4851-bcdc-d56085458896,/srv/fim-watch/gen_00058.txt,file_modified,alert_only,high,2026-09-18 02:58:24.303878+00,2026-09-18 03:02:52.751725+00
ae885e30-72b2-480b-8cf5-04818e6aa1ef,/srv/fim-watch/gen_00059.txt,file_modified,alert_only,high,2026-09-18 02:58:24.403616+00,2026-09-18 03:02:52.771786+00
f3f42a8a-a4f3-4e16-b3a7-7258d7c8480e,/srv/fim-watch/critico/gen_00081.txt,file_modified,alert_only,critical,2026-09-18 02:58:24.503614+00,2026-09-18 03:02:52.793341+00
0459b0b7-19d5-4b78-9ce3-42aea398dd87,/srv/fim-watch/gen_00082.txt,file_modified,alert_only,high,2026-09-18 02:58:24.602928+00,2026-09-18 03:02:52.81548+00
9f6cd338-239b-4218-b30f-aa7918be2c3f,/srv/fim-watch/gen_00045.txt,file_modified,alert_only,high,2026-09-18 02:58:24.702497+00,2026-09-18 03:02:52.836885+00
8831d469-f587-4241-ba07-b8dbb34eb44d,/srv/fim-watch/gen_00028.txt,file_modified,alert_only,high,2026-09-18 02:58:24.803637+00,2026-09-18 03:02:52.856944+00
cccf90c3-4589-449b-a8e8-e4c798450d7c,/srv/fim-watch/gen_00028.txt,file_modified,alert_only,high,2026-09-18 02:58:24.90345+00,2026-09-18 03:02:52.878461+00
4a687f92-583d-4a45-8ff2-02b5aa3d55b6,/srv/fim-watch/gen_00083.txt,file_modified,alert_only,high,2026-09-18 02:58:25.003143+00,2026-09-18 03:02:52.895506+00
a0baaaf8-0dc0-4ce0-b00f-4834b91cc571,/srv/fim-watch/gen_00083.txt,file_deleted,alert_only,high,2026-09-18 02:58:25.103649+00,2026-09-18 03:02:52.912781+00
11608e5d-f41e-43fe-82b2-3ce77d76da1d,/srv/fim-watch/gen_00080.txt,file_deleted,alert_only,high,2026-09-18 02:58:25.202615+00,2026-09-18 03:02:52.93014+00
9452309b-c5cd-4c6d-b623-bb9acb59a709,/srv/fim-watch/gen_00073.txt,file_modified,alert_only,high,2026-09-18 02:58:25.303263+00,2026-09-18 03:02:52.947087+00
2c14e7f7-af73-4106-ab50-ca3ae71ae97a,/srv/fim-watch/gen_00028.txt,file_modified,alert_only,high,2026-09-18 02:58:25.403422+00,2026-09-18 03:02:52.963901+00
85290a8e-ac85-439a-b186-f7228107ea2c,/srv/fim-watch/gen_00084.txt,file_modified,alert_only,high,2026-09-18 02:58:25.503125+00,2026-09-18 03:02:52.980719+00
cc4e3ac8-9506-45eb-a7f2-576e7697c5ad,/srv/fim-watch/gen_00068.txt,file_modified,alert_only,high,2026-09-18 02:58:25.603113+00,2026-09-18 03:02:52.998778+00
4d1962a8-294f-4c96-8e77-56af71e85630,/srv/fim-watch/gen_00068.txt,file_modified,alert_only,high,2026-09-18 02:58:25.70326+00,2026-09-18 03:02:53.013824+00
4490a93f-b849-470e-af70-3df87429dec5,/srv/fim-watch/gen_00044.txt,file_modified,alert_only,high,2026-09-18 02:58:25.803503+00,2026-09-18 03:02:53.028198+00
7a3fb1d0-e94a-4ac1-80c4-9c2cdd649ba6,/srv/fim-watch/gen_00071.txt,file_modified,alert_only,high,2026-09-18 02:58:25.903455+00,2026-09-18 03:02:53.042644+00
42681638-c23e-4a63-998e-8e45fe75ea54,/srv/fim-watch/gen_00067.txt,file_modified,alert_only,high,2026-09-18 02:58:26.003455+00,2026-09-18 03:02:53.056971+00
779799f7-1856-4f1a-9856-ab2e969a1912,/srv/fim-watch/gen_00067.txt,file_modified,alert_only,high,2026-09-18 02:58:26.103654+00,2026-09-18 03:02:53.071312+00
238d3765-3ed5-43e3-96e2-57714e514bc5,/srv/fim-watch/gen_00085.txt,file_modified,alert_only,high,2026-09-18 02:58:26.203139+00,2026-09-18 03:02:53.086287+00
7e6fd27d-941a-4e66-a221-955d6bb99e6e,/srv/fim-watch/critico/gen_00023.txt,file_deleted,alert_only,critical,2026-09-18 02:58:26.303617+00,2026-09-18 03:02:53.100549+00
c1c99fc8-8516-44d6-976d-7da0e2e43d9d,/srv/fim-watch/gen_00062.txt,file_modified,alert_only,high,2026-09-18 02:58:26.403252+00,2026-09-18 03:02:53.11928+00
3c7b2724-4d7e-4d0c-a95c-c9245e4a557b,/srv/fim-watch/gen_00020.txt,file_modified,alert_only,high,2026-09-18 02:58:26.50341+00,2026-09-18 03:02:53.134911+00
3099f737-7ac2-4b47-8c19-cc6df307d3c1,/srv/fim-watch/gen_00019.txt,file_modified,alert_only,high,2026-09-18 02:58:26.603638+00,2026-09-18 03:02:53.152584+00
6f6ef013-049c-4acb-9fd8-b59051dcf7a7,/srv/fim-watch/gen_00086.txt,file_modified,alert_only,high,2026-09-18 02:58:26.70374+00,2026-09-18 03:02:53.166235+00
f76375d1-2694-4fc2-9ebb-819a71fae57d,/srv/fim-watch/gen_00059.txt,file_modified,alert_only,high,2026-09-18 02:58:26.803298+00,2026-09-18 03:02:53.181611+00
29b452cd-cefe-465b-bec8-19907909f2ca,/srv/fim-watch/critico/gen_00087.txt,file_modified,alert_only,critical,2026-09-18 02:58:26.903392+00,2026-09-18 03:02:53.196762+00
5f13636a-3459-46c0-83f2-ae36f0091646,/srv/fim-watch/gen_00058.txt,file_modified,alert_only,high,2026-09-18 02:58:27.003168+00,2026-09-18 03:02:53.21233+00
16d39024-3419-4f65-831b-13d0f5a1f6d6,/srv/fim-watch/gen_00058.txt,file_modified,alert_only,high,2026-09-18 02:58:27.10348+00,2026-09-18 03:02:53.227485+00
5e8f57f1-ed03-4d32-b3e5-60ef0074f10a,/srv/fim-watch/gen_00072.txt,file_modified,alert_only,high,2026-09-18 02:58:27.203668+00,2026-09-18 03:02:53.242555+00
6c571dc5-e177-42c1-afbe-1058c7a33cb7,/srv/fim-watch/gen_00072.txt,file_modified,alert_only,high,2026-09-18 02:58:27.303602+00,2026-09-18 03:02:53.257941+00
2250e3a0-2d17-4b93-9195-5eecf51f85b5,/srv/fim-watch/gen_00072.txt,file_modified,alert_only,high,2026-09-18 02:58:27.403828+00,2026-09-18 03:02:53.273344+00
e8bb9085-b700-4b8c-b2e0-ac8f82887690,/srv/fim-watch/gen_00072.txt,file_modified,alert_only,high,2026-09-18 02:58:27.503448+00,2026-09-18 03:02:53.289132+00
b20cdee4-5922-4699-8789-df6c2dfde5e8,/srv/fim-watch/gen_00072.txt,file_modified,alert_only,high,2026-09-18 02:58:27.603418+00,2026-09-18 03:02:53.304611+00
e738a332-49b1-443f-8fe3-99a39274df9c,/srv/fim-watch/gen_00082.txt,file_modified,alert_only,high,2026-09-18 02:58:27.703342+00,2026-09-18 03:02:53.320287+00
46d85a12-1f7e-4a54-ba9f-c7ccb4f944fb,/srv/fim-watch/critico/gen_00081.txt,file_modified,alert_only,critical,2026-09-18 02:58:27.802796+00,2026-09-18 03:02:53.334119+00
f8739273-3b01-4c97-9668-90a2d0ea8495,/srv/fim-watch/gen_00066.txt,file_modified,alert_only,high,2026-09-18 02:58:27.903229+00,2026-09-18 03:02:53.348515+00
15595f10-d934-4186-83f8-a4836d79901f,/srv/fim-watch/gen_00066.txt,file_modified,alert_only,high,2026-09-18 02:58:28.003239+00,2026-09-18 03:02:53.363431+00
1c05cd89-fbb2-415a-afe4-b56b00d6ae08,/srv/fim-watch/critico/gen_00087.txt,file_modified,alert_only,critical,2026-09-18 02:58:28.10365+00,2026-09-18 03:02:53.379764+00
8d91686c-2c9f-4a8c-b29e-cb25819cbf49,/srv/fim-watch/gen_00019.txt,file_deleted,alert_only,high,2026-09-18 02:58:28.203291+00,2026-09-18 03:02:53.398379+00
067e5825-304b-4617-bc09-2e5360b36756,/srv/fim-watch/gen_00029.txt,file_modified,alert_only,high,2026-09-18 02:58:28.303308+00,2026-09-18 03:02:53.413644+00
767e5d86-cd07-4e30-8a52-d2cfb2ebc31d,/srv/fim-watch/gen_00088.txt,file_modified,alert_only,high,2026-09-18 02:58:28.403471+00,2026-09-18 03:02:53.429325+00
109bab8d-a3b1-42c4-9ba3-f5cb007b4905,/srv/fim-watch/gen_00089.txt,file_modified,alert_only,high,2026-09-18 02:58:28.503196+00,2026-09-18 03:02:53.443061+00
44e81fb3-301b-4816-875e-81f0243f182e,/srv/fim-watch/gen_00050.txt,file_modified,alert_only,high,2026-09-18 02:58:28.603602+00,2026-09-18 03:02:53.457417+00
f2146178-4e16-49ad-8cce-7398d3388021,/srv/fim-watch/gen_00090.txt,file_modified,alert_only,high,2026-09-18 02:58:28.703623+00,2026-09-18 03:02:53.472556+00
33c3217b-bcf1-4cb5-9a67-ab0deeae9a9c,/srv/fim-watch/critico/gen_00081.txt,file_modified,alert_only,critical,2026-09-18 02:58:28.803813+00,2026-09-18 03:02:53.489217+00
0af87f6b-20c8-48a2-868c-a8cbffaaffb4,/srv/fim-watch/critico/gen_00081.txt,file_modified,alert_only,critical,2026-09-18 02:58:28.903171+00,2026-09-18 03:02:53.517364+00
1d1a7178-2f4f-4de1-880a-94871369ec04,/srv/fim-watch/critico/gen_00081.txt,file_modified,alert_only,critical,2026-09-18 02:58:29.00389+00,2026-09-18 03:02:53.524887+00
d77faf9e-2e15-4082-8fe3-bbed3465ccb9,/srv/fim-watch/critico/gen_00081.txt,file_modified,alert_only,critical,2026-09-18 02:58:29.103333+00,2026-09-18 03:02:53.541998+00
34c73820-ea8e-42b0-9a46-35cdfdb27263,/srv/fim-watch/critico/gen_00081.txt,file_modified,alert_only,critical,2026-09-18 02:58:29.203667+00,2026-09-18 03:02:53.559173+00
ef88b307-6ac7-4792-accc-9e6d4860ff46,/srv/fim-watch/gen_00045.txt,file_deleted,alert_only,high,2026-09-18 02:58:29.303117+00,2026-09-18 03:02:53.576392+00
dfee8672-4f8f-4aec-a7ca-9d6cc67b1a7d,/srv/fim-watch/gen_00013.txt,file_deleted,alert_only,high,2026-09-18 02:58:29.403593+00,2026-09-18 03:02:53.593291+00
06c50089-289e-450c-a56e-903377683bd8,/srv/fim-watch/critico/gen_00091.txt,file_modified,alert_only,critical,2026-09-18 02:58:29.503614+00,2026-09-18 03:02:53.610677+00
00d41b72-0e19-40b4-90b8-184905f15012,/srv/fim-watch/gen_00033.txt,file_modified,alert_only,high,2026-09-18 02:58:29.603733+00,2026-09-18 03:02:53.627861+00
41f70edc-15ef-47bf-bfad-7df3c9acad9f,/srv/fim-watch/gen_00040.txt,file_modified,alert_only,high,2026-09-18 02:58:29.703638+00,2026-09-18 03:02:53.644997+00
a92d84a1-5769-41ab-972d-46e1bbc6b7c8,/srv/fim-watch/gen_00057.txt,file_modified,alert_only,high,2026-09-18 02:58:29.802652+00,2026-09-18 03:02:53.661932+00
dacb2984-afb6-4e71-9761-0b234114ba8d,/srv/fim-watch/gen_00040.txt,file_modified,alert_only,high,2026-09-18 02:58:29.903231+00,2026-09-18 03:02:53.678881+00
f6f70fd4-892b-4442-8a11-97c019b5a200,/srv/fim-watch/gen_00054.txt,file_modified,alert_only,high,2026-09-18 02:58:30.003253+00,2026-09-18 03:02:53.696025+00
a166684d-1fe3-4c32-850e-76bd2f470a6b,/srv/fim-watch/gen_00054.txt,file_modified,alert_only,high,2026-09-18 02:58:30.103285+00,2026-09-18 03:02:53.713496+00
7870cc7f-012c-46cd-bdc4-32973c8111cf,/srv/fim-watch/gen_00054.txt,file_modified,alert_only,high,2026-09-18 02:58:30.203501+00,2026-09-18 03:02:53.730565+00
c776f88a-19ec-46e9-bc4b-5554d97c0ad7,/srv/fim-watch/gen_00054.txt,file_modified,alert_only,high,2026-09-18 02:58:30.3033+00,2026-09-18 03:02:53.748062+00
5dcef041-2148-41c8-a8f8-9a9ac6cb34f0,/srv/fim-watch/gen_00054.txt,file_modified,alert_only,high,2026-09-18 02:58:30.403227+00,2026-09-18 03:02:53.765006+00
18bb294e-f12b-43f3-bcba-2a5b29ed691f,/srv/fim-watch/gen_00092.txt,file_modified,alert_only,high,2026-09-18 02:58:30.503574+00,2026-09-18 03:02:53.782019+00
1a995a2a-4440-40f6-a6e4-ccf4195f265d,/srv/fim-watch/critico/gen_00087.txt,file_deleted,alert_only,critical,2026-09-18 02:58:30.603778+00,2026-09-18 03:02:53.798901+00
f2a98909-c667-4819-913c-40df742ed40f,/srv/fim-watch/gen_00070.txt,file_modified,alert_only,high,2026-09-18 02:58:30.703445+00,2026-09-18 03:02:53.81659+00
4251aa1d-de3e-4389-86f8-3fe3b222edf8,/srv/fim-watch/gen_00070.txt,file_modified,alert_only,high,2026-09-18 02:58:30.803689+00,2026-09-18 03:02:53.833076+00
fd944919-091b-497c-b324-b53a99f6a115,/srv/fim-watch/gen_00093.txt,file_modified,alert_only,high,2026-09-18 02:58:30.903263+00,2026-09-18 03:02:53.848975+00
c5ff1105-2ce5-434e-b8d6-a48fbf9e7c0a,/srv/fim-watch/critico/gen_00047.txt,file_modified,alert_only,critical,2026-09-18 02:58:31.003238+00,2026-09-18 03:02:53.865079+00
3b855548-ed25-49a5-bb42-1883aab18c20,/srv/fim-watch/critico/gen_00094.txt,file_modified,alert_only,critical,2026-09-18 02:58:31.103167+00,2026-09-18 03:02:53.881264+00
b6928f37-1dc3-480d-b0cf-a09a9906071d,/srv/fim-watch/gen_00095.txt,file_modified,alert_only,high,2026-09-18 02:58:31.203355+00,2026-09-18 03:02:53.89839+00
274fc6c5-229e-488b-80b6-e89266f43a45,/srv/fim-watch/gen_00089.txt,file_modified,alert_only,high,2026-09-18 02:58:31.303166+00,2026-09-18 03:02:53.91521+00
7b0ed8a3-7e02-4afb-bf31-3b32fe84d1b4,/srv/fim-watch/gen_00096.txt,file_modified,alert_only,high,2026-09-18 02:58:31.403196+00,2026-09-18 03:02:53.931435+00
bf1c6230-33e3-48d0-b54e-137be11e3e88,/srv/fim-watch/gen_00095.txt,file_deleted,alert_only,high,2026-09-18 02:58:31.503432+00,2026-09-18 03:02:53.947434+00
896f66ff-e258-400e-b7a1-2d081feddd06,/srv/fim-watch/gen_00055.txt,file_modified,alert_only,high,2026-09-18 02:58:31.604036+00,2026-09-18 03:02:53.964525+00
d7e0aba7-e1cf-40e0-88af-f14772ddd5cd,/srv/fim-watch/gen_00071.txt,file_modified,alert_only,high,2026-09-18 02:58:31.703432+00,2026-09-18 03:02:53.981612+00
e63ee5b3-d9ed-42e7-8d71-33453652dfca,/srv/fim-watch/gen_00097.txt,file_modified,alert_only,high,2026-09-18 02:58:31.803349+00,2026-09-18 03:02:53.998993+00
139ae778-c510-42d8-b27e-19443a9ae61b,/srv/fim-watch/gen_00055.txt,file_modified,alert_only,high,2026-09-18 02:58:31.90378+00,2026-09-18 03:02:54.014951+00
f2bae8af-3f02-4e6e-b2e7-f060448e6af3,/srv/fim-watch/critico/gen_00037.txt,file_modified,alert_only,critical,2026-09-18 02:58:32.002697+00,2026-09-18 03:02:54.030882+00
93ce19c9-a91f-45ca-85e0-58597407b71c,/srv/fim-watch/critico/gen_00037.txt,file_modified,alert_only,critical,2026-09-18 02:58:32.103019+00,2026-09-18 03:02:54.046373+00
cde46707-6980-479a-8fed-801b0708e1f3,/srv/fim-watch/gen_00029.txt,file_modified,alert_only,high,2026-09-18 02:58:32.203321+00,2026-09-18 03:02:54.061613+00
aadfcaee-9ebc-419b-a4e7-844ec6d1359e,/srv/fim-watch/gen_00085.txt,file_modified,alert_only,high,2026-09-18 02:58:32.303177+00,2026-09-18 03:02:54.078006+00
9ff7e31f-511b-4608-9941-684be6bb8674,/srv/fim-watch/gen_00055.txt,file_modified,alert_only,high,2026-09-18 02:58:32.403692+00,2026-09-18 03:02:54.093396+00
61a3163d-c4f1-4cae-92d7-9bd7a819573f,/srv/fim-watch/gen_00082.txt,file_deleted,alert_only,high,2026-09-18 02:58:32.503452+00,2026-09-18 03:02:54.109445+00
b9c54398-e7ad-48e6-be30-29731ad99335,/srv/fim-watch/gen_00055.txt,file_deleted,alert_only,high,2026-09-18 02:58:32.603959+00,2026-09-18 03:02:54.126206+00
0b6e1316-d17e-4546-9e5b-c219f7780efd,/srv/fim-watch/gen_00098.txt,file_modified,alert_only,high,2026-09-18 02:58:32.703341+00,2026-09-18 03:02:54.141805+00
577e89fa-efb9-4c37-9969-2bb32aad2889,/srv/fim-watch/gen_00099.txt,file_modified,alert_only,high,2026-09-18 02:58:32.802802+00,2026-09-18 03:02:54.157295+00
9717f765-70b0-4541-a35f-1e86501ed93d,/srv/fim-watch/gen_00043.txt,file_modified,alert_only,high,2026-09-18 02:58:32.902508+00,2026-09-18 03:02:54.173385+00
71e486a8-f98f-4764-a797-e5eb394afd00,/srv/fim-watch/gen_00093.txt,file_modified,alert_only,high,2026-09-18 02:58:33.003496+00,2026-09-18 03:02:54.188398+00
c7742411-1b4f-4be4-8d70-228cd5bc8a11,/srv/fim-watch/gen_00066.txt,file_modified,alert_only,high,2026-09-18 02:58:33.103263+00,2026-09-18 03:02:54.203097+00
9302e858-a01e-46a7-8195-ee450c60d2f2,/srv/fim-watch/critico/gen_00025.txt,file_modified,alert_only,critical,2026-09-18 02:58:33.203833+00,2026-09-18 03:02:54.216458+00
586703f9-b8e6-468b-9fc3-67d2ef0ce9ff,/srv/fim-watch/gen_00100.txt,file_modified,alert_only,high,2026-09-18 02:58:33.303313+00,2026-09-18 03:02:54.233207+00
d0643289-c7e1-4279-9678-9bfcda60e2cf,/srv/fim-watch/gen_00090.txt,file_modified,alert_only,high,2026-09-18 02:58:33.403678+00,2026-09-18 03:02:54.248578+00
327b31ec-bf28-4ef0-849a-4412c520d0c1,/srv/fim-watch/gen_00077.txt,file_deleted,alert_only,high,2026-09-18 02:58:33.503097+00,2026-09-18 03:02:54.262469+00
8bf30420-f130-4f3a-b983-a43100f76f77,/srv/fim-watch/gen_00098.txt,file_modified,alert_only,high,2026-09-18 02:58:33.603239+00,2026-09-18 03:02:54.277505+00
0561a12a-d205-419c-9fc9-8bd8ae5e5860,/srv/fim-watch/gen_00067.txt,file_modified,alert_only,high,2026-09-18 02:58:33.703452+00,2026-09-18 03:02:54.292343+00
a880a73b-b958-42d6-9f39-8cedcae78e55,/srv/fim-watch/gen_00093.txt,file_modified,alert_only,high,2026-09-18 02:58:33.803635+00,2026-09-18 03:02:54.30839+00
8b4923b2-6f6b-414f-880a-b205a3ea2ad6,/srv/fim-watch/gen_00071.txt,file_modified,alert_only,high,2026-09-18 02:58:33.903228+00,2026-09-18 03:02:54.33346+00
eecec1c4-186e-449a-8206-a6ec4d96887f,/srv/fim-watch/gen_00006.txt,file_modified,alert_only,high,2026-09-18 02:58:34.003832+00,2026-09-18 03:02:54.339806+00
7704f428-3e2c-48e7-b45c-c28ff685bc0c,/srv/fim-watch/gen_00101.txt,file_modified,alert_only,high,2026-09-18 02:58:34.103328+00,2026-09-18 03:02:54.355447+00
19ef7b4b-249c-4d8b-ade3-320acaaef3c3,/srv/fim-watch/gen_00101.txt,file_deleted,alert_only,high,2026-09-18 02:58:34.203622+00,2026-09-18 03:02:54.371149+00
ab98a2ed-5fdf-449b-84c0-26da6c05ea3a,/srv/fim-watch/gen_00049.txt,file_modified,alert_only,high,2026-09-18 02:58:34.303223+00,2026-09-18 03:02:54.38755+00
8ba40c34-1cdc-4db0-9448-b2a24d5d2f2f,/srv/fim-watch/gen_00067.txt,file_modified,alert_only,high,2026-09-18 02:58:34.403945+00,2026-09-18 03:02:54.404756+00
87f3b5a0-2b27-4534-a471-8843c2b0db70,/srv/fim-watch/gen_00067.txt,file_modified,alert_only,high,2026-09-18 02:58:34.503469+00,2026-09-18 03:02:54.420969+00
d00c92a1-9dd0-451a-9701-c51f8e93a65f,/srv/fim-watch/gen_00067.txt,file_modified,alert_only,high,2026-09-18 02:58:34.603232+00,2026-09-18 03:02:54.437057+00
5fe2d20f-cb9f-4955-8164-f1f56a7c1310,/srv/fim-watch/gen_00067.txt,file_modified,alert_only,high,2026-09-18 02:58:34.703452+00,2026-09-18 03:02:54.453123+00
970a7bc1-d694-406d-a726-b5673727f5f4,/srv/fim-watch/gen_00067.txt,file_modified,alert_only,high,2026-09-18 02:58:34.8028+00,2026-09-18 03:02:54.468908+00
97b8affa-4601-4be1-9063-baa3b17b4f59,/srv/fim-watch/gen_00071.txt,file_modified,alert_only,high,2026-09-18 02:58:34.903296+00,2026-09-18 03:02:54.485718+00
e96d3be1-cc96-4860-ad7b-10a8d48c9031,/srv/fim-watch/gen_00103.txt,file_modified,alert_only,high,2026-09-18 02:58:35.103194+00,2026-09-18 03:02:54.50315+00
df62cb44-620e-4d62-8a99-552d7276d56d,/srv/fim-watch/gen_00072.txt,file_modified,alert_only,high,2026-09-18 02:58:35.203432+00,2026-09-18 03:02:54.51921+00
ccb40222-fe45-4a16-97cb-c5e696ff90c4,/srv/fim-watch/gen_00028.txt,file_modified,alert_only,high,2026-09-18 02:58:35.303373+00,2026-09-18 03:02:54.53428+00
2d5fbeb1-8050-41b7-b42b-e43f369e18b0,/srv/fim-watch/critico/gen_00081.txt,file_deleted,alert_only,critical,2026-09-18 02:58:35.402897+00,2026-09-18 03:02:54.549507+00
a17db2f6-97ff-4cbd-aadb-658c3cf540f1,/srv/fim-watch/gen_00070.txt,file_modified,alert_only,high,2026-09-18 02:58:35.503201+00,2026-09-18 03:02:54.567017+00
67595535-2efa-4d7c-8289-56dd10ce5596,/srv/fim-watch/gen_00050.txt,file_modified,alert_only,high,2026-09-18 02:58:35.603372+00,2026-09-18 03:02:54.582179+00
d6e67d83-a2f6-47b8-ba41-46648a68200b,/srv/fim-watch/gen_00050.txt,file_modified,alert_only,high,2026-09-18 02:58:35.70326+00,2026-09-18 03:02:54.598204+00
3fa6d0f4-6c6f-4afc-bdc2-039f917981fd,/srv/fim-watch/gen_00050.txt,file_modified,alert_only,high,2026-09-18 02:58:35.803737+00,2026-09-18 03:02:54.615244+00
51c55cd7-6d14-46ac-893b-398141c6e96f,/srv/fim-watch/gen_00050.txt,file_modified,alert_only,high,2026-09-18 02:58:35.903213+00,2026-09-18 03:02:54.630847+00
4f187cc8-361f-4f54-a9ee-dce3df539fdf,/srv/fim-watch/gen_00050.txt,file_modified,alert_only,high,2026-09-18 02:58:36.003528+00,2026-09-18 03:02:54.647738+00
6cf703d3-bef1-4384-96db-6aa99cc3c49d,/srv/fim-watch/gen_00071.txt,file_modified,alert_only,high,2026-09-18 02:58:36.103028+00,2026-09-18 03:02:54.66433+00
09b88300-5440-4ba6-b4bb-a3bd3534ae9f,/srv/fim-watch/gen_00072.txt,file_modified,alert_only,high,2026-09-18 02:58:36.203444+00,2026-09-18 03:02:54.679474+00
7ce3ec38-edd6-4678-8625-aa4a43dbe56d,/srv/fim-watch/gen_00104.txt,file_modified,alert_only,high,2026-09-18 02:58:36.30335+00,2026-09-18 03:02:54.694954+00
39a1f26f-c824-4d60-b4a3-16d1c29a6c9e,/srv/fim-watch/gen_00028.txt,file_modified,alert_only,high,2026-09-18 02:58:36.40336+00,2026-09-18 03:02:54.710288+00
ec96d224-00a8-47b8-a7cd-053aa7be55fd,/srv/fim-watch/critico/gen_00069.txt,file_modified,alert_only,critical,2026-09-18 02:58:36.503243+00,2026-09-18 03:02:54.723518+00
85bcf085-d5a6-4ca2-b10f-86e9601aa67d,/srv/fim-watch/critico/gen_00069.txt,file_modified,alert_only,critical,2026-09-18 02:58:36.603231+00,2026-09-18 03:02:54.736932+00
bd65e073-c428-4d6b-9d8f-d04f8a29d2a1,/srv/fim-watch/gen_00105.txt,file_modified,alert_only,high,2026-09-18 02:58:36.703612+00,2026-09-18 03:02:54.751489+00
d2b4c861-8109-438e-97d5-32487e30eb70,/srv/fim-watch/gen_00048.txt,file_modified,alert_only,high,2026-09-18 02:58:36.803368+00,2026-09-18 03:02:54.766506+00
6d19ca24-7d4c-474d-8e2b-f2c6c29205d9,/srv/fim-watch/gen_00048.txt,file_modified,alert_only,high,2026-09-18 02:58:36.903314+00,2026-09-18 03:02:54.782623+00
2167ee2e-4956-4c5f-b669-efb80daaa1ac,/srv/fim-watch/gen_00086.txt,file_modified,alert_only,high,2026-09-18 02:58:37.003523+00,2026-09-18 03:02:54.797085+00
2945cbff-2f77-4e3f-845f-d2c19a8b552b,/srv/fim-watch/gen_00036.txt,file_modified,alert_only,high,2026-09-18 02:58:37.103272+00,2026-09-18 03:02:54.811585+00
5625b836-87ef-48e6-aa8c-75c00f47e140,/srv/fim-watch/gen_00036.txt,file_modified,alert_only,high,2026-09-18 02:58:37.20316+00,2026-09-18 03:02:54.827615+00
058ad35f-a48b-49fd-b194-544595ad9cde,/srv/fim-watch/gen_00040.txt,file_modified,alert_only,high,2026-09-18 02:58:37.303614+00,2026-09-18 03:02:54.845055+00
a244929d-6c8a-4c3d-b231-5a422741e895,/srv/fim-watch/gen_00036.txt,file_modified,alert_only,high,2026-09-18 02:58:37.403021+00,2026-09-18 03:02:54.858475+00
bd32a424-d695-4613-b775-c0da3e3ec584,/srv/fim-watch/gen_00036.txt,file_modified,alert_only,high,2026-09-18 02:58:37.503236+00,2026-09-18 03:02:54.875121+00
a5874ce3-6de9-4db4-b103-79dd59e76a01,/srv/fim-watch/gen_00073.txt,file_modified,alert_only,high,2026-09-18 02:58:37.60327+00,2026-09-18 03:02:54.888302+00
880147c0-11dd-4c3a-95ba-d46338543979,/srv/fim-watch/gen_00073.txt,file_modified,alert_only,high,2026-09-18 02:58:37.70296+00,2026-09-18 03:02:54.90738+00
caf69d26-aa6f-439c-b7ab-461422235611,/srv/fim-watch/gen_00042.txt,file_modified,alert_only,high,2026-09-18 02:58:37.803194+00,2026-09-18 03:02:54.921695+00
95e75313-3947-43c6-88b7-2b08128976a7,/srv/fim-watch/gen_00040.txt,file_modified,alert_only,high,2026-09-18 02:58:37.902938+00,2026-09-18 03:02:54.940359+00
8f19ee19-8ae8-4178-8c94-95e1a82509a0,/srv/fim-watch/gen_00088.txt,file_modified,alert_only,high,2026-09-18 02:58:38.002519+00,2026-09-18 03:02:54.959588+00
bf741d26-af39-493c-a6a9-e6bf72882091,/srv/fim-watch/gen_00106.txt,file_modified,alert_only,high,2026-09-18 02:58:38.103403+00,2026-09-18 03:02:54.977407+00
2fd21d20-e2f9-4d58-96a3-6d97370704bd,/srv/fim-watch/gen_00076.txt,file_modified,alert_only,high,2026-09-18 02:58:38.20335+00,2026-09-18 03:02:54.993845+00
6c1c1765-5149-453e-a698-17f69bf66d6a,/srv/fim-watch/gen_00072.txt,file_modified,alert_only,high,2026-09-18 02:58:38.303632+00,2026-09-18 03:02:55.010421+00
4474d136-f865-495a-ac8d-43eb76f77af5,/srv/fim-watch/gen_00036.txt,file_modified,alert_only,high,2026-09-18 02:58:38.403553+00,2026-09-18 03:02:55.027083+00
91e17756-c841-43a3-8db2-3b758f2ead32,/srv/fim-watch/gen_00036.txt,file_modified,alert_only,high,2026-09-18 02:58:38.503187+00,2026-09-18 03:02:55.049051+00
2e0f01e7-3bfc-4529-a27f-9e60f598fda4,/srv/fim-watch/gen_00049.txt,file_modified,alert_only,high,2026-09-18 02:58:38.60352+00,2026-09-18 03:02:55.064703+00
a94a8bf2-3229-4dfd-8323-3298d66fc306,/srv/fim-watch/gen_00107.txt,file_modified,alert_only,high,2026-09-18 02:58:38.703654+00,2026-09-18 03:02:55.079431+00
d4d2810b-697e-44e4-8409-91234cecf3e6,/srv/fim-watch/gen_00107.txt,file_deleted,alert_only,high,2026-09-18 02:58:38.803196+00,2026-09-18 03:02:55.092973+00
6d1dbaab-d4a6-4a4f-805f-e6d1a1735f36,/srv/fim-watch/gen_00054.txt,file_modified,alert_only,high,2026-09-18 02:58:38.90334+00,2026-09-18 03:02:55.107366+00
a548637f-7e69-41d2-b796-66a2866baa6a,/srv/fim-watch/gen_00103.txt,file_modified,alert_only,high,2026-09-18 02:58:39.003297+00,2026-09-18 03:02:55.133532+00
fdaecca8-fb91-423e-ba08-9b4d9ef89e15,/srv/fim-watch/gen_00064.txt,file_modified,alert_only,high,2026-09-18 02:58:39.10339+00,2026-09-18 03:02:55.140445+00
be1af194-b580-4a85-b80f-237832c60a8c,/srv/fim-watch/gen_00096.txt,file_modified,alert_only,high,2026-09-18 02:58:39.203387+00,2026-09-18 03:02:55.155365+00
0ef37d5c-37ea-4da8-b86c-54f0bcb9e004,/srv/fim-watch/gen_00078.txt,file_modified,alert_only,high,2026-09-18 02:58:39.303654+00,2026-09-18 03:02:55.171021+00
4c1368ac-aea2-4866-961c-2db0a021610e,/srv/fim-watch/gen_00020.txt,file_modified,alert_only,high,2026-09-18 02:58:39.403372+00,2026-09-18 03:02:55.185281+00
4b352b0d-e6d1-4ee1-9bb4-b0e5b62a7c28,/srv/fim-watch/gen_00044.txt,file_modified,alert_only,high,2026-09-18 02:58:39.503358+00,2026-09-18 03:02:55.199445+00
f1f083aa-da06-48e3-99d8-304accdca466,/srv/fim-watch/gen_00073.txt,file_modified,alert_only,high,2026-09-18 02:58:39.603593+00,2026-09-18 03:02:55.213585+00
0e4a17db-6b15-471d-8ef8-31ea15fb83f7,/srv/fim-watch/gen_00073.txt,file_modified,alert_only,high,2026-09-18 02:58:39.703671+00,2026-09-18 03:02:55.227612+00
f4cb009b-be4f-4bfe-9926-152e32c37eed,/srv/fim-watch/gen_00108.txt,file_modified,alert_only,high,2026-09-18 02:58:39.803323+00,2026-09-18 03:02:55.242255+00
5706fa87-ce9f-4025-8e0c-a5f5595e2c92,/srv/fim-watch/gen_00109.txt,file_modified,alert_only,high,2026-09-18 02:58:39.902649+00,2026-09-18 03:02:55.258046+00
98cac6ab-ef8e-434b-8af7-5631fcd383c6,/srv/fim-watch/gen_00033.txt,file_modified,alert_only,high,2026-09-18 02:58:40.003102+00,2026-09-18 03:02:55.27243+00
8a1ec0be-60d7-4a3a-8c32-39e18887ece3,/srv/fim-watch/gen_00029.txt,file_modified,alert_only,high,2026-09-18 02:58:40.10341+00,2026-09-18 03:02:55.286355+00
ede5a071-f442-44da-a73e-c797549744af,/srv/fim-watch/gen_00029.txt,file_modified,alert_only,high,2026-09-18 02:58:40.203225+00,2026-09-18 03:02:55.300536+00
a07f457f-58d2-4bcf-8c87-bb3f33504147,/srv/fim-watch/critico/gen_00110.txt,file_modified,alert_only,critical,2026-09-18 02:58:40.303659+00,2026-09-18 03:02:55.315363+00
e943979c-36c7-4765-8852-bc67cc1c4bda,/srv/fim-watch/gen_00111.txt,file_modified,alert_only,high,2026-09-18 02:58:40.403545+00,2026-09-18 03:02:55.329521+00
6b4f882b-c5ca-4c65-bdf3-331480358e66,/srv/fim-watch/gen_00079.txt,file_modified,alert_only,high,2026-09-18 02:58:40.503121+00,2026-09-18 03:02:55.346369+00
879e26b8-b8b0-4a04-bed6-249f35c82e3a,/srv/fim-watch/gen_00060.txt,file_modified,alert_only,high,2026-09-18 02:58:40.603387+00,2026-09-18 03:02:55.362196+00
64eb4024-9287-448b-92e0-12f634f894d9,/srv/fim-watch/gen_00112.txt,file_modified,alert_only,high,2026-09-18 02:58:40.703363+00,2026-09-18 03:02:55.378978+00
e5b073c2-6155-49ab-87f8-3dd7c98872fb,/srv/fim-watch/gen_00112.txt,file_deleted,alert_only,high,2026-09-18 02:58:40.803547+00,2026-09-18 03:02:55.394159+00
6bd12f1d-4bc5-4781-9830-5145b83f491f,/srv/fim-watch/gen_00088.txt,file_modified,alert_only,high,2026-09-18 02:58:40.903249+00,2026-09-18 03:02:55.411689+00
e67df4f5-028e-4eea-beee-0930f6b2b82f,/srv/fim-watch/gen_00088.txt,file_modified,alert_only,high,2026-09-18 02:58:41.003447+00,2026-09-18 03:02:55.42533+00
6a885481-ba03-488b-9f88-336c6614cad9,/srv/fim-watch/gen_00058.txt,file_modified,alert_only,high,2026-09-18 02:58:41.103223+00,2026-09-18 03:02:55.43951+00
06efe08a-79ba-4e83-8392-8d8630282e72,/srv/fim-watch/gen_00048.txt,file_modified,alert_only,high,2026-09-18 02:58:41.203175+00,2026-09-18 03:02:55.45392+00
0ec0932c-12cd-46f2-9109-5e507c2e2b67,/srv/fim-watch/gen_00042.txt,file_modified,alert_only,high,2026-09-18 02:58:41.303438+00,2026-09-18 03:02:55.468836+00
9334c2a4-79df-43b5-9f89-5323e7e49352,/srv/fim-watch/gen_00042.txt,file_modified,alert_only,high,2026-09-18 02:58:41.403494+00,2026-09-18 03:02:55.485206+00
3459df3a-3b73-4c9a-b1ab-4bd6285e5966,/srv/fim-watch/gen_00059.txt,file_deleted,alert_only,high,2026-09-18 02:58:41.503514+00,2026-09-18 03:02:55.502203+00
dfadbd8f-7f5c-4021-ba89-14c3f7810f55,/srv/fim-watch/gen_00113.txt,file_modified,alert_only,high,2026-09-18 02:58:41.60349+00,2026-09-18 03:02:55.519017+00
ac386a66-01d5-45e9-b3ff-2fe7cc10d579,/srv/fim-watch/gen_00092.txt,file_deleted,alert_only,high,2026-09-18 02:58:41.703306+00,2026-09-18 03:02:55.533293+00
622022b6-3281-4130-866d-2f9fc9aa19dd,/srv/fim-watch/gen_00006.txt,file_modified,alert_only,high,2026-09-18 02:58:41.803706+00,2026-09-18 03:02:55.548204+00
6c382775-7ae1-48c3-aebd-f1dcd5c502c3,/srv/fim-watch/gen_00072.txt,file_modified,alert_only,high,2026-09-18 02:58:41.903331+00,2026-09-18 03:02:55.563198+00
85d140ce-1c7a-4606-b6c6-ea1170b580af,/srv/fim-watch/gen_00072.txt,file_modified,alert_only,high,2026-09-18 02:58:42.003609+00,2026-09-18 03:02:55.577752+00
11ad131a-43b7-4c60-8a16-7046f863c25c,/srv/fim-watch/gen_00070.txt,file_modified,alert_only,high,2026-09-18 02:58:42.103516+00,2026-09-18 03:02:55.592538+00
c7d1d05c-3953-4d1b-92b4-5208acb3e87d,/srv/fim-watch/gen_00079.txt,file_modified,alert_only,high,2026-09-18 02:58:42.20323+00,2026-09-18 03:02:55.607773+00
a1a83065-4dca-4308-b576-7944a1ff5735,/srv/fim-watch/gen_00079.txt,file_modified,alert_only,high,2026-09-18 02:58:42.303447+00,2026-09-18 03:02:55.623832+00
b0e1a401-0280-4eb2-bde2-8ce5e9d31fcf,/srv/fim-watch/gen_00079.txt,file_modified,alert_only,high,2026-09-18 02:58:42.403472+00,2026-09-18 03:02:55.640123+00
78595030-eca1-418a-974f-5ced90802b97,/srv/fim-watch/gen_00079.txt,file_modified,alert_only,high,2026-09-18 02:58:42.503244+00,2026-09-18 03:02:55.655702+00
ec85e5a8-8afa-4ae4-9d36-128584b8edb6,/srv/fim-watch/gen_00079.txt,file_modified,alert_only,high,2026-09-18 02:58:42.603265+00,2026-09-18 03:02:55.671811+00
0a4ebedc-b9af-4742-8c6a-875575dda69f,/srv/fim-watch/gen_00020.txt,file_modified,alert_only,high,2026-09-18 02:58:42.703693+00,2026-09-18 03:02:55.688563+00
a4770ea7-b675-4a8f-bd92-dd59ea3aebef,/srv/fim-watch/gen_00060.txt,file_modified,alert_only,high,2026-09-18 02:58:42.804536+00,2026-09-18 03:02:55.703618+00
ac05b0f2-b12b-4986-93d6-6a1d9ca6d2e2,/srv/fim-watch/gen_00049.txt,file_modified,alert_only,high,2026-09-18 02:58:42.903299+00,2026-09-18 03:02:55.719468+00
dd0e1973-f123-4295-b38f-9200e2704ceb,/srv/fim-watch/gen_00114.txt,file_modified,alert_only,high,2026-09-18 02:58:43.002893+00,2026-09-18 03:02:55.734786+00
e7f9496b-ae23-4f81-a5f4-e4a48b3cfcf8,/srv/fim-watch/gen_00115.txt,file_modified,alert_only,high,2026-09-18 02:58:43.103181+00,2026-09-18 03:02:55.749516+00
038fa6ff-7f4f-4d51-9a1f-398e42a324d7,/srv/fim-watch/gen_00033.txt,file_modified,alert_only,high,2026-09-18 02:58:43.203478+00,2026-09-18 03:02:55.764393+00
8847e8f5-ccc0-479e-adbc-e42f18ade42c,/srv/fim-watch/gen_00088.txt,file_modified,alert_only,high,2026-09-18 02:58:43.302775+00,2026-09-18 03:02:55.779264+00
700aa100-1a64-43fd-89cc-379d0a484df3,/srv/fim-watch/gen_00116.txt,file_modified,alert_only,high,2026-09-18 02:58:43.402505+00,2026-09-18 03:02:55.794175+00
603da48d-10cf-425e-8fa0-e2a13f28f298,/srv/fim-watch/gen_00106.txt,file_modified,alert_only,high,2026-09-18 02:58:43.503181+00,2026-09-18 03:02:55.808962+00
1e4da485-5c0f-46c1-9e7c-0602f9431c7f,/srv/fim-watch/gen_00016.txt,file_modified,alert_only,high,2026-09-18 02:58:43.603216+00,2026-09-18 03:02:55.823532+00
7af7f05b-8eab-4296-8f3b-ffae9113b9ec,/srv/fim-watch/gen_00117.txt,file_modified,alert_only,high,2026-09-18 02:58:43.703035+00,2026-09-18 03:02:55.8386+00
ce69f835-39cb-48dd-bac7-894fb77dc71e,/srv/fim-watch/gen_00067.txt,file_modified,alert_only,high,2026-09-18 02:58:43.803102+00,2026-09-18 03:02:55.853411+00
ba17dd8e-747e-4dbc-bfa0-25b53ea8872c,/srv/fim-watch/critico/gen_00094.txt,file_deleted,alert_only,critical,2026-09-18 02:58:43.902774+00,2026-09-18 03:02:55.868839+00
81a284a6-8840-467c-bf11-4a704cb5c34f,/srv/fim-watch/gen_00028.txt,file_deleted,alert_only,high,2026-09-18 02:58:44.003239+00,2026-09-18 03:02:55.895102+00
4ff370de-5c1b-4b72-a692-508000eef181,/srv/fim-watch/gen_00050.txt,file_modified,alert_only,high,2026-09-18 02:58:44.103061+00,2026-09-18 03:02:55.90252+00
431eae89-0d01-4d2f-8c1d-82631075b33b,/srv/fim-watch/critico/gen_00069.txt,file_modified,alert_only,critical,2026-09-18 02:58:44.203151+00,2026-09-18 03:02:55.919409+00
356f907c-e302-48f1-a922-172ce52bc271,/srv/fim-watch/gen_00118.txt,file_modified,alert_only,high,2026-09-18 02:58:44.302681+00,2026-09-18 03:02:55.935715+00
8f2fcb4d-3bff-42f1-a7b0-c872d23624fb,/srv/fim-watch/gen_00118.txt,file_deleted,alert_only,high,2026-09-18 02:58:44.403317+00,2026-09-18 03:02:55.950437+00
c13a815f-9459-4b1a-a4fd-caee18268703,/srv/fim-watch/gen_00044.txt,file_modified,alert_only,high,2026-09-18 02:58:44.503238+00,2026-09-18 03:02:55.968356+00
2d548266-d6b2-4b0b-8071-321ec326dad9,/srv/fim-watch/gen_00044.txt,file_modified,alert_only,high,2026-09-18 02:58:44.603132+00,2026-09-18 03:02:55.987474+00
bb7c5c63-df32-4428-b52f-493c0c4e4e0d,/srv/fim-watch/gen_00044.txt,file_modified,alert_only,high,2026-09-18 02:58:44.703164+00,2026-09-18 03:02:56.003332+00
df64168a-a0ef-41fd-81f1-cf6d19cf9adf,/srv/fim-watch/gen_00044.txt,file_modified,alert_only,high,2026-09-18 02:58:44.803182+00,2026-09-18 03:02:56.019354+00
aad5800a-5d2f-4724-a27a-e6883ac1a1a2,/srv/fim-watch/gen_00044.txt,file_modified,alert_only,high,2026-09-18 02:58:44.902992+00,2026-09-18 03:02:56.036172+00
dd248a52-0e77-453d-b720-31308843fd32,/srv/fim-watch/gen_00116.txt,file_modified,alert_only,high,2026-09-18 02:58:45.002981+00,2026-09-18 03:02:56.052809+00
961540f0-4bb7-4f87-a9d6-131365e7dd8a,/srv/fim-watch/gen_00119.txt,file_modified,alert_only,high,2026-09-18 02:58:45.103307+00,2026-09-18 03:02:56.069405+00
9fd8943b-64aa-4b99-aef4-647fe690fa8c,/srv/fim-watch/gen_00042.txt,file_modified,alert_only,high,2026-09-18 02:58:45.203007+00,2026-09-18 03:02:56.08555+00
a201b2b6-7ca7-4bbd-be06-5d42d073b391,/srv/fim-watch/gen_00120.txt,file_modified,alert_only,high,2026-09-18 02:58:45.302659+00,2026-09-18 03:02:56.101664+00
7ffbbd72-2c38-4b66-b03b-9da7d299898c,/srv/fim-watch/gen_00121.txt,file_modified,alert_only,high,2026-09-18 02:58:45.403326+00,2026-09-18 03:02:56.117065+00
f9778700-37b1-4c9e-b02c-c59c11fcdb65,/srv/fim-watch/gen_00058.txt,file_modified,alert_only,high,2026-09-18 02:58:45.502569+00,2026-09-18 03:02:56.131724+00
9dfc79f1-7adc-49e2-96f7-7e889058e589,/srv/fim-watch/gen_00122.txt,file_modified,alert_only,high,2026-09-18 02:58:45.602921+00,2026-09-18 03:02:56.147122+00
b2e5475a-04b5-4721-b636-fa35a4a75eff,/srv/fim-watch/gen_00102.txt,file_modified,alert_only,high,2026-09-18 02:58:45.803111+00,2026-09-18 03:02:56.162315+00
bd0576c5-0954-477d-91e3-00abab74fd81,/srv/fim-watch/gen_00090.txt,file_modified,alert_only,high,2026-09-18 02:58:45.902922+00,2026-09-18 03:02:56.176723+00
440da427-7fa4-4b70-9ebc-2df873ae695a,/srv/fim-watch/gen_00090.txt,file_modified,alert_only,high,2026-09-18 02:58:46.003105+00,2026-09-18 03:02:56.192381+00
9265989c-68ac-4bba-a396-b07ec06e4f89,/srv/fim-watch/gen_00098.txt,file_modified,alert_only,high,2026-09-18 02:58:46.103253+00,2026-09-18 03:02:56.207917+00
1d07a399-16c5-4554-9de8-b954d07770de,/srv/fim-watch/gen_00068.txt,file_modified,alert_only,high,2026-09-18 02:58:46.203419+00,2026-09-18 03:02:56.223073+00
c2eef85c-9e10-443a-a6a5-4d61b7b6612c,/srv/fim-watch/critico/gen_00047.txt,file_deleted,alert_only,critical,2026-09-18 02:58:46.303214+00,2026-09-18 03:02:56.23815+00
bce7f4e8-072d-4f79-971d-5e6761503baa,/srv/fim-watch/critico/gen_00061.txt,file_modified,alert_only,critical,2026-09-18 02:58:46.403187+00,2026-09-18 03:02:56.254171+00
b1d71a12-827e-437a-8287-36df84ed81d2,/srv/fim-watch/critico/gen_00069.txt,file_modified,alert_only,critical,2026-09-18 02:58:46.503593+00,2026-09-18 03:02:56.270187+00
31bdc31c-811d-4e3c-8de3-22423350a3e4,/srv/fim-watch/gen_00124.txt,file_modified,alert_only,high,2026-09-18 02:58:46.603111+00,2026-09-18 03:02:56.284772+00
a70e9e07-0aca-47c7-b69a-07e93f699ad2,/srv/fim-watch/gen_00097.txt,file_deleted,alert_only,high,2026-09-18 02:58:46.703188+00,2026-09-18 03:02:56.301508+00
75dd4343-3e8d-4c30-8ce6-a72694f56b41,/srv/fim-watch/gen_00033.txt,file_modified,alert_only,high,2026-09-18 02:58:46.803314+00,2026-09-18 03:02:56.31677+00
32f64107-ee50-403e-966e-143fb36e35c6,/srv/fim-watch/gen_00076.txt,file_deleted,alert_only,high,2026-09-18 02:58:46.902844+00,2026-09-18 03:02:56.332277+00
d20b853b-c69a-4acf-afc9-d1237852ba65,/srv/fim-watch/gen_00100.txt,file_modified,alert_only,high,2026-09-18 02:58:47.00384+00,2026-09-18 03:02:56.347392+00
d1a1d6f4-1a3a-44f6-be43-7a15b81bdae2,/srv/fim-watch/critico/gen_00053.txt,file_modified,alert_only,critical,2026-09-18 02:58:47.103322+00,2026-09-18 03:02:56.362408+00
6d4e91e9-ee5f-44e8-aa3a-36f2d2612a6a,/srv/fim-watch/gen_00093.txt,file_modified,alert_only,high,2026-09-18 02:58:47.202457+00,2026-09-18 03:02:56.377332+00
62f060cc-0867-4a57-9324-1f1423251c09,/srv/fim-watch/gen_00125.txt,file_modified,alert_only,high,2026-09-18 02:58:47.302781+00,2026-09-18 03:02:56.392276+00
9bd1a72a-6921-45cd-a06a-811a12836bb5,/srv/fim-watch/gen_00104.txt,file_modified,alert_only,high,2026-09-18 02:58:47.403582+00,2026-09-18 03:02:56.407221+00
76cc6945-cbc6-4bbc-a36f-579d29a85108,/srv/fim-watch/gen_00115.txt,file_modified,alert_only,high,2026-09-18 02:58:47.50307+00,2026-09-18 03:02:56.422122+00
864288cf-c10b-4508-b483-d1e7c606addf,/srv/fim-watch/gen_00126.txt,file_modified,alert_only,high,2026-09-18 02:58:47.603658+00,2026-09-18 03:02:56.437225+00
f8c118d1-cae5-437e-a3a5-0fb9dabd8755,/srv/fim-watch/gen_00114.txt,file_modified,alert_only,high,2026-09-18 02:58:47.702945+00,2026-09-18 03:02:56.452391+00
0980a358-1277-4861-8373-3fadfea1a967,/srv/fim-watch/gen_00122.txt,file_modified,alert_only,high,2026-09-18 02:58:47.803027+00,2026-09-18 03:02:56.467736+00
746adb51-a211-475f-93eb-dc1f202c6752,/srv/fim-watch/gen_00127.txt,file_modified,alert_only,high,2026-09-18 02:58:47.904355+00,2026-09-18 03:02:56.482472+00
db622da3-ecec-4177-9582-cd572f52bbe2,/srv/fim-watch/gen_00128.txt,file_modified,alert_only,high,2026-09-18 02:58:48.002902+00,2026-09-18 03:02:56.497292+00
69377815-1181-4273-b4bf-5e9188cfc7a7,/srv/fim-watch/gen_00098.txt,file_modified,alert_only,high,2026-09-18 02:58:48.103045+00,2026-09-18 03:02:56.511909+00
dc3e34d5-a8ae-4f3b-9304-4197694e853c,/srv/fim-watch/critico/gen_00110.txt,file_modified,alert_only,critical,2026-09-18 02:58:48.203374+00,2026-09-18 03:02:56.526211+00
6696dcef-9fe6-4c5f-bd0b-f762c6b578de,/srv/fim-watch/critico/gen_00110.txt,file_modified,alert_only,critical,2026-09-18 02:58:48.303401+00,2026-09-18 03:02:56.540435+00
68d322c9-92d2-4967-bb11-1f4aea81a519,/srv/fim-watch/gen_00090.txt,file_deleted,alert_only,high,2026-09-18 02:58:48.403064+00,2026-09-18 03:02:56.554701+00
e3b097ac-445d-412f-9767-a9025ca1d1b9,/srv/fim-watch/gen_00116.txt,file_modified,alert_only,high,2026-09-18 02:58:48.503181+00,2026-09-18 03:02:56.568799+00
7f4f8db1-d7d1-4937-9426-80efd690e482,/srv/fim-watch/gen_00125.txt,file_modified,alert_only,high,2026-09-18 02:58:48.603358+00,2026-09-18 03:02:56.582792+00
463f03d3-6a53-479e-86b4-c2e95a9b33b3,/srv/fim-watch/gen_00129.txt,file_modified,alert_only,high,2026-09-18 02:58:48.703504+00,2026-09-18 03:02:56.597076+00
e1cfacdb-af82-4d59-a883-adee4497224f,/srv/fim-watch/gen_00131.txt,file_modified,alert_only,high,2026-09-18 02:58:48.902923+00,2026-09-18 03:02:56.611298+00
9f2c5812-a25f-4c08-9ddf-3080cedf4e31,/srv/fim-watch/gen_00100.txt,file_modified,alert_only,high,2026-09-18 02:58:49.003268+00,2026-09-18 03:02:56.625586+00
bb1ee482-b295-41fe-8ad9-811bf477e1f4,/srv/fim-watch/gen_00054.txt,file_modified,alert_only,high,2026-09-18 02:58:49.103528+00,2026-09-18 03:02:56.639631+00
84928dc3-6107-48eb-849b-c8d0842828d9,/srv/fim-watch/gen_00132.txt,file_modified,alert_only,high,2026-09-18 02:58:49.203078+00,2026-09-18 03:02:56.66329+00
b82ea669-f71d-4cc0-90d9-087a52aa5e88,/srv/fim-watch/gen_00129.txt,file_modified,alert_only,high,2026-09-18 02:58:49.302898+00,2026-09-18 03:02:56.669916+00
01601418-e562-48b1-9dda-4f1ff55e66df,/srv/fim-watch/gen_00099.txt,file_modified,alert_only,high,2026-09-18 02:58:49.403428+00,2026-09-18 03:02:56.684013+00
1230d7aa-f686-4344-b299-90e9a9d3092b,/srv/fim-watch/gen_00099.txt,file_modified,alert_only,high,2026-09-18 02:58:49.503289+00,2026-09-18 03:02:56.698217+00
1012aa2a-ddd2-4460-be91-826a6d55a74b,/srv/fim-watch/critico/gen_00061.txt,file_modified,alert_only,critical,2026-09-18 02:58:49.603508+00,2026-09-18 03:02:56.712527+00
7848e572-27c2-4d6b-8f6a-9fd02f3b15ef,/srv/fim-watch/gen_00104.txt,file_modified,alert_only,high,2026-09-18 02:58:49.703385+00,2026-09-18 03:02:56.726886+00
192317e5-13b5-440c-bc5a-13337265c26b,/srv/fim-watch/critico/gen_00110.txt,file_modified,alert_only,critical,2026-09-18 02:58:49.803032+00,2026-09-18 03:02:56.740995+00
0d018662-311a-4160-a1c2-55143a54ad7e,/srv/fim-watch/critico/gen_00110.txt,file_deleted,alert_only,critical,2026-09-18 02:58:49.902846+00,2026-09-18 03:02:56.755244+00
2a4c33fe-c623-4162-95f2-a8f295041142,/srv/fim-watch/gen_00079.txt,file_modified,alert_only,high,2026-09-18 02:58:50.002591+00,2026-09-18 03:02:56.770352+00
94378d29-06e9-436e-95dd-ac5649a18f8e,/srv/fim-watch/gen_00109.txt,file_modified,alert_only,high,2026-09-18 02:58:50.10326+00,2026-09-18 03:02:56.786707+00
0fb9e33a-264a-4f58-9131-45f16775eb5d,/srv/fim-watch/gen_00119.txt,file_deleted,alert_only,high,2026-09-18 02:58:50.203076+00,2026-09-18 03:02:56.802121+00
20f333b0-2b1b-4890-a839-79088479cf0f,/srv/fim-watch/gen_00042.txt,file_modified,alert_only,high,2026-09-18 02:58:50.303525+00,2026-09-18 03:02:56.817463+00
ac9e65cd-2880-4843-b0df-d73f385a44cc,/srv/fim-watch/gen_00093.txt,file_modified,alert_only,high,2026-09-18 02:58:50.403497+00,2026-09-18 03:02:56.832867+00
f74bdf74-f4fa-4493-8b56-f2b5d1bcd1ee,/srv/fim-watch/critico/gen_00069.txt,file_deleted,alert_only,critical,2026-09-18 02:58:50.503455+00,2026-09-18 03:02:56.848024+00
71a1b99a-f6cd-4889-930c-2deb22931bba,/srv/fim-watch/gen_00133.txt,file_modified,alert_only,high,2026-09-18 02:58:50.602908+00,2026-09-18 03:02:56.862191+00
5392eb1a-aa5f-4aab-aeea-d6992cc9084c,/srv/fim-watch/gen_00133.txt,file_deleted,alert_only,high,2026-09-18 02:58:50.7033+00,2026-09-18 03:02:56.877643+00
04b167f9-bd49-4d9e-9b79-7981f11d9876,/srv/fim-watch/gen_00079.txt,file_modified,alert_only,high,2026-09-18 02:58:50.80311+00,2026-09-18 03:02:56.892505+00
53758050-6551-4a5f-ae57-6df3c771b188,/srv/fim-watch/gen_00116.txt,file_modified,alert_only,high,2026-09-18 02:58:50.902908+00,2026-09-18 03:02:56.906808+00
72b7c6b9-a99c-40ab-8871-f25c36e1b54a,/srv/fim-watch/gen_00068.txt,file_modified,alert_only,high,2026-09-18 02:58:51.00317+00,2026-09-18 03:02:56.92111+00
85376d92-585b-4e41-8786-79272ba2a1b0,/srv/fim-watch/gen_00088.txt,file_modified,alert_only,high,2026-09-18 02:58:51.103336+00,2026-09-18 03:02:56.935083+00
d1f1e6ce-cfae-4210-b425-541c5200cb0e,/srv/fim-watch/gen_00088.txt,file_modified,alert_only,high,2026-09-18 02:58:51.203335+00,2026-09-18 03:02:56.949295+00
de0a0908-12c6-4c23-af89-66775db54a01,/srv/fim-watch/gen_00088.txt,file_modified,alert_only,high,2026-09-18 02:58:51.303255+00,2026-09-18 03:02:56.964067+00
554b9d2a-4162-412e-866c-c7066c85791f,/srv/fim-watch/gen_00088.txt,file_modified,alert_only,high,2026-09-18 02:58:51.403416+00,2026-09-18 03:02:56.979282+00
2d4d8de8-25e5-4966-8a4d-f66958b03965,/srv/fim-watch/gen_00088.txt,file_modified,alert_only,high,2026-09-18 02:58:51.503407+00,2026-09-18 03:02:56.995934+00
1a6c5be2-754d-49ba-bbf6-11bb2d5b10d8,/srv/fim-watch/gen_00134.txt,file_modified,alert_only,high,2026-09-18 02:58:51.603073+00,2026-09-18 03:02:57.011621+00
68406116-4c96-404f-8ba4-05574fb8f461,/srv/fim-watch/gen_00100.txt,file_modified,alert_only,high,2026-09-18 02:58:51.703+00,2026-09-18 03:02:57.026382+00
417af728-d157-45b7-b499-827f727aefd9,/srv/fim-watch/gen_00044.txt,file_deleted,alert_only,high,2026-09-18 02:58:51.80288+00,2026-09-18 03:02:57.04118+00
dd9b1e6f-f88e-44f3-bc31-9d6a2b61f503,/srv/fim-watch/gen_00135.txt,file_modified,alert_only,high,2026-09-18 02:58:51.902775+00,2026-09-18 03:02:57.055693+00
674233aa-6a65-4a87-ad9c-1f1e4e089b9f,/srv/fim-watch/gen_00060.txt,file_modified,alert_only,high,2026-09-18 02:58:52.00296+00,2026-09-18 03:02:57.069329+00
d9d49df6-e455-4f66-9e89-1733cea17d39,/srv/fim-watch/gen_00121.txt,file_modified,alert_only,high,2026-09-18 02:58:52.103272+00,2026-09-18 03:02:57.084169+00
fa95af4b-881e-489a-b390-49a63c9995ee,/srv/fim-watch/gen_00121.txt,file_modified,alert_only,high,2026-09-18 02:58:52.203328+00,2026-09-18 03:02:57.099541+00
a3b54ba8-e4cb-40a1-8e86-88625ff7492e,/srv/fim-watch/gen_00121.txt,file_modified,alert_only,high,2026-09-18 02:58:52.302656+00,2026-09-18 03:02:57.114932+00
e42a59d9-fab6-4ee2-9175-905daea3f7ba,/srv/fim-watch/gen_00121.txt,file_modified,alert_only,high,2026-09-18 02:58:52.40315+00,2026-09-18 03:02:57.13024+00
ec20ca7e-7b7f-4fca-b3e9-d9b717946370,/srv/fim-watch/gen_00121.txt,file_modified,alert_only,high,2026-09-18 02:58:52.503225+00,2026-09-18 03:02:57.146304+00
07df991e-bd4c-4b67-9be4-4dc27f03167b,/srv/fim-watch/gen_00084.txt,file_modified,alert_only,high,2026-09-18 02:58:52.603233+00,2026-09-18 03:02:57.161752+00
382ca05f-24ca-4573-aa8a-d3dd6a4f0651,/srv/fim-watch/gen_00084.txt,file_modified,alert_only,high,2026-09-18 02:58:52.703437+00,2026-09-18 03:02:57.17721+00
16b624ae-d220-498f-a5e1-19bd681d1c7d,/srv/fim-watch/gen_00100.txt,file_modified,alert_only,high,2026-09-18 02:58:52.902889+00,2026-09-18 03:02:57.192569+00
f3158b8c-a44e-48fe-9ffb-23246a808a5a,/srv/fim-watch/gen_00060.txt,file_modified,alert_only,high,2026-09-18 02:58:53.003435+00,2026-09-18 03:02:57.208186+00
5ad6dd18-6940-495e-969a-fc629f111c64,/srv/fim-watch/gen_00060.txt,file_modified,alert_only,high,2026-09-18 02:58:53.10316+00,2026-09-18 03:02:57.223494+00
19c4eddb-ca24-4836-ac91-8609e1321631,/srv/fim-watch/gen_00067.txt,file_modified,alert_only,high,2026-09-18 02:58:53.203143+00,2026-09-18 03:02:57.238869+00
351b0a61-c37c-4130-91fc-31b436d1750d,/srv/fim-watch/gen_00042.txt,file_modified,alert_only,high,2026-09-18 02:58:53.303237+00,2026-09-18 03:02:57.254404+00
0808db03-adec-4eb8-ae99-a3ad93ce0e41,/srv/fim-watch/gen_00137.txt,file_modified,alert_only,high,2026-09-18 02:58:53.402847+00,2026-09-18 03:02:57.270198+00
e92110f6-f65b-46ed-bb8a-5331bb1e56e5,/srv/fim-watch/gen_00137.txt,file_deleted,alert_only,high,2026-09-18 02:58:53.502807+00,2026-09-18 03:02:57.286422+00
9b4b9f97-60b4-4a7e-a3c9-1ef46153ffb4,/srv/fim-watch/critico/gen_00061.txt,file_modified,alert_only,critical,2026-09-18 02:58:53.603452+00,2026-09-18 03:02:57.302943+00
c14a4833-ca90-4e8f-a486-978b737b3160,/srv/fim-watch/gen_00121.txt,file_deleted,alert_only,high,2026-09-18 02:58:53.702897+00,2026-09-18 03:02:57.318125+00
c9942254-1ec0-479d-b287-aaee9f10e299,/srv/fim-watch/gen_00085.txt,file_modified,alert_only,high,2026-09-18 02:58:53.80292+00,2026-09-18 03:02:57.331796+00
40f57543-75e2-4849-b3b5-b76cd4769978,/srv/fim-watch/gen_00085.txt,file_modified,alert_only,high,2026-09-18 02:58:53.90293+00,2026-09-18 03:02:57.345619+00
0f8a4a5a-e15d-4f24-b782-e898e6861e22,/srv/fim-watch/gen_00116.txt,file_modified,alert_only,high,2026-09-18 02:58:54.003324+00,2026-09-18 03:02:57.36023+00
ca7ba9c3-fa8c-4973-8292-e847cc99d335,/srv/fim-watch/gen_00136.txt,file_modified,alert_only,high,2026-09-18 02:58:54.10337+00,2026-09-18 03:02:57.375734+00
5c542058-ac9d-4193-872d-4d8396962c27,/srv/fim-watch/gen_00029.txt,file_modified,alert_only,high,2026-09-18 02:58:54.203241+00,2026-09-18 03:02:57.392543+00
f6009b4f-3f1c-4c83-881a-f6d4e8fa1f63,/srv/fim-watch/critico/gen_00123.txt,file_modified,alert_only,critical,2026-09-18 02:58:54.303532+00,2026-09-18 03:02:57.419853+00
3c463fd0-2d1a-4961-9863-7a729d045060,/srv/fim-watch/gen_00062.txt,file_modified,alert_only,high,2026-09-18 02:58:54.403043+00,2026-09-18 03:02:57.427231+00
0687c6c4-2f2e-46a4-be00-b075cc89212e,/srv/fim-watch/gen_00065.txt,file_modified,alert_only,high,2026-09-18 02:58:54.503182+00,2026-09-18 03:02:57.443778+00
04038c1a-6e3c-43c6-8f2a-4728fb1515a3,/srv/fim-watch/gen_00106.txt,file_modified,alert_only,high,2026-09-18 02:58:54.603422+00,2026-09-18 03:02:57.460265+00
e91f8354-2b0c-4fb6-90dd-a48f8e375a79,/srv/fim-watch/critico/gen_00138.txt,file_modified,alert_only,critical,2026-09-18 02:58:54.703049+00,2026-09-18 03:02:57.47649+00
95b61d05-a040-4e53-8776-0cf5c6f5b6cf,/srv/fim-watch/critico/gen_00138.txt,file_deleted,alert_only,critical,2026-09-18 02:58:54.803239+00,2026-09-18 03:02:57.49248+00
304ca56b-6e11-44b4-a553-00410a1c1edf,/srv/fim-watch/gen_00054.txt,file_modified,alert_only,high,2026-09-18 02:58:54.902967+00,2026-09-18 03:02:57.508595+00
e537e1de-f358-40d1-a418-e0f721033d45,/srv/fim-watch/gen_00072.txt,file_deleted,alert_only,high,2026-09-18 02:58:55.102579+00,2026-09-18 03:02:57.524436+00
237c2761-d07e-45e8-9f4e-62e047dad752,/srv/fim-watch/gen_00116.txt,file_modified,alert_only,high,2026-09-18 02:58:55.202822+00,2026-09-18 03:02:57.539857+00
c9c07120-c72e-4350-902d-9cb59f11c2d0,/srv/fim-watch/gen_00116.txt,file_modified,alert_only,high,2026-09-18 02:58:55.303386+00,2026-09-18 03:02:57.555422+00
bb749341-5568-4cc1-8d3a-58abb4f91078,/srv/fim-watch/gen_00116.txt,file_modified,alert_only,high,2026-09-18 02:58:55.403121+00,2026-09-18 03:02:57.571361+00
37314945-2d01-4632-8d92-d0098d3b7ee9,/srv/fim-watch/gen_00116.txt,file_modified,alert_only,high,2026-09-18 02:58:55.50281+00,2026-09-18 03:02:57.587061+00
4c445de4-b074-4dad-967a-3d5f85450fbd,/srv/fim-watch/gen_00116.txt,file_modified,alert_only,high,2026-09-18 02:58:55.603121+00,2026-09-18 03:02:57.603448+00
0e70bc1f-8960-45ff-9ddb-69a6688cad0b,/srv/fim-watch/gen_00078.txt,file_modified,alert_only,high,2026-09-18 02:58:55.703134+00,2026-09-18 03:02:57.618517+00
e4362b0e-6f22-4ccc-92de-2712af7b9ca1,/srv/fim-watch/gen_00140.txt,file_modified,alert_only,high,2026-09-18 02:58:55.802811+00,2026-09-18 03:02:57.633644+00
1b1ad7fc-64f6-452b-ad41-dcc27ac6bd9f,/srv/fim-watch/gen_00086.txt,file_modified,alert_only,high,2026-09-18 02:58:55.902918+00,2026-09-18 03:02:57.649644+00
f40c55f7-89f1-45eb-b58d-cb267340e10b,/srv/fim-watch/gen_00086.txt,file_modified,alert_only,high,2026-09-18 02:58:56.00297+00,2026-09-18 03:02:57.666318+00
979a2ad0-ec7f-40e7-9515-e1a12bec6c69,/srv/fim-watch/gen_00086.txt,file_modified,alert_only,high,2026-09-18 02:58:56.10299+00,2026-09-18 03:02:57.682956+00
74fd9a79-4d36-40e2-a8f7-d067a8996812,/srv/fim-watch/gen_00086.txt,file_modified,alert_only,high,2026-09-18 02:58:56.203146+00,2026-09-18 03:02:57.698283+00
a47a2735-7958-4c73-90b3-a50e697d71c9,/srv/fim-watch/gen_00086.txt,file_modified,alert_only,high,2026-09-18 02:58:56.303162+00,2026-09-18 03:02:57.713404+00
ade22baf-ca09-459c-a66e-ac103f80c1e0,/srv/fim-watch/critico/gen_00141.txt,file_modified,alert_only,critical,2026-09-18 02:58:56.403077+00,2026-09-18 03:02:57.728325+00
74c09dba-6d13-4a11-a7bf-5051dded0a8b,/srv/fim-watch/gen_00088.txt,file_modified,alert_only,high,2026-09-18 02:58:56.503381+00,2026-09-18 03:02:57.746183+00
d3a4ad40-bc20-494c-ae84-ec7e174ff01b,/srv/fim-watch/gen_00140.txt,file_modified,alert_only,high,2026-09-18 02:58:56.603138+00,2026-09-18 03:02:57.762329+00
f4a6de97-2669-49b1-bb85-945612c15e72,/srv/fim-watch/gen_00073.txt,file_modified,alert_only,high,2026-09-18 02:58:56.702451+00,2026-09-18 03:02:57.778065+00
cc6dd250-87e9-4907-9e29-606629e130c8,/srv/fim-watch/gen_00135.txt,file_modified,alert_only,high,2026-09-18 02:58:56.802544+00,2026-09-18 03:02:57.794951+00
bde7c0bf-bfd7-4c99-9c29-e60f12e162ba,/srv/fim-watch/gen_00102.txt,file_modified,alert_only,high,2026-09-18 02:58:56.902843+00,2026-09-18 03:02:57.809572+00
33c88974-630e-4964-9f45-3393c43a39d2,/srv/fim-watch/gen_00050.txt,file_modified,alert_only,high,2026-09-18 02:58:57.002525+00,2026-09-18 03:02:57.830457+00
6939cad3-cb92-420a-bee7-4926416fcd6f,/srv/fim-watch/gen_00117.txt,file_modified,alert_only,high,2026-09-18 02:58:57.105197+00,2026-09-18 03:02:57.8512+00
62d54fd0-8cf3-4612-a0fc-f1af14da3246,/srv/fim-watch/gen_00142.txt,file_modified,alert_only,high,2026-09-18 02:58:57.203135+00,2026-09-18 03:02:57.86917+00
89765876-a9e4-429c-a7c8-1f515a611d1c,/srv/fim-watch/gen_00131.txt,file_modified,alert_only,high,2026-09-18 02:58:57.303031+00,2026-09-18 03:02:57.882867+00
74a8e75b-7b22-40c2-a673-e638620551cf,/srv/fim-watch/gen_00089.txt,file_modified,alert_only,high,2026-09-18 02:58:57.402625+00,2026-09-18 03:02:57.898009+00
5f048b1c-d631-4e76-b21a-e72696282ce2,/srv/fim-watch/gen_00128.txt,file_modified,alert_only,high,2026-09-18 02:58:57.50311+00,2026-09-18 03:02:57.91194+00
726e5138-2fc2-4584-94b5-289dce18fe19,/srv/fim-watch/critico/gen_00061.txt,file_modified,alert_only,critical,2026-09-18 02:58:57.603618+00,2026-09-18 03:02:57.927372+00
065a8e26-5587-4307-b0d0-97513f268d82,/srv/fim-watch/critico/gen_00061.txt,file_modified,alert_only,critical,2026-09-18 02:58:57.703086+00,2026-09-18 03:02:57.943448+00
0d155d8f-6e43-4ad7-a435-8870f4461f8b,/srv/fim-watch/gen_00086.txt,file_modified,alert_only,high,2026-09-18 02:58:57.803263+00,2026-09-18 03:02:57.960305+00
b67905f8-e61a-41e9-96af-fc6bbb4d3b4b,/srv/fim-watch/gen_00143.txt,file_modified,alert_only,high,2026-09-18 02:58:57.902941+00,2026-09-18 03:02:57.976188+00
a5bb2af3-d256-4379-aeb8-0b458cbdf449,/srv/fim-watch/gen_00143.txt,file_deleted,alert_only,high,2026-09-18 02:58:58.00295+00,2026-09-18 03:02:57.99194+00
84745095-54e2-439c-994f-bee55c5da58f,/srv/fim-watch/gen_00054.txt,file_modified,alert_only,high,2026-09-18 02:58:58.103611+00,2026-09-18 03:02:58.006869+00
6fbfbb9f-b475-4e5e-ad6e-c8ded81ec05c,/srv/fim-watch/gen_00054.txt,file_modified,alert_only,high,2026-09-18 02:58:58.202589+00,2026-09-18 03:02:58.020799+00
3b43f1f2-c244-45d5-be34-890025a8ab19,/srv/fim-watch/gen_00054.txt,file_modified,alert_only,high,2026-09-18 02:58:58.303598+00,2026-09-18 03:02:58.037616+00
458adfdf-421f-4370-acc6-bf6c54158955,/srv/fim-watch/gen_00054.txt,file_modified,alert_only,high,2026-09-18 02:58:58.403686+00,2026-09-18 03:02:58.05268+00
89c5f0ce-3570-455f-8a6d-eece1d6a249e,/srv/fim-watch/gen_00054.txt,file_modified,alert_only,high,2026-09-18 02:58:58.503558+00,2026-09-18 03:02:58.066773+00
6b276b17-51a0-48bf-9fcc-ee236676eaa7,/srv/fim-watch/gen_00117.txt,file_modified,alert_only,high,2026-09-18 02:58:58.603654+00,2026-09-18 03:02:58.080001+00
890ff658-6d22-4f97-971b-1ae8ed2a9fba,/srv/fim-watch/gen_00117.txt,file_modified,alert_only,high,2026-09-18 02:58:58.703533+00,2026-09-18 03:02:58.093265+00
f6c8894e-a7d3-4c24-bda9-108c4a307917,/srv/fim-watch/critico/gen_00144.txt,file_modified,alert_only,critical,2026-09-18 02:58:58.803321+00,2026-09-18 03:02:58.109971+00
70d2c866-fb52-413f-ae9e-75808c37944a,/srv/fim-watch/gen_00054.txt,file_modified,alert_only,high,2026-09-18 02:58:58.903132+00,2026-09-18 03:02:58.127094+00
df1de56a-04ec-431c-adaf-4b72def5d94d,/srv/fim-watch/gen_00145.txt,file_modified,alert_only,high,2026-09-18 02:58:59.003264+00,2026-09-18 03:02:58.146203+00
8ee74833-8a1d-4969-aab6-7229a3a84334,/srv/fim-watch/gen_00105.txt,file_modified,alert_only,high,2026-09-18 02:58:59.103082+00,2026-09-18 03:02:58.164444+00
aea94194-cb59-4e2e-9b95-6c0a781c5edb,/srv/fim-watch/gen_00016.txt,file_modified,alert_only,high,2026-09-18 02:58:59.203358+00,2026-09-18 03:02:58.182558+00
a9453a2d-98ce-4bcf-8319-e4dbda50d7a9,/srv/fim-watch/gen_00016.txt,file_modified,alert_only,high,2026-09-18 02:58:59.303146+00,2026-09-18 03:02:58.196948+00
0346a692-c67f-4815-af0f-19d94f0d839b,/srv/fim-watch/critico/gen_00144.txt,file_modified,alert_only,critical,2026-09-18 02:58:59.403278+00,2026-09-18 03:02:58.220527+00
9f3c80cb-8145-4a2a-a09a-948815051872,/srv/fim-watch/gen_00146.txt,file_modified,alert_only,high,2026-09-18 02:58:59.503511+00,2026-09-18 03:02:58.22674+00
f95e89a8-e4a5-4991-9ee8-53fa0e8c180d,/srv/fim-watch/gen_00098.txt,file_modified,alert_only,high,2026-09-18 02:58:59.603007+00,2026-09-18 03:02:58.242381+00
2e9b8681-7f60-4844-afa8-bed2b57eebe9,/srv/fim-watch/gen_00098.txt,file_modified,alert_only,high,2026-09-18 02:58:59.703631+00,2026-09-18 03:02:58.256482+00
b8d3cf57-2083-4dfe-b39f-0c3746e7765a,/srv/fim-watch/gen_00128.txt,file_modified,alert_only,high,2026-09-18 02:58:59.803396+00,2026-09-18 03:02:58.27079+00
60dabce7-3191-4615-8b7f-af37975a534e,/srv/fim-watch/gen_00074.txt,file_modified,alert_only,high,2026-09-18 02:58:59.902995+00,2026-09-18 03:02:58.286602+00
4efb798c-79e9-4396-a77c-0dde97b040d4,/srv/fim-watch/gen_00073.txt,file_modified,alert_only,high,2026-09-18 02:59:00.003091+00,2026-09-18 03:02:58.3026+00
f25f4e3d-eb34-4610-ad29-4cf43ea05758,/srv/fim-watch/gen_00135.txt,file_modified,alert_only,high,2026-09-18 02:59:00.103047+00,2026-09-18 03:02:58.317775+00
e94f4ea9-cb07-40b4-bcd1-51f522860f6d,/srv/fim-watch/gen_00100.txt,file_modified,alert_only,high,2026-09-18 02:59:00.203046+00,2026-09-18 03:02:58.331713+00
ab75b978-d46e-44de-a358-1ca8abf74469,/srv/fim-watch/gen_00115.txt,file_modified,alert_only,high,2026-09-18 02:59:00.303575+00,2026-09-18 03:02:58.346416+00
5f807212-016a-489a-a71a-99cc04b2c84f,/srv/fim-watch/gen_00147.txt,file_modified,alert_only,high,2026-09-18 02:59:00.403096+00,2026-09-18 03:02:58.361934+00
9a005aaf-d119-4e9e-a4bf-c6234552bcc9,/srv/fim-watch/critico/gen_00091.txt,file_deleted,alert_only,critical,2026-09-18 02:59:00.502591+00,2026-09-18 03:02:58.377558+00
ecbfd190-e5f9-4438-b4b7-7de048d816bb,/srv/fim-watch/gen_00062.txt,file_modified,alert_only,high,2026-09-18 02:59:00.603242+00,2026-09-18 03:02:58.393122+00
3272dc17-7670-4956-ad3c-cc1ad01c092c,/srv/fim-watch/gen_00132.txt,file_modified,alert_only,high,2026-09-18 02:59:00.70329+00,2026-09-18 03:02:58.40849+00
29ebffea-5195-44f6-8a9e-e979d0dda586,/srv/fim-watch/gen_00048.txt,file_modified,alert_only,high,2026-09-18 02:59:00.803105+00,2026-09-18 03:02:58.423906+00
d2be0466-d580-451d-ac04-4cf35901dc18,/srv/fim-watch/gen_00136.txt,file_modified,alert_only,high,2026-09-18 02:59:00.903094+00,2026-09-18 03:02:58.441015+00
b5140b8a-862f-4ac2-970d-7d5b81fc6f8e,/srv/fim-watch/gen_00109.txt,file_deleted,alert_only,high,2026-09-18 02:59:01.003187+00,2026-09-18 03:02:58.454512+00
914c60ec-f062-4854-88c2-0d7b12ca9053,/srv/fim-watch/gen_00085.txt,file_modified,alert_only,high,2026-09-18 02:59:01.103098+00,2026-09-18 03:02:58.46806+00
cb033730-0bab-4c36-aea0-780b4d976081,/srv/fim-watch/gen_00085.txt,file_modified,alert_only,high,2026-09-18 02:59:01.203207+00,2026-09-18 03:02:58.481379+00
e6b0da37-d399-4f1e-a193-e14adb349e8d,/srv/fim-watch/critico/gen_00130.txt,file_modified,alert_only,critical,2026-09-18 02:59:01.303066+00,2026-09-18 03:02:58.496083+00
1ece98a3-396d-4d1a-96df-d953a44c5a59,/srv/fim-watch/gen_00006.txt,file_modified,alert_only,high,2026-09-18 02:59:01.403085+00,2026-09-18 03:02:58.512552+00
6111c021-dc3b-4951-86e6-e431830d7adf,/srv/fim-watch/gen_00148.txt,file_modified,alert_only,high,2026-09-18 02:59:01.503122+00,2026-09-18 03:02:58.529021+00
4d033f5a-6c3b-436f-9e3a-ff2980a525c9,/srv/fim-watch/gen_00116.txt,file_deleted,alert_only,high,2026-09-18 02:59:01.602931+00,2026-09-18 03:02:58.545777+00
b6d6d79b-40bf-440f-bdd7-71c247c2ad01,/srv/fim-watch/gen_00148.txt,file_modified,alert_only,high,2026-09-18 02:59:01.703506+00,2026-09-18 03:02:58.56361+00
29051e94-7a1e-439b-ae53-e7ad6308077c,/srv/fim-watch/gen_00148.txt,file_modified,alert_only,high,2026-09-18 02:59:01.803504+00,2026-09-18 03:02:58.581978+00
636e6ccd-ec77-4ab1-9ddb-a2f544ff700a,/srv/fim-watch/gen_00148.txt,file_modified,alert_only,high,2026-09-18 02:59:01.903498+00,2026-09-18 03:02:58.598656+00
0bf1749d-3c5e-42a9-b80b-779f4c608622,/srv/fim-watch/gen_00148.txt,file_modified,alert_only,high,2026-09-18 02:59:02.003185+00,2026-09-18 03:02:58.613584+00
d60f69ff-ee2b-4467-95dd-7a2255f83407,/srv/fim-watch/gen_00148.txt,file_modified,alert_only,high,2026-09-18 02:59:02.103084+00,2026-09-18 03:02:58.629141+00
f60c1712-fe15-48b1-8f48-bebe3944ba5e,/srv/fim-watch/gen_00064.txt,file_modified,alert_only,high,2026-09-18 02:59:02.203267+00,2026-09-18 03:02:58.645923+00
0101440b-a1bb-496a-8faa-86cba9b5f407,/srv/fim-watch/gen_00064.txt,file_modified,alert_only,high,2026-09-18 02:59:02.303039+00,2026-09-18 03:02:58.661286+00
c789c08c-fab4-474b-91df-3b6c612374f4,/srv/fim-watch/gen_00085.txt,file_deleted,alert_only,high,2026-09-18 02:59:02.402541+00,2026-09-18 03:02:58.675607+00
3f2f3eb7-fb35-4466-a4a8-c74e89e1130b,/srv/fim-watch/critico/gen_00144.txt,file_modified,alert_only,critical,2026-09-18 02:59:02.603505+00,2026-09-18 03:02:58.690192+00
ea5e0b6b-5ad6-4280-a7bc-f31fc8362d94,/srv/fim-watch/gen_00103.txt,file_modified,alert_only,high,2026-09-18 02:59:02.703381+00,2026-09-18 03:02:58.70502+00
693a6f64-2d7d-4bff-abb8-2feda6610c3c,/srv/fim-watch/gen_00106.txt,file_modified,alert_only,high,2026-09-18 02:59:02.803316+00,2026-09-18 03:02:58.719724+00
959e2dcc-c427-4162-859b-b65028fb6a19,/srv/fim-watch/gen_00131.txt,file_deleted,alert_only,high,2026-09-18 02:59:02.903157+00,2026-09-18 03:02:58.734194+00
b6f5da6d-ae27-4b90-9017-75b890c54ed8,/srv/fim-watch/gen_00096.txt,file_modified,alert_only,high,2026-09-18 02:59:03.003031+00,2026-09-18 03:02:58.748582+00
c206451a-7c76-4fa3-adf3-b3d5f746cab8,/srv/fim-watch/critico/gen_00150.txt,file_modified,alert_only,critical,2026-09-18 02:59:03.102536+00,2026-09-18 03:02:58.76322+00
4011d877-96ad-4213-b8db-39de8f0ddf36,/srv/fim-watch/gen_00151.txt,file_modified,alert_only,high,2026-09-18 02:59:03.202999+00,2026-09-18 03:02:58.777934+00
d918d943-8398-4089-a25e-f7d5faaba2be,/srv/fim-watch/gen_00084.txt,file_modified,alert_only,high,2026-09-18 02:59:03.40291+00,2026-09-18 03:02:58.793507+00
bc3da7cc-7f95-4c32-8b9e-9fb16d437a1d,/srv/fim-watch/gen_00127.txt,file_deleted,alert_only,high,2026-09-18 02:59:03.603344+00,2026-09-18 03:02:58.809823+00
c085bc68-f489-4d41-9e4f-6a0a5037d8c4,/srv/fim-watch/gen_00154.txt,file_modified,alert_only,high,2026-09-18 02:59:03.703175+00,2026-09-18 03:02:58.825645+00
312c92c5-4bfd-482f-b48f-09e26a4e83f4,/srv/fim-watch/critico/gen_00150.txt,file_modified,alert_only,critical,2026-09-18 02:59:03.803307+00,2026-09-18 03:02:58.841742+00
326a5670-00cb-49ba-b97e-ae2a99693a83,/srv/fim-watch/gen_00155.txt,file_modified,alert_only,high,2026-09-18 02:59:03.903413+00,2026-09-18 03:02:58.857261+00
92de6317-e1f9-430a-8ac3-a24c6676e2a6,/srv/fim-watch/gen_00147.txt,file_modified,alert_only,high,2026-09-18 02:59:04.003324+00,2026-09-18 03:02:58.87184+00
77825c18-a04d-4c5c-bc80-95875bfbce64,/srv/fim-watch/gen_00120.txt,file_modified,alert_only,high,2026-09-18 02:59:04.103249+00,2026-09-18 03:02:58.886914+00
e014b56c-01c6-4ece-97eb-65d556031823,/srv/fim-watch/gen_00120.txt,file_modified,alert_only,high,2026-09-18 02:59:04.203494+00,2026-09-18 03:02:58.902757+00
77bb7577-c27d-4f21-a702-06742583b295,/srv/fim-watch/gen_00151.txt,file_modified,alert_only,high,2026-09-18 02:59:04.403251+00,2026-09-18 03:02:58.919288+00
8692bdfa-ee8a-40fe-b687-308d6a6585d4,/srv/fim-watch/gen_00125.txt,file_modified,alert_only,high,2026-09-18 02:59:04.50325+00,2026-09-18 03:02:58.935869+00
1b6eb2ed-bba2-4b71-921b-8b8812ba8da0,/srv/fim-watch/critico/gen_00144.txt,file_deleted,alert_only,critical,2026-09-18 02:59:04.603309+00,2026-09-18 03:02:58.952446+00
998feb02-e26c-42b3-ad31-44618d897ad4,/srv/fim-watch/gen_00155.txt,file_modified,alert_only,high,2026-09-18 02:59:04.703062+00,2026-09-18 03:02:58.969637+00
be4006e6-d5cb-4c69-b9d0-d4522ea4a65f,/srv/fim-watch/gen_00078.txt,file_modified,alert_only,high,2026-09-18 02:59:04.803233+00,2026-09-18 03:02:58.9958+00
51885a02-2432-4ff0-960a-78811cec69ee,/srv/fim-watch/gen_00157.txt,file_modified,alert_only,high,2026-09-18 02:59:04.903336+00,2026-09-18 03:02:59.002435+00
bb171a69-cc43-4f63-811a-e317eb5c1353,/srv/fim-watch/gen_00151.txt,file_modified,alert_only,high,2026-09-18 02:59:05.003262+00,2026-09-18 03:02:59.017086+00
f19eaa25-de77-49ad-b27e-1a6707a91e9f,/srv/fim-watch/gen_00158.txt,file_modified,alert_only,high,2026-09-18 02:59:05.103217+00,2026-09-18 03:02:59.03125+00
b4a1a283-e8cd-4c6f-a503-5d7e33e5c021,/srv/fim-watch/gen_00142.txt,file_modified,alert_only,high,2026-09-18 02:59:05.202934+00,2026-09-18 03:02:59.046152+00
b20fc4b5-516c-4eac-8b68-4263c51d5061,/srv/fim-watch/gen_00142.txt,file_modified,alert_only,high,2026-09-18 02:59:05.30326+00,2026-09-18 03:02:59.059925+00
6fd7a027-985b-448c-a833-b02efe24cd70,/srv/fim-watch/gen_00142.txt,file_modified,alert_only,high,2026-09-18 02:59:05.403206+00,2026-09-18 03:02:59.074085+00
9e15d336-cc72-4d83-82cb-17d4a5989ae3,/srv/fim-watch/gen_00142.txt,file_modified,alert_only,high,2026-09-18 02:59:05.504019+00,2026-09-18 03:02:59.089086+00
56d8d072-1e38-47d1-977f-ffea1ea0c706,/srv/fim-watch/gen_00142.txt,file_modified,alert_only,high,2026-09-18 02:59:05.603635+00,2026-09-18 03:02:59.105894+00
987b5081-312e-48e4-b82f-71d4d86936e2,/srv/fim-watch/gen_00159.txt,file_modified,alert_only,high,2026-09-18 02:59:05.703212+00,2026-09-18 03:02:59.124404+00
f872a5e1-ee5c-4aa1-9283-aa35fa7b77a5,/srv/fim-watch/gen_00160.txt,file_modified,alert_only,high,2026-09-18 02:59:05.803207+00,2026-09-18 03:02:59.142672+00
98329dcb-1800-4e02-b079-1979a043c584,/srv/fim-watch/gen_00050.txt,file_modified,alert_only,high,2026-09-18 02:59:05.903386+00,2026-09-18 03:02:59.159178+00
ae92aff1-c4c3-49dc-b07a-9f289317724e,/srv/fim-watch/gen_00078.txt,file_modified,alert_only,high,2026-09-18 02:59:06.00378+00,2026-09-18 03:02:59.174359+00
77ff5fce-44bb-44c1-9302-f819075483bb,/srv/fim-watch/gen_00151.txt,file_modified,alert_only,high,2026-09-18 02:59:06.103378+00,2026-09-18 03:02:59.189107+00
7f4192ef-d163-48d7-b01e-7a1255638b56,/srv/fim-watch/gen_00161.txt,file_modified,alert_only,high,2026-09-18 02:59:06.203221+00,2026-09-18 03:02:59.203683+00
474310ee-0f6f-4d72-912f-b8c999c1612c,/srv/fim-watch/gen_00062.txt,file_modified,alert_only,high,2026-09-18 02:59:06.30333+00,2026-09-18 03:02:59.217997+00
b1bac0a4-f179-4a14-ac52-349f9db86bb9,/srv/fim-watch/gen_00062.txt,file_modified,alert_only,high,2026-09-18 02:59:06.403257+00,2026-09-18 03:02:59.23246+00
5502d2bc-836c-41fa-b38f-e2bd737127fc,/srv/fim-watch/gen_00099.txt,file_deleted,alert_only,high,2026-09-18 02:59:06.503219+00,2026-09-18 03:02:59.247111+00
45641d9b-a4a4-4a02-8c50-e12b53dde17a,/srv/fim-watch/gen_00054.txt,file_modified,alert_only,high,2026-09-18 02:59:06.603502+00,2026-09-18 03:02:59.262265+00
b42afeb8-43b3-49a3-af61-89be3daad035,/srv/fim-watch/gen_00054.txt,file_modified,alert_only,high,2026-09-18 02:59:06.703356+00,2026-09-18 03:02:59.277931+00
cad9c459-c49b-40ac-90fc-73c543dfeba3,/srv/fim-watch/critico/gen_00053.txt,file_modified,alert_only,critical,2026-09-18 02:59:06.803492+00,2026-09-18 03:02:59.293457+00
a341f8ce-9372-45dd-8f91-fb70d5781671,/srv/fim-watch/critico/gen_00053.txt,file_modified,alert_only,critical,2026-09-18 02:59:06.903429+00,2026-09-18 03:02:59.309264+00
b5bc0422-6957-4f4b-9bb3-ce37b323274b,/srv/fim-watch/gen_00159.txt,file_modified,alert_only,high,2026-09-18 02:59:07.004133+00,2026-09-18 03:02:59.325834+00
53ccb13a-7685-45da-9610-7ba8a2f0f7a8,/srv/fim-watch/gen_00151.txt,file_modified,alert_only,high,2026-09-18 02:59:07.10314+00,2026-09-18 03:02:59.339644+00
10c1c17b-10e2-4f00-977a-8085e0d67cd8,/srv/fim-watch/gen_00151.txt,file_modified,alert_only,high,2026-09-18 02:59:07.20356+00,2026-09-18 03:02:59.355845+00
97616887-79e8-472e-86e3-8c1fafdcbf14,/srv/fim-watch/gen_00115.txt,file_modified,alert_only,high,2026-09-18 02:59:07.303219+00,2026-09-18 03:02:59.371646+00
d90f6e0b-81f8-4d72-8a03-594e356256fb,/srv/fim-watch/gen_00162.txt,file_modified,alert_only,high,2026-09-18 02:59:07.403811+00,2026-09-18 03:02:59.387568+00
56cd5390-8d7a-4d03-b8a1-ad389e936abb,/srv/fim-watch/gen_00100.txt,file_modified,alert_only,high,2026-09-18 02:59:07.502839+00,2026-09-18 03:02:59.402906+00
8600e42e-6db2-4434-825a-471e4bb4bad1,/srv/fim-watch/gen_00100.txt,file_modified,alert_only,high,2026-09-18 02:59:07.603697+00,2026-09-18 03:02:59.418667+00
e42c8e27-dfd8-43cc-b102-6b004a973cea,/srv/fim-watch/gen_00006.txt,file_modified,alert_only,high,2026-09-18 02:59:07.703163+00,2026-09-18 03:02:59.434407+00
64f82c3c-578c-453f-bb90-3855105dab01,/srv/fim-watch/gen_00049.txt,file_modified,alert_only,high,2026-09-18 02:59:07.80328+00,2026-09-18 03:02:59.45089+00
218d780d-8957-4228-a34a-159e30296b97,/srv/fim-watch/gen_00161.txt,file_modified,alert_only,high,2026-09-18 02:59:07.903372+00,2026-09-18 03:02:59.467495+00
3a91484b-b745-4657-90a8-f4813d5edb9c,/srv/fim-watch/gen_00160.txt,file_modified,alert_only,high,2026-09-18 02:59:08.003546+00,2026-09-18 03:02:59.483233+00
30763fd0-57a0-4e4b-93a0-25ab67fd4135,/srv/fim-watch/gen_00122.txt,file_modified,alert_only,high,2026-09-18 02:59:08.10263+00,2026-09-18 03:02:59.499711+00
bf18dc3c-47bc-42f1-b5eb-afec3abcd6ae,/srv/fim-watch/gen_00155.txt,file_modified,alert_only,high,2026-09-18 02:59:08.203114+00,2026-09-18 03:02:59.5162+00
63ff106f-018f-481a-92cc-eaa25c270c4d,/srv/fim-watch/gen_00065.txt,file_modified,alert_only,high,2026-09-18 02:59:08.303236+00,2026-09-18 03:02:59.533121+00
2daaf4df-8646-4284-b0f1-8a5ee7927026,/srv/fim-watch/gen_00065.txt,file_modified,alert_only,high,2026-09-18 02:59:08.403429+00,2026-09-18 03:02:59.548842+00
774fdbd8-0c42-4301-a18c-302c682cc6bb,/srv/fim-watch/gen_00126.txt,file_modified,alert_only,high,2026-09-18 02:59:08.602816+00,2026-09-18 03:02:59.564939+00
a96a3aa1-95dd-4c34-8eea-3d410c1d5850,/srv/fim-watch/gen_00164.txt,file_modified,alert_only,high,2026-09-18 02:59:08.70271+00,2026-09-18 03:02:59.580605+00
175bfe9a-c93a-4476-9f80-4a433b4f708a,/srv/fim-watch/gen_00164.txt,file_deleted,alert_only,high,2026-09-18 02:59:08.802412+00,2026-09-18 03:02:59.596102+00
2ac3fc95-04d1-4e0a-97c6-6c279a11ad95,/srv/fim-watch/gen_00078.txt,file_modified,alert_only,high,2026-09-18 02:59:09.002964+00,2026-09-18 03:02:59.611562+00
0e2b7388-6e56-469e-b9ee-ae73c497ece1,/srv/fim-watch/gen_00125.txt,file_modified,alert_only,high,2026-09-18 02:59:09.102923+00,2026-09-18 03:02:59.626936+00
885d8e2f-4421-4fb6-ab12-27bbbf8181a8,/srv/fim-watch/gen_00057.txt,file_modified,alert_only,high,2026-09-18 02:59:09.202613+00,2026-09-18 03:02:59.642065+00
397027d9-0182-4d2f-991f-d7e84976f78d,/srv/fim-watch/gen_00124.txt,file_modified,alert_only,high,2026-09-18 02:59:09.302381+00,2026-09-18 03:02:59.657471+00
a22d7b33-294d-4be8-866d-0ed5a13c236b,/srv/fim-watch/gen_00158.txt,file_modified,alert_only,high,2026-09-18 02:59:09.503539+00,2026-09-18 03:02:59.673395+00
c67ab811-f056-4573-a8bd-f8a1289c7159,/srv/fim-watch/gen_00088.txt,file_modified,alert_only,high,2026-09-18 02:59:09.604046+00,2026-09-18 03:02:59.689662+00
1703bbdc-11e8-45ff-a983-76589ab6c2c1,/srv/fim-watch/gen_00048.txt,file_modified,alert_only,high,2026-09-18 02:59:09.703445+00,2026-09-18 03:02:59.705939+00
a86e266a-f526-470f-b6c0-ad5808fc0296,/srv/fim-watch/critico/gen_00150.txt,file_modified,alert_only,critical,2026-09-18 02:59:09.803657+00,2026-09-18 03:02:59.722232+00
f3aacd0b-c7db-499e-9fa5-764786374ee5,/srv/fim-watch/gen_00161.txt,file_modified,alert_only,high,2026-09-18 02:59:09.90349+00,2026-09-18 03:02:59.738787+00
4a2b459f-4341-4b15-8473-be362aee2bb3,/srv/fim-watch/gen_00049.txt,file_modified,alert_only,high,2026-09-18 02:59:10.003202+00,2026-09-18 03:02:59.756605+00
38e6e55c-46ec-44e8-92bc-feac1ad8505e,/srv/fim-watch/gen_00049.txt,file_modified,alert_only,high,2026-09-18 02:59:10.103027+00,2026-09-18 03:02:59.786481+00
8c90eb57-2ff9-4e22-87a8-b95381e8f5ef,/srv/fim-watch/gen_00102.txt,file_modified,alert_only,high,2026-09-18 02:59:10.203505+00,2026-09-18 03:02:59.794551+00
4ddf346b-bc6c-4b70-afe6-1d8a73b53a50,/srv/fim-watch/gen_00167.txt,file_modified,alert_only,high,2026-09-18 02:59:10.302794+00,2026-09-18 03:02:59.813622+00
35bc6ccb-32c8-411c-b820-544e02022b64,/srv/fim-watch/gen_00040.txt,file_modified,alert_only,high,2026-09-18 02:59:10.4039+00,2026-09-18 03:02:59.831643+00
c4aece84-1942-4dcd-a405-904ec97a4e28,/srv/fim-watch/gen_00151.txt,file_modified,alert_only,high,2026-09-18 02:59:10.503228+00,2026-09-18 03:02:59.847622+00
064e5072-2389-4d53-88fa-b6997ee0e32b,/srv/fim-watch/gen_00151.txt,file_modified,alert_only,high,2026-09-18 02:59:10.604014+00,2026-09-18 03:02:59.863179+00
8f1c92f5-b9b0-4420-8838-caa0a99e3b12,/srv/fim-watch/gen_00151.txt,file_modified,alert_only,high,2026-09-18 02:59:10.703032+00,2026-09-18 03:02:59.881893+00
4c308998-d38f-4629-8b06-ebdde01a33ea,/srv/fim-watch/gen_00151.txt,file_modified,alert_only,high,2026-09-18 02:59:10.803177+00,2026-09-18 03:02:59.896185+00
bf85a79f-7532-4065-a576-a57c8e42b640,/srv/fim-watch/gen_00151.txt,file_modified,alert_only,high,2026-09-18 02:59:10.903822+00,2026-09-18 03:02:59.914227+00
256b4837-2804-4f76-bf23-70dae19e7e2a,/srv/fim-watch/gen_00033.txt,file_modified,alert_only,high,2026-09-18 02:59:11.003351+00,2026-09-18 03:02:59.930046+00
19d52bc9-483a-469b-95a3-210ec01ca3fc,/srv/fim-watch/gen_00166.txt,file_modified,alert_only,high,2026-09-18 02:59:11.103257+00,2026-09-18 03:02:59.947513+00
ac3db758-117f-477b-b375-40a154b3b77f,/srv/fim-watch/critico/gen_00130.txt,file_modified,alert_only,critical,2026-09-18 02:59:11.203451+00,2026-09-18 03:02:59.962606+00
cb13989e-7b64-47c9-913d-924d3e98b316,/srv/fim-watch/critico/gen_00025.txt,file_modified,alert_only,critical,2026-09-18 02:59:11.303073+00,2026-09-18 03:02:59.97756+00
c77f7fc8-cb16-4ebf-9518-e141064b1e3b,/srv/fim-watch/gen_00054.txt,file_deleted,alert_only,high,2026-09-18 02:59:11.403499+00,2026-09-18 03:02:59.991419+00
fb2cee2a-60ac-46ef-9993-02d74df70d80,/srv/fim-watch/gen_00168.txt,file_modified,alert_only,high,2026-09-18 02:59:11.503121+00,2026-09-18 03:03:00.008086+00
fdbf6207-c14a-4db5-8062-245f3f4e5802,/srv/fim-watch/critico/gen_00169.txt,file_modified,alert_only,critical,2026-09-18 02:59:11.60352+00,2026-09-18 03:03:00.024596+00
be5ff0f2-054a-4d6e-8eea-86f59e598c42,/srv/fim-watch/gen_00170.txt,file_modified,alert_only,high,2026-09-18 02:59:11.703123+00,2026-09-18 03:03:00.04074+00
fb267c8f-37c0-47af-8f10-d3ab4cba9f07,/srv/fim-watch/gen_00033.txt,file_modified,alert_only,high,2026-09-18 02:59:11.80266+00,2026-09-18 03:03:00.058224+00
7c32ffa9-48c2-4866-a694-084deac358f6,/srv/fim-watch/gen_00171.txt,file_modified,alert_only,high,2026-09-18 02:59:11.902789+00,2026-09-18 03:03:00.075439+00
44964040-56bb-473c-b2e2-937c180a7b12,/srv/fim-watch/gen_00172.txt,file_modified,alert_only,high,2026-09-18 02:59:12.002647+00,2026-09-18 03:03:00.090455+00
f67562da-5d36-41ee-9f6e-831631f2052f,/srv/fim-watch/gen_00093.txt,file_modified,alert_only,high,2026-09-18 02:59:12.102372+00,2026-09-18 03:03:00.106063+00
73517c2b-0c8c-431b-81dd-8cad5f9949c7,/srv/fim-watch/gen_00065.txt,file_modified,alert_only,high,2026-09-18 02:59:12.202904+00,2026-09-18 03:03:00.121584+00
eac73a65-66fe-49de-859f-e9e1fcaf41f5,/srv/fim-watch/critico/gen_00156.txt,file_modified,alert_only,critical,2026-09-18 02:59:12.302962+00,2026-09-18 03:03:00.139211+00
9d887446-ebec-47f1-9777-e5231c705797,/srv/fim-watch/gen_00135.txt,file_modified,alert_only,high,2026-09-18 02:59:12.403137+00,2026-09-18 03:03:00.155007+00
e9b1ba22-13aa-454c-bae8-968040d4b1c6,/srv/fim-watch/gen_00089.txt,file_modified,alert_only,high,2026-09-18 02:59:12.503221+00,2026-09-18 03:03:00.170485+00
32d0ef13-4a0d-4bfc-a0c9-0cbd4d390547,/srv/fim-watch/gen_00040.txt,file_modified,alert_only,high,2026-09-18 02:59:12.602352+00,2026-09-18 03:03:00.1882+00
900199cb-ceff-4b30-8787-78f33d03a021,/srv/fim-watch/gen_00006.txt,file_modified,alert_only,high,2026-09-18 02:59:12.703743+00,2026-09-18 03:03:00.203785+00
ff9e4b55-db01-49be-bfd2-74460fc89161,/srv/fim-watch/gen_00140.txt,file_modified,alert_only,high,2026-09-18 02:59:12.803206+00,2026-09-18 03:03:00.220481+00
475f3abf-d79e-42ec-b899-0ff36b0e471e,/srv/fim-watch/gen_00071.txt,file_modified,alert_only,high,2026-09-18 02:59:12.903575+00,2026-09-18 03:03:00.235797+00
61e361d1-24f7-44e1-aef9-caa2eb40e8d9,/srv/fim-watch/gen_00071.txt,file_modified,alert_only,high,2026-09-18 02:59:13.002828+00,2026-09-18 03:03:00.251086+00
3154824b-4917-4906-aeac-c809d6a198e3,/srv/fim-watch/gen_00161.txt,file_modified,alert_only,high,2026-09-18 02:59:13.103205+00,2026-09-18 03:03:00.267429+00
93d7d7f1-3455-499f-a61b-55cce16f5edd,/srv/fim-watch/gen_00168.txt,file_deleted,alert_only,high,2026-09-18 02:59:13.202749+00,2026-09-18 03:03:00.282267+00
291a7209-f1d1-4a74-be51-d18bce4581d0,/srv/fim-watch/gen_00105.txt,file_modified,alert_only,high,2026-09-18 02:59:13.302811+00,2026-09-18 03:03:00.297021+00
f798fbe0-a10a-468b-9e56-0fbd28644ade,/srv/fim-watch/gen_00105.txt,file_modified,alert_only,high,2026-09-18 02:59:13.40353+00,2026-09-18 03:03:00.313484+00
eaa9d3b8-c528-4205-8501-a49842eb7b33,/srv/fim-watch/gen_00064.txt,file_modified,alert_only,high,2026-09-18 02:59:13.503549+00,2026-09-18 03:03:00.329113+00
4f229c56-9436-4e18-b177-7bca2ed0bd6f,/srv/fim-watch/gen_00064.txt,file_modified,alert_only,high,2026-09-18 02:59:13.603841+00,2026-09-18 03:03:00.344668+00
49ebde48-e6f0-43a1-96fe-7962620e4d35,/srv/fim-watch/gen_00064.txt,file_modified,alert_only,high,2026-09-18 02:59:13.703824+00,2026-09-18 03:03:00.36155+00
3c68ac67-16bd-4bbc-b10d-6dbe8079511f,/srv/fim-watch/gen_00064.txt,file_modified,alert_only,high,2026-09-18 02:59:13.803598+00,2026-09-18 03:03:00.379213+00
05b9cf74-ab59-41f1-9d34-cb8b8aff350f,/srv/fim-watch/gen_00064.txt,file_modified,alert_only,high,2026-09-18 02:59:13.902332+00,2026-09-18 03:03:00.399887+00
a472104e-907b-4cf9-96d1-a3f95a3823ce,/srv/fim-watch/gen_00147.txt,file_modified,alert_only,high,2026-09-18 02:59:14.003246+00,2026-09-18 03:03:00.422151+00
edb50b8d-e255-428e-90c8-da47122cad30,/srv/fim-watch/gen_00160.txt,file_modified,alert_only,high,2026-09-18 02:59:14.103187+00,2026-09-18 03:03:00.437208+00
243ff6ad-4a89-4915-8da1-7a7b054f4cdf,/srv/fim-watch/gen_00136.txt,file_modified,alert_only,high,2026-09-18 02:59:14.203642+00,2026-09-18 03:03:00.45395+00
85c5871e-6bb5-4386-bfd0-e74fc716d2f6,/srv/fim-watch/gen_00172.txt,file_deleted,alert_only,high,2026-09-18 02:59:14.302997+00,2026-09-18 03:03:00.472477+00
edb15a31-c85e-4c5f-8b51-bf8c097657d2,/srv/fim-watch/gen_00070.txt,file_modified,alert_only,high,2026-09-18 02:59:14.403486+00,2026-09-18 03:03:00.489661+00
dffad8d9-695a-4683-9eca-a014ac5b26a2,/srv/fim-watch/gen_00079.txt,file_modified,alert_only,high,2026-09-18 02:59:14.503352+00,2026-09-18 03:03:00.506545+00
e1a190a3-074e-455c-b5be-94e533a41908,/srv/fim-watch/critico/gen_00173.txt,file_modified,alert_only,critical,2026-09-18 02:59:14.603458+00,2026-09-18 03:03:00.523901+00
4d658497-34ad-498f-8287-da7fdda1f5db,/srv/fim-watch/gen_00042.txt,file_modified,alert_only,high,2026-09-18 02:59:14.703211+00,2026-09-18 03:03:00.540427+00
d4fd5722-e682-4dc0-b3f0-b9b264a8227b,/srv/fim-watch/gen_00036.txt,file_modified,alert_only,high,2026-09-18 02:59:14.803089+00,2026-09-18 03:03:00.556653+00
3a53972a-872d-43e5-a6bd-30043a549861,/srv/fim-watch/gen_00066.txt,file_modified,alert_only,high,2026-09-18 02:59:14.903171+00,2026-09-18 03:03:00.572075+00
ca3a18e7-297e-4eb9-8fd2-39838ca1131e,/srv/fim-watch/gen_00146.txt,file_modified,alert_only,high,2026-09-18 02:59:15.002627+00,2026-09-18 03:03:00.588301+00
a1091ff2-bdfc-4a14-a4d9-6f3953c59f05,/srv/fim-watch/gen_00174.txt,file_modified,alert_only,high,2026-09-18 02:59:15.103189+00,2026-09-18 03:03:00.618667+00
4e70b356-a7fb-4008-8764-0a34ddad31be,/srv/fim-watch/gen_00175.txt,file_modified,alert_only,high,2026-09-18 02:59:15.203677+00,2026-09-18 03:03:00.625214+00
f7c33596-f5ef-4745-9800-e34011c99e74,/srv/fim-watch/gen_00134.txt,file_modified,alert_only,high,2026-09-18 02:59:15.303164+00,2026-09-18 03:03:00.641192+00
617d34fd-da3b-480e-b73b-62a41062f276,/srv/fim-watch/gen_00048.txt,file_modified,alert_only,high,2026-09-18 02:59:15.402198+00,2026-09-18 03:03:00.656796+00
08144db3-5823-4451-9009-2be5d899a8ac,/srv/fim-watch/gen_00029.txt,file_deleted,alert_only,high,2026-09-18 02:59:15.50321+00,2026-09-18 03:03:00.672123+00
d2a8fe56-53ac-4676-ba2a-a2aee6ea4928,/srv/fim-watch/gen_00104.txt,file_modified,alert_only,high,2026-09-18 02:59:15.603188+00,2026-09-18 03:03:00.688224+00
89fe3d62-d77a-4963-af0f-11aa280e9719,/srv/fim-watch/critico/gen_00141.txt,file_deleted,alert_only,critical,2026-09-18 02:59:15.703175+00,2026-09-18 03:03:00.702482+00
f55271e6-0a53-4a29-89e3-4ab23d84a95c,/srv/fim-watch/gen_00084.txt,file_modified,alert_only,high,2026-09-18 02:59:15.802372+00,2026-09-18 03:03:00.716092+00
22ac769f-623c-4484-be3c-ddac12628c96,/srv/fim-watch/gen_00176.txt,file_modified,alert_only,high,2026-09-18 02:59:15.903384+00,2026-09-18 03:03:00.730082+00
c98be647-a9ac-40ee-912e-08fc9563d731,/srv/fim-watch/critico/gen_00053.txt,file_modified,alert_only,critical,2026-09-18 02:59:16.003276+00,2026-09-18 03:03:00.745425+00
19ce11d7-3643-4481-a123-7e981c800aab,/srv/fim-watch/critico/gen_00053.txt,file_modified,alert_only,critical,2026-09-18 02:59:16.103182+00,2026-09-18 03:03:00.760953+00
29c93419-eb92-43d5-b417-3f61d99ec68e,/srv/fim-watch/critico/gen_00053.txt,file_modified,alert_only,critical,2026-09-18 02:59:16.203459+00,2026-09-18 03:03:00.776096+00
fee21a55-488f-492c-b5d0-d450468ecdcd,/srv/fim-watch/critico/gen_00053.txt,file_modified,alert_only,critical,2026-09-18 02:59:16.303222+00,2026-09-18 03:03:00.791475+00
410ff433-f4b3-4842-b462-973a73335151,/srv/fim-watch/critico/gen_00053.txt,file_modified,alert_only,critical,2026-09-18 02:59:16.403048+00,2026-09-18 03:03:00.806924+00
7464e039-26b0-484b-bc07-76a456c57481,/srv/fim-watch/gen_00146.txt,file_modified,alert_only,high,2026-09-18 02:59:16.503173+00,2026-09-18 03:03:00.822076+00
1bd274c9-bc76-4953-89db-fa867336b628,/srv/fim-watch/gen_00060.txt,file_modified,alert_only,high,2026-09-18 02:59:16.603398+00,2026-09-18 03:03:00.838349+00
e3067591-6f3a-4470-b663-136cda50513a,/srv/fim-watch/gen_00060.txt,file_modified,alert_only,high,2026-09-18 02:59:16.702704+00,2026-09-18 03:03:00.855005+00
8edfc58c-e12a-46d8-b574-e31509e46daf,/srv/fim-watch/gen_00113.txt,file_modified,alert_only,high,2026-09-18 02:59:16.803515+00,2026-09-18 03:03:00.871517+00
62ff7245-772d-4f45-bc51-502927ff4cca,/srv/fim-watch/gen_00113.txt,file_modified,alert_only,high,2026-09-18 02:59:16.903405+00,2026-09-18 03:03:00.888192+00
35d14066-a18a-43bf-a48d-0e7e36bb6e52,/srv/fim-watch/critico/gen_00150.txt,file_modified,alert_only,critical,2026-09-18 02:59:17.003768+00,2026-09-18 03:03:00.903249+00
3590215d-66c4-4044-81e8-9fa373585238,/srv/fim-watch/gen_00111.txt,file_modified,alert_only,high,2026-09-18 02:59:17.103309+00,2026-09-18 03:03:00.917624+00
aa9afac4-f4af-4bb0-8f19-98aecf9400e8,/srv/fim-watch/gen_00166.txt,file_modified,alert_only,high,2026-09-18 02:59:17.203351+00,2026-09-18 03:03:00.932093+00
a7057ee5-ecf2-4135-8a66-b948251dec9a,/srv/fim-watch/gen_00166.txt,file_modified,alert_only,high,2026-09-18 02:59:17.302988+00,2026-09-18 03:03:00.94686+00
198fbc41-89ec-408c-a358-5d1c154d7750,/srv/fim-watch/gen_00166.txt,file_modified,alert_only,high,2026-09-18 02:59:17.40232+00,2026-09-18 03:03:00.963092+00
62172fc4-a3e8-4ee1-93a2-040b81515ae1,/srv/fim-watch/gen_00166.txt,file_modified,alert_only,high,2026-09-18 02:59:17.503159+00,2026-09-18 03:03:00.97985+00
7765c310-4ac7-45e7-a758-0ba877c225d6,/srv/fim-watch/gen_00166.txt,file_modified,alert_only,high,2026-09-18 02:59:17.602599+00,2026-09-18 03:03:00.996568+00
ffa6f8b3-d3d3-4f37-be9f-d33c3c4a6bc1,/srv/fim-watch/gen_00042.txt,file_modified,alert_only,high,2026-09-18 02:59:17.703285+00,2026-09-18 03:03:01.013709+00
79360984-6b5e-4ea0-aec9-71de1c501fbf,/srv/fim-watch/gen_00100.txt,file_modified,alert_only,high,2026-09-18 02:59:17.803417+00,2026-09-18 03:03:01.030417+00
e3d5dc8f-d86b-4ee5-97c3-cef7bfa659c2,/srv/fim-watch/gen_00176.txt,file_modified,alert_only,high,2026-09-18 02:59:17.90367+00,2026-09-18 03:03:01.046986+00
ec159698-7adb-43e5-900a-83be0f7a45aa,/srv/fim-watch/gen_00176.txt,file_modified,alert_only,high,2026-09-18 02:59:18.003883+00,2026-09-18 03:03:01.064749+00
63970da0-e93c-40fd-bd2b-e6f4828b3b3f,/srv/fim-watch/gen_00177.txt,file_modified,alert_only,high,2026-09-18 02:59:18.103325+00,2026-09-18 03:03:01.082264+00
683e80d5-aa65-4299-bb63-a17a9d62b31f,/srv/fim-watch/gen_00178.txt,file_modified,alert_only,high,2026-09-18 02:59:18.202642+00,2026-09-18 03:03:01.098867+00
dd949fb4-dffb-4377-8fbd-0bc44fe907eb,/srv/fim-watch/gen_00104.txt,file_modified,alert_only,high,2026-09-18 02:59:18.302884+00,2026-09-18 03:03:01.115647+00
be4e2123-18af-4b05-9417-75d63dd9445c,/srv/fim-watch/gen_00113.txt,file_modified,alert_only,high,2026-09-18 02:59:18.403574+00,2026-09-18 03:03:01.132158+00
9b46ceb2-5fb3-4494-8d01-02ecf68ad496,/srv/fim-watch/gen_00179.txt,file_modified,alert_only,high,2026-09-18 02:59:18.503108+00,2026-09-18 03:03:01.149291+00
d81e45ba-a19d-48bc-a389-8117abcafb54,/srv/fim-watch/gen_00049.txt,file_modified,alert_only,high,2026-09-18 02:59:18.603442+00,2026-09-18 03:03:01.1663+00
c29da4bc-fc37-4100-8447-2af6e2eadc38,/srv/fim-watch/gen_00049.txt,file_modified,alert_only,high,2026-09-18 02:59:18.703722+00,2026-09-18 03:03:01.181769+00
8a54e367-1df6-4f60-b1ab-98c5e382b8df,/srv/fim-watch/gen_00117.txt,file_modified,alert_only,high,2026-09-18 02:59:18.803326+00,2026-09-18 03:03:01.197416+00
35dc9689-7384-4b1c-9c2f-7d7f2f29a583,/srv/fim-watch/gen_00158.txt,file_deleted,alert_only,high,2026-09-18 02:59:18.903194+00,2026-09-18 03:03:01.21387+00
aaecd60e-3b7d-458e-b76c-4caab78e9ee6,/srv/fim-watch/gen_00048.txt,file_deleted,alert_only,high,2026-09-18 02:59:19.003056+00,2026-09-18 03:03:01.233069+00
89185120-aa90-49e9-aa14-3f12ac552f20,/srv/fim-watch/gen_00124.txt,file_modified,alert_only,high,2026-09-18 02:59:19.103876+00,2026-09-18 03:03:01.251232+00
dc2b8457-1388-4f30-81b1-9431b2c1fa96,/srv/fim-watch/gen_00177.txt,file_modified,alert_only,high,2026-09-18 02:59:19.202158+00,2026-09-18 03:03:01.268969+00
9f09aed4-a2ff-4605-8358-147cb483b5c6,/srv/fim-watch/gen_00177.txt,file_modified,alert_only,high,2026-09-18 02:59:19.302906+00,2026-09-18 03:03:01.286698+00
b1ec2a7b-fbfd-41b8-998b-5dabdb6c826a,/srv/fim-watch/gen_00060.txt,file_modified,alert_only,high,2026-09-18 02:59:19.403353+00,2026-09-18 03:03:01.303785+00
4c993a62-fc12-421c-8085-32bbf76a20c5,/srv/fim-watch/gen_00180.txt,file_modified,alert_only,high,2026-09-18 02:59:19.503009+00,2026-09-18 03:03:01.321706+00
46cc5092-c0d2-4d38-9152-10b304001a8d,/srv/fim-watch/gen_00033.txt,file_modified,alert_only,high,2026-09-18 02:59:19.603076+00,2026-09-18 03:03:01.338896+00
75dbe4e6-2785-43d3-bedd-a673f740f05b,/srv/fim-watch/gen_00171.txt,file_modified,alert_only,high,2026-09-18 02:59:19.703819+00,2026-09-18 03:03:01.354929+00
ce05eaee-aa10-43f1-9b9e-434ecb5113e6,/srv/fim-watch/gen_00181.txt,file_modified,alert_only,high,2026-09-18 02:59:19.803122+00,2026-09-18 03:03:01.371527+00
0cef280f-87d0-4930-8aed-9ec22984e007,/srv/fim-watch/gen_00180.txt,file_modified,alert_only,high,2026-09-18 02:59:19.903426+00,2026-09-18 03:03:01.388225+00
dd8ee49d-2ca9-42b0-92f4-359725dc2520,/srv/fim-watch/gen_00078.txt,file_modified,alert_only,high,2026-09-18 02:59:20.00344+00,2026-09-18 03:03:01.405073+00
a9cd300c-f039-4984-888f-3d3eb708cd4d,/srv/fim-watch/gen_00073.txt,file_modified,alert_only,high,2026-09-18 02:59:20.1033+00,2026-09-18 03:03:01.429442+00
5974d2f1-8ca2-4a3c-80dd-d2fdec148458,/srv/fim-watch/gen_00155.txt,file_modified,alert_only,high,2026-09-18 02:59:20.20361+00,2026-09-18 03:03:01.434998+00
1c3f155f-4e99-4f1d-9f60-32aca6ed08e6,/srv/fim-watch/gen_00161.txt,file_modified,alert_only,high,2026-09-18 02:59:20.303433+00,2026-09-18 03:03:01.447497+00
b46dda51-6900-4378-8e3f-d7f97549b946,/srv/fim-watch/gen_00111.txt,file_deleted,alert_only,high,2026-09-18 02:59:20.40261+00,2026-09-18 03:03:01.461474+00
0a1b7f2f-3635-4402-8c1d-2972673c6906,/srv/fim-watch/gen_00182.txt,file_modified,alert_only,high,2026-09-18 02:59:20.503051+00,2026-09-18 03:03:01.4766+00
4aec65ee-ca58-4b69-8e44-0813ff6eaf38,/srv/fim-watch/gen_00074.txt,file_modified,alert_only,high,2026-09-18 02:59:20.603297+00,2026-09-18 03:03:01.491206+00
e576799d-4fcb-4f78-8237-9f9fa34cc692,/srv/fim-watch/gen_00016.txt,file_modified,alert_only,high,2026-09-18 02:59:20.703535+00,2026-09-18 03:03:01.507341+00
50e27e7d-98df-4f79-a642-bcd0b5838cdc,/srv/fim-watch/gen_00159.txt,file_modified,alert_only,high,2026-09-18 02:59:20.802727+00,2026-09-18 03:03:01.522049+00
0bbec205-bb7c-4c9c-b598-4aae28780f9c,/srv/fim-watch/critico/gen_00123.txt,file_modified,alert_only,critical,2026-09-18 02:59:20.90348+00,2026-09-18 03:03:01.537419+00
cf51c3bb-6cad-446c-96c8-2f761e774f99,/srv/fim-watch/gen_00170.txt,file_modified,alert_only,high,2026-09-18 02:59:21.003301+00,2026-09-18 03:03:01.552051+00
851f6610-999c-4691-9ac2-e64918d9894f,/srv/fim-watch/gen_00178.txt,file_modified,alert_only,high,2026-09-18 02:59:21.103267+00,2026-09-18 03:03:01.567968+00
37d7494b-ddce-47a6-8696-8e616e68cd8c,/srv/fim-watch/critico/gen_00183.txt,file_created,alert_only,critical,2026-09-18 02:59:21.203333+00,2026-09-18 03:03:01.584709+00
4bf83023-3a7f-478f-ba9e-b0be9090d4a7,/srv/fim-watch/gen_00170.txt,file_modified,alert_only,high,2026-09-18 02:59:21.303278+00,2026-09-18 03:03:01.600645+00
33968840-46b3-45af-872e-b1462e97d8a2,/srv/fim-watch/gen_00174.txt,file_modified,alert_only,high,2026-09-18 02:59:21.403627+00,2026-09-18 03:03:01.615563+00
a71e1e9c-9bc4-4db2-9cad-6144ddfb2c78,/srv/fim-watch/gen_00036.txt,file_modified,alert_only,high,2026-09-18 02:59:21.503169+00,2026-09-18 03:03:01.630418+00
a8038446-514f-42dd-81b8-f0e7566338b5,/srv/fim-watch/gen_00135.txt,file_modified,alert_only,high,2026-09-18 02:59:21.603148+00,2026-09-18 03:03:01.645125+00
7a67ac78-6935-4f78-89e4-5234455840e2,/srv/fim-watch/gen_00135.txt,file_modified,alert_only,high,2026-09-18 02:59:21.70357+00,2026-09-18 03:03:01.659889+00
c678d365-ff4b-444f-a7df-c52dfe7f3ab7,/srv/fim-watch/gen_00120.txt,file_modified,alert_only,high,2026-09-18 02:59:21.803346+00,2026-09-18 03:03:01.674719+00
ae0c667f-c852-4650-be2a-335ec5886e57,/srv/fim-watch/gen_00120.txt,file_modified,alert_only,high,2026-09-18 02:59:21.903133+00,2026-09-18 03:03:01.689609+00
b4514b57-0612-4879-a428-b7b86659f12e,/srv/fim-watch/critico/gen_00184.txt,file_modified,alert_only,critical,2026-09-18 02:59:22.003139+00,2026-09-18 03:03:01.704283+00
0e92feee-a296-4309-93ab-eb2055fd0af0,/srv/fim-watch/gen_00049.txt,file_modified,alert_only,high,2026-09-18 02:59:22.103459+00,2026-09-18 03:03:01.719216+00
b5ba616c-a620-4dda-b4bc-15bac9515f6c,/srv/fim-watch/gen_00182.txt,file_deleted,alert_only,high,2026-09-18 02:59:22.203331+00,2026-09-18 03:03:01.733961+00
e8e4e243-43fe-4958-a23f-c2a9f7c4f099,/srv/fim-watch/gen_00171.txt,file_modified,alert_only,high,2026-09-18 02:59:22.303147+00,2026-09-18 03:03:01.749411+00
eae853f3-da8c-4de0-9b79-d350247fdf62,/srv/fim-watch/gen_00185.txt,file_modified,alert_only,high,2026-09-18 02:59:22.403369+00,2026-09-18 03:03:01.76677+00
c781d804-88e9-4a12-9607-2f2c0f8dc815,/srv/fim-watch/critico/gen_00156.txt,file_modified,alert_only,critical,2026-09-18 02:59:22.503398+00,2026-09-18 03:03:01.782827+00
44ad79a4-0f4e-42a2-8f32-d01ec0fdd67c,/srv/fim-watch/gen_00093.txt,file_modified,alert_only,high,2026-09-18 02:59:22.603116+00,2026-09-18 03:03:01.797309+00
50b778e2-7d17-4c2c-83f2-b4151c0df6d1,/srv/fim-watch/gen_00186.txt,file_modified,alert_only,high,2026-09-18 02:59:22.703029+00,2026-09-18 03:03:01.811786+00
92064853-7c7c-4dc0-b6ff-a916e58b7895,/srv/fim-watch/gen_00100.txt,file_modified,alert_only,high,2026-09-18 02:59:22.8032+00,2026-09-18 03:03:01.826837+00
6e80ad9a-137c-4bff-abff-7eb7765b2882,/srv/fim-watch/critico/gen_00061.txt,file_modified,alert_only,critical,2026-09-18 02:59:22.903334+00,2026-09-18 03:03:01.840467+00
c84325ab-ff68-4453-ae8a-ed42cb7c1fbf,/srv/fim-watch/gen_00129.txt,file_modified,alert_only,high,2026-09-18 02:59:23.003321+00,2026-09-18 03:03:01.853341+00
19a6f2e9-b0be-44de-a23a-d540a39dadcd,/srv/fim-watch/gen_00187.txt,file_modified,alert_only,high,2026-09-18 02:59:23.10311+00,2026-09-18 03:03:01.868018+00
f3d466af-fd23-4324-9205-771c01f6bce6,/srv/fim-watch/gen_00163.txt,file_modified,alert_only,high,2026-09-18 02:59:23.203287+00,2026-09-18 03:03:01.882778+00
874ed2ad-7d1d-4066-94b1-a861ecddbce8,/srv/fim-watch/critico/gen_00123.txt,file_modified,alert_only,critical,2026-09-18 02:59:23.403483+00,2026-09-18 03:03:01.898087+00
24fbd719-2995-43bb-b5dc-7d080e4e60cd,/srv/fim-watch/gen_00181.txt,file_modified,alert_only,high,2026-09-18 02:59:23.502982+00,2026-09-18 03:03:01.912909+00
c34072fc-c1d5-40e3-8bcb-5fa261aae575,/srv/fim-watch/gen_00108.txt,file_modified,alert_only,high,2026-09-18 02:59:23.603131+00,2026-09-18 03:03:01.927576+00
b1935373-9a6b-4357-9c49-342bcf196fc8,/srv/fim-watch/gen_00186.txt,file_deleted,alert_only,high,2026-09-18 02:59:23.703375+00,2026-09-18 03:03:01.94205+00
e7e66cf9-d5ba-4426-8cd7-17b802110c30,/srv/fim-watch/gen_00114.txt,file_modified,alert_only,high,2026-09-18 02:59:23.803628+00,2026-09-18 03:03:01.956909+00
2431f6a0-94b2-4b8d-a704-46aac9f1ea53,/srv/fim-watch/critico/gen_00189.txt,file_modified,alert_only,critical,2026-09-18 02:59:24.003576+00,2026-09-18 03:03:01.972581+00
2722854d-b604-4639-aae3-41b7c38d1eb0,/srv/fim-watch/gen_00120.txt,file_deleted,alert_only,high,2026-09-18 02:59:24.10363+00,2026-09-18 03:03:01.988413+00
b74b09ff-7615-49d6-945d-b1beef541b3a,/srv/fim-watch/gen_00190.txt,file_modified,alert_only,high,2026-09-18 02:59:24.203203+00,2026-09-18 03:03:02.004624+00
85fed834-08aa-42fa-9270-4d8c4079dfbc,/srv/fim-watch/gen_00100.txt,file_modified,alert_only,high,2026-09-18 02:59:24.303433+00,2026-09-18 03:03:02.020141+00
54f79d38-032c-45f4-9f6f-50949051f8f8,/srv/fim-watch/gen_00100.txt,file_modified,alert_only,high,2026-09-18 02:59:24.402844+00,2026-09-18 03:03:02.035949+00
237f84e4-a16c-4aec-b6bc-193e3c3a29e9,/srv/fim-watch/gen_00161.txt,file_modified,alert_only,high,2026-09-18 02:59:24.503242+00,2026-09-18 03:03:02.052475+00
cfd68afe-35a3-400e-8725-28fb61d6ec94,/srv/fim-watch/gen_00073.txt,file_deleted,alert_only,high,2026-09-18 02:59:24.603387+00,2026-09-18 03:03:02.069202+00
34b2eefe-062f-4cfa-8739-96915c9da2cf,/srv/fim-watch/critico/gen_00191.txt,file_modified,alert_only,critical,2026-09-18 02:59:24.703652+00,2026-09-18 03:03:02.08636+00
9e65a293-de18-480a-8425-f032daa3d636,/srv/fim-watch/gen_00190.txt,file_deleted,alert_only,high,2026-09-18 02:59:24.803085+00,2026-09-18 03:03:02.100475+00
6ef4090c-38bd-412b-a84e-916e31d3a5c5,/srv/fim-watch/gen_00033.txt,file_modified,alert_only,high,2026-09-18 02:59:24.903834+00,2026-09-18 03:03:02.114359+00
2079eaf7-b9b9-490b-853b-e3fb079241e5,/srv/fim-watch/gen_00113.txt,file_deleted,alert_only,high,2026-09-18 02:59:25.003714+00,2026-09-18 03:03:02.1282+00
341e2604-af03-4135-9f73-1a174166af72,/srv/fim-watch/gen_00192.txt,file_modified,alert_only,high,2026-09-18 02:59:25.104016+00,2026-09-18 03:03:02.14283+00
b49748b6-57f8-49da-99ed-d457a93d30d4,/srv/fim-watch/gen_00193.txt,file_modified,alert_only,high,2026-09-18 02:59:25.203407+00,2026-09-18 03:03:02.157915+00
eb814d68-ed0c-4f14-90cc-956ec98765c1,/srv/fim-watch/gen_00194.txt,file_modified,alert_only,high,2026-09-18 02:59:25.303462+00,2026-09-18 03:03:02.183848+00
3e960fbb-f39e-4d5b-833e-2aeb910e28cc,/srv/fim-watch/gen_00071.txt,file_modified,alert_only,high,2026-09-18 02:59:25.403256+00,2026-09-18 03:03:02.190637+00
3c7b2bfd-7a40-4b89-ac5c-f91709f19e1c,/srv/fim-watch/gen_00071.txt,file_modified,alert_only,high,2026-09-18 02:59:25.503168+00,2026-09-18 03:03:02.207226+00
4e5321ce-7667-4f81-86e4-b5b680b45038,/srv/fim-watch/gen_00060.txt,file_deleted,alert_only,high,2026-09-18 02:59:25.603338+00,2026-09-18 03:03:02.224907+00
d547e617-3e46-4b63-a374-ed91f3b99968,/srv/fim-watch/gen_00100.txt,file_deleted,alert_only,high,2026-09-18 02:59:25.702885+00,2026-09-18 03:03:02.24185+00
aec667d3-3d7d-46d9-b86b-8a7ea36c7148,/srv/fim-watch/gen_00062.txt,file_modified,alert_only,high,2026-09-18 02:59:25.804041+00,2026-09-18 03:03:02.258937+00
20c8aff0-1144-43ab-bbeb-d9264b03c7b3,/srv/fim-watch/gen_00187.txt,file_modified,alert_only,high,2026-09-18 02:59:25.903452+00,2026-09-18 03:03:02.275863+00
b44658e7-0eec-4876-a497-3c2be8fbd772,/srv/fim-watch/critico/gen_00025.txt,file_modified,alert_only,critical,2026-09-18 02:59:26.003614+00,2026-09-18 03:03:02.292662+00
558c5fc5-2cd2-4f05-bfe0-ac71a06f8f5c,/srv/fim-watch/gen_00066.txt,file_deleted,alert_only,high,2026-09-18 02:59:26.103487+00,2026-09-18 03:03:02.309545+00
801da21d-601b-411d-9f59-4915d64fecf5,/srv/fim-watch/gen_00103.txt,file_modified,alert_only,high,2026-09-18 02:59:26.203739+00,2026-09-18 03:03:02.327013+00
de8f0e96-dac3-47c7-9ed4-872d3e343526,/srv/fim-watch/gen_00124.txt,file_deleted,alert_only,high,2026-09-18 02:59:26.302423+00,2026-09-18 03:03:02.344215+00
7deac2dc-11e3-4eb6-bf2e-bf62c1c590ca,/srv/fim-watch/gen_00187.txt,file_modified,alert_only,high,2026-09-18 02:59:26.503566+00,2026-09-18 03:03:02.36091+00
6a472e34-d255-4fd8-bd5e-6e99bc600411,/srv/fim-watch/gen_00187.txt,file_modified,alert_only,high,2026-09-18 02:59:26.603313+00,2026-09-18 03:03:02.378597+00
156387a0-0901-450a-ae52-dfe6d53a3c0b,/srv/fim-watch/gen_00187.txt,file_modified,alert_only,high,2026-09-18 02:59:26.703717+00,2026-09-18 03:03:02.395823+00
a8070b55-641c-4622-9c60-d29379fad4c4,/srv/fim-watch/gen_00187.txt,file_modified,alert_only,high,2026-09-18 02:59:26.80353+00,2026-09-18 03:03:02.413655+00
6603c836-7f2e-4b95-9291-dd6298ef3679,/srv/fim-watch/gen_00187.txt,file_modified,alert_only,high,2026-09-18 02:59:26.903563+00,2026-09-18 03:03:02.431675+00
96daafd8-4fb7-4276-9f2a-513004db2e6a,/srv/fim-watch/gen_00096.txt,file_modified,alert_only,high,2026-09-18 02:59:27.003677+00,2026-09-18 03:03:02.446812+00
3089f566-6f4d-425e-9444-f38624bca894,/srv/fim-watch/gen_00103.txt,file_modified,alert_only,high,2026-09-18 02:59:27.103938+00,2026-09-18 03:03:02.462446+00
199a59d3-b144-4742-aafc-5797fb34e057,/srv/fim-watch/critico/gen_00183.txt,file_modified,alert_only,critical,2026-09-18 02:59:27.20428+00,2026-09-18 03:03:02.47696+00
5dfaaadc-bc30-4d77-a28f-1ebe8f954a2c,/srv/fim-watch/gen_00154.txt,file_deleted,alert_only,high,2026-09-18 02:59:27.303045+00,2026-09-18 03:03:02.491533+00
572dcfa1-fe70-4356-ac61-274b5ff7e16f,/srv/fim-watch/gen_00170.txt,file_modified,alert_only,high,2026-09-18 02:59:27.403334+00,2026-09-18 03:03:02.506683+00
4ab16eac-9482-4fd8-86fb-c2fc1faea296,/srv/fim-watch/gen_00170.txt,file_modified,alert_only,high,2026-09-18 02:59:27.50389+00,2026-09-18 03:03:02.521419+00
dfd1d97a-216c-463c-8d7b-9ecfb6039115,/srv/fim-watch/critico/gen_00037.txt,file_modified,alert_only,critical,2026-09-18 02:59:27.603256+00,2026-09-18 03:03:02.537347+00
d95b1485-bb54-4d3c-8129-f96d7acb6e5c,/srv/fim-watch/gen_00196.txt,file_modified,alert_only,high,2026-09-18 02:59:27.70292+00,2026-09-18 03:03:02.555009+00
a710ab02-6cd6-4b58-ba78-3c29562be325,/srv/fim-watch/gen_00197.txt,file_modified,alert_only,high,2026-09-18 02:59:27.803062+00,2026-09-18 03:03:02.572194+00
4658bff3-5043-47e3-8365-838fb6d52145,/srv/fim-watch/gen_00197.txt,file_deleted,alert_only,high,2026-09-18 02:59:27.903046+00,2026-09-18 03:03:02.58916+00
3b7b84e9-ad12-44e1-9750-f774fcb60db2,/srv/fim-watch/gen_00108.txt,file_modified,alert_only,high,2026-09-18 02:59:28.003239+00,2026-09-18 03:03:02.604104+00
65eee988-ac9b-4f76-ae57-c62d08f969a2,/srv/fim-watch/gen_00126.txt,file_modified,alert_only,high,2026-09-18 02:59:28.103276+00,2026-09-18 03:03:02.620399+00
4b68d36b-c9e1-42a9-b363-b079424a2d58,/srv/fim-watch/gen_00106.txt,file_modified,alert_only,high,2026-09-18 02:59:28.2034+00,2026-09-18 03:03:02.638749+00
0768a60a-489e-419e-b796-b857c147e29f,/srv/fim-watch/gen_00049.txt,file_modified,alert_only,high,2026-09-18 02:59:28.302491+00,2026-09-18 03:03:02.652769+00
0a1afe0e-ee4d-4a20-875f-d0ae539184ee,/srv/fim-watch/gen_00049.txt,file_modified,alert_only,high,2026-09-18 02:59:28.403608+00,2026-09-18 03:03:02.667514+00
f7844e51-3817-4416-b3ec-5db4ee214efa,/srv/fim-watch/critico/gen_00150.txt,file_deleted,alert_only,critical,2026-09-18 02:59:28.503256+00,2026-09-18 03:03:02.681781+00
ed403582-8a2c-4896-a2dd-4c59cd12829f,/srv/fim-watch/gen_00064.txt,file_modified,alert_only,high,2026-09-18 02:59:28.603369+00,2026-09-18 03:03:02.695406+00
e4c26105-a31f-4a66-b700-1214aeeeb3ec,/srv/fim-watch/gen_00086.txt,file_deleted,alert_only,high,2026-09-18 02:59:28.703151+00,2026-09-18 03:03:02.708406+00
2d3df5f4-2d19-4382-9714-c7a638c1505c,/srv/fim-watch/critico/gen_00184.txt,file_modified,alert_only,critical,2026-09-18 02:59:28.803464+00,2026-09-18 03:03:02.72292+00
9ba0017a-b187-454b-8f8f-e10149edc108,/srv/fim-watch/gen_00043.txt,file_modified,alert_only,high,2026-09-18 02:59:28.903248+00,2026-09-18 03:03:02.738118+00
ed05ce72-d8f8-442b-bd67-df3a1b94d19c,/srv/fim-watch/gen_00198.txt,file_modified,alert_only,high,2026-09-18 02:59:29.003273+00,2026-09-18 03:03:02.753431+00
dd509e4a-2584-4ab6-bf88-dec3519a1907,/srv/fim-watch/gen_00108.txt,file_modified,alert_only,high,2026-09-18 02:59:29.103442+00,2026-09-18 03:03:02.768935+00
6a638125-defe-471e-920b-70ae6fb80eaa,/srv/fim-watch/gen_00043.txt,file_deleted,alert_only,high,2026-09-18 02:59:29.203609+00,2026-09-18 03:03:02.784397+00
e9bf0a73-a671-4d05-97a2-d3f1dcce0862,/srv/fim-watch/gen_00165.txt,file_modified,alert_only,high,2026-09-18 02:59:29.303557+00,2026-09-18 03:03:02.799588+00
66869874-3060-480d-bb29-73be1cbb4885,/srv/fim-watch/gen_00185.txt,file_modified,alert_only,high,2026-09-18 02:59:29.402588+00,2026-09-18 03:03:02.814472+00
0d5e1eb8-a5b8-4312-9916-0ed634cad00c,/srv/fim-watch/gen_00020.txt,file_modified,alert_only,high,2026-09-18 02:59:29.503722+00,2026-09-18 03:03:02.82966+00
41b47f81-4e49-44ab-a2ba-644478e78243,/srv/fim-watch/gen_00125.txt,file_modified,alert_only,high,2026-09-18 02:59:29.603815+00,2026-09-18 03:03:02.844899+00
450ef06c-9614-43ac-b975-999fad715f09,/srv/fim-watch/gen_00199.txt,file_modified,alert_only,high,2026-09-18 02:59:29.70297+00,2026-09-18 03:03:02.859954+00
342c3e5e-7a0c-4e58-8c91-a8f14ef4ec5b,/srv/fim-watch/critico/gen_00123.txt,file_modified,alert_only,critical,2026-09-18 02:59:29.802151+00,2026-09-18 03:03:02.874748+00
b40bab7c-9ba1-426f-896d-70ed620ef420,/srv/fim-watch/critico/gen_00200.txt,file_modified,alert_only,critical,2026-09-18 02:59:29.902933+00,2026-09-18 03:03:02.891531+00
212d1bf3-a3ee-45aa-9b4f-20ed32ed8d35,/srv/fim-watch/gen_00201.txt,file_modified,alert_only,high,2026-09-18 02:59:30.003228+00,2026-09-18 03:03:02.907436+00
01c56e78-1df0-4eca-9eeb-45b8b9144486,/srv/fim-watch/critico/gen_00053.txt,file_modified,alert_only,critical,2026-09-18 02:59:30.103053+00,2026-09-18 03:03:02.924132+00
cd90621d-5e91-44b9-98d9-b6f60d579eb1,/srv/fim-watch/critico/gen_00053.txt,file_modified,alert_only,critical,2026-09-18 02:59:30.20329+00,2026-09-18 03:03:02.941198+00
891db138-6c68-4613-8840-6b59a750a82e,/srv/fim-watch/critico/gen_00202.txt,file_modified,alert_only,critical,2026-09-18 02:59:30.302847+00,2026-09-18 03:03:02.95786+00
50d37819-7307-4dbf-b949-fa27b64b245f,/srv/fim-watch/gen_00126.txt,file_modified,alert_only,high,2026-09-18 02:59:30.503223+00,2026-09-18 03:03:02.985017+00
4cde7af9-737b-4900-b8e3-696f12698c26,/srv/fim-watch/gen_00115.txt,file_modified,alert_only,high,2026-09-18 02:59:30.60309+00,2026-09-18 03:03:02.99256+00
c0ef62fc-bf6b-49fc-b049-642cb7ed7f0e,/srv/fim-watch/gen_00140.txt,file_deleted,alert_only,high,2026-09-18 02:59:30.703067+00,2026-09-18 03:03:03.01039+00
a102d9ea-6b6b-4d48-8c9e-9a250c4d98c7,/srv/fim-watch/gen_00204.txt,file_modified,alert_only,high,2026-09-18 02:59:30.802942+00,2026-09-18 03:03:03.026774+00
9155bb97-7033-4189-ab97-af55d322acb9,/srv/fim-watch/critico/gen_00156.txt,file_modified,alert_only,critical,2026-09-18 02:59:30.902439+00,2026-09-18 03:03:03.043163+00
b2a5af6d-3ced-4940-8e2d-a33af9ac46e0,/srv/fim-watch/gen_00205.txt,file_modified,alert_only,high,2026-09-18 02:59:31.002868+00,2026-09-18 03:03:03.060484+00
3b80c99e-1eb1-4dab-9c3e-c7687e669df6,/srv/fim-watch/gen_00205.txt,file_deleted,alert_only,high,2026-09-18 02:59:31.103124+00,2026-09-18 03:03:03.07718+00
5fd8beb8-b63f-40c3-ba5d-0ec9ea8b9900,/srv/fim-watch/gen_00170.txt,file_modified,alert_only,high,2026-09-18 02:59:31.203305+00,2026-09-18 03:03:03.093652+00
817ed01f-32b8-4620-9079-b72196cf8c2a,/srv/fim-watch/gen_00170.txt,file_modified,alert_only,high,2026-09-18 02:59:31.302735+00,2026-09-18 03:03:03.110425+00
6f897a9e-b462-447f-8bdf-bd557505d6fe,/srv/fim-watch/critico/gen_00061.txt,file_modified,alert_only,critical,2026-09-18 02:59:31.403214+00,2026-09-18 03:03:03.126921+00
df1c6dd4-edc8-48b2-9a47-e423f9672cb3,/srv/fim-watch/gen_00188.txt,file_modified,alert_only,high,2026-09-18 02:59:31.503254+00,2026-09-18 03:03:03.142992+00
60322312-5bfd-4ba0-bcc0-1e7a84810999,/srv/fim-watch/gen_00145.txt,file_deleted,alert_only,high,2026-09-18 02:59:31.603131+00,2026-09-18 03:03:03.157827+00
6a7a7cba-dfa3-4696-af45-14a3790a5111,/srv/fim-watch/gen_00206.txt,file_modified,alert_only,high,2026-09-18 02:59:31.703032+00,2026-09-18 03:03:03.172645+00
5ba89791-3748-40da-8b34-66653be04063,/srv/fim-watch/gen_00148.txt,file_deleted,alert_only,high,2026-09-18 02:59:31.802923+00,2026-09-18 03:03:03.187484+00
6cd68e1a-231a-4651-ad4f-d8e5418a6b2d,/srv/fim-watch/gen_00198.txt,file_modified,alert_only,high,2026-09-18 02:59:31.903218+00,2026-09-18 03:03:03.202858+00
61b52cdf-1179-4d78-890b-d974641f20fa,/srv/fim-watch/gen_00198.txt,file_modified,alert_only,high,2026-09-18 02:59:32.003238+00,2026-09-18 03:03:03.217609+00
f77b56de-ab23-4b85-83da-d48db48e33b4,/srv/fim-watch/gen_00036.txt,file_modified,alert_only,high,2026-09-18 02:59:32.103094+00,2026-09-18 03:03:03.232236+00
eba5f959-af9a-4d7e-a830-07338baff2ce,/srv/fim-watch/gen_00036.txt,file_modified,alert_only,high,2026-09-18 02:59:32.202993+00,2026-09-18 03:03:03.248604+00
fd1c6110-fe77-4cf6-876f-483e3f98662e,/srv/fim-watch/critico/gen_00053.txt,file_modified,alert_only,critical,2026-09-18 02:59:32.303035+00,2026-09-18 03:03:03.262462+00
fa27f05b-0df5-4d9b-8660-4f9779ced376,/srv/fim-watch/gen_00142.txt,file_modified,alert_only,high,2026-09-18 02:59:32.403204+00,2026-09-18 03:03:03.277465+00
cb340e09-9070-43a8-ab08-eec266322d5f,/srv/fim-watch/gen_00163.txt,file_modified,alert_only,high,2026-09-18 02:59:32.503136+00,2026-09-18 03:03:03.290881+00
bc03c1c9-dd00-45c6-a92b-805b927b9b8b,/srv/fim-watch/gen_00204.txt,file_modified,alert_only,high,2026-09-18 02:59:32.60298+00,2026-09-18 03:03:03.305984+00
60ecd092-565a-491e-acaf-4ac8e4211852,/srv/fim-watch/gen_00049.txt,file_modified,alert_only,high,2026-09-18 02:59:32.703199+00,2026-09-18 03:03:03.322423+00
58f32763-3b36-49a3-aaac-4530821e8207,/srv/fim-watch/gen_00170.txt,file_modified,alert_only,high,2026-09-18 02:59:32.802551+00,2026-09-18 03:03:03.337155+00
bc875c8d-2faa-46bf-bbb2-25738a19e201,/srv/fim-watch/gen_00020.txt,file_modified,alert_only,high,2026-09-18 02:59:32.903223+00,2026-09-18 03:03:03.350181+00
68b715e1-f6ac-46cc-a8bf-2e965f2e4819,/srv/fim-watch/gen_00207.txt,file_modified,alert_only,high,2026-09-18 02:59:33.00304+00,2026-09-18 03:03:03.364439+00
a6c95121-ec75-46e2-99c2-643be5062d02,/srv/fim-watch/gen_00057.txt,file_modified,alert_only,high,2026-09-18 02:59:33.103145+00,2026-09-18 03:03:03.379618+00
0d92ad88-61f9-4cab-bec9-46cdadf2b636,/srv/fim-watch/gen_00064.txt,file_modified,alert_only,high,2026-09-18 02:59:33.203148+00,2026-09-18 03:03:03.397112+00
85cb490e-b119-4307-914e-827bdddd1cce,/srv/fim-watch/gen_00016.txt,file_modified,alert_only,high,2026-09-18 02:59:33.302493+00,2026-09-18 03:03:03.413498+00
75fd75c0-4e53-415b-8bd8-0c68f6acca6c,/srv/fim-watch/gen_00208.txt,file_modified,alert_only,high,2026-09-18 02:59:33.402361+00,2026-09-18 03:03:03.42964+00
d0c94745-ecb0-4a4c-a271-345174806609,/srv/fim-watch/gen_00208.txt,file_deleted,alert_only,high,2026-09-18 02:59:33.502995+00,2026-09-18 03:03:03.444883+00
d5313f2d-dff2-4675-8b78-6e60810d0e57,/srv/fim-watch/critico/gen_00156.txt,file_modified,alert_only,critical,2026-09-18 02:59:33.602926+00,2026-09-18 03:03:03.459527+00
3d8225be-d7e5-4aae-9a5c-228c08343a1c,/srv/fim-watch/gen_00125.txt,file_modified,alert_only,high,2026-09-18 02:59:33.702994+00,2026-09-18 03:03:03.476152+00
6073b8c2-5ad7-46f9-9423-a8ca7f420971,/srv/fim-watch/gen_00125.txt,file_modified,alert_only,high,2026-09-18 02:59:33.803012+00,2026-09-18 03:03:03.492219+00
03b9a03d-dfd1-472a-96cd-653f1d0d56b3,/srv/fim-watch/gen_00125.txt,file_modified,alert_only,high,2026-09-18 02:59:33.903138+00,2026-09-18 03:03:03.509122+00
70addeff-8eb0-45b0-9a85-521ef016a60c,/srv/fim-watch/gen_00125.txt,file_modified,alert_only,high,2026-09-18 02:59:34.003053+00,2026-09-18 03:03:03.522919+00
219c395d-978e-4a38-b464-57f0db45e286,/srv/fim-watch/gen_00125.txt,file_modified,alert_only,high,2026-09-18 02:59:34.103101+00,2026-09-18 03:03:03.536411+00
c09b24d5-3b4c-4b54-8669-ad31b6fe877c,/srv/fim-watch/gen_00088.txt,file_modified,alert_only,high,2026-09-18 02:59:34.203368+00,2026-09-18 03:03:03.55312+00
55532706-ca80-4014-ba44-e1ac106f1dc7,/srv/fim-watch/gen_00136.txt,file_modified,alert_only,high,2026-09-18 02:59:34.303121+00,2026-09-18 03:03:03.569929+00
37460da7-1fa5-4772-8af9-5dcbd54bcc91,/srv/fim-watch/gen_00170.txt,file_modified,alert_only,high,2026-09-18 02:59:34.403261+00,2026-09-18 03:03:03.586613+00
ef39b90a-67c7-4332-82ae-cb4eebd4835e,/srv/fim-watch/gen_00036.txt,file_modified,alert_only,high,2026-09-18 02:59:34.50325+00,2026-09-18 03:03:03.60355+00
d1780063-be90-4c49-95b9-4e16d3959104,/srv/fim-watch/gen_00201.txt,file_modified,alert_only,high,2026-09-18 02:59:34.603075+00,2026-09-18 03:03:03.620234+00
6afdee6b-8c6b-42c2-86b9-032698514b48,/srv/fim-watch/critico/gen_00209.txt,file_modified,alert_only,critical,2026-09-18 02:59:34.703152+00,2026-09-18 03:03:03.637614+00
247844ee-454f-46ca-ab4f-ae6bd4241b92,/srv/fim-watch/critico/gen_00130.txt,file_modified,alert_only,critical,2026-09-18 02:59:34.803105+00,2026-09-18 03:03:03.655051+00
f26372ec-de43-48be-a633-53c5cb7ff798,/srv/fim-watch/gen_00096.txt,file_modified,alert_only,high,2026-09-18 02:59:34.903267+00,2026-09-18 03:03:03.669787+00
ec04c9a6-6a50-47a5-a2f5-9f599541c5c9,/srv/fim-watch/critico/gen_00210.txt,file_created,alert_only,critical,2026-09-18 02:59:35.002456+00,2026-09-18 03:03:03.684392+00
b99141fc-b455-4b2c-b8b4-d311598f680c,/srv/fim-watch/gen_00201.txt,file_deleted,alert_only,high,2026-09-18 02:59:35.103004+00,2026-09-18 03:03:03.699025+00
bf9ccbef-5dc5-4b15-ac34-e4c585d0fbc0,/srv/fim-watch/gen_00211.txt,file_modified,alert_only,high,2026-09-18 02:59:35.202581+00,2026-09-18 03:03:03.713787+00
d3d3507f-8906-47b9-a479-2b805d472cce,/srv/fim-watch/gen_00211.txt,file_deleted,alert_only,high,2026-09-18 02:59:35.305342+00,2026-09-18 03:03:03.728561+00
2b64f3fb-28d3-48ff-8988-47f7860a78c0,/srv/fim-watch/gen_00058.txt,file_modified,alert_only,high,2026-09-18 02:59:35.403755+00,2026-09-18 03:03:03.743528+00
ce37cc46-678b-4628-92d2-d4ed46e42c70,/srv/fim-watch/gen_00160.txt,file_modified,alert_only,high,2026-09-18 02:59:35.503229+00,2026-09-18 03:03:03.771386+00
23943516-afe8-44e2-a9cf-99613a16921d,/srv/fim-watch/gen_00096.txt,file_modified,alert_only,high,2026-09-18 02:59:35.602546+00,2026-09-18 03:03:03.778592+00
c3791768-b133-4e28-8ecc-9801306688ef,/srv/fim-watch/gen_00096.txt,file_modified,alert_only,high,2026-09-18 02:59:35.703201+00,2026-09-18 03:03:03.796517+00
951ff7e3-70c7-45c2-be57-96d04b26b751,/srv/fim-watch/gen_00178.txt,file_modified,alert_only,high,2026-09-18 02:59:35.803075+00,2026-09-18 03:03:03.815908+00
1487ee14-ad94-49c7-98d2-61ad011e5bd5,/srv/fim-watch/critico/gen_00025.txt,file_modified,alert_only,critical,2026-09-18 02:59:35.903276+00,2026-09-18 03:03:03.833282+00
1249e552-99b2-4aad-8b92-c2bc007bff89,/srv/fim-watch/critico/gen_00169.txt,file_modified,alert_only,critical,2026-09-18 02:59:36.002362+00,2026-09-18 03:03:03.849221+00
3e9223bc-0af8-4b95-aa56-d3c64bd2404b,/srv/fim-watch/gen_00161.txt,file_modified,alert_only,high,2026-09-18 02:59:36.1031+00,2026-09-18 03:03:03.864289+00
7c1800fc-b15f-47b9-92aa-2eef2187410a,/srv/fim-watch/gen_00161.txt,file_modified,alert_only,high,2026-09-18 02:59:36.203127+00,2026-09-18 03:03:03.879363+00
f34c7519-3704-4052-a75a-75f152aa1cff,/srv/fim-watch/gen_00162.txt,file_modified,alert_only,high,2026-09-18 02:59:36.302707+00,2026-09-18 03:03:03.894562+00
4a255248-060b-485e-a1c7-e422013ec529,/srv/fim-watch/gen_00212.txt,file_modified,alert_only,high,2026-09-18 02:59:36.402967+00,2026-09-18 03:03:03.90994+00
1d7bc927-d757-4571-a86b-763ab2489aa9,/srv/fim-watch/gen_00213.txt,file_modified,alert_only,high,2026-09-18 02:59:36.503091+00,2026-09-18 03:03:03.924989+00
9d3ab656-4702-48aa-93bc-646861b5d20f,/srv/fim-watch/gen_00103.txt,file_modified,alert_only,high,2026-09-18 02:59:36.602765+00,2026-09-18 03:03:03.940149+00
53e521cb-fbed-4361-ae82-d95384ffd885,/srv/fim-watch/gen_00071.txt,file_modified,alert_only,high,2026-09-18 02:59:36.703251+00,2026-09-18 03:03:03.955451+00
056fe2b2-9b07-48a0-9dd0-5b297a8e1c2d,/srv/fim-watch/gen_00050.txt,file_modified,alert_only,high,2026-09-18 02:59:36.80333+00,2026-09-18 03:03:03.970502+00
e3ade14e-5c5f-4c30-baef-26b796623714,/srv/fim-watch/gen_00214.txt,file_modified,alert_only,high,2026-09-18 02:59:36.903076+00,2026-09-18 03:03:03.98587+00
de9fcc31-aee8-44cd-a057-9460fe3e6c27,/srv/fim-watch/critico/gen_00200.txt,file_modified,alert_only,critical,2026-09-18 02:59:37.003173+00,2026-09-18 03:03:04.001758+00
22b0c754-aa83-43c0-8cbd-340e3d85e73e,/srv/fim-watch/critico/gen_00200.txt,file_modified,alert_only,critical,2026-09-18 02:59:37.103188+00,2026-09-18 03:03:04.01836+00
f7419c09-d540-4443-b9bc-df2d8558c865,/srv/fim-watch/critico/gen_00200.txt,file_modified,alert_only,critical,2026-09-18 02:59:37.203431+00,2026-09-18 03:03:04.035218+00
a5a260b8-c801-41bd-bb96-53fc91f8d270,/srv/fim-watch/critico/gen_00200.txt,file_modified,alert_only,critical,2026-09-18 02:59:37.303297+00,2026-09-18 03:03:04.049841+00
a9d344b7-4e01-41e1-a106-88a79451ba00,/srv/fim-watch/critico/gen_00200.txt,file_modified,alert_only,critical,2026-09-18 02:59:37.403137+00,2026-09-18 03:03:04.064675+00
ccf5fd21-4346-4898-95e9-b0a3c7aa5739,/srv/fim-watch/gen_00057.txt,file_modified,alert_only,high,2026-09-18 02:59:37.503261+00,2026-09-18 03:03:04.081665+00
b47271f5-71cf-4873-a81d-b8e3d847172c,/srv/fim-watch/gen_00215.txt,file_modified,alert_only,high,2026-09-18 02:59:37.603022+00,2026-09-18 03:03:04.098648+00
bb28deec-067c-4dec-876d-8e65a84d2203,/srv/fim-watch/gen_00074.txt,file_modified,alert_only,high,2026-09-18 02:59:37.702885+00,2026-09-18 03:03:04.115498+00
09218970-3c64-4a06-9f3a-dd3c025159e7,/srv/fim-watch/critico/gen_00123.txt,file_modified,alert_only,critical,2026-09-18 02:59:37.803273+00,2026-09-18 03:03:04.132883+00
9f3145f6-f2d7-40f7-88e2-1af52898d343,/srv/fim-watch/gen_00102.txt,file_modified,alert_only,high,2026-09-18 02:59:37.902963+00,2026-09-18 03:03:04.149671+00
b5137b6a-fc97-42b9-8634-215018b8f9ab,/srv/fim-watch/gen_00170.txt,file_modified,alert_only,high,2026-09-18 02:59:38.003114+00,2026-09-18 03:03:04.164587+00
09b13c42-4854-4a3e-8616-8fc32f9d7c34,/srv/fim-watch/gen_00216.txt,file_modified,alert_only,high,2026-09-18 02:59:38.10308+00,2026-09-18 03:03:04.179433+00
7b20c71c-a60a-4597-bcc3-e6bbf446d28d,/srv/fim-watch/gen_00216.txt,file_deleted,alert_only,high,2026-09-18 02:59:38.203005+00,2026-09-18 03:03:04.194172+00
bf66f24c-c264-408b-bc88-dcbc96faa9fe,/srv/fim-watch/critico/gen_00153.txt,file_modified,alert_only,critical,2026-09-18 02:59:38.302841+00,2026-09-18 03:03:04.20942+00
13bb58d0-8922-4078-829a-05f10341e3c3,/srv/fim-watch/gen_00217.txt,file_created,alert_only,high,2026-09-18 02:59:38.402245+00,2026-09-18 03:03:04.225977+00
83fe5074-fdfa-4510-9d47-ee14a2a4c5ed,/srv/fim-watch/gen_00134.txt,file_modified,alert_only,high,2026-09-18 02:59:38.503299+00,2026-09-18 03:03:04.24092+00
af57fb53-166c-43eb-8b45-d4865c05e84e,/srv/fim-watch/gen_00218.txt,file_modified,alert_only,high,2026-09-18 02:59:38.602596+00,2026-09-18 03:03:04.255928+00
cb06176f-6c37-45d5-a3c4-5eef3c13e1f6,/srv/fim-watch/gen_00215.txt,file_modified,alert_only,high,2026-09-18 02:59:38.70325+00,2026-09-18 03:03:04.271498+00
76f9369d-06aa-4554-b3c3-de237921e6b8,/srv/fim-watch/gen_00070.txt,file_modified,alert_only,high,2026-09-18 02:59:38.803013+00,2026-09-18 03:03:04.287459+00
589a42f3-20fe-42f5-ae81-93f740105c6b,/srv/fim-watch/gen_00070.txt,file_modified,alert_only,high,2026-09-18 02:59:38.903479+00,2026-09-18 03:03:04.302115+00
d41925a5-8bc5-4c5f-b3dd-197a0f350875,/srv/fim-watch/gen_00067.txt,file_modified,alert_only,high,2026-09-18 02:59:39.003402+00,2026-09-18 03:03:04.31654+00
b5e1efd3-afd1-499c-8d73-c8489d259d2d,/srv/fim-watch/gen_00135.txt,file_modified,alert_only,high,2026-09-18 02:59:39.103359+00,2026-09-18 03:03:04.334743+00
3a2b5654-9909-4037-9423-433c4bba764d,/srv/fim-watch/gen_00174.txt,file_modified,alert_only,high,2026-09-18 02:59:39.203236+00,2026-09-18 03:03:04.350909+00
fa885dc9-1fec-48fa-b9fb-5fb424e1a176,/srv/fim-watch/gen_00220.txt,file_modified,alert_only,high,2026-09-18 02:59:39.40326+00,2026-09-18 03:03:04.36585+00
9c07711e-fc1d-47b6-9548-6e53f13ca4c8,/srv/fim-watch/gen_00220.txt,file_deleted,alert_only,high,2026-09-18 02:59:39.503458+00,2026-09-18 03:03:04.38242+00
32244939-3a7d-4ffa-b38a-3cbcd9275e1e,/srv/fim-watch/gen_00128.txt,file_modified,alert_only,high,2026-09-18 02:59:39.603282+00,2026-09-18 03:03:04.398147+00
6609bd27-b1c6-4e6d-8f82-11ec2e772298,/srv/fim-watch/gen_00020.txt,file_modified,alert_only,high,2026-09-18 02:59:39.703423+00,2026-09-18 03:03:04.413547+00
3b94b021-33d1-435a-bb64-55a694d8aa38,/srv/fim-watch/gen_00175.txt,file_modified,alert_only,high,2026-09-18 02:59:39.802949+00,2026-09-18 03:03:04.429943+00
20d17bf1-f5c7-415a-a8ca-14226022ccaf,/srv/fim-watch/gen_00193.txt,file_modified,alert_only,high,2026-09-18 02:59:39.903052+00,2026-09-18 03:03:04.44518+00
cbd52579-e8e0-4050-b66d-d0c7f11d25ca,/srv/fim-watch/gen_00151.txt,file_modified,alert_only,high,2026-09-18 02:59:40.003584+00,2026-09-18 03:03:04.460328+00
0a9ff595-d118-4cd8-ba4c-e9ea1c70c60e,/srv/fim-watch/gen_00151.txt,file_modified,alert_only,high,2026-09-18 02:59:40.102982+00,2026-09-18 03:03:04.476889+00
aa0808cd-89e7-490a-a9b4-9a7ddfbf8cae,/srv/fim-watch/gen_00106.txt,file_modified,alert_only,high,2026-09-18 02:59:40.203228+00,2026-09-18 03:03:04.492107+00
b7b09870-becf-444a-aa02-9fe57b831863,/srv/fim-watch/gen_00170.txt,file_deleted,alert_only,high,2026-09-18 02:59:40.302946+00,2026-09-18 03:03:04.507636+00
611e0201-9262-40a8-949e-a6a189f8dc72,/srv/fim-watch/gen_00149.txt,file_modified,alert_only,high,2026-09-18 02:59:40.403028+00,2026-09-18 03:03:04.522912+00
8716cfc5-1bf6-4cbc-bc81-697987aaa29a,/srv/fim-watch/gen_00103.txt,file_deleted,alert_only,high,2026-09-18 02:59:40.5029+00,2026-09-18 03:03:04.538277+00
b436c10b-7f08-4112-82c3-31182790a69d,/srv/fim-watch/gen_00147.txt,file_deleted,alert_only,high,2026-09-18 02:59:40.603974+00,2026-09-18 03:03:04.563406+00
b37e01ea-5bc8-4639-994e-715b484ec0cc,/srv/fim-watch/gen_00181.txt,file_modified,alert_only,high,2026-09-18 02:59:40.703383+00,2026-09-18 03:03:04.570242+00
b48d26c9-6248-4666-abea-7cac0f0a2b95,/srv/fim-watch/gen_00181.txt,file_modified,alert_only,high,2026-09-18 02:59:40.803063+00,2026-09-18 03:03:04.585316+00
ee4a3684-503b-4b2a-ac88-e457fa7905f4,/srv/fim-watch/gen_00093.txt,file_modified,alert_only,high,2026-09-18 02:59:40.903006+00,2026-09-18 03:03:04.599731+00
b3f64499-0015-4bd1-b6a8-a482ff6ce392,/srv/fim-watch/gen_00175.txt,file_modified,alert_only,high,2026-09-18 02:59:41.002962+00,2026-09-18 03:03:04.613649+00
fca3ffbc-1236-4a5f-8af4-aaa88d6a0fcf,/srv/fim-watch/gen_00175.txt,file_modified,alert_only,high,2026-09-18 02:59:41.103147+00,2026-09-18 03:03:04.628537+00
8dcc1f57-1d42-4e2e-9f33-bb79bda405d7,/srv/fim-watch/gen_00175.txt,file_modified,alert_only,high,2026-09-18 02:59:41.203027+00,2026-09-18 03:03:04.643738+00
4d4b58fe-4a5f-46e0-af76-ea47c1dabf34,/srv/fim-watch/gen_00175.txt,file_modified,alert_only,high,2026-09-18 02:59:41.303032+00,2026-09-18 03:03:04.658411+00
5e080fae-7569-4892-9106-8458c4f03c81,/srv/fim-watch/gen_00175.txt,file_modified,alert_only,high,2026-09-18 02:59:41.403215+00,2026-09-18 03:03:04.676581+00
02e65227-b4ca-4f6b-bdeb-c7c6dae99af2,/srv/fim-watch/gen_00125.txt,file_modified,alert_only,high,2026-09-18 02:59:41.503096+00,2026-09-18 03:03:04.691644+00
a6956f26-49fb-464b-9635-e23ad5ac22fe,/srv/fim-watch/gen_00062.txt,file_modified,alert_only,high,2026-09-18 02:59:41.603045+00,2026-09-18 03:03:04.705364+00
9a65f628-769f-4114-8069-f069aa62518d,/srv/fim-watch/critico/gen_00184.txt,file_modified,alert_only,critical,2026-09-18 02:59:41.703287+00,2026-09-18 03:03:04.720337+00
58b98193-d0fd-4c1d-8ff9-28e0e5efde34,/srv/fim-watch/gen_00167.txt,file_modified,alert_only,high,2026-09-18 02:59:41.803264+00,2026-09-18 03:03:04.735678+00
13269b7f-e35f-4434-bce3-536f8fdb7325,/srv/fim-watch/gen_00221.txt,file_modified,alert_only,high,2026-09-18 02:59:41.903082+00,2026-09-18 03:03:04.749505+00
ac6a4bb1-2ad3-4a0b-af12-157c76681123,/srv/fim-watch/gen_00108.txt,file_modified,alert_only,high,2026-09-18 02:59:42.103634+00,2026-09-18 03:03:04.764631+00
7006bbc2-9150-4fd6-87dd-20da9f32a65a,/srv/fim-watch/gen_00139.txt,file_modified,alert_only,high,2026-09-18 02:59:42.20323+00,2026-09-18 03:03:04.781215+00
27fce6db-0192-4bcc-a087-03f58520d4bb,/srv/fim-watch/gen_00213.txt,file_modified,alert_only,high,2026-09-18 02:59:42.30354+00,2026-09-18 03:03:04.797296+00
45c92ecf-c7a0-4723-b472-241778f5ff3f,/srv/fim-watch/gen_00106.txt,file_modified,alert_only,high,2026-09-18 02:59:42.403288+00,2026-09-18 03:03:04.814081+00
9eeb0c2b-7dde-4973-88d9-dc4b1fd9a9f9,/srv/fim-watch/gen_00224.txt,file_modified,alert_only,high,2026-09-18 02:59:42.602931+00,2026-09-18 03:03:04.830419+00
ad14c4fe-b0b1-4eb5-8c10-0aeb2fd7bb7b,/srv/fim-watch/gen_00224.txt,file_deleted,alert_only,high,2026-09-18 02:59:42.702935+00,2026-09-18 03:03:04.847235+00
b21dcd36-5bf2-4859-849a-79dd549fef4e,/srv/fim-watch/critico/gen_00025.txt,file_modified,alert_only,critical,2026-09-18 02:59:42.80362+00,2026-09-18 03:03:04.865061+00
64166f52-5744-4626-b24a-9e02ceb39cbd,/srv/fim-watch/critico/gen_00025.txt,file_modified,alert_only,critical,2026-09-18 02:59:42.902529+00,2026-09-18 03:03:04.88208+00
e5adb11e-596e-4391-8c3c-255bd1a3bce5,/srv/fim-watch/gen_00225.txt,file_modified,alert_only,high,2026-09-18 02:59:43.003273+00,2026-09-18 03:03:04.89907+00
a3408475-ab0a-49fd-aac7-662962451c36,/srv/fim-watch/critico/gen_00025.txt,file_modified,alert_only,critical,2026-09-18 02:59:43.10309+00,2026-09-18 03:03:04.917199+00
2bfc770e-587e-4ec9-a3b3-e316d939e982,/srv/fim-watch/gen_00226.txt,file_modified,alert_only,high,2026-09-18 02:59:43.204701+00,2026-09-18 03:03:04.932081+00
bb12f179-ac28-4325-a2e2-4e187444b15d,/srv/fim-watch/gen_00049.txt,file_modified,alert_only,high,2026-09-18 02:59:43.303086+00,2026-09-18 03:03:04.948844+00
a6762424-29aa-4415-97a0-551edefd264e,/srv/fim-watch/gen_00203.txt,file_modified,alert_only,high,2026-09-18 02:59:43.402579+00,2026-09-18 03:03:04.962549+00
40663f9c-db55-4b7b-929e-68d33bcf322d,/srv/fim-watch/gen_00114.txt,file_modified,alert_only,high,2026-09-18 02:59:43.503177+00,2026-09-18 03:03:04.979958+00
f54e200b-5805-4948-9ca2-ef15adb0d9dc,/srv/fim-watch/gen_00114.txt,file_modified,alert_only,high,2026-09-18 02:59:43.603021+00,2026-09-18 03:03:04.993523+00
34433713-8070-4824-8f0b-1f44a84694b0,/srv/fim-watch/gen_00114.txt,file_modified,alert_only,high,2026-09-18 02:59:43.703204+00,2026-09-18 03:03:05.008979+00
89ad8a73-333e-49d8-a881-4a280bce24c5,/srv/fim-watch/gen_00114.txt,file_modified,alert_only,high,2026-09-18 02:59:43.803127+00,2026-09-18 03:03:05.02381+00
65987366-349d-42ca-8673-ae94416dfa4b,/srv/fim-watch/gen_00114.txt,file_modified,alert_only,high,2026-09-18 02:59:43.903062+00,2026-09-18 03:03:05.039932+00
00aa7621-fe62-4574-947f-1b87ec52a3c2,/srv/fim-watch/critico/gen_00227.txt,file_modified,alert_only,critical,2026-09-18 02:59:44.003229+00,2026-09-18 03:03:05.056659+00
11b5213d-fffb-402c-9edb-49bf11a24fb9,/srv/fim-watch/critico/gen_00227.txt,file_deleted,alert_only,critical,2026-09-18 02:59:44.102958+00,2026-09-18 03:03:05.073811+00
0794638f-5c54-46cd-a106-95a14fd69708,/srv/fim-watch/gen_00016.txt,file_modified,alert_only,high,2026-09-18 02:59:44.203134+00,2026-09-18 03:03:05.090397+00
93eb345b-190f-466e-bd6f-f4889cdfb688,/srv/fim-watch/gen_00192.txt,file_modified,alert_only,high,2026-09-18 02:59:44.303378+00,2026-09-18 03:03:05.105898+00
5247a26b-cba2-4791-8137-ee2fbd356429,/srv/fim-watch/gen_00228.txt,file_modified,alert_only,high,2026-09-18 02:59:44.403554+00,2026-09-18 03:03:05.121807+00
b61a61be-07af-4627-bc3a-11cd404ea11b,/srv/fim-watch/critico/gen_00123.txt,file_modified,alert_only,critical,2026-09-18 02:59:44.502899+00,2026-09-18 03:03:05.137414+00
7ec32a8c-80b9-4438-9e53-b08c585ffdb5,/srv/fim-watch/gen_00159.txt,file_modified,alert_only,high,2026-09-18 02:59:44.602976+00,2026-09-18 03:03:05.152922+00
8198bc57-f89c-4be6-83f6-da414e7fb194,/srv/fim-watch/gen_00159.txt,file_modified,alert_only,high,2026-09-18 02:59:44.703117+00,2026-09-18 03:03:05.168316+00
7abc6909-edaa-4a8b-a5a7-497948ccbac0,/srv/fim-watch/gen_00135.txt,file_modified,alert_only,high,2026-09-18 02:59:44.802807+00,2026-09-18 03:03:05.184613+00
a2d85fb2-ca4b-4a8b-ace4-74652fb8b703,/srv/fim-watch/gen_00229.txt,file_modified,alert_only,high,2026-09-18 02:59:44.903125+00,2026-09-18 03:03:05.201975+00
d088ea6f-acdf-448c-a835-3ce1d1fa5f0f,/srv/fim-watch/critico/gen_00200.txt,file_modified,alert_only,critical,2026-09-18 02:59:45.002888+00,2026-09-18 03:03:05.219332+00
9ae49b97-320b-4a20-83dc-4b22777872e6,/srv/fim-watch/critico/gen_00200.txt,file_modified,alert_only,critical,2026-09-18 02:59:45.103027+00,2026-09-18 03:03:05.236362+00
6941c7a4-ff71-4ada-813d-4935cc5e9709,/srv/fim-watch/gen_00181.txt,file_deleted,alert_only,high,2026-09-18 02:59:45.203151+00,2026-09-18 03:03:05.253695+00
d1e57227-2f58-4476-a0c5-b21a622f9fa8,/srv/fim-watch/gen_00167.txt,file_deleted,alert_only,high,2026-09-18 02:59:45.302761+00,2026-09-18 03:03:05.271294+00
497c803a-d440-448d-945c-72ccf214dfda,/srv/fim-watch/gen_00062.txt,file_modified,alert_only,high,2026-09-18 02:59:45.403385+00,2026-09-18 03:03:05.288088+00
a9e1579f-959d-468c-a4f7-66a23a67ebbd,/srv/fim-watch/gen_00230.txt,file_modified,alert_only,high,2026-09-18 02:59:45.502664+00,2026-09-18 03:03:05.304883+00
644c8902-3de0-46e7-b659-68d7d619a14a,/srv/fim-watch/gen_00062.txt,file_modified,alert_only,high,2026-09-18 02:59:45.602804+00,2026-09-18 03:03:05.32297+00
3279d79d-6df5-41d9-8268-11e968294fcc,/srv/fim-watch/gen_00042.txt,file_modified,alert_only,high,2026-09-18 02:59:45.703127+00,2026-09-18 03:03:05.340234+00
82d15257-84cd-4bde-9adc-4e742313e1fb,/srv/fim-watch/gen_00212.txt,file_modified,alert_only,high,2026-09-18 02:59:45.802974+00,2026-09-18 03:03:05.367814+00
e70c3bbb-8b5b-4641-94a7-0e5509ed761e,/srv/fim-watch/gen_00212.txt,file_modified,alert_only,high,2026-09-18 02:59:45.902922+00,2026-09-18 03:03:05.374796+00
3e5256d8-071d-4526-be86-0b1527ff12d1,/srv/fim-watch/gen_00218.txt,file_deleted,alert_only,high,2026-09-18 02:59:46.103244+00,2026-09-18 03:03:05.391631+00
25118825-0e0c-4dfc-8aa3-dc64ab0138f0,/srv/fim-watch/gen_00122.txt,file_modified,alert_only,high,2026-09-18 02:59:46.202182+00,2026-09-18 03:03:05.4088+00
2539f2a9-7818-470e-9358-872766ec4ffc,/srv/fim-watch/gen_00122.txt,file_modified,alert_only,high,2026-09-18 02:59:46.303187+00,2026-09-18 03:03:05.427093+00
34406add-d021-407a-802f-acb07a9607c2,/srv/fim-watch/critico/gen_00233.txt,file_created,alert_only,critical,2026-09-18 02:59:46.502267+00,2026-09-18 03:03:05.445167+00
bc0b369f-0597-4eda-8199-c8480348b89c,/srv/fim-watch/critico/gen_00233.txt,file_modified,alert_only,critical,2026-09-18 02:59:46.603296+00,2026-09-18 03:03:05.463019+00
6f743322-3b56-4712-bf5f-ae54a5ec60a1,/srv/fim-watch/gen_00068.txt,file_modified,alert_only,high,2026-09-18 02:59:46.703628+00,2026-09-18 03:03:05.481484+00
8e46fff4-d85e-4f7a-9b30-99eb49ab21b5,/srv/fim-watch/gen_00234.txt,file_modified,alert_only,high,2026-09-18 02:59:46.803171+00,2026-09-18 03:03:05.497731+00
70ba7c38-8ac4-4809-afb7-9be14f0b7734,/srv/fim-watch/gen_00117.txt,file_modified,alert_only,high,2026-09-18 02:59:46.903623+00,2026-09-18 03:03:05.513866+00
9ed4b3ca-3cff-4b38-b1d0-33ecef64664c,/srv/fim-watch/gen_00102.txt,file_modified,alert_only,high,2026-09-18 02:59:47.003522+00,2026-09-18 03:03:05.528293+00
0ffcc6d3-beb3-44f1-b1e7-fd0b97c5237a,/srv/fim-watch/gen_00108.txt,file_modified,alert_only,high,2026-09-18 02:59:47.103772+00,2026-09-18 03:03:05.543934+00
a05a4d08-f8fb-491e-a4af-bacd3b68bbc4,/srv/fim-watch/gen_00235.txt,file_modified,alert_only,high,2026-09-18 02:59:47.203254+00,2026-09-18 03:03:05.559048+00
778d112d-27d9-4e31-ad77-22daff370510,/srv/fim-watch/critico/gen_00236.txt,file_modified,alert_only,critical,2026-09-18 02:59:47.303117+00,2026-09-18 03:03:05.57531+00
ec33525b-6ebe-452a-8b38-97c6eb1f9622,/srv/fim-watch/critico/gen_00222.txt,file_modified,alert_only,critical,2026-09-18 02:59:47.403127+00,2026-09-18 03:03:05.591643+00
646704dc-972d-46a3-9e49-aabd9a4280aa,/srv/fim-watch/gen_00237.txt,file_modified,alert_only,high,2026-09-18 02:59:47.504675+00,2026-09-18 03:03:05.608471+00
e422833f-f154-453a-be82-077556d0b848,/srv/fim-watch/gen_00238.txt,file_modified,alert_only,high,2026-09-18 02:59:47.602776+00,2026-09-18 03:03:05.625378+00
58f719e2-c0dd-4d32-befe-2d0d92e59afe,/srv/fim-watch/gen_00195.txt,file_modified,alert_only,high,2026-09-18 02:59:47.703461+00,2026-09-18 03:03:05.643046+00
3b81d57b-f94f-4550-bcd8-1e6aabf48508,/srv/fim-watch/gen_00115.txt,file_modified,alert_only,high,2026-09-18 02:59:47.803564+00,2026-09-18 03:03:05.660135+00
d21977f1-3b16-48b9-9fba-0a522ea6cae2,/srv/fim-watch/gen_00115.txt,file_modified,alert_only,high,2026-09-18 02:59:47.903483+00,2026-09-18 03:03:05.677423+00
a9751fc3-b299-4181-b0de-a352ff58223c,/srv/fim-watch/gen_00115.txt,file_modified,alert_only,high,2026-09-18 02:59:48.002572+00,2026-09-18 03:03:05.695117+00
2cbdb95b-14d8-4850-8714-3205d1023336,/srv/fim-watch/gen_00115.txt,file_modified,alert_only,high,2026-09-18 02:59:48.103378+00,2026-09-18 03:03:05.712244+00
571df538-caf7-4f42-b1e8-2ed5452c9bec,/srv/fim-watch/gen_00115.txt,file_modified,alert_only,high,2026-09-18 02:59:48.203218+00,2026-09-18 03:03:05.729373+00
578abdca-18ad-4c17-9cc9-70c46483b573,/srv/fim-watch/gen_00079.txt,file_modified,alert_only,high,2026-09-18 02:59:48.303366+00,2026-09-18 03:03:05.747171+00
c5a0fdba-97db-48ce-9916-76818cd13e4e,/srv/fim-watch/gen_00057.txt,file_modified,alert_only,high,2026-09-18 02:59:48.403053+00,2026-09-18 03:03:05.761249+00
b7236307-e227-4df3-8b41-5989b0d74a09,/srv/fim-watch/gen_00194.txt,file_modified,alert_only,high,2026-09-18 02:59:48.503028+00,2026-09-18 03:03:05.779083+00
e7a78354-6b95-4631-9d94-15042e94c1ff,/srv/fim-watch/gen_00239.txt,file_modified,alert_only,high,2026-09-18 02:59:48.603105+00,2026-09-18 03:03:05.794335+00
667aecc1-39d9-42fa-8310-b0c79c6d8835,/srv/fim-watch/gen_00240.txt,file_modified,alert_only,high,2026-09-18 02:59:48.703173+00,2026-09-18 03:03:05.8107+00
01333b58-2ac1-40b3-b38f-69afc31ede17,/srv/fim-watch/gen_00185.txt,file_deleted,alert_only,high,2026-09-18 02:59:48.803428+00,2026-09-18 03:03:05.827777+00
7f9d59d8-1070-4e51-9714-faa9814aec24,/srv/fim-watch/gen_00203.txt,file_modified,alert_only,high,2026-09-18 02:59:48.903549+00,2026-09-18 03:03:05.843247+00
07b76802-2340-4637-b803-da72406f978d,/srv/fim-watch/gen_00231.txt,file_modified,alert_only,high,2026-09-18 02:59:49.003097+00,2026-09-18 03:03:05.857906+00
381045cb-9d6d-4274-9ef7-ff17d07437c1,/srv/fim-watch/gen_00217.txt,file_modified,alert_only,high,2026-09-18 02:59:49.103606+00,2026-09-18 03:03:05.87458+00
72c282e2-6b52-45b7-b8b9-6c937a197b13,/srv/fim-watch/gen_00049.txt,file_modified,alert_only,high,2026-09-18 02:59:49.203468+00,2026-09-18 03:03:05.890294+00
7388280b-e303-448c-a581-24618beb9e9a,/srv/fim-watch/gen_00240.txt,file_modified,alert_only,high,2026-09-18 02:59:49.30322+00,2026-09-18 03:03:05.904606+00
126fb8c5-1729-4931-a275-bf1a6b4154e1,/srv/fim-watch/gen_00078.txt,file_modified,alert_only,high,2026-09-18 02:59:49.403019+00,2026-09-18 03:03:05.920583+00
0dfa4a7a-cd27-4e7a-8457-76a1889d46a2,/srv/fim-watch/gen_00146.txt,file_deleted,alert_only,high,2026-09-18 02:59:49.50321+00,2026-09-18 03:03:05.936481+00
0465d440-1180-47b3-bdc2-284fde1b614a,/srv/fim-watch/gen_00104.txt,file_modified,alert_only,high,2026-09-18 02:59:49.603057+00,2026-09-18 03:03:05.954181+00
66f18fe3-1d8e-40c8-b447-8db49ae9f88d,/srv/fim-watch/critico/gen_00037.txt,file_deleted,alert_only,critical,2026-09-18 02:59:49.703475+00,2026-09-18 03:03:05.97054+00
2e237899-e9b6-45a8-a885-daabfd46b5d2,/srv/fim-watch/gen_00155.txt,file_deleted,alert_only,high,2026-09-18 02:59:49.802789+00,2026-09-18 03:03:05.987978+00
b20ec82d-1239-4c81-b9d3-aecb670ae720,/srv/fim-watch/gen_00241.txt,file_modified,alert_only,high,2026-09-18 02:59:49.903189+00,2026-09-18 03:03:06.005425+00
8932e94e-7bde-4522-a284-983aec0346e5,/srv/fim-watch/gen_00219.txt,file_modified,alert_only,high,2026-09-18 02:59:50.003231+00,2026-09-18 03:03:06.022742+00
ed809691-af63-42a8-88a3-896ab9dfec06,/srv/fim-watch/critico/gen_00222.txt,file_modified,alert_only,critical,2026-09-18 02:59:50.103762+00,2026-09-18 03:03:06.039504+00
be8c26c2-f52b-4e54-a595-270bf122502a,/srv/fim-watch/gen_00088.txt,file_modified,alert_only,high,2026-09-18 02:59:50.202782+00,2026-09-18 03:03:06.056912+00
3cf478ab-76bf-44b1-bd78-bdfc9953d110,/srv/fim-watch/critico/gen_00025.txt,file_deleted,alert_only,critical,2026-09-18 02:59:50.303376+00,2026-09-18 03:03:06.073937+00
fa776e8f-f9d6-482f-8fd9-6f74f2c35b6c,/srv/fim-watch/gen_00229.txt,file_deleted,alert_only,high,2026-09-18 02:59:50.403486+00,2026-09-18 03:03:06.089166+00
51f395d0-2a46-4f66-8966-171f0a478824,/srv/fim-watch/gen_00217.txt,file_deleted,alert_only,high,2026-09-18 02:59:50.503453+00,2026-09-18 03:03:06.105305+00
96e53dc4-9e20-405f-95dc-55b8c3945cb0,/srv/fim-watch/critico/gen_00242.txt,file_modified,alert_only,critical,2026-09-18 02:59:50.603574+00,2026-09-18 03:03:06.120945+00
67f3270c-4142-4288-ac9d-38b7ce60660a,/srv/fim-watch/gen_00243.txt,file_modified,alert_only,high,2026-09-18 02:59:50.703172+00,2026-09-18 03:03:06.136825+00
8011b91d-2d5d-4655-9f18-39f70421e817,/srv/fim-watch/gen_00089.txt,file_modified,alert_only,high,2026-09-18 02:59:50.802762+00,2026-09-18 03:03:06.153288+00
21a27b2d-5553-437d-a657-713076de5841,/srv/fim-watch/gen_00244.txt,file_modified,alert_only,high,2026-09-18 02:59:50.903144+00,2026-09-18 03:03:06.171451+00
d6388d8e-6e37-488a-9a3b-a44a00d85752,/srv/fim-watch/gen_00244.txt,file_deleted,alert_only,high,2026-09-18 02:59:51.002952+00,2026-09-18 03:03:06.194148+00
dd7b2b09-9a6d-4cc7-aa32-641b1b4d6ada,/srv/fim-watch/critico/gen_00191.txt,file_modified,alert_only,critical,2026-09-18 02:59:51.102803+00,2026-09-18 03:03:06.200366+00
bb634ac5-4e90-42fc-8ba4-660fa56f532a,/srv/fim-watch/gen_00203.txt,file_modified,alert_only,high,2026-09-18 02:59:51.203027+00,2026-09-18 03:03:06.213248+00
c292b12f-a80a-44c1-8e57-86ede58b0f9c,/srv/fim-watch/gen_00203.txt,file_modified,alert_only,high,2026-09-18 02:59:51.303141+00,2026-09-18 03:03:06.227462+00
1bdd7e3c-c894-4cc7-8a5f-e70de48d962b,/srv/fim-watch/gen_00088.txt,file_modified,alert_only,high,2026-09-18 02:59:51.403349+00,2026-09-18 03:03:06.244306+00
6dc5a2b3-b203-455c-8688-fae6498fe04e,/srv/fim-watch/gen_00245.txt,file_modified,alert_only,high,2026-09-18 02:59:51.504511+00,2026-09-18 03:03:06.258266+00
0abbe1bf-df44-4c50-a55b-5476111c2446,/srv/fim-watch/critico/gen_00156.txt,file_modified,alert_only,critical,2026-09-18 02:59:51.6045+00,2026-09-18 03:03:06.271146+00
138006cb-76e3-4ed7-ab1e-c1dbb692ad49,/srv/fim-watch/gen_00198.txt,file_modified,alert_only,high,2026-09-18 02:59:51.702788+00,2026-09-18 03:03:06.28645+00
afda691f-06fa-4088-be53-eeb8e1c77dfe,/srv/fim-watch/gen_00246.txt,file_modified,alert_only,high,2026-09-18 02:59:51.803059+00,2026-09-18 03:03:06.300571+00
5696394a-4ae3-436f-ba01-c8fd99927c66,/srv/fim-watch/critico/gen_00200.txt,file_modified,alert_only,critical,2026-09-18 02:59:51.902786+00,2026-09-18 03:03:06.315622+00
26062333-efcd-42fb-b7e3-28009d298475,/srv/fim-watch/gen_00219.txt,file_modified,alert_only,high,2026-09-18 02:59:52.003529+00,2026-09-18 03:03:06.333667+00
d10e049f-611f-447b-b36e-15d12faf6104,/srv/fim-watch/gen_00174.txt,file_modified,alert_only,high,2026-09-18 02:59:52.103878+00,2026-09-18 03:03:06.348875+00
b150c2c6-f817-4fe3-9eae-ecc81573890c,/srv/fim-watch/critico/gen_00209.txt,file_modified,alert_only,critical,2026-09-18 02:59:52.20314+00,2026-09-18 03:03:06.364046+00
ab26b714-2848-4380-a2a1-afaed4f41bde,/srv/fim-watch/gen_00057.txt,file_modified,alert_only,high,2026-09-18 02:59:52.303486+00,2026-09-18 03:03:06.379386+00
7ba2f104-92bd-4435-998f-cbec119d9419,/srv/fim-watch/gen_00161.txt,file_modified,alert_only,high,2026-09-18 02:59:52.403566+00,2026-09-18 03:03:06.395298+00
5a9e857c-53bf-425d-a903-3768d5bab89d,/srv/fim-watch/gen_00237.txt,file_deleted,alert_only,high,2026-09-18 02:59:52.503336+00,2026-09-18 03:03:06.411358+00
061fe26d-1e80-4e7e-9113-47d5ab439780,/srv/fim-watch/critico/gen_00242.txt,file_modified,alert_only,critical,2026-09-18 02:59:52.603701+00,2026-09-18 03:03:06.427997+00
061b5554-f7c4-4a91-a340-3298ade8a62d,/srv/fim-watch/gen_00247.txt,file_modified,alert_only,high,2026-09-18 02:59:52.70276+00,2026-09-18 03:03:06.443336+00
e6614e42-fc72-4e69-b87b-412a457b6777,/srv/fim-watch/gen_00006.txt,file_modified,alert_only,high,2026-09-18 02:59:52.803424+00,2026-09-18 03:03:06.458055+00
26f5a4ab-1ddd-4fd1-b530-a40d676f2ce6,/srv/fim-watch/gen_00114.txt,file_modified,alert_only,high,2026-09-18 02:59:52.902817+00,2026-09-18 03:03:06.472056+00
9a814263-19cb-494c-ad32-8419ea633ddb,/srv/fim-watch/gen_00128.txt,file_modified,alert_only,high,2026-09-18 02:59:53.00281+00,2026-09-18 03:03:06.486009+00
81222ed8-cfa5-4ebc-b9ac-b7ce84060456,/srv/fim-watch/gen_00128.txt,file_modified,alert_only,high,2026-09-18 02:59:53.102677+00,2026-09-18 03:03:06.50308+00
8394b518-718b-4752-9b5c-47fda15daa37,/srv/fim-watch/gen_00128.txt,file_modified,alert_only,high,2026-09-18 02:59:53.203116+00,2026-09-18 03:03:06.517556+00
ad3766a9-198d-49e6-93cc-e377ac98f01b,/srv/fim-watch/gen_00128.txt,file_modified,alert_only,high,2026-09-18 02:59:53.303162+00,2026-09-18 03:03:06.531226+00
9d11626d-ee52-4c01-befc-04fa341044a0,/srv/fim-watch/gen_00128.txt,file_modified,alert_only,high,2026-09-18 02:59:53.403719+00,2026-09-18 03:03:06.545236+00
552bea65-68d7-4da1-ab91-8e30a867ea68,/srv/fim-watch/gen_00162.txt,file_modified,alert_only,high,2026-09-18 02:59:53.502723+00,2026-09-18 03:03:06.559245+00
f801222c-2d4a-40a5-944f-b24958a03163,/srv/fim-watch/critico/gen_00248.txt,file_modified,alert_only,critical,2026-09-18 02:59:53.603508+00,2026-09-18 03:03:06.57304+00
5f38dbd6-b48a-4712-9c47-5914162d2356,/srv/fim-watch/gen_00249.txt,file_modified,alert_only,high,2026-09-18 02:59:53.702965+00,2026-09-18 03:03:06.588385+00
4c9b228e-7a3e-48a9-9afa-a78f1963b3f4,/srv/fim-watch/critico/gen_00236.txt,file_modified,alert_only,critical,2026-09-18 02:59:53.803031+00,2026-09-18 03:03:06.603926+00
28f3776a-6327-4566-83ba-271091881558,/srv/fim-watch/gen_00093.txt,file_modified,alert_only,high,2026-09-18 02:59:53.903551+00,2026-09-18 03:03:06.619486+00
7d3c515d-84ad-4249-98dc-40151803caea,/srv/fim-watch/critico/gen_00222.txt,file_modified,alert_only,critical,2026-09-18 02:59:54.003789+00,2026-09-18 03:03:06.634996+00
370dd6a2-7b6d-43b3-99d3-285904e29813,/srv/fim-watch/gen_00239.txt,file_deleted,alert_only,high,2026-09-18 02:59:54.103265+00,2026-09-18 03:03:06.650395+00
cc5ffecf-5c42-4fb3-a674-3d53a0091d21,/srv/fim-watch/gen_00128.txt,file_modified,alert_only,high,2026-09-18 02:59:54.202814+00,2026-09-18 03:03:06.665462+00
1f170daf-ec19-48c4-a167-0d8ee6b9ea96,/srv/fim-watch/gen_00235.txt,file_modified,alert_only,high,2026-09-18 02:59:54.303713+00,2026-09-18 03:03:06.680978+00
00e6b0dc-8d42-427b-a637-f3accf157c05,/srv/fim-watch/gen_00074.txt,file_deleted,alert_only,high,2026-09-18 02:59:54.403114+00,2026-09-18 03:03:06.694773+00
1d50b6d4-d2ca-449e-809b-c57e671aba23,/srv/fim-watch/gen_00159.txt,file_deleted,alert_only,high,2026-09-18 02:59:54.503425+00,2026-09-18 03:03:06.709891+00
8d722197-3643-4ad7-b172-9365c25402af,/srv/fim-watch/gen_00068.txt,file_deleted,alert_only,high,2026-09-18 02:59:54.703158+00,2026-09-18 03:03:06.724983+00
59580587-c934-4e76-bc60-cd355051169d,/srv/fim-watch/critico/gen_00189.txt,file_modified,alert_only,critical,2026-09-18 02:59:54.803189+00,2026-09-18 03:03:06.740118+00
ed4d199c-8308-44c5-91a5-6fe3b21ec3fa,/srv/fim-watch/critico/gen_00189.txt,file_modified,alert_only,critical,2026-09-18 02:59:54.904041+00,2026-09-18 03:03:06.755311+00
60945066-d996-4ac0-8b83-21a62334f25a,/srv/fim-watch/gen_00234.txt,file_modified,alert_only,high,2026-09-18 02:59:55.00343+00,2026-09-18 03:03:06.770784+00
908eb165-be9c-47ff-bfd9-261770fd52cf,/srv/fim-watch/gen_00214.txt,file_modified,alert_only,high,2026-09-18 02:59:55.103991+00,2026-09-18 03:03:06.785796+00
a016a91e-2bb3-43c0-8ccd-e729323cf18f,/srv/fim-watch/gen_00163.txt,file_modified,alert_only,high,2026-09-18 02:59:55.203171+00,2026-09-18 03:03:06.801304+00
47375269-310e-4e4d-b0c8-9eabda85e040,/srv/fim-watch/gen_00231.txt,file_modified,alert_only,high,2026-09-18 02:59:55.403112+00,2026-09-18 03:03:06.816491+00
2b7c20d8-3286-4d76-abb2-fa65a89b60ae,/srv/fim-watch/gen_00252.txt,file_modified,alert_only,high,2026-09-18 02:59:55.503455+00,2026-09-18 03:03:06.831583+00
edfd2246-0537-4ee2-bdbc-96f0662da71c,/srv/fim-watch/critico/gen_00233.txt,file_modified,alert_only,critical,2026-09-18 02:59:55.603392+00,2026-09-18 03:03:06.847724+00
ea491095-7c0c-43f6-9359-b17f46ac3049,/srv/fim-watch/critico/gen_00253.txt,file_modified,alert_only,critical,2026-09-18 02:59:55.703165+00,2026-09-18 03:03:06.864955+00
036e2b07-5056-41e5-a3c8-9d162c1c9967,/srv/fim-watch/gen_00221.txt,file_modified,alert_only,high,2026-09-18 02:59:55.804125+00,2026-09-18 03:03:06.880756+00
ece9bead-06cf-48e7-a12c-0666dcf42759,/srv/fim-watch/gen_00254.txt,file_modified,alert_only,high,2026-09-18 02:59:55.902962+00,2026-09-18 03:03:06.894634+00
81d43f9c-3698-4c49-93e7-5b3f29dc1d20,/srv/fim-watch/gen_00255.txt,file_modified,alert_only,high,2026-09-18 02:59:56.003016+00,2026-09-18 03:03:06.90861+00
f344f874-ee4b-4469-9548-e7243bd72c7e,/srv/fim-watch/gen_00256.txt,file_modified,alert_only,high,2026-09-18 02:59:56.102901+00,2026-09-18 03:03:06.92246+00
995de9dc-942c-48d9-abbe-609bb9530fcf,/srv/fim-watch/gen_00187.txt,file_modified,alert_only,high,2026-09-18 02:59:56.203486+00,2026-09-18 03:03:06.945516+00
a4cd828d-454c-4a51-ad96-233068400121,/srv/fim-watch/gen_00187.txt,file_modified,alert_only,high,2026-09-18 02:59:56.303378+00,2026-09-18 03:03:06.952278+00
88152d19-ea19-4544-af2e-86b29c8517f0,/srv/fim-watch/gen_00064.txt,file_modified,alert_only,high,2026-09-18 02:59:56.403311+00,2026-09-18 03:03:06.966282+00
34a066f3-3a57-4c05-a9d7-a7abc311f757,/srv/fim-watch/gen_00257.txt,file_modified,alert_only,high,2026-09-18 02:59:56.503891+00,2026-09-18 03:03:06.982078+00
dbe0b360-61c4-4429-ab68-751f7d035de8,/srv/fim-watch/gen_00258.txt,file_modified,alert_only,high,2026-09-18 02:59:56.60377+00,2026-09-18 03:03:06.99807+00
e56ab648-1b94-45e9-9d75-3829292d5218,/srv/fim-watch/gen_00258.txt,file_deleted,alert_only,high,2026-09-18 02:59:56.702995+00,2026-09-18 03:03:07.013002+00
998449a6-0051-4cb0-a875-2149ae27a234,/srv/fim-watch/gen_00259.txt,file_modified,alert_only,high,2026-09-18 02:59:56.803518+00,2026-09-18 03:03:07.028448+00
e2863e33-d1fc-4e41-9011-e3bf59ef6224,/srv/fim-watch/gen_00006.txt,file_modified,alert_only,high,2026-09-18 02:59:56.903208+00,2026-09-18 03:03:07.044043+00
229dac86-7a0f-450b-b7f2-f33761af0dac,/srv/fim-watch/gen_00108.txt,file_modified,alert_only,high,2026-09-18 02:59:57.003698+00,2026-09-18 03:03:07.060457+00
c79b6eee-ad10-42cc-a931-3b724b937036,/srv/fim-watch/gen_00256.txt,file_modified,alert_only,high,2026-09-18 02:59:57.103072+00,2026-09-18 03:03:07.077767+00
18121c8b-6758-4c67-b85e-11d697af7d8b,/srv/fim-watch/gen_00260.txt,file_created,alert_only,high,2026-09-18 02:59:57.202315+00,2026-09-18 03:03:07.093648+00
34a4179a-3998-4d5e-bd09-63991d9d5cf7,/srv/fim-watch/gen_00175.txt,file_modified,alert_only,high,2026-09-18 02:59:57.303611+00,2026-09-18 03:03:07.109166+00
702e6d71-8074-4eab-b5ba-ba7bb6e4a783,/srv/fim-watch/gen_00261.txt,file_created,alert_only,high,2026-09-18 02:59:57.403348+00,2026-09-18 03:03:07.124869+00
6d93af2b-43be-4fd2-84e0-fce76a73577a,/srv/fim-watch/gen_00263.txt,file_modified,alert_only,high,2026-09-18 02:59:57.602935+00,2026-09-18 03:03:07.140823+00
360a8235-602f-468a-8747-7d35b31d4f72,/srv/fim-watch/gen_00264.txt,file_modified,alert_only,high,2026-09-18 02:59:57.702974+00,2026-09-18 03:03:07.156403+00
c0a1e7ff-c80c-4fc3-85bf-1aba9e5e689d,/srv/fim-watch/gen_00050.txt,file_modified,alert_only,high,2026-09-18 02:59:57.803617+00,2026-09-18 03:03:07.171898+00
e74c711b-edfd-4633-b5e8-32397cb0d923,/srv/fim-watch/gen_00084.txt,file_modified,alert_only,high,2026-09-18 02:59:57.903172+00,2026-09-18 03:03:07.187463+00
5e30a1d9-7149-4149-855c-761adea4b270,/srv/fim-watch/gen_00265.txt,file_modified,alert_only,high,2026-09-18 02:59:58.002996+00,2026-09-18 03:03:07.203005+00
4b248f55-83ca-4776-8b8e-25d28c8f7253,/srv/fim-watch/gen_00266.txt,file_modified,alert_only,high,2026-09-18 02:59:58.102461+00,2026-09-18 03:03:07.218401+00
359e7c36-6d2d-4fe3-863e-f75b9a15233d,/srv/fim-watch/critico/gen_00053.txt,file_modified,alert_only,critical,2026-09-18 02:59:58.203004+00,2026-09-18 03:03:07.233792+00
98402961-e2c3-4456-ac80-96e49883f434,/srv/fim-watch/gen_00006.txt,file_modified,alert_only,high,2026-09-18 02:59:58.302941+00,2026-09-18 03:03:07.249375+00
f4417a7b-d3cd-4ba9-b336-bfc17a99243c,/srv/fim-watch/critico/gen_00209.txt,file_modified,alert_only,critical,2026-09-18 02:59:58.403052+00,2026-09-18 03:03:07.264787+00
fd289b06-9320-4a73-9506-f942ff833006,/srv/fim-watch/critico/gen_00156.txt,file_modified,alert_only,critical,2026-09-18 02:59:58.502964+00,2026-09-18 03:03:07.279746+00
8a179344-72e3-432a-be60-968738860856,/srv/fim-watch/gen_00267.txt,file_modified,alert_only,high,2026-09-18 02:59:58.603083+00,2026-09-18 03:03:07.294852+00
08c2a254-03d7-4e6b-a300-82e6869e48a1,/srv/fim-watch/gen_00195.txt,file_modified,alert_only,high,2026-09-18 02:59:58.70305+00,2026-09-18 03:03:07.309838+00
96df396c-a085-4f9d-bc92-a11cc7ccb424,/srv/fim-watch/gen_00254.txt,file_modified,alert_only,high,2026-09-18 02:59:58.803238+00,2026-09-18 03:03:07.32574+00
231a33fe-1a53-4f64-b9a2-3a94dd7067a2,/srv/fim-watch/gen_00269.txt,file_modified,alert_only,high,2026-09-18 02:59:59.002969+00,2026-09-18 03:03:07.340775+00
9c3182c5-20be-4fd1-9b7d-ef250b5fdc03,/srv/fim-watch/gen_00270.txt,file_modified,alert_only,high,2026-09-18 02:59:59.103157+00,2026-09-18 03:03:07.355772+00
1166ecc4-9b95-40c6-8edc-95e4934a2545,/srv/fim-watch/gen_00270.txt,file_deleted,alert_only,high,2026-09-18 02:59:59.202734+00,2026-09-18 03:03:07.370935+00
c4bacf2e-de64-4654-94a3-0c3c16c71a28,/srv/fim-watch/gen_00175.txt,file_modified,alert_only,high,2026-09-18 02:59:59.303007+00,2026-09-18 03:03:07.386099+00
af95f334-e981-4b51-a154-7d52314d9fea,/srv/fim-watch/gen_00175.txt,file_modified,alert_only,high,2026-09-18 02:59:59.402971+00,2026-09-18 03:03:07.401303+00
4c19c7b7-c4f8-4aa6-a754-11cda85c36d1,/srv/fim-watch/gen_00271.txt,file_modified,alert_only,high,2026-09-18 02:59:59.50306+00,2026-09-18 03:03:07.417168+00
90911294-db1b-4d74-8ab2-febb653f16b2,/srv/fim-watch/gen_00033.txt,file_modified,alert_only,high,2026-09-18 02:59:59.603277+00,2026-09-18 03:03:07.432768+00
402e471f-0994-4e3a-aeca-3fdba355075b,/srv/fim-watch/critico/gen_00272.txt,file_modified,alert_only,critical,2026-09-18 02:59:59.702788+00,2026-09-18 03:03:07.448006+00
0881ba36-02f5-449d-b0d4-9fd2df7cb925,/srv/fim-watch/gen_00058.txt,file_deleted,alert_only,high,2026-09-18 02:59:59.803297+00,2026-09-18 03:03:07.462937+00
636f87f6-4ad1-40d4-b33c-2fe2f7cfd868,/srv/fim-watch/critico/gen_00169.txt,file_modified,alert_only,critical,2026-09-18 02:59:59.9031+00,2026-09-18 03:03:07.478616+00
b0431f24-b51e-4ce8-8792-25934a6ce3af,/srv/fim-watch/gen_00267.txt,file_modified,alert_only,high,2026-09-18 03:00:00.003068+00,2026-09-18 03:03:07.493721+00
8eb8ed7a-41bf-48d2-b86c-a5d17090abb4,/srv/fim-watch/gen_00267.txt,file_modified,alert_only,high,2026-09-18 03:00:00.102946+00,2026-09-18 03:03:07.508765+00
f68b2f0f-d2b4-4f93-b0f9-879349239034,/srv/fim-watch/gen_00267.txt,file_modified,alert_only,high,2026-09-18 03:00:00.202758+00,2026-09-18 03:03:07.523643+00
ae09d5dd-a687-4ff8-801e-72fbac34f3ec,/srv/fim-watch/gen_00267.txt,file_modified,alert_only,high,2026-09-18 03:00:00.30304+00,2026-09-18 03:03:07.538743+00
4dd880ef-f3fb-4e0d-b670-5ab421f435f9,/srv/fim-watch/gen_00267.txt,file_modified,alert_only,high,2026-09-18 03:00:00.403164+00,2026-09-18 03:03:07.553751+00
0d8253bb-ef58-4bc7-a3dd-9b77b8667659,/srv/fim-watch/gen_00036.txt,file_modified,alert_only,high,2026-09-18 03:00:00.502611+00,2026-09-18 03:03:07.568716+00
8c5c4a99-171e-4b70-81e7-ae8f0a3290f7,/srv/fim-watch/gen_00065.txt,file_deleted,alert_only,high,2026-09-18 03:00:00.602912+00,2026-09-18 03:03:07.583655+00
13bea62c-2bcf-49fc-bc05-a8a287e78a47,/srv/fim-watch/gen_00273.txt,file_modified,alert_only,high,2026-09-18 03:00:00.702911+00,2026-09-18 03:03:07.598499+00
f0d6b88c-51da-4999-8fe3-60651ac3e4c0,/srv/fim-watch/critico/gen_00236.txt,file_modified,alert_only,critical,2026-09-18 03:00:00.802581+00,2026-09-18 03:03:07.613671+00
62e5a5c3-9bdb-4aa2-8b53-91134bf8563d,/srv/fim-watch/critico/gen_00236.txt,file_modified,alert_only,critical,2026-09-18 03:00:00.903107+00,2026-09-18 03:03:07.628675+00
e4fe2cc3-39b5-444a-94fb-5b0ac18d7bdb,/srv/fim-watch/gen_00245.txt,file_deleted,alert_only,high,2026-09-18 03:00:01.002689+00,2026-09-18 03:03:07.643722+00
e4a22c39-0811-4440-bd03-8dd68c04b8db,/srv/fim-watch/gen_00268.txt,file_modified,alert_only,high,2026-09-18 03:00:01.10314+00,2026-09-18 03:03:07.658627+00
44812b24-12f5-44d3-ad64-58840d6218d8,/srv/fim-watch/gen_00134.txt,file_modified,alert_only,high,2026-09-18 03:00:01.403083+00,2026-09-18 03:03:07.675018+00
bdd1af41-f2d5-4c21-8072-49729fbce308,/srv/fim-watch/gen_00266.txt,file_modified,alert_only,high,2026-09-18 03:00:01.503053+00,2026-09-18 03:03:07.690506+00
990d0f04-c871-4281-bc6b-749089f491a3,/srv/fim-watch/gen_00088.txt,file_modified,alert_only,high,2026-09-18 03:00:01.603444+00,2026-09-18 03:03:07.714339+00
c679aaaa-72da-439d-a29c-0e018e4a309a,/srv/fim-watch/gen_00088.txt,file_modified,alert_only,high,2026-09-18 03:00:01.703023+00,2026-09-18 03:03:07.720392+00
05bf4e31-5bca-4fc6-8e4d-fa999be00fc8,/srv/fim-watch/gen_00129.txt,file_modified,alert_only,high,2026-09-18 03:00:01.803409+00,2026-09-18 03:03:07.733498+00
21f7b8e6-ed0b-477e-b35a-45237b173bb1,/srv/fim-watch/gen_00084.txt,file_modified,alert_only,high,2026-09-18 03:00:01.90324+00,2026-09-18 03:03:07.748304+00
f80d335d-9c55-467d-a17b-d6c1ffc7d9f6,/srv/fim-watch/gen_00256.txt,file_modified,alert_only,high,2026-09-18 03:00:02.002938+00,2026-09-18 03:03:07.762265+00
bf3cffdf-23bd-436a-90dd-8fc3b3227543,/srv/fim-watch/gen_00093.txt,file_deleted,alert_only,high,2026-09-18 03:00:02.103039+00,2026-09-18 03:03:07.775923+00
9de6fa50-c84f-4f2f-85e1-ea36f998125e,/srv/fim-watch/gen_00067.txt,file_deleted,alert_only,high,2026-09-18 03:00:02.202729+00,2026-09-18 03:03:07.789635+00
04ff22c6-11d2-4814-bcb6-1852627a0df7,/srv/fim-watch/gen_00275.txt,file_modified,alert_only,high,2026-09-18 03:00:02.303263+00,2026-09-18 03:03:07.803476+00
cca392fe-a81e-4bac-bbde-81103d65f5b7,/srv/fim-watch/critico/gen_00202.txt,file_deleted,alert_only,critical,2026-09-18 03:00:02.402924+00,2026-09-18 03:03:07.817021+00
ea8ec709-ab2e-44a5-bffc-a2a78e0550e5,/srv/fim-watch/gen_00267.txt,file_modified,alert_only,high,2026-09-18 03:00:02.502963+00,2026-09-18 03:03:07.830709+00
471555e2-a398-4285-9562-0d80ff46250a,/srv/fim-watch/gen_00267.txt,file_modified,alert_only,high,2026-09-18 03:00:02.605557+00,2026-09-18 03:03:07.844338+00
5792d32a-05c7-4cb9-bb47-5660ea7081dc,/srv/fim-watch/gen_00267.txt,file_modified,alert_only,high,2026-09-18 03:00:02.703456+00,2026-09-18 03:03:07.858012+00
55dce842-ac52-4e90-93c2-ce7936c21dd7,/srv/fim-watch/gen_00267.txt,file_modified,alert_only,high,2026-09-18 03:00:02.80282+00,2026-09-18 03:03:07.871585+00
2862cc5f-ea0a-49cc-8e45-34b37af41667,/srv/fim-watch/gen_00267.txt,file_modified,alert_only,high,2026-09-18 03:00:02.90318+00,2026-09-18 03:03:07.885501+00
6e25d94c-27e2-4222-bdbb-ff0ca78b01c3,/srv/fim-watch/gen_00160.txt,file_modified,alert_only,high,2026-09-18 03:00:03.003212+00,2026-09-18 03:03:07.899849+00
87305e61-cedd-448a-949f-fbdcbbb9dc1b,/srv/fim-watch/gen_00098.txt,file_modified,alert_only,high,2026-09-18 03:00:03.103308+00,2026-09-18 03:03:07.913093+00
a96c8672-91d1-45b0-a93e-8b593691988f,/srv/fim-watch/critico/gen_00153.txt,file_modified,alert_only,critical,2026-09-18 03:00:03.202557+00,2026-09-18 03:03:07.925559+00
2aa9dcae-fcdf-4074-9823-dd581d2e4ad1,/srv/fim-watch/gen_00177.txt,file_modified,alert_only,high,2026-09-18 03:00:03.30303+00,2026-09-18 03:03:07.93793+00
05390714-ee63-4151-a173-9264a8886f78,/srv/fim-watch/critico/gen_00276.txt,file_modified,alert_only,critical,2026-09-18 03:00:03.403678+00,2026-09-18 03:03:07.950982+00
a6144272-523e-424f-8a1a-b40c837bf019,/srv/fim-watch/critico/gen_00173.txt,file_modified,alert_only,critical,2026-09-18 03:00:03.503822+00,2026-09-18 03:03:07.966132+00
7c40b839-11b6-4edc-96c2-47e64ecf86fc,/srv/fim-watch/critico/gen_00233.txt,file_deleted,alert_only,critical,2026-09-18 03:00:03.602341+00,2026-09-18 03:03:07.980659+00
c77351d1-9421-41a4-99b5-d7e972d22cdf,/srv/fim-watch/gen_00105.txt,file_modified,alert_only,high,2026-09-18 03:00:03.70315+00,2026-09-18 03:03:07.995295+00
02ac2090-5b64-4cf8-8f48-a330e44141fe,/srv/fim-watch/gen_00230.txt,file_modified,alert_only,high,2026-09-18 03:00:03.803435+00,2026-09-18 03:03:08.010492+00
51cceb0b-ce85-4a28-9a52-5e91b16e637e,/srv/fim-watch/gen_00117.txt,file_modified,alert_only,high,2026-09-18 03:00:03.903498+00,2026-09-18 03:03:08.025307+00
59d70142-89ec-471a-bd64-b876af62fb07,/srv/fim-watch/gen_00277.txt,file_modified,alert_only,high,2026-09-18 03:00:04.003233+00,2026-09-18 03:03:08.039777+00
32c615bc-808e-4f71-bc64-9582e219cfdd,/srv/fim-watch/gen_00136.txt,file_modified,alert_only,high,2026-09-18 03:00:04.103487+00,2026-09-18 03:03:08.054506+00
49452f56-24ba-4927-87c6-91acc3e07f2e,/srv/fim-watch/gen_00079.txt,file_modified,alert_only,high,2026-09-18 03:00:04.203103+00,2026-09-18 03:03:08.069235+00
d57f3322-fb05-4e7a-a310-585003ff4b08,/srv/fim-watch/gen_00079.txt,file_modified,alert_only,high,2026-09-18 03:00:04.303025+00,2026-09-18 03:03:08.084589+00
27675ad8-83c0-43c1-a183-df5b726b5b0e,/srv/fim-watch/gen_00006.txt,file_deleted,alert_only,high,2026-09-18 03:00:04.403465+00,2026-09-18 03:03:08.098603+00
32b657b3-8f94-40ff-a24c-9b5149b68a06,/srv/fim-watch/critico/gen_00184.txt,file_modified,alert_only,critical,2026-09-18 03:00:04.503455+00,2026-09-18 03:03:08.112707+00
efc3b52a-437d-449c-9c9f-afa74fb46f30,/srv/fim-watch/gen_00070.txt,file_modified,alert_only,high,2026-09-18 03:00:04.603268+00,2026-09-18 03:03:08.126746+00
a690cec5-a5be-4a33-abd5-1b4e828959a1,/srv/fim-watch/gen_00278.txt,file_modified,alert_only,high,2026-09-18 03:00:04.703048+00,2026-09-18 03:03:08.141667+00
d82dc198-1053-41f0-9dba-c2ee1248800a,/srv/fim-watch/gen_00176.txt,file_modified,alert_only,high,2026-09-18 03:00:04.803433+00,2026-09-18 03:03:08.157551+00
4fe1bf13-22da-419a-9513-8d125ae2e34d,/srv/fim-watch/gen_00213.txt,file_modified,alert_only,high,2026-09-18 03:00:04.903587+00,2026-09-18 03:03:08.172758+00
60abe2d6-f59b-46b5-91fc-d6dcbd8492c6,/srv/fim-watch/gen_00213.txt,file_modified,alert_only,high,2026-09-18 03:00:05.003164+00,2026-09-18 03:03:08.186782+00
c6a0557d-2723-4a23-9867-373c7993e79f,/srv/fim-watch/gen_00259.txt,file_modified,alert_only,high,2026-09-18 03:00:05.103655+00,2026-09-18 03:03:08.200832+00
b6aad189-82f8-4543-a045-642a4fda153c,/srv/fim-watch/gen_00259.txt,file_modified,alert_only,high,2026-09-18 03:00:05.203179+00,2026-09-18 03:03:08.21495+00
05ca030c-0dfc-4fed-aaec-b88be7c89b6e,/srv/fim-watch/critico/gen_00242.txt,file_modified,alert_only,critical,2026-09-18 03:00:05.303363+00,2026-09-18 03:03:08.228813+00
1854039c-fe01-4504-97e0-a1056b2b6a87,/srv/fim-watch/critico/gen_00242.txt,file_modified,alert_only,critical,2026-09-18 03:00:05.402901+00,2026-09-18 03:03:08.242761+00
e0d4d2e9-bba3-4fe0-8fc7-464c7d76b18a,/srv/fim-watch/gen_00267.txt,file_deleted,alert_only,high,2026-09-18 03:00:05.503527+00,2026-09-18 03:03:08.256732+00
84773a8b-467d-4ad6-816b-2f20145ced4a,/srv/fim-watch/gen_00279.txt,file_modified,alert_only,high,2026-09-18 03:00:05.602826+00,2026-09-18 03:03:08.27055+00
ca2dce7e-6052-45ed-98cf-b420edacab5e,/srv/fim-watch/critico/gen_00280.txt,file_modified,alert_only,critical,2026-09-18 03:00:05.703004+00,2026-09-18 03:03:08.284434+00
77d8f76d-d976-426d-a6ad-1351fce2a7a1,/srv/fim-watch/gen_00204.txt,file_modified,alert_only,high,2026-09-18 03:00:05.803381+00,2026-09-18 03:03:08.29848+00
da4d75d3-09ed-4a51-b18e-66abb818a245,/srv/fim-watch/gen_00274.txt,file_modified,alert_only,high,2026-09-18 03:00:05.903414+00,2026-09-18 03:03:08.313713+00
847965ac-0909-4867-a49d-88d729f2dddb,/srv/fim-watch/gen_00260.txt,file_modified,alert_only,high,2026-09-18 03:00:06.002682+00,2026-09-18 03:03:08.328671+00
16ff6ff9-e770-43b6-a536-4128d0fa7418,/srv/fim-watch/gen_00260.txt,file_modified,alert_only,high,2026-09-18 03:00:06.103131+00,2026-09-18 03:03:08.345141+00
83df5ede-7957-4f57-b4b8-9c535e7cac95,/srv/fim-watch/gen_00260.txt,file_modified,alert_only,high,2026-09-18 03:00:06.202705+00,2026-09-18 03:03:08.361259+00
9f5b968f-bc02-4541-9c9b-cfb8530d65f9,/srv/fim-watch/gen_00260.txt,file_modified,alert_only,high,2026-09-18 03:00:06.303079+00,2026-09-18 03:03:08.37615+00
9016cfdf-6949-4c92-b12a-e49f21a0b011,/srv/fim-watch/gen_00260.txt,file_modified,alert_only,high,2026-09-18 03:00:06.403071+00,2026-09-18 03:03:08.392119+00
a4af6ab9-11ee-4247-b13a-3699b8280990,/srv/fim-watch/gen_00281.txt,file_modified,alert_only,high,2026-09-18 03:00:06.503348+00,2026-09-18 03:03:08.40804+00
c170c704-b071-4d63-b575-a0306390701f,/srv/fim-watch/gen_00261.txt,file_deleted,alert_only,high,2026-09-18 03:00:06.603198+00,2026-09-18 03:03:08.432478+00
0524753c-1ea2-4071-a92f-b04e55a58c58,/srv/fim-watch/gen_00282.txt,file_modified,alert_only,high,2026-09-18 03:00:06.702923+00,2026-09-18 03:03:08.439309+00
9c414e78-3812-4005-9917-ee01d2d4a988,/srv/fim-watch/gen_00283.txt,file_modified,alert_only,high,2026-09-18 03:00:06.80351+00,2026-09-18 03:03:08.455326+00
d9950b5b-a0d8-4ecc-889a-e75ceed90e6c,/srv/fim-watch/gen_00283.txt,file_deleted,alert_only,high,2026-09-18 03:00:06.903114+00,2026-09-18 03:03:08.472171+00
93d39349-19e2-4550-9d3c-f9bf90109693,/srv/fim-watch/gen_00275.txt,file_modified,alert_only,high,2026-09-18 03:00:07.002774+00,2026-09-18 03:03:08.489137+00
06659067-d415-47f9-9c29-7a6fba0a1217,/srv/fim-watch/gen_00275.txt,file_modified,alert_only,high,2026-09-18 03:00:07.103243+00,2026-09-18 03:03:08.505646+00
b8c78b01-ea89-4f0f-8f49-9e33696a3290,/srv/fim-watch/critico/gen_00183.txt,file_modified,alert_only,critical,2026-09-18 03:00:07.203096+00,2026-09-18 03:03:08.522066+00
fce00726-7540-4a58-a76d-c57611c04496,/srv/fim-watch/gen_00278.txt,file_deleted,alert_only,high,2026-09-18 03:00:07.303363+00,2026-09-18 03:03:08.537158+00
7d43d0d1-0a1a-4424-8981-473a2eea8063,/srv/fim-watch/gen_00122.txt,file_modified,alert_only,high,2026-09-18 03:00:07.403442+00,2026-09-18 03:03:08.551573+00
7de9f0a8-428e-4f56-9be4-6f059d920654,/srv/fim-watch/gen_00284.txt,file_modified,alert_only,high,2026-09-18 03:00:07.503122+00,2026-09-18 03:03:08.567636+00
d30087a4-2750-469d-9e3d-f85deb4f7dcb,/srv/fim-watch/gen_00275.txt,file_modified,alert_only,high,2026-09-18 03:00:07.603286+00,2026-09-18 03:03:08.582191+00
86fe023e-2d7b-4411-a4c0-6409fbe23e8a,/srv/fim-watch/gen_00040.txt,file_modified,alert_only,high,2026-09-18 03:00:07.703069+00,2026-09-18 03:03:08.597343+00
5ceeeab0-792e-431f-a371-ed6ceed62041,/srv/fim-watch/critico/gen_00156.txt,file_modified,alert_only,critical,2026-09-18 03:00:07.803527+00,2026-09-18 03:03:08.612074+00
86af3413-9b81-41e8-a8e6-383904123fbf,/srv/fim-watch/gen_00215.txt,file_modified,alert_only,high,2026-09-18 03:00:07.903031+00,2026-09-18 03:03:08.62657+00
0c800473-4e91-4399-af1f-a5e081f498d0,/srv/fim-watch/gen_00215.txt,file_modified,alert_only,high,2026-09-18 03:00:08.003165+00,2026-09-18 03:03:08.641994+00
7639d7d3-2335-437e-89b5-556bde57e50e,/srv/fim-watch/gen_00285.txt,file_modified,alert_only,high,2026-09-18 03:00:08.10606+00,2026-09-18 03:03:08.657168+00
3010f79a-37f9-4352-a9bd-0a84b742acd6,/srv/fim-watch/gen_00203.txt,file_modified,alert_only,high,2026-09-18 03:00:08.203177+00,2026-09-18 03:03:08.67107+00
cc466fdd-07e3-41c0-b470-43a6b79aea4f,/srv/fim-watch/gen_00231.txt,file_modified,alert_only,high,2026-09-18 03:00:08.302799+00,2026-09-18 03:03:08.684828+00
1ebde990-8a62-4fb6-967e-95d5e617b83c,/srv/fim-watch/gen_00106.txt,file_modified,alert_only,high,2026-09-18 03:00:08.40284+00,2026-09-18 03:03:08.700088+00
d744b4ef-6a0b-481c-80f7-18fc0af2ea27,/srv/fim-watch/gen_00106.txt,file_modified,alert_only,high,2026-09-18 03:00:08.502416+00,2026-09-18 03:03:08.715768+00
d00ff23f-3c95-4a58-8e8a-5eead897c372,/srv/fim-watch/gen_00166.txt,file_modified,alert_only,high,2026-09-18 03:00:08.604249+00,2026-09-18 03:03:08.731217+00
9d6cd47d-7fcf-4157-a77e-6a877f4403df,/srv/fim-watch/gen_00286.txt,file_modified,alert_only,high,2026-09-18 03:00:08.702812+00,2026-09-18 03:03:08.746978+00
cc75856b-6c93-4a68-97ac-2a2b81b74bdc,/srv/fim-watch/critico/gen_00280.txt,file_modified,alert_only,critical,2026-09-18 03:00:08.803457+00,2026-09-18 03:03:08.762993+00
1dc33268-fd9c-4c27-9337-ef97cdbe92ed,/srv/fim-watch/critico/gen_00053.txt,file_modified,alert_only,critical,2026-09-18 03:00:08.903585+00,2026-09-18 03:03:08.778537+00
11436f5c-23cb-4548-a4ec-464c2265cca5,/srv/fim-watch/gen_00135.txt,file_modified,alert_only,high,2026-09-18 03:00:09.003545+00,2026-09-18 03:03:08.793944+00
6addbeb1-6049-4e15-bedc-758532134939,/srv/fim-watch/gen_00135.txt,file_modified,alert_only,high,2026-09-18 03:00:09.103787+00,2026-09-18 03:03:08.809196+00
828b3795-b7bb-4737-b20c-0bd502761ce4,/srv/fim-watch/critico/gen_00287.txt,file_modified,alert_only,critical,2026-09-18 03:00:09.203728+00,2026-09-18 03:03:08.822789+00
997bb630-3930-4b21-9e03-49af24d58f44,/srv/fim-watch/critico/gen_00200.txt,file_deleted,alert_only,critical,2026-09-18 03:00:09.303666+00,2026-09-18 03:03:08.836525+00
0d554ac4-a1f0-4bd8-a0c0-b54cb56df1b5,/srv/fim-watch/gen_00193.txt,file_modified,alert_only,high,2026-09-18 03:00:09.40339+00,2026-09-18 03:03:08.850402+00
2b583079-9555-4a19-bbe7-ec431bf1711a,/srv/fim-watch/gen_00265.txt,file_modified,alert_only,high,2026-09-18 03:00:09.503629+00,2026-09-18 03:03:08.864227+00
fbfeac92-e68f-44af-bbd0-cdcd4dcd2d8b,/srv/fim-watch/gen_00265.txt,file_modified,alert_only,high,2026-09-18 03:00:09.603484+00,2026-09-18 03:03:08.878065+00
9ad91ba5-59dc-4c78-b653-68ffcec737bf,/srv/fim-watch/gen_00265.txt,file_modified,alert_only,high,2026-09-18 03:00:09.703195+00,2026-09-18 03:03:08.891905+00
30200614-5ebe-4b5d-b17a-936d08cd4648,/srv/fim-watch/gen_00265.txt,file_modified,alert_only,high,2026-09-18 03:00:09.803317+00,2026-09-18 03:03:08.906483+00
5ec5eef7-ab1f-4d7c-8a4a-e6a468adae3b,/srv/fim-watch/gen_00265.txt,file_modified,alert_only,high,2026-09-18 03:00:09.903399+00,2026-09-18 03:03:08.920207+00
b5d2a1ff-a571-4fe0-834f-c3ece17fd8ba,/srv/fim-watch/critico/gen_00210.txt,file_modified,alert_only,critical,2026-09-18 03:00:10.003743+00,2026-09-18 03:03:08.933878+00
0995f7fe-ce54-4a78-bf06-0477165ac95a,/srv/fim-watch/gen_00275.txt,file_modified,alert_only,high,2026-09-18 03:00:10.10335+00,2026-09-18 03:03:08.947778+00
1f9e150d-078f-4bb0-93e7-6c7681ac1d38,/srv/fim-watch/critico/gen_00287.txt,file_modified,alert_only,critical,2026-09-18 03:00:10.203184+00,2026-09-18 03:03:08.963782+00
5f865a7b-efbb-4745-866d-d83ba6b2b4ac,/srv/fim-watch/gen_00117.txt,file_modified,alert_only,high,2026-09-18 03:00:10.303099+00,2026-09-18 03:03:08.978669+00
bb58d9c7-f450-4bf8-83eb-7a1868871a9b,/srv/fim-watch/gen_00281.txt,file_modified,alert_only,high,2026-09-18 03:00:10.403542+00,2026-09-18 03:03:08.993758+00
aaa46503-96de-4a59-aee9-1ad809b4eb1e,/srv/fim-watch/critico/gen_00288.txt,file_modified,alert_only,critical,2026-09-18 03:00:10.503488+00,2026-09-18 03:03:09.009363+00
a5ce7630-1425-44ad-8955-b44ae1b5522f,/srv/fim-watch/gen_00161.txt,file_modified,alert_only,high,2026-09-18 03:00:10.603351+00,2026-09-18 03:03:09.02432+00
ff260565-b044-4977-bb47-051f5f20c9b8,/srv/fim-watch/gen_00282.txt,file_modified,alert_only,high,2026-09-18 03:00:10.703631+00,2026-09-18 03:03:09.039469+00
18c56c28-0131-4cb6-95ee-21ee182c74f4,/srv/fim-watch/critico/gen_00169.txt,file_deleted,alert_only,critical,2026-09-18 03:00:10.803444+00,2026-09-18 03:03:09.055479+00
b94fa08a-eea3-4886-86b8-b8e2af1ef9cb,/srv/fim-watch/gen_00161.txt,file_modified,alert_only,high,2026-09-18 03:00:10.903312+00,2026-09-18 03:03:09.071976+00
2435561a-a8ce-4f97-aaa6-8bcdf57b0d72,/srv/fim-watch/gen_00177.txt,file_modified,alert_only,high,2026-09-18 03:00:11.003068+00,2026-09-18 03:03:09.088901+00
a34fae2a-ef93-49f2-8b5a-7a03f8463e03,/srv/fim-watch/gen_00049.txt,file_modified,alert_only,high,2026-09-18 03:00:11.102612+00,2026-09-18 03:03:09.105874+00
340419d2-235c-4468-9182-34705e049b7c,/srv/fim-watch/gen_00247.txt,file_modified,alert_only,high,2026-09-18 03:00:11.203256+00,2026-09-18 03:03:09.12117+00
bebb2bfe-4aa5-4c57-9e75-580d0d469abd,/srv/fim-watch/gen_00247.txt,file_modified,alert_only,high,2026-09-18 03:00:11.303013+00,2026-09-18 03:03:09.136216+00
ed39f06c-2180-426f-9603-a1e97348b857,/srv/fim-watch/gen_00289.txt,file_modified,alert_only,high,2026-09-18 03:00:11.403234+00,2026-09-18 03:03:09.151275+00
f1fe40e6-8c7e-4fd1-8c1c-d1e0ae861cd2,/srv/fim-watch/critico/gen_00173.txt,file_modified,alert_only,critical,2026-09-18 03:00:11.503818+00,2026-09-18 03:03:09.166406+00
14916f66-d243-4f8a-8365-91c61d325e9e,/srv/fim-watch/gen_00177.txt,file_modified,alert_only,high,2026-09-18 03:00:11.603326+00,2026-09-18 03:03:09.192537+00
55b41317-2c93-4a26-b65f-49225bee413e,/srv/fim-watch/gen_00290.txt,file_modified,alert_only,high,2026-09-18 03:00:11.703643+00,2026-09-18 03:03:09.199833+00
a6d9bb5e-eed9-47d8-b9fa-31b50a22945d,/srv/fim-watch/gen_00206.txt,file_modified,alert_only,high,2026-09-18 03:00:11.803781+00,2026-09-18 03:03:09.216628+00
e875dd18-f7a0-4169-a320-26eb993034bb,/srv/fim-watch/gen_00259.txt,file_modified,alert_only,high,2026-09-18 03:00:12.003365+00,2026-09-18 03:03:09.233329+00
8ad6a6e9-0200-46ff-a3c5-0850f3ef2c02,/srv/fim-watch/gen_00231.txt,file_modified,alert_only,high,2026-09-18 03:00:12.103753+00,2026-09-18 03:03:09.250294+00
c77ff079-9598-472f-8b2e-42d72ef503d4,/srv/fim-watch/gen_00250.txt,file_modified,alert_only,high,2026-09-18 03:00:12.203772+00,2026-09-18 03:03:09.266549+00
5f9263f7-defe-4c27-ab8f-538908853a35,/srv/fim-watch/gen_00180.txt,file_deleted,alert_only,high,2026-09-18 03:00:12.303145+00,2026-09-18 03:03:09.282071+00
7a50ce76-d933-4ae3-bba7-57dc0aaea7ae,/srv/fim-watch/gen_00108.txt,file_modified,alert_only,high,2026-09-18 03:00:12.403421+00,2026-09-18 03:03:09.297648+00
e1616d37-cbdc-490d-a28b-43adc28cc7a5,/srv/fim-watch/gen_00269.txt,file_modified,alert_only,high,2026-09-18 03:00:12.503575+00,2026-09-18 03:03:09.313734+00
f51c3517-18c1-452f-8634-8a1bb587d818,/srv/fim-watch/gen_00279.txt,file_modified,alert_only,high,2026-09-18 03:00:12.603581+00,2026-09-18 03:03:09.329222+00
791b95cd-51ef-4806-bd0a-684c6a190606,/srv/fim-watch/gen_00292.txt,file_modified,alert_only,high,2026-09-18 03:00:12.703902+00,2026-09-18 03:03:09.344148+00
b04a9951-faee-47de-b65f-37f92a621529,/srv/fim-watch/gen_00256.txt,file_modified,alert_only,high,2026-09-18 03:00:12.803671+00,2026-09-18 03:03:09.359278+00
36e47471-e055-4c94-97f7-ecbbfb088792,/srv/fim-watch/gen_00256.txt,file_modified,alert_only,high,2026-09-18 03:00:12.903492+00,2026-09-18 03:03:09.374344+00
841b68f8-6e9c-4a6c-9730-b1ef3e392433,/srv/fim-watch/gen_00252.txt,file_modified,alert_only,high,2026-09-18 03:00:13.003509+00,2026-09-18 03:03:09.38961+00
9fcd55d4-3071-43f6-b060-26f33342d35a,/srv/fim-watch/gen_00157.txt,file_modified,alert_only,high,2026-09-18 03:00:13.103519+00,2026-09-18 03:03:09.404713+00
4ba859b7-029d-40bd-9989-9899a5656db1,/srv/fim-watch/gen_00223.txt,file_modified,alert_only,high,2026-09-18 03:00:13.203409+00,2026-09-18 03:03:09.419895+00
91632a14-a0fd-4943-afdb-c28254f0ce54,/srv/fim-watch/gen_00033.txt,file_deleted,alert_only,high,2026-09-18 03:00:13.302647+00,2026-09-18 03:03:09.435227+00
244ff861-b4e9-4921-a3b5-8207a2de9e67,/srv/fim-watch/gen_00249.txt,file_modified,alert_only,high,2026-09-18 03:00:13.403098+00,2026-09-18 03:03:09.45041+00
5d63c387-4b59-4d86-9a2e-cacefd8f433a,/srv/fim-watch/gen_00249.txt,file_modified,alert_only,high,2026-09-18 03:00:13.502946+00,2026-09-18 03:03:09.465648+00
31303958-2a0c-4e64-80e1-9f6d45d01a92,/srv/fim-watch/critico/gen_00210.txt,file_deleted,alert_only,critical,2026-09-18 03:00:13.603043+00,2026-09-18 03:03:09.482657+00
a47c63bf-e882-4739-bbcd-82d74b022300,/srv/fim-watch/gen_00225.txt,file_modified,alert_only,high,2026-09-18 03:00:13.702488+00,2026-09-18 03:03:09.499436+00
74783e1b-fdeb-40a3-988a-e7cd67fffc9d,/srv/fim-watch/gen_00225.txt,file_modified,alert_only,high,2026-09-18 03:00:13.804381+00,2026-09-18 03:03:09.515878+00
440af35e-1367-418e-b06d-95cc15dda50a,/srv/fim-watch/gen_00250.txt,file_modified,alert_only,high,2026-09-18 03:00:13.903325+00,2026-09-18 03:03:09.530847+00
41c9c7d1-ce33-41ff-af2c-66055b15901f,/srv/fim-watch/gen_00293.txt,file_modified,alert_only,high,2026-09-18 03:00:14.002199+00,2026-09-18 03:03:09.546011+00
8fadfcd3-a887-4c77-857a-ca573a3ff596,/srv/fim-watch/gen_00294.txt,file_created,alert_only,high,2026-09-18 03:00:14.102602+00,2026-09-18 03:03:09.561698+00
3fe0280b-8f12-4963-9094-d79c66779d91,/srv/fim-watch/gen_00230.txt,file_modified,alert_only,high,2026-09-18 03:00:14.203441+00,2026-09-18 03:03:09.578003+00
978d8d6f-d6a5-4357-84d1-0b8c4dc219dc,/srv/fim-watch/critico/gen_00222.txt,file_modified,alert_only,critical,2026-09-18 03:00:14.30279+00,2026-09-18 03:03:09.593968+00
fb2cf1df-bd67-4512-b3ef-bcf4cafcd9b6,/srv/fim-watch/gen_00295.txt,file_modified,alert_only,high,2026-09-18 03:00:14.402941+00,2026-09-18 03:03:09.610191+00
df90d92c-7072-4a5e-8d6e-9a48f4e25f82,/srv/fim-watch/gen_00142.txt,file_modified,alert_only,high,2026-09-18 03:00:14.503105+00,2026-09-18 03:03:09.625702+00
95fbdb4d-82ce-4964-a5d2-b1917457efed,/srv/fim-watch/gen_00249.txt,file_modified,alert_only,high,2026-09-18 03:00:14.603043+00,2026-09-18 03:03:09.641096+00
e2afe2bc-f233-484e-9111-022b65269123,/srv/fim-watch/gen_00296.txt,file_modified,alert_only,high,2026-09-18 03:00:14.70358+00,2026-09-18 03:03:09.656786+00
033d82a3-0a60-43af-a22d-5d958874c90f,/srv/fim-watch/gen_00194.txt,file_deleted,alert_only,high,2026-09-18 03:00:14.80329+00,2026-09-18 03:03:09.67245+00
833e2434-f681-4ac1-b48d-36d3ac3b0cbd,/srv/fim-watch/gen_00297.txt,file_created,alert_only,high,2026-09-18 03:00:14.902578+00,2026-09-18 03:03:09.687864+00
33ec7a2b-e7ec-4012-81f1-141a3888cc31,/srv/fim-watch/gen_00298.txt,file_modified,alert_only,high,2026-09-18 03:00:15.002924+00,2026-09-18 03:03:09.703388+00
5b35d2d3-bda1-45e9-85ee-ab7ba82658c8,/srv/fim-watch/gen_00193.txt,file_modified,alert_only,high,2026-09-18 03:00:15.103581+00,2026-09-18 03:03:09.720351+00
eaec7675-44ea-48bb-a265-9d4c1fd20d4e,/srv/fim-watch/gen_00299.txt,file_modified,alert_only,high,2026-09-18 03:00:15.203236+00,2026-09-18 03:03:09.735774+00
2a0a06f2-122c-4120-9d4d-613fcda2b0f3,/srv/fim-watch/gen_00266.txt,file_modified,alert_only,high,2026-09-18 03:00:15.30291+00,2026-09-18 03:03:09.750941+00
86e03089-1882-433d-9284-439d892f4db8,/srv/fim-watch/gen_00219.txt,file_modified,alert_only,high,2026-09-18 03:00:15.403266+00,2026-09-18 03:03:09.767183+00
0b9befd9-ec43-4e0c-a3e2-c46f7c620b38,/srv/fim-watch/gen_00219.txt,file_modified,alert_only,high,2026-09-18 03:00:15.503244+00,2026-09-18 03:03:09.783475+00
62669ad7-bb7f-4c9c-81c6-8ca9f818e5dd,/srv/fim-watch/gen_00219.txt,file_modified,alert_only,high,2026-09-18 03:00:15.602906+00,2026-09-18 03:03:09.799128+00
f4127de6-693f-45e8-aa1a-a7e59ae01579,/srv/fim-watch/gen_00219.txt,file_modified,alert_only,high,2026-09-18 03:00:15.703576+00,2026-09-18 03:03:09.814676+00
63c408a3-afd4-4281-9599-2dadbf0593ab,/srv/fim-watch/gen_00219.txt,file_modified,alert_only,high,2026-09-18 03:00:15.802832+00,2026-09-18 03:03:09.830503+00
09f238b3-6f38-47fb-bc5a-316d429fac0c,/srv/fim-watch/critico/gen_00276.txt,file_modified,alert_only,critical,2026-09-18 03:00:15.903617+00,2026-09-18 03:03:09.846094+00
c9c7e299-2773-4b46-ad0b-0fd223b5c78d,/srv/fim-watch/gen_00259.txt,file_modified,alert_only,high,2026-09-18 03:00:16.003594+00,2026-09-18 03:03:09.860669+00
c0a97e68-bd5c-4579-998c-b787adb323ad,/srv/fim-watch/gen_00259.txt,file_modified,alert_only,high,2026-09-18 03:00:16.102829+00,2026-09-18 03:03:09.875092+00
f1e25392-0ea7-4d60-ab35-26b5924963f5,/srv/fim-watch/gen_00300.txt,file_modified,alert_only,high,2026-09-18 03:00:16.202709+00,2026-09-18 03:03:09.889459+00
9f0d8052-1962-429a-a8f6-c7608fe78b0c,/srv/fim-watch/gen_00300.txt,file_deleted,alert_only,high,2026-09-18 03:00:16.302531+00,2026-09-18 03:03:09.90447+00
940f647c-62e3-4d19-aae6-45aa13c2c4dc,/srv/fim-watch/gen_00231.txt,file_modified,alert_only,high,2026-09-18 03:00:16.403301+00,2026-09-18 03:03:09.920105+00
eae3d9d8-54fb-4e2f-a68b-61a3e8d89710,/srv/fim-watch/gen_00247.txt,file_deleted,alert_only,high,2026-09-18 03:00:16.503575+00,2026-09-18 03:03:09.935703+00
225744bf-11f3-45ef-9ca0-193a77e99e6d,/srv/fim-watch/gen_00243.txt,file_deleted,alert_only,high,2026-09-18 03:00:16.602682+00,2026-09-18 03:03:09.952442+00
29c46349-0ec6-4941-9fc2-ec84dfad5108,/srv/fim-watch/gen_00016.txt,file_deleted,alert_only,high,2026-09-18 03:00:16.703369+00,2026-09-18 03:03:09.97728+00
68b75f84-69aa-4884-8399-0609b20495da,/srv/fim-watch/gen_00062.txt,file_modified,alert_only,high,2026-09-18 03:00:16.803318+00,2026-09-18 03:03:09.98496+00
7191990d-8b88-4da4-b17f-6c9ef48e4734,/srv/fim-watch/gen_00271.txt,file_modified,alert_only,high,2026-09-18 03:00:16.903402+00,2026-09-18 03:03:10.000978+00
76a182a1-b800-41d9-9750-ae01424e86fe,/srv/fim-watch/critico/gen_00053.txt,file_modified,alert_only,critical,2026-09-18 03:00:17.003385+00,2026-09-18 03:03:10.019398+00
ed77fc50-1b6a-4ae4-81d9-6587e73cf5b5,/srv/fim-watch/gen_00062.txt,file_modified,alert_only,high,2026-09-18 03:00:17.103168+00,2026-09-18 03:03:10.032346+00
f9da9d1e-74fa-45d9-9b85-414069ff4823,/srv/fim-watch/gen_00238.txt,file_modified,alert_only,high,2026-09-18 03:00:17.203483+00,2026-09-18 03:03:10.047555+00
951250c1-d171-4c84-acad-e947463b0aa1,/srv/fim-watch/gen_00301.txt,file_modified,alert_only,high,2026-09-18 03:00:17.3032+00,2026-09-18 03:03:10.061524+00
8d04dc77-356f-48ee-91e5-cd46c605f48d,/srv/fim-watch/gen_00134.txt,file_modified,alert_only,high,2026-09-18 03:00:17.403225+00,2026-09-18 03:03:10.075542+00
5254b116-517c-4d0f-b338-912d10917b20,/srv/fim-watch/gen_00302.txt,file_modified,alert_only,high,2026-09-18 03:00:17.503757+00,2026-09-18 03:03:10.090943+00
5b8c8e9b-1a35-4b91-afd6-2927caf1c9e1,/srv/fim-watch/gen_00171.txt,file_modified,alert_only,high,2026-09-18 03:00:17.60312+00,2026-09-18 03:03:10.10712+00
4d363ff7-9c3d-4b8c-9bc0-b2ac995f5ea7,/srv/fim-watch/gen_00171.txt,file_modified,alert_only,high,2026-09-18 03:00:17.7037+00,2026-09-18 03:03:10.125361+00
cbaf98a4-6254-4229-bcaa-4c5407a894c1,/srv/fim-watch/gen_00171.txt,file_modified,alert_only,high,2026-09-18 03:00:17.803267+00,2026-09-18 03:03:10.14401+00
3b6bd58d-62ad-4a87-a2c3-c2e778fca47d,/srv/fim-watch/gen_00171.txt,file_modified,alert_only,high,2026-09-18 03:00:17.903657+00,2026-09-18 03:03:10.162478+00
fd1e6244-0fad-424f-a800-9882e9367631,/srv/fim-watch/gen_00171.txt,file_modified,alert_only,high,2026-09-18 03:00:18.003373+00,2026-09-18 03:03:10.179996+00
09eda5aa-51e6-4c15-9a78-71ba3d360ac5,/srv/fim-watch/gen_00254.txt,file_modified,alert_only,high,2026-09-18 03:00:18.103824+00,2026-09-18 03:03:10.197183+00
aa03c11b-34c8-492d-bdce-a16a028ee0cf,/srv/fim-watch/gen_00296.txt,file_deleted,alert_only,high,2026-09-18 03:00:18.203534+00,2026-09-18 03:03:10.211893+00
248c4076-7ed7-4354-9b53-9e6300925e06,/srv/fim-watch/gen_00078.txt,file_modified,alert_only,high,2026-09-18 03:00:18.303726+00,2026-09-18 03:03:10.226583+00
baba7f1b-0c03-4432-b261-2e0d22142b1c,/srv/fim-watch/gen_00179.txt,file_modified,alert_only,high,2026-09-18 03:00:18.503797+00,2026-09-18 03:03:10.241114+00
c5b1e816-3f8c-499a-b764-40a641b86cf4,/srv/fim-watch/critico/gen_00304.txt,file_modified,alert_only,critical,2026-09-18 03:00:18.60279+00,2026-09-18 03:03:10.255975+00
fe8a6986-79fb-45d3-ba0b-64484a28704e,/srv/fim-watch/gen_00084.txt,file_deleted,alert_only,high,2026-09-18 03:00:18.702648+00,2026-09-18 03:03:10.270704+00
da846b31-3497-496d-bb25-f04f6993f5d4,/srv/fim-watch/gen_00149.txt,file_modified,alert_only,high,2026-09-18 03:00:18.803303+00,2026-09-18 03:03:10.286313+00
15004404-11d0-4c16-b915-ae9d7f8e4b66,/srv/fim-watch/gen_00305.txt,file_modified,alert_only,high,2026-09-18 03:00:18.90354+00,2026-09-18 03:03:10.303268+00
7d167b93-33dd-4e5f-9954-6cb155a61d66,/srv/fim-watch/gen_00132.txt,file_deleted,alert_only,high,2026-09-18 03:00:19.003502+00,2026-09-18 03:03:10.31996+00
3c02be35-726d-47bd-867d-1a92463d50fa,/srv/fim-watch/gen_00106.txt,file_modified,alert_only,high,2026-09-18 03:00:19.103685+00,2026-09-18 03:03:10.337622+00
d6c2ed57-48f1-4344-8b1d-add2c308203c,/srv/fim-watch/gen_00207.txt,file_modified,alert_only,high,2026-09-18 03:00:19.203684+00,2026-09-18 03:03:10.353608+00
5745cd0b-71c4-412b-948e-d8ef0f858fff,/srv/fim-watch/gen_00207.txt,file_modified,alert_only,high,2026-09-18 03:00:19.304751+00,2026-09-18 03:03:10.369609+00
c74bdd40-e2bb-4bfe-bbd8-26438c636d0a,/srv/fim-watch/gen_00108.txt,file_modified,alert_only,high,2026-09-18 03:00:19.403009+00,2026-09-18 03:03:10.385804+00
11644fa4-24bc-44a7-b81c-222335c1d431,/srv/fim-watch/critico/gen_00191.txt,file_modified,alert_only,critical,2026-09-18 03:00:19.502145+00,2026-09-18 03:03:10.402734+00
9896dcb3-d16d-44bc-8ae7-973476dbfe0a,/srv/fim-watch/gen_00161.txt,file_modified,alert_only,high,2026-09-18 03:00:19.602816+00,2026-09-18 03:03:10.419441+00
eb355315-251b-4895-bcad-5144609c753d,/srv/fim-watch/gen_00125.txt,file_modified,alert_only,high,2026-09-18 03:00:19.702439+00,2026-09-18 03:03:10.435163+00
a108b69d-e798-4f65-b13c-8925ffa6b05f,/srv/fim-watch/gen_00128.txt,file_modified,alert_only,high,2026-09-18 03:00:19.803114+00,2026-09-18 03:03:10.450713+00
a69475ce-c961-4c34-b160-82a9160bd2f1,/srv/fim-watch/gen_00285.txt,file_modified,alert_only,high,2026-09-18 03:00:19.902663+00,2026-09-18 03:03:10.46621+00
2d8f26cc-9caa-491b-95db-323ec0fe0f6e,/srv/fim-watch/gen_00285.txt,file_modified,alert_only,high,2026-09-18 03:00:20.003598+00,2026-09-18 03:03:10.482197+00
5fee470d-2fca-4dc2-823b-239d6215ed6b,/srv/fim-watch/gen_00214.txt,file_modified,alert_only,high,2026-09-18 03:00:20.103768+00,2026-09-18 03:03:10.497858+00
660d1ee7-e7f9-4c69-a1cc-612d61c84ae3,/srv/fim-watch/gen_00214.txt,file_modified,alert_only,high,2026-09-18 03:00:20.203002+00,2026-09-18 03:03:10.513466+00
7e0dca61-8807-4a0b-9539-d6a4426b604d,/srv/fim-watch/gen_00214.txt,file_modified,alert_only,high,2026-09-18 03:00:20.303443+00,2026-09-18 03:03:10.529515+00
ac5a7f0a-e238-49d9-b0f6-266b33e30d1d,/srv/fim-watch/gen_00214.txt,file_modified,alert_only,high,2026-09-18 03:00:20.403481+00,2026-09-18 03:03:10.547742+00
12fb9de1-e428-477c-8c2d-ffe53e284fc4,/srv/fim-watch/gen_00214.txt,file_modified,alert_only,high,2026-09-18 03:00:20.503579+00,2026-09-18 03:03:10.563691+00
b7cdff41-6d07-4967-bf98-ef7aa3932061,/srv/fim-watch/gen_00049.txt,file_modified,alert_only,high,2026-09-18 03:00:20.603969+00,2026-09-18 03:03:10.579489+00
2f8727f3-ead8-41b2-a5ea-c92639a46b08,/srv/fim-watch/critico/gen_00280.txt,file_modified,alert_only,critical,2026-09-18 03:00:20.703377+00,2026-09-18 03:03:10.596709+00
cd8c8758-78fa-4bcd-9094-a567240be5be,/srv/fim-watch/gen_00219.txt,file_modified,alert_only,high,2026-09-18 03:00:20.802578+00,2026-09-18 03:03:10.61309+00
b51fee73-b050-4023-99fc-1f269671e7d3,/srv/fim-watch/gen_00306.txt,file_modified,alert_only,high,2026-09-18 03:00:20.90261+00,2026-09-18 03:03:10.627559+00
23db5cf7-365e-4a2d-97f1-066a7f02478a,/srv/fim-watch/gen_00166.txt,file_modified,alert_only,high,2026-09-18 03:00:21.002692+00,2026-09-18 03:03:10.641004+00
c7c43d22-f7ef-414d-a925-979035f5836e,/srv/fim-watch/gen_00307.txt,file_modified,alert_only,high,2026-09-18 03:00:21.103354+00,2026-09-18 03:03:10.654217+00
a1e86ac7-447d-4e3f-9406-cfa7b8c4f85c,/srv/fim-watch/gen_00273.txt,file_modified,alert_only,high,2026-09-18 03:00:21.202788+00,2026-09-18 03:03:10.667318+00
ce0c2e47-d849-4d89-96bf-0b9aed4270e2,/srv/fim-watch/gen_00255.txt,file_modified,alert_only,high,2026-09-18 03:00:21.302312+00,2026-09-18 03:03:10.681448+00
00849e18-8f55-4aaf-8a05-bc1779f2b2b1,/srv/fim-watch/gen_00308.txt,file_modified,alert_only,high,2026-09-18 03:00:21.402792+00,2026-09-18 03:03:10.695987+00
f7616832-5610-4947-9271-2f1f914267ea,/srv/fim-watch/gen_00299.txt,file_modified,alert_only,high,2026-09-18 03:00:21.503047+00,2026-09-18 03:03:10.710295+00
4145f9b5-d93c-46f7-b637-955d28ec9f5f,/srv/fim-watch/gen_00122.txt,file_modified,alert_only,high,2026-09-18 03:00:21.612568+00,2026-09-18 03:03:10.724648+00
758c43d2-40a0-4d9c-8bd2-f2a466db9dfc,/srv/fim-watch/gen_00268.txt,file_modified,alert_only,high,2026-09-18 03:00:21.703374+00,2026-09-18 03:03:10.739552+00
4c35e300-4375-46c9-bb75-32d6f870a042,/srv/fim-watch/gen_00273.txt,file_modified,alert_only,high,2026-09-18 03:00:21.903646+00,2026-09-18 03:03:10.763374+00
7500cedd-44e9-4c68-852f-cf0692e7af0b,/srv/fim-watch/critico/gen_00123.txt,file_modified,alert_only,critical,2026-09-18 03:00:22.003472+00,2026-09-18 03:03:10.770703+00
a9a5603e-528b-4f02-b74a-93cfed3cc866,/srv/fim-watch/critico/gen_00310.txt,file_modified,alert_only,critical,2026-09-18 03:00:22.104011+00,2026-09-18 03:03:10.788078+00
2081918f-7f0d-4139-986a-0d7cb59cd891,/srv/fim-watch/gen_00311.txt,file_modified,alert_only,high,2026-09-18 03:00:22.203406+00,2026-09-18 03:03:10.804753+00
aa22a18e-871f-4852-bba1-6a7af49b61ac,/srv/fim-watch/gen_00106.txt,file_modified,alert_only,high,2026-09-18 03:00:22.403812+00,2026-09-18 03:03:10.822534+00
110f069a-e8c5-4fc0-ab9a-1df5378b7a4b,/srv/fim-watch/gen_00106.txt,file_modified,alert_only,high,2026-09-18 03:00:22.503214+00,2026-09-18 03:03:10.840754+00
99d6fd0f-f482-4739-9a65-cfbc92d47cb0,/srv/fim-watch/gen_00106.txt,file_modified,alert_only,high,2026-09-18 03:00:22.60393+00,2026-09-18 03:03:10.857758+00
6b0d032f-412a-4b54-9209-b551cf13bf26,/srv/fim-watch/gen_00106.txt,file_modified,alert_only,high,2026-09-18 03:00:22.703492+00,2026-09-18 03:03:10.87469+00
17d5ff89-6909-45ec-89ec-397c7ec8ca59,/srv/fim-watch/gen_00106.txt,file_modified,alert_only,high,2026-09-18 03:00:22.803507+00,2026-09-18 03:03:10.891975+00
464e210b-4553-4cb4-86ec-e5d22aca626b,/srv/fim-watch/gen_00070.txt,file_deleted,alert_only,high,2026-09-18 03:00:22.90365+00,2026-09-18 03:03:10.908358+00
f526e2e7-624c-4877-97c3-10f7ff5a6305,/srv/fim-watch/gen_00309.txt,file_modified,alert_only,high,2026-09-18 03:00:23.003521+00,2026-09-18 03:03:10.927438+00
e7c930c2-a183-4484-a69c-007e673e268c,/srv/fim-watch/gen_00089.txt,file_deleted,alert_only,high,2026-09-18 03:00:23.103771+00,2026-09-18 03:03:10.945881+00
4ff6242f-a62a-40c3-99e8-bdbb864d4be5,/srv/fim-watch/gen_00204.txt,file_modified,alert_only,high,2026-09-18 03:00:23.203278+00,2026-09-18 03:03:10.964056+00
eb624eef-0bb2-41aa-a10a-5a7cee477733,/srv/fim-watch/gen_00204.txt,file_modified,alert_only,high,2026-09-18 03:00:23.304083+00,2026-09-18 03:03:10.981171+00
9f3189ca-7c97-425d-9bfc-7b81b9e4f8d3,/srv/fim-watch/critico/gen_00222.txt,file_modified,alert_only,critical,2026-09-18 03:00:23.403679+00,2026-09-18 03:03:10.998277+00
e2d1f044-6dd6-4455-bcf3-5301803c3c41,/srv/fim-watch/gen_00279.txt,file_modified,alert_only,high,2026-09-18 03:00:23.502658+00,2026-09-18 03:03:11.014387+00
5db87e62-ca39-4900-92d0-46f28af7e33c,/srv/fim-watch/gen_00040.txt,file_deleted,alert_only,high,2026-09-18 03:00:23.603275+00,2026-09-18 03:03:11.031301+00
ceda621c-4211-40b5-9d1b-768c8906d4c5,/srv/fim-watch/gen_00228.txt,file_modified,alert_only,high,2026-09-18 03:00:23.702716+00,2026-09-18 03:03:11.048646+00
4d5ee8c1-6023-4c79-a5f7-d8ae4844c894,/srv/fim-watch/gen_00313.txt,file_modified,alert_only,high,2026-09-18 03:00:23.803151+00,2026-09-18 03:03:11.065666+00
612c95e4-c037-4d07-b2e2-98bc1dec9643,/srv/fim-watch/gen_00314.txt,file_modified,alert_only,high,2026-09-18 03:00:23.90404+00,2026-09-18 03:03:11.08263+00
689fc3b9-17ba-4d0a-b7f1-a6cdd88b57d8,/srv/fim-watch/gen_00152.txt,file_modified,alert_only,high,2026-09-18 03:00:24.003499+00,2026-09-18 03:03:11.098305+00
4df19b33-cef2-40fe-aabd-755a0fffa1f1,/srv/fim-watch/critico/gen_00248.txt,file_modified,alert_only,critical,2026-09-18 03:00:24.103993+00,2026-09-18 03:03:11.113576+00
8e4d12b9-a5cc-4279-9779-c9db8874adb8,/srv/fim-watch/gen_00315.txt,file_modified,alert_only,high,2026-09-18 03:00:24.203202+00,2026-09-18 03:03:11.128761+00
02e7cf84-c7dd-4df3-9e40-273d7e03beca,/srv/fim-watch/gen_00316.txt,file_modified,alert_only,high,2026-09-18 03:00:24.303283+00,2026-09-18 03:03:11.145455+00
3fa771ed-584c-42d7-8767-86430cf5b9c9,/srv/fim-watch/gen_00179.txt,file_modified,alert_only,high,2026-09-18 03:00:24.404062+00,2026-09-18 03:03:11.16235+00
ee055b83-e184-46a2-a030-2e66520f0a7c,/srv/fim-watch/gen_00106.txt,file_modified,alert_only,high,2026-09-18 03:00:24.503454+00,2026-09-18 03:03:11.178324+00
c7d4cd65-dfb2-449a-a6c6-3e0cda8ede5c,/srv/fim-watch/gen_00282.txt,file_modified,alert_only,high,2026-09-18 03:00:24.603979+00,2026-09-18 03:03:11.193899+00
5fff877b-c7d6-4388-89c9-ad42520cfa6e,/srv/fim-watch/critico/gen_00189.txt,file_modified,alert_only,critical,2026-09-18 03:00:24.703494+00,2026-09-18 03:03:11.209494+00
7b817d16-27e6-4db9-960c-6342e85d3a97,/srv/fim-watch/gen_00317.txt,file_modified,alert_only,high,2026-09-18 03:00:24.80343+00,2026-09-18 03:03:11.224625+00
da8262a1-501a-473d-baa1-de58044d03c0,/srv/fim-watch/gen_00149.txt,file_modified,alert_only,high,2026-09-18 03:00:24.904074+00,2026-09-18 03:03:11.239701+00
4ad525f0-6f13-4a54-ad39-97d56b260e2c,/srv/fim-watch/gen_00149.txt,file_modified,alert_only,high,2026-09-18 03:00:25.004782+00,2026-09-18 03:03:11.254932+00
c2641aff-88d0-471e-b485-498752a1df94,/srv/fim-watch/gen_00096.txt,file_modified,alert_only,high,2026-09-18 03:00:25.102634+00,2026-09-18 03:03:11.270246+00
1ec81bd3-7870-4ed8-bb73-c72263881da2,/srv/fim-watch/gen_00266.txt,file_modified,alert_only,high,2026-09-18 03:00:25.203181+00,2026-09-18 03:03:11.285414+00
5ba55160-3cd5-4b9d-8363-7ba71d9600e5,/srv/fim-watch/gen_00231.txt,file_modified,alert_only,high,2026-09-18 03:00:25.303192+00,2026-09-18 03:03:11.302093+00
fcc52036-09ed-4b26-a377-8922914bed78,/srv/fim-watch/gen_00293.txt,file_modified,alert_only,high,2026-09-18 03:00:25.403323+00,2026-09-18 03:03:11.316952+00
1b0f6330-a42d-446c-a4da-d8a5e8f04976,/srv/fim-watch/gen_00174.txt,file_modified,alert_only,high,2026-09-18 03:00:25.503341+00,2026-09-18 03:03:11.333533+00
65450614-558e-49b1-a086-20ed26f547f2,/srv/fim-watch/gen_00318.txt,file_modified,alert_only,high,2026-09-18 03:00:25.603572+00,2026-09-18 03:03:11.348108+00
c0c59b00-b72b-4b89-af08-9d9d4cb7b950,/srv/fim-watch/gen_00096.txt,file_modified,alert_only,high,2026-09-18 03:00:25.703061+00,2026-09-18 03:03:11.362461+00
49ef0a74-4796-4312-9c80-9f3e692e7258,/srv/fim-watch/gen_00231.txt,file_modified,alert_only,high,2026-09-18 03:00:25.803605+00,2026-09-18 03:03:11.37763+00
39a15138-d362-4f68-a4b3-10164dd98459,/srv/fim-watch/gen_00319.txt,file_modified,alert_only,high,2026-09-18 03:00:25.90397+00,2026-09-18 03:03:11.392153+00
b43d2856-864b-44e1-8575-10d4182e6015,/srv/fim-watch/critico/gen_00236.txt,file_deleted,alert_only,critical,2026-09-18 03:00:26.003605+00,2026-09-18 03:03:11.406896+00
2850a002-ab7a-4fd7-a81b-6e18652dbefa,/srv/fim-watch/gen_00320.txt,file_modified,alert_only,high,2026-09-18 03:00:26.103369+00,2026-09-18 03:03:11.423077+00
eeeac495-b437-4ef8-8c26-29442101028e,/srv/fim-watch/gen_00274.txt,file_modified,alert_only,high,2026-09-18 03:00:26.302681+00,2026-09-18 03:03:11.438671+00
b26cde15-2f22-4f56-901b-9ab96ba724d4,/srv/fim-watch/critico/gen_00191.txt,file_modified,alert_only,critical,2026-09-18 03:00:26.503598+00,2026-09-18 03:03:11.453912+00
80ef7d20-9474-4157-aa1e-20ec078b0d06,/srv/fim-watch/gen_00323.txt,file_modified,alert_only,high,2026-09-18 03:00:26.603271+00,2026-09-18 03:03:11.469126+00
0c7a19ec-885b-402e-94ed-5970536516a1,/srv/fim-watch/gen_00324.txt,file_modified,alert_only,high,2026-09-18 03:00:26.70318+00,2026-09-18 03:03:11.484731+00
928cb685-cc50-40c5-988d-ed9fe8c8a6db,/srv/fim-watch/gen_00324.txt,file_deleted,alert_only,high,2026-09-18 03:00:26.803579+00,2026-09-18 03:03:11.500152+00
c9a896fe-6d79-4174-8eaa-2a8640acad8e,/srv/fim-watch/critico/gen_00248.txt,file_modified,alert_only,critical,2026-09-18 03:00:26.904+00,2026-09-18 03:03:11.515519+00
eb9ac45d-7ed3-4ce6-9067-773a48702c11,/srv/fim-watch/critico/gen_00156.txt,file_modified,alert_only,critical,2026-09-18 03:00:27.003407+00,2026-09-18 03:03:11.530365+00
b25b8789-0922-4c9f-b4d2-28acebf2497a,/srv/fim-watch/gen_00319.txt,file_modified,alert_only,high,2026-09-18 03:00:27.103209+00,2026-09-18 03:03:11.546114+00
dcbddeca-8aa5-47a3-8a26-611fc79b8cea,/srv/fim-watch/gen_00325.txt,file_modified,alert_only,high,2026-09-18 03:00:27.203514+00,2026-09-18 03:03:11.570869+00
205de22c-c524-4a02-8390-ae8feeac787b,/srv/fim-watch/critico/gen_00222.txt,file_modified,alert_only,critical,2026-09-18 03:00:27.30384+00,2026-09-18 03:03:11.577542+00
d308a2e7-0ab9-4325-891f-f0e5e13b0794,/srv/fim-watch/critico/gen_00253.txt,file_modified,alert_only,critical,2026-09-18 03:00:27.403981+00,2026-09-18 03:03:11.592354+00
7f5e10d1-6a75-4395-ad25-07d8b9a9c4a3,/srv/fim-watch/gen_00212.txt,file_deleted,alert_only,high,2026-09-18 03:00:27.603642+00,2026-09-18 03:03:11.607018+00
01cf673c-440a-4709-a98c-401bd4efc0f4,/srv/fim-watch/gen_00175.txt,file_modified,alert_only,high,2026-09-18 03:00:27.703396+00,2026-09-18 03:03:11.622796+00
876c3cab-a53a-4703-bc93-4e705635e2d5,/srv/fim-watch/gen_00327.txt,file_modified,alert_only,high,2026-09-18 03:00:27.803557+00,2026-09-18 03:03:11.637412+00
6be0dd6d-b42d-4a32-bfb2-6b37c0e9f574,/srv/fim-watch/gen_00096.txt,file_modified,alert_only,high,2026-09-18 03:00:27.903243+00,2026-09-18 03:03:11.650659+00
705e8bb6-ab1a-4e59-ab90-8e045550e339,/srv/fim-watch/gen_00096.txt,file_modified,alert_only,high,2026-09-18 03:00:28.003238+00,2026-09-18 03:03:11.664804+00
acf88d9b-3c50-42fe-bd4f-a56ea21ae538,/srv/fim-watch/critico/gen_00328.txt,file_modified,alert_only,critical,2026-09-18 03:00:28.103432+00,2026-09-18 03:03:11.680018+00
9a37b1f6-f14a-4e7e-abdf-5e16151aa099,/srv/fim-watch/critico/gen_00328.txt,file_deleted,alert_only,critical,2026-09-18 03:00:28.203154+00,2026-09-18 03:03:11.695488+00
dba4fa81-4e64-409a-9374-1f1d2627860d,/srv/fim-watch/gen_00313.txt,file_modified,alert_only,high,2026-09-18 03:00:28.303596+00,2026-09-18 03:03:11.714941+00
62c01a69-09f0-41b9-bd0a-ba6115951931,/srv/fim-watch/gen_00115.txt,file_modified,alert_only,high,2026-09-18 03:00:28.403255+00,2026-09-18 03:03:11.729521+00
d75785ae-1026-4d90-8ff0-413d6406e340,/srv/fim-watch/gen_00177.txt,file_modified,alert_only,high,2026-09-18 03:00:28.502872+00,2026-09-18 03:03:11.744404+00
f1a2c4c8-b1fc-4f0d-9843-966a6f75660d,/srv/fim-watch/gen_00255.txt,file_modified,alert_only,high,2026-09-18 03:00:28.603913+00,2026-09-18 03:03:11.760151+00
ba3430e7-c81d-4d02-ae7f-2adcede9cb51,/srv/fim-watch/gen_00252.txt,file_modified,alert_only,high,2026-09-18 03:00:28.703922+00,2026-09-18 03:03:11.77467+00
60ee2f29-360e-48f0-b74e-16abbb8ee7e7,/srv/fim-watch/gen_00329.txt,file_modified,alert_only,high,2026-09-18 03:00:28.803077+00,2026-09-18 03:03:11.789294+00
ff9cf603-d84f-4b5b-b27c-4a7ca0513e81,/srv/fim-watch/gen_00152.txt,file_modified,alert_only,high,2026-09-18 03:00:28.903502+00,2026-09-18 03:03:11.803204+00
412d1466-05d9-4ac4-a877-10e40b8c0d10,/srv/fim-watch/gen_00171.txt,file_modified,alert_only,high,2026-09-18 03:00:29.003731+00,2026-09-18 03:03:11.817191+00
cd0f202d-146c-4979-ab46-f59784878ae6,/srv/fim-watch/gen_00279.txt,file_modified,alert_only,high,2026-09-18 03:00:29.103835+00,2026-09-18 03:03:11.832236+00
e8e5cba4-b75b-470e-9612-f302cff0dd1e,/srv/fim-watch/gen_00088.txt,file_modified,alert_only,high,2026-09-18 03:00:29.203804+00,2026-09-18 03:03:11.846079+00
f3273be1-7ea0-4de9-aaa3-70a7604f8331,/srv/fim-watch/gen_00331.txt,file_modified,alert_only,high,2026-09-18 03:00:29.403449+00,2026-09-18 03:03:11.859265+00
854210e8-9cfe-4074-8cd6-09fa48f522f9,/srv/fim-watch/gen_00078.txt,file_deleted,alert_only,high,2026-09-18 03:00:29.503341+00,2026-09-18 03:03:11.872873+00
e5ac6022-1815-4ea0-823e-a599b490a0e9,/srv/fim-watch/gen_00266.txt,file_modified,alert_only,high,2026-09-18 03:00:29.603073+00,2026-09-18 03:03:11.88693+00
6bf6cd5a-17df-4c81-9c83-5f580287b02e,/srv/fim-watch/gen_00088.txt,file_modified,alert_only,high,2026-09-18 03:00:29.703203+00,2026-09-18 03:03:11.901658+00
ebbb8665-8c6e-4af4-bca7-b1ff80dcfe5a,/srv/fim-watch/gen_00225.txt,file_modified,alert_only,high,2026-09-18 03:00:29.803307+00,2026-09-18 03:03:11.917081+00
53f06460-72a3-4207-9fa4-c83f5f857eae,/srv/fim-watch/gen_00255.txt,file_modified,alert_only,high,2026-09-18 03:00:29.903418+00,2026-09-18 03:03:11.932458+00
e34e00d9-363f-4131-86d6-d4a821e1bbc7,/srv/fim-watch/gen_00160.txt,file_modified,alert_only,high,2026-09-18 03:00:30.003665+00,2026-09-18 03:03:11.947879+00
994c2ca8-60e7-4679-aed7-ed81ea8adf62,/srv/fim-watch/gen_00160.txt,file_modified,alert_only,high,2026-09-18 03:00:30.103343+00,2026-09-18 03:03:11.96395+00
0c47e72c-1187-4e09-b3d1-ab6705c1b85d,/srv/fim-watch/gen_00157.txt,file_modified,alert_only,high,2026-09-18 03:00:30.203581+00,2026-09-18 03:03:11.979412+00
9eedcda4-788e-4a2a-bca2-11f58f7dbe5a,/srv/fim-watch/gen_00157.txt,file_modified,alert_only,high,2026-09-18 03:00:30.303158+00,2026-09-18 03:03:11.99472+00
483b67ef-e9ac-4a87-a350-f566bdaa3a38,/srv/fim-watch/gen_00157.txt,file_modified,alert_only,high,2026-09-18 03:00:30.40322+00,2026-09-18 03:03:12.011141+00
4a6e2777-f01d-4eb4-8460-b751903ad8d2,/srv/fim-watch/gen_00157.txt,file_modified,alert_only,high,2026-09-18 03:00:30.5035+00,2026-09-18 03:03:12.026607+00
5a99212b-f9b8-4432-97f1-c511e8319f7c,/srv/fim-watch/gen_00157.txt,file_modified,alert_only,high,2026-09-18 03:00:30.604968+00,2026-09-18 03:03:12.042044+00
f4299311-59dd-4816-9c18-f4f14ee900b3,/srv/fim-watch/gen_00206.txt,file_modified,alert_only,high,2026-09-18 03:00:30.703052+00,2026-09-18 03:03:12.05802+00
d1473052-bd29-4fc7-926d-da0933508ea1,/srv/fim-watch/gen_00256.txt,file_modified,alert_only,high,2026-09-18 03:00:30.803196+00,2026-09-18 03:03:12.073513+00
792b956e-522d-4c87-bcaa-ac5878fd3277,/srv/fim-watch/gen_00281.txt,file_deleted,alert_only,high,2026-09-18 03:00:30.903136+00,2026-09-18 03:03:12.088987+00
98d50389-6d64-4618-9168-c487ae966f69,/srv/fim-watch/critico/gen_00332.txt,file_modified,alert_only,critical,2026-09-18 03:00:31.003778+00,2026-09-18 03:03:12.104514+00
508fadc9-b638-4217-bd5a-3883cf302702,/srv/fim-watch/gen_00096.txt,file_modified,alert_only,high,2026-09-18 03:00:31.103278+00,2026-09-18 03:03:12.120083+00
c674c880-abc3-495d-9b33-0493e1fe3b1b,/srv/fim-watch/gen_00327.txt,file_deleted,alert_only,high,2026-09-18 03:00:31.202144+00,2026-09-18 03:03:12.135519+00
b5af157b-f8d7-4078-af94-dfe3005528d6,/srv/fim-watch/critico/gen_00280.txt,file_modified,alert_only,critical,2026-09-18 03:00:31.302488+00,2026-09-18 03:03:12.152344+00
1dbf36c5-c7e2-4c8a-9f17-34e2c9f9a99b,/srv/fim-watch/gen_00273.txt,file_deleted,alert_only,high,2026-09-18 03:00:31.402612+00,2026-09-18 03:03:12.169558+00
3839fedf-72a5-42ae-9dc1-b4e55792e923,/srv/fim-watch/critico/gen_00248.txt,file_modified,alert_only,critical,2026-09-18 03:00:31.503472+00,2026-09-18 03:03:12.186306+00
283d915a-49fe-4560-a9b9-ef4cef2362b1,/srv/fim-watch/gen_00128.txt,file_modified,alert_only,high,2026-09-18 03:00:31.60329+00,2026-09-18 03:03:12.202973+00
321684d7-02fb-4dda-8fed-cc6bcee6136d,/srv/fim-watch/gen_00152.txt,file_modified,alert_only,high,2026-09-18 03:00:31.703639+00,2026-09-18 03:03:12.219937+00
38987c6e-c082-4010-a406-f570a3aee374,/srv/fim-watch/gen_00317.txt,file_modified,alert_only,high,2026-09-18 03:00:31.802925+00,2026-09-18 03:03:12.236471+00
40a3f9c5-e448-4a4c-934b-946c38669068,/srv/fim-watch/critico/gen_00287.txt,file_deleted,alert_only,critical,2026-09-18 03:00:31.902833+00,2026-09-18 03:03:12.253157+00
4b2cd5a5-470e-4002-a9d3-871e0ba91c04,/srv/fim-watch/critico/gen_00332.txt,file_modified,alert_only,critical,2026-09-18 03:00:32.003194+00,2026-09-18 03:03:12.269821+00
fff1cac0-85af-431b-a5da-43099b3735da,/srv/fim-watch/gen_00179.txt,file_modified,alert_only,high,2026-09-18 03:00:32.103452+00,2026-09-18 03:03:12.285709+00
5e6882fc-7972-4cdb-a8ee-adabdadfd35c,/srv/fim-watch/gen_00219.txt,file_modified,alert_only,high,2026-09-18 03:00:32.203379+00,2026-09-18 03:03:12.301458+00
577de580-4aef-4fec-aa5b-3677a8b94f3f,/srv/fim-watch/critico/gen_00242.txt,file_modified,alert_only,critical,2026-09-18 03:00:32.303679+00,2026-09-18 03:03:12.316762+00
7e81a7ac-1860-4789-b327-5be94ff8fa79,/srv/fim-watch/gen_00279.txt,file_modified,alert_only,high,2026-09-18 03:00:32.403411+00,2026-09-18 03:03:12.344741+00
5329ab19-7d6b-46f4-8ce6-10b4fe095f08,/srv/fim-watch/gen_00042.txt,file_modified,alert_only,high,2026-09-18 03:00:32.503601+00,2026-09-18 03:03:12.3519+00
c801ab53-66ea-4a0e-8f21-42cb1c1eac9d,/srv/fim-watch/gen_00311.txt,file_modified,alert_only,high,2026-09-18 03:00:32.603253+00,2026-09-18 03:03:12.368848+00
8321c693-4709-4a36-a5a3-bd67f013dc51,/srv/fim-watch/gen_00311.txt,file_modified,alert_only,high,2026-09-18 03:00:32.703327+00,2026-09-18 03:03:12.385811+00
1d9826d7-a72a-490d-96d9-6385db31c767,/srv/fim-watch/gen_00254.txt,file_modified,alert_only,high,2026-09-18 03:00:32.803039+00,2026-09-18 03:03:12.403202+00
1c0fba86-3047-47e6-a8f6-b1018f30f3cc,/srv/fim-watch/critico/gen_00304.txt,file_modified,alert_only,critical,2026-09-18 03:00:32.90343+00,2026-09-18 03:03:12.420643+00
c91777d5-1cd5-4ad9-869f-768c3fe654c7,/srv/fim-watch/gen_00126.txt,file_modified,alert_only,high,2026-09-18 03:00:33.003652+00,2026-09-18 03:03:12.437549+00
98e93dfb-b4c9-4d50-b404-af4ef7ad87a0,/srv/fim-watch/gen_00301.txt,file_modified,alert_only,high,2026-09-18 03:00:33.103673+00,2026-09-18 03:03:12.454255+00
905e8881-268c-4c2c-83f0-2d9b4204f6e1,/srv/fim-watch/gen_00286.txt,file_modified,alert_only,high,2026-09-18 03:00:33.202958+00,2026-09-18 03:03:12.470958+00
4912b49d-f816-40fe-bd2f-9dc2e6cf879b,/srv/fim-watch/critico/gen_00333.txt,file_modified,alert_only,critical,2026-09-18 03:00:33.303548+00,2026-09-18 03:03:12.487879+00
f12af4fc-875b-4227-ac0d-df1cf6a4ba74,/srv/fim-watch/critico/gen_00183.txt,file_modified,alert_only,critical,2026-09-18 03:00:33.403479+00,2026-09-18 03:03:12.504567+00
cf49d91c-9380-449b-8dde-4b8ae07fb9ba,/srv/fim-watch/critico/gen_00183.txt,file_modified,alert_only,critical,2026-09-18 03:00:33.50349+00,2026-09-18 03:03:12.521304+00
dba71d3c-a07e-4225-b158-b78687cd365c,/srv/fim-watch/gen_00166.txt,file_modified,alert_only,high,2026-09-18 03:00:33.603141+00,2026-09-18 03:03:12.53822+00
d5067236-648a-483b-a82c-0c4acfb6f21d,/srv/fim-watch/gen_00334.txt,file_modified,alert_only,high,2026-09-18 03:00:33.703316+00,2026-09-18 03:03:12.555014+00
9095ba68-e367-45fe-8000-c8e45a0cd9be,/srv/fim-watch/gen_00335.txt,file_created,alert_only,high,2026-09-18 03:00:33.80249+00,2026-09-18 03:03:12.571873+00
6214611c-1945-40e4-995d-be383aceb264,/srv/fim-watch/gen_00241.txt,file_modified,alert_only,high,2026-09-18 03:00:33.903595+00,2026-09-18 03:03:12.587454+00
9f597e13-fc9c-4b43-b53d-6135e63e4078,/srv/fim-watch/gen_00125.txt,file_modified,alert_only,high,2026-09-18 03:00:34.003729+00,2026-09-18 03:03:12.602825+00
72d4026c-1f76-441d-991b-0da63fac622f,/srv/fim-watch/gen_00260.txt,file_modified,alert_only,high,2026-09-18 03:00:34.103321+00,2026-09-18 03:03:12.618323+00
72b026c8-b7b9-4302-b918-576aa9e5f03c,/srv/fim-watch/gen_00337.txt,file_modified,alert_only,high,2026-09-18 03:00:34.302977+00,2026-09-18 03:03:12.633787+00
de5d712b-9537-4233-adb9-b60f74fc5d56,/srv/fim-watch/gen_00337.txt,file_deleted,alert_only,high,2026-09-18 03:00:34.402834+00,2026-09-18 03:03:12.650726+00
6ff3b7d3-0b88-4fe4-a3d0-1fb856cc799a,/srv/fim-watch/gen_00219.txt,file_modified,alert_only,high,2026-09-18 03:00:34.503187+00,2026-09-18 03:03:12.667266+00
0b110f63-6573-4974-aa4e-acbae040a818,/srv/fim-watch/critico/gen_00276.txt,file_deleted,alert_only,critical,2026-09-18 03:00:34.603608+00,2026-09-18 03:03:12.682708+00
484f0296-2972-4a5d-afb3-eb7e21e28d82,/srv/fim-watch/gen_00177.txt,file_modified,alert_only,high,2026-09-18 03:00:34.703318+00,2026-09-18 03:03:12.698697+00
447e7c37-3232-44c1-82c0-f2e63f9b2929,/srv/fim-watch/gen_00338.txt,file_modified,alert_only,high,2026-09-18 03:00:34.802974+00,2026-09-18 03:03:12.715107+00
a95b480e-4156-452c-ac70-ff71cd2e1a62,/srv/fim-watch/gen_00176.txt,file_deleted,alert_only,high,2026-09-18 03:00:34.902958+00,2026-09-18 03:03:12.729715+00
6e5ab7db-a9e7-48b1-be67-5e3a83308f5d,/srv/fim-watch/gen_00301.txt,file_deleted,alert_only,high,2026-09-18 03:00:35.003178+00,2026-09-18 03:03:12.744647+00
15a6d612-3a33-4b2d-9609-8e5da1397d13,/srv/fim-watch/gen_00126.txt,file_modified,alert_only,high,2026-09-18 03:00:35.103717+00,2026-09-18 03:03:12.760597+00
4709f354-a79b-4f21-8423-55d985d3cb5b,/srv/fim-watch/gen_00135.txt,file_deleted,alert_only,high,2026-09-18 03:00:35.203615+00,2026-09-18 03:03:12.775382+00
dc141e7d-4e5f-423f-b0ee-d65989262556,/srv/fim-watch/critico/gen_00184.txt,file_modified,alert_only,critical,2026-09-18 03:00:35.303722+00,2026-09-18 03:03:12.788133+00
1ef22a1d-b2c7-49dc-bc94-4a1962d9ec12,/srv/fim-watch/gen_00292.txt,file_deleted,alert_only,high,2026-09-18 03:00:35.403268+00,2026-09-18 03:03:12.800727+00
4e59b796-e0cc-4bdc-898a-7d9909ecb727,/srv/fim-watch/gen_00071.txt,file_modified,alert_only,high,2026-09-18 03:00:35.50328+00,2026-09-18 03:03:12.813422+00
9c5adb64-0389-401b-ac60-85bf0ac6f124,/srv/fim-watch/gen_00339.txt,file_modified,alert_only,high,2026-09-18 03:00:35.603213+00,2026-09-18 03:03:12.82939+00
14187d0a-cba8-4f35-8ee1-1201abd5c380,/srv/fim-watch/gen_00338.txt,file_deleted,alert_only,high,2026-09-18 03:00:35.703149+00,2026-09-18 03:03:12.843942+00
9a102da5-31ae-4f37-81c3-ba27bb3a767f,/srv/fim-watch/critico/gen_00310.txt,file_modified,alert_only,critical,2026-09-18 03:00:35.803018+00,2026-09-18 03:03:12.858295+00
797fd7a0-0843-43b1-9cbf-a7524a2f27e3,/srv/fim-watch/gen_00206.txt,file_modified,alert_only,high,2026-09-18 03:00:35.903187+00,2026-09-18 03:03:12.872356+00
48d13ded-18c5-40d3-ba0e-7e9bd4aedb84,/srv/fim-watch/gen_00206.txt,file_modified,alert_only,high,2026-09-18 03:00:36.003559+00,2026-09-18 03:03:12.887784+00
738e72d2-80fc-4e42-8f45-ca52f7304aff,/srv/fim-watch/gen_00206.txt,file_modified,alert_only,high,2026-09-18 03:00:36.103676+00,2026-09-18 03:03:12.902596+00
dbba29e5-2a94-491d-8be6-9fc9544a9c43,/srv/fim-watch/gen_00206.txt,file_modified,alert_only,high,2026-09-18 03:00:36.203696+00,2026-09-18 03:03:12.916427+00
1e26a8a8-4b8d-458a-b91c-d49a8dc0cb78,/srv/fim-watch/gen_00206.txt,file_modified,alert_only,high,2026-09-18 03:00:36.303134+00,2026-09-18 03:03:12.931545+00
dd9084c7-c133-4d15-b836-3951025d2c83,/srv/fim-watch/gen_00256.txt,file_modified,alert_only,high,2026-09-18 03:00:36.403612+00,2026-09-18 03:03:12.946804+00
bc48a7b2-dcec-400f-b1d4-eb64d3b4f724,/srv/fim-watch/gen_00088.txt,file_deleted,alert_only,high,2026-09-18 03:00:36.503018+00,2026-09-18 03:03:12.96146+00
b49a1454-e361-4540-bef1-abb860ed784a,/srv/fim-watch/critico/gen_00191.txt,file_modified,alert_only,critical,2026-09-18 03:00:36.603634+00,2026-09-18 03:03:12.977305+00
ac980cac-6a29-4a57-842d-2d5326e0f1b7,/srv/fim-watch/critico/gen_00191.txt,file_modified,alert_only,critical,2026-09-18 03:00:36.703108+00,2026-09-18 03:03:12.993584+00
71ea4f35-fcb1-49ab-96b0-ea4f04c277d2,/srv/fim-watch/critico/gen_00262.txt,file_modified,alert_only,critical,2026-09-18 03:00:36.803871+00,2026-09-18 03:03:13.011386+00
2c1e9f69-56a0-4335-8995-b3f94efa4628,/srv/fim-watch/gen_00126.txt,file_modified,alert_only,high,2026-09-18 03:00:36.903804+00,2026-09-18 03:03:13.029928+00
c246deae-e1d5-4b62-b919-869de22aa04f,/srv/fim-watch/gen_00246.txt,file_deleted,alert_only,high,2026-09-18 03:00:37.002963+00,2026-09-18 03:03:13.047683+00
57a61bcb-21e7-451e-8d06-d07c2ebfd51a,/srv/fim-watch/gen_00179.txt,file_modified,alert_only,high,2026-09-18 03:00:37.103221+00,2026-09-18 03:03:13.066098+00
2bf01b0e-8469-475e-96db-2824d14f7185,/srv/fim-watch/gen_00317.txt,file_modified,alert_only,high,2026-09-18 03:00:37.204078+00,2026-09-18 03:03:13.082488+00
8f7af610-c50d-4dba-9880-be128c488852,/srv/fim-watch/gen_00340.txt,file_modified,alert_only,high,2026-09-18 03:00:37.303217+00,2026-09-18 03:03:13.098959+00
22d8b808-3f0f-4349-99b6-9c27fe580932,/srv/fim-watch/gen_00108.txt,file_modified,alert_only,high,2026-09-18 03:00:37.403934+00,2026-09-18 03:03:13.115165+00
2ef42bef-a5c7-4e1d-934c-38c5f678bd3b,/srv/fim-watch/gen_00193.txt,file_modified,alert_only,high,2026-09-18 03:00:37.503661+00,2026-09-18 03:03:13.143203+00
33220932-2e88-4664-a7ed-4073fce3c87c,/srv/fim-watch/critico/gen_00184.txt,file_modified,alert_only,critical,2026-09-18 03:00:37.604068+00,2026-09-18 03:03:13.150379+00
d7b2d74e-ec08-45d7-936b-bb673a933076,/srv/fim-watch/gen_00341.txt,file_modified,alert_only,high,2026-09-18 03:00:37.703217+00,2026-09-18 03:03:13.167849+00
0096d2ec-aeaf-4091-ba6e-3fd1e0feb4ae,/srv/fim-watch/gen_00105.txt,file_modified,alert_only,high,2026-09-18 03:00:37.803765+00,2026-09-18 03:03:13.184824+00
7786e637-74db-40c4-a66f-37ced49289e5,/srv/fim-watch/gen_00299.txt,file_modified,alert_only,high,2026-09-18 03:00:37.903197+00,2026-09-18 03:03:13.200919+00
2cff40a8-db73-4457-ab5a-148d1db1493d,/srv/fim-watch/critico/gen_00342.txt,file_modified,alert_only,critical,2026-09-18 03:00:38.003679+00,2026-09-18 03:03:13.217381+00
f8e0761a-0322-4711-84d6-3b103fcc09a8,/srv/fim-watch/gen_00223.txt,file_modified,alert_only,high,2026-09-18 03:00:38.103413+00,2026-09-18 03:03:13.23332+00
4f403e97-4d50-45df-8209-5a56b13634a8,/srv/fim-watch/critico/gen_00343.txt,file_modified,alert_only,critical,2026-09-18 03:00:38.203181+00,2026-09-18 03:03:13.249581+00
a28a0dde-9849-4a2a-994e-84f7f78eb5cc,/srv/fim-watch/critico/gen_00272.txt,file_modified,alert_only,critical,2026-09-18 03:00:38.303423+00,2026-09-18 03:03:13.266302+00
b82ee690-49e1-4673-92ae-965c134cda82,/srv/fim-watch/gen_00221.txt,file_modified,alert_only,high,2026-09-18 03:00:38.403199+00,2026-09-18 03:03:13.283855+00
7b3bba8e-71f6-4399-a94c-d1fbd81bb2c6,/srv/fim-watch/gen_00203.txt,file_modified,alert_only,high,2026-09-18 03:00:38.503396+00,2026-09-18 03:03:13.301685+00
5e1e8a9d-38db-4fee-9365-f6156eea1b85,/srv/fim-watch/critico/gen_00344.txt,file_modified,alert_only,critical,2026-09-18 03:00:38.602475+00,2026-09-18 03:03:13.321338+00
d4a22a97-528d-459a-96e7-49b0e54cbec1,/srv/fim-watch/gen_00151.txt,file_modified,alert_only,high,2026-09-18 03:00:38.703214+00,2026-09-18 03:03:13.338511+00
4bf07ad0-74f3-4b89-9ab0-173cfdd9236d,/srv/fim-watch/gen_00282.txt,file_modified,alert_only,high,2026-09-18 03:00:38.803264+00,2026-09-18 03:03:13.353677+00
3599b842-65ba-45c7-af66-2b8672d64ef6,/srv/fim-watch/gen_00282.txt,file_modified,alert_only,high,2026-09-18 03:00:38.902811+00,2026-09-18 03:03:13.370919+00
5458ad0f-d549-4b7d-b6a1-697572c12710,/srv/fim-watch/gen_00282.txt,file_modified,alert_only,high,2026-09-18 03:00:39.003425+00,2026-09-18 03:03:13.389651+00
d9e9f7c0-d269-46ea-9e44-10515aa4699b,/srv/fim-watch/gen_00282.txt,file_modified,alert_only,high,2026-09-18 03:00:39.103528+00,2026-09-18 03:03:13.407689+00
4930a8d3-d464-427c-8e67-1535bfe60966,/srv/fim-watch/gen_00282.txt,file_modified,alert_only,high,2026-09-18 03:00:39.20355+00,2026-09-18 03:03:13.425831+00
65164a4f-31a1-4438-a1ba-2edb6263a219,/srv/fim-watch/gen_00231.txt,file_modified,alert_only,high,2026-09-18 03:00:39.303418+00,2026-09-18 03:03:13.443614+00
0c68bf89-d9c9-40e3-95f2-9c2fd72711a7,/srv/fim-watch/critico/gen_00345.txt,file_modified,alert_only,critical,2026-09-18 03:00:39.403716+00,2026-09-18 03:03:13.461039+00
31ac6328-ad3b-4b73-8dac-d4cbb7b4fff2,/srv/fim-watch/gen_00311.txt,file_modified,alert_only,high,2026-09-18 03:00:39.503263+00,2026-09-18 03:03:13.492182+00
6f4aa9ad-ccbc-422a-9221-7302a10c17b9,/srv/fim-watch/gen_00263.txt,file_modified,alert_only,high,2026-09-18 03:00:39.603562+00,2026-09-18 03:03:13.528416+00
673d6a69-7044-4268-bb9f-16125ba5740b,/srv/fim-watch/critico/gen_00344.txt,file_modified,alert_only,critical,2026-09-18 03:00:39.703553+00,2026-09-18 03:03:13.565286+00
0cdd7d3c-6cd9-4d14-8a0e-32f511527953,/srv/fim-watch/gen_00235.txt,file_modified,alert_only,high,2026-09-18 03:00:39.802586+00,2026-09-18 03:03:13.604922+00
85869bbd-7746-4d30-96b5-4eee932e9edb,/srv/fim-watch/gen_00235.txt,file_modified,alert_only,high,2026-09-18 03:00:39.903592+00,2026-09-18 03:03:13.645055+00
c44fb02e-1716-4a23-b3f2-bacd2bfb829d,/srv/fim-watch/critico/gen_00336.txt,file_modified,alert_only,critical,2026-09-18 03:00:40.003392+00,2026-09-18 03:03:13.684214+00
9c11ff8b-7eaf-4e80-9498-5dbdf984c4aa,/srv/fim-watch/gen_00152.txt,file_modified,alert_only,high,2026-09-18 03:00:40.103262+00,2026-09-18 03:03:13.708096+00
9683f5a7-975f-4c88-99f2-e8b107bbdf9b,/srv/fim-watch/gen_00177.txt,file_modified,alert_only,high,2026-09-18 03:00:40.203465+00,2026-09-18 03:03:13.727196+00
d81b2a4f-3aa3-4588-ab25-a959f7c217dc,/srv/fim-watch/gen_00311.txt,file_modified,alert_only,high,2026-09-18 03:00:40.30397+00,2026-09-18 03:03:13.746443+00
0f671341-a8a1-45b5-b70c-0ef4593571f9,/srv/fim-watch/critico/gen_00345.txt,file_modified,alert_only,critical,2026-09-18 03:00:40.40408+00,2026-09-18 03:03:13.765206+00
7f48ea8a-1b91-4cf0-b25c-6e5a26e93801,/srv/fim-watch/critico/gen_00345.txt,file_modified,alert_only,critical,2026-09-18 03:00:40.503403+00,2026-09-18 03:03:13.786316+00
3486cab2-a8dc-489a-b387-49b510945d7b,/srv/fim-watch/gen_00289.txt,file_modified,alert_only,high,2026-09-18 03:00:40.604036+00,2026-09-18 03:03:13.808+00
02734f64-fb36-4913-8d4b-810adcb3ea93,/srv/fim-watch/gen_00346.txt,file_modified,alert_only,high,2026-09-18 03:00:40.703471+00,2026-09-18 03:03:13.825956+00
6320c93a-b940-4b1e-8fcd-81ee0792c86b,/srv/fim-watch/gen_00171.txt,file_modified,alert_only,high,2026-09-18 03:00:40.803844+00,2026-09-18 03:03:13.83923+00
5d46509f-490a-466c-8f08-a00dc23454d1,/srv/fim-watch/gen_00297.txt,file_modified,alert_only,high,2026-09-18 03:00:40.90402+00,2026-09-18 03:03:13.851716+00
d9cbde4d-7a5d-4edf-9add-735dfbbcd658,/srv/fim-watch/gen_00318.txt,file_modified,alert_only,high,2026-09-18 03:00:41.003748+00,2026-09-18 03:03:13.865453+00
db3f1666-7821-49c4-8191-1c49a64f2d72,/srv/fim-watch/gen_00318.txt,file_modified,alert_only,high,2026-09-18 03:00:41.103531+00,2026-09-18 03:03:13.880263+00
5d586788-7e54-4d35-a265-740116328dc4,/srv/fim-watch/critico/gen_00347.txt,file_modified,alert_only,critical,2026-09-18 03:00:41.203831+00,2026-09-18 03:03:13.896449+00
a7649aec-eae0-4fd5-9e28-2bd2b96bb554,/srv/fim-watch/gen_00348.txt,file_modified,alert_only,high,2026-09-18 03:00:41.303154+00,2026-09-18 03:03:13.911765+00
b84a038f-2e84-47b9-b307-540918b91a6a,/srv/fim-watch/gen_00126.txt,file_modified,alert_only,high,2026-09-18 03:00:41.403881+00,2026-09-18 03:03:13.927833+00
2a4d7951-083b-4bd8-b301-ad2abf316aca,/srv/fim-watch/gen_00349.txt,file_modified,alert_only,high,2026-09-18 03:00:41.503329+00,2026-09-18 03:03:13.943836+00
5ecdef2e-ef71-4534-b87f-6af434126229,/srv/fim-watch/gen_00232.txt,file_modified,alert_only,high,2026-09-18 03:00:41.603961+00,2026-09-18 03:03:13.960641+00
a56c8b05-83c1-44ac-baf8-2a8da05e1149,/srv/fim-watch/gen_00298.txt,file_modified,alert_only,high,2026-09-18 03:00:41.703705+00,2026-09-18 03:03:13.976507+00
14075033-fd4e-4fa6-b84b-8311d96f985b,/srv/fim-watch/gen_00341.txt,file_deleted,alert_only,high,2026-09-18 03:00:41.803135+00,2026-09-18 03:03:13.992937+00
0a07fe91-f255-45b7-adf3-24a2471dbeeb,/srv/fim-watch/gen_00350.txt,file_modified,alert_only,high,2026-09-18 03:00:41.903828+00,2026-09-18 03:03:14.012518+00
d128773c-7d06-47bf-8c19-2d98347fce7e,/srv/fim-watch/gen_00306.txt,file_modified,alert_only,high,2026-09-18 03:00:42.004769+00,2026-09-18 03:03:14.029974+00
7528a974-ec27-4460-bfde-8f3eb5c4fb7a,/srv/fim-watch/gen_00057.txt,file_modified,alert_only,high,2026-09-18 03:00:42.102393+00,2026-09-18 03:03:14.048375+00
bac7c96d-8dab-4f69-8366-21e3dd494010,/srv/fim-watch/critico/gen_00262.txt,file_modified,alert_only,critical,2026-09-18 03:00:42.205494+00,2026-09-18 03:03:14.068247+00
a83ed481-9166-4ce4-8848-1cf4f8d6b214,/srv/fim-watch/critico/gen_00253.txt,file_modified,alert_only,critical,2026-09-18 03:00:42.302387+00,2026-09-18 03:03:14.088277+00
44e7c42b-20cc-4d8b-972a-0913ef2b83bd,/srv/fim-watch/gen_00238.txt,file_modified,alert_only,high,2026-09-18 03:00:42.402142+00,2026-09-18 03:03:14.106792+00
ac8eb735-802c-431b-b852-08250acf8a6b,/srv/fim-watch/critico/gen_00351.txt,file_modified,alert_only,critical,2026-09-18 03:00:42.503195+00,2026-09-18 03:03:14.132428+00
12d90251-a2de-4a09-aadf-839dba1e9255,/srv/fim-watch/gen_00198.txt,file_modified,alert_only,high,2026-09-18 03:00:42.702943+00,2026-09-18 03:03:14.141234+00
45f098c2-99cb-49d8-a243-67da123d2025,/srv/fim-watch/gen_00299.txt,file_modified,alert_only,high,2026-09-18 03:00:42.903643+00,2026-09-18 03:03:14.159855+00
e3a976fb-2849-4ec4-8d1f-89aaf15bfb22,/srv/fim-watch/gen_00064.txt,file_modified,alert_only,high,2026-09-18 03:00:43.00344+00,2026-09-18 03:03:14.177783+00
3f70fabb-3f00-4868-9d6d-68eff37a7ba3,/srv/fim-watch/gen_00348.txt,file_modified,alert_only,high,2026-09-18 03:00:43.103421+00,2026-09-18 03:03:14.194588+00
09d169b9-7569-4441-917b-6cba5477d219,/srv/fim-watch/gen_00348.txt,file_modified,alert_only,high,2026-09-18 03:00:43.203151+00,2026-09-18 03:03:14.214209+00
67a29f5b-ff61-4a33-9cf4-0279699b8114,/srv/fim-watch/gen_00348.txt,file_modified,alert_only,high,2026-09-18 03:00:43.303355+00,2026-09-18 03:03:14.231976+00
5591fb5f-b644-47de-869c-9f660b8fcb35,/srv/fim-watch/gen_00348.txt,file_modified,alert_only,high,2026-09-18 03:00:43.40342+00,2026-09-18 03:03:14.250666+00
5600f5ba-68dd-4705-9e08-95bc8f5ec466,/srv/fim-watch/gen_00348.txt,file_modified,alert_only,high,2026-09-18 03:00:43.50335+00,2026-09-18 03:03:14.269965+00
ee1fbddb-5587-4ca0-8e50-7f0477911b8f,/srv/fim-watch/critico/gen_00209.txt,file_modified,alert_only,critical,2026-09-18 03:00:43.602978+00,2026-09-18 03:03:14.28599+00
0cf45538-10bb-433f-b980-c0408c3f2e94,/srv/fim-watch/gen_00266.txt,file_modified,alert_only,high,2026-09-18 03:00:43.702784+00,2026-09-18 03:03:14.302252+00
242711a1-ece6-4e20-8d39-15a78532324d,/srv/fim-watch/critico/gen_00330.txt,file_modified,alert_only,critical,2026-09-18 03:00:43.802898+00,2026-09-18 03:03:14.32028+00
2dc52e22-834d-4c2d-98c6-b5fdef0aa87c,/srv/fim-watch/gen_00049.txt,file_deleted,alert_only,high,2026-09-18 03:00:44.002946+00,2026-09-18 03:03:14.335965+00
a097921d-e88c-4a34-9db3-7a179fc51ad0,/srv/fim-watch/gen_00279.txt,file_modified,alert_only,high,2026-09-18 03:00:44.102998+00,2026-09-18 03:03:14.350211+00
3806b5c2-a0a5-4b3f-a8a1-271482eba3a4,/srv/fim-watch/gen_00279.txt,file_modified,alert_only,high,2026-09-18 03:00:44.203393+00,2026-09-18 03:03:14.364209+00
b47002cc-5f1e-4f65-9144-1e088e742665,/srv/fim-watch/gen_00282.txt,file_modified,alert_only,high,2026-09-18 03:00:44.302885+00,2026-09-18 03:03:14.379376+00
6879ff64-70cf-46ee-8eb9-532bcd06d2da,/srv/fim-watch/gen_00282.txt,file_modified,alert_only,high,2026-09-18 03:00:44.40341+00,2026-09-18 03:03:14.395052+00
129323f2-4c44-4ae8-b112-ff2bd68e8448,/srv/fim-watch/gen_00275.txt,file_modified,alert_only,high,2026-09-18 03:00:44.502988+00,2026-09-18 03:03:14.410333+00
4f4a7012-669e-4992-ac29-8f8d72e9716a,/srv/fim-watch/gen_00275.txt,file_modified,alert_only,high,2026-09-18 03:00:44.603284+00,2026-09-18 03:03:14.427137+00
35b5412f-49ab-4b7f-89dc-e38f70d1c883,/srv/fim-watch/gen_00275.txt,file_modified,alert_only,high,2026-09-18 03:00:44.702995+00,2026-09-18 03:03:14.44258+00
02d0c1bd-4d68-4ab4-8480-c17f44098eb6,/srv/fim-watch/gen_00275.txt,file_modified,alert_only,high,2026-09-18 03:00:44.803416+00,2026-09-18 03:03:14.457764+00
5032bef3-8ecd-4cea-8520-7f3fc885be46,/srv/fim-watch/gen_00275.txt,file_modified,alert_only,high,2026-09-18 03:00:44.903248+00,2026-09-18 03:03:14.472663+00
5cb33f0c-a048-49f9-ad07-57e17b62b086,/srv/fim-watch/gen_00325.txt,file_modified,alert_only,high,2026-09-18 03:00:45.003266+00,2026-09-18 03:03:14.486903+00
aea60e59-a0ac-4c07-bb75-1da07de8f7c2,/srv/fim-watch/gen_00355.txt,file_modified,alert_only,high,2026-09-18 03:00:45.102987+00,2026-09-18 03:03:14.507464+00
44964c30-4c1b-421a-88bf-57e6b02ba6b5,/srv/fim-watch/gen_00162.txt,file_deleted,alert_only,high,2026-09-18 03:00:45.203497+00,2026-09-18 03:03:14.531856+00
3d27f032-a441-4853-9d5e-e5e0ebbf0a3e,/srv/fim-watch/gen_00356.txt,file_modified,alert_only,high,2026-09-18 03:00:45.303259+00,2026-09-18 03:03:14.545777+00
a8b8dd5c-cd7f-4536-a7d6-7a4fbfc9bd44,/srv/fim-watch/gen_00357.txt,file_modified,alert_only,high,2026-09-18 03:00:45.403456+00,2026-09-18 03:03:14.563866+00
136e74a4-5b31-45a6-92ef-e1e3353d763e,/srv/fim-watch/gen_00358.txt,file_modified,alert_only,high,2026-09-18 03:00:45.5033+00,2026-09-18 03:03:14.577536+00
ddc130b2-073c-4c95-9858-8ae8acec64fb,/srv/fim-watch/gen_00230.txt,file_modified,alert_only,high,2026-09-18 03:00:45.702791+00,2026-09-18 03:03:14.592643+00
439dc439-e132-486d-8673-d232a0b310fb,/srv/fim-watch/gen_00263.txt,file_modified,alert_only,high,2026-09-18 03:00:45.803265+00,2026-09-18 03:03:14.611914+00
205cdbc1-0d85-4c69-82c1-5f656707746a,/srv/fim-watch/gen_00263.txt,file_modified,alert_only,high,2026-09-18 03:00:45.903638+00,2026-09-18 03:03:14.628214+00
3d2cc811-1dbf-4f0f-bb74-6e416957802f,/srv/fim-watch/gen_00360.txt,file_modified,alert_only,high,2026-09-18 03:00:46.00315+00,2026-09-18 03:03:14.643181+00
019ee819-a555-4601-a064-67a285e72d71,/srv/fim-watch/gen_00360.txt,file_deleted,alert_only,high,2026-09-18 03:00:46.10359+00,2026-09-18 03:03:14.659137+00
1210cc35-4cee-4630-8841-e0520633c27e,/srv/fim-watch/gen_00308.txt,file_modified,alert_only,high,2026-09-18 03:00:46.203199+00,2026-09-18 03:03:14.675+00
10623a34-1b7b-4e75-9ff9-824e50254985,/srv/fim-watch/critico/gen_00361.txt,file_modified,alert_only,critical,2026-09-18 03:00:46.303563+00,2026-09-18 03:03:14.691165+00
9f546089-6d78-469b-8b7f-e0b8bcdaa12c,/srv/fim-watch/gen_00177.txt,file_modified,alert_only,high,2026-09-18 03:00:46.403567+00,2026-09-18 03:03:14.707951+00
89e85a64-830c-43bd-8567-85e1fb471040,/srv/fim-watch/gen_00177.txt,file_modified,alert_only,high,2026-09-18 03:00:46.502697+00,2026-09-18 03:03:14.724786+00
c7aa704f-b239-41f7-97f5-ea5a13868b3b,/srv/fim-watch/gen_00362.txt,file_modified,alert_only,high,2026-09-18 03:00:46.603143+00,2026-09-18 03:03:14.741542+00
55161afb-d1c6-41d1-baee-f25806307762,/srv/fim-watch/gen_00266.txt,file_modified,alert_only,high,2026-09-18 03:00:46.702729+00,2026-09-18 03:03:14.758381+00
8d2669e0-4cc8-476b-91e5-5053d4b21ed6,/srv/fim-watch/gen_00196.txt,file_modified,alert_only,high,2026-09-18 03:00:46.803689+00,2026-09-18 03:03:14.773712+00
76fcbb86-a45f-465e-89ef-7f85c7f78947,/srv/fim-watch/gen_00198.txt,file_modified,alert_only,high,2026-09-18 03:00:46.903748+00,2026-09-18 03:03:14.788442+00
ac22923b-1ae3-4767-b68c-66b1c6a5c376,/srv/fim-watch/gen_00329.txt,file_modified,alert_only,high,2026-09-18 03:00:47.003054+00,2026-09-18 03:03:14.803372+00
9771cb26-7672-4a47-aac7-106ed61ddbf6,/srv/fim-watch/gen_00329.txt,file_modified,alert_only,high,2026-09-18 03:00:47.103553+00,2026-09-18 03:03:14.819984+00
b88d33e8-73cf-40cd-97f7-63a1600bf47f,/srv/fim-watch/gen_00311.txt,file_modified,alert_only,high,2026-09-18 03:00:47.203302+00,2026-09-18 03:03:14.835396+00
75b7fd5d-084c-4e7c-9ccb-34db7cf7f02d,/srv/fim-watch/gen_00363.txt,file_modified,alert_only,high,2026-09-18 03:00:47.303148+00,2026-09-18 03:03:14.852145+00
54425447-f965-427a-9eb0-015a9d4ac89e,/srv/fim-watch/gen_00363.txt,file_deleted,alert_only,high,2026-09-18 03:00:47.403095+00,2026-09-18 03:03:14.874906+00
a62089ac-11d1-4d7f-9a67-b44a4691ebd1,/srv/fim-watch/critico/gen_00053.txt,file_modified,alert_only,critical,2026-09-18 03:00:47.503326+00,2026-09-18 03:03:14.888803+00
259aea6d-a0c6-48ab-804b-c562deab312b,/srv/fim-watch/critico/gen_00061.txt,file_modified,alert_only,critical,2026-09-18 03:00:47.603505+00,2026-09-18 03:03:14.904541+00
c0aeca92-57ca-4090-a1c7-e368cf793966,/srv/fim-watch/critico/gen_00061.txt,file_modified,alert_only,critical,2026-09-18 03:00:47.703456+00,2026-09-18 03:03:14.921617+00
6bc4111d-beda-4a60-8767-3f5e2d95ad65,/srv/fim-watch/gen_00295.txt,file_modified,alert_only,high,2026-09-18 03:00:47.90249+00,2026-09-18 03:03:14.939449+00
25942c58-0d07-43f9-a9ea-54dd0b5aed3a,/srv/fim-watch/gen_00250.txt,file_modified,alert_only,high,2026-09-18 03:00:48.003328+00,2026-09-18 03:03:14.977155+00
f13722b1-3c9f-43a3-acb3-fc024af28921,/srv/fim-watch/critico/gen_00130.txt,file_modified,alert_only,critical,2026-09-18 03:00:48.104016+00,2026-09-18 03:03:14.987279+00
dedab245-23f2-4f3f-bb38-b9ca36442357,/srv/fim-watch/critico/gen_00304.txt,file_modified,alert_only,critical,2026-09-18 03:00:48.203328+00,2026-09-18 03:03:15.005414+00
e9645fa3-6da2-4cb0-8914-3ad5ea910434,/srv/fim-watch/gen_00057.txt,file_deleted,alert_only,high,2026-09-18 03:00:48.303887+00,2026-09-18 03:03:15.020432+00
2008ef45-bf82-43d6-b0ee-5f2341f17175,/srv/fim-watch/critico/gen_00353.txt,file_modified,alert_only,critical,2026-09-18 03:00:48.404592+00,2026-09-18 03:03:15.034114+00
ab6f2e71-4318-4830-911e-082a7c102c6e,/srv/fim-watch/gen_00096.txt,file_modified,alert_only,high,2026-09-18 03:00:48.602938+00,2026-09-18 03:03:15.046659+00
2d1ca26b-c5ba-4011-a04b-b8e4db8aed42,/srv/fim-watch/gen_00096.txt,file_modified,alert_only,high,2026-09-18 03:00:48.703777+00,2026-09-18 03:03:15.064544+00
2a4c63b5-88e1-497e-9547-0b9b75b6ec54,/srv/fim-watch/gen_00104.txt,file_deleted,alert_only,high,2026-09-18 03:00:48.802412+00,2026-09-18 03:03:15.080366+00
a8e5ad9b-ffab-4237-9882-bc79cb2cd5a3,/srv/fim-watch/gen_00366.txt,file_modified,alert_only,high,2026-09-18 03:00:48.902765+00,2026-09-18 03:03:15.094662+00
16bc3682-7f4f-468d-b8d9-a31cbbde923f,/srv/fim-watch/critico/gen_00189.txt,file_modified,alert_only,critical,2026-09-18 03:00:49.00339+00,2026-09-18 03:03:15.108062+00
972ed28d-e844-4097-b23b-cfdd631c57a2,/srv/fim-watch/gen_00214.txt,file_deleted,alert_only,high,2026-09-18 03:00:49.103591+00,2026-09-18 03:03:15.121596+00
6588e1cd-b085-4e5c-99b9-65b09947371d,/srv/fim-watch/gen_00367.txt,file_modified,alert_only,high,2026-09-18 03:00:49.203653+00,2026-09-18 03:03:15.135865+00
6991f978-99e3-4083-aab1-df0edc53a991,/srv/fim-watch/gen_00368.txt,file_modified,alert_only,high,2026-09-18 03:00:49.303798+00,2026-09-18 03:03:15.152444+00
dbbd95b4-322a-42e3-8dcb-b4a98ca319da,/srv/fim-watch/critico/gen_00183.txt,file_modified,alert_only,critical,2026-09-18 03:00:49.403172+00,2026-09-18 03:03:15.169763+00
c92cd481-7b04-4e2b-874d-7c95dc8fb296,/srv/fim-watch/critico/gen_00183.txt,file_modified,alert_only,critical,2026-09-18 03:00:49.503274+00,2026-09-18 03:03:15.186993+00
0f62a94b-f7c5-4f63-96cc-638957469bd1,/srv/fim-watch/critico/gen_00183.txt,file_modified,alert_only,critical,2026-09-18 03:00:49.603646+00,2026-09-18 03:03:15.204636+00
75939a52-b3ad-4b9f-8930-df20d2817294,/srv/fim-watch/critico/gen_00183.txt,file_modified,alert_only,critical,2026-09-18 03:00:49.703562+00,2026-09-18 03:03:15.222607+00
4d14d667-1db9-45e1-8acf-8f641eda3154,/srv/fim-watch/critico/gen_00183.txt,file_modified,alert_only,critical,2026-09-18 03:00:49.80343+00,2026-09-18 03:03:15.240717+00
2edc78c0-e8da-4bb1-b95a-94b2e16c6360,/srv/fim-watch/gen_00311.txt,file_modified,alert_only,high,2026-09-18 03:00:50.003415+00,2026-09-18 03:03:15.258396+00
68bc173b-5482-49be-a0fd-adbb8771a3c1,/srv/fim-watch/gen_00256.txt,file_modified,alert_only,high,2026-09-18 03:00:50.20345+00,2026-09-18 03:03:15.276218+00
b936ea84-300d-4480-85ac-ceaf4d0a9c8f,/srv/fim-watch/critico/gen_00251.txt,file_modified,alert_only,critical,2026-09-18 03:00:50.303264+00,2026-09-18 03:03:15.293898+00
54b65db3-3ace-4316-bb17-9098f30b16ed,/srv/fim-watch/gen_00187.txt,file_modified,alert_only,high,2026-09-18 03:00:50.403672+00,2026-09-18 03:03:15.311502+00
1147a4eb-ce64-4d9d-844c-7a8c1ad0f771,/srv/fim-watch/gen_00318.txt,file_deleted,alert_only,high,2026-09-18 03:00:50.503407+00,2026-09-18 03:03:15.330007+00
bf820c5f-be67-4447-8e5d-a5b70cdeab57,/srv/fim-watch/critico/gen_00343.txt,file_modified,alert_only,critical,2026-09-18 03:00:50.603263+00,2026-09-18 03:03:15.347511+00
159452f5-0f60-46eb-8c89-8f43612091d7,/srv/fim-watch/critico/gen_00351.txt,file_modified,alert_only,critical,2026-09-18 03:00:50.703478+00,2026-09-18 03:03:15.364643+00
0f883c1b-d350-4574-9177-e33f0ed0d0ca,/srv/fim-watch/critico/gen_00371.txt,file_modified,alert_only,critical,2026-09-18 03:00:50.803144+00,2026-09-18 03:03:15.381642+00
1aa29c87-51db-47f5-8254-fd369de7724c,/srv/fim-watch/gen_00215.txt,file_modified,alert_only,high,2026-09-18 03:00:50.903473+00,2026-09-18 03:03:15.399385+00
e8dc448f-3788-4fad-bc74-2f210340d77b,/srv/fim-watch/critico/gen_00344.txt,file_modified,alert_only,critical,2026-09-18 03:00:51.003304+00,2026-09-18 03:03:15.418189+00
d5d32402-37a7-42e8-ad94-d4ac76723e15,/srv/fim-watch/gen_00372.txt,file_modified,alert_only,high,2026-09-18 03:00:51.10348+00,2026-09-18 03:03:15.43718+00
25f1be7c-46a1-4cc5-b56c-cec454aed103,/srv/fim-watch/gen_00372.txt,file_deleted,alert_only,high,2026-09-18 03:00:51.20354+00,2026-09-18 03:03:15.455085+00
e9d0bf8f-1bc6-46be-9006-7ea5893cab45,/srv/fim-watch/critico/gen_00248.txt,file_deleted,alert_only,critical,2026-09-18 03:00:51.303501+00,2026-09-18 03:03:15.472459+00
04e1e8f0-4c56-435d-af93-7f453cc4556f,/srv/fim-watch/gen_00264.txt,file_modified,alert_only,high,2026-09-18 03:00:51.403529+00,2026-09-18 03:03:15.49009+00
3a99816d-bb7e-4834-9141-062a6b22ab95,/srv/fim-watch/gen_00357.txt,file_deleted,alert_only,high,2026-09-18 03:00:51.503557+00,2026-09-18 03:03:15.507706+00
93fda4dc-efb1-46c6-a444-3d786a091c62,/srv/fim-watch/critico/gen_00222.txt,file_modified,alert_only,critical,2026-09-18 03:00:51.603088+00,2026-09-18 03:03:15.52564+00
0e335365-ac7f-4af1-9f75-65d23c7ede49,/srv/fim-watch/critico/gen_00222.txt,file_modified,alert_only,critical,2026-09-18 03:00:51.70418+00,2026-09-18 03:03:15.543201+00
b5db9d37-e01a-4bdd-b21a-c962e53d6747,/srv/fim-watch/gen_00259.txt,file_modified,alert_only,high,2026-09-18 03:00:51.803222+00,2026-09-18 03:03:15.56202+00
d4a9b33f-883f-437b-ac6c-8b516463c68b,/srv/fim-watch/gen_00373.txt,file_modified,alert_only,high,2026-09-18 03:00:51.903483+00,2026-09-18 03:03:15.582783+00
8223edea-e9fd-479a-a1c8-577c66c1ee19,/srv/fim-watch/gen_00373.txt,file_deleted,alert_only,high,2026-09-18 03:00:52.003212+00,2026-09-18 03:03:15.602466+00
8b169c84-3527-4ec9-9004-becfdd14bb11,/srv/fim-watch/critico/gen_00374.txt,file_modified,alert_only,critical,2026-09-18 03:00:52.103595+00,2026-09-18 03:03:15.624284+00
b8c2cf1e-dd41-4af7-a203-28bdae458792,/srv/fim-watch/critico/gen_00374.txt,file_deleted,alert_only,critical,2026-09-18 03:00:52.203887+00,2026-09-18 03:03:15.638578+00
c4b5693b-df54-4726-80df-51c8d3a4660e,/srv/fim-watch/critico/gen_00333.txt,file_modified,alert_only,critical,2026-09-18 03:00:52.303553+00,2026-09-18 03:03:15.65456+00
4a578c38-97cd-4b71-abf8-40c4d1752d01,/srv/fim-watch/gen_00071.txt,file_modified,alert_only,high,2026-09-18 03:00:52.403911+00,2026-09-18 03:03:15.669414+00
73693582-c91d-4cab-bba7-5e861726af63,/srv/fim-watch/gen_00375.txt,file_modified,alert_only,high,2026-09-18 03:00:52.50314+00,2026-09-18 03:03:15.684726+00
41c5e554-e648-42c7-846b-01442beed3ac,/srv/fim-watch/critico/gen_00222.txt,file_modified,alert_only,critical,2026-09-18 03:00:52.60316+00,2026-09-18 03:03:15.700647+00
edd08738-5e63-4cd4-a832-680c0fd8ca2f,/srv/fim-watch/gen_00298.txt,file_modified,alert_only,high,2026-09-18 03:00:52.703814+00,2026-09-18 03:03:15.716173+00
62fde0a6-8957-4563-bfe7-d9124079d724,/srv/fim-watch/gen_00376.txt,file_modified,alert_only,high,2026-09-18 03:00:52.803294+00,2026-09-18 03:03:15.732316+00
3c1cf498-bbae-4cc0-b3c3-521e300fc5ff,/srv/fim-watch/gen_00376.txt,file_deleted,alert_only,high,2026-09-18 03:00:52.903482+00,2026-09-18 03:03:15.748922+00
b8872a3b-08e4-41e8-96d5-3440aaed5b25,/srv/fim-watch/gen_00128.txt,file_modified,alert_only,high,2026-09-18 03:00:53.003325+00,2026-09-18 03:03:15.766945+00
4d954f4b-41a1-48e1-9f57-cf29d359b881,/srv/fim-watch/gen_00377.txt,file_modified,alert_only,high,2026-09-18 03:00:53.103398+00,2026-09-18 03:03:15.784888+00
ef5d26a3-2f9d-44a5-bf68-58dffabf2f49,/srv/fim-watch/gen_00378.txt,file_modified,alert_only,high,2026-09-18 03:00:53.203596+00,2026-09-18 03:03:15.802528+00
ef989746-0046-457a-bacc-24480d0eddb1,/srv/fim-watch/gen_00378.txt,file_deleted,alert_only,high,2026-09-18 03:00:53.303187+00,2026-09-18 03:03:15.832413+00
105ac523-1380-4620-bcab-d39872414d00,/srv/fim-watch/gen_00196.txt,file_modified,alert_only,high,2026-09-18 03:00:53.403258+00,2026-09-18 03:03:15.839403+00
7aebf916-7402-43b0-8a60-90b60c6388b2,/srv/fim-watch/gen_00196.txt,file_modified,alert_only,high,2026-09-18 03:00:53.503412+00,2026-09-18 03:03:15.85998+00
b63f9cd9-2b2f-47d6-8c2c-a8b513ad7f92,/srv/fim-watch/critico/gen_00336.txt,file_modified,alert_only,critical,2026-09-18 03:00:53.603339+00,2026-09-18 03:03:15.877892+00
b300a27e-abfa-4b54-bd53-57d06f8def00,/srv/fim-watch/critico/gen_00379.txt,file_modified,alert_only,critical,2026-09-18 03:00:53.704607+00,2026-09-18 03:03:15.895862+00
990e4f28-bb35-4397-9c3b-58a5140aadc7,/srv/fim-watch/critico/gen_00345.txt,file_modified,alert_only,critical,2026-09-18 03:00:53.803218+00,2026-09-18 03:03:15.914685+00
e2441901-6e7a-45c1-a351-f0aab73b2463,/srv/fim-watch/gen_00203.txt,file_modified,alert_only,high,2026-09-18 03:00:53.903131+00,2026-09-18 03:03:15.932684+00
58fd8f7e-e234-405e-a8a4-b07641132cce,/srv/fim-watch/gen_00380.txt,file_created,alert_only,high,2026-09-18 03:00:54.002986+00,2026-09-18 03:03:15.950522+00
6a93d083-5a26-43b3-8276-2e2a521b0db0,/srv/fim-watch/gen_00380.txt,file_deleted,alert_only,high,2026-09-18 03:00:54.102969+00,2026-09-18 03:03:15.968659+00
6b677933-478c-4367-b43b-bf5c9f71f8b2,/srv/fim-watch/gen_00266.txt,file_modified,alert_only,high,2026-09-18 03:00:54.203011+00,2026-09-18 03:03:15.984946+00
cf878ec6-686d-4a6e-97fa-8f74f1ce33cd,/srv/fim-watch/gen_00064.txt,file_modified,alert_only,high,2026-09-18 03:00:54.30314+00,2026-09-18 03:03:16.002365+00
278c9102-2410-4d9c-925e-a45d31dfbd68,/srv/fim-watch/gen_00362.txt,file_deleted,alert_only,high,2026-09-18 03:00:54.40303+00,2026-09-18 03:03:16.020395+00
c2ddb454-8a93-48cf-bd88-d3ab5edd4366,/srv/fim-watch/gen_00366.txt,file_modified,alert_only,high,2026-09-18 03:00:54.502686+00,2026-09-18 03:03:16.037731+00
922829b0-72d1-4349-8820-e822a4824ed0,/srv/fim-watch/gen_00291.txt,file_modified,alert_only,high,2026-09-18 03:00:54.602873+00,2026-09-18 03:03:16.055722+00
f7f8feb5-67c9-4166-bd42-c7f081d2c498,/srv/fim-watch/gen_00295.txt,file_modified,alert_only,high,2026-09-18 03:00:54.703239+00,2026-09-18 03:03:16.074863+00
a6582e3d-bf4f-4e6c-b6c4-b87a5eef31bc,/srv/fim-watch/gen_00240.txt,file_modified,alert_only,high,2026-09-18 03:00:54.803125+00,2026-09-18 03:03:16.093523+00
39ad2dcc-43bf-4c92-8364-312d3f0b270e,/srv/fim-watch/gen_00311.txt,file_modified,alert_only,high,2026-09-18 03:00:54.902995+00,2026-09-18 03:03:16.112271+00
07e0df10-c012-4e6b-af54-c04beadefc3e,/srv/fim-watch/gen_00311.txt,file_modified,alert_only,high,2026-09-18 03:00:55.003424+00,2026-09-18 03:03:16.130951+00
1f7449c3-6b92-446b-a4e2-e0ebe2c1dbc1,/srv/fim-watch/gen_00311.txt,file_modified,alert_only,high,2026-09-18 03:00:55.103477+00,2026-09-18 03:03:16.15076+00
6f53627a-a9c1-409f-9eaf-9146d6f5ba45,/srv/fim-watch/gen_00311.txt,file_modified,alert_only,high,2026-09-18 03:00:55.203332+00,2026-09-18 03:03:16.168584+00
effdcf66-653f-4e68-99b3-419c3d0ef3a8,/srv/fim-watch/gen_00311.txt,file_modified,alert_only,high,2026-09-18 03:00:55.303066+00,2026-09-18 03:03:16.186329+00
685b4487-6723-46f6-9c8f-4568ad4771d3,/srv/fim-watch/gen_00134.txt,file_modified,alert_only,high,2026-09-18 03:00:55.403632+00,2026-09-18 03:03:16.204304+00
e02ed904-7635-46eb-be9d-f783180eb08b,/srv/fim-watch/gen_00134.txt,file_modified,alert_only,high,2026-09-18 03:00:55.503416+00,2026-09-18 03:03:16.221744+00
79e82671-81a8-4e27-928b-3f1fd32d95f1,/srv/fim-watch/gen_00381.txt,file_modified,alert_only,high,2026-09-18 03:00:55.603013+00,2026-09-18 03:03:16.239425+00
f04f3ad4-382f-4a91-b302-b0f5f38ffe3f,/srv/fim-watch/gen_00366.txt,file_modified,alert_only,high,2026-09-18 03:00:55.70368+00,2026-09-18 03:03:16.25774+00
1bfbc42e-09b4-44f0-80c8-86bcf9f619d5,/srv/fim-watch/gen_00252.txt,file_deleted,alert_only,high,2026-09-18 03:00:55.803178+00,2026-09-18 03:03:16.275225+00
b2fa218e-1cdf-459c-ad7b-6c18fafea459,/srv/fim-watch/critico/gen_00382.txt,file_modified,alert_only,critical,2026-09-18 03:00:55.903012+00,2026-09-18 03:03:16.291949+00
19b5d7d6-c72f-4cd8-99a2-3611d6ddb99a,/srv/fim-watch/critico/gen_00382.txt,file_deleted,alert_only,critical,2026-09-18 03:00:56.003277+00,2026-09-18 03:03:16.309457+00
9c9a8cb9-725d-4204-b5a5-0f0050d056a9,/srv/fim-watch/gen_00355.txt,file_modified,alert_only,high,2026-09-18 03:00:56.203527+00,2026-09-18 03:03:16.328921+00
92295290-b253-415b-998b-a44bbaec260a,/srv/fim-watch/gen_00071.txt,file_deleted,alert_only,high,2026-09-18 03:00:56.403468+00,2026-09-18 03:03:16.346945+00
8986fee6-48af-4d8a-b608-fb38d0ea0e60,/srv/fim-watch/gen_00178.txt,file_deleted,alert_only,high,2026-09-18 03:00:56.502745+00,2026-09-18 03:03:16.365898+00
cb98d909-c0cc-4a0a-b237-a6967322b77c,/srv/fim-watch/critico/gen_00351.txt,file_modified,alert_only,critical,2026-09-18 03:00:56.60269+00,2026-09-18 03:03:16.383773+00
570ceda6-74cd-45fe-8d5d-b284bee1e39f,/srv/fim-watch/gen_00161.txt,file_deleted,alert_only,high,2026-09-18 03:00:56.702996+00,2026-09-18 03:03:16.401633+00
075b92a2-7dc0-4779-9918-73d2ee3b2768,/srv/fim-watch/gen_00294.txt,file_deleted,alert_only,high,2026-09-18 03:00:56.803176+00,2026-09-18 03:03:16.420596+00
0d005478-d755-42d2-9d17-7453cd2a5bc3,/srv/fim-watch/gen_00230.txt,file_modified,alert_only,high,2026-09-18 03:00:56.903148+00,2026-09-18 03:03:16.44085+00
06598018-6f32-42d6-8648-462d4e9a59b2,/srv/fim-watch/gen_00385.txt,file_modified,alert_only,high,2026-09-18 03:00:57.003103+00,2026-09-18 03:03:16.459426+00
e30a25c4-7f75-405f-92f6-6a526be97066,/srv/fim-watch/gen_00365.txt,file_modified,alert_only,high,2026-09-18 03:00:57.203271+00,2026-09-18 03:03:16.477207+00
df7a7ac3-ef5b-48db-8a6e-7dc162a01c69,/srv/fim-watch/gen_00352.txt,file_modified,alert_only,high,2026-09-18 03:00:57.302705+00,2026-09-18 03:03:16.4946+00
b47a2ca7-9307-45fc-825e-6e1ed556f75b,/srv/fim-watch/gen_00193.txt,file_modified,alert_only,high,2026-09-18 03:00:57.402988+00,2026-09-18 03:03:16.512287+00
92465cd4-bf2d-4d3a-abbc-a08a3e81e728,/srv/fim-watch/gen_00193.txt,file_modified,alert_only,high,2026-09-18 03:00:57.502819+00,2026-09-18 03:03:16.529877+00
cab964a3-ff0d-4fcc-a65c-d2cb600c3d14,/srv/fim-watch/gen_00231.txt,file_modified,alert_only,high,2026-09-18 03:00:57.603216+00,2026-09-18 03:03:16.547478+00
d9557eeb-ab1c-494a-91da-f3e72099f649,/srv/fim-watch/gen_00231.txt,file_modified,alert_only,high,2026-09-18 03:00:57.703378+00,2026-09-18 03:03:16.565383+00
1f425a76-e04b-419d-a501-9da90c66864d,/srv/fim-watch/gen_00387.txt,file_modified,alert_only,high,2026-09-18 03:00:57.802774+00,2026-09-18 03:03:16.58305+00
c60a09d9-dcbe-45e5-bf80-6ab5f96f7a4d,/srv/fim-watch/gen_00282.txt,file_modified,alert_only,high,2026-09-18 03:00:57.90308+00,2026-09-18 03:03:16.601441+00
78a3bbf6-400d-4fa0-9e93-4bc55417f137,/srv/fim-watch/gen_00388.txt,file_modified,alert_only,high,2026-09-18 03:00:58.003262+00,2026-09-18 03:03:16.622394+00
50c9cd92-9052-4fa2-8451-a5b00d586ed6,/srv/fim-watch/gen_00192.txt,file_deleted,alert_only,high,2026-09-18 03:00:58.10345+00,2026-09-18 03:03:16.642625+00
b1dfa537-9b17-4319-9a1b-98961d85752a,/srv/fim-watch/critico/gen_00351.txt,file_modified,alert_only,critical,2026-09-18 03:00:58.203477+00,2026-09-18 03:03:16.662848+00
a16e8354-e5ee-4e7a-a9d9-42b764b729ae,/srv/fim-watch/critico/gen_00053.txt,file_modified,alert_only,critical,2026-09-18 03:00:58.303308+00,2026-09-18 03:03:16.681+00
7e2311b0-902c-4cb5-9e47-711c68015c15,/srv/fim-watch/gen_00389.txt,file_modified,alert_only,high,2026-09-18 03:00:58.40341+00,2026-09-18 03:03:16.69921+00
551d95dc-734c-4d1c-abcd-416a563b0b7d,/srv/fim-watch/gen_00264.txt,file_modified,alert_only,high,2026-09-18 03:00:58.50345+00,2026-09-18 03:03:16.717163+00
22ab0d66-cfb3-47d7-b8b7-2714d53dda59,/srv/fim-watch/critico/gen_00053.txt,file_modified,alert_only,critical,2026-09-18 03:00:58.603608+00,2026-09-18 03:03:16.745772+00
6070f84c-8459-4794-b938-16ceb01ea3b5,/srv/fim-watch/gen_00152.txt,file_modified,alert_only,high,2026-09-18 03:00:58.703338+00,2026-09-18 03:03:16.753665+00
f0effce7-1352-47e0-8e6d-551927ac3395,/srv/fim-watch/gen_00125.txt,file_modified,alert_only,high,2026-09-18 03:00:58.803004+00,2026-09-18 03:03:16.771064+00
0a5cd726-570d-471b-b5ce-94574273a68c,/srv/fim-watch/gen_00235.txt,file_modified,alert_only,high,2026-09-18 03:00:58.902682+00,2026-09-18 03:03:16.784925+00
814fd928-9b81-49fb-8ae9-9b2e3c4f4efe,/srv/fim-watch/gen_00235.txt,file_modified,alert_only,high,2026-09-18 03:00:59.002724+00,2026-09-18 03:03:16.798969+00
830053d9-feaa-413c-a2ae-2837d8dea51d,/srv/fim-watch/critico/gen_00304.txt,file_modified,alert_only,critical,2026-09-18 03:00:59.10376+00,2026-09-18 03:03:16.816146+00
d4b1054d-3e8a-47ab-912d-bb77df6edd9a,/srv/fim-watch/gen_00303.txt,file_modified,alert_only,high,2026-09-18 03:00:59.202897+00,2026-09-18 03:03:16.832848+00
dc34ce7f-0629-4596-bb76-cf7959ff4da9,/srv/fim-watch/gen_00165.txt,file_modified,alert_only,high,2026-09-18 03:00:59.303077+00,2026-09-18 03:03:16.847994+00
437f7362-2222-4565-b9e8-c36faf3f2138,/srv/fim-watch/gen_00365.txt,file_modified,alert_only,high,2026-09-18 03:00:59.402995+00,2026-09-18 03:03:16.861927+00
62bc004b-6de1-4ec0-a1be-f5a41832d5d4,/srv/fim-watch/gen_00105.txt,file_modified,alert_only,high,2026-09-18 03:00:59.503275+00,2026-09-18 03:03:16.877416+00
f81c7530-8779-46b3-8e54-a776b56f59ef,/srv/fim-watch/gen_00386.txt,file_modified,alert_only,high,2026-09-18 03:00:59.603364+00,2026-09-18 03:03:16.890702+00
1a28d029-73f6-454e-990f-0b5e5afa21c7,/srv/fim-watch/critico/gen_00390.txt,file_created,alert_only,critical,2026-09-18 03:00:59.702825+00,2026-09-18 03:03:16.90323+00
034c976d-98aa-4c2a-b9f0-8a395e538238,/srv/fim-watch/critico/gen_00390.txt,file_deleted,alert_only,critical,2026-09-18 03:00:59.803133+00,2026-09-18 03:03:16.916565+00
079a64c3-c8b9-428f-9c58-31a42db80d24,/srv/fim-watch/gen_00179.txt,file_modified,alert_only,high,2026-09-18 03:00:59.903587+00,2026-09-18 03:03:16.931743+00
b48d053b-8cd0-4bf3-9f97-dfa7a07aa01f,/srv/fim-watch/gen_00179.txt,file_modified,alert_only,high,2026-09-18 03:01:00.003259+00,2026-09-18 03:03:16.946733+00
fac5db3b-247e-40e3-9bd8-b31888641def,/srv/fim-watch/gen_00179.txt,file_modified,alert_only,high,2026-09-18 03:01:00.103268+00,2026-09-18 03:03:16.961648+00
23b54152-e617-4a4b-8af3-60ec8e3cd38c,/srv/fim-watch/gen_00179.txt,file_modified,alert_only,high,2026-09-18 03:01:00.202243+00,2026-09-18 03:03:16.975542+00
45204dec-316d-4f8f-9284-51581caf1851,/srv/fim-watch/gen_00179.txt,file_modified,alert_only,high,2026-09-18 03:01:00.303507+00,2026-09-18 03:03:16.99086+00
3e487a53-993a-45c2-a49c-d550d6eccc2d,/srv/fim-watch/gen_00230.txt,file_modified,alert_only,high,2026-09-18 03:01:00.402428+00,2026-09-18 03:03:17.004726+00
a63acb7c-bdec-4894-860b-36cf20d22122,/srv/fim-watch/gen_00098.txt,file_modified,alert_only,high,2026-09-18 03:01:00.503155+00,2026-09-18 03:03:17.019348+00
dc1608e0-1b6a-4f4c-bd0d-25da8e672525,/srv/fim-watch/gen_00166.txt,file_modified,alert_only,high,2026-09-18 03:01:00.603275+00,2026-09-18 03:03:17.036144+00
d9e57644-d11e-44f3-9e40-0dc4d5e67e98,/srv/fim-watch/gen_00166.txt,file_modified,alert_only,high,2026-09-18 03:01:00.702201+00,2026-09-18 03:03:17.054333+00
016b9dc3-5187-4ee9-b07b-0fba546f25f7,/srv/fim-watch/critico/gen_00189.txt,file_modified,alert_only,critical,2026-09-18 03:01:00.80342+00,2026-09-18 03:03:17.072163+00
16a83ae1-c1a2-4fd4-aadb-79307538199d,/srv/fim-watch/gen_00264.txt,file_deleted,alert_only,high,2026-09-18 03:01:00.902834+00,2026-09-18 03:03:17.089158+00
2f963645-e915-4855-884f-ddb50a7e1318,/srv/fim-watch/critico/gen_00392.txt,file_modified,alert_only,critical,2026-09-18 03:01:01.103391+00,2026-09-18 03:03:17.104313+00
0db35406-4d6a-491e-a6c7-a6d696590219,/srv/fim-watch/gen_00260.txt,file_deleted,alert_only,high,2026-09-18 03:01:01.203317+00,2026-09-18 03:03:17.120408+00
e6de2e86-e780-4dcc-a26e-9082ce73f609,/srv/fim-watch/gen_00293.txt,file_modified,alert_only,high,2026-09-18 03:01:01.303467+00,2026-09-18 03:03:17.137738+00
5b35f8d8-3ce3-41c5-80bd-214ebd2cb4ac,/srv/fim-watch/gen_00250.txt,file_modified,alert_only,high,2026-09-18 03:01:01.403346+00,2026-09-18 03:03:17.156287+00
0cc6c567-c0c3-4658-9443-2e20deef3142,/srv/fim-watch/gen_00166.txt,file_modified,alert_only,high,2026-09-18 03:01:01.502661+00,2026-09-18 03:03:17.175436+00
57e315f1-4f56-4ed6-814d-ce8a0b1d4b50,/srv/fim-watch/gen_00179.txt,file_modified,alert_only,high,2026-09-18 03:01:01.60321+00,2026-09-18 03:03:17.191054+00
068fd8e4-71d9-4ef2-85e2-5e1d7ae6c2e3,/srv/fim-watch/gen_00348.txt,file_deleted,alert_only,high,2026-09-18 03:01:01.702495+00,2026-09-18 03:03:17.204969+00
db1a217f-e809-43b9-ad16-194893a3b8ab,/srv/fim-watch/gen_00232.txt,file_modified,alert_only,high,2026-09-18 03:01:01.802818+00,2026-09-18 03:03:17.220154+00
273e1451-2a72-421a-b012-f24dc15ad149,/srv/fim-watch/gen_00393.txt,file_modified,alert_only,high,2026-09-18 03:01:01.902907+00,2026-09-18 03:03:17.234984+00
c3eaac4e-f3db-4015-936c-7b4cb787542b,/srv/fim-watch/gen_00320.txt,file_modified,alert_only,high,2026-09-18 03:01:02.003049+00,2026-09-18 03:03:17.249072+00
caf768ab-0f76-4ae4-8f10-91e943c2b0a1,/srv/fim-watch/critico/gen_00354.txt,file_modified,alert_only,critical,2026-09-18 03:01:02.103094+00,2026-09-18 03:03:17.266307+00
2aebe3c4-8a0d-4356-a7cc-5c3db80ff7d3,/srv/fim-watch/gen_00256.txt,file_modified,alert_only,high,2026-09-18 03:01:02.203241+00,2026-09-18 03:03:17.281819+00
ff4686d8-0f75-4b50-a360-194f09574ef3,/srv/fim-watch/gen_00394.txt,file_modified,alert_only,high,2026-09-18 03:01:02.302822+00,2026-09-18 03:03:17.295193+00
701d4c53-848f-46c7-9094-4097d039c9e6,/srv/fim-watch/critico/gen_00379.txt,file_modified,alert_only,critical,2026-09-18 03:01:02.403388+00,2026-09-18 03:03:17.309265+00
5f625442-1bd6-40df-bf4e-cd1fa3a97606,/srv/fim-watch/critico/gen_00379.txt,file_modified,alert_only,critical,2026-09-18 03:01:02.503433+00,2026-09-18 03:03:17.324558+00
ff7c1f98-0aeb-426e-9dbf-db9a3f0d5256,/srv/fim-watch/critico/gen_00379.txt,file_modified,alert_only,critical,2026-09-18 03:01:02.603586+00,2026-09-18 03:03:17.341457+00
795cdbe7-9644-4b04-9a43-fa5e8c82010c,/srv/fim-watch/critico/gen_00379.txt,file_modified,alert_only,critical,2026-09-18 03:01:02.703841+00,2026-09-18 03:03:17.35607+00
8810fc06-6829-41e1-a0e8-39387230b15a,/srv/fim-watch/critico/gen_00379.txt,file_modified,alert_only,critical,2026-09-18 03:01:02.803249+00,2026-09-18 03:03:17.37078+00
6f07f167-110d-417e-8e1e-97bdec44fd1b,/srv/fim-watch/gen_00364.txt,file_modified,alert_only,high,2026-09-18 03:01:02.903497+00,2026-09-18 03:03:17.385097+00
31984bb4-9dba-4805-a2d7-137c5ff59d50,/srv/fim-watch/gen_00395.txt,file_modified,alert_only,high,2026-09-18 03:01:03.003002+00,2026-09-18 03:03:17.401248+00
a989f2af-f6fd-4c6b-a2d8-25259e169194,/srv/fim-watch/gen_00096.txt,file_modified,alert_only,high,2026-09-18 03:01:03.103587+00,2026-09-18 03:03:17.418241+00
88c4d2d5-dbe3-445f-bddc-e488cc4402c7,/srv/fim-watch/gen_00396.txt,file_modified,alert_only,high,2026-09-18 03:01:03.202899+00,2026-09-18 03:03:17.436699+00
21c5665b-ae28-475d-bb6d-17501348db75,/srv/fim-watch/critico/gen_00189.txt,file_modified,alert_only,critical,2026-09-18 03:01:03.302972+00,2026-09-18 03:03:17.454894+00
e537cd94-cdab-418b-957a-990e86b738bd,/srv/fim-watch/gen_00266.txt,file_modified,alert_only,high,2026-09-18 03:01:03.403453+00,2026-09-18 03:03:17.474306+00
1c992429-5b7e-4989-af0a-65ca0de3d29f,/srv/fim-watch/gen_00171.txt,file_modified,alert_only,high,2026-09-18 03:01:03.503614+00,2026-09-18 03:03:17.492722+00
ca4bd2db-52d9-4d13-851d-7a35f05aeb53,/srv/fim-watch/gen_00313.txt,file_modified,alert_only,high,2026-09-18 03:01:03.603664+00,2026-09-18 03:03:17.511067+00
e931f569-de45-4e62-9792-f17c65e530b6,/srv/fim-watch/gen_00316.txt,file_modified,alert_only,high,2026-09-18 03:01:03.703164+00,2026-09-18 03:03:17.539906+00
57fd1976-3bdb-4445-b17a-57e0160fbec7,/srv/fim-watch/gen_00316.txt,file_modified,alert_only,high,2026-09-18 03:01:03.803349+00,2026-09-18 03:03:17.545968+00
6faddfd9-5fbe-4cce-98ac-106f77f56e8c,/srv/fim-watch/gen_00149.txt,file_modified,alert_only,high,2026-09-18 03:01:03.903486+00,2026-09-18 03:03:17.563453+00
9f5ea3b8-bf30-43dd-a425-9f47dcaaa875,/srv/fim-watch/gen_00397.txt,file_modified,alert_only,high,2026-09-18 03:01:04.002357+00,2026-09-18 03:03:17.581276+00
ab695330-d13e-4a0a-9883-969d18d42ee6,/srv/fim-watch/critico/gen_00398.txt,file_modified,alert_only,critical,2026-09-18 03:01:04.102893+00,2026-09-18 03:03:17.598976+00
61f75aeb-0ec5-40f5-a9b5-e3f41d1ddd1e,/srv/fim-watch/critico/gen_00342.txt,file_modified,alert_only,critical,2026-09-18 03:01:04.203397+00,2026-09-18 03:03:17.61732+00
41460b9a-c468-4a13-b752-1296eaee72ec,/srv/fim-watch/gen_00062.txt,file_modified,alert_only,high,2026-09-18 03:01:04.303428+00,2026-09-18 03:03:17.635241+00
20986bb4-a369-4f7e-9670-19c2e20141a5,/srv/fim-watch/critico/gen_00399.txt,file_modified,alert_only,critical,2026-09-18 03:01:04.403123+00,2026-09-18 03:03:17.653394+00
5c5a0b9e-3df5-446f-82f7-0746aebae6f3,/srv/fim-watch/critico/gen_00399.txt,file_deleted,alert_only,critical,2026-09-18 03:01:04.503421+00,2026-09-18 03:03:17.673902+00
9b55fcd4-5ae0-460e-bb71-d4e037681b9d,/srv/fim-watch/gen_00115.txt,file_modified,alert_only,high,2026-09-18 03:01:04.60334+00,2026-09-18 03:03:17.693053+00
03d425a0-3f15-4617-a096-9cdf9a7e2809,/srv/fim-watch/gen_00171.txt,file_deleted,alert_only,high,2026-09-18 03:01:04.703279+00,2026-09-18 03:03:17.71249+00
2a103b78-5e5c-4932-b22d-f7f9378060d2,/srv/fim-watch/gen_00136.txt,file_modified,alert_only,high,2026-09-18 03:01:04.803445+00,2026-09-18 03:03:17.730346+00
8d141393-e0f1-4851-92a5-3a4e02d338c2,/srv/fim-watch/gen_00365.txt,file_modified,alert_only,high,2026-09-18 03:01:04.903428+00,2026-09-18 03:03:17.747758+00
32058ede-ba9c-4701-ac0b-4d637d4eee43,/srv/fim-watch/gen_00241.txt,file_modified,alert_only,high,2026-09-18 03:01:05.003457+00,2026-09-18 03:03:17.766862+00
f1b47925-d174-4461-85a7-e6413922f0ce,/srv/fim-watch/gen_00401.txt,file_modified,alert_only,high,2026-09-18 03:01:05.203253+00,2026-09-18 03:03:17.779665+00
bd590365-97d7-4b05-a926-7b83a76abe2b,/srv/fim-watch/gen_00402.txt,file_modified,alert_only,high,2026-09-18 03:01:05.303294+00,2026-09-18 03:03:17.794799+00
ba5b8b9d-beea-4d1b-8b70-f32e86140f80,/srv/fim-watch/gen_00403.txt,file_modified,alert_only,high,2026-09-18 03:01:05.403227+00,2026-09-18 03:03:17.807014+00
2806e4ad-3f0a-4bb9-b336-32eaa65e6356,/srv/fim-watch/critico/gen_00361.txt,file_modified,alert_only,critical,2026-09-18 03:01:05.503647+00,2026-09-18 03:03:17.819785+00
4553263f-064a-402b-b38e-2551bfefd2d2,/srv/fim-watch/gen_00388.txt,file_modified,alert_only,high,2026-09-18 03:01:05.603181+00,2026-09-18 03:03:17.83215+00
78097825-e9fd-4be1-8abf-d283ba5db062,/srv/fim-watch/critico/gen_00184.txt,file_modified,alert_only,critical,2026-09-18 03:01:05.705625+00,2026-09-18 03:03:17.844428+00
4e373ccc-5262-4194-a139-ce4f1483ed32,/srv/fim-watch/gen_00404.txt,file_created,alert_only,high,2026-09-18 03:01:05.803611+00,2026-09-18 03:03:17.856539+00
e3782dc8-b3c7-4902-84f7-c38799cfac3b,/srv/fim-watch/critico/gen_00333.txt,file_deleted,alert_only,critical,2026-09-18 03:01:06.002903+00,2026-09-18 03:03:17.872574+00
e0db86ae-103a-4c7e-9bb5-fe16c3c5aa49,/srv/fim-watch/gen_00226.txt,file_modified,alert_only,high,2026-09-18 03:01:06.103149+00,2026-09-18 03:03:17.888236+00
5550cb53-cddb-4e1c-9eab-c4362c41b10d,/srv/fim-watch/gen_00174.txt,file_modified,alert_only,high,2026-09-18 03:01:06.20328+00,2026-09-18 03:03:17.904068+00
2450430c-47df-4c5c-b1ea-f90d002e81cc,/srv/fim-watch/critico/gen_00332.txt,file_modified,alert_only,critical,2026-09-18 03:01:06.302576+00,2026-09-18 03:03:17.919773+00
703a4c1a-eb46-4996-bcf7-212b29298a84,/srv/fim-watch/gen_00177.txt,file_deleted,alert_only,high,2026-09-18 03:01:06.403026+00,2026-09-18 03:03:17.935409+00
8c2d136d-9537-4878-adae-af43aeb1c2c7,/srv/fim-watch/critico/gen_00345.txt,file_modified,alert_only,critical,2026-09-18 03:01:06.502968+00,2026-09-18 03:03:17.952503+00
29e31d71-38b8-4744-8bf4-1678fba48e02,/srv/fim-watch/critico/gen_00345.txt,file_modified,alert_only,critical,2026-09-18 03:01:06.602791+00,2026-09-18 03:03:17.972858+00
13d5383e-0429-416f-930f-bf63edaf5105,/srv/fim-watch/critico/gen_00353.txt,file_modified,alert_only,critical,2026-09-18 03:01:06.703187+00,2026-09-18 03:03:17.991465+00
1b5310dd-b567-4c93-a299-65733f73403a,/srv/fim-watch/critico/gen_00242.txt,file_modified,alert_only,critical,2026-09-18 03:01:06.802977+00,2026-09-18 03:03:18.008959+00
f924f2cf-c275-43c7-bf7e-492ac797e255,/srv/fim-watch/gen_00259.txt,file_modified,alert_only,high,2026-09-18 03:01:06.903434+00,2026-09-18 03:03:18.025517+00
1095a1cd-32f0-4647-9668-d269653b69e1,/srv/fim-watch/gen_00314.txt,file_modified,alert_only,high,2026-09-18 03:01:07.003038+00,2026-09-18 03:03:18.041237+00
32389343-8cad-4796-bc25-b74b7bb1f465,/srv/fim-watch/gen_00275.txt,file_modified,alert_only,high,2026-09-18 03:01:07.103595+00,2026-09-18 03:03:18.056881+00
97036b9a-1af2-42f9-bce0-f4febc4457b7,/srv/fim-watch/gen_00115.txt,file_modified,alert_only,high,2026-09-18 03:01:07.203435+00,2026-09-18 03:03:18.073291+00
d1b645b6-d273-4f66-bb16-2e5cfc180850,/srv/fim-watch/gen_00175.txt,file_modified,alert_only,high,2026-09-18 03:01:07.303619+00,2026-09-18 03:03:18.091687+00
f38518e4-5c84-4fdd-9d22-9d3123dd4f59,/srv/fim-watch/critico/gen_00156.txt,file_modified,alert_only,critical,2026-09-18 03:01:07.403488+00,2026-09-18 03:03:18.109499+00
dbdef85b-a149-4843-9221-c9241272cb48,/srv/fim-watch/gen_00406.txt,file_modified,alert_only,high,2026-09-18 03:01:07.503394+00,2026-09-18 03:03:18.126501+00
96bdbfa4-c221-4486-9ec2-d4df8c270cf4,/srv/fim-watch/gen_00136.txt,file_modified,alert_only,high,2026-09-18 03:01:07.603461+00,2026-09-18 03:03:18.143752+00
c6bfe855-65a5-4ffa-bec5-90176207dc37,/srv/fim-watch/gen_00407.txt,file_modified,alert_only,high,2026-09-18 03:01:07.702439+00,2026-09-18 03:03:18.16061+00
b38a3309-c952-4003-bfdc-934abfec97c2,/srv/fim-watch/gen_00199.txt,file_modified,alert_only,high,2026-09-18 03:01:07.803569+00,2026-09-18 03:03:18.177441+00
293bc676-7890-4986-a6b8-bfc4d9fd2102,/srv/fim-watch/critico/gen_00312.txt,file_modified,alert_only,critical,2026-09-18 03:01:07.903383+00,2026-09-18 03:03:18.194288+00
815b7867-7589-4702-a53f-11e3c559bc0f,/srv/fim-watch/gen_00316.txt,file_modified,alert_only,high,2026-09-18 03:01:08.003593+00,2026-09-18 03:03:18.21098+00
1102e56b-3e94-4489-880d-50f8b95b00a6,/srv/fim-watch/critico/gen_00354.txt,file_modified,alert_only,critical,2026-09-18 03:01:08.103484+00,2026-09-18 03:03:18.227758+00
6168a77d-ad90-45da-af55-774c9bbc66f7,/srv/fim-watch/critico/gen_00408.txt,file_modified,alert_only,critical,2026-09-18 03:01:08.203046+00,2026-09-18 03:03:18.244474+00
e56431fd-4535-43c3-a79c-9f798aacec1f,/srv/fim-watch/critico/gen_00310.txt,file_modified,alert_only,critical,2026-09-18 03:01:08.303282+00,2026-09-18 03:03:18.261339+00
f308a253-d63d-49a6-9621-69659eb052a5,/srv/fim-watch/gen_00271.txt,file_deleted,alert_only,high,2026-09-18 03:01:08.402924+00,2026-09-18 03:03:18.278458+00
3eeaa323-f0fa-48d2-a557-9822d666b3a8,/srv/fim-watch/gen_00193.txt,file_modified,alert_only,high,2026-09-18 03:01:08.503458+00,2026-09-18 03:03:18.293994+00
4e418bd3-c549-450e-b037-8a8b18a92557,/srv/fim-watch/gen_00036.txt,file_modified,alert_only,high,2026-09-18 03:01:08.603502+00,2026-09-18 03:03:18.311085+00
806ec846-6422-4422-9666-7bc7a7ecf411,/srv/fim-watch/critico/gen_00251.txt,file_modified,alert_only,critical,2026-09-18 03:01:08.703024+00,2026-09-18 03:03:18.330721+00
db88cf34-d5ff-44c2-bbce-c2a07a267fb5,/srv/fim-watch/gen_00238.txt,file_modified,alert_only,high,2026-09-18 03:01:08.802978+00,2026-09-18 03:03:18.34969+00
b3abfe33-0943-482d-939e-21b0f26c8c98,/srv/fim-watch/gen_00257.txt,file_deleted,alert_only,high,2026-09-18 03:01:08.903255+00,2026-09-18 03:03:18.380312+00
27f647d8-d9d9-4bef-9547-b299f1cbea9e,/srv/fim-watch/gen_00400.txt,file_modified,alert_only,high,2026-09-18 03:01:09.002396+00,2026-09-18 03:03:18.387617+00
a4da84e5-feb1-4063-9c76-1d0a3fb132ae,/srv/fim-watch/gen_00400.txt,file_modified,alert_only,high,2026-09-18 03:01:09.102379+00,2026-09-18 03:03:18.404465+00
a496d689-2a28-4f4d-82dc-af54b66bc714,/srv/fim-watch/gen_00400.txt,file_modified,alert_only,high,2026-09-18 03:01:09.203289+00,2026-09-18 03:03:18.420546+00
7de23df3-9efe-43e1-80c5-68344ae9e557,/srv/fim-watch/gen_00400.txt,file_modified,alert_only,high,2026-09-18 03:01:09.303329+00,2026-09-18 03:03:18.438768+00
b1677caf-28ae-4fe1-b104-74ff544aafd9,/srv/fim-watch/gen_00400.txt,file_modified,alert_only,high,2026-09-18 03:01:09.403645+00,2026-09-18 03:03:18.453473+00
e1dcb8a8-8911-44f1-a6d3-7e664f8421ca,/srv/fim-watch/critico/gen_00409.txt,file_modified,alert_only,critical,2026-09-18 03:01:09.503272+00,2026-09-18 03:03:18.468506+00
0d934f99-e4db-43ed-b658-c4096f6d348d,/srv/fim-watch/gen_00142.txt,file_modified,alert_only,high,2026-09-18 03:01:09.603213+00,2026-09-18 03:03:18.482647+00
9fc55d1d-d640-44cf-9ccf-bce12bb2b3b7,/srv/fim-watch/gen_00142.txt,file_modified,alert_only,high,2026-09-18 03:01:09.703455+00,2026-09-18 03:03:18.497419+00
20e107e1-ac9f-45db-a21c-4bea04a5d092,/srv/fim-watch/gen_00410.txt,file_modified,alert_only,high,2026-09-18 03:01:09.803246+00,2026-09-18 03:03:18.513917+00
31156fbd-f85d-4def-8b9a-9efe269d79d0,/srv/fim-watch/gen_00269.txt,file_modified,alert_only,high,2026-09-18 03:01:09.903225+00,2026-09-18 03:03:18.530453+00
982bfbbb-91b6-472b-93c3-6bbe6be29e79,/srv/fim-watch/gen_00269.txt,file_modified,alert_only,high,2026-09-18 03:01:10.003246+00,2026-09-18 03:03:18.547289+00
b90e80be-42d2-4cb2-a285-6982363c65d6,/srv/fim-watch/gen_00269.txt,file_modified,alert_only,high,2026-09-18 03:01:10.10292+00,2026-09-18 03:03:18.564398+00
8ee9ef3a-0e3c-4cda-8f9b-965f1ae6492c,/srv/fim-watch/gen_00269.txt,file_modified,alert_only,high,2026-09-18 03:01:10.203355+00,2026-09-18 03:03:18.581932+00
7a88c5ae-8363-42c3-93a6-9caaf78978fd,/srv/fim-watch/gen_00269.txt,file_modified,alert_only,high,2026-09-18 03:01:10.303739+00,2026-09-18 03:03:18.601442+00
f47b9f57-727f-4839-bbf0-b1089aef3917,/srv/fim-watch/gen_00411.txt,file_modified,alert_only,high,2026-09-18 03:01:10.403293+00,2026-09-18 03:03:18.619008+00
31fb7ac2-fb0d-4fab-8a8d-c6a465ee0023,/srv/fim-watch/gen_00412.txt,file_modified,alert_only,high,2026-09-18 03:01:10.503475+00,2026-09-18 03:03:18.636302+00
cbed953d-433c-4a41-9d8c-27899c937830,/srv/fim-watch/gen_00340.txt,file_deleted,alert_only,high,2026-09-18 03:01:10.603662+00,2026-09-18 03:03:18.651173+00
603bd54f-ff7d-48c5-bbd9-ec427aa68740,/srv/fim-watch/gen_00231.txt,file_modified,alert_only,high,2026-09-18 03:01:10.703594+00,2026-09-18 03:03:18.664639+00
5405e4a6-02da-49ef-acf2-8d30fe6dd21b,/srv/fim-watch/critico/gen_00413.txt,file_modified,alert_only,critical,2026-09-18 03:01:10.803297+00,2026-09-18 03:03:18.678653+00
cf262f61-f2de-4cf0-a062-6f7e184bd6d6,/srv/fim-watch/critico/gen_00347.txt,file_modified,alert_only,critical,2026-09-18 03:01:10.903512+00,2026-09-18 03:03:18.693882+00
1a80622d-341b-4c07-b545-801328d0a31d,/srv/fim-watch/gen_00203.txt,file_modified,alert_only,high,2026-09-18 03:01:11.003718+00,2026-09-18 03:03:18.710461+00
591def01-a6cb-4a58-b798-a575d38f7aaf,/srv/fim-watch/gen_00203.txt,file_modified,alert_only,high,2026-09-18 03:01:11.103514+00,2026-09-18 03:03:18.727347+00
6d68167e-5aa5-4624-9ac3-082d491664c3,/srv/fim-watch/gen_00235.txt,file_modified,alert_only,high,2026-09-18 03:01:11.302653+00,2026-09-18 03:03:18.744018+00
cfa4d417-98d3-4ff6-9bac-71d25b7bfe68,/srv/fim-watch/gen_00268.txt,file_modified,alert_only,high,2026-09-18 03:01:11.40355+00,2026-09-18 03:03:18.76069+00
910720c6-f73f-4202-b48a-3393d5a18c4f,/srv/fim-watch/critico/gen_00272.txt,file_modified,alert_only,critical,2026-09-18 03:01:11.603424+00,2026-09-18 03:03:18.777327+00
fbefc979-18b8-46f4-af90-ce0e1fff8e3a,/srv/fim-watch/critico/gen_00409.txt,file_modified,alert_only,critical,2026-09-18 03:01:11.803041+00,2026-09-18 03:03:18.794313+00
0a363814-dc87-4b86-8d49-ebd7dcac0052,/srv/fim-watch/gen_00417.txt,file_modified,alert_only,high,2026-09-18 03:01:11.902356+00,2026-09-18 03:03:18.810009+00
57d30660-5d28-4784-9d64-c91a8452008a,/srv/fim-watch/gen_00418.txt,file_created,alert_only,high,2026-09-18 03:01:12.002074+00,2026-09-18 03:03:18.825788+00
9727af8b-77f0-4430-a089-7e7f5f633736,/srv/fim-watch/gen_00265.txt,file_modified,alert_only,high,2026-09-18 03:01:12.102561+00,2026-09-18 03:03:18.841364+00
f09a5bdd-c551-46d0-8cb5-508f94f1f719,/srv/fim-watch/gen_00265.txt,file_modified,alert_only,high,2026-09-18 03:01:12.205211+00,2026-09-18 03:03:18.856077+00
7b50bc01-67e0-405b-b4f5-1708fa383203,/srv/fim-watch/gen_00265.txt,file_modified,alert_only,high,2026-09-18 03:01:12.302501+00,2026-09-18 03:03:18.871055+00
924dfc9c-a0ba-4c79-8ee1-db8a5e8939c2,/srv/fim-watch/gen_00265.txt,file_modified,alert_only,high,2026-09-18 03:01:12.402601+00,2026-09-18 03:03:18.887454+00
d48e9b90-7361-4c8b-afeb-2fde8da2cbd9,/srv/fim-watch/gen_00265.txt,file_modified,alert_only,high,2026-09-18 03:01:12.503598+00,2026-09-18 03:03:18.90532+00
4501a98e-2589-469c-aef3-d213134b6648,/srv/fim-watch/gen_00419.txt,file_modified,alert_only,high,2026-09-18 03:01:12.602564+00,2026-09-18 03:03:18.924045+00
ec87f7d8-eed3-4eb3-9124-2857e93cfaec,/srv/fim-watch/gen_00349.txt,file_modified,alert_only,high,2026-09-18 03:01:12.702331+00,2026-09-18 03:03:18.941929+00
df98a35d-2880-47ae-99d3-82f994ff69ab,/srv/fim-watch/gen_00349.txt,file_modified,alert_only,high,2026-09-18 03:01:12.802901+00,2026-09-18 03:03:18.958958+00
54ba0649-ef60-431b-bf70-e29efffe44f5,/srv/fim-watch/gen_00295.txt,file_deleted,alert_only,high,2026-09-18 03:01:12.903364+00,2026-09-18 03:03:18.973698+00
9657e0a0-be1f-4677-968e-54c2dd4299a2,/srv/fim-watch/gen_00352.txt,file_modified,alert_only,high,2026-09-18 03:01:13.004051+00,2026-09-18 03:03:18.988368+00
4275e6c9-11d7-4eb7-9007-b758245aa772,/srv/fim-watch/critico/gen_00173.txt,file_modified,alert_only,critical,2026-09-18 03:01:13.103667+00,2026-09-18 03:03:19.004488+00
b1f22b1f-f389-4daf-88f0-dd1ec12e0a3a,/srv/fim-watch/critico/gen_00173.txt,file_modified,alert_only,critical,2026-09-18 03:01:13.203485+00,2026-09-18 03:03:19.019839+00
1e4051e8-8311-4852-aa73-399e1a683346,/srv/fim-watch/gen_00420.txt,file_modified,alert_only,high,2026-09-18 03:01:13.303776+00,2026-09-18 03:03:19.035052+00
77d6008d-7dc6-4583-9dbe-6282e7396200,/srv/fim-watch/gen_00420.txt,file_deleted,alert_only,high,2026-09-18 03:01:13.403363+00,2026-09-18 03:03:19.050572+00
0b646f23-ffe8-412c-b515-cae5faf1fa0f,/srv/fim-watch/gen_00365.txt,file_modified,alert_only,high,2026-09-18 03:01:13.503973+00,2026-09-18 03:03:19.067215+00
b469d883-5cbc-46f7-96a6-b7866df38ce6,/srv/fim-watch/gen_00422.txt,file_modified,alert_only,high,2026-09-18 03:01:13.703163+00,2026-09-18 03:03:19.084024+00
14dd5397-8848-4d72-8aeb-eb9ec2bca654,/srv/fim-watch/gen_00136.txt,file_modified,alert_only,high,2026-09-18 03:01:13.80328+00,2026-09-18 03:03:19.101501+00
32df58a8-f695-4a33-bceb-c27fece140a3,/srv/fim-watch/gen_00423.txt,file_modified,alert_only,high,2026-09-18 03:01:13.903919+00,2026-09-18 03:03:19.117605+00
21b770a8-48d1-4939-983c-1e6f8368482f,/srv/fim-watch/gen_00402.txt,file_modified,alert_only,high,2026-09-18 03:01:14.004085+00,2026-09-18 03:03:19.133241+00
79d120e2-2d7e-412c-a250-0939fabfb26c,/srv/fim-watch/gen_00402.txt,file_modified,alert_only,high,2026-09-18 03:01:14.102524+00,2026-09-18 03:03:19.149185+00
05b8a253-f05c-4a85-9c85-0c35eba15301,/srv/fim-watch/gen_00402.txt,file_modified,alert_only,high,2026-09-18 03:01:14.20324+00,2026-09-18 03:03:19.164942+00
313fb317-e172-400e-9336-50e81307cd2a,/srv/fim-watch/gen_00402.txt,file_modified,alert_only,high,2026-09-18 03:01:14.303206+00,2026-09-18 03:03:19.19049+00
8a49bce2-fae0-4c8a-8f57-c9471419d101,/srv/fim-watch/gen_00402.txt,file_modified,alert_only,high,2026-09-18 03:01:14.403455+00,2026-09-18 03:03:19.197579+00
fd2fa169-dcd3-4988-ad48-094cafd7ecff,/srv/fim-watch/gen_00424.txt,file_modified,alert_only,high,2026-09-18 03:01:14.503256+00,2026-09-18 03:03:19.212997+00
dc780257-79da-4061-80c0-51c28c0b2024,/srv/fim-watch/critico/gen_00312.txt,file_modified,alert_only,critical,2026-09-18 03:01:14.603509+00,2026-09-18 03:03:19.228494+00
5703b10e-c1e7-4688-9a18-75d1d6f1de35,/srv/fim-watch/gen_00020.txt,file_modified,alert_only,high,2026-09-18 03:01:14.703475+00,2026-09-18 03:03:19.244041+00
c83386b4-63d9-4c2f-a96c-8890fc1d17b6,/srv/fim-watch/gen_00125.txt,file_modified,alert_only,high,2026-09-18 03:01:14.802785+00,2026-09-18 03:03:19.25967+00
52c2dc82-3968-4ab2-a6ef-ba0220c5c8d8,/srv/fim-watch/gen_00352.txt,file_modified,alert_only,high,2026-09-18 03:01:14.903551+00,2026-09-18 03:03:19.27514+00
cc01f2ce-e3e3-4937-b145-01aabd760c29,/srv/fim-watch/gen_00352.txt,file_modified,alert_only,high,2026-09-18 03:01:15.003623+00,2026-09-18 03:03:19.291458+00
83cfd5aa-d975-408a-ba1f-f5d6939e094b,/srv/fim-watch/gen_00187.txt,file_deleted,alert_only,high,2026-09-18 03:01:15.103106+00,2026-09-18 03:03:19.308447+00
645f47c4-b7c9-4e51-8ec0-487308d67539,/srv/fim-watch/critico/gen_00173.txt,file_deleted,alert_only,critical,2026-09-18 03:01:15.203235+00,2026-09-18 03:03:19.325594+00
768c35f9-42da-4c38-a193-5ab9d12f8bc1,/srv/fim-watch/gen_00129.txt,file_deleted,alert_only,high,2026-09-18 03:01:15.302987+00,2026-09-18 03:03:19.342078+00
d8636482-17bf-40af-abe3-4b536d964b22,/srv/fim-watch/gen_00241.txt,file_modified,alert_only,high,2026-09-18 03:01:15.403346+00,2026-09-18 03:03:19.356879+00
746bf268-3f09-41e0-a773-65f081359694,/srv/fim-watch/gen_00425.txt,file_modified,alert_only,high,2026-09-18 03:01:15.503296+00,2026-09-18 03:03:19.372059+00
d20a8c1d-f9b8-4036-8e85-d0d8e6014171,/srv/fim-watch/gen_00426.txt,file_modified,alert_only,high,2026-09-18 03:01:15.603476+00,2026-09-18 03:03:19.386711+00
8fc631a7-1895-4083-ab7b-535539e3e31b,/srv/fim-watch/gen_00427.txt,file_modified,alert_only,high,2026-09-18 03:01:15.70322+00,2026-09-18 03:03:19.401216+00
0a1c2943-81d8-40bf-b950-dfde50d65758,/srv/fim-watch/gen_00356.txt,file_modified,alert_only,high,2026-09-18 03:01:15.803035+00,2026-09-18 03:03:19.415911+00
e2b20a45-ea90-4670-8674-2afb7bebf21e,/srv/fim-watch/gen_00188.txt,file_modified,alert_only,high,2026-09-18 03:01:15.903679+00,2026-09-18 03:03:19.431456+00
0e0cb184-f66c-4274-9d5b-1ade03ad9b89,/srv/fim-watch/gen_00188.txt,file_modified,alert_only,high,2026-09-18 03:01:16.003627+00,2026-09-18 03:03:19.44631+00
8144687e-1f81-4f4c-baf4-824b3949a36f,/srv/fim-watch/gen_00188.txt,file_modified,alert_only,high,2026-09-18 03:01:16.1035+00,2026-09-18 03:03:19.460972+00
231707b2-7280-4922-99c2-688f49cd3a18,/srv/fim-watch/gen_00188.txt,file_modified,alert_only,high,2026-09-18 03:01:16.203494+00,2026-09-18 03:03:19.475775+00
649f8b5d-f474-465f-a67f-eae74f7f6c1a,/srv/fim-watch/gen_00188.txt,file_modified,alert_only,high,2026-09-18 03:01:16.303465+00,2026-09-18 03:03:19.49036+00
b082ead4-71a0-4448-82d4-4b61cc30d158,/srv/fim-watch/critico/gen_00332.txt,file_modified,alert_only,critical,2026-09-18 03:01:16.403372+00,2026-09-18 03:03:19.505584+00
93b05315-a09e-499a-aa23-a2b221241041,/srv/fim-watch/gen_00331.txt,file_modified,alert_only,high,2026-09-18 03:01:16.503267+00,2026-09-18 03:03:19.520202+00
d927a4d2-0137-401c-915e-4780dd53dad6,/srv/fim-watch/gen_00331.txt,file_modified,alert_only,high,2026-09-18 03:01:16.603435+00,2026-09-18 03:03:19.534976+00
ab651094-15db-40bd-a475-0966a25ef2c1,/srv/fim-watch/critico/gen_00428.txt,file_modified,alert_only,critical,2026-09-18 03:01:16.703732+00,2026-09-18 03:03:19.54955+00
ca710889-6954-48d6-994c-241ef261f3ca,/srv/fim-watch/gen_00429.txt,file_modified,alert_only,high,2026-09-18 03:01:16.803043+00,2026-09-18 03:03:19.564118+00
27cf5bef-9dce-4c31-9c96-f382ad00a60b,/srv/fim-watch/gen_00309.txt,file_modified,alert_only,high,2026-09-18 03:01:16.902838+00,2026-09-18 03:03:19.578538+00
3d64724c-ab28-41c5-bb62-ad2dd8883f06,/srv/fim-watch/gen_00309.txt,file_modified,alert_only,high,2026-09-18 03:01:17.003166+00,2026-09-18 03:03:19.593052+00
343e748f-f7d5-4346-a45f-18f98965fcc3,/srv/fim-watch/gen_00430.txt,file_modified,alert_only,high,2026-09-18 03:01:17.103505+00,2026-09-18 03:03:19.607704+00
23b2b366-907a-489c-8e2f-a6b686ca8948,/srv/fim-watch/critico/gen_00262.txt,file_modified,alert_only,critical,2026-09-18 03:01:17.203522+00,2026-09-18 03:03:19.622225+00
f7fee8a5-4ff7-4e9f-b2c2-39b2140bdfdb,/srv/fim-watch/gen_00196.txt,file_modified,alert_only,high,2026-09-18 03:01:17.303211+00,2026-09-18 03:03:19.636818+00
0081d0bb-4cd8-43f9-a086-99c59b6f7e52,/srv/fim-watch/gen_00196.txt,file_modified,alert_only,high,2026-09-18 03:01:17.403285+00,2026-09-18 03:03:19.651374+00
9c9c5201-545a-46f9-8b35-6eb19f883556,/srv/fim-watch/gen_00196.txt,file_modified,alert_only,high,2026-09-18 03:01:17.503489+00,2026-09-18 03:03:19.666813+00
ea557ae1-cd7f-4660-b03b-e211aa4ac274,/srv/fim-watch/gen_00196.txt,file_modified,alert_only,high,2026-09-18 03:01:17.603623+00,2026-09-18 03:03:19.682243+00
d92a9ef3-7855-463b-ae27-4be3c8c32c9e,/srv/fim-watch/gen_00196.txt,file_modified,alert_only,high,2026-09-18 03:01:17.705753+00,2026-09-18 03:03:19.697642+00
c97cb833-5446-4e3b-a6b9-09acda4b6513,/srv/fim-watch/gen_00274.txt,file_modified,alert_only,high,2026-09-18 03:01:17.803262+00,2026-09-18 03:03:19.712604+00
ef765769-1f48-42d3-b245-9e3b61115d03,/srv/fim-watch/gen_00395.txt,file_modified,alert_only,high,2026-09-18 03:01:17.902837+00,2026-09-18 03:03:19.728134+00
c2e3da48-1097-4def-b98f-4b174b922e5f,/srv/fim-watch/gen_00306.txt,file_modified,alert_only,high,2026-09-18 03:01:18.003074+00,2026-09-18 03:03:19.74347+00
3bbf9c87-b4e8-4eaa-a13f-a5bf5136c286,/srv/fim-watch/gen_00139.txt,file_modified,alert_only,high,2026-09-18 03:01:18.103184+00,2026-09-18 03:03:19.758772+00
9355baa7-0823-44fe-9df6-d77ac8f244d2,/srv/fim-watch/gen_00431.txt,file_created,alert_only,high,2026-09-18 03:01:18.202102+00,2026-09-18 03:03:19.774276+00
6711f98e-0dee-4073-af6c-98d83f31225f,/srv/fim-watch/gen_00193.txt,file_modified,alert_only,high,2026-09-18 03:01:18.303264+00,2026-09-18 03:03:19.790257+00
9e269889-0777-4cab-98bc-1e2b1a36c741,/srv/fim-watch/critico/gen_00432.txt,file_modified,alert_only,critical,2026-09-18 03:01:18.403228+00,2026-09-18 03:03:19.805674+00
b3834b4e-68ec-4c7a-9b48-cb3eb42ebb27,/srv/fim-watch/critico/gen_00432.txt,file_deleted,alert_only,critical,2026-09-18 03:01:18.50304+00,2026-09-18 03:03:19.82101+00
d37fdb4b-a2ff-4ab0-8ad9-771c57407c00,/srv/fim-watch/gen_00275.txt,file_deleted,alert_only,high,2026-09-18 03:01:18.602292+00,2026-09-18 03:03:19.834814+00
902f2977-632f-4c05-b7ab-8f3dbe2da2e9,/srv/fim-watch/gen_00433.txt,file_modified,alert_only,high,2026-09-18 03:01:18.703384+00,2026-09-18 03:03:19.848514+00
778d3243-0130-4761-b0a8-2be8bc0ac8d1,/srv/fim-watch/gen_00125.txt,file_modified,alert_only,high,2026-09-18 03:01:18.802452+00,2026-09-18 03:03:19.862188+00
51c51670-7092-4c8e-8818-632856898a8e,/srv/fim-watch/gen_00285.txt,file_modified,alert_only,high,2026-09-18 03:01:18.902781+00,2026-09-18 03:03:19.875842+00
f1493766-e087-4209-a7c6-ed0b7d857573,/srv/fim-watch/gen_00320.txt,file_modified,alert_only,high,2026-09-18 03:01:19.102732+00,2026-09-18 03:03:19.889484+00
14a40e7b-40c2-49e3-9327-8d36ffa50351,/srv/fim-watch/critico/gen_00437.txt,file_modified,alert_only,critical,2026-09-18 03:01:19.403038+00,2026-09-18 03:03:19.904061+00
251fc783-1aa4-4bc6-98e9-95c68b7ca937,/srv/fim-watch/gen_00263.txt,file_modified,alert_only,high,2026-09-18 03:01:19.503339+00,2026-09-18 03:03:19.921205+00
0248f146-ebe7-4207-baef-cf7039dba886,/srv/fim-watch/gen_00401.txt,file_modified,alert_only,high,2026-09-18 03:01:19.603194+00,2026-09-18 03:03:19.948522+00
68beaf16-8fc7-4f1a-ad60-7425c0406e14,/srv/fim-watch/gen_00359.txt,file_modified,alert_only,high,2026-09-18 03:01:19.802722+00,2026-09-18 03:03:19.956001+00
13644c1d-22f5-4ed8-b291-e7ba182e9c99,/srv/fim-watch/gen_00403.txt,file_modified,alert_only,high,2026-09-18 03:01:20.002911+00,2026-09-18 03:03:19.972708+00
104fd563-48a2-418d-a419-ed036975e3ef,/srv/fim-watch/gen_00403.txt,file_modified,alert_only,high,2026-09-18 03:01:20.103335+00,2026-09-18 03:03:19.989226+00
13806329-0c5a-4aa7-b0c6-02b790a88fd1,/srv/fim-watch/gen_00418.txt,file_modified,alert_only,high,2026-09-18 03:01:20.20324+00,2026-09-18 03:03:20.005421+00
1ccb3f60-2eaf-460c-84c7-0664e0410762,/srv/fim-watch/critico/gen_00209.txt,file_modified,alert_only,critical,2026-09-18 03:01:20.303121+00,2026-09-18 03:03:20.022284+00
b833dfbb-5047-48f9-a68a-64ebe9f7dfa1,/srv/fim-watch/critico/gen_00336.txt,file_modified,alert_only,critical,2026-09-18 03:01:20.403278+00,2026-09-18 03:03:20.038984+00
cfeed8b2-a7b7-425d-aa25-1c6698e24627,/srv/fim-watch/gen_00282.txt,file_modified,alert_only,high,2026-09-18 03:01:20.503263+00,2026-09-18 03:03:20.053016+00
d4957cb2-58d0-4f61-a621-3d89d101faee,/srv/fim-watch/gen_00282.txt,file_modified,alert_only,high,2026-09-18 03:01:20.603632+00,2026-09-18 03:03:20.067799+00
ea02e82d-93de-44a3-8ef0-f1a09c0556d5,/srv/fim-watch/gen_00139.txt,file_modified,alert_only,high,2026-09-18 03:01:20.703183+00,2026-09-18 03:03:20.080426+00
8df38f1c-cb92-4b77-9369-fa4d5102d5a7,/srv/fim-watch/gen_00226.txt,file_modified,alert_only,high,2026-09-18 03:01:20.803653+00,2026-09-18 03:03:20.09586+00
888abb2a-f320-4ef4-ab99-e57328073f1d,/srv/fim-watch/gen_00366.txt,file_deleted,alert_only,high,2026-09-18 03:01:20.903499+00,2026-09-18 03:03:20.110598+00
dd883ad7-915c-46a1-880f-68e63df9f487,/srv/fim-watch/critico/gen_00156.txt,file_modified,alert_only,critical,2026-09-18 03:01:21.003056+00,2026-09-18 03:03:20.125023+00
6c0f36d9-f7f4-4f3f-a835-e3aa72bfa5d9,/srv/fim-watch/gen_00411.txt,file_deleted,alert_only,high,2026-09-18 03:01:21.103285+00,2026-09-18 03:03:20.139447+00
700ffc59-93bd-4afa-ab5f-b8765c1819fa,/srv/fim-watch/gen_00036.txt,file_modified,alert_only,high,2026-09-18 03:01:21.20357+00,2026-09-18 03:03:20.152247+00
ee4ecf8e-67ac-446d-bf80-70769ad843c4,/srv/fim-watch/gen_00389.txt,file_modified,alert_only,high,2026-09-18 03:01:21.30276+00,2026-09-18 03:03:20.167115+00
f3f1db71-2b81-41cd-b8eb-d843b2e9c165,/srv/fim-watch/gen_00149.txt,file_modified,alert_only,high,2026-09-18 03:01:21.403337+00,2026-09-18 03:03:20.18197+00
bb15977d-4940-44a8-945b-3550ce6df618,/srv/fim-watch/gen_00440.txt,file_modified,alert_only,high,2026-09-18 03:01:21.503261+00,2026-09-18 03:03:20.197064+00
7a8fb81d-2825-4597-8297-e69cb650ace5,/srv/fim-watch/gen_00329.txt,file_modified,alert_only,high,2026-09-18 03:01:21.603286+00,2026-09-18 03:03:20.211682+00
26d781c7-2942-4089-9d05-5c4974070339,/srv/fim-watch/gen_00384.txt,file_modified,alert_only,high,2026-09-18 03:01:21.703261+00,2026-09-18 03:03:20.22762+00
ffaa42ba-8d81-4cfb-8436-238d469a3609,/srv/fim-watch/gen_00384.txt,file_modified,alert_only,high,2026-09-18 03:01:21.80272+00,2026-09-18 03:03:20.243232+00
9cb71d34-abe8-46ec-a545-1113b1306c7b,/srv/fim-watch/gen_00384.txt,file_modified,alert_only,high,2026-09-18 03:01:21.903434+00,2026-09-18 03:03:20.258871+00
61dd3d83-430e-4d40-bac1-801478b6bbff,/srv/fim-watch/gen_00384.txt,file_modified,alert_only,high,2026-09-18 03:01:22.00282+00,2026-09-18 03:03:20.274138+00
fc5f5a33-e760-4d24-b981-ab3cfaea34fb,/srv/fim-watch/gen_00384.txt,file_modified,alert_only,high,2026-09-18 03:01:22.103459+00,2026-09-18 03:03:20.289282+00
7e49c5ac-e368-49cb-ba41-88f07076ae61,/srv/fim-watch/gen_00441.txt,file_modified,alert_only,high,2026-09-18 03:01:22.203163+00,2026-09-18 03:03:20.304425+00
6ce521ab-099e-42a6-b8ef-7010bf965ad5,/srv/fim-watch/gen_00442.txt,file_modified,alert_only,high,2026-09-18 03:01:22.3029+00,2026-09-18 03:03:20.320539+00
7327d66f-7444-4a18-a926-888dd1d80616,/srv/fim-watch/gen_00230.txt,file_modified,alert_only,high,2026-09-18 03:01:22.403228+00,2026-09-18 03:03:20.338488+00
a0bff6fe-f31c-4e27-a71b-6bc8cdc3f314,/srv/fim-watch/critico/gen_00369.txt,file_modified,alert_only,critical,2026-09-18 03:01:22.503267+00,2026-09-18 03:03:20.357392+00
eb7fca81-c38f-43e6-98f8-40c986152d00,/srv/fim-watch/gen_00204.txt,file_modified,alert_only,high,2026-09-18 03:01:22.6033+00,2026-09-18 03:03:20.374812+00
279826d4-bc97-46b7-82b7-f8e2a9b655af,/srv/fim-watch/critico/gen_00123.txt,file_modified,alert_only,critical,2026-09-18 03:01:22.70344+00,2026-09-18 03:03:20.390738+00
70a14f6a-2fa9-493b-b929-aef91340658e,/srv/fim-watch/gen_00265.txt,file_deleted,alert_only,high,2026-09-18 03:01:22.8031+00,2026-09-18 03:03:20.406625+00
4eb37e12-332d-4bff-a405-2168fcede64c,/srv/fim-watch/gen_00050.txt,file_modified,alert_only,high,2026-09-18 03:01:22.903341+00,2026-09-18 03:03:20.423838+00
c103e452-0bfd-4c1d-9baf-1b398ce69265,/srv/fim-watch/gen_00443.txt,file_modified,alert_only,high,2026-09-18 03:01:23.003014+00,2026-09-18 03:03:20.440557+00
d3b0acf9-ee2f-425d-91d6-04a9c02d03db,/srv/fim-watch/gen_00195.txt,file_modified,alert_only,high,2026-09-18 03:01:23.103208+00,2026-09-18 03:03:20.457474+00
e8c35c39-eb83-4d7f-b92e-faf3fc32cf43,/srv/fim-watch/gen_00405.txt,file_modified,alert_only,high,2026-09-18 03:01:23.203605+00,2026-09-18 03:03:20.472913+00
eec0927e-6c41-49a2-ad1d-a5af635710b0,/srv/fim-watch/critico/gen_00322.txt,file_modified,alert_only,critical,2026-09-18 03:01:23.303245+00,2026-09-18 03:03:20.487881+00
d3e20cd8-116f-486d-ab28-bf03377f04b0,/srv/fim-watch/gen_00313.txt,file_modified,alert_only,high,2026-09-18 03:01:23.503375+00,2026-09-18 03:03:20.503047+00
10759000-d6f9-4fc3-bdcf-0aaaebc0d3f5,/srv/fim-watch/gen_00427.txt,file_modified,alert_only,high,2026-09-18 03:01:23.603503+00,2026-09-18 03:03:20.518528+00
1fe13cf9-5493-4e0f-aa17-a706628e815b,/srv/fim-watch/gen_00219.txt,file_modified,alert_only,high,2026-09-18 03:01:23.803196+00,2026-09-18 03:03:20.533309+00
a14d15f3-4a4c-4865-a329-e93869c45a6e,/srv/fim-watch/gen_00213.txt,file_modified,alert_only,high,2026-09-18 03:01:23.903428+00,2026-09-18 03:03:20.548303+00
d9967815-4f7f-4706-98b7-d232a35e4a4d,/srv/fim-watch/gen_00297.txt,file_deleted,alert_only,high,2026-09-18 03:01:24.00257+00,2026-09-18 03:03:20.563372+00
28034b7a-8a20-44cc-88e0-0f11ebb003f3,/srv/fim-watch/gen_00020.txt,file_modified,alert_only,high,2026-09-18 03:01:24.102573+00,2026-09-18 03:03:20.579435+00
2169fe7b-e97f-45d6-aa9f-f9eed56660c1,/srv/fim-watch/gen_00445.txt,file_modified,alert_only,high,2026-09-18 03:01:24.202523+00,2026-09-18 03:03:20.596254+00
8b41c4c6-bc20-44d2-8a6e-31a471d68d0c,/srv/fim-watch/gen_00152.txt,file_modified,alert_only,high,2026-09-18 03:01:24.302799+00,2026-09-18 03:03:20.613626+00
fdb0f5ef-3781-4542-b8eb-8f3fd50be75b,/srv/fim-watch/gen_00407.txt,file_deleted,alert_only,high,2026-09-18 03:01:24.402843+00,2026-09-18 03:03:20.631196+00
945f3c7c-069e-4983-96a8-f446ea7eb8af,/srv/fim-watch/gen_00355.txt,file_modified,alert_only,high,2026-09-18 03:01:24.603271+00,2026-09-18 03:03:20.648886+00
a17c30ac-7d84-441c-817c-71cd9c7a6476,/srv/fim-watch/gen_00319.txt,file_deleted,alert_only,high,2026-09-18 03:01:24.702318+00,2026-09-18 03:03:20.664614+00
14da1b1c-aa0b-470a-89e2-d00cebffa5e6,/srv/fim-watch/gen_00285.txt,file_modified,alert_only,high,2026-09-18 03:01:24.802748+00,2026-09-18 03:03:20.683881+00
705a0962-2021-4f7d-b594-0b3f031cc720,/srv/fim-watch/gen_00193.txt,file_modified,alert_only,high,2026-09-18 03:01:24.902397+00,2026-09-18 03:03:20.69937+00
15f4e3a7-190c-413f-8001-611d4ffa872a,/srv/fim-watch/critico/gen_00371.txt,file_modified,alert_only,critical,2026-09-18 03:01:25.00314+00,2026-09-18 03:03:20.715711+00
a7937249-a30c-4a68-93f3-9ffa8a48153e,/srv/fim-watch/critico/gen_00242.txt,file_modified,alert_only,critical,2026-09-18 03:01:25.103463+00,2026-09-18 03:03:20.741794+00
6a0e41e6-76dd-4c44-a3be-0620d040a25d,/srv/fim-watch/critico/gen_00242.txt,file_modified,alert_only,critical,2026-09-18 03:01:25.202994+00,2026-09-18 03:03:20.748078+00
64af4d95-ddbe-488c-9a93-c32119867787,/srv/fim-watch/gen_00166.txt,file_modified,alert_only,high,2026-09-18 03:01:25.302448+00,2026-09-18 03:03:20.76279+00
34f15eea-eb1a-4876-803f-b5322061f27e,/srv/fim-watch/gen_00412.txt,file_modified,alert_only,high,2026-09-18 03:01:25.403459+00,2026-09-18 03:03:20.778206+00
65e6b09d-466c-4140-9a8d-6bfdcdc1cc02,/srv/fim-watch/gen_00105.txt,file_modified,alert_only,high,2026-09-18 03:01:25.50325+00,2026-09-18 03:03:20.793384+00
d8311013-6501-46ea-a65f-06811eea3dd5,/srv/fim-watch/gen_00418.txt,file_modified,alert_only,high,2026-09-18 03:01:25.603126+00,2026-09-18 03:03:20.808746+00
237388d2-7b5a-4b70-88d9-a04b147672f0,/srv/fim-watch/gen_00418.txt,file_modified,alert_only,high,2026-09-18 03:01:25.703618+00,2026-09-18 03:03:20.823873+00
e6bc7d87-4c44-4da4-928f-f800e0a3c9dc,/srv/fim-watch/gen_00418.txt,file_modified,alert_only,high,2026-09-18 03:01:25.803469+00,2026-09-18 03:03:20.839121+00
6f28edf4-bd01-403d-ab5c-0765262907c2,/srv/fim-watch/gen_00418.txt,file_modified,alert_only,high,2026-09-18 03:01:25.90348+00,2026-09-18 03:03:20.854369+00
b4eaccd2-9795-4ab6-947e-e84405e092c6,/srv/fim-watch/gen_00418.txt,file_modified,alert_only,high,2026-09-18 03:01:26.003161+00,2026-09-18 03:03:20.869488+00
116ea1be-68f5-4714-a770-384b71cd6b94,/srv/fim-watch/gen_00375.txt,file_modified,alert_only,high,2026-09-18 03:01:26.103342+00,2026-09-18 03:03:20.883464+00
680e834e-4aa7-4dc5-93aa-caf8836ba52f,/srv/fim-watch/gen_00234.txt,file_modified,alert_only,high,2026-09-18 03:01:26.20321+00,2026-09-18 03:03:20.897655+00
f3d9b179-cf9f-49a0-ac60-58ace3ddb41e,/srv/fim-watch/gen_00298.txt,file_modified,alert_only,high,2026-09-18 03:01:26.303171+00,2026-09-18 03:03:20.911552+00
01d12986-b49c-4660-a986-ce3c791d42ee,/srv/fim-watch/gen_00298.txt,file_modified,alert_only,high,2026-09-18 03:01:26.403103+00,2026-09-18 03:03:20.926453+00
7a33f66b-870c-4c57-90a6-16de87701668,/srv/fim-watch/gen_00422.txt,file_modified,alert_only,high,2026-09-18 03:01:26.503051+00,2026-09-18 03:03:20.941535+00
ced1327e-9cc3-40b5-a9dd-a45a8759634f,/srv/fim-watch/gen_00447.txt,file_modified,alert_only,high,2026-09-18 03:01:26.603453+00,2026-09-18 03:03:20.956893+00
7a9a51e8-f8bd-4b70-9de6-aef4b69c5059,/srv/fim-watch/gen_00447.txt,file_deleted,alert_only,high,2026-09-18 03:01:26.703437+00,2026-09-18 03:03:20.97206+00
416d5468-a11b-4d96-b8a0-7f20d0de9d64,/srv/fim-watch/gen_00367.txt,file_modified,alert_only,high,2026-09-18 03:01:26.803012+00,2026-09-18 03:03:20.987165+00
2cfffcc7-79d7-4d3d-974a-68aed35ac01a,/srv/fim-watch/gen_00423.txt,file_deleted,alert_only,high,2026-09-18 03:01:26.902807+00,2026-09-18 03:03:21.003178+00
725cc71d-8eb8-4f6c-aedd-3c90a6ad4365,/srv/fim-watch/gen_00346.txt,file_modified,alert_only,high,2026-09-18 03:01:27.002441+00,2026-09-18 03:03:21.018388+00
de2971d3-2775-4e09-bb17-c693fec86245,/srv/fim-watch/gen_00346.txt,file_modified,alert_only,high,2026-09-18 03:01:27.102951+00,2026-09-18 03:03:21.033783+00
0de1670c-5dc5-48bc-96ce-b2ae53487f3f,/srv/fim-watch/critico/gen_00312.txt,file_modified,alert_only,critical,2026-09-18 03:01:27.203268+00,2026-09-18 03:03:21.048997+00
6108824c-f287-4a69-a7f5-7a9bb1eab05d,/srv/fim-watch/critico/gen_00061.txt,file_modified,alert_only,critical,2026-09-18 03:01:27.303152+00,2026-09-18 03:03:21.064285+00
64a01c9e-adda-4769-8ef6-120d0aee6f42,/srv/fim-watch/gen_00448.txt,file_modified,alert_only,high,2026-09-18 03:01:27.403128+00,2026-09-18 03:03:21.079615+00
fddf91df-1a2e-40af-9421-64e1622665ed,/srv/fim-watch/gen_00179.txt,file_modified,alert_only,high,2026-09-18 03:01:27.603517+00,2026-09-18 03:03:21.094802+00
28476112-ff21-47c6-a89f-6c9487f250f1,/srv/fim-watch/gen_00254.txt,file_modified,alert_only,high,2026-09-18 03:01:27.703511+00,2026-09-18 03:03:21.1101+00
c081083c-8f27-4ddb-9f34-dc5af2eb1dd1,/srv/fim-watch/gen_00254.txt,file_modified,alert_only,high,2026-09-18 03:01:27.803038+00,2026-09-18 03:03:21.126616+00
0a0c65fa-b35f-4b1e-82b7-c203bc966b41,/srv/fim-watch/gen_00443.txt,file_modified,alert_only,high,2026-09-18 03:01:27.902657+00,2026-09-18 03:03:21.144741+00
820877c5-b2f1-42f4-966b-5c32a254e740,/srv/fim-watch/gen_00383.txt,file_modified,alert_only,high,2026-09-18 03:01:28.003155+00,2026-09-18 03:03:21.159831+00
31f611dd-3296-478f-8404-12e88ee6a9d8,/srv/fim-watch/critico/gen_00351.txt,file_modified,alert_only,critical,2026-09-18 03:01:28.102997+00,2026-09-18 03:03:21.173863+00
1aeb86e9-862f-44fc-8fc0-d5b14496c122,/srv/fim-watch/gen_00450.txt,file_modified,alert_only,high,2026-09-18 03:01:28.203366+00,2026-09-18 03:03:21.187815+00
01826c9e-24ad-4535-a109-3c5ceb973466,/srv/fim-watch/gen_00114.txt,file_modified,alert_only,high,2026-09-18 03:01:28.303082+00,2026-09-18 03:03:21.201735+00
266cf597-5bff-437e-9fc4-7739ade34933,/srv/fim-watch/gen_00114.txt,file_modified,alert_only,high,2026-09-18 03:01:28.403162+00,2026-09-18 03:03:21.217127+00
c5082544-0bce-4547-bc6d-13552c46e2d1,/srv/fim-watch/critico/gen_00451.txt,file_modified,alert_only,critical,2026-09-18 03:01:28.503282+00,2026-09-18 03:03:21.235241+00
87b3abf0-63fc-4ded-aced-2929e6ba6323,/srv/fim-watch/gen_00452.txt,file_modified,alert_only,high,2026-09-18 03:01:28.603394+00,2026-09-18 03:03:21.252955+00
2d7783d3-7595-4931-b812-2681897b1e9f,/srv/fim-watch/gen_00453.txt,file_created,alert_only,high,2026-09-18 03:01:28.702537+00,2026-09-18 03:03:21.269856+00
2c77c703-ff97-4ae8-9281-c4c62ba8c5c5,/srv/fim-watch/gen_00433.txt,file_deleted,alert_only,high,2026-09-18 03:01:28.80284+00,2026-09-18 03:03:21.28756+00
aef8007b-e668-4d1c-bc88-ff5373878998,/srv/fim-watch/critico/gen_00288.txt,file_modified,alert_only,critical,2026-09-18 03:01:28.903367+00,2026-09-18 03:03:21.304864+00
d5963b3d-a04b-44f3-88bc-6d3d39d0d494,/srv/fim-watch/gen_00125.txt,file_modified,alert_only,high,2026-09-18 03:01:29.002927+00,2026-09-18 03:03:21.322827+00
0a730329-c38f-4e87-acc3-ebf0eb3a5d0e,/srv/fim-watch/gen_00125.txt,file_modified,alert_only,high,2026-09-18 03:01:29.102953+00,2026-09-18 03:03:21.341154+00
a6623132-e302-40fb-af62-6aac28ee7751,/srv/fim-watch/critico/gen_00414.txt,file_modified,alert_only,critical,2026-09-18 03:01:29.202746+00,2026-09-18 03:03:21.359067+00
f21046ff-79d9-481c-9976-28fafba6b45f,/srv/fim-watch/gen_00298.txt,file_modified,alert_only,high,2026-09-18 03:01:29.30244+00,2026-09-18 03:03:21.37766+00
da091555-4c63-4f00-a86e-c6175d1502a2,/srv/fim-watch/gen_00263.txt,file_modified,alert_only,high,2026-09-18 03:01:29.403114+00,2026-09-18 03:03:21.39528+00
46d2a2cc-1f50-4e82-9529-5a18fd45c551,/srv/fim-watch/gen_00454.txt,file_modified,alert_only,high,2026-09-18 03:01:29.503127+00,2026-09-18 03:03:21.413227+00
97e7917c-66bb-41e7-9a30-9c6e764a109b,/srv/fim-watch/critico/gen_00130.txt,file_modified,alert_only,critical,2026-09-18 03:01:29.603525+00,2026-09-18 03:03:21.430643+00
041f24fe-98b4-4ec1-94cf-92265dd1be37,/srv/fim-watch/gen_00455.txt,file_modified,alert_only,high,2026-09-18 03:01:29.703304+00,2026-09-18 03:03:21.446375+00
e3bfc723-fa13-4195-89a5-6b8145749e53,/srv/fim-watch/gen_00317.txt,file_modified,alert_only,high,2026-09-18 03:01:29.803087+00,2026-09-18 03:03:21.461848+00
294dded6-b652-45aa-91b8-836a7a45c2e7,/srv/fim-watch/gen_00163.txt,file_modified,alert_only,high,2026-09-18 03:01:29.903478+00,2026-09-18 03:03:21.477754+00
4233cebc-864c-4b91-a8ae-b13ec0afddf0,/srv/fim-watch/critico/gen_00457.txt,file_modified,alert_only,critical,2026-09-18 03:01:30.103142+00,2026-09-18 03:03:21.493325+00
268ab365-306c-4ec3-8921-d156c75eb5da,/srv/fim-watch/gen_00405.txt,file_modified,alert_only,high,2026-09-18 03:01:30.202925+00,2026-09-18 03:03:21.508953+00
8cc1b9c3-a4f2-44f6-b7ca-283a4b2c429e,/srv/fim-watch/gen_00195.txt,file_modified,alert_only,high,2026-09-18 03:01:30.303203+00,2026-09-18 03:03:21.53845+00
d6cabe0d-366f-4dc6-b314-97252033a648,/srv/fim-watch/gen_00308.txt,file_modified,alert_only,high,2026-09-18 03:01:30.404705+00,2026-09-18 03:03:21.547433+00
10161a70-b9ee-4a23-912a-d207a8431467,/srv/fim-watch/gen_00098.txt,file_modified,alert_only,high,2026-09-18 03:01:30.60267+00,2026-09-18 03:03:21.565318+00
0a13c61c-be96-485d-beb8-c1447691d6d7,/srv/fim-watch/gen_00459.txt,file_created,alert_only,high,2026-09-18 03:01:30.703342+00,2026-09-18 03:03:21.583758+00
b3502ca9-364f-4186-a078-2facd3af8450,/srv/fim-watch/gen_00331.txt,file_modified,alert_only,high,2026-09-18 03:01:30.803776+00,2026-09-18 03:03:21.60063+00
b5a78064-b992-47ef-a9e8-e38eae0104ca,/srv/fim-watch/gen_00460.txt,file_modified,alert_only,high,2026-09-18 03:01:30.902481+00,2026-09-18 03:03:21.617433+00
e4f97696-eba6-44ac-baf9-322cf6fee6a6,/srv/fim-watch/gen_00199.txt,file_modified,alert_only,high,2026-09-18 03:01:31.003538+00,2026-09-18 03:03:21.634203+00
269e5de0-50ea-4964-ad5d-0fa4b56e0a19,/srv/fim-watch/critico/gen_00461.txt,file_created,alert_only,critical,2026-09-18 03:01:31.102118+00,2026-09-18 03:03:21.651416+00
f951d096-c9cb-456d-b195-c73c8a7a97f1,/srv/fim-watch/critico/gen_00330.txt,file_modified,alert_only,critical,2026-09-18 03:01:31.203586+00,2026-09-18 03:03:21.668601+00
a20dc760-a8d3-486a-a72e-ded0348b3ad4,/srv/fim-watch/gen_00313.txt,file_modified,alert_only,high,2026-09-18 03:01:31.303174+00,2026-09-18 03:03:21.685448+00
d4ec1d4a-fdb4-4db9-a26e-f06a51754094,/srv/fim-watch/gen_00250.txt,file_modified,alert_only,high,2026-09-18 03:01:31.403179+00,2026-09-18 03:03:21.702624+00
aaf50435-e1b1-4700-8c55-9df8495edd87,/srv/fim-watch/gen_00412.txt,file_modified,alert_only,high,2026-09-18 03:01:31.503266+00,2026-09-18 03:03:21.718911+00
a89e6cad-e5c6-4e01-ae28-9e815227b763,/srv/fim-watch/gen_00462.txt,file_modified,alert_only,high,2026-09-18 03:01:31.603569+00,2026-09-18 03:03:21.735266+00
bf426a9e-8a57-43f7-9f55-4a314d16f7d8,/srv/fim-watch/gen_00462.txt,file_deleted,alert_only,high,2026-09-18 03:01:31.70355+00,2026-09-18 03:03:21.75144+00
74ac9d5f-e34f-4b76-a079-0a1a664f237a,/srv/fim-watch/gen_00401.txt,file_modified,alert_only,high,2026-09-18 03:01:31.902567+00,2026-09-18 03:03:21.767158+00
f4644bfc-ea27-48df-9289-3685bf86ab41,/srv/fim-watch/critico/gen_00184.txt,file_modified,alert_only,critical,2026-09-18 03:01:32.002765+00,2026-09-18 03:03:21.781124+00
3c042da7-03ba-48d5-8169-d6f1fef333d9,/srv/fim-watch/gen_00226.txt,file_modified,alert_only,high,2026-09-18 03:01:32.102915+00,2026-09-18 03:03:21.795+00
7a74c564-0d2b-4775-af2c-cb493d691a8d,/srv/fim-watch/gen_00268.txt,file_modified,alert_only,high,2026-09-18 03:01:32.203254+00,2026-09-18 03:03:21.808826+00
51632494-d151-4f76-87c2-253f2eafa231,/srv/fim-watch/gen_00334.txt,file_deleted,alert_only,high,2026-09-18 03:01:32.302687+00,2026-09-18 03:03:21.82288+00
7e530f44-0189-429c-adbe-2fd6b5ede633,/srv/fim-watch/gen_00453.txt,file_modified,alert_only,high,2026-09-18 03:01:32.403128+00,2026-09-18 03:03:21.836709+00
d6905091-91c7-40f6-804f-780f0de9a9ad,/srv/fim-watch/critico/gen_00413.txt,file_modified,alert_only,critical,2026-09-18 03:01:32.503629+00,2026-09-18 03:03:21.850643+00
8933425d-6f3b-4aee-8962-63eb166f506b,/srv/fim-watch/gen_00282.txt,file_modified,alert_only,high,2026-09-18 03:01:32.603659+00,2026-09-18 03:03:21.864492+00
4bc68b34-f72d-4018-9c3a-525b2b8ee31a,/srv/fim-watch/gen_00431.txt,file_modified,alert_only,high,2026-09-18 03:01:32.703693+00,2026-09-18 03:03:21.878514+00
fbdae0b1-28ac-4a72-a6f2-8840b357f269,/srv/fim-watch/critico/gen_00253.txt,file_modified,alert_only,critical,2026-09-18 03:01:32.903641+00,2026-09-18 03:03:21.892358+00
522e066e-3c7f-4df9-bd16-63927be74639,/srv/fim-watch/gen_00377.txt,file_modified,alert_only,high,2026-09-18 03:01:33.00332+00,2026-09-18 03:03:21.906591+00
da21c4da-5d07-441a-85a5-37cba1eff24f,/srv/fim-watch/gen_00405.txt,file_modified,alert_only,high,2026-09-18 03:01:33.103443+00,2026-09-18 03:03:21.92038+00
1c74d423-f9d8-4081-adb6-30f73e1b383c,/srv/fim-watch/gen_00285.txt,file_modified,alert_only,high,2026-09-18 03:01:33.203668+00,2026-09-18 03:03:21.934439+00
10aa4316-25b1-4fa0-aed1-6511e8513b8b,/srv/fim-watch/critico/gen_00322.txt,file_modified,alert_only,critical,2026-09-18 03:01:33.303153+00,2026-09-18 03:03:21.948915+00
018aef04-8fc7-4e0e-8e85-067c8fe3a1e5,/srv/fim-watch/gen_00464.txt,file_modified,alert_only,high,2026-09-18 03:01:33.403058+00,2026-09-18 03:03:21.96293+00
dba1edfd-e696-447e-9a43-7f3fd521efe7,/srv/fim-watch/critico/gen_00465.txt,file_modified,alert_only,critical,2026-09-18 03:01:33.502913+00,2026-09-18 03:03:21.976805+00
b52db2e1-4953-4e83-9e44-5364bf43ffe7,/srv/fim-watch/gen_00198.txt,file_modified,alert_only,high,2026-09-18 03:01:33.60332+00,2026-09-18 03:03:21.990614+00
37c60dd5-9398-4a00-bad6-9b634e6586d0,/srv/fim-watch/gen_00427.txt,file_modified,alert_only,high,2026-09-18 03:01:33.703113+00,2026-09-18 03:03:22.006191+00
d9bc78a6-6fdc-4efe-bfc0-e997c2f868ce,/srv/fim-watch/gen_00427.txt,file_modified,alert_only,high,2026-09-18 03:01:33.803334+00,2026-09-18 03:03:22.021663+00
23bf208c-12a8-46bd-9223-7b97914da494,/srv/fim-watch/critico/gen_00053.txt,file_modified,alert_only,critical,2026-09-18 03:01:34.00353+00,2026-09-18 03:03:22.038119+00
f90b2b54-a770-407a-a93f-94318bdfa74d,/srv/fim-watch/critico/gen_00053.txt,file_modified,alert_only,critical,2026-09-18 03:01:34.103535+00,2026-09-18 03:03:22.055354+00
e3a8ccd6-8610-47e1-8947-e5f5b98bc4dc,/srv/fim-watch/gen_00306.txt,file_deleted,alert_only,high,2026-09-18 03:01:34.202926+00,2026-09-18 03:03:22.073693+00
461aba72-806f-4d12-be6f-b992e7428299,/srv/fim-watch/gen_00165.txt,file_modified,alert_only,high,2026-09-18 03:01:34.402555+00,2026-09-18 03:03:22.091266+00
015f62c5-e725-435a-959d-fcec28679c25,/srv/fim-watch/gen_00468.txt,file_modified,alert_only,high,2026-09-18 03:01:34.502908+00,2026-09-18 03:03:22.108671+00
150b7e53-8d43-4676-b9c1-2b30c21ed326,/srv/fim-watch/gen_00469.txt,file_modified,alert_only,high,2026-09-18 03:01:34.603418+00,2026-09-18 03:03:22.12553+00
a076409a-596c-4709-b8ef-1cb27edfeb9a,/srv/fim-watch/gen_00228.txt,file_modified,alert_only,high,2026-09-18 03:01:34.703539+00,2026-09-18 03:03:22.143648+00
1a60af79-cffa-4ceb-86df-e5c4edf251ef,/srv/fim-watch/critico/gen_00342.txt,file_modified,alert_only,critical,2026-09-18 03:01:34.803355+00,2026-09-18 03:03:22.160444+00
6e0da003-bb78-43ec-ad11-cf0b1eaec839,/srv/fim-watch/gen_00422.txt,file_modified,alert_only,high,2026-09-18 03:01:34.902822+00,2026-09-18 03:03:22.177069+00
9f0e0c01-9c61-48e7-9ae0-5e940cb787d8,/srv/fim-watch/critico/gen_00371.txt,file_deleted,alert_only,critical,2026-09-18 03:01:35.003322+00,2026-09-18 03:03:22.194089+00
0d6d3e52-86b0-457a-8acd-5b0a3670dd76,/srv/fim-watch/gen_00096.txt,file_modified,alert_only,high,2026-09-18 03:01:35.103546+00,2026-09-18 03:03:22.209975+00
7d347e13-0966-4576-93fc-c3889d672a4f,/srv/fim-watch/gen_00096.txt,file_modified,alert_only,high,2026-09-18 03:01:35.203366+00,2026-09-18 03:03:22.224678+00
e5ed69f7-5621-4403-adaf-986eecfb1266,/srv/fim-watch/gen_00404.txt,file_modified,alert_only,high,2026-09-18 03:01:35.302973+00,2026-09-18 03:03:22.239159+00
8a5bcec6-16bb-4cc5-80dd-d3e59b122f12,/srv/fim-watch/gen_00434.txt,file_modified,alert_only,high,2026-09-18 03:01:35.402815+00,2026-09-18 03:03:22.254092+00
1260e0b1-0197-4f70-8b9f-9e852d430d78,/srv/fim-watch/gen_00434.txt,file_modified,alert_only,high,2026-09-18 03:01:35.503469+00,2026-09-18 03:03:22.269675+00
e91ed0f5-a986-49a8-a7e6-1cd4717e28ff,/srv/fim-watch/gen_00434.txt,file_modified,alert_only,high,2026-09-18 03:01:35.603367+00,2026-09-18 03:03:22.285399+00
9d2e5814-2507-4551-bd2d-2e147e1689c6,/srv/fim-watch/gen_00434.txt,file_modified,alert_only,high,2026-09-18 03:01:35.703643+00,2026-09-18 03:03:22.300352+00
14176e14-25e4-48d7-a700-842b7a9d1f45,/srv/fim-watch/gen_00434.txt,file_modified,alert_only,high,2026-09-18 03:01:35.803483+00,2026-09-18 03:03:22.326838+00
fa53d72b-676e-4921-bce1-61546b5f6327,/srv/fim-watch/gen_00114.txt,file_modified,alert_only,high,2026-09-18 03:01:35.903344+00,2026-09-18 03:03:22.333867+00
1792eb98-c405-458f-8a0b-ddd18577c08d,/srv/fim-watch/gen_00427.txt,file_deleted,alert_only,high,2026-09-18 03:01:36.003468+00,2026-09-18 03:03:22.349559+00
8f3c8c81-8272-4312-b027-9ac49e44ad50,/srv/fim-watch/critico/gen_00061.txt,file_modified,alert_only,critical,2026-09-18 03:01:36.103364+00,2026-09-18 03:03:22.362981+00
df66a8ab-aafe-4fa1-ab27-bb38e52cf4d1,/srv/fim-watch/gen_00470.txt,file_modified,alert_only,high,2026-09-18 03:01:36.203533+00,2026-09-18 03:03:22.37806+00
90330b0e-1077-4d79-a506-7b57853c91f1,/srv/fim-watch/gen_00175.txt,file_deleted,alert_only,high,2026-09-18 03:01:36.302765+00,2026-09-18 03:03:22.392988+00
30a68804-01e4-4dd3-8956-b3ef3a433ff2,/srv/fim-watch/critico/gen_00471.txt,file_modified,alert_only,critical,2026-09-18 03:01:36.402838+00,2026-09-18 03:03:22.410457+00
6746864e-a2ce-4f38-a0b5-599d0a84b555,/srv/fim-watch/critico/gen_00471.txt,file_deleted,alert_only,critical,2026-09-18 03:01:36.504584+00,2026-09-18 03:03:22.428149+00
8ebab72c-53ef-4b06-b34e-f2a5213f21b7,/srv/fim-watch/gen_00393.txt,file_modified,alert_only,high,2026-09-18 03:01:36.603807+00,2026-09-18 03:03:22.444824+00
28898ffa-d33c-4202-8423-461769f41d09,/srv/fim-watch/gen_00472.txt,file_modified,alert_only,high,2026-09-18 03:01:36.703658+00,2026-09-18 03:03:22.459337+00
642b2c40-e27c-47bb-9af9-c157e48ec9b0,/srv/fim-watch/gen_00096.txt,file_modified,alert_only,high,2026-09-18 03:01:36.803218+00,2026-09-18 03:03:22.474998+00
23b12d8f-1fed-4c20-9ace-936d845bc61e,/srv/fim-watch/gen_00290.txt,file_modified,alert_only,high,2026-09-18 03:01:36.903048+00,2026-09-18 03:03:22.491783+00
a4c13da3-cda6-40e3-a3ce-3163cb7f0384,/srv/fim-watch/gen_00367.txt,file_modified,alert_only,high,2026-09-18 03:01:37.003298+00,2026-09-18 03:03:22.507329+00
ee4faa5c-ee12-48ae-a636-63d0f1891fa9,/srv/fim-watch/critico/gen_00209.txt,file_modified,alert_only,critical,2026-09-18 03:01:37.103409+00,2026-09-18 03:03:22.521607+00
944a3f5e-449d-4762-ac72-0064c4ee0c37,/srv/fim-watch/critico/gen_00209.txt,file_modified,alert_only,critical,2026-09-18 03:01:37.203171+00,2026-09-18 03:03:22.537779+00
8f1d075c-7520-488b-a178-ea72f45d2b4e,/srv/fim-watch/gen_00473.txt,file_modified,alert_only,high,2026-09-18 03:01:37.303312+00,2026-09-18 03:03:22.554011+00
31bcd411-5224-407b-9fd4-cba78d232db5,/srv/fim-watch/critico/gen_00253.txt,file_modified,alert_only,critical,2026-09-18 03:01:37.404061+00,2026-09-18 03:03:22.567843+00
4ff1286f-5484-45e2-8015-2be254e02b86,/srv/fim-watch/gen_00474.txt,file_created,alert_only,high,2026-09-18 03:01:37.502129+00,2026-09-18 03:03:22.58316+00
2bb8e25d-a459-4afb-9c66-e5f0fe82336f,/srv/fim-watch/gen_00393.txt,file_deleted,alert_only,high,2026-09-18 03:01:37.60313+00,2026-09-18 03:03:22.598296+00
227e0202-26b8-4bad-aceb-bc5bf82375a6,/srv/fim-watch/gen_00449.txt,file_modified,alert_only,high,2026-09-18 03:01:37.703164+00,2026-09-18 03:03:22.613314+00
8c64278b-5919-4104-a0b3-208f230f3f04,/srv/fim-watch/gen_00230.txt,file_modified,alert_only,high,2026-09-18 03:01:38.003482+00,2026-09-18 03:03:22.629148+00
f328037c-2e8f-414f-9fb2-91a5b549c3f5,/srv/fim-watch/critico/gen_00428.txt,file_modified,alert_only,critical,2026-09-18 03:01:38.103379+00,2026-09-18 03:03:22.646129+00
2cc78256-70f2-4625-8601-dab045390d82,/srv/fim-watch/gen_00235.txt,file_modified,alert_only,high,2026-09-18 03:01:38.302902+00,2026-09-18 03:03:22.662695+00
feae80e4-66f7-4c7f-b732-8bfd5a2ba95b,/srv/fim-watch/gen_00430.txt,file_modified,alert_only,high,2026-09-18 03:01:38.403028+00,2026-09-18 03:03:22.679662+00
4a5431e1-9e90-487a-af1f-e26a74afb4a1,/srv/fim-watch/gen_00477.txt,file_modified,alert_only,high,2026-09-18 03:01:38.503095+00,2026-09-18 03:03:22.696683+00
fb6b861f-ded9-4f21-9aa0-9aee6921d06a,/srv/fim-watch/critico/gen_00437.txt,file_modified,alert_only,critical,2026-09-18 03:01:38.60343+00,2026-09-18 03:03:22.713833+00
a6d4e1e3-28e0-4a58-b7d2-0b151638ab87,/srv/fim-watch/gen_00395.txt,file_modified,alert_only,high,2026-09-18 03:01:38.703322+00,2026-09-18 03:03:22.732559+00
f25c242a-2c9a-4837-9353-965c8b91e9a8,/srv/fim-watch/gen_00314.txt,file_deleted,alert_only,high,2026-09-18 03:01:38.802793+00,2026-09-18 03:03:22.748566+00
98549c0a-4278-404e-9973-9af7dd20aff6,/srv/fim-watch/gen_00446.txt,file_modified,alert_only,high,2026-09-18 03:01:38.903113+00,2026-09-18 03:03:22.763529+00
fbdeff18-a68e-48b9-b9c2-5d210bdc317b,/srv/fim-watch/gen_00446.txt,file_modified,alert_only,high,2026-09-18 03:01:39.003546+00,2026-09-18 03:03:22.778468+00
c1762c55-5896-40b6-a2df-b3ed119af31c,/srv/fim-watch/gen_00446.txt,file_modified,alert_only,high,2026-09-18 03:01:39.103367+00,2026-09-18 03:03:22.793123+00
0ca2bc57-9553-438f-9dd6-663c76e0f64d,/srv/fim-watch/gen_00446.txt,file_modified,alert_only,high,2026-09-18 03:01:39.203469+00,2026-09-18 03:03:22.815416+00
62a64c01-fe61-41c8-99fd-6901d944d57f,/srv/fim-watch/gen_00446.txt,file_modified,alert_only,high,2026-09-18 03:01:39.303145+00,2026-09-18 03:03:22.834742+00
e5795950-4152-4ad8-b211-358cb35a52ff,/srv/fim-watch/gen_00352.txt,file_modified,alert_only,high,2026-09-18 03:01:39.402591+00,2026-09-18 03:03:22.850412+00
a4313af8-ce41-4ed3-8dbb-e8bad56da771,/srv/fim-watch/gen_00349.txt,file_deleted,alert_only,high,2026-09-18 03:01:39.502777+00,2026-09-18 03:03:22.864834+00
5c15dc68-e3e5-498d-bf05-836dc3175ee8,/srv/fim-watch/critico/gen_00253.txt,file_modified,alert_only,critical,2026-09-18 03:01:39.60331+00,2026-09-18 03:03:22.877875+00
8456ca34-a697-4ced-bdaf-bb7092d4214c,/srv/fim-watch/critico/gen_00253.txt,file_modified,alert_only,critical,2026-09-18 03:01:39.703411+00,2026-09-18 03:03:22.894319+00
30c8a258-b412-4c73-9400-9c391ead3192,/srv/fim-watch/critico/gen_00253.txt,file_modified,alert_only,critical,2026-09-18 03:01:39.803332+00,2026-09-18 03:03:22.908273+00
a5fe5e79-b95c-4224-b5b3-a8c50a4ad581,/srv/fim-watch/critico/gen_00253.txt,file_modified,alert_only,critical,2026-09-18 03:01:39.903353+00,2026-09-18 03:03:22.921351+00
a8639db4-a2cf-4090-bd99-46512ca4c7c3,/srv/fim-watch/critico/gen_00253.txt,file_modified,alert_only,critical,2026-09-18 03:01:40.002327+00,2026-09-18 03:03:22.934453+00
7962ee9b-cf39-4053-81ea-3847c79f6501,/srv/fim-watch/critico/gen_00310.txt,file_modified,alert_only,critical,2026-09-18 03:01:40.103272+00,2026-09-18 03:03:22.948959+00
c364982f-29bd-4e69-8ecb-8346f955c0ae,/srv/fim-watch/critico/gen_00310.txt,file_modified,alert_only,critical,2026-09-18 03:01:40.203382+00,2026-09-18 03:03:22.965324+00
bcf63505-c3bc-4971-9b91-239615b49f55,/srv/fim-watch/gen_00365.txt,file_modified,alert_only,high,2026-09-18 03:01:40.303048+00,2026-09-18 03:03:22.980577+00
facf8ca1-9f64-4af6-b4b0-0de71bd3e4be,/srv/fim-watch/critico/gen_00251.txt,file_modified,alert_only,critical,2026-09-18 03:01:40.403039+00,2026-09-18 03:03:22.995696+00
244ef42c-63ae-4189-a4dd-c7816d5b89ce,/srv/fim-watch/gen_00478.txt,file_modified,alert_only,high,2026-09-18 03:01:40.503492+00,2026-09-18 03:03:23.012053+00
a88eef5e-a036-4ae9-8a6b-f32ddf78ec40,/srv/fim-watch/critico/gen_00242.txt,file_deleted,alert_only,critical,2026-09-18 03:01:40.60338+00,2026-09-18 03:03:23.027099+00
3fc6a111-1b96-432b-95dd-0bd76798dbba,/srv/fim-watch/gen_00126.txt,file_modified,alert_only,high,2026-09-18 03:01:40.704326+00,2026-09-18 03:03:23.041935+00
1aa52391-2e4e-4c2a-9d22-35bfbb81e926,/srv/fim-watch/gen_00356.txt,file_modified,alert_only,high,2026-09-18 03:01:40.802928+00,2026-09-18 03:03:23.056951+00
33d24250-d10a-42bb-9296-431c235feda9,/srv/fim-watch/gen_00238.txt,file_deleted,alert_only,high,2026-09-18 03:01:40.902777+00,2026-09-18 03:03:23.072324+00
f0c74942-4b93-45ec-a2d6-5393661ee098,/srv/fim-watch/gen_00359.txt,file_modified,alert_only,high,2026-09-18 03:01:41.003415+00,2026-09-18 03:03:23.087588+00
79742d44-62ae-4ac5-879a-1768e13701ed,/srv/fim-watch/gen_00479.txt,file_modified,alert_only,high,2026-09-18 03:01:41.102821+00,2026-09-18 03:03:23.113302+00
a372cf9c-5b25-48f7-aaeb-e8cd81fbe916,/srv/fim-watch/gen_00435.txt,file_modified,alert_only,high,2026-09-18 03:01:41.203434+00,2026-09-18 03:03:23.119852+00
296f81c5-694e-474f-84cc-d10803fc54f3,/srv/fim-watch/gen_00480.txt,file_modified,alert_only,high,2026-09-18 03:01:41.402909+00,2026-09-18 03:03:23.135164+00
54621d33-5948-4410-8118-0da14902d02f,/srv/fim-watch/gen_00230.txt,file_modified,alert_only,high,2026-09-18 03:01:41.503592+00,2026-09-18 03:03:23.152125+00
4591da95-9b00-4184-8aee-53b55558c6d2,/srv/fim-watch/gen_00481.txt,file_modified,alert_only,high,2026-09-18 03:01:41.603236+00,2026-09-18 03:03:23.167498+00
0f6363c6-3329-4ebc-8db6-c080967eca29,/srv/fim-watch/gen_00151.txt,file_modified,alert_only,high,2026-09-18 03:01:41.703486+00,2026-09-18 03:03:23.182279+00
7edd5874-25c9-41c3-9be1-d2f72697c5a1,/srv/fim-watch/critico/gen_00053.txt,file_modified,alert_only,critical,2026-09-18 03:01:41.803057+00,2026-09-18 03:03:23.197544+00
04ba5b18-2b79-4ca9-83a4-fd3eab85c23d,/srv/fim-watch/gen_00036.txt,file_modified,alert_only,high,2026-09-18 03:01:42.002625+00,2026-09-18 03:03:23.214091+00
ac1465a6-55dd-4d83-8731-265c9a9280b9,/srv/fim-watch/gen_00483.txt,file_modified,alert_only,high,2026-09-18 03:01:42.103308+00,2026-09-18 03:03:23.231324+00
89bcc7f8-62c0-413b-9010-c9002748251e,/srv/fim-watch/gen_00157.txt,file_modified,alert_only,high,2026-09-18 03:01:42.202565+00,2026-09-18 03:03:23.248222+00
0578f9d8-2db2-416e-bc35-bc0c33a067b4,/srv/fim-watch/gen_00157.txt,file_modified,alert_only,high,2026-09-18 03:01:42.30294+00,2026-09-18 03:03:23.264912+00
e44c7a1b-df1c-439c-88de-294e787667cc,/srv/fim-watch/critico/gen_00262.txt,file_modified,alert_only,critical,2026-09-18 03:01:42.403236+00,2026-09-18 03:03:23.281627+00
3c679ea7-5eee-42a3-84b0-993eeef4d202,/srv/fim-watch/gen_00385.txt,file_modified,alert_only,high,2026-09-18 03:01:42.503224+00,2026-09-18 03:03:23.298496+00
938f08a1-e4ab-4c46-b63b-d83d3cfed7d6,/srv/fim-watch/gen_00268.txt,file_modified,alert_only,high,2026-09-18 03:01:42.603235+00,2026-09-18 03:03:23.315262+00
c59e8d9a-c77c-4726-9f7d-8304917121ac,/srv/fim-watch/critico/gen_00437.txt,file_modified,alert_only,critical,2026-09-18 03:01:42.703544+00,2026-09-18 03:03:23.333+00
70278983-20c2-48cf-a30f-c07b91ced31d,/srv/fim-watch/gen_00335.txt,file_deleted,alert_only,high,2026-09-18 03:01:42.803151+00,2026-09-18 03:03:23.349832+00
f06fa71c-8356-4e0c-bd40-6d3119c7c1c2,/srv/fim-watch/gen_00350.txt,file_modified,alert_only,high,2026-09-18 03:01:42.90371+00,2026-09-18 03:03:23.367371+00
bc20f009-f6a0-4e35-84ad-a1757b6c53e4,/srv/fim-watch/gen_00484.txt,file_modified,alert_only,high,2026-09-18 03:01:43.002135+00,2026-09-18 03:03:23.382216+00
7d91228a-86ab-40b8-8a55-8784aa340cd4,/srv/fim-watch/gen_00484.txt,file_deleted,alert_only,high,2026-09-18 03:01:43.103194+00,2026-09-18 03:03:23.397154+00
7cd05511-da3a-4b9e-ba53-35e4287df16d,/srv/fim-watch/gen_00365.txt,file_modified,alert_only,high,2026-09-18 03:01:43.203137+00,2026-09-18 03:03:23.411862+00
52555574-766c-491f-b437-26cc6e7d4f4b,/srv/fim-watch/critico/gen_00344.txt,file_modified,alert_only,critical,2026-09-18 03:01:43.503233+00,2026-09-18 03:03:23.428238+00
da12a588-92c7-43da-8947-6d3f7b8bf6e7,/srv/fim-watch/gen_00213.txt,file_modified,alert_only,high,2026-09-18 03:01:43.602235+00,2026-09-18 03:03:23.444815+00
de516ca9-d06c-4c8e-898a-19b65ed17840,/srv/fim-watch/gen_00213.txt,file_modified,alert_only,high,2026-09-18 03:01:43.703177+00,2026-09-18 03:03:23.461717+00
64996bc3-d0f0-4b27-9a98-bd660592578c,/srv/fim-watch/critico/gen_00409.txt,file_modified,alert_only,critical,2026-09-18 03:01:43.804759+00,2026-09-18 03:03:23.478788+00
4c187852-cf5d-40b9-958b-76a53e550c72,/srv/fim-watch/critico/gen_00488.txt,file_modified,alert_only,critical,2026-09-18 03:01:44.002831+00,2026-09-18 03:03:23.4965+00
45f497b3-af39-498e-9aae-bae80cd2f9d8,/srv/fim-watch/gen_00303.txt,file_modified,alert_only,high,2026-09-18 03:01:44.103481+00,2026-09-18 03:03:23.512125+00
862cf340-42f2-4e63-bea8-4c5fdf93707e,/srv/fim-watch/gen_00096.txt,file_modified,alert_only,high,2026-09-18 03:01:44.203256+00,2026-09-18 03:03:23.526411+00
161ed37b-11d7-4fae-a7f8-146de03ae936,/srv/fim-watch/gen_00285.txt,file_modified,alert_only,high,2026-09-18 03:01:44.302656+00,2026-09-18 03:03:23.540823+00
523c4a31-c75e-4c96-9853-f34ea5d9d960,/srv/fim-watch/gen_00285.txt,file_modified,alert_only,high,2026-09-18 03:01:44.402411+00,2026-09-18 03:03:23.555327+00
92a54d3a-e884-41de-b304-77ddc17d4667,/srv/fim-watch/gen_00285.txt,file_modified,alert_only,high,2026-09-18 03:01:44.502997+00,2026-09-18 03:03:23.570693+00
4b102f78-3c70-4c83-85cb-b64e0ea3955c,/srv/fim-watch/gen_00285.txt,file_modified,alert_only,high,2026-09-18 03:01:44.602945+00,2026-09-18 03:03:23.585528+00
08ab49fe-fda2-4b77-a2fa-183b8d281702,/srv/fim-watch/gen_00285.txt,file_modified,alert_only,high,2026-09-18 03:01:44.70356+00,2026-09-18 03:03:23.600348+00
2f716aaa-a5e1-419a-8e49-707e92a4a275,/srv/fim-watch/gen_00400.txt,file_modified,alert_only,high,2026-09-18 03:01:44.802848+00,2026-09-18 03:03:23.61528+00
ea04e527-4eec-4f07-aae4-753e1021ffa5,/srv/fim-watch/gen_00489.txt,file_modified,alert_only,high,2026-09-18 03:01:44.9035+00,2026-09-18 03:03:23.630286+00
91c5dd1a-d4c2-4a28-bff9-61f5a86f8545,/srv/fim-watch/gen_00485.txt,file_modified,alert_only,high,2026-09-18 03:01:45.003211+00,2026-09-18 03:03:23.645148+00
763ba08b-aab4-4f9a-afcf-7d4f08e75b87,/srv/fim-watch/gen_00458.txt,file_modified,alert_only,high,2026-09-18 03:01:45.103164+00,2026-09-18 03:03:23.660254+00
97e4a710-4883-42fb-b7ee-fb1e727445c8,/srv/fim-watch/critico/gen_00191.txt,file_modified,alert_only,critical,2026-09-18 03:01:45.303471+00,2026-09-18 03:03:23.675391+00
672a5ba4-cabb-453e-84b6-19dfb80e3c66,/srv/fim-watch/critico/gen_00189.txt,file_modified,alert_only,critical,2026-09-18 03:01:45.40345+00,2026-09-18 03:03:23.691439+00
5b26305c-7fef-4731-b12f-c5d79348c2f5,/srv/fim-watch/gen_00436.txt,file_modified,alert_only,high,2026-09-18 03:01:45.503268+00,2026-09-18 03:03:23.706294+00
2423fa0b-021d-45aa-8d34-24fc9744ccd4,/srv/fim-watch/gen_00491.txt,file_modified,alert_only,high,2026-09-18 03:01:45.703254+00,2026-09-18 03:03:23.722467+00
a6252e95-5323-4c44-853c-bd57d66050c1,/srv/fim-watch/gen_00163.txt,file_modified,alert_only,high,2026-09-18 03:01:45.803545+00,2026-09-18 03:03:23.737887+00
604eff96-1915-4a53-bbd5-4a22df9ee16e,/srv/fim-watch/gen_00436.txt,file_modified,alert_only,high,2026-09-18 03:01:45.903526+00,2026-09-18 03:03:23.753915+00
ebfcf833-be9a-4522-8216-763d84a20ea9,/srv/fim-watch/gen_00479.txt,file_modified,alert_only,high,2026-09-18 03:01:46.003504+00,2026-09-18 03:03:23.770985+00
fa5bb261-43f4-4c7a-be17-af09193148d5,/srv/fim-watch/gen_00479.txt,file_modified,alert_only,high,2026-09-18 03:01:46.103302+00,2026-09-18 03:03:23.787742+00
a94b9823-8799-47db-9c6e-c8580d8d2700,/srv/fim-watch/gen_00042.txt,file_modified,alert_only,high,2026-09-18 03:01:46.20327+00,2026-09-18 03:03:23.804526+00
5c4df574-8600-482a-8e4d-9a2903302b76,/srv/fim-watch/gen_00157.txt,file_deleted,alert_only,high,2026-09-18 03:01:46.302807+00,2026-09-18 03:03:23.821554+00
e3db0139-ed8b-4034-bc02-9177201518a1,/srv/fim-watch/gen_00492.txt,file_modified,alert_only,high,2026-09-18 03:01:46.403336+00,2026-09-18 03:03:23.838502+00
917e3456-857b-4107-ac26-dcfea77a07db,/srv/fim-watch/gen_00282.txt,file_deleted,alert_only,high,2026-09-18 03:01:46.503708+00,2026-09-18 03:03:23.855322+00
f5e72b58-6811-4e27-94d3-4365e04273e4,/srv/fim-watch/gen_00439.txt,file_modified,alert_only,high,2026-09-18 03:01:46.603395+00,2026-09-18 03:03:23.872152+00
47ba9de8-e4b5-4547-8c0c-0645d049307e,/srv/fim-watch/gen_00325.txt,file_modified,alert_only,high,2026-09-18 03:01:46.704104+00,2026-09-18 03:03:23.889081+00
ed2c2de9-392d-4e1c-b0d8-92e611480caf,/srv/fim-watch/gen_00325.txt,file_modified,alert_only,high,2026-09-18 03:01:46.803575+00,2026-09-18 03:03:23.917288+00
66cb248a-2645-4fc5-a6d0-f56b074935f7,/srv/fim-watch/gen_00493.txt,file_modified,alert_only,high,2026-09-18 03:01:46.903057+00,2026-09-18 03:03:23.924467+00
eed67f57-2139-4001-980e-9be56e85ab12,/srv/fim-watch/critico/gen_00461.txt,file_deleted,alert_only,critical,2026-09-18 03:01:47.002769+00,2026-09-18 03:03:23.941145+00
6368fe2b-d32d-4cad-add2-5364eec7d722,/srv/fim-watch/critico/gen_00061.txt,file_modified,alert_only,critical,2026-09-18 03:01:47.103165+00,2026-09-18 03:03:23.958074+00
98e2f63b-7b1d-4589-af6a-ca2c7fb3f0ed,/srv/fim-watch/critico/gen_00061.txt,file_modified,alert_only,critical,2026-09-18 03:01:47.203776+00,2026-09-18 03:03:23.975412+00
1b427913-9cef-4f20-9154-282954fce432,/srv/fim-watch/gen_00494.txt,file_modified,alert_only,high,2026-09-18 03:01:47.302908+00,2026-09-18 03:03:23.991173+00
4a07ca26-1cb1-4378-b53f-a0f090df29b9,/srv/fim-watch/gen_00477.txt,file_modified,alert_only,high,2026-09-18 03:01:47.4034+00,2026-09-18 03:03:24.007438+00
42784a4a-dd83-4241-8662-2d7a515d1e50,/srv/fim-watch/gen_00477.txt,file_modified,alert_only,high,2026-09-18 03:01:47.502933+00,2026-09-18 03:03:24.023623+00
1d9f09dc-3885-42d3-8aa1-f83aa0b7f5b2,/srv/fim-watch/critico/gen_00408.txt,file_deleted,alert_only,critical,2026-09-18 03:01:47.603225+00,2026-09-18 03:03:24.040662+00
c372c7df-43e9-4207-873f-6065f05aa928,/srv/fim-watch/gen_00395.txt,file_modified,alert_only,high,2026-09-18 03:01:47.703799+00,2026-09-18 03:03:24.058386+00
adc4924c-0849-4a9a-874a-ab05eaf51dba,/srv/fim-watch/critico/gen_00153.txt,file_modified,alert_only,critical,2026-09-18 03:01:47.803201+00,2026-09-18 03:03:24.076671+00
5d989f7b-f2aa-4638-974e-4b320f4884cd,/srv/fim-watch/critico/gen_00322.txt,file_modified,alert_only,critical,2026-09-18 03:01:47.903528+00,2026-09-18 03:03:24.095051+00
26d0a8b9-77fd-497e-8de0-94a9238470e8,/srv/fim-watch/gen_00416.txt,file_modified,alert_only,high,2026-09-18 03:01:48.003729+00,2026-09-18 03:03:24.113003+00
36b4ee27-0d41-4e3e-ad89-37aa8d0389b4,/srv/fim-watch/gen_00219.txt,file_modified,alert_only,high,2026-09-18 03:01:48.103436+00,2026-09-18 03:03:24.130684+00
946cd683-83fb-42cf-be41-804807a655bc,/srv/fim-watch/gen_00219.txt,file_modified,alert_only,high,2026-09-18 03:01:48.204094+00,2026-09-18 03:03:24.147926+00
8709162f-3989-4ac4-998d-408e2c6751af,/srv/fim-watch/gen_00050.txt,file_modified,alert_only,high,2026-09-18 03:01:48.303759+00,2026-09-18 03:03:24.164771+00
c3deacdf-3085-4cff-afce-1450a797e58c,/srv/fim-watch/gen_00098.txt,file_modified,alert_only,high,2026-09-18 03:01:48.403384+00,2026-09-18 03:03:24.182514+00
bedc40c2-25bf-4a30-a672-800163002290,/srv/fim-watch/gen_00325.txt,file_modified,alert_only,high,2026-09-18 03:01:48.503735+00,2026-09-18 03:03:24.201+00
8f5e6070-d818-420b-a131-89f43bd56b59,/srv/fim-watch/critico/gen_00415.txt,file_modified,alert_only,critical,2026-09-18 03:01:48.603499+00,2026-09-18 03:03:24.217842+00
181b41f9-2524-48cc-9cfa-0674ee4dd10c,/srv/fim-watch/gen_00496.txt,file_modified,alert_only,high,2026-09-18 03:01:48.803468+00,2026-09-18 03:03:24.234946+00
16703007-8c31-4d38-850a-8d3e0d795292,/srv/fim-watch/gen_00496.txt,file_deleted,alert_only,high,2026-09-18 03:01:48.902692+00,2026-09-18 03:03:24.251737+00
47028468-1674-4392-a146-ef6b20283b8b,/srv/fim-watch/gen_00311.txt,file_modified,alert_only,high,2026-09-18 03:01:49.005246+00,2026-09-18 03:03:24.268618+00
fa3cfe14-448f-4ba0-ad45-fb2af3423c78,/srv/fim-watch/gen_00166.txt,file_modified,alert_only,high,2026-09-18 03:01:49.104824+00,2026-09-18 03:03:24.284142+00
704b076e-6a2a-476c-9b84-6ded80647b5f,/srv/fim-watch/gen_00425.txt,file_modified,alert_only,high,2026-09-18 03:01:49.202799+00,2026-09-18 03:03:24.299535+00
3c5971c9-ba03-4ddd-b959-e450d9d8a3cb,/srv/fim-watch/gen_00497.txt,file_modified,alert_only,high,2026-09-18 03:01:49.302988+00,2026-09-18 03:03:24.314873+00
90076d5a-0318-4c3c-8cda-f212d3c36952,/srv/fim-watch/gen_00128.txt,file_modified,alert_only,high,2026-09-18 03:01:49.403893+00,2026-09-18 03:03:24.33244+00
842a4768-5529-4f57-a0b3-1db76fe92d57,/srv/fim-watch/gen_00375.txt,file_deleted,alert_only,high,2026-09-18 03:01:49.503824+00,2026-09-18 03:03:24.349225+00
65eea292-f165-473f-82b6-9f3ec5612cf9,/srv/fim-watch/gen_00498.txt,file_modified,alert_only,high,2026-09-18 03:01:49.603246+00,2026-09-18 03:03:24.364407+00
0e371869-8293-40fd-970a-8b84bf549992,/srv/fim-watch/gen_00468.txt,file_modified,alert_only,high,2026-09-18 03:01:49.70313+00,2026-09-18 03:03:24.380518+00
948473ba-138c-4707-a199-dae6c1e05b53,/srv/fim-watch/gen_00410.txt,file_modified,alert_only,high,2026-09-18 03:01:49.9029+00,2026-09-18 03:03:24.39586+00
0af50650-6b2c-4d4a-ad9a-aea5104bb3b7,/srv/fim-watch/gen_00410.txt,file_modified,alert_only,high,2026-09-18 03:01:50.00295+00,2026-09-18 03:03:24.411091+00
59b2e54d-fa68-4af5-91bd-f3bbf28345ff,/srv/fim-watch/gen_00355.txt,file_modified,alert_only,high,2026-09-18 03:01:50.102174+00,2026-09-18 03:03:24.426693+00
fe995988-f7d2-4c35-9eea-77b45defcd74,/srv/fim-watch/gen_00355.txt,file_modified,alert_only,high,2026-09-18 03:01:50.202758+00,2026-09-18 03:03:24.441691+00
a08fb88d-191c-4be4-9c69-5329dd7fad00,/srv/fim-watch/gen_00478.txt,file_modified,alert_only,high,2026-09-18 03:01:50.303612+00,2026-09-18 03:03:24.457132+00
7d20d5f9-5194-4bd9-ba20-e6f2e62d3f83,/srv/fim-watch/gen_00291.txt,file_modified,alert_only,high,2026-09-18 03:01:50.403573+00,2026-09-18 03:03:24.472354+00
09a5319a-bff8-45f1-88b4-1b5bc352380f,/srv/fim-watch/gen_00500.txt,file_modified,alert_only,high,2026-09-18 03:01:50.503583+00,2026-09-18 03:03:24.487938+00
c437006f-7563-45cd-9d3a-9cf03d030fb6,/srv/fim-watch/gen_00501.txt,file_modified,alert_only,high,2026-09-18 03:01:50.603827+00,2026-09-18 03:03:24.505457+00
350e38be-47c7-4d95-b3cb-07588d07f3e5,/srv/fim-watch/critico/gen_00502.txt,file_modified,alert_only,critical,2026-09-18 03:01:50.703472+00,2026-09-18 03:03:24.523407+00
a3bc6777-505d-4c26-9cbb-b2d28b6e9dd7,/srv/fim-watch/critico/gen_00488.txt,file_modified,alert_only,critical,2026-09-18 03:01:50.803586+00,2026-09-18 03:03:24.542642+00
7a15c19c-7ab2-4aa4-a508-61aab5836a8c,/srv/fim-watch/critico/gen_00488.txt,file_modified,alert_only,critical,2026-09-18 03:01:50.902957+00,2026-09-18 03:03:24.560722+00
eb54d3b0-bc9a-4a48-9b33-120547688864,/srv/fim-watch/gen_00474.txt,file_modified,alert_only,high,2026-09-18 03:01:51.00404+00,2026-09-18 03:03:24.576186+00
4e8c1298-7bd0-4d0e-a2b2-697f83d56120,/srv/fim-watch/gen_00320.txt,file_modified,alert_only,high,2026-09-18 03:01:51.1034+00,2026-09-18 03:03:24.591959+00
a6ad9ced-513a-46b5-a86f-449d452f627d,/srv/fim-watch/gen_00329.txt,file_modified,alert_only,high,2026-09-18 03:01:51.203584+00,2026-09-18 03:03:24.607309+00
4c6f5f23-58f0-4fd2-93dc-05734b5186e8,/srv/fim-watch/gen_00436.txt,file_modified,alert_only,high,2026-09-18 03:01:51.303115+00,2026-09-18 03:03:24.622323+00
89906858-7068-4489-9802-6b7e1d414e51,/srv/fim-watch/gen_00384.txt,file_modified,alert_only,high,2026-09-18 03:01:51.403538+00,2026-09-18 03:03:24.637552+00
8240a845-197a-46f2-89a5-4dae246aab87,/srv/fim-watch/gen_00384.txt,file_modified,alert_only,high,2026-09-18 03:01:51.503966+00,2026-09-18 03:03:24.652837+00
02f67fee-5204-4486-8d7b-15fdf0d0eaf6,/srv/fim-watch/critico/gen_00280.txt,file_modified,alert_only,critical,2026-09-18 03:01:51.603308+00,2026-09-18 03:03:24.66809+00
635821a7-cb74-4927-aa2d-662117fd9298,/srv/fim-watch/gen_00459.txt,file_modified,alert_only,high,2026-09-18 03:01:51.80358+00,2026-09-18 03:03:24.683418+00
cfe9c720-996f-4c92-9245-0f893dff66db,/srv/fim-watch/gen_00430.txt,file_modified,alert_only,high,2026-09-18 03:01:51.90435+00,2026-09-18 03:03:24.698936+00
5da1b602-f26a-417f-9df5-09abfc1f4fe0,/srv/fim-watch/gen_00384.txt,file_modified,alert_only,high,2026-09-18 03:01:52.003614+00,2026-09-18 03:03:24.714486+00
1d9de828-46a1-495d-b752-6b869e9be2e7,/srv/fim-watch/critico/gen_00437.txt,file_modified,alert_only,critical,2026-09-18 03:01:52.103255+00,2026-09-18 03:03:24.739829+00
cfdc456b-f8ea-4c8f-b148-670afc83486d,/srv/fim-watch/gen_00325.txt,file_modified,alert_only,high,2026-09-18 03:01:52.203949+00,2026-09-18 03:03:24.746361+00
dd00824b-0d3a-4cd6-b821-12d7acd887ce,/srv/fim-watch/gen_00460.txt,file_modified,alert_only,high,2026-09-18 03:01:52.302504+00,2026-09-18 03:03:24.761468+00
9a32d972-c964-47f8-83df-c126a2dd62a4,/srv/fim-watch/gen_00387.txt,file_modified,alert_only,high,2026-09-18 03:01:52.403356+00,2026-09-18 03:03:24.776707+00
6858e419-4743-4608-ab37-8b802d0cf7ae,/srv/fim-watch/gen_00504.txt,file_modified,alert_only,high,2026-09-18 03:01:52.503189+00,2026-09-18 03:03:24.792187+00
0b506a24-efac-4c76-acba-70ea93a1b8bc,/srv/fim-watch/gen_00434.txt,file_modified,alert_only,high,2026-09-18 03:01:52.603988+00,2026-09-18 03:03:24.807336+00
9510b442-323d-4870-9742-ea6c65a59c80,/srv/fim-watch/gen_00505.txt,file_modified,alert_only,high,2026-09-18 03:01:52.70318+00,2026-09-18 03:03:24.823644+00
38e97e11-0aaf-4b45-b37f-4e978e302e72,/srv/fim-watch/critico/gen_00428.txt,file_modified,alert_only,critical,2026-09-18 03:01:52.802655+00,2026-09-18 03:03:24.841227+00
c44a64f3-0e10-4872-b5d3-b99c9b57f594,/srv/fim-watch/gen_00317.txt,file_deleted,alert_only,high,2026-09-18 03:01:52.903171+00,2026-09-18 03:03:24.859151+00
56c88ab4-27ee-4421-b3cb-bd424e38bc9b,/srv/fim-watch/gen_00368.txt,file_deleted,alert_only,high,2026-09-18 03:01:53.00349+00,2026-09-18 03:03:24.877228+00
03fc365b-02f9-402a-81fa-a1e79d682691,/srv/fim-watch/critico/gen_00506.txt,file_modified,alert_only,critical,2026-09-18 03:01:53.103331+00,2026-09-18 03:03:24.895381+00
43273cf2-effa-4439-b2be-460a0feb0154,/srv/fim-watch/critico/gen_00506.txt,file_deleted,alert_only,critical,2026-09-18 03:01:53.203508+00,2026-09-18 03:03:24.913596+00
5bba4736-12f5-4707-8c86-69c137bb6721,/srv/fim-watch/critico/gen_00444.txt,file_modified,alert_only,critical,2026-09-18 03:01:53.302899+00,2026-09-18 03:03:24.932144+00
9dbeb12a-4d70-48de-bd2d-7fb4f3653c9d,/srv/fim-watch/gen_00507.txt,file_modified,alert_only,high,2026-09-18 03:01:53.503338+00,2026-09-18 03:03:24.95069+00
9a92bb98-8f6e-4367-b716-f931eaca0487,/srv/fim-watch/gen_00400.txt,file_modified,alert_only,high,2026-09-18 03:01:53.603275+00,2026-09-18 03:03:24.968799+00
421958c4-15b6-4cbe-944b-87d347555c30,/srv/fim-watch/gen_00299.txt,file_modified,alert_only,high,2026-09-18 03:01:53.703221+00,2026-09-18 03:03:24.985736+00
397357f0-c764-4121-981f-9ce2f2f8a1d3,/srv/fim-watch/gen_00299.txt,file_modified,alert_only,high,2026-09-18 03:01:53.803153+00,2026-09-18 03:03:25.007977+00
f44c4f30-b668-4294-9dfa-a0e2781ad6a4,/srv/fim-watch/gen_00249.txt,file_modified,alert_only,high,2026-09-18 03:01:53.90355+00,2026-09-18 03:03:25.033721+00
e16d2566-bddc-4dd5-9555-2f113a8c9993,/srv/fim-watch/gen_00439.txt,file_modified,alert_only,high,2026-09-18 03:01:54.003235+00,2026-09-18 03:03:25.050568+00
867bc866-2198-425a-878c-451ce6a5268a,/srv/fim-watch/critico/gen_00272.txt,file_modified,alert_only,critical,2026-09-18 03:01:54.104008+00,2026-09-18 03:03:25.068227+00
302354a7-bc61-496f-923a-f0a2eb27c504,/srv/fim-watch/gen_00188.txt,file_modified,alert_only,high,2026-09-18 03:01:54.204008+00,2026-09-18 03:03:25.081599+00
160e156a-64b9-4bd2-aef2-9fd5c8dcfb48,/srv/fim-watch/gen_00487.txt,file_modified,alert_only,high,2026-09-18 03:01:54.303747+00,2026-09-18 03:03:25.097263+00
c0a61376-67b5-4046-af6e-7010b7f4c1d8,/srv/fim-watch/critico/gen_00369.txt,file_modified,alert_only,critical,2026-09-18 03:01:54.40265+00,2026-09-18 03:03:25.111073+00
0aadeaf2-defe-4def-96ac-9beaaa173e89,/srv/fim-watch/critico/gen_00156.txt,file_modified,alert_only,critical,2026-09-18 03:01:54.503228+00,2026-09-18 03:03:25.124461+00
70ecbacd-fd39-44e3-866d-0e9695931760,/srv/fim-watch/gen_00503.txt,file_modified,alert_only,high,2026-09-18 03:01:54.602589+00,2026-09-18 03:03:25.144642+00
d5520818-7cb5-44db-ade8-ee329c089587,/srv/fim-watch/critico/gen_00189.txt,file_modified,alert_only,critical,2026-09-18 03:01:54.703317+00,2026-09-18 03:03:25.167235+00
c362af48-0ec4-4760-b026-a80bd65ebf38,/srv/fim-watch/gen_00489.txt,file_modified,alert_only,high,2026-09-18 03:01:54.903562+00,2026-09-18 03:03:25.181524+00
56c7e91c-9ea9-4ad2-8bff-5e043a736d0b,/srv/fim-watch/gen_00504.txt,file_modified,alert_only,high,2026-09-18 03:01:55.003124+00,2026-09-18 03:03:25.194306+00
9acb5fc4-99c7-4d2e-8613-079bef847d7b,/srv/fim-watch/gen_00298.txt,file_modified,alert_only,high,2026-09-18 03:01:55.303286+00,2026-09-18 03:03:25.208346+00
9c5dbaf1-3335-421f-872e-ad069c7201f4,/srv/fim-watch/critico/gen_00511.txt,file_modified,alert_only,critical,2026-09-18 03:01:55.402165+00,2026-09-18 03:03:25.224239+00
724609ad-5eee-4b38-b1fd-d730a6a07a5a,/srv/fim-watch/critico/gen_00511.txt,file_deleted,alert_only,critical,2026-09-18 03:01:55.503907+00,2026-09-18 03:03:25.241044+00
23ba9691-8baf-48f7-8a35-2d559f7fe733,/srv/fim-watch/gen_00352.txt,file_modified,alert_only,high,2026-09-18 03:01:55.603097+00,2026-09-18 03:03:25.258062+00
c3860874-845f-4928-ae29-b0788c328f92,/srv/fim-watch/critico/gen_00130.txt,file_modified,alert_only,critical,2026-09-18 03:01:55.702573+00,2026-09-18 03:03:25.274866+00
f7cdc365-e15d-4ff5-baeb-c3e64c07da22,/srv/fim-watch/critico/gen_00457.txt,file_deleted,alert_only,critical,2026-09-18 03:01:55.802581+00,2026-09-18 03:03:25.29274+00
de352350-ed28-48e6-be81-8d0bfc050c7b,/srv/fim-watch/gen_00418.txt,file_modified,alert_only,high,2026-09-18 03:01:55.903409+00,2026-09-18 03:03:25.310591+00
e37094b9-20ce-45d9-b2e4-90ae8d08aea1,/srv/fim-watch/gen_00417.txt,file_modified,alert_only,high,2026-09-18 03:01:56.003477+00,2026-09-18 03:03:25.334116+00
6d35e8c0-1181-4e3e-ae02-d373a7b63147,/srv/fim-watch/gen_00126.txt,file_modified,alert_only,high,2026-09-18 03:01:56.103805+00,2026-09-18 03:03:25.356542+00
79e755f0-05a8-4c6c-8e5c-16ed93959070,/srv/fim-watch/gen_00255.txt,file_deleted,alert_only,high,2026-09-18 03:01:56.202882+00,2026-09-18 03:03:25.374229+00
cd8cc7cc-f842-4818-a786-b7daffa989bf,/srv/fim-watch/gen_00477.txt,file_modified,alert_only,high,2026-09-18 03:01:56.3031+00,2026-09-18 03:03:25.389487+00
caa2cf26-c72f-419c-9474-a34c1acea264,/srv/fim-watch/critico/gen_00512.txt,file_modified,alert_only,critical,2026-09-18 03:01:56.403111+00,2026-09-18 03:03:25.406654+00
2f948719-36e4-4eaf-943f-c68cbcdccd62,/srv/fim-watch/gen_00228.txt,file_modified,alert_only,high,2026-09-18 03:01:56.50369+00,2026-09-18 03:03:25.431279+00
97b8d342-b4e0-4df5-acf1-3a7a2b4e1d81,/srv/fim-watch/gen_00513.txt,file_modified,alert_only,high,2026-09-18 03:01:56.6034+00,2026-09-18 03:03:25.453307+00
ff197e61-266c-4d75-a121-e752e81bc492,/srv/fim-watch/gen_00514.txt,file_modified,alert_only,high,2026-09-18 03:01:56.703562+00,2026-09-18 03:03:25.4676+00
0ddff83f-a7fe-4dec-9815-435fa2746fa0,/srv/fim-watch/critico/gen_00344.txt,file_deleted,alert_only,critical,2026-09-18 03:01:56.802481+00,2026-09-18 03:03:25.481367+00
788c7319-c408-4ac0-a521-1f73843616fe,/srv/fim-watch/gen_00117.txt,file_modified,alert_only,high,2026-09-18 03:01:56.903736+00,2026-09-18 03:03:25.495822+00
fc14341c-3b83-48a6-84ba-23809aee5142,/srv/fim-watch/gen_00453.txt,file_modified,alert_only,high,2026-09-18 03:01:57.003378+00,2026-09-18 03:03:25.50968+00
74b08589-fabf-4ec4-a2a6-b37f943871ae,/srv/fim-watch/gen_00453.txt,file_modified,alert_only,high,2026-09-18 03:01:57.102938+00,2026-09-18 03:03:25.523614+00
7f4e0a2f-1b8f-453d-b3d3-131bbd985942,/srv/fim-watch/gen_00215.txt,file_modified,alert_only,high,2026-09-18 03:01:57.203473+00,2026-09-18 03:03:25.537652+00
3d559659-e32d-4be7-92ae-3b979112ff51,/srv/fim-watch/gen_00394.txt,file_deleted,alert_only,high,2026-09-18 03:01:57.303171+00,2026-09-18 03:03:25.552507+00
af63e7be-bf22-4a7b-b740-6cd755ab846c,/srv/fim-watch/gen_00515.txt,file_modified,alert_only,high,2026-09-18 03:01:57.402667+00,2026-09-18 03:03:25.567627+00
2d4d16a9-3ec1-43e4-840c-a33c238f0ac8,/srv/fim-watch/critico/gen_00209.txt,file_modified,alert_only,critical,2026-09-18 03:01:57.502568+00,2026-09-18 03:03:25.593198+00
75fe71f1-f912-4547-a07e-476d42f478a8,/srv/fim-watch/critico/gen_00361.txt,file_modified,alert_only,critical,2026-09-18 03:01:57.602509+00,2026-09-18 03:03:25.600784+00
f6b6ee28-5a37-42e8-9878-d4da4b5acd1c,/srv/fim-watch/critico/gen_00516.txt,file_modified,alert_only,critical,2026-09-18 03:01:57.703019+00,2026-09-18 03:03:25.61636+00
00ffd9f7-af2b-4dae-a819-fd645320533d,/srv/fim-watch/gen_00517.txt,file_modified,alert_only,high,2026-09-18 03:01:57.802527+00,2026-09-18 03:03:25.63304+00
5d7de4ad-a876-4e7a-a4fb-2b58900f7271,/srv/fim-watch/gen_00486.txt,file_modified,alert_only,high,2026-09-18 03:01:57.90312+00,2026-09-18 03:03:25.650893+00
675ed307-a433-4dcb-974b-5aa591ca5d8e,/srv/fim-watch/gen_00291.txt,file_modified,alert_only,high,2026-09-18 03:01:58.003484+00,2026-09-18 03:03:25.67019+00
830129ea-b2de-4a67-ba6f-6b40e2442749,/srv/fim-watch/gen_00291.txt,file_modified,alert_only,high,2026-09-18 03:01:58.103425+00,2026-09-18 03:03:25.689868+00
c96d7735-612c-4da3-bb8f-915421c5ca13,/srv/fim-watch/gen_00160.txt,file_modified,alert_only,high,2026-09-18 03:01:58.203482+00,2026-09-18 03:03:25.707363+00
df2ac50e-e429-4fba-b47c-0b5f911ef24b,/srv/fim-watch/gen_00160.txt,file_modified,alert_only,high,2026-09-18 03:01:58.302502+00,2026-09-18 03:03:25.722944+00
a5d43643-5615-45c1-b3cf-8d7c339b4f29,/srv/fim-watch/gen_00458.txt,file_modified,alert_only,high,2026-09-18 03:01:58.403142+00,2026-09-18 03:03:25.74038+00
7a0feb90-3e95-4b37-af6a-4b00ad54c933,/srv/fim-watch/gen_00518.txt,file_modified,alert_only,high,2026-09-18 03:01:58.50339+00,2026-09-18 03:03:25.761592+00
8ae47082-1158-4321-b2ca-2e62f3ba745c,/srv/fim-watch/gen_00249.txt,file_deleted,alert_only,high,2026-09-18 03:01:58.603449+00,2026-09-18 03:03:25.77928+00
12df6c09-09da-4611-9496-5a1825d97294,/srv/fim-watch/gen_00429.txt,file_modified,alert_only,high,2026-09-18 03:01:58.703521+00,2026-09-18 03:03:25.79538+00
2b3ca42e-a438-4b9a-868c-ed233c090da7,/srv/fim-watch/gen_00429.txt,file_modified,alert_only,high,2026-09-18 03:01:58.802404+00,2026-09-18 03:03:25.81127+00
f3db0695-d965-4879-84ff-6287a528ede3,/srv/fim-watch/critico/gen_00451.txt,file_modified,alert_only,critical,2026-09-18 03:01:58.903268+00,2026-09-18 03:03:25.826008+00
63743094-11a6-4c0a-ac7e-91545ceee8d4,/srv/fim-watch/gen_00395.txt,file_modified,alert_only,high,2026-09-18 03:01:59.002936+00,2026-09-18 03:03:25.839482+00
c4de10d9-19db-47d6-83ed-60a38486f6fb,/srv/fim-watch/gen_00519.txt,file_modified,alert_only,high,2026-09-18 03:01:59.10343+00,2026-09-18 03:03:25.852393+00
9c103b2d-533a-4a8e-b636-13fc9384182b,/srv/fim-watch/gen_00501.txt,file_modified,alert_only,high,2026-09-18 03:01:59.203603+00,2026-09-18 03:03:25.86628+00
70d3ef63-ca65-444f-8cbe-2a0396de987e,/srv/fim-watch/gen_00475.txt,file_modified,alert_only,high,2026-09-18 03:01:59.303621+00,2026-09-18 03:03:25.881096+00
a142f8b5-3dce-4b39-b81f-f79c07f9f413,/srv/fim-watch/critico/gen_00280.txt,file_modified,alert_only,critical,2026-09-18 03:01:59.403457+00,2026-09-18 03:03:25.897439+00
ff143652-9a7a-4f4a-ab04-2a778e2b90ac,/srv/fim-watch/critico/gen_00280.txt,file_modified,alert_only,critical,2026-09-18 03:01:59.502395+00,2026-09-18 03:03:25.915358+00
e317b359-827d-4cb8-9f65-50ea2f2e6707,/srv/fim-watch/critico/gen_00280.txt,file_modified,alert_only,critical,2026-09-18 03:01:59.603649+00,2026-09-18 03:03:25.931405+00
50ef5bd8-5c51-4001-a8b2-dca9b8c3cd7a,/srv/fim-watch/critico/gen_00280.txt,file_modified,alert_only,critical,2026-09-18 03:01:59.702912+00,2026-09-18 03:03:25.947836+00
775021a1-7752-40a4-a955-aea274d5bea0,/srv/fim-watch/critico/gen_00280.txt,file_modified,alert_only,critical,2026-09-18 03:01:59.802743+00,2026-09-18 03:03:25.964995+00
d2413df1-4d19-44ba-b728-13f9671fba43,/srv/fim-watch/critico/gen_00391.txt,file_modified,alert_only,critical,2026-09-18 03:01:59.90347+00,2026-09-18 03:03:25.982589+00
04a3e254-58da-41cb-a42c-b6452586402a,/srv/fim-watch/gen_00520.txt,file_modified,alert_only,high,2026-09-18 03:02:00.003008+00,2026-09-18 03:03:25.99951+00
8e070db6-d5c0-4618-b0f6-8d20603894bd,/srv/fim-watch/gen_00521.txt,file_modified,alert_only,high,2026-09-18 03:02:00.103464+00,2026-09-18 03:03:26.016455+00
eb448204-d75e-4691-a615-d09069409352,/srv/fim-watch/gen_00520.txt,file_modified,alert_only,high,2026-09-18 03:02:00.203009+00,2026-09-18 03:03:26.032744+00
fb4b300c-95fe-4198-996c-723bf6059268,/srv/fim-watch/gen_00464.txt,file_modified,alert_only,high,2026-09-18 03:02:00.30282+00,2026-09-18 03:03:26.048504+00
323e2d1d-5822-4fd9-9500-9a7745da05b7,/srv/fim-watch/gen_00491.txt,file_modified,alert_only,high,2026-09-18 03:02:00.403113+00,2026-09-18 03:03:26.064998+00
75c41ee0-5a70-48eb-ba6f-63f91e1aaa66,/srv/fim-watch/gen_00522.txt,file_modified,alert_only,high,2026-09-18 03:02:00.503397+00,2026-09-18 03:03:26.081637+00
2a9e9795-426a-405c-92e3-96fc3f9f4bcb,/srv/fim-watch/gen_00352.txt,file_modified,alert_only,high,2026-09-18 03:02:00.703555+00,2026-09-18 03:03:26.098542+00
ffba602d-2aef-4238-89d6-89b19a28b4b8,/srv/fim-watch/gen_00307.txt,file_deleted,alert_only,high,2026-09-18 03:02:00.803269+00,2026-09-18 03:03:26.115289+00
cd1f77ec-03ee-4f4d-a7b8-7b44644ee45b,/srv/fim-watch/gen_00467.txt,file_modified,alert_only,high,2026-09-18 03:02:01.003761+00,2026-09-18 03:03:26.131784+00
9d300329-630c-4091-b6ee-1a8cfac99d4e,/srv/fim-watch/gen_00467.txt,file_modified,alert_only,high,2026-09-18 03:02:01.103545+00,2026-09-18 03:03:26.14893+00
193248ae-e059-4dcd-8d47-367cb3927d4d,/srv/fim-watch/gen_00467.txt,file_modified,alert_only,high,2026-09-18 03:02:01.203923+00,2026-09-18 03:03:26.165921+00
be43b621-370c-4019-b111-bd5040ed3586,/srv/fim-watch/gen_00467.txt,file_modified,alert_only,high,2026-09-18 03:02:01.303019+00,2026-09-18 03:03:26.183866+00
9adfd065-919c-4601-ad63-6f2eb6cddbcb,/srv/fim-watch/gen_00467.txt,file_modified,alert_only,high,2026-09-18 03:02:01.403128+00,2026-09-18 03:03:26.200846+00
56f4c611-5955-43b7-b7f9-a9e67c168099,/srv/fim-watch/gen_00050.txt,file_modified,alert_only,high,2026-09-18 03:02:01.503776+00,2026-09-18 03:03:26.218368+00
623d42fd-5f65-4f91-8430-45ad8e81e497,/srv/fim-watch/gen_00254.txt,file_modified,alert_only,high,2026-09-18 03:02:01.603361+00,2026-09-18 03:03:26.235192+00
2a4383c2-ea65-4e1c-80e1-559f5635436a,/srv/fim-watch/gen_00525.txt,file_created,alert_only,high,2026-09-18 03:02:01.702209+00,2026-09-18 03:03:26.252183+00
d732d51a-08df-4e23-8ea9-37e2ca48a349,/srv/fim-watch/critico/gen_00053.txt,file_modified,alert_only,critical,2026-09-18 03:02:01.802407+00,2026-09-18 03:03:26.268443+00
f15f8d4d-bc6d-44c0-93e8-daea64887bd7,/srv/fim-watch/critico/gen_00304.txt,file_modified,alert_only,critical,2026-09-18 03:02:01.903679+00,2026-09-18 03:03:26.284509+00
1e393191-cce7-44be-b225-6e80265dfc54,/srv/fim-watch/gen_00474.txt,file_deleted,alert_only,high,2026-09-18 03:02:02.002073+00,2026-09-18 03:03:26.301802+00
fa6b605a-7df7-4a29-92b3-448a327cc81f,/srv/fim-watch/gen_00289.txt,file_deleted,alert_only,high,2026-09-18 03:02:02.102069+00,2026-09-18 03:03:26.318329+00
0becf447-f202-4982-af6f-4362da02eff5,/srv/fim-watch/gen_00513.txt,file_modified,alert_only,high,2026-09-18 03:02:02.203444+00,2026-09-18 03:03:26.335985+00
690a2f8a-f2f2-4d61-8b2b-8d3c2d953791,/srv/fim-watch/gen_00418.txt,file_modified,alert_only,high,2026-09-18 03:02:02.403215+00,2026-09-18 03:03:26.352426+00
3f7e75cd-c0fd-44d5-8310-7c3eadcf3b61,/srv/fim-watch/gen_00179.txt,file_modified,alert_only,high,2026-09-18 03:02:02.602986+00,2026-09-18 03:03:26.369066+00
63c13c1c-34dd-46df-9b3e-8af79cceadb3,/srv/fim-watch/gen_00179.txt,file_modified,alert_only,high,2026-09-18 03:02:02.703637+00,2026-09-18 03:03:26.385354+00
ef6e7057-18db-4329-bdbe-1315ab97249d,/srv/fim-watch/gen_00528.txt,file_modified,alert_only,high,2026-09-18 03:02:02.802935+00,2026-09-18 03:03:26.402611+00
4b3d6290-f016-401b-8eac-c087d34dedbd,/srv/fim-watch/gen_00514.txt,file_modified,alert_only,high,2026-09-18 03:02:02.903639+00,2026-09-18 03:03:26.42972+00
7c83224f-f0b6-48b1-be3b-69fc1e0c195d,/srv/fim-watch/gen_00486.txt,file_modified,alert_only,high,2026-09-18 03:02:03.00367+00,2026-09-18 03:03:26.437093+00
77b021e4-5804-490f-b6b8-8a78cc299a13,/srv/fim-watch/critico/gen_00502.txt,file_modified,alert_only,critical,2026-09-18 03:02:03.103393+00,2026-09-18 03:03:26.454565+00
c45a7325-2e6f-477b-8263-63937634968d,/srv/fim-watch/gen_00325.txt,file_modified,alert_only,high,2026-09-18 03:02:03.203771+00,2026-09-18 03:03:26.471264+00
81acd593-b866-4845-b12e-65711988b963,/srv/fim-watch/critico/gen_00353.txt,file_modified,alert_only,critical,2026-09-18 03:02:03.303104+00,2026-09-18 03:03:26.488664+00
7f2ea5b3-06c3-4c5c-8126-a29fd9bc7f74,/srv/fim-watch/gen_00284.txt,file_modified,alert_only,high,2026-09-18 03:02:03.403646+00,2026-09-18 03:03:26.505952+00
4348ce4b-9096-49f9-8c8b-ed54a08d2cd6,/srv/fim-watch/gen_00241.txt,file_modified,alert_only,high,2026-09-18 03:02:03.503717+00,2026-09-18 03:03:26.522998+00
485a486f-9515-4f67-9f87-6cff5ab50599,/srv/fim-watch/gen_00405.txt,file_modified,alert_only,high,2026-09-18 03:02:03.603296+00,2026-09-18 03:03:26.540009+00
f3df0427-890f-4877-b8e1-b18bd42c28fb,/srv/fim-watch/gen_00405.txt,file_modified,alert_only,high,2026-09-18 03:02:03.703424+00,2026-09-18 03:03:26.557011+00
d7eb15f8-fbd1-40d2-9dc6-456f2b708c99,/srv/fim-watch/critico/gen_00465.txt,file_modified,alert_only,critical,2026-09-18 03:02:03.802932+00,2026-09-18 03:03:26.573565+00
9b191e24-e5a0-4556-8e05-784ec26bfc91,/srv/fim-watch/critico/gen_00184.txt,file_modified,alert_only,critical,2026-09-18 03:02:03.903374+00,2026-09-18 03:03:26.589848+00
035c5b17-1210-4a60-bf98-69b3d58746a9,/srv/fim-watch/gen_00529.txt,file_modified,alert_only,high,2026-09-18 03:02:04.003005+00,2026-09-18 03:03:26.605863+00
20f87b5e-f3c9-4f14-9344-e78df6855925,/srv/fim-watch/gen_00426.txt,file_modified,alert_only,high,2026-09-18 03:02:04.103595+00,2026-09-18 03:03:26.621102+00
35fc7e57-0d25-4c9f-a773-0ec69145d4ff,/srv/fim-watch/critico/gen_00530.txt,file_modified,alert_only,critical,2026-09-18 03:02:04.203186+00,2026-09-18 03:03:26.637664+00
5ae6b439-4921-4e44-bdd0-1def0df75f22,/srv/fim-watch/critico/gen_00262.txt,file_modified,alert_only,critical,2026-09-18 03:02:04.30309+00,2026-09-18 03:03:26.654514+00
bb547206-ef76-49bb-b53b-1b42aa588f14,/srv/fim-watch/gen_00531.txt,file_modified,alert_only,high,2026-09-18 03:02:04.403332+00,2026-09-18 03:03:26.671763+00
ccc24d2f-5e63-4aea-8486-cc07a41c6dcf,/srv/fim-watch/gen_00500.txt,file_modified,alert_only,high,2026-09-18 03:02:04.502468+00,2026-09-18 03:03:26.688657+00
560979f5-b686-49e7-a8b6-2f88a21f23e8,/srv/fim-watch/gen_00500.txt,file_modified,alert_only,high,2026-09-18 03:02:04.603313+00,2026-09-18 03:03:26.705608+00
135d76e3-6aba-4cb9-b345-29c3c1391118,/srv/fim-watch/gen_00331.txt,file_modified,alert_only,high,2026-09-18 03:02:04.702704+00,2026-09-18 03:03:26.722313+00
c02ab1d6-0df7-424f-ab7a-42133c15dae9,/srv/fim-watch/gen_00377.txt,file_modified,alert_only,high,2026-09-18 03:02:04.802941+00,2026-09-18 03:03:26.73908+00
f633e705-1d15-4ce0-8e78-5f0a8365014d,/srv/fim-watch/gen_00323.txt,file_deleted,alert_only,high,2026-09-18 03:02:04.903242+00,2026-09-18 03:03:26.756278+00
6a9fb6fa-cd04-4b98-b076-57ca0375ed96,/srv/fim-watch/gen_00228.txt,file_modified,alert_only,high,2026-09-18 03:02:05.003341+00,2026-09-18 03:03:26.776919+00
eabd9d7a-fb51-4ec9-a157-6b252daf5242,/srv/fim-watch/gen_00228.txt,file_modified,alert_only,high,2026-09-18 03:02:05.103464+00,2026-09-18 03:03:26.793566+00
dc49c4d3-9431-4b63-a3e5-ce5911c815a9,/srv/fim-watch/gen_00228.txt,file_modified,alert_only,high,2026-09-18 03:02:05.203206+00,2026-09-18 03:03:26.810198+00
c0e33878-023a-4918-badb-944f7596777f,/srv/fim-watch/gen_00228.txt,file_modified,alert_only,high,2026-09-18 03:02:05.302887+00,2026-09-18 03:03:26.826661+00
86c6ba02-32f5-4479-9829-ef1dfcd31e00,/srv/fim-watch/gen_00228.txt,file_modified,alert_only,high,2026-09-18 03:02:05.402944+00,2026-09-18 03:03:26.84158+00
56790ee0-4647-49db-8317-95cb72c890ea,/srv/fim-watch/gen_00417.txt,file_modified,alert_only,high,2026-09-18 03:02:05.503407+00,2026-09-18 03:03:26.856463+00
a63194aa-29db-4d8f-b4d3-f829690b4b99,/srv/fim-watch/critico/gen_00532.txt,file_modified,alert_only,critical,2026-09-18 03:02:05.602896+00,2026-09-18 03:03:26.871179+00
14ff09f7-579d-46f8-b97e-a797d3fbd0e6,/srv/fim-watch/gen_00325.txt,file_modified,alert_only,high,2026-09-18 03:02:05.703099+00,2026-09-18 03:03:26.886092+00
eba066fe-24a7-4fd5-9828-3e45bcc21807,/srv/fim-watch/gen_00533.txt,file_modified,alert_only,high,2026-09-18 03:02:05.802904+00,2026-09-18 03:03:26.901436+00
23e78ed3-dfcd-4993-b9e1-6e9bc2d45777,/srv/fim-watch/gen_00513.txt,file_modified,alert_only,high,2026-09-18 03:02:05.902995+00,2026-09-18 03:03:26.916291+00
30689c38-6eba-426f-b629-f3c34ae081c3,/srv/fim-watch/gen_00206.txt,file_deleted,alert_only,high,2026-09-18 03:02:06.003365+00,2026-09-18 03:03:26.931258+00
73f2e348-a8ad-4897-a4fd-8875c4eb900b,/srv/fim-watch/gen_00501.txt,file_modified,alert_only,high,2026-09-18 03:02:06.103477+00,2026-09-18 03:03:26.946272+00
1a6a70bc-3c64-4fe2-bd1d-d6532d064444,/srv/fim-watch/gen_00298.txt,file_modified,alert_only,high,2026-09-18 03:02:06.203136+00,2026-09-18 03:03:26.961246+00
0193bb65-797f-4644-9304-ddb7a2feb5a3,/srv/fim-watch/gen_00352.txt,file_modified,alert_only,high,2026-09-18 03:02:06.303138+00,2026-09-18 03:03:26.976984+00
79536d33-476a-479b-bcb9-d0dc806f99ad,/srv/fim-watch/critico/gen_00409.txt,file_modified,alert_only,critical,2026-09-18 03:02:06.403083+00,2026-09-18 03:03:26.992937+00
854025e8-1b3f-40a8-8ada-2d64f6e83587,/srv/fim-watch/gen_00534.txt,file_modified,alert_only,high,2026-09-18 03:02:06.503274+00,2026-09-18 03:03:27.01082+00
9c332c67-3270-44f0-85c1-4814d373f55f,/srv/fim-watch/gen_00064.txt,file_modified,alert_only,high,2026-09-18 03:02:06.603557+00,2026-09-18 03:03:27.028471+00
30128ee8-353b-4c67-ad19-ada2d8de2a33,/srv/fim-watch/gen_00424.txt,file_modified,alert_only,high,2026-09-18 03:02:06.703442+00,2026-09-18 03:03:27.046886+00
85250c66-3d38-43ab-8e4f-c3bf10ebd0c4,/srv/fim-watch/gen_00424.txt,file_modified,alert_only,high,2026-09-18 03:02:06.802801+00,2026-09-18 03:03:27.064549+00
2728a50f-c632-4c05-ad57-02811f0b89e0,/srv/fim-watch/gen_00424.txt,file_modified,alert_only,high,2026-09-18 03:02:06.902968+00,2026-09-18 03:03:27.082303+00
425378ce-fb70-4f9a-ac54-bebd4c7d30ed,/srv/fim-watch/gen_00424.txt,file_modified,alert_only,high,2026-09-18 03:02:07.003203+00,2026-09-18 03:03:27.100161+00
6917eb51-da5d-4718-9d0e-69ae12375c42,/srv/fim-watch/gen_00424.txt,file_modified,alert_only,high,2026-09-18 03:02:07.103203+00,2026-09-18 03:03:27.11814+00
c349f086-c328-4529-ae98-1ecc654ec929,/srv/fim-watch/critico/gen_00413.txt,file_deleted,alert_only,critical,2026-09-18 03:02:07.302943+00,2026-09-18 03:03:27.135057+00
7381f47a-dd4a-4d5e-acad-dc99ae9a13a3,/srv/fim-watch/gen_00448.txt,file_modified,alert_only,high,2026-09-18 03:02:07.402972+00,2026-09-18 03:03:27.152104+00
e5941aed-8495-4cb8-afb4-a11b55fec7d0,/srv/fim-watch/gen_00448.txt,file_modified,alert_only,high,2026-09-18 03:02:07.503529+00,2026-09-18 03:03:27.169015+00
50a9457f-eeb1-40a4-8735-9d7cc77540e2,/srv/fim-watch/gen_00435.txt,file_modified,alert_only,high,2026-09-18 03:02:07.602588+00,2026-09-18 03:03:27.185597+00
9f0ae844-980a-4d7a-8d33-74773367686c,/srv/fim-watch/gen_00096.txt,file_modified,alert_only,high,2026-09-18 03:02:07.703218+00,2026-09-18 03:03:27.202396+00
188b8573-ce08-4b5b-a05a-60cb239cb7df,/srv/fim-watch/critico/gen_00191.txt,file_modified,alert_only,critical,2026-09-18 03:02:07.803061+00,2026-09-18 03:03:27.219297+00
6d51c56f-9cc8-4702-8f0d-c476c26a1e12,/srv/fim-watch/critico/gen_00428.txt,file_modified,alert_only,critical,2026-09-18 03:02:07.902466+00,2026-09-18 03:03:27.236295+00
21230bf1-67a4-41e1-9b06-00180e64e668,/srv/fim-watch/gen_00259.txt,file_modified,alert_only,high,2026-09-18 03:02:08.003251+00,2026-09-18 03:03:27.264147+00
9e06c9b7-80d8-4207-bdf2-110e918cedd2,/srv/fim-watch/gen_00259.txt,file_modified,alert_only,high,2026-09-18 03:02:08.103157+00,2026-09-18 03:03:27.271407+00
a039ceb6-35d0-4fbb-8b1d-cdf1e4f066b5,/srv/fim-watch/gen_00259.txt,file_modified,alert_only,high,2026-09-18 03:02:08.202112+00,2026-09-18 03:03:27.287966+00
094650e2-a7c6-4ad9-9ba4-768e65e7484d,/srv/fim-watch/gen_00259.txt,file_modified,alert_only,high,2026-09-18 03:02:08.303502+00,2026-09-18 03:03:27.304701+00
59b4fc5e-92e2-4b90-9d10-363c528ab8e1,/srv/fim-watch/gen_00259.txt,file_modified,alert_only,high,2026-09-18 03:02:08.402125+00,2026-09-18 03:03:27.321343+00
e3de078c-851e-40b7-97f6-86b4c8c6dcb0,/srv/fim-watch/gen_00269.txt,file_deleted,alert_only,high,2026-09-18 03:02:08.502408+00,2026-09-18 03:03:27.337597+00
3780248b-0262-412c-87d3-b626d72b243e,/srv/fim-watch/gen_00256.txt,file_modified,alert_only,high,2026-09-18 03:02:08.603386+00,2026-09-18 03:03:27.351648+00
2aca8046-a167-4377-bd76-d502bb119820,/srv/fim-watch/gen_00256.txt,file_modified,alert_only,high,2026-09-18 03:02:08.70301+00,2026-09-18 03:03:27.364236+00
7f838b50-8f75-4695-ae59-142e322fde41,/srv/fim-watch/critico/gen_00123.txt,file_modified,alert_only,critical,2026-09-18 03:02:08.803405+00,2026-09-18 03:03:27.377403+00
c99c9165-e04a-4638-8bdc-1aca790f762e,/srv/fim-watch/gen_00290.txt,file_modified,alert_only,high,2026-09-18 03:02:08.90313+00,2026-09-18 03:03:27.390117+00
7fa049b9-5995-412c-a6a4-250e17716aa5,/srv/fim-watch/gen_00225.txt,file_modified,alert_only,high,2026-09-18 03:02:09.003883+00,2026-09-18 03:03:27.402852+00
3f80dfbb-65e1-4b85-9a3f-295b8dfcbb2e,/srv/fim-watch/gen_00404.txt,file_modified,alert_only,high,2026-09-18 03:02:09.1039+00,2026-09-18 03:03:27.415383+00
b21579eb-73bd-4c89-baf9-d2f04a81281f,/srv/fim-watch/gen_00479.txt,file_modified,alert_only,high,2026-09-18 03:02:09.203161+00,2026-09-18 03:03:27.42934+00
72976d97-48da-4ebc-a7df-ee7355c1b57d,/srv/fim-watch/gen_00235.txt,file_modified,alert_only,high,2026-09-18 03:02:09.303221+00,2026-09-18 03:03:27.443211+00
b0f652b2-9414-4476-a638-1a91db62e813,/srv/fim-watch/critico/gen_00490.txt,file_modified,alert_only,critical,2026-09-18 03:02:09.40299+00,2026-09-18 03:03:27.460053+00
a249d218-a227-49d7-ae83-d684f9559901,/srv/fim-watch/critico/gen_00209.txt,file_modified,alert_only,critical,2026-09-18 03:02:09.502394+00,2026-09-18 03:03:27.476776+00
a7552fb9-db1b-4bbc-9d5f-23a06fc8190e,/srv/fim-watch/gen_00285.txt,file_modified,alert_only,high,2026-09-18 03:02:09.603116+00,2026-09-18 03:03:27.493795+00
97a884ec-5530-4947-8e37-b1f9c4af6ed8,/srv/fim-watch/gen_00536.txt,file_modified,alert_only,high,2026-09-18 03:02:09.703412+00,2026-09-18 03:03:27.510583+00
4402ef86-0aff-4d23-8ea0-9e2ae0ae490f,/srv/fim-watch/gen_00470.txt,file_modified,alert_only,high,2026-09-18 03:02:09.802534+00,2026-09-18 03:03:27.527445+00
e3f44cf1-ebd4-4445-9d0c-09498a4247b2,/srv/fim-watch/gen_00385.txt,file_modified,alert_only,high,2026-09-18 03:02:09.903161+00,2026-09-18 03:03:27.544446+00
54e11282-62e2-412c-aa76-d805a6b75501,/srv/fim-watch/gen_00139.txt,file_modified,alert_only,high,2026-09-18 03:02:10.003514+00,2026-09-18 03:03:27.561061+00
cb582950-0f61-41b8-b72d-8c4982527116,/srv/fim-watch/gen_00537.txt,file_modified,alert_only,high,2026-09-18 03:02:10.103218+00,2026-09-18 03:03:27.577855+00
f597360d-5aae-4fed-a695-fac5be2644a3,/srv/fim-watch/critico/gen_00456.txt,file_modified,alert_only,critical,2026-09-18 03:02:10.203152+00,2026-09-18 03:03:27.594623+00
226b2027-33fc-48f3-a893-1fbabb7a0d1a,/srv/fim-watch/gen_00498.txt,file_modified,alert_only,high,2026-09-18 03:02:10.303164+00,2026-09-18 03:03:27.611831+00
9363486e-8e9b-408f-989b-70e0b486173f,/srv/fim-watch/gen_00538.txt,file_modified,alert_only,high,2026-09-18 03:02:10.402827+00,2026-09-18 03:03:27.628688+00
80f565c4-a3ae-4dc9-be2e-92709f574b8a,/srv/fim-watch/gen_00539.txt,file_modified,alert_only,high,2026-09-18 03:02:10.503346+00,2026-09-18 03:03:27.646216+00
8f1accb2-164d-4d7b-84f6-4b86e151ae01,/srv/fim-watch/gen_00498.txt,file_modified,alert_only,high,2026-09-18 03:02:10.603434+00,2026-09-18 03:03:27.663154+00
68ce28d6-6e84-4a85-a08e-48791ccd95d4,/srv/fim-watch/gen_00498.txt,file_modified,alert_only,high,2026-09-18 03:02:10.703566+00,2026-09-18 03:03:27.679877+00
e2ce751c-661c-490d-8630-f1ac2fc654eb,/srv/fim-watch/gen_00498.txt,file_modified,alert_only,high,2026-09-18 03:02:10.803213+00,2026-09-18 03:03:27.697048+00
c90b6337-1527-4191-b2f2-53f74918c92e,/srv/fim-watch/gen_00498.txt,file_modified,alert_only,high,2026-09-18 03:02:10.903251+00,2026-09-18 03:03:27.713797+00
a3ee2eaf-08df-4df7-8a31-451a3f54f6da,/srv/fim-watch/gen_00498.txt,file_modified,alert_only,high,2026-09-18 03:02:11.003688+00,2026-09-18 03:03:27.730563+00
be447be0-1562-4baa-99ce-c8fc36a18bf0,/srv/fim-watch/gen_00540.txt,file_modified,alert_only,high,2026-09-18 03:02:11.103664+00,2026-09-18 03:03:27.747373+00
6f6b5988-2616-4fdf-adcf-49c2a026b88b,/srv/fim-watch/gen_00508.txt,file_modified,alert_only,high,2026-09-18 03:02:11.203132+00,2026-09-18 03:03:27.764224+00
057bed7b-e3fb-4f8f-ad82-8e3bc86fb5ae,/srv/fim-watch/gen_00426.txt,file_modified,alert_only,high,2026-09-18 03:02:11.303252+00,2026-09-18 03:03:27.781427+00
ba845dd3-8588-417a-9987-09f086a77a52,/srv/fim-watch/gen_00534.txt,file_deleted,alert_only,high,2026-09-18 03:02:11.402758+00,2026-09-18 03:03:27.798161+00
846eb555-018e-4e3a-bc1e-e781cd6e41b4,/srv/fim-watch/gen_00541.txt,file_modified,alert_only,high,2026-09-18 03:02:11.50327+00,2026-09-18 03:03:27.814818+00
a5ce273f-c892-4ab1-be85-49b2a66d6557,/srv/fim-watch/gen_00542.txt,file_modified,alert_only,high,2026-09-18 03:02:11.603598+00,2026-09-18 03:03:27.831645+00
c9f62e7d-cf4a-436d-9d75-4707cb140af9,/srv/fim-watch/gen_00475.txt,file_modified,alert_only,high,2026-09-18 03:02:11.703754+00,2026-09-18 03:03:27.851023+00
b7d9c52a-e35b-4335-b6ab-20e5a3e86e38,/srv/fim-watch/gen_00475.txt,file_modified,alert_only,high,2026-09-18 03:02:11.803299+00,2026-09-18 03:03:27.864616+00
a4969d66-2a9e-4607-b7b5-4fe1b3706ef9,/srv/fim-watch/critico/gen_00509.txt,file_modified,alert_only,critical,2026-09-18 03:02:11.903101+00,2026-09-18 03:03:27.879367+00
cccf014a-c5ba-41be-b312-13de9b88b0d6,/srv/fim-watch/gen_00479.txt,file_modified,alert_only,high,2026-09-18 03:02:12.103648+00,2026-09-18 03:03:27.893251+00
de9dda26-74a0-46e6-ab49-ec6542c6b5d2,/srv/fim-watch/gen_00479.txt,file_modified,alert_only,high,2026-09-18 03:02:12.202999+00,2026-09-18 03:03:27.907662+00
11c3a278-74d1-4b75-8161-8acaefd1cd4a,/srv/fim-watch/gen_00479.txt,file_modified,alert_only,high,2026-09-18 03:02:12.302963+00,2026-09-18 03:03:27.922972+00
7237b7ae-fdd8-463c-834b-3fbe3299e2bf,/srv/fim-watch/gen_00479.txt,file_modified,alert_only,high,2026-09-18 03:02:12.403275+00,2026-09-18 03:03:27.938736+00
8603ccca-3c4c-484d-ac4d-49491b608462,/srv/fim-watch/gen_00479.txt,file_modified,alert_only,high,2026-09-18 03:02:12.502989+00,2026-09-18 03:03:27.956619+00
82e24ce0-d65f-4ad1-a910-c716f65a7453,/srv/fim-watch/gen_00543.txt,file_modified,alert_only,high,2026-09-18 03:02:12.602845+00,2026-09-18 03:03:27.971057+00
8a7b37e6-eabf-46ec-86fa-0674df0218e6,/srv/fim-watch/gen_00498.txt,file_deleted,alert_only,high,2026-09-18 03:02:12.703286+00,2026-09-18 03:03:27.986833+00
264fc702-64a0-4d01-ba08-6bb630037e19,/srv/fim-watch/gen_00326.txt,file_modified,alert_only,high,2026-09-18 03:02:12.802938+00,2026-09-18 03:03:28.001703+00
a49bf160-25f9-43a2-8b01-e030a76240a4,/srv/fim-watch/critico/gen_00130.txt,file_modified,alert_only,critical,2026-09-18 03:02:13.003563+00,2026-09-18 03:03:28.015746+00
d761f69e-37c5-4e5f-9557-23aee268ff73,/srv/fim-watch/gen_00545.txt,file_modified,alert_only,high,2026-09-18 03:02:13.103334+00,2026-09-18 03:03:28.029778+00
8c960ed4-8782-4d8d-96fa-2401796f2a52,/srv/fim-watch/gen_00426.txt,file_modified,alert_only,high,2026-09-18 03:02:13.203169+00,2026-09-18 03:03:28.055516+00
6cdeb83a-565e-49fc-a2e9-3fbeb8782c6f,/srv/fim-watch/gen_00163.txt,file_modified,alert_only,high,2026-09-18 03:02:13.40358+00,2026-09-18 03:03:28.061555+00
e141c897-48e4-4426-91e9-47b0ef8f2e00,/srv/fim-watch/gen_00442.txt,file_modified,alert_only,high,2026-09-18 03:02:13.603404+00,2026-09-18 03:03:28.076413+00
9823fcd3-4581-4555-aea8-4121bc1e1b97,/srv/fim-watch/gen_00519.txt,file_modified,alert_only,high,2026-09-18 03:02:13.703705+00,2026-09-18 03:03:28.090007+00
7445fbae-b153-4b8e-81cb-cac852966928,/srv/fim-watch/gen_00254.txt,file_modified,alert_only,high,2026-09-18 03:02:13.803692+00,2026-09-18 03:03:28.104019+00
3aa1fbc3-9662-4aa5-8696-dbb2ae24132b,/srv/fim-watch/gen_00134.txt,file_modified,alert_only,high,2026-09-18 03:02:13.903531+00,2026-09-18 03:03:28.118003+00
2e2cabd6-30ba-4cc4-bb78-1d2857e7afb1,/srv/fim-watch/gen_00134.txt,file_modified,alert_only,high,2026-09-18 03:02:14.002923+00,2026-09-18 03:03:28.133085+00
6fc4c0e4-6175-4c44-9328-085cac22f44e,/srv/fim-watch/critico/gen_00530.txt,file_modified,alert_only,critical,2026-09-18 03:02:14.103451+00,2026-09-18 03:03:28.148205+00
f8780cd5-9b2b-42e9-b88d-8d6b7e654b15,/srv/fim-watch/gen_00196.txt,file_modified,alert_only,high,2026-09-18 03:02:14.202623+00,2026-09-18 03:03:28.163702+00
f4e0937d-e8db-4a7a-8f1c-bf4149fe9b3b,/srv/fim-watch/gen_00309.txt,file_modified,alert_only,high,2026-09-18 03:02:14.30327+00,2026-09-18 03:03:28.179133+00
ec4564a4-260e-45ae-b318-d5c009dec096,/srv/fim-watch/gen_00500.txt,file_modified,alert_only,high,2026-09-18 03:02:14.403215+00,2026-09-18 03:03:28.194494+00
224dc115-6688-4f20-bdbc-ad8b06cc224f,/srv/fim-watch/critico/gen_00438.txt,file_modified,alert_only,critical,2026-09-18 03:02:14.504218+00,2026-09-18 03:03:28.209697+00
7beafcff-1cfb-407c-80c5-3071d1cb4a45,/srv/fim-watch/critico/gen_00548.txt,file_modified,alert_only,critical,2026-09-18 03:02:14.602835+00,2026-09-18 03:03:28.225461+00
b0f3b62d-3e08-4ca1-9d02-6cd8fe834e25,/srv/fim-watch/gen_00128.txt,file_modified,alert_only,high,2026-09-18 03:02:14.703035+00,2026-09-18 03:03:28.242769+00
3e1f6037-2204-4cb5-9961-15409b4087bc,/srv/fim-watch/gen_00207.txt,file_modified,alert_only,high,2026-09-18 03:02:14.803374+00,2026-09-18 03:03:28.260392+00
4adca2ea-3959-495e-aecb-6a64ad8079fc,/srv/fim-watch/gen_00207.txt,file_modified,alert_only,high,2026-09-18 03:02:14.903031+00,2026-09-18 03:03:28.278154+00
17f920f4-5f5b-4c79-b0cb-6c7fbcc6fb65,/srv/fim-watch/gen_00539.txt,file_modified,alert_only,high,2026-09-18 03:02:15.004629+00,2026-09-18 03:03:28.295068+00
7895f35d-1c02-4b77-804c-ee750f20d41f,/srv/fim-watch/gen_00466.txt,file_modified,alert_only,high,2026-09-18 03:02:15.103148+00,2026-09-18 03:03:28.309667+00
1b1d6586-490a-4759-9360-d6c261b47616,/srv/fim-watch/gen_00163.txt,file_modified,alert_only,high,2026-09-18 03:02:15.203031+00,2026-09-18 03:03:28.326122+00
3ed54ffc-04bf-4ae2-8f1c-6fc69c6275b4,/srv/fim-watch/gen_00549.txt,file_modified,alert_only,high,2026-09-18 03:02:15.303533+00,2026-09-18 03:03:28.342106+00
75acb45d-9399-4493-9aef-41db7d79ede0,/srv/fim-watch/gen_00412.txt,file_modified,alert_only,high,2026-09-18 03:02:15.403034+00,2026-09-18 03:03:28.359463+00
9821a4b4-c5ca-40ac-8f8a-9fccef0d0b25,/srv/fim-watch/gen_00550.txt,file_modified,alert_only,high,2026-09-18 03:02:15.503605+00,2026-09-18 03:03:28.377758+00
e6fabab7-d72a-4c8e-b796-199f6bec65b4,/srv/fim-watch/gen_00547.txt,file_modified,alert_only,high,2026-09-18 03:02:15.603521+00,2026-09-18 03:03:28.392538+00
b6c1e072-868c-474f-8c48-b899bc966dad,/srv/fim-watch/gen_00543.txt,file_modified,alert_only,high,2026-09-18 03:02:15.703344+00,2026-09-18 03:03:28.406156+00
df05ce81-039f-48e3-945a-ab0218637ffd,/srv/fim-watch/gen_00320.txt,file_modified,alert_only,high,2026-09-18 03:02:15.803053+00,2026-09-18 03:03:28.42082+00
e94e6cae-7f4f-4f46-abe5-94a1ae672bee,/srv/fim-watch/gen_00221.txt,file_modified,alert_only,high,2026-09-18 03:02:15.90305+00,2026-09-18 03:03:28.435713+00
82b07c77-b5aa-4444-8f2a-6c1a434de970,/srv/fim-watch/gen_00466.txt,file_modified,alert_only,high,2026-09-18 03:02:16.003277+00,2026-09-18 03:03:28.451742+00
6dfbe607-7304-4dde-b56a-268ec2bd5824,/srv/fim-watch/gen_00331.txt,file_deleted,alert_only,high,2026-09-18 03:02:16.103345+00,2026-09-18 03:03:28.467973+00
e422c404-b2a2-46b9-ad72-8c7f105c26e0,/srv/fim-watch/critico/gen_00330.txt,file_modified,alert_only,critical,2026-09-18 03:02:16.202526+00,2026-09-18 03:03:28.483422+00
f85f6199-5103-46d0-ae74-e82aae5cebf4,/srv/fim-watch/gen_00215.txt,file_deleted,alert_only,high,2026-09-18 03:02:16.302842+00,2026-09-18 03:03:28.503066+00
87a32056-5253-4ee3-b9e6-06f1f6eb86fb,/srv/fim-watch/gen_00442.txt,file_modified,alert_only,high,2026-09-18 03:02:16.403569+00,2026-09-18 03:03:28.518579+00
8c682ae1-50d4-4f5b-b789-93cbad1d1dc4,/srv/fim-watch/gen_00442.txt,file_modified,alert_only,high,2026-09-18 03:02:16.503433+00,2026-09-18 03:03:28.53352+00
b2fa0dcb-a216-4300-b86a-7ef648786769,/srv/fim-watch/critico/gen_00509.txt,file_modified,alert_only,critical,2026-09-18 03:02:16.603668+00,2026-09-18 03:03:28.548717+00
07e7bcc1-bc81-4ca4-9316-535563930fd1,/srv/fim-watch/gen_00358.txt,file_modified,alert_only,high,2026-09-18 03:02:16.703466+00,2026-09-18 03:03:28.565154+00
5e63ec06-dc93-4d21-91f8-14c6cc03aca9,/srv/fim-watch/critico/gen_00322.txt,file_modified,alert_only,critical,2026-09-18 03:02:16.80314+00,2026-09-18 03:03:28.578884+00
34deda38-9224-4a33-a67f-5870135c3f79,/srv/fim-watch/gen_00551.txt,file_modified,alert_only,high,2026-09-18 03:02:16.903307+00,2026-09-18 03:03:28.593822+00
0f7f9207-5960-4d70-8076-a65a6ee78583,/srv/fim-watch/gen_00528.txt,file_modified,alert_only,high,2026-09-18 03:02:17.003162+00,2026-09-18 03:03:28.6107+00
1ccfaeea-5173-4d8f-aeb7-1e7195cf082d,/srv/fim-watch/gen_00430.txt,file_deleted,alert_only,high,2026-09-18 03:02:17.103408+00,2026-09-18 03:03:28.627067+00
ee46ca09-955c-498f-8d57-d10f195e1f3e,/srv/fim-watch/critico/gen_00552.txt,file_modified,alert_only,critical,2026-09-18 03:02:17.203229+00,2026-09-18 03:03:28.643811+00
e341dbeb-b3a3-4023-9314-d4de4c6a2dc1,/srv/fim-watch/gen_00364.txt,file_modified,alert_only,high,2026-09-18 03:02:17.302912+00,2026-09-18 03:03:28.661618+00
ee660e74-6781-4c45-88db-ef10aba8d21e,/srv/fim-watch/gen_00364.txt,file_modified,alert_only,high,2026-09-18 03:02:17.403685+00,2026-09-18 03:03:28.674579+00
1dd803a3-0e83-4e74-8b27-aef7beb103dd,/srv/fim-watch/gen_00553.txt,file_modified,alert_only,high,2026-09-18 03:02:17.503435+00,2026-09-18 03:03:28.690044+00
06101886-01c2-4264-ab90-cfc6ab295b96,/srv/fim-watch/gen_00477.txt,file_deleted,alert_only,high,2026-09-18 03:02:17.603397+00,2026-09-18 03:03:28.705528+00
d4efce7b-b2fa-493d-8b4b-b371bbceffdb,/srv/fim-watch/gen_00266.txt,file_modified,alert_only,high,2026-09-18 03:02:17.702597+00,2026-09-18 03:03:28.721559+00
9d94c782-fb43-4108-824d-df50d1e3da56,/srv/fim-watch/gen_00266.txt,file_modified,alert_only,high,2026-09-18 03:02:17.802776+00,2026-09-18 03:03:28.738176+00
8ba25c72-f163-4d4b-bc0d-bd7fcd56546c,/srv/fim-watch/gen_00266.txt,file_modified,alert_only,high,2026-09-18 03:02:17.903558+00,2026-09-18 03:03:28.753192+00
62ef8994-820e-4aa5-9cbf-604e50842b98,/srv/fim-watch/gen_00266.txt,file_modified,alert_only,high,2026-09-18 03:02:18.003341+00,2026-09-18 03:03:28.767581+00
c99af8dd-4426-47ab-867f-088d5670ef11,/srv/fim-watch/gen_00266.txt,file_modified,alert_only,high,2026-09-18 03:02:18.103624+00,2026-09-18 03:03:28.782659+00
e3bac035-c3d3-4820-9cd4-6e7e70c0e1ae,/srv/fim-watch/gen_00196.txt,file_deleted,alert_only,high,2026-09-18 03:02:18.203383+00,2026-09-18 03:03:28.797966+00
670a045d-db8c-4f8e-b0c0-2af5745cfb35,/srv/fim-watch/gen_00554.txt,file_modified,alert_only,high,2026-09-18 03:02:18.303323+00,2026-09-18 03:03:28.813171+00
2fe750d8-af0f-4a61-83b2-3e65edfecd8d,/srv/fim-watch/gen_00526.txt,file_modified,alert_only,high,2026-09-18 03:02:18.403126+00,2026-09-18 03:03:28.838488+00
9934a4dc-94f5-4de8-a656-e7f749ed1a09,/srv/fim-watch/critico/gen_00262.txt,file_modified,alert_only,critical,2026-09-18 03:02:18.603488+00,2026-09-18 03:03:28.845402+00
de1c6f98-7a6f-4eb1-8425-26f89b4d1633,/srv/fim-watch/critico/gen_00392.txt,file_modified,alert_only,critical,2026-09-18 03:02:18.703545+00,2026-09-18 03:03:28.859482+00
f0f87012-94af-4462-bf9d-15d8e741ee22,/srv/fim-watch/gen_00494.txt,file_modified,alert_only,high,2026-09-18 03:02:18.803416+00,2026-09-18 03:03:28.873876+00
ef0fa957-e5c2-4f33-ad5d-ce58fe74f04c,/srv/fim-watch/gen_00494.txt,file_modified,alert_only,high,2026-09-18 03:02:18.903483+00,2026-09-18 03:03:28.888552+00
43eed295-64da-4612-ad92-c9788d725258,/srv/fim-watch/gen_00234.txt,file_modified,alert_only,high,2026-09-18 03:02:19.003429+00,2026-09-18 03:03:28.904021+00
3ed090a0-1579-45dd-ac50-262c0e86619d,/srv/fim-watch/gen_00293.txt,file_modified,alert_only,high,2026-09-18 03:02:19.103504+00,2026-09-18 03:03:28.919558+00
80dec65b-cc5a-4d59-82ed-06c57aad3695,/srv/fim-watch/critico/gen_00502.txt,file_modified,alert_only,critical,2026-09-18 03:02:19.203617+00,2026-09-18 03:03:28.934967+00
35da232a-c676-4655-8344-44392670deec,/srv/fim-watch/gen_00234.txt,file_modified,alert_only,high,2026-09-18 03:02:19.302816+00,2026-09-18 03:03:28.950171+00
f9568e6d-482f-4fee-b303-4c5f621e9a0d,/srv/fim-watch/gen_00234.txt,file_modified,alert_only,high,2026-09-18 03:02:19.403258+00,2026-09-18 03:03:28.965655+00
ca53d992-0f3d-4f2f-95ae-7de5f26b6d14,/srv/fim-watch/gen_00234.txt,file_modified,alert_only,high,2026-09-18 03:02:19.503298+00,2026-09-18 03:03:28.981733+00
9c7e3d7e-18c4-40e5-a998-9c13def4cf46,/srv/fim-watch/gen_00234.txt,file_modified,alert_only,high,2026-09-18 03:02:19.602613+00,2026-09-18 03:03:28.998065+00
b7fee098-bf3c-40d9-8ea0-c326c201d3ba,/srv/fim-watch/gen_00234.txt,file_modified,alert_only,high,2026-09-18 03:02:19.703259+00,2026-09-18 03:03:29.01387+00
730f2542-e409-4670-9bf9-f23c10ed80c4,/srv/fim-watch/critico/gen_00351.txt,file_modified,alert_only,critical,2026-09-18 03:02:19.803117+00,2026-09-18 03:03:29.030119+00
12674f3a-4c4e-4afd-a404-0ea5a05aa85c,/srv/fim-watch/gen_00555.txt,file_created,alert_only,high,2026-09-18 03:02:19.902417+00,2026-09-18 03:03:29.047363+00
1dc63f95-278c-43b0-8ca2-9cf1d905f715,/srv/fim-watch/gen_00555.txt,file_deleted,alert_only,high,2026-09-18 03:02:20.002313+00,2026-09-18 03:03:29.065426+00
bf0d98ca-3b90-4c49-83ae-8bc4c2fc8eb7,/srv/fim-watch/gen_00290.txt,file_modified,alert_only,high,2026-09-18 03:02:20.103462+00,2026-09-18 03:03:29.082081+00
6eae4962-1f47-4272-b505-dc9f486f7001,/srv/fim-watch/gen_00470.txt,file_modified,alert_only,high,2026-09-18 03:02:20.203573+00,2026-09-18 03:03:29.096672+00
55a41d68-5857-4167-ba67-27c689c0a677,/srv/fim-watch/gen_00470.txt,file_modified,alert_only,high,2026-09-18 03:02:20.303385+00,2026-09-18 03:03:29.111783+00
4a132b5d-56e0-468d-8807-3e6f91d4224f,/srv/fim-watch/gen_00441.txt,file_modified,alert_only,high,2026-09-18 03:02:20.402484+00,2026-09-18 03:03:29.126068+00
f2c47c8c-9036-442e-b156-79c7d4864aa9,/srv/fim-watch/gen_00494.txt,file_modified,alert_only,high,2026-09-18 03:02:20.5032+00,2026-09-18 03:03:29.14086+00
8645328d-07d0-4d90-b8c7-50f372897c0b,/srv/fim-watch/gen_00384.txt,file_modified,alert_only,high,2026-09-18 03:02:20.602913+00,2026-09-18 03:03:29.154987+00
b7ee48e0-ff63-4b73-9a38-0a17feaf600f,/srv/fim-watch/gen_00285.txt,file_modified,alert_only,high,2026-09-18 03:02:20.7022+00,2026-09-18 03:03:29.169223+00
f89a972a-7b9c-4913-b9d0-13c731785051,/srv/fim-watch/gen_00446.txt,file_modified,alert_only,high,2026-09-18 03:02:20.802947+00,2026-09-18 03:03:29.183427+00
105cdc2f-8e81-4381-bbc4-cda33b4e59ec,/srv/fim-watch/gen_00108.txt,file_deleted,alert_only,high,2026-09-18 03:02:20.902991+00,2026-09-18 03:03:29.197716+00
dd226c6b-5ed4-4494-aac2-a950c389ac01,/srv/fim-watch/critico/gen_00556.txt,file_modified,alert_only,critical,2026-09-18 03:02:21.003815+00,2026-09-18 03:03:29.212258+00
03927c93-5531-4151-b58e-4114a3a84836,/srv/fim-watch/gen_00470.txt,file_modified,alert_only,high,2026-09-18 03:02:21.103037+00,2026-09-18 03:03:29.226537+00
0ac63ba1-b21c-47bc-965b-a333a4b08123,/srv/fim-watch/gen_00557.txt,file_modified,alert_only,high,2026-09-18 03:02:21.203024+00,2026-09-18 03:03:29.240836+00
1928b99f-e57e-4a0a-84ab-2512c9b49a6a,/srv/fim-watch/critico/gen_00061.txt,file_modified,alert_only,critical,2026-09-18 03:02:21.302967+00,2026-09-18 03:03:29.256232+00
4297d6ad-1cb4-489f-a107-da1250be0db3,/srv/fim-watch/gen_00320.txt,file_deleted,alert_only,high,2026-09-18 03:02:21.403666+00,2026-09-18 03:03:29.272942+00
cc0f3c1d-77b5-4d2c-be1f-254201df92b4,/srv/fim-watch/gen_00500.txt,file_deleted,alert_only,high,2026-09-18 03:02:21.502079+00,2026-09-18 03:03:29.290322+00
79d5d95a-acb2-48ee-9661-fff5f4122780,/srv/fim-watch/critico/gen_00347.txt,file_modified,alert_only,critical,2026-09-18 03:02:21.603082+00,2026-09-18 03:03:29.305829+00
5e7fd92b-5a0e-409c-997d-283d9177703e,/srv/fim-watch/critico/gen_00347.txt,file_modified,alert_only,critical,2026-09-18 03:02:21.703625+00,2026-09-18 03:03:29.321373+00
bd75b12d-643b-4ac0-8d04-4474fbad44ef,/srv/fim-watch/critico/gen_00502.txt,file_modified,alert_only,critical,2026-09-18 03:02:21.803473+00,2026-09-18 03:03:29.338373+00
ebcf2451-dd57-4b00-a020-df5dba99b860,/srv/fim-watch/gen_00417.txt,file_modified,alert_only,high,2026-09-18 03:02:21.903381+00,2026-09-18 03:03:29.353716+00
ad6529b6-676c-4b0c-a410-29816f32a374,/srv/fim-watch/gen_00417.txt,file_modified,alert_only,high,2026-09-18 03:02:22.003258+00,2026-09-18 03:03:29.366462+00
e4dec7f9-cc99-4660-ad50-ec68baea8ca5,/srv/fim-watch/gen_00188.txt,file_modified,alert_only,high,2026-09-18 03:02:22.103543+00,2026-09-18 03:03:29.379652+00
a0179c68-f5c2-4cf2-bc7a-cea5c0ddec96,/srv/fim-watch/gen_00142.txt,file_modified,alert_only,high,2026-09-18 03:02:22.203351+00,2026-09-18 03:03:29.392336+00
076c01fb-4912-4a8a-b0be-576ae2db5149,/srv/fim-watch/gen_00558.txt,file_modified,alert_only,high,2026-09-18 03:02:22.30235+00,2026-09-18 03:03:29.405161+00
2089db6b-a028-439b-859c-fb55727c7ed8,/srv/fim-watch/gen_00559.txt,file_modified,alert_only,high,2026-09-18 03:02:22.402706+00,2026-09-18 03:03:29.418003+00
8571cf95-c1dc-4c57-8722-cffc4e401d97,/srv/fim-watch/gen_00559.txt,file_deleted,alert_only,high,2026-09-18 03:02:22.503205+00,2026-09-18 03:03:29.434076+00
acc28a78-7903-4ee7-ba08-8122bdbeee0a,/srv/fim-watch/gen_00377.txt,file_modified,alert_only,high,2026-09-18 03:02:22.603263+00,2026-09-18 03:03:29.450874+00
d16ed5b9-350d-438c-8a52-b35397c01879,/srv/fim-watch/gen_00521.txt,file_modified,alert_only,high,2026-09-18 03:02:22.703304+00,2026-09-18 03:03:29.467598+00
a1ab3fdc-9203-4a80-8fc8-76be0b80c6ec,/srv/fim-watch/critico/gen_00272.txt,file_modified,alert_only,critical,2026-09-18 03:02:22.803257+00,2026-09-18 03:03:29.485044+00
811efffd-900e-4093-8266-2fef52a51fce,/srv/fim-watch/gen_00560.txt,file_modified,alert_only,high,2026-09-18 03:02:22.903286+00,2026-09-18 03:03:29.500929+00
4e7b0492-4efc-44ae-881d-3cf54e898e1c,/srv/fim-watch/gen_00561.txt,file_modified,alert_only,high,2026-09-18 03:02:23.002749+00,2026-09-18 03:03:29.517459+00
799c5bea-0eed-4e96-b048-64e71899b3ab,/srv/fim-watch/gen_00561.txt,file_deleted,alert_only,high,2026-09-18 03:02:23.103049+00,2026-09-18 03:03:29.53525+00
791244ef-df61-4f0d-9ae1-f80181dbba96,/srv/fim-watch/critico/gen_00562.txt,file_modified,alert_only,critical,2026-09-18 03:02:23.203047+00,2026-09-18 03:03:29.553256+00
e23a48d8-e047-4e98-8ee7-7f1ae4c39b70,/srv/fim-watch/gen_00563.txt,file_modified,alert_only,high,2026-09-18 03:02:23.303191+00,2026-09-18 03:03:29.57132+00
7a97cf4c-f4dc-47d1-aa8c-8302e1d0d8b6,/srv/fim-watch/gen_00563.txt,file_deleted,alert_only,high,2026-09-18 03:02:23.403327+00,2026-09-18 03:03:29.58925+00
fd8d7a74-6981-45cd-ad5c-3d3aedcb2934,/srv/fim-watch/gen_00350.txt,file_modified,alert_only,high,2026-09-18 03:02:23.503386+00,2026-09-18 03:03:29.617236+00
9fe2ed44-b00d-442f-9f24-5dfb4fcbcba3,/srv/fim-watch/gen_00425.txt,file_modified,alert_only,high,2026-09-18 03:02:23.603277+00,2026-09-18 03:03:29.624696+00
bfe3582b-01eb-49c6-9856-63d1d85526bb,/srv/fim-watch/gen_00564.txt,file_modified,alert_only,high,2026-09-18 03:02:23.70305+00,2026-09-18 03:03:29.640463+00
3348a4d1-3d53-46a8-b0e5-6a04deff89cb,/srv/fim-watch/gen_00098.txt,file_modified,alert_only,high,2026-09-18 03:02:23.803284+00,2026-09-18 03:03:29.656316+00
4333ddfa-ea86-4f0e-9564-599aa06456fe,/srv/fim-watch/gen_00098.txt,file_modified,alert_only,high,2026-09-18 03:02:23.903247+00,2026-09-18 03:03:29.673618+00
eef3c7fe-f723-4619-8919-a37e1c328abe,/srv/fim-watch/gen_00139.txt,file_modified,alert_only,high,2026-09-18 03:02:24.002993+00,2026-09-18 03:03:29.69088+00
519510f0-0717-43a0-9454-f5ad31acf495,/srv/fim-watch/gen_00268.txt,file_modified,alert_only,high,2026-09-18 03:02:24.103206+00,2026-09-18 03:03:29.708454+00
9d634aa5-693c-4b0a-a1f3-bd5f97a85ae2,/srv/fim-watch/critico/gen_00565.txt,file_modified,alert_only,critical,2026-09-18 03:02:24.203384+00,2026-09-18 03:03:29.724969+00
81d05da6-2b0d-4422-9cb7-46bbf2b115ec,/srv/fim-watch/gen_00540.txt,file_deleted,alert_only,high,2026-09-18 03:02:24.30333+00,2026-09-18 03:03:29.740331+00
597d1aa1-d8b2-4532-806a-14dc6f705c27,/srv/fim-watch/critico/gen_00361.txt,file_modified,alert_only,critical,2026-09-18 03:02:24.403338+00,2026-09-18 03:03:29.75592+00
a2dcc164-288c-4a5d-a1c5-94d35ea235cb,/srv/fim-watch/gen_00543.txt,file_modified,alert_only,high,2026-09-18 03:02:24.503183+00,2026-09-18 03:03:29.771448+00
bc1aa21b-cd14-4ae7-926b-5718926a348f,/srv/fim-watch/gen_00517.txt,file_modified,alert_only,high,2026-09-18 03:02:24.603016+00,2026-09-18 03:03:29.786944+00
b8455ae5-66b4-4cf9-a55b-432b83c25569,/srv/fim-watch/gen_00525.txt,file_deleted,alert_only,high,2026-09-18 03:02:24.702824+00,2026-09-18 03:03:29.802046+00
6e7f3024-1141-448c-b1a5-d00a97c72c25,/srv/fim-watch/gen_00219.txt,file_modified,alert_only,high,2026-09-18 03:02:24.803292+00,2026-09-18 03:03:29.816077+00
3c92b86c-0492-4b39-84df-20eac16c46c0,/srv/fim-watch/gen_00566.txt,file_modified,alert_only,high,2026-09-18 03:02:24.90326+00,2026-09-18 03:03:29.8302+00
89fc31ea-9861-4260-8b51-27cc3c3209fc,/srv/fim-watch/critico/gen_00209.txt,file_deleted,alert_only,critical,2026-09-18 03:02:25.002179+00,2026-09-18 03:03:29.844185+00
09710887-fd6e-4856-9147-0e0fb7b926c3,/srv/fim-watch/gen_00203.txt,file_modified,alert_only,high,2026-09-18 03:02:25.103359+00,2026-09-18 03:03:29.858121+00
db1582c4-9336-4a13-988a-9e985bb3ad7b,/srv/fim-watch/critico/gen_00392.txt,file_modified,alert_only,critical,2026-09-18 03:02:25.203513+00,2026-09-18 03:03:29.872071+00
7c32d881-bc72-4796-8ef4-b288c019d584,/srv/fim-watch/gen_00384.txt,file_modified,alert_only,high,2026-09-18 03:02:25.403697+00,2026-09-18 03:03:29.886988+00
855abac9-506d-443e-84eb-8f29f2ce61f9,/srv/fim-watch/gen_00395.txt,file_deleted,alert_only,high,2026-09-18 03:02:25.503404+00,2026-09-18 03:03:29.902966+00
e29a9346-0cd8-4fae-bf0b-4810ff6ac265,/srv/fim-watch/critico/gen_00414.txt,file_modified,alert_only,critical,2026-09-18 03:02:25.603488+00,2026-09-18 03:03:29.918738+00
75be1010-022b-4aa0-9c1b-b0d2db12a520,/srv/fim-watch/gen_00406.txt,file_modified,alert_only,high,2026-09-18 03:02:25.70366+00,2026-09-18 03:03:29.934471+00
538ab526-3d95-4a03-b83d-0b7f376d109d,/srv/fim-watch/gen_00115.txt,file_modified,alert_only,high,2026-09-18 03:02:25.903462+00,2026-09-18 03:03:29.950388+00
d2b4e362-1f20-4086-ae22-f4b6f5fd5341,/srv/fim-watch/gen_00115.txt,file_modified,alert_only,high,2026-09-18 03:02:26.003658+00,2026-09-18 03:03:29.966609+00
ee1f18d5-cf6e-4c24-adb8-abca8495526b,/srv/fim-watch/gen_00115.txt,file_modified,alert_only,high,2026-09-18 03:02:26.103903+00,2026-09-18 03:03:29.982387+00
b8d1b97d-2753-4098-a21f-bafc00116355,/srv/fim-watch/gen_00115.txt,file_modified,alert_only,high,2026-09-18 03:02:26.20326+00,2026-09-18 03:03:29.997978+00
c78522d1-a712-421d-8bb6-4ef0b84a649a,/srv/fim-watch/gen_00115.txt,file_modified,alert_only,high,2026-09-18 03:02:26.303232+00,2026-09-18 03:03:30.012955+00
4353ef55-2d90-4972-b0c4-ca6a0894bff7,/srv/fim-watch/gen_00418.txt,file_modified,alert_only,high,2026-09-18 03:02:26.403205+00,2026-09-18 03:03:30.027948+00
0a2e3e82-bc63-4323-b727-938f1165c2ac,/srv/fim-watch/gen_00418.txt,file_modified,alert_only,high,2026-09-18 03:02:26.50344+00,2026-09-18 03:03:30.044091+00
26efda6c-6e82-4f73-911e-719a57013f11,/srv/fim-watch/gen_00418.txt,file_modified,alert_only,high,2026-09-18 03:02:26.603828+00,2026-09-18 03:03:30.059808+00
9320bb8d-88aa-408d-aa08-05f37079aba5,/srv/fim-watch/gen_00418.txt,file_modified,alert_only,high,2026-09-18 03:02:26.703613+00,2026-09-18 03:03:30.074926+00
30b37ec1-4c7b-4472-996a-b8bd2793c9aa,/srv/fim-watch/gen_00418.txt,file_modified,alert_only,high,2026-09-18 03:02:26.803131+00,2026-09-18 03:03:30.090465+00
eabeb43e-7ebd-41e8-9e35-d2957d4cb6e3,/srv/fim-watch/gen_00458.txt,file_modified,alert_only,high,2026-09-18 03:02:26.9034+00,2026-09-18 03:03:30.107714+00
7997f0e5-d542-465f-a593-c049e6c5c0b7,/srv/fim-watch/gen_00311.txt,file_deleted,alert_only,high,2026-09-18 03:02:27.002231+00,2026-09-18 03:03:30.121744+00
3bbb4f55-58f9-4d91-b5f3-8784e9fc0b65,/srv/fim-watch/gen_00536.txt,file_modified,alert_only,high,2026-09-18 03:02:27.103005+00,2026-09-18 03:03:30.138282+00
48e1cc92-4498-4201-8a19-fe62dee447a3,/srv/fim-watch/gen_00481.txt,file_modified,alert_only,high,2026-09-18 03:02:27.203151+00,2026-09-18 03:03:30.152654+00
85600af1-2a1e-41f6-935b-1a363803483b,/srv/fim-watch/gen_00569.txt,file_modified,alert_only,high,2026-09-18 03:02:27.30376+00,2026-09-18 03:03:30.167925+00
8539f4ea-7ee5-4167-bbc3-a28feb9dfd9f,/srv/fim-watch/gen_00250.txt,file_modified,alert_only,high,2026-09-18 03:02:27.403455+00,2026-09-18 03:03:30.182558+00
736b6369-61d6-4418-aefb-158d03680485,/srv/fim-watch/gen_00403.txt,file_modified,alert_only,high,2026-09-18 03:02:27.503036+00,2026-09-18 03:03:30.196423+00
483935ac-efc0-4994-b0e8-22656cf19c66,/srv/fim-watch/gen_00513.txt,file_modified,alert_only,high,2026-09-18 03:02:27.603445+00,2026-09-18 03:03:30.212196+00
82324b9b-bad6-42e5-b981-83bd8ac6cc5c,/srv/fim-watch/gen_00226.txt,file_modified,alert_only,high,2026-09-18 03:02:27.702437+00,2026-09-18 03:03:30.225591+00
c4fc961e-9bd1-470f-9da5-475a9aec076f,/srv/fim-watch/gen_00539.txt,file_deleted,alert_only,high,2026-09-18 03:02:27.803383+00,2026-09-18 03:03:30.24004+00
7ce37c5d-06a9-4e0f-b71c-43db60e1588c,/srv/fim-watch/gen_00472.txt,file_modified,alert_only,high,2026-09-18 03:02:28.003137+00,2026-09-18 03:03:30.254773+00
9c4eba69-2f97-4bec-9fed-8a84232e03bf,/srv/fim-watch/gen_00507.txt,file_deleted,alert_only,high,2026-09-18 03:02:28.103381+00,2026-09-18 03:03:30.270095+00
5829da7c-4730-4f26-8462-9e3fc2dddaea,/srv/fim-watch/gen_00554.txt,file_modified,alert_only,high,2026-09-18 03:02:28.203436+00,2026-09-18 03:03:30.285483+00
2617822b-9035-494d-b1f6-799fe54c266c,/srv/fim-watch/gen_00554.txt,file_modified,alert_only,high,2026-09-18 03:02:28.303661+00,2026-09-18 03:03:30.302136+00
c55ace86-879f-4b08-a9a3-303890463d26,/srv/fim-watch/gen_00501.txt,file_modified,alert_only,high,2026-09-18 03:02:28.403153+00,2026-09-18 03:03:30.31772+00
7d86009d-85aa-47a3-a7d9-ec0064564096,/srv/fim-watch/gen_00571.txt,file_modified,alert_only,high,2026-09-18 03:02:28.503127+00,2026-09-18 03:03:30.33335+00
c98555e4-0551-458e-a062-3fa5d8d6a948,/srv/fim-watch/gen_00126.txt,file_modified,alert_only,high,2026-09-18 03:02:28.603176+00,2026-09-18 03:03:30.349435+00
355bdf93-81ae-4f5b-a8e4-aa0eb3d95749,/srv/fim-watch/gen_00126.txt,file_modified,alert_only,high,2026-09-18 03:02:28.703553+00,2026-09-18 03:03:30.365343+00
9e3f9f79-61a9-482e-94fa-45087843a63d,/srv/fim-watch/gen_00126.txt,file_modified,alert_only,high,2026-09-18 03:02:28.803415+00,2026-09-18 03:03:30.392453+00
39adb708-c479-4d0c-a1f2-e41de21f328a,/srv/fim-watch/gen_00126.txt,file_modified,alert_only,high,2026-09-18 03:02:28.90334+00,2026-09-18 03:03:30.399016+00
4c2da369-4105-4252-85db-d9a5fa8bf8b8,/srv/fim-watch/gen_00126.txt,file_modified,alert_only,high,2026-09-18 03:02:29.00323+00,2026-09-18 03:03:30.414678+00
fce1cbda-db16-4e8d-ab35-367d7581abe4,/srv/fim-watch/gen_00481.txt,file_modified,alert_only,high,2026-09-18 03:02:29.103167+00,2026-09-18 03:03:34.354526+00
f5200bb5-d4b0-4edd-9315-c9dceee6087e,/srv/fim-watch/gen_00545.txt,file_deleted,alert_only,high,2026-09-18 03:02:29.20326+00,2026-09-18 03:03:34.374998+00
457ea38f-e28c-4f76-86d2-4a69f08ddddf,/srv/fim-watch/gen_00479.txt,file_modified,alert_only,high,2026-09-18 03:02:29.303014+00,2026-09-18 03:03:34.404904+00
f4d3987b-4ab3-4050-88f1-58c857b13fca,/srv/fim-watch/gen_00277.txt,file_deleted,alert_only,high,2026-09-18 03:02:29.403199+00,2026-09-18 03:03:34.417332+00
4f224298-8562-462a-98dd-d150063b8da4,/srv/fim-watch/gen_00503.txt,file_modified,alert_only,high,2026-09-18 03:02:29.503425+00,2026-09-18 03:03:34.471179+00
66cc01f1-8311-48fd-a3a5-c159a0badf98,/srv/fim-watch/gen_00572.txt,file_modified,alert_only,high,2026-09-18 03:02:29.60278+00,2026-09-18 03:03:34.481568+00
c32d8183-4795-4d17-b095-e10c054d55a1,/srv/fim-watch/gen_00572.txt,file_deleted,alert_only,high,2026-09-18 03:02:29.702451+00,2026-09-18 03:03:34.498698+00
0f8b81d4-fa12-4a6b-a5d9-1e2a5919da10,/srv/fim-watch/critico/gen_00392.txt,file_modified,alert_only,critical,2026-09-18 03:02:29.803491+00,2026-09-18 03:03:34.515145+00
13cae6a8-b1b5-424e-9b77-f70018a29d9e,/srv/fim-watch/critico/gen_00392.txt,file_modified,alert_only,critical,2026-09-18 03:02:29.903261+00,2026-09-18 03:03:34.531275+00
8c4569bf-cfb2-43f9-9c2c-b61c6119ae2e,/srv/fim-watch/gen_00098.txt,file_modified,alert_only,high,2026-09-18 03:02:30.003474+00,2026-09-18 03:03:34.547932+00
4498bb00-a1a5-4987-b17e-fec0b27d3c9e,/srv/fim-watch/gen_00284.txt,file_modified,alert_only,high,2026-09-18 03:02:30.103028+00,2026-09-18 03:03:34.566836+00
630c3c61-bd59-4766-b4e4-5d8bf1002950,/srv/fim-watch/gen_00573.txt,file_modified,alert_only,high,2026-09-18 03:02:30.202408+00,2026-09-18 03:03:34.58239+00
193e47d3-3a6a-4002-9b4e-99b1c2a2d36a,/srv/fim-watch/critico/gen_00437.txt,file_modified,alert_only,critical,2026-09-18 03:02:30.303219+00,2026-09-18 03:03:34.604879+00
248cd54e-51e0-465a-a54c-74dfe855f6b1,/srv/fim-watch/gen_00290.txt,file_modified,alert_only,high,2026-09-18 03:02:30.402928+00,2026-09-18 03:03:34.61069+00
233a3ade-8df0-4d8f-b425-7410a00a7447,/srv/fim-watch/critico/gen_00574.txt,file_modified,alert_only,critical,2026-09-18 03:02:30.503181+00,2026-09-18 03:03:34.626606+00
985b1d51-afb9-4f80-b7a7-b0e2b4aa13a9,/srv/fim-watch/critico/gen_00556.txt,file_modified,alert_only,critical,2026-09-18 03:02:30.603269+00,2026-09-18 03:03:34.641789+00
9c278c49-4848-4164-bc3c-86507f85973d,/srv/fim-watch/gen_00195.txt,file_modified,alert_only,high,2026-09-18 03:02:30.703464+00,2026-09-18 03:03:34.656879+00
28414fce-0b93-4cc0-873a-1afe6f585952,/srv/fim-watch/gen_00575.txt,file_modified,alert_only,high,2026-09-18 03:02:30.802964+00,2026-09-18 03:03:34.672324+00
08a59dcc-a282-4cf2-9efe-af33f284cf46,/srv/fim-watch/gen_00558.txt,file_deleted,alert_only,high,2026-09-18 03:02:30.903314+00,2026-09-18 03:03:34.688038+00
7634f49c-e742-4dc4-a59b-04d278eb4abd,/srv/fim-watch/gen_00400.txt,file_modified,alert_only,high,2026-09-18 03:02:31.003638+00,2026-09-18 03:03:34.703977+00
fd57f889-5060-4ab6-b374-68ce83a0510c,/srv/fim-watch/gen_00576.txt,file_modified,alert_only,high,2026-09-18 03:02:31.103284+00,2026-09-18 03:03:34.719765+00
c7488748-73ab-4bab-b545-b0712b4bbd87,/srv/fim-watch/gen_00467.txt,file_modified,alert_only,high,2026-09-18 03:02:31.203337+00,2026-09-18 03:03:34.73556+00
d6087496-273e-4299-a216-2122ed37f654,/srv/fim-watch/gen_00495.txt,file_modified,alert_only,high,2026-09-18 03:02:31.302989+00,2026-09-18 03:03:34.752535+00
3d3e1244-a1fd-413f-8c8b-f4a2e8e578af,/srv/fim-watch/critico/gen_00532.txt,file_modified,alert_only,critical,2026-09-18 03:02:31.407214+00,2026-09-18 03:03:34.769879+00
fefaac09-b333-4fe5-ba33-f24767b274b2,/srv/fim-watch/gen_00098.txt,file_modified,alert_only,high,2026-09-18 03:02:31.503733+00,2026-09-18 03:03:34.786771+00
11526d4d-b4b6-4bb7-b253-accc1b5a2b1f,/srv/fim-watch/gen_00098.txt,file_modified,alert_only,high,2026-09-18 03:02:31.603539+00,2026-09-18 03:03:34.80373+00
abb9432c-885f-4de0-adbe-96e13cf71154,/srv/fim-watch/gen_00480.txt,file_modified,alert_only,high,2026-09-18 03:02:31.70345+00,2026-09-18 03:03:34.820805+00
b392fe89-d11d-47c2-b01f-81525422a937,/srv/fim-watch/gen_00452.txt,file_modified,alert_only,high,2026-09-18 03:02:31.80336+00,2026-09-18 03:03:34.837647+00
66d25b68-79c7-4f13-8302-6738f9bf8d5c,/srv/fim-watch/gen_00402.txt,file_modified,alert_only,high,2026-09-18 03:02:31.903568+00,2026-09-18 03:03:34.855232+00
6d0c2d4c-e3e3-431a-96bd-ee910be9d2f2,/srv/fim-watch/gen_00152.txt,file_modified,alert_only,high,2026-09-18 03:02:32.002938+00,2026-09-18 03:03:34.872151+00
41dd6a99-8107-4bba-82e3-682828f07635,/srv/fim-watch/critico/gen_00530.txt,file_modified,alert_only,critical,2026-09-18 03:02:32.10347+00,2026-09-18 03:03:34.889468+00
2c158790-1b77-4eb9-9bc6-9b59f8b7ec07,/srv/fim-watch/critico/gen_00322.txt,file_modified,alert_only,critical,2026-09-18 03:02:32.202919+00,2026-09-18 03:03:34.906694+00
9dce1b2e-1ce6-4ad7-bd68-f8b1129a32a1,/srv/fim-watch/gen_00577.txt,file_modified,alert_only,high,2026-09-18 03:02:32.302737+00,2026-09-18 03:03:34.924104+00
bd2191fd-6826-4beb-bff8-055d3d0922fa,/srv/fim-watch/critico/gen_00579.txt,file_modified,alert_only,critical,2026-09-18 03:02:32.50326+00,2026-09-18 03:03:34.940895+00
50f5bf0b-5981-4448-bb12-da94299815bf,/srv/fim-watch/gen_00385.txt,file_modified,alert_only,high,2026-09-18 03:02:32.603207+00,2026-09-18 03:03:34.958302+00
514cd2df-b2ee-4cfd-ac66-cb16b9f445ad,/srv/fim-watch/gen_00385.txt,file_modified,alert_only,high,2026-09-18 03:02:32.703405+00,2026-09-18 03:03:34.974328+00
fa644bba-2ce3-49ce-a99a-7a6aa2a61a7b,/srv/fim-watch/gen_00385.txt,file_modified,alert_only,high,2026-09-18 03:02:32.80294+00,2026-09-18 03:03:34.990074+00
c002196b-6810-40a5-8237-c0ad92edad88,/srv/fim-watch/gen_00385.txt,file_modified,alert_only,high,2026-09-18 03:02:32.902974+00,2026-09-18 03:03:35.006009+00
a2d7d4ee-1385-4270-8426-1f6aa5724a6b,/srv/fim-watch/gen_00385.txt,file_modified,alert_only,high,2026-09-18 03:02:33.003188+00,2026-09-18 03:03:35.020936+00
955c6ef2-5a44-47b0-abbc-d3ce8e17f5c5,/srv/fim-watch/gen_00473.txt,file_modified,alert_only,high,2026-09-18 03:02:33.103135+00,2026-09-18 03:03:35.035559+00
2dbec3bc-2e58-4b77-8e34-be42fd4c785f,/srv/fim-watch/gen_00580.txt,file_modified,alert_only,high,2026-09-18 03:02:33.203061+00,2026-09-18 03:03:35.050585+00
27dac4f2-c698-4187-b97b-2a52171b49bf,/srv/fim-watch/gen_00577.txt,file_modified,alert_only,high,2026-09-18 03:02:33.30291+00,2026-09-18 03:03:35.065399+00
cc3a7111-c266-4815-a839-6e72d7f8b25f,/srv/fim-watch/gen_00577.txt,file_modified,alert_only,high,2026-09-18 03:02:33.402943+00,2026-09-18 03:03:35.081099+00
31605924-b59a-47e8-aafa-505411f5c4ce,/srv/fim-watch/gen_00570.txt,file_modified,alert_only,high,2026-09-18 03:02:33.503045+00,2026-09-18 03:03:35.104737+00
a9f0756b-3b6c-4da8-9574-d44c7cb8909b,/srv/fim-watch/gen_00581.txt,file_modified,alert_only,high,2026-09-18 03:02:33.602728+00,2026-09-18 03:03:35.110817+00
3e2678f5-c80b-44e8-94f0-8cd8386805fe,/srv/fim-watch/critico/gen_00392.txt,file_modified,alert_only,critical,2026-09-18 03:02:33.702632+00,2026-09-18 03:03:35.126462+00
9fa280f6-b80c-448c-a1f6-f101cf7a8b20,/srv/fim-watch/critico/gen_00392.txt,file_modified,alert_only,critical,2026-09-18 03:02:33.802874+00,2026-09-18 03:03:35.144084+00
6c92e99e-4501-45f9-83fa-bc81069b5993,/srv/fim-watch/critico/gen_00392.txt,file_modified,alert_only,critical,2026-09-18 03:02:33.902925+00,2026-09-18 03:03:35.15845+00
800a5a94-6e20-45a9-b3ac-0c102e8f4faa,/srv/fim-watch/critico/gen_00392.txt,file_modified,alert_only,critical,2026-09-18 03:02:34.003175+00,2026-09-18 03:03:35.175194+00
1b9db040-0cb1-4674-80a8-99a464c62c05,/srv/fim-watch/critico/gen_00392.txt,file_modified,alert_only,critical,2026-09-18 03:02:34.103073+00,2026-09-18 03:03:35.189552+00
e4235554-0cef-4799-828a-8d7f671548cf,/srv/fim-watch/gen_00538.txt,file_modified,alert_only,high,2026-09-18 03:02:34.303254+00,2026-09-18 03:03:35.206761+00
df83c7d2-6d23-4ea6-88be-30c361ed9a74,/srv/fim-watch/gen_00405.txt,file_modified,alert_only,high,2026-09-18 03:02:34.403007+00,2026-09-18 03:03:39.629338+00
f455b7c0-2908-4e17-b80b-69e8603a273a,/srv/fim-watch/gen_00583.txt,file_modified,alert_only,high,2026-09-18 03:02:34.503437+00,2026-09-18 03:03:39.667551+00
7c312cc0-2b8a-49fa-a882-bb87136b1fa2,/srv/fim-watch/gen_00583.txt,file_deleted,alert_only,high,2026-09-18 03:02:34.603529+00,2026-09-18 03:03:39.682859+00
4c22e65f-879d-46ea-873d-48a8892685d6,/srv/fim-watch/gen_00436.txt,file_modified,alert_only,high,2026-09-18 03:02:34.7028+00,2026-09-18 03:03:39.735927+00
cef58188-ac77-42dc-a91a-6079089d85dd,/srv/fim-watch/gen_00584.txt,file_modified,alert_only,high,2026-09-18 03:02:34.802943+00,2026-09-18 03:03:39.749273+00
d0e578ec-8827-4696-86e0-3a22fe9f8b98,/srv/fim-watch/critico/gen_00437.txt,file_modified,alert_only,critical,2026-09-18 03:02:34.903054+00,2026-09-18 03:03:39.771438+00
67dc0d95-15bd-4207-ad01-f2242f8c9198,/srv/fim-watch/critico/gen_00532.txt,file_modified,alert_only,critical,2026-09-18 03:02:35.003512+00,2026-09-18 03:03:39.788929+00
307e49c2-6daf-4495-9e11-5b5aead7a8e7,/srv/fim-watch/gen_00585.txt,file_modified,alert_only,high,2026-09-18 03:02:35.102548+00,2026-09-18 03:03:39.806313+00
85c675cc-f095-4ff1-9c74-b5ff967e7af0,/srv/fim-watch/gen_00570.txt,file_modified,alert_only,high,2026-09-18 03:02:35.20373+00,2026-09-18 03:03:39.822455+00
20fce2e3-6aad-4a47-8a08-26e7e40899a6,/srv/fim-watch/critico/gen_00586.txt,file_modified,alert_only,critical,2026-09-18 03:02:35.302839+00,2026-09-18 03:03:39.839113+00
a353c111-e411-4ebb-a66a-95a5bdd0c3cb,/srv/fim-watch/gen_00259.txt,file_deleted,alert_only,high,2026-09-18 03:02:35.402696+00,2026-09-18 03:03:39.854822+00
24b2a38e-4d18-4b54-8597-04a2ebddded0,/srv/fim-watch/gen_00421.txt,file_modified,alert_only,high,2026-09-18 03:02:35.503598+00,2026-09-18 03:03:39.871791+00
f3042870-3bc8-43f6-8479-e43095304dc0,/srv/fim-watch/critico/gen_00153.txt,file_modified,alert_only,critical,2026-09-18 03:02:35.603689+00,2026-09-18 03:03:39.901089+00
37b327a7-a959-4b6e-8b2d-c00f086830bf,/srv/fim-watch/critico/gen_00153.txt,file_modified,alert_only,critical,2026-09-18 03:02:35.70354+00,2026-09-18 03:03:39.909536+00
464015e0-dc14-457d-9071-fd1c07f4b46c,/srv/fim-watch/gen_00489.txt,file_modified,alert_only,high,2026-09-18 03:02:35.803842+00,2026-09-18 03:03:39.927834+00
064523d1-b9c6-4760-a703-59b349a91d90,/srv/fim-watch/gen_00356.txt,file_modified,alert_only,high,2026-09-18 03:02:35.903501+00,2026-09-18 03:03:39.943257+00
0d56a3bb-52fc-4b62-8b4c-77eb2cd2411e,/srv/fim-watch/gen_00356.txt,file_modified,alert_only,high,2026-09-18 03:02:36.003124+00,2026-09-18 03:03:39.958719+00
5a16408c-df78-4f27-8abb-7a097ff861ce,/srv/fim-watch/gen_00587.txt,file_modified,alert_only,high,2026-09-18 03:02:36.103323+00,2026-09-18 03:03:39.97437+00
70522674-7a11-486d-a0e6-fd8ddde0f779,/srv/fim-watch/gen_00493.txt,file_modified,alert_only,high,2026-09-18 03:02:36.203164+00,2026-09-18 03:03:39.989684+00
b15c1793-61c7-4a3e-9fad-218a84c5e8bc,/srv/fim-watch/gen_00493.txt,file_modified,alert_only,high,2026-09-18 03:02:36.30303+00,2026-09-18 03:03:40.005382+00
be12948c-93d8-4405-b803-8a4815a3d9ca,/srv/fim-watch/gen_00550.txt,file_modified,alert_only,high,2026-09-18 03:02:36.40339+00,2026-09-18 03:03:40.020462+00
7111ffa1-36fc-4c2d-8346-e063b920c9a2,/srv/fim-watch/gen_00232.txt,file_modified,alert_only,high,2026-09-18 03:02:36.503464+00,2026-09-18 03:03:40.035457+00
1bec49d7-2241-4028-b84e-651d27cb317e,/srv/fim-watch/gen_00588.txt,file_modified,alert_only,high,2026-09-18 03:02:36.602844+00,2026-09-18 03:03:40.051732+00
4499a720-b45c-462b-a941-b7268305960b,/srv/fim-watch/gen_00326.txt,file_modified,alert_only,high,2026-09-18 03:02:36.703326+00,2026-09-18 03:03:40.068922+00
f628ffa4-b46d-4219-bba4-1f0bc7171f30,/srv/fim-watch/gen_00386.txt,file_modified,alert_only,high,2026-09-18 03:02:36.803168+00,2026-09-18 03:03:40.086596+00
61de541b-fb26-4430-a3fb-66f5b7754606,/srv/fim-watch/gen_00492.txt,file_modified,alert_only,high,2026-09-18 03:02:36.903087+00,2026-09-18 03:03:40.104228+00
b2c17593-ae8e-40f1-a854-7620553e1385,/srv/fim-watch/gen_00589.txt,file_modified,alert_only,high,2026-09-18 03:02:37.0032+00,2026-09-18 03:03:40.12166+00
4a6498a6-0f55-416e-b64a-5af1f17d5565,/srv/fim-watch/critico/gen_00342.txt,file_deleted,alert_only,critical,2026-09-18 03:02:37.103414+00,2026-09-18 03:03:40.138486+00
5891159b-6f2d-4faf-bd23-a4c56477d537,/srv/fim-watch/gen_00519.txt,file_modified,alert_only,high,2026-09-18 03:02:37.203294+00,2026-09-18 03:03:40.154873+00
129957c8-fc1a-4986-be8c-fb175b260f71,/srv/fim-watch/gen_00125.txt,file_modified,alert_only,high,2026-09-18 03:02:37.303184+00,2026-09-18 03:03:40.173941+00
0b78413d-5664-495c-9de1-150abe4db714,/srv/fim-watch/critico/gen_00304.txt,file_modified,alert_only,critical,2026-09-18 03:02:37.403043+00,2026-09-18 03:03:40.188461+00
4f5de4c5-7813-49bc-85aa-5a7a43369b41,/srv/fim-watch/critico/gen_00304.txt,file_modified,alert_only,critical,2026-09-18 03:02:37.50319+00,2026-09-18 03:03:40.203563+00
6dbd296d-4a72-4e85-a0b5-d4128b4162f8,/srv/fim-watch/gen_00590.txt,file_modified,alert_only,high,2026-09-18 03:02:37.603035+00,2026-09-18 03:03:40.218897+00
6bd59497-78c3-4de1-a970-48b07152c608,/srv/fim-watch/gen_00517.txt,file_modified,alert_only,high,2026-09-18 03:02:37.703078+00,2026-09-18 03:03:40.23324+00
9fc3ac1d-e8a8-4d0f-a9f7-94a4d7540691,/srv/fim-watch/critico/gen_00565.txt,file_modified,alert_only,critical,2026-09-18 03:02:37.804004+00,2026-09-18 03:03:40.24898+00
2e644ce2-b85a-418f-847f-2386fda49f74,/srv/fim-watch/critico/gen_00345.txt,file_deleted,alert_only,critical,2026-09-18 03:02:38.002828+00,2026-09-18 03:03:40.264992+00
f1735db6-3620-4698-8cdc-1416527e6187,/srv/fim-watch/gen_00521.txt,file_deleted,alert_only,high,2026-09-18 03:02:38.103384+00,2026-09-18 03:03:40.280276+00
fcce7bc2-0d4c-4e31-b768-ace43da4bbf5,/srv/fim-watch/gen_00546.txt,file_modified,alert_only,high,2026-09-18 03:02:38.203062+00,2026-09-18 03:03:40.295055+00
4341c0d1-7836-4d6a-a129-dec173922098,/srv/fim-watch/gen_00193.txt,file_modified,alert_only,high,2026-09-18 03:02:38.403841+00,2026-09-18 03:03:40.309581+00
02d41dd3-b4f5-4973-a5a9-1ad997584b5b,/srv/fim-watch/gen_00470.txt,file_modified,alert_only,high,2026-09-18 03:02:38.503035+00,2026-09-18 03:03:40.325148+00
80185d12-a052-46e1-a12f-2c1586c61664,/srv/fim-watch/critico/gen_00593.txt,file_modified,alert_only,critical,2026-09-18 03:02:38.603241+00,2026-09-18 03:03:40.340886+00
fedb8783-7621-40a5-9a6a-125709a5b7c9,/srv/fim-watch/critico/gen_00593.txt,file_deleted,alert_only,critical,2026-09-18 03:02:38.702839+00,2026-09-18 03:03:40.356603+00
8c83c8da-33e8-48b5-bdef-10c9175e9309,/srv/fim-watch/gen_00223.txt,file_modified,alert_only,high,2026-09-18 03:02:38.803365+00,2026-09-18 03:03:40.381218+00
d846183d-b184-48cf-a040-8e8a6cd0859e,/srv/fim-watch/gen_00405.txt,file_modified,alert_only,high,2026-09-18 03:02:38.903531+00,2026-09-18 03:03:40.387628+00
67da2553-0dc7-4542-b0bc-b15a0983b7f4,/srv/fim-watch/gen_00405.txt,file_modified,alert_only,high,2026-09-18 03:02:39.0036+00,2026-09-18 03:03:40.405559+00
b33b97e6-df53-40d0-9be3-4677b5821297,/srv/fim-watch/gen_00274.txt,file_modified,alert_only,high,2026-09-18 03:02:39.103037+00,2026-09-18 03:03:40.421937+00
d2bb0831-d3aa-4b92-b4e0-b65e6cbee133,/srv/fim-watch/gen_00469.txt,file_modified,alert_only,high,2026-09-18 03:02:39.303057+00,2026-09-18 03:03:40.439049+00
2d745de0-3e81-4aba-8575-3e3ba56b8a3b,/srv/fim-watch/gen_00358.txt,file_modified,alert_only,high,2026-09-18 03:02:39.503157+00,2026-09-18 03:03:40.4559+00
140cca5b-593e-4fd6-a44f-ff2e199c9a44,/srv/fim-watch/gen_00358.txt,file_modified,alert_only,high,2026-09-18 03:02:39.603156+00,2026-09-18 03:03:40.474169+00
bb5b01c9-39b3-4ad0-a771-d66d73468fcf,/srv/fim-watch/gen_00062.txt,file_modified,alert_only,high,2026-09-18 03:02:39.702139+00,2026-09-18 03:03:44.928992+00
08c44092-de84-4252-92a7-5400cc68097c,/srv/fim-watch/critico/gen_00574.txt,file_modified,alert_only,critical,2026-09-18 03:02:39.803401+00,2026-09-18 03:03:44.959076+00
b3abcc27-a9ae-40dc-88a2-5b7a2a31a3c7,/srv/fim-watch/critico/gen_00574.txt,file_modified,alert_only,critical,2026-09-18 03:02:39.903084+00,2026-09-18 03:03:44.97186+00
418566a2-75f0-493a-8dbf-505f5b373ce5,/srv/fim-watch/gen_00569.txt,file_modified,alert_only,high,2026-09-18 03:02:40.00211+00,2026-09-18 03:03:45.00876+00
ced28917-7bc8-4cb9-acf8-1eee1c29e023,/srv/fim-watch/gen_00352.txt,file_modified,alert_only,high,2026-09-18 03:02:40.103172+00,2026-09-18 03:03:45.016929+00
862043d2-4401-4c21-9c5d-0188626ffeb1,/srv/fim-watch/critico/gen_00596.txt,file_modified,alert_only,critical,2026-09-18 03:02:40.203062+00,2026-09-18 03:03:45.037211+00
28383191-adaf-4bf3-9c99-113c619f5a7a,/srv/fim-watch/gen_00597.txt,file_modified,alert_only,high,2026-09-18 03:02:40.30321+00,2026-09-18 03:03:45.055504+00
8f98f771-0432-484b-b556-1d16a98d71b7,/srv/fim-watch/gen_00448.txt,file_modified,alert_only,high,2026-09-18 03:02:40.403142+00,2026-09-18 03:03:45.073137+00
e1dca854-afcf-4ad9-a26a-37ad04baf6ca,/srv/fim-watch/critico/gen_00304.txt,file_modified,alert_only,critical,2026-09-18 03:02:40.503054+00,2026-09-18 03:03:45.090419+00
83468ab1-cc33-4a52-84b9-39cbda232aa4,/srv/fim-watch/gen_00290.txt,file_modified,alert_only,high,2026-09-18 03:02:40.603167+00,2026-09-18 03:03:45.109284+00
ca134c27-c957-440f-a14b-aab16b9ced45,/srv/fim-watch/critico/gen_00398.txt,file_modified,alert_only,critical,2026-09-18 03:02:40.703214+00,2026-09-18 03:03:45.127244+00
f3022867-a92c-489f-84c0-12c89497c446,/srv/fim-watch/critico/gen_00262.txt,file_modified,alert_only,critical,2026-09-18 03:02:40.80223+00,2026-09-18 03:03:45.157421+00
ec4292b9-870c-4441-bc61-2d2322fcbc38,/srv/fim-watch/gen_00598.txt,file_modified,alert_only,high,2026-09-18 03:02:40.902899+00,2026-09-18 03:03:45.166366+00
17c53e18-91cf-451f-8e43-509b6c568974,/srv/fim-watch/critico/gen_00599.txt,file_modified,alert_only,critical,2026-09-18 03:02:41.003067+00,2026-09-18 03:03:45.187181+00
d0a035f2-c993-4699-9731-71f2ee3e56bf,/srv/fim-watch/critico/gen_00599.txt,file_deleted,alert_only,critical,2026-09-18 03:02:41.103084+00,2026-09-18 03:03:45.208776+00
dbb4e071-44c0-480d-9235-ad8b7994cb8e,/srv/fim-watch/gen_00356.txt,file_deleted,alert_only,high,2026-09-18 03:02:41.202922+00,2026-09-18 03:03:45.226071+00
83cb1ce0-86b9-40ef-ab8b-45d1cd4d1a87,/srv/fim-watch/gen_00418.txt,file_modified,alert_only,high,2026-09-18 03:02:41.303256+00,2026-09-18 03:03:45.242356+00
07e1bd47-b390-40e4-8257-53a264ba9b04,/srv/fim-watch/gen_00179.txt,file_deleted,alert_only,high,2026-09-18 03:02:41.402827+00,2026-09-18 03:03:45.259811+00
8d086aa0-a1cc-4e4d-9437-1f6d8e50ab30,/srv/fim-watch/gen_00403.txt,file_modified,alert_only,high,2026-09-18 03:02:41.503537+00,2026-09-18 03:03:45.273991+00
5f6744a1-74ab-42e0-a6ed-c0792458ddd8,/srv/fim-watch/gen_00600.txt,file_modified,alert_only,high,2026-09-18 03:02:41.603084+00,2026-09-18 03:03:45.289768+00
