========================================================================
generador_carga.py — arranque 2026-09-18T12:56:19.404499+00:00
========================================================================
  generador                    = scripts/generador_carga.py
  seed                         = 20260917
  rate_eventos_por_segundo     = 10.0
  count                        = 3000
  mix                          = {'creacion': 0.2, 'modificacion': 0.7, 'borrado': 0.1}
  revert_frac                  = 0.2
  burst_frac                   = 0.2
  burst_size                   = 5
  ephemeral_frac               = 0.2
  critical_subdir              = critico
  critical_frac                = 0.2
  file_size_bytes              = 64
  prefix                       = gen
  dir_host                     = /srv/fim-watch
  agent_prefix                 = /srv/fim-watch
  intervalo_s                  = 0.1
  duracion_estimada_s          = 299.90000000000003
  manifiesto                   = /srv/evidencia/bateria5_corte-valkey-post-d75_manifiesto.json
  log                          = /srv/evidencia/bateria5_corte-valkey-post-d75_generador.log
  dry_run                      = False
  python                       = 3.13.15
  host                         = fim-host
  plan.creaciones              = 600
  plan.modificaciones          = 2100
  plan.borrados                = 300
  plan.grupos_efimeros         = 60
  plan.pares_revertidos        = 210
  plan.rafagas                 = 84
  plan.tamano_rafaga           = 5
  plan.operaciones_planificadas = 3000
  plan.archivos_distintos      = 600
========================================================================
inicio_utc = 2026-09-18T12:56:19.408906+00:00
 [00001/3000] create simple     /srv/fim-watch/gen_00001.txt ts=2026-09-18T12:56:19.409034+00:00
 [00002/3000] modify simple     /srv/fim-watch/gen_00001.txt ts=2026-09-18T12:56:19.509725+00:00
 [00003/3000] modify revertido  /srv/fim-watch/gen_00001.txt ts=2026-09-18T12:56:19.609618+00:00
 [00004/3000] modify revertido  /srv/fim-watch/gen_00001.txt ts=2026-09-18T12:56:19.709652+00:00
 [00005/3000] modify simple     /srv/fim-watch/gen_00001.txt ts=2026-09-18T12:56:19.809559+00:00
 [00006/3000] create simple     /srv/fim-watch/gen_00002.txt ts=2026-09-18T12:56:19.909564+00:00
 [00007/3000] create simple     /srv/fim-watch/critico/gen_00003.txt ts=2026-09-18T12:56:20.009537+00:00
 [00008/3000] delete simple     /srv/fim-watch/gen_00001.txt ts=2026-09-18T12:56:20.109448+00:00
 [00009/3000] create simple     /srv/fim-watch/gen_00004.txt ts=2026-09-18T12:56:20.209477+00:00
 [00010/3000] modify simple     /srv/fim-watch/critico/gen_00003.txt ts=2026-09-18T12:56:20.309530+00:00
 [00011/3000] modify simple     /srv/fim-watch/critico/gen_00003.txt ts=2026-09-18T12:56:20.409580+00:00
 [00012/3000] modify simple     /srv/fim-watch/gen_00004.txt ts=2026-09-18T12:56:20.509516+00:00
 [00013/3000] modify simple     /srv/fim-watch/gen_00002.txt ts=2026-09-18T12:56:20.609570+00:00
 [00014/3000] modify simple     /srv/fim-watch/critico/gen_00003.txt ts=2026-09-18T12:56:20.709568+00:00
 [00015/3000] create simple     /srv/fim-watch/gen_00005.txt ts=2026-09-18T12:56:20.809586+00:00
 [00016/3000] delete simple     /srv/fim-watch/gen_00005.txt ts=2026-09-18T12:56:20.909497+00:00
 [00017/3000] create simple     /srv/fim-watch/gen_00006.txt ts=2026-09-18T12:56:21.009532+00:00
 [00018/3000] create simple     /srv/fim-watch/gen_00007.txt ts=2026-09-18T12:56:21.109411+00:00
 [00019/3000] modify simple     /srv/fim-watch/gen_00004.txt ts=2026-09-18T12:56:21.209580+00:00
 [00020/3000] modify revertido  /srv/fim-watch/critico/gen_00003.txt ts=2026-09-18T12:56:21.309575+00:00
 [00021/3000] modify revertido  /srv/fim-watch/critico/gen_00003.txt ts=2026-09-18T12:56:21.409556+00:00
 [00022/3000] modify simple     /srv/fim-watch/critico/gen_00003.txt ts=2026-09-18T12:56:21.509598+00:00
 [00023/3000] modify simple     /srv/fim-watch/gen_00006.txt ts=2026-09-18T12:56:21.609734+00:00
 [00024/3000] delete simple     /srv/fim-watch/critico/gen_00003.txt ts=2026-09-18T12:56:21.709441+00:00
 [00025/3000] modify simple     /srv/fim-watch/gen_00006.txt ts=2026-09-18T12:56:21.809549+00:00
 [00026/3000] create simple     /srv/fim-watch/gen_00008.txt ts=2026-09-18T12:56:21.909482+00:00
 [00027/3000] modify simple     /srv/fim-watch/gen_00007.txt ts=2026-09-18T12:56:22.009508+00:00
 [00028/3000] modify simple     /srv/fim-watch/gen_00007.txt ts=2026-09-18T12:56:22.109527+00:00
 [00029/3000] modify simple     /srv/fim-watch/gen_00002.txt ts=2026-09-18T12:56:22.209642+00:00
 [00030/3000] create efimero    /srv/fim-watch/gen_00009.txt ts=2026-09-18T12:56:22.309734+00:00
 [00031/3000] delete efimero    /srv/fim-watch/gen_00009.txt ts=2026-09-18T12:56:22.409433+00:00
 [00032/3000] modify simple     /srv/fim-watch/gen_00006.txt ts=2026-09-18T12:56:22.509684+00:00
 [00033/3000] modify simple     /srv/fim-watch/gen_00007.txt ts=2026-09-18T12:56:22.609612+00:00
 [00034/3000] delete simple     /srv/fim-watch/gen_00002.txt ts=2026-09-18T12:56:22.709535+00:00
 [00035/3000] create simple     /srv/fim-watch/gen_00010.txt ts=2026-09-18T12:56:22.809611+00:00
 [00036/3000] modify simple     /srv/fim-watch/gen_00010.txt ts=2026-09-18T12:56:22.909666+00:00
 [00037/3000] modify colapsado  /srv/fim-watch/gen_00004.txt ts=2026-09-18T12:56:23.009632+00:00
 [00038/3000] modify colapsado  /srv/fim-watch/gen_00004.txt ts=2026-09-18T12:56:23.109590+00:00
 [00039/3000] modify colapsado  /srv/fim-watch/gen_00004.txt ts=2026-09-18T12:56:23.209775+00:00
 [00040/3000] modify colapsado  /srv/fim-watch/gen_00004.txt ts=2026-09-18T12:56:23.309398+00:00
 [00041/3000] modify colapsado  /srv/fim-watch/gen_00004.txt ts=2026-09-18T12:56:23.409537+00:00
 [00042/3000] modify simple     /srv/fim-watch/gen_00004.txt ts=2026-09-18T12:56:23.509535+00:00
 [00043/3000] modify revertido  /srv/fim-watch/gen_00004.txt ts=2026-09-18T12:56:23.609336+00:00
 [00044/3000] modify revertido  /srv/fim-watch/gen_00004.txt ts=2026-09-18T12:56:23.709443+00:00
 [00045/3000] modify simple     /srv/fim-watch/gen_00004.txt ts=2026-09-18T12:56:23.809338+00:00
 [00046/3000] modify simple     /srv/fim-watch/gen_00004.txt ts=2026-09-18T12:56:23.909639+00:00
 [00047/3000] modify simple     /srv/fim-watch/gen_00004.txt ts=2026-09-18T12:56:24.009471+00:00
 [00048/3000] create simple     /srv/fim-watch/gen_00011.txt ts=2026-09-18T12:56:24.109347+00:00
 [00049/3000] create simple     /srv/fim-watch/gen_00012.txt ts=2026-09-18T12:56:24.209512+00:00
 [00050/3000] modify colapsado  /srv/fim-watch/gen_00007.txt ts=2026-09-18T12:56:24.309449+00:00
 [00051/3000] modify colapsado  /srv/fim-watch/gen_00007.txt ts=2026-09-18T12:56:24.409441+00:00
 [00052/3000] modify colapsado  /srv/fim-watch/gen_00007.txt ts=2026-09-18T12:56:24.509586+00:00
 [00053/3000] modify colapsado  /srv/fim-watch/gen_00007.txt ts=2026-09-18T12:56:24.609413+00:00
 [00054/3000] modify colapsado  /srv/fim-watch/gen_00007.txt ts=2026-09-18T12:56:24.709468+00:00
 [00055/3000] modify simple     /srv/fim-watch/gen_00010.txt ts=2026-09-18T12:56:24.809426+00:00
 [00056/3000] delete simple     /srv/fim-watch/gen_00007.txt ts=2026-09-18T12:56:24.909327+00:00
 [00057/3000] delete simple     /srv/fim-watch/gen_00012.txt ts=2026-09-18T12:56:25.009348+00:00
 [00058/3000] create simple     /srv/fim-watch/gen_00013.txt ts=2026-09-18T12:56:25.109352+00:00
 [00059/3000] modify revertido  /srv/fim-watch/gen_00013.txt ts=2026-09-18T12:56:25.209420+00:00
 [00060/3000] modify revertido  /srv/fim-watch/gen_00013.txt ts=2026-09-18T12:56:25.309446+00:00
 [00061/3000] modify simple     /srv/fim-watch/gen_00010.txt ts=2026-09-18T12:56:25.409460+00:00
 [00062/3000] modify simple     /srv/fim-watch/gen_00011.txt ts=2026-09-18T12:56:25.509626+00:00
 [00063/3000] create simple     /srv/fim-watch/gen_00014.txt ts=2026-09-18T12:56:25.609457+00:00
 [00064/3000] modify simple     /srv/fim-watch/gen_00011.txt ts=2026-09-18T12:56:25.709612+00:00
 [00065/3000] modify simple     /srv/fim-watch/gen_00006.txt ts=2026-09-18T12:56:25.809719+00:00
 [00066/3000] modify simple     /srv/fim-watch/gen_00008.txt ts=2026-09-18T12:56:25.909670+00:00
 [00067/3000] modify simple     /srv/fim-watch/gen_00011.txt ts=2026-09-18T12:56:26.009734+00:00
 [00068/3000] modify simple     /srv/fim-watch/gen_00011.txt ts=2026-09-18T12:56:26.109562+00:00
 [00069/3000] modify revertido  /srv/fim-watch/gen_00004.txt ts=2026-09-18T12:56:26.209697+00:00
 [00070/3000] modify revertido  /srv/fim-watch/gen_00004.txt ts=2026-09-18T12:56:26.309541+00:00
 [00071/3000] modify simple     /srv/fim-watch/gen_00010.txt ts=2026-09-18T12:56:26.409561+00:00
 [00072/3000] modify simple     /srv/fim-watch/gen_00013.txt ts=2026-09-18T12:56:26.509585+00:00
 [00073/3000] modify simple     /srv/fim-watch/gen_00013.txt ts=2026-09-18T12:56:26.609496+00:00
 [00074/3000] create simple     /srv/fim-watch/gen_00015.txt ts=2026-09-18T12:56:26.709464+00:00
 [00075/3000] create simple     /srv/fim-watch/gen_00016.txt ts=2026-09-18T12:56:26.809442+00:00
 [00076/3000] modify revertido  /srv/fim-watch/gen_00014.txt ts=2026-09-18T12:56:26.909525+00:00
 [00077/3000] modify revertido  /srv/fim-watch/gen_00014.txt ts=2026-09-18T12:56:27.009504+00:00
 [00078/3000] modify simple     /srv/fim-watch/gen_00014.txt ts=2026-09-18T12:56:27.109553+00:00
 [00079/3000] modify simple     /srv/fim-watch/gen_00004.txt ts=2026-09-18T12:56:27.209648+00:00
 [00080/3000] delete simple     /srv/fim-watch/gen_00004.txt ts=2026-09-18T12:56:27.309473+00:00
 [00081/3000] delete simple     /srv/fim-watch/gen_00014.txt ts=2026-09-18T12:56:27.409473+00:00
 [00082/3000] modify simple     /srv/fim-watch/gen_00016.txt ts=2026-09-18T12:56:27.509821+00:00
 [00083/3000] modify simple     /srv/fim-watch/gen_00015.txt ts=2026-09-18T12:56:27.609677+00:00
 [00084/3000] modify simple     /srv/fim-watch/gen_00015.txt ts=2026-09-18T12:56:27.709559+00:00
 [00085/3000] create efimero    /srv/fim-watch/gen_00017.txt ts=2026-09-18T12:56:27.809436+00:00
 [00086/3000] delete efimero    /srv/fim-watch/gen_00017.txt ts=2026-09-18T12:56:27.909446+00:00
 [00087/3000] modify revertido  /srv/fim-watch/gen_00006.txt ts=2026-09-18T12:56:28.009509+00:00
 [00088/3000] modify revertido  /srv/fim-watch/gen_00006.txt ts=2026-09-18T12:56:28.109653+00:00
 [00089/3000] modify simple     /srv/fim-watch/gen_00015.txt ts=2026-09-18T12:56:28.209765+00:00
 [00090/3000] modify revertido  /srv/fim-watch/gen_00016.txt ts=2026-09-18T12:56:28.309604+00:00
 [00091/3000] modify revertido  /srv/fim-watch/gen_00016.txt ts=2026-09-18T12:56:28.409568+00:00
 [00092/3000] create simple     /srv/fim-watch/gen_00018.txt ts=2026-09-18T12:56:28.509499+00:00
 [00093/3000] modify colapsado  /srv/fim-watch/gen_00008.txt ts=2026-09-18T12:56:28.609324+00:00
 [00094/3000] modify colapsado  /srv/fim-watch/gen_00008.txt ts=2026-09-18T12:56:28.709607+00:00
 [00095/3000] modify colapsado  /srv/fim-watch/gen_00008.txt ts=2026-09-18T12:56:28.809368+00:00
 [00096/3000] modify colapsado  /srv/fim-watch/gen_00008.txt ts=2026-09-18T12:56:28.909616+00:00
 [00097/3000] modify colapsado  /srv/fim-watch/gen_00008.txt ts=2026-09-18T12:56:29.009707+00:00
 [00098/3000] modify simple     /srv/fim-watch/gen_00011.txt ts=2026-09-18T12:56:29.109569+00:00
 [00099/3000] modify simple     /srv/fim-watch/gen_00013.txt ts=2026-09-18T12:56:29.209701+00:00
 [00100/3000] modify simple     /srv/fim-watch/gen_00013.txt ts=2026-09-18T12:56:29.309528+00:00
 [00101/3000] modify revertido  /srv/fim-watch/gen_00013.txt ts=2026-09-18T12:56:29.409677+00:00
 [00102/3000] modify revertido  /srv/fim-watch/gen_00013.txt ts=2026-09-18T12:56:29.509654+00:00
 [00103/3000] modify revertido  /srv/fim-watch/gen_00013.txt ts=2026-09-18T12:56:29.609563+00:00
 [00104/3000] modify revertido  /srv/fim-watch/gen_00013.txt ts=2026-09-18T12:56:29.709570+00:00
 [00105/3000] create simple     /srv/fim-watch/gen_00019.txt ts=2026-09-18T12:56:29.809330+00:00
 [00106/3000] delete simple     /srv/fim-watch/gen_00008.txt ts=2026-09-18T12:56:29.909429+00:00
 [00107/3000] create simple     /srv/fim-watch/gen_00020.txt ts=2026-09-18T12:56:30.009485+00:00
 [00108/3000] modify revertido  /srv/fim-watch/gen_00018.txt ts=2026-09-18T12:56:30.109583+00:00
 [00109/3000] modify revertido  /srv/fim-watch/gen_00018.txt ts=2026-09-18T12:56:30.209641+00:00
 [00110/3000] modify simple     /srv/fim-watch/gen_00020.txt ts=2026-09-18T12:56:30.309546+00:00
 [00111/3000] modify simple     /srv/fim-watch/gen_00018.txt ts=2026-09-18T12:56:30.409509+00:00
 [00112/3000] modify simple     /srv/fim-watch/gen_00015.txt ts=2026-09-18T12:56:30.509575+00:00
 [00113/3000] delete simple     /srv/fim-watch/gen_00010.txt ts=2026-09-18T12:56:30.609515+00:00
 [00114/3000] modify simple     /srv/fim-watch/gen_00013.txt ts=2026-09-18T12:56:30.709756+00:00
 [00115/3000] modify simple     /srv/fim-watch/gen_00013.txt ts=2026-09-18T12:56:30.809538+00:00
 [00116/3000] create simple     /srv/fim-watch/gen_00021.txt ts=2026-09-18T12:56:30.909435+00:00
 [00117/3000] modify simple     /srv/fim-watch/gen_00011.txt ts=2026-09-18T12:56:31.009573+00:00
 [00118/3000] modify simple     /srv/fim-watch/gen_00021.txt ts=2026-09-18T12:56:31.109533+00:00
 [00119/3000] delete simple     /srv/fim-watch/gen_00021.txt ts=2026-09-18T12:56:31.209517+00:00
 [00120/3000] create simple     /srv/fim-watch/gen_00022.txt ts=2026-09-18T12:56:31.309459+00:00
 [00121/3000] create simple     /srv/fim-watch/critico/gen_00023.txt ts=2026-09-18T12:56:31.409553+00:00
 [00122/3000] modify colapsado  /srv/fim-watch/gen_00022.txt ts=2026-09-18T12:56:31.509645+00:00
 [00123/3000] modify colapsado  /srv/fim-watch/gen_00022.txt ts=2026-09-18T12:56:31.609717+00:00
 [00124/3000] modify colapsado  /srv/fim-watch/gen_00022.txt ts=2026-09-18T12:56:31.709702+00:00
 [00125/3000] modify colapsado  /srv/fim-watch/gen_00022.txt ts=2026-09-18T12:56:31.809652+00:00
 [00126/3000] modify colapsado  /srv/fim-watch/gen_00022.txt ts=2026-09-18T12:56:31.909641+00:00
 [00127/3000] modify simple     /srv/fim-watch/gen_00011.txt ts=2026-09-18T12:56:32.009588+00:00
 [00128/3000] modify simple     /srv/fim-watch/gen_00020.txt ts=2026-09-18T12:56:32.109580+00:00
 [00129/3000] modify simple     /srv/fim-watch/gen_00015.txt ts=2026-09-18T12:56:32.209753+00:00
 [00130/3000] modify simple     /srv/fim-watch/gen_00020.txt ts=2026-09-18T12:56:32.309533+00:00
 [00131/3000] modify simple     /srv/fim-watch/gen_00006.txt ts=2026-09-18T12:56:32.409811+00:00
 [00132/3000] modify simple     /srv/fim-watch/critico/gen_00023.txt ts=2026-09-18T12:56:32.509665+00:00
 [00133/3000] modify simple     /srv/fim-watch/gen_00018.txt ts=2026-09-18T12:56:32.609628+00:00
 [00134/3000] modify simple     /srv/fim-watch/gen_00011.txt ts=2026-09-18T12:56:32.709785+00:00
 [00135/3000] modify simple     /srv/fim-watch/gen_00016.txt ts=2026-09-18T12:56:32.809580+00:00
 [00136/3000] create simple     /srv/fim-watch/gen_00024.txt ts=2026-09-18T12:56:32.909467+00:00
 [00137/3000] modify simple     /srv/fim-watch/gen_00011.txt ts=2026-09-18T12:56:33.009699+00:00
 [00138/3000] modify simple     /srv/fim-watch/gen_00018.txt ts=2026-09-18T12:56:33.109661+00:00
 [00139/3000] create simple     /srv/fim-watch/critico/gen_00025.txt ts=2026-09-18T12:56:33.209498+00:00
 [00140/3000] modify simple     /srv/fim-watch/gen_00018.txt ts=2026-09-18T12:56:33.309598+00:00
 [00141/3000] create simple     /srv/fim-watch/gen_00026.txt ts=2026-09-18T12:56:33.409307+00:00
 [00142/3000] delete simple     /srv/fim-watch/gen_00015.txt ts=2026-09-18T12:56:33.509431+00:00
 [00143/3000] modify simple     /srv/fim-watch/gen_00020.txt ts=2026-09-18T12:56:33.609639+00:00
 [00144/3000] modify simple     /srv/fim-watch/critico/gen_00023.txt ts=2026-09-18T12:56:33.709687+00:00
 [00145/3000] modify simple     /srv/fim-watch/gen_00006.txt ts=2026-09-18T12:56:33.809546+00:00
 [00146/3000] modify simple     /srv/fim-watch/gen_00026.txt ts=2026-09-18T12:56:33.909590+00:00
 [00147/3000] modify simple     /srv/fim-watch/gen_00018.txt ts=2026-09-18T12:56:34.009665+00:00
 [00148/3000] delete simple     /srv/fim-watch/gen_00018.txt ts=2026-09-18T12:56:34.109423+00:00
 [00149/3000] create simple     /srv/fim-watch/gen_00027.txt ts=2026-09-18T12:56:34.209389+00:00
 [00150/3000] modify simple     /srv/fim-watch/gen_00026.txt ts=2026-09-18T12:56:34.309548+00:00
 [00151/3000] modify simple     /srv/fim-watch/critico/gen_00025.txt ts=2026-09-18T12:56:34.409570+00:00
 [00152/3000] modify simple     /srv/fim-watch/gen_00020.txt ts=2026-09-18T12:56:34.509659+00:00
 [00153/3000] modify colapsado  /srv/fim-watch/gen_00019.txt ts=2026-09-18T12:56:34.609326+00:00
 [00154/3000] modify colapsado  /srv/fim-watch/gen_00019.txt ts=2026-09-18T12:56:34.709592+00:00
 [00155/3000] modify colapsado  /srv/fim-watch/gen_00019.txt ts=2026-09-18T12:56:34.809586+00:00
 [00156/3000] modify colapsado  /srv/fim-watch/gen_00019.txt ts=2026-09-18T12:56:34.910076+00:00
 [00157/3000] modify colapsado  /srv/fim-watch/gen_00019.txt ts=2026-09-18T12:56:35.009541+00:00
 [00158/3000] modify simple     /srv/fim-watch/gen_00020.txt ts=2026-09-18T12:56:35.109722+00:00
 [00159/3000] delete simple     /srv/fim-watch/gen_00026.txt ts=2026-09-18T12:56:35.209464+00:00
 [00160/3000] modify simple     /srv/fim-watch/gen_00027.txt ts=2026-09-18T12:56:35.309516+00:00
 [00161/3000] modify simple     /srv/fim-watch/gen_00020.txt ts=2026-09-18T12:56:35.409759+00:00
 [00162/3000] create simple     /srv/fim-watch/gen_00028.txt ts=2026-09-18T12:56:35.509611+00:00
 [00163/3000] modify simple     /srv/fim-watch/gen_00020.txt ts=2026-09-18T12:56:35.609604+00:00
 [00164/3000] modify simple     /srv/fim-watch/gen_00024.txt ts=2026-09-18T12:56:35.709554+00:00
 [00165/3000] create simple     /srv/fim-watch/gen_00029.txt ts=2026-09-18T12:56:35.809586+00:00
 [00166/3000] modify simple     /srv/fim-watch/gen_00028.txt ts=2026-09-18T12:56:35.909756+00:00
 [00167/3000] modify simple     /srv/fim-watch/critico/gen_00025.txt ts=2026-09-18T12:56:36.009689+00:00
 [00168/3000] modify simple     /srv/fim-watch/gen_00024.txt ts=2026-09-18T12:56:36.109599+00:00
 [00169/3000] create simple     /srv/fim-watch/gen_00030.txt ts=2026-09-18T12:56:36.209604+00:00
 [00170/3000] modify simple     /srv/fim-watch/gen_00022.txt ts=2026-09-18T12:56:36.309568+00:00
 [00171/3000] create simple     /srv/fim-watch/gen_00031.txt ts=2026-09-18T12:56:36.409491+00:00
 [00172/3000] create efimero    /srv/fim-watch/gen_00032.txt ts=2026-09-18T12:56:36.509454+00:00
 [00173/3000] delete efimero    /srv/fim-watch/gen_00032.txt ts=2026-09-18T12:56:36.609681+00:00
 [00174/3000] modify simple     /srv/fim-watch/gen_00027.txt ts=2026-09-18T12:56:36.709723+00:00
 [00175/3000] modify simple     /srv/fim-watch/gen_00024.txt ts=2026-09-18T12:56:36.809583+00:00
 [00176/3000] modify simple     /srv/fim-watch/gen_00006.txt ts=2026-09-18T12:56:36.909599+00:00
 [00177/3000] create simple     /srv/fim-watch/gen_00033.txt ts=2026-09-18T12:56:37.009565+00:00
 [00178/3000] modify simple     /srv/fim-watch/gen_00029.txt ts=2026-09-18T12:56:37.109553+00:00
 [00179/3000] modify simple     /srv/fim-watch/gen_00006.txt ts=2026-09-18T12:56:37.209682+00:00
 [00180/3000] modify revertido  /srv/fim-watch/gen_00027.txt ts=2026-09-18T12:56:37.309543+00:00
 [00181/3000] modify revertido  /srv/fim-watch/gen_00027.txt ts=2026-09-18T12:56:37.409570+00:00
 [00182/3000] modify colapsado  /srv/fim-watch/critico/gen_00025.txt ts=2026-09-18T12:56:37.509578+00:00
 [00183/3000] modify colapsado  /srv/fim-watch/critico/gen_00025.txt ts=2026-09-18T12:56:37.609430+00:00
 [00184/3000] modify colapsado  /srv/fim-watch/critico/gen_00025.txt ts=2026-09-18T12:56:37.709718+00:00
 [00185/3000] modify colapsado  /srv/fim-watch/critico/gen_00025.txt ts=2026-09-18T12:56:37.809613+00:00
 [00186/3000] modify colapsado  /srv/fim-watch/critico/gen_00025.txt ts=2026-09-18T12:56:37.909761+00:00
 [00187/3000] create efimero    /srv/fim-watch/gen_00034.txt ts=2026-09-18T12:56:38.009450+00:00
 [00188/3000] delete efimero    /srv/fim-watch/gen_00034.txt ts=2026-09-18T12:56:38.109489+00:00
 [00189/3000] create simple     /srv/fim-watch/gen_00035.txt ts=2026-09-18T12:56:38.209499+00:00
 [00190/3000] modify simple     /srv/fim-watch/gen_00024.txt ts=2026-09-18T12:56:38.309604+00:00
 [00191/3000] modify simple     /srv/fim-watch/gen_00035.txt ts=2026-09-18T12:56:38.409716+00:00
 [00192/3000] modify simple     /srv/fim-watch/gen_00031.txt ts=2026-09-18T12:56:38.509419+00:00
 [00193/3000] modify revertido  /srv/fim-watch/gen_00033.txt ts=2026-09-18T12:56:38.609586+00:00
 [00194/3000] modify revertido  /srv/fim-watch/gen_00033.txt ts=2026-09-18T12:56:38.709589+00:00
 [00195/3000] modify colapsado  /srv/fim-watch/gen_00029.txt ts=2026-09-18T12:56:38.809609+00:00
 [00196/3000] modify colapsado  /srv/fim-watch/gen_00029.txt ts=2026-09-18T12:56:38.909626+00:00
 [00197/3000] modify colapsado  /srv/fim-watch/gen_00029.txt ts=2026-09-18T12:56:39.009609+00:00
 [00198/3000] modify colapsado  /srv/fim-watch/gen_00029.txt ts=2026-09-18T12:56:39.109609+00:00
 [00199/3000] modify colapsado  /srv/fim-watch/gen_00029.txt ts=2026-09-18T12:56:39.209593+00:00
 [00200/3000] modify simple     /srv/fim-watch/gen_00022.txt ts=2026-09-18T12:56:39.309601+00:00
 [00201/3000] modify simple     /srv/fim-watch/gen_00013.txt ts=2026-09-18T12:56:39.409625+00:00
 [00202/3000] modify simple     /srv/fim-watch/gen_00024.txt ts=2026-09-18T12:56:39.509449+00:00
 [00203/3000] modify simple     /srv/fim-watch/gen_00006.txt ts=2026-09-18T12:56:39.609479+00:00
 [00204/3000] create simple     /srv/fim-watch/gen_00036.txt ts=2026-09-18T12:56:39.709394+00:00
 [00205/3000] delete simple     /srv/fim-watch/gen_00030.txt ts=2026-09-18T12:56:39.809438+00:00
 [00206/3000] modify simple     /srv/fim-watch/gen_00024.txt ts=2026-09-18T12:56:39.909574+00:00
 [00207/3000] modify simple     /srv/fim-watch/gen_00011.txt ts=2026-09-18T12:56:40.009590+00:00
 [00208/3000] modify revertido  /srv/fim-watch/gen_00028.txt ts=2026-09-18T12:56:40.109598+00:00
 [00209/3000] modify revertido  /srv/fim-watch/gen_00028.txt ts=2026-09-18T12:56:40.209507+00:00
 [00210/3000] modify revertido  /srv/fim-watch/gen_00016.txt ts=2026-09-18T12:56:40.309578+00:00
 [00211/3000] modify revertido  /srv/fim-watch/gen_00016.txt ts=2026-09-18T12:56:40.409727+00:00
 [00212/3000] modify simple     /srv/fim-watch/gen_00029.txt ts=2026-09-18T12:56:40.509718+00:00
 [00213/3000] create simple     /srv/fim-watch/critico/gen_00037.txt ts=2026-09-18T12:56:40.609491+00:00
 [00214/3000] modify colapsado  /srv/fim-watch/gen_00024.txt ts=2026-09-18T12:56:40.709645+00:00
 [00215/3000] modify colapsado  /srv/fim-watch/gen_00024.txt ts=2026-09-18T12:56:40.809522+00:00
 [00216/3000] modify colapsado  /srv/fim-watch/gen_00024.txt ts=2026-09-18T12:56:40.909629+00:00
 [00217/3000] modify colapsado  /srv/fim-watch/gen_00024.txt ts=2026-09-18T12:56:41.009578+00:00
 [00218/3000] modify colapsado  /srv/fim-watch/gen_00024.txt ts=2026-09-18T12:56:41.109600+00:00
 [00219/3000] create simple     /srv/fim-watch/gen_00038.txt ts=2026-09-18T12:56:41.209603+00:00
 [00220/3000] modify simple     /srv/fim-watch/gen_00031.txt ts=2026-09-18T12:56:41.309738+00:00
 [00221/3000] create simple     /srv/fim-watch/gen_00039.txt ts=2026-09-18T12:56:41.409520+00:00
 [00222/3000] create simple     /srv/fim-watch/gen_00040.txt ts=2026-09-18T12:56:41.509474+00:00
 [00223/3000] create efimero    /srv/fim-watch/gen_00041.txt ts=2026-09-18T12:56:41.609652+00:00
 [00224/3000] delete efimero    /srv/fim-watch/gen_00041.txt ts=2026-09-18T12:56:41.709569+00:00
 [00225/3000] modify simple     /srv/fim-watch/gen_00036.txt ts=2026-09-18T12:56:41.809608+00:00
 [00226/3000] create simple     /srv/fim-watch/gen_00042.txt ts=2026-09-18T12:56:41.909489+00:00
 [00227/3000] create simple     /srv/fim-watch/gen_00043.txt ts=2026-09-18T12:56:42.009547+00:00
 [00228/3000] modify simple     /srv/fim-watch/critico/gen_00037.txt ts=2026-09-18T12:56:42.109630+00:00
 [00229/3000] modify colapsado  /srv/fim-watch/gen_00031.txt ts=2026-09-18T12:56:42.209369+00:00
 [00230/3000] modify colapsado  /srv/fim-watch/gen_00031.txt ts=2026-09-18T12:56:42.309387+00:00
 [00231/3000] modify colapsado  /srv/fim-watch/gen_00031.txt ts=2026-09-18T12:56:42.409561+00:00
 [00232/3000] modify colapsado  /srv/fim-watch/gen_00031.txt ts=2026-09-18T12:56:42.509713+00:00
 [00233/3000] modify colapsado  /srv/fim-watch/gen_00031.txt ts=2026-09-18T12:56:42.609706+00:00
 [00234/3000] modify simple     /srv/fim-watch/gen_00028.txt ts=2026-09-18T12:56:42.709480+00:00
 [00235/3000] modify simple     /srv/fim-watch/gen_00029.txt ts=2026-09-18T12:56:42.809639+00:00
 [00236/3000] modify simple     /srv/fim-watch/gen_00042.txt ts=2026-09-18T12:56:42.909604+00:00
 [00237/3000] modify simple     /srv/fim-watch/gen_00027.txt ts=2026-09-18T12:56:43.009601+00:00
 [00238/3000] delete simple     /srv/fim-watch/gen_00038.txt ts=2026-09-18T12:56:43.109386+00:00
 [00239/3000] modify simple     /srv/fim-watch/critico/gen_00023.txt ts=2026-09-18T12:56:43.209806+00:00
 [00240/3000] modify colapsado  /srv/fim-watch/gen_00011.txt ts=2026-09-18T12:56:43.309637+00:00
 [00241/3000] modify colapsado  /srv/fim-watch/gen_00011.txt ts=2026-09-18T12:56:43.409904+00:00
 [00242/3000] modify colapsado  /srv/fim-watch/gen_00011.txt ts=2026-09-18T12:56:43.509630+00:00
 [00243/3000] modify colapsado  /srv/fim-watch/gen_00011.txt ts=2026-09-18T12:56:43.609375+00:00
 [00244/3000] modify colapsado  /srv/fim-watch/gen_00011.txt ts=2026-09-18T12:56:43.709379+00:00
 [00245/3000] modify simple     /srv/fim-watch/gen_00022.txt ts=2026-09-18T12:56:43.809579+00:00
 [00246/3000] modify simple     /srv/fim-watch/gen_00022.txt ts=2026-09-18T12:56:43.909575+00:00
 [00247/3000] modify simple     /srv/fim-watch/critico/gen_00023.txt ts=2026-09-18T12:56:44.009615+00:00
 [00248/3000] delete simple     /srv/fim-watch/gen_00027.txt ts=2026-09-18T12:56:44.109442+00:00
 [00249/3000] modify simple     /srv/fim-watch/gen_00031.txt ts=2026-09-18T12:56:44.209605+00:00
 [00250/3000] modify simple     /srv/fim-watch/gen_00029.txt ts=2026-09-18T12:56:44.309589+00:00
 [00251/3000] modify simple     /srv/fim-watch/gen_00011.txt ts=2026-09-18T12:56:44.409637+00:00
 [00252/3000] create simple     /srv/fim-watch/gen_00044.txt ts=2026-09-18T12:56:44.509470+00:00
 [00253/3000] modify simple     /srv/fim-watch/critico/gen_00037.txt ts=2026-09-18T12:56:44.609597+00:00
 [00254/3000] modify simple     /srv/fim-watch/gen_00016.txt ts=2026-09-18T12:56:44.709670+00:00
 [00255/3000] modify simple     /srv/fim-watch/gen_00042.txt ts=2026-09-18T12:56:44.809405+00:00
 [00256/3000] modify simple     /srv/fim-watch/critico/gen_00023.txt ts=2026-09-18T12:56:44.909766+00:00
 [00257/3000] modify simple     /srv/fim-watch/gen_00011.txt ts=2026-09-18T12:56:45.009689+00:00
 [00258/3000] modify revertido  /srv/fim-watch/gen_00013.txt ts=2026-09-18T12:56:45.109581+00:00
 [00259/3000] modify revertido  /srv/fim-watch/gen_00013.txt ts=2026-09-18T12:56:45.209568+00:00
 [00260/3000] modify revertido  /srv/fim-watch/gen_00036.txt ts=2026-09-18T12:56:45.309575+00:00
 [00261/3000] modify revertido  /srv/fim-watch/gen_00036.txt ts=2026-09-18T12:56:45.409620+00:00
 [00262/3000] delete simple     /srv/fim-watch/gen_00024.txt ts=2026-09-18T12:56:45.509494+00:00
 [00263/3000] create simple     /srv/fim-watch/gen_00045.txt ts=2026-09-18T12:56:45.609632+00:00
 [00264/3000] create simple     /srv/fim-watch/gen_00046.txt ts=2026-09-18T12:56:45.709619+00:00
 [00265/3000] modify simple     /srv/fim-watch/gen_00022.txt ts=2026-09-18T12:56:45.809525+00:00
 [00266/3000] modify simple     /srv/fim-watch/gen_00013.txt ts=2026-09-18T12:56:45.909590+00:00
 [00267/3000] delete simple     /srv/fim-watch/gen_00035.txt ts=2026-09-18T12:56:46.009452+00:00
 [00268/3000] modify simple     /srv/fim-watch/gen_00033.txt ts=2026-09-18T12:56:46.109542+00:00
 [00269/3000] modify simple     /srv/fim-watch/gen_00036.txt ts=2026-09-18T12:56:46.209575+00:00
 [00270/3000] create simple     /srv/fim-watch/critico/gen_00047.txt ts=2026-09-18T12:56:46.309463+00:00
 [00271/3000] modify simple     /srv/fim-watch/critico/gen_00047.txt ts=2026-09-18T12:56:46.409700+00:00
 [00272/3000] modify simple     /srv/fim-watch/gen_00039.txt ts=2026-09-18T12:56:46.509606+00:00
 [00273/3000] modify simple     /srv/fim-watch/gen_00043.txt ts=2026-09-18T12:56:46.609671+00:00
 [00274/3000] modify simple     /srv/fim-watch/gen_00029.txt ts=2026-09-18T12:56:46.709604+00:00
 [00275/3000] create simple     /srv/fim-watch/gen_00048.txt ts=2026-09-18T12:56:46.809404+00:00
 [00276/3000] modify simple     /srv/fim-watch/gen_00043.txt ts=2026-09-18T12:56:46.909594+00:00
 [00277/3000] modify simple     /srv/fim-watch/gen_00006.txt ts=2026-09-18T12:56:47.009593+00:00
 [00278/3000] modify simple     /srv/fim-watch/gen_00046.txt ts=2026-09-18T12:56:47.109670+00:00
 [00279/3000] modify simple     /srv/fim-watch/gen_00031.txt ts=2026-09-18T12:56:47.209578+00:00
 [00280/3000] create simple     /srv/fim-watch/gen_00049.txt ts=2026-09-18T12:56:47.309447+00:00
 [00281/3000] modify simple     /srv/fim-watch/gen_00036.txt ts=2026-09-18T12:56:47.409572+00:00
 [00282/3000] create simple     /srv/fim-watch/gen_00050.txt ts=2026-09-18T12:56:47.509470+00:00
 [00283/3000] create simple     /srv/fim-watch/critico/gen_00051.txt ts=2026-09-18T12:56:47.609650+00:00
 [00284/3000] modify revertido  /srv/fim-watch/gen_00044.txt ts=2026-09-18T12:56:47.709759+00:00
 [00285/3000] modify revertido  /srv/fim-watch/gen_00044.txt ts=2026-09-18T12:56:47.809463+00:00
 [00286/3000] modify simple     /srv/fim-watch/gen_00020.txt ts=2026-09-18T12:56:47.909719+00:00
 [00287/3000] modify simple     /srv/fim-watch/gen_00045.txt ts=2026-09-18T12:56:48.009635+00:00
 [00288/3000] modify revertido  /srv/fim-watch/gen_00042.txt ts=2026-09-18T12:56:48.109616+00:00
 [00289/3000] modify revertido  /srv/fim-watch/gen_00042.txt ts=2026-09-18T12:56:48.209592+00:00
 [00290/3000] modify simple     /srv/fim-watch/critico/gen_00025.txt ts=2026-09-18T12:56:48.309702+00:00
 [00291/3000] modify simple     /srv/fim-watch/gen_00043.txt ts=2026-09-18T12:56:48.409601+00:00
 [00292/3000] modify simple     /srv/fim-watch/gen_00011.txt ts=2026-09-18T12:56:48.509702+00:00
 [00293/3000] create simple     /srv/fim-watch/gen_00052.txt ts=2026-09-18T12:56:48.609309+00:00
 [00294/3000] create simple     /srv/fim-watch/critico/gen_00053.txt ts=2026-09-18T12:56:48.709505+00:00
 [00295/3000] modify simple     /srv/fim-watch/critico/gen_00047.txt ts=2026-09-18T12:56:48.809304+00:00
 [00296/3000] modify simple     /srv/fim-watch/gen_00022.txt ts=2026-09-18T12:56:48.909284+00:00
 [00297/3000] create simple     /srv/fim-watch/gen_00054.txt ts=2026-09-18T12:56:49.009283+00:00
 [00298/3000] create simple     /srv/fim-watch/gen_00055.txt ts=2026-09-18T12:56:49.109488+00:00
 [00299/3000] modify simple     /srv/fim-watch/gen_00042.txt ts=2026-09-18T12:56:49.209776+00:00
 [00300/3000] modify colapsado  /srv/fim-watch/critico/gen_00051.txt ts=2026-09-18T12:56:49.309595+00:00
 [00301/3000] modify colapsado  /srv/fim-watch/critico/gen_00051.txt ts=2026-09-18T12:56:49.409584+00:00
 [00302/3000] modify colapsado  /srv/fim-watch/critico/gen_00051.txt ts=2026-09-18T12:56:49.509561+00:00
 [00303/3000] modify colapsado  /srv/fim-watch/critico/gen_00051.txt ts=2026-09-18T12:56:49.609745+00:00
 [00304/3000] modify colapsado  /srv/fim-watch/critico/gen_00051.txt ts=2026-09-18T12:56:49.709566+00:00
 [00305/3000] create simple     /srv/fim-watch/gen_00056.txt ts=2026-09-18T12:56:49.809214+00:00
 [00306/3000] create simple     /srv/fim-watch/gen_00057.txt ts=2026-09-18T12:56:49.909545+00:00
 [00307/3000] create simple     /srv/fim-watch/gen_00058.txt ts=2026-09-18T12:56:50.009653+00:00
 [00308/3000] modify revertido  /srv/fim-watch/critico/gen_00047.txt ts=2026-09-18T12:56:50.109585+00:00
 [00309/3000] modify revertido  /srv/fim-watch/critico/gen_00047.txt ts=2026-09-18T12:56:50.209530+00:00
 [00310/3000] modify simple     /srv/fim-watch/gen_00054.txt ts=2026-09-18T12:56:50.309532+00:00
 [00311/3000] modify revertido  /srv/fim-watch/gen_00054.txt ts=2026-09-18T12:56:50.409616+00:00
 [00312/3000] modify revertido  /srv/fim-watch/gen_00054.txt ts=2026-09-18T12:56:50.509622+00:00
 [00313/3000] modify colapsado  /srv/fim-watch/critico/gen_00053.txt ts=2026-09-18T12:56:50.609710+00:00
 [00314/3000] modify colapsado  /srv/fim-watch/critico/gen_00053.txt ts=2026-09-18T12:56:50.709782+00:00
 [00315/3000] modify colapsado  /srv/fim-watch/critico/gen_00053.txt ts=2026-09-18T12:56:50.809454+00:00
 [00316/3000] modify colapsado  /srv/fim-watch/critico/gen_00053.txt ts=2026-09-18T12:56:50.909699+00:00
 [00317/3000] modify colapsado  /srv/fim-watch/critico/gen_00053.txt ts=2026-09-18T12:56:51.009647+00:00
 [00318/3000] modify simple     /srv/fim-watch/critico/gen_00025.txt ts=2026-09-18T12:56:51.109515+00:00
 [00319/3000] modify revertido  /srv/fim-watch/gen_00011.txt ts=2026-09-18T12:56:51.209674+00:00
 [00320/3000] modify revertido  /srv/fim-watch/gen_00011.txt ts=2026-09-18T12:56:51.309784+00:00
 [00321/3000] modify simple     /srv/fim-watch/gen_00044.txt ts=2026-09-18T12:56:51.409571+00:00
 [00322/3000] modify simple     /srv/fim-watch/gen_00054.txt ts=2026-09-18T12:56:51.509617+00:00
 [00323/3000] modify simple     /srv/fim-watch/gen_00036.txt ts=2026-09-18T12:56:51.609692+00:00
 [00324/3000] delete simple     /srv/fim-watch/gen_00052.txt ts=2026-09-18T12:56:51.709457+00:00
 [00325/3000] modify simple     /srv/fim-watch/gen_00022.txt ts=2026-09-18T12:56:51.809483+00:00
 [00326/3000] modify simple     /srv/fim-watch/gen_00044.txt ts=2026-09-18T12:56:51.909742+00:00
 [00327/3000] modify simple     /srv/fim-watch/gen_00054.txt ts=2026-09-18T12:56:52.009703+00:00
 [00328/3000] modify simple     /srv/fim-watch/gen_00040.txt ts=2026-09-18T12:56:52.109562+00:00
 [00329/3000] delete simple     /srv/fim-watch/gen_00046.txt ts=2026-09-18T12:56:52.209543+00:00
 [00330/3000] delete simple     /srv/fim-watch/gen_00039.txt ts=2026-09-18T12:56:52.309391+00:00
 [00331/3000] modify revertido  /srv/fim-watch/gen_00036.txt ts=2026-09-18T12:56:52.409696+00:00
 [00332/3000] modify revertido  /srv/fim-watch/gen_00036.txt ts=2026-09-18T12:56:52.509716+00:00
 [00333/3000] modify simple     /srv/fim-watch/gen_00050.txt ts=2026-09-18T12:56:52.609720+00:00
 [00334/3000] create simple     /srv/fim-watch/gen_00059.txt ts=2026-09-18T12:56:52.709469+00:00
 [00335/3000] modify simple     /srv/fim-watch/gen_00054.txt ts=2026-09-18T12:56:52.809705+00:00
 [00336/3000] modify simple     /srv/fim-watch/gen_00043.txt ts=2026-09-18T12:56:52.909646+00:00
 [00337/3000] create simple     /srv/fim-watch/gen_00060.txt ts=2026-09-18T12:56:53.009789+00:00
 [00338/3000] modify simple     /srv/fim-watch/gen_00050.txt ts=2026-09-18T12:56:53.109590+00:00
 [00339/3000] modify simple     /srv/fim-watch/gen_00058.txt ts=2026-09-18T12:56:53.209530+00:00
 [00340/3000] modify revertido  /srv/fim-watch/gen_00019.txt ts=2026-09-18T12:56:53.309661+00:00
 [00341/3000] modify revertido  /srv/fim-watch/gen_00019.txt ts=2026-09-18T12:56:53.409479+00:00
 [00342/3000] modify simple     /srv/fim-watch/gen_00058.txt ts=2026-09-18T12:56:53.509679+00:00
 [00343/3000] modify colapsado  /srv/fim-watch/gen_00042.txt ts=2026-09-18T12:56:53.609706+00:00
 [00344/3000] modify colapsado  /srv/fim-watch/gen_00042.txt ts=2026-09-18T12:56:53.709352+00:00
 [00345/3000] modify colapsado  /srv/fim-watch/gen_00042.txt ts=2026-09-18T12:56:53.809617+00:00
 [00346/3000] modify colapsado  /srv/fim-watch/gen_00042.txt ts=2026-09-18T12:56:53.909711+00:00
 [00347/3000] modify colapsado  /srv/fim-watch/gen_00042.txt ts=2026-09-18T12:56:54.009668+00:00
 [00348/3000] create simple     /srv/fim-watch/critico/gen_00061.txt ts=2026-09-18T12:56:54.109467+00:00
 [00349/3000] create simple     /srv/fim-watch/gen_00062.txt ts=2026-09-18T12:56:54.209589+00:00
 [00350/3000] delete simple     /srv/fim-watch/critico/gen_00051.txt ts=2026-09-18T12:56:54.309450+00:00
 [00351/3000] modify simple     /srv/fim-watch/gen_00020.txt ts=2026-09-18T12:56:54.409552+00:00
 [00352/3000] modify simple     /srv/fim-watch/critico/gen_00047.txt ts=2026-09-18T12:56:54.509550+00:00
 [00353/3000] create simple     /srv/fim-watch/gen_00063.txt ts=2026-09-18T12:56:54.609572+00:00
 [00354/3000] modify simple     /srv/fim-watch/gen_00059.txt ts=2026-09-18T12:56:54.709671+00:00
 [00355/3000] create simple     /srv/fim-watch/gen_00064.txt ts=2026-09-18T12:56:54.809516+00:00
 [00356/3000] create simple     /srv/fim-watch/gen_00065.txt ts=2026-09-18T12:56:54.909446+00:00
 [00357/3000] create simple     /srv/fim-watch/gen_00066.txt ts=2026-09-18T12:56:55.009466+00:00
 [00358/3000] create simple     /srv/fim-watch/gen_00067.txt ts=2026-09-18T12:56:55.109821+00:00
 [00359/3000] create simple     /srv/fim-watch/gen_00068.txt ts=2026-09-18T12:56:55.209444+00:00
 [00360/3000] modify simple     /srv/fim-watch/critico/gen_00061.txt ts=2026-09-18T12:56:55.309548+00:00
 [00361/3000] modify revertido  /srv/fim-watch/gen_00031.txt ts=2026-09-18T12:56:55.409538+00:00
 [00362/3000] modify revertido  /srv/fim-watch/gen_00031.txt ts=2026-09-18T12:56:55.509922+00:00
 [00363/3000] create simple     /srv/fim-watch/critico/gen_00069.txt ts=2026-09-18T12:56:55.609495+00:00
 [00364/3000] modify revertido  /srv/fim-watch/gen_00044.txt ts=2026-09-18T12:56:55.709590+00:00
 [00365/3000] modify revertido  /srv/fim-watch/gen_00044.txt ts=2026-09-18T12:56:55.809494+00:00
 [00366/3000] modify simple     /srv/fim-watch/gen_00063.txt ts=2026-09-18T12:56:55.909656+00:00
 [00367/3000] modify simple     /srv/fim-watch/gen_00062.txt ts=2026-09-18T12:56:56.009669+00:00
 [00368/3000] create simple     /srv/fim-watch/gen_00070.txt ts=2026-09-18T12:56:56.109478+00:00
 [00369/3000] create simple     /srv/fim-watch/gen_00071.txt ts=2026-09-18T12:56:56.209446+00:00
 [00370/3000] delete simple     /srv/fim-watch/gen_00031.txt ts=2026-09-18T12:56:56.309407+00:00
 [00371/3000] modify simple     /srv/fim-watch/gen_00058.txt ts=2026-09-18T12:56:56.409699+00:00
 [00372/3000] modify simple     /srv/fim-watch/critico/gen_00047.txt ts=2026-09-18T12:56:56.509625+00:00
 [00373/3000] modify simple     /srv/fim-watch/critico/gen_00025.txt ts=2026-09-18T12:56:56.609763+00:00
 [00374/3000] modify simple     /srv/fim-watch/gen_00045.txt ts=2026-09-18T12:56:56.709613+00:00
 [00375/3000] create simple     /srv/fim-watch/gen_00072.txt ts=2026-09-18T12:56:56.809442+00:00
 [00376/3000] delete simple     /srv/fim-watch/gen_00056.txt ts=2026-09-18T12:56:56.909703+00:00
 [00377/3000] modify simple     /srv/fim-watch/gen_00040.txt ts=2026-09-18T12:56:57.009678+00:00
 [00378/3000] modify simple     /srv/fim-watch/gen_00055.txt ts=2026-09-18T12:56:57.109618+00:00
 [00379/3000] modify colapsado  /srv/fim-watch/gen_00068.txt ts=2026-09-18T12:56:57.209846+00:00
 [00380/3000] modify colapsado  /srv/fim-watch/gen_00068.txt ts=2026-09-18T12:56:57.309607+00:00
 [00381/3000] modify colapsado  /srv/fim-watch/gen_00068.txt ts=2026-09-18T12:56:57.409690+00:00
 [00382/3000] modify colapsado  /srv/fim-watch/gen_00068.txt ts=2026-09-18T12:56:57.509511+00:00
 [00383/3000] modify colapsado  /srv/fim-watch/gen_00068.txt ts=2026-09-18T12:56:57.609645+00:00
 [00384/3000] modify simple     /srv/fim-watch/gen_00059.txt ts=2026-09-18T12:56:57.709722+00:00
 [00385/3000] modify simple     /srv/fim-watch/gen_00048.txt ts=2026-09-18T12:56:57.809787+00:00
 [00386/3000] create simple     /srv/fim-watch/gen_00073.txt ts=2026-09-18T12:56:57.909570+00:00
 [00387/3000] modify colapsado  /srv/fim-watch/gen_00042.txt ts=2026-09-18T12:56:58.009673+00:00
 [00388/3000] modify colapsado  /srv/fim-watch/gen_00042.txt ts=2026-09-18T12:56:58.109676+00:00
 [00389/3000] modify colapsado  /srv/fim-watch/gen_00042.txt ts=2026-09-18T12:56:58.209491+00:00
 [00390/3000] modify colapsado  /srv/fim-watch/gen_00042.txt ts=2026-09-18T12:56:58.309517+00:00
 [00391/3000] modify colapsado  /srv/fim-watch/gen_00042.txt ts=2026-09-18T12:56:58.409773+00:00
 [00392/3000] modify revertido  /srv/fim-watch/gen_00064.txt ts=2026-09-18T12:56:58.509604+00:00
 [00393/3000] modify revertido  /srv/fim-watch/gen_00064.txt ts=2026-09-18T12:56:58.609705+00:00
 [00394/3000] modify simple     /srv/fim-watch/gen_00070.txt ts=2026-09-18T12:56:58.709843+00:00
 [00395/3000] delete simple     /srv/fim-watch/gen_00022.txt ts=2026-09-18T12:56:58.809584+00:00
 [00396/3000] modify simple     /srv/fim-watch/gen_00028.txt ts=2026-09-18T12:56:58.909630+00:00
 [00397/3000] modify simple     /srv/fim-watch/gen_00036.txt ts=2026-09-18T12:56:59.009735+00:00
 [00398/3000] modify simple     /srv/fim-watch/critico/gen_00037.txt ts=2026-09-18T12:56:59.109659+00:00
 [00399/3000] delete simple     /srv/fim-watch/gen_00011.txt ts=2026-09-18T12:56:59.209547+00:00
 [00400/3000] create simple     /srv/fim-watch/gen_00074.txt ts=2026-09-18T12:56:59.309487+00:00
 [00401/3000] modify simple     /srv/fim-watch/gen_00040.txt ts=2026-09-18T12:56:59.409762+00:00
 [00402/3000] modify simple     /srv/fim-watch/gen_00043.txt ts=2026-09-18T12:56:59.509620+00:00
 [00403/3000] create efimero    /srv/fim-watch/critico/gen_00075.txt ts=2026-09-18T12:56:59.609495+00:00
 [00404/3000] delete efimero    /srv/fim-watch/critico/gen_00075.txt ts=2026-09-18T12:56:59.709524+00:00
 [00405/3000] create simple     /srv/fim-watch/gen_00076.txt ts=2026-09-18T12:56:59.809582+00:00
 [00406/3000] create simple     /srv/fim-watch/gen_00077.txt ts=2026-09-18T12:56:59.909367+00:00
 [00407/3000] create simple     /srv/fim-watch/gen_00078.txt ts=2026-09-18T12:57:00.009533+00:00
 [00408/3000] modify simple     /srv/fim-watch/gen_00044.txt ts=2026-09-18T12:57:00.109563+00:00
 [00409/3000] create simple     /srv/fim-watch/gen_00079.txt ts=2026-09-18T12:57:00.209571+00:00
 [00410/3000] modify simple     /srv/fim-watch/gen_00029.txt ts=2026-09-18T12:57:00.309653+00:00
 [00411/3000] modify simple     /srv/fim-watch/gen_00079.txt ts=2026-09-18T12:57:00.409682+00:00
 [00412/3000] modify simple     /srv/fim-watch/gen_00063.txt ts=2026-09-18T12:57:00.509578+00:00
 [00413/3000] modify simple     /srv/fim-watch/gen_00033.txt ts=2026-09-18T12:57:00.609575+00:00
 [00414/3000] modify simple     /srv/fim-watch/gen_00062.txt ts=2026-09-18T12:57:00.709597+00:00
 [00415/3000] modify simple     /srv/fim-watch/gen_00033.txt ts=2026-09-18T12:57:00.809570+00:00
 [00416/3000] modify colapsado  /srv/fim-watch/gen_00066.txt ts=2026-09-18T12:57:00.909561+00:00
 [00417/3000] modify colapsado  /srv/fim-watch/gen_00066.txt ts=2026-09-18T12:57:01.009773+00:00
 [00418/3000] modify colapsado  /srv/fim-watch/gen_00066.txt ts=2026-09-18T12:57:01.109617+00:00
 [00419/3000] modify colapsado  /srv/fim-watch/gen_00066.txt ts=2026-09-18T12:57:01.209663+00:00
 [00420/3000] modify colapsado  /srv/fim-watch/gen_00066.txt ts=2026-09-18T12:57:01.309594+00:00
 [00421/3000] create simple     /srv/fim-watch/gen_00080.txt ts=2026-09-18T12:57:01.409614+00:00
 [00422/3000] modify simple     /srv/fim-watch/gen_00059.txt ts=2026-09-18T12:57:01.509909+00:00
 [00423/3000] modify simple     /srv/fim-watch/gen_00073.txt ts=2026-09-18T12:57:01.609667+00:00
 [00424/3000] delete simple     /srv/fim-watch/gen_00063.txt ts=2026-09-18T12:57:01.709482+00:00
 [00425/3000] modify revertido  /srv/fim-watch/gen_00048.txt ts=2026-09-18T12:57:01.809563+00:00
 [00426/3000] modify revertido  /srv/fim-watch/gen_00048.txt ts=2026-09-18T12:57:01.909676+00:00
 [00427/3000] modify simple     /srv/fim-watch/gen_00058.txt ts=2026-09-18T12:57:02.009705+00:00
 [00428/3000] modify simple     /srv/fim-watch/gen_00059.txt ts=2026-09-18T12:57:02.109580+00:00
 [00429/3000] create simple     /srv/fim-watch/critico/gen_00081.txt ts=2026-09-18T12:57:02.209467+00:00
 [00430/3000] create simple     /srv/fim-watch/gen_00082.txt ts=2026-09-18T12:57:02.309508+00:00
 [00431/3000] modify simple     /srv/fim-watch/gen_00045.txt ts=2026-09-18T12:57:02.409692+00:00
 [00432/3000] modify revertido  /srv/fim-watch/gen_00028.txt ts=2026-09-18T12:57:02.509678+00:00
 [00433/3000] modify revertido  /srv/fim-watch/gen_00028.txt ts=2026-09-18T12:57:02.609659+00:00
 [00434/3000] create efimero    /srv/fim-watch/gen_00083.txt ts=2026-09-18T12:57:02.709470+00:00
 [00435/3000] delete efimero    /srv/fim-watch/gen_00083.txt ts=2026-09-18T12:57:02.809402+00:00
 [00436/3000] delete simple     /srv/fim-watch/gen_00080.txt ts=2026-09-18T12:57:02.909445+00:00
 [00437/3000] modify simple     /srv/fim-watch/gen_00073.txt ts=2026-09-18T12:57:03.009509+00:00
 [00438/3000] modify simple     /srv/fim-watch/gen_00028.txt ts=2026-09-18T12:57:03.109559+00:00
 [00439/3000] create simple     /srv/fim-watch/gen_00084.txt ts=2026-09-18T12:57:03.209464+00:00
 [00440/3000] modify revertido  /srv/fim-watch/gen_00068.txt ts=2026-09-18T12:57:03.309543+00:00
 [00441/3000] modify revertido  /srv/fim-watch/gen_00068.txt ts=2026-09-18T12:57:03.409668+00:00
 [00442/3000] modify simple     /srv/fim-watch/gen_00044.txt ts=2026-09-18T12:57:03.509561+00:00
 [00443/3000] modify simple     /srv/fim-watch/gen_00071.txt ts=2026-09-18T12:57:03.609606+00:00
 [00444/3000] modify revertido  /srv/fim-watch/gen_00067.txt ts=2026-09-18T12:57:03.709702+00:00
 [00445/3000] modify revertido  /srv/fim-watch/gen_00067.txt ts=2026-09-18T12:57:03.809441+00:00
 [00446/3000] create simple     /srv/fim-watch/gen_00085.txt ts=2026-09-18T12:57:03.909277+00:00
 [00447/3000] delete simple     /srv/fim-watch/critico/gen_00023.txt ts=2026-09-18T12:57:04.009466+00:00
 [00448/3000] modify simple     /srv/fim-watch/gen_00062.txt ts=2026-09-18T12:57:04.109453+00:00
 [00449/3000] modify simple     /srv/fim-watch/gen_00020.txt ts=2026-09-18T12:57:04.209814+00:00
 [00450/3000] modify simple     /srv/fim-watch/gen_00019.txt ts=2026-09-18T12:57:04.309557+00:00
 [00451/3000] create simple     /srv/fim-watch/gen_00086.txt ts=2026-09-18T12:57:04.409817+00:00
 [00452/3000] modify simple     /srv/fim-watch/gen_00059.txt ts=2026-09-18T12:57:04.509697+00:00
 [00453/3000] create simple     /srv/fim-watch/critico/gen_00087.txt ts=2026-09-18T12:57:04.609475+00:00
 [00454/3000] modify revertido  /srv/fim-watch/gen_00058.txt ts=2026-09-18T12:57:04.709699+00:00
 [00455/3000] modify revertido  /srv/fim-watch/gen_00058.txt ts=2026-09-18T12:57:04.809565+00:00
 [00456/3000] modify colapsado  /srv/fim-watch/gen_00072.txt ts=2026-09-18T12:57:04.909350+00:00
 [00457/3000] modify colapsado  /srv/fim-watch/gen_00072.txt ts=2026-09-18T12:57:05.009705+00:00
 [00458/3000] modify colapsado  /srv/fim-watch/gen_00072.txt ts=2026-09-18T12:57:05.109483+00:00
 [00459/3000] modify colapsado  /srv/fim-watch/gen_00072.txt ts=2026-09-18T12:57:05.209594+00:00
 [00460/3000] modify colapsado  /srv/fim-watch/gen_00072.txt ts=2026-09-18T12:57:05.309656+00:00
 [00461/3000] modify simple     /srv/fim-watch/gen_00082.txt ts=2026-09-18T12:57:05.409702+00:00
 [00462/3000] modify simple     /srv/fim-watch/critico/gen_00081.txt ts=2026-09-18T12:57:05.509655+00:00
 [00463/3000] modify revertido  /srv/fim-watch/gen_00066.txt ts=2026-09-18T12:57:05.609584+00:00
 [00464/3000] modify revertido  /srv/fim-watch/gen_00066.txt ts=2026-09-18T12:57:05.709630+00:00
 [00465/3000] modify simple     /srv/fim-watch/critico/gen_00087.txt ts=2026-09-18T12:57:05.809659+00:00
 [00466/3000] delete simple     /srv/fim-watch/gen_00019.txt ts=2026-09-18T12:57:05.909466+00:00
 [00467/3000] modify simple     /srv/fim-watch/gen_00029.txt ts=2026-09-18T12:57:06.009599+00:00
 [00468/3000] create simple     /srv/fim-watch/gen_00088.txt ts=2026-09-18T12:57:06.109451+00:00
 [00469/3000] create simple     /srv/fim-watch/gen_00089.txt ts=2026-09-18T12:57:06.209506+00:00
 [00470/3000] modify simple     /srv/fim-watch/gen_00050.txt ts=2026-09-18T12:57:06.309694+00:00
 [00471/3000] create simple     /srv/fim-watch/gen_00090.txt ts=2026-09-18T12:57:06.409553+00:00
 [00472/3000] modify colapsado  /srv/fim-watch/critico/gen_00081.txt ts=2026-09-18T12:57:06.509678+00:00
 [00473/3000] modify colapsado  /srv/fim-watch/critico/gen_00081.txt ts=2026-09-18T12:57:06.609614+00:00
 [00474/3000] modify colapsado  /srv/fim-watch/critico/gen_00081.txt ts=2026-09-18T12:57:06.709334+00:00
 [00475/3000] modify colapsado  /srv/fim-watch/critico/gen_00081.txt ts=2026-09-18T12:57:06.809411+00:00
 [00476/3000] modify colapsado  /srv/fim-watch/critico/gen_00081.txt ts=2026-09-18T12:57:06.909576+00:00
 [00477/3000] delete simple     /srv/fim-watch/gen_00045.txt ts=2026-09-18T12:57:07.009463+00:00
 [00478/3000] delete simple     /srv/fim-watch/gen_00013.txt ts=2026-09-18T12:57:07.109424+00:00
 [00479/3000] create simple     /srv/fim-watch/critico/gen_00091.txt ts=2026-09-18T12:57:07.209466+00:00
 [00480/3000] modify simple     /srv/fim-watch/gen_00033.txt ts=2026-09-18T12:57:07.309310+00:00
 [00481/3000] modify simple     /srv/fim-watch/gen_00040.txt ts=2026-09-18T12:57:07.409684+00:00
 [00482/3000] modify simple     /srv/fim-watch/gen_00057.txt ts=2026-09-18T12:57:07.509685+00:00
 [00483/3000] modify simple     /srv/fim-watch/gen_00040.txt ts=2026-09-18T12:57:07.609644+00:00
 [00484/3000] modify colapsado  /srv/fim-watch/gen_00054.txt ts=2026-09-18T12:57:07.709653+00:00
 [00485/3000] modify colapsado  /srv/fim-watch/gen_00054.txt ts=2026-09-18T12:57:07.809698+00:00
 [00486/3000] modify colapsado  /srv/fim-watch/gen_00054.txt ts=2026-09-18T12:57:07.909686+00:00
 [00487/3000] modify colapsado  /srv/fim-watch/gen_00054.txt ts=2026-09-18T12:57:08.009643+00:00
 [00488/3000] modify colapsado  /srv/fim-watch/gen_00054.txt ts=2026-09-18T12:57:08.109584+00:00
 [00489/3000] create simple     /srv/fim-watch/gen_00092.txt ts=2026-09-18T12:57:08.209480+00:00
 [00490/3000] delete simple     /srv/fim-watch/critico/gen_00087.txt ts=2026-09-18T12:57:08.309424+00:00
 [00491/3000] modify revertido  /srv/fim-watch/gen_00070.txt ts=2026-09-18T12:57:08.409682+00:00
 [00492/3000] modify revertido  /srv/fim-watch/gen_00070.txt ts=2026-09-18T12:57:08.509612+00:00
 [00493/3000] create simple     /srv/fim-watch/gen_00093.txt ts=2026-09-18T12:57:08.609781+00:00
 [00494/3000] modify simple     /srv/fim-watch/critico/gen_00047.txt ts=2026-09-18T12:57:08.709719+00:00
 [00495/3000] create simple     /srv/fim-watch/critico/gen_00094.txt ts=2026-09-18T12:57:08.809551+00:00
 [00496/3000] create simple     /srv/fim-watch/gen_00095.txt ts=2026-09-18T12:57:08.909339+00:00
 [00497/3000] modify simple     /srv/fim-watch/gen_00089.txt ts=2026-09-18T12:57:09.009319+00:00
 [00498/3000] create simple     /srv/fim-watch/gen_00096.txt ts=2026-09-18T12:57:09.109230+00:00
 [00499/3000] delete simple     /srv/fim-watch/gen_00095.txt ts=2026-09-18T12:57:09.209239+00:00
 [00500/3000] modify simple     /srv/fim-watch/gen_00055.txt ts=2026-09-18T12:57:09.309308+00:00
 [00501/3000] modify simple     /srv/fim-watch/gen_00071.txt ts=2026-09-18T12:57:09.409597+00:00
 [00502/3000] create simple     /srv/fim-watch/gen_00097.txt ts=2026-09-18T12:57:09.509568+00:00
 [00503/3000] modify simple     /srv/fim-watch/gen_00055.txt ts=2026-09-18T12:57:09.609585+00:00
 [00504/3000] modify revertido  /srv/fim-watch/critico/gen_00037.txt ts=2026-09-18T12:57:09.709686+00:00
 [00505/3000] modify revertido  /srv/fim-watch/critico/gen_00037.txt ts=2026-09-18T12:57:09.809591+00:00
 [00506/3000] modify simple     /srv/fim-watch/gen_00029.txt ts=2026-09-18T12:57:09.909647+00:00
 [00507/3000] modify simple     /srv/fim-watch/gen_00085.txt ts=2026-09-18T12:57:10.009561+00:00
 [00508/3000] modify simple     /srv/fim-watch/gen_00055.txt ts=2026-09-18T12:57:10.109607+00:00
 [00509/3000] delete simple     /srv/fim-watch/gen_00082.txt ts=2026-09-18T12:57:10.209507+00:00
 [00510/3000] delete simple     /srv/fim-watch/gen_00055.txt ts=2026-09-18T12:57:10.309391+00:00
 [00511/3000] create simple     /srv/fim-watch/gen_00098.txt ts=2026-09-18T12:57:10.409556+00:00
 [00512/3000] create simple     /srv/fim-watch/gen_00099.txt ts=2026-09-18T12:57:10.509446+00:00
 [00513/3000] modify simple     /srv/fim-watch/gen_00043.txt ts=2026-09-18T12:57:10.609707+00:00
 [00514/3000] modify simple     /srv/fim-watch/gen_00093.txt ts=2026-09-18T12:57:10.709636+00:00
 [00515/3000] modify simple     /srv/fim-watch/gen_00066.txt ts=2026-09-18T12:57:10.809622+00:00
 [00516/3000] modify simple     /srv/fim-watch/critico/gen_00025.txt ts=2026-09-18T12:57:10.909517+00:00
 [00517/3000] create simple     /srv/fim-watch/gen_00100.txt ts=2026-09-18T12:57:11.009654+00:00
 [00518/3000] modify simple     /srv/fim-watch/gen_00090.txt ts=2026-09-18T12:57:11.109438+00:00
 [00519/3000] delete simple     /srv/fim-watch/gen_00077.txt ts=2026-09-18T12:57:11.209436+00:00
 [00520/3000] modify simple     /srv/fim-watch/gen_00098.txt ts=2026-09-18T12:57:11.309520+00:00
 [00521/3000] modify simple     /srv/fim-watch/gen_00067.txt ts=2026-09-18T12:57:11.409656+00:00
 [00522/3000] modify simple     /srv/fim-watch/gen_00093.txt ts=2026-09-18T12:57:11.509906+00:00
 [00523/3000] modify simple     /srv/fim-watch/gen_00071.txt ts=2026-09-18T12:57:11.609644+00:00
 [00524/3000] modify simple     /srv/fim-watch/gen_00006.txt ts=2026-09-18T12:57:11.709623+00:00
 [00525/3000] create efimero    /srv/fim-watch/gen_00101.txt ts=2026-09-18T12:57:11.809510+00:00
 [00526/3000] delete efimero    /srv/fim-watch/gen_00101.txt ts=2026-09-18T12:57:11.909196+00:00
 [00527/3000] modify simple     /srv/fim-watch/gen_00049.txt ts=2026-09-18T12:57:12.009683+00:00
 [00528/3000] modify colapsado  /srv/fim-watch/gen_00067.txt ts=2026-09-18T12:57:12.109608+00:00
 [00529/3000] modify colapsado  /srv/fim-watch/gen_00067.txt ts=2026-09-18T12:57:12.209667+00:00
 [00530/3000] modify colapsado  /srv/fim-watch/gen_00067.txt ts=2026-09-18T12:57:12.309550+00:00
 [00531/3000] modify colapsado  /srv/fim-watch/gen_00067.txt ts=2026-09-18T12:57:12.409607+00:00
 [00532/3000] modify colapsado  /srv/fim-watch/gen_00067.txt ts=2026-09-18T12:57:12.509552+00:00
 [00533/3000] modify simple     /srv/fim-watch/gen_00071.txt ts=2026-09-18T12:57:12.609680+00:00
 [00534/3000] create simple     /srv/fim-watch/gen_00102.txt ts=2026-09-18T12:57:12.709328+00:00
 [00535/3000] create simple     /srv/fim-watch/gen_00103.txt ts=2026-09-18T12:57:12.809462+00:00
 [00536/3000] modify simple     /srv/fim-watch/gen_00072.txt ts=2026-09-18T12:57:12.909495+00:00
 [00537/3000] modify simple     /srv/fim-watch/gen_00028.txt ts=2026-09-18T12:57:13.009606+00:00
 [00538/3000] delete simple     /srv/fim-watch/critico/gen_00081.txt ts=2026-09-18T12:57:13.109351+00:00
 [00539/3000] modify simple     /srv/fim-watch/gen_00070.txt ts=2026-09-18T12:57:13.209484+00:00
 [00540/3000] modify colapsado  /srv/fim-watch/gen_00050.txt ts=2026-09-18T12:57:13.309517+00:00
 [00541/3000] modify colapsado  /srv/fim-watch/gen_00050.txt ts=2026-09-18T12:57:13.409438+00:00
 [00542/3000] modify colapsado  /srv/fim-watch/gen_00050.txt ts=2026-09-18T12:57:13.509563+00:00
 [00543/3000] modify colapsado  /srv/fim-watch/gen_00050.txt ts=2026-09-18T12:57:13.609422+00:00
 [00544/3000] modify colapsado  /srv/fim-watch/gen_00050.txt ts=2026-09-18T12:57:13.709569+00:00
 [00545/3000] modify simple     /srv/fim-watch/gen_00071.txt ts=2026-09-18T12:57:13.809598+00:00
 [00546/3000] modify simple     /srv/fim-watch/gen_00072.txt ts=2026-09-18T12:57:13.909410+00:00
 [00547/3000] create simple     /srv/fim-watch/gen_00104.txt ts=2026-09-18T12:57:14.009265+00:00
 [00548/3000] modify simple     /srv/fim-watch/gen_00028.txt ts=2026-09-18T12:57:14.109300+00:00
 [00549/3000] modify revertido  /srv/fim-watch/critico/gen_00069.txt ts=2026-09-18T12:57:14.209351+00:00
 [00550/3000] modify revertido  /srv/fim-watch/critico/gen_00069.txt ts=2026-09-18T12:57:14.309399+00:00
 [00551/3000] create simple     /srv/fim-watch/gen_00105.txt ts=2026-09-18T12:57:14.409503+00:00
 [00552/3000] modify simple     /srv/fim-watch/gen_00048.txt ts=2026-09-18T12:57:14.509636+00:00
 [00553/3000] modify simple     /srv/fim-watch/gen_00048.txt ts=2026-09-18T12:57:14.609643+00:00
 [00554/3000] modify simple     /srv/fim-watch/gen_00086.txt ts=2026-09-18T12:57:14.709289+00:00
 [00555/3000] modify revertido  /srv/fim-watch/gen_00036.txt ts=2026-09-18T12:57:14.809286+00:00
 [00556/3000] modify revertido  /srv/fim-watch/gen_00036.txt ts=2026-09-18T12:57:14.909288+00:00
 [00557/3000] modify simple     /srv/fim-watch/gen_00040.txt ts=2026-09-18T12:57:15.009484+00:00
 [00558/3000] modify revertido  /srv/fim-watch/gen_00036.txt ts=2026-09-18T12:57:15.109451+00:00
 [00559/3000] modify revertido  /srv/fim-watch/gen_00036.txt ts=2026-09-18T12:57:15.209553+00:00
 [00560/3000] modify revertido  /srv/fim-watch/gen_00073.txt ts=2026-09-18T12:57:15.309483+00:00
 [00561/3000] modify revertido  /srv/fim-watch/gen_00073.txt ts=2026-09-18T12:57:15.409459+00:00
 [00562/3000] modify simple     /srv/fim-watch/gen_00042.txt ts=2026-09-18T12:57:15.509589+00:00
 [00563/3000] modify simple     /srv/fim-watch/gen_00040.txt ts=2026-09-18T12:57:15.609491+00:00
 [00564/3000] modify simple     /srv/fim-watch/gen_00088.txt ts=2026-09-18T12:57:15.709420+00:00
 [00565/3000] create simple     /srv/fim-watch/gen_00106.txt ts=2026-09-18T12:57:15.809396+00:00
 [00566/3000] modify simple     /srv/fim-watch/gen_00076.txt ts=2026-09-18T12:57:15.909543+00:00
 [00567/3000] modify simple     /srv/fim-watch/gen_00072.txt ts=2026-09-18T12:57:16.009425+00:00
 [00568/3000] modify revertido  /srv/fim-watch/gen_00036.txt ts=2026-09-18T12:57:16.109469+00:00
 [00569/3000] modify revertido  /srv/fim-watch/gen_00036.txt ts=2026-09-18T12:57:16.209606+00:00
 [00570/3000] modify simple     /srv/fim-watch/gen_00049.txt ts=2026-09-18T12:57:16.309483+00:00
 [00571/3000] create efimero    /srv/fim-watch/gen_00107.txt ts=2026-09-18T12:57:16.409435+00:00
 [00572/3000] delete efimero    /srv/fim-watch/gen_00107.txt ts=2026-09-18T12:57:16.509445+00:00
 [00573/3000] modify simple     /srv/fim-watch/gen_00054.txt ts=2026-09-18T12:57:16.609661+00:00
 [00574/3000] modify simple     /srv/fim-watch/gen_00103.txt ts=2026-09-18T12:57:16.709640+00:00
 [00575/3000] modify simple     /srv/fim-watch/gen_00064.txt ts=2026-09-18T12:57:16.809589+00:00
 [00576/3000] modify simple     /srv/fim-watch/gen_00096.txt ts=2026-09-18T12:57:16.909549+00:00
 [00577/3000] modify simple     /srv/fim-watch/gen_00078.txt ts=2026-09-18T12:57:17.009452+00:00
 [00578/3000] modify simple     /srv/fim-watch/gen_00020.txt ts=2026-09-18T12:57:17.109486+00:00
 [00579/3000] modify simple     /srv/fim-watch/gen_00044.txt ts=2026-09-18T12:57:17.209330+00:00
 [00580/3000] modify revertido  /srv/fim-watch/gen_00073.txt ts=2026-09-18T12:57:17.309596+00:00
 [00581/3000] modify revertido  /srv/fim-watch/gen_00073.txt ts=2026-09-18T12:57:17.409621+00:00
 [00582/3000] create simple     /srv/fim-watch/gen_00108.txt ts=2026-09-18T12:57:17.509610+00:00
 [00583/3000] create simple     /srv/fim-watch/gen_00109.txt ts=2026-09-18T12:57:17.609624+00:00
 [00584/3000] modify simple     /srv/fim-watch/gen_00033.txt ts=2026-09-18T12:57:17.709606+00:00
 [00585/3000] modify revertido  /srv/fim-watch/gen_00029.txt ts=2026-09-18T12:57:17.809824+00:00
 [00586/3000] modify revertido  /srv/fim-watch/gen_00029.txt ts=2026-09-18T12:57:17.909684+00:00
 [00587/3000] create simple     /srv/fim-watch/critico/gen_00110.txt ts=2026-09-18T12:57:18.009583+00:00
 [00588/3000] create simple     /srv/fim-watch/gen_00111.txt ts=2026-09-18T12:57:18.109493+00:00
 [00589/3000] modify simple     /srv/fim-watch/gen_00079.txt ts=2026-09-18T12:57:18.210109+00:00
 [00590/3000] modify simple     /srv/fim-watch/gen_00060.txt ts=2026-09-18T12:57:18.309591+00:00
 [00591/3000] create efimero    /srv/fim-watch/gen_00112.txt ts=2026-09-18T12:57:18.409446+00:00
 [00592/3000] delete efimero    /srv/fim-watch/gen_00112.txt ts=2026-09-18T12:57:18.509469+00:00
 [00593/3000] modify revertido  /srv/fim-watch/gen_00088.txt ts=2026-09-18T12:57:18.609515+00:00
 [00594/3000] modify revertido  /srv/fim-watch/gen_00088.txt ts=2026-09-18T12:57:18.709729+00:00
 [00595/3000] modify simple     /srv/fim-watch/gen_00058.txt ts=2026-09-18T12:57:18.809597+00:00
 [00596/3000] modify simple     /srv/fim-watch/gen_00048.txt ts=2026-09-18T12:57:18.909658+00:00
 [00597/3000] modify revertido  /srv/fim-watch/gen_00042.txt ts=2026-09-18T12:57:19.009501+00:00
 [00598/3000] modify revertido  /srv/fim-watch/gen_00042.txt ts=2026-09-18T12:57:19.109581+00:00
 [00599/3000] delete simple     /srv/fim-watch/gen_00059.txt ts=2026-09-18T12:57:19.209634+00:00
 [00600/3000] create simple     /srv/fim-watch/gen_00113.txt ts=2026-09-18T12:57:19.309444+00:00
 [00601/3000] delete simple     /srv/fim-watch/gen_00092.txt ts=2026-09-18T12:57:19.409567+00:00
 [00602/3000] modify simple     /srv/fim-watch/gen_00006.txt ts=2026-09-18T12:57:19.509729+00:00
 [00603/3000] modify revertido  /srv/fim-watch/gen_00072.txt ts=2026-09-18T12:57:19.609583+00:00
 [00604/3000] modify revertido  /srv/fim-watch/gen_00072.txt ts=2026-09-18T12:57:19.709586+00:00
 [00605/3000] modify simple     /srv/fim-watch/gen_00070.txt ts=2026-09-18T12:57:19.810908+00:00
 [00606/3000] modify colapsado  /srv/fim-watch/gen_00079.txt ts=2026-09-18T12:57:19.909598+00:00
 [00607/3000] modify colapsado  /srv/fim-watch/gen_00079.txt ts=2026-09-18T12:57:20.009725+00:00
 [00608/3000] modify colapsado  /srv/fim-watch/gen_00079.txt ts=2026-09-18T12:57:20.109595+00:00
 [00609/3000] modify colapsado  /srv/fim-watch/gen_00079.txt ts=2026-09-18T12:57:20.209602+00:00
 [00610/3000] modify colapsado  /srv/fim-watch/gen_00079.txt ts=2026-09-18T12:57:20.309729+00:00
 [00611/3000] modify simple     /srv/fim-watch/gen_00020.txt ts=2026-09-18T12:57:20.409600+00:00
 [00612/3000] modify simple     /srv/fim-watch/gen_00060.txt ts=2026-09-18T12:57:20.509759+00:00
 [00613/3000] modify simple     /srv/fim-watch/gen_00049.txt ts=2026-09-18T12:57:20.609785+00:00
 [00614/3000] create simple     /srv/fim-watch/gen_00114.txt ts=2026-09-18T12:57:20.709589+00:00
 [00615/3000] create simple     /srv/fim-watch/gen_00115.txt ts=2026-09-18T12:57:20.809482+00:00
 [00616/3000] modify simple     /srv/fim-watch/gen_00033.txt ts=2026-09-18T12:57:20.909633+00:00
 [00617/3000] modify simple     /srv/fim-watch/gen_00088.txt ts=2026-09-18T12:57:21.009612+00:00
 [00618/3000] create simple     /srv/fim-watch/gen_00116.txt ts=2026-09-18T12:57:21.109453+00:00
 [00619/3000] modify simple     /srv/fim-watch/gen_00106.txt ts=2026-09-18T12:57:21.209588+00:00
 [00620/3000] modify simple     /srv/fim-watch/gen_00016.txt ts=2026-09-18T12:57:21.309621+00:00
 [00621/3000] create simple     /srv/fim-watch/gen_00117.txt ts=2026-09-18T12:57:21.409487+00:00
 [00622/3000] modify simple     /srv/fim-watch/gen_00067.txt ts=2026-09-18T12:57:21.509594+00:00
 [00623/3000] delete simple     /srv/fim-watch/critico/gen_00094.txt ts=2026-09-18T12:57:21.609437+00:00
 [00624/3000] delete simple     /srv/fim-watch/gen_00028.txt ts=2026-09-18T12:57:21.709446+00:00
 [00625/3000] modify simple     /srv/fim-watch/gen_00050.txt ts=2026-09-18T12:57:21.809689+00:00
 [00626/3000] modify simple     /srv/fim-watch/critico/gen_00069.txt ts=2026-09-18T12:57:21.909709+00:00
 [00627/3000] create efimero    /srv/fim-watch/gen_00118.txt ts=2026-09-18T12:57:22.009578+00:00
 [00628/3000] delete efimero    /srv/fim-watch/gen_00118.txt ts=2026-09-18T12:57:22.109449+00:00
 [00629/3000] modify colapsado  /srv/fim-watch/gen_00044.txt ts=2026-09-18T12:57:22.209582+00:00
 [00630/3000] modify colapsado  /srv/fim-watch/gen_00044.txt ts=2026-09-18T12:57:22.309653+00:00
 [00631/3000] modify colapsado  /srv/fim-watch/gen_00044.txt ts=2026-09-18T12:57:22.409579+00:00
 [00632/3000] modify colapsado  /srv/fim-watch/gen_00044.txt ts=2026-09-18T12:57:22.509619+00:00
 [00633/3000] modify colapsado  /srv/fim-watch/gen_00044.txt ts=2026-09-18T12:57:22.609813+00:00
 [00634/3000] modify simple     /srv/fim-watch/gen_00116.txt ts=2026-09-18T12:57:22.709694+00:00
 [00635/3000] create simple     /srv/fim-watch/gen_00119.txt ts=2026-09-18T12:57:22.809587+00:00
 [00636/3000] modify simple     /srv/fim-watch/gen_00042.txt ts=2026-09-18T12:57:22.909564+00:00
 [00637/3000] create simple     /srv/fim-watch/gen_00120.txt ts=2026-09-18T12:57:23.009512+00:00
 [00638/3000] create simple     /srv/fim-watch/gen_00121.txt ts=2026-09-18T12:57:23.109511+00:00
 [00639/3000] modify simple     /srv/fim-watch/gen_00058.txt ts=2026-09-18T12:57:23.209733+00:00
 [00640/3000] create simple     /srv/fim-watch/gen_00122.txt ts=2026-09-18T12:57:23.309487+00:00
 [00641/3000] create simple     /srv/fim-watch/critico/gen_00123.txt ts=2026-09-18T12:57:23.409587+00:00
 [00642/3000] modify simple     /srv/fim-watch/gen_00102.txt ts=2026-09-18T12:57:23.509573+00:00
 [00643/3000] modify revertido  /srv/fim-watch/gen_00090.txt ts=2026-09-18T12:57:23.609670+00:00
 [00644/3000] modify revertido  /srv/fim-watch/gen_00090.txt ts=2026-09-18T12:57:23.709693+00:00
 [00645/3000] modify simple     /srv/fim-watch/gen_00098.txt ts=2026-09-18T12:57:23.809681+00:00
 [00646/3000] modify simple     /srv/fim-watch/gen_00068.txt ts=2026-09-18T12:57:23.909600+00:00
 [00647/3000] delete simple     /srv/fim-watch/critico/gen_00047.txt ts=2026-09-18T12:57:24.009467+00:00
 [00648/3000] modify simple     /srv/fim-watch/critico/gen_00061.txt ts=2026-09-18T12:57:24.109336+00:00
 [00649/3000] modify simple     /srv/fim-watch/critico/gen_00069.txt ts=2026-09-18T12:57:24.209620+00:00
 [00650/3000] create simple     /srv/fim-watch/gen_00124.txt ts=2026-09-18T12:57:24.309482+00:00
 [00651/3000] delete simple     /srv/fim-watch/gen_00097.txt ts=2026-09-18T12:57:24.409417+00:00
 [00652/3000] modify simple     /srv/fim-watch/gen_00033.txt ts=2026-09-18T12:57:24.509710+00:00
 [00653/3000] delete simple     /srv/fim-watch/gen_00076.txt ts=2026-09-18T12:57:24.609725+00:00
 [00654/3000] modify simple     /srv/fim-watch/gen_00100.txt ts=2026-09-18T12:57:24.710017+00:00
 [00655/3000] modify simple     /srv/fim-watch/critico/gen_00053.txt ts=2026-09-18T12:57:24.809593+00:00
 [00656/3000] modify simple     /srv/fim-watch/gen_00093.txt ts=2026-09-18T12:57:24.909449+00:00
 [00657/3000] create simple     /srv/fim-watch/gen_00125.txt ts=2026-09-18T12:57:25.009502+00:00
 [00658/3000] modify simple     /srv/fim-watch/gen_00104.txt ts=2026-09-18T12:57:25.109597+00:00
 [00659/3000] modify simple     /srv/fim-watch/gen_00115.txt ts=2026-09-18T12:57:25.209601+00:00
 [00660/3000] create simple     /srv/fim-watch/gen_00126.txt ts=2026-09-18T12:57:25.309432+00:00
 [00661/3000] modify simple     /srv/fim-watch/gen_00114.txt ts=2026-09-18T12:57:25.409624+00:00
 [00662/3000] modify simple     /srv/fim-watch/gen_00122.txt ts=2026-09-18T12:57:25.509695+00:00
 [00663/3000] create simple     /srv/fim-watch/gen_00127.txt ts=2026-09-18T12:57:25.609514+00:00
 [00664/3000] create simple     /srv/fim-watch/gen_00128.txt ts=2026-09-18T12:57:25.709592+00:00
 [00665/3000] modify simple     /srv/fim-watch/gen_00098.txt ts=2026-09-18T12:57:25.809620+00:00
 [00666/3000] modify revertido  /srv/fim-watch/critico/gen_00110.txt ts=2026-09-18T12:57:25.909770+00:00
 [00667/3000] modify revertido  /srv/fim-watch/critico/gen_00110.txt ts=2026-09-18T12:57:26.009554+00:00
 [00668/3000] delete simple     /srv/fim-watch/gen_00090.txt ts=2026-09-18T12:57:26.109431+00:00
 [00669/3000] modify simple     /srv/fim-watch/gen_00116.txt ts=2026-09-18T12:57:26.209697+00:00
 [00670/3000] modify simple     /srv/fim-watch/gen_00125.txt ts=2026-09-18T12:57:26.309547+00:00
 [00671/3000] create simple     /srv/fim-watch/gen_00129.txt ts=2026-09-18T12:57:26.409480+00:00
 [00672/3000] create simple     /srv/fim-watch/critico/gen_00130.txt ts=2026-09-18T12:57:26.509520+00:00
 [00673/3000] create simple     /srv/fim-watch/gen_00131.txt ts=2026-09-18T12:57:26.609570+00:00
 [00674/3000] modify simple     /srv/fim-watch/gen_00100.txt ts=2026-09-18T12:57:26.709727+00:00
 [00675/3000] modify simple     /srv/fim-watch/gen_00054.txt ts=2026-09-18T12:57:26.809616+00:00
 [00676/3000] create simple     /srv/fim-watch/gen_00132.txt ts=2026-09-18T12:57:26.909328+00:00
 [00677/3000] modify simple     /srv/fim-watch/gen_00129.txt ts=2026-09-18T12:57:27.009820+00:00
 [00678/3000] modify revertido  /srv/fim-watch/gen_00099.txt ts=2026-09-18T12:57:27.109590+00:00
 [00679/3000] modify revertido  /srv/fim-watch/gen_00099.txt ts=2026-09-18T12:57:27.209599+00:00
 [00680/3000] modify simple     /srv/fim-watch/critico/gen_00061.txt ts=2026-09-18T12:57:27.309621+00:00
 [00681/3000] modify simple     /srv/fim-watch/gen_00104.txt ts=2026-09-18T12:57:27.409639+00:00
 [00682/3000] modify simple     /srv/fim-watch/critico/gen_00110.txt ts=2026-09-18T12:57:27.509620+00:00
 [00683/3000] delete simple     /srv/fim-watch/critico/gen_00110.txt ts=2026-09-18T12:57:27.609627+00:00
 [00684/3000] modify simple     /srv/fim-watch/gen_00079.txt ts=2026-09-18T12:57:27.709629+00:00
 [00685/3000] modify simple     /srv/fim-watch/gen_00109.txt ts=2026-09-18T12:57:27.809702+00:00
 [00686/3000] delete simple     /srv/fim-watch/gen_00119.txt ts=2026-09-18T12:57:27.909298+00:00
 [00687/3000] modify simple     /srv/fim-watch/gen_00042.txt ts=2026-09-18T12:57:28.009660+00:00
 [00688/3000] modify simple     /srv/fim-watch/gen_00093.txt ts=2026-09-18T12:57:28.109663+00:00
 [00689/3000] delete simple     /srv/fim-watch/critico/gen_00069.txt ts=2026-09-18T12:57:28.209682+00:00
 [00690/3000] create efimero    /srv/fim-watch/gen_00133.txt ts=2026-09-18T12:57:28.309491+00:00
 [00691/3000] delete efimero    /srv/fim-watch/gen_00133.txt ts=2026-09-18T12:57:28.409534+00:00
 [00692/3000] modify simple     /srv/fim-watch/gen_00079.txt ts=2026-09-18T12:57:28.509588+00:00
 [00693/3000] modify simple     /srv/fim-watch/gen_00116.txt ts=2026-09-18T12:57:28.609558+00:00
 [00694/3000] modify simple     /srv/fim-watch/gen_00068.txt ts=2026-09-18T12:57:28.709632+00:00
 [00695/3000] modify colapsado  /srv/fim-watch/gen_00088.txt ts=2026-09-18T12:57:28.809562+00:00
 [00696/3000] modify colapsado  /srv/fim-watch/gen_00088.txt ts=2026-09-18T12:57:28.909469+00:00
 [00697/3000] modify colapsado  /srv/fim-watch/gen_00088.txt ts=2026-09-18T12:57:29.009543+00:00
 [00698/3000] modify colapsado  /srv/fim-watch/gen_00088.txt ts=2026-09-18T12:57:29.109426+00:00
 [00699/3000] modify colapsado  /srv/fim-watch/gen_00088.txt ts=2026-09-18T12:57:29.209569+00:00
 [00700/3000] create simple     /srv/fim-watch/gen_00134.txt ts=2026-09-18T12:57:29.309400+00:00
 [00701/3000] modify simple     /srv/fim-watch/gen_00100.txt ts=2026-09-18T12:57:29.409611+00:00
 [00702/3000] delete simple     /srv/fim-watch/gen_00044.txt ts=2026-09-18T12:57:29.509579+00:00
 [00703/3000] create simple     /srv/fim-watch/gen_00135.txt ts=2026-09-18T12:57:29.609717+00:00
 [00704/3000] modify simple     /srv/fim-watch/gen_00060.txt ts=2026-09-18T12:57:29.709607+00:00
 [00705/3000] modify colapsado  /srv/fim-watch/gen_00121.txt ts=2026-09-18T12:57:29.809755+00:00
 [00706/3000] modify colapsado  /srv/fim-watch/gen_00121.txt ts=2026-09-18T12:57:29.910660+00:00
 [00707/3000] modify colapsado  /srv/fim-watch/gen_00121.txt ts=2026-09-18T12:57:30.009224+00:00
 [00708/3000] modify colapsado  /srv/fim-watch/gen_00121.txt ts=2026-09-18T12:57:30.109396+00:00
 [00709/3000] modify colapsado  /srv/fim-watch/gen_00121.txt ts=2026-09-18T12:57:30.209611+00:00
 [00710/3000] modify revertido  /srv/fim-watch/gen_00084.txt ts=2026-09-18T12:57:30.309622+00:00
 [00711/3000] modify revertido  /srv/fim-watch/gen_00084.txt ts=2026-09-18T12:57:30.409764+00:00
 [00712/3000] create simple     /srv/fim-watch/gen_00136.txt ts=2026-09-18T12:57:30.509516+00:00
 [00713/3000] modify simple     /srv/fim-watch/gen_00100.txt ts=2026-09-18T12:57:30.609760+00:00
 [00714/3000] modify revertido  /srv/fim-watch/gen_00060.txt ts=2026-09-18T12:57:30.709709+00:00
 [00715/3000] modify revertido  /srv/fim-watch/gen_00060.txt ts=2026-09-18T12:57:30.809736+00:00
 [00716/3000] modify simple     /srv/fim-watch/gen_00067.txt ts=2026-09-18T12:57:30.909799+00:00
 [00717/3000] modify simple     /srv/fim-watch/gen_00042.txt ts=2026-09-18T12:57:31.009598+00:00
 [00718/3000] create efimero    /srv/fim-watch/gen_00137.txt ts=2026-09-18T12:57:31.109547+00:00
 [00719/3000] delete efimero    /srv/fim-watch/gen_00137.txt ts=2026-09-18T12:57:31.209631+00:00
 [00720/3000] modify simple     /srv/fim-watch/critico/gen_00061.txt ts=2026-09-18T12:57:31.309599+00:00
 [00721/3000] delete simple     /srv/fim-watch/gen_00121.txt ts=2026-09-18T12:57:31.409540+00:00
 [00722/3000] modify revertido  /srv/fim-watch/gen_00085.txt ts=2026-09-18T12:57:31.509576+00:00
 [00723/3000] modify revertido  /srv/fim-watch/gen_00085.txt ts=2026-09-18T12:57:31.609577+00:00
 [00724/3000] modify simple     /srv/fim-watch/gen_00116.txt ts=2026-09-18T12:57:31.709620+00:00
 [00725/3000] modify simple     /srv/fim-watch/gen_00136.txt ts=2026-09-18T12:57:31.809741+00:00
 [00726/3000] modify simple     /srv/fim-watch/gen_00029.txt ts=2026-09-18T12:57:31.909586+00:00
 [00727/3000] modify simple     /srv/fim-watch/critico/gen_00123.txt ts=2026-09-18T12:57:32.009421+00:00
 [00728/3000] modify simple     /srv/fim-watch/gen_00062.txt ts=2026-09-18T12:57:32.109471+00:00
 [00729/3000] modify simple     /srv/fim-watch/gen_00065.txt ts=2026-09-18T12:57:32.209708+00:00
 [00730/3000] modify simple     /srv/fim-watch/gen_00106.txt ts=2026-09-18T12:57:32.309468+00:00
 [00731/3000] create efimero    /srv/fim-watch/critico/gen_00138.txt ts=2026-09-18T12:57:32.409360+00:00
 [00732/3000] delete efimero    /srv/fim-watch/critico/gen_00138.txt ts=2026-09-18T12:57:32.509336+00:00
 [00733/3000] modify simple     /srv/fim-watch/gen_00054.txt ts=2026-09-18T12:57:32.609506+00:00
 [00734/3000] create simple     /srv/fim-watch/gen_00139.txt ts=2026-09-18T12:57:32.709444+00:00
 [00735/3000] delete simple     /srv/fim-watch/gen_00072.txt ts=2026-09-18T12:57:32.809554+00:00
 [00736/3000] modify colapsado  /srv/fim-watch/gen_00116.txt ts=2026-09-18T12:57:32.909578+00:00
 [00737/3000] modify colapsado  /srv/fim-watch/gen_00116.txt ts=2026-09-18T12:57:33.009720+00:00
 [00738/3000] modify colapsado  /srv/fim-watch/gen_00116.txt ts=2026-09-18T12:57:33.109597+00:00
 [00739/3000] modify colapsado  /srv/fim-watch/gen_00116.txt ts=2026-09-18T12:57:33.209603+00:00
 [00740/3000] modify colapsado  /srv/fim-watch/gen_00116.txt ts=2026-09-18T12:57:33.309614+00:00
 [00741/3000] modify simple     /srv/fim-watch/gen_00078.txt ts=2026-09-18T12:57:33.409647+00:00
 [00742/3000] create simple     /srv/fim-watch/gen_00140.txt ts=2026-09-18T12:57:33.509483+00:00
 [00743/3000] modify colapsado  /srv/fim-watch/gen_00086.txt ts=2026-09-18T12:57:33.609444+00:00
 [00744/3000] modify colapsado  /srv/fim-watch/gen_00086.txt ts=2026-09-18T12:57:33.709472+00:00
 [00745/3000] modify colapsado  /srv/fim-watch/gen_00086.txt ts=2026-09-18T12:57:33.809438+00:00
 [00746/3000] modify colapsado  /srv/fim-watch/gen_00086.txt ts=2026-09-18T12:57:33.909496+00:00
 [00747/3000] modify colapsado  /srv/fim-watch/gen_00086.txt ts=2026-09-18T12:57:34.009405+00:00
 [00748/3000] create simple     /srv/fim-watch/critico/gen_00141.txt ts=2026-09-18T12:57:34.109390+00:00
 [00749/3000] modify simple     /srv/fim-watch/gen_00088.txt ts=2026-09-18T12:57:34.209406+00:00
 [00750/3000] modify simple     /srv/fim-watch/gen_00140.txt ts=2026-09-18T12:57:34.309401+00:00
 [00751/3000] modify simple     /srv/fim-watch/gen_00073.txt ts=2026-09-18T12:57:34.409468+00:00
 [00752/3000] modify simple     /srv/fim-watch/gen_00135.txt ts=2026-09-18T12:57:34.509640+00:00
 [00753/3000] modify simple     /srv/fim-watch/gen_00102.txt ts=2026-09-18T12:57:34.609451+00:00
 [00754/3000] modify simple     /srv/fim-watch/gen_00050.txt ts=2026-09-18T12:57:34.709630+00:00
 [00755/3000] modify simple     /srv/fim-watch/gen_00117.txt ts=2026-09-18T12:57:34.809634+00:00
 [00756/3000] create simple     /srv/fim-watch/gen_00142.txt ts=2026-09-18T12:57:34.909487+00:00
 [00757/3000] modify simple     /srv/fim-watch/gen_00131.txt ts=2026-09-18T12:57:35.009528+00:00
 [00758/3000] modify simple     /srv/fim-watch/gen_00089.txt ts=2026-09-18T12:57:35.109339+00:00
 [00759/3000] modify simple     /srv/fim-watch/gen_00128.txt ts=2026-09-18T12:57:35.209548+00:00
 [00760/3000] modify revertido  /srv/fim-watch/critico/gen_00061.txt ts=2026-09-18T12:57:35.309716+00:00
 [00761/3000] modify revertido  /srv/fim-watch/critico/gen_00061.txt ts=2026-09-18T12:57:35.409609+00:00
 [00762/3000] modify simple     /srv/fim-watch/gen_00086.txt ts=2026-09-18T12:57:35.509608+00:00
 [00763/3000] create efimero    /srv/fim-watch/gen_00143.txt ts=2026-09-18T12:57:35.609390+00:00
 [00764/3000] delete efimero    /srv/fim-watch/gen_00143.txt ts=2026-09-18T12:57:35.709562+00:00
 [00765/3000] modify colapsado  /srv/fim-watch/gen_00054.txt ts=2026-09-18T12:57:35.809734+00:00
 [00766/3000] modify colapsado  /srv/fim-watch/gen_00054.txt ts=2026-09-18T12:57:35.909597+00:00
 [00767/3000] modify colapsado  /srv/fim-watch/gen_00054.txt ts=2026-09-18T12:57:36.009602+00:00
 [00768/3000] modify colapsado  /srv/fim-watch/gen_00054.txt ts=2026-09-18T12:57:36.109597+00:00
 [00769/3000] modify colapsado  /srv/fim-watch/gen_00054.txt ts=2026-09-18T12:57:36.209585+00:00
 [00770/3000] modify revertido  /srv/fim-watch/gen_00117.txt ts=2026-09-18T12:57:36.309532+00:00
 [00771/3000] modify revertido  /srv/fim-watch/gen_00117.txt ts=2026-09-18T12:57:36.409436+00:00
 [00772/3000] create simple     /srv/fim-watch/critico/gen_00144.txt ts=2026-09-18T12:57:36.509346+00:00
 [00773/3000] modify simple     /srv/fim-watch/gen_00054.txt ts=2026-09-18T12:57:36.609657+00:00
 [00774/3000] create simple     /srv/fim-watch/gen_00145.txt ts=2026-09-18T12:57:36.709354+00:00
 [00775/3000] modify simple     /srv/fim-watch/gen_00105.txt ts=2026-09-18T12:57:36.809471+00:00
 [00776/3000] modify revertido  /srv/fim-watch/gen_00016.txt ts=2026-09-18T12:57:36.909450+00:00
 [00777/3000] modify revertido  /srv/fim-watch/gen_00016.txt ts=2026-09-18T12:57:37.009657+00:00
 [00778/3000] modify simple     /srv/fim-watch/critico/gen_00144.txt ts=2026-09-18T12:57:37.109436+00:00
 [00779/3000] create simple     /srv/fim-watch/gen_00146.txt ts=2026-09-18T12:57:37.209578+00:00
 [00780/3000] modify revertido  /srv/fim-watch/gen_00098.txt ts=2026-09-18T12:57:37.309478+00:00
 [00781/3000] modify revertido  /srv/fim-watch/gen_00098.txt ts=2026-09-18T12:57:37.409505+00:00
 [00782/3000] modify simple     /srv/fim-watch/gen_00128.txt ts=2026-09-18T12:57:37.509436+00:00
 [00783/3000] modify simple     /srv/fim-watch/gen_00074.txt ts=2026-09-18T12:57:37.609674+00:00
 [00784/3000] modify simple     /srv/fim-watch/gen_00073.txt ts=2026-09-18T12:57:37.709651+00:00
 [00785/3000] modify simple     /srv/fim-watch/gen_00135.txt ts=2026-09-18T12:57:37.809429+00:00
 [00786/3000] modify simple     /srv/fim-watch/gen_00100.txt ts=2026-09-18T12:57:37.909475+00:00
 [00787/3000] modify simple     /srv/fim-watch/gen_00115.txt ts=2026-09-18T12:57:38.009490+00:00
 [00788/3000] create simple     /srv/fim-watch/gen_00147.txt ts=2026-09-18T12:57:38.109414+00:00
 [00789/3000] delete simple     /srv/fim-watch/critico/gen_00091.txt ts=2026-09-18T12:57:38.209352+00:00
 [00790/3000] modify simple     /srv/fim-watch/gen_00062.txt ts=2026-09-18T12:57:38.309430+00:00
 [00791/3000] modify simple     /srv/fim-watch/gen_00132.txt ts=2026-09-18T12:57:38.409422+00:00
 [00792/3000] modify simple     /srv/fim-watch/gen_00048.txt ts=2026-09-18T12:57:38.509543+00:00
 [00793/3000] modify simple     /srv/fim-watch/gen_00136.txt ts=2026-09-18T12:57:38.609348+00:00
 [00794/3000] delete simple     /srv/fim-watch/gen_00109.txt ts=2026-09-18T12:57:38.709257+00:00
 [00795/3000] modify revertido  /srv/fim-watch/gen_00085.txt ts=2026-09-18T12:57:38.809340+00:00
 [00796/3000] modify revertido  /srv/fim-watch/gen_00085.txt ts=2026-09-18T12:57:38.909337+00:00
 [00797/3000] modify simple     /srv/fim-watch/critico/gen_00130.txt ts=2026-09-18T12:57:39.009340+00:00
 [00798/3000] modify simple     /srv/fim-watch/gen_00006.txt ts=2026-09-18T12:57:39.109474+00:00
 [00799/3000] create simple     /srv/fim-watch/gen_00148.txt ts=2026-09-18T12:57:39.209267+00:00
 [00800/3000] delete simple     /srv/fim-watch/gen_00116.txt ts=2026-09-18T12:57:39.309268+00:00
 [00801/3000] modify colapsado  /srv/fim-watch/gen_00148.txt ts=2026-09-18T12:57:39.409423+00:00
 [00802/3000] modify colapsado  /srv/fim-watch/gen_00148.txt ts=2026-09-18T12:57:39.509439+00:00
 [00803/3000] modify colapsado  /srv/fim-watch/gen_00148.txt ts=2026-09-18T12:57:39.609623+00:00
 [00804/3000] modify colapsado  /srv/fim-watch/gen_00148.txt ts=2026-09-18T12:57:39.709315+00:00
 [00805/3000] modify colapsado  /srv/fim-watch/gen_00148.txt ts=2026-09-18T12:57:39.809339+00:00
 [00806/3000] modify revertido  /srv/fim-watch/gen_00064.txt ts=2026-09-18T12:57:39.909324+00:00
 [00807/3000] modify revertido  /srv/fim-watch/gen_00064.txt ts=2026-09-18T12:57:40.009387+00:00
 [00808/3000] delete simple     /srv/fim-watch/gen_00085.txt ts=2026-09-18T12:57:40.109308+00:00
 [00809/3000] create simple     /srv/fim-watch/gen_00149.txt ts=2026-09-18T12:57:40.209306+00:00
 [00810/3000] modify simple     /srv/fim-watch/critico/gen_00144.txt ts=2026-09-18T12:57:40.309221+00:00
 [00811/3000] modify simple     /srv/fim-watch/gen_00103.txt ts=2026-09-18T12:57:40.409551+00:00
 [00812/3000] modify simple     /srv/fim-watch/gen_00106.txt ts=2026-09-18T12:57:40.509542+00:00
 [00813/3000] delete simple     /srv/fim-watch/gen_00131.txt ts=2026-09-18T12:57:40.609411+00:00
 [00814/3000] modify simple     /srv/fim-watch/gen_00096.txt ts=2026-09-18T12:57:40.709549+00:00
 [00815/3000] create simple     /srv/fim-watch/critico/gen_00150.txt ts=2026-09-18T12:57:40.809630+00:00
 [00816/3000] create simple     /srv/fim-watch/gen_00151.txt ts=2026-09-18T12:57:40.909453+00:00
 [00817/3000] create simple     /srv/fim-watch/gen_00152.txt ts=2026-09-18T12:57:41.009234+00:00
 [00818/3000] modify simple     /srv/fim-watch/gen_00084.txt ts=2026-09-18T12:57:41.109323+00:00
 [00819/3000] create simple     /srv/fim-watch/critico/gen_00153.txt ts=2026-09-18T12:57:41.209247+00:00
 [00820/3000] delete simple     /srv/fim-watch/gen_00127.txt ts=2026-09-18T12:57:41.309419+00:00
 [00821/3000] create simple     /srv/fim-watch/gen_00154.txt ts=2026-09-18T12:57:41.409496+00:00
 [00822/3000] modify simple     /srv/fim-watch/critico/gen_00150.txt ts=2026-09-18T12:57:41.509574+00:00
 [00823/3000] create simple     /srv/fim-watch/gen_00155.txt ts=2026-09-18T12:57:41.609417+00:00
 [00824/3000] modify simple     /srv/fim-watch/gen_00147.txt ts=2026-09-18T12:57:41.709525+00:00
 [00825/3000] modify revertido  /srv/fim-watch/gen_00120.txt ts=2026-09-18T12:57:41.809699+00:00
 [00826/3000] modify revertido  /srv/fim-watch/gen_00120.txt ts=2026-09-18T12:57:41.909775+00:00
 [00827/3000] create simple     /srv/fim-watch/critico/gen_00156.txt ts=2026-09-18T12:57:42.009455+00:00
 [00828/3000] modify simple     /srv/fim-watch/gen_00151.txt ts=2026-09-18T12:57:42.109491+00:00
 [00829/3000] modify simple     /srv/fim-watch/gen_00125.txt ts=2026-09-18T12:57:42.209567+00:00
 [00830/3000] delete simple     /srv/fim-watch/critico/gen_00144.txt ts=2026-09-18T12:57:42.309422+00:00
 [00831/3000] modify simple     /srv/fim-watch/gen_00155.txt ts=2026-09-18T12:57:42.409465+00:00
 [00832/3000] modify simple     /srv/fim-watch/gen_00078.txt ts=2026-09-18T12:57:42.509367+00:00
 [00833/3000] create simple     /srv/fim-watch/gen_00157.txt ts=2026-09-18T12:57:42.609481+00:00
 [00834/3000] modify simple     /srv/fim-watch/gen_00151.txt ts=2026-09-18T12:57:42.709579+00:00
 [00835/3000] create simple     /srv/fim-watch/gen_00158.txt ts=2026-09-18T12:57:42.809469+00:00
 [00836/3000] modify colapsado  /srv/fim-watch/gen_00142.txt ts=2026-09-18T12:57:42.909578+00:00
 [00837/3000] modify colapsado  /srv/fim-watch/gen_00142.txt ts=2026-09-18T12:57:43.009544+00:00
 [00838/3000] modify colapsado  /srv/fim-watch/gen_00142.txt ts=2026-09-18T12:57:43.109576+00:00
 [00839/3000] modify colapsado  /srv/fim-watch/gen_00142.txt ts=2026-09-18T12:57:43.209554+00:00
 [00840/3000] modify colapsado  /srv/fim-watch/gen_00142.txt ts=2026-09-18T12:57:43.309594+00:00
 [00841/3000] create simple     /srv/fim-watch/gen_00159.txt ts=2026-09-18T12:57:43.409471+00:00
 [00842/3000] create simple     /srv/fim-watch/gen_00160.txt ts=2026-09-18T12:57:43.509284+00:00
 [00843/3000] modify simple     /srv/fim-watch/gen_00050.txt ts=2026-09-18T12:57:43.609588+00:00
 [00844/3000] modify simple     /srv/fim-watch/gen_00078.txt ts=2026-09-18T12:57:43.709707+00:00
 [00845/3000] modify simple     /srv/fim-watch/gen_00151.txt ts=2026-09-18T12:57:43.809638+00:00
 [00846/3000] create simple     /srv/fim-watch/gen_00161.txt ts=2026-09-18T12:57:43.909490+00:00
 [00847/3000] modify revertido  /srv/fim-watch/gen_00062.txt ts=2026-09-18T12:57:44.009639+00:00
 [00848/3000] modify revertido  /srv/fim-watch/gen_00062.txt ts=2026-09-18T12:57:44.109556+00:00
 [00849/3000] delete simple     /srv/fim-watch/gen_00099.txt ts=2026-09-18T12:57:44.209244+00:00
 [00850/3000] modify revertido  /srv/fim-watch/gen_00054.txt ts=2026-09-18T12:57:44.309412+00:00
 [00851/3000] modify revertido  /srv/fim-watch/gen_00054.txt ts=2026-09-18T12:57:44.409282+00:00
 [00852/3000] modify revertido  /srv/fim-watch/critico/gen_00053.txt ts=2026-09-18T12:57:44.509557+00:00
 [00853/3000] modify revertido  /srv/fim-watch/critico/gen_00053.txt ts=2026-09-18T12:57:44.609659+00:00
 [00854/3000] modify simple     /srv/fim-watch/gen_00159.txt ts=2026-09-18T12:57:44.709521+00:00
 [00855/3000] modify revertido  /srv/fim-watch/gen_00151.txt ts=2026-09-18T12:57:44.809536+00:00
 [00856/3000] modify revertido  /srv/fim-watch/gen_00151.txt ts=2026-09-18T12:57:44.909521+00:00
 [00857/3000] modify simple     /srv/fim-watch/gen_00115.txt ts=2026-09-18T12:57:45.009535+00:00
 [00858/3000] create simple     /srv/fim-watch/gen_00162.txt ts=2026-09-18T12:57:45.109452+00:00
 [00859/3000] modify revertido  /srv/fim-watch/gen_00100.txt ts=2026-09-18T12:57:45.209523+00:00
 [00860/3000] modify revertido  /srv/fim-watch/gen_00100.txt ts=2026-09-18T12:57:45.309525+00:00
 [00861/3000] modify simple     /srv/fim-watch/gen_00006.txt ts=2026-09-18T12:57:45.409575+00:00
 [00862/3000] modify simple     /srv/fim-watch/gen_00049.txt ts=2026-09-18T12:57:45.509377+00:00
 [00863/3000] modify simple     /srv/fim-watch/gen_00161.txt ts=2026-09-18T12:57:45.609617+00:00
 [00864/3000] modify simple     /srv/fim-watch/gen_00160.txt ts=2026-09-18T12:57:45.709563+00:00
 [00865/3000] modify simple     /srv/fim-watch/gen_00122.txt ts=2026-09-18T12:57:45.809614+00:00
 [00866/3000] modify simple     /srv/fim-watch/gen_00155.txt ts=2026-09-18T12:57:45.909660+00:00
 [00867/3000] modify revertido  /srv/fim-watch/gen_00065.txt ts=2026-09-18T12:57:46.009690+00:00
 [00868/3000] modify revertido  /srv/fim-watch/gen_00065.txt ts=2026-09-18T12:57:46.109580+00:00
 [00869/3000] create simple     /srv/fim-watch/gen_00163.txt ts=2026-09-18T12:57:46.209474+00:00
 [00870/3000] modify simple     /srv/fim-watch/gen_00126.txt ts=2026-09-18T12:57:46.309572+00:00
 [00871/3000] create efimero    /srv/fim-watch/gen_00164.txt ts=2026-09-18T12:57:46.409459+00:00
 [00872/3000] delete efimero    /srv/fim-watch/gen_00164.txt ts=2026-09-18T12:57:46.509388+00:00
 [00873/3000] create simple     /srv/fim-watch/gen_00165.txt ts=2026-09-18T12:57:46.609434+00:00
 [00874/3000] modify simple     /srv/fim-watch/gen_00078.txt ts=2026-09-18T12:57:46.709534+00:00
 [00875/3000] modify simple     /srv/fim-watch/gen_00125.txt ts=2026-09-18T12:57:46.809415+00:00
 [00876/3000] modify simple     /srv/fim-watch/gen_00057.txt ts=2026-09-18T12:57:46.909601+00:00
 [00877/3000] modify simple     /srv/fim-watch/gen_00124.txt ts=2026-09-18T12:57:47.009495+00:00
 [00878/3000] create simple     /srv/fim-watch/gen_00166.txt ts=2026-09-18T12:57:47.109441+00:00
 [00879/3000] modify simple     /srv/fim-watch/gen_00158.txt ts=2026-09-18T12:57:47.209697+00:00
 [00880/3000] modify simple     /srv/fim-watch/gen_00088.txt ts=2026-09-18T12:57:47.309639+00:00
 [00881/3000] modify simple     /srv/fim-watch/gen_00048.txt ts=2026-09-18T12:57:47.409513+00:00
 [00882/3000] modify simple     /srv/fim-watch/critico/gen_00150.txt ts=2026-09-18T12:57:47.509520+00:00
 [00883/3000] modify simple     /srv/fim-watch/gen_00161.txt ts=2026-09-18T12:57:47.609653+00:00
 [00884/3000] modify revertido  /srv/fim-watch/gen_00049.txt ts=2026-09-18T12:57:47.709558+00:00
 [00885/3000] modify revertido  /srv/fim-watch/gen_00049.txt ts=2026-09-18T12:57:47.809516+00:00
 [00886/3000] modify simple     /srv/fim-watch/gen_00102.txt ts=2026-09-18T12:57:47.909580+00:00
 [00887/3000] create simple     /srv/fim-watch/gen_00167.txt ts=2026-09-18T12:57:48.009388+00:00
 [00888/3000] modify simple     /srv/fim-watch/gen_00040.txt ts=2026-09-18T12:57:48.109482+00:00
 [00889/3000] modify colapsado  /srv/fim-watch/gen_00151.txt ts=2026-09-18T12:57:48.209685+00:00
 [00890/3000] modify colapsado  /srv/fim-watch/gen_00151.txt ts=2026-09-18T12:57:48.309528+00:00
 [00891/3000] modify colapsado  /srv/fim-watch/gen_00151.txt ts=2026-09-18T12:57:48.409636+00:00
 [00892/3000] modify colapsado  /srv/fim-watch/gen_00151.txt ts=2026-09-18T12:57:48.509533+00:00
 [00893/3000] modify colapsado  /srv/fim-watch/gen_00151.txt ts=2026-09-18T12:57:48.609519+00:00
 [00894/3000] modify simple     /srv/fim-watch/gen_00033.txt ts=2026-09-18T12:57:48.709522+00:00
 [00895/3000] modify simple     /srv/fim-watch/gen_00166.txt ts=2026-09-18T12:57:48.809502+00:00
 [00896/3000] modify simple     /srv/fim-watch/critico/gen_00130.txt ts=2026-09-18T12:57:48.909479+00:00
 [00897/3000] modify simple     /srv/fim-watch/critico/gen_00025.txt ts=2026-09-18T12:57:49.009502+00:00
 [00898/3000] delete simple     /srv/fim-watch/gen_00054.txt ts=2026-09-18T12:57:49.109382+00:00
 [00899/3000] create simple     /srv/fim-watch/gen_00168.txt ts=2026-09-18T12:57:49.209273+00:00
 [00900/3000] create simple     /srv/fim-watch/critico/gen_00169.txt ts=2026-09-18T12:57:49.309395+00:00
 [00901/3000] create simple     /srv/fim-watch/gen_00170.txt ts=2026-09-18T12:57:49.409389+00:00
 [00902/3000] modify simple     /srv/fim-watch/gen_00033.txt ts=2026-09-18T12:57:49.509503+00:00
 [00903/3000] create simple     /srv/fim-watch/gen_00171.txt ts=2026-09-18T12:57:49.609468+00:00
 [00904/3000] create simple     /srv/fim-watch/gen_00172.txt ts=2026-09-18T12:57:49.709497+00:00
 [00905/3000] modify simple     /srv/fim-watch/gen_00093.txt ts=2026-09-18T12:57:49.809804+00:00
 [00906/3000] modify simple     /srv/fim-watch/gen_00065.txt ts=2026-09-18T12:57:49.909564+00:00
 [00907/3000] modify simple     /srv/fim-watch/critico/gen_00156.txt ts=2026-09-18T12:57:50.009616+00:00
 [00908/3000] modify simple     /srv/fim-watch/gen_00135.txt ts=2026-09-18T12:57:50.109559+00:00
 [00909/3000] modify simple     /srv/fim-watch/gen_00089.txt ts=2026-09-18T12:57:50.209556+00:00
 [00910/3000] modify simple     /srv/fim-watch/gen_00040.txt ts=2026-09-18T12:57:50.309304+00:00
 [00911/3000] modify simple     /srv/fim-watch/gen_00006.txt ts=2026-09-18T12:57:50.409556+00:00
 [00912/3000] modify simple     /srv/fim-watch/gen_00140.txt ts=2026-09-18T12:57:50.509515+00:00
 [00913/3000] modify revertido  /srv/fim-watch/gen_00071.txt ts=2026-09-18T12:57:50.609355+00:00
 [00914/3000] modify revertido  /srv/fim-watch/gen_00071.txt ts=2026-09-18T12:57:50.709203+00:00
 [00915/3000] modify simple     /srv/fim-watch/gen_00161.txt ts=2026-09-18T12:57:50.809395+00:00
 [00916/3000] delete simple     /srv/fim-watch/gen_00168.txt ts=2026-09-18T12:57:50.909354+00:00
 [00917/3000] modify revertido  /srv/fim-watch/gen_00105.txt ts=2026-09-18T12:57:51.009621+00:00
 [00918/3000] modify revertido  /srv/fim-watch/gen_00105.txt ts=2026-09-18T12:57:51.109525+00:00
 [00919/3000] modify colapsado  /srv/fim-watch/gen_00064.txt ts=2026-09-18T12:57:51.209588+00:00
 [00920/3000] modify colapsado  /srv/fim-watch/gen_00064.txt ts=2026-09-18T12:57:51.309537+00:00
 [00921/3000] modify colapsado  /srv/fim-watch/gen_00064.txt ts=2026-09-18T12:57:51.409509+00:00
 [00922/3000] modify colapsado  /srv/fim-watch/gen_00064.txt ts=2026-09-18T12:57:51.509629+00:00
 [00923/3000] modify colapsado  /srv/fim-watch/gen_00064.txt ts=2026-09-18T12:57:51.609529+00:00
 [00924/3000] modify simple     /srv/fim-watch/gen_00147.txt ts=2026-09-18T12:57:51.709546+00:00
 [00925/3000] modify simple     /srv/fim-watch/gen_00160.txt ts=2026-09-18T12:57:51.809582+00:00
 [00926/3000] modify simple     /srv/fim-watch/gen_00136.txt ts=2026-09-18T12:57:51.909582+00:00
 [00927/3000] delete simple     /srv/fim-watch/gen_00172.txt ts=2026-09-18T12:57:52.009340+00:00
 [00928/3000] modify simple     /srv/fim-watch/gen_00070.txt ts=2026-09-18T12:57:52.109600+00:00
 [00929/3000] modify simple     /srv/fim-watch/gen_00079.txt ts=2026-09-18T12:57:52.209494+00:00
 [00930/3000] create simple     /srv/fim-watch/critico/gen_00173.txt ts=2026-09-18T12:57:52.309428+00:00
 [00931/3000] modify simple     /srv/fim-watch/gen_00042.txt ts=2026-09-18T12:57:52.409584+00:00
 [00932/3000] modify simple     /srv/fim-watch/gen_00036.txt ts=2026-09-18T12:57:52.509569+00:00
 [00933/3000] modify simple     /srv/fim-watch/gen_00066.txt ts=2026-09-18T12:57:52.609684+00:00
 [00934/3000] modify simple     /srv/fim-watch/gen_00146.txt ts=2026-09-18T12:57:52.709573+00:00
 [00935/3000] create simple     /srv/fim-watch/gen_00174.txt ts=2026-09-18T12:57:52.809572+00:00
 [00936/3000] create simple     /srv/fim-watch/gen_00175.txt ts=2026-09-18T12:57:52.909469+00:00
 [00937/3000] modify simple     /srv/fim-watch/gen_00134.txt ts=2026-09-18T12:57:53.009598+00:00
 [00938/3000] modify simple     /srv/fim-watch/gen_00048.txt ts=2026-09-18T12:57:53.109619+00:00
 [00939/3000] delete simple     /srv/fim-watch/gen_00029.txt ts=2026-09-18T12:57:53.209446+00:00
 [00940/3000] modify simple     /srv/fim-watch/gen_00104.txt ts=2026-09-18T12:57:53.309588+00:00
 [00941/3000] delete simple     /srv/fim-watch/critico/gen_00141.txt ts=2026-09-18T12:57:53.409423+00:00
 [00942/3000] modify simple     /srv/fim-watch/gen_00084.txt ts=2026-09-18T12:57:53.509678+00:00
 [00943/3000] create simple     /srv/fim-watch/gen_00176.txt ts=2026-09-18T12:57:53.609612+00:00
 [00944/3000] modify colapsado  /srv/fim-watch/critico/gen_00053.txt ts=2026-09-18T12:57:53.709623+00:00
 [00945/3000] modify colapsado  /srv/fim-watch/critico/gen_00053.txt ts=2026-09-18T12:57:53.809519+00:00
 [00946/3000] modify colapsado  /srv/fim-watch/critico/gen_00053.txt ts=2026-09-18T12:57:53.909607+00:00
 [00947/3000] modify colapsado  /srv/fim-watch/critico/gen_00053.txt ts=2026-09-18T12:57:54.009494+00:00
 [00948/3000] modify colapsado  /srv/fim-watch/critico/gen_00053.txt ts=2026-09-18T12:57:54.109470+00:00
 [00949/3000] modify simple     /srv/fim-watch/gen_00146.txt ts=2026-09-18T12:57:54.209600+00:00
 [00950/3000] modify revertido  /srv/fim-watch/gen_00060.txt ts=2026-09-18T12:57:54.309613+00:00
 [00951/3000] modify revertido  /srv/fim-watch/gen_00060.txt ts=2026-09-18T12:57:54.409568+00:00
 [00952/3000] modify revertido  /srv/fim-watch/gen_00113.txt ts=2026-09-18T12:57:54.509631+00:00
 [00953/3000] modify revertido  /srv/fim-watch/gen_00113.txt ts=2026-09-18T12:57:54.609509+00:00
 [00954/3000] modify simple     /srv/fim-watch/critico/gen_00150.txt ts=2026-09-18T12:57:54.709582+00:00
 [00955/3000] modify simple     /srv/fim-watch/gen_00111.txt ts=2026-09-18T12:57:54.809587+00:00
 [00956/3000] modify colapsado  /srv/fim-watch/gen_00166.txt ts=2026-09-18T12:57:54.909628+00:00
 [00957/3000] modify colapsado  /srv/fim-watch/gen_00166.txt ts=2026-09-18T12:57:55.009647+00:00
 [00958/3000] modify colapsado  /srv/fim-watch/gen_00166.txt ts=2026-09-18T12:57:55.109310+00:00
 [00959/3000] modify colapsado  /srv/fim-watch/gen_00166.txt ts=2026-09-18T12:57:55.209614+00:00
 [00960/3000] modify colapsado  /srv/fim-watch/gen_00166.txt ts=2026-09-18T12:57:55.309438+00:00
 [00961/3000] modify simple     /srv/fim-watch/gen_00042.txt ts=2026-09-18T12:57:55.409559+00:00
 [00962/3000] modify simple     /srv/fim-watch/gen_00100.txt ts=2026-09-18T12:57:55.509566+00:00
 [00963/3000] modify revertido  /srv/fim-watch/gen_00176.txt ts=2026-09-18T12:57:55.609483+00:00
 [00964/3000] modify revertido  /srv/fim-watch/gen_00176.txt ts=2026-09-18T12:57:55.709579+00:00
 [00965/3000] create simple     /srv/fim-watch/gen_00177.txt ts=2026-09-18T12:57:55.809508+00:00
 [00966/3000] create simple     /srv/fim-watch/gen_00178.txt ts=2026-09-18T12:57:55.909413+00:00
 [00967/3000] modify simple     /srv/fim-watch/gen_00104.txt ts=2026-09-18T12:57:56.009392+00:00
 [00968/3000] modify simple     /srv/fim-watch/gen_00113.txt ts=2026-09-18T12:57:56.109610+00:00
 [00969/3000] create simple     /srv/fim-watch/gen_00179.txt ts=2026-09-18T12:57:56.209723+00:00
 [00970/3000] modify revertido  /srv/fim-watch/gen_00049.txt ts=2026-09-18T12:57:56.309507+00:00
 [00971/3000] modify revertido  /srv/fim-watch/gen_00049.txt ts=2026-09-18T12:57:56.409591+00:00
 [00972/3000] modify simple     /srv/fim-watch/gen_00117.txt ts=2026-09-18T12:57:56.509532+00:00
 [00973/3000] delete simple     /srv/fim-watch/gen_00158.txt ts=2026-09-18T12:57:56.609427+00:00
 [00974/3000] delete simple     /srv/fim-watch/gen_00048.txt ts=2026-09-18T12:57:56.709418+00:00
 [00975/3000] modify simple     /srv/fim-watch/gen_00124.txt ts=2026-09-18T12:57:56.809612+00:00
 [00976/3000] modify revertido  /srv/fim-watch/gen_00177.txt ts=2026-09-18T12:57:56.909523+00:00
 [00977/3000] modify revertido  /srv/fim-watch/gen_00177.txt ts=2026-09-18T12:57:57.009510+00:00
 [00978/3000] modify simple     /srv/fim-watch/gen_00060.txt ts=2026-09-18T12:57:57.109529+00:00
 [00979/3000] create simple     /srv/fim-watch/gen_00180.txt ts=2026-09-18T12:57:57.209571+00:00
 [00980/3000] modify simple     /srv/fim-watch/gen_00033.txt ts=2026-09-18T12:57:57.309672+00:00
 [00981/3000] modify simple     /srv/fim-watch/gen_00171.txt ts=2026-09-18T12:57:57.409562+00:00
 [00982/3000] create simple     /srv/fim-watch/gen_00181.txt ts=2026-09-18T12:57:57.509665+00:00
 [00983/3000] modify simple     /srv/fim-watch/gen_00180.txt ts=2026-09-18T12:57:57.609586+00:00
 [00984/3000] modify simple     /srv/fim-watch/gen_00078.txt ts=2026-09-18T12:57:57.709571+00:00
 [00985/3000] modify simple     /srv/fim-watch/gen_00073.txt ts=2026-09-18T12:57:57.809706+00:00
 [00986/3000] modify simple     /srv/fim-watch/gen_00155.txt ts=2026-09-18T12:57:57.909558+00:00
 [00987/3000] modify simple     /srv/fim-watch/gen_00161.txt ts=2026-09-18T12:57:58.009475+00:00
 [00988/3000] delete simple     /srv/fim-watch/gen_00111.txt ts=2026-09-18T12:57:58.109404+00:00
 [00989/3000] create simple     /srv/fim-watch/gen_00182.txt ts=2026-09-18T12:57:58.209509+00:00
 [00990/3000] modify simple     /srv/fim-watch/gen_00074.txt ts=2026-09-18T12:57:58.309487+00:00
 [00991/3000] modify simple     /srv/fim-watch/gen_00016.txt ts=2026-09-18T12:57:58.409601+00:00
 [00992/3000] modify simple     /srv/fim-watch/gen_00159.txt ts=2026-09-18T12:57:58.509634+00:00
 [00993/3000] modify simple     /srv/fim-watch/critico/gen_00123.txt ts=2026-09-18T12:57:58.609689+00:00
 [00994/3000] modify simple     /srv/fim-watch/gen_00170.txt ts=2026-09-18T12:57:58.709561+00:00
 [00995/3000] modify simple     /srv/fim-watch/gen_00178.txt ts=2026-09-18T12:57:58.809727+00:00
 [00996/3000] create simple     /srv/fim-watch/critico/gen_00183.txt ts=2026-09-18T12:57:58.909610+00:00
 [00997/3000] modify simple     /srv/fim-watch/gen_00170.txt ts=2026-09-18T12:57:59.009481+00:00
 [00998/3000] modify simple     /srv/fim-watch/gen_00174.txt ts=2026-09-18T12:57:59.109479+00:00
 [00999/3000] modify simple     /srv/fim-watch/gen_00036.txt ts=2026-09-18T12:57:59.209557+00:00
 [01000/3000] modify revertido  /srv/fim-watch/gen_00135.txt ts=2026-09-18T12:57:59.309572+00:00
 [01001/3000] modify revertido  /srv/fim-watch/gen_00135.txt ts=2026-09-18T12:57:59.409617+00:00
 [01002/3000] modify revertido  /srv/fim-watch/gen_00120.txt ts=2026-09-18T12:57:59.509541+00:00
 [01003/3000] modify revertido  /srv/fim-watch/gen_00120.txt ts=2026-09-18T12:57:59.609549+00:00
 [01004/3000] create simple     /srv/fim-watch/critico/gen_00184.txt ts=2026-09-18T12:57:59.709585+00:00
 [01005/3000] modify simple     /srv/fim-watch/gen_00049.txt ts=2026-09-18T12:57:59.809548+00:00
 [01006/3000] delete simple     /srv/fim-watch/gen_00182.txt ts=2026-09-18T12:57:59.909547+00:00
 [01007/3000] modify simple     /srv/fim-watch/gen_00171.txt ts=2026-09-18T12:58:00.009477+00:00
 [01008/3000] create simple     /srv/fim-watch/gen_00185.txt ts=2026-09-18T12:58:00.109359+00:00
 [01009/3000] modify simple     /srv/fim-watch/critico/gen_00156.txt ts=2026-09-18T12:58:00.209623+00:00
 [01010/3000] modify simple     /srv/fim-watch/gen_00093.txt ts=2026-09-18T12:58:00.309587+00:00
 [01011/3000] create simple     /srv/fim-watch/gen_00186.txt ts=2026-09-18T12:58:00.409365+00:00
 [01012/3000] modify simple     /srv/fim-watch/gen_00100.txt ts=2026-09-18T12:58:00.509402+00:00
 [01013/3000] modify simple     /srv/fim-watch/critico/gen_00061.txt ts=2026-09-18T12:58:00.609461+00:00
 [01014/3000] modify simple     /srv/fim-watch/gen_00129.txt ts=2026-09-18T12:58:00.709432+00:00
 [01015/3000] create simple     /srv/fim-watch/gen_00187.txt ts=2026-09-18T12:58:00.809587+00:00
 [01016/3000] modify revertido  /srv/fim-watch/gen_00163.txt ts=2026-09-18T12:58:00.909601+00:00
 [01017/3000] modify revertido  /srv/fim-watch/gen_00163.txt ts=2026-09-18T12:58:01.009473+00:00
 [01018/3000] modify simple     /srv/fim-watch/critico/gen_00123.txt ts=2026-09-18T12:58:01.109469+00:00
 [01019/3000] modify simple     /srv/fim-watch/gen_00181.txt ts=2026-09-18T12:58:01.209427+00:00
 [01020/3000] modify simple     /srv/fim-watch/gen_00108.txt ts=2026-09-18T12:58:01.309457+00:00
 [01021/3000] delete simple     /srv/fim-watch/gen_00186.txt ts=2026-09-18T12:58:01.409124+00:00
 [01022/3000] modify simple     /srv/fim-watch/gen_00114.txt ts=2026-09-18T12:58:01.509587+00:00
 [01023/3000] create simple     /srv/fim-watch/gen_00188.txt ts=2026-09-18T12:58:01.609323+00:00
 [01024/3000] create simple     /srv/fim-watch/critico/gen_00189.txt ts=2026-09-18T12:58:01.709775+00:00
 [01025/3000] delete simple     /srv/fim-watch/gen_00120.txt ts=2026-09-18T12:58:01.809491+00:00
 [01026/3000] create simple     /srv/fim-watch/gen_00190.txt ts=2026-09-18T12:58:01.909404+00:00
 [01027/3000] modify revertido  /srv/fim-watch/gen_00100.txt ts=2026-09-18T12:58:02.009413+00:00
 [01028/3000] modify revertido  /srv/fim-watch/gen_00100.txt ts=2026-09-18T12:58:02.109401+00:00
 [01029/3000] modify simple     /srv/fim-watch/gen_00161.txt ts=2026-09-18T12:58:02.209530+00:00
 [01030/3000] delete simple     /srv/fim-watch/gen_00073.txt ts=2026-09-18T12:58:02.309585+00:00
 [01031/3000] create simple     /srv/fim-watch/critico/gen_00191.txt ts=2026-09-18T12:58:02.409548+00:00
 [01032/3000] delete simple     /srv/fim-watch/gen_00190.txt ts=2026-09-18T12:58:02.509662+00:00
 [01033/3000] modify simple     /srv/fim-watch/gen_00033.txt ts=2026-09-18T12:58:02.609489+00:00
 [01034/3000] delete simple     /srv/fim-watch/gen_00113.txt ts=2026-09-18T12:58:02.709403+00:00
 [01035/3000] create simple     /srv/fim-watch/gen_00192.txt ts=2026-09-18T12:58:02.809431+00:00
 [01036/3000] create simple     /srv/fim-watch/gen_00193.txt ts=2026-09-18T12:58:02.909430+00:00
 [01037/3000] create simple     /srv/fim-watch/gen_00194.txt ts=2026-09-18T12:58:03.009312+00:00
 [01038/3000] modify revertido  /srv/fim-watch/gen_00071.txt ts=2026-09-18T12:58:03.109462+00:00
 [01039/3000] modify revertido  /srv/fim-watch/gen_00071.txt ts=2026-09-18T12:58:03.209500+00:00
 [01040/3000] delete simple     /srv/fim-watch/gen_00060.txt ts=2026-09-18T12:58:03.309451+00:00
 [01041/3000] delete simple     /srv/fim-watch/gen_00100.txt ts=2026-09-18T12:58:03.409409+00:00
 [01042/3000] modify simple     /srv/fim-watch/gen_00062.txt ts=2026-09-18T12:58:03.509678+00:00
 [01043/3000] modify simple     /srv/fim-watch/gen_00187.txt ts=2026-09-18T12:58:03.609582+00:00
 [01044/3000] modify simple     /srv/fim-watch/critico/gen_00025.txt ts=2026-09-18T12:58:03.709552+00:00
 [01045/3000] delete simple     /srv/fim-watch/gen_00066.txt ts=2026-09-18T12:58:03.809497+00:00
 [01046/3000] modify simple     /srv/fim-watch/gen_00103.txt ts=2026-09-18T12:58:03.909382+00:00
 [01047/3000] delete simple     /srv/fim-watch/gen_00124.txt ts=2026-09-18T12:58:04.009232+00:00
 [01048/3000] create simple     /srv/fim-watch/gen_00195.txt ts=2026-09-18T12:58:04.109440+00:00
 [01049/3000] modify colapsado  /srv/fim-watch/gen_00187.txt ts=2026-09-18T12:58:04.209605+00:00
 [01050/3000] modify colapsado  /srv/fim-watch/gen_00187.txt ts=2026-09-18T12:58:04.309667+00:00
 [01051/3000] modify colapsado  /srv/fim-watch/gen_00187.txt ts=2026-09-18T12:58:04.409584+00:00
 [01052/3000] modify colapsado  /srv/fim-watch/gen_00187.txt ts=2026-09-18T12:58:04.509601+00:00
 [01053/3000] modify colapsado  /srv/fim-watch/gen_00187.txt ts=2026-09-18T12:58:04.609386+00:00
 [01054/3000] modify simple     /srv/fim-watch/gen_00096.txt ts=2026-09-18T12:58:04.709569+00:00
 [01055/3000] modify simple     /srv/fim-watch/gen_00103.txt ts=2026-09-18T12:58:04.809586+00:00
 [01056/3000] modify simple     /srv/fim-watch/critico/gen_00183.txt ts=2026-09-18T12:58:04.909749+00:00
 [01057/3000] delete simple     /srv/fim-watch/gen_00154.txt ts=2026-09-18T12:58:05.009298+00:00
 [01058/3000] modify revertido  /srv/fim-watch/gen_00170.txt ts=2026-09-18T12:58:05.109505+00:00
 [01059/3000] modify revertido  /srv/fim-watch/gen_00170.txt ts=2026-09-18T12:58:05.209545+00:00
 [01060/3000] modify simple     /srv/fim-watch/critico/gen_00037.txt ts=2026-09-18T12:58:05.309547+00:00
 [01061/3000] create simple     /srv/fim-watch/gen_00196.txt ts=2026-09-18T12:58:05.409339+00:00
 [01062/3000] create efimero    /srv/fim-watch/gen_00197.txt ts=2026-09-18T12:58:05.509461+00:00
 [01063/3000] delete efimero    /srv/fim-watch/gen_00197.txt ts=2026-09-18T12:58:05.609272+00:00
 [01064/3000] modify simple     /srv/fim-watch/gen_00108.txt ts=2026-09-18T12:58:05.709967+00:00
 [01065/3000] modify simple     /srv/fim-watch/gen_00126.txt ts=2026-09-18T12:58:05.809550+00:00
 [01066/3000] modify simple     /srv/fim-watch/gen_00106.txt ts=2026-09-18T12:58:05.909540+00:00
 [01067/3000] modify revertido  /srv/fim-watch/gen_00049.txt ts=2026-09-18T12:58:06.009653+00:00
 [01068/3000] modify revertido  /srv/fim-watch/gen_00049.txt ts=2026-09-18T12:58:06.109526+00:00
 [01069/3000] delete simple     /srv/fim-watch/critico/gen_00150.txt ts=2026-09-18T12:58:06.209387+00:00
 [01070/3000] modify simple     /srv/fim-watch/gen_00064.txt ts=2026-09-18T12:58:06.309638+00:00
 [01071/3000] delete simple     /srv/fim-watch/gen_00086.txt ts=2026-09-18T12:58:06.409510+00:00
 [01072/3000] modify simple     /srv/fim-watch/critico/gen_00184.txt ts=2026-09-18T12:58:06.509426+00:00
 [01073/3000] modify simple     /srv/fim-watch/gen_00043.txt ts=2026-09-18T12:58:06.609199+00:00
 [01074/3000] create simple     /srv/fim-watch/gen_00198.txt ts=2026-09-18T12:58:06.709140+00:00
 [01075/3000] modify simple     /srv/fim-watch/gen_00108.txt ts=2026-09-18T12:58:06.809470+00:00
 [01076/3000] delete simple     /srv/fim-watch/gen_00043.txt ts=2026-09-18T12:58:06.909283+00:00
 [01077/3000] modify simple     /srv/fim-watch/gen_00165.txt ts=2026-09-18T12:58:07.009495+00:00
 [01078/3000] modify simple     /srv/fim-watch/gen_00185.txt ts=2026-09-18T12:58:07.109526+00:00
 [01079/3000] modify simple     /srv/fim-watch/gen_00020.txt ts=2026-09-18T12:58:07.209524+00:00
 [01080/3000] modify simple     /srv/fim-watch/gen_00125.txt ts=2026-09-18T12:58:07.309707+00:00
 [01081/3000] create simple     /srv/fim-watch/gen_00199.txt ts=2026-09-18T12:58:07.409556+00:00
 [01082/3000] modify simple     /srv/fim-watch/critico/gen_00123.txt ts=2026-09-18T12:58:07.509578+00:00
 [01083/3000] create simple     /srv/fim-watch/critico/gen_00200.txt ts=2026-09-18T12:58:07.609351+00:00
 [01084/3000] create simple     /srv/fim-watch/gen_00201.txt ts=2026-09-18T12:58:07.709412+00:00
 [01085/3000] modify revertido  /srv/fim-watch/critico/gen_00053.txt ts=2026-09-18T12:58:07.809809+00:00
 [01086/3000] modify revertido  /srv/fim-watch/critico/gen_00053.txt ts=2026-09-18T12:58:07.909587+00:00
 [01087/3000] create simple     /srv/fim-watch/critico/gen_00202.txt ts=2026-09-18T12:58:08.009514+00:00
 [01088/3000] create simple     /srv/fim-watch/gen_00203.txt ts=2026-09-18T12:58:08.109402+00:00
 [01089/3000] modify simple     /srv/fim-watch/gen_00126.txt ts=2026-09-18T12:58:08.209569+00:00
 [01090/3000] modify simple     /srv/fim-watch/gen_00115.txt ts=2026-09-18T12:58:08.309506+00:00
 [01091/3000] delete simple     /srv/fim-watch/gen_00140.txt ts=2026-09-18T12:58:08.409493+00:00
 [01092/3000] create simple     /srv/fim-watch/gen_00204.txt ts=2026-09-18T12:58:08.509373+00:00
 [01093/3000] modify simple     /srv/fim-watch/critico/gen_00156.txt ts=2026-09-18T12:58:08.609579+00:00
 [01094/3000] create efimero    /srv/fim-watch/gen_00205.txt ts=2026-09-18T12:58:08.709447+00:00
 [01095/3000] delete efimero    /srv/fim-watch/gen_00205.txt ts=2026-09-18T12:58:08.809436+00:00
 [01096/3000] modify revertido  /srv/fim-watch/gen_00170.txt ts=2026-09-18T12:58:08.909591+00:00
 [01097/3000] modify revertido  /srv/fim-watch/gen_00170.txt ts=2026-09-18T12:58:09.009496+00:00
 [01098/3000] modify simple     /srv/fim-watch/critico/gen_00061.txt ts=2026-09-18T12:58:09.109573+00:00
 [01099/3000] modify simple     /srv/fim-watch/gen_00188.txt ts=2026-09-18T12:58:09.209528+00:00
 [01100/3000] delete simple     /srv/fim-watch/gen_00145.txt ts=2026-09-18T12:58:09.309429+00:00
 [01101/3000] create simple     /srv/fim-watch/gen_00206.txt ts=2026-09-18T12:58:09.409452+00:00
 [01102/3000] delete simple     /srv/fim-watch/gen_00148.txt ts=2026-09-18T12:58:09.509451+00:00
 [01103/3000] modify revertido  /srv/fim-watch/gen_00198.txt ts=2026-09-18T12:58:09.609712+00:00
 [01104/3000] modify revertido  /srv/fim-watch/gen_00198.txt ts=2026-09-18T12:58:09.709306+00:00
 [01105/3000] modify revertido  /srv/fim-watch/gen_00036.txt ts=2026-09-18T12:58:09.809520+00:00
 [01106/3000] modify revertido  /srv/fim-watch/gen_00036.txt ts=2026-09-18T12:58:09.909618+00:00
 [01107/3000] modify simple     /srv/fim-watch/critico/gen_00053.txt ts=2026-09-18T12:58:10.009668+00:00
 [01108/3000] modify simple     /srv/fim-watch/gen_00142.txt ts=2026-09-18T12:58:10.109558+00:00
 [01109/3000] modify simple     /srv/fim-watch/gen_00163.txt ts=2026-09-18T12:58:10.209595+00:00
 [01110/3000] modify simple     /srv/fim-watch/gen_00204.txt ts=2026-09-18T12:58:10.309479+00:00
 [01111/3000] modify simple     /srv/fim-watch/gen_00049.txt ts=2026-09-18T12:58:10.409544+00:00
 [01112/3000] modify simple     /srv/fim-watch/gen_00170.txt ts=2026-09-18T12:58:10.509562+00:00
 [01113/3000] modify simple     /srv/fim-watch/gen_00020.txt ts=2026-09-18T12:58:10.609680+00:00
 [01114/3000] create simple     /srv/fim-watch/gen_00207.txt ts=2026-09-18T12:58:10.709475+00:00
 [01115/3000] modify simple     /srv/fim-watch/gen_00057.txt ts=2026-09-18T12:58:10.809517+00:00
 [01116/3000] modify simple     /srv/fim-watch/gen_00064.txt ts=2026-09-18T12:58:10.909524+00:00
 [01117/3000] modify simple     /srv/fim-watch/gen_00016.txt ts=2026-09-18T12:58:11.009579+00:00
 [01118/3000] create efimero    /srv/fim-watch/gen_00208.txt ts=2026-09-18T12:58:11.109313+00:00
 [01119/3000] delete efimero    /srv/fim-watch/gen_00208.txt ts=2026-09-18T12:58:11.209326+00:00
 [01120/3000] modify simple     /srv/fim-watch/critico/gen_00156.txt ts=2026-09-18T12:58:11.309507+00:00
 [01121/3000] modify colapsado  /srv/fim-watch/gen_00125.txt ts=2026-09-18T12:58:11.409657+00:00
 [01122/3000] modify colapsado  /srv/fim-watch/gen_00125.txt ts=2026-09-18T12:58:11.509437+00:00
 [01123/3000] modify colapsado  /srv/fim-watch/gen_00125.txt ts=2026-09-18T12:58:11.609561+00:00
 [01124/3000] modify colapsado  /srv/fim-watch/gen_00125.txt ts=2026-09-18T12:58:11.709457+00:00
 [01125/3000] modify colapsado  /srv/fim-watch/gen_00125.txt ts=2026-09-18T12:58:11.809473+00:00
 [01126/3000] modify simple     /srv/fim-watch/gen_00088.txt ts=2026-09-18T12:58:11.909479+00:00
 [01127/3000] modify simple     /srv/fim-watch/gen_00136.txt ts=2026-09-18T12:58:12.009774+00:00
 [01128/3000] modify simple     /srv/fim-watch/gen_00170.txt ts=2026-09-18T12:58:12.109306+00:00
 [01129/3000] modify simple     /srv/fim-watch/gen_00036.txt ts=2026-09-18T12:58:12.209717+00:00
 [01130/3000] modify simple     /srv/fim-watch/gen_00201.txt ts=2026-09-18T12:58:12.309506+00:00
 [01131/3000] create simple     /srv/fim-watch/critico/gen_00209.txt ts=2026-09-18T12:58:12.409328+00:00
 [01132/3000] modify simple     /srv/fim-watch/critico/gen_00130.txt ts=2026-09-18T12:58:12.509467+00:00
 [01133/3000] modify simple     /srv/fim-watch/gen_00096.txt ts=2026-09-18T12:58:12.609417+00:00
 [01134/3000] create simple     /srv/fim-watch/critico/gen_00210.txt ts=2026-09-18T12:58:12.709330+00:00
 [01135/3000] delete simple     /srv/fim-watch/gen_00201.txt ts=2026-09-18T12:58:12.809350+00:00
 [01136/3000] create efimero    /srv/fim-watch/gen_00211.txt ts=2026-09-18T12:58:12.909266+00:00
 [01137/3000] delete efimero    /srv/fim-watch/gen_00211.txt ts=2026-09-18T12:58:13.009196+00:00
 [01138/3000] modify simple     /srv/fim-watch/gen_00058.txt ts=2026-09-18T12:58:13.109286+00:00
 [01139/3000] modify simple     /srv/fim-watch/gen_00160.txt ts=2026-09-18T12:58:13.209323+00:00
 [01140/3000] modify revertido  /srv/fim-watch/gen_00096.txt ts=2026-09-18T12:58:13.309457+00:00
 [01141/3000] modify revertido  /srv/fim-watch/gen_00096.txt ts=2026-09-18T12:58:13.409288+00:00
 [01142/3000] modify simple     /srv/fim-watch/gen_00178.txt ts=2026-09-18T12:58:13.509305+00:00
 [01143/3000] modify simple     /srv/fim-watch/critico/gen_00025.txt ts=2026-09-18T12:58:13.609356+00:00
 [01144/3000] modify simple     /srv/fim-watch/critico/gen_00169.txt ts=2026-09-18T12:58:13.709545+00:00
 [01145/3000] modify revertido  /srv/fim-watch/gen_00161.txt ts=2026-09-18T12:58:13.809696+00:00
 [01146/3000] modify revertido  /srv/fim-watch/gen_00161.txt ts=2026-09-18T12:58:13.909639+00:00
 [01147/3000] modify simple     /srv/fim-watch/gen_00162.txt ts=2026-09-18T12:58:14.009515+00:00
 [01148/3000] create simple     /srv/fim-watch/gen_00212.txt ts=2026-09-18T12:58:14.109398+00:00
 [01149/3000] create simple     /srv/fim-watch/gen_00213.txt ts=2026-09-18T12:58:14.209424+00:00
 [01150/3000] modify simple     /srv/fim-watch/gen_00103.txt ts=2026-09-18T12:58:14.309476+00:00
 [01151/3000] modify simple     /srv/fim-watch/gen_00071.txt ts=2026-09-18T12:58:14.409453+00:00
 [01152/3000] modify simple     /srv/fim-watch/gen_00050.txt ts=2026-09-18T12:58:14.509583+00:00
 [01153/3000] create simple     /srv/fim-watch/gen_00214.txt ts=2026-09-18T12:58:14.609503+00:00
 [01154/3000] modify colapsado  /srv/fim-watch/critico/gen_00200.txt ts=2026-09-18T12:58:14.709529+00:00
 [01155/3000] modify colapsado  /srv/fim-watch/critico/gen_00200.txt ts=2026-09-18T12:58:14.809566+00:00
 [01156/3000] modify colapsado  /srv/fim-watch/critico/gen_00200.txt ts=2026-09-18T12:58:14.909474+00:00
 [01157/3000] modify colapsado  /srv/fim-watch/critico/gen_00200.txt ts=2026-09-18T12:58:15.009512+00:00
 [01158/3000] modify colapsado  /srv/fim-watch/critico/gen_00200.txt ts=2026-09-18T12:58:15.109533+00:00
 [01159/3000] modify simple     /srv/fim-watch/gen_00057.txt ts=2026-09-18T12:58:15.209558+00:00
 [01160/3000] create simple     /srv/fim-watch/gen_00215.txt ts=2026-09-18T12:58:15.309456+00:00
 [01161/3000] modify simple     /srv/fim-watch/gen_00074.txt ts=2026-09-18T12:58:15.409539+00:00
 [01162/3000] modify simple     /srv/fim-watch/critico/gen_00123.txt ts=2026-09-18T12:58:15.509456+00:00
 [01163/3000] modify simple     /srv/fim-watch/gen_00102.txt ts=2026-09-18T12:58:15.609440+00:00
 [01164/3000] modify simple     /srv/fim-watch/gen_00170.txt ts=2026-09-18T12:58:15.709553+00:00
 [01165/3000] create efimero    /srv/fim-watch/gen_00216.txt ts=2026-09-18T12:58:15.809532+00:00
 [01166/3000] delete efimero    /srv/fim-watch/gen_00216.txt ts=2026-09-18T12:58:15.909290+00:00
 [01167/3000] modify simple     /srv/fim-watch/critico/gen_00153.txt ts=2026-09-18T12:58:16.009574+00:00
 [01168/3000] create simple     /srv/fim-watch/gen_00217.txt ts=2026-09-18T12:58:16.109326+00:00
 [01169/3000] modify simple     /srv/fim-watch/gen_00134.txt ts=2026-09-18T12:58:16.209595+00:00
 [01170/3000] create simple     /srv/fim-watch/gen_00218.txt ts=2026-09-18T12:58:16.309371+00:00
 [01171/3000] modify simple     /srv/fim-watch/gen_00215.txt ts=2026-09-18T12:58:16.409415+00:00
 [01172/3000] modify revertido  /srv/fim-watch/gen_00070.txt ts=2026-09-18T12:58:16.509404+00:00
 [01173/3000] modify revertido  /srv/fim-watch/gen_00070.txt ts=2026-09-18T12:58:16.609458+00:00
 [01174/3000] modify simple     /srv/fim-watch/gen_00067.txt ts=2026-09-18T12:58:16.709746+00:00
 [01175/3000] modify simple     /srv/fim-watch/gen_00135.txt ts=2026-09-18T12:58:16.809581+00:00
 [01176/3000] modify simple     /srv/fim-watch/gen_00174.txt ts=2026-09-18T12:58:16.909742+00:00
 [01177/3000] create simple     /srv/fim-watch/gen_00219.txt ts=2026-09-18T12:58:17.009482+00:00
 [01178/3000] create efimero    /srv/fim-watch/gen_00220.txt ts=2026-09-18T12:58:17.109629+00:00
 [01179/3000] delete efimero    /srv/fim-watch/gen_00220.txt ts=2026-09-18T12:58:17.209415+00:00
 [01180/3000] modify simple     /srv/fim-watch/gen_00128.txt ts=2026-09-18T12:58:17.309457+00:00
 [01181/3000] modify simple     /srv/fim-watch/gen_00020.txt ts=2026-09-18T12:58:17.409354+00:00
 [01182/3000] modify simple     /srv/fim-watch/gen_00175.txt ts=2026-09-18T12:58:17.509283+00:00
 [01183/3000] modify simple     /srv/fim-watch/gen_00193.txt ts=2026-09-18T12:58:17.609404+00:00
 [01184/3000] modify revertido  /srv/fim-watch/gen_00151.txt ts=2026-09-18T12:58:17.709588+00:00
 [01185/3000] modify revertido  /srv/fim-watch/gen_00151.txt ts=2026-09-18T12:58:17.809641+00:00
 [01186/3000] modify simple     /srv/fim-watch/gen_00106.txt ts=2026-09-18T12:58:17.909699+00:00
 [01187/3000] delete simple     /srv/fim-watch/gen_00170.txt ts=2026-09-18T12:58:18.009712+00:00
 [01188/3000] modify simple     /srv/fim-watch/gen_00149.txt ts=2026-09-18T12:58:18.109588+00:00
 [01189/3000] delete simple     /srv/fim-watch/gen_00103.txt ts=2026-09-18T12:58:18.209453+00:00
 [01190/3000] delete simple     /srv/fim-watch/gen_00147.txt ts=2026-09-18T12:58:18.309427+00:00
 [01191/3000] modify revertido  /srv/fim-watch/gen_00181.txt ts=2026-09-18T12:58:18.409561+00:00
 [01192/3000] modify revertido  /srv/fim-watch/gen_00181.txt ts=2026-09-18T12:58:18.509995+00:00
 [01193/3000] modify simple     /srv/fim-watch/gen_00093.txt ts=2026-09-18T12:58:18.609523+00:00
 [01194/3000] modify colapsado  /srv/fim-watch/gen_00175.txt ts=2026-09-18T12:58:18.709612+00:00
 [01195/3000] modify colapsado  /srv/fim-watch/gen_00175.txt ts=2026-09-18T12:58:18.809575+00:00
 [01196/3000] modify colapsado  /srv/fim-watch/gen_00175.txt ts=2026-09-18T12:58:18.909644+00:00
 [01197/3000] modify colapsado  /srv/fim-watch/gen_00175.txt ts=2026-09-18T12:58:19.009846+00:00
 [01198/3000] modify colapsado  /srv/fim-watch/gen_00175.txt ts=2026-09-18T12:58:19.109593+00:00
 [01199/3000] modify simple     /srv/fim-watch/gen_00125.txt ts=2026-09-18T12:58:19.209769+00:00
 [01200/3000] modify simple     /srv/fim-watch/gen_00062.txt ts=2026-09-18T12:58:19.309520+00:00
 [01201/3000] modify simple     /srv/fim-watch/critico/gen_00184.txt ts=2026-09-18T12:58:19.409605+00:00
 [01202/3000] modify simple     /srv/fim-watch/gen_00167.txt ts=2026-09-18T12:58:19.509643+00:00
 [01203/3000] create simple     /srv/fim-watch/gen_00221.txt ts=2026-09-18T12:58:19.609509+00:00
 [01204/3000] create simple     /srv/fim-watch/critico/gen_00222.txt ts=2026-09-18T12:58:19.709309+00:00
 [01205/3000] modify simple     /srv/fim-watch/gen_00108.txt ts=2026-09-18T12:58:19.809571+00:00
 [01206/3000] modify simple     /srv/fim-watch/gen_00139.txt ts=2026-09-18T12:58:19.909595+00:00
 [01207/3000] modify simple     /srv/fim-watch/gen_00213.txt ts=2026-09-18T12:58:20.009606+00:00
 [01208/3000] modify simple     /srv/fim-watch/gen_00106.txt ts=2026-09-18T12:58:20.109594+00:00
 [01209/3000] create simple     /srv/fim-watch/gen_00223.txt ts=2026-09-18T12:58:20.209445+00:00
 [01210/3000] create efimero    /srv/fim-watch/gen_00224.txt ts=2026-09-18T12:58:20.309421+00:00
 [01211/3000] delete efimero    /srv/fim-watch/gen_00224.txt ts=2026-09-18T12:58:20.409463+00:00
 [01212/3000] modify revertido  /srv/fim-watch/critico/gen_00025.txt ts=2026-09-18T12:58:20.509365+00:00
 [01213/3000] modify revertido  /srv/fim-watch/critico/gen_00025.txt ts=2026-09-18T12:58:20.609545+00:00
 [01214/3000] create simple     /srv/fim-watch/gen_00225.txt ts=2026-09-18T12:58:20.709456+00:00
 [01215/3000] modify simple     /srv/fim-watch/critico/gen_00025.txt ts=2026-09-18T12:58:20.809543+00:00
 [01216/3000] create simple     /srv/fim-watch/gen_00226.txt ts=2026-09-18T12:58:20.909540+00:00
 [01217/3000] modify simple     /srv/fim-watch/gen_00049.txt ts=2026-09-18T12:58:21.009646+00:00
 [01218/3000] modify simple     /srv/fim-watch/gen_00203.txt ts=2026-09-18T12:58:21.109562+00:00
 [01219/3000] modify colapsado  /srv/fim-watch/gen_00114.txt ts=2026-09-18T12:58:21.209568+00:00
 [01220/3000] modify colapsado  /srv/fim-watch/gen_00114.txt ts=2026-09-18T12:58:21.309543+00:00
 [01221/3000] modify colapsado  /srv/fim-watch/gen_00114.txt ts=2026-09-18T12:58:21.409559+00:00
 [01222/3000] modify colapsado  /srv/fim-watch/gen_00114.txt ts=2026-09-18T12:58:21.509291+00:00
 [01223/3000] modify colapsado  /srv/fim-watch/gen_00114.txt ts=2026-09-18T12:58:21.609570+00:00
 [01224/3000] create efimero    /srv/fim-watch/critico/gen_00227.txt ts=2026-09-18T12:58:21.709481+00:00
 [01225/3000] delete efimero    /srv/fim-watch/critico/gen_00227.txt ts=2026-09-18T12:58:21.809360+00:00
 [01226/3000] modify simple     /srv/fim-watch/gen_00016.txt ts=2026-09-18T12:58:21.909682+00:00
 [01227/3000] modify simple     /srv/fim-watch/gen_00192.txt ts=2026-09-18T12:58:22.009601+00:00
 [01228/3000] create simple     /srv/fim-watch/gen_00228.txt ts=2026-09-18T12:58:22.109476+00:00
 [01229/3000] modify simple     /srv/fim-watch/critico/gen_00123.txt ts=2026-09-18T12:58:22.209599+00:00
 [01230/3000] modify revertido  /srv/fim-watch/gen_00159.txt ts=2026-09-18T12:58:22.309569+00:00
 [01231/3000] modify revertido  /srv/fim-watch/gen_00159.txt ts=2026-09-18T12:58:22.409597+00:00
 [01232/3000] modify simple     /srv/fim-watch/gen_00135.txt ts=2026-09-18T12:58:22.509658+00:00
 [01233/3000] create simple     /srv/fim-watch/gen_00229.txt ts=2026-09-18T12:58:22.609435+00:00
 [01234/3000] modify revertido  /srv/fim-watch/critico/gen_00200.txt ts=2026-09-18T12:58:22.709227+00:00
 [01235/3000] modify revertido  /srv/fim-watch/critico/gen_00200.txt ts=2026-09-18T12:58:22.809351+00:00
 [01236/3000] delete simple     /srv/fim-watch/gen_00181.txt ts=2026-09-18T12:58:22.909156+00:00
 [01237/3000] delete simple     /srv/fim-watch/gen_00167.txt ts=2026-09-18T12:58:23.009133+00:00
 [01238/3000] modify simple     /srv/fim-watch/gen_00062.txt ts=2026-09-18T12:58:23.109524+00:00
 [01239/3000] create simple     /srv/fim-watch/gen_00230.txt ts=2026-09-18T12:58:23.209432+00:00
 [01240/3000] modify simple     /srv/fim-watch/gen_00062.txt ts=2026-09-18T12:58:23.309546+00:00
 [01241/3000] modify simple     /srv/fim-watch/gen_00042.txt ts=2026-09-18T12:58:23.409579+00:00
 [01242/3000] modify revertido  /srv/fim-watch/gen_00212.txt ts=2026-09-18T12:58:23.509534+00:00
 [01243/3000] modify revertido  /srv/fim-watch/gen_00212.txt ts=2026-09-18T12:58:23.609577+00:00
 [01244/3000] create simple     /srv/fim-watch/gen_00231.txt ts=2026-09-18T12:58:23.709472+00:00
 [01245/3000] delete simple     /srv/fim-watch/gen_00218.txt ts=2026-09-18T12:58:23.809359+00:00
 [01246/3000] modify revertido  /srv/fim-watch/gen_00122.txt ts=2026-09-18T12:58:23.909580+00:00
 [01247/3000] modify revertido  /srv/fim-watch/gen_00122.txt ts=2026-09-18T12:58:24.009544+00:00
 [01248/3000] create simple     /srv/fim-watch/gen_00232.txt ts=2026-09-18T12:58:24.109542+00:00
 [01249/3000] create simple     /srv/fim-watch/critico/gen_00233.txt ts=2026-09-18T12:58:24.209521+00:00
 [01250/3000] modify simple     /srv/fim-watch/critico/gen_00233.txt ts=2026-09-18T12:58:24.309632+00:00
 [01251/3000] modify simple     /srv/fim-watch/gen_00068.txt ts=2026-09-18T12:58:24.409564+00:00
 [01252/3000] create simple     /srv/fim-watch/gen_00234.txt ts=2026-09-18T12:58:24.509486+00:00
 [01253/3000] modify simple     /srv/fim-watch/gen_00117.txt ts=2026-09-18T12:58:24.609627+00:00
 [01254/3000] modify simple     /srv/fim-watch/gen_00102.txt ts=2026-09-18T12:58:24.709521+00:00
 [01255/3000] modify simple     /srv/fim-watch/gen_00108.txt ts=2026-09-18T12:58:24.809568+00:00
 [01256/3000] create simple     /srv/fim-watch/gen_00235.txt ts=2026-09-18T12:58:24.909470+00:00
 [01257/3000] create simple     /srv/fim-watch/critico/gen_00236.txt ts=2026-09-18T12:58:25.009485+00:00
 [01258/3000] modify simple     /srv/fim-watch/critico/gen_00222.txt ts=2026-09-18T12:58:25.109552+00:00
 [01259/3000] create simple     /srv/fim-watch/gen_00237.txt ts=2026-09-18T12:58:25.209477+00:00
 [01260/3000] create simple     /srv/fim-watch/gen_00238.txt ts=2026-09-18T12:58:25.309710+00:00
 [01261/3000] modify simple     /srv/fim-watch/gen_00195.txt ts=2026-09-18T12:58:25.409532+00:00
 [01262/3000] modify colapsado  /srv/fim-watch/gen_00115.txt ts=2026-09-18T12:58:25.509608+00:00
 [01263/3000] modify colapsado  /srv/fim-watch/gen_00115.txt ts=2026-09-18T12:58:25.609586+00:00
 [01264/3000] modify colapsado  /srv/fim-watch/gen_00115.txt ts=2026-09-18T12:58:25.709794+00:00
 [01265/3000] modify colapsado  /srv/fim-watch/gen_00115.txt ts=2026-09-18T12:58:25.809652+00:00
 [01266/3000] modify colapsado  /srv/fim-watch/gen_00115.txt ts=2026-09-18T12:58:25.909589+00:00
 [01267/3000] modify simple     /srv/fim-watch/gen_00079.txt ts=2026-09-18T12:58:26.009550+00:00
 [01268/3000] modify simple     /srv/fim-watch/gen_00057.txt ts=2026-09-18T12:58:26.109552+00:00
 [01269/3000] modify simple     /srv/fim-watch/gen_00194.txt ts=2026-09-18T12:58:26.209486+00:00
 [01270/3000] create simple     /srv/fim-watch/gen_00239.txt ts=2026-09-18T12:58:26.309333+00:00
 [01271/3000] create simple     /srv/fim-watch/gen_00240.txt ts=2026-09-18T12:58:26.409448+00:00
 [01272/3000] delete simple     /srv/fim-watch/gen_00185.txt ts=2026-09-18T12:58:26.509463+00:00
 [01273/3000] modify simple     /srv/fim-watch/gen_00203.txt ts=2026-09-18T12:58:26.609540+00:00
 [01274/3000] modify simple     /srv/fim-watch/gen_00231.txt ts=2026-09-18T12:58:26.709657+00:00
 [01275/3000] modify simple     /srv/fim-watch/gen_00217.txt ts=2026-09-18T12:58:26.809588+00:00
 [01276/3000] modify simple     /srv/fim-watch/gen_00049.txt ts=2026-09-18T12:58:26.909683+00:00
 [01277/3000] modify simple     /srv/fim-watch/gen_00240.txt ts=2026-09-18T12:58:27.009565+00:00
 [01278/3000] modify simple     /srv/fim-watch/gen_00078.txt ts=2026-09-18T12:58:27.109593+00:00
 [01279/3000] delete simple     /srv/fim-watch/gen_00146.txt ts=2026-09-18T12:58:27.209409+00:00
 [01280/3000] modify simple     /srv/fim-watch/gen_00104.txt ts=2026-09-18T12:58:27.309596+00:00
 [01281/3000] delete simple     /srv/fim-watch/critico/gen_00037.txt ts=2026-09-18T12:58:27.409573+00:00
 [01282/3000] delete simple     /srv/fim-watch/gen_00155.txt ts=2026-09-18T12:58:27.509448+00:00
 [01283/3000] create simple     /srv/fim-watch/gen_00241.txt ts=2026-09-18T12:58:27.609460+00:00
 [01284/3000] modify simple     /srv/fim-watch/gen_00219.txt ts=2026-09-18T12:58:27.709593+00:00
 [01285/3000] modify simple     /srv/fim-watch/critico/gen_00222.txt ts=2026-09-18T12:58:27.809611+00:00
 [01286/3000] modify simple     /srv/fim-watch/gen_00088.txt ts=2026-09-18T12:58:27.909714+00:00
 [01287/3000] delete simple     /srv/fim-watch/critico/gen_00025.txt ts=2026-09-18T12:58:28.009458+00:00
 [01288/3000] delete simple     /srv/fim-watch/gen_00229.txt ts=2026-09-18T12:58:28.109473+00:00
 [01289/3000] delete simple     /srv/fim-watch/gen_00217.txt ts=2026-09-18T12:58:28.209203+00:00
 [01290/3000] create simple     /srv/fim-watch/critico/gen_00242.txt ts=2026-09-18T12:58:28.309243+00:00
 [01291/3000] create simple     /srv/fim-watch/gen_00243.txt ts=2026-09-18T12:58:28.409251+00:00
 [01292/3000] modify simple     /srv/fim-watch/gen_00089.txt ts=2026-09-18T12:58:28.509325+00:00
 [01293/3000] create efimero    /srv/fim-watch/gen_00244.txt ts=2026-09-18T12:58:28.609435+00:00
 [01294/3000] delete efimero    /srv/fim-watch/gen_00244.txt ts=2026-09-18T12:58:28.709485+00:00
 [01295/3000] modify simple     /srv/fim-watch/critico/gen_00191.txt ts=2026-09-18T12:58:28.809727+00:00
 [01296/3000] modify revertido  /srv/fim-watch/gen_00203.txt ts=2026-09-18T12:58:28.909765+00:00
 [01297/3000] modify revertido  /srv/fim-watch/gen_00203.txt ts=2026-09-18T12:58:29.009614+00:00
 [01298/3000] modify simple     /srv/fim-watch/gen_00088.txt ts=2026-09-18T12:58:29.109577+00:00
 [01299/3000] create simple     /srv/fim-watch/gen_00245.txt ts=2026-09-18T12:58:29.209450+00:00
 [01300/3000] modify simple     /srv/fim-watch/critico/gen_00156.txt ts=2026-09-18T12:58:29.309585+00:00
 [01301/3000] modify simple     /srv/fim-watch/gen_00198.txt ts=2026-09-18T12:58:29.409688+00:00
 [01302/3000] create simple     /srv/fim-watch/gen_00246.txt ts=2026-09-18T12:58:29.509415+00:00
 [01303/3000] modify simple     /srv/fim-watch/critico/gen_00200.txt ts=2026-09-18T12:58:29.609691+00:00
 [01304/3000] modify simple     /srv/fim-watch/gen_00219.txt ts=2026-09-18T12:58:29.709580+00:00
 [01305/3000] modify simple     /srv/fim-watch/gen_00174.txt ts=2026-09-18T12:58:29.809589+00:00
 [01306/3000] modify simple     /srv/fim-watch/critico/gen_00209.txt ts=2026-09-18T12:58:29.909488+00:00
 [01307/3000] modify simple     /srv/fim-watch/gen_00057.txt ts=2026-09-18T12:58:30.009352+00:00
 [01308/3000] modify simple     /srv/fim-watch/gen_00161.txt ts=2026-09-18T12:58:30.109582+00:00
 [01309/3000] delete simple     /srv/fim-watch/gen_00237.txt ts=2026-09-18T12:58:30.209488+00:00
 [01310/3000] modify simple     /srv/fim-watch/critico/gen_00242.txt ts=2026-09-18T12:58:30.309542+00:00
 [01311/3000] create simple     /srv/fim-watch/gen_00247.txt ts=2026-09-18T12:58:30.409494+00:00
 [01312/3000] modify simple     /srv/fim-watch/gen_00006.txt ts=2026-09-18T12:58:30.509613+00:00
 [01313/3000] modify simple     /srv/fim-watch/gen_00114.txt ts=2026-09-18T12:58:30.609461+00:00
 [01314/3000] modify colapsado  /srv/fim-watch/gen_00128.txt ts=2026-09-18T12:58:30.709445+00:00
 [01315/3000] modify colapsado  /srv/fim-watch/gen_00128.txt ts=2026-09-18T12:58:30.809385+00:00
 [01316/3000] modify colapsado  /srv/fim-watch/gen_00128.txt ts=2026-09-18T12:58:30.909389+00:00
 [01317/3000] modify colapsado  /srv/fim-watch/gen_00128.txt ts=2026-09-18T12:58:31.009549+00:00
 [01318/3000] modify colapsado  /srv/fim-watch/gen_00128.txt ts=2026-09-18T12:58:31.109378+00:00
 [01319/3000] modify simple     /srv/fim-watch/gen_00162.txt ts=2026-09-18T12:58:31.209402+00:00
 [01320/3000] create simple     /srv/fim-watch/critico/gen_00248.txt ts=2026-09-18T12:58:31.309408+00:00
 [01321/3000] create simple     /srv/fim-watch/gen_00249.txt ts=2026-09-18T12:58:31.409342+00:00
 [01322/3000] modify simple     /srv/fim-watch/critico/gen_00236.txt ts=2026-09-18T12:58:31.509412+00:00
 [01323/3000] modify simple     /srv/fim-watch/gen_00093.txt ts=2026-09-18T12:58:31.609483+00:00
 [01324/3000] modify simple     /srv/fim-watch/critico/gen_00222.txt ts=2026-09-18T12:58:31.709423+00:00
 [01325/3000] delete simple     /srv/fim-watch/gen_00239.txt ts=2026-09-18T12:58:31.809323+00:00
 [01326/3000] modify simple     /srv/fim-watch/gen_00128.txt ts=2026-09-18T12:58:31.909417+00:00
 [01327/3000] modify simple     /srv/fim-watch/gen_00235.txt ts=2026-09-18T12:58:32.009481+00:00
 [01328/3000] delete simple     /srv/fim-watch/gen_00074.txt ts=2026-09-18T12:58:32.109274+00:00
 [01329/3000] delete simple     /srv/fim-watch/gen_00159.txt ts=2026-09-18T12:58:32.209516+00:00
 [01330/3000] create simple     /srv/fim-watch/gen_00250.txt ts=2026-09-18T12:58:32.309281+00:00
 [01331/3000] delete simple     /srv/fim-watch/gen_00068.txt ts=2026-09-18T12:58:32.409339+00:00
 [01332/3000] modify revertido  /srv/fim-watch/critico/gen_00189.txt ts=2026-09-18T12:58:32.509479+00:00
 [01333/3000] modify revertido  /srv/fim-watch/critico/gen_00189.txt ts=2026-09-18T12:58:32.609483+00:00
 [01334/3000] modify simple     /srv/fim-watch/gen_00234.txt ts=2026-09-18T12:58:32.709578+00:00
 [01335/3000] modify simple     /srv/fim-watch/gen_00214.txt ts=2026-09-18T12:58:32.809421+00:00
 [01336/3000] modify simple     /srv/fim-watch/gen_00163.txt ts=2026-09-18T12:58:32.909488+00:00
 [01337/3000] create simple     /srv/fim-watch/critico/gen_00251.txt ts=2026-09-18T12:58:33.009396+00:00
 [01338/3000] modify simple     /srv/fim-watch/gen_00231.txt ts=2026-09-18T12:58:33.109392+00:00
 [01339/3000] create simple     /srv/fim-watch/gen_00252.txt ts=2026-09-18T12:58:33.209410+00:00
 [01340/3000] modify simple     /srv/fim-watch/critico/gen_00233.txt ts=2026-09-18T12:58:33.309418+00:00
 [01341/3000] create simple     /srv/fim-watch/critico/gen_00253.txt ts=2026-09-18T12:58:33.409328+00:00
 [01342/3000] modify simple     /srv/fim-watch/gen_00221.txt ts=2026-09-18T12:58:33.509429+00:00
 [01343/3000] create simple     /srv/fim-watch/gen_00254.txt ts=2026-09-18T12:58:33.609412+00:00
 [01344/3000] create simple     /srv/fim-watch/gen_00255.txt ts=2026-09-18T12:58:33.709146+00:00
 [01345/3000] create simple     /srv/fim-watch/gen_00256.txt ts=2026-09-18T12:58:33.809353+00:00
 [01346/3000] modify revertido  /srv/fim-watch/gen_00187.txt ts=2026-09-18T12:58:33.909514+00:00
 [01347/3000] modify revertido  /srv/fim-watch/gen_00187.txt ts=2026-09-18T12:58:34.009324+00:00
 [01348/3000] modify simple     /srv/fim-watch/gen_00064.txt ts=2026-09-18T12:58:34.109508+00:00
 [01349/3000] create simple     /srv/fim-watch/gen_00257.txt ts=2026-09-18T12:58:34.209476+00:00
 [01350/3000] create efimero    /srv/fim-watch/gen_00258.txt ts=2026-09-18T12:58:34.309455+00:00
 [01351/3000] delete efimero    /srv/fim-watch/gen_00258.txt ts=2026-09-18T12:58:34.409389+00:00
 [01352/3000] create simple     /srv/fim-watch/gen_00259.txt ts=2026-09-18T12:58:34.509505+00:00
 [01353/3000] modify simple     /srv/fim-watch/gen_00006.txt ts=2026-09-18T12:58:34.609542+00:00
 [01354/3000] modify simple     /srv/fim-watch/gen_00108.txt ts=2026-09-18T12:58:34.709668+00:00
 [01355/3000] modify simple     /srv/fim-watch/gen_00256.txt ts=2026-09-18T12:58:34.809522+00:00
 [01356/3000] create simple     /srv/fim-watch/gen_00260.txt ts=2026-09-18T12:58:34.909471+00:00
 [01357/3000] modify simple     /srv/fim-watch/gen_00175.txt ts=2026-09-18T12:58:35.009415+00:00
 [01358/3000] create simple     /srv/fim-watch/gen_00261.txt ts=2026-09-18T12:58:35.109417+00:00
 [01359/3000] create simple     /srv/fim-watch/critico/gen_00262.txt ts=2026-09-18T12:58:35.209618+00:00
 [01360/3000] create simple     /srv/fim-watch/gen_00263.txt ts=2026-09-18T12:58:35.309487+00:00
 [01361/3000] create simple     /srv/fim-watch/gen_00264.txt ts=2026-09-18T12:58:35.409540+00:00
 [01362/3000] modify simple     /srv/fim-watch/gen_00050.txt ts=2026-09-18T12:58:35.509601+00:00
 [01363/3000] modify simple     /srv/fim-watch/gen_00084.txt ts=2026-09-18T12:58:35.609576+00:00
 [01364/3000] create simple     /srv/fim-watch/gen_00265.txt ts=2026-09-18T12:58:35.709486+00:00
 [01365/3000] create simple     /srv/fim-watch/gen_00266.txt ts=2026-09-18T12:58:35.809531+00:00
 [01366/3000] modify simple     /srv/fim-watch/critico/gen_00053.txt ts=2026-09-18T12:58:35.909557+00:00
 [01367/3000] modify simple     /srv/fim-watch/gen_00006.txt ts=2026-09-18T12:58:36.009417+00:00
 [01368/3000] modify simple     /srv/fim-watch/critico/gen_00209.txt ts=2026-09-18T12:58:36.109556+00:00
 [01369/3000] modify simple     /srv/fim-watch/critico/gen_00156.txt ts=2026-09-18T12:58:36.209584+00:00
 [01370/3000] create simple     /srv/fim-watch/gen_00267.txt ts=2026-09-18T12:58:36.309460+00:00
 [01371/3000] modify simple     /srv/fim-watch/gen_00195.txt ts=2026-09-18T12:58:36.409611+00:00
 [01372/3000] modify simple     /srv/fim-watch/gen_00254.txt ts=2026-09-18T12:58:36.509559+00:00
 [01373/3000] create simple     /srv/fim-watch/gen_00268.txt ts=2026-09-18T12:58:36.609670+00:00
 [01374/3000] create simple     /srv/fim-watch/gen_00269.txt ts=2026-09-18T12:58:36.709583+00:00
 [01375/3000] create efimero    /srv/fim-watch/gen_00270.txt ts=2026-09-18T12:58:36.809550+00:00
 [01376/3000] delete efimero    /srv/fim-watch/gen_00270.txt ts=2026-09-18T12:58:36.909422+00:00
 [01377/3000] modify revertido  /srv/fim-watch/gen_00175.txt ts=2026-09-18T12:58:37.009561+00:00
 [01378/3000] modify revertido  /srv/fim-watch/gen_00175.txt ts=2026-09-18T12:58:37.109481+00:00
 [01379/3000] create simple     /srv/fim-watch/gen_00271.txt ts=2026-09-18T12:58:37.209434+00:00
 [01380/3000] modify simple     /srv/fim-watch/gen_00033.txt ts=2026-09-18T12:58:37.309596+00:00
 [01381/3000] create simple     /srv/fim-watch/critico/gen_00272.txt ts=2026-09-18T12:58:37.409390+00:00
 [01382/3000] delete simple     /srv/fim-watch/gen_00058.txt ts=2026-09-18T12:58:37.509464+00:00
 [01383/3000] modify simple     /srv/fim-watch/critico/gen_00169.txt ts=2026-09-18T12:58:37.609604+00:00
 [01384/3000] modify colapsado  /srv/fim-watch/gen_00267.txt ts=2026-09-18T12:58:37.710166+00:00
 [01385/3000] modify colapsado  /srv/fim-watch/gen_00267.txt ts=2026-09-18T12:58:37.809597+00:00
 [01386/3000] modify colapsado  /srv/fim-watch/gen_00267.txt ts=2026-09-18T12:58:37.909721+00:00
 [01387/3000] modify colapsado  /srv/fim-watch/gen_00267.txt ts=2026-09-18T12:58:38.009466+00:00
 [01388/3000] modify colapsado  /srv/fim-watch/gen_00267.txt ts=2026-09-18T12:58:38.109507+00:00
 [01389/3000] modify simple     /srv/fim-watch/gen_00036.txt ts=2026-09-18T12:58:38.209683+00:00
 [01390/3000] delete simple     /srv/fim-watch/gen_00065.txt ts=2026-09-18T12:58:38.309393+00:00
 [01391/3000] create simple     /srv/fim-watch/gen_00273.txt ts=2026-09-18T12:58:38.409470+00:00
 [01392/3000] modify revertido  /srv/fim-watch/critico/gen_00236.txt ts=2026-09-18T12:58:38.509605+00:00
 [01393/3000] modify revertido  /srv/fim-watch/critico/gen_00236.txt ts=2026-09-18T12:58:38.609827+00:00
 [01394/3000] delete simple     /srv/fim-watch/gen_00245.txt ts=2026-09-18T12:58:38.709473+00:00
 [01395/3000] modify revertido  /srv/fim-watch/gen_00268.txt ts=2026-09-18T12:58:38.809469+00:00
 [01396/3000] modify revertido  /srv/fim-watch/gen_00268.txt ts=2026-09-18T12:58:38.909670+00:00
 [01397/3000] create simple     /srv/fim-watch/gen_00274.txt ts=2026-09-18T12:58:39.009468+00:00
 [01398/3000] modify simple     /srv/fim-watch/gen_00134.txt ts=2026-09-18T12:58:39.109292+00:00
 [01399/3000] modify simple     /srv/fim-watch/gen_00266.txt ts=2026-09-18T12:58:39.209560+00:00
 [01400/3000] modify revertido  /srv/fim-watch/gen_00088.txt ts=2026-09-18T12:58:39.309411+00:00
 [01401/3000] modify revertido  /srv/fim-watch/gen_00088.txt ts=2026-09-18T12:58:39.409418+00:00
 [01402/3000] modify simple     /srv/fim-watch/gen_00129.txt ts=2026-09-18T12:58:39.509245+00:00
 [01403/3000] modify simple     /srv/fim-watch/gen_00084.txt ts=2026-09-18T12:58:39.609375+00:00
 [01404/3000] modify simple     /srv/fim-watch/gen_00256.txt ts=2026-09-18T12:58:39.709321+00:00
 [01405/3000] delete simple     /srv/fim-watch/gen_00093.txt ts=2026-09-18T12:58:39.809234+00:00
 [01406/3000] delete simple     /srv/fim-watch/gen_00067.txt ts=2026-09-18T12:58:39.909299+00:00
 [01407/3000] create simple     /srv/fim-watch/gen_00275.txt ts=2026-09-18T12:58:40.009480+00:00
 [01408/3000] delete simple     /srv/fim-watch/critico/gen_00202.txt ts=2026-09-18T12:58:40.109369+00:00
 [01409/3000] modify colapsado  /srv/fim-watch/gen_00267.txt ts=2026-09-18T12:58:40.209559+00:00
 [01410/3000] modify colapsado  /srv/fim-watch/gen_00267.txt ts=2026-09-18T12:58:40.309595+00:00
 [01411/3000] modify colapsado  /srv/fim-watch/gen_00267.txt ts=2026-09-18T12:58:40.409578+00:00
 [01412/3000] modify colapsado  /srv/fim-watch/gen_00267.txt ts=2026-09-18T12:58:40.509623+00:00
 [01413/3000] modify colapsado  /srv/fim-watch/gen_00267.txt ts=2026-09-18T12:58:40.609449+00:00
 [01414/3000] modify simple     /srv/fim-watch/gen_00160.txt ts=2026-09-18T12:58:40.709310+00:00
 [01415/3000] modify simple     /srv/fim-watch/gen_00098.txt ts=2026-09-18T12:58:40.809562+00:00
 [01416/3000] modify simple     /srv/fim-watch/critico/gen_00153.txt ts=2026-09-18T12:58:40.909647+00:00
 [01417/3000] modify simple     /srv/fim-watch/gen_00177.txt ts=2026-09-18T12:58:41.009539+00:00
 [01418/3000] create simple     /srv/fim-watch/critico/gen_00276.txt ts=2026-09-18T12:58:41.109354+00:00
 [01419/3000] modify simple     /srv/fim-watch/critico/gen_00173.txt ts=2026-09-18T12:58:41.209548+00:00
 [01420/3000] delete simple     /srv/fim-watch/critico/gen_00233.txt ts=2026-09-18T12:58:41.309428+00:00
 [01421/3000] modify simple     /srv/fim-watch/gen_00105.txt ts=2026-09-18T12:58:41.409558+00:00
 [01422/3000] modify simple     /srv/fim-watch/gen_00230.txt ts=2026-09-18T12:58:41.509893+00:00
 [01423/3000] modify simple     /srv/fim-watch/gen_00117.txt ts=2026-09-18T12:58:41.609508+00:00
 [01424/3000] create simple     /srv/fim-watch/gen_00277.txt ts=2026-09-18T12:58:41.709816+00:00
 [01425/3000] modify simple     /srv/fim-watch/gen_00136.txt ts=2026-09-18T12:58:41.809763+00:00
 [01426/3000] modify revertido  /srv/fim-watch/gen_00079.txt ts=2026-09-18T12:58:41.909696+00:00
 [01427/3000] modify revertido  /srv/fim-watch/gen_00079.txt ts=2026-09-18T12:58:42.009555+00:00
 [01428/3000] delete simple     /srv/fim-watch/gen_00006.txt ts=2026-09-18T12:58:42.109307+00:00
 [01429/3000] modify simple     /srv/fim-watch/critico/gen_00184.txt ts=2026-09-18T12:58:42.209708+00:00
 [01430/3000] modify simple     /srv/fim-watch/gen_00070.txt ts=2026-09-18T12:58:42.309630+00:00
 [01431/3000] create simple     /srv/fim-watch/gen_00278.txt ts=2026-09-18T12:58:42.409433+00:00
 [01432/3000] modify simple     /srv/fim-watch/gen_00176.txt ts=2026-09-18T12:58:42.509593+00:00
 [01433/3000] modify revertido  /srv/fim-watch/gen_00213.txt ts=2026-09-18T12:58:42.609456+00:00
 [01434/3000] modify revertido  /srv/fim-watch/gen_00213.txt ts=2026-09-18T12:58:42.709430+00:00
 [01435/3000] modify revertido  /srv/fim-watch/gen_00259.txt ts=2026-09-18T12:58:42.809457+00:00
 [01436/3000] modify revertido  /srv/fim-watch/gen_00259.txt ts=2026-09-18T12:58:42.909473+00:00
 [01437/3000] modify revertido  /srv/fim-watch/critico/gen_00242.txt ts=2026-09-18T12:58:43.009548+00:00
 [01438/3000] modify revertido  /srv/fim-watch/critico/gen_00242.txt ts=2026-09-18T12:58:43.109319+00:00
 [01439/3000] delete simple     /srv/fim-watch/gen_00267.txt ts=2026-09-18T12:58:43.209484+00:00
 [01440/3000] create simple     /srv/fim-watch/gen_00279.txt ts=2026-09-18T12:58:43.309356+00:00
 [01441/3000] create simple     /srv/fim-watch/critico/gen_00280.txt ts=2026-09-18T12:58:43.409339+00:00
 [01442/3000] modify simple     /srv/fim-watch/gen_00204.txt ts=2026-09-18T12:58:43.509438+00:00
 [01443/3000] modify simple     /srv/fim-watch/gen_00274.txt ts=2026-09-18T12:58:43.609424+00:00
 [01444/3000] modify colapsado  /srv/fim-watch/gen_00260.txt ts=2026-09-18T12:58:43.709442+00:00
 [01445/3000] modify colapsado  /srv/fim-watch/gen_00260.txt ts=2026-09-18T12:58:43.809413+00:00
 [01446/3000] modify colapsado  /srv/fim-watch/gen_00260.txt ts=2026-09-18T12:58:43.909423+00:00
 [01447/3000] modify colapsado  /srv/fim-watch/gen_00260.txt ts=2026-09-18T12:58:44.009414+00:00
 [01448/3000] modify colapsado  /srv/fim-watch/gen_00260.txt ts=2026-09-18T12:58:44.109342+00:00
 [01449/3000] create simple     /srv/fim-watch/gen_00281.txt ts=2026-09-18T12:58:44.209367+00:00
 [01450/3000] delete simple     /srv/fim-watch/gen_00261.txt ts=2026-09-18T12:58:44.309383+00:00
 [01451/3000] create simple     /srv/fim-watch/gen_00282.txt ts=2026-09-18T12:58:44.409320+00:00
 [01452/3000] create efimero    /srv/fim-watch/gen_00283.txt ts=2026-09-18T12:58:44.509303+00:00
 [01453/3000] delete efimero    /srv/fim-watch/gen_00283.txt ts=2026-09-18T12:58:44.609271+00:00
 [01454/3000] modify revertido  /srv/fim-watch/gen_00275.txt ts=2026-09-18T12:58:44.709454+00:00
 [01455/3000] modify revertido  /srv/fim-watch/gen_00275.txt ts=2026-09-18T12:58:44.809446+00:00
 [01456/3000] modify simple     /srv/fim-watch/critico/gen_00183.txt ts=2026-09-18T12:58:44.909367+00:00
 [01457/3000] delete simple     /srv/fim-watch/gen_00278.txt ts=2026-09-18T12:58:45.009153+00:00
 [01458/3000] modify simple     /srv/fim-watch/gen_00122.txt ts=2026-09-18T12:58:45.109735+00:00
 [01459/3000] create simple     /srv/fim-watch/gen_00284.txt ts=2026-09-18T12:58:45.209336+00:00
 [01460/3000] modify simple     /srv/fim-watch/gen_00275.txt ts=2026-09-18T12:58:45.309329+00:00
 [01461/3000] modify simple     /srv/fim-watch/gen_00040.txt ts=2026-09-18T12:58:45.409215+00:00
 [01462/3000] modify simple     /srv/fim-watch/critico/gen_00156.txt ts=2026-09-18T12:58:45.509203+00:00
 [01463/3000] modify revertido  /srv/fim-watch/gen_00215.txt ts=2026-09-18T12:58:45.609457+00:00
 [01464/3000] modify revertido  /srv/fim-watch/gen_00215.txt ts=2026-09-18T12:58:45.709642+00:00
 [01465/3000] create simple     /srv/fim-watch/gen_00285.txt ts=2026-09-18T12:58:45.809885+00:00
 [01466/3000] modify simple     /srv/fim-watch/gen_00203.txt ts=2026-09-18T12:58:45.909584+00:00
 [01467/3000] modify simple     /srv/fim-watch/gen_00231.txt ts=2026-09-18T12:58:46.009570+00:00
 [01468/3000] modify revertido  /srv/fim-watch/gen_00106.txt ts=2026-09-18T12:58:46.109597+00:00
 [01469/3000] modify revertido  /srv/fim-watch/gen_00106.txt ts=2026-09-18T12:58:46.209576+00:00
 [01470/3000] modify simple     /srv/fim-watch/gen_00166.txt ts=2026-09-18T12:58:46.309530+00:00
 [01471/3000] create simple     /srv/fim-watch/gen_00286.txt ts=2026-09-18T12:58:46.409486+00:00
 [01472/3000] modify simple     /srv/fim-watch/critico/gen_00280.txt ts=2026-09-18T12:58:46.509546+00:00
 [01473/3000] modify simple     /srv/fim-watch/critico/gen_00053.txt ts=2026-09-18T12:58:46.609678+00:00
 [01474/3000] modify revertido  /srv/fim-watch/gen_00135.txt ts=2026-09-18T12:58:46.709604+00:00
 [01475/3000] modify revertido  /srv/fim-watch/gen_00135.txt ts=2026-09-18T12:58:46.809568+00:00
 [01476/3000] create simple     /srv/fim-watch/critico/gen_00287.txt ts=2026-09-18T12:58:46.909238+00:00
 [01477/3000] delete simple     /srv/fim-watch/critico/gen_00200.txt ts=2026-09-18T12:58:47.009557+00:00
 [01478/3000] modify simple     /srv/fim-watch/gen_00193.txt ts=2026-09-18T12:58:47.109572+00:00
 [01479/3000] modify colapsado  /srv/fim-watch/gen_00265.txt ts=2026-09-18T12:58:47.209508+00:00
 [01480/3000] modify colapsado  /srv/fim-watch/gen_00265.txt ts=2026-09-18T12:58:47.309565+00:00
 [01481/3000] modify colapsado  /srv/fim-watch/gen_00265.txt ts=2026-09-18T12:58:47.409555+00:00
 [01482/3000] modify colapsado  /srv/fim-watch/gen_00265.txt ts=2026-09-18T12:58:47.509561+00:00
 [01483/3000] modify colapsado  /srv/fim-watch/gen_00265.txt ts=2026-09-18T12:58:47.609520+00:00
 [01484/3000] modify simple     /srv/fim-watch/critico/gen_00210.txt ts=2026-09-18T12:58:47.709657+00:00
 [01485/3000] modify simple     /srv/fim-watch/gen_00275.txt ts=2026-09-18T12:58:47.809587+00:00
 [01486/3000] modify simple     /srv/fim-watch/critico/gen_00287.txt ts=2026-09-18T12:58:47.909749+00:00
 [01487/3000] modify simple     /srv/fim-watch/gen_00117.txt ts=2026-09-18T12:58:48.009555+00:00
 [01488/3000] modify simple     /srv/fim-watch/gen_00281.txt ts=2026-09-18T12:58:48.109526+00:00
 [01489/3000] create simple     /srv/fim-watch/critico/gen_00288.txt ts=2026-09-18T12:58:48.209527+00:00
 [01490/3000] modify simple     /srv/fim-watch/gen_00161.txt ts=2026-09-18T12:58:48.309561+00:00
 [01491/3000] modify simple     /srv/fim-watch/gen_00282.txt ts=2026-09-18T12:58:48.409580+00:00
 [01492/3000] delete simple     /srv/fim-watch/critico/gen_00169.txt ts=2026-09-18T12:58:48.509658+00:00
 [01493/3000] modify simple     /srv/fim-watch/gen_00161.txt ts=2026-09-18T12:58:48.609638+00:00
 [01494/3000] modify simple     /srv/fim-watch/gen_00177.txt ts=2026-09-18T12:58:48.709594+00:00
 [01495/3000] modify simple     /srv/fim-watch/gen_00049.txt ts=2026-09-18T12:58:48.809553+00:00
 [01496/3000] modify revertido  /srv/fim-watch/gen_00247.txt ts=2026-09-18T12:58:48.909603+00:00
 [01497/3000] modify revertido  /srv/fim-watch/gen_00247.txt ts=2026-09-18T12:58:49.009787+00:00
 [01498/3000] create simple     /srv/fim-watch/gen_00289.txt ts=2026-09-18T12:58:49.109505+00:00
 [01499/3000] modify simple     /srv/fim-watch/critico/gen_00173.txt ts=2026-09-18T12:58:49.209637+00:00
 [01500/3000] modify simple     /srv/fim-watch/gen_00177.txt ts=2026-09-18T12:58:49.309669+00:00
 [01501/3000] create simple     /srv/fim-watch/gen_00290.txt ts=2026-09-18T12:58:49.409487+00:00
 [01502/3000] modify simple     /srv/fim-watch/gen_00206.txt ts=2026-09-18T12:58:49.509546+00:00
 [01503/3000] create simple     /srv/fim-watch/gen_00291.txt ts=2026-09-18T12:58:49.609414+00:00
 [01504/3000] modify simple     /srv/fim-watch/gen_00259.txt ts=2026-09-18T12:58:49.709457+00:00
 [01505/3000] modify simple     /srv/fim-watch/gen_00231.txt ts=2026-09-18T12:58:49.809567+00:00
 [01506/3000] modify simple     /srv/fim-watch/gen_00250.txt ts=2026-09-18T12:58:49.909774+00:00
 [01507/3000] delete simple     /srv/fim-watch/gen_00180.txt ts=2026-09-18T12:58:50.009291+00:00
 [01508/3000] modify simple     /srv/fim-watch/gen_00108.txt ts=2026-09-18T12:58:50.109553+00:00
 [01509/3000] modify simple     /srv/fim-watch/gen_00269.txt ts=2026-09-18T12:58:50.209363+00:00
 [01510/3000] modify simple     /srv/fim-watch/gen_00279.txt ts=2026-09-18T12:58:50.309290+00:00
 [01511/3000] create simple     /srv/fim-watch/gen_00292.txt ts=2026-09-18T12:58:50.409232+00:00
 [01512/3000] modify revertido  /srv/fim-watch/gen_00256.txt ts=2026-09-18T12:58:50.509295+00:00
 [01513/3000] modify revertido  /srv/fim-watch/gen_00256.txt ts=2026-09-18T12:58:50.609253+00:00
 [01514/3000] modify simple     /srv/fim-watch/gen_00252.txt ts=2026-09-18T12:58:50.709394+00:00
 [01515/3000] modify simple     /srv/fim-watch/gen_00157.txt ts=2026-09-18T12:58:50.809426+00:00
 [01516/3000] modify simple     /srv/fim-watch/gen_00223.txt ts=2026-09-18T12:58:50.909412+00:00
 [01517/3000] delete simple     /srv/fim-watch/gen_00033.txt ts=2026-09-18T12:58:51.009156+00:00
 [01518/3000] modify revertido  /srv/fim-watch/gen_00249.txt ts=2026-09-18T12:58:51.109213+00:00
 [01519/3000] modify revertido  /srv/fim-watch/gen_00249.txt ts=2026-09-18T12:58:51.209391+00:00
 [01520/3000] delete simple     /srv/fim-watch/critico/gen_00210.txt ts=2026-09-18T12:58:51.309453+00:00
 [01521/3000] modify revertido  /srv/fim-watch/gen_00225.txt ts=2026-09-18T12:58:51.409509+00:00
 [01522/3000] modify revertido  /srv/fim-watch/gen_00225.txt ts=2026-09-18T12:58:51.509569+00:00
 [01523/3000] modify simple     /srv/fim-watch/gen_00250.txt ts=2026-09-18T12:58:51.609716+00:00
 [01524/3000] create simple     /srv/fim-watch/gen_00293.txt ts=2026-09-18T12:58:51.709371+00:00
 [01525/3000] create simple     /srv/fim-watch/gen_00294.txt ts=2026-09-18T12:58:51.809446+00:00
 [01526/3000] modify simple     /srv/fim-watch/gen_00230.txt ts=2026-09-18T12:58:51.909686+00:00
 [01527/3000] modify simple     /srv/fim-watch/critico/gen_00222.txt ts=2026-09-18T12:58:52.009541+00:00
 [01528/3000] create simple     /srv/fim-watch/gen_00295.txt ts=2026-09-18T12:58:52.109417+00:00
 [01529/3000] modify simple     /srv/fim-watch/gen_00142.txt ts=2026-09-18T12:58:52.209655+00:00
 [01530/3000] modify simple     /srv/fim-watch/gen_00249.txt ts=2026-09-18T12:58:52.309575+00:00
 [01531/3000] create simple     /srv/fim-watch/gen_00296.txt ts=2026-09-18T12:58:52.409543+00:00
 [01532/3000] delete simple     /srv/fim-watch/gen_00194.txt ts=2026-09-18T12:58:52.509442+00:00
 [01533/3000] create simple     /srv/fim-watch/gen_00297.txt ts=2026-09-18T12:58:52.609430+00:00
 [01534/3000] create simple     /srv/fim-watch/gen_00298.txt ts=2026-09-18T12:58:52.709576+00:00
 [01535/3000] modify simple     /srv/fim-watch/gen_00193.txt ts=2026-09-18T12:58:52.809596+00:00
 [01536/3000] create simple     /srv/fim-watch/gen_00299.txt ts=2026-09-18T12:58:52.909541+00:00
 [01537/3000] modify simple     /srv/fim-watch/gen_00266.txt ts=2026-09-18T12:58:53.009636+00:00
 [01538/3000] modify colapsado  /srv/fim-watch/gen_00219.txt ts=2026-09-18T12:58:53.109544+00:00
 [01539/3000] modify colapsado  /srv/fim-watch/gen_00219.txt ts=2026-09-18T12:58:53.209578+00:00
 [01540/3000] modify colapsado  /srv/fim-watch/gen_00219.txt ts=2026-09-18T12:58:53.309623+00:00
 [01541/3000] modify colapsado  /srv/fim-watch/gen_00219.txt ts=2026-09-18T12:58:53.409598+00:00
 [01542/3000] modify colapsado  /srv/fim-watch/gen_00219.txt ts=2026-09-18T12:58:53.509588+00:00
 [01543/3000] modify simple     /srv/fim-watch/critico/gen_00276.txt ts=2026-09-18T12:58:53.609579+00:00
 [01544/3000] modify revertido  /srv/fim-watch/gen_00259.txt ts=2026-09-18T12:58:53.709784+00:00
 [01545/3000] modify revertido  /srv/fim-watch/gen_00259.txt ts=2026-09-18T12:58:53.809512+00:00
 [01546/3000] create efimero    /srv/fim-watch/gen_00300.txt ts=2026-09-18T12:58:53.909544+00:00
 [01547/3000] delete efimero    /srv/fim-watch/gen_00300.txt ts=2026-09-18T12:58:54.009535+00:00
 [01548/3000] modify simple     /srv/fim-watch/gen_00231.txt ts=2026-09-18T12:58:54.109283+00:00
 [01549/3000] delete simple     /srv/fim-watch/gen_00247.txt ts=2026-09-18T12:58:54.209571+00:00
 [01550/3000] delete simple     /srv/fim-watch/gen_00243.txt ts=2026-09-18T12:58:54.309377+00:00
 [01551/3000] delete simple     /srv/fim-watch/gen_00016.txt ts=2026-09-18T12:58:54.409646+00:00
 [01552/3000] modify simple     /srv/fim-watch/gen_00062.txt ts=2026-09-18T12:58:54.509577+00:00
 [01553/3000] modify simple     /srv/fim-watch/gen_00271.txt ts=2026-09-18T12:58:54.609703+00:00
 [01554/3000] modify simple     /srv/fim-watch/critico/gen_00053.txt ts=2026-09-18T12:58:54.709341+00:00
 [01555/3000] modify simple     /srv/fim-watch/gen_00062.txt ts=2026-09-18T12:58:54.809577+00:00
 [01556/3000] modify simple     /srv/fim-watch/gen_00238.txt ts=2026-09-18T12:58:54.909680+00:00
 [01557/3000] create simple     /srv/fim-watch/gen_00301.txt ts=2026-09-18T12:58:55.009665+00:00
 [01558/3000] modify simple     /srv/fim-watch/gen_00134.txt ts=2026-09-18T12:58:55.109568+00:00
 [01559/3000] create simple     /srv/fim-watch/gen_00302.txt ts=2026-09-18T12:58:55.209425+00:00
 [01560/3000] modify colapsado  /srv/fim-watch/gen_00171.txt ts=2026-09-18T12:58:55.309573+00:00
 [01561/3000] modify colapsado  /srv/fim-watch/gen_00171.txt ts=2026-09-18T12:58:55.409713+00:00
 [01562/3000] modify colapsado  /srv/fim-watch/gen_00171.txt ts=2026-09-18T12:58:55.509605+00:00
 [01563/3000] modify colapsado  /srv/fim-watch/gen_00171.txt ts=2026-09-18T12:58:55.609684+00:00
 [01564/3000] modify colapsado  /srv/fim-watch/gen_00171.txt ts=2026-09-18T12:58:55.709620+00:00
 [01565/3000] modify simple     /srv/fim-watch/gen_00254.txt ts=2026-09-18T12:58:55.809487+00:00
 [01566/3000] delete simple     /srv/fim-watch/gen_00296.txt ts=2026-09-18T12:58:55.909562+00:00
 [01567/3000] modify simple     /srv/fim-watch/gen_00078.txt ts=2026-09-18T12:58:56.009546+00:00
 [01568/3000] create simple     /srv/fim-watch/gen_00303.txt ts=2026-09-18T12:58:56.109449+00:00
 [01569/3000] modify simple     /srv/fim-watch/gen_00179.txt ts=2026-09-18T12:58:56.209511+00:00
 [01570/3000] create simple     /srv/fim-watch/critico/gen_00304.txt ts=2026-09-18T12:58:56.309246+00:00
 [01571/3000] delete simple     /srv/fim-watch/gen_00084.txt ts=2026-09-18T12:58:56.409243+00:00
 [01572/3000] modify simple     /srv/fim-watch/gen_00149.txt ts=2026-09-18T12:58:56.509327+00:00
 [01573/3000] create simple     /srv/fim-watch/gen_00305.txt ts=2026-09-18T12:58:56.609234+00:00
 [01574/3000] delete simple     /srv/fim-watch/gen_00132.txt ts=2026-09-18T12:58:56.709244+00:00
 [01575/3000] modify simple     /srv/fim-watch/gen_00106.txt ts=2026-09-18T12:58:56.809315+00:00
 [01576/3000] modify revertido  /srv/fim-watch/gen_00207.txt ts=2026-09-18T12:58:56.909198+00:00
 [01577/3000] modify revertido  /srv/fim-watch/gen_00207.txt ts=2026-09-18T12:58:57.009627+00:00
 [01578/3000] modify simple     /srv/fim-watch/gen_00108.txt ts=2026-09-18T12:58:57.109643+00:00
 [01579/3000] modify simple     /srv/fim-watch/critico/gen_00191.txt ts=2026-09-18T12:58:57.209578+00:00
 [01580/3000] modify simple     /srv/fim-watch/gen_00161.txt ts=2026-09-18T12:58:57.309636+00:00
 [01581/3000] modify simple     /srv/fim-watch/gen_00125.txt ts=2026-09-18T12:58:57.409531+00:00
 [01582/3000] modify simple     /srv/fim-watch/gen_00128.txt ts=2026-09-18T12:58:57.509994+00:00
 [01583/3000] modify revertido  /srv/fim-watch/gen_00285.txt ts=2026-09-18T12:58:57.609702+00:00
 [01584/3000] modify revertido  /srv/fim-watch/gen_00285.txt ts=2026-09-18T12:58:57.709645+00:00
 [01585/3000] modify colapsado  /srv/fim-watch/gen_00214.txt ts=2026-09-18T12:58:57.809556+00:00
 [01586/3000] modify colapsado  /srv/fim-watch/gen_00214.txt ts=2026-09-18T12:58:57.909680+00:00
 [01587/3000] modify colapsado  /srv/fim-watch/gen_00214.txt ts=2026-09-18T12:58:58.009496+00:00
 [01588/3000] modify colapsado  /srv/fim-watch/gen_00214.txt ts=2026-09-18T12:58:58.109461+00:00
 [01589/3000] modify colapsado  /srv/fim-watch/gen_00214.txt ts=2026-09-18T12:58:58.209596+00:00
 [01590/3000] modify simple     /srv/fim-watch/gen_00049.txt ts=2026-09-18T12:58:58.309564+00:00
 [01591/3000] modify simple     /srv/fim-watch/critico/gen_00280.txt ts=2026-09-18T12:58:58.409844+00:00
 [01592/3000] modify simple     /srv/fim-watch/gen_00219.txt ts=2026-09-18T12:58:58.509792+00:00
 [01593/3000] create simple     /srv/fim-watch/gen_00306.txt ts=2026-09-18T12:58:58.609448+00:00
 [01594/3000] modify simple     /srv/fim-watch/gen_00166.txt ts=2026-09-18T12:58:58.709706+00:00
 [01595/3000] create simple     /srv/fim-watch/gen_00307.txt ts=2026-09-18T12:58:58.809505+00:00
 [01596/3000] modify simple     /srv/fim-watch/gen_00273.txt ts=2026-09-18T12:58:58.909757+00:00
 [01597/3000] modify simple     /srv/fim-watch/gen_00255.txt ts=2026-09-18T12:58:59.009585+00:00
 [01598/3000] create simple     /srv/fim-watch/gen_00308.txt ts=2026-09-18T12:58:59.109489+00:00
 [01599/3000] modify simple     /srv/fim-watch/gen_00299.txt ts=2026-09-18T12:58:59.209551+00:00
 [01600/3000] modify simple     /srv/fim-watch/gen_00122.txt ts=2026-09-18T12:58:59.309602+00:00
 [01601/3000] modify simple     /srv/fim-watch/gen_00268.txt ts=2026-09-18T12:58:59.409468+00:00
 [01602/3000] create simple     /srv/fim-watch/gen_00309.txt ts=2026-09-18T12:58:59.509381+00:00
 [01603/3000] modify simple     /srv/fim-watch/gen_00273.txt ts=2026-09-18T12:58:59.609693+00:00
 [01604/3000] modify simple     /srv/fim-watch/critico/gen_00123.txt ts=2026-09-18T12:58:59.709668+00:00
 [01605/3000] create simple     /srv/fim-watch/critico/gen_00310.txt ts=2026-09-18T12:58:59.809500+00:00
 [01606/3000] create simple     /srv/fim-watch/gen_00311.txt ts=2026-09-18T12:58:59.909481+00:00
 [01607/3000] create simple     /srv/fim-watch/critico/gen_00312.txt ts=2026-09-18T12:59:00.009489+00:00
 [01608/3000] modify colapsado  /srv/fim-watch/gen_00106.txt ts=2026-09-18T12:59:00.109580+00:00
 [01609/3000] modify colapsado  /srv/fim-watch/gen_00106.txt ts=2026-09-18T12:59:00.209528+00:00
 [01610/3000] modify colapsado  /srv/fim-watch/gen_00106.txt ts=2026-09-18T12:59:00.309380+00:00
 [01611/3000] modify colapsado  /srv/fim-watch/gen_00106.txt ts=2026-09-18T12:59:00.409519+00:00
 [01612/3000] modify colapsado  /srv/fim-watch/gen_00106.txt ts=2026-09-18T12:59:00.509561+00:00
 [01613/3000] delete simple     /srv/fim-watch/gen_00070.txt ts=2026-09-18T12:59:00.609343+00:00
 [01614/3000] modify simple     /srv/fim-watch/gen_00309.txt ts=2026-09-18T12:59:00.709661+00:00
 [01615/3000] delete simple     /srv/fim-watch/gen_00089.txt ts=2026-09-18T12:59:00.809307+00:00
 [01616/3000] modify revertido  /srv/fim-watch/gen_00204.txt ts=2026-09-18T12:59:00.909611+00:00
 [01617/3000] modify revertido  /srv/fim-watch/gen_00204.txt ts=2026-09-18T12:59:01.009289+00:00
 [01618/3000] modify simple     /srv/fim-watch/critico/gen_00222.txt ts=2026-09-18T12:59:01.109562+00:00
 [01619/3000] modify simple     /srv/fim-watch/gen_00279.txt ts=2026-09-18T12:59:01.209667+00:00
 [01620/3000] delete simple     /srv/fim-watch/gen_00040.txt ts=2026-09-18T12:59:01.309474+00:00
 [01621/3000] modify simple     /srv/fim-watch/gen_00228.txt ts=2026-09-18T12:59:01.409684+00:00
 [01622/3000] create simple     /srv/fim-watch/gen_00313.txt ts=2026-09-18T12:59:01.509490+00:00
 [01623/3000] create simple     /srv/fim-watch/gen_00314.txt ts=2026-09-18T12:59:01.609654+00:00
 [01624/3000] modify simple     /srv/fim-watch/gen_00152.txt ts=2026-09-18T12:59:01.709595+00:00
 [01625/3000] modify simple     /srv/fim-watch/critico/gen_00248.txt ts=2026-09-18T12:59:01.809585+00:00
 [01626/3000] create simple     /srv/fim-watch/gen_00315.txt ts=2026-09-18T12:59:01.909539+00:00
 [01627/3000] create simple     /srv/fim-watch/gen_00316.txt ts=2026-09-18T12:59:02.009288+00:00
 [01628/3000] modify simple     /srv/fim-watch/gen_00179.txt ts=2026-09-18T12:59:02.109407+00:00
 [01629/3000] modify simple     /srv/fim-watch/gen_00106.txt ts=2026-09-18T12:59:02.209259+00:00
 [01630/3000] modify simple     /srv/fim-watch/gen_00282.txt ts=2026-09-18T12:59:02.309193+00:00
 [01631/3000] modify simple     /srv/fim-watch/critico/gen_00189.txt ts=2026-09-18T12:59:02.409365+00:00
 [01632/3000] create simple     /srv/fim-watch/gen_00317.txt ts=2026-09-18T12:59:02.509166+00:00
 [01633/3000] modify revertido  /srv/fim-watch/gen_00149.txt ts=2026-09-18T12:59:02.609273+00:00
 [01634/3000] modify revertido  /srv/fim-watch/gen_00149.txt ts=2026-09-18T12:59:02.709730+00:00
 [01635/3000] modify simple     /srv/fim-watch/gen_00096.txt ts=2026-09-18T12:59:02.809517+00:00
 [01636/3000] modify simple     /srv/fim-watch/gen_00266.txt ts=2026-09-18T12:59:02.909723+00:00
 [01637/3000] modify simple     /srv/fim-watch/gen_00231.txt ts=2026-09-18T12:59:03.009649+00:00
 [01638/3000] modify simple     /srv/fim-watch/gen_00293.txt ts=2026-09-18T12:59:03.109543+00:00
 [01639/3000] modify simple     /srv/fim-watch/gen_00174.txt ts=2026-09-18T12:59:03.209677+00:00
 [01640/3000] create simple     /srv/fim-watch/gen_00318.txt ts=2026-09-18T12:59:03.309568+00:00
 [01641/3000] modify simple     /srv/fim-watch/gen_00096.txt ts=2026-09-18T12:59:03.409747+00:00
 [01642/3000] modify simple     /srv/fim-watch/gen_00231.txt ts=2026-09-18T12:59:03.509612+00:00
 [01643/3000] create simple     /srv/fim-watch/gen_00319.txt ts=2026-09-18T12:59:03.609480+00:00
 [01644/3000] delete simple     /srv/fim-watch/critico/gen_00236.txt ts=2026-09-18T12:59:03.709485+00:00
 [01645/3000] create simple     /srv/fim-watch/gen_00320.txt ts=2026-09-18T12:59:03.809634+00:00
 [01646/3000] create simple     /srv/fim-watch/gen_00321.txt ts=2026-09-18T12:59:03.909597+00:00
 [01647/3000] modify simple     /srv/fim-watch/gen_00274.txt ts=2026-09-18T12:59:04.009592+00:00
 [01648/3000] create simple     /srv/fim-watch/critico/gen_00322.txt ts=2026-09-18T12:59:04.109491+00:00
 [01649/3000] modify simple     /srv/fim-watch/critico/gen_00191.txt ts=2026-09-18T12:59:04.209627+00:00
 [01650/3000] create simple     /srv/fim-watch/gen_00323.txt ts=2026-09-18T12:59:04.309389+00:00
 [01651/3000] create efimero    /srv/fim-watch/gen_00324.txt ts=2026-09-18T12:59:04.409471+00:00
 [01652/3000] delete efimero    /srv/fim-watch/gen_00324.txt ts=2026-09-18T12:59:04.509412+00:00
 [01653/3000] modify simple     /srv/fim-watch/critico/gen_00248.txt ts=2026-09-18T12:59:04.609544+00:00
 [01654/3000] modify simple     /srv/fim-watch/critico/gen_00156.txt ts=2026-09-18T12:59:04.709443+00:00
 [01655/3000] modify simple     /srv/fim-watch/gen_00319.txt ts=2026-09-18T12:59:04.809480+00:00
 [01656/3000] create simple     /srv/fim-watch/gen_00325.txt ts=2026-09-18T12:59:04.909457+00:00
 [01657/3000] modify simple     /srv/fim-watch/critico/gen_00222.txt ts=2026-09-18T12:59:05.009787+00:00
 [01658/3000] modify simple     /srv/fim-watch/critico/gen_00253.txt ts=2026-09-18T12:59:05.109364+00:00
 [01659/3000] create simple     /srv/fim-watch/gen_00326.txt ts=2026-09-18T12:59:05.209477+00:00
 [01660/3000] delete simple     /srv/fim-watch/gen_00212.txt ts=2026-09-18T12:59:05.309508+00:00
 [01661/3000] modify simple     /srv/fim-watch/gen_00175.txt ts=2026-09-18T12:59:05.409487+00:00
 [01662/3000] create simple     /srv/fim-watch/gen_00327.txt ts=2026-09-18T12:59:05.509831+00:00
 [01663/3000] modify revertido  /srv/fim-watch/gen_00096.txt ts=2026-09-18T12:59:05.609655+00:00
 [01664/3000] modify revertido  /srv/fim-watch/gen_00096.txt ts=2026-09-18T12:59:05.709580+00:00
 [01665/3000] create efimero    /srv/fim-watch/critico/gen_00328.txt ts=2026-09-18T12:59:05.809462+00:00
 [01666/3000] delete efimero    /srv/fim-watch/critico/gen_00328.txt ts=2026-09-18T12:59:05.909240+00:00
 [01667/3000] modify simple     /srv/fim-watch/gen_00313.txt ts=2026-09-18T12:59:06.009417+00:00
 [01668/3000] modify simple     /srv/fim-watch/gen_00115.txt ts=2026-09-18T12:59:06.109559+00:00
 [01669/3000] modify simple     /srv/fim-watch/gen_00177.txt ts=2026-09-18T12:59:06.209501+00:00
 [01670/3000] modify simple     /srv/fim-watch/gen_00255.txt ts=2026-09-18T12:59:06.309552+00:00
 [01671/3000] modify simple     /srv/fim-watch/gen_00252.txt ts=2026-09-18T12:59:06.409617+00:00
 [01672/3000] create simple     /srv/fim-watch/gen_00329.txt ts=2026-09-18T12:59:06.509545+00:00
 [01673/3000] modify simple     /srv/fim-watch/gen_00152.txt ts=2026-09-18T12:59:06.609633+00:00
 [01674/3000] modify simple     /srv/fim-watch/gen_00171.txt ts=2026-09-18T12:59:06.709769+00:00
 [01675/3000] modify simple     /srv/fim-watch/gen_00279.txt ts=2026-09-18T12:59:06.809584+00:00
 [01676/3000] modify simple     /srv/fim-watch/gen_00088.txt ts=2026-09-18T12:59:06.909787+00:00
 [01677/3000] create simple     /srv/fim-watch/critico/gen_00330.txt ts=2026-09-18T12:59:07.009437+00:00
 [01678/3000] create simple     /srv/fim-watch/gen_00331.txt ts=2026-09-18T12:59:07.109392+00:00
 [01679/3000] delete simple     /srv/fim-watch/gen_00078.txt ts=2026-09-18T12:59:07.209363+00:00
 [01680/3000] modify simple     /srv/fim-watch/gen_00266.txt ts=2026-09-18T12:59:07.309751+00:00
 [01681/3000] modify simple     /srv/fim-watch/gen_00088.txt ts=2026-09-18T12:59:07.409671+00:00
 [01682/3000] modify simple     /srv/fim-watch/gen_00225.txt ts=2026-09-18T12:59:07.509578+00:00
 [01683/3000] modify simple     /srv/fim-watch/gen_00255.txt ts=2026-09-18T12:59:07.609669+00:00
 [01684/3000] modify revertido  /srv/fim-watch/gen_00160.txt ts=2026-09-18T12:59:07.709648+00:00
 [01685/3000] modify revertido  /srv/fim-watch/gen_00160.txt ts=2026-09-18T12:59:07.809366+00:00
 [01686/3000] modify colapsado  /srv/fim-watch/gen_00157.txt ts=2026-09-18T12:59:07.909531+00:00
 [01687/3000] modify colapsado  /srv/fim-watch/gen_00157.txt ts=2026-09-18T12:59:08.009269+00:00
 [01688/3000] modify colapsado  /srv/fim-watch/gen_00157.txt ts=2026-09-18T12:59:08.109306+00:00
 [01689/3000] modify colapsado  /srv/fim-watch/gen_00157.txt ts=2026-09-18T12:59:08.209319+00:00
 [01690/3000] modify colapsado  /srv/fim-watch/gen_00157.txt ts=2026-09-18T12:59:08.309422+00:00
 [01691/3000] modify simple     /srv/fim-watch/gen_00206.txt ts=2026-09-18T12:59:08.409821+00:00
 [01692/3000] modify simple     /srv/fim-watch/gen_00256.txt ts=2026-09-18T12:59:08.509793+00:00
 [01693/3000] delete simple     /srv/fim-watch/gen_00281.txt ts=2026-09-18T12:59:08.609404+00:00
 [01694/3000] create simple     /srv/fim-watch/critico/gen_00332.txt ts=2026-09-18T12:59:08.709534+00:00
 [01695/3000] modify simple     /srv/fim-watch/gen_00096.txt ts=2026-09-18T12:59:08.809520+00:00
 [01696/3000] delete simple     /srv/fim-watch/gen_00327.txt ts=2026-09-18T12:59:08.909472+00:00
 [01697/3000] modify simple     /srv/fim-watch/critico/gen_00280.txt ts=2026-09-18T12:59:09.009673+00:00
 [01698/3000] delete simple     /srv/fim-watch/gen_00273.txt ts=2026-09-18T12:59:09.109449+00:00
 [01699/3000] modify simple     /srv/fim-watch/critico/gen_00248.txt ts=2026-09-18T12:59:09.209514+00:00
 [01700/3000] modify simple     /srv/fim-watch/gen_00128.txt ts=2026-09-18T12:59:09.309556+00:00
 [01701/3000] modify simple     /srv/fim-watch/gen_00152.txt ts=2026-09-18T12:59:09.409742+00:00
 [01702/3000] modify simple     /srv/fim-watch/gen_00317.txt ts=2026-09-18T12:59:09.509706+00:00
 [01703/3000] delete simple     /srv/fim-watch/critico/gen_00287.txt ts=2026-09-18T12:59:09.609341+00:00
 [01704/3000] modify simple     /srv/fim-watch/critico/gen_00332.txt ts=2026-09-18T12:59:09.709585+00:00
 [01705/3000] modify simple     /srv/fim-watch/gen_00179.txt ts=2026-09-18T12:59:09.809714+00:00
 [01706/3000] modify simple     /srv/fim-watch/gen_00219.txt ts=2026-09-18T12:59:09.909745+00:00
 [01707/3000] modify simple     /srv/fim-watch/critico/gen_00242.txt ts=2026-09-18T12:59:10.009787+00:00
 [01708/3000] modify simple     /srv/fim-watch/gen_00279.txt ts=2026-09-18T12:59:10.109560+00:00
 [01709/3000] modify simple     /srv/fim-watch/gen_00042.txt ts=2026-09-18T12:59:10.209517+00:00
 [01710/3000] modify revertido  /srv/fim-watch/gen_00311.txt ts=2026-09-18T12:59:10.309641+00:00
 [01711/3000] modify revertido  /srv/fim-watch/gen_00311.txt ts=2026-09-18T12:59:10.409710+00:00
 [01712/3000] modify simple     /srv/fim-watch/gen_00254.txt ts=2026-09-18T12:59:10.509594+00:00
 [01713/3000] modify simple     /srv/fim-watch/critico/gen_00304.txt ts=2026-09-18T12:59:10.609557+00:00
 [01714/3000] modify simple     /srv/fim-watch/gen_00126.txt ts=2026-09-18T12:59:10.709572+00:00
 [01715/3000] modify simple     /srv/fim-watch/gen_00301.txt ts=2026-09-18T12:59:10.809549+00:00
 [01716/3000] modify simple     /srv/fim-watch/gen_00286.txt ts=2026-09-18T12:59:10.909692+00:00
 [01717/3000] create simple     /srv/fim-watch/critico/gen_00333.txt ts=2026-09-18T12:59:11.009462+00:00
 [01718/3000] modify revertido  /srv/fim-watch/critico/gen_00183.txt ts=2026-09-18T12:59:11.109589+00:00
 [01719/3000] modify revertido  /srv/fim-watch/critico/gen_00183.txt ts=2026-09-18T12:59:11.209484+00:00
 [01720/3000] modify simple     /srv/fim-watch/gen_00166.txt ts=2026-09-18T12:59:11.309724+00:00
 [01721/3000] create simple     /srv/fim-watch/gen_00334.txt ts=2026-09-18T12:59:11.409488+00:00
 [01722/3000] create simple     /srv/fim-watch/gen_00335.txt ts=2026-09-18T12:59:11.509614+00:00
 [01723/3000] modify simple     /srv/fim-watch/gen_00241.txt ts=2026-09-18T12:59:11.609754+00:00
 [01724/3000] modify simple     /srv/fim-watch/gen_00125.txt ts=2026-09-18T12:59:11.709706+00:00
 [01725/3000] modify simple     /srv/fim-watch/gen_00260.txt ts=2026-09-18T12:59:11.809622+00:00
 [01726/3000] create simple     /srv/fim-watch/critico/gen_00336.txt ts=2026-09-18T12:59:11.909631+00:00
 [01727/3000] create efimero    /srv/fim-watch/gen_00337.txt ts=2026-09-18T12:59:12.009488+00:00
 [01728/3000] delete efimero    /srv/fim-watch/gen_00337.txt ts=2026-09-18T12:59:12.109396+00:00
 [01729/3000] modify simple     /srv/fim-watch/gen_00219.txt ts=2026-09-18T12:59:12.209519+00:00
 [01730/3000] delete simple     /srv/fim-watch/critico/gen_00276.txt ts=2026-09-18T12:59:12.309520+00:00
 [01731/3000] modify simple     /srv/fim-watch/gen_00177.txt ts=2026-09-18T12:59:12.409444+00:00
 [01732/3000] create simple     /srv/fim-watch/gen_00338.txt ts=2026-09-18T12:59:12.509435+00:00
 [01733/3000] delete simple     /srv/fim-watch/gen_00176.txt ts=2026-09-18T12:59:12.609258+00:00
 [01734/3000] delete simple     /srv/fim-watch/gen_00301.txt ts=2026-09-18T12:59:12.709425+00:00
 [01735/3000] modify simple     /srv/fim-watch/gen_00126.txt ts=2026-09-18T12:59:12.809487+00:00
 [01736/3000] delete simple     /srv/fim-watch/gen_00135.txt ts=2026-09-18T12:59:12.909336+00:00
 [01737/3000] modify simple     /srv/fim-watch/critico/gen_00184.txt ts=2026-09-18T12:59:13.009909+00:00
 [01738/3000] delete simple     /srv/fim-watch/gen_00292.txt ts=2026-09-18T12:59:13.109300+00:00
 [01739/3000] modify simple     /srv/fim-watch/gen_00071.txt ts=2026-09-18T12:59:13.209394+00:00
 [01740/3000] create simple     /srv/fim-watch/gen_00339.txt ts=2026-09-18T12:59:13.309572+00:00
 [01741/3000] delete simple     /srv/fim-watch/gen_00338.txt ts=2026-09-18T12:59:13.409341+00:00
 [01742/3000] modify simple     /srv/fim-watch/critico/gen_00310.txt ts=2026-09-18T12:59:13.509315+00:00
 [01743/3000] modify colapsado  /srv/fim-watch/gen_00206.txt ts=2026-09-18T12:59:13.609316+00:00
 [01744/3000] modify colapsado  /srv/fim-watch/gen_00206.txt ts=2026-09-18T12:59:13.709381+00:00
 [01745/3000] modify colapsado  /srv/fim-watch/gen_00206.txt ts=2026-09-18T12:59:13.809323+00:00
 [01746/3000] modify colapsado  /srv/fim-watch/gen_00206.txt ts=2026-09-18T12:59:13.909281+00:00
 [01747/3000] modify colapsado  /srv/fim-watch/gen_00206.txt ts=2026-09-18T12:59:14.009537+00:00
 [01748/3000] modify simple     /srv/fim-watch/gen_00256.txt ts=2026-09-18T12:59:14.109198+00:00
 [01749/3000] delete simple     /srv/fim-watch/gen_00088.txt ts=2026-09-18T12:59:14.209199+00:00
 [01750/3000] modify revertido  /srv/fim-watch/critico/gen_00191.txt ts=2026-09-18T12:59:14.309417+00:00
 [01751/3000] modify revertido  /srv/fim-watch/critico/gen_00191.txt ts=2026-09-18T12:59:14.409415+00:00
 [01752/3000] modify simple     /srv/fim-watch/critico/gen_00262.txt ts=2026-09-18T12:59:14.509564+00:00
 [01753/3000] modify simple     /srv/fim-watch/gen_00126.txt ts=2026-09-18T12:59:14.609579+00:00
 [01754/3000] delete simple     /srv/fim-watch/gen_00246.txt ts=2026-09-18T12:59:14.709515+00:00
 [01755/3000] modify simple     /srv/fim-watch/gen_00179.txt ts=2026-09-18T12:59:14.809444+00:00
 [01756/3000] modify simple     /srv/fim-watch/gen_00317.txt ts=2026-09-18T12:59:14.909419+00:00
 [01757/3000] create simple     /srv/fim-watch/gen_00340.txt ts=2026-09-18T12:59:15.009360+00:00
 [01758/3000] modify simple     /srv/fim-watch/gen_00108.txt ts=2026-09-18T12:59:15.109420+00:00
 [01759/3000] modify simple     /srv/fim-watch/gen_00193.txt ts=2026-09-18T12:59:15.209401+00:00
 [01760/3000] modify simple     /srv/fim-watch/critico/gen_00184.txt ts=2026-09-18T12:59:15.309412+00:00
 [01761/3000] create simple     /srv/fim-watch/gen_00341.txt ts=2026-09-18T12:59:15.409364+00:00
 [01762/3000] modify simple     /srv/fim-watch/gen_00105.txt ts=2026-09-18T12:59:15.509396+00:00
 [01763/3000] modify simple     /srv/fim-watch/gen_00299.txt ts=2026-09-18T12:59:15.609433+00:00
 [01764/3000] create simple     /srv/fim-watch/critico/gen_00342.txt ts=2026-09-18T12:59:15.709350+00:00
 [01765/3000] modify simple     /srv/fim-watch/gen_00223.txt ts=2026-09-18T12:59:15.809596+00:00
 [01766/3000] create simple     /srv/fim-watch/critico/gen_00343.txt ts=2026-09-18T12:59:15.909484+00:00
 [01767/3000] modify simple     /srv/fim-watch/critico/gen_00272.txt ts=2026-09-18T12:59:16.009556+00:00
 [01768/3000] modify simple     /srv/fim-watch/gen_00221.txt ts=2026-09-18T12:59:16.109555+00:00
 [01769/3000] modify simple     /srv/fim-watch/gen_00203.txt ts=2026-09-18T12:59:16.209525+00:00
 [01770/3000] create simple     /srv/fim-watch/critico/gen_00344.txt ts=2026-09-18T12:59:16.309537+00:00
 [01771/3000] modify simple     /srv/fim-watch/gen_00151.txt ts=2026-09-18T12:59:16.409606+00:00
 [01772/3000] modify colapsado  /srv/fim-watch/gen_00282.txt ts=2026-09-18T12:59:16.509615+00:00
 [01773/3000] modify colapsado  /srv/fim-watch/gen_00282.txt ts=2026-09-18T12:59:16.609576+00:00
 [01774/3000] modify colapsado  /srv/fim-watch/gen_00282.txt ts=2026-09-18T12:59:16.709842+00:00
 [01775/3000] modify colapsado  /srv/fim-watch/gen_00282.txt ts=2026-09-18T12:59:16.809588+00:00
 [01776/3000] modify colapsado  /srv/fim-watch/gen_00282.txt ts=2026-09-18T12:59:16.909532+00:00
 [01777/3000] modify simple     /srv/fim-watch/gen_00231.txt ts=2026-09-18T12:59:17.009776+00:00
 [01778/3000] create simple     /srv/fim-watch/critico/gen_00345.txt ts=2026-09-18T12:59:17.109457+00:00
 [01779/3000] modify simple     /srv/fim-watch/gen_00311.txt ts=2026-09-18T12:59:17.209416+00:00
 [01780/3000] modify simple     /srv/fim-watch/gen_00263.txt ts=2026-09-18T12:59:17.309554+00:00
 [01781/3000] modify simple     /srv/fim-watch/critico/gen_00344.txt ts=2026-09-18T12:59:17.409594+00:00
 [01782/3000] modify revertido  /srv/fim-watch/gen_00235.txt ts=2026-09-18T12:59:17.509640+00:00
 [01783/3000] modify revertido  /srv/fim-watch/gen_00235.txt ts=2026-09-18T12:59:17.609553+00:00
 [01784/3000] modify simple     /srv/fim-watch/critico/gen_00336.txt ts=2026-09-18T12:59:17.709697+00:00
 [01785/3000] modify simple     /srv/fim-watch/gen_00152.txt ts=2026-09-18T12:59:17.809533+00:00
 [01786/3000] modify simple     /srv/fim-watch/gen_00177.txt ts=2026-09-18T12:59:17.909706+00:00
 [01787/3000] modify simple     /srv/fim-watch/gen_00311.txt ts=2026-09-18T12:59:18.009721+00:00
 [01788/3000] modify revertido  /srv/fim-watch/critico/gen_00345.txt ts=2026-09-18T12:59:18.109528+00:00
 [01789/3000] modify revertido  /srv/fim-watch/critico/gen_00345.txt ts=2026-09-18T12:59:18.209480+00:00
 [01790/3000] modify simple     /srv/fim-watch/gen_00289.txt ts=2026-09-18T12:59:18.309692+00:00
 [01791/3000] create simple     /srv/fim-watch/gen_00346.txt ts=2026-09-18T12:59:18.409480+00:00
 [01792/3000] modify simple     /srv/fim-watch/gen_00171.txt ts=2026-09-18T12:59:18.509553+00:00
 [01793/3000] modify simple     /srv/fim-watch/gen_00297.txt ts=2026-09-18T12:59:18.609685+00:00
 [01794/3000] modify revertido  /srv/fim-watch/gen_00318.txt ts=2026-09-18T12:59:18.709550+00:00
 [01795/3000] modify revertido  /srv/fim-watch/gen_00318.txt ts=2026-09-18T12:59:18.809497+00:00
 [01796/3000] create simple     /srv/fim-watch/critico/gen_00347.txt ts=2026-09-18T12:59:18.909505+00:00
 [01797/3000] create simple     /srv/fim-watch/gen_00348.txt ts=2026-09-18T12:59:19.009429+00:00
 [01798/3000] modify simple     /srv/fim-watch/gen_00126.txt ts=2026-09-18T12:59:19.109583+00:00
 [01799/3000] create simple     /srv/fim-watch/gen_00349.txt ts=2026-09-18T12:59:19.209373+00:00
 [01800/3000] modify simple     /srv/fim-watch/gen_00232.txt ts=2026-09-18T12:59:19.309533+00:00
 [01801/3000] modify simple     /srv/fim-watch/gen_00298.txt ts=2026-09-18T12:59:19.409197+00:00
 [01802/3000] delete simple     /srv/fim-watch/gen_00341.txt ts=2026-09-18T12:59:19.509324+00:00
 [01803/3000] create simple     /srv/fim-watch/gen_00350.txt ts=2026-09-18T12:59:19.609181+00:00
 [01804/3000] modify simple     /srv/fim-watch/gen_00306.txt ts=2026-09-18T12:59:19.709274+00:00
 [01805/3000] modify simple     /srv/fim-watch/gen_00057.txt ts=2026-09-18T12:59:19.809466+00:00
 [01806/3000] modify simple     /srv/fim-watch/critico/gen_00262.txt ts=2026-09-18T12:59:19.909306+00:00
 [01807/3000] modify simple     /srv/fim-watch/critico/gen_00253.txt ts=2026-09-18T12:59:20.009962+00:00
 [01808/3000] modify simple     /srv/fim-watch/gen_00238.txt ts=2026-09-18T12:59:20.109511+00:00
 [01809/3000] create simple     /srv/fim-watch/critico/gen_00351.txt ts=2026-09-18T12:59:20.209610+00:00
 [01810/3000] create simple     /srv/fim-watch/gen_00352.txt ts=2026-09-18T12:59:20.309433+00:00
 [01811/3000] modify simple     /srv/fim-watch/gen_00198.txt ts=2026-09-18T12:59:20.409586+00:00
 [01812/3000] create simple     /srv/fim-watch/critico/gen_00353.txt ts=2026-09-18T12:59:20.509582+00:00
 [01813/3000] modify simple     /srv/fim-watch/gen_00299.txt ts=2026-09-18T12:59:20.609416+00:00
 [01814/3000] modify simple     /srv/fim-watch/gen_00064.txt ts=2026-09-18T12:59:20.709708+00:00
 [01815/3000] modify colapsado  /srv/fim-watch/gen_00348.txt ts=2026-09-18T12:59:20.809563+00:00
 [01816/3000] modify colapsado  /srv/fim-watch/gen_00348.txt ts=2026-09-18T12:59:20.909695+00:00
 [01817/3000] modify colapsado  /srv/fim-watch/gen_00348.txt ts=2026-09-18T12:59:21.009427+00:00
 [01818/3000] modify colapsado  /srv/fim-watch/gen_00348.txt ts=2026-09-18T12:59:21.109552+00:00
 [01819/3000] modify colapsado  /srv/fim-watch/gen_00348.txt ts=2026-09-18T12:59:21.209689+00:00
 [01820/3000] modify simple     /srv/fim-watch/critico/gen_00209.txt ts=2026-09-18T12:59:21.309582+00:00
 [01821/3000] modify simple     /srv/fim-watch/gen_00266.txt ts=2026-09-18T12:59:21.409743+00:00
 [01822/3000] modify simple     /srv/fim-watch/critico/gen_00330.txt ts=2026-09-18T12:59:21.509537+00:00
 [01823/3000] create simple     /srv/fim-watch/critico/gen_00354.txt ts=2026-09-18T12:59:21.609439+00:00
 [01824/3000] delete simple     /srv/fim-watch/gen_00049.txt ts=2026-09-18T12:59:21.709574+00:00
 [01825/3000] modify revertido  /srv/fim-watch/gen_00279.txt ts=2026-09-18T12:59:21.810128+00:00
 [01826/3000] modify revertido  /srv/fim-watch/gen_00279.txt ts=2026-09-18T12:59:21.909555+00:00
 [01827/3000] modify revertido  /srv/fim-watch/gen_00282.txt ts=2026-09-18T12:59:22.009759+00:00
 [01828/3000] modify revertido  /srv/fim-watch/gen_00282.txt ts=2026-09-18T12:59:22.109560+00:00
 [01829/3000] modify colapsado  /srv/fim-watch/gen_00275.txt ts=2026-09-18T12:59:22.209675+00:00
 [01830/3000] modify colapsado  /srv/fim-watch/gen_00275.txt ts=2026-09-18T12:59:22.309547+00:00
 [01831/3000] modify colapsado  /srv/fim-watch/gen_00275.txt ts=2026-09-18T12:59:22.409531+00:00
 [01832/3000] modify colapsado  /srv/fim-watch/gen_00275.txt ts=2026-09-18T12:59:22.510484+00:00
 [01833/3000] modify colapsado  /srv/fim-watch/gen_00275.txt ts=2026-09-18T12:59:22.609525+00:00
 [01834/3000] modify simple     /srv/fim-watch/gen_00325.txt ts=2026-09-18T12:59:22.709536+00:00
 [01835/3000] create simple     /srv/fim-watch/gen_00355.txt ts=2026-09-18T12:59:22.809568+00:00
 [01836/3000] delete simple     /srv/fim-watch/gen_00162.txt ts=2026-09-18T12:59:22.909463+00:00
 [01837/3000] create simple     /srv/fim-watch/gen_00356.txt ts=2026-09-18T12:59:23.009513+00:00
 [01838/3000] create simple     /srv/fim-watch/gen_00357.txt ts=2026-09-18T12:59:23.109417+00:00
 [01839/3000] create simple     /srv/fim-watch/gen_00358.txt ts=2026-09-18T12:59:23.209546+00:00
 [01840/3000] create simple     /srv/fim-watch/gen_00359.txt ts=2026-09-18T12:59:23.309529+00:00
 [01841/3000] modify simple     /srv/fim-watch/gen_00230.txt ts=2026-09-18T12:59:23.409795+00:00
 [01842/3000] modify revertido  /srv/fim-watch/gen_00263.txt ts=2026-09-18T12:59:23.509612+00:00
 [01843/3000] modify revertido  /srv/fim-watch/gen_00263.txt ts=2026-09-18T12:59:23.609606+00:00
 [01844/3000] create efimero    /srv/fim-watch/gen_00360.txt ts=2026-09-18T12:59:23.709446+00:00
 [01845/3000] delete efimero    /srv/fim-watch/gen_00360.txt ts=2026-09-18T12:59:23.809470+00:00
 [01846/3000] modify simple     /srv/fim-watch/gen_00308.txt ts=2026-09-18T12:59:23.909670+00:00
 [01847/3000] create simple     /srv/fim-watch/critico/gen_00361.txt ts=2026-09-18T12:59:24.009377+00:00
 [01848/3000] modify revertido  /srv/fim-watch/gen_00177.txt ts=2026-09-18T12:59:24.109505+00:00
 [01849/3000] modify revertido  /srv/fim-watch/gen_00177.txt ts=2026-09-18T12:59:24.209695+00:00
 [01850/3000] create simple     /srv/fim-watch/gen_00362.txt ts=2026-09-18T12:59:24.309587+00:00
 [01851/3000] modify simple     /srv/fim-watch/gen_00266.txt ts=2026-09-18T12:59:24.409553+00:00
 [01852/3000] modify simple     /srv/fim-watch/gen_00196.txt ts=2026-09-18T12:59:24.509448+00:00
 [01853/3000] modify simple     /srv/fim-watch/gen_00198.txt ts=2026-09-18T12:59:24.609520+00:00
 [01854/3000] modify revertido  /srv/fim-watch/gen_00329.txt ts=2026-09-18T12:59:24.709764+00:00
 [01855/3000] modify revertido  /srv/fim-watch/gen_00329.txt ts=2026-09-18T12:59:24.809407+00:00
 [01856/3000] modify simple     /srv/fim-watch/gen_00311.txt ts=2026-09-18T12:59:24.909717+00:00
 [01857/3000] create efimero    /srv/fim-watch/gen_00363.txt ts=2026-09-18T12:59:25.009731+00:00
 [01858/3000] delete efimero    /srv/fim-watch/gen_00363.txt ts=2026-09-18T12:59:25.109402+00:00
 [01859/3000] modify simple     /srv/fim-watch/critico/gen_00053.txt ts=2026-09-18T12:59:25.209270+00:00
 [01860/3000] modify revertido  /srv/fim-watch/critico/gen_00061.txt ts=2026-09-18T12:59:25.309359+00:00
 [01861/3000] modify revertido  /srv/fim-watch/critico/gen_00061.txt ts=2026-09-18T12:59:25.409434+00:00
 [01862/3000] create simple     /srv/fim-watch/gen_00364.txt ts=2026-09-18T12:59:25.509217+00:00
 [01863/3000] modify simple     /srv/fim-watch/gen_00295.txt ts=2026-09-18T12:59:25.609265+00:00
 [01864/3000] modify simple     /srv/fim-watch/gen_00250.txt ts=2026-09-18T12:59:25.709201+00:00
 [01865/3000] modify simple     /srv/fim-watch/critico/gen_00130.txt ts=2026-09-18T12:59:25.809306+00:00
 [01866/3000] modify simple     /srv/fim-watch/critico/gen_00304.txt ts=2026-09-18T12:59:25.909451+00:00
 [01867/3000] delete simple     /srv/fim-watch/gen_00057.txt ts=2026-09-18T12:59:26.009459+00:00
 [01868/3000] modify simple     /srv/fim-watch/critico/gen_00353.txt ts=2026-09-18T12:59:26.109557+00:00
 [01869/3000] create simple     /srv/fim-watch/gen_00365.txt ts=2026-09-18T12:59:26.209506+00:00
 [01870/3000] modify revertido  /srv/fim-watch/gen_00096.txt ts=2026-09-18T12:59:26.309647+00:00
 [01871/3000] modify revertido  /srv/fim-watch/gen_00096.txt ts=2026-09-18T12:59:26.409753+00:00
 [01872/3000] delete simple     /srv/fim-watch/gen_00104.txt ts=2026-09-18T12:59:26.509513+00:00
 [01873/3000] create simple     /srv/fim-watch/gen_00366.txt ts=2026-09-18T12:59:26.609710+00:00
 [01874/3000] modify simple     /srv/fim-watch/critico/gen_00189.txt ts=2026-09-18T12:59:26.709593+00:00
 [01875/3000] delete simple     /srv/fim-watch/gen_00214.txt ts=2026-09-18T12:59:26.809789+00:00
 [01876/3000] create simple     /srv/fim-watch/gen_00367.txt ts=2026-09-18T12:59:26.909555+00:00
 [01877/3000] create simple     /srv/fim-watch/gen_00368.txt ts=2026-09-18T12:59:27.009429+00:00
 [01878/3000] modify colapsado  /srv/fim-watch/critico/gen_00183.txt ts=2026-09-18T12:59:27.109571+00:00
 [01879/3000] modify colapsado  /srv/fim-watch/critico/gen_00183.txt ts=2026-09-18T12:59:27.209599+00:00
 [01880/3000] modify colapsado  /srv/fim-watch/critico/gen_00183.txt ts=2026-09-18T12:59:27.309655+00:00
 [01881/3000] modify colapsado  /srv/fim-watch/critico/gen_00183.txt ts=2026-09-18T12:59:27.409611+00:00
 [01882/3000] modify colapsado  /srv/fim-watch/critico/gen_00183.txt ts=2026-09-18T12:59:27.509648+00:00
 [01883/3000] create simple     /srv/fim-watch/critico/gen_00369.txt ts=2026-09-18T12:59:27.609709+00:00
 [01884/3000] modify simple     /srv/fim-watch/gen_00311.txt ts=2026-09-18T12:59:27.709795+00:00
 [01885/3000] create simple     /srv/fim-watch/gen_00370.txt ts=2026-09-18T12:59:27.809525+00:00
 [01886/3000] modify simple     /srv/fim-watch/gen_00256.txt ts=2026-09-18T12:59:27.909766+00:00
 [01887/3000] modify simple     /srv/fim-watch/critico/gen_00251.txt ts=2026-09-18T12:59:28.009571+00:00
 [01888/3000] modify simple     /srv/fim-watch/gen_00187.txt ts=2026-09-18T12:59:28.109692+00:00
 [01889/3000] delete simple     /srv/fim-watch/gen_00318.txt ts=2026-09-18T12:59:28.209432+00:00
 [01890/3000] modify simple     /srv/fim-watch/critico/gen_00343.txt ts=2026-09-18T12:59:28.309596+00:00
 [01891/3000] modify simple     /srv/fim-watch/critico/gen_00351.txt ts=2026-09-18T12:59:28.409562+00:00
 [01892/3000] create simple     /srv/fim-watch/critico/gen_00371.txt ts=2026-09-18T12:59:28.509466+00:00
 [01893/3000] modify simple     /srv/fim-watch/gen_00215.txt ts=2026-09-18T12:59:28.609502+00:00
 [01894/3000] modify simple     /srv/fim-watch/critico/gen_00344.txt ts=2026-09-18T12:59:28.709754+00:00
 [01895/3000] create efimero    /srv/fim-watch/gen_00372.txt ts=2026-09-18T12:59:28.809453+00:00
 [01896/3000] delete efimero    /srv/fim-watch/gen_00372.txt ts=2026-09-18T12:59:28.909736+00:00
 [01897/3000] delete simple     /srv/fim-watch/critico/gen_00248.txt ts=2026-09-18T12:59:29.009420+00:00
 [01898/3000] modify simple     /srv/fim-watch/gen_00264.txt ts=2026-09-18T12:59:29.109574+00:00
 [01899/3000] delete simple     /srv/fim-watch/gen_00357.txt ts=2026-09-18T12:59:29.209594+00:00
 [01900/3000] modify revertido  /srv/fim-watch/critico/gen_00222.txt ts=2026-09-18T12:59:29.309941+00:00
 [01901/3000] modify revertido  /srv/fim-watch/critico/gen_00222.txt ts=2026-09-18T12:59:29.409580+00:00
 [01902/3000] modify simple     /srv/fim-watch/gen_00259.txt ts=2026-09-18T12:59:29.509740+00:00
 [01903/3000] create efimero    /srv/fim-watch/gen_00373.txt ts=2026-09-18T12:59:29.609472+00:00
 [01904/3000] delete efimero    /srv/fim-watch/gen_00373.txt ts=2026-09-18T12:59:29.709515+00:00
 [01905/3000] create efimero    /srv/fim-watch/critico/gen_00374.txt ts=2026-09-18T12:59:29.809512+00:00
 [01906/3000] delete efimero    /srv/fim-watch/critico/gen_00374.txt ts=2026-09-18T12:59:29.909540+00:00
 [01907/3000] modify simple     /srv/fim-watch/critico/gen_00333.txt ts=2026-09-18T12:59:30.009329+00:00
 [01908/3000] modify simple     /srv/fim-watch/gen_00071.txt ts=2026-09-18T12:59:30.109596+00:00
 [01909/3000] create simple     /srv/fim-watch/gen_00375.txt ts=2026-09-18T12:59:30.209565+00:00
 [01910/3000] modify simple     /srv/fim-watch/critico/gen_00222.txt ts=2026-09-18T12:59:30.309438+00:00
 [01911/3000] modify simple     /srv/fim-watch/gen_00298.txt ts=2026-09-18T12:59:30.409646+00:00
 [01912/3000] create efimero    /srv/fim-watch/gen_00376.txt ts=2026-09-18T12:59:30.509669+00:00
 [01913/3000] delete efimero    /srv/fim-watch/gen_00376.txt ts=2026-09-18T12:59:30.609450+00:00
 [01914/3000] modify simple     /srv/fim-watch/gen_00128.txt ts=2026-09-18T12:59:30.709424+00:00
 [01915/3000] create simple     /srv/fim-watch/gen_00377.txt ts=2026-09-18T12:59:30.809266+00:00
 [01916/3000] create efimero    /srv/fim-watch/gen_00378.txt ts=2026-09-18T12:59:30.909562+00:00
 [01917/3000] delete efimero    /srv/fim-watch/gen_00378.txt ts=2026-09-18T12:59:31.009241+00:00
 [01918/3000] modify revertido  /srv/fim-watch/gen_00196.txt ts=2026-09-18T12:59:31.109564+00:00
 [01919/3000] modify revertido  /srv/fim-watch/gen_00196.txt ts=2026-09-18T12:59:31.209190+00:00
 [01920/3000] modify simple     /srv/fim-watch/critico/gen_00336.txt ts=2026-09-18T12:59:31.309577+00:00
 [01921/3000] create simple     /srv/fim-watch/critico/gen_00379.txt ts=2026-09-18T12:59:31.409216+00:00
 [01922/3000] modify simple     /srv/fim-watch/critico/gen_00345.txt ts=2026-09-18T12:59:31.509252+00:00
 [01923/3000] modify simple     /srv/fim-watch/gen_00203.txt ts=2026-09-18T12:59:31.609305+00:00
 [01924/3000] create efimero    /srv/fim-watch/gen_00380.txt ts=2026-09-18T12:59:31.709163+00:00
 [01925/3000] delete efimero    /srv/fim-watch/gen_00380.txt ts=2026-09-18T12:59:31.809321+00:00
 [01926/3000] modify simple     /srv/fim-watch/gen_00266.txt ts=2026-09-18T12:59:31.909182+00:00
 [01927/3000] modify simple     /srv/fim-watch/gen_00064.txt ts=2026-09-18T12:59:32.009502+00:00
 [01928/3000] delete simple     /srv/fim-watch/gen_00362.txt ts=2026-09-18T12:59:32.109400+00:00
 [01929/3000] modify simple     /srv/fim-watch/gen_00366.txt ts=2026-09-18T12:59:32.209790+00:00
 [01930/3000] modify simple     /srv/fim-watch/gen_00291.txt ts=2026-09-18T12:59:32.309552+00:00
 [01931/3000] modify simple     /srv/fim-watch/gen_00295.txt ts=2026-09-18T12:59:32.409571+00:00
 [01932/3000] modify simple     /srv/fim-watch/gen_00240.txt ts=2026-09-18T12:59:32.509619+00:00
 [01933/3000] modify colapsado  /srv/fim-watch/gen_00311.txt ts=2026-09-18T12:59:32.609764+00:00
 [01934/3000] modify colapsado  /srv/fim-watch/gen_00311.txt ts=2026-09-18T12:59:32.709647+00:00
 [01935/3000] modify colapsado  /srv/fim-watch/gen_00311.txt ts=2026-09-18T12:59:32.809583+00:00
 [01936/3000] modify colapsado  /srv/fim-watch/gen_00311.txt ts=2026-09-18T12:59:32.909534+00:00
 [01937/3000] modify colapsado  /srv/fim-watch/gen_00311.txt ts=2026-09-18T12:59:33.009537+00:00
 [01938/3000] modify revertido  /srv/fim-watch/gen_00134.txt ts=2026-09-18T12:59:33.109581+00:00
 [01939/3000] modify revertido  /srv/fim-watch/gen_00134.txt ts=2026-09-18T12:59:33.209532+00:00
 [01940/3000] create simple     /srv/fim-watch/gen_00381.txt ts=2026-09-18T12:59:33.309448+00:00
 [01941/3000] modify simple     /srv/fim-watch/gen_00366.txt ts=2026-09-18T12:59:33.409565+00:00
 [01942/3000] delete simple     /srv/fim-watch/gen_00252.txt ts=2026-09-18T12:59:33.509466+00:00
 [01943/3000] create efimero    /srv/fim-watch/critico/gen_00382.txt ts=2026-09-18T12:59:33.609452+00:00
 [01944/3000] delete efimero    /srv/fim-watch/critico/gen_00382.txt ts=2026-09-18T12:59:33.709639+00:00
 [01945/3000] create simple     /srv/fim-watch/gen_00383.txt ts=2026-09-18T12:59:33.809442+00:00
 [01946/3000] modify simple     /srv/fim-watch/gen_00355.txt ts=2026-09-18T12:59:33.909544+00:00
 [01947/3000] create simple     /srv/fim-watch/gen_00384.txt ts=2026-09-18T12:59:34.009462+00:00
 [01948/3000] delete simple     /srv/fim-watch/gen_00071.txt ts=2026-09-18T12:59:34.109383+00:00
 [01949/3000] delete simple     /srv/fim-watch/gen_00178.txt ts=2026-09-18T12:59:34.209403+00:00
 [01950/3000] modify simple     /srv/fim-watch/critico/gen_00351.txt ts=2026-09-18T12:59:34.309524+00:00
 [01951/3000] delete simple     /srv/fim-watch/gen_00161.txt ts=2026-09-18T12:59:34.409436+00:00
 [01952/3000] delete simple     /srv/fim-watch/gen_00294.txt ts=2026-09-18T12:59:34.509411+00:00
 [01953/3000] modify simple     /srv/fim-watch/gen_00230.txt ts=2026-09-18T12:59:34.609543+00:00
 [01954/3000] create simple     /srv/fim-watch/gen_00385.txt ts=2026-09-18T12:59:34.709469+00:00
 [01955/3000] create simple     /srv/fim-watch/gen_00386.txt ts=2026-09-18T12:59:34.809407+00:00
 [01956/3000] modify simple     /srv/fim-watch/gen_00365.txt ts=2026-09-18T12:59:34.909575+00:00
 [01957/3000] modify simple     /srv/fim-watch/gen_00352.txt ts=2026-09-18T12:59:35.009447+00:00
 [01958/3000] modify revertido  /srv/fim-watch/gen_00193.txt ts=2026-09-18T12:59:35.109535+00:00
 [01959/3000] modify revertido  /srv/fim-watch/gen_00193.txt ts=2026-09-18T12:59:35.209512+00:00
 [01960/3000] modify revertido  /srv/fim-watch/gen_00231.txt ts=2026-09-18T12:59:35.309526+00:00
 [01961/3000] modify revertido  /srv/fim-watch/gen_00231.txt ts=2026-09-18T12:59:35.409523+00:00
 [01962/3000] create simple     /srv/fim-watch/gen_00387.txt ts=2026-09-18T12:59:35.509485+00:00
 [01963/3000] modify simple     /srv/fim-watch/gen_00282.txt ts=2026-09-18T12:59:35.609622+00:00
 [01964/3000] create simple     /srv/fim-watch/gen_00388.txt ts=2026-09-18T12:59:35.709649+00:00
 [01965/3000] delete simple     /srv/fim-watch/gen_00192.txt ts=2026-09-18T12:59:35.809361+00:00
 [01966/3000] modify simple     /srv/fim-watch/critico/gen_00351.txt ts=2026-09-18T12:59:35.909678+00:00
 [01967/3000] modify simple     /srv/fim-watch/critico/gen_00053.txt ts=2026-09-18T12:59:36.009705+00:00
 [01968/3000] create simple     /srv/fim-watch/gen_00389.txt ts=2026-09-18T12:59:36.109431+00:00
 [01969/3000] modify simple     /srv/fim-watch/gen_00264.txt ts=2026-09-18T12:59:36.209563+00:00
 [01970/3000] modify simple     /srv/fim-watch/critico/gen_00053.txt ts=2026-09-18T12:59:36.309749+00:00
 [01971/3000] modify simple     /srv/fim-watch/gen_00152.txt ts=2026-09-18T12:59:36.409720+00:00
 [01972/3000] modify simple     /srv/fim-watch/gen_00125.txt ts=2026-09-18T12:59:36.509706+00:00
 [01973/3000] modify revertido  /srv/fim-watch/gen_00235.txt ts=2026-09-18T12:59:36.609426+00:00
 [01974/3000] modify revertido  /srv/fim-watch/gen_00235.txt ts=2026-09-18T12:59:36.709806+00:00
 [01975/3000] modify simple     /srv/fim-watch/critico/gen_00304.txt ts=2026-09-18T12:59:36.809553+00:00
 [01976/3000] modify simple     /srv/fim-watch/gen_00303.txt ts=2026-09-18T12:59:36.909717+00:00
 [01977/3000] modify simple     /srv/fim-watch/gen_00165.txt ts=2026-09-18T12:59:37.009641+00:00
 [01978/3000] modify simple     /srv/fim-watch/gen_00365.txt ts=2026-09-18T12:59:37.109485+00:00
 [01979/3000] modify simple     /srv/fim-watch/gen_00105.txt ts=2026-09-18T12:59:37.209562+00:00
 [01980/3000] modify simple     /srv/fim-watch/gen_00386.txt ts=2026-09-18T12:59:37.309464+00:00
 [01981/3000] create efimero    /srv/fim-watch/critico/gen_00390.txt ts=2026-09-18T12:59:37.409235+00:00
 [01982/3000] delete efimero    /srv/fim-watch/critico/gen_00390.txt ts=2026-09-18T12:59:37.509132+00:00
 [01983/3000] modify colapsado  /srv/fim-watch/gen_00179.txt ts=2026-09-18T12:59:37.609490+00:00
 [01984/3000] modify colapsado  /srv/fim-watch/gen_00179.txt ts=2026-09-18T12:59:37.709394+00:00
 [01985/3000] modify colapsado  /srv/fim-watch/gen_00179.txt ts=2026-09-18T12:59:37.809338+00:00
 [01986/3000] modify colapsado  /srv/fim-watch/gen_00179.txt ts=2026-09-18T12:59:37.909329+00:00
 [01987/3000] modify colapsado  /srv/fim-watch/gen_00179.txt ts=2026-09-18T12:59:38.009577+00:00
 [01988/3000] modify simple     /srv/fim-watch/gen_00230.txt ts=2026-09-18T12:59:38.109566+00:00
 [01989/3000] modify simple     /srv/fim-watch/gen_00098.txt ts=2026-09-18T12:59:38.209605+00:00
 [01990/3000] modify revertido  /srv/fim-watch/gen_00166.txt ts=2026-09-18T12:59:38.309468+00:00
 [01991/3000] modify revertido  /srv/fim-watch/gen_00166.txt ts=2026-09-18T12:59:38.409641+00:00
 [01992/3000] modify simple     /srv/fim-watch/critico/gen_00189.txt ts=2026-09-18T12:59:38.509610+00:00
 [01993/3000] delete simple     /srv/fim-watch/gen_00264.txt ts=2026-09-18T12:59:38.609410+00:00
 [01994/3000] create simple     /srv/fim-watch/critico/gen_00391.txt ts=2026-09-18T12:59:38.709710+00:00
 [01995/3000] create simple     /srv/fim-watch/critico/gen_00392.txt ts=2026-09-18T12:59:38.809433+00:00
 [01996/3000] delete simple     /srv/fim-watch/gen_00260.txt ts=2026-09-18T12:59:38.909413+00:00
 [01997/3000] modify simple     /srv/fim-watch/gen_00293.txt ts=2026-09-18T12:59:39.009766+00:00
 [01998/3000] modify simple     /srv/fim-watch/gen_00250.txt ts=2026-09-18T12:59:39.109616+00:00
 [01999/3000] modify simple     /srv/fim-watch/gen_00166.txt ts=2026-09-18T12:59:39.209552+00:00
 [02000/3000] modify simple     /srv/fim-watch/gen_00179.txt ts=2026-09-18T12:59:39.309498+00:00
 [02001/3000] delete simple     /srv/fim-watch/gen_00348.txt ts=2026-09-18T12:59:39.409329+00:00
 [02002/3000] modify simple     /srv/fim-watch/gen_00232.txt ts=2026-09-18T12:59:39.509559+00:00
 [02003/3000] create simple     /srv/fim-watch/gen_00393.txt ts=2026-09-18T12:59:39.609438+00:00
 [02004/3000] modify simple     /srv/fim-watch/gen_00320.txt ts=2026-09-18T12:59:39.709599+00:00
 [02005/3000] modify simple     /srv/fim-watch/critico/gen_00354.txt ts=2026-09-18T12:59:39.809666+00:00
 [02006/3000] modify simple     /srv/fim-watch/gen_00256.txt ts=2026-09-18T12:59:39.909559+00:00
 [02007/3000] create simple     /srv/fim-watch/gen_00394.txt ts=2026-09-18T12:59:40.009480+00:00
 [02008/3000] modify colapsado  /srv/fim-watch/critico/gen_00379.txt ts=2026-09-18T12:59:40.109461+00:00
 [02009/3000] modify colapsado  /srv/fim-watch/critico/gen_00379.txt ts=2026-09-18T12:59:40.209553+00:00
 [02010/3000] modify colapsado  /srv/fim-watch/critico/gen_00379.txt ts=2026-09-18T12:59:40.309508+00:00
 [02011/3000] modify colapsado  /srv/fim-watch/critico/gen_00379.txt ts=2026-09-18T12:59:40.409375+00:00
 [02012/3000] modify colapsado  /srv/fim-watch/critico/gen_00379.txt ts=2026-09-18T12:59:40.509610+00:00
 [02013/3000] modify simple     /srv/fim-watch/gen_00364.txt ts=2026-09-18T12:59:40.609545+00:00
 [02014/3000] create simple     /srv/fim-watch/gen_00395.txt ts=2026-09-18T12:59:40.709641+00:00
 [02015/3000] modify simple     /srv/fim-watch/gen_00096.txt ts=2026-09-18T12:59:40.809781+00:00
 [02016/3000] create simple     /srv/fim-watch/gen_00396.txt ts=2026-09-18T12:59:40.909380+00:00
 [02017/3000] modify simple     /srv/fim-watch/critico/gen_00189.txt ts=2026-09-18T12:59:41.009766+00:00
 [02018/3000] modify simple     /srv/fim-watch/gen_00266.txt ts=2026-09-18T12:59:41.109552+00:00
 [02019/3000] modify simple     /srv/fim-watch/gen_00171.txt ts=2026-09-18T12:59:41.209375+00:00
 [02020/3000] modify simple     /srv/fim-watch/gen_00313.txt ts=2026-09-18T12:59:41.309846+00:00
 [02021/3000] modify revertido  /srv/fim-watch/gen_00316.txt ts=2026-09-18T12:59:41.409669+00:00
 [02022/3000] modify revertido  /srv/fim-watch/gen_00316.txt ts=2026-09-18T12:59:41.509737+00:00
 [02023/3000] modify simple     /srv/fim-watch/gen_00149.txt ts=2026-09-18T12:59:41.609547+00:00
 [02024/3000] create simple     /srv/fim-watch/gen_00397.txt ts=2026-09-18T12:59:41.709442+00:00
 [02025/3000] create simple     /srv/fim-watch/critico/gen_00398.txt ts=2026-09-18T12:59:41.809763+00:00
 [02026/3000] modify simple     /srv/fim-watch/critico/gen_00342.txt ts=2026-09-18T12:59:41.909539+00:00
 [02027/3000] modify simple     /srv/fim-watch/gen_00062.txt ts=2026-09-18T12:59:42.009595+00:00
 [02028/3000] create efimero    /srv/fim-watch/critico/gen_00399.txt ts=2026-09-18T12:59:42.109444+00:00
 [02029/3000] delete efimero    /srv/fim-watch/critico/gen_00399.txt ts=2026-09-18T12:59:42.209458+00:00
 [02030/3000] modify simple     /srv/fim-watch/gen_00115.txt ts=2026-09-18T12:59:42.309524+00:00
 [02031/3000] delete simple     /srv/fim-watch/gen_00171.txt ts=2026-09-18T12:59:42.409408+00:00
 [02032/3000] modify simple     /srv/fim-watch/gen_00136.txt ts=2026-09-18T12:59:42.509625+00:00
 [02033/3000] modify simple     /srv/fim-watch/gen_00365.txt ts=2026-09-18T12:59:42.609539+00:00
 [02034/3000] modify simple     /srv/fim-watch/gen_00241.txt ts=2026-09-18T12:59:42.709644+00:00
 [02035/3000] create simple     /srv/fim-watch/gen_00400.txt ts=2026-09-18T12:59:42.809432+00:00
 [02036/3000] create simple     /srv/fim-watch/gen_00401.txt ts=2026-09-18T12:59:42.909419+00:00
 [02037/3000] create simple     /srv/fim-watch/gen_00402.txt ts=2026-09-18T12:59:43.009158+00:00
 [02038/3000] create simple     /srv/fim-watch/gen_00403.txt ts=2026-09-18T12:59:43.109306+00:00
 [02039/3000] modify simple     /srv/fim-watch/critico/gen_00361.txt ts=2026-09-18T12:59:43.209347+00:00
 [02040/3000] modify simple     /srv/fim-watch/gen_00388.txt ts=2026-09-18T12:59:43.309355+00:00
 [02041/3000] modify simple     /srv/fim-watch/critico/gen_00184.txt ts=2026-09-18T12:59:43.409190+00:00
 [02042/3000] create simple     /srv/fim-watch/gen_00404.txt ts=2026-09-18T12:59:43.509265+00:00
 [02043/3000] create simple     /srv/fim-watch/gen_00405.txt ts=2026-09-18T12:59:43.609210+00:00
 [02044/3000] delete simple     /srv/fim-watch/critico/gen_00333.txt ts=2026-09-18T12:59:43.709275+00:00
 [02045/3000] modify simple     /srv/fim-watch/gen_00226.txt ts=2026-09-18T12:59:43.809367+00:00
 [02046/3000] modify simple     /srv/fim-watch/gen_00174.txt ts=2026-09-18T12:59:43.909184+00:00
 [02047/3000] modify simple     /srv/fim-watch/critico/gen_00332.txt ts=2026-09-18T12:59:44.009321+00:00
 [02048/3000] delete simple     /srv/fim-watch/gen_00177.txt ts=2026-09-18T12:59:44.109390+00:00
 [02049/3000] modify revertido  /srv/fim-watch/critico/gen_00345.txt ts=2026-09-18T12:59:44.209610+00:00
 [02050/3000] modify revertido  /srv/fim-watch/critico/gen_00345.txt ts=2026-09-18T12:59:44.309520+00:00
 [02051/3000] modify simple     /srv/fim-watch/critico/gen_00353.txt ts=2026-09-18T12:59:44.409524+00:00
 [02052/3000] modify simple     /srv/fim-watch/critico/gen_00242.txt ts=2026-09-18T12:59:44.509585+00:00
 [02053/3000] modify simple     /srv/fim-watch/gen_00259.txt ts=2026-09-18T12:59:44.609718+00:00
 [02054/3000] modify simple     /srv/fim-watch/gen_00314.txt ts=2026-09-18T12:59:44.709544+00:00
 [02055/3000] modify simple     /srv/fim-watch/gen_00275.txt ts=2026-09-18T12:59:44.809285+00:00
 [02056/3000] modify simple     /srv/fim-watch/gen_00115.txt ts=2026-09-18T12:59:44.909687+00:00
 [02057/3000] modify simple     /srv/fim-watch/gen_00175.txt ts=2026-09-18T12:59:45.009544+00:00
 [02058/3000] modify simple     /srv/fim-watch/critico/gen_00156.txt ts=2026-09-18T12:59:45.109450+00:00
 [02059/3000] create simple     /srv/fim-watch/gen_00406.txt ts=2026-09-18T12:59:45.209610+00:00
 [02060/3000] modify simple     /srv/fim-watch/gen_00136.txt ts=2026-09-18T12:59:45.309616+00:00
 [02061/3000] create simple     /srv/fim-watch/gen_00407.txt ts=2026-09-18T12:59:45.409894+00:00
 [02062/3000] modify simple     /srv/fim-watch/gen_00199.txt ts=2026-09-18T12:59:45.509300+00:00
 [02063/3000] modify simple     /srv/fim-watch/critico/gen_00312.txt ts=2026-09-18T12:59:45.609318+00:00
 [02064/3000] modify simple     /srv/fim-watch/gen_00316.txt ts=2026-09-18T12:59:45.709488+00:00
 [02065/3000] modify simple     /srv/fim-watch/critico/gen_00354.txt ts=2026-09-18T12:59:45.809529+00:00
 [02066/3000] create simple     /srv/fim-watch/critico/gen_00408.txt ts=2026-09-18T12:59:45.909292+00:00
 [02067/3000] modify simple     /srv/fim-watch/critico/gen_00310.txt ts=2026-09-18T12:59:46.009326+00:00
 [02068/3000] delete simple     /srv/fim-watch/gen_00271.txt ts=2026-09-18T12:59:46.109212+00:00
 [02069/3000] modify simple     /srv/fim-watch/gen_00193.txt ts=2026-09-18T12:59:46.209305+00:00
 [02070/3000] modify simple     /srv/fim-watch/gen_00036.txt ts=2026-09-18T12:59:46.309286+00:00
 [02071/3000] modify simple     /srv/fim-watch/critico/gen_00251.txt ts=2026-09-18T12:59:46.409308+00:00
 [02072/3000] modify simple     /srv/fim-watch/gen_00238.txt ts=2026-09-18T12:59:46.509339+00:00
 [02073/3000] delete simple     /srv/fim-watch/gen_00257.txt ts=2026-09-18T12:59:46.609360+00:00
 [02074/3000] modify colapsado  /srv/fim-watch/gen_00400.txt ts=2026-09-18T12:59:46.709440+00:00
 [02075/3000] modify colapsado  /srv/fim-watch/gen_00400.txt ts=2026-09-18T12:59:46.809478+00:00
 [02076/3000] modify colapsado  /srv/fim-watch/gen_00400.txt ts=2026-09-18T12:59:46.909461+00:00
 [02077/3000] modify colapsado  /srv/fim-watch/gen_00400.txt ts=2026-09-18T12:59:47.009290+00:00
 [02078/3000] modify colapsado  /srv/fim-watch/gen_00400.txt ts=2026-09-18T12:59:47.109272+00:00
 [02079/3000] create simple     /srv/fim-watch/critico/gen_00409.txt ts=2026-09-18T12:59:47.209399+00:00
 [02080/3000] modify revertido  /srv/fim-watch/gen_00142.txt ts=2026-09-18T12:59:47.309379+00:00
 [02081/3000] modify revertido  /srv/fim-watch/gen_00142.txt ts=2026-09-18T12:59:47.409435+00:00
 [02082/3000] create simple     /srv/fim-watch/gen_00410.txt ts=2026-09-18T12:59:47.509269+00:00
 [02083/3000] modify colapsado  /srv/fim-watch/gen_00269.txt ts=2026-09-18T12:59:47.609316+00:00
 [02084/3000] modify colapsado  /srv/fim-watch/gen_00269.txt ts=2026-09-18T12:59:47.709319+00:00
 [02085/3000] modify colapsado  /srv/fim-watch/gen_00269.txt ts=2026-09-18T12:59:47.809318+00:00
 [02086/3000] modify colapsado  /srv/fim-watch/gen_00269.txt ts=2026-09-18T12:59:47.909665+00:00
 [02087/3000] modify colapsado  /srv/fim-watch/gen_00269.txt ts=2026-09-18T12:59:48.009428+00:00
 [02088/3000] create simple     /srv/fim-watch/gen_00411.txt ts=2026-09-18T12:59:48.109320+00:00
 [02089/3000] create simple     /srv/fim-watch/gen_00412.txt ts=2026-09-18T12:59:48.209391+00:00
 [02090/3000] delete simple     /srv/fim-watch/gen_00340.txt ts=2026-09-18T12:59:48.309257+00:00
 [02091/3000] modify simple     /srv/fim-watch/gen_00231.txt ts=2026-09-18T12:59:48.409409+00:00
 [02092/3000] create simple     /srv/fim-watch/critico/gen_00413.txt ts=2026-09-18T12:59:48.509606+00:00
 [02093/3000] modify simple     /srv/fim-watch/critico/gen_00347.txt ts=2026-09-18T12:59:48.609653+00:00
 [02094/3000] modify revertido  /srv/fim-watch/gen_00203.txt ts=2026-09-18T12:59:48.709717+00:00
 [02095/3000] modify revertido  /srv/fim-watch/gen_00203.txt ts=2026-09-18T12:59:48.809537+00:00
 [02096/3000] create simple     /srv/fim-watch/critico/gen_00414.txt ts=2026-09-18T12:59:48.909524+00:00
 [02097/3000] modify simple     /srv/fim-watch/gen_00235.txt ts=2026-09-18T12:59:49.009578+00:00
 [02098/3000] modify simple     /srv/fim-watch/gen_00268.txt ts=2026-09-18T12:59:49.109461+00:00
 [02099/3000] create simple     /srv/fim-watch/critico/gen_00415.txt ts=2026-09-18T12:59:49.209241+00:00
 [02100/3000] modify simple     /srv/fim-watch/critico/gen_00272.txt ts=2026-09-18T12:59:49.309278+00:00
 [02101/3000] create simple     /srv/fim-watch/gen_00416.txt ts=2026-09-18T12:59:49.409207+00:00
 [02102/3000] modify simple     /srv/fim-watch/critico/gen_00409.txt ts=2026-09-18T12:59:49.509286+00:00
 [02103/3000] create simple     /srv/fim-watch/gen_00417.txt ts=2026-09-18T12:59:49.609161+00:00
 [02104/3000] create simple     /srv/fim-watch/gen_00418.txt ts=2026-09-18T12:59:49.709270+00:00
 [02105/3000] modify colapsado  /srv/fim-watch/gen_00265.txt ts=2026-09-18T12:59:49.809191+00:00
 [02106/3000] modify colapsado  /srv/fim-watch/gen_00265.txt ts=2026-09-18T12:59:49.909217+00:00
 [02107/3000] modify colapsado  /srv/fim-watch/gen_00265.txt ts=2026-09-18T12:59:50.009257+00:00
 [02108/3000] modify colapsado  /srv/fim-watch/gen_00265.txt ts=2026-09-18T12:59:50.109344+00:00
 [02109/3000] modify colapsado  /srv/fim-watch/gen_00265.txt ts=2026-09-18T12:59:50.209581+00:00
 [02110/3000] create simple     /srv/fim-watch/gen_00419.txt ts=2026-09-18T12:59:50.309407+00:00
 [02111/3000] modify revertido  /srv/fim-watch/gen_00349.txt ts=2026-09-18T12:59:50.409619+00:00
 [02112/3000] modify revertido  /srv/fim-watch/gen_00349.txt ts=2026-09-18T12:59:50.509650+00:00
 [02113/3000] delete simple     /srv/fim-watch/gen_00295.txt ts=2026-09-18T12:59:50.609471+00:00
 [02114/3000] modify simple     /srv/fim-watch/gen_00352.txt ts=2026-09-18T12:59:50.709615+00:00
 [02115/3000] modify revertido  /srv/fim-watch/critico/gen_00173.txt ts=2026-09-18T12:59:50.809514+00:00
 [02116/3000] modify revertido  /srv/fim-watch/critico/gen_00173.txt ts=2026-09-18T12:59:50.909611+00:00
 [02117/3000] create efimero    /srv/fim-watch/gen_00420.txt ts=2026-09-18T12:59:51.009374+00:00
 [02118/3000] delete efimero    /srv/fim-watch/gen_00420.txt ts=2026-09-18T12:59:51.109398+00:00
 [02119/3000] modify simple     /srv/fim-watch/gen_00365.txt ts=2026-09-18T12:59:51.209574+00:00
 [02120/3000] create simple     /srv/fim-watch/gen_00421.txt ts=2026-09-18T12:59:51.309359+00:00
 [02121/3000] create simple     /srv/fim-watch/gen_00422.txt ts=2026-09-18T12:59:51.409500+00:00
 [02122/3000] modify simple     /srv/fim-watch/gen_00136.txt ts=2026-09-18T12:59:51.509975+00:00
 [02123/3000] create simple     /srv/fim-watch/gen_00423.txt ts=2026-09-18T12:59:51.609430+00:00
 [02124/3000] modify colapsado  /srv/fim-watch/gen_00402.txt ts=2026-09-18T12:59:51.709692+00:00
 [02125/3000] modify colapsado  /srv/fim-watch/gen_00402.txt ts=2026-09-18T12:59:51.809710+00:00
 [02126/3000] modify colapsado  /srv/fim-watch/gen_00402.txt ts=2026-09-18T12:59:51.909655+00:00
 [02127/3000] modify colapsado  /srv/fim-watch/gen_00402.txt ts=2026-09-18T12:59:52.009789+00:00
 [02128/3000] modify colapsado  /srv/fim-watch/gen_00402.txt ts=2026-09-18T12:59:52.109590+00:00
 [02129/3000] create simple     /srv/fim-watch/gen_00424.txt ts=2026-09-18T12:59:52.209473+00:00
 [02130/3000] modify simple     /srv/fim-watch/critico/gen_00312.txt ts=2026-09-18T12:59:52.309469+00:00
 [02131/3000] modify simple     /srv/fim-watch/gen_00020.txt ts=2026-09-18T12:59:52.409688+00:00
 [02132/3000] modify simple     /srv/fim-watch/gen_00125.txt ts=2026-09-18T12:59:52.509666+00:00
 [02133/3000] modify revertido  /srv/fim-watch/gen_00352.txt ts=2026-09-18T12:59:52.609518+00:00
 [02134/3000] modify revertido  /srv/fim-watch/gen_00352.txt ts=2026-09-18T12:59:52.709537+00:00
 [02135/3000] delete simple     /srv/fim-watch/gen_00187.txt ts=2026-09-18T12:59:52.809385+00:00
 [02136/3000] delete simple     /srv/fim-watch/critico/gen_00173.txt ts=2026-09-18T12:59:52.909345+00:00
 [02137/3000] delete simple     /srv/fim-watch/gen_00129.txt ts=2026-09-18T12:59:53.009521+00:00
 [02138/3000] modify simple     /srv/fim-watch/gen_00241.txt ts=2026-09-18T12:59:53.109455+00:00
 [02139/3000] create simple     /srv/fim-watch/gen_00425.txt ts=2026-09-18T12:59:53.209496+00:00
 [02140/3000] create simple     /srv/fim-watch/gen_00426.txt ts=2026-09-18T12:59:53.309347+00:00
 [02141/3000] create simple     /srv/fim-watch/gen_00427.txt ts=2026-09-18T12:59:53.409497+00:00
 [02142/3000] modify simple     /srv/fim-watch/gen_00356.txt ts=2026-09-18T12:59:53.509755+00:00
 [02143/3000] modify colapsado  /srv/fim-watch/gen_00188.txt ts=2026-09-18T12:59:53.609730+00:00
 [02144/3000] modify colapsado  /srv/fim-watch/gen_00188.txt ts=2026-09-18T12:59:53.709772+00:00
 [02145/3000] modify colapsado  /srv/fim-watch/gen_00188.txt ts=2026-09-18T12:59:53.809736+00:00
 [02146/3000] modify colapsado  /srv/fim-watch/gen_00188.txt ts=2026-09-18T12:59:53.909721+00:00
 [02147/3000] modify colapsado  /srv/fim-watch/gen_00188.txt ts=2026-09-18T12:59:54.009725+00:00
 [02148/3000] modify simple     /srv/fim-watch/critico/gen_00332.txt ts=2026-09-18T12:59:54.109603+00:00
 [02149/3000] modify revertido  /srv/fim-watch/gen_00331.txt ts=2026-09-18T12:59:54.209570+00:00
 [02150/3000] modify revertido  /srv/fim-watch/gen_00331.txt ts=2026-09-18T12:59:54.309423+00:00
 [02151/3000] create simple     /srv/fim-watch/critico/gen_00428.txt ts=2026-09-18T12:59:54.409800+00:00
 [02152/3000] create simple     /srv/fim-watch/gen_00429.txt ts=2026-09-18T12:59:54.509704+00:00
 [02153/3000] modify revertido  /srv/fim-watch/gen_00309.txt ts=2026-09-18T12:59:54.609702+00:00
 [02154/3000] modify revertido  /srv/fim-watch/gen_00309.txt ts=2026-09-18T12:59:54.709586+00:00
 [02155/3000] create simple     /srv/fim-watch/gen_00430.txt ts=2026-09-18T12:59:54.809593+00:00
 [02156/3000] modify simple     /srv/fim-watch/critico/gen_00262.txt ts=2026-09-18T12:59:54.909611+00:00
 [02157/3000] modify colapsado  /srv/fim-watch/gen_00196.txt ts=2026-09-18T12:59:55.009673+00:00
 [02158/3000] modify colapsado  /srv/fim-watch/gen_00196.txt ts=2026-09-18T12:59:55.109557+00:00
 [02159/3000] modify colapsado  /srv/fim-watch/gen_00196.txt ts=2026-09-18T12:59:55.209420+00:00
 [02160/3000] modify colapsado  /srv/fim-watch/gen_00196.txt ts=2026-09-18T12:59:55.309214+00:00
 [02161/3000] modify colapsado  /srv/fim-watch/gen_00196.txt ts=2026-09-18T12:59:55.409398+00:00
 [02162/3000] modify simple     /srv/fim-watch/gen_00274.txt ts=2026-09-18T12:59:55.509424+00:00
 [02163/3000] modify simple     /srv/fim-watch/gen_00395.txt ts=2026-09-18T12:59:55.609379+00:00
 [02164/3000] modify simple     /srv/fim-watch/gen_00306.txt ts=2026-09-18T12:59:55.709335+00:00
 [02165/3000] modify simple     /srv/fim-watch/gen_00139.txt ts=2026-09-18T12:59:55.809345+00:00
 [02166/3000] create simple     /srv/fim-watch/gen_00431.txt ts=2026-09-18T12:59:55.909211+00:00
 [02167/3000] modify simple     /srv/fim-watch/gen_00193.txt ts=2026-09-18T12:59:56.009475+00:00
 [02168/3000] create efimero    /srv/fim-watch/critico/gen_00432.txt ts=2026-09-18T12:59:56.109282+00:00
 [02169/3000] delete efimero    /srv/fim-watch/critico/gen_00432.txt ts=2026-09-18T12:59:56.209404+00:00
 [02170/3000] delete simple     /srv/fim-watch/gen_00275.txt ts=2026-09-18T12:59:56.309152+00:00
 [02171/3000] create simple     /srv/fim-watch/gen_00433.txt ts=2026-09-18T12:59:56.409471+00:00
 [02172/3000] modify simple     /srv/fim-watch/gen_00125.txt ts=2026-09-18T12:59:56.509686+00:00
 [02173/3000] modify simple     /srv/fim-watch/gen_00285.txt ts=2026-09-18T12:59:56.609646+00:00
 [02174/3000] create simple     /srv/fim-watch/gen_00434.txt ts=2026-09-18T12:59:56.709630+00:00
 [02175/3000] modify simple     /srv/fim-watch/gen_00320.txt ts=2026-09-18T12:59:56.809832+00:00
 [02176/3000] create simple     /srv/fim-watch/gen_00435.txt ts=2026-09-18T12:59:56.909560+00:00
 [02177/3000] create simple     /srv/fim-watch/gen_00436.txt ts=2026-09-18T12:59:57.009509+00:00
 [02178/3000] create simple     /srv/fim-watch/critico/gen_00437.txt ts=2026-09-18T12:59:57.109470+00:00
 [02179/3000] modify simple     /srv/fim-watch/gen_00263.txt ts=2026-09-18T12:59:57.209732+00:00
 [02180/3000] modify simple     /srv/fim-watch/gen_00401.txt ts=2026-09-18T12:59:57.309930+00:00
 [02181/3000] create simple     /srv/fim-watch/critico/gen_00438.txt ts=2026-09-18T12:59:57.409586+00:00
 [02182/3000] modify simple     /srv/fim-watch/gen_00359.txt ts=2026-09-18T12:59:57.509660+00:00
 [02183/3000] create simple     /srv/fim-watch/gen_00439.txt ts=2026-09-18T12:59:57.609454+00:00
 [02184/3000] modify revertido  /srv/fim-watch/gen_00403.txt ts=2026-09-18T12:59:57.709473+00:00
 [02185/3000] modify revertido  /srv/fim-watch/gen_00403.txt ts=2026-09-18T12:59:57.809584+00:00
 [02186/3000] modify simple     /srv/fim-watch/gen_00418.txt ts=2026-09-18T12:59:57.909644+00:00
 [02187/3000] modify simple     /srv/fim-watch/critico/gen_00209.txt ts=2026-09-18T12:59:58.009622+00:00
 [02188/3000] modify simple     /srv/fim-watch/critico/gen_00336.txt ts=2026-09-18T12:59:58.109531+00:00
 [02189/3000] modify revertido  /srv/fim-watch/gen_00282.txt ts=2026-09-18T12:59:58.209606+00:00
 [02190/3000] modify revertido  /srv/fim-watch/gen_00282.txt ts=2026-09-18T12:59:58.309529+00:00
 [02191/3000] modify simple     /srv/fim-watch/gen_00139.txt ts=2026-09-18T12:59:58.409564+00:00
 [02192/3000] modify simple     /srv/fim-watch/gen_00226.txt ts=2026-09-18T12:59:58.509386+00:00
 [02193/3000] delete simple     /srv/fim-watch/gen_00366.txt ts=2026-09-18T12:59:58.609483+00:00
 [02194/3000] modify simple     /srv/fim-watch/critico/gen_00156.txt ts=2026-09-18T12:59:58.709614+00:00
 [02195/3000] delete simple     /srv/fim-watch/gen_00411.txt ts=2026-09-18T12:59:58.809435+00:00
 [02196/3000] modify simple     /srv/fim-watch/gen_00036.txt ts=2026-09-18T12:59:58.909734+00:00
 [02197/3000] modify simple     /srv/fim-watch/gen_00389.txt ts=2026-09-18T12:59:59.009667+00:00
 [02198/3000] modify simple     /srv/fim-watch/gen_00149.txt ts=2026-09-18T12:59:59.109543+00:00
 [02199/3000] create simple     /srv/fim-watch/gen_00440.txt ts=2026-09-18T12:59:59.209489+00:00
 [02200/3000] modify simple     /srv/fim-watch/gen_00329.txt ts=2026-09-18T12:59:59.309646+00:00
 [02201/3000] modify colapsado  /srv/fim-watch/gen_00384.txt ts=2026-09-18T12:59:59.409594+00:00
 [02202/3000] modify colapsado  /srv/fim-watch/gen_00384.txt ts=2026-09-18T12:59:59.509683+00:00
 [02203/3000] modify colapsado  /srv/fim-watch/gen_00384.txt ts=2026-09-18T12:59:59.609596+00:00
 [02204/3000] modify colapsado  /srv/fim-watch/gen_00384.txt ts=2026-09-18T12:59:59.709727+00:00
 [02205/3000] modify colapsado  /srv/fim-watch/gen_00384.txt ts=2026-09-18T12:59:59.809827+00:00
 [02206/3000] create simple     /srv/fim-watch/gen_00441.txt ts=2026-09-18T12:59:59.909584+00:00
 [02207/3000] create simple     /srv/fim-watch/gen_00442.txt ts=2026-09-18T13:00:00.009457+00:00
 [02208/3000] modify simple     /srv/fim-watch/gen_00230.txt ts=2026-09-18T13:00:00.109406+00:00
 [02209/3000] modify simple     /srv/fim-watch/critico/gen_00369.txt ts=2026-09-18T13:00:00.209446+00:00
 [02210/3000] modify simple     /srv/fim-watch/gen_00204.txt ts=2026-09-18T13:00:00.309668+00:00
 [02211/3000] modify simple     /srv/fim-watch/critico/gen_00123.txt ts=2026-09-18T13:00:00.409828+00:00
 [02212/3000] delete simple     /srv/fim-watch/gen_00265.txt ts=2026-09-18T13:00:00.509460+00:00
 [02213/3000] modify simple     /srv/fim-watch/gen_00050.txt ts=2026-09-18T13:00:00.609494+00:00
 [02214/3000] create simple     /srv/fim-watch/gen_00443.txt ts=2026-09-18T13:00:00.709620+00:00
 [02215/3000] modify simple     /srv/fim-watch/gen_00195.txt ts=2026-09-18T13:00:00.809639+00:00
 [02216/3000] modify simple     /srv/fim-watch/gen_00405.txt ts=2026-09-18T13:00:00.909682+00:00
 [02217/3000] modify revertido  /srv/fim-watch/critico/gen_00322.txt ts=2026-09-18T13:00:01.009363+00:00
 [02218/3000] modify revertido  /srv/fim-watch/critico/gen_00322.txt ts=2026-09-18T13:00:01.109545+00:00
 [02219/3000] modify simple     /srv/fim-watch/gen_00313.txt ts=2026-09-18T13:00:01.209279+00:00
 [02220/3000] modify simple     /srv/fim-watch/gen_00427.txt ts=2026-09-18T13:00:01.309703+00:00
 [02221/3000] create simple     /srv/fim-watch/critico/gen_00444.txt ts=2026-09-18T13:00:01.409216+00:00
 [02222/3000] modify simple     /srv/fim-watch/gen_00219.txt ts=2026-09-18T13:00:01.509351+00:00
 [02223/3000] modify simple     /srv/fim-watch/gen_00213.txt ts=2026-09-18T13:00:01.609326+00:00
 [02224/3000] delete simple     /srv/fim-watch/gen_00297.txt ts=2026-09-18T13:00:01.709270+00:00
 [02225/3000] modify simple     /srv/fim-watch/gen_00020.txt ts=2026-09-18T13:00:01.809310+00:00
 [02226/3000] create simple     /srv/fim-watch/gen_00445.txt ts=2026-09-18T13:00:01.909238+00:00
 [02227/3000] modify simple     /srv/fim-watch/gen_00152.txt ts=2026-09-18T13:00:02.009292+00:00
 [02228/3000] delete simple     /srv/fim-watch/gen_00407.txt ts=2026-09-18T13:00:02.109228+00:00
 [02229/3000] create simple     /srv/fim-watch/gen_00446.txt ts=2026-09-18T13:00:02.209159+00:00
 [02230/3000] modify simple     /srv/fim-watch/gen_00355.txt ts=2026-09-18T13:00:02.309599+00:00
 [02231/3000] delete simple     /srv/fim-watch/gen_00319.txt ts=2026-09-18T13:00:02.409648+00:00
 [02232/3000] modify simple     /srv/fim-watch/gen_00285.txt ts=2026-09-18T13:00:02.509679+00:00
 [02233/3000] modify simple     /srv/fim-watch/gen_00193.txt ts=2026-09-18T13:00:02.609722+00:00
 [02234/3000] modify simple     /srv/fim-watch/critico/gen_00371.txt ts=2026-09-18T13:00:02.709711+00:00
 [02235/3000] modify revertido  /srv/fim-watch/critico/gen_00242.txt ts=2026-09-18T13:00:02.809604+00:00
 [02236/3000] modify revertido  /srv/fim-watch/critico/gen_00242.txt ts=2026-09-18T13:00:02.909600+00:00
 [02237/3000] modify simple     /srv/fim-watch/gen_00166.txt ts=2026-09-18T13:00:03.009684+00:00
 [02238/3000] modify simple     /srv/fim-watch/gen_00412.txt ts=2026-09-18T13:00:03.109546+00:00
 [02239/3000] modify simple     /srv/fim-watch/gen_00105.txt ts=2026-09-18T13:00:03.209572+00:00
 [02240/3000] modify colapsado  /srv/fim-watch/gen_00418.txt ts=2026-09-18T13:00:03.309823+00:00
 [02241/3000] modify colapsado  /srv/fim-watch/gen_00418.txt ts=2026-09-18T13:00:03.409678+00:00
 [02242/3000] modify colapsado  /srv/fim-watch/gen_00418.txt ts=2026-09-18T13:00:03.509748+00:00
 [02243/3000] modify colapsado  /srv/fim-watch/gen_00418.txt ts=2026-09-18T13:00:03.609709+00:00
 [02244/3000] modify colapsado  /srv/fim-watch/gen_00418.txt ts=2026-09-18T13:00:03.709613+00:00
 [02245/3000] modify simple     /srv/fim-watch/gen_00375.txt ts=2026-09-18T13:00:03.809606+00:00
 [02246/3000] modify simple     /srv/fim-watch/gen_00234.txt ts=2026-09-18T13:00:03.909570+00:00
 [02247/3000] modify revertido  /srv/fim-watch/gen_00298.txt ts=2026-09-18T13:00:04.009690+00:00
 [02248/3000] modify revertido  /srv/fim-watch/gen_00298.txt ts=2026-09-18T13:00:04.109524+00:00
 [02249/3000] modify simple     /srv/fim-watch/gen_00422.txt ts=2026-09-18T13:00:04.209535+00:00
 [02250/3000] create efimero    /srv/fim-watch/gen_00447.txt ts=2026-09-18T13:00:04.309510+00:00
 [02251/3000] delete efimero    /srv/fim-watch/gen_00447.txt ts=2026-09-18T13:00:04.409462+00:00
 [02252/3000] modify simple     /srv/fim-watch/gen_00367.txt ts=2026-09-18T13:00:04.509683+00:00
 [02253/3000] delete simple     /srv/fim-watch/gen_00423.txt ts=2026-09-18T13:00:04.609557+00:00
 [02254/3000] modify revertido  /srv/fim-watch/gen_00346.txt ts=2026-09-18T13:00:04.709638+00:00
 [02255/3000] modify revertido  /srv/fim-watch/gen_00346.txt ts=2026-09-18T13:00:04.809562+00:00
 [02256/3000] modify simple     /srv/fim-watch/critico/gen_00312.txt ts=2026-09-18T13:00:04.909691+00:00
 [02257/3000] modify simple     /srv/fim-watch/critico/gen_00061.txt ts=2026-09-18T13:00:05.009521+00:00
 [02258/3000] create simple     /srv/fim-watch/gen_00448.txt ts=2026-09-18T13:00:05.109430+00:00
 [02259/3000] create simple     /srv/fim-watch/gen_00449.txt ts=2026-09-18T13:00:05.209476+00:00
 [02260/3000] modify simple     /srv/fim-watch/gen_00179.txt ts=2026-09-18T13:00:05.309537+00:00
 [02261/3000] modify revertido  /srv/fim-watch/gen_00254.txt ts=2026-09-18T13:00:05.409691+00:00
 [02262/3000] modify revertido  /srv/fim-watch/gen_00254.txt ts=2026-09-18T13:00:05.509570+00:00
 [02263/3000] modify simple     /srv/fim-watch/gen_00443.txt ts=2026-09-18T13:00:05.609288+00:00
 [02264/3000] modify simple     /srv/fim-watch/gen_00383.txt ts=2026-09-18T13:00:05.709662+00:00
 [02265/3000] modify simple     /srv/fim-watch/critico/gen_00351.txt ts=2026-09-18T13:00:05.809670+00:00
 [02266/3000] create simple     /srv/fim-watch/gen_00450.txt ts=2026-09-18T13:00:05.909641+00:00
 [02267/3000] modify revertido  /srv/fim-watch/gen_00114.txt ts=2026-09-18T13:00:06.009685+00:00
 [02268/3000] modify revertido  /srv/fim-watch/gen_00114.txt ts=2026-09-18T13:00:06.109565+00:00
 [02269/3000] create simple     /srv/fim-watch/critico/gen_00451.txt ts=2026-09-18T13:00:06.209449+00:00
 [02270/3000] create simple     /srv/fim-watch/gen_00452.txt ts=2026-09-18T13:00:06.309411+00:00
 [02271/3000] create simple     /srv/fim-watch/gen_00453.txt ts=2026-09-18T13:00:06.409405+00:00
 [02272/3000] delete simple     /srv/fim-watch/gen_00433.txt ts=2026-09-18T13:00:06.509521+00:00
 [02273/3000] modify simple     /srv/fim-watch/critico/gen_00288.txt ts=2026-09-18T13:00:06.609753+00:00
 [02274/3000] modify revertido  /srv/fim-watch/gen_00125.txt ts=2026-09-18T13:00:06.709624+00:00
 [02275/3000] modify revertido  /srv/fim-watch/gen_00125.txt ts=2026-09-18T13:00:06.809592+00:00
 [02276/3000] modify simple     /srv/fim-watch/critico/gen_00414.txt ts=2026-09-18T13:00:06.909886+00:00
 [02277/3000] modify simple     /srv/fim-watch/gen_00298.txt ts=2026-09-18T13:00:07.009657+00:00
 [02278/3000] modify simple     /srv/fim-watch/gen_00263.txt ts=2026-09-18T13:00:07.109682+00:00
 [02279/3000] create simple     /srv/fim-watch/gen_00454.txt ts=2026-09-18T13:00:07.209518+00:00
 [02280/3000] modify simple     /srv/fim-watch/critico/gen_00130.txt ts=2026-09-18T13:00:07.309214+00:00
 [02281/3000] create simple     /srv/fim-watch/gen_00455.txt ts=2026-09-18T13:00:07.409208+00:00
 [02282/3000] modify simple     /srv/fim-watch/gen_00317.txt ts=2026-09-18T13:00:07.509293+00:00
 [02283/3000] modify simple     /srv/fim-watch/gen_00163.txt ts=2026-09-18T13:00:07.609549+00:00
 [02284/3000] create simple     /srv/fim-watch/critico/gen_00456.txt ts=2026-09-18T13:00:07.709148+00:00
 [02285/3000] create simple     /srv/fim-watch/critico/gen_00457.txt ts=2026-09-18T13:00:07.809159+00:00
 [02286/3000] modify simple     /srv/fim-watch/gen_00405.txt ts=2026-09-18T13:00:07.909529+00:00
 [02287/3000] modify simple     /srv/fim-watch/gen_00195.txt ts=2026-09-18T13:00:08.009329+00:00
 [02288/3000] modify simple     /srv/fim-watch/gen_00308.txt ts=2026-09-18T13:00:08.109316+00:00
 [02289/3000] create simple     /srv/fim-watch/gen_00458.txt ts=2026-09-18T13:00:08.209143+00:00
 [02290/3000] modify simple     /srv/fim-watch/gen_00098.txt ts=2026-09-18T13:00:08.309359+00:00
 [02291/3000] create simple     /srv/fim-watch/gen_00459.txt ts=2026-09-18T13:00:08.409157+00:00
 [02292/3000] modify simple     /srv/fim-watch/gen_00331.txt ts=2026-09-18T13:00:08.509552+00:00
 [02293/3000] create simple     /srv/fim-watch/gen_00460.txt ts=2026-09-18T13:00:08.609502+00:00
 [02294/3000] modify simple     /srv/fim-watch/gen_00199.txt ts=2026-09-18T13:00:08.709601+00:00
 [02295/3000] create simple     /srv/fim-watch/critico/gen_00461.txt ts=2026-09-18T13:00:08.809454+00:00
 [02296/3000] modify simple     /srv/fim-watch/critico/gen_00330.txt ts=2026-09-18T13:00:08.909716+00:00
 [02297/3000] modify simple     /srv/fim-watch/gen_00313.txt ts=2026-09-18T13:00:09.010014+00:00
 [02298/3000] modify simple     /srv/fim-watch/gen_00250.txt ts=2026-09-18T13:00:09.109691+00:00
 [02299/3000] modify simple     /srv/fim-watch/gen_00412.txt ts=2026-09-18T13:00:09.209593+00:00
 [02300/3000] create efimero    /srv/fim-watch/gen_00462.txt ts=2026-09-18T13:00:09.309464+00:00
 [02301/3000] delete efimero    /srv/fim-watch/gen_00462.txt ts=2026-09-18T13:00:09.409517+00:00
 [02302/3000] create simple     /srv/fim-watch/critico/gen_00463.txt ts=2026-09-18T13:00:09.509567+00:00
 [02303/3000] modify simple     /srv/fim-watch/gen_00401.txt ts=2026-09-18T13:00:09.609621+00:00
 [02304/3000] modify simple     /srv/fim-watch/critico/gen_00184.txt ts=2026-09-18T13:00:09.709634+00:00
 [02305/3000] modify simple     /srv/fim-watch/gen_00226.txt ts=2026-09-18T13:00:09.809671+00:00
 [02306/3000] modify simple     /srv/fim-watch/gen_00268.txt ts=2026-09-18T13:00:09.909671+00:00
 [02307/3000] delete simple     /srv/fim-watch/gen_00334.txt ts=2026-09-18T13:00:10.009451+00:00
 [02308/3000] modify simple     /srv/fim-watch/gen_00453.txt ts=2026-09-18T13:00:10.109499+00:00
 [02309/3000] modify simple     /srv/fim-watch/critico/gen_00413.txt ts=2026-09-18T13:00:10.209651+00:00
 [02310/3000] modify simple     /srv/fim-watch/gen_00282.txt ts=2026-09-18T13:00:10.309448+00:00
 [02311/3000] modify revertido  /srv/fim-watch/gen_00431.txt ts=2026-09-18T13:00:10.409644+00:00
 [02312/3000] modify revertido  /srv/fim-watch/gen_00431.txt ts=2026-09-18T13:00:10.509557+00:00
 [02313/3000] modify simple     /srv/fim-watch/critico/gen_00253.txt ts=2026-09-18T13:00:10.609613+00:00
 [02314/3000] modify simple     /srv/fim-watch/gen_00377.txt ts=2026-09-18T13:00:10.709630+00:00
 [02315/3000] modify simple     /srv/fim-watch/gen_00405.txt ts=2026-09-18T13:00:10.809656+00:00
 [02316/3000] modify simple     /srv/fim-watch/gen_00285.txt ts=2026-09-18T13:00:10.909729+00:00
 [02317/3000] modify simple     /srv/fim-watch/critico/gen_00322.txt ts=2026-09-18T13:00:11.009606+00:00
 [02318/3000] create simple     /srv/fim-watch/gen_00464.txt ts=2026-09-18T13:00:11.109507+00:00
 [02319/3000] create simple     /srv/fim-watch/critico/gen_00465.txt ts=2026-09-18T13:00:11.209566+00:00
 [02320/3000] modify simple     /srv/fim-watch/gen_00198.txt ts=2026-09-18T13:00:11.309561+00:00
 [02321/3000] modify simple     /srv/fim-watch/gen_00427.txt ts=2026-09-18T13:00:11.409729+00:00
 [02322/3000] modify simple     /srv/fim-watch/gen_00427.txt ts=2026-09-18T13:00:11.509610+00:00
 [02323/3000] create simple     /srv/fim-watch/gen_00466.txt ts=2026-09-18T13:00:11.609547+00:00
 [02324/3000] modify revertido  /srv/fim-watch/critico/gen_00053.txt ts=2026-09-18T13:00:11.709675+00:00
 [02325/3000] modify revertido  /srv/fim-watch/critico/gen_00053.txt ts=2026-09-18T13:00:11.809681+00:00
 [02326/3000] delete simple     /srv/fim-watch/gen_00306.txt ts=2026-09-18T13:00:11.909676+00:00
 [02327/3000] create simple     /srv/fim-watch/gen_00467.txt ts=2026-09-18T13:00:12.009504+00:00
 [02328/3000] modify simple     /srv/fim-watch/gen_00165.txt ts=2026-09-18T13:00:12.109551+00:00
 [02329/3000] create simple     /srv/fim-watch/gen_00468.txt ts=2026-09-18T13:00:12.209509+00:00
 [02330/3000] create simple     /srv/fim-watch/gen_00469.txt ts=2026-09-18T13:00:12.309519+00:00
 [02331/3000] modify simple     /srv/fim-watch/gen_00228.txt ts=2026-09-18T13:00:12.409548+00:00
 [02332/3000] modify simple     /srv/fim-watch/critico/gen_00342.txt ts=2026-09-18T13:00:12.509671+00:00
 [02333/3000] modify simple     /srv/fim-watch/gen_00422.txt ts=2026-09-18T13:00:12.609639+00:00
 [02334/3000] delete simple     /srv/fim-watch/critico/gen_00371.txt ts=2026-09-18T13:00:12.709282+00:00
 [02335/3000] modify revertido  /srv/fim-watch/gen_00096.txt ts=2026-09-18T13:00:12.809595+00:00
 [02336/3000] modify revertido  /srv/fim-watch/gen_00096.txt ts=2026-09-18T13:00:12.909567+00:00
 [02337/3000] modify simple     /srv/fim-watch/gen_00404.txt ts=2026-09-18T13:00:13.009596+00:00
 [02338/3000] modify colapsado  /srv/fim-watch/gen_00434.txt ts=2026-09-18T13:00:13.109545+00:00
 [02339/3000] modify colapsado  /srv/fim-watch/gen_00434.txt ts=2026-09-18T13:00:13.209533+00:00
 [02340/3000] modify colapsado  /srv/fim-watch/gen_00434.txt ts=2026-09-18T13:00:13.309628+00:00
 [02341/3000] modify colapsado  /srv/fim-watch/gen_00434.txt ts=2026-09-18T13:00:13.409585+00:00
 [02342/3000] modify colapsado  /srv/fim-watch/gen_00434.txt ts=2026-09-18T13:00:13.509510+00:00
 [02343/3000] modify simple     /srv/fim-watch/gen_00114.txt ts=2026-09-18T13:00:13.609578+00:00
 [02344/3000] delete simple     /srv/fim-watch/gen_00427.txt ts=2026-09-18T13:00:13.709262+00:00
 [02345/3000] modify simple     /srv/fim-watch/critico/gen_00061.txt ts=2026-09-18T13:00:13.809522+00:00
 [02346/3000] create simple     /srv/fim-watch/gen_00470.txt ts=2026-09-18T13:00:13.909254+00:00
 [02347/3000] delete simple     /srv/fim-watch/gen_00175.txt ts=2026-09-18T13:00:14.009231+00:00
 [02348/3000] create efimero    /srv/fim-watch/critico/gen_00471.txt ts=2026-09-18T13:00:14.109393+00:00
 [02349/3000] delete efimero    /srv/fim-watch/critico/gen_00471.txt ts=2026-09-18T13:00:14.209224+00:00
 [02350/3000] modify simple     /srv/fim-watch/gen_00393.txt ts=2026-09-18T13:00:14.309345+00:00
 [02351/3000] create simple     /srv/fim-watch/gen_00472.txt ts=2026-09-18T13:00:14.409197+00:00
 [02352/3000] modify simple     /srv/fim-watch/gen_00096.txt ts=2026-09-18T13:00:14.509306+00:00
 [02353/3000] modify simple     /srv/fim-watch/gen_00290.txt ts=2026-09-18T13:00:14.609327+00:00
 [02354/3000] modify simple     /srv/fim-watch/gen_00367.txt ts=2026-09-18T13:00:14.709183+00:00
 [02355/3000] modify revertido  /srv/fim-watch/critico/gen_00209.txt ts=2026-09-18T13:00:14.809211+00:00
 [02356/3000] modify revertido  /srv/fim-watch/critico/gen_00209.txt ts=2026-09-18T13:00:14.909552+00:00
 [02357/3000] create simple     /srv/fim-watch/gen_00473.txt ts=2026-09-18T13:00:15.009422+00:00
 [02358/3000] modify simple     /srv/fim-watch/critico/gen_00253.txt ts=2026-09-18T13:00:15.109591+00:00
 [02359/3000] create simple     /srv/fim-watch/gen_00474.txt ts=2026-09-18T13:00:15.209435+00:00
 [02360/3000] delete simple     /srv/fim-watch/gen_00393.txt ts=2026-09-18T13:00:15.309393+00:00
 [02361/3000] modify revertido  /srv/fim-watch/gen_00449.txt ts=2026-09-18T13:00:15.409564+00:00
 [02362/3000] modify revertido  /srv/fim-watch/gen_00449.txt ts=2026-09-18T13:00:15.509604+00:00
 [02363/3000] create simple     /srv/fim-watch/gen_00475.txt ts=2026-09-18T13:00:15.609434+00:00
 [02364/3000] modify simple     /srv/fim-watch/gen_00230.txt ts=2026-09-18T13:00:15.709317+00:00
 [02365/3000] modify simple     /srv/fim-watch/critico/gen_00428.txt ts=2026-09-18T13:00:15.809482+00:00
 [02366/3000] create simple     /srv/fim-watch/critico/gen_00476.txt ts=2026-09-18T13:00:15.909740+00:00
 [02367/3000] modify simple     /srv/fim-watch/gen_00235.txt ts=2026-09-18T13:00:16.009789+00:00
 [02368/3000] modify simple     /srv/fim-watch/gen_00430.txt ts=2026-09-18T13:00:16.109534+00:00
 [02369/3000] create simple     /srv/fim-watch/gen_00477.txt ts=2026-09-18T13:00:16.209564+00:00
 [02370/3000] modify simple     /srv/fim-watch/critico/gen_00437.txt ts=2026-09-18T13:00:16.309358+00:00
 [02371/3000] modify simple     /srv/fim-watch/gen_00395.txt ts=2026-09-18T13:00:16.409582+00:00
 [02372/3000] delete simple     /srv/fim-watch/gen_00314.txt ts=2026-09-18T13:00:16.509492+00:00
 [02373/3000] modify colapsado  /srv/fim-watch/gen_00446.txt ts=2026-09-18T13:00:16.609562+00:00
 [02374/3000] modify colapsado  /srv/fim-watch/gen_00446.txt ts=2026-09-18T13:00:16.709562+00:00
 [02375/3000] modify colapsado  /srv/fim-watch/gen_00446.txt ts=2026-09-18T13:00:16.809616+00:00
 [02376/3000] modify colapsado  /srv/fim-watch/gen_00446.txt ts=2026-09-18T13:00:16.909615+00:00
 [02377/3000] modify colapsado  /srv/fim-watch/gen_00446.txt ts=2026-09-18T13:00:17.009584+00:00
 [02378/3000] modify simple     /srv/fim-watch/gen_00352.txt ts=2026-09-18T13:00:17.109563+00:00
 [02379/3000] delete simple     /srv/fim-watch/gen_00349.txt ts=2026-09-18T13:00:17.209335+00:00
 [02380/3000] modify colapsado  /srv/fim-watch/critico/gen_00253.txt ts=2026-09-18T13:00:17.309756+00:00
 [02381/3000] modify colapsado  /srv/fim-watch/critico/gen_00253.txt ts=2026-09-18T13:00:17.409556+00:00
 [02382/3000] modify colapsado  /srv/fim-watch/critico/gen_00253.txt ts=2026-09-18T13:00:17.509774+00:00
 [02383/3000] modify colapsado  /srv/fim-watch/critico/gen_00253.txt ts=2026-09-18T13:00:17.609617+00:00
 [02384/3000] modify colapsado  /srv/fim-watch/critico/gen_00253.txt ts=2026-09-18T13:00:17.709684+00:00
 [02385/3000] modify revertido  /srv/fim-watch/critico/gen_00310.txt ts=2026-09-18T13:00:17.809817+00:00
 [02386/3000] modify revertido  /srv/fim-watch/critico/gen_00310.txt ts=2026-09-18T13:00:17.909567+00:00
 [02387/3000] modify simple     /srv/fim-watch/gen_00365.txt ts=2026-09-18T13:00:18.009718+00:00
 [02388/3000] modify simple     /srv/fim-watch/critico/gen_00251.txt ts=2026-09-18T13:00:18.109589+00:00
 [02389/3000] create simple     /srv/fim-watch/gen_00478.txt ts=2026-09-18T13:00:18.209518+00:00
 [02390/3000] delete simple     /srv/fim-watch/critico/gen_00242.txt ts=2026-09-18T13:00:18.309396+00:00
 [02391/3000] modify simple     /srv/fim-watch/gen_00126.txt ts=2026-09-18T13:00:18.409560+00:00
 [02392/3000] modify simple     /srv/fim-watch/gen_00356.txt ts=2026-09-18T13:00:18.509623+00:00
 [02393/3000] delete simple     /srv/fim-watch/gen_00238.txt ts=2026-09-18T13:00:18.609580+00:00
 [02394/3000] modify simple     /srv/fim-watch/gen_00359.txt ts=2026-09-18T13:00:18.709591+00:00
 [02395/3000] create simple     /srv/fim-watch/gen_00479.txt ts=2026-09-18T13:00:18.809472+00:00
 [02396/3000] modify revertido  /srv/fim-watch/gen_00435.txt ts=2026-09-18T13:00:18.909617+00:00
 [02397/3000] modify revertido  /srv/fim-watch/gen_00435.txt ts=2026-09-18T13:00:19.009614+00:00
 [02398/3000] create simple     /srv/fim-watch/gen_00480.txt ts=2026-09-18T13:00:19.109562+00:00
 [02399/3000] modify simple     /srv/fim-watch/gen_00230.txt ts=2026-09-18T13:00:19.209587+00:00
 [02400/3000] create simple     /srv/fim-watch/gen_00481.txt ts=2026-09-18T13:00:19.309559+00:00
 [02401/3000] modify simple     /srv/fim-watch/gen_00151.txt ts=2026-09-18T13:00:19.409791+00:00
 [02402/3000] modify simple     /srv/fim-watch/critico/gen_00053.txt ts=2026-09-18T13:00:19.509547+00:00
 [02403/3000] create simple     /srv/fim-watch/critico/gen_00482.txt ts=2026-09-18T13:00:19.609494+00:00
 [02404/3000] modify simple     /srv/fim-watch/gen_00036.txt ts=2026-09-18T13:00:19.709558+00:00
 [02405/3000] create simple     /srv/fim-watch/gen_00483.txt ts=2026-09-18T13:00:19.809661+00:00
 [02406/3000] modify revertido  /srv/fim-watch/gen_00157.txt ts=2026-09-18T13:00:19.909342+00:00
 [02407/3000] modify revertido  /srv/fim-watch/gen_00157.txt ts=2026-09-18T13:00:20.009181+00:00
 [02408/3000] modify simple     /srv/fim-watch/critico/gen_00262.txt ts=2026-09-18T13:00:20.109449+00:00
 [02409/3000] modify simple     /srv/fim-watch/gen_00385.txt ts=2026-09-18T13:00:20.209188+00:00
 [02410/3000] modify simple     /srv/fim-watch/gen_00268.txt ts=2026-09-18T13:00:20.309206+00:00
 [02411/3000] modify simple     /srv/fim-watch/critico/gen_00437.txt ts=2026-09-18T13:00:20.409326+00:00
 [02412/3000] delete simple     /srv/fim-watch/gen_00335.txt ts=2026-09-18T13:00:20.509262+00:00
 [02413/3000] modify simple     /srv/fim-watch/gen_00350.txt ts=2026-09-18T13:00:20.609413+00:00
 [02414/3000] create efimero    /srv/fim-watch/gen_00484.txt ts=2026-09-18T13:00:20.709205+00:00
 [02415/3000] delete efimero    /srv/fim-watch/gen_00484.txt ts=2026-09-18T13:00:20.809129+00:00
 [02416/3000] modify simple     /srv/fim-watch/gen_00365.txt ts=2026-09-18T13:00:20.909557+00:00
 [02417/3000] create simple     /srv/fim-watch/gen_00485.txt ts=2026-09-18T13:00:21.009319+00:00
 [02418/3000] create simple     /srv/fim-watch/gen_00486.txt ts=2026-09-18T13:00:21.109151+00:00
 [02419/3000] modify simple     /srv/fim-watch/critico/gen_00344.txt ts=2026-09-18T13:00:21.209203+00:00
 [02420/3000] modify revertido  /srv/fim-watch/gen_00213.txt ts=2026-09-18T13:00:21.309665+00:00
 [02421/3000] modify revertido  /srv/fim-watch/gen_00213.txt ts=2026-09-18T13:00:21.409385+00:00
 [02422/3000] modify simple     /srv/fim-watch/critico/gen_00409.txt ts=2026-09-18T13:00:21.509363+00:00
 [02423/3000] create simple     /srv/fim-watch/gen_00487.txt ts=2026-09-18T13:00:21.609504+00:00
 [02424/3000] create simple     /srv/fim-watch/critico/gen_00488.txt ts=2026-09-18T13:00:21.709412+00:00
 [02425/3000] modify simple     /srv/fim-watch/gen_00303.txt ts=2026-09-18T13:00:21.809702+00:00
 [02426/3000] modify simple     /srv/fim-watch/gen_00096.txt ts=2026-09-18T13:00:21.909754+00:00
 [02427/3000] modify colapsado  /srv/fim-watch/gen_00285.txt ts=2026-09-18T13:00:22.009783+00:00
 [02428/3000] modify colapsado  /srv/fim-watch/gen_00285.txt ts=2026-09-18T13:00:22.109559+00:00
 [02429/3000] modify colapsado  /srv/fim-watch/gen_00285.txt ts=2026-09-18T13:00:22.209398+00:00
 [02430/3000] modify colapsado  /srv/fim-watch/gen_00285.txt ts=2026-09-18T13:00:22.309535+00:00
 [02431/3000] modify colapsado  /srv/fim-watch/gen_00285.txt ts=2026-09-18T13:00:22.409907+00:00
 [02432/3000] modify simple     /srv/fim-watch/gen_00400.txt ts=2026-09-18T13:00:22.509686+00:00
 [02433/3000] create simple     /srv/fim-watch/gen_00489.txt ts=2026-09-18T13:00:22.609503+00:00
 [02434/3000] modify simple     /srv/fim-watch/gen_00485.txt ts=2026-09-18T13:00:22.709418+00:00
 [02435/3000] modify simple     /srv/fim-watch/gen_00458.txt ts=2026-09-18T13:00:22.809642+00:00
 [02436/3000] create simple     /srv/fim-watch/critico/gen_00490.txt ts=2026-09-18T13:00:22.909407+00:00
 [02437/3000] modify simple     /srv/fim-watch/critico/gen_00191.txt ts=2026-09-18T13:00:23.009487+00:00
 [02438/3000] modify simple     /srv/fim-watch/critico/gen_00189.txt ts=2026-09-18T13:00:23.109711+00:00
 [02439/3000] modify revertido  /srv/fim-watch/gen_00436.txt ts=2026-09-18T13:00:23.209579+00:00
 [02440/3000] modify revertido  /srv/fim-watch/gen_00436.txt ts=2026-09-18T13:00:23.309764+00:00
 [02441/3000] create simple     /srv/fim-watch/gen_00491.txt ts=2026-09-18T13:00:23.409389+00:00
 [02442/3000] modify simple     /srv/fim-watch/gen_00163.txt ts=2026-09-18T13:00:23.509564+00:00
 [02443/3000] modify simple     /srv/fim-watch/gen_00436.txt ts=2026-09-18T13:00:23.609718+00:00
 [02444/3000] modify revertido  /srv/fim-watch/gen_00479.txt ts=2026-09-18T13:00:23.709503+00:00
 [02445/3000] modify revertido  /srv/fim-watch/gen_00479.txt ts=2026-09-18T13:00:23.809629+00:00
 [02446/3000] modify simple     /srv/fim-watch/gen_00042.txt ts=2026-09-18T13:00:23.913523+00:00
 [02447/3000] delete simple     /srv/fim-watch/gen_00157.txt ts=2026-09-18T13:00:24.009592+00:00
 [02448/3000] create simple     /srv/fim-watch/gen_00492.txt ts=2026-09-18T13:00:24.109514+00:00
 [02449/3000] delete simple     /srv/fim-watch/gen_00282.txt ts=2026-09-18T13:00:24.209573+00:00
 [02450/3000] modify simple     /srv/fim-watch/gen_00439.txt ts=2026-09-18T13:00:24.309477+00:00
 [02451/3000] modify revertido  /srv/fim-watch/gen_00325.txt ts=2026-09-18T13:00:24.409600+00:00
 [02452/3000] modify revertido  /srv/fim-watch/gen_00325.txt ts=2026-09-18T13:00:24.509723+00:00
 [02453/3000] create simple     /srv/fim-watch/gen_00493.txt ts=2026-09-18T13:00:24.609488+00:00
 [02454/3000] delete simple     /srv/fim-watch/critico/gen_00461.txt ts=2026-09-18T13:00:24.709467+00:00
 [02455/3000] modify revertido  /srv/fim-watch/critico/gen_00061.txt ts=2026-09-18T13:00:24.809730+00:00
 [02456/3000] modify revertido  /srv/fim-watch/critico/gen_00061.txt ts=2026-09-18T13:00:24.909727+00:00
 [02457/3000] create simple     /srv/fim-watch/gen_00494.txt ts=2026-09-18T13:00:25.009515+00:00
 [02458/3000] modify revertido  /srv/fim-watch/gen_00477.txt ts=2026-09-18T13:00:25.109625+00:00
 [02459/3000] modify revertido  /srv/fim-watch/gen_00477.txt ts=2026-09-18T13:00:25.209555+00:00
 [02460/3000] delete simple     /srv/fim-watch/critico/gen_00408.txt ts=2026-09-18T13:00:25.309402+00:00
 [02461/3000] modify simple     /srv/fim-watch/gen_00395.txt ts=2026-09-18T13:00:25.409346+00:00
 [02462/3000] modify simple     /srv/fim-watch/critico/gen_00153.txt ts=2026-09-18T13:00:25.509372+00:00
 [02463/3000] modify simple     /srv/fim-watch/critico/gen_00322.txt ts=2026-09-18T13:00:25.609486+00:00
 [02464/3000] modify simple     /srv/fim-watch/gen_00416.txt ts=2026-09-18T13:00:25.709329+00:00
 [02465/3000] modify revertido  /srv/fim-watch/gen_00219.txt ts=2026-09-18T13:00:25.809305+00:00
 [02466/3000] modify revertido  /srv/fim-watch/gen_00219.txt ts=2026-09-18T13:00:25.909472+00:00
 [02467/3000] modify simple     /srv/fim-watch/gen_00050.txt ts=2026-09-18T13:00:26.009643+00:00
 [02468/3000] modify simple     /srv/fim-watch/gen_00098.txt ts=2026-09-18T13:00:26.109443+00:00
 [02469/3000] modify simple     /srv/fim-watch/gen_00325.txt ts=2026-09-18T13:00:26.209444+00:00
 [02470/3000] modify simple     /srv/fim-watch/critico/gen_00415.txt ts=2026-09-18T13:00:26.310273+00:00
 [02471/3000] create simple     /srv/fim-watch/gen_00495.txt ts=2026-09-18T13:00:26.409468+00:00
 [02472/3000] create efimero    /srv/fim-watch/gen_00496.txt ts=2026-09-18T13:00:26.509211+00:00
 [02473/3000] delete efimero    /srv/fim-watch/gen_00496.txt ts=2026-09-18T13:00:26.609239+00:00
 [02474/3000] modify simple     /srv/fim-watch/gen_00311.txt ts=2026-09-18T13:00:26.709300+00:00
 [02475/3000] modify simple     /srv/fim-watch/gen_00166.txt ts=2026-09-18T13:00:26.809383+00:00
 [02476/3000] modify simple     /srv/fim-watch/gen_00425.txt ts=2026-09-18T13:00:26.909456+00:00
 [02477/3000] create simple     /srv/fim-watch/gen_00497.txt ts=2026-09-18T13:00:27.009513+00:00
 [02478/3000] modify simple     /srv/fim-watch/gen_00128.txt ts=2026-09-18T13:00:27.109189+00:00
 [02479/3000] delete simple     /srv/fim-watch/gen_00375.txt ts=2026-09-18T13:00:27.209155+00:00
 [02480/3000] create simple     /srv/fim-watch/gen_00498.txt ts=2026-09-18T13:00:27.309156+00:00
 [02481/3000] modify simple     /srv/fim-watch/gen_00468.txt ts=2026-09-18T13:00:27.409287+00:00
 [02482/3000] create simple     /srv/fim-watch/gen_00499.txt ts=2026-09-18T13:00:27.509161+00:00
 [02483/3000] modify revertido  /srv/fim-watch/gen_00410.txt ts=2026-09-18T13:00:27.609262+00:00
 [02484/3000] modify revertido  /srv/fim-watch/gen_00410.txt ts=2026-09-18T13:00:27.709592+00:00
 [02485/3000] modify revertido  /srv/fim-watch/gen_00355.txt ts=2026-09-18T13:00:27.809476+00:00
 [02486/3000] modify revertido  /srv/fim-watch/gen_00355.txt ts=2026-09-18T13:00:27.909756+00:00
 [02487/3000] modify simple     /srv/fim-watch/gen_00478.txt ts=2026-09-18T13:00:28.009785+00:00
 [02488/3000] modify simple     /srv/fim-watch/gen_00291.txt ts=2026-09-18T13:00:28.109633+00:00
 [02489/3000] create simple     /srv/fim-watch/gen_00500.txt ts=2026-09-18T13:00:28.209534+00:00
 [02490/3000] create simple     /srv/fim-watch/gen_00501.txt ts=2026-09-18T13:00:28.309496+00:00
 [02491/3000] create simple     /srv/fim-watch/critico/gen_00502.txt ts=2026-09-18T13:00:28.409359+00:00
 [02492/3000] modify revertido  /srv/fim-watch/critico/gen_00488.txt ts=2026-09-18T13:00:28.509562+00:00
 [02493/3000] modify revertido  /srv/fim-watch/critico/gen_00488.txt ts=2026-09-18T13:00:28.609746+00:00
 [02494/3000] modify simple     /srv/fim-watch/gen_00474.txt ts=2026-09-18T13:00:28.709576+00:00
 [02495/3000] modify simple     /srv/fim-watch/gen_00320.txt ts=2026-09-18T13:00:28.809562+00:00
 [02496/3000] modify simple     /srv/fim-watch/gen_00329.txt ts=2026-09-18T13:00:28.909741+00:00
 [02497/3000] modify simple     /srv/fim-watch/gen_00436.txt ts=2026-09-18T13:00:29.009780+00:00
 [02498/3000] modify revertido  /srv/fim-watch/gen_00384.txt ts=2026-09-18T13:00:29.109673+00:00
 [02499/3000] modify revertido  /srv/fim-watch/gen_00384.txt ts=2026-09-18T13:00:29.209557+00:00
 [02500/3000] modify simple     /srv/fim-watch/critico/gen_00280.txt ts=2026-09-18T13:00:29.309605+00:00
 [02501/3000] create simple     /srv/fim-watch/gen_00503.txt ts=2026-09-18T13:00:29.409343+00:00
 [02502/3000] modify simple     /srv/fim-watch/gen_00459.txt ts=2026-09-18T13:00:29.509669+00:00
 [02503/3000] modify simple     /srv/fim-watch/gen_00430.txt ts=2026-09-18T13:00:29.609677+00:00
 [02504/3000] modify simple     /srv/fim-watch/gen_00384.txt ts=2026-09-18T13:00:29.709472+00:00
 [02505/3000] modify simple     /srv/fim-watch/critico/gen_00437.txt ts=2026-09-18T13:00:29.809505+00:00
 [02506/3000] modify simple     /srv/fim-watch/gen_00325.txt ts=2026-09-18T13:00:29.909534+00:00
 [02507/3000] modify simple     /srv/fim-watch/gen_00460.txt ts=2026-09-18T13:00:30.009312+00:00
 [02508/3000] modify simple     /srv/fim-watch/gen_00387.txt ts=2026-09-18T13:00:30.109338+00:00
 [02509/3000] create simple     /srv/fim-watch/gen_00504.txt ts=2026-09-18T13:00:30.209277+00:00
 [02510/3000] modify simple     /srv/fim-watch/gen_00434.txt ts=2026-09-18T13:00:30.309427+00:00
 [02511/3000] create simple     /srv/fim-watch/gen_00505.txt ts=2026-09-18T13:00:30.409215+00:00
 [02512/3000] modify simple     /srv/fim-watch/critico/gen_00428.txt ts=2026-09-18T13:00:30.509295+00:00
 [02513/3000] delete simple     /srv/fim-watch/gen_00317.txt ts=2026-09-18T13:00:30.609429+00:00
 [02514/3000] delete simple     /srv/fim-watch/gen_00368.txt ts=2026-09-18T13:00:30.709254+00:00
 [02515/3000] create efimero    /srv/fim-watch/critico/gen_00506.txt ts=2026-09-18T13:00:30.809252+00:00
 [02516/3000] delete efimero    /srv/fim-watch/critico/gen_00506.txt ts=2026-09-18T13:00:30.909251+00:00
 [02517/3000] modify revertido  /srv/fim-watch/critico/gen_00444.txt ts=2026-09-18T13:00:31.009759+00:00
 [02518/3000] modify revertido  /srv/fim-watch/critico/gen_00444.txt ts=2026-09-18T13:00:31.109452+00:00
 [02519/3000] create simple     /srv/fim-watch/gen_00507.txt ts=2026-09-18T13:00:31.209384+00:00
 [02520/3000] modify simple     /srv/fim-watch/gen_00400.txt ts=2026-09-18T13:00:31.309711+00:00
 [02521/3000] modify revertido  /srv/fim-watch/gen_00299.txt ts=2026-09-18T13:00:31.409329+00:00
 [02522/3000] modify revertido  /srv/fim-watch/gen_00299.txt ts=2026-09-18T13:00:31.509465+00:00
 [02523/3000] modify simple     /srv/fim-watch/gen_00249.txt ts=2026-09-18T13:00:31.609378+00:00
 [02524/3000] modify simple     /srv/fim-watch/gen_00439.txt ts=2026-09-18T13:00:31.709480+00:00
 [02525/3000] modify simple     /srv/fim-watch/critico/gen_00272.txt ts=2026-09-18T13:00:31.809711+00:00
 [02526/3000] modify simple     /srv/fim-watch/gen_00188.txt ts=2026-09-18T13:00:31.909486+00:00
 [02527/3000] modify simple     /srv/fim-watch/gen_00487.txt ts=2026-09-18T13:00:32.009465+00:00
 [02528/3000] modify simple     /srv/fim-watch/critico/gen_00369.txt ts=2026-09-18T13:00:32.109462+00:00
 [02529/3000] modify simple     /srv/fim-watch/critico/gen_00156.txt ts=2026-09-18T13:00:32.209474+00:00
 [02530/3000] modify simple     /srv/fim-watch/gen_00503.txt ts=2026-09-18T13:00:32.309611+00:00
 [02531/3000] modify simple     /srv/fim-watch/critico/gen_00189.txt ts=2026-09-18T13:00:32.409551+00:00
 [02532/3000] create simple     /srv/fim-watch/gen_00508.txt ts=2026-09-18T13:00:32.509354+00:00
 [02533/3000] modify simple     /srv/fim-watch/gen_00489.txt ts=2026-09-18T13:00:32.609451+00:00
 [02534/3000] modify simple     /srv/fim-watch/gen_00504.txt ts=2026-09-18T13:00:32.709368+00:00
 [02535/3000] create simple     /srv/fim-watch/critico/gen_00509.txt ts=2026-09-18T13:00:32.809153+00:00
 [02536/3000] create simple     /srv/fim-watch/gen_00510.txt ts=2026-09-18T13:00:32.909203+00:00
 [02537/3000] modify simple     /srv/fim-watch/gen_00298.txt ts=2026-09-18T13:00:33.009325+00:00
 [02538/3000] create efimero    /srv/fim-watch/critico/gen_00511.txt ts=2026-09-18T13:00:33.109160+00:00
 [02539/3000] delete efimero    /srv/fim-watch/critico/gen_00511.txt ts=2026-09-18T13:00:33.209263+00:00
 [02540/3000] modify simple     /srv/fim-watch/gen_00352.txt ts=2026-09-18T13:00:33.309458+00:00
 [02541/3000] modify simple     /srv/fim-watch/critico/gen_00130.txt ts=2026-09-18T13:00:33.409220+00:00
 [02542/3000] delete simple     /srv/fim-watch/critico/gen_00457.txt ts=2026-09-18T13:00:33.509212+00:00
 [02543/3000] modify simple     /srv/fim-watch/gen_00418.txt ts=2026-09-18T13:00:33.609213+00:00
 [02544/3000] modify simple     /srv/fim-watch/gen_00417.txt ts=2026-09-18T13:00:33.709408+00:00
 [02545/3000] modify simple     /srv/fim-watch/gen_00126.txt ts=2026-09-18T13:00:33.809196+00:00
 [02546/3000] delete simple     /srv/fim-watch/gen_00255.txt ts=2026-09-18T13:00:33.909175+00:00
 [02547/3000] modify simple     /srv/fim-watch/gen_00477.txt ts=2026-09-18T13:00:34.009321+00:00
 [02548/3000] create simple     /srv/fim-watch/critico/gen_00512.txt ts=2026-09-18T13:00:34.109656+00:00
 [02549/3000] modify simple     /srv/fim-watch/gen_00228.txt ts=2026-09-18T13:00:34.209473+00:00
 [02550/3000] create simple     /srv/fim-watch/gen_00513.txt ts=2026-09-18T13:00:34.309483+00:00
 [02551/3000] create simple     /srv/fim-watch/gen_00514.txt ts=2026-09-18T13:00:34.409527+00:00
 [02552/3000] delete simple     /srv/fim-watch/critico/gen_00344.txt ts=2026-09-18T13:00:34.509539+00:00
 [02553/3000] modify simple     /srv/fim-watch/gen_00117.txt ts=2026-09-18T13:00:34.609468+00:00
 [02554/3000] modify revertido  /srv/fim-watch/gen_00453.txt ts=2026-09-18T13:00:34.709613+00:00
 [02555/3000] modify revertido  /srv/fim-watch/gen_00453.txt ts=2026-09-18T13:00:34.809695+00:00
 [02556/3000] modify simple     /srv/fim-watch/gen_00215.txt ts=2026-09-18T13:00:34.909954+00:00
 [02557/3000] delete simple     /srv/fim-watch/gen_00394.txt ts=2026-09-18T13:00:35.009463+00:00
 [02558/3000] create simple     /srv/fim-watch/gen_00515.txt ts=2026-09-18T13:00:35.109370+00:00
 [02559/3000] modify simple     /srv/fim-watch/critico/gen_00209.txt ts=2026-09-18T13:00:35.209317+00:00
 [02560/3000] modify simple     /srv/fim-watch/critico/gen_00361.txt ts=2026-09-18T13:00:35.309273+00:00
 [02561/3000] create simple     /srv/fim-watch/critico/gen_00516.txt ts=2026-09-18T13:00:35.409302+00:00
 [02562/3000] create simple     /srv/fim-watch/gen_00517.txt ts=2026-09-18T13:00:35.509277+00:00
 [02563/3000] modify simple     /srv/fim-watch/gen_00486.txt ts=2026-09-18T13:00:35.609425+00:00
 [02564/3000] modify revertido  /srv/fim-watch/gen_00291.txt ts=2026-09-18T13:00:35.709429+00:00
 [02565/3000] modify revertido  /srv/fim-watch/gen_00291.txt ts=2026-09-18T13:00:35.809497+00:00
 [02566/3000] modify revertido  /srv/fim-watch/gen_00160.txt ts=2026-09-18T13:00:35.909484+00:00
 [02567/3000] modify revertido  /srv/fim-watch/gen_00160.txt ts=2026-09-18T13:00:36.009426+00:00
 [02568/3000] modify simple     /srv/fim-watch/gen_00458.txt ts=2026-09-18T13:00:36.109447+00:00
 [02569/3000] create simple     /srv/fim-watch/gen_00518.txt ts=2026-09-18T13:00:36.209253+00:00
 [02570/3000] delete simple     /srv/fim-watch/gen_00249.txt ts=2026-09-18T13:00:36.309432+00:00
 [02571/3000] modify revertido  /srv/fim-watch/gen_00429.txt ts=2026-09-18T13:00:36.409505+00:00
 [02572/3000] modify revertido  /srv/fim-watch/gen_00429.txt ts=2026-09-18T13:00:36.509413+00:00
 [02573/3000] modify simple     /srv/fim-watch/critico/gen_00451.txt ts=2026-09-18T13:00:36.609334+00:00
 [02574/3000] modify simple     /srv/fim-watch/gen_00395.txt ts=2026-09-18T13:00:36.709317+00:00
 [02575/3000] create simple     /srv/fim-watch/gen_00519.txt ts=2026-09-18T13:00:36.809542+00:00
 [02576/3000] modify simple     /srv/fim-watch/gen_00501.txt ts=2026-09-18T13:00:36.909647+00:00
 [02577/3000] modify simple     /srv/fim-watch/gen_00475.txt ts=2026-09-18T13:00:37.009471+00:00
 [02578/3000] modify colapsado  /srv/fim-watch/critico/gen_00280.txt ts=2026-09-18T13:00:37.109475+00:00
 [02579/3000] modify colapsado  /srv/fim-watch/critico/gen_00280.txt ts=2026-09-18T13:00:37.209470+00:00
 [02580/3000] modify colapsado  /srv/fim-watch/critico/gen_00280.txt ts=2026-09-18T13:00:37.309729+00:00
 [02581/3000] modify colapsado  /srv/fim-watch/critico/gen_00280.txt ts=2026-09-18T13:00:37.409329+00:00
 [02582/3000] modify colapsado  /srv/fim-watch/critico/gen_00280.txt ts=2026-09-18T13:00:37.509619+00:00
 [02583/3000] modify simple     /srv/fim-watch/critico/gen_00391.txt ts=2026-09-18T13:00:37.609485+00:00
 [02584/3000] create simple     /srv/fim-watch/gen_00520.txt ts=2026-09-18T13:00:37.709364+00:00
 [02585/3000] create simple     /srv/fim-watch/gen_00521.txt ts=2026-09-18T13:00:37.809662+00:00
 [02586/3000] modify simple     /srv/fim-watch/gen_00520.txt ts=2026-09-18T13:00:37.909515+00:00
 [02587/3000] modify simple     /srv/fim-watch/gen_00464.txt ts=2026-09-18T13:00:38.009790+00:00
 [02588/3000] modify simple     /srv/fim-watch/gen_00491.txt ts=2026-09-18T13:00:38.109439+00:00
 [02589/3000] create simple     /srv/fim-watch/gen_00522.txt ts=2026-09-18T13:00:38.209402+00:00
 [02590/3000] create simple     /srv/fim-watch/critico/gen_00523.txt ts=2026-09-18T13:00:38.309387+00:00
 [02591/3000] modify simple     /srv/fim-watch/gen_00352.txt ts=2026-09-18T13:00:38.409557+00:00
 [02592/3000] delete simple     /srv/fim-watch/gen_00307.txt ts=2026-09-18T13:00:38.509307+00:00
 [02593/3000] create simple     /srv/fim-watch/critico/gen_00524.txt ts=2026-09-18T13:00:38.609496+00:00
 [02594/3000] modify colapsado  /srv/fim-watch/gen_00467.txt ts=2026-09-18T13:00:38.709422+00:00
 [02595/3000] modify colapsado  /srv/fim-watch/gen_00467.txt ts=2026-09-18T13:00:38.809507+00:00
 [02596/3000] modify colapsado  /srv/fim-watch/gen_00467.txt ts=2026-09-18T13:00:38.909770+00:00
 [02597/3000] modify colapsado  /srv/fim-watch/gen_00467.txt ts=2026-09-18T13:00:39.009554+00:00
 [02598/3000] modify colapsado  /srv/fim-watch/gen_00467.txt ts=2026-09-18T13:00:39.109439+00:00
 [02599/3000] modify simple     /srv/fim-watch/gen_00050.txt ts=2026-09-18T13:00:39.209538+00:00
 [02600/3000] modify simple     /srv/fim-watch/gen_00254.txt ts=2026-09-18T13:00:39.309214+00:00
 [02601/3000] create simple     /srv/fim-watch/gen_00525.txt ts=2026-09-18T13:00:39.409254+00:00
 [02602/3000] modify simple     /srv/fim-watch/critico/gen_00053.txt ts=2026-09-18T13:00:39.509317+00:00
 [02603/3000] modify simple     /srv/fim-watch/critico/gen_00304.txt ts=2026-09-18T13:00:39.609270+00:00
 [02604/3000] delete simple     /srv/fim-watch/gen_00474.txt ts=2026-09-18T13:00:39.709235+00:00
 [02605/3000] delete simple     /srv/fim-watch/gen_00289.txt ts=2026-09-18T13:00:39.809314+00:00
 [02606/3000] modify simple     /srv/fim-watch/gen_00513.txt ts=2026-09-18T13:00:39.909262+00:00
 [02607/3000] create simple     /srv/fim-watch/gen_00526.txt ts=2026-09-18T13:00:40.009219+00:00
 [02608/3000] modify simple     /srv/fim-watch/gen_00418.txt ts=2026-09-18T13:00:40.109295+00:00
 [02609/3000] create simple     /srv/fim-watch/critico/gen_00527.txt ts=2026-09-18T13:00:40.209220+00:00
 [02610/3000] modify revertido  /srv/fim-watch/gen_00179.txt ts=2026-09-18T13:00:40.309256+00:00
 [02611/3000] modify revertido  /srv/fim-watch/gen_00179.txt ts=2026-09-18T13:00:40.409176+00:00
 [02612/3000] create simple     /srv/fim-watch/gen_00528.txt ts=2026-09-18T13:00:40.509361+00:00
 [02613/3000] modify simple     /srv/fim-watch/gen_00514.txt ts=2026-09-18T13:00:40.609704+00:00
 [02614/3000] modify simple     /srv/fim-watch/gen_00486.txt ts=2026-09-18T13:00:40.709639+00:00
 [02615/3000] modify simple     /srv/fim-watch/critico/gen_00502.txt ts=2026-09-18T13:00:40.809495+00:00
 [02616/3000] modify simple     /srv/fim-watch/gen_00325.txt ts=2026-09-18T13:00:40.909411+00:00
 [02617/3000] modify simple     /srv/fim-watch/critico/gen_00353.txt ts=2026-09-18T13:00:41.009727+00:00
 [02618/3000] modify simple     /srv/fim-watch/gen_00284.txt ts=2026-09-18T13:00:41.109602+00:00
 [02619/3000] modify simple     /srv/fim-watch/gen_00241.txt ts=2026-09-18T13:00:41.209583+00:00
 [02620/3000] modify revertido  /srv/fim-watch/gen_00405.txt ts=2026-09-18T13:00:41.309769+00:00
 [02621/3000] modify revertido  /srv/fim-watch/gen_00405.txt ts=2026-09-18T13:00:41.409769+00:00
 [02622/3000] modify simple     /srv/fim-watch/critico/gen_00465.txt ts=2026-09-18T13:00:41.509712+00:00
 [02623/3000] modify simple     /srv/fim-watch/critico/gen_00184.txt ts=2026-09-18T13:00:41.609638+00:00
 [02624/3000] create simple     /srv/fim-watch/gen_00529.txt ts=2026-09-18T13:00:41.709396+00:00
 [02625/3000] modify simple     /srv/fim-watch/gen_00426.txt ts=2026-09-18T13:00:41.809570+00:00
 [02626/3000] create simple     /srv/fim-watch/critico/gen_00530.txt ts=2026-09-18T13:00:41.909503+00:00
 [02627/3000] modify simple     /srv/fim-watch/critico/gen_00262.txt ts=2026-09-18T13:00:42.009590+00:00
 [02628/3000] create simple     /srv/fim-watch/gen_00531.txt ts=2026-09-18T13:00:42.109340+00:00
 [02629/3000] modify revertido  /srv/fim-watch/gen_00500.txt ts=2026-09-18T13:00:42.209791+00:00
 [02630/3000] modify revertido  /srv/fim-watch/gen_00500.txt ts=2026-09-18T13:00:42.309640+00:00
 [02631/3000] modify simple     /srv/fim-watch/gen_00331.txt ts=2026-09-18T13:00:42.409395+00:00
 [02632/3000] modify simple     /srv/fim-watch/gen_00377.txt ts=2026-09-18T13:00:42.509624+00:00
 [02633/3000] delete simple     /srv/fim-watch/gen_00323.txt ts=2026-09-18T13:00:42.609454+00:00
 [02634/3000] modify colapsado  /srv/fim-watch/gen_00228.txt ts=2026-09-18T13:00:42.709481+00:00
 [02635/3000] modify colapsado  /srv/fim-watch/gen_00228.txt ts=2026-09-18T13:00:42.809429+00:00
 [02636/3000] modify colapsado  /srv/fim-watch/gen_00228.txt ts=2026-09-18T13:00:42.909490+00:00
 [02637/3000] modify colapsado  /srv/fim-watch/gen_00228.txt ts=2026-09-18T13:00:43.009444+00:00
 [02638/3000] modify colapsado  /srv/fim-watch/gen_00228.txt ts=2026-09-18T13:00:43.109826+00:00
 [02639/3000] modify simple     /srv/fim-watch/gen_00417.txt ts=2026-09-18T13:00:43.209327+00:00
 [02640/3000] create simple     /srv/fim-watch/critico/gen_00532.txt ts=2026-09-18T13:00:43.309243+00:00
 [02641/3000] modify simple     /srv/fim-watch/gen_00325.txt ts=2026-09-18T13:00:43.409362+00:00
 [02642/3000] create simple     /srv/fim-watch/gen_00533.txt ts=2026-09-18T13:00:43.509409+00:00
 [02643/3000] modify simple     /srv/fim-watch/gen_00513.txt ts=2026-09-18T13:00:43.609763+00:00
 [02644/3000] delete simple     /srv/fim-watch/gen_00206.txt ts=2026-09-18T13:00:43.709507+00:00
 [02645/3000] modify simple     /srv/fim-watch/gen_00501.txt ts=2026-09-18T13:00:43.809513+00:00
 [02646/3000] modify simple     /srv/fim-watch/gen_00298.txt ts=2026-09-18T13:00:43.909429+00:00
 [02647/3000] modify simple     /srv/fim-watch/gen_00352.txt ts=2026-09-18T13:00:44.009642+00:00
 [02648/3000] modify simple     /srv/fim-watch/critico/gen_00409.txt ts=2026-09-18T13:00:44.109442+00:00
 [02649/3000] create simple     /srv/fim-watch/gen_00534.txt ts=2026-09-18T13:00:44.209405+00:00
 [02650/3000] modify simple     /srv/fim-watch/gen_00064.txt ts=2026-09-18T13:00:44.309604+00:00
 [02651/3000] modify colapsado  /srv/fim-watch/gen_00424.txt ts=2026-09-18T13:00:44.409481+00:00
 [02652/3000] modify colapsado  /srv/fim-watch/gen_00424.txt ts=2026-09-18T13:00:44.509435+00:00
 [02653/3000] modify colapsado  /srv/fim-watch/gen_00424.txt ts=2026-09-18T13:00:44.609604+00:00
 [02654/3000] modify colapsado  /srv/fim-watch/gen_00424.txt ts=2026-09-18T13:00:44.709494+00:00
 [02655/3000] modify colapsado  /srv/fim-watch/gen_00424.txt ts=2026-09-18T13:00:44.809596+00:00
 [02656/3000] create simple     /srv/fim-watch/gen_00535.txt ts=2026-09-18T13:00:44.909687+00:00
 [02657/3000] delete simple     /srv/fim-watch/critico/gen_00413.txt ts=2026-09-18T13:00:45.009489+00:00
 [02658/3000] modify revertido  /srv/fim-watch/gen_00448.txt ts=2026-09-18T13:00:45.109629+00:00
 [02659/3000] modify revertido  /srv/fim-watch/gen_00448.txt ts=2026-09-18T13:00:45.209599+00:00
 [02660/3000] modify simple     /srv/fim-watch/gen_00435.txt ts=2026-09-18T13:00:45.309592+00:00
 [02661/3000] modify simple     /srv/fim-watch/gen_00096.txt ts=2026-09-18T13:00:45.409618+00:00
 [02662/3000] modify simple     /srv/fim-watch/critico/gen_00191.txt ts=2026-09-18T13:00:45.509724+00:00
 [02663/3000] modify simple     /srv/fim-watch/critico/gen_00428.txt ts=2026-09-18T13:00:45.609310+00:00
 [02664/3000] modify colapsado  /srv/fim-watch/gen_00259.txt ts=2026-09-18T13:00:45.709635+00:00
 [02665/3000] modify colapsado  /srv/fim-watch/gen_00259.txt ts=2026-09-18T13:00:45.809375+00:00
 [02666/3000] modify colapsado  /srv/fim-watch/gen_00259.txt ts=2026-09-18T13:00:45.909497+00:00
 [02667/3000] modify colapsado  /srv/fim-watch/gen_00259.txt ts=2026-09-18T13:00:46.009249+00:00
 [02668/3000] modify colapsado  /srv/fim-watch/gen_00259.txt ts=2026-09-18T13:00:46.109326+00:00
 [02669/3000] delete simple     /srv/fim-watch/gen_00269.txt ts=2026-09-18T13:00:46.209243+00:00
 [02670/3000] modify revertido  /srv/fim-watch/gen_00256.txt ts=2026-09-18T13:00:46.309283+00:00
 [02671/3000] modify revertido  /srv/fim-watch/gen_00256.txt ts=2026-09-18T13:00:46.409305+00:00
 [02672/3000] modify simple     /srv/fim-watch/critico/gen_00123.txt ts=2026-09-18T13:00:46.509552+00:00
 [02673/3000] modify simple     /srv/fim-watch/gen_00290.txt ts=2026-09-18T13:00:46.609206+00:00
 [02674/3000] modify simple     /srv/fim-watch/gen_00225.txt ts=2026-09-18T13:00:46.709479+00:00
 [02675/3000] modify simple     /srv/fim-watch/gen_00404.txt ts=2026-09-18T13:00:46.809339+00:00
 [02676/3000] modify simple     /srv/fim-watch/gen_00479.txt ts=2026-09-18T13:00:46.909606+00:00
 [02677/3000] modify simple     /srv/fim-watch/gen_00235.txt ts=2026-09-18T13:00:47.009259+00:00
 [02678/3000] modify simple     /srv/fim-watch/critico/gen_00490.txt ts=2026-09-18T13:00:47.109707+00:00
 [02679/3000] modify simple     /srv/fim-watch/critico/gen_00209.txt ts=2026-09-18T13:00:47.209583+00:00
 [02680/3000] modify simple     /srv/fim-watch/gen_00285.txt ts=2026-09-18T13:00:47.309690+00:00
 [02681/3000] create simple     /srv/fim-watch/gen_00536.txt ts=2026-09-18T13:00:47.409609+00:00
 [02682/3000] modify simple     /srv/fim-watch/gen_00470.txt ts=2026-09-18T13:00:47.509597+00:00
 [02683/3000] modify simple     /srv/fim-watch/gen_00385.txt ts=2026-09-18T13:00:47.609805+00:00
 [02684/3000] modify simple     /srv/fim-watch/gen_00139.txt ts=2026-09-18T13:00:47.709633+00:00
 [02685/3000] create simple     /srv/fim-watch/gen_00537.txt ts=2026-09-18T13:00:47.810075+00:00
 [02686/3000] modify simple     /srv/fim-watch/critico/gen_00456.txt ts=2026-09-18T13:00:47.909785+00:00
 [02687/3000] modify simple     /srv/fim-watch/gen_00498.txt ts=2026-09-18T13:00:48.009611+00:00
 [02688/3000] create simple     /srv/fim-watch/gen_00538.txt ts=2026-09-18T13:00:48.109514+00:00
 [02689/3000] create simple     /srv/fim-watch/gen_00539.txt ts=2026-09-18T13:00:48.209582+00:00
 [02690/3000] modify colapsado  /srv/fim-watch/gen_00498.txt ts=2026-09-18T13:00:48.309632+00:00
 [02691/3000] modify colapsado  /srv/fim-watch/gen_00498.txt ts=2026-09-18T13:00:48.409646+00:00
 [02692/3000] modify colapsado  /srv/fim-watch/gen_00498.txt ts=2026-09-18T13:00:48.509634+00:00
 [02693/3000] modify colapsado  /srv/fim-watch/gen_00498.txt ts=2026-09-18T13:00:48.609593+00:00
 [02694/3000] modify colapsado  /srv/fim-watch/gen_00498.txt ts=2026-09-18T13:00:48.709821+00:00
 [02695/3000] create simple     /srv/fim-watch/gen_00540.txt ts=2026-09-18T13:00:48.809721+00:00
 [02696/3000] modify simple     /srv/fim-watch/gen_00508.txt ts=2026-09-18T13:00:48.909671+00:00
 [02697/3000] modify simple     /srv/fim-watch/gen_00426.txt ts=2026-09-18T13:00:49.009632+00:00
 [02698/3000] delete simple     /srv/fim-watch/gen_00534.txt ts=2026-09-18T13:00:49.109438+00:00
 [02699/3000] create simple     /srv/fim-watch/gen_00541.txt ts=2026-09-18T13:00:49.209493+00:00
 [02700/3000] create simple     /srv/fim-watch/gen_00542.txt ts=2026-09-18T13:00:49.309513+00:00
 [02701/3000] modify revertido  /srv/fim-watch/gen_00475.txt ts=2026-09-18T13:00:49.409775+00:00
 [02702/3000] modify revertido  /srv/fim-watch/gen_00475.txt ts=2026-09-18T13:00:49.509681+00:00
 [02703/3000] modify revertido  /srv/fim-watch/critico/gen_00509.txt ts=2026-09-18T13:00:49.609577+00:00
 [02704/3000] modify revertido  /srv/fim-watch/critico/gen_00509.txt ts=2026-09-18T13:00:49.709679+00:00
 [02705/3000] modify colapsado  /srv/fim-watch/gen_00479.txt ts=2026-09-18T13:00:49.809842+00:00
 [02706/3000] modify colapsado  /srv/fim-watch/gen_00479.txt ts=2026-09-18T13:00:49.909644+00:00
 [02707/3000] modify colapsado  /srv/fim-watch/gen_00479.txt ts=2026-09-18T13:00:50.009739+00:00
 [02708/3000] modify colapsado  /srv/fim-watch/gen_00479.txt ts=2026-09-18T13:00:50.109581+00:00
 [02709/3000] modify colapsado  /srv/fim-watch/gen_00479.txt ts=2026-09-18T13:00:50.209673+00:00
 [02710/3000] create simple     /srv/fim-watch/gen_00543.txt ts=2026-09-18T13:00:50.309565+00:00
 [02711/3000] delete simple     /srv/fim-watch/gen_00498.txt ts=2026-09-18T13:00:50.409617+00:00
 [02712/3000] modify simple     /srv/fim-watch/gen_00326.txt ts=2026-09-18T13:00:50.509583+00:00
 [02713/3000] create simple     /srv/fim-watch/gen_00544.txt ts=2026-09-18T13:00:50.609494+00:00
 [02714/3000] modify simple     /srv/fim-watch/critico/gen_00130.txt ts=2026-09-18T13:00:50.709614+00:00
 [02715/3000] create simple     /srv/fim-watch/gen_00545.txt ts=2026-09-18T13:00:50.809642+00:00
 [02716/3000] modify simple     /srv/fim-watch/gen_00426.txt ts=2026-09-18T13:00:50.909632+00:00
 [02717/3000] create simple     /srv/fim-watch/gen_00546.txt ts=2026-09-18T13:00:51.009455+00:00
 [02718/3000] modify simple     /srv/fim-watch/gen_00163.txt ts=2026-09-18T13:00:51.109579+00:00
 [02719/3000] create simple     /srv/fim-watch/gen_00547.txt ts=2026-09-18T13:00:51.209484+00:00
 [02720/3000] modify simple     /srv/fim-watch/gen_00442.txt ts=2026-09-18T13:00:51.309576+00:00
 [02721/3000] modify simple     /srv/fim-watch/gen_00519.txt ts=2026-09-18T13:00:51.409754+00:00
 [02722/3000] modify simple     /srv/fim-watch/gen_00254.txt ts=2026-09-18T13:00:51.509530+00:00
 [02723/3000] modify revertido  /srv/fim-watch/gen_00134.txt ts=2026-09-18T13:00:51.609560+00:00
 [02724/3000] modify revertido  /srv/fim-watch/gen_00134.txt ts=2026-09-18T13:00:51.709611+00:00
 [02725/3000] modify simple     /srv/fim-watch/critico/gen_00530.txt ts=2026-09-18T13:00:51.809390+00:00
 [02726/3000] modify simple     /srv/fim-watch/gen_00196.txt ts=2026-09-18T13:00:51.909714+00:00
 [02727/3000] modify simple     /srv/fim-watch/gen_00309.txt ts=2026-09-18T13:00:52.009464+00:00
 [02728/3000] modify simple     /srv/fim-watch/gen_00500.txt ts=2026-09-18T13:00:52.109790+00:00
 [02729/3000] modify simple     /srv/fim-watch/critico/gen_00438.txt ts=2026-09-18T13:00:52.209664+00:00
 [02730/3000] create simple     /srv/fim-watch/critico/gen_00548.txt ts=2026-09-18T13:00:52.309308+00:00
 [02731/3000] modify simple     /srv/fim-watch/gen_00128.txt ts=2026-09-18T13:00:52.409424+00:00
 [02732/3000] modify revertido  /srv/fim-watch/gen_00207.txt ts=2026-09-18T13:00:52.509235+00:00
 [02733/3000] modify revertido  /srv/fim-watch/gen_00207.txt ts=2026-09-18T13:00:52.609271+00:00
 [02734/3000] modify simple     /srv/fim-watch/gen_00539.txt ts=2026-09-18T13:00:52.709388+00:00
 [02735/3000] modify simple     /srv/fim-watch/gen_00466.txt ts=2026-09-18T13:00:52.809438+00:00
 [02736/3000] modify simple     /srv/fim-watch/gen_00163.txt ts=2026-09-18T13:00:52.909389+00:00
 [02737/3000] create simple     /srv/fim-watch/gen_00549.txt ts=2026-09-18T13:00:53.009235+00:00
 [02738/3000] modify simple     /srv/fim-watch/gen_00412.txt ts=2026-09-18T13:00:53.109195+00:00
 [02739/3000] create simple     /srv/fim-watch/gen_00550.txt ts=2026-09-18T13:00:53.209243+00:00
 [02740/3000] modify simple     /srv/fim-watch/gen_00547.txt ts=2026-09-18T13:00:53.309340+00:00
 [02741/3000] modify simple     /srv/fim-watch/gen_00543.txt ts=2026-09-18T13:00:53.409270+00:00
 [02742/3000] modify simple     /srv/fim-watch/gen_00320.txt ts=2026-09-18T13:00:53.509642+00:00
 [02743/3000] modify simple     /srv/fim-watch/gen_00221.txt ts=2026-09-18T13:00:53.609484+00:00
 [02744/3000] modify simple     /srv/fim-watch/gen_00466.txt ts=2026-09-18T13:00:53.709332+00:00
 [02745/3000] delete simple     /srv/fim-watch/gen_00331.txt ts=2026-09-18T13:00:53.809496+00:00
 [02746/3000] modify simple     /srv/fim-watch/critico/gen_00330.txt ts=2026-09-18T13:00:53.909641+00:00
 [02747/3000] delete simple     /srv/fim-watch/gen_00215.txt ts=2026-09-18T13:00:54.009577+00:00
 [02748/3000] modify revertido  /srv/fim-watch/gen_00442.txt ts=2026-09-18T13:00:54.109566+00:00
 [02749/3000] modify revertido  /srv/fim-watch/gen_00442.txt ts=2026-09-18T13:00:54.209968+00:00
 [02750/3000] modify simple     /srv/fim-watch/critico/gen_00509.txt ts=2026-09-18T13:00:54.309666+00:00
 [02751/3000] modify simple     /srv/fim-watch/gen_00358.txt ts=2026-09-18T13:00:54.409633+00:00
 [02752/3000] modify simple     /srv/fim-watch/critico/gen_00322.txt ts=2026-09-18T13:00:54.509661+00:00
 [02753/3000] create simple     /srv/fim-watch/gen_00551.txt ts=2026-09-18T13:00:54.609525+00:00
 [02754/3000] modify simple     /srv/fim-watch/gen_00528.txt ts=2026-09-18T13:00:54.709675+00:00
 [02755/3000] delete simple     /srv/fim-watch/gen_00430.txt ts=2026-09-18T13:00:54.809477+00:00
 [02756/3000] create simple     /srv/fim-watch/critico/gen_00552.txt ts=2026-09-18T13:00:54.909712+00:00
 [02757/3000] modify revertido  /srv/fim-watch/gen_00364.txt ts=2026-09-18T13:00:55.009744+00:00
 [02758/3000] modify revertido  /srv/fim-watch/gen_00364.txt ts=2026-09-18T13:00:55.109596+00:00
 [02759/3000] create simple     /srv/fim-watch/gen_00553.txt ts=2026-09-18T13:00:55.209260+00:00
 [02760/3000] delete simple     /srv/fim-watch/gen_00477.txt ts=2026-09-18T13:00:55.309509+00:00
 [02761/3000] modify colapsado  /srv/fim-watch/gen_00266.txt ts=2026-09-18T13:00:55.409543+00:00
 [02762/3000] modify colapsado  /srv/fim-watch/gen_00266.txt ts=2026-09-18T13:00:55.509630+00:00
 [02763/3000] modify colapsado  /srv/fim-watch/gen_00266.txt ts=2026-09-18T13:00:55.609502+00:00
 [02764/3000] modify colapsado  /srv/fim-watch/gen_00266.txt ts=2026-09-18T13:00:55.709623+00:00
 [02765/3000] modify colapsado  /srv/fim-watch/gen_00266.txt ts=2026-09-18T13:00:55.809724+00:00
 [02766/3000] delete simple     /srv/fim-watch/gen_00196.txt ts=2026-09-18T13:00:55.909628+00:00
 [02767/3000] create simple     /srv/fim-watch/gen_00554.txt ts=2026-09-18T13:00:56.009328+00:00
 [02768/3000] modify revertido  /srv/fim-watch/gen_00526.txt ts=2026-09-18T13:00:56.109614+00:00
 [02769/3000] modify revertido  /srv/fim-watch/gen_00526.txt ts=2026-09-18T13:00:56.209678+00:00
 [02770/3000] modify simple     /srv/fim-watch/critico/gen_00262.txt ts=2026-09-18T13:00:56.309678+00:00
 [02771/3000] modify simple     /srv/fim-watch/critico/gen_00392.txt ts=2026-09-18T13:00:56.409638+00:00
 [02772/3000] modify revertido  /srv/fim-watch/gen_00494.txt ts=2026-09-18T13:00:56.509544+00:00
 [02773/3000] modify revertido  /srv/fim-watch/gen_00494.txt ts=2026-09-18T13:00:56.609707+00:00
 [02774/3000] modify simple     /srv/fim-watch/gen_00234.txt ts=2026-09-18T13:00:56.709596+00:00
 [02775/3000] modify simple     /srv/fim-watch/gen_00293.txt ts=2026-09-18T13:00:56.809396+00:00
 [02776/3000] modify simple     /srv/fim-watch/critico/gen_00502.txt ts=2026-09-18T13:00:56.909601+00:00
 [02777/3000] modify colapsado  /srv/fim-watch/gen_00234.txt ts=2026-09-18T13:00:57.009720+00:00
 [02778/3000] modify colapsado  /srv/fim-watch/gen_00234.txt ts=2026-09-18T13:00:57.109595+00:00
 [02779/3000] modify colapsado  /srv/fim-watch/gen_00234.txt ts=2026-09-18T13:00:57.209533+00:00
 [02780/3000] modify colapsado  /srv/fim-watch/gen_00234.txt ts=2026-09-18T13:00:57.309579+00:00
 [02781/3000] modify colapsado  /srv/fim-watch/gen_00234.txt ts=2026-09-18T13:00:57.409711+00:00
 [02782/3000] modify simple     /srv/fim-watch/critico/gen_00351.txt ts=2026-09-18T13:00:57.509634+00:00
 [02783/3000] create efimero    /srv/fim-watch/gen_00555.txt ts=2026-09-18T13:00:57.609647+00:00
 [02784/3000] delete efimero    /srv/fim-watch/gen_00555.txt ts=2026-09-18T13:00:57.709436+00:00
 [02785/3000] modify simple     /srv/fim-watch/gen_00290.txt ts=2026-09-18T13:00:57.809937+00:00
 [02786/3000] modify revertido  /srv/fim-watch/gen_00470.txt ts=2026-09-18T13:00:57.909789+00:00
 [02787/3000] modify revertido  /srv/fim-watch/gen_00470.txt ts=2026-09-18T13:00:58.009610+00:00
 [02788/3000] modify simple     /srv/fim-watch/gen_00441.txt ts=2026-09-18T13:00:58.109589+00:00
 [02789/3000] modify simple     /srv/fim-watch/gen_00494.txt ts=2026-09-18T13:00:58.209641+00:00
 [02790/3000] modify simple     /srv/fim-watch/gen_00384.txt ts=2026-09-18T13:00:58.309669+00:00
 [02791/3000] modify simple     /srv/fim-watch/gen_00285.txt ts=2026-09-18T13:00:58.409707+00:00
 [02792/3000] modify simple     /srv/fim-watch/gen_00446.txt ts=2026-09-18T13:00:58.509580+00:00
 [02793/3000] delete simple     /srv/fim-watch/gen_00108.txt ts=2026-09-18T13:00:58.609640+00:00
 [02794/3000] create simple     /srv/fim-watch/critico/gen_00556.txt ts=2026-09-18T13:00:58.709638+00:00
 [02795/3000] modify simple     /srv/fim-watch/gen_00470.txt ts=2026-09-18T13:00:58.809751+00:00
 [02796/3000] create simple     /srv/fim-watch/gen_00557.txt ts=2026-09-18T13:00:58.909169+00:00
 [02797/3000] modify simple     /srv/fim-watch/critico/gen_00061.txt ts=2026-09-18T13:00:59.009511+00:00
 [02798/3000] delete simple     /srv/fim-watch/gen_00320.txt ts=2026-09-18T13:00:59.109257+00:00
 [02799/3000] delete simple     /srv/fim-watch/gen_00500.txt ts=2026-09-18T13:00:59.209213+00:00
 [02800/3000] modify revertido  /srv/fim-watch/critico/gen_00347.txt ts=2026-09-18T13:00:59.309407+00:00
 [02801/3000] modify revertido  /srv/fim-watch/critico/gen_00347.txt ts=2026-09-18T13:00:59.409186+00:00
 [02802/3000] modify simple     /srv/fim-watch/critico/gen_00502.txt ts=2026-09-18T13:00:59.509201+00:00
 [02803/3000] modify revertido  /srv/fim-watch/gen_00417.txt ts=2026-09-18T13:00:59.609351+00:00
 [02804/3000] modify revertido  /srv/fim-watch/gen_00417.txt ts=2026-09-18T13:00:59.709293+00:00
 [02805/3000] modify simple     /srv/fim-watch/gen_00188.txt ts=2026-09-18T13:00:59.809349+00:00
 [02806/3000] modify simple     /srv/fim-watch/gen_00142.txt ts=2026-09-18T13:00:59.909282+00:00
 [02807/3000] create simple     /srv/fim-watch/gen_00558.txt ts=2026-09-18T13:01:00.009313+00:00
 [02808/3000] create efimero    /srv/fim-watch/gen_00559.txt ts=2026-09-18T13:01:00.109380+00:00
 [02809/3000] delete efimero    /srv/fim-watch/gen_00559.txt ts=2026-09-18T13:01:00.209264+00:00
 [02810/3000] modify simple     /srv/fim-watch/gen_00377.txt ts=2026-09-18T13:01:00.309841+00:00
 [02811/3000] modify simple     /srv/fim-watch/gen_00521.txt ts=2026-09-18T13:01:00.409932+00:00
 [02812/3000] modify simple     /srv/fim-watch/critico/gen_00272.txt ts=2026-09-18T13:01:00.509515+00:00
 [02813/3000] create simple     /srv/fim-watch/gen_00560.txt ts=2026-09-18T13:01:00.609470+00:00
 [02814/3000] create efimero    /srv/fim-watch/gen_00561.txt ts=2026-09-18T13:01:00.709266+00:00
 [02815/3000] delete efimero    /srv/fim-watch/gen_00561.txt ts=2026-09-18T13:01:00.809474+00:00
 [02816/3000] create simple     /srv/fim-watch/critico/gen_00562.txt ts=2026-09-18T13:01:00.909646+00:00
 [02817/3000] create efimero    /srv/fim-watch/gen_00563.txt ts=2026-09-18T13:01:01.009283+00:00
 [02818/3000] delete efimero    /srv/fim-watch/gen_00563.txt ts=2026-09-18T13:01:01.109239+00:00
 [02819/3000] modify simple     /srv/fim-watch/gen_00350.txt ts=2026-09-18T13:01:01.209298+00:00
 [02820/3000] modify simple     /srv/fim-watch/gen_00425.txt ts=2026-09-18T13:01:01.309272+00:00
 [02821/3000] create simple     /srv/fim-watch/gen_00564.txt ts=2026-09-18T13:01:01.409437+00:00
 [02822/3000] modify revertido  /srv/fim-watch/gen_00098.txt ts=2026-09-18T13:01:01.509246+00:00
 [02823/3000] modify revertido  /srv/fim-watch/gen_00098.txt ts=2026-09-18T13:01:01.609281+00:00
 [02824/3000] modify simple     /srv/fim-watch/gen_00139.txt ts=2026-09-18T13:01:01.709544+00:00
 [02825/3000] modify simple     /srv/fim-watch/gen_00268.txt ts=2026-09-18T13:01:01.809542+00:00
 [02826/3000] create simple     /srv/fim-watch/critico/gen_00565.txt ts=2026-09-18T13:01:01.909334+00:00
 [02827/3000] delete simple     /srv/fim-watch/gen_00540.txt ts=2026-09-18T13:01:02.009242+00:00
 [02828/3000] modify simple     /srv/fim-watch/critico/gen_00361.txt ts=2026-09-18T13:01:02.109300+00:00
 [02829/3000] modify simple     /srv/fim-watch/gen_00543.txt ts=2026-09-18T13:01:02.209787+00:00
 [02830/3000] modify simple     /srv/fim-watch/gen_00517.txt ts=2026-09-18T13:01:02.309546+00:00
 [02831/3000] delete simple     /srv/fim-watch/gen_00525.txt ts=2026-09-18T13:01:02.409424+00:00
 [02832/3000] modify simple     /srv/fim-watch/gen_00219.txt ts=2026-09-18T13:01:02.509520+00:00
 [02833/3000] create simple     /srv/fim-watch/gen_00566.txt ts=2026-09-18T13:01:02.609475+00:00
 [02834/3000] delete simple     /srv/fim-watch/critico/gen_00209.txt ts=2026-09-18T13:01:02.709616+00:00
 [02835/3000] modify simple     /srv/fim-watch/gen_00203.txt ts=2026-09-18T13:01:02.809666+00:00
 [02836/3000] modify simple     /srv/fim-watch/critico/gen_00392.txt ts=2026-09-18T13:01:02.909690+00:00
 [02837/3000] create simple     /srv/fim-watch/gen_00567.txt ts=2026-09-18T13:01:03.009571+00:00
 [02838/3000] modify simple     /srv/fim-watch/gen_00384.txt ts=2026-09-18T13:01:03.109561+00:00
 [02839/3000] delete simple     /srv/fim-watch/gen_00395.txt ts=2026-09-18T13:01:03.209614+00:00
 [02840/3000] modify simple     /srv/fim-watch/critico/gen_00414.txt ts=2026-09-18T13:01:03.309608+00:00
 [02841/3000] modify simple     /srv/fim-watch/gen_00406.txt ts=2026-09-18T13:01:03.409582+00:00
 [02842/3000] create simple     /srv/fim-watch/gen_00568.txt ts=2026-09-18T13:01:03.509402+00:00
 [02843/3000] modify colapsado  /srv/fim-watch/gen_00115.txt ts=2026-09-18T13:01:03.609658+00:00
 [02844/3000] modify colapsado  /srv/fim-watch/gen_00115.txt ts=2026-09-18T13:01:03.709339+00:00
 [02845/3000] modify colapsado  /srv/fim-watch/gen_00115.txt ts=2026-09-18T13:01:03.809596+00:00
 [02846/3000] modify colapsado  /srv/fim-watch/gen_00115.txt ts=2026-09-18T13:01:03.909699+00:00
 [02847/3000] modify colapsado  /srv/fim-watch/gen_00115.txt ts=2026-09-18T13:01:04.009367+00:00
 [02848/3000] modify colapsado  /srv/fim-watch/gen_00418.txt ts=2026-09-18T13:01:04.109634+00:00
 [02849/3000] modify colapsado  /srv/fim-watch/gen_00418.txt ts=2026-09-18T13:01:04.209772+00:00
 [02850/3000] modify colapsado  /srv/fim-watch/gen_00418.txt ts=2026-09-18T13:01:04.309709+00:00
 [02851/3000] modify colapsado  /srv/fim-watch/gen_00418.txt ts=2026-09-18T13:01:04.409702+00:00
 [02852/3000] modify colapsado  /srv/fim-watch/gen_00418.txt ts=2026-09-18T13:01:04.509429+00:00
 [02853/3000] modify simple     /srv/fim-watch/gen_00458.txt ts=2026-09-18T13:01:04.609622+00:00
 [02854/3000] delete simple     /srv/fim-watch/gen_00311.txt ts=2026-09-18T13:01:04.709484+00:00
 [02855/3000] modify simple     /srv/fim-watch/gen_00536.txt ts=2026-09-18T13:01:04.809590+00:00
 [02856/3000] modify simple     /srv/fim-watch/gen_00481.txt ts=2026-09-18T13:01:04.910069+00:00
 [02857/3000] create simple     /srv/fim-watch/gen_00569.txt ts=2026-09-18T13:01:05.009768+00:00
 [02858/3000] modify simple     /srv/fim-watch/gen_00250.txt ts=2026-09-18T13:01:05.109597+00:00
 [02859/3000] modify simple     /srv/fim-watch/gen_00403.txt ts=2026-09-18T13:01:05.209493+00:00
 [02860/3000] modify simple     /srv/fim-watch/gen_00513.txt ts=2026-09-18T13:01:05.309339+00:00
 [02861/3000] modify simple     /srv/fim-watch/gen_00226.txt ts=2026-09-18T13:01:05.409358+00:00
 [02862/3000] delete simple     /srv/fim-watch/gen_00539.txt ts=2026-09-18T13:01:05.509350+00:00
 [02863/3000] create simple     /srv/fim-watch/gen_00570.txt ts=2026-09-18T13:01:05.609173+00:00
 [02864/3000] modify simple     /srv/fim-watch/gen_00472.txt ts=2026-09-18T13:01:05.709564+00:00
 [02865/3000] delete simple     /srv/fim-watch/gen_00507.txt ts=2026-09-18T13:01:05.809450+00:00
 [02866/3000] modify revertido  /srv/fim-watch/gen_00554.txt ts=2026-09-18T13:01:05.909299+00:00
 [02867/3000] modify revertido  /srv/fim-watch/gen_00554.txt ts=2026-09-18T13:01:06.009257+00:00
 [02868/3000] modify simple     /srv/fim-watch/gen_00501.txt ts=2026-09-18T13:01:06.109326+00:00
 [02869/3000] create simple     /srv/fim-watch/gen_00571.txt ts=2026-09-18T13:01:06.209227+00:00
 [02870/3000] modify colapsado  /srv/fim-watch/gen_00126.txt ts=2026-09-18T13:01:06.309597+00:00
 [02871/3000] modify colapsado  /srv/fim-watch/gen_00126.txt ts=2026-09-18T13:01:06.409625+00:00
 [02872/3000] modify colapsado  /srv/fim-watch/gen_00126.txt ts=2026-09-18T13:01:06.509377+00:00
 [02873/3000] modify colapsado  /srv/fim-watch/gen_00126.txt ts=2026-09-18T13:01:06.609438+00:00
 [02874/3000] modify colapsado  /srv/fim-watch/gen_00126.txt ts=2026-09-18T13:01:06.709480+00:00
 [02875/3000] modify simple     /srv/fim-watch/gen_00481.txt ts=2026-09-18T13:01:06.809453+00:00
 [02876/3000] delete simple     /srv/fim-watch/gen_00545.txt ts=2026-09-18T13:01:06.909370+00:00
 [02877/3000] modify simple     /srv/fim-watch/gen_00479.txt ts=2026-09-18T13:01:07.009500+00:00
 [02878/3000] delete simple     /srv/fim-watch/gen_00277.txt ts=2026-09-18T13:01:07.109333+00:00
 [02879/3000] modify simple     /srv/fim-watch/gen_00503.txt ts=2026-09-18T13:01:07.209567+00:00
 [02880/3000] create efimero    /srv/fim-watch/gen_00572.txt ts=2026-09-18T13:01:07.309386+00:00
 [02881/3000] delete efimero    /srv/fim-watch/gen_00572.txt ts=2026-09-18T13:01:07.409246+00:00
 [02882/3000] modify revertido  /srv/fim-watch/critico/gen_00392.txt ts=2026-09-18T13:01:07.509616+00:00
 [02883/3000] modify revertido  /srv/fim-watch/critico/gen_00392.txt ts=2026-09-18T13:01:07.609417+00:00
 [02884/3000] modify simple     /srv/fim-watch/gen_00098.txt ts=2026-09-18T13:01:07.709442+00:00
 [02885/3000] modify simple     /srv/fim-watch/gen_00284.txt ts=2026-09-18T13:01:07.809445+00:00
 [02886/3000] create simple     /srv/fim-watch/gen_00573.txt ts=2026-09-18T13:01:07.909496+00:00
 [02887/3000] modify simple     /srv/fim-watch/critico/gen_00437.txt ts=2026-09-18T13:01:08.009454+00:00
 [02888/3000] modify simple     /srv/fim-watch/gen_00290.txt ts=2026-09-18T13:01:08.109477+00:00
 [02889/3000] create simple     /srv/fim-watch/critico/gen_00574.txt ts=2026-09-18T13:01:08.209441+00:00
 [02890/3000] modify simple     /srv/fim-watch/critico/gen_00556.txt ts=2026-09-18T13:01:08.309677+00:00
 [02891/3000] modify simple     /srv/fim-watch/gen_00195.txt ts=2026-09-18T13:01:08.409534+00:00
 [02892/3000] create simple     /srv/fim-watch/gen_00575.txt ts=2026-09-18T13:01:08.509625+00:00
 [02893/3000] delete simple     /srv/fim-watch/gen_00558.txt ts=2026-09-18T13:01:08.609438+00:00
 [02894/3000] modify simple     /srv/fim-watch/gen_00400.txt ts=2026-09-18T13:01:08.709665+00:00
 [02895/3000] create simple     /srv/fim-watch/gen_00576.txt ts=2026-09-18T13:01:08.809430+00:00
 [02896/3000] modify simple     /srv/fim-watch/gen_00467.txt ts=2026-09-18T13:01:08.909608+00:00
 [02897/3000] modify simple     /srv/fim-watch/gen_00495.txt ts=2026-09-18T13:01:09.009576+00:00
 [02898/3000] modify simple     /srv/fim-watch/critico/gen_00532.txt ts=2026-09-18T13:01:09.109426+00:00
 [02899/3000] modify revertido  /srv/fim-watch/gen_00098.txt ts=2026-09-18T13:01:09.209679+00:00
 [02900/3000] modify revertido  /srv/fim-watch/gen_00098.txt ts=2026-09-18T13:01:09.309350+00:00
 [02901/3000] modify simple     /srv/fim-watch/gen_00480.txt ts=2026-09-18T13:01:09.410082+00:00
 [02902/3000] modify simple     /srv/fim-watch/gen_00452.txt ts=2026-09-18T13:01:09.509682+00:00
 [02903/3000] modify simple     /srv/fim-watch/gen_00402.txt ts=2026-09-18T13:01:09.609451+00:00
 [02904/3000] modify simple     /srv/fim-watch/gen_00152.txt ts=2026-09-18T13:01:09.709437+00:00
 [02905/3000] modify simple     /srv/fim-watch/critico/gen_00530.txt ts=2026-09-18T13:01:09.809467+00:00
 [02906/3000] modify simple     /srv/fim-watch/critico/gen_00322.txt ts=2026-09-18T13:01:09.909489+00:00
 [02907/3000] create simple     /srv/fim-watch/gen_00577.txt ts=2026-09-18T13:01:10.009315+00:00
 [02908/3000] create simple     /srv/fim-watch/gen_00578.txt ts=2026-09-18T13:01:10.109596+00:00
 [02909/3000] create simple     /srv/fim-watch/critico/gen_00579.txt ts=2026-09-18T13:01:10.209456+00:00
 [02910/3000] modify colapsado  /srv/fim-watch/gen_00385.txt ts=2026-09-18T13:01:10.309493+00:00
 [02911/3000] modify colapsado  /srv/fim-watch/gen_00385.txt ts=2026-09-18T13:01:10.409341+00:00
 [02912/3000] modify colapsado  /srv/fim-watch/gen_00385.txt ts=2026-09-18T13:01:10.509471+00:00
 [02913/3000] modify colapsado  /srv/fim-watch/gen_00385.txt ts=2026-09-18T13:01:10.609462+00:00
 [02914/3000] modify colapsado  /srv/fim-watch/gen_00385.txt ts=2026-09-18T13:01:10.709472+00:00
 [02915/3000] modify simple     /srv/fim-watch/gen_00473.txt ts=2026-09-18T13:01:10.809388+00:00
 [02916/3000] create simple     /srv/fim-watch/gen_00580.txt ts=2026-09-18T13:01:10.909277+00:00
 [02917/3000] modify revertido  /srv/fim-watch/gen_00577.txt ts=2026-09-18T13:01:11.009320+00:00
 [02918/3000] modify revertido  /srv/fim-watch/gen_00577.txt ts=2026-09-18T13:01:11.109333+00:00
 [02919/3000] modify simple     /srv/fim-watch/gen_00570.txt ts=2026-09-18T13:01:11.209468+00:00
 [02920/3000] create simple     /srv/fim-watch/gen_00581.txt ts=2026-09-18T13:01:11.309411+00:00
 [02921/3000] modify colapsado  /srv/fim-watch/critico/gen_00392.txt ts=2026-09-18T13:01:11.409490+00:00
 [02922/3000] modify colapsado  /srv/fim-watch/critico/gen_00392.txt ts=2026-09-18T13:01:11.509512+00:00
 [02923/3000] modify colapsado  /srv/fim-watch/critico/gen_00392.txt ts=2026-09-18T13:01:11.609387+00:00
 [02924/3000] modify colapsado  /srv/fim-watch/critico/gen_00392.txt ts=2026-09-18T13:01:11.709319+00:00
 [02925/3000] modify colapsado  /srv/fim-watch/critico/gen_00392.txt ts=2026-09-18T13:01:11.809569+00:00
 [02926/3000] create simple     /srv/fim-watch/gen_00582.txt ts=2026-09-18T13:01:11.909204+00:00
 [02927/3000] modify simple     /srv/fim-watch/gen_00538.txt ts=2026-09-18T13:01:12.009322+00:00
 [02928/3000] modify simple     /srv/fim-watch/gen_00405.txt ts=2026-09-18T13:01:12.109453+00:00
 [02929/3000] create efimero    /srv/fim-watch/gen_00583.txt ts=2026-09-18T13:01:12.209153+00:00
 [02930/3000] delete efimero    /srv/fim-watch/gen_00583.txt ts=2026-09-18T13:01:12.309196+00:00
 [02931/3000] modify simple     /srv/fim-watch/gen_00436.txt ts=2026-09-18T13:01:12.409246+00:00
 [02932/3000] create simple     /srv/fim-watch/gen_00584.txt ts=2026-09-18T13:01:12.509159+00:00
 [02933/3000] modify simple     /srv/fim-watch/critico/gen_00437.txt ts=2026-09-18T13:01:12.609740+00:00
 [02934/3000] modify simple     /srv/fim-watch/critico/gen_00532.txt ts=2026-09-18T13:01:12.709612+00:00
 [02935/3000] create simple     /srv/fim-watch/gen_00585.txt ts=2026-09-18T13:01:12.809437+00:00
 [02936/3000] modify simple     /srv/fim-watch/gen_00570.txt ts=2026-09-18T13:01:12.909468+00:00
 [02937/3000] create simple     /srv/fim-watch/critico/gen_00586.txt ts=2026-09-18T13:01:13.009445+00:00
 [02938/3000] delete simple     /srv/fim-watch/gen_00259.txt ts=2026-09-18T13:01:13.109338+00:00
 [02939/3000] modify simple     /srv/fim-watch/gen_00421.txt ts=2026-09-18T13:01:13.209579+00:00
 [02940/3000] modify revertido  /srv/fim-watch/critico/gen_00153.txt ts=2026-09-18T13:01:13.309512+00:00
 [02941/3000] modify revertido  /srv/fim-watch/critico/gen_00153.txt ts=2026-09-18T13:01:13.409812+00:00
 [02942/3000] modify simple     /srv/fim-watch/gen_00489.txt ts=2026-09-18T13:01:13.509715+00:00
 [02943/3000] modify revertido  /srv/fim-watch/gen_00356.txt ts=2026-09-18T13:01:13.609963+00:00
 [02944/3000] modify revertido  /srv/fim-watch/gen_00356.txt ts=2026-09-18T13:01:13.709621+00:00
 [02945/3000] create simple     /srv/fim-watch/gen_00587.txt ts=2026-09-18T13:01:13.809763+00:00
 [02946/3000] modify revertido  /srv/fim-watch/gen_00493.txt ts=2026-09-18T13:01:13.909663+00:00
 [02947/3000] modify revertido  /srv/fim-watch/gen_00493.txt ts=2026-09-18T13:01:14.009733+00:00
 [02948/3000] modify simple     /srv/fim-watch/gen_00550.txt ts=2026-09-18T13:01:14.109643+00:00
 [02949/3000] modify simple     /srv/fim-watch/gen_00232.txt ts=2026-09-18T13:01:14.209706+00:00
 [02950/3000] create simple     /srv/fim-watch/gen_00588.txt ts=2026-09-18T13:01:14.309530+00:00
 [02951/3000] modify simple     /srv/fim-watch/gen_00326.txt ts=2026-09-18T13:01:14.409838+00:00
 [02952/3000] modify simple     /srv/fim-watch/gen_00386.txt ts=2026-09-18T13:01:14.509596+00:00
 [02953/3000] modify simple     /srv/fim-watch/gen_00492.txt ts=2026-09-18T13:01:14.609698+00:00
 [02954/3000] create simple     /srv/fim-watch/gen_00589.txt ts=2026-09-18T13:01:14.709516+00:00
 [02955/3000] delete simple     /srv/fim-watch/critico/gen_00342.txt ts=2026-09-18T13:01:14.809498+00:00
 [02956/3000] modify simple     /srv/fim-watch/gen_00519.txt ts=2026-09-18T13:01:14.909990+00:00
 [02957/3000] modify simple     /srv/fim-watch/gen_00125.txt ts=2026-09-18T13:01:15.009572+00:00
 [02958/3000] modify revertido  /srv/fim-watch/critico/gen_00304.txt ts=2026-09-18T13:01:15.109557+00:00
 [02959/3000] modify revertido  /srv/fim-watch/critico/gen_00304.txt ts=2026-09-18T13:01:15.209586+00:00
 [02960/3000] create simple     /srv/fim-watch/gen_00590.txt ts=2026-09-18T13:01:15.309587+00:00
 [02961/3000] modify simple     /srv/fim-watch/gen_00517.txt ts=2026-09-18T13:01:15.409627+00:00
 [02962/3000] modify simple     /srv/fim-watch/critico/gen_00565.txt ts=2026-09-18T13:01:15.509521+00:00
 [02963/3000] create simple     /srv/fim-watch/gen_00591.txt ts=2026-09-18T13:01:15.609518+00:00
 [02964/3000] delete simple     /srv/fim-watch/critico/gen_00345.txt ts=2026-09-18T13:01:15.709519+00:00
 [02965/3000] delete simple     /srv/fim-watch/gen_00521.txt ts=2026-09-18T13:01:15.809412+00:00
 [02966/3000] modify simple     /srv/fim-watch/gen_00546.txt ts=2026-09-18T13:01:15.909752+00:00
 [02967/3000] create simple     /srv/fim-watch/critico/gen_00592.txt ts=2026-09-18T13:01:16.009664+00:00
 [02968/3000] modify simple     /srv/fim-watch/gen_00193.txt ts=2026-09-18T13:01:16.109838+00:00
 [02969/3000] modify simple     /srv/fim-watch/gen_00470.txt ts=2026-09-18T13:01:16.209648+00:00
 [02970/3000] create efimero    /srv/fim-watch/critico/gen_00593.txt ts=2026-09-18T13:01:16.309680+00:00
 [02971/3000] delete efimero    /srv/fim-watch/critico/gen_00593.txt ts=2026-09-18T13:01:16.409458+00:00
 [02972/3000] modify simple     /srv/fim-watch/gen_00223.txt ts=2026-09-18T13:01:16.509664+00:00
 [02973/3000] modify revertido  /srv/fim-watch/gen_00405.txt ts=2026-09-18T13:01:16.609588+00:00
 [02974/3000] modify revertido  /srv/fim-watch/gen_00405.txt ts=2026-09-18T13:01:16.709760+00:00
 [02975/3000] modify simple     /srv/fim-watch/gen_00274.txt ts=2026-09-18T13:01:16.809606+00:00
 [02976/3000] create simple     /srv/fim-watch/gen_00594.txt ts=2026-09-18T13:01:16.909664+00:00
 [02977/3000] modify simple     /srv/fim-watch/gen_00469.txt ts=2026-09-18T13:01:17.009474+00:00
 [02978/3000] create simple     /srv/fim-watch/gen_00595.txt ts=2026-09-18T13:01:17.109331+00:00
 [02979/3000] modify revertido  /srv/fim-watch/gen_00358.txt ts=2026-09-18T13:01:17.209627+00:00
 [02980/3000] modify revertido  /srv/fim-watch/gen_00358.txt ts=2026-09-18T13:01:17.309623+00:00
 [02981/3000] modify simple     /srv/fim-watch/gen_00062.txt ts=2026-09-18T13:01:17.409797+00:00
 [02982/3000] modify revertido  /srv/fim-watch/critico/gen_00574.txt ts=2026-09-18T13:01:17.509666+00:00
 [02983/3000] modify revertido  /srv/fim-watch/critico/gen_00574.txt ts=2026-09-18T13:01:17.609499+00:00
 [02984/3000] modify simple     /srv/fim-watch/gen_00569.txt ts=2026-09-18T13:01:17.709441+00:00
 [02985/3000] modify simple     /srv/fim-watch/gen_00352.txt ts=2026-09-18T13:01:17.809268+00:00
 [02986/3000] create simple     /srv/fim-watch/critico/gen_00596.txt ts=2026-09-18T13:01:17.909160+00:00
 [02987/3000] create simple     /srv/fim-watch/gen_00597.txt ts=2026-09-18T13:01:18.009154+00:00
 [02988/3000] modify simple     /srv/fim-watch/gen_00448.txt ts=2026-09-18T13:01:18.109336+00:00
 [02989/3000] modify simple     /srv/fim-watch/critico/gen_00304.txt ts=2026-09-18T13:01:18.209305+00:00
 [02990/3000] modify simple     /srv/fim-watch/gen_00290.txt ts=2026-09-18T13:01:18.309297+00:00
 [02991/3000] modify simple     /srv/fim-watch/critico/gen_00398.txt ts=2026-09-18T13:01:18.409330+00:00
 [02992/3000] modify simple     /srv/fim-watch/critico/gen_00262.txt ts=2026-09-18T13:01:18.509306+00:00
 [02993/3000] create simple     /srv/fim-watch/gen_00598.txt ts=2026-09-18T13:01:18.609154+00:00
 [02994/3000] create efimero    /srv/fim-watch/critico/gen_00599.txt ts=2026-09-18T13:01:18.709255+00:00
 [02995/3000] delete efimero    /srv/fim-watch/critico/gen_00599.txt ts=2026-09-18T13:01:18.809206+00:00
 [02996/3000] delete simple     /srv/fim-watch/gen_00356.txt ts=2026-09-18T13:01:18.909545+00:00
 [02997/3000] modify simple     /srv/fim-watch/gen_00418.txt ts=2026-09-18T13:01:19.009533+00:00
 [02998/3000] delete simple     /srv/fim-watch/gen_00179.txt ts=2026-09-18T13:01:19.109479+00:00
 [02999/3000] modify simple     /srv/fim-watch/gen_00403.txt ts=2026-09-18T13:01:19.209774+00:00
 [03000/3000] create simple     /srv/fim-watch/gen_00600.txt ts=2026-09-18T13:01:19.309366+00:00
========================================================================
fin_utc = 2026-09-18T13:01:19.309575+00:00  duracion_s = 299.901
cambios_registrados = 3000  errores = 0
manifiesto = /srv/evidencia/bateria5_corte-valkey-post-d75_manifiesto.json
manifiesto incremental = /srv/evidencia/bateria5_corte-valkey-post-d75_manifiesto.jsonl
========================================================================
