event_id,path,detected_at,received_at
39b64b30-accb-4945-a68f-deb9ca143e9f,/srv/fim-watch/gen_00001.txt,2026-09-18 12:56:19.40979+00,2026-09-18 13:01:23.948502+00
df403375-85e5-4f9f-a672-138b11bae6cb,/srv/fim-watch/gen_00001.txt,2026-09-18 12:56:19.510572+00,2026-09-18 13:01:23.988628+00
2d5aa35c-ae76-4377-8abe-2495dd83a319,/srv/fim-watch/gen_00001.txt,2026-09-18 12:56:19.610317+00,2026-09-18 13:01:24.00637+00
ab626fb9-12fe-4091-be29-3aba49c4a645,/srv/fim-watch/gen_00001.txt,2026-09-18 12:56:19.710772+00,2026-09-18 13:01:24.02367+00
c58af361-70fd-4efa-99cf-690bca36349e,/srv/fim-watch/gen_00001.txt,2026-09-18 12:56:19.810653+00,2026-09-18 13:01:24.040778+00
5a74b6be-99b2-4597-975d-27fd46a4eed2,/srv/fim-watch/gen_00002.txt,2026-09-18 12:56:19.910722+00,2026-09-18 13:01:24.05684+00
e2c0165c-4118-40c9-9711-5f6a3223b0ce,/srv/fim-watch/critico/gen_00003.txt,2026-09-18 12:56:20.010533+00,2026-09-18 13:01:24.070649+00
96319e6c-50ef-487c-b247-6d9a9e84e4d7,/srv/fim-watch/gen_00001.txt,2026-09-18 12:56:20.11024+00,2026-09-18 13:01:24.084967+00
92c63cbf-39e4-43bb-8b06-f651ade984ec,/srv/fim-watch/gen_00004.txt,2026-09-18 12:56:20.21055+00,2026-09-18 13:01:24.100051+00
ff71e81f-60de-41ec-a6f5-e7608baf8b74,/srv/fim-watch/critico/gen_00003.txt,2026-09-18 12:56:20.310372+00,2026-09-18 13:01:24.111673+00
1c1836d6-6ca3-4729-ac59-c8385542d685,/srv/fim-watch/critico/gen_00003.txt,2026-09-18 12:56:20.410437+00,2026-09-18 13:01:24.126297+00
e54f7d04-6a33-47df-a6dc-f66b65fb8c98,/srv/fim-watch/gen_00004.txt,2026-09-18 12:56:20.510325+00,2026-09-18 13:01:24.139273+00
1a592bb5-64e2-4d1b-8f66-a7660884608d,/srv/fim-watch/gen_00002.txt,2026-09-18 12:56:20.610648+00,2026-09-18 13:01:24.152078+00
b3a49ec2-5c6a-446a-8c65-4a2bda1dcc8a,/srv/fim-watch/critico/gen_00003.txt,2026-09-18 12:56:20.710631+00,2026-09-18 13:01:24.16438+00
b2d8c834-bac5-485a-a7b2-64a92b464341,/srv/fim-watch/gen_00005.txt,2026-09-18 12:56:20.810345+00,2026-09-18 13:01:24.175958+00
027012dd-2db5-49a1-a7e0-b033dc12961d,/srv/fim-watch/gen_00005.txt,2026-09-18 12:56:20.910394+00,2026-09-18 13:01:24.18721+00
270508c1-a34e-4b6f-a442-3876c64e0c67,/srv/fim-watch/gen_00006.txt,2026-09-18 12:56:21.010087+00,2026-09-18 13:01:24.199239+00
72f9f82f-e1df-4d63-8663-69b3bf8a15d4,/srv/fim-watch/gen_00007.txt,2026-09-18 12:56:21.109991+00,2026-09-18 13:01:24.21082+00
278f86fc-2662-4028-b472-4082616102d7,/srv/fim-watch/gen_00004.txt,2026-09-18 12:56:21.210116+00,2026-09-18 13:01:24.221598+00
47c8ceea-06a4-403b-964a-dcf57547ac9d,/srv/fim-watch/critico/gen_00003.txt,2026-09-18 12:56:21.310128+00,2026-09-18 13:01:24.231947+00
18452143-ea5f-48f1-9457-bd079c787651,/srv/fim-watch/critico/gen_00003.txt,2026-09-18 12:56:21.410122+00,2026-09-18 13:01:24.243419+00
6f6ac5da-a42e-4352-9ae7-02bdf4e294e7,/srv/fim-watch/critico/gen_00003.txt,2026-09-18 12:56:21.510931+00,2026-09-18 13:01:24.2544+00
4a406457-32c3-463b-ad79-2f6fb475e743,/srv/fim-watch/gen_00006.txt,2026-09-18 12:56:21.610953+00,2026-09-18 13:01:24.265161+00
ad17629b-12d2-4705-ba6f-3384aed034aa,/srv/fim-watch/critico/gen_00003.txt,2026-09-18 12:56:21.710433+00,2026-09-18 13:01:24.276457+00
68a64b9b-9f08-4298-8c5d-65f79e15b08b,/srv/fim-watch/gen_00006.txt,2026-09-18 12:56:21.809948+00,2026-09-18 13:01:24.286829+00
3389fd6f-67ff-4ac4-8568-f4d187f1bc32,/srv/fim-watch/gen_00008.txt,2026-09-18 12:56:21.910741+00,2026-09-18 13:01:24.298154+00
1a49511f-4977-4b49-8596-708327ed7b9a,/srv/fim-watch/gen_00007.txt,2026-09-18 12:56:22.010342+00,2026-09-18 13:01:24.307992+00
22321e40-08d4-484e-ac9d-8ac17e3eac75,/srv/fim-watch/gen_00007.txt,2026-09-18 12:56:22.11031+00,2026-09-18 13:01:24.31945+00
78a55779-af7e-40a8-bd10-3c0ea4adead4,/srv/fim-watch/gen_00002.txt,2026-09-18 12:56:22.210415+00,2026-09-18 13:01:24.331125+00
615fcad3-a4d7-4fdb-b991-ff846521cfc5,/srv/fim-watch/gen_00009.txt,2026-09-18 12:56:22.310443+00,2026-09-18 13:01:24.34125+00
688699a1-62bc-4242-8eab-69cade72deb9,/srv/fim-watch/gen_00009.txt,2026-09-18 12:56:22.409832+00,2026-09-18 13:01:24.352262+00
160846d5-f15d-4c71-9c87-b9a5f7e8fbf0,/srv/fim-watch/gen_00006.txt,2026-09-18 12:56:22.510774+00,2026-09-18 13:01:24.365217+00
53518f41-a5ef-4432-99d5-a051156b7dc8,/srv/fim-watch/gen_00007.txt,2026-09-18 12:56:22.610426+00,2026-09-18 13:01:24.376343+00
f8287c56-5ad4-4a61-afdb-758078c4bc98,/srv/fim-watch/gen_00002.txt,2026-09-18 12:56:22.710716+00,2026-09-18 13:01:24.386979+00
937b030e-1d71-42ed-a914-e32ee898e9d7,/srv/fim-watch/gen_00010.txt,2026-09-18 12:56:22.810214+00,2026-09-18 13:01:24.396847+00
d8cf3a00-72e5-48d1-bd6e-95738ed61995,/srv/fim-watch/gen_00010.txt,2026-09-18 12:56:22.910213+00,2026-09-18 13:01:24.410267+00
6e585b76-a7d4-4e97-b2f1-c8ba03bdba67,/srv/fim-watch/gen_00004.txt,2026-09-18 12:56:23.010017+00,2026-09-18 13:01:24.421791+00
a0bd53d9-fb7a-4d0e-a399-0d994d80b423,/srv/fim-watch/gen_00004.txt,2026-09-18 12:56:23.110104+00,2026-09-18 13:01:24.433964+00
0b9e4459-7d55-4052-8712-04fbd85d230d,/srv/fim-watch/gen_00004.txt,2026-09-18 12:56:23.210189+00,2026-09-18 13:01:24.444275+00
d7249575-2e77-44ac-b9fd-d773c44da44d,/srv/fim-watch/gen_00004.txt,2026-09-18 12:56:23.310007+00,2026-09-18 13:01:24.457133+00
8b75853b-c5cc-444c-88fe-bb6b11df445e,/srv/fim-watch/gen_00004.txt,2026-09-18 12:56:23.410199+00,2026-09-18 13:01:24.468253+00
cecf002c-4121-49ba-80d4-4370d35f0ce5,/srv/fim-watch/gen_00004.txt,2026-09-18 12:56:23.510484+00,2026-09-18 13:01:24.479466+00
62b088db-4402-40b5-93e8-8e40423459c2,/srv/fim-watch/gen_00004.txt,2026-09-18 12:56:23.610056+00,2026-09-18 13:01:24.492433+00
5c99c22b-2388-4b05-a26a-469a805d0a20,/srv/fim-watch/gen_00004.txt,2026-09-18 12:56:23.710283+00,2026-09-18 13:01:24.50617+00
a7e34a90-9e1d-4623-9550-caff6a50bf94,/srv/fim-watch/gen_00004.txt,2026-09-18 12:56:23.810098+00,2026-09-18 13:01:24.516795+00
f2b8f516-62dc-4f98-b1c9-c2ea5eb765a8,/srv/fim-watch/gen_00004.txt,2026-09-18 12:56:23.910623+00,2026-09-18 13:01:24.529183+00
1e23c152-8683-4de6-b106-dfcdedda39d3,/srv/fim-watch/gen_00004.txt,2026-09-18 12:56:24.010483+00,2026-09-18 13:01:24.538704+00
77a184ef-abd0-44ce-80e9-45490d8f99bd,/srv/fim-watch/gen_00011.txt,2026-09-18 12:56:24.110144+00,2026-09-18 13:01:24.549123+00
8ac2d6c3-c44b-47b7-a53a-ee35a582f849,/srv/fim-watch/gen_00012.txt,2026-09-18 12:56:24.210798+00,2026-09-18 13:01:24.559685+00
6adb1a96-f5e8-4f6a-b15e-7b964f8f72c7,/srv/fim-watch/gen_00007.txt,2026-09-18 12:56:24.310332+00,2026-09-18 13:01:24.571489+00
78b0a493-3291-4633-b87c-02ad49051f01,/srv/fim-watch/gen_00007.txt,2026-09-18 12:56:24.410324+00,2026-09-18 13:01:24.58254+00
d1708e32-9b8e-4946-8f2e-e1d83c1f3493,/srv/fim-watch/gen_00007.txt,2026-09-18 12:56:24.510565+00,2026-09-18 13:01:24.594626+00
69c5003f-72b6-4e78-a468-11b32f9a9476,/srv/fim-watch/gen_00007.txt,2026-09-18 12:56:24.61035+00,2026-09-18 13:01:24.604856+00
991ff185-27c7-472e-8bbd-d6c8d6ffe29a,/srv/fim-watch/gen_00007.txt,2026-09-18 12:56:24.710619+00,2026-09-18 13:01:24.616401+00
a504402d-0364-4ea3-8f04-cb6304c11550,/srv/fim-watch/gen_00010.txt,2026-09-18 12:56:24.810383+00,2026-09-18 13:01:24.627807+00
a51a437f-764f-4d9b-93aa-fd41e9fdc98f,/srv/fim-watch/gen_00007.txt,2026-09-18 12:56:24.910409+00,2026-09-18 13:01:24.639823+00
ef77eff2-aa66-48bb-8faf-ede4bdf09d71,/srv/fim-watch/gen_00012.txt,2026-09-18 12:56:25.010286+00,2026-09-18 13:01:24.649842+00
553432d7-209b-4f1e-9ca7-a4407fc7cae7,/srv/fim-watch/gen_00013.txt,2026-09-18 12:56:25.110639+00,2026-09-18 13:01:24.661777+00
b88f9d2f-a6be-4610-a1bf-4ea5f6fd9211,/srv/fim-watch/gen_00013.txt,2026-09-18 12:56:25.210412+00,2026-09-18 13:01:24.673231+00
32abe34b-806e-4f41-8921-444097524d8e,/srv/fim-watch/gen_00013.txt,2026-09-18 12:56:25.31037+00,2026-09-18 13:01:24.684416+00
a94223ff-736c-45f5-a839-fff76532bdf6,/srv/fim-watch/gen_00010.txt,2026-09-18 12:56:25.410275+00,2026-09-18 13:01:24.694903+00
6d032f98-e154-4685-bfd6-b54e61194951,/srv/fim-watch/gen_00011.txt,2026-09-18 12:56:25.51042+00,2026-09-18 13:01:24.705683+00
34d0c9d2-64a6-449e-9b4a-1d305faed55b,/srv/fim-watch/gen_00014.txt,2026-09-18 12:56:25.61066+00,2026-09-18 13:01:24.717408+00
034008e3-3c46-4bb4-9d61-4e57b3ae13ed,/srv/fim-watch/gen_00011.txt,2026-09-18 12:56:25.710405+00,2026-09-18 13:01:24.729802+00
992d740b-5294-4584-bf90-99bd57ab9d3d,/srv/fim-watch/gen_00006.txt,2026-09-18 12:56:25.810638+00,2026-09-18 13:01:24.741116+00
ce4567da-b5ec-402e-bbab-2643afe67dd5,/srv/fim-watch/gen_00008.txt,2026-09-18 12:56:25.910506+00,2026-09-18 13:01:24.754716+00
ed63a4bf-ccb4-4a7b-9c52-0846a7fac2ea,/srv/fim-watch/gen_00011.txt,2026-09-18 12:56:26.010621+00,2026-09-18 13:01:24.766433+00
22e55ae2-09f4-4121-948b-f419463b7d3d,/srv/fim-watch/gen_00011.txt,2026-09-18 12:56:26.110428+00,2026-09-18 13:01:24.776829+00
b8a19925-c87a-41ec-b0c2-e3d3402fe552,/srv/fim-watch/gen_00004.txt,2026-09-18 12:56:26.210529+00,2026-09-18 13:01:24.789214+00
a254e4a0-b842-4245-91aa-03d77533718f,/srv/fim-watch/gen_00004.txt,2026-09-18 12:56:26.310046+00,2026-09-18 13:01:24.802366+00
a99ade25-5202-4854-a897-926b65c066cb,/srv/fim-watch/gen_00010.txt,2026-09-18 12:56:26.410105+00,2026-09-18 13:01:24.814084+00
cffb6e25-7a9c-415e-97a2-2294f1b0531a,/srv/fim-watch/gen_00013.txt,2026-09-18 12:56:26.51047+00,2026-09-18 13:01:24.827699+00
3a58c84e-3075-47cc-881f-74acdafd9f6a,/srv/fim-watch/gen_00013.txt,2026-09-18 12:56:26.610085+00,2026-09-18 13:01:24.840797+00
fdba58be-45a5-4767-acc9-bad33819a128,/srv/fim-watch/gen_00015.txt,2026-09-18 12:56:26.71018+00,2026-09-18 13:01:24.851208+00
ade2bada-265c-4391-b369-b08cf1047d8c,/srv/fim-watch/gen_00016.txt,2026-09-18 12:56:26.810101+00,2026-09-18 13:01:24.861441+00
cddee218-cf62-4ed6-a2c4-a66431070f01,/srv/fim-watch/gen_00014.txt,2026-09-18 12:56:26.910188+00,2026-09-18 13:01:24.873676+00
5d507528-3c74-474a-9773-9a3b93ff7ae9,/srv/fim-watch/gen_00014.txt,2026-09-18 12:56:27.010196+00,2026-09-18 13:01:24.886795+00
387d7166-1c67-4a47-8a11-1046a649444f,/srv/fim-watch/gen_00014.txt,2026-09-18 12:56:27.110472+00,2026-09-18 13:01:24.897607+00
2450b97c-262f-413f-931a-ce2db9f41fb2,/srv/fim-watch/gen_00004.txt,2026-09-18 12:56:27.210538+00,2026-09-18 13:01:24.907985+00
39619867-6be0-4571-87f0-fa6f6c5fdb27,/srv/fim-watch/gen_00004.txt,2026-09-18 12:56:27.309993+00,2026-09-18 13:01:24.919733+00
a29d5223-2f50-4db7-908e-6db3df3d0de2,/srv/fim-watch/gen_00014.txt,2026-09-18 12:56:27.409904+00,2026-09-18 13:01:24.931686+00
7db47e30-b347-45e6-b77b-83ec7605b081,/srv/fim-watch/gen_00016.txt,2026-09-18 12:56:27.510341+00,2026-09-18 13:01:24.942622+00
53287012-b2d7-42e6-b944-c44bfb8d21fc,/srv/fim-watch/gen_00015.txt,2026-09-18 12:56:27.610054+00,2026-09-18 13:01:24.955277+00
566880e7-94e7-46a4-96b9-73d6589244e7,/srv/fim-watch/gen_00015.txt,2026-09-18 12:56:27.710347+00,2026-09-18 13:01:24.966868+00
c7521e7c-3b6c-4fb8-bd19-6102cf5f1cc3,/srv/fim-watch/gen_00017.txt,2026-09-18 12:56:27.810222+00,2026-09-18 13:01:24.97797+00
cd3a17b1-f21c-40bf-8419-ba545b645cc0,/srv/fim-watch/gen_00017.txt,2026-09-18 12:56:27.910355+00,2026-09-18 13:01:24.988153+00
c9dc9d6f-12f4-4acb-af32-bee7f7c7d8e5,/srv/fim-watch/gen_00006.txt,2026-09-18 12:56:28.010224+00,2026-09-18 13:01:25.000559+00
0008a0cf-66e8-414a-80f2-a988b089f97a,/srv/fim-watch/gen_00006.txt,2026-09-18 12:56:28.110215+00,2026-09-18 13:01:25.011225+00
14c8e6f8-a68c-4673-aada-8f41528ef9c3,/srv/fim-watch/gen_00015.txt,2026-09-18 12:56:28.210788+00,2026-09-18 13:01:25.024314+00
63423616-052b-48d3-bf0b-dd3fdfd4308b,/srv/fim-watch/gen_00016.txt,2026-09-18 12:56:28.310512+00,2026-09-18 13:01:25.03758+00
ce6c4534-145d-4917-a104-c120646af409,/srv/fim-watch/gen_00016.txt,2026-09-18 12:56:28.410193+00,2026-09-18 13:01:25.049598+00
290e31e1-5005-4ec3-8066-b48fa4c2292f,/srv/fim-watch/gen_00018.txt,2026-09-18 12:56:28.510686+00,2026-09-18 13:01:25.062717+00
3a355b23-4c9a-4cea-9214-520083766fd5,/srv/fim-watch/gen_00008.txt,2026-09-18 12:56:28.609616+00,2026-09-18 13:01:25.078547+00
11d7f886-5b8a-4be2-b685-f09a16a09d66,/srv/fim-watch/gen_00008.txt,2026-09-18 12:56:28.710674+00,2026-09-18 13:01:25.093734+00
a6bcc36d-7dd9-40a3-9254-26c93a304f4f,/srv/fim-watch/gen_00008.txt,2026-09-18 12:56:28.809913+00,2026-09-18 13:01:25.105208+00
7aebe543-15b2-4e08-aa62-9ffba8f57968,/srv/fim-watch/gen_00008.txt,2026-09-18 12:56:28.910412+00,2026-09-18 13:01:25.12004+00
cd4204d8-aff8-4149-85f1-1c0ff4e96637,/srv/fim-watch/gen_00008.txt,2026-09-18 12:56:29.010775+00,2026-09-18 13:01:25.129968+00
bf75fb0f-68e8-4068-b5b6-a5b88faf860c,/srv/fim-watch/gen_00011.txt,2026-09-18 12:56:29.11039+00,2026-09-18 13:01:25.142221+00
9b93988f-fb88-4316-aec2-8b95ca5a2165,/srv/fim-watch/gen_00013.txt,2026-09-18 12:56:29.210809+00,2026-09-18 13:01:25.152803+00
319d9ab6-1f14-4897-9314-b989d9cb7a62,/srv/fim-watch/gen_00013.txt,2026-09-18 12:56:29.310504+00,2026-09-18 13:01:25.164975+00
3e156abf-459f-4c02-9fcd-807687e7236a,/srv/fim-watch/gen_00013.txt,2026-09-18 12:56:29.410807+00,2026-09-18 13:01:25.17782+00
b1a18923-0fb5-43d2-a807-f7f24536ab27,/srv/fim-watch/gen_00013.txt,2026-09-18 12:56:29.510775+00,2026-09-18 13:01:25.191485+00
52d41d42-eba3-4ef1-a251-f05e088114fc,/srv/fim-watch/gen_00013.txt,2026-09-18 12:56:29.610019+00,2026-09-18 13:01:25.202557+00
0312b863-162a-48c5-9f87-7692780e9f16,/srv/fim-watch/gen_00013.txt,2026-09-18 12:56:29.710441+00,2026-09-18 13:01:25.214527+00
2e4c9b1e-ed52-437e-a9d8-c6e361995de1,/srv/fim-watch/gen_00019.txt,2026-09-18 12:56:29.810059+00,2026-09-18 13:01:25.224814+00
4a2786d9-435e-41ad-aa10-53adf471ef18,/srv/fim-watch/gen_00008.txt,2026-09-18 12:56:29.910967+00,2026-09-18 13:01:25.236868+00
4a4573e5-5e8b-4aca-aa38-05ff8b0a115e,/srv/fim-watch/gen_00018.txt,2026-09-18 12:56:30.110505+00,2026-09-18 13:01:25.249863+00
7f43df2a-f590-409c-8ef6-0ca5ea07d0c2,/srv/fim-watch/gen_00018.txt,2026-09-18 12:56:30.210707+00,2026-09-18 13:01:25.263886+00
67e95b80-e618-4150-8051-3fd32bccdd19,/srv/fim-watch/gen_00020.txt,2026-09-18 12:56:30.310782+00,2026-09-18 13:01:25.275946+00
ba0d2d2c-1e6b-40d1-ac4f-1dc6c7bd382d,/srv/fim-watch/gen_00018.txt,2026-09-18 12:56:30.410391+00,2026-09-18 13:01:25.286834+00
739ebccf-6ead-4d81-84d6-609e750374ea,/srv/fim-watch/gen_00015.txt,2026-09-18 12:56:30.510384+00,2026-09-18 13:01:25.297975+00
3ad9252a-9176-422f-95eb-cc8d23ea1b9c,/srv/fim-watch/gen_00010.txt,2026-09-18 12:56:30.610671+00,2026-09-18 13:01:25.306839+00
e0e110bf-f2ae-4554-9f3b-93befa91da05,/srv/fim-watch/gen_00013.txt,2026-09-18 12:56:30.710932+00,2026-09-18 13:01:25.319393+00
99c884fc-322a-416c-942f-909c81234caa,/srv/fim-watch/gen_00013.txt,2026-09-18 12:56:30.810574+00,2026-09-18 13:01:25.330867+00
3988eeb3-b8a2-4e47-a984-dd53b1a4c089,/srv/fim-watch/gen_00021.txt,2026-09-18 12:56:30.910283+00,2026-09-18 13:01:25.342801+00
d64ac982-09f5-4ea2-8644-5d77af804085,/srv/fim-watch/gen_00011.txt,2026-09-18 12:56:31.010398+00,2026-09-18 13:01:25.353276+00
aaadfe4d-f5c6-4d76-ae59-1e1850f41ef3,/srv/fim-watch/gen_00021.txt,2026-09-18 12:56:31.110374+00,2026-09-18 13:01:25.363356+00
efdef862-6132-48af-bb92-64bcea53bd68,/srv/fim-watch/gen_00021.txt,2026-09-18 12:56:31.210666+00,2026-09-18 13:01:25.374594+00
80f33642-a103-4fb7-89e3-384be89eb5ab,/srv/fim-watch/gen_00022.txt,2026-09-18 12:56:31.310517+00,2026-09-18 13:01:25.384648+00
a66f97e6-b490-40b0-9169-6aed4b346b44,/srv/fim-watch/critico/gen_00023.txt,2026-09-18 12:56:31.41076+00,2026-09-18 13:01:25.395666+00
60d16a5a-2410-4988-ac6b-a93bf346f7a1,/srv/fim-watch/gen_00022.txt,2026-09-18 12:56:31.510809+00,2026-09-18 13:01:25.410634+00
d50d0d8d-9198-41b2-a1e9-22ff92011067,/srv/fim-watch/gen_00022.txt,2026-09-18 12:56:31.611076+00,2026-09-18 13:01:25.424173+00
7bdd5220-df45-4ecb-90c0-dd76cbe8f734,/srv/fim-watch/gen_00022.txt,2026-09-18 12:56:31.710631+00,2026-09-18 13:01:25.439898+00
65d85dfc-f8c8-42c2-a4c7-82b36e94a7f9,/srv/fim-watch/gen_00022.txt,2026-09-18 12:56:31.810274+00,2026-09-18 13:01:25.455352+00
255a7089-4aec-46b4-b1a1-25207a273871,/srv/fim-watch/gen_00022.txt,2026-09-18 12:56:31.91059+00,2026-09-18 13:01:25.471952+00
1174162f-acb2-41f2-958b-914c70308a54,/srv/fim-watch/gen_00011.txt,2026-09-18 12:56:32.010318+00,2026-09-18 13:01:25.489923+00
44e6ad50-bb57-4c15-97ed-8e72192d2bdb,/srv/fim-watch/gen_00020.txt,2026-09-18 12:56:32.110258+00,2026-09-18 13:01:25.504065+00
1deafb69-0ae5-4f19-948d-71063e4ccf88,/srv/fim-watch/gen_00015.txt,2026-09-18 12:56:32.210593+00,2026-09-18 13:01:25.521377+00
e8ec1b5a-77e7-4d29-9aec-2215df1fc9b8,/srv/fim-watch/gen_00020.txt,2026-09-18 12:56:32.310411+00,2026-09-18 13:01:25.536434+00
ce183aad-bdc4-4c56-b491-4971f02f0f9c,/srv/fim-watch/gen_00006.txt,2026-09-18 12:56:32.410459+00,2026-09-18 13:01:25.553076+00
cf49f4f0-ea47-4967-acc8-e12f49a02544,/srv/fim-watch/critico/gen_00023.txt,2026-09-18 12:56:32.510521+00,2026-09-18 13:01:25.567485+00
7504daa6-3d46-47fe-917e-78ad0b804733,/srv/fim-watch/gen_00018.txt,2026-09-18 12:56:32.610457+00,2026-09-18 13:01:25.579845+00
82803419-5ad3-40a8-bad8-47bb2b22481c,/srv/fim-watch/gen_00011.txt,2026-09-18 12:56:32.710579+00,2026-09-18 13:01:25.592477+00
4362025e-a297-49a8-99c9-72413804daab,/srv/fim-watch/gen_00016.txt,2026-09-18 12:56:32.810751+00,2026-09-18 13:01:25.604127+00
91382a7b-a9b7-4870-a7bc-4ce7fd8eec18,/srv/fim-watch/gen_00024.txt,2026-09-18 12:56:32.910563+00,2026-09-18 13:01:25.616816+00
54ac2b02-10ab-44d0-9220-b549f10ebee3,/srv/fim-watch/gen_00011.txt,2026-09-18 12:56:33.010638+00,2026-09-18 13:01:25.628264+00
d7c29952-d01b-4ad4-ae2b-5411e290c4cf,/srv/fim-watch/gen_00018.txt,2026-09-18 12:56:33.110709+00,2026-09-18 13:01:25.641934+00
18b16939-03b5-4fe4-a65e-d68cb0c89cc9,/srv/fim-watch/critico/gen_00025.txt,2026-09-18 12:56:33.21017+00,2026-09-18 13:01:25.654918+00
bc302182-1fd5-4e30-a933-8a68be02aa6e,/srv/fim-watch/gen_00018.txt,2026-09-18 12:56:33.310273+00,2026-09-18 13:01:25.666814+00
b1e8cecc-fb51-4bb0-8957-8ab856a577c8,/srv/fim-watch/gen_00026.txt,2026-09-18 12:56:33.409664+00,2026-09-18 13:01:25.679791+00
0f870f32-30b6-4855-81bf-6ac3a61c6eb0,/srv/fim-watch/gen_00015.txt,2026-09-18 12:56:33.509937+00,2026-09-18 13:01:25.69263+00
0f7fd716-9dbd-482c-ae72-02f19f49de46,/srv/fim-watch/gen_00020.txt,2026-09-18 12:56:33.610185+00,2026-09-18 13:01:25.705127+00
671f1a0d-1649-41f5-901d-b1dd6b2d1ca7,/srv/fim-watch/critico/gen_00023.txt,2026-09-18 12:56:33.710454+00,2026-09-18 13:01:25.716369+00
d56d0466-b23e-42ea-9a25-f0fcc96e11a5,/srv/fim-watch/gen_00006.txt,2026-09-18 12:56:33.810062+00,2026-09-18 13:01:25.728278+00
52bcb732-545b-49bb-af55-a093e8271d2b,/srv/fim-watch/gen_00026.txt,2026-09-18 12:56:33.91012+00,2026-09-18 13:01:25.742415+00
c9814f9c-aac3-4345-8508-c2154342ee9d,/srv/fim-watch/gen_00018.txt,2026-09-18 12:56:34.010563+00,2026-09-18 13:01:25.757957+00
6ec385cc-5fc3-42f2-ba16-1e57e177a029,/srv/fim-watch/gen_00018.txt,2026-09-18 12:56:34.109923+00,2026-09-18 13:01:25.768283+00
42c76259-fd8d-4595-8bc4-2d96281c09dd,/srv/fim-watch/gen_00027.txt,2026-09-18 12:56:34.210155+00,2026-09-18 13:01:25.779359+00
a86539f7-835d-4d58-9e63-585efb8e8a43,/srv/fim-watch/gen_00026.txt,2026-09-18 12:56:34.310274+00,2026-09-18 13:01:25.788934+00
462e8c90-1daf-4546-8208-5bc0dc2c0ace,/srv/fim-watch/critico/gen_00025.txt,2026-09-18 12:56:34.410083+00,2026-09-18 13:01:25.800005+00
ba89c0a3-3eb5-4bef-832a-7b8ec9242261,/srv/fim-watch/gen_00020.txt,2026-09-18 12:56:34.510488+00,2026-09-18 13:01:25.810131+00
6267a387-8a20-4600-a897-5f9d602814fc,/srv/fim-watch/gen_00019.txt,2026-09-18 12:56:34.609899+00,2026-09-18 13:01:25.824429+00
6ed1dc41-1f32-4ae1-a25b-c43d4ae2cfe8,/srv/fim-watch/gen_00019.txt,2026-09-18 12:56:34.70996+00,2026-09-18 13:01:25.838008+00
85488499-e4b1-49ef-a25f-7cdac6225439,/srv/fim-watch/gen_00019.txt,2026-09-18 12:56:34.809891+00,2026-09-18 13:01:25.852864+00
1ffa2803-2200-419c-b330-c73a90f61530,/srv/fim-watch/gen_00019.txt,2026-09-18 12:56:34.910614+00,2026-09-18 13:01:25.864834+00
fee72b2d-124d-49ae-bc7c-e37bfd71769d,/srv/fim-watch/gen_00019.txt,2026-09-18 12:56:35.009888+00,2026-09-18 13:01:25.876764+00
e0b1ffb8-7a24-4519-8fc7-53a2b06c3030,/srv/fim-watch/gen_00020.txt,2026-09-18 12:56:35.110085+00,2026-09-18 13:01:25.889352+00
930b6be8-4466-401e-b888-36cf92d15b11,/srv/fim-watch/gen_00026.txt,2026-09-18 12:56:35.209809+00,2026-09-18 13:01:25.9025+00
3196d104-3b50-4c61-88b5-0e32bcc0e0dc,/srv/fim-watch/gen_00027.txt,2026-09-18 12:56:35.309881+00,2026-09-18 13:01:25.917485+00
c03cae1d-9264-462a-87ec-a4a4b3c79537,/srv/fim-watch/gen_00020.txt,2026-09-18 12:56:35.410633+00,2026-09-18 13:01:25.927622+00
fb1dcaee-6acf-40ec-88b9-3e813bf416b5,/srv/fim-watch/gen_00028.txt,2026-09-18 12:56:35.510633+00,2026-09-18 13:01:25.937151+00
0ee338cd-6d14-4834-9749-766efc675ab8,/srv/fim-watch/gen_00020.txt,2026-09-18 12:56:35.610677+00,2026-09-18 13:01:25.949367+00
838d2dac-7717-4f58-a15f-0a8185a58aba,/srv/fim-watch/gen_00024.txt,2026-09-18 12:56:35.710356+00,2026-09-18 13:01:25.959742+00
1ba4d07a-773b-4ff3-8b29-986ee8b0d0f6,/srv/fim-watch/gen_00029.txt,2026-09-18 12:56:35.810374+00,2026-09-18 13:01:25.970123+00
23dc7de4-39cf-4a9f-a86f-4647f0595aa7,/srv/fim-watch/gen_00028.txt,2026-09-18 12:56:35.910633+00,2026-09-18 13:01:25.98054+00
620f2ca9-8796-4a6b-a9e3-a1f5b20e9458,/srv/fim-watch/critico/gen_00025.txt,2026-09-18 12:56:36.010601+00,2026-09-18 13:01:25.991335+00
668cf358-9e4b-4336-8a88-b846da34d1db,/srv/fim-watch/gen_00024.txt,2026-09-18 12:56:36.110357+00,2026-09-18 13:01:26.001627+00
1a0d24d2-7d1f-4a73-9458-6897e2e21e50,/srv/fim-watch/gen_00030.txt,2026-09-18 12:56:36.210638+00,2026-09-18 13:01:26.012572+00
966aad32-ab47-442f-8523-5accf8d737d8,/srv/fim-watch/gen_00022.txt,2026-09-18 12:56:36.310546+00,2026-09-18 13:01:26.023343+00
fb888ee0-3f53-47c0-98a7-bb29453935e9,/srv/fim-watch/gen_00031.txt,2026-09-18 12:56:36.410197+00,2026-09-18 13:01:26.034705+00
f04a5be7-2403-406f-b4c4-f3e45d19fe4f,/srv/fim-watch/gen_00032.txt,2026-09-18 12:56:36.510399+00,2026-09-18 13:01:26.046135+00
acbc9e16-9fd7-4027-a33f-20afe56b3d79,/srv/fim-watch/gen_00032.txt,2026-09-18 12:56:36.61052+00,2026-09-18 13:01:26.058742+00
ecf6e0d1-eefe-4362-83ca-1b33a956ee5c,/srv/fim-watch/gen_00027.txt,2026-09-18 12:56:36.710605+00,2026-09-18 13:01:26.07069+00
109bc6a1-8e4d-4552-bbae-11a7fd7fd64e,/srv/fim-watch/gen_00024.txt,2026-09-18 12:56:36.810282+00,2026-09-18 13:01:26.083284+00
333f3ed4-a885-4687-acd9-e57b67527053,/srv/fim-watch/gen_00006.txt,2026-09-18 12:56:36.910546+00,2026-09-18 13:01:26.095599+00
2a6fc509-afb2-4213-b7fb-83f51a08708d,/srv/fim-watch/gen_00033.txt,2026-09-18 12:56:37.010339+00,2026-09-18 13:01:26.106466+00
19f4f798-9ddb-4544-be04-08c59495471d,/srv/fim-watch/gen_00029.txt,2026-09-18 12:56:37.110609+00,2026-09-18 13:01:26.117217+00
44779fc0-3a00-41ab-a218-33635872b672,/srv/fim-watch/gen_00006.txt,2026-09-18 12:56:37.210689+00,2026-09-18 13:01:26.127113+00
d2a8e8c8-75bb-4d10-b32d-460ce2f69721,/srv/fim-watch/gen_00027.txt,2026-09-18 12:56:37.310406+00,2026-09-18 13:01:26.137992+00
0cea7666-b42a-48d3-905d-01d5d4dab1ba,/srv/fim-watch/gen_00027.txt,2026-09-18 12:56:37.410471+00,2026-09-18 13:01:26.148674+00
bc2a83f7-6baf-42c8-8f90-46e31449b174,/srv/fim-watch/critico/gen_00025.txt,2026-09-18 12:56:37.510623+00,2026-09-18 13:01:26.160438+00
960a0738-1092-406c-84dc-89a362ab6c36,/srv/fim-watch/critico/gen_00025.txt,2026-09-18 12:56:37.610511+00,2026-09-18 13:01:26.172527+00
074688c7-1417-43c6-8d48-ea12883c67a6,/srv/fim-watch/critico/gen_00025.txt,2026-09-18 12:56:37.710708+00,2026-09-18 13:01:26.183468+00
92657423-8045-4fdb-ba16-c11c6eda4299,/srv/fim-watch/critico/gen_00025.txt,2026-09-18 12:56:37.810459+00,2026-09-18 13:01:26.195755+00
4799c3a5-aa7b-43c0-9723-1a4b3638b232,/srv/fim-watch/critico/gen_00025.txt,2026-09-18 12:56:37.911083+00,2026-09-18 13:01:26.20723+00
32c0e446-0bed-485d-83c9-6c1a1b221e33,/srv/fim-watch/gen_00034.txt,2026-09-18 12:56:38.010275+00,2026-09-18 13:01:26.2191+00
d8002824-3201-43f4-b3c5-2d80c6ef8140,/srv/fim-watch/gen_00034.txt,2026-09-18 12:56:38.110397+00,2026-09-18 13:01:26.230937+00
d0048218-4330-4489-bac0-d68fdb955f89,/srv/fim-watch/gen_00035.txt,2026-09-18 12:56:38.210542+00,2026-09-18 13:01:26.241632+00
7920cd17-c937-4c01-92dd-5dc269afaecf,/srv/fim-watch/gen_00024.txt,2026-09-18 12:56:38.310682+00,2026-09-18 13:01:26.253734+00
c6b247f9-1186-462e-8b79-e9d854f6f851,/srv/fim-watch/gen_00035.txt,2026-09-18 12:56:38.410772+00,2026-09-18 13:01:26.265798+00
ed08e5ea-357d-4b6a-b1f1-f57f4150ded2,/srv/fim-watch/gen_00031.txt,2026-09-18 12:56:38.509832+00,2026-09-18 13:01:26.275526+00
7ef096fb-e5da-40ac-9669-aec732424f9a,/srv/fim-watch/gen_00033.txt,2026-09-18 12:56:38.610522+00,2026-09-18 13:01:26.288138+00
c9078139-034c-4328-bd49-382dee922a5a,/srv/fim-watch/gen_00033.txt,2026-09-18 12:56:38.710479+00,2026-09-18 13:01:26.301066+00
0aa3c9d8-aeac-4f13-bc96-598237ea599e,/srv/fim-watch/gen_00029.txt,2026-09-18 12:56:38.810366+00,2026-09-18 13:01:26.314492+00
656c69b4-3942-4a51-979f-92a77d8b0fa6,/srv/fim-watch/gen_00029.txt,2026-09-18 12:56:38.910548+00,2026-09-18 13:01:26.327838+00
cd079fbf-21af-4d5c-90ed-940180cb4386,/srv/fim-watch/gen_00029.txt,2026-09-18 12:56:39.010548+00,2026-09-18 13:01:26.341366+00
6d49c5f2-cee7-443b-93e1-035e2e3ac1ea,/srv/fim-watch/gen_00029.txt,2026-09-18 12:56:39.110537+00,2026-09-18 13:01:26.354097+00
250917bb-4558-4fda-ba9a-523bad6bd31f,/srv/fim-watch/gen_00029.txt,2026-09-18 12:56:39.210494+00,2026-09-18 13:01:26.365687+00
c40dab8c-6fff-4312-b326-1f4dfe330d14,/srv/fim-watch/gen_00022.txt,2026-09-18 12:56:39.310495+00,2026-09-18 13:01:26.377688+00
c90f0066-921b-41a9-9c39-a4bc621ccb6c,/srv/fim-watch/gen_00013.txt,2026-09-18 12:56:39.410685+00,2026-09-18 13:01:26.38732+00
5301cfe7-e0f8-4a7b-8ffa-296925feeb9e,/srv/fim-watch/gen_00024.txt,2026-09-18 12:56:39.5104+00,2026-09-18 13:01:26.399627+00
453be83f-adb9-49bc-9767-42024f4ecb75,/srv/fim-watch/gen_00006.txt,2026-09-18 12:56:39.610523+00,2026-09-18 13:01:26.410196+00
9ba9a1a4-76ce-4bcf-96c9-a41ae9e045b2,/srv/fim-watch/gen_00036.txt,2026-09-18 12:56:39.709758+00,2026-09-18 13:01:26.424205+00
80a30cc1-a93e-48bf-9843-03151be40475,/srv/fim-watch/gen_00030.txt,2026-09-18 12:56:39.810305+00,2026-09-18 13:01:26.436567+00
6db0fb84-61c8-4fed-8e08-1e305849eb8f,/srv/fim-watch/gen_00024.txt,2026-09-18 12:56:39.910801+00,2026-09-18 13:01:26.449435+00
d067d2b2-a880-46aa-96d9-f63e534fdc8e,/srv/fim-watch/gen_00011.txt,2026-09-18 12:56:40.010518+00,2026-09-18 13:01:26.461725+00
ecd7d101-e699-40a1-94e6-f1d487a5cad2,/srv/fim-watch/gen_00028.txt,2026-09-18 12:56:40.110503+00,2026-09-18 13:01:26.475203+00
56c02a91-30ab-40a4-825f-15ec4ec97aac,/srv/fim-watch/gen_00028.txt,2026-09-18 12:56:40.210669+00,2026-09-18 13:01:26.48771+00
94e5bfb1-60c7-4a2a-ac6b-da9388db8641,/srv/fim-watch/gen_00016.txt,2026-09-18 12:56:40.310622+00,2026-09-18 13:01:26.499755+00
637f1028-52d4-4bb2-887a-afbc6786854f,/srv/fim-watch/gen_00016.txt,2026-09-18 12:56:40.410834+00,2026-09-18 13:01:26.509972+00
6ce73d23-8548-41eb-8aab-6b8339d9c137,/srv/fim-watch/gen_00029.txt,2026-09-18 12:56:40.511123+00,2026-09-18 13:01:26.51965+00
080c5009-e3a3-4fe3-97b0-d8af09edf7da,/srv/fim-watch/critico/gen_00037.txt,2026-09-18 12:56:40.610164+00,2026-09-18 13:01:26.531343+00
b84ab96d-9b5f-40e8-9437-205c32502605,/srv/fim-watch/gen_00024.txt,2026-09-18 12:56:40.710288+00,2026-09-18 13:01:26.541376+00
c87fd41e-05b7-4e3b-8416-400f6c665e86,/srv/fim-watch/gen_00024.txt,2026-09-18 12:56:40.810434+00,2026-09-18 13:01:26.55441+00
1169341f-3cd4-4803-b7a0-cf9aa9535510,/srv/fim-watch/gen_00024.txt,2026-09-18 12:56:40.910581+00,2026-09-18 13:01:26.566858+00
683b419f-ff90-4d3e-bf09-7b547849d2f3,/srv/fim-watch/gen_00024.txt,2026-09-18 12:56:41.010482+00,2026-09-18 13:01:26.578783+00
24c1b221-5836-4d56-94c2-ca40d06bc712,/srv/fim-watch/gen_00024.txt,2026-09-18 12:56:41.110402+00,2026-09-18 13:01:26.589768+00
97181e37-ac6c-4ca2-95f6-839357fa15c1,/srv/fim-watch/gen_00038.txt,2026-09-18 12:56:41.210714+00,2026-09-18 13:01:26.601642+00
3eebcdd9-49d1-4cff-b514-445267179cad,/srv/fim-watch/gen_00031.txt,2026-09-18 12:56:41.310397+00,2026-09-18 13:01:26.614005+00
dbd38907-4975-4916-b443-8e54fc690935,/srv/fim-watch/gen_00039.txt,2026-09-18 12:56:41.410347+00,2026-09-18 13:01:26.625094+00
55e6fdb6-86f2-496a-9447-8c0eea4dc7ab,/srv/fim-watch/gen_00040.txt,2026-09-18 12:56:41.510287+00,2026-09-18 13:01:26.635118+00
3c2f0c5a-5299-4f84-a126-b655f0dfd43d,/srv/fim-watch/gen_00041.txt,2026-09-18 12:56:41.61052+00,2026-09-18 13:01:26.646913+00
ab385ba7-6a4b-4f0c-afad-084291c3b1f0,/srv/fim-watch/gen_00041.txt,2026-09-18 12:56:41.710773+00,2026-09-18 13:01:26.657891+00
9e62493e-c565-4577-9b5e-bc0b00e36aee,/srv/fim-watch/gen_00036.txt,2026-09-18 12:56:41.810471+00,2026-09-18 13:01:26.671063+00
39f40f13-bf21-4462-a342-3764e5e22e11,/srv/fim-watch/gen_00042.txt,2026-09-18 12:56:41.91083+00,2026-09-18 13:01:26.684621+00
23ba00b3-0115-4a5e-b545-bea1bd4a9dd0,/srv/fim-watch/gen_00043.txt,2026-09-18 12:56:42.010419+00,2026-09-18 13:01:26.696366+00
163c4276-a092-49b9-9edf-1c8536e8301b,/srv/fim-watch/critico/gen_00037.txt,2026-09-18 12:56:42.110359+00,2026-09-18 13:01:26.707293+00
3683f50e-cac9-49ed-9f3c-73ab395b7dc7,/srv/fim-watch/gen_00031.txt,2026-09-18 12:56:42.209887+00,2026-09-18 13:01:26.720265+00
1ffb0899-b0cf-4ea5-8c51-d6f10c7c4714,/srv/fim-watch/gen_00031.txt,2026-09-18 12:56:42.309894+00,2026-09-18 13:01:26.733855+00
3b18ac85-1a0f-4890-9fdc-d321f0fffc14,/srv/fim-watch/gen_00031.txt,2026-09-18 12:56:42.409875+00,2026-09-18 13:01:26.745016+00
5c716506-66f5-4920-964a-aed65f9a09e6,/srv/fim-watch/gen_00031.txt,2026-09-18 12:56:42.510323+00,2026-09-18 13:01:26.755564+00
fd3bf013-df02-49d4-be77-ba4f215618c7,/srv/fim-watch/gen_00031.txt,2026-09-18 12:56:42.61096+00,2026-09-18 13:01:26.768126+00
30261b77-00bc-493f-b2f4-2e8c6a1f6dda,/srv/fim-watch/gen_00028.txt,2026-09-18 12:56:42.709807+00,2026-09-18 13:01:26.781234+00
da511352-9160-49a7-9e56-5cf50b1096e0,/srv/fim-watch/gen_00029.txt,2026-09-18 12:56:42.810376+00,2026-09-18 13:01:26.792708+00
9afb51a5-88a0-4b0c-a489-9aed5875d309,/srv/fim-watch/gen_00042.txt,2026-09-18 12:56:42.910262+00,2026-09-18 13:01:26.803785+00
cd489ce0-a50e-4110-84a9-aab9914bf9da,/srv/fim-watch/gen_00027.txt,2026-09-18 12:56:43.010325+00,2026-09-18 13:01:26.814613+00
f75ca2fa-0299-4049-935d-47ec5c16893e,/srv/fim-watch/gen_00038.txt,2026-09-18 12:56:43.11004+00,2026-09-18 13:01:26.830121+00
8f15ff83-27bd-4b52-b6e0-ef3c0495627b,/srv/fim-watch/critico/gen_00023.txt,2026-09-18 12:56:43.210596+00,2026-09-18 13:01:26.842793+00
d4d56c57-799a-4219-9963-2012ceeae85e,/srv/fim-watch/gen_00011.txt,2026-09-18 12:56:43.310527+00,2026-09-18 13:01:26.85296+00
9dbe6632-6eca-4d35-b037-ab8087ce11e4,/srv/fim-watch/gen_00011.txt,2026-09-18 12:56:43.410535+00,2026-09-18 13:01:26.863639+00
0c6001f6-b21c-4352-8c28-fef778fa7064,/srv/fim-watch/gen_00011.txt,2026-09-18 12:56:43.510327+00,2026-09-18 13:01:26.874981+00
a4ab9058-f12e-4250-9ca1-f9bb5469f166,/srv/fim-watch/gen_00011.txt,2026-09-18 12:56:43.609738+00,2026-09-18 13:01:26.885149+00
f56e04a3-f8b9-4f41-a7a9-df69fa165800,/srv/fim-watch/gen_00011.txt,2026-09-18 12:56:43.709912+00,2026-09-18 13:01:26.896792+00
d55497b3-70b2-401f-a2c5-5e85cf943b1f,/srv/fim-watch/gen_00022.txt,2026-09-18 12:56:43.810214+00,2026-09-18 13:01:26.908927+00
80d3208b-1556-4c87-9b2b-44b9d4633163,/srv/fim-watch/gen_00022.txt,2026-09-18 12:56:43.910211+00,2026-09-18 13:01:26.918903+00
4f8aae5a-5e32-49d0-a641-46e730cbdca0,/srv/fim-watch/critico/gen_00023.txt,2026-09-18 12:56:44.010015+00,2026-09-18 13:01:26.933961+00
be415ef0-3441-4d31-b1b7-403557992637,/srv/fim-watch/gen_00027.txt,2026-09-18 12:56:44.109777+00,2026-09-18 13:01:26.946362+00
69848848-d5e1-46b9-91e2-8514e08a0574,/srv/fim-watch/gen_00031.txt,2026-09-18 12:56:44.2102+00,2026-09-18 13:01:26.956091+00
c81b9535-0f90-4372-a808-98e4084c8a73,/srv/fim-watch/gen_00029.txt,2026-09-18 12:56:44.31011+00,2026-09-18 13:01:26.967599+00
a523b824-a720-41de-96b1-9bfc3e4508f3,/srv/fim-watch/gen_00011.txt,2026-09-18 12:56:44.410171+00,2026-09-18 13:01:26.977995+00
9e429d6f-c69c-41e3-97f9-e95ec3c339de,/srv/fim-watch/gen_00044.txt,2026-09-18 12:56:44.510221+00,2026-09-18 13:01:26.988772+00
c7cd2c12-b2ee-474b-ae75-da0644eacc00,/srv/fim-watch/critico/gen_00037.txt,2026-09-18 12:56:44.610286+00,2026-09-18 13:01:27.000882+00
633fc4e4-0e02-4ca2-94ac-1843ca4deb7c,/srv/fim-watch/gen_00016.txt,2026-09-18 12:56:44.710955+00,2026-09-18 13:01:27.011405+00
f4f64542-66fa-4099-b43c-0e7f27e381bd,/srv/fim-watch/gen_00042.txt,2026-09-18 12:56:44.809948+00,2026-09-18 13:01:27.023731+00
0fb22ea5-067f-4f01-8a2b-42c68c570b56,/srv/fim-watch/critico/gen_00023.txt,2026-09-18 12:56:44.910732+00,2026-09-18 13:01:27.034567+00
70dca0f2-4c3e-4197-b8da-27f9b5e3fa76,/srv/fim-watch/gen_00011.txt,2026-09-18 12:56:45.010509+00,2026-09-18 13:01:27.045804+00
53b15cdd-96f3-43d9-97d9-37c0cd052440,/srv/fim-watch/gen_00013.txt,2026-09-18 12:56:45.110355+00,2026-09-18 13:01:27.058763+00
4cfd1a6f-f5c7-4503-8693-245528ea66c2,/srv/fim-watch/gen_00013.txt,2026-09-18 12:56:45.210333+00,2026-09-18 13:01:27.071597+00
cbcbee61-2f40-45f7-9f90-828dd8b0e503,/srv/fim-watch/gen_00036.txt,2026-09-18 12:56:45.310333+00,2026-09-18 13:01:27.082842+00
c04594e7-1a93-4585-82c4-0ac9ab0d54be,/srv/fim-watch/gen_00036.txt,2026-09-18 12:56:45.410279+00,2026-09-18 13:01:27.096742+00
84294e95-3407-46f5-a04a-755b5564d65a,/srv/fim-watch/gen_00024.txt,2026-09-18 12:56:45.510269+00,2026-09-18 13:01:27.111428+00
8be2c7d9-32bf-4a6d-bea2-ca12b2019fe1,/srv/fim-watch/gen_00045.txt,2026-09-18 12:56:45.610419+00,2026-09-18 13:01:27.127306+00
5efb3502-60d7-437e-b85e-f4e68ca01263,/srv/fim-watch/gen_00046.txt,2026-09-18 12:56:45.710625+00,2026-09-18 13:01:27.140497+00
280a4358-15f4-425c-8fcd-adfa65605bc1,/srv/fim-watch/gen_00022.txt,2026-09-18 12:56:45.810271+00,2026-09-18 13:01:27.151452+00
609c5664-1969-42c3-80ae-5f672198ef87,/srv/fim-watch/gen_00013.txt,2026-09-18 12:56:45.910474+00,2026-09-18 13:01:27.164711+00
d13c4905-d66b-492a-b349-5cc27ce12825,/srv/fim-watch/gen_00035.txt,2026-09-18 12:56:46.010482+00,2026-09-18 13:01:27.179721+00
2b154ef8-aeb4-468e-838b-eb4e671f2ffd,/srv/fim-watch/gen_00033.txt,2026-09-18 12:56:46.11043+00,2026-09-18 13:01:27.192768+00
7e01c176-cfbb-4243-808d-daac098dff34,/srv/fim-watch/gen_00036.txt,2026-09-18 12:56:46.21023+00,2026-09-18 13:01:27.20564+00
5d9b80af-60ea-497b-a512-f49ac66efe0a,/srv/fim-watch/critico/gen_00047.txt,2026-09-18 12:56:46.310112+00,2026-09-18 13:01:27.218263+00
9d441023-5b8f-4d18-bdd3-d42c8697f064,/srv/fim-watch/critico/gen_00047.txt,2026-09-18 12:56:46.410643+00,2026-09-18 13:01:27.229842+00
b6a65c9c-623e-4eb4-a5f8-faa34469f96f,/srv/fim-watch/gen_00039.txt,2026-09-18 12:56:46.510256+00,2026-09-18 13:01:27.245228+00
d86f85ec-be56-4019-870f-c7e9069ce24d,/srv/fim-watch/gen_00043.txt,2026-09-18 12:56:46.610537+00,2026-09-18 13:01:27.265081+00
9d2184d3-3d3d-4ae7-a9b2-c3752e11e463,/srv/fim-watch/gen_00029.txt,2026-09-18 12:56:46.710525+00,2026-09-18 13:01:27.281429+00
c159454b-2e60-458d-88eb-7a2e7419ad3a,/srv/fim-watch/gen_00048.txt,2026-09-18 12:56:46.810136+00,2026-09-18 13:01:27.297577+00
c23a43bb-2434-4d20-a524-cf742d7514fc,/srv/fim-watch/gen_00043.txt,2026-09-18 12:56:46.910372+00,2026-09-18 13:01:27.310921+00
f3baa22c-bd6d-45e2-a98e-2b6fd1dc852e,/srv/fim-watch/gen_00006.txt,2026-09-18 12:56:47.010382+00,2026-09-18 13:01:27.327989+00
9b00d2bb-7f3f-48d3-9ca5-a67f61e08296,/srv/fim-watch/gen_00046.txt,2026-09-18 12:56:47.11042+00,2026-09-18 13:01:27.340174+00
14159540-6d53-486f-b1c0-615048363586,/srv/fim-watch/gen_00031.txt,2026-09-18 12:56:47.210331+00,2026-09-18 13:01:27.350343+00
4d8dea6a-fe34-4871-aa48-e28074200010,/srv/fim-watch/gen_00049.txt,2026-09-18 12:56:47.31016+00,2026-09-18 13:01:27.362146+00
ea7a84b9-fd35-41ec-bd4a-4e4d7359bf0c,/srv/fim-watch/gen_00036.txt,2026-09-18 12:56:47.410324+00,2026-09-18 13:01:27.374978+00
289362d0-3522-40e4-b840-a78c0649b073,/srv/fim-watch/gen_00050.txt,2026-09-18 12:56:47.510214+00,2026-09-18 13:01:27.38559+00
f95c2f01-f2d3-4480-b095-f298316cea64,/srv/fim-watch/critico/gen_00051.txt,2026-09-18 12:56:47.610551+00,2026-09-18 13:01:27.395632+00
d3ae1128-cccb-4de4-b998-0a9a904f1b19,/srv/fim-watch/gen_00044.txt,2026-09-18 12:56:47.710653+00,2026-09-18 13:01:27.407796+00
b41ae6cd-6e35-4851-af6f-3af5a5918868,/srv/fim-watch/gen_00044.txt,2026-09-18 12:56:47.81016+00,2026-09-18 13:01:27.418021+00
2facc7a4-83fc-4277-a9c5-acc144528069,/srv/fim-watch/gen_00020.txt,2026-09-18 12:56:47.910492+00,2026-09-18 13:01:27.430424+00
fea5facb-3bab-434d-948d-2ccfb272d271,/srv/fim-watch/gen_00045.txt,2026-09-18 12:56:48.010278+00,2026-09-18 13:01:27.441642+00
bf346797-67ed-4264-9956-fbe6984df53e,/srv/fim-watch/gen_00042.txt,2026-09-18 12:56:48.110279+00,2026-09-18 13:01:27.452793+00
a60edcaa-37ae-4905-80f5-51dbdfe29be3,/srv/fim-watch/gen_00042.txt,2026-09-18 12:56:48.210269+00,2026-09-18 13:01:27.466117+00
3e2b0af4-6eee-47f2-8f22-86e852ba8495,/srv/fim-watch/critico/gen_00025.txt,2026-09-18 12:56:48.310497+00,2026-09-18 13:01:27.479962+00
ff644b77-8a45-493f-bc1a-82445d3ece29,/srv/fim-watch/gen_00043.txt,2026-09-18 12:56:48.410355+00,2026-09-18 13:01:27.493504+00
3c1ce47f-fc78-48cf-8891-ed832ca79842,/srv/fim-watch/gen_00011.txt,2026-09-18 12:56:48.510513+00,2026-09-18 13:01:27.505661+00
7fa5faee-dae3-424a-858c-2caaa50df291,/srv/fim-watch/gen_00052.txt,2026-09-18 12:56:48.609672+00,2026-09-18 13:01:27.520295+00
697864b7-de79-44bc-bd3c-ff7b558a04b9,/srv/fim-watch/critico/gen_00053.txt,2026-09-18 12:56:48.710255+00,2026-09-18 13:01:27.53465+00
ee9d7d6d-cef0-4d51-845d-513a42598a45,/srv/fim-watch/critico/gen_00047.txt,2026-09-18 12:56:48.809824+00,2026-09-18 13:01:27.547912+00
cc4c67aa-b50c-4d2e-9265-9d0f774d21c6,/srv/fim-watch/gen_00022.txt,2026-09-18 12:56:48.909838+00,2026-09-18 13:01:27.560042+00
278926ee-fd3b-44d2-ae98-d3468aa3d178,/srv/fim-watch/gen_00054.txt,2026-09-18 12:56:49.009627+00,2026-09-18 13:01:27.573849+00
b045ed71-2d4c-45b0-ae13-66f15ea2748c,/srv/fim-watch/gen_00055.txt,2026-09-18 12:56:49.110325+00,2026-09-18 13:01:27.583533+00
a7b202cd-f531-4b84-90b4-ada60e3bbd77,/srv/fim-watch/gen_00042.txt,2026-09-18 12:56:49.210514+00,2026-09-18 13:01:27.596463+00
7a868857-8d25-4b03-9a4b-3a5fd4a8b5e7,/srv/fim-watch/critico/gen_00051.txt,2026-09-18 12:56:49.310293+00,2026-09-18 13:01:27.607877+00
dd320367-6535-406e-b68e-d3aab74b8dde,/srv/fim-watch/critico/gen_00051.txt,2026-09-18 12:56:49.4104+00,2026-09-18 13:01:27.619156+00
cfbb5e3f-e4e8-4c41-b87a-3325640b965c,/srv/fim-watch/critico/gen_00051.txt,2026-09-18 12:56:49.510473+00,2026-09-18 13:01:27.63168+00
bd4ed605-00e1-499b-95fb-eafc5db42645,/srv/fim-watch/critico/gen_00051.txt,2026-09-18 12:56:49.610664+00,2026-09-18 13:01:27.644947+00
8ec59a29-b3ab-4540-8231-0ae22122ccaa,/srv/fim-watch/critico/gen_00051.txt,2026-09-18 12:56:49.710519+00,2026-09-18 13:01:27.655949+00
324011c8-12a9-410a-8a2a-2d5d1f4b34d8,/srv/fim-watch/gen_00056.txt,2026-09-18 12:56:49.809502+00,2026-09-18 13:01:27.669974+00
cceca9e3-24a4-4eb5-962a-fe9dd90c06c9,/srv/fim-watch/gen_00057.txt,2026-09-18 12:56:49.910278+00,2026-09-18 13:01:27.680662+00
5a6c00aa-1f92-41f6-8e65-30e7e881f709,/srv/fim-watch/gen_00058.txt,2026-09-18 12:56:50.010615+00,2026-09-18 13:01:27.691225+00
68a00bec-0cfc-470a-a842-4139864a3948,/srv/fim-watch/critico/gen_00047.txt,2026-09-18 12:56:50.110257+00,2026-09-18 13:01:27.701609+00
2bc9bcca-a262-4578-88a1-da1fceb5d2ce,/srv/fim-watch/critico/gen_00047.txt,2026-09-18 12:56:50.210452+00,2026-09-18 13:01:27.714863+00
d9373fda-adc3-4d29-8858-95e535becbfd,/srv/fim-watch/gen_00054.txt,2026-09-18 12:56:50.310272+00,2026-09-18 13:01:27.725649+00
18d3bf6c-183a-4830-90cf-3e0fe05526bc,/srv/fim-watch/gen_00054.txt,2026-09-18 12:56:50.410445+00,2026-09-18 13:01:27.740226+00
3b04074d-d7bf-4152-8122-4844f0316999,/srv/fim-watch/gen_00054.txt,2026-09-18 12:56:50.510381+00,2026-09-18 13:01:27.753784+00
01322d40-e144-456a-b2c1-ae884203d5c5,/srv/fim-watch/critico/gen_00053.txt,2026-09-18 12:56:50.610584+00,2026-09-18 13:01:27.765819+00
6d2ba749-9f89-4f27-ad49-3525f5664c75,/srv/fim-watch/critico/gen_00053.txt,2026-09-18 12:56:50.710805+00,2026-09-18 13:01:27.778067+00
b93fe572-b650-4d1f-be74-e0eb80f4f7b2,/srv/fim-watch/critico/gen_00053.txt,2026-09-18 12:56:50.810213+00,2026-09-18 13:01:27.787074+00
467ef5dc-d20b-469d-8074-a2340ed167ea,/srv/fim-watch/critico/gen_00053.txt,2026-09-18 12:56:50.910469+00,2026-09-18 13:01:27.797433+00
3d1aa03e-7ae9-46e7-9a95-a812681e8410,/srv/fim-watch/critico/gen_00053.txt,2026-09-18 12:56:51.010718+00,2026-09-18 13:01:27.808685+00
4c20218e-2f53-40d8-abdd-6481dc7046ce,/srv/fim-watch/critico/gen_00025.txt,2026-09-18 12:56:51.110349+00,2026-09-18 13:01:27.818531+00
cbb0fce3-c910-4654-b814-74a5617e1d9f,/srv/fim-watch/gen_00011.txt,2026-09-18 12:56:51.210693+00,2026-09-18 13:01:27.828568+00
e7201bc8-d827-45b5-a998-6bad5cf73ad0,/srv/fim-watch/gen_00011.txt,2026-09-18 12:56:51.310531+00,2026-09-18 13:01:27.841607+00
d1eae8f1-ba01-476a-b1e8-b3667df27a5e,/srv/fim-watch/gen_00044.txt,2026-09-18 12:56:51.410373+00,2026-09-18 13:01:27.853699+00
87be7fb2-e038-4170-b882-14820e8788fd,/srv/fim-watch/gen_00054.txt,2026-09-18 12:56:51.510469+00,2026-09-18 13:01:27.872426+00
d9db8614-b9a0-42e5-85db-03a926b6e31d,/srv/fim-watch/gen_00036.txt,2026-09-18 12:56:51.610658+00,2026-09-18 13:01:27.884857+00
d2799ab6-5de4-4041-abc6-80a58783a72a,/srv/fim-watch/gen_00052.txt,2026-09-18 12:56:51.710422+00,2026-09-18 13:01:27.895635+00
3da0dd98-bcf6-4ad1-a6e5-5169a5e9039d,/srv/fim-watch/gen_00022.txt,2026-09-18 12:56:51.810193+00,2026-09-18 13:01:27.909725+00
d316c06e-5b42-423b-a237-ab55e28985e6,/srv/fim-watch/gen_00044.txt,2026-09-18 12:56:51.910723+00,2026-09-18 13:01:27.919212+00
4825cdb7-f948-40f1-836e-49731a5b2313,/srv/fim-watch/gen_00054.txt,2026-09-18 12:56:52.010843+00,2026-09-18 13:01:27.932772+00
999b375b-8606-42f2-bca3-93866e91748f,/srv/fim-watch/gen_00040.txt,2026-09-18 12:56:52.110323+00,2026-09-18 13:01:27.94429+00
9cd132d9-c93f-4de3-8bdc-036658a34723,/srv/fim-watch/gen_00046.txt,2026-09-18 12:56:52.210494+00,2026-09-18 13:01:27.956978+00
c52ffb98-1de4-452a-93b8-7a3a81855cfd,/srv/fim-watch/gen_00039.txt,2026-09-18 12:56:52.309909+00,2026-09-18 13:01:27.967749+00
3d1a4b40-ae8b-4551-9e42-0be922aba288,/srv/fim-watch/gen_00036.txt,2026-09-18 12:56:52.410581+00,2026-09-18 13:01:27.978832+00
507c9ac1-72a2-4473-b87f-15e9674668bb,/srv/fim-watch/gen_00036.txt,2026-09-18 12:56:52.510602+00,2026-09-18 13:01:27.988399+00
f2eebe08-54ff-44a3-9ae3-a7384136fa45,/srv/fim-watch/gen_00050.txt,2026-09-18 12:56:52.610539+00,2026-09-18 13:01:27.999809+00
bc1d3c53-ae61-4de2-b2ad-1ff751bc5f00,/srv/fim-watch/gen_00059.txt,2026-09-18 12:56:52.710262+00,2026-09-18 13:01:28.010149+00
0915f9a0-cea0-4254-8250-9b779aa170b1,/srv/fim-watch/gen_00054.txt,2026-09-18 12:56:52.811514+00,2026-09-18 13:01:28.023168+00
3fd679b5-8c3f-4bca-9246-190849b6f90e,/srv/fim-watch/gen_00043.txt,2026-09-18 12:56:52.910693+00,2026-09-18 13:01:28.036388+00
c8fe63a5-7c35-4162-8328-40c6e432564f,/srv/fim-watch/gen_00060.txt,2026-09-18 12:56:53.010733+00,2026-09-18 13:01:28.049942+00
0351e998-96e2-4dfd-9ba5-bee9c664bcab,/srv/fim-watch/gen_00050.txt,2026-09-18 12:56:53.110468+00,2026-09-18 13:01:28.062394+00
9bcfe7e2-49f8-4b6c-b841-7fb781be1fd5,/srv/fim-watch/gen_00058.txt,2026-09-18 12:56:53.210453+00,2026-09-18 13:01:28.075529+00
3e875c5a-3a89-43e7-99c9-e1ee89341c9b,/srv/fim-watch/gen_00019.txt,2026-09-18 12:56:53.310611+00,2026-09-18 13:01:28.089174+00
e697e104-f58d-4fb3-a9d6-4c5bebf678e7,/srv/fim-watch/gen_00019.txt,2026-09-18 12:56:53.410746+00,2026-09-18 13:01:28.101894+00
ac0fc463-6060-43e0-bb7d-0774a7b88b30,/srv/fim-watch/gen_00058.txt,2026-09-18 12:56:53.510767+00,2026-09-18 13:01:28.115582+00
0728740e-ea87-4638-98de-c382f1127471,/srv/fim-watch/gen_00042.txt,2026-09-18 12:56:53.610938+00,2026-09-18 13:01:28.126458+00
00f9a2dc-d210-40a7-806a-ca3a5e73a2da,/srv/fim-watch/gen_00042.txt,2026-09-18 12:56:53.709799+00,2026-09-18 13:01:28.137749+00
c8706329-b9b3-43fd-b985-92c985cb70e4,/srv/fim-watch/gen_00042.txt,2026-09-18 12:56:53.810233+00,2026-09-18 13:01:28.148984+00
85480a76-9e74-477e-9f5b-d52e3d90146d,/srv/fim-watch/gen_00042.txt,2026-09-18 12:56:53.910729+00,2026-09-18 13:01:28.160086+00
6a4d5fd8-96d5-4ca9-b4d1-6b8fe81803c1,/srv/fim-watch/gen_00042.txt,2026-09-18 12:56:54.010617+00,2026-09-18 13:01:28.174162+00
53e29e97-21b4-4f00-8a4a-76ad16225deb,/srv/fim-watch/critico/gen_00061.txt,2026-09-18 12:56:54.110275+00,2026-09-18 13:01:28.185733+00
2c2dedaf-b796-4390-ac77-dc9af090188f,/srv/fim-watch/gen_00062.txt,2026-09-18 12:56:54.210813+00,2026-09-18 13:01:28.194749+00
5b3ab060-54d4-451f-8648-bd5af4516054,/srv/fim-watch/critico/gen_00051.txt,2026-09-18 12:56:54.310346+00,2026-09-18 13:01:28.207025+00
c1fa7c27-e7db-48d4-8d8c-f0531c920766,/srv/fim-watch/gen_00020.txt,2026-09-18 12:56:54.410478+00,2026-09-18 13:01:28.219628+00
42e9e6ef-77cd-4dbe-bb19-cc1e81fed774,/srv/fim-watch/critico/gen_00047.txt,2026-09-18 12:56:54.51067+00,2026-09-18 13:01:28.23581+00
f488779a-be3e-48fe-9cf2-6f25d79b60b6,/srv/fim-watch/gen_00063.txt,2026-09-18 12:56:54.610751+00,2026-09-18 13:01:28.246534+00
63a2b067-6f55-4a69-8815-c2e3b05f749e,/srv/fim-watch/gen_00059.txt,2026-09-18 12:56:54.71097+00,2026-09-18 13:01:28.256561+00
a7aa4337-1205-45de-a0e0-ecbc672e04f1,/srv/fim-watch/gen_00064.txt,2026-09-18 12:56:54.810313+00,2026-09-18 13:01:28.266903+00
88e75253-9170-42e6-b6bc-597a577e63c9,/srv/fim-watch/gen_00065.txt,2026-09-18 12:56:54.91024+00,2026-09-18 13:01:28.279864+00
5e73becc-ffee-4ebe-ae60-5a60efba72bc,/srv/fim-watch/gen_00066.txt,2026-09-18 12:56:55.010496+00,2026-09-18 13:01:28.290936+00
32ede58b-92f1-49ba-aab5-f63c8a4327c5,/srv/fim-watch/gen_00067.txt,2026-09-18 12:56:55.110616+00,2026-09-18 13:01:28.302059+00
c2f84e5e-fa72-4bd7-962a-a52d14e0b6d3,/srv/fim-watch/gen_00068.txt,2026-09-18 12:56:55.210243+00,2026-09-18 13:01:28.313442+00
7f934d6a-f3a7-4f81-92e1-68b931b146d6,/srv/fim-watch/critico/gen_00061.txt,2026-09-18 12:56:55.310739+00,2026-09-18 13:01:28.327421+00
06d4515a-1d68-4e32-abe7-f75b1ddcae5d,/srv/fim-watch/gen_00031.txt,2026-09-18 12:56:55.410578+00,2026-09-18 13:01:28.338257+00
a86d9fb5-b027-4f2d-9ccd-6daf3930145b,/srv/fim-watch/gen_00031.txt,2026-09-18 12:56:55.510746+00,2026-09-18 13:01:28.349432+00
a8ab1652-e8f2-46ce-9600-b2d7b2028549,/srv/fim-watch/critico/gen_00069.txt,2026-09-18 12:56:55.610394+00,2026-09-18 13:01:28.360593+00
70b62084-84e8-4a3b-8495-02cbda7b1cf5,/srv/fim-watch/gen_00044.txt,2026-09-18 12:56:55.710484+00,2026-09-18 13:01:28.371215+00
c2e04778-9971-4b3f-b4e4-7329e1237a50,/srv/fim-watch/gen_00044.txt,2026-09-18 12:56:55.810552+00,2026-09-18 13:01:28.384334+00
e2cb5f90-b545-433b-9d08-96ce1fb0de75,/srv/fim-watch/gen_00063.txt,2026-09-18 12:56:55.910573+00,2026-09-18 13:01:28.394839+00
4e7e381d-b188-417d-8685-c20c22b21c15,/srv/fim-watch/gen_00062.txt,2026-09-18 12:56:56.010715+00,2026-09-18 13:01:28.409219+00
3f05e093-304e-442c-b0b3-e168ecb5c7d7,/srv/fim-watch/gen_00070.txt,2026-09-18 12:56:56.11012+00,2026-09-18 13:01:28.420439+00
33d566b2-4596-4f4e-aac9-7195e89dc274,/srv/fim-watch/gen_00071.txt,2026-09-18 12:56:56.210096+00,2026-09-18 13:01:28.430976+00
e1fbf796-17a9-4724-b294-916e893bfc25,/srv/fim-watch/gen_00031.txt,2026-09-18 12:56:56.310106+00,2026-09-18 13:01:28.444298+00
45f24d10-62b0-4b7c-b0e9-889904912aac,/srv/fim-watch/gen_00058.txt,2026-09-18 12:56:56.410501+00,2026-09-18 13:01:28.461214+00
175e238e-ad2e-441b-becc-e0632f435a76,/srv/fim-watch/critico/gen_00047.txt,2026-09-18 12:56:56.510376+00,2026-09-18 13:01:28.470588+00
e8b324cb-2ee9-44b4-8642-6ec3412f0f8d,/srv/fim-watch/critico/gen_00025.txt,2026-09-18 12:56:56.610496+00,2026-09-18 13:01:28.481806+00
68ff369d-7f4a-4f27-a4e8-1159b3925818,/srv/fim-watch/gen_00045.txt,2026-09-18 12:56:56.710709+00,2026-09-18 13:01:28.495947+00
722d0f55-2dd5-493a-8855-f738fd30fc99,/srv/fim-watch/gen_00072.txt,2026-09-18 12:56:56.810542+00,2026-09-18 13:01:28.508257+00
0b1dd0c0-fde7-4695-955d-cc45384f10fd,/srv/fim-watch/gen_00056.txt,2026-09-18 12:56:56.910706+00,2026-09-18 13:01:28.522244+00
ab08346b-5601-4801-9607-d8cfaf29203c,/srv/fim-watch/gen_00040.txt,2026-09-18 12:56:57.010564+00,2026-09-18 13:01:28.535961+00
584ee7f1-789a-40b1-a00d-733826efb958,/srv/fim-watch/gen_00055.txt,2026-09-18 12:56:57.110439+00,2026-09-18 13:01:28.550151+00
1a202582-fd34-466f-95ef-dad8875f5190,/srv/fim-watch/gen_00068.txt,2026-09-18 12:56:57.210577+00,2026-09-18 13:01:28.561985+00
d6de6531-3f93-4023-b71b-be1ed61022ba,/srv/fim-watch/gen_00068.txt,2026-09-18 12:56:57.310625+00,2026-09-18 13:01:28.577637+00
04821100-7bcf-4a3e-bef0-3e7dfe86cb01,/srv/fim-watch/gen_00068.txt,2026-09-18 12:56:57.410769+00,2026-09-18 13:01:28.589854+00
59074bc0-071a-4b96-8da3-5f845066781e,/srv/fim-watch/gen_00068.txt,2026-09-18 12:56:57.510586+00,2026-09-18 13:01:28.601759+00
373184f2-76e0-4c91-971c-3ee45c8d68dc,/srv/fim-watch/gen_00068.txt,2026-09-18 12:56:57.610381+00,2026-09-18 13:01:28.614787+00
3d462b8e-1662-4878-8d64-9a1f595d6d3e,/srv/fim-watch/gen_00059.txt,2026-09-18 12:56:57.710826+00,2026-09-18 13:01:28.625959+00
28a015fc-b2ec-4a15-b8d7-f6691bf88595,/srv/fim-watch/gen_00048.txt,2026-09-18 12:56:57.810445+00,2026-09-18 13:01:28.641905+00
9737c34c-1318-4a56-89af-91f13fdbc715,/srv/fim-watch/gen_00073.txt,2026-09-18 12:56:57.910334+00,2026-09-18 13:01:28.658868+00
97550f5c-3ed4-4a34-a46b-b84f177cc650,/srv/fim-watch/gen_00042.txt,2026-09-18 12:56:58.0106+00,2026-09-18 13:01:28.672795+00
fdb15f85-a839-4d2b-9ac3-28ef625ef843,/srv/fim-watch/gen_00042.txt,2026-09-18 12:56:58.11041+00,2026-09-18 13:01:28.685139+00
d9cfe51a-d549-42a0-bbae-02a35030cec9,/srv/fim-watch/gen_00042.txt,2026-09-18 12:56:58.21021+00,2026-09-18 13:01:28.69908+00
fdfee32e-df56-4844-b6a0-bf8fead85e03,/srv/fim-watch/gen_00042.txt,2026-09-18 12:56:58.310435+00,2026-09-18 13:01:28.711296+00
553b8741-0a5f-41ed-ae84-c9a350dad392,/srv/fim-watch/gen_00042.txt,2026-09-18 12:56:58.410249+00,2026-09-18 13:01:28.72215+00
5a61ea3e-017c-44ec-bc6c-23cb5da279f9,/srv/fim-watch/gen_00064.txt,2026-09-18 12:56:58.510591+00,2026-09-18 13:01:28.735165+00
d6f1fa36-4f92-4df6-8fde-ce1dd2c24071,/srv/fim-watch/gen_00064.txt,2026-09-18 12:56:58.610713+00,2026-09-18 13:01:28.750389+00
fe90c8d4-649e-4c1d-97dd-9368dc535a5c,/srv/fim-watch/gen_00070.txt,2026-09-18 12:56:58.710833+00,2026-09-18 13:01:28.764171+00
d5ce5697-b3b5-4ae3-a07b-09fe1c069d16,/srv/fim-watch/gen_00022.txt,2026-09-18 12:56:58.80998+00,2026-09-18 13:01:28.776202+00
779b87e0-05eb-4c41-aba5-8c2b689c404e,/srv/fim-watch/gen_00028.txt,2026-09-18 12:56:58.910432+00,2026-09-18 13:01:28.790924+00
42d3d6fb-6d2f-45e3-9098-455d5b756885,/srv/fim-watch/gen_00036.txt,2026-09-18 12:56:59.010646+00,2026-09-18 13:01:28.807783+00
4c96889a-f68e-49f2-8139-1a9c67bbd96e,/srv/fim-watch/critico/gen_00037.txt,2026-09-18 12:56:59.110325+00,2026-09-18 13:01:28.820461+00
5f573698-ccad-4918-886c-7636a4eade6a,/srv/fim-watch/gen_00011.txt,2026-09-18 12:56:59.210418+00,2026-09-18 13:01:28.831504+00
de6fd302-df0d-4d6c-aa59-7a60343fd190,/srv/fim-watch/gen_00074.txt,2026-09-18 12:56:59.310336+00,2026-09-18 13:01:28.842064+00
292a1e28-9b67-42f0-b4d4-87ad39011345,/srv/fim-watch/gen_00040.txt,2026-09-18 12:56:59.410822+00,2026-09-18 13:01:28.854279+00
cbbaa266-0a11-4a31-8777-5a6ffa821881,/srv/fim-watch/gen_00043.txt,2026-09-18 12:56:59.510439+00,2026-09-18 13:01:28.864739+00
fcf06c7e-7856-4b79-a4ab-7fde0f240e44,/srv/fim-watch/critico/gen_00075.txt,2026-09-18 12:56:59.610114+00,2026-09-18 13:01:28.87644+00
9dceb80e-9027-4645-be42-f74b393ea8ce,/srv/fim-watch/critico/gen_00075.txt,2026-09-18 12:56:59.710444+00,2026-09-18 13:01:28.887673+00
232187c0-8023-49b3-b7b7-0a154f2b8154,/srv/fim-watch/gen_00076.txt,2026-09-18 12:56:59.810425+00,2026-09-18 13:01:28.900899+00
0178bd0a-b818-4229-bfc2-011b360ed139,/srv/fim-watch/gen_00077.txt,2026-09-18 12:56:59.909903+00,2026-09-18 13:01:28.914415+00
ebac501d-049a-49e8-ad38-50cc946d643b,/srv/fim-watch/gen_00078.txt,2026-09-18 12:57:00.01055+00,2026-09-18 13:01:28.926709+00
24cbc36e-5a67-460d-a5a0-8aa559858617,/srv/fim-watch/gen_00044.txt,2026-09-18 12:57:00.1105+00,2026-09-18 13:01:28.94211+00
f896dfce-1a21-4303-b00f-9ce441b8ad78,/srv/fim-watch/gen_00079.txt,2026-09-18 12:57:00.210442+00,2026-09-18 13:01:28.954929+00
62ea9d16-8253-4686-9f16-16e0c1c88572,/srv/fim-watch/gen_00029.txt,2026-09-18 12:57:00.310589+00,2026-09-18 13:01:28.966907+00
669d43cf-d357-42ce-968e-d7781602e31f,/srv/fim-watch/gen_00063.txt,2026-09-18 12:57:00.510272+00,2026-09-18 13:01:28.981155+00
d96adc25-a4aa-43d0-90d0-02b64de9ee72,/srv/fim-watch/gen_00033.txt,2026-09-18 12:57:00.610389+00,2026-09-18 13:01:28.999827+00
03bcf83d-fda6-4d6c-87b6-70d3076ee42c,/srv/fim-watch/gen_00062.txt,2026-09-18 12:57:00.71047+00,2026-09-18 13:01:29.016764+00
0deb9a18-d278-4c1d-9540-1f3372f07c15,/srv/fim-watch/gen_00033.txt,2026-09-18 12:57:00.81055+00,2026-09-18 13:01:29.033936+00
293e0ebb-2b4b-4d1b-ab2a-a79a9bf28652,/srv/fim-watch/gen_00066.txt,2026-09-18 12:57:00.910217+00,2026-09-18 13:01:29.047582+00
e0dd0e77-4f46-4f64-883d-39c701c23426,/srv/fim-watch/gen_00066.txt,2026-09-18 12:57:01.010528+00,2026-09-18 13:01:29.06541+00
1db01beb-8129-47bd-9f55-3c724daa1788,/srv/fim-watch/gen_00066.txt,2026-09-18 12:57:01.11029+00,2026-09-18 13:01:29.078562+00
56b118d3-e589-4321-8ebe-1b9323e6d1a3,/srv/fim-watch/gen_00066.txt,2026-09-18 12:57:01.210627+00,2026-09-18 13:01:29.093195+00
2977b492-e167-4a33-a0b1-a5b0505509b0,/srv/fim-watch/gen_00066.txt,2026-09-18 12:57:01.310462+00,2026-09-18 13:01:29.113116+00
3e981436-f94d-4aa7-9968-b50e16e0fe18,/srv/fim-watch/gen_00080.txt,2026-09-18 12:57:01.410632+00,2026-09-18 13:01:29.124237+00
b482c595-5c99-4b50-951e-e0267a910556,/srv/fim-watch/gen_00059.txt,2026-09-18 12:57:01.510385+00,2026-09-18 13:01:29.137811+00
11f67f4d-a2b5-4c60-b73a-c7b897183aa5,/srv/fim-watch/gen_00073.txt,2026-09-18 12:57:01.610589+00,2026-09-18 13:01:29.152822+00
8848e479-94fd-4a97-ad33-e39e145e4b2b,/srv/fim-watch/gen_00063.txt,2026-09-18 12:57:01.710371+00,2026-09-18 13:01:29.164098+00
e0dadf53-05de-4c8a-8bf4-169059824736,/srv/fim-watch/gen_00048.txt,2026-09-18 12:57:01.810457+00,2026-09-18 13:01:29.178282+00
1922718d-3311-4633-ace5-31c4de81195d,/srv/fim-watch/gen_00048.txt,2026-09-18 12:57:01.910546+00,2026-09-18 13:01:29.192869+00
07162bbd-ceaf-48cd-972e-9e326d437314,/srv/fim-watch/gen_00058.txt,2026-09-18 12:57:02.010839+00,2026-09-18 13:01:29.206734+00
0eab5023-4a14-4067-bff7-82fa2ae293a0,/srv/fim-watch/gen_00059.txt,2026-09-18 12:57:02.11024+00,2026-09-18 13:01:29.218368+00
80a32abb-82cf-4c48-82d5-5d57aeb586b7,/srv/fim-watch/critico/gen_00081.txt,2026-09-18 12:57:02.210456+00,2026-09-18 13:01:29.233889+00
7e15308f-1cda-4a4e-a9a9-e9ad8c977155,/srv/fim-watch/gen_00082.txt,2026-09-18 12:57:02.310417+00,2026-09-18 13:01:29.252826+00
1f9d892d-9888-4a6c-9301-11a4e1aba87a,/srv/fim-watch/gen_00045.txt,2026-09-18 12:57:02.410611+00,2026-09-18 13:01:29.268473+00
e8bc8c44-efc2-4f7b-a09b-54be2459c51d,/srv/fim-watch/gen_00028.txt,2026-09-18 12:57:02.510813+00,2026-09-18 13:01:29.285995+00
c406186f-5e53-4312-9a8a-d2e89140a38a,/srv/fim-watch/gen_00028.txt,2026-09-18 12:57:02.610691+00,2026-09-18 13:01:29.299925+00
9db0e52c-01b6-4f9c-b51c-127a2bf3eeb5,/srv/fim-watch/gen_00083.txt,2026-09-18 12:57:02.710153+00,2026-09-18 13:01:29.316915+00
6f94e5da-3aad-408d-8c0b-eec22f8e3625,/srv/fim-watch/gen_00083.txt,2026-09-18 12:57:02.810316+00,2026-09-18 13:01:29.332467+00
558631f3-d136-4efb-ac5b-baec1d1c2bc9,/srv/fim-watch/gen_00080.txt,2026-09-18 12:57:02.910456+00,2026-09-18 13:01:29.349444+00
e6d1202f-b59c-4f86-97e0-8092782f9307,/srv/fim-watch/gen_00073.txt,2026-09-18 12:57:03.01002+00,2026-09-18 13:01:29.379607+00
7b2e8816-d152-46ff-9f27-aafbb9cf0917,/srv/fim-watch/gen_00028.txt,2026-09-18 12:57:03.110251+00,2026-09-18 13:01:29.397491+00
8e45107c-fef7-4f13-9639-f8c41df8e997,/srv/fim-watch/gen_00084.txt,2026-09-18 12:57:03.210107+00,2026-09-18 13:01:29.410289+00
2be57f13-6119-429c-8711-3cf8ae6b6ecc,/srv/fim-watch/gen_00068.txt,2026-09-18 12:57:03.310396+00,2026-09-18 13:01:29.429183+00
c9cd0e5d-827d-4c49-bbcf-ff92f428e238,/srv/fim-watch/gen_00068.txt,2026-09-18 12:57:03.410318+00,2026-09-18 13:01:29.444123+00
287107b1-e82d-49a9-98ec-cb9a4ced933e,/srv/fim-watch/gen_00044.txt,2026-09-18 12:57:03.510567+00,2026-09-18 13:01:29.460765+00
4aeefd6d-49c2-4554-ab1f-848296078f16,/srv/fim-watch/gen_00071.txt,2026-09-18 12:57:03.61037+00,2026-09-18 13:01:29.477774+00
39d9224c-0ae9-46aa-a511-a8d27f372874,/srv/fim-watch/gen_00067.txt,2026-09-18 12:57:03.710494+00,2026-09-18 13:01:29.500834+00
6219c500-28b2-4eb6-b0b2-2f79b8617eb4,/srv/fim-watch/gen_00067.txt,2026-09-18 12:57:03.809815+00,2026-09-18 13:01:29.514846+00
a43add6c-557e-47de-84b9-27bf326afc39,/srv/fim-watch/gen_00085.txt,2026-09-18 12:57:03.909759+00,2026-09-18 13:01:29.53236+00
a0247783-51ba-41c3-b430-d506b2c636c2,/srv/fim-watch/critico/gen_00023.txt,2026-09-18 12:57:04.010176+00,2026-09-18 13:01:29.553839+00
f7f782b8-f793-4d8c-b6b0-a178fc9388ca,/srv/fim-watch/gen_00062.txt,2026-09-18 12:57:04.109741+00,2026-09-18 13:01:29.581408+00
b6b4dd17-4552-4feb-b23b-a7bd7333f9ee,/srv/fim-watch/gen_00020.txt,2026-09-18 12:57:04.210146+00,2026-09-18 13:01:29.602196+00
3a2074e7-71d2-4c59-a9b9-7b4510c44520,/srv/fim-watch/gen_00019.txt,2026-09-18 12:57:04.310262+00,2026-09-18 13:01:29.62134+00
2fab6d23-3c2a-4d59-8f45-dfbf8755046f,/srv/fim-watch/gen_00086.txt,2026-09-18 12:57:04.410492+00,2026-09-18 13:01:29.63726+00
3e0f93fe-2611-4d25-82e5-410654990a0b,/srv/fim-watch/gen_00059.txt,2026-09-18 12:57:04.510721+00,2026-09-18 13:01:29.654106+00
43e33616-9c50-4612-8045-1e9a6d36cd92,/srv/fim-watch/critico/gen_00087.txt,2026-09-18 12:57:04.610213+00,2026-09-18 13:01:29.675794+00
5e41d9d3-55a7-42c0-96db-7bf5cbf0b729,/srv/fim-watch/gen_00058.txt,2026-09-18 12:57:04.710693+00,2026-09-18 13:01:29.694298+00
b4f9872c-c56b-485b-a6c6-5397bd526e92,/srv/fim-watch/gen_00058.txt,2026-09-18 12:57:04.810505+00,2026-09-18 13:01:29.714902+00
212a637f-e27b-47e0-ab16-bd3c370ac879,/srv/fim-watch/gen_00072.txt,2026-09-18 12:57:04.909959+00,2026-09-18 13:01:29.733675+00
a4bc15f9-8bbf-4701-8b49-9c6b8b16a95a,/srv/fim-watch/gen_00072.txt,2026-09-18 12:57:05.010469+00,2026-09-18 13:01:29.750865+00
db1ab5ec-cc14-44ca-998c-f491795426b7,/srv/fim-watch/gen_00072.txt,2026-09-18 12:57:05.110055+00,2026-09-18 13:01:29.765406+00
2fbcbf0c-1867-4909-b935-7106137951d1,/srv/fim-watch/gen_00072.txt,2026-09-18 12:57:05.210348+00,2026-09-18 13:01:29.776121+00
7db47416-c8f2-47c9-aa0e-9ef53126d8c3,/srv/fim-watch/gen_00072.txt,2026-09-18 12:57:05.310544+00,2026-09-18 13:01:29.787653+00
26fa293f-76dd-4b91-a7cd-2b91c8d3ebe8,/srv/fim-watch/gen_00082.txt,2026-09-18 12:57:05.410617+00,2026-09-18 13:01:29.799214+00
0acebf05-a37d-4844-a1c8-0b0d0854ace0,/srv/fim-watch/critico/gen_00081.txt,2026-09-18 12:57:05.510568+00,2026-09-18 13:01:29.810592+00
963fdd88-9de9-4ae6-b509-85e1cbd4c3dc,/srv/fim-watch/gen_00066.txt,2026-09-18 12:57:05.610555+00,2026-09-18 13:01:29.821655+00
97eb4306-7e7b-4307-b567-05db4a5068c9,/srv/fim-watch/gen_00066.txt,2026-09-18 12:57:05.710605+00,2026-09-18 13:01:29.832744+00
d11b76d7-4e22-449b-be87-079a753f3ad9,/srv/fim-watch/critico/gen_00087.txt,2026-09-18 12:57:05.810411+00,2026-09-18 13:01:29.842433+00
14df6df9-f8e0-4529-9564-a4b6051c37b7,/srv/fim-watch/gen_00019.txt,2026-09-18 12:57:05.910133+00,2026-09-18 13:01:29.854277+00
a848aef3-2aa9-49f8-be09-82fa70ccb1b4,/srv/fim-watch/gen_00029.txt,2026-09-18 12:57:06.010344+00,2026-09-18 13:01:29.866189+00
7e458ce1-01e7-4886-ab70-a16a455b7d7a,/srv/fim-watch/gen_00088.txt,2026-09-18 12:57:06.110175+00,2026-09-18 13:01:29.879734+00
b53cdaed-7ece-4c83-ba1b-bf3ea7877417,/srv/fim-watch/gen_00089.txt,2026-09-18 12:57:06.21022+00,2026-09-18 13:01:29.892065+00
fc3de2db-8f9a-4a9c-8bed-cdf3d4ab69cd,/srv/fim-watch/gen_00050.txt,2026-09-18 12:57:06.310593+00,2026-09-18 13:01:29.905956+00
2f3246a1-cddf-4cac-bbe1-92067523f040,/srv/fim-watch/gen_00090.txt,2026-09-18 12:57:06.410434+00,2026-09-18 13:01:29.918228+00
724795d3-eb3d-481e-a737-e886c4a14314,/srv/fim-watch/critico/gen_00081.txt,2026-09-18 12:57:06.510404+00,2026-09-18 13:01:29.930602+00
f4b7013f-d2ef-4eab-9371-76f348e827ff,/srv/fim-watch/critico/gen_00081.txt,2026-09-18 12:57:06.610396+00,2026-09-18 13:01:29.944648+00
1bc567ca-c455-4342-b819-305225b4c64d,/srv/fim-watch/critico/gen_00081.txt,2026-09-18 12:57:06.709957+00,2026-09-18 13:01:29.959629+00
67b9cbd8-9032-4e90-a0a5-bff09ab0b89e,/srv/fim-watch/critico/gen_00081.txt,2026-09-18 12:57:06.81006+00,2026-09-18 13:01:29.972313+00
e869d04c-cd79-4e42-bb73-07df7078a8fd,/srv/fim-watch/critico/gen_00081.txt,2026-09-18 12:57:06.910318+00,2026-09-18 13:01:29.982738+00
182764df-219c-4cc9-bfee-8686b7ab7b10,/srv/fim-watch/gen_00045.txt,2026-09-18 12:57:07.010399+00,2026-09-18 13:01:29.993504+00
593dd82d-6119-49f8-97ba-e5e9dd357d0d,/srv/fim-watch/gen_00013.txt,2026-09-18 12:57:07.11006+00,2026-09-18 13:01:30.004018+00
b502e935-fd87-4207-a0f5-8b9c3e99c226,/srv/fim-watch/critico/gen_00091.txt,2026-09-18 12:57:07.210229+00,2026-09-18 13:01:30.01704+00
3651226e-cdab-4e0b-a2f8-039f22f4ff8d,/srv/fim-watch/gen_00033.txt,2026-09-18 12:57:07.310135+00,2026-09-18 13:01:30.030779+00
03d73bdf-e02c-4fb8-86b8-3316f95496fd,/srv/fim-watch/gen_00040.txt,2026-09-18 12:57:07.41068+00,2026-09-18 13:01:30.045188+00
efaa6b24-7872-4002-b4bb-12060c4f07fb,/srv/fim-watch/gen_00057.txt,2026-09-18 12:57:07.510472+00,2026-09-18 13:01:30.061444+00
b711f914-1494-4e96-9aed-b0b6ce7f2c08,/srv/fim-watch/gen_00040.txt,2026-09-18 12:57:07.610622+00,2026-09-18 13:01:30.074057+00
d4afe9f1-2305-44e2-8d69-f5e5d16014c7,/srv/fim-watch/gen_00054.txt,2026-09-18 12:57:07.710617+00,2026-09-18 13:01:30.092795+00
2840fcd3-744a-4e3c-9f32-6e0f215c05e3,/srv/fim-watch/gen_00054.txt,2026-09-18 12:57:07.810948+00,2026-09-18 13:01:30.10465+00
d3f06640-21fb-4d0b-a2ae-0c5ede072e46,/srv/fim-watch/gen_00054.txt,2026-09-18 12:57:07.910459+00,2026-09-18 13:01:30.119245+00
ed6a641f-0200-4786-8269-65ca812aa86a,/srv/fim-watch/gen_00054.txt,2026-09-18 12:57:08.010428+00,2026-09-18 13:01:30.129649+00
c4e1764f-4966-45f9-b48c-2e3d928ad38a,/srv/fim-watch/gen_00054.txt,2026-09-18 12:57:08.110378+00,2026-09-18 13:01:30.142066+00
8e5d5481-7bb2-45c8-a339-89833fa0091c,/srv/fim-watch/gen_00092.txt,2026-09-18 12:57:08.210203+00,2026-09-18 13:01:30.154404+00
d26e7825-91a1-4ac7-a80b-08206a340578,/srv/fim-watch/critico/gen_00087.txt,2026-09-18 12:57:08.310181+00,2026-09-18 13:01:30.166693+00
57fbee79-380f-4374-bece-8973e1c08dde,/srv/fim-watch/gen_00070.txt,2026-09-18 12:57:08.410642+00,2026-09-18 13:01:30.183278+00
f697b235-ca68-45c2-a34a-f0cabf6f7f9c,/srv/fim-watch/gen_00070.txt,2026-09-18 12:57:08.510466+00,2026-09-18 13:01:30.200149+00
1fce5f04-3d20-44b9-ae57-6f97c0e4b811,/srv/fim-watch/gen_00093.txt,2026-09-18 12:57:08.610489+00,2026-09-18 13:01:30.214529+00
f73b21b3-50ec-4fd0-990e-4d4f4f2911df,/srv/fim-watch/critico/gen_00047.txt,2026-09-18 12:57:08.710632+00,2026-09-18 13:01:30.231247+00
d0b78dca-32d4-4710-ac65-e1daa464f549,/srv/fim-watch/critico/gen_00094.txt,2026-09-18 12:57:08.810138+00,2026-09-18 13:01:30.245826+00
2219a059-5e10-4f87-a8b2-032e10653453,/srv/fim-watch/gen_00095.txt,2026-09-18 12:57:08.909788+00,2026-09-18 13:01:30.268345+00
38d891ea-6dfb-4e65-9ee9-1f8e8d920456,/srv/fim-watch/gen_00089.txt,2026-09-18 12:57:09.009907+00,2026-09-18 13:01:30.284936+00
809dbd16-866c-45f0-823b-f59c0415149c,/srv/fim-watch/gen_00096.txt,2026-09-18 12:57:09.109769+00,2026-09-18 13:01:30.305195+00
f8ec6d19-8cc8-403f-816a-59d794850f04,/srv/fim-watch/gen_00095.txt,2026-09-18 12:57:09.20978+00,2026-09-18 13:01:30.32766+00
5f7843b2-1d8d-4fe0-9de4-b5a9cdd32806,/srv/fim-watch/gen_00055.txt,2026-09-18 12:57:09.309891+00,2026-09-18 13:01:30.345602+00
e1da3ea7-d149-44e5-88a2-f330f36de72e,/srv/fim-watch/gen_00071.txt,2026-09-18 12:57:09.410636+00,2026-09-18 13:01:30.361637+00
1ea346d4-5854-441b-a3d5-06379f76620e,/srv/fim-watch/gen_00097.txt,2026-09-18 12:57:09.510453+00,2026-09-18 13:01:30.376416+00
d7dc488d-84e0-4f2b-94cc-51de6147bcb1,/srv/fim-watch/gen_00055.txt,2026-09-18 12:57:09.610244+00,2026-09-18 13:01:30.389861+00
03550953-8d4e-4404-bd27-28efcc71350d,/srv/fim-watch/critico/gen_00037.txt,2026-09-18 12:57:09.710473+00,2026-09-18 13:01:30.411442+00
d45f6762-c0aa-4ee4-90ba-efc13b725e42,/srv/fim-watch/critico/gen_00037.txt,2026-09-18 12:57:09.81061+00,2026-09-18 13:01:30.43026+00
acad1c68-d94d-4d1d-a071-163a5f0075ea,/srv/fim-watch/gen_00029.txt,2026-09-18 12:57:09.910413+00,2026-09-18 13:01:30.448258+00
e4cb9d66-5c08-47db-9693-29566071d545,/srv/fim-watch/gen_00085.txt,2026-09-18 12:57:10.010086+00,2026-09-18 13:01:30.46657+00
e3ab6362-b2b1-4ba3-958b-2a2529a372bb,/srv/fim-watch/gen_00055.txt,2026-09-18 12:57:10.110248+00,2026-09-18 13:01:30.481667+00
215470a0-50c1-4651-9e1c-0b8a15fa1aec,/srv/fim-watch/gen_00082.txt,2026-09-18 12:57:10.21047+00,2026-09-18 13:01:30.496167+00
14b0a6ca-d291-49cc-853c-382622c856c3,/srv/fim-watch/gen_00055.txt,2026-09-18 12:57:10.310329+00,2026-09-18 13:01:30.510301+00
a288f1ff-1bb0-471c-817b-96ea61c4aa6b,/srv/fim-watch/gen_00098.txt,2026-09-18 12:57:10.410501+00,2026-09-18 13:01:30.526876+00
04a4bfeb-224c-488f-ba3d-264917477177,/srv/fim-watch/gen_00099.txt,2026-09-18 12:57:10.51008+00,2026-09-18 13:01:30.544119+00
8c4faab2-3e13-4e9a-af9d-ef6479d17fcf,/srv/fim-watch/gen_00043.txt,2026-09-18 12:57:10.610621+00,2026-09-18 13:01:30.560632+00
7c99eb15-3b9b-4b58-bbca-d8f797dc6066,/srv/fim-watch/gen_00093.txt,2026-09-18 12:57:10.710369+00,2026-09-18 13:01:30.58038+00
8777de8e-7b81-4298-b9dd-031ab801cd78,/srv/fim-watch/gen_00066.txt,2026-09-18 12:57:10.810476+00,2026-09-18 13:01:30.604593+00
1b73b89f-6843-47f7-bf37-a33a0c755e9a,/srv/fim-watch/critico/gen_00025.txt,2026-09-18 12:57:10.910381+00,2026-09-18 13:01:30.623334+00
cc109bee-7dec-42b5-915d-076e8e545b3e,/srv/fim-watch/gen_00100.txt,2026-09-18 12:57:11.01033+00,2026-09-18 13:01:30.641695+00
8d875ff6-261f-4acb-9ca8-6774ca9df7e7,/srv/fim-watch/gen_00090.txt,2026-09-18 12:57:11.109727+00,2026-09-18 13:01:30.66399+00
ef0ff145-0192-4b09-87c7-e22c6c4be364,/srv/fim-watch/gen_00077.txt,2026-09-18 12:57:11.210338+00,2026-09-18 13:01:30.687874+00
6951d7d1-2dfe-44d7-8f0d-3975983027b3,/srv/fim-watch/gen_00098.txt,2026-09-18 12:57:11.310437+00,2026-09-18 13:01:30.707623+00
89f29a30-fa62-493d-bbe3-0827c27e9a83,/srv/fim-watch/gen_00067.txt,2026-09-18 12:57:11.410401+00,2026-09-18 13:01:30.727447+00
e5661388-6e3d-4a51-8482-6b41abf56717,/srv/fim-watch/gen_00093.txt,2026-09-18 12:57:11.510544+00,2026-09-18 13:01:30.748473+00
0208a797-be64-4be4-a745-cd91330a2500,/srv/fim-watch/gen_00071.txt,2026-09-18 12:57:11.610505+00,2026-09-18 13:01:30.767719+00
db313ea5-9232-409f-ae29-3c4fce4f73e9,/srv/fim-watch/gen_00006.txt,2026-09-18 12:57:11.710567+00,2026-09-18 13:01:30.787515+00
ae7a728b-79af-4c02-81e1-47bec9ee3959,/srv/fim-watch/gen_00101.txt,2026-09-18 12:57:11.810174+00,2026-09-18 13:01:30.806055+00
6719dacd-b8bf-4ec4-869a-19ac450ba30b,/srv/fim-watch/gen_00101.txt,2026-09-18 12:57:11.909733+00,2026-09-18 13:01:30.830202+00
9eb3848c-dbc0-4b91-a43c-5e533591e468,/srv/fim-watch/gen_00049.txt,2026-09-18 12:57:12.01027+00,2026-09-18 13:01:30.842516+00
b27cef8c-3d93-4bb1-8546-fa4684f72175,/srv/fim-watch/gen_00067.txt,2026-09-18 12:57:12.110247+00,2026-09-18 13:01:30.856206+00
e7a48a2e-9353-40a4-9a95-3e874d0baddb,/srv/fim-watch/gen_00067.txt,2026-09-18 12:57:12.210547+00,2026-09-18 13:01:30.869862+00
6a35276b-87b3-4e92-a1d7-8cdf6ed75724,/srv/fim-watch/gen_00067.txt,2026-09-18 12:57:12.310203+00,2026-09-18 13:01:30.883949+00
b8c6feac-fe7d-4913-9e5e-bfaa21623068,/srv/fim-watch/gen_00067.txt,2026-09-18 12:57:12.410735+00,2026-09-18 13:01:30.893903+00
37b4e817-76f8-4c5b-9e3a-2d58cb8498e9,/srv/fim-watch/gen_00067.txt,2026-09-18 12:57:12.510192+00,2026-09-18 13:01:30.906857+00
0c59ab36-819f-4082-a948-686b9a9fc643,/srv/fim-watch/gen_00071.txt,2026-09-18 12:57:12.610192+00,2026-09-18 13:01:30.921173+00
f66629f2-c625-4231-9e3b-a1f3894ed4ea,/srv/fim-watch/gen_00103.txt,2026-09-18 12:57:12.810046+00,2026-09-18 13:01:30.933268+00
8fd501cc-3b83-4e9d-bdea-c97ed5a021c4,/srv/fim-watch/gen_00072.txt,2026-09-18 12:57:12.9098+00,2026-09-18 13:01:30.942518+00
def05cc1-80fa-4587-a282-5add30381274,/srv/fim-watch/gen_00028.txt,2026-09-18 12:57:13.010051+00,2026-09-18 13:01:30.954856+00
9f6aca2d-575b-4d3e-b705-487d9199819e,/srv/fim-watch/critico/gen_00081.txt,2026-09-18 12:57:13.109661+00,2026-09-18 13:01:30.96427+00
3d94d25a-7ccb-42ea-823e-483fb8fddb01,/srv/fim-watch/gen_00070.txt,2026-09-18 12:57:13.209774+00,2026-09-18 13:01:30.974174+00
c6b791f0-b3ab-41d5-861c-c7e0da5e63e1,/srv/fim-watch/gen_00050.txt,2026-09-18 12:57:13.310179+00,2026-09-18 13:01:30.984715+00
cc3a8995-5722-4a0f-81be-e2cf175c748a,/srv/fim-watch/gen_00050.txt,2026-09-18 12:57:13.409753+00,2026-09-18 13:01:30.995826+00
3f20a3fb-a33a-4177-adc8-c7354e363ce7,/srv/fim-watch/gen_00050.txt,2026-09-18 12:57:13.509985+00,2026-09-18 13:01:31.00797+00
da6d09bf-ce44-4aed-b99b-1819de4d3b84,/srv/fim-watch/gen_00050.txt,2026-09-18 12:57:13.609979+00,2026-09-18 13:01:31.019848+00
42fb4002-0806-4bd7-8aa9-f2b97bd47416,/srv/fim-watch/gen_00050.txt,2026-09-18 12:57:13.710248+00,2026-09-18 13:01:31.033577+00
f704c256-d264-4527-a0de-b808ae43a36f,/srv/fim-watch/gen_00071.txt,2026-09-18 12:57:13.810205+00,2026-09-18 13:01:31.04604+00
c1219429-595e-4a69-b8dc-207b8977d0fa,/srv/fim-watch/gen_00072.txt,2026-09-18 12:57:13.909708+00,2026-09-18 13:01:31.060544+00
dd5515e9-699f-4b65-86d9-7967ed1cc079,/srv/fim-watch/gen_00104.txt,2026-09-18 12:57:14.0097+00,2026-09-18 13:01:31.072465+00
70694ad9-9c0f-430b-b517-8e4e6b58fdf5,/srv/fim-watch/gen_00028.txt,2026-09-18 12:57:14.109846+00,2026-09-18 13:01:31.085025+00
b7668d0a-9c37-48d8-a5c5-23297bdae604,/srv/fim-watch/critico/gen_00069.txt,2026-09-18 12:57:14.209726+00,2026-09-18 13:01:31.099892+00
4c2a65bb-a81b-4ca9-93db-23f48376c45c,/srv/fim-watch/critico/gen_00069.txt,2026-09-18 12:57:14.310111+00,2026-09-18 13:01:31.113517+00
93a609a9-93cf-4321-aa62-0ac7c5d2a180,/srv/fim-watch/gen_00105.txt,2026-09-18 12:57:14.410132+00,2026-09-18 13:01:31.124762+00
a1f8eb09-1fcd-4eb0-9ae0-29958886edbc,/srv/fim-watch/gen_00048.txt,2026-09-18 12:57:14.510245+00,2026-09-18 13:01:31.139091+00
f20760d9-e505-464d-a659-60a89be75265,/srv/fim-watch/gen_00048.txt,2026-09-18 12:57:14.610383+00,2026-09-18 13:01:31.151756+00
b8a2282d-0aab-4a92-98b3-e4908fed0460,/srv/fim-watch/gen_00086.txt,2026-09-18 12:57:14.709751+00,2026-09-18 13:01:31.163345+00
df687e30-8801-40ec-b229-86e34c53e150,/srv/fim-watch/gen_00036.txt,2026-09-18 12:57:14.809937+00,2026-09-18 13:01:31.17432+00
0ddbdef2-2f78-4af3-9ad6-1aead03c6c58,/srv/fim-watch/gen_00036.txt,2026-09-18 12:57:14.909789+00,2026-09-18 13:01:31.185698+00
512df9cb-038a-4038-9483-96e67acfc632,/srv/fim-watch/gen_00040.txt,2026-09-18 12:57:15.009966+00,2026-09-18 13:01:31.196878+00
91940b31-7e1f-4e95-8325-e7fd0a3410ef,/srv/fim-watch/gen_00036.txt,2026-09-18 12:57:15.110014+00,2026-09-18 13:01:31.20841+00
3fc0c486-142d-4fd7-8e16-b32b740b8808,/srv/fim-watch/gen_00036.txt,2026-09-18 12:57:15.210126+00,2026-09-18 13:01:31.2216+00
860d2cd1-4770-4e75-bce8-434beba30ba2,/srv/fim-watch/gen_00073.txt,2026-09-18 12:57:15.310032+00,2026-09-18 13:01:31.234084+00
d06d7d66-9e83-431d-a849-0d65b06d5714,/srv/fim-watch/gen_00073.txt,2026-09-18 12:57:15.4101+00,2026-09-18 13:01:31.244574+00
94aeaaba-fe29-4e58-8cac-0b782717ddc7,/srv/fim-watch/gen_00042.txt,2026-09-18 12:57:15.510197+00,2026-09-18 13:01:31.258185+00
28364c51-cd22-4cf3-923f-0ac3557d9a44,/srv/fim-watch/gen_00040.txt,2026-09-18 12:57:15.610056+00,2026-09-18 13:01:31.275466+00
4a423e60-e179-4fc1-92bb-ea6a42a612fd,/srv/fim-watch/gen_00088.txt,2026-09-18 12:57:15.709979+00,2026-09-18 13:01:31.287379+00
f69c4d04-3f5c-4316-bc91-0d1a90438999,/srv/fim-watch/gen_00106.txt,2026-09-18 12:57:15.809983+00,2026-09-18 13:01:31.299941+00
b5e729c7-39a4-4117-a445-2e8b0e6787b9,/srv/fim-watch/gen_00076.txt,2026-09-18 12:57:15.910281+00,2026-09-18 13:01:31.312763+00
76164e0f-88f8-46a1-9a31-3c8889a0d2d4,/srv/fim-watch/gen_00072.txt,2026-09-18 12:57:16.010007+00,2026-09-18 13:01:31.327492+00
2f731121-b932-4569-9b7b-748397956680,/srv/fim-watch/gen_00036.txt,2026-09-18 12:57:16.11005+00,2026-09-18 13:01:31.341432+00
e4df281d-894b-41d8-8230-ff850ef3da47,/srv/fim-watch/gen_00036.txt,2026-09-18 12:57:16.210208+00,2026-09-18 13:01:31.352949+00
be9e481d-a5e0-4dc1-bbf3-680397cc17f6,/srv/fim-watch/gen_00049.txt,2026-09-18 12:57:16.310056+00,2026-09-18 13:01:31.364544+00
99152557-045d-4072-b54b-c041d0114a25,/srv/fim-watch/gen_00107.txt,2026-09-18 12:57:16.410021+00,2026-09-18 13:01:31.376021+00
1880aa78-2b71-4001-8115-381ff7150177,/srv/fim-watch/gen_00107.txt,2026-09-18 12:57:16.509995+00,2026-09-18 13:01:31.388004+00
d92e4793-188d-4228-a03b-c1ed533ce173,/srv/fim-watch/gen_00054.txt,2026-09-18 12:57:16.610384+00,2026-09-18 13:01:31.39815+00
3d7d4c99-9733-47b4-9aef-b0fd548a0910,/srv/fim-watch/gen_00103.txt,2026-09-18 12:57:16.710399+00,2026-09-18 13:01:31.407284+00
9ac98b9c-ab98-42ef-a7b5-d24e2dc6c552,/srv/fim-watch/gen_00064.txt,2026-09-18 12:57:16.810189+00,2026-09-18 13:01:31.419009+00
602a58f9-2ff0-418d-aba7-f40641699ed5,/srv/fim-watch/gen_00096.txt,2026-09-18 12:57:16.910155+00,2026-09-18 13:01:31.432387+00
39ce5fe5-bd47-4920-a2e9-51bd448de21c,/srv/fim-watch/gen_00078.txt,2026-09-18 12:57:17.010027+00,2026-09-18 13:01:31.446438+00
b7ab99d8-6e1d-45bc-866d-d09d5f420ee6,/srv/fim-watch/gen_00020.txt,2026-09-18 12:57:17.110093+00,2026-09-18 13:01:31.458245+00
74cf23ab-8d5d-4720-91e7-7459954212b2,/srv/fim-watch/gen_00044.txt,2026-09-18 12:57:17.21014+00,2026-09-18 13:01:31.470824+00
d00bb137-f538-45c6-990c-8f985942ee43,/srv/fim-watch/gen_00073.txt,2026-09-18 12:57:17.310194+00,2026-09-18 13:01:31.483414+00
2fa775c5-570b-43fd-8dec-4464c1e2c92b,/srv/fim-watch/gen_00073.txt,2026-09-18 12:57:17.410398+00,2026-09-18 13:01:31.496361+00
8247f343-d534-4635-96e8-b04b52b54a03,/srv/fim-watch/gen_00108.txt,2026-09-18 12:57:17.510208+00,2026-09-18 13:01:31.512501+00
9922f639-08ab-4e7f-9cde-f0953dbb148b,/srv/fim-watch/gen_00109.txt,2026-09-18 12:57:17.609942+00,2026-09-18 13:01:31.524803+00
104c3ed1-10df-40e0-b496-9634f137ddac,/srv/fim-watch/gen_00033.txt,2026-09-18 12:57:17.710233+00,2026-09-18 13:01:31.537045+00
00b0fd79-f597-4b22-a278-32f379cc476e,/srv/fim-watch/gen_00029.txt,2026-09-18 12:57:17.810401+00,2026-09-18 13:01:31.549462+00
f4ada9a7-c6b4-4903-8efa-ff6409112c7e,/srv/fim-watch/gen_00029.txt,2026-09-18 12:57:17.910509+00,2026-09-18 13:01:31.558578+00
2d0de2d9-5185-48ac-a32b-aaa4b23c99d6,/srv/fim-watch/critico/gen_00110.txt,2026-09-18 12:57:18.01041+00,2026-09-18 13:01:31.571764+00
866f14ea-8187-4bd0-9e25-53e1d34f8a02,/srv/fim-watch/gen_00111.txt,2026-09-18 12:57:18.110247+00,2026-09-18 13:01:31.587927+00
4f4bef32-49a0-4b61-98c4-d60396806d68,/srv/fim-watch/gen_00079.txt,2026-09-18 12:57:18.210826+00,2026-09-18 13:01:31.602245+00
7b4018be-68f5-4bc8-ab43-e7b3687cdb52,/srv/fim-watch/gen_00060.txt,2026-09-18 12:57:18.310485+00,2026-09-18 13:01:31.62031+00
3ebc4bdd-0b06-4e78-8305-eae6d4dab9d0,/srv/fim-watch/gen_00112.txt,2026-09-18 12:57:18.410226+00,2026-09-18 13:01:31.633061+00
46064f8d-6069-4401-82c7-7af14647130f,/srv/fim-watch/gen_00112.txt,2026-09-18 12:57:18.510015+00,2026-09-18 13:01:31.644788+00
67ebfa37-b0fd-41f9-b6e0-fcc6aeab71cc,/srv/fim-watch/gen_00088.txt,2026-09-18 12:57:18.610173+00,2026-09-18 13:01:31.65829+00
1b3961a0-4bfe-4090-961a-dd6d90dfa0ed,/srv/fim-watch/gen_00088.txt,2026-09-18 12:57:18.710633+00,2026-09-18 13:01:31.673555+00
47a8dae5-0361-4c76-a266-4dd11d1f06fc,/srv/fim-watch/gen_00058.txt,2026-09-18 12:57:18.810464+00,2026-09-18 13:01:31.68878+00
923d6a72-3297-4679-ad47-4633411dbd6f,/srv/fim-watch/gen_00048.txt,2026-09-18 12:57:18.910588+00,2026-09-18 13:01:31.703247+00
e04046e5-bd31-40c3-a7b1-44bf3fdf4d69,/srv/fim-watch/gen_00042.txt,2026-09-18 12:57:19.009982+00,2026-09-18 13:01:31.717407+00
447237c0-8620-4d8c-adc1-727be6b3bd13,/srv/fim-watch/gen_00042.txt,2026-09-18 12:57:19.110146+00,2026-09-18 13:01:31.729743+00
f2d7c196-04bc-4c02-9abb-b0312ef45e54,/srv/fim-watch/gen_00059.txt,2026-09-18 12:57:19.210204+00,2026-09-18 13:01:31.744184+00
150ae3a6-49e0-4782-a423-517933737f79,/srv/fim-watch/gen_00113.txt,2026-09-18 12:57:19.310102+00,2026-09-18 13:01:31.758537+00
109a560c-7803-46f4-8dca-22ee958de78c,/srv/fim-watch/gen_00092.txt,2026-09-18 12:57:19.410669+00,2026-09-18 13:01:31.770908+00
665317ff-e575-4dd9-af3c-dee03b022798,/srv/fim-watch/gen_00006.txt,2026-09-18 12:57:19.510663+00,2026-09-18 13:01:31.781498+00
29115091-d776-4217-9ff7-4c8c10cfbd86,/srv/fim-watch/gen_00072.txt,2026-09-18 12:57:19.610432+00,2026-09-18 13:01:31.794355+00
ff8be808-1977-417f-b0e8-e1dab7b3b6ba,/srv/fim-watch/gen_00072.txt,2026-09-18 12:57:19.710242+00,2026-09-18 13:01:31.805087+00
863463c9-2261-49a5-9daf-b5af2eef9b47,/srv/fim-watch/gen_00070.txt,2026-09-18 12:57:19.813379+00,2026-09-18 13:01:31.82026+00
5d936684-8418-43da-a162-5b5d05297c5a,/srv/fim-watch/gen_00079.txt,2026-09-18 12:57:19.910254+00,2026-09-18 13:01:31.832417+00
d2fd9a5a-ce57-4398-bbbd-ab32df4d8ddf,/srv/fim-watch/gen_00079.txt,2026-09-18 12:57:20.010694+00,2026-09-18 13:01:31.846306+00
b92448ec-3abe-40d4-9bd5-02d48b65dd28,/srv/fim-watch/gen_00079.txt,2026-09-18 12:57:20.110371+00,2026-09-18 13:01:31.858827+00
3fefbe85-fb10-4e82-a18b-bc40ed275020,/srv/fim-watch/gen_00079.txt,2026-09-18 12:57:20.210434+00,2026-09-18 13:01:31.87455+00
43a21544-0fa8-4d65-a7b6-a719059887ad,/srv/fim-watch/gen_00079.txt,2026-09-18 12:57:20.310483+00,2026-09-18 13:01:31.894007+00
3c3ba387-d02a-4253-824c-facacdf8e9ed,/srv/fim-watch/gen_00020.txt,2026-09-18 12:57:20.410544+00,2026-09-18 13:01:31.906782+00
0f98b60d-df16-43a8-8081-e5125003374c,/srv/fim-watch/gen_00060.txt,2026-09-18 12:57:20.510621+00,2026-09-18 13:01:31.921225+00
ff971512-2dee-4b12-8b8e-8e595b34b402,/srv/fim-watch/gen_00049.txt,2026-09-18 12:57:20.610683+00,2026-09-18 13:01:31.931715+00
191609c1-7b09-45d8-8883-564eea27f3b2,/srv/fim-watch/gen_00114.txt,2026-09-18 12:57:20.710542+00,2026-09-18 13:01:31.944838+00
29a42a4f-c7bb-442b-8eac-ef4322d67b67,/srv/fim-watch/gen_00115.txt,2026-09-18 12:57:20.810131+00,2026-09-18 13:01:31.956471+00
b4237666-64ab-4b8d-9ab2-bc18445089d3,/srv/fim-watch/gen_00033.txt,2026-09-18 12:57:20.910335+00,2026-09-18 13:01:31.968121+00
7fbad159-0998-4b78-9fbb-ec32e4ea37ec,/srv/fim-watch/gen_00088.txt,2026-09-18 12:57:21.010385+00,2026-09-18 13:01:31.981384+00
95b64e5f-071e-48ef-99fd-059e5d2a739a,/srv/fim-watch/gen_00116.txt,2026-09-18 12:57:21.110122+00,2026-09-18 13:01:31.990469+00
22c91426-4b97-46fc-9f8b-c965738df790,/srv/fim-watch/gen_00106.txt,2026-09-18 12:57:21.210481+00,2026-09-18 13:01:32.006307+00
5b5bacda-d183-4e03-8221-582363342d8d,/srv/fim-watch/gen_00016.txt,2026-09-18 12:57:21.310475+00,2026-09-18 13:01:32.018679+00
0a54104d-b739-4f99-8481-592bc548d139,/srv/fim-watch/gen_00117.txt,2026-09-18 12:57:21.410173+00,2026-09-18 13:01:32.032164+00
27d36520-ba68-4fe2-8abb-17a72018d25c,/srv/fim-watch/gen_00067.txt,2026-09-18 12:57:21.510326+00,2026-09-18 13:01:32.046998+00
b68ce3e2-7932-485d-8e1f-e5bf04b8ea8d,/srv/fim-watch/critico/gen_00094.txt,2026-09-18 12:57:21.610238+00,2026-09-18 13:01:32.058522+00
2486f7b5-ea84-4963-b2be-7e050a441046,/srv/fim-watch/gen_00028.txt,2026-09-18 12:57:21.710395+00,2026-09-18 13:01:32.072426+00
71b48ba6-f0b3-4002-ae31-9bf29f7edd70,/srv/fim-watch/gen_00050.txt,2026-09-18 12:57:21.81046+00,2026-09-18 13:01:32.089942+00
81f0bbb8-721a-4567-ab06-700ce37415b4,/srv/fim-watch/critico/gen_00069.txt,2026-09-18 12:57:21.910716+00,2026-09-18 13:01:32.102851+00
f1e0fc6d-b308-4e7b-96c8-7b984e66b47a,/srv/fim-watch/gen_00118.txt,2026-09-18 12:57:22.010258+00,2026-09-18 13:01:32.11861+00
bed67ea8-da64-4b66-9ce5-5dd20530fefe,/srv/fim-watch/gen_00118.txt,2026-09-18 12:57:22.110359+00,2026-09-18 13:01:32.135108+00
1b17e879-603a-480e-a37a-d6e7d9f9c3fa,/srv/fim-watch/gen_00044.txt,2026-09-18 12:57:22.210536+00,2026-09-18 13:01:32.151686+00
f0144f3c-4ba3-4388-995a-826b29f1f417,/srv/fim-watch/gen_00044.txt,2026-09-18 12:57:22.310416+00,2026-09-18 13:01:32.163589+00
46e91019-56b2-4e48-99cd-4b0cf882c4e0,/srv/fim-watch/gen_00044.txt,2026-09-18 12:57:22.410527+00,2026-09-18 13:01:32.177942+00
f1bada64-b5de-4844-94f6-3f6ce0ba1cc9,/srv/fim-watch/gen_00044.txt,2026-09-18 12:57:22.510639+00,2026-09-18 13:01:32.186996+00
9b8d596d-6a6b-4c5a-9ebf-235ceae19b01,/srv/fim-watch/gen_00044.txt,2026-09-18 12:57:22.610627+00,2026-09-18 13:01:32.200068+00
24ef6dec-0e87-4faf-b246-33d3a74450bf,/srv/fim-watch/gen_00116.txt,2026-09-18 12:57:22.71041+00,2026-09-18 13:01:32.211143+00
3c2af6ff-cd87-4704-a94d-6fdb994a53a5,/srv/fim-watch/gen_00119.txt,2026-09-18 12:57:22.810561+00,2026-09-18 13:01:32.221721+00
d549f5f3-adc3-4cf0-8c44-90dec1f078bf,/srv/fim-watch/gen_00042.txt,2026-09-18 12:57:22.910408+00,2026-09-18 13:01:32.232764+00
ab096522-26ef-4beb-aa28-e0aa1423f422,/srv/fim-watch/gen_00120.txt,2026-09-18 12:57:23.010317+00,2026-09-18 13:01:32.24565+00
b79515cc-4555-4660-9514-611d8b60da77,/srv/fim-watch/gen_00121.txt,2026-09-18 12:57:23.110191+00,2026-09-18 13:01:32.259593+00
6ff68879-2c1a-4a69-accc-bb510240d605,/srv/fim-watch/gen_00058.txt,2026-09-18 12:57:23.21047+00,2026-09-18 13:01:32.273087+00
def9259f-6b77-4a61-86f3-30b98dc06481,/srv/fim-watch/gen_00122.txt,2026-09-18 12:57:23.310163+00,2026-09-18 13:01:32.288889+00
aa72f153-533c-401f-a3d1-01ca0473b2bd,/srv/fim-watch/gen_00102.txt,2026-09-18 12:57:23.510504+00,2026-09-18 13:01:32.300829+00
f59f8ded-94f9-46f0-ae9d-64176537518a,/srv/fim-watch/gen_00090.txt,2026-09-18 12:57:23.610577+00,2026-09-18 13:01:32.314744+00
08eb5a20-7694-4865-a277-89030992da5d,/srv/fim-watch/gen_00090.txt,2026-09-18 12:57:23.710619+00,2026-09-18 13:01:32.328526+00
e6850c58-6f1b-40fe-86d5-4a0e5e188772,/srv/fim-watch/gen_00098.txt,2026-09-18 12:57:23.810322+00,2026-09-18 13:01:32.347476+00
18ecdd68-b003-4b07-b41d-317e7757270a,/srv/fim-watch/gen_00068.txt,2026-09-18 12:57:23.910521+00,2026-09-18 13:01:32.360003+00
e6b070da-5190-4eb5-80e8-6c9d9f05ee23,/srv/fim-watch/critico/gen_00047.txt,2026-09-18 12:57:24.010331+00,2026-09-18 13:01:32.385884+00
fea31664-6302-4309-9c9c-0756eff4412f,/srv/fim-watch/critico/gen_00061.txt,2026-09-18 12:57:24.109642+00,2026-09-18 13:01:32.403987+00
5169e266-ff37-4436-a26e-c26ef7f62ae4,/srv/fim-watch/critico/gen_00069.txt,2026-09-18 12:57:24.2103+00,2026-09-18 13:01:32.414771+00
c0bcbb75-eba2-4a26-b09d-4aa6a46089d3,/srv/fim-watch/gen_00124.txt,2026-09-18 12:57:24.310148+00,2026-09-18 13:01:32.427943+00
87611a29-ade9-4663-93dc-e977c19461f2,/srv/fim-watch/gen_00097.txt,2026-09-18 12:57:24.410102+00,2026-09-18 13:01:32.441049+00
97b6065c-e28d-4e00-a077-2539574f84a5,/srv/fim-watch/gen_00033.txt,2026-09-18 12:57:24.51041+00,2026-09-18 13:01:32.451073+00
d5b532d0-d082-41e6-8ec3-45bbf943218a,/srv/fim-watch/gen_00076.txt,2026-09-18 12:57:24.610466+00,2026-09-18 13:01:32.464392+00
e103fc8c-b52d-49ed-a39c-d40303047e7f,/srv/fim-watch/gen_00100.txt,2026-09-18 12:57:24.710646+00,2026-09-18 13:01:32.474426+00
cdcf49de-6378-4238-a50f-201e1c8787a2,/srv/fim-watch/critico/gen_00053.txt,2026-09-18 12:57:24.810332+00,2026-09-18 13:01:32.486832+00
bdff6b76-f1b6-4714-9782-3d534314236f,/srv/fim-watch/gen_00093.txt,2026-09-18 12:57:24.910084+00,2026-09-18 13:01:32.500095+00
4ce7a1bc-7869-411b-bd3e-00144918aec8,/srv/fim-watch/gen_00125.txt,2026-09-18 12:57:25.010689+00,2026-09-18 13:01:32.509573+00
3e7dd2d5-e815-41c3-a6e7-ab5881aef044,/srv/fim-watch/gen_00104.txt,2026-09-18 12:57:25.11032+00,2026-09-18 13:01:32.52029+00
62d18278-6dc0-4784-bdc7-751bba5481f3,/srv/fim-watch/gen_00115.txt,2026-09-18 12:57:25.210349+00,2026-09-18 13:01:32.530535+00
afdd6c70-3e53-4376-90ec-a17289545c1b,/srv/fim-watch/gen_00126.txt,2026-09-18 12:57:25.310444+00,2026-09-18 13:01:32.541127+00
10dd3dca-1113-4ed1-a066-759c620fd021,/srv/fim-watch/gen_00114.txt,2026-09-18 12:57:25.410272+00,2026-09-18 13:01:32.55081+00
8c9ef183-2318-4f41-a237-778a945de70e,/srv/fim-watch/gen_00122.txt,2026-09-18 12:57:25.510609+00,2026-09-18 13:01:32.562459+00
4f112ae6-3806-4414-8c81-6c3723bd9951,/srv/fim-watch/gen_00127.txt,2026-09-18 12:57:25.610213+00,2026-09-18 13:01:32.574797+00
225d2ba3-540c-4a69-99e4-abf3cee838a0,/srv/fim-watch/gen_00128.txt,2026-09-18 12:57:25.710556+00,2026-09-18 13:01:32.586647+00
e533e1c2-7c26-4968-8f0e-fc56d4056f93,/srv/fim-watch/gen_00098.txt,2026-09-18 12:57:25.810384+00,2026-09-18 13:01:32.59898+00
59790bc1-2d06-43ab-8ea7-7f17445a93be,/srv/fim-watch/critico/gen_00110.txt,2026-09-18 12:57:25.910514+00,2026-09-18 13:01:32.611538+00
b553d3d2-3f0c-41ad-8140-bcc47bc61aab,/srv/fim-watch/critico/gen_00110.txt,2026-09-18 12:57:26.010504+00,2026-09-18 13:01:32.621262+00
eda63b35-b1ed-4d8e-a7fd-93c091ff925c,/srv/fim-watch/gen_00090.txt,2026-09-18 12:57:26.110157+00,2026-09-18 13:01:32.631639+00
cc143901-7a53-4699-95af-6e31f94964b4,/srv/fim-watch/gen_00116.txt,2026-09-18 12:57:26.210415+00,2026-09-18 13:01:32.641951+00
c1397d7e-25a1-4d54-a79a-ce5febad47dc,/srv/fim-watch/gen_00125.txt,2026-09-18 12:57:26.310464+00,2026-09-18 13:01:32.652657+00
89c198a6-669c-45d5-b554-3bb8a69c49fa,/srv/fim-watch/gen_00129.txt,2026-09-18 12:57:26.410229+00,2026-09-18 13:01:32.66732+00
309c592d-0f05-4041-b9aa-43c42b24db25,/srv/fim-watch/gen_00131.txt,2026-09-18 12:57:26.610705+00,2026-09-18 13:01:32.679541+00
e28364ba-f8ae-4271-ae38-cd29f2be3c1d,/srv/fim-watch/gen_00100.txt,2026-09-18 12:57:26.710975+00,2026-09-18 13:01:32.691151+00
59bd3cb0-a758-4f6c-a577-d09036dd5719,/srv/fim-watch/gen_00054.txt,2026-09-18 12:57:26.810247+00,2026-09-18 13:01:32.704588+00
c423cece-67a2-42ad-b5b3-05bd248ee0b0,/srv/fim-watch/gen_00132.txt,2026-09-18 12:57:26.909957+00,2026-09-18 13:01:32.718834+00
77342ca9-debf-4ce2-91c4-eeea4819cf0b,/srv/fim-watch/gen_00129.txt,2026-09-18 12:57:27.010443+00,2026-09-18 13:01:32.732115+00
c577b3d2-52d9-4d1a-b4db-0130d610c8d3,/srv/fim-watch/gen_00099.txt,2026-09-18 12:57:27.110233+00,2026-09-18 13:01:32.743627+00
291ae480-49ad-4203-b70b-993676a4d1c4,/srv/fim-watch/gen_00099.txt,2026-09-18 12:57:27.210495+00,2026-09-18 13:01:32.756247+00
f85eef29-e3d6-4ed4-8091-0ead05134281,/srv/fim-watch/critico/gen_00061.txt,2026-09-18 12:57:27.310317+00,2026-09-18 13:01:32.767048+00
523cde3b-b035-4a82-9f78-c2252eb6dc5d,/srv/fim-watch/gen_00104.txt,2026-09-18 12:57:27.410425+00,2026-09-18 13:01:32.777806+00
49a9c567-660d-4173-b0d2-565c07bf2e32,/srv/fim-watch/critico/gen_00110.txt,2026-09-18 12:57:27.510511+00,2026-09-18 13:01:32.789455+00
c21707d0-ae1b-4fda-b2d9-bfce2a082fba,/srv/fim-watch/critico/gen_00110.txt,2026-09-18 12:57:27.610425+00,2026-09-18 13:01:32.800577+00
687118a2-6343-477c-9d9b-c79fd11b3fdb,/srv/fim-watch/gen_00079.txt,2026-09-18 12:57:27.710381+00,2026-09-18 13:01:32.812346+00
a6a264bc-18a2-4e82-a336-9b58f79a11e4,/srv/fim-watch/gen_00109.txt,2026-09-18 12:57:27.810366+00,2026-09-18 13:01:32.825396+00
48c3f86b-6138-4736-8ae1-018f837b50e3,/srv/fim-watch/gen_00119.txt,2026-09-18 12:57:27.909909+00,2026-09-18 13:01:32.835917+00
eec78ecb-382b-46e6-b9da-0306b6e298a7,/srv/fim-watch/gen_00042.txt,2026-09-18 12:57:28.01044+00,2026-09-18 13:01:32.847512+00
bb0483e6-571a-46e4-9e89-5ae23899a2f8,/srv/fim-watch/gen_00093.txt,2026-09-18 12:57:28.110437+00,2026-09-18 13:01:32.859474+00
e6761e0e-f317-4e36-a3a3-80aeae6f021e,/srv/fim-watch/critico/gen_00069.txt,2026-09-18 12:57:28.210377+00,2026-09-18 13:01:32.870012+00
21ef2b83-12b4-48c0-91f1-8b85136efc6d,/srv/fim-watch/gen_00133.txt,2026-09-18 12:57:28.310392+00,2026-09-18 13:01:32.882347+00
066a0e6b-15e5-4847-a5e6-718ec0becd4f,/srv/fim-watch/gen_00133.txt,2026-09-18 12:57:28.410451+00,2026-09-18 13:01:32.894246+00
fc288ea8-2326-4147-a0aa-e38e86dbf3fc,/srv/fim-watch/gen_00079.txt,2026-09-18 12:57:28.51045+00,2026-09-18 13:01:32.905058+00
22abf980-7d3e-4c11-840a-067641a2e41a,/srv/fim-watch/gen_00116.txt,2026-09-18 12:57:28.610212+00,2026-09-18 13:01:32.916019+00
46e74dee-e462-4374-b977-7bb90b39ee32,/srv/fim-watch/gen_00068.txt,2026-09-18 12:57:28.710399+00,2026-09-18 13:01:32.926876+00
9e1863d2-9ea9-4503-b5b5-371851d0aa4a,/srv/fim-watch/gen_00088.txt,2026-09-18 12:57:28.81035+00,2026-09-18 13:01:32.938602+00
c52473cc-25ce-4002-9a10-2b4c74ffdc6e,/srv/fim-watch/gen_00088.txt,2026-09-18 12:57:28.909961+00,2026-09-18 13:01:32.951812+00
80f986af-0a88-4899-9dce-e75c1a340d12,/srv/fim-watch/gen_00088.txt,2026-09-18 12:57:29.010133+00,2026-09-18 13:01:32.962716+00
4a5ba698-6069-481e-b40c-70dfd58c8be4,/srv/fim-watch/gen_00088.txt,2026-09-18 12:57:29.110221+00,2026-09-18 13:01:32.974565+00
a73bf824-cfbe-42db-8b4d-cb9291c86923,/srv/fim-watch/gen_00088.txt,2026-09-18 12:57:29.210099+00,2026-09-18 13:01:32.987487+00
eaec838c-4c3e-40a3-bc2a-3e26d93ebb25,/srv/fim-watch/gen_00134.txt,2026-09-18 12:57:29.309949+00,2026-09-18 13:01:32.997432+00
eb93a95e-1f08-4cad-a1d9-9045d80b0f0d,/srv/fim-watch/gen_00100.txt,2026-09-18 12:57:29.410297+00,2026-09-18 13:01:33.018091+00
f43a2328-95ca-4619-8842-d6fe1c18652a,/srv/fim-watch/gen_00044.txt,2026-09-18 12:57:29.510581+00,2026-09-18 13:01:33.028893+00
f1c631ea-d3e4-4bc6-b2a9-f3efca4e6965,/srv/fim-watch/gen_00135.txt,2026-09-18 12:57:29.610426+00,2026-09-18 13:01:33.041758+00
2c1801b0-ee15-4263-a5bf-99ef88f65b18,/srv/fim-watch/gen_00060.txt,2026-09-18 12:57:29.71039+00,2026-09-18 13:01:33.057982+00
9be7ca17-5e64-4299-9baf-542d673a91d0,/srv/fim-watch/gen_00121.txt,2026-09-18 12:57:29.810523+00,2026-09-18 13:01:33.070212+00
c9a77e7d-a9b4-4c38-a645-67f425c005f4,/srv/fim-watch/gen_00121.txt,2026-09-18 12:57:29.912907+00,2026-09-18 13:01:33.090468+00
21387462-8c8d-4929-a27d-aeb626240c05,/srv/fim-watch/gen_00121.txt,2026-09-18 12:57:30.009493+00,2026-09-18 13:01:33.107754+00
e4c61187-9fc2-4e53-bf5b-efa3f8a2896f,/srv/fim-watch/gen_00121.txt,2026-09-18 12:57:30.109742+00,2026-09-18 13:01:33.128766+00
374cb13e-e650-4b01-879c-b569c7e7058d,/srv/fim-watch/gen_00121.txt,2026-09-18 12:57:30.210294+00,2026-09-18 13:01:33.144853+00
fecd32b6-c9f4-4b6a-a469-3391dae49ed9,/srv/fim-watch/gen_00084.txt,2026-09-18 12:57:30.310372+00,2026-09-18 13:01:33.162622+00
228497af-6b10-4727-a976-fe8479691af6,/srv/fim-watch/gen_00084.txt,2026-09-18 12:57:30.410403+00,2026-09-18 13:01:33.178241+00
d3d59258-3273-40be-bf5f-5068d351a43e,/srv/fim-watch/gen_00100.txt,2026-09-18 12:57:30.610702+00,2026-09-18 13:01:33.195354+00
3449545b-93ac-4b9a-b6c2-41ed083e60a8,/srv/fim-watch/gen_00060.txt,2026-09-18 12:57:30.710642+00,2026-09-18 13:01:33.21663+00
52e5c9bf-5450-4f2a-85c0-df578fcbb61e,/srv/fim-watch/gen_00060.txt,2026-09-18 12:57:30.810749+00,2026-09-18 13:01:33.239141+00
f5ab5874-3fc7-4aba-8a94-f1e0b08af8a8,/srv/fim-watch/gen_00067.txt,2026-09-18 12:57:30.912461+00,2026-09-18 13:01:33.258385+00
e20bb20a-b927-4297-a54c-a6c95dacf3f8,/srv/fim-watch/gen_00042.txt,2026-09-18 12:57:31.010253+00,2026-09-18 13:01:33.277485+00
03178d76-998d-4020-8e96-97e2154bfa4c,/srv/fim-watch/gen_00137.txt,2026-09-18 12:57:31.110495+00,2026-09-18 13:01:33.293534+00
f6631e98-95ec-42cb-98bd-0dba85b15a27,/srv/fim-watch/gen_00137.txt,2026-09-18 12:57:31.210306+00,2026-09-18 13:01:33.309953+00
e112905b-cb0e-4225-a849-da136d2a9af3,/srv/fim-watch/critico/gen_00061.txt,2026-09-18 12:57:31.310276+00,2026-09-18 13:01:33.32141+00
bd8f6887-a818-4f0b-b877-3b252f48501b,/srv/fim-watch/gen_00121.txt,2026-09-18 12:57:31.410529+00,2026-09-18 13:01:33.337935+00
1295ca65-788d-4c4c-9982-2435dbd3a802,/srv/fim-watch/gen_00085.txt,2026-09-18 12:57:31.510485+00,2026-09-18 13:01:33.350698+00
93f713ac-7dac-4d1f-8003-70265baf6b6a,/srv/fim-watch/gen_00085.txt,2026-09-18 12:57:31.610366+00,2026-09-18 13:01:33.366992+00
a17a56d3-a88f-443c-91a8-6ce08b2d24c9,/srv/fim-watch/gen_00116.txt,2026-09-18 12:57:31.71057+00,2026-09-18 13:01:33.385795+00
480c1fab-048d-4523-beec-70139da5764d,/srv/fim-watch/gen_00136.txt,2026-09-18 12:57:31.81048+00,2026-09-18 13:01:33.403699+00
553c8091-682c-40fc-aed0-c6ead3773e82,/srv/fim-watch/gen_00029.txt,2026-09-18 12:57:31.910402+00,2026-09-18 13:01:33.421852+00
33a728d1-3ccc-4f2d-9d48-32febcae0441,/srv/fim-watch/critico/gen_00123.txt,2026-09-18 12:57:32.010191+00,2026-09-18 13:01:33.440103+00
0d47a16d-e735-4443-bfe6-535857665fc6,/srv/fim-watch/gen_00062.txt,2026-09-18 12:57:32.110202+00,2026-09-18 13:01:33.455405+00
7e85a5a8-27a9-48d0-b92b-0a01e658a1fb,/srv/fim-watch/gen_00065.txt,2026-09-18 12:57:32.210643+00,2026-09-18 13:01:33.475308+00
4e9c05d3-2660-490e-8c46-c05c1349d713,/srv/fim-watch/gen_00106.txt,2026-09-18 12:57:32.310325+00,2026-09-18 13:01:33.492664+00
2b222e27-e477-4e5f-86c5-6cb3f0ad1ba5,/srv/fim-watch/critico/gen_00138.txt,2026-09-18 12:57:32.410135+00,2026-09-18 13:01:33.512753+00
e355657f-e413-4ddf-a9bb-d8cd6d1f0d68,/srv/fim-watch/critico/gen_00138.txt,2026-09-18 12:57:32.510177+00,2026-09-18 13:01:33.524852+00
86e5cf87-a291-437d-a67a-e06c8ac42377,/srv/fim-watch/gen_00054.txt,2026-09-18 12:57:32.610298+00,2026-09-18 13:01:33.538562+00
e3fd8e5c-2cec-4536-8071-3db9af370e95,/srv/fim-watch/gen_00072.txt,2026-09-18 12:57:32.810389+00,2026-09-18 13:01:33.554477+00
4be9ba61-7e03-4a21-acbe-3de50bbf7341,/srv/fim-watch/gen_00116.txt,2026-09-18 12:57:32.910455+00,2026-09-18 13:01:33.575154+00
40c257cf-fe54-4222-81d4-4815baab0d9d,/srv/fim-watch/gen_00116.txt,2026-09-18 12:57:33.010161+00,2026-09-18 13:01:33.595512+00
92dc41d6-3f96-4605-a654-ed294e1172c2,/srv/fim-watch/gen_00116.txt,2026-09-18 12:57:33.109983+00,2026-09-18 13:01:33.61449+00
20210217-64e5-49fa-879c-f8ac099c0214,/srv/fim-watch/gen_00116.txt,2026-09-18 12:57:33.209983+00,2026-09-18 13:01:33.635562+00
5e4a3f9d-b3e5-42b5-a892-484134d6688a,/srv/fim-watch/gen_00116.txt,2026-09-18 12:57:33.310049+00,2026-09-18 13:01:33.656826+00
984b14f8-805c-4905-a09c-313403e756bd,/srv/fim-watch/gen_00078.txt,2026-09-18 12:57:33.410172+00,2026-09-18 13:01:33.679755+00
7bbde369-4b40-465e-9796-897159380040,/srv/fim-watch/gen_00140.txt,2026-09-18 12:57:33.510302+00,2026-09-18 13:01:33.700404+00
6913d425-90dc-40c7-ad2f-c762807d9394,/srv/fim-watch/gen_00086.txt,2026-09-18 12:57:33.60993+00,2026-09-18 13:01:33.723812+00
74ed68e9-38fa-4b66-b780-765cd51ef6c3,/srv/fim-watch/gen_00086.txt,2026-09-18 12:57:33.710197+00,2026-09-18 13:01:33.738633+00
4f9bfa6b-511a-4392-829a-545dd110c14b,/srv/fim-watch/gen_00086.txt,2026-09-18 12:57:33.809923+00,2026-09-18 13:01:33.757712+00
45af3fc2-61be-45c6-aac7-5f4559af52f2,/srv/fim-watch/gen_00086.txt,2026-09-18 12:57:33.91003+00,2026-09-18 13:01:33.768498+00
84abae61-80db-463d-a541-205b24ec0293,/srv/fim-watch/gen_00086.txt,2026-09-18 12:57:34.009847+00,2026-09-18 13:01:33.78166+00
757c4c4f-5fa8-411f-9737-5b66097aea00,/srv/fim-watch/critico/gen_00141.txt,2026-09-18 12:57:34.109705+00,2026-09-18 13:01:33.795314+00
fd033f6a-6859-401c-b091-7a56d12d797a,/srv/fim-watch/gen_00088.txt,2026-09-18 12:57:34.210093+00,2026-09-18 13:01:33.805978+00
7776ad45-e9c3-4edf-b17c-874235d256a2,/srv/fim-watch/gen_00140.txt,2026-09-18 12:57:34.309683+00,2026-09-18 13:01:33.820777+00
3779528a-b354-4156-a635-bb244f8b601c,/srv/fim-watch/gen_00073.txt,2026-09-18 12:57:34.409761+00,2026-09-18 13:01:33.834011+00
d67b4a76-e933-4456-82a4-c4235b36e250,/srv/fim-watch/gen_00135.txt,2026-09-18 12:57:34.510016+00,2026-09-18 13:01:33.84693+00
0ade6fd1-d5a1-45dd-9b70-1276e32271cd,/srv/fim-watch/gen_00102.txt,2026-09-18 12:57:34.609752+00,2026-09-18 13:01:33.86539+00
69fd0647-256b-4280-a37b-e13af9ac516b,/srv/fim-watch/gen_00050.txt,2026-09-18 12:57:34.710283+00,2026-09-18 13:01:33.876618+00
003fc108-534a-4e1c-ae58-ce54958054e2,/srv/fim-watch/gen_00117.txt,2026-09-18 12:57:34.810304+00,2026-09-18 13:01:33.887472+00
f8f6f315-c547-47ab-9785-45499be0c125,/srv/fim-watch/gen_00142.txt,2026-09-18 12:57:34.910204+00,2026-09-18 13:01:33.905086+00
30d6c671-68f5-4091-bbbb-60e53a5c05f2,/srv/fim-watch/gen_00131.txt,2026-09-18 12:57:35.012757+00,2026-09-18 13:01:33.917645+00
4af266b1-8038-4292-aec7-8cae944898cb,/srv/fim-watch/gen_00089.txt,2026-09-18 12:57:35.110263+00,2026-09-18 13:01:33.930959+00
4fb0f240-bb75-4a45-89b3-e0c034bfb20a,/srv/fim-watch/gen_00128.txt,2026-09-18 12:57:35.210287+00,2026-09-18 13:01:33.943139+00
79f1776f-2293-47d4-9566-6febb4adf1d5,/srv/fim-watch/critico/gen_00061.txt,2026-09-18 12:57:35.310604+00,2026-09-18 13:01:33.956468+00
447bc10d-d52e-4906-9829-3f735c82b1bf,/srv/fim-watch/critico/gen_00061.txt,2026-09-18 12:57:35.410406+00,2026-09-18 13:01:33.972243+00
05c018bc-ca1e-4017-b828-37e196fd0471,/srv/fim-watch/gen_00086.txt,2026-09-18 12:57:35.510317+00,2026-09-18 13:01:33.981732+00
c79c42f7-ca6a-434b-acc9-84ea8c2bac9f,/srv/fim-watch/gen_00143.txt,2026-09-18 12:57:35.609677+00,2026-09-18 13:01:33.997321+00
06ecb393-a77e-4cc5-a70e-aa7369c7237d,/srv/fim-watch/gen_00143.txt,2026-09-18 12:57:35.710404+00,2026-09-18 13:01:34.014476+00
f942e062-0e4b-492c-b2f4-3c2c85922a90,/srv/fim-watch/gen_00054.txt,2026-09-18 12:57:35.810656+00,2026-09-18 13:01:34.024849+00
42f4597c-33a3-4428-ab36-92348b766ef5,/srv/fim-watch/gen_00054.txt,2026-09-18 12:57:35.910474+00,2026-09-18 13:01:34.037864+00
e50dff01-5eca-40d3-8d6e-5c56141de2e6,/srv/fim-watch/gen_00054.txt,2026-09-18 12:57:36.010482+00,2026-09-18 13:01:34.058506+00
e923cb90-9785-4251-8ff5-ef31dc308c89,/srv/fim-watch/gen_00054.txt,2026-09-18 12:57:36.110272+00,2026-09-18 13:01:34.079541+00
b4482944-2989-4b27-9071-4ceb3e704c12,/srv/fim-watch/gen_00054.txt,2026-09-18 12:57:36.210479+00,2026-09-18 13:01:34.099104+00
c2db56a3-910a-48f0-bab0-24690f6d4e98,/srv/fim-watch/gen_00117.txt,2026-09-18 12:57:36.310414+00,2026-09-18 13:01:34.120858+00
f74d41d7-60df-4adb-9a43-21ed29e23746,/srv/fim-watch/gen_00117.txt,2026-09-18 12:57:36.410163+00,2026-09-18 13:01:34.143903+00
36caf46a-97a8-4005-8021-a65beda2ecd2,/srv/fim-watch/critico/gen_00144.txt,2026-09-18 12:57:36.510028+00,2026-09-18 13:01:34.165711+00
857784fe-ed1e-4c86-8659-aaacacf6d856,/srv/fim-watch/gen_00054.txt,2026-09-18 12:57:36.610348+00,2026-09-18 13:01:34.18163+00
c065763f-76f9-4361-b6c1-02c635d84171,/srv/fim-watch/gen_00145.txt,2026-09-18 12:57:36.710052+00,2026-09-18 13:01:34.200664+00
b82a1797-521e-4e39-be9b-e058a6d7a264,/srv/fim-watch/gen_00105.txt,2026-09-18 12:57:36.810145+00,2026-09-18 13:01:34.21901+00
aee024df-d62f-4927-95c8-ccec8c6c8858,/srv/fim-watch/gen_00016.txt,2026-09-18 12:57:36.910162+00,2026-09-18 13:01:34.241721+00
7f02e2d0-7359-46e6-b2f3-44c0726fa36e,/srv/fim-watch/gen_00016.txt,2026-09-18 12:57:37.010507+00,2026-09-18 13:01:34.258962+00
168e149f-6bee-4aa6-9c88-3e27c6d592ea,/srv/fim-watch/critico/gen_00144.txt,2026-09-18 12:57:37.110119+00,2026-09-18 13:01:34.279772+00
21551b5f-57ea-430f-9c8d-035c906d537b,/srv/fim-watch/gen_00146.txt,2026-09-18 12:57:37.210325+00,2026-09-18 13:01:34.298724+00
145e8ac1-8703-4058-be3b-d24488dddab3,/srv/fim-watch/gen_00098.txt,2026-09-18 12:57:37.310197+00,2026-09-18 13:01:34.31906+00
b772db7a-0099-46e1-ad89-ba93e7db8f1a,/srv/fim-watch/gen_00098.txt,2026-09-18 12:57:37.41021+00,2026-09-18 13:01:34.337707+00
342bb100-e5c1-4003-96f8-0f6d3797c3f8,/srv/fim-watch/gen_00128.txt,2026-09-18 12:57:37.510049+00,2026-09-18 13:01:34.356014+00
965651fc-b431-467d-88d3-5b97ad72a754,/srv/fim-watch/gen_00074.txt,2026-09-18 12:57:37.61043+00,2026-09-18 13:01:34.378577+00
ec45d119-3c51-4433-aa6b-30613fc86607,/srv/fim-watch/gen_00073.txt,2026-09-18 12:57:37.710446+00,2026-09-18 13:01:34.40152+00
44ef25b0-2cb9-43be-98e6-ac8b769bde58,/srv/fim-watch/gen_00135.txt,2026-09-18 12:57:37.810149+00,2026-09-18 13:01:34.420711+00
779995be-0c93-43bd-8897-bac7c4201bab,/srv/fim-watch/gen_00100.txt,2026-09-18 12:57:37.910189+00,2026-09-18 13:01:34.435903+00
091396f2-549f-4ef0-9b9b-ee3c4e00ebe6,/srv/fim-watch/gen_00115.txt,2026-09-18 12:57:38.010251+00,2026-09-18 13:01:34.455446+00
e36ce3e8-55d5-4189-843a-5c1ad867bccb,/srv/fim-watch/gen_00147.txt,2026-09-18 12:57:38.109763+00,2026-09-18 13:01:34.474791+00
a0c4b24b-b336-4ff2-8a5b-524f9d307886,/srv/fim-watch/critico/gen_00091.txt,2026-09-18 12:57:38.210137+00,2026-09-18 13:01:34.499001+00
e24d6c54-5804-4b60-a735-41caf99eab15,/srv/fim-watch/gen_00062.txt,2026-09-18 12:57:38.310129+00,2026-09-18 13:01:34.517157+00
0590362c-8868-44dc-b8cd-a689b2efc2e7,/srv/fim-watch/gen_00132.txt,2026-09-18 12:57:38.41013+00,2026-09-18 13:01:34.54202+00
b2754f09-285f-47fc-b50c-0481747c88d1,/srv/fim-watch/gen_00048.txt,2026-09-18 12:57:38.510232+00,2026-09-18 13:01:34.558704+00
9fbb66ec-fb56-42f0-8cc8-4de084605569,/srv/fim-watch/gen_00136.txt,2026-09-18 12:57:38.610073+00,2026-09-18 13:01:34.576095+00
8c8960f6-3307-4698-87cd-56f8cc95d251,/srv/fim-watch/gen_00109.txt,2026-09-18 12:57:38.710022+00,2026-09-18 13:01:34.594721+00
07aee24e-151f-4a6c-9916-a07dd447fc86,/srv/fim-watch/gen_00085.txt,2026-09-18 12:57:38.810091+00,2026-09-18 13:01:34.613125+00
56839473-d550-4ff3-9976-06359131358a,/srv/fim-watch/gen_00085.txt,2026-09-18 12:57:38.910003+00,2026-09-18 13:01:34.634026+00
a42e441a-f665-49b7-9c39-851d3606bb27,/srv/fim-watch/critico/gen_00130.txt,2026-09-18 12:57:39.010063+00,2026-09-18 13:01:34.655875+00
61d597b5-9762-4a9c-886e-e2ecc4c6a3db,/srv/fim-watch/gen_00006.txt,2026-09-18 12:57:39.11018+00,2026-09-18 13:01:34.674053+00
b46f7d63-0231-4e1d-ba8a-30d7ce128fe8,/srv/fim-watch/gen_00148.txt,2026-09-18 12:57:39.209566+00,2026-09-18 13:01:34.696883+00
2f675253-2c1e-40fc-8984-e99598348af5,/srv/fim-watch/gen_00116.txt,2026-09-18 12:57:39.309566+00,2026-09-18 13:01:34.718174+00
cc95bea3-724e-4ec6-92bb-17bfdddd590d,/srv/fim-watch/gen_00148.txt,2026-09-18 12:57:39.409971+00,2026-09-18 13:01:34.739789+00
40a1ade5-f689-4b66-8af4-ce5450917536,/srv/fim-watch/gen_00148.txt,2026-09-18 12:57:39.509942+00,2026-09-18 13:01:34.754695+00
885225a5-c4ed-4fe9-a017-a17a5d576193,/srv/fim-watch/gen_00148.txt,2026-09-18 12:57:39.610286+00,2026-09-18 13:01:34.77474+00
e9b16ba2-8674-41e9-b729-be8401896d9b,/srv/fim-watch/gen_00148.txt,2026-09-18 12:57:39.709807+00,2026-09-18 13:01:34.790919+00
fc499a03-3bd8-4c22-90e3-e69c7cd40316,/srv/fim-watch/gen_00148.txt,2026-09-18 12:57:39.80982+00,2026-09-18 13:01:34.802575+00
9d88621d-62ef-4717-a63f-5ffcdaa61377,/srv/fim-watch/gen_00064.txt,2026-09-18 12:57:39.909779+00,2026-09-18 13:01:34.816332+00
081aa52e-9bd8-4449-ba9d-38828348a143,/srv/fim-watch/gen_00064.txt,2026-09-18 12:57:40.009666+00,2026-09-18 13:01:34.831994+00
f163a7c0-d20b-46d5-abaa-c837214db39f,/srv/fim-watch/gen_00085.txt,2026-09-18 12:57:40.109945+00,2026-09-18 13:01:34.850504+00
1841c555-5608-416c-9efb-9ae441c9a2fb,/srv/fim-watch/critico/gen_00144.txt,2026-09-18 12:57:40.309836+00,2026-09-18 13:01:34.867257+00
9f552f1a-94e5-41e0-bcf9-2d045da46f15,/srv/fim-watch/gen_00103.txt,2026-09-18 12:57:40.410464+00,2026-09-18 13:01:34.882083+00
858d2aab-6f45-46f3-a983-9a12f4305d19,/srv/fim-watch/gen_00106.txt,2026-09-18 12:57:40.510432+00,2026-09-18 13:01:34.900248+00
e5809646-4ade-45dc-b055-ce53ff88ae65,/srv/fim-watch/gen_00131.txt,2026-09-18 12:57:40.610456+00,2026-09-18 13:01:34.913201+00
eb347506-cc62-47ad-aab4-df02e528dcdc,/srv/fim-watch/gen_00096.txt,2026-09-18 12:57:40.710452+00,2026-09-18 13:01:34.932863+00
8af8f575-2173-4322-9d8a-f9d9800aeabc,/srv/fim-watch/critico/gen_00150.txt,2026-09-18 12:57:40.810327+00,2026-09-18 13:01:34.952674+00
055672cb-8834-4d54-a72c-110f063da799,/srv/fim-watch/gen_00151.txt,2026-09-18 12:57:40.910133+00,2026-09-18 13:01:34.969889+00
2de37b0c-2812-4c90-a28b-f9bae79b718a,/srv/fim-watch/gen_00084.txt,2026-09-18 12:57:41.110059+00,2026-09-18 13:01:34.986951+00
b94f8abc-a9a1-4019-a5a2-a22fd72ff946,/srv/fim-watch/gen_00127.txt,2026-09-18 12:57:41.310203+00,2026-09-18 13:01:35.00533+00
8c48c222-0308-4a5b-b42d-2694a50fc7f5,/srv/fim-watch/gen_00154.txt,2026-09-18 12:57:41.410334+00,2026-09-18 13:01:35.024677+00
fd8633ca-304e-482d-8e94-b499d2c31a2a,/srv/fim-watch/critico/gen_00150.txt,2026-09-18 12:57:41.510391+00,2026-09-18 13:01:35.044223+00
ad812b81-240e-4959-aeb7-d066aa455b86,/srv/fim-watch/gen_00155.txt,2026-09-18 12:57:41.610203+00,2026-09-18 13:01:35.067061+00
def07502-e359-4dd8-a0a0-adece039f9bb,/srv/fim-watch/gen_00147.txt,2026-09-18 12:57:41.710329+00,2026-09-18 13:01:35.087738+00
4621fdcb-992d-44fe-b10e-821137b10665,/srv/fim-watch/gen_00120.txt,2026-09-18 12:57:41.810328+00,2026-09-18 13:01:35.10778+00
01dbf011-2bdd-4fc5-a6a6-861ae77d138c,/srv/fim-watch/gen_00120.txt,2026-09-18 12:57:41.910327+00,2026-09-18 13:01:35.13019+00
1be17e09-5766-48b1-9b11-42aa5c6dea9f,/srv/fim-watch/gen_00151.txt,2026-09-18 12:57:42.109833+00,2026-09-18 13:01:35.151337+00
d7842dd1-26b0-4143-af7e-05a71d153664,/srv/fim-watch/gen_00125.txt,2026-09-18 12:57:42.209913+00,2026-09-18 13:01:35.168635+00
2607f000-e7ed-4887-896a-5ef4abacb1e5,/srv/fim-watch/critico/gen_00144.txt,2026-09-18 12:57:42.309789+00,2026-09-18 13:01:35.185538+00
b865fc8e-faf4-4e77-bfb1-2f6498f0508f,/srv/fim-watch/gen_00155.txt,2026-09-18 12:57:42.409935+00,2026-09-18 13:01:35.202995+00
07f9e7fc-a1b1-482b-af7c-3fd744928b27,/srv/fim-watch/gen_00078.txt,2026-09-18 12:57:42.509947+00,2026-09-18 13:01:35.222157+00
b516e409-0208-4f87-bdda-159f35e5a442,/srv/fim-watch/gen_00157.txt,2026-09-18 12:57:42.610139+00,2026-09-18 13:01:35.241095+00
b614537b-fca0-4887-98d8-8730679c38b8,/srv/fim-watch/gen_00151.txt,2026-09-18 12:57:42.710471+00,2026-09-18 13:01:35.261002+00
751ce05d-c56c-477f-91a1-12ced61d5501,/srv/fim-watch/gen_00158.txt,2026-09-18 12:57:42.81048+00,2026-09-18 13:01:35.283191+00
1727511f-60b9-4dbf-a2df-45281d1bd86d,/srv/fim-watch/gen_00142.txt,2026-09-18 12:57:42.910292+00,2026-09-18 13:01:35.299143+00
d50b013d-71f3-43c2-aff0-5ca80a5b69b3,/srv/fim-watch/gen_00142.txt,2026-09-18 12:57:43.010486+00,2026-09-18 13:01:35.313288+00
a581aadb-f114-4ea3-9edc-8586f877100a,/srv/fim-watch/gen_00142.txt,2026-09-18 12:57:43.110273+00,2026-09-18 13:01:35.327441+00
7574263b-f3ae-43b3-a464-6f8e51b7866a,/srv/fim-watch/gen_00142.txt,2026-09-18 12:57:43.210413+00,2026-09-18 13:01:35.339954+00
1c3cb52b-43ab-402b-8492-b63216dc64ba,/srv/fim-watch/gen_00142.txt,2026-09-18 12:57:43.310494+00,2026-09-18 13:01:35.355992+00
6334a987-43b2-41cd-9294-15706e379451,/srv/fim-watch/gen_00159.txt,2026-09-18 12:57:43.410156+00,2026-09-18 13:01:35.374585+00
f37e83b0-74ce-4203-88b9-d7c5b60956dd,/srv/fim-watch/gen_00160.txt,2026-09-18 12:57:43.509833+00,2026-09-18 13:01:35.39619+00
0bf08040-8b80-47ec-b740-0101ca5d5f22,/srv/fim-watch/gen_00050.txt,2026-09-18 12:57:43.610262+00,2026-09-18 13:01:35.413867+00
961b18fb-6828-40f7-9ee9-0fa3845cb33b,/srv/fim-watch/gen_00078.txt,2026-09-18 12:57:43.710489+00,2026-09-18 13:01:35.432558+00
fc1b19d5-c9cf-452c-9c1a-52411e4571cd,/srv/fim-watch/gen_00151.txt,2026-09-18 12:57:43.81054+00,2026-09-18 13:01:35.455362+00
3772e0f1-1416-44eb-807b-7b0594e58794,/srv/fim-watch/gen_00161.txt,2026-09-18 12:57:43.910284+00,2026-09-18 13:01:35.471896+00
f42f053b-0885-4e12-b420-f6576b894653,/srv/fim-watch/gen_00062.txt,2026-09-18 12:57:44.010318+00,2026-09-18 13:01:35.496244+00
bde231f5-d9c2-4a3d-869b-1d2757e75b2c,/srv/fim-watch/gen_00062.txt,2026-09-18 12:57:44.110297+00,2026-09-18 13:01:35.517931+00
7ed1b2be-8431-48dc-a00a-e1db1323440d,/srv/fim-watch/gen_00099.txt,2026-09-18 12:57:44.209583+00,2026-09-18 13:01:35.540675+00
1a2a8f6f-6767-4f33-b394-4181b45d18c8,/srv/fim-watch/gen_00054.txt,2026-09-18 12:57:44.309892+00,2026-09-18 13:01:35.561186+00
234b38c3-828a-42f2-b73d-7ce942be15ac,/srv/fim-watch/gen_00054.txt,2026-09-18 12:57:44.409765+00,2026-09-18 13:01:35.580151+00
0001502d-baa0-40bf-8f45-898db6769879,/srv/fim-watch/critico/gen_00053.txt,2026-09-18 12:57:44.510224+00,2026-09-18 13:01:35.601214+00
639db555-e17c-410a-bd65-af72e6d8ffa5,/srv/fim-watch/critico/gen_00053.txt,2026-09-18 12:57:44.610618+00,2026-09-18 13:01:35.618113+00
ddc28306-7e5a-4d4a-bdee-a3792793f52c,/srv/fim-watch/gen_00159.txt,2026-09-18 12:57:44.710187+00,2026-09-18 13:01:35.639702+00
c6d2f0d2-50f2-479f-a337-1a6062485739,/srv/fim-watch/gen_00151.txt,2026-09-18 12:57:44.810241+00,2026-09-18 13:01:35.655172+00
d6a5bcac-03e1-4254-a932-f3881534d539,/srv/fim-watch/gen_00151.txt,2026-09-18 12:57:44.910149+00,2026-09-18 13:01:35.680284+00
4111521b-d1ba-4c6e-b2fd-13fee525fb3e,/srv/fim-watch/gen_00115.txt,2026-09-18 12:57:45.010173+00,2026-09-18 13:01:35.707485+00
81a75710-3432-4c2a-a7db-a1b10e8e15df,/srv/fim-watch/gen_00162.txt,2026-09-18 12:57:45.10998+00,2026-09-18 13:01:35.72378+00
d9b0c776-97f7-4f50-8d2e-871e6da849da,/srv/fim-watch/gen_00100.txt,2026-09-18 12:57:45.210187+00,2026-09-18 13:01:35.74767+00
2b20360a-ab42-4b71-bf01-2bbe7c4751ad,/srv/fim-watch/gen_00100.txt,2026-09-18 12:57:45.310031+00,2026-09-18 13:01:35.76619+00
8a51c797-560b-427f-a2ce-1f574e8028ec,/srv/fim-watch/gen_00006.txt,2026-09-18 12:57:45.410156+00,2026-09-18 13:01:35.788349+00
08ed5214-e44c-442e-afd0-50a4e470d324,/srv/fim-watch/gen_00049.txt,2026-09-18 12:57:45.510178+00,2026-09-18 13:01:35.801286+00
3155ab93-bd8c-4456-a90a-7a3ece589860,/srv/fim-watch/gen_00161.txt,2026-09-18 12:57:45.610559+00,2026-09-18 13:01:35.820716+00
fb9aca19-d2ca-44f9-9772-f451c0ec608d,/srv/fim-watch/gen_00160.txt,2026-09-18 12:57:45.71076+00,2026-09-18 13:01:35.841964+00
f17b109b-c6c6-4a8d-8e94-705c9e62c3b4,/srv/fim-watch/gen_00122.txt,2026-09-18 12:57:45.810551+00,2026-09-18 13:01:35.864893+00
f79caece-c226-4c42-ab8c-063bdf2e6bbf,/srv/fim-watch/gen_00155.txt,2026-09-18 12:57:45.91083+00,2026-09-18 13:01:35.884668+00
0bc8b49b-4144-48a5-ac4b-3e15d1d0c48a,/srv/fim-watch/gen_00065.txt,2026-09-18 12:57:46.010572+00,2026-09-18 13:01:35.905568+00
309a3397-6182-46e3-aa78-d8fa54efefd8,/srv/fim-watch/gen_00065.txt,2026-09-18 12:57:46.110346+00,2026-09-18 13:01:35.926843+00
7c553152-1400-46bf-a9a5-529b35ec7e3a,/srv/fim-watch/gen_00126.txt,2026-09-18 12:57:46.310455+00,2026-09-18 13:01:35.949588+00
b940034e-1f49-408e-bf2a-da10bb72c14e,/srv/fim-watch/gen_00164.txt,2026-09-18 12:57:46.41053+00,2026-09-18 13:01:35.969077+00
9176ba54-1398-4fd2-b557-94295fcdb3e8,/srv/fim-watch/gen_00164.txt,2026-09-18 12:57:46.510117+00,2026-09-18 13:01:35.979653+00
a366195f-301d-4a60-872b-bfd74d8a3d1b,/srv/fim-watch/gen_00078.txt,2026-09-18 12:57:46.710569+00,2026-09-18 13:01:35.992629+00
10d77015-b6f0-444d-82d9-f338ead37028,/srv/fim-watch/gen_00125.txt,2026-09-18 12:57:46.810136+00,2026-09-18 13:01:36.002478+00
88ee8b5b-5f5b-475e-b1cd-6b68ca4bc5ab,/srv/fim-watch/gen_00057.txt,2026-09-18 12:57:46.910549+00,2026-09-18 13:01:36.013384+00
498deaed-b064-4915-8ee2-40227a424711,/srv/fim-watch/gen_00124.txt,2026-09-18 12:57:47.010366+00,2026-09-18 13:01:36.023536+00
94da4a5f-08c0-4287-8897-53a00ee782bc,/srv/fim-watch/gen_00158.txt,2026-09-18 12:57:47.210644+00,2026-09-18 13:01:36.035722+00
2ab178ac-e1f8-47a3-9959-1dddf596191e,/srv/fim-watch/gen_00088.txt,2026-09-18 12:57:47.310555+00,2026-09-18 13:01:36.04725+00
7e4ad60e-2475-4f2a-919d-4c277b453065,/srv/fim-watch/gen_00048.txt,2026-09-18 12:57:47.41038+00,2026-09-18 13:01:36.059765+00
1d944e30-8f74-4088-a82f-9f76f350b6cc,/srv/fim-watch/critico/gen_00150.txt,2026-09-18 12:57:47.510598+00,2026-09-18 13:01:36.074334+00
6899e072-629f-40ee-9986-d2bd2fc79fb6,/srv/fim-watch/gen_00161.txt,2026-09-18 12:57:47.6109+00,2026-09-18 13:01:36.088601+00
991df433-508e-47f9-bbb1-7b125bc681f6,/srv/fim-watch/gen_00049.txt,2026-09-18 12:57:47.710667+00,2026-09-18 13:01:36.103438+00
f6b937af-0518-4b17-b543-7513413537a8,/srv/fim-watch/gen_00049.txt,2026-09-18 12:57:47.810476+00,2026-09-18 13:01:36.118019+00
72cbd1e1-df34-4ea0-811f-896a22a9180f,/srv/fim-watch/gen_00102.txt,2026-09-18 12:57:47.910607+00,2026-09-18 13:01:36.137734+00
4fff2ff2-bdd4-4259-be94-64f0b69cbb2b,/srv/fim-watch/gen_00167.txt,2026-09-18 12:57:48.010474+00,2026-09-18 13:01:36.157008+00
280a538f-a674-4e81-b357-9210319fa3c4,/srv/fim-watch/gen_00040.txt,2026-09-18 12:57:48.11079+00,2026-09-18 13:01:36.167664+00
16a9e57b-573a-47e9-9968-65cc1548b7a3,/srv/fim-watch/gen_00151.txt,2026-09-18 12:57:48.210345+00,2026-09-18 13:01:36.180024+00
6be25b3e-a082-4f12-aba8-d4628f0e601a,/srv/fim-watch/gen_00151.txt,2026-09-18 12:57:48.310571+00,2026-09-18 13:01:36.190427+00
eff3d5e1-81aa-482c-bfe2-6c646c7aaa99,/srv/fim-watch/gen_00151.txt,2026-09-18 12:57:48.410465+00,2026-09-18 13:01:36.201368+00
d0b5b127-25db-4a3d-8cd5-c5c0a489d150,/srv/fim-watch/gen_00151.txt,2026-09-18 12:57:48.510532+00,2026-09-18 13:01:36.213886+00
f23d4c99-e614-4cff-bff8-269f926356f9,/srv/fim-watch/gen_00151.txt,2026-09-18 12:57:48.610587+00,2026-09-18 13:01:36.229673+00
1f4b648e-ec09-4a0a-9bd9-e1c7e7500bc9,/srv/fim-watch/gen_00033.txt,2026-09-18 12:57:48.710628+00,2026-09-18 13:01:36.252865+00
c92b9ad2-4e7e-41f5-9645-04715e685edf,/srv/fim-watch/gen_00166.txt,2026-09-18 12:57:48.810552+00,2026-09-18 13:01:36.278179+00
9f12d02b-483a-4325-967a-5642e4396f75,/srv/fim-watch/critico/gen_00130.txt,2026-09-18 12:57:48.910515+00,2026-09-18 13:01:36.297253+00
bf494114-2961-4e85-9f25-3ba12aea53e3,/srv/fim-watch/critico/gen_00025.txt,2026-09-18 12:57:49.010413+00,2026-09-18 13:01:36.313262+00
c72c65de-141e-40f6-95e2-84103a64eef6,/srv/fim-watch/gen_00054.txt,2026-09-18 12:57:49.110159+00,2026-09-18 13:01:36.334836+00
d05f2fa4-98c1-4900-baea-7bcdb2f69485,/srv/fim-watch/gen_00168.txt,2026-09-18 12:57:49.209628+00,2026-09-18 13:01:36.357387+00
91affbce-e4f6-482d-a240-3694912162f4,/srv/fim-watch/critico/gen_00169.txt,2026-09-18 12:57:49.310451+00,2026-09-18 13:01:36.378967+00
1e2b3e14-086c-4973-a558-dcb846a2dc00,/srv/fim-watch/gen_00170.txt,2026-09-18 12:57:49.409792+00,2026-09-18 13:01:36.400352+00
c26297fd-1bff-4d44-a769-db70bc5aeee1,/srv/fim-watch/gen_00033.txt,2026-09-18 12:57:49.509979+00,2026-09-18 13:01:36.410841+00
cf169a4e-281d-484f-a7a0-f22e353966e7,/srv/fim-watch/gen_00171.txt,2026-09-18 12:57:49.610162+00,2026-09-18 13:01:36.427539+00
0807138f-f72b-467c-b983-471b6695c7bc,/srv/fim-watch/gen_00172.txt,2026-09-18 12:57:49.710627+00,2026-09-18 13:01:36.437943+00
61d25e9e-1a4f-48f4-94fb-c0e810f2da09,/srv/fim-watch/gen_00093.txt,2026-09-18 12:57:49.810548+00,2026-09-18 13:01:36.450797+00
9bb9a353-92f5-41b0-ae98-78b25ba28fd9,/srv/fim-watch/gen_00065.txt,2026-09-18 12:57:49.910534+00,2026-09-18 13:01:36.464553+00
05e8a5d0-0767-430c-b2e9-f4ef01c75b7f,/srv/fim-watch/critico/gen_00156.txt,2026-09-18 12:57:50.010299+00,2026-09-18 13:01:36.483515+00
40117bbe-796a-4881-9596-75ec2a27d0c7,/srv/fim-watch/gen_00135.txt,2026-09-18 12:57:50.110227+00,2026-09-18 13:01:36.507785+00
aba6a902-85bc-4d05-8e16-64d05e1167dd,/srv/fim-watch/gen_00089.txt,2026-09-18 12:57:50.210565+00,2026-09-18 13:01:36.531217+00
60faf101-158d-47f5-a730-79562176f201,/srv/fim-watch/gen_00040.txt,2026-09-18 12:57:50.310152+00,2026-09-18 13:01:36.560156+00
c12a2783-64e2-479e-9e8a-bb79ec65d88e,/srv/fim-watch/gen_00006.txt,2026-09-18 12:57:50.410285+00,2026-09-18 13:01:36.583371+00
bb2e3c8e-e4ce-4a69-9e77-91f4ade14fff,/srv/fim-watch/gen_00140.txt,2026-09-18 12:57:50.510157+00,2026-09-18 13:01:36.607563+00
c5c5ff09-eb92-4898-8e5f-1de0b799f988,/srv/fim-watch/gen_00071.txt,2026-09-18 12:57:50.610005+00,2026-09-18 13:01:36.629228+00
b8dbb3b4-e1bc-4079-a02b-73a17533291e,/srv/fim-watch/gen_00071.txt,2026-09-18 12:57:50.709919+00,2026-09-18 13:01:36.653122+00
d6e523e1-8d7e-4325-8dff-eabff84ef413,/srv/fim-watch/gen_00161.txt,2026-09-18 12:57:50.810105+00,2026-09-18 13:01:36.675934+00
dab0d585-2bbf-447b-b962-082fec0a72da,/srv/fim-watch/gen_00168.txt,2026-09-18 12:57:50.910457+00,2026-09-18 13:01:36.702128+00
78ad820b-651f-4d7e-bec2-d69f07ea3c38,/srv/fim-watch/gen_00105.txt,2026-09-18 12:57:51.010837+00,2026-09-18 13:01:36.726237+00
2da26996-5b57-4eab-9830-631f67a638e4,/srv/fim-watch/gen_00105.txt,2026-09-18 12:57:51.110088+00,2026-09-18 13:01:36.752996+00
87b8f9b5-c116-42ab-81a9-0a8d61c16214,/srv/fim-watch/gen_00064.txt,2026-09-18 12:57:51.21055+00,2026-09-18 13:01:36.775274+00
a65bb339-2eda-48c8-bdcc-d31efb0fb8f8,/srv/fim-watch/gen_00064.txt,2026-09-18 12:57:51.310457+00,2026-09-18 13:01:36.794899+00
a921dd7b-c08a-462b-bf5a-add8d99253f2,/srv/fim-watch/gen_00064.txt,2026-09-18 12:57:51.410404+00,2026-09-18 13:01:36.816594+00
5ac6b07e-5a6a-4fb1-96e1-ef2fdbd534b9,/srv/fim-watch/gen_00064.txt,2026-09-18 12:57:51.510591+00,2026-09-18 13:01:36.838598+00
9b999e63-defc-4bfc-a3af-e6ba3ce76a66,/srv/fim-watch/gen_00064.txt,2026-09-18 12:57:51.610315+00,2026-09-18 13:01:36.863896+00
e02881e5-1afc-4e6c-8c07-87f8c2e72d9e,/srv/fim-watch/gen_00147.txt,2026-09-18 12:57:51.71049+00,2026-09-18 13:01:36.890675+00
1c001a57-e6fb-4aa1-af3e-7336a6da065b,/srv/fim-watch/gen_00160.txt,2026-09-18 12:57:51.810356+00,2026-09-18 13:01:36.914363+00
9a625243-f5e2-41f4-93c6-40b8702a9151,/srv/fim-watch/gen_00136.txt,2026-09-18 12:57:51.910245+00,2026-09-18 13:01:36.940924+00
dcc2b711-42e5-49ab-881e-ac2d4cae412f,/srv/fim-watch/gen_00172.txt,2026-09-18 12:57:52.010251+00,2026-09-18 13:01:36.96517+00
fd4fe999-94e5-4103-a6d4-cc0c4bf23552,/srv/fim-watch/gen_00070.txt,2026-09-18 12:57:52.110303+00,2026-09-18 13:01:36.989464+00
7d5301c5-d514-4fc7-9ff4-db0a7913a404,/srv/fim-watch/gen_00079.txt,2026-09-18 12:57:52.210352+00,2026-09-18 13:01:37.01102+00
8d2df1cc-1cef-4454-99de-e79c4208a28f,/srv/fim-watch/critico/gen_00173.txt,2026-09-18 12:57:52.310135+00,2026-09-18 13:01:37.036703+00
185d2efd-7611-461b-bdc3-7485ece65b23,/srv/fim-watch/gen_00042.txt,2026-09-18 12:57:52.410348+00,2026-09-18 13:01:37.056643+00
f85a90f5-b6ce-46f9-8169-d1708cd3eb04,/srv/fim-watch/gen_00036.txt,2026-09-18 12:57:52.510351+00,2026-09-18 13:01:37.081691+00
4b762d33-76a2-411a-96fb-55572c77e283,/srv/fim-watch/gen_00066.txt,2026-09-18 12:57:52.610377+00,2026-09-18 13:01:37.104924+00
06d41f77-cee4-451a-9262-4605fdf205cc,/srv/fim-watch/gen_00146.txt,2026-09-18 12:57:52.710342+00,2026-09-18 13:01:37.131886+00
b192658d-7ac4-4583-8f66-fd97d84bdec3,/srv/fim-watch/gen_00174.txt,2026-09-18 12:57:52.810296+00,2026-09-18 13:01:37.154969+00
20f600da-f5fc-4517-98e2-ac35e3900e53,/srv/fim-watch/gen_00175.txt,2026-09-18 12:57:52.910371+00,2026-09-18 13:01:37.178808+00
dc8f6f57-3b23-40f3-a355-c87d3453d583,/srv/fim-watch/gen_00134.txt,2026-09-18 12:57:53.01026+00,2026-09-18 13:01:37.194181+00
9dd3d35f-5a72-450d-94c2-8d4fc5fe1939,/srv/fim-watch/gen_00048.txt,2026-09-18 12:57:53.110291+00,2026-09-18 13:01:37.207138+00
27245d69-17cd-40bc-a2a3-76d73e4f585c,/srv/fim-watch/gen_00029.txt,2026-09-18 12:57:53.210112+00,2026-09-18 13:01:37.219706+00
e8e98a19-de91-40f6-9ac4-06a102a79e86,/srv/fim-watch/gen_00104.txt,2026-09-18 12:57:53.310307+00,2026-09-18 13:01:37.230356+00
67f07d1f-0b1c-475f-8007-52b5e28e260e,/srv/fim-watch/critico/gen_00141.txt,2026-09-18 12:57:53.410412+00,2026-09-18 13:01:37.241975+00
1aec12bb-a385-421f-aa77-827ba93d79f7,/srv/fim-watch/gen_00084.txt,2026-09-18 12:57:53.510546+00,2026-09-18 13:01:37.25206+00
24724a9d-c95c-4cff-b98e-2e0587d755ea,/srv/fim-watch/gen_00176.txt,2026-09-18 12:57:53.610507+00,2026-09-18 13:01:37.263175+00
6d2e5823-373f-473d-ac29-3bebf53c88d2,/srv/fim-watch/critico/gen_00053.txt,2026-09-18 12:57:53.710427+00,2026-09-18 13:01:37.272401+00
05018f8e-1e0e-4d0c-9d28-22c3598b0dbc,/srv/fim-watch/critico/gen_00053.txt,2026-09-18 12:57:53.810455+00,2026-09-18 13:01:37.282183+00
bf2444dd-4c8b-4e04-9729-7456a6db104b,/srv/fim-watch/critico/gen_00053.txt,2026-09-18 12:57:53.910463+00,2026-09-18 13:01:37.292397+00
8b315fb9-4fd5-4da7-b91b-47b4c1ab6fa0,/srv/fim-watch/critico/gen_00053.txt,2026-09-18 12:57:54.010231+00,2026-09-18 13:01:37.304234+00
2df4d20e-4846-4174-b5d7-debdbfd236b8,/srv/fim-watch/critico/gen_00053.txt,2026-09-18 12:57:54.110003+00,2026-09-18 13:01:37.315299+00
e1608088-cd3f-4aa6-808e-dc042c261d1b,/srv/fim-watch/gen_00146.txt,2026-09-18 12:57:54.210318+00,2026-09-18 13:01:37.327502+00
69a16756-108a-4ecd-a068-e55f8f3ef061,/srv/fim-watch/gen_00060.txt,2026-09-18 12:57:54.310381+00,2026-09-18 13:01:37.337707+00
8e389f61-d794-42c9-8104-53b681ed8082,/srv/fim-watch/gen_00060.txt,2026-09-18 12:57:54.410321+00,2026-09-18 13:01:37.35+00
ee6da64d-3724-473e-9cbe-ca57593afeeb,/srv/fim-watch/gen_00113.txt,2026-09-18 12:57:54.510191+00,2026-09-18 13:01:37.360478+00
0bc2e937-f1d9-4159-9bb1-995470c4ccb6,/srv/fim-watch/gen_00113.txt,2026-09-18 12:57:54.610237+00,2026-09-18 13:01:37.373267+00
f9428bc5-5c4e-4f15-aa33-a5ed831e3e34,/srv/fim-watch/critico/gen_00150.txt,2026-09-18 12:57:54.710285+00,2026-09-18 13:01:37.390566+00
c59e7c1a-04b0-47c3-a0ca-f3575cb5c074,/srv/fim-watch/gen_00111.txt,2026-09-18 12:57:54.810483+00,2026-09-18 13:01:37.41191+00
cccfbaaf-9041-4717-bf81-c56c3d2af838,/srv/fim-watch/gen_00166.txt,2026-09-18 12:57:54.910263+00,2026-09-18 13:01:37.426814+00
33ad6f2f-0c64-4919-80ed-2fe10dd702a3,/srv/fim-watch/gen_00166.txt,2026-09-18 12:57:55.010429+00,2026-09-18 13:01:37.43819+00
abe86161-7330-4bce-9be5-63d5db327150,/srv/fim-watch/gen_00166.txt,2026-09-18 12:57:55.110021+00,2026-09-18 13:01:37.450069+00
325ffe2e-68c6-41f4-86f5-ab310f54655e,/srv/fim-watch/gen_00166.txt,2026-09-18 12:57:55.210425+00,2026-09-18 13:01:37.461528+00
34331952-aaac-4eea-9a26-f53f2ac5cfcd,/srv/fim-watch/gen_00166.txt,2026-09-18 12:57:55.309968+00,2026-09-18 13:01:37.477425+00
55e2b7cf-ed40-4e08-9f2a-a0d535a5bd15,/srv/fim-watch/gen_00042.txt,2026-09-18 12:57:55.410375+00,2026-09-18 13:01:37.490817+00
692fd70d-64ff-470e-b7d3-844ee0b8b6a1,/srv/fim-watch/gen_00100.txt,2026-09-18 12:57:55.51039+00,2026-09-18 13:01:37.499399+00
9cc2ae66-b903-49ff-b795-12cc8663eb7e,/srv/fim-watch/gen_00176.txt,2026-09-18 12:57:55.610295+00,2026-09-18 13:01:37.509186+00
a774ca22-32bd-40e1-8295-cb372dcb4320,/srv/fim-watch/gen_00176.txt,2026-09-18 12:57:55.710372+00,2026-09-18 13:01:37.519835+00
ecced81f-b886-4ff4-b3e8-9262b544c6ca,/srv/fim-watch/gen_00177.txt,2026-09-18 12:57:55.81054+00,2026-09-18 13:01:37.530289+00
261a9b2d-220d-4517-af6d-038f714c3f70,/srv/fim-watch/gen_00178.txt,2026-09-18 12:57:55.912094+00,2026-09-18 13:01:37.541025+00
ae77259b-b165-4f46-9476-6829361d2624,/srv/fim-watch/gen_00104.txt,2026-09-18 12:57:56.010423+00,2026-09-18 13:01:37.553397+00
8ce4a8c9-876a-4e6a-9369-7add64ecc203,/srv/fim-watch/gen_00113.txt,2026-09-18 12:57:56.110375+00,2026-09-18 13:01:37.564773+00
7fb24971-17fa-4d1d-9cfa-eed1a4fabef1,/srv/fim-watch/gen_00179.txt,2026-09-18 12:57:56.210401+00,2026-09-18 13:01:37.577782+00
7beee173-f7de-4e55-9d3f-48b201567240,/srv/fim-watch/gen_00049.txt,2026-09-18 12:57:56.310159+00,2026-09-18 13:01:37.590377+00
a646294d-aded-4d80-9381-b11d2c2bb293,/srv/fim-watch/gen_00049.txt,2026-09-18 12:57:56.410277+00,2026-09-18 13:01:37.6044+00
f83b74f3-af22-4a9b-9d7b-4c7e8ae64c56,/srv/fim-watch/gen_00117.txt,2026-09-18 12:57:56.510534+00,2026-09-18 13:01:37.618021+00
15dc7294-7e7f-46aa-b68a-69e6da70e681,/srv/fim-watch/gen_00158.txt,2026-09-18 12:57:56.610183+00,2026-09-18 13:01:37.630972+00
b28bac86-2a48-40ed-a739-88c09822c43b,/srv/fim-watch/gen_00048.txt,2026-09-18 12:57:56.710067+00,2026-09-18 13:01:37.646155+00
e1e8933e-2912-4a03-a69e-1d9fd6aab78c,/srv/fim-watch/gen_00124.txt,2026-09-18 12:57:56.810322+00,2026-09-18 13:01:37.662454+00
362a6605-a113-412c-ac12-6ce96ba2304f,/srv/fim-watch/gen_00177.txt,2026-09-18 12:57:56.910254+00,2026-09-18 13:01:37.68322+00
3a081b57-6b2b-4d4b-8eb8-8eab1cf61b63,/srv/fim-watch/gen_00177.txt,2026-09-18 12:57:57.010136+00,2026-09-18 13:01:37.703816+00
63de4281-fcf1-4cab-a5a2-f9256b0772c2,/srv/fim-watch/gen_00060.txt,2026-09-18 12:57:57.110362+00,2026-09-18 13:01:37.721808+00
5c86ca3d-6918-4691-bfc9-463ab44ccd2e,/srv/fim-watch/gen_00180.txt,2026-09-18 12:57:57.210371+00,2026-09-18 13:01:37.741179+00
95ccc7f5-bafc-4d9f-8704-fab261dd0e38,/srv/fim-watch/gen_00033.txt,2026-09-18 12:57:57.310436+00,2026-09-18 13:01:37.757381+00
366fe46a-443b-4f61-abd3-f740632c1845,/srv/fim-watch/gen_00171.txt,2026-09-18 12:57:57.410325+00,2026-09-18 13:01:37.777678+00
5308830a-9a2d-4578-a078-1e35d541a019,/srv/fim-watch/gen_00181.txt,2026-09-18 12:57:57.51043+00,2026-09-18 13:01:37.792463+00
847c03f6-ba02-4ca3-bb7e-70aa2f75bc53,/srv/fim-watch/gen_00180.txt,2026-09-18 12:57:57.610337+00,2026-09-18 13:01:37.806961+00
25b5f0b7-7053-436a-9966-cef9d06aa453,/srv/fim-watch/gen_00078.txt,2026-09-18 12:57:57.710256+00,2026-09-18 13:01:37.822348+00
b252d287-80c4-445e-b117-37c14c6cc564,/srv/fim-watch/gen_00073.txt,2026-09-18 12:57:57.810415+00,2026-09-18 13:01:37.836743+00
87f1b621-6bc9-4f83-8a36-3ccb4bc57a89,/srv/fim-watch/gen_00155.txt,2026-09-18 12:57:57.910453+00,2026-09-18 13:01:37.855444+00
055835b1-9d3d-4716-b2b2-49c1aa347933,/srv/fim-watch/gen_00161.txt,2026-09-18 12:57:58.010154+00,2026-09-18 13:01:37.876249+00
78ad325b-92ec-406a-a2a9-fd1b3203aefb,/srv/fim-watch/gen_00111.txt,2026-09-18 12:57:58.11007+00,2026-09-18 13:01:37.899996+00
45df4ee6-8981-4e4c-a064-fc00af9ffb0b,/srv/fim-watch/gen_00182.txt,2026-09-18 12:57:58.210163+00,2026-09-18 13:01:37.919382+00
d2d9ba14-4be1-4bf6-90a9-8e732f1b5bea,/srv/fim-watch/gen_00074.txt,2026-09-18 12:57:58.310098+00,2026-09-18 13:01:37.938984+00
d5832162-5629-427b-9c86-bcb42bcba385,/srv/fim-watch/gen_00016.txt,2026-09-18 12:57:58.410238+00,2026-09-18 13:01:37.961239+00
6b41dafc-3293-4a2e-95de-e8d1f6ded691,/srv/fim-watch/gen_00159.txt,2026-09-18 12:57:58.510344+00,2026-09-18 13:01:37.976289+00
31cbc878-09cb-4e4f-b97c-775682fe8f0d,/srv/fim-watch/critico/gen_00123.txt,2026-09-18 12:57:58.609974+00,2026-09-18 13:01:37.989694+00
f0145c0d-b98a-4bc9-80aa-2824c3681cd0,/srv/fim-watch/gen_00170.txt,2026-09-18 12:57:58.710214+00,2026-09-18 13:01:38.00286+00
cdaeaf88-eb4d-4c91-85ec-bcb6bba201b7,/srv/fim-watch/gen_00178.txt,2026-09-18 12:57:58.810426+00,2026-09-18 13:01:38.012566+00
8df37877-2fda-4a46-a27a-3a43ad0d534c,/srv/fim-watch/gen_00170.txt,2026-09-18 12:57:59.01023+00,2026-09-18 13:01:38.022348+00
13229d59-a968-4240-868d-c884183969dc,/srv/fim-watch/gen_00174.txt,2026-09-18 12:57:59.109794+00,2026-09-18 13:01:38.031794+00
6eed1d55-7e20-47fe-a84c-a760ec14a148,/srv/fim-watch/gen_00036.txt,2026-09-18 12:57:59.210206+00,2026-09-18 13:01:38.041933+00
f7e5325c-d8b2-4ae0-9b94-aa3de95bdfc3,/srv/fim-watch/gen_00135.txt,2026-09-18 12:57:59.310046+00,2026-09-18 13:01:38.053452+00
25266862-c4f2-4032-882d-d44e144146e1,/srv/fim-watch/gen_00135.txt,2026-09-18 12:57:59.41034+00,2026-09-18 13:01:38.063264+00
562ea38c-4629-4989-a0c6-e095658fb612,/srv/fim-watch/gen_00120.txt,2026-09-18 12:57:59.510102+00,2026-09-18 13:01:38.074591+00
1b2ff364-7608-4aae-8149-9c099ae9a62e,/srv/fim-watch/gen_00120.txt,2026-09-18 12:57:59.610292+00,2026-09-18 13:01:38.085754+00
b03b2e50-6016-4de7-a29e-d3a37f9838b0,/srv/fim-watch/critico/gen_00184.txt,2026-09-18 12:57:59.710352+00,2026-09-18 13:01:38.097164+00
945577ce-5c11-42b8-8aaf-788f710d47b5,/srv/fim-watch/gen_00049.txt,2026-09-18 12:57:59.810176+00,2026-09-18 13:01:38.107973+00
f2f27709-5034-4189-b8b3-bd609614e7d8,/srv/fim-watch/gen_00182.txt,2026-09-18 12:57:59.910081+00,2026-09-18 13:01:38.118934+00
01958bba-0c40-41e6-b54a-e283046de239,/srv/fim-watch/gen_00171.txt,2026-09-18 12:58:00.010163+00,2026-09-18 13:01:38.127548+00
a0bfb24a-c73d-4baa-82b9-70a25c7d5de8,/srv/fim-watch/gen_00185.txt,2026-09-18 12:58:00.109969+00,2026-09-18 13:01:38.138573+00
26047a56-69e3-4a49-9001-a63d27e33b43,/srv/fim-watch/critico/gen_00156.txt,2026-09-18 12:58:00.210241+00,2026-09-18 13:01:38.146826+00
665607e3-ea9e-4d3d-9aa3-fe728f534bc2,/srv/fim-watch/gen_00093.txt,2026-09-18 12:58:00.310072+00,2026-09-18 13:01:38.156085+00
537896dc-b98c-47ae-9080-d4b61308d8c6,/srv/fim-watch/gen_00186.txt,2026-09-18 12:58:00.409953+00,2026-09-18 13:01:38.167371+00
f25d336f-c654-423a-a4ff-4742888df49f,/srv/fim-watch/gen_00100.txt,2026-09-18 12:58:00.509945+00,2026-09-18 13:01:38.17654+00
30485d0e-5b11-4745-a404-c2ac236903df,/srv/fim-watch/critico/gen_00061.txt,2026-09-18 12:58:00.60997+00,2026-09-18 13:01:38.185726+00
1588672b-bb1f-493f-837c-e0d67ef5d5bb,/srv/fim-watch/gen_00129.txt,2026-09-18 12:58:00.709935+00,2026-09-18 13:01:38.195177+00
0f3d217e-99b3-42be-bbad-31ef5ab48d4f,/srv/fim-watch/gen_00187.txt,2026-09-18 12:58:00.81023+00,2026-09-18 13:01:38.204864+00
335f8b2a-4161-4571-b689-400d76ba88a8,/srv/fim-watch/gen_00163.txt,2026-09-18 12:58:00.910476+00,2026-09-18 13:01:38.213874+00
13968b80-1fc3-4504-a7d3-df0ee86a3caa,/srv/fim-watch/critico/gen_00123.txt,2026-09-18 12:58:01.110005+00,2026-09-18 13:01:38.225439+00
7e700db7-97d3-43a1-a206-7e881eec89a5,/srv/fim-watch/gen_00181.txt,2026-09-18 12:58:01.210587+00,2026-09-18 13:01:38.235575+00
680bea12-ff6a-4d2b-877f-96ca04277dac,/srv/fim-watch/gen_00108.txt,2026-09-18 12:58:01.309676+00,2026-09-18 13:01:38.249741+00
7ae33e1f-fd8d-460a-aa28-1f51e6c51adf,/srv/fim-watch/gen_00186.txt,2026-09-18 12:58:01.410351+00,2026-09-18 13:01:38.261847+00
c1415310-1624-412f-9d9a-b7bb00fd0467,/srv/fim-watch/gen_00114.txt,2026-09-18 12:58:01.510237+00,2026-09-18 13:01:38.275158+00
9a197243-20ec-4cf0-a729-867355124896,/srv/fim-watch/critico/gen_00189.txt,2026-09-18 12:58:01.710639+00,2026-09-18 13:01:38.285943+00
517e1cb3-0aa9-493c-8b74-293898aba6b0,/srv/fim-watch/gen_00120.txt,2026-09-18 12:58:01.810388+00,2026-09-18 13:01:38.29594+00
94aecb36-be18-4d1b-b65a-f127e6922dfa,/srv/fim-watch/gen_00190.txt,2026-09-18 12:58:01.910274+00,2026-09-18 13:01:38.307781+00
8244e0e7-884f-4b13-b0db-dcf9f87856bd,/srv/fim-watch/gen_00100.txt,2026-09-18 12:58:02.010159+00,2026-09-18 13:01:38.319229+00
9a5be34d-5af8-428c-8994-b08472fe92ba,/srv/fim-watch/gen_00100.txt,2026-09-18 12:58:02.109803+00,2026-09-18 13:01:38.33255+00
d92206bc-78a6-43d4-86c2-67a1dffcd861,/srv/fim-watch/gen_00161.txt,2026-09-18 12:58:02.210414+00,2026-09-18 13:01:38.34431+00
56b152e1-2dc8-4a3c-920d-0e34e8cd6e96,/srv/fim-watch/gen_00073.txt,2026-09-18 12:58:02.310488+00,2026-09-18 13:01:38.357259+00
b35eb658-5fbc-447e-841a-92035cf41c7b,/srv/fim-watch/critico/gen_00191.txt,2026-09-18 12:58:02.410453+00,2026-09-18 13:01:38.369524+00
0b385f70-f805-4148-ba30-cd6b384007eb,/srv/fim-watch/gen_00190.txt,2026-09-18 12:58:02.510648+00,2026-09-18 13:01:38.382355+00
98da8d6b-1180-4c83-82ce-f877860b98ed,/srv/fim-watch/gen_00033.txt,2026-09-18 12:58:02.610311+00,2026-09-18 13:01:38.394437+00
12bbfb45-3165-4757-b9da-2e4a388b5e02,/srv/fim-watch/gen_00113.txt,2026-09-18 12:58:02.710137+00,2026-09-18 13:01:38.405293+00
5a5541b9-a8dd-4a94-b098-38b3a4bbe188,/srv/fim-watch/gen_00192.txt,2026-09-18 12:58:02.810331+00,2026-09-18 13:01:38.416637+00
7911b70f-2a98-40d9-bc07-7d4056761102,/srv/fim-watch/gen_00193.txt,2026-09-18 12:58:02.910308+00,2026-09-18 13:01:38.428426+00
5fc63722-a903-4384-97f0-fbdfc1a0c01d,/srv/fim-watch/gen_00194.txt,2026-09-18 12:58:03.01007+00,2026-09-18 13:01:38.43862+00
a02d8cfb-6dbf-4831-9d7f-0117d105542f,/srv/fim-watch/gen_00071.txt,2026-09-18 12:58:03.109716+00,2026-09-18 13:01:38.449873+00
7fc4f0e2-b908-4dba-add8-4b029e977f99,/srv/fim-watch/gen_00071.txt,2026-09-18 12:58:03.210299+00,2026-09-18 13:01:38.460458+00
532b10e4-c491-4627-a462-e0f7be5dee9a,/srv/fim-watch/gen_00060.txt,2026-09-18 12:58:03.310788+00,2026-09-18 13:01:38.470915+00
c7f9d984-d87a-4ea4-b386-cd8910703c6f,/srv/fim-watch/gen_00100.txt,2026-09-18 12:58:03.41023+00,2026-09-18 13:01:38.483174+00
bb279655-b47e-4096-856f-d74d72d01530,/srv/fim-watch/gen_00062.txt,2026-09-18 12:58:03.510368+00,2026-09-18 13:01:38.494469+00
d6798be1-73e6-4d2b-b1c2-c9e5e6f12ad9,/srv/fim-watch/gen_00187.txt,2026-09-18 12:58:03.610352+00,2026-09-18 13:01:38.504581+00
250304cf-3fd3-4da5-964e-eaea6e148a68,/srv/fim-watch/critico/gen_00025.txt,2026-09-18 12:58:03.710395+00,2026-09-18 13:01:38.518966+00
faec8f1a-e77d-4fb7-886c-1a105459bf7e,/srv/fim-watch/gen_00066.txt,2026-09-18 12:58:03.809925+00,2026-09-18 13:01:38.533376+00
67e85bd9-e504-4e44-a645-01b391051e7b,/srv/fim-watch/gen_00103.txt,2026-09-18 12:58:03.909649+00,2026-09-18 13:01:38.546191+00
47da2cd7-cad9-4983-a477-50f9aa14cb21,/srv/fim-watch/gen_00124.txt,2026-09-18 12:58:04.009758+00,2026-09-18 13:01:38.5585+00
932fcf3f-5c0a-4d85-a62c-d37faed4eca6,/srv/fim-watch/gen_00187.txt,2026-09-18 12:58:04.210402+00,2026-09-18 13:01:38.573876+00
28de48e6-d813-406d-ba37-77c15620e5b1,/srv/fim-watch/gen_00187.txt,2026-09-18 12:58:04.310585+00,2026-09-18 13:01:38.587317+00
e0552499-c829-43ad-a83c-3df250f02e87,/srv/fim-watch/gen_00187.txt,2026-09-18 12:58:04.410552+00,2026-09-18 13:01:38.60834+00
37b4dd37-a44a-461d-9b8e-bffa22590046,/srv/fim-watch/gen_00187.txt,2026-09-18 12:58:04.51045+00,2026-09-18 13:01:38.626229+00
f44b4a1d-ce1c-4508-b866-47932f36a92a,/srv/fim-watch/gen_00187.txt,2026-09-18 12:58:04.610031+00,2026-09-18 13:01:38.643874+00
8e2d4589-4e56-44a8-8874-9e6be40f5178,/srv/fim-watch/gen_00096.txt,2026-09-18 12:58:04.71037+00,2026-09-18 13:01:38.66634+00
8ac89326-cf69-4178-b282-2bb9c152015c,/srv/fim-watch/gen_00103.txt,2026-09-18 12:58:04.810741+00,2026-09-18 13:01:38.692299+00
0477f7e5-5c0b-44b4-a37c-1c7b8b4ed7a5,/srv/fim-watch/critico/gen_00183.txt,2026-09-18 12:58:04.910635+00,2026-09-18 13:01:38.716622+00
2d1d353b-4b5d-47f6-b50c-0500f84b078e,/srv/fim-watch/gen_00154.txt,2026-09-18 12:58:05.010247+00,2026-09-18 13:01:38.734691+00
4a7ccc00-16f0-47a1-b1aa-77cdf0651b31,/srv/fim-watch/gen_00170.txt,2026-09-18 12:58:05.110159+00,2026-09-18 13:01:38.762906+00
eefbdd5a-5f3a-4b9e-9f21-c30615435fa5,/srv/fim-watch/gen_00170.txt,2026-09-18 12:58:05.210256+00,2026-09-18 13:01:38.784807+00
0d824d49-f6c9-4faa-8879-6d2b69ffa254,/srv/fim-watch/critico/gen_00037.txt,2026-09-18 12:58:05.310338+00,2026-09-18 13:01:38.808355+00
878989c5-6d9f-43ab-88ed-1b8bb81258b6,/srv/fim-watch/gen_00196.txt,2026-09-18 12:58:05.409831+00,2026-09-18 13:01:38.829447+00
4a4d755a-fd15-4a61-bcef-5b5f745dd0b0,/srv/fim-watch/gen_00197.txt,2026-09-18 12:58:05.510376+00,2026-09-18 13:01:38.852539+00
6563ce6e-4dd8-4d0e-843c-23159d3d6fa3,/srv/fim-watch/gen_00197.txt,2026-09-18 12:58:05.60974+00,2026-09-18 13:01:38.87765+00
1d07ecc5-0978-4ad8-b5d0-a9d36833a81a,/srv/fim-watch/gen_00108.txt,2026-09-18 12:58:05.71053+00,2026-09-18 13:01:38.905184+00
8dbac169-c29a-4462-b188-f8dcdf51d638,/srv/fim-watch/gen_00126.txt,2026-09-18 12:58:05.810189+00,2026-09-18 13:01:38.930514+00
32ce8fed-46bf-4cac-b98f-e302b4d8964f,/srv/fim-watch/gen_00106.txt,2026-09-18 12:58:05.910174+00,2026-09-18 13:01:38.953617+00
2bf8cc98-cb93-4891-9aa0-5eb412d51827,/srv/fim-watch/gen_00049.txt,2026-09-18 12:58:06.012015+00,2026-09-18 13:01:38.976169+00
88c44cd0-3390-4bd5-8f26-6a0ff463fc0f,/srv/fim-watch/gen_00049.txt,2026-09-18 12:58:06.110221+00,2026-09-18 13:01:39.00357+00
03e01e65-ed65-4c6a-bcc7-4bb400466427,/srv/fim-watch/critico/gen_00150.txt,2026-09-18 12:58:06.210096+00,2026-09-18 13:01:39.02835+00
e1d74947-d7b2-4bdf-89a1-2ee4c33ac3f9,/srv/fim-watch/gen_00064.txt,2026-09-18 12:58:06.31023+00,2026-09-18 13:01:39.050371+00
cb486f7a-ed04-4ffd-b9c5-9b3f5bc0977b,/srv/fim-watch/gen_00086.txt,2026-09-18 12:58:06.410258+00,2026-09-18 13:01:39.078536+00
a8d6e248-d83c-4eb2-bc51-8bac98a2bec4,/srv/fim-watch/critico/gen_00184.txt,2026-09-18 12:58:06.510469+00,2026-09-18 13:01:39.103155+00
b0956729-779f-4dd3-88da-74a93a67d9f6,/srv/fim-watch/gen_00043.txt,2026-09-18 12:58:06.610931+00,2026-09-18 13:01:39.128536+00
b05f2530-cd16-4bd9-a93d-bd8c76f028b7,/srv/fim-watch/gen_00198.txt,2026-09-18 12:58:06.710877+00,2026-09-18 13:01:39.152504+00
984fa89c-40f2-43f5-86b3-a51811e61609,/srv/fim-watch/gen_00108.txt,2026-09-18 12:58:06.810165+00,2026-09-18 13:01:39.176743+00
e6cf87ce-91db-43b7-a148-5a99cc2fc8dc,/srv/fim-watch/gen_00043.txt,2026-09-18 12:58:06.910109+00,2026-09-18 13:01:39.204523+00
14f223bb-724b-4485-a734-5ddeeec62474,/srv/fim-watch/gen_00165.txt,2026-09-18 12:58:07.010043+00,2026-09-18 13:01:39.227368+00
db501442-c4b4-49c1-9f77-a3645dbf2d5e,/srv/fim-watch/gen_00185.txt,2026-09-18 12:58:07.11021+00,2026-09-18 13:01:39.254583+00
a8fa10be-970a-434b-8e15-257561249460,/srv/fim-watch/gen_00020.txt,2026-09-18 12:58:07.210206+00,2026-09-18 13:01:39.279582+00
a9864911-8f03-44ee-b4b5-d3b023e905f9,/srv/fim-watch/gen_00125.txt,2026-09-18 12:58:07.310455+00,2026-09-18 13:01:39.300504+00
9f02872b-41fa-491c-b91f-13d4d089a507,/srv/fim-watch/gen_00199.txt,2026-09-18 12:58:07.410219+00,2026-09-18 13:01:39.326137+00
2c80b59b-2a3d-4c67-a67e-f5d72019e755,/srv/fim-watch/critico/gen_00123.txt,2026-09-18 12:58:07.510575+00,2026-09-18 13:01:39.347899+00
acd26223-f9fa-4f92-a729-b7bd5f5430d2,/srv/fim-watch/critico/gen_00200.txt,2026-09-18 12:58:07.609818+00,2026-09-18 13:01:39.373687+00
7fac3b1b-98b3-44f0-b7de-e7f038d6593d,/srv/fim-watch/gen_00201.txt,2026-09-18 12:58:07.71005+00,2026-09-18 13:01:39.403133+00
e80187a4-e91e-4596-9f09-5254da40d87b,/srv/fim-watch/critico/gen_00053.txt,2026-09-18 12:58:07.810459+00,2026-09-18 13:01:39.425658+00
29d85f0c-f571-411d-9e01-c22792e50680,/srv/fim-watch/critico/gen_00053.txt,2026-09-18 12:58:07.910366+00,2026-09-18 13:01:39.449147+00
093a0323-90f8-4c49-bbed-fdb4c8d43595,/srv/fim-watch/critico/gen_00202.txt,2026-09-18 12:58:08.010273+00,2026-09-18 13:01:39.47314+00
8e99e6ac-25c0-4132-b170-00a1c47d25cf,/srv/fim-watch/gen_00126.txt,2026-09-18 12:58:08.210231+00,2026-09-18 13:01:39.496778+00
b9f2e95e-4c14-4bff-979e-e0b4b882087c,/srv/fim-watch/gen_00115.txt,2026-09-18 12:58:08.310434+00,2026-09-18 13:01:39.519396+00
39374eb7-e35e-42af-920e-254631f13553,/srv/fim-watch/gen_00140.txt,2026-09-18 12:58:08.410519+00,2026-09-18 13:01:39.544831+00
72c2b409-0581-4eb4-9b89-1c6111ae9f0e,/srv/fim-watch/gen_00204.txt,2026-09-18 12:58:08.510435+00,2026-09-18 13:01:39.568384+00
3d404823-4e8c-4699-986d-0c0c05bee879,/srv/fim-watch/critico/gen_00156.txt,2026-09-18 12:58:08.610215+00,2026-09-18 13:01:39.591851+00
08485f56-9cd6-42fb-af42-b91215fa46b8,/srv/fim-watch/gen_00205.txt,2026-09-18 12:58:08.710314+00,2026-09-18 13:01:39.617759+00
cf96d9a0-a15d-4982-9662-21d6e2e3039c,/srv/fim-watch/gen_00205.txt,2026-09-18 12:58:08.810407+00,2026-09-18 13:01:39.643871+00
6a291b9f-00bb-40fc-a17c-8562c485cedf,/srv/fim-watch/gen_00170.txt,2026-09-18 12:58:08.910592+00,2026-09-18 13:01:39.667395+00
737a632c-5fba-4d80-921c-08d1913966f7,/srv/fim-watch/gen_00170.txt,2026-09-18 12:58:09.010226+00,2026-09-18 13:01:39.688592+00
373074ad-eeea-4a33-a2c6-eec27a4d4bbe,/srv/fim-watch/critico/gen_00061.txt,2026-09-18 12:58:09.109955+00,2026-09-18 13:01:39.716203+00
ab4fc8ff-ec44-4307-86d3-b50c271bd4ef,/srv/fim-watch/gen_00188.txt,2026-09-18 12:58:09.210261+00,2026-09-18 13:01:39.739814+00
3f0193fc-29bb-4312-9fd5-77ba5bbe24d1,/srv/fim-watch/gen_00145.txt,2026-09-18 12:58:09.310244+00,2026-09-18 13:01:39.765362+00
50094bfa-b22c-4d24-a488-be1afa3719fc,/srv/fim-watch/gen_00206.txt,2026-09-18 12:58:09.410187+00,2026-09-18 13:01:39.787859+00
40c44bbc-1c0b-4cee-a604-53c5f5945bdd,/srv/fim-watch/gen_00148.txt,2026-09-18 12:58:09.510486+00,2026-09-18 13:01:39.807707+00
31773831-8619-4329-8265-e99fd072b5ba,/srv/fim-watch/gen_00198.txt,2026-09-18 12:58:09.6106+00,2026-09-18 13:01:39.827854+00
c3403845-14b8-42bd-b179-e68b14464708,/srv/fim-watch/gen_00198.txt,2026-09-18 12:58:09.70983+00,2026-09-18 13:01:39.854386+00
33cbb85e-d1e5-4656-846c-f2b02f53c107,/srv/fim-watch/gen_00036.txt,2026-09-18 12:58:09.810255+00,2026-09-18 13:01:39.880001+00
5cdb027f-1c5a-42ba-8d34-d71d5dd0d218,/srv/fim-watch/gen_00036.txt,2026-09-18 12:58:09.910187+00,2026-09-18 13:01:39.902922+00
b325935f-f110-4925-a8be-ca6c282d649e,/srv/fim-watch/critico/gen_00053.txt,2026-09-18 12:58:10.010116+00,2026-09-18 13:01:39.928559+00
ec942254-e6ce-43fd-b8bf-8a20210ab907,/srv/fim-watch/gen_00142.txt,2026-09-18 12:58:10.110357+00,2026-09-18 13:01:39.950651+00
81ee5f74-7d62-44c7-8574-b962fe0fdb2e,/srv/fim-watch/gen_00163.txt,2026-09-18 12:58:10.210477+00,2026-09-18 13:01:39.972692+00
a1c105c3-faf6-4abc-8b97-8921d8f1159c,/srv/fim-watch/gen_00204.txt,2026-09-18 12:58:10.310252+00,2026-09-18 13:01:39.998505+00
620f8966-adff-4033-941b-3dbe724f4a05,/srv/fim-watch/gen_00049.txt,2026-09-18 12:58:10.410279+00,2026-09-18 13:01:40.023224+00
059878b8-5cef-40ce-944f-154d551331d7,/srv/fim-watch/gen_00170.txt,2026-09-18 12:58:10.510108+00,2026-09-18 13:01:40.047569+00
b18e7445-95e0-4712-853d-d2f7df549064,/srv/fim-watch/gen_00020.txt,2026-09-18 12:58:10.610005+00,2026-09-18 13:01:40.067123+00
8c4cc59f-16de-4df8-a612-2295dd7e7332,/srv/fim-watch/gen_00057.txt,2026-09-18 12:58:10.810033+00,2026-09-18 13:01:40.095718+00
a7060843-707e-4257-b0d4-7006ff86c7e8,/srv/fim-watch/gen_00064.txt,2026-09-18 12:58:10.910105+00,2026-09-18 13:01:40.124678+00
208aaa48-c2f7-4323-ab4c-248859ce449e,/srv/fim-watch/gen_00016.txt,2026-09-18 12:58:11.010489+00,2026-09-18 13:01:40.144246+00
36e71f0d-9780-4419-ac6d-579cdf97dd98,/srv/fim-watch/gen_00208.txt,2026-09-18 12:58:11.1104+00,2026-09-18 13:01:40.168639+00
48fe2c14-c423-4d83-b205-8c07d6eb2a1c,/srv/fim-watch/gen_00208.txt,2026-09-18 12:58:11.210133+00,2026-09-18 13:01:40.190109+00
82a8554a-14d1-4b67-85fe-12c244aaf0bc,/srv/fim-watch/critico/gen_00156.txt,2026-09-18 12:58:11.310447+00,2026-09-18 13:01:40.214101+00
f5d9a71f-4cac-4a0e-8582-8c7beebbcacf,/srv/fim-watch/gen_00125.txt,2026-09-18 12:58:11.410471+00,2026-09-18 13:01:40.24149+00
81a0d868-a81c-4fe1-b3d8-ca0ecfc01a63,/srv/fim-watch/gen_00125.txt,2026-09-18 12:58:11.510402+00,2026-09-18 13:01:40.265459+00
63ea427b-6c19-4399-b32b-e67c8e2077c3,/srv/fim-watch/gen_00125.txt,2026-09-18 12:58:11.61068+00,2026-09-18 13:01:40.287564+00
4691aa22-c7cf-42d3-a1fa-8c6dcb188331,/srv/fim-watch/gen_00125.txt,2026-09-18 12:58:11.710546+00,2026-09-18 13:01:40.313755+00
387d1d1a-bbef-4277-9990-26dba50b6c7d,/srv/fim-watch/gen_00125.txt,2026-09-18 12:58:11.810279+00,2026-09-18 13:01:40.336917+00
8db4df12-7d2e-4043-81fa-f0e130d7cbb7,/srv/fim-watch/gen_00088.txt,2026-09-18 12:58:11.910219+00,2026-09-18 13:01:40.359438+00
b6b2fef7-4c66-41b1-b36a-26a55c5ba6a5,/srv/fim-watch/gen_00136.txt,2026-09-18 12:58:12.011539+00,2026-09-18 13:01:40.386538+00
5bfe6903-4589-41e8-b4bd-55048f2aafb6,/srv/fim-watch/gen_00170.txt,2026-09-18 12:58:12.111561+00,2026-09-18 13:01:40.409233+00
5949b14c-a3fa-429b-9de9-476895ed9c5b,/srv/fim-watch/gen_00036.txt,2026-09-18 12:58:12.210184+00,2026-09-18 13:01:40.430948+00
c69dab73-d604-4c2c-a698-e980c4322fdc,/srv/fim-watch/gen_00201.txt,2026-09-18 12:58:12.310723+00,2026-09-18 13:01:40.453875+00
489a028a-1b37-41e4-b9a5-8a83e83f20af,/srv/fim-watch/critico/gen_00209.txt,2026-09-18 12:58:12.410309+00,2026-09-18 13:01:40.478546+00
63fe532d-2937-439c-bac6-e36349652a88,/srv/fim-watch/critico/gen_00130.txt,2026-09-18 12:58:12.510532+00,2026-09-18 13:01:40.502509+00
360012c4-a3ca-4ced-ac7b-9e163d2d86e2,/srv/fim-watch/gen_00096.txt,2026-09-18 12:58:12.610382+00,2026-09-18 13:01:40.524327+00
49b3de19-fff7-4b95-b922-cd43a81d02cc,/srv/fim-watch/critico/gen_00210.txt,2026-09-18 12:58:12.710422+00,2026-09-18 13:01:40.551387+00
3ef8f3c9-f183-49b6-93e9-5b6b04099451,/srv/fim-watch/gen_00201.txt,2026-09-18 12:58:12.809709+00,2026-09-18 13:01:40.574879+00
53f1ee30-4d24-4b5b-8b3b-61bcbe7017ec,/srv/fim-watch/gen_00211.txt,2026-09-18 12:58:12.910047+00,2026-09-18 13:01:40.59771+00
7f068689-065e-409b-9fd3-bc6becb80380,/srv/fim-watch/gen_00211.txt,2026-09-18 12:58:13.010016+00,2026-09-18 13:01:40.621883+00
e3da034e-ad4a-4d88-88f3-5161fc2cc469,/srv/fim-watch/gen_00058.txt,2026-09-18 12:58:13.110017+00,2026-09-18 13:01:40.645996+00
4595598c-9b55-4c99-9242-7c268f5c18eb,/srv/fim-watch/gen_00160.txt,2026-09-18 12:58:13.210289+00,2026-09-18 13:01:40.671828+00
dd282dad-5b7f-410a-aeae-972400b53517,/srv/fim-watch/gen_00096.txt,2026-09-18 12:58:13.310034+00,2026-09-18 13:01:40.693874+00
b1c06da9-8eb9-4973-a8a2-53e822c77485,/srv/fim-watch/gen_00096.txt,2026-09-18 12:58:13.409766+00,2026-09-18 13:01:40.720551+00
34af1603-2d64-45c3-abb2-46a08fadff49,/srv/fim-watch/gen_00178.txt,2026-09-18 12:58:13.509749+00,2026-09-18 13:01:40.746861+00
c1502bbe-544a-434e-aa5c-bc5b3dc03d18,/srv/fim-watch/critico/gen_00025.txt,2026-09-18 12:58:13.60981+00,2026-09-18 13:01:40.772729+00
19b6d2ad-ab59-4bc1-8dd2-536a412b29d9,/srv/fim-watch/critico/gen_00169.txt,2026-09-18 12:58:13.710233+00,2026-09-18 13:01:40.795436+00
5d608250-61a1-4832-8638-9174fa43cbd9,/srv/fim-watch/gen_00161.txt,2026-09-18 12:58:13.810432+00,2026-09-18 13:01:40.81351+00
55e1f137-ad49-4836-97f3-e99f83b47f14,/srv/fim-watch/gen_00161.txt,2026-09-18 12:58:13.910537+00,2026-09-18 13:01:40.838237+00
f8e9f04f-f94b-402a-b671-9db6b070941d,/srv/fim-watch/gen_00162.txt,2026-09-18 12:58:14.010272+00,2026-09-18 13:01:40.858574+00
6b0ecb92-ddc2-4ec4-9e19-c567ed52bdbb,/srv/fim-watch/gen_00212.txt,2026-09-18 12:58:14.110055+00,2026-09-18 13:01:40.881063+00
ec8f928c-50d4-41b7-924f-ddfa44066122,/srv/fim-watch/gen_00213.txt,2026-09-18 12:58:14.210374+00,2026-09-18 13:01:40.90428+00
f39af3c3-f66a-4075-8afc-3fcbae3d52a1,/srv/fim-watch/gen_00103.txt,2026-09-18 12:58:14.310212+00,2026-09-18 13:01:40.923963+00
8ce7da75-85d4-4229-8d07-7bf59e4d054f,/srv/fim-watch/gen_00071.txt,2026-09-18 12:58:14.410049+00,2026-09-18 13:01:40.945416+00
ef8a8082-b010-44d4-8a78-56a3fff225a1,/srv/fim-watch/gen_00050.txt,2026-09-18 12:58:14.510393+00,2026-09-18 13:01:40.965914+00
b52a4884-db47-43c3-852e-c8dffe7a2ceb,/srv/fim-watch/gen_00214.txt,2026-09-18 12:58:14.610527+00,2026-09-18 13:01:40.986554+00
4a747378-55c4-4426-a485-9ac9739838fb,/srv/fim-watch/critico/gen_00200.txt,2026-09-18 12:58:14.709992+00,2026-09-18 13:01:41.007253+00
21217c66-8a1b-419e-8612-7ec8ba9a6a98,/srv/fim-watch/critico/gen_00200.txt,2026-09-18 12:58:14.810211+00,2026-09-18 13:01:41.020468+00
88ef2208-0706-41c1-bc2c-3c70ded2b41f,/srv/fim-watch/critico/gen_00200.txt,2026-09-18 12:58:14.909772+00,2026-09-18 13:01:41.033115+00
bfa0ca7f-e1fc-465f-a3ec-9ce92ba5653c,/srv/fim-watch/critico/gen_00200.txt,2026-09-18 12:58:15.010409+00,2026-09-18 13:01:41.044237+00
0ca72ee3-ccaa-46f3-b36a-5645e2dcc275,/srv/fim-watch/critico/gen_00200.txt,2026-09-18 12:58:15.110227+00,2026-09-18 13:01:41.053229+00
3e5b1ba8-822c-4ae7-b97d-956be76554a8,/srv/fim-watch/gen_00057.txt,2026-09-18 12:58:15.210316+00,2026-09-18 13:01:41.06314+00
0f0ee13f-f73e-43cd-b011-296eb7380204,/srv/fim-watch/gen_00215.txt,2026-09-18 12:58:15.310369+00,2026-09-18 13:01:41.073529+00
4c6618ae-9d4c-4873-8028-34f441227527,/srv/fim-watch/gen_00074.txt,2026-09-18 12:58:15.410182+00,2026-09-18 13:01:41.084189+00
2052f08d-896a-4c39-8ea6-b92d1d797ef9,/srv/fim-watch/critico/gen_00123.txt,2026-09-18 12:58:15.509999+00,2026-09-18 13:01:41.095177+00
f9f25941-317e-4404-8343-0615eaf6420d,/srv/fim-watch/gen_00102.txt,2026-09-18 12:58:15.609981+00,2026-09-18 13:01:41.106935+00
08b11daa-8b0b-4436-8f4a-32b63fef16c5,/srv/fim-watch/gen_00170.txt,2026-09-18 12:58:15.710269+00,2026-09-18 13:01:41.120684+00
ce2c3094-26f8-4447-b9b5-d133ea7ed37d,/srv/fim-watch/gen_00216.txt,2026-09-18 12:58:15.810183+00,2026-09-18 13:01:41.133995+00
ac73be77-1d1a-4457-b93f-ddcbe0ce385c,/srv/fim-watch/gen_00216.txt,2026-09-18 12:58:15.91003+00,2026-09-18 13:01:41.15553+00
aef0659e-a72b-41dd-8705-e2a03da811b6,/srv/fim-watch/critico/gen_00153.txt,2026-09-18 12:58:16.010062+00,2026-09-18 13:01:41.166533+00
fa18796a-979e-442c-b438-8f388eaeb6cd,/srv/fim-watch/gen_00217.txt,2026-09-18 12:58:16.110063+00,2026-09-18 13:01:41.1851+00
b6dc5e0b-8580-4f75-86cc-758564a7b012,/srv/fim-watch/gen_00134.txt,2026-09-18 12:58:16.210351+00,2026-09-18 13:01:41.203814+00
d6d2bb3c-5c7c-436f-82ba-757b9de35cfa,/srv/fim-watch/gen_00218.txt,2026-09-18 12:58:16.310271+00,2026-09-18 13:01:41.214163+00
0b359dd1-9666-4b71-aec6-1644c1ff7b20,/srv/fim-watch/gen_00215.txt,2026-09-18 12:58:16.409999+00,2026-09-18 13:01:41.226494+00
b7d189ea-2574-47dd-b2d1-eaa47d9207dc,/srv/fim-watch/gen_00070.txt,2026-09-18 12:58:16.510222+00,2026-09-18 13:01:41.238559+00
a9838dc6-f2e3-4591-8e84-c92702d5e2eb,/srv/fim-watch/gen_00070.txt,2026-09-18 12:58:16.610085+00,2026-09-18 13:01:41.248808+00
78707c45-ce56-48d0-a949-7182dd29a855,/srv/fim-watch/gen_00067.txt,2026-09-18 12:58:16.710767+00,2026-09-18 13:01:41.258818+00
7a1c7979-c67d-4414-8074-31ec4642e98d,/srv/fim-watch/gen_00135.txt,2026-09-18 12:58:16.810334+00,2026-09-18 13:01:41.269597+00
a4f0b763-c094-45c2-a2d5-b134b4b0cce2,/srv/fim-watch/gen_00174.txt,2026-09-18 12:58:16.910705+00,2026-09-18 13:01:41.278068+00
eb99470d-5b40-464e-a854-7ab456529b50,/srv/fim-watch/gen_00220.txt,2026-09-18 12:58:17.110166+00,2026-09-18 13:01:41.292895+00
1df14d3c-fa3e-4aa9-8b10-78f41260ba0f,/srv/fim-watch/gen_00220.txt,2026-09-18 12:58:17.209964+00,2026-09-18 13:01:41.304197+00
c7938575-c572-4f1d-9e15-718a4f106a55,/srv/fim-watch/gen_00128.txt,2026-09-18 12:58:17.310572+00,2026-09-18 13:01:41.31631+00
f498e323-0d49-42dd-aa55-2e9d8dbe0641,/srv/fim-watch/gen_00020.txt,2026-09-18 12:58:17.410759+00,2026-09-18 13:01:41.328078+00
2656ec5a-aa21-4173-be5b-f749347f8db4,/srv/fim-watch/gen_00175.txt,2026-09-18 12:58:17.510649+00,2026-09-18 13:01:41.34015+00
69f32be6-fada-43ca-b152-035a5c2afa31,/srv/fim-watch/gen_00193.txt,2026-09-18 12:58:17.609833+00,2026-09-18 13:01:41.3524+00
f4d86246-0229-4cfd-b472-e31c664f6879,/srv/fim-watch/gen_00151.txt,2026-09-18 12:58:17.710249+00,2026-09-18 13:01:41.363443+00
30c4ff3b-1abd-416c-8970-bab327adc894,/srv/fim-watch/gen_00151.txt,2026-09-18 12:58:17.810371+00,2026-09-18 13:01:41.373772+00
bf78c318-c6d0-4374-aa06-d41a30439f86,/srv/fim-watch/gen_00106.txt,2026-09-18 12:58:17.910158+00,2026-09-18 13:01:41.384925+00
ae40e7af-55d3-49f6-863a-1dbc8f9c1f30,/srv/fim-watch/gen_00170.txt,2026-09-18 12:58:18.01031+00,2026-09-18 13:01:41.398235+00
69b25369-0ace-4452-b460-f3f9295942dd,/srv/fim-watch/gen_00149.txt,2026-09-18 12:58:18.110107+00,2026-09-18 13:01:41.409136+00
88e83601-b845-49d0-a212-ec3ad8f90c3b,/srv/fim-watch/gen_00103.txt,2026-09-18 12:58:18.210053+00,2026-09-18 13:01:41.421782+00
2828b458-fd32-4a6c-876a-26e67caa4e84,/srv/fim-watch/gen_00147.txt,2026-09-18 12:58:18.309917+00,2026-09-18 13:01:41.437386+00
29c14524-0e6e-4ded-9565-87345804afe5,/srv/fim-watch/gen_00181.txt,2026-09-18 12:58:18.410079+00,2026-09-18 13:01:41.447+00
7ffe394b-112f-4b42-b38c-796a828865fc,/srv/fim-watch/gen_00181.txt,2026-09-18 12:58:18.510551+00,2026-09-18 13:01:41.459106+00
fe87d838-07a4-4095-9170-14081fbd5f42,/srv/fim-watch/gen_00093.txt,2026-09-18 12:58:18.610059+00,2026-09-18 13:01:41.469519+00
f0d30c8c-0bb4-44bd-9321-9b4a640f3d22,/srv/fim-watch/gen_00175.txt,2026-09-18 12:58:18.710427+00,2026-09-18 13:01:41.480883+00
f2091914-ce4a-4840-929d-91055f00bfb3,/srv/fim-watch/gen_00175.txt,2026-09-18 12:58:18.8102+00,2026-09-18 13:01:41.489207+00
7e6bf87d-16b2-4b4c-acb1-5195a74caff9,/srv/fim-watch/gen_00175.txt,2026-09-18 12:58:18.910537+00,2026-09-18 13:01:41.499633+00
b6dcb952-0b74-4f7c-9757-4e25a0cc3bf6,/srv/fim-watch/gen_00175.txt,2026-09-18 12:58:19.010452+00,2026-09-18 13:01:41.512946+00
f7e34c85-519c-41c2-99b3-c1e076e78870,/srv/fim-watch/gen_00175.txt,2026-09-18 12:58:19.110597+00,2026-09-18 13:01:41.524752+00
53c3fe76-f5f7-420e-b8b4-25d4fb5114b9,/srv/fim-watch/gen_00125.txt,2026-09-18 12:58:19.210433+00,2026-09-18 13:01:41.538688+00
e90b8fa2-f4a4-419d-89f9-79f3dbf3c9b9,/srv/fim-watch/gen_00062.txt,2026-09-18 12:58:19.310268+00,2026-09-18 13:01:41.551903+00
450130a6-0ffe-43a9-8f17-243a8039b837,/srv/fim-watch/critico/gen_00184.txt,2026-09-18 12:58:19.410409+00,2026-09-18 13:01:41.567572+00
b8f968d3-7597-4c42-aae3-d593fcb0c9b7,/srv/fim-watch/gen_00167.txt,2026-09-18 12:58:19.510538+00,2026-09-18 13:01:41.581011+00
514e664a-c648-4ac6-9462-5c418e13bdb9,/srv/fim-watch/gen_00221.txt,2026-09-18 12:58:19.610616+00,2026-09-18 13:01:41.593379+00
05e3aadf-3c15-494c-be8d-a38c7172650a,/srv/fim-watch/gen_00108.txt,2026-09-18 12:58:19.810323+00,2026-09-18 13:01:41.609911+00
9a004a9b-0cc8-4b71-be91-d4dc8edf93c1,/srv/fim-watch/gen_00139.txt,2026-09-18 12:58:19.910241+00,2026-09-18 13:01:41.626657+00
ccc55772-eec4-4a55-8bfb-0c31e3ed6033,/srv/fim-watch/gen_00213.txt,2026-09-18 12:58:20.010456+00,2026-09-18 13:01:41.639129+00
f5cb4151-1bb6-481b-a612-8388eec5258a,/srv/fim-watch/gen_00106.txt,2026-09-18 12:58:20.110538+00,2026-09-18 13:01:41.661235+00
170b1e71-fddc-43c5-b562-c931ded5481a,/srv/fim-watch/gen_00224.txt,2026-09-18 12:58:20.310382+00,2026-09-18 13:01:41.686112+00
04e4c3da-cfff-4155-98d0-c09551e897cc,/srv/fim-watch/gen_00224.txt,2026-09-18 12:58:20.410378+00,2026-09-18 13:01:41.7044+00
36a133f4-ba63-4228-9416-e5bc572174a6,/srv/fim-watch/critico/gen_00025.txt,2026-09-18 12:58:20.510016+00,2026-09-18 13:01:41.72969+00
1c717d53-6b75-4e65-a322-e2064d2fa78c,/srv/fim-watch/critico/gen_00025.txt,2026-09-18 12:58:20.610493+00,2026-09-18 13:01:41.750465+00
e47bc877-6038-42e0-8d59-cc1f1fde5506,/srv/fim-watch/gen_00225.txt,2026-09-18 12:58:20.710387+00,2026-09-18 13:01:41.771015+00
44355b9f-b6bd-40fd-91d1-aa15cdb2960e,/srv/fim-watch/critico/gen_00025.txt,2026-09-18 12:58:20.810568+00,2026-09-18 13:01:41.793998+00
2ca5d815-b9bf-4ed0-bd56-9adbffe45cf1,/srv/fim-watch/gen_00226.txt,2026-09-18 12:58:20.910245+00,2026-09-18 13:01:41.809978+00
0ea7abe7-e7c3-4a5e-8d4b-6074d8e85c37,/srv/fim-watch/gen_00049.txt,2026-09-18 12:58:21.010349+00,2026-09-18 13:01:41.827146+00
c63c92ff-32c6-46da-95ea-25ddc37e593e,/srv/fim-watch/gen_00203.txt,2026-09-18 12:58:21.110198+00,2026-09-18 13:01:41.845314+00
76d9f030-2e67-4b91-aa52-278715dcf572,/srv/fim-watch/gen_00114.txt,2026-09-18 12:58:21.210658+00,2026-09-18 13:01:41.87588+00
7f56c82a-8a06-4e70-b631-181dd4e64ac0,/srv/fim-watch/gen_00114.txt,2026-09-18 12:58:21.310389+00,2026-09-18 13:01:41.897458+00
9da24236-3b29-4baa-9287-b37a106313b8,/srv/fim-watch/gen_00114.txt,2026-09-18 12:58:21.410419+00,2026-09-18 13:01:41.920461+00
ba2a7124-f82b-4c21-a172-8cfd45763b92,/srv/fim-watch/gen_00114.txt,2026-09-18 12:58:21.509918+00,2026-09-18 13:01:41.940821+00
3d6c2de3-6c27-40f1-8ccd-24e8f3e27ad5,/srv/fim-watch/gen_00114.txt,2026-09-18 12:58:21.610343+00,2026-09-18 13:01:41.952658+00
2ee9bb08-c70e-4d74-b204-92787de5cf63,/srv/fim-watch/critico/gen_00227.txt,2026-09-18 12:58:21.710237+00,2026-09-18 13:01:41.970821+00
03cc5753-1362-472a-94e4-99d9dbd6282d,/srv/fim-watch/critico/gen_00227.txt,2026-09-18 12:58:21.810312+00,2026-09-18 13:01:41.995745+00
aa7ba968-b2f7-414c-938b-46f97a099ff0,/srv/fim-watch/gen_00016.txt,2026-09-18 12:58:21.910331+00,2026-09-18 13:01:42.017767+00
a3ca92d5-e4fc-4288-a074-e56ded096145,/srv/fim-watch/gen_00192.txt,2026-09-18 12:58:22.010312+00,2026-09-18 13:01:42.037301+00
25f0390b-d85e-4f71-8e08-7d8cbc00939a,/srv/fim-watch/gen_00228.txt,2026-09-18 12:58:22.110124+00,2026-09-18 13:01:42.051926+00
1355e912-1957-43c8-92ec-cd3e57cb662d,/srv/fim-watch/critico/gen_00123.txt,2026-09-18 12:58:22.210522+00,2026-09-18 13:01:42.073392+00
5077bc74-9f1b-4d78-b7ad-7f5a52d225fb,/srv/fim-watch/gen_00159.txt,2026-09-18 12:58:22.31049+00,2026-09-18 13:01:42.096507+00
7bdbee5f-5ae4-4624-a88a-756f7857cc5b,/srv/fim-watch/gen_00159.txt,2026-09-18 12:58:22.410274+00,2026-09-18 13:01:42.120185+00
3d4ef8a7-2cb0-4184-9234-af6e43fc9e3f,/srv/fim-watch/gen_00135.txt,2026-09-18 12:58:22.510567+00,2026-09-18 13:01:42.139187+00
213505a3-4f18-4ac6-83b8-285eb8afb767,/srv/fim-watch/gen_00229.txt,2026-09-18 12:58:22.611461+00,2026-09-18 13:01:42.158922+00
be30b8ee-ab80-4fbe-a046-c65d29bca678,/srv/fim-watch/critico/gen_00200.txt,2026-09-18 12:58:22.709577+00,2026-09-18 13:01:42.180964+00
0edac4ab-2266-4887-bbef-d1a0d071e76a,/srv/fim-watch/critico/gen_00200.txt,2026-09-18 12:58:22.81011+00,2026-09-18 13:01:42.206328+00
1cf2cd7f-234c-49fa-8bd4-fd58f3b2d067,/srv/fim-watch/gen_00181.txt,2026-09-18 12:58:22.909405+00,2026-09-18 13:01:42.228373+00
28104052-2417-464d-a288-2319daefc544,/srv/fim-watch/gen_00167.txt,2026-09-18 12:58:23.009655+00,2026-09-18 13:01:42.241299+00
a451b8ea-2b7a-4933-b96f-596fabc629b2,/srv/fim-watch/gen_00062.txt,2026-09-18 12:58:23.110367+00,2026-09-18 13:01:42.251083+00
ce507d4b-5fe7-44cb-adbd-3f8d973882c4,/srv/fim-watch/gen_00230.txt,2026-09-18 12:58:23.210576+00,2026-09-18 13:01:42.265482+00
ba961802-5f8a-4e97-8909-5eddd2c195bb,/srv/fim-watch/gen_00062.txt,2026-09-18 12:58:23.310586+00,2026-09-18 13:01:42.274418+00
a9475c3b-bdd0-48f6-9b5c-255aac9d07ec,/srv/fim-watch/gen_00042.txt,2026-09-18 12:58:23.410762+00,2026-09-18 13:01:42.284449+00
b4a0b475-c212-413a-8c74-bd88b15873f8,/srv/fim-watch/gen_00212.txt,2026-09-18 12:58:23.510343+00,2026-09-18 13:01:42.295813+00
54a0cfd2-a064-4215-b00f-fcb49753e69d,/srv/fim-watch/gen_00212.txt,2026-09-18 12:58:23.610489+00,2026-09-18 13:01:42.306311+00
d0d120f3-dee5-425e-a6d5-36fff8562ff7,/srv/fim-watch/gen_00218.txt,2026-09-18 12:58:23.81012+00,2026-09-18 13:01:42.321914+00
ec216c78-5dd9-447a-9f0d-666ce176bc46,/srv/fim-watch/gen_00122.txt,2026-09-18 12:58:23.910477+00,2026-09-18 13:01:42.340668+00
307f3197-77ec-4b2d-b0a7-90d92a622921,/srv/fim-watch/gen_00122.txt,2026-09-18 12:58:24.010564+00,2026-09-18 13:01:42.365867+00
ce1d6876-a498-4f73-8e5d-1e45aad566bb,/srv/fim-watch/critico/gen_00233.txt,2026-09-18 12:58:24.210641+00,2026-09-18 13:01:42.387606+00
1e9e113b-d737-4b87-9f51-8c8a2867b9b8,/srv/fim-watch/critico/gen_00233.txt,2026-09-18 12:58:24.310559+00,2026-09-18 13:01:42.412883+00
f72176ea-b816-4b53-8b35-355e84919ad5,/srv/fim-watch/gen_00068.txt,2026-09-18 12:58:24.410451+00,2026-09-18 13:01:42.435194+00
4e12eaf6-572e-40ef-81e8-392e8d088b5b,/srv/fim-watch/gen_00234.txt,2026-09-18 12:58:24.510271+00,2026-09-18 13:01:42.459842+00
3f05672d-c5a8-4b08-851f-87b910aa91d6,/srv/fim-watch/gen_00117.txt,2026-09-18 12:58:24.610328+00,2026-09-18 13:01:42.480162+00
14404d5b-68fd-4f50-9ecd-6d1ecb73a282,/srv/fim-watch/gen_00102.txt,2026-09-18 12:58:24.710366+00,2026-09-18 13:01:42.49664+00
0ff932cf-5d48-4861-aae1-ad5d67b642b0,/srv/fim-watch/gen_00108.txt,2026-09-18 12:58:24.810284+00,2026-09-18 13:01:42.511887+00
831664ac-cdc7-41a9-ac47-ac7417b5ff6f,/srv/fim-watch/gen_00235.txt,2026-09-18 12:58:24.910193+00,2026-09-18 13:01:42.528197+00
e17ba239-d12b-40f9-b097-f0cff3335973,/srv/fim-watch/critico/gen_00236.txt,2026-09-18 12:58:25.010393+00,2026-09-18 13:01:42.543819+00
9e9c8c64-3dc5-4fd9-aa09-19ca9a1af677,/srv/fim-watch/critico/gen_00222.txt,2026-09-18 12:58:25.110437+00,2026-09-18 13:01:42.555863+00
09e96a16-7832-45dc-99a8-76f773ff7951,/srv/fim-watch/gen_00237.txt,2026-09-18 12:58:25.210152+00,2026-09-18 13:01:42.565784+00
23e3aa47-0402-4fd5-b2ce-820d46f60902,/srv/fim-watch/gen_00238.txt,2026-09-18 12:58:25.310381+00,2026-09-18 13:01:42.57835+00
1edf0f3a-3f51-4dee-adab-98097782626c,/srv/fim-watch/gen_00195.txt,2026-09-18 12:58:25.410362+00,2026-09-18 13:01:42.588603+00
31fffd5a-d2e3-411a-b663-80a13c37ed70,/srv/fim-watch/gen_00115.txt,2026-09-18 12:58:25.510366+00,2026-09-18 13:01:42.600555+00
85ec5b42-ff8b-49b0-a942-4036e8c9992d,/srv/fim-watch/gen_00115.txt,2026-09-18 12:58:25.61019+00,2026-09-18 13:01:42.612473+00
8449a959-1493-4ec8-adf1-4e068a20b79c,/srv/fim-watch/gen_00115.txt,2026-09-18 12:58:25.710698+00,2026-09-18 13:01:42.626593+00
8109123a-8f1a-48c5-8f3d-5063a5dcac70,/srv/fim-watch/gen_00115.txt,2026-09-18 12:58:25.81045+00,2026-09-18 13:01:42.643518+00
21d3f10b-9947-4b24-9fe3-2f24f6afa313,/srv/fim-watch/gen_00115.txt,2026-09-18 12:58:25.910433+00,2026-09-18 13:01:42.657369+00
863f58a8-69c9-4be9-a2fc-9c51d958a017,/srv/fim-watch/gen_00079.txt,2026-09-18 12:58:26.010325+00,2026-09-18 13:01:42.669929+00
30ae8598-1e0a-4887-9a0c-6cd89dfc6970,/srv/fim-watch/gen_00057.txt,2026-09-18 12:58:26.110058+00,2026-09-18 13:01:42.683636+00
76d36942-129c-4f99-837c-49b8ddbc84e4,/srv/fim-watch/gen_00194.txt,2026-09-18 12:58:26.209983+00,2026-09-18 13:01:42.698475+00
280d7b28-6217-4da8-ad3b-f2e1ca82beca,/srv/fim-watch/gen_00239.txt,2026-09-18 12:58:26.309778+00,2026-09-18 13:01:42.713586+00
85b74764-2d06-4230-b95f-768975234931,/srv/fim-watch/gen_00240.txt,2026-09-18 12:58:26.409872+00,2026-09-18 13:01:42.740636+00
0c08931e-c1b3-44e9-b2b8-2d8d188e3d07,/srv/fim-watch/gen_00185.txt,2026-09-18 12:58:26.510275+00,2026-09-18 13:01:42.760294+00
2b4b53c0-4320-4fcf-8fee-73e6198e29e1,/srv/fim-watch/gen_00203.txt,2026-09-18 12:58:26.609876+00,2026-09-18 13:01:42.785158+00
213d3370-e8a9-4935-a5fc-7d5cd9ead39b,/srv/fim-watch/gen_00231.txt,2026-09-18 12:58:26.710007+00,2026-09-18 13:01:42.803973+00
b101c1d9-2c68-4542-8031-91e332ae93d4,/srv/fim-watch/gen_00217.txt,2026-09-18 12:58:26.809932+00,2026-09-18 13:01:42.81728+00
a939bb22-19fc-40f8-b0fa-893ca1a8deba,/srv/fim-watch/gen_00049.txt,2026-09-18 12:58:26.910084+00,2026-09-18 13:01:42.83068+00
6de61e16-50d3-43da-8317-4d6e226869fd,/srv/fim-watch/gen_00240.txt,2026-09-18 12:58:27.009976+00,2026-09-18 13:01:42.847734+00
7977d7e9-d1df-4bdf-ad25-641b97ddf44c,/srv/fim-watch/gen_00078.txt,2026-09-18 12:58:27.109939+00,2026-09-18 13:01:42.864829+00
af05a8a3-6ed8-47f5-a068-c69f2c64276d,/srv/fim-watch/gen_00146.txt,2026-09-18 12:58:27.210008+00,2026-09-18 13:01:42.881584+00
e44aed04-91a7-4841-b365-c3eaf9133dc9,/srv/fim-watch/gen_00104.txt,2026-09-18 12:58:27.309985+00,2026-09-18 13:01:42.903702+00
63c605fd-70e3-4ad9-8f83-a5908e2d6241,/srv/fim-watch/critico/gen_00037.txt,2026-09-18 12:58:27.409939+00,2026-09-18 13:01:42.921842+00
b202a440-918a-4a02-981b-3aa506b998b2,/srv/fim-watch/gen_00155.txt,2026-09-18 12:58:27.510322+00,2026-09-18 13:01:42.943648+00
4bdf590c-9c08-477e-b9b9-fdc5bb43e798,/srv/fim-watch/gen_00241.txt,2026-09-18 12:58:27.609752+00,2026-09-18 13:01:42.969044+00
e96806a1-132e-4499-9730-06e730768fa3,/srv/fim-watch/gen_00219.txt,2026-09-18 12:58:27.709933+00,2026-09-18 13:01:42.990559+00
211aef78-a3bc-4ed9-bcbf-158ce0a04500,/srv/fim-watch/critico/gen_00222.txt,2026-09-18 12:58:27.810047+00,2026-09-18 13:01:43.014213+00
d2da8d83-3c24-4a60-abf2-cb9a777f5d46,/srv/fim-watch/gen_00088.txt,2026-09-18 12:58:27.910021+00,2026-09-18 13:01:43.040127+00
d039ad96-ec7b-4bd2-98dd-60f3b539d092,/srv/fim-watch/critico/gen_00025.txt,2026-09-18 12:58:28.009834+00,2026-09-18 13:01:43.063912+00
bb64d4c6-d288-457b-9bdf-f20aa3a38190,/srv/fim-watch/gen_00229.txt,2026-09-18 12:58:28.112956+00,2026-09-18 13:01:43.090021+00
8bae77cc-53f4-48ed-bd9a-99ad8bcda34a,/srv/fim-watch/gen_00217.txt,2026-09-18 12:58:28.210438+00,2026-09-18 13:01:43.112749+00
12cc2e13-1040-4979-9641-de96f1e3c000,/srv/fim-watch/critico/gen_00242.txt,2026-09-18 12:58:28.310249+00,2026-09-18 13:01:43.137936+00
08f045cf-df25-4340-a12d-5505881d2332,/srv/fim-watch/gen_00243.txt,2026-09-18 12:58:28.410296+00,2026-09-18 13:01:43.16175+00
d6335e92-d22e-401f-adf2-9816514bdfb1,/srv/fim-watch/gen_00089.txt,2026-09-18 12:58:28.510322+00,2026-09-18 13:01:43.183347+00
2439cafa-67c6-4667-94ad-510302cc08a6,/srv/fim-watch/gen_00244.txt,2026-09-18 12:58:28.610065+00,2026-09-18 13:01:43.209581+00
c1c3d94f-f38f-4821-8747-f8d030bb9cea,/srv/fim-watch/gen_00244.txt,2026-09-18 12:58:28.710027+00,2026-09-18 13:01:43.233249+00
79536109-dec6-421b-a675-b065a69b2dd1,/srv/fim-watch/critico/gen_00191.txt,2026-09-18 12:58:28.810597+00,2026-09-18 13:01:43.254286+00
b13d0e53-79bd-4b3f-9afe-2179decb5331,/srv/fim-watch/gen_00203.txt,2026-09-18 12:58:28.910393+00,2026-09-18 13:01:43.274969+00
c175c98c-2bec-45c1-a9f3-4d243e6d58cf,/srv/fim-watch/gen_00203.txt,2026-09-18 12:58:29.010146+00,2026-09-18 13:01:43.301912+00
f97952c0-b8d1-4164-affc-c8d593a68c86,/srv/fim-watch/gen_00088.txt,2026-09-18 12:58:29.110101+00,2026-09-18 13:01:43.32413+00
ba7af89a-6eaf-4b66-b635-5c3aea430a0b,/srv/fim-watch/gen_00245.txt,2026-09-18 12:58:29.209972+00,2026-09-18 13:01:43.348954+00
4c2985b7-0ffd-4c8b-b980-4554f7043d8d,/srv/fim-watch/critico/gen_00156.txt,2026-09-18 12:58:29.310303+00,2026-09-18 13:01:43.373917+00
df8eb0aa-22e0-4102-8f01-439ab9b84726,/srv/fim-watch/gen_00198.txt,2026-09-18 12:58:29.41037+00,2026-09-18 13:01:43.398564+00
06df7f0b-b780-4c88-b0f0-dd5f0f58507d,/srv/fim-watch/gen_00246.txt,2026-09-18 12:58:29.510063+00,2026-09-18 13:01:43.418147+00
4270178c-cc4e-4cb9-9b1e-0f6562adc12b,/srv/fim-watch/critico/gen_00200.txt,2026-09-18 12:58:29.610268+00,2026-09-18 13:01:43.444545+00
55040f74-4c09-4006-a589-e3daa352d130,/srv/fim-watch/gen_00219.txt,2026-09-18 12:58:29.71015+00,2026-09-18 13:01:43.461546+00
733a7e0b-9248-482d-8e96-83599b95336f,/srv/fim-watch/gen_00174.txt,2026-09-18 12:58:29.810171+00,2026-09-18 13:01:43.477606+00
a21c5c5a-ea11-4ed3-ae66-49f5ebc70a4b,/srv/fim-watch/critico/gen_00209.txt,2026-09-18 12:58:29.910043+00,2026-09-18 13:01:43.488346+00
d382dc74-073d-4c0d-8ea4-0d538000d970,/srv/fim-watch/gen_00057.txt,2026-09-18 12:58:30.009788+00,2026-09-18 13:01:43.499293+00
61e8ffaf-0cb8-4ac9-a5ee-b751384b5ca3,/srv/fim-watch/gen_00161.txt,2026-09-18 12:58:30.109891+00,2026-09-18 13:01:43.510833+00
89cb7bec-a9ac-4b13-bfd6-7ccc23f5d20d,/srv/fim-watch/gen_00237.txt,2026-09-18 12:58:30.209805+00,2026-09-18 13:01:43.523284+00
b6518b3a-edd3-41fe-86cd-f1ea73ccc147,/srv/fim-watch/critico/gen_00242.txt,2026-09-18 12:58:30.310242+00,2026-09-18 13:01:43.534898+00
0d879532-0c4b-48e1-b9c6-abc183b5d98b,/srv/fim-watch/gen_00247.txt,2026-09-18 12:58:30.409828+00,2026-09-18 13:01:43.55126+00
402fa185-a409-4857-b12d-00dfe5d0fba6,/srv/fim-watch/gen_00006.txt,2026-09-18 12:58:30.509916+00,2026-09-18 13:01:43.570764+00
3d52c432-3c39-432c-84a1-f96e1f52e2d1,/srv/fim-watch/gen_00114.txt,2026-09-18 12:58:30.609891+00,2026-09-18 13:01:43.586674+00
ad4eb0c5-863d-467c-8c81-4419891a8d0e,/srv/fim-watch/gen_00128.txt,2026-09-18 12:58:30.709712+00,2026-09-18 13:01:43.601333+00
3f171d0f-184a-4ab1-95ca-39870983d006,/srv/fim-watch/gen_00128.txt,2026-09-18 12:58:30.809654+00,2026-09-18 13:01:43.61338+00
86fc55e9-c9b2-423b-bc83-97cecab59b12,/srv/fim-watch/gen_00128.txt,2026-09-18 12:58:30.909662+00,2026-09-18 13:01:43.626356+00
aceae649-46de-4d8c-bf0d-c00f95b0e37e,/srv/fim-watch/gen_00128.txt,2026-09-18 12:58:31.009877+00,2026-09-18 13:01:43.638966+00
34eb8a75-bdad-4812-95b3-5492c8e3ee95,/srv/fim-watch/gen_00128.txt,2026-09-18 12:58:31.109804+00,2026-09-18 13:01:43.653644+00
a99201be-fdf6-4894-b9e4-9efed5335ec6,/srv/fim-watch/gen_00162.txt,2026-09-18 12:58:31.209937+00,2026-09-18 13:01:43.666088+00
a7882900-e490-433e-990e-7b9501fe0547,/srv/fim-watch/critico/gen_00248.txt,2026-09-18 12:58:31.309871+00,2026-09-18 13:01:43.678448+00
7640c79c-1e90-4ab9-afce-c97a9db3405e,/srv/fim-watch/gen_00249.txt,2026-09-18 12:58:31.409625+00,2026-09-18 13:01:43.694891+00
c236efef-ee6d-46fd-853e-e90033c818a2,/srv/fim-watch/critico/gen_00236.txt,2026-09-18 12:58:31.51014+00,2026-09-18 13:01:43.705705+00
7528fa51-9ed6-4363-ab31-1d9bf48ce2ef,/srv/fim-watch/gen_00093.txt,2026-09-18 12:58:31.609789+00,2026-09-18 13:01:43.716003+00
b1886eba-55ac-4ee7-a717-32893f0471b3,/srv/fim-watch/critico/gen_00222.txt,2026-09-18 12:58:31.710244+00,2026-09-18 13:01:43.728042+00
87a66ea7-8d3d-49bc-a812-b149e62c4db9,/srv/fim-watch/gen_00239.txt,2026-09-18 12:58:31.81008+00,2026-09-18 13:01:43.745813+00
78a8e2e5-76c4-4556-bbdb-e98d812b9a4e,/srv/fim-watch/gen_00128.txt,2026-09-18 12:58:31.910119+00,2026-09-18 13:01:43.760683+00
613b2ea9-db65-4d34-9394-b431bebee26d,/srv/fim-watch/gen_00235.txt,2026-09-18 12:58:32.009956+00,2026-09-18 13:01:43.771611+00
ddb464c7-afe1-4a1c-99dc-c9c1d539737c,/srv/fim-watch/gen_00074.txt,2026-09-18 12:58:32.109705+00,2026-09-18 13:01:43.786622+00
d0089495-b2bd-458b-ae41-f39ef69ebcf2,/srv/fim-watch/gen_00159.txt,2026-09-18 12:58:32.210048+00,2026-09-18 13:01:43.802467+00
c7b9319c-d45d-44f0-a910-02eeb827e30e,/srv/fim-watch/gen_00068.txt,2026-09-18 12:58:32.410058+00,2026-09-18 13:01:43.817729+00
6abb11df-f6bf-4faf-83b0-e6601f9acf45,/srv/fim-watch/critico/gen_00189.txt,2026-09-18 12:58:32.510189+00,2026-09-18 13:01:43.828155+00
bb0ee5fa-8bb9-4449-917f-87e94f902c2f,/srv/fim-watch/critico/gen_00189.txt,2026-09-18 12:58:32.609782+00,2026-09-18 13:01:43.838821+00
e4280568-f43e-4543-a34c-878d9f73c78d,/srv/fim-watch/gen_00234.txt,2026-09-18 12:58:32.710026+00,2026-09-18 13:01:43.848656+00
70c3d98a-3d00-48a1-bb14-b58fc82bc9bf,/srv/fim-watch/gen_00214.txt,2026-09-18 12:58:32.809992+00,2026-09-18 13:01:43.85874+00
0153a8b4-a013-4869-850c-3eba19ca73dc,/srv/fim-watch/gen_00163.txt,2026-09-18 12:58:32.909979+00,2026-09-18 13:01:43.869964+00
fe6caa52-06e6-40d3-8714-dc83d3ce0229,/srv/fim-watch/gen_00231.txt,2026-09-18 12:58:33.110172+00,2026-09-18 13:01:43.881803+00
a35772cf-3591-44ea-9cf0-f327d4c0509d,/srv/fim-watch/gen_00252.txt,2026-09-18 12:58:33.209981+00,2026-09-18 13:01:43.891434+00
92d34196-f32f-4fdc-8475-658a94b6321d,/srv/fim-watch/critico/gen_00233.txt,2026-09-18 12:58:33.31021+00,2026-09-18 13:01:43.903982+00
5886ae0d-cb48-4aa0-bd37-d8c1e278a3b3,/srv/fim-watch/critico/gen_00253.txt,2026-09-18 12:58:33.409633+00,2026-09-18 13:01:43.919157+00
cfe304fb-6f51-43da-a266-8d0f1491e9f1,/srv/fim-watch/gen_00221.txt,2026-09-18 12:58:33.509669+00,2026-09-18 13:01:43.930336+00
ecf3dae7-0130-42f0-b4f5-22f31158892d,/srv/fim-watch/gen_00254.txt,2026-09-18 12:58:33.610734+00,2026-09-18 13:01:43.943709+00
98159a46-3f32-4d6b-99c2-02a114e1c97e,/srv/fim-watch/gen_00255.txt,2026-09-18 12:58:33.710009+00,2026-09-18 13:01:43.956312+00
81ae4061-f189-40f8-a480-8317ad6ae84b,/srv/fim-watch/gen_00256.txt,2026-09-18 12:58:33.809873+00,2026-09-18 13:01:43.967777+00
50f66cac-92f6-4145-92cc-9579b7301b63,/srv/fim-watch/gen_00187.txt,2026-09-18 12:58:33.910194+00,2026-09-18 13:01:43.979936+00
decd36d4-cb0a-4e96-a859-b5b37d025e1d,/srv/fim-watch/gen_00187.txt,2026-09-18 12:58:34.010195+00,2026-09-18 13:01:43.99112+00
50010a4a-7a79-4dfe-b2de-766387afd1cc,/srv/fim-watch/gen_00064.txt,2026-09-18 12:58:34.109984+00,2026-09-18 13:01:44.002344+00
4f6e289c-11e4-40f4-b51e-197ae945210b,/srv/fim-watch/gen_00257.txt,2026-09-18 12:58:34.210032+00,2026-09-18 13:01:44.016963+00
a903bf8b-d629-4fc8-b353-7778ef0aa0b5,/srv/fim-watch/gen_00258.txt,2026-09-18 12:58:34.310353+00,2026-09-18 13:01:44.028919+00
afec50df-8c6d-4edb-bc76-ae5a0186b2cb,/srv/fim-watch/gen_00258.txt,2026-09-18 12:58:34.410177+00,2026-09-18 13:01:44.039306+00
9726db05-9474-47a1-a79e-2dd3b7649842,/srv/fim-watch/gen_00259.txt,2026-09-18 12:58:34.510249+00,2026-09-18 13:01:44.050667+00
0c126703-324a-453c-ab12-0c64fbb43e72,/srv/fim-watch/gen_00006.txt,2026-09-18 12:58:34.610102+00,2026-09-18 13:01:44.062416+00
cf58c7c1-2aec-4a4d-a294-45bc7fe32aa6,/srv/fim-watch/gen_00108.txt,2026-09-18 12:58:34.710387+00,2026-09-18 13:01:44.071854+00
92257aa0-96a4-4c5b-95d7-5f0e722e16de,/srv/fim-watch/gen_00256.txt,2026-09-18 12:58:34.810436+00,2026-09-18 13:01:44.083889+00
a7eb12db-c5bf-4e1e-9f64-f21bc8662419,/srv/fim-watch/gen_00260.txt,2026-09-18 12:58:34.910022+00,2026-09-18 13:01:44.096564+00
163acd14-7154-4fca-a5a2-d283595a5514,/srv/fim-watch/gen_00175.txt,2026-09-18 12:58:35.00975+00,2026-09-18 13:01:44.107+00
d8d5da71-8031-474b-9846-ed7f8770a131,/srv/fim-watch/gen_00261.txt,2026-09-18 12:58:35.110301+00,2026-09-18 13:01:44.116585+00
5a36590d-4666-4613-a476-af93f588e2ab,/srv/fim-watch/gen_00263.txt,2026-09-18 12:58:35.310722+00,2026-09-18 13:01:44.126887+00
80f6348f-e751-4f18-9ab5-e2507cb4a179,/srv/fim-watch/gen_00264.txt,2026-09-18 12:58:35.410369+00,2026-09-18 13:01:44.137283+00
1a9eb43f-d9de-48cb-b9ba-311a7227941a,/srv/fim-watch/gen_00050.txt,2026-09-18 12:58:35.510484+00,2026-09-18 13:01:44.149431+00
adcefcd7-b94d-4f8e-8581-a3a6d60a49ac,/srv/fim-watch/gen_00084.txt,2026-09-18 12:58:35.610434+00,2026-09-18 13:01:44.159613+00
c2c875b1-a475-4f48-8c83-67470d73aef9,/srv/fim-watch/gen_00265.txt,2026-09-18 12:58:35.710165+00,2026-09-18 13:01:44.17267+00
e96d032a-9fb8-4d2c-9316-501e28ef36c7,/srv/fim-watch/gen_00266.txt,2026-09-18 12:58:35.810246+00,2026-09-18 13:01:44.186761+00
f22e61c3-bf90-4584-b75d-1278cf667fe3,/srv/fim-watch/critico/gen_00053.txt,2026-09-18 12:58:35.910212+00,2026-09-18 13:01:44.199348+00
18f1e1a0-2fdd-4de4-b2ee-f525229085cd,/srv/fim-watch/gen_00006.txt,2026-09-18 12:58:36.009933+00,2026-09-18 13:01:44.211435+00
c1437d7c-e6fa-457e-81ea-d4eccf85cd5f,/srv/fim-watch/critico/gen_00209.txt,2026-09-18 12:58:36.11022+00,2026-09-18 13:01:44.223304+00
b255f18f-50af-42be-a93d-17ea72c9c867,/srv/fim-watch/critico/gen_00156.txt,2026-09-18 12:58:36.21047+00,2026-09-18 13:01:44.235875+00
afc07b85-bffd-4882-9f45-21b609a09d93,/srv/fim-watch/gen_00267.txt,2026-09-18 12:58:36.310408+00,2026-09-18 13:01:44.248711+00
d09edd53-9191-445d-ab76-9400bb3122af,/srv/fim-watch/gen_00195.txt,2026-09-18 12:58:36.410229+00,2026-09-18 13:01:44.262558+00
5ebf0eef-b90d-4418-9117-15af81c199e1,/srv/fim-watch/gen_00254.txt,2026-09-18 12:58:36.510185+00,2026-09-18 13:01:44.27531+00
474c7fe7-e261-44bb-919d-9300de3aa63a,/srv/fim-watch/gen_00269.txt,2026-09-18 12:58:36.710621+00,2026-09-18 13:01:44.287489+00
48795186-4581-46ee-9856-e809364c341a,/srv/fim-watch/gen_00270.txt,2026-09-18 12:58:36.810618+00,2026-09-18 13:01:44.302722+00
7bf6ec62-b80f-4cbc-8e27-55b63555f65b,/srv/fim-watch/gen_00270.txt,2026-09-18 12:58:36.910459+00,2026-09-18 13:01:44.313325+00
f989c8fb-ad84-466a-af26-ae2d7b525324,/srv/fim-watch/gen_00175.txt,2026-09-18 12:58:37.010441+00,2026-09-18 13:01:44.325013+00
7878597b-9922-4b84-bb32-9bbda52ecde5,/srv/fim-watch/gen_00175.txt,2026-09-18 12:58:37.110246+00,2026-09-18 13:01:44.339521+00
e8c58e6f-f2cd-435b-90bf-011ebd443bef,/srv/fim-watch/gen_00271.txt,2026-09-18 12:58:37.210443+00,2026-09-18 13:01:44.353009+00
e30835cb-78a2-4ffc-be8c-9c6241fce7ec,/srv/fim-watch/gen_00033.txt,2026-09-18 12:58:37.310414+00,2026-09-18 13:01:44.365505+00
556eccaf-0655-4a20-9e45-2b872aa020ea,/srv/fim-watch/critico/gen_00272.txt,2026-09-18 12:58:37.410155+00,2026-09-18 13:01:44.377835+00
37fed2d5-fa25-48e8-ba6e-d1a6b8183c24,/srv/fim-watch/gen_00058.txt,2026-09-18 12:58:37.510472+00,2026-09-18 13:01:44.391766+00
9975bd18-2ee5-4ddf-8e37-c04f6c3174a4,/srv/fim-watch/critico/gen_00169.txt,2026-09-18 12:58:37.610556+00,2026-09-18 13:01:44.404306+00
593ae0d6-1f94-4761-963f-c2fe820bd8ce,/srv/fim-watch/gen_00267.txt,2026-09-18 12:58:37.711032+00,2026-09-18 13:01:44.419513+00
b8057d04-68d5-4ae1-a133-5664ae67b237,/srv/fim-watch/gen_00267.txt,2026-09-18 12:58:37.810494+00,2026-09-18 13:01:44.432613+00
9102e04b-08dc-417c-8e22-01f7817cedea,/srv/fim-watch/gen_00267.txt,2026-09-18 12:58:37.91061+00,2026-09-18 13:01:44.444876+00
f5eedb23-c99a-4d66-a210-b2f32ccf81cd,/srv/fim-watch/gen_00267.txt,2026-09-18 12:58:38.010318+00,2026-09-18 13:01:44.459915+00
dfcc994b-b9f0-45ce-a45e-0df9e31fe852,/srv/fim-watch/gen_00267.txt,2026-09-18 12:58:38.11029+00,2026-09-18 13:01:44.471579+00
4943414f-fee0-406d-a419-5dd5a72cd409,/srv/fim-watch/gen_00036.txt,2026-09-18 12:58:38.210383+00,2026-09-18 13:01:44.487556+00
d2358d0b-aded-44cd-8a17-d606447b0a9d,/srv/fim-watch/gen_00065.txt,2026-09-18 12:58:38.310401+00,2026-09-18 13:01:44.502203+00
67cf73ba-5caa-43b0-90ba-b92f488fcec2,/srv/fim-watch/gen_00273.txt,2026-09-18 12:58:38.410651+00,2026-09-18 13:01:44.513531+00
6ef637fa-d6b8-4b50-94d0-05b0fb34de36,/srv/fim-watch/critico/gen_00236.txt,2026-09-18 12:58:38.51052+00,2026-09-18 13:01:44.525967+00
c3bdf2d1-0ffd-44ae-bbc4-3125b23a2e25,/srv/fim-watch/critico/gen_00236.txt,2026-09-18 12:58:38.610719+00,2026-09-18 13:01:44.538357+00
b0e01a22-9fde-40a5-9e07-79856b966b2a,/srv/fim-watch/gen_00245.txt,2026-09-18 12:58:38.710277+00,2026-09-18 13:01:44.552214+00
731af98a-b925-4500-bc0e-fb36233cdc93,/srv/fim-watch/gen_00268.txt,2026-09-18 12:58:38.810186+00,2026-09-18 13:01:44.565057+00
b94983f1-79ac-467f-b0ec-6f6bded7594e,/srv/fim-watch/gen_00134.txt,2026-09-18 12:58:39.109459+00,2026-09-18 13:01:44.577939+00
15b5dab5-546b-454e-8235-2d710c1e52a1,/srv/fim-watch/gen_00266.txt,2026-09-18 12:58:39.210362+00,2026-09-18 13:01:44.590595+00
de3a6cd5-b952-45db-ba65-128f384582e4,/srv/fim-watch/gen_00088.txt,2026-09-18 12:58:39.310509+00,2026-09-18 13:01:44.604419+00
ddb4bd5c-8d52-4eaa-96a7-bb70fb6b601c,/srv/fim-watch/gen_00088.txt,2026-09-18 12:58:39.410018+00,2026-09-18 13:01:44.622456+00
26427205-71e8-40b3-8cdd-e608aa6b093f,/srv/fim-watch/gen_00129.txt,2026-09-18 12:58:39.510631+00,2026-09-18 13:01:44.636849+00
af4e03ac-fa9c-4e2e-a687-70f9ea9ef184,/srv/fim-watch/gen_00084.txt,2026-09-18 12:58:39.610827+00,2026-09-18 13:01:44.64886+00
3ee21ef9-4cdb-4924-9f62-a0c962c4d7b1,/srv/fim-watch/gen_00256.txt,2026-09-18 12:58:39.71018+00,2026-09-18 13:01:44.662683+00
8ba31ec2-3046-461a-83b3-7888c3bb5634,/srv/fim-watch/gen_00093.txt,2026-09-18 12:58:39.810138+00,2026-09-18 13:01:44.674001+00
47330070-78d5-4b8f-a663-3c9dbc460561,/srv/fim-watch/gen_00067.txt,2026-09-18 12:58:39.909579+00,2026-09-18 13:01:44.688579+00
a82c45f6-aef7-44a9-94fa-6025f3ba8aac,/srv/fim-watch/gen_00275.txt,2026-09-18 12:58:40.010183+00,2026-09-18 13:01:44.700907+00
57863827-bb35-4e11-901d-ce95c7c50f0b,/srv/fim-watch/critico/gen_00202.txt,2026-09-18 12:58:40.11001+00,2026-09-18 13:01:44.714986+00
cc15bbcd-0faa-4003-bb4e-7cd3ea8ab8b6,/srv/fim-watch/gen_00267.txt,2026-09-18 12:58:40.210285+00,2026-09-18 13:01:44.727832+00
c4418ed3-1c43-400d-bdbf-04f4436d0488,/srv/fim-watch/gen_00267.txt,2026-09-18 12:58:40.310492+00,2026-09-18 13:01:44.744439+00
64059d2b-86f5-449a-9427-4c9108554824,/srv/fim-watch/gen_00267.txt,2026-09-18 12:58:40.410265+00,2026-09-18 13:01:44.757763+00
3b73715f-d858-43fe-b24c-9fd157024734,/srv/fim-watch/gen_00267.txt,2026-09-18 12:58:40.510513+00,2026-09-18 13:01:44.769851+00
66696b66-13a7-4505-ae18-0f66b1249ff5,/srv/fim-watch/gen_00267.txt,2026-09-18 12:58:40.610382+00,2026-09-18 13:01:44.779896+00
f1226dae-b2f7-409e-9e25-dc655a8aa054,/srv/fim-watch/gen_00098.txt,2026-09-18 12:58:40.810217+00,2026-09-18 13:01:44.793788+00
07e25d33-dc83-439b-b2ef-e65b8861a848,/srv/fim-watch/critico/gen_00153.txt,2026-09-18 12:58:40.910344+00,2026-09-18 13:01:44.808758+00
f3fca26d-00e2-44c1-a1b3-34fc631374c9,/srv/fim-watch/gen_00177.txt,2026-09-18 12:58:41.010423+00,2026-09-18 13:01:44.819134+00
7112f350-ff39-4e81-b7e5-729ba766c8e3,/srv/fim-watch/critico/gen_00276.txt,2026-09-18 12:58:41.109752+00,2026-09-18 13:01:44.830546+00
986471cb-c3fb-47be-8c2c-a29c5331d816,/srv/fim-watch/critico/gen_00173.txt,2026-09-18 12:58:41.210522+00,2026-09-18 13:01:44.843215+00
90761e96-925a-424e-aec3-b171ee614fc4,/srv/fim-watch/critico/gen_00233.txt,2026-09-18 12:58:41.310148+00,2026-09-18 13:01:44.8562+00
f87e1156-ca6c-46d8-9d3a-9197ee95661d,/srv/fim-watch/gen_00105.txt,2026-09-18 12:58:41.410435+00,2026-09-18 13:01:44.868983+00
54cc8582-60e4-40ce-bfc4-b3d214d593dd,/srv/fim-watch/gen_00230.txt,2026-09-18 12:58:41.510448+00,2026-09-18 13:01:44.880789+00
7f269abd-51db-415d-8964-74e9f9dd8ad4,/srv/fim-watch/gen_00117.txt,2026-09-18 12:58:41.610735+00,2026-09-18 13:01:44.89526+00
c35fde4d-3da2-4f2e-847b-b16995b94e4e,/srv/fim-watch/gen_00277.txt,2026-09-18 12:58:41.710331+00,2026-09-18 13:01:44.907169+00
35cf2f81-8d67-4670-93c8-e7ad92967eea,/srv/fim-watch/gen_00136.txt,2026-09-18 12:58:41.810316+00,2026-09-18 13:01:44.91927+00
131f886f-8b8d-4b9d-9e5f-dcb68449a5cc,/srv/fim-watch/gen_00079.txt,2026-09-18 12:58:41.910637+00,2026-09-18 13:01:44.931765+00
90330768-ad48-4e71-9794-49af19fcabf7,/srv/fim-watch/gen_00079.txt,2026-09-18 12:58:42.010436+00,2026-09-18 13:01:44.945081+00
587fd51a-34f0-4654-809f-b25fb567738f,/srv/fim-watch/gen_00006.txt,2026-09-18 12:58:42.1098+00,2026-09-18 13:01:44.957869+00
ab98a2c3-0392-4ca8-bc17-24786904e5b9,/srv/fim-watch/critico/gen_00184.txt,2026-09-18 12:58:42.210624+00,2026-09-18 13:01:44.967811+00
bbcaf012-2133-42a3-a525-1cd8ac86ec74,/srv/fim-watch/gen_00070.txt,2026-09-18 12:58:42.310606+00,2026-09-18 13:01:44.982112+00
223a374b-4d99-415e-b0be-76e005ea4886,/srv/fim-watch/gen_00278.txt,2026-09-18 12:58:42.410091+00,2026-09-18 13:01:44.993807+00
3d27c822-714a-4506-a936-30181bd7d7cc,/srv/fim-watch/gen_00176.txt,2026-09-18 12:58:42.510604+00,2026-09-18 13:01:45.005957+00
72bda871-daa5-4e88-9c8e-20ab04ad5d75,/srv/fim-watch/gen_00213.txt,2026-09-18 12:58:42.609892+00,2026-09-18 13:01:45.019065+00
cfd685a6-395c-430f-8e1f-4aa8b9c15059,/srv/fim-watch/gen_00213.txt,2026-09-18 12:58:42.710526+00,2026-09-18 13:01:45.031742+00
f4a68e5c-0322-4008-87c7-108fb7d7eee7,/srv/fim-watch/gen_00259.txt,2026-09-18 12:58:42.810022+00,2026-09-18 13:01:45.046147+00
8a9c705f-8004-43a5-99a6-44d604a542f1,/srv/fim-watch/gen_00259.txt,2026-09-18 12:58:42.910271+00,2026-09-18 13:01:45.058496+00
007506b6-71e4-485a-a551-0cad0468f012,/srv/fim-watch/critico/gen_00242.txt,2026-09-18 12:58:43.010646+00,2026-09-18 13:01:45.07371+00
c4a285ca-478b-4237-af5f-730328e783da,/srv/fim-watch/critico/gen_00242.txt,2026-09-18 12:58:43.109891+00,2026-09-18 13:01:45.086795+00
12091671-9580-454d-a346-4cc4bcb70202,/srv/fim-watch/gen_00267.txt,2026-09-18 12:58:43.210437+00,2026-09-18 13:01:45.102232+00
f6918ab9-7627-494b-93c9-5af697805d72,/srv/fim-watch/gen_00279.txt,2026-09-18 12:58:43.310434+00,2026-09-18 13:01:45.113215+00
e2e0af17-4776-483e-8776-fed27edceebc,/srv/fim-watch/critico/gen_00280.txt,2026-09-18 12:58:43.410356+00,2026-09-18 13:01:45.126887+00
fa3dc562-d0d3-412e-8f92-d726859641b1,/srv/fim-watch/gen_00204.txt,2026-09-18 12:58:43.510413+00,2026-09-18 13:01:45.138516+00
82009f5a-1807-4767-bf21-9feab8f31190,/srv/fim-watch/gen_00274.txt,2026-09-18 12:58:43.610402+00,2026-09-18 13:01:45.150917+00
95059a4b-fae7-4fbf-805d-3cb966d550d3,/srv/fim-watch/gen_00260.txt,2026-09-18 12:58:43.710046+00,2026-09-18 13:01:45.162583+00
17d38a46-3819-4d34-bcb8-c40eee24e2c9,/srv/fim-watch/gen_00260.txt,2026-09-18 12:58:43.810231+00,2026-09-18 13:01:45.175617+00
9ac58ec5-2eae-468c-8d70-c7b1d016e03c,/srv/fim-watch/gen_00260.txt,2026-09-18 12:58:43.910159+00,2026-09-18 13:01:45.186458+00
cf58c0e3-b6f0-4a72-8a97-c3b50f63c5f4,/srv/fim-watch/gen_00260.txt,2026-09-18 12:58:44.010351+00,2026-09-18 13:01:45.200491+00
84db7211-a7dc-4848-8480-baaf2e1129f7,/srv/fim-watch/gen_00260.txt,2026-09-18 12:58:44.109597+00,2026-09-18 13:01:45.215089+00
0bae2b04-9662-4b6a-b980-3da1386e1786,/srv/fim-watch/gen_00281.txt,2026-09-18 12:58:44.210558+00,2026-09-18 13:01:45.231618+00
94c9ceda-596c-4a61-8215-53524040e2cc,/srv/fim-watch/gen_00261.txt,2026-09-18 12:58:44.310529+00,2026-09-18 13:01:45.250141+00
7a4f085e-f66a-484c-a94f-9eb7288d3be4,/srv/fim-watch/gen_00282.txt,2026-09-18 12:58:44.410117+00,2026-09-18 13:01:45.269376+00
979b5767-e157-4f0e-898f-d326d3fce2b8,/srv/fim-watch/gen_00283.txt,2026-09-18 12:58:44.510147+00,2026-09-18 13:01:45.293659+00
a1f2e74e-cade-4e5d-8b3c-a4108542f611,/srv/fim-watch/gen_00283.txt,2026-09-18 12:58:44.610123+00,2026-09-18 13:01:45.314672+00
f84649a6-3d4b-49b4-bae6-93a5d993e1f9,/srv/fim-watch/gen_00275.txt,2026-09-18 12:58:44.710466+00,2026-09-18 13:01:45.339167+00
357c8f1b-635e-47d4-9644-d5ef5c153697,/srv/fim-watch/gen_00275.txt,2026-09-18 12:58:44.810268+00,2026-09-18 13:01:45.361475+00
ecdc1673-5546-4ef7-ad75-5343f500e1f9,/srv/fim-watch/critico/gen_00183.txt,2026-09-18 12:58:44.911281+00,2026-09-18 13:01:45.38651+00
d8f62f37-2090-4c5f-ad97-f49eb2587b0d,/srv/fim-watch/gen_00278.txt,2026-09-18 12:58:45.010165+00,2026-09-18 13:01:45.411216+00
1efd574e-405c-4f2f-bb19-f229d6cff992,/srv/fim-watch/gen_00122.txt,2026-09-18 12:58:45.111508+00,2026-09-18 13:01:45.43479+00
f294bbb0-de7f-4047-a87f-70298080af0c,/srv/fim-watch/gen_00284.txt,2026-09-18 12:58:45.210445+00,2026-09-18 13:01:45.459006+00
f146a63b-8bf9-4181-9090-156b2f95057a,/srv/fim-watch/gen_00275.txt,2026-09-18 12:58:45.310434+00,2026-09-18 13:01:45.484167+00
7eac6cfb-cf22-40bc-a836-b2635457893d,/srv/fim-watch/gen_00040.txt,2026-09-18 12:58:45.410464+00,2026-09-18 13:01:45.509058+00
2147dd38-7630-4c39-9058-0135df4214ac,/srv/fim-watch/critico/gen_00156.txt,2026-09-18 12:58:45.510314+00,2026-09-18 13:01:45.530858+00
7b586183-562f-4ede-95d5-73a478bb007d,/srv/fim-watch/gen_00215.txt,2026-09-18 12:58:45.610449+00,2026-09-18 13:01:45.558845+00
a082c4cb-f29e-49d5-ad4c-7796b3a9590f,/srv/fim-watch/gen_00215.txt,2026-09-18 12:58:45.710395+00,2026-09-18 13:01:45.581788+00
1ae816ae-1eac-4697-9e83-923e53d5adeb,/srv/fim-watch/gen_00285.txt,2026-09-18 12:58:45.81053+00,2026-09-18 13:01:45.608284+00
6c58e173-c5e2-45e9-b4da-a16a4160d1e3,/srv/fim-watch/gen_00203.txt,2026-09-18 12:58:45.910525+00,2026-09-18 13:01:45.632336+00
d9ce9717-b4c7-4dfd-b5c0-9e33c111282b,/srv/fim-watch/gen_00231.txt,2026-09-18 12:58:46.01062+00,2026-09-18 13:01:45.654708+00
4e3ca1be-d7b2-4182-be51-483fd7967db5,/srv/fim-watch/gen_00106.txt,2026-09-18 12:58:46.110523+00,2026-09-18 13:01:45.679205+00
77a6a292-e9fa-4b69-98fb-ebd077e29cc5,/srv/fim-watch/gen_00106.txt,2026-09-18 12:58:46.210797+00,2026-09-18 13:01:45.705225+00
b37f1a0f-662d-4256-bbaf-ffad05333035,/srv/fim-watch/gen_00166.txt,2026-09-18 12:58:46.31062+00,2026-09-18 13:01:45.726663+00
666325b3-b3fd-47ad-94ca-ad6ccaeca00c,/srv/fim-watch/gen_00286.txt,2026-09-18 12:58:46.41031+00,2026-09-18 13:01:45.75039+00
6df0b39a-ecd8-48dd-97a0-ff3f9c123c27,/srv/fim-watch/critico/gen_00280.txt,2026-09-18 12:58:46.510368+00,2026-09-18 13:01:45.775613+00
3c0f2555-8caa-425e-a5b3-f7b183045c38,/srv/fim-watch/critico/gen_00053.txt,2026-09-18 12:58:46.610801+00,2026-09-18 13:01:45.800922+00
2a24ea4c-8a5c-4a72-a582-e9dacc179841,/srv/fim-watch/gen_00135.txt,2026-09-18 12:58:46.710597+00,2026-09-18 13:01:45.820811+00
a1d5b85d-307b-4054-89a9-8a5024f56bae,/srv/fim-watch/gen_00135.txt,2026-09-18 12:58:46.810661+00,2026-09-18 13:01:45.846798+00
3b80c730-560d-4dff-b242-2112220e09c5,/srv/fim-watch/critico/gen_00287.txt,2026-09-18 12:58:46.910316+00,2026-09-18 13:01:45.870712+00
9afae163-ea3e-44a7-9a6b-982acf2f904f,/srv/fim-watch/critico/gen_00200.txt,2026-09-18 12:58:47.010432+00,2026-09-18 13:01:45.8954+00
ae451962-4336-49bc-bd00-380d79a21258,/srv/fim-watch/gen_00193.txt,2026-09-18 12:58:47.110483+00,2026-09-18 13:01:45.918167+00
fcac3a8c-3c13-4e2f-8768-dac2ff1d0915,/srv/fim-watch/gen_00265.txt,2026-09-18 12:58:47.210618+00,2026-09-18 13:01:45.932479+00
215533ba-286e-43b0-a100-3d8718071b89,/srv/fim-watch/gen_00265.txt,2026-09-18 12:58:47.310628+00,2026-09-18 13:01:45.94856+00
76850f9d-459d-4423-86a4-217785667224,/srv/fim-watch/gen_00265.txt,2026-09-18 12:58:47.410734+00,2026-09-18 13:01:45.971446+00
76708d32-4508-478a-b9af-a73eabd83203,/srv/fim-watch/gen_00265.txt,2026-09-18 12:58:47.510462+00,2026-09-18 13:01:45.99577+00
00956bc1-c2cc-4302-8c58-e099359c885e,/srv/fim-watch/gen_00265.txt,2026-09-18 12:58:47.61036+00,2026-09-18 13:01:46.023225+00
eeceb49b-9c65-44bc-92ab-5fe20d8cf987,/srv/fim-watch/critico/gen_00210.txt,2026-09-18 12:58:47.710597+00,2026-09-18 13:01:46.047196+00
4c2fdea7-c30a-4597-a10f-4c9b1971bb6d,/srv/fim-watch/gen_00275.txt,2026-09-18 12:58:47.810466+00,2026-09-18 13:01:46.059917+00
21a1039b-c386-445b-918f-be003a206df9,/srv/fim-watch/critico/gen_00287.txt,2026-09-18 12:58:47.910685+00,2026-09-18 13:01:46.072381+00
739ce6e8-dc84-40c4-8e34-550446bec869,/srv/fim-watch/gen_00117.txt,2026-09-18 12:58:48.010453+00,2026-09-18 13:01:46.083471+00
38c7261d-588d-4361-838e-b74745a37b69,/srv/fim-watch/gen_00281.txt,2026-09-18 12:58:48.110316+00,2026-09-18 13:01:46.094162+00
0e2f1bc2-c096-4a46-b80c-807eb1f83d21,/srv/fim-watch/critico/gen_00288.txt,2026-09-18 12:58:48.210476+00,2026-09-18 13:01:46.10798+00
a9ce66de-fa5c-42cf-9bd6-a25d79792186,/srv/fim-watch/gen_00161.txt,2026-09-18 12:58:48.310356+00,2026-09-18 13:01:46.121921+00
7c31512a-4f84-4b75-87cf-97630dda01ed,/srv/fim-watch/gen_00282.txt,2026-09-18 12:58:48.410436+00,2026-09-18 13:01:46.13567+00
7b2ac045-12eb-41e1-af55-566fc24a0aaf,/srv/fim-watch/critico/gen_00169.txt,2026-09-18 12:58:48.510521+00,2026-09-18 13:01:46.156476+00
e03efa84-44ba-4517-b6c0-4542c3867b9c,/srv/fim-watch/gen_00161.txt,2026-09-18 12:58:48.610394+00,2026-09-18 13:01:46.178979+00
4f7d2444-aacc-4ee0-9622-9c172e814995,/srv/fim-watch/gen_00177.txt,2026-09-18 12:58:48.710698+00,2026-09-18 13:01:46.204067+00
8e8a2072-7906-4081-b1cf-d8ded66ef166,/srv/fim-watch/gen_00049.txt,2026-09-18 12:58:48.810272+00,2026-09-18 13:01:46.226146+00
ed95d27f-88ad-45d2-bcd1-dc53c56e884f,/srv/fim-watch/gen_00247.txt,2026-09-18 12:58:48.910914+00,2026-09-18 13:01:46.249394+00
21adb207-2430-4ff1-914d-6c22ce8f4c15,/srv/fim-watch/gen_00289.txt,2026-09-18 12:58:49.110426+00,2026-09-18 13:01:46.263544+00
466f7a5a-3284-41d6-9830-5e21e147e001,/srv/fim-watch/critico/gen_00173.txt,2026-09-18 12:58:49.210785+00,2026-09-18 13:01:46.275801+00
d3418b4f-6a9c-4f2b-a8c8-75dbae62e60e,/srv/fim-watch/gen_00177.txt,2026-09-18 12:58:49.310586+00,2026-09-18 13:01:46.286492+00
3c3d0095-983a-4d11-8107-37a02af91fdf,/srv/fim-watch/gen_00290.txt,2026-09-18 12:58:49.410393+00,2026-09-18 13:01:46.29701+00
4680dd5b-7b87-4768-8680-a228cbe852a2,/srv/fim-watch/gen_00206.txt,2026-09-18 12:58:49.510724+00,2026-09-18 13:01:46.306692+00
2a004191-6f07-49b4-aa6e-e679da4cc2d9,/srv/fim-watch/gen_00259.txt,2026-09-18 12:58:49.709717+00,2026-09-18 13:01:46.320389+00
477f877f-7abd-4d3a-bad4-f8d95694371e,/srv/fim-watch/gen_00231.txt,2026-09-18 12:58:49.81023+00,2026-09-18 13:01:46.331265+00
dec22263-3260-440b-8728-d182f57b313f,/srv/fim-watch/gen_00250.txt,2026-09-18 12:58:49.910644+00,2026-09-18 13:01:46.342388+00
021aab2f-4db2-4bdf-9335-f92878eadfda,/srv/fim-watch/gen_00180.txt,2026-09-18 12:58:50.009657+00,2026-09-18 13:01:46.356528+00
47fda8dc-5278-43ef-ac23-eb91fcdf3f98,/srv/fim-watch/gen_00108.txt,2026-09-18 12:58:50.110395+00,2026-09-18 13:01:46.367922+00
d585528e-1aad-4c67-9573-dc639f215177,/srv/fim-watch/gen_00269.txt,2026-09-18 12:58:50.210091+00,2026-09-18 13:01:46.381045+00
56d631fe-8eac-4737-b515-7416410a3762,/srv/fim-watch/gen_00279.txt,2026-09-18 12:58:50.310208+00,2026-09-18 13:01:46.396096+00
32d35621-9e9c-480a-ab09-ef3e9c0a3bdc,/srv/fim-watch/gen_00292.txt,2026-09-18 12:58:50.410204+00,2026-09-18 13:01:46.408757+00
5970fc63-01aa-4ee2-8cfa-85723eeb9091,/srv/fim-watch/gen_00256.txt,2026-09-18 12:58:50.510206+00,2026-09-18 13:01:46.423908+00
80850b38-7efd-486d-b37a-b32ab5f071e7,/srv/fim-watch/gen_00256.txt,2026-09-18 12:58:50.610406+00,2026-09-18 13:01:46.437666+00
16edf005-5cfa-4249-8d18-fdb1f2c7cfed,/srv/fim-watch/gen_00252.txt,2026-09-18 12:58:50.709644+00,2026-09-18 13:01:46.453438+00
2c650dac-afbd-4b5a-8035-4dcd092a27dc,/srv/fim-watch/gen_00157.txt,2026-09-18 12:58:50.810313+00,2026-09-18 13:01:46.46886+00
68fc26dc-9831-4409-bbab-d62455f30843,/srv/fim-watch/gen_00223.txt,2026-09-18 12:58:50.910296+00,2026-09-18 13:01:46.483443+00
982a4abe-0442-4d77-bf99-f15e7e245d06,/srv/fim-watch/gen_00033.txt,2026-09-18 12:58:51.009621+00,2026-09-18 13:01:46.492977+00
44f0fffb-1211-4cfb-badc-d7edc566bdc2,/srv/fim-watch/gen_00249.txt,2026-09-18 12:58:51.110159+00,2026-09-18 13:01:46.505095+00
e0bdc2c8-886d-4cc6-a3e5-03e1017bc045,/srv/fim-watch/critico/gen_00210.txt,2026-09-18 12:58:51.310041+00,2026-09-18 13:01:46.515618+00
64c80dca-2547-44a5-b3a1-b28fcf830d32,/srv/fim-watch/gen_00225.txt,2026-09-18 12:58:51.410082+00,2026-09-18 13:01:46.525006+00
dad4a213-935b-4406-9e8b-a56f02c7b737,/srv/fim-watch/gen_00225.txt,2026-09-18 12:58:51.510179+00,2026-09-18 13:01:46.534516+00
d67c71a0-3436-4257-ba92-f0bbd48ea3f7,/srv/fim-watch/gen_00250.txt,2026-09-18 12:58:51.610354+00,2026-09-18 13:01:46.546563+00
98e12b6b-41bb-454e-9f2a-56270213676c,/srv/fim-watch/gen_00293.txt,2026-09-18 12:58:51.710001+00,2026-09-18 13:01:46.559445+00
0c1749c8-a83f-432e-9f45-bb21a6154045,/srv/fim-watch/gen_00294.txt,2026-09-18 12:58:51.809836+00,2026-09-18 13:01:46.579688+00
5d36b1c9-15a6-407d-acbb-f85f9fe29bde,/srv/fim-watch/gen_00230.txt,2026-09-18 12:58:51.910479+00,2026-09-18 13:01:46.593756+00
6b80b1e6-3fea-4f34-96c8-096066d9e841,/srv/fim-watch/critico/gen_00222.txt,2026-09-18 12:58:52.010399+00,2026-09-18 13:01:46.608376+00
cc2bf63f-7d5a-4181-8608-ec61fe191d49,/srv/fim-watch/gen_00295.txt,2026-09-18 12:58:52.110314+00,2026-09-18 13:01:46.619795+00
60666d04-614a-4dea-a41a-de7905ffaacb,/srv/fim-watch/gen_00142.txt,2026-09-18 12:58:52.210318+00,2026-09-18 13:01:46.631196+00
ff2d32bb-e66d-4b7b-98c9-51af08df5d86,/srv/fim-watch/gen_00249.txt,2026-09-18 12:58:52.310207+00,2026-09-18 13:01:46.644993+00
3a0a378d-1c2b-4c71-bca7-91ac093ec820,/srv/fim-watch/gen_00296.txt,2026-09-18 12:58:52.410259+00,2026-09-18 13:01:46.658972+00
a26efc30-2bd0-48f0-ae36-e41527ed96c3,/srv/fim-watch/gen_00194.txt,2026-09-18 12:58:52.510148+00,2026-09-18 13:01:46.671688+00
6ee4fcf1-b73d-4a39-9047-8d7eb8d6b721,/srv/fim-watch/gen_00297.txt,2026-09-18 12:58:52.610477+00,2026-09-18 13:01:46.6866+00
261effdd-bb29-4867-a9fa-7e2f3b69e760,/srv/fim-watch/gen_00298.txt,2026-09-18 12:58:52.710509+00,2026-09-18 13:01:46.704924+00
639d6341-b8a6-43d5-9567-2b1cca84b2e5,/srv/fim-watch/gen_00193.txt,2026-09-18 12:58:52.810265+00,2026-09-18 13:01:46.727962+00
3b605d05-ff63-4057-a522-fe49d55d9cce,/srv/fim-watch/gen_00299.txt,2026-09-18 12:58:52.910533+00,2026-09-18 13:01:46.750714+00
a013f95d-f704-4c06-87eb-42a9a921182b,/srv/fim-watch/gen_00266.txt,2026-09-18 12:58:53.010383+00,2026-09-18 13:01:46.774266+00
c0159805-4913-499e-b04c-131e3f1a8e7e,/srv/fim-watch/gen_00219.txt,2026-09-18 12:58:53.110291+00,2026-09-18 13:01:46.795808+00
fbd17df8-7f9d-4b31-9222-266f5a2e561d,/srv/fim-watch/gen_00219.txt,2026-09-18 12:58:53.21029+00,2026-09-18 13:01:46.818612+00
29ff985e-4525-4d2a-8c23-e602760e0323,/srv/fim-watch/gen_00219.txt,2026-09-18 12:58:53.310266+00,2026-09-18 13:01:46.842657+00
2652d99b-7563-4221-9c99-00a809c42b77,/srv/fim-watch/gen_00219.txt,2026-09-18 12:58:53.410475+00,2026-09-18 13:01:46.865752+00
e87d6d8e-afe7-4cfa-bb99-dd78d2364e75,/srv/fim-watch/gen_00219.txt,2026-09-18 12:58:53.510252+00,2026-09-18 13:01:46.889254+00
884a7df2-57d2-4e8d-9809-06f3a829b83d,/srv/fim-watch/critico/gen_00276.txt,2026-09-18 12:58:53.610443+00,2026-09-18 13:01:46.912314+00
7cb705fa-9974-4b56-bddc-aca3cb8e5535,/srv/fim-watch/gen_00259.txt,2026-09-18 12:58:53.710791+00,2026-09-18 13:01:46.935229+00
ca983a16-a26e-4694-a91d-5f09d27725f2,/srv/fim-watch/gen_00259.txt,2026-09-18 12:58:53.810444+00,2026-09-18 13:01:46.956517+00
1b875cea-83c2-4804-b99e-d573f2874c96,/srv/fim-watch/gen_00300.txt,2026-09-18 12:58:53.910549+00,2026-09-18 13:01:46.981356+00
c75977e3-7437-4866-9c40-1f27a61f6738,/srv/fim-watch/gen_00300.txt,2026-09-18 12:58:54.01057+00,2026-09-18 13:01:47.004577+00
2c6e0519-81f3-4298-9584-5bdbf32f303f,/srv/fim-watch/gen_00231.txt,2026-09-18 12:58:54.110429+00,2026-09-18 13:01:47.027837+00
33e3e738-cc2c-4151-a5a8-b085d9434f8c,/srv/fim-watch/gen_00247.txt,2026-09-18 12:58:54.210536+00,2026-09-18 13:01:47.047725+00
cffa7566-101b-4739-bf32-dcc2c108b2b2,/srv/fim-watch/gen_00243.txt,2026-09-18 12:58:54.310305+00,2026-09-18 13:01:47.065691+00
088694f1-81aa-4987-b655-167158dc2e20,/srv/fim-watch/gen_00016.txt,2026-09-18 12:58:54.410343+00,2026-09-18 13:01:47.087878+00
5b595ab7-0784-41e5-ae87-708476c6c823,/srv/fim-watch/gen_00062.txt,2026-09-18 12:58:54.51022+00,2026-09-18 13:01:47.108321+00
186d9bf5-108f-47fd-beea-c15f905d79ba,/srv/fim-watch/gen_00271.txt,2026-09-18 12:58:54.610585+00,2026-09-18 13:01:47.131222+00
c9c297fd-330f-4602-b45a-7f5da967eca4,/srv/fim-watch/critico/gen_00053.txt,2026-09-18 12:58:54.709665+00,2026-09-18 13:01:47.154741+00
85fa7024-9b29-40d0-bec6-53fc7499bcc8,/srv/fim-watch/gen_00062.txt,2026-09-18 12:58:54.810479+00,2026-09-18 13:01:47.175178+00
dad96e40-43e6-46db-98d4-930c2eae1163,/srv/fim-watch/gen_00238.txt,2026-09-18 12:58:54.910462+00,2026-09-18 13:01:47.19473+00
b364fdf2-af8f-456d-9539-68826716b230,/srv/fim-watch/gen_00301.txt,2026-09-18 12:58:55.010441+00,2026-09-18 13:01:47.218542+00
870ec954-7aba-4d20-b8af-1759820eb802,/srv/fim-watch/gen_00171.txt,2026-09-18 12:58:55.310214+00,2026-09-18 13:01:47.242894+00
e2d215da-f6f1-4500-98b3-da32fab4ccc6,/srv/fim-watch/gen_00171.txt,2026-09-18 12:58:55.410366+00,2026-09-18 13:01:47.260191+00
071f20b5-aa84-41e2-946b-66538c7ea83f,/srv/fim-watch/gen_00171.txt,2026-09-18 12:58:55.510324+00,2026-09-18 13:01:47.28028+00
db5775e1-2a80-4315-8dc4-1bb36e2ec67f,/srv/fim-watch/gen_00171.txt,2026-09-18 12:58:55.610581+00,2026-09-18 13:01:47.290783+00
4263e714-e649-48d1-b675-2326bf7beabc,/srv/fim-watch/gen_00171.txt,2026-09-18 12:58:55.710456+00,2026-09-18 13:01:47.301867+00
8a1d048d-732c-4b49-8074-ae8672ffcd47,/srv/fim-watch/gen_00254.txt,2026-09-18 12:58:55.809952+00,2026-09-18 13:01:47.313951+00
a565ccf1-025b-467c-a8c6-31a9f1c183a6,/srv/fim-watch/gen_00296.txt,2026-09-18 12:58:55.910457+00,2026-09-18 13:01:47.322569+00
8a8082d8-708b-4628-b78a-cba430cd5e8d,/srv/fim-watch/gen_00078.txt,2026-09-18 12:58:56.009823+00,2026-09-18 13:01:47.331765+00
611d9dc8-f763-458c-9b37-64250087497e,/srv/fim-watch/gen_00179.txt,2026-09-18 12:58:56.213087+00,2026-09-18 13:01:47.342269+00
56caf6f4-38bf-4ffb-841c-3baa71745eb2,/srv/fim-watch/critico/gen_00304.txt,2026-09-18 12:58:56.309388+00,2026-09-18 13:01:47.352416+00
10be3999-2c35-4ddb-9134-58f1ff11e22d,/srv/fim-watch/gen_00084.txt,2026-09-18 12:58:56.409638+00,2026-09-18 13:01:47.370431+00
acdd9aa9-0836-4cad-8480-ec932012ce46,/srv/fim-watch/gen_00149.txt,2026-09-18 12:58:56.509514+00,2026-09-18 13:01:47.383673+00
b0d77fc0-f1b8-4961-82d4-f0fa6a343acd,/srv/fim-watch/gen_00132.txt,2026-09-18 12:58:56.710128+00,2026-09-18 13:01:47.397927+00
14839423-9202-4de0-822a-3769c0370f2e,/srv/fim-watch/gen_00106.txt,2026-09-18 12:58:56.810499+00,2026-09-18 13:01:47.413691+00
a133904c-1012-4639-abf3-7987eaf24732,/srv/fim-watch/gen_00207.txt,2026-09-18 12:58:56.909707+00,2026-09-18 13:01:47.426104+00
ceef90ef-e6f2-4d35-bbbc-fca5c5f34670,/srv/fim-watch/gen_00108.txt,2026-09-18 12:58:57.11045+00,2026-09-18 13:01:47.444187+00
baa0637a-cbdb-4b6f-b8aa-68b4c01fda0c,/srv/fim-watch/critico/gen_00191.txt,2026-09-18 12:58:57.210844+00,2026-09-18 13:01:47.462502+00
e33c0d2a-6361-487c-be86-6f8637a5e540,/srv/fim-watch/gen_00161.txt,2026-09-18 12:58:57.310898+00,2026-09-18 13:01:47.481138+00
9d1fbe88-12f9-41b8-a7d6-0bdc7da0c7f5,/srv/fim-watch/gen_00125.txt,2026-09-18 12:58:57.410426+00,2026-09-18 13:01:47.502927+00
0022b136-174b-47c4-8c20-e5496a075b0c,/srv/fim-watch/gen_00128.txt,2026-09-18 12:58:57.511007+00,2026-09-18 13:01:47.514698+00
f86c6cab-1564-49b6-88c8-d635fb97ff0c,/srv/fim-watch/gen_00285.txt,2026-09-18 12:58:57.610684+00,2026-09-18 13:01:47.525738+00
b6db58a3-6ee3-4b82-80a6-492d7ae04189,/srv/fim-watch/gen_00214.txt,2026-09-18 12:58:57.810358+00,2026-09-18 13:01:47.536678+00
cc0b360b-f12f-4e23-920f-e323f80131a6,/srv/fim-watch/gen_00214.txt,2026-09-18 12:58:57.910785+00,2026-09-18 13:01:47.549187+00
c4469807-1190-4f3b-b77b-3926586eec43,/srv/fim-watch/gen_00214.txt,2026-09-18 12:58:58.01031+00,2026-09-18 13:01:47.56687+00
5be66bba-678e-4639-bbab-1733bf256c2f,/srv/fim-watch/gen_00214.txt,2026-09-18 12:58:58.110117+00,2026-09-18 13:01:47.575963+00
d5876b97-ebf8-4754-9c52-f761c80586f4,/srv/fim-watch/gen_00214.txt,2026-09-18 12:58:58.210591+00,2026-09-18 13:01:47.589964+00
295b3b28-7848-4610-b100-5dea28fa76e5,/srv/fim-watch/gen_00049.txt,2026-09-18 12:58:58.310353+00,2026-09-18 13:01:47.603248+00
bb05a939-9547-410e-9511-d2fdb96934f6,/srv/fim-watch/critico/gen_00280.txt,2026-09-18 12:58:58.410797+00,2026-09-18 13:01:47.618423+00
cdad26af-84f9-4a43-ac86-eeffaa80f374,/srv/fim-watch/gen_00219.txt,2026-09-18 12:58:58.51068+00,2026-09-18 13:01:47.628419+00
6756ee6a-b694-4264-956f-94e6ca97917a,/srv/fim-watch/gen_00306.txt,2026-09-18 12:58:58.610238+00,2026-09-18 13:01:47.638324+00
2f10c80a-5434-4732-9596-0d8da25afaf0,/srv/fim-watch/gen_00166.txt,2026-09-18 12:58:58.710976+00,2026-09-18 13:01:47.647676+00
dd71e68f-5f8d-46b3-a2e3-fb8ae5432901,/srv/fim-watch/gen_00307.txt,2026-09-18 12:58:58.810442+00,2026-09-18 13:01:47.658441+00
137721fa-df40-4cbd-a53b-21292689a984,/srv/fim-watch/gen_00273.txt,2026-09-18 12:58:58.910787+00,2026-09-18 13:01:47.669891+00
cbaa41b8-42f7-4b31-a43e-869bba878293,/srv/fim-watch/gen_00255.txt,2026-09-18 12:58:59.010579+00,2026-09-18 13:01:47.681699+00
0a2cff10-1b18-4c9e-a249-26bb7a3f9ede,/srv/fim-watch/gen_00308.txt,2026-09-18 12:58:59.110309+00,2026-09-18 13:01:47.69598+00
ccda81a2-66f3-4955-a906-019ab2f1df29,/srv/fim-watch/gen_00299.txt,2026-09-18 12:58:59.210544+00,2026-09-18 13:01:47.709104+00
f698f802-64a3-41e7-9572-3665958c3ab1,/srv/fim-watch/gen_00268.txt,2026-09-18 12:58:59.41066+00,2026-09-18 13:01:47.726987+00
2f337325-4b8d-46a3-b681-42587b2dc262,/srv/fim-watch/gen_00273.txt,2026-09-18 12:58:59.610467+00,2026-09-18 13:01:47.742355+00
26b2dd59-2662-4403-8e82-ebec15b4cb9f,/srv/fim-watch/critico/gen_00123.txt,2026-09-18 12:58:59.71078+00,2026-09-18 13:01:47.761137+00
fdbec7b2-7df3-49f0-8376-136a6266b318,/srv/fim-watch/critico/gen_00310.txt,2026-09-18 12:58:59.810266+00,2026-09-18 13:01:47.774551+00
df2862bd-ca61-497a-9d72-f1cf1d287eee,/srv/fim-watch/gen_00311.txt,2026-09-18 12:58:59.910547+00,2026-09-18 13:01:47.791236+00
31ad2b7c-8d38-4275-8e85-f7436bb2df18,/srv/fim-watch/gen_00106.txt,2026-09-18 12:59:00.109991+00,2026-09-18 13:01:47.80845+00
c443acb6-1ee8-4833-afe9-6ae439db5e58,/srv/fim-watch/gen_00106.txt,2026-09-18 12:59:00.210308+00,2026-09-18 13:01:47.826199+00
15084857-c2ea-4dd5-a43c-3f4ae278e4db,/srv/fim-watch/gen_00106.txt,2026-09-18 12:59:00.309758+00,2026-09-18 13:01:47.845415+00
f1a02f5e-42ab-41f2-8891-e2909e114641,/srv/fim-watch/gen_00106.txt,2026-09-18 12:59:00.410344+00,2026-09-18 13:01:47.865664+00
fd7147ab-38f6-4a5b-a4ca-94e853398196,/srv/fim-watch/gen_00106.txt,2026-09-18 12:59:00.510363+00,2026-09-18 13:01:47.890178+00
71aeb331-ea1c-449e-8c2f-d1bdf5e968d2,/srv/fim-watch/gen_00070.txt,2026-09-18 12:59:00.610157+00,2026-09-18 13:01:47.908885+00
1ce5c1fa-bc7e-459b-ba6b-a7e4842e5eb4,/srv/fim-watch/gen_00309.txt,2026-09-18 12:59:00.710579+00,2026-09-18 13:01:47.92878+00
d19f821b-acdb-4b60-81e5-b179821144f7,/srv/fim-watch/gen_00089.txt,2026-09-18 12:59:00.809584+00,2026-09-18 13:01:47.951449+00
fa7ccc22-4694-46b5-ac9d-f1a0f12c5df4,/srv/fim-watch/gen_00204.txt,2026-09-18 12:59:00.910281+00,2026-09-18 13:01:47.972685+00
11bb3056-55aa-4059-8a1b-e0915d422529,/srv/fim-watch/gen_00204.txt,2026-09-18 12:59:01.009964+00,2026-09-18 13:01:47.997078+00
6eee2bdf-9642-41e8-bf31-7d0afd5a8ee3,/srv/fim-watch/critico/gen_00222.txt,2026-09-18 12:59:01.110373+00,2026-09-18 13:01:48.018089+00
6882e515-6bf9-4689-93b7-2f4c2c4f064d,/srv/fim-watch/gen_00279.txt,2026-09-18 12:59:01.21065+00,2026-09-18 13:01:48.044875+00
58ffa30c-54cc-49f2-a851-48edf301b47a,/srv/fim-watch/gen_00040.txt,2026-09-18 12:59:01.31038+00,2026-09-18 13:01:48.067298+00
5657030d-e0d5-4db0-9853-067d8a3a3c51,/srv/fim-watch/gen_00228.txt,2026-09-18 12:59:01.410811+00,2026-09-18 13:01:48.091161+00
27c67068-2061-4b40-926d-3d24df82da65,/srv/fim-watch/gen_00313.txt,2026-09-18 12:59:01.510437+00,2026-09-18 13:01:48.115633+00
620fb48c-0276-4872-afe3-da57cc4483da,/srv/fim-watch/gen_00314.txt,2026-09-18 12:59:01.61047+00,2026-09-18 13:01:48.142224+00
40dc574e-8164-483d-9e01-bd61ff203757,/srv/fim-watch/gen_00152.txt,2026-09-18 12:59:01.710371+00,2026-09-18 13:01:48.166466+00
b63b8cb3-3c75-4ca3-8bcf-095663a36e3c,/srv/fim-watch/critico/gen_00248.txt,2026-09-18 12:59:01.810421+00,2026-09-18 13:01:48.189735+00
8581ff64-d5f8-4dd7-8ef5-7a574d83fa40,/srv/fim-watch/gen_00316.txt,2026-09-18 12:59:02.010601+00,2026-09-18 13:01:48.212391+00
00beafe4-ad30-455c-a829-55a4c6574ab2,/srv/fim-watch/gen_00179.txt,2026-09-18 12:59:02.110212+00,2026-09-18 13:01:48.238567+00
989c18f0-b737-488a-aa17-c0082a8726b2,/srv/fim-watch/gen_00282.txt,2026-09-18 12:59:02.309605+00,2026-09-18 13:01:48.259737+00
917ab0c2-3843-489b-9497-3f16f60cc41f,/srv/fim-watch/critico/gen_00189.txt,2026-09-18 12:59:02.410435+00,2026-09-18 13:01:48.286451+00
3ca61858-69fc-4093-b530-d35cb0d98cd0,/srv/fim-watch/gen_00317.txt,2026-09-18 12:59:02.509607+00,2026-09-18 13:01:48.305338+00
26b67d3a-04ea-4444-87a6-6ad2bf672a63,/srv/fim-watch/gen_00149.txt,2026-09-18 12:59:02.609797+00,2026-09-18 13:01:48.324264+00
406317d5-4d38-4023-bfad-27ff2b9367d4,/srv/fim-watch/gen_00149.txt,2026-09-18 12:59:02.710898+00,2026-09-18 13:01:48.342465+00
a43c820e-991d-4ad5-af4d-c43cdf58645b,/srv/fim-watch/gen_00096.txt,2026-09-18 12:59:02.810362+00,2026-09-18 13:01:48.366777+00
159f323a-243c-4ce0-a6b5-d6e8446a68a1,/srv/fim-watch/gen_00266.txt,2026-09-18 12:59:02.910799+00,2026-09-18 13:01:48.391639+00
43bfa793-221b-459b-9f3a-096a3042e018,/srv/fim-watch/gen_00231.txt,2026-09-18 12:59:03.010268+00,2026-09-18 13:01:48.416502+00
18009d92-25ab-402a-bc4f-21de7abbaffb,/srv/fim-watch/gen_00293.txt,2026-09-18 12:59:03.110529+00,2026-09-18 13:01:48.437071+00
3daace7a-1cc8-40c8-99b9-d489229c0a4f,/srv/fim-watch/gen_00174.txt,2026-09-18 12:59:03.210383+00,2026-09-18 13:01:48.464449+00
d4f7fd84-2cdf-4c97-ac53-30e8fd552ef4,/srv/fim-watch/gen_00318.txt,2026-09-18 12:59:03.310494+00,2026-09-18 13:01:48.488192+00
a73ec23e-3312-4a93-a5d4-39aaab07af88,/srv/fim-watch/gen_00096.txt,2026-09-18 12:59:03.410613+00,2026-09-18 13:01:48.513504+00
77dbf72a-c60e-418d-9c92-b27dfdbf894f,/srv/fim-watch/gen_00231.txt,2026-09-18 12:59:03.510553+00,2026-09-18 13:01:48.543005+00
729155c5-c397-4ef4-8c64-30432f7893f1,/srv/fim-watch/gen_00319.txt,2026-09-18 12:59:03.610451+00,2026-09-18 13:01:48.566068+00
02931953-6b07-41bb-a7da-97358596377b,/srv/fim-watch/critico/gen_00236.txt,2026-09-18 12:59:03.710393+00,2026-09-18 13:01:48.584569+00
81b0f09e-c2af-4a74-acd9-598ee61aa14f,/srv/fim-watch/gen_00320.txt,2026-09-18 12:59:03.811501+00,2026-09-18 13:01:48.61161+00
836cae73-756d-41ed-a6c9-b467feb4fbee,/srv/fim-watch/gen_00274.txt,2026-09-18 12:59:04.010417+00,2026-09-18 13:01:48.635152+00
d7d62504-747f-4b9c-8015-49aed15c5303,/srv/fim-watch/critico/gen_00191.txt,2026-09-18 12:59:04.210782+00,2026-09-18 13:01:48.660158+00
ecd18fee-201c-43af-b67c-7ee2f2fe92eb,/srv/fim-watch/gen_00323.txt,2026-09-18 12:59:04.309661+00,2026-09-18 13:01:48.68246+00
8218d39e-faf0-48ed-b341-1a09a6741305,/srv/fim-watch/gen_00324.txt,2026-09-18 12:59:04.410384+00,2026-09-18 13:01:48.706063+00
ed5170c1-9045-4449-9423-ed225a8981da,/srv/fim-watch/gen_00324.txt,2026-09-18 12:59:04.510343+00,2026-09-18 13:01:48.730251+00
4a7c0d49-873d-46c8-90a0-ef099598d136,/srv/fim-watch/critico/gen_00248.txt,2026-09-18 12:59:04.610409+00,2026-09-18 13:01:48.756586+00
c429c5de-2d2a-4989-b3c3-6d9f1824e71f,/srv/fim-watch/critico/gen_00156.txt,2026-09-18 12:59:04.710041+00,2026-09-18 13:01:48.779177+00
1391e572-c9ab-4520-b61d-03dbe510e600,/srv/fim-watch/gen_00319.txt,2026-09-18 12:59:04.81009+00,2026-09-18 13:01:48.800075+00
963a6a09-a980-4f60-a192-2e5ea481e1d6,/srv/fim-watch/gen_00325.txt,2026-09-18 12:59:04.910288+00,2026-09-18 13:01:48.816296+00
da9e3918-3dd4-40b7-89c4-2a14299bb079,/srv/fim-watch/critico/gen_00222.txt,2026-09-18 12:59:05.010654+00,2026-09-18 13:01:48.835896+00
a69ddf6e-04e5-4b3b-ba61-8223648d5342,/srv/fim-watch/critico/gen_00253.txt,2026-09-18 12:59:05.10981+00,2026-09-18 13:01:48.860503+00
33d2e520-7b26-486e-b802-d7e1fe31caab,/srv/fim-watch/gen_00212.txt,2026-09-18 12:59:05.310405+00,2026-09-18 13:01:48.885371+00
a3d987ad-13d6-4c04-bcfe-fd7511b31445,/srv/fim-watch/gen_00175.txt,2026-09-18 12:59:05.409971+00,2026-09-18 13:01:48.908724+00
28018809-3ec7-42ac-b4ac-c79352ba0d62,/srv/fim-watch/gen_00327.txt,2026-09-18 12:59:05.510519+00,2026-09-18 13:01:48.929417+00
1344fb2e-afd9-4210-aec1-c3297dcfe378,/srv/fim-watch/gen_00096.txt,2026-09-18 12:59:05.610387+00,2026-09-18 13:01:48.947113+00
49e4f5e1-15a2-4392-8fb4-1326e38c486b,/srv/fim-watch/gen_00096.txt,2026-09-18 12:59:05.71062+00,2026-09-18 13:01:48.969097+00
4c2c8497-d666-4df4-b4be-be3634ea0d62,/srv/fim-watch/critico/gen_00328.txt,2026-09-18 12:59:05.810026+00,2026-09-18 13:01:48.99136+00
3b48adf0-153c-4b7f-b2c9-e7622661989d,/srv/fim-watch/critico/gen_00328.txt,2026-09-18 12:59:05.909736+00,2026-09-18 13:01:49.013691+00
f6ad28fe-9a4a-44ca-8a6e-b52ce85432e9,/srv/fim-watch/gen_00313.txt,2026-09-18 12:59:06.010033+00,2026-09-18 13:01:49.036065+00
f1b72766-7fd4-4a86-bad3-f4346d93bbee,/srv/fim-watch/gen_00115.txt,2026-09-18 12:59:06.110301+00,2026-09-18 13:01:49.058897+00
ba27d9f8-5a26-46b3-8630-72f50f181a2a,/srv/fim-watch/gen_00177.txt,2026-09-18 12:59:06.21023+00,2026-09-18 13:01:49.081751+00
cc64433b-60b3-4211-a3a5-2c4fc2af49df,/srv/fim-watch/gen_00255.txt,2026-09-18 12:59:06.310739+00,2026-09-18 13:01:49.103424+00
83ea23cf-e562-480e-874c-303695fe7a8d,/srv/fim-watch/gen_00252.txt,2026-09-18 12:59:06.409984+00,2026-09-18 13:01:49.12739+00
9973fd81-86a0-481d-82f7-c6333b55e8dd,/srv/fim-watch/gen_00329.txt,2026-09-18 12:59:06.509944+00,2026-09-18 13:01:49.148956+00
5667ff9f-0646-4ebf-82af-4c4838ed8f43,/srv/fim-watch/gen_00152.txt,2026-09-18 12:59:06.610248+00,2026-09-18 13:01:49.166236+00
952eeca3-1142-47e7-a919-95fde4331318,/srv/fim-watch/gen_00171.txt,2026-09-18 12:59:06.710341+00,2026-09-18 13:01:49.180229+00
c295745c-162a-4609-8e56-13b46ca221ab,/srv/fim-watch/gen_00279.txt,2026-09-18 12:59:06.80995+00,2026-09-18 13:01:49.191648+00
3f8e4588-c4a5-4ecc-bd55-8bbf8a5edfc2,/srv/fim-watch/gen_00088.txt,2026-09-18 12:59:06.910212+00,2026-09-18 13:01:49.204428+00
c5c21358-58ce-4241-9b0b-562a5edc420a,/srv/fim-watch/gen_00331.txt,2026-09-18 12:59:07.109713+00,2026-09-18 13:01:49.214782+00
1a1d7e00-7d20-418a-b318-09be2cf97e8a,/srv/fim-watch/gen_00078.txt,2026-09-18 12:59:07.209711+00,2026-09-18 13:01:49.226601+00
b23dbe94-31da-4035-bd10-5626a049a758,/srv/fim-watch/gen_00266.txt,2026-09-18 12:59:07.310499+00,2026-09-18 13:01:49.23847+00
935e4e64-c26e-4ec4-95bc-432ba0838e1f,/srv/fim-watch/gen_00088.txt,2026-09-18 12:59:07.410628+00,2026-09-18 13:01:49.251067+00
2ad50144-01e9-4812-a44f-1d434dc78c32,/srv/fim-watch/gen_00225.txt,2026-09-18 12:59:07.510388+00,2026-09-18 13:01:49.259417+00
7b807c19-ef07-4bbc-9df2-924a2603d561,/srv/fim-watch/gen_00255.txt,2026-09-18 12:59:07.610211+00,2026-09-18 13:01:49.270171+00
75cf7935-b338-46c9-9cf4-ec2d56f94820,/srv/fim-watch/gen_00160.txt,2026-09-18 12:59:07.711837+00,2026-09-18 13:01:49.280016+00
0dca9e34-ff0e-48cc-8e89-c8c90585e83a,/srv/fim-watch/gen_00157.txt,2026-09-18 12:59:07.910131+00,2026-09-18 13:01:49.289755+00
86d4d453-1359-4bf4-9308-e56dbf628479,/srv/fim-watch/gen_00157.txt,2026-09-18 12:59:08.010358+00,2026-09-18 13:01:49.300247+00
8a8e772d-0f45-4270-b516-ab089081ff72,/srv/fim-watch/gen_00157.txt,2026-09-18 12:59:08.109974+00,2026-09-18 13:01:49.309106+00
45730680-2c1c-46b5-97a6-0d5a419dc362,/srv/fim-watch/gen_00157.txt,2026-09-18 12:59:08.21082+00,2026-09-18 13:01:49.319825+00
05be3a5c-70b3-4827-88bb-b6f2a55c6067,/srv/fim-watch/gen_00157.txt,2026-09-18 12:59:08.310208+00,2026-09-18 13:01:49.329291+00
b678b01f-f073-41da-a54c-ba161fc1727a,/srv/fim-watch/gen_00206.txt,2026-09-18 12:59:08.410095+00,2026-09-18 13:01:49.338769+00
b99f4984-34f2-41b5-aef1-81a98245e394,/srv/fim-watch/gen_00256.txt,2026-09-18 12:59:08.511101+00,2026-09-18 13:01:49.348169+00
ac691b8e-ea8c-4a8a-93ee-e774d78956b7,/srv/fim-watch/gen_00281.txt,2026-09-18 12:59:08.610288+00,2026-09-18 13:01:49.359509+00
648f6e89-e9ba-484d-ae50-a0b594aad3df,/srv/fim-watch/critico/gen_00332.txt,2026-09-18 12:59:08.710488+00,2026-09-18 13:01:49.370967+00
698c8472-8253-431c-ac62-db2b81262ad7,/srv/fim-watch/gen_00096.txt,2026-09-18 12:59:08.810394+00,2026-09-18 13:01:49.38391+00
8d620def-7cce-41a3-99b5-f67fc8506dc6,/srv/fim-watch/gen_00327.txt,2026-09-18 12:59:08.911205+00,2026-09-18 13:01:49.398162+00
8f884752-f659-45d6-b96c-d490e0fc7831,/srv/fim-watch/critico/gen_00280.txt,2026-09-18 12:59:09.010745+00,2026-09-18 13:01:49.412957+00
71837076-e360-4280-b1a1-279c7feed464,/srv/fim-watch/gen_00273.txt,2026-09-18 12:59:09.110153+00,2026-09-18 13:01:49.428288+00
b151ed7b-71eb-4335-82e6-cfe79ca666db,/srv/fim-watch/critico/gen_00248.txt,2026-09-18 12:59:09.210179+00,2026-09-18 13:01:49.440421+00
309dab9c-4561-424c-82e3-4865ca8fec72,/srv/fim-watch/gen_00128.txt,2026-09-18 12:59:09.310467+00,2026-09-18 13:01:49.451301+00
6b137b18-50ac-427a-8eba-9d6213b81035,/srv/fim-watch/gen_00152.txt,2026-09-18 12:59:09.410629+00,2026-09-18 13:01:49.464233+00
b3b8886c-226f-4c14-8648-35c41e2443d5,/srv/fim-watch/gen_00317.txt,2026-09-18 12:59:09.510902+00,2026-09-18 13:01:49.476546+00
47780ed8-0a33-425a-94de-9c563da2c04e,/srv/fim-watch/critico/gen_00287.txt,2026-09-18 12:59:09.609625+00,2026-09-18 13:01:49.491813+00
a266e969-4137-4107-ae21-e24f4660bfe5,/srv/fim-watch/critico/gen_00332.txt,2026-09-18 12:59:09.710269+00,2026-09-18 13:01:49.506341+00
c821af0b-da90-45e4-a46d-cd7c2e193995,/srv/fim-watch/gen_00179.txt,2026-09-18 12:59:09.810331+00,2026-09-18 13:01:49.517318+00
271b373e-08ac-4374-be33-35fa637ba886,/srv/fim-watch/gen_00219.txt,2026-09-18 12:59:09.91047+00,2026-09-18 13:01:49.530113+00
a4c29bc5-e19f-428a-97c8-b6305cb0e65f,/srv/fim-watch/critico/gen_00242.txt,2026-09-18 12:59:10.010944+00,2026-09-18 13:01:49.540599+00
caafd19d-d347-4629-a87d-6829a885520c,/srv/fim-watch/gen_00042.txt,2026-09-18 12:59:10.21017+00,2026-09-18 13:01:49.550516+00
e33e59ca-444e-47f9-bb4a-17e829177079,/srv/fim-watch/gen_00311.txt,2026-09-18 12:59:10.310393+00,2026-09-18 13:01:49.561627+00
705e5652-8898-4b7e-bdd3-7a24602e857a,/srv/fim-watch/gen_00311.txt,2026-09-18 12:59:10.410524+00,2026-09-18 13:01:49.571688+00
31d13a7b-bc1b-48c9-a269-d9d59226b1ae,/srv/fim-watch/gen_00254.txt,2026-09-18 12:59:10.510156+00,2026-09-18 13:01:49.582713+00
c94f8428-0816-4817-ba64-8ca523c40ea9,/srv/fim-watch/critico/gen_00304.txt,2026-09-18 12:59:10.610219+00,2026-09-18 13:01:49.594719+00
9b14afa7-b856-464c-b382-74407bb9b52d,/srv/fim-watch/gen_00126.txt,2026-09-18 12:59:10.710544+00,2026-09-18 13:01:49.606641+00
b218c4d8-f168-40c2-96b3-9156eb8309d3,/srv/fim-watch/gen_00301.txt,2026-09-18 12:59:10.810301+00,2026-09-18 13:01:49.618175+00
0246c189-8c6d-4e2b-823b-cf582835ce31,/srv/fim-watch/critico/gen_00333.txt,2026-09-18 12:59:11.009845+00,2026-09-18 13:01:49.628845+00
a7ef04b7-0a41-4ee4-89f3-dfdabf86b181,/srv/fim-watch/critico/gen_00183.txt,2026-09-18 12:59:11.110395+00,2026-09-18 13:01:49.639486+00
d281976b-bef9-4bbc-b9a7-67f6f3043e81,/srv/fim-watch/critico/gen_00183.txt,2026-09-18 12:59:11.210475+00,2026-09-18 13:01:49.647723+00
392eb2a9-b70c-4cc7-940e-0284aabd7630,/srv/fim-watch/gen_00166.txt,2026-09-18 12:59:11.310444+00,2026-09-18 13:01:49.659986+00
0311ab6d-fa85-4042-9792-d4deb9f3c7d8,/srv/fim-watch/gen_00334.txt,2026-09-18 12:59:11.410452+00,2026-09-18 13:01:49.669+00
0d76296f-141d-480f-821a-2252b159ce91,/srv/fim-watch/gen_00335.txt,2026-09-18 12:59:11.510521+00,2026-09-18 13:01:49.68002+00
fdfb12a4-449a-4eec-9cb4-5963e7061825,/srv/fim-watch/gen_00241.txt,2026-09-18 12:59:11.610927+00,2026-09-18 13:01:49.690959+00
2cc5500e-60e7-48d8-be93-05f71d71a6b1,/srv/fim-watch/gen_00125.txt,2026-09-18 12:59:11.710736+00,2026-09-18 13:01:49.700284+00
04fa4677-3e2d-4428-a003-677f1477c746,/srv/fim-watch/gen_00260.txt,2026-09-18 12:59:11.810373+00,2026-09-18 13:01:49.709003+00
b12e920a-6dcc-4eb8-9165-fe84b26348cf,/srv/fim-watch/gen_00337.txt,2026-09-18 12:59:12.010755+00,2026-09-18 13:01:49.719776+00
d11ea313-57af-4c82-9353-c2b042e8376d,/srv/fim-watch/gen_00337.txt,2026-09-18 12:59:12.110072+00,2026-09-18 13:01:49.729754+00
4fd896df-f985-466c-b3d5-22edc6f62e5c,/srv/fim-watch/gen_00219.txt,2026-09-18 12:59:12.210257+00,2026-09-18 13:01:49.739666+00
50dc0061-013b-4aa8-9749-ef9f20dc1aee,/srv/fim-watch/critico/gen_00276.txt,2026-09-18 12:59:12.31028+00,2026-09-18 13:01:49.753675+00
76d688f3-9006-4849-9a06-e14dab5c1770,/srv/fim-watch/gen_00177.txt,2026-09-18 12:59:12.410384+00,2026-09-18 13:01:49.76332+00
cc29244e-6c45-40bf-86e1-88349223c24c,/srv/fim-watch/gen_00338.txt,2026-09-18 12:59:12.510616+00,2026-09-18 13:01:49.773269+00
0de3d619-c72a-474b-a205-e17a14a58004,/srv/fim-watch/gen_00176.txt,2026-09-18 12:59:12.61022+00,2026-09-18 13:01:49.78607+00
ee508d8d-22fa-4e43-a66c-d5effda88c60,/srv/fim-watch/gen_00301.txt,2026-09-18 12:59:12.710299+00,2026-09-18 13:01:49.798078+00
fa9695f5-74fe-4f40-957c-471c33c97945,/srv/fim-watch/gen_00126.txt,2026-09-18 12:59:12.810398+00,2026-09-18 13:01:49.810458+00
7bdb96ab-8c7d-41de-8f0a-a9b9dc23f1fe,/srv/fim-watch/gen_00135.txt,2026-09-18 12:59:12.910091+00,2026-09-18 13:01:49.821728+00
732d7904-6d6a-4758-9658-e990dca6d415,/srv/fim-watch/critico/gen_00184.txt,2026-09-18 12:59:13.010183+00,2026-09-18 13:01:49.8339+00
e47dcccf-49ff-431f-b5c9-84eb4e28e92e,/srv/fim-watch/gen_00292.txt,2026-09-18 12:59:13.110045+00,2026-09-18 13:01:49.854363+00
b76c9db1-15ab-41dc-8b23-af9ad2134b3d,/srv/fim-watch/gen_00071.txt,2026-09-18 12:59:13.209712+00,2026-09-18 13:01:49.874633+00
b0741356-9829-47ed-809d-80fc0a246109,/srv/fim-watch/gen_00338.txt,2026-09-18 12:59:13.412215+00,2026-09-18 13:01:49.895937+00
543450a1-4f56-4006-894c-a68778a73670,/srv/fim-watch/critico/gen_00310.txt,2026-09-18 12:59:13.509584+00,2026-09-18 13:01:49.919654+00
1b88a575-7b72-4247-8d12-556c75cc7664,/srv/fim-watch/gen_00206.txt,2026-09-18 12:59:13.610445+00,2026-09-18 13:01:49.941388+00
5f4c60d3-3485-4d4d-bcf8-75e54fffa507,/srv/fim-watch/gen_00206.txt,2026-09-18 12:59:13.710575+00,2026-09-18 13:01:49.964664+00
1819f498-c742-4d40-bc0f-c19d3311e04b,/srv/fim-watch/gen_00206.txt,2026-09-18 12:59:13.810297+00,2026-09-18 13:01:49.987416+00
63b2a35b-cb4b-4865-afb0-655f82094f2c,/srv/fim-watch/gen_00206.txt,2026-09-18 12:59:13.910226+00,2026-09-18 13:01:50.01151+00
42b02890-b480-435b-8a28-ac0fc7a8b79c,/srv/fim-watch/gen_00206.txt,2026-09-18 12:59:14.010354+00,2026-09-18 13:01:50.032769+00
9350e253-9e3f-4366-b7ba-1fd60de4f923,/srv/fim-watch/gen_00256.txt,2026-09-18 12:59:14.109539+00,2026-09-18 13:01:50.056061+00
98bdd4f8-3e97-45f1-8ccc-1e289868f34d,/srv/fim-watch/gen_00088.txt,2026-09-18 12:59:14.209508+00,2026-09-18 13:01:50.07816+00
8c6a8303-3a60-4aca-b2f8-0af6c4b24cdb,/srv/fim-watch/critico/gen_00191.txt,2026-09-18 12:59:14.310567+00,2026-09-18 13:01:50.100876+00
37aee233-4807-4df6-b2cd-6f8224c22058,/srv/fim-watch/critico/gen_00191.txt,2026-09-18 12:59:14.410589+00,2026-09-18 13:01:50.129713+00
337976c6-f3d6-43e8-933f-c4bc5ce566af,/srv/fim-watch/critico/gen_00262.txt,2026-09-18 12:59:14.510725+00,2026-09-18 13:01:50.149489+00
64c1ad2b-4c14-4b40-9479-eac815234b41,/srv/fim-watch/gen_00126.txt,2026-09-18 12:59:14.610552+00,2026-09-18 13:01:50.168407+00
af67d8ea-2f12-4471-a4ba-f856d9d18caa,/srv/fim-watch/gen_00246.txt,2026-09-18 12:59:14.71102+00,2026-09-18 13:01:50.192394+00
6517174f-6ddc-41bc-bb97-c9bea272a15e,/srv/fim-watch/gen_00179.txt,2026-09-18 12:59:14.81014+00,2026-09-18 13:01:50.213527+00
8786318b-6656-43fd-838e-3dca17b300cb,/srv/fim-watch/gen_00317.txt,2026-09-18 12:59:14.910286+00,2026-09-18 13:01:50.235404+00
243e69b4-f96c-49b2-a51f-60409e43fa6a,/srv/fim-watch/gen_00340.txt,2026-09-18 12:59:15.010336+00,2026-09-18 13:01:50.256255+00
3fdbaebb-60bf-42aa-bcb0-daf05a00acf7,/srv/fim-watch/gen_00108.txt,2026-09-18 12:59:15.110146+00,2026-09-18 13:01:50.282608+00
e3b8db20-9af1-43cd-b665-c2cbc7d6f90b,/srv/fim-watch/gen_00193.txt,2026-09-18 12:59:15.209978+00,2026-09-18 13:01:50.302485+00
ed7b562f-e6b5-4778-9b10-2f4304d4fc98,/srv/fim-watch/critico/gen_00184.txt,2026-09-18 12:59:15.309714+00,2026-09-18 13:01:50.319796+00
8158b970-9388-4154-80d6-bca83faf4328,/srv/fim-watch/gen_00341.txt,2026-09-18 12:59:15.409712+00,2026-09-18 13:01:50.341734+00
f371f5f1-9b1e-4ffe-a779-7ed1e1eddee8,/srv/fim-watch/gen_00105.txt,2026-09-18 12:59:15.509723+00,2026-09-18 13:01:50.361129+00
8a9ef18f-9708-4e72-97e5-11c8222f19e2,/srv/fim-watch/gen_00299.txt,2026-09-18 12:59:15.609732+00,2026-09-18 13:01:50.387329+00
e436059d-298d-45e3-8e37-917300e7a891,/srv/fim-watch/critico/gen_00342.txt,2026-09-18 12:59:15.710224+00,2026-09-18 13:01:50.409106+00
9c6f507a-b58d-4a16-8cba-dfae366d7798,/srv/fim-watch/gen_00223.txt,2026-09-18 12:59:15.810503+00,2026-09-18 13:01:50.432601+00
bd2ac5a1-7941-416f-a69a-1237757f0d09,/srv/fim-watch/critico/gen_00343.txt,2026-09-18 12:59:15.910262+00,2026-09-18 13:01:50.455362+00
55098ecc-5975-49da-9250-19bc7cc044be,/srv/fim-watch/critico/gen_00272.txt,2026-09-18 12:59:16.010197+00,2026-09-18 13:01:50.477491+00
b1782346-9c6e-4b85-858f-5a806077abe9,/srv/fim-watch/gen_00221.txt,2026-09-18 12:59:16.110186+00,2026-09-18 13:01:50.501256+00
34f1f720-5a55-49b1-b9a6-a8fb2f9e7c3d,/srv/fim-watch/gen_00203.txt,2026-09-18 12:59:16.210263+00,2026-09-18 13:01:50.523656+00
51d47a00-ac8c-4d36-a603-2100c84eaa2d,/srv/fim-watch/critico/gen_00344.txt,2026-09-18 12:59:16.310324+00,2026-09-18 13:01:50.546785+00
ef028590-4adb-4e43-beb6-be57ef174cb7,/srv/fim-watch/gen_00151.txt,2026-09-18 12:59:16.410378+00,2026-09-18 13:01:50.56561+00
c79e432d-daee-42f1-8550-7cc028bee9f0,/srv/fim-watch/gen_00282.txt,2026-09-18 12:59:16.510386+00,2026-09-18 13:01:50.590056+00
8c27449a-7e3c-48f7-8067-da6eb6a5b965,/srv/fim-watch/gen_00282.txt,2026-09-18 12:59:16.610323+00,2026-09-18 13:01:50.613395+00
6a87303c-7b16-4a3d-95d8-ee92c1f5971d,/srv/fim-watch/gen_00282.txt,2026-09-18 12:59:16.710236+00,2026-09-18 13:01:50.634203+00
d7e8c6e4-f27b-4ec9-b1d9-b531fc350dc7,/srv/fim-watch/gen_00282.txt,2026-09-18 12:59:16.810571+00,2026-09-18 13:01:50.653972+00
c94e6dac-437f-4671-891e-959ee80e4921,/srv/fim-watch/gen_00282.txt,2026-09-18 12:59:16.910399+00,2026-09-18 13:01:50.670274+00
fddf7341-2f3d-4f95-b4ed-1b6c795b5ec6,/srv/fim-watch/gen_00231.txt,2026-09-18 12:59:17.01063+00,2026-09-18 13:01:50.692353+00
e1f3800e-ab81-4f44-a37e-918b5cbcce01,/srv/fim-watch/critico/gen_00345.txt,2026-09-18 12:59:17.110277+00,2026-09-18 13:01:50.711458+00
7812eae1-0fe7-4266-b931-c2805d3a5fc0,/srv/fim-watch/gen_00311.txt,2026-09-18 12:59:17.210284+00,2026-09-18 13:01:50.735211+00
d0ff10d6-90f9-4dcb-b365-117bdf1690b0,/srv/fim-watch/gen_00263.txt,2026-09-18 12:59:17.310827+00,2026-09-18 13:01:50.756785+00
c4ce1623-7a34-4324-949e-f7eba22b9517,/srv/fim-watch/critico/gen_00344.txt,2026-09-18 12:59:17.410379+00,2026-09-18 13:01:50.780807+00
158a6492-f5c2-458a-ae2e-fe4ad0852b5b,/srv/fim-watch/gen_00235.txt,2026-09-18 12:59:17.51046+00,2026-09-18 13:01:50.801812+00
c24fd0a3-99bf-4742-a233-afba0d13c47d,/srv/fim-watch/gen_00235.txt,2026-09-18 12:59:17.61038+00,2026-09-18 13:01:50.8258+00
bf049f2c-396c-45e7-a8ef-c00140f5ff4f,/srv/fim-watch/critico/gen_00336.txt,2026-09-18 12:59:17.71063+00,2026-09-18 13:01:50.848343+00
b6f89279-7a60-4efc-8a30-0eccaab9ebee,/srv/fim-watch/gen_00152.txt,2026-09-18 12:59:17.810421+00,2026-09-18 13:01:50.870941+00
dbdb6baf-22e5-40fe-91e6-6b5c7e601bc0,/srv/fim-watch/gen_00177.txt,2026-09-18 12:59:17.910482+00,2026-09-18 13:01:50.889697+00
9b90677a-5ec9-47c3-9cb1-cbc9a8882fc0,/srv/fim-watch/gen_00311.txt,2026-09-18 12:59:18.010554+00,2026-09-18 13:01:50.908338+00
b32bad0a-9ef4-4ec5-8501-bf1e0921f360,/srv/fim-watch/critico/gen_00345.txt,2026-09-18 12:59:18.110289+00,2026-09-18 13:01:50.928687+00
ca24f833-c3ad-489c-9269-e8e55a6267c5,/srv/fim-watch/critico/gen_00345.txt,2026-09-18 12:59:18.210236+00,2026-09-18 13:01:50.950667+00
e700af7f-999b-4243-aade-3d210f0445e9,/srv/fim-watch/gen_00289.txt,2026-09-18 12:59:18.310506+00,2026-09-18 13:01:50.974984+00
0f5b7a4f-50df-4395-aee9-23a1879bc74a,/srv/fim-watch/gen_00171.txt,2026-09-18 12:59:18.510339+00,2026-09-18 13:01:50.994657+00
f3f1b2ef-5f25-4899-92d6-3eaf0a4411a3,/srv/fim-watch/gen_00297.txt,2026-09-18 12:59:18.610475+00,2026-09-18 13:01:51.017262+00
09ee9956-a035-4b13-ab0f-fc941bcbd9bd,/srv/fim-watch/gen_00318.txt,2026-09-18 12:59:18.710462+00,2026-09-18 13:01:51.034533+00
87159534-4772-4e2b-bb15-415f2a1b4494,/srv/fim-watch/gen_00318.txt,2026-09-18 12:59:18.810247+00,2026-09-18 13:01:51.050424+00
4bb18820-b106-4a15-b8ce-8af34dbbbed6,/srv/fim-watch/critico/gen_00347.txt,2026-09-18 12:59:18.910749+00,2026-09-18 13:01:51.070613+00
170ece38-7bf3-440e-a8cd-96ae9e29a303,/srv/fim-watch/gen_00348.txt,2026-09-18 12:59:19.010378+00,2026-09-18 13:01:51.090095+00
1f1f5971-480a-4ead-9b90-dd578214279e,/srv/fim-watch/gen_00126.txt,2026-09-18 12:59:19.110557+00,2026-09-18 13:01:51.100339+00
312536fb-f64b-40d3-92a0-f20858f36ac6,/srv/fim-watch/gen_00349.txt,2026-09-18 12:59:19.209985+00,2026-09-18 13:01:51.109259+00
19508920-146d-4108-8335-3ceec8d8bf7f,/srv/fim-watch/gen_00232.txt,2026-09-18 12:59:19.311291+00,2026-09-18 13:01:51.12018+00
7f391ee4-99e3-4bb7-bb8e-92fcd6329671,/srv/fim-watch/gen_00298.txt,2026-09-18 12:59:19.4097+00,2026-09-18 13:01:51.129533+00
d4c7182c-2394-435f-9f81-fa45527788f7,/srv/fim-watch/gen_00341.txt,2026-09-18 12:59:19.510209+00,2026-09-18 13:01:51.140201+00
ebd6255c-74ed-45e1-a4a0-90313f2584e9,/srv/fim-watch/gen_00350.txt,2026-09-18 12:59:19.609477+00,2026-09-18 13:01:51.148562+00
39bb0935-fd28-4466-8876-513e6bdaa702,/srv/fim-watch/gen_00306.txt,2026-09-18 12:59:19.709818+00,2026-09-18 13:01:51.156255+00
889d31ca-3db5-4034-9430-8fe86d6bb10b,/srv/fim-watch/gen_00057.txt,2026-09-18 12:59:19.810685+00,2026-09-18 13:01:51.171964+00
bb3c34db-493b-4ee3-9673-b4e4cd166cf0,/srv/fim-watch/critico/gen_00262.txt,2026-09-18 12:59:19.910195+00,2026-09-18 13:01:51.182937+00
18c1bbf0-fc1e-4a93-bbf7-5b0d96417b60,/srv/fim-watch/critico/gen_00253.txt,2026-09-18 12:59:20.011124+00,2026-09-18 13:01:51.198149+00
ece26eaf-6b60-4a8f-a0aa-c5c943e435fe,/srv/fim-watch/gen_00238.txt,2026-09-18 12:59:20.110316+00,2026-09-18 13:01:51.211928+00
56a42a43-e8c8-4fa9-b700-cac65184706c,/srv/fim-watch/critico/gen_00351.txt,2026-09-18 12:59:20.210474+00,2026-09-18 13:01:51.225986+00
e275d811-f5d0-476f-944b-fd71ad183046,/srv/fim-watch/gen_00198.txt,2026-09-18 12:59:20.410523+00,2026-09-18 13:01:51.239725+00
14bce84f-de82-43b7-9e00-6b343acb9f7c,/srv/fim-watch/gen_00064.txt,2026-09-18 12:59:20.710591+00,2026-09-18 13:01:51.253714+00
1d5acab2-d729-4e39-a507-a44a14e712b1,/srv/fim-watch/gen_00348.txt,2026-09-18 12:59:20.810237+00,2026-09-18 13:01:51.266693+00
4f634ca0-8cd0-4ffb-98c3-41f94e3a0e8a,/srv/fim-watch/gen_00348.txt,2026-09-18 12:59:20.910473+00,2026-09-18 13:01:51.28482+00
1a82ccd1-48f8-4161-ad1b-a5ceca0863e9,/srv/fim-watch/gen_00348.txt,2026-09-18 12:59:21.009822+00,2026-09-18 13:01:51.296516+00
4b1db2dd-e9cf-4964-a473-e539b4f7ed31,/srv/fim-watch/gen_00348.txt,2026-09-18 12:59:21.110099+00,2026-09-18 13:01:51.307261+00
ef78bba5-42e0-42ef-b026-6cdb14bac10f,/srv/fim-watch/gen_00348.txt,2026-09-18 12:59:21.210608+00,2026-09-18 13:01:51.317589+00
a8ea10e2-8d9e-4699-a1d7-71cc088e4d69,/srv/fim-watch/critico/gen_00209.txt,2026-09-18 12:59:21.310236+00,2026-09-18 13:01:51.328458+00
a2d15b24-762f-403a-aae5-fa9e9aa7857b,/srv/fim-watch/gen_00266.txt,2026-09-18 12:59:21.410525+00,2026-09-18 13:01:51.337935+00
b975ff11-1c9e-4ff3-a81d-e27733ad1f93,/srv/fim-watch/critico/gen_00330.txt,2026-09-18 12:59:21.510534+00,2026-09-18 13:01:51.346905+00
ebc40589-1316-4fa2-82d7-c08ebba5b45e,/srv/fim-watch/gen_00049.txt,2026-09-18 12:59:21.710405+00,2026-09-18 13:01:51.359402+00
aad75f95-1380-4f4d-90cd-dc399b553bb9,/srv/fim-watch/gen_00279.txt,2026-09-18 12:59:21.810747+00,2026-09-18 13:01:51.371843+00
5ca7420e-e39e-4d89-beba-45b89709a19a,/srv/fim-watch/gen_00282.txt,2026-09-18 12:59:22.010587+00,2026-09-18 13:01:51.382157+00
33377926-14c3-44d1-80b7-2772d63b2adc,/srv/fim-watch/gen_00282.txt,2026-09-18 12:59:22.110341+00,2026-09-18 13:01:51.399743+00
3f5ac03b-4b2b-4b78-9724-e29d6622dfa1,/srv/fim-watch/gen_00275.txt,2026-09-18 12:59:22.210527+00,2026-09-18 13:01:51.411905+00
40b60adb-8c98-4c9b-8a7e-7443e6bde470,/srv/fim-watch/gen_00275.txt,2026-09-18 12:59:22.310203+00,2026-09-18 13:01:51.427002+00
fe37292e-0fa9-4e69-b53e-1f3d1fc807a3,/srv/fim-watch/gen_00275.txt,2026-09-18 12:59:22.410214+00,2026-09-18 13:01:51.443443+00
29a637a9-1bf4-4c5b-8999-35c2b301a57a,/srv/fim-watch/gen_00275.txt,2026-09-18 12:59:22.511672+00,2026-09-18 13:01:51.462745+00
bde91700-d3d7-4560-af71-07bc733393fa,/srv/fim-watch/gen_00275.txt,2026-09-18 12:59:22.610533+00,2026-09-18 13:01:51.482738+00
20447928-df51-4a60-9775-ff46e8041684,/srv/fim-watch/gen_00325.txt,2026-09-18 12:59:22.710432+00,2026-09-18 13:01:51.5042+00
ca3b12b0-53d8-4b66-90ea-3f0952b468c9,/srv/fim-watch/gen_00355.txt,2026-09-18 12:59:22.810313+00,2026-09-18 13:01:51.524107+00
8e926852-7f51-4c82-8235-4006feda9ca2,/srv/fim-watch/gen_00162.txt,2026-09-18 12:59:22.910466+00,2026-09-18 13:01:51.533645+00
a246c6d6-b471-4902-b323-fe527cd56f69,/srv/fim-watch/gen_00356.txt,2026-09-18 12:59:23.010443+00,2026-09-18 13:01:51.543488+00
e72a1567-3fed-4148-96fd-88a2a236827a,/srv/fim-watch/gen_00357.txt,2026-09-18 12:59:23.110291+00,2026-09-18 13:01:51.553843+00
ff9b632f-a1ae-4190-850f-533ef856544b,/srv/fim-watch/gen_00358.txt,2026-09-18 12:59:23.210513+00,2026-09-18 13:01:51.56385+00
2af4b050-ad49-4fe0-a5dc-70a2303e17e9,/srv/fim-watch/gen_00230.txt,2026-09-18 12:59:23.410375+00,2026-09-18 13:01:51.575324+00
e416a085-0fee-4cec-b7bb-d106293df6d2,/srv/fim-watch/gen_00263.txt,2026-09-18 12:59:23.510591+00,2026-09-18 13:01:51.586684+00
9fd683fc-4aea-4e7b-8dfe-1da563ac4474,/srv/fim-watch/gen_00263.txt,2026-09-18 12:59:23.610827+00,2026-09-18 13:01:51.596562+00
6ddde716-104f-4b39-9665-54bfbc237f9e,/srv/fim-watch/gen_00360.txt,2026-09-18 12:59:23.710496+00,2026-09-18 13:01:51.613642+00
56a2ac61-d20a-49d5-ad37-5f0e0cee8f44,/srv/fim-watch/gen_00360.txt,2026-09-18 12:59:23.810569+00,2026-09-18 13:01:51.624389+00
8aa7f671-6f9b-4f5d-8fba-21fa571b9657,/srv/fim-watch/gen_00308.txt,2026-09-18 12:59:23.910789+00,2026-09-18 13:01:51.640445+00
f108336d-6500-4389-945d-15eb2ded74b8,/srv/fim-watch/critico/gen_00361.txt,2026-09-18 12:59:24.010719+00,2026-09-18 13:01:51.655839+00
91ab63e1-7efe-4687-9573-1ddee16e0c9e,/srv/fim-watch/gen_00177.txt,2026-09-18 12:59:24.110267+00,2026-09-18 13:01:51.679603+00
645f3813-fea4-472a-b6b1-85228d8a0cfd,/srv/fim-watch/gen_00177.txt,2026-09-18 12:59:24.210952+00,2026-09-18 13:01:51.702345+00
34293d6e-b37e-4c3b-947c-7515dfc716ff,/srv/fim-watch/gen_00362.txt,2026-09-18 12:59:24.310421+00,2026-09-18 13:01:51.718526+00
1ce9b6a4-3fb4-42f1-9408-eaeb43069a29,/srv/fim-watch/gen_00266.txt,2026-09-18 12:59:24.410516+00,2026-09-18 13:01:51.74032+00
38963f37-272f-4ccf-88c1-8a6318166aac,/srv/fim-watch/gen_00196.txt,2026-09-18 12:59:24.51055+00,2026-09-18 13:01:51.761377+00
4adb7ac2-90ac-4085-8a5f-c211cc54e832,/srv/fim-watch/gen_00198.txt,2026-09-18 12:59:24.610392+00,2026-09-18 13:01:51.783955+00
803628e9-5f32-415f-961a-c5144b9cab9c,/srv/fim-watch/gen_00329.txt,2026-09-18 12:59:24.711061+00,2026-09-18 13:01:51.802483+00
158aaaab-b17b-425c-bcf8-66ab9592d51a,/srv/fim-watch/gen_00311.txt,2026-09-18 12:59:24.910748+00,2026-09-18 13:01:51.816197+00
33f82d2a-0a41-47f6-8a47-1e1816c5ec4f,/srv/fim-watch/gen_00363.txt,2026-09-18 12:59:25.010553+00,2026-09-18 13:01:51.838418+00
0f32074f-7244-4bd7-9dca-a0407d085c17,/srv/fim-watch/gen_00363.txt,2026-09-18 12:59:25.111057+00,2026-09-18 13:01:51.858326+00
d96e4891-97f0-4c6b-80e4-727b4f88564f,/srv/fim-watch/critico/gen_00053.txt,2026-09-18 12:59:25.210548+00,2026-09-18 13:01:51.883205+00
16794ea8-3717-49bf-8714-b429a526ef76,/srv/fim-watch/critico/gen_00061.txt,2026-09-18 12:59:25.310374+00,2026-09-18 13:01:51.900018+00
70e267be-c397-4042-98ed-6f6e4c6049ba,/srv/fim-watch/critico/gen_00061.txt,2026-09-18 12:59:25.410284+00,2026-09-18 13:01:51.923135+00
a4818bc8-1d78-465b-a600-b22212a65523,/srv/fim-watch/gen_00295.txt,2026-09-18 12:59:25.610324+00,2026-09-18 13:01:51.944724+00
340dd426-78a4-46f8-95fb-7d4b32151f08,/srv/fim-watch/gen_00250.txt,2026-09-18 12:59:25.709839+00,2026-09-18 13:01:51.967905+00
d7f94300-2bb8-4f5f-be7c-171cc82e70c8,/srv/fim-watch/critico/gen_00130.txt,2026-09-18 12:59:25.810308+00,2026-09-18 13:01:51.986451+00
f0e97fe0-df91-4e53-be57-6f780a41bb0d,/srv/fim-watch/critico/gen_00304.txt,2026-09-18 12:59:25.90973+00,2026-09-18 13:01:52.010745+00
2261990f-46e2-40ab-8df8-f745e0f4415c,/srv/fim-watch/gen_00057.txt,2026-09-18 12:59:26.010457+00,2026-09-18 13:01:52.033997+00
47270021-a94e-4fa3-bf44-2c01245dcadb,/srv/fim-watch/critico/gen_00353.txt,2026-09-18 12:59:26.110247+00,2026-09-18 13:01:52.056295+00
92462246-5af7-4971-884b-3aff263537f9,/srv/fim-watch/gen_00096.txt,2026-09-18 12:59:26.3106+00,2026-09-18 13:01:52.080142+00
25ae095f-071e-4763-98fd-e5ec5c3037de,/srv/fim-watch/gen_00096.txt,2026-09-18 12:59:26.410579+00,2026-09-18 13:01:52.103116+00
3eab7d59-4f1e-44d8-a012-8da23c9d9e53,/srv/fim-watch/gen_00104.txt,2026-09-18 12:59:26.510434+00,2026-09-18 13:01:52.127644+00
77559ab6-5d8f-498e-b870-62192b2e104a,/srv/fim-watch/gen_00366.txt,2026-09-18 12:59:26.610302+00,2026-09-18 13:01:52.152226+00
0bc86408-99fe-426c-834a-4170ad825391,/srv/fim-watch/critico/gen_00189.txt,2026-09-18 12:59:26.710524+00,2026-09-18 13:01:52.172358+00
a1062cfc-53dd-4081-9684-3bb7c6faa281,/srv/fim-watch/gen_00214.txt,2026-09-18 12:59:26.810534+00,2026-09-18 13:01:52.19528+00
02bb2abe-c14c-4208-bf4f-2a8e32a6ca12,/srv/fim-watch/gen_00367.txt,2026-09-18 12:59:26.910496+00,2026-09-18 13:01:52.216879+00
711a567c-03fa-4841-a706-7bd78ddb3899,/srv/fim-watch/gen_00368.txt,2026-09-18 12:59:27.010298+00,2026-09-18 13:01:52.242544+00
73dbf6c2-d611-4db9-a9e9-65cc5e45ba3d,/srv/fim-watch/critico/gen_00183.txt,2026-09-18 12:59:27.110476+00,2026-09-18 13:01:52.266113+00
9300dae2-9cab-4ca8-8b20-cb74031532bc,/srv/fim-watch/critico/gen_00183.txt,2026-09-18 12:59:27.21031+00,2026-09-18 13:01:52.289123+00
555594e2-7ec9-488d-848b-000fd26cc293,/srv/fim-watch/critico/gen_00183.txt,2026-09-18 12:59:27.310294+00,2026-09-18 13:01:52.308817+00
00759ac9-18d3-4bfb-a146-fec13d2d9629,/srv/fim-watch/critico/gen_00183.txt,2026-09-18 12:59:27.410484+00,2026-09-18 13:01:52.327187+00
75fc56a1-e42b-43b8-a081-988ef59e56e7,/srv/fim-watch/critico/gen_00183.txt,2026-09-18 12:59:27.510503+00,2026-09-18 13:01:52.338145+00
8c35fb10-de4e-492f-ab2c-63187b26b4b9,/srv/fim-watch/gen_00311.txt,2026-09-18 12:59:27.710677+00,2026-09-18 13:01:52.351018+00
e8967778-ab08-49ac-b7ae-11a9cbe10a51,/srv/fim-watch/gen_00256.txt,2026-09-18 12:59:27.910912+00,2026-09-18 13:01:52.363206+00
580eb4e1-c899-417e-a00c-4b4ced9dc39e,/srv/fim-watch/critico/gen_00251.txt,2026-09-18 12:59:28.01044+00,2026-09-18 13:01:52.372546+00
bc7c2ab1-254d-41a6-afbf-0935e417604e,/srv/fim-watch/gen_00187.txt,2026-09-18 12:59:28.110288+00,2026-09-18 13:01:52.382832+00
77ee9fb7-459d-4aab-aa8c-5158465b8b2d,/srv/fim-watch/gen_00318.txt,2026-09-18 12:59:28.210321+00,2026-09-18 13:01:52.392329+00
53484b37-98a5-4a4a-a2a2-8b36019db4b2,/srv/fim-watch/critico/gen_00351.txt,2026-09-18 12:59:28.410317+00,2026-09-18 13:01:52.401959+00
b6240ddf-7fa5-445b-87b3-14ed68d27285,/srv/fim-watch/critico/gen_00371.txt,2026-09-18 12:59:28.510404+00,2026-09-18 13:01:52.414966+00
47db3b43-301b-4b80-9926-5b87f51b3f83,/srv/fim-watch/gen_00215.txt,2026-09-18 12:59:28.610237+00,2026-09-18 13:01:52.426318+00
f38c7882-221b-4b45-9f16-ef5d08bd3e1c,/srv/fim-watch/critico/gen_00344.txt,2026-09-18 12:59:28.710593+00,2026-09-18 13:01:52.440632+00
8d065e57-4851-4a7d-b755-f7c860adbd09,/srv/fim-watch/gen_00372.txt,2026-09-18 12:59:28.810176+00,2026-09-18 13:01:52.454008+00
67019379-e0bb-430c-89c6-e087739c4951,/srv/fim-watch/gen_00372.txt,2026-09-18 12:59:28.910503+00,2026-09-18 13:01:52.467464+00
789c44ce-57dc-41c8-8a51-dd2f15c8058c,/srv/fim-watch/critico/gen_00248.txt,2026-09-18 12:59:29.010216+00,2026-09-18 13:01:52.483736+00
7e949440-993c-4337-87bb-313486a1d9d7,/srv/fim-watch/gen_00264.txt,2026-09-18 12:59:29.110458+00,2026-09-18 13:01:52.497858+00
78522969-4b0d-44e3-92ea-b13a34b74011,/srv/fim-watch/gen_00357.txt,2026-09-18 12:59:29.210306+00,2026-09-18 13:01:52.512097+00
a2cfa431-4c1f-467a-9295-ab58c6df6067,/srv/fim-watch/critico/gen_00222.txt,2026-09-18 12:59:29.310682+00,2026-09-18 13:01:52.526878+00
bd5d2c0f-965d-40d9-a8d1-b9540eb32196,/srv/fim-watch/critico/gen_00222.txt,2026-09-18 12:59:29.410942+00,2026-09-18 13:01:52.539935+00
97474a92-691e-44c3-8fb8-17de6a030ad9,/srv/fim-watch/gen_00259.txt,2026-09-18 12:59:29.510634+00,2026-09-18 13:01:52.553799+00
655d5929-0528-4817-809f-2b414033070a,/srv/fim-watch/gen_00373.txt,2026-09-18 12:59:29.61008+00,2026-09-18 13:01:52.571998+00
0db53a56-5db5-4c92-a48f-b88a131931bd,/srv/fim-watch/gen_00373.txt,2026-09-18 12:59:29.710079+00,2026-09-18 13:01:52.591375+00
1dda72d8-6141-4a22-9e6c-57e9500fa36a,/srv/fim-watch/critico/gen_00374.txt,2026-09-18 12:59:29.81039+00,2026-09-18 13:01:52.608019+00
834b1f15-74ef-483e-9506-4ec1b60fb25d,/srv/fim-watch/critico/gen_00374.txt,2026-09-18 12:59:29.910741+00,2026-09-18 13:01:52.625279+00
51505b92-a0e6-415d-96a1-0af1930bd49e,/srv/fim-watch/critico/gen_00333.txt,2026-09-18 12:59:30.009929+00,2026-09-18 13:01:52.639735+00
06bb9b73-637b-4795-a81b-879705412a7f,/srv/fim-watch/gen_00071.txt,2026-09-18 12:59:30.110409+00,2026-09-18 13:01:52.65657+00
30e5294e-1de2-41f9-bbed-4fb64090c775,/srv/fim-watch/gen_00375.txt,2026-09-18 12:59:30.210291+00,2026-09-18 13:01:52.670787+00
05a5e1e4-25ba-45d0-a7ae-fa7ee47bc993,/srv/fim-watch/critico/gen_00222.txt,2026-09-18 12:59:30.309835+00,2026-09-18 13:01:52.68351+00
353fe2b8-6135-4112-9a6d-4e361e2a47d9,/srv/fim-watch/gen_00298.txt,2026-09-18 12:59:30.410749+00,2026-09-18 13:01:52.694393+00
9295709d-4748-4a86-aaf7-348c4b93fc63,/srv/fim-watch/gen_00376.txt,2026-09-18 12:59:30.510469+00,2026-09-18 13:01:52.705324+00
b554dba7-828c-48ba-9695-081a7085392f,/srv/fim-watch/gen_00376.txt,2026-09-18 12:59:30.610267+00,2026-09-18 13:01:52.715517+00
20c6c839-ae1f-433c-855e-2d4fb9781f5a,/srv/fim-watch/gen_00128.txt,2026-09-18 12:59:30.709781+00,2026-09-18 13:01:52.728073+00
bab0645f-35b9-4555-b34f-7710994b4564,/srv/fim-watch/gen_00377.txt,2026-09-18 12:59:30.809823+00,2026-09-18 13:01:52.738138+00
8728e17c-62ec-46d2-a550-3965daaa6dcc,/srv/fim-watch/gen_00378.txt,2026-09-18 12:59:30.911301+00,2026-09-18 13:01:52.7473+00
e900090e-4afd-4900-8dbf-3e151c184a37,/srv/fim-watch/gen_00378.txt,2026-09-18 12:59:31.010402+00,2026-09-18 13:01:52.759201+00
fa68f30a-408d-4948-8879-58a3655d781b,/srv/fim-watch/gen_00196.txt,2026-09-18 12:59:31.110824+00,2026-09-18 13:01:52.774144+00
f3dcbbc9-8905-4fdd-9300-52679fd14348,/srv/fim-watch/gen_00196.txt,2026-09-18 12:59:31.210198+00,2026-09-18 13:01:52.784142+00
cdd2577b-6987-4d2f-a0b5-97f96091054a,/srv/fim-watch/critico/gen_00336.txt,2026-09-18 12:59:31.310333+00,2026-09-18 13:01:52.796392+00
7e3c38a1-d2b2-4a42-a818-a482dbb5fdfa,/srv/fim-watch/critico/gen_00379.txt,2026-09-18 12:59:31.409382+00,2026-09-18 13:01:52.808329+00
4ec9f677-dfd3-4c41-8e6e-6d56bfae3b93,/srv/fim-watch/critico/gen_00345.txt,2026-09-18 12:59:31.510576+00,2026-09-18 13:01:52.8206+00
ef8ff65b-2aa4-42b6-a126-92ac9173bb8b,/srv/fim-watch/gen_00203.txt,2026-09-18 12:59:31.610336+00,2026-09-18 13:01:52.835929+00
2e06cec9-ca7b-4900-9c55-05e4c217f404,/srv/fim-watch/gen_00380.txt,2026-09-18 12:59:31.710269+00,2026-09-18 13:01:52.848013+00
19509fa7-655c-478e-b16f-d679b737b16c,/srv/fim-watch/gen_00380.txt,2026-09-18 12:59:31.810315+00,2026-09-18 13:01:52.860069+00
906a0d83-e82c-4d60-aa8e-f976907f80d0,/srv/fim-watch/gen_00266.txt,2026-09-18 12:59:31.910272+00,2026-09-18 13:01:52.871191+00
700991fe-9af9-47b0-80ba-04e754894356,/srv/fim-watch/gen_00064.txt,2026-09-18 12:59:32.010705+00,2026-09-18 13:01:52.882535+00
a2d4a2f6-8947-43a6-808d-4c4ebdd88d21,/srv/fim-watch/gen_00362.txt,2026-09-18 12:59:32.110115+00,2026-09-18 13:01:52.894117+00
8b98d0dc-5290-49f0-8f06-f0756f292cd5,/srv/fim-watch/gen_00366.txt,2026-09-18 12:59:32.210514+00,2026-09-18 13:01:52.905895+00
74e04b17-4b9d-4332-bf8a-597010fd77ec,/srv/fim-watch/gen_00291.txt,2026-09-18 12:59:32.310387+00,2026-09-18 13:01:52.91663+00
e1d299ed-1cd5-4638-a1fa-9425e158d164,/srv/fim-watch/gen_00295.txt,2026-09-18 12:59:32.410236+00,2026-09-18 13:01:52.927216+00
302ca2ef-87b2-4451-a48a-6bc128615c9b,/srv/fim-watch/gen_00311.txt,2026-09-18 12:59:32.610388+00,2026-09-18 13:01:52.94022+00
358e1c00-69b8-44b1-9a73-1be5b1a09478,/srv/fim-watch/gen_00311.txt,2026-09-18 12:59:32.710472+00,2026-09-18 13:01:52.954741+00
c8eef1fa-8bb9-4f37-bbea-5ff3447f3e72,/srv/fim-watch/gen_00311.txt,2026-09-18 12:59:32.810439+00,2026-09-18 13:01:52.967843+00
70124fd3-469d-4ead-81ec-1380e59edaed,/srv/fim-watch/gen_00311.txt,2026-09-18 12:59:32.91038+00,2026-09-18 13:01:52.9816+00
83d1e195-ea5b-43df-b81f-7490d5b5b608,/srv/fim-watch/gen_00311.txt,2026-09-18 12:59:33.010448+00,2026-09-18 13:01:52.999191+00
0ba9bb1c-6f60-49ea-aa56-42c14e0b9ed6,/srv/fim-watch/gen_00134.txt,2026-09-18 12:59:33.110237+00,2026-09-18 13:01:53.01157+00
7b89e815-e945-4fe3-8ae8-6dbc142339a6,/srv/fim-watch/gen_00366.txt,2026-09-18 12:59:33.410332+00,2026-09-18 13:01:53.030395+00
ac46a31d-16d3-4579-824d-bef9498291cb,/srv/fim-watch/gen_00252.txt,2026-09-18 12:59:33.510429+00,2026-09-18 13:01:53.050281+00
d148b105-a7f5-49f8-b377-932a1f9bb72b,/srv/fim-watch/critico/gen_00382.txt,2026-09-18 12:59:33.610245+00,2026-09-18 13:01:53.071669+00
082dfd8f-5ddc-4f33-9265-3bb9db07c97f,/srv/fim-watch/critico/gen_00382.txt,2026-09-18 12:59:33.710323+00,2026-09-18 13:01:53.093513+00
99b483f4-24ae-4a02-b6ff-a54f2fc2a8d0,/srv/fim-watch/gen_00355.txt,2026-09-18 12:59:33.910345+00,2026-09-18 13:01:53.114956+00
5a978e59-4cc3-4fca-9f13-be9f9e2482d5,/srv/fim-watch/gen_00071.txt,2026-09-18 12:59:34.110177+00,2026-09-18 13:01:53.137987+00
5040d23c-4a66-4c73-b828-216f862927a9,/srv/fim-watch/gen_00178.txt,2026-09-18 12:59:34.210189+00,2026-09-18 13:01:53.159686+00
9bee1f91-f87d-4f3a-831d-6fae4626fef1,/srv/fim-watch/critico/gen_00351.txt,2026-09-18 12:59:34.31035+00,2026-09-18 13:01:53.179844+00
64d1b5c0-14ec-4b3b-b15e-788d242aac64,/srv/fim-watch/gen_00161.txt,2026-09-18 12:59:34.410162+00,2026-09-18 13:01:53.20427+00
91684963-e16f-4d56-a2bb-fcdca85a6469,/srv/fim-watch/gen_00294.txt,2026-09-18 12:59:34.510304+00,2026-09-18 13:01:53.228251+00
bc0d0ee3-fa31-4ac6-bc35-0e6a5d4b65dc,/srv/fim-watch/gen_00230.txt,2026-09-18 12:59:34.61017+00,2026-09-18 13:01:53.252345+00
3ad6c096-b7ef-40c2-b329-4b2bcaf7bfb4,/srv/fim-watch/gen_00385.txt,2026-09-18 12:59:34.710164+00,2026-09-18 13:01:53.271803+00
d712efde-9d16-4bb3-bbb6-5bceea21fcea,/srv/fim-watch/gen_00365.txt,2026-09-18 12:59:34.910223+00,2026-09-18 13:01:53.295357+00
3988f9a5-c4b9-43c1-93a6-16059ec4b223,/srv/fim-watch/gen_00352.txt,2026-09-18 12:59:35.010042+00,2026-09-18 13:01:53.318916+00
98a4f83b-471b-47fd-b0fd-359d040806e7,/srv/fim-watch/gen_00193.txt,2026-09-18 12:59:35.110216+00,2026-09-18 13:01:53.340673+00
500d63b7-854f-4536-938c-d318bb5203f7,/srv/fim-watch/gen_00193.txt,2026-09-18 12:59:35.210376+00,2026-09-18 13:01:53.366247+00
7f9fa324-1660-4da8-a8a0-65ee3d184e60,/srv/fim-watch/gen_00231.txt,2026-09-18 12:59:35.310299+00,2026-09-18 13:01:53.389923+00
dd09f86d-b8fc-4cd1-93a1-b8e86b626e25,/srv/fim-watch/gen_00231.txt,2026-09-18 12:59:35.410288+00,2026-09-18 13:01:53.411853+00
820f2034-2640-496b-ab48-168066b3945d,/srv/fim-watch/gen_00387.txt,2026-09-18 12:59:35.510266+00,2026-09-18 13:01:53.434431+00
027ce10f-8928-484a-b39b-f02051247168,/srv/fim-watch/gen_00282.txt,2026-09-18 12:59:35.610428+00,2026-09-18 13:01:53.456925+00
d79e898b-8984-495f-9162-26a0f0379b66,/srv/fim-watch/gen_00388.txt,2026-09-18 12:59:35.710753+00,2026-09-18 13:01:53.480122+00
8a27fd44-0c7b-4df8-8899-7fba2c011ebc,/srv/fim-watch/gen_00192.txt,2026-09-18 12:59:35.80974+00,2026-09-18 13:01:53.50257+00
fb67ceab-42ee-4a79-8bc2-2095e3ad896a,/srv/fim-watch/critico/gen_00351.txt,2026-09-18 12:59:35.910553+00,2026-09-18 13:01:53.526683+00
7b27f577-f51f-4640-973a-6fbd0ace6bdb,/srv/fim-watch/critico/gen_00053.txt,2026-09-18 12:59:36.010425+00,2026-09-18 13:01:53.550177+00
570f8067-a9c8-4e68-91c2-ede6e977415f,/srv/fim-watch/gen_00389.txt,2026-09-18 12:59:36.11066+00,2026-09-18 13:01:53.57265+00
bbf5f3a3-23cd-4935-8e07-8298d7e40a3f,/srv/fim-watch/gen_00264.txt,2026-09-18 12:59:36.210197+00,2026-09-18 13:01:53.593018+00
a5bf2138-2a10-4254-94b2-5945f657eb26,/srv/fim-watch/critico/gen_00053.txt,2026-09-18 12:59:36.310475+00,2026-09-18 13:01:53.620677+00
dfe08d86-6c3b-4652-aaec-674131640273,/srv/fim-watch/gen_00152.txt,2026-09-18 12:59:36.410546+00,2026-09-18 13:01:53.641845+00
a27cc5af-2e62-428d-b08c-725fbf9e7349,/srv/fim-watch/gen_00125.txt,2026-09-18 12:59:36.51056+00,2026-09-18 13:01:53.662931+00
138c6b51-291a-43da-a84c-b0d54808465d,/srv/fim-watch/gen_00235.txt,2026-09-18 12:59:36.610061+00,2026-09-18 13:01:53.685739+00
85f137d2-d71b-4d16-b4dc-129fbbf77b0f,/srv/fim-watch/gen_00235.txt,2026-09-18 12:59:36.710415+00,2026-09-18 13:01:53.70891+00
4b183459-c438-4829-8d8b-e21effe727d8,/srv/fim-watch/critico/gen_00304.txt,2026-09-18 12:59:36.810431+00,2026-09-18 13:01:53.726603+00
f0a32ecb-79b5-4e8e-9980-c3562de08e89,/srv/fim-watch/gen_00303.txt,2026-09-18 12:59:36.91058+00,2026-09-18 13:01:53.751292+00
fdad925c-5555-4d20-9ef9-68c996b336b3,/srv/fim-watch/gen_00165.txt,2026-09-18 12:59:37.012058+00,2026-09-18 13:01:53.77496+00
6e689943-e1b2-40db-ac2f-dcde1450a79f,/srv/fim-watch/gen_00365.txt,2026-09-18 12:59:37.110516+00,2026-09-18 13:01:53.797662+00
ab1a3ad4-0706-453d-af23-12a249a05d95,/srv/fim-watch/gen_00105.txt,2026-09-18 12:59:37.210462+00,2026-09-18 13:01:53.816802+00
f8e7e9d4-e0ec-47aa-8ce1-f8b406e1938d,/srv/fim-watch/gen_00386.txt,2026-09-18 12:59:37.31036+00,2026-09-18 13:01:53.838568+00
329ea90b-0e1e-464f-97ba-f4c7fad9c655,/srv/fim-watch/critico/gen_00390.txt,2026-09-18 12:59:37.410532+00,2026-09-18 13:01:53.858836+00
e1c531a5-8073-4c1f-b10d-e494f13292cf,/srv/fim-watch/critico/gen_00390.txt,2026-09-18 12:59:37.509611+00,2026-09-18 13:01:53.883263+00
79e5b9ef-33c9-4a25-95cb-f8f54b5cb667,/srv/fim-watch/gen_00179.txt,2026-09-18 12:59:37.611554+00,2026-09-18 13:01:53.903877+00
af9b7a77-2e43-4026-8266-f69a5063f045,/srv/fim-watch/gen_00179.txt,2026-09-18 12:59:37.710846+00,2026-09-18 13:01:53.926798+00
3196ce2f-1d94-49c9-98aa-b4287f754671,/srv/fim-watch/gen_00179.txt,2026-09-18 12:59:37.81047+00,2026-09-18 13:01:53.948454+00
c3fc1fd7-76c8-401b-92ee-0ddfdcf74b4c,/srv/fim-watch/gen_00179.txt,2026-09-18 12:59:37.91053+00,2026-09-18 13:01:53.972936+00
cae6edd5-dde1-4d42-adfb-6c756746318d,/srv/fim-watch/gen_00179.txt,2026-09-18 12:59:38.010103+00,2026-09-18 13:01:53.9945+00
f7eba7da-5f2d-49ae-abd0-90b7970e073a,/srv/fim-watch/gen_00230.txt,2026-09-18 12:59:38.110469+00,2026-09-18 13:01:54.016314+00
df2e1c87-ee87-4f3f-95ee-e8aa88ec39c8,/srv/fim-watch/gen_00098.txt,2026-09-18 12:59:38.210466+00,2026-09-18 13:01:54.043295+00
5db89c50-90ce-42e3-9749-d3aa6aae62bc,/srv/fim-watch/gen_00166.txt,2026-09-18 12:59:38.310218+00,2026-09-18 13:01:54.069078+00
d9cd608a-8bf5-4ff8-8ad8-265d43f089d4,/srv/fim-watch/gen_00166.txt,2026-09-18 12:59:38.410494+00,2026-09-18 13:01:54.092981+00
a316ce7f-757b-45ec-ad8e-9e69beeba6c2,/srv/fim-watch/critico/gen_00189.txt,2026-09-18 12:59:38.51045+00,2026-09-18 13:01:54.115793+00
09e0ed34-b1c3-4e77-ab22-7712b00e5b26,/srv/fim-watch/gen_00264.txt,2026-09-18 12:59:38.610263+00,2026-09-18 13:01:54.143414+00
3f817ea8-87ab-4454-93b3-65d465209eae,/srv/fim-watch/critico/gen_00392.txt,2026-09-18 12:59:38.810493+00,2026-09-18 13:01:54.167939+00
402cd562-bdfd-40b1-8d05-23b7e5c779dc,/srv/fim-watch/gen_00260.txt,2026-09-18 12:59:38.910283+00,2026-09-18 13:01:54.189604+00
8565bac6-7be3-4fb7-aa01-3a412a09c8f0,/srv/fim-watch/gen_00293.txt,2026-09-18 12:59:39.010348+00,2026-09-18 13:01:54.218255+00
7e450999-842d-4a2b-b80c-ee3fa34a1aff,/srv/fim-watch/gen_00250.txt,2026-09-18 12:59:39.110416+00,2026-09-18 13:01:54.241181+00
72d63dbd-d9b3-4f1c-b3ca-95d94a0f2315,/srv/fim-watch/gen_00166.txt,2026-09-18 12:59:39.21042+00,2026-09-18 13:01:54.26724+00
4b53563a-9606-453d-a218-c9c4ef37dd59,/srv/fim-watch/gen_00179.txt,2026-09-18 12:59:39.310482+00,2026-09-18 13:01:54.291867+00
a7df1ac6-d55e-4724-92b8-7480c33d1ab3,/srv/fim-watch/gen_00348.txt,2026-09-18 12:59:39.410285+00,2026-09-18 13:01:54.311858+00
3edd7772-45ef-487c-ad40-cde9bfe4e91d,/srv/fim-watch/gen_00232.txt,2026-09-18 12:59:39.510472+00,2026-09-18 13:01:54.32784+00
3da2554b-c255-434d-a871-7cb829e423ac,/srv/fim-watch/gen_00393.txt,2026-09-18 12:59:39.61012+00,2026-09-18 13:01:54.344094+00
f55da830-3ac8-4713-9e49-26cdbdb59cd7,/srv/fim-watch/gen_00320.txt,2026-09-18 12:59:39.710265+00,2026-09-18 13:01:54.364472+00
01eec132-903d-4ec6-abd8-ac280a00efcf,/srv/fim-watch/critico/gen_00354.txt,2026-09-18 12:59:39.81067+00,2026-09-18 13:01:54.384947+00
528daf8a-0349-458c-bf68-8a63ea0017de,/srv/fim-watch/gen_00394.txt,2026-09-18 12:59:40.010193+00,2026-09-18 13:01:54.406491+00
577c882a-f011-44cd-8b56-c58f08dcfa37,/srv/fim-watch/critico/gen_00379.txt,2026-09-18 12:59:40.109974+00,2026-09-18 13:01:54.427259+00
c7ab1277-775e-4cfb-bdeb-e57b3eb53956,/srv/fim-watch/critico/gen_00379.txt,2026-09-18 12:59:40.210359+00,2026-09-18 13:01:54.452794+00
2d999a8d-0577-4838-826b-e96d87501eae,/srv/fim-watch/critico/gen_00379.txt,2026-09-18 12:59:40.310341+00,2026-09-18 13:01:54.476783+00
1cb5c4ed-ead7-4b97-819d-80647b39d8e8,/srv/fim-watch/critico/gen_00379.txt,2026-09-18 12:59:40.409943+00,2026-09-18 13:01:54.499565+00
353ff173-1249-44da-8b84-e242e0f68716,/srv/fim-watch/critico/gen_00379.txt,2026-09-18 12:59:40.510428+00,2026-09-18 13:01:54.524241+00
36223469-961a-4556-a40d-da621c6e72da,/srv/fim-watch/gen_00364.txt,2026-09-18 12:59:40.610367+00,2026-09-18 13:01:54.544945+00
5bebe089-45dd-42b3-b583-2399d64d4782,/srv/fim-watch/gen_00395.txt,2026-09-18 12:59:40.710506+00,2026-09-18 13:01:54.56873+00
21892420-ab46-4844-8602-2fdd4f7225c7,/srv/fim-watch/gen_00096.txt,2026-09-18 12:59:40.810395+00,2026-09-18 13:01:54.588669+00
26df85da-aaf0-4fb1-9aab-fe3848b7098d,/srv/fim-watch/critico/gen_00189.txt,2026-09-18 12:59:41.010911+00,2026-09-18 13:01:54.61+00
6cc87cda-0386-44ee-b257-87c835c1343b,/srv/fim-watch/gen_00266.txt,2026-09-18 12:59:41.11038+00,2026-09-18 13:01:54.632973+00
01c61e35-343a-4551-a8ef-b3a7d53e314c,/srv/fim-watch/gen_00171.txt,2026-09-18 12:59:41.210014+00,2026-09-18 13:01:54.654954+00
b38b2788-9d61-46b4-a06e-f8c2395a6950,/srv/fim-watch/gen_00313.txt,2026-09-18 12:59:41.310442+00,2026-09-18 13:01:54.676543+00
f3b04b86-edaa-4f8f-9423-90a97bd37045,/srv/fim-watch/gen_00316.txt,2026-09-18 12:59:41.410553+00,2026-09-18 13:01:54.698859+00
f0b50b72-9180-4eb6-9575-e3672c545cf1,/srv/fim-watch/gen_00149.txt,2026-09-18 12:59:41.610395+00,2026-09-18 13:01:54.724367+00
b7e1d3a5-1f09-474f-8751-b2519c75de35,/srv/fim-watch/critico/gen_00398.txt,2026-09-18 12:59:41.810489+00,2026-09-18 13:01:54.747232+00
526fbc36-f67c-4bd6-a174-12184238271b,/srv/fim-watch/critico/gen_00342.txt,2026-09-18 12:59:41.910201+00,2026-09-18 13:01:54.761316+00
22bf312d-26fb-4ad9-91ae-1a54e4303ee4,/srv/fim-watch/gen_00062.txt,2026-09-18 12:59:42.010224+00,2026-09-18 13:01:54.773102+00
19a693fc-1da7-4a72-b2f7-fec97ff020d7,/srv/fim-watch/critico/gen_00399.txt,2026-09-18 12:59:42.110121+00,2026-09-18 13:01:54.784436+00
93f50b41-325d-46ac-8356-8017413c3c6d,/srv/fim-watch/critico/gen_00399.txt,2026-09-18 12:59:42.210169+00,2026-09-18 13:01:54.796403+00
7cc12129-4ebb-4f07-a4f7-af13c2564d6e,/srv/fim-watch/gen_00115.txt,2026-09-18 12:59:42.310348+00,2026-09-18 13:01:54.806791+00
7226af8b-6eb8-4577-8f21-134f14c6b94d,/srv/fim-watch/gen_00171.txt,2026-09-18 12:59:42.410379+00,2026-09-18 13:01:54.817148+00
93a8da81-52b0-4d8b-9125-205fed8d05fe,/srv/fim-watch/gen_00136.txt,2026-09-18 12:59:42.510397+00,2026-09-18 13:01:54.827859+00
a4ef5197-d28f-421b-a643-74470d73541a,/srv/fim-watch/gen_00365.txt,2026-09-18 12:59:42.610442+00,2026-09-18 13:01:54.838436+00
8d240431-ca7f-4559-b5c9-69cfdc0424bb,/srv/fim-watch/gen_00241.txt,2026-09-18 12:59:42.710441+00,2026-09-18 13:01:54.850186+00
1faa95c9-11f0-4718-9c0a-3a5e57b8fa4d,/srv/fim-watch/gen_00401.txt,2026-09-18 12:59:42.909756+00,2026-09-18 13:01:54.861736+00
23e9986f-dd13-4d82-8d67-1c46682cb89b,/srv/fim-watch/gen_00402.txt,2026-09-18 12:59:43.010323+00,2026-09-18 13:01:54.871724+00
ec02b43c-b9b7-4859-998e-282c78dd977c,/srv/fim-watch/gen_00403.txt,2026-09-18 12:59:43.110355+00,2026-09-18 13:01:54.881434+00
d995e919-626b-4fd8-a3eb-7fa9f8fb6135,/srv/fim-watch/critico/gen_00361.txt,2026-09-18 12:59:43.210803+00,2026-09-18 13:01:54.893193+00
4e61d3d9-bd4f-4b16-916c-fa15479789b2,/srv/fim-watch/critico/gen_00184.txt,2026-09-18 12:59:43.410229+00,2026-09-18 13:01:54.904311+00
d51ccbf5-0ddb-4277-9dcb-54ad48d4a7da,/srv/fim-watch/critico/gen_00333.txt,2026-09-18 12:59:43.71023+00,2026-09-18 13:01:54.914571+00
7d5c5a8f-e593-45d8-b34f-7081a3758405,/srv/fim-watch/gen_00226.txt,2026-09-18 12:59:43.81001+00,2026-09-18 13:01:54.926122+00
81496d38-b51c-455b-9628-a1e0d5ae8dc0,/srv/fim-watch/critico/gen_00332.txt,2026-09-18 12:59:44.010657+00,2026-09-18 13:01:54.935765+00
64cf54c9-2817-4677-adee-13cc4be8c5d7,/srv/fim-watch/gen_00177.txt,2026-09-18 12:59:44.109952+00,2026-09-18 13:01:54.946165+00
91d85013-4111-4577-81db-2f226e07957d,/srv/fim-watch/critico/gen_00345.txt,2026-09-18 12:59:44.210271+00,2026-09-18 13:01:54.956982+00
47a1860e-91dd-42f3-b925-f8dca80bbcdd,/srv/fim-watch/critico/gen_00345.txt,2026-09-18 12:59:44.310176+00,2026-09-18 13:01:54.967197+00
9574f852-41ec-4284-bfcf-4a3333eca7c2,/srv/fim-watch/critico/gen_00353.txt,2026-09-18 12:59:44.41066+00,2026-09-18 13:01:54.97747+00
85e45343-645c-44b6-ac76-a172e29b2aec,/srv/fim-watch/critico/gen_00242.txt,2026-09-18 12:59:44.510599+00,2026-09-18 13:01:54.989151+00
4d84e01b-760b-4fa7-8a44-f69fc6e0f065,/srv/fim-watch/gen_00259.txt,2026-09-18 12:59:44.610286+00,2026-09-18 13:01:55.001866+00
f84b745b-e509-44a5-9688-e5f2ea8014cc,/srv/fim-watch/gen_00314.txt,2026-09-18 12:59:44.710306+00,2026-09-18 13:01:55.012356+00
ad0775ca-b1cf-454d-9d9b-2a0f88edca6e,/srv/fim-watch/gen_00275.txt,2026-09-18 12:59:44.8098+00,2026-09-18 13:01:55.024058+00
a89fbba6-f3ab-4560-954a-9f94c37f16e5,/srv/fim-watch/gen_00115.txt,2026-09-18 12:59:44.910449+00,2026-09-18 13:01:55.033788+00
7811e3d9-8738-43d5-99dd-39fed111cbb6,/srv/fim-watch/gen_00175.txt,2026-09-18 12:59:45.010341+00,2026-09-18 13:01:55.048051+00
d12d2652-e6a8-449d-8ddd-82cd60ca0db0,/srv/fim-watch/critico/gen_00156.txt,2026-09-18 12:59:45.109761+00,2026-09-18 13:01:55.060452+00
385f6233-424d-4e18-96b2-984d900e1e33,/srv/fim-watch/gen_00406.txt,2026-09-18 12:59:45.210602+00,2026-09-18 13:01:55.071567+00
d740fbc4-bb75-49f2-a170-9f15d168676e,/srv/fim-watch/gen_00136.txt,2026-09-18 12:59:45.310663+00,2026-09-18 13:01:55.086218+00
bbe524e6-0910-4b5c-9077-fa36c3607916,/srv/fim-watch/gen_00407.txt,2026-09-18 12:59:45.410411+00,2026-09-18 13:01:55.098444+00
98c62a3c-7250-4e31-b2b3-da1266899190,/srv/fim-watch/gen_00199.txt,2026-09-18 12:59:45.509971+00,2026-09-18 13:01:55.110188+00
4b93c60b-c619-462c-b5b6-f140cdfe6a0e,/srv/fim-watch/critico/gen_00312.txt,2026-09-18 12:59:45.609838+00,2026-09-18 13:01:55.121236+00
bc9def95-eee7-4838-92dc-879de48f2f1c,/srv/fim-watch/gen_00316.txt,2026-09-18 12:59:45.710249+00,2026-09-18 13:01:55.131847+00
5363a570-f5d4-4cb8-94d1-b2c2848a7a08,/srv/fim-watch/critico/gen_00354.txt,2026-09-18 12:59:45.810389+00,2026-09-18 13:01:55.142584+00
7f53f5cf-c835-4710-b028-9e66d081ceee,/srv/fim-watch/critico/gen_00408.txt,2026-09-18 12:59:45.909633+00,2026-09-18 13:01:55.155481+00
97f2d5da-acd7-4e54-85b3-223b6e005ce1,/srv/fim-watch/gen_00271.txt,2026-09-18 12:59:46.110138+00,2026-09-18 13:01:55.165512+00
8c9befca-c00d-46ac-adeb-2fe1ac3ca505,/srv/fim-watch/gen_00193.txt,2026-09-18 12:59:46.210443+00,2026-09-18 13:01:55.17839+00
d493bfb3-77c4-4d88-ad94-a6caae83841d,/srv/fim-watch/gen_00036.txt,2026-09-18 12:59:46.310064+00,2026-09-18 13:01:55.192472+00
2dd4d87c-60c7-43dd-a5a3-8b16723a1613,/srv/fim-watch/critico/gen_00251.txt,2026-09-18 12:59:46.410296+00,2026-09-18 13:01:55.203351+00
fa52b0b1-876a-4fa3-a164-15a9f25ccb7d,/srv/fim-watch/gen_00238.txt,2026-09-18 12:59:46.510277+00,2026-09-18 13:01:55.213598+00
89c65e79-d064-4c2a-bd5a-c34115dd630b,/srv/fim-watch/gen_00257.txt,2026-09-18 12:59:46.610524+00,2026-09-18 13:01:55.22475+00
87868ff3-b970-4646-9a91-85ef08ef1c2b,/srv/fim-watch/gen_00400.txt,2026-09-18 12:59:46.710635+00,2026-09-18 13:01:55.233549+00
9cbd2c8e-1b5e-4006-8d8d-67e71176c1b6,/srv/fim-watch/gen_00400.txt,2026-09-18 12:59:46.810742+00,2026-09-18 13:01:55.244602+00
da745583-5b0d-459a-948c-dc2e3738b996,/srv/fim-watch/gen_00400.txt,2026-09-18 12:59:46.91075+00,2026-09-18 13:01:55.255304+00
e1671b29-ded3-4841-ae82-914aa55b390a,/srv/fim-watch/gen_00400.txt,2026-09-18 12:59:47.010232+00,2026-09-18 13:01:55.266143+00
d8c3dc00-b009-4227-bada-c18b3692a6d3,/srv/fim-watch/gen_00400.txt,2026-09-18 12:59:47.110598+00,2026-09-18 13:01:55.275272+00
d930133b-91e5-4d33-9389-0de8201a5d8d,/srv/fim-watch/critico/gen_00409.txt,2026-09-18 12:59:47.210797+00,2026-09-18 13:01:55.28498+00
a8458440-e6c2-4ec6-8622-3431157327d8,/srv/fim-watch/gen_00142.txt,2026-09-18 12:59:47.310504+00,2026-09-18 13:01:55.295655+00
300f8cad-c681-4fd1-a76a-c2575bbadef7,/srv/fim-watch/gen_00142.txt,2026-09-18 12:59:47.410506+00,2026-09-18 13:01:55.313783+00
f3d46f19-4792-430d-b080-ee3babf126e2,/srv/fim-watch/gen_00269.txt,2026-09-18 12:59:47.610074+00,2026-09-18 13:01:55.329798+00
6b09e454-acc0-4f3e-b25d-5dcec107232b,/srv/fim-watch/gen_00269.txt,2026-09-18 12:59:47.710454+00,2026-09-18 13:01:55.343992+00
1a742150-2451-4a6b-bc5d-0446ca6d7d99,/srv/fim-watch/gen_00269.txt,2026-09-18 12:59:47.810267+00,2026-09-18 13:01:55.362218+00
cc945878-a2ec-442d-a061-51b22dbfb998,/srv/fim-watch/gen_00269.txt,2026-09-18 12:59:47.91061+00,2026-09-18 13:01:55.380186+00
21a86677-b5d8-4eb2-beed-230722f87cac,/srv/fim-watch/gen_00269.txt,2026-09-18 12:59:48.010376+00,2026-09-18 13:01:55.396887+00
d72f1941-fdd3-4622-8dcf-9fc0f5d558bc,/srv/fim-watch/gen_00411.txt,2026-09-18 12:59:48.110499+00,2026-09-18 13:01:55.418989+00
ce0f8ddd-c0d9-48be-bf49-d5977b59e898,/srv/fim-watch/gen_00412.txt,2026-09-18 12:59:48.210684+00,2026-09-18 13:01:55.443464+00
33990b2b-bbee-4ea6-89e4-0a7f6b19ce3c,/srv/fim-watch/gen_00340.txt,2026-09-18 12:59:48.310357+00,2026-09-18 13:01:55.468808+00
3f092bf7-70ef-4468-a83a-7001fef562ed,/srv/fim-watch/gen_00231.txt,2026-09-18 12:59:48.410508+00,2026-09-18 13:01:55.49118+00
854da089-c8f0-4906-909e-a4ccb55e833e,/srv/fim-watch/critico/gen_00413.txt,2026-09-18 12:59:48.509991+00,2026-09-18 13:01:55.51569+00
3c9f3606-4bef-4785-b2f8-b849cdce28dc,/srv/fim-watch/gen_00203.txt,2026-09-18 12:59:48.710587+00,2026-09-18 13:01:55.534602+00
2866a655-5a4a-4b6b-9202-777637c0846a,/srv/fim-watch/gen_00203.txt,2026-09-18 12:59:48.80995+00,2026-09-18 13:01:55.56239+00
0d69d90d-4e1b-4c0d-8d48-f61d91f5fcff,/srv/fim-watch/gen_00235.txt,2026-09-18 12:59:49.009887+00,2026-09-18 13:01:55.585768+00
71923b17-7d0b-47a8-9d95-707f8f3db368,/srv/fim-watch/gen_00268.txt,2026-09-18 12:59:49.109925+00,2026-09-18 13:01:55.607555+00
b3f6ef0c-5056-4135-aaec-2d4d32f26969,/srv/fim-watch/critico/gen_00272.txt,2026-09-18 12:59:49.309427+00,2026-09-18 13:01:55.628159+00
16446fe1-759b-4c33-99b2-7146f4791c3e,/srv/fim-watch/critico/gen_00409.txt,2026-09-18 12:59:49.510488+00,2026-09-18 13:01:55.653435+00
4c29a324-9d30-4c08-ac36-173f8a973f00,/srv/fim-watch/gen_00417.txt,2026-09-18 12:59:49.609486+00,2026-09-18 13:01:55.67504+00
22e2e862-bdee-49bc-9d94-6bc7afc00cfe,/srv/fim-watch/gen_00265.txt,2026-09-18 12:59:49.809424+00,2026-09-18 13:01:55.698104+00
a5a5b7eb-f611-4c98-b9d0-1cbe59d93816,/srv/fim-watch/gen_00265.txt,2026-09-18 12:59:49.90964+00,2026-09-18 13:01:55.722644+00
e3dd77c1-a5d2-48eb-83ed-2f22782f0928,/srv/fim-watch/gen_00265.txt,2026-09-18 12:59:50.009751+00,2026-09-18 13:01:55.746261+00
cf2b5bc5-4ccb-4341-9044-921b5fef856e,/srv/fim-watch/gen_00265.txt,2026-09-18 12:59:50.110714+00,2026-09-18 13:01:55.768547+00
12ef9ef1-dcfa-44e5-80cc-df74d2759c01,/srv/fim-watch/gen_00265.txt,2026-09-18 12:59:50.210343+00,2026-09-18 13:01:55.79081+00
3965f36d-76ac-4cab-9927-63bd233eb98c,/srv/fim-watch/gen_00349.txt,2026-09-18 12:59:50.410401+00,2026-09-18 13:01:55.807377+00
a09a83b0-780a-409b-a7d4-24c3470764d7,/srv/fim-watch/gen_00349.txt,2026-09-18 12:59:50.510249+00,2026-09-18 13:01:55.820488+00
4b1fd0d5-ac35-4964-b6c2-6ef4c1989d54,/srv/fim-watch/gen_00295.txt,2026-09-18 12:59:50.610353+00,2026-09-18 13:01:55.836069+00
e21fe142-66f3-42c2-b51f-c72114671395,/srv/fim-watch/gen_00352.txt,2026-09-18 12:59:50.710355+00,2026-09-18 13:01:55.85283+00
5a7e0165-e65e-4d0a-9f2a-27f8a1e2e6f9,/srv/fim-watch/critico/gen_00173.txt,2026-09-18 12:59:50.810073+00,2026-09-18 13:01:55.870289+00
872f1e7e-1689-4e45-917c-b49895e9c9b1,/srv/fim-watch/critico/gen_00173.txt,2026-09-18 12:59:50.910378+00,2026-09-18 13:01:55.887265+00
110eca78-edbc-4a73-ba32-fdfe8ddd7daa,/srv/fim-watch/gen_00420.txt,2026-09-18 12:59:51.009799+00,2026-09-18 13:01:55.908881+00
40257314-b830-406d-8686-e35f1103205a,/srv/fim-watch/gen_00420.txt,2026-09-18 12:59:51.11011+00,2026-09-18 13:01:55.927942+00
7c158b40-830a-4f33-aec6-4fdc1bef4f50,/srv/fim-watch/gen_00365.txt,2026-09-18 12:59:51.210376+00,2026-09-18 13:01:55.950997+00
f6a5d428-26f5-49d7-a7c4-2a4d91f8e79a,/srv/fim-watch/gen_00422.txt,2026-09-18 12:59:51.410459+00,2026-09-18 13:01:55.972784+00
c98c6860-f7da-4dbd-850a-33e0012c4c9d,/srv/fim-watch/gen_00136.txt,2026-09-18 12:59:51.510509+00,2026-09-18 13:01:55.996683+00
bb3e2dec-8a2d-4dd6-8148-ddc3a938f383,/srv/fim-watch/gen_00423.txt,2026-09-18 12:59:51.610351+00,2026-09-18 13:01:56.01941+00
eea2ccf1-9980-4b63-97e8-b477fdc61c66,/srv/fim-watch/gen_00402.txt,2026-09-18 12:59:51.710449+00,2026-09-18 13:01:56.040976+00
c15b4a4c-9c57-4903-8b26-c2bd440b209b,/srv/fim-watch/gen_00402.txt,2026-09-18 12:59:51.810646+00,2026-09-18 13:01:56.06364+00
bb787256-dd11-459d-ba6e-b3700c9e0716,/srv/fim-watch/gen_00402.txt,2026-09-18 12:59:51.910477+00,2026-09-18 13:01:56.083779+00
b251d0e8-b7a8-41bb-b2b0-61134cf84f45,/srv/fim-watch/gen_00402.txt,2026-09-18 12:59:52.010502+00,2026-09-18 13:01:56.108832+00
3205ca7c-40fe-4786-be7a-21c90bfc7818,/srv/fim-watch/gen_00402.txt,2026-09-18 12:59:52.110396+00,2026-09-18 13:01:56.129743+00
693110e4-34af-4593-bdc9-553273cf7d38,/srv/fim-watch/gen_00424.txt,2026-09-18 12:59:52.21031+00,2026-09-18 13:01:56.142659+00
211d1db1-1221-4cc0-b8cb-0d8abdcb5c4b,/srv/fim-watch/critico/gen_00312.txt,2026-09-18 12:59:52.310279+00,2026-09-18 13:01:56.153177+00
710cc389-5ed1-4666-9510-b7551978e341,/srv/fim-watch/gen_00020.txt,2026-09-18 12:59:52.410664+00,2026-09-18 13:01:56.164363+00
4eb9e860-b148-439c-a1dd-e7cf927647ab,/srv/fim-watch/gen_00125.txt,2026-09-18 12:59:52.510766+00,2026-09-18 13:01:56.174097+00
96a4f83a-d787-42b6-9927-0eab07dbdce0,/srv/fim-watch/gen_00352.txt,2026-09-18 12:59:52.610213+00,2026-09-18 13:01:56.184385+00
fb2ae7ee-9c70-49ad-891c-59bd6d811ef8,/srv/fim-watch/gen_00352.txt,2026-09-18 12:59:52.710179+00,2026-09-18 13:01:56.19608+00
0fd8ddcd-e611-4b3f-8777-64092172a6ea,/srv/fim-watch/gen_00187.txt,2026-09-18 12:59:52.810152+00,2026-09-18 13:01:56.208945+00
50ea5532-bbac-43b3-ab4b-811757f76eb7,/srv/fim-watch/critico/gen_00173.txt,2026-09-18 12:59:52.910842+00,2026-09-18 13:01:56.225312+00
fad66580-7d00-4fc0-9420-63c09930e288,/srv/fim-watch/gen_00129.txt,2026-09-18 12:59:53.010793+00,2026-09-18 13:01:56.243802+00
8cac7d1b-59ac-4705-aee0-f0c423d428ec,/srv/fim-watch/gen_00241.txt,2026-09-18 12:59:53.110441+00,2026-09-18 13:01:56.255241+00
ef85901a-f783-4867-b070-13be34cda01d,/srv/fim-watch/gen_00425.txt,2026-09-18 12:59:53.210042+00,2026-09-18 13:01:56.278338+00
a7c9eb28-10d8-4b48-8eb1-3422e2f83663,/srv/fim-watch/gen_00426.txt,2026-09-18 12:59:53.309804+00,2026-09-18 13:01:56.300561+00
71820d69-f441-4a95-a73a-d07dbeb4cf58,/srv/fim-watch/gen_00427.txt,2026-09-18 12:59:53.41033+00,2026-09-18 13:01:56.318253+00
d9757ec7-b253-4957-855d-02e86ace5f8d,/srv/fim-watch/gen_00356.txt,2026-09-18 12:59:53.510817+00,2026-09-18 13:01:56.34234+00
3aa7dd7b-66fe-492d-a73b-ef5b3e11505f,/srv/fim-watch/gen_00188.txt,2026-09-18 12:59:53.611002+00,2026-09-18 13:01:56.353489+00
eb7a5acb-fe61-4051-9e8f-79c91b5691ab,/srv/fim-watch/gen_00188.txt,2026-09-18 12:59:53.710814+00,2026-09-18 13:01:56.363172+00
6fcf4bd9-c719-40c4-8ced-0e73cc885735,/srv/fim-watch/gen_00188.txt,2026-09-18 12:59:53.810755+00,2026-09-18 13:01:56.374573+00
25c29f19-aa96-4fad-8af3-092c8dfd2741,/srv/fim-watch/gen_00188.txt,2026-09-18 12:59:53.910601+00,2026-09-18 13:01:56.384223+00
7ceb201d-037d-430f-b6ed-e434e64bf72a,/srv/fim-watch/gen_00188.txt,2026-09-18 12:59:54.010672+00,2026-09-18 13:01:56.394226+00
4f3197b4-834b-4a3c-a2ee-ca00d02824ea,/srv/fim-watch/gen_00331.txt,2026-09-18 12:59:54.210367+00,2026-09-18 13:01:56.40327+00
0cc87c62-21f7-4645-8f5c-83a3d5e935e7,/srv/fim-watch/critico/gen_00428.txt,2026-09-18 12:59:54.41031+00,2026-09-18 13:01:56.415819+00
122b0227-af08-4770-b4fb-ecd366ee575a,/srv/fim-watch/gen_00309.txt,2026-09-18 12:59:54.610185+00,2026-09-18 13:01:56.42809+00
a358d72f-067c-4ab7-953b-dd102a3b329d,/srv/fim-watch/gen_00309.txt,2026-09-18 12:59:54.710438+00,2026-09-18 13:01:56.44253+00
9af5fb83-7ceb-4c9e-9d19-6a0de4ede083,/srv/fim-watch/gen_00430.txt,2026-09-18 12:59:54.81064+00,2026-09-18 13:01:56.454325+00
e948c512-0c87-4ace-aef9-26c356ab7b14,/srv/fim-watch/critico/gen_00262.txt,2026-09-18 12:59:54.910159+00,2026-09-18 13:01:56.466684+00
17d0c49e-00ff-46be-9c35-63b5f2c9024b,/srv/fim-watch/gen_00196.txt,2026-09-18 12:59:55.010596+00,2026-09-18 13:01:56.482479+00
e8ff9916-a33a-47bd-832c-bd13616f35c5,/srv/fim-watch/gen_00196.txt,2026-09-18 12:59:55.110559+00,2026-09-18 13:01:56.494433+00
9d5258cf-f4b2-4fc4-8607-59973f49aa24,/srv/fim-watch/gen_00196.txt,2026-09-18 12:59:55.210373+00,2026-09-18 13:01:56.509015+00
6927aa9e-db96-4c9f-81ae-721ccec71514,/srv/fim-watch/gen_00196.txt,2026-09-18 12:59:55.309426+00,2026-09-18 13:01:56.522098+00
fb582900-1f19-4613-8d50-168140cd4fe9,/srv/fim-watch/gen_00196.txt,2026-09-18 12:59:55.410365+00,2026-09-18 13:01:56.535631+00
14ad19ee-edab-4d9c-8ead-596ffdd5e168,/srv/fim-watch/gen_00274.txt,2026-09-18 12:59:55.51004+00,2026-09-18 13:01:56.545903+00
9f7f3c36-397d-4629-9a60-449c19de2454,/srv/fim-watch/gen_00395.txt,2026-09-18 12:59:55.610465+00,2026-09-18 13:01:56.562538+00
1d16cb5a-8d7a-457d-998e-334df343fd0d,/srv/fim-watch/gen_00306.txt,2026-09-18 12:59:55.710321+00,2026-09-18 13:01:56.573696+00
8203f0e0-5d28-46ad-a74c-325f7e8e0512,/srv/fim-watch/gen_00139.txt,2026-09-18 12:59:55.809451+00,2026-09-18 13:01:56.583539+00
1ce36fc9-36c1-4818-a564-de44b6951d83,/srv/fim-watch/gen_00193.txt,2026-09-18 12:59:56.010471+00,2026-09-18 13:01:56.594652+00
4bb829ce-f4f6-4d12-8411-8db118699878,/srv/fim-watch/critico/gen_00432.txt,2026-09-18 12:59:56.109791+00,2026-09-18 13:01:56.604599+00
d7329560-83d8-4b17-99b6-e330bccfb3e3,/srv/fim-watch/critico/gen_00432.txt,2026-09-18 12:59:56.210596+00,2026-09-18 13:01:56.61349+00
90025813-6120-48e0-806f-ec4a18397c6e,/srv/fim-watch/gen_00275.txt,2026-09-18 12:59:56.309729+00,2026-09-18 13:01:56.622631+00
1948e95f-ef9a-4528-9de1-a07c3d6fe252,/srv/fim-watch/gen_00433.txt,2026-09-18 12:59:56.41025+00,2026-09-18 13:01:56.633962+00
0dce9859-92d9-4e25-a716-724628a66919,/srv/fim-watch/gen_00125.txt,2026-09-18 12:59:56.510772+00,2026-09-18 13:01:56.646214+00
1257c02e-db79-4371-967b-8ea0022ef28d,/srv/fim-watch/gen_00285.txt,2026-09-18 12:59:56.610791+00,2026-09-18 13:01:56.660521+00
ff939b6a-c9c2-4c01-9acb-859d606f43c1,/srv/fim-watch/gen_00320.txt,2026-09-18 12:59:56.810598+00,2026-09-18 13:01:56.674096+00
e17cc534-e34d-4d7b-a876-29b4f4f53a03,/srv/fim-watch/critico/gen_00437.txt,2026-09-18 12:59:57.110553+00,2026-09-18 13:01:56.686545+00
8cabaf20-72c7-4775-82a3-b1d3c45a43bf,/srv/fim-watch/gen_00263.txt,2026-09-18 12:59:57.210825+00,2026-09-18 13:01:56.704638+00
bdbd9477-0c13-4af2-92d2-312ae886725f,/srv/fim-watch/gen_00401.txt,2026-09-18 12:59:57.310213+00,2026-09-18 13:01:56.723868+00
f317b8a4-6f90-4aa6-9cd9-2b4339e5f232,/srv/fim-watch/gen_00359.txt,2026-09-18 12:59:57.510733+00,2026-09-18 13:01:56.739432+00
3dbbf756-0e96-4c42-9815-9b937a8eb5c5,/srv/fim-watch/gen_00403.txt,2026-09-18 12:59:57.710631+00,2026-09-18 13:01:56.761398+00
8a83a5f3-3d2d-4333-a8bf-affe7ec728c1,/srv/fim-watch/gen_00403.txt,2026-09-18 12:59:57.810182+00,2026-09-18 13:01:56.781249+00
cc98b81d-1696-486e-a912-c8d719678f0e,/srv/fim-watch/gen_00418.txt,2026-09-18 12:59:57.910247+00,2026-09-18 13:01:56.802342+00
908c2fa2-0d08-404c-9131-06b2625d8d32,/srv/fim-watch/critico/gen_00209.txt,2026-09-18 12:59:58.010258+00,2026-09-18 13:01:56.812662+00
52f270ac-a389-42ba-a7be-d848ed8969be,/srv/fim-watch/critico/gen_00336.txt,2026-09-18 12:59:58.110356+00,2026-09-18 13:01:56.825464+00
64518c05-112a-4e7e-8e6d-9e7c95b927e2,/srv/fim-watch/gen_00282.txt,2026-09-18 12:59:58.21022+00,2026-09-18 13:01:56.841353+00
8dfce4b0-5878-4d3b-b2e0-4e87f440ac78,/srv/fim-watch/gen_00282.txt,2026-09-18 12:59:58.310334+00,2026-09-18 13:01:56.855045+00
5eae2b38-f268-41c6-b317-6fbc92ad33ba,/srv/fim-watch/gen_00139.txt,2026-09-18 12:59:58.410372+00,2026-09-18 13:01:56.871302+00
9f5085d9-641e-495d-a07f-11b92f72e10c,/srv/fim-watch/gen_00226.txt,2026-09-18 12:59:58.509775+00,2026-09-18 13:01:56.890366+00
153fdc1c-9d66-4f74-a503-a1676ea92cb2,/srv/fim-watch/gen_00366.txt,2026-09-18 12:59:58.610242+00,2026-09-18 13:01:56.907045+00
83533e05-e77c-4ff6-a4d5-9ea7f3c6571c,/srv/fim-watch/critico/gen_00156.txt,2026-09-18 12:59:58.710469+00,2026-09-18 13:01:56.918185+00
060eca54-7009-403f-b594-743f16347321,/srv/fim-watch/gen_00411.txt,2026-09-18 12:59:58.810369+00,2026-09-18 13:01:56.929497+00
27b461ff-004e-4762-a1d7-c11af6d51cf6,/srv/fim-watch/gen_00036.txt,2026-09-18 12:59:58.910743+00,2026-09-18 13:01:56.946144+00
50f46b50-68a3-472b-a716-070dcd3a54bb,/srv/fim-watch/gen_00149.txt,2026-09-18 12:59:59.110388+00,2026-09-18 13:01:56.962159+00
3e32e7be-81fa-49ac-85da-44c8de9c5e04,/srv/fim-watch/gen_00329.txt,2026-09-18 12:59:59.310618+00,2026-09-18 13:01:56.977363+00
7d0df520-0945-4f3a-a27b-d49ac776b6e2,/srv/fim-watch/gen_00384.txt,2026-09-18 12:59:59.41022+00,2026-09-18 13:01:56.989263+00
c85290c5-3a0d-431e-96ee-9708668e48e3,/srv/fim-watch/gen_00384.txt,2026-09-18 12:59:59.510611+00,2026-09-18 13:01:57.004889+00
d0528c04-020c-4e61-a82b-47f582adb0b0,/srv/fim-watch/gen_00384.txt,2026-09-18 12:59:59.610444+00,2026-09-18 13:01:57.024966+00
f6f49dd0-8f7b-4900-95a8-67428352e164,/srv/fim-watch/gen_00384.txt,2026-09-18 12:59:59.710442+00,2026-09-18 13:01:57.046177+00
95e1aa44-dfe4-4657-9867-43ece6f87ac6,/srv/fim-watch/gen_00384.txt,2026-09-18 12:59:59.810613+00,2026-09-18 13:01:57.067653+00
53aba468-81cf-4568-ad43-3689e0b380d9,/srv/fim-watch/gen_00441.txt,2026-09-18 12:59:59.910487+00,2026-09-18 13:01:57.086259+00
b414e57c-6c27-4717-998c-5af4a185cf38,/srv/fim-watch/gen_00442.txt,2026-09-18 13:00:00.010139+00,2026-09-18 13:01:57.109676+00
757da0d8-1135-467b-958c-b55f8d5eaf6b,/srv/fim-watch/gen_00230.txt,2026-09-18 13:00:00.109971+00,2026-09-18 13:01:57.135937+00
845f59a0-5505-4281-9755-9f4ee34fd85d,/srv/fim-watch/critico/gen_00369.txt,2026-09-18 13:00:00.210065+00,2026-09-18 13:01:57.156059+00
da88bbe7-a151-48ab-98d4-c563fc00b047,/srv/fim-watch/critico/gen_00123.txt,2026-09-18 13:00:00.410454+00,2026-09-18 13:01:57.176118+00
37a4799d-c13f-4765-8e73-01149ad53de3,/srv/fim-watch/gen_00265.txt,2026-09-18 13:00:00.51015+00,2026-09-18 13:01:57.199373+00
24f9ed72-313b-42f5-8206-3fc8ca788ccc,/srv/fim-watch/gen_00050.txt,2026-09-18 13:00:00.610139+00,2026-09-18 13:01:57.222079+00
5d9982a7-69ef-491c-8107-28589a1e2bdf,/srv/fim-watch/gen_00443.txt,2026-09-18 13:00:00.710332+00,2026-09-18 13:01:57.246153+00
635f9873-5019-4985-be06-1180c8238b63,/srv/fim-watch/gen_00195.txt,2026-09-18 13:00:00.810365+00,2026-09-18 13:01:57.26913+00
ca6d50df-2bbd-40af-9b44-1db461fae5f3,/srv/fim-watch/gen_00405.txt,2026-09-18 13:00:00.910295+00,2026-09-18 13:01:57.289982+00
f17c7070-c5b6-431d-bcc6-988c88731987,/srv/fim-watch/critico/gen_00322.txt,2026-09-18 13:00:01.010015+00,2026-09-18 13:01:57.309301+00
2ee4ff49-1e52-40db-8c67-6d10168ba34c,/srv/fim-watch/gen_00313.txt,2026-09-18 13:00:01.210242+00,2026-09-18 13:01:57.322414+00
12e06b4b-e407-4324-a4c0-3d2271fd1960,/srv/fim-watch/gen_00427.txt,2026-09-18 13:00:01.310684+00,2026-09-18 13:01:57.336955+00
ba450dd1-f1bb-44e1-af3b-988ddf2d9f5f,/srv/fim-watch/gen_00219.txt,2026-09-18 13:00:01.510284+00,2026-09-18 13:01:57.3603+00
b6c3d5bb-a0d4-44ba-b5a2-5d359522c080,/srv/fim-watch/gen_00297.txt,2026-09-18 13:00:01.710038+00,2026-09-18 13:01:57.373251+00
8f16834a-0610-4f01-a36c-e2decaab3c59,/srv/fim-watch/gen_00020.txt,2026-09-18 13:00:01.809526+00,2026-09-18 13:01:57.383401+00
6381dfb9-add8-4b4c-bb3e-cc10566d1cb4,/srv/fim-watch/gen_00152.txt,2026-09-18 13:00:02.010886+00,2026-09-18 13:01:57.396604+00
14727e3c-457e-4e7b-b8c3-927fad69f547,/srv/fim-watch/gen_00407.txt,2026-09-18 13:00:02.109366+00,2026-09-18 13:01:57.407829+00
73e7cfa7-f152-4809-9416-a0c8289fe27d,/srv/fim-watch/gen_00319.txt,2026-09-18 13:00:02.41083+00,2026-09-18 13:01:57.416644+00
f8ab4b79-ab97-4f6d-bb09-2ba3cb3a2980,/srv/fim-watch/gen_00285.txt,2026-09-18 13:00:02.510629+00,2026-09-18 13:01:57.427423+00
07be4b4c-4998-4fa2-8bbb-b1e533720434,/srv/fim-watch/gen_00193.txt,2026-09-18 13:00:02.610723+00,2026-09-18 13:01:57.439133+00
b66b0e2e-76d7-4b29-95fa-070c9af37bdc,/srv/fim-watch/critico/gen_00371.txt,2026-09-18 13:00:02.710826+00,2026-09-18 13:01:57.451077+00
036e6dff-fcc4-4c83-a942-f216deff0de8,/srv/fim-watch/critico/gen_00242.txt,2026-09-18 13:00:02.810373+00,2026-09-18 13:01:57.466275+00
f08392a9-ecba-44d9-9fc9-004469953b77,/srv/fim-watch/critico/gen_00242.txt,2026-09-18 13:00:02.910415+00,2026-09-18 13:01:57.4803+00
1a1dd0f2-29cf-453d-94a5-bbd06a0fd3d3,/srv/fim-watch/gen_00166.txt,2026-09-18 13:00:03.010449+00,2026-09-18 13:01:57.493932+00
902a10ce-99dc-42d7-bcf5-335f78ec2a61,/srv/fim-watch/gen_00412.txt,2026-09-18 13:00:03.110312+00,2026-09-18 13:01:57.505531+00
906f60da-34f2-43a6-bb41-b7ad31c4b9dd,/srv/fim-watch/gen_00418.txt,2026-09-18 13:00:03.310707+00,2026-09-18 13:01:57.520615+00
cd77f6da-ed2f-402a-bc0b-b5f8974f3620,/srv/fim-watch/gen_00418.txt,2026-09-18 13:00:03.410722+00,2026-09-18 13:01:57.537254+00
6bd483c6-dcb7-4915-b8d1-4d0276c22a48,/srv/fim-watch/gen_00418.txt,2026-09-18 13:00:03.510664+00,2026-09-18 13:01:57.558555+00
fecb321a-2422-4357-a227-9f8e2905a5a0,/srv/fim-watch/gen_00418.txt,2026-09-18 13:00:03.610451+00,2026-09-18 13:01:57.580064+00
4a0d97e5-708a-4c0a-b44d-076184c8f256,/srv/fim-watch/gen_00418.txt,2026-09-18 13:00:03.710623+00,2026-09-18 13:01:57.598651+00
b8eaa166-28d8-4712-855e-5ca57980d349,/srv/fim-watch/gen_00375.txt,2026-09-18 13:00:03.810613+00,2026-09-18 13:01:57.621719+00
80dfc3c8-db27-4a5b-8cd6-1c51cad08396,/srv/fim-watch/gen_00234.txt,2026-09-18 13:00:03.910815+00,2026-09-18 13:01:57.641025+00
9b80d640-ff84-4b90-8b83-422743ec8226,/srv/fim-watch/gen_00298.txt,2026-09-18 13:00:04.010323+00,2026-09-18 13:01:57.660406+00
95321dc9-ea1d-42ea-8c46-028d875c0469,/srv/fim-watch/gen_00298.txt,2026-09-18 13:00:04.11054+00,2026-09-18 13:01:57.685966+00
04ff3338-f495-49af-9ec4-fefd514cf5d0,/srv/fim-watch/gen_00422.txt,2026-09-18 13:00:04.210269+00,2026-09-18 13:01:57.70033+00
242aa9a1-0e5c-4629-b8f9-74f49078754e,/srv/fim-watch/gen_00447.txt,2026-09-18 13:00:04.310529+00,2026-09-18 13:01:57.710692+00
aa5270e4-fc69-4ef7-9eb0-e057dc6dd77a,/srv/fim-watch/gen_00447.txt,2026-09-18 13:00:04.41038+00,2026-09-18 13:01:57.725053+00
79499f13-ba32-40d5-8d6b-4cc67c01ddb0,/srv/fim-watch/gen_00367.txt,2026-09-18 13:00:04.510787+00,2026-09-18 13:01:57.737967+00
b12e2ecc-dba5-4dba-850c-4e39403002b9,/srv/fim-watch/gen_00423.txt,2026-09-18 13:00:04.610436+00,2026-09-18 13:01:57.750777+00
bc504cb5-e95f-4b42-9ea7-9b6cf5d90f06,/srv/fim-watch/gen_00346.txt,2026-09-18 13:00:04.710699+00,2026-09-18 13:01:57.763066+00
291d3377-6453-4d74-9d84-092d273accd4,/srv/fim-watch/critico/gen_00312.txt,2026-09-18 13:00:04.910455+00,2026-09-18 13:01:57.773329+00
9c665072-7e9c-4e12-89e6-de1d4cf2127b,/srv/fim-watch/critico/gen_00061.txt,2026-09-18 13:00:05.010365+00,2026-09-18 13:01:57.783018+00
d58e53e1-1084-4194-bb4f-0f99c7442ee0,/srv/fim-watch/gen_00448.txt,2026-09-18 13:00:05.110243+00,2026-09-18 13:01:57.792545+00
4c41ff08-31d8-4498-97db-2f10c9c9f2e6,/srv/fim-watch/gen_00179.txt,2026-09-18 13:00:05.310277+00,2026-09-18 13:01:57.804906+00
c5733cbf-96ac-4cf3-83e8-86a4c1e0fbeb,/srv/fim-watch/gen_00254.txt,2026-09-18 13:00:05.410708+00,2026-09-18 13:01:57.813102+00
55cc78b1-386e-43a6-b3a3-cbf2dbeb0868,/srv/fim-watch/gen_00254.txt,2026-09-18 13:00:05.510587+00,2026-09-18 13:01:57.824059+00
8f07da49-926d-426f-895f-ac16d4f68a98,/srv/fim-watch/gen_00383.txt,2026-09-18 13:00:05.710552+00,2026-09-18 13:01:57.836091+00
8e03220e-0dbe-4e97-b8ab-1dabcd43df9d,/srv/fim-watch/critico/gen_00351.txt,2026-09-18 13:00:05.810391+00,2026-09-18 13:01:57.847945+00
69432b82-1f6d-48c6-99f3-403dfdd3838b,/srv/fim-watch/gen_00114.txt,2026-09-18 13:00:06.010727+00,2026-09-18 13:01:57.857548+00
c8884558-c3f4-4159-bdfe-bfbc44a9a37a,/srv/fim-watch/gen_00114.txt,2026-09-18 13:00:06.110677+00,2026-09-18 13:01:57.868562+00
f9919df8-0f63-4fd0-814b-1651c804c77d,/srv/fim-watch/critico/gen_00451.txt,2026-09-18 13:00:06.210049+00,2026-09-18 13:01:57.880385+00
19464a88-f241-45ed-97c4-8b1763c11c25,/srv/fim-watch/gen_00452.txt,2026-09-18 13:00:06.310226+00,2026-09-18 13:01:57.899632+00
df20224d-c6f8-48f3-96a7-e1702d6a2b81,/srv/fim-watch/gen_00433.txt,2026-09-18 13:00:06.510744+00,2026-09-18 13:01:57.914276+00
fd452d32-1c99-4f22-acc2-fdf1e8a6587e,/srv/fim-watch/gen_00125.txt,2026-09-18 13:00:06.710545+00,2026-09-18 13:01:57.935958+00
2df1f758-1352-4b56-a3f4-ef66ac393a51,/srv/fim-watch/gen_00125.txt,2026-09-18 13:00:06.810548+00,2026-09-18 13:01:57.950598+00
747b27c0-4b18-4f06-8be2-365709ac5993,/srv/fim-watch/critico/gen_00414.txt,2026-09-18 13:00:06.910233+00,2026-09-18 13:01:57.962086+00
0e8343ac-a175-4ad6-8927-49387430e7bb,/srv/fim-watch/gen_00298.txt,2026-09-18 13:00:07.010013+00,2026-09-18 13:01:57.984079+00
30c7f8bc-c7b7-4606-9bcd-4bb457273d36,/srv/fim-watch/critico/gen_00130.txt,2026-09-18 13:00:07.309774+00,2026-09-18 13:01:58.004622+00
4a7ceb51-140e-4e7d-ab5f-0566c766e74c,/srv/fim-watch/gen_00317.txt,2026-09-18 13:00:07.510516+00,2026-09-18 13:01:58.025243+00
90c1d316-bcfa-400a-800b-fb782ba9a37a,/srv/fim-watch/gen_00163.txt,2026-09-18 13:00:07.610367+00,2026-09-18 13:01:58.04102+00
6074c773-aba0-4f2b-bdc3-51896c1f8d55,/srv/fim-watch/critico/gen_00457.txt,2026-09-18 13:00:07.809623+00,2026-09-18 13:01:58.065801+00
b13adcbe-2ded-48df-970c-bef3d7761741,/srv/fim-watch/gen_00405.txt,2026-09-18 13:00:07.910343+00,2026-09-18 13:01:58.087276+00
87e630be-b718-4f49-9ea1-5db0a090e3fd,/srv/fim-watch/gen_00195.txt,2026-09-18 13:00:08.010635+00,2026-09-18 13:01:58.109163+00
a0e796e0-4f20-4494-9c74-950b404f90a4,/srv/fim-watch/gen_00098.txt,2026-09-18 13:00:08.310508+00,2026-09-18 13:01:58.133536+00
200c7e97-5f4e-4015-9242-a01b94eec564,/srv/fim-watch/gen_00331.txt,2026-09-18 13:00:08.510494+00,2026-09-18 13:01:58.15791+00
64ac5451-7fd6-4ab3-94ca-b4538a437a64,/srv/fim-watch/gen_00460.txt,2026-09-18 13:00:08.610132+00,2026-09-18 13:01:58.179976+00
585dbd72-da1e-4ebb-ba0a-f3609d791a30,/srv/fim-watch/critico/gen_00461.txt,2026-09-18 13:00:08.810084+00,2026-09-18 13:01:58.201307+00
3d9a73b9-20ad-441a-ac0e-219b1f66f917,/srv/fim-watch/critico/gen_00330.txt,2026-09-18 13:00:08.910516+00,2026-09-18 13:01:58.223619+00
207ec09f-437a-44be-bddc-6f1dfa1ea1b3,/srv/fim-watch/gen_00250.txt,2026-09-18 13:00:09.110448+00,2026-09-18 13:01:58.247211+00
80e4532a-7a42-4f8d-a8ed-a85c8a406b95,/srv/fim-watch/gen_00412.txt,2026-09-18 13:00:09.210235+00,2026-09-18 13:01:58.271614+00
3f910cff-7a74-4757-9127-61931182007b,/srv/fim-watch/gen_00462.txt,2026-09-18 13:00:09.31043+00,2026-09-18 13:01:58.294166+00
bd2a8815-bd0d-4184-8532-2cfc762e4c55,/srv/fim-watch/gen_00462.txt,2026-09-18 13:00:09.410468+00,2026-09-18 13:01:58.309489+00
9a963978-5bec-4f63-9020-fd5d3967fc5e,/srv/fim-watch/critico/gen_00184.txt,2026-09-18 13:00:09.710678+00,2026-09-18 13:01:58.326761+00
c2018951-da16-4672-aa06-6a5ee7aa704f,/srv/fim-watch/gen_00226.txt,2026-09-18 13:00:09.810756+00,2026-09-18 13:01:58.342797+00
1cbe70ce-eb32-4dec-8ebd-6fbc811cfefd,/srv/fim-watch/gen_00268.txt,2026-09-18 13:00:09.910662+00,2026-09-18 13:01:58.360681+00
f9f5fd29-2c71-43d3-a808-3620aefddd19,/srv/fim-watch/gen_00334.txt,2026-09-18 13:00:10.010249+00,2026-09-18 13:01:58.381647+00
1913e194-b42a-4d17-9a05-8680769f7e5a,/srv/fim-watch/gen_00453.txt,2026-09-18 13:00:10.110331+00,2026-09-18 13:01:58.405282+00
80c46495-6376-457b-8d06-3d1f9d55f8b9,/srv/fim-watch/critico/gen_00413.txt,2026-09-18 13:00:10.210447+00,2026-09-18 13:01:58.427625+00
f1596f49-ff44-4406-9c7d-4053cfee999b,/srv/fim-watch/gen_00282.txt,2026-09-18 13:00:10.310045+00,2026-09-18 13:01:58.449224+00
49c85300-7333-4269-847a-9a36de7706f9,/srv/fim-watch/gen_00431.txt,2026-09-18 13:00:10.410601+00,2026-09-18 13:01:58.467966+00
d958b28a-ad52-4345-9194-4be89ea1e041,/srv/fim-watch/critico/gen_00253.txt,2026-09-18 13:00:10.610354+00,2026-09-18 13:01:58.490775+00
631d8eff-20d4-49bd-84a6-e54704ff2901,/srv/fim-watch/gen_00377.txt,2026-09-18 13:00:10.710345+00,2026-09-18 13:01:58.511759+00
69d079a5-2873-4f61-8dce-0924b88e68d0,/srv/fim-watch/gen_00405.txt,2026-09-18 13:00:10.810369+00,2026-09-18 13:01:58.532937+00
e8e5bac0-a955-4c78-bd88-d1852adbc0fc,/srv/fim-watch/gen_00285.txt,2026-09-18 13:00:10.910623+00,2026-09-18 13:01:58.557687+00
e1fe4538-a6aa-4faf-880c-476fa128697c,/srv/fim-watch/critico/gen_00322.txt,2026-09-18 13:00:11.010361+00,2026-09-18 13:01:58.577778+00
ca5ac74a-5885-4de6-8a24-d15c8476d1ad,/srv/fim-watch/gen_00464.txt,2026-09-18 13:00:11.110416+00,2026-09-18 13:01:58.601153+00
26716fa1-35f1-41f3-9cb8-7b76ec12d2c1,/srv/fim-watch/critico/gen_00465.txt,2026-09-18 13:00:11.210191+00,2026-09-18 13:01:58.626819+00
c30a54df-2fd7-4131-b315-c47bcc980bd9,/srv/fim-watch/gen_00427.txt,2026-09-18 13:00:11.410331+00,2026-09-18 13:01:58.650789+00
c3f02462-b5ef-46d4-bc6b-b3cd30e7b63b,/srv/fim-watch/gen_00427.txt,2026-09-18 13:00:11.51023+00,2026-09-18 13:01:58.673394+00
a7bc85bb-27e5-4954-9060-1106df88cbbe,/srv/fim-watch/critico/gen_00053.txt,2026-09-18 13:00:11.710678+00,2026-09-18 13:01:58.70038+00
3caaefc7-1aaa-467d-abe9-65d60a25c21a,/srv/fim-watch/critico/gen_00053.txt,2026-09-18 13:00:11.810595+00,2026-09-18 13:01:58.723689+00
3b0ef225-6ce2-4f32-b63e-adaa56b19ce0,/srv/fim-watch/gen_00306.txt,2026-09-18 13:00:11.910403+00,2026-09-18 13:01:58.747718+00
96e1fd20-35b5-4c6f-90d1-12cc5bcec830,/srv/fim-watch/gen_00165.txt,2026-09-18 13:00:12.11037+00,2026-09-18 13:01:58.771348+00
5c65ed13-f55b-4f0f-8cab-0fe9b7ea1de0,/srv/fim-watch/gen_00468.txt,2026-09-18 13:00:12.210388+00,2026-09-18 13:01:58.799069+00
0eb235a3-0208-4b4b-b2d4-c692a74103ad,/srv/fim-watch/gen_00469.txt,2026-09-18 13:00:12.310622+00,2026-09-18 13:01:58.813442+00
fda56cfb-a340-481b-86e7-5496ac5f039c,/srv/fim-watch/gen_00228.txt,2026-09-18 13:00:12.410565+00,2026-09-18 13:01:58.829447+00
9ebabd15-7780-4d17-b7a0-3affad60298b,/srv/fim-watch/critico/gen_00342.txt,2026-09-18 13:00:12.51045+00,2026-09-18 13:01:58.845133+00
9584179d-e248-44a2-b88f-3c92b2e7570f,/srv/fim-watch/critico/gen_00371.txt,2026-09-18 13:00:12.710243+00,2026-09-18 13:01:58.860507+00
da895feb-635a-418c-9ed4-de59c82e4ffe,/srv/fim-watch/gen_00096.txt,2026-09-18 13:00:12.810437+00,2026-09-18 13:01:58.881249+00
9e02ee9a-59c5-4953-9337-26c994b2f1da,/srv/fim-watch/gen_00096.txt,2026-09-18 13:00:12.910179+00,2026-09-18 13:01:58.903064+00
3ddd6b70-c272-4d07-be94-2a05b79430d3,/srv/fim-watch/gen_00404.txt,2026-09-18 13:00:13.010306+00,2026-09-18 13:01:58.925483+00
08a7c584-0fb1-4de3-9f89-9b46b0486aa7,/srv/fim-watch/gen_00434.txt,2026-09-18 13:00:13.110412+00,2026-09-18 13:01:58.947002+00
c6075ee0-ff53-43a4-a7d6-22a0f3c25593,/srv/fim-watch/gen_00434.txt,2026-09-18 13:00:13.210423+00,2026-09-18 13:01:58.968973+00
d2a1d45b-34d2-4051-9be4-2b851a6577be,/srv/fim-watch/gen_00434.txt,2026-09-18 13:00:13.310517+00,2026-09-18 13:01:58.990636+00
3fa2520b-504f-412e-a0a3-f4f8e066ca31,/srv/fim-watch/gen_00434.txt,2026-09-18 13:00:13.410265+00,2026-09-18 13:01:59.012907+00
29543d04-4c11-4794-9b05-3c4e92a561f2,/srv/fim-watch/gen_00434.txt,2026-09-18 13:00:13.512473+00,2026-09-18 13:01:59.03948+00
b844b7fe-97e5-4565-bbff-b64acd3d3d98,/srv/fim-watch/gen_00427.txt,2026-09-18 13:00:13.710056+00,2026-09-18 13:01:59.059334+00
12e80fc6-9a35-43d0-909b-fcf606e50733,/srv/fim-watch/critico/gen_00061.txt,2026-09-18 13:00:13.81013+00,2026-09-18 13:01:59.081939+00
0bc23c3b-698b-4754-ad83-a5b73e01ea75,/srv/fim-watch/gen_00470.txt,2026-09-18 13:00:13.910305+00,2026-09-18 13:01:59.107175+00
33b4e3f5-bbb8-4db4-8e14-5f2a1520b407,/srv/fim-watch/gen_00175.txt,2026-09-18 13:00:14.009678+00,2026-09-18 13:01:59.129668+00
040e1735-273a-4699-9839-a61ee0486423,/srv/fim-watch/critico/gen_00471.txt,2026-09-18 13:00:14.110781+00,2026-09-18 13:01:59.145332+00
16453f3c-8df2-43a1-ac6a-30a7264f4553,/srv/fim-watch/critico/gen_00471.txt,2026-09-18 13:00:14.210316+00,2026-09-18 13:01:59.163798+00
6fbf97a0-22b3-4784-9775-34a524f4290e,/srv/fim-watch/gen_00393.txt,2026-09-18 13:00:14.310195+00,2026-09-18 13:01:59.188347+00
998ead28-1ac9-4b8a-9bf0-f37dc77f5d2b,/srv/fim-watch/gen_00472.txt,2026-09-18 13:00:14.410042+00,2026-09-18 13:01:59.210541+00
2d922ddf-8837-4aaf-8a28-a1221d5bc9ea,/srv/fim-watch/gen_00096.txt,2026-09-18 13:00:14.51002+00,2026-09-18 13:01:59.232719+00
3463e106-4e09-4643-9bfe-d8e7bf33ab56,/srv/fim-watch/gen_00290.txt,2026-09-18 13:00:14.610466+00,2026-09-18 13:01:59.251448+00
92004cfc-80f9-4293-9949-33201000c4fa,/srv/fim-watch/critico/gen_00209.txt,2026-09-18 13:00:14.809531+00,2026-09-18 13:01:59.274702+00
3d188abd-dc3d-44a2-9ffd-6a34f17ef68f,/srv/fim-watch/critico/gen_00209.txt,2026-09-18 13:00:14.910298+00,2026-09-18 13:01:59.296768+00
9150a4e1-c261-4a39-b9c1-448f88e64ab1,/srv/fim-watch/gen_00473.txt,2026-09-18 13:00:15.010792+00,2026-09-18 13:01:59.310721+00
2068b451-c704-436d-9d8f-21f62f0774e1,/srv/fim-watch/critico/gen_00253.txt,2026-09-18 13:00:15.110338+00,2026-09-18 13:01:59.328905+00
6eca64f8-06e5-4df4-9d94-2a859174a60b,/srv/fim-watch/gen_00474.txt,2026-09-18 13:00:15.209994+00,2026-09-18 13:01:59.353326+00
cc362510-07da-4020-8f12-452396546e6f,/srv/fim-watch/gen_00393.txt,2026-09-18 13:00:15.310017+00,2026-09-18 13:01:59.375353+00
1cd51adc-0444-4235-b83f-bd174c7dd7a3,/srv/fim-watch/gen_00449.txt,2026-09-18 13:00:15.410159+00,2026-09-18 13:01:59.402136+00
99d92c30-48fe-4441-b46b-cfe59d36a638,/srv/fim-watch/gen_00230.txt,2026-09-18 13:00:15.709661+00,2026-09-18 13:01:59.427487+00
81a66d13-bd33-40aa-9c55-819142c54b09,/srv/fim-watch/critico/gen_00428.txt,2026-09-18 13:00:15.809975+00,2026-09-18 13:01:59.444848+00
ed1aa83b-5abe-4080-b0cc-980ee9782214,/srv/fim-watch/gen_00235.txt,2026-09-18 13:00:16.010542+00,2026-09-18 13:01:59.466389+00
8ed85fd8-724b-4ee8-95d8-7765c220e0be,/srv/fim-watch/gen_00430.txt,2026-09-18 13:00:16.110238+00,2026-09-18 13:01:59.485862+00
4ac197e1-b953-4b4b-ac94-f00ee3204248,/srv/fim-watch/gen_00477.txt,2026-09-18 13:00:16.210374+00,2026-09-18 13:01:59.507438+00
e5de001c-8e26-4b6f-b276-883cb8cdffad,/srv/fim-watch/critico/gen_00437.txt,2026-09-18 13:00:16.30975+00,2026-09-18 13:01:59.533658+00
9cb94b4e-cddf-46f8-a275-0937a97781d4,/srv/fim-watch/gen_00395.txt,2026-09-18 13:00:16.410196+00,2026-09-18 13:01:59.554273+00
789f0f3b-1e43-4e14-b1d1-3d250a52e72a,/srv/fim-watch/gen_00314.txt,2026-09-18 13:00:16.510255+00,2026-09-18 13:01:59.577179+00
bf9b6076-1cf8-4431-a28d-03ef5335f83f,/srv/fim-watch/gen_00446.txt,2026-09-18 13:00:16.610269+00,2026-09-18 13:01:59.597536+00
b6038e8a-4cd6-47c8-88f3-49de9a9e3d4d,/srv/fim-watch/gen_00446.txt,2026-09-18 13:00:16.710218+00,2026-09-18 13:01:59.61677+00
386d2bb3-33db-4a50-958a-b3c3f4c5cf6a,/srv/fim-watch/gen_00446.txt,2026-09-18 13:00:16.810357+00,2026-09-18 13:01:59.640234+00
d0ac30d8-759f-450f-9ea0-8e781c92ee26,/srv/fim-watch/gen_00446.txt,2026-09-18 13:00:16.910349+00,2026-09-18 13:01:59.662655+00
1c6614b3-cde6-43d9-8bb3-8326804f2544,/srv/fim-watch/gen_00446.txt,2026-09-18 13:00:17.010399+00,2026-09-18 13:01:59.68644+00
ab8d1104-ab60-402b-a32b-4db556a185ae,/srv/fim-watch/gen_00352.txt,2026-09-18 13:00:17.110213+00,2026-09-18 13:01:59.709751+00
a1ba5676-51c9-40d3-93a2-5577b95e2bfa,/srv/fim-watch/gen_00349.txt,2026-09-18 13:00:17.210532+00,2026-09-18 13:01:59.732641+00
2de55c52-44bc-4426-ab18-f4b17fb2b862,/srv/fim-watch/critico/gen_00253.txt,2026-09-18 13:00:17.310409+00,2026-09-18 13:01:59.753988+00
c37a56ce-8a3c-4bf1-b488-b7cdfbd527ee,/srv/fim-watch/critico/gen_00253.txt,2026-09-18 13:00:17.410484+00,2026-09-18 13:01:59.778178+00
6e729610-921b-4e81-ab55-4c7e19aa7dc3,/srv/fim-watch/critico/gen_00253.txt,2026-09-18 13:00:17.510393+00,2026-09-18 13:01:59.800471+00
e4f5ef90-3713-41de-8ca5-139cbb72d44a,/srv/fim-watch/critico/gen_00253.txt,2026-09-18 13:00:17.610424+00,2026-09-18 13:01:59.82479+00
f9e4069c-c1ec-4a5c-8600-81d3f07ca8b1,/srv/fim-watch/critico/gen_00253.txt,2026-09-18 13:00:17.710074+00,2026-09-18 13:01:59.851435+00
5f4f638f-9735-44ee-a3d9-67ff29308f98,/srv/fim-watch/critico/gen_00310.txt,2026-09-18 13:00:17.810604+00,2026-09-18 13:01:59.877817+00
9ead1691-b6ed-4e5d-8d04-92e2936e9e7b,/srv/fim-watch/gen_00365.txt,2026-09-18 13:00:18.010514+00,2026-09-18 13:01:59.895246+00
827734ee-c620-4c93-8bda-69295fa41d08,/srv/fim-watch/critico/gen_00251.txt,2026-09-18 13:00:18.110238+00,2026-09-18 13:01:59.920271+00
cc5b37b0-13fd-4d37-bb17-b94a5f2bc8d3,/srv/fim-watch/gen_00478.txt,2026-09-18 13:00:18.210259+00,2026-09-18 13:01:59.941147+00
194cb66a-6155-4f22-b8f1-6b4e2604324c,/srv/fim-watch/critico/gen_00242.txt,2026-09-18 13:00:18.310246+00,2026-09-18 13:01:59.96151+00
f20ef3a4-9655-47ff-99b3-c31b088b9f74,/srv/fim-watch/gen_00126.txt,2026-09-18 13:00:18.410378+00,2026-09-18 13:01:59.98431+00
f13394f1-9f21-484a-a44c-0b29c0209a08,/srv/fim-watch/gen_00356.txt,2026-09-18 13:00:18.510502+00,2026-09-18 13:02:00.007722+00
230e77d8-6448-4b78-aca6-5e8cfe0e69a8,/srv/fim-watch/gen_00238.txt,2026-09-18 13:00:18.610186+00,2026-09-18 13:02:00.029655+00
256b5f5f-69c6-42b2-9ae3-e5ae41f09d2a,/srv/fim-watch/gen_00359.txt,2026-09-18 13:00:18.710096+00,2026-09-18 13:02:00.052015+00
830c88a3-aca5-4b17-a1c1-cb53a3bc069d,/srv/fim-watch/gen_00479.txt,2026-09-18 13:00:18.810426+00,2026-09-18 13:02:00.077001+00
f8637183-c770-4a38-835a-d2ae864202d9,/srv/fim-watch/gen_00435.txt,2026-09-18 13:00:18.910568+00,2026-09-18 13:02:00.097995+00
dddf1b8d-800d-4162-a1bd-583ce79dcf7a,/srv/fim-watch/gen_00480.txt,2026-09-18 13:00:19.110301+00,2026-09-18 13:02:00.123067+00
43f74b98-ac0c-46e5-b38f-ae2f9d23a6bf,/srv/fim-watch/gen_00481.txt,2026-09-18 13:00:19.310335+00,2026-09-18 13:02:00.143986+00
65f72b57-2825-4d6d-8a45-098877bd5723,/srv/fim-watch/critico/gen_00053.txt,2026-09-18 13:00:19.510502+00,2026-09-18 13:02:00.166437+00
5bc9c906-1b68-4791-8ec6-c234ba010ada,/srv/fim-watch/gen_00036.txt,2026-09-18 13:00:19.710087+00,2026-09-18 13:02:00.180975+00
9bc2b95d-bf19-4652-ab7b-9e84f3911ff1,/srv/fim-watch/gen_00157.txt,2026-09-18 13:00:19.910514+00,2026-09-18 13:02:00.190991+00
75b1df55-c12c-4719-ac15-d4c52c478f4e,/srv/fim-watch/gen_00157.txt,2026-09-18 13:00:20.009711+00,2026-09-18 13:02:00.201208+00
b2ac7cbf-1b65-4f05-bae3-749ea90b309a,/srv/fim-watch/critico/gen_00262.txt,2026-09-18 13:00:20.110109+00,2026-09-18 13:02:00.210726+00
91ab32af-21f9-4185-b2a0-1b092168a1c0,/srv/fim-watch/gen_00385.txt,2026-09-18 13:00:20.210755+00,2026-09-18 13:02:00.219828+00
f90d8df9-8b43-48a1-b283-a3eb1e802651,/srv/fim-watch/gen_00268.txt,2026-09-18 13:00:20.310112+00,2026-09-18 13:02:00.232071+00
4ffe3781-db6d-4898-8157-8740871929d5,/srv/fim-watch/critico/gen_00437.txt,2026-09-18 13:00:20.41113+00,2026-09-18 13:02:00.244404+00
b108d53f-5287-426a-a45f-9c2a5a24d202,/srv/fim-watch/gen_00335.txt,2026-09-18 13:00:20.509794+00,2026-09-18 13:02:00.259207+00
36362fbe-2641-4beb-91cf-b677bc03d465,/srv/fim-watch/gen_00350.txt,2026-09-18 13:00:20.610311+00,2026-09-18 13:02:00.276313+00
f1ff9688-9d87-4039-9ef9-f50bf42b580b,/srv/fim-watch/gen_00484.txt,2026-09-18 13:00:20.710511+00,2026-09-18 13:02:00.294002+00
a973803f-f9a3-4be4-b511-37b9eb51e694,/srv/fim-watch/gen_00484.txt,2026-09-18 13:00:20.80973+00,2026-09-18 13:02:00.314295+00
2b8833b5-26bb-4368-968e-5b0030690865,/srv/fim-watch/gen_00365.txt,2026-09-18 13:00:20.910057+00,2026-09-18 13:02:00.331138+00
57eba383-f7cc-450a-bb17-e5107f2abc94,/srv/fim-watch/critico/gen_00344.txt,2026-09-18 13:00:21.210663+00,2026-09-18 13:02:00.345375+00
63651356-bd84-4ab6-abb0-ac02a9ea66cc,/srv/fim-watch/gen_00213.txt,2026-09-18 13:00:21.310791+00,2026-09-18 13:02:00.356918+00
3dfd7830-0084-4e65-8475-cababf1323b0,/srv/fim-watch/critico/gen_00409.txt,2026-09-18 13:00:21.509734+00,2026-09-18 13:02:00.368957+00
fe56c343-82cd-4928-8033-5c46a47b63bb,/srv/fim-watch/gen_00303.txt,2026-09-18 13:00:21.810718+00,2026-09-18 13:02:00.379579+00
4c970891-fbd2-406c-bbac-7b52df988df0,/srv/fim-watch/gen_00096.txt,2026-09-18 13:00:21.910707+00,2026-09-18 13:02:00.389199+00
3cda8529-6f96-4679-b5b5-8191311d4015,/srv/fim-watch/gen_00285.txt,2026-09-18 13:00:22.010894+00,2026-09-18 13:02:00.398921+00
188254cb-414b-4e3e-9f7b-60018ded6ca7,/srv/fim-watch/gen_00285.txt,2026-09-18 13:00:22.110672+00,2026-09-18 13:02:00.408065+00
39c2574d-1d5d-4b67-9bcc-ba329e43de85,/srv/fim-watch/gen_00285.txt,2026-09-18 13:00:22.210326+00,2026-09-18 13:02:00.417755+00
db199a53-5a3e-4f36-9c09-d9860b58f5f1,/srv/fim-watch/gen_00285.txt,2026-09-18 13:00:22.310647+00,2026-09-18 13:02:00.427662+00
c08e7b7c-7a9d-424a-91f3-a600ce317d52,/srv/fim-watch/gen_00285.txt,2026-09-18 13:00:22.410809+00,2026-09-18 13:02:00.437787+00
aaac4f20-e222-42c0-bd5c-732e9ddc5207,/srv/fim-watch/gen_00400.txt,2026-09-18 13:00:22.510805+00,2026-09-18 13:02:00.449135+00
4667f9d9-f342-4893-84bb-4db61dec88e2,/srv/fim-watch/gen_00489.txt,2026-09-18 13:00:22.610609+00,2026-09-18 13:02:00.459529+00
16aa60e7-ae19-414b-bfab-4d514f65f0e8,/srv/fim-watch/gen_00485.txt,2026-09-18 13:00:22.710131+00,2026-09-18 13:02:00.469433+00
dca088aa-8b43-45d7-8592-8965861e0921,/srv/fim-watch/gen_00458.txt,2026-09-18 13:00:22.810575+00,2026-09-18 13:02:00.48009+00
25dbfd4e-fed8-4bc7-a4d8-a68a2c9017ba,/srv/fim-watch/critico/gen_00191.txt,2026-09-18 13:00:23.009762+00,2026-09-18 13:02:00.490947+00
cae6aea6-c727-4a77-a903-c747e1c1933c,/srv/fim-watch/critico/gen_00189.txt,2026-09-18 13:00:23.110653+00,2026-09-18 13:02:00.49958+00
563fdcdd-0cc4-464b-aaa3-1390051f5e68,/srv/fim-watch/gen_00436.txt,2026-09-18 13:00:23.210632+00,2026-09-18 13:02:00.509277+00
9e8721bd-f1b0-444b-9cf9-2dc421e6b5db,/srv/fim-watch/gen_00491.txt,2026-09-18 13:00:23.410178+00,2026-09-18 13:02:00.519392+00
e2bdfc16-5a2b-413f-92a7-c1e1abab2cec,/srv/fim-watch/gen_00163.txt,2026-09-18 13:00:23.510344+00,2026-09-18 13:02:00.528886+00
cb32704c-fde6-4eea-8c8a-f769e214287a,/srv/fim-watch/gen_00436.txt,2026-09-18 13:00:23.610736+00,2026-09-18 13:02:00.538502+00
4eb39a73-cdf7-455f-a5fd-424dc72709eb,/srv/fim-watch/gen_00479.txt,2026-09-18 13:00:23.710219+00,2026-09-18 13:02:00.547275+00
5c8dbb7b-7774-4112-a460-19d311100815,/srv/fim-watch/gen_00479.txt,2026-09-18 13:00:23.810674+00,2026-09-18 13:02:00.558242+00
1e8240cf-bf84-4b44-aa01-b5ae742f7f2a,/srv/fim-watch/gen_00157.txt,2026-09-18 13:00:24.010667+00,2026-09-18 13:02:00.568916+00
7a8bc6e2-30ed-4da2-803c-2359b932d9d6,/srv/fim-watch/gen_00492.txt,2026-09-18 13:00:24.110533+00,2026-09-18 13:02:00.580295+00
fe6bf64f-b658-4f28-b9e8-f8dfaf029e37,/srv/fim-watch/gen_00282.txt,2026-09-18 13:00:24.210315+00,2026-09-18 13:02:00.595286+00
5c9a0d47-b847-41b3-8972-dfdb0b36ad8c,/srv/fim-watch/gen_00439.txt,2026-09-18 13:00:24.310361+00,2026-09-18 13:02:00.606349+00
854e9b8c-6f05-4402-835d-04baeb275b0a,/srv/fim-watch/gen_00325.txt,2026-09-18 13:00:24.410572+00,2026-09-18 13:02:00.616079+00
fa2840f4-d75b-41e3-ba32-589867e060ee,/srv/fim-watch/gen_00325.txt,2026-09-18 13:00:24.510481+00,2026-09-18 13:02:00.628624+00
e8981c96-49ce-4bb1-925e-1ea955bdb21a,/srv/fim-watch/critico/gen_00461.txt,2026-09-18 13:00:24.710258+00,2026-09-18 13:02:00.640564+00
ca7be027-a251-404d-ac2e-b1543c20c37b,/srv/fim-watch/critico/gen_00061.txt,2026-09-18 13:00:24.81053+00,2026-09-18 13:02:00.651419+00
3f7672ed-572d-4621-94a9-383d3ed6a552,/srv/fim-watch/critico/gen_00061.txt,2026-09-18 13:00:24.910548+00,2026-09-18 13:02:00.664593+00
8c6579d0-4dab-4190-b8ed-e1dfb2d520fc,/srv/fim-watch/gen_00494.txt,2026-09-18 13:00:25.010586+00,2026-09-18 13:02:00.676024+00
4d02fa8f-36dc-4400-b9bc-816a72645566,/srv/fim-watch/gen_00477.txt,2026-09-18 13:00:25.11037+00,2026-09-18 13:02:00.688511+00
59af4e4d-bef2-4bcd-999a-0e65d1db2fa5,/srv/fim-watch/gen_00477.txt,2026-09-18 13:00:25.210237+00,2026-09-18 13:02:00.699187+00
ace0d2a6-9cd0-44de-b637-025ad9b82b9a,/srv/fim-watch/critico/gen_00408.txt,2026-09-18 13:00:25.310208+00,2026-09-18 13:02:00.710427+00
35e0b629-8b73-4ad3-8f5e-392df189e4aa,/srv/fim-watch/gen_00395.txt,2026-09-18 13:00:25.409676+00,2026-09-18 13:02:00.720845+00
a7ddd3d9-1dd8-4137-a4d0-a14591667e5b,/srv/fim-watch/critico/gen_00153.txt,2026-09-18 13:00:25.509946+00,2026-09-18 13:02:00.732628+00
37cdf663-7b4d-4d62-b436-dd229b9f3b7c,/srv/fim-watch/critico/gen_00322.txt,2026-09-18 13:00:25.610155+00,2026-09-18 13:02:00.74337+00
f8b60750-a0eb-4eb4-bc67-175ccc747665,/srv/fim-watch/gen_00416.txt,2026-09-18 13:00:25.709835+00,2026-09-18 13:02:00.756807+00
420a91ca-ab5a-484e-96a8-9e8b936098be,/srv/fim-watch/gen_00219.txt,2026-09-18 13:00:25.809652+00,2026-09-18 13:02:00.766898+00
636e87b2-8f7f-4525-a0ed-7981edf1bc22,/srv/fim-watch/gen_00219.txt,2026-09-18 13:00:25.910217+00,2026-09-18 13:02:00.781143+00
3ac3fd75-81ba-478c-83f5-a725cfc7892d,/srv/fim-watch/gen_00050.txt,2026-09-18 13:00:26.010471+00,2026-09-18 13:02:00.796323+00
0cf4390a-41bd-4cfd-ab5f-5123f7d187e8,/srv/fim-watch/gen_00098.txt,2026-09-18 13:00:26.109743+00,2026-09-18 13:02:00.806094+00
e42f3d20-3952-40a2-8839-1ab848713542,/srv/fim-watch/gen_00325.txt,2026-09-18 13:00:26.209721+00,2026-09-18 13:02:00.820771+00
36dab3cd-c83e-4bc8-97eb-a2f7f2efbad9,/srv/fim-watch/critico/gen_00415.txt,2026-09-18 13:00:26.312845+00,2026-09-18 13:02:00.833227+00
d69a3115-9759-4d07-9832-23f28efaae70,/srv/fim-watch/gen_00496.txt,2026-09-18 13:00:26.510257+00,2026-09-18 13:02:00.845341+00
18ae8187-d3fc-465c-88f5-815886b6013c,/srv/fim-watch/gen_00496.txt,2026-09-18 13:00:26.610042+00,2026-09-18 13:02:00.857687+00
fbdab33d-bb5c-4652-9228-608bceb5f3e1,/srv/fim-watch/gen_00311.txt,2026-09-18 13:00:26.710519+00,2026-09-18 13:02:00.870233+00
08e62fe3-2371-40df-b6c2-b76fad08869a,/srv/fim-watch/gen_00166.txt,2026-09-18 13:00:26.810614+00,2026-09-18 13:02:00.882005+00
cd1ad46a-4886-47f8-88ff-03752fb3ecc7,/srv/fim-watch/gen_00425.txt,2026-09-18 13:00:26.910973+00,2026-09-18 13:02:00.892953+00
8caab434-7c03-448d-a990-ddd3cae458cd,/srv/fim-watch/gen_00128.txt,2026-09-18 13:00:27.110219+00,2026-09-18 13:02:00.904222+00
0bab9f6c-ac88-4235-9683-4c500ce3eeb2,/srv/fim-watch/gen_00375.txt,2026-09-18 13:00:27.20953+00,2026-09-18 13:02:00.915722+00
a62e7ef9-ca9f-4628-9771-4f6a10becced,/srv/fim-watch/gen_00498.txt,2026-09-18 13:00:27.309736+00,2026-09-18 13:02:00.929511+00
96be5595-b52c-417e-a0f1-ad34776e3fe0,/srv/fim-watch/gen_00410.txt,2026-09-18 13:00:27.60944+00,2026-09-18 13:02:00.940319+00
aa805998-fef1-4c2d-a912-6b607d5659f4,/srv/fim-watch/gen_00355.txt,2026-09-18 13:00:27.809941+00,2026-09-18 13:02:00.951965+00
84594ee8-c244-4bc1-bbd9-375c6ed5e65b,/srv/fim-watch/gen_00291.txt,2026-09-18 13:00:28.110671+00,2026-09-18 13:02:00.962834+00
9238baec-fb6d-42f3-8b28-e09bc94dc368,/srv/fim-watch/gen_00500.txt,2026-09-18 13:00:28.210223+00,2026-09-18 13:02:00.974184+00
11280f53-0b64-4f37-aafb-c660d864a0af,/srv/fim-watch/gen_00501.txt,2026-09-18 13:00:28.310302+00,2026-09-18 13:02:00.987365+00
7a225144-6972-4cf2-b2e4-c2d44c5f1d40,/srv/fim-watch/critico/gen_00502.txt,2026-09-18 13:00:28.410107+00,2026-09-18 13:02:01.001037+00
acd286ab-71fa-4878-916a-0acb527c7edb,/srv/fim-watch/critico/gen_00488.txt,2026-09-18 13:00:28.510199+00,2026-09-18 13:02:01.016531+00
d1e6a62a-7c28-42d0-a3eb-75bcf8a018f4,/srv/fim-watch/gen_00474.txt,2026-09-18 13:00:28.710513+00,2026-09-18 13:02:01.031986+00
87776752-f170-4d49-9528-81d1688e1411,/srv/fim-watch/gen_00320.txt,2026-09-18 13:00:28.810551+00,2026-09-18 13:02:01.055223+00
81e721b2-7da9-4315-bf08-e2aaae745d21,/srv/fim-watch/gen_00329.txt,2026-09-18 13:00:28.910778+00,2026-09-18 13:02:01.070678+00
9b6f0d85-b0ab-4302-b94d-0fa69aea04d6,/srv/fim-watch/gen_00436.txt,2026-09-18 13:00:29.010633+00,2026-09-18 13:02:01.088693+00
0cae4d87-2094-4e9a-b6ed-4f1feab474b6,/srv/fim-watch/gen_00384.txt,2026-09-18 13:00:29.110496+00,2026-09-18 13:02:01.105577+00
11b4d2e2-a9da-4138-a611-434df54e06d1,/srv/fim-watch/gen_00384.txt,2026-09-18 13:00:29.210558+00,2026-09-18 13:02:01.127489+00
8ddf4cbd-a2f9-4ee2-8fc5-a7199e0af056,/srv/fim-watch/critico/gen_00280.txt,2026-09-18 13:00:29.310493+00,2026-09-18 13:02:01.151594+00
c9b6126a-fe3c-458a-96e0-dcda7ff29655,/srv/fim-watch/gen_00459.txt,2026-09-18 13:00:29.510442+00,2026-09-18 13:02:01.168637+00
d169c11c-5230-4aaa-80a2-e925c57d2af8,/srv/fim-watch/gen_00430.txt,2026-09-18 13:00:29.610544+00,2026-09-18 13:02:01.181502+00
b45f75b8-3d07-42e3-a803-38a9d46d2e0b,/srv/fim-watch/gen_00384.txt,2026-09-18 13:00:29.710239+00,2026-09-18 13:02:01.192226+00
089c4f01-4b03-41d7-9d01-9ae3c937c84b,/srv/fim-watch/critico/gen_00437.txt,2026-09-18 13:00:29.810379+00,2026-09-18 13:02:01.204452+00
ed4a3dc7-76f2-48c1-a878-4529a4e6aaa3,/srv/fim-watch/gen_00325.txt,2026-09-18 13:00:29.910569+00,2026-09-18 13:02:01.212855+00
be8abced-1c9b-4a21-90ae-648e0a6bd6b9,/srv/fim-watch/gen_00504.txt,2026-09-18 13:00:30.210007+00,2026-09-18 13:02:01.222121+00
f1f17013-f63d-47ee-bea8-eba6821a3ebf,/srv/fim-watch/gen_00434.txt,2026-09-18 13:00:30.310337+00,2026-09-18 13:02:01.23146+00
f0c97911-6234-42e3-96d1-7d90ca428146,/srv/fim-watch/critico/gen_00428.txt,2026-09-18 13:00:30.510035+00,2026-09-18 13:02:01.244519+00
beb16968-2290-45f8-9dee-ddd5cab61da9,/srv/fim-watch/gen_00317.txt,2026-09-18 13:00:30.610275+00,2026-09-18 13:02:01.260595+00
1bc1334a-b0d2-4f4f-ad34-1d7916e6a1d6,/srv/fim-watch/gen_00368.txt,2026-09-18 13:00:30.710004+00,2026-09-18 13:02:01.279136+00
f21acf78-fed9-4707-9516-f932d30bb727,/srv/fim-watch/critico/gen_00506.txt,2026-09-18 13:00:30.809828+00,2026-09-18 13:02:01.297774+00
3fe75c35-ba80-4586-b219-797f69c6d909,/srv/fim-watch/critico/gen_00506.txt,2026-09-18 13:00:30.91003+00,2026-09-18 13:02:01.311368+00
0164ca28-4339-40fd-bfec-de409a9de318,/srv/fim-watch/critico/gen_00444.txt,2026-09-18 13:00:31.010425+00,2026-09-18 13:02:01.326552+00
4055463a-16f3-4111-9f07-05645981d670,/srv/fim-watch/gen_00507.txt,2026-09-18 13:00:31.210081+00,2026-09-18 13:02:01.346157+00
1d00aa92-f4bb-4dc7-afb0-6c4a21cb1f07,/srv/fim-watch/gen_00400.txt,2026-09-18 13:00:31.310759+00,2026-09-18 13:02:01.367008+00
dfce4860-0897-4751-b900-5cb282915b18,/srv/fim-watch/gen_00299.txt,2026-09-18 13:00:31.409945+00,2026-09-18 13:02:01.391116+00
1a9acc6a-c842-4fbc-b1de-5edaa951ca38,/srv/fim-watch/gen_00249.txt,2026-09-18 13:00:31.609759+00,2026-09-18 13:02:01.402497+00
433709ca-6c50-4807-bc5e-d8952dc4cefd,/srv/fim-watch/gen_00439.txt,2026-09-18 13:00:31.710034+00,2026-09-18 13:02:01.412072+00
a7e9e467-14d3-4afc-b955-9916cff69803,/srv/fim-watch/critico/gen_00272.txt,2026-09-18 13:00:31.810062+00,2026-09-18 13:02:01.422348+00
a87398aa-3400-4d1f-9fda-bc69bd33f8a8,/srv/fim-watch/gen_00188.txt,2026-09-18 13:00:31.909758+00,2026-09-18 13:02:01.433749+00
5a6a1d43-a336-418e-8ee9-af5cc14c29ac,/srv/fim-watch/gen_00487.txt,2026-09-18 13:00:32.009745+00,2026-09-18 13:02:01.444062+00
a318fad4-2514-4eff-9379-21a40c6af407,/srv/fim-watch/critico/gen_00369.txt,2026-09-18 13:00:32.109738+00,2026-09-18 13:02:01.457898+00
d57da4db-b2c8-47b8-8569-7687ee183e2a,/srv/fim-watch/critico/gen_00156.txt,2026-09-18 13:00:32.209772+00,2026-09-18 13:02:01.468137+00
6484ce51-cae4-4a18-b1af-bedc3b5f3b3e,/srv/fim-watch/gen_00503.txt,2026-09-18 13:00:32.310559+00,2026-09-18 13:02:01.482443+00
9b5a46fe-3a88-49b1-b837-cf02fe135ded,/srv/fim-watch/gen_00489.txt,2026-09-18 13:00:32.610165+00,2026-09-18 13:02:01.493835+00
108f69d9-1c7c-4e75-b39c-ac4bdf3c9cf8,/srv/fim-watch/gen_00298.txt,2026-09-18 13:00:33.01048+00,2026-09-18 13:02:01.50769+00
43d33d8f-2fb2-40f0-87c2-9d6ebdbea613,/srv/fim-watch/critico/gen_00511.txt,2026-09-18 13:00:33.109679+00,2026-09-18 13:02:01.519147+00
85eb2e26-e69e-41d7-9147-2f7423561a0f,/srv/fim-watch/critico/gen_00511.txt,2026-09-18 13:00:33.209798+00,2026-09-18 13:02:01.53243+00
3392dc26-8392-49fe-a9d6-262376334e0e,/srv/fim-watch/gen_00352.txt,2026-09-18 13:00:33.310254+00,2026-09-18 13:02:01.545253+00
81d16b34-0462-42ae-88db-8dbcd240d521,/srv/fim-watch/critico/gen_00130.txt,2026-09-18 13:00:33.410293+00,2026-09-18 13:02:01.557163+00
149fd624-40d3-46ef-8838-1a740f9c1080,/srv/fim-watch/critico/gen_00457.txt,2026-09-18 13:00:33.509885+00,2026-09-18 13:02:01.567844+00
e41d71b8-2eeb-4986-9a7c-17688e652710,/srv/fim-watch/gen_00418.txt,2026-09-18 13:00:33.610433+00,2026-09-18 13:02:01.580519+00
c99d1198-14ac-4dc0-b4c4-094bc10826ac,/srv/fim-watch/gen_00417.txt,2026-09-18 13:00:33.710839+00,2026-09-18 13:02:01.593137+00
19b15a3e-9c71-422b-9a29-8fd41b1a6c0a,/srv/fim-watch/gen_00126.txt,2026-09-18 13:00:33.809902+00,2026-09-18 13:02:01.60989+00
d159f39e-ac40-4765-9013-3347543e224e,/srv/fim-watch/gen_00255.txt,2026-09-18 13:00:33.91009+00,2026-09-18 13:02:01.621832+00
215023e7-b117-4360-ab01-e69a6b2cd77b,/srv/fim-watch/gen_00477.txt,2026-09-18 13:00:34.010551+00,2026-09-18 13:02:01.632166+00
94bf4e10-9e6d-4db4-99e7-b22afa6aca37,/srv/fim-watch/gen_00228.txt,2026-09-18 13:00:34.209829+00,2026-09-18 13:02:01.643852+00
e21c6265-4601-4666-bdf0-6beb3f55abf6,/srv/fim-watch/gen_00513.txt,2026-09-18 13:00:34.310829+00,2026-09-18 13:02:01.655004+00
f16e9c44-b54b-4a90-8466-fc0f233bafc7,/srv/fim-watch/gen_00514.txt,2026-09-18 13:00:34.410718+00,2026-09-18 13:02:01.66317+00
80be06a4-ee60-4c81-bcc0-6a56c26e20af,/srv/fim-watch/critico/gen_00344.txt,2026-09-18 13:00:34.510318+00,2026-09-18 13:02:01.673326+00
77ef4ec4-dc04-4398-bd32-471c4fc5cfbe,/srv/fim-watch/gen_00453.txt,2026-09-18 13:00:34.710158+00,2026-09-18 13:02:01.688407+00
632da3cc-0dbb-40e0-9f5b-f96528046253,/srv/fim-watch/gen_00453.txt,2026-09-18 13:00:34.810661+00,2026-09-18 13:02:01.701006+00
e88253ed-aa8a-47aa-8159-d9af9a5a21d2,/srv/fim-watch/gen_00215.txt,2026-09-18 13:00:34.910681+00,2026-09-18 13:02:01.716767+00
1c53dad7-d831-4ca3-9c99-c14af138d38b,/srv/fim-watch/gen_00394.txt,2026-09-18 13:00:35.01001+00,2026-09-18 13:02:01.730261+00
ef06f383-3cae-46ac-a8a1-f27d5c229ee9,/srv/fim-watch/critico/gen_00209.txt,2026-09-18 13:00:35.209953+00,2026-09-18 13:02:01.74454+00
1428db02-807a-4923-9a0a-feec4f9377aa,/srv/fim-watch/critico/gen_00361.txt,2026-09-18 13:00:35.309901+00,2026-09-18 13:02:01.758619+00
e74187e5-da7d-4a32-b83c-9fb0ae39627d,/srv/fim-watch/gen_00517.txt,2026-09-18 13:00:35.509828+00,2026-09-18 13:02:01.771956+00
14c5cd53-d292-4ccf-998b-a9dca867379d,/srv/fim-watch/gen_00486.txt,2026-09-18 13:00:35.610007+00,2026-09-18 13:02:01.790132+00
1275bbc3-f32d-4131-bbe5-1b696df7ff74,/srv/fim-watch/gen_00291.txt,2026-09-18 13:00:35.710002+00,2026-09-18 13:02:01.809068+00
c8309a26-3f17-498b-97fc-afdbe9c3a59c,/srv/fim-watch/gen_00291.txt,2026-09-18 13:00:35.810042+00,2026-09-18 13:02:01.824432+00
7abd2b07-04ff-4a6a-b5e9-e05ec893ec67,/srv/fim-watch/gen_00160.txt,2026-09-18 13:00:35.909804+00,2026-09-18 13:02:01.839605+00
c5ffcb94-b150-4c33-880f-f72425b5759e,/srv/fim-watch/gen_00458.txt,2026-09-18 13:00:36.110052+00,2026-09-18 13:02:01.856702+00
a3568887-620d-43bc-8c11-dc09c2fd8dc9,/srv/fim-watch/gen_00249.txt,2026-09-18 13:00:36.310306+00,2026-09-18 13:02:01.87042+00
ffa5230e-0ba7-4754-a716-8d00046e4f5e,/srv/fim-watch/gen_00429.txt,2026-09-18 13:00:36.410059+00,2026-09-18 13:02:01.892365+00
5a429745-3aa6-4ba8-84fe-3a83c96cf235,/srv/fim-watch/critico/gen_00451.txt,2026-09-18 13:00:36.60965+00,2026-09-18 13:02:01.912229+00
065129b7-429f-4a7b-88cf-1377f4f76f62,/srv/fim-watch/gen_00395.txt,2026-09-18 13:00:36.710035+00,2026-09-18 13:02:01.932963+00
95ca658b-b15b-4432-bca6-5899b97f927e,/srv/fim-watch/gen_00519.txt,2026-09-18 13:00:36.81016+00,2026-09-18 13:02:01.950178+00
b9822f6c-774e-4b26-8d9a-08e72311f3c2,/srv/fim-watch/gen_00501.txt,2026-09-18 13:00:36.910313+00,2026-09-18 13:02:01.973679+00
e7dad5cc-14bc-43ee-a095-29cd18ea23ba,/srv/fim-watch/gen_00475.txt,2026-09-18 13:00:37.010598+00,2026-09-18 13:02:01.995629+00
9b31698b-5962-4652-9a1b-830fd13b3e63,/srv/fim-watch/critico/gen_00280.txt,2026-09-18 13:00:37.109758+00,2026-09-18 13:02:02.013537+00
55504591-a661-4262-984b-481525303be7,/srv/fim-watch/critico/gen_00280.txt,2026-09-18 13:00:37.209758+00,2026-09-18 13:02:02.036232+00
6d15b8a9-5a20-4dc1-9fb1-d9f744985b2e,/srv/fim-watch/critico/gen_00280.txt,2026-09-18 13:00:37.310055+00,2026-09-18 13:02:02.057748+00
fab15643-46ab-4f04-80b7-ab784d76fdf3,/srv/fim-watch/critico/gen_00280.txt,2026-09-18 13:00:37.409834+00,2026-09-18 13:02:02.080234+00
50ee98b3-8d87-469f-a87f-dd6db4839de2,/srv/fim-watch/critico/gen_00391.txt,2026-09-18 13:00:37.609793+00,2026-09-18 13:02:02.104428+00
45286384-3bf2-45e7-89dc-b027f1948ce2,/srv/fim-watch/gen_00520.txt,2026-09-18 13:00:37.710123+00,2026-09-18 13:02:02.125558+00
a4c4faa8-13c8-4158-8d02-233b96e09ec6,/srv/fim-watch/gen_00521.txt,2026-09-18 13:00:37.810662+00,2026-09-18 13:02:02.144885+00
3231f9d0-6d69-4165-80df-9f68ee4c4399,/srv/fim-watch/gen_00352.txt,2026-09-18 13:00:38.41011+00,2026-09-18 13:02:02.166143+00
c31fed1d-0eca-409d-8e67-a00b36dbdfd4,/srv/fim-watch/gen_00307.txt,2026-09-18 13:00:38.509614+00,2026-09-18 13:02:02.18868+00
15a59bdb-f9ce-4429-a570-e243d8898c3e,/srv/fim-watch/gen_00467.txt,2026-09-18 13:00:38.709974+00,2026-09-18 13:02:02.209555+00
6f82baa5-8713-4044-b994-b6e2420ff1cc,/srv/fim-watch/gen_00467.txt,2026-09-18 13:00:38.810075+00,2026-09-18 13:02:02.232318+00
236a0b7a-b2c6-44c7-8b7b-41987b66e069,/srv/fim-watch/gen_00467.txt,2026-09-18 13:00:38.910331+00,2026-09-18 13:02:02.25465+00
4f0ef296-c5e2-458b-bee2-d8c5cd37d97c,/srv/fim-watch/gen_00467.txt,2026-09-18 13:00:39.010098+00,2026-09-18 13:02:02.274815+00
bbe45ebe-96b1-47f1-8e82-5ffd7668e835,/srv/fim-watch/gen_00467.txt,2026-09-18 13:00:39.109902+00,2026-09-18 13:02:02.296043+00
234b144f-bc14-4eee-8ac6-9a286f36c350,/srv/fim-watch/gen_00050.txt,2026-09-18 13:00:39.210212+00,2026-09-18 13:02:02.312745+00
12c8c2e9-c3f3-4583-8b82-ea2edca9fb56,/srv/fim-watch/gen_00254.txt,2026-09-18 13:00:39.310088+00,2026-09-18 13:02:02.323982+00
c3122536-2716-4c10-9100-8728a72f0c06,/srv/fim-watch/gen_00525.txt,2026-09-18 13:00:39.409402+00,2026-09-18 13:02:02.33643+00
e5f7992f-0550-4fd3-82d4-ecf787829aaa,/srv/fim-watch/critico/gen_00304.txt,2026-09-18 13:00:39.609423+00,2026-09-18 13:02:02.352575+00
52bc8aee-6789-4665-8c11-e13511f1e143,/srv/fim-watch/gen_00474.txt,2026-09-18 13:00:39.710296+00,2026-09-18 13:02:02.36726+00
b7461f75-3bf7-4ca5-a7b2-57d95b8eb7a5,/srv/fim-watch/gen_00289.txt,2026-09-18 13:00:39.810323+00,2026-09-18 13:02:02.384578+00
09e355bc-6ee8-4c69-afa2-1a493d7958a0,/srv/fim-watch/gen_00513.txt,2026-09-18 13:00:39.909897+00,2026-09-18 13:02:02.404645+00
b30a7eb0-1917-4c7c-89d7-196cc296587b,/srv/fim-watch/gen_00418.txt,2026-09-18 13:00:40.110509+00,2026-09-18 13:02:02.41838+00
4275c854-4840-47d1-8ab6-6de4ff3e2766,/srv/fim-watch/gen_00179.txt,2026-09-18 13:00:40.310232+00,2026-09-18 13:02:02.4284+00
95247432-48d1-4c49-8447-d285bf3cdb5b,/srv/fim-watch/gen_00179.txt,2026-09-18 13:00:40.410153+00,2026-09-18 13:02:02.44342+00
13e8ff64-409f-4f1b-a4b3-37bd1b983437,/srv/fim-watch/gen_00528.txt,2026-09-18 13:00:40.509829+00,2026-09-18 13:02:02.452065+00
1cbcd9cb-0b2d-4fb9-a236-14614f537035,/srv/fim-watch/gen_00486.txt,2026-09-18 13:00:40.710258+00,2026-09-18 13:02:02.462097+00
204b8ae8-60c8-4682-a6f1-db73111f3f0d,/srv/fim-watch/critico/gen_00502.txt,2026-09-18 13:00:40.810413+00,2026-09-18 13:02:02.472363+00
996bb6ea-33fa-4318-a692-4097804882c0,/srv/fim-watch/gen_00325.txt,2026-09-18 13:00:40.909937+00,2026-09-18 13:02:02.482474+00
0117f769-0151-4f5b-9d52-8511060e5517,/srv/fim-watch/critico/gen_00353.txt,2026-09-18 13:00:41.010632+00,2026-09-18 13:02:02.493419+00
def7fd45-0ead-47f0-8436-4c5e98790425,/srv/fim-watch/gen_00284.txt,2026-09-18 13:00:41.110316+00,2026-09-18 13:02:02.507156+00
2dd82049-3333-4d14-bf68-b2a4437e4dfc,/srv/fim-watch/gen_00241.txt,2026-09-18 13:00:41.210314+00,2026-09-18 13:02:02.522462+00
4512df0a-5034-4839-9071-af490def6d82,/srv/fim-watch/gen_00405.txt,2026-09-18 13:00:41.310671+00,2026-09-18 13:02:02.538575+00
b6b781c9-4ea1-411c-ac17-76b2d53fb141,/srv/fim-watch/gen_00405.txt,2026-09-18 13:00:41.410514+00,2026-09-18 13:02:02.559965+00
8d86f9ab-068e-4e33-b8db-636c0cafa34c,/srv/fim-watch/gen_00426.txt,2026-09-18 13:00:41.810494+00,2026-09-18 13:02:02.579387+00
d440767c-981b-4a5a-aca1-6aa897e7a737,/srv/fim-watch/critico/gen_00530.txt,2026-09-18 13:00:41.910329+00,2026-09-18 13:02:02.598316+00
e0682b6e-f936-4384-a507-7d2e4507ccc9,/srv/fim-watch/critico/gen_00262.txt,2026-09-18 13:00:42.010458+00,2026-09-18 13:02:02.620583+00
042ba7ac-152b-4ca5-9a84-0daa0f7813db,/srv/fim-watch/gen_00500.txt,2026-09-18 13:00:42.210399+00,2026-09-18 13:02:02.646126+00
67374f47-639a-466c-ab02-08c43c8b7437,/srv/fim-watch/gen_00500.txt,2026-09-18 13:00:42.31064+00,2026-09-18 13:02:02.669452+00
12d0f154-5d0a-494c-9d25-380139680221,/srv/fim-watch/gen_00331.txt,2026-09-18 13:00:42.409817+00,2026-09-18 13:02:02.690715+00
c12bc20f-3c90-4aa2-8b89-005cd640679b,/srv/fim-watch/gen_00377.txt,2026-09-18 13:00:42.510432+00,2026-09-18 13:02:02.716997+00
7f5a5a93-d67d-4ec3-819a-b82d582ce3e7,/srv/fim-watch/gen_00323.txt,2026-09-18 13:00:42.610332+00,2026-09-18 13:02:02.735489+00
cb5f71e7-3202-4ae1-8322-6ea530640cb8,/srv/fim-watch/gen_00228.txt,2026-09-18 13:00:42.710089+00,2026-09-18 13:02:02.756359+00
99d2a320-b855-4f0c-bb64-ec654dbe2063,/srv/fim-watch/gen_00228.txt,2026-09-18 13:00:42.810461+00,2026-09-18 13:02:02.771062+00
4e46f87a-c53c-4687-a14d-2d4d2d534d4a,/srv/fim-watch/gen_00228.txt,2026-09-18 13:00:42.910167+00,2026-09-18 13:02:02.781541+00
ff7386a4-5b20-4df6-9652-3579534e10f1,/srv/fim-watch/gen_00228.txt,2026-09-18 13:00:43.010314+00,2026-09-18 13:02:02.794591+00
ae2b9c59-a79e-4c0a-aab1-58f7fb27bd3f,/srv/fim-watch/critico/gen_00532.txt,2026-09-18 13:00:43.309939+00,2026-09-18 13:02:02.808506+00
3c707793-0e42-4df0-9123-f87d2df4526b,/srv/fim-watch/gen_00513.txt,2026-09-18 13:00:43.610801+00,2026-09-18 13:02:02.824212+00
fa5cda03-1885-4197-9edc-f755d2254644,/srv/fim-watch/gen_00206.txt,2026-09-18 13:00:43.710319+00,2026-09-18 13:02:02.834748+00
383284dd-522b-4e5a-974c-963fb0a1f8f3,/srv/fim-watch/gen_00501.txt,2026-09-18 13:00:43.810947+00,2026-09-18 13:02:02.848002+00
7bf00dc1-4590-4ae9-aef8-b02605b636ca,/srv/fim-watch/gen_00352.txt,2026-09-18 13:00:44.010681+00,2026-09-18 13:02:02.857764+00
7720e119-6e58-4012-ab4d-c6d7bff3d08c,/srv/fim-watch/gen_00534.txt,2026-09-18 13:00:44.210367+00,2026-09-18 13:02:02.867353+00
298c8399-314e-4181-bd51-216d91378922,/srv/fim-watch/gen_00064.txt,2026-09-18 13:00:44.310653+00,2026-09-18 13:02:02.8784+00
ec7289ac-9762-4e41-abb6-305aa2deabf4,/srv/fim-watch/gen_00424.txt,2026-09-18 13:00:44.41068+00,2026-09-18 13:02:02.889845+00
80c9dae5-2ede-41b2-b40b-f89d25bc4ef5,/srv/fim-watch/gen_00424.txt,2026-09-18 13:00:44.51027+00,2026-09-18 13:02:02.902188+00
36875148-f4eb-408c-956b-529cd02ff41b,/srv/fim-watch/gen_00424.txt,2026-09-18 13:00:44.610616+00,2026-09-18 13:02:02.919119+00
e8d21a34-47c2-4fb9-a4e3-7eccbfd9aaa7,/srv/fim-watch/gen_00424.txt,2026-09-18 13:00:44.710631+00,2026-09-18 13:02:02.931107+00
9b91a01b-e8a9-4535-8622-a93f396e3582,/srv/fim-watch/critico/gen_00413.txt,2026-09-18 13:00:45.010276+00,2026-09-18 13:02:02.942209+00
bd7df3c5-1168-434d-8cb3-9bd2a3c67776,/srv/fim-watch/gen_00448.txt,2026-09-18 13:00:45.110663+00,2026-09-18 13:02:02.956333+00
1efc8caa-5fa5-4421-9f7b-4601103c8621,/srv/fim-watch/gen_00448.txt,2026-09-18 13:00:45.210396+00,2026-09-18 13:02:02.973514+00
0cfb0e49-2cb8-4b90-a798-b6e29931dc8c,/srv/fim-watch/gen_00435.txt,2026-09-18 13:00:45.310693+00,2026-09-18 13:02:02.987555+00
350aacf3-b8b2-48d6-9418-120fef834818,/srv/fim-watch/gen_00259.txt,2026-09-18 13:00:45.71138+00,2026-09-18 13:02:03.004608+00
096f7894-86c1-4607-a8aa-e2e9cb7578a8,/srv/fim-watch/gen_00259.txt,2026-09-18 13:00:45.810536+00,2026-09-18 13:02:03.029362+00
297d3f63-90a4-487b-a2d9-17dcaa04364f,/srv/fim-watch/gen_00259.txt,2026-09-18 13:00:45.91038+00,2026-09-18 13:02:03.047445+00
6c7826af-008d-4450-b8f8-7398d63eba50,/srv/fim-watch/gen_00259.txt,2026-09-18 13:00:46.00976+00,2026-09-18 13:02:03.068594+00
32a9f1e5-e55f-49f0-a143-a3a9c57f4374,/srv/fim-watch/gen_00259.txt,2026-09-18 13:00:46.109764+00,2026-09-18 13:02:03.089205+00
e1defc3e-6f04-4842-b638-6e6e4f012ce4,/srv/fim-watch/gen_00269.txt,2026-09-18 13:00:46.210201+00,2026-09-18 13:02:03.113089+00
e104699d-f56f-4e3d-95da-5baa3d996a11,/srv/fim-watch/gen_00256.txt,2026-09-18 13:00:46.309674+00,2026-09-18 13:02:03.136952+00
997c125e-e9ca-417a-bf29-cd918f45c09e,/srv/fim-watch/critico/gen_00123.txt,2026-09-18 13:00:46.510579+00,2026-09-18 13:02:03.156644+00
d3aa607b-f7df-438a-8325-a47dbf48fd6d,/srv/fim-watch/gen_00290.txt,2026-09-18 13:00:46.609456+00,2026-09-18 13:02:03.180712+00
fea4a973-0641-4714-815b-6ca6ee8c2145,/srv/fim-watch/gen_00404.txt,2026-09-18 13:00:46.809618+00,2026-09-18 13:02:03.203928+00
39d912a5-72f6-49a1-994a-d5653352801f,/srv/fim-watch/gen_00479.txt,2026-09-18 13:00:46.910257+00,2026-09-18 13:02:03.22392+00
65d081ce-bf01-4d96-81cf-7b2026b097a2,/srv/fim-watch/critico/gen_00490.txt,2026-09-18 13:00:47.110942+00,2026-09-18 13:02:03.248684+00
8f59514f-8c5f-4483-852b-a1ae59e5aa6d,/srv/fim-watch/critico/gen_00209.txt,2026-09-18 13:00:47.210215+00,2026-09-18 13:02:03.272279+00
15954b9c-6cc5-41f3-a4d9-6084d6b1157d,/srv/fim-watch/gen_00285.txt,2026-09-18 13:00:47.310334+00,2026-09-18 13:02:03.294914+00
3d99e7be-ebe1-42e7-8b8e-7ee65faa6342,/srv/fim-watch/gen_00536.txt,2026-09-18 13:00:47.410462+00,2026-09-18 13:02:03.318062+00
5198b292-3b03-44d4-9fa7-61e85e32b8ae,/srv/fim-watch/gen_00470.txt,2026-09-18 13:00:47.510226+00,2026-09-18 13:02:03.337782+00
1de3cff6-88a9-4f8e-ab98-9c84a7e8800f,/srv/fim-watch/gen_00385.txt,2026-09-18 13:00:47.610815+00,2026-09-18 13:02:03.363159+00
e9344730-1a65-43ec-82f3-903b97e891c6,/srv/fim-watch/gen_00139.txt,2026-09-18 13:00:47.710424+00,2026-09-18 13:02:03.388397+00
278dd2e7-897e-4efd-859b-d8c1cd8f33cf,/srv/fim-watch/critico/gen_00456.txt,2026-09-18 13:00:47.910692+00,2026-09-18 13:02:03.414291+00
a0dd9d53-530d-45cd-b3a8-edf11e8ea043,/srv/fim-watch/gen_00498.txt,2026-09-18 13:00:48.01033+00,2026-09-18 13:02:03.437469+00
cce896b3-8795-43ac-826f-532e50b0126f,/srv/fim-watch/gen_00538.txt,2026-09-18 13:00:48.110125+00,2026-09-18 13:02:03.460565+00
23d7ec8a-d11a-42ca-868e-54b8abcd69b7,/srv/fim-watch/gen_00539.txt,2026-09-18 13:00:48.210199+00,2026-09-18 13:02:03.48498+00
0bd7cdf5-b25b-4e6d-a89b-200fe1e82320,/srv/fim-watch/gen_00498.txt,2026-09-18 13:00:48.310471+00,2026-09-18 13:02:03.509074+00
56023d5e-56a6-4e90-ac96-8847e4c7a310,/srv/fim-watch/gen_00498.txt,2026-09-18 13:00:48.410413+00,2026-09-18 13:02:03.532374+00
31f8ed97-75fb-4816-8231-42d4de12fb14,/srv/fim-watch/gen_00498.txt,2026-09-18 13:00:48.510419+00,2026-09-18 13:02:03.555859+00
734b2c82-d254-4b79-9741-43bf74eec5c6,/srv/fim-watch/gen_00498.txt,2026-09-18 13:00:48.610369+00,2026-09-18 13:02:03.579343+00
2bf7decd-0660-49a2-be9f-ae229ef2b92f,/srv/fim-watch/gen_00498.txt,2026-09-18 13:00:48.710615+00,2026-09-18 13:02:03.606549+00
1c9167f0-67ca-49d4-8600-8d57651e4b80,/srv/fim-watch/gen_00540.txt,2026-09-18 13:00:48.810733+00,2026-09-18 13:02:03.630449+00
38bd14a2-9dc3-4e56-9ff7-c405b9460619,/srv/fim-watch/gen_00508.txt,2026-09-18 13:00:48.910628+00,2026-09-18 13:02:03.653614+00
cc4bc8b6-d3e2-488b-a739-2e53ec29114d,/srv/fim-watch/gen_00426.txt,2026-09-18 13:00:49.010402+00,2026-09-18 13:02:03.677848+00
c41b77cb-abfe-4106-86e7-f29c10bcc459,/srv/fim-watch/gen_00534.txt,2026-09-18 13:00:49.11014+00,2026-09-18 13:02:03.700861+00
4bad6e1b-ef0b-402e-b065-72f185254aa2,/srv/fim-watch/gen_00475.txt,2026-09-18 13:00:49.410823+00,2026-09-18 13:02:03.723861+00
8e4299bd-82b8-4b52-adef-d9b59dfcf8b6,/srv/fim-watch/gen_00475.txt,2026-09-18 13:00:49.510531+00,2026-09-18 13:02:03.747165+00
7bf22a78-2e29-4f21-8631-2d0992464a0b,/srv/fim-watch/critico/gen_00509.txt,2026-09-18 13:00:49.61051+00,2026-09-18 13:02:03.770735+00
daba6c7d-f460-45f3-8ef7-e66a6d4ec831,/srv/fim-watch/gen_00479.txt,2026-09-18 13:00:49.810587+00,2026-09-18 13:02:03.791099+00
a63adfd9-2c8a-4061-987c-cc051d76e45f,/srv/fim-watch/gen_00479.txt,2026-09-18 13:00:49.910603+00,2026-09-18 13:02:03.810225+00
891c3395-a004-41c0-bd15-c6e321e4dd9f,/srv/fim-watch/gen_00479.txt,2026-09-18 13:00:50.010638+00,2026-09-18 13:02:03.828836+00
feeba625-e333-45d6-a9ed-b944ba355954,/srv/fim-watch/gen_00479.txt,2026-09-18 13:00:50.110291+00,2026-09-18 13:02:03.843431+00
050b0c26-c1e5-4aaf-a738-3f0c2c1b1ccf,/srv/fim-watch/gen_00479.txt,2026-09-18 13:00:50.210321+00,2026-09-18 13:02:03.872415+00
aa3a7ef2-5f0e-4660-b95e-52a7bd99bd6e,/srv/fim-watch/gen_00543.txt,2026-09-18 13:00:50.310507+00,2026-09-18 13:02:03.889194+00
86514587-d9f6-4268-9eeb-b553332418c3,/srv/fim-watch/gen_00498.txt,2026-09-18 13:00:50.410628+00,2026-09-18 13:02:03.907734+00
55dc3975-d200-4dd0-97d3-53e9c974f47a,/srv/fim-watch/gen_00326.txt,2026-09-18 13:00:50.510304+00,2026-09-18 13:02:03.928821+00
15c308dd-4c86-471f-8d2b-8be906048f34,/srv/fim-watch/critico/gen_00130.txt,2026-09-18 13:00:50.710541+00,2026-09-18 13:02:03.953369+00
6a4fdb17-74dd-47b9-8459-a8ffca1f2c7f,/srv/fim-watch/gen_00545.txt,2026-09-18 13:00:50.810564+00,2026-09-18 13:02:03.977087+00
32215c33-dfce-4812-adda-4aace762a837,/srv/fim-watch/gen_00163.txt,2026-09-18 13:00:51.110213+00,2026-09-18 13:02:03.997167+00
a0a7eb65-d772-4577-bc06-69a39a3b22b8,/srv/fim-watch/gen_00519.txt,2026-09-18 13:00:51.410693+00,2026-09-18 13:02:04.023941+00
a35d3772-06e6-4f7a-ac48-56100ef4aba0,/srv/fim-watch/gen_00254.txt,2026-09-18 13:00:51.510214+00,2026-09-18 13:02:04.044006+00
18a6a2dd-faa3-45ed-babd-4a1ea7b82b1f,/srv/fim-watch/gen_00134.txt,2026-09-18 13:00:51.610523+00,2026-09-18 13:02:04.069339+00
ca48cb5e-eaa3-44ad-aaaa-6d81d94645d4,/srv/fim-watch/critico/gen_00530.txt,2026-09-18 13:00:51.809792+00,2026-09-18 13:02:04.090758+00
04198758-7dab-467e-b2cf-b1c2fa169e94,/srv/fim-watch/gen_00196.txt,2026-09-18 13:00:51.91061+00,2026-09-18 13:02:04.11114+00
bc0ffd39-4f93-43e7-ad6b-593fa089c52f,/srv/fim-watch/gen_00309.txt,2026-09-18 13:00:52.010028+00,2026-09-18 13:02:04.131281+00
d686421d-8387-44be-9d97-4ee48e1cf09a,/srv/fim-watch/gen_00500.txt,2026-09-18 13:00:52.112595+00,2026-09-18 13:02:04.156975+00
dacd471c-6c71-4912-ae60-c8075b2323e9,/srv/fim-watch/critico/gen_00438.txt,2026-09-18 13:00:52.21154+00,2026-09-18 13:02:04.178256+00
52b274cf-18d7-4921-b295-a1f7da9cb507,/srv/fim-watch/gen_00207.txt,2026-09-18 13:00:52.509899+00,2026-09-18 13:02:04.203738+00
674a0107-e2bc-4e1c-825f-a4638bff4839,/srv/fim-watch/gen_00539.txt,2026-09-18 13:00:52.710512+00,2026-09-18 13:02:04.227056+00
2ce76347-1200-4f3e-8ac2-48e905db555b,/srv/fim-watch/gen_00466.txt,2026-09-18 13:00:52.810149+00,2026-09-18 13:02:04.25261+00
fae15bae-25f8-4358-96cf-fae285c0b768,/srv/fim-watch/gen_00163.txt,2026-09-18 13:00:52.910591+00,2026-09-18 13:02:04.275486+00
79251b21-7bbe-4698-9f51-c9579577575a,/srv/fim-watch/gen_00550.txt,2026-09-18 13:00:53.210403+00,2026-09-18 13:02:04.29968+00
1b1fbac1-9c12-4942-b0b2-6b7e75615aad,/srv/fim-watch/gen_00547.txt,2026-09-18 13:00:53.310604+00,2026-09-18 13:02:04.321078+00
33b74673-e14c-43be-8bf4-df6ef518dcc4,/srv/fim-watch/gen_00543.txt,2026-09-18 13:00:53.409898+00,2026-09-18 13:02:04.345752+00
96880c43-c126-4417-a3c5-4dba24de4532,/srv/fim-watch/gen_00320.txt,2026-09-18 13:00:53.51113+00,2026-09-18 13:02:04.368728+00
9f56dd0e-f8cc-43ec-a8c4-2505dd4bc320,/srv/fim-watch/gen_00466.txt,2026-09-18 13:00:53.710182+00,2026-09-18 13:02:04.392482+00
0c30b7b0-6822-49d0-9604-58f80f47176b,/srv/fim-watch/gen_00331.txt,2026-09-18 13:00:53.810433+00,2026-09-18 13:02:04.413737+00
5f125830-9994-4227-88fb-aa6515c037b1,/srv/fim-watch/critico/gen_00330.txt,2026-09-18 13:00:53.910686+00,2026-09-18 13:02:04.437676+00
b2871a0d-711c-4b79-b29d-0314f7df8454,/srv/fim-watch/gen_00215.txt,2026-09-18 13:00:54.010813+00,2026-09-18 13:02:04.463768+00
f9b99080-b14f-45a9-846e-5ec1c6959db4,/srv/fim-watch/gen_00442.txt,2026-09-18 13:00:54.110774+00,2026-09-18 13:02:04.484689+00
f20e148b-0e4d-48d5-af05-0fa30da69769,/srv/fim-watch/critico/gen_00509.txt,2026-09-18 13:00:54.310548+00,2026-09-18 13:02:04.510132+00
d9c0eb52-0bb6-4294-818b-bda3a039a3d3,/srv/fim-watch/critico/gen_00322.txt,2026-09-18 13:00:54.510652+00,2026-09-18 13:02:04.531655+00
255f0d76-de55-4640-ad2a-aeba7112c862,/srv/fim-watch/gen_00430.txt,2026-09-18 13:00:54.81041+00,2026-09-18 13:02:04.556509+00
07e6f80f-cd88-412c-9e2c-c29604b2bcdb,/srv/fim-watch/gen_00364.txt,2026-09-18 13:00:55.010523+00,2026-09-18 13:02:04.580098+00
31e978d1-7293-4833-a77a-76caea6dea46,/srv/fim-watch/gen_00364.txt,2026-09-18 13:00:55.110395+00,2026-09-18 13:02:04.601869+00
e6bcb60f-4fa3-4b98-becf-8147210c74df,/srv/fim-watch/gen_00477.txt,2026-09-18 13:00:55.310159+00,2026-09-18 13:02:04.623275+00
2f9cba24-3d75-43ab-9ea7-8efe0a68210c,/srv/fim-watch/gen_00266.txt,2026-09-18 13:00:55.410123+00,2026-09-18 13:02:04.646903+00
3586767a-b0f0-47c0-bc7a-473653f7fbdd,/srv/fim-watch/gen_00266.txt,2026-09-18 13:00:55.510278+00,2026-09-18 13:02:04.67037+00
647c753d-4a1b-4793-90d4-be8eca579528,/srv/fim-watch/gen_00266.txt,2026-09-18 13:00:55.60992+00,2026-09-18 13:02:04.685708+00
aaf81dd6-e11f-4884-bd8f-e2f28448cee5,/srv/fim-watch/gen_00266.txt,2026-09-18 13:00:55.710261+00,2026-09-18 13:02:04.708165+00
d34d3eb9-8a76-4087-8ff3-c0a25020acc9,/srv/fim-watch/gen_00196.txt,2026-09-18 13:00:55.910393+00,2026-09-18 13:02:04.727772+00
dde89ab7-c563-4903-a6cb-3683ca89c486,/srv/fim-watch/gen_00526.txt,2026-09-18 13:00:56.110225+00,2026-09-18 13:02:04.751189+00
f0cbd799-0748-40cf-af78-c6f8e54c3519,/srv/fim-watch/critico/gen_00262.txt,2026-09-18 13:00:56.310689+00,2026-09-18 13:02:04.772754+00
3377b5ac-cde0-456c-9370-5f45081e36da,/srv/fim-watch/critico/gen_00392.txt,2026-09-18 13:00:56.410298+00,2026-09-18 13:02:04.796927+00
b468d3d5-c6e4-4f87-9668-b99541217be9,/srv/fim-watch/gen_00494.txt,2026-09-18 13:00:56.510901+00,2026-09-18 13:02:04.813784+00
047a81b3-ff2c-4ebd-8558-6c71f3a61233,/srv/fim-watch/gen_00494.txt,2026-09-18 13:00:56.610447+00,2026-09-18 13:02:04.825531+00
e30995cd-d863-470c-95f0-8932dc25d47c,/srv/fim-watch/gen_00234.txt,2026-09-18 13:00:56.710339+00,2026-09-18 13:02:04.837278+00
c9575f6c-af6e-4729-80dd-fa9c2eab5fd4,/srv/fim-watch/critico/gen_00502.txt,2026-09-18 13:00:56.909892+00,2026-09-18 13:02:04.852072+00
8b6c9d55-13c0-4346-9909-24ca90b3105f,/srv/fim-watch/gen_00234.txt,2026-09-18 13:00:57.010344+00,2026-09-18 13:02:04.867336+00
ea0fae71-8ff9-408a-b246-1f4a28c8d661,/srv/fim-watch/gen_00234.txt,2026-09-18 13:00:57.110217+00,2026-09-18 13:02:04.882095+00
24d656f8-769d-47bc-9258-ddc3f97cecae,/srv/fim-watch/gen_00234.txt,2026-09-18 13:00:57.210146+00,2026-09-18 13:02:04.900431+00
529153f7-a19b-43fb-8f5b-5ef64380391d,/srv/fim-watch/gen_00234.txt,2026-09-18 13:00:57.310209+00,2026-09-18 13:02:04.919776+00
9639005c-098b-48ac-a49f-bf201b9442ff,/srv/fim-watch/gen_00555.txt,2026-09-18 13:00:57.610193+00,2026-09-18 13:02:04.948677+00
d1c4e793-3300-4ac7-bbe5-95289031ecb3,/srv/fim-watch/gen_00555.txt,2026-09-18 13:00:57.710258+00,2026-09-18 13:02:04.969062+00
75e047d1-285f-433e-96e0-0d4c165a6a70,/srv/fim-watch/gen_00290.txt,2026-09-18 13:00:57.810644+00,2026-09-18 13:02:04.990586+00
bb03638e-ab83-41e1-835a-cf9638da864f,/srv/fim-watch/gen_00470.txt,2026-09-18 13:00:57.910496+00,2026-09-18 13:02:05.015917+00
a7318f82-8bce-4e8e-a395-fd7cf37ce2c4,/srv/fim-watch/gen_00470.txt,2026-09-18 13:00:58.010516+00,2026-09-18 13:02:05.038641+00
d0ec2b9a-d3d5-4983-bd7c-c0811bb9a9f4,/srv/fim-watch/gen_00384.txt,2026-09-18 13:00:58.310495+00,2026-09-18 13:02:05.063545+00
6a1a12ef-1564-4053-916b-8122fc15eb3e,/srv/fim-watch/gen_00285.txt,2026-09-18 13:00:58.41064+00,2026-09-18 13:02:05.087981+00
6d374b4b-17ab-41e4-bfbf-971c124ed93d,/srv/fim-watch/gen_00446.txt,2026-09-18 13:00:58.51042+00,2026-09-18 13:02:05.110793+00
a23665aa-db97-4402-b9ea-2c6d99903940,/srv/fim-watch/gen_00108.txt,2026-09-18 13:00:58.610787+00,2026-09-18 13:02:05.133705+00
cc3e0045-3ed3-4a80-809a-8784fbd3d096,/srv/fim-watch/critico/gen_00556.txt,2026-09-18 13:00:58.71059+00,2026-09-18 13:02:05.155323+00
21fdc8d1-a3b7-40bd-8cf2-1b5af2f57d53,/srv/fim-watch/gen_00470.txt,2026-09-18 13:00:58.812236+00,2026-09-18 13:02:05.177868+00
d43b6a48-5690-408e-a88d-7197b67ba6d0,/srv/fim-watch/gen_00320.txt,2026-09-18 13:00:59.110201+00,2026-09-18 13:02:05.201687+00
23ddfbf8-ea77-4969-8877-b5ac84d071b5,/srv/fim-watch/gen_00500.txt,2026-09-18 13:00:59.210295+00,2026-09-18 13:02:05.222747+00
71848b52-fedf-4913-8ec8-76a70d13f829,/srv/fim-watch/critico/gen_00347.txt,2026-09-18 13:00:59.31144+00,2026-09-18 13:02:05.246862+00
d68c9eba-43f7-44f6-9382-5f54cc001263,/srv/fim-watch/critico/gen_00502.txt,2026-09-18 13:00:59.509955+00,2026-09-18 13:02:05.26888+00
56c2fb69-e137-41ec-af7d-addcab30ee22,/srv/fim-watch/gen_00417.txt,2026-09-18 13:00:59.610127+00,2026-09-18 13:02:05.290823+00
0b8b1bef-b3cc-4951-9f4f-279b9eb3a53c,/srv/fim-watch/gen_00188.txt,2026-09-18 13:00:59.810317+00,2026-09-18 13:02:05.309169+00
90c579df-39cb-419e-a9ea-9a08e50b2a9a,/srv/fim-watch/gen_00558.txt,2026-09-18 13:01:00.010555+00,2026-09-18 13:02:05.322708+00
49ce22c4-877f-4134-9b5b-11f63a0f0d85,/srv/fim-watch/gen_00559.txt,2026-09-18 13:01:00.110208+00,2026-09-18 13:02:05.341512+00
0bf37a22-6c3c-4c5f-95b2-a037bd1ad619,/srv/fim-watch/gen_00559.txt,2026-09-18 13:01:00.210367+00,2026-09-18 13:02:05.360514+00
f0866781-2ea2-421c-a871-682f3aca2697,/srv/fim-watch/gen_00521.txt,2026-09-18 13:01:00.410668+00,2026-09-18 13:02:05.381414+00
9337ae31-964f-4873-b3d3-d05fb82e93e9,/srv/fim-watch/gen_00561.txt,2026-09-18 13:01:00.710091+00,2026-09-18 13:02:05.407556+00
029edaa9-8c1d-418e-9da7-f7c8a7edbe4f,/srv/fim-watch/gen_00561.txt,2026-09-18 13:01:00.810353+00,2026-09-18 13:02:05.430145+00
3a3bddfd-cc10-4768-bd81-c2267f0d3eca,/srv/fim-watch/gen_00563.txt,2026-09-18 13:01:01.009786+00,2026-09-18 13:02:05.451388+00
9a9e4675-4fc8-4489-9309-e77c5d0872d9,/srv/fim-watch/gen_00563.txt,2026-09-18 13:01:01.109928+00,2026-09-18 13:02:05.475999+00
0e1955a0-aac9-4f10-b085-1d9ee0a3d399,/srv/fim-watch/gen_00425.txt,2026-09-18 13:01:01.309966+00,2026-09-18 13:02:05.49793+00
0dbfd5a5-e96a-4480-9aad-c33560e5b269,/srv/fim-watch/gen_00098.txt,2026-09-18 13:01:01.509838+00,2026-09-18 13:02:05.521278+00
c341f66b-8ec9-46f3-bbde-739c6391441d,/srv/fim-watch/gen_00098.txt,2026-09-18 13:01:01.610095+00,2026-09-18 13:02:05.544328+00
eb1a1858-2cce-4624-862a-ab58889c6305,/srv/fim-watch/gen_00139.txt,2026-09-18 13:01:01.710359+00,2026-09-18 13:02:05.565797+00
46dd7953-3acf-4424-a7c0-0142584f790f,/srv/fim-watch/gen_00268.txt,2026-09-18 13:01:01.810351+00,2026-09-18 13:02:05.589824+00
8acadb6e-45b0-4a7f-a173-9717235b14ee,/srv/fim-watch/critico/gen_00565.txt,2026-09-18 13:01:01.909661+00,2026-09-18 13:02:07.115915+00
ccfe960c-dbc3-461e-b24f-cf5a86610353,/srv/fim-watch/gen_00540.txt,2026-09-18 13:01:02.009936+00,2026-09-18 13:02:07.132666+00
ea74b046-9583-4a60-8020-486852414583,/srv/fim-watch/gen_00517.txt,2026-09-18 13:01:02.309829+00,2026-09-18 13:02:07.15227+00
26e729ed-75c8-42ae-82e7-05979a38d78f,/srv/fim-watch/gen_00525.txt,2026-09-18 13:01:02.409816+00,2026-09-18 13:02:07.173975+00
212e2069-4928-4869-8ff2-0e1b1acb5939,/srv/fim-watch/gen_00219.txt,2026-09-18 13:01:02.50976+00,2026-09-18 13:02:07.194452+00
c767ee9d-540b-4f62-a748-8ca6751a0325,/srv/fim-watch/critico/gen_00209.txt,2026-09-18 13:01:02.71017+00,2026-09-18 13:02:07.216151+00
1b9c58a7-7db5-44ea-8a35-a423af5ce777,/srv/fim-watch/gen_00203.txt,2026-09-18 13:01:02.810153+00,2026-09-18 13:02:07.239437+00
98d32918-b53e-4d42-b439-d020073499d5,/srv/fim-watch/critico/gen_00392.txt,2026-09-18 13:01:02.910388+00,2026-09-18 13:02:07.262713+00
7c2e892d-d1a8-4628-b4c4-a23877d78926,/srv/fim-watch/gen_00384.txt,2026-09-18 13:01:03.110058+00,2026-09-18 13:02:07.286388+00
e9b534bd-9a2a-4c17-8a24-6d688e7a4871,/srv/fim-watch/gen_00395.txt,2026-09-18 13:01:03.210648+00,2026-09-18 13:02:07.30615+00
dfd34e7e-8c53-4ea6-b391-123ebee330c9,/srv/fim-watch/critico/gen_00414.txt,2026-09-18 13:01:03.310897+00,2026-09-18 13:02:07.323356+00
92cedcdb-c858-43d5-9520-d542e48111ce,/srv/fim-watch/gen_00115.txt,2026-09-18 13:01:03.609994+00,2026-09-18 13:02:07.344322+00
4d8f27a1-a19b-4585-b0a9-2db4a9546bdb,/srv/fim-watch/gen_00115.txt,2026-09-18 13:01:03.709779+00,2026-09-18 13:02:07.36158+00
2f5d250e-6580-40d7-b3d5-71c69030ee3f,/srv/fim-watch/gen_00115.txt,2026-09-18 13:01:03.810129+00,2026-09-18 13:02:07.385316+00
1b330176-7ef7-43d9-8ee9-896ed4abc394,/srv/fim-watch/gen_00115.txt,2026-09-18 13:01:03.910771+00,2026-09-18 13:02:07.409365+00
af353f6e-2f20-4af3-aec2-903e6db1eb17,/srv/fim-watch/gen_00418.txt,2026-09-18 13:01:04.110212+00,2026-09-18 13:02:07.432702+00
c4fbebb4-d498-4d90-9954-e0bf043f25d4,/srv/fim-watch/gen_00418.txt,2026-09-18 13:01:04.210843+00,2026-09-18 13:02:07.454605+00
fff5801f-dac0-42b3-8d9a-b5de668b32c3,/srv/fim-watch/gen_00418.txt,2026-09-18 13:01:04.310271+00,2026-09-18 13:02:07.465069+00
92eaea32-8594-45c7-9c64-a0af3665a6ee,/srv/fim-watch/gen_00418.txt,2026-09-18 13:01:04.410362+00,2026-09-18 13:02:07.475913+00
01ab430e-c105-4dda-b307-2825863a2916,/srv/fim-watch/gen_00418.txt,2026-09-18 13:01:04.509973+00,2026-09-18 13:02:07.489112+00
b18295e6-31d1-4d0d-9f58-fe6a2fee12d1,/srv/fim-watch/gen_00458.txt,2026-09-18 13:01:04.610253+00,2026-09-18 13:02:07.49994+00
b9256aae-c23d-4dac-9f83-0ca0e9ad7fea,/srv/fim-watch/gen_00311.txt,2026-09-18 13:01:04.710477+00,2026-09-18 13:02:07.508855+00
f727bc70-30fe-4f60-a018-4fd05d5c4d91,/srv/fim-watch/gen_00481.txt,2026-09-18 13:01:04.910718+00,2026-09-18 13:02:07.517958+00
03dd95b9-5664-4d9b-9e25-0bbbf52c9a7c,/srv/fim-watch/gen_00569.txt,2026-09-18 13:01:05.010508+00,2026-09-18 13:02:07.528314+00
bb605240-ccac-4f12-8950-3201199bb312,/srv/fim-watch/gen_00250.txt,2026-09-18 13:01:05.11012+00,2026-09-18 13:02:07.544328+00
ceb18bb2-56b9-4ecf-a2eb-f724b76b209d,/srv/fim-watch/gen_00403.txt,2026-09-18 13:01:05.210085+00,2026-09-18 13:02:07.555973+00
bad07d58-5f5c-45a6-a519-f69739bc76eb,/srv/fim-watch/gen_00539.txt,2026-09-18 13:01:05.510664+00,2026-09-18 13:02:07.567963+00
74daff58-36b6-46da-a42f-e2d6a01c9b04,/srv/fim-watch/gen_00507.txt,2026-09-18 13:01:05.810526+00,2026-09-18 13:02:07.582251+00
3a1fc05c-0db6-4347-b1be-e60231eced4c,/srv/fim-watch/gen_00554.txt,2026-09-18 13:01:05.909432+00,2026-09-18 13:02:07.597137+00
4eb4cb23-d333-4398-b6c0-81f68a7e8c08,/srv/fim-watch/gen_00126.txt,2026-09-18 13:01:06.310582+00,2026-09-18 13:02:07.611423+00
8d7ab36b-154e-40e3-ad94-92f8a4008682,/srv/fim-watch/gen_00126.txt,2026-09-18 13:01:06.410218+00,2026-09-18 13:02:07.629131+00
a19dafd6-fa32-40db-a1a3-eec61304c42c,/srv/fim-watch/gen_00126.txt,2026-09-18 13:01:06.510116+00,2026-09-18 13:02:07.648882+00
3a3cee77-446a-4dea-8ce7-5faa893f7d5a,/srv/fim-watch/gen_00126.txt,2026-09-18 13:01:06.61049+00,2026-09-18 13:02:07.668487+00
053b296b-5fe6-465b-be79-5948f0cfa791,/srv/fim-watch/gen_00545.txt,2026-09-18 13:01:06.909777+00,2026-09-18 13:02:07.693565+00
57649f83-f8cc-4070-9101-2792dc49dda3,/srv/fim-watch/gen_00277.txt,2026-09-18 13:01:07.110165+00,2026-09-18 13:02:12.315195+00
381b1f3c-8be8-45ba-af53-035c14f4838a,/srv/fim-watch/gen_00503.txt,2026-09-18 13:01:07.210354+00,2026-09-18 13:02:12.331278+00
7bd712e2-707a-4855-ab5a-e08e724e4bea,/srv/fim-watch/gen_00572.txt,2026-09-18 13:01:07.310058+00,2026-09-18 13:02:12.352086+00
a4451578-883b-4cf3-b6cd-2ac271fb8b5d,/srv/fim-watch/gen_00572.txt,2026-09-18 13:01:07.409967+00,2026-09-18 13:02:12.373664+00
4dbffdb6-a0f0-44c3-a549-0e36a8f45481,/srv/fim-watch/critico/gen_00392.txt,2026-09-18 13:01:07.510421+00,2026-09-18 13:02:12.397813+00
483a9734-0c81-4a7a-831d-e8f4c4cb2c00,/srv/fim-watch/critico/gen_00392.txt,2026-09-18 13:01:07.61011+00,2026-09-18 13:02:12.418621+00
d9b79edf-c17d-4dbc-8881-ea7e0045eda0,/srv/fim-watch/gen_00098.txt,2026-09-18 13:01:07.710245+00,2026-09-18 13:02:12.440568+00
8af381e1-8f58-456d-b4db-50dbf77f3a0a,/srv/fim-watch/gen_00284.txt,2026-09-18 13:01:07.810134+00,2026-09-18 13:02:12.463315+00
57a00acd-c6e7-4906-9f47-e3ad8a221ed1,/srv/fim-watch/critico/gen_00437.txt,2026-09-18 13:01:08.010077+00,2026-09-18 13:02:12.483939+00
74eb2532-cd3e-4cf9-8699-02950804e96f,/srv/fim-watch/gen_00290.txt,2026-09-18 13:01:08.110348+00,2026-09-18 13:02:12.504181+00
a9f6723e-08d6-4b73-a408-149d659ca896,/srv/fim-watch/gen_00195.txt,2026-09-18 13:01:08.410466+00,2026-09-18 13:02:12.514684+00
4e3940ad-a79b-4fa2-9799-db34ee2138c2,/srv/fim-watch/gen_00558.txt,2026-09-18 13:01:08.610767+00,2026-09-18 13:02:12.526931+00
c8eafc06-804a-42b3-a122-f74d3bcbfccd,/srv/fim-watch/gen_00400.txt,2026-09-18 13:01:08.710756+00,2026-09-18 13:02:12.538079+00
6d004f63-5a1c-4c31-a6a3-7c7f39e4e89c,/srv/fim-watch/gen_00467.txt,2026-09-18 13:01:08.910653+00,2026-09-18 13:02:12.547559+00
f11d46d6-6d80-402a-a077-722164a4311b,/srv/fim-watch/gen_00495.txt,2026-09-18 13:01:09.010841+00,2026-09-18 13:02:12.555971+00
a39b44d6-d1de-4cc3-8e16-b06b59e1ebf9,/srv/fim-watch/critico/gen_00532.txt,2026-09-18 13:01:09.11029+00,2026-09-18 13:02:12.566071+00
8ae4c504-c612-4171-af5c-36321a378460,/srv/fim-watch/gen_00098.txt,2026-09-18 13:01:09.210705+00,2026-09-18 13:02:12.577622+00
5d07b488-8ac4-4865-878f-229d3e86fb0f,/srv/fim-watch/gen_00098.txt,2026-09-18 13:01:09.310111+00,2026-09-18 13:02:12.588694+00
8fa5304c-1493-4683-8e50-656da790548e,/srv/fim-watch/gen_00152.txt,2026-09-18 13:01:09.710407+00,2026-09-18 13:02:12.6043+00
6d8ee2bd-aa1d-4654-b68b-75a8c63544ad,/srv/fim-watch/critico/gen_00322.txt,2026-09-18 13:01:09.910372+00,2026-09-18 13:02:12.625536+00
01aa5e15-560f-4a29-b591-b887c5946edc,/srv/fim-watch/gen_00385.txt,2026-09-18 13:01:10.310656+00,2026-09-18 13:02:12.640504+00
451dce6b-cd4b-4bd0-851c-168d9e489736,/srv/fim-watch/gen_00385.txt,2026-09-18 13:01:10.410473+00,2026-09-18 13:02:12.660195+00
5f97be79-e986-4052-8e87-d0adbe43fcce,/srv/fim-watch/gen_00385.txt,2026-09-18 13:01:10.510527+00,2026-09-18 13:02:12.681095+00
37c0f805-c2d4-48e0-81fb-3ea6aa022792,/srv/fim-watch/gen_00385.txt,2026-09-18 13:01:10.610624+00,2026-09-18 13:02:12.703945+00
60d89e56-b0f8-4ee3-9261-7eb68055cdd9,/srv/fim-watch/gen_00577.txt,2026-09-18 13:01:11.010166+00,2026-09-18 13:02:12.725766+00
12a04528-d1b8-47bf-838b-914a8b24b194,/srv/fim-watch/gen_00570.txt,2026-09-18 13:01:11.210487+00,2026-09-18 13:02:12.746254+00
404efbf5-6abd-4a31-af7f-b33a1af1d6ba,/srv/fim-watch/critico/gen_00392.txt,2026-09-18 13:01:11.411537+00,2026-09-18 13:02:12.769147+00
c37d4dc1-86a3-4777-a07d-85c7094c7f5e,/srv/fim-watch/critico/gen_00392.txt,2026-09-18 13:01:11.510948+00,2026-09-18 13:02:12.790474+00
862adcd7-f246-410a-ba6e-c0f4dbe58df2,/srv/fim-watch/critico/gen_00392.txt,2026-09-18 13:01:11.610576+00,2026-09-18 13:02:12.81187+00
fe50a61a-7962-469e-95a9-7ba9e1a8d28d,/srv/fim-watch/critico/gen_00392.txt,2026-09-18 13:01:11.710422+00,2026-09-18 13:02:12.828227+00
9c5e28a6-dda8-40b1-a4ba-6dff419fa3df,/srv/fim-watch/gen_00405.txt,2026-09-18 13:01:12.110784+00,2026-09-18 13:02:12.850348+00
9d99662b-205d-4387-bb30-0fe16b2d9809,/srv/fim-watch/gen_00583.txt,2026-09-18 13:01:12.210063+00,2026-09-18 13:02:12.871314+00
ced156f1-9e07-4136-884b-7c430fca8f2f,/srv/fim-watch/gen_00583.txt,2026-09-18 13:01:12.310109+00,2026-09-18 13:02:17.518684+00
2a088ab7-b1e8-4453-8c83-4ff4e889c8a3,/srv/fim-watch/gen_00436.txt,2026-09-18 13:01:12.410123+00,2026-09-18 13:02:17.532599+00
42e64ae0-7a0b-4abc-874f-5d4737bda473,/srv/fim-watch/gen_00570.txt,2026-09-18 13:01:12.910362+00,2026-09-18 13:02:17.550257+00
33bc48e1-f68b-4bd3-a9c1-1d729972fd6e,/srv/fim-watch/gen_00259.txt,2026-09-18 13:01:13.110209+00,2026-09-18 13:02:17.56695+00
09fb0ea0-c342-4b08-ac65-d79b492b107d,/srv/fim-watch/gen_00421.txt,2026-09-18 13:01:13.210482+00,2026-09-18 13:02:17.582091+00
8b2599c7-dc21-4fc5-b91a-428d625b1ecc,/srv/fim-watch/critico/gen_00153.txt,2026-09-18 13:01:13.310441+00,2026-09-18 13:02:17.593919+00
8b44e1f6-9279-4958-a583-56d729b93e9e,/srv/fim-watch/critico/gen_00153.txt,2026-09-18 13:01:13.410829+00,2026-09-18 13:02:17.604267+00
5ecad3f5-59bd-4231-9645-f625d8d2fe68,/srv/fim-watch/gen_00356.txt,2026-09-18 13:01:13.610789+00,2026-09-18 13:02:17.618269+00
4e245aec-ae34-4a35-9b18-06d203098268,/srv/fim-watch/gen_00356.txt,2026-09-18 13:01:13.710557+00,2026-09-18 13:02:17.630753+00
0c28b007-d802-492d-a81c-bb0a1c2155b6,/srv/fim-watch/gen_00493.txt,2026-09-18 13:01:13.910669+00,2026-09-18 13:02:17.649454+00
ee234c5f-74e4-4abf-95d6-006fc0d30c57,/srv/fim-watch/gen_00232.txt,2026-09-18 13:01:14.210494+00,2026-09-18 13:02:17.672882+00
b14fa876-161d-45b0-83f9-0f5f184272b2,/srv/fim-watch/gen_00326.txt,2026-09-18 13:01:14.410718+00,2026-09-18 13:02:17.695969+00
8984e400-3133-4ca0-bc16-93ec6f6a6ab3,/srv/fim-watch/gen_00386.txt,2026-09-18 13:01:14.510471+00,2026-09-18 13:02:17.714171+00
2314c529-acf7-4c83-86e3-8e2cf7373824,/srv/fim-watch/critico/gen_00342.txt,2026-09-18 13:01:14.810339+00,2026-09-18 13:02:17.733005+00
8bd63b60-a7f8-4e1c-9cc5-a642d940b90e,/srv/fim-watch/critico/gen_00304.txt,2026-09-18 13:01:15.11057+00,2026-09-18 13:02:17.759349+00
7dcdb529-35c5-4b1d-88ac-59f8381210f6,/srv/fim-watch/critico/gen_00304.txt,2026-09-18 13:01:15.210444+00,2026-09-18 13:02:17.783928+00
8888f4a7-e650-4bd3-88c8-471720c47aaf,/srv/fim-watch/critico/gen_00565.txt,2026-09-18 13:01:15.510358+00,2026-09-18 13:02:17.804709+00
50ccbad0-7608-4c24-93ba-f4134fb0db53,/srv/fim-watch/critico/gen_00345.txt,2026-09-18 13:01:15.710672+00,2026-09-18 13:02:17.827481+00
2390089b-f3d8-4ef6-99a9-7fbedbc369cc,/srv/fim-watch/gen_00521.txt,2026-09-18 13:01:15.810029+00,2026-09-18 13:02:17.850816+00
da4b667f-2f09-483e-95c3-6f429bc7ff2e,/srv/fim-watch/gen_00546.txt,2026-09-18 13:01:15.910815+00,2026-09-18 13:02:17.877581+00
d8d1a8d0-5eea-4c68-bf39-4d2e60e17ab9,/srv/fim-watch/critico/gen_00593.txt,2026-09-18 13:01:16.310352+00,2026-09-18 13:02:17.89673+00
15000154-3b02-4f12-a0b4-fdd06b359c44,/srv/fim-watch/critico/gen_00593.txt,2026-09-18 13:01:16.410404+00,2026-09-18 13:02:17.919895+00
70b3a964-7aa5-4efe-b30c-a32b725f9543,/srv/fim-watch/gen_00223.txt,2026-09-18 13:01:16.510928+00,2026-09-18 13:02:17.945344+00
7a017a22-4008-4e4f-ade6-f8db0bdeef90,/srv/fim-watch/gen_00405.txt,2026-09-18 13:01:16.610621+00,2026-09-18 13:02:17.96854+00
579358b6-166f-48cc-a710-ea2e0c92d9f5,/srv/fim-watch/gen_00405.txt,2026-09-18 13:01:16.710779+00,2026-09-18 13:02:17.97993+00
8dd0ca1c-cf02-45ec-a5e7-cb07afda4100,/srv/fim-watch/gen_00274.txt,2026-09-18 13:01:16.810407+00,2026-09-18 13:02:17.997092+00
d8aaab8c-fc83-4f45-81b1-ac221e820fbe,/srv/fim-watch/gen_00358.txt,2026-09-18 13:01:17.210299+00,2026-09-18 13:02:18.010792+00
4baf79a9-f0d8-465d-8691-d9e27db07086,/srv/fim-watch/gen_00062.txt,2026-09-18 13:01:17.410585+00,2026-09-18 13:02:18.027848+00
3b6435e1-7cc6-4437-8802-6a88203366ad,/srv/fim-watch/critico/gen_00574.txt,2026-09-18 13:01:17.510976+00,2026-09-18 13:02:22.655855+00
a9e77811-b664-458b-9f1c-e8bcc46e19ae,/srv/fim-watch/gen_00352.txt,2026-09-18 13:01:17.810193+00,2026-09-18 13:02:22.668688+00
c530e93a-d6ec-4fc7-845a-deb3b2127e02,/srv/fim-watch/critico/gen_00304.txt,2026-09-18 13:01:18.210483+00,2026-09-18 13:02:22.683042+00
81303f19-e63e-4e54-ad8d-9d0c15729a6a,/srv/fim-watch/critico/gen_00262.txt,2026-09-18 13:01:18.51052+00,2026-09-18 13:02:22.694921+00
4e924217-bd68-416a-9e9b-0b525123616c,/srv/fim-watch/critico/gen_00599.txt,2026-09-18 13:01:18.710284+00,2026-09-18 13:02:22.712337+00
9dbcf19a-d30d-441d-af0e-262122916971,/srv/fim-watch/critico/gen_00599.txt,2026-09-18 13:01:18.809466+00,2026-09-18 13:02:22.72277+00
de77b79c-81ad-4b69-adfb-c0d2992a648f,/srv/fim-watch/gen_00356.txt,2026-09-18 13:01:18.910515+00,2026-09-18 13:02:22.735131+00
845d5aa6-b8ef-4e0a-b7ca-b7f3c5bf4966,/srv/fim-watch/gen_00418.txt,2026-09-18 13:01:19.010403+00,2026-09-18 13:02:22.746642+00
f1fa54b2-8483-45cd-8cfa-fa4778f6be56,/srv/fim-watch/gen_00179.txt,2026-09-18 13:01:19.110338+00,2026-09-18 13:02:22.757883+00
