Sep 18 17:55:23 fim-host systemd[1]: Started fim-agent.service - FIM Agent — File Integrity Monitor.
Sep 18 17:55:24 fim-host fim-agent[39436]: {"migrated": 0, "migration_skipped": 0, "migration_failed": 0, "migration_pending": 0, "retention_deleted": 0, "retention_retained": 0, "retention_corrupt": 0, "retention_failed": 0, "event": "quarantine.maintenance.complete", "level": "info", "timestamp": "2026-09-18T20:55:24.212514Z"}
Sep 18 17:55:24 fim-host fim-agent[39436]: {"total": 1, "degraded": 0, "event": "agent.preflight.summary", "level": "info", "timestamp": "2026-09-18T20:55:24.212984Z"}
Sep 18 17:55:24 fim-host fim-agent[39436]: {"scanned": 4, "skipped": 36, "oversize": 0, "errors": 0, "event": "baseline.init_scan.complete", "level": "info", "timestamp": "2026-09-18T20:55:24.237425Z"}
Sep 18 17:55:24 fim-host fim-agent[39436]: {"agent_id": "fim-vm", "ruleset_version": 6, "event": "agent started", "level": "info", "timestamp": "2026-09-18T20:55:24.237504Z"}
Sep 18 17:55:24 fim-host fim-agent[39436]: {"queue_migrated": 0, "queue_unreadable": 0, "queue_failed": 0, "discard_migrated": 0, "discard_unreadable": 0, "discard_failed": 0, "event": "queue.migration", "level": "info", "timestamp": "2026-09-18T20:55:24.254292Z"}
Sep 18 17:55:24 fim-host fim-agent[39436]: {"work_dir": "/var/lib/fim-agent", "reason": "work dir comparte filesystem con watch_paths; una marca FILESYSTEM de ignorados los cegar\u00eda. Se delega en el filtro de scope.", "event": "detector.mark_exclusion_skipped_same_fs", "level": "warning", "timestamp": "2026-09-18T20:55:24.297727Z"}
Sep 18 17:55:24 fim-host fim-agent[39436]: {"watch_paths": ["/srv/fim-watch"], "event": "detector.started", "level": "info", "timestamp": "2026-09-18T20:55:24.298094Z"}
Sep 18 17:55:24 fim-host fim-agent[39436]: {"event_id": "4c77d64c-ec3c-40bb-a9af-3e9ff7fa19ef", "event": "publisher.queue_drained", "level": "info", "timestamp": "2026-09-18T20:55:24.932634Z"}
Sep 18 17:55:24 fim-host fim-agent[39436]: {"event_id": "8e8d7f7a-9175-4094-b56c-f7317387c269", "event": "publisher.queue_drained", "level": "info", "timestamp": "2026-09-18T20:55:24.940069Z"}
Sep 18 17:55:24 fim-host fim-agent[39436]: {"event_id": "ec9556d9-e000-427b-9a5d-b1972222f0f6", "event": "publisher.queue_drained", "level": "info", "timestamp": "2026-09-18T20:55:24.946989Z"}
Sep 18 17:55:24 fim-host fim-agent[39436]: {"event_id": "037407d2-8001-458c-816e-082cf3fb4ced", "event": "publisher.queue_drained", "level": "info", "timestamp": "2026-09-18T20:55:24.954314Z"}
Sep 18 17:55:24 fim-host fim-agent[39436]: {"event_id": "4c77d64c-ec3c-40bb-a9af-3e9ff7fa19ef", "event": "publisher.event_acked", "level": "info", "timestamp": "2026-09-18T20:55:24.956669Z"}
Sep 18 17:55:24 fim-host fim-agent[39436]: {"event_id": "677f4d0d-851c-4ec5-b20e-89c5a5b951cb", "event": "publisher.queue_drained", "level": "info", "timestamp": "2026-09-18T20:55:24.967488Z"}
Sep 18 17:55:24 fim-host fim-agent[39436]: {"event_id": "865003a1-37d7-4c98-8962-e814ee5bf7ef", "event": "publisher.queue_drained", "level": "info", "timestamp": "2026-09-18T20:55:24.973262Z"}
Sep 18 17:55:24 fim-host fim-agent[39436]: {"event_id": "5c971434-a367-4744-a8d3-91fafaac07b8", "event": "publisher.queue_drained", "level": "info", "timestamp": "2026-09-18T20:55:24.979982Z"}
Sep 18 17:55:24 fim-host fim-agent[39436]: {"event_id": "8e8d7f7a-9175-4094-b56c-f7317387c269", "event": "publisher.event_acked", "level": "info", "timestamp": "2026-09-18T20:55:24.982824Z"}
Sep 18 17:55:24 fim-host fim-agent[39436]: {"event_id": "23b48ada-39c3-4073-a49e-4c9d4baa0b55", "event": "publisher.queue_drained", "level": "info", "timestamp": "2026-09-18T20:55:24.992506Z"}
Sep 18 17:55:24 fim-host fim-agent[39436]: {"event_id": "3f6712ca-3891-472d-970b-78dd8e499df1", "event": "publisher.queue_drained", "level": "info", "timestamp": "2026-09-18T20:55:24.997055Z"}
Sep 18 17:55:25 fim-host fim-agent[39436]: {"event_id": "6a9f7447-a809-4cbf-b78b-25ced79f5d7b", "event": "publisher.queue_drained", "level": "info", "timestamp": "2026-09-18T20:55:25.001604Z"}
Sep 18 17:55:25 fim-host fim-agent[39436]: {"event_id": "b203f121-9b83-4a5f-a6b3-b1167c628856", "event": "publisher.queue_drained", "level": "info", "timestamp": "2026-09-18T20:55:25.005598Z"}
Sep 18 17:55:25 fim-host fim-agent[39436]: {"event_id": "ec9556d9-e000-427b-9a5d-b1972222f0f6", "event": "publisher.event_acked", "level": "info", "timestamp": "2026-09-18T20:55:25.007182Z"}
Sep 18 17:55:25 fim-host fim-agent[39436]: {"event_id": "8f952b43-f4fc-444f-8b2c-5d855fece1e3", "event": "publisher.queue_drained", "level": "info", "timestamp": "2026-09-18T20:55:25.012754Z"}
Sep 18 17:55:25 fim-host fim-agent[39436]: {"event_id": "871eac07-b0bc-4a88-bfaf-c554c03b2a9d", "event": "publisher.queue_drained", "level": "info", "timestamp": "2026-09-18T20:55:25.016955Z"}
Sep 18 17:55:25 fim-host fim-agent[39436]: {"event_id": "81808de7-3f8c-46b2-9e0e-7623e462d0b0", "event": "publisher.queue_drained", "level": "info", "timestamp": "2026-09-18T20:55:25.021367Z"}
Sep 18 17:55:25 fim-host fim-agent[39436]: {"event_id": "037407d2-8001-458c-816e-082cf3fb4ced", "event": "publisher.event_acked", "level": "info", "timestamp": "2026-09-18T20:55:25.023254Z"}
Sep 18 17:55:25 fim-host fim-agent[39436]: {"event_id": "1d751db3-f00b-4c80-bba5-0b32a588b132", "event": "publisher.queue_drained", "level": "info", "timestamp": "2026-09-18T20:55:25.029269Z"}
Sep 18 17:55:25 fim-host fim-agent[39436]: {"event_id": "9567592e-ebd5-46e0-b8b8-996cff12c5b8", "event": "publisher.queue_drained", "level": "info", "timestamp": "2026-09-18T20:55:25.033048Z"}
Sep 18 17:55:25 fim-host fim-agent[39436]: {"event_id": "b11c1650-3eb7-4c40-920c-febb7a1a7f08", "event": "publisher.queue_drained", "level": "info", "timestamp": "2026-09-18T20:55:25.037113Z"}
Sep 18 17:55:25 fim-host fim-agent[39436]: {"event_id": "888d12c2-ae88-4a72-a9a0-c50a05ecdf1a", "event": "publisher.queue_drained", "level": "info", "timestamp": "2026-09-18T20:55:25.040529Z"}
Sep 18 17:55:25 fim-host fim-agent[39436]: {"event_id": "677f4d0d-851c-4ec5-b20e-89c5a5b951cb", "event": "publisher.event_acked", "level": "info", "timestamp": "2026-09-18T20:55:25.042138Z"}
Sep 18 17:55:25 fim-host fim-agent[39436]: {"event_id": "0b284840-6987-44d4-ad84-40f053112ed5", "event": "publisher.queue_drained", "level": "info", "timestamp": "2026-09-18T20:55:25.047777Z"}
Sep 18 17:55:25 fim-host fim-agent[39436]: {"event_id": "0b9bb225-3c0f-41dd-9a05-500c0cff7f03", "event": "publisher.queue_drained", "level": "info", "timestamp": "2026-09-18T20:55:25.051649Z"}
Sep 18 17:55:25 fim-host fim-agent[39436]: {"event_id": "bd8729a4-1dfe-4668-a82a-5709c81bac06", "event": "publisher.queue_drained", "level": "info", "timestamp": "2026-09-18T20:55:25.055993Z"}
Sep 18 17:55:25 fim-host fim-agent[39436]: {"event_id": "865003a1-37d7-4c98-8962-e814ee5bf7ef", "event": "publisher.event_acked", "level": "info", "timestamp": "2026-09-18T20:55:25.057350Z"}
Sep 18 17:55:25 fim-host fim-agent[39436]: {"event_id": "adb02d23-1ea7-4a77-b7e7-49a7d99143e3", "event": "publisher.queue_drained", "level": "info", "timestamp": "2026-09-18T20:55:25.063090Z"}
Sep 18 17:55:25 fim-host fim-agent[39436]: {"event_id": "b544948d-9152-4aef-ae1e-730890d351d6", "event": "publisher.queue_drained", "level": "info", "timestamp": "2026-09-18T20:55:25.066468Z"}
Sep 18 17:55:25 fim-host fim-agent[39436]: {"event_id": "13d5f4ee-8b79-4e33-8356-61f06c79ae6d", "event": "publisher.queue_drained", "level": "info", "timestamp": "2026-09-18T20:55:25.070428Z"}
Sep 18 17:55:25 fim-host fim-agent[39436]: {"event_id": "5c971434-a367-4744-a8d3-91fafaac07b8", "event": "publisher.event_acked", "level": "info", "timestamp": "2026-09-18T20:55:25.071651Z"}
Sep 18 17:55:25 fim-host fim-agent[39436]: {"event_id": "cc95894f-2db6-4195-9b9e-9edd0fcdf5b8", "event": "publisher.queue_drained", "level": "info", "timestamp": "2026-09-18T20:55:25.076469Z"}
Sep 18 17:55:25 fim-host fim-agent[39436]: {"event_id": "059def12-f8d0-4860-8756-8b3455138d16", "event": "publisher.queue_drained", "level": "info", "timestamp": "2026-09-18T20:55:25.079772Z"}
Sep 18 17:55:25 fim-host fim-agent[39436]: {"event_id": "cfd36dbf-9043-4989-b402-01dfff77930a", "event": "publisher.queue_drained", "level": "info", "timestamp": "2026-09-18T20:55:25.083064Z"}
Sep 18 17:55:25 fim-host fim-agent[39436]: {"event_id": "23b48ada-39c3-4073-a49e-4c9d4baa0b55", "event": "publisher.event_acked", "level": "info", "timestamp": "2026-09-18T20:55:25.083991Z"}
Sep 18 17:55:25 fim-host fim-agent[39436]: {"event_id": "b7f5475e-a337-428c-9831-858a9b684e20", "event": "publisher.queue_drained", "level": "info", "timestamp": "2026-09-18T20:55:25.088998Z"}
Sep 18 17:55:25 fim-host fim-agent[39436]: {"event_id": "3fed38a9-ba7a-48f0-9341-48514eb724c5", "event": "publisher.queue_drained", "level": "info", "timestamp": "2026-09-18T20:55:25.092524Z"}
Sep 18 17:55:25 fim-host fim-agent[39436]: {"event_id": "f698f7d7-ff7a-4161-8508-1b8376523962", "event": "publisher.queue_drained", "level": "info", "timestamp": "2026-09-18T20:55:25.095540Z"}
Sep 18 17:55:25 fim-host fim-agent[39436]: {"event_id": "3f6712ca-3891-472d-970b-78dd8e499df1", "event": "publisher.event_acked", "level": "info", "timestamp": "2026-09-18T20:55:25.096800Z"}
Sep 18 17:55:25 fim-host fim-agent[39436]: {"event_id": "d19e32e0-359c-4601-9232-2269d7df7b24", "event": "publisher.queue_drained", "level": "info", "timestamp": "2026-09-18T20:55:25.101749Z"}
Sep 18 17:55:25 fim-host fim-agent[39436]: {"event_id": "e5d5c630-5179-416f-9f41-628bf47e9371", "event": "publisher.queue_drained", "level": "info", "timestamp": "2026-09-18T20:55:25.104915Z"}
Sep 18 17:55:25 fim-host fim-agent[39436]: {"event_id": "87c72d07-6dd3-4c4d-bdad-fdf980c7414e", "event": "publisher.queue_drained", "level": "info", "timestamp": "2026-09-18T20:55:25.108395Z"}
Sep 18 17:55:25 fim-host fim-agent[39436]: {"event_id": "6a9f7447-a809-4cbf-b78b-25ced79f5d7b", "event": "publisher.event_acked", "level": "info", "timestamp": "2026-09-18T20:55:25.109354Z"}
Sep 18 17:55:25 fim-host fim-agent[39436]: {"event_id": "5d1b71dc-927d-4f72-b806-29d3b57e67c3", "event": "publisher.queue_drained", "level": "info", "timestamp": "2026-09-18T20:55:25.113909Z"}
Sep 18 17:55:25 fim-host fim-agent[39436]: {"event_id": "83bf7c24-8583-4e82-8962-8d887b4a046e", "event": "publisher.queue_drained", "level": "info", "timestamp": "2026-09-18T20:55:25.117630Z"}
Sep 18 17:55:25 fim-host fim-agent[39436]: {"event_id": "eb6c64dd-8b83-44ac-bc66-624beedad425", "event": "publisher.queue_drained", "level": "info", "timestamp": "2026-09-18T20:55:25.120876Z"}
Sep 18 17:55:25 fim-host fim-agent[39436]: {"event_id": "b203f121-9b83-4a5f-a6b3-b1167c628856", "event": "publisher.event_acked", "level": "info", "timestamp": "2026-09-18T20:55:25.122010Z"}
Sep 18 17:55:25 fim-host fim-agent[39436]: {"event_id": "4a46fe2f-e824-42bb-a804-c66a443b8bb3", "event": "publisher.queue_drained", "level": "info", "timestamp": "2026-09-18T20:55:25.126944Z"}
Sep 18 17:55:25 fim-host fim-agent[39436]: {"event_id": "f715a101-3555-40ff-86f3-ea2cc76f1717", "event": "publisher.queue_drained", "level": "info", "timestamp": "2026-09-18T20:55:25.130176Z"}
Sep 18 17:55:25 fim-host fim-agent[39436]: {"event_id": "5591e69a-64bd-43c5-b9b6-b5be7e54153b", "event": "publisher.queue_drained", "level": "info", "timestamp": "2026-09-18T20:55:25.133298Z"}
Sep 18 17:55:25 fim-host fim-agent[39436]: {"event_id": "917438db-e551-4d29-95d2-77c2396d6eaf", "event": "publisher.queue_drained", "level": "info", "timestamp": "2026-09-18T20:55:25.136570Z"}
Sep 18 17:55:25 fim-host fim-agent[39436]: {"event_id": "8f952b43-f4fc-444f-8b2c-5d855fece1e3", "event": "publisher.event_acked", "level": "info", "timestamp": "2026-09-18T20:55:25.137642Z"}
Sep 18 17:55:25 fim-host fim-agent[39436]: {"event_id": "dd7ba158-96a0-4288-ad31-0f84c72fcec9", "event": "publisher.queue_drained", "level": "info", "timestamp": "2026-09-18T20:55:25.142633Z"}
Sep 18 17:55:25 fim-host fim-agent[39436]: {"event_id": "f17d151a-18d7-4631-beaf-0015303b3d5e", "event": "publisher.queue_drained", "level": "info", "timestamp": "2026-09-18T20:55:25.146354Z"}
Sep 18 17:55:25 fim-host fim-agent[39436]: {"event_id": "0e126d9d-1bd2-48e0-9b44-947251bd0ef9", "event": "publisher.queue_drained", "level": "info", "timestamp": "2026-09-18T20:55:25.149347Z"}
Sep 18 17:55:25 fim-host fim-agent[39436]: {"event_id": "42bdae7d-e2fb-483d-93db-ce951ca55da1", "event": "publisher.queue_drained", "level": "info", "timestamp": "2026-09-18T20:55:25.152620Z"}
Sep 18 17:55:25 fim-host fim-agent[39436]: {"event_id": "871eac07-b0bc-4a88-bfaf-c554c03b2a9d", "event": "publisher.event_acked", "level": "info", "timestamp": "2026-09-18T20:55:25.153926Z"}
Sep 18 17:55:25 fim-host fim-agent[39436]: {"event_id": "78263579-f742-4d7e-8007-bf4e2f427e63", "event": "publisher.queue_drained", "level": "info", "timestamp": "2026-09-18T20:55:25.158628Z"}
Sep 18 17:55:25 fim-host fim-agent[39436]: {"event_id": "9f38907d-a8c0-40b3-b614-3526f26ce56f", "event": "publisher.queue_drained", "level": "info", "timestamp": "2026-09-18T20:55:25.161674Z"}
Sep 18 17:55:25 fim-host fim-agent[39436]: {"event_id": "63dda8f5-bf51-46b5-b963-f44d5386e0cd", "event": "publisher.queue_drained", "level": "info", "timestamp": "2026-09-18T20:55:25.164925Z"}
Sep 18 17:55:25 fim-host fim-agent[39436]: {"event_id": "2711c3f3-28f3-4ccb-9c61-be3adcdd10e3", "event": "publisher.queue_drained", "level": "info", "timestamp": "2026-09-18T20:55:25.168276Z"}
Sep 18 17:55:25 fim-host fim-agent[39436]: {"event_id": "81808de7-3f8c-46b2-9e0e-7623e462d0b0", "event": "publisher.event_acked", "level": "info", "timestamp": "2026-09-18T20:55:25.169508Z"}
Sep 18 17:55:25 fim-host fim-agent[39436]: {"event_id": "e88ff60c-d02b-40ff-9fbe-85601fdf1dd8", "event": "publisher.queue_drained", "level": "info", "timestamp": "2026-09-18T20:55:25.174769Z"}
Sep 18 17:55:25 fim-host fim-agent[39436]: {"event_id": "2d4a3305-eaf6-4e8c-bdae-5381a2675d24", "event": "publisher.queue_drained", "level": "info", "timestamp": "2026-09-18T20:55:25.177951Z"}
Sep 18 17:55:25 fim-host fim-agent[39436]: {"event_id": "67b04989-50cb-4418-a3b7-068b4c33d52e", "event": "publisher.queue_drained", "level": "info", "timestamp": "2026-09-18T20:55:25.181086Z"}
Sep 18 17:55:25 fim-host fim-agent[39436]: {"event_id": "1d751db3-f00b-4c80-bba5-0b32a588b132", "event": "publisher.event_acked", "level": "info", "timestamp": "2026-09-18T20:55:25.182296Z"}
Sep 18 17:55:25 fim-host fim-agent[39436]: {"event_id": "4070ebd3-ee37-42e0-86a5-8496279134b7", "event": "publisher.queue_drained", "level": "info", "timestamp": "2026-09-18T20:55:25.187031Z"}
Sep 18 17:55:25 fim-host fim-agent[39436]: {"event_id": "59e36153-ae63-46b8-93f7-f9713fc026f7", "event": "publisher.queue_drained", "level": "info", "timestamp": "2026-09-18T20:55:25.190504Z"}
Sep 18 17:55:25 fim-host fim-agent[39436]: {"event_id": "18eba0ad-a5c2-4894-ac51-a4fc263c206e", "event": "publisher.queue_drained", "level": "info", "timestamp": "2026-09-18T20:55:25.193649Z"}
Sep 18 17:55:25 fim-host fim-agent[39436]: {"event_id": "9b471da6-34a0-44c2-a9fd-d06a874445af", "event": "publisher.queue_drained", "level": "info", "timestamp": "2026-09-18T20:55:25.196834Z"}
Sep 18 17:55:25 fim-host fim-agent[39436]: {"event_id": "e62b3691-6675-4b93-b66e-373bc6acc7f8", "event": "publisher.queue_drained", "level": "info", "timestamp": "2026-09-18T20:55:25.200227Z"}
Sep 18 17:55:25 fim-host fim-agent[39436]: {"event_id": "9567592e-ebd5-46e0-b8b8-996cff12c5b8", "event": "publisher.event_acked", "level": "info", "timestamp": "2026-09-18T20:55:25.201515Z"}
Sep 18 17:55:25 fim-host fim-agent[39436]: {"event_id": "65cd265c-2654-4123-87ab-f1bfbf4d76a7", "event": "publisher.queue_drained", "level": "info", "timestamp": "2026-09-18T20:55:25.206341Z"}
Sep 18 17:55:25 fim-host fim-agent[39436]: {"event_id": "ccda9d1a-b3f1-472b-94e5-9bbd82a5f1d6", "event": "publisher.queue_drained", "level": "info", "timestamp": "2026-09-18T20:55:25.209901Z"}
Sep 18 17:55:25 fim-host fim-agent[39436]: {"event_id": "b11c1650-3eb7-4c40-920c-febb7a1a7f08", "event": "publisher.event_acked", "level": "info", "timestamp": "2026-09-18T20:55:25.211115Z"}
Sep 18 17:55:25 fim-host fim-agent[39436]: {"event_id": "faf8bfc1-3833-4bf9-9d06-36971424cc2a", "event": "publisher.queue_drained", "level": "info", "timestamp": "2026-09-18T20:55:25.215776Z"}
Sep 18 17:55:25 fim-host fim-agent[39436]: {"event_id": "ac0da94a-36c8-4824-9e4f-ad97c7f19aeb", "event": "publisher.queue_drained", "level": "info", "timestamp": "2026-09-18T20:55:25.219410Z"}
Sep 18 17:55:25 fim-host fim-agent[39436]: {"event_id": "d5e2b2fe-5963-45c9-afde-3b95fba46f29", "event": "publisher.queue_drained", "level": "info", "timestamp": "2026-09-18T20:55:25.222870Z"}
Sep 18 17:55:25 fim-host fim-agent[39436]: {"event_id": "6111c59c-5311-480f-84d0-2690d732d30a", "event": "publisher.queue_drained", "level": "info", "timestamp": "2026-09-18T20:55:25.226126Z"}
Sep 18 17:55:25 fim-host fim-agent[39436]: {"event_id": "7da8091e-0adf-41c2-99e9-7f3c2e67a843", "event": "publisher.queue_drained", "level": "info", "timestamp": "2026-09-18T20:55:25.229382Z"}
Sep 18 17:55:25 fim-host fim-agent[39436]: {"event_id": "888d12c2-ae88-4a72-a9a0-c50a05ecdf1a", "event": "publisher.event_acked", "level": "info", "timestamp": "2026-09-18T20:55:25.230565Z"}
Sep 18 17:55:25 fim-host fim-agent[39436]: {"event_id": "c3244433-9a5d-4203-b879-0f45f9af3fe2", "event": "publisher.queue_drained", "level": "info", "timestamp": "2026-09-18T20:55:25.235719Z"}
Sep 18 17:55:25 fim-host fim-agent[39436]: {"event_id": "9bd24ffe-7633-4592-a9f9-ab9593a0b830", "event": "publisher.queue_drained", "level": "info", "timestamp": "2026-09-18T20:55:25.239492Z"}
Sep 18 17:55:25 fim-host fim-agent[39436]: {"event_id": "15d08e39-e1ac-4394-9dad-9f07c629d50e", "event": "publisher.queue_drained", "level": "info", "timestamp": "2026-09-18T20:55:25.243046Z"}
Sep 18 17:55:25 fim-host fim-agent[39436]: {"event_id": "37b13493-794e-4019-ae51-784344d24645", "event": "publisher.queue_drained", "level": "info", "timestamp": "2026-09-18T20:55:25.246923Z"}
Sep 18 17:55:25 fim-host fim-agent[39436]: {"event_id": "0b284840-6987-44d4-ad84-40f053112ed5", "event": "publisher.event_acked", "level": "info", "timestamp": "2026-09-18T20:55:25.248039Z"}
Sep 18 17:55:25 fim-host fim-agent[39436]: {"event_id": "009b572b-3768-4c26-8f2b-d60b925f3763", "event": "publisher.queue_drained", "level": "info", "timestamp": "2026-09-18T20:55:25.252775Z"}
Sep 18 17:55:25 fim-host fim-agent[39436]: {"event_id": "7ce408f4-f99a-439c-9987-761dd378029b", "event": "publisher.queue_drained", "level": "info", "timestamp": "2026-09-18T20:55:25.255932Z"}
Sep 18 17:55:25 fim-host fim-agent[39436]: {"event_id": "b714e88f-83fb-400a-b51e-acbc5f70fb05", "event": "publisher.queue_drained", "level": "info", "timestamp": "2026-09-18T20:55:25.259157Z"}
Sep 18 17:55:25 fim-host fim-agent[39436]: {"event_id": "1eae2f60-047a-489f-ba1a-1cf4999c3d09", "event": "publisher.queue_drained", "level": "info", "timestamp": "2026-09-18T20:55:25.262376Z"}
Sep 18 17:55:25 fim-host fim-agent[39436]: {"event_id": "0b9bb225-3c0f-41dd-9a05-500c0cff7f03", "event": "publisher.event_acked", "level": "info", "timestamp": "2026-09-18T20:55:25.263553Z"}
Sep 18 17:55:25 fim-host fim-agent[39436]: {"event_id": "a34fecdd-fa29-4c43-9fbd-736d4d03cde5", "event": "publisher.queue_drained", "level": "info", "timestamp": "2026-09-18T20:55:25.268316Z"}
Sep 18 17:55:25 fim-host fim-agent[39436]: {"event_id": "d35c9f21-99c6-4769-9b8f-f7958d3b6020", "event": "publisher.queue_drained", "level": "info", "timestamp": "2026-09-18T20:55:25.272342Z"}
Sep 18 17:55:25 fim-host fim-agent[39436]: {"event_id": "6e957a2f-2788-4380-b01a-7ee57b8af3a4", "event": "publisher.queue_drained", "level": "info", "timestamp": "2026-09-18T20:55:25.275789Z"}
Sep 18 17:55:25 fim-host fim-agent[39436]: {"event_id": "445bae81-9e80-45bc-bee8-50fe3f3c5246", "event": "publisher.queue_drained", "level": "info", "timestamp": "2026-09-18T20:55:25.279277Z"}
Sep 18 17:55:25 fim-host fim-agent[39436]: {"event_id": "bd8729a4-1dfe-4668-a82a-5709c81bac06", "event": "publisher.event_acked", "level": "info", "timestamp": "2026-09-18T20:55:25.280352Z"}
Sep 18 17:55:25 fim-host fim-agent[39436]: {"event_id": "6b84ae47-0e99-4df4-9a0c-75089d0c38d0", "event": "publisher.queue_drained", "level": "info", "timestamp": "2026-09-18T20:55:25.285407Z"}
Sep 18 17:55:25 fim-host fim-agent[39436]: {"event_id": "2feac3a1-b42f-429d-b947-9d99a813d6ca", "event": "publisher.queue_drained", "level": "info", "timestamp": "2026-09-18T20:55:25.289020Z"}
Sep 18 17:55:25 fim-host fim-agent[39436]: {"event_id": "bfaf3659-0431-4c27-a78d-3c1964f5bbeb", "event": "publisher.queue_drained", "level": "info", "timestamp": "2026-09-18T20:55:25.292690Z"}
Sep 18 17:55:25 fim-host fim-agent[39436]: {"event_id": "08d70611-d5fc-44cf-b9f5-22fb792efd83", "event": "publisher.queue_drained", "level": "info", "timestamp": "2026-09-18T20:55:25.295947Z"}
Sep 18 17:55:25 fim-host fim-agent[39436]: {"event_id": "adb02d23-1ea7-4a77-b7e7-49a7d99143e3", "event": "publisher.event_acked", "level": "info", "timestamp": "2026-09-18T20:55:25.297372Z"}
Sep 18 17:55:25 fim-host fim-agent[39436]: {"event_id": "a0c95b90-b771-4377-91eb-9067576602bd", "event": "publisher.queue_drained", "level": "info", "timestamp": "2026-09-18T20:55:25.302603Z"}
Sep 18 17:55:25 fim-host fim-agent[39436]: {"event_id": "7d0130f4-3c94-447d-ba8a-63654da7468f", "event": "publisher.queue_drained", "level": "info", "timestamp": "2026-09-18T20:55:25.305998Z"}
Sep 18 17:55:25 fim-host fim-agent[39436]: {"event_id": "276636b7-8cd5-4acb-9a14-ab3275dd5815", "event": "publisher.queue_drained", "level": "info", "timestamp": "2026-09-18T20:55:25.309634Z"}
Sep 18 17:55:25 fim-host fim-agent[39436]: {"event_id": "44608f66-abc8-4c27-849a-e7d712f957a0", "event": "publisher.queue_drained", "level": "info", "timestamp": "2026-09-18T20:55:25.313306Z"}
Sep 18 17:55:25 fim-host fim-agent[39436]: {"event_id": "b544948d-9152-4aef-ae1e-730890d351d6", "event": "publisher.event_acked", "level": "info", "timestamp": "2026-09-18T20:55:25.314509Z"}
Sep 18 17:55:25 fim-host fim-agent[39436]: {"event_id": "5ab65e08-eac3-4527-9e52-bacec17b5a47", "event": "publisher.queue_drained", "level": "info", "timestamp": "2026-09-18T20:55:25.320072Z"}
Sep 18 17:55:25 fim-host fim-agent[39436]: {"event_id": "0370b5b1-abe2-4711-b4bf-b6f87b9f734b", "event": "publisher.queue_drained", "level": "info", "timestamp": "2026-09-18T20:55:25.323628Z"}
Sep 18 17:55:25 fim-host fim-agent[39436]: {"event_id": "dd5bbb86-e0f2-4f4c-8a36-3fc0c186661e", "event": "publisher.queue_drained", "level": "info", "timestamp": "2026-09-18T20:55:25.327099Z"}
Sep 18 17:55:25 fim-host fim-agent[39436]: {"event_id": "bbc3469b-cd71-4b9a-9ba7-be9ef0549752", "event": "publisher.queue_drained", "level": "info", "timestamp": "2026-09-18T20:55:25.330654Z"}
Sep 18 17:55:25 fim-host fim-agent[39436]: {"event_id": "13d5f4ee-8b79-4e33-8356-61f06c79ae6d", "event": "publisher.event_acked", "level": "info", "timestamp": "2026-09-18T20:55:25.331922Z"}
Sep 18 17:55:25 fim-host fim-agent[39436]: {"event_id": "d6a8020b-af9c-42a0-be17-fdc3733f00c6", "event": "publisher.queue_drained", "level": "info", "timestamp": "2026-09-18T20:55:25.337292Z"}
Sep 18 17:55:25 fim-host fim-agent[39436]: {"event_id": "9c0b8929-4340-41c5-a63b-657baa92d398", "event": "publisher.queue_drained", "level": "info", "timestamp": "2026-09-18T20:55:25.340819Z"}
Sep 18 17:55:25 fim-host fim-agent[39436]: {"event_id": "72abfb16-5104-43d4-81ec-3aa186d1f695", "event": "publisher.queue_drained", "level": "info", "timestamp": "2026-09-18T20:55:25.344258Z"}
Sep 18 17:55:25 fim-host fim-agent[39436]: {"event_id": "cc95894f-2db6-4195-9b9e-9edd0fcdf5b8", "event": "publisher.event_acked", "level": "info", "timestamp": "2026-09-18T20:55:25.345150Z"}
Sep 18 17:55:25 fim-host fim-agent[39436]: {"event_id": "f3a77782-df97-4425-8ca4-41b6c1b3fe86", "event": "publisher.queue_drained", "level": "info", "timestamp": "2026-09-18T20:55:25.358594Z"}
Sep 18 17:55:25 fim-host fim-agent[39436]: {"event_id": "059def12-f8d0-4860-8756-8b3455138d16", "event": "publisher.event_acked", "level": "info", "timestamp": "2026-09-18T20:55:25.359747Z"}
Sep 18 17:55:25 fim-host fim-agent[39436]: {"event_id": "cf7a8896-d93a-4784-a463-158ef210090f", "event": "publisher.queue_drained", "level": "info", "timestamp": "2026-09-18T20:55:25.364299Z"}
Sep 18 17:55:25 fim-host fim-agent[39436]: {"event_id": "0ff86a2b-1201-460e-8a43-386c8a3ba597", "event": "publisher.queue_drained", "level": "info", "timestamp": "2026-09-18T20:55:25.367970Z"}
Sep 18 17:55:25 fim-host fim-agent[39436]: {"event_id": "cfd36dbf-9043-4989-b402-01dfff77930a", "event": "publisher.event_acked", "level": "info", "timestamp": "2026-09-18T20:55:25.369256Z"}
Sep 18 17:55:25 fim-host fim-agent[39436]: {"event_id": "dbb5f289-0344-44f3-923a-feeab7658870", "event": "publisher.queue_drained", "level": "info", "timestamp": "2026-09-18T20:55:25.374038Z"}
Sep 18 17:55:25 fim-host fim-agent[39436]: {"event_id": "258e4c8c-1d58-45e4-936d-4b904a7f86ca", "event": "publisher.queue_drained", "level": "info", "timestamp": "2026-09-18T20:55:25.377183Z"}
Sep 18 17:55:25 fim-host fim-agent[39436]: {"event_id": "b7f5475e-a337-428c-9831-858a9b684e20", "event": "publisher.event_acked", "level": "info", "timestamp": "2026-09-18T20:55:25.378298Z"}
Sep 18 17:55:25 fim-host fim-agent[39436]: {"event_id": "04c1348e-b542-471d-a7e3-2e5b8552990d", "event": "publisher.queue_drained", "level": "info", "timestamp": "2026-09-18T20:55:25.383357Z"}
Sep 18 17:55:25 fim-host fim-agent[39436]: {"event_id": "532265e3-7fc8-412f-892c-cc03286e5c15", "event": "publisher.queue_drained", "level": "info", "timestamp": "2026-09-18T20:55:25.386845Z"}
Sep 18 17:55:25 fim-host fim-agent[39436]: {"event_id": "e4ccda82-3924-44ad-b3d7-3904b191b755", "event": "publisher.queue_drained", "level": "info", "timestamp": "2026-09-18T20:55:25.389931Z"}
Sep 18 17:55:25 fim-host fim-agent[39436]: {"event_id": "3fed38a9-ba7a-48f0-9341-48514eb724c5", "event": "publisher.event_acked", "level": "info", "timestamp": "2026-09-18T20:55:25.391402Z"}
Sep 18 17:55:25 fim-host fim-agent[39436]: {"event_id": "2b299ad6-e3e0-4023-aa09-3241f778e4f9", "event": "publisher.queue_drained", "level": "info", "timestamp": "2026-09-18T20:55:25.395812Z"}
Sep 18 17:55:25 fim-host fim-agent[39436]: {"event_id": "ca1a8511-bbe1-4e9e-a69d-743caa2c13e9", "event": "publisher.queue_drained", "level": "info", "timestamp": "2026-09-18T20:55:25.399258Z"}
Sep 18 17:55:25 fim-host fim-agent[39436]: {"event_id": "2c26a3ab-c956-4873-8152-c2b53b70951d", "event": "publisher.queue_drained", "level": "info", "timestamp": "2026-09-18T20:55:25.402571Z"}
Sep 18 17:55:25 fim-host fim-agent[39436]: {"event_id": "f698f7d7-ff7a-4161-8508-1b8376523962", "event": "publisher.event_acked", "level": "info", "timestamp": "2026-09-18T20:55:25.403587Z"}
Sep 18 17:55:25 fim-host fim-agent[39436]: {"event_id": "ec76883a-6b56-46cd-8908-a3222a954e52", "event": "publisher.queue_drained", "level": "info", "timestamp": "2026-09-18T20:55:25.408672Z"}
Sep 18 17:55:25 fim-host fim-agent[39436]: {"event_id": "6ba126ef-c488-471f-8c75-352bb30d9533", "event": "publisher.queue_drained", "level": "info", "timestamp": "2026-09-18T20:55:25.411672Z"}
Sep 18 17:55:25 fim-host fim-agent[39436]: {"event_id": "96d50bd6-91e9-484f-a8ba-079821c81771", "event": "publisher.queue_drained", "level": "info", "timestamp": "2026-09-18T20:55:25.415408Z"}
Sep 18 17:55:25 fim-host fim-agent[39436]: {"event_id": "d19e32e0-359c-4601-9232-2269d7df7b24", "event": "publisher.event_acked", "level": "info", "timestamp": "2026-09-18T20:55:25.416656Z"}
Sep 18 17:55:25 fim-host fim-agent[39436]: {"event_id": "af13fc29-8fba-42a1-bacb-0d1479bcb78e", "event": "publisher.queue_drained", "level": "info", "timestamp": "2026-09-18T20:55:25.421380Z"}
Sep 18 17:55:25 fim-host fim-agent[39436]: {"event_id": "bc9726ed-5a06-400c-8aa3-543a4edf911b", "event": "publisher.queue_drained", "level": "info", "timestamp": "2026-09-18T20:55:25.424483Z"}
Sep 18 17:55:25 fim-host fim-agent[39436]: {"event_id": "6f10b524-c4a7-4431-99d1-ee88a94b0eb7", "event": "publisher.queue_drained", "level": "info", "timestamp": "2026-09-18T20:55:25.427596Z"}
Sep 18 17:55:25 fim-host fim-agent[39436]: {"event_id": "e5d5c630-5179-416f-9f41-628bf47e9371", "event": "publisher.event_acked", "level": "info", "timestamp": "2026-09-18T20:55:25.428843Z"}
Sep 18 17:55:25 fim-host fim-agent[39436]: {"event_id": "03836dd4-6e19-4133-95f1-c2c4ce2fb7c2", "event": "publisher.queue_drained", "level": "info", "timestamp": "2026-09-18T20:55:25.433401Z"}
Sep 18 17:55:25 fim-host fim-agent[39436]: {"event_id": "9a584af7-20ac-46c6-87cc-262824a523bc", "event": "publisher.queue_drained", "level": "info", "timestamp": "2026-09-18T20:55:25.436671Z"}
Sep 18 17:55:25 fim-host fim-agent[39436]: {"event_id": "5fc84cd4-24c8-4877-ac6e-549d5ab3e701", "event": "publisher.queue_drained", "level": "info", "timestamp": "2026-09-18T20:55:25.440245Z"}
Sep 18 17:55:25 fim-host fim-agent[39436]: {"event_id": "88305dae-f6b4-4db1-bb90-c79b27693ccd", "event": "publisher.queue_drained", "level": "info", "timestamp": "2026-09-18T20:55:25.443360Z"}
Sep 18 17:55:25 fim-host fim-agent[39436]: {"event_id": "87c72d07-6dd3-4c4d-bdad-fdf980c7414e", "event": "publisher.event_acked", "level": "info", "timestamp": "2026-09-18T20:55:25.444540Z"}
Sep 18 17:55:25 fim-host fim-agent[39436]: {"event_id": "1f287b1d-795b-4241-b3f6-2f06950e4449", "event": "publisher.queue_drained", "level": "info", "timestamp": "2026-09-18T20:55:25.448970Z"}
Sep 18 17:55:25 fim-host fim-agent[39436]: {"event_id": "f5b01c4f-08cc-4e98-b5a4-95095c0bbed8", "event": "publisher.queue_drained", "level": "info", "timestamp": "2026-09-18T20:55:25.451650Z"}
Sep 18 17:55:25 fim-host fim-agent[39436]: {"event_id": "e8e266bf-58cb-4985-9cc0-5b00677d9d9f", "event": "publisher.queue_drained", "level": "info", "timestamp": "2026-09-18T20:55:25.454875Z"}
Sep 18 17:55:25 fim-host fim-agent[39436]: {"event_id": "2d9243b9-ec17-4a9e-8845-1d12235ea51b", "event": "publisher.queue_drained", "level": "info", "timestamp": "2026-09-18T20:55:25.457838Z"}
Sep 18 17:55:25 fim-host fim-agent[39436]: {"event_id": "5d1b71dc-927d-4f72-b806-29d3b57e67c3", "event": "publisher.event_acked", "level": "info", "timestamp": "2026-09-18T20:55:25.458889Z"}
Sep 18 17:55:25 fim-host fim-agent[39436]: {"event_id": "a137280d-f38d-438f-b4e3-50ecfe9d2f05", "event": "publisher.queue_drained", "level": "info", "timestamp": "2026-09-18T20:55:25.464012Z"}
Sep 18 17:55:25 fim-host fim-agent[39436]: {"event_id": "8e6c025b-3af5-47cd-a4db-fc9e6e348bd7", "event": "publisher.queue_drained", "level": "info", "timestamp": "2026-09-18T20:55:25.467224Z"}
Sep 18 17:55:25 fim-host fim-agent[39436]: {"event_id": "4c6cafe4-08f2-409f-a91d-c72bcdd5125f", "event": "publisher.queue_drained", "level": "info", "timestamp": "2026-09-18T20:55:25.470074Z"}
Sep 18 17:55:25 fim-host fim-agent[39436]: {"event_id": "b5a02e58-279d-4aa1-ada5-026bdd4fd3ec", "event": "publisher.queue_drained", "level": "info", "timestamp": "2026-09-18T20:55:25.473273Z"}
Sep 18 17:55:25 fim-host fim-agent[39436]: {"event_id": "83bf7c24-8583-4e82-8962-8d887b4a046e", "event": "publisher.event_acked", "level": "info", "timestamp": "2026-09-18T20:55:25.474349Z"}
Sep 18 17:55:25 fim-host fim-agent[39436]: {"event_id": "b70a4e7c-985d-40e9-87ca-74652700c0a3", "event": "publisher.queue_drained", "level": "info", "timestamp": "2026-09-18T20:55:25.479007Z"}
Sep 18 17:55:25 fim-host fim-agent[39436]: {"event_id": "eda8502f-17c8-4817-902c-ea880468e626", "event": "publisher.queue_drained", "level": "info", "timestamp": "2026-09-18T20:55:25.482387Z"}
Sep 18 17:55:25 fim-host fim-agent[39436]: {"event_id": "4e30726c-df9c-4bb6-8cbb-6d8f32fff530", "event": "publisher.queue_drained", "level": "info", "timestamp": "2026-09-18T20:55:25.485827Z"}
Sep 18 17:55:25 fim-host fim-agent[39436]: {"event_id": "eb6c64dd-8b83-44ac-bc66-624beedad425", "event": "publisher.event_acked", "level": "info", "timestamp": "2026-09-18T20:55:25.486828Z"}
Sep 18 17:55:25 fim-host fim-agent[39436]: {"event_id": "61a063c0-0498-41a8-836e-82c3ce3f356a", "event": "publisher.queue_drained", "level": "info", "timestamp": "2026-09-18T20:55:25.491481Z"}
Sep 18 17:55:25 fim-host fim-agent[39436]: {"event_id": "4de50bdf-df34-4f08-aac0-6b26f6e7d644", "event": "publisher.queue_drained", "level": "info", "timestamp": "2026-09-18T20:55:25.495133Z"}
Sep 18 17:55:25 fim-host fim-agent[39436]: {"event_id": "94c85ad8-bfcd-4584-b1e3-cfa9ab31b399", "event": "publisher.queue_drained", "level": "info", "timestamp": "2026-09-18T20:55:25.497879Z"}
Sep 18 17:55:25 fim-host fim-agent[39436]: {"event_id": "767daae9-c05c-4a9f-a952-11f2d65f68da", "event": "publisher.queue_drained", "level": "info", "timestamp": "2026-09-18T20:55:25.501447Z"}
Sep 18 17:55:25 fim-host fim-agent[39436]: {"event_id": "caefb8de-eb88-4391-9e59-4932a686d726", "event": "publisher.queue_drained", "level": "info", "timestamp": "2026-09-18T20:55:25.504054Z"}
Sep 18 17:55:25 fim-host fim-agent[39436]: {"event_id": "0d0e0073-5084-4364-9df6-77e05dffe109", "event": "publisher.queue_drained", "level": "info", "timestamp": "2026-09-18T20:55:25.507156Z"}
Sep 18 17:55:25 fim-host fim-agent[39436]: {"event_id": "4a46fe2f-e824-42bb-a804-c66a443b8bb3", "event": "publisher.event_acked", "level": "info", "timestamp": "2026-09-18T20:55:25.508135Z"}
Sep 18 17:55:25 fim-host fim-agent[39436]: {"event_id": "787fa434-7c05-46de-b7ff-8d2452cfb585", "event": "publisher.queue_drained", "level": "info", "timestamp": "2026-09-18T20:55:25.512705Z"}
Sep 18 17:55:25 fim-host fim-agent[39436]: {"event_id": "6a26bddf-1edc-4e3f-827c-7cea964c7a03", "event": "publisher.queue_drained", "level": "info", "timestamp": "2026-09-18T20:55:25.516397Z"}
Sep 18 17:55:25 fim-host fim-agent[39436]: {"event_id": "18f3eae9-7f9d-4629-8e34-7ef5f861c363", "event": "publisher.queue_drained", "level": "info", "timestamp": "2026-09-18T20:55:25.519461Z"}
Sep 18 17:55:25 fim-host fim-agent[39436]: {"event_id": "695d1d68-240d-4547-bf2a-37f0d09dbb84", "event": "publisher.queue_drained", "level": "info", "timestamp": "2026-09-18T20:55:25.522768Z"}
Sep 18 17:55:25 fim-host fim-agent[39436]: {"event_id": "f715a101-3555-40ff-86f3-ea2cc76f1717", "event": "publisher.event_acked", "level": "info", "timestamp": "2026-09-18T20:55:25.523933Z"}
Sep 18 17:55:25 fim-host fim-agent[39436]: {"event_id": "c8a83546-ffc2-4a40-9514-7149afa408fe", "event": "publisher.queue_drained", "level": "info", "timestamp": "2026-09-18T20:55:25.528097Z"}
Sep 18 17:55:25 fim-host fim-agent[39436]: {"event_id": "345c529a-4850-4c8e-bf7d-d60d49b7974b", "event": "publisher.queue_drained", "level": "info", "timestamp": "2026-09-18T20:55:25.530969Z"}
Sep 18 17:55:25 fim-host fim-agent[39436]: {"event_id": "e69ee51c-c0db-40f9-a11d-1f63cee3ebdf", "event": "publisher.queue_drained", "level": "info", "timestamp": "2026-09-18T20:55:25.534431Z"}
Sep 18 17:55:25 fim-host fim-agent[39436]: {"event_id": "3ec4652f-45aa-4d31-a038-471244615b30", "event": "publisher.queue_drained", "level": "info", "timestamp": "2026-09-18T20:55:25.537450Z"}
Sep 18 17:55:25 fim-host fim-agent[39436]: {"event_id": "39f2f8c4-533c-4afe-b8c0-87fe4ab156fd", "event": "publisher.queue_drained", "level": "info", "timestamp": "2026-09-18T20:55:25.540904Z"}
Sep 18 17:55:25 fim-host fim-agent[39436]: {"event_id": "c68ca15d-d73c-4d8d-bfc5-66e7610b3217", "event": "publisher.queue_drained", "level": "info", "timestamp": "2026-09-18T20:55:25.543786Z"}
Sep 18 17:55:25 fim-host fim-agent[39436]: {"event_id": "5591e69a-64bd-43c5-b9b6-b5be7e54153b", "event": "publisher.event_acked", "level": "info", "timestamp": "2026-09-18T20:55:25.544913Z"}
Sep 18 17:55:25 fim-host fim-agent[39436]: {"event_id": "0ffd30cb-3363-49c9-8493-e01533a3b562", "event": "publisher.queue_drained", "level": "info", "timestamp": "2026-09-18T20:55:25.549377Z"}
Sep 18 17:55:25 fim-host fim-agent[39436]: {"event_id": "ae31549a-3c9d-48e8-a4c1-b62d76dfe040", "event": "publisher.queue_drained", "level": "info", "timestamp": "2026-09-18T20:55:25.553635Z"}
Sep 18 17:55:25 fim-host fim-agent[39436]: {"event_id": "96594c2e-5d4f-4406-b621-1fbe52e211c7", "event": "publisher.queue_drained", "level": "info", "timestamp": "2026-09-18T20:55:25.556545Z"}
Sep 18 17:55:25 fim-host fim-agent[39436]: {"event_id": "295e9e7d-b15f-405b-8e39-dabf8d30eab3", "event": "publisher.queue_drained", "level": "info", "timestamp": "2026-09-18T20:55:25.559770Z"}
Sep 18 17:55:25 fim-host fim-agent[39436]: {"event_id": "29af88aa-67a9-4662-a185-72b91a442f5d", "event": "publisher.queue_drained", "level": "info", "timestamp": "2026-09-18T20:55:25.562702Z"}
Sep 18 17:55:25 fim-host fim-agent[39436]: {"event_id": "917438db-e551-4d29-95d2-77c2396d6eaf", "event": "publisher.event_acked", "level": "info", "timestamp": "2026-09-18T20:55:25.563784Z"}
Sep 18 17:55:25 fim-host fim-agent[39436]: {"event_id": "8b151f55-b79d-48f7-a0d4-c83e757e6265", "event": "publisher.queue_drained", "level": "info", "timestamp": "2026-09-18T20:55:25.568683Z"}
Sep 18 17:55:25 fim-host fim-agent[39436]: {"event_id": "c7ef4222-e744-446c-8ddf-016a113f2364", "event": "publisher.queue_drained", "level": "info", "timestamp": "2026-09-18T20:55:25.572020Z"}
Sep 18 17:55:25 fim-host fim-agent[39436]: {"event_id": "9eb7dcb9-247a-4533-a0b7-c4dff5251242", "event": "publisher.queue_drained", "level": "info", "timestamp": "2026-09-18T20:55:25.574783Z"}
Sep 18 17:55:25 fim-host fim-agent[39436]: {"event_id": "b4b24425-5bc0-4ffe-a4dc-42aab90266bf", "event": "publisher.queue_drained", "level": "info", "timestamp": "2026-09-18T20:55:25.578409Z"}
Sep 18 17:55:25 fim-host fim-agent[39436]: {"event_id": "dd7ba158-96a0-4288-ad31-0f84c72fcec9", "event": "publisher.event_acked", "level": "info", "timestamp": "2026-09-18T20:55:25.579864Z"}
Sep 18 17:55:25 fim-host fim-agent[39436]: {"event_id": "77faa5e1-23f3-4d0f-8f39-56fa45a0dc64", "event": "publisher.queue_drained", "level": "info", "timestamp": "2026-09-18T20:55:25.584076Z"}
Sep 18 17:55:25 fim-host fim-agent[39436]: {"event_id": "6238dec3-12a8-4ad1-aed0-3badac9b051c", "event": "publisher.queue_drained", "level": "info", "timestamp": "2026-09-18T20:55:25.587132Z"}
Sep 18 17:55:25 fim-host fim-agent[39436]: {"event_id": "4cb98dab-27a5-496b-ac6d-4be46f0b7af3", "event": "publisher.queue_drained", "level": "info", "timestamp": "2026-09-18T20:55:25.590069Z"}
Sep 18 17:55:25 fim-host fim-agent[39436]: {"event_id": "ed97cbca-484b-4131-a98f-9033ed21ca9e", "event": "publisher.queue_drained", "level": "info", "timestamp": "2026-09-18T20:55:25.593326Z"}
Sep 18 17:55:25 fim-host fim-agent[39436]: {"event_id": "3c644274-887a-498f-bf0c-8769f6dc7a3f", "event": "publisher.queue_drained", "level": "info", "timestamp": "2026-09-18T20:55:25.596036Z"}
Sep 18 17:55:25 fim-host fim-agent[39436]: {"event_id": "fb5e5126-bdb2-4e0a-a24a-83708d5862b9", "event": "publisher.queue_drained", "level": "info", "timestamp": "2026-09-18T20:55:25.598885Z"}
Sep 18 17:55:25 fim-host fim-agent[39436]: {"event_id": "f17d151a-18d7-4631-beaf-0015303b3d5e", "event": "publisher.event_acked", "level": "info", "timestamp": "2026-09-18T20:55:25.600072Z"}
Sep 18 17:55:25 fim-host fim-agent[39436]: {"event_id": "0c02ff73-eb6e-410f-a9c7-437e90d74c95", "event": "publisher.queue_drained", "level": "info", "timestamp": "2026-09-18T20:55:25.604456Z"}
Sep 18 17:55:25 fim-host fim-agent[39436]: {"event_id": "ae1b7866-3e63-4d7d-9990-b635e2cabfed", "event": "publisher.queue_drained", "level": "info", "timestamp": "2026-09-18T20:55:25.607216Z"}
Sep 18 17:55:25 fim-host fim-agent[39436]: {"event_id": "c4d9eb20-d9b3-438e-9051-4fa1c1471e1d", "event": "publisher.queue_drained", "level": "info", "timestamp": "2026-09-18T20:55:25.610519Z"}
Sep 18 17:55:25 fim-host fim-agent[39436]: {"event_id": "8fbca5d0-437f-44bf-9bad-253423c833cf", "event": "publisher.queue_drained", "level": "info", "timestamp": "2026-09-18T20:55:25.613444Z"}
Sep 18 17:55:25 fim-host fim-agent[39436]: {"event_id": "dcd69d10-c8c0-470d-ac7e-398ae1b80a93", "event": "publisher.queue_drained", "level": "info", "timestamp": "2026-09-18T20:55:25.616716Z"}
Sep 18 17:55:25 fim-host fim-agent[39436]: {"event_id": "d578ef60-6e9c-4e6d-8ba2-c01e72364ae9", "event": "publisher.queue_drained", "level": "info", "timestamp": "2026-09-18T20:55:25.619573Z"}
Sep 18 17:55:25 fim-host fim-agent[39436]: {"event_id": "0e126d9d-1bd2-48e0-9b44-947251bd0ef9", "event": "publisher.event_acked", "level": "info", "timestamp": "2026-09-18T20:55:25.620613Z"}
Sep 18 17:55:25 fim-host fim-agent[39436]: {"event_id": "5287728e-0b99-4bc1-9c9f-137ed1b7d062", "event": "publisher.queue_drained", "level": "info", "timestamp": "2026-09-18T20:55:25.625024Z"}
Sep 18 17:55:25 fim-host fim-agent[39436]: {"event_id": "619b5412-745c-441e-9b56-3e411409a435", "event": "publisher.queue_drained", "level": "info", "timestamp": "2026-09-18T20:55:25.628323Z"}
Sep 18 17:55:25 fim-host fim-agent[39436]: {"event_id": "7d07fc9a-5068-453c-b2f7-f743bcde26fb", "event": "publisher.queue_drained", "level": "info", "timestamp": "2026-09-18T20:55:25.631316Z"}
Sep 18 17:55:25 fim-host fim-agent[39436]: {"event_id": "85027d12-efdf-4db5-ab3b-7ff8383535e0", "event": "publisher.queue_drained", "level": "info", "timestamp": "2026-09-18T20:55:25.634167Z"}
Sep 18 17:55:25 fim-host fim-agent[39436]: {"event_id": "fb17dfb6-5fab-49f9-81a4-a3ff19221ec4", "event": "publisher.queue_drained", "level": "info", "timestamp": "2026-09-18T20:55:25.637351Z"}
Sep 18 17:55:25 fim-host fim-agent[39436]: {"event_id": "42bdae7d-e2fb-483d-93db-ce951ca55da1", "event": "publisher.event_acked", "level": "info", "timestamp": "2026-09-18T20:55:25.638580Z"}
Sep 18 17:55:25 fim-host fim-agent[39436]: {"event_id": "479cc319-3f4b-400b-9729-b254f65ae23a", "event": "publisher.queue_drained", "level": "info", "timestamp": "2026-09-18T20:55:25.643200Z"}
Sep 18 17:55:25 fim-host fim-agent[39436]: {"event_id": "9fa6429e-0f76-451f-822b-1ec984ee1182", "event": "publisher.queue_drained", "level": "info", "timestamp": "2026-09-18T20:55:25.646241Z"}
Sep 18 17:55:25 fim-host fim-agent[39436]: {"event_id": "0ce71c12-5c6a-49be-96fb-bc64285f6805", "event": "publisher.queue_drained", "level": "info", "timestamp": "2026-09-18T20:55:25.649468Z"}
Sep 18 17:55:25 fim-host fim-agent[39436]: {"event_id": "a752737c-ff8e-4f34-9df7-61a683d61920", "event": "publisher.queue_drained", "level": "info", "timestamp": "2026-09-18T20:55:25.652442Z"}
Sep 18 17:55:25 fim-host fim-agent[39436]: {"event_id": "2459bb7d-0bf7-41f6-ba74-fdbfb2ebd76b", "event": "publisher.queue_drained", "level": "info", "timestamp": "2026-09-18T20:55:25.655658Z"}
Sep 18 17:55:25 fim-host fim-agent[39436]: {"event_id": "93c199e1-f61b-428a-ae78-0ebdbfa2b2e4", "event": "publisher.queue_drained", "level": "info", "timestamp": "2026-09-18T20:55:25.658495Z"}
Sep 18 17:55:25 fim-host fim-agent[39436]: {"event_id": "78263579-f742-4d7e-8007-bf4e2f427e63", "event": "publisher.event_acked", "level": "info", "timestamp": "2026-09-18T20:55:25.659731Z"}
Sep 18 17:55:25 fim-host fim-agent[39436]: {"event_id": "2db72838-31c1-470b-b38b-2943affc23a1", "event": "publisher.queue_drained", "level": "info", "timestamp": "2026-09-18T20:55:25.664257Z"}
Sep 18 17:55:25 fim-host fim-agent[39436]: {"event_id": "ae0a91cf-bddb-4010-b7c6-492434ef26c8", "event": "publisher.queue_drained", "level": "info", "timestamp": "2026-09-18T20:55:25.667772Z"}
Sep 18 17:55:25 fim-host fim-agent[39436]: {"event_id": "e1f93689-42e6-40c7-80e4-d9100b17d34a", "event": "publisher.queue_drained", "level": "info", "timestamp": "2026-09-18T20:55:25.671302Z"}
Sep 18 17:55:25 fim-host fim-agent[39436]: {"event_id": "f13995b9-9801-4f0a-85e8-62c1d76be948", "event": "publisher.queue_drained", "level": "info", "timestamp": "2026-09-18T20:55:25.674808Z"}
Sep 18 17:55:25 fim-host fim-agent[39436]: {"event_id": "b9df28ec-92c8-4b47-944a-f9e75ecfcf92", "event": "publisher.queue_drained", "level": "info", "timestamp": "2026-09-18T20:55:25.677942Z"}
Sep 18 17:55:25 fim-host fim-agent[39436]: {"event_id": "b29352f4-7c4c-49b7-a33b-8bfa4564aacf", "event": "publisher.queue_drained", "level": "info", "timestamp": "2026-09-18T20:55:25.681928Z"}
Sep 18 17:55:25 fim-host fim-agent[39436]: {"event_id": "9f38907d-a8c0-40b3-b614-3526f26ce56f", "event": "publisher.event_acked", "level": "info", "timestamp": "2026-09-18T20:55:25.683168Z"}
Sep 18 17:55:25 fim-host fim-agent[39436]: {"event_id": "0ca0b494-5ad3-4351-8a5c-47828ab39bea", "event": "publisher.queue_drained", "level": "info", "timestamp": "2026-09-18T20:55:25.688025Z"}
Sep 18 17:55:25 fim-host fim-agent[39436]: {"event_id": "478b1008-a7f7-47bf-9f9d-8acaefc22e9c", "event": "publisher.queue_drained", "level": "info", "timestamp": "2026-09-18T20:55:25.691557Z"}
Sep 18 17:55:25 fim-host fim-agent[39436]: {"event_id": "cf46eec7-e927-46db-a71e-a725e744a324", "event": "publisher.queue_drained", "level": "info", "timestamp": "2026-09-18T20:55:25.694984Z"}
Sep 18 17:55:25 fim-host fim-agent[39436]: {"event_id": "7a4254ee-5473-4c17-9fe3-226ff083a28d", "event": "publisher.queue_drained", "level": "info", "timestamp": "2026-09-18T20:55:25.697834Z"}
Sep 18 17:55:25 fim-host fim-agent[39436]: {"event_id": "b81cc23f-4898-409c-b5f2-5660787c9c99", "event": "publisher.queue_drained", "level": "info", "timestamp": "2026-09-18T20:55:25.701352Z"}
Sep 18 17:55:25 fim-host fim-agent[39436]: {"event_id": "36a81d54-b925-47e0-9e29-347f581c90bb", "event": "publisher.queue_drained", "level": "info", "timestamp": "2026-09-18T20:55:25.704424Z"}
Sep 18 17:55:25 fim-host fim-agent[39436]: {"event_id": "63dda8f5-bf51-46b5-b963-f44d5386e0cd", "event": "publisher.event_acked", "level": "info", "timestamp": "2026-09-18T20:55:25.705584Z"}
Sep 18 17:55:25 fim-host fim-agent[39436]: {"event_id": "eba55a26-ea95-4917-b34d-3f899f48d33e", "event": "publisher.queue_drained", "level": "info", "timestamp": "2026-09-18T20:55:25.710120Z"}
Sep 18 17:55:25 fim-host fim-agent[39436]: {"event_id": "fd48c4c1-b22a-4934-a907-ea98f0a6ee7f", "event": "publisher.queue_drained", "level": "info", "timestamp": "2026-09-18T20:55:25.713057Z"}
Sep 18 17:55:25 fim-host fim-agent[39436]: {"event_id": "24e94703-b83f-4782-8b52-f89a97465a64", "event": "publisher.queue_drained", "level": "info", "timestamp": "2026-09-18T20:55:25.716451Z"}
Sep 18 17:55:25 fim-host fim-agent[39436]: {"event_id": "e91ff8d7-4f67-45ed-b429-84cebc47e9c3", "event": "publisher.queue_drained", "level": "info", "timestamp": "2026-09-18T20:55:25.719712Z"}
Sep 18 17:55:25 fim-host fim-agent[39436]: {"event_id": "2711c3f3-28f3-4ccb-9c61-be3adcdd10e3", "event": "publisher.event_acked", "level": "info", "timestamp": "2026-09-18T20:55:25.721076Z"}
Sep 18 17:55:25 fim-host fim-agent[39436]: {"event_id": "91caf70a-0c55-4405-91d8-41623f98495a", "event": "publisher.queue_drained", "level": "info", "timestamp": "2026-09-18T20:55:25.725425Z"}
Sep 18 17:55:25 fim-host fim-agent[39436]: {"event_id": "335618f3-e58f-4b69-b2f7-cc558e027c2b", "event": "publisher.queue_drained", "level": "info", "timestamp": "2026-09-18T20:55:25.728904Z"}
Sep 18 17:55:25 fim-host fim-agent[39436]: {"event_id": "c213925c-ecc9-4263-a96e-33aff4488d93", "event": "publisher.queue_drained", "level": "info", "timestamp": "2026-09-18T20:55:25.731583Z"}
Sep 18 17:55:25 fim-host fim-agent[39436]: {"event_id": "aa7562bc-5817-4bcd-b35e-d038c3a4dc54", "event": "publisher.queue_drained", "level": "info", "timestamp": "2026-09-18T20:55:25.735612Z"}
Sep 18 17:55:25 fim-host fim-agent[39436]: {"event_id": "a53880e7-c414-4acd-b6c2-c17435c525bc", "event": "publisher.queue_drained", "level": "info", "timestamp": "2026-09-18T20:55:25.738762Z"}
Sep 18 17:55:25 fim-host fim-agent[39436]: {"event_id": "ae937839-9e53-4fdf-958c-ffb4ecdf8d34", "event": "publisher.queue_drained", "level": "info", "timestamp": "2026-09-18T20:55:25.743630Z"}
Sep 18 17:55:25 fim-host fim-agent[39436]: {"event_id": "e88ff60c-d02b-40ff-9fbe-85601fdf1dd8", "event": "publisher.event_acked", "level": "info", "timestamp": "2026-09-18T20:55:25.745093Z"}
Sep 18 17:55:25 fim-host fim-agent[39436]: {"event_id": "932c4001-b144-45af-a0e5-49ad6b495778", "event": "publisher.queue_drained", "level": "info", "timestamp": "2026-09-18T20:55:25.750312Z"}
Sep 18 17:55:25 fim-host fim-agent[39436]: {"event_id": "3a576eca-1c63-4171-a484-34b886e3ae1e", "event": "publisher.queue_drained", "level": "info", "timestamp": "2026-09-18T20:55:25.753391Z"}
Sep 18 17:55:25 fim-host fim-agent[39436]: {"event_id": "57d2286b-8645-43d7-a650-8406ecca86d4", "event": "publisher.queue_drained", "level": "info", "timestamp": "2026-09-18T20:55:25.756748Z"}
Sep 18 17:55:25 fim-host fim-agent[39436]: {"event_id": "fe17e931-d0ad-4e09-9d23-580ebc3356f7", "event": "publisher.queue_drained", "level": "info", "timestamp": "2026-09-18T20:55:25.759767Z"}
Sep 18 17:55:25 fim-host fim-agent[39436]: {"event_id": "2d4a3305-eaf6-4e8c-bdae-5381a2675d24", "event": "publisher.event_acked", "level": "info", "timestamp": "2026-09-18T20:55:25.760724Z"}
Sep 18 17:55:25 fim-host fim-agent[39436]: {"event_id": "6607bc95-c9d7-40aa-953d-dcc781ad09bf", "event": "publisher.queue_drained", "level": "info", "timestamp": "2026-09-18T20:55:25.765473Z"}
Sep 18 17:55:25 fim-host fim-agent[39436]: {"event_id": "ddd9a889-e4bf-41b4-b825-7f3c10f74fd1", "event": "publisher.queue_drained", "level": "info", "timestamp": "2026-09-18T20:55:25.768682Z"}
Sep 18 17:55:25 fim-host fim-agent[39436]: {"event_id": "a885176e-7520-4f53-b98f-360243153b8e", "event": "publisher.queue_drained", "level": "info", "timestamp": "2026-09-18T20:55:25.771511Z"}
Sep 18 17:55:25 fim-host fim-agent[39436]: {"event_id": "b676eb96-9365-4ecf-ba30-7636d8f3d40c", "event": "publisher.queue_drained", "level": "info", "timestamp": "2026-09-18T20:55:25.774745Z"}
Sep 18 17:55:25 fim-host fim-agent[39436]: {"event_id": "c67114cb-b7d1-414c-b601-6519cfda51c2", "event": "publisher.queue_drained", "level": "info", "timestamp": "2026-09-18T20:55:25.777864Z"}
Sep 18 17:55:25 fim-host fim-agent[39436]: {"event_id": "18fd75ae-3ede-4ffb-b158-a7541bb46918", "event": "publisher.queue_drained", "level": "info", "timestamp": "2026-09-18T20:55:25.781075Z"}
Sep 18 17:55:25 fim-host fim-agent[39436]: {"event_id": "67b04989-50cb-4418-a3b7-068b4c33d52e", "event": "publisher.event_acked", "level": "info", "timestamp": "2026-09-18T20:55:25.782304Z"}
Sep 18 17:55:25 fim-host fim-agent[39436]: {"event_id": "70c8a82e-a2c5-4276-9d04-a50241459c61", "event": "publisher.queue_drained", "level": "info", "timestamp": "2026-09-18T20:55:25.786882Z"}
Sep 18 17:55:25 fim-host fim-agent[39436]: {"event_id": "9c274c37-9678-45f3-93a4-19963bd4d3be", "event": "publisher.queue_drained", "level": "info", "timestamp": "2026-09-18T20:55:25.789598Z"}
Sep 18 17:55:25 fim-host fim-agent[39436]: {"event_id": "acafd762-6d95-49eb-9bbd-605ef43503e8", "event": "publisher.queue_drained", "level": "info", "timestamp": "2026-09-18T20:55:25.792872Z"}
Sep 18 17:55:25 fim-host fim-agent[39436]: {"event_id": "95036762-d436-4b37-8df5-4fcc10812045", "event": "publisher.queue_drained", "level": "info", "timestamp": "2026-09-18T20:55:25.795656Z"}
Sep 18 17:55:25 fim-host fim-agent[39436]: {"event_id": "e8c50d23-f8b6-4c94-a4e4-32d14788b1b5", "event": "publisher.queue_drained", "level": "info", "timestamp": "2026-09-18T20:55:25.799098Z"}
Sep 18 17:55:25 fim-host fim-agent[39436]: {"event_id": "4070ebd3-ee37-42e0-86a5-8496279134b7", "event": "publisher.event_acked", "level": "info", "timestamp": "2026-09-18T20:55:25.800263Z"}
Sep 18 17:55:25 fim-host fim-agent[39436]: {"event_id": "80086b8b-aa2f-4c15-b33b-f519dfcaec82", "event": "publisher.queue_drained", "level": "info", "timestamp": "2026-09-18T20:55:25.805248Z"}
Sep 18 17:55:25 fim-host fim-agent[39436]: {"event_id": "5509de8a-7463-43e4-bdfc-2d179addacec", "event": "publisher.queue_drained", "level": "info", "timestamp": "2026-09-18T20:55:25.808361Z"}
Sep 18 17:55:25 fim-host fim-agent[39436]: {"event_id": "0bc8d704-4ba4-4a6c-a435-b61b9cb0687a", "event": "publisher.queue_drained", "level": "info", "timestamp": "2026-09-18T20:55:25.811714Z"}
Sep 18 17:55:25 fim-host fim-agent[39436]: {"event_id": "d28b3688-ed05-424e-8a8c-403d2e938966", "event": "publisher.queue_drained", "level": "info", "timestamp": "2026-09-18T20:55:25.814711Z"}
Sep 18 17:55:25 fim-host fim-agent[39436]: {"event_id": "fb125a65-5c2c-4bbd-b787-824f7fcd51dd", "event": "publisher.queue_drained", "level": "info", "timestamp": "2026-09-18T20:55:25.817784Z"}
Sep 18 17:55:25 fim-host fim-agent[39436]: {"event_id": "3990adcf-0922-4634-98df-5d7733c5bc83", "event": "publisher.queue_drained", "level": "info", "timestamp": "2026-09-18T20:55:25.820759Z"}
Sep 18 17:55:25 fim-host fim-agent[39436]: {"event_id": "59e36153-ae63-46b8-93f7-f9713fc026f7", "event": "publisher.event_acked", "level": "info", "timestamp": "2026-09-18T20:55:25.821982Z"}
Sep 18 17:55:25 fim-host fim-agent[39436]: {"event_id": "70c497ef-7d3c-4479-a457-4ca39b4b1f52", "event": "publisher.queue_drained", "level": "info", "timestamp": "2026-09-18T20:55:25.826605Z"}
Sep 18 17:55:25 fim-host fim-agent[39436]: {"event_id": "61b533ba-33a3-4257-8892-3d3ef85a4099", "event": "publisher.queue_drained", "level": "info", "timestamp": "2026-09-18T20:55:25.830190Z"}
Sep 18 17:55:25 fim-host fim-agent[39436]: {"event_id": "db5990c4-0517-4641-9476-2bafbc3ab796", "event": "publisher.queue_drained", "level": "info", "timestamp": "2026-09-18T20:55:25.833644Z"}
Sep 18 17:55:25 fim-host fim-agent[39436]: {"event_id": "f5671523-b37a-460c-9ce1-e7de66c7bc5b", "event": "publisher.queue_drained", "level": "info", "timestamp": "2026-09-18T20:55:25.836863Z"}
Sep 18 17:55:25 fim-host fim-agent[39436]: {"event_id": "9a4ed174-d0c7-49c1-b47e-2b5d9466ddd8", "event": "publisher.queue_drained", "level": "info", "timestamp": "2026-09-18T20:55:25.841285Z"}
Sep 18 17:55:25 fim-host fim-agent[39436]: {"event_id": "18eba0ad-a5c2-4894-ac51-a4fc263c206e", "event": "publisher.event_acked", "level": "info", "timestamp": "2026-09-18T20:55:25.842294Z"}
Sep 18 17:55:25 fim-host fim-agent[39436]: {"event_id": "d7a22c60-327b-4e55-8638-24159cd9a18a", "event": "publisher.queue_drained", "level": "info", "timestamp": "2026-09-18T20:55:25.847443Z"}
Sep 18 17:55:25 fim-host fim-agent[39436]: {"event_id": "d81af9fe-317e-42b7-a88f-bb80e33137a9", "event": "publisher.queue_drained", "level": "info", "timestamp": "2026-09-18T20:55:25.851214Z"}
Sep 18 17:55:25 fim-host fim-agent[39436]: {"event_id": "22c21751-6834-4115-893e-973d4c43e7c3", "event": "publisher.queue_drained", "level": "info", "timestamp": "2026-09-18T20:55:25.854835Z"}
Sep 18 17:55:25 fim-host fim-agent[39436]: {"event_id": "a8869227-d939-4872-b238-32deb5f96a23", "event": "publisher.queue_drained", "level": "info", "timestamp": "2026-09-18T20:55:25.858331Z"}
Sep 18 17:55:25 fim-host fim-agent[39436]: {"event_id": "70b3e832-4dcc-4d4e-a2ea-5e198158961c", "event": "publisher.queue_drained", "level": "info", "timestamp": "2026-09-18T20:55:25.861734Z"}
Sep 18 17:55:25 fim-host fim-agent[39436]: {"event_id": "9b471da6-34a0-44c2-a9fd-d06a874445af", "event": "publisher.event_acked", "level": "info", "timestamp": "2026-09-18T20:55:25.862899Z"}
Sep 18 17:55:25 fim-host fim-agent[39436]: {"event_id": "32ba7c8f-1a21-4982-b977-908710e52402", "event": "publisher.queue_drained", "level": "info", "timestamp": "2026-09-18T20:55:25.868388Z"}
Sep 18 17:55:25 fim-host fim-agent[39436]: {"event_id": "c732c485-4a9b-4e81-8523-e057b2e36a56", "event": "publisher.queue_drained", "level": "info", "timestamp": "2026-09-18T20:55:25.871884Z"}
Sep 18 17:55:25 fim-host fim-agent[39436]: {"event_id": "a1ec5a50-a050-4813-9256-91b7782fa430", "event": "publisher.queue_drained", "level": "info", "timestamp": "2026-09-18T20:55:25.875316Z"}
Sep 18 17:55:25 fim-host fim-agent[39436]: {"event_id": "c9a45bac-47fe-4629-9db2-92f02655c356", "event": "publisher.queue_drained", "level": "info", "timestamp": "2026-09-18T20:55:25.880090Z"}
Sep 18 17:55:25 fim-host fim-agent[39436]: {"event_id": "e62b3691-6675-4b93-b66e-373bc6acc7f8", "event": "publisher.event_acked", "level": "info", "timestamp": "2026-09-18T20:55:25.881599Z"}
Sep 18 17:55:25 fim-host fim-agent[39436]: {"event_id": "2f0c591d-105d-49be-82c7-dd8a2f3b1497", "event": "publisher.queue_drained", "level": "info", "timestamp": "2026-09-18T20:55:25.886517Z"}
Sep 18 17:55:25 fim-host fim-agent[39436]: {"event_id": "c203f660-1c6f-4d29-a633-e251de95cd40", "event": "publisher.queue_drained", "level": "info", "timestamp": "2026-09-18T20:55:25.890701Z"}
Sep 18 17:55:25 fim-host fim-agent[39436]: {"event_id": "33450fce-cccf-41ab-8fa4-6b76cc768cd0", "event": "publisher.queue_drained", "level": "info", "timestamp": "2026-09-18T20:55:25.895037Z"}
Sep 18 17:55:25 fim-host fim-agent[39436]: {"event_id": "de2283e8-1486-42db-87fd-53df9b5babdc", "event": "publisher.queue_drained", "level": "info", "timestamp": "2026-09-18T20:55:25.899033Z"}
Sep 18 17:55:25 fim-host fim-agent[39436]: {"event_id": "65cd265c-2654-4123-87ab-f1bfbf4d76a7", "event": "publisher.event_acked", "level": "info", "timestamp": "2026-09-18T20:55:25.900555Z"}
Sep 18 17:55:25 fim-host fim-agent[39436]: {"event_id": "0f15c061-ab21-459f-bb84-d2e18846bcb2", "event": "publisher.queue_drained", "level": "info", "timestamp": "2026-09-18T20:55:25.906539Z"}
Sep 18 17:55:25 fim-host fim-agent[39436]: {"event_id": "83c3760e-dd72-4d6a-895a-9c308ca12899", "event": "publisher.queue_drained", "level": "info", "timestamp": "2026-09-18T20:55:25.910110Z"}
Sep 18 17:55:25 fim-host fim-agent[39436]: {"event_id": "61b46267-8dd6-48eb-b671-9faf3279b46b", "event": "publisher.queue_drained", "level": "info", "timestamp": "2026-09-18T20:55:25.913814Z"}
Sep 18 17:55:25 fim-host fim-agent[39436]: {"event_id": "4a78d491-7d51-4159-a1bb-c48e1b8b90f1", "event": "publisher.queue_drained", "level": "info", "timestamp": "2026-09-18T20:55:25.917325Z"}
Sep 18 17:55:25 fim-host fim-agent[39436]: {"event_id": "ccda9d1a-b3f1-472b-94e5-9bbd82a5f1d6", "event": "publisher.event_acked", "level": "info", "timestamp": "2026-09-18T20:55:25.918824Z"}
Sep 18 17:55:25 fim-host fim-agent[39436]: {"event_id": "146c3be4-093a-4b16-b39c-fd8481d8a494", "event": "publisher.queue_drained", "level": "info", "timestamp": "2026-09-18T20:55:25.924422Z"}
Sep 18 17:55:25 fim-host fim-agent[39436]: {"event_id": "b17fb313-067f-41d7-a2db-ba6cd96d7066", "event": "publisher.queue_drained", "level": "info", "timestamp": "2026-09-18T20:55:25.928208Z"}
Sep 18 17:55:25 fim-host fim-agent[39436]: {"event_id": "4eef960b-143e-47fb-acd5-92c07d4fa339", "event": "publisher.queue_drained", "level": "info", "timestamp": "2026-09-18T20:55:25.931532Z"}
Sep 18 17:55:25 fim-host fim-agent[39436]: {"event_id": "b0f1021b-2d0f-46fe-94b2-c1edb62fa350", "event": "publisher.queue_drained", "level": "info", "timestamp": "2026-09-18T20:55:25.935057Z"}
Sep 18 17:55:25 fim-host fim-agent[39436]: {"event_id": "36301454-d7b5-4e49-9d17-e145029e0f42", "event": "publisher.queue_drained", "level": "info", "timestamp": "2026-09-18T20:55:25.939061Z"}
Sep 18 17:55:25 fim-host fim-agent[39436]: {"event_id": "faf8bfc1-3833-4bf9-9d06-36971424cc2a", "event": "publisher.event_acked", "level": "info", "timestamp": "2026-09-18T20:55:25.940519Z"}
Sep 18 17:55:25 fim-host fim-agent[39436]: {"event_id": "91a103a9-8c2d-4ccc-be28-ff42679394f0", "event": "publisher.queue_drained", "level": "info", "timestamp": "2026-09-18T20:55:25.946358Z"}
Sep 18 17:55:25 fim-host fim-agent[39436]: {"event_id": "a8954933-f9f1-4427-b0db-803367f06925", "event": "publisher.queue_drained", "level": "info", "timestamp": "2026-09-18T20:55:25.950014Z"}
Sep 18 17:55:25 fim-host fim-agent[39436]: {"event_id": "e0af2f18-34c6-4233-a997-895e111ab05e", "event": "publisher.queue_drained", "level": "info", "timestamp": "2026-09-18T20:55:25.953684Z"}
Sep 18 17:55:25 fim-host fim-agent[39436]: {"event_id": "11d1c3af-9af1-4792-86c0-aad90a98e253", "event": "publisher.queue_drained", "level": "info", "timestamp": "2026-09-18T20:55:25.957451Z"}
Sep 18 17:55:25 fim-host fim-agent[39436]: {"event_id": "ac0da94a-36c8-4824-9e4f-ad97c7f19aeb", "event": "publisher.event_acked", "level": "info", "timestamp": "2026-09-18T20:55:25.958602Z"}
Sep 18 17:55:25 fim-host fim-agent[39436]: {"event_id": "ba507b26-3389-49ba-be54-18e992298cab", "event": "publisher.queue_drained", "level": "info", "timestamp": "2026-09-18T20:55:25.964371Z"}
Sep 18 17:55:25 fim-host fim-agent[39436]: {"event_id": "add302f4-7387-4220-8cd4-e1764637fd8c", "event": "publisher.queue_drained", "level": "info", "timestamp": "2026-09-18T20:55:25.968307Z"}
Sep 18 17:55:25 fim-host fim-agent[39436]: {"event_id": "9f4c8d18-46e6-43fc-bd4d-fad3a2988965", "event": "publisher.queue_drained", "level": "info", "timestamp": "2026-09-18T20:55:25.973002Z"}
Sep 18 17:55:25 fim-host fim-agent[39436]: {"event_id": "d5e2b2fe-5963-45c9-afde-3b95fba46f29", "event": "publisher.event_acked", "level": "info", "timestamp": "2026-09-18T20:55:25.974376Z"}
Sep 18 17:55:25 fim-host fim-agent[39436]: {"event_id": "c514c74b-ee42-4205-9ca3-dccd58c3bc93", "event": "publisher.queue_drained", "level": "info", "timestamp": "2026-09-18T20:55:25.979890Z"}
Sep 18 17:55:25 fim-host fim-agent[39436]: {"event_id": "54b94c5b-ffca-490e-b97a-74ba3561d804", "event": "publisher.queue_drained", "level": "info", "timestamp": "2026-09-18T20:55:25.983965Z"}
Sep 18 17:55:25 fim-host fim-agent[39436]: {"event_id": "af1e4664-f4d8-44d1-914b-2a15a0142d44", "event": "publisher.queue_drained", "level": "info", "timestamp": "2026-09-18T20:55:25.987890Z"}
Sep 18 17:55:25 fim-host fim-agent[39436]: {"event_id": "9e2f35f7-b1f4-4923-a185-9b503c3dfc4c", "event": "publisher.queue_drained", "level": "info", "timestamp": "2026-09-18T20:55:25.991871Z"}
Sep 18 17:55:25 fim-host fim-agent[39436]: {"event_id": "6111c59c-5311-480f-84d0-2690d732d30a", "event": "publisher.event_acked", "level": "info", "timestamp": "2026-09-18T20:55:25.993092Z"}
Sep 18 17:55:25 fim-host fim-agent[39436]: {"event_id": "ce02f4bb-b94c-4d81-b9ca-5176b09c90d6", "event": "publisher.queue_drained", "level": "info", "timestamp": "2026-09-18T20:55:25.999073Z"}
Sep 18 17:55:26 fim-host fim-agent[39436]: {"event_id": "003d02a8-9180-4ef4-be44-a6cc1ae4691f", "event": "publisher.queue_drained", "level": "info", "timestamp": "2026-09-18T20:55:26.003238Z"}
Sep 18 17:55:26 fim-host fim-agent[39436]: {"event_id": "92f5e61d-b27a-4735-8a61-45abaa36c13e", "event": "publisher.queue_drained", "level": "info", "timestamp": "2026-09-18T20:55:26.007446Z"}
Sep 18 17:55:26 fim-host fim-agent[39436]: {"event_id": "7da8091e-0adf-41c2-99e9-7f3c2e67a843", "event": "publisher.event_acked", "level": "info", "timestamp": "2026-09-18T20:55:26.008896Z"}
Sep 18 17:55:26 fim-host fim-agent[39436]: {"event_id": "939cbd2e-db70-4e9f-871a-0822f3d2fd08", "event": "publisher.queue_drained", "level": "info", "timestamp": "2026-09-18T20:55:26.014404Z"}
Sep 18 17:55:26 fim-host fim-agent[39436]: {"event_id": "ea80c1c6-fe53-4895-ae16-fabbb1d2e962", "event": "publisher.queue_drained", "level": "info", "timestamp": "2026-09-18T20:55:26.018661Z"}
Sep 18 17:55:26 fim-host fim-agent[39436]: {"event_id": "dac2a05a-d026-4c01-ab76-69001dba155c", "event": "publisher.queue_drained", "level": "info", "timestamp": "2026-09-18T20:55:26.027106Z"}
Sep 18 17:55:26 fim-host fim-agent[39436]: {"event_id": "b09dd941-d481-4515-9615-977478c564ed", "event": "publisher.queue_drained", "level": "info", "timestamp": "2026-09-18T20:55:26.033304Z"}
Sep 18 17:55:26 fim-host fim-agent[39436]: {"event_id": "c3244433-9a5d-4203-b879-0f45f9af3fe2", "event": "publisher.event_acked", "level": "info", "timestamp": "2026-09-18T20:55:26.035642Z"}
Sep 18 17:55:26 fim-host fim-agent[39436]: {"event_id": "0c13d71c-f14c-4f9a-a4c4-c07f16444232", "event": "publisher.queue_drained", "level": "info", "timestamp": "2026-09-18T20:55:26.044517Z"}
Sep 18 17:55:26 fim-host fim-agent[39436]: {"event_id": "f8f00522-0c90-4fff-ada1-481a7ad54b7d", "event": "publisher.queue_drained", "level": "info", "timestamp": "2026-09-18T20:55:26.049996Z"}
Sep 18 17:55:26 fim-host fim-agent[39436]: {"event_id": "7eefcf84-7df5-4817-be79-9c28624f995d", "event": "publisher.queue_drained", "level": "info", "timestamp": "2026-09-18T20:55:26.053258Z"}
Sep 18 17:55:26 fim-host fim-agent[39436]: {"event_id": "9bd24ffe-7633-4592-a9f9-ab9593a0b830", "event": "publisher.event_acked", "level": "info", "timestamp": "2026-09-18T20:55:26.054320Z"}
Sep 18 17:55:26 fim-host fim-agent[39436]: {"event_id": "ec918588-fc31-4130-86fd-6b1e2719d662", "event": "publisher.queue_drained", "level": "info", "timestamp": "2026-09-18T20:55:26.058807Z"}
Sep 18 17:55:26 fim-host fim-agent[39436]: {"event_id": "28218a14-e5df-482b-8ef2-384d6dc162d7", "event": "publisher.queue_drained", "level": "info", "timestamp": "2026-09-18T20:55:26.062089Z"}
Sep 18 17:55:26 fim-host fim-agent[39436]: {"event_id": "4947700e-7a6e-4358-9364-ace413a5a4fc", "event": "publisher.queue_drained", "level": "info", "timestamp": "2026-09-18T20:55:26.065133Z"}
Sep 18 17:55:26 fim-host fim-agent[39436]: {"event_id": "15d08e39-e1ac-4394-9dad-9f07c629d50e", "event": "publisher.event_acked", "level": "info", "timestamp": "2026-09-18T20:55:26.066403Z"}
Sep 18 17:55:26 fim-host fim-agent[39436]: {"event_id": "b608f4bd-af4f-4067-b8c3-4d733606c80d", "event": "publisher.queue_drained", "level": "info", "timestamp": "2026-09-18T20:55:26.071374Z"}
Sep 18 17:55:26 fim-host fim-agent[39436]: {"event_id": "ca53e209-56c8-4a7e-b6ef-8dde50a437e3", "event": "publisher.queue_drained", "level": "info", "timestamp": "2026-09-18T20:55:26.074939Z"}
Sep 18 17:55:26 fim-host fim-agent[39436]: {"event_id": "37b13493-794e-4019-ae51-784344d24645", "event": "publisher.event_acked", "level": "info", "timestamp": "2026-09-18T20:55:26.076127Z"}
Sep 18 17:55:26 fim-host fim-agent[39436]: {"event_id": "c8ea31c3-96a8-4502-b244-c6ef7cea7711", "event": "publisher.queue_drained", "level": "info", "timestamp": "2026-09-18T20:55:26.081060Z"}
Sep 18 17:55:26 fim-host fim-agent[39436]: {"event_id": "03698cff-6e25-4a38-af16-8c168b92befd", "event": "publisher.queue_drained", "level": "info", "timestamp": "2026-09-18T20:55:26.084210Z"}
Sep 18 17:55:26 fim-host fim-agent[39436]: {"event_id": "009b572b-3768-4c26-8f2b-d60b925f3763", "event": "publisher.event_acked", "level": "info", "timestamp": "2026-09-18T20:55:26.085485Z"}
Sep 18 17:55:26 fim-host fim-agent[39436]: {"event_id": "283bbfda-1e11-427a-9046-439e9d760074", "event": "publisher.queue_drained", "level": "info", "timestamp": "2026-09-18T20:55:26.090846Z"}
Sep 18 17:55:26 fim-host fim-agent[39436]: {"event_id": "ecd6d072-0f79-4540-9eef-216152f3a614", "event": "publisher.queue_drained", "level": "info", "timestamp": "2026-09-18T20:55:26.094261Z"}
Sep 18 17:55:26 fim-host fim-agent[39436]: {"event_id": "7ce408f4-f99a-439c-9987-761dd378029b", "event": "publisher.event_acked", "level": "info", "timestamp": "2026-09-18T20:55:26.095697Z"}
Sep 18 17:55:26 fim-host fim-agent[39436]: {"event_id": "23925552-02bb-439d-a9d3-56ab9d2aaa72", "event": "publisher.queue_drained", "level": "info", "timestamp": "2026-09-18T20:55:26.104771Z"}
Sep 18 17:55:26 fim-host fim-agent[39436]: {"event_id": "f1176c04-0901-41fe-964e-ec1487ba965d", "event": "publisher.queue_drained", "level": "info", "timestamp": "2026-09-18T20:55:26.110332Z"}
Sep 18 17:55:26 fim-host fim-agent[39436]: {"event_id": "b714e88f-83fb-400a-b51e-acbc5f70fb05", "event": "publisher.event_acked", "level": "info", "timestamp": "2026-09-18T20:55:26.112033Z"}
Sep 18 17:55:26 fim-host fim-agent[39436]: {"event_id": "c56b451e-a81e-47ff-80c7-e42cb251162d", "event": "publisher.queue_drained", "level": "info", "timestamp": "2026-09-18T20:55:26.117522Z"}
Sep 18 17:55:26 fim-host fim-agent[39436]: {"event_id": "314d6ecc-363e-48b0-9afe-cafe851f224f", "event": "publisher.queue_drained", "level": "info", "timestamp": "2026-09-18T20:55:26.121383Z"}
Sep 18 17:55:26 fim-host fim-agent[39436]: {"event_id": "9abf8a26-ed3a-4827-a8b5-6df22d1a5957", "event": "publisher.queue_drained", "level": "info", "timestamp": "2026-09-18T20:55:26.124787Z"}
Sep 18 17:55:26 fim-host fim-agent[39436]: {"event_id": "1eae2f60-047a-489f-ba1a-1cf4999c3d09", "event": "publisher.event_acked", "level": "info", "timestamp": "2026-09-18T20:55:26.126192Z"}
Sep 18 17:55:26 fim-host fim-agent[39436]: {"event_id": "b1712b65-a249-44f0-9152-ddac229250a9", "event": "publisher.queue_drained", "level": "info", "timestamp": "2026-09-18T20:55:26.139007Z"}
Sep 18 17:55:26 fim-host fim-agent[39436]: {"event_id": "a34fecdd-fa29-4c43-9fbd-736d4d03cde5", "event": "publisher.event_acked", "level": "info", "timestamp": "2026-09-18T20:55:26.140469Z"}
Sep 18 17:55:26 fim-host fim-agent[39436]: {"event_id": "e02e5eb9-599d-48c7-8c71-9b257cf95499", "event": "publisher.queue_drained", "level": "info", "timestamp": "2026-09-18T20:55:26.146084Z"}
Sep 18 17:55:26 fim-host fim-agent[39436]: {"event_id": "251485d4-5ae3-42fb-9752-a9acf2c0cf20", "event": "publisher.queue_drained", "level": "info", "timestamp": "2026-09-18T20:55:26.149646Z"}
Sep 18 17:55:26 fim-host fim-agent[39436]: {"event_id": "d35c9f21-99c6-4769-9b8f-f7958d3b6020", "event": "publisher.event_acked", "level": "info", "timestamp": "2026-09-18T20:55:26.150767Z"}
Sep 18 17:55:26 fim-host fim-agent[39436]: {"event_id": "774cc63f-e3ec-470a-be0b-04f40976794c", "event": "publisher.queue_drained", "level": "info", "timestamp": "2026-09-18T20:55:26.156055Z"}
Sep 18 17:55:26 fim-host fim-agent[39436]: {"event_id": "7508791a-2072-48bc-96ea-2562b952fd28", "event": "publisher.queue_drained", "level": "info", "timestamp": "2026-09-18T20:55:26.160291Z"}
Sep 18 17:55:26 fim-host fim-agent[39436]: {"event_id": "6e957a2f-2788-4380-b01a-7ee57b8af3a4", "event": "publisher.event_acked", "level": "info", "timestamp": "2026-09-18T20:55:26.161288Z"}
Sep 18 17:55:26 fim-host fim-agent[39436]: {"event_id": "ed756e74-c6cd-49c0-8203-da0a68742dd9", "event": "publisher.queue_drained", "level": "info", "timestamp": "2026-09-18T20:55:26.166130Z"}
Sep 18 17:55:26 fim-host fim-agent[39436]: {"event_id": "3d9cea1a-3223-4e5d-82e0-7cfc70af8884", "event": "publisher.queue_drained", "level": "info", "timestamp": "2026-09-18T20:55:26.169628Z"}
Sep 18 17:55:26 fim-host fim-agent[39436]: {"event_id": "445bae81-9e80-45bc-bee8-50fe3f3c5246", "event": "publisher.event_acked", "level": "info", "timestamp": "2026-09-18T20:55:26.170778Z"}
Sep 18 17:55:26 fim-host fim-agent[39436]: {"event_id": "512834f9-ab64-41c1-904e-2c63c67303c3", "event": "publisher.queue_drained", "level": "info", "timestamp": "2026-09-18T20:55:26.175733Z"}
Sep 18 17:55:26 fim-host fim-agent[39436]: {"event_id": "51e42ba4-8dd6-4e1b-8a54-1f5a27487c53", "event": "publisher.queue_drained", "level": "info", "timestamp": "2026-09-18T20:55:26.178989Z"}
Sep 18 17:55:26 fim-host fim-agent[39436]: {"event_id": "acb20372-95dd-480d-a17e-6d68841066bc", "event": "publisher.queue_drained", "level": "info", "timestamp": "2026-09-18T20:55:26.182211Z"}
Sep 18 17:55:26 fim-host fim-agent[39436]: {"event_id": "6b84ae47-0e99-4df4-9a0c-75089d0c38d0", "event": "publisher.event_acked", "level": "info", "timestamp": "2026-09-18T20:55:26.183230Z"}
Sep 18 17:55:26 fim-host fim-agent[39436]: {"event_id": "320a3c6d-32a1-4d25-bd5f-4d7fe93366f5", "event": "publisher.queue_drained", "level": "info", "timestamp": "2026-09-18T20:55:26.188154Z"}
Sep 18 17:55:26 fim-host fim-agent[39436]: {"event_id": "5a9a8b9e-788d-4913-ac62-abb3ed3b9f86", "event": "publisher.queue_drained", "level": "info", "timestamp": "2026-09-18T20:55:26.191878Z"}
Sep 18 17:55:26 fim-host fim-agent[39436]: {"event_id": "2feac3a1-b42f-429d-b947-9d99a813d6ca", "event": "publisher.event_acked", "level": "info", "timestamp": "2026-09-18T20:55:26.193124Z"}
Sep 18 17:55:26 fim-host fim-agent[39436]: {"event_id": "f7dce6e4-1888-4ced-bf32-eb0f41fdb8d4", "event": "publisher.queue_drained", "level": "info", "timestamp": "2026-09-18T20:55:26.198049Z"}
Sep 18 17:55:26 fim-host fim-agent[39436]: {"event_id": "d2ccb083-e3b0-4338-9f89-659025dc84f9", "event": "publisher.queue_drained", "level": "info", "timestamp": "2026-09-18T20:55:26.201221Z"}
Sep 18 17:55:26 fim-host fim-agent[39436]: {"event_id": "a71cfc10-9559-4bc1-af8a-10778249985b", "event": "publisher.queue_drained", "level": "info", "timestamp": "2026-09-18T20:55:26.204985Z"}
Sep 18 17:55:26 fim-host fim-agent[39436]: {"event_id": "bfaf3659-0431-4c27-a78d-3c1964f5bbeb", "event": "publisher.event_acked", "level": "info", "timestamp": "2026-09-18T20:55:26.206199Z"}
Sep 18 17:55:26 fim-host fim-agent[39436]: {"event_id": "780573f7-c743-4ff2-b1e7-2e3ebbb32563", "event": "publisher.queue_drained", "level": "info", "timestamp": "2026-09-18T20:55:26.211284Z"}
Sep 18 17:55:26 fim-host fim-agent[39436]: {"event_id": "9da1aa93-1439-4387-b54c-b503c60f6bf7", "event": "publisher.queue_drained", "level": "info", "timestamp": "2026-09-18T20:55:26.215095Z"}
Sep 18 17:55:26 fim-host fim-agent[39436]: {"event_id": "08d70611-d5fc-44cf-b9f5-22fb792efd83", "event": "publisher.event_acked", "level": "info", "timestamp": "2026-09-18T20:55:26.216411Z"}
Sep 18 17:55:26 fim-host fim-agent[39436]: {"event_id": "1b5f6dc6-42a7-47ba-a1df-10bb8c315b81", "event": "publisher.queue_drained", "level": "info", "timestamp": "2026-09-18T20:55:26.221841Z"}
Sep 18 17:55:26 fim-host fim-agent[39436]: {"event_id": "91bb5988-e075-455e-ac7b-b48d3d88cd08", "event": "publisher.queue_drained", "level": "info", "timestamp": "2026-09-18T20:55:26.225263Z"}
Sep 18 17:55:26 fim-host fim-agent[39436]: {"event_id": "a0c95b90-b771-4377-91eb-9067576602bd", "event": "publisher.event_acked", "level": "info", "timestamp": "2026-09-18T20:55:26.226509Z"}
Sep 18 17:55:26 fim-host fim-agent[39436]: {"event_id": "cd21f11b-88be-41c7-b036-9a8f864f10d3", "event": "publisher.queue_drained", "level": "info", "timestamp": "2026-09-18T20:55:26.232015Z"}
Sep 18 17:55:26 fim-host fim-agent[39436]: {"event_id": "9ce80966-b581-4334-8b43-83342c2c6811", "event": "publisher.queue_drained", "level": "info", "timestamp": "2026-09-18T20:55:26.235786Z"}
Sep 18 17:55:26 fim-host fim-agent[39436]: {"event_id": "7d0130f4-3c94-447d-ba8a-63654da7468f", "event": "publisher.event_acked", "level": "info", "timestamp": "2026-09-18T20:55:26.237336Z"}
Sep 18 17:55:26 fim-host fim-agent[39436]: {"event_id": "6e43a65d-241a-4147-8276-e9ceaa07b969", "event": "publisher.queue_drained", "level": "info", "timestamp": "2026-09-18T20:55:26.243157Z"}
Sep 18 17:55:26 fim-host fim-agent[39436]: {"event_id": "59fa66d2-0bfd-4d36-8213-11e7cec78c84", "event": "publisher.queue_drained", "level": "info", "timestamp": "2026-09-18T20:55:26.247355Z"}
Sep 18 17:55:26 fim-host fim-agent[39436]: {"event_id": "ef2809ce-62ea-4e7e-a09d-9a1261ab42b4", "event": "publisher.queue_drained", "level": "info", "timestamp": "2026-09-18T20:55:26.251443Z"}
Sep 18 17:55:26 fim-host fim-agent[39436]: {"event_id": "276636b7-8cd5-4acb-9a14-ab3275dd5815", "event": "publisher.event_acked", "level": "info", "timestamp": "2026-09-18T20:55:26.253238Z"}
Sep 18 17:55:26 fim-host fim-agent[39436]: {"event_id": "b489dcf7-ea18-4f70-ae20-a5a3fea26006", "event": "publisher.queue_drained", "level": "info", "timestamp": "2026-09-18T20:55:26.258476Z"}
Sep 18 17:55:26 fim-host fim-agent[39436]: {"event_id": "9af7ba93-5ecd-458b-8116-cae98e64be05", "event": "publisher.queue_drained", "level": "info", "timestamp": "2026-09-18T20:55:26.262041Z"}
Sep 18 17:55:26 fim-host fim-agent[39436]: {"event_id": "44608f66-abc8-4c27-849a-e7d712f957a0", "event": "publisher.event_acked", "level": "info", "timestamp": "2026-09-18T20:55:26.263570Z"}
Sep 18 17:55:26 fim-host fim-agent[39436]: {"event_id": "07fbcbcb-0e53-46d4-9757-ffa63825961d", "event": "publisher.queue_drained", "level": "info", "timestamp": "2026-09-18T20:55:26.268656Z"}
Sep 18 17:55:26 fim-host fim-agent[39436]: {"event_id": "025185ad-b519-4e71-b037-8fed92d62d2f", "event": "publisher.queue_drained", "level": "info", "timestamp": "2026-09-18T20:55:26.272450Z"}
Sep 18 17:55:26 fim-host fim-agent[39436]: {"event_id": "9438ab09-1898-453b-afc0-3186a7de8a2e", "event": "publisher.queue_drained", "level": "info", "timestamp": "2026-09-18T20:55:26.276239Z"}
Sep 18 17:55:26 fim-host fim-agent[39436]: {"event_id": "5ab65e08-eac3-4527-9e52-bacec17b5a47", "event": "publisher.event_acked", "level": "info", "timestamp": "2026-09-18T20:55:26.277686Z"}
Sep 18 17:55:26 fim-host fim-agent[39436]: {"event_id": "0365075a-dbff-4541-ad8e-c70f7bdd8d00", "event": "publisher.queue_drained", "level": "info", "timestamp": "2026-09-18T20:55:26.282772Z"}
Sep 18 17:55:26 fim-host fim-agent[39436]: {"event_id": "77c69524-ec01-4d1c-86f6-6c65130a3408", "event": "publisher.queue_drained", "level": "info", "timestamp": "2026-09-18T20:55:26.286049Z"}
Sep 18 17:55:26 fim-host fim-agent[39436]: {"event_id": "b894001b-ec26-4f2c-b4fd-080d67ea79b5", "event": "publisher.queue_drained", "level": "info", "timestamp": "2026-09-18T20:55:26.289294Z"}
Sep 18 17:55:26 fim-host fim-agent[39436]: {"event_id": "0370b5b1-abe2-4711-b4bf-b6f87b9f734b", "event": "publisher.event_acked", "level": "info", "timestamp": "2026-09-18T20:55:26.290678Z"}
Sep 18 17:55:26 fim-host fim-agent[39436]: {"event_id": "72148086-a571-4bcd-9ff8-0df93256c91a", "event": "publisher.queue_drained", "level": "info", "timestamp": "2026-09-18T20:55:26.294973Z"}
Sep 18 17:55:26 fim-host fim-agent[39436]: {"event_id": "247f845a-f438-4008-ab08-e9113f6f665f", "event": "publisher.queue_drained", "level": "info", "timestamp": "2026-09-18T20:55:26.298427Z"}
Sep 18 17:55:26 fim-host fim-agent[39436]: {"event_id": "6cd99160-f8da-4605-b303-1fcf8dff7bbf", "event": "publisher.queue_drained", "level": "info", "timestamp": "2026-09-18T20:55:26.301490Z"}
Sep 18 17:55:26 fim-host fim-agent[39436]: {"event_id": "dd5bbb86-e0f2-4f4c-8a36-3fc0c186661e", "event": "publisher.event_acked", "level": "info", "timestamp": "2026-09-18T20:55:26.303207Z"}
Sep 18 17:55:26 fim-host fim-agent[39436]: {"event_id": "406c9179-167d-441f-95c5-5a0febb90fd6", "event": "publisher.queue_drained", "level": "info", "timestamp": "2026-09-18T20:55:26.308281Z"}
Sep 18 17:55:26 fim-host fim-agent[39436]: {"event_id": "ba328653-4cb5-4e1c-95cb-ec301671b9ed", "event": "publisher.queue_drained", "level": "info", "timestamp": "2026-09-18T20:55:26.311375Z"}
Sep 18 17:55:26 fim-host fim-agent[39436]: {"event_id": "af47a1c6-fd64-43a8-9f04-32e7eaa57787", "event": "publisher.queue_drained", "level": "info", "timestamp": "2026-09-18T20:55:26.314602Z"}
Sep 18 17:55:26 fim-host fim-agent[39436]: {"event_id": "bbc3469b-cd71-4b9a-9ba7-be9ef0549752", "event": "publisher.event_acked", "level": "info", "timestamp": "2026-09-18T20:55:26.316254Z"}
Sep 18 17:55:26 fim-host fim-agent[39436]: {"event_id": "0bfc2370-435c-4de5-ba49-51497dccc096", "event": "publisher.queue_drained", "level": "info", "timestamp": "2026-09-18T20:55:26.321531Z"}
Sep 18 17:55:26 fim-host fim-agent[39436]: {"event_id": "9a8a3e4f-7727-4e54-a851-05b96a6172c0", "event": "publisher.queue_drained", "level": "info", "timestamp": "2026-09-18T20:55:26.324557Z"}
Sep 18 17:55:26 fim-host fim-agent[39436]: {"event_id": "d6a8020b-af9c-42a0-be17-fdc3733f00c6", "event": "publisher.event_acked", "level": "info", "timestamp": "2026-09-18T20:55:26.325698Z"}
Sep 18 17:55:26 fim-host fim-agent[39436]: {"event_id": "36042765-df8f-45cd-a155-6191c7a5d8ce", "event": "publisher.queue_drained", "level": "info", "timestamp": "2026-09-18T20:55:26.330978Z"}
Sep 18 17:55:26 fim-host fim-agent[39436]: {"event_id": "57ef6bc4-88d2-4e2e-86f3-72613e61e09c", "event": "publisher.queue_drained", "level": "info", "timestamp": "2026-09-18T20:55:26.334659Z"}
Sep 18 17:55:26 fim-host fim-agent[39436]: {"event_id": "9c0b8929-4340-41c5-a63b-657baa92d398", "event": "publisher.event_acked", "level": "info", "timestamp": "2026-09-18T20:55:26.336216Z"}
Sep 18 17:55:26 fim-host fim-agent[39436]: {"event_id": "9c0c3c43-ff3c-426e-b97d-c120046dd1b5", "event": "publisher.queue_drained", "level": "info", "timestamp": "2026-09-18T20:55:26.342907Z"}
Sep 18 17:55:26 fim-host fim-agent[39436]: {"event_id": "4b7aaf7e-613a-4482-ae4a-dad6ee5eace3", "event": "publisher.queue_drained", "level": "info", "timestamp": "2026-09-18T20:55:26.346312Z"}
Sep 18 17:55:26 fim-host fim-agent[39436]: {"event_id": "32db9b41-f27c-4039-8987-92e7cca867ea", "event": "publisher.queue_drained", "level": "info", "timestamp": "2026-09-18T20:55:26.349918Z"}
Sep 18 17:55:26 fim-host fim-agent[39436]: {"event_id": "72abfb16-5104-43d4-81ec-3aa186d1f695", "event": "publisher.event_acked", "level": "info", "timestamp": "2026-09-18T20:55:26.351515Z"}
Sep 18 17:55:26 fim-host fim-agent[39436]: {"event_id": "47207183-060e-4b78-8d82-985d28a16ec7", "event": "publisher.queue_drained", "level": "info", "timestamp": "2026-09-18T20:55:26.357571Z"}
Sep 18 17:55:26 fim-host fim-agent[39436]: {"event_id": "cefecab1-b8ad-4b38-8033-38febefd3432", "event": "publisher.queue_drained", "level": "info", "timestamp": "2026-09-18T20:55:26.361141Z"}
Sep 18 17:55:26 fim-host fim-agent[39436]: {"event_id": "f3a77782-df97-4425-8ca4-41b6c1b3fe86", "event": "publisher.event_acked", "level": "info", "timestamp": "2026-09-18T20:55:26.362706Z"}
Sep 18 17:55:26 fim-host fim-agent[39436]: {"event_id": "61fb6570-1b3f-4114-b3fc-f78736a48882", "event": "publisher.queue_drained", "level": "info", "timestamp": "2026-09-18T20:55:26.367569Z"}
Sep 18 17:55:26 fim-host fim-agent[39436]: {"event_id": "0f7a7876-4212-48bb-bf05-0c2fc6e3ac1d", "event": "publisher.queue_drained", "level": "info", "timestamp": "2026-09-18T20:55:26.371720Z"}
Sep 18 17:55:26 fim-host fim-agent[39436]: {"event_id": "cf7a8896-d93a-4784-a463-158ef210090f", "event": "publisher.event_acked", "level": "info", "timestamp": "2026-09-18T20:55:26.373238Z"}
Sep 18 17:55:26 fim-host fim-agent[39436]: {"event_id": "6614fedf-96cb-418b-a4dc-985b3308a081", "event": "publisher.queue_drained", "level": "info", "timestamp": "2026-09-18T20:55:26.378185Z"}
Sep 18 17:55:26 fim-host fim-agent[39436]: {"event_id": "3a705024-280d-423d-aba6-11cf209c8b60", "event": "publisher.queue_drained", "level": "info", "timestamp": "2026-09-18T20:55:26.382993Z"}
Sep 18 17:55:26 fim-host fim-agent[39436]: {"event_id": "0ff86a2b-1201-460e-8a43-386c8a3ba597", "event": "publisher.event_acked", "level": "info", "timestamp": "2026-09-18T20:55:26.384149Z"}
Sep 18 17:55:26 fim-host fim-agent[39436]: {"event_id": "6c289650-f294-4f08-b1b0-64eb6c993b3a", "event": "publisher.queue_drained", "level": "info", "timestamp": "2026-09-18T20:55:26.388690Z"}
Sep 18 17:55:26 fim-host fim-agent[39436]: {"event_id": "c1ce4a00-ffa5-4999-acee-c4cac9c0bcdc", "event": "publisher.queue_drained", "level": "info", "timestamp": "2026-09-18T20:55:26.392103Z"}
Sep 18 17:55:26 fim-host fim-agent[39436]: {"event_id": "80c44836-41e3-4b30-9f97-888b4d63194b", "event": "publisher.queue_drained", "level": "info", "timestamp": "2026-09-18T20:55:26.395001Z"}
Sep 18 17:55:26 fim-host fim-agent[39436]: {"event_id": "dbb5f289-0344-44f3-923a-feeab7658870", "event": "publisher.event_acked", "level": "info", "timestamp": "2026-09-18T20:55:26.396509Z"}
Sep 18 17:55:26 fim-host fim-agent[39436]: {"event_id": "5e612c4e-d448-4c07-a3b5-4f4a432cfecf", "event": "publisher.queue_drained", "level": "info", "timestamp": "2026-09-18T20:55:26.401570Z"}
Sep 18 17:55:26 fim-host fim-agent[39436]: {"event_id": "5c353ba4-a281-4c86-8506-88c4006fe01a", "event": "publisher.queue_drained", "level": "info", "timestamp": "2026-09-18T20:55:26.405111Z"}
Sep 18 17:55:26 fim-host fim-agent[39436]: {"event_id": "258e4c8c-1d58-45e4-936d-4b904a7f86ca", "event": "publisher.event_acked", "level": "info", "timestamp": "2026-09-18T20:55:26.406219Z"}
Sep 18 17:55:26 fim-host fim-agent[39436]: {"event_id": "f22fd29e-8285-4915-9945-8c761f777396", "event": "publisher.queue_drained", "level": "info", "timestamp": "2026-09-18T20:55:26.410829Z"}
Sep 18 17:55:26 fim-host fim-agent[39436]: {"event_id": "79d84e4f-8339-47ee-9174-a07f17d986ca", "event": "publisher.queue_drained", "level": "info", "timestamp": "2026-09-18T20:55:26.414092Z"}
Sep 18 17:55:26 fim-host fim-agent[39436]: {"event_id": "04c1348e-b542-471d-a7e3-2e5b8552990d", "event": "publisher.event_acked", "level": "info", "timestamp": "2026-09-18T20:55:26.415498Z"}
Sep 18 17:55:26 fim-host fim-agent[39436]: {"event_id": "f14d69e7-a9ae-4bc8-bb6e-5482bd4252e2", "event": "publisher.queue_drained", "level": "info", "timestamp": "2026-09-18T20:55:26.420196Z"}
Sep 18 17:55:26 fim-host fim-agent[39436]: {"event_id": "5ef7ec6b-0659-40c6-aa4c-e7e4f069f660", "event": "publisher.queue_drained", "level": "info", "timestamp": "2026-09-18T20:55:26.423693Z"}
Sep 18 17:55:26 fim-host fim-agent[39436]: {"event_id": "e30ca11a-7303-4ba7-ac44-765ca8ed67de", "event": "publisher.queue_drained", "level": "info", "timestamp": "2026-09-18T20:55:26.426530Z"}
Sep 18 17:55:26 fim-host fim-agent[39436]: {"event_id": "0993885c-f807-448d-b7b4-4a35c8963873", "event": "publisher.queue_drained", "level": "info", "timestamp": "2026-09-18T20:55:26.429750Z"}
Sep 18 17:55:26 fim-host fim-agent[39436]: {"event_id": "532265e3-7fc8-412f-892c-cc03286e5c15", "event": "publisher.event_acked", "level": "info", "timestamp": "2026-09-18T20:55:26.431026Z"}
Sep 18 17:55:26 fim-host fim-agent[39436]: {"event_id": "78398be7-5790-4778-abdb-322330a0874b", "event": "publisher.queue_drained", "level": "info", "timestamp": "2026-09-18T20:55:26.435980Z"}
Sep 18 17:55:26 fim-host fim-agent[39436]: {"event_id": "eb530a7c-2beb-43cd-8f8a-d1c912849fb5", "event": "publisher.queue_drained", "level": "info", "timestamp": "2026-09-18T20:55:26.439285Z"}
Sep 18 17:55:26 fim-host fim-agent[39436]: {"event_id": "b5af5ad2-b35c-49b2-9e8a-0738996e7117", "event": "publisher.queue_drained", "level": "info", "timestamp": "2026-09-18T20:55:26.442123Z"}
Sep 18 17:55:26 fim-host fim-agent[39436]: {"event_id": "e4ccda82-3924-44ad-b3d7-3904b191b755", "event": "publisher.event_acked", "level": "info", "timestamp": "2026-09-18T20:55:26.443335Z"}
Sep 18 17:55:26 fim-host fim-agent[39436]: {"event_id": "efbc26fe-5891-4c03-b06f-2e8806239a63", "event": "publisher.queue_drained", "level": "info", "timestamp": "2026-09-18T20:55:26.449034Z"}
Sep 18 17:55:26 fim-host fim-agent[39436]: {"event_id": "677db8c3-500c-4b67-9da4-83682d91d458", "event": "publisher.queue_drained", "level": "info", "timestamp": "2026-09-18T20:55:26.452078Z"}
Sep 18 17:55:26 fim-host fim-agent[39436]: {"event_id": "2b299ad6-e3e0-4023-aa09-3241f778e4f9", "event": "publisher.event_acked", "level": "info", "timestamp": "2026-09-18T20:55:26.453504Z"}
Sep 18 17:55:26 fim-host fim-agent[39436]: {"event_id": "f6853f67-480d-4eeb-8b19-3ed2e7246f8b", "event": "publisher.queue_drained", "level": "info", "timestamp": "2026-09-18T20:55:26.459071Z"}
Sep 18 17:55:26 fim-host fim-agent[39436]: {"event_id": "cbc05c19-302d-4634-a4a7-662312b88cee", "event": "publisher.queue_drained", "level": "info", "timestamp": "2026-09-18T20:55:26.462638Z"}
Sep 18 17:55:26 fim-host fim-agent[39436]: {"event_id": "56a9127d-4870-4d0c-87d7-6243558826fb", "event": "publisher.queue_drained", "level": "info", "timestamp": "2026-09-18T20:55:26.466644Z"}
Sep 18 17:55:26 fim-host fim-agent[39436]: {"event_id": "ca1a8511-bbe1-4e9e-a69d-743caa2c13e9", "event": "publisher.event_acked", "level": "info", "timestamp": "2026-09-18T20:55:26.467906Z"}
Sep 18 17:55:26 fim-host fim-agent[39436]: {"event_id": "02dbc072-3309-4134-bcd8-645c02bf0138", "event": "publisher.queue_drained", "level": "info", "timestamp": "2026-09-18T20:55:26.473523Z"}
Sep 18 17:55:26 fim-host fim-agent[39436]: {"event_id": "116c29fb-5fd7-473d-876d-c7ff65b05bd0", "event": "publisher.queue_drained", "level": "info", "timestamp": "2026-09-18T20:55:26.477123Z"}
Sep 18 17:55:26 fim-host fim-agent[39436]: {"event_id": "4c6dfe23-c219-444a-bb6a-5d75d1d9fa6e", "event": "publisher.queue_drained", "level": "info", "timestamp": "2026-09-18T20:55:26.480091Z"}
Sep 18 17:55:26 fim-host fim-agent[39436]: {"event_id": "9c21bf4e-29ae-4ffd-8563-93485a08daec", "event": "publisher.queue_drained", "level": "info", "timestamp": "2026-09-18T20:55:26.483191Z"}
Sep 18 17:55:26 fim-host fim-agent[39436]: {"event_id": "2c26a3ab-c956-4873-8152-c2b53b70951d", "reason": "rate_limited", "retry_after": 58.447464333003154, "event": "publisher.event_nack_retainable", "level": "info", "timestamp": "2026-09-18T20:55:26.484285Z"}
Sep 18 17:55:26 fim-host fim-agent[39436]: {"event_id": "9f33d80e-1f76-4330-86d5-4df9adee1a9c", "event": "publisher.queue_drained", "level": "info", "timestamp": "2026-09-18T20:55:26.489097Z"}
Sep 18 17:55:26 fim-host fim-agent[39436]: {"event_id": "ec76883a-6b56-46cd-8908-a3222a954e52", "reason": "rate_limited", "retry_after": 58.438894377002725, "event": "publisher.event_nack_retainable", "level": "info", "timestamp": "2026-09-18T20:55:26.491882Z"}
Sep 18 17:55:26 fim-host fim-agent[39436]: {"event_id": "6ba126ef-c488-471f-8c75-352bb30d9533", "reason": "rate_limited", "retry_after": 58.42785976099549, "event": "publisher.event_nack_retainable", "level": "info", "timestamp": "2026-09-18T20:55:26.502927Z"}
Sep 18 17:55:26 fim-host fim-agent[39436]: {"event_id": "96d50bd6-91e9-484f-a8ba-079821c81771", "reason": "rate_limited", "retry_after": 58.41710515000159, "event": "publisher.event_nack_retainable", "level": "info", "timestamp": "2026-09-18T20:55:26.513902Z"}
Sep 18 17:55:26 fim-host fim-agent[39436]: {"event_id": "af13fc29-8fba-42a1-bacb-0d1479bcb78e", "reason": "rate_limited", "retry_after": 58.40431573300157, "event": "publisher.event_nack_retainable", "level": "info", "timestamp": "2026-09-18T20:55:26.526834Z"}
Sep 18 17:55:26 fim-host fim-agent[39436]: {"event_id": "bc9726ed-5a06-400c-8aa3-543a4edf911b", "reason": "rate_limited", "retry_after": 58.391740897001, "event": "publisher.event_nack_retainable", "level": "info", "timestamp": "2026-09-18T20:55:26.539357Z"}
Sep 18 17:55:26 fim-host fim-agent[39436]: {"event_id": "6f10b524-c4a7-4431-99d1-ee88a94b0eb7", "reason": "rate_limited", "retry_after": 58.37881223000295, "event": "publisher.event_nack_retainable", "level": "info", "timestamp": "2026-09-18T20:55:26.552371Z"}
Sep 18 17:55:26 fim-host fim-agent[39436]: {"event_id": "03836dd4-6e19-4133-95f1-c2c4ce2fb7c2", "reason": "rate_limited", "retry_after": 58.36613184699672, "event": "publisher.event_nack_retainable", "level": "info", "timestamp": "2026-09-18T20:55:26.565143Z"}
Sep 18 17:55:26 fim-host fim-agent[39436]: {"event_id": "9a584af7-20ac-46c6-87cc-262824a523bc", "reason": "rate_limited", "retry_after": 58.35249295200629, "event": "publisher.event_nack_retainable", "level": "info", "timestamp": "2026-09-18T20:55:26.578939Z"}
Sep 18 17:55:26 fim-host fim-agent[39436]: {"event_id": "5fc84cd4-24c8-4877-ac6e-549d5ab3e701", "reason": "rate_limited", "retry_after": 58.33750796900131, "event": "publisher.event_nack_retainable", "level": "info", "timestamp": "2026-09-18T20:55:26.593899Z"}
Sep 18 17:55:26 fim-host fim-agent[39436]: {"event_id": "88305dae-f6b4-4db1-bb90-c79b27693ccd", "reason": "rate_limited", "retry_after": 58.32411515399872, "event": "publisher.event_nack_retainable", "level": "info", "timestamp": "2026-09-18T20:55:26.607356Z"}
Sep 18 17:55:26 fim-host fim-agent[39436]: {"event_id": "1f287b1d-795b-4241-b3f6-2f06950e4449", "reason": "rate_limited", "retry_after": 58.310882268007845, "event": "publisher.event_nack_retainable", "level": "info", "timestamp": "2026-09-18T20:55:26.620473Z"}
Sep 18 17:55:26 fim-host fim-agent[39436]: {"event_id": "f5b01c4f-08cc-4e98-b5a4-95095c0bbed8", "reason": "rate_limited", "retry_after": 58.2992718660098, "event": "publisher.event_nack_retainable", "level": "info", "timestamp": "2026-09-18T20:55:26.631814Z"}
Sep 18 17:55:26 fim-host fim-agent[39436]: {"event_id": "e8e266bf-58cb-4985-9cc0-5b00677d9d9f", "reason": "rate_limited", "retry_after": 58.287527533000684, "event": "publisher.event_nack_retainable", "level": "info", "timestamp": "2026-09-18T20:55:26.643659Z"}
Sep 18 17:55:26 fim-host fim-agent[39436]: {"event_id": "2d9243b9-ec17-4a9e-8845-1d12235ea51b", "reason": "rate_limited", "retry_after": 58.27496521100693, "event": "publisher.event_nack_retainable", "level": "info", "timestamp": "2026-09-18T20:55:26.656316Z"}
Sep 18 17:55:26 fim-host fim-agent[39436]: {"event_id": "a137280d-f38d-438f-b4e3-50ecfe9d2f05", "reason": "rate_limited", "retry_after": 58.261783080000896, "event": "publisher.event_nack_retainable", "level": "info", "timestamp": "2026-09-18T20:55:26.669493Z"}
Sep 18 17:55:26 fim-host fim-agent[39436]: {"event_id": "8e6c025b-3af5-47cd-a4db-fc9e6e348bd7", "reason": "rate_limited", "retry_after": 58.24818033199699, "event": "publisher.event_nack_retainable", "level": "info", "timestamp": "2026-09-18T20:55:26.683265Z"}
Sep 18 17:55:26 fim-host fim-agent[39436]: {"event_id": "4c6cafe4-08f2-409f-a91d-c72bcdd5125f", "reason": "rate_limited", "retry_after": 58.23477132600965, "event": "publisher.event_nack_retainable", "level": "info", "timestamp": "2026-09-18T20:55:26.696657Z"}
Sep 18 17:55:26 fim-host fim-agent[39436]: {"event_id": "b5a02e58-279d-4aa1-ada5-026bdd4fd3ec", "reason": "rate_limited", "retry_after": 58.2216091020091, "event": "publisher.event_nack_retainable", "level": "info", "timestamp": "2026-09-18T20:55:26.709265Z"}
Sep 18 17:55:26 fim-host fim-agent[39436]: {"event_id": "b70a4e7c-985d-40e9-87ca-74652700c0a3", "reason": "rate_limited", "retry_after": 58.208641352000996, "event": "publisher.event_nack_retainable", "level": "info", "timestamp": "2026-09-18T20:55:26.722704Z"}
Sep 18 17:55:26 fim-host fim-agent[39436]: {"event_id": "eda8502f-17c8-4817-902c-ea880468e626", "reason": "rate_limited", "retry_after": 58.195620072001475, "event": "publisher.event_nack_retainable", "level": "info", "timestamp": "2026-09-18T20:55:26.735610Z"}
Sep 18 17:55:26 fim-host fim-agent[39436]: {"event_id": "4e30726c-df9c-4bb6-8cbb-6d8f32fff530", "reason": "rate_limited", "retry_after": 58.18230395000137, "event": "publisher.event_nack_retainable", "level": "info", "timestamp": "2026-09-18T20:55:26.749037Z"}
Sep 18 17:55:26 fim-host fim-agent[39436]: {"event_id": "61a063c0-0498-41a8-836e-82c3ce3f356a", "reason": "rate_limited", "retry_after": 58.169128431007266, "event": "publisher.event_nack_retainable", "level": "info", "timestamp": "2026-09-18T20:55:26.762103Z"}
Sep 18 17:55:26 fim-host fim-agent[39436]: {"event_id": "4de50bdf-df34-4f08-aac0-6b26f6e7d644", "reason": "rate_limited", "retry_after": 58.15583395000431, "event": "publisher.event_nack_retainable", "level": "info", "timestamp": "2026-09-18T20:55:26.775587Z"}
Sep 18 17:55:26 fim-host fim-agent[39436]: {"event_id": "94c85ad8-bfcd-4584-b1e3-cfa9ab31b399", "reason": "rate_limited", "retry_after": 58.14268271600304, "event": "publisher.event_nack_retainable", "level": "info", "timestamp": "2026-09-18T20:55:26.788657Z"}
Sep 18 17:55:26 fim-host fim-agent[39436]: {"event_id": "767daae9-c05c-4a9f-a952-11f2d65f68da", "reason": "rate_limited", "retry_after": 58.129580845008604, "event": "publisher.event_nack_retainable", "level": "info", "timestamp": "2026-09-18T20:55:26.801944Z"}
Sep 18 17:55:26 fim-host fim-agent[39436]: {"event_id": "caefb8de-eb88-4391-9e59-4932a686d726", "reason": "rate_limited", "retry_after": 58.11715206300141, "event": "publisher.event_nack_retainable", "level": "info", "timestamp": "2026-09-18T20:55:26.814283Z"}
Sep 18 17:55:26 fim-host fim-agent[39436]: {"event_id": "0d0e0073-5084-4364-9df6-77e05dffe109", "reason": "rate_limited", "retry_after": 58.10575977900589, "event": "publisher.event_nack_retainable", "level": "info", "timestamp": "2026-09-18T20:55:26.825660Z"}
Sep 18 17:55:26 fim-host fim-agent[39436]: {"event_id": "787fa434-7c05-46de-b7ff-8d2452cfb585", "reason": "rate_limited", "retry_after": 58.09279051500198, "event": "publisher.event_nack_retainable", "level": "info", "timestamp": "2026-09-18T20:55:26.838470Z"}
Sep 18 17:55:26 fim-host fim-agent[39436]: {"event_id": "6a26bddf-1edc-4e3f-827c-7cea964c7a03", "reason": "rate_limited", "retry_after": 58.07920458899753, "event": "publisher.event_nack_retainable", "level": "info", "timestamp": "2026-09-18T20:55:26.852066Z"}
Sep 18 17:55:26 fim-host fim-agent[39436]: {"event_id": "18f3eae9-7f9d-4629-8e34-7ef5f861c363", "reason": "rate_limited", "retry_after": 58.066445639007725, "event": "publisher.event_nack_retainable", "level": "info", "timestamp": "2026-09-18T20:55:26.864756Z"}
Sep 18 17:55:26 fim-host fim-agent[39436]: {"event_id": "695d1d68-240d-4547-bf2a-37f0d09dbb84", "reason": "rate_limited", "retry_after": 58.05331095700967, "event": "publisher.event_nack_retainable", "level": "info", "timestamp": "2026-09-18T20:55:26.877963Z"}
Sep 18 17:55:26 fim-host fim-agent[39436]: {"event_id": "c8a83546-ffc2-4a40-9514-7149afa408fe", "reason": "rate_limited", "retry_after": 58.040087547997246, "event": "publisher.event_nack_retainable", "level": "info", "timestamp": "2026-09-18T20:55:26.891344Z"}
Sep 18 17:55:26 fim-host fim-agent[39436]: {"event_id": "345c529a-4850-4c8e-bf7d-d60d49b7974b", "reason": "rate_limited", "retry_after": 58.02722951299802, "event": "publisher.event_nack_retainable", "level": "info", "timestamp": "2026-09-18T20:55:26.904068Z"}
Sep 18 17:55:26 fim-host fim-agent[39436]: {"event_id": "e69ee51c-c0db-40f9-a11d-1f63cee3ebdf", "reason": "rate_limited", "retry_after": 58.014297248999355, "event": "publisher.event_nack_retainable", "level": "info", "timestamp": "2026-09-18T20:55:26.916927Z"}
Sep 18 17:55:26 fim-host fim-agent[39436]: {"event_id": "3ec4652f-45aa-4d31-a038-471244615b30", "reason": "rate_limited", "retry_after": 58.00124507100554, "event": "publisher.event_nack_retainable", "level": "info", "timestamp": "2026-09-18T20:55:26.930203Z"}
Sep 18 17:55:26 fim-host fim-agent[39436]: {"event_id": "39f2f8c4-533c-4afe-b8c0-87fe4ab156fd", "reason": "rate_limited", "retry_after": 57.98909219400957, "event": "publisher.event_nack_retainable", "level": "info", "timestamp": "2026-09-18T20:55:26.942183Z"}
Sep 18 17:55:26 fim-host fim-agent[39436]: {"event_id": "c68ca15d-d73c-4d8d-bfc5-66e7610b3217", "reason": "rate_limited", "retry_after": 57.97701819500071, "event": "publisher.event_nack_retainable", "level": "info", "timestamp": "2026-09-18T20:55:26.954306Z"}
Sep 18 17:55:26 fim-host fim-agent[39436]: {"event_id": "0ffd30cb-3363-49c9-8493-e01533a3b562", "reason": "rate_limited", "retry_after": 57.96495049800433, "event": "publisher.event_nack_retainable", "level": "info", "timestamp": "2026-09-18T20:55:26.966361Z"}
Sep 18 17:55:26 fim-host fim-agent[39436]: {"event_id": "ae31549a-3c9d-48e8-a4c1-b62d76dfe040", "reason": "rate_limited", "retry_after": 57.952858215008746, "event": "publisher.event_nack_retainable", "level": "info", "timestamp": "2026-09-18T20:55:26.978427Z"}
Sep 18 17:55:26 fim-host fim-agent[39436]: {"event_id": "96594c2e-5d4f-4406-b621-1fbe52e211c7", "reason": "rate_limited", "retry_after": 57.94071763200918, "event": "publisher.event_nack_retainable", "level": "info", "timestamp": "2026-09-18T20:55:26.990608Z"}
Sep 18 17:55:27 fim-host fim-agent[39436]: {"event_id": "295e9e7d-b15f-405b-8e39-dabf8d30eab3", "reason": "rate_limited", "retry_after": 57.92787259099714, "event": "publisher.event_nack_retainable", "level": "info", "timestamp": "2026-09-18T20:55:27.003431Z"}
Sep 18 17:55:27 fim-host fim-agent[39436]: {"event_id": "29af88aa-67a9-4662-a185-72b91a442f5d", "reason": "rate_limited", "retry_after": 57.91489957099839, "event": "publisher.event_nack_retainable", "level": "info", "timestamp": "2026-09-18T20:55:27.016454Z"}
Sep 18 17:55:27 fim-host fim-agent[39436]: {"event_id": "8b151f55-b79d-48f7-a0d4-c83e757e6265", "reason": "rate_limited", "retry_after": 57.905194731996744, "event": "publisher.event_nack_retainable", "level": "info", "timestamp": "2026-09-18T20:55:27.025706Z"}
Sep 18 17:55:27 fim-host fim-agent[39436]: {"event_id": "c7ef4222-e744-446c-8ddf-016a113f2364", "reason": "rate_limited", "retry_after": 57.8951008360018, "event": "publisher.event_nack_retainable", "level": "info", "timestamp": "2026-09-18T20:55:27.035982Z"}
Sep 18 17:55:27 fim-host fim-agent[39436]: {"event_id": "9eb7dcb9-247a-4533-a0b7-c4dff5251242", "reason": "rate_limited", "retry_after": 57.884814931006986, "event": "publisher.event_nack_retainable", "level": "info", "timestamp": "2026-09-18T20:55:27.046121Z"}
Sep 18 17:55:27 fim-host fim-agent[39436]: {"event_id": "b4b24425-5bc0-4ffe-a4dc-42aab90266bf", "reason": "rate_limited", "retry_after": 57.87265076300537, "event": "publisher.event_nack_retainable", "level": "info", "timestamp": "2026-09-18T20:55:27.058560Z"}
Sep 18 17:55:27 fim-host fim-agent[39436]: {"event_id": "77faa5e1-23f3-4d0f-8f39-56fa45a0dc64", "reason": "rate_limited", "retry_after": 57.85972900899651, "event": "publisher.event_nack_retainable", "level": "info", "timestamp": "2026-09-18T20:55:27.071503Z"}
Sep 18 17:55:27 fim-host fim-agent[39436]: {"event_id": "6238dec3-12a8-4ad1-aed0-3badac9b051c", "reason": "rate_limited", "retry_after": 57.84618396899896, "event": "publisher.event_nack_retainable", "level": "info", "timestamp": "2026-09-18T20:55:27.085273Z"}
Sep 18 17:55:27 fim-host fim-agent[39436]: {"event_id": "4cb98dab-27a5-496b-ac6d-4be46f0b7af3", "reason": "rate_limited", "retry_after": 57.83315811000648, "event": "publisher.event_nack_retainable", "level": "info", "timestamp": "2026-09-18T20:55:27.097999Z"}
Sep 18 17:55:27 fim-host fim-agent[39436]: {"event_id": "ed97cbca-484b-4131-a98f-9033ed21ca9e", "reason": "rate_limited", "retry_after": 57.820113356006914, "event": "publisher.event_nack_retainable", "level": "info", "timestamp": "2026-09-18T20:55:27.111109Z"}
Sep 18 17:55:27 fim-host fim-agent[39436]: {"event_id": "3c644274-887a-498f-bf0c-8769f6dc7a3f", "reason": "rate_limited", "retry_after": 57.80711440699815, "event": "publisher.event_nack_retainable", "level": "info", "timestamp": "2026-09-18T20:55:27.124208Z"}
Sep 18 17:55:27 fim-host fim-agent[39436]: {"event_id": "fb5e5126-bdb2-4e0a-a24a-83708d5862b9", "reason": "rate_limited", "retry_after": 57.79007439099951, "event": "publisher.event_nack_retainable", "level": "info", "timestamp": "2026-09-18T20:55:27.141278Z"}
Sep 18 17:55:27 fim-host fim-agent[39436]: {"event_id": "0c02ff73-eb6e-410f-a9c7-437e90d74c95", "reason": "rate_limited", "retry_after": 57.776690443002735, "event": "publisher.event_nack_retainable", "level": "info", "timestamp": "2026-09-18T20:55:27.154634Z"}
Sep 18 17:55:27 fim-host fim-agent[39436]: {"event_id": "ae1b7866-3e63-4d7d-9990-b635e2cabfed", "reason": "rate_limited", "retry_after": 57.76336395200633, "event": "publisher.event_nack_retainable", "level": "info", "timestamp": "2026-09-18T20:55:27.167781Z"}
Sep 18 17:55:27 fim-host fim-agent[39436]: {"event_id": "c4d9eb20-d9b3-438e-9051-4fa1c1471e1d", "reason": "rate_limited", "retry_after": 57.75011179900321, "event": "publisher.event_nack_retainable", "level": "info", "timestamp": "2026-09-18T20:55:27.181117Z"}
Sep 18 17:55:27 fim-host fim-agent[39436]: {"event_id": "8fbca5d0-437f-44bf-9bad-253423c833cf", "reason": "rate_limited", "retry_after": 57.735938273996, "event": "publisher.event_nack_retainable", "level": "info", "timestamp": "2026-09-18T20:55:27.195613Z"}
Sep 18 17:55:27 fim-host fim-agent[39436]: {"event_id": "dcd69d10-c8c0-470d-ac7e-398ae1b80a93", "reason": "rate_limited", "retry_after": 57.72185472700221, "event": "publisher.event_nack_retainable", "level": "info", "timestamp": "2026-09-18T20:55:27.209528Z"}
Sep 18 17:55:27 fim-host fim-agent[39436]: {"event_id": "d578ef60-6e9c-4e6d-8ba2-c01e72364ae9", "reason": "rate_limited", "retry_after": 57.70959295700595, "event": "publisher.event_nack_retainable", "level": "info", "timestamp": "2026-09-18T20:55:27.221686Z"}
Sep 18 17:55:27 fim-host fim-agent[39436]: {"event_id": "5287728e-0b99-4bc1-9c9f-137ed1b7d062", "reason": "rate_limited", "retry_after": 57.697241029003635, "event": "publisher.event_nack_retainable", "level": "info", "timestamp": "2026-09-18T20:55:27.234145Z"}
Sep 18 17:55:27 fim-host fim-agent[39436]: {"event_id": "619b5412-745c-441e-9b56-3e411409a435", "reason": "rate_limited", "retry_after": 57.68450476099679, "event": "publisher.event_nack_retainable", "level": "info", "timestamp": "2026-09-18T20:55:27.246812Z"}
Sep 18 17:55:27 fim-host fim-agent[39436]: {"event_id": "7d07fc9a-5068-453c-b2f7-f743bcde26fb", "reason": "rate_limited", "retry_after": 57.6715764440014, "event": "publisher.event_nack_retainable", "level": "info", "timestamp": "2026-09-18T20:55:27.259759Z"}
Sep 18 17:55:27 fim-host fim-agent[39436]: {"event_id": "85027d12-efdf-4db5-ab3b-7ff8383535e0", "reason": "rate_limited", "retry_after": 57.65832521399716, "event": "publisher.event_nack_retainable", "level": "info", "timestamp": "2026-09-18T20:55:27.273082Z"}
Sep 18 17:55:27 fim-host fim-agent[39436]: {"event_id": "fb17dfb6-5fab-49f9-81a4-a3ff19221ec4", "reason": "rate_limited", "retry_after": 57.64522445500188, "event": "publisher.event_nack_retainable", "level": "info", "timestamp": "2026-09-18T20:55:27.286170Z"}
Sep 18 17:55:27 fim-host fim-agent[39436]: {"event_id": "479cc319-3f4b-400b-9729-b254f65ae23a", "reason": "rate_limited", "retry_after": 57.6319999749976, "event": "publisher.event_nack_retainable", "level": "info", "timestamp": "2026-09-18T20:55:27.299396Z"}
Sep 18 17:55:27 fim-host fim-agent[39436]: {"event_id": "9fa6429e-0f76-451f-822b-1ec984ee1182", "reason": "rate_limited", "retry_after": 57.6191317000048, "event": "publisher.event_nack_retainable", "level": "info", "timestamp": "2026-09-18T20:55:27.311990Z"}
Sep 18 17:55:27 fim-host fim-agent[39436]: {"event_id": "0ce71c12-5c6a-49be-96fb-bc64285f6805", "reason": "rate_limited", "retry_after": 57.605796482996084, "event": "publisher.event_nack_retainable", "level": "info", "timestamp": "2026-09-18T20:55:27.325610Z"}
Sep 18 17:55:27 fim-host fim-agent[39436]: {"event_id": "a752737c-ff8e-4f34-9df7-61a683d61920", "reason": "rate_limited", "retry_after": 57.59268262900878, "event": "publisher.event_nack_retainable", "level": "info", "timestamp": "2026-09-18T20:55:27.338629Z"}
Sep 18 17:55:27 fim-host fim-agent[39436]: {"event_id": "2459bb7d-0bf7-41f6-ba74-fdbfb2ebd76b", "reason": "rate_limited", "retry_after": 57.57989479500975, "event": "publisher.event_nack_retainable", "level": "info", "timestamp": "2026-09-18T20:55:27.351411Z"}
Sep 18 17:55:27 fim-host fim-agent[39436]: {"event_id": "93c199e1-f61b-428a-ae78-0ebdbfa2b2e4", "reason": "rate_limited", "retry_after": 57.56635398299841, "event": "publisher.event_nack_retainable", "level": "info", "timestamp": "2026-09-18T20:55:27.365078Z"}
Sep 18 17:55:27 fim-host fim-agent[39436]: {"event_id": "2db72838-31c1-470b-b38b-2943affc23a1", "reason": "rate_limited", "retry_after": 57.55352831899654, "event": "publisher.event_nack_retainable", "level": "info", "timestamp": "2026-09-18T20:55:27.377770Z"}
Sep 18 17:55:27 fim-host fim-agent[39436]: {"event_id": "ae0a91cf-bddb-4010-b7c6-492434ef26c8", "reason": "rate_limited", "retry_after": 57.54055098100798, "event": "publisher.event_nack_retainable", "level": "info", "timestamp": "2026-09-18T20:55:27.390783Z"}
Sep 18 17:55:27 fim-host fim-agent[39436]: {"event_id": "e1f93689-42e6-40c7-80e4-d9100b17d34a", "reason": "rate_limited", "retry_after": 57.52734963300463, "event": "publisher.event_nack_retainable", "level": "info", "timestamp": "2026-09-18T20:55:27.404031Z"}
Sep 18 17:55:27 fim-host fim-agent[39436]: {"event_id": "f13995b9-9801-4f0a-85e8-62c1d76be948", "reason": "rate_limited", "retry_after": 57.51453518999915, "event": "publisher.event_nack_retainable", "level": "info", "timestamp": "2026-09-18T20:55:27.416839Z"}
Sep 18 17:55:27 fim-host fim-agent[39436]: {"event_id": "b9df28ec-92c8-4b47-944a-f9e75ecfcf92", "reason": "rate_limited", "retry_after": 57.50178263199632, "event": "publisher.event_nack_retainable", "level": "info", "timestamp": "2026-09-18T20:55:27.429542Z"}
Sep 18 17:55:27 fim-host fim-agent[39436]: {"event_id": "b29352f4-7c4c-49b7-a33b-8bfa4564aacf", "reason": "rate_limited", "retry_after": 57.48895806900691, "event": "publisher.event_nack_retainable", "level": "info", "timestamp": "2026-09-18T20:55:27.442376Z"}
Sep 18 17:55:27 fim-host fim-agent[39436]: {"event_id": "0ca0b494-5ad3-4351-8a5c-47828ab39bea", "reason": "rate_limited", "retry_after": 57.47613832600473, "event": "publisher.event_nack_retainable", "level": "info", "timestamp": "2026-09-18T20:55:27.455183Z"}
Sep 18 17:55:27 fim-host fim-agent[39436]: {"event_id": "478b1008-a7f7-47bf-9f9d-8acaefc22e9c", "reason": "rate_limited", "retry_after": 57.4633357940038, "event": "publisher.event_nack_retainable", "level": "info", "timestamp": "2026-09-18T20:55:27.467995Z"}
Sep 18 17:55:27 fim-host fim-agent[39436]: {"event_id": "cf46eec7-e927-46db-a71e-a725e744a324", "reason": "rate_limited", "retry_after": 57.44990560899896, "event": "publisher.event_nack_retainable", "level": "info", "timestamp": "2026-09-18T20:55:27.481492Z"}
Sep 18 17:55:27 fim-host fim-agent[39436]: {"event_id": "7a4254ee-5473-4c17-9fe3-226ff083a28d", "reason": "rate_limited", "retry_after": 57.4371073860093, "event": "publisher.event_nack_retainable", "level": "info", "timestamp": "2026-09-18T20:55:27.494197Z"}
Sep 18 17:55:27 fim-host fim-agent[39436]: {"event_id": "b81cc23f-4898-409c-b5f2-5660787c9c99", "reason": "rate_limited", "retry_after": 57.42240668500017, "event": "publisher.event_nack_retainable", "level": "info", "timestamp": "2026-09-18T20:55:27.508981Z"}
Sep 18 17:55:27 fim-host fim-agent[39436]: {"event_id": "36a81d54-b925-47e0-9e29-347f581c90bb", "reason": "rate_limited", "retry_after": 57.409706204009126, "event": "publisher.event_nack_retainable", "level": "info", "timestamp": "2026-09-18T20:55:27.521627Z"}
Sep 18 17:55:27 fim-host fim-agent[39436]: {"event_id": "eba55a26-ea95-4917-b34d-3f899f48d33e", "reason": "rate_limited", "retry_after": 57.396920935003436, "event": "publisher.event_nack_retainable", "level": "info", "timestamp": "2026-09-18T20:55:27.534395Z"}
Sep 18 17:55:27 fim-host fim-agent[39436]: {"event_id": "fd48c4c1-b22a-4934-a907-ea98f0a6ee7f", "reason": "rate_limited", "retry_after": 57.38381579800625, "event": "publisher.event_nack_retainable", "level": "info", "timestamp": "2026-09-18T20:55:27.547528Z"}
Sep 18 17:55:27 fim-host fim-agent[39436]: {"event_id": "24e94703-b83f-4782-8b52-f89a97465a64", "reason": "rate_limited", "retry_after": 57.37105683800473, "event": "publisher.event_nack_retainable", "level": "info", "timestamp": "2026-09-18T20:55:27.560234Z"}
Sep 18 17:55:27 fim-host fim-agent[39436]: {"event_id": "e91ff8d7-4f67-45ed-b429-84cebc47e9c3", "reason": "rate_limited", "retry_after": 57.35817389600561, "event": "publisher.event_nack_retainable", "level": "info", "timestamp": "2026-09-18T20:55:27.573052Z"}
Sep 18 17:55:27 fim-host fim-agent[39436]: {"event_id": "91caf70a-0c55-4405-91d8-41623f98495a", "reason": "rate_limited", "retry_after": 57.345123731996864, "event": "publisher.event_nack_retainable", "level": "info", "timestamp": "2026-09-18T20:55:27.586142Z"}
Sep 18 17:55:27 fim-host fim-agent[39436]: {"event_id": "335618f3-e58f-4b69-b2f7-cc558e027c2b", "reason": "rate_limited", "retry_after": 57.332329476004816, "event": "publisher.event_nack_retainable", "level": "info", "timestamp": "2026-09-18T20:55:27.598976Z"}
Sep 18 17:55:27 fim-host fim-agent[39436]: {"event_id": "c213925c-ecc9-4263-a96e-33aff4488d93", "reason": "rate_limited", "retry_after": 57.31942412200442, "event": "publisher.event_nack_retainable", "level": "info", "timestamp": "2026-09-18T20:55:27.611930Z"}
Sep 18 17:55:27 fim-host fim-agent[39436]: {"event_id": "aa7562bc-5817-4bcd-b35e-d038c3a4dc54", "reason": "rate_limited", "retry_after": 57.31011726800352, "event": "publisher.event_nack_retainable", "level": "info", "timestamp": "2026-09-18T20:55:27.621354Z"}
Sep 18 17:55:27 fim-host fim-agent[39436]: {"event_id": "a53880e7-c414-4acd-b6c2-c17435c525bc", "reason": "rate_limited", "retry_after": 57.30086309200851, "event": "publisher.event_nack_retainable", "level": "info", "timestamp": "2026-09-18T20:55:27.630234Z"}
Sep 18 17:55:27 fim-host fim-agent[39436]: {"event_id": "ae937839-9e53-4fdf-958c-ffb4ecdf8d34", "reason": "rate_limited", "retry_after": 57.29280096599541, "event": "publisher.event_nack_retainable", "level": "info", "timestamp": "2026-09-18T20:55:27.637936Z"}
Sep 18 17:55:27 fim-host fim-agent[39436]: {"event_id": "932c4001-b144-45af-a0e5-49ad6b495778", "reason": "rate_limited", "retry_after": 57.28557259900845, "event": "publisher.event_nack_retainable", "level": "info", "timestamp": "2026-09-18T20:55:27.645058Z"}
Sep 18 17:55:27 fim-host fim-agent[39436]: {"event_id": "3a576eca-1c63-4171-a484-34b886e3ae1e", "reason": "rate_limited", "retry_after": 57.27704597300908, "event": "publisher.event_nack_retainable", "level": "info", "timestamp": "2026-09-18T20:55:27.653788Z"}
Sep 18 17:55:27 fim-host fim-agent[39436]: {"event_id": "57d2286b-8645-43d7-a650-8406ecca86d4", "reason": "rate_limited", "retry_after": 57.26595724700019, "event": "publisher.event_nack_retainable", "level": "info", "timestamp": "2026-09-18T20:55:27.664982Z"}
Sep 18 17:55:27 fim-host fim-agent[39436]: {"event_id": "fe17e931-d0ad-4e09-9d23-580ebc3356f7", "reason": "rate_limited", "retry_after": 57.25632029499684, "event": "publisher.event_nack_retainable", "level": "info", "timestamp": "2026-09-18T20:55:27.674615Z"}
Sep 18 17:55:27 fim-host fim-agent[39436]: {"event_id": "6607bc95-c9d7-40aa-953d-dcc781ad09bf", "reason": "rate_limited", "retry_after": 57.2447975170071, "event": "publisher.event_nack_retainable", "level": "info", "timestamp": "2026-09-18T20:55:27.686543Z"}
Sep 18 17:55:27 fim-host fim-agent[39436]: {"event_id": "ddd9a889-e4bf-41b4-b825-7f3c10f74fd1", "reason": "rate_limited", "retry_after": 57.23292526500882, "event": "publisher.event_nack_retainable", "level": "info", "timestamp": "2026-09-18T20:55:27.698394Z"}
Sep 18 17:55:27 fim-host fim-agent[39436]: {"event_id": "a885176e-7520-4f53-b98f-360243153b8e", "reason": "rate_limited", "retry_after": 57.22058257400931, "event": "publisher.event_nack_retainable", "level": "info", "timestamp": "2026-09-18T20:55:27.710670Z"}
Sep 18 17:55:27 fim-host fim-agent[39436]: {"event_id": "b676eb96-9365-4ecf-ba30-7636d8f3d40c", "reason": "rate_limited", "retry_after": 57.20786007199786, "event": "publisher.event_nack_retainable", "level": "info", "timestamp": "2026-09-18T20:55:27.723509Z"}
Sep 18 17:55:27 fim-host fim-agent[39436]: {"event_id": "c67114cb-b7d1-414c-b601-6519cfda51c2", "reason": "rate_limited", "retry_after": 57.19508021300135, "event": "publisher.event_nack_retainable", "level": "info", "timestamp": "2026-09-18T20:55:27.735967Z"}
Sep 18 17:55:27 fim-host fim-agent[39436]: {"event_id": "18fd75ae-3ede-4ffb-b158-a7541bb46918", "reason": "rate_limited", "retry_after": 57.18181899400952, "event": "publisher.event_nack_retainable", "level": "info", "timestamp": "2026-09-18T20:55:27.749218Z"}
Sep 18 17:55:27 fim-host fim-agent[39436]: {"event_id": "70c8a82e-a2c5-4276-9d04-a50241459c61", "reason": "rate_limited", "retry_after": 57.16499812800612, "event": "publisher.event_nack_retainable", "level": "info", "timestamp": "2026-09-18T20:55:27.766398Z"}
Sep 18 17:55:27 fim-host fim-agent[39436]: {"event_id": "9c274c37-9678-45f3-93a4-19963bd4d3be", "reason": "rate_limited", "retry_after": 57.152076804995886, "event": "publisher.event_nack_retainable", "level": "info", "timestamp": "2026-09-18T20:55:27.779260Z"}
Sep 18 17:55:27 fim-host fim-agent[39436]: {"event_id": "acafd762-6d95-49eb-9bbd-605ef43503e8", "reason": "rate_limited", "retry_after": 57.13914217600541, "event": "publisher.event_nack_retainable", "level": "info", "timestamp": "2026-09-18T20:55:27.792135Z"}
Sep 18 17:55:27 fim-host fim-agent[39436]: {"event_id": "95036762-d436-4b37-8df5-4fcc10812045", "reason": "rate_limited", "retry_after": 57.125663831000566, "event": "publisher.event_nack_retainable", "level": "info", "timestamp": "2026-09-18T20:55:27.805522Z"}
Sep 18 17:55:27 fim-host fim-agent[39436]: {"event_id": "e8c50d23-f8b6-4c94-a4e4-32d14788b1b5", "reason": "rate_limited", "retry_after": 57.11688299100206, "event": "publisher.event_nack_retainable", "level": "info", "timestamp": "2026-09-18T20:55:27.813785Z"}
Sep 18 17:55:27 fim-host fim-agent[39436]: {"event_id": "80086b8b-aa2f-4c15-b33b-f519dfcaec82", "reason": "rate_limited", "retry_after": 57.110217195004225, "event": "publisher.event_nack_retainable", "level": "info", "timestamp": "2026-09-18T20:55:27.820438Z"}
Sep 18 17:55:27 fim-host fim-agent[39436]: {"event_id": "5509de8a-7463-43e4-bdfc-2d179addacec", "reason": "rate_limited", "retry_after": 57.10422816600476, "event": "publisher.event_nack_retainable", "level": "info", "timestamp": "2026-09-18T20:55:27.826196Z"}
Sep 18 17:55:27 fim-host fim-agent[39436]: {"event_id": "0bc8d704-4ba4-4a6c-a435-b61b9cb0687a", "reason": "rate_limited", "retry_after": 57.098417248998885, "event": "publisher.event_nack_retainable", "level": "info", "timestamp": "2026-09-18T20:55:27.832224Z"}
Sep 18 17:55:27 fim-host fim-agent[39436]: {"event_id": "d28b3688-ed05-424e-8a8c-403d2e938966", "reason": "rate_limited", "retry_after": 57.088586484998814, "event": "publisher.event_nack_retainable", "level": "info", "timestamp": "2026-09-18T20:55:27.842324Z"}
Sep 18 17:55:27 fim-host fim-agent[39436]: {"event_id": "fb125a65-5c2c-4bbd-b787-824f7fcd51dd", "reason": "rate_limited", "retry_after": 57.078097218996845, "event": "publisher.event_nack_retainable", "level": "info", "timestamp": "2026-09-18T20:55:27.852582Z"}
Sep 18 17:55:27 fim-host fim-agent[39436]: {"event_id": "3990adcf-0922-4634-98df-5d7733c5bc83", "reason": "rate_limited", "retry_after": 57.070878190002986, "event": "publisher.event_nack_retainable", "level": "info", "timestamp": "2026-09-18T20:55:27.859581Z"}
Sep 18 17:55:27 fim-host fim-agent[39436]: {"event_id": "70c497ef-7d3c-4479-a457-4ca39b4b1f52", "reason": "rate_limited", "retry_after": 57.064041374003864, "event": "publisher.event_nack_retainable", "level": "info", "timestamp": "2026-09-18T20:55:27.866543Z"}
Sep 18 17:55:27 fim-host fim-agent[39436]: {"event_id": "61b533ba-33a3-4257-8892-3d3ef85a4099", "reason": "rate_limited", "retry_after": 57.056303774996195, "event": "publisher.event_nack_retainable", "level": "info", "timestamp": "2026-09-18T20:55:27.874349Z"}
Sep 18 17:55:27 fim-host fim-agent[39436]: {"event_id": "db5990c4-0517-4641-9476-2bafbc3ab796", "reason": "rate_limited", "retry_after": 57.04891680100991, "event": "publisher.event_nack_retainable", "level": "info", "timestamp": "2026-09-18T20:55:27.881660Z"}
Sep 18 17:55:27 fim-host fim-agent[39436]: {"event_id": "f5671523-b37a-460c-9ce1-e7de66c7bc5b", "reason": "rate_limited", "retry_after": 57.04242135399545, "event": "publisher.event_nack_retainable", "level": "info", "timestamp": "2026-09-18T20:55:27.888269Z"}
Sep 18 17:55:27 fim-host fim-agent[39436]: {"event_id": "9a4ed174-d0c7-49c1-b47e-2b5d9466ddd8", "reason": "rate_limited", "retry_after": 57.0359651799954, "event": "publisher.event_nack_retainable", "level": "info", "timestamp": "2026-09-18T20:55:27.894456Z"}
Sep 18 17:55:27 fim-host fim-agent[39436]: {"event_id": "d7a22c60-327b-4e55-8638-24159cd9a18a", "reason": "rate_limited", "retry_after": 57.029768792999675, "event": "publisher.event_nack_retainable", "level": "info", "timestamp": "2026-09-18T20:55:27.900725Z"}
Sep 18 17:55:27 fim-host fim-agent[39436]: {"event_id": "d81af9fe-317e-42b7-a88f-bb80e33137a9", "reason": "rate_limited", "retry_after": 57.02356706499995, "event": "publisher.event_nack_retainable", "level": "info", "timestamp": "2026-09-18T20:55:27.906944Z"}
Sep 18 17:55:27 fim-host fim-agent[39436]: {"event_id": "22c21751-6834-4115-893e-973d4c43e7c3", "reason": "rate_limited", "retry_after": 57.01732481199724, "event": "publisher.event_nack_retainable", "level": "info", "timestamp": "2026-09-18T20:55:27.913287Z"}
Sep 18 17:55:27 fim-host fim-agent[39436]: {"event_id": "a8869227-d939-4872-b238-32deb5f96a23", "reason": "rate_limited", "retry_after": 57.00993592500163, "event": "publisher.event_nack_retainable", "level": "info", "timestamp": "2026-09-18T20:55:27.920925Z"}
Sep 18 17:55:27 fim-host fim-agent[39436]: {"event_id": "70b3e832-4dcc-4d4e-a2ea-5e198158961c", "reason": "rate_limited", "retry_after": 57.001992991004954, "event": "publisher.event_nack_retainable", "level": "info", "timestamp": "2026-09-18T20:55:27.928828Z"}
Sep 18 17:55:27 fim-host fim-agent[39436]: {"event_id": "32ba7c8f-1a21-4982-b977-908710e52402", "reason": "rate_limited", "retry_after": 56.99486897900351, "event": "publisher.event_nack_retainable", "level": "info", "timestamp": "2026-09-18T20:55:27.935939Z"}
Sep 18 17:55:27 fim-host fim-agent[39436]: {"event_id": "c732c485-4a9b-4e81-8523-e057b2e36a56", "reason": "rate_limited", "retry_after": 56.987150425004074, "event": "publisher.event_nack_retainable", "level": "info", "timestamp": "2026-09-18T20:55:27.943609Z"}
Sep 18 17:55:27 fim-host fim-agent[39436]: {"event_id": "a1ec5a50-a050-4813-9256-91b7782fa430", "reason": "rate_limited", "retry_after": 56.978286138008116, "event": "publisher.event_nack_retainable", "level": "info", "timestamp": "2026-09-18T20:55:27.952536Z"}
Sep 18 17:55:27 fim-host fim-agent[39436]: {"event_id": "c9a45bac-47fe-4629-9db2-92f02655c356", "reason": "rate_limited", "retry_after": 56.96933490900847, "event": "publisher.event_nack_retainable", "level": "info", "timestamp": "2026-09-18T20:55:27.961561Z"}
Sep 18 17:55:27 fim-host fim-agent[39436]: {"event_id": "2f0c591d-105d-49be-82c7-dd8a2f3b1497", "reason": "rate_limited", "retry_after": 56.960593943003914, "event": "publisher.event_nack_retainable", "level": "info", "timestamp": "2026-09-18T20:55:27.970344Z"}
Sep 18 17:55:27 fim-host fim-agent[39436]: {"event_id": "c203f660-1c6f-4d29-a633-e251de95cd40", "reason": "rate_limited", "retry_after": 56.95183727699623, "event": "publisher.event_nack_retainable", "level": "info", "timestamp": "2026-09-18T20:55:27.979116Z"}
Sep 18 17:55:27 fim-host fim-agent[39436]: {"event_id": "33450fce-cccf-41ab-8fa4-6b76cc768cd0", "reason": "rate_limited", "retry_after": 56.9434372990072, "event": "publisher.event_nack_retainable", "level": "info", "timestamp": "2026-09-18T20:55:27.987408Z"}
Sep 18 17:55:27 fim-host fim-agent[39436]: {"event_id": "de2283e8-1486-42db-87fd-53df9b5babdc", "reason": "rate_limited", "retry_after": 56.93537417000334, "event": "publisher.event_nack_retainable", "level": "info", "timestamp": "2026-09-18T20:55:27.995384Z"}
Sep 18 17:55:28 fim-host fim-agent[39436]: {"event_id": "0f15c061-ab21-459f-bb84-d2e18846bcb2", "reason": "rate_limited", "retry_after": 56.92668174499704, "event": "publisher.event_nack_retainable", "level": "info", "timestamp": "2026-09-18T20:55:28.004100Z"}
Sep 18 17:55:28 fim-host fim-agent[39436]: {"event_id": "83c3760e-dd72-4d6a-895a-9c308ca12899", "reason": "rate_limited", "retry_after": 56.91636565400404, "event": "publisher.event_nack_retainable", "level": "info", "timestamp": "2026-09-18T20:55:28.014437Z"}
Sep 18 17:55:28 fim-host fim-agent[39436]: {"event_id": "61b46267-8dd6-48eb-b671-9faf3279b46b", "reason": "rate_limited", "retry_after": 56.90383725499851, "event": "publisher.event_nack_retainable", "level": "info", "timestamp": "2026-09-18T20:55:28.027268Z"}
Sep 18 17:55:28 fim-host fim-agent[39436]: {"event_id": "4a78d491-7d51-4159-a1bb-c48e1b8b90f1", "reason": "rate_limited", "retry_after": 56.891709885996534, "event": "publisher.event_nack_retainable", "level": "info", "timestamp": "2026-09-18T20:55:28.039367Z"}
Sep 18 17:55:28 fim-host fim-agent[39436]: {"event_id": "146c3be4-093a-4b16-b39c-fd8481d8a494", "reason": "rate_limited", "retry_after": 56.87983084200823, "event": "publisher.event_nack_retainable", "level": "info", "timestamp": "2026-09-18T20:55:28.051230Z"}
Sep 18 17:55:28 fim-host fim-agent[39436]: {"event_id": "b17fb313-067f-41d7-a2db-ba6cd96d7066", "reason": "rate_limited", "retry_after": 56.867805814006715, "event": "publisher.event_nack_retainable", "level": "info", "timestamp": "2026-09-18T20:55:28.063279Z"}
Sep 18 17:55:28 fim-host fim-agent[39436]: {"event_id": "4eef960b-143e-47fb-acd5-92c07d4fa339", "reason": "rate_limited", "retry_after": 56.855716637001024, "event": "publisher.event_nack_retainable", "level": "info", "timestamp": "2026-09-18T20:55:28.075346Z"}
Sep 18 17:55:28 fim-host fim-agent[39436]: {"event_id": "b0f1021b-2d0f-46fe-94b2-c1edb62fa350", "reason": "rate_limited", "retry_after": 56.843305376998615, "event": "publisher.event_nack_retainable", "level": "info", "timestamp": "2026-09-18T20:55:28.087767Z"}
Sep 18 17:55:28 fim-host fim-agent[39436]: {"event_id": "36301454-d7b5-4e49-9d17-e145029e0f42", "reason": "rate_limited", "retry_after": 56.83087090399931, "event": "publisher.event_nack_retainable", "level": "info", "timestamp": "2026-09-18T20:55:28.100283Z"}
Sep 18 17:55:28 fim-host fim-agent[39436]: {"event_id": "91a103a9-8c2d-4ccc-be28-ff42679394f0", "reason": "rate_limited", "retry_after": 56.81822478500544, "event": "publisher.event_nack_retainable", "level": "info", "timestamp": "2026-09-18T20:55:28.112830Z"}
Sep 18 17:55:28 fim-host fim-agent[39436]: {"event_id": "a8954933-f9f1-4427-b0db-803367f06925", "reason": "rate_limited", "retry_after": 56.80569829999877, "event": "publisher.event_nack_retainable", "level": "info", "timestamp": "2026-09-18T20:55:28.125391Z"}
Sep 18 17:55:28 fim-host fim-agent[39436]: {"event_id": "e0af2f18-34c6-4233-a997-895e111ab05e", "reason": "rate_limited", "retry_after": 56.79321757100115, "event": "publisher.event_nack_retainable", "level": "info", "timestamp": "2026-09-18T20:55:28.137893Z"}
Sep 18 17:55:28 fim-host fim-agent[39436]: {"event_id": "11d1c3af-9af1-4792-86c0-aad90a98e253", "reason": "rate_limited", "retry_after": 56.78091962300823, "event": "publisher.event_nack_retainable", "level": "info", "timestamp": "2026-09-18T20:55:28.150244Z"}
Sep 18 17:55:28 fim-host fim-agent[39436]: {"event_id": "ba507b26-3389-49ba-be54-18e992298cab", "reason": "rate_limited", "retry_after": 56.76808064299985, "event": "publisher.event_nack_retainable", "level": "info", "timestamp": "2026-09-18T20:55:28.163002Z"}
Sep 18 17:55:28 fim-host fim-agent[39436]: {"event_id": "add302f4-7387-4220-8cd4-e1764637fd8c", "reason": "rate_limited", "retry_after": 56.75540917699982, "event": "publisher.event_nack_retainable", "level": "info", "timestamp": "2026-09-18T20:55:28.175645Z"}
Sep 18 17:55:28 fim-host fim-agent[39436]: {"event_id": "9f4c8d18-46e6-43fc-bd4d-fad3a2988965", "reason": "rate_limited", "retry_after": 56.7426313120086, "event": "publisher.event_nack_retainable", "level": "info", "timestamp": "2026-09-18T20:55:28.188450Z"}
Sep 18 17:55:28 fim-host fim-agent[39436]: {"event_id": "c514c74b-ee42-4205-9ca3-dccd58c3bc93", "reason": "rate_limited", "retry_after": 56.729902428007335, "event": "publisher.event_nack_retainable", "level": "info", "timestamp": "2026-09-18T20:55:28.201213Z"}
Sep 18 17:55:28 fim-host fim-agent[39436]: {"event_id": "54b94c5b-ffca-490e-b97a-74ba3561d804", "reason": "rate_limited", "retry_after": 56.71738478000043, "event": "publisher.event_nack_retainable", "level": "info", "timestamp": "2026-09-18T20:55:28.213699Z"}
Sep 18 17:55:28 fim-host fim-agent[39436]: {"event_id": "af1e4664-f4d8-44d1-914b-2a15a0142d44", "reason": "rate_limited", "retry_after": 56.70485839500907, "event": "publisher.event_nack_retainable", "level": "info", "timestamp": "2026-09-18T20:55:28.226225Z"}
Sep 18 17:55:28 fim-host fim-agent[39436]: {"event_id": "9e2f35f7-b1f4-4923-a185-9b503c3dfc4c", "reason": "rate_limited", "retry_after": 56.692649903998245, "event": "publisher.event_nack_retainable", "level": "info", "timestamp": "2026-09-18T20:55:28.238471Z"}
Sep 18 17:55:28 fim-host fim-agent[39436]: {"event_id": "ce02f4bb-b94c-4d81-b9ca-5176b09c90d6", "reason": "rate_limited", "retry_after": 56.68050746699737, "event": "publisher.event_nack_retainable", "level": "info", "timestamp": "2026-09-18T20:55:28.250699Z"}
Sep 18 17:55:28 fim-host fim-agent[39436]: {"event_id": "003d02a8-9180-4ef4-be44-a6cc1ae4691f", "reason": "rate_limited", "retry_after": 56.664180074003525, "event": "publisher.event_nack_retainable", "level": "info", "timestamp": "2026-09-18T20:55:28.267040Z"}
Sep 18 17:55:28 fim-host fim-agent[39436]: {"event_id": "92f5e61d-b27a-4735-8a61-45abaa36c13e", "reason": "rate_limited", "retry_after": 56.65193057700526, "event": "publisher.event_nack_retainable", "level": "info", "timestamp": "2026-09-18T20:55:28.279193Z"}
Sep 18 17:55:28 fim-host fim-agent[39436]: {"event_id": "939cbd2e-db70-4e9f-871a-0822f3d2fd08", "reason": "rate_limited", "retry_after": 56.63990265400207, "event": "publisher.event_nack_retainable", "level": "info", "timestamp": "2026-09-18T20:55:28.291184Z"}
Sep 18 17:55:28 fim-host fim-agent[39436]: {"event_id": "ea80c1c6-fe53-4895-ae16-fabbb1d2e962", "reason": "rate_limited", "retry_after": 56.6277056550025, "event": "publisher.event_nack_retainable", "level": "info", "timestamp": "2026-09-18T20:55:28.303426Z"}
Sep 18 17:55:28 fim-host fim-agent[39436]: {"event_id": "dac2a05a-d026-4c01-ab76-69001dba155c", "reason": "rate_limited", "retry_after": 56.61921587900724, "event": "publisher.event_nack_retainable", "level": "info", "timestamp": "2026-09-18T20:55:28.311715Z"}
Sep 18 17:55:28 fim-host fim-agent[39436]: {"event_id": "b09dd941-d481-4515-9615-977478c564ed", "reason": "rate_limited", "retry_after": 56.610527621000074, "event": "publisher.event_nack_retainable", "level": "info", "timestamp": "2026-09-18T20:55:28.320538Z"}
Sep 18 17:55:28 fim-host fim-agent[39436]: {"event_id": "0c13d71c-f14c-4f9a-a4c4-c07f16444232", "reason": "rate_limited", "retry_after": 56.60044207100873, "event": "publisher.event_nack_retainable", "level": "info", "timestamp": "2026-09-18T20:55:28.330653Z"}
Sep 18 17:55:28 fim-host fim-agent[39436]: {"event_id": "f8f00522-0c90-4fff-ada1-481a7ad54b7d", "reason": "rate_limited", "retry_after": 56.58910502999788, "event": "publisher.event_nack_retainable", "level": "info", "timestamp": "2026-09-18T20:55:28.341797Z"}
Sep 18 17:55:28 fim-host fim-agent[39436]: {"event_id": "7eefcf84-7df5-4817-be79-9c28624f995d", "reason": "rate_limited", "retry_after": 56.578376898003626, "event": "publisher.event_nack_retainable", "level": "info", "timestamp": "2026-09-18T20:55:28.353158Z"}
Sep 18 17:55:28 fim-host fim-agent[39436]: {"event_id": "ec918588-fc31-4130-86fd-6b1e2719d662", "reason": "rate_limited", "retry_after": 56.56588783299958, "event": "publisher.event_nack_retainable", "level": "info", "timestamp": "2026-09-18T20:55:28.365451Z"}
Sep 18 17:55:28 fim-host fim-agent[39436]: {"event_id": "28218a14-e5df-482b-8ef2-384d6dc162d7", "reason": "rate_limited", "retry_after": 56.55751115799649, "event": "publisher.event_nack_retainable", "level": "info", "timestamp": "2026-09-18T20:55:28.373041Z"}
Sep 18 17:55:28 fim-host fim-agent[39436]: {"event_id": "4947700e-7a6e-4358-9364-ace413a5a4fc", "reason": "rate_limited", "retry_after": 56.55050514699542, "event": "publisher.event_nack_retainable", "level": "info", "timestamp": "2026-09-18T20:55:28.379951Z"}
Sep 18 17:55:28 fim-host fim-agent[39436]: {"event_id": "b608f4bd-af4f-4067-b8c3-4d733606c80d", "reason": "rate_limited", "retry_after": 56.5437929440086, "event": "publisher.event_nack_retainable", "level": "info", "timestamp": "2026-09-18T20:55:28.386623Z"}
Sep 18 17:55:28 fim-host fim-agent[39436]: {"event_id": "ca53e209-56c8-4a7e-b6ef-8dde50a437e3", "reason": "rate_limited", "retry_after": 56.536682817997644, "event": "publisher.event_nack_retainable", "level": "info", "timestamp": "2026-09-18T20:55:28.393795Z"}
Sep 18 17:55:28 fim-host fim-agent[39436]: {"event_id": "c8ea31c3-96a8-4502-b244-c6ef7cea7711", "reason": "rate_limited", "retry_after": 56.529338093008846, "event": "publisher.event_nack_retainable", "level": "info", "timestamp": "2026-09-18T20:55:28.401518Z"}
Sep 18 17:55:28 fim-host fim-agent[39436]: {"event_id": "03698cff-6e25-4a38-af16-8c168b92befd", "reason": "rate_limited", "retry_after": 56.52131782499782, "event": "publisher.event_nack_retainable", "level": "info", "timestamp": "2026-09-18T20:55:28.409561Z"}
Sep 18 17:55:28 fim-host fim-agent[39436]: {"event_id": "283bbfda-1e11-427a-9046-439e9d760074", "reason": "rate_limited", "retry_after": 56.51270380600181, "event": "publisher.event_nack_retainable", "level": "info", "timestamp": "2026-09-18T20:55:28.418173Z"}
Sep 18 17:55:28 fim-host fim-agent[39436]: {"event_id": "ecd6d072-0f79-4540-9eef-216152f3a614", "reason": "rate_limited", "retry_after": 56.50551567399816, "event": "publisher.event_nack_retainable", "level": "info", "timestamp": "2026-09-18T20:55:28.425349Z"}
Sep 18 17:55:28 fim-host fim-agent[39436]: {"event_id": "23925552-02bb-439d-a9d3-56ab9d2aaa72", "reason": "rate_limited", "retry_after": 56.498173013009364, "event": "publisher.event_nack_retainable", "level": "info", "timestamp": "2026-09-18T20:55:28.432449Z"}
Sep 18 17:55:28 fim-host fim-agent[39436]: {"event_id": "f1176c04-0901-41fe-964e-ec1487ba965d", "reason": "rate_limited", "retry_after": 56.49081353000656, "event": "publisher.event_nack_retainable", "level": "info", "timestamp": "2026-09-18T20:55:28.439694Z"}
Sep 18 17:55:28 fim-host fim-agent[39436]: {"event_id": "c56b451e-a81e-47ff-80c7-e42cb251162d", "reason": "rate_limited", "retry_after": 56.48371021699859, "event": "publisher.event_nack_retainable", "level": "info", "timestamp": "2026-09-18T20:55:28.447098Z"}
Sep 18 17:55:28 fim-host fim-agent[39436]: {"event_id": "314d6ecc-363e-48b0-9afe-cafe851f224f", "reason": "rate_limited", "retry_after": 56.47653742300463, "event": "publisher.event_nack_retainable", "level": "info", "timestamp": "2026-09-18T20:55:28.454490Z"}
Sep 18 17:55:28 fim-host fim-agent[39436]: {"event_id": "9abf8a26-ed3a-4827-a8b5-6df22d1a5957", "reason": "rate_limited", "retry_after": 56.4681623110082, "event": "publisher.event_nack_retainable", "level": "info", "timestamp": "2026-09-18T20:55:28.462324Z"}
Sep 18 17:55:28 fim-host fim-agent[39436]: {"event_id": "b1712b65-a249-44f0-9152-ddac229250a9", "reason": "rate_limited", "retry_after": 56.46166673400148, "event": "publisher.event_nack_retainable", "level": "info", "timestamp": "2026-09-18T20:55:28.468896Z"}
Sep 18 17:55:28 fim-host fim-agent[39436]: {"event_id": "e02e5eb9-599d-48c7-8c71-9b257cf95499", "reason": "rate_limited", "retry_after": 56.4558272340073, "event": "publisher.event_nack_retainable", "level": "info", "timestamp": "2026-09-18T20:55:28.474636Z"}
Sep 18 17:55:28 fim-host fim-agent[39436]: {"event_id": "251485d4-5ae3-42fb-9752-a9acf2c0cf20", "reason": "rate_limited", "retry_after": 56.45001196900557, "event": "publisher.event_nack_retainable", "level": "info", "timestamp": "2026-09-18T20:55:28.480520Z"}
Sep 18 17:55:28 fim-host fim-agent[39436]: {"event_id": "774cc63f-e3ec-470a-be0b-04f40976794c", "reason": "rate_limited", "retry_after": 56.444358367007226, "event": "publisher.event_nack_retainable", "level": "info", "timestamp": "2026-09-18T20:55:28.486173Z"}
Sep 18 17:55:28 fim-host fim-agent[39436]: {"event_id": "7508791a-2072-48bc-96ea-2562b952fd28", "reason": "rate_limited", "retry_after": 56.43801925200387, "event": "publisher.event_nack_retainable", "level": "info", "timestamp": "2026-09-18T20:55:28.492603Z"}
Sep 18 17:55:28 fim-host fim-agent[39436]: {"event_id": "ed756e74-c6cd-49c0-8203-da0a68742dd9", "reason": "rate_limited", "retry_after": 56.43148961200495, "event": "publisher.event_nack_retainable", "level": "info", "timestamp": "2026-09-18T20:55:28.499237Z"}
Sep 18 17:55:28 fim-host fim-agent[39436]: {"event_id": "3d9cea1a-3223-4e5d-82e0-7cfc70af8884", "reason": "rate_limited", "retry_after": 56.42586143700464, "event": "publisher.event_nack_retainable", "level": "info", "timestamp": "2026-09-18T20:55:28.504392Z"}
Sep 18 17:55:28 fim-host fim-agent[39436]: {"event_id": "512834f9-ab64-41c1-904e-2c63c67303c3", "reason": "rate_limited", "retry_after": 56.42083790199831, "event": "publisher.event_nack_retainable", "level": "info", "timestamp": "2026-09-18T20:55:28.509457Z"}
Sep 18 17:55:28 fim-host fim-agent[39436]: {"event_id": "51e42ba4-8dd6-4e1b-8a54-1f5a27487c53", "reason": "rate_limited", "retry_after": 56.41589277499588, "event": "publisher.event_nack_retainable", "level": "info", "timestamp": "2026-09-18T20:55:28.514423Z"}
Sep 18 17:55:28 fim-host fim-agent[39436]: {"event_id": "acb20372-95dd-480d-a17e-6d68841066bc", "reason": "rate_limited", "retry_after": 56.41057974900468, "event": "publisher.event_nack_retainable", "level": "info", "timestamp": "2026-09-18T20:55:28.519759Z"}
Sep 18 17:55:28 fim-host fim-agent[39436]: {"event_id": "320a3c6d-32a1-4d25-bd5f-4d7fe93366f5", "reason": "rate_limited", "retry_after": 56.40351516800001, "event": "publisher.event_nack_retainable", "level": "info", "timestamp": "2026-09-18T20:55:28.526886Z"}
Sep 18 17:55:28 fim-host fim-agent[39436]: {"event_id": "5a9a8b9e-788d-4913-ac62-abb3ed3b9f86", "reason": "rate_limited", "retry_after": 56.39544646900322, "event": "publisher.event_nack_retainable", "level": "info", "timestamp": "2026-09-18T20:55:28.535632Z"}
Sep 18 17:55:28 fim-host fim-agent[39436]: {"event_id": "f7dce6e4-1888-4ced-bf32-eb0f41fdb8d4", "reason": "rate_limited", "retry_after": 56.38300421200984, "event": "publisher.event_nack_retainable", "level": "info", "timestamp": "2026-09-18T20:55:28.548523Z"}
Sep 18 17:55:28 fim-host fim-agent[39436]: {"event_id": "d2ccb083-e3b0-4338-9f89-659025dc84f9", "reason": "rate_limited", "retry_after": 56.370986588008236, "event": "publisher.event_nack_retainable", "level": "info", "timestamp": "2026-09-18T20:55:28.560295Z"}
Sep 18 17:55:28 fim-host fim-agent[39436]: {"event_id": "a71cfc10-9559-4bc1-af8a-10778249985b", "reason": "rate_limited", "retry_after": 56.35805485500896, "event": "publisher.event_nack_retainable", "level": "info", "timestamp": "2026-09-18T20:55:28.573261Z"}
Sep 18 17:55:28 fim-host fim-agent[39436]: {"event_id": "780573f7-c743-4ff2-b1e7-2e3ebbb32563", "reason": "rate_limited", "retry_after": 56.345314580001286, "event": "publisher.event_nack_retainable", "level": "info", "timestamp": "2026-09-18T20:55:28.585987Z"}
Sep 18 17:55:28 fim-host fim-agent[39436]: {"event_id": "9da1aa93-1439-4387-b54c-b503c60f6bf7", "reason": "rate_limited", "retry_after": 56.3321848869964, "event": "publisher.event_nack_retainable", "level": "info", "timestamp": "2026-09-18T20:55:28.599100Z"}
Sep 18 17:55:28 fim-host fim-agent[39436]: {"event_id": "1b5f6dc6-42a7-47ba-a1df-10bb8c315b81", "reason": "rate_limited", "retry_after": 56.319240090000676, "event": "publisher.event_nack_retainable", "level": "info", "timestamp": "2026-09-18T20:55:28.611960Z"}
Sep 18 17:55:28 fim-host fim-agent[39436]: {"event_id": "91bb5988-e075-455e-ac7b-b48d3d88cd08", "reason": "rate_limited", "retry_after": 56.30648710099922, "event": "publisher.event_nack_retainable", "level": "info", "timestamp": "2026-09-18T20:55:28.624723Z"}
Sep 18 17:55:28 fim-host fim-agent[39436]: {"event_id": "cd21f11b-88be-41c7-b036-9a8f864f10d3", "reason": "rate_limited", "retry_after": 56.29364900299697, "event": "publisher.event_nack_retainable", "level": "info", "timestamp": "2026-09-18T20:55:28.637586Z"}
Sep 18 17:55:28 fim-host fim-agent[39436]: {"event_id": "9ce80966-b581-4334-8b43-83342c2c6811", "reason": "rate_limited", "retry_after": 56.28082495099807, "event": "publisher.event_nack_retainable", "level": "info", "timestamp": "2026-09-18T20:55:28.650479Z"}
Sep 18 17:55:28 fim-host fim-agent[39436]: {"event_id": "6e43a65d-241a-4147-8276-e9ceaa07b969", "reason": "rate_limited", "retry_after": 56.26802850099921, "event": "publisher.event_nack_retainable", "level": "info", "timestamp": "2026-09-18T20:55:28.663208Z"}
Sep 18 17:55:28 fim-host fim-agent[39436]: {"event_id": "59fa66d2-0bfd-4d36-8213-11e7cec78c84", "reason": "rate_limited", "retry_after": 56.254978958007996, "event": "publisher.event_nack_retainable", "level": "info", "timestamp": "2026-09-18T20:55:28.676257Z"}
Sep 18 17:55:28 fim-host fim-agent[39436]: {"event_id": "ef2809ce-62ea-4e7e-a09d-9a1261ab42b4", "reason": "rate_limited", "retry_after": 56.242161900008796, "event": "publisher.event_nack_retainable", "level": "info", "timestamp": "2026-09-18T20:55:28.689151Z"}
Sep 18 17:55:28 fim-host fim-agent[39436]: {"event_id": "b489dcf7-ea18-4f70-ae20-a5a3fea26006", "reason": "rate_limited", "retry_after": 56.22936598100932, "event": "publisher.event_nack_retainable", "level": "info", "timestamp": "2026-09-18T20:55:28.701828Z"}
Sep 18 17:55:28 fim-host fim-agent[39436]: {"event_id": "9af7ba93-5ecd-458b-8116-cae98e64be05", "reason": "rate_limited", "retry_after": 56.216497396002524, "event": "publisher.event_nack_retainable", "level": "info", "timestamp": "2026-09-18T20:55:28.714698Z"}
Sep 18 17:55:28 fim-host fim-agent[39436]: {"event_id": "07fbcbcb-0e53-46d4-9757-ffa63825961d", "reason": "rate_limited", "retry_after": 56.203816522000125, "event": "publisher.event_nack_retainable", "level": "info", "timestamp": "2026-09-18T20:55:28.727441Z"}
Sep 18 17:55:28 fim-host fim-agent[39436]: {"event_id": "025185ad-b519-4e71-b037-8fed92d62d2f", "reason": "rate_limited", "retry_after": 56.18953558600333, "event": "publisher.event_nack_retainable", "level": "info", "timestamp": "2026-09-18T20:55:28.741352Z"}
Sep 18 17:55:28 fim-host fim-agent[39436]: {"event_id": "9438ab09-1898-453b-afc0-3186a7de8a2e", "reason": "rate_limited", "retry_after": 56.17982803200721, "event": "publisher.event_nack_retainable", "level": "info", "timestamp": "2026-09-18T20:55:28.750918Z"}
Sep 18 17:55:28 fim-host fim-agent[39436]: {"event_id": "0365075a-dbff-4541-ad8e-c70f7bdd8d00", "reason": "rate_limited", "retry_after": 56.173773260001326, "event": "publisher.event_nack_retainable", "level": "info", "timestamp": "2026-09-18T20:55:28.756557Z"}
Sep 18 17:55:28 fim-host fim-agent[39436]: {"event_id": "77c69524-ec01-4d1c-86f6-6c65130a3408", "reason": "rate_limited", "retry_after": 56.167539021000266, "event": "publisher.event_nack_retainable", "level": "info", "timestamp": "2026-09-18T20:55:28.762833Z"}
Sep 18 17:55:28 fim-host fim-agent[39436]: {"event_id": "b894001b-ec26-4f2c-b4fd-080d67ea79b5", "reason": "rate_limited", "retry_after": 56.1592007480067, "event": "publisher.event_nack_retainable", "level": "info", "timestamp": "2026-09-18T20:55:28.771632Z"}
Sep 18 17:55:28 fim-host fim-agent[39436]: {"event_id": "72148086-a571-4bcd-9ff8-0df93256c91a", "reason": "rate_limited", "retry_after": 56.15252458299801, "event": "publisher.event_nack_retainable", "level": "info", "timestamp": "2026-09-18T20:55:28.778220Z"}
Sep 18 17:55:28 fim-host fim-agent[39436]: {"event_id": "247f845a-f438-4008-ab08-e9113f6f665f", "reason": "rate_limited", "retry_after": 56.14607522300503, "event": "publisher.event_nack_retainable", "level": "info", "timestamp": "2026-09-18T20:55:28.784549Z"}
Sep 18 17:55:28 fim-host fim-agent[39436]: {"event_id": "6cd99160-f8da-4605-b303-1fcf8dff7bbf", "reason": "rate_limited", "retry_after": 56.140354775008745, "event": "publisher.event_nack_retainable", "level": "info", "timestamp": "2026-09-18T20:55:28.790235Z"}
Sep 18 17:55:28 fim-host fim-agent[39436]: {"event_id": "406c9179-167d-441f-95c5-5a0febb90fd6", "reason": "rate_limited", "retry_after": 56.13383173699549, "event": "publisher.event_nack_retainable", "level": "info", "timestamp": "2026-09-18T20:55:28.796911Z"}
Sep 18 17:55:28 fim-host fim-agent[39436]: {"event_id": "ba328653-4cb5-4e1c-95cb-ec301671b9ed", "reason": "rate_limited", "retry_after": 56.12488912399567, "event": "publisher.event_nack_retainable", "level": "info", "timestamp": "2026-09-18T20:55:28.805836Z"}
Sep 18 17:55:28 fim-host fim-agent[39436]: {"event_id": "af47a1c6-fd64-43a8-9f04-32e7eaa57787", "reason": "rate_limited", "retry_after": 56.11800295600551, "event": "publisher.event_nack_retainable", "level": "info", "timestamp": "2026-09-18T20:55:28.812474Z"}
Sep 18 17:55:28 fim-host fim-agent[39436]: {"event_id": "0bfc2370-435c-4de5-ba49-51497dccc096", "reason": "rate_limited", "retry_after": 56.11289326100086, "event": "publisher.event_nack_retainable", "level": "info", "timestamp": "2026-09-18T20:55:28.817397Z"}
Sep 18 17:55:28 fim-host fim-agent[39436]: {"event_id": "9a8a3e4f-7727-4e54-a851-05b96a6172c0", "reason": "rate_limited", "retry_after": 56.10782553399622, "event": "publisher.event_nack_retainable", "level": "info", "timestamp": "2026-09-18T20:55:28.822600Z"}
Sep 18 17:55:28 fim-host fim-agent[39436]: {"event_id": "36042765-df8f-45cd-a155-6191c7a5d8ce", "reason": "rate_limited", "retry_after": 56.102724584998214, "event": "publisher.event_nack_retainable", "level": "info", "timestamp": "2026-09-18T20:55:28.827537Z"}
Sep 18 17:55:28 fim-host fim-agent[39436]: {"event_id": "57ef6bc4-88d2-4e2e-86f3-72613e61e09c", "reason": "rate_limited", "retry_after": 56.09779344400158, "event": "publisher.event_nack_retainable", "level": "info", "timestamp": "2026-09-18T20:55:28.832489Z"}
Sep 18 17:55:28 fim-host fim-agent[39436]: {"event_id": "9c0c3c43-ff3c-426e-b97d-c120046dd1b5", "reason": "rate_limited", "retry_after": 56.092762405009125, "event": "publisher.event_nack_retainable", "level": "info", "timestamp": "2026-09-18T20:55:28.837663Z"}
Sep 18 17:55:28 fim-host fim-agent[39436]: {"event_id": "4b7aaf7e-613a-4482-ae4a-dad6ee5eace3", "reason": "rate_limited", "retry_after": 56.08716295400518, "event": "publisher.event_nack_retainable", "level": "info", "timestamp": "2026-09-18T20:55:28.843394Z"}
Sep 18 17:55:28 fim-host fim-agent[39436]: {"event_id": "32db9b41-f27c-4039-8987-92e7cca867ea", "reason": "rate_limited", "retry_after": 56.08013768600358, "event": "publisher.event_nack_retainable", "level": "info", "timestamp": "2026-09-18T20:55:28.850432Z"}
Sep 18 17:55:28 fim-host fim-agent[39436]: {"event_id": "47207183-060e-4b78-8d82-985d28a16ec7", "reason": "rate_limited", "retry_after": 56.072757816000376, "event": "publisher.event_nack_retainable", "level": "info", "timestamp": "2026-09-18T20:55:28.858058Z"}
Sep 18 17:55:28 fim-host fim-agent[39436]: {"event_id": "cefecab1-b8ad-4b38-8033-38febefd3432", "reason": "rate_limited", "retry_after": 56.06586549700296, "event": "publisher.event_nack_retainable", "level": "info", "timestamp": "2026-09-18T20:55:28.864927Z"}
Sep 18 17:55:28 fim-host fim-agent[39436]: {"event_id": "61fb6570-1b3f-4114-b3fc-f78736a48882", "reason": "rate_limited", "retry_after": 56.058677174005425, "event": "publisher.event_nack_retainable", "level": "info", "timestamp": "2026-09-18T20:55:28.872249Z"}
Sep 18 17:55:28 fim-host fim-agent[39436]: {"event_id": "0f7a7876-4212-48bb-bf05-0c2fc6e3ac1d", "reason": "rate_limited", "retry_after": 56.05151217500679, "event": "publisher.event_nack_retainable", "level": "info", "timestamp": "2026-09-18T20:55:28.879440Z"}
Sep 18 17:55:28 fim-host fim-agent[39436]: {"event_id": "6614fedf-96cb-418b-a4dc-985b3308a081", "reason": "rate_limited", "retry_after": 56.04417385200213, "event": "publisher.event_nack_retainable", "level": "info", "timestamp": "2026-09-18T20:55:28.886630Z"}
Sep 18 17:55:28 fim-host fim-agent[39436]: {"event_id": "3a705024-280d-423d-aba6-11cf209c8b60", "reason": "rate_limited", "retry_after": 56.03616367300856, "event": "publisher.event_nack_retainable", "level": "info", "timestamp": "2026-09-18T20:55:28.894943Z"}
Sep 18 17:55:28 fim-host fim-agent[39436]: {"event_id": "6c289650-f294-4f08-b1b0-64eb6c993b3a", "reason": "rate_limited", "retry_after": 56.028489832009654, "event": "publisher.event_nack_retainable", "level": "info", "timestamp": "2026-09-18T20:55:28.902254Z"}
Sep 18 17:55:28 fim-host fim-agent[39436]: {"event_id": "c1ce4a00-ffa5-4999-acee-c4cac9c0bcdc", "reason": "rate_limited", "retry_after": 56.0218904009962, "event": "publisher.event_nack_retainable", "level": "info", "timestamp": "2026-09-18T20:55:28.908701Z"}
Sep 18 17:55:28 fim-host fim-agent[39436]: {"event_id": "80c44836-41e3-4b30-9f97-888b4d63194b", "reason": "rate_limited", "retry_after": 56.01489241499803, "event": "publisher.event_nack_retainable", "level": "info", "timestamp": "2026-09-18T20:55:28.916012Z"}
Sep 18 17:55:28 fim-host fim-agent[39436]: {"event_id": "5e612c4e-d448-4c07-a3b5-4f4a432cfecf", "reason": "rate_limited", "retry_after": 56.008129046997055, "event": "publisher.event_nack_retainable", "level": "info", "timestamp": "2026-09-18T20:55:28.922530Z"}
Sep 18 17:55:28 fim-host fim-agent[39436]: {"event_id": "5c353ba4-a281-4c86-8506-88c4006fe01a", "reason": "rate_limited", "retry_after": 55.9992934440088, "event": "publisher.event_nack_retainable", "level": "info", "timestamp": "2026-09-18T20:55:28.931722Z"}
Sep 18 17:55:28 fim-host fim-agent[39436]: {"event_id": "f22fd29e-8285-4915-9945-8c761f777396", "reason": "rate_limited", "retry_after": 55.988016485003754, "event": "publisher.event_nack_retainable", "level": "info", "timestamp": "2026-09-18T20:55:28.943159Z"}
Sep 18 17:55:28 fim-host fim-agent[39436]: {"event_id": "79d84e4f-8339-47ee-9174-a07f17d986ca", "reason": "rate_limited", "retry_after": 55.97599088700372, "event": "publisher.event_nack_retainable", "level": "info", "timestamp": "2026-09-18T20:55:28.955186Z"}
Sep 18 17:55:28 fim-host fim-agent[39436]: {"event_id": "f14d69e7-a9ae-4bc8-bb6e-5482bd4252e2", "reason": "rate_limited", "retry_after": 55.96354393000365, "event": "publisher.event_nack_retainable", "level": "info", "timestamp": "2026-09-18T20:55:28.967619Z"}
Sep 18 17:55:28 fim-host fim-agent[39436]: {"event_id": "5ef7ec6b-0659-40c6-aa4c-e7e4f069f660", "reason": "rate_limited", "retry_after": 55.95072262400936, "event": "publisher.event_nack_retainable", "level": "info", "timestamp": "2026-09-18T20:55:28.980510Z"}
Sep 18 17:55:28 fim-host fim-agent[39436]: {"event_id": "e30ca11a-7303-4ba7-ac44-765ca8ed67de", "reason": "rate_limited", "retry_after": 55.93720829200174, "event": "publisher.event_nack_retainable", "level": "info", "timestamp": "2026-09-18T20:55:28.994024Z"}
Sep 18 17:55:29 fim-host fim-agent[39436]: {"event_id": "0993885c-f807-448d-b7b4-4a35c8963873", "reason": "rate_limited", "retry_after": 55.92414308899606, "event": "publisher.event_nack_retainable", "level": "info", "timestamp": "2026-09-18T20:55:29.007138Z"}
Sep 18 17:55:29 fim-host fim-agent[39436]: {"event_id": "78398be7-5790-4778-abdb-322330a0874b", "reason": "rate_limited", "retry_after": 55.91076587300631, "event": "publisher.event_nack_retainable", "level": "info", "timestamp": "2026-09-18T20:55:29.020665Z"}
Sep 18 17:55:29 fim-host fim-agent[39436]: {"event_id": "eb530a7c-2beb-43cd-8f8a-d1c912849fb5", "reason": "rate_limited", "retry_after": 55.896752207001555, "event": "publisher.event_nack_retainable", "level": "info", "timestamp": "2026-09-18T20:55:29.034702Z"}
Sep 18 17:55:29 fim-host fim-agent[39436]: {"event_id": "b5af5ad2-b35c-49b2-9e8a-0738996e7117", "reason": "rate_limited", "retry_after": 55.8835086300096, "event": "publisher.event_nack_retainable", "level": "info", "timestamp": "2026-09-18T20:55:29.047906Z"}
Sep 18 17:55:29 fim-host fim-agent[39436]: {"event_id": "efbc26fe-5891-4c03-b06f-2e8806239a63", "reason": "rate_limited", "retry_after": 55.870385158996214, "event": "publisher.event_nack_retainable", "level": "info", "timestamp": "2026-09-18T20:55:29.061094Z"}
Sep 18 17:55:29 fim-host fim-agent[39436]: {"event_id": "677db8c3-500c-4b67-9da4-83682d91d458", "reason": "rate_limited", "retry_after": 55.857518878008705, "event": "publisher.event_nack_retainable", "level": "info", "timestamp": "2026-09-18T20:55:29.073969Z"}
Sep 18 17:55:29 fim-host fim-agent[39436]: {"event_id": "f6853f67-480d-4eeb-8b19-3ed2e7246f8b", "reason": "rate_limited", "retry_after": 55.84422674099915, "event": "publisher.event_nack_retainable", "level": "info", "timestamp": "2026-09-18T20:55:29.087188Z"}
Sep 18 17:55:29 fim-host fim-agent[39436]: {"event_id": "cbc05c19-302d-4634-a4a7-662312b88cee", "reason": "rate_limited", "retry_after": 55.83140077600547, "event": "publisher.event_nack_retainable", "level": "info", "timestamp": "2026-09-18T20:55:29.099934Z"}
Sep 18 17:55:29 fim-host fim-agent[39436]: {"event_id": "56a9127d-4870-4d0c-87d7-6243558826fb", "reason": "rate_limited", "retry_after": 55.818394624002394, "event": "publisher.event_nack_retainable", "level": "info", "timestamp": "2026-09-18T20:55:29.112822Z"}
Sep 18 17:55:29 fim-host fim-agent[39436]: {"event_id": "02dbc072-3309-4134-bcd8-645c02bf0138", "reason": "rate_limited", "retry_after": 55.80519720399752, "event": "publisher.event_nack_retainable", "level": "info", "timestamp": "2026-09-18T20:55:29.126072Z"}
Sep 18 17:55:29 fim-host fim-agent[39436]: {"event_id": "116c29fb-5fd7-473d-876d-c7ff65b05bd0", "reason": "rate_limited", "retry_after": 55.79195295700629, "event": "publisher.event_nack_retainable", "level": "info", "timestamp": "2026-09-18T20:55:29.139352Z"}
Sep 18 17:55:29 fim-host fim-agent[39436]: {"event_id": "4c6dfe23-c219-444a-bb6a-5d75d1d9fa6e", "reason": "rate_limited", "retry_after": 55.778769483004, "event": "publisher.event_nack_retainable", "level": "info", "timestamp": "2026-09-18T20:55:29.152521Z"}
Sep 18 17:55:29 fim-host fim-agent[39436]: {"event_id": "9c21bf4e-29ae-4ffd-8563-93485a08daec", "reason": "rate_limited", "retry_after": 55.76561659699655, "event": "publisher.event_nack_retainable", "level": "info", "timestamp": "2026-09-18T20:55:29.165781Z"}
Sep 18 17:55:29 fim-host fim-agent[39436]: {"event_id": "9f33d80e-1f76-4330-86d5-4df9adee1a9c", "reason": "rate_limited", "retry_after": 55.751740186999086, "event": "publisher.event_nack_retainable", "level": "info", "timestamp": "2026-09-18T20:55:29.179571Z"}
Sep 18 17:56:26 fim-host fim-agent[39436]: {"event_id": "2c26a3ab-c956-4873-8152-c2b53b70951d", "event": "publisher.event_retried", "level": "info", "timestamp": "2026-09-18T20:56:26.521576Z"}
Sep 18 17:56:26 fim-host fim-agent[39436]: {"event_id": "2c26a3ab-c956-4873-8152-c2b53b70951d", "event": "publisher.event_acked", "level": "info", "timestamp": "2026-09-18T20:56:26.523037Z"}
Sep 18 17:56:26 fim-host fim-agent[39436]: {"event_id": "ec76883a-6b56-46cd-8908-a3222a954e52", "event": "publisher.event_retried", "level": "info", "timestamp": "2026-09-18T20:56:26.530392Z"}
Sep 18 17:56:26 fim-host fim-agent[39436]: {"event_id": "6ba126ef-c488-471f-8c75-352bb30d9533", "event": "publisher.event_retried", "level": "info", "timestamp": "2026-09-18T20:56:26.535538Z"}
Sep 18 17:56:26 fim-host fim-agent[39436]: {"event_id": "ec76883a-6b56-46cd-8908-a3222a954e52", "event": "publisher.event_acked", "level": "info", "timestamp": "2026-09-18T20:56:26.537991Z"}
Sep 18 17:56:26 fim-host fim-agent[39436]: {"event_id": "96d50bd6-91e9-484f-a8ba-079821c81771", "event": "publisher.event_retried", "level": "info", "timestamp": "2026-09-18T20:56:26.547670Z"}
Sep 18 17:56:26 fim-host fim-agent[39436]: {"event_id": "af13fc29-8fba-42a1-bacb-0d1479bcb78e", "event": "publisher.event_retried", "level": "info", "timestamp": "2026-09-18T20:56:26.553162Z"}
Sep 18 17:56:26 fim-host fim-agent[39436]: {"event_id": "bc9726ed-5a06-400c-8aa3-543a4edf911b", "event": "publisher.event_retried", "level": "info", "timestamp": "2026-09-18T20:56:26.559630Z"}
Sep 18 17:56:26 fim-host fim-agent[39436]: {"event_id": "6f10b524-c4a7-4431-99d1-ee88a94b0eb7", "event": "publisher.event_retried", "level": "info", "timestamp": "2026-09-18T20:56:26.566028Z"}
Sep 18 17:56:26 fim-host fim-agent[39436]: {"event_id": "6ba126ef-c488-471f-8c75-352bb30d9533", "event": "publisher.event_acked", "level": "info", "timestamp": "2026-09-18T20:56:26.569033Z"}
Sep 18 17:56:26 fim-host fim-agent[39436]: {"event_id": "03836dd4-6e19-4133-95f1-c2c4ce2fb7c2", "event": "publisher.event_retried", "level": "info", "timestamp": "2026-09-18T20:56:26.577632Z"}
Sep 18 17:56:26 fim-host fim-agent[39436]: {"event_id": "9a584af7-20ac-46c6-87cc-262824a523bc", "event": "publisher.event_retried", "level": "info", "timestamp": "2026-09-18T20:56:26.583968Z"}
Sep 18 17:56:26 fim-host fim-agent[39436]: {"event_id": "5fc84cd4-24c8-4877-ac6e-549d5ab3e701", "event": "publisher.event_retried", "level": "info", "timestamp": "2026-09-18T20:56:26.589630Z"}
Sep 18 17:56:26 fim-host fim-agent[39436]: {"event_id": "96d50bd6-91e9-484f-a8ba-079821c81771", "event": "publisher.event_acked", "level": "info", "timestamp": "2026-09-18T20:56:26.591020Z"}
Sep 18 17:56:26 fim-host fim-agent[39436]: {"event_id": "88305dae-f6b4-4db1-bb90-c79b27693ccd", "event": "publisher.event_retried", "level": "info", "timestamp": "2026-09-18T20:56:26.597340Z"}
Sep 18 17:56:26 fim-host fim-agent[39436]: {"event_id": "1f287b1d-795b-4241-b3f6-2f06950e4449", "event": "publisher.event_retried", "level": "info", "timestamp": "2026-09-18T20:56:26.601846Z"}
Sep 18 17:56:26 fim-host fim-agent[39436]: {"event_id": "f5b01c4f-08cc-4e98-b5a4-95095c0bbed8", "event": "publisher.event_retried", "level": "info", "timestamp": "2026-09-18T20:56:26.607300Z"}
Sep 18 17:56:26 fim-host fim-agent[39436]: {"event_id": "e8e266bf-58cb-4985-9cc0-5b00677d9d9f", "event": "publisher.event_retried", "level": "info", "timestamp": "2026-09-18T20:56:26.613543Z"}
Sep 18 17:56:26 fim-host fim-agent[39436]: {"event_id": "af13fc29-8fba-42a1-bacb-0d1479bcb78e", "event": "publisher.event_acked", "level": "info", "timestamp": "2026-09-18T20:56:26.616474Z"}
Sep 18 17:56:26 fim-host fim-agent[39436]: {"event_id": "2d9243b9-ec17-4a9e-8845-1d12235ea51b", "event": "publisher.event_retried", "level": "info", "timestamp": "2026-09-18T20:56:26.625351Z"}
Sep 18 17:56:26 fim-host fim-agent[39436]: {"event_id": "a137280d-f38d-438f-b4e3-50ecfe9d2f05", "event": "publisher.event_retried", "level": "info", "timestamp": "2026-09-18T20:56:26.629692Z"}
Sep 18 17:56:26 fim-host fim-agent[39436]: {"event_id": "8e6c025b-3af5-47cd-a4db-fc9e6e348bd7", "event": "publisher.event_retried", "level": "info", "timestamp": "2026-09-18T20:56:26.634445Z"}
Sep 18 17:56:26 fim-host fim-agent[39436]: {"event_id": "bc9726ed-5a06-400c-8aa3-543a4edf911b", "event": "publisher.event_acked", "level": "info", "timestamp": "2026-09-18T20:56:26.635401Z"}
Sep 18 17:56:26 fim-host fim-agent[39436]: {"event_id": "4c6cafe4-08f2-409f-a91d-c72bcdd5125f", "event": "publisher.event_retried", "level": "info", "timestamp": "2026-09-18T20:56:26.641047Z"}
Sep 18 17:56:26 fim-host fim-agent[39436]: {"event_id": "b5a02e58-279d-4aa1-ada5-026bdd4fd3ec", "event": "publisher.event_retried", "level": "info", "timestamp": "2026-09-18T20:56:26.645703Z"}
Sep 18 17:56:26 fim-host fim-agent[39436]: {"event_id": "b70a4e7c-985d-40e9-87ca-74652700c0a3", "event": "publisher.event_retried", "level": "info", "timestamp": "2026-09-18T20:56:26.649716Z"}
Sep 18 17:56:26 fim-host fim-agent[39436]: {"event_id": "eda8502f-17c8-4817-902c-ea880468e626", "event": "publisher.event_retried", "level": "info", "timestamp": "2026-09-18T20:56:26.653758Z"}
Sep 18 17:56:26 fim-host fim-agent[39436]: {"event_id": "4e30726c-df9c-4bb6-8cbb-6d8f32fff530", "event": "publisher.event_retried", "level": "info", "timestamp": "2026-09-18T20:56:26.657429Z"}
Sep 18 17:56:26 fim-host fim-agent[39436]: {"event_id": "61a063c0-0498-41a8-836e-82c3ce3f356a", "event": "publisher.event_retried", "level": "info", "timestamp": "2026-09-18T20:56:26.661250Z"}
Sep 18 17:56:26 fim-host fim-agent[39436]: {"event_id": "6f10b524-c4a7-4431-99d1-ee88a94b0eb7", "event": "publisher.event_acked", "level": "info", "timestamp": "2026-09-18T20:56:26.662585Z"}
Sep 18 17:56:26 fim-host fim-agent[39436]: {"event_id": "4de50bdf-df34-4f08-aac0-6b26f6e7d644", "event": "publisher.event_retried", "level": "info", "timestamp": "2026-09-18T20:56:26.669295Z"}
Sep 18 17:56:26 fim-host fim-agent[39436]: {"event_id": "94c85ad8-bfcd-4584-b1e3-cfa9ab31b399", "event": "publisher.event_retried", "level": "info", "timestamp": "2026-09-18T20:56:26.672898Z"}
Sep 18 17:56:26 fim-host fim-agent[39436]: {"event_id": "767daae9-c05c-4a9f-a952-11f2d65f68da", "event": "publisher.event_retried", "level": "info", "timestamp": "2026-09-18T20:56:26.676786Z"}
Sep 18 17:56:26 fim-host fim-agent[39436]: {"event_id": "caefb8de-eb88-4391-9e59-4932a686d726", "event": "publisher.event_retried", "level": "info", "timestamp": "2026-09-18T20:56:26.680791Z"}
Sep 18 17:56:26 fim-host fim-agent[39436]: {"event_id": "0d0e0073-5084-4364-9df6-77e05dffe109", "event": "publisher.event_retried", "level": "info", "timestamp": "2026-09-18T20:56:26.684208Z"}
Sep 18 17:56:26 fim-host fim-agent[39436]: {"event_id": "03836dd4-6e19-4133-95f1-c2c4ce2fb7c2", "event": "publisher.event_acked", "level": "info", "timestamp": "2026-09-18T20:56:26.685550Z"}
Sep 18 17:56:26 fim-host fim-agent[39436]: {"event_id": "787fa434-7c05-46de-b7ff-8d2452cfb585", "event": "publisher.event_retried", "level": "info", "timestamp": "2026-09-18T20:56:26.691294Z"}
Sep 18 17:56:26 fim-host fim-agent[39436]: {"event_id": "6a26bddf-1edc-4e3f-827c-7cea964c7a03", "event": "publisher.event_retried", "level": "info", "timestamp": "2026-09-18T20:56:26.696191Z"}
Sep 18 17:56:26 fim-host fim-agent[39436]: {"event_id": "18f3eae9-7f9d-4629-8e34-7ef5f861c363", "event": "publisher.event_retried", "level": "info", "timestamp": "2026-09-18T20:56:26.699959Z"}
Sep 18 17:56:26 fim-host fim-agent[39436]: {"event_id": "695d1d68-240d-4547-bf2a-37f0d09dbb84", "event": "publisher.event_retried", "level": "info", "timestamp": "2026-09-18T20:56:26.703810Z"}
Sep 18 17:56:26 fim-host fim-agent[39436]: {"event_id": "9a584af7-20ac-46c6-87cc-262824a523bc", "event": "publisher.event_acked", "level": "info", "timestamp": "2026-09-18T20:56:26.705176Z"}
Sep 18 17:56:26 fim-host fim-agent[39436]: {"event_id": "c8a83546-ffc2-4a40-9514-7149afa408fe", "event": "publisher.event_retried", "level": "info", "timestamp": "2026-09-18T20:56:26.710790Z"}
Sep 18 17:56:26 fim-host fim-agent[39436]: {"event_id": "345c529a-4850-4c8e-bf7d-d60d49b7974b", "event": "publisher.event_retried", "level": "info", "timestamp": "2026-09-18T20:56:26.714302Z"}
Sep 18 17:56:26 fim-host fim-agent[39436]: {"event_id": "e69ee51c-c0db-40f9-a11d-1f63cee3ebdf", "event": "publisher.event_retried", "level": "info", "timestamp": "2026-09-18T20:56:26.718080Z"}
Sep 18 17:56:26 fim-host fim-agent[39436]: {"event_id": "3ec4652f-45aa-4d31-a038-471244615b30", "event": "publisher.event_retried", "level": "info", "timestamp": "2026-09-18T20:56:26.721594Z"}
Sep 18 17:56:26 fim-host fim-agent[39436]: {"event_id": "39f2f8c4-533c-4afe-b8c0-87fe4ab156fd", "event": "publisher.event_retried", "level": "info", "timestamp": "2026-09-18T20:56:26.725018Z"}
Sep 18 17:56:26 fim-host fim-agent[39436]: {"event_id": "c68ca15d-d73c-4d8d-bfc5-66e7610b3217", "event": "publisher.event_retried", "level": "info", "timestamp": "2026-09-18T20:56:26.728421Z"}
Sep 18 17:56:26 fim-host fim-agent[39436]: {"event_id": "5fc84cd4-24c8-4877-ac6e-549d5ab3e701", "event": "publisher.event_acked", "level": "info", "timestamp": "2026-09-18T20:56:26.729809Z"}
Sep 18 17:56:26 fim-host fim-agent[39436]: {"event_id": "0ffd30cb-3363-49c9-8493-e01533a3b562", "event": "publisher.event_retried", "level": "info", "timestamp": "2026-09-18T20:56:26.735744Z"}
Sep 18 17:56:26 fim-host fim-agent[39436]: {"event_id": "ae31549a-3c9d-48e8-a4c1-b62d76dfe040", "event": "publisher.event_retried", "level": "info", "timestamp": "2026-09-18T20:56:26.739345Z"}
Sep 18 17:56:26 fim-host fim-agent[39436]: {"event_id": "96594c2e-5d4f-4406-b621-1fbe52e211c7", "event": "publisher.event_retried", "level": "info", "timestamp": "2026-09-18T20:56:26.743285Z"}
Sep 18 17:56:26 fim-host fim-agent[39436]: {"event_id": "295e9e7d-b15f-405b-8e39-dabf8d30eab3", "event": "publisher.event_retried", "level": "info", "timestamp": "2026-09-18T20:56:26.747374Z"}
Sep 18 17:56:26 fim-host fim-agent[39436]: {"event_id": "29af88aa-67a9-4662-a185-72b91a442f5d", "event": "publisher.event_retried", "level": "info", "timestamp": "2026-09-18T20:56:26.751594Z"}
Sep 18 17:56:26 fim-host fim-agent[39436]: {"event_id": "88305dae-f6b4-4db1-bb90-c79b27693ccd", "event": "publisher.event_acked", "level": "info", "timestamp": "2026-09-18T20:56:26.753097Z"}
Sep 18 17:56:26 fim-host fim-agent[39436]: {"event_id": "8b151f55-b79d-48f7-a0d4-c83e757e6265", "event": "publisher.event_retried", "level": "info", "timestamp": "2026-09-18T20:56:26.758538Z"}
Sep 18 17:56:26 fim-host fim-agent[39436]: {"event_id": "c7ef4222-e744-446c-8ddf-016a113f2364", "event": "publisher.event_retried", "level": "info", "timestamp": "2026-09-18T20:56:26.762270Z"}
Sep 18 17:56:26 fim-host fim-agent[39436]: {"event_id": "9eb7dcb9-247a-4533-a0b7-c4dff5251242", "event": "publisher.event_retried", "level": "info", "timestamp": "2026-09-18T20:56:26.765888Z"}
Sep 18 17:56:26 fim-host fim-agent[39436]: {"event_id": "b4b24425-5bc0-4ffe-a4dc-42aab90266bf", "event": "publisher.event_retried", "level": "info", "timestamp": "2026-09-18T20:56:26.769831Z"}
Sep 18 17:56:26 fim-host fim-agent[39436]: {"event_id": "77faa5e1-23f3-4d0f-8f39-56fa45a0dc64", "event": "publisher.event_retried", "level": "info", "timestamp": "2026-09-18T20:56:26.773266Z"}
Sep 18 17:56:26 fim-host fim-agent[39436]: {"event_id": "6238dec3-12a8-4ad1-aed0-3badac9b051c", "event": "publisher.event_retried", "level": "info", "timestamp": "2026-09-18T20:56:26.776828Z"}
Sep 18 17:56:26 fim-host fim-agent[39436]: {"event_id": "4cb98dab-27a5-496b-ac6d-4be46f0b7af3", "event": "publisher.event_retried", "level": "info", "timestamp": "2026-09-18T20:56:26.781580Z"}
Sep 18 17:56:26 fim-host fim-agent[39436]: {"event_id": "1f287b1d-795b-4241-b3f6-2f06950e4449", "event": "publisher.event_acked", "level": "info", "timestamp": "2026-09-18T20:56:26.782712Z"}
Sep 18 17:56:26 fim-host fim-agent[39436]: {"event_id": "ed97cbca-484b-4131-a98f-9033ed21ca9e", "event": "publisher.event_retried", "level": "info", "timestamp": "2026-09-18T20:56:26.787167Z"}
Sep 18 17:56:26 fim-host fim-agent[39436]: {"event_id": "3c644274-887a-498f-bf0c-8769f6dc7a3f", "event": "publisher.event_retried", "level": "info", "timestamp": "2026-09-18T20:56:26.790550Z"}
Sep 18 17:56:26 fim-host fim-agent[39436]: {"event_id": "fb5e5126-bdb2-4e0a-a24a-83708d5862b9", "event": "publisher.event_retried", "level": "info", "timestamp": "2026-09-18T20:56:26.793811Z"}
Sep 18 17:56:26 fim-host fim-agent[39436]: {"event_id": "0c02ff73-eb6e-410f-a9c7-437e90d74c95", "event": "publisher.event_retried", "level": "info", "timestamp": "2026-09-18T20:56:26.797326Z"}
Sep 18 17:56:26 fim-host fim-agent[39436]: {"event_id": "ae1b7866-3e63-4d7d-9990-b635e2cabfed", "event": "publisher.event_retried", "level": "info", "timestamp": "2026-09-18T20:56:26.801024Z"}
Sep 18 17:56:26 fim-host fim-agent[39436]: {"event_id": "f5b01c4f-08cc-4e98-b5a4-95095c0bbed8", "event": "publisher.event_acked", "level": "info", "timestamp": "2026-09-18T20:56:26.802336Z"}
Sep 18 17:56:26 fim-host fim-agent[39436]: {"event_id": "c4d9eb20-d9b3-438e-9051-4fa1c1471e1d", "event": "publisher.event_retried", "level": "info", "timestamp": "2026-09-18T20:56:26.807625Z"}
Sep 18 17:56:26 fim-host fim-agent[39436]: {"event_id": "8fbca5d0-437f-44bf-9bad-253423c833cf", "event": "publisher.event_retried", "level": "info", "timestamp": "2026-09-18T20:56:26.811311Z"}
Sep 18 17:56:26 fim-host fim-agent[39436]: {"event_id": "dcd69d10-c8c0-470d-ac7e-398ae1b80a93", "event": "publisher.event_retried", "level": "info", "timestamp": "2026-09-18T20:56:26.814911Z"}
Sep 18 17:56:26 fim-host fim-agent[39436]: {"event_id": "d578ef60-6e9c-4e6d-8ba2-c01e72364ae9", "event": "publisher.event_retried", "level": "info", "timestamp": "2026-09-18T20:56:26.818844Z"}
Sep 18 17:56:26 fim-host fim-agent[39436]: {"event_id": "5287728e-0b99-4bc1-9c9f-137ed1b7d062", "event": "publisher.event_retried", "level": "info", "timestamp": "2026-09-18T20:56:26.822613Z"}
Sep 18 17:56:26 fim-host fim-agent[39436]: {"event_id": "e8e266bf-58cb-4985-9cc0-5b00677d9d9f", "event": "publisher.event_acked", "level": "info", "timestamp": "2026-09-18T20:56:26.823709Z"}
Sep 18 17:56:26 fim-host fim-agent[39436]: {"event_id": "619b5412-745c-441e-9b56-3e411409a435", "event": "publisher.event_retried", "level": "info", "timestamp": "2026-09-18T20:56:26.828358Z"}
Sep 18 17:56:26 fim-host fim-agent[39436]: {"event_id": "7d07fc9a-5068-453c-b2f7-f743bcde26fb", "event": "publisher.event_retried", "level": "info", "timestamp": "2026-09-18T20:56:26.831450Z"}
Sep 18 17:56:26 fim-host fim-agent[39436]: {"event_id": "85027d12-efdf-4db5-ab3b-7ff8383535e0", "event": "publisher.event_retried", "level": "info", "timestamp": "2026-09-18T20:56:26.834946Z"}
Sep 18 17:56:26 fim-host fim-agent[39436]: {"event_id": "fb17dfb6-5fab-49f9-81a4-a3ff19221ec4", "event": "publisher.event_retried", "level": "info", "timestamp": "2026-09-18T20:56:26.838727Z"}
Sep 18 17:56:26 fim-host fim-agent[39436]: {"event_id": "479cc319-3f4b-400b-9729-b254f65ae23a", "event": "publisher.event_retried", "level": "info", "timestamp": "2026-09-18T20:56:26.842608Z"}
Sep 18 17:56:26 fim-host fim-agent[39436]: {"event_id": "2d9243b9-ec17-4a9e-8845-1d12235ea51b", "event": "publisher.event_acked", "level": "info", "timestamp": "2026-09-18T20:56:26.844120Z"}
Sep 18 17:56:26 fim-host fim-agent[39436]: {"event_id": "9fa6429e-0f76-451f-822b-1ec984ee1182", "event": "publisher.event_retried", "level": "info", "timestamp": "2026-09-18T20:56:26.850106Z"}
Sep 18 17:56:26 fim-host fim-agent[39436]: {"event_id": "0ce71c12-5c6a-49be-96fb-bc64285f6805", "event": "publisher.event_retried", "level": "info", "timestamp": "2026-09-18T20:56:26.853964Z"}
Sep 18 17:56:26 fim-host fim-agent[39436]: {"event_id": "a752737c-ff8e-4f34-9df7-61a683d61920", "event": "publisher.event_retried", "level": "info", "timestamp": "2026-09-18T20:56:26.858698Z"}
Sep 18 17:56:26 fim-host fim-agent[39436]: {"event_id": "2459bb7d-0bf7-41f6-ba74-fdbfb2ebd76b", "event": "publisher.event_retried", "level": "info", "timestamp": "2026-09-18T20:56:26.862978Z"}
Sep 18 17:56:26 fim-host fim-agent[39436]: {"event_id": "a137280d-f38d-438f-b4e3-50ecfe9d2f05", "event": "publisher.event_acked", "level": "info", "timestamp": "2026-09-18T20:56:26.865168Z"}
Sep 18 17:56:26 fim-host fim-agent[39436]: {"event_id": "93c199e1-f61b-428a-ae78-0ebdbfa2b2e4", "event": "publisher.event_retried", "level": "info", "timestamp": "2026-09-18T20:56:26.870619Z"}
Sep 18 17:56:26 fim-host fim-agent[39436]: {"event_id": "2db72838-31c1-470b-b38b-2943affc23a1", "event": "publisher.event_retried", "level": "info", "timestamp": "2026-09-18T20:56:26.873999Z"}
Sep 18 17:56:26 fim-host fim-agent[39436]: {"event_id": "8e6c025b-3af5-47cd-a4db-fc9e6e348bd7", "event": "publisher.event_acked", "level": "info", "timestamp": "2026-09-18T20:56:26.875571Z"}
Sep 18 17:56:26 fim-host fim-agent[39436]: {"event_id": "ae0a91cf-bddb-4010-b7c6-492434ef26c8", "event": "publisher.event_retried", "level": "info", "timestamp": "2026-09-18T20:56:26.880293Z"}
Sep 18 17:56:26 fim-host fim-agent[39436]: {"event_id": "e1f93689-42e6-40c7-80e4-d9100b17d34a", "event": "publisher.event_retried", "level": "info", "timestamp": "2026-09-18T20:56:26.883991Z"}
Sep 18 17:56:26 fim-host fim-agent[39436]: {"event_id": "4c6cafe4-08f2-409f-a91d-c72bcdd5125f", "event": "publisher.event_acked", "level": "info", "timestamp": "2026-09-18T20:56:26.885541Z"}
Sep 18 17:56:26 fim-host fim-agent[39436]: {"event_id": "f13995b9-9801-4f0a-85e8-62c1d76be948", "event": "publisher.event_retried", "level": "info", "timestamp": "2026-09-18T20:56:26.891635Z"}
Sep 18 17:56:26 fim-host fim-agent[39436]: {"event_id": "b9df28ec-92c8-4b47-944a-f9e75ecfcf92", "event": "publisher.event_retried", "level": "info", "timestamp": "2026-09-18T20:56:26.896655Z"}
Sep 18 17:56:26 fim-host fim-agent[39436]: {"event_id": "b5a02e58-279d-4aa1-ada5-026bdd4fd3ec", "event": "publisher.event_acked", "level": "info", "timestamp": "2026-09-18T20:56:26.897887Z"}
Sep 18 17:56:26 fim-host fim-agent[39436]: {"event_id": "b29352f4-7c4c-49b7-a33b-8bfa4564aacf", "event": "publisher.event_retried", "level": "info", "timestamp": "2026-09-18T20:56:26.903576Z"}
Sep 18 17:56:26 fim-host fim-agent[39436]: {"event_id": "0ca0b494-5ad3-4351-8a5c-47828ab39bea", "event": "publisher.event_retried", "level": "info", "timestamp": "2026-09-18T20:56:26.907094Z"}
Sep 18 17:56:26 fim-host fim-agent[39436]: {"event_id": "b70a4e7c-985d-40e9-87ca-74652700c0a3", "event": "publisher.event_acked", "level": "info", "timestamp": "2026-09-18T20:56:26.908572Z"}
Sep 18 17:56:26 fim-host fim-agent[39436]: {"event_id": "478b1008-a7f7-47bf-9f9d-8acaefc22e9c", "event": "publisher.event_retried", "level": "info", "timestamp": "2026-09-18T20:56:26.913093Z"}
Sep 18 17:56:26 fim-host fim-agent[39436]: {"event_id": "cf46eec7-e927-46db-a71e-a725e744a324", "event": "publisher.event_retried", "level": "info", "timestamp": "2026-09-18T20:56:26.916417Z"}
Sep 18 17:56:26 fim-host fim-agent[39436]: {"event_id": "eda8502f-17c8-4817-902c-ea880468e626", "event": "publisher.event_acked", "level": "info", "timestamp": "2026-09-18T20:56:26.917903Z"}
Sep 18 17:56:26 fim-host fim-agent[39436]: {"event_id": "7a4254ee-5473-4c17-9fe3-226ff083a28d", "event": "publisher.event_retried", "level": "info", "timestamp": "2026-09-18T20:56:26.922270Z"}
Sep 18 17:56:26 fim-host fim-agent[39436]: {"event_id": "b81cc23f-4898-409c-b5f2-5660787c9c99", "event": "publisher.event_retried", "level": "info", "timestamp": "2026-09-18T20:56:26.925563Z"}
Sep 18 17:56:26 fim-host fim-agent[39436]: {"event_id": "36a81d54-b925-47e0-9e29-347f581c90bb", "event": "publisher.event_retried", "level": "info", "timestamp": "2026-09-18T20:56:26.928939Z"}
Sep 18 17:56:26 fim-host fim-agent[39436]: {"event_id": "4e30726c-df9c-4bb6-8cbb-6d8f32fff530", "event": "publisher.event_acked", "level": "info", "timestamp": "2026-09-18T20:56:26.930542Z"}
Sep 18 17:56:26 fim-host fim-agent[39436]: {"event_id": "eba55a26-ea95-4917-b34d-3f899f48d33e", "event": "publisher.event_retried", "level": "info", "timestamp": "2026-09-18T20:56:26.935823Z"}
Sep 18 17:56:26 fim-host fim-agent[39436]: {"event_id": "fd48c4c1-b22a-4934-a907-ea98f0a6ee7f", "event": "publisher.event_retried", "level": "info", "timestamp": "2026-09-18T20:56:26.939194Z"}
Sep 18 17:56:26 fim-host fim-agent[39436]: {"event_id": "61a063c0-0498-41a8-836e-82c3ce3f356a", "event": "publisher.event_acked", "level": "info", "timestamp": "2026-09-18T20:56:26.940670Z"}
Sep 18 17:56:26 fim-host fim-agent[39436]: {"event_id": "24e94703-b83f-4782-8b52-f89a97465a64", "event": "publisher.event_retried", "level": "info", "timestamp": "2026-09-18T20:56:26.946107Z"}
Sep 18 17:56:26 fim-host fim-agent[39436]: {"event_id": "e91ff8d7-4f67-45ed-b429-84cebc47e9c3", "event": "publisher.event_retried", "level": "info", "timestamp": "2026-09-18T20:56:26.949688Z"}
Sep 18 17:56:26 fim-host fim-agent[39436]: {"event_id": "91caf70a-0c55-4405-91d8-41623f98495a", "event": "publisher.event_retried", "level": "info", "timestamp": "2026-09-18T20:56:26.953381Z"}
Sep 18 17:56:26 fim-host fim-agent[39436]: {"event_id": "4de50bdf-df34-4f08-aac0-6b26f6e7d644", "event": "publisher.event_acked", "level": "info", "timestamp": "2026-09-18T20:56:26.955114Z"}
Sep 18 17:56:26 fim-host fim-agent[39436]: {"event_id": "335618f3-e58f-4b69-b2f7-cc558e027c2b", "event": "publisher.event_retried", "level": "info", "timestamp": "2026-09-18T20:56:26.959967Z"}
Sep 18 17:56:26 fim-host fim-agent[39436]: {"event_id": "c213925c-ecc9-4263-a96e-33aff4488d93", "event": "publisher.event_retried", "level": "info", "timestamp": "2026-09-18T20:56:26.963440Z"}
Sep 18 17:56:26 fim-host fim-agent[39436]: {"event_id": "aa7562bc-5817-4bcd-b35e-d038c3a4dc54", "event": "publisher.event_retried", "level": "info", "timestamp": "2026-09-18T20:56:26.967215Z"}
Sep 18 17:56:26 fim-host fim-agent[39436]: {"event_id": "a53880e7-c414-4acd-b6c2-c17435c525bc", "event": "publisher.event_retried", "level": "info", "timestamp": "2026-09-18T20:56:26.970577Z"}
Sep 18 17:56:26 fim-host fim-agent[39436]: {"event_id": "94c85ad8-bfcd-4584-b1e3-cfa9ab31b399", "event": "publisher.event_acked", "level": "info", "timestamp": "2026-09-18T20:56:26.971816Z"}
Sep 18 17:56:26 fim-host fim-agent[39436]: {"event_id": "ae937839-9e53-4fdf-958c-ffb4ecdf8d34", "event": "publisher.event_retried", "level": "info", "timestamp": "2026-09-18T20:56:26.976772Z"}
Sep 18 17:56:26 fim-host fim-agent[39436]: {"event_id": "932c4001-b144-45af-a0e5-49ad6b495778", "event": "publisher.event_retried", "level": "info", "timestamp": "2026-09-18T20:56:26.980342Z"}
Sep 18 17:56:26 fim-host fim-agent[39436]: {"event_id": "3a576eca-1c63-4171-a484-34b886e3ae1e", "event": "publisher.event_retried", "level": "info", "timestamp": "2026-09-18T20:56:26.983415Z"}
Sep 18 17:56:26 fim-host fim-agent[39436]: {"event_id": "767daae9-c05c-4a9f-a952-11f2d65f68da", "event": "publisher.event_acked", "level": "info", "timestamp": "2026-09-18T20:56:26.984652Z"}
Sep 18 17:56:26 fim-host fim-agent[39436]: {"event_id": "57d2286b-8645-43d7-a650-8406ecca86d4", "event": "publisher.event_retried", "level": "info", "timestamp": "2026-09-18T20:56:26.989861Z"}
Sep 18 17:56:26 fim-host fim-agent[39436]: {"event_id": "fe17e931-d0ad-4e09-9d23-580ebc3356f7", "event": "publisher.event_retried", "level": "info", "timestamp": "2026-09-18T20:56:26.993038Z"}
Sep 18 17:56:26 fim-host fim-agent[39436]: {"event_id": "6607bc95-c9d7-40aa-953d-dcc781ad09bf", "event": "publisher.event_retried", "level": "info", "timestamp": "2026-09-18T20:56:26.996531Z"}
Sep 18 17:56:26 fim-host fim-agent[39436]: {"event_id": "ddd9a889-e4bf-41b4-b825-7f3c10f74fd1", "event": "publisher.event_retried", "level": "info", "timestamp": "2026-09-18T20:56:26.999723Z"}
Sep 18 17:56:27 fim-host fim-agent[39436]: {"event_id": "a885176e-7520-4f53-b98f-360243153b8e", "event": "publisher.event_retried", "level": "info", "timestamp": "2026-09-18T20:56:27.003063Z"}
Sep 18 17:56:27 fim-host fim-agent[39436]: {"event_id": "caefb8de-eb88-4391-9e59-4932a686d726", "event": "publisher.event_acked", "level": "info", "timestamp": "2026-09-18T20:56:27.004249Z"}
Sep 18 17:56:27 fim-host fim-agent[39436]: {"event_id": "b676eb96-9365-4ecf-ba30-7636d8f3d40c", "event": "publisher.event_retried", "level": "info", "timestamp": "2026-09-18T20:56:27.009372Z"}
Sep 18 17:56:27 fim-host fim-agent[39436]: {"event_id": "c67114cb-b7d1-414c-b601-6519cfda51c2", "event": "publisher.event_retried", "level": "info", "timestamp": "2026-09-18T20:56:27.012500Z"}
Sep 18 17:56:27 fim-host fim-agent[39436]: {"event_id": "18fd75ae-3ede-4ffb-b158-a7541bb46918", "event": "publisher.event_retried", "level": "info", "timestamp": "2026-09-18T20:56:27.016040Z"}
Sep 18 17:56:27 fim-host fim-agent[39436]: {"event_id": "0d0e0073-5084-4364-9df6-77e05dffe109", "event": "publisher.event_acked", "level": "info", "timestamp": "2026-09-18T20:56:27.017437Z"}
Sep 18 17:56:27 fim-host fim-agent[39436]: {"event_id": "70c8a82e-a2c5-4276-9d04-a50241459c61", "event": "publisher.event_retried", "level": "info", "timestamp": "2026-09-18T20:56:27.021577Z"}
Sep 18 17:56:27 fim-host fim-agent[39436]: {"event_id": "9c274c37-9678-45f3-93a4-19963bd4d3be", "event": "publisher.event_retried", "level": "info", "timestamp": "2026-09-18T20:56:27.024799Z"}
Sep 18 17:56:27 fim-host fim-agent[39436]: {"event_id": "acafd762-6d95-49eb-9bbd-605ef43503e8", "event": "publisher.event_retried", "level": "info", "timestamp": "2026-09-18T20:56:27.028298Z"}
Sep 18 17:56:27 fim-host fim-agent[39436]: {"event_id": "787fa434-7c05-46de-b7ff-8d2452cfb585", "event": "publisher.event_acked", "level": "info", "timestamp": "2026-09-18T20:56:27.029775Z"}
Sep 18 17:56:27 fim-host fim-agent[39436]: {"event_id": "95036762-d436-4b37-8df5-4fcc10812045", "event": "publisher.event_retried", "level": "info", "timestamp": "2026-09-18T20:56:27.035136Z"}
Sep 18 17:56:27 fim-host fim-agent[39436]: {"event_id": "e8c50d23-f8b6-4c94-a4e4-32d14788b1b5", "event": "publisher.event_retried", "level": "info", "timestamp": "2026-09-18T20:56:27.039284Z"}
Sep 18 17:56:27 fim-host fim-agent[39436]: {"event_id": "80086b8b-aa2f-4c15-b33b-f519dfcaec82", "event": "publisher.event_retried", "level": "info", "timestamp": "2026-09-18T20:56:27.043192Z"}
Sep 18 17:56:27 fim-host fim-agent[39436]: {"event_id": "6a26bddf-1edc-4e3f-827c-7cea964c7a03", "event": "publisher.event_acked", "level": "info", "timestamp": "2026-09-18T20:56:27.044617Z"}
Sep 18 17:56:27 fim-host fim-agent[39436]: {"event_id": "5509de8a-7463-43e4-bdfc-2d179addacec", "event": "publisher.event_retried", "level": "info", "timestamp": "2026-09-18T20:56:27.049928Z"}
Sep 18 17:56:27 fim-host fim-agent[39436]: {"event_id": "0bc8d704-4ba4-4a6c-a435-b61b9cb0687a", "event": "publisher.event_retried", "level": "info", "timestamp": "2026-09-18T20:56:27.053595Z"}
Sep 18 17:56:27 fim-host fim-agent[39436]: {"event_id": "d28b3688-ed05-424e-8a8c-403d2e938966", "event": "publisher.event_retried", "level": "info", "timestamp": "2026-09-18T20:56:27.057311Z"}
Sep 18 17:56:27 fim-host fim-agent[39436]: {"event_id": "18f3eae9-7f9d-4629-8e34-7ef5f861c363", "event": "publisher.event_acked", "level": "info", "timestamp": "2026-09-18T20:56:27.058653Z"}
Sep 18 17:56:27 fim-host fim-agent[39436]: {"event_id": "fb125a65-5c2c-4bbd-b787-824f7fcd51dd", "event": "publisher.event_retried", "level": "info", "timestamp": "2026-09-18T20:56:27.063980Z"}
Sep 18 17:56:27 fim-host fim-agent[39436]: {"event_id": "3990adcf-0922-4634-98df-5d7733c5bc83", "event": "publisher.event_retried", "level": "info", "timestamp": "2026-09-18T20:56:27.067460Z"}
Sep 18 17:56:27 fim-host fim-agent[39436]: {"event_id": "70c497ef-7d3c-4479-a457-4ca39b4b1f52", "event": "publisher.event_retried", "level": "info", "timestamp": "2026-09-18T20:56:27.071054Z"}
Sep 18 17:56:27 fim-host fim-agent[39436]: {"event_id": "61b533ba-33a3-4257-8892-3d3ef85a4099", "event": "publisher.event_retried", "level": "info", "timestamp": "2026-09-18T20:56:27.074572Z"}
Sep 18 17:56:27 fim-host fim-agent[39436]: {"event_id": "695d1d68-240d-4547-bf2a-37f0d09dbb84", "event": "publisher.event_acked", "level": "info", "timestamp": "2026-09-18T20:56:27.075840Z"}
Sep 18 17:56:27 fim-host fim-agent[39436]: {"event_id": "db5990c4-0517-4641-9476-2bafbc3ab796", "event": "publisher.event_retried", "level": "info", "timestamp": "2026-09-18T20:56:27.081123Z"}
Sep 18 17:56:27 fim-host fim-agent[39436]: {"event_id": "f5671523-b37a-460c-9ce1-e7de66c7bc5b", "event": "publisher.event_retried", "level": "info", "timestamp": "2026-09-18T20:56:27.085128Z"}
Sep 18 17:56:27 fim-host fim-agent[39436]: {"event_id": "9a4ed174-d0c7-49c1-b47e-2b5d9466ddd8", "event": "publisher.event_retried", "level": "info", "timestamp": "2026-09-18T20:56:27.088963Z"}
Sep 18 17:56:27 fim-host fim-agent[39436]: {"event_id": "d7a22c60-327b-4e55-8638-24159cd9a18a", "event": "publisher.event_retried", "level": "info", "timestamp": "2026-09-18T20:56:27.092922Z"}
Sep 18 17:56:27 fim-host fim-agent[39436]: {"event_id": "c8a83546-ffc2-4a40-9514-7149afa408fe", "event": "publisher.event_acked", "level": "info", "timestamp": "2026-09-18T20:56:27.094349Z"}
Sep 18 17:56:27 fim-host fim-agent[39436]: {"event_id": "d81af9fe-317e-42b7-a88f-bb80e33137a9", "event": "publisher.event_retried", "level": "info", "timestamp": "2026-09-18T20:56:27.099946Z"}
Sep 18 17:56:27 fim-host fim-agent[39436]: {"event_id": "22c21751-6834-4115-893e-973d4c43e7c3", "event": "publisher.event_retried", "level": "info", "timestamp": "2026-09-18T20:56:27.103804Z"}
Sep 18 17:56:27 fim-host fim-agent[39436]: {"event_id": "a8869227-d939-4872-b238-32deb5f96a23", "event": "publisher.event_retried", "level": "info", "timestamp": "2026-09-18T20:56:27.107690Z"}
Sep 18 17:56:27 fim-host fim-agent[39436]: {"event_id": "345c529a-4850-4c8e-bf7d-d60d49b7974b", "event": "publisher.event_acked", "level": "info", "timestamp": "2026-09-18T20:56:27.109414Z"}
Sep 18 17:56:27 fim-host fim-agent[39436]: {"event_id": "70b3e832-4dcc-4d4e-a2ea-5e198158961c", "event": "publisher.event_retried", "level": "info", "timestamp": "2026-09-18T20:56:27.118525Z"}
Sep 18 17:56:27 fim-host fim-agent[39436]: {"event_id": "32ba7c8f-1a21-4982-b977-908710e52402", "event": "publisher.event_retried", "level": "info", "timestamp": "2026-09-18T20:56:27.122666Z"}
Sep 18 17:56:27 fim-host fim-agent[39436]: {"event_id": "c732c485-4a9b-4e81-8523-e057b2e36a56", "event": "publisher.event_retried", "level": "info", "timestamp": "2026-09-18T20:56:27.126314Z"}
Sep 18 17:56:27 fim-host fim-agent[39436]: {"event_id": "e69ee51c-c0db-40f9-a11d-1f63cee3ebdf", "event": "publisher.event_acked", "level": "info", "timestamp": "2026-09-18T20:56:27.127552Z"}
Sep 18 17:56:27 fim-host fim-agent[39436]: {"event_id": "a1ec5a50-a050-4813-9256-91b7782fa430", "event": "publisher.event_retried", "level": "info", "timestamp": "2026-09-18T20:56:27.133041Z"}
Sep 18 17:56:27 fim-host fim-agent[39436]: {"event_id": "c9a45bac-47fe-4629-9db2-92f02655c356", "event": "publisher.event_retried", "level": "info", "timestamp": "2026-09-18T20:56:27.136503Z"}
Sep 18 17:56:27 fim-host fim-agent[39436]: {"event_id": "2f0c591d-105d-49be-82c7-dd8a2f3b1497", "event": "publisher.event_retried", "level": "info", "timestamp": "2026-09-18T20:56:27.140245Z"}
Sep 18 17:56:27 fim-host fim-agent[39436]: {"event_id": "c203f660-1c6f-4d29-a633-e251de95cd40", "event": "publisher.event_retried", "level": "info", "timestamp": "2026-09-18T20:56:27.143269Z"}
Sep 18 17:56:27 fim-host fim-agent[39436]: {"event_id": "33450fce-cccf-41ab-8fa4-6b76cc768cd0", "event": "publisher.event_retried", "level": "info", "timestamp": "2026-09-18T20:56:27.146654Z"}
Sep 18 17:56:27 fim-host fim-agent[39436]: {"event_id": "3ec4652f-45aa-4d31-a038-471244615b30", "event": "publisher.event_acked", "level": "info", "timestamp": "2026-09-18T20:56:27.148091Z"}
Sep 18 17:56:27 fim-host fim-agent[39436]: {"event_id": "de2283e8-1486-42db-87fd-53df9b5babdc", "event": "publisher.event_retried", "level": "info", "timestamp": "2026-09-18T20:56:27.152820Z"}
Sep 18 17:56:27 fim-host fim-agent[39436]: {"event_id": "0f15c061-ab21-459f-bb84-d2e18846bcb2", "event": "publisher.event_retried", "level": "info", "timestamp": "2026-09-18T20:56:27.156173Z"}
Sep 18 17:56:27 fim-host fim-agent[39436]: {"event_id": "83c3760e-dd72-4d6a-895a-9c308ca12899", "event": "publisher.event_retried", "level": "info", "timestamp": "2026-09-18T20:56:27.159528Z"}
Sep 18 17:56:27 fim-host fim-agent[39436]: {"event_id": "61b46267-8dd6-48eb-b671-9faf3279b46b", "event": "publisher.event_retried", "level": "info", "timestamp": "2026-09-18T20:56:27.162873Z"}
Sep 18 17:56:27 fim-host fim-agent[39436]: {"event_id": "4a78d491-7d51-4159-a1bb-c48e1b8b90f1", "event": "publisher.event_retried", "level": "info", "timestamp": "2026-09-18T20:56:27.166332Z"}
Sep 18 17:56:27 fim-host fim-agent[39436]: {"event_id": "39f2f8c4-533c-4afe-b8c0-87fe4ab156fd", "event": "publisher.event_acked", "level": "info", "timestamp": "2026-09-18T20:56:27.167672Z"}
Sep 18 17:56:27 fim-host fim-agent[39436]: {"event_id": "146c3be4-093a-4b16-b39c-fd8481d8a494", "event": "publisher.event_retried", "level": "info", "timestamp": "2026-09-18T20:56:27.172771Z"}
Sep 18 17:56:27 fim-host fim-agent[39436]: {"event_id": "b17fb313-067f-41d7-a2db-ba6cd96d7066", "event": "publisher.event_retried", "level": "info", "timestamp": "2026-09-18T20:56:27.176145Z"}
Sep 18 17:56:27 fim-host fim-agent[39436]: {"event_id": "4eef960b-143e-47fb-acd5-92c07d4fa339", "event": "publisher.event_retried", "level": "info", "timestamp": "2026-09-18T20:56:27.179266Z"}
Sep 18 17:56:27 fim-host fim-agent[39436]: {"event_id": "b0f1021b-2d0f-46fe-94b2-c1edb62fa350", "event": "publisher.event_retried", "level": "info", "timestamp": "2026-09-18T20:56:27.182800Z"}
Sep 18 17:56:27 fim-host fim-agent[39436]: {"event_id": "c68ca15d-d73c-4d8d-bfc5-66e7610b3217", "event": "publisher.event_acked", "level": "info", "timestamp": "2026-09-18T20:56:27.184392Z"}
Sep 18 17:56:27 fim-host fim-agent[39436]: {"event_id": "36301454-d7b5-4e49-9d17-e145029e0f42", "event": "publisher.event_retried", "level": "info", "timestamp": "2026-09-18T20:56:27.189193Z"}
Sep 18 17:56:27 fim-host fim-agent[39436]: {"event_id": "91a103a9-8c2d-4ccc-be28-ff42679394f0", "event": "publisher.event_retried", "level": "info", "timestamp": "2026-09-18T20:56:27.192458Z"}
Sep 18 17:56:27 fim-host fim-agent[39436]: {"event_id": "a8954933-f9f1-4427-b0db-803367f06925", "event": "publisher.event_retried", "level": "info", "timestamp": "2026-09-18T20:56:27.195643Z"}
Sep 18 17:56:27 fim-host fim-agent[39436]: {"event_id": "e0af2f18-34c6-4233-a997-895e111ab05e", "event": "publisher.event_retried", "level": "info", "timestamp": "2026-09-18T20:56:27.199026Z"}
Sep 18 17:56:27 fim-host fim-agent[39436]: {"event_id": "0ffd30cb-3363-49c9-8493-e01533a3b562", "event": "publisher.event_acked", "level": "info", "timestamp": "2026-09-18T20:56:27.200296Z"}
Sep 18 17:56:27 fim-host fim-agent[39436]: {"event_id": "11d1c3af-9af1-4792-86c0-aad90a98e253", "event": "publisher.event_retried", "level": "info", "timestamp": "2026-09-18T20:56:27.204954Z"}
Sep 18 17:56:27 fim-host fim-agent[39436]: {"event_id": "ba507b26-3389-49ba-be54-18e992298cab", "event": "publisher.event_retried", "level": "info", "timestamp": "2026-09-18T20:56:27.208320Z"}
Sep 18 17:56:27 fim-host fim-agent[39436]: {"event_id": "add302f4-7387-4220-8cd4-e1764637fd8c", "event": "publisher.event_retried", "level": "info", "timestamp": "2026-09-18T20:56:27.211524Z"}
Sep 18 17:56:27 fim-host fim-agent[39436]: {"event_id": "9f4c8d18-46e6-43fc-bd4d-fad3a2988965", "event": "publisher.event_retried", "level": "info", "timestamp": "2026-09-18T20:56:27.215002Z"}
Sep 18 17:56:27 fim-host fim-agent[39436]: {"event_id": "ae31549a-3c9d-48e8-a4c1-b62d76dfe040", "event": "publisher.event_acked", "level": "info", "timestamp": "2026-09-18T20:56:27.216019Z"}
Sep 18 17:56:27 fim-host fim-agent[39436]: {"event_id": "c514c74b-ee42-4205-9ca3-dccd58c3bc93", "event": "publisher.event_retried", "level": "info", "timestamp": "2026-09-18T20:56:27.221743Z"}
Sep 18 17:56:27 fim-host fim-agent[39436]: {"event_id": "54b94c5b-ffca-490e-b97a-74ba3561d804", "event": "publisher.event_retried", "level": "info", "timestamp": "2026-09-18T20:56:27.225699Z"}
Sep 18 17:56:27 fim-host fim-agent[39436]: {"event_id": "af1e4664-f4d8-44d1-914b-2a15a0142d44", "event": "publisher.event_retried", "level": "info", "timestamp": "2026-09-18T20:56:27.229311Z"}
Sep 18 17:56:27 fim-host fim-agent[39436]: {"event_id": "96594c2e-5d4f-4406-b621-1fbe52e211c7", "event": "publisher.event_acked", "level": "info", "timestamp": "2026-09-18T20:56:27.231001Z"}
Sep 18 17:56:27 fim-host fim-agent[39436]: {"event_id": "9e2f35f7-b1f4-4923-a185-9b503c3dfc4c", "event": "publisher.event_retried", "level": "info", "timestamp": "2026-09-18T20:56:27.235928Z"}
Sep 18 17:56:27 fim-host fim-agent[39436]: {"event_id": "ce02f4bb-b94c-4d81-b9ca-5176b09c90d6", "event": "publisher.event_retried", "level": "info", "timestamp": "2026-09-18T20:56:27.239458Z"}
Sep 18 17:56:27 fim-host fim-agent[39436]: {"event_id": "295e9e7d-b15f-405b-8e39-dabf8d30eab3", "event": "publisher.event_acked", "level": "info", "timestamp": "2026-09-18T20:56:27.240893Z"}
Sep 18 17:56:27 fim-host fim-agent[39436]: {"event_id": "003d02a8-9180-4ef4-be44-a6cc1ae4691f", "event": "publisher.event_retried", "level": "info", "timestamp": "2026-09-18T20:56:27.245901Z"}
Sep 18 17:56:27 fim-host fim-agent[39436]: {"event_id": "92f5e61d-b27a-4735-8a61-45abaa36c13e", "event": "publisher.event_retried", "level": "info", "timestamp": "2026-09-18T20:56:27.249319Z"}
Sep 18 17:56:27 fim-host fim-agent[39436]: {"event_id": "939cbd2e-db70-4e9f-871a-0822f3d2fd08", "event": "publisher.event_retried", "level": "info", "timestamp": "2026-09-18T20:56:27.252788Z"}
Sep 18 17:56:27 fim-host fim-agent[39436]: {"event_id": "29af88aa-67a9-4662-a185-72b91a442f5d", "event": "publisher.event_acked", "level": "info", "timestamp": "2026-09-18T20:56:27.254335Z"}
Sep 18 17:56:27 fim-host fim-agent[39436]: {"event_id": "ea80c1c6-fe53-4895-ae16-fabbb1d2e962", "event": "publisher.event_retried", "level": "info", "timestamp": "2026-09-18T20:56:27.259224Z"}
Sep 18 17:56:27 fim-host fim-agent[39436]: {"event_id": "dac2a05a-d026-4c01-ab76-69001dba155c", "event": "publisher.event_retried", "level": "info", "timestamp": "2026-09-18T20:56:27.263250Z"}
Sep 18 17:56:27 fim-host fim-agent[39436]: {"event_id": "8b151f55-b79d-48f7-a0d4-c83e757e6265", "event": "publisher.event_acked", "level": "info", "timestamp": "2026-09-18T20:56:27.264928Z"}
Sep 18 17:56:27 fim-host fim-agent[39436]: {"event_id": "b09dd941-d481-4515-9615-977478c564ed", "event": "publisher.event_retried", "level": "info", "timestamp": "2026-09-18T20:56:27.270040Z"}
Sep 18 17:56:27 fim-host fim-agent[39436]: {"event_id": "0c13d71c-f14c-4f9a-a4c4-c07f16444232", "event": "publisher.event_retried", "level": "info", "timestamp": "2026-09-18T20:56:27.273824Z"}
Sep 18 17:56:27 fim-host fim-agent[39436]: {"event_id": "f8f00522-0c90-4fff-ada1-481a7ad54b7d", "event": "publisher.event_retried", "level": "info", "timestamp": "2026-09-18T20:56:27.277290Z"}
Sep 18 17:56:27 fim-host fim-agent[39436]: {"event_id": "c7ef4222-e744-446c-8ddf-016a113f2364", "event": "publisher.event_acked", "level": "info", "timestamp": "2026-09-18T20:56:27.278871Z"}
Sep 18 17:56:27 fim-host fim-agent[39436]: {"event_id": "7eefcf84-7df5-4817-be79-9c28624f995d", "event": "publisher.event_retried", "level": "info", "timestamp": "2026-09-18T20:56:27.284052Z"}
Sep 18 17:56:27 fim-host fim-agent[39436]: {"event_id": "ec918588-fc31-4130-86fd-6b1e2719d662", "event": "publisher.event_retried", "level": "info", "timestamp": "2026-09-18T20:56:27.287426Z"}
Sep 18 17:56:27 fim-host fim-agent[39436]: {"event_id": "9eb7dcb9-247a-4533-a0b7-c4dff5251242", "event": "publisher.event_acked", "level": "info", "timestamp": "2026-09-18T20:56:27.288947Z"}
Sep 18 17:56:27 fim-host fim-agent[39436]: {"event_id": "28218a14-e5df-482b-8ef2-384d6dc162d7", "event": "publisher.event_retried", "level": "info", "timestamp": "2026-09-18T20:56:27.294338Z"}
Sep 18 17:56:27 fim-host fim-agent[39436]: {"event_id": "4947700e-7a6e-4358-9364-ace413a5a4fc", "event": "publisher.event_retried", "level": "info", "timestamp": "2026-09-18T20:56:27.297843Z"}
Sep 18 17:56:27 fim-host fim-agent[39436]: {"event_id": "b608f4bd-af4f-4067-b8c3-4d733606c80d", "event": "publisher.event_retried", "level": "info", "timestamp": "2026-09-18T20:56:27.301588Z"}
Sep 18 17:56:27 fim-host fim-agent[39436]: {"event_id": "b4b24425-5bc0-4ffe-a4dc-42aab90266bf", "event": "publisher.event_acked", "level": "info", "timestamp": "2026-09-18T20:56:27.302936Z"}
Sep 18 17:56:27 fim-host fim-agent[39436]: {"event_id": "ca53e209-56c8-4a7e-b6ef-8dde50a437e3", "event": "publisher.event_retried", "level": "info", "timestamp": "2026-09-18T20:56:27.308490Z"}
Sep 18 17:56:27 fim-host fim-agent[39436]: {"event_id": "77faa5e1-23f3-4d0f-8f39-56fa45a0dc64", "event": "publisher.event_acked", "level": "info", "timestamp": "2026-09-18T20:56:27.309831Z"}
Sep 18 17:56:27 fim-host fim-agent[39436]: {"event_id": "c8ea31c3-96a8-4502-b244-c6ef7cea7711", "event": "publisher.event_retried", "level": "info", "timestamp": "2026-09-18T20:56:27.315173Z"}
Sep 18 17:56:27 fim-host fim-agent[39436]: {"event_id": "03698cff-6e25-4a38-af16-8c168b92befd", "event": "publisher.event_retried", "level": "info", "timestamp": "2026-09-18T20:56:27.318838Z"}
Sep 18 17:56:27 fim-host fim-agent[39436]: {"event_id": "283bbfda-1e11-427a-9046-439e9d760074", "event": "publisher.event_retried", "level": "info", "timestamp": "2026-09-18T20:56:27.322786Z"}
Sep 18 17:56:27 fim-host fim-agent[39436]: {"event_id": "6238dec3-12a8-4ad1-aed0-3badac9b051c", "event": "publisher.event_acked", "level": "info", "timestamp": "2026-09-18T20:56:27.325197Z"}
Sep 18 17:56:27 fim-host fim-agent[39436]: {"event_id": "ecd6d072-0f79-4540-9eef-216152f3a614", "event": "publisher.event_retried", "level": "info", "timestamp": "2026-09-18T20:56:27.331032Z"}
Sep 18 17:56:27 fim-host fim-agent[39436]: {"event_id": "23925552-02bb-439d-a9d3-56ab9d2aaa72", "event": "publisher.event_retried", "level": "info", "timestamp": "2026-09-18T20:56:27.335521Z"}
Sep 18 17:56:27 fim-host fim-agent[39436]: {"event_id": "f1176c04-0901-41fe-964e-ec1487ba965d", "event": "publisher.event_retried", "level": "info", "timestamp": "2026-09-18T20:56:27.339620Z"}
Sep 18 17:56:27 fim-host fim-agent[39436]: {"event_id": "4cb98dab-27a5-496b-ac6d-4be46f0b7af3", "event": "publisher.event_acked", "level": "info", "timestamp": "2026-09-18T20:56:27.341006Z"}
Sep 18 17:56:27 fim-host fim-agent[39436]: {"event_id": "c56b451e-a81e-47ff-80c7-e42cb251162d", "event": "publisher.event_retried", "level": "info", "timestamp": "2026-09-18T20:56:27.345758Z"}
Sep 18 17:56:27 fim-host fim-agent[39436]: {"event_id": "314d6ecc-363e-48b0-9afe-cafe851f224f", "event": "publisher.event_retried", "level": "info", "timestamp": "2026-09-18T20:56:27.348723Z"}
Sep 18 17:56:27 fim-host fim-agent[39436]: {"event_id": "ed97cbca-484b-4131-a98f-9033ed21ca9e", "event": "publisher.event_acked", "level": "info", "timestamp": "2026-09-18T20:56:27.350098Z"}
Sep 18 17:56:27 fim-host fim-agent[39436]: {"event_id": "9abf8a26-ed3a-4827-a8b5-6df22d1a5957", "event": "publisher.event_retried", "level": "info", "timestamp": "2026-09-18T20:56:27.354491Z"}
Sep 18 17:56:27 fim-host fim-agent[39436]: {"event_id": "b1712b65-a249-44f0-9152-ddac229250a9", "event": "publisher.event_retried", "level": "info", "timestamp": "2026-09-18T20:56:27.357780Z"}
Sep 18 17:56:27 fim-host fim-agent[39436]: {"event_id": "e02e5eb9-599d-48c7-8c71-9b257cf95499", "event": "publisher.event_retried", "level": "info", "timestamp": "2026-09-18T20:56:27.361114Z"}
Sep 18 17:56:27 fim-host fim-agent[39436]: {"event_id": "3c644274-887a-498f-bf0c-8769f6dc7a3f", "event": "publisher.event_acked", "level": "info", "timestamp": "2026-09-18T20:56:27.362161Z"}
Sep 18 17:56:27 fim-host fim-agent[39436]: {"event_id": "251485d4-5ae3-42fb-9752-a9acf2c0cf20", "event": "publisher.event_retried", "level": "info", "timestamp": "2026-09-18T20:56:27.366408Z"}
Sep 18 17:56:27 fim-host fim-agent[39436]: {"event_id": "774cc63f-e3ec-470a-be0b-04f40976794c", "event": "publisher.event_retried", "level": "info", "timestamp": "2026-09-18T20:56:27.369754Z"}
Sep 18 17:56:27 fim-host fim-agent[39436]: {"event_id": "7508791a-2072-48bc-96ea-2562b952fd28", "event": "publisher.event_retried", "level": "info", "timestamp": "2026-09-18T20:56:27.372872Z"}
Sep 18 17:56:27 fim-host fim-agent[39436]: {"event_id": "fb5e5126-bdb2-4e0a-a24a-83708d5862b9", "event": "publisher.event_acked", "level": "info", "timestamp": "2026-09-18T20:56:27.374233Z"}
Sep 18 17:56:27 fim-host fim-agent[39436]: {"event_id": "ed756e74-c6cd-49c0-8203-da0a68742dd9", "event": "publisher.event_retried", "level": "info", "timestamp": "2026-09-18T20:56:27.378751Z"}
Sep 18 17:56:27 fim-host fim-agent[39436]: {"event_id": "3d9cea1a-3223-4e5d-82e0-7cfc70af8884", "event": "publisher.event_retried", "level": "info", "timestamp": "2026-09-18T20:56:27.381938Z"}
Sep 18 17:56:27 fim-host fim-agent[39436]: {"event_id": "512834f9-ab64-41c1-904e-2c63c67303c3", "event": "publisher.event_retried", "level": "info", "timestamp": "2026-09-18T20:56:27.385063Z"}
Sep 18 17:56:27 fim-host fim-agent[39436]: {"event_id": "51e42ba4-8dd6-4e1b-8a54-1f5a27487c53", "event": "publisher.event_retried", "level": "info", "timestamp": "2026-09-18T20:56:27.388039Z"}
Sep 18 17:56:27 fim-host fim-agent[39436]: {"event_id": "0c02ff73-eb6e-410f-a9c7-437e90d74c95", "event": "publisher.event_acked", "level": "info", "timestamp": "2026-09-18T20:56:27.389441Z"}
Sep 18 17:56:27 fim-host fim-agent[39436]: {"event_id": "acb20372-95dd-480d-a17e-6d68841066bc", "event": "publisher.event_retried", "level": "info", "timestamp": "2026-09-18T20:56:27.394325Z"}
Sep 18 17:56:27 fim-host fim-agent[39436]: {"event_id": "320a3c6d-32a1-4d25-bd5f-4d7fe93366f5", "event": "publisher.event_retried", "level": "info", "timestamp": "2026-09-18T20:56:27.397732Z"}
Sep 18 17:56:27 fim-host fim-agent[39436]: {"event_id": "5a9a8b9e-788d-4913-ac62-abb3ed3b9f86", "event": "publisher.event_retried", "level": "info", "timestamp": "2026-09-18T20:56:27.401153Z"}
Sep 18 17:56:27 fim-host fim-agent[39436]: {"event_id": "ae1b7866-3e63-4d7d-9990-b635e2cabfed", "event": "publisher.event_acked", "level": "info", "timestamp": "2026-09-18T20:56:27.402488Z"}
Sep 18 17:56:27 fim-host fim-agent[39436]: {"event_id": "f7dce6e4-1888-4ced-bf32-eb0f41fdb8d4", "event": "publisher.event_retried", "level": "info", "timestamp": "2026-09-18T20:56:27.407870Z"}
Sep 18 17:56:27 fim-host fim-agent[39436]: {"event_id": "d2ccb083-e3b0-4338-9f89-659025dc84f9", "event": "publisher.event_retried", "level": "info", "timestamp": "2026-09-18T20:56:27.411531Z"}
Sep 18 17:56:27 fim-host fim-agent[39436]: {"event_id": "a71cfc10-9559-4bc1-af8a-10778249985b", "event": "publisher.event_retried", "level": "info", "timestamp": "2026-09-18T20:56:27.415455Z"}
Sep 18 17:56:27 fim-host fim-agent[39436]: {"event_id": "c4d9eb20-d9b3-438e-9051-4fa1c1471e1d", "event": "publisher.event_acked", "level": "info", "timestamp": "2026-09-18T20:56:27.416946Z"}
Sep 18 17:56:27 fim-host fim-agent[39436]: {"event_id": "780573f7-c743-4ff2-b1e7-2e3ebbb32563", "event": "publisher.event_retried", "level": "info", "timestamp": "2026-09-18T20:56:27.422107Z"}
Sep 18 17:56:27 fim-host fim-agent[39436]: {"event_id": "9da1aa93-1439-4387-b54c-b503c60f6bf7", "event": "publisher.event_retried", "level": "info", "timestamp": "2026-09-18T20:56:27.426805Z"}
Sep 18 17:56:27 fim-host fim-agent[39436]: {"event_id": "1b5f6dc6-42a7-47ba-a1df-10bb8c315b81", "event": "publisher.event_retried", "level": "info", "timestamp": "2026-09-18T20:56:27.430941Z"}
Sep 18 17:56:27 fim-host fim-agent[39436]: {"event_id": "91bb5988-e075-455e-ac7b-b48d3d88cd08", "event": "publisher.event_retried", "level": "info", "timestamp": "2026-09-18T20:56:27.434429Z"}
Sep 18 17:56:27 fim-host fim-agent[39436]: {"event_id": "8fbca5d0-437f-44bf-9bad-253423c833cf", "event": "publisher.event_acked", "level": "info", "timestamp": "2026-09-18T20:56:27.435684Z"}
Sep 18 17:56:27 fim-host fim-agent[39436]: {"event_id": "cd21f11b-88be-41c7-b036-9a8f864f10d3", "event": "publisher.event_retried", "level": "info", "timestamp": "2026-09-18T20:56:27.441558Z"}
Sep 18 17:56:27 fim-host fim-agent[39436]: {"event_id": "9ce80966-b581-4334-8b43-83342c2c6811", "event": "publisher.event_retried", "level": "info", "timestamp": "2026-09-18T20:56:27.445400Z"}
Sep 18 17:56:27 fim-host fim-agent[39436]: {"event_id": "dcd69d10-c8c0-470d-ac7e-398ae1b80a93", "event": "publisher.event_acked", "level": "info", "timestamp": "2026-09-18T20:56:27.446667Z"}
Sep 18 17:56:27 fim-host fim-agent[39436]: {"event_id": "6e43a65d-241a-4147-8276-e9ceaa07b969", "event": "publisher.event_retried", "level": "info", "timestamp": "2026-09-18T20:56:27.452656Z"}
Sep 18 17:56:27 fim-host fim-agent[39436]: {"event_id": "59fa66d2-0bfd-4d36-8213-11e7cec78c84", "event": "publisher.event_retried", "level": "info", "timestamp": "2026-09-18T20:56:27.455934Z"}
Sep 18 17:56:27 fim-host fim-agent[39436]: {"event_id": "ef2809ce-62ea-4e7e-a09d-9a1261ab42b4", "event": "publisher.event_retried", "level": "info", "timestamp": "2026-09-18T20:56:27.460667Z"}
Sep 18 17:56:27 fim-host fim-agent[39436]: {"event_id": "d578ef60-6e9c-4e6d-8ba2-c01e72364ae9", "event": "publisher.event_acked", "level": "info", "timestamp": "2026-09-18T20:56:27.462182Z"}
Sep 18 17:56:27 fim-host fim-agent[39436]: {"event_id": "b489dcf7-ea18-4f70-ae20-a5a3fea26006", "event": "publisher.event_retried", "level": "info", "timestamp": "2026-09-18T20:56:27.468652Z"}
Sep 18 17:56:27 fim-host fim-agent[39436]: {"event_id": "9af7ba93-5ecd-458b-8116-cae98e64be05", "event": "publisher.event_retried", "level": "info", "timestamp": "2026-09-18T20:56:27.472442Z"}
Sep 18 17:56:27 fim-host fim-agent[39436]: {"event_id": "07fbcbcb-0e53-46d4-9757-ffa63825961d", "event": "publisher.event_retried", "level": "info", "timestamp": "2026-09-18T20:56:27.475965Z"}
Sep 18 17:56:27 fim-host fim-agent[39436]: {"event_id": "5287728e-0b99-4bc1-9c9f-137ed1b7d062", "event": "publisher.event_acked", "level": "info", "timestamp": "2026-09-18T20:56:27.477259Z"}
Sep 18 17:56:27 fim-host fim-agent[39436]: {"event_id": "025185ad-b519-4e71-b037-8fed92d62d2f", "event": "publisher.event_retried", "level": "info", "timestamp": "2026-09-18T20:56:27.481781Z"}
Sep 18 17:56:27 fim-host fim-agent[39436]: {"event_id": "9438ab09-1898-453b-afc0-3186a7de8a2e", "event": "publisher.event_retried", "level": "info", "timestamp": "2026-09-18T20:56:27.485410Z"}
Sep 18 17:56:27 fim-host fim-agent[39436]: {"event_id": "0365075a-dbff-4541-ad8e-c70f7bdd8d00", "event": "publisher.event_retried", "level": "info", "timestamp": "2026-09-18T20:56:27.488763Z"}
Sep 18 17:56:27 fim-host fim-agent[39436]: {"event_id": "619b5412-745c-441e-9b56-3e411409a435", "event": "publisher.event_acked", "level": "info", "timestamp": "2026-09-18T20:56:27.489970Z"}
Sep 18 17:56:27 fim-host fim-agent[39436]: {"event_id": "77c69524-ec01-4d1c-86f6-6c65130a3408", "event": "publisher.event_retried", "level": "info", "timestamp": "2026-09-18T20:56:27.495085Z"}
Sep 18 17:56:27 fim-host fim-agent[39436]: {"event_id": "b894001b-ec26-4f2c-b4fd-080d67ea79b5", "event": "publisher.event_retried", "level": "info", "timestamp": "2026-09-18T20:56:27.498251Z"}
Sep 18 17:56:27 fim-host fim-agent[39436]: {"event_id": "72148086-a571-4bcd-9ff8-0df93256c91a", "event": "publisher.event_retried", "level": "info", "timestamp": "2026-09-18T20:56:27.501471Z"}
Sep 18 17:56:27 fim-host fim-agent[39436]: {"event_id": "247f845a-f438-4008-ab08-e9113f6f665f", "event": "publisher.event_retried", "level": "info", "timestamp": "2026-09-18T20:56:27.505513Z"}
Sep 18 17:56:27 fim-host fim-agent[39436]: {"event_id": "7d07fc9a-5068-453c-b2f7-f743bcde26fb", "event": "publisher.event_acked", "level": "info", "timestamp": "2026-09-18T20:56:27.507043Z"}
Sep 18 17:56:27 fim-host fim-agent[39436]: {"event_id": "6cd99160-f8da-4605-b303-1fcf8dff7bbf", "event": "publisher.event_retried", "level": "info", "timestamp": "2026-09-18T20:56:27.511733Z"}
Sep 18 17:56:27 fim-host fim-agent[39436]: {"event_id": "406c9179-167d-441f-95c5-5a0febb90fd6", "event": "publisher.event_retried", "level": "info", "timestamp": "2026-09-18T20:56:27.515643Z"}
Sep 18 17:56:27 fim-host fim-agent[39436]: {"event_id": "ba328653-4cb5-4e1c-95cb-ec301671b9ed", "event": "publisher.event_retried", "level": "info", "timestamp": "2026-09-18T20:56:27.519147Z"}
Sep 18 17:56:27 fim-host fim-agent[39436]: {"event_id": "85027d12-efdf-4db5-ab3b-7ff8383535e0", "event": "publisher.event_acked", "level": "info", "timestamp": "2026-09-18T20:56:27.520583Z"}
Sep 18 17:56:27 fim-host fim-agent[39436]: {"event_id": "af47a1c6-fd64-43a8-9f04-32e7eaa57787", "event": "publisher.event_retried", "level": "info", "timestamp": "2026-09-18T20:56:27.525831Z"}
Sep 18 17:56:27 fim-host fim-agent[39436]: {"event_id": "0bfc2370-435c-4de5-ba49-51497dccc096", "event": "publisher.event_retried", "level": "info", "timestamp": "2026-09-18T20:56:27.529647Z"}
Sep 18 17:56:27 fim-host fim-agent[39436]: {"event_id": "9a8a3e4f-7727-4e54-a851-05b96a6172c0", "event": "publisher.event_retried", "level": "info", "timestamp": "2026-09-18T20:56:27.533181Z"}
Sep 18 17:56:27 fim-host fim-agent[39436]: {"event_id": "36042765-df8f-45cd-a155-6191c7a5d8ce", "event": "publisher.event_retried", "level": "info", "timestamp": "2026-09-18T20:56:27.536934Z"}
Sep 18 17:56:27 fim-host fim-agent[39436]: {"event_id": "fb17dfb6-5fab-49f9-81a4-a3ff19221ec4", "event": "publisher.event_acked", "level": "info", "timestamp": "2026-09-18T20:56:27.538455Z"}
Sep 18 17:56:27 fim-host fim-agent[39436]: {"event_id": "57ef6bc4-88d2-4e2e-86f3-72613e61e09c", "event": "publisher.event_retried", "level": "info", "timestamp": "2026-09-18T20:56:27.544686Z"}
Sep 18 17:56:27 fim-host fim-agent[39436]: {"event_id": "9c0c3c43-ff3c-426e-b97d-c120046dd1b5", "event": "publisher.event_retried", "level": "info", "timestamp": "2026-09-18T20:56:27.548793Z"}
Sep 18 17:56:27 fim-host fim-agent[39436]: {"event_id": "4b7aaf7e-613a-4482-ae4a-dad6ee5eace3", "event": "publisher.event_retried", "level": "info", "timestamp": "2026-09-18T20:56:27.552208Z"}
Sep 18 17:56:27 fim-host fim-agent[39436]: {"event_id": "479cc319-3f4b-400b-9729-b254f65ae23a", "event": "publisher.event_acked", "level": "info", "timestamp": "2026-09-18T20:56:27.553666Z"}
Sep 18 17:56:27 fim-host fim-agent[39436]: {"event_id": "32db9b41-f27c-4039-8987-92e7cca867ea", "event": "publisher.event_retried", "level": "info", "timestamp": "2026-09-18T20:56:27.558806Z"}
Sep 18 17:56:27 fim-host fim-agent[39436]: {"event_id": "47207183-060e-4b78-8d82-985d28a16ec7", "event": "publisher.event_retried", "level": "info", "timestamp": "2026-09-18T20:56:27.562545Z"}
Sep 18 17:56:27 fim-host fim-agent[39436]: {"event_id": "cefecab1-b8ad-4b38-8033-38febefd3432", "event": "publisher.event_retried", "level": "info", "timestamp": "2026-09-18T20:56:27.566599Z"}
Sep 18 17:56:27 fim-host fim-agent[39436]: {"event_id": "9fa6429e-0f76-451f-822b-1ec984ee1182", "event": "publisher.event_acked", "level": "info", "timestamp": "2026-09-18T20:56:27.568005Z"}
Sep 18 17:56:27 fim-host fim-agent[39436]: {"event_id": "61fb6570-1b3f-4114-b3fc-f78736a48882", "event": "publisher.event_retried", "level": "info", "timestamp": "2026-09-18T20:56:27.576333Z"}
Sep 18 17:56:27 fim-host fim-agent[39436]: {"event_id": "0f7a7876-4212-48bb-bf05-0c2fc6e3ac1d", "event": "publisher.event_retried", "level": "info", "timestamp": "2026-09-18T20:56:27.580665Z"}
Sep 18 17:56:27 fim-host fim-agent[39436]: {"event_id": "0ce71c12-5c6a-49be-96fb-bc64285f6805", "event": "publisher.event_acked", "level": "info", "timestamp": "2026-09-18T20:56:27.581825Z"}
Sep 18 17:56:27 fim-host fim-agent[39436]: {"event_id": "6614fedf-96cb-418b-a4dc-985b3308a081", "event": "publisher.event_retried", "level": "info", "timestamp": "2026-09-18T20:56:27.587024Z"}
Sep 18 17:56:27 fim-host fim-agent[39436]: {"event_id": "3a705024-280d-423d-aba6-11cf209c8b60", "event": "publisher.event_retried", "level": "info", "timestamp": "2026-09-18T20:56:27.590519Z"}
Sep 18 17:56:27 fim-host fim-agent[39436]: {"event_id": "6c289650-f294-4f08-b1b0-64eb6c993b3a", "event": "publisher.event_retried", "level": "info", "timestamp": "2026-09-18T20:56:27.594095Z"}
Sep 18 17:56:27 fim-host fim-agent[39436]: {"event_id": "a752737c-ff8e-4f34-9df7-61a683d61920", "event": "publisher.event_acked", "level": "info", "timestamp": "2026-09-18T20:56:27.595355Z"}
Sep 18 17:56:27 fim-host fim-agent[39436]: {"event_id": "c1ce4a00-ffa5-4999-acee-c4cac9c0bcdc", "event": "publisher.event_retried", "level": "info", "timestamp": "2026-09-18T20:56:27.599884Z"}
Sep 18 17:56:27 fim-host fim-agent[39436]: {"event_id": "80c44836-41e3-4b30-9f97-888b4d63194b", "event": "publisher.event_retried", "level": "info", "timestamp": "2026-09-18T20:56:27.603306Z"}
Sep 18 17:56:27 fim-host fim-agent[39436]: {"event_id": "5e612c4e-d448-4c07-a3b5-4f4a432cfecf", "event": "publisher.event_retried", "level": "info", "timestamp": "2026-09-18T20:56:27.607529Z"}
Sep 18 17:56:27 fim-host fim-agent[39436]: {"event_id": "2459bb7d-0bf7-41f6-ba74-fdbfb2ebd76b", "event": "publisher.event_acked", "level": "info", "timestamp": "2026-09-18T20:56:27.608844Z"}
Sep 18 17:56:27 fim-host fim-agent[39436]: {"event_id": "5c353ba4-a281-4c86-8506-88c4006fe01a", "event": "publisher.event_retried", "level": "info", "timestamp": "2026-09-18T20:56:27.613547Z"}
Sep 18 17:56:27 fim-host fim-agent[39436]: {"event_id": "f22fd29e-8285-4915-9945-8c761f777396", "event": "publisher.event_retried", "level": "info", "timestamp": "2026-09-18T20:56:27.617101Z"}
Sep 18 17:56:27 fim-host fim-agent[39436]: {"event_id": "79d84e4f-8339-47ee-9174-a07f17d986ca", "event": "publisher.event_retried", "level": "info", "timestamp": "2026-09-18T20:56:27.620949Z"}
Sep 18 17:56:27 fim-host fim-agent[39436]: {"event_id": "93c199e1-f61b-428a-ae78-0ebdbfa2b2e4", "event": "publisher.event_acked", "level": "info", "timestamp": "2026-09-18T20:56:27.622402Z"}
Sep 18 17:56:27 fim-host fim-agent[39436]: {"event_id": "f14d69e7-a9ae-4bc8-bb6e-5482bd4252e2", "event": "publisher.event_retried", "level": "info", "timestamp": "2026-09-18T20:56:27.627751Z"}
Sep 18 17:56:27 fim-host fim-agent[39436]: {"event_id": "5ef7ec6b-0659-40c6-aa4c-e7e4f069f660", "event": "publisher.event_retried", "level": "info", "timestamp": "2026-09-18T20:56:27.631422Z"}
Sep 18 17:56:27 fim-host fim-agent[39436]: {"event_id": "e30ca11a-7303-4ba7-ac44-765ca8ed67de", "event": "publisher.event_retried", "level": "info", "timestamp": "2026-09-18T20:56:27.634846Z"}
Sep 18 17:56:27 fim-host fim-agent[39436]: {"event_id": "2db72838-31c1-470b-b38b-2943affc23a1", "event": "publisher.event_acked", "level": "info", "timestamp": "2026-09-18T20:56:27.636157Z"}
Sep 18 17:56:27 fim-host fim-agent[39436]: {"event_id": "0993885c-f807-448d-b7b4-4a35c8963873", "event": "publisher.event_retried", "level": "info", "timestamp": "2026-09-18T20:56:27.642129Z"}
Sep 18 17:56:27 fim-host fim-agent[39436]: {"event_id": "78398be7-5790-4778-abdb-322330a0874b", "event": "publisher.event_retried", "level": "info", "timestamp": "2026-09-18T20:56:27.645675Z"}
Sep 18 17:56:27 fim-host fim-agent[39436]: {"event_id": "eb530a7c-2beb-43cd-8f8a-d1c912849fb5", "event": "publisher.event_retried", "level": "info", "timestamp": "2026-09-18T20:56:27.649285Z"}
Sep 18 17:56:27 fim-host fim-agent[39436]: {"event_id": "b5af5ad2-b35c-49b2-9e8a-0738996e7117", "event": "publisher.event_retried", "level": "info", "timestamp": "2026-09-18T20:56:27.653153Z"}
Sep 18 17:56:27 fim-host fim-agent[39436]: {"event_id": "ae0a91cf-bddb-4010-b7c6-492434ef26c8", "event": "publisher.event_acked", "level": "info", "timestamp": "2026-09-18T20:56:27.654314Z"}
Sep 18 17:56:27 fim-host fim-agent[39436]: {"event_id": "efbc26fe-5891-4c03-b06f-2e8806239a63", "event": "publisher.event_retried", "level": "info", "timestamp": "2026-09-18T20:56:27.659460Z"}
Sep 18 17:56:27 fim-host fim-agent[39436]: {"event_id": "677db8c3-500c-4b67-9da4-83682d91d458", "event": "publisher.event_retried", "level": "info", "timestamp": "2026-09-18T20:56:27.662758Z"}
Sep 18 17:56:27 fim-host fim-agent[39436]: {"event_id": "f6853f67-480d-4eeb-8b19-3ed2e7246f8b", "event": "publisher.event_retried", "level": "info", "timestamp": "2026-09-18T20:56:27.666212Z"}
Sep 18 17:56:27 fim-host fim-agent[39436]: {"event_id": "e1f93689-42e6-40c7-80e4-d9100b17d34a", "event": "publisher.event_acked", "level": "info", "timestamp": "2026-09-18T20:56:27.667413Z"}
Sep 18 17:56:27 fim-host fim-agent[39436]: {"event_id": "cbc05c19-302d-4634-a4a7-662312b88cee", "event": "publisher.event_retried", "level": "info", "timestamp": "2026-09-18T20:56:27.672221Z"}
Sep 18 17:56:27 fim-host fim-agent[39436]: {"event_id": "56a9127d-4870-4d0c-87d7-6243558826fb", "event": "publisher.event_retried", "level": "info", "timestamp": "2026-09-18T20:56:27.675404Z"}
Sep 18 17:56:27 fim-host fim-agent[39436]: {"event_id": "02dbc072-3309-4134-bcd8-645c02bf0138", "event": "publisher.event_retried", "level": "info", "timestamp": "2026-09-18T20:56:27.678883Z"}
Sep 18 17:56:27 fim-host fim-agent[39436]: {"event_id": "f13995b9-9801-4f0a-85e8-62c1d76be948", "event": "publisher.event_acked", "level": "info", "timestamp": "2026-09-18T20:56:27.680159Z"}
Sep 18 17:56:27 fim-host fim-agent[39436]: {"event_id": "116c29fb-5fd7-473d-876d-c7ff65b05bd0", "event": "publisher.event_retried", "level": "info", "timestamp": "2026-09-18T20:56:27.685210Z"}
Sep 18 17:56:27 fim-host fim-agent[39436]: {"event_id": "4c6dfe23-c219-444a-bb6a-5d75d1d9fa6e", "event": "publisher.event_retried", "level": "info", "timestamp": "2026-09-18T20:56:27.689354Z"}
Sep 18 17:56:27 fim-host fim-agent[39436]: {"event_id": "9c21bf4e-29ae-4ffd-8563-93485a08daec", "event": "publisher.event_retried", "level": "info", "timestamp": "2026-09-18T20:56:27.693184Z"}
Sep 18 17:56:27 fim-host fim-agent[39436]: {"event_id": "9f33d80e-1f76-4330-86d5-4df9adee1a9c", "event": "publisher.event_retried", "level": "info", "timestamp": "2026-09-18T20:56:27.696763Z"}
Sep 18 17:56:27 fim-host fim-agent[39436]: {"event_id": "b9df28ec-92c8-4b47-944a-f9e75ecfcf92", "event": "publisher.event_acked", "level": "info", "timestamp": "2026-09-18T20:56:27.698236Z"}
Sep 18 17:56:27 fim-host fim-agent[39436]: {"event_id": "04e15aaa-37a1-4ad2-bb1d-ae099663e566", "event": "publisher.event_retried", "level": "info", "timestamp": "2026-09-18T20:56:27.704924Z"}
Sep 18 17:56:27 fim-host fim-agent[39436]: {"event_id": "9f54abde-96ec-45ac-91a7-ab9412225c75", "event": "publisher.event_retried", "level": "info", "timestamp": "2026-09-18T20:56:27.708220Z"}
Sep 18 17:56:27 fim-host fim-agent[39436]: {"event_id": "954909b8-e7c3-4287-a201-0f2f90038008", "event": "publisher.event_retried", "level": "info", "timestamp": "2026-09-18T20:56:27.711206Z"}
Sep 18 17:56:27 fim-host fim-agent[39436]: {"event_id": "24a71875-08a2-407f-af82-279d53f80838", "event": "publisher.event_retried", "level": "info", "timestamp": "2026-09-18T20:56:27.714479Z"}
Sep 18 17:56:27 fim-host fim-agent[39436]: {"event_id": "b29352f4-7c4c-49b7-a33b-8bfa4564aacf", "event": "publisher.event_acked", "level": "info", "timestamp": "2026-09-18T20:56:27.715680Z"}
Sep 18 17:56:27 fim-host fim-agent[39436]: {"event_id": "187743f7-5cc1-4bd0-903e-ef82b5514da4", "event": "publisher.event_retried", "level": "info", "timestamp": "2026-09-18T20:56:27.721144Z"}
Sep 18 17:56:27 fim-host fim-agent[39436]: {"event_id": "7c772b2b-930a-401c-b47b-46142ab439e6", "event": "publisher.event_retried", "level": "info", "timestamp": "2026-09-18T20:56:27.725056Z"}
Sep 18 17:56:27 fim-host fim-agent[39436]: {"event_id": "1b941cba-de47-4638-a792-4d4d1984cb4a", "event": "publisher.event_retried", "level": "info", "timestamp": "2026-09-18T20:56:27.728640Z"}
Sep 18 17:56:27 fim-host fim-agent[39436]: {"event_id": "4303c818-c2f6-4764-b191-fc8a6d322bb3", "event": "publisher.event_retried", "level": "info", "timestamp": "2026-09-18T20:56:27.732049Z"}
Sep 18 17:56:27 fim-host fim-agent[39436]: {"event_id": "0ca0b494-5ad3-4351-8a5c-47828ab39bea", "event": "publisher.event_acked", "level": "info", "timestamp": "2026-09-18T20:56:27.733532Z"}
Sep 18 17:56:27 fim-host fim-agent[39436]: {"event_id": "1827f0be-a576-48fc-ab92-8942fd85c28f", "event": "publisher.event_retried", "level": "info", "timestamp": "2026-09-18T20:56:27.739756Z"}
Sep 18 17:56:27 fim-host fim-agent[39436]: {"event_id": "bb30986b-6f5d-43f3-913c-f46adbf618c5", "event": "publisher.event_retried", "level": "info", "timestamp": "2026-09-18T20:56:27.744038Z"}
Sep 18 17:56:27 fim-host fim-agent[39436]: {"event_id": "434d7b71-4f10-4a7d-a997-931549f4b201", "event": "publisher.event_retried", "level": "info", "timestamp": "2026-09-18T20:56:27.747436Z"}
Sep 18 17:56:27 fim-host fim-agent[39436]: {"event_id": "9adefa4f-ded1-4da2-9784-45bb271f5b13", "event": "publisher.event_retried", "level": "info", "timestamp": "2026-09-18T20:56:27.751317Z"}
Sep 18 17:56:27 fim-host fim-agent[39436]: {"event_id": "6b619504-8ada-4292-9783-926fc243f532", "event": "publisher.event_retried", "level": "info", "timestamp": "2026-09-18T20:56:27.755198Z"}
Sep 18 17:56:27 fim-host fim-agent[39436]: {"event_id": "478b1008-a7f7-47bf-9f9d-8acaefc22e9c", "event": "publisher.event_acked", "level": "info", "timestamp": "2026-09-18T20:56:27.756474Z"}
Sep 18 17:56:27 fim-host fim-agent[39436]: {"event_id": "d25f8f87-5af3-463f-8298-711d34b16529", "event": "publisher.event_retried", "level": "info", "timestamp": "2026-09-18T20:56:27.761809Z"}
Sep 18 17:56:27 fim-host fim-agent[39436]: {"event_id": "38153413-1189-4d6d-89b4-0d4a22c0bf60", "event": "publisher.event_retried", "level": "info", "timestamp": "2026-09-18T20:56:27.765623Z"}
Sep 18 17:56:27 fim-host fim-agent[39436]: {"event_id": "3bc23c5a-4705-4b00-b1b1-cbb4a7fab416", "event": "publisher.event_retried", "level": "info", "timestamp": "2026-09-18T20:56:27.769123Z"}
Sep 18 17:56:27 fim-host fim-agent[39436]: {"event_id": "73f352c5-dae8-42e4-8df5-60831c3f2a9f", "event": "publisher.event_retried", "level": "info", "timestamp": "2026-09-18T20:56:27.772957Z"}
Sep 18 17:56:27 fim-host fim-agent[39436]: {"event_id": "023dfcb1-cd5d-4c62-aeda-5244a240e5f4", "event": "publisher.event_retried", "level": "info", "timestamp": "2026-09-18T20:56:27.777050Z"}
Sep 18 17:56:27 fim-host fim-agent[39436]: {"event_id": "cf46eec7-e927-46db-a71e-a725e744a324", "event": "publisher.event_acked", "level": "info", "timestamp": "2026-09-18T20:56:27.778396Z"}
Sep 18 17:56:27 fim-host fim-agent[39436]: {"event_id": "e208921a-487c-4947-9014-43f432f51a49", "event": "publisher.event_retried", "level": "info", "timestamp": "2026-09-18T20:56:27.784177Z"}
Sep 18 17:56:27 fim-host fim-agent[39436]: {"event_id": "bb4991cd-1fa0-44c0-95b4-3170a5819bc5", "event": "publisher.event_retried", "level": "info", "timestamp": "2026-09-18T20:56:27.788003Z"}
Sep 18 17:56:27 fim-host fim-agent[39436]: {"event_id": "b5ec65a1-ebc4-441d-a9e4-1eca4a0c6b07", "event": "publisher.event_retried", "level": "info", "timestamp": "2026-09-18T20:56:27.791752Z"}
Sep 18 17:56:27 fim-host fim-agent[39436]: {"event_id": "f925e23a-f8c1-451c-897e-7a355d835b45", "event": "publisher.event_retried", "level": "info", "timestamp": "2026-09-18T20:56:27.795743Z"}
Sep 18 17:56:27 fim-host fim-agent[39436]: {"event_id": "7a4254ee-5473-4c17-9fe3-226ff083a28d", "event": "publisher.event_acked", "level": "info", "timestamp": "2026-09-18T20:56:27.797140Z"}
Sep 18 17:56:27 fim-host fim-agent[39436]: {"event_id": "ea58a8b0-5a91-401b-978a-46f830643bca", "event": "publisher.event_retried", "level": "info", "timestamp": "2026-09-18T20:56:27.802313Z"}
Sep 18 17:56:27 fim-host fim-agent[39436]: {"event_id": "ce679284-5fab-4e22-9948-fa19a620a131", "event": "publisher.event_retried", "level": "info", "timestamp": "2026-09-18T20:56:27.806094Z"}
Sep 18 17:56:27 fim-host fim-agent[39436]: {"event_id": "c23b9388-ade9-44f9-a1da-cac5b5c6aca1", "event": "publisher.event_retried", "level": "info", "timestamp": "2026-09-18T20:56:27.810123Z"}
Sep 18 17:56:27 fim-host fim-agent[39436]: {"event_id": "9dd33a62-1538-4f31-b256-460b60394ec2", "event": "publisher.event_retried", "level": "info", "timestamp": "2026-09-18T20:56:27.813729Z"}
Sep 18 17:56:27 fim-host fim-agent[39436]: {"event_id": "b67220dd-4dc6-435e-9c7d-9a153dcbcea5", "event": "publisher.event_retried", "level": "info", "timestamp": "2026-09-18T20:56:27.817158Z"}
Sep 18 17:56:27 fim-host fim-agent[39436]: {"event_id": "8ed26ec0-706b-47e9-b6d3-eb9d3ca8d4f2", "event": "publisher.event_retried", "level": "info", "timestamp": "2026-09-18T20:56:27.820818Z"}
Sep 18 17:56:27 fim-host fim-agent[39436]: {"event_id": "b81cc23f-4898-409c-b5f2-5660787c9c99", "event": "publisher.event_acked", "level": "info", "timestamp": "2026-09-18T20:56:27.822343Z"}
Sep 18 17:56:27 fim-host fim-agent[39436]: {"event_id": "13677491-0545-47fb-845d-1c73851ffae4", "event": "publisher.event_retried", "level": "info", "timestamp": "2026-09-18T20:56:27.828309Z"}
Sep 18 17:56:27 fim-host fim-agent[39436]: {"event_id": "5d80de35-8a3a-48d0-a214-3689b9ec8327", "event": "publisher.event_retried", "level": "info", "timestamp": "2026-09-18T20:56:27.832160Z"}
Sep 18 17:56:27 fim-host fim-agent[39436]: {"event_id": "67bef1e8-fec8-4655-8d93-787115b5dec1", "event": "publisher.event_retried", "level": "info", "timestamp": "2026-09-18T20:56:27.835943Z"}
Sep 18 17:56:27 fim-host fim-agent[39436]: {"event_id": "c3bc0840-0206-4d3b-9af6-2a9cc029b984", "event": "publisher.event_retried", "level": "info", "timestamp": "2026-09-18T20:56:27.839676Z"}
Sep 18 17:56:27 fim-host fim-agent[39436]: {"event_id": "36a81d54-b925-47e0-9e29-347f581c90bb", "event": "publisher.event_acked", "level": "info", "timestamp": "2026-09-18T20:56:27.841217Z"}
Sep 18 17:56:27 fim-host fim-agent[39436]: {"event_id": "c97b59c8-85b6-4781-8ad8-e44fb28b6b15", "event": "publisher.event_retried", "level": "info", "timestamp": "2026-09-18T20:56:27.846313Z"}
Sep 18 17:56:27 fim-host fim-agent[39436]: {"event_id": "5dad2a10-05a9-4b45-818c-e43ea5dff8dd", "event": "publisher.event_retried", "level": "info", "timestamp": "2026-09-18T20:56:27.849940Z"}
Sep 18 17:56:27 fim-host fim-agent[39436]: {"event_id": "8ec3934e-048b-4764-b955-d05283e164d0", "event": "publisher.event_retried", "level": "info", "timestamp": "2026-09-18T20:56:27.853467Z"}
Sep 18 17:56:27 fim-host fim-agent[39436]: {"event_id": "3665e902-5833-4739-9a8f-1a023d9d21a0", "event": "publisher.event_retried", "level": "info", "timestamp": "2026-09-18T20:56:27.856970Z"}
Sep 18 17:56:27 fim-host fim-agent[39436]: {"event_id": "2fb11f44-0bd9-4041-a99a-b425556944b5", "event": "publisher.event_retried", "level": "info", "timestamp": "2026-09-18T20:56:27.861248Z"}
Sep 18 17:56:27 fim-host fim-agent[39436]: {"event_id": "dafae1fa-c902-428b-b85a-0faa8078b749", "event": "publisher.event_retried", "level": "info", "timestamp": "2026-09-18T20:56:27.865018Z"}
Sep 18 17:56:27 fim-host fim-agent[39436]: {"event_id": "eba55a26-ea95-4917-b34d-3f899f48d33e", "event": "publisher.event_acked", "level": "info", "timestamp": "2026-09-18T20:56:27.866842Z"}
Sep 18 17:56:27 fim-host fim-agent[39436]: {"event_id": "aae84c38-5d9f-4bba-b21a-d35dc807e86a", "event": "publisher.event_retried", "level": "info", "timestamp": "2026-09-18T20:56:27.872403Z"}
Sep 18 17:56:27 fim-host fim-agent[39436]: {"event_id": "1696d148-eb03-4784-a468-663890e421c4", "event": "publisher.event_retried", "level": "info", "timestamp": "2026-09-18T20:56:27.876262Z"}
Sep 18 17:56:27 fim-host fim-agent[39436]: {"event_id": "8fd176d1-9b55-471c-92a1-2bf027a3650a", "event": "publisher.event_retried", "level": "info", "timestamp": "2026-09-18T20:56:27.880177Z"}
Sep 18 17:56:27 fim-host fim-agent[39436]: {"event_id": "5d17e6b1-136e-4ee2-bf1a-dd3cdc750bc3", "event": "publisher.event_retried", "level": "info", "timestamp": "2026-09-18T20:56:27.884018Z"}
Sep 18 17:56:27 fim-host fim-agent[39436]: {"event_id": "fd48c4c1-b22a-4934-a907-ea98f0a6ee7f", "event": "publisher.event_acked", "level": "info", "timestamp": "2026-09-18T20:56:27.885121Z"}
Sep 18 17:56:27 fim-host fim-agent[39436]: {"event_id": "65596ced-7ab0-4995-9681-2c8f8fa2529e", "event": "publisher.event_retried", "level": "info", "timestamp": "2026-09-18T20:56:27.890502Z"}
Sep 18 17:56:27 fim-host fim-agent[39436]: {"event_id": "d4ddda09-ab64-4d9a-b898-6469476ecd65", "event": "publisher.event_retried", "level": "info", "timestamp": "2026-09-18T20:56:27.894149Z"}
Sep 18 17:56:27 fim-host fim-agent[39436]: {"event_id": "2626650f-bca0-46c7-a8db-b96c044e5315", "event": "publisher.event_retried", "level": "info", "timestamp": "2026-09-18T20:56:27.897915Z"}
Sep 18 17:56:27 fim-host fim-agent[39436]: {"event_id": "1c13167d-62ac-4845-b707-a25ef230874a", "event": "publisher.event_retried", "level": "info", "timestamp": "2026-09-18T20:56:27.901567Z"}
Sep 18 17:56:27 fim-host fim-agent[39436]: {"event_id": "24e94703-b83f-4782-8b52-f89a97465a64", "event": "publisher.event_acked", "level": "info", "timestamp": "2026-09-18T20:56:27.903328Z"}
Sep 18 17:56:27 fim-host fim-agent[39436]: {"event_id": "c537f933-bbdb-451d-aa2a-1627cb843b54", "event": "publisher.event_retried", "level": "info", "timestamp": "2026-09-18T20:56:27.908910Z"}
Sep 18 17:56:27 fim-host fim-agent[39436]: {"event_id": "70daf72f-05bd-4ba7-8b89-5236066b7598", "event": "publisher.event_retried", "level": "info", "timestamp": "2026-09-18T20:56:27.912598Z"}
Sep 18 17:56:27 fim-host fim-agent[39436]: {"event_id": "8fc308db-e59d-4cbb-b9d7-2277c8df0ee2", "event": "publisher.event_retried", "level": "info", "timestamp": "2026-09-18T20:56:27.916496Z"}
Sep 18 17:56:27 fim-host fim-agent[39436]: {"event_id": "ccfbb646-1fa3-4547-81c8-8791908c6ceb", "event": "publisher.event_retried", "level": "info", "timestamp": "2026-09-18T20:56:27.920062Z"}
Sep 18 17:56:27 fim-host fim-agent[39436]: {"event_id": "e91ff8d7-4f67-45ed-b429-84cebc47e9c3", "event": "publisher.event_acked", "level": "info", "timestamp": "2026-09-18T20:56:27.921606Z"}
Sep 18 17:56:27 fim-host fim-agent[39436]: {"event_id": "91caf70a-0c55-4405-91d8-41623f98495a", "event": "publisher.event_acked", "level": "info", "timestamp": "2026-09-18T20:56:27.937317Z"}
Sep 18 17:56:27 fim-host fim-agent[39436]: {"event_id": "335618f3-e58f-4b69-b2f7-cc558e027c2b", "event": "publisher.event_acked", "level": "info", "timestamp": "2026-09-18T20:56:27.956076Z"}
Sep 18 17:56:27 fim-host fim-agent[39436]: {"event_id": "c213925c-ecc9-4263-a96e-33aff4488d93", "event": "publisher.event_acked", "level": "info", "timestamp": "2026-09-18T20:56:27.979377Z"}
Sep 18 17:56:28 fim-host fim-agent[39436]: {"event_id": "aa7562bc-5817-4bcd-b35e-d038c3a4dc54", "event": "publisher.event_acked", "level": "info", "timestamp": "2026-09-18T20:56:28.000694Z"}
Sep 18 17:56:28 fim-host fim-agent[39436]: {"event_id": "a53880e7-c414-4acd-b6c2-c17435c525bc", "event": "publisher.event_acked", "level": "info", "timestamp": "2026-09-18T20:56:28.023801Z"}
Sep 18 17:56:28 fim-host fim-agent[39436]: {"event_id": "ae937839-9e53-4fdf-958c-ffb4ecdf8d34", "event": "publisher.event_acked", "level": "info", "timestamp": "2026-09-18T20:56:28.049976Z"}
Sep 18 17:56:28 fim-host fim-agent[39436]: {"event_id": "932c4001-b144-45af-a0e5-49ad6b495778", "event": "publisher.event_acked", "level": "info", "timestamp": "2026-09-18T20:56:28.075484Z"}
Sep 18 17:56:28 fim-host fim-agent[39436]: {"event_id": "3a576eca-1c63-4171-a484-34b886e3ae1e", "event": "publisher.event_acked", "level": "info", "timestamp": "2026-09-18T20:56:28.098560Z"}
Sep 18 17:56:28 fim-host fim-agent[39436]: {"event_id": "57d2286b-8645-43d7-a650-8406ecca86d4", "event": "publisher.event_acked", "level": "info", "timestamp": "2026-09-18T20:56:28.120434Z"}
Sep 18 17:56:28 fim-host fim-agent[39436]: {"event_id": "fe17e931-d0ad-4e09-9d23-580ebc3356f7", "event": "publisher.event_acked", "level": "info", "timestamp": "2026-09-18T20:56:28.138464Z"}
Sep 18 17:56:28 fim-host fim-agent[39436]: {"event_id": "6607bc95-c9d7-40aa-953d-dcc781ad09bf", "event": "publisher.event_acked", "level": "info", "timestamp": "2026-09-18T20:56:28.159693Z"}
Sep 18 17:56:28 fim-host fim-agent[39436]: {"event_id": "ddd9a889-e4bf-41b4-b825-7f3c10f74fd1", "event": "publisher.event_acked", "level": "info", "timestamp": "2026-09-18T20:56:28.187748Z"}
Sep 18 17:56:28 fim-host fim-agent[39436]: {"event_id": "a885176e-7520-4f53-b98f-360243153b8e", "event": "publisher.event_acked", "level": "info", "timestamp": "2026-09-18T20:56:28.211624Z"}
Sep 18 17:56:28 fim-host fim-agent[39436]: {"event_id": "b676eb96-9365-4ecf-ba30-7636d8f3d40c", "event": "publisher.event_acked", "level": "info", "timestamp": "2026-09-18T20:56:28.233834Z"}
Sep 18 17:56:28 fim-host fim-agent[39436]: {"event_id": "c67114cb-b7d1-414c-b601-6519cfda51c2", "reason": "rate_limited", "retry_after": 58.258396596997045, "event": "publisher.event_nack_retainable", "level": "info", "timestamp": "2026-09-18T20:56:28.257003Z"}
Sep 18 17:56:28 fim-host fim-agent[39436]: {"event_id": "18fd75ae-3ede-4ffb-b158-a7541bb46918", "reason": "rate_limited", "retry_after": 58.243194709008094, "event": "publisher.event_nack_retainable", "level": "info", "timestamp": "2026-09-18T20:56:28.271990Z"}
Sep 18 17:56:28 fim-host fim-agent[39436]: {"event_id": "70c8a82e-a2c5-4276-9d04-a50241459c61", "reason": "rate_limited", "retry_after": 58.233786255004816, "event": "publisher.event_nack_retainable", "level": "info", "timestamp": "2026-09-18T20:56:28.280929Z"}
Sep 18 17:56:28 fim-host fim-agent[39436]: {"event_id": "9c274c37-9678-45f3-93a4-19963bd4d3be", "reason": "rate_limited", "retry_after": 58.22662295900227, "event": "publisher.event_nack_retainable", "level": "info", "timestamp": "2026-09-18T20:56:28.288050Z"}
Sep 18 17:56:28 fim-host fim-agent[39436]: {"event_id": "acafd762-6d95-49eb-9bbd-605ef43503e8", "reason": "rate_limited", "retry_after": 58.21977480199712, "event": "publisher.event_nack_retainable", "level": "info", "timestamp": "2026-09-18T20:56:28.294782Z"}
Sep 18 17:56:28 fim-host fim-agent[39436]: {"event_id": "95036762-d436-4b37-8df5-4fcc10812045", "reason": "rate_limited", "retry_after": 58.212321805011015, "event": "publisher.event_nack_retainable", "level": "info", "timestamp": "2026-09-18T20:56:28.302418Z"}
Sep 18 17:56:28 fim-host fim-agent[39436]: {"event_id": "e8c50d23-f8b6-4c94-a4e4-32d14788b1b5", "reason": "rate_limited", "retry_after": 58.20462924000458, "event": "publisher.event_nack_retainable", "level": "info", "timestamp": "2026-09-18T20:56:28.310471Z"}
Sep 18 17:56:28 fim-host fim-agent[39436]: {"event_id": "80086b8b-aa2f-4c15-b33b-f519dfcaec82", "reason": "rate_limited", "retry_after": 58.19724636300816, "event": "publisher.event_nack_retainable", "level": "info", "timestamp": "2026-09-18T20:56:28.317438Z"}
Sep 18 17:56:28 fim-host fim-agent[39436]: {"event_id": "5509de8a-7463-43e4-bdfc-2d179addacec", "reason": "rate_limited", "retry_after": 58.19114881000132, "event": "publisher.event_nack_retainable", "level": "info", "timestamp": "2026-09-18T20:56:28.323309Z"}
Sep 18 17:56:28 fim-host fim-agent[39436]: {"event_id": "0bc8d704-4ba4-4a6c-a435-b61b9cb0687a", "reason": "rate_limited", "retry_after": 58.18470383800741, "event": "publisher.event_nack_retainable", "level": "info", "timestamp": "2026-09-18T20:56:28.329791Z"}
Sep 18 17:56:28 fim-host fim-agent[39436]: {"event_id": "d28b3688-ed05-424e-8a8c-403d2e938966", "reason": "rate_limited", "retry_after": 58.178762918003486, "event": "publisher.event_nack_retainable", "level": "info", "timestamp": "2026-09-18T20:56:28.335886Z"}
Sep 18 17:56:28 fim-host fim-agent[39436]: {"event_id": "fb125a65-5c2c-4bbd-b787-824f7fcd51dd", "reason": "rate_limited", "retry_after": 58.1713872350083, "event": "publisher.event_nack_retainable", "level": "info", "timestamp": "2026-09-18T20:56:28.343153Z"}
Sep 18 17:56:28 fim-host fim-agent[39436]: {"event_id": "3990adcf-0922-4634-98df-5d7733c5bc83", "reason": "rate_limited", "retry_after": 58.1660373610066, "event": "publisher.event_nack_retainable", "level": "info", "timestamp": "2026-09-18T20:56:28.348389Z"}
Sep 18 17:56:28 fim-host fim-agent[39436]: {"event_id": "70c497ef-7d3c-4479-a457-4ca39b4b1f52", "reason": "rate_limited", "retry_after": 58.16032278400962, "event": "publisher.event_nack_retainable", "level": "info", "timestamp": "2026-09-18T20:56:28.354076Z"}
Sep 18 17:56:28 fim-host fim-agent[39436]: {"event_id": "61b533ba-33a3-4257-8892-3d3ef85a4099", "reason": "rate_limited", "retry_after": 58.15433917500195, "event": "publisher.event_nack_retainable", "level": "info", "timestamp": "2026-09-18T20:56:28.360096Z"}
Sep 18 17:56:28 fim-host fim-agent[39436]: {"event_id": "db5990c4-0517-4641-9476-2bafbc3ab796", "reason": "rate_limited", "retry_after": 58.14825944500626, "event": "publisher.event_nack_retainable", "level": "info", "timestamp": "2026-09-18T20:56:28.366231Z"}
Sep 18 17:56:28 fim-host fim-agent[39436]: {"event_id": "f5671523-b37a-460c-9ce1-e7de66c7bc5b", "reason": "rate_limited", "retry_after": 58.141630598998745, "event": "publisher.event_nack_retainable", "level": "info", "timestamp": "2026-09-18T20:56:28.372799Z"}
Sep 18 17:56:28 fim-host fim-agent[39436]: {"event_id": "9a4ed174-d0c7-49c1-b47e-2b5d9466ddd8", "reason": "rate_limited", "retry_after": 58.13457283099706, "event": "publisher.event_nack_retainable", "level": "info", "timestamp": "2026-09-18T20:56:28.379959Z"}
Sep 18 17:56:28 fim-host fim-agent[39436]: {"event_id": "d7a22c60-327b-4e55-8638-24159cd9a18a", "reason": "rate_limited", "retry_after": 58.128391561011085, "event": "publisher.event_nack_retainable", "level": "info", "timestamp": "2026-09-18T20:56:28.386133Z"}
Sep 18 17:56:28 fim-host fim-agent[39436]: {"event_id": "d81af9fe-317e-42b7-a88f-bb80e33137a9", "reason": "rate_limited", "retry_after": 58.12062116000743, "event": "publisher.event_nack_retainable", "level": "info", "timestamp": "2026-09-18T20:56:28.393906Z"}
Sep 18 17:56:28 fim-host fim-agent[39436]: {"event_id": "22c21751-6834-4115-893e-973d4c43e7c3", "reason": "rate_limited", "retry_after": 58.11137540001073, "event": "publisher.event_nack_retainable", "level": "info", "timestamp": "2026-09-18T20:56:28.403373Z"}
Sep 18 17:56:28 fim-host fim-agent[39436]: {"event_id": "a8869227-d939-4872-b238-32deb5f96a23", "reason": "rate_limited", "retry_after": 58.1008289080055, "event": "publisher.event_nack_retainable", "level": "info", "timestamp": "2026-09-18T20:56:28.413946Z"}
Sep 18 17:56:28 fim-host fim-agent[39436]: {"event_id": "70b3e832-4dcc-4d4e-a2ea-5e198158961c", "reason": "rate_limited", "retry_after": 58.09092176100239, "event": "publisher.event_nack_retainable", "level": "info", "timestamp": "2026-09-18T20:56:28.424038Z"}
Sep 18 17:56:28 fim-host fim-agent[39436]: {"event_id": "32ba7c8f-1a21-4982-b977-908710e52402", "reason": "rate_limited", "retry_after": 58.077866346997325, "event": "publisher.event_nack_retainable", "level": "info", "timestamp": "2026-09-18T20:56:28.437641Z"}
Sep 18 17:56:28 fim-host fim-agent[39436]: {"event_id": "c732c485-4a9b-4e81-8523-e057b2e36a56", "reason": "rate_limited", "retry_after": 58.06485644800705, "event": "publisher.event_nack_retainable", "level": "info", "timestamp": "2026-09-18T20:56:28.450216Z"}
Sep 18 17:56:28 fim-host fim-agent[39436]: {"event_id": "a1ec5a50-a050-4813-9256-91b7782fa430", "reason": "rate_limited", "retry_after": 58.050788810011, "event": "publisher.event_nack_retainable", "level": "info", "timestamp": "2026-09-18T20:56:28.464612Z"}
Sep 18 17:56:28 fim-host fim-agent[39436]: {"event_id": "c9a45bac-47fe-4629-9db2-92f02655c356", "reason": "rate_limited", "retry_after": 58.03720294400409, "event": "publisher.event_nack_retainable", "level": "info", "timestamp": "2026-09-18T20:56:28.478253Z"}
Sep 18 17:56:28 fim-host fim-agent[39436]: {"event_id": "2f0c591d-105d-49be-82c7-dd8a2f3b1497", "reason": "rate_limited", "retry_after": 58.023406384003465, "event": "publisher.event_nack_retainable", "level": "info", "timestamp": "2026-09-18T20:56:28.492152Z"}
Sep 18 17:56:28 fim-host fim-agent[39436]: {"event_id": "c203f660-1c6f-4d29-a633-e251de95cd40", "reason": "rate_limited", "retry_after": 58.01074153999798, "event": "publisher.event_nack_retainable", "level": "info", "timestamp": "2026-09-18T20:56:28.504174Z"}
Sep 18 17:56:28 fim-host fim-agent[39436]: {"event_id": "33450fce-cccf-41ab-8fa4-6b76cc768cd0", "reason": "rate_limited", "retry_after": 58.00231905000692, "event": "publisher.event_nack_retainable", "level": "info", "timestamp": "2026-09-18T20:56:28.512568Z"}
Sep 18 17:56:28 fim-host fim-agent[39436]: {"event_id": "de2283e8-1486-42db-87fd-53df9b5babdc", "reason": "rate_limited", "retry_after": 57.99469511200732, "event": "publisher.event_nack_retainable", "level": "info", "timestamp": "2026-09-18T20:56:28.519828Z"}
Sep 18 17:56:28 fim-host fim-agent[39436]: {"event_id": "0f15c061-ab21-459f-bb84-d2e18846bcb2", "reason": "rate_limited", "retry_after": 57.98808478099818, "event": "publisher.event_nack_retainable", "level": "info", "timestamp": "2026-09-18T20:56:28.526646Z"}
Sep 18 17:56:28 fim-host fim-agent[39436]: {"event_id": "83c3760e-dd72-4d6a-895a-9c308ca12899", "reason": "rate_limited", "retry_after": 57.980914872998255, "event": "publisher.event_nack_retainable", "level": "info", "timestamp": "2026-09-18T20:56:28.533742Z"}
Sep 18 17:56:28 fim-host fim-agent[39436]: {"event_id": "61b46267-8dd6-48eb-b671-9faf3279b46b", "reason": "rate_limited", "retry_after": 57.97484344900295, "event": "publisher.event_nack_retainable", "level": "info", "timestamp": "2026-09-18T20:56:28.539940Z"}
Sep 18 17:56:28 fim-host fim-agent[39436]: {"event_id": "4a78d491-7d51-4159-a1bb-c48e1b8b90f1", "reason": "rate_limited", "retry_after": 57.9683188580093, "event": "publisher.event_nack_retainable", "level": "info", "timestamp": "2026-09-18T20:56:28.546220Z"}
Sep 18 17:56:28 fim-host fim-agent[39436]: {"event_id": "146c3be4-093a-4b16-b39c-fd8481d8a494", "reason": "rate_limited", "retry_after": 57.962275787009276, "event": "publisher.event_nack_retainable", "level": "info", "timestamp": "2026-09-18T20:56:28.552252Z"}
Sep 18 17:56:28 fim-host fim-agent[39436]: {"event_id": "b17fb313-067f-41d7-a2db-ba6cd96d7066", "reason": "rate_limited", "retry_after": 57.95609492799849, "event": "publisher.event_nack_retainable", "level": "info", "timestamp": "2026-09-18T20:56:28.558427Z"}
Sep 18 17:56:28 fim-host fim-agent[39436]: {"event_id": "4eef960b-143e-47fb-acd5-92c07d4fa339", "reason": "rate_limited", "retry_after": 57.94898282800568, "event": "publisher.event_nack_retainable", "level": "info", "timestamp": "2026-09-18T20:56:28.565580Z"}
Sep 18 17:56:28 fim-host fim-agent[39436]: {"event_id": "b0f1021b-2d0f-46fe-94b2-c1edb62fa350", "reason": "rate_limited", "retry_after": 57.94115834600234, "event": "publisher.event_nack_retainable", "level": "info", "timestamp": "2026-09-18T20:56:28.573730Z"}
Sep 18 17:56:28 fim-host fim-agent[39436]: {"event_id": "36301454-d7b5-4e49-9d17-e145029e0f42", "reason": "rate_limited", "retry_after": 57.9312204720045, "event": "publisher.event_nack_retainable", "level": "info", "timestamp": "2026-09-18T20:56:28.584071Z"}
Sep 18 17:56:28 fim-host fim-agent[39436]: {"event_id": "91a103a9-8c2d-4ccc-be28-ff42679394f0", "reason": "rate_limited", "retry_after": 57.91788421200181, "event": "publisher.event_nack_retainable", "level": "info", "timestamp": "2026-09-18T20:56:28.597092Z"}
Sep 18 17:56:28 fim-host fim-agent[39436]: {"event_id": "a8954933-f9f1-4427-b0db-803367f06925", "reason": "rate_limited", "retry_after": 57.905828588001896, "event": "publisher.event_nack_retainable", "level": "info", "timestamp": "2026-09-18T20:56:28.608974Z"}
Sep 18 17:56:28 fim-host fim-agent[39436]: {"event_id": "e0af2f18-34c6-4233-a997-895e111ab05e", "reason": "rate_limited", "retry_after": 57.894051504001254, "event": "publisher.event_nack_retainable", "level": "info", "timestamp": "2026-09-18T20:56:28.621314Z"}
Sep 18 17:56:28 fim-host fim-agent[39436]: {"event_id": "11d1c3af-9af1-4792-86c0-aad90a98e253", "reason": "rate_limited", "retry_after": 57.880848202999914, "event": "publisher.event_nack_retainable", "level": "info", "timestamp": "2026-09-18T20:56:28.634024Z"}
Sep 18 17:56:28 fim-host fim-agent[39436]: {"event_id": "ba507b26-3389-49ba-be54-18e992298cab", "reason": "rate_limited", "retry_after": 57.86388056300348, "event": "publisher.event_nack_retainable", "level": "info", "timestamp": "2026-09-18T20:56:28.651643Z"}
Sep 18 17:56:28 fim-host fim-agent[39436]: {"event_id": "add302f4-7387-4220-8cd4-e1764637fd8c", "reason": "rate_limited", "retry_after": 57.850519497005735, "event": "publisher.event_nack_retainable", "level": "info", "timestamp": "2026-09-18T20:56:28.664838Z"}
Sep 18 17:56:28 fim-host fim-agent[39436]: {"event_id": "9f4c8d18-46e6-43fc-bd4d-fad3a2988965", "reason": "rate_limited", "retry_after": 57.83750465900812, "event": "publisher.event_nack_retainable", "level": "info", "timestamp": "2026-09-18T20:56:28.677934Z"}
Sep 18 17:56:28 fim-host fim-agent[39436]: {"event_id": "c514c74b-ee42-4205-9ca3-dccd58c3bc93", "reason": "rate_limited", "retry_after": 57.824367331006215, "event": "publisher.event_nack_retainable", "level": "info", "timestamp": "2026-09-18T20:56:28.691113Z"}
Sep 18 17:56:28 fim-host fim-agent[39436]: {"event_id": "54b94c5b-ffca-490e-b97a-74ba3561d804", "reason": "rate_limited", "retry_after": 57.81092306000937, "event": "publisher.event_nack_retainable", "level": "info", "timestamp": "2026-09-18T20:56:28.704461Z"}
Sep 18 17:56:28 fim-host fim-agent[39436]: {"event_id": "af1e4664-f4d8-44d1-914b-2a15a0142d44", "reason": "rate_limited", "retry_after": 57.797116310001, "event": "publisher.event_nack_retainable", "level": "info", "timestamp": "2026-09-18T20:56:28.718335Z"}
Sep 18 17:56:28 fim-host fim-agent[39436]: {"event_id": "9e2f35f7-b1f4-4923-a185-9b503c3dfc4c", "reason": "rate_limited", "retry_after": 57.78327849300695, "event": "publisher.event_nack_retainable", "level": "info", "timestamp": "2026-09-18T20:56:28.732253Z"}
Sep 18 17:56:28 fim-host fim-agent[39436]: {"event_id": "ce02f4bb-b94c-4d81-b9ca-5176b09c90d6", "reason": "rate_limited", "retry_after": 57.77005081700918, "event": "publisher.event_nack_retainable", "level": "info", "timestamp": "2026-09-18T20:56:28.745389Z"}
Sep 18 17:56:28 fim-host fim-agent[39436]: {"event_id": "003d02a8-9180-4ef4-be44-a6cc1ae4691f", "reason": "rate_limited", "retry_after": 57.75656927500677, "event": "publisher.event_nack_retainable", "level": "info", "timestamp": "2026-09-18T20:56:28.758680Z"}
Sep 18 17:56:28 fim-host fim-agent[39436]: {"event_id": "92f5e61d-b27a-4735-8a61-45abaa36c13e", "reason": "rate_limited", "retry_after": 57.74355401600769, "event": "publisher.event_nack_retainable", "level": "info", "timestamp": "2026-09-18T20:56:28.771838Z"}
Sep 18 17:56:28 fim-host fim-agent[39436]: {"event_id": "939cbd2e-db70-4e9f-871a-0822f3d2fd08", "reason": "rate_limited", "retry_after": 57.7298316850065, "event": "publisher.event_nack_retainable", "level": "info", "timestamp": "2026-09-18T20:56:28.785594Z"}
Sep 18 17:56:28 fim-host fim-agent[39436]: {"event_id": "ea80c1c6-fe53-4895-ae16-fabbb1d2e962", "reason": "rate_limited", "retry_after": 57.716008996008895, "event": "publisher.event_nack_retainable", "level": "info", "timestamp": "2026-09-18T20:56:28.799447Z"}
Sep 18 17:56:28 fim-host fim-agent[39436]: {"event_id": "dac2a05a-d026-4c01-ab76-69001dba155c", "reason": "rate_limited", "retry_after": 57.70236719500099, "event": "publisher.event_nack_retainable", "level": "info", "timestamp": "2026-09-18T20:56:28.813063Z"}
Sep 18 17:56:28 fim-host fim-agent[39436]: {"event_id": "b09dd941-d481-4515-9615-977478c564ed", "reason": "rate_limited", "retry_after": 57.68851031200029, "event": "publisher.event_nack_retainable", "level": "info", "timestamp": "2026-09-18T20:56:28.826996Z"}
Sep 18 17:56:28 fim-host fim-agent[39436]: {"event_id": "0c13d71c-f14c-4f9a-a4c4-c07f16444232", "reason": "rate_limited", "retry_after": 57.67477030699956, "event": "publisher.event_nack_retainable", "level": "info", "timestamp": "2026-09-18T20:56:28.840685Z"}
Sep 18 17:56:28 fim-host fim-agent[39436]: {"event_id": "f8f00522-0c90-4fff-ada1-481a7ad54b7d", "reason": "rate_limited", "retry_after": 57.66126608400373, "event": "publisher.event_nack_retainable", "level": "info", "timestamp": "2026-09-18T20:56:28.854145Z"}
Sep 18 17:56:28 fim-host fim-agent[39436]: {"event_id": "7eefcf84-7df5-4817-be79-9c28624f995d", "reason": "rate_limited", "retry_after": 57.64817835899885, "event": "publisher.event_nack_retainable", "level": "info", "timestamp": "2026-09-18T20:56:28.867489Z"}
Sep 18 17:56:28 fim-host fim-agent[39436]: {"event_id": "ec918588-fc31-4130-86fd-6b1e2719d662", "reason": "rate_limited", "retry_after": 57.634841407998465, "event": "publisher.event_nack_retainable", "level": "info", "timestamp": "2026-09-18T20:56:28.880501Z"}
Sep 18 17:56:28 fim-host fim-agent[39436]: {"event_id": "28218a14-e5df-482b-8ef2-384d6dc162d7", "reason": "rate_limited", "retry_after": 57.62196843500715, "event": "publisher.event_nack_retainable", "level": "info", "timestamp": "2026-09-18T20:56:28.893745Z"}
Sep 18 17:56:28 fim-host fim-agent[39436]: {"event_id": "4947700e-7a6e-4358-9364-ace413a5a4fc", "reason": "rate_limited", "retry_after": 57.60801230699872, "event": "publisher.event_nack_retainable", "level": "info", "timestamp": "2026-09-18T20:56:28.907502Z"}
Sep 18 17:56:28 fim-host fim-agent[39436]: {"event_id": "b608f4bd-af4f-4067-b8c3-4d733606c80d", "reason": "rate_limited", "retry_after": 57.594684213006985, "event": "publisher.event_nack_retainable", "level": "info", "timestamp": "2026-09-18T20:56:28.920826Z"}
Sep 18 17:56:28 fim-host fim-agent[39436]: {"event_id": "ca53e209-56c8-4a7e-b6ef-8dde50a437e3", "reason": "rate_limited", "retry_after": 57.58086600199749, "event": "publisher.event_nack_retainable", "level": "info", "timestamp": "2026-09-18T20:56:28.934473Z"}
Sep 18 17:56:28 fim-host fim-agent[39436]: {"event_id": "c8ea31c3-96a8-4502-b244-c6ef7cea7711", "reason": "rate_limited", "retry_after": 57.56703705100517, "event": "publisher.event_nack_retainable", "level": "info", "timestamp": "2026-09-18T20:56:28.948337Z"}
Sep 18 17:56:28 fim-host fim-agent[39436]: {"event_id": "03698cff-6e25-4a38-af16-8c168b92befd", "reason": "rate_limited", "retry_after": 57.55363672200474, "event": "publisher.event_nack_retainable", "level": "info", "timestamp": "2026-09-18T20:56:28.961807Z"}
Sep 18 17:56:28 fim-host fim-agent[39436]: {"event_id": "283bbfda-1e11-427a-9046-439e9d760074", "reason": "rate_limited", "retry_after": 57.54005308001069, "event": "publisher.event_nack_retainable", "level": "info", "timestamp": "2026-09-18T20:56:28.975460Z"}
Sep 18 17:56:28 fim-host fim-agent[39436]: {"event_id": "ecd6d072-0f79-4540-9eef-216152f3a614", "reason": "rate_limited", "retry_after": 57.525688968002214, "event": "publisher.event_nack_retainable", "level": "info", "timestamp": "2026-09-18T20:56:28.989842Z"}
Sep 18 17:56:29 fim-host fim-agent[39436]: {"event_id": "23925552-02bb-439d-a9d3-56ab9d2aaa72", "reason": "rate_limited", "retry_after": 57.51214474000153, "event": "publisher.event_nack_retainable", "level": "info", "timestamp": "2026-09-18T20:56:29.002611Z"}
Sep 18 17:56:29 fim-host fim-agent[39436]: {"event_id": "f1176c04-0901-41fe-964e-ec1487ba965d", "reason": "rate_limited", "retry_after": 57.50530067100772, "event": "publisher.event_nack_retainable", "level": "info", "timestamp": "2026-09-18T20:56:29.009304Z"}
Sep 18 17:56:29 fim-host fim-agent[39436]: {"event_id": "c56b451e-a81e-47ff-80c7-e42cb251162d", "reason": "rate_limited", "retry_after": 57.499756944002, "event": "publisher.event_nack_retainable", "level": "info", "timestamp": "2026-09-18T20:56:29.014707Z"}
Sep 18 17:56:29 fim-host fim-agent[39436]: {"event_id": "314d6ecc-363e-48b0-9afe-cafe851f224f", "reason": "rate_limited", "retry_after": 57.4939713950007, "event": "publisher.event_nack_retainable", "level": "info", "timestamp": "2026-09-18T20:56:29.020555Z"}
Sep 18 17:56:29 fim-host fim-agent[39436]: {"event_id": "9abf8a26-ed3a-4827-a8b5-6df22d1a5957", "reason": "rate_limited", "retry_after": 57.488284129009116, "event": "publisher.event_nack_retainable", "level": "info", "timestamp": "2026-09-18T20:56:29.026366Z"}
Sep 18 17:56:29 fim-host fim-agent[39436]: {"event_id": "b1712b65-a249-44f0-9152-ddac229250a9", "reason": "rate_limited", "retry_after": 57.48231494599895, "event": "publisher.event_nack_retainable", "level": "info", "timestamp": "2026-09-18T20:56:29.032363Z"}
Sep 18 17:56:29 fim-host fim-agent[39436]: {"event_id": "e02e5eb9-599d-48c7-8c71-9b257cf95499", "reason": "rate_limited", "retry_after": 57.47500135000155, "event": "publisher.event_nack_retainable", "level": "info", "timestamp": "2026-09-18T20:56:29.039476Z"}
Sep 18 17:56:29 fim-host fim-agent[39436]: {"event_id": "251485d4-5ae3-42fb-9752-a9acf2c0cf20", "reason": "rate_limited", "retry_after": 57.46901436400367, "event": "publisher.event_nack_retainable", "level": "info", "timestamp": "2026-09-18T20:56:29.045282Z"}
Sep 18 17:56:29 fim-host fim-agent[39436]: {"event_id": "774cc63f-e3ec-470a-be0b-04f40976794c", "reason": "rate_limited", "retry_after": 57.46263063600054, "event": "publisher.event_nack_retainable", "level": "info", "timestamp": "2026-09-18T20:56:29.051995Z"}
Sep 18 17:56:29 fim-host fim-agent[39436]: {"event_id": "7508791a-2072-48bc-96ea-2562b952fd28", "reason": "rate_limited", "retry_after": 57.45586111700686, "event": "publisher.event_nack_retainable", "level": "info", "timestamp": "2026-09-18T20:56:29.058825Z"}
Sep 18 17:56:29 fim-host fim-agent[39436]: {"event_id": "ed756e74-c6cd-49c0-8203-da0a68742dd9", "reason": "rate_limited", "retry_after": 57.448805221996736, "event": "publisher.event_nack_retainable", "level": "info", "timestamp": "2026-09-18T20:56:29.065834Z"}
Sep 18 17:56:29 fim-host fim-agent[39436]: {"event_id": "3d9cea1a-3223-4e5d-82e0-7cfc70af8884", "reason": "rate_limited", "retry_after": 57.44151796400547, "event": "publisher.event_nack_retainable", "level": "info", "timestamp": "2026-09-18T20:56:29.073266Z"}
Sep 18 17:56:29 fim-host fim-agent[39436]: {"event_id": "512834f9-ab64-41c1-904e-2c63c67303c3", "reason": "rate_limited", "retry_after": 57.431723918998614, "event": "publisher.event_nack_retainable", "level": "info", "timestamp": "2026-09-18T20:56:29.083460Z"}
Sep 18 17:56:29 fim-host fim-agent[39436]: {"event_id": "51e42ba4-8dd6-4e1b-8a54-1f5a27487c53", "reason": "rate_limited", "retry_after": 57.422058573996765, "event": "publisher.event_nack_retainable", "level": "info", "timestamp": "2026-09-18T20:56:29.093206Z"}
Sep 18 17:56:29 fim-host fim-agent[39436]: {"event_id": "acb20372-95dd-480d-a17e-6d68841066bc", "reason": "rate_limited", "retry_after": 57.40968333200726, "event": "publisher.event_nack_retainable", "level": "info", "timestamp": "2026-09-18T20:56:29.105615Z"}
Sep 18 17:56:29 fim-host fim-agent[39436]: {"event_id": "320a3c6d-32a1-4d25-bd5f-4d7fe93366f5", "reason": "rate_limited", "retry_after": 57.39653056600946, "event": "publisher.event_nack_retainable", "level": "info", "timestamp": "2026-09-18T20:56:29.118710Z"}
Sep 18 17:56:29 fim-host fim-agent[39436]: {"event_id": "5a9a8b9e-788d-4913-ac62-abb3ed3b9f86", "reason": "rate_limited", "retry_after": 57.38321225000254, "event": "publisher.event_nack_retainable", "level": "info", "timestamp": "2026-09-18T20:56:29.132275Z"}
Sep 18 17:56:29 fim-host fim-agent[39436]: {"event_id": "f7dce6e4-1888-4ced-bf32-eb0f41fdb8d4", "reason": "rate_limited", "retry_after": 57.36979695199989, "event": "publisher.event_nack_retainable", "level": "info", "timestamp": "2026-09-18T20:56:29.145594Z"}
Sep 18 17:56:29 fim-host fim-agent[39436]: {"event_id": "d2ccb083-e3b0-4338-9f89-659025dc84f9", "reason": "rate_limited", "retry_after": 57.35671951700351, "event": "publisher.event_nack_retainable", "level": "info", "timestamp": "2026-09-18T20:56:29.158618Z"}
Sep 18 17:56:29 fim-host fim-agent[39436]: {"event_id": "a71cfc10-9559-4bc1-af8a-10778249985b", "reason": "rate_limited", "retry_after": 57.343516627006466, "event": "publisher.event_nack_retainable", "level": "info", "timestamp": "2026-09-18T20:56:29.171712Z"}
Sep 18 17:56:29 fim-host fim-agent[39436]: {"event_id": "780573f7-c743-4ff2-b1e7-2e3ebbb32563", "reason": "rate_limited", "retry_after": 57.330349323005066, "event": "publisher.event_nack_retainable", "level": "info", "timestamp": "2026-09-18T20:56:29.184818Z"}
Sep 18 17:56:29 fim-host fim-agent[39436]: {"event_id": "9da1aa93-1439-4387-b54c-b503c60f6bf7", "reason": "rate_limited", "retry_after": 57.317406679998385, "event": "publisher.event_nack_retainable", "level": "info", "timestamp": "2026-09-18T20:56:29.198074Z"}
Sep 18 17:56:29 fim-host fim-agent[39436]: {"event_id": "1b5f6dc6-42a7-47ba-a1df-10bb8c315b81", "reason": "rate_limited", "retry_after": 57.304291344000376, "event": "publisher.event_nack_retainable", "level": "info", "timestamp": "2026-09-18T20:56:29.211107Z"}
Sep 18 17:56:29 fim-host fim-agent[39436]: {"event_id": "91bb5988-e075-455e-ac7b-b48d3d88cd08", "reason": "rate_limited", "retry_after": 57.290982364997035, "event": "publisher.event_nack_retainable", "level": "info", "timestamp": "2026-09-18T20:56:29.224337Z"}
Sep 18 17:56:29 fim-host fim-agent[39436]: {"event_id": "cd21f11b-88be-41c7-b036-9a8f864f10d3", "reason": "rate_limited", "retry_after": 57.273827044002246, "event": "publisher.event_nack_retainable", "level": "info", "timestamp": "2026-09-18T20:56:29.241721Z"}
Sep 18 17:56:29 fim-host fim-agent[39436]: {"event_id": "9ce80966-b581-4334-8b43-83342c2c6811", "reason": "rate_limited", "retry_after": 57.2607096540014, "event": "publisher.event_nack_retainable", "level": "info", "timestamp": "2026-09-18T20:56:29.254743Z"}
Sep 18 17:56:29 fim-host fim-agent[39436]: {"event_id": "6e43a65d-241a-4147-8276-e9ceaa07b969", "reason": "rate_limited", "retry_after": 57.24743321600545, "event": "publisher.event_nack_retainable", "level": "info", "timestamp": "2026-09-18T20:56:29.267999Z"}
Sep 18 17:56:29 fim-host fim-agent[39436]: {"event_id": "59fa66d2-0bfd-4d36-8213-11e7cec78c84", "reason": "rate_limited", "retry_after": 57.233843212001375, "event": "publisher.event_nack_retainable", "level": "info", "timestamp": "2026-09-18T20:56:29.281646Z"}
Sep 18 17:56:29 fim-host fim-agent[39436]: {"event_id": "ef2809ce-62ea-4e7e-a09d-9a1261ab42b4", "reason": "rate_limited", "retry_after": 57.22058776400809, "event": "publisher.event_nack_retainable", "level": "info", "timestamp": "2026-09-18T20:56:29.294555Z"}
Sep 18 17:56:29 fim-host fim-agent[39436]: {"event_id": "b489dcf7-ea18-4f70-ae20-a5a3fea26006", "reason": "rate_limited", "retry_after": 57.207740789002855, "event": "publisher.event_nack_retainable", "level": "info", "timestamp": "2026-09-18T20:56:29.307658Z"}
Sep 18 17:56:29 fim-host fim-agent[39436]: {"event_id": "9af7ba93-5ecd-458b-8116-cae98e64be05", "reason": "rate_limited", "retry_after": 57.19454970100196, "event": "publisher.event_nack_retainable", "level": "info", "timestamp": "2026-09-18T20:56:29.320911Z"}
Sep 18 17:56:29 fim-host fim-agent[39436]: {"event_id": "07fbcbcb-0e53-46d4-9757-ffa63825961d", "reason": "rate_limited", "retry_after": 57.181267282998306, "event": "publisher.event_nack_retainable", "level": "info", "timestamp": "2026-09-18T20:56:29.334080Z"}
Sep 18 17:56:29 fim-host fim-agent[39436]: {"event_id": "025185ad-b519-4e71-b037-8fed92d62d2f", "reason": "rate_limited", "retry_after": 57.16822124600003, "event": "publisher.event_nack_retainable", "level": "info", "timestamp": "2026-09-18T20:56:29.347290Z"}
Sep 18 17:56:29 fim-host fim-agent[39436]: {"event_id": "9438ab09-1898-453b-afc0-3186a7de8a2e", "reason": "rate_limited", "retry_after": 57.155321662998176, "event": "publisher.event_nack_retainable", "level": "info", "timestamp": "2026-09-18T20:56:29.359888Z"}
Sep 18 17:56:29 fim-host fim-agent[39436]: {"event_id": "0365075a-dbff-4541-ad8e-c70f7bdd8d00", "reason": "rate_limited", "retry_after": 57.143785249005305, "event": "publisher.event_nack_retainable", "level": "info", "timestamp": "2026-09-18T20:56:29.371064Z"}
Sep 18 17:56:29 fim-host fim-agent[39436]: {"event_id": "77c69524-ec01-4d1c-86f6-6c65130a3408", "reason": "rate_limited", "retry_after": 57.13388365300489, "event": "publisher.event_nack_retainable", "level": "info", "timestamp": "2026-09-18T20:56:29.380680Z"}
Sep 18 17:56:29 fim-host fim-agent[39436]: {"event_id": "b894001b-ec26-4f2c-b4fd-080d67ea79b5", "reason": "rate_limited", "retry_after": 57.12375195600907, "event": "publisher.event_nack_retainable", "level": "info", "timestamp": "2026-09-18T20:56:29.391343Z"}
Sep 18 17:56:29 fim-host fim-agent[39436]: {"event_id": "72148086-a571-4bcd-9ff8-0df93256c91a", "reason": "rate_limited", "retry_after": 57.1117015810014, "event": "publisher.event_nack_retainable", "level": "info", "timestamp": "2026-09-18T20:56:29.403718Z"}
Sep 18 17:56:29 fim-host fim-agent[39436]: {"event_id": "247f845a-f438-4008-ab08-e9113f6f665f", "reason": "rate_limited", "retry_after": 57.09843455100781, "event": "publisher.event_nack_retainable", "level": "info", "timestamp": "2026-09-18T20:56:29.416933Z"}
Sep 18 17:56:29 fim-host fim-agent[39436]: {"event_id": "6cd99160-f8da-4605-b303-1fcf8dff7bbf", "reason": "rate_limited", "retry_after": 57.085287205001805, "event": "publisher.event_nack_retainable", "level": "info", "timestamp": "2026-09-18T20:56:29.430003Z"}
Sep 18 17:56:29 fim-host fim-agent[39436]: {"event_id": "406c9179-167d-441f-95c5-5a0febb90fd6", "reason": "rate_limited", "retry_after": 57.07167701399885, "event": "publisher.event_nack_retainable", "level": "info", "timestamp": "2026-09-18T20:56:29.443804Z"}
Sep 18 17:56:29 fim-host fim-agent[39436]: {"event_id": "ba328653-4cb5-4e1c-95cb-ec301671b9ed", "reason": "rate_limited", "retry_after": 57.05846154000028, "event": "publisher.event_nack_retainable", "level": "info", "timestamp": "2026-09-18T20:56:29.457109Z"}
Sep 18 17:56:29 fim-host fim-agent[39436]: {"event_id": "af47a1c6-fd64-43a8-9f04-32e7eaa57787", "reason": "rate_limited", "retry_after": 57.044724231003784, "event": "publisher.event_nack_retainable", "level": "info", "timestamp": "2026-09-18T20:56:29.470784Z"}
Sep 18 17:56:29 fim-host fim-agent[39436]: {"event_id": "0bfc2370-435c-4de5-ba49-51497dccc096", "reason": "rate_limited", "retry_after": 57.03143515900592, "event": "publisher.event_nack_retainable", "level": "info", "timestamp": "2026-09-18T20:56:29.483931Z"}
Sep 18 17:56:29 fim-host fim-agent[39436]: {"event_id": "9a8a3e4f-7727-4e54-a851-05b96a6172c0", "reason": "rate_limited", "retry_after": 57.01828728200053, "event": "publisher.event_nack_retainable", "level": "info", "timestamp": "2026-09-18T20:56:29.497298Z"}
Sep 18 17:56:29 fim-host fim-agent[39436]: {"event_id": "36042765-df8f-45cd-a155-6191c7a5d8ce", "reason": "rate_limited", "retry_after": 57.004839583998546, "event": "publisher.event_nack_retainable", "level": "info", "timestamp": "2026-09-18T20:56:29.510562Z"}
Sep 18 17:56:29 fim-host fim-agent[39436]: {"event_id": "57ef6bc4-88d2-4e2e-86f3-72613e61e09c", "reason": "rate_limited", "retry_after": 56.9903097130009, "event": "publisher.event_nack_retainable", "level": "info", "timestamp": "2026-09-18T20:56:29.524560Z"}
Sep 18 17:56:29 fim-host fim-agent[39436]: {"event_id": "9c0c3c43-ff3c-426e-b97d-c120046dd1b5", "reason": "rate_limited", "retry_after": 56.98068517399952, "event": "publisher.event_nack_retainable", "level": "info", "timestamp": "2026-09-18T20:56:29.534191Z"}
Sep 18 17:56:29 fim-host fim-agent[39436]: {"event_id": "4b7aaf7e-613a-4482-ae4a-dad6ee5eace3", "reason": "rate_limited", "retry_after": 56.97409278601117, "event": "publisher.event_nack_retainable", "level": "info", "timestamp": "2026-09-18T20:56:29.540532Z"}
Sep 18 17:56:29 fim-host fim-agent[39436]: {"event_id": "32db9b41-f27c-4039-8987-92e7cca867ea", "reason": "rate_limited", "retry_after": 56.968528830999276, "event": "publisher.event_nack_retainable", "level": "info", "timestamp": "2026-09-18T20:56:29.546026Z"}
Sep 18 17:56:29 fim-host fim-agent[39436]: {"event_id": "47207183-060e-4b78-8d82-985d28a16ec7", "reason": "rate_limited", "retry_after": 56.96051320200786, "event": "publisher.event_nack_retainable", "level": "info", "timestamp": "2026-09-18T20:56:29.554436Z"}
Sep 18 17:56:29 fim-host fim-agent[39436]: {"event_id": "cefecab1-b8ad-4b38-8033-38febefd3432", "reason": "rate_limited", "retry_after": 56.952024637997965, "event": "publisher.event_nack_retainable", "level": "info", "timestamp": "2026-09-18T20:56:29.562689Z"}
Sep 18 17:56:29 fim-host fim-agent[39436]: {"event_id": "61fb6570-1b3f-4114-b3fc-f78736a48882", "reason": "rate_limited", "retry_after": 56.943961229000706, "event": "publisher.event_nack_retainable", "level": "info", "timestamp": "2026-09-18T20:56:29.570962Z"}
Sep 18 17:56:29 fim-host fim-agent[39436]: {"event_id": "0f7a7876-4212-48bb-bf05-0c2fc6e3ac1d", "reason": "rate_limited", "retry_after": 56.9359679909976, "event": "publisher.event_nack_retainable", "level": "info", "timestamp": "2026-09-18T20:56:29.578734Z"}
Sep 18 17:56:29 fim-host fim-agent[39436]: {"event_id": "6614fedf-96cb-418b-a4dc-985b3308a081", "reason": "rate_limited", "retry_after": 56.92727100700722, "event": "publisher.event_nack_retainable", "level": "info", "timestamp": "2026-09-18T20:56:29.587375Z"}
Sep 18 17:56:29 fim-host fim-agent[39436]: {"event_id": "3a705024-280d-423d-aba6-11cf209c8b60", "reason": "rate_limited", "retry_after": 56.92154739399848, "event": "publisher.event_nack_retainable", "level": "info", "timestamp": "2026-09-18T20:56:29.592993Z"}
Sep 18 17:56:29 fim-host fim-agent[39436]: {"event_id": "6c289650-f294-4f08-b1b0-64eb6c993b3a", "reason": "rate_limited", "retry_after": 56.91550055600237, "event": "publisher.event_nack_retainable", "level": "info", "timestamp": "2026-09-18T20:56:29.598977Z"}
Sep 18 17:56:29 fim-host fim-agent[39436]: {"event_id": "c1ce4a00-ffa5-4999-acee-c4cac9c0bcdc", "reason": "rate_limited", "retry_after": 56.909247732997756, "event": "publisher.event_nack_retainable", "level": "info", "timestamp": "2026-09-18T20:56:29.605221Z"}
Sep 18 17:56:29 fim-host fim-agent[39436]: {"event_id": "80c44836-41e3-4b30-9f97-888b4d63194b", "reason": "rate_limited", "retry_after": 56.902383356005885, "event": "publisher.event_nack_retainable", "level": "info", "timestamp": "2026-09-18T20:56:29.612097Z"}
Sep 18 17:56:29 fim-host fim-agent[39436]: {"event_id": "5e612c4e-d448-4c07-a3b5-4f4a432cfecf", "reason": "rate_limited", "retry_after": 56.89533232001122, "event": "publisher.event_nack_retainable", "level": "info", "timestamp": "2026-09-18T20:56:29.619332Z"}
Sep 18 17:56:29 fim-host fim-agent[39436]: {"event_id": "5c353ba4-a281-4c86-8506-88c4006fe01a", "reason": "rate_limited", "retry_after": 56.88794928400603, "event": "publisher.event_nack_retainable", "level": "info", "timestamp": "2026-09-18T20:56:29.627048Z"}
Sep 18 17:56:29 fim-host fim-agent[39436]: {"event_id": "f22fd29e-8285-4915-9945-8c761f777396", "reason": "rate_limited", "retry_after": 56.88044053199701, "event": "publisher.event_nack_retainable", "level": "info", "timestamp": "2026-09-18T20:56:29.634194Z"}
Sep 18 17:56:29 fim-host fim-agent[39436]: {"event_id": "79d84e4f-8339-47ee-9174-a07f17d986ca", "reason": "rate_limited", "retry_after": 56.86856506401091, "event": "publisher.event_nack_retainable", "level": "info", "timestamp": "2026-09-18T20:56:29.646668Z"}
Sep 18 17:56:29 fim-host fim-agent[39436]: {"event_id": "f14d69e7-a9ae-4bc8-bb6e-5482bd4252e2", "reason": "rate_limited", "retry_after": 56.85642317800375, "event": "publisher.event_nack_retainable", "level": "info", "timestamp": "2026-09-18T20:56:29.658469Z"}
Sep 18 17:56:29 fim-host fim-agent[39436]: {"event_id": "5ef7ec6b-0659-40c6-aa4c-e7e4f069f660", "reason": "rate_limited", "retry_after": 56.84339732900844, "event": "publisher.event_nack_retainable", "level": "info", "timestamp": "2026-09-18T20:56:29.671950Z"}
Sep 18 17:56:29 fim-host fim-agent[39436]: {"event_id": "e30ca11a-7303-4ba7-ac44-765ca8ed67de", "reason": "rate_limited", "retry_after": 56.83038306199887, "event": "publisher.event_nack_retainable", "level": "info", "timestamp": "2026-09-18T20:56:29.685104Z"}
Sep 18 17:56:29 fim-host fim-agent[39436]: {"event_id": "0993885c-f807-448d-b7b4-4a35c8963873", "reason": "rate_limited", "retry_after": 56.81749015201058, "event": "publisher.event_nack_retainable", "level": "info", "timestamp": "2026-09-18T20:56:29.697974Z"}
Sep 18 17:56:29 fim-host fim-agent[39436]: {"event_id": "78398be7-5790-4778-abdb-322330a0874b", "reason": "rate_limited", "retry_after": 56.80465171299875, "event": "publisher.event_nack_retainable", "level": "info", "timestamp": "2026-09-18T20:56:29.710683Z"}
Sep 18 17:56:29 fim-host fim-agent[39436]: {"event_id": "eb530a7c-2beb-43cd-8f8a-d1c912849fb5", "reason": "rate_limited", "retry_after": 56.79228599900671, "event": "publisher.event_nack_retainable", "level": "info", "timestamp": "2026-09-18T20:56:29.723223Z"}
Sep 18 17:56:29 fim-host fim-agent[39436]: {"event_id": "b5af5ad2-b35c-49b2-9e8a-0738996e7117", "reason": "rate_limited", "retry_after": 56.77895329600142, "event": "publisher.event_nack_retainable", "level": "info", "timestamp": "2026-09-18T20:56:29.736458Z"}
Sep 18 17:56:29 fim-host fim-agent[39436]: {"event_id": "efbc26fe-5891-4c03-b06f-2e8806239a63", "reason": "rate_limited", "retry_after": 56.76524068300205, "event": "publisher.event_nack_retainable", "level": "info", "timestamp": "2026-09-18T20:56:29.749987Z"}
Sep 18 17:56:29 fim-host fim-agent[39436]: {"event_id": "677db8c3-500c-4b67-9da4-83682d91d458", "reason": "rate_limited", "retry_after": 56.751784128005966, "event": "publisher.event_nack_retainable", "level": "info", "timestamp": "2026-09-18T20:56:29.763420Z"}
Sep 18 17:56:29 fim-host fim-agent[39436]: {"event_id": "f6853f67-480d-4eeb-8b19-3ed2e7246f8b", "reason": "rate_limited", "retry_after": 56.73842634900939, "event": "publisher.event_nack_retainable", "level": "info", "timestamp": "2026-09-18T20:56:29.776802Z"}
Sep 18 17:56:29 fim-host fim-agent[39436]: {"event_id": "cbc05c19-302d-4634-a4a7-662312b88cee", "reason": "rate_limited", "retry_after": 56.72554073200445, "event": "publisher.event_nack_retainable", "level": "info", "timestamp": "2026-09-18T20:56:29.789842Z"}
Sep 18 17:56:29 fim-host fim-agent[39436]: {"event_id": "56a9127d-4870-4d0c-87d7-6243558826fb", "reason": "rate_limited", "retry_after": 56.707830403000116, "event": "publisher.event_nack_retainable", "level": "info", "timestamp": "2026-09-18T20:56:29.807814Z"}
Sep 18 17:56:29 fim-host fim-agent[39436]: {"event_id": "02dbc072-3309-4134-bcd8-645c02bf0138", "reason": "rate_limited", "retry_after": 56.69426544501039, "event": "publisher.event_nack_retainable", "level": "info", "timestamp": "2026-09-18T20:56:29.821047Z"}
Sep 18 17:56:29 fim-host fim-agent[39436]: {"event_id": "116c29fb-5fd7-473d-876d-c7ff65b05bd0", "reason": "rate_limited", "retry_after": 56.68063703000371, "event": "publisher.event_nack_retainable", "level": "info", "timestamp": "2026-09-18T20:56:29.834611Z"}
Sep 18 17:56:29 fim-host fim-agent[39436]: {"event_id": "4c6dfe23-c219-444a-bb6a-5d75d1d9fa6e", "reason": "rate_limited", "retry_after": 56.66752816500957, "event": "publisher.event_nack_retainable", "level": "info", "timestamp": "2026-09-18T20:56:29.847804Z"}
Sep 18 17:56:29 fim-host fim-agent[39436]: {"event_id": "9c21bf4e-29ae-4ffd-8563-93485a08daec", "reason": "rate_limited", "retry_after": 56.65465501201106, "event": "publisher.event_nack_retainable", "level": "info", "timestamp": "2026-09-18T20:56:29.860785Z"}
Sep 18 17:56:29 fim-host fim-agent[39436]: {"event_id": "9f33d80e-1f76-4330-86d5-4df9adee1a9c", "reason": "rate_limited", "retry_after": 56.64256288899924, "event": "publisher.event_nack_retainable", "level": "info", "timestamp": "2026-09-18T20:56:29.872570Z"}
Sep 18 17:56:29 fim-host fim-agent[39436]: {"event_id": "04e15aaa-37a1-4ad2-bb1d-ae099663e566", "reason": "rate_limited", "retry_after": 56.63135831600812, "event": "publisher.event_nack_retainable", "level": "info", "timestamp": "2026-09-18T20:56:29.883698Z"}
Sep 18 17:56:29 fim-host fim-agent[39436]: {"event_id": "9f54abde-96ec-45ac-91a7-ab9412225c75", "reason": "rate_limited", "retry_after": 56.62078226800077, "event": "publisher.event_nack_retainable", "level": "info", "timestamp": "2026-09-18T20:56:29.894519Z"}
Sep 18 17:56:29 fim-host fim-agent[39436]: {"event_id": "954909b8-e7c3-4287-a201-0f2f90038008", "reason": "rate_limited", "retry_after": 56.61145004699938, "event": "publisher.event_nack_retainable", "level": "info", "timestamp": "2026-09-18T20:56:29.904100Z"}
Sep 18 17:56:29 fim-host fim-agent[39436]: {"event_id": "24a71875-08a2-407f-af82-279d53f80838", "reason": "rate_limited", "retry_after": 56.60089574000449, "event": "publisher.event_nack_retainable", "level": "info", "timestamp": "2026-09-18T20:56:29.914286Z"}
Sep 18 17:56:29 fim-host fim-agent[39436]: {"event_id": "187743f7-5cc1-4bd0-903e-ef82b5514da4", "reason": "rate_limited", "retry_after": 56.5878194560064, "event": "publisher.event_nack_retainable", "level": "info", "timestamp": "2026-09-18T20:56:29.927526Z"}
Sep 18 17:56:29 fim-host fim-agent[39436]: {"event_id": "7c772b2b-930a-401c-b47b-46142ab439e6", "reason": "rate_limited", "retry_after": 56.57467121799709, "event": "publisher.event_nack_retainable", "level": "info", "timestamp": "2026-09-18T20:56:29.940716Z"}
Sep 18 17:56:29 fim-host fim-agent[39436]: {"event_id": "1b941cba-de47-4638-a792-4d4d1984cb4a", "reason": "rate_limited", "retry_after": 56.56182190999971, "event": "publisher.event_nack_retainable", "level": "info", "timestamp": "2026-09-18T20:56:29.953438Z"}
Sep 18 17:56:29 fim-host fim-agent[39436]: {"event_id": "4303c818-c2f6-4764-b191-fc8a6d322bb3", "reason": "rate_limited", "retry_after": 56.54838775700773, "event": "publisher.event_nack_retainable", "level": "info", "timestamp": "2026-09-18T20:56:29.966941Z"}
Sep 18 17:56:29 fim-host fim-agent[39436]: {"event_id": "1827f0be-a576-48fc-ab92-8942fd85c28f", "reason": "rate_limited", "retry_after": 56.534977058006916, "event": "publisher.event_nack_retainable", "level": "info", "timestamp": "2026-09-18T20:56:29.980296Z"}
Sep 18 17:56:29 fim-host fim-agent[39436]: {"event_id": "bb30986b-6f5d-43f3-913c-f46adbf618c5", "reason": "rate_limited", "retry_after": 56.522442077010055, "event": "publisher.event_nack_retainable", "level": "info", "timestamp": "2026-09-18T20:56:29.992933Z"}
Sep 18 17:56:30 fim-host fim-agent[39436]: {"event_id": "434d7b71-4f10-4a7d-a997-931549f4b201", "reason": "rate_limited", "retry_after": 56.50935645699792, "event": "publisher.event_nack_retainable", "level": "info", "timestamp": "2026-09-18T20:56:30.005963Z"}
Sep 18 17:56:30 fim-host fim-agent[39436]: {"event_id": "9adefa4f-ded1-4da2-9784-45bb271f5b13", "reason": "rate_limited", "retry_after": 56.49583323800471, "event": "publisher.event_nack_retainable", "level": "info", "timestamp": "2026-09-18T20:56:30.019365Z"}
Sep 18 17:56:30 fim-host fim-agent[39436]: {"event_id": "6b619504-8ada-4292-9783-926fc243f532", "reason": "rate_limited", "retry_after": 56.48263274200144, "event": "publisher.event_nack_retainable", "level": "info", "timestamp": "2026-09-18T20:56:30.032765Z"}
Sep 18 17:56:30 fim-host fim-agent[39436]: {"event_id": "d25f8f87-5af3-463f-8298-711d34b16529", "reason": "rate_limited", "retry_after": 56.46877649999806, "event": "publisher.event_nack_retainable", "level": "info", "timestamp": "2026-09-18T20:56:30.046650Z"}
Sep 18 17:56:30 fim-host fim-agent[39436]: {"event_id": "38153413-1189-4d6d-89b4-0d4a22c0bf60", "reason": "rate_limited", "retry_after": 56.45554915400862, "event": "publisher.event_nack_retainable", "level": "info", "timestamp": "2026-09-18T20:56:30.059772Z"}
Sep 18 17:56:30 fim-host fim-agent[39436]: {"event_id": "3bc23c5a-4705-4b00-b1b1-cbb4a7fab416", "reason": "rate_limited", "retry_after": 56.442431483999826, "event": "publisher.event_nack_retainable", "level": "info", "timestamp": "2026-09-18T20:56:30.072815Z"}
Sep 18 17:56:30 fim-host fim-agent[39436]: {"event_id": "73f352c5-dae8-42e4-8df5-60831c3f2a9f", "reason": "rate_limited", "retry_after": 56.42914563900558, "event": "publisher.event_nack_retainable", "level": "info", "timestamp": "2026-09-18T20:56:30.086158Z"}
Sep 18 17:56:30 fim-host fim-agent[39436]: {"event_id": "023dfcb1-cd5d-4c62-aeda-5244a240e5f4", "reason": "rate_limited", "retry_after": 56.41591031799908, "event": "publisher.event_nack_retainable", "level": "info", "timestamp": "2026-09-18T20:56:30.099428Z"}
Sep 18 17:56:30 fim-host fim-agent[39436]: {"event_id": "e208921a-487c-4947-9014-43f432f51a49", "reason": "rate_limited", "retry_after": 56.40285438300634, "event": "publisher.event_nack_retainable", "level": "info", "timestamp": "2026-09-18T20:56:30.112573Z"}
Sep 18 17:56:30 fim-host fim-agent[39436]: {"event_id": "bb4991cd-1fa0-44c0-95b4-3170a5819bc5", "reason": "rate_limited", "retry_after": 56.389565721998224, "event": "publisher.event_nack_retainable", "level": "info", "timestamp": "2026-09-18T20:56:30.125661Z"}
Sep 18 17:56:30 fim-host fim-agent[39436]: {"event_id": "b5ec65a1-ebc4-441d-a9e4-1eca4a0c6b07", "reason": "rate_limited", "retry_after": 56.375143772005686, "event": "publisher.event_nack_retainable", "level": "info", "timestamp": "2026-09-18T20:56:30.140226Z"}
Sep 18 17:56:30 fim-host fim-agent[39436]: {"event_id": "f925e23a-f8c1-451c-897e-7a355d835b45", "reason": "rate_limited", "retry_after": 56.362318018000224, "event": "publisher.event_nack_retainable", "level": "info", "timestamp": "2026-09-18T20:56:30.153117Z"}
Sep 18 17:56:30 fim-host fim-agent[39436]: {"event_id": "ea58a8b0-5a91-401b-978a-46f830643bca", "reason": "rate_limited", "retry_after": 56.34921350100194, "event": "publisher.event_nack_retainable", "level": "info", "timestamp": "2026-09-18T20:56:30.166153Z"}
Sep 18 17:56:30 fim-host fim-agent[39436]: {"event_id": "ce679284-5fab-4e22-9948-fa19a620a131", "reason": "rate_limited", "retry_after": 56.33611774200108, "event": "publisher.event_nack_retainable", "level": "info", "timestamp": "2026-09-18T20:56:30.179072Z"}
Sep 18 17:56:30 fim-host fim-agent[39436]: {"event_id": "c23b9388-ade9-44f9-a1da-cac5b5c6aca1", "reason": "rate_limited", "retry_after": 56.32303713000147, "event": "publisher.event_nack_retainable", "level": "info", "timestamp": "2026-09-18T20:56:30.192242Z"}
Sep 18 17:56:30 fim-host fim-agent[39436]: {"event_id": "9dd33a62-1538-4f31-b256-460b60394ec2", "reason": "rate_limited", "retry_after": 56.31000726400816, "event": "publisher.event_nack_retainable", "level": "info", "timestamp": "2026-09-18T20:56:30.205356Z"}
Sep 18 17:56:30 fim-host fim-agent[39436]: {"event_id": "b67220dd-4dc6-435e-9c7d-9a153dcbcea5", "reason": "rate_limited", "retry_after": 56.29591280700697, "event": "publisher.event_nack_retainable", "level": "info", "timestamp": "2026-09-18T20:56:30.219647Z"}
Sep 18 17:56:30 fim-host fim-agent[39436]: {"event_id": "8ed26ec0-706b-47e9-b6d3-eb9d3ca8d4f2", "reason": "rate_limited", "retry_after": 56.28260529100953, "event": "publisher.event_nack_retainable", "level": "info", "timestamp": "2026-09-18T20:56:30.232696Z"}
Sep 18 17:56:30 fim-host fim-agent[39436]: {"event_id": "13677491-0545-47fb-845d-1c73851ffae4", "reason": "rate_limited", "retry_after": 56.26945458800765, "event": "publisher.event_nack_retainable", "level": "info", "timestamp": "2026-09-18T20:56:30.245821Z"}
Sep 18 17:56:30 fim-host fim-agent[39436]: {"event_id": "5d80de35-8a3a-48d0-a214-3689b9ec8327", "reason": "rate_limited", "retry_after": 56.25634443201125, "event": "publisher.event_nack_retainable", "level": "info", "timestamp": "2026-09-18T20:56:30.259020Z"}
Sep 18 17:56:30 fim-host fim-agent[39436]: {"event_id": "67bef1e8-fec8-4655-8d93-787115b5dec1", "reason": "rate_limited", "retry_after": 56.24318302900065, "event": "publisher.event_nack_retainable", "level": "info", "timestamp": "2026-09-18T20:56:30.272173Z"}
Sep 18 17:56:30 fim-host fim-agent[39436]: {"event_id": "c3bc0840-0206-4d3b-9af6-2a9cc029b984", "reason": "rate_limited", "retry_after": 56.2300044750009, "event": "publisher.event_nack_retainable", "level": "info", "timestamp": "2026-09-18T20:56:30.285188Z"}
Sep 18 17:56:30 fim-host fim-agent[39436]: {"event_id": "c97b59c8-85b6-4781-8ad8-e44fb28b6b15", "reason": "rate_limited", "retry_after": 56.21682238399808, "event": "publisher.event_nack_retainable", "level": "info", "timestamp": "2026-09-18T20:56:30.298363Z"}
Sep 18 17:56:30 fim-host fim-agent[39436]: {"event_id": "5dad2a10-05a9-4b45-818c-e43ea5dff8dd", "reason": "rate_limited", "retry_after": 56.203911700009485, "event": "publisher.event_nack_retainable", "level": "info", "timestamp": "2026-09-18T20:56:30.311481Z"}
Sep 18 17:56:30 fim-host fim-agent[39436]: {"event_id": "8ec3934e-048b-4764-b955-d05283e164d0", "reason": "rate_limited", "retry_after": 56.19072471000254, "event": "publisher.event_nack_retainable", "level": "info", "timestamp": "2026-09-18T20:56:30.324581Z"}
Sep 18 17:56:30 fim-host fim-agent[39436]: {"event_id": "3665e902-5833-4739-9a8f-1a023d9d21a0", "reason": "rate_limited", "retry_after": 56.17707304000214, "event": "publisher.event_nack_retainable", "level": "info", "timestamp": "2026-09-18T20:56:30.338359Z"}
Sep 18 17:56:30 fim-host fim-agent[39436]: {"event_id": "2fb11f44-0bd9-4041-a99a-b425556944b5", "reason": "rate_limited", "retry_after": 56.164165212001535, "event": "publisher.event_nack_retainable", "level": "info", "timestamp": "2026-09-18T20:56:30.351188Z"}
Sep 18 17:56:30 fim-host fim-agent[39436]: {"event_id": "dafae1fa-c902-428b-b85a-0faa8078b749", "reason": "rate_limited", "retry_after": 56.150645349000115, "event": "publisher.event_nack_retainable", "level": "info", "timestamp": "2026-09-18T20:56:30.364163Z"}
Sep 18 17:56:30 fim-host fim-agent[39436]: {"event_id": "aae84c38-5d9f-4bba-b21a-d35dc807e86a", "reason": "rate_limited", "retry_after": 56.142053613002645, "event": "publisher.event_nack_retainable", "level": "info", "timestamp": "2026-09-18T20:56:30.373076Z"}
Sep 18 17:56:30 fim-host fim-agent[39436]: {"event_id": "1696d148-eb03-4784-a468-663890e421c4", "reason": "rate_limited", "retry_after": 56.1340704739996, "event": "publisher.event_nack_retainable", "level": "info", "timestamp": "2026-09-18T20:56:30.380912Z"}
Sep 18 17:56:30 fim-host fim-agent[39436]: {"event_id": "8fd176d1-9b55-471c-92a1-2bf027a3650a", "reason": "rate_limited", "retry_after": 56.12547750399972, "event": "publisher.event_nack_retainable", "level": "info", "timestamp": "2026-09-18T20:56:30.389626Z"}
Sep 18 17:56:30 fim-host fim-agent[39436]: {"event_id": "5d17e6b1-136e-4ee2-bf1a-dd3cdc750bc3", "reason": "rate_limited", "retry_after": 56.115311974004726, "event": "publisher.event_nack_retainable", "level": "info", "timestamp": "2026-09-18T20:56:30.399826Z"}
Sep 18 17:56:30 fim-host fim-agent[39436]: {"event_id": "65596ced-7ab0-4995-9681-2c8f8fa2529e", "reason": "rate_limited", "retry_after": 56.102867883004365, "event": "publisher.event_nack_retainable", "level": "info", "timestamp": "2026-09-18T20:56:30.412041Z"}
Sep 18 17:56:30 fim-host fim-agent[39436]: {"event_id": "d4ddda09-ab64-4d9a-b898-6469476ecd65", "reason": "rate_limited", "retry_after": 56.088961207002285, "event": "publisher.event_nack_retainable", "level": "info", "timestamp": "2026-09-18T20:56:30.426517Z"}
Sep 18 17:56:30 fim-host fim-agent[39436]: {"event_id": "2626650f-bca0-46c7-a8db-b96c044e5315", "reason": "rate_limited", "retry_after": 56.07543811800133, "event": "publisher.event_nack_retainable", "level": "info", "timestamp": "2026-09-18T20:56:30.439992Z"}
Sep 18 17:56:30 fim-host fim-agent[39436]: {"event_id": "1c13167d-62ac-4845-b707-a25ef230874a", "reason": "rate_limited", "retry_after": 56.06139133000397, "event": "publisher.event_nack_retainable", "level": "info", "timestamp": "2026-09-18T20:56:30.454201Z"}
Sep 18 17:56:30 fim-host fim-agent[39436]: {"event_id": "c537f933-bbdb-451d-aa2a-1627cb843b54", "reason": "rate_limited", "retry_after": 56.04824208001082, "event": "publisher.event_nack_retainable", "level": "info", "timestamp": "2026-09-18T20:56:30.467207Z"}
Sep 18 17:56:30 fim-host fim-agent[39436]: {"event_id": "70daf72f-05bd-4ba7-8b89-5236066b7598", "reason": "rate_limited", "retry_after": 56.0349523180048, "event": "publisher.event_nack_retainable", "level": "info", "timestamp": "2026-09-18T20:56:30.480281Z"}
Sep 18 17:56:30 fim-host fim-agent[39436]: {"event_id": "8fc308db-e59d-4cbb-b9d7-2277c8df0ee2", "reason": "rate_limited", "retry_after": 56.02109254901006, "event": "publisher.event_nack_retainable", "level": "info", "timestamp": "2026-09-18T20:56:30.494308Z"}
Sep 18 17:56:30 fim-host fim-agent[39436]: {"event_id": "ccfbb646-1fa3-4547-81c8-8791908c6ceb", "reason": "rate_limited", "retry_after": 56.00836677200277, "event": "publisher.event_nack_retainable", "level": "info", "timestamp": "2026-09-18T20:56:30.507014Z"}
