Sep 18 00:54:41 fim-host fim-agent[29717]: {"signal": "SIGTERM", "event": "shutting down", "level": "info", "timestamp": "2026-09-18T03:54:41.642928Z"}
Sep 18 00:54:41 fim-host systemd[1]: Stopping fim-agent.service - FIM Agent — File Integrity Monitor...
Sep 18 00:54:42 fim-host fim-agent[29717]: {"event": "detector.stopped", "level": "info", "timestamp": "2026-09-18T03:54:42.370055Z"}
Sep 18 00:54:46 fim-host systemd[1]: fim-agent.service: Deactivated successfully.
Sep 18 00:54:46 fim-host systemd[1]: Stopped fim-agent.service - FIM Agent — File Integrity Monitor.
Sep 18 00:54:46 fim-host systemd[1]: fim-agent.service: Consumed 1min 20.157s CPU time, 66.2M memory peak, 0B memory swap peak.
Sep 18 00:54:46 fim-host systemd[1]: Started fim-agent.service - FIM Agent — File Integrity Monitor.
Sep 18 00:54:46 fim-host fim-agent[33060]: {"migrated": 0, "migration_skipped": 0, "migration_failed": 0, "migration_pending": 0, "retention_deleted": 0, "retention_retained": 0, "retention_corrupt": 0, "retention_failed": 0, "event": "quarantine.maintenance.complete", "level": "info", "timestamp": "2026-09-18T03:54:46.356242Z"}
Sep 18 00:54:46 fim-host fim-agent[33060]: {"total": 1, "degraded": 0, "event": "agent.preflight.summary", "level": "info", "timestamp": "2026-09-18T03:54:46.356683Z"}
Sep 18 00:54:46 fim-host fim-agent[33060]: {"scanned": 192, "skipped": 108, "oversize": 0, "errors": 0, "event": "baseline.init_scan.complete", "level": "info", "timestamp": "2026-09-18T03:54:46.920155Z"}
Sep 18 00:54:46 fim-host fim-agent[33060]: {"agent_id": "fim-vm", "ruleset_version": 6, "event": "agent started", "level": "info", "timestamp": "2026-09-18T03:54:46.920240Z"}
Sep 18 00:54:46 fim-host fim-agent[33060]: {"queue_migrated": 0, "queue_unreadable": 0, "queue_failed": 0, "discard_migrated": 0, "discard_unreadable": 0, "discard_failed": 0, "event": "queue.migration", "level": "info", "timestamp": "2026-09-18T03:54:46.921648Z"}
Sep 18 00:54:46 fim-host fim-agent[33060]: {"work_dir": "/var/lib/fim-agent", "reason": "work dir comparte filesystem con watch_paths; una marca FILESYSTEM de ignorados los cegar\u00eda. Se delega en el filtro de scope.", "event": "detector.mark_exclusion_skipped_same_fs", "level": "warning", "timestamp": "2026-09-18T03:54:46.962099Z"}
Sep 18 00:54:46 fim-host fim-agent[33060]: {"watch_paths": ["/srv/fim-watch"], "event": "detector.started", "level": "info", "timestamp": "2026-09-18T03:54:46.962415Z"}
Sep 18 00:55:05 fim-host systemd[1]: Stopping fim-agent.service - FIM Agent — File Integrity Monitor...
Sep 18 00:55:05 fim-host fim-agent[33060]: {"signal": "SIGTERM", "event": "shutting down", "level": "info", "timestamp": "2026-09-18T03:55:05.161491Z"}
Sep 18 00:55:05 fim-host fim-agent[33060]: {"event": "detector.stopped", "level": "info", "timestamp": "2026-09-18T03:55:05.988198Z"}
Sep 18 00:55:07 fim-host systemd[1]: fim-agent.service: Deactivated successfully.
Sep 18 00:55:07 fim-host systemd[1]: Stopped fim-agent.service - FIM Agent — File Integrity Monitor.
Sep 18 00:55:07 fim-host systemd[1]: Started fim-agent.service - FIM Agent — File Integrity Monitor.
Sep 18 00:55:08 fim-host fim-agent[33295]: {"migrated": 0, "migration_skipped": 0, "migration_failed": 0, "migration_pending": 0, "retention_deleted": 0, "retention_retained": 0, "retention_corrupt": 0, "retention_failed": 0, "event": "quarantine.maintenance.complete", "level": "info", "timestamp": "2026-09-18T03:55:08.041550Z"}
Sep 18 00:55:08 fim-host fim-agent[33295]: {"total": 1, "degraded": 0, "event": "agent.preflight.summary", "level": "info", "timestamp": "2026-09-18T03:55:08.041918Z"}
Sep 18 00:55:08 fim-host fim-agent[33295]: {"scanned": 0, "skipped": 0, "oversize": 0, "errors": 0, "event": "baseline.init_scan.complete", "level": "info", "timestamp": "2026-09-18T03:55:08.042125Z"}
Sep 18 00:55:08 fim-host fim-agent[33295]: {"agent_id": "fim-vm", "ruleset_version": 6, "event": "agent started", "level": "info", "timestamp": "2026-09-18T03:55:08.042156Z"}
Sep 18 00:55:08 fim-host fim-agent[33295]: {"queue_migrated": 0, "queue_unreadable": 0, "queue_failed": 0, "discard_migrated": 0, "discard_unreadable": 0, "discard_failed": 0, "event": "queue.migration", "level": "info", "timestamp": "2026-09-18T03:55:08.043098Z"}
Sep 18 00:55:08 fim-host fim-agent[33295]: {"work_dir": "/var/lib/fim-agent", "reason": "work dir comparte filesystem con watch_paths; una marca FILESYSTEM de ignorados los cegar\u00eda. Se delega en el filtro de scope.", "event": "detector.mark_exclusion_skipped_same_fs", "level": "warning", "timestamp": "2026-09-18T03:55:08.084158Z"}
Sep 18 00:55:08 fim-host fim-agent[33295]: {"watch_paths": ["/srv/fim-watch"], "event": "detector.started", "level": "info", "timestamp": "2026-09-18T03:55:08.084524Z"}
Sep 18 00:55:29 fim-host fim-agent[33295]: {"event_id": "85c544da-6a4d-4af1-b06a-8d4948365aa1", "path": "/srv/fim-watch/critico/gen_00001.txt", "action": "alert_only", "action_failed": false, "event": "decision.evaluated", "level": "info", "timestamp": "2026-09-18T03:55:29.267318Z"}
Sep 18 00:55:29 fim-host fim-agent[33295]: {"event_id": "85c544da-6a4d-4af1-b06a-8d4948365aa1", "event": "publisher.event_published", "level": "info", "timestamp": "2026-09-18T03:55:29.277158Z"}
Sep 18 00:55:29 fim-host fim-agent[33295]: {"path": "/srv/fim-watch/critico/gen_00001.txt", "event_type": "file_created", "event_id": "85c544da-6a4d-4af1-b06a-8d4948365aa1", "event": "detector.change_detected", "level": "info", "timestamp": "2026-09-18T03:55:29.280363Z"}
Sep 18 00:55:29 fim-host fim-agent[33295]: {"event_id": "85c544da-6a4d-4af1-b06a-8d4948365aa1", "event": "publisher.event_acked", "level": "info", "timestamp": "2026-09-18T03:55:29.291042Z"}
Sep 18 00:55:32 fim-host fim-agent[33295]: {"event_id": "8b304522-88d1-4f49-afd4-6d0c6cde438f", "path": "/srv/fim-watch/critico/gen_00001.txt", "action": "alert_only", "action_failed": false, "event": "decision.evaluated", "level": "info", "timestamp": "2026-09-18T03:55:32.878533Z"}
Sep 18 00:55:32 fim-host fim-agent[33295]: {"event_id": "8b304522-88d1-4f49-afd4-6d0c6cde438f", "event": "publisher.event_published", "level": "info", "timestamp": "2026-09-18T03:55:32.898480Z"}
Sep 18 00:55:32 fim-host fim-agent[33295]: {"path": "/srv/fim-watch/critico/gen_00001.txt", "event_type": "file_deleted", "event_id": "8b304522-88d1-4f49-afd4-6d0c6cde438f", "event": "detector.change_detected", "level": "info", "timestamp": "2026-09-18T03:55:32.903988Z"}
Sep 18 00:55:32 fim-host fim-agent[33295]: {"event_id": "8b304522-88d1-4f49-afd4-6d0c6cde438f", "event": "publisher.event_acked", "level": "info", "timestamp": "2026-09-18T03:55:32.910691Z"}
Sep 18 00:55:36 fim-host fim-agent[33295]: {"event_id": "8378224e-e7d3-4ccf-8d6b-d987d96a3ebe", "path": "/srv/fim-watch/gen_00002.txt", "action": "alert_only", "action_failed": false, "event": "decision.evaluated", "level": "info", "timestamp": "2026-09-18T03:55:36.471482Z"}
Sep 18 00:55:36 fim-host fim-agent[33295]: {"event_id": "8378224e-e7d3-4ccf-8d6b-d987d96a3ebe", "event": "publisher.event_published", "level": "info", "timestamp": "2026-09-18T03:55:36.491924Z"}
Sep 18 00:55:36 fim-host fim-agent[33295]: {"path": "/srv/fim-watch/gen_00002.txt", "event_type": "file_created", "event_id": "8378224e-e7d3-4ccf-8d6b-d987d96a3ebe", "event": "detector.change_detected", "level": "info", "timestamp": "2026-09-18T03:55:36.497003Z"}
Sep 18 00:55:36 fim-host fim-agent[33295]: {"event_id": "8378224e-e7d3-4ccf-8d6b-d987d96a3ebe", "event": "publisher.event_acked", "level": "info", "timestamp": "2026-09-18T03:55:36.502656Z"}
Sep 18 00:55:40 fim-host fim-agent[33295]: {"event_id": "02eaea4c-d002-4973-ac38-074c0e0d92ed", "path": "/srv/fim-watch/gen_00002.txt", "action": "alert_only", "action_failed": false, "event": "decision.evaluated", "level": "info", "timestamp": "2026-09-18T03:55:40.075232Z"}
Sep 18 00:55:40 fim-host fim-agent[33295]: {"event_id": "02eaea4c-d002-4973-ac38-074c0e0d92ed", "event": "publisher.event_published", "level": "info", "timestamp": "2026-09-18T03:55:40.090657Z"}
Sep 18 00:55:40 fim-host fim-agent[33295]: {"path": "/srv/fim-watch/gen_00002.txt", "event_type": "file_modified", "event_id": "02eaea4c-d002-4973-ac38-074c0e0d92ed", "event": "detector.change_detected", "level": "info", "timestamp": "2026-09-18T03:55:40.096399Z"}
Sep 18 00:55:40 fim-host fim-agent[33295]: {"event_id": "02eaea4c-d002-4973-ac38-074c0e0d92ed", "event": "publisher.event_acked", "level": "info", "timestamp": "2026-09-18T03:55:40.103305Z"}
Sep 18 00:55:43 fim-host fim-agent[33295]: {"event_id": "0f60cd80-f474-4acf-b07e-ee1f84a0cb9b", "path": "/srv/fim-watch/gen_00002.txt", "action": "alert_only", "action_failed": false, "event": "decision.evaluated", "level": "info", "timestamp": "2026-09-18T03:55:43.671170Z"}
Sep 18 00:55:43 fim-host fim-agent[33295]: {"event_id": "0f60cd80-f474-4acf-b07e-ee1f84a0cb9b", "event": "publisher.event_published", "level": "info", "timestamp": "2026-09-18T03:55:43.681531Z"}
Sep 18 00:55:43 fim-host fim-agent[33295]: {"path": "/srv/fim-watch/gen_00002.txt", "event_type": "file_modified", "event_id": "0f60cd80-f474-4acf-b07e-ee1f84a0cb9b", "event": "detector.change_detected", "level": "info", "timestamp": "2026-09-18T03:55:43.686337Z"}
Sep 18 00:55:43 fim-host fim-agent[33295]: {"event_id": "0f60cd80-f474-4acf-b07e-ee1f84a0cb9b", "event": "publisher.event_acked", "level": "info", "timestamp": "2026-09-18T03:55:43.689106Z"}
Sep 18 00:55:47 fim-host fim-agent[33295]: {"event_id": "912a4925-8354-44e4-8a93-b11918433d45", "path": "/srv/fim-watch/gen_00002.txt", "action": "alert_only", "action_failed": false, "event": "decision.evaluated", "level": "info", "timestamp": "2026-09-18T03:55:47.272700Z"}
Sep 18 00:55:47 fim-host fim-agent[33295]: {"event_id": "912a4925-8354-44e4-8a93-b11918433d45", "event": "publisher.event_published", "level": "info", "timestamp": "2026-09-18T03:55:47.283900Z"}
Sep 18 00:55:47 fim-host fim-agent[33295]: {"path": "/srv/fim-watch/gen_00002.txt", "event_type": "file_modified", "event_id": "912a4925-8354-44e4-8a93-b11918433d45", "event": "detector.change_detected", "level": "info", "timestamp": "2026-09-18T03:55:47.287533Z"}
Sep 18 00:55:47 fim-host fim-agent[33295]: {"event_id": "912a4925-8354-44e4-8a93-b11918433d45", "event": "publisher.event_acked", "level": "info", "timestamp": "2026-09-18T03:55:47.292739Z"}
Sep 18 00:55:50 fim-host fim-agent[33295]: {"event_id": "80fe134e-cfe0-4c95-931e-dc8dfd0a48a4", "path": "/srv/fim-watch/gen_00002.txt", "action": "alert_only", "action_failed": false, "event": "decision.evaluated", "level": "info", "timestamp": "2026-09-18T03:55:50.870747Z"}
Sep 18 00:55:50 fim-host fim-agent[33295]: {"event_id": "80fe134e-cfe0-4c95-931e-dc8dfd0a48a4", "event": "publisher.event_published", "level": "info", "timestamp": "2026-09-18T03:55:50.885547Z"}
Sep 18 00:55:50 fim-host fim-agent[33295]: {"path": "/srv/fim-watch/gen_00002.txt", "event_type": "file_modified", "event_id": "80fe134e-cfe0-4c95-931e-dc8dfd0a48a4", "event": "detector.change_detected", "level": "info", "timestamp": "2026-09-18T03:55:50.890562Z"}
Sep 18 00:55:50 fim-host fim-agent[33295]: {"event_id": "80fe134e-cfe0-4c95-931e-dc8dfd0a48a4", "event": "publisher.event_acked", "level": "info", "timestamp": "2026-09-18T03:55:50.896437Z"}
Sep 18 00:55:54 fim-host fim-agent[33295]: {"event_id": "85df2139-15b8-4b9b-b6be-ff6f3f87c6c5", "path": "/srv/fim-watch/gen_00003.txt", "action": "alert_only", "action_failed": false, "event": "decision.evaluated", "level": "info", "timestamp": "2026-09-18T03:55:54.468744Z"}
Sep 18 00:55:54 fim-host fim-agent[33295]: {"event_id": "85df2139-15b8-4b9b-b6be-ff6f3f87c6c5", "event": "publisher.event_published", "level": "info", "timestamp": "2026-09-18T03:55:54.476200Z"}
Sep 18 00:55:54 fim-host fim-agent[33295]: {"path": "/srv/fim-watch/gen_00003.txt", "event_type": "file_modified", "event_id": "85df2139-15b8-4b9b-b6be-ff6f3f87c6c5", "event": "detector.change_detected", "level": "info", "timestamp": "2026-09-18T03:55:54.479257Z"}
Sep 18 00:55:54 fim-host fim-agent[33295]: {"event_id": "85df2139-15b8-4b9b-b6be-ff6f3f87c6c5", "event": "publisher.event_acked", "level": "info", "timestamp": "2026-09-18T03:55:54.481210Z"}
Sep 18 00:55:58 fim-host fim-agent[33295]: {"event_id": "e30955df-ac00-4db2-860c-2fbd6016abed", "path": "/srv/fim-watch/gen_00002.txt", "action": "alert_only", "action_failed": false, "event": "decision.evaluated", "level": "info", "timestamp": "2026-09-18T03:55:58.073240Z"}
Sep 18 00:55:58 fim-host fim-agent[33295]: {"event_id": "e30955df-ac00-4db2-860c-2fbd6016abed", "event": "publisher.event_published", "level": "info", "timestamp": "2026-09-18T03:55:58.087306Z"}
Sep 18 00:55:58 fim-host fim-agent[33295]: {"path": "/srv/fim-watch/gen_00002.txt", "event_type": "file_modified", "event_id": "e30955df-ac00-4db2-860c-2fbd6016abed", "event": "detector.change_detected", "level": "info", "timestamp": "2026-09-18T03:55:58.093233Z"}
Sep 18 00:55:58 fim-host fim-agent[33295]: {"event_id": "e30955df-ac00-4db2-860c-2fbd6016abed", "event": "publisher.event_acked", "level": "info", "timestamp": "2026-09-18T03:55:58.099179Z"}
Sep 18 00:56:01 fim-host fim-agent[33295]: {"event_id": "7300305e-37a6-4a21-bb73-b6aa5c92f6bb", "path": "/srv/fim-watch/gen_00003.txt", "action": "alert_only", "action_failed": false, "event": "decision.evaluated", "level": "info", "timestamp": "2026-09-18T03:56:01.669243Z"}
Sep 18 00:56:01 fim-host fim-agent[33295]: {"event_id": "7300305e-37a6-4a21-bb73-b6aa5c92f6bb", "event": "publisher.event_published", "level": "info", "timestamp": "2026-09-18T03:56:01.680381Z"}
Sep 18 00:56:01 fim-host fim-agent[33295]: {"path": "/srv/fim-watch/gen_00003.txt", "event_type": "file_modified", "event_id": "7300305e-37a6-4a21-bb73-b6aa5c92f6bb", "event": "detector.change_detected", "level": "info", "timestamp": "2026-09-18T03:56:01.684668Z"}
Sep 18 00:56:01 fim-host fim-agent[33295]: {"event_id": "7300305e-37a6-4a21-bb73-b6aa5c92f6bb", "event": "publisher.event_acked", "level": "info", "timestamp": "2026-09-18T03:56:01.687980Z"}
Sep 18 00:56:05 fim-host fim-agent[33295]: {"event_id": "ab27a030-219d-4220-a39e-b189a9409f12", "path": "/srv/fim-watch/gen_00002.txt", "action": "alert_only", "action_failed": false, "event": "decision.evaluated", "level": "info", "timestamp": "2026-09-18T03:56:05.272526Z"}
Sep 18 00:56:05 fim-host fim-agent[33295]: {"event_id": "ab27a030-219d-4220-a39e-b189a9409f12", "event": "publisher.event_published", "level": "info", "timestamp": "2026-09-18T03:56:05.280834Z"}
Sep 18 00:56:05 fim-host fim-agent[33295]: {"path": "/srv/fim-watch/gen_00002.txt", "event_type": "file_modified", "event_id": "ab27a030-219d-4220-a39e-b189a9409f12", "event": "detector.change_detected", "level": "info", "timestamp": "2026-09-18T03:56:05.284538Z"}
Sep 18 00:56:05 fim-host fim-agent[33295]: {"event_id": "ab27a030-219d-4220-a39e-b189a9409f12", "event": "publisher.event_acked", "level": "info", "timestamp": "2026-09-18T03:56:05.289014Z"}
Sep 18 00:56:08 fim-host fim-agent[33295]: {"event_id": "2706b2f8-1473-450f-b1dd-602bf723c067", "path": "/srv/fim-watch/gen_00003.txt", "action": "alert_only", "action_failed": false, "event": "decision.evaluated", "level": "info", "timestamp": "2026-09-18T03:56:08.875197Z"}
Sep 18 00:56:08 fim-host fim-agent[33295]: {"event_id": "2706b2f8-1473-450f-b1dd-602bf723c067", "event": "publisher.event_published", "level": "info", "timestamp": "2026-09-18T03:56:08.890641Z"}
Sep 18 00:56:08 fim-host fim-agent[33295]: {"path": "/srv/fim-watch/gen_00003.txt", "event_type": "file_modified", "event_id": "2706b2f8-1473-450f-b1dd-602bf723c067", "event": "detector.change_detected", "level": "info", "timestamp": "2026-09-18T03:56:08.895942Z"}
Sep 18 00:56:08 fim-host fim-agent[33295]: {"event_id": "2706b2f8-1473-450f-b1dd-602bf723c067", "event": "publisher.event_acked", "level": "info", "timestamp": "2026-09-18T03:56:08.901838Z"}
Sep 18 00:56:12 fim-host fim-agent[33295]: {"event_id": "dbe5c83c-6590-4ac1-abe4-d7925881ab88", "path": "/srv/fim-watch/gen_00003.txt", "action": "alert_only", "action_failed": false, "event": "decision.evaluated", "level": "info", "timestamp": "2026-09-18T03:56:12.473482Z"}
Sep 18 00:56:12 fim-host fim-agent[33295]: {"event_id": "dbe5c83c-6590-4ac1-abe4-d7925881ab88", "event": "publisher.event_published", "level": "info", "timestamp": "2026-09-18T03:56:12.488446Z"}
Sep 18 00:56:12 fim-host fim-agent[33295]: {"path": "/srv/fim-watch/gen_00003.txt", "event_type": "file_modified", "event_id": "dbe5c83c-6590-4ac1-abe4-d7925881ab88", "event": "detector.change_detected", "level": "info", "timestamp": "2026-09-18T03:56:12.494508Z"}
Sep 18 00:56:12 fim-host fim-agent[33295]: {"event_id": "dbe5c83c-6590-4ac1-abe4-d7925881ab88", "event": "publisher.event_acked", "level": "info", "timestamp": "2026-09-18T03:56:12.496312Z"}
Sep 18 00:56:16 fim-host fim-agent[33295]: {"event_id": "dc8c9396-ee72-4f9a-9722-453020ab978d", "path": "/srv/fim-watch/gen_00002.txt", "action": "alert_only", "action_failed": false, "event": "decision.evaluated", "level": "info", "timestamp": "2026-09-18T03:56:16.067002Z"}
Sep 18 00:56:16 fim-host fim-agent[33295]: {"event_id": "dc8c9396-ee72-4f9a-9722-453020ab978d", "event": "publisher.event_published", "level": "info", "timestamp": "2026-09-18T03:56:16.076049Z"}
Sep 18 00:56:16 fim-host fim-agent[33295]: {"path": "/srv/fim-watch/gen_00002.txt", "event_type": "file_modified", "event_id": "dc8c9396-ee72-4f9a-9722-453020ab978d", "event": "detector.change_detected", "level": "info", "timestamp": "2026-09-18T03:56:16.079771Z"}
Sep 18 00:56:16 fim-host fim-agent[33295]: {"event_id": "dc8c9396-ee72-4f9a-9722-453020ab978d", "event": "publisher.event_acked", "level": "info", "timestamp": "2026-09-18T03:56:16.084942Z"}
Sep 18 00:56:19 fim-host fim-agent[33295]: {"event_id": "eaab78be-f89c-4424-984d-ce6b21e2d991", "path": "/srv/fim-watch/gen_00002.txt", "action": "alert_only", "action_failed": false, "event": "decision.evaluated", "level": "info", "timestamp": "2026-09-18T03:56:19.665589Z"}
Sep 18 00:56:19 fim-host fim-agent[33295]: {"event_id": "eaab78be-f89c-4424-984d-ce6b21e2d991", "event": "publisher.event_published", "level": "info", "timestamp": "2026-09-18T03:56:19.673339Z"}
Sep 18 00:56:19 fim-host fim-agent[33295]: {"path": "/srv/fim-watch/gen_00002.txt", "event_type": "file_modified", "event_id": "eaab78be-f89c-4424-984d-ce6b21e2d991", "event": "detector.change_detected", "level": "info", "timestamp": "2026-09-18T03:56:19.676005Z"}
Sep 18 00:56:19 fim-host fim-agent[33295]: {"event_id": "eaab78be-f89c-4424-984d-ce6b21e2d991", "event": "publisher.event_acked", "level": "info", "timestamp": "2026-09-18T03:56:19.679132Z"}
Sep 18 00:56:23 fim-host fim-agent[33295]: {"event_id": "c65b3ebb-807a-4ba6-8777-d0b0bf114903", "path": "/srv/fim-watch/gen_00002.txt", "action": "alert_only", "action_failed": false, "event": "decision.evaluated", "level": "info", "timestamp": "2026-09-18T03:56:23.272629Z"}
Sep 18 00:56:23 fim-host fim-agent[33295]: {"event_id": "c65b3ebb-807a-4ba6-8777-d0b0bf114903", "event": "publisher.event_published", "level": "info", "timestamp": "2026-09-18T03:56:23.287931Z"}
Sep 18 00:56:23 fim-host fim-agent[33295]: {"path": "/srv/fim-watch/gen_00002.txt", "event_type": "file_modified", "event_id": "c65b3ebb-807a-4ba6-8777-d0b0bf114903", "event": "detector.change_detected", "level": "info", "timestamp": "2026-09-18T03:56:23.294378Z"}
Sep 18 00:56:23 fim-host fim-agent[33295]: {"event_id": "c65b3ebb-807a-4ba6-8777-d0b0bf114903", "event": "publisher.event_acked", "level": "info", "timestamp": "2026-09-18T03:56:23.300301Z"}
Sep 18 00:56:26 fim-host fim-agent[33295]: {"event_id": "28ec1f31-02e7-42c2-b6eb-72e207992f30", "path": "/srv/fim-watch/gen_00002.txt", "action": "alert_only", "action_failed": false, "event": "decision.evaluated", "level": "info", "timestamp": "2026-09-18T03:56:26.865405Z"}
Sep 18 00:56:26 fim-host fim-agent[33295]: {"event_id": "28ec1f31-02e7-42c2-b6eb-72e207992f30", "event": "publisher.event_published", "level": "info", "timestamp": "2026-09-18T03:56:26.873377Z"}
Sep 18 00:56:26 fim-host fim-agent[33295]: {"path": "/srv/fim-watch/gen_00002.txt", "event_type": "file_modified", "event_id": "28ec1f31-02e7-42c2-b6eb-72e207992f30", "event": "detector.change_detected", "level": "info", "timestamp": "2026-09-18T03:56:26.877200Z"}
Sep 18 00:56:26 fim-host fim-agent[33295]: {"event_id": "28ec1f31-02e7-42c2-b6eb-72e207992f30", "event": "publisher.event_acked", "level": "info", "timestamp": "2026-09-18T03:56:26.879819Z"}
Sep 18 00:56:30 fim-host fim-agent[33295]: {"event_id": "52507f99-15ae-4f8b-b0f0-c844ce096234", "path": "/srv/fim-watch/gen_00002.txt", "action": "alert_only", "action_failed": false, "event": "decision.evaluated", "level": "info", "timestamp": "2026-09-18T03:56:30.469998Z"}
Sep 18 00:56:30 fim-host fim-agent[33295]: {"event_id": "52507f99-15ae-4f8b-b0f0-c844ce096234", "event": "publisher.event_published", "level": "info", "timestamp": "2026-09-18T03:56:30.481723Z"}
Sep 18 00:56:30 fim-host fim-agent[33295]: {"path": "/srv/fim-watch/gen_00002.txt", "event_type": "file_modified", "event_id": "52507f99-15ae-4f8b-b0f0-c844ce096234", "event": "detector.change_detected", "level": "info", "timestamp": "2026-09-18T03:56:30.486389Z"}
Sep 18 00:56:30 fim-host fim-agent[33295]: {"event_id": "52507f99-15ae-4f8b-b0f0-c844ce096234", "event": "publisher.event_acked", "level": "info", "timestamp": "2026-09-18T03:56:30.489972Z"}
Sep 18 00:56:34 fim-host fim-agent[33295]: {"event_id": "4992b64e-83e9-49d3-b0fb-5f071ceaef17", "path": "/srv/fim-watch/gen_00003.txt", "action": "alert_only", "action_failed": false, "event": "decision.evaluated", "level": "info", "timestamp": "2026-09-18T03:56:34.072218Z"}
Sep 18 00:56:34 fim-host fim-agent[33295]: {"event_id": "4992b64e-83e9-49d3-b0fb-5f071ceaef17", "event": "publisher.event_published", "level": "info", "timestamp": "2026-09-18T03:56:34.084959Z"}
Sep 18 00:56:34 fim-host fim-agent[33295]: {"path": "/srv/fim-watch/gen_00003.txt", "event_type": "file_modified", "event_id": "4992b64e-83e9-49d3-b0fb-5f071ceaef17", "event": "detector.change_detected", "level": "info", "timestamp": "2026-09-18T03:56:34.090774Z"}
Sep 18 00:56:34 fim-host fim-agent[33295]: {"event_id": "4992b64e-83e9-49d3-b0fb-5f071ceaef17", "event": "publisher.event_acked", "level": "info", "timestamp": "2026-09-18T03:56:34.096414Z"}
Sep 18 00:56:37 fim-host fim-agent[33295]: {"event_id": "0aa991c1-5b99-4f66-95f4-673769540146", "path": "/srv/fim-watch/gen_00003.txt", "action": "alert_only", "action_failed": false, "event": "decision.evaluated", "level": "info", "timestamp": "2026-09-18T03:56:37.674143Z"}
Sep 18 00:56:37 fim-host fim-agent[33295]: {"event_id": "0aa991c1-5b99-4f66-95f4-673769540146", "event": "publisher.event_published", "level": "info", "timestamp": "2026-09-18T03:56:37.688138Z"}
Sep 18 00:56:37 fim-host fim-agent[33295]: {"path": "/srv/fim-watch/gen_00003.txt", "event_type": "file_modified", "event_id": "0aa991c1-5b99-4f66-95f4-673769540146", "event": "detector.change_detected", "level": "info", "timestamp": "2026-09-18T03:56:37.692481Z"}
Sep 18 00:56:37 fim-host fim-agent[33295]: {"event_id": "0aa991c1-5b99-4f66-95f4-673769540146", "event": "publisher.event_acked", "level": "info", "timestamp": "2026-09-18T03:56:37.698515Z"}
Sep 18 00:56:41 fim-host fim-agent[33295]: {"event_id": "693a1cda-e83f-4e84-a28e-c6316f6e76ef", "path": "/srv/fim-watch/gen_00003.txt", "action": "alert_only", "action_failed": false, "event": "decision.evaluated", "level": "info", "timestamp": "2026-09-18T03:56:41.268775Z"}
Sep 18 00:56:41 fim-host fim-agent[33295]: {"event_id": "693a1cda-e83f-4e84-a28e-c6316f6e76ef", "event": "publisher.event_published", "level": "info", "timestamp": "2026-09-18T03:56:41.282767Z"}
Sep 18 00:56:41 fim-host fim-agent[33295]: {"path": "/srv/fim-watch/gen_00003.txt", "event_type": "file_modified", "event_id": "693a1cda-e83f-4e84-a28e-c6316f6e76ef", "event": "detector.change_detected", "level": "info", "timestamp": "2026-09-18T03:56:41.288976Z"}
Sep 18 00:56:41 fim-host fim-agent[33295]: {"event_id": "693a1cda-e83f-4e84-a28e-c6316f6e76ef", "event": "publisher.event_acked", "level": "info", "timestamp": "2026-09-18T03:56:41.292769Z"}
Sep 18 00:56:44 fim-host fim-agent[33295]: {"event_id": "a9ae7fd7-97c6-4140-8035-434bcdba04bc", "path": "/srv/fim-watch/gen_00002.txt", "action": "alert_only", "action_failed": false, "event": "decision.evaluated", "level": "info", "timestamp": "2026-09-18T03:56:44.862066Z"}
Sep 18 00:56:44 fim-host fim-agent[33295]: {"event_id": "a9ae7fd7-97c6-4140-8035-434bcdba04bc", "event": "publisher.event_published", "level": "info", "timestamp": "2026-09-18T03:56:44.873583Z"}
Sep 18 00:56:44 fim-host fim-agent[33295]: {"path": "/srv/fim-watch/gen_00002.txt", "event_type": "file_modified", "event_id": "a9ae7fd7-97c6-4140-8035-434bcdba04bc", "event": "detector.change_detected", "level": "info", "timestamp": "2026-09-18T03:56:44.879552Z"}
Sep 18 00:56:44 fim-host fim-agent[33295]: {"event_id": "a9ae7fd7-97c6-4140-8035-434bcdba04bc", "event": "publisher.event_acked", "level": "info", "timestamp": "2026-09-18T03:56:44.881573Z"}
Sep 18 00:56:48 fim-host fim-agent[33295]: {"event_id": "92b4fe7d-36ba-4d2f-ad4d-809c9c88c240", "path": "/srv/fim-watch/gen_00004.txt", "action": "alert_only", "action_failed": false, "event": "decision.evaluated", "level": "info", "timestamp": "2026-09-18T03:56:48.467537Z"}
Sep 18 00:56:48 fim-host fim-agent[33295]: {"event_id": "92b4fe7d-36ba-4d2f-ad4d-809c9c88c240", "event": "publisher.event_published", "level": "info", "timestamp": "2026-09-18T03:56:48.477594Z"}
Sep 18 00:56:48 fim-host fim-agent[33295]: {"path": "/srv/fim-watch/gen_00004.txt", "event_type": "file_modified", "event_id": "92b4fe7d-36ba-4d2f-ad4d-809c9c88c240", "event": "detector.change_detected", "level": "info", "timestamp": "2026-09-18T03:56:48.481390Z"}
Sep 18 00:56:48 fim-host fim-agent[33295]: {"event_id": "92b4fe7d-36ba-4d2f-ad4d-809c9c88c240", "event": "publisher.event_acked", "level": "info", "timestamp": "2026-09-18T03:56:48.487714Z"}
Sep 18 00:56:52 fim-host fim-agent[33295]: {"event_id": "b2751c5f-dd1d-4ca9-b5a1-6b0665a8cd6c", "path": "/srv/fim-watch/gen_00005.txt", "action": "alert_only", "action_failed": false, "event": "decision.evaluated", "level": "info", "timestamp": "2026-09-18T03:56:52.066475Z"}
Sep 18 00:56:52 fim-host fim-agent[33295]: {"event_id": "b2751c5f-dd1d-4ca9-b5a1-6b0665a8cd6c", "event": "publisher.event_published", "level": "info", "timestamp": "2026-09-18T03:56:52.073073Z"}
Sep 18 00:56:52 fim-host fim-agent[33295]: {"path": "/srv/fim-watch/gen_00005.txt", "event_type": "file_modified", "event_id": "b2751c5f-dd1d-4ca9-b5a1-6b0665a8cd6c", "event": "detector.change_detected", "level": "info", "timestamp": "2026-09-18T03:56:52.075829Z"}
Sep 18 00:56:52 fim-host fim-agent[33295]: {"event_id": "b2751c5f-dd1d-4ca9-b5a1-6b0665a8cd6c", "event": "publisher.event_acked", "level": "info", "timestamp": "2026-09-18T03:56:52.078907Z"}
Sep 18 00:56:55 fim-host fim-agent[33295]: {"event_id": "193bf1bb-e45b-4d83-be4c-3df8d9a281b4", "path": "/srv/fim-watch/gen_00003.txt", "action": "alert_only", "action_failed": false, "event": "decision.evaluated", "level": "info", "timestamp": "2026-09-18T03:56:55.667644Z"}
Sep 18 00:56:55 fim-host fim-agent[33295]: {"event_id": "193bf1bb-e45b-4d83-be4c-3df8d9a281b4", "event": "publisher.event_published", "level": "info", "timestamp": "2026-09-18T03:56:55.680010Z"}
Sep 18 00:56:55 fim-host fim-agent[33295]: {"path": "/srv/fim-watch/gen_00003.txt", "event_type": "file_modified", "event_id": "193bf1bb-e45b-4d83-be4c-3df8d9a281b4", "event": "detector.change_detected", "level": "info", "timestamp": "2026-09-18T03:56:55.684987Z"}
Sep 18 00:56:55 fim-host fim-agent[33295]: {"event_id": "193bf1bb-e45b-4d83-be4c-3df8d9a281b4", "event": "publisher.event_acked", "level": "info", "timestamp": "2026-09-18T03:56:55.686780Z"}
Sep 18 00:56:59 fim-host fim-agent[33295]: {"event_id": "e70529bd-b3b7-4094-9cde-a4f7b6aac133", "path": "/srv/fim-watch/gen_00002.txt", "action": "alert_only", "action_failed": false, "event": "decision.evaluated", "level": "info", "timestamp": "2026-09-18T03:56:59.266338Z"}
Sep 18 00:56:59 fim-host fim-agent[33295]: {"event_id": "e70529bd-b3b7-4094-9cde-a4f7b6aac133", "event": "publisher.event_published", "level": "info", "timestamp": "2026-09-18T03:56:59.281473Z"}
Sep 18 00:56:59 fim-host fim-agent[33295]: {"path": "/srv/fim-watch/gen_00002.txt", "event_type": "file_deleted", "event_id": "e70529bd-b3b7-4094-9cde-a4f7b6aac133", "event": "detector.change_detected", "level": "info", "timestamp": "2026-09-18T03:56:59.286273Z"}
Sep 18 00:56:59 fim-host fim-agent[33295]: {"event_id": "e70529bd-b3b7-4094-9cde-a4f7b6aac133", "event": "publisher.event_acked", "level": "info", "timestamp": "2026-09-18T03:56:59.292541Z"}
Sep 18 00:57:02 fim-host fim-agent[33295]: {"event_id": "601f6534-7279-4ca6-9ffe-d2edcb3d1cae", "path": "/srv/fim-watch/gen_00006.txt", "action": "alert_only", "action_failed": false, "event": "decision.evaluated", "level": "info", "timestamp": "2026-09-18T03:57:02.869311Z"}
Sep 18 00:57:02 fim-host fim-agent[33295]: {"event_id": "601f6534-7279-4ca6-9ffe-d2edcb3d1cae", "event": "publisher.event_published", "level": "info", "timestamp": "2026-09-18T03:57:02.883688Z"}
Sep 18 00:57:02 fim-host fim-agent[33295]: {"path": "/srv/fim-watch/gen_00006.txt", "event_type": "file_modified", "event_id": "601f6534-7279-4ca6-9ffe-d2edcb3d1cae", "event": "detector.change_detected", "level": "info", "timestamp": "2026-09-18T03:57:02.888630Z"}
Sep 18 00:57:02 fim-host fim-agent[33295]: {"event_id": "601f6534-7279-4ca6-9ffe-d2edcb3d1cae", "event": "publisher.event_acked", "level": "info", "timestamp": "2026-09-18T03:57:02.890531Z"}
Sep 18 00:57:06 fim-host fim-agent[33295]: {"event_id": "87de9669-913c-475a-b476-8bfdfcf651fb", "path": "/srv/fim-watch/gen_00003.txt", "action": "alert_only", "action_failed": false, "event": "decision.evaluated", "level": "info", "timestamp": "2026-09-18T03:57:06.465073Z"}
Sep 18 00:57:06 fim-host fim-agent[33295]: {"event_id": "87de9669-913c-475a-b476-8bfdfcf651fb", "event": "publisher.event_published", "level": "info", "timestamp": "2026-09-18T03:57:06.475688Z"}
Sep 18 00:57:06 fim-host fim-agent[33295]: {"path": "/srv/fim-watch/gen_00003.txt", "event_type": "file_modified", "event_id": "87de9669-913c-475a-b476-8bfdfcf651fb", "event": "detector.change_detected", "level": "info", "timestamp": "2026-09-18T03:57:06.479937Z"}
Sep 18 00:57:06 fim-host fim-agent[33295]: {"event_id": "87de9669-913c-475a-b476-8bfdfcf651fb", "event": "publisher.event_acked", "level": "info", "timestamp": "2026-09-18T03:57:06.486413Z"}
Sep 18 00:57:10 fim-host fim-agent[33295]: {"event_id": "6feb491d-9f2f-4619-9ba8-ebdf9969aa3b", "path": "/srv/fim-watch/gen_00007.txt", "action": "alert_only", "action_failed": false, "event": "decision.evaluated", "level": "info", "timestamp": "2026-09-18T03:57:10.061700Z"}
Sep 18 00:57:10 fim-host fim-agent[33295]: {"event_id": "6feb491d-9f2f-4619-9ba8-ebdf9969aa3b", "event": "publisher.event_published", "level": "info", "timestamp": "2026-09-18T03:57:10.070042Z"}
Sep 18 00:57:10 fim-host fim-agent[33295]: {"path": "/srv/fim-watch/gen_00007.txt", "event_type": "file_modified", "event_id": "6feb491d-9f2f-4619-9ba8-ebdf9969aa3b", "event": "detector.change_detected", "level": "info", "timestamp": "2026-09-18T03:57:10.073957Z"}
Sep 18 00:57:10 fim-host fim-agent[33295]: {"event_id": "6feb491d-9f2f-4619-9ba8-ebdf9969aa3b", "event": "publisher.event_acked", "level": "info", "timestamp": "2026-09-18T03:57:10.077648Z"}
Sep 18 00:57:13 fim-host fim-agent[33295]: {"event_id": "d38133a8-7881-4975-9961-378e8182a0c1", "path": "/srv/fim-watch/gen_00003.txt", "action": "alert_only", "action_failed": false, "event": "decision.evaluated", "level": "info", "timestamp": "2026-09-18T03:57:13.654566Z"}
Sep 18 00:57:13 fim-host fim-agent[33295]: {"event_id": "d38133a8-7881-4975-9961-378e8182a0c1", "event": "publisher.event_published", "level": "info", "timestamp": "2026-09-18T03:57:13.663563Z"}
Sep 18 00:57:13 fim-host fim-agent[33295]: {"path": "/srv/fim-watch/gen_00003.txt", "event_type": "file_modified", "event_id": "d38133a8-7881-4975-9961-378e8182a0c1", "event": "detector.change_detected", "level": "info", "timestamp": "2026-09-18T03:57:13.667079Z"}
Sep 18 00:57:13 fim-host fim-agent[33295]: {"event_id": "d38133a8-7881-4975-9961-378e8182a0c1", "event": "publisher.event_acked", "level": "info", "timestamp": "2026-09-18T03:57:13.670304Z"}
Sep 18 00:57:17 fim-host fim-agent[33295]: {"event_id": "0b88a7ff-dfca-4cfb-a389-2f5db94d0c5d", "path": "/srv/fim-watch/gen_00003.txt", "action": "alert_only", "action_failed": false, "event": "decision.evaluated", "level": "info", "timestamp": "2026-09-18T03:57:17.268209Z"}
Sep 18 00:57:17 fim-host fim-agent[33295]: {"event_id": "0b88a7ff-dfca-4cfb-a389-2f5db94d0c5d", "event": "publisher.event_published", "level": "info", "timestamp": "2026-09-18T03:57:17.282714Z"}
Sep 18 00:57:17 fim-host fim-agent[33295]: {"path": "/srv/fim-watch/gen_00003.txt", "event_type": "file_modified", "event_id": "0b88a7ff-dfca-4cfb-a389-2f5db94d0c5d", "event": "detector.change_detected", "level": "info", "timestamp": "2026-09-18T03:57:17.286010Z"}
Sep 18 00:57:17 fim-host fim-agent[33295]: {"event_id": "0b88a7ff-dfca-4cfb-a389-2f5db94d0c5d", "event": "publisher.event_acked", "level": "info", "timestamp": "2026-09-18T03:57:17.288596Z"}
Sep 18 00:57:20 fim-host fim-agent[33295]: {"event_id": "8a404765-5a6e-42b4-b0fa-5331c19200b1", "path": "/srv/fim-watch/gen_00006.txt", "action": "alert_only", "action_failed": false, "event": "decision.evaluated", "level": "info", "timestamp": "2026-09-18T03:57:20.870621Z"}
Sep 18 00:57:20 fim-host fim-agent[33295]: {"event_id": "8a404765-5a6e-42b4-b0fa-5331c19200b1", "event": "publisher.event_published", "level": "info", "timestamp": "2026-09-18T03:57:20.888800Z"}
Sep 18 00:57:20 fim-host fim-agent[33295]: {"path": "/srv/fim-watch/gen_00006.txt", "event_type": "file_deleted", "event_id": "8a404765-5a6e-42b4-b0fa-5331c19200b1", "event": "detector.change_detected", "level": "info", "timestamp": "2026-09-18T03:57:20.894170Z"}
Sep 18 00:57:20 fim-host fim-agent[33295]: {"event_id": "8a404765-5a6e-42b4-b0fa-5331c19200b1", "event": "publisher.event_acked", "level": "info", "timestamp": "2026-09-18T03:57:20.899004Z"}
Sep 18 00:57:24 fim-host fim-agent[33295]: {"event_id": "5131d7e9-d091-4894-b217-8bccab8323a4", "path": "/srv/fim-watch/gen_00008.txt", "action": "alert_only", "action_failed": false, "event": "decision.evaluated", "level": "info", "timestamp": "2026-09-18T03:57:24.464002Z"}
Sep 18 00:57:24 fim-host fim-agent[33295]: {"event_id": "5131d7e9-d091-4894-b217-8bccab8323a4", "event": "publisher.event_published", "level": "info", "timestamp": "2026-09-18T03:57:24.477642Z"}
Sep 18 00:57:24 fim-host fim-agent[33295]: {"path": "/srv/fim-watch/gen_00008.txt", "event_type": "file_created", "event_id": "5131d7e9-d091-4894-b217-8bccab8323a4", "event": "detector.change_detected", "level": "info", "timestamp": "2026-09-18T03:57:24.481560Z"}
Sep 18 00:57:24 fim-host fim-agent[33295]: {"event_id": "5131d7e9-d091-4894-b217-8bccab8323a4", "event": "publisher.event_acked", "level": "info", "timestamp": "2026-09-18T03:57:24.485573Z"}
Sep 18 00:57:28 fim-host fim-agent[33295]: {"event_id": "b64bc075-07f9-4d0e-ac6f-5b1e3fdd455f", "path": "/srv/fim-watch/critico/gen_00009.txt", "action": "alert_only", "action_failed": false, "event": "decision.evaluated", "level": "info", "timestamp": "2026-09-18T03:57:28.062579Z"}
Sep 18 00:57:28 fim-host fim-agent[33295]: {"event_id": "b64bc075-07f9-4d0e-ac6f-5b1e3fdd455f", "event": "publisher.event_published", "level": "info", "timestamp": "2026-09-18T03:57:28.076717Z"}
Sep 18 00:57:28 fim-host fim-agent[33295]: {"path": "/srv/fim-watch/critico/gen_00009.txt", "event_type": "file_created", "event_id": "b64bc075-07f9-4d0e-ac6f-5b1e3fdd455f", "event": "detector.change_detected", "level": "info", "timestamp": "2026-09-18T03:57:28.080924Z"}
Sep 18 00:57:28 fim-host fim-agent[33295]: {"event_id": "b64bc075-07f9-4d0e-ac6f-5b1e3fdd455f", "event": "publisher.event_acked", "level": "info", "timestamp": "2026-09-18T03:57:28.085553Z"}
Sep 18 00:57:31 fim-host fim-agent[33295]: {"event_id": "c7ef91b7-8e03-4a37-9caa-3173216e94d4", "path": "/srv/fim-watch/gen_00007.txt", "action": "alert_only", "action_failed": false, "event": "decision.evaluated", "level": "info", "timestamp": "2026-09-18T03:57:31.662870Z"}
Sep 18 00:57:31 fim-host fim-agent[33295]: {"event_id": "c7ef91b7-8e03-4a37-9caa-3173216e94d4", "event": "publisher.event_published", "level": "info", "timestamp": "2026-09-18T03:57:31.671663Z"}
Sep 18 00:57:31 fim-host fim-agent[33295]: {"path": "/srv/fim-watch/gen_00007.txt", "event_type": "file_modified", "event_id": "c7ef91b7-8e03-4a37-9caa-3173216e94d4", "event": "detector.change_detected", "level": "info", "timestamp": "2026-09-18T03:57:31.675733Z"}
Sep 18 00:57:31 fim-host fim-agent[33295]: {"event_id": "c7ef91b7-8e03-4a37-9caa-3173216e94d4", "event": "publisher.event_acked", "level": "info", "timestamp": "2026-09-18T03:57:31.677951Z"}
Sep 18 00:57:35 fim-host fim-agent[33295]: {"event_id": "369dd569-c221-48b4-962e-3c2337d734bd", "path": "/srv/fim-watch/critico/gen_00009.txt", "action": "alert_only", "action_failed": false, "event": "decision.evaluated", "level": "info", "timestamp": "2026-09-18T03:57:35.262569Z"}
Sep 18 00:57:35 fim-host fim-agent[33295]: {"event_id": "369dd569-c221-48b4-962e-3c2337d734bd", "event": "publisher.event_published", "level": "info", "timestamp": "2026-09-18T03:57:35.275930Z"}
Sep 18 00:57:35 fim-host fim-agent[33295]: {"path": "/srv/fim-watch/critico/gen_00009.txt", "event_type": "file_modified", "event_id": "369dd569-c221-48b4-962e-3c2337d734bd", "event": "detector.change_detected", "level": "info", "timestamp": "2026-09-18T03:57:35.279184Z"}
Sep 18 00:57:35 fim-host fim-agent[33295]: {"event_id": "369dd569-c221-48b4-962e-3c2337d734bd", "event": "publisher.event_acked", "level": "info", "timestamp": "2026-09-18T03:57:35.282187Z"}
Sep 18 00:57:38 fim-host fim-agent[33295]: {"event_id": "8ec0d714-6239-428b-8085-98c56854eadd", "path": "/srv/fim-watch/gen_00003.txt", "action": "alert_only", "action_failed": false, "event": "decision.evaluated", "level": "info", "timestamp": "2026-09-18T03:57:38.866534Z"}
Sep 18 00:57:38 fim-host fim-agent[33295]: {"event_id": "8ec0d714-6239-428b-8085-98c56854eadd", "event": "publisher.event_published", "level": "info", "timestamp": "2026-09-18T03:57:38.880139Z"}
Sep 18 00:57:38 fim-host fim-agent[33295]: {"path": "/srv/fim-watch/gen_00003.txt", "event_type": "file_modified", "event_id": "8ec0d714-6239-428b-8085-98c56854eadd", "event": "detector.change_detected", "level": "info", "timestamp": "2026-09-18T03:57:38.885371Z"}
Sep 18 00:57:38 fim-host fim-agent[33295]: {"event_id": "8ec0d714-6239-428b-8085-98c56854eadd", "event": "publisher.event_acked", "level": "info", "timestamp": "2026-09-18T03:57:38.887672Z"}
Sep 18 00:57:42 fim-host fim-agent[33295]: {"event_id": "41ce94d4-56bc-4793-b48d-31ab2637109d", "path": "/srv/fim-watch/gen_00007.txt", "action": "alert_only", "action_failed": false, "event": "decision.evaluated", "level": "info", "timestamp": "2026-09-18T03:57:42.465816Z"}
Sep 18 00:57:42 fim-host fim-agent[33295]: {"event_id": "41ce94d4-56bc-4793-b48d-31ab2637109d", "event": "publisher.event_published", "level": "info", "timestamp": "2026-09-18T03:57:42.480267Z"}
Sep 18 00:57:42 fim-host fim-agent[33295]: {"path": "/srv/fim-watch/gen_00007.txt", "event_type": "file_modified", "event_id": "41ce94d4-56bc-4793-b48d-31ab2637109d", "event": "detector.change_detected", "level": "info", "timestamp": "2026-09-18T03:57:42.486782Z"}
Sep 18 00:57:42 fim-host fim-agent[33295]: {"event_id": "41ce94d4-56bc-4793-b48d-31ab2637109d", "event": "publisher.event_acked", "level": "info", "timestamp": "2026-09-18T03:57:42.491718Z"}
Sep 18 00:57:46 fim-host fim-agent[33295]: {"event_id": "4965101a-fcb6-453d-a5d4-0203224b8cfb", "path": "/srv/fim-watch/gen_00007.txt", "action": "alert_only", "action_failed": false, "event": "decision.evaluated", "level": "info", "timestamp": "2026-09-18T03:57:46.065576Z"}
Sep 18 00:57:46 fim-host fim-agent[33295]: {"event_id": "4965101a-fcb6-453d-a5d4-0203224b8cfb", "event": "publisher.event_published", "level": "info", "timestamp": "2026-09-18T03:57:46.079321Z"}
Sep 18 00:57:46 fim-host fim-agent[33295]: {"path": "/srv/fim-watch/gen_00007.txt", "event_type": "file_modified", "event_id": "4965101a-fcb6-453d-a5d4-0203224b8cfb", "event": "detector.change_detected", "level": "info", "timestamp": "2026-09-18T03:57:46.085654Z"}
Sep 18 00:57:46 fim-host fim-agent[33295]: {"event_id": "4965101a-fcb6-453d-a5d4-0203224b8cfb", "event": "publisher.event_acked", "level": "info", "timestamp": "2026-09-18T03:57:46.090823Z"}
Sep 18 00:57:49 fim-host fim-agent[33295]: {"event_id": "85d4ecd8-260b-42f1-97b3-a7335cb39cae", "path": "/srv/fim-watch/gen_00007.txt", "action": "alert_only", "action_failed": false, "event": "decision.evaluated", "level": "info", "timestamp": "2026-09-18T03:57:49.660018Z"}
Sep 18 00:57:49 fim-host fim-agent[33295]: {"event_id": "85d4ecd8-260b-42f1-97b3-a7335cb39cae", "event": "publisher.event_published", "level": "info", "timestamp": "2026-09-18T03:57:49.669485Z"}
Sep 18 00:57:49 fim-host fim-agent[33295]: {"path": "/srv/fim-watch/gen_00007.txt", "event_type": "file_modified", "event_id": "85d4ecd8-260b-42f1-97b3-a7335cb39cae", "event": "detector.change_detected", "level": "info", "timestamp": "2026-09-18T03:57:49.673508Z"}
Sep 18 00:57:49 fim-host fim-agent[33295]: {"event_id": "85d4ecd8-260b-42f1-97b3-a7335cb39cae", "event": "publisher.event_acked", "level": "info", "timestamp": "2026-09-18T03:57:49.677038Z"}
Sep 18 00:57:53 fim-host fim-agent[33295]: {"event_id": "9f21dc18-3a3e-40d6-974c-52642a6cea9c", "path": "/srv/fim-watch/critico/gen_00010.txt", "action": "alert_only", "action_failed": false, "event": "decision.evaluated", "level": "info", "timestamp": "2026-09-18T03:57:53.265382Z"}
Sep 18 00:57:53 fim-host fim-agent[33295]: {"event_id": "9f21dc18-3a3e-40d6-974c-52642a6cea9c", "event": "publisher.event_published", "level": "info", "timestamp": "2026-09-18T03:57:53.280476Z"}
Sep 18 00:57:53 fim-host fim-agent[33295]: {"path": "/srv/fim-watch/critico/gen_00010.txt", "event_type": "file_modified", "event_id": "9f21dc18-3a3e-40d6-974c-52642a6cea9c", "event": "detector.change_detected", "level": "info", "timestamp": "2026-09-18T03:57:53.285304Z"}
Sep 18 00:57:53 fim-host fim-agent[33295]: {"event_id": "9f21dc18-3a3e-40d6-974c-52642a6cea9c", "event": "publisher.event_acked", "level": "info", "timestamp": "2026-09-18T03:57:53.287457Z"}
Sep 18 00:57:56 fim-host fim-agent[33295]: {"event_id": "4438d16e-1b9c-4978-bff7-03333d66f341", "path": "/srv/fim-watch/gen_00004.txt", "action": "alert_only", "action_failed": false, "event": "decision.evaluated", "level": "info", "timestamp": "2026-09-18T03:57:56.851415Z"}
Sep 18 00:57:56 fim-host fim-agent[33295]: {"event_id": "4438d16e-1b9c-4978-bff7-03333d66f341", "event": "publisher.event_published", "level": "info", "timestamp": "2026-09-18T03:57:56.859103Z"}
Sep 18 00:57:56 fim-host fim-agent[33295]: {"path": "/srv/fim-watch/gen_00004.txt", "event_type": "file_modified", "event_id": "4438d16e-1b9c-4978-bff7-03333d66f341", "event": "detector.change_detected", "level": "info", "timestamp": "2026-09-18T03:57:56.862212Z"}
Sep 18 00:57:56 fim-host fim-agent[33295]: {"event_id": "4438d16e-1b9c-4978-bff7-03333d66f341", "event": "publisher.event_acked", "level": "info", "timestamp": "2026-09-18T03:57:56.865095Z"}
Sep 18 00:58:00 fim-host fim-agent[33295]: {"event_id": "779fdb55-6971-4cc5-bd34-67193c9e14df", "path": "/srv/fim-watch/gen_00008.txt", "action": "alert_only", "action_failed": false, "event": "decision.evaluated", "level": "info", "timestamp": "2026-09-18T03:58:00.457909Z"}
Sep 18 00:58:00 fim-host fim-agent[33295]: {"event_id": "779fdb55-6971-4cc5-bd34-67193c9e14df", "event": "publisher.event_published", "level": "info", "timestamp": "2026-09-18T03:58:00.468527Z"}
Sep 18 00:58:00 fim-host fim-agent[33295]: {"path": "/srv/fim-watch/gen_00008.txt", "event_type": "file_modified", "event_id": "779fdb55-6971-4cc5-bd34-67193c9e14df", "event": "detector.change_detected", "level": "info", "timestamp": "2026-09-18T03:58:00.471930Z"}
Sep 18 00:58:00 fim-host fim-agent[33295]: {"event_id": "779fdb55-6971-4cc5-bd34-67193c9e14df", "event": "publisher.event_acked", "level": "info", "timestamp": "2026-09-18T03:58:00.474061Z"}
Sep 18 00:58:04 fim-host fim-agent[33295]: {"event_id": "b5698455-707a-49ec-9d5b-bedfb58ce76a", "path": "/srv/fim-watch/critico/gen_00009.txt", "action": "alert_only", "action_failed": false, "event": "decision.evaluated", "level": "info", "timestamp": "2026-09-18T03:58:04.064089Z"}
Sep 18 00:58:04 fim-host fim-agent[33295]: {"event_id": "b5698455-707a-49ec-9d5b-bedfb58ce76a", "event": "publisher.event_published", "level": "info", "timestamp": "2026-09-18T03:58:04.074200Z"}
Sep 18 00:58:04 fim-host fim-agent[33295]: {"path": "/srv/fim-watch/critico/gen_00009.txt", "event_type": "file_modified", "event_id": "b5698455-707a-49ec-9d5b-bedfb58ce76a", "event": "detector.change_detected", "level": "info", "timestamp": "2026-09-18T03:58:04.079576Z"}
Sep 18 00:58:04 fim-host fim-agent[33295]: {"event_id": "b5698455-707a-49ec-9d5b-bedfb58ce76a", "event": "publisher.event_acked", "level": "info", "timestamp": "2026-09-18T03:58:04.085628Z"}
Sep 18 00:58:07 fim-host fim-agent[33295]: {"event_id": "84f5dd13-2d8e-4c94-9546-b02c20e76617", "path": "/srv/fim-watch/critico/gen_00009.txt", "action": "alert_only", "action_failed": false, "event": "decision.evaluated", "level": "info", "timestamp": "2026-09-18T03:58:07.656966Z"}
Sep 18 00:58:07 fim-host fim-agent[33295]: {"event_id": "84f5dd13-2d8e-4c94-9546-b02c20e76617", "event": "publisher.event_published", "level": "info", "timestamp": "2026-09-18T03:58:07.665138Z"}
Sep 18 00:58:07 fim-host fim-agent[33295]: {"path": "/srv/fim-watch/critico/gen_00009.txt", "event_type": "file_modified", "event_id": "84f5dd13-2d8e-4c94-9546-b02c20e76617", "event": "detector.change_detected", "level": "info", "timestamp": "2026-09-18T03:58:07.668305Z"}
Sep 18 00:58:07 fim-host fim-agent[33295]: {"event_id": "84f5dd13-2d8e-4c94-9546-b02c20e76617", "event": "publisher.event_acked", "level": "info", "timestamp": "2026-09-18T03:58:07.671248Z"}
Sep 18 00:58:11 fim-host fim-agent[33295]: {"event_id": "6cd06ffd-b969-4245-a046-17361ca04b80", "path": "/srv/fim-watch/gen_00007.txt", "action": "alert_only", "action_failed": false, "event": "decision.evaluated", "level": "info", "timestamp": "2026-09-18T03:58:11.259813Z"}
Sep 18 00:58:11 fim-host fim-agent[33295]: {"event_id": "6cd06ffd-b969-4245-a046-17361ca04b80", "event": "publisher.event_published", "level": "info", "timestamp": "2026-09-18T03:58:11.271573Z"}
Sep 18 00:58:11 fim-host fim-agent[33295]: {"path": "/srv/fim-watch/gen_00007.txt", "event_type": "file_modified", "event_id": "6cd06ffd-b969-4245-a046-17361ca04b80", "event": "detector.change_detected", "level": "info", "timestamp": "2026-09-18T03:58:11.277512Z"}
Sep 18 00:58:11 fim-host fim-agent[33295]: {"event_id": "6cd06ffd-b969-4245-a046-17361ca04b80", "event": "publisher.event_acked", "level": "info", "timestamp": "2026-09-18T03:58:11.280812Z"}
Sep 18 00:58:14 fim-host fim-agent[33295]: {"event_id": "eb2dac03-cbd5-4b4c-8fcf-78fb12290faa", "path": "/srv/fim-watch/critico/gen_00010.txt", "action": "alert_only", "action_failed": false, "event": "decision.evaluated", "level": "info", "timestamp": "2026-09-18T03:58:14.860320Z"}
Sep 18 00:58:14 fim-host fim-agent[33295]: {"event_id": "eb2dac03-cbd5-4b4c-8fcf-78fb12290faa", "event": "publisher.event_published", "level": "info", "timestamp": "2026-09-18T03:58:14.871896Z"}
Sep 18 00:58:14 fim-host fim-agent[33295]: {"path": "/srv/fim-watch/critico/gen_00010.txt", "event_type": "file_modified", "event_id": "eb2dac03-cbd5-4b4c-8fcf-78fb12290faa", "event": "detector.change_detected", "level": "info", "timestamp": "2026-09-18T03:58:14.875814Z"}
Sep 18 00:58:14 fim-host fim-agent[33295]: {"event_id": "eb2dac03-cbd5-4b4c-8fcf-78fb12290faa", "event": "publisher.event_acked", "level": "info", "timestamp": "2026-09-18T03:58:14.880268Z"}
Sep 18 00:58:18 fim-host fim-agent[33295]: {"event_id": "705df3f5-9086-4505-bc99-1d1166f774f7", "path": "/srv/fim-watch/critico/gen_00009.txt", "action": "alert_only", "action_failed": false, "event": "decision.evaluated", "level": "info", "timestamp": "2026-09-18T03:58:18.461711Z"}
Sep 18 00:58:18 fim-host fim-agent[33295]: {"event_id": "705df3f5-9086-4505-bc99-1d1166f774f7", "event": "publisher.event_published", "level": "info", "timestamp": "2026-09-18T03:58:18.475327Z"}
Sep 18 00:58:18 fim-host fim-agent[33295]: {"path": "/srv/fim-watch/critico/gen_00009.txt", "event_type": "file_modified", "event_id": "705df3f5-9086-4505-bc99-1d1166f774f7", "event": "detector.change_detected", "level": "info", "timestamp": "2026-09-18T03:58:18.481390Z"}
Sep 18 00:58:18 fim-host fim-agent[33295]: {"event_id": "705df3f5-9086-4505-bc99-1d1166f774f7", "event": "publisher.event_acked", "level": "info", "timestamp": "2026-09-18T03:58:18.486917Z"}
Sep 18 00:58:22 fim-host fim-agent[33295]: {"event_id": "0e74fb3f-2ece-4206-b178-fbfd48ddc299", "path": "/srv/fim-watch/critico/gen_00011.txt", "action": "alert_only", "action_failed": false, "event": "decision.evaluated", "level": "info", "timestamp": "2026-09-18T03:58:22.058070Z"}
Sep 18 00:58:22 fim-host fim-agent[33295]: {"event_id": "0e74fb3f-2ece-4206-b178-fbfd48ddc299", "event": "publisher.event_published", "level": "info", "timestamp": "2026-09-18T03:58:22.063952Z"}
Sep 18 00:58:22 fim-host fim-agent[33295]: {"path": "/srv/fim-watch/critico/gen_00011.txt", "event_type": "file_modified", "event_id": "0e74fb3f-2ece-4206-b178-fbfd48ddc299", "event": "detector.change_detected", "level": "info", "timestamp": "2026-09-18T03:58:22.066770Z"}
Sep 18 00:58:22 fim-host fim-agent[33295]: {"event_id": "0e74fb3f-2ece-4206-b178-fbfd48ddc299", "event": "publisher.event_acked", "level": "info", "timestamp": "2026-09-18T03:58:22.069420Z"}
Sep 18 00:58:25 fim-host fim-agent[33295]: {"event_id": "f3714398-f327-4fdd-b721-dbd5303d817f", "path": "/srv/fim-watch/gen_00012.txt", "action": "alert_only", "action_failed": false, "event": "decision.evaluated", "level": "info", "timestamp": "2026-09-18T03:58:25.658517Z"}
Sep 18 00:58:25 fim-host fim-agent[33295]: {"event_id": "f3714398-f327-4fdd-b721-dbd5303d817f", "event": "publisher.event_published", "level": "info", "timestamp": "2026-09-18T03:58:25.668044Z"}
Sep 18 00:58:25 fim-host fim-agent[33295]: {"path": "/srv/fim-watch/gen_00012.txt", "event_type": "file_modified", "event_id": "f3714398-f327-4fdd-b721-dbd5303d817f", "event": "detector.change_detected", "level": "info", "timestamp": "2026-09-18T03:58:25.672024Z"}
Sep 18 00:58:25 fim-host fim-agent[33295]: {"event_id": "f3714398-f327-4fdd-b721-dbd5303d817f", "event": "publisher.event_acked", "level": "info", "timestamp": "2026-09-18T03:58:25.675611Z"}
Sep 18 00:58:29 fim-host fim-agent[33295]: {"event_id": "a2303a9b-bafb-4cff-9e96-27b4e44be360", "path": "/srv/fim-watch/gen_00008.txt", "action": "alert_only", "action_failed": false, "event": "decision.evaluated", "level": "info", "timestamp": "2026-09-18T03:58:29.260026Z"}
Sep 18 00:58:29 fim-host fim-agent[33295]: {"event_id": "a2303a9b-bafb-4cff-9e96-27b4e44be360", "event": "publisher.event_published", "level": "info", "timestamp": "2026-09-18T03:58:29.271073Z"}
Sep 18 00:58:29 fim-host fim-agent[33295]: {"path": "/srv/fim-watch/gen_00008.txt", "event_type": "file_modified", "event_id": "a2303a9b-bafb-4cff-9e96-27b4e44be360", "event": "detector.change_detected", "level": "info", "timestamp": "2026-09-18T03:58:29.275241Z"}
Sep 18 00:58:29 fim-host fim-agent[33295]: {"event_id": "a2303a9b-bafb-4cff-9e96-27b4e44be360", "event": "publisher.event_acked", "level": "info", "timestamp": "2026-09-18T03:58:29.278132Z"}
Sep 18 00:58:32 fim-host fim-agent[33295]: {"event_id": "3c2e5d63-3b69-4cb7-b17e-d3e68fe6e9b4", "path": "/srv/fim-watch/gen_00004.txt", "action": "alert_only", "action_failed": false, "event": "decision.evaluated", "level": "info", "timestamp": "2026-09-18T03:58:32.861652Z"}
Sep 18 00:58:32 fim-host fim-agent[33295]: {"event_id": "3c2e5d63-3b69-4cb7-b17e-d3e68fe6e9b4", "event": "publisher.event_published", "level": "info", "timestamp": "2026-09-18T03:58:32.878406Z"}
Sep 18 00:58:32 fim-host fim-agent[33295]: {"path": "/srv/fim-watch/gen_00004.txt", "event_type": "file_deleted", "event_id": "3c2e5d63-3b69-4cb7-b17e-d3e68fe6e9b4", "event": "detector.change_detected", "level": "info", "timestamp": "2026-09-18T03:58:32.885058Z"}
Sep 18 00:58:32 fim-host fim-agent[33295]: {"event_id": "3c2e5d63-3b69-4cb7-b17e-d3e68fe6e9b4", "event": "publisher.event_acked", "level": "info", "timestamp": "2026-09-18T03:58:32.890504Z"}
Sep 18 00:58:36 fim-host fim-agent[33295]: {"event_id": "ef01a1cc-18b3-4da4-bdaa-a8d352651562", "path": "/srv/fim-watch/gen_00013.txt", "action": "alert_only", "action_failed": false, "event": "decision.evaluated", "level": "info", "timestamp": "2026-09-18T03:58:36.459189Z"}
Sep 18 00:58:36 fim-host fim-agent[33295]: {"event_id": "ef01a1cc-18b3-4da4-bdaa-a8d352651562", "event": "publisher.event_published", "level": "info", "timestamp": "2026-09-18T03:58:36.470282Z"}
Sep 18 00:58:36 fim-host fim-agent[33295]: {"path": "/srv/fim-watch/gen_00013.txt", "event_type": "file_modified", "event_id": "ef01a1cc-18b3-4da4-bdaa-a8d352651562", "event": "detector.change_detected", "level": "info", "timestamp": "2026-09-18T03:58:36.475573Z"}
Sep 18 00:58:36 fim-host fim-agent[33295]: {"event_id": "ef01a1cc-18b3-4da4-bdaa-a8d352651562", "event": "publisher.event_acked", "level": "info", "timestamp": "2026-09-18T03:58:36.477345Z"}
Sep 18 00:58:40 fim-host fim-agent[33295]: {"event_id": "75b82fbb-4154-45b5-906c-a2e4a7c79c69", "path": "/srv/fim-watch/gen_00005.txt", "action": "alert_only", "action_failed": false, "event": "decision.evaluated", "level": "info", "timestamp": "2026-09-18T03:58:40.057817Z"}
Sep 18 00:58:40 fim-host fim-agent[33295]: {"event_id": "75b82fbb-4154-45b5-906c-a2e4a7c79c69", "event": "publisher.event_published", "level": "info", "timestamp": "2026-09-18T03:58:40.067753Z"}
Sep 18 00:58:40 fim-host fim-agent[33295]: {"path": "/srv/fim-watch/gen_00005.txt", "event_type": "file_modified", "event_id": "75b82fbb-4154-45b5-906c-a2e4a7c79c69", "event": "detector.change_detected", "level": "info", "timestamp": "2026-09-18T03:58:40.072553Z"}
Sep 18 00:58:40 fim-host fim-agent[33295]: {"event_id": "75b82fbb-4154-45b5-906c-a2e4a7c79c69", "event": "publisher.event_acked", "level": "info", "timestamp": "2026-09-18T03:58:40.073741Z"}
Sep 18 00:58:43 fim-host fim-agent[33295]: {"event_id": "3a2b5304-401f-4ed0-a110-04ae4a6041db", "path": "/srv/fim-watch/gen_00003.txt", "action": "alert_only", "action_failed": false, "event": "decision.evaluated", "level": "info", "timestamp": "2026-09-18T03:58:43.659373Z"}
Sep 18 00:58:43 fim-host fim-agent[33295]: {"event_id": "3a2b5304-401f-4ed0-a110-04ae4a6041db", "event": "publisher.event_published", "level": "info", "timestamp": "2026-09-18T03:58:43.668384Z"}
Sep 18 00:58:43 fim-host fim-agent[33295]: {"path": "/srv/fim-watch/gen_00003.txt", "event_type": "file_modified", "event_id": "3a2b5304-401f-4ed0-a110-04ae4a6041db", "event": "detector.change_detected", "level": "info", "timestamp": "2026-09-18T03:58:43.672942Z"}
Sep 18 00:58:43 fim-host fim-agent[33295]: {"event_id": "3a2b5304-401f-4ed0-a110-04ae4a6041db", "event": "publisher.event_acked", "level": "info", "timestamp": "2026-09-18T03:58:43.676313Z"}
Sep 18 00:58:47 fim-host fim-agent[33295]: {"event_id": "e7426272-9231-46e0-a926-64b8c778ccab", "path": "/srv/fim-watch/gen_00012.txt", "action": "alert_only", "action_failed": false, "event": "decision.evaluated", "level": "info", "timestamp": "2026-09-18T03:58:47.254034Z"}
Sep 18 00:58:47 fim-host fim-agent[33295]: {"event_id": "e7426272-9231-46e0-a926-64b8c778ccab", "event": "publisher.event_published", "level": "info", "timestamp": "2026-09-18T03:58:47.261223Z"}
Sep 18 00:58:47 fim-host fim-agent[33295]: {"path": "/srv/fim-watch/gen_00012.txt", "event_type": "file_modified", "event_id": "e7426272-9231-46e0-a926-64b8c778ccab", "event": "detector.change_detected", "level": "info", "timestamp": "2026-09-18T03:58:47.264233Z"}
Sep 18 00:58:47 fim-host fim-agent[33295]: {"event_id": "e7426272-9231-46e0-a926-64b8c778ccab", "event": "publisher.event_acked", "level": "info", "timestamp": "2026-09-18T03:58:47.266949Z"}
Sep 18 00:58:50 fim-host fim-agent[33295]: {"event_id": "a578dd56-c37f-48dd-b2c4-b8e83050d68a", "path": "/srv/fim-watch/gen_00012.txt", "action": "alert_only", "action_failed": false, "event": "decision.evaluated", "level": "info", "timestamp": "2026-09-18T03:58:50.854824Z"}
Sep 18 00:58:50 fim-host fim-agent[33295]: {"event_id": "a578dd56-c37f-48dd-b2c4-b8e83050d68a", "event": "publisher.event_published", "level": "info", "timestamp": "2026-09-18T03:58:50.864301Z"}
Sep 18 00:58:50 fim-host fim-agent[33295]: {"path": "/srv/fim-watch/gen_00012.txt", "event_type": "file_modified", "event_id": "a578dd56-c37f-48dd-b2c4-b8e83050d68a", "event": "detector.change_detected", "level": "info", "timestamp": "2026-09-18T03:58:50.868489Z"}
Sep 18 00:58:50 fim-host fim-agent[33295]: {"event_id": "a578dd56-c37f-48dd-b2c4-b8e83050d68a", "event": "publisher.event_acked", "level": "info", "timestamp": "2026-09-18T03:58:50.873124Z"}
Sep 18 00:58:54 fim-host fim-agent[33295]: {"event_id": "78b60151-0dcf-43cd-8803-6326c0cb0531", "path": "/srv/fim-watch/gen_00012.txt", "action": "alert_only", "action_failed": false, "event": "decision.evaluated", "level": "info", "timestamp": "2026-09-18T03:58:54.462075Z"}
Sep 18 00:58:54 fim-host fim-agent[33295]: {"event_id": "78b60151-0dcf-43cd-8803-6326c0cb0531", "event": "publisher.event_published", "level": "info", "timestamp": "2026-09-18T03:58:54.477198Z"}
Sep 18 00:58:54 fim-host fim-agent[33295]: {"path": "/srv/fim-watch/gen_00012.txt", "event_type": "file_modified", "event_id": "78b60151-0dcf-43cd-8803-6326c0cb0531", "event": "detector.change_detected", "level": "info", "timestamp": "2026-09-18T03:58:54.481622Z"}
Sep 18 00:58:54 fim-host fim-agent[33295]: {"event_id": "78b60151-0dcf-43cd-8803-6326c0cb0531", "event": "publisher.event_acked", "level": "info", "timestamp": "2026-09-18T03:58:54.484397Z"}
Sep 18 00:58:58 fim-host fim-agent[33295]: {"event_id": "f3ee75e2-5131-44ec-8a12-da35885f08ee", "path": "/srv/fim-watch/gen_00012.txt", "action": "alert_only", "action_failed": false, "event": "decision.evaluated", "level": "info", "timestamp": "2026-09-18T03:58:58.059801Z"}
Sep 18 00:58:58 fim-host fim-agent[33295]: {"event_id": "f3ee75e2-5131-44ec-8a12-da35885f08ee", "event": "publisher.event_published", "level": "info", "timestamp": "2026-09-18T03:58:58.071282Z"}
Sep 18 00:58:58 fim-host fim-agent[33295]: {"path": "/srv/fim-watch/gen_00012.txt", "event_type": "file_modified", "event_id": "f3ee75e2-5131-44ec-8a12-da35885f08ee", "event": "detector.change_detected", "level": "info", "timestamp": "2026-09-18T03:58:58.077173Z"}
Sep 18 00:58:58 fim-host fim-agent[33295]: {"event_id": "f3ee75e2-5131-44ec-8a12-da35885f08ee", "event": "publisher.event_acked", "level": "info", "timestamp": "2026-09-18T03:58:58.081440Z"}
Sep 18 00:59:01 fim-host fim-agent[33295]: {"event_id": "90568a09-4561-4c6d-92ad-3b233c2acf9f", "path": "/srv/fim-watch/gen_00012.txt", "action": "alert_only", "action_failed": false, "event": "decision.evaluated", "level": "info", "timestamp": "2026-09-18T03:59:01.657169Z"}
Sep 18 00:59:01 fim-host fim-agent[33295]: {"event_id": "90568a09-4561-4c6d-92ad-3b233c2acf9f", "event": "publisher.event_published", "level": "info", "timestamp": "2026-09-18T03:59:01.668320Z"}
Sep 18 00:59:01 fim-host fim-agent[33295]: {"path": "/srv/fim-watch/gen_00012.txt", "event_type": "file_modified", "event_id": "90568a09-4561-4c6d-92ad-3b233c2acf9f", "event": "detector.change_detected", "level": "info", "timestamp": "2026-09-18T03:59:01.672208Z"}
Sep 18 00:59:01 fim-host fim-agent[33295]: {"event_id": "90568a09-4561-4c6d-92ad-3b233c2acf9f", "event": "publisher.event_acked", "level": "info", "timestamp": "2026-09-18T03:59:01.676103Z"}
Sep 18 00:59:05 fim-host fim-agent[33295]: {"event_id": "a85514f8-8a9e-4e9a-a2ee-cff20ea62686", "path": "/srv/fim-watch/gen_00012.txt", "action": "alert_only", "action_failed": false, "event": "decision.evaluated", "level": "info", "timestamp": "2026-09-18T03:59:05.258711Z"}
Sep 18 00:59:05 fim-host fim-agent[33295]: {"event_id": "a85514f8-8a9e-4e9a-a2ee-cff20ea62686", "event": "publisher.event_published", "level": "info", "timestamp": "2026-09-18T03:59:05.273080Z"}
Sep 18 00:59:05 fim-host fim-agent[33295]: {"path": "/srv/fim-watch/gen_00012.txt", "event_type": "file_modified", "event_id": "a85514f8-8a9e-4e9a-a2ee-cff20ea62686", "event": "detector.change_detected", "level": "info", "timestamp": "2026-09-18T03:59:05.278674Z"}
Sep 18 00:59:05 fim-host fim-agent[33295]: {"event_id": "a85514f8-8a9e-4e9a-a2ee-cff20ea62686", "event": "publisher.event_acked", "level": "info", "timestamp": "2026-09-18T03:59:05.285274Z"}
Sep 18 00:59:08 fim-host fim-agent[33295]: {"event_id": "fca999e8-500d-4a04-a18a-b0da27767fa2", "path": "/srv/fim-watch/gen_00014.txt", "action": "alert_only", "action_failed": false, "event": "decision.evaluated", "level": "info", "timestamp": "2026-09-18T03:59:08.849029Z"}
Sep 18 00:59:08 fim-host fim-agent[33295]: {"event_id": "fca999e8-500d-4a04-a18a-b0da27767fa2", "event": "publisher.event_published", "level": "info", "timestamp": "2026-09-18T03:59:08.861553Z"}
Sep 18 00:59:08 fim-host fim-agent[33295]: {"path": "/srv/fim-watch/gen_00014.txt", "event_type": "file_modified", "event_id": "fca999e8-500d-4a04-a18a-b0da27767fa2", "event": "detector.change_detected", "level": "info", "timestamp": "2026-09-18T03:59:08.866341Z"}
Sep 18 00:59:08 fim-host fim-agent[33295]: {"event_id": "fca999e8-500d-4a04-a18a-b0da27767fa2", "event": "publisher.event_acked", "level": "info", "timestamp": "2026-09-18T03:59:08.868964Z"}
Sep 18 00:59:12 fim-host fim-agent[33295]: {"event_id": "e9e0d310-3bcf-4f85-a8a3-8773e8711946", "path": "/srv/fim-watch/critico/gen_00011.txt", "action": "alert_only", "action_failed": false, "event": "decision.evaluated", "level": "info", "timestamp": "2026-09-18T03:59:12.452290Z"}
Sep 18 00:59:12 fim-host fim-agent[33295]: {"event_id": "e9e0d310-3bcf-4f85-a8a3-8773e8711946", "event": "publisher.event_published", "level": "info", "timestamp": "2026-09-18T03:59:12.458703Z"}
Sep 18 00:59:12 fim-host fim-agent[33295]: {"path": "/srv/fim-watch/critico/gen_00011.txt", "event_type": "file_modified", "event_id": "e9e0d310-3bcf-4f85-a8a3-8773e8711946", "event": "detector.change_detected", "level": "info", "timestamp": "2026-09-18T03:59:12.461715Z"}
Sep 18 00:59:12 fim-host fim-agent[33295]: {"event_id": "e9e0d310-3bcf-4f85-a8a3-8773e8711946", "event": "publisher.event_acked", "level": "info", "timestamp": "2026-09-18T03:59:12.463925Z"}
Sep 18 00:59:16 fim-host fim-agent[33295]: {"event_id": "36ea40e1-21df-42e2-8b69-85d0380c5b82", "path": "/srv/fim-watch/critico/gen_00011.txt", "action": "alert_only", "action_failed": false, "event": "decision.evaluated", "level": "info", "timestamp": "2026-09-18T03:59:16.058779Z"}
Sep 18 00:59:16 fim-host fim-agent[33295]: {"event_id": "36ea40e1-21df-42e2-8b69-85d0380c5b82", "event": "publisher.event_published", "level": "info", "timestamp": "2026-09-18T03:59:16.073509Z"}
Sep 18 00:59:16 fim-host fim-agent[33295]: {"path": "/srv/fim-watch/critico/gen_00011.txt", "event_type": "file_modified", "event_id": "36ea40e1-21df-42e2-8b69-85d0380c5b82", "event": "detector.change_detected", "level": "info", "timestamp": "2026-09-18T03:59:16.078215Z"}
Sep 18 00:59:16 fim-host fim-agent[33295]: {"event_id": "36ea40e1-21df-42e2-8b69-85d0380c5b82", "event": "publisher.event_acked", "level": "info", "timestamp": "2026-09-18T03:59:16.079247Z"}
Sep 18 00:59:19 fim-host fim-agent[33295]: {"event_id": "775868eb-9abd-48ba-934e-839017a1a2bc", "path": "/srv/fim-watch/gen_00014.txt", "action": "alert_only", "action_failed": false, "event": "decision.evaluated", "level": "info", "timestamp": "2026-09-18T03:59:19.657290Z"}
Sep 18 00:59:19 fim-host fim-agent[33295]: {"event_id": "775868eb-9abd-48ba-934e-839017a1a2bc", "event": "publisher.event_published", "level": "info", "timestamp": "2026-09-18T03:59:19.671419Z"}
Sep 18 00:59:19 fim-host fim-agent[33295]: {"path": "/srv/fim-watch/gen_00014.txt", "event_type": "file_modified", "event_id": "775868eb-9abd-48ba-934e-839017a1a2bc", "event": "detector.change_detected", "level": "info", "timestamp": "2026-09-18T03:59:19.676844Z"}
Sep 18 00:59:19 fim-host fim-agent[33295]: {"event_id": "775868eb-9abd-48ba-934e-839017a1a2bc", "event": "publisher.event_acked", "level": "info", "timestamp": "2026-09-18T03:59:19.678954Z"}
Sep 18 00:59:23 fim-host fim-agent[33295]: {"event_id": "c990259f-c32e-45f9-9691-845b8ac61205", "path": "/srv/fim-watch/gen_00015.txt", "action": "alert_only", "action_failed": false, "event": "decision.evaluated", "level": "info", "timestamp": "2026-09-18T03:59:23.257029Z"}
Sep 18 00:59:23 fim-host fim-agent[33295]: {"event_id": "c990259f-c32e-45f9-9691-845b8ac61205", "event": "publisher.event_published", "level": "info", "timestamp": "2026-09-18T03:59:23.268026Z"}
Sep 18 00:59:23 fim-host fim-agent[33295]: {"path": "/srv/fim-watch/gen_00015.txt", "event_type": "file_modified", "event_id": "c990259f-c32e-45f9-9691-845b8ac61205", "event": "detector.change_detected", "level": "info", "timestamp": "2026-09-18T03:59:23.272239Z"}
Sep 18 00:59:23 fim-host fim-agent[33295]: {"event_id": "c990259f-c32e-45f9-9691-845b8ac61205", "event": "publisher.event_acked", "level": "info", "timestamp": "2026-09-18T03:59:23.273742Z"}
Sep 18 00:59:26 fim-host fim-agent[33295]: {"event_id": "84a0ea5e-2585-4847-8444-3c66e95674ca", "path": "/srv/fim-watch/gen_00015.txt", "action": "alert_only", "action_failed": false, "event": "decision.evaluated", "level": "info", "timestamp": "2026-09-18T03:59:26.858729Z"}
Sep 18 00:59:26 fim-host fim-agent[33295]: {"event_id": "84a0ea5e-2585-4847-8444-3c66e95674ca", "event": "publisher.event_published", "level": "info", "timestamp": "2026-09-18T03:59:26.871915Z"}
Sep 18 00:59:26 fim-host fim-agent[33295]: {"path": "/srv/fim-watch/gen_00015.txt", "event_type": "file_modified", "event_id": "84a0ea5e-2585-4847-8444-3c66e95674ca", "event": "detector.change_detected", "level": "info", "timestamp": "2026-09-18T03:59:26.878194Z"}
Sep 18 00:59:26 fim-host fim-agent[33295]: {"event_id": "84a0ea5e-2585-4847-8444-3c66e95674ca", "event": "publisher.event_acked", "level": "info", "timestamp": "2026-09-18T03:59:26.884375Z"}
Sep 18 00:59:30 fim-host fim-agent[33295]: {"event_id": "fa4a988c-1a2a-4825-a3b0-d67e73a478fd", "path": "/srv/fim-watch/critico/gen_00009.txt", "action": "alert_only", "action_failed": false, "event": "decision.evaluated", "level": "info", "timestamp": "2026-09-18T03:59:30.454094Z"}
Sep 18 00:59:30 fim-host fim-agent[33295]: {"event_id": "fa4a988c-1a2a-4825-a3b0-d67e73a478fd", "event": "publisher.event_published", "level": "info", "timestamp": "2026-09-18T03:59:30.467358Z"}
Sep 18 00:59:30 fim-host fim-agent[33295]: {"path": "/srv/fim-watch/critico/gen_00009.txt", "event_type": "file_modified", "event_id": "fa4a988c-1a2a-4825-a3b0-d67e73a478fd", "event": "detector.change_detected", "level": "info", "timestamp": "2026-09-18T03:59:30.471704Z"}
Sep 18 00:59:30 fim-host fim-agent[33295]: {"event_id": "fa4a988c-1a2a-4825-a3b0-d67e73a478fd", "event": "publisher.event_acked", "level": "info", "timestamp": "2026-09-18T03:59:30.478268Z"}
Sep 18 00:59:34 fim-host fim-agent[33295]: {"event_id": "2f4b9fca-438b-478c-b4f3-c6357f34bb9a", "path": "/srv/fim-watch/gen_00005.txt", "action": "alert_only", "action_failed": false, "event": "decision.evaluated", "level": "info", "timestamp": "2026-09-18T03:59:34.056251Z"}
Sep 18 00:59:34 fim-host fim-agent[33295]: {"event_id": "2f4b9fca-438b-478c-b4f3-c6357f34bb9a", "event": "publisher.event_published", "level": "info", "timestamp": "2026-09-18T03:59:34.069818Z"}
Sep 18 00:59:34 fim-host fim-agent[33295]: {"path": "/srv/fim-watch/gen_00005.txt", "event_type": "file_modified", "event_id": "2f4b9fca-438b-478c-b4f3-c6357f34bb9a", "event": "detector.change_detected", "level": "info", "timestamp": "2026-09-18T03:59:34.075139Z"}
Sep 18 00:59:34 fim-host fim-agent[33295]: {"event_id": "2f4b9fca-438b-478c-b4f3-c6357f34bb9a", "event": "publisher.event_acked", "level": "info", "timestamp": "2026-09-18T03:59:34.077430Z"}
Sep 18 00:59:37 fim-host fim-agent[33295]: {"event_id": "af777b52-4683-49d2-8e02-660f906022b9", "path": "/srv/fim-watch/gen_00014.txt", "action": "alert_only", "action_failed": false, "event": "decision.evaluated", "level": "info", "timestamp": "2026-09-18T03:59:37.650298Z"}
Sep 18 00:59:37 fim-host fim-agent[33295]: {"event_id": "af777b52-4683-49d2-8e02-660f906022b9", "event": "publisher.event_published", "level": "info", "timestamp": "2026-09-18T03:59:37.657890Z"}
Sep 18 00:59:37 fim-host fim-agent[33295]: {"path": "/srv/fim-watch/gen_00014.txt", "event_type": "file_modified", "event_id": "af777b52-4683-49d2-8e02-660f906022b9", "event": "detector.change_detected", "level": "info", "timestamp": "2026-09-18T03:59:37.660734Z"}
Sep 18 00:59:37 fim-host fim-agent[33295]: {"event_id": "af777b52-4683-49d2-8e02-660f906022b9", "event": "publisher.event_acked", "level": "info", "timestamp": "2026-09-18T03:59:37.664436Z"}
Sep 18 00:59:41 fim-host fim-agent[33295]: {"event_id": "d2a6ab9c-32ca-4472-beb2-8e8b8ac5dafe", "path": "/srv/fim-watch/gen_00014.txt", "action": "alert_only", "action_failed": false, "event": "decision.evaluated", "level": "info", "timestamp": "2026-09-18T03:59:41.253627Z"}
Sep 18 00:59:41 fim-host fim-agent[33295]: {"event_id": "d2a6ab9c-32ca-4472-beb2-8e8b8ac5dafe", "event": "publisher.event_published", "level": "info", "timestamp": "2026-09-18T03:59:41.261782Z"}
Sep 18 00:59:41 fim-host fim-agent[33295]: {"path": "/srv/fim-watch/gen_00014.txt", "event_type": "file_modified", "event_id": "d2a6ab9c-32ca-4472-beb2-8e8b8ac5dafe", "event": "detector.change_detected", "level": "info", "timestamp": "2026-09-18T03:59:41.265414Z"}
Sep 18 00:59:41 fim-host fim-agent[33295]: {"event_id": "d2a6ab9c-32ca-4472-beb2-8e8b8ac5dafe", "event": "publisher.event_acked", "level": "info", "timestamp": "2026-09-18T03:59:41.270181Z"}
Sep 18 00:59:44 fim-host fim-agent[33295]: {"event_id": "100c6cc9-d111-4f95-82dd-2f5f4774d181", "path": "/srv/fim-watch/gen_00005.txt", "action": "alert_only", "action_failed": false, "event": "decision.evaluated", "level": "info", "timestamp": "2026-09-18T03:59:44.852827Z"}
Sep 18 00:59:44 fim-host fim-agent[33295]: {"event_id": "100c6cc9-d111-4f95-82dd-2f5f4774d181", "event": "publisher.event_published", "level": "info", "timestamp": "2026-09-18T03:59:44.864188Z"}
Sep 18 00:59:44 fim-host fim-agent[33295]: {"path": "/srv/fim-watch/gen_00005.txt", "event_type": "file_modified", "event_id": "100c6cc9-d111-4f95-82dd-2f5f4774d181", "event": "detector.change_detected", "level": "info", "timestamp": "2026-09-18T03:59:44.869088Z"}
Sep 18 00:59:44 fim-host fim-agent[33295]: {"event_id": "100c6cc9-d111-4f95-82dd-2f5f4774d181", "event": "publisher.event_acked", "level": "info", "timestamp": "2026-09-18T03:59:44.875421Z"}
Sep 18 00:59:48 fim-host fim-agent[33295]: {"event_id": "a22bd99d-aefe-41cb-9856-7813d5a52f0a", "path": "/srv/fim-watch/gen_00005.txt", "action": "alert_only", "action_failed": false, "event": "decision.evaluated", "level": "info", "timestamp": "2026-09-18T03:59:48.453144Z"}
Sep 18 00:59:48 fim-host fim-agent[33295]: {"event_id": "a22bd99d-aefe-41cb-9856-7813d5a52f0a", "event": "publisher.event_published", "level": "info", "timestamp": "2026-09-18T03:59:48.464246Z"}
Sep 18 00:59:48 fim-host fim-agent[33295]: {"path": "/srv/fim-watch/gen_00005.txt", "event_type": "file_modified", "event_id": "a22bd99d-aefe-41cb-9856-7813d5a52f0a", "event": "detector.change_detected", "level": "info", "timestamp": "2026-09-18T03:59:48.467757Z"}
Sep 18 00:59:48 fim-host fim-agent[33295]: {"event_id": "a22bd99d-aefe-41cb-9856-7813d5a52f0a", "event": "publisher.event_acked", "level": "info", "timestamp": "2026-09-18T03:59:48.475408Z"}
Sep 18 00:59:52 fim-host fim-agent[33295]: {"event_id": "4732e64f-4044-4804-95c1-67e258f8ec0e", "path": "/srv/fim-watch/gen_00016.txt", "action": "alert_only", "action_failed": false, "event": "decision.evaluated", "level": "info", "timestamp": "2026-09-18T03:59:52.055961Z"}
Sep 18 00:59:52 fim-host fim-agent[33295]: {"event_id": "4732e64f-4044-4804-95c1-67e258f8ec0e", "event": "publisher.event_published", "level": "info", "timestamp": "2026-09-18T03:59:52.070398Z"}
Sep 18 00:59:52 fim-host fim-agent[33295]: {"path": "/srv/fim-watch/gen_00016.txt", "event_type": "file_modified", "event_id": "4732e64f-4044-4804-95c1-67e258f8ec0e", "event": "detector.change_detected", "level": "info", "timestamp": "2026-09-18T03:59:52.076943Z"}
Sep 18 00:59:52 fim-host fim-agent[33295]: {"event_id": "4732e64f-4044-4804-95c1-67e258f8ec0e", "event": "publisher.event_acked", "level": "info", "timestamp": "2026-09-18T03:59:52.081964Z"}
Sep 18 00:59:55 fim-host fim-agent[33295]: {"event_id": "db252eea-1fec-40de-b992-46aaa50404d6", "path": "/srv/fim-watch/critico/gen_00011.txt", "action": "alert_only", "action_failed": false, "event": "decision.evaluated", "level": "info", "timestamp": "2026-09-18T03:59:55.657039Z"}
Sep 18 00:59:55 fim-host fim-agent[33295]: {"event_id": "db252eea-1fec-40de-b992-46aaa50404d6", "event": "publisher.event_published", "level": "info", "timestamp": "2026-09-18T03:59:55.669848Z"}
Sep 18 00:59:55 fim-host fim-agent[33295]: {"path": "/srv/fim-watch/critico/gen_00011.txt", "event_type": "file_modified", "event_id": "db252eea-1fec-40de-b992-46aaa50404d6", "event": "detector.change_detected", "level": "info", "timestamp": "2026-09-18T03:59:55.675455Z"}
Sep 18 00:59:55 fim-host fim-agent[33295]: {"event_id": "db252eea-1fec-40de-b992-46aaa50404d6", "event": "publisher.event_acked", "level": "info", "timestamp": "2026-09-18T03:59:55.681206Z"}
Sep 18 00:59:59 fim-host fim-agent[33295]: {"event_id": "57d54a52-c514-4c1a-b6c8-ba4954a315fe", "path": "/srv/fim-watch/critico/gen_00011.txt", "action": "alert_only", "action_failed": false, "event": "decision.evaluated", "level": "info", "timestamp": "2026-09-18T03:59:59.247291Z"}
Sep 18 00:59:59 fim-host fim-agent[33295]: {"event_id": "57d54a52-c514-4c1a-b6c8-ba4954a315fe", "event": "publisher.event_published", "level": "info", "timestamp": "2026-09-18T03:59:59.259979Z"}
Sep 18 00:59:59 fim-host fim-agent[33295]: {"path": "/srv/fim-watch/critico/gen_00011.txt", "event_type": "file_modified", "event_id": "57d54a52-c514-4c1a-b6c8-ba4954a315fe", "event": "detector.change_detected", "level": "info", "timestamp": "2026-09-18T03:59:59.266576Z"}
Sep 18 00:59:59 fim-host fim-agent[33295]: {"event_id": "57d54a52-c514-4c1a-b6c8-ba4954a315fe", "event": "publisher.event_acked", "level": "info", "timestamp": "2026-09-18T03:59:59.272188Z"}
Sep 18 01:00:02 fim-host fim-agent[33295]: {"event_id": "167813b7-54ff-48a8-8f5d-07598aa49549", "path": "/srv/fim-watch/critico/gen_00011.txt", "action": "alert_only", "action_failed": false, "event": "decision.evaluated", "level": "info", "timestamp": "2026-09-18T04:00:02.847152Z"}
Sep 18 01:00:02 fim-host fim-agent[33295]: {"event_id": "167813b7-54ff-48a8-8f5d-07598aa49549", "event": "publisher.event_published", "level": "info", "timestamp": "2026-09-18T04:00:02.854437Z"}
Sep 18 01:00:02 fim-host fim-agent[33295]: {"path": "/srv/fim-watch/critico/gen_00011.txt", "event_type": "file_modified", "event_id": "167813b7-54ff-48a8-8f5d-07598aa49549", "event": "detector.change_detected", "level": "info", "timestamp": "2026-09-18T04:00:02.858161Z"}
Sep 18 01:00:02 fim-host fim-agent[33295]: {"event_id": "167813b7-54ff-48a8-8f5d-07598aa49549", "event": "publisher.event_acked", "level": "info", "timestamp": "2026-09-18T04:00:02.861750Z"}
Sep 18 01:00:06 fim-host fim-agent[33295]: {"event_id": "e1abeb19-f5e7-44a4-92c3-8e3d06286273", "path": "/srv/fim-watch/critico/gen_00011.txt", "action": "alert_only", "action_failed": false, "event": "decision.evaluated", "level": "info", "timestamp": "2026-09-18T04:00:06.452376Z"}
Sep 18 01:00:06 fim-host fim-agent[33295]: {"event_id": "e1abeb19-f5e7-44a4-92c3-8e3d06286273", "event": "publisher.event_published", "level": "info", "timestamp": "2026-09-18T04:00:06.463790Z"}
Sep 18 01:00:06 fim-host fim-agent[33295]: {"path": "/srv/fim-watch/critico/gen_00011.txt", "event_type": "file_modified", "event_id": "e1abeb19-f5e7-44a4-92c3-8e3d06286273", "event": "detector.change_detected", "level": "info", "timestamp": "2026-09-18T04:00:06.468959Z"}
Sep 18 01:00:06 fim-host fim-agent[33295]: {"event_id": "e1abeb19-f5e7-44a4-92c3-8e3d06286273", "event": "publisher.event_acked", "level": "info", "timestamp": "2026-09-18T04:00:06.470699Z"}
Sep 18 01:00:10 fim-host fim-agent[33295]: {"event_id": "6d532c4f-b71d-4512-950e-63920f4d1b7a", "path": "/srv/fim-watch/critico/gen_00011.txt", "action": "alert_only", "action_failed": false, "event": "decision.evaluated", "level": "info", "timestamp": "2026-09-18T04:00:10.050595Z"}
Sep 18 01:00:10 fim-host fim-agent[33295]: {"event_id": "6d532c4f-b71d-4512-950e-63920f4d1b7a", "event": "publisher.event_published", "level": "info", "timestamp": "2026-09-18T04:00:10.060017Z"}
Sep 18 01:00:10 fim-host fim-agent[33295]: {"path": "/srv/fim-watch/critico/gen_00011.txt", "event_type": "file_modified", "event_id": "6d532c4f-b71d-4512-950e-63920f4d1b7a", "event": "detector.change_detected", "level": "info", "timestamp": "2026-09-18T04:00:10.064154Z"}
Sep 18 01:00:10 fim-host fim-agent[33295]: {"event_id": "6d532c4f-b71d-4512-950e-63920f4d1b7a", "event": "publisher.event_acked", "level": "info", "timestamp": "2026-09-18T04:00:10.068321Z"}
Sep 18 01:00:13 fim-host fim-agent[33295]: {"event_id": "8ac7bef0-7904-4ed4-9849-86e9cb043881", "path": "/srv/fim-watch/gen_00017.txt", "action": "alert_only", "action_failed": false, "event": "decision.evaluated", "level": "info", "timestamp": "2026-09-18T04:00:13.649613Z"}
Sep 18 01:00:13 fim-host fim-agent[33295]: {"event_id": "8ac7bef0-7904-4ed4-9849-86e9cb043881", "event": "publisher.event_published", "level": "info", "timestamp": "2026-09-18T04:00:13.658981Z"}
Sep 18 01:00:13 fim-host fim-agent[33295]: {"path": "/srv/fim-watch/gen_00017.txt", "event_type": "file_modified", "event_id": "8ac7bef0-7904-4ed4-9849-86e9cb043881", "event": "detector.change_detected", "level": "info", "timestamp": "2026-09-18T04:00:13.663619Z"}
Sep 18 01:00:13 fim-host fim-agent[33295]: {"event_id": "8ac7bef0-7904-4ed4-9849-86e9cb043881", "event": "publisher.event_acked", "level": "info", "timestamp": "2026-09-18T04:00:13.667695Z"}
Sep 18 01:00:17 fim-host fim-agent[33295]: {"event_id": "879381f0-e473-4899-b487-b3ecc0a6acb4", "path": "/srv/fim-watch/gen_00003.txt", "action": "alert_only", "action_failed": false, "event": "decision.evaluated", "level": "info", "timestamp": "2026-09-18T04:00:17.253658Z"}
Sep 18 01:00:17 fim-host fim-agent[33295]: {"event_id": "879381f0-e473-4899-b487-b3ecc0a6acb4", "event": "publisher.event_published", "level": "info", "timestamp": "2026-09-18T04:00:17.266049Z"}
Sep 18 01:00:17 fim-host fim-agent[33295]: {"path": "/srv/fim-watch/gen_00003.txt", "event_type": "file_modified", "event_id": "879381f0-e473-4899-b487-b3ecc0a6acb4", "event": "detector.change_detected", "level": "info", "timestamp": "2026-09-18T04:00:17.272149Z"}
Sep 18 01:00:17 fim-host fim-agent[33295]: {"event_id": "879381f0-e473-4899-b487-b3ecc0a6acb4", "event": "publisher.event_acked", "level": "info", "timestamp": "2026-09-18T04:00:17.277917Z"}
Sep 18 01:00:20 fim-host fim-agent[33295]: {"event_id": "997354d8-048b-4ceb-863d-dcf102cadfde", "path": "/srv/fim-watch/gen_00003.txt", "action": "alert_only", "action_failed": false, "event": "decision.evaluated", "level": "info", "timestamp": "2026-09-18T04:00:20.852627Z"}
Sep 18 01:00:20 fim-host fim-agent[33295]: {"event_id": "997354d8-048b-4ceb-863d-dcf102cadfde", "event": "publisher.event_published", "level": "info", "timestamp": "2026-09-18T04:00:20.873477Z"}
Sep 18 01:00:20 fim-host fim-agent[33295]: {"path": "/srv/fim-watch/gen_00003.txt", "event_type": "file_modified", "event_id": "997354d8-048b-4ceb-863d-dcf102cadfde", "event": "detector.change_detected", "level": "info", "timestamp": "2026-09-18T04:00:20.880146Z"}
Sep 18 01:00:20 fim-host fim-agent[33295]: {"event_id": "997354d8-048b-4ceb-863d-dcf102cadfde", "event": "publisher.event_acked", "level": "info", "timestamp": "2026-09-18T04:00:20.883739Z"}
Sep 18 01:00:24 fim-host fim-agent[33295]: {"event_id": "6769a708-1176-43bc-af3b-fcf5352f2163", "path": "/srv/fim-watch/critico/gen_00010.txt", "action": "alert_only", "action_failed": false, "event": "decision.evaluated", "level": "info", "timestamp": "2026-09-18T04:00:24.447149Z"}
Sep 18 01:00:24 fim-host fim-agent[33295]: {"event_id": "6769a708-1176-43bc-af3b-fcf5352f2163", "event": "publisher.event_published", "level": "info", "timestamp": "2026-09-18T04:00:24.455637Z"}
Sep 18 01:00:24 fim-host fim-agent[33295]: {"path": "/srv/fim-watch/critico/gen_00010.txt", "event_type": "file_modified", "event_id": "6769a708-1176-43bc-af3b-fcf5352f2163", "event": "detector.change_detected", "level": "info", "timestamp": "2026-09-18T04:00:24.459719Z"}
Sep 18 01:00:24 fim-host fim-agent[33295]: {"event_id": "6769a708-1176-43bc-af3b-fcf5352f2163", "event": "publisher.event_acked", "level": "info", "timestamp": "2026-09-18T04:00:24.467434Z"}
Sep 18 01:00:28 fim-host fim-agent[33295]: {"event_id": "e4ca5c99-c63c-43eb-924e-faeed8b3630c", "path": "/srv/fim-watch/gen_00008.txt", "action": "alert_only", "action_failed": false, "event": "decision.evaluated", "level": "info", "timestamp": "2026-09-18T04:00:28.049999Z"}
Sep 18 01:00:28 fim-host fim-agent[33295]: {"event_id": "e4ca5c99-c63c-43eb-924e-faeed8b3630c", "event": "publisher.event_published", "level": "info", "timestamp": "2026-09-18T04:00:28.057354Z"}
Sep 18 01:00:28 fim-host fim-agent[33295]: {"path": "/srv/fim-watch/gen_00008.txt", "event_type": "file_deleted", "event_id": "e4ca5c99-c63c-43eb-924e-faeed8b3630c", "event": "detector.change_detected", "level": "info", "timestamp": "2026-09-18T04:00:28.059874Z"}
Sep 18 01:00:28 fim-host fim-agent[33295]: {"event_id": "e4ca5c99-c63c-43eb-924e-faeed8b3630c", "event": "publisher.event_acked", "level": "info", "timestamp": "2026-09-18T04:00:28.062397Z"}
Sep 18 01:00:31 fim-host fim-agent[33295]: {"event_id": "305cfa1f-f6be-40b6-b3ce-da209a6ce215", "path": "/srv/fim-watch/critico/gen_00010.txt", "action": "alert_only", "action_failed": false, "event": "decision.evaluated", "level": "info", "timestamp": "2026-09-18T04:00:31.650436Z"}
Sep 18 01:00:31 fim-host fim-agent[33295]: {"event_id": "305cfa1f-f6be-40b6-b3ce-da209a6ce215", "event": "publisher.event_published", "level": "info", "timestamp": "2026-09-18T04:00:31.660658Z"}
Sep 18 01:00:31 fim-host fim-agent[33295]: {"path": "/srv/fim-watch/critico/gen_00010.txt", "event_type": "file_modified", "event_id": "305cfa1f-f6be-40b6-b3ce-da209a6ce215", "event": "detector.change_detected", "level": "info", "timestamp": "2026-09-18T04:00:31.665345Z"}
Sep 18 01:00:31 fim-host fim-agent[33295]: {"event_id": "305cfa1f-f6be-40b6-b3ce-da209a6ce215", "event": "publisher.event_acked", "level": "info", "timestamp": "2026-09-18T04:00:31.667631Z"}
Sep 18 01:00:35 fim-host fim-agent[33295]: {"event_id": "9763b822-6b8a-46c3-a649-2e544e5b4eec", "path": "/srv/fim-watch/gen_00013.txt", "action": "alert_only", "action_failed": false, "event": "decision.evaluated", "level": "info", "timestamp": "2026-09-18T04:00:35.252749Z"}
Sep 18 01:00:35 fim-host fim-agent[33295]: {"event_id": "9763b822-6b8a-46c3-a649-2e544e5b4eec", "event": "publisher.event_published", "level": "info", "timestamp": "2026-09-18T04:00:35.263592Z"}
Sep 18 01:00:35 fim-host fim-agent[33295]: {"path": "/srv/fim-watch/gen_00013.txt", "event_type": "file_modified", "event_id": "9763b822-6b8a-46c3-a649-2e544e5b4eec", "event": "detector.change_detected", "level": "info", "timestamp": "2026-09-18T04:00:35.268215Z"}
Sep 18 01:00:35 fim-host fim-agent[33295]: {"event_id": "9763b822-6b8a-46c3-a649-2e544e5b4eec", "event": "publisher.event_acked", "level": "info", "timestamp": "2026-09-18T04:00:35.270109Z"}
Sep 18 01:00:38 fim-host fim-agent[33295]: {"event_id": "921dc19a-1d9f-448f-9ad4-b6bca93bd7b3", "path": "/srv/fim-watch/gen_00012.txt", "action": "alert_only", "action_failed": false, "event": "decision.evaluated", "level": "info", "timestamp": "2026-09-18T04:00:38.848711Z"}
Sep 18 01:00:38 fim-host fim-agent[33295]: {"event_id": "921dc19a-1d9f-448f-9ad4-b6bca93bd7b3", "event": "publisher.event_published", "level": "info", "timestamp": "2026-09-18T04:00:38.862567Z"}
Sep 18 01:00:38 fim-host fim-agent[33295]: {"path": "/srv/fim-watch/gen_00012.txt", "event_type": "file_deleted", "event_id": "921dc19a-1d9f-448f-9ad4-b6bca93bd7b3", "event": "detector.change_detected", "level": "info", "timestamp": "2026-09-18T04:00:38.867455Z"}
Sep 18 01:00:38 fim-host fim-agent[33295]: {"event_id": "921dc19a-1d9f-448f-9ad4-b6bca93bd7b3", "event": "publisher.event_acked", "level": "info", "timestamp": "2026-09-18T04:00:38.872060Z"}
Sep 18 01:00:42 fim-host fim-agent[33295]: {"event_id": "8eff1d07-dba2-462d-83ef-d2c8f736100e", "path": "/srv/fim-watch/gen_00016.txt", "action": "alert_only", "action_failed": false, "event": "decision.evaluated", "level": "info", "timestamp": "2026-09-18T04:00:42.451197Z"}
Sep 18 01:00:42 fim-host fim-agent[33295]: {"event_id": "8eff1d07-dba2-462d-83ef-d2c8f736100e", "event": "publisher.event_published", "level": "info", "timestamp": "2026-09-18T04:00:42.466337Z"}
Sep 18 01:00:42 fim-host fim-agent[33295]: {"path": "/srv/fim-watch/gen_00016.txt", "event_type": "file_deleted", "event_id": "8eff1d07-dba2-462d-83ef-d2c8f736100e", "event": "detector.change_detected", "level": "info", "timestamp": "2026-09-18T04:00:42.470403Z"}
Sep 18 01:00:42 fim-host fim-agent[33295]: {"event_id": "8eff1d07-dba2-462d-83ef-d2c8f736100e", "event": "publisher.event_acked", "level": "info", "timestamp": "2026-09-18T04:00:42.472028Z"}
Sep 18 01:00:46 fim-host fim-agent[33295]: {"event_id": "e70c7fad-0d00-4df2-b215-4e41d377c31d", "path": "/srv/fim-watch/gen_00015.txt", "action": "alert_only", "action_failed": false, "event": "decision.evaluated", "level": "info", "timestamp": "2026-09-18T04:00:46.041391Z"}
Sep 18 01:00:46 fim-host fim-agent[33295]: {"event_id": "e70c7fad-0d00-4df2-b215-4e41d377c31d", "event": "publisher.event_published", "level": "info", "timestamp": "2026-09-18T04:00:46.052446Z"}
Sep 18 01:00:46 fim-host fim-agent[33295]: {"path": "/srv/fim-watch/gen_00015.txt", "event_type": "file_modified", "event_id": "e70c7fad-0d00-4df2-b215-4e41d377c31d", "event": "detector.change_detected", "level": "info", "timestamp": "2026-09-18T04:00:46.057671Z"}
Sep 18 01:00:46 fim-host fim-agent[33295]: {"event_id": "e70c7fad-0d00-4df2-b215-4e41d377c31d", "event": "publisher.event_acked", "level": "info", "timestamp": "2026-09-18T04:00:46.059536Z"}
Sep 18 01:00:49 fim-host fim-agent[33295]: {"event_id": "79423d41-a0c4-4de9-a05e-be534a65e903", "path": "/srv/fim-watch/critico/gen_00018.txt", "action": "alert_only", "action_failed": false, "event": "decision.evaluated", "level": "info", "timestamp": "2026-09-18T04:00:49.647460Z"}
Sep 18 01:00:49 fim-host fim-agent[33295]: {"event_id": "79423d41-a0c4-4de9-a05e-be534a65e903", "event": "publisher.event_published", "level": "info", "timestamp": "2026-09-18T04:00:49.655120Z"}
Sep 18 01:00:49 fim-host fim-agent[33295]: {"path": "/srv/fim-watch/critico/gen_00018.txt", "event_type": "file_modified", "event_id": "79423d41-a0c4-4de9-a05e-be534a65e903", "event": "detector.change_detected", "level": "info", "timestamp": "2026-09-18T04:00:49.657871Z"}
Sep 18 01:00:49 fim-host fim-agent[33295]: {"event_id": "79423d41-a0c4-4de9-a05e-be534a65e903", "event": "publisher.event_acked", "level": "info", "timestamp": "2026-09-18T04:00:49.660711Z"}
Sep 18 01:00:53 fim-host fim-agent[33295]: {"event_id": "2cfa35a1-2c93-4643-a93c-4ef500178fbf", "path": "/srv/fim-watch/critico/gen_00018.txt", "action": "alert_only", "action_failed": false, "event": "decision.evaluated", "level": "info", "timestamp": "2026-09-18T04:00:53.248507Z"}
Sep 18 01:00:53 fim-host fim-agent[33295]: {"event_id": "2cfa35a1-2c93-4643-a93c-4ef500178fbf", "event": "publisher.event_published", "level": "info", "timestamp": "2026-09-18T04:00:53.258672Z"}
Sep 18 01:00:53 fim-host fim-agent[33295]: {"path": "/srv/fim-watch/critico/gen_00018.txt", "event_type": "file_deleted", "event_id": "2cfa35a1-2c93-4643-a93c-4ef500178fbf", "event": "detector.change_detected", "level": "info", "timestamp": "2026-09-18T04:00:53.261785Z"}
Sep 18 01:00:53 fim-host fim-agent[33295]: {"event_id": "2cfa35a1-2c93-4643-a93c-4ef500178fbf", "event": "publisher.event_acked", "level": "info", "timestamp": "2026-09-18T04:00:53.263486Z"}
Sep 18 01:00:56 fim-host fim-agent[33295]: {"event_id": "f17de1ad-26a4-4670-9825-67cec1bedfe9", "path": "/srv/fim-watch/critico/gen_00010.txt", "action": "alert_only", "action_failed": false, "event": "decision.evaluated", "level": "info", "timestamp": "2026-09-18T04:00:56.839237Z"}
Sep 18 01:00:56 fim-host fim-agent[33295]: {"event_id": "f17de1ad-26a4-4670-9825-67cec1bedfe9", "event": "publisher.event_published", "level": "info", "timestamp": "2026-09-18T04:00:56.848484Z"}
Sep 18 01:00:56 fim-host fim-agent[33295]: {"path": "/srv/fim-watch/critico/gen_00010.txt", "event_type": "file_modified", "event_id": "f17de1ad-26a4-4670-9825-67cec1bedfe9", "event": "detector.change_detected", "level": "info", "timestamp": "2026-09-18T04:00:56.852415Z"}
Sep 18 01:00:56 fim-host fim-agent[33295]: {"event_id": "f17de1ad-26a4-4670-9825-67cec1bedfe9", "event": "publisher.event_acked", "level": "info", "timestamp": "2026-09-18T04:00:56.854281Z"}
Sep 18 01:01:00 fim-host fim-agent[33295]: {"event_id": "fa818f0e-d789-4089-b660-35745b18b4d8", "path": "/srv/fim-watch/gen_00003.txt", "action": "alert_only", "action_failed": false, "event": "decision.evaluated", "level": "info", "timestamp": "2026-09-18T04:01:00.446067Z"}
Sep 18 01:01:00 fim-host fim-agent[33295]: {"event_id": "fa818f0e-d789-4089-b660-35745b18b4d8", "event": "publisher.event_published", "level": "info", "timestamp": "2026-09-18T04:01:00.457348Z"}
Sep 18 01:01:00 fim-host fim-agent[33295]: {"path": "/srv/fim-watch/gen_00003.txt", "event_type": "file_deleted", "event_id": "fa818f0e-d789-4089-b660-35745b18b4d8", "event": "detector.change_detected", "level": "info", "timestamp": "2026-09-18T04:01:00.460232Z"}
Sep 18 01:01:00 fim-host fim-agent[33295]: {"event_id": "fa818f0e-d789-4089-b660-35745b18b4d8", "event": "publisher.event_acked", "level": "info", "timestamp": "2026-09-18T04:01:00.468101Z"}
Sep 18 01:01:04 fim-host fim-agent[33295]: {"event_id": "5bae3240-c974-48ac-9b4e-ae183497dbba", "path": "/srv/fim-watch/gen_00019.txt", "action": "alert_only", "action_failed": false, "event": "decision.evaluated", "level": "info", "timestamp": "2026-09-18T04:01:04.047146Z"}
Sep 18 01:01:04 fim-host fim-agent[33295]: {"event_id": "5bae3240-c974-48ac-9b4e-ae183497dbba", "event": "publisher.event_published", "level": "info", "timestamp": "2026-09-18T04:01:04.058036Z"}
Sep 18 01:01:04 fim-host fim-agent[33295]: {"path": "/srv/fim-watch/gen_00019.txt", "event_type": "file_modified", "event_id": "5bae3240-c974-48ac-9b4e-ae183497dbba", "event": "detector.change_detected", "level": "info", "timestamp": "2026-09-18T04:01:04.062344Z"}
Sep 18 01:01:04 fim-host fim-agent[33295]: {"event_id": "5bae3240-c974-48ac-9b4e-ae183497dbba", "event": "publisher.event_acked", "level": "info", "timestamp": "2026-09-18T04:01:04.069324Z"}
Sep 18 01:01:07 fim-host fim-agent[33295]: {"event_id": "de149207-a733-4e45-bb80-2dd06b9c735e", "path": "/srv/fim-watch/critico/gen_00011.txt", "action": "alert_only", "action_failed": false, "event": "decision.evaluated", "level": "info", "timestamp": "2026-09-18T04:01:07.638716Z"}
Sep 18 01:01:07 fim-host fim-agent[33295]: {"event_id": "de149207-a733-4e45-bb80-2dd06b9c735e", "event": "publisher.event_published", "level": "info", "timestamp": "2026-09-18T04:01:07.652229Z"}
Sep 18 01:01:07 fim-host fim-agent[33295]: {"path": "/srv/fim-watch/critico/gen_00011.txt", "event_type": "file_modified", "event_id": "de149207-a733-4e45-bb80-2dd06b9c735e", "event": "detector.change_detected", "level": "info", "timestamp": "2026-09-18T04:01:07.656795Z"}
Sep 18 01:01:07 fim-host fim-agent[33295]: {"event_id": "de149207-a733-4e45-bb80-2dd06b9c735e", "event": "publisher.event_acked", "level": "info", "timestamp": "2026-09-18T04:01:07.662487Z"}
Sep 18 01:01:11 fim-host fim-agent[33295]: {"event_id": "cf3fa772-e7cd-45ce-b920-a646dc4e50c8", "path": "/srv/fim-watch/gen_00020.txt", "action": "alert_only", "action_failed": false, "event": "decision.evaluated", "level": "info", "timestamp": "2026-09-18T04:01:11.248183Z"}
Sep 18 01:01:11 fim-host fim-agent[33295]: {"event_id": "cf3fa772-e7cd-45ce-b920-a646dc4e50c8", "event": "publisher.event_published", "level": "info", "timestamp": "2026-09-18T04:01:11.261402Z"}
Sep 18 01:01:11 fim-host fim-agent[33295]: {"path": "/srv/fim-watch/gen_00020.txt", "event_type": "file_modified", "event_id": "cf3fa772-e7cd-45ce-b920-a646dc4e50c8", "event": "detector.change_detected", "level": "info", "timestamp": "2026-09-18T04:01:11.266786Z"}
Sep 18 01:01:11 fim-host fim-agent[33295]: {"event_id": "cf3fa772-e7cd-45ce-b920-a646dc4e50c8", "event": "publisher.event_acked", "level": "info", "timestamp": "2026-09-18T04:01:11.272347Z"}
Sep 18 01:01:14 fim-host fim-agent[33295]: {"event_id": "952aa83e-a0ac-4bcf-b7e0-8cbee3b7ef41", "path": "/srv/fim-watch/gen_00017.txt", "action": "alert_only", "action_failed": false, "event": "decision.evaluated", "level": "info", "timestamp": "2026-09-18T04:01:14.835725Z"}
Sep 18 01:01:14 fim-host fim-agent[33295]: {"event_id": "952aa83e-a0ac-4bcf-b7e0-8cbee3b7ef41", "event": "publisher.event_published", "level": "info", "timestamp": "2026-09-18T04:01:14.843309Z"}
Sep 18 01:01:14 fim-host fim-agent[33295]: {"path": "/srv/fim-watch/gen_00017.txt", "event_type": "file_modified", "event_id": "952aa83e-a0ac-4bcf-b7e0-8cbee3b7ef41", "event": "detector.change_detected", "level": "info", "timestamp": "2026-09-18T04:01:14.847159Z"}
Sep 18 01:01:14 fim-host fim-agent[33295]: {"event_id": "952aa83e-a0ac-4bcf-b7e0-8cbee3b7ef41", "event": "publisher.event_acked", "level": "info", "timestamp": "2026-09-18T04:01:14.853229Z"}
Sep 18 01:01:18 fim-host fim-agent[33295]: {"event_id": "a17eb793-667c-4ce6-8d09-9ad182939d11", "path": "/srv/fim-watch/gen_00015.txt", "action": "alert_only", "action_failed": false, "event": "decision.evaluated", "level": "info", "timestamp": "2026-09-18T04:01:18.438527Z"}
Sep 18 01:01:18 fim-host fim-agent[33295]: {"event_id": "a17eb793-667c-4ce6-8d09-9ad182939d11", "event": "publisher.event_published", "level": "info", "timestamp": "2026-09-18T04:01:18.449629Z"}
Sep 18 01:01:18 fim-host fim-agent[33295]: {"path": "/srv/fim-watch/gen_00015.txt", "event_type": "file_modified", "event_id": "a17eb793-667c-4ce6-8d09-9ad182939d11", "event": "detector.change_detected", "level": "info", "timestamp": "2026-09-18T04:01:18.453464Z"}
Sep 18 01:01:18 fim-host fim-agent[33295]: {"event_id": "a17eb793-667c-4ce6-8d09-9ad182939d11", "event": "publisher.event_acked", "level": "info", "timestamp": "2026-09-18T04:01:18.455628Z"}
Sep 18 01:01:22 fim-host fim-agent[33295]: {"event_id": "92bccea1-8510-4839-b06a-fd55eca9dfdd", "path": "/srv/fim-watch/critico/gen_00021.txt", "action": "alert_only", "action_failed": false, "event": "decision.evaluated", "level": "info", "timestamp": "2026-09-18T04:01:22.049699Z"}
Sep 18 01:01:22 fim-host fim-agent[33295]: {"event_id": "92bccea1-8510-4839-b06a-fd55eca9dfdd", "event": "publisher.event_published", "level": "info", "timestamp": "2026-09-18T04:01:22.064449Z"}
Sep 18 01:01:22 fim-host fim-agent[33295]: {"path": "/srv/fim-watch/critico/gen_00021.txt", "event_type": "file_modified", "event_id": "92bccea1-8510-4839-b06a-fd55eca9dfdd", "event": "detector.change_detected", "level": "info", "timestamp": "2026-09-18T04:01:22.070340Z"}
Sep 18 01:01:22 fim-host fim-agent[33295]: {"event_id": "92bccea1-8510-4839-b06a-fd55eca9dfdd", "event": "publisher.event_acked", "level": "info", "timestamp": "2026-09-18T04:01:22.075385Z"}
Sep 18 01:01:25 fim-host fim-agent[33295]: {"event_id": "e7c19e96-9801-4343-b4f6-aba8b2868757", "path": "/srv/fim-watch/critico/gen_00022.txt", "action": "alert_only", "action_failed": false, "event": "decision.evaluated", "level": "info", "timestamp": "2026-09-18T04:01:25.642974Z"}
Sep 18 01:01:25 fim-host fim-agent[33295]: {"event_id": "e7c19e96-9801-4343-b4f6-aba8b2868757", "event": "publisher.event_published", "level": "info", "timestamp": "2026-09-18T04:01:25.652331Z"}
Sep 18 01:01:25 fim-host fim-agent[33295]: {"path": "/srv/fim-watch/critico/gen_00022.txt", "event_type": "file_modified", "event_id": "e7c19e96-9801-4343-b4f6-aba8b2868757", "event": "detector.change_detected", "level": "info", "timestamp": "2026-09-18T04:01:25.656108Z"}
Sep 18 01:01:25 fim-host fim-agent[33295]: {"event_id": "e7c19e96-9801-4343-b4f6-aba8b2868757", "event": "publisher.event_acked", "level": "info", "timestamp": "2026-09-18T04:01:25.661956Z"}
Sep 18 01:01:29 fim-host fim-agent[33295]: {"event_id": "659fe55c-72e8-441f-874f-d59a318e2aa0", "path": "/srv/fim-watch/critico/gen_00011.txt", "action": "alert_only", "action_failed": false, "event": "decision.evaluated", "level": "info", "timestamp": "2026-09-18T04:01:29.250728Z"}
Sep 18 01:01:29 fim-host fim-agent[33295]: {"event_id": "659fe55c-72e8-441f-874f-d59a318e2aa0", "event": "publisher.event_published", "level": "info", "timestamp": "2026-09-18T04:01:29.262586Z"}
Sep 18 01:01:29 fim-host fim-agent[33295]: {"path": "/srv/fim-watch/critico/gen_00011.txt", "event_type": "file_modified", "event_id": "659fe55c-72e8-441f-874f-d59a318e2aa0", "event": "detector.change_detected", "level": "info", "timestamp": "2026-09-18T04:01:29.267279Z"}
Sep 18 01:01:29 fim-host fim-agent[33295]: {"event_id": "659fe55c-72e8-441f-874f-d59a318e2aa0", "event": "publisher.event_acked", "level": "info", "timestamp": "2026-09-18T04:01:29.269502Z"}
Sep 18 01:01:32 fim-host fim-agent[33295]: {"event_id": "c787dc9b-7960-4473-9164-7ed982accbf7", "path": "/srv/fim-watch/gen_00005.txt", "action": "alert_only", "action_failed": false, "event": "decision.evaluated", "level": "info", "timestamp": "2026-09-18T04:01:32.845274Z"}
Sep 18 01:01:32 fim-host fim-agent[33295]: {"event_id": "c787dc9b-7960-4473-9164-7ed982accbf7", "event": "publisher.event_published", "level": "info", "timestamp": "2026-09-18T04:01:32.855187Z"}
Sep 18 01:01:32 fim-host fim-agent[33295]: {"path": "/srv/fim-watch/gen_00005.txt", "event_type": "file_modified", "event_id": "c787dc9b-7960-4473-9164-7ed982accbf7", "event": "detector.change_detected", "level": "info", "timestamp": "2026-09-18T04:01:32.859428Z"}
Sep 18 01:01:32 fim-host fim-agent[33295]: {"event_id": "c787dc9b-7960-4473-9164-7ed982accbf7", "event": "publisher.event_acked", "level": "info", "timestamp": "2026-09-18T04:01:32.866493Z"}
Sep 18 01:01:36 fim-host fim-agent[33295]: {"event_id": "11a677d5-dd98-4c4f-9c64-89588d264448", "path": "/srv/fim-watch/gen_00023.txt", "action": "alert_only", "action_failed": false, "event": "decision.evaluated", "level": "info", "timestamp": "2026-09-18T04:01:36.446051Z"}
Sep 18 01:01:36 fim-host fim-agent[33295]: {"event_id": "11a677d5-dd98-4c4f-9c64-89588d264448", "event": "publisher.event_published", "level": "info", "timestamp": "2026-09-18T04:01:36.459573Z"}
Sep 18 01:01:36 fim-host fim-agent[33295]: {"path": "/srv/fim-watch/gen_00023.txt", "event_type": "file_modified", "event_id": "11a677d5-dd98-4c4f-9c64-89588d264448", "event": "detector.change_detected", "level": "info", "timestamp": "2026-09-18T04:01:36.464774Z"}
Sep 18 01:01:36 fim-host fim-agent[33295]: {"event_id": "11a677d5-dd98-4c4f-9c64-89588d264448", "event": "publisher.event_acked", "level": "info", "timestamp": "2026-09-18T04:01:36.470390Z"}
Sep 18 01:01:40 fim-host fim-agent[33295]: {"event_id": "e97b42f6-be7c-4ff4-8a3e-95b1feb042a0", "path": "/srv/fim-watch/gen_00014.txt", "action": "alert_only", "action_failed": false, "event": "decision.evaluated", "level": "info", "timestamp": "2026-09-18T04:01:40.047023Z"}
Sep 18 01:01:40 fim-host fim-agent[33295]: {"event_id": "e97b42f6-be7c-4ff4-8a3e-95b1feb042a0", "event": "publisher.event_published", "level": "info", "timestamp": "2026-09-18T04:01:40.060152Z"}
Sep 18 01:01:40 fim-host fim-agent[33295]: {"path": "/srv/fim-watch/gen_00014.txt", "event_type": "file_modified", "event_id": "e97b42f6-be7c-4ff4-8a3e-95b1feb042a0", "event": "detector.change_detected", "level": "info", "timestamp": "2026-09-18T04:01:40.065910Z"}
Sep 18 01:01:40 fim-host fim-agent[33295]: {"event_id": "e97b42f6-be7c-4ff4-8a3e-95b1feb042a0", "event": "publisher.event_acked", "level": "info", "timestamp": "2026-09-18T04:01:40.070520Z"}
Sep 18 01:01:43 fim-host fim-agent[33295]: {"event_id": "fca64be1-753c-482a-ac48-c785ea651076", "path": "/srv/fim-watch/gen_00015.txt", "action": "alert_only", "action_failed": false, "event": "decision.evaluated", "level": "info", "timestamp": "2026-09-18T04:01:43.645203Z"}
Sep 18 01:01:43 fim-host fim-agent[33295]: {"event_id": "fca64be1-753c-482a-ac48-c785ea651076", "event": "publisher.event_published", "level": "info", "timestamp": "2026-09-18T04:01:43.664939Z"}
Sep 18 01:01:43 fim-host fim-agent[33295]: {"path": "/srv/fim-watch/gen_00015.txt", "event_type": "file_deleted", "event_id": "fca64be1-753c-482a-ac48-c785ea651076", "event": "detector.change_detected", "level": "info", "timestamp": "2026-09-18T04:01:43.668094Z"}
Sep 18 01:01:43 fim-host fim-agent[33295]: {"event_id": "fca64be1-753c-482a-ac48-c785ea651076", "event": "publisher.event_acked", "level": "info", "timestamp": "2026-09-18T04:01:43.673065Z"}
Sep 18 01:01:47 fim-host fim-agent[33295]: {"event_id": "a5328cc8-2dda-4809-8cca-7f2c3df58da5", "path": "/srv/fim-watch/gen_00019.txt", "action": "alert_only", "action_failed": false, "event": "decision.evaluated", "level": "info", "timestamp": "2026-09-18T04:01:47.246064Z"}
Sep 18 01:01:47 fim-host fim-agent[33295]: {"event_id": "a5328cc8-2dda-4809-8cca-7f2c3df58da5", "event": "publisher.event_published", "level": "info", "timestamp": "2026-09-18T04:01:47.260242Z"}
Sep 18 01:01:47 fim-host fim-agent[33295]: {"path": "/srv/fim-watch/gen_00019.txt", "event_type": "file_modified", "event_id": "a5328cc8-2dda-4809-8cca-7f2c3df58da5", "event": "detector.change_detected", "level": "info", "timestamp": "2026-09-18T04:01:47.265696Z"}
Sep 18 01:01:47 fim-host fim-agent[33295]: {"event_id": "a5328cc8-2dda-4809-8cca-7f2c3df58da5", "event": "publisher.event_acked", "level": "info", "timestamp": "2026-09-18T04:01:47.267622Z"}
Sep 18 01:01:50 fim-host fim-agent[33295]: {"event_id": "aa9bd7cb-124e-4484-8353-f11717aca0a2", "path": "/srv/fim-watch/gen_00007.txt", "action": "alert_only", "action_failed": false, "event": "decision.evaluated", "level": "info", "timestamp": "2026-09-18T04:01:50.844686Z"}
Sep 18 01:01:50 fim-host fim-agent[33295]: {"event_id": "aa9bd7cb-124e-4484-8353-f11717aca0a2", "event": "publisher.event_published", "level": "info", "timestamp": "2026-09-18T04:01:50.856571Z"}
Sep 18 01:01:50 fim-host fim-agent[33295]: {"path": "/srv/fim-watch/gen_00007.txt", "event_type": "file_modified", "event_id": "aa9bd7cb-124e-4484-8353-f11717aca0a2", "event": "detector.change_detected", "level": "info", "timestamp": "2026-09-18T04:01:50.861667Z"}
Sep 18 01:01:50 fim-host fim-agent[33295]: {"event_id": "aa9bd7cb-124e-4484-8353-f11717aca0a2", "event": "publisher.event_acked", "level": "info", "timestamp": "2026-09-18T04:01:50.863987Z"}
Sep 18 01:01:54 fim-host fim-agent[33295]: {"event_id": "77d7dd0f-765e-43c5-bd65-bbaecfeac357", "path": "/srv/fim-watch/gen_00023.txt", "action": "alert_only", "action_failed": false, "event": "decision.evaluated", "level": "info", "timestamp": "2026-09-18T04:01:54.444296Z"}
Sep 18 01:01:54 fim-host fim-agent[33295]: {"event_id": "77d7dd0f-765e-43c5-bd65-bbaecfeac357", "event": "publisher.event_published", "level": "info", "timestamp": "2026-09-18T04:01:54.456303Z"}
Sep 18 01:01:54 fim-host fim-agent[33295]: {"path": "/srv/fim-watch/gen_00023.txt", "event_type": "file_modified", "event_id": "77d7dd0f-765e-43c5-bd65-bbaecfeac357", "event": "detector.change_detected", "level": "info", "timestamp": "2026-09-18T04:01:54.460685Z"}
Sep 18 01:01:54 fim-host fim-agent[33295]: {"event_id": "77d7dd0f-765e-43c5-bd65-bbaecfeac357", "event": "publisher.event_acked", "level": "info", "timestamp": "2026-09-18T04:01:54.462406Z"}
Sep 18 01:01:58 fim-host fim-agent[33295]: {"event_id": "cbc52955-0ca3-4a7c-9b70-6ae498fadf02", "path": "/srv/fim-watch/gen_00023.txt", "action": "alert_only", "action_failed": false, "event": "decision.evaluated", "level": "info", "timestamp": "2026-09-18T04:01:58.045928Z"}
Sep 18 01:01:58 fim-host fim-agent[33295]: {"event_id": "cbc52955-0ca3-4a7c-9b70-6ae498fadf02", "event": "publisher.event_published", "level": "info", "timestamp": "2026-09-18T04:01:58.058717Z"}
Sep 18 01:01:58 fim-host fim-agent[33295]: {"path": "/srv/fim-watch/gen_00023.txt", "event_type": "file_modified", "event_id": "cbc52955-0ca3-4a7c-9b70-6ae498fadf02", "event": "detector.change_detected", "level": "info", "timestamp": "2026-09-18T04:01:58.064773Z"}
Sep 18 01:01:58 fim-host fim-agent[33295]: {"event_id": "cbc52955-0ca3-4a7c-9b70-6ae498fadf02", "event": "publisher.event_acked", "level": "info", "timestamp": "2026-09-18T04:01:58.070739Z"}
Sep 18 01:02:01 fim-host fim-agent[33295]: {"event_id": "8b71cc1a-86b9-4c77-b0be-a929d099ad22", "path": "/srv/fim-watch/gen_00023.txt", "action": "alert_only", "action_failed": false, "event": "decision.evaluated", "level": "info", "timestamp": "2026-09-18T04:02:01.635054Z"}
Sep 18 01:02:01 fim-host fim-agent[33295]: {"event_id": "8b71cc1a-86b9-4c77-b0be-a929d099ad22", "event": "publisher.event_published", "level": "info", "timestamp": "2026-09-18T04:02:01.647284Z"}
Sep 18 01:02:01 fim-host fim-agent[33295]: {"path": "/srv/fim-watch/gen_00023.txt", "event_type": "file_modified", "event_id": "8b71cc1a-86b9-4c77-b0be-a929d099ad22", "event": "detector.change_detected", "level": "info", "timestamp": "2026-09-18T04:02:01.651113Z"}
Sep 18 01:02:01 fim-host fim-agent[33295]: {"event_id": "8b71cc1a-86b9-4c77-b0be-a929d099ad22", "event": "publisher.event_acked", "level": "info", "timestamp": "2026-09-18T04:02:01.656098Z"}
Sep 18 01:02:05 fim-host fim-agent[33295]: {"event_id": "b6e6e662-d41a-4dad-a6de-8189b93eadea", "path": "/srv/fim-watch/gen_00023.txt", "action": "alert_only", "action_failed": false, "event": "decision.evaluated", "level": "info", "timestamp": "2026-09-18T04:02:05.243336Z"}
Sep 18 01:02:05 fim-host fim-agent[33295]: {"event_id": "b6e6e662-d41a-4dad-a6de-8189b93eadea", "event": "publisher.event_published", "level": "info", "timestamp": "2026-09-18T04:02:05.255785Z"}
Sep 18 01:02:05 fim-host fim-agent[33295]: {"path": "/srv/fim-watch/gen_00023.txt", "event_type": "file_modified", "event_id": "b6e6e662-d41a-4dad-a6de-8189b93eadea", "event": "detector.change_detected", "level": "info", "timestamp": "2026-09-18T04:02:05.260060Z"}
Sep 18 01:02:05 fim-host fim-agent[33295]: {"event_id": "b6e6e662-d41a-4dad-a6de-8189b93eadea", "event": "publisher.event_acked", "level": "info", "timestamp": "2026-09-18T04:02:05.264068Z"}
Sep 18 01:02:08 fim-host fim-agent[33295]: {"event_id": "feef640b-725c-4776-b41e-0baa449d748a", "path": "/srv/fim-watch/gen_00023.txt", "action": "alert_only", "action_failed": false, "event": "decision.evaluated", "level": "info", "timestamp": "2026-09-18T04:02:08.838546Z"}
Sep 18 01:02:08 fim-host fim-agent[33295]: {"event_id": "feef640b-725c-4776-b41e-0baa449d748a", "event": "publisher.event_published", "level": "info", "timestamp": "2026-09-18T04:02:08.848100Z"}
Sep 18 01:02:08 fim-host fim-agent[33295]: {"path": "/srv/fim-watch/gen_00023.txt", "event_type": "file_modified", "event_id": "feef640b-725c-4776-b41e-0baa449d748a", "event": "detector.change_detected", "level": "info", "timestamp": "2026-09-18T04:02:08.851729Z"}
Sep 18 01:02:08 fim-host fim-agent[33295]: {"event_id": "feef640b-725c-4776-b41e-0baa449d748a", "event": "publisher.event_acked", "level": "info", "timestamp": "2026-09-18T04:02:08.852822Z"}
Sep 18 01:02:12 fim-host fim-agent[33295]: {"event_id": "bf838e6b-5ab9-4a40-a0a8-63f59230a505", "path": "/srv/fim-watch/gen_00013.txt", "action": "alert_only", "action_failed": false, "event": "decision.evaluated", "level": "info", "timestamp": "2026-09-18T04:02:12.442433Z"}
Sep 18 01:02:12 fim-host fim-agent[33295]: {"event_id": "bf838e6b-5ab9-4a40-a0a8-63f59230a505", "event": "publisher.event_published", "level": "info", "timestamp": "2026-09-18T04:02:12.453913Z"}
Sep 18 01:02:12 fim-host fim-agent[33295]: {"path": "/srv/fim-watch/gen_00013.txt", "event_type": "file_modified", "event_id": "bf838e6b-5ab9-4a40-a0a8-63f59230a505", "event": "detector.change_detected", "level": "info", "timestamp": "2026-09-18T04:02:12.458545Z"}
Sep 18 01:02:12 fim-host fim-agent[33295]: {"event_id": "bf838e6b-5ab9-4a40-a0a8-63f59230a505", "event": "publisher.event_acked", "level": "info", "timestamp": "2026-09-18T04:02:12.464260Z"}
Sep 18 01:02:16 fim-host fim-agent[33295]: {"event_id": "bf2fed51-9938-42a8-b427-b470c3345c33", "path": "/srv/fim-watch/gen_00005.txt", "action": "alert_only", "action_failed": false, "event": "decision.evaluated", "level": "info", "timestamp": "2026-09-18T04:02:16.033300Z"}
Sep 18 01:02:16 fim-host fim-agent[33295]: {"event_id": "bf2fed51-9938-42a8-b427-b470c3345c33", "event": "publisher.event_published", "level": "info", "timestamp": "2026-09-18T04:02:16.046147Z"}
Sep 18 01:02:16 fim-host fim-agent[33295]: {"path": "/srv/fim-watch/gen_00005.txt", "event_type": "file_modified", "event_id": "bf2fed51-9938-42a8-b427-b470c3345c33", "event": "detector.change_detected", "level": "info", "timestamp": "2026-09-18T04:02:16.051102Z"}
Sep 18 01:02:16 fim-host fim-agent[33295]: {"event_id": "bf2fed51-9938-42a8-b427-b470c3345c33", "event": "publisher.event_acked", "level": "info", "timestamp": "2026-09-18T04:02:16.055443Z"}
Sep 18 01:02:19 fim-host fim-agent[33295]: {"event_id": "01b38c9b-bed4-4407-8dba-6578b6d35a6d", "path": "/srv/fim-watch/critico/gen_00022.txt", "action": "alert_only", "action_failed": false, "event": "decision.evaluated", "level": "info", "timestamp": "2026-09-18T04:02:19.642723Z"}
Sep 18 01:02:19 fim-host fim-agent[33295]: {"event_id": "01b38c9b-bed4-4407-8dba-6578b6d35a6d", "event": "publisher.event_published", "level": "info", "timestamp": "2026-09-18T04:02:19.655126Z"}
Sep 18 01:02:19 fim-host fim-agent[33295]: {"path": "/srv/fim-watch/critico/gen_00022.txt", "event_type": "file_modified", "event_id": "01b38c9b-bed4-4407-8dba-6578b6d35a6d", "event": "detector.change_detected", "level": "info", "timestamp": "2026-09-18T04:02:19.660532Z"}
Sep 18 01:02:19 fim-host fim-agent[33295]: {"event_id": "01b38c9b-bed4-4407-8dba-6578b6d35a6d", "event": "publisher.event_acked", "level": "info", "timestamp": "2026-09-18T04:02:19.666658Z"}
Sep 18 01:02:23 fim-host fim-agent[33295]: {"event_id": "bbe09ce3-3fc3-4511-b361-7e864a8cd99b", "path": "/srv/fim-watch/gen_00023.txt", "action": "alert_only", "action_failed": false, "event": "decision.evaluated", "level": "info", "timestamp": "2026-09-18T04:02:23.240517Z"}
Sep 18 01:02:23 fim-host fim-agent[33295]: {"event_id": "bbe09ce3-3fc3-4511-b361-7e864a8cd99b", "event": "publisher.event_published", "level": "info", "timestamp": "2026-09-18T04:02:23.252410Z"}
Sep 18 01:02:23 fim-host fim-agent[33295]: {"path": "/srv/fim-watch/gen_00023.txt", "event_type": "file_modified", "event_id": "bbe09ce3-3fc3-4511-b361-7e864a8cd99b", "event": "detector.change_detected", "level": "info", "timestamp": "2026-09-18T04:02:23.258595Z"}
Sep 18 01:02:23 fim-host fim-agent[33295]: {"event_id": "bbe09ce3-3fc3-4511-b361-7e864a8cd99b", "event": "publisher.event_acked", "level": "info", "timestamp": "2026-09-18T04:02:23.264068Z"}
Sep 18 01:02:26 fim-host fim-agent[33295]: {"event_id": "95729e73-d6a9-471a-a7aa-09add5cae030", "path": "/srv/fim-watch/critico/gen_00024.txt", "action": "alert_only", "action_failed": false, "event": "decision.evaluated", "level": "info", "timestamp": "2026-09-18T04:02:26.844889Z"}
Sep 18 01:02:26 fim-host fim-agent[33295]: {"event_id": "95729e73-d6a9-471a-a7aa-09add5cae030", "event": "publisher.event_published", "level": "info", "timestamp": "2026-09-18T04:02:26.861986Z"}
Sep 18 01:02:26 fim-host fim-agent[33295]: {"path": "/srv/fim-watch/critico/gen_00024.txt", "event_type": "file_created", "event_id": "95729e73-d6a9-471a-a7aa-09add5cae030", "event": "detector.change_detected", "level": "info", "timestamp": "2026-09-18T04:02:26.867489Z"}
Sep 18 01:02:26 fim-host fim-agent[33295]: {"event_id": "95729e73-d6a9-471a-a7aa-09add5cae030", "event": "publisher.event_acked", "level": "info", "timestamp": "2026-09-18T04:02:26.872286Z"}
Sep 18 01:02:30 fim-host fim-agent[33295]: {"event_id": "d302a5cf-5435-4779-8559-5e306c2872af", "path": "/srv/fim-watch/critico/gen_00024.txt", "action": "alert_only", "action_failed": false, "event": "decision.evaluated", "level": "info", "timestamp": "2026-09-18T04:02:30.437479Z"}
Sep 18 01:02:30 fim-host fim-agent[33295]: {"event_id": "d302a5cf-5435-4779-8559-5e306c2872af", "event": "publisher.event_published", "level": "info", "timestamp": "2026-09-18T04:02:30.452991Z"}
Sep 18 01:02:30 fim-host fim-agent[33295]: {"path": "/srv/fim-watch/critico/gen_00024.txt", "event_type": "file_modified", "event_id": "d302a5cf-5435-4779-8559-5e306c2872af", "event": "detector.change_detected", "level": "info", "timestamp": "2026-09-18T04:02:30.458780Z"}
Sep 18 01:02:30 fim-host fim-agent[33295]: {"event_id": "d302a5cf-5435-4779-8559-5e306c2872af", "event": "publisher.event_acked", "level": "info", "timestamp": "2026-09-18T04:02:30.461603Z"}
Sep 18 01:02:34 fim-host fim-agent[33295]: {"event_id": "391cc164-c0a3-488f-ba91-35f92a4d89c8", "path": "/srv/fim-watch/critico/gen_00010.txt", "action": "alert_only", "action_failed": false, "event": "decision.evaluated", "level": "info", "timestamp": "2026-09-18T04:02:34.031058Z"}
Sep 18 01:02:34 fim-host fim-agent[33295]: {"event_id": "391cc164-c0a3-488f-ba91-35f92a4d89c8", "event": "publisher.event_published", "level": "info", "timestamp": "2026-09-18T04:02:34.042035Z"}
Sep 18 01:02:34 fim-host fim-agent[33295]: {"path": "/srv/fim-watch/critico/gen_00010.txt", "event_type": "file_deleted", "event_id": "391cc164-c0a3-488f-ba91-35f92a4d89c8", "event": "detector.change_detected", "level": "info", "timestamp": "2026-09-18T04:02:34.045260Z"}
Sep 18 01:02:34 fim-host fim-agent[33295]: {"event_id": "391cc164-c0a3-488f-ba91-35f92a4d89c8", "event": "publisher.event_acked", "level": "info", "timestamp": "2026-09-18T04:02:34.051292Z"}
Sep 18 01:02:37 fim-host fim-agent[33295]: {"event_id": "92096518-ce3b-4638-b333-da59024df2cb", "path": "/srv/fim-watch/gen_00025.txt", "action": "alert_only", "action_failed": false, "event": "decision.evaluated", "level": "info", "timestamp": "2026-09-18T04:02:37.641598Z"}
Sep 18 01:02:37 fim-host fim-agent[33295]: {"event_id": "92096518-ce3b-4638-b333-da59024df2cb", "event": "publisher.event_published", "level": "info", "timestamp": "2026-09-18T04:02:37.655224Z"}
Sep 18 01:02:37 fim-host fim-agent[33295]: {"path": "/srv/fim-watch/gen_00025.txt", "event_type": "file_modified", "event_id": "92096518-ce3b-4638-b333-da59024df2cb", "event": "detector.change_detected", "level": "info", "timestamp": "2026-09-18T04:02:37.660951Z"}
Sep 18 01:02:37 fim-host fim-agent[33295]: {"event_id": "92096518-ce3b-4638-b333-da59024df2cb", "event": "publisher.event_acked", "level": "info", "timestamp": "2026-09-18T04:02:37.667468Z"}
Sep 18 01:02:41 fim-host fim-agent[33295]: {"event_id": "49489472-566f-4b3a-adde-5db47b297635", "path": "/srv/fim-watch/critico/gen_00021.txt", "action": "alert_only", "action_failed": false, "event": "decision.evaluated", "level": "info", "timestamp": "2026-09-18T04:02:41.240896Z"}
Sep 18 01:02:41 fim-host fim-agent[33295]: {"event_id": "49489472-566f-4b3a-adde-5db47b297635", "event": "publisher.event_published", "level": "info", "timestamp": "2026-09-18T04:02:41.254368Z"}
Sep 18 01:02:41 fim-host fim-agent[33295]: {"path": "/srv/fim-watch/critico/gen_00021.txt", "event_type": "file_modified", "event_id": "49489472-566f-4b3a-adde-5db47b297635", "event": "detector.change_detected", "level": "info", "timestamp": "2026-09-18T04:02:41.259997Z"}
Sep 18 01:02:41 fim-host fim-agent[33295]: {"event_id": "49489472-566f-4b3a-adde-5db47b297635", "event": "publisher.event_acked", "level": "info", "timestamp": "2026-09-18T04:02:41.265015Z"}
Sep 18 01:02:44 fim-host fim-agent[33295]: {"event_id": "675b67ce-8ecb-4e09-a4c9-60b4c42aaccc", "path": "/srv/fim-watch/critico/gen_00021.txt", "action": "alert_only", "action_failed": false, "event": "decision.evaluated", "level": "info", "timestamp": "2026-09-18T04:02:44.840574Z"}
Sep 18 01:02:44 fim-host fim-agent[33295]: {"event_id": "675b67ce-8ecb-4e09-a4c9-60b4c42aaccc", "event": "publisher.event_published", "level": "info", "timestamp": "2026-09-18T04:02:44.861388Z"}
Sep 18 01:02:44 fim-host fim-agent[33295]: {"path": "/srv/fim-watch/critico/gen_00021.txt", "event_type": "file_deleted", "event_id": "675b67ce-8ecb-4e09-a4c9-60b4c42aaccc", "event": "detector.change_detected", "level": "info", "timestamp": "2026-09-18T04:02:44.868496Z"}
Sep 18 01:02:44 fim-host fim-agent[33295]: {"event_id": "675b67ce-8ecb-4e09-a4c9-60b4c42aaccc", "event": "publisher.event_acked", "level": "info", "timestamp": "2026-09-18T04:02:44.871782Z"}
Sep 18 01:02:48 fim-host fim-agent[33295]: {"event_id": "ec4368c2-2fe7-4ca1-8388-6c96508609b3", "path": "/srv/fim-watch/gen_00017.txt", "action": "alert_only", "action_failed": false, "event": "decision.evaluated", "level": "info", "timestamp": "2026-09-18T04:02:48.440732Z"}
Sep 18 01:02:48 fim-host fim-agent[33295]: {"event_id": "ec4368c2-2fe7-4ca1-8388-6c96508609b3", "event": "publisher.event_published", "level": "info", "timestamp": "2026-09-18T04:02:48.454128Z"}
Sep 18 01:02:48 fim-host fim-agent[33295]: {"path": "/srv/fim-watch/gen_00017.txt", "event_type": "file_modified", "event_id": "ec4368c2-2fe7-4ca1-8388-6c96508609b3", "event": "detector.change_detected", "level": "info", "timestamp": "2026-09-18T04:02:48.459614Z"}
Sep 18 01:02:48 fim-host fim-agent[33295]: {"event_id": "ec4368c2-2fe7-4ca1-8388-6c96508609b3", "event": "publisher.event_acked", "level": "info", "timestamp": "2026-09-18T04:02:48.466097Z"}
Sep 18 01:02:52 fim-host fim-agent[33295]: {"event_id": "7317def5-0875-4e5f-ad01-a971a13c8c25", "path": "/srv/fim-watch/gen_00017.txt", "action": "alert_only", "action_failed": false, "event": "decision.evaluated", "level": "info", "timestamp": "2026-09-18T04:02:52.042691Z"}
Sep 18 01:02:52 fim-host fim-agent[33295]: {"event_id": "7317def5-0875-4e5f-ad01-a971a13c8c25", "event": "publisher.event_published", "level": "info", "timestamp": "2026-09-18T04:02:52.058225Z"}
Sep 18 01:02:52 fim-host fim-agent[33295]: {"path": "/srv/fim-watch/gen_00017.txt", "event_type": "file_modified", "event_id": "7317def5-0875-4e5f-ad01-a971a13c8c25", "event": "detector.change_detected", "level": "info", "timestamp": "2026-09-18T04:02:52.064032Z"}
Sep 18 01:02:52 fim-host fim-agent[33295]: {"event_id": "7317def5-0875-4e5f-ad01-a971a13c8c25", "event": "publisher.event_acked", "level": "info", "timestamp": "2026-09-18T04:02:52.068431Z"}
Sep 18 01:02:55 fim-host fim-agent[33295]: {"event_id": "3125d544-2cfd-4828-aaac-50b9a307bddb", "path": "/srv/fim-watch/gen_00017.txt", "action": "alert_only", "action_failed": false, "event": "decision.evaluated", "level": "info", "timestamp": "2026-09-18T04:02:55.641770Z"}
Sep 18 01:02:55 fim-host fim-agent[33295]: {"event_id": "3125d544-2cfd-4828-aaac-50b9a307bddb", "event": "publisher.event_published", "level": "info", "timestamp": "2026-09-18T04:02:55.652426Z"}
Sep 18 01:02:55 fim-host fim-agent[33295]: {"path": "/srv/fim-watch/gen_00017.txt", "event_type": "file_modified", "event_id": "3125d544-2cfd-4828-aaac-50b9a307bddb", "event": "detector.change_detected", "level": "info", "timestamp": "2026-09-18T04:02:55.657018Z"}
Sep 18 01:02:55 fim-host fim-agent[33295]: {"event_id": "3125d544-2cfd-4828-aaac-50b9a307bddb", "event": "publisher.event_acked", "level": "info", "timestamp": "2026-09-18T04:02:55.661233Z"}
Sep 18 01:02:59 fim-host fim-agent[33295]: {"event_id": "afa6926e-dbac-44fa-baaf-d18efff3b5de", "path": "/srv/fim-watch/critico/gen_00024.txt", "action": "alert_only", "action_failed": false, "event": "decision.evaluated", "level": "info", "timestamp": "2026-09-18T04:02:59.240207Z"}
Sep 18 01:02:59 fim-host fim-agent[33295]: {"event_id": "afa6926e-dbac-44fa-baaf-d18efff3b5de", "event": "publisher.event_published", "level": "info", "timestamp": "2026-09-18T04:02:59.255121Z"}
Sep 18 01:02:59 fim-host fim-agent[33295]: {"path": "/srv/fim-watch/critico/gen_00024.txt", "event_type": "file_modified", "event_id": "afa6926e-dbac-44fa-baaf-d18efff3b5de", "event": "detector.change_detected", "level": "info", "timestamp": "2026-09-18T04:02:59.261412Z"}
Sep 18 01:02:59 fim-host fim-agent[33295]: {"event_id": "afa6926e-dbac-44fa-baaf-d18efff3b5de", "event": "publisher.event_acked", "level": "info", "timestamp": "2026-09-18T04:02:59.265768Z"}
Sep 18 01:03:02 fim-host fim-agent[33295]: {"event_id": "8efa8252-da5f-4102-8e25-f1b910949f1e", "path": "/srv/fim-watch/gen_00007.txt", "action": "alert_only", "action_failed": false, "event": "decision.evaluated", "level": "info", "timestamp": "2026-09-18T04:03:02.831652Z"}
Sep 18 01:03:02 fim-host fim-agent[33295]: {"event_id": "8efa8252-da5f-4102-8e25-f1b910949f1e", "event": "publisher.event_published", "level": "info", "timestamp": "2026-09-18T04:03:02.847714Z"}
Sep 18 01:03:02 fim-host fim-agent[33295]: {"path": "/srv/fim-watch/gen_00007.txt", "event_type": "file_deleted", "event_id": "8efa8252-da5f-4102-8e25-f1b910949f1e", "event": "detector.change_detected", "level": "info", "timestamp": "2026-09-18T04:03:02.852200Z"}
Sep 18 01:03:02 fim-host fim-agent[33295]: {"event_id": "8efa8252-da5f-4102-8e25-f1b910949f1e", "event": "publisher.event_acked", "level": "info", "timestamp": "2026-09-18T04:03:02.854049Z"}
Sep 18 01:03:06 fim-host fim-agent[33295]: {"event_id": "11bf1e54-c3d6-4f47-8086-f8b80f7ad136", "path": "/srv/fim-watch/gen_00017.txt", "action": "alert_only", "action_failed": false, "event": "decision.evaluated", "level": "info", "timestamp": "2026-09-18T04:03:06.435591Z"}
Sep 18 01:03:06 fim-host fim-agent[33295]: {"event_id": "11bf1e54-c3d6-4f47-8086-f8b80f7ad136", "event": "publisher.event_published", "level": "info", "timestamp": "2026-09-18T04:03:06.444806Z"}
Sep 18 01:03:06 fim-host fim-agent[33295]: {"path": "/srv/fim-watch/gen_00017.txt", "event_type": "file_modified", "event_id": "11bf1e54-c3d6-4f47-8086-f8b80f7ad136", "event": "detector.change_detected", "level": "info", "timestamp": "2026-09-18T04:03:06.448240Z"}
Sep 18 01:03:06 fim-host fim-agent[33295]: {"event_id": "11bf1e54-c3d6-4f47-8086-f8b80f7ad136", "event": "publisher.event_acked", "level": "info", "timestamp": "2026-09-18T04:03:06.453157Z"}
Sep 18 01:03:10 fim-host fim-agent[33295]: {"event_id": "52bd2282-c8ed-4b34-9995-141da1745229", "path": "/srv/fim-watch/gen_00014.txt", "action": "alert_only", "action_failed": false, "event": "decision.evaluated", "level": "info", "timestamp": "2026-09-18T04:03:10.040392Z"}
Sep 18 01:03:10 fim-host fim-agent[33295]: {"event_id": "52bd2282-c8ed-4b34-9995-141da1745229", "event": "publisher.event_published", "level": "info", "timestamp": "2026-09-18T04:03:10.055504Z"}
Sep 18 01:03:10 fim-host fim-agent[33295]: {"path": "/srv/fim-watch/gen_00014.txt", "event_type": "file_modified", "event_id": "52bd2282-c8ed-4b34-9995-141da1745229", "event": "detector.change_detected", "level": "info", "timestamp": "2026-09-18T04:03:10.062273Z"}
Sep 18 01:03:10 fim-host fim-agent[33295]: {"event_id": "52bd2282-c8ed-4b34-9995-141da1745229", "event": "publisher.event_acked", "level": "info", "timestamp": "2026-09-18T04:03:10.065635Z"}
Sep 18 01:03:13 fim-host fim-agent[33295]: {"event_id": "7af6e0df-5b02-4a28-b168-fbf41d8e347b", "path": "/srv/fim-watch/gen_00026.txt", "action": "alert_only", "action_failed": false, "event": "decision.evaluated", "level": "info", "timestamp": "2026-09-18T04:03:13.641197Z"}
Sep 18 01:03:13 fim-host fim-agent[33295]: {"event_id": "7af6e0df-5b02-4a28-b168-fbf41d8e347b", "event": "publisher.event_published", "level": "info", "timestamp": "2026-09-18T04:03:13.655295Z"}
Sep 18 01:03:13 fim-host fim-agent[33295]: {"path": "/srv/fim-watch/gen_00026.txt", "event_type": "file_modified", "event_id": "7af6e0df-5b02-4a28-b168-fbf41d8e347b", "event": "detector.change_detected", "level": "info", "timestamp": "2026-09-18T04:03:13.660831Z"}
Sep 18 01:03:13 fim-host fim-agent[33295]: {"event_id": "7af6e0df-5b02-4a28-b168-fbf41d8e347b", "event": "publisher.event_acked", "level": "info", "timestamp": "2026-09-18T04:03:13.667124Z"}
Sep 18 01:03:17 fim-host fim-agent[33295]: {"event_id": "dc8cdc1f-b7b4-4d32-8d6c-149acb562402", "path": "/srv/fim-watch/gen_00005.txt", "action": "alert_only", "action_failed": false, "event": "decision.evaluated", "level": "info", "timestamp": "2026-09-18T04:03:17.237906Z"}
Sep 18 01:03:17 fim-host fim-agent[33295]: {"event_id": "dc8cdc1f-b7b4-4d32-8d6c-149acb562402", "event": "publisher.event_published", "level": "info", "timestamp": "2026-09-18T04:03:17.255674Z"}
Sep 18 01:03:17 fim-host fim-agent[33295]: {"path": "/srv/fim-watch/gen_00005.txt", "event_type": "file_deleted", "event_id": "dc8cdc1f-b7b4-4d32-8d6c-149acb562402", "event": "detector.change_detected", "level": "info", "timestamp": "2026-09-18T04:03:17.261327Z"}
Sep 18 01:03:17 fim-host fim-agent[33295]: {"event_id": "dc8cdc1f-b7b4-4d32-8d6c-149acb562402", "event": "publisher.event_acked", "level": "info", "timestamp": "2026-09-18T04:03:17.264620Z"}
Sep 18 01:03:20 fim-host fim-agent[33295]: {"event_id": "b846c82c-709b-40bb-8c86-47b0ffe42ebb", "path": "/srv/fim-watch/gen_00023.txt", "action": "alert_only", "action_failed": false, "event": "decision.evaluated", "level": "info", "timestamp": "2026-09-18T04:03:20.840070Z"}
Sep 18 01:03:20 fim-host fim-agent[33295]: {"event_id": "b846c82c-709b-40bb-8c86-47b0ffe42ebb", "event": "publisher.event_published", "level": "info", "timestamp": "2026-09-18T04:03:20.854047Z"}
Sep 18 01:03:20 fim-host fim-agent[33295]: {"path": "/srv/fim-watch/gen_00023.txt", "event_type": "file_modified", "event_id": "b846c82c-709b-40bb-8c86-47b0ffe42ebb", "event": "detector.change_detected", "level": "info", "timestamp": "2026-09-18T04:03:20.859444Z"}
Sep 18 01:03:20 fim-host fim-agent[33295]: {"event_id": "b846c82c-709b-40bb-8c86-47b0ffe42ebb", "event": "publisher.event_acked", "level": "info", "timestamp": "2026-09-18T04:03:20.864709Z"}
Sep 18 01:03:24 fim-host fim-agent[33295]: {"event_id": "bd6e6752-0010-4830-84eb-e70c0ebbd974", "path": "/srv/fim-watch/critico/gen_00022.txt", "action": "alert_only", "action_failed": false, "event": "decision.evaluated", "level": "info", "timestamp": "2026-09-18T04:03:24.437490Z"}
Sep 18 01:03:24 fim-host fim-agent[33295]: {"event_id": "bd6e6752-0010-4830-84eb-e70c0ebbd974", "event": "publisher.event_published", "level": "info", "timestamp": "2026-09-18T04:03:24.456047Z"}
Sep 18 01:03:24 fim-host fim-agent[33295]: {"path": "/srv/fim-watch/critico/gen_00022.txt", "event_type": "file_deleted", "event_id": "bd6e6752-0010-4830-84eb-e70c0ebbd974", "event": "detector.change_detected", "level": "info", "timestamp": "2026-09-18T04:03:24.462445Z"}
Sep 18 01:03:24 fim-host fim-agent[33295]: {"event_id": "bd6e6752-0010-4830-84eb-e70c0ebbd974", "event": "publisher.event_acked", "level": "info", "timestamp": "2026-09-18T04:03:24.466777Z"}
Sep 18 01:03:28 fim-host fim-agent[33295]: {"event_id": "7d922655-4b52-466b-929f-9f499181591e", "path": "/srv/fim-watch/gen_00026.txt", "action": "alert_only", "action_failed": false, "event": "decision.evaluated", "level": "info", "timestamp": "2026-09-18T04:03:28.038143Z"}
Sep 18 01:03:28 fim-host fim-agent[33295]: {"event_id": "7d922655-4b52-466b-929f-9f499181591e", "event": "publisher.event_published", "level": "info", "timestamp": "2026-09-18T04:03:28.049727Z"}
Sep 18 01:03:28 fim-host fim-agent[33295]: {"path": "/srv/fim-watch/gen_00026.txt", "event_type": "file_modified", "event_id": "7d922655-4b52-466b-929f-9f499181591e", "event": "detector.change_detected", "level": "info", "timestamp": "2026-09-18T04:03:28.056305Z"}
Sep 18 01:03:28 fim-host fim-agent[33295]: {"event_id": "7d922655-4b52-466b-929f-9f499181591e", "event": "publisher.event_acked", "level": "info", "timestamp": "2026-09-18T04:03:28.058529Z"}
Sep 18 01:03:31 fim-host fim-agent[33295]: {"event_id": "a01da487-300f-4f93-8fd4-d11672bf2fc7", "path": "/srv/fim-watch/critico/gen_00009.txt", "action": "alert_only", "action_failed": false, "event": "decision.evaluated", "level": "info", "timestamp": "2026-09-18T04:03:31.639777Z"}
Sep 18 01:03:31 fim-host fim-agent[33295]: {"event_id": "a01da487-300f-4f93-8fd4-d11672bf2fc7", "event": "publisher.event_published", "level": "info", "timestamp": "2026-09-18T04:03:31.653982Z"}
Sep 18 01:03:31 fim-host fim-agent[33295]: {"path": "/srv/fim-watch/critico/gen_00009.txt", "event_type": "file_modified", "event_id": "a01da487-300f-4f93-8fd4-d11672bf2fc7", "event": "detector.change_detected", "level": "info", "timestamp": "2026-09-18T04:03:31.660092Z"}
Sep 18 01:03:31 fim-host fim-agent[33295]: {"event_id": "a01da487-300f-4f93-8fd4-d11672bf2fc7", "event": "publisher.event_acked", "level": "info", "timestamp": "2026-09-18T04:03:31.665172Z"}
Sep 18 01:03:35 fim-host fim-agent[33295]: {"event_id": "c88f8f65-d387-448c-8f63-7e54db14a588", "path": "/srv/fim-watch/gen_00020.txt", "action": "alert_only", "action_failed": false, "event": "decision.evaluated", "level": "info", "timestamp": "2026-09-18T04:03:35.240366Z"}
Sep 18 01:03:35 fim-host fim-agent[33295]: {"event_id": "c88f8f65-d387-448c-8f63-7e54db14a588", "event": "publisher.event_published", "level": "info", "timestamp": "2026-09-18T04:03:35.253041Z"}
Sep 18 01:03:35 fim-host fim-agent[33295]: {"path": "/srv/fim-watch/gen_00020.txt", "event_type": "file_modified", "event_id": "c88f8f65-d387-448c-8f63-7e54db14a588", "event": "detector.change_detected", "level": "info", "timestamp": "2026-09-18T04:03:35.256925Z"}
Sep 18 01:03:35 fim-host fim-agent[33295]: {"event_id": "c88f8f65-d387-448c-8f63-7e54db14a588", "event": "publisher.event_acked", "level": "info", "timestamp": "2026-09-18T04:03:35.262724Z"}
Sep 18 01:03:38 fim-host fim-agent[33295]: {"event_id": "2f26f612-e8bb-43c5-864f-e12f3727e8c0", "path": "/srv/fim-watch/gen_00025.txt", "action": "alert_only", "action_failed": false, "event": "decision.evaluated", "level": "info", "timestamp": "2026-09-18T04:03:38.838820Z"}
Sep 18 01:03:38 fim-host fim-agent[33295]: {"event_id": "2f26f612-e8bb-43c5-864f-e12f3727e8c0", "event": "publisher.event_published", "level": "info", "timestamp": "2026-09-18T04:03:38.853782Z"}
Sep 18 01:03:38 fim-host fim-agent[33295]: {"path": "/srv/fim-watch/gen_00025.txt", "event_type": "file_modified", "event_id": "2f26f612-e8bb-43c5-864f-e12f3727e8c0", "event": "detector.change_detected", "level": "info", "timestamp": "2026-09-18T04:03:38.859308Z"}
Sep 18 01:03:38 fim-host fim-agent[33295]: {"event_id": "2f26f612-e8bb-43c5-864f-e12f3727e8c0", "event": "publisher.event_acked", "level": "info", "timestamp": "2026-09-18T04:03:38.862326Z"}
Sep 18 01:03:42 fim-host fim-agent[33295]: {"event_id": "8d3c9db4-2b2f-4c74-aa80-90e38bc7a2e7", "path": "/srv/fim-watch/gen_00019.txt", "action": "alert_only", "action_failed": false, "event": "decision.evaluated", "level": "info", "timestamp": "2026-09-18T04:03:42.436354Z"}
Sep 18 01:03:42 fim-host fim-agent[33295]: {"event_id": "8d3c9db4-2b2f-4c74-aa80-90e38bc7a2e7", "event": "publisher.event_published", "level": "info", "timestamp": "2026-09-18T04:03:42.448521Z"}
Sep 18 01:03:42 fim-host fim-agent[33295]: {"path": "/srv/fim-watch/gen_00019.txt", "event_type": "file_modified", "event_id": "8d3c9db4-2b2f-4c74-aa80-90e38bc7a2e7", "event": "detector.change_detected", "level": "info", "timestamp": "2026-09-18T04:03:42.454257Z"}
Sep 18 01:03:42 fim-host fim-agent[33295]: {"event_id": "8d3c9db4-2b2f-4c74-aa80-90e38bc7a2e7", "event": "publisher.event_acked", "level": "info", "timestamp": "2026-09-18T04:03:42.460068Z"}
Sep 18 01:03:46 fim-host fim-agent[33295]: {"event_id": "2bddeb3a-70f2-41f8-b3ef-f4207a854960", "path": "/srv/fim-watch/gen_00019.txt", "action": "alert_only", "action_failed": false, "event": "decision.evaluated", "level": "info", "timestamp": "2026-09-18T04:03:46.036789Z"}
Sep 18 01:03:46 fim-host fim-agent[33295]: {"event_id": "2bddeb3a-70f2-41f8-b3ef-f4207a854960", "event": "publisher.event_published", "level": "info", "timestamp": "2026-09-18T04:03:46.052107Z"}
Sep 18 01:03:46 fim-host fim-agent[33295]: {"path": "/srv/fim-watch/gen_00019.txt", "event_type": "file_modified", "event_id": "2bddeb3a-70f2-41f8-b3ef-f4207a854960", "event": "detector.change_detected", "level": "info", "timestamp": "2026-09-18T04:03:46.058209Z"}
Sep 18 01:03:46 fim-host fim-agent[33295]: {"event_id": "2bddeb3a-70f2-41f8-b3ef-f4207a854960", "event": "publisher.event_acked", "level": "info", "timestamp": "2026-09-18T04:03:46.063031Z"}
Sep 18 01:03:49 fim-host fim-agent[33295]: {"event_id": "338cec61-47c4-4a3d-8603-2a8dc6adda1c", "path": "/srv/fim-watch/gen_00014.txt", "action": "alert_only", "action_failed": false, "event": "decision.evaluated", "level": "info", "timestamp": "2026-09-18T04:03:49.636505Z"}
Sep 18 01:03:49 fim-host fim-agent[33295]: {"event_id": "338cec61-47c4-4a3d-8603-2a8dc6adda1c", "event": "publisher.event_published", "level": "info", "timestamp": "2026-09-18T04:03:49.649956Z"}
Sep 18 01:03:49 fim-host fim-agent[33295]: {"path": "/srv/fim-watch/gen_00014.txt", "event_type": "file_modified", "event_id": "338cec61-47c4-4a3d-8603-2a8dc6adda1c", "event": "detector.change_detected", "level": "info", "timestamp": "2026-09-18T04:03:49.656120Z"}
Sep 18 01:03:49 fim-host fim-agent[33295]: {"event_id": "338cec61-47c4-4a3d-8603-2a8dc6adda1c", "event": "publisher.event_acked", "level": "info", "timestamp": "2026-09-18T04:03:49.662337Z"}
Sep 18 01:03:53 fim-host fim-agent[33295]: {"event_id": "f4c4d51c-04d6-4b57-8f78-5da1212eac86", "path": "/srv/fim-watch/gen_00014.txt", "action": "alert_only", "action_failed": false, "event": "decision.evaluated", "level": "info", "timestamp": "2026-09-18T04:03:53.235989Z"}
Sep 18 01:03:53 fim-host fim-agent[33295]: {"event_id": "f4c4d51c-04d6-4b57-8f78-5da1212eac86", "event": "publisher.event_published", "level": "info", "timestamp": "2026-09-18T04:03:53.247335Z"}
Sep 18 01:03:53 fim-host fim-agent[33295]: {"path": "/srv/fim-watch/gen_00014.txt", "event_type": "file_modified", "event_id": "f4c4d51c-04d6-4b57-8f78-5da1212eac86", "event": "detector.change_detected", "level": "info", "timestamp": "2026-09-18T04:03:53.252518Z"}
Sep 18 01:03:53 fim-host fim-agent[33295]: {"event_id": "f4c4d51c-04d6-4b57-8f78-5da1212eac86", "event": "publisher.event_acked", "level": "info", "timestamp": "2026-09-18T04:03:53.258205Z"}
Sep 18 01:03:56 fim-host fim-agent[33295]: {"event_id": "3fd3ade0-3b5a-4dca-9370-7046d57f86a4", "path": "/srv/fim-watch/gen_00014.txt", "action": "alert_only", "action_failed": false, "event": "decision.evaluated", "level": "info", "timestamp": "2026-09-18T04:03:56.834957Z"}
Sep 18 01:03:56 fim-host fim-agent[33295]: {"event_id": "3fd3ade0-3b5a-4dca-9370-7046d57f86a4", "event": "publisher.event_published", "level": "info", "timestamp": "2026-09-18T04:03:56.846111Z"}
Sep 18 01:03:56 fim-host fim-agent[33295]: {"path": "/srv/fim-watch/gen_00014.txt", "event_type": "file_modified", "event_id": "3fd3ade0-3b5a-4dca-9370-7046d57f86a4", "event": "detector.change_detected", "level": "info", "timestamp": "2026-09-18T04:03:56.850109Z"}
Sep 18 01:03:56 fim-host fim-agent[33295]: {"event_id": "3fd3ade0-3b5a-4dca-9370-7046d57f86a4", "event": "publisher.event_acked", "level": "info", "timestamp": "2026-09-18T04:03:56.856332Z"}
Sep 18 01:04:00 fim-host fim-agent[33295]: {"event_id": "fc72c6a2-3b36-49ad-950e-e53f39e986b1", "path": "/srv/fim-watch/critico/gen_00027.txt", "action": "alert_only", "action_failed": false, "event": "decision.evaluated", "level": "info", "timestamp": "2026-09-18T04:04:00.437282Z"}
Sep 18 01:04:00 fim-host fim-agent[33295]: {"event_id": "fc72c6a2-3b36-49ad-950e-e53f39e986b1", "event": "publisher.event_published", "level": "info", "timestamp": "2026-09-18T04:04:00.446378Z"}
Sep 18 01:04:00 fim-host fim-agent[33295]: {"path": "/srv/fim-watch/critico/gen_00027.txt", "event_type": "file_modified", "event_id": "fc72c6a2-3b36-49ad-950e-e53f39e986b1", "event": "detector.change_detected", "level": "info", "timestamp": "2026-09-18T04:04:00.452303Z"}
Sep 18 01:04:00 fim-host fim-agent[33295]: {"event_id": "fc72c6a2-3b36-49ad-950e-e53f39e986b1", "event": "publisher.event_acked", "level": "info", "timestamp": "2026-09-18T04:04:00.455925Z"}
Sep 18 01:04:04 fim-host fim-agent[33295]: {"event_id": "d91647f5-6dc5-493a-8e67-bd104b0bac92", "path": "/srv/fim-watch/gen_00025.txt", "action": "alert_only", "action_failed": false, "event": "decision.evaluated", "level": "info", "timestamp": "2026-09-18T04:04:04.034038Z"}
Sep 18 01:04:04 fim-host fim-agent[33295]: {"event_id": "d91647f5-6dc5-493a-8e67-bd104b0bac92", "event": "publisher.event_published", "level": "info", "timestamp": "2026-09-18T04:04:04.048957Z"}
Sep 18 01:04:04 fim-host fim-agent[33295]: {"path": "/srv/fim-watch/gen_00025.txt", "event_type": "file_modified", "event_id": "d91647f5-6dc5-493a-8e67-bd104b0bac92", "event": "detector.change_detected", "level": "info", "timestamp": "2026-09-18T04:04:04.052493Z"}
Sep 18 01:04:04 fim-host fim-agent[33295]: {"event_id": "d91647f5-6dc5-493a-8e67-bd104b0bac92", "event": "publisher.event_acked", "level": "info", "timestamp": "2026-09-18T04:04:04.056492Z"}
Sep 18 01:04:07 fim-host fim-agent[33295]: {"event_id": "f45218d0-aa7f-4fba-b67c-834b33af205d", "path": "/srv/fim-watch/critico/gen_00024.txt", "action": "alert_only", "action_failed": false, "event": "decision.evaluated", "level": "info", "timestamp": "2026-09-18T04:04:07.633648Z"}
Sep 18 01:04:07 fim-host fim-agent[33295]: {"event_id": "f45218d0-aa7f-4fba-b67c-834b33af205d", "event": "publisher.event_published", "level": "info", "timestamp": "2026-09-18T04:04:07.647048Z"}
Sep 18 01:04:07 fim-host fim-agent[33295]: {"path": "/srv/fim-watch/critico/gen_00024.txt", "event_type": "file_modified", "event_id": "f45218d0-aa7f-4fba-b67c-834b33af205d", "event": "detector.change_detected", "level": "info", "timestamp": "2026-09-18T04:04:07.652275Z"}
Sep 18 01:04:07 fim-host fim-agent[33295]: {"event_id": "f45218d0-aa7f-4fba-b67c-834b33af205d", "event": "publisher.event_acked", "level": "info", "timestamp": "2026-09-18T04:04:07.656757Z"}
Sep 18 01:04:11 fim-host fim-agent[33295]: {"event_id": "d1d404af-3718-4318-9c25-7df8e2b0370a", "path": "/srv/fim-watch/critico/gen_00024.txt", "action": "alert_only", "action_failed": false, "event": "decision.evaluated", "level": "info", "timestamp": "2026-09-18T04:04:11.234445Z"}
Sep 18 01:04:11 fim-host fim-agent[33295]: {"event_id": "d1d404af-3718-4318-9c25-7df8e2b0370a", "event": "publisher.event_published", "level": "info", "timestamp": "2026-09-18T04:04:11.246623Z"}
Sep 18 01:04:11 fim-host fim-agent[33295]: {"path": "/srv/fim-watch/critico/gen_00024.txt", "event_type": "file_modified", "event_id": "d1d404af-3718-4318-9c25-7df8e2b0370a", "event": "detector.change_detected", "level": "info", "timestamp": "2026-09-18T04:04:11.252992Z"}
Sep 18 01:04:11 fim-host fim-agent[33295]: {"event_id": "d1d404af-3718-4318-9c25-7df8e2b0370a", "event": "publisher.event_acked", "level": "info", "timestamp": "2026-09-18T04:04:11.258523Z"}
Sep 18 01:04:14 fim-host fim-agent[33295]: {"event_id": "6df103bc-cab0-48ce-aad0-5a52acec0c9e", "path": "/srv/fim-watch/gen_00019.txt", "action": "alert_only", "action_failed": false, "event": "decision.evaluated", "level": "info", "timestamp": "2026-09-18T04:04:14.833109Z"}
Sep 18 01:04:14 fim-host fim-agent[33295]: {"event_id": "6df103bc-cab0-48ce-aad0-5a52acec0c9e", "event": "publisher.event_published", "level": "info", "timestamp": "2026-09-18T04:04:14.850224Z"}
Sep 18 01:04:14 fim-host fim-agent[33295]: {"path": "/srv/fim-watch/gen_00019.txt", "event_type": "file_deleted", "event_id": "6df103bc-cab0-48ce-aad0-5a52acec0c9e", "event": "detector.change_detected", "level": "info", "timestamp": "2026-09-18T04:04:14.855746Z"}
Sep 18 01:04:14 fim-host fim-agent[33295]: {"event_id": "6df103bc-cab0-48ce-aad0-5a52acec0c9e", "event": "publisher.event_acked", "level": "info", "timestamp": "2026-09-18T04:04:14.860357Z"}
Sep 18 01:04:18 fim-host fim-agent[33295]: {"event_id": "7a7da947-2fcb-4f01-ba4e-20d5958b4f2b", "path": "/srv/fim-watch/gen_00014.txt", "action": "alert_only", "action_failed": false, "event": "decision.evaluated", "level": "info", "timestamp": "2026-09-18T04:04:18.434964Z"}
Sep 18 01:04:18 fim-host fim-agent[33295]: {"event_id": "7a7da947-2fcb-4f01-ba4e-20d5958b4f2b", "event": "publisher.event_published", "level": "info", "timestamp": "2026-09-18T04:04:18.446523Z"}
Sep 18 01:04:18 fim-host fim-agent[33295]: {"path": "/srv/fim-watch/gen_00014.txt", "event_type": "file_modified", "event_id": "7a7da947-2fcb-4f01-ba4e-20d5958b4f2b", "event": "detector.change_detected", "level": "info", "timestamp": "2026-09-18T04:04:18.450032Z"}
Sep 18 01:04:18 fim-host fim-agent[33295]: {"event_id": "7a7da947-2fcb-4f01-ba4e-20d5958b4f2b", "event": "publisher.event_acked", "level": "info", "timestamp": "2026-09-18T04:04:18.455489Z"}
Sep 18 01:04:22 fim-host fim-agent[33295]: {"event_id": "5249aa8d-ebe2-48df-b23e-0e61b91bf781", "path": "/srv/fim-watch/gen_00028.txt", "action": "alert_only", "action_failed": false, "event": "decision.evaluated", "level": "info", "timestamp": "2026-09-18T04:04:22.030002Z"}
Sep 18 01:04:22 fim-host fim-agent[33295]: {"event_id": "5249aa8d-ebe2-48df-b23e-0e61b91bf781", "event": "publisher.event_published", "level": "info", "timestamp": "2026-09-18T04:04:22.042050Z"}
Sep 18 01:04:22 fim-host fim-agent[33295]: {"path": "/srv/fim-watch/gen_00028.txt", "event_type": "file_modified", "event_id": "5249aa8d-ebe2-48df-b23e-0e61b91bf781", "event": "detector.change_detected", "level": "info", "timestamp": "2026-09-18T04:04:22.048064Z"}
Sep 18 01:04:22 fim-host fim-agent[33295]: {"event_id": "5249aa8d-ebe2-48df-b23e-0e61b91bf781", "event": "publisher.event_acked", "level": "info", "timestamp": "2026-09-18T04:04:22.054632Z"}
Sep 18 01:04:25 fim-host fim-agent[33295]: {"event_id": "1c1393e4-b0fc-48ec-938d-1532df56cfab", "path": "/srv/fim-watch/critico/gen_00029.txt", "action": "alert_only", "action_failed": false, "event": "decision.evaluated", "level": "info", "timestamp": "2026-09-18T04:04:25.629701Z"}
Sep 18 01:04:25 fim-host fim-agent[33295]: {"event_id": "1c1393e4-b0fc-48ec-938d-1532df56cfab", "event": "publisher.event_published", "level": "info", "timestamp": "2026-09-18T04:04:25.640378Z"}
Sep 18 01:04:25 fim-host fim-agent[33295]: {"path": "/srv/fim-watch/critico/gen_00029.txt", "event_type": "file_modified", "event_id": "1c1393e4-b0fc-48ec-938d-1532df56cfab", "event": "detector.change_detected", "level": "info", "timestamp": "2026-09-18T04:04:25.645369Z"}
Sep 18 01:04:25 fim-host fim-agent[33295]: {"event_id": "1c1393e4-b0fc-48ec-938d-1532df56cfab", "event": "publisher.event_acked", "level": "info", "timestamp": "2026-09-18T04:04:25.650428Z"}
Sep 18 01:04:29 fim-host fim-agent[33295]: {"event_id": "856830e4-863d-4027-a0d8-de019b118fcb", "path": "/srv/fim-watch/critico/gen_00011.txt", "action": "alert_only", "action_failed": false, "event": "decision.evaluated", "level": "info", "timestamp": "2026-09-18T04:04:29.231219Z"}
Sep 18 01:04:29 fim-host fim-agent[33295]: {"event_id": "856830e4-863d-4027-a0d8-de019b118fcb", "event": "publisher.event_published", "level": "info", "timestamp": "2026-09-18T04:04:29.244119Z"}
Sep 18 01:04:29 fim-host fim-agent[33295]: {"path": "/srv/fim-watch/critico/gen_00011.txt", "event_type": "file_modified", "event_id": "856830e4-863d-4027-a0d8-de019b118fcb", "event": "detector.change_detected", "level": "info", "timestamp": "2026-09-18T04:04:29.249545Z"}
Sep 18 01:04:29 fim-host fim-agent[33295]: {"event_id": "856830e4-863d-4027-a0d8-de019b118fcb", "event": "publisher.event_acked", "level": "info", "timestamp": "2026-09-18T04:04:29.253163Z"}
Sep 18 01:04:32 fim-host fim-agent[33295]: {"event_id": "7a9bc223-0c99-4367-882e-33cdecdd3b83", "path": "/srv/fim-watch/gen_00013.txt", "action": "alert_only", "action_failed": false, "event": "decision.evaluated", "level": "info", "timestamp": "2026-09-18T04:04:32.829078Z"}
Sep 18 01:04:32 fim-host fim-agent[33295]: {"event_id": "7a9bc223-0c99-4367-882e-33cdecdd3b83", "event": "publisher.event_published", "level": "info", "timestamp": "2026-09-18T04:04:32.840608Z"}
Sep 18 01:04:32 fim-host fim-agent[33295]: {"path": "/srv/fim-watch/gen_00013.txt", "event_type": "file_modified", "event_id": "7a9bc223-0c99-4367-882e-33cdecdd3b83", "event": "detector.change_detected", "level": "info", "timestamp": "2026-09-18T04:04:32.846900Z"}
Sep 18 01:04:32 fim-host fim-agent[33295]: {"event_id": "7a9bc223-0c99-4367-882e-33cdecdd3b83", "event": "publisher.event_acked", "level": "info", "timestamp": "2026-09-18T04:04:32.849607Z"}
Sep 18 01:04:36 fim-host fim-agent[33295]: {"event_id": "24953544-a326-471f-89f6-3fe295d41cc2", "path": "/srv/fim-watch/critico/gen_00024.txt", "action": "alert_only", "action_failed": false, "event": "decision.evaluated", "level": "info", "timestamp": "2026-09-18T04:04:36.430903Z"}
Sep 18 01:04:36 fim-host fim-agent[33295]: {"event_id": "24953544-a326-471f-89f6-3fe295d41cc2", "event": "publisher.event_published", "level": "info", "timestamp": "2026-09-18T04:04:36.445110Z"}
Sep 18 01:04:36 fim-host fim-agent[33295]: {"path": "/srv/fim-watch/critico/gen_00024.txt", "event_type": "file_modified", "event_id": "24953544-a326-471f-89f6-3fe295d41cc2", "event": "detector.change_detected", "level": "info", "timestamp": "2026-09-18T04:04:36.451939Z"}
Sep 18 01:04:36 fim-host fim-agent[33295]: {"event_id": "24953544-a326-471f-89f6-3fe295d41cc2", "event": "publisher.event_acked", "level": "info", "timestamp": "2026-09-18T04:04:36.456123Z"}
Sep 18 01:04:40 fim-host fim-agent[33295]: {"event_id": "2c922877-4f74-46df-8439-c9a82b9b006f", "path": "/srv/fim-watch/gen_00030.txt", "action": "alert_only", "action_failed": false, "event": "decision.evaluated", "level": "info", "timestamp": "2026-09-18T04:04:40.032185Z"}
Sep 18 01:04:40 fim-host fim-agent[33295]: {"event_id": "2c922877-4f74-46df-8439-c9a82b9b006f", "event": "publisher.event_published", "level": "info", "timestamp": "2026-09-18T04:04:40.043435Z"}
Sep 18 01:04:40 fim-host fim-agent[33295]: {"path": "/srv/fim-watch/gen_00030.txt", "event_type": "file_modified", "event_id": "2c922877-4f74-46df-8439-c9a82b9b006f", "event": "detector.change_detected", "level": "info", "timestamp": "2026-09-18T04:04:40.047957Z"}
Sep 18 01:04:40 fim-host fim-agent[33295]: {"event_id": "2c922877-4f74-46df-8439-c9a82b9b006f", "event": "publisher.event_acked", "level": "info", "timestamp": "2026-09-18T04:04:40.053268Z"}
Sep 18 01:04:43 fim-host fim-agent[33295]: {"event_id": "fd4a6fc8-59be-4433-bffb-cf51d11065e5", "path": "/srv/fim-watch/gen_00020.txt", "action": "alert_only", "action_failed": false, "event": "decision.evaluated", "level": "info", "timestamp": "2026-09-18T04:04:43.632240Z"}
Sep 18 01:04:43 fim-host fim-agent[33295]: {"event_id": "fd4a6fc8-59be-4433-bffb-cf51d11065e5", "event": "publisher.event_published", "level": "info", "timestamp": "2026-09-18T04:04:43.645492Z"}
Sep 18 01:04:43 fim-host fim-agent[33295]: {"path": "/srv/fim-watch/gen_00020.txt", "event_type": "file_modified", "event_id": "fd4a6fc8-59be-4433-bffb-cf51d11065e5", "event": "detector.change_detected", "level": "info", "timestamp": "2026-09-18T04:04:43.650915Z"}
Sep 18 01:04:43 fim-host fim-agent[33295]: {"event_id": "fd4a6fc8-59be-4433-bffb-cf51d11065e5", "event": "publisher.event_acked", "level": "info", "timestamp": "2026-09-18T04:04:43.655732Z"}
Sep 18 01:04:47 fim-host fim-agent[33295]: {"event_id": "24dcb859-8be4-44f7-be66-4a2519a24959", "path": "/srv/fim-watch/critico/gen_00029.txt", "action": "alert_only", "action_failed": false, "event": "decision.evaluated", "level": "info", "timestamp": "2026-09-18T04:04:47.220777Z"}
Sep 18 01:04:47 fim-host fim-agent[33295]: {"event_id": "24dcb859-8be4-44f7-be66-4a2519a24959", "event": "publisher.event_published", "level": "info", "timestamp": "2026-09-18T04:04:47.229664Z"}
Sep 18 01:04:47 fim-host fim-agent[33295]: {"path": "/srv/fim-watch/critico/gen_00029.txt", "event_type": "file_modified", "event_id": "24dcb859-8be4-44f7-be66-4a2519a24959", "event": "detector.change_detected", "level": "info", "timestamp": "2026-09-18T04:04:47.234279Z"}
Sep 18 01:04:47 fim-host fim-agent[33295]: {"event_id": "24dcb859-8be4-44f7-be66-4a2519a24959", "event": "publisher.event_acked", "level": "info", "timestamp": "2026-09-18T04:04:47.238112Z"}
Sep 18 01:04:50 fim-host fim-agent[33295]: {"event_id": "382f4bd9-30e8-43aa-a284-560713c4a04a", "path": "/srv/fim-watch/critico/gen_00011.txt", "action": "alert_only", "action_failed": false, "event": "decision.evaluated", "level": "info", "timestamp": "2026-09-18T04:04:50.827501Z"}
Sep 18 01:04:50 fim-host fim-agent[33295]: {"event_id": "382f4bd9-30e8-43aa-a284-560713c4a04a", "event": "publisher.event_published", "level": "info", "timestamp": "2026-09-18T04:04:50.837104Z"}
Sep 18 01:04:50 fim-host fim-agent[33295]: {"path": "/srv/fim-watch/critico/gen_00011.txt", "event_type": "file_modified", "event_id": "382f4bd9-30e8-43aa-a284-560713c4a04a", "event": "detector.change_detected", "level": "info", "timestamp": "2026-09-18T04:04:50.840392Z"}
Sep 18 01:04:50 fim-host fim-agent[33295]: {"event_id": "382f4bd9-30e8-43aa-a284-560713c4a04a", "event": "publisher.event_acked", "level": "info", "timestamp": "2026-09-18T04:04:50.843030Z"}
Sep 18 01:04:54 fim-host fim-agent[33295]: {"event_id": "19aac76c-62aa-4d81-b17e-4c199c44b91f", "path": "/srv/fim-watch/gen_00031.txt", "action": "alert_only", "action_failed": false, "event": "decision.evaluated", "level": "info", "timestamp": "2026-09-18T04:04:54.416428Z"}
Sep 18 01:04:54 fim-host fim-agent[33295]: {"event_id": "19aac76c-62aa-4d81-b17e-4c199c44b91f", "event": "publisher.event_published", "level": "info", "timestamp": "2026-09-18T04:04:54.423435Z"}
Sep 18 01:04:54 fim-host fim-agent[33295]: {"path": "/srv/fim-watch/gen_00031.txt", "event_type": "file_modified", "event_id": "19aac76c-62aa-4d81-b17e-4c199c44b91f", "event": "detector.change_detected", "level": "info", "timestamp": "2026-09-18T04:04:54.426883Z"}
Sep 18 01:04:54 fim-host fim-agent[33295]: {"event_id": "19aac76c-62aa-4d81-b17e-4c199c44b91f", "event": "publisher.event_acked", "level": "info", "timestamp": "2026-09-18T04:04:54.430468Z"}
Sep 18 01:04:58 fim-host fim-agent[33295]: {"event_id": "982b9543-8948-455e-8807-acde526fe219", "path": "/srv/fim-watch/gen_00032.txt", "action": "alert_only", "action_failed": false, "event": "decision.evaluated", "level": "info", "timestamp": "2026-09-18T04:04:58.027718Z"}
Sep 18 01:04:58 fim-host fim-agent[33295]: {"event_id": "982b9543-8948-455e-8807-acde526fe219", "event": "publisher.event_published", "level": "info", "timestamp": "2026-09-18T04:04:58.035187Z"}
Sep 18 01:04:58 fim-host fim-agent[33295]: {"path": "/srv/fim-watch/gen_00032.txt", "event_type": "file_modified", "event_id": "982b9543-8948-455e-8807-acde526fe219", "event": "detector.change_detected", "level": "info", "timestamp": "2026-09-18T04:04:58.039137Z"}
Sep 18 01:04:58 fim-host fim-agent[33295]: {"event_id": "982b9543-8948-455e-8807-acde526fe219", "event": "publisher.event_acked", "level": "info", "timestamp": "2026-09-18T04:04:58.043027Z"}
Sep 18 01:05:01 fim-host fim-agent[33295]: {"event_id": "362e6eba-e5a2-4da9-892e-77a1131c8ef5", "path": "/srv/fim-watch/gen_00026.txt", "action": "alert_only", "action_failed": false, "event": "decision.evaluated", "level": "info", "timestamp": "2026-09-18T04:05:01.627779Z"}
Sep 18 01:05:01 fim-host fim-agent[33295]: {"event_id": "362e6eba-e5a2-4da9-892e-77a1131c8ef5", "event": "publisher.event_published", "level": "info", "timestamp": "2026-09-18T04:05:01.636352Z"}
Sep 18 01:05:01 fim-host fim-agent[33295]: {"path": "/srv/fim-watch/gen_00026.txt", "event_type": "file_modified", "event_id": "362e6eba-e5a2-4da9-892e-77a1131c8ef5", "event": "detector.change_detected", "level": "info", "timestamp": "2026-09-18T04:05:01.640223Z"}
Sep 18 01:05:01 fim-host fim-agent[33295]: {"event_id": "362e6eba-e5a2-4da9-892e-77a1131c8ef5", "event": "publisher.event_acked", "level": "info", "timestamp": "2026-09-18T04:05:01.648397Z"}
Sep 18 01:05:05 fim-host fim-agent[33295]: {"event_id": "c3293a36-89c9-4356-b9cc-ba5200dc8d76", "path": "/srv/fim-watch/critico/gen_00033.txt", "action": "alert_only", "action_failed": false, "event": "decision.evaluated", "level": "info", "timestamp": "2026-09-18T04:05:05.227879Z"}
Sep 18 01:05:05 fim-host fim-agent[33295]: {"event_id": "c3293a36-89c9-4356-b9cc-ba5200dc8d76", "event": "publisher.event_published", "level": "info", "timestamp": "2026-09-18T04:05:05.238507Z"}
Sep 18 01:05:05 fim-host fim-agent[33295]: {"path": "/srv/fim-watch/critico/gen_00033.txt", "event_type": "file_modified", "event_id": "c3293a36-89c9-4356-b9cc-ba5200dc8d76", "event": "detector.change_detected", "level": "info", "timestamp": "2026-09-18T04:05:05.242520Z"}
Sep 18 01:05:05 fim-host fim-agent[33295]: {"event_id": "c3293a36-89c9-4356-b9cc-ba5200dc8d76", "event": "publisher.event_acked", "level": "info", "timestamp": "2026-09-18T04:05:05.247635Z"}
Sep 18 01:05:08 fim-host fim-agent[33295]: {"event_id": "69787fd1-cced-4ca4-8b2c-4f158dcf1137", "path": "/srv/fim-watch/critico/gen_00033.txt", "action": "alert_only", "action_failed": false, "event": "decision.evaluated", "level": "info", "timestamp": "2026-09-18T04:05:08.828772Z"}
Sep 18 01:05:08 fim-host fim-agent[33295]: {"event_id": "69787fd1-cced-4ca4-8b2c-4f158dcf1137", "event": "publisher.event_published", "level": "info", "timestamp": "2026-09-18T04:05:08.845436Z"}
Sep 18 01:05:08 fim-host fim-agent[33295]: {"path": "/srv/fim-watch/critico/gen_00033.txt", "event_type": "file_deleted", "event_id": "69787fd1-cced-4ca4-8b2c-4f158dcf1137", "event": "detector.change_detected", "level": "info", "timestamp": "2026-09-18T04:05:08.850238Z"}
Sep 18 01:05:08 fim-host fim-agent[33295]: {"event_id": "69787fd1-cced-4ca4-8b2c-4f158dcf1137", "event": "publisher.event_acked", "level": "info", "timestamp": "2026-09-18T04:05:08.854777Z"}
Sep 18 01:05:12 fim-host fim-agent[33295]: {"event_id": "805c9fee-34f8-4678-9d80-1c5116c6b819", "path": "/srv/fim-watch/gen_00034.txt", "action": "alert_only", "action_failed": false, "event": "decision.evaluated", "level": "info", "timestamp": "2026-09-18T04:05:12.425644Z"}
Sep 18 01:05:12 fim-host fim-agent[33295]: {"event_id": "805c9fee-34f8-4678-9d80-1c5116c6b819", "event": "publisher.event_published", "level": "info", "timestamp": "2026-09-18T04:05:12.435209Z"}
Sep 18 01:05:12 fim-host fim-agent[33295]: {"path": "/srv/fim-watch/gen_00034.txt", "event_type": "file_modified", "event_id": "805c9fee-34f8-4678-9d80-1c5116c6b819", "event": "detector.change_detected", "level": "info", "timestamp": "2026-09-18T04:05:12.438654Z"}
Sep 18 01:05:12 fim-host fim-agent[33295]: {"event_id": "805c9fee-34f8-4678-9d80-1c5116c6b819", "event": "publisher.event_acked", "level": "info", "timestamp": "2026-09-18T04:05:12.445353Z"}
Sep 18 01:05:16 fim-host fim-agent[33295]: {"event_id": "fd13bca0-1ff3-453f-958a-314d61fb7dde", "path": "/srv/fim-watch/gen_00028.txt", "action": "alert_only", "action_failed": false, "event": "decision.evaluated", "level": "info", "timestamp": "2026-09-18T04:05:16.016951Z"}
Sep 18 01:05:16 fim-host fim-agent[33295]: {"event_id": "fd13bca0-1ff3-453f-958a-314d61fb7dde", "event": "publisher.event_published", "level": "info", "timestamp": "2026-09-18T04:05:16.029149Z"}
Sep 18 01:05:16 fim-host fim-agent[33295]: {"path": "/srv/fim-watch/gen_00028.txt", "event_type": "file_deleted", "event_id": "fd13bca0-1ff3-453f-958a-314d61fb7dde", "event": "detector.change_detected", "level": "info", "timestamp": "2026-09-18T04:05:16.032688Z"}
Sep 18 01:05:16 fim-host fim-agent[33295]: {"event_id": "fd13bca0-1ff3-453f-958a-314d61fb7dde", "event": "publisher.event_acked", "level": "info", "timestamp": "2026-09-18T04:05:16.035365Z"}
Sep 18 01:05:19 fim-host fim-agent[33295]: {"event_id": "f9251705-f500-412f-b878-16639d7ec758", "path": "/srv/fim-watch/critico/gen_00035.txt", "action": "alert_only", "action_failed": false, "event": "decision.evaluated", "level": "info", "timestamp": "2026-09-18T04:05:19.628352Z"}
Sep 18 01:05:19 fim-host fim-agent[33295]: {"event_id": "f9251705-f500-412f-b878-16639d7ec758", "event": "publisher.event_published", "level": "info", "timestamp": "2026-09-18T04:05:19.641613Z"}
Sep 18 01:05:19 fim-host fim-agent[33295]: {"path": "/srv/fim-watch/critico/gen_00035.txt", "event_type": "file_modified", "event_id": "f9251705-f500-412f-b878-16639d7ec758", "event": "detector.change_detected", "level": "info", "timestamp": "2026-09-18T04:05:19.647749Z"}
Sep 18 01:05:19 fim-host fim-agent[33295]: {"event_id": "f9251705-f500-412f-b878-16639d7ec758", "event": "publisher.event_acked", "level": "info", "timestamp": "2026-09-18T04:05:19.649750Z"}
Sep 18 01:05:23 fim-host fim-agent[33295]: {"event_id": "ea570e1e-a158-4873-8352-a83068f4c54d", "path": "/srv/fim-watch/gen_00036.txt", "action": "alert_only", "action_failed": false, "event": "decision.evaluated", "level": "info", "timestamp": "2026-09-18T04:05:23.226044Z"}
Sep 18 01:05:23 fim-host fim-agent[33295]: {"event_id": "ea570e1e-a158-4873-8352-a83068f4c54d", "event": "publisher.event_published", "level": "info", "timestamp": "2026-09-18T04:05:23.241074Z"}
Sep 18 01:05:23 fim-host fim-agent[33295]: {"path": "/srv/fim-watch/gen_00036.txt", "event_type": "file_modified", "event_id": "ea570e1e-a158-4873-8352-a83068f4c54d", "event": "detector.change_detected", "level": "info", "timestamp": "2026-09-18T04:05:23.246971Z"}
Sep 18 01:05:23 fim-host fim-agent[33295]: {"event_id": "ea570e1e-a158-4873-8352-a83068f4c54d", "event": "publisher.event_acked", "level": "info", "timestamp": "2026-09-18T04:05:23.251119Z"}
Sep 18 01:05:26 fim-host fim-agent[33295]: {"event_id": "a230282b-0a3f-4d47-8ca4-b69d8b173082", "path": "/srv/fim-watch/gen_00037.txt", "action": "alert_only", "action_failed": false, "event": "decision.evaluated", "level": "info", "timestamp": "2026-09-18T04:05:26.829232Z"}
Sep 18 01:05:26 fim-host fim-agent[33295]: {"event_id": "a230282b-0a3f-4d47-8ca4-b69d8b173082", "event": "publisher.event_published", "level": "info", "timestamp": "2026-09-18T04:05:26.849440Z"}
Sep 18 01:05:26 fim-host fim-agent[33295]: {"path": "/srv/fim-watch/gen_00037.txt", "event_type": "file_created", "event_id": "a230282b-0a3f-4d47-8ca4-b69d8b173082", "event": "detector.change_detected", "level": "info", "timestamp": "2026-09-18T04:05:26.853789Z"}
Sep 18 01:05:26 fim-host fim-agent[33295]: {"event_id": "a230282b-0a3f-4d47-8ca4-b69d8b173082", "event": "publisher.event_acked", "level": "info", "timestamp": "2026-09-18T04:05:26.860089Z"}
Sep 18 01:05:30 fim-host fim-agent[33295]: {"event_id": "c96fbc9b-48ca-4635-a461-eba4e7d16270", "path": "/srv/fim-watch/gen_00025.txt", "action": "alert_only", "action_failed": false, "event": "decision.evaluated", "level": "info", "timestamp": "2026-09-18T04:05:30.424077Z"}
Sep 18 01:05:30 fim-host fim-agent[33295]: {"event_id": "c96fbc9b-48ca-4635-a461-eba4e7d16270", "event": "publisher.event_published", "level": "info", "timestamp": "2026-09-18T04:05:30.433710Z"}
Sep 18 01:05:30 fim-host fim-agent[33295]: {"path": "/srv/fim-watch/gen_00025.txt", "event_type": "file_modified", "event_id": "c96fbc9b-48ca-4635-a461-eba4e7d16270", "event": "detector.change_detected", "level": "info", "timestamp": "2026-09-18T04:05:30.437914Z"}
Sep 18 01:05:30 fim-host fim-agent[33295]: {"event_id": "c96fbc9b-48ca-4635-a461-eba4e7d16270", "event": "publisher.event_acked", "level": "info", "timestamp": "2026-09-18T04:05:30.440720Z"}
Sep 18 01:05:34 fim-host fim-agent[33295]: {"event_id": "11c4639b-237f-4cd2-befe-8c04b81ca27e", "path": "/srv/fim-watch/critico/gen_00009.txt", "action": "alert_only", "action_failed": false, "event": "decision.evaluated", "level": "info", "timestamp": "2026-09-18T04:05:34.024233Z"}
Sep 18 01:05:34 fim-host fim-agent[33295]: {"event_id": "11c4639b-237f-4cd2-befe-8c04b81ca27e", "event": "publisher.event_published", "level": "info", "timestamp": "2026-09-18T04:05:34.033876Z"}
Sep 18 01:05:34 fim-host fim-agent[33295]: {"path": "/srv/fim-watch/critico/gen_00009.txt", "event_type": "file_modified", "event_id": "11c4639b-237f-4cd2-befe-8c04b81ca27e", "event": "detector.change_detected", "level": "info", "timestamp": "2026-09-18T04:05:34.038000Z"}
Sep 18 01:05:34 fim-host fim-agent[33295]: {"event_id": "11c4639b-237f-4cd2-befe-8c04b81ca27e", "event": "publisher.event_acked", "level": "info", "timestamp": "2026-09-18T04:05:34.045507Z"}
Sep 18 01:05:37 fim-host fim-agent[33295]: {"event_id": "8c289b11-c17f-41a2-992f-87d831fefefd", "path": "/srv/fim-watch/critico/gen_00009.txt", "action": "alert_only", "action_failed": false, "event": "decision.evaluated", "level": "info", "timestamp": "2026-09-18T04:05:37.630120Z"}
Sep 18 01:05:37 fim-host fim-agent[33295]: {"event_id": "8c289b11-c17f-41a2-992f-87d831fefefd", "event": "publisher.event_published", "level": "info", "timestamp": "2026-09-18T04:05:37.644272Z"}
Sep 18 01:05:37 fim-host fim-agent[33295]: {"path": "/srv/fim-watch/critico/gen_00009.txt", "event_type": "file_modified", "event_id": "8c289b11-c17f-41a2-992f-87d831fefefd", "event": "detector.change_detected", "level": "info", "timestamp": "2026-09-18T04:05:37.649500Z"}
Sep 18 01:05:37 fim-host fim-agent[33295]: {"event_id": "8c289b11-c17f-41a2-992f-87d831fefefd", "event": "publisher.event_acked", "level": "info", "timestamp": "2026-09-18T04:05:37.653680Z"}
Sep 18 01:05:41 fim-host fim-agent[33295]: {"event_id": "8cd29bcc-d954-42da-8698-bda2d2b30fcf", "path": "/srv/fim-watch/critico/gen_00035.txt", "action": "alert_only", "action_failed": false, "event": "decision.evaluated", "level": "info", "timestamp": "2026-09-18T04:05:41.227055Z"}
Sep 18 01:05:41 fim-host fim-agent[33295]: {"event_id": "8cd29bcc-d954-42da-8698-bda2d2b30fcf", "event": "publisher.event_published", "level": "info", "timestamp": "2026-09-18T04:05:41.242611Z"}
Sep 18 01:05:41 fim-host fim-agent[33295]: {"path": "/srv/fim-watch/critico/gen_00035.txt", "event_type": "file_deleted", "event_id": "8cd29bcc-d954-42da-8698-bda2d2b30fcf", "event": "detector.change_detected", "level": "info", "timestamp": "2026-09-18T04:05:41.248562Z"}
Sep 18 01:05:41 fim-host fim-agent[33295]: {"event_id": "8cd29bcc-d954-42da-8698-bda2d2b30fcf", "event": "publisher.event_acked", "level": "info", "timestamp": "2026-09-18T04:05:41.252840Z"}
Sep 18 01:05:44 fim-host fim-agent[33295]: {"event_id": "ebbb6122-0807-4035-9fd3-a4db90cdf1cb", "path": "/srv/fim-watch/gen_00026.txt", "action": "alert_only", "action_failed": false, "event": "decision.evaluated", "level": "info", "timestamp": "2026-09-18T04:05:44.827028Z"}
Sep 18 01:05:44 fim-host fim-agent[33295]: {"event_id": "ebbb6122-0807-4035-9fd3-a4db90cdf1cb", "event": "publisher.event_published", "level": "info", "timestamp": "2026-09-18T04:05:44.839736Z"}
Sep 18 01:05:44 fim-host fim-agent[33295]: {"path": "/srv/fim-watch/gen_00026.txt", "event_type": "file_modified", "event_id": "ebbb6122-0807-4035-9fd3-a4db90cdf1cb", "event": "detector.change_detected", "level": "info", "timestamp": "2026-09-18T04:05:44.844758Z"}
Sep 18 01:05:44 fim-host fim-agent[33295]: {"event_id": "ebbb6122-0807-4035-9fd3-a4db90cdf1cb", "event": "publisher.event_acked", "level": "info", "timestamp": "2026-09-18T04:05:44.846901Z"}
Sep 18 01:05:48 fim-host fim-agent[33295]: {"event_id": "71dd6897-4395-422a-839e-89d3143ff592", "path": "/srv/fim-watch/gen_00036.txt", "action": "alert_only", "action_failed": false, "event": "decision.evaluated", "level": "info", "timestamp": "2026-09-18T04:05:48.422002Z"}
Sep 18 01:05:48 fim-host fim-agent[33295]: {"event_id": "71dd6897-4395-422a-839e-89d3143ff592", "event": "publisher.event_published", "level": "info", "timestamp": "2026-09-18T04:05:48.429013Z"}
Sep 18 01:05:48 fim-host fim-agent[33295]: {"path": "/srv/fim-watch/gen_00036.txt", "event_type": "file_modified", "event_id": "71dd6897-4395-422a-839e-89d3143ff592", "event": "detector.change_detected", "level": "info", "timestamp": "2026-09-18T04:05:48.431626Z"}
Sep 18 01:05:48 fim-host fim-agent[33295]: {"event_id": "71dd6897-4395-422a-839e-89d3143ff592", "event": "publisher.event_acked", "level": "info", "timestamp": "2026-09-18T04:05:48.433877Z"}
Sep 18 01:05:52 fim-host fim-agent[33295]: {"event_id": "2871e03f-a488-4d9a-bc3a-740272417318", "path": "/srv/fim-watch/gen_00017.txt", "action": "alert_only", "action_failed": false, "event": "decision.evaluated", "level": "info", "timestamp": "2026-09-18T04:05:52.024038Z"}
Sep 18 01:05:52 fim-host fim-agent[33295]: {"event_id": "2871e03f-a488-4d9a-bc3a-740272417318", "event": "publisher.event_published", "level": "info", "timestamp": "2026-09-18T04:05:52.035038Z"}
Sep 18 01:05:52 fim-host fim-agent[33295]: {"path": "/srv/fim-watch/gen_00017.txt", "event_type": "file_modified", "event_id": "2871e03f-a488-4d9a-bc3a-740272417318", "event": "detector.change_detected", "level": "info", "timestamp": "2026-09-18T04:05:52.038708Z"}
Sep 18 01:05:52 fim-host fim-agent[33295]: {"event_id": "2871e03f-a488-4d9a-bc3a-740272417318", "event": "publisher.event_acked", "level": "info", "timestamp": "2026-09-18T04:05:52.044815Z"}
Sep 18 01:05:55 fim-host fim-agent[33295]: {"event_id": "bd958875-0f5a-41dc-a43b-f7353ce580cb", "path": "/srv/fim-watch/gen_00023.txt", "action": "alert_only", "action_failed": false, "event": "decision.evaluated", "level": "info", "timestamp": "2026-09-18T04:05:55.621980Z"}
Sep 18 01:05:55 fim-host fim-agent[33295]: {"event_id": "bd958875-0f5a-41dc-a43b-f7353ce580cb", "event": "publisher.event_published", "level": "info", "timestamp": "2026-09-18T04:05:55.639265Z"}
Sep 18 01:05:55 fim-host fim-agent[33295]: {"path": "/srv/fim-watch/gen_00023.txt", "event_type": "file_deleted", "event_id": "bd958875-0f5a-41dc-a43b-f7353ce580cb", "event": "detector.change_detected", "level": "info", "timestamp": "2026-09-18T04:05:55.644206Z"}
Sep 18 01:05:55 fim-host fim-agent[33295]: {"event_id": "bd958875-0f5a-41dc-a43b-f7353ce580cb", "event": "publisher.event_acked", "level": "info", "timestamp": "2026-09-18T04:05:55.647713Z"}
Sep 18 01:05:59 fim-host fim-agent[33295]: {"event_id": "c9f9b87b-32fa-4f55-a5d4-8892a57c66af", "path": "/srv/fim-watch/gen_00014.txt", "action": "alert_only", "action_failed": false, "event": "decision.evaluated", "level": "info", "timestamp": "2026-09-18T04:05:59.223556Z"}
Sep 18 01:05:59 fim-host fim-agent[33295]: {"event_id": "c9f9b87b-32fa-4f55-a5d4-8892a57c66af", "event": "publisher.event_published", "level": "info", "timestamp": "2026-09-18T04:05:59.236105Z"}
Sep 18 01:05:59 fim-host fim-agent[33295]: {"path": "/srv/fim-watch/gen_00014.txt", "event_type": "file_modified", "event_id": "c9f9b87b-32fa-4f55-a5d4-8892a57c66af", "event": "detector.change_detected", "level": "info", "timestamp": "2026-09-18T04:05:59.242114Z"}
Sep 18 01:05:59 fim-host fim-agent[33295]: {"event_id": "c9f9b87b-32fa-4f55-a5d4-8892a57c66af", "event": "publisher.event_acked", "level": "info", "timestamp": "2026-09-18T04:05:59.247608Z"}
Sep 18 01:06:02 fim-host fim-agent[33295]: {"event_id": "b56e38eb-dda9-49d5-b61f-9335568791f4", "path": "/srv/fim-watch/critico/gen_00029.txt", "action": "alert_only", "action_failed": false, "event": "decision.evaluated", "level": "info", "timestamp": "2026-09-18T04:06:02.825421Z"}
Sep 18 01:06:02 fim-host fim-agent[33295]: {"event_id": "b56e38eb-dda9-49d5-b61f-9335568791f4", "event": "publisher.event_published", "level": "info", "timestamp": "2026-09-18T04:06:02.836058Z"}
Sep 18 01:06:02 fim-host fim-agent[33295]: {"path": "/srv/fim-watch/critico/gen_00029.txt", "event_type": "file_modified", "event_id": "b56e38eb-dda9-49d5-b61f-9335568791f4", "event": "detector.change_detected", "level": "info", "timestamp": "2026-09-18T04:06:02.839912Z"}
Sep 18 01:06:02 fim-host fim-agent[33295]: {"event_id": "b56e38eb-dda9-49d5-b61f-9335568791f4", "event": "publisher.event_acked", "level": "info", "timestamp": "2026-09-18T04:06:02.847767Z"}
Sep 18 01:06:06 fim-host fim-agent[33295]: {"event_id": "04b26424-8c3c-4f4a-9e40-8efbfd92ef17", "path": "/srv/fim-watch/gen_00032.txt", "action": "alert_only", "action_failed": false, "event": "decision.evaluated", "level": "info", "timestamp": "2026-09-18T04:06:06.423100Z"}
Sep 18 01:06:06 fim-host fim-agent[33295]: {"event_id": "04b26424-8c3c-4f4a-9e40-8efbfd92ef17", "event": "publisher.event_published", "level": "info", "timestamp": "2026-09-18T04:06:06.433510Z"}
Sep 18 01:06:06 fim-host fim-agent[33295]: {"path": "/srv/fim-watch/gen_00032.txt", "event_type": "file_modified", "event_id": "04b26424-8c3c-4f4a-9e40-8efbfd92ef17", "event": "detector.change_detected", "level": "info", "timestamp": "2026-09-18T04:06:06.438337Z"}
Sep 18 01:06:06 fim-host fim-agent[33295]: {"event_id": "04b26424-8c3c-4f4a-9e40-8efbfd92ef17", "event": "publisher.event_acked", "level": "info", "timestamp": "2026-09-18T04:06:06.445631Z"}
Sep 18 01:06:10 fim-host fim-agent[33295]: {"event_id": "b51ad4ee-fde6-4e5e-8a58-eba61f6e0466", "path": "/srv/fim-watch/gen_00025.txt", "action": "alert_only", "action_failed": false, "event": "decision.evaluated", "level": "info", "timestamp": "2026-09-18T04:06:10.022984Z"}
Sep 18 01:06:10 fim-host fim-agent[33295]: {"event_id": "b51ad4ee-fde6-4e5e-8a58-eba61f6e0466", "event": "publisher.event_published", "level": "info", "timestamp": "2026-09-18T04:06:10.034643Z"}
Sep 18 01:06:10 fim-host fim-agent[33295]: {"path": "/srv/fim-watch/gen_00025.txt", "event_type": "file_modified", "event_id": "b51ad4ee-fde6-4e5e-8a58-eba61f6e0466", "event": "detector.change_detected", "level": "info", "timestamp": "2026-09-18T04:06:10.039095Z"}
Sep 18 01:06:10 fim-host fim-agent[33295]: {"event_id": "b51ad4ee-fde6-4e5e-8a58-eba61f6e0466", "event": "publisher.event_acked", "level": "info", "timestamp": "2026-09-18T04:06:10.044373Z"}
Sep 18 01:06:13 fim-host fim-agent[33295]: {"event_id": "ecbc0205-905c-415d-8d50-869510190473", "path": "/srv/fim-watch/gen_00017.txt", "action": "alert_only", "action_failed": false, "event": "decision.evaluated", "level": "info", "timestamp": "2026-09-18T04:06:13.621024Z"}
Sep 18 01:06:13 fim-host fim-agent[33295]: {"event_id": "ecbc0205-905c-415d-8d50-869510190473", "event": "publisher.event_published", "level": "info", "timestamp": "2026-09-18T04:06:13.637011Z"}
Sep 18 01:06:13 fim-host fim-agent[33295]: {"path": "/srv/fim-watch/gen_00017.txt", "event_type": "file_deleted", "event_id": "ecbc0205-905c-415d-8d50-869510190473", "event": "detector.change_detected", "level": "info", "timestamp": "2026-09-18T04:06:13.641659Z"}
Sep 18 01:06:13 fim-host fim-agent[33295]: {"event_id": "ecbc0205-905c-415d-8d50-869510190473", "event": "publisher.event_acked", "level": "info", "timestamp": "2026-09-18T04:06:13.644987Z"}
Sep 18 01:06:17 fim-host fim-agent[33295]: {"event_id": "13fa34a0-c33f-46e3-bbaa-47c6f030bedd", "path": "/srv/fim-watch/gen_00030.txt", "action": "alert_only", "action_failed": false, "event": "decision.evaluated", "level": "info", "timestamp": "2026-09-18T04:06:17.219404Z"}
Sep 18 01:06:17 fim-host fim-agent[33295]: {"event_id": "13fa34a0-c33f-46e3-bbaa-47c6f030bedd", "event": "publisher.event_published", "level": "info", "timestamp": "2026-09-18T04:06:17.231050Z"}
Sep 18 01:06:17 fim-host fim-agent[33295]: {"path": "/srv/fim-watch/gen_00030.txt", "event_type": "file_deleted", "event_id": "13fa34a0-c33f-46e3-bbaa-47c6f030bedd", "event": "detector.change_detected", "level": "info", "timestamp": "2026-09-18T04:06:17.234929Z"}
Sep 18 01:06:17 fim-host fim-agent[33295]: {"event_id": "13fa34a0-c33f-46e3-bbaa-47c6f030bedd", "event": "publisher.event_acked", "level": "info", "timestamp": "2026-09-18T04:06:17.243435Z"}
Sep 18 01:06:20 fim-host fim-agent[33295]: {"event_id": "a78cae47-9864-4f79-8167-9b0f60241b3e", "path": "/srv/fim-watch/gen_00034.txt", "action": "alert_only", "action_failed": false, "event": "decision.evaluated", "level": "info", "timestamp": "2026-09-18T04:06:20.821576Z"}
Sep 18 01:06:20 fim-host fim-agent[33295]: {"event_id": "a78cae47-9864-4f79-8167-9b0f60241b3e", "event": "publisher.event_published", "level": "info", "timestamp": "2026-09-18T04:06:20.831684Z"}
Sep 18 01:06:20 fim-host fim-agent[33295]: {"path": "/srv/fim-watch/gen_00034.txt", "event_type": "file_modified", "event_id": "a78cae47-9864-4f79-8167-9b0f60241b3e", "event": "detector.change_detected", "level": "info", "timestamp": "2026-09-18T04:06:20.836571Z"}
Sep 18 01:06:20 fim-host fim-agent[33295]: {"event_id": "a78cae47-9864-4f79-8167-9b0f60241b3e", "event": "publisher.event_acked", "level": "info", "timestamp": "2026-09-18T04:06:20.840909Z"}
Sep 18 01:06:24 fim-host fim-agent[33295]: {"event_id": "0ea08783-0c2e-4321-95a8-082359324746", "path": "/srv/fim-watch/gen_00037.txt", "action": "alert_only", "action_failed": false, "event": "decision.evaluated", "level": "info", "timestamp": "2026-09-18T04:06:24.419059Z"}
Sep 18 01:06:24 fim-host fim-agent[33295]: {"event_id": "0ea08783-0c2e-4321-95a8-082359324746", "event": "publisher.event_published", "level": "info", "timestamp": "2026-09-18T04:06:24.431273Z"}
Sep 18 01:06:24 fim-host fim-agent[33295]: {"path": "/srv/fim-watch/gen_00037.txt", "event_type": "file_deleted", "event_id": "0ea08783-0c2e-4321-95a8-082359324746", "event": "detector.change_detected", "level": "info", "timestamp": "2026-09-18T04:06:24.434984Z"}
Sep 18 01:06:24 fim-host fim-agent[33295]: {"event_id": "0ea08783-0c2e-4321-95a8-082359324746", "event": "publisher.event_acked", "level": "info", "timestamp": "2026-09-18T04:06:24.441635Z"}
Sep 18 01:06:28 fim-host fim-agent[33295]: {"event_id": "1ee16842-e84a-43cc-9948-6e6c0e3eeadb", "path": "/srv/fim-watch/gen_00038.txt", "action": "alert_only", "action_failed": false, "event": "decision.evaluated", "level": "info", "timestamp": "2026-09-18T04:06:28.094390Z"}
Sep 18 01:06:28 fim-host fim-agent[33295]: {"event_id": "1ee16842-e84a-43cc-9948-6e6c0e3eeadb", "event": "publisher.event_published", "level": "info", "timestamp": "2026-09-18T04:06:28.107057Z"}
Sep 18 01:06:28 fim-host fim-agent[33295]: {"path": "/srv/fim-watch/gen_00038.txt", "event_type": "file_created", "event_id": "1ee16842-e84a-43cc-9948-6e6c0e3eeadb", "event": "detector.change_detected", "level": "info", "timestamp": "2026-09-18T04:06:28.110919Z"}
Sep 18 01:06:28 fim-host fim-agent[33295]: {"event_id": "1ee16842-e84a-43cc-9948-6e6c0e3eeadb", "event": "publisher.event_acked", "level": "info", "timestamp": "2026-09-18T04:06:28.112940Z"}
Sep 18 01:06:31 fim-host fim-agent[33295]: {"event_id": "fa4ee523-acf9-4b7e-b51f-b4ca2ac9f157", "path": "/srv/fim-watch/gen_00025.txt", "action": "alert_only", "action_failed": false, "event": "decision.evaluated", "level": "info", "timestamp": "2026-09-18T04:06:31.620948Z"}
Sep 18 01:06:31 fim-host fim-agent[33295]: {"event_id": "fa4ee523-acf9-4b7e-b51f-b4ca2ac9f157", "event": "publisher.event_published", "level": "info", "timestamp": "2026-09-18T04:06:31.632394Z"}
Sep 18 01:06:31 fim-host fim-agent[33295]: {"path": "/srv/fim-watch/gen_00025.txt", "event_type": "file_modified", "event_id": "fa4ee523-acf9-4b7e-b51f-b4ca2ac9f157", "event": "detector.change_detected", "level": "info", "timestamp": "2026-09-18T04:06:31.636638Z"}
Sep 18 01:06:31 fim-host fim-agent[33295]: {"event_id": "fa4ee523-acf9-4b7e-b51f-b4ca2ac9f157", "event": "publisher.event_acked", "level": "info", "timestamp": "2026-09-18T04:06:31.638627Z"}
Sep 18 01:06:35 fim-host fim-agent[33295]: {"event_id": "4a6a085f-d234-47be-8a94-6a7b731476bc", "path": "/srv/fim-watch/critico/gen_00011.txt", "action": "alert_only", "action_failed": false, "event": "decision.evaluated", "level": "info", "timestamp": "2026-09-18T04:06:35.221422Z"}
Sep 18 01:06:35 fim-host fim-agent[33295]: {"event_id": "4a6a085f-d234-47be-8a94-6a7b731476bc", "event": "publisher.event_published", "level": "info", "timestamp": "2026-09-18T04:06:35.233293Z"}
Sep 18 01:06:35 fim-host fim-agent[33295]: {"path": "/srv/fim-watch/critico/gen_00011.txt", "event_type": "file_modified", "event_id": "4a6a085f-d234-47be-8a94-6a7b731476bc", "event": "detector.change_detected", "level": "info", "timestamp": "2026-09-18T04:06:35.237954Z"}
Sep 18 01:06:35 fim-host fim-agent[33295]: {"event_id": "4a6a085f-d234-47be-8a94-6a7b731476bc", "event": "publisher.event_acked", "level": "info", "timestamp": "2026-09-18T04:06:35.244574Z"}
Sep 18 01:06:38 fim-host fim-agent[33295]: {"event_id": "8c215c05-b102-4863-9a6d-85993140e8d4", "path": "/srv/fim-watch/gen_00036.txt", "action": "alert_only", "action_failed": false, "event": "decision.evaluated", "level": "info", "timestamp": "2026-09-18T04:06:38.822296Z"}
Sep 18 01:06:38 fim-host fim-agent[33295]: {"event_id": "8c215c05-b102-4863-9a6d-85993140e8d4", "event": "publisher.event_published", "level": "info", "timestamp": "2026-09-18T04:06:38.834244Z"}
Sep 18 01:06:38 fim-host fim-agent[33295]: {"path": "/srv/fim-watch/gen_00036.txt", "event_type": "file_modified", "event_id": "8c215c05-b102-4863-9a6d-85993140e8d4", "event": "detector.change_detected", "level": "info", "timestamp": "2026-09-18T04:06:38.838543Z"}
Sep 18 01:06:38 fim-host fim-agent[33295]: {"event_id": "8c215c05-b102-4863-9a6d-85993140e8d4", "event": "publisher.event_acked", "level": "info", "timestamp": "2026-09-18T04:06:38.842095Z"}
Sep 18 01:06:42 fim-host fim-agent[33295]: {"event_id": "edde6e63-456d-4724-9a98-99957c2a5d4f", "path": "/srv/fim-watch/critico/gen_00027.txt", "action": "alert_only", "action_failed": false, "event": "decision.evaluated", "level": "info", "timestamp": "2026-09-18T04:06:42.419456Z"}
Sep 18 01:06:42 fim-host fim-agent[33295]: {"event_id": "edde6e63-456d-4724-9a98-99957c2a5d4f", "event": "publisher.event_published", "level": "info", "timestamp": "2026-09-18T04:06:42.428476Z"}
Sep 18 01:06:42 fim-host fim-agent[33295]: {"path": "/srv/fim-watch/critico/gen_00027.txt", "event_type": "file_modified", "event_id": "edde6e63-456d-4724-9a98-99957c2a5d4f", "event": "detector.change_detected", "level": "info", "timestamp": "2026-09-18T04:06:42.432324Z"}
Sep 18 01:06:42 fim-host fim-agent[33295]: {"event_id": "edde6e63-456d-4724-9a98-99957c2a5d4f", "event": "publisher.event_acked", "level": "info", "timestamp": "2026-09-18T04:06:42.437280Z"}
Sep 18 01:06:46 fim-host fim-agent[33295]: {"event_id": "7abf0b53-8136-4e3a-9b17-10fa2e15ebf5", "path": "/srv/fim-watch/gen_00031.txt", "action": "alert_only", "action_failed": false, "event": "decision.evaluated", "level": "info", "timestamp": "2026-09-18T04:06:46.012405Z"}
Sep 18 01:06:46 fim-host fim-agent[33295]: {"event_id": "7abf0b53-8136-4e3a-9b17-10fa2e15ebf5", "event": "publisher.event_published", "level": "info", "timestamp": "2026-09-18T04:06:46.023542Z"}
Sep 18 01:06:46 fim-host fim-agent[33295]: {"path": "/srv/fim-watch/gen_00031.txt", "event_type": "file_modified", "event_id": "7abf0b53-8136-4e3a-9b17-10fa2e15ebf5", "event": "detector.change_detected", "level": "info", "timestamp": "2026-09-18T04:06:46.028423Z"}
Sep 18 01:06:46 fim-host fim-agent[33295]: {"event_id": "7abf0b53-8136-4e3a-9b17-10fa2e15ebf5", "event": "publisher.event_acked", "level": "info", "timestamp": "2026-09-18T04:06:46.030406Z"}
Sep 18 01:06:49 fim-host fim-agent[33295]: {"event_id": "e255ac4f-a48f-41ca-91c5-7a0e01208fb4", "path": "/srv/fim-watch/gen_00034.txt", "action": "alert_only", "action_failed": false, "event": "decision.evaluated", "level": "info", "timestamp": "2026-09-18T04:06:49.621091Z"}
Sep 18 01:06:49 fim-host fim-agent[33295]: {"event_id": "e255ac4f-a48f-41ca-91c5-7a0e01208fb4", "event": "publisher.event_published", "level": "info", "timestamp": "2026-09-18T04:06:49.633710Z"}
Sep 18 01:06:49 fim-host fim-agent[33295]: {"path": "/srv/fim-watch/gen_00034.txt", "event_type": "file_modified", "event_id": "e255ac4f-a48f-41ca-91c5-7a0e01208fb4", "event": "detector.change_detected", "level": "info", "timestamp": "2026-09-18T04:06:49.638897Z"}
Sep 18 01:06:49 fim-host fim-agent[33295]: {"event_id": "e255ac4f-a48f-41ca-91c5-7a0e01208fb4", "event": "publisher.event_acked", "level": "info", "timestamp": "2026-09-18T04:06:49.644832Z"}
Sep 18 01:06:53 fim-host fim-agent[33295]: {"event_id": "3724aa22-5436-41c1-838c-503b91f364b4", "path": "/srv/fim-watch/gen_00034.txt", "action": "alert_only", "action_failed": false, "event": "decision.evaluated", "level": "info", "timestamp": "2026-09-18T04:06:53.220127Z"}
Sep 18 01:06:53 fim-host fim-agent[33295]: {"event_id": "3724aa22-5436-41c1-838c-503b91f364b4", "event": "publisher.event_published", "level": "info", "timestamp": "2026-09-18T04:06:53.232546Z"}
Sep 18 01:06:53 fim-host fim-agent[33295]: {"path": "/srv/fim-watch/gen_00034.txt", "event_type": "file_modified", "event_id": "3724aa22-5436-41c1-838c-503b91f364b4", "event": "detector.change_detected", "level": "info", "timestamp": "2026-09-18T04:06:53.238288Z"}
Sep 18 01:06:53 fim-host fim-agent[33295]: {"event_id": "3724aa22-5436-41c1-838c-503b91f364b4", "event": "publisher.event_acked", "level": "info", "timestamp": "2026-09-18T04:06:53.244765Z"}
Sep 18 01:06:56 fim-host fim-agent[33295]: {"event_id": "3ef847d8-a373-4972-889c-aac814448ae1", "path": "/srv/fim-watch/critico/gen_00039.txt", "action": "alert_only", "action_failed": false, "event": "decision.evaluated", "level": "info", "timestamp": "2026-09-18T04:06:56.818674Z"}
Sep 18 01:06:56 fim-host fim-agent[33295]: {"event_id": "3ef847d8-a373-4972-889c-aac814448ae1", "event": "publisher.event_published", "level": "info", "timestamp": "2026-09-18T04:06:56.829984Z"}
Sep 18 01:06:56 fim-host fim-agent[33295]: {"path": "/srv/fim-watch/critico/gen_00039.txt", "event_type": "file_modified", "event_id": "3ef847d8-a373-4972-889c-aac814448ae1", "event": "detector.change_detected", "level": "info", "timestamp": "2026-09-18T04:06:56.835237Z"}
Sep 18 01:06:56 fim-host fim-agent[33295]: {"event_id": "3ef847d8-a373-4972-889c-aac814448ae1", "event": "publisher.event_acked", "level": "info", "timestamp": "2026-09-18T04:06:56.841780Z"}
Sep 18 01:07:00 fim-host fim-agent[33295]: {"event_id": "1286e005-0b7e-413e-b423-bb94d8b7b74c", "path": "/srv/fim-watch/gen_00040.txt", "action": "alert_only", "action_failed": false, "event": "decision.evaluated", "level": "info", "timestamp": "2026-09-18T04:07:00.419900Z"}
Sep 18 01:07:00 fim-host fim-agent[33295]: {"event_id": "1286e005-0b7e-413e-b423-bb94d8b7b74c", "event": "publisher.event_published", "level": "info", "timestamp": "2026-09-18T04:07:00.433651Z"}
Sep 18 01:07:00 fim-host fim-agent[33295]: {"path": "/srv/fim-watch/gen_00040.txt", "event_type": "file_modified", "event_id": "1286e005-0b7e-413e-b423-bb94d8b7b74c", "event": "detector.change_detected", "level": "info", "timestamp": "2026-09-18T04:07:00.439356Z"}
Sep 18 01:07:00 fim-host fim-agent[33295]: {"event_id": "1286e005-0b7e-413e-b423-bb94d8b7b74c", "event": "publisher.event_acked", "level": "info", "timestamp": "2026-09-18T04:07:00.444454Z"}
Sep 18 01:07:04 fim-host fim-agent[33295]: {"event_id": "e5d75d6b-6131-4e2e-9963-5b9791af7453", "path": "/srv/fim-watch/gen_00041.txt", "action": "alert_only", "action_failed": false, "event": "decision.evaluated", "level": "info", "timestamp": "2026-09-18T04:07:04.019728Z"}
Sep 18 01:07:04 fim-host fim-agent[33295]: {"event_id": "e5d75d6b-6131-4e2e-9963-5b9791af7453", "event": "publisher.event_published", "level": "info", "timestamp": "2026-09-18T04:07:04.033555Z"}
Sep 18 01:07:04 fim-host fim-agent[33295]: {"path": "/srv/fim-watch/gen_00041.txt", "event_type": "file_modified", "event_id": "e5d75d6b-6131-4e2e-9963-5b9791af7453", "event": "detector.change_detected", "level": "info", "timestamp": "2026-09-18T04:07:04.041481Z"}
Sep 18 01:07:04 fim-host fim-agent[33295]: {"event_id": "e5d75d6b-6131-4e2e-9963-5b9791af7453", "event": "publisher.event_acked", "level": "info", "timestamp": "2026-09-18T04:07:04.044839Z"}
Sep 18 01:07:07 fim-host fim-agent[33295]: {"event_id": "f49b676f-3517-4113-aee7-09015a25bf7d", "path": "/srv/fim-watch/critico/gen_00011.txt", "action": "alert_only", "action_failed": false, "event": "decision.evaluated", "level": "info", "timestamp": "2026-09-18T04:07:07.614797Z"}
Sep 18 01:07:07 fim-host fim-agent[33295]: {"event_id": "f49b676f-3517-4113-aee7-09015a25bf7d", "event": "publisher.event_published", "level": "info", "timestamp": "2026-09-18T04:07:07.626731Z"}
Sep 18 01:07:07 fim-host fim-agent[33295]: {"path": "/srv/fim-watch/critico/gen_00011.txt", "event_type": "file_deleted", "event_id": "f49b676f-3517-4113-aee7-09015a25bf7d", "event": "detector.change_detected", "level": "info", "timestamp": "2026-09-18T04:07:07.629824Z"}
Sep 18 01:07:07 fim-host fim-agent[33295]: {"event_id": "f49b676f-3517-4113-aee7-09015a25bf7d", "event": "publisher.event_acked", "level": "info", "timestamp": "2026-09-18T04:07:07.634488Z"}
Sep 18 01:07:11 fim-host fim-agent[33295]: {"event_id": "83f63013-11de-4f88-8ca1-8879af6533c8", "path": "/srv/fim-watch/gen_00034.txt", "action": "alert_only", "action_failed": false, "event": "decision.evaluated", "level": "info", "timestamp": "2026-09-18T04:07:11.220167Z"}
Sep 18 01:07:11 fim-host fim-agent[33295]: {"event_id": "83f63013-11de-4f88-8ca1-8879af6533c8", "event": "publisher.event_published", "level": "info", "timestamp": "2026-09-18T04:07:11.233341Z"}
Sep 18 01:07:11 fim-host fim-agent[33295]: {"path": "/srv/fim-watch/gen_00034.txt", "event_type": "file_modified", "event_id": "83f63013-11de-4f88-8ca1-8879af6533c8", "event": "detector.change_detected", "level": "info", "timestamp": "2026-09-18T04:07:11.239988Z"}
Sep 18 01:07:11 fim-host fim-agent[33295]: {"event_id": "83f63013-11de-4f88-8ca1-8879af6533c8", "event": "publisher.event_acked", "level": "info", "timestamp": "2026-09-18T04:07:11.244645Z"}
Sep 18 01:07:14 fim-host fim-agent[33295]: {"event_id": "dca1b7eb-b629-4bd5-ad17-3bc69e55fb74", "path": "/srv/fim-watch/critico/gen_00029.txt", "action": "alert_only", "action_failed": false, "event": "decision.evaluated", "level": "info", "timestamp": "2026-09-18T04:07:14.820046Z"}
Sep 18 01:07:14 fim-host fim-agent[33295]: {"event_id": "dca1b7eb-b629-4bd5-ad17-3bc69e55fb74", "event": "publisher.event_published", "level": "info", "timestamp": "2026-09-18T04:07:14.833799Z"}
Sep 18 01:07:14 fim-host fim-agent[33295]: {"path": "/srv/fim-watch/critico/gen_00029.txt", "event_type": "file_modified", "event_id": "dca1b7eb-b629-4bd5-ad17-3bc69e55fb74", "event": "detector.change_detected", "level": "info", "timestamp": "2026-09-18T04:07:14.839434Z"}
Sep 18 01:07:14 fim-host fim-agent[33295]: {"event_id": "dca1b7eb-b629-4bd5-ad17-3bc69e55fb74", "event": "publisher.event_acked", "level": "info", "timestamp": "2026-09-18T04:07:14.843845Z"}
Sep 18 01:07:18 fim-host fim-agent[33295]: {"event_id": "51a669de-81f0-4e62-aee2-f5c84b3c2d33", "path": "/srv/fim-watch/critico/gen_00042.txt", "action": "alert_only", "action_failed": false, "event": "decision.evaluated", "level": "info", "timestamp": "2026-09-18T04:07:18.411096Z"}
Sep 18 01:07:18 fim-host fim-agent[33295]: {"event_id": "51a669de-81f0-4e62-aee2-f5c84b3c2d33", "event": "publisher.event_published", "level": "info", "timestamp": "2026-09-18T04:07:18.424519Z"}
Sep 18 01:07:18 fim-host fim-agent[33295]: {"path": "/srv/fim-watch/critico/gen_00042.txt", "event_type": "file_modified", "event_id": "51a669de-81f0-4e62-aee2-f5c84b3c2d33", "event": "detector.change_detected", "level": "info", "timestamp": "2026-09-18T04:07:18.429132Z"}
Sep 18 01:07:18 fim-host fim-agent[33295]: {"event_id": "51a669de-81f0-4e62-aee2-f5c84b3c2d33", "event": "publisher.event_acked", "level": "info", "timestamp": "2026-09-18T04:07:18.432962Z"}
Sep 18 01:07:22 fim-host fim-agent[33295]: {"event_id": "05585204-2316-4917-aed5-78803e014343", "path": "/srv/fim-watch/critico/gen_00027.txt", "action": "alert_only", "action_failed": false, "event": "decision.evaluated", "level": "info", "timestamp": "2026-09-18T04:07:22.018356Z"}
Sep 18 01:07:22 fim-host fim-agent[33295]: {"event_id": "05585204-2316-4917-aed5-78803e014343", "event": "publisher.event_published", "level": "info", "timestamp": "2026-09-18T04:07:22.032743Z"}
Sep 18 01:07:22 fim-host fim-agent[33295]: {"path": "/srv/fim-watch/critico/gen_00027.txt", "event_type": "file_modified", "event_id": "05585204-2316-4917-aed5-78803e014343", "event": "detector.change_detected", "level": "info", "timestamp": "2026-09-18T04:07:22.038175Z"}
Sep 18 01:07:22 fim-host fim-agent[33295]: {"event_id": "05585204-2316-4917-aed5-78803e014343", "event": "publisher.event_acked", "level": "info", "timestamp": "2026-09-18T04:07:22.042394Z"}
Sep 18 01:07:25 fim-host fim-agent[33295]: {"event_id": "ac308a05-47c7-4a3a-8cc0-fa55c91bcf19", "path": "/srv/fim-watch/critico/gen_00027.txt", "action": "alert_only", "action_failed": false, "event": "decision.evaluated", "level": "info", "timestamp": "2026-09-18T04:07:25.618315Z"}
Sep 18 01:07:25 fim-host fim-agent[33295]: {"event_id": "ac308a05-47c7-4a3a-8cc0-fa55c91bcf19", "event": "publisher.event_published", "level": "info", "timestamp": "2026-09-18T04:07:25.629788Z"}
Sep 18 01:07:25 fim-host fim-agent[33295]: {"path": "/srv/fim-watch/critico/gen_00027.txt", "event_type": "file_modified", "event_id": "ac308a05-47c7-4a3a-8cc0-fa55c91bcf19", "event": "detector.change_detected", "level": "info", "timestamp": "2026-09-18T04:07:25.633394Z"}
Sep 18 01:07:25 fim-host fim-agent[33295]: {"event_id": "ac308a05-47c7-4a3a-8cc0-fa55c91bcf19", "event": "publisher.event_acked", "level": "info", "timestamp": "2026-09-18T04:07:25.638567Z"}
Sep 18 01:07:29 fim-host fim-agent[33295]: {"event_id": "abb47560-bbc6-41af-abf3-670fa7d6a7c0", "path": "/srv/fim-watch/gen_00034.txt", "action": "alert_only", "action_failed": false, "event": "decision.evaluated", "level": "info", "timestamp": "2026-09-18T04:07:29.214636Z"}
Sep 18 01:07:29 fim-host fim-agent[33295]: {"event_id": "abb47560-bbc6-41af-abf3-670fa7d6a7c0", "event": "publisher.event_published", "level": "info", "timestamp": "2026-09-18T04:07:29.223927Z"}
Sep 18 01:07:29 fim-host fim-agent[33295]: {"path": "/srv/fim-watch/gen_00034.txt", "event_type": "file_modified", "event_id": "abb47560-bbc6-41af-abf3-670fa7d6a7c0", "event": "detector.change_detected", "level": "info", "timestamp": "2026-09-18T04:07:29.227602Z"}
Sep 18 01:07:29 fim-host fim-agent[33295]: {"event_id": "abb47560-bbc6-41af-abf3-670fa7d6a7c0", "event": "publisher.event_acked", "level": "info", "timestamp": "2026-09-18T04:07:29.234200Z"}
Sep 18 01:07:32 fim-host fim-agent[33295]: {"event_id": "2137b018-e162-4cf9-9f40-2d57b7bde591", "path": "/srv/fim-watch/gen_00031.txt", "action": "alert_only", "action_failed": false, "event": "decision.evaluated", "level": "info", "timestamp": "2026-09-18T04:07:32.813630Z"}
Sep 18 01:07:32 fim-host fim-agent[33295]: {"event_id": "2137b018-e162-4cf9-9f40-2d57b7bde591", "event": "publisher.event_published", "level": "info", "timestamp": "2026-09-18T04:07:32.827978Z"}
Sep 18 01:07:32 fim-host fim-agent[33295]: {"path": "/srv/fim-watch/gen_00031.txt", "event_type": "file_deleted", "event_id": "2137b018-e162-4cf9-9f40-2d57b7bde591", "event": "detector.change_detected", "level": "info", "timestamp": "2026-09-18T04:07:32.831732Z"}
Sep 18 01:07:32 fim-host fim-agent[33295]: {"event_id": "2137b018-e162-4cf9-9f40-2d57b7bde591", "event": "publisher.event_acked", "level": "info", "timestamp": "2026-09-18T04:07:32.836583Z"}
Sep 18 01:07:36 fim-host fim-agent[33295]: {"event_id": "da6094d4-1cd1-432a-be69-906ce9e89744", "path": "/srv/fim-watch/gen_00034.txt", "action": "alert_only", "action_failed": false, "event": "decision.evaluated", "level": "info", "timestamp": "2026-09-18T04:07:36.413525Z"}
Sep 18 01:07:36 fim-host fim-agent[33295]: {"event_id": "da6094d4-1cd1-432a-be69-906ce9e89744", "event": "publisher.event_published", "level": "info", "timestamp": "2026-09-18T04:07:36.423346Z"}
Sep 18 01:07:36 fim-host fim-agent[33295]: {"path": "/srv/fim-watch/gen_00034.txt", "event_type": "file_modified", "event_id": "da6094d4-1cd1-432a-be69-906ce9e89744", "event": "detector.change_detected", "level": "info", "timestamp": "2026-09-18T04:07:36.427498Z"}
Sep 18 01:07:36 fim-host fim-agent[33295]: {"event_id": "da6094d4-1cd1-432a-be69-906ce9e89744", "event": "publisher.event_acked", "level": "info", "timestamp": "2026-09-18T04:07:36.433796Z"}
Sep 18 01:07:40 fim-host fim-agent[33295]: {"event_id": "dc03ec57-d88f-4a7c-87fb-368f0ad72ed2", "path": "/srv/fim-watch/gen_00034.txt", "action": "alert_only", "action_failed": false, "event": "decision.evaluated", "level": "info", "timestamp": "2026-09-18T04:07:40.017643Z"}
Sep 18 01:07:40 fim-host fim-agent[33295]: {"event_id": "dc03ec57-d88f-4a7c-87fb-368f0ad72ed2", "event": "publisher.event_published", "level": "info", "timestamp": "2026-09-18T04:07:40.027354Z"}
Sep 18 01:07:40 fim-host fim-agent[33295]: {"path": "/srv/fim-watch/gen_00034.txt", "event_type": "file_modified", "event_id": "dc03ec57-d88f-4a7c-87fb-368f0ad72ed2", "event": "detector.change_detected", "level": "info", "timestamp": "2026-09-18T04:07:40.032888Z"}
Sep 18 01:07:40 fim-host fim-agent[33295]: {"event_id": "dc03ec57-d88f-4a7c-87fb-368f0ad72ed2", "event": "publisher.event_acked", "level": "info", "timestamp": "2026-09-18T04:07:40.036671Z"}
Sep 18 01:07:43 fim-host fim-agent[33295]: {"event_id": "003b3b89-1e03-41cc-9e4c-54863632ba6e", "path": "/srv/fim-watch/gen_00034.txt", "action": "alert_only", "action_failed": false, "event": "decision.evaluated", "level": "info", "timestamp": "2026-09-18T04:07:43.614959Z"}
Sep 18 01:07:43 fim-host fim-agent[33295]: {"event_id": "003b3b89-1e03-41cc-9e4c-54863632ba6e", "event": "publisher.event_published", "level": "info", "timestamp": "2026-09-18T04:07:43.624043Z"}
Sep 18 01:07:43 fim-host fim-agent[33295]: {"path": "/srv/fim-watch/gen_00034.txt", "event_type": "file_modified", "event_id": "003b3b89-1e03-41cc-9e4c-54863632ba6e", "event": "detector.change_detected", "level": "info", "timestamp": "2026-09-18T04:07:43.627720Z"}
Sep 18 01:07:43 fim-host fim-agent[33295]: {"event_id": "003b3b89-1e03-41cc-9e4c-54863632ba6e", "event": "publisher.event_acked", "level": "info", "timestamp": "2026-09-18T04:07:43.632844Z"}
Sep 18 01:07:47 fim-host fim-agent[33295]: {"event_id": "49578330-7b10-47a6-a050-fd92a6cd6226", "path": "/srv/fim-watch/gen_00034.txt", "action": "alert_only", "action_failed": false, "event": "decision.evaluated", "level": "info", "timestamp": "2026-09-18T04:07:47.212101Z"}
Sep 18 01:07:47 fim-host fim-agent[33295]: {"event_id": "49578330-7b10-47a6-a050-fd92a6cd6226", "event": "publisher.event_published", "level": "info", "timestamp": "2026-09-18T04:07:47.221271Z"}
Sep 18 01:07:47 fim-host fim-agent[33295]: {"path": "/srv/fim-watch/gen_00034.txt", "event_type": "file_modified", "event_id": "49578330-7b10-47a6-a050-fd92a6cd6226", "event": "detector.change_detected", "level": "info", "timestamp": "2026-09-18T04:07:47.225526Z"}
Sep 18 01:07:47 fim-host fim-agent[33295]: {"event_id": "49578330-7b10-47a6-a050-fd92a6cd6226", "event": "publisher.event_acked", "level": "info", "timestamp": "2026-09-18T04:07:47.232163Z"}
Sep 18 01:07:50 fim-host fim-agent[33295]: {"event_id": "fec58e32-46b6-4782-b5c0-d594f168306c", "path": "/srv/fim-watch/gen_00034.txt", "action": "alert_only", "action_failed": false, "event": "decision.evaluated", "level": "info", "timestamp": "2026-09-18T04:07:50.814873Z"}
Sep 18 01:07:50 fim-host fim-agent[33295]: {"event_id": "fec58e32-46b6-4782-b5c0-d594f168306c", "event": "publisher.event_published", "level": "info", "timestamp": "2026-09-18T04:07:50.825884Z"}
Sep 18 01:07:50 fim-host fim-agent[33295]: {"path": "/srv/fim-watch/gen_00034.txt", "event_type": "file_modified", "event_id": "fec58e32-46b6-4782-b5c0-d594f168306c", "event": "detector.change_detected", "level": "info", "timestamp": "2026-09-18T04:07:50.829601Z"}
Sep 18 01:07:50 fim-host fim-agent[33295]: {"event_id": "fec58e32-46b6-4782-b5c0-d594f168306c", "event": "publisher.event_acked", "level": "info", "timestamp": "2026-09-18T04:07:50.833064Z"}
Sep 18 01:07:54 fim-host fim-agent[33295]: {"event_id": "7251c814-011e-4207-8655-f26cde5ade4d", "path": "/srv/fim-watch/gen_00032.txt", "action": "alert_only", "action_failed": false, "event": "decision.evaluated", "level": "info", "timestamp": "2026-09-18T04:07:54.412118Z"}
Sep 18 01:07:54 fim-host fim-agent[33295]: {"event_id": "7251c814-011e-4207-8655-f26cde5ade4d", "event": "publisher.event_published", "level": "info", "timestamp": "2026-09-18T04:07:54.422829Z"}
Sep 18 01:07:54 fim-host fim-agent[33295]: {"path": "/srv/fim-watch/gen_00032.txt", "event_type": "file_modified", "event_id": "7251c814-011e-4207-8655-f26cde5ade4d", "event": "detector.change_detected", "level": "info", "timestamp": "2026-09-18T04:07:54.427170Z"}
Sep 18 01:07:54 fim-host fim-agent[33295]: {"event_id": "7251c814-011e-4207-8655-f26cde5ade4d", "event": "publisher.event_acked", "level": "info", "timestamp": "2026-09-18T04:07:54.432963Z"}
Sep 18 01:07:58 fim-host fim-agent[33295]: {"event_id": "198a2601-3ff1-4d97-a0f2-82a26fe48c22", "path": "/srv/fim-watch/gen_00038.txt", "action": "alert_only", "action_failed": false, "event": "decision.evaluated", "level": "info", "timestamp": "2026-09-18T04:07:58.014532Z"}
Sep 18 01:07:58 fim-host fim-agent[33295]: {"event_id": "198a2601-3ff1-4d97-a0f2-82a26fe48c22", "event": "publisher.event_published", "level": "info", "timestamp": "2026-09-18T04:07:58.026059Z"}
Sep 18 01:07:58 fim-host fim-agent[33295]: {"path": "/srv/fim-watch/gen_00038.txt", "event_type": "file_deleted", "event_id": "198a2601-3ff1-4d97-a0f2-82a26fe48c22", "event": "detector.change_detected", "level": "info", "timestamp": "2026-09-18T04:07:58.030007Z"}
Sep 18 01:07:58 fim-host fim-agent[33295]: {"event_id": "198a2601-3ff1-4d97-a0f2-82a26fe48c22", "event": "publisher.event_acked", "level": "info", "timestamp": "2026-09-18T04:07:58.034218Z"}
Sep 18 01:08:01 fim-host fim-agent[33295]: {"event_id": "115e8b1c-855a-42e3-b674-de599ef3fab3", "path": "/srv/fim-watch/gen_00034.txt", "action": "alert_only", "action_failed": false, "event": "decision.evaluated", "level": "info", "timestamp": "2026-09-18T04:08:01.610447Z"}
Sep 18 01:08:01 fim-host fim-agent[33295]: {"event_id": "115e8b1c-855a-42e3-b674-de599ef3fab3", "event": "publisher.event_published", "level": "info", "timestamp": "2026-09-18T04:08:01.621934Z"}
Sep 18 01:08:01 fim-host fim-agent[33295]: {"path": "/srv/fim-watch/gen_00034.txt", "event_type": "file_modified", "event_id": "115e8b1c-855a-42e3-b674-de599ef3fab3", "event": "detector.change_detected", "level": "info", "timestamp": "2026-09-18T04:08:01.626272Z"}
Sep 18 01:08:01 fim-host fim-agent[33295]: {"event_id": "115e8b1c-855a-42e3-b674-de599ef3fab3", "event": "publisher.event_acked", "level": "info", "timestamp": "2026-09-18T04:08:01.628144Z"}
Sep 18 01:08:05 fim-host fim-agent[33295]: {"event_id": "b623fa29-8e79-4c89-82a6-4722ca0a19e2", "path": "/srv/fim-watch/gen_00034.txt", "action": "alert_only", "action_failed": false, "event": "decision.evaluated", "level": "info", "timestamp": "2026-09-18T04:08:05.211940Z"}
Sep 18 01:08:05 fim-host fim-agent[33295]: {"event_id": "b623fa29-8e79-4c89-82a6-4722ca0a19e2", "event": "publisher.event_published", "level": "info", "timestamp": "2026-09-18T04:08:05.223167Z"}
Sep 18 01:08:05 fim-host fim-agent[33295]: {"path": "/srv/fim-watch/gen_00034.txt", "event_type": "file_modified", "event_id": "b623fa29-8e79-4c89-82a6-4722ca0a19e2", "event": "detector.change_detected", "level": "info", "timestamp": "2026-09-18T04:08:05.228034Z"}
Sep 18 01:08:05 fim-host fim-agent[33295]: {"event_id": "b623fa29-8e79-4c89-82a6-4722ca0a19e2", "event": "publisher.event_acked", "level": "info", "timestamp": "2026-09-18T04:08:05.234276Z"}
Sep 18 01:08:08 fim-host fim-agent[33295]: {"event_id": "d1567429-aa09-41c2-a4c7-85f46080e34a", "path": "/srv/fim-watch/critico/gen_00027.txt", "action": "alert_only", "action_failed": false, "event": "decision.evaluated", "level": "info", "timestamp": "2026-09-18T04:08:08.813328Z"}
Sep 18 01:08:08 fim-host fim-agent[33295]: {"event_id": "d1567429-aa09-41c2-a4c7-85f46080e34a", "event": "publisher.event_published", "level": "info", "timestamp": "2026-09-18T04:08:08.824780Z"}
Sep 18 01:08:08 fim-host fim-agent[33295]: {"path": "/srv/fim-watch/critico/gen_00027.txt", "event_type": "file_modified", "event_id": "d1567429-aa09-41c2-a4c7-85f46080e34a", "event": "detector.change_detected", "level": "info", "timestamp": "2026-09-18T04:08:08.829334Z"}
Sep 18 01:08:08 fim-host fim-agent[33295]: {"event_id": "d1567429-aa09-41c2-a4c7-85f46080e34a", "event": "publisher.event_acked", "level": "info", "timestamp": "2026-09-18T04:08:08.835967Z"}
Sep 18 01:08:12 fim-host fim-agent[33295]: {"event_id": "13c50d63-9937-4f72-8ffb-cde91509d213", "path": "/srv/fim-watch/critico/gen_00027.txt", "action": "alert_only", "action_failed": false, "event": "decision.evaluated", "level": "info", "timestamp": "2026-09-18T04:08:12.413506Z"}
Sep 18 01:08:12 fim-host fim-agent[33295]: {"event_id": "13c50d63-9937-4f72-8ffb-cde91509d213", "event": "publisher.event_published", "level": "info", "timestamp": "2026-09-18T04:08:12.425567Z"}
Sep 18 01:08:12 fim-host fim-agent[33295]: {"path": "/srv/fim-watch/critico/gen_00027.txt", "event_type": "file_modified", "event_id": "13c50d63-9937-4f72-8ffb-cde91509d213", "event": "detector.change_detected", "level": "info", "timestamp": "2026-09-18T04:08:12.430334Z"}
Sep 18 01:08:12 fim-host fim-agent[33295]: {"event_id": "13c50d63-9937-4f72-8ffb-cde91509d213", "event": "publisher.event_acked", "level": "info", "timestamp": "2026-09-18T04:08:12.435744Z"}
Sep 18 01:08:16 fim-host fim-agent[33295]: {"event_id": "eb8d7ce8-fb48-4fc8-8fcf-b2f90fa7105a", "path": "/srv/fim-watch/critico/gen_00027.txt", "action": "alert_only", "action_failed": false, "event": "decision.evaluated", "level": "info", "timestamp": "2026-09-18T04:08:16.016600Z"}
Sep 18 01:08:16 fim-host fim-agent[33295]: {"event_id": "eb8d7ce8-fb48-4fc8-8fcf-b2f90fa7105a", "event": "publisher.event_published", "level": "info", "timestamp": "2026-09-18T04:08:16.029087Z"}
Sep 18 01:08:16 fim-host fim-agent[33295]: {"path": "/srv/fim-watch/critico/gen_00027.txt", "event_type": "file_modified", "event_id": "eb8d7ce8-fb48-4fc8-8fcf-b2f90fa7105a", "event": "detector.change_detected", "level": "info", "timestamp": "2026-09-18T04:08:16.034084Z"}
Sep 18 01:08:16 fim-host fim-agent[33295]: {"event_id": "eb8d7ce8-fb48-4fc8-8fcf-b2f90fa7105a", "event": "publisher.event_acked", "level": "info", "timestamp": "2026-09-18T04:08:16.040736Z"}
Sep 18 01:08:19 fim-host fim-agent[33295]: {"event_id": "51695876-184d-4dc3-b2a1-771809141566", "path": "/srv/fim-watch/critico/gen_00027.txt", "action": "alert_only", "action_failed": false, "event": "decision.evaluated", "level": "info", "timestamp": "2026-09-18T04:08:19.615831Z"}
Sep 18 01:08:19 fim-host fim-agent[33295]: {"event_id": "51695876-184d-4dc3-b2a1-771809141566", "event": "publisher.event_published", "level": "info", "timestamp": "2026-09-18T04:08:19.629684Z"}
Sep 18 01:08:19 fim-host fim-agent[33295]: {"path": "/srv/fim-watch/critico/gen_00027.txt", "event_type": "file_modified", "event_id": "51695876-184d-4dc3-b2a1-771809141566", "event": "detector.change_detected", "level": "info", "timestamp": "2026-09-18T04:08:19.634778Z"}
Sep 18 01:08:19 fim-host fim-agent[33295]: {"event_id": "51695876-184d-4dc3-b2a1-771809141566", "event": "publisher.event_acked", "level": "info", "timestamp": "2026-09-18T04:08:19.640845Z"}
Sep 18 01:08:23 fim-host fim-agent[33295]: {"event_id": "496729bd-2b80-4f95-a1a6-99a2c7f95484", "path": "/srv/fim-watch/critico/gen_00027.txt", "action": "alert_only", "action_failed": false, "event": "decision.evaluated", "level": "info", "timestamp": "2026-09-18T04:08:23.210725Z"}
Sep 18 01:08:23 fim-host fim-agent[33295]: {"event_id": "496729bd-2b80-4f95-a1a6-99a2c7f95484", "event": "publisher.event_published", "level": "info", "timestamp": "2026-09-18T04:08:23.219652Z"}
Sep 18 01:08:23 fim-host fim-agent[33295]: {"path": "/srv/fim-watch/critico/gen_00027.txt", "event_type": "file_modified", "event_id": "496729bd-2b80-4f95-a1a6-99a2c7f95484", "event": "detector.change_detected", "level": "info", "timestamp": "2026-09-18T04:08:23.223272Z"}
Sep 18 01:08:23 fim-host fim-agent[33295]: {"event_id": "496729bd-2b80-4f95-a1a6-99a2c7f95484", "event": "publisher.event_acked", "level": "info", "timestamp": "2026-09-18T04:08:23.229657Z"}
Sep 18 01:08:26 fim-host fim-agent[33295]: {"event_id": "288affbf-8b76-4c5c-912d-a8caf5bb31c1", "path": "/srv/fim-watch/critico/gen_00027.txt", "action": "alert_only", "action_failed": false, "event": "decision.evaluated", "level": "info", "timestamp": "2026-09-18T04:08:26.814035Z"}
Sep 18 01:08:26 fim-host fim-agent[33295]: {"event_id": "288affbf-8b76-4c5c-912d-a8caf5bb31c1", "event": "publisher.event_published", "level": "info", "timestamp": "2026-09-18T04:08:26.825808Z"}
Sep 18 01:08:26 fim-host fim-agent[33295]: {"path": "/srv/fim-watch/critico/gen_00027.txt", "event_type": "file_modified", "event_id": "288affbf-8b76-4c5c-912d-a8caf5bb31c1", "event": "detector.change_detected", "level": "info", "timestamp": "2026-09-18T04:08:26.830468Z"}
Sep 18 01:08:26 fim-host fim-agent[33295]: {"event_id": "288affbf-8b76-4c5c-912d-a8caf5bb31c1", "event": "publisher.event_acked", "level": "info", "timestamp": "2026-09-18T04:08:26.836418Z"}
Sep 18 01:08:30 fim-host fim-agent[33295]: {"event_id": "8ab65010-ed07-498a-99aa-b6f60a7c633c", "path": "/srv/fim-watch/gen_00014.txt", "action": "alert_only", "action_failed": false, "event": "decision.evaluated", "level": "info", "timestamp": "2026-09-18T04:08:30.407256Z"}
Sep 18 01:08:30 fim-host fim-agent[33295]: {"event_id": "8ab65010-ed07-498a-99aa-b6f60a7c633c", "event": "publisher.event_published", "level": "info", "timestamp": "2026-09-18T04:08:30.415135Z"}
Sep 18 01:08:30 fim-host fim-agent[33295]: {"path": "/srv/fim-watch/gen_00014.txt", "event_type": "file_modified", "event_id": "8ab65010-ed07-498a-99aa-b6f60a7c633c", "event": "detector.change_detected", "level": "info", "timestamp": "2026-09-18T04:08:30.418168Z"}
Sep 18 01:08:30 fim-host fim-agent[33295]: {"event_id": "8ab65010-ed07-498a-99aa-b6f60a7c633c", "event": "publisher.event_acked", "level": "info", "timestamp": "2026-09-18T04:08:30.420722Z"}
Sep 18 01:08:34 fim-host fim-agent[33295]: {"event_id": "e422950c-d1b2-41d2-b4a7-58f9ab15453b", "path": "/srv/fim-watch/critico/gen_00029.txt", "action": "alert_only", "action_failed": false, "event": "decision.evaluated", "level": "info", "timestamp": "2026-09-18T04:08:34.011455Z"}
Sep 18 01:08:34 fim-host fim-agent[33295]: {"event_id": "e422950c-d1b2-41d2-b4a7-58f9ab15453b", "event": "publisher.event_published", "level": "info", "timestamp": "2026-09-18T04:08:34.022449Z"}
Sep 18 01:08:34 fim-host fim-agent[33295]: {"path": "/srv/fim-watch/critico/gen_00029.txt", "event_type": "file_modified", "event_id": "e422950c-d1b2-41d2-b4a7-58f9ab15453b", "event": "detector.change_detected", "level": "info", "timestamp": "2026-09-18T04:08:34.026697Z"}
Sep 18 01:08:34 fim-host fim-agent[33295]: {"event_id": "e422950c-d1b2-41d2-b4a7-58f9ab15453b", "event": "publisher.event_acked", "level": "info", "timestamp": "2026-09-18T04:08:34.032240Z"}
Sep 18 01:08:37 fim-host fim-agent[33295]: {"event_id": "9dd1f14f-90e1-4ebb-b2e8-b3817a6b5bf1", "path": "/srv/fim-watch/gen_00025.txt", "action": "alert_only", "action_failed": false, "event": "decision.evaluated", "level": "info", "timestamp": "2026-09-18T04:08:37.611360Z"}
Sep 18 01:08:37 fim-host fim-agent[33295]: {"event_id": "9dd1f14f-90e1-4ebb-b2e8-b3817a6b5bf1", "event": "publisher.event_published", "level": "info", "timestamp": "2026-09-18T04:08:37.620545Z"}
Sep 18 01:08:37 fim-host fim-agent[33295]: {"path": "/srv/fim-watch/gen_00025.txt", "event_type": "file_modified", "event_id": "9dd1f14f-90e1-4ebb-b2e8-b3817a6b5bf1", "event": "detector.change_detected", "level": "info", "timestamp": "2026-09-18T04:08:37.623793Z"}
Sep 18 01:08:37 fim-host fim-agent[33295]: {"event_id": "9dd1f14f-90e1-4ebb-b2e8-b3817a6b5bf1", "event": "publisher.event_acked", "level": "info", "timestamp": "2026-09-18T04:08:37.627886Z"}
Sep 18 01:08:41 fim-host fim-agent[33295]: {"event_id": "f8284a17-3e5b-42e9-81cf-c5bca26662db", "path": "/srv/fim-watch/critico/gen_00027.txt", "action": "alert_only", "action_failed": false, "event": "decision.evaluated", "level": "info", "timestamp": "2026-09-18T04:08:41.210875Z"}
Sep 18 01:08:41 fim-host fim-agent[33295]: {"event_id": "f8284a17-3e5b-42e9-81cf-c5bca26662db", "event": "publisher.event_published", "level": "info", "timestamp": "2026-09-18T04:08:41.218633Z"}
Sep 18 01:08:41 fim-host fim-agent[33295]: {"path": "/srv/fim-watch/critico/gen_00027.txt", "event_type": "file_modified", "event_id": "f8284a17-3e5b-42e9-81cf-c5bca26662db", "event": "detector.change_detected", "level": "info", "timestamp": "2026-09-18T04:08:41.222653Z"}
Sep 18 01:08:41 fim-host fim-agent[33295]: {"event_id": "f8284a17-3e5b-42e9-81cf-c5bca26662db", "event": "publisher.event_acked", "level": "info", "timestamp": "2026-09-18T04:08:41.224390Z"}
Sep 18 01:08:44 fim-host fim-agent[33295]: {"event_id": "fa4ebfc8-98e7-4876-b1cc-c1215eae95f9", "path": "/srv/fim-watch/critico/gen_00024.txt", "action": "alert_only", "action_failed": false, "event": "decision.evaluated", "level": "info", "timestamp": "2026-09-18T04:08:44.811569Z"}
Sep 18 01:08:44 fim-host fim-agent[33295]: {"event_id": "fa4ebfc8-98e7-4876-b1cc-c1215eae95f9", "event": "publisher.event_published", "level": "info", "timestamp": "2026-09-18T04:08:44.822504Z"}
Sep 18 01:08:44 fim-host fim-agent[33295]: {"path": "/srv/fim-watch/critico/gen_00024.txt", "event_type": "file_modified", "event_id": "fa4ebfc8-98e7-4876-b1cc-c1215eae95f9", "event": "detector.change_detected", "level": "info", "timestamp": "2026-09-18T04:08:44.826335Z"}
Sep 18 01:08:44 fim-host fim-agent[33295]: {"event_id": "fa4ebfc8-98e7-4876-b1cc-c1215eae95f9", "event": "publisher.event_acked", "level": "info", "timestamp": "2026-09-18T04:08:44.830504Z"}
Sep 18 01:08:48 fim-host fim-agent[33295]: {"event_id": "a8ddc7e8-e6f7-469b-8cb4-759cd10313df", "path": "/srv/fim-watch/critico/gen_00024.txt", "action": "alert_only", "action_failed": false, "event": "decision.evaluated", "level": "info", "timestamp": "2026-09-18T04:08:48.404702Z"}
Sep 18 01:08:48 fim-host fim-agent[33295]: {"event_id": "a8ddc7e8-e6f7-469b-8cb4-759cd10313df", "event": "publisher.event_published", "level": "info", "timestamp": "2026-09-18T04:08:48.416823Z"}
Sep 18 01:08:48 fim-host fim-agent[33295]: {"path": "/srv/fim-watch/critico/gen_00024.txt", "event_type": "file_modified", "event_id": "a8ddc7e8-e6f7-469b-8cb4-759cd10313df", "event": "detector.change_detected", "level": "info", "timestamp": "2026-09-18T04:08:48.422539Z"}
Sep 18 01:08:48 fim-host fim-agent[33295]: {"event_id": "a8ddc7e8-e6f7-469b-8cb4-759cd10313df", "event": "publisher.event_acked", "level": "info", "timestamp": "2026-09-18T04:08:48.427542Z"}
Sep 18 01:08:52 fim-host fim-agent[33295]: {"event_id": "f73a6a65-4f24-4031-8f3b-6b02409906fd", "path": "/srv/fim-watch/gen_00034.txt", "action": "alert_only", "action_failed": false, "event": "decision.evaluated", "level": "info", "timestamp": "2026-09-18T04:08:52.012206Z"}
Sep 18 01:08:52 fim-host fim-agent[33295]: {"event_id": "f73a6a65-4f24-4031-8f3b-6b02409906fd", "event": "publisher.event_published", "level": "info", "timestamp": "2026-09-18T04:08:52.025433Z"}
Sep 18 01:08:52 fim-host fim-agent[33295]: {"path": "/srv/fim-watch/gen_00034.txt", "event_type": "file_modified", "event_id": "f73a6a65-4f24-4031-8f3b-6b02409906fd", "event": "detector.change_detected", "level": "info", "timestamp": "2026-09-18T04:08:52.031465Z"}
Sep 18 01:08:52 fim-host fim-agent[33295]: {"event_id": "f73a6a65-4f24-4031-8f3b-6b02409906fd", "event": "publisher.event_acked", "level": "info", "timestamp": "2026-09-18T04:08:52.036723Z"}
Sep 18 01:08:55 fim-host fim-agent[33295]: {"event_id": "3b0780c0-afbf-4471-b802-064d671415f4", "path": "/srv/fim-watch/gen_00026.txt", "action": "alert_only", "action_failed": false, "event": "decision.evaluated", "level": "info", "timestamp": "2026-09-18T04:08:55.608525Z"}
Sep 18 01:08:55 fim-host fim-agent[33295]: {"event_id": "3b0780c0-afbf-4471-b802-064d671415f4", "event": "publisher.event_published", "level": "info", "timestamp": "2026-09-18T04:08:55.618208Z"}
Sep 18 01:08:55 fim-host fim-agent[33295]: {"path": "/srv/fim-watch/gen_00026.txt", "event_type": "file_modified", "event_id": "3b0780c0-afbf-4471-b802-064d671415f4", "event": "detector.change_detected", "level": "info", "timestamp": "2026-09-18T04:08:55.621821Z"}
Sep 18 01:08:55 fim-host fim-agent[33295]: {"event_id": "3b0780c0-afbf-4471-b802-064d671415f4", "event": "publisher.event_acked", "level": "info", "timestamp": "2026-09-18T04:08:55.628965Z"}
Sep 18 01:08:59 fim-host fim-agent[33295]: {"event_id": "65c8868e-d21d-466d-a836-9b5e1a55fbb2", "path": "/srv/fim-watch/gen_00013.txt", "action": "alert_only", "action_failed": false, "event": "decision.evaluated", "level": "info", "timestamp": "2026-09-18T04:08:59.208013Z"}
Sep 18 01:08:59 fim-host fim-agent[33295]: {"event_id": "65c8868e-d21d-466d-a836-9b5e1a55fbb2", "event": "publisher.event_published", "level": "info", "timestamp": "2026-09-18T04:08:59.219020Z"}
Sep 18 01:08:59 fim-host fim-agent[33295]: {"path": "/srv/fim-watch/gen_00013.txt", "event_type": "file_modified", "event_id": "65c8868e-d21d-466d-a836-9b5e1a55fbb2", "event": "detector.change_detected", "level": "info", "timestamp": "2026-09-18T04:08:59.222729Z"}
Sep 18 01:08:59 fim-host fim-agent[33295]: {"event_id": "65c8868e-d21d-466d-a836-9b5e1a55fbb2", "event": "publisher.event_acked", "level": "info", "timestamp": "2026-09-18T04:08:59.227280Z"}
Sep 18 01:09:02 fim-host fim-agent[33295]: {"event_id": "35f3212a-cb4f-4a8a-9b2e-49c993ba21c1", "path": "/srv/fim-watch/gen_00043.txt", "action": "alert_only", "action_failed": false, "event": "decision.evaluated", "level": "info", "timestamp": "2026-09-18T04:09:02.809364Z"}
Sep 18 01:09:02 fim-host fim-agent[33295]: {"event_id": "35f3212a-cb4f-4a8a-9b2e-49c993ba21c1", "event": "publisher.event_published", "level": "info", "timestamp": "2026-09-18T04:09:02.821486Z"}
Sep 18 01:09:02 fim-host fim-agent[33295]: {"path": "/srv/fim-watch/gen_00043.txt", "event_type": "file_modified", "event_id": "35f3212a-cb4f-4a8a-9b2e-49c993ba21c1", "event": "detector.change_detected", "level": "info", "timestamp": "2026-09-18T04:09:02.825498Z"}
Sep 18 01:09:02 fim-host fim-agent[33295]: {"event_id": "35f3212a-cb4f-4a8a-9b2e-49c993ba21c1", "event": "publisher.event_acked", "level": "info", "timestamp": "2026-09-18T04:09:02.829253Z"}
Sep 18 01:09:06 fim-host fim-agent[33295]: {"event_id": "bc911d95-87f0-48c9-bffa-6442d109949e", "path": "/srv/fim-watch/critico/gen_00029.txt", "action": "alert_only", "action_failed": false, "event": "decision.evaluated", "level": "info", "timestamp": "2026-09-18T04:09:06.412705Z"}
Sep 18 01:09:06 fim-host fim-agent[33295]: {"event_id": "bc911d95-87f0-48c9-bffa-6442d109949e", "event": "publisher.event_published", "level": "info", "timestamp": "2026-09-18T04:09:06.427564Z"}
Sep 18 01:09:06 fim-host fim-agent[33295]: {"path": "/srv/fim-watch/critico/gen_00029.txt", "event_type": "file_modified", "event_id": "bc911d95-87f0-48c9-bffa-6442d109949e", "event": "detector.change_detected", "level": "info", "timestamp": "2026-09-18T04:09:06.432532Z"}
Sep 18 01:09:06 fim-host fim-agent[33295]: {"event_id": "bc911d95-87f0-48c9-bffa-6442d109949e", "event": "publisher.event_acked", "level": "info", "timestamp": "2026-09-18T04:09:06.438640Z"}
Sep 18 01:09:10 fim-host fim-agent[33295]: {"event_id": "9ae97dee-3a66-4193-946d-091928460bd3", "path": "/srv/fim-watch/critico/gen_00029.txt", "action": "alert_only", "action_failed": false, "event": "decision.evaluated", "level": "info", "timestamp": "2026-09-18T04:09:10.010543Z"}
Sep 18 01:09:10 fim-host fim-agent[33295]: {"event_id": "9ae97dee-3a66-4193-946d-091928460bd3", "event": "publisher.event_published", "level": "info", "timestamp": "2026-09-18T04:09:10.023007Z"}
Sep 18 01:09:10 fim-host fim-agent[33295]: {"path": "/srv/fim-watch/critico/gen_00029.txt", "event_type": "file_modified", "event_id": "9ae97dee-3a66-4193-946d-091928460bd3", "event": "detector.change_detected", "level": "info", "timestamp": "2026-09-18T04:09:10.029003Z"}
Sep 18 01:09:10 fim-host fim-agent[33295]: {"event_id": "9ae97dee-3a66-4193-946d-091928460bd3", "event": "publisher.event_acked", "level": "info", "timestamp": "2026-09-18T04:09:10.034506Z"}
Sep 18 01:09:13 fim-host fim-agent[33295]: {"event_id": "2d1154c5-24c3-47a3-ae2d-6cff9945a3f0", "path": "/srv/fim-watch/gen_00013.txt", "action": "alert_only", "action_failed": false, "event": "decision.evaluated", "level": "info", "timestamp": "2026-09-18T04:09:13.610064Z"}
Sep 18 01:09:13 fim-host fim-agent[33295]: {"event_id": "2d1154c5-24c3-47a3-ae2d-6cff9945a3f0", "event": "publisher.event_published", "level": "info", "timestamp": "2026-09-18T04:09:13.623547Z"}
Sep 18 01:09:13 fim-host fim-agent[33295]: {"path": "/srv/fim-watch/gen_00013.txt", "event_type": "file_modified", "event_id": "2d1154c5-24c3-47a3-ae2d-6cff9945a3f0", "event": "detector.change_detected", "level": "info", "timestamp": "2026-09-18T04:09:13.629577Z"}
Sep 18 01:09:13 fim-host fim-agent[33295]: {"event_id": "2d1154c5-24c3-47a3-ae2d-6cff9945a3f0", "event": "publisher.event_acked", "level": "info", "timestamp": "2026-09-18T04:09:13.634813Z"}
Sep 18 01:09:17 fim-host fim-agent[33295]: {"event_id": "b8b00ecc-0867-4acf-b83f-8da445c0401e", "path": "/srv/fim-watch/gen_00041.txt", "action": "alert_only", "action_failed": false, "event": "decision.evaluated", "level": "info", "timestamp": "2026-09-18T04:09:17.205118Z"}
Sep 18 01:09:17 fim-host fim-agent[33295]: {"event_id": "b8b00ecc-0867-4acf-b83f-8da445c0401e", "event": "publisher.event_published", "level": "info", "timestamp": "2026-09-18T04:09:17.214994Z"}
Sep 18 01:09:17 fim-host fim-agent[33295]: {"path": "/srv/fim-watch/gen_00041.txt", "event_type": "file_modified", "event_id": "b8b00ecc-0867-4acf-b83f-8da445c0401e", "event": "detector.change_detected", "level": "info", "timestamp": "2026-09-18T04:09:17.218795Z"}
Sep 18 01:09:17 fim-host fim-agent[33295]: {"event_id": "b8b00ecc-0867-4acf-b83f-8da445c0401e", "event": "publisher.event_acked", "level": "info", "timestamp": "2026-09-18T04:09:17.223727Z"}
Sep 18 01:09:20 fim-host fim-agent[33295]: {"event_id": "eb8e2aa7-3569-4557-8cb7-130595a64666", "path": "/srv/fim-watch/critico/gen_00009.txt", "action": "alert_only", "action_failed": false, "event": "decision.evaluated", "level": "info", "timestamp": "2026-09-18T04:09:20.811002Z"}
Sep 18 01:09:20 fim-host fim-agent[33295]: {"event_id": "eb8e2aa7-3569-4557-8cb7-130595a64666", "event": "publisher.event_published", "level": "info", "timestamp": "2026-09-18T04:09:20.825068Z"}
Sep 18 01:09:20 fim-host fim-agent[33295]: {"path": "/srv/fim-watch/critico/gen_00009.txt", "event_type": "file_modified", "event_id": "eb8e2aa7-3569-4557-8cb7-130595a64666", "event": "detector.change_detected", "level": "info", "timestamp": "2026-09-18T04:09:20.830379Z"}
Sep 18 01:09:20 fim-host fim-agent[33295]: {"event_id": "eb8e2aa7-3569-4557-8cb7-130595a64666", "event": "publisher.event_acked", "level": "info", "timestamp": "2026-09-18T04:09:20.835611Z"}
Sep 18 01:09:24 fim-host fim-agent[33295]: {"event_id": "868bdee1-6859-4100-93b5-7e7f4e4f3ad9", "path": "/srv/fim-watch/gen_00013.txt", "action": "alert_only", "action_failed": false, "event": "decision.evaluated", "level": "info", "timestamp": "2026-09-18T04:09:24.407991Z"}
Sep 18 01:09:24 fim-host fim-agent[33295]: {"event_id": "868bdee1-6859-4100-93b5-7e7f4e4f3ad9", "event": "publisher.event_published", "level": "info", "timestamp": "2026-09-18T04:09:24.419809Z"}
Sep 18 01:09:24 fim-host fim-agent[33295]: {"path": "/srv/fim-watch/gen_00013.txt", "event_type": "file_modified", "event_id": "868bdee1-6859-4100-93b5-7e7f4e4f3ad9", "event": "detector.change_detected", "level": "info", "timestamp": "2026-09-18T04:09:24.425145Z"}
Sep 18 01:09:24 fim-host fim-agent[33295]: {"event_id": "868bdee1-6859-4100-93b5-7e7f4e4f3ad9", "event": "publisher.event_acked", "level": "info", "timestamp": "2026-09-18T04:09:24.426800Z"}
Sep 18 01:09:28 fim-host fim-agent[33295]: {"event_id": "bd035da2-30ca-4a91-95d0-60279ab82b5a", "path": "/srv/fim-watch/critico/gen_00024.txt", "action": "alert_only", "action_failed": false, "event": "decision.evaluated", "level": "info", "timestamp": "2026-09-18T04:09:28.006572Z"}
Sep 18 01:09:28 fim-host fim-agent[33295]: {"event_id": "bd035da2-30ca-4a91-95d0-60279ab82b5a", "event": "publisher.event_published", "level": "info", "timestamp": "2026-09-18T04:09:28.018027Z"}
Sep 18 01:09:28 fim-host fim-agent[33295]: {"path": "/srv/fim-watch/critico/gen_00024.txt", "event_type": "file_modified", "event_id": "bd035da2-30ca-4a91-95d0-60279ab82b5a", "event": "detector.change_detected", "level": "info", "timestamp": "2026-09-18T04:09:28.022679Z"}
Sep 18 01:09:28 fim-host fim-agent[33295]: {"event_id": "bd035da2-30ca-4a91-95d0-60279ab82b5a", "event": "publisher.event_acked", "level": "info", "timestamp": "2026-09-18T04:09:28.025945Z"}
Sep 18 01:09:31 fim-host fim-agent[33295]: {"event_id": "3db46537-33fd-4cc2-b493-a89049d57c1f", "path": "/srv/fim-watch/gen_00020.txt", "action": "alert_only", "action_failed": false, "event": "decision.evaluated", "level": "info", "timestamp": "2026-09-18T04:09:31.609399Z"}
Sep 18 01:09:31 fim-host fim-agent[33295]: {"event_id": "3db46537-33fd-4cc2-b493-a89049d57c1f", "event": "publisher.event_published", "level": "info", "timestamp": "2026-09-18T04:09:31.621793Z"}
Sep 18 01:09:31 fim-host fim-agent[33295]: {"path": "/srv/fim-watch/gen_00020.txt", "event_type": "file_modified", "event_id": "3db46537-33fd-4cc2-b493-a89049d57c1f", "event": "detector.change_detected", "level": "info", "timestamp": "2026-09-18T04:09:31.625800Z"}
Sep 18 01:09:31 fim-host fim-agent[33295]: {"event_id": "3db46537-33fd-4cc2-b493-a89049d57c1f", "event": "publisher.event_acked", "level": "info", "timestamp": "2026-09-18T04:09:31.629528Z"}
Sep 18 01:09:35 fim-host fim-agent[33295]: {"event_id": "556e4c91-a163-43b4-9db5-23e93b6fd787", "path": "/srv/fim-watch/gen_00043.txt", "action": "alert_only", "action_failed": false, "event": "decision.evaluated", "level": "info", "timestamp": "2026-09-18T04:09:35.207178Z"}
Sep 18 01:09:35 fim-host fim-agent[33295]: {"event_id": "556e4c91-a163-43b4-9db5-23e93b6fd787", "event": "publisher.event_published", "level": "info", "timestamp": "2026-09-18T04:09:35.219566Z"}
Sep 18 01:09:35 fim-host fim-agent[33295]: {"path": "/srv/fim-watch/gen_00043.txt", "event_type": "file_modified", "event_id": "556e4c91-a163-43b4-9db5-23e93b6fd787", "event": "detector.change_detected", "level": "info", "timestamp": "2026-09-18T04:09:35.224929Z"}
Sep 18 01:09:35 fim-host fim-agent[33295]: {"event_id": "556e4c91-a163-43b4-9db5-23e93b6fd787", "event": "publisher.event_acked", "level": "info", "timestamp": "2026-09-18T04:09:35.228906Z"}
Sep 18 01:09:38 fim-host fim-agent[33295]: {"event_id": "1f0ded99-2327-430b-9bd6-7d10df65c5a9", "path": "/srv/fim-watch/gen_00020.txt", "action": "alert_only", "action_failed": false, "event": "decision.evaluated", "level": "info", "timestamp": "2026-09-18T04:09:38.806569Z"}
Sep 18 01:09:38 fim-host fim-agent[33295]: {"event_id": "1f0ded99-2327-430b-9bd6-7d10df65c5a9", "event": "publisher.event_published", "level": "info", "timestamp": "2026-09-18T04:09:38.819330Z"}
Sep 18 01:09:38 fim-host fim-agent[33295]: {"path": "/srv/fim-watch/gen_00020.txt", "event_type": "file_modified", "event_id": "1f0ded99-2327-430b-9bd6-7d10df65c5a9", "event": "detector.change_detected", "level": "info", "timestamp": "2026-09-18T04:09:38.824949Z"}
Sep 18 01:09:38 fim-host fim-agent[33295]: {"event_id": "1f0ded99-2327-430b-9bd6-7d10df65c5a9", "event": "publisher.event_acked", "level": "info", "timestamp": "2026-09-18T04:09:38.826192Z"}
Sep 18 01:09:42 fim-host fim-agent[33295]: {"event_id": "9f1e0ba7-d707-4be5-8158-185888c43360", "path": "/srv/fim-watch/gen_00043.txt", "action": "alert_only", "action_failed": false, "event": "decision.evaluated", "level": "info", "timestamp": "2026-09-18T04:09:42.402966Z"}
Sep 18 01:09:42 fim-host fim-agent[33295]: {"event_id": "9f1e0ba7-d707-4be5-8158-185888c43360", "event": "publisher.event_published", "level": "info", "timestamp": "2026-09-18T04:09:42.415597Z"}
Sep 18 01:09:42 fim-host fim-agent[33295]: {"path": "/srv/fim-watch/gen_00043.txt", "event_type": "file_deleted", "event_id": "9f1e0ba7-d707-4be5-8158-185888c43360", "event": "detector.change_detected", "level": "info", "timestamp": "2026-09-18T04:09:42.418997Z"}
Sep 18 01:09:42 fim-host fim-agent[33295]: {"event_id": "9f1e0ba7-d707-4be5-8158-185888c43360", "event": "publisher.event_acked", "level": "info", "timestamp": "2026-09-18T04:09:42.423616Z"}
Sep 18 01:09:46 fim-host fim-agent[33295]: {"event_id": "28a5594d-7cce-42d5-bd8d-dd33aa7d9e74", "path": "/srv/fim-watch/gen_00026.txt", "action": "alert_only", "action_failed": false, "event": "decision.evaluated", "level": "info", "timestamp": "2026-09-18T04:09:46.007304Z"}
Sep 18 01:09:46 fim-host fim-agent[33295]: {"event_id": "28a5594d-7cce-42d5-bd8d-dd33aa7d9e74", "event": "publisher.event_published", "level": "info", "timestamp": "2026-09-18T04:09:46.023463Z"}
Sep 18 01:09:46 fim-host fim-agent[33295]: {"path": "/srv/fim-watch/gen_00026.txt", "event_type": "file_deleted", "event_id": "28a5594d-7cce-42d5-bd8d-dd33aa7d9e74", "event": "detector.change_detected", "level": "info", "timestamp": "2026-09-18T04:09:46.029619Z"}
Sep 18 01:09:46 fim-host fim-agent[33295]: {"event_id": "28a5594d-7cce-42d5-bd8d-dd33aa7d9e74", "event": "publisher.event_acked", "level": "info", "timestamp": "2026-09-18T04:09:46.032843Z"}
Sep 18 01:09:49 fim-host fim-agent[33295]: {"event_id": "9390cb49-c9ff-4b17-a262-1064d9a2373d", "path": "/srv/fim-watch/critico/gen_00029.txt", "action": "alert_only", "action_failed": false, "event": "decision.evaluated", "level": "info", "timestamp": "2026-09-18T04:09:49.600806Z"}
Sep 18 01:09:49 fim-host fim-agent[33295]: {"event_id": "9390cb49-c9ff-4b17-a262-1064d9a2373d", "event": "publisher.event_published", "level": "info", "timestamp": "2026-09-18T04:09:49.608167Z"}
Sep 18 01:09:49 fim-host fim-agent[33295]: {"path": "/srv/fim-watch/critico/gen_00029.txt", "event_type": "file_modified", "event_id": "9390cb49-c9ff-4b17-a262-1064d9a2373d", "event": "detector.change_detected", "level": "info", "timestamp": "2026-09-18T04:09:49.611214Z"}
Sep 18 01:09:49 fim-host fim-agent[33295]: {"event_id": "9390cb49-c9ff-4b17-a262-1064d9a2373d", "event": "publisher.event_acked", "level": "info", "timestamp": "2026-09-18T04:09:49.614117Z"}
Sep 18 01:09:53 fim-host fim-agent[33295]: {"event_id": "e67c732d-56c8-4a41-aadc-85b331eb3f59", "path": "/srv/fim-watch/gen_00032.txt", "action": "alert_only", "action_failed": false, "event": "decision.evaluated", "level": "info", "timestamp": "2026-09-18T04:09:53.207296Z"}
Sep 18 01:09:53 fim-host fim-agent[33295]: {"event_id": "e67c732d-56c8-4a41-aadc-85b331eb3f59", "event": "publisher.event_published", "level": "info", "timestamp": "2026-09-18T04:09:53.221617Z"}
Sep 18 01:09:53 fim-host fim-agent[33295]: {"path": "/srv/fim-watch/gen_00032.txt", "event_type": "file_modified", "event_id": "e67c732d-56c8-4a41-aadc-85b331eb3f59", "event": "detector.change_detected", "level": "info", "timestamp": "2026-09-18T04:09:53.228083Z"}
Sep 18 01:09:53 fim-host fim-agent[33295]: {"event_id": "e67c732d-56c8-4a41-aadc-85b331eb3f59", "event": "publisher.event_acked", "level": "info", "timestamp": "2026-09-18T04:09:53.233603Z"}
Sep 18 01:09:56 fim-host fim-agent[33295]: {"event_id": "5c11e27b-d2ba-4c96-bcee-61c3682cf7d9", "path": "/srv/fim-watch/gen_00044.txt", "action": "alert_only", "action_failed": false, "event": "decision.evaluated", "level": "info", "timestamp": "2026-09-18T04:09:56.804506Z"}
Sep 18 01:09:56 fim-host fim-agent[33295]: {"event_id": "5c11e27b-d2ba-4c96-bcee-61c3682cf7d9", "event": "publisher.event_published", "level": "info", "timestamp": "2026-09-18T04:09:56.816639Z"}
Sep 18 01:09:56 fim-host fim-agent[33295]: {"path": "/srv/fim-watch/gen_00044.txt", "event_type": "file_modified", "event_id": "5c11e27b-d2ba-4c96-bcee-61c3682cf7d9", "event": "detector.change_detected", "level": "info", "timestamp": "2026-09-18T04:09:56.821534Z"}
Sep 18 01:09:56 fim-host fim-agent[33295]: {"event_id": "5c11e27b-d2ba-4c96-bcee-61c3682cf7d9", "event": "publisher.event_acked", "level": "info", "timestamp": "2026-09-18T04:09:56.823223Z"}
Sep 18 01:10:00 fim-host fim-agent[33295]: {"event_id": "511792a8-efd4-4ace-93f0-4cc0c4d5ef4d", "path": "/srv/fim-watch/gen_00040.txt", "action": "alert_only", "action_failed": false, "event": "decision.evaluated", "level": "info", "timestamp": "2026-09-18T04:10:00.404211Z"}
Sep 18 01:10:00 fim-host fim-agent[33295]: {"event_id": "511792a8-efd4-4ace-93f0-4cc0c4d5ef4d", "event": "publisher.event_published", "level": "info", "timestamp": "2026-09-18T04:10:00.415315Z"}
Sep 18 01:10:00 fim-host fim-agent[33295]: {"path": "/srv/fim-watch/gen_00040.txt", "event_type": "file_modified", "event_id": "511792a8-efd4-4ace-93f0-4cc0c4d5ef4d", "event": "detector.change_detected", "level": "info", "timestamp": "2026-09-18T04:10:00.421203Z"}
Sep 18 01:10:00 fim-host fim-agent[33295]: {"event_id": "511792a8-efd4-4ace-93f0-4cc0c4d5ef4d", "event": "publisher.event_acked", "level": "info", "timestamp": "2026-09-18T04:10:00.423542Z"}
Sep 18 01:10:04 fim-host fim-agent[33295]: {"event_id": "613adb15-e5f9-4fe3-ac4e-65fbde27b2c5", "path": "/srv/fim-watch/gen_00041.txt", "action": "alert_only", "action_failed": false, "event": "decision.evaluated", "level": "info", "timestamp": "2026-09-18T04:10:04.004791Z"}
Sep 18 01:10:04 fim-host fim-agent[33295]: {"event_id": "613adb15-e5f9-4fe3-ac4e-65fbde27b2c5", "event": "publisher.event_published", "level": "info", "timestamp": "2026-09-18T04:10:04.015338Z"}
Sep 18 01:10:04 fim-host fim-agent[33295]: {"path": "/srv/fim-watch/gen_00041.txt", "event_type": "file_modified", "event_id": "613adb15-e5f9-4fe3-ac4e-65fbde27b2c5", "event": "detector.change_detected", "level": "info", "timestamp": "2026-09-18T04:10:04.019685Z"}
Sep 18 01:10:04 fim-host fim-agent[33295]: {"event_id": "613adb15-e5f9-4fe3-ac4e-65fbde27b2c5", "event": "publisher.event_acked", "level": "info", "timestamp": "2026-09-18T04:10:04.021338Z"}
Sep 18 01:10:07 fim-host fim-agent[33295]: {"event_id": "26d1cd58-ae86-40a0-abe8-9ed7fad5bafb", "path": "/srv/fim-watch/gen_00013.txt", "action": "alert_only", "action_failed": false, "event": "decision.evaluated", "level": "info", "timestamp": "2026-09-18T04:10:07.604046Z"}
Sep 18 01:10:07 fim-host fim-agent[33295]: {"event_id": "26d1cd58-ae86-40a0-abe8-9ed7fad5bafb", "event": "publisher.event_published", "level": "info", "timestamp": "2026-09-18T04:10:07.614017Z"}
Sep 18 01:10:07 fim-host fim-agent[33295]: {"path": "/srv/fim-watch/gen_00013.txt", "event_type": "file_modified", "event_id": "26d1cd58-ae86-40a0-abe8-9ed7fad5bafb", "event": "detector.change_detected", "level": "info", "timestamp": "2026-09-18T04:10:07.617341Z"}
Sep 18 01:10:07 fim-host fim-agent[33295]: {"event_id": "26d1cd58-ae86-40a0-abe8-9ed7fad5bafb", "event": "publisher.event_acked", "level": "info", "timestamp": "2026-09-18T04:10:07.622257Z"}
Sep 18 01:10:11 fim-host fim-agent[33295]: {"event_id": "0850661f-2b57-404a-90dc-5a4aae12770d", "path": "/srv/fim-watch/gen_00013.txt", "action": "alert_only", "action_failed": false, "event": "decision.evaluated", "level": "info", "timestamp": "2026-09-18T04:10:11.203557Z"}
Sep 18 01:10:11 fim-host fim-agent[33295]: {"event_id": "0850661f-2b57-404a-90dc-5a4aae12770d", "event": "publisher.event_published", "level": "info", "timestamp": "2026-09-18T04:10:11.215449Z"}
Sep 18 01:10:11 fim-host fim-agent[33295]: {"path": "/srv/fim-watch/gen_00013.txt", "event_type": "file_modified", "event_id": "0850661f-2b57-404a-90dc-5a4aae12770d", "event": "detector.change_detected", "level": "info", "timestamp": "2026-09-18T04:10:11.220535Z"}
Sep 18 01:10:11 fim-host fim-agent[33295]: {"event_id": "0850661f-2b57-404a-90dc-5a4aae12770d", "event": "publisher.event_acked", "level": "info", "timestamp": "2026-09-18T04:10:11.225709Z"}
Sep 18 01:10:14 fim-host fim-agent[33295]: {"event_id": "e4c6e06a-28fb-4095-94fb-3daf8977997c", "path": "/srv/fim-watch/gen_00013.txt", "action": "alert_only", "action_failed": false, "event": "decision.evaluated", "level": "info", "timestamp": "2026-09-18T04:10:14.802417Z"}
Sep 18 01:10:14 fim-host fim-agent[33295]: {"event_id": "e4c6e06a-28fb-4095-94fb-3daf8977997c", "event": "publisher.event_published", "level": "info", "timestamp": "2026-09-18T04:10:14.813921Z"}
Sep 18 01:10:14 fim-host fim-agent[33295]: {"path": "/srv/fim-watch/gen_00013.txt", "event_type": "file_modified", "event_id": "e4c6e06a-28fb-4095-94fb-3daf8977997c", "event": "detector.change_detected", "level": "info", "timestamp": "2026-09-18T04:10:14.819582Z"}
Sep 18 01:10:14 fim-host fim-agent[33295]: {"event_id": "e4c6e06a-28fb-4095-94fb-3daf8977997c", "event": "publisher.event_acked", "level": "info", "timestamp": "2026-09-18T04:10:14.824246Z"}
Sep 18 01:10:18 fim-host fim-agent[33295]: {"event_id": "eee08890-b6aa-4422-97b9-36f19f719fc1", "path": "/srv/fim-watch/gen_00013.txt", "action": "alert_only", "action_failed": false, "event": "decision.evaluated", "level": "info", "timestamp": "2026-09-18T04:10:18.394544Z"}
Sep 18 01:10:18 fim-host fim-agent[33295]: {"event_id": "eee08890-b6aa-4422-97b9-36f19f719fc1", "event": "publisher.event_published", "level": "info", "timestamp": "2026-09-18T04:10:18.405716Z"}
Sep 18 01:10:18 fim-host fim-agent[33295]: {"path": "/srv/fim-watch/gen_00013.txt", "event_type": "file_modified", "event_id": "eee08890-b6aa-4422-97b9-36f19f719fc1", "event": "detector.change_detected", "level": "info", "timestamp": "2026-09-18T04:10:18.410285Z"}
Sep 18 01:10:18 fim-host fim-agent[33295]: {"event_id": "eee08890-b6aa-4422-97b9-36f19f719fc1", "event": "publisher.event_acked", "level": "info", "timestamp": "2026-09-18T04:10:18.416527Z"}
Sep 18 01:10:22 fim-host fim-agent[33295]: {"event_id": "b3561d3e-edfc-4f05-8a57-e8e8ceabb9bc", "path": "/srv/fim-watch/gen_00013.txt", "action": "alert_only", "action_failed": false, "event": "decision.evaluated", "level": "info", "timestamp": "2026-09-18T04:10:22.003245Z"}
Sep 18 01:10:22 fim-host fim-agent[33295]: {"event_id": "b3561d3e-edfc-4f05-8a57-e8e8ceabb9bc", "event": "publisher.event_published", "level": "info", "timestamp": "2026-09-18T04:10:22.015041Z"}
Sep 18 01:10:22 fim-host fim-agent[33295]: {"path": "/srv/fim-watch/gen_00013.txt", "event_type": "file_modified", "event_id": "b3561d3e-edfc-4f05-8a57-e8e8ceabb9bc", "event": "detector.change_detected", "level": "info", "timestamp": "2026-09-18T04:10:22.019779Z"}
Sep 18 01:10:22 fim-host fim-agent[33295]: {"event_id": "b3561d3e-edfc-4f05-8a57-e8e8ceabb9bc", "event": "publisher.event_acked", "level": "info", "timestamp": "2026-09-18T04:10:22.025301Z"}
Sep 18 01:10:25 fim-host fim-agent[33295]: {"event_id": "be64955e-7e4f-4772-9ec8-ba842c2a98c3", "path": "/srv/fim-watch/gen_00013.txt", "action": "alert_only", "action_failed": false, "event": "decision.evaluated", "level": "info", "timestamp": "2026-09-18T04:10:25.602351Z"}
Sep 18 01:10:25 fim-host fim-agent[33295]: {"event_id": "be64955e-7e4f-4772-9ec8-ba842c2a98c3", "event": "publisher.event_published", "level": "info", "timestamp": "2026-09-18T04:10:25.614108Z"}
Sep 18 01:10:25 fim-host fim-agent[33295]: {"path": "/srv/fim-watch/gen_00013.txt", "event_type": "file_modified", "event_id": "be64955e-7e4f-4772-9ec8-ba842c2a98c3", "event": "detector.change_detected", "level": "info", "timestamp": "2026-09-18T04:10:25.619067Z"}
Sep 18 01:10:25 fim-host fim-agent[33295]: {"event_id": "be64955e-7e4f-4772-9ec8-ba842c2a98c3", "event": "publisher.event_acked", "level": "info", "timestamp": "2026-09-18T04:10:25.623835Z"}
Sep 18 01:10:29 fim-host fim-agent[33295]: {"event_id": "94f76232-5bc8-4e29-afc4-f0a92c96ce12", "path": "/srv/fim-watch/gen_00025.txt", "action": "alert_only", "action_failed": false, "event": "decision.evaluated", "level": "info", "timestamp": "2026-09-18T04:10:29.199197Z"}
Sep 18 01:10:29 fim-host fim-agent[33295]: {"event_id": "94f76232-5bc8-4e29-afc4-f0a92c96ce12", "event": "publisher.event_published", "level": "info", "timestamp": "2026-09-18T04:10:29.208562Z"}
Sep 18 01:10:29 fim-host fim-agent[33295]: {"path": "/srv/fim-watch/gen_00025.txt", "event_type": "file_modified", "event_id": "94f76232-5bc8-4e29-afc4-f0a92c96ce12", "event": "detector.change_detected", "level": "info", "timestamp": "2026-09-18T04:10:29.212460Z"}
Sep 18 01:10:29 fim-host fim-agent[33295]: {"event_id": "94f76232-5bc8-4e29-afc4-f0a92c96ce12", "event": "publisher.event_acked", "level": "info", "timestamp": "2026-09-18T04:10:29.216389Z"}
Sep 18 01:10:32 fim-host fim-agent[33295]: {"event_id": "13447447-4450-42e9-a6a9-a383e8da76a3", "path": "/srv/fim-watch/gen_00025.txt", "action": "alert_only", "action_failed": false, "event": "decision.evaluated", "level": "info", "timestamp": "2026-09-18T04:10:32.801564Z"}
Sep 18 01:10:32 fim-host fim-agent[33295]: {"event_id": "13447447-4450-42e9-a6a9-a383e8da76a3", "event": "publisher.event_published", "level": "info", "timestamp": "2026-09-18T04:10:32.809569Z"}
Sep 18 01:10:32 fim-host fim-agent[33295]: {"path": "/srv/fim-watch/gen_00025.txt", "event_type": "file_modified", "event_id": "13447447-4450-42e9-a6a9-a383e8da76a3", "event": "detector.change_detected", "level": "info", "timestamp": "2026-09-18T04:10:32.813140Z"}
Sep 18 01:10:32 fim-host fim-agent[33295]: {"event_id": "13447447-4450-42e9-a6a9-a383e8da76a3", "event": "publisher.event_acked", "level": "info", "timestamp": "2026-09-18T04:10:32.817781Z"}
Sep 18 01:10:36 fim-host fim-agent[33295]: {"event_id": "573aeb69-995b-4c5a-b8e9-ba823fab4d08", "path": "/srv/fim-watch/gen_00025.txt", "action": "alert_only", "action_failed": false, "event": "decision.evaluated", "level": "info", "timestamp": "2026-09-18T04:10:36.403546Z"}
Sep 18 01:10:36 fim-host fim-agent[33295]: {"event_id": "573aeb69-995b-4c5a-b8e9-ba823fab4d08", "event": "publisher.event_published", "level": "info", "timestamp": "2026-09-18T04:10:36.415453Z"}
Sep 18 01:10:36 fim-host fim-agent[33295]: {"path": "/srv/fim-watch/gen_00025.txt", "event_type": "file_modified", "event_id": "573aeb69-995b-4c5a-b8e9-ba823fab4d08", "event": "detector.change_detected", "level": "info", "timestamp": "2026-09-18T04:10:36.419900Z"}
Sep 18 01:10:36 fim-host fim-agent[33295]: {"event_id": "573aeb69-995b-4c5a-b8e9-ba823fab4d08", "event": "publisher.event_acked", "level": "info", "timestamp": "2026-09-18T04:10:36.425223Z"}
Sep 18 01:10:40 fim-host fim-agent[33295]: {"event_id": "d6f12c20-ced8-4fa8-9fcf-0cf7b97d4b4d", "path": "/srv/fim-watch/gen_00025.txt", "action": "alert_only", "action_failed": false, "event": "decision.evaluated", "level": "info", "timestamp": "2026-09-18T04:10:40.001464Z"}
Sep 18 01:10:40 fim-host fim-agent[33295]: {"event_id": "d6f12c20-ced8-4fa8-9fcf-0cf7b97d4b4d", "event": "publisher.event_published", "level": "info", "timestamp": "2026-09-18T04:10:40.012515Z"}
Sep 18 01:10:40 fim-host fim-agent[33295]: {"path": "/srv/fim-watch/gen_00025.txt", "event_type": "file_modified", "event_id": "d6f12c20-ced8-4fa8-9fcf-0cf7b97d4b4d", "event": "detector.change_detected", "level": "info", "timestamp": "2026-09-18T04:10:40.016948Z"}
Sep 18 01:10:40 fim-host fim-agent[33295]: {"event_id": "d6f12c20-ced8-4fa8-9fcf-0cf7b97d4b4d", "event": "publisher.event_acked", "level": "info", "timestamp": "2026-09-18T04:10:40.023290Z"}
Sep 18 01:10:43 fim-host fim-agent[33295]: {"event_id": "403682b4-c113-4237-9537-f0aaf3ddad3c", "path": "/srv/fim-watch/gen_00025.txt", "action": "alert_only", "action_failed": false, "event": "decision.evaluated", "level": "info", "timestamp": "2026-09-18T04:10:43.591914Z"}
Sep 18 01:10:43 fim-host fim-agent[33295]: {"event_id": "403682b4-c113-4237-9537-f0aaf3ddad3c", "event": "publisher.event_published", "level": "info", "timestamp": "2026-09-18T04:10:43.601432Z"}
Sep 18 01:10:43 fim-host fim-agent[33295]: {"path": "/srv/fim-watch/gen_00025.txt", "event_type": "file_modified", "event_id": "403682b4-c113-4237-9537-f0aaf3ddad3c", "event": "detector.change_detected", "level": "info", "timestamp": "2026-09-18T04:10:43.605203Z"}
Sep 18 01:10:43 fim-host fim-agent[33295]: {"event_id": "403682b4-c113-4237-9537-f0aaf3ddad3c", "event": "publisher.event_acked", "level": "info", "timestamp": "2026-09-18T04:10:43.609244Z"}
Sep 18 01:10:47 fim-host fim-agent[33295]: {"event_id": "41dfc188-408a-4c9a-b897-9ee97a688e63", "path": "/srv/fim-watch/gen_00040.txt", "action": "alert_only", "action_failed": false, "event": "decision.evaluated", "level": "info", "timestamp": "2026-09-18T04:10:47.198290Z"}
Sep 18 01:10:47 fim-host fim-agent[33295]: {"event_id": "41dfc188-408a-4c9a-b897-9ee97a688e63", "event": "publisher.event_published", "level": "info", "timestamp": "2026-09-18T04:10:47.207408Z"}
Sep 18 01:10:47 fim-host fim-agent[33295]: {"path": "/srv/fim-watch/gen_00040.txt", "event_type": "file_modified", "event_id": "41dfc188-408a-4c9a-b897-9ee97a688e63", "event": "detector.change_detected", "level": "info", "timestamp": "2026-09-18T04:10:47.211157Z"}
Sep 18 01:10:47 fim-host fim-agent[33295]: {"event_id": "41dfc188-408a-4c9a-b897-9ee97a688e63", "event": "publisher.event_acked", "level": "info", "timestamp": "2026-09-18T04:10:47.212431Z"}
Sep 18 01:10:50 fim-host fim-agent[33295]: {"event_id": "4e94478d-6cf5-471f-ade8-5adee55ca8a4", "path": "/srv/fim-watch/critico/gen_00027.txt", "action": "alert_only", "action_failed": false, "event": "decision.evaluated", "level": "info", "timestamp": "2026-09-18T04:10:50.793653Z"}
Sep 18 01:10:50 fim-host fim-agent[33295]: {"event_id": "4e94478d-6cf5-471f-ade8-5adee55ca8a4", "event": "publisher.event_published", "level": "info", "timestamp": "2026-09-18T04:10:50.805241Z"}
Sep 18 01:10:50 fim-host fim-agent[33295]: {"path": "/srv/fim-watch/critico/gen_00027.txt", "event_type": "file_modified", "event_id": "4e94478d-6cf5-471f-ade8-5adee55ca8a4", "event": "detector.change_detected", "level": "info", "timestamp": "2026-09-18T04:10:50.809973Z"}
Sep 18 01:10:50 fim-host fim-agent[33295]: {"event_id": "4e94478d-6cf5-471f-ade8-5adee55ca8a4", "event": "publisher.event_acked", "level": "info", "timestamp": "2026-09-18T04:10:50.816703Z"}
Sep 18 01:10:54 fim-host fim-agent[33295]: {"event_id": "345c06ca-9b71-4770-abe7-a595d2d248e7", "path": "/srv/fim-watch/gen_00034.txt", "action": "alert_only", "action_failed": false, "event": "decision.evaluated", "level": "info", "timestamp": "2026-09-18T04:10:54.397024Z"}
Sep 18 01:10:54 fim-host fim-agent[33295]: {"event_id": "345c06ca-9b71-4770-abe7-a595d2d248e7", "event": "publisher.event_published", "level": "info", "timestamp": "2026-09-18T04:10:54.406498Z"}
Sep 18 01:10:54 fim-host fim-agent[33295]: {"path": "/srv/fim-watch/gen_00034.txt", "event_type": "file_modified", "event_id": "345c06ca-9b71-4770-abe7-a595d2d248e7", "event": "detector.change_detected", "level": "info", "timestamp": "2026-09-18T04:10:54.410779Z"}
Sep 18 01:10:54 fim-host fim-agent[33295]: {"event_id": "345c06ca-9b71-4770-abe7-a595d2d248e7", "event": "publisher.event_acked", "level": "info", "timestamp": "2026-09-18T04:10:54.414897Z"}
Sep 18 01:11:01 fim-host fim-agent[33295]: {"event_id": "af701a9b-de1f-4e26-9081-37096f0c50c8", "path": "/srv/fim-watch/gen_00040.txt", "action": "alert_only", "action_failed": false, "event": "decision.evaluated", "level": "info", "timestamp": "2026-09-18T04:11:01.598258Z"}
Sep 18 01:11:01 fim-host fim-agent[33295]: {"event_id": "af701a9b-de1f-4e26-9081-37096f0c50c8", "event": "publisher.event_published", "level": "info", "timestamp": "2026-09-18T04:11:01.609174Z"}
Sep 18 01:11:01 fim-host fim-agent[33295]: {"path": "/srv/fim-watch/gen_00040.txt", "event_type": "file_modified", "event_id": "af701a9b-de1f-4e26-9081-37096f0c50c8", "event": "detector.change_detected", "level": "info", "timestamp": "2026-09-18T04:11:01.613408Z"}
Sep 18 01:11:01 fim-host fim-agent[33295]: {"event_id": "af701a9b-de1f-4e26-9081-37096f0c50c8", "event": "publisher.event_acked", "level": "info", "timestamp": "2026-09-18T04:11:01.616482Z"}
Sep 18 01:11:05 fim-host fim-agent[33295]: {"event_id": "ab20554d-1581-428c-96fc-02a224e5c9be", "path": "/srv/fim-watch/gen_00040.txt", "action": "alert_only", "action_failed": false, "event": "decision.evaluated", "level": "info", "timestamp": "2026-09-18T04:11:05.198988Z"}
Sep 18 01:11:05 fim-host fim-agent[33295]: {"event_id": "ab20554d-1581-428c-96fc-02a224e5c9be", "event": "publisher.event_published", "level": "info", "timestamp": "2026-09-18T04:11:05.208731Z"}
Sep 18 01:11:05 fim-host fim-agent[33295]: {"path": "/srv/fim-watch/gen_00040.txt", "event_type": "file_modified", "event_id": "ab20554d-1581-428c-96fc-02a224e5c9be", "event": "detector.change_detected", "level": "info", "timestamp": "2026-09-18T04:11:05.213006Z"}
Sep 18 01:11:05 fim-host fim-agent[33295]: {"event_id": "ab20554d-1581-428c-96fc-02a224e5c9be", "event": "publisher.event_acked", "level": "info", "timestamp": "2026-09-18T04:11:05.215995Z"}
Sep 18 01:11:08 fim-host fim-agent[33295]: {"event_id": "aa582eed-8c05-40bf-9149-c63236d84e89", "path": "/srv/fim-watch/gen_00044.txt", "action": "alert_only", "action_failed": false, "event": "decision.evaluated", "level": "info", "timestamp": "2026-09-18T04:11:08.801320Z"}
Sep 18 01:11:08 fim-host fim-agent[33295]: {"event_id": "aa582eed-8c05-40bf-9149-c63236d84e89", "event": "publisher.event_published", "level": "info", "timestamp": "2026-09-18T04:11:08.813328Z"}
Sep 18 01:11:08 fim-host fim-agent[33295]: {"path": "/srv/fim-watch/gen_00044.txt", "event_type": "file_modified", "event_id": "aa582eed-8c05-40bf-9149-c63236d84e89", "event": "detector.change_detected", "level": "info", "timestamp": "2026-09-18T04:11:08.817986Z"}
Sep 18 01:11:08 fim-host fim-agent[33295]: {"event_id": "aa582eed-8c05-40bf-9149-c63236d84e89", "event": "publisher.event_acked", "level": "info", "timestamp": "2026-09-18T04:11:08.824305Z"}
Sep 18 01:11:12 fim-host fim-agent[33295]: {"event_id": "ca4b0c40-1689-4c22-a821-dc1f7c20a469", "path": "/srv/fim-watch/gen_00045.txt", "action": "alert_only", "action_failed": false, "event": "decision.evaluated", "level": "info", "timestamp": "2026-09-18T04:11:12.398898Z"}
Sep 18 01:11:12 fim-host fim-agent[33295]: {"event_id": "ca4b0c40-1689-4c22-a821-dc1f7c20a469", "event": "publisher.event_published", "level": "info", "timestamp": "2026-09-18T04:11:12.410618Z"}
Sep 18 01:11:12 fim-host fim-agent[33295]: {"path": "/srv/fim-watch/gen_00045.txt", "event_type": "file_created", "event_id": "ca4b0c40-1689-4c22-a821-dc1f7c20a469", "event": "detector.change_detected", "level": "info", "timestamp": "2026-09-18T04:11:12.414298Z"}
Sep 18 01:11:12 fim-host fim-agent[33295]: {"event_id": "ca4b0c40-1689-4c22-a821-dc1f7c20a469", "event": "publisher.event_acked", "level": "info", "timestamp": "2026-09-18T04:11:12.422283Z"}
Sep 18 01:11:15 fim-host fim-agent[33295]: {"event_id": "10ef782f-7e8b-4533-a6ce-ee9ea2a116f5", "path": "/srv/fim-watch/gen_00046.txt", "action": "alert_only", "action_failed": false, "event": "decision.evaluated", "level": "info", "timestamp": "2026-09-18T04:11:15.999129Z"}
Sep 18 01:11:16 fim-host fim-agent[33295]: {"event_id": "10ef782f-7e8b-4533-a6ce-ee9ea2a116f5", "event": "publisher.event_published", "level": "info", "timestamp": "2026-09-18T04:11:16.010728Z"}
Sep 18 01:11:16 fim-host fim-agent[33295]: {"path": "/srv/fim-watch/gen_00046.txt", "event_type": "file_modified", "event_id": "10ef782f-7e8b-4533-a6ce-ee9ea2a116f5", "event": "detector.change_detected", "level": "info", "timestamp": "2026-09-18T04:11:16.015328Z"}
Sep 18 01:11:16 fim-host fim-agent[33295]: {"event_id": "10ef782f-7e8b-4533-a6ce-ee9ea2a116f5", "event": "publisher.event_acked", "level": "info", "timestamp": "2026-09-18T04:11:16.020398Z"}
Sep 18 01:11:19 fim-host fim-agent[33295]: {"event_id": "b2bb10c9-eefe-4c19-8038-9fdb30ab73d9", "path": "/srv/fim-watch/critico/gen_00047.txt", "action": "alert_only", "action_failed": false, "event": "decision.evaluated", "level": "info", "timestamp": "2026-09-18T04:11:19.594309Z"}
Sep 18 01:11:19 fim-host fim-agent[33295]: {"event_id": "b2bb10c9-eefe-4c19-8038-9fdb30ab73d9", "event": "publisher.event_published", "level": "info", "timestamp": "2026-09-18T04:11:19.600734Z"}
Sep 18 01:11:19 fim-host fim-agent[33295]: {"path": "/srv/fim-watch/critico/gen_00047.txt", "event_type": "file_modified", "event_id": "b2bb10c9-eefe-4c19-8038-9fdb30ab73d9", "event": "detector.change_detected", "level": "info", "timestamp": "2026-09-18T04:11:19.603233Z"}
Sep 18 01:11:19 fim-host fim-agent[33295]: {"event_id": "b2bb10c9-eefe-4c19-8038-9fdb30ab73d9", "event": "publisher.event_acked", "level": "info", "timestamp": "2026-09-18T04:11:19.606064Z"}
Sep 18 01:11:23 fim-host fim-agent[33295]: {"event_id": "037cb4df-0c8c-46bd-9c14-b46c00a8ebcc", "path": "/srv/fim-watch/critico/gen_00047.txt", "action": "alert_only", "action_failed": false, "event": "decision.evaluated", "level": "info", "timestamp": "2026-09-18T04:11:23.198070Z"}
Sep 18 01:11:23 fim-host fim-agent[33295]: {"event_id": "037cb4df-0c8c-46bd-9c14-b46c00a8ebcc", "event": "publisher.event_published", "level": "info", "timestamp": "2026-09-18T04:11:23.213935Z"}
Sep 18 01:11:23 fim-host fim-agent[33295]: {"path": "/srv/fim-watch/critico/gen_00047.txt", "event_type": "file_deleted", "event_id": "037cb4df-0c8c-46bd-9c14-b46c00a8ebcc", "event": "detector.change_detected", "level": "info", "timestamp": "2026-09-18T04:11:23.218597Z"}
Sep 18 01:11:23 fim-host fim-agent[33295]: {"event_id": "037cb4df-0c8c-46bd-9c14-b46c00a8ebcc", "event": "publisher.event_acked", "level": "info", "timestamp": "2026-09-18T04:11:23.221386Z"}
Sep 18 01:11:26 fim-host fim-agent[33295]: {"event_id": "9b22a5cf-7e70-49df-999c-6431038905ee", "path": "/srv/fim-watch/critico/gen_00024.txt", "action": "alert_only", "action_failed": false, "event": "decision.evaluated", "level": "info", "timestamp": "2026-09-18T04:11:26.796822Z"}
Sep 18 01:11:26 fim-host fim-agent[33295]: {"event_id": "9b22a5cf-7e70-49df-999c-6431038905ee", "event": "publisher.event_published", "level": "info", "timestamp": "2026-09-18T04:11:26.810443Z"}
Sep 18 01:11:26 fim-host fim-agent[33295]: {"path": "/srv/fim-watch/critico/gen_00024.txt", "event_type": "file_modified", "event_id": "9b22a5cf-7e70-49df-999c-6431038905ee", "event": "detector.change_detected", "level": "info", "timestamp": "2026-09-18T04:11:26.815487Z"}
Sep 18 01:11:26 fim-host fim-agent[33295]: {"event_id": "9b22a5cf-7e70-49df-999c-6431038905ee", "event": "publisher.event_acked", "level": "info", "timestamp": "2026-09-18T04:11:26.818759Z"}
Sep 18 01:11:30 fim-host fim-agent[33295]: {"event_id": "13c87540-6905-46c5-b670-0228dd6adf73", "path": "/srv/fim-watch/critico/gen_00048.txt", "action": "alert_only", "action_failed": false, "event": "decision.evaluated", "level": "info", "timestamp": "2026-09-18T04:11:30.396137Z"}
Sep 18 01:11:30 fim-host fim-agent[33295]: {"event_id": "13c87540-6905-46c5-b670-0228dd6adf73", "event": "publisher.event_published", "level": "info", "timestamp": "2026-09-18T04:11:30.404907Z"}
Sep 18 01:11:30 fim-host fim-agent[33295]: {"path": "/srv/fim-watch/critico/gen_00048.txt", "event_type": "file_modified", "event_id": "13c87540-6905-46c5-b670-0228dd6adf73", "event": "detector.change_detected", "level": "info", "timestamp": "2026-09-18T04:11:30.409585Z"}
Sep 18 01:11:30 fim-host fim-agent[33295]: {"event_id": "13c87540-6905-46c5-b670-0228dd6adf73", "event": "publisher.event_acked", "level": "info", "timestamp": "2026-09-18T04:11:30.411911Z"}
Sep 18 01:11:33 fim-host fim-agent[33295]: {"event_id": "d85ac639-42bc-4b3e-b8a8-ef3251c2b055", "path": "/srv/fim-watch/critico/gen_00048.txt", "action": "alert_only", "action_failed": false, "event": "decision.evaluated", "level": "info", "timestamp": "2026-09-18T04:11:33.995638Z"}
Sep 18 01:11:34 fim-host fim-agent[33295]: {"event_id": "d85ac639-42bc-4b3e-b8a8-ef3251c2b055", "event": "publisher.event_published", "level": "info", "timestamp": "2026-09-18T04:11:34.014026Z"}
Sep 18 01:11:34 fim-host fim-agent[33295]: {"path": "/srv/fim-watch/critico/gen_00048.txt", "event_type": "file_deleted", "event_id": "d85ac639-42bc-4b3e-b8a8-ef3251c2b055", "event": "detector.change_detected", "level": "info", "timestamp": "2026-09-18T04:11:34.018296Z"}
Sep 18 01:11:34 fim-host fim-agent[33295]: {"event_id": "d85ac639-42bc-4b3e-b8a8-ef3251c2b055", "event": "publisher.event_acked", "level": "info", "timestamp": "2026-09-18T04:11:34.020258Z"}
Sep 18 01:11:37 fim-host fim-agent[33295]: {"event_id": "a0cd55d2-d45b-4589-961f-2f08800896d5", "path": "/srv/fim-watch/critico/gen_00039.txt", "action": "alert_only", "action_failed": false, "event": "decision.evaluated", "level": "info", "timestamp": "2026-09-18T04:11:37.600028Z"}
Sep 18 01:11:37 fim-host fim-agent[33295]: {"event_id": "a0cd55d2-d45b-4589-961f-2f08800896d5", "event": "publisher.event_published", "level": "info", "timestamp": "2026-09-18T04:11:37.614260Z"}
Sep 18 01:11:37 fim-host fim-agent[33295]: {"path": "/srv/fim-watch/critico/gen_00039.txt", "event_type": "file_modified", "event_id": "a0cd55d2-d45b-4589-961f-2f08800896d5", "event": "detector.change_detected", "level": "info", "timestamp": "2026-09-18T04:11:37.618833Z"}
Sep 18 01:11:37 fim-host fim-agent[33295]: {"event_id": "a0cd55d2-d45b-4589-961f-2f08800896d5", "event": "publisher.event_acked", "level": "info", "timestamp": "2026-09-18T04:11:37.623703Z"}
Sep 18 01:11:41 fim-host fim-agent[33295]: {"event_id": "81a2c136-629b-4587-93d4-b636958f9b06", "path": "/srv/fim-watch/gen_00032.txt", "action": "alert_only", "action_failed": false, "event": "decision.evaluated", "level": "info", "timestamp": "2026-09-18T04:11:41.194662Z"}
Sep 18 01:11:41 fim-host fim-agent[33295]: {"event_id": "81a2c136-629b-4587-93d4-b636958f9b06", "event": "publisher.event_published", "level": "info", "timestamp": "2026-09-18T04:11:41.210998Z"}
Sep 18 01:11:41 fim-host fim-agent[33295]: {"path": "/srv/fim-watch/gen_00032.txt", "event_type": "file_deleted", "event_id": "81a2c136-629b-4587-93d4-b636958f9b06", "event": "detector.change_detected", "level": "info", "timestamp": "2026-09-18T04:11:41.215687Z"}
Sep 18 01:11:41 fim-host fim-agent[33295]: {"event_id": "81a2c136-629b-4587-93d4-b636958f9b06", "event": "publisher.event_acked", "level": "info", "timestamp": "2026-09-18T04:11:41.217630Z"}
Sep 18 01:11:44 fim-host fim-agent[33295]: {"event_id": "ed83546f-2ccb-42a3-8e39-f2f2bb210325", "path": "/srv/fim-watch/gen_00046.txt", "action": "alert_only", "action_failed": false, "event": "decision.evaluated", "level": "info", "timestamp": "2026-09-18T04:11:44.794651Z"}
Sep 18 01:11:44 fim-host fim-agent[33295]: {"event_id": "ed83546f-2ccb-42a3-8e39-f2f2bb210325", "event": "publisher.event_published", "level": "info", "timestamp": "2026-09-18T04:11:44.803425Z"}
Sep 18 01:11:44 fim-host fim-agent[33295]: {"path": "/srv/fim-watch/gen_00046.txt", "event_type": "file_deleted", "event_id": "ed83546f-2ccb-42a3-8e39-f2f2bb210325", "event": "detector.change_detected", "level": "info", "timestamp": "2026-09-18T04:11:44.806606Z"}
Sep 18 01:11:44 fim-host fim-agent[33295]: {"event_id": "ed83546f-2ccb-42a3-8e39-f2f2bb210325", "event": "publisher.event_acked", "level": "info", "timestamp": "2026-09-18T04:11:44.810239Z"}
Sep 18 01:11:48 fim-host fim-agent[33295]: {"event_id": "87f796d2-156e-447a-bd66-cc9ed886c7cb", "path": "/srv/fim-watch/gen_00025.txt", "action": "alert_only", "action_failed": false, "event": "decision.evaluated", "level": "info", "timestamp": "2026-09-18T04:11:48.398122Z"}
Sep 18 01:11:48 fim-host fim-agent[33295]: {"event_id": "87f796d2-156e-447a-bd66-cc9ed886c7cb", "event": "publisher.event_published", "level": "info", "timestamp": "2026-09-18T04:11:48.440718Z"}
Sep 18 01:11:48 fim-host fim-agent[33295]: {"path": "/srv/fim-watch/gen_00025.txt", "event_type": "file_modified", "event_id": "87f796d2-156e-447a-bd66-cc9ed886c7cb", "event": "detector.change_detected", "level": "info", "timestamp": "2026-09-18T04:11:48.443749Z"}
Sep 18 01:11:48 fim-host fim-agent[33295]: {"event_id": "87f796d2-156e-447a-bd66-cc9ed886c7cb", "event": "publisher.event_acked", "level": "info", "timestamp": "2026-09-18T04:11:48.444757Z"}
Sep 18 01:11:55 fim-host fim-agent[33295]: {"event_id": "c2c768e9-c857-4193-991c-6970fe547d69", "path": "/srv/fim-watch/gen_00049.txt", "action": "alert_only", "action_failed": false, "event": "decision.evaluated", "level": "info", "timestamp": "2026-09-18T04:11:55.598016Z"}
Sep 18 01:11:55 fim-host fim-agent[33295]: {"event_id": "c2c768e9-c857-4193-991c-6970fe547d69", "event": "publisher.event_published", "level": "info", "timestamp": "2026-09-18T04:11:55.612256Z"}
Sep 18 01:11:55 fim-host fim-agent[33295]: {"path": "/srv/fim-watch/gen_00049.txt", "event_type": "file_modified", "event_id": "c2c768e9-c857-4193-991c-6970fe547d69", "event": "detector.change_detected", "level": "info", "timestamp": "2026-09-18T04:11:55.618495Z"}
Sep 18 01:11:55 fim-host fim-agent[33295]: {"event_id": "c2c768e9-c857-4193-991c-6970fe547d69", "event": "publisher.event_acked", "level": "info", "timestamp": "2026-09-18T04:11:55.622964Z"}
Sep 18 01:11:59 fim-host fim-agent[33295]: {"event_id": "8be72036-180d-4b7b-b2c4-971fbfd731b5", "path": "/srv/fim-watch/gen_00034.txt", "action": "alert_only", "action_failed": false, "event": "decision.evaluated", "level": "info", "timestamp": "2026-09-18T04:11:59.197224Z"}
Sep 18 01:11:59 fim-host fim-agent[33295]: {"event_id": "8be72036-180d-4b7b-b2c4-971fbfd731b5", "event": "publisher.event_published", "level": "info", "timestamp": "2026-09-18T04:11:59.210055Z"}
Sep 18 01:11:59 fim-host fim-agent[33295]: {"path": "/srv/fim-watch/gen_00034.txt", "event_type": "file_modified", "event_id": "8be72036-180d-4b7b-b2c4-971fbfd731b5", "event": "detector.change_detected", "level": "info", "timestamp": "2026-09-18T04:11:59.213542Z"}
Sep 18 01:11:59 fim-host fim-agent[33295]: {"event_id": "8be72036-180d-4b7b-b2c4-971fbfd731b5", "event": "publisher.event_acked", "level": "info", "timestamp": "2026-09-18T04:11:59.219494Z"}
Sep 18 01:12:02 fim-host fim-agent[33295]: {"event_id": "643f00ec-a95f-4d1c-95b8-e7ff4bbb7e46", "path": "/srv/fim-watch/critico/gen_00039.txt", "action": "alert_only", "action_failed": false, "event": "decision.evaluated", "level": "info", "timestamp": "2026-09-18T04:12:02.797625Z"}
Sep 18 01:12:02 fim-host fim-agent[33295]: {"event_id": "643f00ec-a95f-4d1c-95b8-e7ff4bbb7e46", "event": "publisher.event_published", "level": "info", "timestamp": "2026-09-18T04:12:02.810669Z"}
Sep 18 01:12:02 fim-host fim-agent[33295]: {"path": "/srv/fim-watch/critico/gen_00039.txt", "event_type": "file_modified", "event_id": "643f00ec-a95f-4d1c-95b8-e7ff4bbb7e46", "event": "detector.change_detected", "level": "info", "timestamp": "2026-09-18T04:12:02.816478Z"}
Sep 18 01:12:02 fim-host fim-agent[33295]: {"event_id": "643f00ec-a95f-4d1c-95b8-e7ff4bbb7e46", "event": "publisher.event_acked", "level": "info", "timestamp": "2026-09-18T04:12:02.821558Z"}
Sep 18 01:12:06 fim-host fim-agent[33295]: {"event_id": "e6eee7a0-6e8b-47a5-b848-f7b5caf33a9b", "path": "/srv/fim-watch/critico/gen_00039.txt", "action": "alert_only", "action_failed": false, "event": "decision.evaluated", "level": "info", "timestamp": "2026-09-18T04:12:06.391272Z"}
Sep 18 01:12:06 fim-host fim-agent[33295]: {"event_id": "e6eee7a0-6e8b-47a5-b848-f7b5caf33a9b", "event": "publisher.event_published", "level": "info", "timestamp": "2026-09-18T04:12:06.399997Z"}
Sep 18 01:12:06 fim-host fim-agent[33295]: {"path": "/srv/fim-watch/critico/gen_00039.txt", "event_type": "file_modified", "event_id": "e6eee7a0-6e8b-47a5-b848-f7b5caf33a9b", "event": "detector.change_detected", "level": "info", "timestamp": "2026-09-18T04:12:06.404636Z"}
Sep 18 01:12:06 fim-host fim-agent[33295]: {"event_id": "e6eee7a0-6e8b-47a5-b848-f7b5caf33a9b", "event": "publisher.event_acked", "level": "info", "timestamp": "2026-09-18T04:12:06.408921Z"}
Sep 18 01:12:09 fim-host fim-agent[33295]: {"event_id": "ef95bf00-5b70-4e6b-a72f-431ee17af004", "path": "/srv/fim-watch/gen_00036.txt", "action": "alert_only", "action_failed": false, "event": "decision.evaluated", "level": "info", "timestamp": "2026-09-18T04:12:09.993170Z"}
Sep 18 01:12:10 fim-host fim-agent[33295]: {"event_id": "ef95bf00-5b70-4e6b-a72f-431ee17af004", "event": "publisher.event_published", "level": "info", "timestamp": "2026-09-18T04:12:10.004760Z"}
Sep 18 01:12:10 fim-host fim-agent[33295]: {"path": "/srv/fim-watch/gen_00036.txt", "event_type": "file_deleted", "event_id": "ef95bf00-5b70-4e6b-a72f-431ee17af004", "event": "detector.change_detected", "level": "info", "timestamp": "2026-09-18T04:12:10.007610Z"}
Sep 18 01:12:10 fim-host fim-agent[33295]: {"event_id": "ef95bf00-5b70-4e6b-a72f-431ee17af004", "event": "publisher.event_acked", "level": "info", "timestamp": "2026-09-18T04:12:10.010757Z"}
Sep 18 01:12:13 fim-host fim-agent[33295]: {"event_id": "96c69aca-7523-4e4e-95f5-6f77f60bb121", "path": "/srv/fim-watch/gen_00050.txt", "action": "alert_only", "action_failed": false, "event": "decision.evaluated", "level": "info", "timestamp": "2026-09-18T04:12:13.597035Z"}
Sep 18 01:12:13 fim-host fim-agent[33295]: {"event_id": "96c69aca-7523-4e4e-95f5-6f77f60bb121", "event": "publisher.event_published", "level": "info", "timestamp": "2026-09-18T04:12:13.610474Z"}
Sep 18 01:12:13 fim-host fim-agent[33295]: {"path": "/srv/fim-watch/gen_00050.txt", "event_type": "file_modified", "event_id": "96c69aca-7523-4e4e-95f5-6f77f60bb121", "event": "detector.change_detected", "level": "info", "timestamp": "2026-09-18T04:12:13.616123Z"}
Sep 18 01:12:13 fim-host fim-agent[33295]: {"event_id": "96c69aca-7523-4e4e-95f5-6f77f60bb121", "event": "publisher.event_acked", "level": "info", "timestamp": "2026-09-18T04:12:13.621748Z"}
Sep 18 01:12:17 fim-host fim-agent[33295]: {"event_id": "2c70d24d-a41b-430b-a6a9-4ef61879e276", "path": "/srv/fim-watch/gen_00050.txt", "action": "alert_only", "action_failed": false, "event": "decision.evaluated", "level": "info", "timestamp": "2026-09-18T04:12:17.195332Z"}
Sep 18 01:12:17 fim-host fim-agent[33295]: {"event_id": "2c70d24d-a41b-430b-a6a9-4ef61879e276", "event": "publisher.event_published", "level": "info", "timestamp": "2026-09-18T04:12:17.211626Z"}
Sep 18 01:12:17 fim-host fim-agent[33295]: {"path": "/srv/fim-watch/gen_00050.txt", "event_type": "file_deleted", "event_id": "2c70d24d-a41b-430b-a6a9-4ef61879e276", "event": "detector.change_detected", "level": "info", "timestamp": "2026-09-18T04:12:17.217663Z"}
Sep 18 01:12:17 fim-host fim-agent[33295]: {"event_id": "2c70d24d-a41b-430b-a6a9-4ef61879e276", "event": "publisher.event_acked", "level": "info", "timestamp": "2026-09-18T04:12:17.222975Z"}
Sep 18 01:12:20 fim-host fim-agent[33295]: {"event_id": "451ececa-261c-424d-8a40-f1a707a7d973", "path": "/srv/fim-watch/critico/gen_00009.txt", "action": "alert_only", "action_failed": false, "event": "decision.evaluated", "level": "info", "timestamp": "2026-09-18T04:12:20.794749Z"}
Sep 18 01:12:20 fim-host fim-agent[33295]: {"event_id": "451ececa-261c-424d-8a40-f1a707a7d973", "event": "publisher.event_published", "level": "info", "timestamp": "2026-09-18T04:12:20.812495Z"}
Sep 18 01:12:20 fim-host fim-agent[33295]: {"path": "/srv/fim-watch/critico/gen_00009.txt", "event_type": "file_deleted", "event_id": "451ececa-261c-424d-8a40-f1a707a7d973", "event": "detector.change_detected", "level": "info", "timestamp": "2026-09-18T04:12:20.817970Z"}
Sep 18 01:12:20 fim-host fim-agent[33295]: {"event_id": "451ececa-261c-424d-8a40-f1a707a7d973", "event": "publisher.event_acked", "level": "info", "timestamp": "2026-09-18T04:12:20.823563Z"}
Sep 18 01:12:24 fim-host fim-agent[33295]: {"event_id": "ed257847-29c2-4169-800e-a9c5f905fb4d", "path": "/srv/fim-watch/gen_00051.txt", "action": "alert_only", "action_failed": false, "event": "decision.evaluated", "level": "info", "timestamp": "2026-09-18T04:12:24.393429Z"}
Sep 18 01:12:24 fim-host fim-agent[33295]: {"event_id": "ed257847-29c2-4169-800e-a9c5f905fb4d", "event": "publisher.event_published", "level": "info", "timestamp": "2026-09-18T04:12:24.404106Z"}
Sep 18 01:12:24 fim-host fim-agent[33295]: {"path": "/srv/fim-watch/gen_00051.txt", "event_type": "file_modified", "event_id": "ed257847-29c2-4169-800e-a9c5f905fb4d", "event": "detector.change_detected", "level": "info", "timestamp": "2026-09-18T04:12:24.408246Z"}
Sep 18 01:12:24 fim-host fim-agent[33295]: {"event_id": "ed257847-29c2-4169-800e-a9c5f905fb4d", "event": "publisher.event_acked", "level": "info", "timestamp": "2026-09-18T04:12:24.409698Z"}
Sep 18 01:12:27 fim-host fim-agent[33295]: {"event_id": "845d5fb7-9d7b-48bd-ad11-5343e135450f", "path": "/srv/fim-watch/gen_00052.txt", "action": "alert_only", "action_failed": false, "event": "decision.evaluated", "level": "info", "timestamp": "2026-09-18T04:12:27.995472Z"}
Sep 18 01:12:28 fim-host fim-agent[33295]: {"event_id": "845d5fb7-9d7b-48bd-ad11-5343e135450f", "event": "publisher.event_published", "level": "info", "timestamp": "2026-09-18T04:12:28.007456Z"}
Sep 18 01:12:28 fim-host fim-agent[33295]: {"path": "/srv/fim-watch/gen_00052.txt", "event_type": "file_modified", "event_id": "845d5fb7-9d7b-48bd-ad11-5343e135450f", "event": "detector.change_detected", "level": "info", "timestamp": "2026-09-18T04:12:28.012521Z"}
Sep 18 01:12:28 fim-host fim-agent[33295]: {"event_id": "845d5fb7-9d7b-48bd-ad11-5343e135450f", "event": "publisher.event_acked", "level": "info", "timestamp": "2026-09-18T04:12:28.017908Z"}
Sep 18 01:12:31 fim-host fim-agent[33295]: {"event_id": "8bda45f0-c0b3-42ef-bae3-0fe2f1a1cbe5", "path": "/srv/fim-watch/critico/gen_00027.txt", "action": "alert_only", "action_failed": false, "event": "decision.evaluated", "level": "info", "timestamp": "2026-09-18T04:12:31.593921Z"}
Sep 18 01:12:31 fim-host fim-agent[33295]: {"event_id": "8bda45f0-c0b3-42ef-bae3-0fe2f1a1cbe5", "event": "publisher.event_published", "level": "info", "timestamp": "2026-09-18T04:12:31.604759Z"}
Sep 18 01:12:31 fim-host fim-agent[33295]: {"path": "/srv/fim-watch/critico/gen_00027.txt", "event_type": "file_modified", "event_id": "8bda45f0-c0b3-42ef-bae3-0fe2f1a1cbe5", "event": "detector.change_detected", "level": "info", "timestamp": "2026-09-18T04:12:31.609477Z"}
Sep 18 01:12:31 fim-host fim-agent[33295]: {"event_id": "8bda45f0-c0b3-42ef-bae3-0fe2f1a1cbe5", "event": "publisher.event_acked", "level": "info", "timestamp": "2026-09-18T04:12:31.611325Z"}
Sep 18 01:12:35 fim-host fim-agent[33295]: {"event_id": "1a49d0bc-81a7-4216-8abc-fca4758b4a8d", "path": "/srv/fim-watch/gen_00053.txt", "action": "alert_only", "action_failed": false, "event": "decision.evaluated", "level": "info", "timestamp": "2026-09-18T04:12:35.195268Z"}
Sep 18 01:12:35 fim-host fim-agent[33295]: {"event_id": "1a49d0bc-81a7-4216-8abc-fca4758b4a8d", "event": "publisher.event_published", "level": "info", "timestamp": "2026-09-18T04:12:35.208041Z"}
Sep 18 01:12:35 fim-host fim-agent[33295]: {"path": "/srv/fim-watch/gen_00053.txt", "event_type": "file_modified", "event_id": "1a49d0bc-81a7-4216-8abc-fca4758b4a8d", "event": "detector.change_detected", "level": "info", "timestamp": "2026-09-18T04:12:35.212593Z"}
Sep 18 01:12:35 fim-host fim-agent[33295]: {"event_id": "1a49d0bc-81a7-4216-8abc-fca4758b4a8d", "event": "publisher.event_acked", "level": "info", "timestamp": "2026-09-18T04:12:35.214739Z"}
Sep 18 01:12:38 fim-host fim-agent[33295]: {"event_id": "78cd4761-ae90-45a0-83c4-5797e80704ae", "path": "/srv/fim-watch/gen_00040.txt", "action": "alert_only", "action_failed": false, "event": "decision.evaluated", "level": "info", "timestamp": "2026-09-18T04:12:38.792103Z"}
Sep 18 01:12:38 fim-host fim-agent[33295]: {"event_id": "78cd4761-ae90-45a0-83c4-5797e80704ae", "event": "publisher.event_published", "level": "info", "timestamp": "2026-09-18T04:12:38.804705Z"}
Sep 18 01:12:38 fim-host fim-agent[33295]: {"path": "/srv/fim-watch/gen_00040.txt", "event_type": "file_modified", "event_id": "78cd4761-ae90-45a0-83c4-5797e80704ae", "event": "detector.change_detected", "level": "info", "timestamp": "2026-09-18T04:12:38.809399Z"}
Sep 18 01:12:38 fim-host fim-agent[33295]: {"event_id": "78cd4761-ae90-45a0-83c4-5797e80704ae", "event": "publisher.event_acked", "level": "info", "timestamp": "2026-09-18T04:12:38.813121Z"}
Sep 18 01:12:42 fim-host fim-agent[33295]: {"event_id": "5e515984-6dd0-4272-8200-69355b7a366a", "path": "/srv/fim-watch/gen_00040.txt", "action": "alert_only", "action_failed": false, "event": "decision.evaluated", "level": "info", "timestamp": "2026-09-18T04:12:42.388085Z"}
Sep 18 01:12:42 fim-host fim-agent[33295]: {"event_id": "5e515984-6dd0-4272-8200-69355b7a366a", "event": "publisher.event_published", "level": "info", "timestamp": "2026-09-18T04:12:42.395106Z"}
Sep 18 01:12:42 fim-host fim-agent[33295]: {"path": "/srv/fim-watch/gen_00040.txt", "event_type": "file_modified", "event_id": "5e515984-6dd0-4272-8200-69355b7a366a", "event": "detector.change_detected", "level": "info", "timestamp": "2026-09-18T04:12:42.398380Z"}
Sep 18 01:12:42 fim-host fim-agent[33295]: {"event_id": "5e515984-6dd0-4272-8200-69355b7a366a", "event": "publisher.event_acked", "level": "info", "timestamp": "2026-09-18T04:12:42.401452Z"}
Sep 18 01:12:45 fim-host fim-agent[33295]: {"event_id": "29e5dc79-cc4f-402e-a620-9985f1c810ca", "path": "/srv/fim-watch/gen_00014.txt", "action": "alert_only", "action_failed": false, "event": "decision.evaluated", "level": "info", "timestamp": "2026-09-18T04:12:45.994578Z"}
Sep 18 01:12:46 fim-host fim-agent[33295]: {"event_id": "29e5dc79-cc4f-402e-a620-9985f1c810ca", "event": "publisher.event_published", "level": "info", "timestamp": "2026-09-18T04:12:46.006978Z"}
Sep 18 01:12:46 fim-host fim-agent[33295]: {"path": "/srv/fim-watch/gen_00014.txt", "event_type": "file_modified", "event_id": "29e5dc79-cc4f-402e-a620-9985f1c810ca", "event": "detector.change_detected", "level": "info", "timestamp": "2026-09-18T04:12:46.013260Z"}
Sep 18 01:12:46 fim-host fim-agent[33295]: {"event_id": "29e5dc79-cc4f-402e-a620-9985f1c810ca", "event": "publisher.event_acked", "level": "info", "timestamp": "2026-09-18T04:12:46.018345Z"}
Sep 18 01:12:49 fim-host fim-agent[33295]: {"event_id": "44d7dc2c-848a-403f-8c74-9602e09b3024", "path": "/srv/fim-watch/critico/gen_00039.txt", "action": "alert_only", "action_failed": false, "event": "decision.evaluated", "level": "info", "timestamp": "2026-09-18T04:12:49.583780Z"}
Sep 18 01:12:49 fim-host fim-agent[33295]: {"event_id": "44d7dc2c-848a-403f-8c74-9602e09b3024", "event": "publisher.event_published", "level": "info", "timestamp": "2026-09-18T04:12:49.597249Z"}
Sep 18 01:12:49 fim-host fim-agent[33295]: {"path": "/srv/fim-watch/critico/gen_00039.txt", "event_type": "file_modified", "event_id": "44d7dc2c-848a-403f-8c74-9602e09b3024", "event": "detector.change_detected", "level": "info", "timestamp": "2026-09-18T04:12:49.602958Z"}
Sep 18 01:12:49 fim-host fim-agent[33295]: {"event_id": "44d7dc2c-848a-403f-8c74-9602e09b3024", "event": "publisher.event_acked", "level": "info", "timestamp": "2026-09-18T04:12:49.608712Z"}
Sep 18 01:12:53 fim-host fim-agent[33295]: {"event_id": "3e7a7c29-7810-4163-973c-a06f43e7f26b", "path": "/srv/fim-watch/gen_00054.txt", "action": "alert_only", "action_failed": false, "event": "decision.evaluated", "level": "info", "timestamp": "2026-09-18T04:12:53.191686Z"}
Sep 18 01:12:53 fim-host fim-agent[33295]: {"event_id": "3e7a7c29-7810-4163-973c-a06f43e7f26b", "event": "publisher.event_published", "level": "info", "timestamp": "2026-09-18T04:12:53.202527Z"}
Sep 18 01:12:53 fim-host fim-agent[33295]: {"path": "/srv/fim-watch/gen_00054.txt", "event_type": "file_modified", "event_id": "3e7a7c29-7810-4163-973c-a06f43e7f26b", "event": "detector.change_detected", "level": "info", "timestamp": "2026-09-18T04:12:53.206230Z"}
Sep 18 01:12:53 fim-host fim-agent[33295]: {"event_id": "3e7a7c29-7810-4163-973c-a06f43e7f26b", "event": "publisher.event_acked", "level": "info", "timestamp": "2026-09-18T04:12:53.209661Z"}
Sep 18 01:12:56 fim-host fim-agent[33295]: {"event_id": "471d7fbd-5de5-4713-b1f1-481799ad29f3", "path": "/srv/fim-watch/gen_00054.txt", "action": "alert_only", "action_failed": false, "event": "decision.evaluated", "level": "info", "timestamp": "2026-09-18T04:12:56.788661Z"}
Sep 18 01:12:56 fim-host fim-agent[33295]: {"event_id": "471d7fbd-5de5-4713-b1f1-481799ad29f3", "event": "publisher.event_published", "level": "info", "timestamp": "2026-09-18T04:12:56.801767Z"}
Sep 18 01:12:56 fim-host fim-agent[33295]: {"path": "/srv/fim-watch/gen_00054.txt", "event_type": "file_deleted", "event_id": "471d7fbd-5de5-4713-b1f1-481799ad29f3", "event": "detector.change_detected", "level": "info", "timestamp": "2026-09-18T04:12:56.808651Z"}
Sep 18 01:12:56 fim-host fim-agent[33295]: {"event_id": "471d7fbd-5de5-4713-b1f1-481799ad29f3", "event": "publisher.event_acked", "level": "info", "timestamp": "2026-09-18T04:12:56.814393Z"}
Sep 18 01:13:00 fim-host fim-agent[33295]: {"event_id": "c0a93f21-0275-481b-873b-8e387ba22b68", "path": "/srv/fim-watch/gen_00055.txt", "action": "alert_only", "action_failed": false, "event": "decision.evaluated", "level": "info", "timestamp": "2026-09-18T04:13:00.389600Z"}
Sep 18 01:13:00 fim-host fim-agent[33295]: {"event_id": "c0a93f21-0275-481b-873b-8e387ba22b68", "event": "publisher.event_published", "level": "info", "timestamp": "2026-09-18T04:13:00.397930Z"}
Sep 18 01:13:00 fim-host fim-agent[33295]: {"path": "/srv/fim-watch/gen_00055.txt", "event_type": "file_modified", "event_id": "c0a93f21-0275-481b-873b-8e387ba22b68", "event": "detector.change_detected", "level": "info", "timestamp": "2026-09-18T04:13:00.401388Z"}
Sep 18 01:13:00 fim-host fim-agent[33295]: {"event_id": "c0a93f21-0275-481b-873b-8e387ba22b68", "event": "publisher.event_acked", "level": "info", "timestamp": "2026-09-18T04:13:00.408802Z"}
Sep 18 01:13:03 fim-host fim-agent[33295]: {"event_id": "5230ee2f-184f-4edb-8cde-583de4d02cc2", "path": "/srv/fim-watch/gen_00056.txt", "action": "alert_only", "action_failed": false, "event": "decision.evaluated", "level": "info", "timestamp": "2026-09-18T04:13:03.991757Z"}
Sep 18 01:13:04 fim-host fim-agent[33295]: {"event_id": "5230ee2f-184f-4edb-8cde-583de4d02cc2", "event": "publisher.event_published", "level": "info", "timestamp": "2026-09-18T04:13:04.006000Z"}
Sep 18 01:13:04 fim-host fim-agent[33295]: {"path": "/srv/fim-watch/gen_00056.txt", "event_type": "file_modified", "event_id": "5230ee2f-184f-4edb-8cde-583de4d02cc2", "event": "detector.change_detected", "level": "info", "timestamp": "2026-09-18T04:13:04.011697Z"}
Sep 18 01:13:04 fim-host fim-agent[33295]: {"event_id": "5230ee2f-184f-4edb-8cde-583de4d02cc2", "event": "publisher.event_acked", "level": "info", "timestamp": "2026-09-18T04:13:04.013533Z"}
Sep 18 01:13:07 fim-host fim-agent[33295]: {"event_id": "8b87ac00-2a4f-4cb6-b3ca-c5607cb80fdd", "path": "/srv/fim-watch/gen_00045.txt", "action": "alert_only", "action_failed": false, "event": "decision.evaluated", "level": "info", "timestamp": "2026-09-18T04:13:07.591680Z"}
Sep 18 01:13:07 fim-host fim-agent[33295]: {"event_id": "8b87ac00-2a4f-4cb6-b3ca-c5607cb80fdd", "event": "publisher.event_published", "level": "info", "timestamp": "2026-09-18T04:13:07.608669Z"}
Sep 18 01:13:07 fim-host fim-agent[33295]: {"path": "/srv/fim-watch/gen_00045.txt", "event_type": "file_modified", "event_id": "8b87ac00-2a4f-4cb6-b3ca-c5607cb80fdd", "event": "detector.change_detected", "level": "info", "timestamp": "2026-09-18T04:13:07.613667Z"}
Sep 18 01:13:07 fim-host fim-agent[33295]: {"event_id": "8b87ac00-2a4f-4cb6-b3ca-c5607cb80fdd", "event": "publisher.event_acked", "level": "info", "timestamp": "2026-09-18T04:13:07.620059Z"}
Sep 18 01:13:11 fim-host fim-agent[33295]: {"event_id": "87680b27-31c1-41da-8c33-e01ec7948b88", "path": "/srv/fim-watch/gen_00041.txt", "action": "alert_only", "action_failed": false, "event": "decision.evaluated", "level": "info", "timestamp": "2026-09-18T04:13:11.188913Z"}
Sep 18 01:13:11 fim-host fim-agent[33295]: {"event_id": "87680b27-31c1-41da-8c33-e01ec7948b88", "event": "publisher.event_published", "level": "info", "timestamp": "2026-09-18T04:13:11.199265Z"}
Sep 18 01:13:11 fim-host fim-agent[33295]: {"path": "/srv/fim-watch/gen_00041.txt", "event_type": "file_modified", "event_id": "87680b27-31c1-41da-8c33-e01ec7948b88", "event": "detector.change_detected", "level": "info", "timestamp": "2026-09-18T04:13:11.203649Z"}
Sep 18 01:13:11 fim-host fim-agent[33295]: {"event_id": "87680b27-31c1-41da-8c33-e01ec7948b88", "event": "publisher.event_acked", "level": "info", "timestamp": "2026-09-18T04:13:11.207051Z"}
Sep 18 01:13:14 fim-host fim-agent[33295]: {"event_id": "4c158f6a-8e51-4c17-af84-2dbfd4864898", "path": "/srv/fim-watch/gen_00053.txt", "action": "alert_only", "action_failed": false, "event": "decision.evaluated", "level": "info", "timestamp": "2026-09-18T04:13:14.791320Z"}
Sep 18 01:13:14 fim-host fim-agent[33295]: {"event_id": "4c158f6a-8e51-4c17-af84-2dbfd4864898", "event": "publisher.event_published", "level": "info", "timestamp": "2026-09-18T04:13:14.804538Z"}
Sep 18 01:13:14 fim-host fim-agent[33295]: {"path": "/srv/fim-watch/gen_00053.txt", "event_type": "file_modified", "event_id": "4c158f6a-8e51-4c17-af84-2dbfd4864898", "event": "detector.change_detected", "level": "info", "timestamp": "2026-09-18T04:13:14.809556Z"}
Sep 18 01:13:14 fim-host fim-agent[33295]: {"event_id": "4c158f6a-8e51-4c17-af84-2dbfd4864898", "event": "publisher.event_acked", "level": "info", "timestamp": "2026-09-18T04:13:14.814962Z"}
Sep 18 01:13:18 fim-host fim-agent[33295]: {"event_id": "00d74430-8039-4386-a79e-cbbd61d83a54", "path": "/srv/fim-watch/gen_00049.txt", "action": "alert_only", "action_failed": false, "event": "decision.evaluated", "level": "info", "timestamp": "2026-09-18T04:13:18.386225Z"}
Sep 18 01:13:18 fim-host fim-agent[33295]: {"event_id": "00d74430-8039-4386-a79e-cbbd61d83a54", "event": "publisher.event_published", "level": "info", "timestamp": "2026-09-18T04:13:18.396175Z"}
Sep 18 01:13:18 fim-host fim-agent[33295]: {"path": "/srv/fim-watch/gen_00049.txt", "event_type": "file_modified", "event_id": "00d74430-8039-4386-a79e-cbbd61d83a54", "event": "detector.change_detected", "level": "info", "timestamp": "2026-09-18T04:13:18.400817Z"}
Sep 18 01:13:18 fim-host fim-agent[33295]: {"event_id": "00d74430-8039-4386-a79e-cbbd61d83a54", "event": "publisher.event_acked", "level": "info", "timestamp": "2026-09-18T04:13:18.402564Z"}
Sep 18 01:13:21 fim-host fim-agent[33295]: {"event_id": "ac82fa8a-afcb-4ae4-acbc-ee7f87540fec", "path": "/srv/fim-watch/gen_00051.txt", "action": "alert_only", "action_failed": false, "event": "decision.evaluated", "level": "info", "timestamp": "2026-09-18T04:13:21.985600Z"}
Sep 18 01:13:21 fim-host fim-agent[33295]: {"event_id": "ac82fa8a-afcb-4ae4-acbc-ee7f87540fec", "event": "publisher.event_published", "level": "info", "timestamp": "2026-09-18T04:13:21.994898Z"}
Sep 18 01:13:21 fim-host fim-agent[33295]: {"path": "/srv/fim-watch/gen_00051.txt", "event_type": "file_modified", "event_id": "ac82fa8a-afcb-4ae4-acbc-ee7f87540fec", "event": "detector.change_detected", "level": "info", "timestamp": "2026-09-18T04:13:21.998482Z"}
Sep 18 01:13:22 fim-host fim-agent[33295]: {"event_id": "ac82fa8a-afcb-4ae4-acbc-ee7f87540fec", "event": "publisher.event_acked", "level": "info", "timestamp": "2026-09-18T04:13:22.004292Z"}
Sep 18 01:13:25 fim-host fim-agent[33295]: {"event_id": "8d198130-1724-41a8-b0a5-805d1ce93e9e", "path": "/srv/fim-watch/critico/gen_00057.txt", "action": "alert_only", "action_failed": false, "event": "decision.evaluated", "level": "info", "timestamp": "2026-09-18T04:13:25.585227Z"}
Sep 18 01:13:25 fim-host fim-agent[33295]: {"event_id": "8d198130-1724-41a8-b0a5-805d1ce93e9e", "event": "publisher.event_published", "level": "info", "timestamp": "2026-09-18T04:13:25.594223Z"}
Sep 18 01:13:25 fim-host fim-agent[33295]: {"path": "/srv/fim-watch/critico/gen_00057.txt", "event_type": "file_modified", "event_id": "8d198130-1724-41a8-b0a5-805d1ce93e9e", "event": "detector.change_detected", "level": "info", "timestamp": "2026-09-18T04:13:25.598534Z"}
Sep 18 01:13:25 fim-host fim-agent[33295]: {"event_id": "8d198130-1724-41a8-b0a5-805d1ce93e9e", "event": "publisher.event_acked", "level": "info", "timestamp": "2026-09-18T04:13:25.603574Z"}
Sep 18 01:13:29 fim-host fim-agent[33295]: {"event_id": "e038bda7-4099-452f-b4d8-40c7a01afbe3", "path": "/srv/fim-watch/critico/gen_00057.txt", "action": "alert_only", "action_failed": false, "event": "decision.evaluated", "level": "info", "timestamp": "2026-09-18T04:13:29.183924Z"}
Sep 18 01:13:29 fim-host fim-agent[33295]: {"event_id": "e038bda7-4099-452f-b4d8-40c7a01afbe3", "event": "publisher.event_published", "level": "info", "timestamp": "2026-09-18T04:13:29.194753Z"}
Sep 18 01:13:29 fim-host fim-agent[33295]: {"path": "/srv/fim-watch/critico/gen_00057.txt", "event_type": "file_deleted", "event_id": "e038bda7-4099-452f-b4d8-40c7a01afbe3", "event": "detector.change_detected", "level": "info", "timestamp": "2026-09-18T04:13:29.197421Z"}
Sep 18 01:13:29 fim-host fim-agent[33295]: {"event_id": "e038bda7-4099-452f-b4d8-40c7a01afbe3", "event": "publisher.event_acked", "level": "info", "timestamp": "2026-09-18T04:13:29.199387Z"}
Sep 18 01:13:32 fim-host fim-agent[33295]: {"event_id": "13168e21-8480-4683-b719-d323547fe0ac", "path": "/srv/fim-watch/gen_00053.txt", "action": "alert_only", "action_failed": false, "event": "decision.evaluated", "level": "info", "timestamp": "2026-09-18T04:13:32.787485Z"}
Sep 18 01:13:32 fim-host fim-agent[33295]: {"event_id": "13168e21-8480-4683-b719-d323547fe0ac", "event": "publisher.event_published", "level": "info", "timestamp": "2026-09-18T04:13:32.799711Z"}
Sep 18 01:13:32 fim-host fim-agent[33295]: {"path": "/srv/fim-watch/gen_00053.txt", "event_type": "file_modified", "event_id": "13168e21-8480-4683-b719-d323547fe0ac", "event": "detector.change_detected", "level": "info", "timestamp": "2026-09-18T04:13:32.805270Z"}
Sep 18 01:13:32 fim-host fim-agent[33295]: {"event_id": "13168e21-8480-4683-b719-d323547fe0ac", "event": "publisher.event_acked", "level": "info", "timestamp": "2026-09-18T04:13:32.809633Z"}
Sep 18 01:13:36 fim-host fim-agent[33295]: {"event_id": "bf77eb1a-286c-48be-8480-fbe80b684311", "path": "/srv/fim-watch/gen_00053.txt", "action": "alert_only", "action_failed": false, "event": "decision.evaluated", "level": "info", "timestamp": "2026-09-18T04:13:36.386526Z"}
Sep 18 01:13:36 fim-host fim-agent[33295]: {"event_id": "bf77eb1a-286c-48be-8480-fbe80b684311", "event": "publisher.event_published", "level": "info", "timestamp": "2026-09-18T04:13:36.395295Z"}
Sep 18 01:13:36 fim-host fim-agent[33295]: {"path": "/srv/fim-watch/gen_00053.txt", "event_type": "file_modified", "event_id": "bf77eb1a-286c-48be-8480-fbe80b684311", "event": "detector.change_detected", "level": "info", "timestamp": "2026-09-18T04:13:36.398806Z"}
Sep 18 01:13:36 fim-host fim-agent[33295]: {"event_id": "bf77eb1a-286c-48be-8480-fbe80b684311", "event": "publisher.event_acked", "level": "info", "timestamp": "2026-09-18T04:13:36.403577Z"}
Sep 18 01:13:39 fim-host fim-agent[33295]: {"event_id": "27ad0803-e79b-44a6-a693-772dfdbd14c6", "path": "/srv/fim-watch/gen_00044.txt", "action": "alert_only", "action_failed": false, "event": "decision.evaluated", "level": "info", "timestamp": "2026-09-18T04:13:39.988010Z"}
Sep 18 01:13:39 fim-host fim-agent[33295]: {"event_id": "27ad0803-e79b-44a6-a693-772dfdbd14c6", "event": "publisher.event_published", "level": "info", "timestamp": "2026-09-18T04:13:39.996143Z"}
Sep 18 01:13:39 fim-host fim-agent[33295]: {"path": "/srv/fim-watch/gen_00044.txt", "event_type": "file_modified", "event_id": "27ad0803-e79b-44a6-a693-772dfdbd14c6", "event": "detector.change_detected", "level": "info", "timestamp": "2026-09-18T04:13:39.999628Z"}
Sep 18 01:13:40 fim-host fim-agent[33295]: {"event_id": "27ad0803-e79b-44a6-a693-772dfdbd14c6", "event": "publisher.event_acked", "level": "info", "timestamp": "2026-09-18T04:13:40.006148Z"}
Sep 18 01:13:43 fim-host fim-agent[33295]: {"event_id": "a6cdc8ab-431e-4818-8cc8-72a390a96dba", "path": "/srv/fim-watch/critico/gen_00058.txt", "action": "alert_only", "action_failed": false, "event": "decision.evaluated", "level": "info", "timestamp": "2026-09-18T04:13:43.585115Z"}
Sep 18 01:13:43 fim-host fim-agent[33295]: {"event_id": "a6cdc8ab-431e-4818-8cc8-72a390a96dba", "event": "publisher.event_published", "level": "info", "timestamp": "2026-09-18T04:13:43.596125Z"}
Sep 18 01:13:43 fim-host fim-agent[33295]: {"path": "/srv/fim-watch/critico/gen_00058.txt", "event_type": "file_modified", "event_id": "a6cdc8ab-431e-4818-8cc8-72a390a96dba", "event": "detector.change_detected", "level": "info", "timestamp": "2026-09-18T04:13:43.600650Z"}
Sep 18 01:13:43 fim-host fim-agent[33295]: {"event_id": "a6cdc8ab-431e-4818-8cc8-72a390a96dba", "event": "publisher.event_acked", "level": "info", "timestamp": "2026-09-18T04:13:43.607045Z"}
Sep 18 01:13:47 fim-host fim-agent[33295]: {"event_id": "2d89c21f-51c1-4aa4-8963-b3783ae26961", "path": "/srv/fim-watch/gen_00056.txt", "action": "alert_only", "action_failed": false, "event": "decision.evaluated", "level": "info", "timestamp": "2026-09-18T04:13:47.185055Z"}
Sep 18 01:13:47 fim-host fim-agent[33295]: {"event_id": "2d89c21f-51c1-4aa4-8963-b3783ae26961", "event": "publisher.event_published", "level": "info", "timestamp": "2026-09-18T04:13:47.194686Z"}
Sep 18 01:13:47 fim-host fim-agent[33295]: {"path": "/srv/fim-watch/gen_00056.txt", "event_type": "file_modified", "event_id": "2d89c21f-51c1-4aa4-8963-b3783ae26961", "event": "detector.change_detected", "level": "info", "timestamp": "2026-09-18T04:13:47.199493Z"}
Sep 18 01:13:47 fim-host fim-agent[33295]: {"event_id": "2d89c21f-51c1-4aa4-8963-b3783ae26961", "event": "publisher.event_acked", "level": "info", "timestamp": "2026-09-18T04:13:47.204238Z"}
Sep 18 01:13:50 fim-host fim-agent[33295]: {"event_id": "756deacc-e009-416c-97ba-5e8d93333bb2", "path": "/srv/fim-watch/critico/gen_00039.txt", "action": "alert_only", "action_failed": false, "event": "decision.evaluated", "level": "info", "timestamp": "2026-09-18T04:13:50.787707Z"}
Sep 18 01:13:50 fim-host fim-agent[33295]: {"event_id": "756deacc-e009-416c-97ba-5e8d93333bb2", "event": "publisher.event_published", "level": "info", "timestamp": "2026-09-18T04:13:50.798729Z"}
Sep 18 01:13:50 fim-host fim-agent[33295]: {"path": "/srv/fim-watch/critico/gen_00039.txt", "event_type": "file_modified", "event_id": "756deacc-e009-416c-97ba-5e8d93333bb2", "event": "detector.change_detected", "level": "info", "timestamp": "2026-09-18T04:13:50.802891Z"}
Sep 18 01:13:50 fim-host fim-agent[33295]: {"event_id": "756deacc-e009-416c-97ba-5e8d93333bb2", "event": "publisher.event_acked", "level": "info", "timestamp": "2026-09-18T04:13:50.809125Z"}
Sep 18 01:13:54 fim-host fim-agent[33295]: {"event_id": "35d6dec1-c25a-476c-9839-9d4a80b8b101", "path": "/srv/fim-watch/gen_00041.txt", "action": "alert_only", "action_failed": false, "event": "decision.evaluated", "level": "info", "timestamp": "2026-09-18T04:13:54.386223Z"}
Sep 18 01:13:54 fim-host fim-agent[33295]: {"event_id": "35d6dec1-c25a-476c-9839-9d4a80b8b101", "event": "publisher.event_published", "level": "info", "timestamp": "2026-09-18T04:13:54.398131Z"}
Sep 18 01:13:54 fim-host fim-agent[33295]: {"path": "/srv/fim-watch/gen_00041.txt", "event_type": "file_modified", "event_id": "35d6dec1-c25a-476c-9839-9d4a80b8b101", "event": "detector.change_detected", "level": "info", "timestamp": "2026-09-18T04:13:54.403383Z"}
Sep 18 01:13:54 fim-host fim-agent[33295]: {"event_id": "35d6dec1-c25a-476c-9839-9d4a80b8b101", "event": "publisher.event_acked", "level": "info", "timestamp": "2026-09-18T04:13:54.408523Z"}
Sep 18 01:13:57 fim-host fim-agent[33295]: {"event_id": "4d4569c2-900f-4de1-a495-c0bc241cb241", "path": "/srv/fim-watch/gen_00013.txt", "action": "alert_only", "action_failed": false, "event": "decision.evaluated", "level": "info", "timestamp": "2026-09-18T04:13:57.985028Z"}
Sep 18 01:13:57 fim-host fim-agent[33295]: {"event_id": "4d4569c2-900f-4de1-a495-c0bc241cb241", "event": "publisher.event_published", "level": "info", "timestamp": "2026-09-18T04:13:57.993417Z"}
Sep 18 01:13:57 fim-host fim-agent[33295]: {"path": "/srv/fim-watch/gen_00013.txt", "event_type": "file_modified", "event_id": "4d4569c2-900f-4de1-a495-c0bc241cb241", "event": "detector.change_detected", "level": "info", "timestamp": "2026-09-18T04:13:57.998734Z"}
Sep 18 01:13:58 fim-host fim-agent[33295]: {"event_id": "4d4569c2-900f-4de1-a495-c0bc241cb241", "event": "publisher.event_acked", "level": "info", "timestamp": "2026-09-18T04:13:58.004035Z"}
Sep 18 01:14:01 fim-host fim-agent[33295]: {"event_id": "5a9e3dbd-1bdb-455e-be21-c2fbb7a570cb", "path": "/srv/fim-watch/gen_00013.txt", "action": "alert_only", "action_failed": false, "event": "decision.evaluated", "level": "info", "timestamp": "2026-09-18T04:14:01.585331Z"}
Sep 18 01:14:01 fim-host fim-agent[33295]: {"event_id": "5a9e3dbd-1bdb-455e-be21-c2fbb7a570cb", "event": "publisher.event_published", "level": "info", "timestamp": "2026-09-18T04:14:01.596596Z"}
Sep 18 01:14:01 fim-host fim-agent[33295]: {"path": "/srv/fim-watch/gen_00013.txt", "event_type": "file_modified", "event_id": "5a9e3dbd-1bdb-455e-be21-c2fbb7a570cb", "event": "detector.change_detected", "level": "info", "timestamp": "2026-09-18T04:14:01.600960Z"}
Sep 18 01:14:01 fim-host fim-agent[33295]: {"event_id": "5a9e3dbd-1bdb-455e-be21-c2fbb7a570cb", "event": "publisher.event_acked", "level": "info", "timestamp": "2026-09-18T04:14:01.607699Z"}
Sep 18 01:14:05 fim-host fim-agent[33295]: {"event_id": "ead91bf0-0b11-494b-8c86-edfe9b598af0", "path": "/srv/fim-watch/gen_00013.txt", "action": "alert_only", "action_failed": false, "event": "decision.evaluated", "level": "info", "timestamp": "2026-09-18T04:14:05.185318Z"}
Sep 18 01:14:05 fim-host fim-agent[33295]: {"event_id": "ead91bf0-0b11-494b-8c86-edfe9b598af0", "event": "publisher.event_published", "level": "info", "timestamp": "2026-09-18T04:14:05.197593Z"}
Sep 18 01:14:05 fim-host fim-agent[33295]: {"path": "/srv/fim-watch/gen_00013.txt", "event_type": "file_modified", "event_id": "ead91bf0-0b11-494b-8c86-edfe9b598af0", "event": "detector.change_detected", "level": "info", "timestamp": "2026-09-18T04:14:05.202230Z"}
Sep 18 01:14:05 fim-host fim-agent[33295]: {"event_id": "ead91bf0-0b11-494b-8c86-edfe9b598af0", "event": "publisher.event_acked", "level": "info", "timestamp": "2026-09-18T04:14:05.204601Z"}
Sep 18 01:14:08 fim-host fim-agent[33295]: {"event_id": "2a35c499-bc66-4070-a00a-19202d094e4e", "path": "/srv/fim-watch/gen_00013.txt", "action": "alert_only", "action_failed": false, "event": "decision.evaluated", "level": "info", "timestamp": "2026-09-18T04:14:08.784173Z"}
Sep 18 01:14:08 fim-host fim-agent[33295]: {"event_id": "2a35c499-bc66-4070-a00a-19202d094e4e", "event": "publisher.event_published", "level": "info", "timestamp": "2026-09-18T04:14:08.795887Z"}
Sep 18 01:14:08 fim-host fim-agent[33295]: {"path": "/srv/fim-watch/gen_00013.txt", "event_type": "file_modified", "event_id": "2a35c499-bc66-4070-a00a-19202d094e4e", "event": "detector.change_detected", "level": "info", "timestamp": "2026-09-18T04:14:08.800730Z"}
Sep 18 01:14:08 fim-host fim-agent[33295]: {"event_id": "2a35c499-bc66-4070-a00a-19202d094e4e", "event": "publisher.event_acked", "level": "info", "timestamp": "2026-09-18T04:14:08.806260Z"}
Sep 18 01:14:12 fim-host fim-agent[33295]: {"event_id": "8d81af36-8629-4731-84bc-a60db8c21cbe", "path": "/srv/fim-watch/gen_00013.txt", "action": "alert_only", "action_failed": false, "event": "decision.evaluated", "level": "info", "timestamp": "2026-09-18T04:14:12.384622Z"}
Sep 18 01:14:12 fim-host fim-agent[33295]: {"event_id": "8d81af36-8629-4731-84bc-a60db8c21cbe", "event": "publisher.event_published", "level": "info", "timestamp": "2026-09-18T04:14:12.394604Z"}
Sep 18 01:14:12 fim-host fim-agent[33295]: {"path": "/srv/fim-watch/gen_00013.txt", "event_type": "file_modified", "event_id": "8d81af36-8629-4731-84bc-a60db8c21cbe", "event": "detector.change_detected", "level": "info", "timestamp": "2026-09-18T04:14:12.398628Z"}
Sep 18 01:14:12 fim-host fim-agent[33295]: {"event_id": "8d81af36-8629-4731-84bc-a60db8c21cbe", "event": "publisher.event_acked", "level": "info", "timestamp": "2026-09-18T04:14:12.406475Z"}
Sep 18 01:14:15 fim-host fim-agent[33295]: {"event_id": "84482d2a-6137-47d9-af1a-2c0bbfdcc0bb", "path": "/srv/fim-watch/gen_00013.txt", "action": "alert_only", "action_failed": false, "event": "decision.evaluated", "level": "info", "timestamp": "2026-09-18T04:14:15.983126Z"}
Sep 18 01:14:15 fim-host fim-agent[33295]: {"event_id": "84482d2a-6137-47d9-af1a-2c0bbfdcc0bb", "event": "publisher.event_published", "level": "info", "timestamp": "2026-09-18T04:14:15.991330Z"}
Sep 18 01:14:15 fim-host fim-agent[33295]: {"path": "/srv/fim-watch/gen_00013.txt", "event_type": "file_modified", "event_id": "84482d2a-6137-47d9-af1a-2c0bbfdcc0bb", "event": "detector.change_detected", "level": "info", "timestamp": "2026-09-18T04:14:15.994922Z"}
Sep 18 01:14:15 fim-host fim-agent[33295]: {"event_id": "84482d2a-6137-47d9-af1a-2c0bbfdcc0bb", "event": "publisher.event_acked", "level": "info", "timestamp": "2026-09-18T04:14:15.999295Z"}
Sep 18 01:14:19 fim-host fim-agent[33295]: {"event_id": "d0d21b13-fd94-460a-a733-a0ce65f49d2e", "path": "/srv/fim-watch/gen_00020.txt", "action": "alert_only", "action_failed": false, "event": "decision.evaluated", "level": "info", "timestamp": "2026-09-18T04:14:19.582401Z"}
Sep 18 01:14:19 fim-host fim-agent[33295]: {"event_id": "d0d21b13-fd94-460a-a733-a0ce65f49d2e", "event": "publisher.event_published", "level": "info", "timestamp": "2026-09-18T04:14:19.592731Z"}
Sep 18 01:14:19 fim-host fim-agent[33295]: {"path": "/srv/fim-watch/gen_00020.txt", "event_type": "file_modified", "event_id": "d0d21b13-fd94-460a-a733-a0ce65f49d2e", "event": "detector.change_detected", "level": "info", "timestamp": "2026-09-18T04:14:19.597990Z"}
Sep 18 01:14:19 fim-host fim-agent[33295]: {"event_id": "d0d21b13-fd94-460a-a733-a0ce65f49d2e", "event": "publisher.event_acked", "level": "info", "timestamp": "2026-09-18T04:14:19.600241Z"}
Sep 18 01:14:23 fim-host fim-agent[33295]: {"event_id": "1801dad1-5d4e-4ce0-8f51-31ccc76b7f72", "path": "/srv/fim-watch/critico/gen_00058.txt", "action": "alert_only", "action_failed": false, "event": "decision.evaluated", "level": "info", "timestamp": "2026-09-18T04:14:23.184340Z"}
Sep 18 01:14:23 fim-host fim-agent[33295]: {"event_id": "1801dad1-5d4e-4ce0-8f51-31ccc76b7f72", "event": "publisher.event_published", "level": "info", "timestamp": "2026-09-18T04:14:23.195993Z"}
Sep 18 01:14:23 fim-host fim-agent[33295]: {"path": "/srv/fim-watch/critico/gen_00058.txt", "event_type": "file_modified", "event_id": "1801dad1-5d4e-4ce0-8f51-31ccc76b7f72", "event": "detector.change_detected", "level": "info", "timestamp": "2026-09-18T04:14:23.200208Z"}
Sep 18 01:14:23 fim-host fim-agent[33295]: {"event_id": "1801dad1-5d4e-4ce0-8f51-31ccc76b7f72", "event": "publisher.event_acked", "level": "info", "timestamp": "2026-09-18T04:14:23.207055Z"}
Sep 18 01:14:26 fim-host fim-agent[33295]: {"event_id": "3ada43b9-bc52-49be-ae7f-b754ee719628", "path": "/srv/fim-watch/gen_00059.txt", "action": "alert_only", "action_failed": false, "event": "decision.evaluated", "level": "info", "timestamp": "2026-09-18T04:14:26.780914Z"}
Sep 18 01:14:26 fim-host fim-agent[33295]: {"event_id": "3ada43b9-bc52-49be-ae7f-b754ee719628", "event": "publisher.event_published", "level": "info", "timestamp": "2026-09-18T04:14:26.790722Z"}
Sep 18 01:14:26 fim-host fim-agent[33295]: {"path": "/srv/fim-watch/gen_00059.txt", "event_type": "file_modified", "event_id": "3ada43b9-bc52-49be-ae7f-b754ee719628", "event": "detector.change_detected", "level": "info", "timestamp": "2026-09-18T04:14:26.794105Z"}
Sep 18 01:14:26 fim-host fim-agent[33295]: {"event_id": "3ada43b9-bc52-49be-ae7f-b754ee719628", "event": "publisher.event_acked", "level": "info", "timestamp": "2026-09-18T04:14:26.799403Z"}
Sep 18 01:14:30 fim-host fim-agent[33295]: {"event_id": "182d41ce-d727-4bb2-a193-59ebb8590056", "path": "/srv/fim-watch/gen_00060.txt", "action": "alert_only", "action_failed": false, "event": "decision.evaluated", "level": "info", "timestamp": "2026-09-18T04:14:30.384395Z"}
Sep 18 01:14:30 fim-host fim-agent[33295]: {"event_id": "182d41ce-d727-4bb2-a193-59ebb8590056", "event": "publisher.event_published", "level": "info", "timestamp": "2026-09-18T04:14:30.397737Z"}
Sep 18 01:14:30 fim-host fim-agent[33295]: {"path": "/srv/fim-watch/gen_00060.txt", "event_type": "file_modified", "event_id": "182d41ce-d727-4bb2-a193-59ebb8590056", "event": "detector.change_detected", "level": "info", "timestamp": "2026-09-18T04:14:30.403650Z"}
Sep 18 01:14:30 fim-host fim-agent[33295]: {"event_id": "182d41ce-d727-4bb2-a193-59ebb8590056", "event": "publisher.event_acked", "level": "info", "timestamp": "2026-09-18T04:14:30.408796Z"}
Sep 18 01:14:33 fim-host fim-agent[33295]: {"event_id": "27b08d04-1071-4be3-a2cb-15300c085486", "path": "/srv/fim-watch/critico/gen_00029.txt", "action": "alert_only", "action_failed": false, "event": "decision.evaluated", "level": "info", "timestamp": "2026-09-18T04:14:33.983648Z"}
Sep 18 01:14:33 fim-host fim-agent[33295]: {"event_id": "27b08d04-1071-4be3-a2cb-15300c085486", "event": "publisher.event_published", "level": "info", "timestamp": "2026-09-18T04:14:33.995560Z"}
Sep 18 01:14:34 fim-host fim-agent[33295]: {"path": "/srv/fim-watch/critico/gen_00029.txt", "event_type": "file_modified", "event_id": "27b08d04-1071-4be3-a2cb-15300c085486", "event": "detector.change_detected", "level": "info", "timestamp": "2026-09-18T04:14:34.000141Z"}
Sep 18 01:14:34 fim-host fim-agent[33295]: {"event_id": "27b08d04-1071-4be3-a2cb-15300c085486", "event": "publisher.event_acked", "level": "info", "timestamp": "2026-09-18T04:14:34.004525Z"}
Sep 18 01:14:41 fim-host fim-agent[33295]: {"event_id": "8837a7cf-3762-4f9b-81c8-211a015bb141", "path": "/srv/fim-watch/critico/gen_00029.txt", "action": "alert_only", "action_failed": false, "event": "decision.evaluated", "level": "info", "timestamp": "2026-09-18T04:14:41.181646Z"}
Sep 18 01:14:41 fim-host fim-agent[33295]: {"event_id": "8837a7cf-3762-4f9b-81c8-211a015bb141", "event": "publisher.event_published", "level": "info", "timestamp": "2026-09-18T04:14:41.192527Z"}
Sep 18 01:14:41 fim-host fim-agent[33295]: {"path": "/srv/fim-watch/critico/gen_00029.txt", "event_type": "file_modified", "event_id": "8837a7cf-3762-4f9b-81c8-211a015bb141", "event": "detector.change_detected", "level": "info", "timestamp": "2026-09-18T04:14:41.196597Z"}
Sep 18 01:14:41 fim-host fim-agent[33295]: {"event_id": "8837a7cf-3762-4f9b-81c8-211a015bb141", "event": "publisher.event_acked", "level": "info", "timestamp": "2026-09-18T04:14:41.201448Z"}
Sep 18 01:14:48 fim-host fim-agent[33295]: {"event_id": "37285933-69cf-4a78-8f33-9895ca7a5515", "path": "/srv/fim-watch/gen_00063.txt", "action": "alert_only", "action_failed": false, "event": "decision.evaluated", "level": "info", "timestamp": "2026-09-18T04:14:48.378078Z"}
Sep 18 01:14:48 fim-host fim-agent[33295]: {"event_id": "37285933-69cf-4a78-8f33-9895ca7a5515", "event": "publisher.event_published", "level": "info", "timestamp": "2026-09-18T04:14:48.389049Z"}
Sep 18 01:14:48 fim-host fim-agent[33295]: {"path": "/srv/fim-watch/gen_00063.txt", "event_type": "file_created", "event_id": "37285933-69cf-4a78-8f33-9895ca7a5515", "event": "detector.change_detected", "level": "info", "timestamp": "2026-09-18T04:14:48.392012Z"}
Sep 18 01:14:48 fim-host fim-agent[33295]: {"event_id": "37285933-69cf-4a78-8f33-9895ca7a5515", "event": "publisher.event_acked", "level": "info", "timestamp": "2026-09-18T04:14:48.393901Z"}
Sep 18 01:14:51 fim-host fim-agent[33295]: {"event_id": "e44266df-c3d4-4036-a31b-70b8909e1947", "path": "/srv/fim-watch/gen_00062.txt", "action": "alert_only", "action_failed": false, "event": "decision.evaluated", "level": "info", "timestamp": "2026-09-18T04:14:51.980704Z"}
Sep 18 01:14:51 fim-host fim-agent[33295]: {"event_id": "e44266df-c3d4-4036-a31b-70b8909e1947", "event": "publisher.event_published", "level": "info", "timestamp": "2026-09-18T04:14:51.992127Z"}
Sep 18 01:14:51 fim-host fim-agent[33295]: {"path": "/srv/fim-watch/gen_00062.txt", "event_type": "file_modified", "event_id": "e44266df-c3d4-4036-a31b-70b8909e1947", "event": "detector.change_detected", "level": "info", "timestamp": "2026-09-18T04:14:51.996603Z"}
Sep 18 01:14:51 fim-host fim-agent[33295]: {"event_id": "e44266df-c3d4-4036-a31b-70b8909e1947", "event": "publisher.event_acked", "level": "info", "timestamp": "2026-09-18T04:14:51.998320Z"}
Sep 18 01:14:55 fim-host fim-agent[33295]: {"event_id": "0fbb54c5-dde1-4ac3-a9f2-d4775a428c9c", "path": "/srv/fim-watch/gen_00064.txt", "action": "alert_only", "action_failed": false, "event": "decision.evaluated", "level": "info", "timestamp": "2026-09-18T04:14:55.586409Z"}
Sep 18 01:14:55 fim-host fim-agent[33295]: {"event_id": "0fbb54c5-dde1-4ac3-a9f2-d4775a428c9c", "event": "publisher.event_published", "level": "info", "timestamp": "2026-09-18T04:14:55.598714Z"}
Sep 18 01:14:55 fim-host fim-agent[33295]: {"path": "/srv/fim-watch/gen_00064.txt", "event_type": "file_modified", "event_id": "0fbb54c5-dde1-4ac3-a9f2-d4775a428c9c", "event": "detector.change_detected", "level": "info", "timestamp": "2026-09-18T04:14:55.603726Z"}
Sep 18 01:14:55 fim-host fim-agent[33295]: {"event_id": "0fbb54c5-dde1-4ac3-a9f2-d4775a428c9c", "event": "publisher.event_acked", "level": "info", "timestamp": "2026-09-18T04:14:55.609724Z"}
Sep 18 01:14:59 fim-host fim-agent[33295]: {"event_id": "cb7ff40f-ca28-4ce0-85a1-3e9ddafa2154", "path": "/srv/fim-watch/gen_00014.txt", "action": "alert_only", "action_failed": false, "event": "decision.evaluated", "level": "info", "timestamp": "2026-09-18T04:14:59.184757Z"}
Sep 18 01:14:59 fim-host fim-agent[33295]: {"event_id": "cb7ff40f-ca28-4ce0-85a1-3e9ddafa2154", "event": "publisher.event_published", "level": "info", "timestamp": "2026-09-18T04:14:59.199571Z"}
Sep 18 01:14:59 fim-host fim-agent[33295]: {"path": "/srv/fim-watch/gen_00014.txt", "event_type": "file_modified", "event_id": "cb7ff40f-ca28-4ce0-85a1-3e9ddafa2154", "event": "detector.change_detected", "level": "info", "timestamp": "2026-09-18T04:14:59.204430Z"}
Sep 18 01:14:59 fim-host fim-agent[33295]: {"event_id": "cb7ff40f-ca28-4ce0-85a1-3e9ddafa2154", "event": "publisher.event_acked", "level": "info", "timestamp": "2026-09-18T04:14:59.210614Z"}
Sep 18 01:15:02 fim-host fim-agent[33295]: {"event_id": "94d97d59-1d80-4771-9210-4e9214cefea9", "path": "/srv/fim-watch/gen_00052.txt", "action": "alert_only", "action_failed": false, "event": "decision.evaluated", "level": "info", "timestamp": "2026-09-18T04:15:02.781790Z"}
Sep 18 01:15:02 fim-host fim-agent[33295]: {"event_id": "94d97d59-1d80-4771-9210-4e9214cefea9", "event": "publisher.event_published", "level": "info", "timestamp": "2026-09-18T04:15:02.795305Z"}
Sep 18 01:15:02 fim-host fim-agent[33295]: {"path": "/srv/fim-watch/gen_00052.txt", "event_type": "file_modified", "event_id": "94d97d59-1d80-4771-9210-4e9214cefea9", "event": "detector.change_detected", "level": "info", "timestamp": "2026-09-18T04:15:02.800973Z"}
Sep 18 01:15:02 fim-host fim-agent[33295]: {"event_id": "94d97d59-1d80-4771-9210-4e9214cefea9", "event": "publisher.event_acked", "level": "info", "timestamp": "2026-09-18T04:15:02.806032Z"}
Sep 18 01:15:06 fim-host fim-agent[33295]: {"event_id": "37616c0a-394a-4384-acda-b6eea911d5a6", "path": "/srv/fim-watch/critico/gen_00027.txt", "action": "alert_only", "action_failed": false, "event": "decision.evaluated", "level": "info", "timestamp": "2026-09-18T04:15:06.382021Z"}
Sep 18 01:15:06 fim-host fim-agent[33295]: {"event_id": "37616c0a-394a-4384-acda-b6eea911d5a6", "event": "publisher.event_published", "level": "info", "timestamp": "2026-09-18T04:15:06.393799Z"}
Sep 18 01:15:06 fim-host fim-agent[33295]: {"path": "/srv/fim-watch/critico/gen_00027.txt", "event_type": "file_modified", "event_id": "37616c0a-394a-4384-acda-b6eea911d5a6", "event": "detector.change_detected", "level": "info", "timestamp": "2026-09-18T04:15:06.399552Z"}
Sep 18 01:15:06 fim-host fim-agent[33295]: {"event_id": "37616c0a-394a-4384-acda-b6eea911d5a6", "event": "publisher.event_acked", "level": "info", "timestamp": "2026-09-18T04:15:06.405251Z"}
Sep 18 01:15:09 fim-host fim-agent[33295]: {"event_id": "795dd1cf-86b0-4195-8994-e5d96ca3830d", "path": "/srv/fim-watch/gen_00064.txt", "action": "alert_only", "action_failed": false, "event": "decision.evaluated", "level": "info", "timestamp": "2026-09-18T04:15:09.979755Z"}
Sep 18 01:15:09 fim-host fim-agent[33295]: {"event_id": "795dd1cf-86b0-4195-8994-e5d96ca3830d", "event": "publisher.event_published", "level": "info", "timestamp": "2026-09-18T04:15:09.994185Z"}
Sep 18 01:15:10 fim-host fim-agent[33295]: {"path": "/srv/fim-watch/gen_00064.txt", "event_type": "file_modified", "event_id": "795dd1cf-86b0-4195-8994-e5d96ca3830d", "event": "detector.change_detected", "level": "info", "timestamp": "2026-09-18T04:15:09.999928Z"}
Sep 18 01:15:10 fim-host fim-agent[33295]: {"event_id": "795dd1cf-86b0-4195-8994-e5d96ca3830d", "event": "publisher.event_acked", "level": "info", "timestamp": "2026-09-18T04:15:10.005801Z"}
Sep 18 01:15:13 fim-host fim-agent[33295]: {"event_id": "ff64d911-0504-4f5e-88a5-c8b263bca6b4", "path": "/srv/fim-watch/gen_00064.txt", "action": "alert_only", "action_failed": false, "event": "decision.evaluated", "level": "info", "timestamp": "2026-09-18T04:15:13.578612Z"}
Sep 18 01:15:13 fim-host fim-agent[33295]: {"event_id": "ff64d911-0504-4f5e-88a5-c8b263bca6b4", "event": "publisher.event_published", "level": "info", "timestamp": "2026-09-18T04:15:13.590159Z"}
Sep 18 01:15:13 fim-host fim-agent[33295]: {"path": "/srv/fim-watch/gen_00064.txt", "event_type": "file_modified", "event_id": "ff64d911-0504-4f5e-88a5-c8b263bca6b4", "event": "detector.change_detected", "level": "info", "timestamp": "2026-09-18T04:15:13.595669Z"}
Sep 18 01:15:13 fim-host fim-agent[33295]: {"event_id": "ff64d911-0504-4f5e-88a5-c8b263bca6b4", "event": "publisher.event_acked", "level": "info", "timestamp": "2026-09-18T04:15:13.602078Z"}
Sep 18 01:15:17 fim-host fim-agent[33295]: {"event_id": "61346bf7-e813-4888-afcc-dd6df05a9a1c", "path": "/srv/fim-watch/gen_00025.txt", "action": "alert_only", "action_failed": false, "event": "decision.evaluated", "level": "info", "timestamp": "2026-09-18T04:15:17.178954Z"}
Sep 18 01:15:17 fim-host fim-agent[33295]: {"event_id": "61346bf7-e813-4888-afcc-dd6df05a9a1c", "event": "publisher.event_published", "level": "info", "timestamp": "2026-09-18T04:15:17.188485Z"}
Sep 18 01:15:17 fim-host fim-agent[33295]: {"path": "/srv/fim-watch/gen_00025.txt", "event_type": "file_modified", "event_id": "61346bf7-e813-4888-afcc-dd6df05a9a1c", "event": "detector.change_detected", "level": "info", "timestamp": "2026-09-18T04:15:17.193021Z"}
Sep 18 01:15:17 fim-host fim-agent[33295]: {"event_id": "61346bf7-e813-4888-afcc-dd6df05a9a1c", "event": "publisher.event_acked", "level": "info", "timestamp": "2026-09-18T04:15:17.198422Z"}
Sep 18 01:15:24 fim-host fim-agent[33295]: {"event_id": "475b253a-a8b5-4785-9bd5-af2399171379", "path": "/srv/fim-watch/gen_00051.txt", "action": "alert_only", "action_failed": false, "event": "decision.evaluated", "level": "info", "timestamp": "2026-09-18T04:15:24.381345Z"}
Sep 18 01:15:24 fim-host fim-agent[33295]: {"event_id": "475b253a-a8b5-4785-9bd5-af2399171379", "event": "publisher.event_published", "level": "info", "timestamp": "2026-09-18T04:15:24.394252Z"}
Sep 18 01:15:24 fim-host fim-agent[33295]: {"path": "/srv/fim-watch/gen_00051.txt", "event_type": "file_modified", "event_id": "475b253a-a8b5-4785-9bd5-af2399171379", "event": "detector.change_detected", "level": "info", "timestamp": "2026-09-18T04:15:24.399801Z"}
Sep 18 01:15:24 fim-host fim-agent[33295]: {"event_id": "475b253a-a8b5-4785-9bd5-af2399171379", "event": "publisher.event_acked", "level": "info", "timestamp": "2026-09-18T04:15:24.405825Z"}
Sep 18 01:15:27 fim-host fim-agent[33295]: {"event_id": "c629d964-c827-4f38-a282-c3dd7cb84138", "path": "/srv/fim-watch/gen_00065.txt", "action": "alert_only", "action_failed": false, "event": "decision.evaluated", "level": "info", "timestamp": "2026-09-18T04:15:27.971585Z"}
Sep 18 01:15:27 fim-host fim-agent[33295]: {"event_id": "c629d964-c827-4f38-a282-c3dd7cb84138", "event": "publisher.event_published", "level": "info", "timestamp": "2026-09-18T04:15:27.986390Z"}
Sep 18 01:15:27 fim-host fim-agent[33295]: {"path": "/srv/fim-watch/gen_00065.txt", "event_type": "file_modified", "event_id": "c629d964-c827-4f38-a282-c3dd7cb84138", "event": "detector.change_detected", "level": "info", "timestamp": "2026-09-18T04:15:27.991811Z"}
Sep 18 01:15:27 fim-host fim-agent[33295]: {"event_id": "c629d964-c827-4f38-a282-c3dd7cb84138", "event": "publisher.event_acked", "level": "info", "timestamp": "2026-09-18T04:15:27.993674Z"}
Sep 18 01:15:35 fim-host fim-agent[33295]: {"event_id": "4455540e-96f7-45f3-84b6-bce75369ffbd", "path": "/srv/fim-watch/gen_00045.txt", "action": "alert_only", "action_failed": false, "event": "decision.evaluated", "level": "info", "timestamp": "2026-09-18T04:15:35.180310Z"}
Sep 18 01:15:35 fim-host fim-agent[33295]: {"event_id": "4455540e-96f7-45f3-84b6-bce75369ffbd", "event": "publisher.event_published", "level": "info", "timestamp": "2026-09-18T04:15:35.193997Z"}
Sep 18 01:15:35 fim-host fim-agent[33295]: {"path": "/srv/fim-watch/gen_00045.txt", "event_type": "file_modified", "event_id": "4455540e-96f7-45f3-84b6-bce75369ffbd", "event": "detector.change_detected", "level": "info", "timestamp": "2026-09-18T04:15:35.198988Z"}
Sep 18 01:15:35 fim-host fim-agent[33295]: {"event_id": "4455540e-96f7-45f3-84b6-bce75369ffbd", "event": "publisher.event_acked", "level": "info", "timestamp": "2026-09-18T04:15:35.201213Z"}
Sep 18 01:15:38 fim-host fim-agent[33295]: {"event_id": "78fd47cf-d286-4a52-86fa-ac1cb1bf7532", "path": "/srv/fim-watch/gen_00020.txt", "action": "alert_only", "action_failed": false, "event": "decision.evaluated", "level": "info", "timestamp": "2026-09-18T04:15:38.779286Z"}
Sep 18 01:15:38 fim-host fim-agent[33295]: {"event_id": "78fd47cf-d286-4a52-86fa-ac1cb1bf7532", "event": "publisher.event_published", "level": "info", "timestamp": "2026-09-18T04:15:38.792291Z"}
Sep 18 01:15:38 fim-host fim-agent[33295]: {"path": "/srv/fim-watch/gen_00020.txt", "event_type": "file_modified", "event_id": "78fd47cf-d286-4a52-86fa-ac1cb1bf7532", "event": "detector.change_detected", "level": "info", "timestamp": "2026-09-18T04:15:38.798024Z"}
Sep 18 01:15:38 fim-host fim-agent[33295]: {"event_id": "78fd47cf-d286-4a52-86fa-ac1cb1bf7532", "event": "publisher.event_acked", "level": "info", "timestamp": "2026-09-18T04:15:38.804130Z"}
Sep 18 01:15:42 fim-host fim-agent[33295]: {"event_id": "97d69588-6dbf-4b51-a7a7-c82f75b669cd", "path": "/srv/fim-watch/gen_00066.txt", "action": "alert_only", "action_failed": false, "event": "decision.evaluated", "level": "info", "timestamp": "2026-09-18T04:15:42.379243Z"}
Sep 18 01:15:42 fim-host fim-agent[33295]: {"event_id": "97d69588-6dbf-4b51-a7a7-c82f75b669cd", "event": "publisher.event_published", "level": "info", "timestamp": "2026-09-18T04:15:42.394498Z"}
Sep 18 01:15:42 fim-host fim-agent[33295]: {"path": "/srv/fim-watch/gen_00066.txt", "event_type": "file_modified", "event_id": "97d69588-6dbf-4b51-a7a7-c82f75b669cd", "event": "detector.change_detected", "level": "info", "timestamp": "2026-09-18T04:15:42.398221Z"}
Sep 18 01:15:42 fim-host fim-agent[33295]: {"event_id": "97d69588-6dbf-4b51-a7a7-c82f75b669cd", "event": "publisher.event_acked", "level": "info", "timestamp": "2026-09-18T04:15:42.403528Z"}
Sep 18 01:15:45 fim-host fim-agent[33295]: {"event_id": "c26c93e0-b7bf-44cb-bb68-2ac22b82ebaa", "path": "/srv/fim-watch/gen_00049.txt", "action": "alert_only", "action_failed": false, "event": "decision.evaluated", "level": "info", "timestamp": "2026-09-18T04:15:45.976008Z"}
Sep 18 01:15:45 fim-host fim-agent[33295]: {"event_id": "c26c93e0-b7bf-44cb-bb68-2ac22b82ebaa", "event": "publisher.event_published", "level": "info", "timestamp": "2026-09-18T04:15:45.987249Z"}
Sep 18 01:15:45 fim-host fim-agent[33295]: {"path": "/srv/fim-watch/gen_00049.txt", "event_type": "file_modified", "event_id": "c26c93e0-b7bf-44cb-bb68-2ac22b82ebaa", "event": "detector.change_detected", "level": "info", "timestamp": "2026-09-18T04:15:45.991333Z"}
Sep 18 01:15:45 fim-host fim-agent[33295]: {"event_id": "c26c93e0-b7bf-44cb-bb68-2ac22b82ebaa", "event": "publisher.event_acked", "level": "info", "timestamp": "2026-09-18T04:15:45.993138Z"}
Sep 18 01:15:49 fim-host fim-agent[33295]: {"event_id": "7d576782-15ec-4f77-9690-852a14ba6344", "path": "/srv/fim-watch/gen_00060.txt", "action": "alert_only", "action_failed": false, "event": "decision.evaluated", "level": "info", "timestamp": "2026-09-18T04:15:49.574696Z"}
Sep 18 01:15:49 fim-host fim-agent[33295]: {"event_id": "7d576782-15ec-4f77-9690-852a14ba6344", "event": "publisher.event_published", "level": "info", "timestamp": "2026-09-18T04:15:49.584640Z"}
Sep 18 01:15:49 fim-host fim-agent[33295]: {"path": "/srv/fim-watch/gen_00060.txt", "event_type": "file_modified", "event_id": "7d576782-15ec-4f77-9690-852a14ba6344", "event": "detector.change_detected", "level": "info", "timestamp": "2026-09-18T04:15:49.588193Z"}
Sep 18 01:15:49 fim-host fim-agent[33295]: {"event_id": "7d576782-15ec-4f77-9690-852a14ba6344", "event": "publisher.event_acked", "level": "info", "timestamp": "2026-09-18T04:15:49.592486Z"}
Sep 18 01:15:53 fim-host fim-agent[33295]: {"event_id": "ac1ae977-fc80-475a-a31c-213e3958537c", "path": "/srv/fim-watch/gen_00067.txt", "action": "alert_only", "action_failed": false, "event": "decision.evaluated", "level": "info", "timestamp": "2026-09-18T04:15:53.174196Z"}
Sep 18 01:15:53 fim-host fim-agent[33295]: {"event_id": "ac1ae977-fc80-475a-a31c-213e3958537c", "event": "publisher.event_published", "level": "info", "timestamp": "2026-09-18T04:15:53.184256Z"}
Sep 18 01:15:53 fim-host fim-agent[33295]: {"path": "/srv/fim-watch/gen_00067.txt", "event_type": "file_modified", "event_id": "ac1ae977-fc80-475a-a31c-213e3958537c", "event": "detector.change_detected", "level": "info", "timestamp": "2026-09-18T04:15:53.189087Z"}
Sep 18 01:15:53 fim-host fim-agent[33295]: {"event_id": "ac1ae977-fc80-475a-a31c-213e3958537c", "event": "publisher.event_acked", "level": "info", "timestamp": "2026-09-18T04:15:53.194780Z"}
Sep 18 01:15:56 fim-host fim-agent[33295]: {"event_id": "ab3ae8f4-c30c-422e-a488-06314659387a", "path": "/srv/fim-watch/gen_00068.txt", "action": "alert_only", "action_failed": false, "event": "decision.evaluated", "level": "info", "timestamp": "2026-09-18T04:15:56.779680Z"}
Sep 18 01:15:56 fim-host fim-agent[33295]: {"event_id": "ab3ae8f4-c30c-422e-a488-06314659387a", "event": "publisher.event_published", "level": "info", "timestamp": "2026-09-18T04:15:56.797127Z"}
Sep 18 01:15:56 fim-host fim-agent[33295]: {"path": "/srv/fim-watch/gen_00068.txt", "event_type": "file_created", "event_id": "ab3ae8f4-c30c-422e-a488-06314659387a", "event": "detector.change_detected", "level": "info", "timestamp": "2026-09-18T04:15:56.802348Z"}
Sep 18 01:15:56 fim-host fim-agent[33295]: {"event_id": "ab3ae8f4-c30c-422e-a488-06314659387a", "event": "publisher.event_acked", "level": "info", "timestamp": "2026-09-18T04:15:56.807306Z"}
Sep 18 01:16:03 fim-host fim-agent[33295]: {"event_id": "e8463608-591d-4e40-9fc1-dbfab2e5219c", "path": "/srv/fim-watch/gen_00069.txt", "action": "alert_only", "action_failed": false, "event": "decision.evaluated", "level": "info", "timestamp": "2026-09-18T04:16:03.977418Z"}
Sep 18 01:16:03 fim-host fim-agent[33295]: {"event_id": "e8463608-591d-4e40-9fc1-dbfab2e5219c", "event": "publisher.event_published", "level": "info", "timestamp": "2026-09-18T04:16:03.990611Z"}
Sep 18 01:16:03 fim-host fim-agent[33295]: {"path": "/srv/fim-watch/gen_00069.txt", "event_type": "file_modified", "event_id": "e8463608-591d-4e40-9fc1-dbfab2e5219c", "event": "detector.change_detected", "level": "info", "timestamp": "2026-09-18T04:16:03.995487Z"}
Sep 18 01:16:03 fim-host fim-agent[33295]: {"event_id": "e8463608-591d-4e40-9fc1-dbfab2e5219c", "event": "publisher.event_acked", "level": "info", "timestamp": "2026-09-18T04:16:03.997672Z"}
Sep 18 01:16:07 fim-host fim-agent[33295]: {"event_id": "314993bb-1003-468b-9c9b-71866cfadad4", "path": "/srv/fim-watch/gen_00056.txt", "action": "alert_only", "action_failed": false, "event": "decision.evaluated", "level": "info", "timestamp": "2026-09-18T04:16:07.575783Z"}
Sep 18 01:16:07 fim-host fim-agent[33295]: {"event_id": "314993bb-1003-468b-9c9b-71866cfadad4", "event": "publisher.event_published", "level": "info", "timestamp": "2026-09-18T04:16:07.584345Z"}
Sep 18 01:16:07 fim-host fim-agent[33295]: {"path": "/srv/fim-watch/gen_00056.txt", "event_type": "file_modified", "event_id": "314993bb-1003-468b-9c9b-71866cfadad4", "event": "detector.change_detected", "level": "info", "timestamp": "2026-09-18T04:16:07.588514Z"}
Sep 18 01:16:07 fim-host fim-agent[33295]: {"event_id": "314993bb-1003-468b-9c9b-71866cfadad4", "event": "publisher.event_acked", "level": "info", "timestamp": "2026-09-18T04:16:07.596132Z"}
Sep 18 01:16:11 fim-host fim-agent[33295]: {"event_id": "fc4f984a-6af5-4b62-81dd-a0eaa34e0b33", "path": "/srv/fim-watch/gen_00056.txt", "action": "alert_only", "action_failed": false, "event": "decision.evaluated", "level": "info", "timestamp": "2026-09-18T04:16:11.169415Z"}
Sep 18 01:16:11 fim-host fim-agent[33295]: {"event_id": "fc4f984a-6af5-4b62-81dd-a0eaa34e0b33", "event": "publisher.event_published", "level": "info", "timestamp": "2026-09-18T04:16:11.175626Z"}
Sep 18 01:16:11 fim-host fim-agent[33295]: {"path": "/srv/fim-watch/gen_00056.txt", "event_type": "file_modified", "event_id": "fc4f984a-6af5-4b62-81dd-a0eaa34e0b33", "event": "detector.change_detected", "level": "info", "timestamp": "2026-09-18T04:16:11.180483Z"}
Sep 18 01:16:11 fim-host fim-agent[33295]: {"event_id": "fc4f984a-6af5-4b62-81dd-a0eaa34e0b33", "event": "publisher.event_acked", "level": "info", "timestamp": "2026-09-18T04:16:11.181834Z"}
Sep 18 01:16:14 fim-host fim-agent[33295]: {"event_id": "4240de68-ae59-457e-812e-93cfb27a1c22", "path": "/srv/fim-watch/critico/gen_00058.txt", "action": "alert_only", "action_failed": false, "event": "decision.evaluated", "level": "info", "timestamp": "2026-09-18T04:16:14.776133Z"}
Sep 18 01:16:14 fim-host fim-agent[33295]: {"event_id": "4240de68-ae59-457e-812e-93cfb27a1c22", "event": "publisher.event_published", "level": "info", "timestamp": "2026-09-18T04:16:14.788082Z"}
Sep 18 01:16:14 fim-host fim-agent[33295]: {"path": "/srv/fim-watch/critico/gen_00058.txt", "event_type": "file_modified", "event_id": "4240de68-ae59-457e-812e-93cfb27a1c22", "event": "detector.change_detected", "level": "info", "timestamp": "2026-09-18T04:16:14.793099Z"}
Sep 18 01:16:14 fim-host fim-agent[33295]: {"event_id": "4240de68-ae59-457e-812e-93cfb27a1c22", "event": "publisher.event_acked", "level": "info", "timestamp": "2026-09-18T04:16:14.799179Z"}
Sep 18 01:16:18 fim-host fim-agent[33295]: {"event_id": "a7725ce8-0be1-40b3-abf2-caa4d15db0f8", "path": "/srv/fim-watch/gen_00063.txt", "action": "alert_only", "action_failed": false, "event": "decision.evaluated", "level": "info", "timestamp": "2026-09-18T04:16:18.376383Z"}
Sep 18 01:16:18 fim-host fim-agent[33295]: {"event_id": "a7725ce8-0be1-40b3-abf2-caa4d15db0f8", "event": "publisher.event_published", "level": "info", "timestamp": "2026-09-18T04:16:18.392372Z"}
Sep 18 01:16:18 fim-host fim-agent[33295]: {"path": "/srv/fim-watch/gen_00063.txt", "event_type": "file_modified", "event_id": "a7725ce8-0be1-40b3-abf2-caa4d15db0f8", "event": "detector.change_detected", "level": "info", "timestamp": "2026-09-18T04:16:18.397366Z"}
Sep 18 01:16:18 fim-host fim-agent[33295]: {"event_id": "a7725ce8-0be1-40b3-abf2-caa4d15db0f8", "event": "publisher.event_acked", "level": "info", "timestamp": "2026-09-18T04:16:18.403117Z"}
Sep 18 01:16:21 fim-host fim-agent[33295]: {"event_id": "08ba2d35-18fe-475f-a552-6ba851e27edf", "path": "/srv/fim-watch/critico/gen_00042.txt", "action": "alert_only", "action_failed": false, "event": "decision.evaluated", "level": "info", "timestamp": "2026-09-18T04:16:21.973957Z"}
Sep 18 01:16:21 fim-host fim-agent[33295]: {"event_id": "08ba2d35-18fe-475f-a552-6ba851e27edf", "event": "publisher.event_published", "level": "info", "timestamp": "2026-09-18T04:16:21.983548Z"}
Sep 18 01:16:21 fim-host fim-agent[33295]: {"path": "/srv/fim-watch/critico/gen_00042.txt", "event_type": "file_modified", "event_id": "08ba2d35-18fe-475f-a552-6ba851e27edf", "event": "detector.change_detected", "level": "info", "timestamp": "2026-09-18T04:16:21.988557Z"}
Sep 18 01:16:21 fim-host fim-agent[33295]: {"event_id": "08ba2d35-18fe-475f-a552-6ba851e27edf", "event": "publisher.event_acked", "level": "info", "timestamp": "2026-09-18T04:16:21.992205Z"}
Sep 18 01:16:25 fim-host fim-agent[33295]: {"event_id": "7afbd7bd-0655-4a6c-8331-db5d5c972793", "path": "/srv/fim-watch/critico/gen_00042.txt", "action": "alert_only", "action_failed": false, "event": "decision.evaluated", "level": "info", "timestamp": "2026-09-18T04:16:25.571136Z"}
Sep 18 01:16:25 fim-host fim-agent[33295]: {"event_id": "7afbd7bd-0655-4a6c-8331-db5d5c972793", "event": "publisher.event_published", "level": "info", "timestamp": "2026-09-18T04:16:25.580956Z"}
Sep 18 01:16:25 fim-host fim-agent[33295]: {"path": "/srv/fim-watch/critico/gen_00042.txt", "event_type": "file_modified", "event_id": "7afbd7bd-0655-4a6c-8331-db5d5c972793", "event": "detector.change_detected", "level": "info", "timestamp": "2026-09-18T04:16:25.585248Z"}
Sep 18 01:16:25 fim-host fim-agent[33295]: {"event_id": "7afbd7bd-0655-4a6c-8331-db5d5c972793", "event": "publisher.event_acked", "level": "info", "timestamp": "2026-09-18T04:16:25.589435Z"}
Sep 18 01:16:29 fim-host fim-agent[33295]: {"event_id": "ebb52479-b8f8-4f7e-898d-e2cdb6ba0e11", "path": "/srv/fim-watch/gen_00067.txt", "action": "alert_only", "action_failed": false, "event": "decision.evaluated", "level": "info", "timestamp": "2026-09-18T04:16:29.164650Z"}
Sep 18 01:16:29 fim-host fim-agent[33295]: {"event_id": "ebb52479-b8f8-4f7e-898d-e2cdb6ba0e11", "event": "publisher.event_published", "level": "info", "timestamp": "2026-09-18T04:16:29.174555Z"}
Sep 18 01:16:29 fim-host fim-agent[33295]: {"path": "/srv/fim-watch/gen_00067.txt", "event_type": "file_modified", "event_id": "ebb52479-b8f8-4f7e-898d-e2cdb6ba0e11", "event": "detector.change_detected", "level": "info", "timestamp": "2026-09-18T04:16:29.178362Z"}
Sep 18 01:16:29 fim-host fim-agent[33295]: {"event_id": "ebb52479-b8f8-4f7e-898d-e2cdb6ba0e11", "event": "publisher.event_acked", "level": "info", "timestamp": "2026-09-18T04:16:29.185772Z"}
Sep 18 01:16:32 fim-host fim-agent[33295]: {"event_id": "e31f2ae4-c1cd-4f98-b14f-6520e9d02e1f", "path": "/srv/fim-watch/gen_00070.txt", "action": "alert_only", "action_failed": false, "event": "decision.evaluated", "level": "info", "timestamp": "2026-09-18T04:16:32.771981Z"}
Sep 18 01:16:32 fim-host fim-agent[33295]: {"event_id": "e31f2ae4-c1cd-4f98-b14f-6520e9d02e1f", "event": "publisher.event_published", "level": "info", "timestamp": "2026-09-18T04:16:32.784487Z"}
Sep 18 01:16:32 fim-host fim-agent[33295]: {"path": "/srv/fim-watch/gen_00070.txt", "event_type": "file_created", "event_id": "e31f2ae4-c1cd-4f98-b14f-6520e9d02e1f", "event": "detector.change_detected", "level": "info", "timestamp": "2026-09-18T04:16:32.788395Z"}
Sep 18 01:16:32 fim-host fim-agent[33295]: {"event_id": "e31f2ae4-c1cd-4f98-b14f-6520e9d02e1f", "event": "publisher.event_acked", "level": "info", "timestamp": "2026-09-18T04:16:32.794617Z"}
Sep 18 01:16:36 fim-host fim-agent[33295]: {"event_id": "249ba2ef-07e0-4d77-83d5-0a8c6eef2113", "path": "/srv/fim-watch/gen_00068.txt", "action": "alert_only", "action_failed": false, "event": "decision.evaluated", "level": "info", "timestamp": "2026-09-18T04:16:36.371774Z"}
Sep 18 01:16:36 fim-host fim-agent[33295]: {"event_id": "249ba2ef-07e0-4d77-83d5-0a8c6eef2113", "event": "publisher.event_published", "level": "info", "timestamp": "2026-09-18T04:16:36.388957Z"}
Sep 18 01:16:36 fim-host fim-agent[33295]: {"path": "/srv/fim-watch/gen_00068.txt", "event_type": "file_modified", "event_id": "249ba2ef-07e0-4d77-83d5-0a8c6eef2113", "event": "detector.change_detected", "level": "info", "timestamp": "2026-09-18T04:16:36.394312Z"}
Sep 18 01:16:36 fim-host fim-agent[33295]: {"event_id": "249ba2ef-07e0-4d77-83d5-0a8c6eef2113", "event": "publisher.event_acked", "level": "info", "timestamp": "2026-09-18T04:16:36.396054Z"}
Sep 18 01:16:39 fim-host fim-agent[33295]: {"event_id": "18096b33-53a8-4684-b089-43eb77fd940a", "path": "/srv/fim-watch/gen_00071.txt", "action": "alert_only", "action_failed": false, "event": "decision.evaluated", "level": "info", "timestamp": "2026-09-18T04:16:39.971811Z"}
Sep 18 01:16:39 fim-host fim-agent[33295]: {"event_id": "18096b33-53a8-4684-b089-43eb77fd940a", "event": "publisher.event_published", "level": "info", "timestamp": "2026-09-18T04:16:39.983250Z"}
Sep 18 01:16:39 fim-host fim-agent[33295]: {"path": "/srv/fim-watch/gen_00071.txt", "event_type": "file_modified", "event_id": "18096b33-53a8-4684-b089-43eb77fd940a", "event": "detector.change_detected", "level": "info", "timestamp": "2026-09-18T04:16:39.987954Z"}
Sep 18 01:16:39 fim-host fim-agent[33295]: {"event_id": "18096b33-53a8-4684-b089-43eb77fd940a", "event": "publisher.event_acked", "level": "info", "timestamp": "2026-09-18T04:16:39.994138Z"}
Sep 18 01:16:43 fim-host fim-agent[33295]: {"event_id": "9460a126-c179-4a35-801b-1f4da7e7b4a0", "path": "/srv/fim-watch/critico/gen_00042.txt", "action": "alert_only", "action_failed": false, "event": "decision.evaluated", "level": "info", "timestamp": "2026-09-18T04:16:43.573120Z"}
Sep 18 01:16:43 fim-host fim-agent[33295]: {"event_id": "9460a126-c179-4a35-801b-1f4da7e7b4a0", "event": "publisher.event_published", "level": "info", "timestamp": "2026-09-18T04:16:43.589105Z"}
Sep 18 01:16:43 fim-host fim-agent[33295]: {"path": "/srv/fim-watch/critico/gen_00042.txt", "event_type": "file_deleted", "event_id": "9460a126-c179-4a35-801b-1f4da7e7b4a0", "event": "detector.change_detected", "level": "info", "timestamp": "2026-09-18T04:16:43.592566Z"}
Sep 18 01:16:43 fim-host fim-agent[33295]: {"event_id": "9460a126-c179-4a35-801b-1f4da7e7b4a0", "event": "publisher.event_acked", "level": "info", "timestamp": "2026-09-18T04:16:43.595426Z"}
Sep 18 01:16:47 fim-host fim-agent[33295]: {"event_id": "53d0e4a5-f132-466b-86fd-ee9c4d7a066e", "path": "/srv/fim-watch/gen_00072.txt", "action": "alert_only", "action_failed": false, "event": "decision.evaluated", "level": "info", "timestamp": "2026-09-18T04:16:47.170541Z"}
Sep 18 01:16:47 fim-host fim-agent[33295]: {"event_id": "53d0e4a5-f132-466b-86fd-ee9c4d7a066e", "event": "publisher.event_published", "level": "info", "timestamp": "2026-09-18T04:16:47.179678Z"}
Sep 18 01:16:47 fim-host fim-agent[33295]: {"path": "/srv/fim-watch/gen_00072.txt", "event_type": "file_modified", "event_id": "53d0e4a5-f132-466b-86fd-ee9c4d7a066e", "event": "detector.change_detected", "level": "info", "timestamp": "2026-09-18T04:16:47.183709Z"}
Sep 18 01:16:47 fim-host fim-agent[33295]: {"event_id": "53d0e4a5-f132-466b-86fd-ee9c4d7a066e", "event": "publisher.event_acked", "level": "info", "timestamp": "2026-09-18T04:16:47.191003Z"}
Sep 18 01:16:50 fim-host fim-agent[33295]: {"event_id": "b0fa2a8d-9206-41ea-aa1c-5aa3c67f9bbf", "path": "/srv/fim-watch/gen_00072.txt", "action": "alert_only", "action_failed": false, "event": "decision.evaluated", "level": "info", "timestamp": "2026-09-18T04:16:50.768606Z"}
Sep 18 01:16:50 fim-host fim-agent[33295]: {"event_id": "b0fa2a8d-9206-41ea-aa1c-5aa3c67f9bbf", "event": "publisher.event_published", "level": "info", "timestamp": "2026-09-18T04:16:50.782692Z"}
Sep 18 01:16:50 fim-host fim-agent[33295]: {"path": "/srv/fim-watch/gen_00072.txt", "event_type": "file_deleted", "event_id": "b0fa2a8d-9206-41ea-aa1c-5aa3c67f9bbf", "event": "detector.change_detected", "level": "info", "timestamp": "2026-09-18T04:16:50.787565Z"}
Sep 18 01:16:50 fim-host fim-agent[33295]: {"event_id": "b0fa2a8d-9206-41ea-aa1c-5aa3c67f9bbf", "event": "publisher.event_acked", "level": "info", "timestamp": "2026-09-18T04:16:50.790238Z"}
Sep 18 01:16:54 fim-host fim-agent[33295]: {"event_id": "0b6ab162-5777-47e0-b885-bcec49912a83", "path": "/srv/fim-watch/gen_00068.txt", "action": "alert_only", "action_failed": false, "event": "decision.evaluated", "level": "info", "timestamp": "2026-09-18T04:16:54.373847Z"}
Sep 18 01:16:54 fim-host fim-agent[33295]: {"event_id": "0b6ab162-5777-47e0-b885-bcec49912a83", "event": "publisher.event_published", "level": "info", "timestamp": "2026-09-18T04:16:54.385943Z"}
Sep 18 01:16:54 fim-host fim-agent[33295]: {"path": "/srv/fim-watch/gen_00068.txt", "event_type": "file_modified", "event_id": "0b6ab162-5777-47e0-b885-bcec49912a83", "event": "detector.change_detected", "level": "info", "timestamp": "2026-09-18T04:16:54.391610Z"}
Sep 18 01:16:54 fim-host fim-agent[33295]: {"event_id": "0b6ab162-5777-47e0-b885-bcec49912a83", "event": "publisher.event_acked", "level": "info", "timestamp": "2026-09-18T04:16:54.398521Z"}
Sep 18 01:16:57 fim-host fim-agent[33295]: {"event_id": "1a1788ec-5be4-4e6a-a9a2-67e35ab6c370", "path": "/srv/fim-watch/gen_00068.txt", "action": "alert_only", "action_failed": false, "event": "decision.evaluated", "level": "info", "timestamp": "2026-09-18T04:16:57.969531Z"}
Sep 18 01:16:57 fim-host fim-agent[33295]: {"event_id": "1a1788ec-5be4-4e6a-a9a2-67e35ab6c370", "event": "publisher.event_published", "level": "info", "timestamp": "2026-09-18T04:16:57.979930Z"}
Sep 18 01:16:57 fim-host fim-agent[33295]: {"path": "/srv/fim-watch/gen_00068.txt", "event_type": "file_modified", "event_id": "1a1788ec-5be4-4e6a-a9a2-67e35ab6c370", "event": "detector.change_detected", "level": "info", "timestamp": "2026-09-18T04:16:57.985308Z"}
Sep 18 01:16:57 fim-host fim-agent[33295]: {"event_id": "1a1788ec-5be4-4e6a-a9a2-67e35ab6c370", "event": "publisher.event_acked", "level": "info", "timestamp": "2026-09-18T04:16:57.987116Z"}
Sep 18 01:17:01 fim-host fim-agent[33295]: {"event_id": "b2eb7ab2-4464-4487-b3ff-0dc764d10109", "path": "/srv/fim-watch/gen_00070.txt", "action": "alert_only", "action_failed": false, "event": "decision.evaluated", "level": "info", "timestamp": "2026-09-18T04:17:01.568476Z"}
Sep 18 01:17:01 fim-host fim-agent[33295]: {"event_id": "b2eb7ab2-4464-4487-b3ff-0dc764d10109", "event": "publisher.event_published", "level": "info", "timestamp": "2026-09-18T04:17:01.579996Z"}
Sep 18 01:17:01 fim-host fim-agent[33295]: {"path": "/srv/fim-watch/gen_00070.txt", "event_type": "file_deleted", "event_id": "b2eb7ab2-4464-4487-b3ff-0dc764d10109", "event": "detector.change_detected", "level": "info", "timestamp": "2026-09-18T04:17:01.583730Z"}
Sep 18 01:17:01 fim-host fim-agent[33295]: {"event_id": "b2eb7ab2-4464-4487-b3ff-0dc764d10109", "event": "publisher.event_acked", "level": "info", "timestamp": "2026-09-18T04:17:01.589962Z"}
Sep 18 01:17:05 fim-host fim-agent[33295]: {"event_id": "8689722d-0202-4bba-bc04-40fe1dd6535f", "path": "/srv/fim-watch/gen_00044.txt", "action": "alert_only", "action_failed": false, "event": "decision.evaluated", "level": "info", "timestamp": "2026-09-18T04:17:05.169245Z"}
Sep 18 01:17:05 fim-host fim-agent[33295]: {"event_id": "8689722d-0202-4bba-bc04-40fe1dd6535f", "event": "publisher.event_published", "level": "info", "timestamp": "2026-09-18T04:17:05.184103Z"}
Sep 18 01:17:05 fim-host fim-agent[33295]: {"path": "/srv/fim-watch/gen_00044.txt", "event_type": "file_deleted", "event_id": "8689722d-0202-4bba-bc04-40fe1dd6535f", "event": "detector.change_detected", "level": "info", "timestamp": "2026-09-18T04:17:05.188801Z"}
Sep 18 01:17:05 fim-host fim-agent[33295]: {"event_id": "8689722d-0202-4bba-bc04-40fe1dd6535f", "event": "publisher.event_acked", "level": "info", "timestamp": "2026-09-18T04:17:05.190973Z"}
Sep 18 01:17:08 fim-host fim-agent[33295]: {"event_id": "51e7615a-21d6-458c-88f6-85c132ed2f7a", "path": "/srv/fim-watch/gen_00034.txt", "action": "alert_only", "action_failed": false, "event": "decision.evaluated", "level": "info", "timestamp": "2026-09-18T04:17:08.767765Z"}
Sep 18 01:17:08 fim-host fim-agent[33295]: {"event_id": "51e7615a-21d6-458c-88f6-85c132ed2f7a", "event": "publisher.event_published", "level": "info", "timestamp": "2026-09-18T04:17:08.777958Z"}
Sep 18 01:17:08 fim-host fim-agent[33295]: {"path": "/srv/fim-watch/gen_00034.txt", "event_type": "file_modified", "event_id": "51e7615a-21d6-458c-88f6-85c132ed2f7a", "event": "detector.change_detected", "level": "info", "timestamp": "2026-09-18T04:17:08.783012Z"}
Sep 18 01:17:08 fim-host fim-agent[33295]: {"event_id": "51e7615a-21d6-458c-88f6-85c132ed2f7a", "event": "publisher.event_acked", "level": "info", "timestamp": "2026-09-18T04:17:08.788899Z"}
Sep 18 01:17:12 fim-host fim-agent[33295]: {"event_id": "3ce89af3-9f97-4fa6-8ebb-8f003606a694", "path": "/srv/fim-watch/gen_00059.txt", "action": "alert_only", "action_failed": false, "event": "decision.evaluated", "level": "info", "timestamp": "2026-09-18T04:17:12.366259Z"}
Sep 18 01:17:12 fim-host fim-agent[33295]: {"event_id": "3ce89af3-9f97-4fa6-8ebb-8f003606a694", "event": "publisher.event_published", "level": "info", "timestamp": "2026-09-18T04:17:12.375083Z"}
Sep 18 01:17:12 fim-host fim-agent[33295]: {"path": "/srv/fim-watch/gen_00059.txt", "event_type": "file_modified", "event_id": "3ce89af3-9f97-4fa6-8ebb-8f003606a694", "event": "detector.change_detected", "level": "info", "timestamp": "2026-09-18T04:17:12.378622Z"}
Sep 18 01:17:12 fim-host fim-agent[33295]: {"event_id": "3ce89af3-9f97-4fa6-8ebb-8f003606a694", "event": "publisher.event_acked", "level": "info", "timestamp": "2026-09-18T04:17:12.386947Z"}
Sep 18 01:17:15 fim-host fim-agent[33295]: {"event_id": "9866a5eb-30bb-4c5f-9179-ebdc1e6d90ed", "path": "/srv/fim-watch/gen_00073.txt", "action": "alert_only", "action_failed": false, "event": "decision.evaluated", "level": "info", "timestamp": "2026-09-18T04:17:15.969087Z"}
Sep 18 01:17:15 fim-host fim-agent[33295]: {"event_id": "9866a5eb-30bb-4c5f-9179-ebdc1e6d90ed", "event": "publisher.event_published", "level": "info", "timestamp": "2026-09-18T04:17:15.978574Z"}
Sep 18 01:17:15 fim-host fim-agent[33295]: {"path": "/srv/fim-watch/gen_00073.txt", "event_type": "file_modified", "event_id": "9866a5eb-30bb-4c5f-9179-ebdc1e6d90ed", "event": "detector.change_detected", "level": "info", "timestamp": "2026-09-18T04:17:15.982648Z"}
Sep 18 01:17:15 fim-host fim-agent[33295]: {"event_id": "9866a5eb-30bb-4c5f-9179-ebdc1e6d90ed", "event": "publisher.event_acked", "level": "info", "timestamp": "2026-09-18T04:17:15.989981Z"}
Sep 18 01:17:19 fim-host fim-agent[33295]: {"event_id": "e2ec116c-7f78-4f41-b5f5-bfeed0b57b16", "path": "/srv/fim-watch/gen_00063.txt", "action": "alert_only", "action_failed": false, "event": "decision.evaluated", "level": "info", "timestamp": "2026-09-18T04:17:19.566717Z"}
Sep 18 01:17:19 fim-host fim-agent[33295]: {"event_id": "e2ec116c-7f78-4f41-b5f5-bfeed0b57b16", "event": "publisher.event_published", "level": "info", "timestamp": "2026-09-18T04:17:19.575295Z"}
Sep 18 01:17:19 fim-host fim-agent[33295]: {"path": "/srv/fim-watch/gen_00063.txt", "event_type": "file_modified", "event_id": "e2ec116c-7f78-4f41-b5f5-bfeed0b57b16", "event": "detector.change_detected", "level": "info", "timestamp": "2026-09-18T04:17:19.580241Z"}
Sep 18 01:17:19 fim-host fim-agent[33295]: {"event_id": "e2ec116c-7f78-4f41-b5f5-bfeed0b57b16", "event": "publisher.event_acked", "level": "info", "timestamp": "2026-09-18T04:17:19.585524Z"}
Sep 18 01:17:23 fim-host fim-agent[33295]: {"event_id": "500cc019-4a09-45ff-83f5-64f1116fca6c", "path": "/srv/fim-watch/gen_00074.txt", "action": "alert_only", "action_failed": false, "event": "decision.evaluated", "level": "info", "timestamp": "2026-09-18T04:17:23.168330Z"}
Sep 18 01:17:23 fim-host fim-agent[33295]: {"event_id": "500cc019-4a09-45ff-83f5-64f1116fca6c", "event": "publisher.event_published", "level": "info", "timestamp": "2026-09-18T04:17:23.179373Z"}
Sep 18 01:17:23 fim-host fim-agent[33295]: {"path": "/srv/fim-watch/gen_00074.txt", "event_type": "file_modified", "event_id": "500cc019-4a09-45ff-83f5-64f1116fca6c", "event": "detector.change_detected", "level": "info", "timestamp": "2026-09-18T04:17:23.184538Z"}
Sep 18 01:17:23 fim-host fim-agent[33295]: {"event_id": "500cc019-4a09-45ff-83f5-64f1116fca6c", "event": "publisher.event_acked", "level": "info", "timestamp": "2026-09-18T04:17:23.190220Z"}
Sep 18 01:17:26 fim-host fim-agent[33295]: {"event_id": "686cc71b-d37d-4a61-9674-5b8ae059afac", "path": "/srv/fim-watch/gen_00067.txt", "action": "alert_only", "action_failed": false, "event": "decision.evaluated", "level": "info", "timestamp": "2026-09-18T04:17:26.766138Z"}
Sep 18 01:17:26 fim-host fim-agent[33295]: {"event_id": "686cc71b-d37d-4a61-9674-5b8ae059afac", "event": "publisher.event_published", "level": "info", "timestamp": "2026-09-18T04:17:26.774457Z"}
Sep 18 01:17:26 fim-host fim-agent[33295]: {"path": "/srv/fim-watch/gen_00067.txt", "event_type": "file_modified", "event_id": "686cc71b-d37d-4a61-9674-5b8ae059afac", "event": "detector.change_detected", "level": "info", "timestamp": "2026-09-18T04:17:26.779442Z"}
Sep 18 01:17:26 fim-host fim-agent[33295]: {"event_id": "686cc71b-d37d-4a61-9674-5b8ae059afac", "event": "publisher.event_acked", "level": "info", "timestamp": "2026-09-18T04:17:26.785792Z"}
Sep 18 01:17:30 fim-host fim-agent[33295]: {"event_id": "bab7010b-b633-4912-814f-14e19cb162db", "path": "/srv/fim-watch/critico/gen_00058.txt", "action": "alert_only", "action_failed": false, "event": "decision.evaluated", "level": "info", "timestamp": "2026-09-18T04:17:30.366834Z"}
Sep 18 01:17:30 fim-host fim-agent[33295]: {"event_id": "bab7010b-b633-4912-814f-14e19cb162db", "event": "publisher.event_published", "level": "info", "timestamp": "2026-09-18T04:17:30.374175Z"}
Sep 18 01:17:30 fim-host fim-agent[33295]: {"path": "/srv/fim-watch/critico/gen_00058.txt", "event_type": "file_modified", "event_id": "bab7010b-b633-4912-814f-14e19cb162db", "event": "detector.change_detected", "level": "info", "timestamp": "2026-09-18T04:17:30.377056Z"}
Sep 18 01:17:30 fim-host fim-agent[33295]: {"event_id": "bab7010b-b633-4912-814f-14e19cb162db", "event": "publisher.event_acked", "level": "info", "timestamp": "2026-09-18T04:17:30.379897Z"}
Sep 18 01:17:33 fim-host fim-agent[33295]: {"event_id": "87cb8990-2f85-4a77-9493-a5ba5d1cdbe1", "path": "/srv/fim-watch/gen_00075.txt", "action": "alert_only", "action_failed": false, "event": "decision.evaluated", "level": "info", "timestamp": "2026-09-18T04:17:33.968471Z"}
Sep 18 01:17:33 fim-host fim-agent[33295]: {"event_id": "87cb8990-2f85-4a77-9493-a5ba5d1cdbe1", "event": "publisher.event_published", "level": "info", "timestamp": "2026-09-18T04:17:33.978826Z"}
Sep 18 01:17:33 fim-host fim-agent[33295]: {"path": "/srv/fim-watch/gen_00075.txt", "event_type": "file_modified", "event_id": "87cb8990-2f85-4a77-9493-a5ba5d1cdbe1", "event": "detector.change_detected", "level": "info", "timestamp": "2026-09-18T04:17:33.982268Z"}
Sep 18 01:17:33 fim-host fim-agent[33295]: {"event_id": "87cb8990-2f85-4a77-9493-a5ba5d1cdbe1", "event": "publisher.event_acked", "level": "info", "timestamp": "2026-09-18T04:17:33.989995Z"}
Sep 18 01:17:37 fim-host fim-agent[33295]: {"event_id": "eb3e2cbb-664a-4990-83d4-ab64bf81e6d4", "path": "/srv/fim-watch/gen_00076.txt", "action": "alert_only", "action_failed": false, "event": "decision.evaluated", "level": "info", "timestamp": "2026-09-18T04:17:37.566549Z"}
Sep 18 01:17:37 fim-host fim-agent[33295]: {"event_id": "eb3e2cbb-664a-4990-83d4-ab64bf81e6d4", "event": "publisher.event_published", "level": "info", "timestamp": "2026-09-18T04:17:37.574438Z"}
Sep 18 01:17:37 fim-host fim-agent[33295]: {"path": "/srv/fim-watch/gen_00076.txt", "event_type": "file_modified", "event_id": "eb3e2cbb-664a-4990-83d4-ab64bf81e6d4", "event": "detector.change_detected", "level": "info", "timestamp": "2026-09-18T04:17:37.578400Z"}
Sep 18 01:17:37 fim-host fim-agent[33295]: {"event_id": "eb3e2cbb-664a-4990-83d4-ab64bf81e6d4", "event": "publisher.event_acked", "level": "info", "timestamp": "2026-09-18T04:17:37.585655Z"}
Sep 18 01:17:41 fim-host fim-agent[33295]: {"event_id": "251bd08d-be8a-4522-a520-c34b660051dd", "path": "/srv/fim-watch/gen_00071.txt", "action": "alert_only", "action_failed": false, "event": "decision.evaluated", "level": "info", "timestamp": "2026-09-18T04:17:41.167287Z"}
Sep 18 01:17:41 fim-host fim-agent[33295]: {"event_id": "251bd08d-be8a-4522-a520-c34b660051dd", "event": "publisher.event_published", "level": "info", "timestamp": "2026-09-18T04:17:41.178012Z"}
Sep 18 01:17:41 fim-host fim-agent[33295]: {"path": "/srv/fim-watch/gen_00071.txt", "event_type": "file_modified", "event_id": "251bd08d-be8a-4522-a520-c34b660051dd", "event": "detector.change_detected", "level": "info", "timestamp": "2026-09-18T04:17:41.182350Z"}
Sep 18 01:17:41 fim-host fim-agent[33295]: {"event_id": "251bd08d-be8a-4522-a520-c34b660051dd", "event": "publisher.event_acked", "level": "info", "timestamp": "2026-09-18T04:17:41.187691Z"}
Sep 18 01:17:44 fim-host fim-agent[33295]: {"event_id": "3510ef3c-6091-4d28-ad20-f8678ec26c09", "path": "/srv/fim-watch/gen_00077.txt", "action": "alert_only", "action_failed": false, "event": "decision.evaluated", "level": "info", "timestamp": "2026-09-18T04:17:44.767761Z"}
Sep 18 01:17:44 fim-host fim-agent[33295]: {"event_id": "3510ef3c-6091-4d28-ad20-f8678ec26c09", "event": "publisher.event_published", "level": "info", "timestamp": "2026-09-18T04:17:44.779557Z"}
Sep 18 01:17:44 fim-host fim-agent[33295]: {"path": "/srv/fim-watch/gen_00077.txt", "event_type": "file_modified", "event_id": "3510ef3c-6091-4d28-ad20-f8678ec26c09", "event": "detector.change_detected", "level": "info", "timestamp": "2026-09-18T04:17:44.783886Z"}
Sep 18 01:17:44 fim-host fim-agent[33295]: {"event_id": "3510ef3c-6091-4d28-ad20-f8678ec26c09", "event": "publisher.event_acked", "level": "info", "timestamp": "2026-09-18T04:17:44.789372Z"}
Sep 18 01:17:48 fim-host fim-agent[33295]: {"event_id": "380f1974-27dd-4940-a87d-d4e61f3c236d", "path": "/srv/fim-watch/gen_00064.txt", "action": "alert_only", "action_failed": false, "event": "decision.evaluated", "level": "info", "timestamp": "2026-09-18T04:17:48.366182Z"}
Sep 18 01:17:48 fim-host fim-agent[33295]: {"event_id": "380f1974-27dd-4940-a87d-d4e61f3c236d", "event": "publisher.event_published", "level": "info", "timestamp": "2026-09-18T04:17:48.376795Z"}
Sep 18 01:17:48 fim-host fim-agent[33295]: {"path": "/srv/fim-watch/gen_00064.txt", "event_type": "file_modified", "event_id": "380f1974-27dd-4940-a87d-d4e61f3c236d", "event": "detector.change_detected", "level": "info", "timestamp": "2026-09-18T04:17:48.380426Z"}
Sep 18 01:17:48 fim-host fim-agent[33295]: {"event_id": "380f1974-27dd-4940-a87d-d4e61f3c236d", "event": "publisher.event_acked", "level": "info", "timestamp": "2026-09-18T04:17:48.387491Z"}
Sep 18 01:17:51 fim-host fim-agent[33295]: {"event_id": "28d61891-c7ca-4fe2-be75-b6e3c7f293cf", "path": "/srv/fim-watch/gen_00062.txt", "action": "alert_only", "action_failed": false, "event": "decision.evaluated", "level": "info", "timestamp": "2026-09-18T04:17:51.969189Z"}
Sep 18 01:17:51 fim-host fim-agent[33295]: {"event_id": "28d61891-c7ca-4fe2-be75-b6e3c7f293cf", "event": "publisher.event_published", "level": "info", "timestamp": "2026-09-18T04:17:51.979735Z"}
Sep 18 01:17:51 fim-host fim-agent[33295]: {"path": "/srv/fim-watch/gen_00062.txt", "event_type": "file_modified", "event_id": "28d61891-c7ca-4fe2-be75-b6e3c7f293cf", "event": "detector.change_detected", "level": "info", "timestamp": "2026-09-18T04:17:51.983705Z"}
Sep 18 01:17:51 fim-host fim-agent[33295]: {"event_id": "28d61891-c7ca-4fe2-be75-b6e3c7f293cf", "event": "publisher.event_acked", "level": "info", "timestamp": "2026-09-18T04:17:51.987672Z"}
Sep 18 01:17:55 fim-host fim-agent[33295]: {"event_id": "66f4ae60-97bc-4dae-990b-8e209d692804", "path": "/srv/fim-watch/gen_00034.txt", "action": "alert_only", "action_failed": false, "event": "decision.evaluated", "level": "info", "timestamp": "2026-09-18T04:17:55.567551Z"}
Sep 18 01:17:55 fim-host fim-agent[33295]: {"event_id": "66f4ae60-97bc-4dae-990b-8e209d692804", "event": "publisher.event_published", "level": "info", "timestamp": "2026-09-18T04:17:55.581040Z"}
Sep 18 01:17:55 fim-host fim-agent[33295]: {"path": "/srv/fim-watch/gen_00034.txt", "event_type": "file_modified", "event_id": "66f4ae60-97bc-4dae-990b-8e209d692804", "event": "detector.change_detected", "level": "info", "timestamp": "2026-09-18T04:17:55.586220Z"}
Sep 18 01:17:55 fim-host fim-agent[33295]: {"event_id": "66f4ae60-97bc-4dae-990b-8e209d692804", "event": "publisher.event_acked", "level": "info", "timestamp": "2026-09-18T04:17:55.591295Z"}
Sep 18 01:17:59 fim-host fim-agent[33295]: {"event_id": "efbe00cd-99d2-4e85-94fb-e07d94151a4d", "path": "/srv/fim-watch/critico/gen_00029.txt", "action": "alert_only", "action_failed": false, "event": "decision.evaluated", "level": "info", "timestamp": "2026-09-18T04:17:59.165626Z"}
Sep 18 01:17:59 fim-host fim-agent[33295]: {"event_id": "efbe00cd-99d2-4e85-94fb-e07d94151a4d", "event": "publisher.event_published", "level": "info", "timestamp": "2026-09-18T04:17:59.176984Z"}
Sep 18 01:17:59 fim-host fim-agent[33295]: {"path": "/srv/fim-watch/critico/gen_00029.txt", "event_type": "file_modified", "event_id": "efbe00cd-99d2-4e85-94fb-e07d94151a4d", "event": "detector.change_detected", "level": "info", "timestamp": "2026-09-18T04:17:59.181806Z"}
Sep 18 01:17:59 fim-host fim-agent[33295]: {"event_id": "efbe00cd-99d2-4e85-94fb-e07d94151a4d", "event": "publisher.event_acked", "level": "info", "timestamp": "2026-09-18T04:17:59.188336Z"}
Sep 18 01:18:02 fim-host fim-agent[33295]: {"event_id": "ce981807-b8d0-4873-806c-d90a0769b2f0", "path": "/srv/fim-watch/critico/gen_00029.txt", "action": "alert_only", "action_failed": false, "event": "decision.evaluated", "level": "info", "timestamp": "2026-09-18T04:18:02.771440Z"}
Sep 18 01:18:02 fim-host fim-agent[33295]: {"event_id": "ce981807-b8d0-4873-806c-d90a0769b2f0", "event": "publisher.event_published", "level": "info", "timestamp": "2026-09-18T04:18:02.784036Z"}
Sep 18 01:18:02 fim-host fim-agent[33295]: {"path": "/srv/fim-watch/critico/gen_00029.txt", "event_type": "file_modified", "event_id": "ce981807-b8d0-4873-806c-d90a0769b2f0", "event": "detector.change_detected", "level": "info", "timestamp": "2026-09-18T04:18:02.788652Z"}
Sep 18 01:18:02 fim-host fim-agent[33295]: {"event_id": "ce981807-b8d0-4873-806c-d90a0769b2f0", "event": "publisher.event_acked", "level": "info", "timestamp": "2026-09-18T04:18:02.794994Z"}
Sep 18 01:18:06 fim-host fim-agent[33295]: {"event_id": "cdcc5272-f2aa-4e15-bd64-e3a1e5a139a4", "path": "/srv/fim-watch/critico/gen_00039.txt", "action": "alert_only", "action_failed": false, "event": "decision.evaluated", "level": "info", "timestamp": "2026-09-18T04:18:06.369838Z"}
Sep 18 01:18:06 fim-host fim-agent[33295]: {"event_id": "cdcc5272-f2aa-4e15-bd64-e3a1e5a139a4", "event": "publisher.event_published", "level": "info", "timestamp": "2026-09-18T04:18:06.382932Z"}
Sep 18 01:18:06 fim-host fim-agent[33295]: {"path": "/srv/fim-watch/critico/gen_00039.txt", "event_type": "file_modified", "event_id": "cdcc5272-f2aa-4e15-bd64-e3a1e5a139a4", "event": "detector.change_detected", "level": "info", "timestamp": "2026-09-18T04:18:06.388328Z"}
Sep 18 01:18:06 fim-host fim-agent[33295]: {"event_id": "cdcc5272-f2aa-4e15-bd64-e3a1e5a139a4", "event": "publisher.event_acked", "level": "info", "timestamp": "2026-09-18T04:18:06.394458Z"}
Sep 18 01:18:09 fim-host fim-agent[33295]: {"event_id": "8a55b53b-f549-48c3-b3ed-6b6f31fa7dd4", "path": "/srv/fim-watch/gen_00052.txt", "action": "alert_only", "action_failed": false, "event": "decision.evaluated", "level": "info", "timestamp": "2026-09-18T04:18:09.967114Z"}
Sep 18 01:18:09 fim-host fim-agent[33295]: {"event_id": "8a55b53b-f549-48c3-b3ed-6b6f31fa7dd4", "event": "publisher.event_published", "level": "info", "timestamp": "2026-09-18T04:18:09.980756Z"}
Sep 18 01:18:09 fim-host fim-agent[33295]: {"path": "/srv/fim-watch/gen_00052.txt", "event_type": "file_modified", "event_id": "8a55b53b-f549-48c3-b3ed-6b6f31fa7dd4", "event": "detector.change_detected", "level": "info", "timestamp": "2026-09-18T04:18:09.986835Z"}
Sep 18 01:18:09 fim-host fim-agent[33295]: {"event_id": "8a55b53b-f549-48c3-b3ed-6b6f31fa7dd4", "event": "publisher.event_acked", "level": "info", "timestamp": "2026-09-18T04:18:09.992637Z"}
Sep 18 01:18:13 fim-host fim-agent[33295]: {"event_id": "ca8b8603-ac1a-46f1-9f6b-3126aefe4ecf", "path": "/srv/fim-watch/gen_00056.txt", "action": "alert_only", "action_failed": false, "event": "decision.evaluated", "level": "info", "timestamp": "2026-09-18T04:18:13.564395Z"}
Sep 18 01:18:13 fim-host fim-agent[33295]: {"event_id": "ca8b8603-ac1a-46f1-9f6b-3126aefe4ecf", "event": "publisher.event_published", "level": "info", "timestamp": "2026-09-18T04:18:13.573675Z"}
Sep 18 01:18:13 fim-host fim-agent[33295]: {"path": "/srv/fim-watch/gen_00056.txt", "event_type": "file_modified", "event_id": "ca8b8603-ac1a-46f1-9f6b-3126aefe4ecf", "event": "detector.change_detected", "level": "info", "timestamp": "2026-09-18T04:18:13.577912Z"}
Sep 18 01:18:13 fim-host fim-agent[33295]: {"event_id": "ca8b8603-ac1a-46f1-9f6b-3126aefe4ecf", "event": "publisher.event_acked", "level": "info", "timestamp": "2026-09-18T04:18:13.581825Z"}
Sep 18 01:18:17 fim-host fim-agent[33295]: {"event_id": "a1fcfb64-e966-4be9-acfc-9952cd38c69a", "path": "/srv/fim-watch/critico/gen_00039.txt", "action": "alert_only", "action_failed": false, "event": "decision.evaluated", "level": "info", "timestamp": "2026-09-18T04:18:17.163982Z"}
Sep 18 01:18:17 fim-host fim-agent[33295]: {"event_id": "a1fcfb64-e966-4be9-acfc-9952cd38c69a", "event": "publisher.event_published", "level": "info", "timestamp": "2026-09-18T04:18:17.173818Z"}
Sep 18 01:18:17 fim-host fim-agent[33295]: {"path": "/srv/fim-watch/critico/gen_00039.txt", "event_type": "file_modified", "event_id": "a1fcfb64-e966-4be9-acfc-9952cd38c69a", "event": "detector.change_detected", "level": "info", "timestamp": "2026-09-18T04:18:17.177777Z"}
Sep 18 01:18:17 fim-host fim-agent[33295]: {"event_id": "a1fcfb64-e966-4be9-acfc-9952cd38c69a", "event": "publisher.event_acked", "level": "info", "timestamp": "2026-09-18T04:18:17.179931Z"}
Sep 18 01:18:20 fim-host fim-agent[33295]: {"event_id": "b619234c-cac5-4895-a05d-90d1a98833a8", "path": "/srv/fim-watch/gen_00061.txt", "action": "alert_only", "action_failed": false, "event": "decision.evaluated", "level": "info", "timestamp": "2026-09-18T04:18:20.766925Z"}
Sep 18 01:18:20 fim-host fim-agent[33295]: {"event_id": "b619234c-cac5-4895-a05d-90d1a98833a8", "event": "publisher.event_published", "level": "info", "timestamp": "2026-09-18T04:18:20.777815Z"}
Sep 18 01:18:20 fim-host fim-agent[33295]: {"path": "/srv/fim-watch/gen_00061.txt", "event_type": "file_modified", "event_id": "b619234c-cac5-4895-a05d-90d1a98833a8", "event": "detector.change_detected", "level": "info", "timestamp": "2026-09-18T04:18:20.782018Z"}
Sep 18 01:18:20 fim-host fim-agent[33295]: {"event_id": "b619234c-cac5-4895-a05d-90d1a98833a8", "event": "publisher.event_acked", "level": "info", "timestamp": "2026-09-18T04:18:20.786395Z"}
Sep 18 01:18:24 fim-host fim-agent[33295]: {"event_id": "251fb171-7d8d-446b-bcc8-4dbb8c84b7b8", "path": "/srv/fim-watch/gen_00049.txt", "action": "alert_only", "action_failed": false, "event": "decision.evaluated", "level": "info", "timestamp": "2026-09-18T04:18:24.361934Z"}
Sep 18 01:18:24 fim-host fim-agent[33295]: {"event_id": "251fb171-7d8d-446b-bcc8-4dbb8c84b7b8", "event": "publisher.event_published", "level": "info", "timestamp": "2026-09-18T04:18:24.369449Z"}
Sep 18 01:18:24 fim-host fim-agent[33295]: {"path": "/srv/fim-watch/gen_00049.txt", "event_type": "file_modified", "event_id": "251fb171-7d8d-446b-bcc8-4dbb8c84b7b8", "event": "detector.change_detected", "level": "info", "timestamp": "2026-09-18T04:18:24.372803Z"}
Sep 18 01:18:24 fim-host fim-agent[33295]: {"event_id": "251fb171-7d8d-446b-bcc8-4dbb8c84b7b8", "event": "publisher.event_acked", "level": "info", "timestamp": "2026-09-18T04:18:24.378195Z"}
Sep 18 01:18:27 fim-host fim-agent[33295]: {"event_id": "054066b0-3da0-4448-9345-5f4a6ae15179", "path": "/srv/fim-watch/gen_00067.txt", "action": "alert_only", "action_failed": false, "event": "decision.evaluated", "level": "info", "timestamp": "2026-09-18T04:18:27.959709Z"}
Sep 18 01:18:27 fim-host fim-agent[33295]: {"event_id": "054066b0-3da0-4448-9345-5f4a6ae15179", "event": "publisher.event_published", "level": "info", "timestamp": "2026-09-18T04:18:27.967446Z"}
Sep 18 01:18:27 fim-host fim-agent[33295]: {"path": "/srv/fim-watch/gen_00067.txt", "event_type": "file_modified", "event_id": "054066b0-3da0-4448-9345-5f4a6ae15179", "event": "detector.change_detected", "level": "info", "timestamp": "2026-09-18T04:18:27.971433Z"}
Sep 18 01:18:27 fim-host fim-agent[33295]: {"event_id": "054066b0-3da0-4448-9345-5f4a6ae15179", "event": "publisher.event_acked", "level": "info", "timestamp": "2026-09-18T04:18:27.975925Z"}
Sep 18 01:18:31 fim-host fim-agent[33295]: {"event_id": "67e2c8b8-9145-4cfd-a77e-4bf5aa4f631e", "path": "/srv/fim-watch/gen_00075.txt", "action": "alert_only", "action_failed": false, "event": "decision.evaluated", "level": "info", "timestamp": "2026-09-18T04:18:31.561063Z"}
Sep 18 01:18:31 fim-host fim-agent[33295]: {"event_id": "67e2c8b8-9145-4cfd-a77e-4bf5aa4f631e", "event": "publisher.event_published", "level": "info", "timestamp": "2026-09-18T04:18:31.570020Z"}
Sep 18 01:18:31 fim-host fim-agent[33295]: {"path": "/srv/fim-watch/gen_00075.txt", "event_type": "file_modified", "event_id": "67e2c8b8-9145-4cfd-a77e-4bf5aa4f631e", "event": "detector.change_detected", "level": "info", "timestamp": "2026-09-18T04:18:31.573028Z"}
Sep 18 01:18:31 fim-host fim-agent[33295]: {"event_id": "67e2c8b8-9145-4cfd-a77e-4bf5aa4f631e", "event": "publisher.event_acked", "level": "info", "timestamp": "2026-09-18T04:18:31.578112Z"}
Sep 18 01:18:35 fim-host fim-agent[33295]: {"event_id": "dcaf786c-58f0-49dc-950f-ff12fb689903", "path": "/srv/fim-watch/gen_00074.txt", "action": "alert_only", "action_failed": false, "event": "decision.evaluated", "level": "info", "timestamp": "2026-09-18T04:18:35.161171Z"}
Sep 18 01:18:35 fim-host fim-agent[33295]: {"event_id": "dcaf786c-58f0-49dc-950f-ff12fb689903", "event": "publisher.event_published", "level": "info", "timestamp": "2026-09-18T04:18:35.170133Z"}
Sep 18 01:18:35 fim-host fim-agent[33295]: {"path": "/srv/fim-watch/gen_00074.txt", "event_type": "file_modified", "event_id": "dcaf786c-58f0-49dc-950f-ff12fb689903", "event": "detector.change_detected", "level": "info", "timestamp": "2026-09-18T04:18:35.173839Z"}
Sep 18 01:18:35 fim-host fim-agent[33295]: {"event_id": "dcaf786c-58f0-49dc-950f-ff12fb689903", "event": "publisher.event_acked", "level": "info", "timestamp": "2026-09-18T04:18:35.178585Z"}
Sep 18 01:18:38 fim-host fim-agent[33295]: {"event_id": "1a95dad7-45ec-4cac-9613-a26b262a2bc1", "path": "/srv/fim-watch/gen_00041.txt", "action": "alert_only", "action_failed": false, "event": "decision.evaluated", "level": "info", "timestamp": "2026-09-18T04:18:38.762355Z"}
Sep 18 01:18:38 fim-host fim-agent[33295]: {"event_id": "1a95dad7-45ec-4cac-9613-a26b262a2bc1", "event": "publisher.event_published", "level": "info", "timestamp": "2026-09-18T04:18:38.772849Z"}
Sep 18 01:18:38 fim-host fim-agent[33295]: {"path": "/srv/fim-watch/gen_00041.txt", "event_type": "file_modified", "event_id": "1a95dad7-45ec-4cac-9613-a26b262a2bc1", "event": "detector.change_detected", "level": "info", "timestamp": "2026-09-18T04:18:38.776783Z"}
Sep 18 01:18:38 fim-host fim-agent[33295]: {"event_id": "1a95dad7-45ec-4cac-9613-a26b262a2bc1", "event": "publisher.event_acked", "level": "info", "timestamp": "2026-09-18T04:18:38.784260Z"}
Sep 18 01:18:42 fim-host fim-agent[33295]: {"event_id": "f50c1980-2d1b-461f-9765-aa37c8e76c72", "path": "/srv/fim-watch/gen_00041.txt", "action": "alert_only", "action_failed": false, "event": "decision.evaluated", "level": "info", "timestamp": "2026-09-18T04:18:42.361087Z"}
Sep 18 01:18:42 fim-host fim-agent[33295]: {"event_id": "f50c1980-2d1b-461f-9765-aa37c8e76c72", "event": "publisher.event_published", "level": "info", "timestamp": "2026-09-18T04:18:42.371310Z"}
Sep 18 01:18:42 fim-host fim-agent[33295]: {"path": "/srv/fim-watch/gen_00041.txt", "event_type": "file_modified", "event_id": "f50c1980-2d1b-461f-9765-aa37c8e76c72", "event": "detector.change_detected", "level": "info", "timestamp": "2026-09-18T04:18:42.375414Z"}
Sep 18 01:18:42 fim-host fim-agent[33295]: {"event_id": "f50c1980-2d1b-461f-9765-aa37c8e76c72", "event": "publisher.event_acked", "level": "info", "timestamp": "2026-09-18T04:18:42.382520Z"}
Sep 18 01:18:45 fim-host fim-agent[33295]: {"event_id": "7dbc7296-3916-449b-b620-bba5e95f685b", "path": "/srv/fim-watch/gen_00041.txt", "action": "alert_only", "action_failed": false, "event": "decision.evaluated", "level": "info", "timestamp": "2026-09-18T04:18:45.963968Z"}
Sep 18 01:18:45 fim-host fim-agent[33295]: {"event_id": "7dbc7296-3916-449b-b620-bba5e95f685b", "event": "publisher.event_published", "level": "info", "timestamp": "2026-09-18T04:18:45.975037Z"}
Sep 18 01:18:45 fim-host fim-agent[33295]: {"path": "/srv/fim-watch/gen_00041.txt", "event_type": "file_modified", "event_id": "7dbc7296-3916-449b-b620-bba5e95f685b", "event": "detector.change_detected", "level": "info", "timestamp": "2026-09-18T04:18:45.979363Z"}
Sep 18 01:18:45 fim-host fim-agent[33295]: {"event_id": "7dbc7296-3916-449b-b620-bba5e95f685b", "event": "publisher.event_acked", "level": "info", "timestamp": "2026-09-18T04:18:45.986400Z"}
Sep 18 01:18:49 fim-host fim-agent[33295]: {"event_id": "3fe477b6-fefd-447a-b9d8-580523f223c5", "path": "/srv/fim-watch/gen_00041.txt", "action": "alert_only", "action_failed": false, "event": "decision.evaluated", "level": "info", "timestamp": "2026-09-18T04:18:49.563214Z"}
Sep 18 01:18:49 fim-host fim-agent[33295]: {"event_id": "3fe477b6-fefd-447a-b9d8-580523f223c5", "event": "publisher.event_published", "level": "info", "timestamp": "2026-09-18T04:18:49.575406Z"}
Sep 18 01:18:49 fim-host fim-agent[33295]: {"path": "/srv/fim-watch/gen_00041.txt", "event_type": "file_modified", "event_id": "3fe477b6-fefd-447a-b9d8-580523f223c5", "event": "detector.change_detected", "level": "info", "timestamp": "2026-09-18T04:18:49.580377Z"}
Sep 18 01:18:49 fim-host fim-agent[33295]: {"event_id": "3fe477b6-fefd-447a-b9d8-580523f223c5", "event": "publisher.event_acked", "level": "info", "timestamp": "2026-09-18T04:18:49.582400Z"}
Sep 18 01:18:53 fim-host fim-agent[33295]: {"event_id": "34e0809d-f406-40eb-8022-4870e95a28bc", "path": "/srv/fim-watch/gen_00041.txt", "action": "alert_only", "action_failed": false, "event": "decision.evaluated", "level": "info", "timestamp": "2026-09-18T04:18:53.162762Z"}
Sep 18 01:18:53 fim-host fim-agent[33295]: {"event_id": "34e0809d-f406-40eb-8022-4870e95a28bc", "event": "publisher.event_published", "level": "info", "timestamp": "2026-09-18T04:18:53.169589Z"}
Sep 18 01:18:53 fim-host fim-agent[33295]: {"path": "/srv/fim-watch/gen_00041.txt", "event_type": "file_modified", "event_id": "34e0809d-f406-40eb-8022-4870e95a28bc", "event": "detector.change_detected", "level": "info", "timestamp": "2026-09-18T04:18:53.172314Z"}
Sep 18 01:18:53 fim-host fim-agent[33295]: {"event_id": "34e0809d-f406-40eb-8022-4870e95a28bc", "event": "publisher.event_acked", "level": "info", "timestamp": "2026-09-18T04:18:53.175290Z"}
Sep 18 01:18:56 fim-host fim-agent[33295]: {"event_id": "06a7160c-ff72-4a90-b4bd-923bd0264dce", "path": "/srv/fim-watch/critico/gen_00029.txt", "action": "alert_only", "action_failed": false, "event": "decision.evaluated", "level": "info", "timestamp": "2026-09-18T04:18:56.765814Z"}
Sep 18 01:18:56 fim-host fim-agent[33295]: {"event_id": "06a7160c-ff72-4a90-b4bd-923bd0264dce", "event": "publisher.event_published", "level": "info", "timestamp": "2026-09-18T04:18:56.780180Z"}
Sep 18 01:18:56 fim-host fim-agent[33295]: {"path": "/srv/fim-watch/critico/gen_00029.txt", "event_type": "file_modified", "event_id": "06a7160c-ff72-4a90-b4bd-923bd0264dce", "event": "detector.change_detected", "level": "info", "timestamp": "2026-09-18T04:18:56.786352Z"}
Sep 18 01:18:56 fim-host fim-agent[33295]: {"event_id": "06a7160c-ff72-4a90-b4bd-923bd0264dce", "event": "publisher.event_acked", "level": "info", "timestamp": "2026-09-18T04:18:56.791433Z"}
Sep 18 01:19:00 fim-host fim-agent[33295]: {"event_id": "c99b857d-8470-4da1-9fd9-37ad3a92a11d", "path": "/srv/fim-watch/gen_00078.txt", "action": "alert_only", "action_failed": false, "event": "decision.evaluated", "level": "info", "timestamp": "2026-09-18T04:19:00.363827Z"}
Sep 18 01:19:00 fim-host fim-agent[33295]: {"event_id": "c99b857d-8470-4da1-9fd9-37ad3a92a11d", "event": "publisher.event_published", "level": "info", "timestamp": "2026-09-18T04:19:00.376688Z"}
Sep 18 01:19:00 fim-host fim-agent[33295]: {"path": "/srv/fim-watch/gen_00078.txt", "event_type": "file_modified", "event_id": "c99b857d-8470-4da1-9fd9-37ad3a92a11d", "event": "detector.change_detected", "level": "info", "timestamp": "2026-09-18T04:19:00.382390Z"}
Sep 18 01:19:00 fim-host fim-agent[33295]: {"event_id": "c99b857d-8470-4da1-9fd9-37ad3a92a11d", "event": "publisher.event_acked", "level": "info", "timestamp": "2026-09-18T04:19:00.388343Z"}
Sep 18 01:19:03 fim-host fim-agent[33295]: {"event_id": "a092023f-aa49-47a6-a5ac-6a7d013da418", "path": "/srv/fim-watch/critico/gen_00058.txt", "action": "alert_only", "action_failed": false, "event": "decision.evaluated", "level": "info", "timestamp": "2026-09-18T04:19:03.955830Z"}
Sep 18 01:19:03 fim-host fim-agent[33295]: {"event_id": "a092023f-aa49-47a6-a5ac-6a7d013da418", "event": "publisher.event_published", "level": "info", "timestamp": "2026-09-18T04:19:03.970736Z"}
Sep 18 01:19:03 fim-host fim-agent[33295]: {"path": "/srv/fim-watch/critico/gen_00058.txt", "event_type": "file_modified", "event_id": "a092023f-aa49-47a6-a5ac-6a7d013da418", "event": "detector.change_detected", "level": "info", "timestamp": "2026-09-18T04:19:03.976762Z"}
Sep 18 01:19:03 fim-host fim-agent[33295]: {"event_id": "a092023f-aa49-47a6-a5ac-6a7d013da418", "event": "publisher.event_acked", "level": "info", "timestamp": "2026-09-18T04:19:03.982540Z"}
Sep 18 01:19:07 fim-host fim-agent[33295]: {"event_id": "3ccf4c63-95ae-45f8-bcb8-96c6bc146547", "path": "/srv/fim-watch/critico/gen_00058.txt", "action": "alert_only", "action_failed": false, "event": "decision.evaluated", "level": "info", "timestamp": "2026-09-18T04:19:07.562218Z"}
Sep 18 01:19:07 fim-host fim-agent[33295]: {"event_id": "3ccf4c63-95ae-45f8-bcb8-96c6bc146547", "event": "publisher.event_published", "level": "info", "timestamp": "2026-09-18T04:19:07.577407Z"}
Sep 18 01:19:07 fim-host fim-agent[33295]: {"path": "/srv/fim-watch/critico/gen_00058.txt", "event_type": "file_modified", "event_id": "3ccf4c63-95ae-45f8-bcb8-96c6bc146547", "event": "detector.change_detected", "level": "info", "timestamp": "2026-09-18T04:19:07.582701Z"}
Sep 18 01:19:07 fim-host fim-agent[33295]: {"event_id": "3ccf4c63-95ae-45f8-bcb8-96c6bc146547", "event": "publisher.event_acked", "level": "info", "timestamp": "2026-09-18T04:19:07.588097Z"}
Sep 18 01:19:11 fim-host fim-agent[33295]: {"event_id": "093914ae-651e-487c-8848-6da9697f426c", "path": "/srv/fim-watch/gen_00065.txt", "action": "alert_only", "action_failed": false, "event": "decision.evaluated", "level": "info", "timestamp": "2026-09-18T04:19:11.165366Z"}
Sep 18 01:19:11 fim-host fim-agent[33295]: {"event_id": "093914ae-651e-487c-8848-6da9697f426c", "event": "publisher.event_published", "level": "info", "timestamp": "2026-09-18T04:19:11.178579Z"}
Sep 18 01:19:11 fim-host fim-agent[33295]: {"path": "/srv/fim-watch/gen_00065.txt", "event_type": "file_modified", "event_id": "093914ae-651e-487c-8848-6da9697f426c", "event": "detector.change_detected", "level": "info", "timestamp": "2026-09-18T04:19:11.183605Z"}
Sep 18 01:19:11 fim-host fim-agent[33295]: {"event_id": "093914ae-651e-487c-8848-6da9697f426c", "event": "publisher.event_acked", "level": "info", "timestamp": "2026-09-18T04:19:11.189773Z"}
Sep 18 01:19:14 fim-host fim-agent[33295]: {"event_id": "fd0e5b90-8f22-47d7-bf2d-640989fb2983", "path": "/srv/fim-watch/gen_00069.txt", "action": "alert_only", "action_failed": false, "event": "decision.evaluated", "level": "info", "timestamp": "2026-09-18T04:19:14.763284Z"}
Sep 18 01:19:14 fim-host fim-agent[33295]: {"event_id": "fd0e5b90-8f22-47d7-bf2d-640989fb2983", "event": "publisher.event_published", "level": "info", "timestamp": "2026-09-18T04:19:14.777002Z"}
Sep 18 01:19:14 fim-host fim-agent[33295]: {"path": "/srv/fim-watch/gen_00069.txt", "event_type": "file_modified", "event_id": "fd0e5b90-8f22-47d7-bf2d-640989fb2983", "event": "detector.change_detected", "level": "info", "timestamp": "2026-09-18T04:19:14.782442Z"}
Sep 18 01:19:14 fim-host fim-agent[33295]: {"event_id": "fd0e5b90-8f22-47d7-bf2d-640989fb2983", "event": "publisher.event_acked", "level": "info", "timestamp": "2026-09-18T04:19:14.786796Z"}
Sep 18 01:19:18 fim-host fim-agent[33295]: {"event_id": "52ba788d-f8ad-409e-8791-eae6f8ba2e52", "path": "/srv/fim-watch/critico/gen_00027.txt", "action": "alert_only", "action_failed": false, "event": "decision.evaluated", "level": "info", "timestamp": "2026-09-18T04:19:18.355114Z"}
Sep 18 01:19:18 fim-host fim-agent[33295]: {"event_id": "52ba788d-f8ad-409e-8791-eae6f8ba2e52", "event": "publisher.event_published", "level": "info", "timestamp": "2026-09-18T04:19:18.368566Z"}
Sep 18 01:19:18 fim-host fim-agent[33295]: {"path": "/srv/fim-watch/critico/gen_00027.txt", "event_type": "file_modified", "event_id": "52ba788d-f8ad-409e-8791-eae6f8ba2e52", "event": "detector.change_detected", "level": "info", "timestamp": "2026-09-18T04:19:18.374262Z"}
Sep 18 01:19:18 fim-host fim-agent[33295]: {"event_id": "52ba788d-f8ad-409e-8791-eae6f8ba2e52", "event": "publisher.event_acked", "level": "info", "timestamp": "2026-09-18T04:19:18.380739Z"}
Sep 18 01:19:29 fim-host fim-agent[33295]: {"event_id": "dd0585c8-cb33-4880-b19b-ef0ee65f27e1", "path": "/srv/fim-watch/gen_00079.txt", "action": "alert_only", "action_failed": false, "event": "decision.evaluated", "level": "info", "timestamp": "2026-09-18T04:19:29.162662Z"}
Sep 18 01:19:29 fim-host fim-agent[33295]: {"event_id": "dd0585c8-cb33-4880-b19b-ef0ee65f27e1", "event": "publisher.event_published", "level": "info", "timestamp": "2026-09-18T04:19:29.175349Z"}
Sep 18 01:19:29 fim-host fim-agent[33295]: {"path": "/srv/fim-watch/gen_00079.txt", "event_type": "file_modified", "event_id": "dd0585c8-cb33-4880-b19b-ef0ee65f27e1", "event": "detector.change_detected", "level": "info", "timestamp": "2026-09-18T04:19:29.179978Z"}
Sep 18 01:19:29 fim-host fim-agent[33295]: {"event_id": "dd0585c8-cb33-4880-b19b-ef0ee65f27e1", "event": "publisher.event_acked", "level": "info", "timestamp": "2026-09-18T04:19:29.182711Z"}
Sep 18 01:19:32 fim-host fim-agent[33295]: {"event_id": "6cc879aa-00b0-4f69-835f-9412c38dca4b", "path": "/srv/fim-watch/gen_00013.txt", "action": "alert_only", "action_failed": false, "event": "decision.evaluated", "level": "info", "timestamp": "2026-09-18T04:19:32.761120Z"}
Sep 18 01:19:32 fim-host fim-agent[33295]: {"event_id": "6cc879aa-00b0-4f69-835f-9412c38dca4b", "event": "publisher.event_published", "level": "info", "timestamp": "2026-09-18T04:19:32.773982Z"}
Sep 18 01:19:32 fim-host fim-agent[33295]: {"path": "/srv/fim-watch/gen_00013.txt", "event_type": "file_modified", "event_id": "6cc879aa-00b0-4f69-835f-9412c38dca4b", "event": "detector.change_detected", "level": "info", "timestamp": "2026-09-18T04:19:32.778391Z"}
Sep 18 01:19:32 fim-host fim-agent[33295]: {"event_id": "6cc879aa-00b0-4f69-835f-9412c38dca4b", "event": "publisher.event_acked", "level": "info", "timestamp": "2026-09-18T04:19:32.781366Z"}
Sep 18 01:19:36 fim-host fim-agent[33295]: {"event_id": "d2c600b1-6ae3-4507-8bae-dfa8ae7527c7", "path": "/srv/fim-watch/gen_00013.txt", "action": "alert_only", "action_failed": false, "event": "decision.evaluated", "level": "info", "timestamp": "2026-09-18T04:19:36.358810Z"}
Sep 18 01:19:36 fim-host fim-agent[33295]: {"event_id": "d2c600b1-6ae3-4507-8bae-dfa8ae7527c7", "event": "publisher.event_published", "level": "info", "timestamp": "2026-09-18T04:19:36.372082Z"}
Sep 18 01:19:36 fim-host fim-agent[33295]: {"path": "/srv/fim-watch/gen_00013.txt", "event_type": "file_modified", "event_id": "d2c600b1-6ae3-4507-8bae-dfa8ae7527c7", "event": "detector.change_detected", "level": "info", "timestamp": "2026-09-18T04:19:36.376941Z"}
Sep 18 01:19:36 fim-host fim-agent[33295]: {"event_id": "d2c600b1-6ae3-4507-8bae-dfa8ae7527c7", "event": "publisher.event_acked", "level": "info", "timestamp": "2026-09-18T04:19:36.378831Z"}
Sep 18 01:19:39 fim-host fim-agent[33295]: {"event_id": "a6558237-a1c4-4d60-b826-c273f6f4ddd6", "path": "/srv/fim-watch/gen_00063.txt", "action": "alert_only", "action_failed": false, "event": "decision.evaluated", "level": "info", "timestamp": "2026-09-18T04:19:39.960058Z"}
Sep 18 01:19:39 fim-host fim-agent[33295]: {"event_id": "a6558237-a1c4-4d60-b826-c273f6f4ddd6", "event": "publisher.event_published", "level": "info", "timestamp": "2026-09-18T04:19:39.973934Z"}
Sep 18 01:19:39 fim-host fim-agent[33295]: {"path": "/srv/fim-watch/gen_00063.txt", "event_type": "file_modified", "event_id": "a6558237-a1c4-4d60-b826-c273f6f4ddd6", "event": "detector.change_detected", "level": "info", "timestamp": "2026-09-18T04:19:39.978983Z"}
Sep 18 01:19:39 fim-host fim-agent[33295]: {"event_id": "a6558237-a1c4-4d60-b826-c273f6f4ddd6", "event": "publisher.event_acked", "level": "info", "timestamp": "2026-09-18T04:19:39.986111Z"}
Sep 18 01:19:43 fim-host fim-agent[33295]: {"event_id": "9256f2e4-21d8-4251-948c-1812a2b5c514", "path": "/srv/fim-watch/gen_00063.txt", "action": "alert_only", "action_failed": false, "event": "decision.evaluated", "level": "info", "timestamp": "2026-09-18T04:19:43.560981Z"}
Sep 18 01:19:43 fim-host fim-agent[33295]: {"event_id": "9256f2e4-21d8-4251-948c-1812a2b5c514", "event": "publisher.event_published", "level": "info", "timestamp": "2026-09-18T04:19:43.576660Z"}
Sep 18 01:19:43 fim-host fim-agent[33295]: {"path": "/srv/fim-watch/gen_00063.txt", "event_type": "file_modified", "event_id": "9256f2e4-21d8-4251-948c-1812a2b5c514", "event": "detector.change_detected", "level": "info", "timestamp": "2026-09-18T04:19:43.581842Z"}
Sep 18 01:19:43 fim-host fim-agent[33295]: {"event_id": "9256f2e4-21d8-4251-948c-1812a2b5c514", "event": "publisher.event_acked", "level": "info", "timestamp": "2026-09-18T04:19:43.587541Z"}
Sep 18 01:19:47 fim-host fim-agent[33295]: {"event_id": "b55993ed-4aac-496f-a62e-ff3edeb8c228", "path": "/srv/fim-watch/gen_00063.txt", "action": "alert_only", "action_failed": false, "event": "decision.evaluated", "level": "info", "timestamp": "2026-09-18T04:19:47.155657Z"}
Sep 18 01:19:47 fim-host fim-agent[33295]: {"event_id": "b55993ed-4aac-496f-a62e-ff3edeb8c228", "event": "publisher.event_published", "level": "info", "timestamp": "2026-09-18T04:19:47.163576Z"}
Sep 18 01:19:47 fim-host fim-agent[33295]: {"path": "/srv/fim-watch/gen_00063.txt", "event_type": "file_modified", "event_id": "b55993ed-4aac-496f-a62e-ff3edeb8c228", "event": "detector.change_detected", "level": "info", "timestamp": "2026-09-18T04:19:47.166430Z"}
Sep 18 01:19:47 fim-host fim-agent[33295]: {"event_id": "b55993ed-4aac-496f-a62e-ff3edeb8c228", "event": "publisher.event_acked", "level": "info", "timestamp": "2026-09-18T04:19:47.170747Z"}
Sep 18 01:19:50 fim-host fim-agent[33295]: {"event_id": "bce94a5e-46b4-47ba-adf0-333006994184", "path": "/srv/fim-watch/gen_00063.txt", "action": "alert_only", "action_failed": false, "event": "decision.evaluated", "level": "info", "timestamp": "2026-09-18T04:19:50.755161Z"}
Sep 18 01:19:50 fim-host fim-agent[33295]: {"event_id": "bce94a5e-46b4-47ba-adf0-333006994184", "event": "publisher.event_published", "level": "info", "timestamp": "2026-09-18T04:19:50.765519Z"}
Sep 18 01:19:50 fim-host fim-agent[33295]: {"path": "/srv/fim-watch/gen_00063.txt", "event_type": "file_modified", "event_id": "bce94a5e-46b4-47ba-adf0-333006994184", "event": "detector.change_detected", "level": "info", "timestamp": "2026-09-18T04:19:50.771059Z"}
Sep 18 01:19:50 fim-host fim-agent[33295]: {"event_id": "bce94a5e-46b4-47ba-adf0-333006994184", "event": "publisher.event_acked", "level": "info", "timestamp": "2026-09-18T04:19:50.772954Z"}
Sep 18 01:19:54 fim-host fim-agent[33295]: {"event_id": "02260ce9-6c2d-4714-8d0e-ab0c7d08cb7a", "path": "/srv/fim-watch/gen_00063.txt", "action": "alert_only", "action_failed": false, "event": "decision.evaluated", "level": "info", "timestamp": "2026-09-18T04:19:54.362026Z"}
Sep 18 01:19:54 fim-host fim-agent[33295]: {"event_id": "02260ce9-6c2d-4714-8d0e-ab0c7d08cb7a", "event": "publisher.event_published", "level": "info", "timestamp": "2026-09-18T04:19:54.377629Z"}
Sep 18 01:19:54 fim-host fim-agent[33295]: {"path": "/srv/fim-watch/gen_00063.txt", "event_type": "file_modified", "event_id": "02260ce9-6c2d-4714-8d0e-ab0c7d08cb7a", "event": "detector.change_detected", "level": "info", "timestamp": "2026-09-18T04:19:54.383079Z"}
Sep 18 01:19:54 fim-host fim-agent[33295]: {"event_id": "02260ce9-6c2d-4714-8d0e-ab0c7d08cb7a", "event": "publisher.event_acked", "level": "info", "timestamp": "2026-09-18T04:19:54.387780Z"}
Sep 18 01:19:57 fim-host fim-agent[33295]: {"event_id": "b70165c5-abc3-4cc5-970f-abc1f0e713bf", "path": "/srv/fim-watch/gen_00077.txt", "action": "alert_only", "action_failed": false, "event": "decision.evaluated", "level": "info", "timestamp": "2026-09-18T04:19:57.959125Z"}
Sep 18 01:19:57 fim-host fim-agent[33295]: {"event_id": "b70165c5-abc3-4cc5-970f-abc1f0e713bf", "event": "publisher.event_published", "level": "info", "timestamp": "2026-09-18T04:19:57.972657Z"}
Sep 18 01:19:57 fim-host fim-agent[33295]: {"path": "/srv/fim-watch/gen_00077.txt", "event_type": "file_modified", "event_id": "b70165c5-abc3-4cc5-970f-abc1f0e713bf", "event": "detector.change_detected", "level": "info", "timestamp": "2026-09-18T04:19:57.979190Z"}
Sep 18 01:19:57 fim-host fim-agent[33295]: {"event_id": "b70165c5-abc3-4cc5-970f-abc1f0e713bf", "event": "publisher.event_acked", "level": "info", "timestamp": "2026-09-18T04:19:57.980836Z"}
Sep 18 01:20:01 fim-host fim-agent[33295]: {"event_id": "cb754951-cc37-4b8e-b1a9-aa409f01be84", "path": "/srv/fim-watch/gen_00041.txt", "action": "alert_only", "action_failed": false, "event": "decision.evaluated", "level": "info", "timestamp": "2026-09-18T04:20:01.545351Z"}
Sep 18 01:20:01 fim-host fim-agent[33295]: {"event_id": "cb754951-cc37-4b8e-b1a9-aa409f01be84", "event": "publisher.event_published", "level": "info", "timestamp": "2026-09-18T04:20:01.559190Z"}
Sep 18 01:20:01 fim-host fim-agent[33295]: {"path": "/srv/fim-watch/gen_00041.txt", "event_type": "file_deleted", "event_id": "cb754951-cc37-4b8e-b1a9-aa409f01be84", "event": "detector.change_detected", "level": "info", "timestamp": "2026-09-18T04:20:01.564225Z"}
Sep 18 01:20:01 fim-host fim-agent[33295]: {"event_id": "cb754951-cc37-4b8e-b1a9-aa409f01be84", "event": "publisher.event_acked", "level": "info", "timestamp": "2026-09-18T04:20:01.570098Z"}
Sep 18 01:20:05 fim-host fim-agent[33295]: {"event_id": "d167db28-60a7-481d-8220-0ddf25a08670", "path": "/srv/fim-watch/gen_00067.txt", "action": "alert_only", "action_failed": false, "event": "decision.evaluated", "level": "info", "timestamp": "2026-09-18T04:20:05.180516Z"}
Sep 18 01:20:05 fim-host fim-agent[33295]: {"event_id": "d167db28-60a7-481d-8220-0ddf25a08670", "event": "publisher.event_published", "level": "info", "timestamp": "2026-09-18T04:20:05.190237Z"}
Sep 18 01:20:05 fim-host fim-agent[33295]: {"path": "/srv/fim-watch/gen_00067.txt", "event_type": "file_modified", "event_id": "d167db28-60a7-481d-8220-0ddf25a08670", "event": "detector.change_detected", "level": "info", "timestamp": "2026-09-18T04:20:05.194936Z"}
Sep 18 01:20:05 fim-host fim-agent[33295]: {"event_id": "d167db28-60a7-481d-8220-0ddf25a08670", "event": "publisher.event_acked", "level": "info", "timestamp": "2026-09-18T04:20:05.201038Z"}
Sep 18 01:20:08 fim-host fim-agent[33295]: {"event_id": "ba542587-a27a-4fe6-8c01-d5603dbf3e01", "path": "/srv/fim-watch/gen_00020.txt", "action": "alert_only", "action_failed": false, "event": "decision.evaluated", "level": "info", "timestamp": "2026-09-18T04:20:08.756665Z"}
Sep 18 01:20:08 fim-host fim-agent[33295]: {"event_id": "ba542587-a27a-4fe6-8c01-d5603dbf3e01", "event": "publisher.event_published", "level": "info", "timestamp": "2026-09-18T04:20:08.766938Z"}
Sep 18 01:20:08 fim-host fim-agent[33295]: {"path": "/srv/fim-watch/gen_00020.txt", "event_type": "file_modified", "event_id": "ba542587-a27a-4fe6-8c01-d5603dbf3e01", "event": "detector.change_detected", "level": "info", "timestamp": "2026-09-18T04:20:08.770154Z"}
Sep 18 01:20:08 fim-host fim-agent[33295]: {"event_id": "ba542587-a27a-4fe6-8c01-d5603dbf3e01", "event": "publisher.event_acked", "level": "info", "timestamp": "2026-09-18T04:20:08.775013Z"}
Sep 18 01:20:12 fim-host fim-agent[33295]: {"event_id": "d4f7616e-5b01-4be1-8dec-922bfb69102d", "path": "/srv/fim-watch/gen_00080.txt", "action": "alert_only", "action_failed": false, "event": "decision.evaluated", "level": "info", "timestamp": "2026-09-18T04:20:12.358438Z"}
Sep 18 01:20:12 fim-host fim-agent[33295]: {"event_id": "d4f7616e-5b01-4be1-8dec-922bfb69102d", "event": "publisher.event_published", "level": "info", "timestamp": "2026-09-18T04:20:12.376591Z"}
Sep 18 01:20:12 fim-host fim-agent[33295]: {"path": "/srv/fim-watch/gen_00080.txt", "event_type": "file_created", "event_id": "d4f7616e-5b01-4be1-8dec-922bfb69102d", "event": "detector.change_detected", "level": "info", "timestamp": "2026-09-18T04:20:12.379689Z"}
Sep 18 01:20:12 fim-host fim-agent[33295]: {"event_id": "d4f7616e-5b01-4be1-8dec-922bfb69102d", "event": "publisher.event_acked", "level": "info", "timestamp": "2026-09-18T04:20:12.382161Z"}
Sep 18 01:20:15 fim-host fim-agent[33295]: {"event_id": "b34de07b-2d85-4859-8a6f-47098224fc62", "path": "/srv/fim-watch/gen_00067.txt", "action": "alert_only", "action_failed": false, "event": "decision.evaluated", "level": "info", "timestamp": "2026-09-18T04:20:15.959833Z"}
Sep 18 01:20:15 fim-host fim-agent[33295]: {"event_id": "b34de07b-2d85-4859-8a6f-47098224fc62", "event": "publisher.event_published", "level": "info", "timestamp": "2026-09-18T04:20:15.974046Z"}
Sep 18 01:20:15 fim-host fim-agent[33295]: {"path": "/srv/fim-watch/gen_00067.txt", "event_type": "file_modified", "event_id": "b34de07b-2d85-4859-8a6f-47098224fc62", "event": "detector.change_detected", "level": "info", "timestamp": "2026-09-18T04:20:15.980544Z"}
Sep 18 01:20:15 fim-host fim-agent[33295]: {"event_id": "b34de07b-2d85-4859-8a6f-47098224fc62", "event": "publisher.event_acked", "level": "info", "timestamp": "2026-09-18T04:20:15.986101Z"}
Sep 18 01:20:19 fim-host fim-agent[33295]: {"event_id": "a26fbfac-7082-4d33-9697-884551d54932", "path": "/srv/fim-watch/gen_00052.txt", "action": "alert_only", "action_failed": false, "event": "decision.evaluated", "level": "info", "timestamp": "2026-09-18T04:20:19.558108Z"}
Sep 18 01:20:19 fim-host fim-agent[33295]: {"event_id": "a26fbfac-7082-4d33-9697-884551d54932", "event": "publisher.event_published", "level": "info", "timestamp": "2026-09-18T04:20:19.572754Z"}
Sep 18 01:20:19 fim-host fim-agent[33295]: {"path": "/srv/fim-watch/gen_00052.txt", "event_type": "file_modified", "event_id": "a26fbfac-7082-4d33-9697-884551d54932", "event": "detector.change_detected", "level": "info", "timestamp": "2026-09-18T04:20:19.576878Z"}
Sep 18 01:20:19 fim-host fim-agent[33295]: {"event_id": "a26fbfac-7082-4d33-9697-884551d54932", "event": "publisher.event_acked", "level": "info", "timestamp": "2026-09-18T04:20:19.581686Z"}
Sep 18 01:20:26 fim-host fim-agent[33295]: {"event_id": "f54ac411-d7d9-48b4-8ceb-2bafd2146ea0", "path": "/srv/fim-watch/gen_00066.txt", "action": "alert_only", "action_failed": false, "event": "decision.evaluated", "level": "info", "timestamp": "2026-09-18T04:20:26.757325Z"}
Sep 18 01:20:26 fim-host fim-agent[33295]: {"event_id": "f54ac411-d7d9-48b4-8ceb-2bafd2146ea0", "event": "publisher.event_published", "level": "info", "timestamp": "2026-09-18T04:20:26.769970Z"}
Sep 18 01:20:26 fim-host fim-agent[33295]: {"path": "/srv/fim-watch/gen_00066.txt", "event_type": "file_modified", "event_id": "f54ac411-d7d9-48b4-8ceb-2bafd2146ea0", "event": "detector.change_detected", "level": "info", "timestamp": "2026-09-18T04:20:26.774841Z"}
Sep 18 01:20:26 fim-host fim-agent[33295]: {"event_id": "f54ac411-d7d9-48b4-8ceb-2bafd2146ea0", "event": "publisher.event_acked", "level": "info", "timestamp": "2026-09-18T04:20:26.781104Z"}
Sep 18 01:20:30 fim-host fim-agent[33295]: {"event_id": "504baee6-49ce-4eda-ac36-29ae5190e2d3", "path": "/srv/fim-watch/gen_00079.txt", "action": "alert_only", "action_failed": false, "event": "decision.evaluated", "level": "info", "timestamp": "2026-09-18T04:20:30.357234Z"}
Sep 18 01:20:30 fim-host fim-agent[33295]: {"event_id": "504baee6-49ce-4eda-ac36-29ae5190e2d3", "event": "publisher.event_published", "level": "info", "timestamp": "2026-09-18T04:20:30.372243Z"}
Sep 18 01:20:30 fim-host fim-agent[33295]: {"path": "/srv/fim-watch/gen_00079.txt", "event_type": "file_modified", "event_id": "504baee6-49ce-4eda-ac36-29ae5190e2d3", "event": "detector.change_detected", "level": "info", "timestamp": "2026-09-18T04:20:30.377376Z"}
Sep 18 01:20:30 fim-host fim-agent[33295]: {"event_id": "504baee6-49ce-4eda-ac36-29ae5190e2d3", "event": "publisher.event_acked", "level": "info", "timestamp": "2026-09-18T04:20:30.383014Z"}
Sep 18 01:20:33 fim-host fim-agent[33295]: {"event_id": "c3a79fdc-ac1e-4262-98f0-2153a0cfb5c5", "path": "/srv/fim-watch/gen_00079.txt", "action": "alert_only", "action_failed": false, "event": "decision.evaluated", "level": "info", "timestamp": "2026-09-18T04:20:33.955644Z"}
Sep 18 01:20:33 fim-host fim-agent[33295]: {"event_id": "c3a79fdc-ac1e-4262-98f0-2153a0cfb5c5", "event": "publisher.event_published", "level": "info", "timestamp": "2026-09-18T04:20:33.969254Z"}
Sep 18 01:20:33 fim-host fim-agent[33295]: {"path": "/srv/fim-watch/gen_00079.txt", "event_type": "file_modified", "event_id": "c3a79fdc-ac1e-4262-98f0-2153a0cfb5c5", "event": "detector.change_detected", "level": "info", "timestamp": "2026-09-18T04:20:33.974193Z"}
Sep 18 01:20:33 fim-host fim-agent[33295]: {"event_id": "c3a79fdc-ac1e-4262-98f0-2153a0cfb5c5", "event": "publisher.event_acked", "level": "info", "timestamp": "2026-09-18T04:20:33.980645Z"}
Sep 18 01:20:37 fim-host fim-agent[33295]: {"event_id": "20813df9-86fb-4758-8ace-bea8ce5e1873", "path": "/srv/fim-watch/gen_00079.txt", "action": "alert_only", "action_failed": false, "event": "decision.evaluated", "level": "info", "timestamp": "2026-09-18T04:20:37.557307Z"}
Sep 18 01:20:37 fim-host fim-agent[33295]: {"event_id": "20813df9-86fb-4758-8ace-bea8ce5e1873", "event": "publisher.event_published", "level": "info", "timestamp": "2026-09-18T04:20:37.572010Z"}
Sep 18 01:20:37 fim-host fim-agent[33295]: {"path": "/srv/fim-watch/gen_00079.txt", "event_type": "file_modified", "event_id": "20813df9-86fb-4758-8ace-bea8ce5e1873", "event": "detector.change_detected", "level": "info", "timestamp": "2026-09-18T04:20:37.577799Z"}
Sep 18 01:20:37 fim-host fim-agent[33295]: {"event_id": "20813df9-86fb-4758-8ace-bea8ce5e1873", "event": "publisher.event_acked", "level": "info", "timestamp": "2026-09-18T04:20:37.583967Z"}
Sep 18 01:20:41 fim-host fim-agent[33295]: {"event_id": "cdd66861-04ca-4970-8d26-b0f153095d6f", "path": "/srv/fim-watch/gen_00079.txt", "action": "alert_only", "action_failed": false, "event": "decision.evaluated", "level": "info", "timestamp": "2026-09-18T04:20:41.158103Z"}
Sep 18 01:20:41 fim-host fim-agent[33295]: {"event_id": "cdd66861-04ca-4970-8d26-b0f153095d6f", "event": "publisher.event_published", "level": "info", "timestamp": "2026-09-18T04:20:41.171778Z"}
Sep 18 01:20:41 fim-host fim-agent[33295]: {"path": "/srv/fim-watch/gen_00079.txt", "event_type": "file_modified", "event_id": "cdd66861-04ca-4970-8d26-b0f153095d6f", "event": "detector.change_detected", "level": "info", "timestamp": "2026-09-18T04:20:41.177841Z"}
Sep 18 01:20:41 fim-host fim-agent[33295]: {"event_id": "cdd66861-04ca-4970-8d26-b0f153095d6f", "event": "publisher.event_acked", "level": "info", "timestamp": "2026-09-18T04:20:41.183590Z"}
Sep 18 01:20:48 fim-host fim-agent[33295]: {"event_id": "f1bafa3e-6242-4560-bec7-74ba86089eff", "path": "/srv/fim-watch/gen_00082.txt", "action": "alert_only", "action_failed": false, "event": "decision.evaluated", "level": "info", "timestamp": "2026-09-18T04:20:48.353921Z"}
Sep 18 01:20:48 fim-host fim-agent[33295]: {"event_id": "f1bafa3e-6242-4560-bec7-74ba86089eff", "event": "publisher.event_published", "level": "info", "timestamp": "2026-09-18T04:20:48.366017Z"}
Sep 18 01:20:48 fim-host fim-agent[33295]: {"path": "/srv/fim-watch/gen_00082.txt", "event_type": "file_modified", "event_id": "f1bafa3e-6242-4560-bec7-74ba86089eff", "event": "detector.change_detected", "level": "info", "timestamp": "2026-09-18T04:20:48.370502Z"}
Sep 18 01:20:48 fim-host fim-agent[33295]: {"event_id": "f1bafa3e-6242-4560-bec7-74ba86089eff", "event": "publisher.event_acked", "level": "info", "timestamp": "2026-09-18T04:20:48.373147Z"}
Sep 18 01:20:51 fim-host fim-agent[33295]: {"event_id": "c3584fe1-6970-41f0-805e-31caf3f3480e", "path": "/srv/fim-watch/gen_00034.txt", "action": "alert_only", "action_failed": false, "event": "decision.evaluated", "level": "info", "timestamp": "2026-09-18T04:20:51.953397Z"}
Sep 18 01:20:51 fim-host fim-agent[33295]: {"event_id": "c3584fe1-6970-41f0-805e-31caf3f3480e", "event": "publisher.event_published", "level": "info", "timestamp": "2026-09-18T04:20:51.964799Z"}
Sep 18 01:20:51 fim-host fim-agent[33295]: {"path": "/srv/fim-watch/gen_00034.txt", "event_type": "file_modified", "event_id": "c3584fe1-6970-41f0-805e-31caf3f3480e", "event": "detector.change_detected", "level": "info", "timestamp": "2026-09-18T04:20:51.969726Z"}
Sep 18 01:20:51 fim-host fim-agent[33295]: {"event_id": "c3584fe1-6970-41f0-805e-31caf3f3480e", "event": "publisher.event_acked", "level": "info", "timestamp": "2026-09-18T04:20:51.971899Z"}
Sep 18 01:20:55 fim-host fim-agent[33295]: {"event_id": "c8afb7d4-71be-47b3-9a7e-8cf835abaa33", "path": "/srv/fim-watch/critico/gen_00029.txt", "action": "alert_only", "action_failed": false, "event": "decision.evaluated", "level": "info", "timestamp": "2026-09-18T04:20:55.554028Z"}
Sep 18 01:20:55 fim-host fim-agent[33295]: {"event_id": "c8afb7d4-71be-47b3-9a7e-8cf835abaa33", "event": "publisher.event_published", "level": "info", "timestamp": "2026-09-18T04:20:55.568290Z"}
Sep 18 01:20:55 fim-host fim-agent[33295]: {"path": "/srv/fim-watch/critico/gen_00029.txt", "event_type": "file_modified", "event_id": "c8afb7d4-71be-47b3-9a7e-8cf835abaa33", "event": "detector.change_detected", "level": "info", "timestamp": "2026-09-18T04:20:55.574751Z"}
Sep 18 01:20:55 fim-host fim-agent[33295]: {"event_id": "c8afb7d4-71be-47b3-9a7e-8cf835abaa33", "event": "publisher.event_acked", "level": "info", "timestamp": "2026-09-18T04:20:55.576380Z"}
Sep 18 01:20:59 fim-host fim-agent[33295]: {"event_id": "072130ef-fe07-489e-85ba-b13ecd4d608b", "path": "/srv/fim-watch/critico/gen_00029.txt", "action": "alert_only", "action_failed": false, "event": "decision.evaluated", "level": "info", "timestamp": "2026-09-18T04:20:59.153405Z"}
Sep 18 01:20:59 fim-host fim-agent[33295]: {"event_id": "072130ef-fe07-489e-85ba-b13ecd4d608b", "event": "publisher.event_published", "level": "info", "timestamp": "2026-09-18T04:20:59.166906Z"}
Sep 18 01:20:59 fim-host fim-agent[33295]: {"path": "/srv/fim-watch/critico/gen_00029.txt", "event_type": "file_modified", "event_id": "072130ef-fe07-489e-85ba-b13ecd4d608b", "event": "detector.change_detected", "level": "info", "timestamp": "2026-09-18T04:20:59.172312Z"}
Sep 18 01:20:59 fim-host fim-agent[33295]: {"event_id": "072130ef-fe07-489e-85ba-b13ecd4d608b", "event": "publisher.event_acked", "level": "info", "timestamp": "2026-09-18T04:20:59.174232Z"}
Sep 18 01:21:02 fim-host fim-agent[33295]: {"event_id": "dbe7ecd3-e541-447f-81c0-99fddd99b469", "path": "/srv/fim-watch/gen_00083.txt", "action": "alert_only", "action_failed": false, "event": "decision.evaluated", "level": "info", "timestamp": "2026-09-18T04:21:02.745555Z"}
Sep 18 01:21:02 fim-host fim-agent[33295]: {"event_id": "dbe7ecd3-e541-447f-81c0-99fddd99b469", "event": "publisher.event_published", "level": "info", "timestamp": "2026-09-18T04:21:02.757723Z"}
Sep 18 01:21:02 fim-host fim-agent[33295]: {"path": "/srv/fim-watch/gen_00083.txt", "event_type": "file_modified", "event_id": "dbe7ecd3-e541-447f-81c0-99fddd99b469", "event": "detector.change_detected", "level": "info", "timestamp": "2026-09-18T04:21:02.762915Z"}
Sep 18 01:21:02 fim-host fim-agent[33295]: {"event_id": "dbe7ecd3-e541-447f-81c0-99fddd99b469", "event": "publisher.event_acked", "level": "info", "timestamp": "2026-09-18T04:21:02.765230Z"}
Sep 18 01:21:06 fim-host fim-agent[33295]: {"event_id": "becf2b1a-6df6-4883-9170-0b117018eeea", "path": "/srv/fim-watch/gen_00065.txt", "action": "alert_only", "action_failed": false, "event": "decision.evaluated", "level": "info", "timestamp": "2026-09-18T04:21:06.352076Z"}
Sep 18 01:21:06 fim-host fim-agent[33295]: {"event_id": "becf2b1a-6df6-4883-9170-0b117018eeea", "event": "publisher.event_published", "level": "info", "timestamp": "2026-09-18T04:21:06.364115Z"}
Sep 18 01:21:06 fim-host fim-agent[33295]: {"path": "/srv/fim-watch/gen_00065.txt", "event_type": "file_modified", "event_id": "becf2b1a-6df6-4883-9170-0b117018eeea", "event": "detector.change_detected", "level": "info", "timestamp": "2026-09-18T04:21:06.369677Z"}
Sep 18 01:21:06 fim-host fim-agent[33295]: {"event_id": "becf2b1a-6df6-4883-9170-0b117018eeea", "event": "publisher.event_acked", "level": "info", "timestamp": "2026-09-18T04:21:06.375378Z"}
Sep 18 01:21:09 fim-host fim-agent[33295]: {"event_id": "fb824905-6edf-4af9-93fc-712d1b40b084", "path": "/srv/fim-watch/gen_00065.txt", "action": "alert_only", "action_failed": false, "event": "decision.evaluated", "level": "info", "timestamp": "2026-09-18T04:21:09.949844Z"}
Sep 18 01:21:09 fim-host fim-agent[33295]: {"event_id": "fb824905-6edf-4af9-93fc-712d1b40b084", "event": "publisher.event_published", "level": "info", "timestamp": "2026-09-18T04:21:09.959283Z"}
Sep 18 01:21:09 fim-host fim-agent[33295]: {"path": "/srv/fim-watch/gen_00065.txt", "event_type": "file_modified", "event_id": "fb824905-6edf-4af9-93fc-712d1b40b084", "event": "detector.change_detected", "level": "info", "timestamp": "2026-09-18T04:21:09.964341Z"}
Sep 18 01:21:09 fim-host fim-agent[33295]: {"event_id": "fb824905-6edf-4af9-93fc-712d1b40b084", "event": "publisher.event_acked", "level": "info", "timestamp": "2026-09-18T04:21:09.970461Z"}
Sep 18 01:21:13 fim-host fim-agent[33295]: {"event_id": "1a600215-ab45-4a1a-aa44-f58395b124f9", "path": "/srv/fim-watch/gen_00059.txt", "action": "alert_only", "action_failed": false, "event": "decision.evaluated", "level": "info", "timestamp": "2026-09-18T04:21:13.550610Z"}
Sep 18 01:21:13 fim-host fim-agent[33295]: {"event_id": "1a600215-ab45-4a1a-aa44-f58395b124f9", "event": "publisher.event_published", "level": "info", "timestamp": "2026-09-18T04:21:13.563447Z"}
Sep 18 01:21:13 fim-host fim-agent[33295]: {"path": "/srv/fim-watch/gen_00059.txt", "event_type": "file_modified", "event_id": "1a600215-ab45-4a1a-aa44-f58395b124f9", "event": "detector.change_detected", "level": "info", "timestamp": "2026-09-18T04:21:13.568593Z"}
Sep 18 01:21:13 fim-host fim-agent[33295]: {"event_id": "1a600215-ab45-4a1a-aa44-f58395b124f9", "event": "publisher.event_acked", "level": "info", "timestamp": "2026-09-18T04:21:13.574485Z"}
Sep 18 01:21:17 fim-host fim-agent[33295]: {"event_id": "2631296f-1023-4f4c-b8b3-08fc04e16065", "path": "/srv/fim-watch/gen_00059.txt", "action": "alert_only", "action_failed": false, "event": "decision.evaluated", "level": "info", "timestamp": "2026-09-18T04:21:17.151699Z"}
Sep 18 01:21:17 fim-host fim-agent[33295]: {"event_id": "2631296f-1023-4f4c-b8b3-08fc04e16065", "event": "publisher.event_published", "level": "info", "timestamp": "2026-09-18T04:21:17.165451Z"}
Sep 18 01:21:17 fim-host fim-agent[33295]: {"path": "/srv/fim-watch/gen_00059.txt", "event_type": "file_modified", "event_id": "2631296f-1023-4f4c-b8b3-08fc04e16065", "event": "detector.change_detected", "level": "info", "timestamp": "2026-09-18T04:21:17.171234Z"}
Sep 18 01:21:17 fim-host fim-agent[33295]: {"event_id": "2631296f-1023-4f4c-b8b3-08fc04e16065", "event": "publisher.event_acked", "level": "info", "timestamp": "2026-09-18T04:21:17.175460Z"}
Sep 18 01:21:20 fim-host fim-agent[33295]: {"event_id": "026ab6cc-d187-4190-908a-dd0c23f9e2c6", "path": "/srv/fim-watch/gen_00059.txt", "action": "alert_only", "action_failed": false, "event": "decision.evaluated", "level": "info", "timestamp": "2026-09-18T04:21:20.752019Z"}
Sep 18 01:21:20 fim-host fim-agent[33295]: {"event_id": "026ab6cc-d187-4190-908a-dd0c23f9e2c6", "event": "publisher.event_published", "level": "info", "timestamp": "2026-09-18T04:21:20.766109Z"}
Sep 18 01:21:20 fim-host fim-agent[33295]: {"path": "/srv/fim-watch/gen_00059.txt", "event_type": "file_modified", "event_id": "026ab6cc-d187-4190-908a-dd0c23f9e2c6", "event": "detector.change_detected", "level": "info", "timestamp": "2026-09-18T04:21:20.770701Z"}
Sep 18 01:21:20 fim-host fim-agent[33295]: {"event_id": "026ab6cc-d187-4190-908a-dd0c23f9e2c6", "event": "publisher.event_acked", "level": "info", "timestamp": "2026-09-18T04:21:20.775339Z"}
Sep 18 01:21:24 fim-host fim-agent[33295]: {"event_id": "5e576af6-3488-42d2-8f05-7c82a7088a57", "path": "/srv/fim-watch/gen_00059.txt", "action": "alert_only", "action_failed": false, "event": "decision.evaluated", "level": "info", "timestamp": "2026-09-18T04:21:24.352367Z"}
Sep 18 01:21:24 fim-host fim-agent[33295]: {"event_id": "5e576af6-3488-42d2-8f05-7c82a7088a57", "event": "publisher.event_published", "level": "info", "timestamp": "2026-09-18T04:21:24.365018Z"}
Sep 18 01:21:24 fim-host fim-agent[33295]: {"path": "/srv/fim-watch/gen_00059.txt", "event_type": "file_modified", "event_id": "5e576af6-3488-42d2-8f05-7c82a7088a57", "event": "detector.change_detected", "level": "info", "timestamp": "2026-09-18T04:21:24.370309Z"}
Sep 18 01:21:24 fim-host fim-agent[33295]: {"event_id": "5e576af6-3488-42d2-8f05-7c82a7088a57", "event": "publisher.event_acked", "level": "info", "timestamp": "2026-09-18T04:21:24.376798Z"}
Sep 18 01:21:27 fim-host fim-agent[33295]: {"event_id": "311bdae6-ce85-4021-84cb-b4650b798740", "path": "/srv/fim-watch/gen_00059.txt", "action": "alert_only", "action_failed": false, "event": "decision.evaluated", "level": "info", "timestamp": "2026-09-18T04:21:27.951741Z"}
Sep 18 01:21:27 fim-host fim-agent[33295]: {"event_id": "311bdae6-ce85-4021-84cb-b4650b798740", "event": "publisher.event_published", "level": "info", "timestamp": "2026-09-18T04:21:27.965433Z"}
Sep 18 01:21:27 fim-host fim-agent[33295]: {"path": "/srv/fim-watch/gen_00059.txt", "event_type": "file_modified", "event_id": "311bdae6-ce85-4021-84cb-b4650b798740", "event": "detector.change_detected", "level": "info", "timestamp": "2026-09-18T04:21:27.970777Z"}
Sep 18 01:21:27 fim-host fim-agent[33295]: {"event_id": "311bdae6-ce85-4021-84cb-b4650b798740", "event": "publisher.event_acked", "level": "info", "timestamp": "2026-09-18T04:21:27.972805Z"}
Sep 18 01:21:31 fim-host fim-agent[33295]: {"event_id": "5e3fe5ab-4b59-4319-9435-f85db785d4a7", "path": "/srv/fim-watch/gen_00066.txt", "action": "alert_only", "action_failed": false, "event": "decision.evaluated", "level": "info", "timestamp": "2026-09-18T04:21:31.550527Z"}
Sep 18 01:21:31 fim-host fim-agent[33295]: {"event_id": "5e3fe5ab-4b59-4319-9435-f85db785d4a7", "event": "publisher.event_published", "level": "info", "timestamp": "2026-09-18T04:21:31.562580Z"}
Sep 18 01:21:31 fim-host fim-agent[33295]: {"path": "/srv/fim-watch/gen_00066.txt", "event_type": "file_modified", "event_id": "5e3fe5ab-4b59-4319-9435-f85db785d4a7", "event": "detector.change_detected", "level": "info", "timestamp": "2026-09-18T04:21:31.566800Z"}
Sep 18 01:21:31 fim-host fim-agent[33295]: {"event_id": "5e3fe5ab-4b59-4319-9435-f85db785d4a7", "event": "publisher.event_acked", "level": "info", "timestamp": "2026-09-18T04:21:31.569019Z"}
Sep 18 01:21:35 fim-host fim-agent[33295]: {"event_id": "f1d08bc0-a822-4b45-89c5-1413a47baa30", "path": "/srv/fim-watch/gen_00066.txt", "action": "alert_only", "action_failed": false, "event": "decision.evaluated", "level": "info", "timestamp": "2026-09-18T04:21:35.149739Z"}
Sep 18 01:21:35 fim-host fim-agent[33295]: {"event_id": "f1d08bc0-a822-4b45-89c5-1413a47baa30", "event": "publisher.event_published", "level": "info", "timestamp": "2026-09-18T04:21:35.162106Z"}
Sep 18 01:21:35 fim-host fim-agent[33295]: {"path": "/srv/fim-watch/gen_00066.txt", "event_type": "file_modified", "event_id": "f1d08bc0-a822-4b45-89c5-1413a47baa30", "event": "detector.change_detected", "level": "info", "timestamp": "2026-09-18T04:21:35.166817Z"}
Sep 18 01:21:35 fim-host fim-agent[33295]: {"event_id": "f1d08bc0-a822-4b45-89c5-1413a47baa30", "event": "publisher.event_acked", "level": "info", "timestamp": "2026-09-18T04:21:35.167711Z"}
Sep 18 01:21:38 fim-host fim-agent[33295]: {"event_id": "5c557149-79a5-46f7-83b5-980abfe28450", "path": "/srv/fim-watch/gen_00071.txt", "action": "alert_only", "action_failed": false, "event": "decision.evaluated", "level": "info", "timestamp": "2026-09-18T04:21:38.742378Z"}
Sep 18 01:21:38 fim-host fim-agent[33295]: {"event_id": "5c557149-79a5-46f7-83b5-980abfe28450", "event": "publisher.event_published", "level": "info", "timestamp": "2026-09-18T04:21:38.755933Z"}
Sep 18 01:21:38 fim-host fim-agent[33295]: {"path": "/srv/fim-watch/gen_00071.txt", "event_type": "file_modified", "event_id": "5c557149-79a5-46f7-83b5-980abfe28450", "event": "detector.change_detected", "level": "info", "timestamp": "2026-09-18T04:21:38.760911Z"}
Sep 18 01:21:38 fim-host fim-agent[33295]: {"event_id": "5c557149-79a5-46f7-83b5-980abfe28450", "event": "publisher.event_acked", "level": "info", "timestamp": "2026-09-18T04:21:38.763443Z"}
Sep 18 01:21:42 fim-host fim-agent[33295]: {"event_id": "cc2d75a8-851a-4b02-a1b2-920e8ca53f1e", "path": "/srv/fim-watch/gen_00068.txt", "action": "alert_only", "action_failed": false, "event": "decision.evaluated", "level": "info", "timestamp": "2026-09-18T04:21:42.348048Z"}
Sep 18 01:21:42 fim-host fim-agent[33295]: {"event_id": "cc2d75a8-851a-4b02-a1b2-920e8ca53f1e", "event": "publisher.event_published", "level": "info", "timestamp": "2026-09-18T04:21:42.360383Z"}
Sep 18 01:21:42 fim-host fim-agent[33295]: {"path": "/srv/fim-watch/gen_00068.txt", "event_type": "file_modified", "event_id": "cc2d75a8-851a-4b02-a1b2-920e8ca53f1e", "event": "detector.change_detected", "level": "info", "timestamp": "2026-09-18T04:21:42.364954Z"}
Sep 18 01:21:42 fim-host fim-agent[33295]: {"event_id": "cc2d75a8-851a-4b02-a1b2-920e8ca53f1e", "event": "publisher.event_acked", "level": "info", "timestamp": "2026-09-18T04:21:42.366827Z"}
Sep 18 01:21:45 fim-host fim-agent[33295]: {"event_id": "c3d3b9d5-f2d1-4e81-808c-9f9ad9735fea", "path": "/srv/fim-watch/gen_00077.txt", "action": "alert_only", "action_failed": false, "event": "decision.evaluated", "level": "info", "timestamp": "2026-09-18T04:21:45.948943Z"}
Sep 18 01:21:45 fim-host fim-agent[33295]: {"event_id": "c3d3b9d5-f2d1-4e81-808c-9f9ad9735fea", "event": "publisher.event_published", "level": "info", "timestamp": "2026-09-18T04:21:45.960235Z"}
Sep 18 01:21:45 fim-host fim-agent[33295]: {"path": "/srv/fim-watch/gen_00077.txt", "event_type": "file_modified", "event_id": "c3d3b9d5-f2d1-4e81-808c-9f9ad9735fea", "event": "detector.change_detected", "level": "info", "timestamp": "2026-09-18T04:21:45.963375Z"}
Sep 18 01:21:45 fim-host fim-agent[33295]: {"event_id": "c3d3b9d5-f2d1-4e81-808c-9f9ad9735fea", "event": "publisher.event_acked", "level": "info", "timestamp": "2026-09-18T04:21:45.967177Z"}
Sep 18 01:21:49 fim-host fim-agent[33295]: {"event_id": "14a57b6f-4299-4cf6-b025-240b988e9a1e", "path": "/srv/fim-watch/gen_00077.txt", "action": "alert_only", "action_failed": false, "event": "decision.evaluated", "level": "info", "timestamp": "2026-09-18T04:21:49.550043Z"}
Sep 18 01:21:49 fim-host fim-agent[33295]: {"event_id": "14a57b6f-4299-4cf6-b025-240b988e9a1e", "event": "publisher.event_published", "level": "info", "timestamp": "2026-09-18T04:21:49.563695Z"}
Sep 18 01:21:49 fim-host fim-agent[33295]: {"path": "/srv/fim-watch/gen_00077.txt", "event_type": "file_modified", "event_id": "14a57b6f-4299-4cf6-b025-240b988e9a1e", "event": "detector.change_detected", "level": "info", "timestamp": "2026-09-18T04:21:49.569601Z"}
Sep 18 01:21:49 fim-host fim-agent[33295]: {"event_id": "14a57b6f-4299-4cf6-b025-240b988e9a1e", "event": "publisher.event_acked", "level": "info", "timestamp": "2026-09-18T04:21:49.575089Z"}
Sep 18 01:21:53 fim-host fim-agent[33295]: {"event_id": "219b42e9-f9d3-4056-b5fe-a0d0d44d9ef9", "path": "/srv/fim-watch/gen_00077.txt", "action": "alert_only", "action_failed": false, "event": "decision.evaluated", "level": "info", "timestamp": "2026-09-18T04:21:53.150445Z"}
Sep 18 01:21:53 fim-host fim-agent[33295]: {"event_id": "219b42e9-f9d3-4056-b5fe-a0d0d44d9ef9", "event": "publisher.event_published", "level": "info", "timestamp": "2026-09-18T04:21:53.161754Z"}
Sep 18 01:21:53 fim-host fim-agent[33295]: {"path": "/srv/fim-watch/gen_00077.txt", "event_type": "file_modified", "event_id": "219b42e9-f9d3-4056-b5fe-a0d0d44d9ef9", "event": "detector.change_detected", "level": "info", "timestamp": "2026-09-18T04:21:53.167205Z"}
Sep 18 01:21:53 fim-host fim-agent[33295]: {"event_id": "219b42e9-f9d3-4056-b5fe-a0d0d44d9ef9", "event": "publisher.event_acked", "level": "info", "timestamp": "2026-09-18T04:21:53.173107Z"}
Sep 18 01:21:56 fim-host fim-agent[33295]: {"event_id": "794e7791-71da-40b6-bba4-ace0914686bd", "path": "/srv/fim-watch/gen_00077.txt", "action": "alert_only", "action_failed": false, "event": "decision.evaluated", "level": "info", "timestamp": "2026-09-18T04:21:56.748463Z"}
Sep 18 01:21:56 fim-host fim-agent[33295]: {"event_id": "794e7791-71da-40b6-bba4-ace0914686bd", "event": "publisher.event_published", "level": "info", "timestamp": "2026-09-18T04:21:56.762914Z"}
Sep 18 01:21:56 fim-host fim-agent[33295]: {"path": "/srv/fim-watch/gen_00077.txt", "event_type": "file_modified", "event_id": "794e7791-71da-40b6-bba4-ace0914686bd", "event": "detector.change_detected", "level": "info", "timestamp": "2026-09-18T04:21:56.768975Z"}
Sep 18 01:21:56 fim-host fim-agent[33295]: {"event_id": "794e7791-71da-40b6-bba4-ace0914686bd", "event": "publisher.event_acked", "level": "info", "timestamp": "2026-09-18T04:21:56.773773Z"}
Sep 18 01:22:00 fim-host fim-agent[33295]: {"event_id": "76ccee44-096c-4b96-b9fc-5a9e34411a69", "path": "/srv/fim-watch/gen_00077.txt", "action": "alert_only", "action_failed": false, "event": "decision.evaluated", "level": "info", "timestamp": "2026-09-18T04:22:00.346335Z"}
Sep 18 01:22:00 fim-host fim-agent[33295]: {"event_id": "76ccee44-096c-4b96-b9fc-5a9e34411a69", "event": "publisher.event_published", "level": "info", "timestamp": "2026-09-18T04:22:00.355236Z"}
Sep 18 01:22:00 fim-host fim-agent[33295]: {"path": "/srv/fim-watch/gen_00077.txt", "event_type": "file_modified", "event_id": "76ccee44-096c-4b96-b9fc-5a9e34411a69", "event": "detector.change_detected", "level": "info", "timestamp": "2026-09-18T04:22:00.359065Z"}
Sep 18 01:22:00 fim-host fim-agent[33295]: {"event_id": "76ccee44-096c-4b96-b9fc-5a9e34411a69", "event": "publisher.event_acked", "level": "info", "timestamp": "2026-09-18T04:22:00.363525Z"}
Sep 18 01:22:03 fim-host fim-agent[33295]: {"event_id": "51c8ad96-a684-43cf-8be3-1c43f6535516", "path": "/srv/fim-watch/gen_00075.txt", "action": "alert_only", "action_failed": false, "event": "decision.evaluated", "level": "info", "timestamp": "2026-09-18T04:22:03.947441Z"}
Sep 18 01:22:03 fim-host fim-agent[33295]: {"event_id": "51c8ad96-a684-43cf-8be3-1c43f6535516", "event": "publisher.event_published", "level": "info", "timestamp": "2026-09-18T04:22:03.965331Z"}
Sep 18 01:22:03 fim-host fim-agent[33295]: {"path": "/srv/fim-watch/gen_00075.txt", "event_type": "file_deleted", "event_id": "51c8ad96-a684-43cf-8be3-1c43f6535516", "event": "detector.change_detected", "level": "info", "timestamp": "2026-09-18T04:22:03.971053Z"}
Sep 18 01:22:03 fim-host fim-agent[33295]: {"event_id": "51c8ad96-a684-43cf-8be3-1c43f6535516", "event": "publisher.event_acked", "level": "info", "timestamp": "2026-09-18T04:22:03.975975Z"}
Sep 18 01:22:07 fim-host fim-agent[33295]: {"event_id": "3e6c9ebd-a82a-4a4e-806b-22b2a35dc044", "path": "/srv/fim-watch/gen_00061.txt", "action": "alert_only", "action_failed": false, "event": "decision.evaluated", "level": "info", "timestamp": "2026-09-18T04:22:07.541113Z"}
Sep 18 01:22:07 fim-host fim-agent[33295]: {"event_id": "3e6c9ebd-a82a-4a4e-806b-22b2a35dc044", "event": "publisher.event_published", "level": "info", "timestamp": "2026-09-18T04:22:07.553592Z"}
Sep 18 01:22:07 fim-host fim-agent[33295]: {"path": "/srv/fim-watch/gen_00061.txt", "event_type": "file_modified", "event_id": "3e6c9ebd-a82a-4a4e-806b-22b2a35dc044", "event": "detector.change_detected", "level": "info", "timestamp": "2026-09-18T04:22:07.558170Z"}
Sep 18 01:22:07 fim-host fim-agent[33295]: {"event_id": "3e6c9ebd-a82a-4a4e-806b-22b2a35dc044", "event": "publisher.event_acked", "level": "info", "timestamp": "2026-09-18T04:22:07.561044Z"}
Sep 18 01:22:11 fim-host fim-agent[33295]: {"event_id": "c8fb6808-fe35-4186-8702-fbcd63e138e2", "path": "/srv/fim-watch/gen_00064.txt", "action": "alert_only", "action_failed": false, "event": "decision.evaluated", "level": "info", "timestamp": "2026-09-18T04:22:11.147354Z"}
Sep 18 01:22:11 fim-host fim-agent[33295]: {"event_id": "c8fb6808-fe35-4186-8702-fbcd63e138e2", "event": "publisher.event_published", "level": "info", "timestamp": "2026-09-18T04:22:11.158087Z"}
Sep 18 01:22:11 fim-host fim-agent[33295]: {"path": "/srv/fim-watch/gen_00064.txt", "event_type": "file_deleted", "event_id": "c8fb6808-fe35-4186-8702-fbcd63e138e2", "event": "detector.change_detected", "level": "info", "timestamp": "2026-09-18T04:22:11.161540Z"}
Sep 18 01:22:11 fim-host fim-agent[33295]: {"event_id": "c8fb6808-fe35-4186-8702-fbcd63e138e2", "event": "publisher.event_acked", "level": "info", "timestamp": "2026-09-18T04:22:11.165315Z"}
Sep 18 01:22:18 fim-host fim-agent[33295]: {"event_id": "f73f18c8-8d00-4a2f-9474-c41eabe66e0f", "path": "/srv/fim-watch/gen_00085.txt", "action": "alert_only", "action_failed": false, "event": "decision.evaluated", "level": "info", "timestamp": "2026-09-18T04:22:18.345216Z"}
Sep 18 01:22:18 fim-host fim-agent[33295]: {"event_id": "f73f18c8-8d00-4a2f-9474-c41eabe66e0f", "event": "publisher.event_published", "level": "info", "timestamp": "2026-09-18T04:22:18.354388Z"}
Sep 18 01:22:18 fim-host fim-agent[33295]: {"path": "/srv/fim-watch/gen_00085.txt", "event_type": "file_modified", "event_id": "f73f18c8-8d00-4a2f-9474-c41eabe66e0f", "event": "detector.change_detected", "level": "info", "timestamp": "2026-09-18T04:22:18.358331Z"}
Sep 18 01:22:18 fim-host fim-agent[33295]: {"event_id": "f73f18c8-8d00-4a2f-9474-c41eabe66e0f", "event": "publisher.event_acked", "level": "info", "timestamp": "2026-09-18T04:22:18.361491Z"}
Sep 18 01:22:21 fim-host fim-agent[33295]: {"event_id": "0f2f3aa2-e857-4f11-9c34-f92e488ef9d3", "path": "/srv/fim-watch/gen_00034.txt", "action": "alert_only", "action_failed": false, "event": "decision.evaluated", "level": "info", "timestamp": "2026-09-18T04:22:21.937354Z"}
Sep 18 01:22:21 fim-host fim-agent[33295]: {"event_id": "0f2f3aa2-e857-4f11-9c34-f92e488ef9d3", "event": "publisher.event_published", "level": "info", "timestamp": "2026-09-18T04:22:21.948048Z"}
Sep 18 01:22:21 fim-host fim-agent[33295]: {"path": "/srv/fim-watch/gen_00034.txt", "event_type": "file_modified", "event_id": "0f2f3aa2-e857-4f11-9c34-f92e488ef9d3", "event": "detector.change_detected", "level": "info", "timestamp": "2026-09-18T04:22:21.951483Z"}
Sep 18 01:22:21 fim-host fim-agent[33295]: {"event_id": "0f2f3aa2-e857-4f11-9c34-f92e488ef9d3", "event": "publisher.event_acked", "level": "info", "timestamp": "2026-09-18T04:22:21.955175Z"}
Sep 18 01:22:25 fim-host fim-agent[33295]: {"event_id": "f74f21dd-f80b-4f66-9a09-01b836a7d316", "path": "/srv/fim-watch/gen_00045.txt", "action": "alert_only", "action_failed": false, "event": "decision.evaluated", "level": "info", "timestamp": "2026-09-18T04:22:25.537044Z"}
Sep 18 01:22:25 fim-host fim-agent[33295]: {"event_id": "f74f21dd-f80b-4f66-9a09-01b836a7d316", "event": "publisher.event_published", "level": "info", "timestamp": "2026-09-18T04:22:25.547015Z"}
Sep 18 01:22:25 fim-host fim-agent[33295]: {"path": "/srv/fim-watch/gen_00045.txt", "event_type": "file_modified", "event_id": "f74f21dd-f80b-4f66-9a09-01b836a7d316", "event": "detector.change_detected", "level": "info", "timestamp": "2026-09-18T04:22:25.552413Z"}
Sep 18 01:22:25 fim-host fim-agent[33295]: {"event_id": "f74f21dd-f80b-4f66-9a09-01b836a7d316", "event": "publisher.event_acked", "level": "info", "timestamp": "2026-09-18T04:22:25.554651Z"}
Sep 18 01:22:29 fim-host fim-agent[33295]: {"event_id": "ee77f30f-c861-4fec-8862-dffc52200b0f", "path": "/srv/fim-watch/critico/gen_00024.txt", "action": "alert_only", "action_failed": false, "event": "decision.evaluated", "level": "info", "timestamp": "2026-09-18T04:22:29.141789Z"}
Sep 18 01:22:29 fim-host fim-agent[33295]: {"event_id": "ee77f30f-c861-4fec-8862-dffc52200b0f", "event": "publisher.event_published", "level": "info", "timestamp": "2026-09-18T04:22:29.150328Z"}
Sep 18 01:22:29 fim-host fim-agent[33295]: {"path": "/srv/fim-watch/critico/gen_00024.txt", "event_type": "file_modified", "event_id": "ee77f30f-c861-4fec-8862-dffc52200b0f", "event": "detector.change_detected", "level": "info", "timestamp": "2026-09-18T04:22:29.153984Z"}
Sep 18 01:22:29 fim-host fim-agent[33295]: {"event_id": "ee77f30f-c861-4fec-8862-dffc52200b0f", "event": "publisher.event_acked", "level": "info", "timestamp": "2026-09-18T04:22:29.159097Z"}
Sep 18 01:22:32 fim-host fim-agent[33295]: {"event_id": "626322e7-9140-4358-81eb-021399c742e5", "path": "/srv/fim-watch/gen_00086.txt", "action": "alert_only", "action_failed": false, "event": "decision.evaluated", "level": "info", "timestamp": "2026-09-18T04:22:32.743964Z"}
Sep 18 01:22:32 fim-host fim-agent[33295]: {"event_id": "626322e7-9140-4358-81eb-021399c742e5", "event": "publisher.event_published", "level": "info", "timestamp": "2026-09-18T04:22:32.756512Z"}
Sep 18 01:22:32 fim-host fim-agent[33295]: {"path": "/srv/fim-watch/gen_00086.txt", "event_type": "file_modified", "event_id": "626322e7-9140-4358-81eb-021399c742e5", "event": "detector.change_detected", "level": "info", "timestamp": "2026-09-18T04:22:32.760837Z"}
Sep 18 01:22:32 fim-host fim-agent[33295]: {"event_id": "626322e7-9140-4358-81eb-021399c742e5", "event": "publisher.event_acked", "level": "info", "timestamp": "2026-09-18T04:22:32.767455Z"}
Sep 18 01:22:36 fim-host fim-agent[33295]: {"event_id": "cab0f262-14dc-473e-b769-7784c11be219", "path": "/srv/fim-watch/gen_00068.txt", "action": "alert_only", "action_failed": false, "event": "decision.evaluated", "level": "info", "timestamp": "2026-09-18T04:22:36.345083Z"}
Sep 18 01:22:36 fim-host fim-agent[33295]: {"event_id": "cab0f262-14dc-473e-b769-7784c11be219", "event": "publisher.event_published", "level": "info", "timestamp": "2026-09-18T04:22:36.354412Z"}
Sep 18 01:22:36 fim-host fim-agent[33295]: {"path": "/srv/fim-watch/gen_00068.txt", "event_type": "file_modified", "event_id": "cab0f262-14dc-473e-b769-7784c11be219", "event": "detector.change_detected", "level": "info", "timestamp": "2026-09-18T04:22:36.357638Z"}
Sep 18 01:22:36 fim-host fim-agent[33295]: {"event_id": "cab0f262-14dc-473e-b769-7784c11be219", "event": "publisher.event_acked", "level": "info", "timestamp": "2026-09-18T04:22:36.360215Z"}
Sep 18 01:22:39 fim-host fim-agent[33295]: {"event_id": "c2026761-416d-4d73-8912-c8fec60f5000", "path": "/srv/fim-watch/gen_00074.txt", "action": "alert_only", "action_failed": false, "event": "decision.evaluated", "level": "info", "timestamp": "2026-09-18T04:22:39.950191Z"}
Sep 18 01:22:39 fim-host fim-agent[33295]: {"event_id": "c2026761-416d-4d73-8912-c8fec60f5000", "event": "publisher.event_published", "level": "info", "timestamp": "2026-09-18T04:22:39.961755Z"}
Sep 18 01:22:39 fim-host fim-agent[33295]: {"path": "/srv/fim-watch/gen_00074.txt", "event_type": "file_modified", "event_id": "c2026761-416d-4d73-8912-c8fec60f5000", "event": "detector.change_detected", "level": "info", "timestamp": "2026-09-18T04:22:39.966833Z"}
Sep 18 01:22:39 fim-host fim-agent[33295]: {"event_id": "c2026761-416d-4d73-8912-c8fec60f5000", "event": "publisher.event_acked", "level": "info", "timestamp": "2026-09-18T04:22:39.968417Z"}
Sep 18 01:22:47 fim-host fim-agent[33295]: {"event_id": "8ae12f2b-cc89-486d-a2da-7be04a1f6e36", "path": "/srv/fim-watch/gen_00088.txt", "action": "alert_only", "action_failed": false, "event": "decision.evaluated", "level": "info", "timestamp": "2026-09-18T04:22:47.138518Z"}
Sep 18 01:22:47 fim-host fim-agent[33295]: {"event_id": "8ae12f2b-cc89-486d-a2da-7be04a1f6e36", "event": "publisher.event_published", "level": "info", "timestamp": "2026-09-18T04:22:47.147937Z"}
Sep 18 01:22:47 fim-host fim-agent[33295]: {"path": "/srv/fim-watch/gen_00088.txt", "event_type": "file_modified", "event_id": "8ae12f2b-cc89-486d-a2da-7be04a1f6e36", "event": "detector.change_detected", "level": "info", "timestamp": "2026-09-18T04:22:47.151690Z"}
Sep 18 01:22:47 fim-host fim-agent[33295]: {"event_id": "8ae12f2b-cc89-486d-a2da-7be04a1f6e36", "event": "publisher.event_acked", "level": "info", "timestamp": "2026-09-18T04:22:47.155981Z"}
Sep 18 01:22:50 fim-host fim-agent[33295]: {"event_id": "d5f0efde-5c76-4821-a415-369caa959335", "path": "/srv/fim-watch/gen_00089.txt", "action": "alert_only", "action_failed": false, "event": "decision.evaluated", "level": "info", "timestamp": "2026-09-18T04:22:50.742897Z"}
Sep 18 01:22:50 fim-host fim-agent[33295]: {"event_id": "d5f0efde-5c76-4821-a415-369caa959335", "event": "publisher.event_published", "level": "info", "timestamp": "2026-09-18T04:22:50.753432Z"}
Sep 18 01:22:50 fim-host fim-agent[33295]: {"path": "/srv/fim-watch/gen_00089.txt", "event_type": "file_modified", "event_id": "d5f0efde-5c76-4821-a415-369caa959335", "event": "detector.change_detected", "level": "info", "timestamp": "2026-09-18T04:22:50.757518Z"}
Sep 18 01:22:50 fim-host fim-agent[33295]: {"event_id": "d5f0efde-5c76-4821-a415-369caa959335", "event": "publisher.event_acked", "level": "info", "timestamp": "2026-09-18T04:22:50.760218Z"}
Sep 18 01:22:54 fim-host fim-agent[33295]: {"event_id": "2cdfc7a6-5996-45ae-94b9-6c9714ac6061", "path": "/srv/fim-watch/gen_00089.txt", "action": "alert_only", "action_failed": false, "event": "decision.evaluated", "level": "info", "timestamp": "2026-09-18T04:22:54.341252Z"}
Sep 18 01:22:54 fim-host fim-agent[33295]: {"event_id": "2cdfc7a6-5996-45ae-94b9-6c9714ac6061", "event": "publisher.event_published", "level": "info", "timestamp": "2026-09-18T04:22:54.354898Z"}
Sep 18 01:22:54 fim-host fim-agent[33295]: {"path": "/srv/fim-watch/gen_00089.txt", "event_type": "file_deleted", "event_id": "2cdfc7a6-5996-45ae-94b9-6c9714ac6061", "event": "detector.change_detected", "level": "info", "timestamp": "2026-09-18T04:22:54.358748Z"}
Sep 18 01:22:54 fim-host fim-agent[33295]: {"event_id": "2cdfc7a6-5996-45ae-94b9-6c9714ac6061", "event": "publisher.event_acked", "level": "info", "timestamp": "2026-09-18T04:22:54.360740Z"}
Sep 18 01:23:01 fim-host fim-agent[33295]: {"event_id": "55154a55-ef51-4abc-83d8-4911fd8de6ce", "path": "/srv/fim-watch/gen_00090.txt", "action": "alert_only", "action_failed": false, "event": "decision.evaluated", "level": "info", "timestamp": "2026-09-18T04:23:01.542616Z"}
Sep 18 01:23:01 fim-host fim-agent[33295]: {"event_id": "55154a55-ef51-4abc-83d8-4911fd8de6ce", "event": "publisher.event_published", "level": "info", "timestamp": "2026-09-18T04:23:01.550428Z"}
Sep 18 01:23:01 fim-host fim-agent[33295]: {"path": "/srv/fim-watch/gen_00090.txt", "event_type": "file_modified", "event_id": "55154a55-ef51-4abc-83d8-4911fd8de6ce", "event": "detector.change_detected", "level": "info", "timestamp": "2026-09-18T04:23:01.552951Z"}
Sep 18 01:23:01 fim-host fim-agent[33295]: {"event_id": "55154a55-ef51-4abc-83d8-4911fd8de6ce", "event": "publisher.event_acked", "level": "info", "timestamp": "2026-09-18T04:23:01.556141Z"}
Sep 18 01:23:05 fim-host fim-agent[33295]: {"event_id": "37f1f625-2871-4d08-9775-9ddf7e968f99", "path": "/srv/fim-watch/gen_00074.txt", "action": "alert_only", "action_failed": false, "event": "decision.evaluated", "level": "info", "timestamp": "2026-09-18T04:23:05.142634Z"}
Sep 18 01:23:05 fim-host fim-agent[33295]: {"event_id": "37f1f625-2871-4d08-9775-9ddf7e968f99", "event": "publisher.event_published", "level": "info", "timestamp": "2026-09-18T04:23:05.154263Z"}
Sep 18 01:23:05 fim-host fim-agent[33295]: {"path": "/srv/fim-watch/gen_00074.txt", "event_type": "file_modified", "event_id": "37f1f625-2871-4d08-9775-9ddf7e968f99", "event": "detector.change_detected", "level": "info", "timestamp": "2026-09-18T04:23:05.159274Z"}
Sep 18 01:23:05 fim-host fim-agent[33295]: {"event_id": "37f1f625-2871-4d08-9775-9ddf7e968f99", "event": "publisher.event_acked", "level": "info", "timestamp": "2026-09-18T04:23:05.161231Z"}
Sep 18 01:23:08 fim-host fim-agent[33295]: {"event_id": "ced49933-3ec7-4ac5-86a9-289e1f719aa1", "path": "/srv/fim-watch/gen_00034.txt", "action": "alert_only", "action_failed": false, "event": "decision.evaluated", "level": "info", "timestamp": "2026-09-18T04:23:08.734674Z"}
Sep 18 01:23:08 fim-host fim-agent[33295]: {"event_id": "ced49933-3ec7-4ac5-86a9-289e1f719aa1", "event": "publisher.event_published", "level": "info", "timestamp": "2026-09-18T04:23:08.747003Z"}
Sep 18 01:23:08 fim-host fim-agent[33295]: {"path": "/srv/fim-watch/gen_00034.txt", "event_type": "file_modified", "event_id": "ced49933-3ec7-4ac5-86a9-289e1f719aa1", "event": "detector.change_detected", "level": "info", "timestamp": "2026-09-18T04:23:08.752617Z"}
Sep 18 01:23:08 fim-host fim-agent[33295]: {"event_id": "ced49933-3ec7-4ac5-86a9-289e1f719aa1", "event": "publisher.event_acked", "level": "info", "timestamp": "2026-09-18T04:23:08.758489Z"}
Sep 18 01:23:12 fim-host fim-agent[33295]: {"event_id": "1ff25f8a-d20f-4f24-884c-5312d8c2e07f", "path": "/srv/fim-watch/gen_00013.txt", "action": "alert_only", "action_failed": false, "event": "decision.evaluated", "level": "info", "timestamp": "2026-09-18T04:23:12.343328Z"}
Sep 18 01:23:12 fim-host fim-agent[33295]: {"event_id": "1ff25f8a-d20f-4f24-884c-5312d8c2e07f", "event": "publisher.event_published", "level": "info", "timestamp": "2026-09-18T04:23:12.355522Z"}
Sep 18 01:23:12 fim-host fim-agent[33295]: {"path": "/srv/fim-watch/gen_00013.txt", "event_type": "file_modified", "event_id": "1ff25f8a-d20f-4f24-884c-5312d8c2e07f", "event": "detector.change_detected", "level": "info", "timestamp": "2026-09-18T04:23:12.360653Z"}
Sep 18 01:23:12 fim-host fim-agent[33295]: {"event_id": "1ff25f8a-d20f-4f24-884c-5312d8c2e07f", "event": "publisher.event_acked", "level": "info", "timestamp": "2026-09-18T04:23:12.367264Z"}
Sep 18 01:23:15 fim-host fim-agent[33295]: {"event_id": "08329754-3fc9-46a1-9b67-5df7a30a69e3", "path": "/srv/fim-watch/critico/gen_00091.txt", "action": "alert_only", "action_failed": false, "event": "decision.evaluated", "level": "info", "timestamp": "2026-09-18T04:23:15.942926Z"}
Sep 18 01:23:15 fim-host fim-agent[33295]: {"event_id": "08329754-3fc9-46a1-9b67-5df7a30a69e3", "event": "publisher.event_published", "level": "info", "timestamp": "2026-09-18T04:23:15.954353Z"}
Sep 18 01:23:15 fim-host fim-agent[33295]: {"path": "/srv/fim-watch/critico/gen_00091.txt", "event_type": "file_modified", "event_id": "08329754-3fc9-46a1-9b67-5df7a30a69e3", "event": "detector.change_detected", "level": "info", "timestamp": "2026-09-18T04:23:15.959085Z"}
Sep 18 01:23:15 fim-host fim-agent[33295]: {"event_id": "08329754-3fc9-46a1-9b67-5df7a30a69e3", "event": "publisher.event_acked", "level": "info", "timestamp": "2026-09-18T04:23:15.962454Z"}
Sep 18 01:23:19 fim-host fim-agent[33295]: {"event_id": "8f02b7db-3fcc-49ec-b8ce-55e6e50cabde", "path": "/srv/fim-watch/critico/gen_00091.txt", "action": "alert_only", "action_failed": false, "event": "decision.evaluated", "level": "info", "timestamp": "2026-09-18T04:23:19.540166Z"}
Sep 18 01:23:19 fim-host fim-agent[33295]: {"event_id": "8f02b7db-3fcc-49ec-b8ce-55e6e50cabde", "event": "publisher.event_published", "level": "info", "timestamp": "2026-09-18T04:23:19.555583Z"}
Sep 18 01:23:19 fim-host fim-agent[33295]: {"path": "/srv/fim-watch/critico/gen_00091.txt", "event_type": "file_deleted", "event_id": "8f02b7db-3fcc-49ec-b8ce-55e6e50cabde", "event": "detector.change_detected", "level": "info", "timestamp": "2026-09-18T04:23:19.560428Z"}
Sep 18 01:23:19 fim-host fim-agent[33295]: {"event_id": "8f02b7db-3fcc-49ec-b8ce-55e6e50cabde", "event": "publisher.event_acked", "level": "info", "timestamp": "2026-09-18T04:23:19.562169Z"}
Sep 18 01:23:23 fim-host fim-agent[33295]: {"event_id": "a16fb529-e27d-4884-8fc3-7a47303f22a5", "path": "/srv/fim-watch/gen_00059.txt", "action": "alert_only", "action_failed": false, "event": "decision.evaluated", "level": "info", "timestamp": "2026-09-18T04:23:23.144664Z"}
Sep 18 01:23:23 fim-host fim-agent[33295]: {"event_id": "a16fb529-e27d-4884-8fc3-7a47303f22a5", "event": "publisher.event_published", "level": "info", "timestamp": "2026-09-18T04:23:23.158383Z"}
Sep 18 01:23:23 fim-host fim-agent[33295]: {"path": "/srv/fim-watch/gen_00059.txt", "event_type": "file_modified", "event_id": "a16fb529-e27d-4884-8fc3-7a47303f22a5", "event": "detector.change_detected", "level": "info", "timestamp": "2026-09-18T04:23:23.163990Z"}
Sep 18 01:23:23 fim-host fim-agent[33295]: {"event_id": "a16fb529-e27d-4884-8fc3-7a47303f22a5", "event": "publisher.event_acked", "level": "info", "timestamp": "2026-09-18T04:23:23.169305Z"}
Sep 18 01:23:26 fim-host fim-agent[33295]: {"event_id": "dd82b66d-0cd0-4cd8-91d0-960a55171c30", "path": "/srv/fim-watch/gen_00013.txt", "action": "alert_only", "action_failed": false, "event": "decision.evaluated", "level": "info", "timestamp": "2026-09-18T04:23:26.739393Z"}
Sep 18 01:23:26 fim-host fim-agent[33295]: {"event_id": "dd82b66d-0cd0-4cd8-91d0-960a55171c30", "event": "publisher.event_published", "level": "info", "timestamp": "2026-09-18T04:23:26.747129Z"}
Sep 18 01:23:26 fim-host fim-agent[33295]: {"path": "/srv/fim-watch/gen_00013.txt", "event_type": "file_modified", "event_id": "dd82b66d-0cd0-4cd8-91d0-960a55171c30", "event": "detector.change_detected", "level": "info", "timestamp": "2026-09-18T04:23:26.750238Z"}
Sep 18 01:23:26 fim-host fim-agent[33295]: {"event_id": "dd82b66d-0cd0-4cd8-91d0-960a55171c30", "event": "publisher.event_acked", "level": "info", "timestamp": "2026-09-18T04:23:26.752753Z"}
Sep 18 01:23:30 fim-host fim-agent[33295]: {"event_id": "8c33c563-b275-46ba-8702-b9d589650831", "path": "/srv/fim-watch/gen_00013.txt", "action": "alert_only", "action_failed": false, "event": "decision.evaluated", "level": "info", "timestamp": "2026-09-18T04:23:30.344675Z"}
Sep 18 01:23:30 fim-host fim-agent[33295]: {"event_id": "8c33c563-b275-46ba-8702-b9d589650831", "event": "publisher.event_published", "level": "info", "timestamp": "2026-09-18T04:23:30.357932Z"}
Sep 18 01:23:30 fim-host fim-agent[33295]: {"path": "/srv/fim-watch/gen_00013.txt", "event_type": "file_modified", "event_id": "8c33c563-b275-46ba-8702-b9d589650831", "event": "detector.change_detected", "level": "info", "timestamp": "2026-09-18T04:23:30.363495Z"}
Sep 18 01:23:30 fim-host fim-agent[33295]: {"event_id": "8c33c563-b275-46ba-8702-b9d589650831", "event": "publisher.event_acked", "level": "info", "timestamp": "2026-09-18T04:23:30.369335Z"}
Sep 18 01:23:33 fim-host fim-agent[33295]: {"event_id": "4ac10c0d-f949-4aa6-983f-c72c1a392235", "path": "/srv/fim-watch/gen_00085.txt", "action": "alert_only", "action_failed": false, "event": "decision.evaluated", "level": "info", "timestamp": "2026-09-18T04:23:33.939232Z"}
Sep 18 01:23:33 fim-host fim-agent[33295]: {"event_id": "4ac10c0d-f949-4aa6-983f-c72c1a392235", "event": "publisher.event_published", "level": "info", "timestamp": "2026-09-18T04:23:33.956072Z"}
Sep 18 01:23:33 fim-host fim-agent[33295]: {"path": "/srv/fim-watch/gen_00085.txt", "event_type": "file_deleted", "event_id": "4ac10c0d-f949-4aa6-983f-c72c1a392235", "event": "detector.change_detected", "level": "info", "timestamp": "2026-09-18T04:23:33.962015Z"}
Sep 18 01:23:33 fim-host fim-agent[33295]: {"event_id": "4ac10c0d-f949-4aa6-983f-c72c1a392235", "event": "publisher.event_acked", "level": "info", "timestamp": "2026-09-18T04:23:33.968136Z"}
Sep 18 01:23:37 fim-host fim-agent[33295]: {"event_id": "f27cf079-b3cd-4a0c-bc5b-255f3dc7f819", "path": "/srv/fim-watch/gen_00092.txt", "action": "alert_only", "action_failed": false, "event": "decision.evaluated", "level": "info", "timestamp": "2026-09-18T04:23:37.540147Z"}
Sep 18 01:23:37 fim-host fim-agent[33295]: {"event_id": "f27cf079-b3cd-4a0c-bc5b-255f3dc7f819", "event": "publisher.event_published", "level": "info", "timestamp": "2026-09-18T04:23:37.553174Z"}
Sep 18 01:23:37 fim-host fim-agent[33295]: {"path": "/srv/fim-watch/gen_00092.txt", "event_type": "file_modified", "event_id": "f27cf079-b3cd-4a0c-bc5b-255f3dc7f819", "event": "detector.change_detected", "level": "info", "timestamp": "2026-09-18T04:23:37.558198Z"}
Sep 18 01:23:37 fim-host fim-agent[33295]: {"event_id": "f27cf079-b3cd-4a0c-bc5b-255f3dc7f819", "event": "publisher.event_acked", "level": "info", "timestamp": "2026-09-18T04:23:37.560501Z"}
Sep 18 01:23:44 fim-host fim-agent[33295]: {"event_id": "c91ba15c-2446-48c5-a11c-486225a73c64", "path": "/srv/fim-watch/gen_00093.txt", "action": "alert_only", "action_failed": false, "event": "decision.evaluated", "level": "info", "timestamp": "2026-09-18T04:23:44.741962Z"}
Sep 18 01:23:44 fim-host fim-agent[33295]: {"event_id": "c91ba15c-2446-48c5-a11c-486225a73c64", "event": "publisher.event_published", "level": "info", "timestamp": "2026-09-18T04:23:44.753750Z"}
Sep 18 01:23:44 fim-host fim-agent[33295]: {"path": "/srv/fim-watch/gen_00093.txt", "event_type": "file_modified", "event_id": "c91ba15c-2446-48c5-a11c-486225a73c64", "event": "detector.change_detected", "level": "info", "timestamp": "2026-09-18T04:23:44.759642Z"}
Sep 18 01:23:44 fim-host fim-agent[33295]: {"event_id": "c91ba15c-2446-48c5-a11c-486225a73c64", "event": "publisher.event_acked", "level": "info", "timestamp": "2026-09-18T04:23:44.761776Z"}
Sep 18 01:23:48 fim-host fim-agent[33295]: {"event_id": "bf9c3ae0-5933-4410-8e5f-892dcc86dd83", "path": "/srv/fim-watch/gen_00014.txt", "action": "alert_only", "action_failed": false, "event": "decision.evaluated", "level": "info", "timestamp": "2026-09-18T04:23:48.339039Z"}
Sep 18 01:23:48 fim-host fim-agent[33295]: {"event_id": "bf9c3ae0-5933-4410-8e5f-892dcc86dd83", "event": "publisher.event_published", "level": "info", "timestamp": "2026-09-18T04:23:48.351384Z"}
Sep 18 01:23:48 fim-host fim-agent[33295]: {"path": "/srv/fim-watch/gen_00014.txt", "event_type": "file_modified", "event_id": "bf9c3ae0-5933-4410-8e5f-892dcc86dd83", "event": "detector.change_detected", "level": "info", "timestamp": "2026-09-18T04:23:48.356543Z"}
Sep 18 01:23:48 fim-host fim-agent[33295]: {"event_id": "bf9c3ae0-5933-4410-8e5f-892dcc86dd83", "event": "publisher.event_acked", "level": "info", "timestamp": "2026-09-18T04:23:48.359073Z"}
Sep 18 01:23:51 fim-host fim-agent[33295]: {"event_id": "8ad1f2b3-a80d-4d50-b568-967adb74e3b2", "path": "/srv/fim-watch/gen_00014.txt", "action": "alert_only", "action_failed": false, "event": "decision.evaluated", "level": "info", "timestamp": "2026-09-18T04:23:51.935176Z"}
Sep 18 01:23:51 fim-host fim-agent[33295]: {"event_id": "8ad1f2b3-a80d-4d50-b568-967adb74e3b2", "event": "publisher.event_published", "level": "info", "timestamp": "2026-09-18T04:23:51.943933Z"}
Sep 18 01:23:51 fim-host fim-agent[33295]: {"path": "/srv/fim-watch/gen_00014.txt", "event_type": "file_modified", "event_id": "8ad1f2b3-a80d-4d50-b568-967adb74e3b2", "event": "detector.change_detected", "level": "info", "timestamp": "2026-09-18T04:23:51.947005Z"}
Sep 18 01:23:51 fim-host fim-agent[33295]: {"event_id": "8ad1f2b3-a80d-4d50-b568-967adb74e3b2", "event": "publisher.event_acked", "level": "info", "timestamp": "2026-09-18T04:23:51.948700Z"}
Sep 18 01:23:55 fim-host fim-agent[33295]: {"event_id": "24ddea72-2ed9-499f-9f49-d1c3182e9739", "path": "/srv/fim-watch/gen_00014.txt", "action": "alert_only", "action_failed": false, "event": "decision.evaluated", "level": "info", "timestamp": "2026-09-18T04:23:55.539229Z"}
Sep 18 01:23:55 fim-host fim-agent[33295]: {"event_id": "24ddea72-2ed9-499f-9f49-d1c3182e9739", "event": "publisher.event_published", "level": "info", "timestamp": "2026-09-18T04:23:55.553113Z"}
Sep 18 01:23:55 fim-host fim-agent[33295]: {"path": "/srv/fim-watch/gen_00014.txt", "event_type": "file_modified", "event_id": "24ddea72-2ed9-499f-9f49-d1c3182e9739", "event": "detector.change_detected", "level": "info", "timestamp": "2026-09-18T04:23:55.559676Z"}
Sep 18 01:23:55 fim-host fim-agent[33295]: {"event_id": "24ddea72-2ed9-499f-9f49-d1c3182e9739", "event": "publisher.event_acked", "level": "info", "timestamp": "2026-09-18T04:23:55.564318Z"}
Sep 18 01:24:02 fim-host fim-agent[33295]: {"event_id": "6a0dcff4-bf69-40df-80f5-3a679d637ab6", "path": "/srv/fim-watch/gen_00071.txt", "action": "alert_only", "action_failed": false, "event": "decision.evaluated", "level": "info", "timestamp": "2026-09-18T04:24:02.740471Z"}
Sep 18 01:24:02 fim-host fim-agent[33295]: {"event_id": "6a0dcff4-bf69-40df-80f5-3a679d637ab6", "event": "publisher.event_published", "level": "info", "timestamp": "2026-09-18T04:24:02.753096Z"}
Sep 18 01:24:02 fim-host fim-agent[33295]: {"path": "/srv/fim-watch/gen_00071.txt", "event_type": "file_modified", "event_id": "6a0dcff4-bf69-40df-80f5-3a679d637ab6", "event": "detector.change_detected", "level": "info", "timestamp": "2026-09-18T04:24:02.757950Z"}
Sep 18 01:24:02 fim-host fim-agent[33295]: {"event_id": "6a0dcff4-bf69-40df-80f5-3a679d637ab6", "event": "publisher.event_acked", "level": "info", "timestamp": "2026-09-18T04:24:02.763840Z"}
Sep 18 01:24:06 fim-host fim-agent[33295]: {"event_id": "583c6421-2647-4fec-8caf-65a76535a74a", "path": "/srv/fim-watch/gen_00071.txt", "action": "alert_only", "action_failed": false, "event": "decision.evaluated", "level": "info", "timestamp": "2026-09-18T04:24:06.337906Z"}
Sep 18 01:24:06 fim-host fim-agent[33295]: {"event_id": "583c6421-2647-4fec-8caf-65a76535a74a", "event": "publisher.event_published", "level": "info", "timestamp": "2026-09-18T04:24:06.351813Z"}
Sep 18 01:24:06 fim-host fim-agent[33295]: {"path": "/srv/fim-watch/gen_00071.txt", "event_type": "file_modified", "event_id": "583c6421-2647-4fec-8caf-65a76535a74a", "event": "detector.change_detected", "level": "info", "timestamp": "2026-09-18T04:24:06.358001Z"}
Sep 18 01:24:06 fim-host fim-agent[33295]: {"event_id": "583c6421-2647-4fec-8caf-65a76535a74a", "event": "publisher.event_acked", "level": "info", "timestamp": "2026-09-18T04:24:06.363001Z"}
Sep 18 01:24:09 fim-host fim-agent[33295]: {"event_id": "0cd07c34-70e0-43d4-82a2-e49abd67aeb6", "path": "/srv/fim-watch/gen_00040.txt", "action": "alert_only", "action_failed": false, "event": "decision.evaluated", "level": "info", "timestamp": "2026-09-18T04:24:09.935973Z"}
Sep 18 01:24:09 fim-host fim-agent[33295]: {"event_id": "0cd07c34-70e0-43d4-82a2-e49abd67aeb6", "event": "publisher.event_published", "level": "info", "timestamp": "2026-09-18T04:24:09.944505Z"}
Sep 18 01:24:09 fim-host fim-agent[33295]: {"path": "/srv/fim-watch/gen_00040.txt", "event_type": "file_modified", "event_id": "0cd07c34-70e0-43d4-82a2-e49abd67aeb6", "event": "detector.change_detected", "level": "info", "timestamp": "2026-09-18T04:24:09.949547Z"}
Sep 18 01:24:09 fim-host fim-agent[33295]: {"event_id": "0cd07c34-70e0-43d4-82a2-e49abd67aeb6", "event": "publisher.event_acked", "level": "info", "timestamp": "2026-09-18T04:24:09.954113Z"}
Sep 18 01:24:13 fim-host fim-agent[33295]: {"event_id": "186a24f7-cbf0-475e-a553-aabb11fb15c9", "path": "/srv/fim-watch/gen_00071.txt", "action": "alert_only", "action_failed": false, "event": "decision.evaluated", "level": "info", "timestamp": "2026-09-18T04:24:13.538757Z"}
Sep 18 01:24:13 fim-host fim-agent[33295]: {"event_id": "186a24f7-cbf0-475e-a553-aabb11fb15c9", "event": "publisher.event_published", "level": "info", "timestamp": "2026-09-18T04:24:13.552525Z"}
Sep 18 01:24:13 fim-host fim-agent[33295]: {"path": "/srv/fim-watch/gen_00071.txt", "event_type": "file_modified", "event_id": "186a24f7-cbf0-475e-a553-aabb11fb15c9", "event": "detector.change_detected", "level": "info", "timestamp": "2026-09-18T04:24:13.558407Z"}
Sep 18 01:24:13 fim-host fim-agent[33295]: {"event_id": "186a24f7-cbf0-475e-a553-aabb11fb15c9", "event": "publisher.event_acked", "level": "info", "timestamp": "2026-09-18T04:24:13.563338Z"}
Sep 18 01:24:17 fim-host fim-agent[33295]: {"event_id": "6aca277b-f4dc-4d8c-bae4-145f30b6efc9", "path": "/srv/fim-watch/gen_00014.txt", "action": "alert_only", "action_failed": false, "event": "decision.evaluated", "level": "info", "timestamp": "2026-09-18T04:24:17.131719Z"}
Sep 18 01:24:17 fim-host fim-agent[33295]: {"event_id": "6aca277b-f4dc-4d8c-bae4-145f30b6efc9", "event": "publisher.event_published", "level": "info", "timestamp": "2026-09-18T04:24:17.141253Z"}
Sep 18 01:24:17 fim-host fim-agent[33295]: {"path": "/srv/fim-watch/gen_00014.txt", "event_type": "file_modified", "event_id": "6aca277b-f4dc-4d8c-bae4-145f30b6efc9", "event": "detector.change_detected", "level": "info", "timestamp": "2026-09-18T04:24:17.144560Z"}
Sep 18 01:24:17 fim-host fim-agent[33295]: {"event_id": "6aca277b-f4dc-4d8c-bae4-145f30b6efc9", "event": "publisher.event_acked", "level": "info", "timestamp": "2026-09-18T04:24:17.145739Z"}
Sep 18 01:24:20 fim-host fim-agent[33295]: {"event_id": "c00ea863-392c-4854-8747-1c4e85121dc0", "path": "/srv/fim-watch/critico/gen_00094.txt", "action": "alert_only", "action_failed": false, "event": "decision.evaluated", "level": "info", "timestamp": "2026-09-18T04:24:20.733776Z"}
Sep 18 01:24:20 fim-host fim-agent[33295]: {"event_id": "c00ea863-392c-4854-8747-1c4e85121dc0", "event": "publisher.event_published", "level": "info", "timestamp": "2026-09-18T04:24:20.745751Z"}
Sep 18 01:24:20 fim-host fim-agent[33295]: {"path": "/srv/fim-watch/critico/gen_00094.txt", "event_type": "file_modified", "event_id": "c00ea863-392c-4854-8747-1c4e85121dc0", "event": "detector.change_detected", "level": "info", "timestamp": "2026-09-18T04:24:20.750163Z"}
Sep 18 01:24:20 fim-host fim-agent[33295]: {"event_id": "c00ea863-392c-4854-8747-1c4e85121dc0", "event": "publisher.event_acked", "level": "info", "timestamp": "2026-09-18T04:24:20.751548Z"}
Sep 18 01:24:24 fim-host fim-agent[33295]: {"event_id": "3a6ab830-6970-424b-ae82-c1d8c4d4a635", "path": "/srv/fim-watch/gen_00066.txt", "action": "alert_only", "action_failed": false, "event": "decision.evaluated", "level": "info", "timestamp": "2026-09-18T04:24:24.334219Z"}
Sep 18 01:24:24 fim-host fim-agent[33295]: {"event_id": "3a6ab830-6970-424b-ae82-c1d8c4d4a635", "event": "publisher.event_published", "level": "info", "timestamp": "2026-09-18T04:24:24.344255Z"}
Sep 18 01:24:24 fim-host fim-agent[33295]: {"path": "/srv/fim-watch/gen_00066.txt", "event_type": "file_modified", "event_id": "3a6ab830-6970-424b-ae82-c1d8c4d4a635", "event": "detector.change_detected", "level": "info", "timestamp": "2026-09-18T04:24:24.348640Z"}
Sep 18 01:24:24 fim-host fim-agent[33295]: {"event_id": "3a6ab830-6970-424b-ae82-c1d8c4d4a635", "event": "publisher.event_acked", "level": "info", "timestamp": "2026-09-18T04:24:24.352889Z"}
Sep 18 01:24:27 fim-host fim-agent[33295]: {"event_id": "1a068651-c4c5-4b73-a168-7a582a27a8e2", "path": "/srv/fim-watch/gen_00095.txt", "action": "alert_only", "action_failed": false, "event": "decision.evaluated", "level": "info", "timestamp": "2026-09-18T04:24:27.935392Z"}
Sep 18 01:24:27 fim-host fim-agent[33295]: {"event_id": "1a068651-c4c5-4b73-a168-7a582a27a8e2", "event": "publisher.event_published", "level": "info", "timestamp": "2026-09-18T04:24:27.947372Z"}
Sep 18 01:24:27 fim-host fim-agent[33295]: {"path": "/srv/fim-watch/gen_00095.txt", "event_type": "file_modified", "event_id": "1a068651-c4c5-4b73-a168-7a582a27a8e2", "event": "detector.change_detected", "level": "info", "timestamp": "2026-09-18T04:24:27.951137Z"}
Sep 18 01:24:27 fim-host fim-agent[33295]: {"event_id": "1a068651-c4c5-4b73-a168-7a582a27a8e2", "event": "publisher.event_acked", "level": "info", "timestamp": "2026-09-18T04:24:27.954289Z"}
Sep 18 01:24:31 fim-host fim-agent[33295]: {"event_id": "7c75955e-0cca-4c42-8b7b-e70a1866512d", "path": "/srv/fim-watch/gen_00063.txt", "action": "alert_only", "action_failed": false, "event": "decision.evaluated", "level": "info", "timestamp": "2026-09-18T04:24:31.530914Z"}
Sep 18 01:24:31 fim-host fim-agent[33295]: {"event_id": "7c75955e-0cca-4c42-8b7b-e70a1866512d", "event": "publisher.event_published", "level": "info", "timestamp": "2026-09-18T04:24:31.539258Z"}
Sep 18 01:24:31 fim-host fim-agent[33295]: {"path": "/srv/fim-watch/gen_00063.txt", "event_type": "file_modified", "event_id": "7c75955e-0cca-4c42-8b7b-e70a1866512d", "event": "detector.change_detected", "level": "info", "timestamp": "2026-09-18T04:24:31.544319Z"}
Sep 18 01:24:31 fim-host fim-agent[33295]: {"event_id": "7c75955e-0cca-4c42-8b7b-e70a1866512d", "event": "publisher.event_acked", "level": "info", "timestamp": "2026-09-18T04:24:31.545842Z"}
Sep 18 01:24:35 fim-host fim-agent[33295]: {"event_id": "27620b3e-d3b6-4ca0-85f6-3c95009c65ac", "path": "/srv/fim-watch/gen_00073.txt", "action": "alert_only", "action_failed": false, "event": "decision.evaluated", "level": "info", "timestamp": "2026-09-18T04:24:35.134718Z"}
Sep 18 01:24:35 fim-host fim-agent[33295]: {"event_id": "27620b3e-d3b6-4ca0-85f6-3c95009c65ac", "event": "publisher.event_published", "level": "info", "timestamp": "2026-09-18T04:24:35.144326Z"}
Sep 18 01:24:35 fim-host fim-agent[33295]: {"path": "/srv/fim-watch/gen_00073.txt", "event_type": "file_modified", "event_id": "27620b3e-d3b6-4ca0-85f6-3c95009c65ac", "event": "detector.change_detected", "level": "info", "timestamp": "2026-09-18T04:24:35.148261Z"}
Sep 18 01:24:35 fim-host fim-agent[33295]: {"event_id": "27620b3e-d3b6-4ca0-85f6-3c95009c65ac", "event": "publisher.event_acked", "level": "info", "timestamp": "2026-09-18T04:24:35.153362Z"}
Sep 18 01:24:38 fim-host fim-agent[33295]: {"event_id": "45dc7d2b-2a66-4b22-9ed7-7dce8d7ab9e7", "path": "/srv/fim-watch/critico/gen_00094.txt", "action": "alert_only", "action_failed": false, "event": "decision.evaluated", "level": "info", "timestamp": "2026-09-18T04:24:38.724104Z"}
Sep 18 01:24:38 fim-host fim-agent[33295]: {"event_id": "45dc7d2b-2a66-4b22-9ed7-7dce8d7ab9e7", "event": "publisher.event_published", "level": "info", "timestamp": "2026-09-18T04:24:38.738412Z"}
Sep 18 01:24:38 fim-host fim-agent[33295]: {"path": "/srv/fim-watch/critico/gen_00094.txt", "event_type": "file_deleted", "event_id": "45dc7d2b-2a66-4b22-9ed7-7dce8d7ab9e7", "event": "detector.change_detected", "level": "info", "timestamp": "2026-09-18T04:24:38.744123Z"}
Sep 18 01:24:38 fim-host fim-agent[33295]: {"event_id": "45dc7d2b-2a66-4b22-9ed7-7dce8d7ab9e7", "event": "publisher.event_acked", "level": "info", "timestamp": "2026-09-18T04:24:38.745966Z"}
Sep 18 01:24:42 fim-host fim-agent[33295]: {"event_id": "db598ed2-4e67-4fa4-9cd1-10d0f1905b53", "path": "/srv/fim-watch/gen_00071.txt", "action": "alert_only", "action_failed": false, "event": "decision.evaluated", "level": "info", "timestamp": "2026-09-18T04:24:42.330605Z"}
Sep 18 01:24:42 fim-host fim-agent[33295]: {"event_id": "db598ed2-4e67-4fa4-9cd1-10d0f1905b53", "event": "publisher.event_published", "level": "info", "timestamp": "2026-09-18T04:24:42.337372Z"}
Sep 18 01:24:42 fim-host fim-agent[33295]: {"path": "/srv/fim-watch/gen_00071.txt", "event_type": "file_modified", "event_id": "db598ed2-4e67-4fa4-9cd1-10d0f1905b53", "event": "detector.change_detected", "level": "info", "timestamp": "2026-09-18T04:24:42.340076Z"}
Sep 18 01:24:42 fim-host fim-agent[33295]: {"event_id": "db598ed2-4e67-4fa4-9cd1-10d0f1905b53", "event": "publisher.event_acked", "level": "info", "timestamp": "2026-09-18T04:24:42.342738Z"}
Sep 18 01:24:45 fim-host fim-agent[33295]: {"event_id": "7d8554fc-e64f-4c1b-b372-f5f82bb29d22", "path": "/srv/fim-watch/gen_00092.txt", "action": "alert_only", "action_failed": false, "event": "decision.evaluated", "level": "info", "timestamp": "2026-09-18T04:24:45.931801Z"}
Sep 18 01:24:45 fim-host fim-agent[33295]: {"event_id": "7d8554fc-e64f-4c1b-b372-f5f82bb29d22", "event": "publisher.event_published", "level": "info", "timestamp": "2026-09-18T04:24:45.941902Z"}
Sep 18 01:24:45 fim-host fim-agent[33295]: {"path": "/srv/fim-watch/gen_00092.txt", "event_type": "file_modified", "event_id": "7d8554fc-e64f-4c1b-b372-f5f82bb29d22", "event": "detector.change_detected", "level": "info", "timestamp": "2026-09-18T04:24:45.945704Z"}
Sep 18 01:24:45 fim-host fim-agent[33295]: {"event_id": "7d8554fc-e64f-4c1b-b372-f5f82bb29d22", "event": "publisher.event_acked", "level": "info", "timestamp": "2026-09-18T04:24:45.952791Z"}
Sep 18 01:24:53 fim-host fim-agent[33295]: {"event_id": "99ab3769-cca2-47fa-b7f2-986903ab8fc1", "path": "/srv/fim-watch/gen_00097.txt", "action": "alert_only", "action_failed": false, "event": "decision.evaluated", "level": "info", "timestamp": "2026-09-18T04:24:53.133584Z"}
Sep 18 01:24:53 fim-host fim-agent[33295]: {"event_id": "99ab3769-cca2-47fa-b7f2-986903ab8fc1", "event": "publisher.event_published", "level": "info", "timestamp": "2026-09-18T04:24:53.144719Z"}
Sep 18 01:24:53 fim-host fim-agent[33295]: {"path": "/srv/fim-watch/gen_00097.txt", "event_type": "file_modified", "event_id": "99ab3769-cca2-47fa-b7f2-986903ab8fc1", "event": "detector.change_detected", "level": "info", "timestamp": "2026-09-18T04:24:53.149065Z"}
Sep 18 01:24:53 fim-host fim-agent[33295]: {"event_id": "99ab3769-cca2-47fa-b7f2-986903ab8fc1", "event": "publisher.event_acked", "level": "info", "timestamp": "2026-09-18T04:24:53.155347Z"}
Sep 18 01:24:56 fim-host fim-agent[33295]: {"event_id": "a5bd78c4-70ed-42ec-b7f7-c8c005443b8a", "path": "/srv/fim-watch/gen_00097.txt", "action": "alert_only", "action_failed": false, "event": "decision.evaluated", "level": "info", "timestamp": "2026-09-18T04:24:56.729390Z"}
Sep 18 01:24:56 fim-host fim-agent[33295]: {"event_id": "a5bd78c4-70ed-42ec-b7f7-c8c005443b8a", "event": "publisher.event_published", "level": "info", "timestamp": "2026-09-18T04:24:56.742020Z"}
Sep 18 01:24:56 fim-host fim-agent[33295]: {"path": "/srv/fim-watch/gen_00097.txt", "event_type": "file_deleted", "event_id": "a5bd78c4-70ed-42ec-b7f7-c8c005443b8a", "event": "detector.change_detected", "level": "info", "timestamp": "2026-09-18T04:24:56.746597Z"}
Sep 18 01:24:56 fim-host fim-agent[33295]: {"event_id": "a5bd78c4-70ed-42ec-b7f7-c8c005443b8a", "event": "publisher.event_acked", "level": "info", "timestamp": "2026-09-18T04:24:56.752323Z"}
Sep 18 01:25:07 fim-host fim-agent[33295]: {"event_id": "7e640978-5647-4a75-9895-cdc416abd71c", "path": "/srv/fim-watch/gen_00099.txt", "action": "alert_only", "action_failed": false, "event": "decision.evaluated", "level": "info", "timestamp": "2026-09-18T04:25:07.529091Z"}
Sep 18 01:25:07 fim-host fim-agent[33295]: {"event_id": "7e640978-5647-4a75-9895-cdc416abd71c", "event": "publisher.event_published", "level": "info", "timestamp": "2026-09-18T04:25:07.535891Z"}
Sep 18 01:25:07 fim-host fim-agent[33295]: {"path": "/srv/fim-watch/gen_00099.txt", "event_type": "file_modified", "event_id": "7e640978-5647-4a75-9895-cdc416abd71c", "event": "detector.change_detected", "level": "info", "timestamp": "2026-09-18T04:25:07.538918Z"}
Sep 18 01:25:07 fim-host fim-agent[33295]: {"event_id": "7e640978-5647-4a75-9895-cdc416abd71c", "event": "publisher.event_acked", "level": "info", "timestamp": "2026-09-18T04:25:07.545179Z"}
Sep 18 01:25:11 fim-host fim-agent[33295]: {"event_id": "742a9b8f-ce49-4a9b-89dc-8a6e6c525578", "path": "/srv/fim-watch/gen_00076.txt", "action": "alert_only", "action_failed": false, "event": "decision.evaluated", "level": "info", "timestamp": "2026-09-18T04:25:11.127813Z"}
Sep 18 01:25:11 fim-host fim-agent[33295]: {"event_id": "742a9b8f-ce49-4a9b-89dc-8a6e6c525578", "event": "publisher.event_published", "level": "info", "timestamp": "2026-09-18T04:25:11.135712Z"}
Sep 18 01:25:11 fim-host fim-agent[33295]: {"path": "/srv/fim-watch/gen_00076.txt", "event_type": "file_deleted", "event_id": "742a9b8f-ce49-4a9b-89dc-8a6e6c525578", "event": "detector.change_detected", "level": "info", "timestamp": "2026-09-18T04:25:11.138832Z"}
Sep 18 01:25:11 fim-host fim-agent[33295]: {"event_id": "742a9b8f-ce49-4a9b-89dc-8a6e6c525578", "event": "publisher.event_acked", "level": "info", "timestamp": "2026-09-18T04:25:11.141920Z"}
Sep 18 01:25:14 fim-host fim-agent[33295]: {"event_id": "2b024191-4bfd-4cd8-b385-932a52a88575", "path": "/srv/fim-watch/gen_00078.txt", "action": "alert_only", "action_failed": false, "event": "decision.evaluated", "level": "info", "timestamp": "2026-09-18T04:25:14.734627Z"}
Sep 18 01:25:14 fim-host fim-agent[33295]: {"event_id": "2b024191-4bfd-4cd8-b385-932a52a88575", "event": "publisher.event_published", "level": "info", "timestamp": "2026-09-18T04:25:14.745237Z"}
Sep 18 01:25:14 fim-host fim-agent[33295]: {"path": "/srv/fim-watch/gen_00078.txt", "event_type": "file_modified", "event_id": "2b024191-4bfd-4cd8-b385-932a52a88575", "event": "detector.change_detected", "level": "info", "timestamp": "2026-09-18T04:25:14.750125Z"}
Sep 18 01:25:14 fim-host fim-agent[33295]: {"event_id": "2b024191-4bfd-4cd8-b385-932a52a88575", "event": "publisher.event_acked", "level": "info", "timestamp": "2026-09-18T04:25:14.756213Z"}
Sep 18 01:25:18 fim-host fim-agent[33295]: {"event_id": "706f4bed-6f0c-47af-9dd0-40ea23c852b0", "path": "/srv/fim-watch/gen_00056.txt", "action": "alert_only", "action_failed": false, "event": "decision.evaluated", "level": "info", "timestamp": "2026-09-18T04:25:18.330084Z"}
Sep 18 01:25:18 fim-host fim-agent[33295]: {"event_id": "706f4bed-6f0c-47af-9dd0-40ea23c852b0", "event": "publisher.event_published", "level": "info", "timestamp": "2026-09-18T04:25:18.339823Z"}
Sep 18 01:25:18 fim-host fim-agent[33295]: {"path": "/srv/fim-watch/gen_00056.txt", "event_type": "file_modified", "event_id": "706f4bed-6f0c-47af-9dd0-40ea23c852b0", "event": "detector.change_detected", "level": "info", "timestamp": "2026-09-18T04:25:18.343691Z"}
Sep 18 01:25:18 fim-host fim-agent[33295]: {"event_id": "706f4bed-6f0c-47af-9dd0-40ea23c852b0", "event": "publisher.event_acked", "level": "info", "timestamp": "2026-09-18T04:25:18.350841Z"}
Sep 18 01:25:21 fim-host fim-agent[33295]: {"event_id": "1b4772df-2499-4e98-9a69-5f45c10c8143", "path": "/srv/fim-watch/gen_00100.txt", "action": "alert_only", "action_failed": false, "event": "decision.evaluated", "level": "info", "timestamp": "2026-09-18T04:25:21.927097Z"}
Sep 18 01:25:21 fim-host fim-agent[33295]: {"event_id": "1b4772df-2499-4e98-9a69-5f45c10c8143", "event": "publisher.event_published", "level": "info", "timestamp": "2026-09-18T04:25:21.935017Z"}
Sep 18 01:25:21 fim-host fim-agent[33295]: {"path": "/srv/fim-watch/gen_00100.txt", "event_type": "file_modified", "event_id": "1b4772df-2499-4e98-9a69-5f45c10c8143", "event": "detector.change_detected", "level": "info", "timestamp": "2026-09-18T04:25:21.938203Z"}
Sep 18 01:25:21 fim-host fim-agent[33295]: {"event_id": "1b4772df-2499-4e98-9a69-5f45c10c8143", "event": "publisher.event_acked", "level": "info", "timestamp": "2026-09-18T04:25:21.940469Z"}
Sep 18 01:25:25 fim-host fim-agent[33295]: {"event_id": "94632f83-7f67-4771-9267-2433a60052f7", "path": "/srv/fim-watch/gen_00061.txt", "action": "alert_only", "action_failed": false, "event": "decision.evaluated", "level": "info", "timestamp": "2026-09-18T04:25:25.536371Z"}
Sep 18 01:25:25 fim-host fim-agent[33295]: {"event_id": "94632f83-7f67-4771-9267-2433a60052f7", "event": "publisher.event_published", "level": "info", "timestamp": "2026-09-18T04:25:25.550820Z"}
Sep 18 01:25:25 fim-host fim-agent[33295]: {"path": "/srv/fim-watch/gen_00061.txt", "event_type": "file_modified", "event_id": "94632f83-7f67-4771-9267-2433a60052f7", "event": "detector.change_detected", "level": "info", "timestamp": "2026-09-18T04:25:25.554927Z"}
Sep 18 01:25:25 fim-host fim-agent[33295]: {"event_id": "94632f83-7f67-4771-9267-2433a60052f7", "event": "publisher.event_acked", "level": "info", "timestamp": "2026-09-18T04:25:25.560397Z"}
